ISO-10303-21;
HEADER;
/* Generated by software containing ST-Developer
 * from STEP Tools, Inc. (www.steptools.com) 
 */
/* OPTION: using custom schema-name function */

FILE_DESCRIPTION(
/* description */ (''),
/* implementation_level */ '2;1');

FILE_NAME(
/* name */ '\X2\53F68F6E\X0\.stp',
/* time_stamp */ '2026-05-24T22:57:37+08:00',
/* author */ (''),
/* organization */ (''),
/* preprocessor_version */ 'ST-DEVELOPER v20',
/* originating_system */ 'SIEMENS PLM Software NX2506.1700',
/* authorisation */ '');

FILE_SCHEMA (('AUTOMOTIVE_DESIGN { 1 0 10303 214 3 1 1 1 }'));
ENDSEC;

DATA;
#10=SHAPE_REPRESENTATION_RELATIONSHIP('None',
'relationship between \X2\53F68F6E\X0\-None and \X2\53F68F6E\X0\-None',
#22,#11);
#11=ADVANCED_BREP_SHAPE_REPRESENTATION('\X2\53F68F6E\X0\-None',(#224,#225,
#226,#227,#228,#229,#230,#231,#232),#5605);
#12=SHAPE_DEFINITION_REPRESENTATION(#13,#22);
#13=PRODUCT_DEFINITION_SHAPE('','',#14);
#14=PRODUCT_DEFINITION(' ','',#16,#15);
#15=PRODUCT_DEFINITION_CONTEXT('part definition',#21,'design');
#16=PRODUCT_DEFINITION_FORMATION_WITH_SPECIFIED_SOURCE(' ',' ',#18,
 .NOT_KNOWN.);
#17=PRODUCT_RELATED_PRODUCT_CATEGORY('part','',(#18));
#18=PRODUCT('\X2\53F68F6E\X0\','\X2\53F68F6E\X0\',' ',(#19));
#19=PRODUCT_CONTEXT(' ',#21,'mechanical');
#20=APPLICATION_PROTOCOL_DEFINITION('international standard',
'automotive_design',2010,#21);
#21=APPLICATION_CONTEXT(
'core data for automotive mechanical design processes');
#22=SHAPE_REPRESENTATION('\X2\53F68F6E\X0\-None',(#792),#5605);
#23=B_SPLINE_SURFACE_WITH_KNOTS('',1,3,((#882,#883,#884,#885,#886,#887,
#888,#889,#890,#891),(#892,#893,#894,#895,#896,#897,#898,#899,#900,#901)),
 .UNSPECIFIED.,.F.,.F.,.F.,(2,2),(4,2,2,2,4),(0.,1.),(0.,0.25,0.5,0.75,
1.),.UNSPECIFIED.);
#24=B_SPLINE_SURFACE_WITH_KNOTS('',1,3,((#934,#935,#936,#937,#938,#939,
#940,#941,#942,#943,#944,#945,#946,#947,#948,#949,#950,#951,#952,#953),
(#954,#955,#956,#957,#958,#959,#960,#961,#962,#963,#964,#965,#966,#967,
#968,#969,#970,#971,#972,#973)),.UNSPECIFIED.,.F.,.F.,.F.,(2,2),(4,2,2,
2,2,2,2,2,2,4),(0.,1.),(0.,0.125,0.25,0.375,0.5,0.625,0.75,0.875,0.9375,
1.),.UNSPECIFIED.);
#25=B_SPLINE_SURFACE_WITH_KNOTS('',1,3,((#1035,#1036,#1037,#1038,#1039,
#1040,#1041,#1042,#1043,#1044,#1045,#1046,#1047,#1048,#1049,#1050,#1051,
#1052,#1053,#1054,#1055,#1056,#1057,#1058,#1059,#1060,#1061,#1062,#1063,
#1064,#1065,#1066,#1067,#1068),(#1069,#1070,#1071,#1072,#1073,#1074,#1075,
#1076,#1077,#1078,#1079,#1080,#1081,#1082,#1083,#1084,#1085,#1086,#1087,
#1088,#1089,#1090,#1091,#1092,#1093,#1094,#1095,#1096,#1097,#1098,#1099,
#1100,#1101,#1102)),.UNSPECIFIED.,.F.,.F.,.F.,(2,2),(4,2,2,2,2,2,2,2,2,
2,2,2,2,2,2,2,4),(0.,1.),(0.,0.0625,0.125,0.1875,0.25,0.3125,0.375,0.4375,
0.5,0.5625,0.625,0.6875,0.75,0.8125,0.875,0.9375,1.),.UNSPECIFIED.);
#26=B_SPLINE_SURFACE_WITH_KNOTS('',3,3,((#1103,#1104,#1105,#1106,#1107,
#1108,#1109,#1110,#1111,#1112,#1113,#1114,#1115,#1116,#1117,#1118,#1119,
#1120,#1121,#1122,#1123,#1124,#1125,#1126,#1127),(#1128,#1129,#1130,#1131,
#1132,#1133,#1134,#1135,#1136,#1137,#1138,#1139,#1140,#1141,#1142,#1143,
#1144,#1145,#1146,#1147,#1148,#1149,#1150,#1151,#1152),(#1153,#1154,#1155,
#1156,#1157,#1158,#1159,#1160,#1161,#1162,#1163,#1164,#1165,#1166,#1167,
#1168,#1169,#1170,#1171,#1172,#1173,#1174,#1175,#1176,#1177),(#1178,#1179,
#1180,#1181,#1182,#1183,#1184,#1185,#1186,#1187,#1188,#1189,#1190,#1191,
#1192,#1193,#1194,#1195,#1196,#1197,#1198,#1199,#1200,#1201,#1202),(#1203,
#1204,#1205,#1206,#1207,#1208,#1209,#1210,#1211,#1212,#1213,#1214,#1215,
#1216,#1217,#1218,#1219,#1220,#1221,#1222,#1223,#1224,#1225,#1226,#1227),
(#1228,#1229,#1230,#1231,#1232,#1233,#1234,#1235,#1236,#1237,#1238,#1239,
#1240,#1241,#1242,#1243,#1244,#1245,#1246,#1247,#1248,#1249,#1250,#1251,
#1252),(#1253,#1254,#1255,#1256,#1257,#1258,#1259,#1260,#1261,#1262,#1263,
#1264,#1265,#1266,#1267,#1268,#1269,#1270,#1271,#1272,#1273,#1274,#1275,
#1276,#1277)),.UNSPECIFIED.,.F.,.F.,.F.,(4,3,4),(4,3,3,3,3,3,3,3,4),(0.,
0.5,1.),(0.,0.125,0.25,0.375,0.5,0.625,0.75,0.875,1.),.UNSPECIFIED.);
#27=B_SPLINE_SURFACE_WITH_KNOTS('',3,3,((#1278,#1279,#1280,#1281,#1282,
#1283,#1284,#1285,#1286,#1287,#1288,#1289,#1290,#1291,#1292,#1293,#1294,
#1295,#1296,#1297,#1298,#1299,#1300,#1301,#1302),(#1303,#1304,#1305,#1306,
#1307,#1308,#1309,#1310,#1311,#1312,#1313,#1314,#1315,#1316,#1317,#1318,
#1319,#1320,#1321,#1322,#1323,#1324,#1325,#1326,#1327),(#1328,#1329,#1330,
#1331,#1332,#1333,#1334,#1335,#1336,#1337,#1338,#1339,#1340,#1341,#1342,
#1343,#1344,#1345,#1346,#1347,#1348,#1349,#1350,#1351,#1352),(#1353,#1354,
#1355,#1356,#1357,#1358,#1359,#1360,#1361,#1362,#1363,#1364,#1365,#1366,
#1367,#1368,#1369,#1370,#1371,#1372,#1373,#1374,#1375,#1376,#1377),(#1378,
#1379,#1380,#1381,#1382,#1383,#1384,#1385,#1386,#1387,#1388,#1389,#1390,
#1391,#1392,#1393,#1394,#1395,#1396,#1397,#1398,#1399,#1400,#1401,#1402),
(#1403,#1404,#1405,#1406,#1407,#1408,#1409,#1410,#1411,#1412,#1413,#1414,
#1415,#1416,#1417,#1418,#1419,#1420,#1421,#1422,#1423,#1424,#1425,#1426,
#1427),(#1428,#1429,#1430,#1431,#1432,#1433,#1434,#1435,#1436,#1437,#1438,
#1439,#1440,#1441,#1442,#1443,#1444,#1445,#1446,#1447,#1448,#1449,#1450,
#1451,#1452)),.UNSPECIFIED.,.F.,.F.,.F.,(4,3,4),(4,3,3,3,3,3,3,3,4),(0.,
0.5,1.),(0.,0.125,0.25,0.375,0.5,0.625,0.75,0.875,1.),.UNSPECIFIED.);
#28=B_SPLINE_SURFACE_WITH_KNOTS('',1,3,((#1475,#1476,#1477,#1478,#1479,
#1480,#1481,#1482,#1483,#1484),(#1485,#1486,#1487,#1488,#1489,#1490,#1491,
#1492,#1493,#1494)),.UNSPECIFIED.,.F.,.F.,.F.,(2,2),(4,2,2,2,4),(0.,1.),
(0.,0.25,0.5,0.75,1.),.UNSPECIFIED.);
#29=B_SPLINE_SURFACE_WITH_KNOTS('',1,3,((#1527,#1528,#1529,#1530,#1531,
#1532,#1533,#1534,#1535,#1536,#1537,#1538,#1539,#1540,#1541,#1542,#1543,
#1544,#1545,#1546),(#1547,#1548,#1549,#1550,#1551,#1552,#1553,#1554,#1555,
#1556,#1557,#1558,#1559,#1560,#1561,#1562,#1563,#1564,#1565,#1566)),
 .UNSPECIFIED.,.F.,.F.,.F.,(2,2),(4,2,2,2,2,2,2,2,2,4),(0.,1.),(0.,0.125,
0.25,0.375,0.5,0.625,0.75,0.875,0.9375,1.),.UNSPECIFIED.);
#30=B_SPLINE_SURFACE_WITH_KNOTS('',1,3,((#1628,#1629,#1630,#1631,#1632,
#1633,#1634,#1635,#1636,#1637,#1638,#1639,#1640,#1641,#1642,#1643,#1644,
#1645,#1646,#1647,#1648,#1649,#1650,#1651,#1652,#1653,#1654,#1655,#1656,
#1657,#1658,#1659,#1660,#1661),(#1662,#1663,#1664,#1665,#1666,#1667,#1668,
#1669,#1670,#1671,#1672,#1673,#1674,#1675,#1676,#1677,#1678,#1679,#1680,
#1681,#1682,#1683,#1684,#1685,#1686,#1687,#1688,#1689,#1690,#1691,#1692,
#1693,#1694,#1695)),.UNSPECIFIED.,.F.,.F.,.F.,(2,2),(4,2,2,2,2,2,2,2,2,
2,2,2,2,2,2,2,4),(0.,1.),(0.,0.0625,0.125,0.1875,0.25,0.3125,0.375,0.4375,
0.5,0.5625,0.625,0.6875,0.75,0.8125,0.875,0.9375,1.),.UNSPECIFIED.);
#31=B_SPLINE_SURFACE_WITH_KNOTS('',3,3,((#1696,#1697,#1698,#1699,#1700,
#1701,#1702,#1703,#1704,#1705,#1706,#1707,#1708,#1709,#1710,#1711,#1712,
#1713,#1714,#1715,#1716,#1717,#1718,#1719,#1720),(#1721,#1722,#1723,#1724,
#1725,#1726,#1727,#1728,#1729,#1730,#1731,#1732,#1733,#1734,#1735,#1736,
#1737,#1738,#1739,#1740,#1741,#1742,#1743,#1744,#1745),(#1746,#1747,#1748,
#1749,#1750,#1751,#1752,#1753,#1754,#1755,#1756,#1757,#1758,#1759,#1760,
#1761,#1762,#1763,#1764,#1765,#1766,#1767,#1768,#1769,#1770),(#1771,#1772,
#1773,#1774,#1775,#1776,#1777,#1778,#1779,#1780,#1781,#1782,#1783,#1784,
#1785,#1786,#1787,#1788,#1789,#1790,#1791,#1792,#1793,#1794,#1795),(#1796,
#1797,#1798,#1799,#1800,#1801,#1802,#1803,#1804,#1805,#1806,#1807,#1808,
#1809,#1810,#1811,#1812,#1813,#1814,#1815,#1816,#1817,#1818,#1819,#1820),
(#1821,#1822,#1823,#1824,#1825,#1826,#1827,#1828,#1829,#1830,#1831,#1832,
#1833,#1834,#1835,#1836,#1837,#1838,#1839,#1840,#1841,#1842,#1843,#1844,
#1845),(#1846,#1847,#1848,#1849,#1850,#1851,#1852,#1853,#1854,#1855,#1856,
#1857,#1858,#1859,#1860,#1861,#1862,#1863,#1864,#1865,#1866,#1867,#1868,
#1869,#1870)),.UNSPECIFIED.,.F.,.F.,.F.,(4,3,4),(4,3,3,3,3,3,3,3,4),(0.,
0.5,1.),(0.,0.125,0.25,0.375,0.5,0.625,0.75,0.875,1.),.UNSPECIFIED.);
#32=B_SPLINE_SURFACE_WITH_KNOTS('',3,3,((#1871,#1872,#1873,#1874,#1875,
#1876,#1877,#1878,#1879,#1880,#1881,#1882,#1883,#1884,#1885,#1886,#1887,
#1888,#1889,#1890,#1891,#1892,#1893,#1894,#1895),(#1896,#1897,#1898,#1899,
#1900,#1901,#1902,#1903,#1904,#1905,#1906,#1907,#1908,#1909,#1910,#1911,
#1912,#1913,#1914,#1915,#1916,#1917,#1918,#1919,#1920),(#1921,#1922,#1923,
#1924,#1925,#1926,#1927,#1928,#1929,#1930,#1931,#1932,#1933,#1934,#1935,
#1936,#1937,#1938,#1939,#1940,#1941,#1942,#1943,#1944,#1945),(#1946,#1947,
#1948,#1949,#1950,#1951,#1952,#1953,#1954,#1955,#1956,#1957,#1958,#1959,
#1960,#1961,#1962,#1963,#1964,#1965,#1966,#1967,#1968,#1969,#1970),(#1971,
#1972,#1973,#1974,#1975,#1976,#1977,#1978,#1979,#1980,#1981,#1982,#1983,
#1984,#1985,#1986,#1987,#1988,#1989,#1990,#1991,#1992,#1993,#1994,#1995),
(#1996,#1997,#1998,#1999,#2000,#2001,#2002,#2003,#2004,#2005,#2006,#2007,
#2008,#2009,#2010,#2011,#2012,#2013,#2014,#2015,#2016,#2017,#2018,#2019,
#2020),(#2021,#2022,#2023,#2024,#2025,#2026,#2027,#2028,#2029,#2030,#2031,
#2032,#2033,#2034,#2035,#2036,#2037,#2038,#2039,#2040,#2041,#2042,#2043,
#2044,#2045)),.UNSPECIFIED.,.F.,.F.,.F.,(4,3,4),(4,3,3,3,3,3,3,3,4),(0.,
0.5,1.),(0.,0.125,0.25,0.375,0.5,0.625,0.75,0.875,1.),.UNSPECIFIED.);
#33=B_SPLINE_SURFACE_WITH_KNOTS('',1,3,((#2068,#2069,#2070,#2071,#2072,
#2073,#2074,#2075,#2076,#2077),(#2078,#2079,#2080,#2081,#2082,#2083,#2084,
#2085,#2086,#2087)),.UNSPECIFIED.,.F.,.F.,.F.,(2,2),(4,2,2,2,4),(0.,1.),
(0.,0.25,0.5,0.75,1.),.UNSPECIFIED.);
#34=B_SPLINE_SURFACE_WITH_KNOTS('',1,3,((#2120,#2121,#2122,#2123,#2124,
#2125,#2126,#2127,#2128,#2129,#2130,#2131,#2132,#2133,#2134,#2135,#2136,
#2137,#2138,#2139),(#2140,#2141,#2142,#2143,#2144,#2145,#2146,#2147,#2148,
#2149,#2150,#2151,#2152,#2153,#2154,#2155,#2156,#2157,#2158,#2159)),
 .UNSPECIFIED.,.F.,.F.,.F.,(2,2),(4,2,2,2,2,2,2,2,2,4),(0.,1.),(0.,0.125,
0.25,0.375,0.5,0.625,0.75,0.875,0.9375,1.),.UNSPECIFIED.);
#35=B_SPLINE_SURFACE_WITH_KNOTS('',1,3,((#2221,#2222,#2223,#2224,#2225,
#2226,#2227,#2228,#2229,#2230,#2231,#2232,#2233,#2234,#2235,#2236,#2237,
#2238,#2239,#2240,#2241,#2242,#2243,#2244,#2245,#2246,#2247,#2248,#2249,
#2250,#2251,#2252,#2253,#2254),(#2255,#2256,#2257,#2258,#2259,#2260,#2261,
#2262,#2263,#2264,#2265,#2266,#2267,#2268,#2269,#2270,#2271,#2272,#2273,
#2274,#2275,#2276,#2277,#2278,#2279,#2280,#2281,#2282,#2283,#2284,#2285,
#2286,#2287,#2288)),.UNSPECIFIED.,.F.,.F.,.F.,(2,2),(4,2,2,2,2,2,2,2,2,
2,2,2,2,2,2,2,4),(0.,1.),(0.,0.0625,0.125,0.1875,0.25,0.3125,0.375,0.4375,
0.5,0.5625,0.625,0.6875,0.75,0.8125,0.875,0.9375,1.),.UNSPECIFIED.);
#36=B_SPLINE_SURFACE_WITH_KNOTS('',3,3,((#2289,#2290,#2291,#2292,#2293,
#2294,#2295,#2296,#2297,#2298,#2299,#2300,#2301,#2302,#2303,#2304,#2305,
#2306,#2307,#2308,#2309,#2310,#2311,#2312,#2313),(#2314,#2315,#2316,#2317,
#2318,#2319,#2320,#2321,#2322,#2323,#2324,#2325,#2326,#2327,#2328,#2329,
#2330,#2331,#2332,#2333,#2334,#2335,#2336,#2337,#2338),(#2339,#2340,#2341,
#2342,#2343,#2344,#2345,#2346,#2347,#2348,#2349,#2350,#2351,#2352,#2353,
#2354,#2355,#2356,#2357,#2358,#2359,#2360,#2361,#2362,#2363),(#2364,#2365,
#2366,#2367,#2368,#2369,#2370,#2371,#2372,#2373,#2374,#2375,#2376,#2377,
#2378,#2379,#2380,#2381,#2382,#2383,#2384,#2385,#2386,#2387,#2388),(#2389,
#2390,#2391,#2392,#2393,#2394,#2395,#2396,#2397,#2398,#2399,#2400,#2401,
#2402,#2403,#2404,#2405,#2406,#2407,#2408,#2409,#2410,#2411,#2412,#2413),
(#2414,#2415,#2416,#2417,#2418,#2419,#2420,#2421,#2422,#2423,#2424,#2425,
#2426,#2427,#2428,#2429,#2430,#2431,#2432,#2433,#2434,#2435,#2436,#2437,
#2438),(#2439,#2440,#2441,#2442,#2443,#2444,#2445,#2446,#2447,#2448,#2449,
#2450,#2451,#2452,#2453,#2454,#2455,#2456,#2457,#2458,#2459,#2460,#2461,
#2462,#2463)),.UNSPECIFIED.,.F.,.F.,.F.,(4,3,4),(4,3,3,3,3,3,3,3,4),(0.,
0.5,1.),(0.,0.125,0.25,0.375,0.5,0.625,0.75,0.875,1.),.UNSPECIFIED.);
#37=B_SPLINE_SURFACE_WITH_KNOTS('',3,3,((#2464,#2465,#2466,#2467,#2468,
#2469,#2470,#2471,#2472,#2473,#2474,#2475,#2476,#2477,#2478,#2479,#2480,
#2481,#2482,#2483,#2484,#2485,#2486,#2487,#2488),(#2489,#2490,#2491,#2492,
#2493,#2494,#2495,#2496,#2497,#2498,#2499,#2500,#2501,#2502,#2503,#2504,
#2505,#2506,#2507,#2508,#2509,#2510,#2511,#2512,#2513),(#2514,#2515,#2516,
#2517,#2518,#2519,#2520,#2521,#2522,#2523,#2524,#2525,#2526,#2527,#2528,
#2529,#2530,#2531,#2532,#2533,#2534,#2535,#2536,#2537,#2538),(#2539,#2540,
#2541,#2542,#2543,#2544,#2545,#2546,#2547,#2548,#2549,#2550,#2551,#2552,
#2553,#2554,#2555,#2556,#2557,#2558,#2559,#2560,#2561,#2562,#2563),(#2564,
#2565,#2566,#2567,#2568,#2569,#2570,#2571,#2572,#2573,#2574,#2575,#2576,
#2577,#2578,#2579,#2580,#2581,#2582,#2583,#2584,#2585,#2586,#2587,#2588),
(#2589,#2590,#2591,#2592,#2593,#2594,#2595,#2596,#2597,#2598,#2599,#2600,
#2601,#2602,#2603,#2604,#2605,#2606,#2607,#2608,#2609,#2610,#2611,#2612,
#2613),(#2614,#2615,#2616,#2617,#2618,#2619,#2620,#2621,#2622,#2623,#2624,
#2625,#2626,#2627,#2628,#2629,#2630,#2631,#2632,#2633,#2634,#2635,#2636,
#2637,#2638)),.UNSPECIFIED.,.F.,.F.,.F.,(4,3,4),(4,3,3,3,3,3,3,3,4),(0.,
0.5,1.),(0.,0.125,0.25,0.375,0.5,0.625,0.75,0.875,1.),.UNSPECIFIED.);
#38=B_SPLINE_SURFACE_WITH_KNOTS('',1,3,((#2661,#2662,#2663,#2664,#2665,
#2666,#2667,#2668,#2669,#2670),(#2671,#2672,#2673,#2674,#2675,#2676,#2677,
#2678,#2679,#2680)),.UNSPECIFIED.,.F.,.F.,.F.,(2,2),(4,2,2,2,4),(0.,1.),
(0.,0.25,0.5,0.75,1.),.UNSPECIFIED.);
#39=B_SPLINE_SURFACE_WITH_KNOTS('',1,3,((#2713,#2714,#2715,#2716,#2717,
#2718,#2719,#2720,#2721,#2722,#2723,#2724,#2725,#2726,#2727,#2728,#2729,
#2730,#2731,#2732),(#2733,#2734,#2735,#2736,#2737,#2738,#2739,#2740,#2741,
#2742,#2743,#2744,#2745,#2746,#2747,#2748,#2749,#2750,#2751,#2752)),
 .UNSPECIFIED.,.F.,.F.,.F.,(2,2),(4,2,2,2,2,2,2,2,2,4),(0.,1.),(0.,0.125,
0.25,0.375,0.5,0.625,0.75,0.875,0.9375,1.),.UNSPECIFIED.);
#40=B_SPLINE_SURFACE_WITH_KNOTS('',1,3,((#2814,#2815,#2816,#2817,#2818,
#2819,#2820,#2821,#2822,#2823,#2824,#2825,#2826,#2827,#2828,#2829,#2830,
#2831,#2832,#2833,#2834,#2835,#2836,#2837,#2838,#2839,#2840,#2841,#2842,
#2843,#2844,#2845,#2846,#2847),(#2848,#2849,#2850,#2851,#2852,#2853,#2854,
#2855,#2856,#2857,#2858,#2859,#2860,#2861,#2862,#2863,#2864,#2865,#2866,
#2867,#2868,#2869,#2870,#2871,#2872,#2873,#2874,#2875,#2876,#2877,#2878,
#2879,#2880,#2881)),.UNSPECIFIED.,.F.,.F.,.F.,(2,2),(4,2,2,2,2,2,2,2,2,
2,2,2,2,2,2,2,4),(0.,1.),(0.,0.0625,0.125,0.1875,0.25,0.3125,0.375,0.4375,
0.5,0.5625,0.625,0.6875,0.75,0.8125,0.875,0.9375,1.),.UNSPECIFIED.);
#41=B_SPLINE_SURFACE_WITH_KNOTS('',3,3,((#2882,#2883,#2884,#2885,#2886,
#2887,#2888,#2889,#2890,#2891,#2892,#2893,#2894,#2895,#2896,#2897,#2898,
#2899,#2900,#2901,#2902,#2903,#2904,#2905,#2906),(#2907,#2908,#2909,#2910,
#2911,#2912,#2913,#2914,#2915,#2916,#2917,#2918,#2919,#2920,#2921,#2922,
#2923,#2924,#2925,#2926,#2927,#2928,#2929,#2930,#2931),(#2932,#2933,#2934,
#2935,#2936,#2937,#2938,#2939,#2940,#2941,#2942,#2943,#2944,#2945,#2946,
#2947,#2948,#2949,#2950,#2951,#2952,#2953,#2954,#2955,#2956),(#2957,#2958,
#2959,#2960,#2961,#2962,#2963,#2964,#2965,#2966,#2967,#2968,#2969,#2970,
#2971,#2972,#2973,#2974,#2975,#2976,#2977,#2978,#2979,#2980,#2981),(#2982,
#2983,#2984,#2985,#2986,#2987,#2988,#2989,#2990,#2991,#2992,#2993,#2994,
#2995,#2996,#2997,#2998,#2999,#3000,#3001,#3002,#3003,#3004,#3005,#3006),
(#3007,#3008,#3009,#3010,#3011,#3012,#3013,#3014,#3015,#3016,#3017,#3018,
#3019,#3020,#3021,#3022,#3023,#3024,#3025,#3026,#3027,#3028,#3029,#3030,
#3031),(#3032,#3033,#3034,#3035,#3036,#3037,#3038,#3039,#3040,#3041,#3042,
#3043,#3044,#3045,#3046,#3047,#3048,#3049,#3050,#3051,#3052,#3053,#3054,
#3055,#3056)),.UNSPECIFIED.,.F.,.F.,.F.,(4,3,4),(4,3,3,3,3,3,3,3,4),(0.,
0.5,1.),(0.,0.125,0.25,0.375,0.5,0.625,0.75,0.875,1.),.UNSPECIFIED.);
#42=B_SPLINE_SURFACE_WITH_KNOTS('',3,3,((#3057,#3058,#3059,#3060,#3061,
#3062,#3063,#3064,#3065,#3066,#3067,#3068,#3069,#3070,#3071,#3072,#3073,
#3074,#3075,#3076,#3077,#3078,#3079,#3080,#3081),(#3082,#3083,#3084,#3085,
#3086,#3087,#3088,#3089,#3090,#3091,#3092,#3093,#3094,#3095,#3096,#3097,
#3098,#3099,#3100,#3101,#3102,#3103,#3104,#3105,#3106),(#3107,#3108,#3109,
#3110,#3111,#3112,#3113,#3114,#3115,#3116,#3117,#3118,#3119,#3120,#3121,
#3122,#3123,#3124,#3125,#3126,#3127,#3128,#3129,#3130,#3131),(#3132,#3133,
#3134,#3135,#3136,#3137,#3138,#3139,#3140,#3141,#3142,#3143,#3144,#3145,
#3146,#3147,#3148,#3149,#3150,#3151,#3152,#3153,#3154,#3155,#3156),(#3157,
#3158,#3159,#3160,#3161,#3162,#3163,#3164,#3165,#3166,#3167,#3168,#3169,
#3170,#3171,#3172,#3173,#3174,#3175,#3176,#3177,#3178,#3179,#3180,#3181),
(#3182,#3183,#3184,#3185,#3186,#3187,#3188,#3189,#3190,#3191,#3192,#3193,
#3194,#3195,#3196,#3197,#3198,#3199,#3200,#3201,#3202,#3203,#3204,#3205,
#3206),(#3207,#3208,#3209,#3210,#3211,#3212,#3213,#3214,#3215,#3216,#3217,
#3218,#3219,#3220,#3221,#3222,#3223,#3224,#3225,#3226,#3227,#3228,#3229,
#3230,#3231)),.UNSPECIFIED.,.F.,.F.,.F.,(4,3,4),(4,3,3,3,3,3,3,3,4),(0.,
0.5,1.),(0.,0.125,0.25,0.375,0.5,0.625,0.75,0.875,1.),.UNSPECIFIED.);
#43=B_SPLINE_SURFACE_WITH_KNOTS('',1,3,((#3254,#3255,#3256,#3257,#3258,
#3259,#3260,#3261,#3262,#3263),(#3264,#3265,#3266,#3267,#3268,#3269,#3270,
#3271,#3272,#3273)),.UNSPECIFIED.,.F.,.F.,.F.,(2,2),(4,2,2,2,4),(0.,1.),
(0.,0.25,0.5,0.75,1.),.UNSPECIFIED.);
#44=B_SPLINE_SURFACE_WITH_KNOTS('',1,3,((#3306,#3307,#3308,#3309,#3310,
#3311,#3312,#3313,#3314,#3315,#3316,#3317,#3318,#3319,#3320,#3321,#3322,
#3323,#3324,#3325),(#3326,#3327,#3328,#3329,#3330,#3331,#3332,#3333,#3334,
#3335,#3336,#3337,#3338,#3339,#3340,#3341,#3342,#3343,#3344,#3345)),
 .UNSPECIFIED.,.F.,.F.,.F.,(2,2),(4,2,2,2,2,2,2,2,2,4),(0.,1.),(0.,0.125,
0.25,0.375,0.5,0.625,0.75,0.875,0.9375,1.),.UNSPECIFIED.);
#45=B_SPLINE_SURFACE_WITH_KNOTS('',1,3,((#3407,#3408,#3409,#3410,#3411,
#3412,#3413,#3414,#3415,#3416,#3417,#3418,#3419,#3420,#3421,#3422,#3423,
#3424,#3425,#3426,#3427,#3428,#3429,#3430,#3431,#3432,#3433,#3434,#3435,
#3436,#3437,#3438,#3439,#3440),(#3441,#3442,#3443,#3444,#3445,#3446,#3447,
#3448,#3449,#3450,#3451,#3452,#3453,#3454,#3455,#3456,#3457,#3458,#3459,
#3460,#3461,#3462,#3463,#3464,#3465,#3466,#3467,#3468,#3469,#3470,#3471,
#3472,#3473,#3474)),.UNSPECIFIED.,.F.,.F.,.F.,(2,2),(4,2,2,2,2,2,2,2,2,
2,2,2,2,2,2,2,4),(0.,1.),(0.,0.0625,0.125,0.1875,0.25,0.3125,0.375,0.4375,
0.5,0.5625,0.625,0.6875,0.75,0.8125,0.875,0.9375,1.),.UNSPECIFIED.);
#46=B_SPLINE_SURFACE_WITH_KNOTS('',3,3,((#3475,#3476,#3477,#3478,#3479,
#3480,#3481,#3482,#3483,#3484,#3485,#3486,#3487,#3488,#3489,#3490,#3491,
#3492,#3493,#3494,#3495,#3496,#3497,#3498,#3499),(#3500,#3501,#3502,#3503,
#3504,#3505,#3506,#3507,#3508,#3509,#3510,#3511,#3512,#3513,#3514,#3515,
#3516,#3517,#3518,#3519,#3520,#3521,#3522,#3523,#3524),(#3525,#3526,#3527,
#3528,#3529,#3530,#3531,#3532,#3533,#3534,#3535,#3536,#3537,#3538,#3539,
#3540,#3541,#3542,#3543,#3544,#3545,#3546,#3547,#3548,#3549),(#3550,#3551,
#3552,#3553,#3554,#3555,#3556,#3557,#3558,#3559,#3560,#3561,#3562,#3563,
#3564,#3565,#3566,#3567,#3568,#3569,#3570,#3571,#3572,#3573,#3574),(#3575,
#3576,#3577,#3578,#3579,#3580,#3581,#3582,#3583,#3584,#3585,#3586,#3587,
#3588,#3589,#3590,#3591,#3592,#3593,#3594,#3595,#3596,#3597,#3598,#3599),
(#3600,#3601,#3602,#3603,#3604,#3605,#3606,#3607,#3608,#3609,#3610,#3611,
#3612,#3613,#3614,#3615,#3616,#3617,#3618,#3619,#3620,#3621,#3622,#3623,
#3624),(#3625,#3626,#3627,#3628,#3629,#3630,#3631,#3632,#3633,#3634,#3635,
#3636,#3637,#3638,#3639,#3640,#3641,#3642,#3643,#3644,#3645,#3646,#3647,
#3648,#3649)),.UNSPECIFIED.,.F.,.F.,.F.,(4,3,4),(4,3,3,3,3,3,3,3,4),(0.,
0.5,1.),(0.,0.125,0.25,0.375,0.5,0.625,0.75,0.875,1.),.UNSPECIFIED.);
#47=B_SPLINE_SURFACE_WITH_KNOTS('',3,3,((#3650,#3651,#3652,#3653,#3654,
#3655,#3656,#3657,#3658,#3659,#3660,#3661,#3662,#3663,#3664,#3665,#3666,
#3667,#3668,#3669,#3670,#3671,#3672,#3673,#3674),(#3675,#3676,#3677,#3678,
#3679,#3680,#3681,#3682,#3683,#3684,#3685,#3686,#3687,#3688,#3689,#3690,
#3691,#3692,#3693,#3694,#3695,#3696,#3697,#3698,#3699),(#3700,#3701,#3702,
#3703,#3704,#3705,#3706,#3707,#3708,#3709,#3710,#3711,#3712,#3713,#3714,
#3715,#3716,#3717,#3718,#3719,#3720,#3721,#3722,#3723,#3724),(#3725,#3726,
#3727,#3728,#3729,#3730,#3731,#3732,#3733,#3734,#3735,#3736,#3737,#3738,
#3739,#3740,#3741,#3742,#3743,#3744,#3745,#3746,#3747,#3748,#3749),(#3750,
#3751,#3752,#3753,#3754,#3755,#3756,#3757,#3758,#3759,#3760,#3761,#3762,
#3763,#3764,#3765,#3766,#3767,#3768,#3769,#3770,#3771,#3772,#3773,#3774),
(#3775,#3776,#3777,#3778,#3779,#3780,#3781,#3782,#3783,#3784,#3785,#3786,
#3787,#3788,#3789,#3790,#3791,#3792,#3793,#3794,#3795,#3796,#3797,#3798,
#3799),(#3800,#3801,#3802,#3803,#3804,#3805,#3806,#3807,#3808,#3809,#3810,
#3811,#3812,#3813,#3814,#3815,#3816,#3817,#3818,#3819,#3820,#3821,#3822,
#3823,#3824)),.UNSPECIFIED.,.F.,.F.,.F.,(4,3,4),(4,3,3,3,3,3,3,3,4),(0.,
0.5,1.),(0.,0.125,0.25,0.375,0.5,0.625,0.75,0.875,1.),.UNSPECIFIED.);
#48=B_SPLINE_SURFACE_WITH_KNOTS('',1,3,((#3847,#3848,#3849,#3850,#3851,
#3852,#3853,#3854,#3855,#3856),(#3857,#3858,#3859,#3860,#3861,#3862,#3863,
#3864,#3865,#3866)),.UNSPECIFIED.,.F.,.F.,.F.,(2,2),(4,2,2,2,4),(0.,1.),
(0.,0.25,0.5,0.75,1.),.UNSPECIFIED.);
#49=B_SPLINE_SURFACE_WITH_KNOTS('',1,3,((#3899,#3900,#3901,#3902,#3903,
#3904,#3905,#3906,#3907,#3908,#3909,#3910,#3911,#3912,#3913,#3914,#3915,
#3916,#3917,#3918),(#3919,#3920,#3921,#3922,#3923,#3924,#3925,#3926,#3927,
#3928,#3929,#3930,#3931,#3932,#3933,#3934,#3935,#3936,#3937,#3938)),
 .UNSPECIFIED.,.F.,.F.,.F.,(2,2),(4,2,2,2,2,2,2,2,2,4),(0.,1.),(0.,0.125,
0.25,0.375,0.5,0.625,0.75,0.875,0.9375,1.),.UNSPECIFIED.);
#50=B_SPLINE_SURFACE_WITH_KNOTS('',1,3,((#4000,#4001,#4002,#4003,#4004,
#4005,#4006,#4007,#4008,#4009,#4010,#4011,#4012,#4013,#4014,#4015,#4016,
#4017,#4018,#4019,#4020,#4021,#4022,#4023,#4024,#4025,#4026,#4027,#4028,
#4029,#4030,#4031,#4032,#4033),(#4034,#4035,#4036,#4037,#4038,#4039,#4040,
#4041,#4042,#4043,#4044,#4045,#4046,#4047,#4048,#4049,#4050,#4051,#4052,
#4053,#4054,#4055,#4056,#4057,#4058,#4059,#4060,#4061,#4062,#4063,#4064,
#4065,#4066,#4067)),.UNSPECIFIED.,.F.,.F.,.F.,(2,2),(4,2,2,2,2,2,2,2,2,
2,2,2,2,2,2,2,4),(0.,1.),(0.,0.0625,0.125,0.1875,0.25,0.3125,0.375,0.4375,
0.5,0.5625,0.625,0.6875,0.75,0.8125,0.875,0.9375,1.),.UNSPECIFIED.);
#51=B_SPLINE_SURFACE_WITH_KNOTS('',3,3,((#4068,#4069,#4070,#4071,#4072,
#4073,#4074,#4075,#4076,#4077,#4078,#4079,#4080,#4081,#4082,#4083,#4084,
#4085,#4086,#4087,#4088,#4089,#4090,#4091,#4092),(#4093,#4094,#4095,#4096,
#4097,#4098,#4099,#4100,#4101,#4102,#4103,#4104,#4105,#4106,#4107,#4108,
#4109,#4110,#4111,#4112,#4113,#4114,#4115,#4116,#4117),(#4118,#4119,#4120,
#4121,#4122,#4123,#4124,#4125,#4126,#4127,#4128,#4129,#4130,#4131,#4132,
#4133,#4134,#4135,#4136,#4137,#4138,#4139,#4140,#4141,#4142),(#4143,#4144,
#4145,#4146,#4147,#4148,#4149,#4150,#4151,#4152,#4153,#4154,#4155,#4156,
#4157,#4158,#4159,#4160,#4161,#4162,#4163,#4164,#4165,#4166,#4167),(#4168,
#4169,#4170,#4171,#4172,#4173,#4174,#4175,#4176,#4177,#4178,#4179,#4180,
#4181,#4182,#4183,#4184,#4185,#4186,#4187,#4188,#4189,#4190,#4191,#4192),
(#4193,#4194,#4195,#4196,#4197,#4198,#4199,#4200,#4201,#4202,#4203,#4204,
#4205,#4206,#4207,#4208,#4209,#4210,#4211,#4212,#4213,#4214,#4215,#4216,
#4217),(#4218,#4219,#4220,#4221,#4222,#4223,#4224,#4225,#4226,#4227,#4228,
#4229,#4230,#4231,#4232,#4233,#4234,#4235,#4236,#4237,#4238,#4239,#4240,
#4241,#4242)),.UNSPECIFIED.,.F.,.F.,.F.,(4,3,4),(4,3,3,3,3,3,3,3,4),(0.,
0.5,1.),(0.,0.125,0.25,0.375,0.5,0.625,0.75,0.875,1.),.UNSPECIFIED.);
#52=B_SPLINE_SURFACE_WITH_KNOTS('',3,3,((#4243,#4244,#4245,#4246,#4247,
#4248,#4249,#4250,#4251,#4252,#4253,#4254,#4255,#4256,#4257,#4258,#4259,
#4260,#4261,#4262,#4263,#4264,#4265,#4266,#4267),(#4268,#4269,#4270,#4271,
#4272,#4273,#4274,#4275,#4276,#4277,#4278,#4279,#4280,#4281,#4282,#4283,
#4284,#4285,#4286,#4287,#4288,#4289,#4290,#4291,#4292),(#4293,#4294,#4295,
#4296,#4297,#4298,#4299,#4300,#4301,#4302,#4303,#4304,#4305,#4306,#4307,
#4308,#4309,#4310,#4311,#4312,#4313,#4314,#4315,#4316,#4317),(#4318,#4319,
#4320,#4321,#4322,#4323,#4324,#4325,#4326,#4327,#4328,#4329,#4330,#4331,
#4332,#4333,#4334,#4335,#4336,#4337,#4338,#4339,#4340,#4341,#4342),(#4343,
#4344,#4345,#4346,#4347,#4348,#4349,#4350,#4351,#4352,#4353,#4354,#4355,
#4356,#4357,#4358,#4359,#4360,#4361,#4362,#4363,#4364,#4365,#4366,#4367),
(#4368,#4369,#4370,#4371,#4372,#4373,#4374,#4375,#4376,#4377,#4378,#4379,
#4380,#4381,#4382,#4383,#4384,#4385,#4386,#4387,#4388,#4389,#4390,#4391,
#4392),(#4393,#4394,#4395,#4396,#4397,#4398,#4399,#4400,#4401,#4402,#4403,
#4404,#4405,#4406,#4407,#4408,#4409,#4410,#4411,#4412,#4413,#4414,#4415,
#4416,#4417)),.UNSPECIFIED.,.F.,.F.,.F.,(4,3,4),(4,3,3,3,3,3,3,3,4),(0.,
0.5,1.),(0.,0.125,0.25,0.375,0.5,0.625,0.75,0.875,1.),.UNSPECIFIED.);
#53=B_SPLINE_SURFACE_WITH_KNOTS('',1,3,((#4440,#4441,#4442,#4443,#4444,
#4445,#4446,#4447,#4448,#4449),(#4450,#4451,#4452,#4453,#4454,#4455,#4456,
#4457,#4458,#4459)),.UNSPECIFIED.,.F.,.F.,.F.,(2,2),(4,2,2,2,4),(0.,1.),
(0.,0.25,0.5,0.75,1.),.UNSPECIFIED.);
#54=B_SPLINE_SURFACE_WITH_KNOTS('',1,3,((#4492,#4493,#4494,#4495,#4496,
#4497,#4498,#4499,#4500,#4501,#4502,#4503,#4504,#4505,#4506,#4507,#4508,
#4509,#4510,#4511),(#4512,#4513,#4514,#4515,#4516,#4517,#4518,#4519,#4520,
#4521,#4522,#4523,#4524,#4525,#4526,#4527,#4528,#4529,#4530,#4531)),
 .UNSPECIFIED.,.F.,.F.,.F.,(2,2),(4,2,2,2,2,2,2,2,2,4),(0.,1.),(0.,0.125,
0.25,0.375,0.5,0.625,0.75,0.875,0.9375,1.),.UNSPECIFIED.);
#55=B_SPLINE_SURFACE_WITH_KNOTS('',1,3,((#4593,#4594,#4595,#4596,#4597,
#4598,#4599,#4600,#4601,#4602,#4603,#4604,#4605,#4606,#4607,#4608,#4609,
#4610,#4611,#4612,#4613,#4614,#4615,#4616,#4617,#4618,#4619,#4620,#4621,
#4622,#4623,#4624,#4625,#4626),(#4627,#4628,#4629,#4630,#4631,#4632,#4633,
#4634,#4635,#4636,#4637,#4638,#4639,#4640,#4641,#4642,#4643,#4644,#4645,
#4646,#4647,#4648,#4649,#4650,#4651,#4652,#4653,#4654,#4655,#4656,#4657,
#4658,#4659,#4660)),.UNSPECIFIED.,.F.,.F.,.F.,(2,2),(4,2,2,2,2,2,2,2,2,
2,2,2,2,2,2,2,4),(0.,1.),(0.,0.0625,0.125,0.1875,0.25,0.3125,0.375,0.4375,
0.5,0.5625,0.625,0.6875,0.75,0.8125,0.875,0.9375,1.),.UNSPECIFIED.);
#56=B_SPLINE_SURFACE_WITH_KNOTS('',3,3,((#4661,#4662,#4663,#4664,#4665,
#4666,#4667,#4668,#4669,#4670,#4671,#4672,#4673,#4674,#4675,#4676,#4677,
#4678,#4679,#4680,#4681,#4682,#4683,#4684,#4685),(#4686,#4687,#4688,#4689,
#4690,#4691,#4692,#4693,#4694,#4695,#4696,#4697,#4698,#4699,#4700,#4701,
#4702,#4703,#4704,#4705,#4706,#4707,#4708,#4709,#4710),(#4711,#4712,#4713,
#4714,#4715,#4716,#4717,#4718,#4719,#4720,#4721,#4722,#4723,#4724,#4725,
#4726,#4727,#4728,#4729,#4730,#4731,#4732,#4733,#4734,#4735),(#4736,#4737,
#4738,#4739,#4740,#4741,#4742,#4743,#4744,#4745,#4746,#4747,#4748,#4749,
#4750,#4751,#4752,#4753,#4754,#4755,#4756,#4757,#4758,#4759,#4760),(#4761,
#4762,#4763,#4764,#4765,#4766,#4767,#4768,#4769,#4770,#4771,#4772,#4773,
#4774,#4775,#4776,#4777,#4778,#4779,#4780,#4781,#4782,#4783,#4784,#4785),
(#4786,#4787,#4788,#4789,#4790,#4791,#4792,#4793,#4794,#4795,#4796,#4797,
#4798,#4799,#4800,#4801,#4802,#4803,#4804,#4805,#4806,#4807,#4808,#4809,
#4810),(#4811,#4812,#4813,#4814,#4815,#4816,#4817,#4818,#4819,#4820,#4821,
#4822,#4823,#4824,#4825,#4826,#4827,#4828,#4829,#4830,#4831,#4832,#4833,
#4834,#4835)),.UNSPECIFIED.,.F.,.F.,.F.,(4,3,4),(4,3,3,3,3,3,3,3,4),(0.,
0.5,1.),(0.,0.125,0.25,0.375,0.5,0.625,0.75,0.875,1.),.UNSPECIFIED.);
#57=B_SPLINE_SURFACE_WITH_KNOTS('',3,3,((#4836,#4837,#4838,#4839,#4840,
#4841,#4842,#4843,#4844,#4845,#4846,#4847,#4848,#4849,#4850,#4851,#4852,
#4853,#4854,#4855,#4856,#4857,#4858,#4859,#4860),(#4861,#4862,#4863,#4864,
#4865,#4866,#4867,#4868,#4869,#4870,#4871,#4872,#4873,#4874,#4875,#4876,
#4877,#4878,#4879,#4880,#4881,#4882,#4883,#4884,#4885),(#4886,#4887,#4888,
#4889,#4890,#4891,#4892,#4893,#4894,#4895,#4896,#4897,#4898,#4899,#4900,
#4901,#4902,#4903,#4904,#4905,#4906,#4907,#4908,#4909,#4910),(#4911,#4912,
#4913,#4914,#4915,#4916,#4917,#4918,#4919,#4920,#4921,#4922,#4923,#4924,
#4925,#4926,#4927,#4928,#4929,#4930,#4931,#4932,#4933,#4934,#4935),(#4936,
#4937,#4938,#4939,#4940,#4941,#4942,#4943,#4944,#4945,#4946,#4947,#4948,
#4949,#4950,#4951,#4952,#4953,#4954,#4955,#4956,#4957,#4958,#4959,#4960),
(#4961,#4962,#4963,#4964,#4965,#4966,#4967,#4968,#4969,#4970,#4971,#4972,
#4973,#4974,#4975,#4976,#4977,#4978,#4979,#4980,#4981,#4982,#4983,#4984,
#4985),(#4986,#4987,#4988,#4989,#4990,#4991,#4992,#4993,#4994,#4995,#4996,
#4997,#4998,#4999,#5000,#5001,#5002,#5003,#5004,#5005,#5006,#5007,#5008,
#5009,#5010)),.UNSPECIFIED.,.F.,.F.,.F.,(4,3,4),(4,3,3,3,3,3,3,3,4),(0.,
0.5,1.),(0.,0.125,0.25,0.375,0.5,0.625,0.75,0.875,1.),.UNSPECIFIED.);
#58=B_SPLINE_SURFACE_WITH_KNOTS('',1,3,((#5033,#5034,#5035,#5036,#5037,
#5038,#5039,#5040,#5041,#5042),(#5043,#5044,#5045,#5046,#5047,#5048,#5049,
#5050,#5051,#5052)),.UNSPECIFIED.,.F.,.F.,.F.,(2,2),(4,2,2,2,4),(0.,1.),
(0.,0.25,0.5,0.75,1.),.UNSPECIFIED.);
#59=B_SPLINE_SURFACE_WITH_KNOTS('',1,3,((#5085,#5086,#5087,#5088,#5089,
#5090,#5091,#5092,#5093,#5094,#5095,#5096,#5097,#5098,#5099,#5100,#5101,
#5102,#5103,#5104),(#5105,#5106,#5107,#5108,#5109,#5110,#5111,#5112,#5113,
#5114,#5115,#5116,#5117,#5118,#5119,#5120,#5121,#5122,#5123,#5124)),
 .UNSPECIFIED.,.F.,.F.,.F.,(2,2),(4,2,2,2,2,2,2,2,2,4),(0.,1.),(0.,0.125,
0.25,0.375,0.5,0.625,0.75,0.875,0.9375,1.),.UNSPECIFIED.);
#60=B_SPLINE_SURFACE_WITH_KNOTS('',1,3,((#5186,#5187,#5188,#5189,#5190,
#5191,#5192,#5193,#5194,#5195,#5196,#5197,#5198,#5199,#5200,#5201,#5202,
#5203,#5204,#5205,#5206,#5207,#5208,#5209,#5210,#5211,#5212,#5213,#5214,
#5215,#5216,#5217,#5218,#5219),(#5220,#5221,#5222,#5223,#5224,#5225,#5226,
#5227,#5228,#5229,#5230,#5231,#5232,#5233,#5234,#5235,#5236,#5237,#5238,
#5239,#5240,#5241,#5242,#5243,#5244,#5245,#5246,#5247,#5248,#5249,#5250,
#5251,#5252,#5253)),.UNSPECIFIED.,.F.,.F.,.F.,(2,2),(4,2,2,2,2,2,2,2,2,
2,2,2,2,2,2,2,4),(0.,1.),(0.,0.0625,0.125,0.1875,0.25,0.3125,0.375,0.4375,
0.5,0.5625,0.625,0.6875,0.75,0.8125,0.875,0.9375,1.),.UNSPECIFIED.);
#61=B_SPLINE_SURFACE_WITH_KNOTS('',3,3,((#5254,#5255,#5256,#5257,#5258,
#5259,#5260,#5261,#5262,#5263,#5264,#5265,#5266,#5267,#5268,#5269,#5270,
#5271,#5272,#5273,#5274,#5275,#5276,#5277,#5278),(#5279,#5280,#5281,#5282,
#5283,#5284,#5285,#5286,#5287,#5288,#5289,#5290,#5291,#5292,#5293,#5294,
#5295,#5296,#5297,#5298,#5299,#5300,#5301,#5302,#5303),(#5304,#5305,#5306,
#5307,#5308,#5309,#5310,#5311,#5312,#5313,#5314,#5315,#5316,#5317,#5318,
#5319,#5320,#5321,#5322,#5323,#5324,#5325,#5326,#5327,#5328),(#5329,#5330,
#5331,#5332,#5333,#5334,#5335,#5336,#5337,#5338,#5339,#5340,#5341,#5342,
#5343,#5344,#5345,#5346,#5347,#5348,#5349,#5350,#5351,#5352,#5353),(#5354,
#5355,#5356,#5357,#5358,#5359,#5360,#5361,#5362,#5363,#5364,#5365,#5366,
#5367,#5368,#5369,#5370,#5371,#5372,#5373,#5374,#5375,#5376,#5377,#5378),
(#5379,#5380,#5381,#5382,#5383,#5384,#5385,#5386,#5387,#5388,#5389,#5390,
#5391,#5392,#5393,#5394,#5395,#5396,#5397,#5398,#5399,#5400,#5401,#5402,
#5403),(#5404,#5405,#5406,#5407,#5408,#5409,#5410,#5411,#5412,#5413,#5414,
#5415,#5416,#5417,#5418,#5419,#5420,#5421,#5422,#5423,#5424,#5425,#5426,
#5427,#5428)),.UNSPECIFIED.,.F.,.F.,.F.,(4,3,4),(4,3,3,3,3,3,3,3,4),(0.,
0.5,1.),(0.,0.125,0.25,0.375,0.5,0.625,0.75,0.875,1.),.UNSPECIFIED.);
#62=B_SPLINE_SURFACE_WITH_KNOTS('',3,3,((#5429,#5430,#5431,#5432,#5433,
#5434,#5435,#5436,#5437,#5438,#5439,#5440,#5441,#5442,#5443,#5444,#5445,
#5446,#5447,#5448,#5449,#5450,#5451,#5452,#5453),(#5454,#5455,#5456,#5457,
#5458,#5459,#5460,#5461,#5462,#5463,#5464,#5465,#5466,#5467,#5468,#5469,
#5470,#5471,#5472,#5473,#5474,#5475,#5476,#5477,#5478),(#5479,#5480,#5481,
#5482,#5483,#5484,#5485,#5486,#5487,#5488,#5489,#5490,#5491,#5492,#5493,
#5494,#5495,#5496,#5497,#5498,#5499,#5500,#5501,#5502,#5503),(#5504,#5505,
#5506,#5507,#5508,#5509,#5510,#5511,#5512,#5513,#5514,#5515,#5516,#5517,
#5518,#5519,#5520,#5521,#5522,#5523,#5524,#5525,#5526,#5527,#5528),(#5529,
#5530,#5531,#5532,#5533,#5534,#5535,#5536,#5537,#5538,#5539,#5540,#5541,
#5542,#5543,#5544,#5545,#5546,#5547,#5548,#5549,#5550,#5551,#5552,#5553),
(#5554,#5555,#5556,#5557,#5558,#5559,#5560,#5561,#5562,#5563,#5564,#5565,
#5566,#5567,#5568,#5569,#5570,#5571,#5572,#5573,#5574,#5575,#5576,#5577,
#5578),(#5579,#5580,#5581,#5582,#5583,#5584,#5585,#5586,#5587,#5588,#5589,
#5590,#5591,#5592,#5593,#5594,#5595,#5596,#5597,#5598,#5599,#5600,#5601,
#5602,#5603)),.UNSPECIFIED.,.F.,.F.,.F.,(4,3,4),(4,3,3,3,3,3,3,3,4),(0.,
0.5,1.),(0.,0.125,0.25,0.375,0.5,0.625,0.75,0.875,1.),.UNSPECIFIED.);
#63=B_SPLINE_CURVE_WITH_KNOTS('',1,(#860,#861),.UNSPECIFIED.,.F.,.F.,(2,
2),(0.,1.),.UNSPECIFIED.);
#64=B_SPLINE_CURVE_WITH_KNOTS('',3,(#864,#865,#866,#867,#868,#869,#870,
#871,#872,#873),.UNSPECIFIED.,.F.,.F.,(4,2,2,2,4),(0.,0.25,0.5,0.75,1.),
 .UNSPECIFIED.);
#65=B_SPLINE_CURVE_WITH_KNOTS('',1,(#875,#876),.UNSPECIFIED.,.F.,.F.,(2,
2),(0.,1.),.UNSPECIFIED.);
#66=B_SPLINE_CURVE_WITH_KNOTS('',3,(#878,#879,#880,#881),.UNSPECIFIED.,
 .F.,.F.,(4,4),(0.,1.),.UNSPECIFIED.);
#67=B_SPLINE_CURVE_WITH_KNOTS('',3,(#902,#903,#904,#905,#906,#907,#908,
#909,#910,#911,#912,#913,#914,#915,#916,#917,#918,#919,#920,#921),
 .UNSPECIFIED.,.F.,.F.,(4,2,2,2,2,2,2,2,2,4),(0.,0.0625,0.125,0.25,0.375,
0.5,0.625,0.75,0.875,1.),.UNSPECIFIED.);
#68=B_SPLINE_CURVE_WITH_KNOTS('',1,(#923,#924),.UNSPECIFIED.,.F.,.F.,(2,
2),(0.,1.),.UNSPECIFIED.);
#69=B_SPLINE_CURVE_WITH_KNOTS('',3,(#926,#927,#928,#929,#930,#931,#932,
#933),.UNSPECIFIED.,.F.,.F.,(4,2,2,4),(0.,0.25,0.5,1.),.UNSPECIFIED.);
#70=B_SPLINE_CURVE_WITH_KNOTS('',3,(#974,#975,#976,#977),.UNSPECIFIED.,
 .F.,.F.,(4,4),(0.,1.),.UNSPECIFIED.);
#71=B_SPLINE_CURVE_WITH_KNOTS('',3,(#979,#980,#981,#982),.UNSPECIFIED.,
 .F.,.F.,(4,4),(0.,1.),.UNSPECIFIED.);
#72=B_SPLINE_CURVE_WITH_KNOTS('',3,(#984,#985,#986,#987),.UNSPECIFIED.,
 .F.,.F.,(4,4),(0.,1.),.UNSPECIFIED.);
#73=B_SPLINE_CURVE_WITH_KNOTS('',3,(#989,#990,#991,#992,#993,#994,#995,
#996,#997,#998,#999,#1000,#1001,#1002,#1003,#1004,#1005,#1006,#1007,#1008,
#1009,#1010,#1011,#1012,#1013,#1014,#1015,#1016,#1017,#1018,#1019,#1020,
#1021,#1022),.UNSPECIFIED.,.F.,.F.,(4,2,2,2,2,2,2,2,2,2,2,2,2,2,2,2,4),
(0.,0.0625,0.125,0.1875,0.25,0.3125,0.375,0.4375,0.5,0.5625,0.625,0.6875,
0.75,0.8125,0.875,0.9375,1.),.UNSPECIFIED.);
#74=B_SPLINE_CURVE_WITH_KNOTS('',3,(#1023,#1024,#1025,#1026,#1027,#1028,
#1029,#1030,#1031,#1032,#1033,#1034),.UNSPECIFIED.,.F.,.F.,(4,2,2,2,2,4),
(0.,0.125,0.25,0.5,0.75,1.),.UNSPECIFIED.);
#75=B_SPLINE_CURVE_WITH_KNOTS('',1,(#1453,#1454),.UNSPECIFIED.,.F.,.F.,
(2,2),(0.,1.),.UNSPECIFIED.);
#76=B_SPLINE_CURVE_WITH_KNOTS('',3,(#1457,#1458,#1459,#1460,#1461,#1462,
#1463,#1464,#1465,#1466),.UNSPECIFIED.,.F.,.F.,(4,2,2,2,4),(0.,0.25,0.5,
0.75,1.),.UNSPECIFIED.);
#77=B_SPLINE_CURVE_WITH_KNOTS('',1,(#1468,#1469),.UNSPECIFIED.,.F.,.F.,
(2,2),(0.,1.),.UNSPECIFIED.);
#78=B_SPLINE_CURVE_WITH_KNOTS('',3,(#1471,#1472,#1473,#1474),
 .UNSPECIFIED.,.F.,.F.,(4,4),(0.,1.),.UNSPECIFIED.);
#79=B_SPLINE_CURVE_WITH_KNOTS('',3,(#1495,#1496,#1497,#1498,#1499,#1500,
#1501,#1502,#1503,#1504,#1505,#1506,#1507,#1508,#1509,#1510,#1511,#1512,
#1513,#1514),.UNSPECIFIED.,.F.,.F.,(4,2,2,2,2,2,2,2,2,4),(0.,0.0625,0.125,
0.25,0.375,0.5,0.625,0.75,0.875,1.),.UNSPECIFIED.);
#80=B_SPLINE_CURVE_WITH_KNOTS('',1,(#1516,#1517),.UNSPECIFIED.,.F.,.F.,
(2,2),(0.,1.),.UNSPECIFIED.);
#81=B_SPLINE_CURVE_WITH_KNOTS('',3,(#1519,#1520,#1521,#1522,#1523,#1524,
#1525,#1526),.UNSPECIFIED.,.F.,.F.,(4,2,2,4),(0.,0.25,0.5,1.),
 .UNSPECIFIED.);
#82=B_SPLINE_CURVE_WITH_KNOTS('',3,(#1567,#1568,#1569,#1570),
 .UNSPECIFIED.,.F.,.F.,(4,4),(0.,1.),.UNSPECIFIED.);
#83=B_SPLINE_CURVE_WITH_KNOTS('',3,(#1572,#1573,#1574,#1575),
 .UNSPECIFIED.,.F.,.F.,(4,4),(0.,1.),.UNSPECIFIED.);
#84=B_SPLINE_CURVE_WITH_KNOTS('',3,(#1577,#1578,#1579,#1580),
 .UNSPECIFIED.,.F.,.F.,(4,4),(0.,1.),.UNSPECIFIED.);
#85=B_SPLINE_CURVE_WITH_KNOTS('',3,(#1582,#1583,#1584,#1585,#1586,#1587,
#1588,#1589,#1590,#1591,#1592,#1593,#1594,#1595,#1596,#1597,#1598,#1599,
#1600,#1601,#1602,#1603,#1604,#1605,#1606,#1607,#1608,#1609,#1610,#1611,
#1612,#1613,#1614,#1615),.UNSPECIFIED.,.F.,.F.,(4,2,2,2,2,2,2,2,2,2,2,2,
2,2,2,2,4),(0.,0.0625,0.125,0.1875,0.25,0.3125,0.375,0.4375,0.5,0.5625,
0.625,0.6875,0.75,0.8125,0.875,0.9375,1.),.UNSPECIFIED.);
#86=B_SPLINE_CURVE_WITH_KNOTS('',3,(#1616,#1617,#1618,#1619,#1620,#1621,
#1622,#1623,#1624,#1625,#1626,#1627),.UNSPECIFIED.,.F.,.F.,(4,2,2,2,2,4),
(0.,0.125,0.25,0.5,0.75,1.),.UNSPECIFIED.);
#87=B_SPLINE_CURVE_WITH_KNOTS('',1,(#2046,#2047),.UNSPECIFIED.,.F.,.F.,
(2,2),(0.,1.),.UNSPECIFIED.);
#88=B_SPLINE_CURVE_WITH_KNOTS('',3,(#2050,#2051,#2052,#2053,#2054,#2055,
#2056,#2057,#2058,#2059),.UNSPECIFIED.,.F.,.F.,(4,2,2,2,4),(0.,0.25,0.5,
0.75,1.),.UNSPECIFIED.);
#89=B_SPLINE_CURVE_WITH_KNOTS('',1,(#2061,#2062),.UNSPECIFIED.,.F.,.F.,
(2,2),(0.,1.),.UNSPECIFIED.);
#90=B_SPLINE_CURVE_WITH_KNOTS('',3,(#2064,#2065,#2066,#2067),
 .UNSPECIFIED.,.F.,.F.,(4,4),(0.,1.),.UNSPECIFIED.);
#91=B_SPLINE_CURVE_WITH_KNOTS('',3,(#2088,#2089,#2090,#2091,#2092,#2093,
#2094,#2095,#2096,#2097,#2098,#2099,#2100,#2101,#2102,#2103,#2104,#2105,
#2106,#2107),.UNSPECIFIED.,.F.,.F.,(4,2,2,2,2,2,2,2,2,4),(0.,0.0625,0.125,
0.25,0.375,0.5,0.625,0.75,0.875,1.),.UNSPECIFIED.);
#92=B_SPLINE_CURVE_WITH_KNOTS('',1,(#2109,#2110),.UNSPECIFIED.,.F.,.F.,
(2,2),(0.,1.),.UNSPECIFIED.);
#93=B_SPLINE_CURVE_WITH_KNOTS('',3,(#2112,#2113,#2114,#2115,#2116,#2117,
#2118,#2119),.UNSPECIFIED.,.F.,.F.,(4,2,2,4),(0.,0.25,0.5,1.),
 .UNSPECIFIED.);
#94=B_SPLINE_CURVE_WITH_KNOTS('',3,(#2160,#2161,#2162,#2163),
 .UNSPECIFIED.,.F.,.F.,(4,4),(0.,1.),.UNSPECIFIED.);
#95=B_SPLINE_CURVE_WITH_KNOTS('',3,(#2165,#2166,#2167,#2168),
 .UNSPECIFIED.,.F.,.F.,(4,4),(0.,1.),.UNSPECIFIED.);
#96=B_SPLINE_CURVE_WITH_KNOTS('',3,(#2170,#2171,#2172,#2173),
 .UNSPECIFIED.,.F.,.F.,(4,4),(0.,1.),.UNSPECIFIED.);
#97=B_SPLINE_CURVE_WITH_KNOTS('',3,(#2175,#2176,#2177,#2178,#2179,#2180,
#2181,#2182,#2183,#2184,#2185,#2186,#2187,#2188,#2189,#2190,#2191,#2192,
#2193,#2194,#2195,#2196,#2197,#2198,#2199,#2200,#2201,#2202,#2203,#2204,
#2205,#2206,#2207,#2208),.UNSPECIFIED.,.F.,.F.,(4,2,2,2,2,2,2,2,2,2,2,2,
2,2,2,2,4),(0.,0.0625,0.125,0.1875,0.25,0.3125,0.375,0.4375,0.5,0.5625,
0.625,0.6875,0.75,0.8125,0.875,0.9375,1.),.UNSPECIFIED.);
#98=B_SPLINE_CURVE_WITH_KNOTS('',3,(#2209,#2210,#2211,#2212,#2213,#2214,
#2215,#2216,#2217,#2218,#2219,#2220),.UNSPECIFIED.,.F.,.F.,(4,2,2,2,2,4),
(0.,0.125,0.25,0.5,0.75,1.),.UNSPECIFIED.);
#99=B_SPLINE_CURVE_WITH_KNOTS('',1,(#2639,#2640),.UNSPECIFIED.,.F.,.F.,
(2,2),(0.,1.),.UNSPECIFIED.);
#100=B_SPLINE_CURVE_WITH_KNOTS('',3,(#2643,#2644,#2645,#2646,#2647,#2648,
#2649,#2650,#2651,#2652),.UNSPECIFIED.,.F.,.F.,(4,2,2,2,4),(0.,0.25,0.5,
0.75,1.),.UNSPECIFIED.);
#101=B_SPLINE_CURVE_WITH_KNOTS('',1,(#2654,#2655),.UNSPECIFIED.,.F.,.F.,
(2,2),(0.,1.),.UNSPECIFIED.);
#102=B_SPLINE_CURVE_WITH_KNOTS('',3,(#2657,#2658,#2659,#2660),
 .UNSPECIFIED.,.F.,.F.,(4,4),(0.,1.),.UNSPECIFIED.);
#103=B_SPLINE_CURVE_WITH_KNOTS('',3,(#2681,#2682,#2683,#2684,#2685,#2686,
#2687,#2688,#2689,#2690,#2691,#2692,#2693,#2694,#2695,#2696,#2697,#2698,
#2699,#2700),.UNSPECIFIED.,.F.,.F.,(4,2,2,2,2,2,2,2,2,4),(0.,0.0625,0.125,
0.25,0.375,0.5,0.625,0.75,0.875,1.),.UNSPECIFIED.);
#104=B_SPLINE_CURVE_WITH_KNOTS('',1,(#2702,#2703),.UNSPECIFIED.,.F.,.F.,
(2,2),(0.,1.),.UNSPECIFIED.);
#105=B_SPLINE_CURVE_WITH_KNOTS('',3,(#2705,#2706,#2707,#2708,#2709,#2710,
#2711,#2712),.UNSPECIFIED.,.F.,.F.,(4,2,2,4),(0.,0.25,0.5,1.),
 .UNSPECIFIED.);
#106=B_SPLINE_CURVE_WITH_KNOTS('',3,(#2753,#2754,#2755,#2756),
 .UNSPECIFIED.,.F.,.F.,(4,4),(0.,1.),.UNSPECIFIED.);
#107=B_SPLINE_CURVE_WITH_KNOTS('',3,(#2758,#2759,#2760,#2761),
 .UNSPECIFIED.,.F.,.F.,(4,4),(0.,1.),.UNSPECIFIED.);
#108=B_SPLINE_CURVE_WITH_KNOTS('',3,(#2763,#2764,#2765,#2766),
 .UNSPECIFIED.,.F.,.F.,(4,4),(0.,1.),.UNSPECIFIED.);
#109=B_SPLINE_CURVE_WITH_KNOTS('',3,(#2768,#2769,#2770,#2771,#2772,#2773,
#2774,#2775,#2776,#2777,#2778,#2779,#2780,#2781,#2782,#2783,#2784,#2785,
#2786,#2787,#2788,#2789,#2790,#2791,#2792,#2793,#2794,#2795,#2796,#2797,
#2798,#2799,#2800,#2801),.UNSPECIFIED.,.F.,.F.,(4,2,2,2,2,2,2,2,2,2,2,2,
2,2,2,2,4),(0.,0.0625,0.125,0.1875,0.25,0.3125,0.375,0.4375,0.5,0.5625,
0.625,0.6875,0.75,0.8125,0.875,0.9375,1.),.UNSPECIFIED.);
#110=B_SPLINE_CURVE_WITH_KNOTS('',3,(#2802,#2803,#2804,#2805,#2806,#2807,
#2808,#2809,#2810,#2811,#2812,#2813),.UNSPECIFIED.,.F.,.F.,(4,2,2,2,2,4),
(0.,0.125,0.25,0.5,0.75,1.),.UNSPECIFIED.);
#111=B_SPLINE_CURVE_WITH_KNOTS('',1,(#3232,#3233),.UNSPECIFIED.,.F.,.F.,
(2,2),(0.,1.),.UNSPECIFIED.);
#112=B_SPLINE_CURVE_WITH_KNOTS('',3,(#3236,#3237,#3238,#3239,#3240,#3241,
#3242,#3243,#3244,#3245),.UNSPECIFIED.,.F.,.F.,(4,2,2,2,4),(0.,0.25,0.5,
0.75,1.),.UNSPECIFIED.);
#113=B_SPLINE_CURVE_WITH_KNOTS('',1,(#3247,#3248),.UNSPECIFIED.,.F.,.F.,
(2,2),(0.,1.),.UNSPECIFIED.);
#114=B_SPLINE_CURVE_WITH_KNOTS('',3,(#3250,#3251,#3252,#3253),
 .UNSPECIFIED.,.F.,.F.,(4,4),(0.,1.),.UNSPECIFIED.);
#115=B_SPLINE_CURVE_WITH_KNOTS('',3,(#3274,#3275,#3276,#3277,#3278,#3279,
#3280,#3281,#3282,#3283,#3284,#3285,#3286,#3287,#3288,#3289,#3290,#3291,
#3292,#3293),.UNSPECIFIED.,.F.,.F.,(4,2,2,2,2,2,2,2,2,4),(0.,0.0625,0.125,
0.25,0.375,0.5,0.625,0.75,0.875,1.),.UNSPECIFIED.);
#116=B_SPLINE_CURVE_WITH_KNOTS('',1,(#3295,#3296),.UNSPECIFIED.,.F.,.F.,
(2,2),(0.,1.),.UNSPECIFIED.);
#117=B_SPLINE_CURVE_WITH_KNOTS('',3,(#3298,#3299,#3300,#3301,#3302,#3303,
#3304,#3305),.UNSPECIFIED.,.F.,.F.,(4,2,2,4),(0.,0.25,0.5,1.),
 .UNSPECIFIED.);
#118=B_SPLINE_CURVE_WITH_KNOTS('',3,(#3346,#3347,#3348,#3349),
 .UNSPECIFIED.,.F.,.F.,(4,4),(0.,1.),.UNSPECIFIED.);
#119=B_SPLINE_CURVE_WITH_KNOTS('',3,(#3351,#3352,#3353,#3354),
 .UNSPECIFIED.,.F.,.F.,(4,4),(0.,1.),.UNSPECIFIED.);
#120=B_SPLINE_CURVE_WITH_KNOTS('',3,(#3356,#3357,#3358,#3359),
 .UNSPECIFIED.,.F.,.F.,(4,4),(0.,1.),.UNSPECIFIED.);
#121=B_SPLINE_CURVE_WITH_KNOTS('',3,(#3361,#3362,#3363,#3364,#3365,#3366,
#3367,#3368,#3369,#3370,#3371,#3372,#3373,#3374,#3375,#3376,#3377,#3378,
#3379,#3380,#3381,#3382,#3383,#3384,#3385,#3386,#3387,#3388,#3389,#3390,
#3391,#3392,#3393,#3394),.UNSPECIFIED.,.F.,.F.,(4,2,2,2,2,2,2,2,2,2,2,2,
2,2,2,2,4),(0.,0.0625,0.125,0.1875,0.25,0.3125,0.375,0.4375,0.5,0.5625,
0.625,0.6875,0.75,0.8125,0.875,0.9375,1.),.UNSPECIFIED.);
#122=B_SPLINE_CURVE_WITH_KNOTS('',3,(#3395,#3396,#3397,#3398,#3399,#3400,
#3401,#3402,#3403,#3404,#3405,#3406),.UNSPECIFIED.,.F.,.F.,(4,2,2,2,2,4),
(0.,0.125,0.25,0.5,0.75,1.),.UNSPECIFIED.);
#123=B_SPLINE_CURVE_WITH_KNOTS('',1,(#3825,#3826),.UNSPECIFIED.,.F.,.F.,
(2,2),(0.,1.),.UNSPECIFIED.);
#124=B_SPLINE_CURVE_WITH_KNOTS('',3,(#3829,#3830,#3831,#3832,#3833,#3834,
#3835,#3836,#3837,#3838),.UNSPECIFIED.,.F.,.F.,(4,2,2,2,4),(0.,0.25,0.5,
0.75,1.),.UNSPECIFIED.);
#125=B_SPLINE_CURVE_WITH_KNOTS('',1,(#3840,#3841),.UNSPECIFIED.,.F.,.F.,
(2,2),(0.,1.),.UNSPECIFIED.);
#126=B_SPLINE_CURVE_WITH_KNOTS('',3,(#3843,#3844,#3845,#3846),
 .UNSPECIFIED.,.F.,.F.,(4,4),(0.,1.),.UNSPECIFIED.);
#127=B_SPLINE_CURVE_WITH_KNOTS('',3,(#3867,#3868,#3869,#3870,#3871,#3872,
#3873,#3874,#3875,#3876,#3877,#3878,#3879,#3880,#3881,#3882,#3883,#3884,
#3885,#3886),.UNSPECIFIED.,.F.,.F.,(4,2,2,2,2,2,2,2,2,4),(0.,0.0625,0.125,
0.25,0.375,0.5,0.625,0.75,0.875,1.),.UNSPECIFIED.);
#128=B_SPLINE_CURVE_WITH_KNOTS('',1,(#3888,#3889),.UNSPECIFIED.,.F.,.F.,
(2,2),(0.,1.),.UNSPECIFIED.);
#129=B_SPLINE_CURVE_WITH_KNOTS('',3,(#3891,#3892,#3893,#3894,#3895,#3896,
#3897,#3898),.UNSPECIFIED.,.F.,.F.,(4,2,2,4),(0.,0.25,0.5,1.),
 .UNSPECIFIED.);
#130=B_SPLINE_CURVE_WITH_KNOTS('',3,(#3939,#3940,#3941,#3942),
 .UNSPECIFIED.,.F.,.F.,(4,4),(0.,1.),.UNSPECIFIED.);
#131=B_SPLINE_CURVE_WITH_KNOTS('',3,(#3944,#3945,#3946,#3947),
 .UNSPECIFIED.,.F.,.F.,(4,4),(0.,1.),.UNSPECIFIED.);
#132=B_SPLINE_CURVE_WITH_KNOTS('',3,(#3949,#3950,#3951,#3952),
 .UNSPECIFIED.,.F.,.F.,(4,4),(0.,1.),.UNSPECIFIED.);
#133=B_SPLINE_CURVE_WITH_KNOTS('',3,(#3954,#3955,#3956,#3957,#3958,#3959,
#3960,#3961,#3962,#3963,#3964,#3965,#3966,#3967,#3968,#3969,#3970,#3971,
#3972,#3973,#3974,#3975,#3976,#3977,#3978,#3979,#3980,#3981,#3982,#3983,
#3984,#3985,#3986,#3987),.UNSPECIFIED.,.F.,.F.,(4,2,2,2,2,2,2,2,2,2,2,2,
2,2,2,2,4),(0.,0.0625,0.125,0.1875,0.25,0.3125,0.375,0.4375,0.5,0.5625,
0.625,0.6875,0.75,0.8125,0.875,0.9375,1.),.UNSPECIFIED.);
#134=B_SPLINE_CURVE_WITH_KNOTS('',3,(#3988,#3989,#3990,#3991,#3992,#3993,
#3994,#3995,#3996,#3997,#3998,#3999),.UNSPECIFIED.,.F.,.F.,(4,2,2,2,2,4),
(0.,0.125,0.25,0.5,0.75,1.),.UNSPECIFIED.);
#135=B_SPLINE_CURVE_WITH_KNOTS('',1,(#4418,#4419),.UNSPECIFIED.,.F.,.F.,
(2,2),(0.,1.),.UNSPECIFIED.);
#136=B_SPLINE_CURVE_WITH_KNOTS('',3,(#4422,#4423,#4424,#4425,#4426,#4427,
#4428,#4429,#4430,#4431),.UNSPECIFIED.,.F.,.F.,(4,2,2,2,4),(0.,0.25,0.5,
0.75,1.),.UNSPECIFIED.);
#137=B_SPLINE_CURVE_WITH_KNOTS('',1,(#4433,#4434),.UNSPECIFIED.,.F.,.F.,
(2,2),(0.,1.),.UNSPECIFIED.);
#138=B_SPLINE_CURVE_WITH_KNOTS('',3,(#4436,#4437,#4438,#4439),
 .UNSPECIFIED.,.F.,.F.,(4,4),(0.,1.),.UNSPECIFIED.);
#139=B_SPLINE_CURVE_WITH_KNOTS('',3,(#4460,#4461,#4462,#4463,#4464,#4465,
#4466,#4467,#4468,#4469,#4470,#4471,#4472,#4473,#4474,#4475,#4476,#4477,
#4478,#4479),.UNSPECIFIED.,.F.,.F.,(4,2,2,2,2,2,2,2,2,4),(0.,0.0625,0.125,
0.25,0.375,0.5,0.625,0.75,0.875,1.),.UNSPECIFIED.);
#140=B_SPLINE_CURVE_WITH_KNOTS('',1,(#4481,#4482),.UNSPECIFIED.,.F.,.F.,
(2,2),(0.,1.),.UNSPECIFIED.);
#141=B_SPLINE_CURVE_WITH_KNOTS('',3,(#4484,#4485,#4486,#4487,#4488,#4489,
#4490,#4491),.UNSPECIFIED.,.F.,.F.,(4,2,2,4),(0.,0.25,0.5,1.),
 .UNSPECIFIED.);
#142=B_SPLINE_CURVE_WITH_KNOTS('',3,(#4532,#4533,#4534,#4535),
 .UNSPECIFIED.,.F.,.F.,(4,4),(0.,1.),.UNSPECIFIED.);
#143=B_SPLINE_CURVE_WITH_KNOTS('',3,(#4537,#4538,#4539,#4540),
 .UNSPECIFIED.,.F.,.F.,(4,4),(0.,1.),.UNSPECIFIED.);
#144=B_SPLINE_CURVE_WITH_KNOTS('',3,(#4542,#4543,#4544,#4545),
 .UNSPECIFIED.,.F.,.F.,(4,4),(0.,1.),.UNSPECIFIED.);
#145=B_SPLINE_CURVE_WITH_KNOTS('',3,(#4547,#4548,#4549,#4550,#4551,#4552,
#4553,#4554,#4555,#4556,#4557,#4558,#4559,#4560,#4561,#4562,#4563,#4564,
#4565,#4566,#4567,#4568,#4569,#4570,#4571,#4572,#4573,#4574,#4575,#4576,
#4577,#4578,#4579,#4580),.UNSPECIFIED.,.F.,.F.,(4,2,2,2,2,2,2,2,2,2,2,2,
2,2,2,2,4),(0.,0.0625,0.125,0.1875,0.25,0.3125,0.375,0.4375,0.5,0.5625,
0.625,0.6875,0.75,0.8125,0.875,0.9375,1.),.UNSPECIFIED.);
#146=B_SPLINE_CURVE_WITH_KNOTS('',3,(#4581,#4582,#4583,#4584,#4585,#4586,
#4587,#4588,#4589,#4590,#4591,#4592),.UNSPECIFIED.,.F.,.F.,(4,2,2,2,2,4),
(0.,0.125,0.25,0.5,0.75,1.),.UNSPECIFIED.);
#147=B_SPLINE_CURVE_WITH_KNOTS('',1,(#5011,#5012),.UNSPECIFIED.,.F.,.F.,
(2,2),(0.,1.),.UNSPECIFIED.);
#148=B_SPLINE_CURVE_WITH_KNOTS('',3,(#5015,#5016,#5017,#5018,#5019,#5020,
#5021,#5022,#5023,#5024),.UNSPECIFIED.,.F.,.F.,(4,2,2,2,4),(0.,0.25,0.5,
0.75,1.),.UNSPECIFIED.);
#149=B_SPLINE_CURVE_WITH_KNOTS('',1,(#5026,#5027),.UNSPECIFIED.,.F.,.F.,
(2,2),(0.,1.),.UNSPECIFIED.);
#150=B_SPLINE_CURVE_WITH_KNOTS('',3,(#5029,#5030,#5031,#5032),
 .UNSPECIFIED.,.F.,.F.,(4,4),(0.,1.),.UNSPECIFIED.);
#151=B_SPLINE_CURVE_WITH_KNOTS('',3,(#5053,#5054,#5055,#5056,#5057,#5058,
#5059,#5060,#5061,#5062,#5063,#5064,#5065,#5066,#5067,#5068,#5069,#5070,
#5071,#5072),.UNSPECIFIED.,.F.,.F.,(4,2,2,2,2,2,2,2,2,4),(0.,0.0625,0.125,
0.25,0.375,0.5,0.625,0.75,0.875,1.),.UNSPECIFIED.);
#152=B_SPLINE_CURVE_WITH_KNOTS('',1,(#5074,#5075),.UNSPECIFIED.,.F.,.F.,
(2,2),(0.,1.),.UNSPECIFIED.);
#153=B_SPLINE_CURVE_WITH_KNOTS('',3,(#5077,#5078,#5079,#5080,#5081,#5082,
#5083,#5084),.UNSPECIFIED.,.F.,.F.,(4,2,2,4),(0.,0.25,0.5,1.),
 .UNSPECIFIED.);
#154=B_SPLINE_CURVE_WITH_KNOTS('',3,(#5125,#5126,#5127,#5128),
 .UNSPECIFIED.,.F.,.F.,(4,4),(0.,1.),.UNSPECIFIED.);
#155=B_SPLINE_CURVE_WITH_KNOTS('',3,(#5130,#5131,#5132,#5133),
 .UNSPECIFIED.,.F.,.F.,(4,4),(0.,1.),.UNSPECIFIED.);
#156=B_SPLINE_CURVE_WITH_KNOTS('',3,(#5135,#5136,#5137,#5138),
 .UNSPECIFIED.,.F.,.F.,(4,4),(0.,1.),.UNSPECIFIED.);
#157=B_SPLINE_CURVE_WITH_KNOTS('',3,(#5140,#5141,#5142,#5143,#5144,#5145,
#5146,#5147,#5148,#5149,#5150,#5151,#5152,#5153,#5154,#5155,#5156,#5157,
#5158,#5159,#5160,#5161,#5162,#5163,#5164,#5165,#5166,#5167,#5168,#5169,
#5170,#5171,#5172,#5173),.UNSPECIFIED.,.F.,.F.,(4,2,2,2,2,2,2,2,2,2,2,2,
2,2,2,2,4),(0.,0.0625,0.125,0.1875,0.25,0.3125,0.375,0.4375,0.5,0.5625,
0.625,0.6875,0.75,0.8125,0.875,0.9375,1.),.UNSPECIFIED.);
#158=B_SPLINE_CURVE_WITH_KNOTS('',3,(#5174,#5175,#5176,#5177,#5178,#5179,
#5180,#5181,#5182,#5183,#5184,#5185),.UNSPECIFIED.,.F.,.F.,(4,2,2,2,2,4),
(0.,0.125,0.25,0.5,0.75,1.),.UNSPECIFIED.);
#159=PRESENTATION_LAYER_ASSIGNMENT('1','Layer 1',(#224,#225,#226,#227,#228,
#229,#230,#231,#232));
#160=STYLED_ITEM('',(#169),#224);
#161=STYLED_ITEM('',(#170),#225);
#162=STYLED_ITEM('',(#171),#226);
#163=STYLED_ITEM('',(#172),#227);
#164=STYLED_ITEM('',(#173),#228);
#165=STYLED_ITEM('',(#174),#229);
#166=STYLED_ITEM('',(#175),#230);
#167=STYLED_ITEM('',(#176),#231);
#168=STYLED_ITEM('',(#177),#232);
#169=PRESENTATION_STYLE_ASSIGNMENT((#178));
#170=PRESENTATION_STYLE_ASSIGNMENT((#179));
#171=PRESENTATION_STYLE_ASSIGNMENT((#180));
#172=PRESENTATION_STYLE_ASSIGNMENT((#181));
#173=PRESENTATION_STYLE_ASSIGNMENT((#182));
#174=PRESENTATION_STYLE_ASSIGNMENT((#183));
#175=PRESENTATION_STYLE_ASSIGNMENT((#184));
#176=PRESENTATION_STYLE_ASSIGNMENT((#185));
#177=PRESENTATION_STYLE_ASSIGNMENT((#186));
#178=SURFACE_STYLE_USAGE(.BOTH.,#187);
#179=SURFACE_STYLE_USAGE(.BOTH.,#188);
#180=SURFACE_STYLE_USAGE(.BOTH.,#189);
#181=SURFACE_STYLE_USAGE(.BOTH.,#190);
#182=SURFACE_STYLE_USAGE(.BOTH.,#191);
#183=SURFACE_STYLE_USAGE(.BOTH.,#192);
#184=SURFACE_STYLE_USAGE(.BOTH.,#193);
#185=SURFACE_STYLE_USAGE(.BOTH.,#194);
#186=SURFACE_STYLE_USAGE(.BOTH.,#195);
#187=SURFACE_SIDE_STYLE('',(#196));
#188=SURFACE_SIDE_STYLE('',(#197));
#189=SURFACE_SIDE_STYLE('',(#198));
#190=SURFACE_SIDE_STYLE('',(#199));
#191=SURFACE_SIDE_STYLE('',(#200));
#192=SURFACE_SIDE_STYLE('',(#201));
#193=SURFACE_SIDE_STYLE('',(#202));
#194=SURFACE_SIDE_STYLE('',(#203));
#195=SURFACE_SIDE_STYLE('',(#204));
#196=SURFACE_STYLE_FILL_AREA(#205);
#197=SURFACE_STYLE_FILL_AREA(#206);
#198=SURFACE_STYLE_FILL_AREA(#207);
#199=SURFACE_STYLE_FILL_AREA(#208);
#200=SURFACE_STYLE_FILL_AREA(#209);
#201=SURFACE_STYLE_FILL_AREA(#210);
#202=SURFACE_STYLE_FILL_AREA(#211);
#203=SURFACE_STYLE_FILL_AREA(#212);
#204=SURFACE_STYLE_FILL_AREA(#213);
#205=FILL_AREA_STYLE('',(#214));
#206=FILL_AREA_STYLE('',(#215));
#207=FILL_AREA_STYLE('',(#216));
#208=FILL_AREA_STYLE('',(#217));
#209=FILL_AREA_STYLE('',(#218));
#210=FILL_AREA_STYLE('',(#219));
#211=FILL_AREA_STYLE('',(#220));
#212=FILL_AREA_STYLE('',(#221));
#213=FILL_AREA_STYLE('',(#222));
#214=FILL_AREA_STYLE_COLOUR('',#223);
#215=FILL_AREA_STYLE_COLOUR('',#223);
#216=FILL_AREA_STYLE_COLOUR('',#223);
#217=FILL_AREA_STYLE_COLOUR('',#223);
#218=FILL_AREA_STYLE_COLOUR('',#223);
#219=FILL_AREA_STYLE_COLOUR('',#223);
#220=FILL_AREA_STYLE_COLOUR('',#223);
#221=FILL_AREA_STYLE_COLOUR('',#223);
#222=FILL_AREA_STYLE_COLOUR('',#223);
#223=COLOUR_RGB('orange',1.,0.6,0.);
#224=MANIFOLD_SOLID_BREP('',#233);
#225=MANIFOLD_SOLID_BREP('',#234);
#226=MANIFOLD_SOLID_BREP('',#235);
#227=MANIFOLD_SOLID_BREP('',#236);
#228=MANIFOLD_SOLID_BREP('',#237);
#229=MANIFOLD_SOLID_BREP('',#238);
#230=MANIFOLD_SOLID_BREP('',#239);
#231=MANIFOLD_SOLID_BREP('',#240);
#232=MANIFOLD_SOLID_BREP('',#241);
#233=CLOSED_SHELL('',(#251,#252,#253,#254,#255));
#234=CLOSED_SHELL('',(#256,#257,#258,#259,#260,#261));
#235=CLOSED_SHELL('',(#262,#263,#264,#265,#266,#267));
#236=CLOSED_SHELL('',(#268,#269,#270,#271,#272,#273));
#237=CLOSED_SHELL('',(#274,#275,#276,#277,#278,#279));
#238=CLOSED_SHELL('',(#280,#281,#282,#283,#284,#285));
#239=CLOSED_SHELL('',(#286,#287,#288,#289,#290,#291));
#240=CLOSED_SHELL('',(#292,#293,#294,#295,#296,#297));
#241=CLOSED_SHELL('',(#298,#299,#300,#301,#302,#303));
#242=TOROIDAL_SURFACE('',#798,52.,40.);
#243=CYLINDRICAL_SURFACE('',#796,52.);
#244=CYLINDRICAL_SURFACE('',#800,12.);
#245=FACE_BOUND('',#365,.T.);
#246=FACE_BOUND('',#366,.T.);
#247=FACE_BOUND('',#367,.T.);
#248=FACE_BOUND('',#368,.T.);
#249=FACE_BOUND('',#369,.T.);
#250=FACE_BOUND('',#370,.T.);
#251=ADVANCED_FACE('',(#314),#304,.T.);
#252=ADVANCED_FACE('',(#245,#246),#243,.T.);
#253=ADVANCED_FACE('',(#247,#248),#242,.F.);
#254=ADVANCED_FACE('',(#249,#250),#244,.T.);
#255=ADVANCED_FACE('',(#315),#305,.T.);
#256=ADVANCED_FACE('',(#316),#23,.F.);
#257=ADVANCED_FACE('',(#317),#24,.F.);
#258=ADVANCED_FACE('',(#318),#306,.T.);
#259=ADVANCED_FACE('',(#319),#25,.T.);
#260=ADVANCED_FACE('',(#320),#26,.T.);
#261=ADVANCED_FACE('',(#321),#27,.T.);
#262=ADVANCED_FACE('',(#322),#28,.F.);
#263=ADVANCED_FACE('',(#323),#29,.F.);
#264=ADVANCED_FACE('',(#324),#307,.T.);
#265=ADVANCED_FACE('',(#325),#30,.T.);
#266=ADVANCED_FACE('',(#326),#31,.T.);
#267=ADVANCED_FACE('',(#327),#32,.T.);
#268=ADVANCED_FACE('',(#328),#33,.F.);
#269=ADVANCED_FACE('',(#329),#34,.F.);
#270=ADVANCED_FACE('',(#330),#308,.T.);
#271=ADVANCED_FACE('',(#331),#35,.T.);
#272=ADVANCED_FACE('',(#332),#36,.T.);
#273=ADVANCED_FACE('',(#333),#37,.T.);
#274=ADVANCED_FACE('',(#334),#38,.F.);
#275=ADVANCED_FACE('',(#335),#39,.F.);
#276=ADVANCED_FACE('',(#336),#309,.T.);
#277=ADVANCED_FACE('',(#337),#40,.T.);
#278=ADVANCED_FACE('',(#338),#41,.T.);
#279=ADVANCED_FACE('',(#339),#42,.T.);
#280=ADVANCED_FACE('',(#340),#43,.F.);
#281=ADVANCED_FACE('',(#341),#44,.F.);
#282=ADVANCED_FACE('',(#342),#310,.T.);
#283=ADVANCED_FACE('',(#343),#45,.T.);
#284=ADVANCED_FACE('',(#344),#46,.T.);
#285=ADVANCED_FACE('',(#345),#47,.T.);
#286=ADVANCED_FACE('',(#346),#48,.F.);
#287=ADVANCED_FACE('',(#347),#49,.F.);
#288=ADVANCED_FACE('',(#348),#311,.T.);
#289=ADVANCED_FACE('',(#349),#50,.T.);
#290=ADVANCED_FACE('',(#350),#51,.T.);
#291=ADVANCED_FACE('',(#351),#52,.T.);
#292=ADVANCED_FACE('',(#352),#53,.F.);
#293=ADVANCED_FACE('',(#353),#54,.F.);
#294=ADVANCED_FACE('',(#354),#312,.T.);
#295=ADVANCED_FACE('',(#355),#55,.T.);
#296=ADVANCED_FACE('',(#356),#56,.T.);
#297=ADVANCED_FACE('',(#357),#57,.T.);
#298=ADVANCED_FACE('',(#358),#58,.F.);
#299=ADVANCED_FACE('',(#359),#59,.F.);
#300=ADVANCED_FACE('',(#360),#313,.T.);
#301=ADVANCED_FACE('',(#361),#60,.T.);
#302=ADVANCED_FACE('',(#362),#61,.T.);
#303=ADVANCED_FACE('',(#363),#62,.T.);
#304=PLANE('',#794);
#305=PLANE('',#801);
#306=PLANE('',#802);
#307=PLANE('',#803);
#308=PLANE('',#804);
#309=PLANE('',#805);
#310=PLANE('',#806);
#311=PLANE('',#807);
#312=PLANE('',#808);
#313=PLANE('',#809);
#314=FACE_OUTER_BOUND('',#364,.T.);
#315=FACE_OUTER_BOUND('',#371,.T.);
#316=FACE_OUTER_BOUND('',#372,.T.);
#317=FACE_OUTER_BOUND('',#373,.T.);
#318=FACE_OUTER_BOUND('',#374,.T.);
#319=FACE_OUTER_BOUND('',#375,.T.);
#320=FACE_OUTER_BOUND('',#376,.T.);
#321=FACE_OUTER_BOUND('',#377,.T.);
#322=FACE_OUTER_BOUND('',#378,.T.);
#323=FACE_OUTER_BOUND('',#379,.T.);
#324=FACE_OUTER_BOUND('',#380,.T.);
#325=FACE_OUTER_BOUND('',#381,.T.);
#326=FACE_OUTER_BOUND('',#382,.T.);
#327=FACE_OUTER_BOUND('',#383,.T.);
#328=FACE_OUTER_BOUND('',#384,.T.);
#329=FACE_OUTER_BOUND('',#385,.T.);
#330=FACE_OUTER_BOUND('',#386,.T.);
#331=FACE_OUTER_BOUND('',#387,.T.);
#332=FACE_OUTER_BOUND('',#388,.T.);
#333=FACE_OUTER_BOUND('',#389,.T.);
#334=FACE_OUTER_BOUND('',#390,.T.);
#335=FACE_OUTER_BOUND('',#391,.T.);
#336=FACE_OUTER_BOUND('',#392,.T.);
#337=FACE_OUTER_BOUND('',#393,.T.);
#338=FACE_OUTER_BOUND('',#394,.T.);
#339=FACE_OUTER_BOUND('',#395,.T.);
#340=FACE_OUTER_BOUND('',#396,.T.);
#341=FACE_OUTER_BOUND('',#397,.T.);
#342=FACE_OUTER_BOUND('',#398,.T.);
#343=FACE_OUTER_BOUND('',#399,.T.);
#344=FACE_OUTER_BOUND('',#400,.T.);
#345=FACE_OUTER_BOUND('',#401,.T.);
#346=FACE_OUTER_BOUND('',#402,.T.);
#347=FACE_OUTER_BOUND('',#403,.T.);
#348=FACE_OUTER_BOUND('',#404,.T.);
#349=FACE_OUTER_BOUND('',#405,.T.);
#350=FACE_OUTER_BOUND('',#406,.T.);
#351=FACE_OUTER_BOUND('',#407,.T.);
#352=FACE_OUTER_BOUND('',#408,.T.);
#353=FACE_OUTER_BOUND('',#409,.T.);
#354=FACE_OUTER_BOUND('',#410,.T.);
#355=FACE_OUTER_BOUND('',#411,.T.);
#356=FACE_OUTER_BOUND('',#412,.T.);
#357=FACE_OUTER_BOUND('',#413,.T.);
#358=FACE_OUTER_BOUND('',#414,.T.);
#359=FACE_OUTER_BOUND('',#415,.T.);
#360=FACE_OUTER_BOUND('',#416,.T.);
#361=FACE_OUTER_BOUND('',#417,.T.);
#362=FACE_OUTER_BOUND('',#418,.T.);
#363=FACE_OUTER_BOUND('',#419,.T.);
#364=EDGE_LOOP('',(#420));
#365=EDGE_LOOP('',(#421));
#366=EDGE_LOOP('',(#422));
#367=EDGE_LOOP('',(#423));
#368=EDGE_LOOP('',(#424));
#369=EDGE_LOOP('',(#425));
#370=EDGE_LOOP('',(#426));
#371=EDGE_LOOP('',(#427));
#372=EDGE_LOOP('',(#428,#429,#430,#431));
#373=EDGE_LOOP('',(#432,#433,#434,#435));
#374=EDGE_LOOP('',(#436,#437,#438,#439));
#375=EDGE_LOOP('',(#440,#441,#442,#443));
#376=EDGE_LOOP('',(#444,#445,#446,#447));
#377=EDGE_LOOP('',(#448,#449,#450,#451));
#378=EDGE_LOOP('',(#452,#453,#454,#455));
#379=EDGE_LOOP('',(#456,#457,#458,#459));
#380=EDGE_LOOP('',(#460,#461,#462,#463));
#381=EDGE_LOOP('',(#464,#465,#466,#467));
#382=EDGE_LOOP('',(#468,#469,#470,#471));
#383=EDGE_LOOP('',(#472,#473,#474,#475));
#384=EDGE_LOOP('',(#476,#477,#478,#479));
#385=EDGE_LOOP('',(#480,#481,#482,#483));
#386=EDGE_LOOP('',(#484,#485,#486,#487));
#387=EDGE_LOOP('',(#488,#489,#490,#491));
#388=EDGE_LOOP('',(#492,#493,#494,#495));
#389=EDGE_LOOP('',(#496,#497,#498,#499));
#390=EDGE_LOOP('',(#500,#501,#502,#503));
#391=EDGE_LOOP('',(#504,#505,#506,#507));
#392=EDGE_LOOP('',(#508,#509,#510,#511));
#393=EDGE_LOOP('',(#512,#513,#514,#515));
#394=EDGE_LOOP('',(#516,#517,#518,#519));
#395=EDGE_LOOP('',(#520,#521,#522,#523));
#396=EDGE_LOOP('',(#524,#525,#526,#527));
#397=EDGE_LOOP('',(#528,#529,#530,#531));
#398=EDGE_LOOP('',(#532,#533,#534,#535));
#399=EDGE_LOOP('',(#536,#537,#538,#539));
#400=EDGE_LOOP('',(#540,#541,#542,#543));
#401=EDGE_LOOP('',(#544,#545,#546,#547));
#402=EDGE_LOOP('',(#548,#549,#550,#551));
#403=EDGE_LOOP('',(#552,#553,#554,#555));
#404=EDGE_LOOP('',(#556,#557,#558,#559));
#405=EDGE_LOOP('',(#560,#561,#562,#563));
#406=EDGE_LOOP('',(#564,#565,#566,#567));
#407=EDGE_LOOP('',(#568,#569,#570,#571));
#408=EDGE_LOOP('',(#572,#573,#574,#575));
#409=EDGE_LOOP('',(#576,#577,#578,#579));
#410=EDGE_LOOP('',(#580,#581,#582,#583));
#411=EDGE_LOOP('',(#584,#585,#586,#587));
#412=EDGE_LOOP('',(#588,#589,#590,#591));
#413=EDGE_LOOP('',(#592,#593,#594,#595));
#414=EDGE_LOOP('',(#596,#597,#598,#599));
#415=EDGE_LOOP('',(#600,#601,#602,#603));
#416=EDGE_LOOP('',(#604,#605,#606,#607));
#417=EDGE_LOOP('',(#608,#609,#610,#611));
#418=EDGE_LOOP('',(#612,#613,#614,#615));
#419=EDGE_LOOP('',(#616,#617,#618,#619));
#420=ORIENTED_EDGE('',*,*,#688,.T.);
#421=ORIENTED_EDGE('',*,*,#689,.T.);
#422=ORIENTED_EDGE('',*,*,#688,.F.);
#423=ORIENTED_EDGE('',*,*,#690,.T.);
#424=ORIENTED_EDGE('',*,*,#689,.F.);
#425=ORIENTED_EDGE('',*,*,#691,.T.);
#426=ORIENTED_EDGE('',*,*,#690,.F.);
#427=ORIENTED_EDGE('',*,*,#691,.F.);
#428=ORIENTED_EDGE('',*,*,#692,.F.);
#429=ORIENTED_EDGE('',*,*,#693,.T.);
#430=ORIENTED_EDGE('',*,*,#694,.T.);
#431=ORIENTED_EDGE('',*,*,#695,.F.);
#432=ORIENTED_EDGE('',*,*,#694,.F.);
#433=ORIENTED_EDGE('',*,*,#696,.T.);
#434=ORIENTED_EDGE('',*,*,#697,.T.);
#435=ORIENTED_EDGE('',*,*,#698,.F.);
#436=ORIENTED_EDGE('',*,*,#697,.F.);
#437=ORIENTED_EDGE('',*,*,#699,.T.);
#438=ORIENTED_EDGE('',*,*,#700,.T.);
#439=ORIENTED_EDGE('',*,*,#701,.F.);
#440=ORIENTED_EDGE('',*,*,#702,.T.);
#441=ORIENTED_EDGE('',*,*,#692,.T.);
#442=ORIENTED_EDGE('',*,*,#703,.F.);
#443=ORIENTED_EDGE('',*,*,#700,.F.);
#444=ORIENTED_EDGE('',*,*,#701,.T.);
#445=ORIENTED_EDGE('',*,*,#703,.T.);
#446=ORIENTED_EDGE('',*,*,#695,.T.);
#447=ORIENTED_EDGE('',*,*,#698,.T.);
#448=ORIENTED_EDGE('',*,*,#699,.F.);
#449=ORIENTED_EDGE('',*,*,#696,.F.);
#450=ORIENTED_EDGE('',*,*,#693,.F.);
#451=ORIENTED_EDGE('',*,*,#702,.F.);
#452=ORIENTED_EDGE('',*,*,#704,.F.);
#453=ORIENTED_EDGE('',*,*,#705,.T.);
#454=ORIENTED_EDGE('',*,*,#706,.T.);
#455=ORIENTED_EDGE('',*,*,#707,.F.);
#456=ORIENTED_EDGE('',*,*,#706,.F.);
#457=ORIENTED_EDGE('',*,*,#708,.T.);
#458=ORIENTED_EDGE('',*,*,#709,.T.);
#459=ORIENTED_EDGE('',*,*,#710,.F.);
#460=ORIENTED_EDGE('',*,*,#709,.F.);
#461=ORIENTED_EDGE('',*,*,#711,.T.);
#462=ORIENTED_EDGE('',*,*,#712,.T.);
#463=ORIENTED_EDGE('',*,*,#713,.F.);
#464=ORIENTED_EDGE('',*,*,#714,.T.);
#465=ORIENTED_EDGE('',*,*,#704,.T.);
#466=ORIENTED_EDGE('',*,*,#715,.F.);
#467=ORIENTED_EDGE('',*,*,#712,.F.);
#468=ORIENTED_EDGE('',*,*,#713,.T.);
#469=ORIENTED_EDGE('',*,*,#715,.T.);
#470=ORIENTED_EDGE('',*,*,#707,.T.);
#471=ORIENTED_EDGE('',*,*,#710,.T.);
#472=ORIENTED_EDGE('',*,*,#711,.F.);
#473=ORIENTED_EDGE('',*,*,#708,.F.);
#474=ORIENTED_EDGE('',*,*,#705,.F.);
#475=ORIENTED_EDGE('',*,*,#714,.F.);
#476=ORIENTED_EDGE('',*,*,#716,.F.);
#477=ORIENTED_EDGE('',*,*,#717,.T.);
#478=ORIENTED_EDGE('',*,*,#718,.T.);
#479=ORIENTED_EDGE('',*,*,#719,.F.);
#480=ORIENTED_EDGE('',*,*,#718,.F.);
#481=ORIENTED_EDGE('',*,*,#720,.T.);
#482=ORIENTED_EDGE('',*,*,#721,.T.);
#483=ORIENTED_EDGE('',*,*,#722,.F.);
#484=ORIENTED_EDGE('',*,*,#721,.F.);
#485=ORIENTED_EDGE('',*,*,#723,.T.);
#486=ORIENTED_EDGE('',*,*,#724,.T.);
#487=ORIENTED_EDGE('',*,*,#725,.F.);
#488=ORIENTED_EDGE('',*,*,#726,.T.);
#489=ORIENTED_EDGE('',*,*,#716,.T.);
#490=ORIENTED_EDGE('',*,*,#727,.F.);
#491=ORIENTED_EDGE('',*,*,#724,.F.);
#492=ORIENTED_EDGE('',*,*,#725,.T.);
#493=ORIENTED_EDGE('',*,*,#727,.T.);
#494=ORIENTED_EDGE('',*,*,#719,.T.);
#495=ORIENTED_EDGE('',*,*,#722,.T.);
#496=ORIENTED_EDGE('',*,*,#723,.F.);
#497=ORIENTED_EDGE('',*,*,#720,.F.);
#498=ORIENTED_EDGE('',*,*,#717,.F.);
#499=ORIENTED_EDGE('',*,*,#726,.F.);
#500=ORIENTED_EDGE('',*,*,#728,.F.);
#501=ORIENTED_EDGE('',*,*,#729,.T.);
#502=ORIENTED_EDGE('',*,*,#730,.T.);
#503=ORIENTED_EDGE('',*,*,#731,.F.);
#504=ORIENTED_EDGE('',*,*,#730,.F.);
#505=ORIENTED_EDGE('',*,*,#732,.T.);
#506=ORIENTED_EDGE('',*,*,#733,.T.);
#507=ORIENTED_EDGE('',*,*,#734,.F.);
#508=ORIENTED_EDGE('',*,*,#733,.F.);
#509=ORIENTED_EDGE('',*,*,#735,.T.);
#510=ORIENTED_EDGE('',*,*,#736,.T.);
#511=ORIENTED_EDGE('',*,*,#737,.F.);
#512=ORIENTED_EDGE('',*,*,#738,.T.);
#513=ORIENTED_EDGE('',*,*,#728,.T.);
#514=ORIENTED_EDGE('',*,*,#739,.F.);
#515=ORIENTED_EDGE('',*,*,#736,.F.);
#516=ORIENTED_EDGE('',*,*,#737,.T.);
#517=ORIENTED_EDGE('',*,*,#739,.T.);
#518=ORIENTED_EDGE('',*,*,#731,.T.);
#519=ORIENTED_EDGE('',*,*,#734,.T.);
#520=ORIENTED_EDGE('',*,*,#735,.F.);
#521=ORIENTED_EDGE('',*,*,#732,.F.);
#522=ORIENTED_EDGE('',*,*,#729,.F.);
#523=ORIENTED_EDGE('',*,*,#738,.F.);
#524=ORIENTED_EDGE('',*,*,#740,.F.);
#525=ORIENTED_EDGE('',*,*,#741,.T.);
#526=ORIENTED_EDGE('',*,*,#742,.T.);
#527=ORIENTED_EDGE('',*,*,#743,.F.);
#528=ORIENTED_EDGE('',*,*,#742,.F.);
#529=ORIENTED_EDGE('',*,*,#744,.T.);
#530=ORIENTED_EDGE('',*,*,#745,.T.);
#531=ORIENTED_EDGE('',*,*,#746,.F.);
#532=ORIENTED_EDGE('',*,*,#745,.F.);
#533=ORIENTED_EDGE('',*,*,#747,.T.);
#534=ORIENTED_EDGE('',*,*,#748,.T.);
#535=ORIENTED_EDGE('',*,*,#749,.F.);
#536=ORIENTED_EDGE('',*,*,#750,.T.);
#537=ORIENTED_EDGE('',*,*,#740,.T.);
#538=ORIENTED_EDGE('',*,*,#751,.F.);
#539=ORIENTED_EDGE('',*,*,#748,.F.);
#540=ORIENTED_EDGE('',*,*,#749,.T.);
#541=ORIENTED_EDGE('',*,*,#751,.T.);
#542=ORIENTED_EDGE('',*,*,#743,.T.);
#543=ORIENTED_EDGE('',*,*,#746,.T.);
#544=ORIENTED_EDGE('',*,*,#747,.F.);
#545=ORIENTED_EDGE('',*,*,#744,.F.);
#546=ORIENTED_EDGE('',*,*,#741,.F.);
#547=ORIENTED_EDGE('',*,*,#750,.F.);
#548=ORIENTED_EDGE('',*,*,#752,.F.);
#549=ORIENTED_EDGE('',*,*,#753,.T.);
#550=ORIENTED_EDGE('',*,*,#754,.T.);
#551=ORIENTED_EDGE('',*,*,#755,.F.);
#552=ORIENTED_EDGE('',*,*,#754,.F.);
#553=ORIENTED_EDGE('',*,*,#756,.T.);
#554=ORIENTED_EDGE('',*,*,#757,.T.);
#555=ORIENTED_EDGE('',*,*,#758,.F.);
#556=ORIENTED_EDGE('',*,*,#757,.F.);
#557=ORIENTED_EDGE('',*,*,#759,.T.);
#558=ORIENTED_EDGE('',*,*,#760,.T.);
#559=ORIENTED_EDGE('',*,*,#761,.F.);
#560=ORIENTED_EDGE('',*,*,#762,.T.);
#561=ORIENTED_EDGE('',*,*,#752,.T.);
#562=ORIENTED_EDGE('',*,*,#763,.F.);
#563=ORIENTED_EDGE('',*,*,#760,.F.);
#564=ORIENTED_EDGE('',*,*,#761,.T.);
#565=ORIENTED_EDGE('',*,*,#763,.T.);
#566=ORIENTED_EDGE('',*,*,#755,.T.);
#567=ORIENTED_EDGE('',*,*,#758,.T.);
#568=ORIENTED_EDGE('',*,*,#759,.F.);
#569=ORIENTED_EDGE('',*,*,#756,.F.);
#570=ORIENTED_EDGE('',*,*,#753,.F.);
#571=ORIENTED_EDGE('',*,*,#762,.F.);
#572=ORIENTED_EDGE('',*,*,#764,.F.);
#573=ORIENTED_EDGE('',*,*,#765,.T.);
#574=ORIENTED_EDGE('',*,*,#766,.T.);
#575=ORIENTED_EDGE('',*,*,#767,.F.);
#576=ORIENTED_EDGE('',*,*,#766,.F.);
#577=ORIENTED_EDGE('',*,*,#768,.T.);
#578=ORIENTED_EDGE('',*,*,#769,.T.);
#579=ORIENTED_EDGE('',*,*,#770,.F.);
#580=ORIENTED_EDGE('',*,*,#769,.F.);
#581=ORIENTED_EDGE('',*,*,#771,.T.);
#582=ORIENTED_EDGE('',*,*,#772,.T.);
#583=ORIENTED_EDGE('',*,*,#773,.F.);
#584=ORIENTED_EDGE('',*,*,#774,.T.);
#585=ORIENTED_EDGE('',*,*,#764,.T.);
#586=ORIENTED_EDGE('',*,*,#775,.F.);
#587=ORIENTED_EDGE('',*,*,#772,.F.);
#588=ORIENTED_EDGE('',*,*,#773,.T.);
#589=ORIENTED_EDGE('',*,*,#775,.T.);
#590=ORIENTED_EDGE('',*,*,#767,.T.);
#591=ORIENTED_EDGE('',*,*,#770,.T.);
#592=ORIENTED_EDGE('',*,*,#771,.F.);
#593=ORIENTED_EDGE('',*,*,#768,.F.);
#594=ORIENTED_EDGE('',*,*,#765,.F.);
#595=ORIENTED_EDGE('',*,*,#774,.F.);
#596=ORIENTED_EDGE('',*,*,#776,.F.);
#597=ORIENTED_EDGE('',*,*,#777,.T.);
#598=ORIENTED_EDGE('',*,*,#778,.T.);
#599=ORIENTED_EDGE('',*,*,#779,.F.);
#600=ORIENTED_EDGE('',*,*,#778,.F.);
#601=ORIENTED_EDGE('',*,*,#780,.T.);
#602=ORIENTED_EDGE('',*,*,#781,.T.);
#603=ORIENTED_EDGE('',*,*,#782,.F.);
#604=ORIENTED_EDGE('',*,*,#781,.F.);
#605=ORIENTED_EDGE('',*,*,#783,.T.);
#606=ORIENTED_EDGE('',*,*,#784,.T.);
#607=ORIENTED_EDGE('',*,*,#785,.F.);
#608=ORIENTED_EDGE('',*,*,#786,.T.);
#609=ORIENTED_EDGE('',*,*,#776,.T.);
#610=ORIENTED_EDGE('',*,*,#787,.F.);
#611=ORIENTED_EDGE('',*,*,#784,.F.);
#612=ORIENTED_EDGE('',*,*,#785,.T.);
#613=ORIENTED_EDGE('',*,*,#787,.T.);
#614=ORIENTED_EDGE('',*,*,#779,.T.);
#615=ORIENTED_EDGE('',*,*,#782,.T.);
#616=ORIENTED_EDGE('',*,*,#783,.F.);
#617=ORIENTED_EDGE('',*,*,#780,.F.);
#618=ORIENTED_EDGE('',*,*,#777,.F.);
#619=ORIENTED_EDGE('',*,*,#786,.F.);
#620=VERTEX_POINT('',#848);
#621=VERTEX_POINT('',#851);
#622=VERTEX_POINT('',#854);
#623=VERTEX_POINT('',#857);
#624=VERTEX_POINT('',#862);
#625=VERTEX_POINT('',#863);
#626=VERTEX_POINT('',#874);
#627=VERTEX_POINT('',#877);
#628=VERTEX_POINT('',#922);
#629=VERTEX_POINT('',#925);
#630=VERTEX_POINT('',#978);
#631=VERTEX_POINT('',#983);
#632=VERTEX_POINT('',#1455);
#633=VERTEX_POINT('',#1456);
#634=VERTEX_POINT('',#1467);
#635=VERTEX_POINT('',#1470);
#636=VERTEX_POINT('',#1515);
#637=VERTEX_POINT('',#1518);
#638=VERTEX_POINT('',#1571);
#639=VERTEX_POINT('',#1576);
#640=VERTEX_POINT('',#2048);
#641=VERTEX_POINT('',#2049);
#642=VERTEX_POINT('',#2060);
#643=VERTEX_POINT('',#2063);
#644=VERTEX_POINT('',#2108);
#645=VERTEX_POINT('',#2111);
#646=VERTEX_POINT('',#2164);
#647=VERTEX_POINT('',#2169);
#648=VERTEX_POINT('',#2641);
#649=VERTEX_POINT('',#2642);
#650=VERTEX_POINT('',#2653);
#651=VERTEX_POINT('',#2656);
#652=VERTEX_POINT('',#2701);
#653=VERTEX_POINT('',#2704);
#654=VERTEX_POINT('',#2757);
#655=VERTEX_POINT('',#2762);
#656=VERTEX_POINT('',#3234);
#657=VERTEX_POINT('',#3235);
#658=VERTEX_POINT('',#3246);
#659=VERTEX_POINT('',#3249);
#660=VERTEX_POINT('',#3294);
#661=VERTEX_POINT('',#3297);
#662=VERTEX_POINT('',#3350);
#663=VERTEX_POINT('',#3355);
#664=VERTEX_POINT('',#3827);
#665=VERTEX_POINT('',#3828);
#666=VERTEX_POINT('',#3839);
#667=VERTEX_POINT('',#3842);
#668=VERTEX_POINT('',#3887);
#669=VERTEX_POINT('',#3890);
#670=VERTEX_POINT('',#3943);
#671=VERTEX_POINT('',#3948);
#672=VERTEX_POINT('',#4420);
#673=VERTEX_POINT('',#4421);
#674=VERTEX_POINT('',#4432);
#675=VERTEX_POINT('',#4435);
#676=VERTEX_POINT('',#4480);
#677=VERTEX_POINT('',#4483);
#678=VERTEX_POINT('',#4536);
#679=VERTEX_POINT('',#4541);
#680=VERTEX_POINT('',#5013);
#681=VERTEX_POINT('',#5014);
#682=VERTEX_POINT('',#5025);
#683=VERTEX_POINT('',#5028);
#684=VERTEX_POINT('',#5073);
#685=VERTEX_POINT('',#5076);
#686=VERTEX_POINT('',#5129);
#687=VERTEX_POINT('',#5134);
#688=EDGE_CURVE('',#620,#620,#788,.T.);
#689=EDGE_CURVE('',#621,#621,#789,.T.);
#690=EDGE_CURVE('',#622,#622,#790,.T.);
#691=EDGE_CURVE('',#623,#623,#791,.T.);
#692=EDGE_CURVE('',#624,#625,#63,.T.);
#693=EDGE_CURVE('',#624,#626,#64,.T.);
#694=EDGE_CURVE('',#626,#627,#65,.T.);
#695=EDGE_CURVE('',#625,#627,#66,.T.);
#696=EDGE_CURVE('',#626,#628,#67,.T.);
#697=EDGE_CURVE('',#628,#629,#68,.T.);
#698=EDGE_CURVE('',#627,#629,#69,.T.);
#699=EDGE_CURVE('',#628,#630,#70,.T.);
#700=EDGE_CURVE('',#630,#631,#71,.T.);
#701=EDGE_CURVE('',#629,#631,#72,.T.);
#702=EDGE_CURVE('',#630,#624,#73,.T.);
#703=EDGE_CURVE('',#631,#625,#74,.T.);
#704=EDGE_CURVE('',#632,#633,#75,.T.);
#705=EDGE_CURVE('',#632,#634,#76,.T.);
#706=EDGE_CURVE('',#634,#635,#77,.T.);
#707=EDGE_CURVE('',#633,#635,#78,.T.);
#708=EDGE_CURVE('',#634,#636,#79,.T.);
#709=EDGE_CURVE('',#636,#637,#80,.T.);
#710=EDGE_CURVE('',#635,#637,#81,.T.);
#711=EDGE_CURVE('',#636,#638,#82,.T.);
#712=EDGE_CURVE('',#638,#639,#83,.T.);
#713=EDGE_CURVE('',#637,#639,#84,.T.);
#714=EDGE_CURVE('',#638,#632,#85,.T.);
#715=EDGE_CURVE('',#639,#633,#86,.T.);
#716=EDGE_CURVE('',#640,#641,#87,.T.);
#717=EDGE_CURVE('',#640,#642,#88,.T.);
#718=EDGE_CURVE('',#642,#643,#89,.T.);
#719=EDGE_CURVE('',#641,#643,#90,.T.);
#720=EDGE_CURVE('',#642,#644,#91,.T.);
#721=EDGE_CURVE('',#644,#645,#92,.T.);
#722=EDGE_CURVE('',#643,#645,#93,.T.);
#723=EDGE_CURVE('',#644,#646,#94,.T.);
#724=EDGE_CURVE('',#646,#647,#95,.T.);
#725=EDGE_CURVE('',#645,#647,#96,.T.);
#726=EDGE_CURVE('',#646,#640,#97,.T.);
#727=EDGE_CURVE('',#647,#641,#98,.T.);
#728=EDGE_CURVE('',#648,#649,#99,.T.);
#729=EDGE_CURVE('',#648,#650,#100,.T.);
#730=EDGE_CURVE('',#650,#651,#101,.T.);
#731=EDGE_CURVE('',#649,#651,#102,.T.);
#732=EDGE_CURVE('',#650,#652,#103,.T.);
#733=EDGE_CURVE('',#652,#653,#104,.T.);
#734=EDGE_CURVE('',#651,#653,#105,.T.);
#735=EDGE_CURVE('',#652,#654,#106,.T.);
#736=EDGE_CURVE('',#654,#655,#107,.T.);
#737=EDGE_CURVE('',#653,#655,#108,.T.);
#738=EDGE_CURVE('',#654,#648,#109,.T.);
#739=EDGE_CURVE('',#655,#649,#110,.T.);
#740=EDGE_CURVE('',#656,#657,#111,.T.);
#741=EDGE_CURVE('',#656,#658,#112,.T.);
#742=EDGE_CURVE('',#658,#659,#113,.T.);
#743=EDGE_CURVE('',#657,#659,#114,.T.);
#744=EDGE_CURVE('',#658,#660,#115,.T.);
#745=EDGE_CURVE('',#660,#661,#116,.T.);
#746=EDGE_CURVE('',#659,#661,#117,.T.);
#747=EDGE_CURVE('',#660,#662,#118,.T.);
#748=EDGE_CURVE('',#662,#663,#119,.T.);
#749=EDGE_CURVE('',#661,#663,#120,.T.);
#750=EDGE_CURVE('',#662,#656,#121,.T.);
#751=EDGE_CURVE('',#663,#657,#122,.T.);
#752=EDGE_CURVE('',#664,#665,#123,.T.);
#753=EDGE_CURVE('',#664,#666,#124,.T.);
#754=EDGE_CURVE('',#666,#667,#125,.T.);
#755=EDGE_CURVE('',#665,#667,#126,.T.);
#756=EDGE_CURVE('',#666,#668,#127,.T.);
#757=EDGE_CURVE('',#668,#669,#128,.T.);
#758=EDGE_CURVE('',#667,#669,#129,.T.);
#759=EDGE_CURVE('',#668,#670,#130,.T.);
#760=EDGE_CURVE('',#670,#671,#131,.T.);
#761=EDGE_CURVE('',#669,#671,#132,.T.);
#762=EDGE_CURVE('',#670,#664,#133,.T.);
#763=EDGE_CURVE('',#671,#665,#134,.T.);
#764=EDGE_CURVE('',#672,#673,#135,.T.);
#765=EDGE_CURVE('',#672,#674,#136,.T.);
#766=EDGE_CURVE('',#674,#675,#137,.T.);
#767=EDGE_CURVE('',#673,#675,#138,.T.);
#768=EDGE_CURVE('',#674,#676,#139,.T.);
#769=EDGE_CURVE('',#676,#677,#140,.T.);
#770=EDGE_CURVE('',#675,#677,#141,.T.);
#771=EDGE_CURVE('',#676,#678,#142,.T.);
#772=EDGE_CURVE('',#678,#679,#143,.T.);
#773=EDGE_CURVE('',#677,#679,#144,.T.);
#774=EDGE_CURVE('',#678,#672,#145,.T.);
#775=EDGE_CURVE('',#679,#673,#146,.T.);
#776=EDGE_CURVE('',#680,#681,#147,.T.);
#777=EDGE_CURVE('',#680,#682,#148,.T.);
#778=EDGE_CURVE('',#682,#683,#149,.T.);
#779=EDGE_CURVE('',#681,#683,#150,.T.);
#780=EDGE_CURVE('',#682,#684,#151,.T.);
#781=EDGE_CURVE('',#684,#685,#152,.T.);
#782=EDGE_CURVE('',#683,#685,#153,.T.);
#783=EDGE_CURVE('',#684,#686,#154,.T.);
#784=EDGE_CURVE('',#686,#687,#155,.T.);
#785=EDGE_CURVE('',#685,#687,#156,.T.);
#786=EDGE_CURVE('',#686,#680,#157,.T.);
#787=EDGE_CURVE('',#687,#681,#158,.T.);
#788=CIRCLE('',#793,52.);
#789=CIRCLE('',#795,52.);
#790=CIRCLE('',#797,12.);
#791=CIRCLE('',#799,12.);
#792=AXIS2_PLACEMENT_3D('',#846,#810,#811);
#793=AXIS2_PLACEMENT_3D('',#847,#812,#813);
#794=AXIS2_PLACEMENT_3D('',#849,#814,#815);
#795=AXIS2_PLACEMENT_3D('',#850,#816,#817);
#796=AXIS2_PLACEMENT_3D('',#852,#818,#819);
#797=AXIS2_PLACEMENT_3D('',#853,#820,#821);
#798=AXIS2_PLACEMENT_3D('',#855,#822,#823);
#799=AXIS2_PLACEMENT_3D('',#856,#824,#825);
#800=AXIS2_PLACEMENT_3D('',#858,#826,#827);
#801=AXIS2_PLACEMENT_3D('',#859,#828,#829);
#802=AXIS2_PLACEMENT_3D('',#988,#830,#831);
#803=AXIS2_PLACEMENT_3D('',#1581,#832,#833);
#804=AXIS2_PLACEMENT_3D('',#2174,#834,#835);
#805=AXIS2_PLACEMENT_3D('',#2767,#836,#837);
#806=AXIS2_PLACEMENT_3D('',#3360,#838,#839);
#807=AXIS2_PLACEMENT_3D('',#3953,#840,#841);
#808=AXIS2_PLACEMENT_3D('',#4546,#842,#843);
#809=AXIS2_PLACEMENT_3D('',#5139,#844,#845);
#810=DIRECTION('',(0.,0.,1.));
#811=DIRECTION('',(1.,0.,0.));
#812=DIRECTION('',(0.,0.,-1.));
#813=DIRECTION('',(-1.,0.,0.));
#814=DIRECTION('',(0.,0.,-1.));
#815=DIRECTION('',(-1.,0.,0.));
#816=DIRECTION('',(0.,0.,-1.));
#817=DIRECTION('',(-1.,0.,0.));
#818=DIRECTION('',(0.,0.,-1.));
#819=DIRECTION('',(-1.,0.,0.));
#820=DIRECTION('',(0.,0.,-1.));
#821=DIRECTION('',(-1.,0.,0.));
#822=DIRECTION('',(0.,0.,-1.));
#823=DIRECTION('',(-1.,0.,0.));
#824=DIRECTION('',(0.,0.,-1.));
#825=DIRECTION('',(-1.,0.,0.));
#826=DIRECTION('',(0.,0.,-1.));
#827=DIRECTION('',(-1.,0.,0.));
#828=DIRECTION('',(0.,0.,1.));
#829=DIRECTION('',(1.,0.,0.));
#830=DIRECTION('',(1.,0.,0.));
#831=DIRECTION('',(0.,0.,-1.));
#832=DIRECTION('',(0.707106781186548,0.707106781186547,0.));
#833=DIRECTION('',(0.,0.,-1.));
#834=DIRECTION('',(1.17145536458252E-15,1.,0.));
#835=DIRECTION('',(0.,0.,-1.));
#836=DIRECTION('',(-0.707106781186546,0.707106781186549,0.));
#837=DIRECTION('',(0.,0.,-1.));
#838=DIRECTION('',(-1.,2.34291072916505E-15,0.));
#839=DIRECTION('',(0.,0.,-1.));
#840=DIRECTION('',(-0.70710678118655,-0.707106781186545,0.));
#841=DIRECTION('',(0.,0.,-1.));
#842=DIRECTION('',(-3.7364106986726E-15,-1.,0.));
#843=DIRECTION('',(0.,0.,-1.));
#844=DIRECTION('',(0.707106781186544,-0.707106781186551,0.));
#845=DIRECTION('',(0.,0.,-1.));
#846=CARTESIAN_POINT('',(0.,0.,0.));
#847=CARTESIAN_POINT('',(0.,0.,0.));
#848=CARTESIAN_POINT('',(-52.,0.,0.));
#849=CARTESIAN_POINT('',(0.,0.,0.));
#850=CARTESIAN_POINT('',(0.,0.,2.));
#851=CARTESIAN_POINT('',(-52.,0.,2.));
#852=CARTESIAN_POINT('',(0.,0.,0.));
#853=CARTESIAN_POINT('',(0.,0.,42.));
#854=CARTESIAN_POINT('',(-12.,0.,42.));
#855=CARTESIAN_POINT('',(0.,0.,42.));
#856=CARTESIAN_POINT('',(0.,0.,44.));
#857=CARTESIAN_POINT('',(-12.,0.,44.));
#858=CARTESIAN_POINT('',(0.,0.,0.));
#859=CARTESIAN_POINT('',(12.,0.,44.));
#860=CARTESIAN_POINT('',(4.15316421418435,11.2681017667715,42.176379090881));
#861=CARTESIAN_POINT('',(3.26324686207757,11.5572535809093,41.823620909119));
#862=CARTESIAN_POINT('',(4.15316422535489,11.2681017621507,42.1763790589131));
#863=CARTESIAN_POINT('',(3.26324687383104,11.5572535780816,41.8236208771502));
#864=CARTESIAN_POINT('',(4.15316421418435,11.2681017667715,42.176379090881));
#865=CARTESIAN_POINT('',(4.52786287905124,12.460677916649,42.2086525125815));
#866=CARTESIAN_POINT('',(4.89738356934821,13.6549458049621,42.2456240296929));
#867=CARTESIAN_POINT('',(5.61867019326823,16.0492411427892,42.3234902249165));
#868=CARTESIAN_POINT('',(5.96986474301567,17.2494589021204,42.3642369304431));
#869=CARTESIAN_POINT('',(6.65543769979953,19.6553583193797,42.4333870881992));
#870=CARTESIAN_POINT('',(6.99021990897229,20.8609087739776,42.4608775073093));
#871=CARTESIAN_POINT('',(7.66168485528462,23.2713921639082,42.4939526906972));
#872=CARTESIAN_POINT('',(7.9991083132503,24.476093830902,42.5));
#873=CARTESIAN_POINT('',(8.34346246079465,25.6785247661409,42.5));
#874=CARTESIAN_POINT('',(8.34346245872851,25.6785247589262,42.5));
#875=CARTESIAN_POINT('',(8.34346246079465,25.6785247661409,42.5));
#876=CARTESIAN_POINT('',(8.34346246079465,25.6785247661409,41.5));
#877=CARTESIAN_POINT('',(8.34346245822553,25.6785247590897,41.5));
#878=CARTESIAN_POINT('',(3.26324686207757,11.5572535809093,41.823620909119));
#879=CARTESIAN_POINT('',(4.85461817506188,16.2974968112926,41.6945267650162));
#880=CARTESIAN_POINT('',(6.63071762735121,20.9777182020344,41.5));
#881=CARTESIAN_POINT('',(8.34346246079465,25.6785247661409,41.5));
#882=CARTESIAN_POINT('',(8.34346246079465,25.6785247661409,41.5));
#883=CARTESIAN_POINT('',(7.91527931693571,24.5033315359589,41.5));
#884=CARTESIAN_POINT('',(7.48015442541678,23.3303750042734,41.5060473093028));
#885=CARTESIAN_POINT('',(6.60653373084122,20.9855760301038,41.5391224926906));
#886=CARTESIAN_POINT('',(6.16877311957002,19.8134853026516,41.5666129118008));
#887=CARTESIAN_POINT('',(5.30926043546598,17.4641023558108,41.6357630695569));
#888=CARTESIAN_POINT('',(4.88791216476948,16.2866789330919,41.6765097750835));
#889=CARTESIAN_POINT('',(4.0641131478016,13.9256919068188,41.7543759703071));
#890=CARTESIAN_POINT('',(3.66108828101187,12.7423101905656,41.7913474874185));
#891=CARTESIAN_POINT('',(3.26324686207757,11.5572535809093,41.823620909119));
#892=CARTESIAN_POINT('',(8.34346246079465,25.6785247661409,42.5));
#893=CARTESIAN_POINT('',(7.9991083132503,24.476093830902,42.5));
#894=CARTESIAN_POINT('',(7.66168485528462,23.2713921639082,42.4939526906972));
#895=CARTESIAN_POINT('',(6.99021990897229,20.8609087739776,42.4608775073093));
#896=CARTESIAN_POINT('',(6.65543769979953,19.6553583193797,42.4333870881992));
#897=CARTESIAN_POINT('',(5.96986474301567,17.2494589021204,42.3642369304431));
#898=CARTESIAN_POINT('',(5.61867019326823,16.0492411427892,42.3234902249165));
#899=CARTESIAN_POINT('',(4.89738356934821,13.6549458049621,42.2456240296929));
#900=CARTESIAN_POINT('',(4.52786287905124,12.460677916649,42.2086525125815));
#901=CARTESIAN_POINT('',(4.15316421418435,11.2681017667715,42.176379090881));
#902=CARTESIAN_POINT('',(8.34346246079465,25.6785247661409,42.5));
#903=CARTESIAN_POINT('',(9.5472030790548,25.2407159115694,42.5));
#904=CARTESIAN_POINT('',(10.6923234590247,24.7526180732301,42.4144453763103));
#905=CARTESIAN_POINT('',(12.880010719954,23.7005337904604,42.0977655367052));
#906=CARTESIAN_POINT('',(13.9226035803629,23.1365022294783,41.8668923668875));
#907=CARTESIAN_POINT('',(16.9217275877302,21.3557358917949,40.9952126472798));
#908=CARTESIAN_POINT('',(18.7502884633602,20.0498528442955,40.1764253654061));
#909=CARTESIAN_POINT('',(22.1936416115661,17.3060632830295,38.2336623427973));
#910=CARTESIAN_POINT('',(23.8081909863368,15.8678121242985,37.108670201705));
#911=CARTESIAN_POINT('',(26.938951485546,12.9697155629097,34.7070695346438));
#912=CARTESIAN_POINT('',(28.4549660179748,11.509970517387,33.4303384325672));
#913=CARTESIAN_POINT('',(31.4988394045493,8.68628982835088,30.880456751352));
#914=CARTESIAN_POINT('',(33.026567399632,7.32234157352208,29.6072669532897));
#915=CARTESIAN_POINT('',(36.2039656137979,4.81207284509764,27.2216171495586));
#916=CARTESIAN_POINT('',(37.8538037888628,3.66553494845985,26.1091370632939));
#917=CARTESIAN_POINT('',(41.386162443125,1.71953202544138,24.2050016960657));
#918=CARTESIAN_POINT('',(43.2693366185681,0.92028898585732,23.413776799977));
#919=CARTESIAN_POINT('',(47.3665315413927,-0.189899953816299,22.3111833500799));
#920=CARTESIAN_POINT('',(49.5795219653689,-0.499999999999999,22.));
#921=CARTESIAN_POINT('',(52.,-0.5,22.));
#922=CARTESIAN_POINT('',(52.,-0.5,21.99999999));
#923=CARTESIAN_POINT('',(52.,-0.5,22.));
#924=CARTESIAN_POINT('',(52.,0.5,22.));
#925=CARTESIAN_POINT('',(52.,0.5,22.));
#926=CARTESIAN_POINT('',(8.34346246079465,25.6785247661409,41.5));
#927=CARTESIAN_POINT('',(13.1104253445672,24.3163858233406,41.5));
#928=CARTESIAN_POINT('',(17.109527432226,22.0556581791367,40.3521931232895));
#929=CARTESIAN_POINT('',(24.2418365914388,16.7463334812537,36.7377191685071));
#930=CARTESIAN_POINT('',(27.373424031206,13.7282122745807,34.2947207268252));
#931=CARTESIAN_POINT('',(36.6637866523274,5.27527483330784,26.9443657704707));
#932=CARTESIAN_POINT('',(42.6580136723466,0.500000000000003,22.));
#933=CARTESIAN_POINT('',(52.,0.5,22.));
#934=CARTESIAN_POINT('',(52.,0.5,22.));
#935=CARTESIAN_POINT('',(49.6642798804527,0.500000000000001,22.));
#936=CARTESIAN_POINT('',(47.5446984858858,0.797777680572835,22.3138166499201));
#937=CARTESIAN_POINT('',(43.6111095685978,1.86380482759342,23.398723200023));
#938=CARTESIAN_POINT('',(41.7960717224712,2.63290014794704,24.1699983039343));
#939=CARTESIAN_POINT('',(38.3534732562702,4.52873975765314,26.0158629367061));
#940=CARTESIAN_POINT('',(36.7265663324415,5.65570603380224,27.0908828504414));
#941=CARTESIAN_POINT('',(33.5590483971989,8.14231664346887,29.3927330467103));
#942=CARTESIAN_POINT('',(32.0186053417667,9.50174355394423,30.619543248648));
#943=CARTESIAN_POINT('',(28.9218178013929,12.3193893677019,33.0696615674328));
#944=CARTESIAN_POINT('',(27.3653424573881,13.7775956596687,34.2929304653562));
#945=CARTESIAN_POINT('',(24.1339115035144,16.6546831251125,36.578829798295));
#946=CARTESIAN_POINT('',(22.4587593016356,18.0736646557245,37.6413376572027));
#947=CARTESIAN_POINT('',(18.8926047220292,20.728327004666,39.4485746345939));
#948=CARTESIAN_POINT('',(17.0013594464963,21.9636631780311,40.1922873527202));
#949=CARTESIAN_POINT('',(13.9385261405115,23.5662444550367,40.9612326331125));
#950=CARTESIAN_POINT('',(12.880091882035,24.0585818961829,41.1600469632948));
#951=CARTESIAN_POINT('',(10.6783639337035,24.9444966929259,41.4293046236897));
#952=CARTESIAN_POINT('',(9.53510061426378,25.3380193386511,41.5));
#953=CARTESIAN_POINT('',(8.34346246079465,25.6785247661409,41.5));
#954=CARTESIAN_POINT('',(52.,-0.5,22.));
#955=CARTESIAN_POINT('',(49.5795219653689,-0.499999999999999,22.));
#956=CARTESIAN_POINT('',(47.3665315413927,-0.189899953816299,22.3111833500799));
#957=CARTESIAN_POINT('',(43.2693366185681,0.92028898585732,23.413776799977));
#958=CARTESIAN_POINT('',(41.386162443125,1.71953202544138,24.2050016960657));
#959=CARTESIAN_POINT('',(37.8538037888628,3.66553494845985,26.1091370632939));
#960=CARTESIAN_POINT('',(36.2039656137979,4.81207284509764,27.2216171495586));
#961=CARTESIAN_POINT('',(33.026567399632,7.32234157352208,29.6072669532897));
#962=CARTESIAN_POINT('',(31.4988394045493,8.68628982835088,30.880456751352));
#963=CARTESIAN_POINT('',(28.4549660179748,11.509970517387,33.4303384325672));
#964=CARTESIAN_POINT('',(26.938951485546,12.9697155629097,34.7070695346438));
#965=CARTESIAN_POINT('',(23.8081909863368,15.8678121242985,37.108670201705));
#966=CARTESIAN_POINT('',(22.1936416115661,17.3060632830295,38.2336623427973));
#967=CARTESIAN_POINT('',(18.7502884633602,20.0498528442955,40.1764253654061));
#968=CARTESIAN_POINT('',(16.9217275877302,21.3557358917949,40.9952126472798));
#969=CARTESIAN_POINT('',(13.9226035803629,23.1365022294783,41.8668923668875));
#970=CARTESIAN_POINT('',(12.880010719954,23.7005337904604,42.0977655367052));
#971=CARTESIAN_POINT('',(10.6923234590247,24.7526180732301,42.4144453763103));
#972=CARTESIAN_POINT('',(9.5472030790548,25.2407159115694,42.5));
#973=CARTESIAN_POINT('',(8.34346246079465,25.6785247661409,42.5));
#974=CARTESIAN_POINT('',(52.,-0.5,21.99999999));
#975=CARTESIAN_POINT('',(52.,-0.5,15.3333333266667));
#976=CARTESIAN_POINT('',(52.,-0.5,8.66666666333333));
#977=CARTESIAN_POINT('',(52.,-0.5,2.));
#978=CARTESIAN_POINT('',(52.,-0.5,2.));
#979=CARTESIAN_POINT('',(52.,-0.5,2.));
#980=CARTESIAN_POINT('',(52.,-0.166666666666667,2.));
#981=CARTESIAN_POINT('',(52.,0.166666666666667,2.));
#982=CARTESIAN_POINT('',(52.,0.5,2.));
#983=CARTESIAN_POINT('',(52.,0.5,2.));
#984=CARTESIAN_POINT('',(52.,0.5,22.));
#985=CARTESIAN_POINT('',(52.,0.5,15.3333333333333));
#986=CARTESIAN_POINT('',(52.,0.5,8.66666666666666));
#987=CARTESIAN_POINT('',(52.,0.5,2.));
#988=CARTESIAN_POINT('',(52.,0.5,22.));
#989=CARTESIAN_POINT('',(52.,-0.5,2.));
#990=CARTESIAN_POINT('',(50.5476431645252,-0.5,2.));
#991=CARTESIAN_POINT('',(49.1007104586209,-0.372858524627028,2.07637944839193));
#992=CARTESIAN_POINT('',(46.2599094677409,0.0609281546002593,2.37541027767362));
#993=CARTESIAN_POINT('',(44.8654811972343,0.367139582573234,2.59763410520665));
#994=CARTESIAN_POINT('',(42.1413564015677,1.0833589845272,3.17202807191008));
#995=CARTESIAN_POINT('',(40.8110221140254,1.49354968106163,3.52424331855473));
#996=CARTESIAN_POINT('',(38.210441645569,2.36024389920518,4.34452100570905));
#997=CARTESIAN_POINT('',(36.9394528748827,2.81700244244053,4.81269033624369));
#998=CARTESIAN_POINT('',(34.449476944814,3.73552784378326,5.85463984455311));
#999=CARTESIAN_POINT('',(33.2299119823254,4.19750885884196,6.42854067523248));
#1000=CARTESIAN_POINT('',(30.8370665899187,5.09626764696323,7.67489127273731));
#1001=CARTESIAN_POINT('',(29.6633063125258,5.53322116218583,8.34747028327788));
#1002=CARTESIAN_POINT('',(27.3615350052972,6.35983166040484,9.78651337394369));
#1003=CARTESIAN_POINT('',(26.2330763717844,6.74963877390607,10.5531229682174));
#1004=CARTESIAN_POINT('',(24.0259480187006,7.46751105619464,12.1768877533024));
#1005=CARTESIAN_POINT('',(22.946856210511,7.79569588324114,13.0342029205821));
#1006=CARTESIAN_POINT('',(20.8463742088217,8.38315746005247,14.8362562052605));
#1007=CARTESIAN_POINT('',(19.8245922818058,8.64251781277119,15.7811654145219));
#1008=CARTESIAN_POINT('',(17.8501065450888,9.09190768372385,17.7543645230015));
#1009=CARTESIAN_POINT('',(16.8969691375866,9.28199463243134,18.7828730436645));
#1010=CARTESIAN_POINT('',(15.0721503588515,9.6001373257113,20.9175871272064));
#1011=CARTESIAN_POINT('',(14.1999564456772,9.72821456270796,22.024095219398));
#1012=CARTESIAN_POINT('',(12.5465098971478,9.93857842931432,24.307151746961));
#1013=CARTESIAN_POINT('',(11.7648251391519,10.020840101501,25.4840093770779));
#1014=CARTESIAN_POINT('',(10.2963458499618,10.1625699856671,27.8977037785184));
#1015=CARTESIAN_POINT('',(9.60917572306157,10.2219797162378,29.1348797309711));
#1016=CARTESIAN_POINT('',(8.32514344332311,10.3454566684193,31.6564645613709));
#1017=CARTESIAN_POINT('',(7.72800348300423,10.4094603386118,32.9412096971828));
#1018=CARTESIAN_POINT('',(6.6088239614494,10.5706094960671,35.543077495998));
#1019=CARTESIAN_POINT('',(6.08663246886197,10.6677307723805,36.8604689336574));
#1020=CARTESIAN_POINT('',(5.09155137104083,10.9201900696478,39.5110539855621));
#1021=CARTESIAN_POINT('',(4.61860946047594,11.0755685760858,40.8443642807582));
#1022=CARTESIAN_POINT('',(4.15316421418435,11.2681017667715,42.176379090881));
#1023=CARTESIAN_POINT('',(52.,0.5,2.));
#1024=CARTESIAN_POINT('',(49.2126294067513,0.5,2.));
#1025=CARTESIAN_POINT('',(46.4286584003341,0.990091801052856,2.31061207140773));
#1026=CARTESIAN_POINT('',(41.0845295022846,2.39521573656672,3.4479317684526));
#1027=CARTESIAN_POINT('',(38.5136599045606,3.3018553182316,4.26926735355147));
#1028=CARTESIAN_POINT('',(31.051800876794,6.05275428060538,7.3492568187691));
#1029=CARTESIAN_POINT('',(26.3623600438669,7.8820835974613,10.2147836525846));
#1030=CARTESIAN_POINT('',(17.6960489906109,10.2517507436022,17.3274535964302));
#1031=CARTESIAN_POINT('',(13.7722344254459,10.7806862351637,21.605048532201));
#1032=CARTESIAN_POINT('',(7.50122681815094,11.1466301826388,31.1950255026416));
#1033=CARTESIAN_POINT('',(5.22215841597689,11.0859654156386,36.4954859197651));
#1034=CARTESIAN_POINT('',(3.26324686207757,11.5572535809093,41.823620909119));
#1035=CARTESIAN_POINT('',(52.,0.5,2.));
#1036=CARTESIAN_POINT('',(50.6058115938309,0.5,2.));
#1037=CARTESIAN_POINT('',(49.2093845678576,0.622136707823688,2.07665157619416));
#1038=CARTESIAN_POINT('',(46.4530493593461,1.04302868146399,2.37432120636371));
#1039=CARTESIAN_POINT('',(45.0926261758218,1.34137278493132,2.59494199566895));
#1040=CARTESIAN_POINT('',(42.420561726797,2.04393475268825,3.16360184419138));
#1041=CARTESIAN_POINT('',(41.1095582236788,2.44796989442443,3.51159579593431));
#1042=CARTESIAN_POINT('',(38.5339144320273,3.30629926820703,4.32114778439498));
#1043=CARTESIAN_POINT('',(37.2700167332662,3.76033847862723,4.78259893108774));
#1044=CARTESIAN_POINT('',(34.7827303906773,4.67730479941849,5.80926208616028));
#1045=CARTESIAN_POINT('',(33.5599195499557,5.14001775283823,6.37435344163548));
#1046=CARTESIAN_POINT('',(31.1504011837449,6.04317536859663,7.60173756289919));
#1047=CARTESIAN_POINT('',(29.9641735057304,6.48344428877527,8.2639010849726));
#1048=CARTESIAN_POINT('',(27.6280279954517,7.31813204893781,9.68129588160678));
#1049=CARTESIAN_POINT('',(26.4785577668646,7.71240075841687,10.4363816420191));
#1050=CARTESIAN_POINT('',(24.2205794242774,8.43874895170961,12.0368311302133));
#1051=CARTESIAN_POINT('',(23.1124933988959,8.77070877726413,12.8820348815267));
#1052=CARTESIAN_POINT('',(20.9459156355819,9.36312556379936,14.6602023674881));
#1053=CARTESIAN_POINT('',(19.8878156311656,9.62349892182617,15.5929950102733));
#1054=CARTESIAN_POINT('',(17.8335100125841,10.0700596466683,17.5430057716833));
#1055=CARTESIAN_POINT('',(16.83773799622,10.2561895830101,18.5600052688631));
#1056=CARTESIAN_POINT('',(14.9220547250351,10.5593383253565,20.6733763209865));
#1057=CARTESIAN_POINT('',(14.0026560121557,10.676335638937,21.7694453466172));
#1058=CARTESIAN_POINT('',(12.251715874673,10.8556116052806,24.0335567315549));
#1059=CARTESIAN_POINT('',(11.4206065727103,10.9179152154668,25.2012898961162));
#1060=CARTESIAN_POINT('',(9.85285467088654,11.0094012023356,27.5987841387264));
#1061=CARTESIAN_POINT('',(9.1165876667315,11.0386420604269,28.828206035646));
#1062=CARTESIAN_POINT('',(7.73674208489185,11.090341319908,31.3362149236931));
#1063=CARTESIAN_POINT('',(7.09344131468786,11.1128632727161,32.6144656569556));
#1064=CARTESIAN_POINT('',(5.88726387445609,11.1784341794406,35.2052806692974));
#1065=CARTESIAN_POINT('',(5.32453913577978,11.2215073443063,36.5175761737204));
#1066=CARTESIAN_POINT('',(4.25736549873851,11.3520274759956,39.1607961238525));
#1067=CARTESIAN_POINT('',(3.75296918010164,11.4394328797683,40.4916023131096));
#1068=CARTESIAN_POINT('',(3.26324686207757,11.5572535809093,41.823620909119));
#1069=CARTESIAN_POINT('',(52.,-0.5,2.));
#1070=CARTESIAN_POINT('',(50.5476431645252,-0.5,2.));
#1071=CARTESIAN_POINT('',(49.1007104586209,-0.372858524627028,2.07637944839193));
#1072=CARTESIAN_POINT('',(46.2599094677409,0.0609281546002593,2.37541027767362));
#1073=CARTESIAN_POINT('',(44.8654811972343,0.367139582573234,2.59763410520665));
#1074=CARTESIAN_POINT('',(42.1413564015677,1.0833589845272,3.17202807191008));
#1075=CARTESIAN_POINT('',(40.8110221140254,1.49354968106163,3.52424331855473));
#1076=CARTESIAN_POINT('',(38.210441645569,2.36024389920518,4.34452100570905));
#1077=CARTESIAN_POINT('',(36.9394528748827,2.81700244244053,4.81269033624369));
#1078=CARTESIAN_POINT('',(34.449476944814,3.73552784378326,5.85463984455311));
#1079=CARTESIAN_POINT('',(33.2299119823254,4.19750885884196,6.42854067523248));
#1080=CARTESIAN_POINT('',(30.8370665899187,5.09626764696323,7.67489127273731));
#1081=CARTESIAN_POINT('',(29.6633063125258,5.53322116218583,8.34747028327788));
#1082=CARTESIAN_POINT('',(27.3615350052972,6.35983166040484,9.78651337394369));
#1083=CARTESIAN_POINT('',(26.2330763717844,6.74963877390607,10.5531229682174));
#1084=CARTESIAN_POINT('',(24.0259480187006,7.46751105619464,12.1768877533024));
#1085=CARTESIAN_POINT('',(22.946856210511,7.79569588324114,13.0342029205821));
#1086=CARTESIAN_POINT('',(20.8463742088217,8.38315746005247,14.8362562052605));
#1087=CARTESIAN_POINT('',(19.8245922818058,8.64251781277119,15.7811654145219));
#1088=CARTESIAN_POINT('',(17.8501065450888,9.09190768372385,17.7543645230015));
#1089=CARTESIAN_POINT('',(16.8969691375866,9.28199463243134,18.7828730436645));
#1090=CARTESIAN_POINT('',(15.0721503588515,9.6001373257113,20.9175871272064));
#1091=CARTESIAN_POINT('',(14.1999564456772,9.72821456270796,22.024095219398));
#1092=CARTESIAN_POINT('',(12.5465098971478,9.93857842931432,24.307151746961));
#1093=CARTESIAN_POINT('',(11.7648251391519,10.020840101501,25.4840093770779));
#1094=CARTESIAN_POINT('',(10.2963458499618,10.1625699856671,27.8977037785184));
#1095=CARTESIAN_POINT('',(9.60917572306157,10.2219797162378,29.1348797309711));
#1096=CARTESIAN_POINT('',(8.32514344332311,10.3454566684193,31.6564645613709));
#1097=CARTESIAN_POINT('',(7.72800348300423,10.4094603386118,32.9412096971828));
#1098=CARTESIAN_POINT('',(6.6088239614494,10.5706094960671,35.543077495998));
#1099=CARTESIAN_POINT('',(6.08663246886197,10.6677307723805,36.8604689336574));
#1100=CARTESIAN_POINT('',(5.09155137104083,10.9201900696478,39.5110539855621));
#1101=CARTESIAN_POINT('',(4.61860946047594,11.0755685760858,40.8443642807582));
#1102=CARTESIAN_POINT('',(4.15316421418435,11.2681017667715,42.176379090881));
#1103=CARTESIAN_POINT('',(52.,0.5,22.));
#1104=CARTESIAN_POINT('',(49.6645034180867,0.500000000000001,22.));
#1105=CARTESIAN_POINT('',(47.5446984858858,0.797777680572835,22.3138166499201));
#1106=CARTESIAN_POINT('',(45.5779040272418,1.33079125408313,22.8562699249716));
#1107=CARTESIAN_POINT('',(43.6111095685978,1.86380482759342,23.398723200023));
#1108=CARTESIAN_POINT('',(41.7960717224712,2.63290014794704,24.1699983039343));
#1109=CARTESIAN_POINT('',(40.0747724893707,3.58081995280009,25.0929306203202));
#1110=CARTESIAN_POINT('',(38.3534732562702,4.52873975765314,26.0158629367061));
#1111=CARTESIAN_POINT('',(36.7265663324415,5.65570603380224,27.0908828504414));
#1112=CARTESIAN_POINT('',(35.1428073648202,6.89901133863555,28.2418079485759));
#1113=CARTESIAN_POINT('',(33.5590483971989,8.14231664346887,29.3927330467103));
#1114=CARTESIAN_POINT('',(32.0186053417667,9.50174355394424,30.6195432486479));
#1115=CARTESIAN_POINT('',(30.4702115715798,10.910566460823,31.8446024080404));
#1116=CARTESIAN_POINT('',(28.9218178013929,12.3193893677018,33.0696615674328));
#1117=CARTESIAN_POINT('',(27.3653424573881,13.7775956596687,34.2929304653562));
#1118=CARTESIAN_POINT('',(25.7496269804513,15.2161393923906,35.4358801318256));
#1119=CARTESIAN_POINT('',(24.1339115035144,16.6546831251125,36.578829798295));
#1120=CARTESIAN_POINT('',(22.4587593016356,18.0736646557245,37.6413376572027));
#1121=CARTESIAN_POINT('',(20.6756820118324,19.4009958301952,38.5449561458983));
#1122=CARTESIAN_POINT('',(18.8926047220292,20.728327004666,39.4485746345939));
#1123=CARTESIAN_POINT('',(17.0013594464963,21.9636631780311,40.1922873527203));
#1124=CARTESIAN_POINT('',(14.9594705758398,23.0320506960348,40.7049175396484));
#1125=CARTESIAN_POINT('',(12.9175817051832,24.1004382140385,41.2175477265765));
#1126=CARTESIAN_POINT('',(10.7269439026809,24.9974552947407,41.5));
#1127=CARTESIAN_POINT('',(8.34346246079465,25.6785247661409,41.5));
#1128=CARTESIAN_POINT('',(52.,0.5,18.6666666666667));
#1129=CARTESIAN_POINT('',(49.5897022085624,0.5,18.6666666666667));
#1130=CARTESIAN_POINT('',(47.3593339263977,0.82962258437774,18.9798800645468));
#1131=CARTESIAN_POINT('',(45.2741638610966,1.39115468800176,19.5267883674349));
#1132=CARTESIAN_POINT('',(43.1889937957954,1.95268679162577,20.073696670323));
#1133=CARTESIAN_POINT('',(41.2467374423483,2.74559352178784,20.8536009918963));
#1134=CARTESIAN_POINT('',(39.3972787565255,3.68949139458566,21.794058278895));
#1135=CARTESIAN_POINT('',(37.5478200707027,4.63338926738348,22.7345155658938));
#1136=CARTESIAN_POINT('',(35.7911158843505,5.72878846361158,23.835928064744));
#1137=CARTESIAN_POINT('',(34.082461818971,6.90513608806886,25.0310807624016));
#1138=CARTESIAN_POINT('',(32.3738077535916,8.08148371252615,26.2262334600591));
#1139=CARTESIAN_POINT('',(30.7135254249343,9.33857779926557,27.5152581725506));
#1140=CARTESIAN_POINT('',(29.0627107907875,10.6126078130389,28.8316695432833));
#1141=CARTESIAN_POINT('',(27.4118961566406,11.8866378268123,30.148080914016));
#1142=CARTESIAN_POINT('',(25.7707812972143,13.1774530744243,31.4919794710186));
#1143=CARTESIAN_POINT('',(24.1050121280694,14.4285054004606,32.7949181504376));
#1144=CARTESIAN_POINT('',(22.4392429589245,15.6795577264969,34.0978568298565));
#1145=CARTESIAN_POINT('',(20.749355340151,16.8909233581797,35.3597909393528));
#1146=CARTESIAN_POINT('',(19.0006748318292,18.0141369097004,36.508895249104));
#1147=CARTESIAN_POINT('',(17.2519943235075,19.1373504612211,37.6579995588551));
#1148=CARTESIAN_POINT('',(15.4446159201007,20.172864943238,38.6932614361243));
#1149=CARTESIAN_POINT('',(13.539481957053,21.0730477684545,39.5447507584328));
#1150=CARTESIAN_POINT('',(11.6343479940054,21.973230593671,40.3962400807413));
#1151=CARTESIAN_POINT('',(9.63279874397525,22.7336655692222,41.0632856216764));
#1152=CARTESIAN_POINT('',(7.48709004407293,23.3281214840877,41.5));
#1153=CARTESIAN_POINT('',(52.,0.5,15.3333333333333));
#1154=CARTESIAN_POINT('',(49.5145976479857,0.5,15.3333333333333));
#1155=CARTESIAN_POINT('',(47.1735494903852,0.861606293948928,15.6459887522233));
#1156=CARTESIAN_POINT('',(44.9705467424554,1.45148310910603,16.1972949800956));
#1157=CARTESIAN_POINT('',(42.7675439945255,2.04135992426313,16.748601207968));
#1158=CARTESIAN_POINT('',(40.6988792615279,2.85743702107795,17.5369411176285));
#1159=CARTESIAN_POINT('',(38.7214417825708,3.79656481193151,18.4948032251258));
#1160=CARTESIAN_POINT('',(36.7440043036137,4.73569260278506,19.4526653326231));
#1161=CARTESIAN_POINT('',(34.8571320358037,5.79881818350196,20.5804683416351));
#1162=CARTESIAN_POINT('',(33.0229721893856,6.90768485611032,21.8200886497386));
#1163=CARTESIAN_POINT('',(31.1888123429675,8.01655152871868,23.0597089578421));
#1164=CARTESIAN_POINT('',(29.4078816580227,9.17096499878796,24.4114039254398));
#1165=CARTESIAN_POINT('',(27.6538199119997,10.3098277961328,25.8198812267094));
#1166=CARTESIAN_POINT('',(25.8997581659768,11.4486905934777,27.2283585279791));
#1167=CARTESIAN_POINT('',(24.1731696171172,12.571736214679,28.6938320172966));
#1168=CARTESIAN_POINT('',(22.456458736611,13.6348393945605,30.158187488254));
#1169=CARTESIAN_POINT('',(20.7397478561049,14.697942574442,31.6225429592114));
#1170=CARTESIAN_POINT('',(19.0342869825689,15.7011242978209,33.0857515893188));
#1171=CARTESIAN_POINT('',(17.3188511879573,16.619988839283,34.4832513752199));
#1172=CARTESIAN_POINT('',(15.6034153933457,17.5388533807451,35.8807511611209));
#1173=CARTESIAN_POINT('',(13.8786869494677,18.3745212633019,37.2117799740118));
#1174=CARTESIAN_POINT('',(12.1069196527345,19.1091240034437,38.407358348739));
#1175=CARTESIAN_POINT('',(10.3351523560014,19.8437267435855,39.6029367234662));
#1176=CARTESIAN_POINT('',(8.51571983695996,20.4749372846617,40.6609285996329));
#1177=CARTESIAN_POINT('',(6.59852946162204,20.9881767760721,41.5320378329227));
#1178=CARTESIAN_POINT('',(52.,0.5,12.));
#1179=CARTESIAN_POINT('',(49.4392644887697,0.5,12.));
#1180=CARTESIAN_POINT('',(46.9875033200887,0.893672387602044,12.3121255918084));
#1181=CARTESIAN_POINT('',(44.6670065895545,1.51179016018413,12.8677942028429));
#1182=CARTESIAN_POINT('',(42.3465098590204,2.12990793276621,13.4234628138773));
#1183=CARTESIAN_POINT('',(40.1519500008836,2.96883694325474,14.2201262465532));
#1184=CARTESIAN_POINT('',(38.0468347901742,3.90272826959832,15.1952725684377));
#1185=CARTESIAN_POINT('',(35.9417195794647,4.8366195959419,16.1704188903222));
#1186=CARTESIAN_POINT('',(33.9247669985574,5.86690680102222,17.3245034558572));
#1187=CARTESIAN_POINT('',(31.96506604363,6.90764959262533,18.6085939971469));
#1188=CARTESIAN_POINT('',(30.0053650887026,7.94839238422844,19.8926845384365));
#1189=CARTESIAN_POINT('',(28.1036264920879,8.99942595760773,21.307165354863));
#1190=CARTESIAN_POINT('',(26.2462913275745,10.0022441746322,22.8079826515457));
#1191=CARTESIAN_POINT('',(24.3889561630611,11.0050623916566,24.3087999482285));
#1192=CARTESIAN_POINT('',(22.5769780851972,11.9593156761437,25.8962737978748));
#1193=CARTESIAN_POINT('',(20.8098724690445,12.8331643553647,27.522727110986));
#1194=CARTESIAN_POINT('',(19.0427668528917,13.7070130345856,29.1491804240973));
#1195=CARTESIAN_POINT('',(17.3227306721992,14.5004852955221,30.8145409728379));
#1196=CARTESIAN_POINT('',(15.6425633564712,15.2132408573003,32.4619327302226));
#1197=CARTESIAN_POINT('',(13.9623960407431,15.9259964190785,34.1093244876072));
#1198=CARTESIAN_POINT('',(12.323471756291,16.5596616932377,35.7380028669535));
#1199=CARTESIAN_POINT('',(10.6898073480712,17.1274914089942,37.2822306559764));
#1200=CARTESIAN_POINT('',(9.05614293985137,17.6953211247507,38.8264584449993));
#1201=CARTESIAN_POINT('',(7.42649810909986,18.1969850994006,40.2843469636994));
#1202=CARTESIAN_POINT('',(5.739016777518,18.6387938292312,41.6011879906788));
#1203=CARTESIAN_POINT('',(52.,0.5,8.66666666666666));
#1204=CARTESIAN_POINT('',(49.3639313295537,0.5,8.66666666666666));
#1205=CARTESIAN_POINT('',(46.8014571497921,0.92573848125516,8.97826243139363));
#1206=CARTESIAN_POINT('',(44.3634664366537,1.57209721126223,9.53829342559015));
#1207=CARTESIAN_POINT('',(41.9254757235152,2.2184559412693,10.0983244197867));
#1208=CARTESIAN_POINT('',(39.6050207402394,3.08023686543153,10.903311375478));
#1209=CARTESIAN_POINT('',(37.3722277977776,4.00889172726513,11.8957419117496));
#1210=CARTESIAN_POINT('',(35.1394348553158,4.93754658909874,12.8881724480212));
#1211=CARTESIAN_POINT('',(32.9924019613112,5.93499541854247,14.0685385700793));
#1212=CARTESIAN_POINT('',(30.9071598978745,6.90761432914034,15.3970993445551));
#1213=CARTESIAN_POINT('',(28.8219178344377,7.88023323973821,16.7256601190309));
#1214=CARTESIAN_POINT('',(26.799371326153,8.82788691642751,18.2029267842862));
#1215=CARTESIAN_POINT('',(24.8387627431492,9.69466055313152,19.7960840763821));
#1216=CARTESIAN_POINT('',(22.8781541601454,10.5614341898355,21.3892413684779));
#1217=CARTESIAN_POINT('',(20.9807865532772,11.3468951376085,23.0987155784529));
#1218=CARTESIAN_POINT('',(19.1632862014779,12.0314893161689,24.8872667337181));
#1219=CARTESIAN_POINT('',(17.3457858496786,12.7160834947292,26.6758178889832));
#1220=CARTESIAN_POINT('',(15.6111743618295,13.2998462932233,28.543330356357));
#1221=CARTESIAN_POINT('',(13.966275524985,13.8064928753177,30.4406140852253));
#1222=CARTESIAN_POINT('',(12.3213766881406,14.313139457412,32.3378978140935));
#1223=CARTESIAN_POINT('',(10.7682565631142,14.7448021231735,34.2642257598952));
#1224=CARTESIAN_POINT('',(9.2726950434078,15.1458588145447,36.1571029632138));
#1225=CARTESIAN_POINT('',(7.77713352370137,15.5469155059159,38.0499801665324));
#1226=CARTESIAN_POINT('',(6.33727638123977,15.9190329141394,39.907765327766));
#1227=CARTESIAN_POINT('',(4.87950409341396,16.2894108823904,41.6703381484349));
#1228=CARTESIAN_POINT('',(52.,0.5,5.33333333333333));
#1229=CARTESIAN_POINT('',(49.288368899216,0.5,5.33333333333333));
#1230=CARTESIAN_POINT('',(46.6151459303059,0.957888317233305,5.64442778479113));
#1231=CARTESIAN_POINT('',(44.0600042063163,1.63238258678968,6.2087851658339));
#1232=CARTESIAN_POINT('',(41.5048624823267,2.30687685634606,6.77314254687666));
#1233=CARTESIAN_POINT('',(39.0590296054665,3.19117999789138,7.58633917652691));
#1234=CARTESIAN_POINT('',(36.6988496598224,4.11413154451311,8.59593545712485));
#1235=CARTESIAN_POINT('',(34.3386697141783,5.03708309113484,9.60553173772279));
#1236=CARTESIAN_POINT('',(32.0616267368297,6.00114386398945,10.8120772872188));
#1237=CARTESIAN_POINT('',(29.8508098141871,6.90502163101759,12.1851109105908));
#1238=CARTESIAN_POINT('',(27.6399928915446,7.80889939804574,13.5581445339628));
#1239=CARTESIAN_POINT('',(25.4964982701204,8.6525048726279,15.098305711029));
#1240=CARTESIAN_POINT('',(23.43263871923,9.38239189524712,16.7840434172838));
#1241=CARTESIAN_POINT('',(21.3687791683396,10.1122789178663,18.4697811235386));
#1242=CARTESIAN_POINT('',(19.3861816891065,10.7279604033447,20.3016278735419));
#1243=CARTESIAN_POINT('',(17.5189708866479,11.2220708822708,22.2528115296735));
#1244=CARTESIAN_POINT('',(15.6517600841892,11.7161813611969,24.2039951858051));
#1245=CARTESIAN_POINT('',(13.9037626960558,12.0888268950137,26.2743295220372));
#1246=CARTESIAN_POINT('',(12.2964448640214,12.3878523189483,28.4224044944696));
#1247=CARTESIAN_POINT('',(10.689127031987,12.6868777428829,30.5704794669021));
#1248=CARTESIAN_POINT('',(9.22524196701645,12.9149012627384,32.7954373634272));
#1249=CARTESIAN_POINT('',(7.87324403653183,13.1481264168209,35.0389748146693));
#1250=CARTESIAN_POINT('',(6.52124610604721,13.3813515709033,37.2825122659115));
#1251=CARTESIAN_POINT('',(5.27963142124398,13.6228170363929,39.5434185946488));
#1252=CARTESIAN_POINT('',(4.05893251856972,13.927375196101,41.7590738370676));
#1253=CARTESIAN_POINT('',(52.,0.5,2.));
#1254=CARTESIAN_POINT('',(49.2126294067513,0.5,2.));
#1255=CARTESIAN_POINT('',(46.4286584003342,0.990091801052856,2.31061207140773));
#1256=CARTESIAN_POINT('',(43.7565939513094,1.69265376880979,2.87927191993016));
#1257=CARTESIAN_POINT('',(41.0845295022846,2.39521573656672,3.4479317684526));
#1258=CARTESIAN_POINT('',(38.5136599045606,3.3018553182316,4.26926735355146));
#1259=CARTESIAN_POINT('',(36.0263735619717,4.21882163902286,5.29593050862401));
#1260=CARTESIAN_POINT('',(33.5390872193829,5.13578795981412,6.32259366369656));
#1261=CARTESIAN_POINT('',(31.1322462608697,6.066100408694,7.55520368665552));
#1262=CARTESIAN_POINT('',(28.796100750591,6.90078816885654,8.97259848328969));
#1263=CARTESIAN_POINT('',(26.4599552403123,7.73547592901907,10.3899932799239));
#1264=CARTESIAN_POINT('',(24.1957822805529,8.47450038399652,11.992951138546));
#1265=CARTESIAN_POINT('',(22.0292045172389,9.06691717053174,13.7711186245074));
#1266=CARTESIAN_POINT('',(19.8626267539249,9.65933395706696,15.5492861104688));
#1267=CARTESIAN_POINT('',(17.7955796318124,10.1046152118369,17.5033197428014));
#1268=CARTESIAN_POINT('',(15.8798963606275,10.4077639541833,19.6166907949248));
#1269=CARTESIAN_POINT('',(13.9642130894426,10.7109126965297,21.7300618470482));
#1270=CARTESIAN_POINT('',(12.2044825236221,10.8721722220325,24.0025427748112));
#1271=CARTESIAN_POINT('',(10.6367306217984,10.9636582089012,26.4000370174213));
#1272=CARTESIAN_POINT('',(9.06897871997467,11.05514419577,28.7975312600314));
#1273=CARTESIAN_POINT('',(7.69653003480374,11.0800778193539,31.3190581507847));
#1274=CARTESIAN_POINT('',(6.49035259457197,11.1456487260784,33.9098731631265));
#1275=CARTESIAN_POINT('',(5.2841751543402,11.2112196328028,36.5006881754683));
#1276=CARTESIAN_POINT('',(4.24270263902723,11.321609498274,39.159553414442));
#1277=CARTESIAN_POINT('',(3.26324686207757,11.5572535809093,41.823620909119));
#1278=CARTESIAN_POINT('',(52.,-0.5,2.));
#1279=CARTESIAN_POINT('',(49.0962225503062,-0.5,2.));
#1280=CARTESIAN_POINT('',(46.2275435950676,0.00902988159624872,2.31043712185494));
#1281=CARTESIAN_POINT('',(43.503418799401,0.725249283550218,2.88483108855836));
#1282=CARTESIAN_POINT('',(40.7792940037344,1.44146868550419,3.45922505526179));
#1283=CARTESIAN_POINT('',(38.184440839917,2.35773974176916,4.29171558208898));
#1284=CARTESIAN_POINT('',(35.6944649098484,3.27626514311189,5.3336650903984));
#1285=CARTESIAN_POINT('',(33.2044889797797,4.19479054445462,6.37561459870782));
#1286=CARTESIAN_POINT('',(30.8141919661401,5.11991591307633,7.62794873794497));
#1287=CARTESIAN_POINT('',(28.5124206589115,5.94652641129533,9.06699182861078));
#1288=CARTESIAN_POINT('',(26.2106493516829,6.77313690951434,10.5060349192766));
#1289=CARTESIAN_POINT('',(23.9970972113557,7.50196509483547,12.1331762782429));
#1290=CARTESIAN_POINT('',(21.8966152096664,8.0894266716468,13.9352295629213));
#1291=CARTESIAN_POINT('',(19.7961332079771,8.67688824845813,15.7372828475997));
#1292=CARTESIAN_POINT('',(17.8093785269541,9.12292328579137,17.7155160018936));
#1293=CARTESIAN_POINT('',(15.984559748219,9.44106597907132,19.8502300854354));
#1294=CARTESIAN_POINT('',(14.1597409694839,9.75920867235128,21.9849441689773));
#1295=CARTESIAN_POINT('',(12.4990647837469,9.9499751594179,24.2771621763577));
#1296=CARTESIAN_POINT('',(11.0305854945568,10.091705043584,26.6908565777982));
#1297=CARTESIAN_POINT('',(9.56210620536671,10.2334349277501,29.1045509792387));
#1298=CARTESIAN_POINT('',(8.28759324378165,10.3288857598842,31.6402757977752));
#1299=CARTESIAN_POINT('',(7.16841372222682,10.4900349173394,34.2421435965904));
#1300=CARTESIAN_POINT('',(6.04923420067199,10.6511840747947,36.8440113954055));
#1301=CARTESIAN_POINT('',(5.08404301707218,10.8830402208869,39.5123829242961));
#1302=CARTESIAN_POINT('',(4.15316421418435,11.2681017667715,42.176379090881));
#1303=CARTESIAN_POINT('',(52.,-0.5,5.33333333333333));
#1304=CARTESIAN_POINT('',(49.1763080393021,-0.5,5.33333333333333));
#1305=CARTESIAN_POINT('',(46.4168940704086,-0.0239739605662965,5.64394654292776));
#1306=CARTESIAN_POINT('',(43.805979437146,0.665200918527594,6.21442567457321));
#1307=CARTESIAN_POINT('',(41.1950648038833,1.35437579762149,6.78490480621866));
#1308=CARTESIAN_POINT('',(38.7197600425309,2.25055458100733,7.61031326984013));
#1309=CARTESIAN_POINT('',(36.3509750009218,3.17733301389097,8.63706087539382));
#1310=CARTESIAN_POINT('',(33.9821899593127,4.10411144677461,9.66380848094752));
#1311=CARTESIAN_POINT('',(31.7154937767184,5.06516621730248,10.892633066615));
#1312=CARTESIAN_POINT('',(29.5326370056542,5.96211027709987,12.2905893493263));
#1313=CARTESIAN_POINT('',(27.3497802345899,6.85905433689726,13.6885456320376));
#1314=CARTESIAN_POINT('',(25.250475430856,7.69255525678128,15.2568004696284));
#1315=CARTESIAN_POINT('',(23.2467301003313,8.416010745517,16.9712467389068));
#1316=CARTESIAN_POINT('',(21.2429847698066,9.13946623425272,18.6856930081851));
#1317=CARTESIAN_POINT('',(19.3353324336879,9.75287354844195,20.5474019137039));
#1318=CARTESIAN_POINT('',(17.5552755734564,10.2577712681072,22.52691420396));
#1319=CARTESIAN_POINT('',(15.7752187132248,10.7626689877725,24.5064264942162));
#1320=CARTESIAN_POINT('',(14.1245935456187,11.159583912654,26.6045912706035));
#1321=CARTESIAN_POINT('',(12.6175930744906,11.5047760404324,28.7783401682132));
#1322=CARTESIAN_POINT('',(11.1105926033624,11.8499681682107,30.952089065823));
#1323=CARTESIAN_POINT('',(9.7487086041758,12.1458015649309,33.2019242603728));
#1324=CARTESIAN_POINT('',(8.48935825391023,12.4774373104082,35.4679141517614));
#1325=CARTESIAN_POINT('',(7.23000790364466,12.8090730558854,37.73390404315));
#1326=CARTESIAN_POINT('',(6.07226890602499,13.1811310887076,40.0165283542996));
#1327=CARTESIAN_POINT('',(4.90256419858009,13.65326251568,42.2409261629324));
#1328=CARTESIAN_POINT('',(52.,-0.5,8.66666666666666));
#1329=CARTESIAN_POINT('',(49.2565705904252,-0.5,8.66666666666666));
#1330=CARTESIAN_POINT('',(46.6064208562352,-0.0570314505702479,8.97743703078149));
#1331=CARTESIAN_POINT('',(44.1084880995606,0.605166747012321,9.54402524673553));
#1332=CARTESIAN_POINT('',(41.610555342886,1.26736494459489,10.1106134626896));
#1333=CARTESIAN_POINT('',(39.2544578112778,2.14363723236513,10.9290105816157));
#1334=CARTESIAN_POINT('',(37.0065830518907,3.07895060740827,11.9406551542654));
#1335=CARTESIAN_POINT('',(34.7587082925035,4.01426398245142,12.9522997269151));
#1336=CARTESIAN_POINT('',(32.6154008387752,5.01160842227104,14.1577297129877));
#1337=CARTESIAN_POINT('',(30.5512123323056,5.97933490694271,15.5147108633785));
#1338=CARTESIAN_POINT('',(28.487023825836,6.94706139161438,16.8716920137694));
#1339=CARTESIAN_POINT('',(26.5016965838913,7.88576786355883,18.3811581602397));
#1340=CARTESIAN_POINT('',(24.5941551690682,8.74580088621817,20.0081480485704));
#1341=CARTESIAN_POINT('',(22.6866137542451,9.60583390887751,21.6351379369011));
#1342=CARTESIAN_POINT('',(20.8572835335452,10.3872342683365,23.3805082513438));
#1343=CARTESIAN_POINT('',(19.120750609884,11.0793650513325,25.2052638531887));
#1344=CARTESIAN_POINT('',(17.3842176862229,11.7714958343284,27.0300194550337));
#1345=CARTESIAN_POINT('',(15.7419908141504,12.3748279406616,28.9348062777555));
#1346=CARTESIAN_POINT('',(14.1944842356836,12.9234005909584,30.869981644921));
#1347=CARTESIAN_POINT('',(12.6469776572168,13.4719732412552,32.8051570120866));
#1348=CARTESIAN_POINT('',(11.1955213006849,13.9676399529272,34.7711635391448));
#1349=CARTESIAN_POINT('',(9.79374322067754,14.4695849964956,36.7046582099308));
#1350=CARTESIAN_POINT('',(8.39196514067019,14.971530040064,38.6381528807168));
#1351=CARTESIAN_POINT('',(7.03977861719877,15.4842136169008,40.5401922313928));
#1352=CARTESIAN_POINT('',(5.62707826462374,16.0465091934907,42.3296618515651));
#1353=CARTESIAN_POINT('',(52.,-0.5,12.));
#1354=CARTESIAN_POINT('',(49.3370624126698,-0.5,12.));
#1355=CARTESIAN_POINT('',(46.7962126912515,-0.0901726828992256,12.3108990048229));
#1356=CARTESIAN_POINT('',(44.4109188394117,0.545154251047693,12.8736323014014));
#1357=CARTESIAN_POINT('',(42.025624987572,1.18048118499461,13.4363655979799));
#1358=CARTESIAN_POINT('',(39.7882174541533,2.03717667343986,14.247865221267));
#1359=CARTESIAN_POINT('',(37.6609622484182,2.98149184134441,15.2445252310735));
#1360=CARTESIAN_POINT('',(35.533707042683,3.92580700924896,16.24118524088));
#1361=CARTESIAN_POINT('',(33.5137180880671,4.95999079931288,17.423322756443));
#1362=CARTESIAN_POINT('',(31.5682315968888,5.99911697142331,18.7393261588034));
#1363=CARTESIAN_POINT('',(29.6227451057105,7.03824314353373,20.0553295611637));
#1364=CARTESIAN_POINT('',(27.7515356270244,8.08282347295582,21.5058983535315));
#1365=CARTESIAN_POINT('',(25.9401756772991,9.0802760633031,23.0451914421686));
#1366=CARTESIAN_POINT('',(24.1288157275737,10.0777286536504,24.5844845308057));
#1367=CARTESIAN_POINT('',(22.3776479656531,11.0281091839596,26.2131440744728));
#1368=CARTESIAN_POINT('',(20.6839546935751,11.90870222926,27.8826083291941));
#1369=CARTESIAN_POINT('',(18.9902614214972,12.7892952745604,29.5520725839154));
#1370=CARTESIAN_POINT('',(17.3552434380862,13.60045236458,31.2628115027465));
#1371=CARTESIAN_POINT('',(15.7649182263542,14.3539177158711,32.9585140673872));
#1372=CARTESIAN_POINT('',(14.1745930146222,15.1073830671623,34.6542166320279));
#1373=CARTESIAN_POINT('',(12.630133400115,15.8045196312943,36.3354141073265));
#1374=CARTESIAN_POINT('',(11.0804668896574,16.4778324858574,37.934402723882));
#1375=CARTESIAN_POINT('',(9.53080037919986,17.1511453404204,39.5333913404376));
#1376=CARTESIAN_POINT('',(7.97571156050824,17.8055598375793,41.0516212056696));
#1377=CARTESIAN_POINT('',(6.3126512214076,18.45240861075,42.3988120093212));
#1378=CARTESIAN_POINT('',(52.,-0.5,15.3333333333333));
#1379=CARTESIAN_POINT('',(49.4175542349145,-0.5,15.3333333333333));
#1380=CARTESIAN_POINT('',(46.9860045262677,-0.123313915228203,15.6443609788643));
#1381=CARTESIAN_POINT('',(44.7133495792629,0.485141755083065,16.2032393560672));
#1382=CARTESIAN_POINT('',(42.440694632258,1.09359742539433,16.7621177332702));
#1383=CARTESIAN_POINT('',(40.3219770970288,1.93071611451458,17.5667198609183));
#1384=CARTESIAN_POINT('',(38.3153414449456,2.88403307528055,18.5483953078817));
#1385=CARTESIAN_POINT('',(36.3087057928625,3.83735003604651,19.530070754845));
#1386=CARTESIAN_POINT('',(34.4120353373591,4.90837317635473,20.6889157998984));
#1387=CARTESIAN_POINT('',(32.585250861472,6.01889903590391,21.9639414542282));
#1388=CARTESIAN_POINT('',(30.7584663855849,7.12942489545309,23.238967108558));
#1389=CARTESIAN_POINT('',(29.0013746701575,8.2798790823528,24.6306385468232));
#1390=CARTESIAN_POINT('',(27.2861961855299,9.41475124038802,26.0822348357668));
#1391=CARTESIAN_POINT('',(25.5710177009023,10.5496233984233,27.5338311247104));
#1392=CARTESIAN_POINT('',(23.8980123977611,11.6689840995827,29.0457798976018));
#1393=CARTESIAN_POINT('',(22.2471587772662,12.7380394071875,30.5599528051994));
#1394=CARTESIAN_POINT('',(20.5963051567714,13.8070947147924,32.0741257127971));
#1395=CARTESIAN_POINT('',(18.9684960620219,14.8260767884985,33.5908167277374));
#1396=CARTESIAN_POINT('',(17.3353522170248,15.7844348407839,35.0470464898533));
#1397=CARTESIAN_POINT('',(15.7022083720277,16.7427928930693,36.5032762519691));
#1398=CARTESIAN_POINT('',(14.0647454995451,17.6413993096615,37.8996646755082));
#1399=CARTESIAN_POINT('',(12.3671905586373,18.4860799752191,39.1641472378333));
#1400=CARTESIAN_POINT('',(10.6696356177295,19.3307606407768,40.4286298001583));
#1401=CARTESIAN_POINT('',(8.91164450381771,20.1269060582578,41.5630501799465));
#1402=CARTESIAN_POINT('',(6.99822417819146,20.8583080280094,42.4679621670773));
#1403=CARTESIAN_POINT('',(52.,-0.5,18.6666666666667));
#1404=CARTESIAN_POINT('',(49.4982746557985,-0.5,18.6666666666667));
#1405=CARTESIAN_POINT('',(47.176058095568,-0.156537531639109,18.9777948009969));
#1406=CARTESIAN_POINT('',(45.0157033533736,0.425150629144612,19.5328538006465));
#1407=CARTESIAN_POINT('',(42.8553486111792,1.00683878992833,20.087912800296));
#1408=CARTESIAN_POINT('',(40.8548078197281,1.82469913270264,20.8857294973771));
#1409=CARTESIAN_POINT('',(38.9684906599149,2.78748426889572,21.8525409876087));
#1410=CARTESIAN_POINT('',(37.0821735001018,3.7502694050888,22.8193524778403));
#1411=CARTESIAN_POINT('',(35.3087337753506,4.8586966557667,23.9550140060228));
#1412=CARTESIAN_POINT('',(33.6006866422253,6.04126513191095,25.1890592895819));
#1413=CARTESIAN_POINT('',(31.8926395091001,7.22383360805521,26.4231045731409));
#1414=CARTESIAN_POINT('',(30.2498251123138,8.48086093245237,27.7557630635808));
#1415=CARTESIAN_POINT('',(28.6308543993983,9.75403002206751,29.1193884879548));
#1416=CARTESIAN_POINT('',(27.0118836864827,11.0271991116826,30.4830139123287));
#1417=CARTESIAN_POINT('',(25.4169566816919,12.3165626939957,31.8778264864305));
#1418=CARTESIAN_POINT('',(23.8083957370656,13.5753856184107,33.2360269962891));
#1419=CARTESIAN_POINT('',(22.1998347924392,14.8342085428257,34.5942275061477));
#1420=CARTESIAN_POINT('',(20.5782366387452,16.0625411543569,35.9159932191753));
#1421=CARTESIAN_POINT('',(18.9002503953096,17.2275518772619,37.1312536834326));
#1422=CARTESIAN_POINT('',(17.2222641518739,18.3925626001668,38.3465141476899));
#1423=CARTESIAN_POINT('',(15.488643821519,19.4947948781567,39.4562108886357));
#1424=CARTESIAN_POINT('',(13.6384642279621,20.5120362940195,40.3816270348533));
#1425=CARTESIAN_POINT('',(11.7882846344052,21.5292777098824,41.307043181071));
#1426=CARTESIAN_POINT('',(9.81972026797198,22.4674761796369,42.0487037681133));
#1427=CARTESIAN_POINT('',(7.65474923662847,23.2736456840939,42.5));
#1428=CARTESIAN_POINT('',(52.,-0.5,22.));
#1429=CARTESIAN_POINT('',(49.5792984277349,-0.499999999999999,22.));
#1430=CARTESIAN_POINT('',(47.3665315413927,-0.189899953816299,22.3111833500799));
#1431=CARTESIAN_POINT('',(45.3179340799804,0.365194516020511,22.8624800750284));
#1432=CARTESIAN_POINT('',(43.2693366185681,0.92028898585732,23.413776799977));
#1433=CARTESIAN_POINT('',(41.386162443125,1.71953202544138,24.2050016960657));
#1434=CARTESIAN_POINT('',(39.6199831159939,2.69253348695061,25.1570693796798));
#1435=CARTESIAN_POINT('',(37.8538037888628,3.66553494845984,26.1091370632939));
#1436=CARTESIAN_POINT('',(36.2039656137978,4.81207284509764,27.2216171495586));
#1437=CARTESIAN_POINT('',(34.6152665067149,6.06720720930986,28.4144420514241));
#1438=CARTESIAN_POINT('',(33.026567399632,7.32234157352208,29.6072669532897));
#1439=CARTESIAN_POINT('',(31.4988394045493,8.68628982835089,30.880456751352));
#1440=CARTESIAN_POINT('',(29.9769027112621,10.098130172869,32.1553975919596));
#1441=CARTESIAN_POINT('',(28.4549660179748,11.509970517387,33.4303384325672));
#1442=CARTESIAN_POINT('',(26.938951485546,12.9697155629097,34.7070695346438));
#1443=CARTESIAN_POINT('',(25.3735712359414,14.4187638436041,35.9078698681744));
#1444=CARTESIAN_POINT('',(23.8081909863368,15.8678121242985,37.108670201705));
#1445=CARTESIAN_POINT('',(22.1936416115661,17.3060632830295,38.2336623427973));
#1446=CARTESIAN_POINT('',(20.4719650374631,18.6779580636625,39.2050438541017));
#1447=CARTESIAN_POINT('',(18.7502884633602,20.0498528442955,40.1764253654061));
#1448=CARTESIAN_POINT('',(16.9217275877302,21.3557358917949,40.9952126472798));
#1449=CARTESIAN_POINT('',(14.9223115828187,22.5429134502505,41.5763324603516));
#1450=CARTESIAN_POINT('',(12.9228955779071,23.7300910087061,42.1574522734235));
#1451=CARTESIAN_POINT('',(10.7507297804359,24.8029848600581,42.5));
#1452=CARTESIAN_POINT('',(8.34346246079465,25.6785247661409,42.5));
#1453=CARTESIAN_POINT('',(-5.03102059115318,10.9044817496153,42.176379090881));
#1454=CARTESIAN_POINT('',(-5.86474839409271,10.4796763638143,41.823620909119));
#1455=CARTESIAN_POINT('',(-5.03102057998705,10.9044817542467,42.1763790589131));
#1456=CARTESIAN_POINT('',(-5.86474838378224,10.4796763701257,41.8236208771502));
#1457=CARTESIAN_POINT('',(-5.03102059115318,10.9044817496153,42.176379090881));
#1458=CARTESIAN_POINT('',(-5.60934730698397,12.0127123991039,42.2086525125815));
#1459=CARTESIAN_POINT('',(-6.1925316434658,13.1184779073812,42.2456240296929));
#1460=CARTESIAN_POINT('',(-7.37552745005371,15.3215270398751,42.3234902249165));
#1461=CARTESIAN_POINT('',(-7.97587751893509,16.4185412040408,42.3642369304431));
#1462=CARTESIAN_POINT('',(-9.19233202499195,18.6045422835777,42.4333870881992));
#1463=CARTESIAN_POINT('',(-9.80805815617401,19.6937219554131,42.4608775073093));
#1464=CARTESIAN_POINT('',(-11.0377298902649,21.872988523237,42.4939526906972));
#1465=CARTESIAN_POINT('',(-11.650988193044,22.963435656534,42.5));
#1466=CARTESIAN_POINT('',(-12.2577401084016,24.0571778776082,42.5));
#1467=CARTESIAN_POINT('',(-12.2577401047611,24.0571778710457,42.5));
#1468=CARTESIAN_POINT('',(-12.2577401084016,24.0571778776082,42.5));
#1469=CARTESIAN_POINT('',(-12.2577401084016,24.0571778776082,41.5));
#1470=CARTESIAN_POINT('',(-12.2577401052323,24.0571778708056,41.5));
#1471=CARTESIAN_POINT('',(-5.86474839409271,10.4796763638143,41.823620909119));
#1472=CARTESIAN_POINT('',(-8.09133707997343,14.9568039432889,41.6945267650162));
#1473=CARTESIAN_POINT('',(-10.1448613960458,19.5221121929122,41.5));
#1474=CARTESIAN_POINT('',(-12.2577401084016,24.0571778776082,41.5));
#1475=CARTESIAN_POINT('',(-12.2577401084016,24.0571778776082,41.5));
#1476=CARTESIAN_POINT('',(-11.7295242107479,22.9234195707296,41.5));
#1477=CARTESIAN_POINT('',(-11.2077984546121,21.7863342916816,41.5060473093028));
#1478=CARTESIAN_POINT('',(-10.1675183167768,19.5105679192078,41.5391224926906));
#1479=CARTESIAN_POINT('',(-9.6482685119957,18.3722311208942,41.5666129118008));
#1480=CARTESIAN_POINT('',(-8.59477114612634,16.1031992601332,41.6357630695569));
#1481=CARTESIAN_POINT('',(-8.06014527904462,14.9726969541501,41.6765097750835));
#1482=CARTESIAN_POINT('',(-6.97318921370631,12.7207131463462,41.7543759703071));
#1483=CARTESIAN_POINT('',(-6.42139359370526,11.5989542937575,41.7913474874185));
#1484=CARTESIAN_POINT('',(-5.86474839409271,10.4796763638143,41.823620909119));
#1485=CARTESIAN_POINT('',(-12.2577401084016,24.0571778776082,42.5));
#1486=CARTESIAN_POINT('',(-11.650988193044,22.963435656534,42.5));
#1487=CARTESIAN_POINT('',(-11.0377298902649,21.872988523237,42.4939526906972));
#1488=CARTESIAN_POINT('',(-9.80805815617401,19.6937219554131,42.4608775073093));
#1489=CARTESIAN_POINT('',(-9.19233202499195,18.6045422835777,42.4333870881992));
#1490=CARTESIAN_POINT('',(-7.97587751893509,16.4185412040408,42.3642369304431));
#1491=CARTESIAN_POINT('',(-7.37552745005371,15.3215270398751,42.3234902249165));
#1492=CARTESIAN_POINT('',(-6.1925316434658,13.1184779073812,42.2456240296929));
#1493=CARTESIAN_POINT('',(-5.60934730698397,12.0127123991039,42.2086525125815));
#1494=CARTESIAN_POINT('',(-5.03102059115318,10.9044817496153,42.176379090881));
#1495=CARTESIAN_POINT('',(-12.2577401084016,24.0571778776082,42.5));
#1496=CARTESIAN_POINT('',(-11.0969893445091,24.5987734216386,42.5));
#1497=CARTESIAN_POINT('',(-9.94212966718529,25.0633585162181,42.4144453763103));
#1498=CARTESIAN_POINT('',(-7.65126523914057,25.8663510828104,42.0977655367052));
#1499=CARTESIAN_POINT('',(-6.51521021595509,26.2047450228485,41.8668923668875));
#1500=CARTESIAN_POINT('',(-3.13531733964159,27.0662539929927,40.9952126472798));
#1501=CARTESIAN_POINT('',(-0.918930786347857,27.4358430296397,40.1764253654061));
#1502=CARTESIAN_POINT('',(3.45603977968865,27.930509185836,38.2336623427973));
#1503=CARTESIAN_POINT('',(5.61469573853759,28.0551708499087,37.108670201705));
#1504=CARTESIAN_POINT('',(9.87774144889085,28.2196890980792,34.7070695346438));
#1505=CARTESIAN_POINT('',(11.9819212256412,28.2594776338443,33.4303384325672));
#1506=CARTESIAN_POINT('',(16.1309085014842,28.4151773834415,30.880456751352));
#1507=CARTESIAN_POINT('',(18.1756323867927,28.5309871483959,29.6072669532897));
#1508=CARTESIAN_POINT('',(22.1974202510289,29.0027189316932,27.2216171495586));
#1509=CARTESIAN_POINT('',(24.1747567340777,29.3586059715421,26.1091370632939));
#1510=CARTESIAN_POINT('',(28.0485433551647,30.4803288664787,24.2050016960657));
#1511=CARTESIAN_POINT('',(29.9452987578819,31.2467839229839,23.413776799977));
#1512=CARTESIAN_POINT('',(33.6274751992958,33.3589161091147,22.3111833500799));
#1513=CARTESIAN_POINT('',(35.411569580293,34.7044627991065,22.));
#1514=CARTESIAN_POINT('',(37.1231060122938,36.4159992311072,22.));
#1515=CARTESIAN_POINT('',(37.1231060122938,36.4159992311072,21.99999999));
#1516=CARTESIAN_POINT('',(37.1231060122938,36.4159992311072,22.));
#1517=CARTESIAN_POINT('',(36.4159992311072,37.1231060122937,22.));
#1518=CARTESIAN_POINT('',(36.4159992311072,37.1231060122937,22.));
#1519=CARTESIAN_POINT('',(-12.2577401084016,24.0571778776082,41.5));
#1520=CARTESIAN_POINT('',(-7.92381064424912,26.464751975016,41.5));
#1521=CARTESIAN_POINT('',(-3.49744259177584,27.6939683322243,40.3521931232895));
#1522=CARTESIAN_POINT('',(5.30012107761674,28.9830130068284,36.7377191685071));
#1523=CARTESIAN_POINT('',(9.64862176383618,29.0632457496849,34.2947207268252));
#1524=CARTESIAN_POINT('',(22.1950295585829,29.6553947730922,26.9443657704707));
#1525=CARTESIAN_POINT('',(29.8102173490714,30.517324130258,22.));
#1526=CARTESIAN_POINT('',(36.4159992311072,37.1231060122937,22.));
#1527=CARTESIAN_POINT('',(36.4159992311072,37.1231060122937,22.));
#1528=CARTESIAN_POINT('',(34.7643956956215,35.471502476808,22.));
#1529=CARTESIAN_POINT('',(33.0550647010273,34.1832927166519,22.3138166499201));
#1530=CARTESIAN_POINT('',(29.5198022786255,32.1556203434245,23.398723200023));
#1531=CARTESIAN_POINT('',(27.6925441931183,31.4160272907191,24.1699983039343));
#1532=CARTESIAN_POINT('',(23.9176984286999,30.3223036144312,26.0158629367061));
#1533=CARTESIAN_POINT('',(21.9704160144677,29.9687921922662,27.0908828504414));
#1534=CARTESIAN_POINT('',(17.972343378662,29.4873180049918,29.3927330467103));
#1535=CARTESIAN_POINT('',(15.9218256612095,29.3593202613886,30.619543248648));
#1536=CARTESIAN_POINT('',(11.7396897296273,29.1619372535861,33.0696615674328));
#1537=CARTESIAN_POINT('',(9.60798790171323,29.0924505405094,34.2929304653562));
#1538=CARTESIAN_POINT('',(5.28861310441089,28.8418918569713,36.578829798295));
#1539=CARTESIAN_POINT('',(3.1007301602686,28.6607518381774,37.6413376572027));
#1540=CARTESIAN_POINT('',(-1.29805167442769,28.0162295008754,39.4485746345939));
#1541=CARTESIAN_POINT('',(-3.50887861887553,27.5524317268906,40.1922873527202));
#1542=CARTESIAN_POINT('',(-6.80782490755466,26.5198776149579,40.9612326331125));
#1543=CARTESIAN_POINT('',(-7.90438609243012,26.1195867166156,41.1600469632948));
#1544=CARTESIAN_POINT('',(-10.0876792153537,25.1891663143529,41.4293046236897));
#1545=CARTESIAN_POINT('',(-11.1743509925541,24.659019599838,41.5));
#1546=CARTESIAN_POINT('',(-12.2577401084016,24.0571778776082,41.5));
#1547=CARTESIAN_POINT('',(37.1231060122938,36.4159992311072,22.));
#1548=CARTESIAN_POINT('',(35.411569580293,34.7044627991065,22.));
#1549=CARTESIAN_POINT('',(33.6274751992958,33.3589161091147,22.3111833500799));
#1550=CARTESIAN_POINT('',(29.9452987578819,31.2467839229839,23.413776799977));
#1551=CARTESIAN_POINT('',(28.0485433551647,30.4803288664787,24.2050016960657));
#1552=CARTESIAN_POINT('',(24.1747567340777,29.3586059715421,26.1091370632939));
#1553=CARTESIAN_POINT('',(22.1974202510289,29.0027189316932,27.2216171495586));
#1554=CARTESIAN_POINT('',(18.1756323867927,28.5309871483959,29.6072669532897));
#1555=CARTESIAN_POINT('',(16.1309085014842,28.4151773834415,30.880456751352));
#1556=CARTESIAN_POINT('',(11.9819212256412,28.2594776338443,33.4303384325672));
#1557=CARTESIAN_POINT('',(9.87774144889085,28.2196890980792,34.7070695346438));
#1558=CARTESIAN_POINT('',(5.61469573853759,28.0551708499087,37.108670201705));
#1559=CARTESIAN_POINT('',(3.45603977968865,27.930509185836,38.2336623427973));
#1560=CARTESIAN_POINT('',(-0.918930786347857,27.4358430296397,40.1764253654061));
#1561=CARTESIAN_POINT('',(-3.13531733964159,27.0662539929927,40.9952126472798));
#1562=CARTESIAN_POINT('',(-6.51521021595509,26.2047450228485,41.8668923668875));
#1563=CARTESIAN_POINT('',(-7.65126523914057,25.8663510828104,42.0977655367052));
#1564=CARTESIAN_POINT('',(-9.94212966718529,25.0633585162181,42.4144453763103));
#1565=CARTESIAN_POINT('',(-11.0969893445091,24.5987734216386,42.5));
#1566=CARTESIAN_POINT('',(-12.2577401084016,24.0571778776082,42.5));
#1567=CARTESIAN_POINT('',(37.1231060122938,36.4159992311072,21.99999999));
#1568=CARTESIAN_POINT('',(37.1231060122938,36.4159992311072,15.3333333266667));
#1569=CARTESIAN_POINT('',(37.1231060122938,36.4159992311072,8.66666666333333));
#1570=CARTESIAN_POINT('',(37.1231060122938,36.4159992311072,2.));
#1571=CARTESIAN_POINT('',(37.1231060122938,36.4159992311072,2.));
#1572=CARTESIAN_POINT('',(37.1231060122938,36.4159992311072,2.));
#1573=CARTESIAN_POINT('',(36.8874037518983,36.6517014915027,2.));
#1574=CARTESIAN_POINT('',(36.6517014915027,36.8874037518982,2.));
#1575=CARTESIAN_POINT('',(36.4159992311072,37.1231060122937,2.));
#1576=CARTESIAN_POINT('',(36.4159992311072,37.1231060122937,2.));
#1577=CARTESIAN_POINT('',(36.4159992311072,37.1231060122937,22.));
#1578=CARTESIAN_POINT('',(36.4159992311072,37.1231060122937,15.3333333333333));
#1579=CARTESIAN_POINT('',(36.4159992311072,37.1231060122937,8.66666666666666));
#1580=CARTESIAN_POINT('',(36.4159992311072,37.1231060122937,2.));
#1581=CARTESIAN_POINT('',(36.4159992311072,37.1231060122937,22.));
#1582=CARTESIAN_POINT('',(37.1231060122938,36.4159992311072,2.));
#1583=CARTESIAN_POINT('',(36.0961346452269,35.3890278640403,2.));
#1584=CARTESIAN_POINT('',(34.9830961175551,34.4557945351811,2.07637944839193));
#1585=CARTESIAN_POINT('',(32.6676129704324,32.7537783929984,2.37541027767362));
#1586=CARTESIAN_POINT('',(31.4650791072824,31.9842928842414,2.59763410520665));
#1587=CARTESIAN_POINT('',(29.0323883955291,30.5644893643662,3.17202807191008));
#1588=CARTESIAN_POINT('',(27.8016513764638,29.9138495914991,3.52424331855473));
#1589=CARTESIAN_POINT('',(25.3499179333325,28.6878068660968,4.34452100570905));
#1590=CARTESIAN_POINT('',(24.1282160914817,28.1120591508192,4.81269033624369));
#1591=CARTESIAN_POINT('',(21.7180416863573,27.0008758256579,5.85463984455311));
#1592=CARTESIAN_POINT('',(20.5290091227567,26.4651830791121,6.42854067523248));
#1593=CARTESIAN_POINT('',(18.2014934857233,25.4087043095419,7.67489127273731));
#1594=CARTESIAN_POINT('',(17.0625468404142,24.8877032515872,8.34747028327788));
#1595=CARTESIAN_POINT('',(14.8504468516416,23.8446070401959,9.78651337394369));
#1596=CARTESIAN_POINT('',(13.7768708462847,23.3223015414619,10.5531229682174));
#1597=CARTESIAN_POINT('',(11.708583062038,22.2692384748795,12.1768877533024));
#1598=CARTESIAN_POINT('',(10.7134882102571,21.7382670564728,13.0342029205821));
#1599=CARTESIAN_POINT('',(8.81282507845251,20.6684000539679,14.8362562052605));
#1600=CARTESIAN_POINT('',(7.90692068478734,20.1292865886594,15.7811654145219));
#1601=CARTESIAN_POINT('',(6.19298180585148,19.0508809600179,17.7543645230015));
#1602=CARTESIAN_POINT('',(5.38460011115794,18.5113228062166,18.7828730436645));
#1603=CARTESIAN_POINT('',(3.8692975224746,17.4459419291397,20.9175871272064));
#1604=CARTESIAN_POINT('',(3.16199900916348,16.9197719814205,22.024095219398));
#1605=CARTESIAN_POINT('',(1.84408602577484,15.8993584312198,24.307151746961));
#1606=CARTESIAN_POINT('',(1.23318364641084,15.4047916243257,25.4840093770779));
#1607=CARTESIAN_POINT('',(0.0945938208018688,14.466638123098,27.8977037785184));
#1608=CARTESIAN_POINT('',(-0.433317859113073,14.022744489893,29.1348797309711));
#1609=CARTESIAN_POINT('',(-1.42857718158637,13.2021079478354,31.6564645613709));
#1610=CARTESIAN_POINT('',(-1.89607632605926,12.8251236617904,32.9412096971828));
#1611=CARTESIAN_POINT('',(-2.80140541713491,12.1476938947529,35.543077495998));
#1612=CARTESIAN_POINT('',(-3.23932567570016,11.8471238623452,36.8604689336574));
#1613=CARTESIAN_POINT('',(-4.12146994887133,11.3220109513166,39.5110539855621));
#1614=CARTESIAN_POINT('',(-4.56575957649202,11.0974597148018,40.8443642807582));
#1615=CARTESIAN_POINT('',(-5.03102059115318,10.9044817496153,42.176379090881));
#1616=CARTESIAN_POINT('',(36.4159992311072,37.1231060122937,2.));
#1617=CARTESIAN_POINT('',(34.4450305829411,35.1521373641276,2.));
#1618=CARTESIAN_POINT('',(32.1299185697484,33.5301198227917,2.31061207140773));
#1619=CARTESIAN_POINT('',(27.3574761231931,30.7448227026552,3.4479317684526));
#1620=CARTESIAN_POINT('',(24.8985058008088,29.5680343728457,4.26926735355147));
#1621=CARTESIAN_POINT('',(17.6769953713635,26.2368825647074,7.3492568187691));
#1622=CARTESIAN_POINT('',(13.0675287934554,24.2144783167437,10.2147836525846));
#1623=CARTESIAN_POINT('',(5.26391377163499,19.7620787113056,17.3274535964301));
#1624=CARTESIAN_POINT('',(2.1153440115949,17.3615366970523,21.605048532201));
#1625=CARTESIAN_POINT('',(-2.57768943918959,13.1860261398554,31.1950255026416));
#1626=CARTESIAN_POINT('',(-4.14633769302995,11.5315849497653,36.4954859197651));
#1627=CARTESIAN_POINT('',(-5.86474839409271,10.4796763638143,41.823620909119));
#1628=CARTESIAN_POINT('',(36.4159992311072,37.1231060122937,2.));
#1629=CARTESIAN_POINT('',(35.4301591548534,36.1372659360399,2.));
#1630=CARTESIAN_POINT('',(34.3563724410215,35.2362066108759,2.07665157619416));
#1631=CARTESIAN_POINT('',(32.1097335551518,33.5847988624222,2.37432120636371));
#1632=CARTESIAN_POINT('',(30.9368079581096,32.8337955427576,2.59494199566895));
#1633=CARTESIAN_POINT('',(28.5505867348319,31.4411469826893,3.16360184419138));
#1634=CARTESIAN_POINT('',(27.3378712790585,30.7998235040345,3.51159579593431));
#1635=CARTESIAN_POINT('',(24.9096855673674,29.58549883373,4.32114778439498));
#1636=CARTESIAN_POINT('',(23.6949207292346,29.0128424048226,4.78259893108774));
#1637=CARTESIAN_POINT('',(21.2877505860861,27.9024584687765,5.80926208616028));
#1638=CARTESIAN_POINT('',(20.0959052813976,27.3649880982998,6.37435344163548));
#1639=CARTESIAN_POINT('',(17.7534896306733,26.2998301967417,7.60173756289919));
#1640=CARTESIAN_POINT('',(16.603382856514,25.7723577005904,8.2639010849726));
#1641=CARTESIAN_POINT('',(14.3612651489731,24.7106667438182,9.68129588160678));
#1642=CARTESIAN_POINT('',(13.2696768774849,24.1766586284945,10.4363816420191));
#1643=CARTESIAN_POINT('',(11.1594393466892,23.0936325636586,12.0368311302133));
#1644=CARTESIAN_POINT('',(10.1411731602728,22.5448284647044,12.8820348815267));
#1645=CARTESIAN_POINT('',(8.19026940481766,21.4317285633449,14.6602023674881));
#1646=CARTESIAN_POINT('',(7.25796794942033,20.8676506421497,15.5929950102733));
#1647=CARTESIAN_POINT('',(5.48958839914421,19.7308033253686,17.5430057716833));
#1648=CARTESIAN_POINT('',(4.65385751368825,19.1582999202508,18.5600052688631));
#1649=CARTESIAN_POINT('',(3.08490635060646,18.0180658200117,20.6733763209865));
#1650=CARTESIAN_POINT('',(2.35206369230195,17.4506823493338,21.7694453466172));
#1651=CARTESIAN_POINT('',(0.987194796130845,16.3393479561734,24.0335567315549));
#1652=CARTESIAN_POINT('',(0.355456467550718,15.7957202381035,25.2012898961162));
#1653=CARTESIAN_POINT('',(-0.817801895145404,14.7518425988043,27.5987841387264));
#1654=CARTESIAN_POINT('',(-1.35909769559142,14.2518996164464,28.828206035646));
#1655=CARTESIAN_POINT('',(-2.37135276046193,13.3127583454987,31.3362149236931));
#1656=CARTESIAN_POINT('',(-2.84216052297189,12.8738014341011,32.6144656569556));
#1657=CARTESIAN_POINT('',(-3.74142240306744,12.0672708195924,35.2052806692974));
#1658=CARTESIAN_POINT('',(-4.16978620869055,11.6998216678966,36.5175761737204));
#1659=CARTESIAN_POINT('',(-5.01668359434481,11.0375076226401,39.1607961238525));
#1660=CARTESIAN_POINT('',(-5.43515060537852,10.7426505190465,40.4916023131096));
#1661=CARTESIAN_POINT('',(-5.86474839409271,10.4796763638143,41.823620909119));
#1662=CARTESIAN_POINT('',(37.1231060122938,36.4159992311072,2.));
#1663=CARTESIAN_POINT('',(36.0961346452269,35.3890278640403,2.));
#1664=CARTESIAN_POINT('',(34.9830961175551,34.4557945351811,2.07637944839193));
#1665=CARTESIAN_POINT('',(32.6676129704324,32.7537783929984,2.37541027767362));
#1666=CARTESIAN_POINT('',(31.4650791072824,31.9842928842414,2.59763410520665));
#1667=CARTESIAN_POINT('',(29.0323883955291,30.5644893643662,3.17202807191008));
#1668=CARTESIAN_POINT('',(27.8016513764638,29.9138495914991,3.52424331855473));
#1669=CARTESIAN_POINT('',(25.3499179333325,28.6878068660968,4.34452100570905));
#1670=CARTESIAN_POINT('',(24.1282160914817,28.1120591508192,4.81269033624369));
#1671=CARTESIAN_POINT('',(21.7180416863573,27.0008758256579,5.85463984455311));
#1672=CARTESIAN_POINT('',(20.5290091227567,26.4651830791121,6.42854067523248));
#1673=CARTESIAN_POINT('',(18.2014934857233,25.4087043095419,7.67489127273731));
#1674=CARTESIAN_POINT('',(17.0625468404142,24.8877032515872,8.34747028327788));
#1675=CARTESIAN_POINT('',(14.8504468516416,23.8446070401959,9.78651337394369));
#1676=CARTESIAN_POINT('',(13.7768708462847,23.3223015414619,10.5531229682174));
#1677=CARTESIAN_POINT('',(11.708583062038,22.2692384748795,12.1768877533024));
#1678=CARTESIAN_POINT('',(10.7134882102571,21.7382670564728,13.0342029205821));
#1679=CARTESIAN_POINT('',(8.81282507845251,20.6684000539679,14.8362562052605));
#1680=CARTESIAN_POINT('',(7.90692068478734,20.1292865886594,15.7811654145219));
#1681=CARTESIAN_POINT('',(6.19298180585148,19.0508809600179,17.7543645230015));
#1682=CARTESIAN_POINT('',(5.38460011115794,18.5113228062166,18.7828730436645));
#1683=CARTESIAN_POINT('',(3.8692975224746,17.4459419291397,20.9175871272064));
#1684=CARTESIAN_POINT('',(3.16199900916348,16.9197719814205,22.024095219398));
#1685=CARTESIAN_POINT('',(1.84408602577484,15.8993584312198,24.307151746961));
#1686=CARTESIAN_POINT('',(1.23318364641084,15.4047916243257,25.4840093770779));
#1687=CARTESIAN_POINT('',(0.0945938208018688,14.466638123098,27.8977037785184));
#1688=CARTESIAN_POINT('',(-0.433317859113073,14.022744489893,29.1348797309711));
#1689=CARTESIAN_POINT('',(-1.42857718158637,13.2021079478354,31.6564645613709));
#1690=CARTESIAN_POINT('',(-1.89607632605926,12.8251236617904,32.9412096971828));
#1691=CARTESIAN_POINT('',(-2.80140541713491,12.1476938947529,35.543077495998));
#1692=CARTESIAN_POINT('',(-3.23932567570016,11.8471238623452,36.8604689336574));
#1693=CARTESIAN_POINT('',(-4.12146994887133,11.3220109513166,39.5110539855621));
#1694=CARTESIAN_POINT('',(-4.56575957649202,11.0974597148018,40.8443642807582));
#1695=CARTESIAN_POINT('',(-5.03102059115318,10.9044817496153,42.176379090881));
#1696=CARTESIAN_POINT('',(36.4159992311072,37.1231060122937,22.));
#1697=CARTESIAN_POINT('',(34.7645537605983,35.4716605417848,22.));
#1698=CARTESIAN_POINT('',(33.0550647010273,34.183292716652,22.3138166499201));
#1699=CARTESIAN_POINT('',(31.2874334898264,33.1694565300382,22.8562699249716));
#1700=CARTESIAN_POINT('',(29.5198022786255,32.1556203434245,23.398723200023));
#1701=CARTESIAN_POINT('',(27.6925441931183,31.4160272907191,24.1699983039343));
#1702=CARTESIAN_POINT('',(25.8051213109091,30.8691654525751,25.0929306203202));
#1703=CARTESIAN_POINT('',(23.9176984286999,30.3223036144312,26.0158629367061));
#1704=CARTESIAN_POINT('',(21.9704160144677,29.9687921922662,27.0908828504414));
#1705=CARTESIAN_POINT('',(19.9713796965649,29.728055098629,28.2418079485759));
#1706=CARTESIAN_POINT('',(17.972343378662,29.4873180049918,29.3927330467103));
#1707=CARTESIAN_POINT('',(15.9218256612095,29.3593202613886,30.6195432486479));
#1708=CARTESIAN_POINT('',(13.8307576954184,29.2606287574874,31.8446024080404));
#1709=CARTESIAN_POINT('',(11.7396897296273,29.1619372535861,33.0696615674328));
#1710=CARTESIAN_POINT('',(9.60798790171323,29.0924505405094,34.2929304653562));
#1711=CARTESIAN_POINT('',(7.44830050306206,28.9671711987403,35.4358801318256));
#1712=CARTESIAN_POINT('',(5.28861310441089,28.8418918569712,36.578829798295));
#1713=CARTESIAN_POINT('',(3.1007301602686,28.6607518381774,37.6413376572027));
#1714=CARTESIAN_POINT('',(0.901339242920455,28.3384906695264,38.5449561458983));
#1715=CARTESIAN_POINT('',(-1.29805167442769,28.0162295008754,39.4485746345939));
#1716=CARTESIAN_POINT('',(-3.50887861887552,27.5524317268906,40.1922873527203));
#1717=CARTESIAN_POINT('',(-5.70817614466162,26.8640623189355,40.7049175396484));
#1718=CARTESIAN_POINT('',(-7.90747367044771,26.1756929109804,41.2175477265765));
#1719=CARTESIAN_POINT('',(-10.0907753763254,25.2609649263121,41.5));
#1720=CARTESIAN_POINT('',(-12.2577401084016,24.0571778776082,41.5));
#1721=CARTESIAN_POINT('',(36.4159992311072,37.1231060122937,18.6666666666667));
#1722=CARTESIAN_POINT('',(34.7116613181027,35.4187680992892,18.6666666666667));
#1723=CARTESIAN_POINT('',(32.9014744165949,34.0747379270729,18.9798800645468));
#1724=CARTESIAN_POINT('',(31.0299733651668,32.9973631922978,19.5267883674349));
#1725=CARTESIAN_POINT('',(29.1584723137387,31.9199884575227,20.073696670323));
#1726=CARTESIAN_POINT('',(27.2244199496675,31.1072755449436,20.8536009918963));
#1727=CARTESIAN_POINT('',(25.249218584795,30.4669473532768,21.794058278895));
#1728=CARTESIAN_POINT('',(23.2740172199225,29.8266191616101,22.7345155658938));
#1729=CARTESIAN_POINT('',(21.2572755774548,29.3590059186608,23.835928064744));
#1730=CARTESIAN_POINT('',(19.2172713188366,28.9826084246154,25.0310807624016));
#1731=CARTESIAN_POINT('',(17.1772670602184,28.6062109305701,26.2262334600591));
#1732=CARTESIAN_POINT('',(15.1143704136177,28.3211137906153,27.5152581725506));
#1733=CARTESIAN_POINT('',(13.0461929291561,28.0546868305024,28.8316695432833));
#1734=CARTESIAN_POINT('',(10.9780154446946,27.7882598703895,30.148080914016));
#1735=CARTESIAN_POINT('',(8.90482778404274,27.5405606394286,31.4919794710186));
#1736=CARTESIAN_POINT('',(6.84232352528943,27.2473115473943,32.7949181504376));
#1737=CARTESIAN_POINT('',(4.77981926653611,26.9540624553599,34.0978568298565));
#1738=CARTESIAN_POINT('',(2.72832341919895,26.6156963133412,35.3597909393529));
#1739=CARTESIAN_POINT('',(0.697587654634977,26.1734243867791,36.508895249104));
#1740=CARTESIAN_POINT('',(-1.333148109929,25.7311524602169,37.6579995588551));
#1741=CARTESIAN_POINT('',(-3.34337694739906,25.1853622472489,38.6932614361243));
#1742=CARTESIAN_POINT('',(-5.32703547175711,24.4747544829274,39.5447507584328));
#1743=CARTESIAN_POINT('',(-7.31069399611516,23.7641467186058,40.3962400807413));
#1744=CARTESIAN_POINT('',(-9.26371177155399,22.8865463988943,41.0632856216764));
#1745=CARTESIAN_POINT('',(-11.2013007522237,21.7896450352602,41.5));
#1746=CARTESIAN_POINT('',(36.4159992311072,37.1231060122937,15.3333333333333));
#1747=CARTESIAN_POINT('',(34.6585543740209,35.3656611552074,15.3333333333333));
#1748=CARTESIAN_POINT('',(32.7474890841263,33.9659843904549,15.6459887522233));
#1749=CARTESIAN_POINT('',(30.7726250060302,32.8253321044834,16.1972949800956));
#1750=CARTESIAN_POINT('',(28.7977609279341,31.6846798185119,16.748601207968));
#1751=CARTESIAN_POINT('',(26.7579404181012,30.7989666069366,17.5369411176285));
#1752=CARTESIAN_POINT('',(24.6956173380449,30.0647707855069,18.4948032251258));
#1753=CARTESIAN_POINT('',(22.6332942579886,29.3305749640772,19.4526653326231));
#1754=CARTESIAN_POINT('',(20.5473307748096,28.7480980956537,20.5804683416351));
#1755=CARTESIAN_POINT('',(18.4662967659941,28.2352383741045,21.8200886497386));
#1756=CARTESIAN_POINT('',(16.3852627571786,27.7223786525553,23.0597089578421));
#1757=CARTESIAN_POINT('',(14.3096610000519,27.2793640813868,24.4114039254398));
#1758=CARTESIAN_POINT('',(12.2640544379755,26.8443527329977,25.8198812267094));
#1759=CARTESIAN_POINT('',(10.2184478758991,26.4093413846085,27.2283585279791));
#1760=CARTESIAN_POINT('',(8.2034522303482,25.9825720877242,28.6938320172966));
#1761=CARTESIAN_POINT('',(6.23782685781039,25.5204016503767,30.158187488254));
#1762=CARTESIAN_POINT('',(4.27220148527258,25.0582312130293,31.6225429592113));
#1763=CARTESIAN_POINT('',(2.35690193718323,24.5616448636673,33.0857515893188));
#1764=CARTESIAN_POINT('',(0.494170305863561,23.998383928867,34.4832513752199));
#1765=CARTESIAN_POINT('',(-1.36856132545611,23.4351229940667,35.8807511611209));
#1766=CARTESIAN_POINT('',(-3.17903493040328,22.806462242271,37.2117799740118));
#1767=CARTESIAN_POINT('',(-4.95130617964035,22.0730761510989,38.407358348739));
#1768=CARTESIAN_POINT('',(-6.72357742887743,21.3396900599268,39.6029367234662));
#1769=CARTESIAN_POINT('',(-8.45644375495438,20.4994902417528,40.6609285996329));
#1770=CARTESIAN_POINT('',(-10.1750171949304,19.5067470512747,41.5320378329227));
#1771=CARTESIAN_POINT('',(36.4159992311072,37.1231060122937,12.));
#1772=CARTESIAN_POINT('',(34.6052857862911,35.3123925674776,12.));
#1773=CARTESIAN_POINT('',(32.5932604232276,33.8571040340927,12.3121255918084));
#1774=CARTESIAN_POINT('',(30.5153461807809,32.6533403287755,12.8677942028429));
#1775=CARTESIAN_POINT('',(28.4374319383343,31.4495766234583,13.4234628138773));
#1776=CARTESIAN_POINT('',(26.2924313886755,30.4910008583006,14.2201262465532));
#1777=CARTESIAN_POINT('',(24.143529258255,29.6628205073778,15.1952725684377));
#1778=CARTESIAN_POINT('',(21.9946271278346,28.8346401564551,16.1704188903222));
#1779=CARTESIAN_POINT('',(19.8399032112613,28.1369623784458,17.3245034558572));
#1780=CARTESIAN_POINT('',(17.7182690915208,27.4871608295325,18.6085939971469));
#1781=CARTESIAN_POINT('',(15.5966349717803,26.8373592806191,19.8926845384365));
#1782=CARTESIAN_POINT('',(13.5087097470786,26.2358199898999,21.307165354863));
#1783=CARTESIAN_POINT('',(11.4862758957596,25.6315852616916,22.8079826515457));
#1784=CARTESIAN_POINT('',(9.46384204444053,25.0273505334834,24.3087999482285));
#1785=CARTESIAN_POINT('',(7.50782108979122,24.4208475156948,25.8962737978747));
#1786=CARTESIAN_POINT('',(5.64038439872875,23.7892194782484,27.522727110986));
#1787=CARTESIAN_POINT('',(3.77294770766629,23.157591440802,29.1491804240973));
#1788=CARTESIAN_POINT('',(1.99562884402075,22.5024118099398,30.8145409728379));
#1789=CARTESIAN_POINT('',(0.303576850479664,21.8183483985223,32.4619327302226));
#1790=CARTESIAN_POINT('',(-1.38847514306142,21.1342849871048,34.1093244876072));
#1791=CARTESIAN_POINT('',(-2.99543863080924,20.4234595240777,35.7380028669535));
#1792=CARTESIAN_POINT('',(-4.55213005461521,19.669800585413,37.2822306559764));
#1793=CARTESIAN_POINT('',(-6.10882147842119,18.9161416467484,38.8264584449993));
#1794=CARTESIAN_POINT('',(-7.61588438752311,18.1185387343503,40.2843469636994));
#1795=CARTESIAN_POINT('',(-9.12151982906102,17.2377151905137,41.6011879906788));
#1796=CARTESIAN_POINT('',(36.4159992311072,37.1231060122937,8.66666666666666));
#1797=CARTESIAN_POINT('',(34.5520171985612,35.2591239797477,8.66666666666666));
#1798=CARTESIAN_POINT('',(32.4390317623289,33.7482236777305,8.97826243139363));
#1799=CARTESIAN_POINT('',(30.2580673555317,32.4813485530676,9.53829342559015));
#1800=CARTESIAN_POINT('',(28.0771029487345,31.2144734284047,10.0983244197867));
#1801=CARTESIAN_POINT('',(25.8269223592497,30.1830351096645,10.903311375478));
#1802=CARTESIAN_POINT('',(23.5914411784651,29.2608702292487,11.8957419117496));
#1803=CARTESIAN_POINT('',(21.3559599976805,28.3387053488329,12.8881724480212));
#1804=CARTESIAN_POINT('',(19.132475647713,27.5258266612379,14.0685385700793));
#1805=CARTESIAN_POINT('',(16.9702414170475,26.7390832849604,15.3970993445551));
#1806=CARTESIAN_POINT('',(14.8080071863819,25.9523399086829,16.7256601190309));
#1807=CARTESIAN_POINT('',(12.7077584941052,25.192275898413,18.2029267842862));
#1808=CARTESIAN_POINT('',(10.7084973535436,24.4188177903856,19.7960840763821));
#1809=CARTESIAN_POINT('',(8.70923621298193,23.6453596823582,21.3892413684779));
#1810=CARTESIAN_POINT('',(6.81218994923424,22.8591229436654,23.0987155784529));
#1811=CARTESIAN_POINT('',(5.04294193964712,22.0580373061201,24.8872667337181));
#1812=CARTESIAN_POINT('',(3.27369393005999,21.2569516685747,26.6758178889832));
#1813=CARTESIAN_POINT('',(1.63435575085826,20.4431787562122,28.543330356357));
#1814=CARTESIAN_POINT('',(0.112983395095768,19.6383128681775,30.4406140852253));
#1815=CARTESIAN_POINT('',(-1.40838896066672,18.8334469801428,32.3378978140935));
#1816=CARTESIAN_POINT('',(-2.81184233121519,18.0404568058844,34.2642257598952));
#1817=CARTESIAN_POINT('',(-4.15295392959007,17.2665250197272,36.1571029632138));
#1818=CARTESIAN_POINT('',(-5.49406552796495,16.4925932335699,38.0499801665324));
#1819=CARTESIAN_POINT('',(-6.77532502009183,15.7375872269478,39.907765327766));
#1820=CARTESIAN_POINT('',(-8.06802246319166,14.9686833297527,41.6703381484349));
#1821=CARTESIAN_POINT('',(36.4159992311072,37.1231060122937,5.33333333333333));
#1822=CARTESIAN_POINT('',(34.4985864916665,35.205693272853,5.33333333333333));
#1823=CARTESIAN_POINT('',(32.2845564685848,33.6392151180548,5.64442778479113));
#1824=CARTESIAN_POINT('',(30.0008589567843,32.3093965500039,6.2087851658339));
#1825=CARTESIAN_POINT('',(27.7171614449838,30.9795779819529,6.77314254687666));
#1826=CARTESIAN_POINT('',(25.3623996840956,29.8754097170873,7.58633917652691));
#1827=CARTESIAN_POINT('',(23.0408751423873,28.8591357700247,8.59593545712485));
#1828=CARTESIAN_POINT('',(20.7193506006791,27.8428618229621,9.60553173772279));
#1829=CARTESIAN_POINT('',(18.4275441603812,26.9144432025872,10.8120772872188));
#1830=CARTESIAN_POINT('',(16.2251224239893,25.990297663054,12.1851109105908));
#1831=CARTESIAN_POINT('',(14.0227006875975,25.0661521235208,13.5581445339628));
#1832=CARTESIAN_POINT('',(11.9105019536284,24.146991692998,15.098305711029));
#1833=CARTESIAN_POINT('',(9.93502480658307,23.2037306723409,16.7840434172838));
#1834=CARTESIAN_POINT('',(7.95954765953775,22.2604696516838,18.4697811235386));
#1835=CARTESIAN_POINT('',(6.12228698417592,21.2939140831875,20.3016278735419));
#1836=CARTESIAN_POINT('',(4.45258069354865,20.3229855331682,22.2528115296735));
#1837=CARTESIAN_POINT('',(2.78287440292137,19.3520569831489,24.2039951858051));
#1838=CARTESIAN_POINT('',(1.28335341233512,18.3795363604441,26.2743295220372));
#1839=CARTESIAN_POINT('',(-0.0646348312298305,17.4544339269018,28.4224044944696));
#1840=CARTESIAN_POINT('',(-1.41262307479478,16.5293314933596,30.5704794669021));
#1841=CARTESIAN_POINT('',(-2.60898310827298,15.6554454142011,32.7954373634272));
#1842=CARTESIAN_POINT('',(-3.7299051010638,14.8643535974002,35.0389748146693));
#1843=CARTESIAN_POINT('',(-4.85082709385463,14.0732617805993,37.2825122659115));
#1844=CARTESIAN_POINT('',(-5.89952312516985,13.3660494854242,39.5434185946488));
#1845=CARTESIAN_POINT('',(-6.97804273703307,12.7182401535516,41.7590738370676));
#1846=CARTESIAN_POINT('',(36.4159992311072,37.1231060122937,2.));
#1847=CARTESIAN_POINT('',(34.4450305829411,35.1521373641276,2.));
#1848=CARTESIAN_POINT('',(32.1299185697484,33.5301198227917,2.31061207140773));
#1849=CARTESIAN_POINT('',(29.7436973464708,32.1374712627235,2.87927191993016));
#1850=CARTESIAN_POINT('',(27.3574761231931,30.7448227026552,3.4479317684526));
#1851=CARTESIAN_POINT('',(24.8985058008088,29.5680343728457,4.26926735355147));
#1852=CARTESIAN_POINT('',(22.4913356576604,28.4576504367996,5.29593050862401));
#1853=CARTESIAN_POINT('',(20.0841655145119,27.3472665007535,6.32259366369655));
#1854=CARTESIAN_POINT('',(17.7244417102845,26.3032031789765,7.55520368665552));
#1855=CARTESIAN_POINT('',(15.4823240027436,25.2415122222043,8.97259848328969));
#1856=CARTESIAN_POINT('',(13.2402062952027,24.1798212654321,10.3899932799239));
#1857=CARTESIAN_POINT('',(11.1166250380003,23.1013784153842,11.992951138546));
#1858=CARTESIAN_POINT('',(9.16572128254521,21.9882785140247,13.7711186245074));
#1859=CARTESIAN_POINT('',(7.2148175270901,20.8751786126652,15.5492861104688));
#1860=CARTESIAN_POINT('',(5.43833309522914,19.7284169703704,17.5033197428014));
#1861=CARTESIAN_POINT('',(3.86938193214736,18.5881828701312,19.6166907949248));
#1862=CARTESIAN_POINT('',(2.30043076906557,17.4479487698921,21.7300618470482));
#1863=CARTESIAN_POINT('',(0.942085648898779,16.3176590577531,24.0025427748112));
#1864=CARTESIAN_POINT('',(-0.231172713797342,15.2737814184539,26.4000370174213));
#1865=CARTESIAN_POINT('',(-1.40443107649346,14.2299037791546,28.7975312600314));
#1866=CARTESIAN_POINT('',(-2.39252958292411,13.2770667413554,31.3190581507847));
#1867=CARTESIAN_POINT('',(-3.29179146301966,12.4705361268468,33.9098731631265));
#1868=CARTESIAN_POINT('',(-4.19105334311522,11.6640055123381,36.5006881754683));
#1869=CARTESIAN_POINT('',(-5.00554304356133,11.0056306567898,39.159553414442));
#1870=CARTESIAN_POINT('',(-5.86474839409271,10.4796763638143,41.823620909119));
#1871=CARTESIAN_POINT('',(37.1231060122938,36.4159992311072,2.));
#1872=CARTESIAN_POINT('',(35.0698252865587,34.3627185053721,2.));
#1873=CARTESIAN_POINT('',(32.6814244631591,32.6941946441791,2.31043712185494));
#1874=CARTESIAN_POINT('',(30.2487337514057,31.2743911243038,2.88483108855836));
#1875=CARTESIAN_POINT('',(27.8160430396524,29.8545876044285,3.45922505526179));
#1876=CARTESIAN_POINT('',(25.3333032940439,28.6676508133999,4.29171558208898));
#1877=CARTESIAN_POINT('',(22.9231288889195,27.5564674882386,5.3336650903984));
#1878=CARTESIAN_POINT('',(20.5129544837951,26.4452841630773,6.37561459870782));
#1879=CARTESIAN_POINT('',(18.1685968348005,25.4092513572829,7.62794873794497));
#1880=CARTESIAN_POINT('',(15.9564968460279,24.3661551458916,9.06699182861078));
#1881=CARTESIAN_POINT('',(13.7443968572553,23.3230589345002,10.5060349192766));
#1882=CARTESIAN_POINT('',(11.6638197761594,22.2732005577253,12.1331762782429));
#1883=CARTESIAN_POINT('',(9.76315664435482,21.2033335552204,13.9352295629213));
#1884=CARTESIAN_POINT('',(7.8624935125502,20.1334665527154,15.7372828475997));
#1885=CARTESIAN_POINT('',(6.14225140549961,19.0440132447551,17.7155160018936));
#1886=CARTESIAN_POINT('',(4.62694881681627,17.9786323676781,19.8502300854354));
#1887=CARTESIAN_POINT('',(3.11164622813293,16.9132514906012,21.9849441689773));
#1888=CARTESIAN_POINT('',(1.80247855921532,15.8738683749395,24.2771621763577));
#1889=CARTESIAN_POINT('',(0.663888733606351,14.9357148737118,26.6908565777982));
#1890=CARTESIAN_POINT('',(-0.474701092002617,13.9975613724842,29.1045509792387));
#1891=CARTESIAN_POINT('',(-1.44341178052143,13.1638385453091,31.6402757977752));
#1892=CARTESIAN_POINT('',(-2.34874087159708,12.4864087782717,34.2421435965904));
#1893=CARTESIAN_POINT('',(-3.25406996267273,11.8089790112342,36.8440113954055));
#1894=CARTESIAN_POINT('',(-4.10051024689921,11.2904328333309,39.5123829242961));
#1895=CARTESIAN_POINT('',(-5.03102059115318,10.9044817496153,42.176379090881));
#1896=CARTESIAN_POINT('',(37.1231060122938,36.4159992311072,5.33333333333333));
#1897=CARTESIAN_POINT('',(35.1264542789023,34.4193474977158,5.33333333333333));
#1898=CARTESIAN_POINT('',(32.8386527088919,32.8047484087152,5.64394654292776));
#1899=CARTESIAN_POINT('',(30.505137036182,31.4458731968668,6.21442567457321));
#1900=CARTESIAN_POINT('',(28.1716213634721,30.0869979850183,6.78490480621866));
#1901=CARTESIAN_POINT('',(25.7876224863288,28.9703872976502,7.61031326984013));
#1902=CARTESIAN_POINT('',(23.4573072056843,27.9507346461046,8.63706087539382));
#1903=CARTESIAN_POINT('',(21.1269919250397,26.931081994559,9.66380848094751));
#1904=CARTESIAN_POINT('',(18.8446273381057,26.0078540982889,10.892633066615));
#1905=CARTESIAN_POINT('',(16.6668792858995,25.0985765001381,12.2905893493263));
#1906=CARTESIAN_POINT('',(14.4891312336933,24.1892989019874,13.6885456320376));
#1907=CARTESIAN_POINT('',(12.4153244186204,23.2942403920649,15.2568004696284));
#1908=CARTESIAN_POINT('',(10.4869022256638,22.3889387630516,16.9712467389068));
#1909=CARTESIAN_POINT('',(8.55848003270724,21.4836371340384,18.6856930081851));
#1910=CARTESIAN_POINT('',(6.77582165819873,20.5684677025151,20.5474019137039));
#1911=CARTESIAN_POINT('',(5.16011478005043,19.6667940271287,22.52691420396));
#1912=CARTESIAN_POINT('',(3.54440790190213,18.7651203517423,24.5064264942162));
#1913=CARTESIAN_POINT('',(2.09657841775284,17.8786133374687,26.6045912706035));
#1914=CARTESIAN_POINT('',(0.786880471002478,17.0570907794469,28.7783401682132));
#1915=CARTESIAN_POINT('',(-0.522817475747881,16.2355682214252,30.952089065823));
#1916=CARTESIAN_POINT('',(-1.69500068768449,15.4817566113332,33.2019242603728));
#1917=CARTESIAN_POINT('',(-2.81999774475774,14.8257633232816,35.4679141517614));
#1918=CARTESIAN_POINT('',(-3.944994801831,14.1697700352299,37.73390404315));
#1919=CARTESIAN_POINT('',(-5.02672465589549,13.6142096971725,40.0165283542996));
#1920=CARTESIAN_POINT('',(-6.18767812013904,13.1209509001758,42.2409261629324));
#1921=CARTESIAN_POINT('',(37.1231060122938,36.4159992311072,8.66666666666666));
#1922=CARTESIAN_POINT('',(35.1832084730768,34.4761016918902,8.66666666666666));
#1923=CARTESIAN_POINT('',(32.9960435597172,32.9153889088389,8.9774370307815));
#1924=CARTESIAN_POINT('',(30.7614935325244,31.6173285536464,9.54402524673553));
#1925=CARTESIAN_POINT('',(28.5269435053317,30.319268198454,10.1106134626896));
#1926=CARTESIAN_POINT('',(26.2413128867465,29.2728737335651,10.9290105816157));
#1927=CARTESIAN_POINT('',(23.9904589710983,28.3447526779719,11.9406551542654));
#1928=CARTESIAN_POINT('',(21.73960505545,27.4166316223786,12.9522997269151));
#1929=CARTESIAN_POINT('',(19.5188288041759,26.6063134042548,14.1577297129877));
#1930=CARTESIAN_POINT('',(17.3749411539588,25.830997673328,15.5147108633785));
#1931=CARTESIAN_POINT('',(15.2310535037416,25.0556819424012,16.8716920137694));
#1932=CARTESIAN_POINT('',(13.1634494362325,24.3156092986033,18.3811581602397));
#1933=CARTESIAN_POINT('',(11.2064787840501,23.5749090111545,20.0081480485704));
#1934=CARTESIAN_POINT('',(9.24950813186777,22.8342087237057,21.6351379369011));
#1935=CARTESIAN_POINT('',(7.40344283478629,22.0932104126144,23.3805082513438));
#1936=CARTESIAN_POINT('',(5.6861182585874,21.3547065766643,25.2052638531887));
#1937=CARTESIAN_POINT('',(3.96879368238851,20.6162027407141,27.0300194550337));
#1938=CARTESIAN_POINT('',(2.38094370120355,19.8815932069206,28.9348062777555));
#1939=CARTESIAN_POINT('',(0.89879186464052,19.1752402523543,30.869981644921));
#1940=CARTESIAN_POINT('',(-0.583359971922515,18.4688872977881,32.8051570120866));
#1941=CARTESIAN_POINT('',(-1.9601838972542,17.7930419585197,34.7711635391448));
#1942=CARTESIAN_POINT('',(-3.30631942743627,17.156763916518,36.7046582099308));
#1943=CARTESIAN_POINT('',(-4.65245495761834,16.5204858745164,38.6381528807168));
#1944=CARTESIAN_POINT('',(-5.9711172515783,15.9268676481249,40.5401922313928));
#1945=CARTESIAN_POINT('',(-7.36765026590666,15.3255406642724,42.3296618515651));
#1946=CARTESIAN_POINT('',(37.1231060122938,36.4159992311072,12.));
#1947=CARTESIAN_POINT('',(35.240124786416,34.5330180052295,12.));
#1948=CARTESIAN_POINT('',(33.1536810433877,33.026157612276,12.3108990048229));
#1949=CARTESIAN_POINT('',(31.017779602365,31.7887441377819,12.8736323014014));
#1950=CARTESIAN_POINT('',(28.8818781613422,30.5513306632878,13.4363655979799));
#1951=CARTESIAN_POINT('',(26.6940169328924,29.5750198134211,14.247865221267));
#1952=CARTESIAN_POINT('',(24.5220886928001,28.738554890934,15.2445252310735));
#1953=CARTESIAN_POINT('',(22.3501604527077,27.9020899684469,16.24118524088));
#1954=CARTESIAN_POINT('',(20.1905341940295,27.2050204516635,17.423322756443));
#1955=CARTESIAN_POINT('',(18.0800943406028,26.5641269238522,18.7393261588034));
#1956=CARTESIAN_POINT('',(15.9696544871761,25.9232333960409,20.0553295611637));
#1957=CARTESIAN_POINT('',(13.9078797413482,25.3387183190699,21.5058983535315));
#1958=CARTESIAN_POINT('',(11.921749347181,24.763198905996,23.0451914421686));
#1959=CARTESIAN_POINT('',(9.93561895301385,24.1876794929222,24.5844845308057));
#1960=CARTESIAN_POINT('',(8.0253358358752,23.6214374111622,26.2131440744728));
#1961=CARTESIAN_POINT('',(6.2050405241412,23.0464887270234,27.8826083291941));
#1962=CARTESIAN_POINT('',(4.38474521240721,22.4715400428846,29.5520725839154));
#1963=CARTESIAN_POINT('',(2.65503823001493,21.8889824184132,31.2628115027465));
#1964=CARTESIAN_POINT('',(0.997728029220264,21.2972331361927,32.9585140673872));
#1965=CARTESIAN_POINT('',(-0.659582171574398,20.7054838539721,34.6542166320279));
#1966=CARTESIAN_POINT('',(-2.24463003017208,20.1063359791961,36.3354141073265));
#1967=CARTESIAN_POINT('',(-3.81651381361593,19.4866603663955,37.934402723882));
#1968=CARTESIAN_POINT('',(-5.38839759705977,18.8669847535949,39.5333913404376));
#1969=CARTESIAN_POINT('',(-6.95075237475182,18.2301118331985,41.0516212056696));
#1970=CARTESIAN_POINT('',(-8.58410477196353,17.5115417438093,42.3988120093212));
#1971=CARTESIAN_POINT('',(37.1231060122938,36.4159992311072,15.3333333333333));
#1972=CARTESIAN_POINT('',(35.2970410997553,34.5899343185687,15.3333333333333));
#1973=CARTESIAN_POINT('',(33.3113185270583,33.1369263157132,15.6443609788643));
#1974=CARTESIAN_POINT('',(31.2740656722055,31.9601597219174,16.2032393560672));
#1975=CARTESIAN_POINT('',(29.2368128173527,30.7833931281216,16.7621177332702));
#1976=CARTESIAN_POINT('',(27.1467209790383,29.8771658932771,17.5667198609183));
#1977=CARTESIAN_POINT('',(25.0537184145019,29.1323571038962,18.5483953078817));
#1978=CARTESIAN_POINT('',(22.9607158499654,28.3875483145152,19.530070754845));
#1979=CARTESIAN_POINT('',(20.8622395838832,27.8037274990723,20.6889157998984));
#1980=CARTESIAN_POINT('',(18.7852475272468,27.2972561743765,21.9639414542282));
#1981=CARTESIAN_POINT('',(16.7082554706105,26.7907848496806,23.238967108558));
#1982=CARTESIAN_POINT('',(14.6523100464638,26.3618273395364,24.6306385468232));
#1983=CARTESIAN_POINT('',(12.6370199103119,25.9514888008375,26.0822348357668));
#1984=CARTESIAN_POINT('',(10.6217297741599,25.5411502621386,27.5338311247104));
#1985=CARTESIAN_POINT('',(8.64722883696411,25.14966440971,29.0457798976018));
#1986=CARTESIAN_POINT('',(6.72396278969501,24.7382708773826,30.5599528051994));
#1987=CARTESIAN_POINT('',(4.80069674242591,24.3268773450551,32.0741257127971));
#1988=CARTESIAN_POINT('',(2.9291327588263,23.8963716299058,33.5908167277374));
#1989=CARTESIAN_POINT('',(1.09666419380001,23.419226020031,35.0470464898533));
#1990=CARTESIAN_POINT('',(-0.735804371226282,22.9420804101562,36.5032762519691));
#1991=CARTESIAN_POINT('',(-2.52907616308997,22.4196299998726,37.8996646755082));
#1992=CARTESIAN_POINT('',(-4.32670819979558,21.816556816273,39.1641472378333));
#1993=CARTESIAN_POINT('',(-6.1243402365012,21.2134836326734,40.4286298001583));
#1994=CARTESIAN_POINT('',(-7.93038749792534,20.533356018272,41.5630501799465));
#1995=CARTESIAN_POINT('',(-9.80055927802039,19.6975428233461,42.4679621670773));
#1996=CARTESIAN_POINT('',(37.1231060122938,36.4159992311072,18.6666666666667));
#1997=CARTESIAN_POINT('',(35.3541190567426,34.6470122755561,18.6666666666667));
#1998=CARTESIAN_POINT('',(33.4691993391589,33.2478218388944,18.9777948009969));
#1999=CARTESIAN_POINT('',(31.5302822081586,32.1315359939464,19.5328538006465));
#2000=CARTESIAN_POINT('',(29.5913650771584,31.0152501489983,20.087912800296));
#2001=CARTESIAN_POINT('',(27.5984545230437,30.1789687837622,20.8857294973771));
#2002=CARTESIAN_POINT('',(25.5838349692435,29.5259330272175,21.8525409876087));
#2003=CARTESIAN_POINT('',(23.5692154154434,28.8728972706728,22.8193524778403));
#2004=CARTESIAN_POINT('',(21.5314277346399,28.4026624406819,23.9550140060228));
#2005=CARTESIAN_POINT('',(19.4874538355217,28.0310929189619,25.1890592895819));
#2006=CARTESIAN_POINT('',(17.4434799364036,27.6595233972418,26.4231045731409));
#2007=CARTESIAN_POINT('',(15.3929821909871,27.3867307422613,27.7557630635808));
#2008=CARTESIAN_POINT('',(13.3479305244781,27.1422120694803,29.1193884879548));
#2009=CARTESIAN_POINT('',(11.3028788579692,26.8976933966993,30.4830139123287));
#2010=CARTESIAN_POINT('',(9.26337742491546,26.6816274285827,31.8778264864305));
#2011=CARTESIAN_POINT('',(7.23583084685142,26.4343253028525,33.2360269962891));
#2012=CARTESIAN_POINT('',(5.20828426878738,26.1870231771223,34.5942275061477));
#2013=CARTESIAN_POINT('',(3.19307889878444,25.908942445452,35.9159932191753));
#2014=CARTESIAN_POINT('',(1.18277646499223,25.546213976302,37.1312536834326));
#2015=CARTESIAN_POINT('',(-0.827525968799973,25.183485507152,38.3465141476899));
#2016=CARTESIAN_POINT('',(-2.83277657860611,24.7370267337646,39.4562108886357));
#2017=CARTESIAN_POINT('',(-4.86034941888363,24.148050500008,40.3816270348533));
#2018=CARTESIAN_POINT('',(-6.88792225916114,23.5590742662513,41.307043181071));
#2019=CARTESIAN_POINT('',(-8.94331397193052,22.8304955536065,42.0487037681133));
#2020=CARTESIAN_POINT('',(-11.0442275926533,21.8696777796584,42.5));
#2021=CARTESIAN_POINT('',(37.1231060122938,36.4159992311072,22.));
#2022=CARTESIAN_POINT('',(35.4114115153162,34.7043047341296,22.));
#2023=CARTESIAN_POINT('',(33.6274751992958,33.3589161091148,22.3111833500799));
#2024=CARTESIAN_POINT('',(31.7863869785888,32.3028500160493,22.8624800750284));
#2025=CARTESIAN_POINT('',(29.9452987578819,31.2467839229838,23.4137767999769));
#2026=CARTESIAN_POINT('',(28.0485433551647,30.4803288664787,24.2050016960657));
#2027=CARTESIAN_POINT('',(26.1116500446212,29.9194674190104,25.1570693796798));
#2028=CARTESIAN_POINT('',(24.1747567340777,29.3586059715421,26.1091370632939));
#2029=CARTESIAN_POINT('',(22.1974202510289,29.0027189316932,27.2216171495586));
#2030=CARTESIAN_POINT('',(20.1865263189108,28.7668530400446,28.4144420514241));
#2031=CARTESIAN_POINT('',(18.1756323867927,28.5309871483959,29.6072669532897));
#2032=CARTESIAN_POINT('',(16.1309085014842,28.4151773834415,30.880456751352));
#2033=CARTESIAN_POINT('',(14.0564148635627,28.3373275086429,32.1553975919596));
#2034=CARTESIAN_POINT('',(11.9819212256412,28.2594776338443,33.4303384325672));
#2035=CARTESIAN_POINT('',(9.87774144889086,28.2196890980792,34.7070695346438));
#2036=CARTESIAN_POINT('',(7.74621859371423,28.137429973994,35.9078698681744));
#2037=CARTESIAN_POINT('',(5.61469573853759,28.0551708499087,37.108670201705));
#2038=CARTESIAN_POINT('',(3.45603977968865,27.930509185836,38.2336623427973));
#2039=CARTESIAN_POINT('',(1.2685544966704,27.6831761077378,39.2050438541017));
#2040=CARTESIAN_POINT('',(-0.918930786347858,27.4358430296396,40.1764253654061));
#2041=CARTESIAN_POINT('',(-3.13531733964158,27.0662539929927,40.9952126472798));
#2042=CARTESIAN_POINT('',(-5.38857925718392,26.4919146795632,41.5763324603516));
#2043=CARTESIAN_POINT('',(-7.64184117472626,25.9175753661338,42.1574522734235));
#2044=CARTESIAN_POINT('',(-9.93644485776394,25.1402727186647,42.5));
#2045=CARTESIAN_POINT('',(-12.2577401084016,24.0571778776082,42.5));
#2046=CARTESIAN_POINT('',(-11.2681017667715,4.15316421418436,42.176379090881));
#2047=CARTESIAN_POINT('',(-11.5572535809093,3.26324686207758,41.823620909119));
#2048=CARTESIAN_POINT('',(-11.2681017621507,4.15316422535491,42.1763790589131));
#2049=CARTESIAN_POINT('',(-11.5572535780816,3.26324687383105,41.8236208771502));
#2050=CARTESIAN_POINT('',(-11.2681017667715,4.15316421418436,42.176379090881));
#2051=CARTESIAN_POINT('',(-12.460677916649,4.52786287905125,42.2086525125815));
#2052=CARTESIAN_POINT('',(-13.6549458049621,4.89738356934822,42.2456240296929));
#2053=CARTESIAN_POINT('',(-16.0492411427892,5.61867019326825,42.3234902249165));
#2054=CARTESIAN_POINT('',(-17.2494589021204,5.96986474301569,42.3642369304431));
#2055=CARTESIAN_POINT('',(-19.6553583193797,6.65543769979956,42.4333870881992));
#2056=CARTESIAN_POINT('',(-20.8609087739776,6.99021990897231,42.4608775073093));
#2057=CARTESIAN_POINT('',(-23.2713921639082,7.66168485528465,42.4939526906972));
#2058=CARTESIAN_POINT('',(-24.476093830902,7.99910831325033,42.5));
#2059=CARTESIAN_POINT('',(-25.6785247661409,8.34346246079468,42.5));
#2060=CARTESIAN_POINT('',(-25.6785247589262,8.34346245872854,42.5));
#2061=CARTESIAN_POINT('',(-25.6785247661409,8.34346246079468,42.5));
#2062=CARTESIAN_POINT('',(-25.6785247661409,8.34346246079468,41.5));
#2063=CARTESIAN_POINT('',(-25.6785247590897,8.34346245822556,41.5));
#2064=CARTESIAN_POINT('',(-11.5572535809093,3.26324686207758,41.823620909119));
#2065=CARTESIAN_POINT('',(-16.2974968112926,4.8546181750619,41.6945267650162));
#2066=CARTESIAN_POINT('',(-20.9777182020344,6.63071762735123,41.5));
#2067=CARTESIAN_POINT('',(-25.6785247661409,8.34346246079468,41.5));
#2068=CARTESIAN_POINT('',(-25.6785247661409,8.34346246079468,41.5));
#2069=CARTESIAN_POINT('',(-24.5033315359589,7.91527931693574,41.5));
#2070=CARTESIAN_POINT('',(-23.3303750042734,7.48015442541681,41.5060473093028));
#2071=CARTESIAN_POINT('',(-20.9855760301038,6.60653373084124,41.5391224926906));
#2072=CARTESIAN_POINT('',(-19.8134853026516,6.16877311957005,41.5666129118008));
#2073=CARTESIAN_POINT('',(-17.4641023558108,5.309260435466,41.6357630695569));
#2074=CARTESIAN_POINT('',(-16.2866789330919,4.8879121647695,41.6765097750835));
#2075=CARTESIAN_POINT('',(-13.9256919068188,4.06411314780162,41.7543759703071));
#2076=CARTESIAN_POINT('',(-12.7423101905656,3.66108828101189,41.7913474874185));
#2077=CARTESIAN_POINT('',(-11.5572535809093,3.26324686207758,41.823620909119));
#2078=CARTESIAN_POINT('',(-25.6785247661409,8.34346246079468,42.5));
#2079=CARTESIAN_POINT('',(-24.476093830902,7.99910831325033,42.5));
#2080=CARTESIAN_POINT('',(-23.2713921639082,7.66168485528465,42.4939526906972));
#2081=CARTESIAN_POINT('',(-20.8609087739776,6.99021990897231,42.4608775073093));
#2082=CARTESIAN_POINT('',(-19.6553583193797,6.65543769979956,42.4333870881992));
#2083=CARTESIAN_POINT('',(-17.2494589021204,5.96986474301569,42.3642369304431));
#2084=CARTESIAN_POINT('',(-16.0492411427892,5.61867019326825,42.3234902249165));
#2085=CARTESIAN_POINT('',(-13.6549458049621,4.89738356934822,42.2456240296929));
#2086=CARTESIAN_POINT('',(-12.460677916649,4.52786287905125,42.2086525125815));
#2087=CARTESIAN_POINT('',(-11.2681017667715,4.15316421418436,42.176379090881));
#2088=CARTESIAN_POINT('',(-25.6785247661409,8.34346246079468,42.5));
#2089=CARTESIAN_POINT('',(-25.2407159115694,9.54720307905483,42.5));
#2090=CARTESIAN_POINT('',(-24.7526180732301,10.6923234590248,42.4144453763103));
#2091=CARTESIAN_POINT('',(-23.7005337904604,12.880010719954,42.0977655367052));
#2092=CARTESIAN_POINT('',(-23.1365022294783,13.9226035803629,41.8668923668875));
#2093=CARTESIAN_POINT('',(-21.3557358917949,16.9217275877303,40.9952126472798));
#2094=CARTESIAN_POINT('',(-20.0498528442955,18.7502884633602,40.1764253654061));
#2095=CARTESIAN_POINT('',(-17.3060632830295,22.1936416115661,38.2336623427973));
#2096=CARTESIAN_POINT('',(-15.8678121242985,23.8081909863368,37.108670201705));
#2097=CARTESIAN_POINT('',(-12.9697155629097,26.938951485546,34.7070695346438));
#2098=CARTESIAN_POINT('',(-11.509970517387,28.4549660179748,33.4303384325672));
#2099=CARTESIAN_POINT('',(-8.68628982835085,31.4988394045493,30.880456751352));
#2100=CARTESIAN_POINT('',(-7.32234157352204,33.026567399632,29.6072669532897));
#2101=CARTESIAN_POINT('',(-4.81207284509759,36.2039656137979,27.2216171495586));
#2102=CARTESIAN_POINT('',(-3.6655349484598,37.8538037888628,26.1091370632939));
#2103=CARTESIAN_POINT('',(-1.71953202544133,41.386162443125,24.2050016960657));
#2104=CARTESIAN_POINT('',(-0.920288985857269,43.2693366185681,23.413776799977));
#2105=CARTESIAN_POINT('',(0.189899953816354,47.3665315413927,22.3111833500799));
#2106=CARTESIAN_POINT('',(0.500000000000057,49.5795219653689,22.));
#2107=CARTESIAN_POINT('',(0.500000000000061,52.,22.));
#2108=CARTESIAN_POINT('',(0.500000000000061,52.,21.99999999));
#2109=CARTESIAN_POINT('',(0.500000000000061,52.,22.));
#2110=CARTESIAN_POINT('',(-0.499999999999939,52.,22.));
#2111=CARTESIAN_POINT('',(-0.499999999999939,52.,22.));
#2112=CARTESIAN_POINT('',(-25.6785247661409,8.34346246079468,41.5));
#2113=CARTESIAN_POINT('',(-24.3163858233406,13.1104253445672,41.5));
#2114=CARTESIAN_POINT('',(-22.0556581791367,17.109527432226,40.3521931232895));
#2115=CARTESIAN_POINT('',(-16.7463334812537,24.2418365914388,36.7377191685071));
#2116=CARTESIAN_POINT('',(-13.7282122745806,27.373424031206,34.2947207268252));
#2117=CARTESIAN_POINT('',(-5.27527483330779,36.6637866523274,26.9443657704707));
#2118=CARTESIAN_POINT('',(-0.499999999999953,42.6580136723466,22.));
#2119=CARTESIAN_POINT('',(-0.499999999999939,52.,22.));
#2120=CARTESIAN_POINT('',(-0.499999999999939,52.,22.));
#2121=CARTESIAN_POINT('',(-0.499999999999943,49.6642798804527,22.));
#2122=CARTESIAN_POINT('',(-0.797777680572779,47.5446984858858,22.3138166499201));
#2123=CARTESIAN_POINT('',(-1.86380482759337,43.6111095685978,23.398723200023));
#2124=CARTESIAN_POINT('',(-2.63290014794699,41.7960717224712,24.1699983039343));
#2125=CARTESIAN_POINT('',(-4.52873975765309,38.3534732562702,26.0158629367061));
#2126=CARTESIAN_POINT('',(-5.65570603380219,36.7265663324415,27.0908828504414));
#2127=CARTESIAN_POINT('',(-8.14231664346883,33.5590483971989,29.3927330467103));
#2128=CARTESIAN_POINT('',(-9.5017435539442,32.0186053417667,30.619543248648));
#2129=CARTESIAN_POINT('',(-12.3193893677018,28.9218178013929,33.0696615674328));
#2130=CARTESIAN_POINT('',(-13.7775956596687,27.3653424573882,34.2929304653562));
#2131=CARTESIAN_POINT('',(-16.6546831251124,24.1339115035144,36.578829798295));
#2132=CARTESIAN_POINT('',(-18.0736646557244,22.4587593016356,37.6413376572027));
#2133=CARTESIAN_POINT('',(-20.7283270046659,18.8926047220292,39.4485746345939));
#2134=CARTESIAN_POINT('',(-21.9636631780311,17.0013594464964,40.1922873527202));
#2135=CARTESIAN_POINT('',(-23.5662444550367,13.9385261405115,40.9612326331125));
#2136=CARTESIAN_POINT('',(-24.0585818961829,12.880091882035,41.1600469632948));
#2137=CARTESIAN_POINT('',(-24.9444966929259,10.6783639337036,41.4293046236897));
#2138=CARTESIAN_POINT('',(-25.3380193386511,9.53510061426381,41.5));
#2139=CARTESIAN_POINT('',(-25.6785247661409,8.34346246079468,41.5));
#2140=CARTESIAN_POINT('',(0.500000000000061,52.,22.));
#2141=CARTESIAN_POINT('',(0.500000000000057,49.5795219653689,22.));
#2142=CARTESIAN_POINT('',(0.189899953816354,47.3665315413927,22.3111833500799));
#2143=CARTESIAN_POINT('',(-0.920288985857269,43.2693366185681,23.413776799977));
#2144=CARTESIAN_POINT('',(-1.71953202544133,41.386162443125,24.2050016960657));
#2145=CARTESIAN_POINT('',(-3.6655349484598,37.8538037888628,26.1091370632939));
#2146=CARTESIAN_POINT('',(-4.81207284509759,36.2039656137979,27.2216171495586));
#2147=CARTESIAN_POINT('',(-7.32234157352204,33.026567399632,29.6072669532897));
#2148=CARTESIAN_POINT('',(-8.68628982835085,31.4988394045493,30.880456751352));
#2149=CARTESIAN_POINT('',(-11.509970517387,28.4549660179748,33.4303384325672));
#2150=CARTESIAN_POINT('',(-12.9697155629097,26.938951485546,34.7070695346438));
#2151=CARTESIAN_POINT('',(-15.8678121242985,23.8081909863368,37.108670201705));
#2152=CARTESIAN_POINT('',(-17.3060632830295,22.1936416115661,38.2336623427973));
#2153=CARTESIAN_POINT('',(-20.0498528442955,18.7502884633602,40.1764253654061));
#2154=CARTESIAN_POINT('',(-21.3557358917949,16.9217275877303,40.9952126472798));
#2155=CARTESIAN_POINT('',(-23.1365022294783,13.9226035803629,41.8668923668875));
#2156=CARTESIAN_POINT('',(-23.7005337904604,12.880010719954,42.0977655367052));
#2157=CARTESIAN_POINT('',(-24.7526180732301,10.6923234590248,42.4144453763103));
#2158=CARTESIAN_POINT('',(-25.2407159115694,9.54720307905483,42.5));
#2159=CARTESIAN_POINT('',(-25.6785247661409,8.34346246079468,42.5));
#2160=CARTESIAN_POINT('',(0.500000000000061,52.,21.99999999));
#2161=CARTESIAN_POINT('',(0.500000000000061,52.,15.3333333266667));
#2162=CARTESIAN_POINT('',(0.500000000000061,52.,8.66666666333333));
#2163=CARTESIAN_POINT('',(0.500000000000061,52.,2.));
#2164=CARTESIAN_POINT('',(0.500000000000061,52.,2.));
#2165=CARTESIAN_POINT('',(0.500000000000061,52.,2.));
#2166=CARTESIAN_POINT('',(0.166666666666728,52.,2.));
#2167=CARTESIAN_POINT('',(-0.166666666666606,52.,2.));
#2168=CARTESIAN_POINT('',(-0.499999999999939,52.,2.));
#2169=CARTESIAN_POINT('',(-0.499999999999939,52.,2.));
#2170=CARTESIAN_POINT('',(-0.499999999999939,52.,22.));
#2171=CARTESIAN_POINT('',(-0.499999999999939,52.,15.3333333333333));
#2172=CARTESIAN_POINT('',(-0.499999999999939,52.,8.66666666666666));
#2173=CARTESIAN_POINT('',(-0.499999999999939,52.,2.));
#2174=CARTESIAN_POINT('',(-0.499999999999939,52.,22.));
#2175=CARTESIAN_POINT('',(0.500000000000061,52.,2.));
#2176=CARTESIAN_POINT('',(0.500000000000059,50.5476431645252,2.));
#2177=CARTESIAN_POINT('',(0.372858524627086,49.1007104586209,2.07637944839193));
#2178=CARTESIAN_POINT('',(-0.0609281546002051,46.2599094677409,2.37541027767362));
#2179=CARTESIAN_POINT('',(-0.367139582573181,44.8654811972343,2.59763410520665));
#2180=CARTESIAN_POINT('',(-1.08335898452715,42.1413564015677,3.17202807191008));
#2181=CARTESIAN_POINT('',(-1.49354968106158,40.8110221140254,3.52424331855473));
#2182=CARTESIAN_POINT('',(-2.36024389920513,38.210441645569,4.34452100570905));
#2183=CARTESIAN_POINT('',(-2.81700244244049,36.9394528748827,4.81269033624369));
#2184=CARTESIAN_POINT('',(-3.73552784378322,34.449476944814,5.85463984455311));
#2185=CARTESIAN_POINT('',(-4.19750885884192,33.2299119823254,6.42854067523248));
#2186=CARTESIAN_POINT('',(-5.0962676469632,30.8370665899187,7.67489127273731));
#2187=CARTESIAN_POINT('',(-5.53322116218579,29.6633063125258,8.34747028327788));
#2188=CARTESIAN_POINT('',(-6.3598316604048,27.3615350052972,9.78651337394369));
#2189=CARTESIAN_POINT('',(-6.74963877390604,26.2330763717844,10.5531229682174));
#2190=CARTESIAN_POINT('',(-7.46751105619461,24.0259480187007,12.1768877533024));
#2191=CARTESIAN_POINT('',(-7.79569588324111,22.946856210511,13.0342029205821));
#2192=CARTESIAN_POINT('',(-8.38315746005244,20.8463742088217,14.8362562052605));
#2193=CARTESIAN_POINT('',(-8.64251781277117,19.8245922818058,15.7811654145219));
#2194=CARTESIAN_POINT('',(-9.09190768372383,17.8501065450888,17.7543645230015));
#2195=CARTESIAN_POINT('',(-9.28199463243132,16.8969691375866,18.7828730436645));
#2196=CARTESIAN_POINT('',(-9.60013732571129,15.0721503588515,20.9175871272064));
#2197=CARTESIAN_POINT('',(-9.72821456270794,14.1999564456772,22.024095219398));
#2198=CARTESIAN_POINT('',(-9.93857842931431,12.5465098971478,24.307151746961));
#2199=CARTESIAN_POINT('',(-10.0208401015009,11.7648251391519,25.4840093770779));
#2200=CARTESIAN_POINT('',(-10.1625699856671,10.2963458499618,27.8977037785184));
#2201=CARTESIAN_POINT('',(-10.2219797162377,9.60917572306158,29.1348797309711));
#2202=CARTESIAN_POINT('',(-10.3454566684193,8.32514344332313,31.6564645613709));
#2203=CARTESIAN_POINT('',(-10.4094603386118,7.72800348300425,32.9412096971828));
#2204=CARTESIAN_POINT('',(-10.5706094960671,6.60882396144941,35.543077495998));
#2205=CARTESIAN_POINT('',(-10.6677307723805,6.08663246886198,36.8604689336574));
#2206=CARTESIAN_POINT('',(-10.9201900696478,5.09155137104084,39.5110539855621));
#2207=CARTESIAN_POINT('',(-11.0755685760858,4.61860946047595,40.8443642807582));
#2208=CARTESIAN_POINT('',(-11.2681017667715,4.15316421418436,42.176379090881));
#2209=CARTESIAN_POINT('',(-0.499999999999939,52.,2.));
#2210=CARTESIAN_POINT('',(-0.499999999999942,49.2126294067513,2.));
#2211=CARTESIAN_POINT('',(-0.990091801052803,46.4286584003342,2.31061207140773));
#2212=CARTESIAN_POINT('',(-2.39521573656667,41.0845295022846,3.4479317684526));
#2213=CARTESIAN_POINT('',(-3.30185531823155,38.5136599045606,4.26926735355146));
#2214=CARTESIAN_POINT('',(-6.05275428060535,31.051800876794,7.3492568187691));
#2215=CARTESIAN_POINT('',(-7.88208359746127,26.3623600438669,10.2147836525846));
#2216=CARTESIAN_POINT('',(-10.2517507436022,17.6960489906109,17.3274535964302));
#2217=CARTESIAN_POINT('',(-10.7806862351637,13.7722344254459,21.605048532201));
#2218=CARTESIAN_POINT('',(-11.1466301826387,7.50122681815095,31.1950255026416));
#2219=CARTESIAN_POINT('',(-11.0859654156386,5.2221584159769,36.4954859197651));
#2220=CARTESIAN_POINT('',(-11.5572535809093,3.26324686207758,41.823620909119));
#2221=CARTESIAN_POINT('',(-0.499999999999939,52.,2.));
#2222=CARTESIAN_POINT('',(-0.499999999999941,50.6058115938309,2.));
#2223=CARTESIAN_POINT('',(-0.622136707823631,49.2093845678576,2.07665157619416));
#2224=CARTESIAN_POINT('',(-1.04302868146394,46.4530493593461,2.37432120636371));
#2225=CARTESIAN_POINT('',(-1.34137278493127,45.0926261758218,2.59494199566895));
#2226=CARTESIAN_POINT('',(-2.0439347526882,42.420561726797,3.16360184419138));
#2227=CARTESIAN_POINT('',(-2.44796989442438,41.1095582236788,3.51159579593431));
#2228=CARTESIAN_POINT('',(-3.30629926820698,38.5339144320273,4.32114778439498));
#2229=CARTESIAN_POINT('',(-3.76033847862719,37.2700167332662,4.78259893108774));
#2230=CARTESIAN_POINT('',(-4.67730479941845,34.7827303906773,5.80926208616028));
#2231=CARTESIAN_POINT('',(-5.14001775283819,33.5599195499558,6.37435344163548));
#2232=CARTESIAN_POINT('',(-6.04317536859659,31.1504011837449,7.60173756289919));
#2233=CARTESIAN_POINT('',(-6.48344428877524,29.9641735057304,8.2639010849726));
#2234=CARTESIAN_POINT('',(-7.31813204893777,27.6280279954517,9.68129588160678));
#2235=CARTESIAN_POINT('',(-7.71240075841684,26.4785577668646,10.4363816420191));
#2236=CARTESIAN_POINT('',(-8.43874895170959,24.2205794242774,12.0368311302133));
#2237=CARTESIAN_POINT('',(-8.7707087772641,23.1124933988959,12.8820348815267));
#2238=CARTESIAN_POINT('',(-9.36312556379933,20.9459156355819,14.6602023674881));
#2239=CARTESIAN_POINT('',(-9.62349892182615,19.8878156311656,15.5929950102733));
#2240=CARTESIAN_POINT('',(-10.0700596466683,17.8335100125841,17.5430057716833));
#2241=CARTESIAN_POINT('',(-10.2561895830101,16.83773799622,18.5600052688631));
#2242=CARTESIAN_POINT('',(-10.5593383253565,14.9220547250351,20.6733763209865));
#2243=CARTESIAN_POINT('',(-10.676335638937,14.0026560121557,21.7694453466172));
#2244=CARTESIAN_POINT('',(-10.8556116052806,12.251715874673,24.0335567315549));
#2245=CARTESIAN_POINT('',(-10.9179152154668,11.4206065727103,25.2012898961162));
#2246=CARTESIAN_POINT('',(-11.0094012023356,9.85285467088655,27.5987841387264));
#2247=CARTESIAN_POINT('',(-11.0386420604269,9.11658766673151,28.828206035646));
#2248=CARTESIAN_POINT('',(-11.090341319908,7.73674208489186,31.3362149236931));
#2249=CARTESIAN_POINT('',(-11.1128632727161,7.09344131468787,32.6144656569556));
#2250=CARTESIAN_POINT('',(-11.1784341794406,5.8872638744561,35.2052806692974));
#2251=CARTESIAN_POINT('',(-11.2215073443062,5.3245391357798,36.5175761737204));
#2252=CARTESIAN_POINT('',(-11.3520274759956,4.25736549873852,39.1607961238525));
#2253=CARTESIAN_POINT('',(-11.4394328797683,3.75296918010165,40.4916023131096));
#2254=CARTESIAN_POINT('',(-11.5572535809093,3.26324686207758,41.823620909119));
#2255=CARTESIAN_POINT('',(0.500000000000061,52.,2.));
#2256=CARTESIAN_POINT('',(0.500000000000059,50.5476431645252,2.));
#2257=CARTESIAN_POINT('',(0.372858524627086,49.1007104586209,2.07637944839193));
#2258=CARTESIAN_POINT('',(-0.0609281546002051,46.2599094677409,2.37541027767362));
#2259=CARTESIAN_POINT('',(-0.367139582573181,44.8654811972343,2.59763410520665));
#2260=CARTESIAN_POINT('',(-1.08335898452715,42.1413564015677,3.17202807191008));
#2261=CARTESIAN_POINT('',(-1.49354968106158,40.8110221140254,3.52424331855473));
#2262=CARTESIAN_POINT('',(-2.36024389920513,38.210441645569,4.34452100570905));
#2263=CARTESIAN_POINT('',(-2.81700244244049,36.9394528748827,4.81269033624369));
#2264=CARTESIAN_POINT('',(-3.73552784378322,34.449476944814,5.85463984455311));
#2265=CARTESIAN_POINT('',(-4.19750885884192,33.2299119823254,6.42854067523248));
#2266=CARTESIAN_POINT('',(-5.0962676469632,30.8370665899187,7.67489127273731));
#2267=CARTESIAN_POINT('',(-5.53322116218579,29.6633063125258,8.34747028327788));
#2268=CARTESIAN_POINT('',(-6.3598316604048,27.3615350052972,9.78651337394369));
#2269=CARTESIAN_POINT('',(-6.74963877390604,26.2330763717844,10.5531229682174));
#2270=CARTESIAN_POINT('',(-7.46751105619461,24.0259480187007,12.1768877533024));
#2271=CARTESIAN_POINT('',(-7.79569588324111,22.946856210511,13.0342029205821));
#2272=CARTESIAN_POINT('',(-8.38315746005244,20.8463742088217,14.8362562052605));
#2273=CARTESIAN_POINT('',(-8.64251781277117,19.8245922818058,15.7811654145219));
#2274=CARTESIAN_POINT('',(-9.09190768372383,17.8501065450888,17.7543645230015));
#2275=CARTESIAN_POINT('',(-9.28199463243132,16.8969691375866,18.7828730436645));
#2276=CARTESIAN_POINT('',(-9.60013732571129,15.0721503588515,20.9175871272064));
#2277=CARTESIAN_POINT('',(-9.72821456270794,14.1999564456772,22.024095219398));
#2278=CARTESIAN_POINT('',(-9.93857842931431,12.5465098971478,24.307151746961));
#2279=CARTESIAN_POINT('',(-10.0208401015009,11.7648251391519,25.4840093770779));
#2280=CARTESIAN_POINT('',(-10.1625699856671,10.2963458499618,27.8977037785184));
#2281=CARTESIAN_POINT('',(-10.2219797162377,9.60917572306158,29.1348797309711));
#2282=CARTESIAN_POINT('',(-10.3454566684193,8.32514344332313,31.6564645613709));
#2283=CARTESIAN_POINT('',(-10.4094603386118,7.72800348300425,32.9412096971828));
#2284=CARTESIAN_POINT('',(-10.5706094960671,6.60882396144941,35.543077495998));
#2285=CARTESIAN_POINT('',(-10.6677307723805,6.08663246886198,36.8604689336574));
#2286=CARTESIAN_POINT('',(-10.9201900696478,5.09155137104084,39.5110539855621));
#2287=CARTESIAN_POINT('',(-11.0755685760858,4.61860946047595,40.8443642807582));
#2288=CARTESIAN_POINT('',(-11.2681017667715,4.15316421418436,42.176379090881));
#2289=CARTESIAN_POINT('',(-0.499999999999939,52.,22.));
#2290=CARTESIAN_POINT('',(-0.499999999999943,49.6645034180867,22.));
#2291=CARTESIAN_POINT('',(-0.797777680572779,47.5446984858858,22.3138166499201));
#2292=CARTESIAN_POINT('',(-1.33079125408307,45.5779040272418,22.8562699249716));
#2293=CARTESIAN_POINT('',(-1.86380482759337,43.6111095685978,23.398723200023));
#2294=CARTESIAN_POINT('',(-2.63290014794699,41.7960717224712,24.1699983039343));
#2295=CARTESIAN_POINT('',(-3.58081995280004,40.0747724893707,25.0929306203202));
#2296=CARTESIAN_POINT('',(-4.52873975765309,38.3534732562702,26.0158629367061));
#2297=CARTESIAN_POINT('',(-5.65570603380219,36.7265663324415,27.0908828504414));
#2298=CARTESIAN_POINT('',(-6.89901133863551,35.1428073648202,28.2418079485759));
#2299=CARTESIAN_POINT('',(-8.14231664346883,33.559048397199,29.3927330467103));
#2300=CARTESIAN_POINT('',(-9.5017435539442,32.0186053417667,30.6195432486479));
#2301=CARTESIAN_POINT('',(-10.910566460823,30.4702115715798,31.8446024080404));
#2302=CARTESIAN_POINT('',(-12.3193893677018,28.9218178013929,33.0696615674328));
#2303=CARTESIAN_POINT('',(-13.7775956596687,27.3653424573881,34.2929304653562));
#2304=CARTESIAN_POINT('',(-15.2161393923906,25.7496269804513,35.4358801318256));
#2305=CARTESIAN_POINT('',(-16.6546831251124,24.1339115035144,36.578829798295));
#2306=CARTESIAN_POINT('',(-18.0736646557245,22.4587593016356,37.6413376572027));
#2307=CARTESIAN_POINT('',(-19.4009958301952,20.6756820118324,38.5449561458983));
#2308=CARTESIAN_POINT('',(-20.7283270046659,18.8926047220292,39.4485746345939));
#2309=CARTESIAN_POINT('',(-21.9636631780311,17.0013594464964,40.1922873527203));
#2310=CARTESIAN_POINT('',(-23.0320506960348,14.9594705758398,40.7049175396484));
#2311=CARTESIAN_POINT('',(-24.1004382140385,12.9175817051832,41.2175477265765));
#2312=CARTESIAN_POINT('',(-24.9974552947407,10.7269439026809,41.5));
#2313=CARTESIAN_POINT('',(-25.6785247661409,8.34346246079468,41.5));
#2314=CARTESIAN_POINT('',(-0.499999999999939,52.,18.6666666666667));
#2315=CARTESIAN_POINT('',(-0.499999999999942,49.5897022085624,18.6666666666667));
#2316=CARTESIAN_POINT('',(-0.829622584377685,47.3593339263977,18.9798800645468));
#2317=CARTESIAN_POINT('',(-1.3911546880017,45.2741638610966,19.5267883674349));
#2318=CARTESIAN_POINT('',(-1.95268679162572,43.1889937957954,20.073696670323));
#2319=CARTESIAN_POINT('',(-2.74559352178779,41.2467374423483,20.8536009918963));
#2320=CARTESIAN_POINT('',(-3.68949139458561,39.3972787565255,21.794058278895));
#2321=CARTESIAN_POINT('',(-4.63338926738344,37.5478200707028,22.7345155658938));
#2322=CARTESIAN_POINT('',(-5.72878846361154,35.7911158843505,23.835928064744));
#2323=CARTESIAN_POINT('',(-6.90513608806883,34.082461818971,25.0310807624016));
#2324=CARTESIAN_POINT('',(-8.08148371252611,32.3738077535916,26.2262334600591));
#2325=CARTESIAN_POINT('',(-9.33857779926554,30.7135254249344,27.5152581725506));
#2326=CARTESIAN_POINT('',(-10.6126078130389,29.0627107907875,28.8316695432833));
#2327=CARTESIAN_POINT('',(-11.8866378268122,27.4118961566407,30.148080914016));
#2328=CARTESIAN_POINT('',(-13.1774530744243,25.7707812972143,31.4919794710186));
#2329=CARTESIAN_POINT('',(-14.4285054004606,24.1050121280694,32.7949181504376));
#2330=CARTESIAN_POINT('',(-15.6795577264969,22.4392429589245,34.0978568298565));
#2331=CARTESIAN_POINT('',(-16.8909233581797,20.749355340151,35.3597909393529));
#2332=CARTESIAN_POINT('',(-18.0141369097004,19.0006748318293,36.508895249104));
#2333=CARTESIAN_POINT('',(-19.1373504612211,17.2519943235075,37.6579995588551));
#2334=CARTESIAN_POINT('',(-20.172864943238,15.4446159201007,38.6932614361243));
#2335=CARTESIAN_POINT('',(-21.0730477684545,13.5394819570531,39.5447507584328));
#2336=CARTESIAN_POINT('',(-21.973230593671,11.6343479940054,40.3962400807413));
#2337=CARTESIAN_POINT('',(-22.7336655692222,9.63279874397528,41.0632856216764));
#2338=CARTESIAN_POINT('',(-23.3281214840877,7.48709004407296,41.5));
#2339=CARTESIAN_POINT('',(-0.499999999999939,52.,15.3333333333333));
#2340=CARTESIAN_POINT('',(-0.499999999999942,49.5145976479857,15.3333333333333));
#2341=CARTESIAN_POINT('',(-0.861606293948873,47.1735494903852,15.6459887522233));
#2342=CARTESIAN_POINT('',(-1.45148310910598,44.9705467424554,16.1972949800956));
#2343=CARTESIAN_POINT('',(-2.04135992426308,42.7675439945255,16.748601207968));
#2344=CARTESIAN_POINT('',(-2.8574370210779,40.6988792615279,17.5369411176285));
#2345=CARTESIAN_POINT('',(-3.79656481193146,38.7214417825708,18.4948032251258));
#2346=CARTESIAN_POINT('',(-4.73569260278502,36.7440043036137,19.4526653326231));
#2347=CARTESIAN_POINT('',(-5.79881818350192,34.8571320358037,20.5804683416351));
#2348=CARTESIAN_POINT('',(-6.90768485611028,33.0229721893856,21.8200886497386));
#2349=CARTESIAN_POINT('',(-8.01655152871864,31.1888123429675,23.0597089578421));
#2350=CARTESIAN_POINT('',(-9.17096499878792,29.4078816580227,24.4114039254398));
#2351=CARTESIAN_POINT('',(-10.3098277961328,27.6538199119998,25.8198812267094));
#2352=CARTESIAN_POINT('',(-11.4486905934777,25.8997581659768,27.2283585279791));
#2353=CARTESIAN_POINT('',(-12.5717362146789,24.1731696171172,28.6938320172966));
#2354=CARTESIAN_POINT('',(-13.6348393945604,22.4564587366111,30.158187488254));
#2355=CARTESIAN_POINT('',(-14.6979425744419,20.7397478561049,31.6225429592113));
#2356=CARTESIAN_POINT('',(-15.7011242978209,19.0342869825689,33.0857515893188));
#2357=CARTESIAN_POINT('',(-16.619988839283,17.3188511879573,34.4832513752199));
#2358=CARTESIAN_POINT('',(-17.538853380745,15.6034153933457,35.8807511611209));
#2359=CARTESIAN_POINT('',(-18.3745212633018,13.8786869494677,37.2117799740118));
#2360=CARTESIAN_POINT('',(-19.1091240034437,12.1069196527346,38.407358348739));
#2361=CARTESIAN_POINT('',(-19.8437267435855,10.3351523560014,39.6029367234662));
#2362=CARTESIAN_POINT('',(-20.4749372846617,8.51571983695998,40.6609285996329));
#2363=CARTESIAN_POINT('',(-20.988176776072,6.59852946162207,41.5320378329227));
#2364=CARTESIAN_POINT('',(-0.499999999999939,52.,12.));
#2365=CARTESIAN_POINT('',(-0.499999999999942,49.4392644887697,12.));
#2366=CARTESIAN_POINT('',(-0.893672387601989,46.9875033200887,12.3121255918084));
#2367=CARTESIAN_POINT('',(-1.51179016018408,44.6670065895545,12.8677942028429));
#2368=CARTESIAN_POINT('',(-2.12990793276616,42.3465098590204,13.4234628138773));
#2369=CARTESIAN_POINT('',(-2.96883694325469,40.1519500008836,14.2201262465532));
#2370=CARTESIAN_POINT('',(-3.90272826959827,38.0468347901742,15.1952725684377));
#2371=CARTESIAN_POINT('',(-4.83661959594186,35.9417195794648,16.1704188903222));
#2372=CARTESIAN_POINT('',(-5.86690680102218,33.9247669985575,17.3245034558572));
#2373=CARTESIAN_POINT('',(-6.90764959262529,31.96506604363,18.6085939971469));
#2374=CARTESIAN_POINT('',(-7.94839238422841,30.0053650887026,19.8926845384365));
#2375=CARTESIAN_POINT('',(-8.99942595760771,28.1036264920879,21.307165354863));
#2376=CARTESIAN_POINT('',(-10.0022441746321,26.2462913275745,22.8079826515457));
#2377=CARTESIAN_POINT('',(-11.0050623916566,24.3889561630611,24.3087999482285));
#2378=CARTESIAN_POINT('',(-11.9593156761437,22.5769780851972,25.8962737978747));
#2379=CARTESIAN_POINT('',(-12.8331643553646,20.8098724690445,27.522727110986));
#2380=CARTESIAN_POINT('',(-13.7070130345856,19.0427668528917,29.1491804240973));
#2381=CARTESIAN_POINT('',(-14.5004852955221,17.3227306721992,30.8145409728379));
#2382=CARTESIAN_POINT('',(-15.2132408573003,15.6425633564712,32.4619327302226));
#2383=CARTESIAN_POINT('',(-15.9259964190785,13.9623960407432,34.1093244876072));
#2384=CARTESIAN_POINT('',(-16.5596616932377,12.323471756291,35.7380028669535));
#2385=CARTESIAN_POINT('',(-17.1274914089942,10.6898073480712,37.2822306559764));
#2386=CARTESIAN_POINT('',(-17.6953211247507,9.05614293985139,38.8264584449993));
#2387=CARTESIAN_POINT('',(-18.1969850994006,7.42649810909989,40.2843469636994));
#2388=CARTESIAN_POINT('',(-18.6387938292312,5.73901677751802,41.6011879906788));
#2389=CARTESIAN_POINT('',(-0.499999999999939,52.,8.66666666666666));
#2390=CARTESIAN_POINT('',(-0.499999999999942,49.3639313295537,8.66666666666666));
#2391=CARTESIAN_POINT('',(-0.925738481255106,46.8014571497921,8.97826243139363));
#2392=CARTESIAN_POINT('',(-1.57209721126218,44.3634664366537,9.53829342559015));
#2393=CARTESIAN_POINT('',(-2.21845594126925,41.9254757235152,10.0983244197867));
#2394=CARTESIAN_POINT('',(-3.08023686543147,39.6050207402394,10.903311375478));
#2395=CARTESIAN_POINT('',(-4.00889172726509,37.3722277977776,11.8957419117496));
#2396=CARTESIAN_POINT('',(-4.9375465890987,35.1394348553158,12.8881724480212));
#2397=CARTESIAN_POINT('',(-5.93499541854243,32.9924019613112,14.0685385700793));
#2398=CARTESIAN_POINT('',(-6.90761432914031,30.9071598978745,15.3970993445551));
#2399=CARTESIAN_POINT('',(-7.88023323973818,28.8219178344378,16.7256601190309));
#2400=CARTESIAN_POINT('',(-8.82788691642749,26.7993713261531,18.2029267842862));
#2401=CARTESIAN_POINT('',(-9.69466055313149,24.8387627431492,19.7960840763821));
#2402=CARTESIAN_POINT('',(-10.5614341898355,22.8781541601454,21.3892413684779));
#2403=CARTESIAN_POINT('',(-11.3468951376084,20.9807865532772,23.0987155784529));
#2404=CARTESIAN_POINT('',(-12.0314893161688,19.1632862014779,24.8872667337181));
#2405=CARTESIAN_POINT('',(-12.7160834947292,17.3457858496786,26.6758178889832));
#2406=CARTESIAN_POINT('',(-13.2998462932233,15.6111743618295,28.543330356357));
#2407=CARTESIAN_POINT('',(-13.8064928753176,13.9662755249851,30.4406140852253));
#2408=CARTESIAN_POINT('',(-14.313139457412,12.3213766881406,32.3378978140935));
#2409=CARTESIAN_POINT('',(-14.7448021231735,10.7682565631142,34.2642257598952));
#2410=CARTESIAN_POINT('',(-15.1458588145447,9.27269504340782,36.1571029632138));
#2411=CARTESIAN_POINT('',(-15.5469155059159,7.77713352370139,38.0499801665324));
#2412=CARTESIAN_POINT('',(-15.9190329141394,6.33727638123979,39.907765327766));
#2413=CARTESIAN_POINT('',(-16.2894108823904,4.87950409341398,41.6703381484349));
#2414=CARTESIAN_POINT('',(-0.499999999999939,52.,5.33333333333333));
#2415=CARTESIAN_POINT('',(-0.499999999999942,49.288368899216,5.33333333333333));
#2416=CARTESIAN_POINT('',(-0.957888317233251,46.6151459303059,5.64442778479113));
#2417=CARTESIAN_POINT('',(-1.63238258678963,44.0600042063163,6.2087851658339));
#2418=CARTESIAN_POINT('',(-2.30687685634601,41.5048624823267,6.77314254687666));
#2419=CARTESIAN_POINT('',(-3.19117999789133,39.0590296054665,7.58633917652691));
#2420=CARTESIAN_POINT('',(-4.11413154451307,36.6988496598224,8.59593545712485));
#2421=CARTESIAN_POINT('',(-5.0370830911348,34.3386697141783,9.60553173772279));
#2422=CARTESIAN_POINT('',(-6.00114386398941,32.0616267368297,10.8120772872188));
#2423=CARTESIAN_POINT('',(-6.90502163101756,29.8508098141871,12.1851109105908));
#2424=CARTESIAN_POINT('',(-7.80889939804571,27.6399928915446,13.5581445339628));
#2425=CARTESIAN_POINT('',(-8.65250487262787,25.4964982701204,15.098305711029));
#2426=CARTESIAN_POINT('',(-9.38239189524709,23.43263871923,16.7840434172838));
#2427=CARTESIAN_POINT('',(-10.1122789178663,21.3687791683396,18.4697811235386));
#2428=CARTESIAN_POINT('',(-10.7279604033447,19.3861816891065,20.3016278735419));
#2429=CARTESIAN_POINT('',(-11.2220708822708,17.5189708866479,22.2528115296735));
#2430=CARTESIAN_POINT('',(-11.7161813611969,15.6517600841892,24.2039951858051));
#2431=CARTESIAN_POINT('',(-12.0888268950137,13.9037626960558,26.2743295220372));
#2432=CARTESIAN_POINT('',(-12.3878523189483,12.2964448640214,28.4224044944696));
#2433=CARTESIAN_POINT('',(-12.6868777428829,10.689127031987,30.5704794669021));
#2434=CARTESIAN_POINT('',(-12.9149012627384,9.22524196701647,32.7954373634272));
#2435=CARTESIAN_POINT('',(-13.1481264168209,7.87324403653185,35.0389748146693));
#2436=CARTESIAN_POINT('',(-13.3813515709033,6.52124610604723,37.2825122659115));
#2437=CARTESIAN_POINT('',(-13.6228170363929,5.279631421244,39.5434185946488));
#2438=CARTESIAN_POINT('',(-13.927375196101,4.05893251856974,41.7590738370676));
#2439=CARTESIAN_POINT('',(-0.499999999999939,52.,2.));
#2440=CARTESIAN_POINT('',(-0.499999999999942,49.2126294067513,2.));
#2441=CARTESIAN_POINT('',(-0.990091801052802,46.4286584003342,2.31061207140773));
#2442=CARTESIAN_POINT('',(-1.69265376880974,43.7565939513094,2.87927191993016));
#2443=CARTESIAN_POINT('',(-2.39521573656667,41.0845295022846,3.4479317684526));
#2444=CARTESIAN_POINT('',(-3.30185531823155,38.5136599045606,4.26926735355146));
#2445=CARTESIAN_POINT('',(-4.21882163902282,36.0263735619717,5.29593050862401));
#2446=CARTESIAN_POINT('',(-5.13578795981408,33.5390872193829,6.32259366369656));
#2447=CARTESIAN_POINT('',(-6.06610040869397,31.1322462608697,7.55520368665552));
#2448=CARTESIAN_POINT('',(-6.90078816885651,28.796100750591,8.97259848328969));
#2449=CARTESIAN_POINT('',(-7.73547592901904,26.4599552403123,10.3899932799239));
#2450=CARTESIAN_POINT('',(-8.47450038399649,24.1957822805529,11.992951138546));
#2451=CARTESIAN_POINT('',(-9.06691717053172,22.0292045172389,13.7711186245074));
#2452=CARTESIAN_POINT('',(-9.65933395706694,19.8626267539249,15.5492861104688));
#2453=CARTESIAN_POINT('',(-10.1046152118369,17.7955796318124,17.5033197428014));
#2454=CARTESIAN_POINT('',(-10.4077639541833,15.8798963606275,19.6166907949248));
#2455=CARTESIAN_POINT('',(-10.7109126965297,13.9642130894426,21.7300618470482));
#2456=CARTESIAN_POINT('',(-10.8721722220324,12.2044825236222,24.0025427748112));
#2457=CARTESIAN_POINT('',(-10.9636582089012,10.6367306217984,26.4000370174213));
#2458=CARTESIAN_POINT('',(-11.05514419577,9.06897871997469,28.7975312600314));
#2459=CARTESIAN_POINT('',(-11.0800778193539,7.69653003480376,31.3190581507847));
#2460=CARTESIAN_POINT('',(-11.1456487260784,6.49035259457199,33.9098731631265));
#2461=CARTESIAN_POINT('',(-11.2112196328028,5.28417515434021,36.5006881754683));
#2462=CARTESIAN_POINT('',(-11.321609498274,4.24270263902724,39.159553414442));
#2463=CARTESIAN_POINT('',(-11.5572535809093,3.26324686207758,41.823620909119));
#2464=CARTESIAN_POINT('',(0.500000000000061,52.,2.));
#2465=CARTESIAN_POINT('',(0.500000000000058,49.0962225503062,2.));
#2466=CARTESIAN_POINT('',(-0.00902988159619483,46.2275435950676,2.31043712185494));
#2467=CARTESIAN_POINT('',(-0.725249283550167,43.503418799401,2.88483108855836));
#2468=CARTESIAN_POINT('',(-1.44146868550414,40.7792940037343,3.45922505526179));
#2469=CARTESIAN_POINT('',(-2.35773974176912,38.184440839917,4.29171558208898));
#2470=CARTESIAN_POINT('',(-3.27626514311185,35.6944649098484,5.3336650903984));
#2471=CARTESIAN_POINT('',(-4.19479054445458,33.2044889797797,6.37561459870782));
#2472=CARTESIAN_POINT('',(-5.11991591307629,30.8141919661401,7.62794873794497));
#2473=CARTESIAN_POINT('',(-5.9465264112953,28.5124206589115,9.06699182861078));
#2474=CARTESIAN_POINT('',(-6.77313690951431,26.2106493516829,10.5060349192766));
#2475=CARTESIAN_POINT('',(-7.50196509483544,23.9970972113557,12.1331762782429));
#2476=CARTESIAN_POINT('',(-8.08942667164678,21.8966152096664,13.9352295629213));
#2477=CARTESIAN_POINT('',(-8.67688824845811,19.7961332079771,15.7372828475997));
#2478=CARTESIAN_POINT('',(-9.12292328579134,17.8093785269541,17.7155160018936));
#2479=CARTESIAN_POINT('',(-9.4410659790713,15.984559748219,19.8502300854354));
#2480=CARTESIAN_POINT('',(-9.75920867235127,14.159740969484,21.9849441689773));
#2481=CARTESIAN_POINT('',(-9.94997515941789,12.4990647837469,24.2771621763577));
#2482=CARTESIAN_POINT('',(-10.091705043584,11.0305854945568,26.6908565777982));
#2483=CARTESIAN_POINT('',(-10.2334349277501,9.56210620536672,29.1045509792387));
#2484=CARTESIAN_POINT('',(-10.3288857598842,8.28759324378166,31.6402757977752));
#2485=CARTESIAN_POINT('',(-10.4900349173394,7.16841372222683,34.2421435965904));
#2486=CARTESIAN_POINT('',(-10.6511840747947,6.049234200672,36.8440113954055));
#2487=CARTESIAN_POINT('',(-10.8830402208869,5.08404301707219,39.5123829242962));
#2488=CARTESIAN_POINT('',(-11.2681017667715,4.15316421418436,42.176379090881));
#2489=CARTESIAN_POINT('',(0.500000000000061,52.,5.33333333333333));
#2490=CARTESIAN_POINT('',(0.500000000000058,49.1763080393021,5.33333333333333));
#2491=CARTESIAN_POINT('',(0.0239739605663508,46.4168940704086,5.64394654292776));
#2492=CARTESIAN_POINT('',(-0.665200918527543,43.805979437146,6.21442567457321));
#2493=CARTESIAN_POINT('',(-1.35437579762144,41.1950648038833,6.78490480621866));
#2494=CARTESIAN_POINT('',(-2.25055458100728,38.7197600425309,7.61031326984013));
#2495=CARTESIAN_POINT('',(-3.17733301389093,36.3509750009218,8.63706087539382));
#2496=CARTESIAN_POINT('',(-4.10411144677457,33.9821899593127,9.66380848094752));
#2497=CARTESIAN_POINT('',(-5.06516621730244,31.7154937767184,10.892633066615));
#2498=CARTESIAN_POINT('',(-5.96211027709983,29.5326370056542,12.2905893493263));
#2499=CARTESIAN_POINT('',(-6.85905433689723,27.3497802345899,13.6885456320376));
#2500=CARTESIAN_POINT('',(-7.69255525678125,25.2504754308561,15.2568004696284));
#2501=CARTESIAN_POINT('',(-8.41601074551697,23.2467301003313,16.9712467389068));
#2502=CARTESIAN_POINT('',(-9.13946623425269,21.2429847698066,18.6856930081851));
#2503=CARTESIAN_POINT('',(-9.75287354844192,19.3353324336879,20.5474019137039));
#2504=CARTESIAN_POINT('',(-10.2577712681072,17.5552755734564,22.52691420396));
#2505=CARTESIAN_POINT('',(-10.7626689877724,15.7752187132248,24.5064264942162));
#2506=CARTESIAN_POINT('',(-11.1595839126539,14.1245935456187,26.6045912706035));
#2507=CARTESIAN_POINT('',(-11.5047760404323,12.6175930744906,28.7783401682132));
#2508=CARTESIAN_POINT('',(-11.8499681682107,11.1105926033624,30.952089065823));
#2509=CARTESIAN_POINT('',(-12.1458015649309,9.74870860417582,33.2019242603728));
#2510=CARTESIAN_POINT('',(-12.4774373104082,8.48935825391024,35.4679141517614));
#2511=CARTESIAN_POINT('',(-12.8090730558854,7.23000790364467,37.73390404315));
#2512=CARTESIAN_POINT('',(-13.1811310887076,6.07226890602501,40.0165283542996));
#2513=CARTESIAN_POINT('',(-13.65326251568,4.9025641985801,42.2409261629324));
#2514=CARTESIAN_POINT('',(0.500000000000061,52.,8.66666666666666));
#2515=CARTESIAN_POINT('',(0.500000000000058,49.2565705904252,8.66666666666666));
#2516=CARTESIAN_POINT('',(0.057031450570302,46.6064208562352,8.97743703078149));
#2517=CARTESIAN_POINT('',(-0.605166747012269,44.1084880995606,9.54402524673553));
#2518=CARTESIAN_POINT('',(-1.26736494459484,41.610555342886,10.1106134626896));
#2519=CARTESIAN_POINT('',(-2.14363723236508,39.2544578112778,10.9290105816157));
#2520=CARTESIAN_POINT('',(-3.07895060740823,37.0065830518907,11.9406551542654));
#2521=CARTESIAN_POINT('',(-4.01426398245138,34.7587082925036,12.9522997269151));
#2522=CARTESIAN_POINT('',(-5.011608422271,32.6154008387752,14.1577297129877));
#2523=CARTESIAN_POINT('',(-5.97933490694267,30.5512123323056,15.5147108633785));
#2524=CARTESIAN_POINT('',(-6.94706139161434,28.487023825836,16.8716920137694));
#2525=CARTESIAN_POINT('',(-7.88576786355881,26.5016965838914,18.3811581602397));
#2526=CARTESIAN_POINT('',(-8.74580088621815,24.5941551690682,20.0081480485704));
#2527=CARTESIAN_POINT('',(-9.60583390887748,22.6866137542451,21.6351379369011));
#2528=CARTESIAN_POINT('',(-10.3872342683365,20.8572835335452,23.3805082513438));
#2529=CARTESIAN_POINT('',(-11.0793650513324,19.1207506098841,25.2052638531887));
#2530=CARTESIAN_POINT('',(-11.7714958343284,17.3842176862229,27.0300194550337));
#2531=CARTESIAN_POINT('',(-12.3748279406615,15.7419908141504,28.9348062777555));
#2532=CARTESIAN_POINT('',(-12.9234005909584,14.1944842356836,30.869981644921));
#2533=CARTESIAN_POINT('',(-13.4719732412552,12.6469776572168,32.8051570120866));
#2534=CARTESIAN_POINT('',(-13.9676399529271,11.1955213006849,34.7711635391448));
#2535=CARTESIAN_POINT('',(-14.4695849964956,9.79374322067755,36.7046582099308));
#2536=CARTESIAN_POINT('',(-14.971530040064,8.3919651406702,38.6381528807168));
#2537=CARTESIAN_POINT('',(-15.4842136169008,7.03977861719879,40.5401922313928));
#2538=CARTESIAN_POINT('',(-16.0465091934907,5.62707826462376,42.3296618515651));
#2539=CARTESIAN_POINT('',(0.500000000000061,52.,12.));
#2540=CARTESIAN_POINT('',(0.500000000000058,49.3370624126698,12.));
#2541=CARTESIAN_POINT('',(0.0901726828992801,46.7962126912515,12.3108990048229));
#2542=CARTESIAN_POINT('',(-0.545154251047641,44.4109188394117,12.8736323014014));
#2543=CARTESIAN_POINT('',(-1.18048118499456,42.025624987572,13.4363655979799));
#2544=CARTESIAN_POINT('',(-2.03717667343981,39.7882174541533,14.247865221267));
#2545=CARTESIAN_POINT('',(-2.98149184134436,37.6609622484182,15.2445252310735));
#2546=CARTESIAN_POINT('',(-3.92580700924892,35.533707042683,16.24118524088));
#2547=CARTESIAN_POINT('',(-4.95999079931284,33.5137180880672,17.423322756443));
#2548=CARTESIAN_POINT('',(-5.99911697142327,31.5682315968888,18.7393261588034));
#2549=CARTESIAN_POINT('',(-7.0382431435337,29.6227451057105,20.0553295611637));
#2550=CARTESIAN_POINT('',(-8.08282347295579,27.7515356270244,21.5058983535315));
#2551=CARTESIAN_POINT('',(-9.08027606330307,25.9401756772991,23.0451914421686));
#2552=CARTESIAN_POINT('',(-10.0777286536503,24.1288157275737,24.5844845308057));
#2553=CARTESIAN_POINT('',(-11.0281091839596,22.3776479656531,26.2131440744728));
#2554=CARTESIAN_POINT('',(-11.90870222926,20.6839546935752,27.8826083291941));
#2555=CARTESIAN_POINT('',(-12.7892952745604,18.9902614214972,29.5520725839154));
#2556=CARTESIAN_POINT('',(-13.60045236458,17.3552434380862,31.2628115027465));
#2557=CARTESIAN_POINT('',(-14.3539177158711,15.7649182263542,32.9585140673872));
#2558=CARTESIAN_POINT('',(-15.1073830671623,14.1745930146223,34.6542166320279));
#2559=CARTESIAN_POINT('',(-15.8045196312943,12.630133400115,36.3354141073265));
#2560=CARTESIAN_POINT('',(-16.4778324858573,11.0804668896575,37.934402723882));
#2561=CARTESIAN_POINT('',(-17.1511453404204,9.53080037919988,39.5333913404376));
#2562=CARTESIAN_POINT('',(-17.8055598375793,7.97571156050826,41.0516212056696));
#2563=CARTESIAN_POINT('',(-18.45240861075,6.31265122140762,42.3988120093212));
#2564=CARTESIAN_POINT('',(0.500000000000061,52.,15.3333333333333));
#2565=CARTESIAN_POINT('',(0.500000000000058,49.4175542349145,15.3333333333333));
#2566=CARTESIAN_POINT('',(0.123313915228258,46.9860045262677,15.6443609788643));
#2567=CARTESIAN_POINT('',(-0.485141755083012,44.7133495792629,16.2032393560672));
#2568=CARTESIAN_POINT('',(-1.09359742539428,42.440694632258,16.7621177332702));
#2569=CARTESIAN_POINT('',(-1.93071611451454,40.3219770970288,17.5667198609183));
#2570=CARTESIAN_POINT('',(-2.8840330752805,38.3153414449456,18.5483953078817));
#2571=CARTESIAN_POINT('',(-3.83735003604646,36.3087057928625,19.530070754845));
#2572=CARTESIAN_POINT('',(-4.90837317635469,34.4120353373591,20.6889157998984));
#2573=CARTESIAN_POINT('',(-6.01889903590387,32.585250861472,21.9639414542282));
#2574=CARTESIAN_POINT('',(-7.12942489545306,30.7584663855849,23.238967108558));
#2575=CARTESIAN_POINT('',(-8.27987908235276,29.0013746701575,24.6306385468232));
#2576=CARTESIAN_POINT('',(-9.41475124038799,27.2861961855299,26.0822348357668));
#2577=CARTESIAN_POINT('',(-10.5496233984232,25.5710177009023,27.5338311247104));
#2578=CARTESIAN_POINT('',(-11.6689840995827,23.8980123977611,29.0457798976018));
#2579=CARTESIAN_POINT('',(-12.7380394071875,22.2471587772663,30.5599528051994));
#2580=CARTESIAN_POINT('',(-13.8070947147923,20.5963051567714,32.0741257127971));
#2581=CARTESIAN_POINT('',(-14.8260767884985,18.9684960620219,33.5908167277374));
#2582=CARTESIAN_POINT('',(-15.7844348407839,17.3353522170248,35.0470464898533));
#2583=CARTESIAN_POINT('',(-16.7427928930693,15.7022083720277,36.5032762519691));
#2584=CARTESIAN_POINT('',(-17.6413993096615,14.0647454995451,37.8996646755082));
#2585=CARTESIAN_POINT('',(-18.4860799752191,12.3671905586374,39.1641472378333));
#2586=CARTESIAN_POINT('',(-19.3307606407768,10.6696356177296,40.4286298001583));
#2587=CARTESIAN_POINT('',(-20.1269060582578,8.91164450381773,41.5630501799465));
#2588=CARTESIAN_POINT('',(-20.8583080280094,6.99822417819149,42.4679621670773));
#2589=CARTESIAN_POINT('',(0.500000000000061,52.,18.6666666666667));
#2590=CARTESIAN_POINT('',(0.500000000000058,49.4982746557985,18.6666666666667));
#2591=CARTESIAN_POINT('',(0.156537531639165,47.176058095568,18.9777948009969));
#2592=CARTESIAN_POINT('',(-0.425150629144559,45.0157033533736,19.5328538006465));
#2593=CARTESIAN_POINT('',(-1.00683878992828,42.8553486111792,20.087912800296));
#2594=CARTESIAN_POINT('',(-1.82469913270259,40.8548078197281,20.8857294973771));
#2595=CARTESIAN_POINT('',(-2.78748426889567,38.968490659915,21.8525409876087));
#2596=CARTESIAN_POINT('',(-3.75026940508875,37.0821735001018,22.8193524778403));
#2597=CARTESIAN_POINT('',(-4.85869665576666,35.3087337753506,23.9550140060228));
#2598=CARTESIAN_POINT('',(-6.04126513191091,33.6006866422254,25.1890592895819));
#2599=CARTESIAN_POINT('',(-7.22383360805517,31.8926395091001,26.4231045731409));
#2600=CARTESIAN_POINT('',(-8.48086093245233,30.2498251123138,27.7557630635808));
#2601=CARTESIAN_POINT('',(-9.75403002206747,28.6308543993983,29.1193884879548));
#2602=CARTESIAN_POINT('',(-11.0271991116826,27.0118836864828,30.4830139123287));
#2603=CARTESIAN_POINT('',(-12.3165626939957,25.4169566816919,31.8778264864305));
#2604=CARTESIAN_POINT('',(-13.5753856184107,23.8083957370656,33.2360269962891));
#2605=CARTESIAN_POINT('',(-14.8342085428257,22.1998347924392,34.5942275061477));
#2606=CARTESIAN_POINT('',(-16.0625411543569,20.5782366387453,35.9159932191753));
#2607=CARTESIAN_POINT('',(-17.2275518772618,18.9002503953096,37.1312536834326));
#2608=CARTESIAN_POINT('',(-18.3925626001668,17.2222641518739,38.3465141476899));
#2609=CARTESIAN_POINT('',(-19.4947948781566,15.488643821519,39.4562108886357));
#2610=CARTESIAN_POINT('',(-20.5120362940195,13.6384642279621,40.3816270348533));
#2611=CARTESIAN_POINT('',(-21.5292777098824,11.7882846344052,41.307043181071));
#2612=CARTESIAN_POINT('',(-22.4674761796369,9.819720267972,42.0487037681133));
#2613=CARTESIAN_POINT('',(-23.2736456840939,7.6547492366285,42.5));
#2614=CARTESIAN_POINT('',(0.500000000000061,52.,22.));
#2615=CARTESIAN_POINT('',(0.500000000000057,49.5792984277349,22.));
#2616=CARTESIAN_POINT('',(0.189899953816354,47.3665315413927,22.3111833500799));
#2617=CARTESIAN_POINT('',(-0.365194516020457,45.3179340799804,22.8624800750284));
#2618=CARTESIAN_POINT('',(-0.920288985857269,43.2693366185681,23.413776799977));
#2619=CARTESIAN_POINT('',(-1.71953202544133,41.386162443125,24.2050016960657));
#2620=CARTESIAN_POINT('',(-2.69253348695056,39.6199831159939,25.1570693796798));
#2621=CARTESIAN_POINT('',(-3.6655349484598,37.8538037888628,26.1091370632939));
#2622=CARTESIAN_POINT('',(-4.81207284509759,36.2039656137979,27.2216171495586));
#2623=CARTESIAN_POINT('',(-6.06720720930981,34.6152665067149,28.4144420514241));
#2624=CARTESIAN_POINT('',(-7.32234157352204,33.026567399632,29.6072669532897));
#2625=CARTESIAN_POINT('',(-8.68628982835085,31.4988394045493,30.880456751352));
#2626=CARTESIAN_POINT('',(-10.0981301728689,29.9769027112621,32.1553975919596));
#2627=CARTESIAN_POINT('',(-11.509970517387,28.4549660179748,33.4303384325672));
#2628=CARTESIAN_POINT('',(-12.9697155629097,26.938951485546,34.7070695346438));
#2629=CARTESIAN_POINT('',(-14.4187638436041,25.3735712359414,35.9078698681744));
#2630=CARTESIAN_POINT('',(-15.8678121242985,23.8081909863368,37.108670201705));
#2631=CARTESIAN_POINT('',(-17.3060632830295,22.1936416115661,38.2336623427973));
#2632=CARTESIAN_POINT('',(-18.6779580636625,20.4719650374632,39.2050438541017));
#2633=CARTESIAN_POINT('',(-20.0498528442955,18.7502884633602,40.1764253654061));
#2634=CARTESIAN_POINT('',(-21.3557358917949,16.9217275877303,40.9952126472798));
#2635=CARTESIAN_POINT('',(-22.5429134502505,14.9223115828187,41.5763324603516));
#2636=CARTESIAN_POINT('',(-23.7300910087061,12.9228955779071,42.1574522734235));
#2637=CARTESIAN_POINT('',(-24.8029848600581,10.7507297804359,42.5));
#2638=CARTESIAN_POINT('',(-25.6785247661409,8.34346246079468,42.5));
#2639=CARTESIAN_POINT('',(-10.9044817496153,-5.03102059115316,42.176379090881));
#2640=CARTESIAN_POINT('',(-10.4796763638143,-5.86474839409269,41.823620909119));
#2641=CARTESIAN_POINT('',(-10.9044817542467,-5.03102057998704,42.1763790589131));
#2642=CARTESIAN_POINT('',(-10.4796763701257,-5.86474838378223,41.8236208771502));
#2643=CARTESIAN_POINT('',(-10.9044817496153,-5.03102059115316,42.176379090881));
#2644=CARTESIAN_POINT('',(-12.0127123991039,-5.60934730698396,42.2086525125815));
#2645=CARTESIAN_POINT('',(-13.1184779073812,-6.19253164346578,42.2456240296929));
#2646=CARTESIAN_POINT('',(-15.3215270398751,-7.37552745005369,42.3234902249165));
#2647=CARTESIAN_POINT('',(-16.4185412040409,-7.97587751893507,42.3642369304431));
#2648=CARTESIAN_POINT('',(-18.6045422835777,-9.19233202499193,42.4333870881992));
#2649=CARTESIAN_POINT('',(-19.6937219554131,-9.80805815617398,42.4608775073093));
#2650=CARTESIAN_POINT('',(-21.872988523237,-11.0377298902649,42.4939526906972));
#2651=CARTESIAN_POINT('',(-22.963435656534,-11.650988193044,42.5));
#2652=CARTESIAN_POINT('',(-24.0571778776082,-12.2577401084016,42.5));
#2653=CARTESIAN_POINT('',(-24.0571778710457,-12.257740104761,42.5));
#2654=CARTESIAN_POINT('',(-24.0571778776082,-12.2577401084016,42.5));
#2655=CARTESIAN_POINT('',(-24.0571778776082,-12.2577401084016,41.5));
#2656=CARTESIAN_POINT('',(-24.0571778708056,-12.2577401052323,41.5));
#2657=CARTESIAN_POINT('',(-10.4796763638143,-5.86474839409269,41.823620909119));
#2658=CARTESIAN_POINT('',(-14.9568039432889,-8.09133707997341,41.6945267650162));
#2659=CARTESIAN_POINT('',(-19.5221121929123,-10.1448613960458,41.5));
#2660=CARTESIAN_POINT('',(-24.0571778776082,-12.2577401084016,41.5));
#2661=CARTESIAN_POINT('',(-24.0571778776082,-12.2577401084016,41.5));
#2662=CARTESIAN_POINT('',(-22.9234195707296,-11.7295242107478,41.5));
#2663=CARTESIAN_POINT('',(-21.7863342916816,-11.207798454612,41.5060473093028));
#2664=CARTESIAN_POINT('',(-19.5105679192078,-10.1675183167767,41.5391224926906));
#2665=CARTESIAN_POINT('',(-18.3722311208942,-9.64826851199568,41.5666129118008));
#2666=CARTESIAN_POINT('',(-16.1031992601332,-8.59477114612632,41.6357630695569));
#2667=CARTESIAN_POINT('',(-14.9726969541501,-8.0601452790446,41.6765097750835));
#2668=CARTESIAN_POINT('',(-12.7207131463462,-6.97318921370629,41.7543759703071));
#2669=CARTESIAN_POINT('',(-11.5989542937575,-6.42139359370525,41.7913474874185));
#2670=CARTESIAN_POINT('',(-10.4796763638143,-5.86474839409269,41.823620909119));
#2671=CARTESIAN_POINT('',(-24.0571778776082,-12.2577401084016,42.5));
#2672=CARTESIAN_POINT('',(-22.963435656534,-11.650988193044,42.5));
#2673=CARTESIAN_POINT('',(-21.872988523237,-11.0377298902649,42.4939526906972));
#2674=CARTESIAN_POINT('',(-19.6937219554131,-9.80805815617398,42.4608775073093));
#2675=CARTESIAN_POINT('',(-18.6045422835777,-9.19233202499193,42.4333870881992));
#2676=CARTESIAN_POINT('',(-16.4185412040409,-7.97587751893507,42.3642369304431));
#2677=CARTESIAN_POINT('',(-15.3215270398751,-7.37552745005369,42.3234902249165));
#2678=CARTESIAN_POINT('',(-13.1184779073812,-6.19253164346578,42.2456240296929));
#2679=CARTESIAN_POINT('',(-12.0127123991039,-5.60934730698396,42.2086525125815));
#2680=CARTESIAN_POINT('',(-10.9044817496153,-5.03102059115316,42.176379090881));
#2681=CARTESIAN_POINT('',(-24.0571778776082,-12.2577401084016,42.5));
#2682=CARTESIAN_POINT('',(-24.5987734216386,-11.0969893445091,42.5));
#2683=CARTESIAN_POINT('',(-25.0633585162181,-9.94212966718525,42.4144453763103));
#2684=CARTESIAN_POINT('',(-25.8663510828104,-7.65126523914054,42.0977655367052));
#2685=CARTESIAN_POINT('',(-26.2047450228485,-6.51521021595506,41.8668923668875));
#2686=CARTESIAN_POINT('',(-27.0662539929927,-3.13531733964156,40.9952126472798));
#2687=CARTESIAN_POINT('',(-27.4358430296397,-0.918930786347824,40.1764253654061));
#2688=CARTESIAN_POINT('',(-27.930509185836,3.45603977968868,38.2336623427973));
#2689=CARTESIAN_POINT('',(-28.0551708499087,5.61469573853763,37.108670201705));
#2690=CARTESIAN_POINT('',(-28.2196890980792,9.87774144889089,34.7070695346438));
#2691=CARTESIAN_POINT('',(-28.2594776338443,11.9819212256412,33.4303384325672));
#2692=CARTESIAN_POINT('',(-28.4151773834415,16.1309085014843,30.880456751352));
#2693=CARTESIAN_POINT('',(-28.5309871483959,18.1756323867927,29.6072669532897));
#2694=CARTESIAN_POINT('',(-29.0027189316932,22.1974202510289,27.2216171495586));
#2695=CARTESIAN_POINT('',(-29.3586059715421,24.1747567340777,26.1091370632939));
#2696=CARTESIAN_POINT('',(-30.4803288664787,28.0485433551647,24.2050016960657));
#2697=CARTESIAN_POINT('',(-31.2467839229838,29.9452987578819,23.413776799977));
#2698=CARTESIAN_POINT('',(-33.3589161091147,33.6274751992959,22.3111833500799));
#2699=CARTESIAN_POINT('',(-34.7044627991064,35.4115695802931,22.));
#2700=CARTESIAN_POINT('',(-36.4159992311071,37.1231060122938,22.));
#2701=CARTESIAN_POINT('',(-36.4159992311071,37.1231060122938,21.99999999));
#2702=CARTESIAN_POINT('',(-36.4159992311071,37.1231060122938,22.));
#2703=CARTESIAN_POINT('',(-37.1231060122937,36.4159992311073,22.));
#2704=CARTESIAN_POINT('',(-37.1231060122937,36.4159992311073,22.));
#2705=CARTESIAN_POINT('',(-24.0571778776082,-12.2577401084016,41.5));
#2706=CARTESIAN_POINT('',(-26.464751975016,-7.92381064424911,41.5));
#2707=CARTESIAN_POINT('',(-27.6939683322244,-3.4974425917758,40.3521931232895));
#2708=CARTESIAN_POINT('',(-28.9830130068284,5.30012107761678,36.7377191685071));
#2709=CARTESIAN_POINT('',(-29.0632457496849,9.64862176383622,34.2947207268252));
#2710=CARTESIAN_POINT('',(-29.6553947730922,22.1950295585829,26.9443657704707));
#2711=CARTESIAN_POINT('',(-30.517324130258,29.8102173490716,22.));
#2712=CARTESIAN_POINT('',(-37.1231060122937,36.4159992311073,22.));
#2713=CARTESIAN_POINT('',(-37.1231060122937,36.4159992311073,22.));
#2714=CARTESIAN_POINT('',(-35.4715024768079,34.7643956956215,22.));
#2715=CARTESIAN_POINT('',(-34.1832927166519,33.0550647010274,22.3138166499201));
#2716=CARTESIAN_POINT('',(-32.1556203434245,29.5198022786256,23.398723200023));
#2717=CARTESIAN_POINT('',(-31.4160272907191,27.6925441931183,24.1699983039343));
#2718=CARTESIAN_POINT('',(-30.3223036144311,23.9176984286999,26.0158629367061));
#2719=CARTESIAN_POINT('',(-29.9687921922661,21.9704160144678,27.0908828504414));
#2720=CARTESIAN_POINT('',(-29.4873180049918,17.972343378662,29.3927330467103));
#2721=CARTESIAN_POINT('',(-29.3593202613886,15.9218256612096,30.619543248648));
#2722=CARTESIAN_POINT('',(-29.1619372535861,11.7396897296273,33.0696615674328));
#2723=CARTESIAN_POINT('',(-29.0924505405093,9.60798790171327,34.2929304653562));
#2724=CARTESIAN_POINT('',(-28.8418918569712,5.28861310441093,36.578829798295));
#2725=CARTESIAN_POINT('',(-28.6607518381774,3.10073016026864,37.6413376572027));
#2726=CARTESIAN_POINT('',(-28.0162295008754,-1.29805167442766,39.4485746345939));
#2727=CARTESIAN_POINT('',(-27.5524317268906,-3.50887861887549,40.1922873527202));
#2728=CARTESIAN_POINT('',(-26.5198776149579,-6.80782490755463,40.9612326331125));
#2729=CARTESIAN_POINT('',(-26.1195867166156,-7.90438609243009,41.1600469632948));
#2730=CARTESIAN_POINT('',(-25.189166314353,-10.0876792153536,41.4293046236897));
#2731=CARTESIAN_POINT('',(-24.659019599838,-11.1743509925541,41.5));
#2732=CARTESIAN_POINT('',(-24.0571778776082,-12.2577401084016,41.5));
#2733=CARTESIAN_POINT('',(-36.4159992311071,37.1231060122938,22.));
#2734=CARTESIAN_POINT('',(-34.7044627991064,35.4115695802931,22.));
#2735=CARTESIAN_POINT('',(-33.3589161091147,33.6274751992959,22.3111833500799));
#2736=CARTESIAN_POINT('',(-31.2467839229838,29.9452987578819,23.413776799977));
#2737=CARTESIAN_POINT('',(-30.4803288664787,28.0485433551647,24.2050016960657));
#2738=CARTESIAN_POINT('',(-29.3586059715421,24.1747567340777,26.1091370632939));
#2739=CARTESIAN_POINT('',(-29.0027189316932,22.1974202510289,27.2216171495586));
#2740=CARTESIAN_POINT('',(-28.5309871483959,18.1756323867927,29.6072669532897));
#2741=CARTESIAN_POINT('',(-28.4151773834415,16.1309085014843,30.880456751352));
#2742=CARTESIAN_POINT('',(-28.2594776338443,11.9819212256412,33.4303384325672));
#2743=CARTESIAN_POINT('',(-28.2196890980792,9.87774144889089,34.7070695346438));
#2744=CARTESIAN_POINT('',(-28.0551708499087,5.61469573853763,37.108670201705));
#2745=CARTESIAN_POINT('',(-27.930509185836,3.45603977968868,38.2336623427973));
#2746=CARTESIAN_POINT('',(-27.4358430296397,-0.918930786347824,40.1764253654061));
#2747=CARTESIAN_POINT('',(-27.0662539929927,-3.13531733964156,40.9952126472798));
#2748=CARTESIAN_POINT('',(-26.2047450228485,-6.51521021595506,41.8668923668875));
#2749=CARTESIAN_POINT('',(-25.8663510828104,-7.65126523914054,42.0977655367052));
#2750=CARTESIAN_POINT('',(-25.0633585162181,-9.94212966718525,42.4144453763103));
#2751=CARTESIAN_POINT('',(-24.5987734216386,-11.0969893445091,42.5));
#2752=CARTESIAN_POINT('',(-24.0571778776082,-12.2577401084016,42.5));
#2753=CARTESIAN_POINT('',(-36.4159992311071,37.1231060122938,21.99999999));
#2754=CARTESIAN_POINT('',(-36.4159992311071,37.1231060122938,15.3333333266667));
#2755=CARTESIAN_POINT('',(-36.4159992311071,37.1231060122938,8.66666666333333));
#2756=CARTESIAN_POINT('',(-36.4159992311071,37.1231060122938,2.));
#2757=CARTESIAN_POINT('',(-36.4159992311071,37.1231060122938,2.));
#2758=CARTESIAN_POINT('',(-36.4159992311071,37.1231060122938,2.));
#2759=CARTESIAN_POINT('',(-36.6517014915026,36.8874037518983,2.));
#2760=CARTESIAN_POINT('',(-36.8874037518982,36.6517014915028,2.));
#2761=CARTESIAN_POINT('',(-37.1231060122937,36.4159992311073,2.));
#2762=CARTESIAN_POINT('',(-37.1231060122937,36.4159992311073,2.));
#2763=CARTESIAN_POINT('',(-37.1231060122937,36.4159992311073,22.));
#2764=CARTESIAN_POINT('',(-37.1231060122937,36.4159992311073,15.3333333333333));
#2765=CARTESIAN_POINT('',(-37.1231060122937,36.4159992311073,8.66666666666666));
#2766=CARTESIAN_POINT('',(-37.1231060122937,36.4159992311073,2.));
#2767=CARTESIAN_POINT('',(-37.1231060122937,36.4159992311073,22.));
#2768=CARTESIAN_POINT('',(-36.4159992311071,37.1231060122938,2.));
#2769=CARTESIAN_POINT('',(-35.3890278640403,36.0961346452269,2.));
#2770=CARTESIAN_POINT('',(-34.455794535181,34.9830961175551,2.07637944839193));
#2771=CARTESIAN_POINT('',(-32.7537783929984,32.6676129704324,2.37541027767362));
#2772=CARTESIAN_POINT('',(-31.9842928842414,31.4650791072825,2.59763410520665));
#2773=CARTESIAN_POINT('',(-30.5644893643661,29.0323883955291,3.17202807191008));
#2774=CARTESIAN_POINT('',(-29.9138495914991,27.8016513764639,3.52424331855473));
#2775=CARTESIAN_POINT('',(-28.6878068660968,25.3499179333326,4.34452100570905));
#2776=CARTESIAN_POINT('',(-28.1120591508192,24.1282160914817,4.81269033624369));
#2777=CARTESIAN_POINT('',(-27.0008758256579,21.7180416863574,5.85463984455311));
#2778=CARTESIAN_POINT('',(-26.4651830791121,20.5290091227567,6.42854067523248));
#2779=CARTESIAN_POINT('',(-25.4087043095419,18.2014934857234,7.67489127273731));
#2780=CARTESIAN_POINT('',(-24.8877032515872,17.0625468404143,8.34747028327788));
#2781=CARTESIAN_POINT('',(-23.8446070401959,14.8504468516416,9.78651337394369));
#2782=CARTESIAN_POINT('',(-23.3223015414619,13.7768708462847,10.5531229682174));
#2783=CARTESIAN_POINT('',(-22.2692384748795,11.708583062038,12.1768877533024));
#2784=CARTESIAN_POINT('',(-21.7382670564728,10.7134882102572,13.0342029205821));
#2785=CARTESIAN_POINT('',(-20.6684000539679,8.81282507845254,14.8362562052605));
#2786=CARTESIAN_POINT('',(-20.1292865886594,7.90692068478737,15.7811654145219));
#2787=CARTESIAN_POINT('',(-19.0508809600179,6.19298180585151,17.7543645230015));
#2788=CARTESIAN_POINT('',(-18.5113228062166,5.38460011115796,18.7828730436645));
#2789=CARTESIAN_POINT('',(-17.4459419291397,3.86929752247462,20.9175871272064));
#2790=CARTESIAN_POINT('',(-16.9197719814205,3.16199900916351,22.024095219398));
#2791=CARTESIAN_POINT('',(-15.8993584312198,1.84408602577486,24.307151746961));
#2792=CARTESIAN_POINT('',(-15.4047916243257,1.23318364641085,25.4840093770779));
#2793=CARTESIAN_POINT('',(-14.466638123098,0.0945938208018879,27.8977037785184));
#2794=CARTESIAN_POINT('',(-14.022744489893,-0.433317859113055,29.1348797309711));
#2795=CARTESIAN_POINT('',(-13.2021079478354,-1.42857718158636,31.6564645613709));
#2796=CARTESIAN_POINT('',(-12.8251236617904,-1.89607632605924,32.9412096971828));
#2797=CARTESIAN_POINT('',(-12.1476938947529,-2.80140541713489,35.543077495998));
#2798=CARTESIAN_POINT('',(-11.8471238623452,-3.23932567570015,36.8604689336574));
#2799=CARTESIAN_POINT('',(-11.3220109513166,-4.12146994887131,39.5110539855621));
#2800=CARTESIAN_POINT('',(-11.0974597148018,-4.565759576492,40.8443642807582));
#2801=CARTESIAN_POINT('',(-10.9044817496153,-5.03102059115316,42.176379090881));
#2802=CARTESIAN_POINT('',(-37.1231060122937,36.4159992311073,2.));
#2803=CARTESIAN_POINT('',(-35.1521373641276,34.4450305829412,2.));
#2804=CARTESIAN_POINT('',(-33.5301198227917,32.1299185697484,2.31061207140773));
#2805=CARTESIAN_POINT('',(-30.7448227026552,27.3574761231932,3.4479317684526));
#2806=CARTESIAN_POINT('',(-29.5680343728456,24.8985058008089,4.26926735355146));
#2807=CARTESIAN_POINT('',(-26.2368825647073,17.6769953713635,7.3492568187691));
#2808=CARTESIAN_POINT('',(-24.2144783167437,13.0675287934555,10.2147836525846));
#2809=CARTESIAN_POINT('',(-19.7620787113056,5.26391377163501,17.3274535964302));
#2810=CARTESIAN_POINT('',(-17.3615366970523,2.11534401159492,21.605048532201));
#2811=CARTESIAN_POINT('',(-13.1860261398554,-2.57768943918957,31.1950255026416));
#2812=CARTESIAN_POINT('',(-11.5315849497653,-4.14633769302994,36.4954859197651));
#2813=CARTESIAN_POINT('',(-10.4796763638143,-5.86474839409269,41.823620909119));
#2814=CARTESIAN_POINT('',(-37.1231060122937,36.4159992311073,2.));
#2815=CARTESIAN_POINT('',(-36.1372659360398,35.4301591548534,2.));
#2816=CARTESIAN_POINT('',(-35.2362066108759,34.3563724410216,2.07665157619416));
#2817=CARTESIAN_POINT('',(-33.5847988624222,32.1097335551518,2.37432120636371));
#2818=CARTESIAN_POINT('',(-32.8337955427576,30.9368079581096,2.59494199566895));
#2819=CARTESIAN_POINT('',(-31.4411469826893,28.550586734832,3.16360184419138));
#2820=CARTESIAN_POINT('',(-30.7998235040344,27.3378712790585,3.51159579593431));
#2821=CARTESIAN_POINT('',(-29.5854988337299,24.9096855673674,4.32114778439498));
#2822=CARTESIAN_POINT('',(-29.0128424048226,23.6949207292346,4.78259893108774));
#2823=CARTESIAN_POINT('',(-27.9024584687765,21.2877505860862,5.80926208616028));
#2824=CARTESIAN_POINT('',(-27.3649880982998,20.0959052813976,6.37435344163548));
#2825=CARTESIAN_POINT('',(-26.2998301967416,17.7534896306733,7.60173756289919));
#2826=CARTESIAN_POINT('',(-25.7723577005904,16.6033828565141,8.2639010849726));
#2827=CARTESIAN_POINT('',(-24.7106667438182,14.3612651489732,9.68129588160678));
#2828=CARTESIAN_POINT('',(-24.1766586284945,13.2696768774849,10.4363816420191));
#2829=CARTESIAN_POINT('',(-23.0936325636586,11.1594393466892,12.0368311302133));
#2830=CARTESIAN_POINT('',(-22.5448284647044,10.1411731602728,12.8820348815267));
#2831=CARTESIAN_POINT('',(-21.4317285633449,8.19026940481768,14.6602023674881));
#2832=CARTESIAN_POINT('',(-20.8676506421497,7.25796794942036,15.5929950102733));
#2833=CARTESIAN_POINT('',(-19.7308033253686,5.48958839914423,17.5430057716833));
#2834=CARTESIAN_POINT('',(-19.1582999202508,4.65385751368828,18.5600052688631));
#2835=CARTESIAN_POINT('',(-18.0180658200117,3.08490635060649,20.6733763209865));
#2836=CARTESIAN_POINT('',(-17.4506823493338,2.35206369230197,21.7694453466172));
#2837=CARTESIAN_POINT('',(-16.3393479561734,0.987194796130865,24.0335567315549));
#2838=CARTESIAN_POINT('',(-15.7957202381035,0.355456467550737,25.2012898961162));
#2839=CARTESIAN_POINT('',(-14.7518425988043,-0.817801895145385,27.5987841387264));
#2840=CARTESIAN_POINT('',(-14.2518996164464,-1.35909769559141,28.828206035646));
#2841=CARTESIAN_POINT('',(-13.3127583454987,-2.37135276046191,31.3362149236931));
#2842=CARTESIAN_POINT('',(-12.8738014341011,-2.84216052297187,32.6144656569556));
#2843=CARTESIAN_POINT('',(-12.0672708195924,-3.74142240306743,35.2052806692974));
#2844=CARTESIAN_POINT('',(-11.6998216678967,-4.16978620869053,36.5175761737204));
#2845=CARTESIAN_POINT('',(-11.0375076226401,-5.0166835943448,39.1607961238525));
#2846=CARTESIAN_POINT('',(-10.7426505190465,-5.4351506053785,40.4916023131096));
#2847=CARTESIAN_POINT('',(-10.4796763638143,-5.86474839409269,41.823620909119));
#2848=CARTESIAN_POINT('',(-36.4159992311071,37.1231060122938,2.));
#2849=CARTESIAN_POINT('',(-35.3890278640403,36.0961346452269,2.));
#2850=CARTESIAN_POINT('',(-34.455794535181,34.9830961175551,2.07637944839193));
#2851=CARTESIAN_POINT('',(-32.7537783929984,32.6676129704324,2.37541027767362));
#2852=CARTESIAN_POINT('',(-31.9842928842414,31.4650791072825,2.59763410520665));
#2853=CARTESIAN_POINT('',(-30.5644893643661,29.0323883955291,3.17202807191008));
#2854=CARTESIAN_POINT('',(-29.9138495914991,27.8016513764639,3.52424331855473));
#2855=CARTESIAN_POINT('',(-28.6878068660968,25.3499179333326,4.34452100570905));
#2856=CARTESIAN_POINT('',(-28.1120591508192,24.1282160914817,4.81269033624369));
#2857=CARTESIAN_POINT('',(-27.0008758256579,21.7180416863574,5.85463984455311));
#2858=CARTESIAN_POINT('',(-26.4651830791121,20.5290091227567,6.42854067523248));
#2859=CARTESIAN_POINT('',(-25.4087043095419,18.2014934857234,7.67489127273731));
#2860=CARTESIAN_POINT('',(-24.8877032515872,17.0625468404143,8.34747028327788));
#2861=CARTESIAN_POINT('',(-23.8446070401959,14.8504468516416,9.78651337394369));
#2862=CARTESIAN_POINT('',(-23.3223015414619,13.7768708462847,10.5531229682174));
#2863=CARTESIAN_POINT('',(-22.2692384748795,11.708583062038,12.1768877533024));
#2864=CARTESIAN_POINT('',(-21.7382670564728,10.7134882102572,13.0342029205821));
#2865=CARTESIAN_POINT('',(-20.6684000539679,8.81282507845254,14.8362562052605));
#2866=CARTESIAN_POINT('',(-20.1292865886594,7.90692068478737,15.7811654145219));
#2867=CARTESIAN_POINT('',(-19.0508809600179,6.19298180585151,17.7543645230015));
#2868=CARTESIAN_POINT('',(-18.5113228062166,5.38460011115796,18.7828730436645));
#2869=CARTESIAN_POINT('',(-17.4459419291397,3.86929752247462,20.9175871272064));
#2870=CARTESIAN_POINT('',(-16.9197719814205,3.16199900916351,22.024095219398));
#2871=CARTESIAN_POINT('',(-15.8993584312198,1.84408602577486,24.307151746961));
#2872=CARTESIAN_POINT('',(-15.4047916243257,1.23318364641085,25.4840093770779));
#2873=CARTESIAN_POINT('',(-14.466638123098,0.0945938208018879,27.8977037785184));
#2874=CARTESIAN_POINT('',(-14.022744489893,-0.433317859113055,29.1348797309711));
#2875=CARTESIAN_POINT('',(-13.2021079478354,-1.42857718158636,31.6564645613709));
#2876=CARTESIAN_POINT('',(-12.8251236617904,-1.89607632605924,32.9412096971828));
#2877=CARTESIAN_POINT('',(-12.1476938947529,-2.80140541713489,35.543077495998));
#2878=CARTESIAN_POINT('',(-11.8471238623452,-3.23932567570015,36.8604689336574));
#2879=CARTESIAN_POINT('',(-11.3220109513166,-4.12146994887131,39.5110539855621));
#2880=CARTESIAN_POINT('',(-11.0974597148018,-4.565759576492,40.8443642807582));
#2881=CARTESIAN_POINT('',(-10.9044817496153,-5.03102059115316,42.176379090881));
#2882=CARTESIAN_POINT('',(-37.1231060122937,36.4159992311073,22.));
#2883=CARTESIAN_POINT('',(-35.4716605417848,34.7645537605984,22.));
#2884=CARTESIAN_POINT('',(-34.1832927166519,33.0550647010274,22.3138166499201));
#2885=CARTESIAN_POINT('',(-33.1694565300382,31.2874334898265,22.8562699249716));
#2886=CARTESIAN_POINT('',(-32.1556203434245,29.5198022786256,23.398723200023));
#2887=CARTESIAN_POINT('',(-31.416027290719,27.6925441931183,24.1699983039343));
#2888=CARTESIAN_POINT('',(-30.8691654525751,25.8051213109091,25.0929306203202));
#2889=CARTESIAN_POINT('',(-30.3223036144311,23.9176984286999,26.0158629367061));
#2890=CARTESIAN_POINT('',(-29.9687921922661,21.9704160144678,27.0908828504414));
#2891=CARTESIAN_POINT('',(-29.728055098629,19.9713796965649,28.2418079485759));
#2892=CARTESIAN_POINT('',(-29.4873180049918,17.972343378662,29.3927330467103));
#2893=CARTESIAN_POINT('',(-29.3593202613886,15.9218256612096,30.6195432486479));
#2894=CARTESIAN_POINT('',(-29.2606287574873,13.8307576954185,31.8446024080404));
#2895=CARTESIAN_POINT('',(-29.1619372535861,11.7396897296273,33.0696615674328));
#2896=CARTESIAN_POINT('',(-29.0924505405093,9.60798790171327,34.2929304653562));
#2897=CARTESIAN_POINT('',(-28.9671711987403,7.44830050306209,35.4358801318256));
#2898=CARTESIAN_POINT('',(-28.8418918569712,5.28861310441092,36.578829798295));
#2899=CARTESIAN_POINT('',(-28.6607518381774,3.10073016026864,37.6413376572027));
#2900=CARTESIAN_POINT('',(-28.3384906695264,0.901339242920491,38.5449561458983));
#2901=CARTESIAN_POINT('',(-28.0162295008754,-1.29805167442766,39.4485746345939));
#2902=CARTESIAN_POINT('',(-27.5524317268906,-3.50887861887549,40.1922873527203));
#2903=CARTESIAN_POINT('',(-26.8640623189355,-5.70817614466158,40.7049175396484));
#2904=CARTESIAN_POINT('',(-26.1756929109804,-7.90747367044768,41.2175477265765));
#2905=CARTESIAN_POINT('',(-25.2609649263121,-10.0907753763253,41.5));
#2906=CARTESIAN_POINT('',(-24.0571778776082,-12.2577401084016,41.5));
#2907=CARTESIAN_POINT('',(-37.1231060122937,36.4159992311073,18.6666666666667));
#2908=CARTESIAN_POINT('',(-35.4187680992892,34.7116613181028,18.6666666666667));
#2909=CARTESIAN_POINT('',(-34.0747379270729,32.901474416595,18.9798800645468));
#2910=CARTESIAN_POINT('',(-32.9973631922978,31.0299733651669,19.5267883674349));
#2911=CARTESIAN_POINT('',(-31.9199884575226,29.1584723137388,20.073696670323));
#2912=CARTESIAN_POINT('',(-31.1072755449436,27.2244199496676,20.8536009918963));
#2913=CARTESIAN_POINT('',(-30.4669473532768,25.249218584795,21.794058278895));
#2914=CARTESIAN_POINT('',(-29.8266191616101,23.2740172199225,22.7345155658938));
#2915=CARTESIAN_POINT('',(-29.3590059186608,21.2572755774548,23.835928064744));
#2916=CARTESIAN_POINT('',(-28.9826084246154,19.2172713188366,25.0310807624016));
#2917=CARTESIAN_POINT('',(-28.6062109305701,17.1772670602184,26.2262334600591));
#2918=CARTESIAN_POINT('',(-28.3211137906153,15.1143704136177,27.5152581725506));
#2919=CARTESIAN_POINT('',(-28.0546868305024,13.0461929291562,28.8316695432833));
#2920=CARTESIAN_POINT('',(-27.7882598703895,10.9780154446946,30.148080914016));
#2921=CARTESIAN_POINT('',(-27.5405606394286,8.90482778404277,31.4919794710186));
#2922=CARTESIAN_POINT('',(-27.2473115473943,6.84232352528946,32.7949181504376));
#2923=CARTESIAN_POINT('',(-26.9540624553599,4.77981926653614,34.0978568298565));
#2924=CARTESIAN_POINT('',(-26.6156963133412,2.72832341919898,35.3597909393528));
#2925=CARTESIAN_POINT('',(-26.1734243867791,0.697587654635009,36.508895249104));
#2926=CARTESIAN_POINT('',(-25.7311524602169,-1.33314810992897,37.6579995588551));
#2927=CARTESIAN_POINT('',(-25.1853622472489,-3.34337694739903,38.6932614361243));
#2928=CARTESIAN_POINT('',(-24.4747544829274,-5.32703547175708,39.5447507584328));
#2929=CARTESIAN_POINT('',(-23.7641467186058,-7.31069399611513,40.3962400807413));
#2930=CARTESIAN_POINT('',(-22.8865463988943,-9.26371177155397,41.0632856216764));
#2931=CARTESIAN_POINT('',(-21.7896450352602,-11.2013007522237,41.5));
#2932=CARTESIAN_POINT('',(-37.1231060122937,36.4159992311073,15.3333333333333));
#2933=CARTESIAN_POINT('',(-35.3656611552074,34.658554374021,15.3333333333333));
#2934=CARTESIAN_POINT('',(-33.9659843904548,32.7474890841264,15.6459887522233));
#2935=CARTESIAN_POINT('',(-32.8253321044834,30.7726250060303,16.1972949800956));
#2936=CARTESIAN_POINT('',(-31.6846798185119,28.7977609279342,16.748601207968));
#2937=CARTESIAN_POINT('',(-30.7989666069366,26.7579404181013,17.5369411176285));
#2938=CARTESIAN_POINT('',(-30.0647707855069,24.695617338045,18.4948032251258));
#2939=CARTESIAN_POINT('',(-29.3305749640772,22.6332942579887,19.4526653326231));
#2940=CARTESIAN_POINT('',(-28.7480980956537,20.5473307748096,20.5804683416351));
#2941=CARTESIAN_POINT('',(-28.2352383741045,18.4662967659941,21.8200886497386));
#2942=CARTESIAN_POINT('',(-27.7223786525553,16.3852627571787,23.0597089578421));
#2943=CARTESIAN_POINT('',(-27.2793640813868,14.309661000052,24.4114039254398));
#2944=CARTESIAN_POINT('',(-26.8443527329976,12.2640544379756,25.8198812267094));
#2945=CARTESIAN_POINT('',(-26.4093413846085,10.2184478758992,27.2283585279791));
#2946=CARTESIAN_POINT('',(-25.9825720877242,8.20345223034823,28.6938320172966));
#2947=CARTESIAN_POINT('',(-25.5204016503767,6.23782685781042,30.158187488254));
#2948=CARTESIAN_POINT('',(-25.0582312130293,4.27220148527261,31.6225429592114));
#2949=CARTESIAN_POINT('',(-24.5616448636673,2.35690193718327,33.0857515893188));
#2950=CARTESIAN_POINT('',(-23.998383928867,0.494170305863591,34.4832513752199));
#2951=CARTESIAN_POINT('',(-23.4351229940667,-1.36856132545608,35.8807511611209));
#2952=CARTESIAN_POINT('',(-22.806462242271,-3.17903493040325,37.2117799740118));
#2953=CARTESIAN_POINT('',(-22.0730761510989,-4.95130617964033,38.407358348739));
#2954=CARTESIAN_POINT('',(-21.3396900599268,-6.7235774288774,39.6029367234662));
#2955=CARTESIAN_POINT('',(-20.4994902417528,-8.45644375495436,40.6609285996329));
#2956=CARTESIAN_POINT('',(-19.5067470512747,-10.1750171949304,41.5320378329227));
#2957=CARTESIAN_POINT('',(-37.1231060122937,36.4159992311073,12.));
#2958=CARTESIAN_POINT('',(-35.3123925674776,34.6052857862911,12.));
#2959=CARTESIAN_POINT('',(-33.8571040340926,32.5932604232276,12.3121255918084));
#2960=CARTESIAN_POINT('',(-32.6533403287755,30.515346180781,12.8677942028429));
#2961=CARTESIAN_POINT('',(-31.4495766234583,28.4374319383343,13.4234628138773));
#2962=CARTESIAN_POINT('',(-30.4910008583005,26.2924313886755,14.2201262465532));
#2963=CARTESIAN_POINT('',(-29.6628205073778,24.1435292582551,15.1952725684377));
#2964=CARTESIAN_POINT('',(-28.834640156455,21.9946271278346,16.1704188903222));
#2965=CARTESIAN_POINT('',(-28.1369623784458,19.8399032112613,17.3245034558572));
#2966=CARTESIAN_POINT('',(-27.4871608295325,17.7182690915208,18.6085939971469));
#2967=CARTESIAN_POINT('',(-26.8373592806191,15.5966349717803,19.8926845384365));
#2968=CARTESIAN_POINT('',(-26.2358199898999,13.5087097470786,21.307165354863));
#2969=CARTESIAN_POINT('',(-25.6315852616916,11.4862758957596,22.8079826515457));
#2970=CARTESIAN_POINT('',(-25.0273505334834,9.46384204444056,24.3087999482285));
#2971=CARTESIAN_POINT('',(-24.4208475156948,7.50782108979125,25.8962737978748));
#2972=CARTESIAN_POINT('',(-23.7892194782484,5.64038439872878,27.522727110986));
#2973=CARTESIAN_POINT('',(-23.157591440802,3.77294770766632,29.1491804240973));
#2974=CARTESIAN_POINT('',(-22.5024118099398,1.99562884402077,30.8145409728379));
#2975=CARTESIAN_POINT('',(-21.8183483985223,0.303576850479691,32.4619327302226));
#2976=CARTESIAN_POINT('',(-21.1342849871048,-1.38847514306139,34.1093244876072));
#2977=CARTESIAN_POINT('',(-20.4234595240777,-2.99543863080921,35.7380028669535));
#2978=CARTESIAN_POINT('',(-19.6698005854131,-4.55213005461519,37.2822306559764));
#2979=CARTESIAN_POINT('',(-18.9161416467484,-6.10882147842117,38.8264584449993));
#2980=CARTESIAN_POINT('',(-18.1185387343503,-7.61588438752308,40.2843469636994));
#2981=CARTESIAN_POINT('',(-17.2377151905137,-9.121519829061,41.6011879906788));
#2982=CARTESIAN_POINT('',(-37.1231060122937,36.4159992311073,8.66666666666666));
#2983=CARTESIAN_POINT('',(-35.2591239797477,34.5520171985613,8.66666666666666));
#2984=CARTESIAN_POINT('',(-33.7482236777304,32.4390317623289,8.97826243139363));
#2985=CARTESIAN_POINT('',(-32.4813485530675,30.2580673555317,9.53829342559015));
#2986=CARTESIAN_POINT('',(-31.2144734284047,28.0771029487345,10.0983244197867));
#2987=CARTESIAN_POINT('',(-30.1830351096645,25.8269223592497,10.903311375478));
#2988=CARTESIAN_POINT('',(-29.2608702292487,23.5914411784651,11.8957419117496));
#2989=CARTESIAN_POINT('',(-28.3387053488329,21.3559599976805,12.8881724480212));
#2990=CARTESIAN_POINT('',(-27.5258266612379,19.132475647713,14.0685385700793));
#2991=CARTESIAN_POINT('',(-26.7390832849604,16.9702414170475,15.3970993445551));
#2992=CARTESIAN_POINT('',(-25.9523399086829,14.8080071863819,16.7256601190309));
#2993=CARTESIAN_POINT('',(-25.192275898413,12.7077584941053,18.2029267842862));
#2994=CARTESIAN_POINT('',(-24.4188177903856,10.7084973535436,19.7960840763821));
#2995=CARTESIAN_POINT('',(-23.6453596823582,8.70923621298195,21.3892413684779));
#2996=CARTESIAN_POINT('',(-22.8591229436655,6.81218994923427,23.0987155784529));
#2997=CARTESIAN_POINT('',(-22.0580373061201,5.04294193964714,24.8872667337181));
#2998=CARTESIAN_POINT('',(-21.2569516685747,3.27369393006002,26.6758178889832));
#2999=CARTESIAN_POINT('',(-20.4431787562122,1.63435575085828,28.543330356357));
#3000=CARTESIAN_POINT('',(-19.6383128681775,0.112983395095791,30.4406140852253));
#3001=CARTESIAN_POINT('',(-18.8334469801428,-1.4083889606667,32.3378978140935));
#3002=CARTESIAN_POINT('',(-18.0404568058844,-2.81184233121517,34.2642257598952));
#3003=CARTESIAN_POINT('',(-17.2665250197272,-4.15295392959005,36.1571029632138));
#3004=CARTESIAN_POINT('',(-16.4925932335699,-5.49406552796493,38.0499801665324));
#3005=CARTESIAN_POINT('',(-15.7375872269478,-6.77532502009181,39.907765327766));
#3006=CARTESIAN_POINT('',(-14.9686833297527,-8.06802246319164,41.6703381484349));
#3007=CARTESIAN_POINT('',(-37.1231060122937,36.4159992311073,5.33333333333333));
#3008=CARTESIAN_POINT('',(-35.205693272853,34.4985864916666,5.33333333333333));
#3009=CARTESIAN_POINT('',(-33.6392151180548,32.2845564685849,5.64442778479113));
#3010=CARTESIAN_POINT('',(-32.3093965500039,30.0008589567843,6.2087851658339));
#3011=CARTESIAN_POINT('',(-30.9795779819529,27.7171614449838,6.77314254687666));
#3012=CARTESIAN_POINT('',(-29.8754097170873,25.3623996840957,7.58633917652691));
#3013=CARTESIAN_POINT('',(-28.8591357700247,23.0408751423874,8.59593545712485));
#3014=CARTESIAN_POINT('',(-27.8428618229621,20.7193506006791,9.60553173772279));
#3015=CARTESIAN_POINT('',(-26.9144432025871,18.4275441603813,10.8120772872188));
#3016=CARTESIAN_POINT('',(-25.990297663054,16.2251224239894,12.1851109105908));
#3017=CARTESIAN_POINT('',(-25.0661521235208,14.0227006875975,13.5581445339628));
#3018=CARTESIAN_POINT('',(-24.146991692998,11.9105019536284,15.098305711029));
#3019=CARTESIAN_POINT('',(-23.2037306723409,9.9350248065831,16.7840434172838));
#3020=CARTESIAN_POINT('',(-22.2604696516838,7.95954765953777,18.4697811235386));
#3021=CARTESIAN_POINT('',(-21.2939140831875,6.12228698417594,20.3016278735419));
#3022=CARTESIAN_POINT('',(-20.3229855331682,4.45258069354867,22.2528115296735));
#3023=CARTESIAN_POINT('',(-19.3520569831489,2.7828744029214,24.2039951858051));
#3024=CARTESIAN_POINT('',(-18.3795363604441,1.28335341233514,26.2743295220372));
#3025=CARTESIAN_POINT('',(-17.4544339269018,-0.0646348312298085,28.4224044944696));
#3026=CARTESIAN_POINT('',(-16.5293314933596,-1.41262307479476,30.5704794669021));
#3027=CARTESIAN_POINT('',(-15.6554454142011,-2.60898310827296,32.7954373634272));
#3028=CARTESIAN_POINT('',(-14.8643535974002,-3.72990510106379,35.0389748146693));
#3029=CARTESIAN_POINT('',(-14.0732617805993,-4.85082709385461,37.2825122659115));
#3030=CARTESIAN_POINT('',(-13.3660494854242,-5.89952312516983,39.5434185946488));
#3031=CARTESIAN_POINT('',(-12.7182401535516,-6.97804273703305,41.7590738370676));
#3032=CARTESIAN_POINT('',(-37.1231060122937,36.4159992311073,2.));
#3033=CARTESIAN_POINT('',(-35.1521373641276,34.4450305829411,2.));
#3034=CARTESIAN_POINT('',(-33.5301198227917,32.1299185697484,2.31061207140773));
#3035=CARTESIAN_POINT('',(-32.1374712627234,29.7436973464708,2.87927191993017));
#3036=CARTESIAN_POINT('',(-30.7448227026552,27.3574761231932,3.4479317684526));
#3037=CARTESIAN_POINT('',(-29.5680343728456,24.8985058008089,4.26926735355147));
#3038=CARTESIAN_POINT('',(-28.4576504367995,22.4913356576604,5.29593050862401));
#3039=CARTESIAN_POINT('',(-27.3472665007534,20.0841655145119,6.32259366369655));
#3040=CARTESIAN_POINT('',(-26.3032031789765,17.7244417102845,7.55520368665552));
#3041=CARTESIAN_POINT('',(-25.2415122222043,15.4823240027436,8.97259848328969));
#3042=CARTESIAN_POINT('',(-24.179821265432,13.2402062952027,10.3899932799239));
#3043=CARTESIAN_POINT('',(-23.1013784153842,11.1166250380004,11.992951138546));
#3044=CARTESIAN_POINT('',(-21.9882785140247,9.16572128254524,13.7711186245074));
#3045=CARTESIAN_POINT('',(-20.8751786126651,7.21481752709012,15.5492861104688));
#3046=CARTESIAN_POINT('',(-19.7284169703704,5.43833309522917,17.5033197428014));
#3047=CARTESIAN_POINT('',(-18.5881828701312,3.86938193214738,19.6166907949248));
#3048=CARTESIAN_POINT('',(-17.4479487698921,2.30043076906559,21.7300618470482));
#3049=CARTESIAN_POINT('',(-16.3176590577531,0.9420856488988,24.0025427748112));
#3050=CARTESIAN_POINT('',(-15.2737814184539,-0.231172713797323,26.4000370174213));
#3051=CARTESIAN_POINT('',(-14.2299037791546,-1.40443107649345,28.7975312600314));
#3052=CARTESIAN_POINT('',(-13.2770667413554,-2.39252958292409,31.3190581507847));
#3053=CARTESIAN_POINT('',(-12.4705361268468,-3.29179146301965,33.9098731631265));
#3054=CARTESIAN_POINT('',(-11.6640055123381,-4.1910533431152,36.5006881754683));
#3055=CARTESIAN_POINT('',(-11.0056306567898,-5.00554304356131,39.159553414442));
#3056=CARTESIAN_POINT('',(-10.4796763638143,-5.86474839409269,41.823620909119));
#3057=CARTESIAN_POINT('',(-36.4159992311071,37.1231060122938,2.));
#3058=CARTESIAN_POINT('',(-34.362718505372,35.0698252865587,2.));
#3059=CARTESIAN_POINT('',(-32.694194644179,32.6814244631591,2.31043712185493));
#3060=CARTESIAN_POINT('',(-31.2743911243038,30.2487337514058,2.88483108855836));
#3061=CARTESIAN_POINT('',(-29.8545876044285,27.8160430396525,3.45922505526179));
#3062=CARTESIAN_POINT('',(-28.6676508133998,25.3333032940439,4.29171558208898));
#3063=CARTESIAN_POINT('',(-27.5564674882385,22.9231288889196,5.3336650903984));
#3064=CARTESIAN_POINT('',(-26.4452841630772,20.5129544837952,6.37561459870782));
#3065=CARTESIAN_POINT('',(-25.4092513572829,18.1685968348006,7.62794873794497));
#3066=CARTESIAN_POINT('',(-24.3661551458915,15.9564968460279,9.06699182861078));
#3067=CARTESIAN_POINT('',(-23.3230589345002,13.7443968572553,10.5060349192766));
#3068=CARTESIAN_POINT('',(-22.2732005577253,11.6638197761595,12.1331762782429));
#3069=CARTESIAN_POINT('',(-21.2033335552203,9.76315664435484,13.9352295629213));
#3070=CARTESIAN_POINT('',(-20.1334665527154,7.86249351255022,15.7372828475997));
#3071=CARTESIAN_POINT('',(-19.044013244755,6.14225140549963,17.7155160018936));
#3072=CARTESIAN_POINT('',(-17.9786323676781,4.62694881681629,19.8502300854354));
#3073=CARTESIAN_POINT('',(-16.9132514906012,3.11164622813295,21.9849441689773));
#3074=CARTESIAN_POINT('',(-15.8738683749395,1.80247855921534,24.2771621763577));
#3075=CARTESIAN_POINT('',(-14.9357148737118,0.66388873360637,26.6908565777982));
#3076=CARTESIAN_POINT('',(-13.9975613724842,-0.4747010920026,29.1045509792387));
#3077=CARTESIAN_POINT('',(-13.1638385453091,-1.44341178052142,31.6402757977752));
#3078=CARTESIAN_POINT('',(-12.4864087782717,-2.34874087159707,34.2421435965904));
#3079=CARTESIAN_POINT('',(-11.8089790112342,-3.25406996267272,36.8440113954055));
#3080=CARTESIAN_POINT('',(-11.2904328333309,-4.1005102468992,39.5123829242961));
#3081=CARTESIAN_POINT('',(-10.9044817496153,-5.03102059115316,42.176379090881));
#3082=CARTESIAN_POINT('',(-36.4159992311071,37.1231060122938,5.33333333333333));
#3083=CARTESIAN_POINT('',(-34.4193474977157,35.1264542789024,5.33333333333333));
#3084=CARTESIAN_POINT('',(-32.8047484087152,32.838652708892,5.64394654292775));
#3085=CARTESIAN_POINT('',(-31.4458731968667,30.5051370361821,6.21442567457321));
#3086=CARTESIAN_POINT('',(-30.0869979850182,28.1716213634721,6.78490480621866));
#3087=CARTESIAN_POINT('',(-28.9703872976502,25.7876224863289,7.61031326984013));
#3088=CARTESIAN_POINT('',(-27.9507346461046,23.4573072056843,8.63706087539382));
#3089=CARTESIAN_POINT('',(-26.931081994559,21.1269919250398,9.66380848094751));
#3090=CARTESIAN_POINT('',(-26.0078540982889,18.8446273381058,10.892633066615));
#3091=CARTESIAN_POINT('',(-25.0985765001381,16.6668792858996,12.2905893493263));
#3092=CARTESIAN_POINT('',(-24.1892989019874,14.4891312336933,13.6885456320376));
#3093=CARTESIAN_POINT('',(-23.2942403920649,12.4153244186204,15.2568004696284));
#3094=CARTESIAN_POINT('',(-22.3889387630516,10.4869022256638,16.9712467389068));
#3095=CARTESIAN_POINT('',(-21.4836371340384,8.55848003270727,18.6856930081851));
#3096=CARTESIAN_POINT('',(-20.5684677025151,6.77582165819875,20.5474019137039));
#3097=CARTESIAN_POINT('',(-19.6667940271287,5.16011478005045,22.52691420396));
#3098=CARTESIAN_POINT('',(-18.7651203517422,3.54440790190215,24.5064264942162));
#3099=CARTESIAN_POINT('',(-17.8786133374687,2.09657841775286,26.6045912706035));
#3100=CARTESIAN_POINT('',(-17.0570907794469,0.786880471002499,28.7783401682132));
#3101=CARTESIAN_POINT('',(-16.2355682214252,-0.522817475747861,30.952089065823));
#3102=CARTESIAN_POINT('',(-15.4817566113332,-1.69500068768447,33.2019242603728));
#3103=CARTESIAN_POINT('',(-14.8257633232816,-2.81999774475772,35.4679141517614));
#3104=CARTESIAN_POINT('',(-14.16977003523,-3.94499480183098,37.73390404315));
#3105=CARTESIAN_POINT('',(-13.6142096971725,-5.02672465589547,40.0165283542996));
#3106=CARTESIAN_POINT('',(-13.1209509001758,-6.18767812013902,42.2409261629324));
#3107=CARTESIAN_POINT('',(-36.4159992311071,37.1231060122938,8.66666666666666));
#3108=CARTESIAN_POINT('',(-34.4761016918901,35.1832084730768,8.66666666666666));
#3109=CARTESIAN_POINT('',(-32.9153889088388,32.9960435597172,8.97743703078149));
#3110=CARTESIAN_POINT('',(-31.6173285536464,30.7614935325245,9.54402524673553));
#3111=CARTESIAN_POINT('',(-30.319268198454,28.5269435053317,10.1106134626896));
#3112=CARTESIAN_POINT('',(-29.2728737335651,26.2413128867465,10.9290105816157));
#3113=CARTESIAN_POINT('',(-28.3447526779718,23.9904589710983,11.9406551542654));
#3114=CARTESIAN_POINT('',(-27.4166316223786,21.7396050554501,12.9522997269151));
#3115=CARTESIAN_POINT('',(-26.6063134042548,19.5188288041759,14.1577297129877));
#3116=CARTESIAN_POINT('',(-25.830997673328,17.3749411539588,15.5147108633785));
#3117=CARTESIAN_POINT('',(-25.0556819424011,15.2310535037417,16.8716920137694));
#3118=CARTESIAN_POINT('',(-24.3156092986033,13.1634494362326,18.3811581602397));
#3119=CARTESIAN_POINT('',(-23.5749090111545,11.2064787840502,20.0081480485704));
#3120=CARTESIAN_POINT('',(-22.8342087237057,9.24950813186779,21.6351379369011));
#3121=CARTESIAN_POINT('',(-22.0932104126144,7.40344283478632,23.3805082513438));
#3122=CARTESIAN_POINT('',(-21.3547065766642,5.68611825858743,25.2052638531887));
#3123=CARTESIAN_POINT('',(-20.6162027407141,3.96879368238853,27.0300194550337));
#3124=CARTESIAN_POINT('',(-19.8815932069207,2.38094370120358,28.9348062777555));
#3125=CARTESIAN_POINT('',(-19.1752402523544,0.898791864640544,30.869981644921));
#3126=CARTESIAN_POINT('',(-18.4688872977881,-0.583359971922491,32.8051570120866));
#3127=CARTESIAN_POINT('',(-17.7930419585197,-1.96018389725418,34.7711635391448));
#3128=CARTESIAN_POINT('',(-17.156763916518,-3.30631942743625,36.7046582099308));
#3129=CARTESIAN_POINT('',(-16.5204858745164,-4.65245495761832,38.6381528807168));
#3130=CARTESIAN_POINT('',(-15.9268676481249,-5.97111725157827,40.5401922313928));
#3131=CARTESIAN_POINT('',(-15.3255406642724,-7.36765026590665,42.3296618515651));
#3132=CARTESIAN_POINT('',(-36.4159992311071,37.1231060122938,12.));
#3133=CARTESIAN_POINT('',(-34.5330180052294,35.2401247864161,12.));
#3134=CARTESIAN_POINT('',(-33.026157612276,33.1536810433878,12.3108990048229));
#3135=CARTESIAN_POINT('',(-31.7887441377819,31.017779602365,12.8736323014014));
#3136=CARTESIAN_POINT('',(-30.5513306632878,28.8818781613422,13.4363655979799));
#3137=CARTESIAN_POINT('',(-29.5750198134211,26.6940169328924,14.247865221267));
#3138=CARTESIAN_POINT('',(-28.738554890934,24.5220886928001,15.2445252310735));
#3139=CARTESIAN_POINT('',(-27.9020899684469,22.3501604527078,16.24118524088));
#3140=CARTESIAN_POINT('',(-27.2050204516635,20.1905341940296,17.423322756443));
#3141=CARTESIAN_POINT('',(-26.5641269238522,18.0800943406028,18.7393261588034));
#3142=CARTESIAN_POINT('',(-25.9232333960409,15.9696544871761,20.0553295611637));
#3143=CARTESIAN_POINT('',(-25.3387183190699,13.9078797413482,21.5058983535315));
#3144=CARTESIAN_POINT('',(-24.763198905996,11.921749347181,23.0451914421686));
#3145=CARTESIAN_POINT('',(-24.1876794929221,9.93561895301388,24.5844845308057));
#3146=CARTESIAN_POINT('',(-23.6214374111622,8.02533583587523,26.2131440744728));
#3147=CARTESIAN_POINT('',(-23.0464887270234,6.20504052414123,27.8826083291941));
#3148=CARTESIAN_POINT('',(-22.4715400428846,4.38474521240724,29.5520725839154));
#3149=CARTESIAN_POINT('',(-21.8889824184132,2.65503823001495,31.2628115027465));
#3150=CARTESIAN_POINT('',(-21.2972331361927,0.99772802922029,32.9585140673872));
#3151=CARTESIAN_POINT('',(-20.7054838539721,-0.659582171574373,34.6542166320279));
#3152=CARTESIAN_POINT('',(-20.1063359791962,-2.24463003017206,36.3354141073265));
#3153=CARTESIAN_POINT('',(-19.4866603663955,-3.8165138136159,37.934402723882));
#3154=CARTESIAN_POINT('',(-18.8669847535949,-5.38839759705975,39.5333913404376));
#3155=CARTESIAN_POINT('',(-18.2301118331985,-6.95075237475179,41.0516212056696));
#3156=CARTESIAN_POINT('',(-17.5115417438093,-8.58410477196351,42.3988120093212));
#3157=CARTESIAN_POINT('',(-36.4159992311071,37.1231060122938,15.3333333333333));
#3158=CARTESIAN_POINT('',(-34.5899343185687,35.2970410997553,15.3333333333333));
#3159=CARTESIAN_POINT('',(-33.1369263157131,33.3113185270583,15.6443609788643));
#3160=CARTESIAN_POINT('',(-31.9601597219173,31.2740656722055,16.2032393560672));
#3161=CARTESIAN_POINT('',(-30.7833931281215,29.2368128173527,16.7621177332702));
#3162=CARTESIAN_POINT('',(-29.8771658932771,27.1467209790384,17.5667198609183));
#3163=CARTESIAN_POINT('',(-29.1323571038961,25.0537184145019,18.5483953078817));
#3164=CARTESIAN_POINT('',(-28.3875483145152,22.9607158499654,19.530070754845));
#3165=CARTESIAN_POINT('',(-27.8037274990723,20.8622395838832,20.6889157998984));
#3166=CARTESIAN_POINT('',(-27.2972561743764,18.7852475272469,21.9639414542282));
#3167=CARTESIAN_POINT('',(-26.7907848496806,16.7082554706105,23.238967108558));
#3168=CARTESIAN_POINT('',(-26.3618273395364,14.6523100464639,24.6306385468232));
#3169=CARTESIAN_POINT('',(-25.9514888008375,12.6370199103119,26.0822348357668));
#3170=CARTESIAN_POINT('',(-25.5411502621386,10.62172977416,27.5338311247104));
#3171=CARTESIAN_POINT('',(-25.14966440971,8.64722883696414,29.0457798976017));
#3172=CARTESIAN_POINT('',(-24.7382708773826,6.72396278969504,30.5599528051994));
#3173=CARTESIAN_POINT('',(-24.3268773450551,4.80069674242594,32.0741257127971));
#3174=CARTESIAN_POINT('',(-23.8963716299058,2.92913275882633,33.5908167277374));
#3175=CARTESIAN_POINT('',(-23.419226020031,1.09666419380004,35.0470464898533));
#3176=CARTESIAN_POINT('',(-22.9420804101562,-0.735804371226254,36.5032762519691));
#3177=CARTESIAN_POINT('',(-22.4196299998727,-2.52907616308994,37.8996646755082));
#3178=CARTESIAN_POINT('',(-21.816556816273,-4.32670819979556,39.1641472378333));
#3179=CARTESIAN_POINT('',(-21.2134836326734,-6.12434023650118,40.4286298001583));
#3180=CARTESIAN_POINT('',(-20.533356018272,-7.93038749792531,41.5630501799465));
#3181=CARTESIAN_POINT('',(-19.6975428233461,-9.80055927802036,42.4679621670773));
#3182=CARTESIAN_POINT('',(-36.4159992311071,37.1231060122938,18.6666666666667));
#3183=CARTESIAN_POINT('',(-34.647012275556,35.3541190567427,18.6666666666667));
#3184=CARTESIAN_POINT('',(-33.2478218388944,33.4691993391589,18.9777948009969));
#3185=CARTESIAN_POINT('',(-32.1315359939463,31.5302822081587,19.5328538006465));
#3186=CARTESIAN_POINT('',(-31.0152501489983,29.5913650771584,20.087912800296));
#3187=CARTESIAN_POINT('',(-30.1789687837621,27.5984545230437,20.8857294973771));
#3188=CARTESIAN_POINT('',(-29.5259330272174,25.5838349692436,21.8525409876087));
#3189=CARTESIAN_POINT('',(-28.8728972706728,23.5692154154434,22.8193524778403));
#3190=CARTESIAN_POINT('',(-28.4026624406819,21.5314277346399,23.9550140060228));
#3191=CARTESIAN_POINT('',(-28.0310929189618,19.4874538355218,25.1890592895819));
#3192=CARTESIAN_POINT('',(-27.6595233972418,17.4434799364036,26.4231045731409));
#3193=CARTESIAN_POINT('',(-27.3867307422613,15.3929821909871,27.7557630635808));
#3194=CARTESIAN_POINT('',(-27.1422120694803,13.3479305244781,29.1193884879548));
#3195=CARTESIAN_POINT('',(-26.8976933966993,11.3028788579692,30.4830139123287));
#3196=CARTESIAN_POINT('',(-26.6816274285827,9.26337742491549,31.8778264864305));
#3197=CARTESIAN_POINT('',(-26.4343253028525,7.23583084685145,33.2360269962891));
#3198=CARTESIAN_POINT('',(-26.1870231771223,5.20828426878741,34.5942275061477));
#3199=CARTESIAN_POINT('',(-25.908942445452,3.19307889878447,35.9159932191753));
#3200=CARTESIAN_POINT('',(-25.546213976302,1.18277646499227,37.1312536834326));
#3201=CARTESIAN_POINT('',(-25.1834855071521,-0.827525968799942,38.3465141476899));
#3202=CARTESIAN_POINT('',(-24.7370267337646,-2.83277657860608,39.4562108886357));
#3203=CARTESIAN_POINT('',(-24.148050500008,-4.8603494188836,40.3816270348533));
#3204=CARTESIAN_POINT('',(-23.5590742662514,-6.88792225916111,41.307043181071));
#3205=CARTESIAN_POINT('',(-22.8304955536065,-8.9433139719305,42.0487037681133));
#3206=CARTESIAN_POINT('',(-21.8696777796584,-11.0442275926533,42.5));
#3207=CARTESIAN_POINT('',(-36.4159992311071,37.1231060122938,22.));
#3208=CARTESIAN_POINT('',(-34.7043047341296,35.4114115153162,22.));
#3209=CARTESIAN_POINT('',(-33.3589161091147,33.6274751992958,22.3111833500799));
#3210=CARTESIAN_POINT('',(-32.3028500160493,31.7863869785889,22.8624800750284));
#3211=CARTESIAN_POINT('',(-31.2467839229838,29.9452987578819,23.413776799977));
#3212=CARTESIAN_POINT('',(-30.4803288664787,28.0485433551647,24.2050016960657));
#3213=CARTESIAN_POINT('',(-29.9194674190104,26.1116500446212,25.1570693796798));
#3214=CARTESIAN_POINT('',(-29.3586059715421,24.1747567340777,26.1091370632939));
#3215=CARTESIAN_POINT('',(-29.0027189316932,22.1974202510289,27.2216171495586));
#3216=CARTESIAN_POINT('',(-28.7668530400446,20.1865263189108,28.4144420514241));
#3217=CARTESIAN_POINT('',(-28.5309871483959,18.1756323867927,29.6072669532897));
#3218=CARTESIAN_POINT('',(-28.4151773834415,16.1309085014843,30.880456751352));
#3219=CARTESIAN_POINT('',(-28.3373275086429,14.0564148635627,32.1553975919596));
#3220=CARTESIAN_POINT('',(-28.2594776338443,11.9819212256412,33.4303384325672));
#3221=CARTESIAN_POINT('',(-28.2196890980792,9.87774144889089,34.7070695346438));
#3222=CARTESIAN_POINT('',(-28.1374299739939,7.74621859371426,35.9078698681744));
#3223=CARTESIAN_POINT('',(-28.0551708499087,5.61469573853763,37.108670201705));
#3224=CARTESIAN_POINT('',(-27.930509185836,3.45603977968869,38.2336623427973));
#3225=CARTESIAN_POINT('',(-27.6831761077378,1.26855449667043,39.2050438541017));
#3226=CARTESIAN_POINT('',(-27.4358430296397,-0.918930786347823,40.1764253654061));
#3227=CARTESIAN_POINT('',(-27.0662539929927,-3.13531733964155,40.9952126472798));
#3228=CARTESIAN_POINT('',(-26.4919146795632,-5.38857925718389,41.5763324603516));
#3229=CARTESIAN_POINT('',(-25.9175753661338,-7.64184117472623,42.1574522734235));
#3230=CARTESIAN_POINT('',(-25.1402727186647,-9.93644485776392,42.5));
#3231=CARTESIAN_POINT('',(-24.0571778776082,-12.2577401084016,42.5));
#3232=CARTESIAN_POINT('',(-4.15316421418437,-11.2681017667715,42.176379090881));
#3233=CARTESIAN_POINT('',(-3.26324686207759,-11.5572535809093,41.823620909119));
#3234=CARTESIAN_POINT('',(-4.15316422535492,-11.2681017621507,42.1763790589131));
#3235=CARTESIAN_POINT('',(-3.26324687383106,-11.5572535780816,41.8236208771502));
#3236=CARTESIAN_POINT('',(-4.15316421418437,-11.2681017667715,42.176379090881));
#3237=CARTESIAN_POINT('',(-4.52786287905127,-12.460677916649,42.2086525125815));
#3238=CARTESIAN_POINT('',(-4.89738356934824,-13.6549458049621,42.2456240296929));
#3239=CARTESIAN_POINT('',(-5.61867019326827,-16.0492411427892,42.3234902249165));
#3240=CARTESIAN_POINT('',(-5.96986474301571,-17.2494589021204,42.3642369304431));
#3241=CARTESIAN_POINT('',(-6.65543769979958,-19.6553583193797,42.4333870881992));
#3242=CARTESIAN_POINT('',(-6.99021990897233,-20.8609087739776,42.4608775073093));
#3243=CARTESIAN_POINT('',(-7.66168485528468,-23.2713921639082,42.4939526906972));
#3244=CARTESIAN_POINT('',(-7.99910831325036,-24.476093830902,42.5));
#3245=CARTESIAN_POINT('',(-8.34346246079471,-25.6785247661409,42.5));
#3246=CARTESIAN_POINT('',(-8.34346245872857,-25.6785247589262,42.5));
#3247=CARTESIAN_POINT('',(-8.34346246079471,-25.6785247661409,42.5));
#3248=CARTESIAN_POINT('',(-8.34346246079471,-25.6785247661409,41.5));
#3249=CARTESIAN_POINT('',(-8.34346245822559,-25.6785247590896,41.5));
#3250=CARTESIAN_POINT('',(-3.26324686207759,-11.5572535809093,41.823620909119));
#3251=CARTESIAN_POINT('',(-4.85461817506192,-16.2974968112926,41.6945267650162));
#3252=CARTESIAN_POINT('',(-6.63071762735126,-20.9777182020344,41.5));
#3253=CARTESIAN_POINT('',(-8.34346246079471,-25.6785247661409,41.5));
#3254=CARTESIAN_POINT('',(-8.34346246079471,-25.6785247661409,41.5));
#3255=CARTESIAN_POINT('',(-7.91527931693577,-24.5033315359589,41.5));
#3256=CARTESIAN_POINT('',(-7.48015442541683,-23.3303750042734,41.5060473093028));
#3257=CARTESIAN_POINT('',(-6.60653373084127,-20.9855760301038,41.5391224926906));
#3258=CARTESIAN_POINT('',(-6.16877311957007,-19.8134853026516,41.5666129118008));
#3259=CARTESIAN_POINT('',(-5.30926043546602,-17.4641023558108,41.6357630695569));
#3260=CARTESIAN_POINT('',(-4.88791216476952,-16.2866789330919,41.6765097750835));
#3261=CARTESIAN_POINT('',(-4.06411314780163,-13.9256919068188,41.7543759703071));
#3262=CARTESIAN_POINT('',(-3.6610882810119,-12.7423101905656,41.7913474874185));
#3263=CARTESIAN_POINT('',(-3.26324686207759,-11.5572535809093,41.823620909119));
#3264=CARTESIAN_POINT('',(-8.34346246079471,-25.6785247661409,42.5));
#3265=CARTESIAN_POINT('',(-7.99910831325036,-24.476093830902,42.5));
#3266=CARTESIAN_POINT('',(-7.66168485528468,-23.2713921639082,42.4939526906972));
#3267=CARTESIAN_POINT('',(-6.99021990897233,-20.8609087739776,42.4608775073093));
#3268=CARTESIAN_POINT('',(-6.65543769979958,-19.6553583193797,42.4333870881992));
#3269=CARTESIAN_POINT('',(-5.96986474301571,-17.2494589021204,42.3642369304431));
#3270=CARTESIAN_POINT('',(-5.61867019326827,-16.0492411427892,42.3234902249165));
#3271=CARTESIAN_POINT('',(-4.89738356934824,-13.6549458049621,42.2456240296929));
#3272=CARTESIAN_POINT('',(-4.52786287905127,-12.460677916649,42.2086525125815));
#3273=CARTESIAN_POINT('',(-4.15316421418437,-11.2681017667715,42.176379090881));
#3274=CARTESIAN_POINT('',(-8.34346246079471,-25.6785247661409,42.5));
#3275=CARTESIAN_POINT('',(-9.54720307905486,-25.2407159115693,42.5));
#3276=CARTESIAN_POINT('',(-10.6923234590248,-24.7526180732301,42.4144453763103));
#3277=CARTESIAN_POINT('',(-12.880010719954,-23.7005337904604,42.0977655367052));
#3278=CARTESIAN_POINT('',(-13.9226035803629,-23.1365022294783,41.8668923668875));
#3279=CARTESIAN_POINT('',(-16.9217275877303,-21.3557358917949,40.9952126472798));
#3280=CARTESIAN_POINT('',(-18.7502884633603,-20.0498528442955,40.1764253654061));
#3281=CARTESIAN_POINT('',(-22.1936416115661,-17.3060632830294,38.2336623427973));
#3282=CARTESIAN_POINT('',(-23.8081909863368,-15.8678121242984,37.108670201705));
#3283=CARTESIAN_POINT('',(-26.938951485546,-12.9697155629097,34.7070695346438));
#3284=CARTESIAN_POINT('',(-28.4549660179748,-11.509970517387,33.4303384325672));
#3285=CARTESIAN_POINT('',(-31.4988394045494,-8.68628982835081,30.880456751352));
#3286=CARTESIAN_POINT('',(-33.026567399632,-7.322341573522,29.6072669532897));
#3287=CARTESIAN_POINT('',(-36.2039656137979,-4.81207284509755,27.2216171495586));
#3288=CARTESIAN_POINT('',(-37.8538037888628,-3.66553494845976,26.1091370632939));
#3289=CARTESIAN_POINT('',(-41.386162443125,-1.71953202544128,24.2050016960657));
#3290=CARTESIAN_POINT('',(-43.2693366185681,-0.920288985857219,23.413776799977));
#3291=CARTESIAN_POINT('',(-47.3665315413927,0.18989995381641,22.3111833500799));
#3292=CARTESIAN_POINT('',(-49.5795219653689,0.500000000000115,22.));
#3293=CARTESIAN_POINT('',(-52.,0.500000000000122,22.));
#3294=CARTESIAN_POINT('',(-52.,0.500000000000122,21.99999999));
#3295=CARTESIAN_POINT('',(-52.,0.500000000000122,22.));
#3296=CARTESIAN_POINT('',(-52.,-0.499999999999878,22.));
#3297=CARTESIAN_POINT('',(-52.,-0.499999999999878,22.));
#3298=CARTESIAN_POINT('',(-8.34346246079471,-25.6785247661409,41.5));
#3299=CARTESIAN_POINT('',(-13.1104253445672,-24.3163858233406,41.5));
#3300=CARTESIAN_POINT('',(-17.109527432226,-22.0556581791366,40.3521931232895));
#3301=CARTESIAN_POINT('',(-24.2418365914389,-16.7463334812537,36.7377191685071));
#3302=CARTESIAN_POINT('',(-27.373424031206,-13.7282122745806,34.2947207268252));
#3303=CARTESIAN_POINT('',(-36.6637866523274,-5.27527483330774,26.9443657704707));
#3304=CARTESIAN_POINT('',(-42.6580136723466,-0.499999999999902,22.));
#3305=CARTESIAN_POINT('',(-52.,-0.499999999999878,22.));
#3306=CARTESIAN_POINT('',(-52.,-0.499999999999878,22.));
#3307=CARTESIAN_POINT('',(-49.6642798804527,-0.499999999999884,22.));
#3308=CARTESIAN_POINT('',(-47.5446984858858,-0.797777680572723,22.3138166499201));
#3309=CARTESIAN_POINT('',(-43.6111095685978,-1.86380482759332,23.398723200023));
#3310=CARTESIAN_POINT('',(-41.7960717224712,-2.63290014794694,24.1699983039343));
#3311=CARTESIAN_POINT('',(-38.3534732562702,-4.52873975765305,26.0158629367061));
#3312=CARTESIAN_POINT('',(-36.7265663324415,-5.65570603380215,27.0908828504414));
#3313=CARTESIAN_POINT('',(-33.559048397199,-8.1423166434688,29.3927330467103));
#3314=CARTESIAN_POINT('',(-32.0186053417667,-9.50174355394416,30.619543248648));
#3315=CARTESIAN_POINT('',(-28.9218178013929,-12.3193893677018,33.0696615674328));
#3316=CARTESIAN_POINT('',(-27.3653424573882,-13.7775956596686,34.2929304653562));
#3317=CARTESIAN_POINT('',(-24.1339115035145,-16.6546831251124,36.578829798295));
#3318=CARTESIAN_POINT('',(-22.4587593016357,-18.0736646557244,37.6413376572027));
#3319=CARTESIAN_POINT('',(-18.8926047220292,-20.7283270046659,39.4485746345939));
#3320=CARTESIAN_POINT('',(-17.0013594464964,-21.9636631780311,40.1922873527202));
#3321=CARTESIAN_POINT('',(-13.9385261405115,-23.5662444550366,40.9612326331125));
#3322=CARTESIAN_POINT('',(-12.880091882035,-24.0585818961829,41.1600469632948));
#3323=CARTESIAN_POINT('',(-10.6783639337036,-24.9444966929259,41.4293046236897));
#3324=CARTESIAN_POINT('',(-9.53510061426384,-25.3380193386511,41.5));
#3325=CARTESIAN_POINT('',(-8.34346246079471,-25.6785247661409,41.5));
#3326=CARTESIAN_POINT('',(-52.,0.500000000000122,22.));
#3327=CARTESIAN_POINT('',(-49.5795219653689,0.500000000000115,22.));
#3328=CARTESIAN_POINT('',(-47.3665315413927,0.18989995381641,22.3111833500799));
#3329=CARTESIAN_POINT('',(-43.2693366185681,-0.920288985857219,23.413776799977));
#3330=CARTESIAN_POINT('',(-41.386162443125,-1.71953202544128,24.2050016960657));
#3331=CARTESIAN_POINT('',(-37.8538037888628,-3.66553494845976,26.1091370632939));
#3332=CARTESIAN_POINT('',(-36.2039656137979,-4.81207284509755,27.2216171495586));
#3333=CARTESIAN_POINT('',(-33.026567399632,-7.322341573522,29.6072669532897));
#3334=CARTESIAN_POINT('',(-31.4988394045494,-8.68628982835081,30.880456751352));
#3335=CARTESIAN_POINT('',(-28.4549660179748,-11.509970517387,33.4303384325672));
#3336=CARTESIAN_POINT('',(-26.938951485546,-12.9697155629097,34.7070695346438));
#3337=CARTESIAN_POINT('',(-23.8081909863368,-15.8678121242984,37.108670201705));
#3338=CARTESIAN_POINT('',(-22.1936416115661,-17.3060632830294,38.2336623427973));
#3339=CARTESIAN_POINT('',(-18.7502884633603,-20.0498528442955,40.1764253654061));
#3340=CARTESIAN_POINT('',(-16.9217275877303,-21.3557358917949,40.9952126472798));
#3341=CARTESIAN_POINT('',(-13.9226035803629,-23.1365022294783,41.8668923668875));
#3342=CARTESIAN_POINT('',(-12.880010719954,-23.7005337904604,42.0977655367052));
#3343=CARTESIAN_POINT('',(-10.6923234590248,-24.7526180732301,42.4144453763103));
#3344=CARTESIAN_POINT('',(-9.54720307905486,-25.2407159115693,42.5));
#3345=CARTESIAN_POINT('',(-8.34346246079471,-25.6785247661409,42.5));
#3346=CARTESIAN_POINT('',(-52.,0.500000000000122,21.99999999));
#3347=CARTESIAN_POINT('',(-52.,0.500000000000122,15.3333333266667));
#3348=CARTESIAN_POINT('',(-52.,0.500000000000122,8.66666666333333));
#3349=CARTESIAN_POINT('',(-52.,0.500000000000122,2.));
#3350=CARTESIAN_POINT('',(-52.,0.500000000000122,2.));
#3351=CARTESIAN_POINT('',(-52.,0.500000000000122,2.));
#3352=CARTESIAN_POINT('',(-52.,0.166666666666789,2.));
#3353=CARTESIAN_POINT('',(-52.,-0.166666666666545,2.));
#3354=CARTESIAN_POINT('',(-52.,-0.499999999999878,2.));
#3355=CARTESIAN_POINT('',(-52.,-0.499999999999878,2.));
#3356=CARTESIAN_POINT('',(-52.,-0.499999999999878,22.));
#3357=CARTESIAN_POINT('',(-52.,-0.499999999999878,15.3333333333333));
#3358=CARTESIAN_POINT('',(-52.,-0.499999999999878,8.66666666666666));
#3359=CARTESIAN_POINT('',(-52.,-0.499999999999878,2.));
#3360=CARTESIAN_POINT('',(-52.,-0.499999999999878,22.));
#3361=CARTESIAN_POINT('',(-52.,0.500000000000122,2.));
#3362=CARTESIAN_POINT('',(-50.5476431645252,0.500000000000119,2.));
#3363=CARTESIAN_POINT('',(-49.1007104586209,0.372858524627143,2.07637944839193));
#3364=CARTESIAN_POINT('',(-46.2599094677409,-0.0609281546001509,2.37541027767362));
#3365=CARTESIAN_POINT('',(-44.8654811972343,-0.367139582573128,2.59763410520665));
#3366=CARTESIAN_POINT('',(-42.1413564015677,-1.0833589845271,3.17202807191008));
#3367=CARTESIAN_POINT('',(-40.8110221140254,-1.49354968106153,3.52424331855473));
#3368=CARTESIAN_POINT('',(-38.210441645569,-2.36024389920509,4.34452100570905));
#3369=CARTESIAN_POINT('',(-36.9394528748827,-2.81700244244044,4.81269033624369));
#3370=CARTESIAN_POINT('',(-34.449476944814,-3.73552784378318,5.85463984455311));
#3371=CARTESIAN_POINT('',(-33.2299119823254,-4.19750885884188,6.42854067523248));
#3372=CARTESIAN_POINT('',(-30.8370665899187,-5.09626764696316,7.67489127273731));
#3373=CARTESIAN_POINT('',(-29.6633063125258,-5.53322116218576,8.34747028327788));
#3374=CARTESIAN_POINT('',(-27.3615350052972,-6.35983166040477,9.78651337394369));
#3375=CARTESIAN_POINT('',(-26.2330763717844,-6.74963877390601,10.5531229682174));
#3376=CARTESIAN_POINT('',(-24.0259480187007,-7.46751105619458,12.1768877533024));
#3377=CARTESIAN_POINT('',(-22.946856210511,-7.79569588324108,13.0342029205821));
#3378=CARTESIAN_POINT('',(-20.8463742088218,-8.38315746005242,14.8362562052605));
#3379=CARTESIAN_POINT('',(-19.8245922818058,-8.64251781277114,15.7811654145219));
#3380=CARTESIAN_POINT('',(-17.8501065450888,-9.09190768372381,17.7543645230015));
#3381=CARTESIAN_POINT('',(-16.8969691375866,-9.2819946324313,18.7828730436645));
#3382=CARTESIAN_POINT('',(-15.0721503588515,-9.60013732571127,20.9175871272064));
#3383=CARTESIAN_POINT('',(-14.1999564456773,-9.72821456270792,22.024095219398));
#3384=CARTESIAN_POINT('',(-12.5465098971478,-9.93857842931429,24.307151746961));
#3385=CARTESIAN_POINT('',(-11.7648251391519,-10.0208401015009,25.4840093770779));
#3386=CARTESIAN_POINT('',(-10.2963458499618,-10.1625699856671,27.8977037785184));
#3387=CARTESIAN_POINT('',(-9.60917572306159,-10.2219797162377,29.1348797309711));
#3388=CARTESIAN_POINT('',(-8.32514344332314,-10.3454566684193,31.6564645613709));
#3389=CARTESIAN_POINT('',(-7.72800348300426,-10.4094603386118,32.9412096971828));
#3390=CARTESIAN_POINT('',(-6.60882396144943,-10.570609496067,35.543077495998));
#3391=CARTESIAN_POINT('',(-6.08663246886199,-10.6677307723805,36.8604689336574));
#3392=CARTESIAN_POINT('',(-5.09155137104085,-10.9201900696478,39.5110539855621));
#3393=CARTESIAN_POINT('',(-4.61860946047596,-11.0755685760858,40.8443642807582));
#3394=CARTESIAN_POINT('',(-4.15316421418437,-11.2681017667715,42.176379090881));
#3395=CARTESIAN_POINT('',(-52.,-0.499999999999878,2.));
#3396=CARTESIAN_POINT('',(-49.2126294067513,-0.499999999999884,2.));
#3397=CARTESIAN_POINT('',(-46.4286584003342,-0.990091801052748,2.31061207140773));
#3398=CARTESIAN_POINT('',(-41.0845295022846,-2.39521573656662,3.4479317684526));
#3399=CARTESIAN_POINT('',(-38.5136599045606,-3.30185531823151,4.26926735355147));
#3400=CARTESIAN_POINT('',(-31.051800876794,-6.05275428060531,7.34925681876911));
#3401=CARTESIAN_POINT('',(-26.3623600438669,-7.88208359746124,10.2147836525846));
#3402=CARTESIAN_POINT('',(-17.6960489906109,-10.2517507436021,17.3274535964302));
#3403=CARTESIAN_POINT('',(-13.7722344254459,-10.7806862351637,21.605048532201));
#3404=CARTESIAN_POINT('',(-7.50122681815096,-11.1466301826387,31.1950255026416));
#3405=CARTESIAN_POINT('',(-5.22215841597692,-11.0859654156386,36.4954859197651));
#3406=CARTESIAN_POINT('',(-3.26324686207759,-11.5572535809093,41.823620909119));
#3407=CARTESIAN_POINT('',(-52.,-0.499999999999878,2.));
#3408=CARTESIAN_POINT('',(-50.6058115938309,-0.499999999999881,2.));
#3409=CARTESIAN_POINT('',(-49.2093845678576,-0.622136707823573,2.07665157619416));
#3410=CARTESIAN_POINT('',(-46.4530493593461,-1.04302868146388,2.37432120636371));
#3411=CARTESIAN_POINT('',(-45.0926261758218,-1.34137278493122,2.59494199566895));
#3412=CARTESIAN_POINT('',(-42.420561726797,-2.04393475268816,3.16360184419138));
#3413=CARTESIAN_POINT('',(-41.1095582236788,-2.44796989442433,3.51159579593431));
#3414=CARTESIAN_POINT('',(-38.5339144320273,-3.30629926820694,4.32114778439498));
#3415=CARTESIAN_POINT('',(-37.2700167332662,-3.76033847862714,4.78259893108774));
#3416=CARTESIAN_POINT('',(-34.7827303906773,-4.67730479941841,5.80926208616028));
#3417=CARTESIAN_POINT('',(-33.5599195499558,-5.14001775283815,6.37435344163548));
#3418=CARTESIAN_POINT('',(-31.1504011837449,-6.04317536859655,7.60173756289919));
#3419=CARTESIAN_POINT('',(-29.9641735057304,-6.4834442887752,8.2639010849726));
#3420=CARTESIAN_POINT('',(-27.6280279954517,-7.31813204893774,9.68129588160678));
#3421=CARTESIAN_POINT('',(-26.4785577668646,-7.71240075841681,10.4363816420191));
#3422=CARTESIAN_POINT('',(-24.2205794242774,-8.43874895170956,12.0368311302133));
#3423=CARTESIAN_POINT('',(-23.1124933988959,-8.77070877726408,12.8820348815267));
#3424=CARTESIAN_POINT('',(-20.9459156355819,-9.36312556379931,14.6602023674881));
#3425=CARTESIAN_POINT('',(-19.8878156311657,-9.62349892182612,15.5929950102733));
#3426=CARTESIAN_POINT('',(-17.8335100125841,-10.0700596466683,17.5430057716833));
#3427=CARTESIAN_POINT('',(-16.83773799622,-10.2561895830101,18.5600052688631));
#3428=CARTESIAN_POINT('',(-14.9220547250351,-10.5593383253565,20.6733763209865));
#3429=CARTESIAN_POINT('',(-14.0026560121557,-10.6763356389369,21.7694453466172));
#3430=CARTESIAN_POINT('',(-12.251715874673,-10.8556116052806,24.0335567315549));
#3431=CARTESIAN_POINT('',(-11.4206065727103,-10.9179152154668,25.2012898961162));
#3432=CARTESIAN_POINT('',(-9.85285467088657,-11.0094012023356,27.5987841387264));
#3433=CARTESIAN_POINT('',(-9.11658766673152,-11.0386420604269,28.828206035646));
#3434=CARTESIAN_POINT('',(-7.73674208489187,-11.090341319908,31.3362149236931));
#3435=CARTESIAN_POINT('',(-7.09344131468789,-11.1128632727161,32.6144656569556));
#3436=CARTESIAN_POINT('',(-5.88726387445611,-11.1784341794406,35.2052806692974));
#3437=CARTESIAN_POINT('',(-5.32453913577981,-11.2215073443062,36.5175761737204));
#3438=CARTESIAN_POINT('',(-4.25736549873853,-11.3520274759955,39.1607961238525));
#3439=CARTESIAN_POINT('',(-3.75296918010167,-11.4394328797683,40.4916023131096));
#3440=CARTESIAN_POINT('',(-3.26324686207759,-11.5572535809093,41.823620909119));
#3441=CARTESIAN_POINT('',(-52.,0.500000000000122,2.));
#3442=CARTESIAN_POINT('',(-50.5476431645252,0.500000000000119,2.));
#3443=CARTESIAN_POINT('',(-49.1007104586209,0.372858524627143,2.07637944839193));
#3444=CARTESIAN_POINT('',(-46.2599094677409,-0.0609281546001509,2.37541027767362));
#3445=CARTESIAN_POINT('',(-44.8654811972343,-0.367139582573128,2.59763410520665));
#3446=CARTESIAN_POINT('',(-42.1413564015677,-1.0833589845271,3.17202807191008));
#3447=CARTESIAN_POINT('',(-40.8110221140254,-1.49354968106153,3.52424331855473));
#3448=CARTESIAN_POINT('',(-38.210441645569,-2.36024389920509,4.34452100570905));
#3449=CARTESIAN_POINT('',(-36.9394528748827,-2.81700244244044,4.81269033624369));
#3450=CARTESIAN_POINT('',(-34.449476944814,-3.73552784378318,5.85463984455311));
#3451=CARTESIAN_POINT('',(-33.2299119823254,-4.19750885884188,6.42854067523248));
#3452=CARTESIAN_POINT('',(-30.8370665899187,-5.09626764696316,7.67489127273731));
#3453=CARTESIAN_POINT('',(-29.6633063125258,-5.53322116218576,8.34747028327788));
#3454=CARTESIAN_POINT('',(-27.3615350052972,-6.35983166040477,9.78651337394369));
#3455=CARTESIAN_POINT('',(-26.2330763717844,-6.74963877390601,10.5531229682174));
#3456=CARTESIAN_POINT('',(-24.0259480187007,-7.46751105619458,12.1768877533024));
#3457=CARTESIAN_POINT('',(-22.946856210511,-7.79569588324108,13.0342029205821));
#3458=CARTESIAN_POINT('',(-20.8463742088218,-8.38315746005242,14.8362562052605));
#3459=CARTESIAN_POINT('',(-19.8245922818058,-8.64251781277114,15.7811654145219));
#3460=CARTESIAN_POINT('',(-17.8501065450888,-9.09190768372381,17.7543645230015));
#3461=CARTESIAN_POINT('',(-16.8969691375866,-9.2819946324313,18.7828730436645));
#3462=CARTESIAN_POINT('',(-15.0721503588515,-9.60013732571127,20.9175871272064));
#3463=CARTESIAN_POINT('',(-14.1999564456773,-9.72821456270792,22.024095219398));
#3464=CARTESIAN_POINT('',(-12.5465098971478,-9.93857842931429,24.307151746961));
#3465=CARTESIAN_POINT('',(-11.7648251391519,-10.0208401015009,25.4840093770779));
#3466=CARTESIAN_POINT('',(-10.2963458499618,-10.1625699856671,27.8977037785184));
#3467=CARTESIAN_POINT('',(-9.60917572306159,-10.2219797162377,29.1348797309711));
#3468=CARTESIAN_POINT('',(-8.32514344332314,-10.3454566684193,31.6564645613709));
#3469=CARTESIAN_POINT('',(-7.72800348300426,-10.4094603386118,32.9412096971828));
#3470=CARTESIAN_POINT('',(-6.60882396144943,-10.570609496067,35.543077495998));
#3471=CARTESIAN_POINT('',(-6.08663246886199,-10.6677307723805,36.8604689336574));
#3472=CARTESIAN_POINT('',(-5.09155137104085,-10.9201900696478,39.5110539855621));
#3473=CARTESIAN_POINT('',(-4.61860946047596,-11.0755685760858,40.8443642807582));
#3474=CARTESIAN_POINT('',(-4.15316421418437,-11.2681017667715,42.176379090881));
#3475=CARTESIAN_POINT('',(-52.,-0.499999999999878,22.));
#3476=CARTESIAN_POINT('',(-49.6645034180867,-0.499999999999884,22.));
#3477=CARTESIAN_POINT('',(-47.5446984858858,-0.797777680572724,22.3138166499201));
#3478=CARTESIAN_POINT('',(-45.5779040272418,-1.33079125408302,22.8562699249716));
#3479=CARTESIAN_POINT('',(-43.6111095685978,-1.86380482759332,23.398723200023));
#3480=CARTESIAN_POINT('',(-41.7960717224712,-2.63290014794694,24.1699983039343));
#3481=CARTESIAN_POINT('',(-40.0747724893707,-3.58081995279999,25.0929306203202));
#3482=CARTESIAN_POINT('',(-38.3534732562702,-4.52873975765305,26.0158629367061));
#3483=CARTESIAN_POINT('',(-36.7265663324415,-5.65570603380215,27.0908828504414));
#3484=CARTESIAN_POINT('',(-35.1428073648202,-6.89901133863547,28.2418079485759));
#3485=CARTESIAN_POINT('',(-33.559048397199,-8.14231664346879,29.3927330467103));
#3486=CARTESIAN_POINT('',(-32.0186053417667,-9.50174355394416,30.6195432486479));
#3487=CARTESIAN_POINT('',(-30.4702115715798,-10.910566460823,31.8446024080404));
#3488=CARTESIAN_POINT('',(-28.9218178013929,-12.3193893677018,33.0696615674328));
#3489=CARTESIAN_POINT('',(-27.3653424573882,-13.7775956596686,34.2929304653562));
#3490=CARTESIAN_POINT('',(-25.7496269804513,-15.2161393923905,35.4358801318256));
#3491=CARTESIAN_POINT('',(-24.1339115035144,-16.6546831251124,36.578829798295));
#3492=CARTESIAN_POINT('',(-22.4587593016357,-18.0736646557244,37.6413376572027));
#3493=CARTESIAN_POINT('',(-20.6756820118324,-19.4009958301952,38.5449561458983));
#3494=CARTESIAN_POINT('',(-18.8926047220292,-20.7283270046659,39.4485746345939));
#3495=CARTESIAN_POINT('',(-17.0013594464964,-21.963663178031,40.1922873527203));
#3496=CARTESIAN_POINT('',(-14.9594705758398,-23.0320506960348,40.7049175396484));
#3497=CARTESIAN_POINT('',(-12.9175817051833,-24.1004382140385,41.2175477265765));
#3498=CARTESIAN_POINT('',(-10.726943902681,-24.9974552947407,41.5));
#3499=CARTESIAN_POINT('',(-8.34346246079471,-25.6785247661409,41.5));
#3500=CARTESIAN_POINT('',(-52.,-0.499999999999878,18.6666666666667));
#3501=CARTESIAN_POINT('',(-49.5897022085624,-0.499999999999884,18.6666666666667));
#3502=CARTESIAN_POINT('',(-47.3593339263977,-0.82962258437763,18.9798800645468));
#3503=CARTESIAN_POINT('',(-45.2741638610966,-1.39115468800165,19.5267883674349));
#3504=CARTESIAN_POINT('',(-43.1889937957954,-1.95268679162567,20.073696670323));
#3505=CARTESIAN_POINT('',(-41.2467374423483,-2.74559352178774,20.8536009918963));
#3506=CARTESIAN_POINT('',(-39.3972787565255,-3.68949139458557,21.794058278895));
#3507=CARTESIAN_POINT('',(-37.5478200707028,-4.63338926738339,22.7345155658938));
#3508=CARTESIAN_POINT('',(-35.7911158843505,-5.7287884636115,23.835928064744));
#3509=CARTESIAN_POINT('',(-34.082461818971,-6.90513608806878,25.0310807624016));
#3510=CARTESIAN_POINT('',(-32.3738077535916,-8.08148371252607,26.2262334600591));
#3511=CARTESIAN_POINT('',(-30.7135254249344,-9.3385777992655,27.5152581725506));
#3512=CARTESIAN_POINT('',(-29.0627107907875,-10.6126078130388,28.8316695432833));
#3513=CARTESIAN_POINT('',(-27.4118961566407,-11.8866378268122,30.148080914016));
#3514=CARTESIAN_POINT('',(-25.7707812972143,-13.1774530744243,31.4919794710186));
#3515=CARTESIAN_POINT('',(-24.1050121280694,-14.4285054004606,32.7949181504376));
#3516=CARTESIAN_POINT('',(-22.4392429589245,-15.6795577264969,34.0978568298565));
#3517=CARTESIAN_POINT('',(-20.7493553401511,-16.8909233581797,35.3597909393529));
#3518=CARTESIAN_POINT('',(-19.0006748318293,-18.0141369097004,36.508895249104));
#3519=CARTESIAN_POINT('',(-17.2519943235075,-19.1373504612211,37.6579995588551));
#3520=CARTESIAN_POINT('',(-15.4446159201007,-20.172864943238,38.6932614361243));
#3521=CARTESIAN_POINT('',(-13.5394819570531,-21.0730477684545,39.5447507584328));
#3522=CARTESIAN_POINT('',(-11.6343479940055,-21.973230593671,40.3962400807413));
#3523=CARTESIAN_POINT('',(-9.6327987439753,-22.7336655692222,41.0632856216764));
#3524=CARTESIAN_POINT('',(-7.48709004407298,-23.3281214840876,41.5));
#3525=CARTESIAN_POINT('',(-52.,-0.499999999999878,15.3333333333333));
#3526=CARTESIAN_POINT('',(-49.5145976479857,-0.499999999999884,15.3333333333333));
#3527=CARTESIAN_POINT('',(-47.1735494903852,-0.861606293948818,15.6459887522233));
#3528=CARTESIAN_POINT('',(-44.9705467424554,-1.45148310910592,16.1972949800956));
#3529=CARTESIAN_POINT('',(-42.7675439945255,-2.04135992426303,16.748601207968));
#3530=CARTESIAN_POINT('',(-40.6988792615279,-2.85743702107785,17.5369411176285));
#3531=CARTESIAN_POINT('',(-38.7214417825708,-3.79656481193142,18.4948032251258));
#3532=CARTESIAN_POINT('',(-36.7440043036137,-4.73569260278498,19.4526653326231));
#3533=CARTESIAN_POINT('',(-34.8571320358037,-5.79881818350188,20.5804683416351));
#3534=CARTESIAN_POINT('',(-33.0229721893856,-6.90768485611024,21.8200886497386));
#3535=CARTESIAN_POINT('',(-31.1888123429675,-8.0165515287186,23.0597089578421));
#3536=CARTESIAN_POINT('',(-29.4078816580227,-9.17096499878788,24.4114039254398));
#3537=CARTESIAN_POINT('',(-27.6538199119998,-10.3098277961328,25.8198812267094));
#3538=CARTESIAN_POINT('',(-25.8997581659768,-11.4486905934776,27.2283585279791));
#3539=CARTESIAN_POINT('',(-24.1731696171172,-12.5717362146789,28.6938320172966));
#3540=CARTESIAN_POINT('',(-22.4564587366111,-13.6348393945604,30.158187488254));
#3541=CARTESIAN_POINT('',(-20.7397478561049,-14.6979425744419,31.6225429592113));
#3542=CARTESIAN_POINT('',(-19.0342869825689,-15.7011242978209,33.0857515893188));
#3543=CARTESIAN_POINT('',(-17.3188511879573,-16.619988839283,34.4832513752199));
#3544=CARTESIAN_POINT('',(-15.6034153933457,-17.538853380745,35.8807511611209));
#3545=CARTESIAN_POINT('',(-13.8786869494678,-18.3745212633018,37.2117799740118));
#3546=CARTESIAN_POINT('',(-12.1069196527346,-19.1091240034436,38.407358348739));
#3547=CARTESIAN_POINT('',(-10.3351523560014,-19.8437267435854,39.6029367234662));
#3548=CARTESIAN_POINT('',(-8.51571983696,-20.4749372846617,40.6609285996329));
#3549=CARTESIAN_POINT('',(-6.59852946162209,-20.988176776072,41.5320378329227));
#3550=CARTESIAN_POINT('',(-52.,-0.499999999999878,12.));
#3551=CARTESIAN_POINT('',(-49.4392644887697,-0.499999999999884,12.));
#3552=CARTESIAN_POINT('',(-46.9875033200887,-0.893672387601935,12.3121255918084));
#3553=CARTESIAN_POINT('',(-44.6670065895545,-1.51179016018402,12.8677942028429));
#3554=CARTESIAN_POINT('',(-42.3465098590204,-2.12990793276611,13.4234628138773));
#3555=CARTESIAN_POINT('',(-40.1519500008836,-2.96883694325464,14.2201262465532));
#3556=CARTESIAN_POINT('',(-38.0468347901742,-3.90272826959823,15.1952725684377));
#3557=CARTESIAN_POINT('',(-35.9417195794648,-4.83661959594182,16.1704188903222));
#3558=CARTESIAN_POINT('',(-33.9247669985575,-5.86690680102214,17.3245034558572));
#3559=CARTESIAN_POINT('',(-31.96506604363,-6.90764959262526,18.6085939971469));
#3560=CARTESIAN_POINT('',(-30.0053650887026,-7.94839238422837,19.8926845384365));
#3561=CARTESIAN_POINT('',(-28.1036264920879,-8.99942595760768,21.307165354863));
#3562=CARTESIAN_POINT('',(-26.2462913275745,-10.0022441746321,22.8079826515457));
#3563=CARTESIAN_POINT('',(-24.3889561630611,-11.0050623916565,24.3087999482285));
#3564=CARTESIAN_POINT('',(-22.5769780851972,-11.9593156761437,25.8962737978747));
#3565=CARTESIAN_POINT('',(-20.8098724690445,-12.8331643553646,27.522727110986));
#3566=CARTESIAN_POINT('',(-19.0427668528918,-13.7070130345856,29.1491804240973));
#3567=CARTESIAN_POINT('',(-17.3227306721992,-14.5004852955221,30.8145409728379));
#3568=CARTESIAN_POINT('',(-15.6425633564712,-15.2132408573003,32.4619327302226));
#3569=CARTESIAN_POINT('',(-13.9623960407432,-15.9259964190785,34.1093244876072));
#3570=CARTESIAN_POINT('',(-12.323471756291,-16.5596616932377,35.7380028669535));
#3571=CARTESIAN_POINT('',(-10.6898073480712,-17.1274914089942,37.2822306559764));
#3572=CARTESIAN_POINT('',(-9.05614293985142,-17.6953211247507,38.8264584449993));
#3573=CARTESIAN_POINT('',(-7.42649810909991,-18.1969850994006,40.2843469636994));
#3574=CARTESIAN_POINT('',(-5.73901677751805,-18.6387938292312,41.6011879906788));
#3575=CARTESIAN_POINT('',(-52.,-0.499999999999878,8.66666666666666));
#3576=CARTESIAN_POINT('',(-49.3639313295537,-0.499999999999885,8.66666666666666));
#3577=CARTESIAN_POINT('',(-46.8014571497921,-0.925738481255052,8.97826243139364));
#3578=CARTESIAN_POINT('',(-44.3634664366537,-1.57209721126212,9.53829342559015));
#3579=CARTESIAN_POINT('',(-41.9254757235152,-2.2184559412692,10.0983244197867));
#3580=CARTESIAN_POINT('',(-39.6050207402394,-3.08023686543143,10.903311375478));
#3581=CARTESIAN_POINT('',(-37.3722277977776,-4.00889172726505,11.8957419117496));
#3582=CARTESIAN_POINT('',(-35.1394348553158,-4.93754658909866,12.8881724480212));
#3583=CARTESIAN_POINT('',(-32.9924019613112,-5.93499541854239,14.0685385700793));
#3584=CARTESIAN_POINT('',(-30.9071598978745,-6.90761432914027,15.3970993445551));
#3585=CARTESIAN_POINT('',(-28.8219178344378,-7.88023323973814,16.7256601190309));
#3586=CARTESIAN_POINT('',(-26.799371326153,-8.82788691642747,18.2029267842862));
#3587=CARTESIAN_POINT('',(-24.8387627431492,-9.69466055313146,19.7960840763821));
#3588=CARTESIAN_POINT('',(-22.8781541601454,-10.5614341898355,21.3892413684779));
#3589=CARTESIAN_POINT('',(-20.9807865532772,-11.3468951376084,23.0987155784529));
#3590=CARTESIAN_POINT('',(-19.1632862014779,-12.0314893161688,24.8872667337181));
#3591=CARTESIAN_POINT('',(-17.3457858496786,-12.7160834947292,26.6758178889832));
#3592=CARTESIAN_POINT('',(-15.6111743618296,-13.2998462932233,28.543330356357));
#3593=CARTESIAN_POINT('',(-13.9662755249851,-13.8064928753176,30.4406140852253));
#3594=CARTESIAN_POINT('',(-12.3213766881406,-14.313139457412,32.3378978140935));
#3595=CARTESIAN_POINT('',(-10.7682565631142,-14.7448021231735,34.2642257598952));
#3596=CARTESIAN_POINT('',(-9.27269504340783,-15.1458588145447,36.1571029632138));
#3597=CARTESIAN_POINT('',(-7.77713352370141,-15.5469155059159,38.0499801665324));
#3598=CARTESIAN_POINT('',(-6.33727638123981,-15.9190329141394,39.907765327766));
#3599=CARTESIAN_POINT('',(-4.879504093414,-16.2894108823904,41.6703381484349));
#3600=CARTESIAN_POINT('',(-52.,-0.499999999999878,5.33333333333333));
#3601=CARTESIAN_POINT('',(-49.288368899216,-0.499999999999885,5.33333333333333));
#3602=CARTESIAN_POINT('',(-46.6151459303059,-0.957888317233196,5.64442778479113));
#3603=CARTESIAN_POINT('',(-44.0600042063163,-1.63238258678958,6.2087851658339));
#3604=CARTESIAN_POINT('',(-41.5048624823267,-2.30687685634596,6.77314254687666));
#3605=CARTESIAN_POINT('',(-39.0590296054665,-3.19117999789129,7.58633917652691));
#3606=CARTESIAN_POINT('',(-36.6988496598224,-4.11413154451302,8.59593545712485));
#3607=CARTESIAN_POINT('',(-34.3386697141783,-5.03708309113476,9.60553173772279));
#3608=CARTESIAN_POINT('',(-32.0616267368297,-6.00114386398937,10.8120772872188));
#3609=CARTESIAN_POINT('',(-29.8508098141872,-6.90502163101752,12.1851109105908));
#3610=CARTESIAN_POINT('',(-27.6399928915446,-7.80889939804568,13.5581445339628));
#3611=CARTESIAN_POINT('',(-25.4964982701204,-8.65250487262784,15.098305711029));
#3612=CARTESIAN_POINT('',(-23.43263871923,-9.38239189524707,16.7840434172838));
#3613=CARTESIAN_POINT('',(-21.3687791683397,-10.1122789178663,18.4697811235386));
#3614=CARTESIAN_POINT('',(-19.3861816891066,-10.7279604033446,20.3016278735419));
#3615=CARTESIAN_POINT('',(-17.5189708866479,-11.2220708822707,22.2528115296735));
#3616=CARTESIAN_POINT('',(-15.6517600841892,-11.7161813611968,24.2039951858051));
#3617=CARTESIAN_POINT('',(-13.9037626960558,-12.0888268950136,26.2743295220372));
#3618=CARTESIAN_POINT('',(-12.2964448640214,-12.3878523189483,28.4224044944696));
#3619=CARTESIAN_POINT('',(-10.689127031987,-12.6868777428829,30.5704794669021));
#3620=CARTESIAN_POINT('',(-9.22524196701649,-12.9149012627384,32.7954373634272));
#3621=CARTESIAN_POINT('',(-7.87324403653186,-13.1481264168208,35.0389748146693));
#3622=CARTESIAN_POINT('',(-6.52124610604724,-13.3813515709033,37.2825122659115));
#3623=CARTESIAN_POINT('',(-5.27963142124401,-13.6228170363929,39.5434185946488));
#3624=CARTESIAN_POINT('',(-4.05893251856975,-13.927375196101,41.7590738370676));
#3625=CARTESIAN_POINT('',(-52.,-0.499999999999878,2.));
#3626=CARTESIAN_POINT('',(-49.2126294067513,-0.499999999999884,2.));
#3627=CARTESIAN_POINT('',(-46.4286584003342,-0.990091801052748,2.31061207140773));
#3628=CARTESIAN_POINT('',(-43.7565939513094,-1.69265376880969,2.87927191993016));
#3629=CARTESIAN_POINT('',(-41.0845295022846,-2.39521573656662,3.4479317684526));
#3630=CARTESIAN_POINT('',(-38.5136599045606,-3.30185531823151,4.26926735355146));
#3631=CARTESIAN_POINT('',(-36.0263735619717,-4.21882163902278,5.29593050862401));
#3632=CARTESIAN_POINT('',(-33.5390872193829,-5.13578795981404,6.32259366369656));
#3633=CARTESIAN_POINT('',(-31.1322462608697,-6.06610040869393,7.55520368665552));
#3634=CARTESIAN_POINT('',(-28.796100750591,-6.90078816885647,8.97259848328969));
#3635=CARTESIAN_POINT('',(-26.4599552403123,-7.73547592901901,10.3899932799239));
#3636=CARTESIAN_POINT('',(-24.1957822805529,-8.47450038399646,11.992951138546));
#3637=CARTESIAN_POINT('',(-22.0292045172389,-9.06691717053169,13.7711186245074));
#3638=CARTESIAN_POINT('',(-19.8626267539249,-9.65933395706692,15.5492861104688));
#3639=CARTESIAN_POINT('',(-17.7955796318124,-10.1046152118369,17.5033197428014));
#3640=CARTESIAN_POINT('',(-15.8798963606275,-10.4077639541833,19.6166907949248));
#3641=CARTESIAN_POINT('',(-13.9642130894427,-10.7109126965297,21.7300618470482));
#3642=CARTESIAN_POINT('',(-12.2044825236222,-10.8721722220324,24.0025427748112));
#3643=CARTESIAN_POINT('',(-10.6367306217984,-10.9636582089012,26.4000370174213));
#3644=CARTESIAN_POINT('',(-9.0689787199747,-11.05514419577,28.7975312600314));
#3645=CARTESIAN_POINT('',(-7.69653003480377,-11.0800778193539,31.3190581507847));
#3646=CARTESIAN_POINT('',(-6.490352594572,-11.1456487260783,33.9098731631265));
#3647=CARTESIAN_POINT('',(-5.28417515434022,-11.2112196328028,36.5006881754683));
#3648=CARTESIAN_POINT('',(-4.24270263902725,-11.321609498274,39.159553414442));
#3649=CARTESIAN_POINT('',(-3.26324686207759,-11.5572535809093,41.823620909119));
#3650=CARTESIAN_POINT('',(-52.,0.500000000000122,2.));
#3651=CARTESIAN_POINT('',(-49.0962225503062,0.500000000000115,2.));
#3652=CARTESIAN_POINT('',(-46.2275435950676,-0.0090298815961403,2.31043712185494));
#3653=CARTESIAN_POINT('',(-43.503418799401,-0.725249283550116,2.88483108855836));
#3654=CARTESIAN_POINT('',(-40.7792940037343,-1.44146868550409,3.45922505526179));
#3655=CARTESIAN_POINT('',(-38.184440839917,-2.35773974176907,4.29171558208898));
#3656=CARTESIAN_POINT('',(-35.6944649098484,-3.27626514311181,5.3336650903984));
#3657=CARTESIAN_POINT('',(-33.2044889797797,-4.19479054445455,6.37561459870782));
#3658=CARTESIAN_POINT('',(-30.8141919661401,-5.11991591307626,7.62794873794497));
#3659=CARTESIAN_POINT('',(-28.5124206589115,-5.94652641129527,9.06699182861078));
#3660=CARTESIAN_POINT('',(-26.2106493516829,-6.77313690951428,10.5060349192766));
#3661=CARTESIAN_POINT('',(-23.9970972113557,-7.50196509483541,12.1331762782429));
#3662=CARTESIAN_POINT('',(-21.8966152096664,-8.08942667164675,13.9352295629213));
#3663=CARTESIAN_POINT('',(-19.7961332079771,-8.67688824845809,15.7372828475997));
#3664=CARTESIAN_POINT('',(-17.8093785269541,-9.12292328579132,17.7155160018936));
#3665=CARTESIAN_POINT('',(-15.984559748219,-9.44106597907128,19.8502300854354));
#3666=CARTESIAN_POINT('',(-14.159740969484,-9.75920867235125,21.9849441689773));
#3667=CARTESIAN_POINT('',(-12.4990647837469,-9.94997515941787,24.2771621763577));
#3668=CARTESIAN_POINT('',(-11.0305854945568,-10.091705043584,26.6908565777982));
#3669=CARTESIAN_POINT('',(-9.56210620536673,-10.2334349277501,29.1045509792387));
#3670=CARTESIAN_POINT('',(-8.28759324378167,-10.3288857598841,31.6402757977752));
#3671=CARTESIAN_POINT('',(-7.16841372222684,-10.4900349173394,34.2421435965904));
#3672=CARTESIAN_POINT('',(-6.04923420067201,-10.6511840747947,36.8440113954055));
#3673=CARTESIAN_POINT('',(-5.0840430170722,-10.8830402208869,39.5123829242962));
#3674=CARTESIAN_POINT('',(-4.15316421418437,-11.2681017667715,42.176379090881));
#3675=CARTESIAN_POINT('',(-52.,0.500000000000122,5.33333333333333));
#3676=CARTESIAN_POINT('',(-49.1763080393021,0.500000000000115,5.33333333333333));
#3677=CARTESIAN_POINT('',(-46.4168940704086,0.0239739605664046,5.64394654292776));
#3678=CARTESIAN_POINT('',(-43.805979437146,-0.665200918527492,6.21442567457321));
#3679=CARTESIAN_POINT('',(-41.1950648038834,-1.35437579762139,6.78490480621866));
#3680=CARTESIAN_POINT('',(-38.7197600425309,-2.25055458100723,7.61031326984013));
#3681=CARTESIAN_POINT('',(-36.3509750009218,-3.17733301389088,8.63706087539382));
#3682=CARTESIAN_POINT('',(-33.9821899593127,-4.10411144677453,9.66380848094752));
#3683=CARTESIAN_POINT('',(-31.7154937767184,-5.0651662173024,10.892633066615));
#3684=CARTESIAN_POINT('',(-29.5326370056542,-5.9621102770998,12.2905893493263));
#3685=CARTESIAN_POINT('',(-27.3497802345899,-6.8590543368972,13.6885456320376));
#3686=CARTESIAN_POINT('',(-25.2504754308561,-7.69255525678122,15.2568004696284));
#3687=CARTESIAN_POINT('',(-23.2467301003313,-8.41601074551694,16.9712467389068));
#3688=CARTESIAN_POINT('',(-21.2429847698066,-9.13946623425266,18.6856930081851));
#3689=CARTESIAN_POINT('',(-19.3353324336879,-9.7528735484419,20.5474019137039));
#3690=CARTESIAN_POINT('',(-17.5552755734564,-10.2577712681072,22.52691420396));
#3691=CARTESIAN_POINT('',(-15.7752187132248,-10.7626689877724,24.5064264942162));
#3692=CARTESIAN_POINT('',(-14.1245935456187,-11.1595839126539,26.6045912706035));
#3693=CARTESIAN_POINT('',(-12.6175930744906,-11.5047760404323,28.7783401682132));
#3694=CARTESIAN_POINT('',(-11.1105926033624,-11.8499681682107,30.952089065823));
#3695=CARTESIAN_POINT('',(-9.74870860417583,-12.1458015649309,33.2019242603728));
#3696=CARTESIAN_POINT('',(-8.48935825391026,-12.4774373104082,35.4679141517614));
#3697=CARTESIAN_POINT('',(-7.23000790364468,-12.8090730558854,37.73390404315));
#3698=CARTESIAN_POINT('',(-6.07226890602503,-13.1811310887076,40.0165283542996));
#3699=CARTESIAN_POINT('',(-4.90256419858012,-13.65326251568,42.2409261629324));
#3700=CARTESIAN_POINT('',(-52.,0.500000000000122,8.66666666666666));
#3701=CARTESIAN_POINT('',(-49.2565705904252,0.500000000000115,8.66666666666666));
#3702=CARTESIAN_POINT('',(-46.6064208562352,0.0570314505703567,8.97743703078149));
#3703=CARTESIAN_POINT('',(-44.1084880995606,-0.605166747012218,9.54402524673553));
#3704=CARTESIAN_POINT('',(-41.610555342886,-1.26736494459479,10.1106134626896));
#3705=CARTESIAN_POINT('',(-39.2544578112778,-2.14363723236504,10.9290105816157));
#3706=CARTESIAN_POINT('',(-37.0065830518907,-3.07895060740819,11.9406551542654));
#3707=CARTESIAN_POINT('',(-34.7587082925035,-4.01426398245134,12.9522997269151));
#3708=CARTESIAN_POINT('',(-32.6154008387752,-5.01160842227096,14.1577297129877));
#3709=CARTESIAN_POINT('',(-30.5512123323056,-5.97933490694263,15.5147108633785));
#3710=CARTESIAN_POINT('',(-28.487023825836,-6.94706139161431,16.8716920137694));
#3711=CARTESIAN_POINT('',(-26.5016965838913,-7.88576786355879,18.3811581602397));
#3712=CARTESIAN_POINT('',(-24.5941551690682,-8.74580088621812,20.0081480485704));
#3713=CARTESIAN_POINT('',(-22.6866137542451,-9.60583390887745,21.6351379369011));
#3714=CARTESIAN_POINT('',(-20.8572835335452,-10.3872342683365,23.3805082513438));
#3715=CARTESIAN_POINT('',(-19.1207506098841,-11.0793650513324,25.2052638531887));
#3716=CARTESIAN_POINT('',(-17.3842176862229,-11.7714958343284,27.0300194550337));
#3717=CARTESIAN_POINT('',(-15.7419908141505,-12.3748279406615,28.9348062777555));
#3718=CARTESIAN_POINT('',(-14.1944842356836,-12.9234005909584,30.869981644921));
#3719=CARTESIAN_POINT('',(-12.6469776572168,-13.4719732412552,32.8051570120866));
#3720=CARTESIAN_POINT('',(-11.1955213006849,-13.9676399529271,34.7711635391448));
#3721=CARTESIAN_POINT('',(-9.79374322067757,-14.4695849964955,36.7046582099308));
#3722=CARTESIAN_POINT('',(-8.39196514067022,-14.971530040064,38.6381528807168));
#3723=CARTESIAN_POINT('',(-7.03977861719881,-15.4842136169008,40.5401922313928));
#3724=CARTESIAN_POINT('',(-5.62707826462378,-16.0465091934907,42.3296618515651));
#3725=CARTESIAN_POINT('',(-52.,0.500000000000122,12.));
#3726=CARTESIAN_POINT('',(-49.3370624126698,0.500000000000115,12.));
#3727=CARTESIAN_POINT('',(-46.7962126912515,0.090172682899335,12.3108990048229));
#3728=CARTESIAN_POINT('',(-44.4109188394117,-0.545154251047589,12.8736323014014));
#3729=CARTESIAN_POINT('',(-42.025624987572,-1.18048118499451,13.4363655979799));
#3730=CARTESIAN_POINT('',(-39.7882174541533,-2.03717667343976,14.247865221267));
#3731=CARTESIAN_POINT('',(-37.6609622484182,-2.98149184134432,15.2445252310735));
#3732=CARTESIAN_POINT('',(-35.533707042683,-3.92580700924888,16.24118524088));
#3733=CARTESIAN_POINT('',(-33.5137180880672,-4.9599907993128,17.423322756443));
#3734=CARTESIAN_POINT('',(-31.5682315968888,-5.99911697142324,18.7393261588034));
#3735=CARTESIAN_POINT('',(-29.6227451057105,-7.03824314353367,20.0553295611637));
#3736=CARTESIAN_POINT('',(-27.7515356270244,-8.08282347295576,21.5058983535315));
#3737=CARTESIAN_POINT('',(-25.9401756772991,-9.08027606330304,23.0451914421686));
#3738=CARTESIAN_POINT('',(-24.1288157275737,-10.0777286536503,24.5844845308057));
#3739=CARTESIAN_POINT('',(-22.3776479656532,-11.0281091839596,26.2131440744728));
#3740=CARTESIAN_POINT('',(-20.6839546935752,-11.90870222926,27.8826083291941));
#3741=CARTESIAN_POINT('',(-18.9902614214972,-12.7892952745603,29.5520725839154));
#3742=CARTESIAN_POINT('',(-17.3552434380862,-13.60045236458,31.2628115027465));
#3743=CARTESIAN_POINT('',(-15.7649182263542,-14.3539177158711,32.9585140673872));
#3744=CARTESIAN_POINT('',(-14.1745930146223,-15.1073830671622,34.6542166320279));
#3745=CARTESIAN_POINT('',(-12.630133400115,-15.8045196312943,36.3354141073265));
#3746=CARTESIAN_POINT('',(-11.0804668896575,-16.4778324858573,37.934402723882));
#3747=CARTESIAN_POINT('',(-9.5308003791999,-17.1511453404204,39.5333913404376));
#3748=CARTESIAN_POINT('',(-7.97571156050828,-17.8055598375793,41.0516212056696));
#3749=CARTESIAN_POINT('',(-6.31265122140765,-18.45240861075,42.3988120093212));
#3750=CARTESIAN_POINT('',(-52.,0.500000000000122,15.3333333333333));
#3751=CARTESIAN_POINT('',(-49.4175542349145,0.500000000000115,15.3333333333333));
#3752=CARTESIAN_POINT('',(-46.9860045262677,0.123313915228313,15.6443609788643));
#3753=CARTESIAN_POINT('',(-44.7133495792629,-0.48514175508296,16.2032393560672));
#3754=CARTESIAN_POINT('',(-42.440694632258,-1.09359742539423,16.7621177332702));
#3755=CARTESIAN_POINT('',(-40.3219770970288,-1.93071611451449,17.5667198609183));
#3756=CARTESIAN_POINT('',(-38.3153414449456,-2.88403307528046,18.5483953078817));
#3757=CARTESIAN_POINT('',(-36.3087057928625,-3.83735003604642,19.530070754845));
#3758=CARTESIAN_POINT('',(-34.4120353373591,-4.90837317635465,20.6889157998984));
#3759=CARTESIAN_POINT('',(-32.585250861472,-6.01889903590383,21.9639414542282));
#3760=CARTESIAN_POINT('',(-30.7584663855849,-7.12942489545302,23.238967108558));
#3761=CARTESIAN_POINT('',(-29.0013746701575,-8.27987908235272,24.6306385468232));
#3762=CARTESIAN_POINT('',(-27.2861961855299,-9.41475124038796,26.0822348357668));
#3763=CARTESIAN_POINT('',(-25.5710177009024,-10.5496233984232,27.5338311247104));
#3764=CARTESIAN_POINT('',(-23.8980123977611,-11.6689840995827,29.0457798976018));
#3765=CARTESIAN_POINT('',(-22.2471587772663,-12.7380394071875,30.5599528051994));
#3766=CARTESIAN_POINT('',(-20.5963051567714,-13.8070947147923,32.0741257127971));
#3767=CARTESIAN_POINT('',(-18.968496062022,-14.8260767884984,33.5908167277374));
#3768=CARTESIAN_POINT('',(-17.3353522170248,-15.7844348407839,35.0470464898533));
#3769=CARTESIAN_POINT('',(-15.7022083720277,-16.7427928930693,36.5032762519691));
#3770=CARTESIAN_POINT('',(-14.0647454995452,-17.6413993096615,37.8996646755082));
#3771=CARTESIAN_POINT('',(-12.3671905586374,-18.4860799752191,39.1641472378333));
#3772=CARTESIAN_POINT('',(-10.6696356177296,-19.3307606407768,40.4286298001583));
#3773=CARTESIAN_POINT('',(-8.91164450381776,-20.1269060582578,41.5630501799465));
#3774=CARTESIAN_POINT('',(-6.99822417819151,-20.8583080280094,42.4679621670773));
#3775=CARTESIAN_POINT('',(-52.,0.500000000000122,18.6666666666667));
#3776=CARTESIAN_POINT('',(-49.4982746557985,0.500000000000115,18.6666666666667));
#3777=CARTESIAN_POINT('',(-47.176058095568,0.15653753163922,18.9777948009969));
#3778=CARTESIAN_POINT('',(-45.0157033533736,-0.425150629144506,19.5328538006465));
#3779=CARTESIAN_POINT('',(-42.8553486111792,-1.00683878992823,20.087912800296));
#3780=CARTESIAN_POINT('',(-40.8548078197281,-1.82469913270254,20.8857294973771));
#3781=CARTESIAN_POINT('',(-38.968490659915,-2.78748426889563,21.8525409876087));
#3782=CARTESIAN_POINT('',(-37.0821735001018,-3.75026940508871,22.8193524778403));
#3783=CARTESIAN_POINT('',(-35.3087337753506,-4.85869665576661,23.9550140060228));
#3784=CARTESIAN_POINT('',(-33.6006866422254,-6.04126513191087,25.1890592895819));
#3785=CARTESIAN_POINT('',(-31.8926395091001,-7.22383360805514,26.4231045731409));
#3786=CARTESIAN_POINT('',(-30.2498251123138,-8.4808609324523,27.7557630635808));
#3787=CARTESIAN_POINT('',(-28.6308543993983,-9.75403002206744,29.1193884879548));
#3788=CARTESIAN_POINT('',(-27.0118836864828,-11.0271991116826,30.4830139123287));
#3789=CARTESIAN_POINT('',(-25.4169566816919,-12.3165626939957,31.8778264864305));
#3790=CARTESIAN_POINT('',(-23.8083957370656,-13.5753856184107,33.2360269962891));
#3791=CARTESIAN_POINT('',(-22.1998347924393,-14.8342085428257,34.5942275061477));
#3792=CARTESIAN_POINT('',(-20.5782366387453,-16.0625411543569,35.9159932191753));
#3793=CARTESIAN_POINT('',(-18.9002503953096,-17.2275518772618,37.1312536834326));
#3794=CARTESIAN_POINT('',(-17.222264151874,-18.3925626001668,38.3465141476899));
#3795=CARTESIAN_POINT('',(-15.4886438215191,-19.4947948781566,39.4562108886357));
#3796=CARTESIAN_POINT('',(-13.6384642279622,-20.5120362940195,40.3816270348533));
#3797=CARTESIAN_POINT('',(-11.7882846344052,-21.5292777098824,41.307043181071));
#3798=CARTESIAN_POINT('',(-9.81972026797203,-22.4674761796369,42.0487037681133));
#3799=CARTESIAN_POINT('',(-7.65474923662853,-23.2736456840939,42.5));
#3800=CARTESIAN_POINT('',(-52.,0.500000000000122,22.));
#3801=CARTESIAN_POINT('',(-49.5792984277349,0.500000000000115,22.));
#3802=CARTESIAN_POINT('',(-47.3665315413927,0.189899953816409,22.3111833500799));
#3803=CARTESIAN_POINT('',(-45.3179340799804,-0.365194516020404,22.8624800750284));
#3804=CARTESIAN_POINT('',(-43.2693366185681,-0.920288985857218,23.413776799977));
#3805=CARTESIAN_POINT('',(-41.386162443125,-1.71953202544128,24.2050016960657));
#3806=CARTESIAN_POINT('',(-39.6199831159939,-2.69253348695052,25.1570693796798));
#3807=CARTESIAN_POINT('',(-37.8538037888628,-3.66553494845976,26.1091370632939));
#3808=CARTESIAN_POINT('',(-36.2039656137978,-4.81207284509755,27.2216171495586));
#3809=CARTESIAN_POINT('',(-34.6152665067149,-6.06720720930977,28.4144420514241));
#3810=CARTESIAN_POINT('',(-33.026567399632,-7.322341573522,29.6072669532897));
#3811=CARTESIAN_POINT('',(-31.4988394045494,-8.68628982835081,30.880456751352));
#3812=CARTESIAN_POINT('',(-29.9769027112621,-10.0981301728689,32.1553975919596));
#3813=CARTESIAN_POINT('',(-28.4549660179748,-11.5099705173869,33.4303384325672));
#3814=CARTESIAN_POINT('',(-26.938951485546,-12.9697155629097,34.7070695346438));
#3815=CARTESIAN_POINT('',(-25.3735712359414,-14.4187638436041,35.9078698681744));
#3816=CARTESIAN_POINT('',(-23.8081909863368,-15.8678121242984,37.108670201705));
#3817=CARTESIAN_POINT('',(-22.1936416115661,-17.3060632830294,38.2336623427973));
#3818=CARTESIAN_POINT('',(-20.4719650374632,-18.6779580636625,39.2050438541017));
#3819=CARTESIAN_POINT('',(-18.7502884633602,-20.0498528442955,40.1764253654061));
#3820=CARTESIAN_POINT('',(-16.9217275877303,-21.3557358917949,40.9952126472798));
#3821=CARTESIAN_POINT('',(-14.9223115828187,-22.5429134502505,41.5763324603516));
#3822=CARTESIAN_POINT('',(-12.9228955779071,-23.7300910087061,42.1574522734235));
#3823=CARTESIAN_POINT('',(-10.7507297804359,-24.802984860058,42.5));
#3824=CARTESIAN_POINT('',(-8.34346246079471,-25.6785247661409,42.5));
#3825=CARTESIAN_POINT('',(5.03102059115315,-10.9044817496153,42.176379090881));
#3826=CARTESIAN_POINT('',(5.86474839409268,-10.4796763638143,41.823620909119));
#3827=CARTESIAN_POINT('',(5.03102057998702,-10.9044817542467,42.1763790589131));
#3828=CARTESIAN_POINT('',(5.86474838378221,-10.4796763701257,41.8236208771502));
#3829=CARTESIAN_POINT('',(5.03102059115315,-10.9044817496153,42.176379090881));
#3830=CARTESIAN_POINT('',(5.60934730698394,-12.012712399104,42.2086525125815));
#3831=CARTESIAN_POINT('',(6.19253164346576,-13.1184779073812,42.2456240296929));
#3832=CARTESIAN_POINT('',(7.37552745005367,-15.3215270398751,42.3234902249165));
#3833=CARTESIAN_POINT('',(7.97587751893505,-16.4185412040409,42.3642369304431));
#3834=CARTESIAN_POINT('',(9.19233202499191,-18.6045422835777,42.4333870881992));
#3835=CARTESIAN_POINT('',(9.80805815617396,-19.6937219554131,42.4608775073093));
#3836=CARTESIAN_POINT('',(11.0377298902649,-21.872988523237,42.4939526906972));
#3837=CARTESIAN_POINT('',(11.650988193044,-22.963435656534,42.5));
#3838=CARTESIAN_POINT('',(12.2577401084015,-24.0571778776083,42.5));
#3839=CARTESIAN_POINT('',(12.257740104761,-24.0571778710458,42.5));
#3840=CARTESIAN_POINT('',(12.2577401084015,-24.0571778776083,42.5));
#3841=CARTESIAN_POINT('',(12.2577401084015,-24.0571778776083,41.5));
#3842=CARTESIAN_POINT('',(12.2577401052322,-24.0571778708056,41.5));
#3843=CARTESIAN_POINT('',(5.86474839409268,-10.4796763638143,41.823620909119));
#3844=CARTESIAN_POINT('',(8.09133707997339,-14.9568039432889,41.6945267650162));
#3845=CARTESIAN_POINT('',(10.1448613960457,-19.5221121929123,41.5));
#3846=CARTESIAN_POINT('',(12.2577401084015,-24.0571778776083,41.5));
#3847=CARTESIAN_POINT('',(12.2577401084015,-24.0571778776083,41.5));
#3848=CARTESIAN_POINT('',(11.7295242107478,-22.9234195707296,41.5));
#3849=CARTESIAN_POINT('',(11.207798454612,-21.7863342916816,41.5060473093028));
#3850=CARTESIAN_POINT('',(10.1675183167767,-19.5105679192078,41.5391224926906));
#3851=CARTESIAN_POINT('',(9.64826851199565,-18.3722311208943,41.5666129118008));
#3852=CARTESIAN_POINT('',(8.59477114612629,-16.1031992601333,41.6357630695569));
#3853=CARTESIAN_POINT('',(8.06014527904458,-14.9726969541501,41.6765097750835));
#3854=CARTESIAN_POINT('',(6.97318921370627,-12.7207131463462,41.7543759703071));
#3855=CARTESIAN_POINT('',(6.42139359370523,-11.5989542937575,41.7913474874185));
#3856=CARTESIAN_POINT('',(5.86474839409268,-10.4796763638143,41.823620909119));
#3857=CARTESIAN_POINT('',(12.2577401084015,-24.0571778776083,42.5));
#3858=CARTESIAN_POINT('',(11.650988193044,-22.963435656534,42.5));
#3859=CARTESIAN_POINT('',(11.0377298902649,-21.872988523237,42.4939526906972));
#3860=CARTESIAN_POINT('',(9.80805815617396,-19.6937219554131,42.4608775073093));
#3861=CARTESIAN_POINT('',(9.19233202499191,-18.6045422835777,42.4333870881992));
#3862=CARTESIAN_POINT('',(7.97587751893505,-16.4185412040409,42.3642369304431));
#3863=CARTESIAN_POINT('',(7.37552745005367,-15.3215270398751,42.3234902249165));
#3864=CARTESIAN_POINT('',(6.19253164346576,-13.1184779073812,42.2456240296929));
#3865=CARTESIAN_POINT('',(5.60934730698394,-12.012712399104,42.2086525125815));
#3866=CARTESIAN_POINT('',(5.03102059115315,-10.9044817496153,42.176379090881));
#3867=CARTESIAN_POINT('',(12.2577401084015,-24.0571778776083,42.5));
#3868=CARTESIAN_POINT('',(11.0969893445091,-24.5987734216387,42.5));
#3869=CARTESIAN_POINT('',(9.94212966718522,-25.0633585162181,42.4144453763103));
#3870=CARTESIAN_POINT('',(7.6512652391405,-25.8663510828104,42.0977655367052));
#3871=CARTESIAN_POINT('',(6.51521021595502,-26.2047450228485,41.8668923668875));
#3872=CARTESIAN_POINT('',(3.13531733964152,-27.0662539929927,40.9952126472798));
#3873=CARTESIAN_POINT('',(0.918930786347784,-27.4358430296397,40.1764253654061));
#3874=CARTESIAN_POINT('',(-3.45603977968873,-27.930509185836,38.2336623427973));
#3875=CARTESIAN_POINT('',(-5.61469573853767,-28.0551708499087,37.108670201705));
#3876=CARTESIAN_POINT('',(-9.87774144889093,-28.2196890980791,34.7070695346438));
#3877=CARTESIAN_POINT('',(-11.9819212256412,-28.2594776338443,33.4303384325672));
#3878=CARTESIAN_POINT('',(-16.1309085014843,-28.4151773834415,30.880456751352));
#3879=CARTESIAN_POINT('',(-18.1756323867928,-28.5309871483959,29.6072669532897));
#3880=CARTESIAN_POINT('',(-22.197420251029,-29.0027189316932,27.2216171495586));
#3881=CARTESIAN_POINT('',(-24.1747567340778,-29.3586059715421,26.1091370632939));
#3882=CARTESIAN_POINT('',(-28.0485433551648,-30.4803288664787,24.2050016960657));
#3883=CARTESIAN_POINT('',(-29.945298757882,-31.2467839229838,23.413776799977));
#3884=CARTESIAN_POINT('',(-33.6274751992959,-33.3589161091147,22.3111833500799));
#3885=CARTESIAN_POINT('',(-35.4115695802931,-34.7044627991064,22.));
#3886=CARTESIAN_POINT('',(-37.1231060122939,-36.4159992311071,22.));
#3887=CARTESIAN_POINT('',(-37.1231060122939,-36.4159992311071,21.99999999));
#3888=CARTESIAN_POINT('',(-37.1231060122939,-36.4159992311071,22.));
#3889=CARTESIAN_POINT('',(-36.4159992311073,-37.1231060122936,22.));
#3890=CARTESIAN_POINT('',(-36.4159992311073,-37.1231060122936,22.));
#3891=CARTESIAN_POINT('',(12.2577401084015,-24.0571778776083,41.5));
#3892=CARTESIAN_POINT('',(7.92381064424907,-26.464751975016,41.5));
#3893=CARTESIAN_POINT('',(3.49744259177577,-27.6939683322244,40.3521931232895));
#3894=CARTESIAN_POINT('',(-5.30012107761683,-28.9830130068284,36.7377191685071));
#3895=CARTESIAN_POINT('',(-9.64862176383626,-29.0632457496849,34.2947207268252));
#3896=CARTESIAN_POINT('',(-22.1950295585829,-29.6553947730922,26.9443657704707));
#3897=CARTESIAN_POINT('',(-29.8102173490715,-30.5173241302579,22.));
#3898=CARTESIAN_POINT('',(-36.4159992311073,-37.1231060122936,22.));
#3899=CARTESIAN_POINT('',(-36.4159992311073,-37.1231060122936,22.));
#3900=CARTESIAN_POINT('',(-34.7643956956216,-35.4715024768079,22.));
#3901=CARTESIAN_POINT('',(-33.0550647010274,-34.1832927166519,22.3138166499201));
#3902=CARTESIAN_POINT('',(-29.5198022786256,-32.1556203434245,23.398723200023));
#3903=CARTESIAN_POINT('',(-27.6925441931184,-31.416027290719,24.1699983039343));
#3904=CARTESIAN_POINT('',(-23.9176984287,-30.3223036144311,26.0158629367061));
#3905=CARTESIAN_POINT('',(-21.9704160144678,-29.9687921922661,27.0908828504414));
#3906=CARTESIAN_POINT('',(-17.9723433786621,-29.4873180049918,29.3927330467103));
#3907=CARTESIAN_POINT('',(-15.9218256612096,-29.3593202613885,30.619543248648));
#3908=CARTESIAN_POINT('',(-11.7396897296274,-29.1619372535861,33.0696615674328));
#3909=CARTESIAN_POINT('',(-9.60798790171331,-29.0924505405093,34.2929304653562));
#3910=CARTESIAN_POINT('',(-5.28861310441097,-28.8418918569712,36.578829798295));
#3911=CARTESIAN_POINT('',(-3.10073016026868,-28.6607518381774,37.6413376572027));
#3912=CARTESIAN_POINT('',(1.29805167442761,-28.0162295008754,39.4485746345939));
#3913=CARTESIAN_POINT('',(3.50887861887545,-27.5524317268906,40.1922873527202));
#3914=CARTESIAN_POINT('',(6.80782490755459,-26.519877614958,40.9612326331125));
#3915=CARTESIAN_POINT('',(7.90438609243005,-26.1195867166156,41.1600469632948));
#3916=CARTESIAN_POINT('',(10.0876792153536,-25.189166314353,41.4293046236897));
#3917=CARTESIAN_POINT('',(11.1743509925541,-24.659019599838,41.5));
#3918=CARTESIAN_POINT('',(12.2577401084015,-24.0571778776083,41.5));
#3919=CARTESIAN_POINT('',(-37.1231060122939,-36.4159992311071,22.));
#3920=CARTESIAN_POINT('',(-35.4115695802931,-34.7044627991064,22.));
#3921=CARTESIAN_POINT('',(-33.6274751992959,-33.3589161091147,22.3111833500799));
#3922=CARTESIAN_POINT('',(-29.945298757882,-31.2467839229838,23.413776799977));
#3923=CARTESIAN_POINT('',(-28.0485433551648,-30.4803288664787,24.2050016960657));
#3924=CARTESIAN_POINT('',(-24.1747567340778,-29.3586059715421,26.1091370632939));
#3925=CARTESIAN_POINT('',(-22.197420251029,-29.0027189316932,27.2216171495586));
#3926=CARTESIAN_POINT('',(-18.1756323867928,-28.5309871483959,29.6072669532897));
#3927=CARTESIAN_POINT('',(-16.1309085014843,-28.4151773834415,30.880456751352));
#3928=CARTESIAN_POINT('',(-11.9819212256412,-28.2594776338443,33.4303384325672));
#3929=CARTESIAN_POINT('',(-9.87774144889093,-28.2196890980791,34.7070695346438));
#3930=CARTESIAN_POINT('',(-5.61469573853767,-28.0551708499087,37.108670201705));
#3931=CARTESIAN_POINT('',(-3.45603977968873,-27.930509185836,38.2336623427973));
#3932=CARTESIAN_POINT('',(0.918930786347784,-27.4358430296397,40.1764253654061));
#3933=CARTESIAN_POINT('',(3.13531733964152,-27.0662539929927,40.9952126472798));
#3934=CARTESIAN_POINT('',(6.51521021595502,-26.2047450228485,41.8668923668875));
#3935=CARTESIAN_POINT('',(7.6512652391405,-25.8663510828104,42.0977655367052));
#3936=CARTESIAN_POINT('',(9.94212966718522,-25.0633585162181,42.4144453763103));
#3937=CARTESIAN_POINT('',(11.0969893445091,-24.5987734216387,42.5));
#3938=CARTESIAN_POINT('',(12.2577401084015,-24.0571778776083,42.5));
#3939=CARTESIAN_POINT('',(-37.1231060122939,-36.4159992311071,21.99999999));
#3940=CARTESIAN_POINT('',(-37.1231060122939,-36.4159992311071,15.3333333266667));
#3941=CARTESIAN_POINT('',(-37.1231060122939,-36.4159992311071,8.66666666333333));
#3942=CARTESIAN_POINT('',(-37.1231060122939,-36.4159992311071,2.));
#3943=CARTESIAN_POINT('',(-37.1231060122939,-36.4159992311071,2.));
#3944=CARTESIAN_POINT('',(-37.1231060122939,-36.4159992311071,2.));
#3945=CARTESIAN_POINT('',(-36.8874037518984,-36.6517014915026,2.));
#3946=CARTESIAN_POINT('',(-36.6517014915028,-36.8874037518981,2.));
#3947=CARTESIAN_POINT('',(-36.4159992311073,-37.1231060122936,2.));
#3948=CARTESIAN_POINT('',(-36.4159992311073,-37.1231060122936,2.));
#3949=CARTESIAN_POINT('',(-36.4159992311073,-37.1231060122936,22.));
#3950=CARTESIAN_POINT('',(-36.4159992311073,-37.1231060122936,15.3333333333333));
#3951=CARTESIAN_POINT('',(-36.4159992311073,-37.1231060122936,8.66666666666666));
#3952=CARTESIAN_POINT('',(-36.4159992311073,-37.1231060122936,2.));
#3953=CARTESIAN_POINT('',(-36.4159992311073,-37.1231060122936,22.));
#3954=CARTESIAN_POINT('',(-37.1231060122939,-36.4159992311071,2.));
#3955=CARTESIAN_POINT('',(-36.096134645227,-35.3890278640402,2.));
#3956=CARTESIAN_POINT('',(-34.9830961175552,-34.455794535181,2.07637944839193));
#3957=CARTESIAN_POINT('',(-32.6676129704325,-32.7537783929983,2.37541027767362));
#3958=CARTESIAN_POINT('',(-31.4650791072825,-31.9842928842414,2.59763410520665));
#3959=CARTESIAN_POINT('',(-29.0323883955292,-30.5644893643661,3.17202807191008));
#3960=CARTESIAN_POINT('',(-27.8016513764639,-29.9138495914991,3.52424331855473));
#3961=CARTESIAN_POINT('',(-25.3499179333326,-28.6878068660968,4.34452100570905));
#3962=CARTESIAN_POINT('',(-24.1282160914818,-28.1120591508191,4.81269033624369));
#3963=CARTESIAN_POINT('',(-21.7180416863574,-27.0008758256579,5.85463984455311));
#3964=CARTESIAN_POINT('',(-20.5290091227567,-26.4651830791121,6.42854067523248));
#3965=CARTESIAN_POINT('',(-18.2014934857234,-25.4087043095419,7.67489127273731));
#3966=CARTESIAN_POINT('',(-17.0625468404143,-24.8877032515872,8.34747028327788));
#3967=CARTESIAN_POINT('',(-14.8504468516417,-23.8446070401959,9.78651337394369));
#3968=CARTESIAN_POINT('',(-13.7768708462848,-23.3223015414619,10.5531229682174));
#3969=CARTESIAN_POINT('',(-11.7085830620381,-22.2692384748794,12.1768877533024));
#3970=CARTESIAN_POINT('',(-10.7134882102572,-21.7382670564728,13.0342029205821));
#3971=CARTESIAN_POINT('',(-8.81282507845257,-20.6684000539679,14.8362562052605));
#3972=CARTESIAN_POINT('',(-7.9069206847874,-20.1292865886594,15.7811654145219));
#3973=CARTESIAN_POINT('',(-6.19298180585154,-19.0508809600179,17.7543645230015));
#3974=CARTESIAN_POINT('',(-5.38460011115799,-18.5113228062166,18.7828730436645));
#3975=CARTESIAN_POINT('',(-3.86929752247465,-17.4459419291397,20.9175871272064));
#3976=CARTESIAN_POINT('',(-3.16199900916353,-16.9197719814205,22.024095219398));
#3977=CARTESIAN_POINT('',(-1.84408602577488,-15.8993584312198,24.307151746961));
#3978=CARTESIAN_POINT('',(-1.23318364641088,-15.4047916243257,25.4840093770779));
#3979=CARTESIAN_POINT('',(-0.0945938208019087,-14.466638123098,27.8977037785184));
#3980=CARTESIAN_POINT('',(0.433317859113035,-14.022744489893,29.1348797309711));
#3981=CARTESIAN_POINT('',(1.42857718158634,-13.2021079478354,31.6564645613709));
#3982=CARTESIAN_POINT('',(1.89607632605922,-12.8251236617904,32.9412096971828));
#3983=CARTESIAN_POINT('',(2.80140541713488,-12.147693894753,35.543077495998));
#3984=CARTESIAN_POINT('',(3.23932567570013,-11.8471238623452,36.8604689336574));
#3985=CARTESIAN_POINT('',(4.1214699488713,-11.3220109513166,39.5110539855621));
#3986=CARTESIAN_POINT('',(4.56575957649199,-11.0974597148018,40.8443642807582));
#3987=CARTESIAN_POINT('',(5.03102059115315,-10.9044817496153,42.176379090881));
#3988=CARTESIAN_POINT('',(-36.4159992311073,-37.1231060122936,2.));
#3989=CARTESIAN_POINT('',(-34.4450305829412,-35.1521373641275,2.));
#3990=CARTESIAN_POINT('',(-32.1299185697485,-33.5301198227916,2.31061207140773));
#3991=CARTESIAN_POINT('',(-27.3574761231932,-30.7448227026551,3.44793176845259));
#3992=CARTESIAN_POINT('',(-24.8985058008089,-29.5680343728456,4.26926735355147));
#3993=CARTESIAN_POINT('',(-17.6769953713635,-26.2368825647073,7.3492568187691));
#3994=CARTESIAN_POINT('',(-13.0675287934555,-24.2144783167437,10.2147836525846));
#3995=CARTESIAN_POINT('',(-5.26391377163503,-19.7620787113056,17.3274535964302));
#3996=CARTESIAN_POINT('',(-2.11534401159495,-17.3615366970523,21.605048532201));
#3997=CARTESIAN_POINT('',(2.57768943918955,-13.1860261398554,31.1950255026416));
#3998=CARTESIAN_POINT('',(4.14633769302992,-11.5315849497653,36.4954859197651));
#3999=CARTESIAN_POINT('',(5.86474839409268,-10.4796763638143,41.823620909119));
#4000=CARTESIAN_POINT('',(-36.4159992311073,-37.1231060122936,2.));
#4001=CARTESIAN_POINT('',(-35.4301591548535,-36.1372659360398,2.));
#4002=CARTESIAN_POINT('',(-34.3563724410216,-35.2362066108758,2.07665157619416));
#4003=CARTESIAN_POINT('',(-32.1097335551519,-33.5847988624222,2.37432120636371));
#4004=CARTESIAN_POINT('',(-30.9368079581097,-32.8337955427575,2.59494199566895));
#4005=CARTESIAN_POINT('',(-28.550586734832,-31.4411469826893,3.16360184419138));
#4006=CARTESIAN_POINT('',(-27.3378712790585,-30.7998235040344,3.51159579593431));
#4007=CARTESIAN_POINT('',(-24.9096855673674,-29.5854988337299,4.32114778439498));
#4008=CARTESIAN_POINT('',(-23.6949207292347,-29.0128424048225,4.78259893108774));
#4009=CARTESIAN_POINT('',(-21.2877505860862,-27.9024584687765,5.80926208616028));
#4010=CARTESIAN_POINT('',(-20.0959052813976,-27.3649880982998,6.37435344163548));
#4011=CARTESIAN_POINT('',(-17.7534896306734,-26.2998301967416,7.60173756289919));
#4012=CARTESIAN_POINT('',(-16.6033828565141,-25.7723577005904,8.2639010849726));
#4013=CARTESIAN_POINT('',(-14.3612651489732,-24.7106667438181,9.68129588160678));
#4014=CARTESIAN_POINT('',(-13.2696768774849,-24.1766586284945,10.4363816420191));
#4015=CARTESIAN_POINT('',(-11.1594393466892,-23.0936325636586,12.0368311302133));
#4016=CARTESIAN_POINT('',(-10.1411731602728,-22.5448284647044,12.8820348815267));
#4017=CARTESIAN_POINT('',(-8.19026940481772,-21.4317285633449,14.6602023674881));
#4018=CARTESIAN_POINT('',(-7.25796794942039,-20.8676506421497,15.5929950102733));
#4019=CARTESIAN_POINT('',(-5.48958839914426,-19.7308033253685,17.5430057716833));
#4020=CARTESIAN_POINT('',(-4.6538575136883,-19.1582999202508,18.5600052688631));
#4021=CARTESIAN_POINT('',(-3.08490635060651,-18.0180658200117,20.6733763209865));
#4022=CARTESIAN_POINT('',(-2.352063692302,-17.4506823493338,21.7694453466172));
#4023=CARTESIAN_POINT('',(-0.98719479613089,-16.3393479561734,24.0335567315549));
#4024=CARTESIAN_POINT('',(-0.355456467550762,-15.7957202381035,25.2012898961162));
#4025=CARTESIAN_POINT('',(0.817801895145364,-14.7518425988043,27.5987841387264));
#4026=CARTESIAN_POINT('',(1.35909769559138,-14.2518996164464,28.828206035646));
#4027=CARTESIAN_POINT('',(2.37135276046189,-13.3127583454987,31.3362149236931));
#4028=CARTESIAN_POINT('',(2.84216052297185,-12.8738014341011,32.6144656569556));
#4029=CARTESIAN_POINT('',(3.74142240306741,-12.0672708195924,35.2052806692974));
#4030=CARTESIAN_POINT('',(4.16978620869051,-11.6998216678967,36.5175761737204));
#4031=CARTESIAN_POINT('',(5.01668359434478,-11.0375076226401,39.1607961238525));
#4032=CARTESIAN_POINT('',(5.43515060537849,-10.7426505190465,40.4916023131096));
#4033=CARTESIAN_POINT('',(5.86474839409268,-10.4796763638143,41.823620909119));
#4034=CARTESIAN_POINT('',(-37.1231060122939,-36.4159992311071,2.));
#4035=CARTESIAN_POINT('',(-36.096134645227,-35.3890278640402,2.));
#4036=CARTESIAN_POINT('',(-34.9830961175552,-34.455794535181,2.07637944839193));
#4037=CARTESIAN_POINT('',(-32.6676129704325,-32.7537783929983,2.37541027767362));
#4038=CARTESIAN_POINT('',(-31.4650791072825,-31.9842928842414,2.59763410520665));
#4039=CARTESIAN_POINT('',(-29.0323883955292,-30.5644893643661,3.17202807191008));
#4040=CARTESIAN_POINT('',(-27.8016513764639,-29.9138495914991,3.52424331855473));
#4041=CARTESIAN_POINT('',(-25.3499179333326,-28.6878068660968,4.34452100570905));
#4042=CARTESIAN_POINT('',(-24.1282160914818,-28.1120591508191,4.81269033624369));
#4043=CARTESIAN_POINT('',(-21.7180416863574,-27.0008758256579,5.85463984455311));
#4044=CARTESIAN_POINT('',(-20.5290091227567,-26.4651830791121,6.42854067523248));
#4045=CARTESIAN_POINT('',(-18.2014934857234,-25.4087043095419,7.67489127273731));
#4046=CARTESIAN_POINT('',(-17.0625468404143,-24.8877032515872,8.34747028327788));
#4047=CARTESIAN_POINT('',(-14.8504468516417,-23.8446070401959,9.78651337394369));
#4048=CARTESIAN_POINT('',(-13.7768708462848,-23.3223015414619,10.5531229682174));
#4049=CARTESIAN_POINT('',(-11.7085830620381,-22.2692384748794,12.1768877533024));
#4050=CARTESIAN_POINT('',(-10.7134882102572,-21.7382670564728,13.0342029205821));
#4051=CARTESIAN_POINT('',(-8.81282507845257,-20.6684000539679,14.8362562052605));
#4052=CARTESIAN_POINT('',(-7.9069206847874,-20.1292865886594,15.7811654145219));
#4053=CARTESIAN_POINT('',(-6.19298180585154,-19.0508809600179,17.7543645230015));
#4054=CARTESIAN_POINT('',(-5.38460011115799,-18.5113228062166,18.7828730436645));
#4055=CARTESIAN_POINT('',(-3.86929752247465,-17.4459419291397,20.9175871272064));
#4056=CARTESIAN_POINT('',(-3.16199900916353,-16.9197719814205,22.024095219398));
#4057=CARTESIAN_POINT('',(-1.84408602577488,-15.8993584312198,24.307151746961));
#4058=CARTESIAN_POINT('',(-1.23318364641088,-15.4047916243257,25.4840093770779));
#4059=CARTESIAN_POINT('',(-0.0945938208019087,-14.466638123098,27.8977037785184));
#4060=CARTESIAN_POINT('',(0.433317859113035,-14.022744489893,29.1348797309711));
#4061=CARTESIAN_POINT('',(1.42857718158634,-13.2021079478354,31.6564645613709));
#4062=CARTESIAN_POINT('',(1.89607632605922,-12.8251236617904,32.9412096971828));
#4063=CARTESIAN_POINT('',(2.80140541713488,-12.147693894753,35.543077495998));
#4064=CARTESIAN_POINT('',(3.23932567570013,-11.8471238623452,36.8604689336574));
#4065=CARTESIAN_POINT('',(4.1214699488713,-11.3220109513166,39.5110539855621));
#4066=CARTESIAN_POINT('',(4.56575957649199,-11.0974597148018,40.8443642807582));
#4067=CARTESIAN_POINT('',(5.03102059115315,-10.9044817496153,42.176379090881));
#4068=CARTESIAN_POINT('',(-36.4159992311073,-37.1231060122936,22.));
#4069=CARTESIAN_POINT('',(-34.7645537605984,-35.4716605417847,22.));
#4070=CARTESIAN_POINT('',(-33.0550647010274,-34.1832927166519,22.3138166499201));
#4071=CARTESIAN_POINT('',(-31.2874334898265,-33.1694565300382,22.8562699249716));
#4072=CARTESIAN_POINT('',(-29.5198022786256,-32.1556203434245,23.398723200023));
#4073=CARTESIAN_POINT('',(-27.6925441931184,-31.416027290719,24.1699983039343));
#4074=CARTESIAN_POINT('',(-25.8051213109092,-30.8691654525751,25.0929306203202));
#4075=CARTESIAN_POINT('',(-23.9176984287,-30.3223036144311,26.0158629367061));
#4076=CARTESIAN_POINT('',(-21.9704160144678,-29.9687921922661,27.0908828504414));
#4077=CARTESIAN_POINT('',(-19.9713796965649,-29.7280550986289,28.2418079485759));
#4078=CARTESIAN_POINT('',(-17.9723433786621,-29.4873180049918,29.3927330467103));
#4079=CARTESIAN_POINT('',(-15.9218256612096,-29.3593202613885,30.6195432486479));
#4080=CARTESIAN_POINT('',(-13.8307576954185,-29.2606287574873,31.8446024080404));
#4081=CARTESIAN_POINT('',(-11.7396897296274,-29.1619372535861,33.0696615674328));
#4082=CARTESIAN_POINT('',(-9.60798790171331,-29.0924505405093,34.2929304653562));
#4083=CARTESIAN_POINT('',(-7.44830050306214,-28.9671711987403,35.4358801318256));
#4084=CARTESIAN_POINT('',(-5.28861310441097,-28.8418918569712,36.578829798295));
#4085=CARTESIAN_POINT('',(-3.10073016026868,-28.6607518381774,37.6413376572027));
#4086=CARTESIAN_POINT('',(-0.901339242920533,-28.3384906695264,38.5449561458983));
#4087=CARTESIAN_POINT('',(1.29805167442762,-28.0162295008754,39.4485746345939));
#4088=CARTESIAN_POINT('',(3.50887861887545,-27.5524317268906,40.1922873527203));
#4089=CARTESIAN_POINT('',(5.70817614466154,-26.8640623189355,40.7049175396484));
#4090=CARTESIAN_POINT('',(7.90747367044764,-26.1756929109804,41.2175477265765));
#4091=CARTESIAN_POINT('',(10.0907753763253,-25.2609649263121,41.5));
#4092=CARTESIAN_POINT('',(12.2577401084015,-24.0571778776083,41.5));
#4093=CARTESIAN_POINT('',(-36.4159992311073,-37.1231060122936,18.6666666666667));
#4094=CARTESIAN_POINT('',(-34.7116613181028,-35.4187680992891,18.6666666666667));
#4095=CARTESIAN_POINT('',(-32.9014744165951,-34.0747379270728,18.9798800645468));
#4096=CARTESIAN_POINT('',(-31.0299733651669,-32.9973631922977,19.5267883674349));
#4097=CARTESIAN_POINT('',(-29.1584723137388,-31.9199884575226,20.073696670323));
#4098=CARTESIAN_POINT('',(-27.2244199496677,-31.1072755449435,20.8536009918963));
#4099=CARTESIAN_POINT('',(-25.2492185847951,-30.4669473532768,21.794058278895));
#4100=CARTESIAN_POINT('',(-23.2740172199225,-29.82661916161,22.7345155658938));
#4101=CARTESIAN_POINT('',(-21.2572755774549,-29.3590059186607,23.835928064744));
#4102=CARTESIAN_POINT('',(-19.2172713188367,-28.9826084246154,25.0310807624016));
#4103=CARTESIAN_POINT('',(-17.1772670602184,-28.60621093057,26.2262334600591));
#4104=CARTESIAN_POINT('',(-15.1143704136178,-28.3211137906153,27.5152581725506));
#4105=CARTESIAN_POINT('',(-13.0461929291562,-28.0546868305024,28.8316695432833));
#4106=CARTESIAN_POINT('',(-10.9780154446947,-27.7882598703895,30.148080914016));
#4107=CARTESIAN_POINT('',(-8.90482778404282,-27.5405606394286,31.4919794710186));
#4108=CARTESIAN_POINT('',(-6.8423235252895,-27.2473115473943,32.7949181504376));
#4109=CARTESIAN_POINT('',(-4.77981926653619,-26.9540624553599,34.0978568298565));
#4110=CARTESIAN_POINT('',(-2.72832341919903,-26.6156963133412,35.3597909393528));
#4111=CARTESIAN_POINT('',(-0.697587654635048,-26.1734243867791,36.508895249104));
#4112=CARTESIAN_POINT('',(1.33314810992893,-25.7311524602169,37.6579995588551));
#4113=CARTESIAN_POINT('',(3.34337694739899,-25.1853622472489,38.6932614361243));
#4114=CARTESIAN_POINT('',(5.32703547175704,-24.4747544829274,39.5447507584328));
#4115=CARTESIAN_POINT('',(7.3106939961151,-23.7641467186059,40.3962400807413));
#4116=CARTESIAN_POINT('',(9.26371177155393,-22.8865463988943,41.0632856216764));
#4117=CARTESIAN_POINT('',(11.2013007522236,-21.7896450352603,41.5));
#4118=CARTESIAN_POINT('',(-36.4159992311073,-37.1231060122936,15.3333333333333));
#4119=CARTESIAN_POINT('',(-34.658554374021,-35.3656611552074,15.3333333333333));
#4120=CARTESIAN_POINT('',(-32.7474890841264,-33.9659843904548,15.6459887522233));
#4121=CARTESIAN_POINT('',(-30.7726250060303,-32.8253321044833,16.1972949800956));
#4122=CARTESIAN_POINT('',(-28.7977609279342,-31.6846798185119,16.748601207968));
#4123=CARTESIAN_POINT('',(-26.7579404181013,-30.7989666069365,17.5369411176285));
#4124=CARTESIAN_POINT('',(-24.695617338045,-30.0647707855068,18.4948032251258));
#4125=CARTESIAN_POINT('',(-22.6332942579887,-29.3305749640771,19.4526653326231));
#4126=CARTESIAN_POINT('',(-20.5473307748097,-28.7480980956537,20.5804683416351));
#4127=CARTESIAN_POINT('',(-18.4662967659942,-28.2352383741045,21.8200886497386));
#4128=CARTESIAN_POINT('',(-16.3852627571787,-27.7223786525553,23.0597089578421));
#4129=CARTESIAN_POINT('',(-14.309661000052,-27.2793640813868,24.4114039254398));
#4130=CARTESIAN_POINT('',(-12.2640544379756,-26.8443527329976,25.8198812267094));
#4131=CARTESIAN_POINT('',(-10.2184478758992,-26.4093413846085,27.2283585279791));
#4132=CARTESIAN_POINT('',(-8.20345223034827,-25.9825720877242,28.6938320172966));
#4133=CARTESIAN_POINT('',(-6.23782685781046,-25.5204016503767,30.158187488254));
#4134=CARTESIAN_POINT('',(-4.27220148527265,-25.0582312130293,31.6225429592113));
#4135=CARTESIAN_POINT('',(-2.3569019371833,-24.5616448636673,33.0857515893188));
#4136=CARTESIAN_POINT('',(-0.494170305863627,-23.998383928867,34.4832513752199));
#4137=CARTESIAN_POINT('',(1.36856132545605,-23.4351229940667,35.8807511611209));
#4138=CARTESIAN_POINT('',(3.17903493040322,-22.806462242271,37.2117799740118));
#4139=CARTESIAN_POINT('',(4.95130617964029,-22.0730761510989,38.407358348739));
#4140=CARTESIAN_POINT('',(6.72357742887737,-21.3396900599268,39.6029367234662));
#4141=CARTESIAN_POINT('',(8.45644375495432,-20.4994902417528,40.6609285996329));
#4142=CARTESIAN_POINT('',(10.1750171949303,-19.5067470512748,41.5320378329227));
#4143=CARTESIAN_POINT('',(-36.4159992311073,-37.1231060122936,12.));
#4144=CARTESIAN_POINT('',(-34.6052857862912,-35.3123925674775,12.));
#4145=CARTESIAN_POINT('',(-32.5932604232277,-33.8571040340926,12.3121255918084));
#4146=CARTESIAN_POINT('',(-30.515346180781,-32.6533403287754,12.8677942028429));
#4147=CARTESIAN_POINT('',(-28.4374319383344,-31.4495766234582,13.4234628138773));
#4148=CARTESIAN_POINT('',(-26.2924313886756,-30.4910008583005,14.2201262465532));
#4149=CARTESIAN_POINT('',(-24.1435292582551,-29.6628205073777,15.1952725684377));
#4150=CARTESIAN_POINT('',(-21.9946271278347,-28.834640156455,16.1704188903222));
#4151=CARTESIAN_POINT('',(-19.8399032112614,-28.1369623784458,17.3245034558572));
#4152=CARTESIAN_POINT('',(-17.7182690915209,-27.4871608295324,18.6085939971469));
#4153=CARTESIAN_POINT('',(-15.5966349717803,-26.8373592806191,19.8926845384365));
#4154=CARTESIAN_POINT('',(-13.5087097470787,-26.2358199898999,21.307165354863));
#4155=CARTESIAN_POINT('',(-11.4862758957596,-25.6315852616916,22.8079826515457));
#4156=CARTESIAN_POINT('',(-9.4638420444406,-25.0273505334833,24.3087999482285));
#4157=CARTESIAN_POINT('',(-7.50782108979129,-24.4208475156948,25.8962737978747));
#4158=CARTESIAN_POINT('',(-5.64038439872882,-23.7892194782484,27.522727110986));
#4159=CARTESIAN_POINT('',(-3.77294770766635,-23.157591440802,29.1491804240973));
#4160=CARTESIAN_POINT('',(-1.99562884402081,-22.5024118099398,30.8145409728379));
#4161=CARTESIAN_POINT('',(-0.303576850479725,-21.8183483985223,32.4619327302226));
#4162=CARTESIAN_POINT('',(1.38847514306136,-21.1342849871048,34.1093244876072));
#4163=CARTESIAN_POINT('',(2.99543863080918,-20.4234595240777,35.7380028669535));
#4164=CARTESIAN_POINT('',(4.55213005461516,-19.6698005854131,37.2822306559764));
#4165=CARTESIAN_POINT('',(6.10882147842114,-18.9161416467484,38.8264584449993));
#4166=CARTESIAN_POINT('',(7.61588438752306,-18.1185387343503,40.2843469636994));
#4167=CARTESIAN_POINT('',(9.12151982906097,-17.2377151905138,41.6011879906788));
#4168=CARTESIAN_POINT('',(-36.4159992311073,-37.1231060122936,8.66666666666666));
#4169=CARTESIAN_POINT('',(-34.5520171985613,-35.2591239797477,8.66666666666666));
#4170=CARTESIAN_POINT('',(-32.4390317623289,-33.7482236777304,8.97826243139364));
#4171=CARTESIAN_POINT('',(-30.2580673555317,-32.4813485530675,9.53829342559015));
#4172=CARTESIAN_POINT('',(-28.0771029487346,-31.2144734284046,10.0983244197867));
#4173=CARTESIAN_POINT('',(-25.8269223592498,-30.1830351096644,10.903311375478));
#4174=CARTESIAN_POINT('',(-23.5914411784652,-29.2608702292487,11.8957419117496));
#4175=CARTESIAN_POINT('',(-21.3559599976806,-28.3387053488329,12.8881724480212));
#4176=CARTESIAN_POINT('',(-19.1324756477131,-27.5258266612379,14.0685385700793));
#4177=CARTESIAN_POINT('',(-16.9702414170475,-26.7390832849604,15.3970993445551));
#4178=CARTESIAN_POINT('',(-14.808007186382,-25.9523399086829,16.7256601190309));
#4179=CARTESIAN_POINT('',(-12.7077584941053,-25.192275898413,18.2029267842862));
#4180=CARTESIAN_POINT('',(-10.7084973535436,-24.4188177903856,19.7960840763821));
#4181=CARTESIAN_POINT('',(-8.70923621298199,-23.6453596823582,21.3892413684779));
#4182=CARTESIAN_POINT('',(-6.8121899492343,-22.8591229436654,23.0987155784529));
#4183=CARTESIAN_POINT('',(-5.04294193964718,-22.0580373061201,24.8872667337181));
#4184=CARTESIAN_POINT('',(-3.27369393006005,-21.2569516685747,26.6758178889832));
#4185=CARTESIAN_POINT('',(-1.63435575085832,-20.4431787562122,28.543330356357));
#4186=CARTESIAN_POINT('',(-0.112983395095822,-19.6383128681775,30.4406140852253));
#4187=CARTESIAN_POINT('',(1.40838896066667,-18.8334469801428,32.3378978140935));
#4188=CARTESIAN_POINT('',(2.81184233121515,-18.0404568058844,34.2642257598952));
#4189=CARTESIAN_POINT('',(4.15295392959003,-17.2665250197272,36.1571029632138));
#4190=CARTESIAN_POINT('',(5.49406552796491,-16.4925932335699,38.0499801665324));
#4191=CARTESIAN_POINT('',(6.77532502009179,-15.7375872269478,39.907765327766));
#4192=CARTESIAN_POINT('',(8.06802246319162,-14.9686833297528,41.6703381484349));
#4193=CARTESIAN_POINT('',(-36.4159992311073,-37.1231060122936,5.33333333333333));
#4194=CARTESIAN_POINT('',(-34.4985864916666,-35.2056932728529,5.33333333333333));
#4195=CARTESIAN_POINT('',(-32.2845564685849,-33.6392151180548,5.64442778479113));
#4196=CARTESIAN_POINT('',(-30.0008589567844,-32.3093965500038,6.2087851658339));
#4197=CARTESIAN_POINT('',(-27.7171614449838,-30.9795779819529,6.77314254687666));
#4198=CARTESIAN_POINT('',(-25.3623996840957,-29.8754097170873,7.58633917652691));
#4199=CARTESIAN_POINT('',(-23.0408751423874,-28.8591357700247,8.59593545712485));
#4200=CARTESIAN_POINT('',(-20.7193506006791,-27.8428618229621,9.60553173772279));
#4201=CARTESIAN_POINT('',(-18.4275441603813,-26.9144432025871,10.8120772872188));
#4202=CARTESIAN_POINT('',(-16.2251224239894,-25.990297663054,12.1851109105908));
#4203=CARTESIAN_POINT('',(-14.0227006875975,-25.0661521235208,13.5581445339628));
#4204=CARTESIAN_POINT('',(-11.9105019536285,-24.146991692998,15.098305711029));
#4205=CARTESIAN_POINT('',(-9.93502480658314,-23.2037306723409,16.7840434172838));
#4206=CARTESIAN_POINT('',(-7.95954765953781,-22.2604696516838,18.4697811235386));
#4207=CARTESIAN_POINT('',(-6.12228698417598,-21.2939140831875,20.3016278735419));
#4208=CARTESIAN_POINT('',(-4.4525806935487,-20.3229855331682,22.2528115296735));
#4209=CARTESIAN_POINT('',(-2.78287440292143,-19.3520569831489,24.2039951858051));
#4210=CARTESIAN_POINT('',(-1.28335341233517,-18.3795363604441,26.2743295220372));
#4211=CARTESIAN_POINT('',(0.064634831229782,-17.4544339269018,28.4224044944696));
#4212=CARTESIAN_POINT('',(1.41262307479473,-16.5293314933596,30.5704794669021));
#4213=CARTESIAN_POINT('',(2.60898310827294,-15.6554454142011,32.7954373634272));
#4214=CARTESIAN_POINT('',(3.72990510106376,-14.8643535974002,35.0389748146693));
#4215=CARTESIAN_POINT('',(4.85082709385459,-14.0732617805994,37.2825122659115));
#4216=CARTESIAN_POINT('',(5.89952312516981,-13.3660494854243,39.5434185946488));
#4217=CARTESIAN_POINT('',(6.97804273703303,-12.7182401535516,41.7590738370676));
#4218=CARTESIAN_POINT('',(-36.4159992311073,-37.1231060122936,2.));
#4219=CARTESIAN_POINT('',(-34.4450305829412,-35.1521373641275,2.));
#4220=CARTESIAN_POINT('',(-32.1299185697485,-33.5301198227916,2.31061207140773));
#4221=CARTESIAN_POINT('',(-29.7436973464709,-32.1374712627234,2.87927191993016));
#4222=CARTESIAN_POINT('',(-27.3574761231932,-30.7448227026551,3.44793176845259));
#4223=CARTESIAN_POINT('',(-24.8985058008089,-29.5680343728456,4.26926735355146));
#4224=CARTESIAN_POINT('',(-22.4913356576604,-28.4576504367995,5.29593050862401));
#4225=CARTESIAN_POINT('',(-20.084165514512,-27.3472665007534,6.32259366369656));
#4226=CARTESIAN_POINT('',(-17.7244417102846,-26.3032031789765,7.55520368665552));
#4227=CARTESIAN_POINT('',(-15.4823240027437,-25.2415122222042,8.97259848328969));
#4228=CARTESIAN_POINT('',(-13.2402062952028,-24.179821265432,10.3899932799239));
#4229=CARTESIAN_POINT('',(-11.1166250380004,-23.1013784153842,11.992951138546));
#4230=CARTESIAN_POINT('',(-9.16572128254527,-21.9882785140247,13.7711186245074));
#4231=CARTESIAN_POINT('',(-7.21481752709015,-20.8751786126651,15.5492861104688));
#4232=CARTESIAN_POINT('',(-5.4383330952292,-19.7284169703704,17.5033197428014));
#4233=CARTESIAN_POINT('',(-3.86938193214741,-18.5881828701312,19.6166907949248));
#4234=CARTESIAN_POINT('',(-2.30043076906562,-17.4479487698921,21.7300618470482));
#4235=CARTESIAN_POINT('',(-0.942085648898824,-16.3176590577531,24.0025427748112));
#4236=CARTESIAN_POINT('',(0.2311727137973,-15.2737814184539,26.4000370174213));
#4237=CARTESIAN_POINT('',(1.40443107649342,-14.2299037791547,28.7975312600314));
#4238=CARTESIAN_POINT('',(2.39252958292407,-13.2770667413554,31.3190581507847));
#4239=CARTESIAN_POINT('',(3.29179146301963,-12.4705361268468,33.9098731631265));
#4240=CARTESIAN_POINT('',(4.19105334311519,-11.6640055123381,36.5006881754683));
#4241=CARTESIAN_POINT('',(5.0055430435613,-11.0056306567898,39.159553414442));
#4242=CARTESIAN_POINT('',(5.86474839409268,-10.4796763638143,41.823620909119));
#4243=CARTESIAN_POINT('',(-37.1231060122939,-36.4159992311071,2.));
#4244=CARTESIAN_POINT('',(-35.0698252865588,-34.362718505372,2.));
#4245=CARTESIAN_POINT('',(-32.6814244631592,-32.694194644179,2.31043712185493));
#4246=CARTESIAN_POINT('',(-30.2487337514058,-31.2743911243037,2.88483108855836));
#4247=CARTESIAN_POINT('',(-27.8160430396525,-29.8545876044284,3.45922505526179));
#4248=CARTESIAN_POINT('',(-25.333303294044,-28.6676508133998,4.29171558208898));
#4249=CARTESIAN_POINT('',(-22.9231288889196,-27.5564674882385,5.3336650903984));
#4250=CARTESIAN_POINT('',(-20.5129544837952,-26.4452841630772,6.37561459870782));
#4251=CARTESIAN_POINT('',(-18.1685968348006,-25.4092513572828,7.62794873794497));
#4252=CARTESIAN_POINT('',(-15.956496846028,-24.3661551458915,9.06699182861078));
#4253=CARTESIAN_POINT('',(-13.7443968572554,-23.3230589345002,10.5060349192766));
#4254=CARTESIAN_POINT('',(-11.6638197761595,-22.2732005577253,12.1331762782429));
#4255=CARTESIAN_POINT('',(-9.76315664435488,-21.2033335552203,13.9352295629213));
#4256=CARTESIAN_POINT('',(-7.86249351255025,-20.1334665527154,15.7372828475997));
#4257=CARTESIAN_POINT('',(-6.14225140549966,-19.044013244755,17.7155160018936));
#4258=CARTESIAN_POINT('',(-4.62694881681632,-17.9786323676781,19.8502300854354));
#4259=CARTESIAN_POINT('',(-3.11164622813298,-16.9132514906012,21.9849441689773));
#4260=CARTESIAN_POINT('',(-1.80247855921536,-15.8738683749395,24.2771621763577));
#4261=CARTESIAN_POINT('',(-0.663888733606392,-14.9357148737118,26.6908565777982));
#4262=CARTESIAN_POINT('',(0.474701092002579,-13.9975613724842,29.1045509792387));
#4263=CARTESIAN_POINT('',(1.4434117805214,-13.1638385453091,31.6402757977752));
#4264=CARTESIAN_POINT('',(2.34874087159705,-12.4864087782717,34.2421435965904));
#4265=CARTESIAN_POINT('',(3.2540699626727,-11.8089790112342,36.8440113954055));
#4266=CARTESIAN_POINT('',(4.10051024689918,-11.2904328333309,39.5123829242961));
#4267=CARTESIAN_POINT('',(5.03102059115314,-10.9044817496153,42.176379090881));
#4268=CARTESIAN_POINT('',(-37.1231060122939,-36.4159992311071,5.33333333333333));
#4269=CARTESIAN_POINT('',(-35.1264542789025,-34.4193474977157,5.33333333333333));
#4270=CARTESIAN_POINT('',(-32.838652708892,-32.8047484087152,5.64394654292775));
#4271=CARTESIAN_POINT('',(-30.5051370361821,-31.4458731968667,6.21442567457321));
#4272=CARTESIAN_POINT('',(-28.1716213634722,-30.0869979850182,6.78490480621866));
#4273=CARTESIAN_POINT('',(-25.7876224863289,-28.9703872976502,7.61031326984013));
#4274=CARTESIAN_POINT('',(-23.4573072056844,-27.9507346461046,8.63706087539382));
#4275=CARTESIAN_POINT('',(-21.1269919250398,-26.931081994559,9.66380848094752));
#4276=CARTESIAN_POINT('',(-18.8446273381058,-26.0078540982889,10.892633066615));
#4277=CARTESIAN_POINT('',(-16.6668792858996,-25.0985765001381,12.2905893493263));
#4278=CARTESIAN_POINT('',(-14.4891312336934,-24.1892989019873,13.6885456320376));
#4279=CARTESIAN_POINT('',(-12.4153244186204,-23.2942403920649,15.2568004696284));
#4280=CARTESIAN_POINT('',(-10.4869022256639,-22.3889387630516,16.9712467389068));
#4281=CARTESIAN_POINT('',(-8.5584800327073,-21.4836371340384,18.6856930081851));
#4282=CARTESIAN_POINT('',(-6.77582165819878,-20.5684677025151,20.5474019137039));
#4283=CARTESIAN_POINT('',(-5.16011478005048,-19.6667940271287,22.52691420396));
#4284=CARTESIAN_POINT('',(-3.54440790190218,-18.7651203517422,24.5064264942162));
#4285=CARTESIAN_POINT('',(-2.09657841775289,-17.8786133374687,26.6045912706035));
#4286=CARTESIAN_POINT('',(-0.786880471002525,-17.0570907794469,28.7783401682132));
#4287=CARTESIAN_POINT('',(0.522817475747836,-16.2355682214252,30.952089065823));
#4288=CARTESIAN_POINT('',(1.69500068768444,-15.4817566113332,33.2019242603728));
#4289=CARTESIAN_POINT('',(2.8199977447577,-14.8257633232816,35.4679141517614));
#4290=CARTESIAN_POINT('',(3.94499480183096,-14.16977003523,37.73390404315));
#4291=CARTESIAN_POINT('',(5.02672465589545,-13.6142096971725,40.0165283542996));
#4292=CARTESIAN_POINT('',(6.187678120139,-13.1209509001758,42.2409261629324));
#4293=CARTESIAN_POINT('',(-37.1231060122939,-36.4159992311071,8.66666666666666));
#4294=CARTESIAN_POINT('',(-35.1832084730769,-34.4761016918901,8.66666666666666));
#4295=CARTESIAN_POINT('',(-32.9960435597173,-32.9153889088388,8.97743703078148));
#4296=CARTESIAN_POINT('',(-30.7614935325245,-31.6173285536463,9.54402524673553));
#4297=CARTESIAN_POINT('',(-28.5269435053317,-30.3192681984539,10.1106134626896));
#4298=CARTESIAN_POINT('',(-26.2413128867465,-29.272873733565,10.9290105816157));
#4299=CARTESIAN_POINT('',(-23.9904589710983,-28.3447526779718,11.9406551542654));
#4300=CARTESIAN_POINT('',(-21.7396050554501,-27.4166316223786,12.9522997269151));
#4301=CARTESIAN_POINT('',(-19.5188288041759,-26.6063134042547,14.1577297129877));
#4302=CARTESIAN_POINT('',(-17.3749411539588,-25.8309976733279,15.5147108633785));
#4303=CARTESIAN_POINT('',(-15.2310535037417,-25.0556819424011,16.8716920137694));
#4304=CARTESIAN_POINT('',(-13.1634494362326,-24.3156092986033,18.3811581602397));
#4305=CARTESIAN_POINT('',(-11.2064787840502,-23.5749090111545,20.0081480485704));
#4306=CARTESIAN_POINT('',(-9.24950813186783,-22.8342087237057,21.6351379369011));
#4307=CARTESIAN_POINT('',(-7.40344283478635,-22.0932104126143,23.3805082513438));
#4308=CARTESIAN_POINT('',(-5.68611825858746,-21.3547065766642,25.2052638531887));
#4309=CARTESIAN_POINT('',(-3.96879368238857,-20.6162027407141,27.0300194550337));
#4310=CARTESIAN_POINT('',(-2.38094370120361,-19.8815932069206,28.9348062777555));
#4311=CARTESIAN_POINT('',(-0.898791864640572,-19.1752402523544,30.869981644921));
#4312=CARTESIAN_POINT('',(0.583359971922463,-18.4688872977881,32.8051570120866));
#4313=CARTESIAN_POINT('',(1.96018389725415,-17.7930419585197,34.7711635391448));
#4314=CARTESIAN_POINT('',(3.30631942743622,-17.156763916518,36.7046582099308));
#4315=CARTESIAN_POINT('',(4.6524549576183,-16.5204858745164,38.6381528807168));
#4316=CARTESIAN_POINT('',(5.97111725157825,-15.9268676481249,40.5401922313928));
#4317=CARTESIAN_POINT('',(7.36765026590662,-15.3255406642725,42.3296618515651));
#4318=CARTESIAN_POINT('',(-37.1231060122939,-36.4159992311071,12.));
#4319=CARTESIAN_POINT('',(-35.2401247864161,-34.5330180052294,12.));
#4320=CARTESIAN_POINT('',(-33.1536810433878,-33.0261576122759,12.3108990048229));
#4321=CARTESIAN_POINT('',(-31.017779602365,-31.7887441377818,12.8736323014014));
#4322=CARTESIAN_POINT('',(-28.8818781613422,-30.5513306632877,13.4363655979799));
#4323=CARTESIAN_POINT('',(-26.6940169328925,-29.575019813421,14.247865221267));
#4324=CARTESIAN_POINT('',(-24.5220886928001,-28.738554890934,15.2445252310735));
#4325=CARTESIAN_POINT('',(-22.3501604527078,-27.9020899684469,16.24118524088));
#4326=CARTESIAN_POINT('',(-20.1905341940296,-27.2050204516635,17.423322756443));
#4327=CARTESIAN_POINT('',(-18.0800943406029,-26.5641269238522,18.7393261588034));
#4328=CARTESIAN_POINT('',(-15.9696544871761,-25.9232333960408,20.0553295611637));
#4329=CARTESIAN_POINT('',(-13.9078797413482,-25.3387183190698,21.5058983535315));
#4330=CARTESIAN_POINT('',(-11.9217493471811,-24.763198905996,23.0451914421686));
#4331=CARTESIAN_POINT('',(-9.93561895301392,-24.1876794929221,24.5844845308057));
#4332=CARTESIAN_POINT('',(-8.02533583587526,-23.6214374111622,26.2131440744728));
#4333=CARTESIAN_POINT('',(-6.20504052414127,-23.0464887270234,27.8826083291941));
#4334=CARTESIAN_POINT('',(-4.38474521240727,-22.4715400428846,29.5520725839154));
#4335=CARTESIAN_POINT('',(-2.65503823001499,-21.8889824184132,31.2628115027465));
#4336=CARTESIAN_POINT('',(-0.997728029220322,-21.2972331361927,32.9585140673872));
#4337=CARTESIAN_POINT('',(0.659582171574342,-20.7054838539721,34.6542166320279));
#4338=CARTESIAN_POINT('',(2.24463003017203,-20.1063359791962,36.3354141073265));
#4339=CARTESIAN_POINT('',(3.81651381361587,-19.4866603663955,37.934402723882));
#4340=CARTESIAN_POINT('',(5.38839759705972,-18.8669847535949,39.5333913404376));
#4341=CARTESIAN_POINT('',(6.95075237475177,-18.2301118331985,41.0516212056696));
#4342=CARTESIAN_POINT('',(8.58410477196348,-17.5115417438093,42.3988120093212));
#4343=CARTESIAN_POINT('',(-37.1231060122939,-36.4159992311071,15.3333333333333));
#4344=CARTESIAN_POINT('',(-35.2970410997554,-34.5899343185686,15.3333333333333));
#4345=CARTESIAN_POINT('',(-33.3113185270584,-33.1369263157131,15.6443609788643));
#4346=CARTESIAN_POINT('',(-31.2740656722056,-31.9601597219173,16.2032393560672));
#4347=CARTESIAN_POINT('',(-29.2368128173527,-30.7833931281215,16.7621177332702));
#4348=CARTESIAN_POINT('',(-27.1467209790384,-29.877165893277,17.5667198609183));
#4349=CARTESIAN_POINT('',(-25.053718414502,-29.1323571038961,18.5483953078817));
#4350=CARTESIAN_POINT('',(-22.9607158499655,-28.3875483145152,19.530070754845));
#4351=CARTESIAN_POINT('',(-20.8622395838833,-27.8037274990723,20.6889157998984));
#4352=CARTESIAN_POINT('',(-18.7852475272469,-27.2972561743764,21.9639414542282));
#4353=CARTESIAN_POINT('',(-16.7082554706106,-26.7907848496806,23.238967108558));
#4354=CARTESIAN_POINT('',(-14.6523100464639,-26.3618273395364,24.6306385468232));
#4355=CARTESIAN_POINT('',(-12.637019910312,-25.9514888008375,26.0822348357668));
#4356=CARTESIAN_POINT('',(-10.62172977416,-25.5411502621386,27.5338311247104));
#4357=CARTESIAN_POINT('',(-8.64722883696418,-25.14966440971,29.0457798976018));
#4358=CARTESIAN_POINT('',(-6.72396278969508,-24.7382708773825,30.5599528051994));
#4359=CARTESIAN_POINT('',(-4.80069674242598,-24.3268773450551,32.0741257127971));
#4360=CARTESIAN_POINT('',(-2.92913275882636,-23.8963716299058,33.5908167277374));
#4361=CARTESIAN_POINT('',(-1.09666419380007,-23.419226020031,35.0470464898533));
#4362=CARTESIAN_POINT('',(0.73580437122622,-22.9420804101562,36.5032762519691));
#4363=CARTESIAN_POINT('',(2.5290761630899,-22.4196299998727,37.8996646755082));
#4364=CARTESIAN_POINT('',(4.32670819979553,-21.816556816273,39.1641472378333));
#4365=CARTESIAN_POINT('',(6.12434023650115,-21.2134836326734,40.4286298001583));
#4366=CARTESIAN_POINT('',(7.93038749792528,-20.533356018272,41.5630501799465));
#4367=CARTESIAN_POINT('',(9.80055927802034,-19.6975428233461,42.4679621670773));
#4368=CARTESIAN_POINT('',(-37.1231060122939,-36.4159992311071,18.6666666666667));
#4369=CARTESIAN_POINT('',(-35.3541190567427,-34.647012275556,18.6666666666667));
#4370=CARTESIAN_POINT('',(-33.469199339159,-33.2478218388943,18.9777948009969));
#4371=CARTESIAN_POINT('',(-31.5302822081587,-32.1315359939463,19.5328538006465));
#4372=CARTESIAN_POINT('',(-29.5913650771585,-31.0152501489982,20.087912800296));
#4373=CARTESIAN_POINT('',(-27.5984545230438,-30.1789687837621,20.8857294973771));
#4374=CARTESIAN_POINT('',(-25.5838349692436,-29.5259330272174,21.8525409876087));
#4375=CARTESIAN_POINT('',(-23.5692154154434,-28.8728972706727,22.8193524778403));
#4376=CARTESIAN_POINT('',(-21.53142773464,-28.4026624406819,23.9550140060228));
#4377=CARTESIAN_POINT('',(-19.4874538355218,-28.0310929189618,25.1890592895819));
#4378=CARTESIAN_POINT('',(-17.4434799364036,-27.6595233972417,26.4231045731409));
#4379=CARTESIAN_POINT('',(-15.3929821909871,-27.3867307422613,27.7557630635808));
#4380=CARTESIAN_POINT('',(-13.3479305244782,-27.1422120694803,29.1193884879548));
#4381=CARTESIAN_POINT('',(-11.3028788579692,-26.8976933966993,30.4830139123287));
#4382=CARTESIAN_POINT('',(-9.26337742491553,-26.6816274285827,31.8778264864305));
#4383=CARTESIAN_POINT('',(-7.23583084685149,-26.4343253028525,33.2360269962891));
#4384=CARTESIAN_POINT('',(-5.20828426878745,-26.1870231771223,34.5942275061477));
#4385=CARTESIAN_POINT('',(-3.19307889878451,-25.908942445452,35.9159932191753));
#4386=CARTESIAN_POINT('',(-1.1827764649923,-25.546213976302,37.1312536834326));
#4387=CARTESIAN_POINT('',(0.827525968799905,-25.1834855071521,38.3465141476899));
#4388=CARTESIAN_POINT('',(2.83277657860605,-24.7370267337646,39.4562108886357));
#4389=CARTESIAN_POINT('',(4.86034941888356,-24.148050500008,40.3816270348533));
#4390=CARTESIAN_POINT('',(6.88792225916108,-23.5590742662514,41.307043181071));
#4391=CARTESIAN_POINT('',(8.94331397193046,-22.8304955536065,42.0487037681133));
#4392=CARTESIAN_POINT('',(11.0442275926532,-21.8696777796584,42.5));
#4393=CARTESIAN_POINT('',(-37.1231060122939,-36.4159992311071,22.));
#4394=CARTESIAN_POINT('',(-35.4114115153163,-34.7043047341295,22.));
#4395=CARTESIAN_POINT('',(-33.6274751992959,-33.3589161091147,22.3111833500799));
#4396=CARTESIAN_POINT('',(-31.7863869785889,-32.3028500160492,22.8624800750284));
#4397=CARTESIAN_POINT('',(-29.945298757882,-31.2467839229838,23.4137767999769));
#4398=CARTESIAN_POINT('',(-28.0485433551648,-30.4803288664786,24.2050016960657));
#4399=CARTESIAN_POINT('',(-26.1116500446213,-29.9194674190104,25.1570693796798));
#4400=CARTESIAN_POINT('',(-24.1747567340778,-29.3586059715421,26.1091370632939));
#4401=CARTESIAN_POINT('',(-22.197420251029,-29.0027189316932,27.2216171495586));
#4402=CARTESIAN_POINT('',(-20.1865263189109,-28.7668530400445,28.4144420514241));
#4403=CARTESIAN_POINT('',(-18.1756323867928,-28.5309871483959,29.6072669532897));
#4404=CARTESIAN_POINT('',(-16.1309085014843,-28.4151773834415,30.880456751352));
#4405=CARTESIAN_POINT('',(-14.0564148635628,-28.3373275086429,32.1553975919596));
#4406=CARTESIAN_POINT('',(-11.9819212256412,-28.2594776338443,33.4303384325672));
#4407=CARTESIAN_POINT('',(-9.87774144889093,-28.2196890980791,34.7070695346438));
#4408=CARTESIAN_POINT('',(-7.7462185937143,-28.1374299739939,35.9078698681744));
#4409=CARTESIAN_POINT('',(-5.61469573853767,-28.0551708499087,37.108670201705));
#4410=CARTESIAN_POINT('',(-3.45603977968873,-27.930509185836,38.2336623427973));
#4411=CARTESIAN_POINT('',(-1.26855449667047,-27.6831761077378,39.2050438541017));
#4412=CARTESIAN_POINT('',(0.918930786347783,-27.4358430296397,40.1764253654061));
#4413=CARTESIAN_POINT('',(3.13531733964151,-27.0662539929927,40.9952126472798));
#4414=CARTESIAN_POINT('',(5.38857925718385,-26.4919146795632,41.5763324603516));
#4415=CARTESIAN_POINT('',(7.64184117472619,-25.9175753661338,42.1574522734235));
#4416=CARTESIAN_POINT('',(9.93644485776388,-25.1402727186647,42.5));
#4417=CARTESIAN_POINT('',(12.2577401084015,-24.0571778776083,42.5));
#4418=CARTESIAN_POINT('',(11.2681017667715,-4.15316421418439,42.176379090881));
#4419=CARTESIAN_POINT('',(11.5572535809093,-3.26324686207761,41.823620909119));
#4420=CARTESIAN_POINT('',(11.2681017621507,-4.15316422535494,42.1763790589131));
#4421=CARTESIAN_POINT('',(11.5572535780816,-3.26324687383108,41.8236208771502));
#4422=CARTESIAN_POINT('',(11.2681017667715,-4.15316421418439,42.176379090881));
#4423=CARTESIAN_POINT('',(12.460677916649,-4.52786287905129,42.2086525125815));
#4424=CARTESIAN_POINT('',(13.6549458049621,-4.89738356934826,42.2456240296929));
#4425=CARTESIAN_POINT('',(16.0492411427892,-5.61867019326829,42.3234902249165));
#4426=CARTESIAN_POINT('',(17.2494589021203,-5.96986474301574,42.3642369304431));
#4427=CARTESIAN_POINT('',(19.6553583193797,-6.65543769979961,42.4333870881992));
#4428=CARTESIAN_POINT('',(20.8609087739776,-6.99021990897236,42.4608775073093));
#4429=CARTESIAN_POINT('',(23.2713921639082,-7.66168485528471,42.4939526906972));
#4430=CARTESIAN_POINT('',(24.476093830902,-7.9991083132504,42.5));
#4431=CARTESIAN_POINT('',(25.6785247661408,-8.34346246079475,42.5));
#4432=CARTESIAN_POINT('',(25.6785247589262,-8.34346245872861,42.5));
#4433=CARTESIAN_POINT('',(25.6785247661408,-8.34346246079475,42.5));
#4434=CARTESIAN_POINT('',(25.6785247661408,-8.34346246079475,41.5));
#4435=CARTESIAN_POINT('',(25.6785247590896,-8.34346245822563,41.5));
#4436=CARTESIAN_POINT('',(11.5572535809093,-3.26324686207761,41.823620909119));
#4437=CARTESIAN_POINT('',(16.2974968112926,-4.85461817506194,41.6945267650162));
#4438=CARTESIAN_POINT('',(20.9777182020344,-6.63071762735129,41.5));
#4439=CARTESIAN_POINT('',(25.6785247661408,-8.34346246079475,41.5));
#4440=CARTESIAN_POINT('',(25.6785247661408,-8.34346246079475,41.5));
#4441=CARTESIAN_POINT('',(24.5033315359589,-7.9152793169358,41.5));
#4442=CARTESIAN_POINT('',(23.3303750042733,-7.48015442541687,41.5060473093028));
#4443=CARTESIAN_POINT('',(20.9855760301038,-6.6065337308413,41.5391224926906));
#4444=CARTESIAN_POINT('',(19.8134853026516,-6.1687731195701,41.5666129118008));
#4445=CARTESIAN_POINT('',(17.4641023558108,-5.30926043546605,41.6357630695569));
#4446=CARTESIAN_POINT('',(16.2866789330918,-4.88791216476954,41.6765097750835));
#4447=CARTESIAN_POINT('',(13.9256919068188,-4.06411314780165,41.7543759703071));
#4448=CARTESIAN_POINT('',(12.7423101905656,-3.66108828101192,41.7913474874185));
#4449=CARTESIAN_POINT('',(11.5572535809093,-3.26324686207761,41.823620909119));
#4450=CARTESIAN_POINT('',(25.6785247661408,-8.34346246079475,42.5));
#4451=CARTESIAN_POINT('',(24.476093830902,-7.9991083132504,42.5));
#4452=CARTESIAN_POINT('',(23.2713921639082,-7.66168485528471,42.4939526906972));
#4453=CARTESIAN_POINT('',(20.8609087739776,-6.99021990897236,42.4608775073093));
#4454=CARTESIAN_POINT('',(19.6553583193797,-6.65543769979961,42.4333870881992));
#4455=CARTESIAN_POINT('',(17.2494589021203,-5.96986474301574,42.3642369304431));
#4456=CARTESIAN_POINT('',(16.0492411427892,-5.61867019326829,42.3234902249165));
#4457=CARTESIAN_POINT('',(13.6549458049621,-4.89738356934826,42.2456240296929));
#4458=CARTESIAN_POINT('',(12.460677916649,-4.52786287905129,42.2086525125815));
#4459=CARTESIAN_POINT('',(11.2681017667715,-4.15316421418439,42.176379090881));
#4460=CARTESIAN_POINT('',(25.6785247661408,-8.34346246079475,42.5));
#4461=CARTESIAN_POINT('',(25.2407159115693,-9.5472030790549,42.5));
#4462=CARTESIAN_POINT('',(24.7526180732301,-10.6923234590248,42.4144453763103));
#4463=CARTESIAN_POINT('',(23.7005337904604,-12.8800107199541,42.0977655367052));
#4464=CARTESIAN_POINT('',(23.1365022294783,-13.922603580363,41.8668923668875));
#4465=CARTESIAN_POINT('',(21.3557358917949,-16.9217275877303,40.9952126472798));
#4466=CARTESIAN_POINT('',(20.0498528442955,-18.7502884633603,40.1764253654061));
#4467=CARTESIAN_POINT('',(17.3060632830294,-22.1936416115661,38.2336623427973));
#4468=CARTESIAN_POINT('',(15.8678121242984,-23.8081909863368,37.108670201705));
#4469=CARTESIAN_POINT('',(12.9697155629096,-26.9389514855461,34.7070695346438));
#4470=CARTESIAN_POINT('',(11.5099705173869,-28.4549660179748,33.4303384325672));
#4471=CARTESIAN_POINT('',(8.68628982835077,-31.4988394045494,30.880456751352));
#4472=CARTESIAN_POINT('',(7.32234157352195,-33.026567399632,29.6072669532897));
#4473=CARTESIAN_POINT('',(4.8120728450975,-36.2039656137979,27.2216171495586));
#4474=CARTESIAN_POINT('',(3.6655349484597,-37.8538037888628,26.1091370632939));
#4475=CARTESIAN_POINT('',(1.71953202544122,-41.386162443125,24.2050016960657));
#4476=CARTESIAN_POINT('',(0.920288985857158,-43.2693366185681,23.413776799977));
#4477=CARTESIAN_POINT('',(-0.189899953816476,-47.3665315413927,22.3111833500799));
#4478=CARTESIAN_POINT('',(-0.500000000000184,-49.5795219653689,22.));
#4479=CARTESIAN_POINT('',(-0.500000000000194,-52.,22.));
#4480=CARTESIAN_POINT('',(-0.500000000000194,-52.,21.99999999));
#4481=CARTESIAN_POINT('',(-0.500000000000194,-52.,22.));
#4482=CARTESIAN_POINT('',(0.499999999999806,-52.,22.));
#4483=CARTESIAN_POINT('',(0.499999999999806,-52.,22.));
#4484=CARTESIAN_POINT('',(25.6785247661408,-8.34346246079475,41.5));
#4485=CARTESIAN_POINT('',(24.3163858233406,-13.1104253445673,41.5));
#4486=CARTESIAN_POINT('',(22.0556581791366,-17.1095274322261,40.3521931232895));
#4487=CARTESIAN_POINT('',(16.7463334812536,-24.2418365914389,36.7377191685071));
#4488=CARTESIAN_POINT('',(13.7282122745806,-27.373424031206,34.2947207268252));
#4489=CARTESIAN_POINT('',(5.27527483330768,-36.6637866523274,26.9443657704707));
#4490=CARTESIAN_POINT('',(0.499999999999843,-42.6580136723466,22.));
#4491=CARTESIAN_POINT('',(0.499999999999806,-52.,22.));
#4492=CARTESIAN_POINT('',(0.499999999999806,-52.,22.));
#4493=CARTESIAN_POINT('',(0.499999999999815,-49.6642798804527,22.));
#4494=CARTESIAN_POINT('',(0.797777680572657,-47.5446984858858,22.3138166499201));
#4495=CARTESIAN_POINT('',(1.86380482759326,-43.6111095685978,23.398723200023));
#4496=CARTESIAN_POINT('',(2.63290014794688,-41.7960717224712,24.1699983039343));
#4497=CARTESIAN_POINT('',(4.528739757653,-38.3534732562702,26.0158629367061));
#4498=CARTESIAN_POINT('',(5.6557060338021,-36.7265663324415,27.0908828504414));
#4499=CARTESIAN_POINT('',(8.14231664346875,-33.559048397199,29.3927330467103));
#4500=CARTESIAN_POINT('',(9.50174355394411,-32.0186053417667,30.619543248648));
#4501=CARTESIAN_POINT('',(12.3193893677017,-28.9218178013929,33.0696615674328));
#4502=CARTESIAN_POINT('',(13.7775956596686,-27.3653424573882,34.2929304653562));
#4503=CARTESIAN_POINT('',(16.6546831251124,-24.1339115035145,36.578829798295));
#4504=CARTESIAN_POINT('',(18.0736646557244,-22.4587593016357,37.6413376572027));
#4505=CARTESIAN_POINT('',(20.7283270046659,-18.8926047220293,39.4485746345939));
#4506=CARTESIAN_POINT('',(21.963663178031,-17.0013594464964,40.1922873527202));
#4507=CARTESIAN_POINT('',(23.5662444550366,-13.9385261405116,40.9612326331125));
#4508=CARTESIAN_POINT('',(24.0585818961829,-12.8800918820351,41.1600469632948));
#4509=CARTESIAN_POINT('',(24.9444966929259,-10.6783639337036,41.4293046236897));
#4510=CARTESIAN_POINT('',(25.3380193386511,-9.53510061426388,41.5));
#4511=CARTESIAN_POINT('',(25.6785247661408,-8.34346246079475,41.5));
#4512=CARTESIAN_POINT('',(-0.500000000000194,-52.,22.));
#4513=CARTESIAN_POINT('',(-0.500000000000184,-49.5795219653689,22.));
#4514=CARTESIAN_POINT('',(-0.189899953816476,-47.3665315413927,22.3111833500799));
#4515=CARTESIAN_POINT('',(0.920288985857158,-43.2693366185681,23.413776799977));
#4516=CARTESIAN_POINT('',(1.71953202544122,-41.386162443125,24.2050016960657));
#4517=CARTESIAN_POINT('',(3.6655349484597,-37.8538037888628,26.1091370632939));
#4518=CARTESIAN_POINT('',(4.8120728450975,-36.2039656137979,27.2216171495586));
#4519=CARTESIAN_POINT('',(7.32234157352195,-33.026567399632,29.6072669532897));
#4520=CARTESIAN_POINT('',(8.68628982835077,-31.4988394045494,30.880456751352));
#4521=CARTESIAN_POINT('',(11.5099705173869,-28.4549660179748,33.4303384325672));
#4522=CARTESIAN_POINT('',(12.9697155629096,-26.9389514855461,34.7070695346438));
#4523=CARTESIAN_POINT('',(15.8678121242984,-23.8081909863368,37.108670201705));
#4524=CARTESIAN_POINT('',(17.3060632830294,-22.1936416115661,38.2336623427973));
#4525=CARTESIAN_POINT('',(20.0498528442955,-18.7502884633603,40.1764253654061));
#4526=CARTESIAN_POINT('',(21.3557358917949,-16.9217275877303,40.9952126472798));
#4527=CARTESIAN_POINT('',(23.1365022294783,-13.922603580363,41.8668923668875));
#4528=CARTESIAN_POINT('',(23.7005337904604,-12.8800107199541,42.0977655367052));
#4529=CARTESIAN_POINT('',(24.7526180732301,-10.6923234590248,42.4144453763103));
#4530=CARTESIAN_POINT('',(25.2407159115693,-9.5472030790549,42.5));
#4531=CARTESIAN_POINT('',(25.6785247661408,-8.34346246079475,42.5));
#4532=CARTESIAN_POINT('',(-0.500000000000194,-52.,21.99999999));
#4533=CARTESIAN_POINT('',(-0.500000000000194,-52.,15.3333333266667));
#4534=CARTESIAN_POINT('',(-0.500000000000194,-52.,8.66666666333333));
#4535=CARTESIAN_POINT('',(-0.500000000000194,-52.,2.));
#4536=CARTESIAN_POINT('',(-0.500000000000194,-52.,2.));
#4537=CARTESIAN_POINT('',(-0.500000000000194,-52.,2.));
#4538=CARTESIAN_POINT('',(-0.166666666666861,-52.,2.));
#4539=CARTESIAN_POINT('',(0.166666666666472,-52.,2.));
#4540=CARTESIAN_POINT('',(0.499999999999806,-52.,2.));
#4541=CARTESIAN_POINT('',(0.499999999999806,-52.,2.));
#4542=CARTESIAN_POINT('',(0.499999999999806,-52.,22.));
#4543=CARTESIAN_POINT('',(0.499999999999806,-52.,15.3333333333333));
#4544=CARTESIAN_POINT('',(0.499999999999806,-52.,8.66666666666666));
#4545=CARTESIAN_POINT('',(0.499999999999806,-52.,2.));
#4546=CARTESIAN_POINT('',(0.499999999999806,-52.,22.));
#4547=CARTESIAN_POINT('',(-0.500000000000194,-52.,2.));
#4548=CARTESIAN_POINT('',(-0.500000000000189,-50.5476431645252,2.));
#4549=CARTESIAN_POINT('',(-0.372858524627212,-49.1007104586209,2.07637944839193));
#4550=CARTESIAN_POINT('',(0.0609281546000865,-46.2599094677409,2.37541027767362));
#4551=CARTESIAN_POINT('',(0.367139582573066,-44.8654811972343,2.59763410520665));
#4552=CARTESIAN_POINT('',(1.08335898452705,-42.1413564015677,3.17202807191008));
#4553=CARTESIAN_POINT('',(1.49354968106147,-40.8110221140254,3.52424331855473));
#4554=CARTESIAN_POINT('',(2.36024389920503,-38.210441645569,4.34452100570905));
#4555=CARTESIAN_POINT('',(2.81700244244039,-36.9394528748827,4.81269033624369));
#4556=CARTESIAN_POINT('',(3.73552784378313,-34.449476944814,5.85463984455311));
#4557=CARTESIAN_POINT('',(4.19750885884183,-33.2299119823254,6.42854067523248));
#4558=CARTESIAN_POINT('',(5.09626764696312,-30.8370665899187,7.67489127273731));
#4559=CARTESIAN_POINT('',(5.53322116218572,-29.6633063125258,8.34747028327788));
#4560=CARTESIAN_POINT('',(6.35983166040473,-27.3615350052972,9.78651337394369));
#4561=CARTESIAN_POINT('',(6.74963877390597,-26.2330763717844,10.5531229682174));
#4562=CARTESIAN_POINT('',(7.46751105619455,-24.0259480187007,12.1768877533024));
#4563=CARTESIAN_POINT('',(7.79569588324105,-22.946856210511,13.0342029205821));
#4564=CARTESIAN_POINT('',(8.38315746005239,-20.8463742088218,14.8362562052605));
#4565=CARTESIAN_POINT('',(8.64251781277112,-19.8245922818058,15.7811654145219));
#4566=CARTESIAN_POINT('',(9.09190768372378,-17.8501065450889,17.7543645230015));
#4567=CARTESIAN_POINT('',(9.28199463243128,-16.8969691375866,18.7828730436645));
#4568=CARTESIAN_POINT('',(9.60013732571125,-15.0721503588515,20.9175871272064));
#4569=CARTESIAN_POINT('',(9.7282145627079,-14.1999564456773,22.024095219398));
#4570=CARTESIAN_POINT('',(9.93857842931427,-12.5465098971478,24.307151746961));
#4571=CARTESIAN_POINT('',(10.0208401015009,-11.7648251391519,25.4840093770779));
#4572=CARTESIAN_POINT('',(10.162569985667,-10.2963458499618,27.8977037785184));
#4573=CARTESIAN_POINT('',(10.2219797162377,-9.6091757230616,29.1348797309711));
#4574=CARTESIAN_POINT('',(10.3454566684193,-8.32514344332315,31.6564645613709));
#4575=CARTESIAN_POINT('',(10.4094603386118,-7.72800348300427,32.9412096971828));
#4576=CARTESIAN_POINT('',(10.570609496067,-6.60882396144944,35.543077495998));
#4577=CARTESIAN_POINT('',(10.6677307723805,-6.08663246886201,36.8604689336574));
#4578=CARTESIAN_POINT('',(10.9201900696478,-5.09155137104087,39.5110539855621));
#4579=CARTESIAN_POINT('',(11.0755685760858,-4.61860946047598,40.8443642807582));
#4580=CARTESIAN_POINT('',(11.2681017667715,-4.15316421418439,42.176379090881));
#4581=CARTESIAN_POINT('',(0.499999999999806,-52.,2.));
#4582=CARTESIAN_POINT('',(0.499999999999816,-49.2126294067513,2.));
#4583=CARTESIAN_POINT('',(0.990091801052683,-46.4286584003342,2.31061207140773));
#4584=CARTESIAN_POINT('',(2.39521573656657,-41.0845295022846,3.4479317684526));
#4585=CARTESIAN_POINT('',(3.30185531823146,-38.5136599045606,4.26926735355147));
#4586=CARTESIAN_POINT('',(6.05275428060527,-31.051800876794,7.3492568187691));
#4587=CARTESIAN_POINT('',(7.8820835974612,-26.3623600438669,10.2147836525846));
#4588=CARTESIAN_POINT('',(10.2517507436021,-17.6960489906109,17.3274535964302));
#4589=CARTESIAN_POINT('',(10.7806862351636,-13.7722344254459,21.605048532201));
#4590=CARTESIAN_POINT('',(11.1466301826387,-7.50122681815097,31.1950255026416));
#4591=CARTESIAN_POINT('',(11.0859654156386,-5.22215841597693,36.4954859197651));
#4592=CARTESIAN_POINT('',(11.5572535809093,-3.26324686207761,41.823620909119));
#4593=CARTESIAN_POINT('',(0.499999999999806,-52.,2.));
#4594=CARTESIAN_POINT('',(0.499999999999811,-50.6058115938309,2.));
#4595=CARTESIAN_POINT('',(0.622136707823504,-49.2093845678576,2.07665157619416));
#4596=CARTESIAN_POINT('',(1.04302868146382,-46.4530493593461,2.37432120636371));
#4597=CARTESIAN_POINT('',(1.34137278493115,-45.0926261758218,2.59494199566895));
#4598=CARTESIAN_POINT('',(2.0439347526881,-42.420561726797,3.16360184419138));
#4599=CARTESIAN_POINT('',(2.44796989442427,-41.1095582236788,3.51159579593431));
#4600=CARTESIAN_POINT('',(3.30629926820689,-38.5339144320273,4.32114778439498));
#4601=CARTESIAN_POINT('',(3.76033847862709,-37.2700167332662,4.78259893108774));
#4602=CARTESIAN_POINT('',(4.67730479941836,-34.7827303906773,5.80926208616028));
#4603=CARTESIAN_POINT('',(5.1400177528381,-33.5599195499558,6.37435344163548));
#4604=CARTESIAN_POINT('',(6.04317536859651,-31.1504011837449,7.60173756289919));
#4605=CARTESIAN_POINT('',(6.48344428877516,-29.9641735057304,8.2639010849726));
#4606=CARTESIAN_POINT('',(7.3181320489377,-27.6280279954517,9.68129588160678));
#4607=CARTESIAN_POINT('',(7.71240075841677,-26.4785577668646,10.4363816420191));
#4608=CARTESIAN_POINT('',(8.43874895170952,-24.2205794242774,12.0368311302133));
#4609=CARTESIAN_POINT('',(8.77070877726405,-23.1124933988959,12.8820348815267));
#4610=CARTESIAN_POINT('',(9.36312556379928,-20.9459156355819,14.6602023674881));
#4611=CARTESIAN_POINT('',(9.6234989218261,-19.8878156311657,15.5929950102733));
#4612=CARTESIAN_POINT('',(10.0700596466683,-17.8335100125841,17.5430057716833));
#4613=CARTESIAN_POINT('',(10.2561895830101,-16.83773799622,18.5600052688631));
#4614=CARTESIAN_POINT('',(10.5593383253565,-14.9220547250351,20.6733763209865));
#4615=CARTESIAN_POINT('',(10.6763356389369,-14.0026560121558,21.7694453466172));
#4616=CARTESIAN_POINT('',(10.8556116052805,-12.251715874673,24.0335567315549));
#4617=CARTESIAN_POINT('',(10.9179152154668,-11.4206065727103,25.2012898961162));
#4618=CARTESIAN_POINT('',(11.0094012023356,-9.85285467088658,27.5987841387264));
#4619=CARTESIAN_POINT('',(11.0386420604269,-9.11658766673154,28.828206035646));
#4620=CARTESIAN_POINT('',(11.090341319908,-7.73674208489189,31.3362149236931));
#4621=CARTESIAN_POINT('',(11.1128632727161,-7.0934413146879,32.6144656569556));
#4622=CARTESIAN_POINT('',(11.1784341794406,-5.88726387445613,35.2052806692974));
#4623=CARTESIAN_POINT('',(11.2215073443062,-5.32453913577983,36.5175761737204));
#4624=CARTESIAN_POINT('',(11.3520274759955,-4.25736549873855,39.1607961238525));
#4625=CARTESIAN_POINT('',(11.4394328797683,-3.75296918010168,40.4916023131096));
#4626=CARTESIAN_POINT('',(11.5572535809093,-3.26324686207761,41.823620909119));
#4627=CARTESIAN_POINT('',(-0.500000000000194,-52.,2.));
#4628=CARTESIAN_POINT('',(-0.500000000000189,-50.5476431645252,2.));
#4629=CARTESIAN_POINT('',(-0.372858524627212,-49.1007104586209,2.07637944839193));
#4630=CARTESIAN_POINT('',(0.0609281546000865,-46.2599094677409,2.37541027767362));
#4631=CARTESIAN_POINT('',(0.367139582573066,-44.8654811972343,2.59763410520665));
#4632=CARTESIAN_POINT('',(1.08335898452705,-42.1413564015677,3.17202807191008));
#4633=CARTESIAN_POINT('',(1.49354968106147,-40.8110221140254,3.52424331855473));
#4634=CARTESIAN_POINT('',(2.36024389920503,-38.210441645569,4.34452100570905));
#4635=CARTESIAN_POINT('',(2.81700244244039,-36.9394528748827,4.81269033624369));
#4636=CARTESIAN_POINT('',(3.73552784378313,-34.449476944814,5.85463984455311));
#4637=CARTESIAN_POINT('',(4.19750885884183,-33.2299119823254,6.42854067523248));
#4638=CARTESIAN_POINT('',(5.09626764696312,-30.8370665899187,7.67489127273731));
#4639=CARTESIAN_POINT('',(5.53322116218572,-29.6633063125258,8.34747028327788));
#4640=CARTESIAN_POINT('',(6.35983166040473,-27.3615350052972,9.78651337394369));
#4641=CARTESIAN_POINT('',(6.74963877390597,-26.2330763717844,10.5531229682174));
#4642=CARTESIAN_POINT('',(7.46751105619455,-24.0259480187007,12.1768877533024));
#4643=CARTESIAN_POINT('',(7.79569588324105,-22.946856210511,13.0342029205821));
#4644=CARTESIAN_POINT('',(8.38315746005239,-20.8463742088218,14.8362562052605));
#4645=CARTESIAN_POINT('',(8.64251781277112,-19.8245922818058,15.7811654145219));
#4646=CARTESIAN_POINT('',(9.09190768372378,-17.8501065450889,17.7543645230015));
#4647=CARTESIAN_POINT('',(9.28199463243128,-16.8969691375866,18.7828730436645));
#4648=CARTESIAN_POINT('',(9.60013732571125,-15.0721503588515,20.9175871272064));
#4649=CARTESIAN_POINT('',(9.7282145627079,-14.1999564456773,22.024095219398));
#4650=CARTESIAN_POINT('',(9.93857842931427,-12.5465098971478,24.307151746961));
#4651=CARTESIAN_POINT('',(10.0208401015009,-11.7648251391519,25.4840093770779));
#4652=CARTESIAN_POINT('',(10.162569985667,-10.2963458499618,27.8977037785184));
#4653=CARTESIAN_POINT('',(10.2219797162377,-9.6091757230616,29.1348797309711));
#4654=CARTESIAN_POINT('',(10.3454566684193,-8.32514344332315,31.6564645613709));
#4655=CARTESIAN_POINT('',(10.4094603386118,-7.72800348300427,32.9412096971828));
#4656=CARTESIAN_POINT('',(10.570609496067,-6.60882396144944,35.543077495998));
#4657=CARTESIAN_POINT('',(10.6677307723805,-6.08663246886201,36.8604689336574));
#4658=CARTESIAN_POINT('',(10.9201900696478,-5.09155137104087,39.5110539855621));
#4659=CARTESIAN_POINT('',(11.0755685760858,-4.61860946047598,40.8443642807582));
#4660=CARTESIAN_POINT('',(11.2681017667715,-4.15316421418439,42.176379090881));
#4661=CARTESIAN_POINT('',(0.499999999999806,-52.,22.));
#4662=CARTESIAN_POINT('',(0.499999999999815,-49.6645034180867,22.));
#4663=CARTESIAN_POINT('',(0.797777680572656,-47.5446984858858,22.3138166499201));
#4664=CARTESIAN_POINT('',(1.33079125408296,-45.5779040272418,22.8562699249716));
#4665=CARTESIAN_POINT('',(1.86380482759326,-43.6111095685978,23.398723200023));
#4666=CARTESIAN_POINT('',(2.63290014794688,-41.7960717224712,24.1699983039343));
#4667=CARTESIAN_POINT('',(3.58081995279994,-40.0747724893707,25.0929306203202));
#4668=CARTESIAN_POINT('',(4.52873975765299,-38.3534732562702,26.0158629367061));
#4669=CARTESIAN_POINT('',(5.6557060338021,-36.7265663324415,27.0908828504414));
#4670=CARTESIAN_POINT('',(6.89901133863542,-35.1428073648202,28.2418079485759));
#4671=CARTESIAN_POINT('',(8.14231664346874,-33.559048397199,29.3927330467103));
#4672=CARTESIAN_POINT('',(9.50174355394412,-32.0186053417667,30.6195432486479));
#4673=CARTESIAN_POINT('',(10.9105664608229,-30.4702115715798,31.8446024080404));
#4674=CARTESIAN_POINT('',(12.3193893677017,-28.9218178013929,33.0696615674328));
#4675=CARTESIAN_POINT('',(13.7775956596686,-27.3653424573882,34.2929304653562));
#4676=CARTESIAN_POINT('',(15.2161393923905,-25.7496269804513,35.4358801318256));
#4677=CARTESIAN_POINT('',(16.6546831251124,-24.1339115035145,36.578829798295));
#4678=CARTESIAN_POINT('',(18.0736646557244,-22.4587593016357,37.6413376572027));
#4679=CARTESIAN_POINT('',(19.4009958301951,-20.6756820118325,38.5449561458983));
#4680=CARTESIAN_POINT('',(20.7283270046659,-18.8926047220293,39.4485746345939));
#4681=CARTESIAN_POINT('',(21.963663178031,-17.0013594464964,40.1922873527203));
#4682=CARTESIAN_POINT('',(23.0320506960347,-14.9594705758399,40.7049175396484));
#4683=CARTESIAN_POINT('',(24.1004382140385,-12.9175817051833,41.2175477265765));
#4684=CARTESIAN_POINT('',(24.9974552947407,-10.726943902681,41.5));
#4685=CARTESIAN_POINT('',(25.6785247661408,-8.34346246079475,41.5));
#4686=CARTESIAN_POINT('',(0.499999999999806,-52.,18.6666666666667));
#4687=CARTESIAN_POINT('',(0.499999999999815,-49.5897022085624,18.6666666666667));
#4688=CARTESIAN_POINT('',(0.829622584377562,-47.3593339263977,18.9798800645468));
#4689=CARTESIAN_POINT('',(1.39115468800159,-45.2741638610966,19.5267883674349));
#4690=CARTESIAN_POINT('',(1.95268679162561,-43.1889937957955,20.073696670323));
#4691=CARTESIAN_POINT('',(2.74559352178768,-41.2467374423483,20.8536009918963));
#4692=CARTESIAN_POINT('',(3.68949139458551,-39.3972787565255,21.794058278895));
#4693=CARTESIAN_POINT('',(4.63338926738334,-37.5478200707028,22.7345155658938));
#4694=CARTESIAN_POINT('',(5.72878846361145,-35.7911158843505,23.835928064744));
#4695=CARTESIAN_POINT('',(6.90513608806874,-34.082461818971,25.0310807624016));
#4696=CARTESIAN_POINT('',(8.08148371252603,-32.3738077535916,26.2262334600591));
#4697=CARTESIAN_POINT('',(9.33857779926545,-30.7135254249344,27.5152581725506));
#4698=CARTESIAN_POINT('',(10.6126078130388,-29.0627107907875,28.8316695432833));
#4699=CARTESIAN_POINT('',(11.8866378268122,-27.4118961566407,30.148080914016));
#4700=CARTESIAN_POINT('',(13.1774530744242,-25.7707812972143,31.4919794710186));
#4701=CARTESIAN_POINT('',(14.4285054004605,-24.1050121280695,32.7949181504376));
#4702=CARTESIAN_POINT('',(15.6795577264969,-22.4392429589246,34.0978568298565));
#4703=CARTESIAN_POINT('',(16.8909233581797,-20.7493553401511,35.3597909393528));
#4704=CARTESIAN_POINT('',(18.0141369097004,-19.0006748318293,36.508895249104));
#4705=CARTESIAN_POINT('',(19.1373504612211,-17.2519943235075,37.6579995588551));
#4706=CARTESIAN_POINT('',(20.172864943238,-15.4446159201008,38.6932614361243));
#4707=CARTESIAN_POINT('',(21.0730477684545,-13.5394819570531,39.5447507584328));
#4708=CARTESIAN_POINT('',(21.973230593671,-11.6343479940055,40.3962400807413));
#4709=CARTESIAN_POINT('',(22.7336655692222,-9.63279874397533,41.0632856216764));
#4710=CARTESIAN_POINT('',(23.3281214840876,-7.48709004407302,41.5));
#4711=CARTESIAN_POINT('',(0.499999999999806,-52.,15.3333333333333));
#4712=CARTESIAN_POINT('',(0.499999999999815,-49.5145976479857,15.3333333333333));
#4713=CARTESIAN_POINT('',(0.861606293948751,-47.1735494903852,15.6459887522233));
#4714=CARTESIAN_POINT('',(1.45148310910586,-44.9705467424554,16.1972949800956));
#4715=CARTESIAN_POINT('',(2.04135992426297,-42.7675439945256,16.748601207968));
#4716=CARTESIAN_POINT('',(2.8574370210778,-40.6988792615279,17.5369411176285));
#4717=CARTESIAN_POINT('',(3.79656481193136,-38.7214417825708,18.4948032251258));
#4718=CARTESIAN_POINT('',(4.73569260278493,-36.7440043036137,19.4526653326231));
#4719=CARTESIAN_POINT('',(5.79881818350183,-34.8571320358038,20.5804683416351));
#4720=CARTESIAN_POINT('',(6.90768485611019,-33.0229721893856,21.8200886497386));
#4721=CARTESIAN_POINT('',(8.01655152871856,-31.1888123429675,23.0597089578421));
#4722=CARTESIAN_POINT('',(9.17096499878784,-29.4078816580227,24.4114039254398));
#4723=CARTESIAN_POINT('',(10.3098277961327,-27.6538199119998,25.8198812267094));
#4724=CARTESIAN_POINT('',(11.4486905934776,-25.8997581659768,27.2283585279791));
#4725=CARTESIAN_POINT('',(12.5717362146789,-24.1731696171172,28.6938320172966));
#4726=CARTESIAN_POINT('',(13.6348393945604,-22.4564587366111,30.158187488254));
#4727=CARTESIAN_POINT('',(14.6979425744419,-20.739747856105,31.6225429592113));
#4728=CARTESIAN_POINT('',(15.7011242978209,-19.0342869825689,33.0857515893188));
#4729=CARTESIAN_POINT('',(16.6199888392829,-17.3188511879574,34.4832513752199));
#4730=CARTESIAN_POINT('',(17.538853380745,-15.6034153933458,35.8807511611209));
#4731=CARTESIAN_POINT('',(18.3745212633018,-13.8786869494678,37.2117799740118));
#4732=CARTESIAN_POINT('',(19.1091240034436,-12.1069196527346,38.407358348739));
#4733=CARTESIAN_POINT('',(19.8437267435854,-10.3351523560014,39.6029367234662));
#4734=CARTESIAN_POINT('',(20.4749372846617,-8.51571983696003,40.6609285996329));
#4735=CARTESIAN_POINT('',(20.988176776072,-6.59852946162212,41.5320378329227));
#4736=CARTESIAN_POINT('',(0.499999999999806,-52.,12.));
#4737=CARTESIAN_POINT('',(0.499999999999816,-49.4392644887697,12.));
#4738=CARTESIAN_POINT('',(0.893672387601867,-46.9875033200887,12.3121255918084));
#4739=CARTESIAN_POINT('',(1.51179016018396,-44.6670065895545,12.8677942028429));
#4740=CARTESIAN_POINT('',(2.12990793276606,-42.3465098590204,13.4234628138773));
#4741=CARTESIAN_POINT('',(2.96883694325458,-40.1519500008836,14.2201262465532));
#4742=CARTESIAN_POINT('',(3.90272826959818,-38.0468347901742,15.1952725684377));
#4743=CARTESIAN_POINT('',(4.83661959594177,-35.9417195794648,16.1704188903222));
#4744=CARTESIAN_POINT('',(5.86690680102209,-33.9247669985575,17.3245034558572));
#4745=CARTESIAN_POINT('',(6.90764959262521,-31.9650660436301,18.6085939971469));
#4746=CARTESIAN_POINT('',(7.94839238422833,-30.0053650887026,19.8926845384365));
#4747=CARTESIAN_POINT('',(8.99942595760763,-28.1036264920879,21.307165354863));
#4748=CARTESIAN_POINT('',(10.0022441746321,-26.2462913275745,22.8079826515457));
#4749=CARTESIAN_POINT('',(11.0050623916565,-24.3889561630611,24.3087999482285));
#4750=CARTESIAN_POINT('',(11.9593156761436,-22.5769780851972,25.8962737978747));
#4751=CARTESIAN_POINT('',(12.8331643553646,-20.8098724690445,27.522727110986));
#4752=CARTESIAN_POINT('',(13.7070130345855,-19.0427668528918,29.1491804240973));
#4753=CARTESIAN_POINT('',(14.5004852955221,-17.3227306721993,30.8145409728379));
#4754=CARTESIAN_POINT('',(15.2132408573003,-15.6425633564712,32.4619327302226));
#4755=CARTESIAN_POINT('',(15.9259964190785,-13.9623960407432,34.1093244876072));
#4756=CARTESIAN_POINT('',(16.5596616932377,-12.323471756291,35.7380028669535));
#4757=CARTESIAN_POINT('',(17.1274914089942,-10.6898073480712,37.2822306559764));
#4758=CARTESIAN_POINT('',(17.6953211247507,-9.05614293985144,38.8264584449993));
#4759=CARTESIAN_POINT('',(18.1969850994005,-7.42649810909993,40.2843469636994));
#4760=CARTESIAN_POINT('',(18.6387938292312,-5.73901677751807,41.6011879906788));
#4761=CARTESIAN_POINT('',(0.499999999999806,-52.,8.66666666666666));
#4762=CARTESIAN_POINT('',(0.499999999999816,-49.3639313295537,8.66666666666666));
#4763=CARTESIAN_POINT('',(0.925738481254984,-46.8014571497921,8.97826243139363));
#4764=CARTESIAN_POINT('',(1.57209721126206,-44.3634664366537,9.53829342559015));
#4765=CARTESIAN_POINT('',(2.21845594126914,-41.9254757235152,10.0983244197867));
#4766=CARTESIAN_POINT('',(3.08023686543137,-39.6050207402393,10.903311375478));
#4767=CARTESIAN_POINT('',(4.00889172726499,-37.3722277977776,11.8957419117496));
#4768=CARTESIAN_POINT('',(4.93754658909861,-35.1394348553158,12.8881724480212));
#4769=CARTESIAN_POINT('',(5.93499541854235,-32.9924019613112,14.0685385700793));
#4770=CARTESIAN_POINT('',(6.90761432914023,-30.9071598978745,15.3970993445551));
#4771=CARTESIAN_POINT('',(7.8802332397381,-28.8219178344378,16.7256601190309));
#4772=CARTESIAN_POINT('',(8.82788691642742,-26.7993713261531,18.2029267842862));
#4773=CARTESIAN_POINT('',(9.69466055313143,-24.8387627431493,19.7960840763821));
#4774=CARTESIAN_POINT('',(10.5614341898354,-22.8781541601455,21.3892413684779));
#4775=CARTESIAN_POINT('',(11.3468951376084,-20.9807865532772,23.0987155784529));
#4776=CARTESIAN_POINT('',(12.0314893161688,-19.1632862014779,24.8872667337181));
#4777=CARTESIAN_POINT('',(12.7160834947292,-17.3457858496786,26.6758178889832));
#4778=CARTESIAN_POINT('',(13.2998462932233,-15.6111743618296,28.543330356357));
#4779=CARTESIAN_POINT('',(13.8064928753176,-13.9662755249851,30.4406140852253));
#4780=CARTESIAN_POINT('',(14.313139457412,-12.3213766881406,32.3378978140935));
#4781=CARTESIAN_POINT('',(14.7448021231735,-10.7682565631143,34.2642257598952));
#4782=CARTESIAN_POINT('',(15.1458588145447,-9.27269504340785,36.1571029632138));
#4783=CARTESIAN_POINT('',(15.5469155059159,-7.77713352370143,38.0499801665324));
#4784=CARTESIAN_POINT('',(15.9190329141394,-6.33727638123983,39.907765327766));
#4785=CARTESIAN_POINT('',(16.2894108823904,-4.87950409341402,41.6703381484349));
#4786=CARTESIAN_POINT('',(0.499999999999806,-52.,5.33333333333333));
#4787=CARTESIAN_POINT('',(0.499999999999816,-49.288368899216,5.33333333333333));
#4788=CARTESIAN_POINT('',(0.957888317233132,-46.615145930306,5.64442778479113));
#4789=CARTESIAN_POINT('',(1.63238258678952,-44.0600042063163,6.2087851658339));
#4790=CARTESIAN_POINT('',(2.30687685634591,-41.5048624823267,6.77314254687666));
#4791=CARTESIAN_POINT('',(3.19117999789123,-39.0590296054665,7.58633917652691));
#4792=CARTESIAN_POINT('',(4.11413154451297,-36.6988496598224,8.59593545712485));
#4793=CARTESIAN_POINT('',(5.03708309113471,-34.3386697141783,9.60553173772279));
#4794=CARTESIAN_POINT('',(6.00114386398933,-32.0616267368297,10.8120772872188));
#4795=CARTESIAN_POINT('',(6.90502163101748,-29.8508098141872,12.1851109105908));
#4796=CARTESIAN_POINT('',(7.80889939804564,-27.6399928915446,13.5581445339628));
#4797=CARTESIAN_POINT('',(8.65250487262781,-25.4964982701204,15.098305711029));
#4798=CARTESIAN_POINT('',(9.38239189524703,-23.4326387192301,16.7840434172838));
#4799=CARTESIAN_POINT('',(10.1122789178663,-21.3687791683397,18.4697811235386));
#4800=CARTESIAN_POINT('',(10.7279604033446,-19.3861816891066,20.3016278735419));
#4801=CARTESIAN_POINT('',(11.2220708822707,-17.5189708866479,22.2528115296735));
#4802=CARTESIAN_POINT('',(11.7161813611968,-15.6517600841892,24.2039951858051));
#4803=CARTESIAN_POINT('',(12.0888268950136,-13.9037626960558,26.2743295220372));
#4804=CARTESIAN_POINT('',(12.3878523189483,-12.2964448640214,28.4224044944696));
#4805=CARTESIAN_POINT('',(12.6868777428829,-10.689127031987,30.5704794669021));
#4806=CARTESIAN_POINT('',(12.9149012627384,-9.2252419670165,32.7954373634272));
#4807=CARTESIAN_POINT('',(13.1481264168208,-7.87324403653188,35.0389748146693));
#4808=CARTESIAN_POINT('',(13.3813515709033,-6.52124610604726,37.2825122659115));
#4809=CARTESIAN_POINT('',(13.6228170363929,-5.27963142124403,39.5434185946488));
#4810=CARTESIAN_POINT('',(13.927375196101,-4.05893251856977,41.7590738370676));
#4811=CARTESIAN_POINT('',(0.499999999999806,-52.,2.));
#4812=CARTESIAN_POINT('',(0.499999999999816,-49.2126294067513,2.));
#4813=CARTESIAN_POINT('',(0.990091801052684,-46.4286584003342,2.31061207140773));
#4814=CARTESIAN_POINT('',(1.69265376880963,-43.7565939513094,2.87927191993016));
#4815=CARTESIAN_POINT('',(2.39521573656657,-41.0845295022846,3.4479317684526));
#4816=CARTESIAN_POINT('',(3.30185531823146,-38.5136599045606,4.26926735355147));
#4817=CARTESIAN_POINT('',(4.21882163902273,-36.0263735619717,5.29593050862401));
#4818=CARTESIAN_POINT('',(5.135787959814,-33.5390872193829,6.32259366369655));
#4819=CARTESIAN_POINT('',(6.06610040869389,-31.1322462608697,7.55520368665552));
#4820=CARTESIAN_POINT('',(6.90078816885643,-28.796100750591,8.97259848328969));
#4821=CARTESIAN_POINT('',(7.73547592901897,-26.4599552403124,10.3899932799239));
#4822=CARTESIAN_POINT('',(8.47450038399643,-24.1957822805529,11.992951138546));
#4823=CARTESIAN_POINT('',(9.06691717053166,-22.0292045172389,13.7711186245074));
#4824=CARTESIAN_POINT('',(9.65933395706689,-19.8626267539249,15.5492861104688));
#4825=CARTESIAN_POINT('',(10.1046152118368,-17.7955796318124,17.5033197428014));
#4826=CARTESIAN_POINT('',(10.4077639541833,-15.8798963606276,19.6166907949248));
#4827=CARTESIAN_POINT('',(10.7109126965297,-13.9642130894427,21.7300618470482));
#4828=CARTESIAN_POINT('',(10.8721722220324,-12.2044825236222,24.0025427748112));
#4829=CARTESIAN_POINT('',(10.9636582089012,-10.6367306217985,26.4000370174213));
#4830=CARTESIAN_POINT('',(11.0551441957699,-9.06897871997471,28.7975312600314));
#4831=CARTESIAN_POINT('',(11.0800778193538,-7.69653003480379,31.3190581507847));
#4832=CARTESIAN_POINT('',(11.1456487260783,-6.49035259457201,33.9098731631265));
#4833=CARTESIAN_POINT('',(11.2112196328028,-5.28417515434024,36.5006881754683));
#4834=CARTESIAN_POINT('',(11.321609498274,-4.24270263902727,39.159553414442));
#4835=CARTESIAN_POINT('',(11.5572535809093,-3.26324686207761,41.823620909119));
#4836=CARTESIAN_POINT('',(-0.500000000000194,-52.,2.));
#4837=CARTESIAN_POINT('',(-0.500000000000184,-49.0962225503062,2.));
#4838=CARTESIAN_POINT('',(0.00902988159607622,-46.2275435950676,2.31043712185494));
#4839=CARTESIAN_POINT('',(0.725249283550055,-43.503418799401,2.88483108855836));
#4840=CARTESIAN_POINT('',(1.44146868550403,-40.7792940037344,3.45922505526179));
#4841=CARTESIAN_POINT('',(2.35773974176902,-38.184440839917,4.29171558208898));
#4842=CARTESIAN_POINT('',(3.27626514311176,-35.6944649098484,5.3336650903984));
#4843=CARTESIAN_POINT('',(4.1947905444545,-33.2044889797797,6.37561459870782));
#4844=CARTESIAN_POINT('',(5.11991591307621,-30.8141919661401,7.62794873794497));
#4845=CARTESIAN_POINT('',(5.94652641129523,-28.5124206589115,9.06699182861078));
#4846=CARTESIAN_POINT('',(6.77313690951424,-26.2106493516829,10.5060349192766));
#4847=CARTESIAN_POINT('',(7.50196509483538,-23.9970972113557,12.1331762782429));
#4848=CARTESIAN_POINT('',(8.08942667164672,-21.8966152096664,13.9352295629213));
#4849=CARTESIAN_POINT('',(8.67688824845806,-19.7961332079771,15.7372828475997));
#4850=CARTESIAN_POINT('',(9.1229232857913,-17.8093785269541,17.7155160018936));
#4851=CARTESIAN_POINT('',(9.44106597907126,-15.9845597482191,19.8502300854354));
#4852=CARTESIAN_POINT('',(9.75920867235123,-14.159740969484,21.9849441689773));
#4853=CARTESIAN_POINT('',(9.94997515941786,-12.4990647837469,24.2771621763577));
#4854=CARTESIAN_POINT('',(10.091705043584,-11.0305854945568,26.6908565777982));
#4855=CARTESIAN_POINT('',(10.2334349277501,-9.56210620536675,29.1045509792387));
#4856=CARTESIAN_POINT('',(10.3288857598841,-8.28759324378169,31.6402757977752));
#4857=CARTESIAN_POINT('',(10.4900349173394,-7.16841372222686,34.2421435965904));
#4858=CARTESIAN_POINT('',(10.6511840747947,-6.04923420067203,36.8440113954055));
#4859=CARTESIAN_POINT('',(10.8830402208869,-5.08404301707222,39.5123829242962));
#4860=CARTESIAN_POINT('',(11.2681017667715,-4.15316421418439,42.176379090881));
#4861=CARTESIAN_POINT('',(-0.500000000000194,-52.,5.33333333333333));
#4862=CARTESIAN_POINT('',(-0.500000000000184,-49.1763080393021,5.33333333333333));
#4863=CARTESIAN_POINT('',(-0.0239739605664695,-46.4168940704086,5.64394654292776));
#4864=CARTESIAN_POINT('',(0.66520091852743,-43.805979437146,6.21442567457321));
#4865=CARTESIAN_POINT('',(1.35437579762133,-41.1950648038834,6.78490480621866));
#4866=CARTESIAN_POINT('',(2.25055458100718,-38.7197600425309,7.61031326984013));
#4867=CARTESIAN_POINT('',(3.17733301389083,-36.3509750009218,8.63706087539382));
#4868=CARTESIAN_POINT('',(4.10411144677449,-33.9821899593127,9.66380848094752));
#4869=CARTESIAN_POINT('',(5.06516621730236,-31.7154937767184,10.892633066615));
#4870=CARTESIAN_POINT('',(5.96211027709976,-29.5326370056542,12.2905893493263));
#4871=CARTESIAN_POINT('',(6.85905433689716,-27.34978023459,13.6885456320376));
#4872=CARTESIAN_POINT('',(7.69255525678119,-25.2504754308561,15.2568004696284));
#4873=CARTESIAN_POINT('',(8.41601074551691,-23.2467301003314,16.9712467389068));
#4874=CARTESIAN_POINT('',(9.13946623425264,-21.2429847698066,18.6856930081851));
#4875=CARTESIAN_POINT('',(9.75287354844187,-19.3353324336879,20.5474019137039));
#4876=CARTESIAN_POINT('',(10.2577712681071,-17.5552755734564,22.52691420396));
#4877=CARTESIAN_POINT('',(10.7626689877724,-15.7752187132248,24.5064264942162));
#4878=CARTESIAN_POINT('',(11.1595839126539,-14.1245935456188,26.6045912706035));
#4879=CARTESIAN_POINT('',(11.5047760404323,-12.6175930744906,28.7783401682132));
#4880=CARTESIAN_POINT('',(11.8499681682107,-11.1105926033625,30.952089065823));
#4881=CARTESIAN_POINT('',(12.1458015649309,-9.74870860417584,33.2019242603728));
#4882=CARTESIAN_POINT('',(12.4774373104081,-8.48935825391027,35.4679141517614));
#4883=CARTESIAN_POINT('',(12.8090730558854,-7.2300079036447,37.73390404315));
#4884=CARTESIAN_POINT('',(13.1811310887076,-6.07226890602504,40.0165283542996));
#4885=CARTESIAN_POINT('',(13.65326251568,-4.90256419858014,42.2409261629324));
#4886=CARTESIAN_POINT('',(-0.500000000000194,-52.,8.66666666666666));
#4887=CARTESIAN_POINT('',(-0.500000000000184,-49.2565705904252,8.66666666666666));
#4888=CARTESIAN_POINT('',(-0.0570314505704196,-46.6064208562352,8.97743703078149));
#4889=CARTESIAN_POINT('',(0.605166747012157,-44.1084880995606,9.54402524673553));
#4890=CARTESIAN_POINT('',(1.26736494459473,-41.610555342886,10.1106134626896));
#4891=CARTESIAN_POINT('',(2.14363723236498,-39.2544578112778,10.9290105816157));
#4892=CARTESIAN_POINT('',(3.07895060740813,-37.0065830518907,11.9406551542654));
#4893=CARTESIAN_POINT('',(4.01426398245129,-34.7587082925036,12.9522997269151));
#4894=CARTESIAN_POINT('',(5.01160842227092,-32.6154008387752,14.1577297129877));
#4895=CARTESIAN_POINT('',(5.97933490694259,-30.5512123323056,15.5147108633785));
#4896=CARTESIAN_POINT('',(6.94706139161427,-28.487023825836,16.8716920137694));
#4897=CARTESIAN_POINT('',(7.88576786355875,-26.5016965838914,18.3811581602397));
#4898=CARTESIAN_POINT('',(8.74580088621808,-24.5941551690683,20.0081480485704));
#4899=CARTESIAN_POINT('',(9.60583390887742,-22.6866137542451,21.6351379369011));
#4900=CARTESIAN_POINT('',(10.3872342683364,-20.8572835335452,23.3805082513438));
#4901=CARTESIAN_POINT('',(11.0793650513324,-19.1207506098841,25.2052638531887));
#4902=CARTESIAN_POINT('',(11.7714958343284,-17.3842176862229,27.0300194550337));
#4903=CARTESIAN_POINT('',(12.3748279406615,-15.7419908141505,28.9348062777555));
#4904=CARTESIAN_POINT('',(12.9234005909583,-14.1944842356837,30.869981644921));
#4905=CARTESIAN_POINT('',(13.4719732412552,-12.6469776572169,32.8051570120866));
#4906=CARTESIAN_POINT('',(13.9676399529271,-11.1955213006849,34.7711635391448));
#4907=CARTESIAN_POINT('',(14.4695849964955,-9.79374322067759,36.7046582099308));
#4908=CARTESIAN_POINT('',(14.971530040064,-8.39196514067024,38.6381528807168));
#4909=CARTESIAN_POINT('',(15.4842136169007,-7.03977861719883,40.5401922313928));
#4910=CARTESIAN_POINT('',(16.0465091934907,-5.6270782646238,42.3296618515651));
#4911=CARTESIAN_POINT('',(-0.500000000000194,-52.,12.));
#4912=CARTESIAN_POINT('',(-0.500000000000184,-49.3370624126698,12.));
#4913=CARTESIAN_POINT('',(-0.0901726828993985,-46.7962126912515,12.3108990048229));
#4914=CARTESIAN_POINT('',(0.545154251047527,-44.4109188394117,12.8736323014014));
#4915=CARTESIAN_POINT('',(1.18048118499445,-42.025624987572,13.4363655979799));
#4916=CARTESIAN_POINT('',(2.03717667343971,-39.7882174541533,14.247865221267));
#4917=CARTESIAN_POINT('',(2.98149184134427,-37.6609622484182,15.2445252310735));
#4918=CARTESIAN_POINT('',(3.92580700924883,-35.533707042683,16.24118524088));
#4919=CARTESIAN_POINT('',(4.95999079931276,-33.5137180880672,17.423322756443));
#4920=CARTESIAN_POINT('',(5.99911697142319,-31.5682315968888,18.7393261588034));
#4921=CARTESIAN_POINT('',(7.03824314353362,-29.6227451057105,20.0553295611637));
#4922=CARTESIAN_POINT('',(8.08282347295572,-27.7515356270244,21.5058983535315));
#4923=CARTESIAN_POINT('',(9.080276063303,-25.9401756772991,23.0451914421686));
#4924=CARTESIAN_POINT('',(10.0777286536503,-24.1288157275738,24.5844845308057));
#4925=CARTESIAN_POINT('',(11.0281091839595,-22.3776479656532,26.2131440744728));
#4926=CARTESIAN_POINT('',(11.9087022292599,-20.6839546935752,27.8826083291941));
#4927=CARTESIAN_POINT('',(12.7892952745603,-18.9902614214972,29.5520725839154));
#4928=CARTESIAN_POINT('',(13.60045236458,-17.3552434380862,31.2628115027465));
#4929=CARTESIAN_POINT('',(14.3539177158711,-15.7649182263543,32.9585140673872));
#4930=CARTESIAN_POINT('',(15.1073830671622,-14.1745930146223,34.6542166320279));
#4931=CARTESIAN_POINT('',(15.8045196312943,-12.6301334001151,36.3354141073265));
#4932=CARTESIAN_POINT('',(16.4778324858573,-11.0804668896575,37.934402723882));
#4933=CARTESIAN_POINT('',(17.1511453404204,-9.53080037919992,39.5333913404376));
#4934=CARTESIAN_POINT('',(17.8055598375792,-7.97571156050831,41.0516212056696));
#4935=CARTESIAN_POINT('',(18.45240861075,-6.31265122140767,42.3988120093212));
#4936=CARTESIAN_POINT('',(-0.500000000000194,-52.,15.3333333333333));
#4937=CARTESIAN_POINT('',(-0.500000000000184,-49.4175542349145,15.3333333333333));
#4938=CARTESIAN_POINT('',(-0.123313915228377,-46.9860045262677,15.6443609788643));
#4939=CARTESIAN_POINT('',(0.485141755082898,-44.7133495792629,16.2032393560672));
#4940=CARTESIAN_POINT('',(1.09359742539417,-42.440694632258,16.7621177332702));
#4941=CARTESIAN_POINT('',(1.93071611451443,-40.3219770970288,17.5667198609183));
#4942=CARTESIAN_POINT('',(2.8840330752804,-38.3153414449456,18.5483953078817));
#4943=CARTESIAN_POINT('',(3.83735003604637,-36.3087057928625,19.530070754845));
#4944=CARTESIAN_POINT('',(4.9083731763546,-34.4120353373591,20.6889157998984));
#4945=CARTESIAN_POINT('',(6.01889903590379,-32.585250861472,21.9639414542282));
#4946=CARTESIAN_POINT('',(7.12942489545298,-30.7584663855849,23.238967108558));
#4947=CARTESIAN_POINT('',(8.27987908235269,-29.0013746701575,24.6306385468232));
#4948=CARTESIAN_POINT('',(9.41475124038792,-27.2861961855299,26.0822348357668));
#4949=CARTESIAN_POINT('',(10.5496233984232,-25.5710177009024,27.5338311247104));
#4950=CARTESIAN_POINT('',(11.6689840995826,-23.8980123977611,29.0457798976018));
#4951=CARTESIAN_POINT('',(12.7380394071875,-22.2471587772663,30.5599528051994));
#4952=CARTESIAN_POINT('',(13.8070947147923,-20.5963051567715,32.0741257127971));
#4953=CARTESIAN_POINT('',(14.8260767884984,-18.968496062022,33.5908167277374));
#4954=CARTESIAN_POINT('',(15.7844348407838,-17.3353522170249,35.0470464898533));
#4955=CARTESIAN_POINT('',(16.7427928930693,-15.7022083720277,36.5032762519691));
#4956=CARTESIAN_POINT('',(17.6413993096614,-14.0647454995452,37.8996646755082));
#4957=CARTESIAN_POINT('',(18.4860799752191,-12.3671905586374,39.1641472378333));
#4958=CARTESIAN_POINT('',(19.3307606407768,-10.6696356177296,40.4286298001583));
#4959=CARTESIAN_POINT('',(20.1269060582577,-8.91164450381779,41.5630501799465));
#4960=CARTESIAN_POINT('',(20.8583080280094,-6.99822417819154,42.4679621670773));
#4961=CARTESIAN_POINT('',(-0.500000000000194,-52.,18.6666666666667));
#4962=CARTESIAN_POINT('',(-0.500000000000184,-49.4982746557985,18.6666666666667));
#4963=CARTESIAN_POINT('',(-0.156537531639284,-47.176058095568,18.9777948009969));
#4964=CARTESIAN_POINT('',(0.425150629144444,-45.0157033533736,19.5328538006465));
#4965=CARTESIAN_POINT('',(1.00683878992817,-42.8553486111793,20.087912800296));
#4966=CARTESIAN_POINT('',(1.82469913270249,-40.8548078197281,20.8857294973771));
#4967=CARTESIAN_POINT('',(2.78748426889557,-38.968490659915,21.8525409876087));
#4968=CARTESIAN_POINT('',(3.75026940508866,-37.0821735001018,22.8193524778403));
#4969=CARTESIAN_POINT('',(4.85869665576657,-35.3087337753507,23.9550140060228));
#4970=CARTESIAN_POINT('',(6.04126513191083,-33.6006866422254,25.1890592895819));
#4971=CARTESIAN_POINT('',(7.22383360805509,-31.8926395091001,26.4231045731409));
#4972=CARTESIAN_POINT('',(8.48086093245225,-30.2498251123138,27.7557630635808));
#4973=CARTESIAN_POINT('',(9.7540300220674,-28.6308543993983,29.1193884879548));
#4974=CARTESIAN_POINT('',(11.0271991116825,-27.0118836864828,30.4830139123287));
#4975=CARTESIAN_POINT('',(12.3165626939957,-25.416956681692,31.8778264864305));
#4976=CARTESIAN_POINT('',(13.5753856184106,-23.8083957370656,33.2360269962891));
#4977=CARTESIAN_POINT('',(14.8342085428256,-22.1998347924393,34.5942275061477));
#4978=CARTESIAN_POINT('',(16.0625411543569,-20.5782366387453,35.9159932191753));
#4979=CARTESIAN_POINT('',(17.2275518772618,-18.9002503953096,37.1312536834326));
#4980=CARTESIAN_POINT('',(18.3925626001667,-17.222264151874,38.3465141476899));
#4981=CARTESIAN_POINT('',(19.4947948781566,-15.4886438215191,39.4562108886357));
#4982=CARTESIAN_POINT('',(20.5120362940195,-13.6384642279622,40.3816270348533));
#4983=CARTESIAN_POINT('',(21.5292777098824,-11.7882846344053,41.307043181071));
#4984=CARTESIAN_POINT('',(22.4674761796369,-9.81972026797206,42.0487037681133));
#4985=CARTESIAN_POINT('',(23.2736456840939,-7.65474923662856,42.5));
#4986=CARTESIAN_POINT('',(-0.500000000000194,-52.,22.));
#4987=CARTESIAN_POINT('',(-0.500000000000184,-49.5792984277349,22.));
#4988=CARTESIAN_POINT('',(-0.189899953816474,-47.3665315413927,22.3111833500799));
#4989=CARTESIAN_POINT('',(0.365194516020342,-45.3179340799804,22.8624800750284));
#4990=CARTESIAN_POINT('',(0.920288985857157,-43.2693366185681,23.413776799977));
#4991=CARTESIAN_POINT('',(1.71953202544122,-41.386162443125,24.2050016960657));
#4992=CARTESIAN_POINT('',(2.69253348695046,-39.6199831159939,25.1570693796798));
#4993=CARTESIAN_POINT('',(3.6655349484597,-37.8538037888628,26.1091370632939));
#4994=CARTESIAN_POINT('',(4.8120728450975,-36.2039656137979,27.2216171495586));
#4995=CARTESIAN_POINT('',(6.06720720930973,-34.6152665067149,28.4144420514241));
#4996=CARTESIAN_POINT('',(7.32234157352195,-33.026567399632,29.6072669532897));
#4997=CARTESIAN_POINT('',(8.68628982835077,-31.4988394045494,30.880456751352));
#4998=CARTESIAN_POINT('',(10.0981301728688,-29.9769027112621,32.1553975919596));
#4999=CARTESIAN_POINT('',(11.5099705173869,-28.4549660179748,33.4303384325672));
#5000=CARTESIAN_POINT('',(12.9697155629096,-26.9389514855461,34.7070695346438));
#5001=CARTESIAN_POINT('',(14.418763843604,-25.3735712359414,35.9078698681744));
#5002=CARTESIAN_POINT('',(15.8678121242984,-23.8081909863368,37.108670201705));
#5003=CARTESIAN_POINT('',(17.3060632830294,-22.1936416115661,38.2336623427973));
#5004=CARTESIAN_POINT('',(18.6779580636624,-20.4719650374632,39.2050438541017));
#5005=CARTESIAN_POINT('',(20.0498528442955,-18.7502884633603,40.1764253654061));
#5006=CARTESIAN_POINT('',(21.3557358917949,-16.9217275877303,40.9952126472798));
#5007=CARTESIAN_POINT('',(22.5429134502505,-14.9223115828187,41.5763324603516));
#5008=CARTESIAN_POINT('',(23.7300910087061,-12.9228955779072,42.1574522734235));
#5009=CARTESIAN_POINT('',(24.802984860058,-10.750729780436,42.5));
#5010=CARTESIAN_POINT('',(25.6785247661408,-8.34346246079475,42.5));
#5011=CARTESIAN_POINT('',(10.9044817496153,5.03102059115313,42.176379090881));
#5012=CARTESIAN_POINT('',(10.4796763638143,5.86474839409266,41.823620909119));
#5013=CARTESIAN_POINT('',(10.9044817542467,5.031020579987,42.1763790589131));
#5014=CARTESIAN_POINT('',(10.4796763701257,5.8647483837822,41.8236208771502));
#5015=CARTESIAN_POINT('',(10.9044817496153,5.03102059115313,42.176379090881));
#5016=CARTESIAN_POINT('',(12.012712399104,5.60934730698393,42.2086525125815));
#5017=CARTESIAN_POINT('',(13.1184779073812,6.19253164346574,42.2456240296929));
#5018=CARTESIAN_POINT('',(15.3215270398751,7.37552745005365,42.3234902249165));
#5019=CARTESIAN_POINT('',(16.4185412040409,7.97587751893503,42.3642369304431));
#5020=CARTESIAN_POINT('',(18.6045422835777,9.19233202499188,42.4333870881992));
#5021=CARTESIAN_POINT('',(19.6937219554131,9.80805815617393,42.4608775073093));
#5022=CARTESIAN_POINT('',(21.8729885232371,11.0377298902648,42.4939526906972));
#5023=CARTESIAN_POINT('',(22.9634356565341,11.6509881930439,42.5));
#5024=CARTESIAN_POINT('',(24.0571778776083,12.2577401084015,42.5));
#5025=CARTESIAN_POINT('',(24.0571778710458,12.257740104761,42.5));
#5026=CARTESIAN_POINT('',(24.0571778776083,12.2577401084015,42.5));
#5027=CARTESIAN_POINT('',(24.0571778776083,12.2577401084015,41.5));
#5028=CARTESIAN_POINT('',(24.0571778708057,12.2577401052322,41.5));
#5029=CARTESIAN_POINT('',(10.4796763638143,5.86474839409266,41.823620909119));
#5030=CARTESIAN_POINT('',(14.9568039432889,8.09133707997337,41.6945267650162));
#5031=CARTESIAN_POINT('',(19.5221121929123,10.1448613960457,41.5));
#5032=CARTESIAN_POINT('',(24.0571778776083,12.2577401084015,41.5));
#5033=CARTESIAN_POINT('',(24.0571778776083,12.2577401084015,41.5));
#5034=CARTESIAN_POINT('',(22.9234195707297,11.7295242107478,41.5));
#5035=CARTESIAN_POINT('',(21.7863342916817,11.207798454612,41.5060473093028));
#5036=CARTESIAN_POINT('',(19.5105679192078,10.1675183167767,41.5391224926906));
#5037=CARTESIAN_POINT('',(18.3722311208943,9.64826851199562,41.5666129118008));
#5038=CARTESIAN_POINT('',(16.1031992601333,8.59477114612627,41.6357630695569));
#5039=CARTESIAN_POINT('',(14.9726969541501,8.06014527904456,41.6765097750835));
#5040=CARTESIAN_POINT('',(12.7207131463462,6.97318921370625,41.7543759703071));
#5041=CARTESIAN_POINT('',(11.5989542937575,6.42139359370522,41.7913474874185));
#5042=CARTESIAN_POINT('',(10.4796763638143,5.86474839409266,41.823620909119));
#5043=CARTESIAN_POINT('',(24.0571778776083,12.2577401084015,42.5));
#5044=CARTESIAN_POINT('',(22.9634356565341,11.6509881930439,42.5));
#5045=CARTESIAN_POINT('',(21.8729885232371,11.0377298902648,42.4939526906972));
#5046=CARTESIAN_POINT('',(19.6937219554131,9.80805815617393,42.4608775073093));
#5047=CARTESIAN_POINT('',(18.6045422835777,9.19233202499188,42.4333870881992));
#5048=CARTESIAN_POINT('',(16.4185412040409,7.97587751893503,42.3642369304431));
#5049=CARTESIAN_POINT('',(15.3215270398751,7.37552745005365,42.3234902249165));
#5050=CARTESIAN_POINT('',(13.1184779073812,6.19253164346574,42.2456240296929));
#5051=CARTESIAN_POINT('',(12.012712399104,5.60934730698393,42.2086525125815));
#5052=CARTESIAN_POINT('',(10.9044817496153,5.03102059115313,42.176379090881));
#5053=CARTESIAN_POINT('',(24.0571778776083,12.2577401084015,42.5));
#5054=CARTESIAN_POINT('',(24.5987734216387,11.096989344509,42.5));
#5055=CARTESIAN_POINT('',(25.0633585162181,9.94212966718518,42.4144453763103));
#5056=CARTESIAN_POINT('',(25.8663510828104,7.65126523914047,42.0977655367052));
#5057=CARTESIAN_POINT('',(26.2047450228485,6.51521021595499,41.8668923668875));
#5058=CARTESIAN_POINT('',(27.0662539929927,3.13531733964148,40.9952126472798));
#5059=CARTESIAN_POINT('',(27.4358430296397,0.918930786347746,40.1764253654061));
#5060=CARTESIAN_POINT('',(27.930509185836,-3.45603977968876,38.2336623427973));
#5061=CARTESIAN_POINT('',(28.0551708499087,-5.61469573853771,37.108670201705));
#5062=CARTESIAN_POINT('',(28.2196890980791,-9.87774144889097,34.7070695346438));
#5063=CARTESIAN_POINT('',(28.2594776338443,-11.9819212256413,33.4303384325672));
#5064=CARTESIAN_POINT('',(28.4151773834414,-16.1309085014844,30.880456751352));
#5065=CARTESIAN_POINT('',(28.5309871483959,-18.1756323867928,29.6072669532897));
#5066=CARTESIAN_POINT('',(29.0027189316931,-22.197420251029,27.2216171495586));
#5067=CARTESIAN_POINT('',(29.358605971542,-24.1747567340778,26.1091370632939));
#5068=CARTESIAN_POINT('',(30.4803288664786,-28.0485433551648,24.2050016960657));
#5069=CARTESIAN_POINT('',(31.2467839229837,-29.945298757882,23.413776799977));
#5070=CARTESIAN_POINT('',(33.3589161091146,-33.6274751992959,22.3111833500799));
#5071=CARTESIAN_POINT('',(34.7044627991063,-35.4115695802932,22.));
#5072=CARTESIAN_POINT('',(36.415999231107,-37.1231060122939,22.));
#5073=CARTESIAN_POINT('',(36.415999231107,-37.1231060122939,21.99999999));
#5074=CARTESIAN_POINT('',(36.415999231107,-37.1231060122939,22.));
#5075=CARTESIAN_POINT('',(37.1231060122936,-36.4159992311074,22.));
#5076=CARTESIAN_POINT('',(37.1231060122936,-36.4159992311074,22.));
#5077=CARTESIAN_POINT('',(24.0571778776083,12.2577401084015,41.5));
#5078=CARTESIAN_POINT('',(26.464751975016,7.92381064424901,41.5));
#5079=CARTESIAN_POINT('',(27.6939683322244,3.49744259177573,40.3521931232895));
#5080=CARTESIAN_POINT('',(28.9830130068284,-5.30012107761687,36.7377191685071));
#5081=CARTESIAN_POINT('',(29.0632457496849,-9.6486217638363,34.2947207268252));
#5082=CARTESIAN_POINT('',(29.6553947730922,-22.195029558583,26.9443657704707));
#5083=CARTESIAN_POINT('',(30.5173241302579,-29.8102173490717,22.));
#5084=CARTESIAN_POINT('',(37.1231060122936,-36.4159992311074,22.));
#5085=CARTESIAN_POINT('',(37.1231060122936,-36.4159992311074,22.));
#5086=CARTESIAN_POINT('',(35.4715024768078,-34.7643956956216,22.));
#5087=CARTESIAN_POINT('',(34.1832927166518,-33.0550647010275,22.3138166499201));
#5088=CARTESIAN_POINT('',(32.1556203434244,-29.5198022786256,23.398723200023));
#5089=CARTESIAN_POINT('',(31.416027290719,-27.6925441931184,24.1699983039343));
#5090=CARTESIAN_POINT('',(30.3223036144311,-23.9176984287,26.0158629367061));
#5091=CARTESIAN_POINT('',(29.9687921922661,-21.9704160144679,27.0908828504414));
#5092=CARTESIAN_POINT('',(29.4873180049918,-17.9723433786621,29.3927330467103));
#5093=CARTESIAN_POINT('',(29.3593202613885,-15.9218256612096,30.619543248648));
#5094=CARTESIAN_POINT('',(29.1619372535861,-11.7396897296274,33.0696615674328));
#5095=CARTESIAN_POINT('',(29.0924505405093,-9.60798790171335,34.2929304653562));
#5096=CARTESIAN_POINT('',(28.8418918569712,-5.28861310441101,36.578829798295));
#5097=CARTESIAN_POINT('',(28.6607518381774,-3.10073016026872,37.6413376572027));
#5098=CARTESIAN_POINT('',(28.0162295008754,1.29805167442758,39.4485746345939));
#5099=CARTESIAN_POINT('',(27.5524317268906,3.50887861887542,40.1922873527202));
#5100=CARTESIAN_POINT('',(26.519877614958,6.80782490755456,40.9612326331125));
#5101=CARTESIAN_POINT('',(26.1195867166156,7.90438609243002,41.1600469632948));
#5102=CARTESIAN_POINT('',(25.189166314353,10.0876792153536,41.4293046236897));
#5103=CARTESIAN_POINT('',(24.6590195998381,11.174350992554,41.5));
#5104=CARTESIAN_POINT('',(24.0571778776083,12.2577401084015,41.5));
#5105=CARTESIAN_POINT('',(36.415999231107,-37.1231060122939,22.));
#5106=CARTESIAN_POINT('',(34.7044627991063,-35.4115695802932,22.));
#5107=CARTESIAN_POINT('',(33.3589161091146,-33.6274751992959,22.3111833500799));
#5108=CARTESIAN_POINT('',(31.2467839229837,-29.945298757882,23.413776799977));
#5109=CARTESIAN_POINT('',(30.4803288664786,-28.0485433551648,24.2050016960657));
#5110=CARTESIAN_POINT('',(29.358605971542,-24.1747567340778,26.1091370632939));
#5111=CARTESIAN_POINT('',(29.0027189316931,-22.197420251029,27.2216171495586));
#5112=CARTESIAN_POINT('',(28.5309871483959,-18.1756323867928,29.6072669532897));
#5113=CARTESIAN_POINT('',(28.4151773834414,-16.1309085014844,30.880456751352));
#5114=CARTESIAN_POINT('',(28.2594776338443,-11.9819212256413,33.4303384325672));
#5115=CARTESIAN_POINT('',(28.2196890980791,-9.87774144889097,34.7070695346438));
#5116=CARTESIAN_POINT('',(28.0551708499087,-5.61469573853771,37.108670201705));
#5117=CARTESIAN_POINT('',(27.930509185836,-3.45603977968876,38.2336623427973));
#5118=CARTESIAN_POINT('',(27.4358430296397,0.918930786347746,40.1764253654061));
#5119=CARTESIAN_POINT('',(27.0662539929927,3.13531733964148,40.9952126472798));
#5120=CARTESIAN_POINT('',(26.2047450228485,6.51521021595499,41.8668923668875));
#5121=CARTESIAN_POINT('',(25.8663510828104,7.65126523914047,42.0977655367052));
#5122=CARTESIAN_POINT('',(25.0633585162181,9.94212966718518,42.4144453763103));
#5123=CARTESIAN_POINT('',(24.5987734216387,11.096989344509,42.5));
#5124=CARTESIAN_POINT('',(24.0571778776083,12.2577401084015,42.5));
#5125=CARTESIAN_POINT('',(36.415999231107,-37.1231060122939,21.99999999));
#5126=CARTESIAN_POINT('',(36.415999231107,-37.1231060122939,15.3333333266667));
#5127=CARTESIAN_POINT('',(36.415999231107,-37.1231060122939,8.66666666333333));
#5128=CARTESIAN_POINT('',(36.415999231107,-37.1231060122939,2.));
#5129=CARTESIAN_POINT('',(36.415999231107,-37.1231060122939,2.));
#5130=CARTESIAN_POINT('',(36.415999231107,-37.1231060122939,2.));
#5131=CARTESIAN_POINT('',(36.6517014915025,-36.8874037518984,2.));
#5132=CARTESIAN_POINT('',(36.8874037518981,-36.6517014915029,2.));
#5133=CARTESIAN_POINT('',(37.1231060122936,-36.4159992311074,2.));
#5134=CARTESIAN_POINT('',(37.1231060122936,-36.4159992311074,2.));
#5135=CARTESIAN_POINT('',(37.1231060122936,-36.4159992311074,22.));
#5136=CARTESIAN_POINT('',(37.1231060122936,-36.4159992311074,15.3333333333333));
#5137=CARTESIAN_POINT('',(37.1231060122936,-36.4159992311074,8.66666666666666));
#5138=CARTESIAN_POINT('',(37.1231060122936,-36.4159992311074,2.));
#5139=CARTESIAN_POINT('',(37.1231060122936,-36.4159992311074,22.));
#5140=CARTESIAN_POINT('',(36.415999231107,-37.1231060122939,2.));
#5141=CARTESIAN_POINT('',(35.3890278640402,-36.096134645227,2.));
#5142=CARTESIAN_POINT('',(34.4557945351809,-34.9830961175552,2.07637944839193));
#5143=CARTESIAN_POINT('',(32.7537783929983,-32.6676129704325,2.37541027767362));
#5144=CARTESIAN_POINT('',(31.9842928842413,-31.4650791072826,2.59763410520665));
#5145=CARTESIAN_POINT('',(30.564489364366,-29.0323883955292,3.17202807191008));
#5146=CARTESIAN_POINT('',(29.913849591499,-27.8016513764639,3.52424331855473));
#5147=CARTESIAN_POINT('',(28.6878068660967,-25.3499179333327,4.34452100570905));
#5148=CARTESIAN_POINT('',(28.1120591508191,-24.1282160914818,4.81269033624369));
#5149=CARTESIAN_POINT('',(27.0008758256578,-21.7180416863575,5.85463984455311));
#5150=CARTESIAN_POINT('',(26.4651830791121,-20.5290091227568,6.42854067523248));
#5151=CARTESIAN_POINT('',(25.4087043095419,-18.2014934857234,7.67489127273731));
#5152=CARTESIAN_POINT('',(24.8877032515872,-17.0625468404143,8.34747028327788));
#5153=CARTESIAN_POINT('',(23.8446070401958,-14.8504468516417,9.78651337394369));
#5154=CARTESIAN_POINT('',(23.3223015414619,-13.7768708462848,10.5531229682174));
#5155=CARTESIAN_POINT('',(22.2692384748794,-11.7085830620381,12.1768877533024));
#5156=CARTESIAN_POINT('',(21.7382670564728,-10.7134882102572,13.0342029205821));
#5157=CARTESIAN_POINT('',(20.6684000539678,-8.8128250784526,14.8362562052605));
#5158=CARTESIAN_POINT('',(20.1292865886594,-7.90692068478742,15.7811654145219));
#5159=CARTESIAN_POINT('',(19.0508809600179,-6.19298180585156,17.7543645230015));
#5160=CARTESIAN_POINT('',(18.5113228062166,-5.38460011115802,18.7828730436645));
#5161=CARTESIAN_POINT('',(17.4459419291397,-3.86929752247467,20.9175871272064));
#5162=CARTESIAN_POINT('',(16.9197719814205,-3.16199900916355,22.024095219398));
#5163=CARTESIAN_POINT('',(15.8993584312198,-1.8440860257749,24.307151746961));
#5164=CARTESIAN_POINT('',(15.4047916243257,-1.2331836464109,25.4840093770779));
#5165=CARTESIAN_POINT('',(14.466638123098,-0.0945938208019277,27.8977037785184));
#5166=CARTESIAN_POINT('',(14.022744489893,0.433317859113016,29.1348797309711));
#5167=CARTESIAN_POINT('',(13.2021079478354,1.42857718158632,31.6564645613709));
#5168=CARTESIAN_POINT('',(12.8251236617904,1.8960763260592,32.9412096971828));
#5169=CARTESIAN_POINT('',(12.147693894753,2.80140541713486,35.543077495998));
#5170=CARTESIAN_POINT('',(11.8471238623452,3.23932567570011,36.8604689336574));
#5171=CARTESIAN_POINT('',(11.3220109513166,4.12146994887128,39.5110539855621));
#5172=CARTESIAN_POINT('',(11.0974597148018,4.56575957649197,40.8443642807582));
#5173=CARTESIAN_POINT('',(10.9044817496153,5.03102059115313,42.176379090881));
#5174=CARTESIAN_POINT('',(37.1231060122936,-36.4159992311074,2.));
#5175=CARTESIAN_POINT('',(35.1521373641275,-34.4450305829413,2.));
#5176=CARTESIAN_POINT('',(33.5301198227916,-32.1299185697485,2.31061207140773));
#5177=CARTESIAN_POINT('',(30.7448227026551,-27.3574761231933,3.4479317684526));
#5178=CARTESIAN_POINT('',(29.5680343728456,-24.8985058008089,4.26926735355147));
#5179=CARTESIAN_POINT('',(26.2368825647073,-17.6769953713636,7.3492568187691));
#5180=CARTESIAN_POINT('',(24.2144783167437,-13.0675287934555,10.2147836525846));
#5181=CARTESIAN_POINT('',(19.7620787113056,-5.26391377163506,17.3274535964302));
#5182=CARTESIAN_POINT('',(17.3615366970523,-2.11534401159497,21.605048532201));
#5183=CARTESIAN_POINT('',(13.1860261398554,2.57768943918953,31.1950255026416));
#5184=CARTESIAN_POINT('',(11.5315849497653,4.1463376930299,36.4954859197651));
#5185=CARTESIAN_POINT('',(10.4796763638143,5.86474839409266,41.823620909119));
#5186=CARTESIAN_POINT('',(37.1231060122936,-36.4159992311074,2.));
#5187=CARTESIAN_POINT('',(36.1372659360397,-35.4301591548535,2.));
#5188=CARTESIAN_POINT('',(35.2362066108758,-34.3563724410217,2.07665157619416));
#5189=CARTESIAN_POINT('',(33.5847988624221,-32.1097335551519,2.37432120636371));
#5190=CARTESIAN_POINT('',(32.8337955427575,-30.9368079581097,2.59494199566895));
#5191=CARTESIAN_POINT('',(31.4411469826892,-28.5505867348321,3.16360184419138));
#5192=CARTESIAN_POINT('',(30.7998235040344,-27.3378712790586,3.51159579593431));
#5193=CARTESIAN_POINT('',(29.5854988337299,-24.9096855673675,4.32114778439498));
#5194=CARTESIAN_POINT('',(29.0128424048225,-23.6949207292347,4.78259893108774));
#5195=CARTESIAN_POINT('',(27.9024584687764,-21.2877505860863,5.80926208616028));
#5196=CARTESIAN_POINT('',(27.3649880982998,-20.0959052813977,6.37435344163548));
#5197=CARTESIAN_POINT('',(26.2998301967416,-17.7534896306734,7.60173756289919));
#5198=CARTESIAN_POINT('',(25.7723577005903,-16.6033828565141,8.2639010849726));
#5199=CARTESIAN_POINT('',(24.7106667438181,-14.3612651489732,9.68129588160678));
#5200=CARTESIAN_POINT('',(24.1766586284945,-13.269676877485,10.4363816420191));
#5201=CARTESIAN_POINT('',(23.0936325636586,-11.1594393466892,12.0368311302133));
#5202=CARTESIAN_POINT('',(22.5448284647044,-10.1411731602729,12.8820348815267));
#5203=CARTESIAN_POINT('',(21.4317285633449,-8.19026940481774,14.6602023674881));
#5204=CARTESIAN_POINT('',(20.8676506421497,-7.25796794942042,15.5929950102733));
#5205=CARTESIAN_POINT('',(19.7308033253685,-5.48958839914429,17.5430057716833));
#5206=CARTESIAN_POINT('',(19.1582999202508,-4.65385751368833,18.5600052688631));
#5207=CARTESIAN_POINT('',(18.0180658200117,-3.08490635060654,20.6733763209865));
#5208=CARTESIAN_POINT('',(17.4506823493338,-2.35206369230202,21.7694453466172));
#5209=CARTESIAN_POINT('',(16.3393479561734,-0.987194796130911,24.0335567315549));
#5210=CARTESIAN_POINT('',(15.7957202381035,-0.355456467550782,25.2012898961162));
#5211=CARTESIAN_POINT('',(14.7518425988043,0.817801895145343,27.5987841387264));
#5212=CARTESIAN_POINT('',(14.2518996164464,1.35909769559137,28.828206035646));
#5213=CARTESIAN_POINT('',(13.3127583454987,2.37135276046187,31.3362149236931));
#5214=CARTESIAN_POINT('',(12.8738014341011,2.84216052297183,32.6144656569556));
#5215=CARTESIAN_POINT('',(12.0672708195924,3.74142240306739,35.2052806692974));
#5216=CARTESIAN_POINT('',(11.6998216678967,4.1697862086905,36.5175761737204));
#5217=CARTESIAN_POINT('',(11.0375076226401,5.01668359434477,39.1607961238525));
#5218=CARTESIAN_POINT('',(10.7426505190465,5.43515060537847,40.4916023131096));
#5219=CARTESIAN_POINT('',(10.4796763638143,5.86474839409266,41.823620909119));
#5220=CARTESIAN_POINT('',(36.415999231107,-37.1231060122939,2.));
#5221=CARTESIAN_POINT('',(35.3890278640402,-36.096134645227,2.));
#5222=CARTESIAN_POINT('',(34.4557945351809,-34.9830961175552,2.07637944839193));
#5223=CARTESIAN_POINT('',(32.7537783929983,-32.6676129704325,2.37541027767362));
#5224=CARTESIAN_POINT('',(31.9842928842413,-31.4650791072826,2.59763410520665));
#5225=CARTESIAN_POINT('',(30.564489364366,-29.0323883955292,3.17202807191008));
#5226=CARTESIAN_POINT('',(29.913849591499,-27.8016513764639,3.52424331855473));
#5227=CARTESIAN_POINT('',(28.6878068660967,-25.3499179333327,4.34452100570905));
#5228=CARTESIAN_POINT('',(28.1120591508191,-24.1282160914818,4.81269033624369));
#5229=CARTESIAN_POINT('',(27.0008758256578,-21.7180416863575,5.85463984455311));
#5230=CARTESIAN_POINT('',(26.4651830791121,-20.5290091227568,6.42854067523248));
#5231=CARTESIAN_POINT('',(25.4087043095419,-18.2014934857234,7.67489127273731));
#5232=CARTESIAN_POINT('',(24.8877032515872,-17.0625468404143,8.34747028327788));
#5233=CARTESIAN_POINT('',(23.8446070401958,-14.8504468516417,9.78651337394369));
#5234=CARTESIAN_POINT('',(23.3223015414619,-13.7768708462848,10.5531229682174));
#5235=CARTESIAN_POINT('',(22.2692384748794,-11.7085830620381,12.1768877533024));
#5236=CARTESIAN_POINT('',(21.7382670564728,-10.7134882102572,13.0342029205821));
#5237=CARTESIAN_POINT('',(20.6684000539678,-8.8128250784526,14.8362562052605));
#5238=CARTESIAN_POINT('',(20.1292865886594,-7.90692068478742,15.7811654145219));
#5239=CARTESIAN_POINT('',(19.0508809600179,-6.19298180585156,17.7543645230015));
#5240=CARTESIAN_POINT('',(18.5113228062166,-5.38460011115802,18.7828730436645));
#5241=CARTESIAN_POINT('',(17.4459419291397,-3.86929752247467,20.9175871272064));
#5242=CARTESIAN_POINT('',(16.9197719814205,-3.16199900916355,22.024095219398));
#5243=CARTESIAN_POINT('',(15.8993584312198,-1.8440860257749,24.307151746961));
#5244=CARTESIAN_POINT('',(15.4047916243257,-1.2331836464109,25.4840093770779));
#5245=CARTESIAN_POINT('',(14.466638123098,-0.0945938208019277,27.8977037785184));
#5246=CARTESIAN_POINT('',(14.022744489893,0.433317859113016,29.1348797309711));
#5247=CARTESIAN_POINT('',(13.2021079478354,1.42857718158632,31.6564645613709));
#5248=CARTESIAN_POINT('',(12.8251236617904,1.8960763260592,32.9412096971828));
#5249=CARTESIAN_POINT('',(12.147693894753,2.80140541713486,35.543077495998));
#5250=CARTESIAN_POINT('',(11.8471238623452,3.23932567570011,36.8604689336574));
#5251=CARTESIAN_POINT('',(11.3220109513166,4.12146994887128,39.5110539855621));
#5252=CARTESIAN_POINT('',(11.0974597148018,4.56575957649197,40.8443642807582));
#5253=CARTESIAN_POINT('',(10.9044817496153,5.03102059115313,42.176379090881));
#5254=CARTESIAN_POINT('',(37.1231060122936,-36.4159992311074,22.));
#5255=CARTESIAN_POINT('',(35.4716605417847,-34.7645537605985,22.));
#5256=CARTESIAN_POINT('',(34.1832927166518,-33.0550647010275,22.3138166499201));
#5257=CARTESIAN_POINT('',(33.1694565300381,-31.2874334898266,22.8562699249716));
#5258=CARTESIAN_POINT('',(32.1556203434244,-29.5198022786256,23.398723200023));
#5259=CARTESIAN_POINT('',(31.416027290719,-27.6925441931184,24.1699983039343));
#5260=CARTESIAN_POINT('',(30.869165452575,-25.8051213109092,25.0929306203202));
#5261=CARTESIAN_POINT('',(30.3223036144311,-23.9176984287,26.0158629367061));
#5262=CARTESIAN_POINT('',(29.9687921922661,-21.9704160144678,27.0908828504414));
#5263=CARTESIAN_POINT('',(29.7280550986289,-19.971379696565,28.2418079485759));
#5264=CARTESIAN_POINT('',(29.4873180049918,-17.9723433786621,29.3927330467103));
#5265=CARTESIAN_POINT('',(29.3593202613885,-15.9218256612096,30.6195432486479));
#5266=CARTESIAN_POINT('',(29.2606287574873,-13.8307576954185,31.8446024080404));
#5267=CARTESIAN_POINT('',(29.1619372535861,-11.7396897296274,33.0696615674328));
#5268=CARTESIAN_POINT('',(29.0924505405093,-9.60798790171335,34.2929304653562));
#5269=CARTESIAN_POINT('',(28.9671711987403,-7.44830050306218,35.4358801318256));
#5270=CARTESIAN_POINT('',(28.8418918569712,-5.28861310441101,36.578829798295));
#5271=CARTESIAN_POINT('',(28.6607518381774,-3.10073016026872,37.6413376572027));
#5272=CARTESIAN_POINT('',(28.3384906695264,-0.901339242920571,38.5449561458983));
#5273=CARTESIAN_POINT('',(28.0162295008754,1.29805167442758,39.4485746345939));
#5274=CARTESIAN_POINT('',(27.5524317268906,3.50887861887541,40.1922873527203));
#5275=CARTESIAN_POINT('',(26.8640623189355,5.70817614466151,40.7049175396484));
#5276=CARTESIAN_POINT('',(26.1756929109804,7.9074736704476,41.2175477265765));
#5277=CARTESIAN_POINT('',(25.2609649263122,10.0907753763253,41.5));
#5278=CARTESIAN_POINT('',(24.0571778776083,12.2577401084015,41.5));
#5279=CARTESIAN_POINT('',(37.1231060122936,-36.4159992311074,18.6666666666667));
#5280=CARTESIAN_POINT('',(35.4187680992891,-34.7116613181029,18.6666666666667));
#5281=CARTESIAN_POINT('',(34.0747379270728,-32.9014744165951,18.9798800645468));
#5282=CARTESIAN_POINT('',(32.9973631922977,-31.029973365167,19.5267883674349));
#5283=CARTESIAN_POINT('',(31.9199884575225,-29.1584723137388,20.073696670323));
#5284=CARTESIAN_POINT('',(31.1072755449435,-27.2244199496677,20.8536009918963));
#5285=CARTESIAN_POINT('',(30.4669473532767,-25.2492185847951,21.794058278895));
#5286=CARTESIAN_POINT('',(29.82661916161,-23.2740172199226,22.7345155658938));
#5287=CARTESIAN_POINT('',(29.3590059186607,-21.2572755774549,23.835928064744));
#5288=CARTESIAN_POINT('',(28.9826084246154,-19.2172713188367,25.0310807624016));
#5289=CARTESIAN_POINT('',(28.60621093057,-17.1772670602185,26.2262334600591));
#5290=CARTESIAN_POINT('',(28.3211137906153,-15.1143704136178,27.5152581725506));
#5291=CARTESIAN_POINT('',(28.0546868305024,-13.0461929291563,28.8316695432833));
#5292=CARTESIAN_POINT('',(27.7882598703895,-10.9780154446947,30.148080914016));
#5293=CARTESIAN_POINT('',(27.5405606394286,-8.90482778404285,31.4919794710186));
#5294=CARTESIAN_POINT('',(27.2473115473942,-6.84232352528954,32.7949181504376));
#5295=CARTESIAN_POINT('',(26.9540624553599,-4.77981926653622,34.0978568298565));
#5296=CARTESIAN_POINT('',(26.6156963133412,-2.72832341919906,35.3597909393528));
#5297=CARTESIAN_POINT('',(26.1734243867791,-0.697587654635084,36.508895249104));
#5298=CARTESIAN_POINT('',(25.7311524602169,1.33314810992889,37.6579995588551));
#5299=CARTESIAN_POINT('',(25.1853622472489,3.34337694739896,38.6932614361243));
#5300=CARTESIAN_POINT('',(24.4747544829274,5.32703547175701,39.5447507584328));
#5301=CARTESIAN_POINT('',(23.7641467186059,7.31069399611507,40.3962400807413));
#5302=CARTESIAN_POINT('',(22.8865463988944,9.2637117715539,41.0632856216764));
#5303=CARTESIAN_POINT('',(21.7896450352603,11.2013007522236,41.5));
#5304=CARTESIAN_POINT('',(37.1231060122936,-36.4159992311074,15.3333333333333));
#5305=CARTESIAN_POINT('',(35.3656611552073,-34.6585543740211,15.3333333333333));
#5306=CARTESIAN_POINT('',(33.9659843904548,-32.7474890841265,15.6459887522233));
#5307=CARTESIAN_POINT('',(32.8253321044833,-30.7726250060304,16.1972949800956));
#5308=CARTESIAN_POINT('',(31.6846798185118,-28.7977609279342,16.748601207968));
#5309=CARTESIAN_POINT('',(30.7989666069365,-26.7579404181014,17.5369411176285));
#5310=CARTESIAN_POINT('',(30.0647707855068,-24.6956173380451,18.4948032251258));
#5311=CARTESIAN_POINT('',(29.3305749640771,-22.6332942579888,19.4526653326231));
#5312=CARTESIAN_POINT('',(28.7480980956537,-20.5473307748097,20.5804683416351));
#5313=CARTESIAN_POINT('',(28.2352383741045,-18.4662967659942,21.8200886497386));
#5314=CARTESIAN_POINT('',(27.7223786525553,-16.3852627571787,23.0597089578421));
#5315=CARTESIAN_POINT('',(27.2793640813867,-14.309661000052,24.4114039254398));
#5316=CARTESIAN_POINT('',(26.8443527329976,-12.2640544379756,25.8198812267094));
#5317=CARTESIAN_POINT('',(26.4093413846085,-10.2184478758992,27.2283585279791));
#5318=CARTESIAN_POINT('',(25.9825720877241,-8.20345223034831,28.6938320172966));
#5319=CARTESIAN_POINT('',(25.5204016503767,-6.23782685781049,30.158187488254));
#5320=CARTESIAN_POINT('',(25.0582312130293,-4.27220148527268,31.6225429592113));
#5321=CARTESIAN_POINT('',(24.5616448636673,-2.35690193718333,33.0857515893188));
#5322=CARTESIAN_POINT('',(23.998383928867,-0.494170305863659,34.4832513752199));
#5323=CARTESIAN_POINT('',(23.4351229940667,1.36856132545602,35.8807511611209));
#5324=CARTESIAN_POINT('',(22.806462242271,3.17903493040319,37.2117799740118));
#5325=CARTESIAN_POINT('',(22.0730761510989,4.95130617964027,38.407358348739));
#5326=CARTESIAN_POINT('',(21.3396900599269,6.72357742887734,39.6029367234662));
#5327=CARTESIAN_POINT('',(20.4994902417528,8.4564437549543,40.6609285996329));
#5328=CARTESIAN_POINT('',(19.5067470512748,10.1750171949303,41.5320378329227));
#5329=CARTESIAN_POINT('',(37.1231060122936,-36.4159992311074,12.));
#5330=CARTESIAN_POINT('',(35.3123925674775,-34.6052857862913,12.));
#5331=CARTESIAN_POINT('',(33.8571040340925,-32.5932604232277,12.3121255918084));
#5332=CARTESIAN_POINT('',(32.6533403287754,-30.5153461807811,12.8677942028429));
#5333=CARTESIAN_POINT('',(31.4495766234582,-28.4374319383344,13.4234628138773));
#5334=CARTESIAN_POINT('',(30.4910008583004,-26.2924313886756,14.2201262465532));
#5335=CARTESIAN_POINT('',(29.6628205073777,-24.1435292582551,15.1952725684377));
#5336=CARTESIAN_POINT('',(28.834640156455,-21.9946271278347,16.1704188903222));
#5337=CARTESIAN_POINT('',(28.1369623784458,-19.8399032112614,17.3245034558572));
#5338=CARTESIAN_POINT('',(27.4871608295324,-17.7182690915209,18.6085939971469));
#5339=CARTESIAN_POINT('',(26.8373592806191,-15.5966349717804,19.8926845384365));
#5340=CARTESIAN_POINT('',(26.2358199898998,-13.5087097470787,21.307165354863));
#5341=CARTESIAN_POINT('',(25.6315852616916,-11.4862758957597,22.8079826515457));
#5342=CARTESIAN_POINT('',(25.0273505334833,-9.46384204444063,24.3087999482285));
#5343=CARTESIAN_POINT('',(24.4208475156948,-7.50782108979132,25.8962737978747));
#5344=CARTESIAN_POINT('',(23.7892194782484,-5.64038439872885,27.522727110986));
#5345=CARTESIAN_POINT('',(23.157591440802,-3.77294770766638,29.1491804240973));
#5346=CARTESIAN_POINT('',(22.5024118099398,-1.99562884402084,30.8145409728379));
#5347=CARTESIAN_POINT('',(21.8183483985223,-0.303576850479754,32.4619327302226));
#5348=CARTESIAN_POINT('',(21.1342849871048,1.38847514306133,34.1093244876072));
#5349=CARTESIAN_POINT('',(20.4234595240777,2.99543863080915,35.7380028669535));
#5350=CARTESIAN_POINT('',(19.6698005854131,4.55213005461513,37.2822306559764));
#5351=CARTESIAN_POINT('',(18.9161416467484,6.10882147842112,38.8264584449993));
#5352=CARTESIAN_POINT('',(18.1185387343503,7.61588438752303,40.2843469636994));
#5353=CARTESIAN_POINT('',(17.2377151905138,9.12151982906095,41.6011879906788));
#5354=CARTESIAN_POINT('',(37.1231060122936,-36.4159992311074,8.66666666666666));
#5355=CARTESIAN_POINT('',(35.2591239797476,-34.5520171985614,8.66666666666666));
#5356=CARTESIAN_POINT('',(33.7482236777303,-32.4390317623289,8.97826243139363));
#5357=CARTESIAN_POINT('',(32.4813485530674,-30.2580673555318,9.53829342559015));
#5358=CARTESIAN_POINT('',(31.2144734284046,-28.0771029487346,10.0983244197867));
#5359=CARTESIAN_POINT('',(30.1830351096644,-25.8269223592498,10.903311375478));
#5360=CARTESIAN_POINT('',(29.2608702292486,-23.5914411784652,11.8957419117496));
#5361=CARTESIAN_POINT('',(28.3387053488329,-21.3559599976806,12.8881724480212));
#5362=CARTESIAN_POINT('',(27.5258266612379,-19.1324756477131,14.0685385700793));
#5363=CARTESIAN_POINT('',(26.7390832849604,-16.9702414170476,15.3970993445551));
#5364=CARTESIAN_POINT('',(25.9523399086829,-14.808007186382,16.7256601190309));
#5365=CARTESIAN_POINT('',(25.192275898413,-12.7077584941053,18.2029267842862));
#5366=CARTESIAN_POINT('',(24.4188177903856,-10.7084973535437,19.7960840763821));
#5367=CARTESIAN_POINT('',(23.6453596823582,-8.70923621298203,21.3892413684779));
#5368=CARTESIAN_POINT('',(22.8591229436654,-6.81218994923433,23.0987155784529));
#5369=CARTESIAN_POINT('',(22.0580373061201,-5.04294193964721,24.8872667337181));
#5370=CARTESIAN_POINT('',(21.2569516685747,-3.27369393006008,26.6758178889832));
#5371=CARTESIAN_POINT('',(20.4431787562122,-1.63435575085834,28.543330356357));
#5372=CARTESIAN_POINT('',(19.6383128681775,-0.112983395095848,30.4406140852253));
#5373=CARTESIAN_POINT('',(18.8334469801428,1.40838896066665,32.3378978140935));
#5374=CARTESIAN_POINT('',(18.0404568058845,2.81184233121512,34.2642257598952));
#5375=CARTESIAN_POINT('',(17.2665250197272,4.15295392959,36.1571029632138));
#5376=CARTESIAN_POINT('',(16.4925932335699,5.49406552796489,38.0499801665324));
#5377=CARTESIAN_POINT('',(15.7375872269478,6.77532502009177,39.907765327766));
#5378=CARTESIAN_POINT('',(14.9686833297528,8.0680224631916,41.6703381484349));
#5379=CARTESIAN_POINT('',(37.1231060122936,-36.4159992311074,5.33333333333333));
#5380=CARTESIAN_POINT('',(35.2056932728529,-34.4985864916667,5.33333333333333));
#5381=CARTESIAN_POINT('',(33.6392151180547,-32.2845564685849,5.64442778479113));
#5382=CARTESIAN_POINT('',(32.3093965500038,-30.0008589567844,6.2087851658339));
#5383=CARTESIAN_POINT('',(30.9795779819528,-27.7171614449839,6.77314254687666));
#5384=CARTESIAN_POINT('',(29.8754097170872,-25.3623996840957,7.58633917652691));
#5385=CARTESIAN_POINT('',(28.8591357700246,-23.0408751423875,8.59593545712485));
#5386=CARTESIAN_POINT('',(27.842861822962,-20.7193506006792,9.60553173772279));
#5387=CARTESIAN_POINT('',(26.9144432025871,-18.4275441603813,10.8120772872188));
#5388=CARTESIAN_POINT('',(25.9902976630539,-16.2251224239895,12.1851109105908));
#5389=CARTESIAN_POINT('',(25.0661521235208,-14.0227006875976,13.5581445339628));
#5390=CARTESIAN_POINT('',(24.146991692998,-11.9105019536285,15.098305711029));
#5391=CARTESIAN_POINT('',(23.2037306723409,-9.93502480658317,16.7840434172838));
#5392=CARTESIAN_POINT('',(22.2604696516838,-7.95954765953784,18.4697811235386));
#5393=CARTESIAN_POINT('',(21.2939140831875,-6.12228698417601,20.3016278735419));
#5394=CARTESIAN_POINT('',(20.3229855331682,-4.45258069354873,22.2528115296735));
#5395=CARTESIAN_POINT('',(19.3520569831488,-2.78287440292145,24.2039951858051));
#5396=CARTESIAN_POINT('',(18.3795363604441,-1.28335341233519,26.2743295220372));
#5397=CARTESIAN_POINT('',(17.4544339269018,0.0646348312297594,28.4224044944696));
#5398=CARTESIAN_POINT('',(16.5293314933596,1.41262307479471,30.5704794669021));
#5399=CARTESIAN_POINT('',(15.6554454142011,2.60898310827292,32.7954373634272));
#5400=CARTESIAN_POINT('',(14.8643535974002,3.72990510106374,35.0389748146693));
#5401=CARTESIAN_POINT('',(14.0732617805994,4.85082709385457,37.2825122659115));
#5402=CARTESIAN_POINT('',(13.3660494854243,5.89952312516979,39.5434185946488));
#5403=CARTESIAN_POINT('',(12.7182401535516,6.97804273703301,41.7590738370676));
#5404=CARTESIAN_POINT('',(37.1231060122936,-36.4159992311074,2.));
#5405=CARTESIAN_POINT('',(35.1521373641274,-34.4450305829412,2.));
#5406=CARTESIAN_POINT('',(33.5301198227916,-32.1299185697485,2.31061207140773));
#5407=CARTESIAN_POINT('',(32.1374712627233,-29.7436973464709,2.87927191993016));
#5408=CARTESIAN_POINT('',(30.7448227026551,-27.3574761231933,3.4479317684526));
#5409=CARTESIAN_POINT('',(29.5680343728456,-24.8985058008089,4.26926735355147));
#5410=CARTESIAN_POINT('',(28.4576504367995,-22.4913356576605,5.29593050862401));
#5411=CARTESIAN_POINT('',(27.3472665007534,-20.084165514512,6.32259366369655));
#5412=CARTESIAN_POINT('',(26.3032031789764,-17.7244417102846,7.55520368665552));
#5413=CARTESIAN_POINT('',(25.2415122222042,-15.4823240027437,8.97259848328969));
#5414=CARTESIAN_POINT('',(24.179821265432,-13.2402062952028,10.3899932799239));
#5415=CARTESIAN_POINT('',(23.1013784153841,-11.1166250380004,11.992951138546));
#5416=CARTESIAN_POINT('',(21.9882785140246,-9.1657212825453,13.7711186245074));
#5417=CARTESIAN_POINT('',(20.8751786126651,-7.21481752709018,15.5492861104688));
#5418=CARTESIAN_POINT('',(19.7284169703703,-5.43833309522922,17.5033197428014));
#5419=CARTESIAN_POINT('',(18.5881828701312,-3.86938193214743,19.6166907949248));
#5420=CARTESIAN_POINT('',(17.4479487698921,-2.30043076906564,21.7300618470482));
#5421=CARTESIAN_POINT('',(16.3176590577531,-0.942085648898846,24.0025427748112));
#5422=CARTESIAN_POINT('',(15.2737814184539,0.23117271379728,26.4000370174213));
#5423=CARTESIAN_POINT('',(14.2299037791547,1.40443107649341,28.7975312600314));
#5424=CARTESIAN_POINT('',(13.2770667413555,2.39252958292405,31.3190581507847));
#5425=CARTESIAN_POINT('',(12.4705361268468,3.29179146301961,33.9098731631265));
#5426=CARTESIAN_POINT('',(11.6640055123381,4.19105334311517,36.5006881754683));
#5427=CARTESIAN_POINT('',(11.0056306567898,5.00554304356128,39.159553414442));
#5428=CARTESIAN_POINT('',(10.4796763638143,5.86474839409266,41.823620909119));
#5429=CARTESIAN_POINT('',(36.415999231107,-37.1231060122939,2.));
#5430=CARTESIAN_POINT('',(34.3627185053719,-35.0698252865588,2.));
#5431=CARTESIAN_POINT('',(32.6941946441789,-32.6814244631592,2.31043712185494));
#5432=CARTESIAN_POINT('',(31.2743911243037,-30.2487337514059,2.88483108855836));
#5433=CARTESIAN_POINT('',(29.8545876044284,-27.8160430396525,3.45922505526179));
#5434=CARTESIAN_POINT('',(28.6676508133998,-25.333303294044,4.29171558208898));
#5435=CARTESIAN_POINT('',(27.5564674882385,-22.9231288889196,5.3336650903984));
#5436=CARTESIAN_POINT('',(26.4452841630772,-20.5129544837953,6.37561459870782));
#5437=CARTESIAN_POINT('',(25.4092513572828,-18.1685968348006,7.62794873794497));
#5438=CARTESIAN_POINT('',(24.3661551458915,-15.956496846028,9.06699182861078));
#5439=CARTESIAN_POINT('',(23.3230589345002,-13.7443968572554,10.5060349192766));
#5440=CARTESIAN_POINT('',(22.2732005577253,-11.6638197761595,12.1331762782429));
#5441=CARTESIAN_POINT('',(21.2033335552203,-9.7631566443549,13.9352295629213));
#5442=CARTESIAN_POINT('',(20.1334665527154,-7.86249351255028,15.7372828475997));
#5443=CARTESIAN_POINT('',(19.044013244755,-6.14225140549969,17.7155160018936));
#5444=CARTESIAN_POINT('',(17.9786323676781,-4.62694881681634,19.8502300854354));
#5445=CARTESIAN_POINT('',(16.9132514906012,-3.111646228133,21.9849441689773));
#5446=CARTESIAN_POINT('',(15.8738683749395,-1.80247855921538,24.2771621763577));
#5447=CARTESIAN_POINT('',(14.9357148737118,-0.663888733606412,26.6908565777982));
#5448=CARTESIAN_POINT('',(13.9975613724842,0.47470109200256,29.1045509792387));
#5449=CARTESIAN_POINT('',(13.1638385453091,1.44341178052138,31.6402757977752));
#5450=CARTESIAN_POINT('',(12.4864087782717,2.34874087159703,34.2421435965904));
#5451=CARTESIAN_POINT('',(11.8089790112342,3.25406996267269,36.8440113954055));
#5452=CARTESIAN_POINT('',(11.2904328333309,4.10051024689916,39.5123829242961));
#5453=CARTESIAN_POINT('',(10.9044817496153,5.03102059115313,42.176379090881));
#5454=CARTESIAN_POINT('',(36.415999231107,-37.1231060122939,5.33333333333333));
#5455=CARTESIAN_POINT('',(34.4193474977156,-35.1264542789025,5.33333333333333));
#5456=CARTESIAN_POINT('',(32.8047484087151,-32.8386527088921,5.64394654292776));
#5457=CARTESIAN_POINT('',(31.4458731968666,-30.5051370361821,6.21442567457321));
#5458=CARTESIAN_POINT('',(30.0869979850181,-28.1716213634722,6.78490480621866));
#5459=CARTESIAN_POINT('',(28.9703872976501,-25.7876224863289,7.61031326984013));
#5460=CARTESIAN_POINT('',(27.9507346461045,-23.4573072056844,8.63706087539382));
#5461=CARTESIAN_POINT('',(26.9310819945589,-21.1269919250399,9.66380848094752));
#5462=CARTESIAN_POINT('',(26.0078540982888,-18.8446273381058,10.892633066615));
#5463=CARTESIAN_POINT('',(25.0985765001381,-16.6668792858996,12.2905893493263));
#5464=CARTESIAN_POINT('',(24.1892989019873,-14.4891312336934,13.6885456320376));
#5465=CARTESIAN_POINT('',(23.2942403920648,-12.4153244186205,15.2568004696284));
#5466=CARTESIAN_POINT('',(22.3889387630516,-10.4869022256639,16.9712467389068));
#5467=CARTESIAN_POINT('',(21.4836371340383,-8.55848003270733,18.6856930081851));
#5468=CARTESIAN_POINT('',(20.5684677025151,-6.77582165819881,20.5474019137039));
#5469=CARTESIAN_POINT('',(19.6667940271287,-5.16011478005051,22.52691420396));
#5470=CARTESIAN_POINT('',(18.7651203517422,-3.5444079019022,24.5064264942162));
#5471=CARTESIAN_POINT('',(17.8786133374687,-2.09657841775291,26.6045912706035));
#5472=CARTESIAN_POINT('',(17.0570907794469,-0.786880471002548,28.7783401682132));
#5473=CARTESIAN_POINT('',(16.2355682214252,0.522817475747814,30.952089065823));
#5474=CARTESIAN_POINT('',(15.4817566113332,1.69500068768442,33.2019242603728));
#5475=CARTESIAN_POINT('',(14.8257633232816,2.81999774475768,35.4679141517614));
#5476=CARTESIAN_POINT('',(14.16977003523,3.94499480183094,37.73390404315));
#5477=CARTESIAN_POINT('',(13.6142096971725,5.02672465589543,40.0165283542996));
#5478=CARTESIAN_POINT('',(13.1209509001758,6.18767812013898,42.2409261629324));
#5479=CARTESIAN_POINT('',(36.415999231107,-37.1231060122939,8.66666666666666));
#5480=CARTESIAN_POINT('',(34.47610169189,-35.1832084730769,8.66666666666666));
#5481=CARTESIAN_POINT('',(32.9153889088387,-32.9960435597174,8.97743703078149));
#5482=CARTESIAN_POINT('',(31.6173285536463,-30.7614935325246,9.54402524673553));
#5483=CARTESIAN_POINT('',(30.3192681984539,-28.5269435053318,10.1106134626896));
#5484=CARTESIAN_POINT('',(29.272873733565,-26.2413128867466,10.9290105816157));
#5485=CARTESIAN_POINT('',(28.3447526779718,-23.9904589710984,11.9406551542654));
#5486=CARTESIAN_POINT('',(27.4166316223786,-21.7396050554502,12.9522997269151));
#5487=CARTESIAN_POINT('',(26.6063134042547,-19.518828804176,14.1577297129877));
#5488=CARTESIAN_POINT('',(25.8309976733279,-17.3749411539589,15.5147108633785));
#5489=CARTESIAN_POINT('',(25.0556819424011,-15.2310535037417,16.8716920137694));
#5490=CARTESIAN_POINT('',(24.3156092986033,-13.1634494362326,18.3811581602397));
#5491=CARTESIAN_POINT('',(23.5749090111545,-11.2064787840502,20.0081480485704));
#5492=CARTESIAN_POINT('',(22.8342087237056,-9.24950813186786,21.6351379369011));
#5493=CARTESIAN_POINT('',(22.0932104126143,-7.40344283478638,23.3805082513438));
#5494=CARTESIAN_POINT('',(21.3547065766642,-5.68611825858749,25.2052638531887));
#5495=CARTESIAN_POINT('',(20.6162027407141,-3.96879368238859,27.0300194550337));
#5496=CARTESIAN_POINT('',(19.8815932069206,-2.38094370120363,28.9348062777555));
#5497=CARTESIAN_POINT('',(19.1752402523544,-0.898791864640598,30.869981644921));
#5498=CARTESIAN_POINT('',(18.4688872977881,0.583359971922438,32.8051570120866));
#5499=CARTESIAN_POINT('',(17.7930419585197,1.96018389725412,34.7711635391448));
#5500=CARTESIAN_POINT('',(17.156763916518,3.3063194274362,36.7046582099308));
#5501=CARTESIAN_POINT('',(16.5204858745164,4.65245495761827,38.6381528807168));
#5502=CARTESIAN_POINT('',(15.9268676481249,5.97111725157823,40.5401922313928));
#5503=CARTESIAN_POINT('',(15.3255406642725,7.3676502659066,42.3296618515651));
#5504=CARTESIAN_POINT('',(36.415999231107,-37.1231060122939,12.));
#5505=CARTESIAN_POINT('',(34.5330180052293,-35.2401247864162,12.));
#5506=CARTESIAN_POINT('',(33.0261576122759,-33.1536810433879,12.3108990048229));
#5507=CARTESIAN_POINT('',(31.7887441377818,-31.0177796023651,12.8736323014014));
#5508=CARTESIAN_POINT('',(30.5513306632877,-28.8818781613423,13.4363655979799));
#5509=CARTESIAN_POINT('',(29.575019813421,-26.6940169328925,14.247865221267));
#5510=CARTESIAN_POINT('',(28.7385548909339,-24.5220886928002,15.2445252310735));
#5511=CARTESIAN_POINT('',(27.9020899684469,-22.3501604527078,16.24118524088));
#5512=CARTESIAN_POINT('',(27.2050204516635,-20.1905341940296,17.423322756443));
#5513=CARTESIAN_POINT('',(26.5641269238521,-18.0800943406029,18.7393261588034));
#5514=CARTESIAN_POINT('',(25.9232333960408,-15.9696544871762,20.0553295611637));
#5515=CARTESIAN_POINT('',(25.3387183190698,-13.9078797413483,21.5058983535315));
#5516=CARTESIAN_POINT('',(24.763198905996,-11.9217493471811,23.0451914421686));
#5517=CARTESIAN_POINT('',(24.1876794929221,-9.93561895301395,24.5844845308057));
#5518=CARTESIAN_POINT('',(23.6214374111621,-8.0253358358753,26.2131440744728));
#5519=CARTESIAN_POINT('',(23.0464887270234,-6.2050405241413,27.8826083291941));
#5520=CARTESIAN_POINT('',(22.4715400428846,-4.3847452124073,29.5520725839154));
#5521=CARTESIAN_POINT('',(21.8889824184132,-2.65503823001501,31.2628115027465));
#5522=CARTESIAN_POINT('',(21.2972331361927,-0.997728029220351,32.9585140673872));
#5523=CARTESIAN_POINT('',(20.7054838539721,0.659582171574313,34.6542166320279));
#5524=CARTESIAN_POINT('',(20.1063359791962,2.244630030172,36.3354141073265));
#5525=CARTESIAN_POINT('',(19.4866603663955,3.81651381361585,37.934402723882));
#5526=CARTESIAN_POINT('',(18.8669847535949,5.3883975970597,39.5333913404376));
#5527=CARTESIAN_POINT('',(18.2301118331985,6.95075237475174,41.0516212056696));
#5528=CARTESIAN_POINT('',(17.5115417438093,8.58410477196346,42.3988120093212));
#5529=CARTESIAN_POINT('',(36.415999231107,-37.1231060122939,15.3333333333333));
#5530=CARTESIAN_POINT('',(34.5899343185686,-35.2970410997554,15.3333333333333));
#5531=CARTESIAN_POINT('',(33.1369263157131,-33.3113185270584,15.6443609788643));
#5532=CARTESIAN_POINT('',(31.9601597219173,-31.2740656722056,16.2032393560672));
#5533=CARTESIAN_POINT('',(30.7833931281215,-29.2368128173528,16.7621177332702));
#5534=CARTESIAN_POINT('',(29.877165893277,-27.1467209790384,17.5667198609183));
#5535=CARTESIAN_POINT('',(29.1323571038961,-25.053718414502,18.5483953078817));
#5536=CARTESIAN_POINT('',(28.3875483145151,-22.9607158499655,19.530070754845));
#5537=CARTESIAN_POINT('',(27.8037274990722,-20.8622395838833,20.6889157998984));
#5538=CARTESIAN_POINT('',(27.2972561743764,-18.7852475272469,21.9639414542282));
#5539=CARTESIAN_POINT('',(26.7907848496806,-16.7082554706106,23.238967108558));
#5540=CARTESIAN_POINT('',(26.3618273395364,-14.6523100464639,24.6306385468232));
#5541=CARTESIAN_POINT('',(25.9514888008375,-12.637019910312,26.0822348357668));
#5542=CARTESIAN_POINT('',(25.5411502621386,-10.62172977416,27.5338311247104));
#5543=CARTESIAN_POINT('',(25.14966440971,-8.64722883696421,29.0457798976018));
#5544=CARTESIAN_POINT('',(24.7382708773825,-6.72396278969511,30.5599528051994));
#5545=CARTESIAN_POINT('',(24.3268773450551,-4.80069674242601,32.0741257127971));
#5546=CARTESIAN_POINT('',(23.8963716299058,-2.92913275882639,33.5908167277374));
#5547=CARTESIAN_POINT('',(23.419226020031,-1.0966641938001,35.0470464898533));
#5548=CARTESIAN_POINT('',(22.9420804101562,0.735804371226188,36.5032762519691));
#5549=CARTESIAN_POINT('',(22.4196299998727,2.52907616308988,37.8996646755082));
#5550=CARTESIAN_POINT('',(21.816556816273,4.3267081997955,39.1641472378333));
#5551=CARTESIAN_POINT('',(21.2134836326734,6.12434023650112,40.4286298001583));
#5552=CARTESIAN_POINT('',(20.533356018272,7.93038749792525,41.5630501799465));
#5553=CARTESIAN_POINT('',(19.6975428233461,9.80055927802031,42.4679621670773));
#5554=CARTESIAN_POINT('',(36.415999231107,-37.1231060122939,18.6666666666667));
#5555=CARTESIAN_POINT('',(34.6470122755559,-35.3541190567428,18.6666666666667));
#5556=CARTESIAN_POINT('',(33.2478218388943,-33.469199339159,18.9777948009969));
#5557=CARTESIAN_POINT('',(32.1315359939462,-31.5302822081588,19.5328538006465));
#5558=CARTESIAN_POINT('',(31.0152501489982,-29.5913650771585,20.087912800296));
#5559=CARTESIAN_POINT('',(30.1789687837621,-27.5984545230438,20.8857294973771));
#5560=CARTESIAN_POINT('',(29.5259330272174,-25.5838349692436,21.8525409876087));
#5561=CARTESIAN_POINT('',(28.8728972706727,-23.5692154154435,22.8193524778403));
#5562=CARTESIAN_POINT('',(28.4026624406818,-21.53142773464,23.9550140060228));
#5563=CARTESIAN_POINT('',(28.0310929189618,-19.4874538355218,25.1890592895819));
#5564=CARTESIAN_POINT('',(27.6595233972417,-17.4434799364037,26.4231045731409));
#5565=CARTESIAN_POINT('',(27.3867307422612,-15.3929821909872,27.7557630635808));
#5566=CARTESIAN_POINT('',(27.1422120694802,-13.3479305244782,29.1193884879548));
#5567=CARTESIAN_POINT('',(26.8976933966992,-11.3028788579693,30.4830139123287));
#5568=CARTESIAN_POINT('',(26.6816274285827,-9.26337742491556,31.8778264864305));
#5569=CARTESIAN_POINT('',(26.4343253028525,-7.23583084685152,33.2360269962891));
#5570=CARTESIAN_POINT('',(26.1870231771223,-5.20828426878748,34.5942275061477));
#5571=CARTESIAN_POINT('',(25.908942445452,-3.19307889878454,35.9159932191753));
#5572=CARTESIAN_POINT('',(25.546213976302,-1.18277646499234,37.1312536834326));
#5573=CARTESIAN_POINT('',(25.1834855071521,0.827525968799869,38.3465141476899));
#5574=CARTESIAN_POINT('',(24.7370267337646,2.83277657860601,39.4562108886357));
#5575=CARTESIAN_POINT('',(24.148050500008,4.86034941888353,40.3816270348533));
#5576=CARTESIAN_POINT('',(23.5590742662514,6.88792225916104,41.307043181071));
#5577=CARTESIAN_POINT('',(22.8304955536065,8.94331397193043,42.0487037681133));
#5578=CARTESIAN_POINT('',(21.8696777796584,11.0442275926532,42.5));
#5579=CARTESIAN_POINT('',(36.415999231107,-37.1231060122939,22.));
#5580=CARTESIAN_POINT('',(34.7043047341295,-35.4114115153163,22.));
#5581=CARTESIAN_POINT('',(33.3589161091146,-33.6274751992959,22.3111833500799));
#5582=CARTESIAN_POINT('',(32.3028500160492,-31.786386978589,22.8624800750284));
#5583=CARTESIAN_POINT('',(31.2467839229837,-29.945298757882,23.4137767999769));
#5584=CARTESIAN_POINT('',(30.4803288664786,-28.0485433551648,24.2050016960657));
#5585=CARTESIAN_POINT('',(29.9194674190103,-26.1116500446213,25.1570693796798));
#5586=CARTESIAN_POINT('',(29.358605971542,-24.1747567340778,26.1091370632939));
#5587=CARTESIAN_POINT('',(29.0027189316931,-22.197420251029,27.2216171495586));
#5588=CARTESIAN_POINT('',(28.7668530400445,-20.1865263189109,28.4144420514241));
#5589=CARTESIAN_POINT('',(28.5309871483959,-18.1756323867928,29.6072669532897));
#5590=CARTESIAN_POINT('',(28.4151773834414,-16.1309085014844,30.880456751352));
#5591=CARTESIAN_POINT('',(28.3373275086429,-14.0564148635628,32.1553975919596));
#5592=CARTESIAN_POINT('',(28.2594776338443,-11.9819212256413,33.4303384325672));
#5593=CARTESIAN_POINT('',(28.2196890980791,-9.87774144889097,34.7070695346438));
#5594=CARTESIAN_POINT('',(28.1374299739939,-7.74621859371434,35.9078698681744));
#5595=CARTESIAN_POINT('',(28.0551708499087,-5.61469573853771,37.108670201705));
#5596=CARTESIAN_POINT('',(27.930509185836,-3.45603977968876,38.2336623427973));
#5597=CARTESIAN_POINT('',(27.6831761077378,-1.26855449667051,39.2050438541017));
#5598=CARTESIAN_POINT('',(27.4358430296397,0.918930786347745,40.1764253654061));
#5599=CARTESIAN_POINT('',(27.0662539929927,3.13531733964148,40.9952126472798));
#5600=CARTESIAN_POINT('',(26.4919146795632,5.38857925718382,41.5763324603516));
#5601=CARTESIAN_POINT('',(25.9175753661338,7.64184117472616,42.1574522734235));
#5602=CARTESIAN_POINT('',(25.1402727186647,9.93644485776384,42.5));
#5603=CARTESIAN_POINT('',(24.0571778776083,12.2577401084015,42.5));
#5604=MECHANICAL_DESIGN_GEOMETRIC_PRESENTATION_REPRESENTATION('',(#160,
#161,#162,#163,#164,#165,#166,#167,#168),#5605);
#5605=(
GEOMETRIC_REPRESENTATION_CONTEXT(3)
GLOBAL_UNCERTAINTY_ASSIGNED_CONTEXT((#5606))
GLOBAL_UNIT_ASSIGNED_CONTEXT((#5612,#5608,#5607))
REPRESENTATION_CONTEXT('\X2\53F68F6E\X0\','TOP_LEVEL_ASSEMBLY_PART')
);
#5606=UNCERTAINTY_MEASURE_WITH_UNIT(LENGTH_MEASURE(0.0508),#5612,
'DISTANCE_ACCURACY_VALUE','Maximum Tolerance applied to model');
#5607=(
NAMED_UNIT(*)
SI_UNIT($,.STERADIAN.)
SOLID_ANGLE_UNIT()
);
#5608=(
CONVERSION_BASED_UNIT('DEGREE',#5610)
NAMED_UNIT(#5609)
PLANE_ANGLE_UNIT()
);
#5609=DIMENSIONAL_EXPONENTS(0.,0.,0.,0.,0.,0.,0.);
#5610=PLANE_ANGLE_MEASURE_WITH_UNIT(PLANE_ANGLE_MEASURE(0.0174532925),#5611);
#5611=(
NAMED_UNIT(*)
PLANE_ANGLE_UNIT()
SI_UNIT($,.RADIAN.)
);
#5612=(
LENGTH_UNIT()
NAMED_UNIT(*)
SI_UNIT(.MILLI.,.METRE.)
);
ENDSEC;
END-ISO-10303-21;
