point_id,time_s,X,Y,Z,A,C
point-0000001,0.0,250.0,290.0,267.5,1.5707963267948966,0.0
point-0000002,0.8676634553600016,261.9657826331476,290.0,254.93194546943857,1.5707963267948966,-0.04908738521234059
point-0000003,1.7353269107199982,273.30046675043934,290.0,241.7918965856591,1.5707963267948966,-0.09817477042468094
point-0000004,2.602990366080014,283.97674610503583,290.0,228.11150887735457,1.5707963267948966,-0.14726215563702227
point-0000005,3.4706538214400093,293.96890060483975,290.0,213.92373959677536,1.5707963267948966,-0.19634954084936265
point-0000006,4.338317276800009,303.252858274452,290.0,199.26276832281985,1.5707963267948966,-0.24543692606170292
point-0000007,5.205980732159993,311.8062532466677,290.0,184.16391461943672,1.5707963267948966,-0.29452431127404266
point-0000008,6.073644187520007,319.60847964381026,290.0,168.66355294770003,1.5707963267948966,-0.34361169648638396
point-0000009,6.941307642880016,326.64074121909425,290.0,152.79902503654893,1.5707963267948966,-0.3926990816987251
point-0000010,7.808971098240001,332.88609663843135,290.0,136.60854992329027,1.5707963267948966,-0.44178646691106477
point-0000011,8.676634553600003,338.3295002935882,290.0,120.13113188058925,1.5707963267948966,-0.49087385212340545
point-0000012,9.544298008960002,342.95783854837345,290.0,103.4064664517625,1.5707963267948966,-0.5399612373357459
point-0000013,10.411961464319985,346.7599613305368,290.0,86.47484482073598,1.5707963267948966,-0.5890486225480855
point-0000014,11.279624919679991,349.72670899326954,290.0,69.377056747053,1.5707963267948966,-0.6381360077604263
point-0000015,12.147288375040015,351.8509343815956,290.0,52.15429229977251,1.5707963267948966,-0.6872233929727682
point-0000016,13.014951830399994,353.1275200504944,290.0,34.84804262698522,1.5707963267948966,-0.7363107781851077
point-0000017,13.882615285759996,353.5533905932738,290.0,17.499999999999982,1.5707963267948966,-0.7853981633974483
point-0000018,14.750278741119997,353.12752005049435,290.0,0.15195737301480605,1.5707963267948966,-0.8344855486097889
point-0000019,15.617942196480005,351.8509343815956,290.0,-17.15429229977305,1.5707963267948966,-0.8835729338221298
point-0000020,16.485605651840004,349.72670899326954,290.0,-34.37705674705306,1.5707963267948966,-0.9326603190344703
point-0000021,17.353269107200006,346.75996133053684,290.0,-51.47484482073595,1.5707963267948966,-0.981747704246811
point-0000022,18.220932562559994,342.95783854837345,290.0,-68.40646645176254,1.5707963267948966,-1.0308350894591507
point-0000023,19.08859601791999,338.3295002935882,290.0,-85.13113188058924,1.5707963267948966,-1.079922474671491
point-0000024,19.956259473279996,332.88609663843135,290.0,-101.60854992329031,1.5707963267948966,-1.1290098598838318
point-0000025,20.823922928639995,326.64074121909414,290.0,-117.79902503654924,1.5707963267948966,-1.1780972450961724
point-0000026,21.691586384000004,319.60847964381014,290.0,-133.66355294770037,1.5707963267948966,-1.2271846303085134
point-0000027,22.559249839360007,311.8062532466677,290.0,-149.16391461943684,1.5707963267948966,-1.276272015520854
point-0000028,23.42691329472,303.2528582744519,290.0,-164.26276832282008,1.5707963267948966,-1.3253594007331941
point-0000029,24.294576750079994,293.9689006048397,290.0,-178.92373959677556,1.5707963267948966,-1.3744467859455345
point-0000030,25.16224020543999,283.9767461050357,290.0,-193.11150887735477,1.5707963267948966,-1.4235341711578748
point-0000031,26.029903660800002,273.3004667504393,290.0,-206.79189658565923,1.5707963267948966,-1.472621556370216
point-0000032,26.89756711616,261.9657826331475,290.0,-219.93194546943872,1.5707963267948966,-1.5217089415825564
point-0000033,27.765230571519997,249.99999999999997,290.0,-232.50000000000006,1.5707963267948966,-1.5707963267948968
point-0000034,28.632894026879995,237.4319454694386,290.0,-244.46578263314763,1.5707963267948966,-1.6198837120072371
point-0000035,29.50055748223999,224.29189658565912,290.0,-255.80046675043934,1.5707963267948966,-1.6689710972195775
point-0000036,30.368220937600007,210.6115088773546,290.0,-266.47674610503583,1.5707963267948966,-1.718058482431919
point-0000037,31.235884392960006,196.42373959677536,290.0,-276.4689006048398,1.5707963267948966,-1.7671458676442593
point-0000038,32.103547848320005,181.76276832281985,290.0,-285.752858274452,1.5707963267948966,-1.8162332528565996
point-0000039,32.971211303679986,166.66391461943675,290.0,-294.3062532466677,1.5707963267948966,-1.8653206380689393
point-0000040,33.838874759039996,151.16355294770008,289.99999999999994,-302.10847964381026,1.5707963267948966,-1.9144080232812806
point-0000041,34.706538214400005,135.29902503654898,290.0,-309.14074121909425,1.5707963267948966,-1.9634954084936216
point-0000042,35.574201669759994,119.10854992329024,290.0,-315.3860966384314,1.5707963267948966,-2.0125827937059615
point-0000043,36.441865125119996,102.63113188058921,290.0,-320.82950029358824,1.5707963267948966,-2.0616701789183023
point-0000044,37.30952858047999,85.90646645176247,290.0,-325.45783854837345,1.5707963267948966,-2.1107575641306426
point-0000045,38.17719203583997,68.974844820736,290.0,-329.25996133053684,1.5707963267948966,-2.159844949342982
point-0000046,39.044855491199975,51.87705674705305,289.99999999999994,-332.22670899326954,1.5707963267948966,-2.208932334555323
point-0000047,39.912518946560006,34.654292299772465,290.0,-334.35093438159566,1.5707963267948966,-2.258019719767665
point-0000048,40.78018240191999,17.348042626985148,290.0,-335.62752005049435,1.5707963267948966,-2.3071071049800045
point-0000049,41.64784585727998,2.842170943040401e-14,290.0,-336.0533905932738,1.5707963267948966,-2.356194490192345
point-0000050,42.515509312639985,-17.348042626985233,290.0,-335.62752005049435,1.5707963267948966,-2.4052818754046856
point-0000051,43.38317276799999,-34.654292299773005,290.0,-334.3509343815956,1.5707963267948966,-2.4543692606170264
point-0000052,44.25083622335998,-51.87705674705296,290.0,-332.22670899326954,1.5707963267948966,-2.5034566458293668
point-0000053,45.11849967871999,-68.97484482073597,290.0,-329.25996133053684,1.5707963267948966,-2.5525440310417076
point-0000054,45.98616313407998,-85.90646645176255,289.99999999999994,-325.45783854837345,1.5707963267948966,-2.6016314162540475
point-0000055,46.853826589439976,-102.63113188058928,290.0,-320.8295002935882,1.5707963267948966,-2.650718801466388
point-0000056,47.72149004479998,-119.10854992329033,290.0,-315.38609663843135,1.5707963267948966,-2.6998061866787286
point-0000057,48.58915350015997,-135.2990250365492,290.0,-309.14074121909414,1.5707963267948966,-2.748893571891069
point-0000058,49.45681695551997,-151.16355294770008,290.0,-302.10847964381026,1.5707963267948966,-2.7979809571034093
point-0000059,50.324480410879985,-166.66391461943678,290.0,-294.3062532466678,1.5707963267948966,-2.8470683423157506
point-0000060,51.192143866239974,-181.76276832282,290.0,-285.752858274452,1.5707963267948966,-2.8961557275280905
point-0000061,52.05980732159997,-196.42373959677548,290.0,-276.46890060483975,1.5707963267948966,-2.945243112740431
point-0000062,52.92747077695998,-210.6115088773549,290.0,-266.4767461050356,1.5707963267948966,-2.994330497952772
point-0000063,53.79513423231997,-224.291896585659,289.99999999999994,-255.8004667504394,1.5707963267948966,-3.043417883165112
point-0000064,54.66279768767997,-237.43194546943863,290.0,-244.46578263314763,1.5707963267948966,-3.0925052683774528
point-0000065,55.530461143039965,-249.99999999999997,290.0,-232.50000000000006,1.5707963267948966,-3.141592653589793
point-0000066,56.39812459839996,-261.9657826331475,290.0,-219.9319454694387,1.5707963267948966,-3.1906800388021335
point-0000067,57.26578805375996,-273.3004667504394,290.0,-206.79189658565912,1.5707963267948966,-3.2397674240144743
point-0000068,58.13345150911996,-283.97674610503566,290.0,-193.11150887735488,1.5707963267948966,-3.2888548092268146
point-0000069,59.00111496447997,-293.96890060483975,290.0,-178.92373959677553,1.5707963267948966,-3.3379421944391554
point-0000070,59.86877841983996,-303.25285827445197,290.0,-164.26276832282008,1.5707963267948966,-3.3870295796514958
point-0000071,60.73644187519995,-311.8062532466677,290.0,-149.16391461943687,1.5707963267948966,-3.4361169648638357
point-0000072,61.60410533055996,-319.60847964381026,289.99999999999994,-133.6635529477002,1.5707963267948966,-3.485204350076177
point-0000073,62.471768785919956,-326.64074121909414,290.0,-117.79902503654931,1.5707963267948966,-3.5342917352885173
point-0000074,63.33943224127995,-332.8860966384313,290.0,-101.60854992329044,1.5707963267948966,-3.5833791205008576
point-0000075,64.20709569663995,-338.3295002935881,289.99999999999994,-85.13113188058938,1.5707963267948966,-3.6324665057131984
point-0000076,65.07475915199996,-342.9578385483734,290.0,-68.40646645176265,1.5707963267948966,-3.6815538909255388
point-0000077,65.94242260735994,-346.75996133053684,290.0,-51.47484482073607,1.5707963267948966,-3.7306412761378787
point-0000078,66.81008606271995,-349.72670899326954,290.0,-34.37705674705306,1.5707963267948966,-3.7797286613502195
point-0000079,67.67774951807993,-351.8509343815956,289.99999999999994,-17.154292299773164,1.5707963267948966,-3.82881604656256
point-0000080,68.54541297343994,-353.12752005049435,289.99999999999994,0.15195737301469237,1.5707963267948966,-3.8779034317749006
point-0000081,69.41307642879994,-353.5533905932738,290.0,17.499999999999925,1.5707963267948966,-3.9269908169872414
point-0000082,70.28073988415994,-353.1275200504944,290.0,34.84804262698508,1.5707963267948966,-3.9760782021995817
point-0000083,71.14840333951996,-351.8509343815956,290.0,52.15429229977299,1.5707963267948966,-4.025165587411923
point-0000084,72.01606679487996,-349.72670899326954,290.0,69.37705674705295,1.5707963267948966,-4.074252972624263
point-0000085,72.88373025023996,-346.75996133053684,290.0,86.47484482073575,1.5707963267948966,-4.123340357836604
point-0000086,73.75139370559997,-342.9578385483734,290.0,103.40646645176253,1.5707963267948966,-4.172427743048944
point-0000087,74.61905716095997,-338.3295002935882,290.0,120.13113188058925,1.5707963267948966,-4.221515128261284
point-0000088,75.48672061631997,-332.8860966384314,290.0,136.60854992329016,1.5707963267948966,-4.270602513473625
point-0000089,76.35438407167996,-326.64074121909425,290.0,152.799025036549,1.5707963267948966,-4.319689898685965
point-0000090,77.22204752703996,-319.6084796438103,289.99999999999994,168.66355294769986,1.5707963267948966,-4.368777283898305
point-0000091,78.08971098239998,-311.80625324666784,290.0,184.16391461943655,1.5707963267948966,-4.417864669110647
point-0000092,78.95737443775995,-303.25285827445214,290.0,199.2627683228196,1.5707963267948966,-4.466952054322986
point-0000093,79.82503789311998,-293.9689006048396,290.0,213.92373959677568,1.5707963267948966,-4.516039439535328
point-0000094,80.69270134847997,-283.9767461050356,290.0,228.11150887735482,1.5707963267948966,-4.565126824747669
point-0000095,81.56036480383997,-273.30046675043934,290.0,241.79189658565912,1.5707963267948966,-4.614214209960009
point-0000096,82.42802825919998,-261.9657826331476,290.0,254.9319454694386,1.5707963267948966,-4.663301595172349
point-0000097,83.29569171455998,-250.00000000000006,290.0,267.49999999999994,1.5707963267948966,-4.71238898038469
point-0000098,84.16335516991998,-237.4319454694387,290.0,279.46578263314757,1.5707963267948966,-4.76147636559703
point-0000099,85.03101862528,-224.29189658565895,290.0,290.80046675043945,1.5707963267948966,-4.810563750809371
point-0000100,85.89868208063999,-210.61150887735477,290.0,301.47674610503566,1.5707963267948966,-4.859651136021712
point-0000101,86.76634553599999,-196.42373959677553,290.0,311.46890060483963,1.5707963267948966,-4.908738521234052
point-0000102,87.63400899135999,-181.76276832282008,290.0,320.7528582744519,1.5707963267948966,-4.957825906446392
point-0000103,88.50167244671997,-166.663914619437,290.0,329.30625324666755,1.5707963267948966,-5.006913291658732
point-0000104,89.36933590208,-151.16355294770005,290.0,337.10847964381026,1.5707963267948966,-5.056000676871074
point-0000105,90.23699935744,-135.29902503654915,290.0,344.14074121909414,1.5707963267948966,-5.105088062083414
point-0000106,91.1046628128,-119.10854992329028,290.0,350.38609663843135,1.5707963267948966,-5.154175447295755
point-0000107,91.97232626816,-102.63113188058935,290.0,355.8295002935881,1.5707963267948966,-5.203262832508095
point-0000108,92.83998972352,-85.90646645176267,290.0,360.4578385483734,1.5707963267948966,-5.252350217720435
point-0000109,93.70765317888002,-68.97484482073557,290.0,364.25996133053695,1.5707963267948966,-5.3014376029327765
point-0000110,94.57531663424,-51.87705674705316,290.0,367.22670899326954,1.5707963267948966,-5.350524988145116
point-0000111,95.4429800896,-34.65429229977315,290.0,369.3509343815956,1.5707963267948966,-5.399612373357456
point-0000112,96.31064354496002,-17.348042626985176,290.0,370.62752005049435,1.5707963267948966,-5.448699758569798
point-0000113,97.17830700032002,-8.526512829121202e-14,290.0,371.0533905932738,1.5707963267948966,-5.497787143782138
point-0000114,98.04597045568002,17.348042626985034,290.0,370.6275200504944,1.5707963267948966,-5.546874528994478
point-0000115,98.91363391104004,34.654292299772976,290.0,369.3509343815956,1.5707963267948966,-5.5959619142068195
point-0000116,99.78129736640004,51.87705674705299,290.0,367.22670899326954,1.5707963267948966,-5.64504929941916
point-0000117,100.64896082176003,68.97484482073574,290.0,364.25996133053684,1.5707963267948966,-5.6941366846315
point-0000118,101.51662427712003,85.90646645176253,290.0,360.45783854837345,1.5707963267948966,-5.743224069843841
point-0000119,102.38428773248003,102.63113188058921,290.0,355.8295002935882,1.5707963267948966,-5.792311455056181
point-0000120,103.25195118784004,119.10854992329011,290.0,350.3860966384314,1.5707963267948966,-5.841398840268521
point-0000121,104.11961464320004,135.29902503654904,290.0,344.14074121909425,1.5707963267948966,-5.890486225480862
point-0000122,104.98727809856004,151.1635529476999,290.0,337.1084796438103,1.5707963267948966,-5.939573610693202
point-0000123,105.85494155392006,166.66391461943658,290.0,329.3062532466678,1.5707963267948966,-5.988660995905543
point-0000124,106.72260500928006,181.76276832281997,290.0,320.752858274452,1.5707963267948966,-6.037748381117884
point-0000125,107.59026846464006,196.4237395967754,290.0,311.46890060483975,1.5707963267948966,-6.086835766330224
point-0000126,108.45793192000006,210.61150887735462,290.0,301.4767461050358,1.5707963267948966,-6.135923151542564
point-0000127,109.32559537536005,224.29189658565883,290.0,290.80046675043957,1.5707963267948966,-6.185010536754905
point-0000128,110.19325883072007,237.43194546943857,290.0,279.4657826331477,1.5707963267948966,-6.234097921967246
point-0000129,111.06092228608007,249.99999999999994,290.0,267.50000000000006,1.5707963267948966,-6.283185307179586
point-0000130,111.26092228608007,249.99999999999994,290.0,277.50000000000006,1.5707963267948966,-6.283185307179586
point-0000131,111.80300551658836,249.99999999999991,266.8177941267334,291.54353598084333,1.622075068485682,-6.283185307179586
point-0000132,112.00300551658836,249.99999999999991,266.81779412673336,281.54353598084333,1.622075068485682,-6.283185307179586
point-0000133,112.22725378425598,253.18144626257077,266.9808549296147,278.3865239324487,1.6220710300834746,-6.295746610643419
point-0000134,112.45156274788702,256.3229216035258,267.1480440080032,275.1882454954872,1.622058915660505,-6.308307792394124
point-0000135,112.67593204232053,259.4239090525895,267.3192542965132,271.9492339191428,1.622038727567504,-6.320868730741169
point-0000136,112.90036124533495,262.48389965176915,267.4943760756497,268.6700302411625,1.6220104697215074,-6.333429304039205
point-0000137,113.12484987673038,265.50239258102226,267.67329705067397,265.3511831565467,1.6219741476045921,-6.345989390710624
point-0000138,113.34939739747294,268.47889528109454,267.8559024324621,261.9932488838641,1.621929768262091,-6.358548869268098
point-0000139,113.57400320890103,271.41292357346276,268.04207502027305,258.59679102926907,1.6218773403003353,-6.371107618337066
point-0000140,113.7986666519953,274.3040017773343,268.23169528637027,255.16238044825602,1.621816873883855,-6.383665516678176
point-0000141,114.02338700671184,277.1516628236445,268.42464146240496,251.69059510522965,1.6217483807320985,-6.3962224432096555
point-0000142,114.24816349137969,279.9554483660065,268.6207896274879,248.18201993094186,1.6216718741156608,-6.408778277029621
point-0000143,114.4729952621628,282.71490888855845,268.8200137978796,244.63724667785536,1.6215873688519797,-6.421332897438295
point-0000144,114.69788141258654,285.4296038106664,269.02218601820033,241.05687377350932,1.6214948813005816,-6.433886183960129
point-0000145,114.92282097312938,288.0991015884359,269.2271764540986,237.44150617192923,1.6213944293577884,-6.446438016365836
point-0000146,115.14781291087887,290.7229798129893,269.43485348627286,233.79175520317403,1.6212860324509832,-6.458988274694293
point-0000147,115.3728561292531,293.30082530547065,269.6450838057843,230.10823842105611,1.6211697115323416,-6.471536839274327
point-0000148,115.59794946778634,295.8322342087391,269.8577325105531,226.39157944912597,1.6210454890721233,-6.4840835907463745
point-0000149,117.69525030319228,269.5793377105851,268.00917553843743,259.05404384261345,1.621885271904775,-6.369325030065419
point-0000150,117.91946741859644,272.4735254927129,268.1972183317584,255.63386213315312,1.6218260073042672,-6.381870866563378
point-0000151,118.14379132451872,275.3251350960345,268.388642717727,252.17551494381672,1.6217587137360439,-6.394418573491879
point-0000152,118.3682213354213,278.13367909819107,268.58332785136014,248.67955867918965,1.6216833987994417,-6.4069680316489865
point-0000153,118.592756696447,280.89867813201886,268.78115064582175,245.14655743020904,1.621600071651804,-6.4195191215107945
point-0000154,118.817396582769,283.6196610154004,268.9819858577609,241.57708285028903,1.6215087430084558,-6.432071723253002
point-0000155,119.04214009900663,286.29616487857504,269.1857061744716,237.971714028752,1.6214094251421247,-6.4446257167726415
point-0000156,119.26698627870601,288.9277352888373,269.39218230277527,234.3310373616426,1.6213021318819165,-6.457180981709935
point-0000157,119.49193408388739,291.51392637255395,269.60128305958307,230.65564641993674,1.6211868786117052,-6.4697373974702534
point-0000158,119.71698240465804,294.05430093444375,269.8128754640238,226.94614181522704,1.6210636822681008,-6.4822948432462075
point-0000159,119.942130058892,296.548430574048,270.0268248310922,223.2031310629046,1.6209325613378467,-6.494853198039813
point-0000160,120.16737579197633,298.9958957993397,270.2429948667203,219.42722844289955,1.6207935358547185,-6.5074123406847635
point-0000161,120.39271827662296,301.3962861374044,270.4612477641816,215.6190548580478,1.6206466273959665,-6.519972149868768
point-0000162,120.61815611274815,303.7492002421411,270.6814443017765,211.7792376900976,1.6204918590781536,-6.5325325041559585
point-0000163,120.84368782741662,306.05424599892757,270.9034439416672,207.9084106534646,1.620329255552607,-6.545093282009365
point-0000164,121.06931187485274,308.311040626193,271.1271049298276,204.0072136467363,1.6201588430002434,-6.557654361813423
point-0000165,121.29502663651613,310.5192107738498,271.3522843969748,200.07629260203512,1.619980649125983,-6.5702156218965255
point-0000166,121.52083042124261,312.67839261853527,271.5788384604248,196.11629933226342,1.61979470315261,-6.582776940553597
point-0000167,121.74672146544981,314.7882319556169,271.806622326769,192.12789137630585,1.6196010358141444,-6.595338196068692
point-0000168,121.97269793340578,316.8483842879102,272.0354903952816,188.1117318422605,1.6193996793487269,-6.607899266737581
point-0000169,122.19875791756135,318.8585149110785,272.26529636197046,184.068489248742,1.6191906674910008,-6.620460030890357
point-0000170,122.4248994389445,320.818298995659,272.49589332418117,179.99883736433753,1.6189740354639808,-6.633020366913997
point-0000171,122.6511204476159,322.72742166569014,272.7271338856519,175.9034550452828,1.6187498199704702,-6.6455801532749135
point-0000172,122.87741882318545,324.58557807389855,272.95887026193617,171.7830260714126,1.618518059183968,-6.658139268541477
point-0000173,123.1037923753881,326.39247347340904,273.19095438609986,167.63823898046624,1.6182787927390803,-6.670697591406471
point-0000174,123.3302388447177,328.1478232859531,273.42323801458593,163.4697869008236,1.6180320617215016,-6.683255000709499
point-0000175,123.55675590311918,329.8513531665434,273.6555728331735,159.27836738271844,1.6177779086574633,-6.69581137545933
point-0000176,123.78334115473622,331.5027990645881,273.88781056291907,155.06468222802835,1.6175163775027568,-6.708366594856164
point-0000177,124.00999213671379,333.1019072814188,274.1198030659958,150.82943731870625,1.6172475136312743,-6.720920538313784
point-0000178,124.23670632005516,334.6484345242177,274.3514024513367,146.57334244391205,1.6169713638230903,-6.733473085481652
point-0000179,124.46348111053082,336.1421479563173,274.58246117998436,142.2971111259413,1.6166879762520947,-6.7460241162668675
point-0000180,124.69031384963853,337.58282524386044,274.81283217005773,138.00146044501633,1.6163974004731843,-6.758573510856018
point-0000181,124.917201815613,338.9702545988019,275.0423689012446,133.68711086301718,1.6160996874089877,-6.7711211497368815
point-0000182,125.1441422244842,340.3042348182493,275.27092551872283,129.35478604622637,1.6157948893361915,-6.783666913720029
point-0000183,127.23987506892355,324.7183315331168,273.1304868980738,168.20496755677385,1.6183133393107438,-6.668908391214053
point-0000184,127.46585695735452,326.4793616190062,273.36170448150597,164.04895540264897,1.618067882253826,-6.681455212885105
point-0000185,127.69196022500365,328.1891298027447,273.59305176908344,159.86897379419028,1.6178149518937526,-6.694003843190385
point-0000186,127.91818258209518,329.8473363444223,273.82438102124536,155.6657060438025,1.6175545868637322,-6.706554162758243
point-0000187,128.14452166220872,331.4536913805542,274.05554441571354,151.43984061082784,1.6172868272757777,-6.719106051906234
point-0000188,128.37097502294523,333.00791500849715,274.2863941529408,147.19207094325992,1.61701171471324,-6.73165939066278
point-0000189,128.5975401466515,334.5097373676239,274.5167825617106,142.92309531733423,1.616729292222802,-6.744214058788947
point-0000190,128.8242144412022,335.95889871721215,274.7465622047881,138.6336166750619,1.6164396043059839,-6.756769935800377
point-0000191,129.05099524083815,337.355149510998,274.9755859845337,134.3243424597707,1.6161426969101167,-6.769326900989307
point-0000192,129.2778798070593,338.6982504683551,275.20370724837676,129.9959844497311,1.615838617418857,-6.781884833446702
point-0000193,129.50486532957174,339.98797264205564,275.43077989406294,125.64925858992058,1.6155274146421774,-6.794443612084465
point-0000194,129.73194892728827,341.2240974825827,275.6566584745808,121.28488482198473,1.6152091388058682,-6.807003115657777
point-0000195,129.95912764937938,342.4064168989454,275.8811983026708,116.90358691249784,1.6148838415405302,-6.81956322278743
point-0000196,130.1863984763751,343.5347333159772,276.1042555548196,112.50609227956772,1.614551575870136,-6.832123811982303
point-0000197,130.4137583213162,344.608859728076,276.32568737466033,108.09313181785356,1.6142123962000199,-6.844684761661839
point-0000198,130.64120403095203,345.62861974936175,276.54535197566537,103.66543972210586,1.613866358304485,-6.857245950178586
point-0000199,130.86873238698573,346.593847660223,276.7631087430619,99.22375330925487,1.6135135193138335,-6.869807255840755
point-0000200,131.09634010736326,347.5043884502305,276.97881833485576,94.76881283917882,1.6131539377010329,-6.882368556934807
point-0000201,131.32402384760695,348.3600978573945,277.19234278189407,90.30136133417625,1.6127876732678257,-6.894929731748059
point-0000202,131.5517802021904,349.16084240374596,277.4035455868609,85.82214439726448,1.6124147871304342,-6.907490658591273
point-0000203,131.77960570595354,349.90649942722507,277.6122918221244,81.33191002937573,1.612035341704798,-6.9200512158212195
point-0000204,132.0074968355583,350.5969571098675,277.81844822634775,76.83140844549739,1.6116494006913533,-6.93261128186328
point-0000205,132.23545001098051,351.232114502268,278.021883299775,72.32139188989504,1.611257029059381,-6.945170735233956
point-0000206,132.46346159703822,351.81188154431806,278.22246739810623,67.80261445046852,1.6108582930309243,-6.957729454563352
point-0000207,132.6915279049549,352.33617908221026,278.42007282488083,63.275831872326286,1.6104532600642738,-6.970287318617624
point-0000208,132.919645193956,352.8049388817037,278.61457392228607,58.74180137066792,1.610041998837026,-6.982844206321355
point-0000209,133.14780967289605,353.21810363764837,278.8058471603068,54.201281443076496,1.6096245792287496,-6.995399996779841
point-0000210,133.376017501917,353.57562697977096,278.9937712241437,49.65503168127783,1.6092010723032257,-7.007954569301319
point-0000211,133.60426479413482,353.87747347472424,279.17822709981664,45.10381258247385,1.6087715502903062,-7.020507803419098
point-0000212,133.83254761735202,354.1236186244051,279.35909815788244,40.54838536035221,1.608336086567388,-7.033059578913544
point-0000213,134.06086199579786,354.314048860552,279.53627023519306,35.98951175580614,1.6078947556404848,-7.045609775834034
point-0000214,134.2892039118905,354.4487615356287,279.709631714621,31.427953847528777,1.60744763312496,-7.058158274520696
point-0000215,134.51756930802296,354.52776491001146,279.87907360268633,26.864473862506394,1.60699479572588,-7.070704955626081
point-0000216,134.7459540883695,354.5510781354924,280.04448960501594,22.29983398653927,1.606536321218031,-7.083249700136661
point-0000217,136.8359522894166,350.84467835305213,278.3459245413242,63.90048866322923,1.6105115413026385,-6.9684922711391
point-0000218,137.0636152949942,351.32087950474283,278.54002425504945,59.37636052537629,1.6101014710464752,-6.98104004594733
point-0000219,137.29137718467135,351.7417155886982,278.73097004590863,54.84462486990006,1.6096851469780256,-6.993589567504039
point-0000220,137.5192342034556,352.10710130282456,278.9186384812453,50.306034533464334,1.6092626356850817,-7.006140716273661
point-0000221,137.74718253747517,352.4169621496211,279.102908239949,45.76134443351572,1.6088340050266818,-7.018693372421032
point-0000222,137.97521831555503,352.67123446744927,279.2836602017173,41.21131138413025,1.6083993241182872,-7.031247415833156
point-0000223,138.20333761082668,352.8698654581609,279.46077753471536,36.65669391062335,1.6079586633165077,-7.043802726141041
point-0000224,138.43153644237285,353.0128132110669,279.63414578155226,32.09825206295871,1.6075120942033323,-7.056359182741684
point-0000225,138.65981077690344,353.1000467232254,279.8036529434913,27.536747228086654,1.607059689569933,-7.068916664820127
point-0000226,138.88815653046427,353.13154591603507,279.96918956281723,22.972941941243008,1.6066015233999822,-7.081475051371677
point-0000227,139.11656957017388,353.10730164811616,280.1306488032812,18.4075996963618,1.606137670852555,-7.094034221224137
point-0000228,139.3450457159898,353.0273157244695,280.2879265285479,13.841484755636621,1.6056682082445897,-7.106594053060176
point-0000229,139.57358074250206,352.8916009019038,280.4409213785734,9.275361958340712,1.6051932130328703,-7.119154425439725
point-0000230,139.80217038075196,352.7001808907237,280.5895348438379,4.7099965290078,1.6047127637956533,-7.131715216822462
point-0000231,140.03081032007535,352.4530903526751,280.7336713373675,0.14615388505534277,1.604226940213836,-7.144276305590305
point-0000232,140.25949620996983,352.1503748951446,280.8732382644756,-4.415400556071274,1.6037358230517098,-7.15683757006998
point-0000233,140.48822366198337,351.79209106161574,281.00814609015896,-8.973901570115942,1.603239494137335,-7.169398888555609
point-0000234,140.7169882516228,351.37830631838324,281.13830840408565,-13.528584319491799,1.6027380363425214,-7.181960139331267
point-0000235,140.94578552028287,350.9090990375318,281.26364198311524,-18.078684546968404,1.6022315335624047,-7.1945212006936075
point-0000236,141.17461097719226,350.3845584761874,281.384066851292,-22.62343876942583,1.601720070694673,-7.207081950974452
point-0000237,141.4034601013765,349.8047847520522,281.49950633725723,-27.162084471597638,1.6012037336184242,-7.2196422685633515
point-0000238,141.63232834363637,349.16988881523673,281.60988712902673,-31.693860299710728,1.6006826091726551,-7.232202031930136
point-0000239,141.8612111285406,348.47999241640184,281.7151393260855,-36.218006254925974,1.6001567851344156,-7.244761119647442
point-0000240,142.09010385643074,347.73522807123385,281.81519648875025,-40.73376388646051,1.5996263501966363,-7.257319410413158
point-0000241,142.31900190543823,346.9357390212685,281.9099956847581,-45.24037648432089,1.5990913939456284,-7.2698767830728395
point-0000242,142.5479006335114,346.0816791910907,281.9994775330374,-49.737089271536746,1.5985520068382535,-7.282433116642027
point-0000243,142.77679538045217,345.17321314193015,282.0835862446259,-54.22314959580674,1.598008280178829,-7.294988290328544
point-0000244,143.00568146995977,344.2105160216887,282.16226966069615,-58.69780712043853,1.597460306095694,-7.30754218355462
point-0000245,143.23455421168154,343.19377351142026,282.23547928766345,-63.160314014509396,1.596908177517568,-7.320094675978993
point-0000246,143.4634089032697,342.1231817683034,282.3031703293368,-67.60992514214908,1.5963519881495492,-7.332645647518854
point-0000247,143.69224083244157,340.99894736513625,282.36530171609786,-72.04589825082763,1.5957918324489475,-7.345194978371699
point-0000248,143.92104527904326,339.821287226393,282.4218361310778,-76.4674941585763,1.5952278056008233,-7.357742549037039
point-0000249,144.14981751711568,338.5904285608808,282.4727400333142,-80.8739769400399,1.5946600034933063,-7.370288240337979
point-0000250,146.22533392242727,346.42485853044485,281.7410745033754,-40.11623274226446,1.5997022216815266,-7.25552976153057
point-0000251,146.4537638350469,345.63365658265445,281.83602875643044,-44.61479619734722,1.5991683580137568,-7.2680766532329555
point-0000252,146.6822466764423,344.78780889082407,281.9257142062294,-49.104591485237485,1.598629936308046,-7.280625349095338
point-0000253,146.91077784069074,343.8874413282008,282.01007121272283,-53.58486149503939,1.5980870445283515,-7.293175729734014
point-0000254,147.13935269271576,342.9326905441047,282.08904366928016,-58.05485025147706,1.5975397716002295,-7.305727675455304
point-0000255,147.36796657027494,341.92370394289225,282.16257904691355,-62.5138031097015,1.5969882073898978,-7.318281066277194
point-0000256,147.59661478596462,340.8606396592173,282.2306284357197,-66.96096695025058,1.5964324426829175,-7.330835781951141
point-0000257,150.12236390664705,326.8590121374531,282.67450703910856,-115.4946753061803,1.5899933959874801,-7.4705719360019
point-0000258,152.58664644722214,307.05844590198234,282.42743155703425,-160.627278891329,1.5833491261834758,-7.6068810612798625
point-0000259,158.63137548898513,344.3776523995471,281.8082927916875,-45.63861349810607,1.5990583752442233,-7.270648405841819
point-0000260,161.14566130051836,333.2493841193726,282.5456677878567,-94.67198152469001,1.5928385433861219,-7.409994206248378
point-0000261,161.58554682349973,330.19912176639076,282.58087910173566,-102.9239127576073,1.591723610785596,-7.43392721663948
point-0000262,162.02567099959316,326.9595541221106,282.5949402067314,-111.10857645969256,1.59059657127006,-7.457861737314154
point-0000263,162.46603111172473,323.53231465862615,282.587810876724,-119.22157776470897,1.5894580209127767,-7.481798784494598
point-0000264,162.9066221266674,319.91912671838315,282.5594958578428,-127.25850803362837,1.5883085666373968,-7.505739258295082
point-0000265,163.34743683839432,316.12180752792153,282.5100454434699,-135.21494980443393,1.587148826088479,-7.52968394825335
point-0000266,163.78846594306293,312.14227235010344,282.43955594960414,-143.0864807524572,1.5859794276210333,-7.553633535180139
point-0000267,164.22969804976694,307.98253893536304,282.34817010453287,-150.86867680114383,1.584801010409822,-7.577588589536787
point-0000268,164.67111963187634,303.64473240565945,282.2360773650641,-158.55711454813806,1.583614224674093,-7.601549566588845
point-0000269,165.1127149244297,299.1310906751807,282.1035141690826,-166.14737319261536,1.582419732008206,-7.625516798619984
point-0000270,165.55446577362827,294.44397047990543,281.9507641310559,-173.6350361663337,1.581218205803864,-7.649490484524806
point-0000271,165.99635144500752,289.58585405443876,281.77815818341884,-181.01569268263168,1.5800103317451084,-7.6734706771309344
point-0000272,166.43834839732583,284.5593564595641,281.5860746626458,-188.28493942443595,1.5787968083531139,-7.697457268630181
point-0000273,166.88043002960637,279.3672335283224,281.37493933441084,-195.43838259398566,1.5775783475540475,-7.721449974525067
point-0000274,167.32264736488216,274.01144755396757,281.1451845623645,-202.4729570650528,1.576355442338587,-7.7454528814116195
point-0000275,167.7652903858453,268.491075300851,280.89714377322184,-209.3893942661623,1.575127896422695,-7.769483583342269
point-0000276,168.20817704954828,262.8106745825068,280.6314192393985,-216.18070319048212,1.57389687641659,-7.793533020445403
point-0000277,168.65116754797995,256.9746179095018,280.34865709650154,-222.8407873311155,1.5726634377768796,-7.817594468597098
point-0000278,169.09428888941346,250.985368423185,280.04945331009776,-229.36627405460112,1.5714281574174531,-7.841670630748756
point-0000279,169.5375550479054,244.84559791192123,279.73444609931755,-235.75360083752517,1.5701916535463982,-7.865763459902931
point-0000280,169.9809676365405,238.55820386477774,279.40431720711433,-241.9990456186838,1.5689545842733867,-7.8898741914712005
point-0000281,170.42451633639484,232.12632731121266,279.05979287244145,-248.09875435267338,1.5677176465931713,-7.914003361901956
point-0000282,170.86817908509113,225.55337196556084,278.7016445372651,-254.04876625403773,1.5664815757477943,-7.938150813720844
point-0000283,171.3119220317324,218.84302509132976,278.330689310429,-259.8450373074586,1.565247144950741,-7.962315687294256
point-0000284,171.75580758470952,211.9976312182756,277.9476967964946,-265.48486470851816,1.5640148501614537,-7.986502597310686
point-0000285,172.1999083986558,205.01937550506162,277.5534509579708,-270.96562474695304,1.5627851625910614,-8.010716734757379
point-0000286,172.6440578566069,197.91422796338176,277.1489764176923,-276.28171119814374,1.5615592538059784,-8.034949533617048
point-0000287,173.08826977447202,190.6855336637004,276.7351726383409,-281.42995714635845,1.5603377712587578,-8.059202735871692
point-0000288,173.53257430755107,183.33643386432675,276.3129475303441,-286.40741285614246,1.559121318931713,-8.083478990947397
point-0000289,173.97699121415135,175.8702926265703,275.88324067301596,-291.2110200198792,1.5579105352547693,-8.107780315591798
point-0000290,174.42153060800848,168.29070240332032,275.4470223407989,-295.837642404578,1.5567060905001215,-8.132108132073128
point-0000291,174.86619350700002,160.60149045514956,275.00529224838147,-300.28409398278967,1.5555086845266957,-8.156463295006171
point-0000292,175.31097217890613,152.80672649643003,274.55907804479017,-304.54716500089154,1.5543190448690496,-8.180846106794316
point-0000293,183.7018279681696,-9.483100075951427,266.6492793898018,-346.52372544634056,1.533197636020229,-8.676592329277652
point-0000294,184.1386756345006,-18.21201928703536,266.35310305915067,-346.2943732737625,1.5323580734891795,-8.700995482195617
point-0000295,184.57476274774257,-26.91798123077436,266.0744713144079,-345.8500995751508,1.5315424301000495,-8.725368335148465
point-0000296,185.01019676771992,-35.59783972285359,265.81391832082016,-345.1918572212534,1.5307509196296898,-8.749716548487154
point-0000297,185.44508858443342,-44.24853723701062,265.57194670066815,-344.3205139184471,1.5299837545981485,-8.77404598043381
point-0000298,185.87939781516832,-52.86402874330798,265.34910364374525,-343.237254837011,1.5292414242736014,-8.79835349475437
point-0000299,186.31312178225323,-61.4390606512832,265.14586303918816,-341.94337969488333,1.5285243247361446,-8.822638161043226
point-0000300,186.7463060663279,-69.9693721645312,264.9626288016973,-340.4401630475331,1.5278327517578596,-8.846901894576526
point-0000301,187.17898268988208,-78.45046774204944,264.79976683988724,-338.7289885928094,1.5271670143327807,-8.871145787146752
point-0000302,187.61117036897238,-86.87762938127547,264.65760128560925,-336.8113828865909,1.5265274300782956,-8.895370123483305
point-0000303,188.04287486565576,-95.24593342300403,264.5364106794303,-334.6890470779076,1.5259143203804708,-8.919574404702871
point-0000304,188.47411941371502,-103.55084563900623,264.436418467269,-332.3637129654977,1.5253279631831818,-8.943759158586694
point-0000305,188.9049739854008,-111.78876792580185,264.35779305701266,-329.8369127718552,1.5247685591802855,-8.967927681609456
point-0000306,189.3354440584826,-119.95490736235149,264.3006696064804,-327.1106154399694,1.5242363892866684,-8.992079427274263
point-0000307,189.76555976044432,-128.04499302348336,264.2651301472978,-324.1867382585545,1.523731685368111,-9.016215310241867
point-0000308,190.19535377136873,-136.05484891244288,264.2512096734441,-321.0672556749999,1.5232546636643742,-9.040336393915359
point-0000309,190.6248477436251,-143.98014515986705,264.25889606211115,-317.75430394099845,1.5228055402298342,-9.064443085695107
point-0000310,191.05416458755352,-151.81843280490133,264.2881407824328,-314.2492258345516,1.5223844146194598,-9.088541800630281
point-0000311,191.4833804645096,-159.56639827157585,264.33886005731966,-310.5536925449104,1.5219914432824224,-9.112636169025034
point-0000312,191.91229985835352,-167.2159705966133,264.4108733797306,-306.6719924158962,1.5216270174211401,-9.1367137166987
point-0000313,192.340971660478,-174.76357270616944,264.50397548496807,-302.6064248087242,1.5212912583600902,-9.16077650566677
point-0000314,192.76945409667326,-182.20582751172566,264.617923332813,-298.3592211936054,1.5209842734007655,-9.184827153412716
point-0000315,193.1977987239022,-189.53927635617407,264.7524330871423,-293.93270077207694,1.5207061696932016,-9.208867885291813
point-0000316,193.62605088558948,-196.7603938883128,264.90717929154425,-289.32928021827155,1.5204570517339953,-9.232900565464886
point-0000317,194.05425004927872,-203.86560126356693,265.081794234679,-284.55148289210433,1.5202370190924843,-9.256926720988343
point-0000318,194.48243003101322,-210.851277830453,265.2758674836695,-279.6019478452387,1.5200461643161831,-9.280947559308181
point-0000319,194.91061911176288,-217.71377150344424,265.4889455659815,-274.48343889552643,1.5198845709668702,-9.30496397947405
point-0000320,195.33884005217897,-224.4494080573323,265.720531783679,-269.19885399583666,1.5197523117403837,-9.328976577455371
point-0000321,195.76711001290505,-231.05449960540625,265.97008614830133,-263.75123506966423,1.5196494466256592,-9.352985646004612
point-0000322,196.1954403886041,-237.52535254337516,266.2370254298341,-258.14377842928315,1.5195760210623048,-9.376991169572408
point-0000323,196.62383656477147,-243.85827525258102,266.52072331902167,-252.3798458334927,1.5195320640606558,-9.400992814835051
point-0000324,197.05230379384963,-250.04967070671515,266.8205153376521,-246.4628860031689,1.5195175862578747,-9.424990278560365
point-0000325,197.4807956536206,-256.0953650458,267.13565955856456,-240.39721426507026,1.519532576328608,-9.44898023059477
point-0000326,197.90915362460422,-261.98991316337765,267.46528173924116,-234.1890041985813,1.519576973989444,-9.472952884412177
point-0000327,198.33752521838497,-267.73205778855254,267.80871501246503,-227.83993201174027,1.5196507205345156,-9.496916380695657
point-0000328,198.7660345995473,-273.3201467772447,268.1652600502402,-221.35192361253604,1.5197537738799698,-9.520877485390638
point-0000329,199.19478344339453,-278.7521810952739,268.5341819583072,-214.72718752468845,1.5198861004456758,-9.54484165053484
point-0000330,199.62385204577978,-284.0258663024095,268.9147081765437,-207.968238615693,1.5200476675795092,-9.568813089976492
point-0000331,200.0533001805327,-289.1386609871921,269.3060269579061,-201.07792074931646,1.520238436413717,-9.592794840503124
point-0000332,200.48316767554113,-294.08782225055046,269.7072863558904,-194.05942953034815,1.5204583550292605,-9.616788806739432
point-0000333,200.91347467956467,-298.87044849363303,270.11759365565115,-186.916336277182,1.52070735179175,-9.640795788277337
point-0000334,201.34422159349708,-303.48351992400734,270.5360151928588,-179.65261430147416,1.5209853287123396,-9.664815487639203
point-0000335,201.77538864209842,-307.92393735014963,270.96157651709876,-172.27266849132394,1.5212921546797862,-9.688846497846463
point-0000336,202.20693506521042,-312.18855998219453,271.3932628727667,-164.78136908355214,1.5216276584059394,-9.712886268571012
point-0000337,202.63879791116577,-316.2742430917137,271.8300199895948,-157.18409037100318,1.5219916209272326,-9.736931050084372
point-0000338,203.07089041951645,-320.1778764990813,272.2707551964551,-149.486754922458,1.5223837675097456,-9.76097581448924
point-0000339,203.50311882138192,-323.89656460474106,272.7143582426615,-141.69553347380887,1.5228037780653318,-9.7850152205095
point-0000340,203.93568606580467,-327.4297577116698,273.16001762948326,-133.81113732958283,1.5232516154137177,-9.80906077521771
point-0000341,204.36875942996014,-330.7764154875655,273.606881208354,-125.83484682777119,1.5237272373640918,-9.833121930487364
point-0000342,204.8024941561287,-333.93522466130815,274.0540785500721,-117.76810868802445,1.5242306129643468,-9.857207431372817
point-0000343,205.237116742889,-336.9050858085978,274.50080395897743,-109.6109597777898,1.5247618232300515,-9.881329995288098
point-0000344,205.67275296456575,-339.68407402279917,274.94613950641644,-101.36532652071124,1.5253208530197881,-9.905496638523195
point-0000345,206.10895696373865,-342.26750941692615,275.38859232955684,-93.0442888076948,1.5259069078470002,-9.929682422131082
point-0000346,206.5457361660718,-344.65351709868287,275.82713380656094,-84.65232376058813,1.526519726203026,-9.953887917260372
point-0000347,206.98308955323836,-346.84028208713084,276.26073239553193,-76.19411796648714,1.5271590204351166,-9.978113263621177
point-0000348,207.42100728072376,-348.8260703683977,276.68835626340376,-67.67457824018746,1.5278244739509104,-10.002358151280367
point-0000349,207.85949133288082,-350.60930606768187,277.1089955039934,-59.0984230020576,1.5285157722222764,-10.026622968058048
point-0000350,208.29855604012954,-352.1885441534266,277.52166371993087,-50.47016484222887,1.5292326071061402,-10.050908820712415
point-0000351,208.73822848655988,-353.56244134903613,277.9253990235694,-41.79409727906926,1.5299746809409154,-10.075217549932322
point-0000352,209.1784864957797,-354.72964556702277,278.3192120063504,-33.07553136941478,1.5307416006592875,-10.099548312422975
point-0000353,209.61925741625387,-355.68891038583155,278.70209351560175,-24.32082894777161,1.531532863204927,-10.123897538904135
point-0000354,210.06066618471837,-356.4393045841963,279.0732191702058,-15.53243577003493,1.532348304592597,-10.148272543549691
point-0000355,210.50277644326178,-356.9797735499757,279.4317264495193,-6.714048269395608,1.533187654614734,-10.172677274834669
point-0000356,219.54728117494378,-313.3934702979016,282.362009254748,168.82191371009984,1.5543051464103654,-10.668423783915904
point-0000357,219.99207819081013,-309.59814843150957,282.302908360992,176.86739648892015,1.5554946200048942,-10.69280547821762
point-0000358,220.4361358854977,-305.62199385989777,282.22254850197004,184.80834300682372,1.5566918711954987,-10.717159596944095
point-0000359,220.87944261467186,-301.4679753159922,282.12119101270156,192.6404690942086,1.557896178228089,-10.741486554730846
point-0000360,221.32199583391582,-297.1390462371932,281.9991416609694,200.35971891085168,1.5591068428660069,-10.765787232902719
point-0000361,221.76380244000103,-292.6381221553183,281.85674746927003,207.9622604053511,1.5603231921038234,-10.790062993942724
point-0000362,222.20487929020638,-287.9680562123692,281.694393409451,215.44448202480348,1.5615445801784429,-10.814315705678199
point-0000363,222.64525390091816,-283.13161240412785,281.51249895403026,222.80299035194642,1.5627703908833646,-10.83854777521693
point-0000364,223.0849399396687,-278.13175102236335,281.3115277737427,230.03420890877925,1.563999970687255,-10.862760826476151
point-0000365,223.5237676356345,-272.9738185122572,281.0920855854813,237.13177722798983,1.5652321626641197,-10.886946581748196
point-0000366,223.96184376773942,-267.65984994981477,280.8546780001607,244.09379236470187,1.5664665663695676,-10.911111614557221
point-0000367,224.39920764583698,-262.1926978832955,280.5998745000857,250.9172949992523,1.5677025983635555,-10.935258823148956
point-0000368,224.8358334365927,-256.57612255718885,280.3283195255677,257.5984005936292,1.5689394964845151,-10.959387565110697
point-0000369,225.27170820680192,-250.8138039856944,280.04068757960084,264.13351181427714,1.5701765342428158,-10.983497853592592
point-0000370,225.7068318878054,-244.90931954123946,279.7376792169416,270.519300448844,1.5714130211861375,-11.007590352063177
point-0000371,226.1412174662557,-238.86611973596814,279.4200170871082,276.7526911145315,1.5726483036071808,-11.031666381558047
point-0000372,226.5748914075213,-232.68750165643235,279.08844201030837,282.8308463880349,1.5738817656082034,-11.055727940718542
point-0000373,227.00789418354546,-226.37658160102083,278.743709184442,288.7511511902243,1.5751128301592603,-11.079777731731184
point-0000374,227.44016411078982,-219.93808891547042,278.38668563100134,294.5097327968654,1.576340641170553,-11.103812940636168
point-0000375,227.87167432460714,-213.37633842307005,278.0182400469481,300.10330984367056,1.5775644403262399,-11.127832571461768
point-0000376,228.30264425194733,-206.69176657882628,277.639042907032,305.5316374035057,1.5787841410403907,-11.151848775276626
point-0000377,228.73302906227204,-199.88897118402525,277.2500145359014,310.79120637122804,1.5799989345505343,-11.175859497440424
point-0000378,229.16276479945037,-192.97298913647754,276.85211942995994,315.87844465205865,1.5812079634901035,-11.199861609814626
point-0000379,229.59181684462095,-185.948497350525,276.4463180829529,320.79027765022477,1.5824104539855388,-11.223853504663161
point-0000380,230.02017931288967,-178.8197816298702,276.03356204788525,325.5240717224368,1.5836057130498147,-11.247835060830838
point-0000381,230.44787494746603,-171.59070137360385,275.61478939553024,330.0775814071056,1.5847931267303141,-11.27180763742306
point-0000382,230.87495552551488,-164.26464909743822,275.19092053199523,334.44889943397385,1.585972159008614,-11.295774095702708
point-0000383,231.3015027831643,-156.84450395380975,274.7628543641564,338.63640831238047,1.587142351409861,-11.319738849584123
point-0000384,231.7275690789843,-149.33367258012612,274.33152685728436,342.63820341350856,1.5883031663484761,-11.343704691806213
point-0000385,232.15312439390564,-141.7370878054039,273.89796542934613,346.45171290894507,1.5894538540368972,-11.367669953081474
point-0000386,232.57817348194115,-134.0591359864656,273.4631683251449,350.074791467322,1.590593758863859,-11.391634764907538
point-0000387,233.00268099989313,-126.30501065174828,273.028178447357,353.5050942555343,1.5917221280450813,-11.415597050687545
point-0000388,233.42656932504136,-118.48078538899031,272.5940827297691,356.74014986933486,1.5928381119200186,-11.439552401454495
point-0000389,236.01281343234956,-68.97646499498816,270.0158303018881,371.50965594708475,1.599057983346199,-11.578898359697344
point-0000390,242.2756820677961,-184.76162983362127,276.3418330727961,324.1473638765237,1.5833491261834869,-11.242674860259154
point-0000391,244.82578027464305,-139.81662561912117,273.77342546150317,348.1171411872626,1.5899933959874948,-11.378983985537133
point-0000392,247.42632094614132,-91.05678695582523,271.1281791682509,366.0226017851926,1.5964324426829313,-11.518720139587897
point-0000393,247.65343999167092,-86.70190860373097,270.9025203168006,367.2943474194038,1.596988207389898,-11.531274855261566
point-0000394,247.8804313814544,-82.33374566399374,270.67849659227346,368.5104898111855,1.5975397716002295,-11.54382824608345
point-0000395,248.10729331333175,-77.9530254102674,270.45625060799676,369.6708480468673,1.5980870445283515,-11.55638019180475
point-0000396,248.3340240648341,-73.56047710987718,270.2359237016078,370.7752523902982,1.598629936308046,-11.568930572443413
point-0000397,248.56062199327266,-69.15683183963463,270.0176558350273,371.823544306393,1.5991683580137568,-11.581479268305808
point-0000398,248.78708553575737,-64.74282230140062,269.80158549568284,372.8155764806316,1.5997022216815266,-11.594026160008188
point-0000399,250.92996799933394,-106.0644086112141,271.9106848103666,361.6416646319079,1.5946600034933063,-11.479267681200772
point-0000400,251.1573301814365,-101.76046607627129,271.6806348189164,363.09100254886005,1.5952278056008231,-11.49181337250172
point-0000401,251.3846213844026,-97.43997329722305,271.45169835891807,364.4857952294368,1.5957918324489475,-11.50436094316706
point-0000402,251.61183951212413,-93.10363739920481,271.2240219736376,365.82578980750503,1.5963519881495492,-11.516910274019901
point-0000403,251.83898253799208,-88.75216916371423,270.997751463177,367.1107440992186,1.596908177517568,-11.529461245559762
point-0000404,252.06604850537957,-84.3862828558863,270.7730317791691,368.3404266716687,1.5974603060956942,-11.542013737984146
point-0000405,252.29303552806047,-80.00669605027824,270.5500069200228,369.51461690777387,1.598008280178829,-11.554567631210205
point-0000406,252.51994179056774,-75.61412945515082,270.3288198268355,370.6331050673831,1.5985520068382533,-11.567122804896732
point-0000407,252.74676554848088,-71.20930673552263,270.10961228002157,371.6956923445533,1.5990913939456284,-11.579679138465922
point-0000408,252.9735051286541,-66.79295433482733,269.8925247968109,372.7021909209843,1.5996263501966363,-11.592236511125598
point-0000409,253.20015892937428,-62.365801295467236,269.67769652965603,373.652424015586,1.6001567851344156,-11.604794801891313
point-0000410,253.42672542045372,-57.928579078229575,269.46526516568184,374.5462259301459,1.6006826091726554,-11.617353889608628
point-0000411,253.65320314325405,-53.482021380718294,269.2553668272399,375.3834420910926,1.601203733618424,-11.6299136529754
point-0000412,253.87959071064583,-49.02686395478585,269.0481359736733,376.16392908734196,1.601720070694673,-11.64247397056431
point-0000413,254.10588680689412,-44.56384442323673,268.8437053043845,376.88755470418323,1.6022315335624047,-11.655034720845148
point-0000414,254.33209018748238,-40.09370209564361,268.64220566327947,377.5541979532431,1.6027380363425214,-11.667595782207492
point-0000415,254.5581996788625,-35.617177783602614,268.4437659446824,378.1637490984799,1.603239494137335,-11.680157032983146
point-0000416,254.78421417813973,-31.13501361533895,268.2485130008086,378.7161096782268,1.6037358230517098,-11.692718351468784
point-0000417,255.01013265268605,-26.64795284988432,268.05657155087926,379.2111925232666,1.604226940213836,-11.705279615948445
point-0000418,255.2359541396901,-22.156739690756496,267.8680640919452,379.6489217709641,1.6047127637956533,-11.7178407047163
point-0000419,255.46167774563202,-17.66211909946645,267.683110811519,380.02923287542774,1.6051932130328703,-11.730401496099033
point-0000420,255.68730264569757,-13.164836608666405,267.5018295020831,380.3520726137353,1.6056682082445897,-11.742961868478579
point-0000421,255.91282808312093,-8.665638135250305,267.3243354775425,380.6173990882216,1.606137670852555,-11.755521700314617
point-0000422,256.1382533684621,-4.1652697933861305,267.15074149170385,380.8251817248446,1.6066015233999822,-11.768080870167086
point-0000423,256.36357787881735,0.33552229238588893,266.9811576588672,380.97540126762954,1.607059689569933,-11.78063925671862
point-0000424,256.5888010569681,4.835992173975882,266.8156913765549,381.06804976924315,1.6075120942033323,-11.793196738797077
point-0000425,256.8139224104595,9.33539426623227,266.6544472504909,381.1031305776838,1.6079586633165077,-11.805753195397715
point-0000426,257.0389415106217,13.832983533225388,266.49752702187334,381.0806583191251,1.6083993241182872,-11.818308505705598
point-0000427,257.2638579915259,18.328015674054228,266.3450294969939,381.0006588769458,1.6088340050266818,-11.830862549117722
point-0000428,257.48867154888,22.819747308183764,266.1970504792818,380.8631693669591,1.6092626356850852,-11.843415205265106
point-0000429,257.7133819388638,27.307436160170226,266.0536827038146,380.66823810888343,1.6096851469780256,-11.85596635403471
point-0000430,257.93798897690954,31.79034124379615,265.915015774346,380.4159245940853,1.6101014710464752,-11.86851587559143
point-0000431,258.1624925364201,36.26772304532474,265.7811361029257,380.1062994496221,1.6105115413026385,-11.881063650399659
point-0000432,260.28840985256545,-6.220820524097888,267.22726566662004,380.7712420554246,1.606536321218031,-11.766306221402086
point-0000433,260.51350031601595,-1.7252276046538668,267.05666073047735,380.935025305346,1.60699479572588,-11.77885096591268
point-0000434,260.73853937559386,2.771212954810096,266.8901020942492,381.041382487452,1.60744763312496,-11.791397647018064
point-0000435,260.96352650149026,7.267757948795037,266.7276974327961,381.090275949763,1.6078947556404848,-11.803946145704723
point-0000436,261.1884612206151,11.763663550511211,266.5695517270036,381.08167924619744,1.6083360865673877,-11.816496342625207
point-0000437,261.413343115709,16.258185496649986,266.41576718637464,381.015577149876,1.6087715502903062,-11.829048118119667
point-0000438,261.63817182439067,20.750579272629352,266.26644317371836,380.89196566264815,1.6092010723032222,-11.84160135223743
point-0000439,261.8629470381482,25.24010029833832,266.12167613200876,380.7108520208346,1.6096245792287496,-11.854155924758919
point-0000440,262.0876685012639,29.72600411410491,265.9815595134907,380.4722546971829,1.610041998837026,-11.866711715217406
point-0000441,262.31233600968557,34.207546567005636,265.84618371107246,380.17620339905045,1.6104532600642738,-11.87926860292113
point-0000442,262.5369494098376,38.68398399728554,265.7156359921059,379.8227390627992,1.6108582930309243,-11.891826466975402
point-0000443,262.761508597376,43.15457342484544,265.59000043457957,379.41191384443164,1.6112570290593846,-11.90438518630481
point-0000444,262.9860135158883,47.618572735696574,265.4693578658177,378.94379110645497,1.6116494006913533,-11.916944639675467
point-0000445,263.210464155543,52.07524086836969,265.3537858036949,378.4184454010094,1.612035341704798,-11.92950470571754
point-0000446,263.43486055168177,56.52383800000129,265.24335840047587,377.83596244925553,1.6124147871304342,-11.942065262947485
point-0000447,263.6592027833678,60.96362573224786,265.13814638928653,377.19643911704327,1.6127876732678255,-11.954626189790696
point-0000448,263.8834909718819,65.39386727673687,265.0382170332845,376.49998338688846,1.6131539377010329,-11.967187364603944
point-0000449,264.1077252791749,69.81382764009612,264.9436340775674,375.74671432626883,1.6135135193138335,-11.97974866569801
point-0000450,264.33190590627333,74.2227738083694,264.8544577038661,374.93676205227354,1.613866358304485,-11.992309971360177
point-0000451,264.5560330916465,78.61997493084436,264.7707444880665,374.0702676926122,1.6142123962000199,-12.00487115987692
point-0000452,264.7801071095305,83.00470250309468,264.6925473605688,373.14738334304616,1.614551575870136,-12.017432109556456
point-0000453,265.0041282682162,87.37623054921048,264.6199155695737,372.1682720212262,1.61488384154053,-12.029992698751325
point-0000454,265.2280969083017,91.73383580312458,264.55289464725047,371.13310761701985,1.6152091388058682,-12.04255280588099
point-0000455,265.4520134009107,96.07679788890613,264.49152637889443,370.04207483931754,1.6155274146421772,-12.055112309454298
point-0000456,265.67587814588177,100.40439950001124,264.4358487750212,368.8953691593898,1.615838617418857,-12.067671088092048
point-0000457,265.8996915699301,104.71592657734956,264.38589604649087,367.69319675079646,1.6161426969101167,-12.080229020549451
point-0000458,266.1234541247797,109.01066848604114,264.3416985826229,366.4357744259411,1.6164396043059839,-12.092785985738393
point-0000459,266.34716628527684,113.28791819089874,264.30328293234754,365.1233295692592,1.616729292222802,-12.105341862749807
point-0000460,266.57082854748296,117.54697243049203,264.2706717883964,363.75610006710656,1.61701171471324,-12.117896530875973
point-0000461,266.7944414267463,121.78713188963741,264.2438839745506,362.3343342344098,1.6172868272757774,-12.130449869632528
point-0000462,267.0180054557609,126.00770137035373,264.2229344359293,360.85829073810805,1.6175545868637322,-12.143001758780517
point-0000463,267.24152118261435,130.20798996117236,264.2078342323475,359.3282385174242,1.6178149518937526,-12.155552078348373
point-0000464,267.4649891688235,134.38731120466633,264.1985905347238,357.74445670105,1.618067882253826,-12.168100708653665
point-0000465,267.68840998736323,138.54498326316065,264.1952066245527,356.10723452127246,1.6183133393107438,-12.180647530324702
point-0000466,269.7985863224042,98.37154800618586,264.4783305473635,369.0359856784728,1.6157948893361918,-12.065889007818729
point-0000467,270.02210358133897,102.68095747753408,264.42681142288194,367.84841597325527,1.6160996874089877,-12.07843477180189
point-0000468,270.2456193202021,106.97473183209881,264.38101578678095,366.60538791258955,1.6163974004731843,-12.090982410682736
point-0000469,270.46913401557015,111.2521544085969,264.34097477491423,365.30708885704536,1.6166879762520947,-12.103531805271896
point-0000470,270.6926481598421,115.51251118861813,264.30671572120576,363.95371695692916,1.6169713638230903,-12.11608283605711
point-0000471,270.9161622593628,119.7550909782494,264.2782621349461,362.54548111167344,1.6172475136312743,-12.128635383224976
point-0000472,271.1396768325219,123.97918558899721,264.25563368105117,361.082600925765,1.6175163775027568,-12.141189326682595
point-0000473,271.3631924078372,128.18409001803354,264.2388461633254,359.56530666118516,1.6177779086574633,-12.153744546079439
point-0000474,271.58670952202107,132.36910262761262,264.22791151073807,357.99383918640973,1.6180320617215016,-12.166300920829254
point-0000475,271.81022871803924,136.53352532368348,264.2228377667288,356.36844992195114,1.6182787927390803,-12.178858330132295
point-0000476,272.03375054315245,140.67666373339875,264.2236290815537,354.6894007825454,1.618518059183968,-12.191416652997285
point-0000477,272.2572755469586,144.7978273816948,264.2302857076927,352.95696411590694,1.6187498199704702,-12.203975768263847
point-0000478,272.480804279426,148.89632986664049,264.24280399829615,351.17142263817965,1.6189740354639808,-12.21653555462476
point-0000479,272.704337288927,152.9714890335896,264.26117640871655,349.3330693660408,1.6191906674910008,-12.229095890648397
point-0000480,272.9278751202721,157.0226271480032,264.28539150108185,347.44220754553714,1.6193996793487269,-12.24165665480117
point-0000481,273.15141831274906,161.04907106688017,264.31543395193285,345.49915057766424,1.6196010358141444,-12.254217725470072
point-0000482,273.37496739816646,165.05015240867317,264.3512845629193,343.5042219407376,1.61979470315261,-12.26677898098515
point-0000483,273.5985228989111,169.0252077217089,264.3929202745273,341.45775510956355,1.6199806491259827,-12.279340299642234
point-0000484,273.8220853260107,172.9735786508429,264.4403141828395,339.36009347152594,1.6201588430002434,-12.291901559725334
point-0000485,274.04565517721846,176.8946121025014,264.4934355593168,337.2115902395168,1.620329255552607,-12.30446263952939
point-0000486,274.26923293510987,180.7876604078365,264.5522498735681,335.0126083618582,1.6204918590781539,-12.317023417382794
point-0000487,274.49281906520224,184.65208148402905,264.616718819092,332.76352042920206,1.6206466273959665,-12.329583771669997
point-0000488,274.71641401409437,188.4872389935898,264.6868003419828,330.46470857847606,1.6207935358547185,-12.342143580853984
point-0000489,274.9400182076351,192.29250250169576,264.7624486725314,328.1165643938997,1.6209325613378467,-12.354702723498946
point-0000490,275.1636320491137,196.06724763129873,264.8436143597522,325.71948880517016,1.6210636822681008,-12.36726107829255
point-0000491,275.3872559174856,199.81085621615608,264.93024430873265,323.2738919828035,1.6211868786117052,-12.3798185240685
point-0000492,275.6108901656271,203.5227164515369,265.0222818208338,320.78019323073056,1.6213021318819165,-12.39237493982882
point-0000493,275.83453511862535,207.2022230426225,265.1196666366575,318.2388208761854,1.6214094251421245,-12.404930204766123
point-0000494,276.0581910721041,210.8487773504927,265.2223349817512,315.6502121569582,1.6215087430084523,-12.417484198285747
point-0000495,276.2818582905914,214.46178753570675,265.33021961502584,313.0148131060016,1.621600071651804,-12.430036800027965
point-0000496,276.50553700592263,218.04066869926152,265.4432498798072,310.33307843357534,1.6216833987994417,-12.44258788988977
point-0000497,276.729227415692,221.58484302106086,265.5613517574948,307.6054714068396,1.6217587137360439,-12.455137348046875
point-0000498,276.95292968174476,225.09373989567402,265.6844479237623,304.8324637270745,1.6218260073042672,-12.467685054975375
point-0000499,277.1766439287178,228.56679606540914,265.8124578072617,302.01453540451575,1.621885271904775,-12.480230891473346
point-0000500,279.27743968882953,194.1116263191495,264.8462412909431,326.0404554427038,1.6210454890721233,-12.36547233079238
point-0000501,279.5007092653244,197.85628896033123,264.9311258255689,323.60940261834935,1.6211697115323416,-12.378019082264426
point-0000502,279.72403859093964,201.57022933044146,265.0214350839789,321.1297078312816,1.6212860324509832,-12.39056764684447
point-0000503,279.9474280428039,205.25282141642572,265.1171133223803,318.6017639860538,1.6213944293577884,-12.40311790517291
point-0000504,280.17087796306134,208.90344487498368,265.21810120200814,316.02597351374885,1.6214948813005816,-12.41566973757863
point-0000505,280.394388657146,212.5214851943338,265.32433582817805,313.40274828517227,1.6215873688519797,-12.428223024100463
point-0000506,280.6179603920986,216.1063338543861,265.43575079215594,310.73250952090325,1.6216718741156608,-12.440777644509133
point-0000507,280.84159339491845,219.65738848507195,265.5522762158363,308.01568769833034,1.6217483807320985,-12.453333478329096
point-0000508,281.06528785095776,223.17405302284766,265.6738387991656,305.25272245566475,1.621816873883855,-12.465890404860588
point-0000509,281.28904390235783,226.65573786523981,265.80036187030083,302.44406249298004,1.6218773403003355,-12.478448303201693
point-0000510,281.5128616465324,230.10186002342118,265.9317654384372,299.59016547028955,1.621929768262091,-12.49100705227066
point-0000511,281.7367411346952,233.5118432726519,266.06796624928006,296.6914979027497,1.6219741476045921,-12.503566530828133
point-0000512,281.96068237043824,236.88511830058243,266.20887784310753,293.74853505298256,1.6220104697215074,-12.516126617499548
point-0000513,282.18468530835963,240.22112285331744,266.35441061536693,290.7617608205886,1.622038727567504,-12.528687190797596
point-0000514,282.4087498527427,243.51930187914468,266.50447187977153,287.73166762889497,1.622058915660505,-12.54124812914464
point-0000515,282.6328758562908,246.7791076699233,266.6589659338261,284.65875630894874,1.6220710300834746,-12.553809310895328
point-0000516,282.8570631189165,249.99999999999983,266.81779412673336,281.5435359808434,1.622075068485682,-12.566370614359172
point-0000517,283.0570631189165,249.99999999999983,266.8177941267334,291.5435359808434,1.622075068485682,-12.566370614359172
point-0000518,284.740343387003,249.99999999999986,197.53524799863936,339.32962134396905,1.8271900352488335,-12.566370614359172
point-0000519,284.940343387003,249.99999999999986,197.53524799863936,329.32962134396894,1.8271900352488335,-12.566370614359172
point-0000520,285.84144395117113,262.41324012746037,200.9210555838117,316.71056166300025,1.8268754012146977,-12.617022315224654
point-0000521,286.7489005912653,274.1494339331651,204.63216500698312,303.37337892958305,1.8259324270384196,-12.667656640368257
point-0000522,287.6630254382009,285.17621081671336,208.63111523139617,289.3495319902753,1.8243637871133949,-12.71825918590755
point-0000523,288.58402990614536,295.46397186794286,212.87754394176457,274.67201490631305,1.8221738501165898,-12.768815947270342
point-0000524,289.51202042820296,304.98595979251536,217.32861439942607,259.3754047799908,1.8193686742960582,-12.819313120639118
point-0000525,290.4469963315475,313.71832870964,221.93946271779043,243.4959278737997,1.8159560193115385,-12.869736913011225
point-0000526,291.38884923536386,321.64021206989685,226.66366348167156,227.0715420971581,1.8119453738808105,-12.920073345543203
point-0000527,292.337363352055,328.73378861484815,231.45371145214426,210.1420346008836,1.8073479993777604,-12.970308035434977
point-0000528,293.29221609791125,334.98434813383113,236.2615172303394,192.74913329585405,1.8021769902154938,-13.02042594287216
point-0000529,294.2531030766349,340.38108872181635,241.03953346658326,174.9343286035645,1.7964465847127737,-13.070417452499267
point-0000530,295.2199762932034,344.91776594569853,245.74235594459498,156.73434104110632,1.790170340554912,-13.120289955883148
point-0000531,296.1922011369097,348.5877570101902,250.32295956750875,138.1968737188364,1.7833664156057458,-13.170024276748382
point-0000532,297.16933802897535,351.3888449996988,254.7370441107859,119.36635683654958,1.7760529408445604,-13.21961444125283
point-0000533,298.15090872903465,353.32147498830693,258.9422540768073,100.28826557576656,1.7682493381056013,-13.269055227429655
point-0000534,299.1364435192981,354.3887008894213,262.8987503618594,81.00825792145838,1.759975933005779,-13.318344152345166
point-0000535,300.12545570087275,354.5958780103186,266.5694147854564,61.5726890218569,1.7512541102069927,-13.367479829990994
point-0000536,301.1175107690017,353.9504857583504,269.92038804585854,42.02726115932881,1.7421056545354063,-13.416465079218886
point-0000537,302.11195423623604,352.4620357873846,272.9204185175902,22.42237764366768,1.732555282462214,-13.465293243521714
point-0000538,303.1083718306428,350.14189622681283,275.54269841387656,2.8040237488491826,1.7226263370183847,-13.513970674789345
point-0000539,304.1063319980923,347.0028534980312,277.7640410446736,-16.781221870999815,1.7123430153841301,-13.562503763075645
point-0000540,305.1053649880404,343.0591369392835,279.5650328338079,-36.285844253439485,1.7017306009713145,-13.610897794282794
point-0000541,306.10495868534053,338.32648119578676,280.9302400334101,-55.661426897287264,1.6908155360104344,-13.659156656941716
point-0000542,307.1046739752922,332.82158899294205,281.84850721314353,-74.86104177902268,1.6796241155830585,-13.707288363616863
point-0000543,308.1041881791324,326.56148409080197,282.3128766106733,-93.84015938622899,1.668181825417807,-13.755307050790295
point-0000544,309.1029670963825,319.5652127881631,282.32036703538756,-112.55047370669759,1.6565170679990364,-13.80321699548988
point-0000545,310.1006842471893,311.85144283742073,281.8722467654127,-130.9481025369648,1.6446562616233358,-13.851032946426148
point-0000546,311.0969627969391,303.4397519673916,280.9737688202489,-148.98873926535617,1.6326267507979997,-13.898767530392291
point-0000547,312.0913698972026,294.35083288339473,279.6342309441361,-166.62776930061528,1.620456884738658,-13.946430926958511
point-0000548,313.08347476803806,284.60611124449105,277.8668995411757,-183.8215405503032,1.6081752758626686,-13.994033623504826
point-0000549,314.073063313044,274.22551199966034,275.688392257866,-200.5311623502589,1.595807994523194,-14.041596862997668
point-0000550,315.0597042076659,263.23149323123687,273.11924155615145,-216.71495417935742,1.5833840156034553,-14.089131325119542
point-0000551,316.04304503372106,251.64637498772694,270.18327378840786,-232.33381459314495,1.5709314571996724,-14.136651498329623
point-0000552,317.02281183991937,239.49213371093128,266.9072705774464,-247.35111860413284,1.5584775290882888,-14.184175577665094
point-0000553,317.99849476991983,226.79429484705994,263.3218149746636,-261.72791477940586,1.5460526220594897,-14.231709627510691
point-0000554,318.9698309516317,213.57624664769037,259.4595049742873,-275.4305916865348,1.5336840032201502,-14.279271381559452
point-0000555,319.9365629668242,199.86201723822063,255.35538168506866,-288.4269142206439,1.5213989668361199,-14.326878056242244
point-0000556,320.8983777212654,185.6773344280011,251.04698293831905,-300.68527963193475,1.5092256593476685,-14.37454293051764
point-0000557,321.8549067967552,171.04998331390738,246.57416563593182,-312.1749991092511,1.4971930829928086,-14.422274900857548
point-0000558,322.8060892814887,156.0044341854483,241.97711091681018,-322.8706892243422,1.4853264241355266,-14.470096860258144
point-0000559,323.7515805166194,140.5709347792685,237.29878619191823,-332.7449914341955,1.4736547684007713,-14.518014780864124
point-0000560,324.69109157215894,124.78081721204614,232.58310987161985,-341.773113799775,1.4622066677898562,-14.566034611434779
point-0000561,325.6245850751252,108.66322900362898,227.8735866193742,-349.93447331351706,1.4510077467525304,-14.614172337476367
point-0000562,326.55201712094544,92.24943179432854,223.2142551044844,-357.2097719913736,1.44008407240512,-14.66244002078346
point-0000563,327.4733431852022,75.57303997836428,218.64933715347973,-363.58128411744025,1.4294620684274382,-14.710845504226047
point-0000564,328.3885211605466,58.670273387120574,214.22284496178509,-369.0331589381738,1.4191684254903614,-14.759391953191763
point-0000565,329.29758020005835,41.57891523041303,209.9778254883396,-373.552077056089,1.4092292258544417,-14.808081098971947
point-0000566,330.2009308171221,24.33245291719126,205.95458881715885,-377.1283934998774,1.399666551277496,-14.85693038635063
point-0000567,331.09870315428964,6.972620831328925,202.19340590016287,-379.75285549595236,1.3905059583599997,-14.905935649095307
point-0000568,331.99127991300435,-10.460573836440233,198.7316243844974,-381.4193189646617,1.3817703764360263,-14.955100689609143
point-0000569,332.8790942836101,-27.92507222395929,195.60420244181066,-382.1237838157095,1.3734823212456801,-15.004425830153378
point-0000570,333.7626237065366,-45.37671334552124,192.8432709940664,-381.86460014375547,1.3656637778886507,-15.053907496282072
point-0000571,334.6425130387258,-62.77185250814986,190.47735410902646,-380.6424440301664,1.3583349374292122,-15.103545604723712
point-0000572,335.5194127545642,-80.06443097894623,188.53151910808884,-378.46031189955033,1.3515155734528277,-15.153334461425642
point-0000573,336.39406986755876,-97.20811623564023,187.0267426746958,-375.3234775351468,1.3452240345444106,-15.203268617967412
point-0000574,337.2673148632011,-114.1564505828557,185.9796996924593,-371.23931387362614,1.3394772628878875,-15.253342838135897
point-0000575,338.1400846770139,-130.86372308570213,185.40258328594064,-366.21688006817965,1.3342905981197783,-15.303554322710074
point-0000576,339.01301030103014,-147.27772090196044,185.3029935711705,-360.2695768472016,1.3296799666896364,-15.353879002445622
point-0000577,339.8869970313829,-163.35149133313493,185.68333743050778,-353.4117080377501,1.3256579834658357,-15.404307442636304
point-0000578,340.76293642152905,-179.0383570850924,186.5411123900609,-345.6596508215883,1.3222358200365258,-15.454828727669996
point-0000579,341.64168536162265,-194.29216346821931,187.86886005635176,-337.03188420171625,1.3194231334374102,-15.505430392568964
point-0000580,342.52404525809897,-209.06754315438096,189.6541701724056,-327.5490355957777,1.3172279873551564,-15.55609834927614
point-0000581,343.4107416490991,-223.3201931245533,191.87973742398452,-317.2339488214694,1.3156567653408604,-15.606816791874186
point-0000582,344.30240454009163,-237.00715993230344,194.52347212011435,-306.11177767868935,1.3147140742569325,-15.657568066215013
point-0000583,345.19954872209127,-250.087118359226,197.558661712055,-294.2101229614125,1.3144026350566058,-15.708332436153263
point-0000584,346.1021757809357,-262.5158063185492,200.95264383771507,-281.56485333661874,1.314722877186732,-15.759065781408244
point-0000585,347.01061999761475,-274.2583604065458,204.67026211133106,-268.2082034651426,1.3156726781795305,-15.809749742920031
point-0000586,347.9255223642907,-285.2873859162022,208.67494685626616,-254.16749007084775,1.3172488883058893,-15.86038954058175
point-0000587,348.8473159623504,-295.5760279661061,212.9271280978757,-239.47245096144155,1.3194472997977513,-15.910984047301984
point-0000588,349.7762283751668,-305.09854976985974,217.3844530863698,-224.15562554891864,1.322262267137888,-15.96152621107954
point-0000589,350.7122820648256,-313.8308843854693,222.0020870609792,-208.25272038643033,1.3256863441260682,-16.01200328789928
point-0000590,351.6552914705365,-321.7511595066553,226.73308824754065,-191.80299195459455,1.3297099212339587,-16.0623968229445
point-0000591,352.6048556083821,-328.84020638424164,231.5288495233046,-174.8496763819332,1.3343208429818283,-16.11268232837887
point-0000592,353.5603450813425,-335.08207421741224,236.33960307719434,-157.4404894574306,1.339503983580039,-16.16282861973015
point-0000593,354.5210992016566,-340.4655395934393,241.11604870420095,-139.62411329397983,1.3452421277916582,-16.212808141690417
point-0000594,355.4872991566848,-344.98686747159036,245.81410026699223,-121.43337809800171,1.3515221005603812,-16.26264169696089
point-0000595,356.4590615133931,-348.6431742207059,250.39049382335804,-102.90186779420412,1.3583304135196854,-16.312349152166966
point-0000596,357.43674825927064,-351.4329512087612,254.8043340542534,-84.05820286407715,1.3656555101437755,-16.361964959385194
point-0000597,358.4191854738032,-353.35343097012264,259.0097143472415,-64.9610908762146,1.3734736255761648,-16.41144738282246
point-0000598,359.4054982391138,-354.40691051137765,262.9649559938251,-45.66416384678554,1.3817612868151925,-16.460773279414102
point-0000599,360.39515336404753,-354.5990693303268,266.63281459320035,-26.214824659904515,1.3904965089783186,-16.50993907271567
point-0000600,361.38766251982304,-353.937802344339,269.9793648605248,-6.659950663869516,1.399656776395041,-16.55894508320671
point-0000601,362.3825811079362,-352.4328330064777,272.9741761808407,12.954109885568535,1.409219159735106,-16.607795112029713
point-0000602,363.3792785381516,-350.09617306006885,275.58993032181365,32.57705965179942,1.4191581021863098,-16.656484990911398
point-0000603,364.3775491126017,-346.94009840401117,277.80412222808155,52.166704949577586,1.42945152176988,-16.705032164059457
point-0000604,365.37684963356617,-342.97918748347297,279.5972496642237,71.67404949355094,1.4400733360271296,-16.75343836211888
point-0000605,366.3766512401935,-338.2295024126032,280.95400336324616,91.05034976407626,1.4509968537487425,-16.801706748882733
point-0000606,367.3765101026225,-332.7079498577838,281.86337700109897,110.24859434222067,1.4621956506728855,-16.849845166134394
point-0000607,368.3760610077738,-326.4319076170112,282.3185389559704,129.22344417515495,1.4736436590824065,-16.897865675051445
point-0000608,369.37501332641443,-319.4188908945178,282.31668068173667,147.9311935577995,1.4853152539302157,-16.94578426096896
point-0000609,370.3728567138448,-311.6888018210539,281.85909670816915,166.32447793440915,1.4971818827868544,-16.993606873285586
point-0000610,371.36907297423056,-303.2626607266682,280.95136971543235,184.35653031196654,1.509214458619225,-17.041339481260795
point-0000611,372.36349668830564,-294.1589341328904,279.6026827570446,201.9875999006213,1.521387794709059,-17.089004979781482
point-0000612,373.3556607759888,-284.3993507551953,277.8263751042806,219.1733816451858,1.5336728878599284,-17.13661226487711
point-0000613,374.3451876356373,-274.005451144687,275.63945993446794,235.87217247904746,1.5460415906787754,-17.184174615433673
point-0000614,375.3317817577708,-262.99839085207566,273.0623118174538,252.0446836022208,1.5584666079823413,-17.231709248208613
point-0000615,376.31515920630073,-251.39960631003584,270.11858172128706,267.65285879277945,1.5709206718219813,-17.279233897707563
point-0000616,377.2947930154105,-239.2341980085519,266.8359337379892,282.6561925241972,1.583373390348662,-17.326754628509082
point-0000617,378.2704210091619,-226.5247504327617,263.24423840788296,297.01967607974467,1.5957975527182893,-17.374289636030685
point-0000618,379.24171470570775,-213.29539579808466,259.3763336723233,310.7086521877837,1.6081650398418612,-17.4218534095741
point-0000619,380.2082835823165,-199.57207996212122,255.26788149980197,323.68915219756707,1.6204468757418333,-17.469456629479247
point-0000620,381.16998103740013,-185.37819434128863,250.95576932385046,335.9318683018662,1.6326169890322861,-17.517120539688204
point-0000621,382.1264654347876,-170.74109054028023,246.4797374289778,347.4064180434822,1.6446467662395987,-17.564855628703135
point-0000622,383.07742730798043,-155.68909722236288,241.88117369981654,358.0845312894063,1.6565078569420197,-17.612672076797597
point-0000623,384.0226535478375,-140.25059861349084,237.20247117898663,367.9406746138093,1.6681729154703457,-17.660582511751585
point-0000624,384.9620272842372,-124.45407450044083,232.48668545362332,376.9518009359355,1.679615522406456,-17.708601683517937
point-0000625,385.89534258778673,-108.3314519785399,227.778154501823,385.09561832264836,1.6908079661035211,-17.756736886485825
point-0000626,386.822584112023,-91.91354522552447,223.12076596763146,392.3531528625641,1.7017244969690508,-17.805001348204595
point-0000627,387.743643765412,-75.23519046388674,218.55903351605696,398.70637515724576,1.7123380253323788,-17.853399636030563
point-0000628,388.6584900784412,-58.33253117986871,214.13685717362662,404.1397880911314,1.7226221198460916,-17.901935587535178
point-0000629,389.56728444332083,-41.24092235970636,209.89659573724805,408.64089572642126,1.7325522116894896,-17.95061792801518
point-0000630,390.47023279885025,-23.997732297093336,205.87943599202166,412.1991420848493,1.7421039309883146,-17.99945244473209
point-0000631,391.36754969022127,-6.643179301509775,202.12512381864732,414.80599302885236,1.7512528368089553,-18.04843971701846
point-0000632,392.25946626199675,10.779729063218923,198.67142670402674,416.4553288824119,1.7599746869509492,-18.097575170371886
point-0000633,393.1465047875258,28.23063835734149,195.5526759423582,417.1438757609995,1.768248074586945,-18.146863552479356
point-0000634,394.0292080747677,45.6667205738928,192.80053744586493,416.87036532822447,1.776051827005518,-18.196304801103683
point-0000635,394.9081654432775,63.04332742536974,190.44346026324018,415.63580315993113,1.7833654552759015,-18.245895505548553
point-0000636,395.784034609677,80.31468520483122,188.5062000897217,413.44355724906546,1.790169524769314,-18.29563037038954
point-0000637,396.65755452620425,97.43450257824809,187.00945081678861,410.29929063461947,1.796445903718806,-18.345503421668674
point-0000638,397.5293054151283,114.35174588032882,185.9698247815591,406.21200526398104,1.8021764344705853,-18.39549549173809
point-0000639,398.40041661332594,131.02491983893796,185.39872233120911,401.1907504419984,1.8073475570896023,-18.445613958712737
point-0000640,399.2717582554776,147.4067493291094,185.30342042866798,395.2475961413467,1.811945032880769,-18.495849208011766
point-0000641,400.14413376792794,163.44867490802847,185.68631650304184,388.39736780895794,1.8159557671606739,-18.546186201766137
point-0000642,401.0183700190558,179.10324077727086,186.54476651866278,380.65700346800656,1.8193684981884222,-18.59661055807919
point-0000643,401.8952925385566,194.32423028470728,187.8711394400109,372.0454150331665,1.8221737368599473,-18.647108298346346
point-0000644,402.77570216248665,209.0668142556955,189.652913761448,362.58338879724283,1.824363723158211,-18.697665629410526
point-0000645,403.6603534041457,223.28770859828438,191.87281536552024,352.2935234573681,1.8259323985333515,-18.748268747052066
point-0000646,404.54993474375715,236.94533760435553,194.5089955916823,341.2002053035571,1.8268753940769,-18.79890364605816
point-0000647,405.4450509058228,249.9999999999998,197.53524799863936,329.329621343969,1.8271900352488335,-18.84955592153876
point-0000648,405.6450509058228,249.9999999999998,197.53524799863933,339.32962134396905,1.8271900352488335,-18.84955592153876
point-0000649,408.0807748325733,249.99999999999977,83.94303246546988,383.24643120793496,2.1348624853935565,-18.84955592153876
point-0000650,408.2807748325733,249.99999999999977,83.94303246546994,373.2464312079349,2.1348624853935565,-18.84955592153876
point-0000651,409.3225824638265,264.37160970197795,92.16199485604565,360.59531473501875,2.134105779731337,-18.907426629047226
point-0000652,410.37785113960143,277.828903741789,101.27012157235428,347.1275734219977,2.1318405844940913,-18.965168880350337
point-0000653,411.44651798965964,290.31459952367857,111.15405103346583,332.87152650094606,2.1280787063875986,-19.022693127266397
point-0000654,412.5279955899656,301.78007208346065,121.6896715165574,317.85882654382465,2.1228386023827204,-19.079904966061413
point-0000655,413.62121620324893,312.1867023182236,132.7441916152937,302.12503627362634,2.116146181227258,-19.136707218494383
point-0000656,414.72467979732266,321.50679823095953,144.178493626612,285.71024687291197,2.108035490697632,-19.193001552592143
point-0000657,415.83669504938473,329.72553539108446,155.85168558405695,268.6567980327245,2.0985476172533586,-19.24869903406498
point-0000658,416.95572494140424,336.84206396284947,167.6268662210225,251.00484908232852,2.0877272060478695,-19.303734398507977
point-0000659,418.0803037260416,342.8663489070324,179.37202818989212,232.7941341491113,2.0756219068007917,-19.358058505338676
point-0000660,419.20957782591836,347.8195607422461,190.96684880781197,214.05567571692626,2.062275193282997,-19.411660594632394
point-0000661,420.34280328528865,351.7280096621877,202.29785937431632,194.8199744485034,2.047730009667459,-19.46454082668282
point-0000662,421.4774137326347,354.6164471928844,213.24014875524188,175.15122820920098,2.0320560747295664,-19.51662107716686
point-0000663,422.6116060295567,356.5198037116022,223.685354122979,155.10548588452528,2.015319891360457,-19.567864729969678
point-0000664,423.7440957094167,357.4785815025406,233.53925991270472,134.73407366468723,1.9975851896882975,-19.618262011389042
point-0000665,424.87400191842204,357.5359616561017,242.7203984613118,114.08513618769398,1.9789127974798033,-19.667822489372007
point-0000666,426.00073506727335,356.735794019627,251.1585914404043,93.20529743138887,1.95936120306555,-19.71656859096166
point-0000667,427.1238634706125,355.12136667568745,258.7934765907024,72.14184288927379,1.93898812226687,-19.764528972887998
point-0000668,428.243060479761,352.73475972237884,265.5739018749926,50.94347695391497,1.9178511308096142,-19.811735920703086
point-0000669,429.35819099381825,349.6161577884604,271.4581945638871,29.658368382855386,1.8960056818652429,-19.85822883726066
point-0000670,430.4688702564103,345.8045408749908,276.4116236217202,8.342212847328582,1.873513569886288,-19.90403594983593
point-0000671,431.57441499700235,341.3385876192747,280.4073681689721,-12.94113642883518,1.8504446945201565,-19.94917306230837
point-0000672,432.6757508154131,336.24916647754605,283.4329531068411,-34.15716485527852,1.826836039877121,-19.993721434206897
point-0000673,433.77719347062964,330.5459789877131,285.4863209592046,-55.335637463350636,1.8026471000214404,-20.0378972530403
point-0000674,434.8768422110673,324.26085455904024,286.5520657736847,-76.3844459770161,1.7779712365326672,-20.081664202035064
point-0000675,435.9731574930255,317.42547970623616,286.6288421010149,-97.21794388301431,1.7528978248483253,-20.125003409398353
point-0000676,437.0654126100648,310.06716843962636,285.72727399432654,-117.76668901579835,1.7274996309515491,-20.167930617648953
point-0000677,438.1532989589025,302.2093260217514,283.86671259057425,-137.97043389128234,1.7018398312304204,-20.21047970757906
point-0000678,439.23687234667835,293.8707369751892,281.07308521105887,-157.7774047211542,1.6759720285297801,-20.2527003076609
point-0000679,440.316520797819,285.06493874105144,277.37694839076397,-177.1436847275333,1.6499401582955404,-20.294656484820027
point-0000680,441.3928015811721,275.80084744379894,272.8123544771142,-196.03000847477708,1.6237819909542852,-20.33642048220604
point-0000681,442.4661731459225,266.0848001951606,267.41718339633593,-214.39685799442105,1.5975357051503207,-20.37806245567444
point-0000682,443.5371433550101,255.91947657427943,261.2323782005218,-232.20711503562765,1.5712363678764742,-20.41965667238891
point-0000683,444.6060954091843,245.30554714363151,254.3026841553924,-249.4230158291232,1.5449204682142825,-20.461274941161882
point-0000684,445.67318971627367,234.2430264947376,246.67764405743793,-266.0047981364137,1.5186286648762355,-20.502982902355566
point-0000685,446.73848058843487,222.73061710893913,238.41127103898347,-281.91295215180946,1.492403099053589,-20.544844732812862
point-0000686,447.80157042505084,210.7699085856168,229.56513886783915,-297.10345568254405,1.4662963206126705,-20.586909031764634
point-0000687,448.8615670442481,198.36708220490843,220.2098055387879,-311.5285993267567,1.4403724238911935,-20.629206206495436
point-0000688,449.9170616418522,185.53458791824693,210.4258213435701,-325.13845905707996,1.4147074325834355,-20.671746090570466
point-0000689,450.96603993099797,172.29385749591756,200.30499578372053,-337.8818545351294,1.3893910856382137,-20.714512057913822
point-0000690,452.00795903190345,158.65004658572792,189.9295780909971,-349.73239446718327,1.3644751991327484,-20.75754687438307
point-0000691,453.049176105457,144.51504159792586,179.31365692748528,-360.73953076817804,1.3398437004093964,-20.80119254347934
point-0000692,454.08784204002876,129.90370030310288,168.55493895921896,-370.853356093023,1.3155853109385203,-20.845446418176532
point-0000693,455.12187296695123,114.8386135080901,157.75930340623586,-380.02861608927026,1.2917944485796213,-20.890290592864844
point-0000694,456.1498191018455,99.338527184143,147.03055538729208,-388.2329193743639,1.268550490037935,-20.93572850642937
point-0000695,457.1708205054771,83.41846940074542,136.46970615924067,-395.4438673177845,1.2459199336994946,-20.98178313910033
point-0000696,458.1845779298285,67.08985191231719,126.17470239264415,-401.6463502507233,1.2239584866801005,-21.028495989808064
point-0000697,459.1909283990471,50.367431710714044,116.24456303839057,-406.8280007372699,1.202721966443355,-21.07590648449366
point-0000698,460.1900251075706,33.26730918972862,106.77735047123437,-410.9795533587068,1.1822631949007498,-21.12405906233524
point-0000699,461.182302953,15.808341626282271,97.87043958881844,-414.09363735937507,1.1626339097366798,-21.173000113433314
point-0000700,462.1683843264893,-1.9850927234984965,89.62116302120995,-416.16383546781094,1.1438876773063278,-21.22277124214506
point-0000701,463.14911589391886,-20.08242076024149,82.12593319062248,-417.18462470088025,1.1260797705600054,-21.27340871525223
point-0000702,464.12542979996556,-38.44296990098951,75.48028284355541,-417.151398645069,1.1092700156578792,-21.324933287397652
point-0000703,465.09834740699256,-57.01473665554289,69.77687863945789,-416.0613857440466,1.0935220179111613,-21.37734728558481
point-0000704,466.06891192879266,-75.73230685810799,65.10319520797938,-413.91488969578404,1.0789028486099754,-21.430628270239612
point-0000705,467.0377001079251,-94.50739311858413,61.539420763805,-410.71866347828205,1.0654873650174619,-21.484698913628225
point-0000706,468.005502871623,-113.24335501165103,59.15028457775489,-406.48633126134257,1.0533433820231979,-21.539466107751057
point-0000707,468.97298968088757,-131.83164322120638,57.98249405886213,-401.2399899473546,1.0425331199031591,-21.594805219627556
point-0000708,469.9410609131058,-150.16260970443093,58.06111156385802,-395.00827659240946,1.0331056502092155,-21.650586939117336
point-0000709,470.9150156820638,-168.20553445754297,59.398494770486195,-387.7902831522194,1.0250636491569012,-21.706935698587564
point-0000710,471.8970583920325,-185.86802638688317,61.99607634780031,-379.6017483335701,1.018443256128448,-21.76378712623749
point-0000711,472.888835285144,-203.04930268667488,65.83633038286936,-370.4636546625508,1.013277991021619,-21.821043909734357
point-0000712,473.89187299038906,-219.65207761278796,70.88302726062,-360.3982400841924,1.0095934308963694,-21.878608811401044
point-0000713,474.90750614093577,-235.58430059025576,77.08219917520597,-349.4283350178098,1.0074077521485498,-21.936386313444967
point-0000714,475.93683410964053,-250.76080925068442,84.36359046984069,-337.57669578277046,1.0067323900245213,-21.99428470254076
point-0000715,476.9805706949207,-265.1030269216138,92.64136038940217,-324.867103294441,1.0075726509352445,-22.052210558532522
point-0000716,478.0385217599201,-278.53448150802075,101.81093835327866,-311.3312601352189,1.0099261422838703,-22.110042090469374
point-0000717,479.11004215728644,-290.98960309598664,111.75390652336579,-297.0040233120754,1.0137812555263674,-22.167657901093595
point-0000718,480.19419198456416,-302.4163176206426,122.3419406049725,-281.9217135203601,1.019117850522849,-22.224945665596604
point-0000719,481.28977972770974,-312.7761983483665,133.4399445700968,-266.12196097578664,1.0259081369495757,-22.28180323789477
point-0000720,482.3954219708639,-322.0442236266946,144.90916869776458,-249.64353528373772,1.0341175987761313,-22.338139781742182
point-0000721,483.50961004138105,-330.20812349078074,156.61016126740375,-232.5261892719415,1.0437059536400828,-22.39387666440515
point-0000722,484.63077751890273,-337.26736769438713,168.40544282669023,-214.81051798147277,1.0546281272111955,-22.44894804479275
point-0000723,485.7573642655972,-343.23187387003003,180.1618249950015,-196.5378273332855,1.0668352220493929,-22.503301151515696
point-0000724,486.8878740894447,-348.1205236808812,191.75232859354975,-177.75000377425621,1.0802754645278352,-22.556896281981224
point-0000725,488.02092412654633,-351.9595718918756,203.05768254904325,-158.48937981227002,1.0948951154578168,-22.609706560701625
point-0000726,489.1552844090204,-354.7810243980505,213.96740354641946,-138.7986029434757,1.1106393244356632,-22.661717476317964
point-0000727,490.28979988366433,-356.6209932119305,224.3795400823015,-118.72244612986466,1.1274512579949085,-22.71292139073378
point-0000728,491.42160662916416,-357.5191150040992,234.18655697066322,-98.34082694341623,1.1452429770354666,-22.763236986349565
point-0000729,492.55118239179177,-357.5194979404106,243.31959667064646,-77.67771616361829,1.1639743035494114,-22.812735283774412
point-0000730,493.67783753390785,-356.66502107924583,251.70759615465545,-56.781495030298004,1.1835858713244174,-22.86143367635973
point-0000731,494.80061647361293,-354.99939884018113,259.28686824438375,-35.70939603364539,1.2040107701513105,-22.90933802483819
point-0000732,495.91906160325027,-352.565438834718,266.00661623186915,-14.512966407873364,1.2251882412737511,-22.956475460275197
point-0000733,497.0328346807635,-349.40455226998137,271.82564923969227,6.755410075911257,1.247057914107996,-23.00287743066501
point-0000734,498.1420536891288,-345.55475068577823,276.7133126522699,28.049458482336277,1.2695671993737074,-23.0485934439287
point-0000735,499.24693680414055,-341.0509701322336,280.6466200393253,49.322721815912956,1.2926652320984569,-23.093675938370794
point-0000736,500.3475327393955,-335.926286160047,283.60924786822875,70.5237834783042,1.3162973744779165,-23.138169720049518
point-0000737,501.4436982934696,-330.21251442669313,285.5921646266587,91.59633487778322,1.3404044420599042,-23.182111840370254
point-0000738,502.535125978894,-323.94048430704487,286.5943465177925,112.4803724816476,1.3649231870076854,-23.225533361800196
point-0000739,503.62455118311647,-317.1178098875986,286.6208396441325,133.1731084563456,1.3898597796302945,-23.268585089985677
point-0000740,504.7124089444292,-309.7616802927375,285.67779771805886,153.62724820478377,1.4151712517448458,-23.311326627647126
point-0000741,505.79736527489797,-301.9003198800648,283.7811346556797,173.76313103369245,1.4407738288305898,-23.353750620241687
point-0000742,506.8789104306181,-293.5551133291122,280.9550890545932,193.51830664483666,1.4666024496868038,-23.395884170330536
point-0000743,507.95684352364106,-284.74317250305194,277.2303294688683,212.8380314389473,1.4926001234353545,-23.437768209939442
point-0000744,509.03122939701404,-275.47701522322177,272.6423619865409,231.67445587693294,1.5187175545265703,-23.479455620323183
point-0000745,510.1023791840948,-265.7641965764969,267.23011090582423,249.98602158607912,1.5449130333845529,-23.52101043907924
point-0000746,511.1707755766184,-255.60759734257303,261.0350972072688,267.7357719476799,1.57115074302111,-23.562505130045622
point-0000747,512.2366972490544,-245.00910148063267,254.1032467148233,284.8850267105639,1.5973915843729183,-23.604006516922293
point-0000748,513.3003984492898,-233.96813327265187,246.48400442868325,301.39648531870597,1.6235972655232824,-23.645582822113425
point-0000749,514.3619622687349,-222.48347399109844,238.23147425702297,317.23206058626204,1.649726539173319,-23.6872981834908
point-0000750,515.4211215673841,-210.55585707011184,229.40635881882946,332.35081252068926,1.6757307056660466,-23.729205668994222
point-0000751,516.4774397088204,-198.18666714026244,220.07501681019272,346.71230280436464,1.7015578398432332,-23.771353820184626
point-0000752,517.5299549967544,-185.38304561391138,210.31301210116686,360.2727567939952,1.7271443111992544,-23.813772094280477
point-0000753,518.5770451296567,-172.16114776709483,200.20707279595595,372.985368903874,1.7524119264604945,-23.856463872928114
point-0000754,519.6183261328913,-158.52232819160133,189.83610675428812,384.82311003251095,1.777312557132895,-23.89948068189008
point-0000755,520.6576407259379,-144.40892955372766,179.23819105875683,395.80336918822655,1.8018946533177065,-23.94304702122048
point-0000756,521.6933584346095,-129.8354142084715,168.50949838629612,405.88266841207644,1.8260776243994976,-23.987169327103146
point-0000757,522.7239087765598,-114.81906047983009,157.75039337247932,415.02402405090464,1.849782216492164,-24.031852574589706
point-0000758,523.7483143450002,-99.37252126095865,147.05891932630462,423.2007909144318,1.8729419630945296,-24.077121448504492
point-0000759,524.7659708895434,-83.50693933384207,136.53239763475267,430.3928412654754,1.895497189795495,-24.123010895415216
point-0000760,525.7766521924691,-67.23211336489987,126.26706743569422,436.5850713983436,1.9173940071999407,-24.16956580022903
point-0000761,526.7803590466219,-50.55943040646787,116.35954211042326,441.76518380311336,1.938579990052225,-24.216833506361368
point-0000762,527.7773067826744,-33.50298805824036,106.90685739323771,445.9228804523504,1.9590029710467327,-24.264861796076133
point-0000763,528.7678636484153,-16.081791736992358,98.00687988435755,449.0491371252097,1.978608987065646,-24.313694156064575
point-0000764,529.7525091275417,1.6781164961052184,89.75817476789393,451.1360514212848,1.9973409678768888,-24.363365323627356
point-0000765,530.7318234816089,19.741968208901,82.25911036000434,452.1771738623521,2.015138422005668,-24.413897873010164
point-0000766,531.706369101111,38.06261547258637,75.60708293928394,452.16818331886054,2.031935842355728,-24.465293116887654
point-0000767,532.6766782476993,56.57906183829911,69.89587904833587,451.10832479863984,2.0476639611036793,-24.51752709413512
point-0000768,533.6431241005064,75.21343577420888,65.21272485494137,449.00233111849934,2.0622501778066256,-24.570541113195187
point-0000769,534.6054629216372,93.86257744530135,61.634943402005234,445.86427479829797,2.0756164135808284,-24.624215364971754
point-0000770,535.5659982768973,112.46137117989686,59.21573203957362,441.7069252239112,2.0877227786315147,-24.67854164505882
point-0000771,536.5285768213087,130.96513607931138,57.99675382586014,436.53510172284945,2.098544167514835,-24.733579317705704
point-0000772,537.4953286433695,149.28765363454787,58.01396092849214,430.3602585234796,2.108032909469297,-24.789279181633532
point-0000773,538.4683250130224,167.33604377905274,59.28786554964341,423.1963521623445,2.11614437217388,-24.84557611873626
point-0000774,539.4493359500696,185.0097528292506,61.82115060524376,415.0615221900298,2.1228374346464634,-24.902381032965582
point-0000775,540.4399792964502,202.20738447277373,65.59726542897417,405.97680322998144,2.12807804445769,-24.959595590996006
point-0000776,541.4417881574343,218.83155402444842,70.580919914547,395.96438233071416,2.131840288289345,-25.017122608362023
point-0000777,542.4561362623648,234.79056467359112,76.7191796308934,385.0468469886302,2.1341057052315633,-25.07486767308118
point-0000778,543.484193635911,249.99999999999972,83.94303246546988,373.24643120793496,2.1348624853935565,-25.132741228718345
point-0000779,543.684193635911,249.9999999999997,83.94303246546983,383.24643120793496,2.1348624853935565,-25.132741228718345
point-0000780,546.1191834313221,249.99999999999972,-37.59040442297274,390.49639517147796,2.4425349355382755,-25.132741228718345
point-0000781,546.3191834313221,249.99999999999974,-37.59040442297268,380.4963951714779,2.4425349355382755,-25.132741228718345
point-0000782,547.7134332842417,269.2559166589081,-21.930942678429034,367.78561264471006,2.441101889375115,-25.208975333744117
point-0000783,549.1281378137594,286.83370069380584,-4.3858898624917515,354.230237605868,2.4368207671996975,-25.284694316007144
point-0000784,550.5576093181935,302.56773570803256,14.676467779962394,339.8628378384119,2.429744379788199,-25.35940980550977
point-0000785,551.995460279109,316.3584866698158,34.86095349738582,324.71794171610543,2.4199572278494834,-25.432680882770413
point-0000786,553.435074557085,328.1721092316848,55.76723625808624,308.8320558158382,2.4075709420008757,-25.504130705357824
point-0000787,554.8700457361876,338.0343704452543,77.00916117831548,292.2437061878405,2.3927187886806696,-25.57345661524084
point-0000788,556.2945334109168,346.0205371646327,98.22985291075597,274.9935050959969,2.3755498543904543,-25.640433606673525
point-0000789,557.7037186544363,352.2440780861051,119.11485292106349,257.1215848525092,2.3562204796766633,-25.7049212382243
point-0000790,559.0935999326683,356.8420311096369,139.39209557793384,238.6716459566841,2.3348930735905626,-25.76684097235735
point-0000791,560.4612591196627,359.96503087137796,158.83621873525993,219.6882424726141,2.311729134547245,-25.82617726023132
point-0000792,561.8052827275742,361.76815082911946,177.2725963778375,200.20983080000536,2.2868766208063063,-25.882985492066332
point-0000793,563.1250348086511,362.4011316921513,194.56338035044678,180.2767841928687,2.2604766311371005,-25.937353165791713
point-0000794,564.4189478356179,362.00469356563883,210.583091975606,159.95694057141458,2.2326977998069495,-25.989328233121388
point-0000795,565.6875643631321,360.7105240669423,225.25622374035646,139.2982986248654,2.2036731014261384,-26.0390405323779
point-0000796,566.9319311136786,358.63637307516717,238.5312193762561,118.3495079085395,2.173525239994465,-26.08663238677874
point-0000797,568.1534685944962,355.88565612954335,250.3757296031285,97.15982502777271,2.142366817121003,-26.13225272789952
point-0000798,569.3538560001799,352.5478272660613,260.7725771989897,75.77907602227165,2.110300810791522,-26.176052609069874
point-0000799,570.5349331619562,348.69923160642236,269.71644537514703,54.257625366611364,2.07742126351864,-26.218181909123956
point-0000800,571.6986194148086,344.4042203323722,277.21124222393456,32.64635107789336,2.0438141022837866,-26.258787013483403
point-0000801,572.8468480817212,339.7163744866282,283.26806365769875,10.996624889002703,2.009558033890695,-26.298009269514722
point-0000802,573.9815146226931,334.67973576376096,287.9036673523734,-10.639703645240871,1.9747254776159584,-26.335984034908904
point-0000803,575.1044361942435,329.32998196286314,291.13937274500756,-32.210319937389244,1.9393835124155672,-26.372840163765147
point-0000804,576.2173202807282,323.69551363431617,293.0003115256926,-53.662454318134294,1.9035948287592968,-26.408699800441084
point-0000805,577.3217400971787,317.79843883005196,293.51496569345073,-74.94288881153471,1.867418685801183,-26.443678373513237
point-0000806,578.4191145610998,311.65545692635413,292.71494391050123,-95.99796003212576,1.8309118833655402,-26.47788470020841
point-0000807,579.5106907484377,305.2786521257177,290.6349602999949,-116.77355768465608,1.7941297653137378,-26.511421125064704
point-0000808,580.597526865301,298.6762139996689,287.3129922183945,-137.21511919115414,1.7571272762873023,-26.5443836254308
point-0000809,581.6812909912996,291.8481652659553,282.7871189540442,-157.28280700030896,1.7199316045422142,-26.57688651305776
point-0000810,582.7645783166679,284.78376824445456,277.08957803925836,-176.95606026377243,1.6825308673647075,-26.609071382982048
point-0000811,583.8464541280111,277.489919734401,270.27033147461015,-196.15188685891565,1.645031208948787,-26.640974159910023
point-0000812,584.9278810712945,269.95876070148825,262.374813936722,-214.8263651620301,1.6074678451100277,-26.67268986564723
point-0000813,586.0097119687002,262.17947716789496,253.45033304822186,-232.93657291366665,1.5698753718631393,-26.704311783164336
point-0000814,587.0926949732667,254.13843762948682,243.54630692874727,-250.4406531533849,1.5322882339170079,-26.73593217240008
point-0000815,588.1774776604874,245.81928481989362,232.7145461914135,-267.29787852582785,1.4947412012713555,-26.767642957045886
point-0000816,589.2646098937176,237.20299249960618,221.00958492545715,-283.46871602501375,1.457269861981991,-26.79953637903737
point-0000817,590.3545453890724,228.26789816167593,208.48906632866468,-298.91489538605055,1.4199111374715239,-26.831705616213387
point-0000818,591.4476419611959,218.98972367478524,195.21418945871056,-313.5994848823087,1.3827038260355236,-26.864245355306824
point-0000819,592.5441604610578,209.34159813762352,181.2502242523991,-327.4869784485285,1.345689180268766,-26.897252306924408
point-0000820,593.6442624289448,199.29410084834484,166.6671024973814,-340.5433980955757,1.3089115247107397,-26.93082564109892
point-0000821,594.7480064895527,188.8153476014293,151.5400925531115,-352.7364158133985,1.2724189206304763,-26.96506731082732
point-0000822,595.8553435222458,177.87115085229647,135.95056470927398,-364.03549987857485,1.236263884918963,-27.000082216055915
point-0000823,596.9661106592558,166.42529398102556,119.98685115880045,-374.4120919600543,1.2005041687317703,-27.03597814103404
point-0000824,598.0800242072224,154.43997220910552,103.74519821257104,-383.83982384716484,1.1652035978278854,-27.072865372991373
point-0000825,599.1966716565033,141.87646772580166,87.33079664262436,-392.29478609384535,1.130432969287353,-27.110855878997363
point-0000826,600.3165398333383,128.68375164766223,70.84361463934005,-399.7625143606808,1.0962386629947365,-27.15009995907937
point-0000827,601.4431914180485,114.76927719469937,54.3482436678635,-406.24538830232524,1.0625810612344277,-27.190872987347145
point-0000828,602.5723557005234,100.13415175464418,38.036289549307384,-411.69864851203806,1.0296720241361146,-27.233166876830115
point-0000829,603.7040080622897,84.73253400394628,22.049473082320702,-416.11075651941906,0.9975970646400637,-27.27712763950173
point-0000830,604.8382300820782,68.52099140899699,6.542426887309375,-419.47248837474933,0.9664498121166507,-27.322904308488845
point-0000831,605.9752635884228,51.46085920276181,-8.316228322301612,-421.7769041982914,0.9363327949411773,-27.370646540660722
point-0000832,607.115578245096,33.52128129401112,-22.343163838634723,-423.0193336594588,0.9073580657265217,-27.420501260890777
point-0000833,608.2599499893428,14.683032599143445,-35.34021597596859,-423.19737146983095,0.8796476194269613,-27.472608102807865
point-0000834,609.4095451233262,-5.056838390256274,-47.09518180539678,-422.31088373602813,0.8533335007049457,-27.5270934518515
point-0000835,610.5659998796858,-25.67960098476931,-57.38394561505331,-420.3620267268718,0.8285574700663254,-27.584062958252236
point-0000836,611.7314789652187,-47.138869071332806,-65.97439882630775,-417.3552799234275,0.8054700760368263,-27.643592510565234
point-0000837,612.9086901222123,-69.35447144508913,-72.63261472223257,-413.2974953659967,0.7842289697389492,-27.70571786239288
point-0000838,614.1008275901982,-92.2068296305676,-77.13163880955724,-408.1979655195798,0.7649963076790917,-27.77042339461361
point-0000839,615.3114190541145,-115.53277519009939,-79.26301036510188,-402.06851235891634,0.7479351287773859,-27.837630860440974
point-0000840,616.5440616927048,-139.1239473616307,-78.85071047887581,-394.92360129122187,0.7332046718119839,-27.907189353860648
point-0000841,617.8020544269026,-162.7289576733868,-75.76664939655174,-386.78048498723786,0.7209547229067722,-27.97886807218478
point-0000842,619.0879619353308,-186.06027806014185,-69.94614620592861,-377.6593841923021,0.7113192415219052,-28.052353580486688
point-0000843,620.4031729783775,-208.80622958598047,-61.40128718530755,-367.58371505309526,0.7044096837817678,-28.127253090911122
point-0000844,621.7475304114425,-230.64754902019376,-50.22980378830226,-356.580375232022,0.7003085842887253,-28.20310465366175
point-0000845,623.1191052182297,-251.27696526917163,-36.61739381740236,-344.68010379579516,0.6990640244460737,-28.279394145916008
point-0000846,624.5148893087721,-270.4287303668773,-20.823531529682953,-331.9110357544921,0.7006871627885076,-28.355617464348512
point-0000847,625.9309111294425,-287.8907356271815,-3.1653280923036107,-318.29805142705106,0.7051570202879474,-28.431298822097585
point-0000848,627.3613255367782,-303.5000544868464,15.985371034221856,-303.87466630468975,0.7124186964302525,-28.505946785950517
point-0000849,628.7996539689844,-317.1609064018709,36.231401198383,-288.67615127509634,0.7223853796390295,-28.57912093997494
point-0000850,630.2392615559739,-328.8436448971747,57.17231404310327,-272.7394078095301,0.7349434239365783,-28.650448211861534
point-0000851,631.6737925658043,-338.5780525845394,78.4236589891432,-256.1029017993559,0.7499582850512312,-28.71963230729816
point-0000852,633.0975203396924,-346.44274495592157,99.63180464157114,-238.80661660440347,0.7672807036467043,-28.78645647918589
point-0000853,634.5055874736511,-352.55268577721034,120.48359570269966,-220.89202327390268,0.7867525960505517,-28.850780567408908
point-0000854,635.8941338369287,-357.0466185454001,140.71106406772472,-202.40206672972553,0.808212253400029,-28.91253379448653
point-0000855,637.2603258131008,-360.07574000558276,160.09203461062452,-183.3811674266557,0.8314986130102295,-28.971704955266894
point-0000856,638.602308681889,-361.7943806601688,178.4477483963287,-163.87523874417516,0.856454514543373,-29.028331486443175
point-0000857,639.9191062734154,-362.3529606134679,195.63863129247,-143.9317211881649,0.8829289670128487,-29.082488576326508
point-0000858,641.2104899045252,-361.893130516437,211.55916886891515,-123.59963539653722,0.9107785244184401,-29.134279097894563
point-0000859,642.4761746895259,-360.5460738706297,226.12549406264125,-102.94071967628295,0.9398521377222179,-29.183799046674757
point-0000860,643.7117023581789,-358.44319946790506,239.23468682361522,-82.09993196552745,0.9698867644051408,-29.230981991446974
point-0000861,644.9199811562399,-355.6920493983753,250.88728536078952,-61.108905736112206,1.0007874431844321,-29.27604785248102
point-0000862,646.1052215914726,-352.37765739828234,261.1023064558191,-39.97632176201972,1.032507403197602,-29.319249981165544
point-0000863,647.2710137124982,-348.56949583842794,269.89484872025986,-18.720319931003715,1.0649996541791147,-29.36080345973682
point-0000864,648.4204035747906,-344.3247972251213,277.277570382008,2.6318878415801663,1.09821490458101,-29.400892284689647
point-0000865,649.555941497226,-339.6911211957148,283.2622356245029,24.044299609181294,1.1320997928714536,-29.439674675808313
point-0000866,650.6797054679596,-334.7084087999083,287.8613171758844,45.47230023527865,1.166595207728034,-29.47728687534776
point-0000867,651.7933019478884,-329.41070300472063,291.0896804380297,66.86273809893939,1.2016345269738606,-29.51384569556713
point-0000868,652.8978452087936,-323.82767305028256,292.96639576244354,88.15391096948437,1.2371416381201787,-29.549449983767694
point-0000869,653.9939789092033,-317.98568026370003,293.51669989834977,109.27669301421362,1.2730307126125593,-29.58418308780312
point-0000870,655.0850804924704,-311.88915357807883,292.7680987937905,130.21644049981913,1.3093122702374764,-29.618212703241383
point-0000871,656.1721608971194,-305.5502094695762,290.74839972702614,150.91513914823068,1.3459271935497898,-29.65163004007232
point-0000872,657.2546329503507,-298.9867571232196,287.4956373608379,171.28764338057493,1.382767867944032,-29.6844789259009
point-0000873,658.3325370736027,-292.2093788213626,283.054586054502,191.26500872782375,1.4197523016088174,-29.71682439733074
point-0000874,659.4064651922945,-285.22138806116783,277.47263638270766,210.79289813358847,1.4568227694191411,-29.748748850397973
point-0000875,660.4775297332726,-278.01870918746334,270.7962305054147,229.8301963132192,1.4939450828140703,-29.780350199965905
point-0000876,661.5473722523853,-270.5894817930989,263.06764990641653,248.34777791904008,1.531108530621743,-29.811741785307586
point-0000877,662.6182094560714,-262.91328928131117,254.32196464464542,266.327377039803,1.5683265568371014,-29.843053919962944
point-0000878,663.69291735999,-254.95989060840134,244.58396276077087,283.7604949582207,1.6056382619717886,-29.874437141432004
point-0000879,664.7751569529914,-246.68729715249876,233.86488660824415,300.6472536351747,1.643110824295156,-29.90606737844786
point-0000880,665.8656998879214,-238.070922289186,222.20247899734034,316.9401935203613,1.6807136744846616,-29.938042974450127
point-0000881,666.9592286899085,-229.13415739104713,209.7110060730005,332.51001797813865,1.7182133022575918,-29.970292696754107
point-0000882,668.0560453767463,-219.8531463130199,196.45241288730742,347.3179644230755,1.7555682386255986,-30.002910091314227
point-0000883,669.1558807914803,-210.20580091168893,182.499171737705,361.321212758005,1.7927191519890888,-30.035976783895585
point-0000884,670.2575944138341,-200.17546360795595,167.9399806273525,374.4715530599733,1.829579460814039,-30.06955299066591
point-0000885,671.3611653019992,-189.7329089548282,152.8536642579421,386.739543637109,1.8661002846597512,-30.103736113611337
point-0000886,672.47090615795,-178.80162088863193,137.260955821177,398.14060901567774,1.9023692352431048,-30.138763246643148
point-0000887,673.58542243551,-167.35551238990433,121.2657932594508,408.62869692710603,1.9382870162166235,-30.17470828752521
point-0000888,674.7035310469714,-155.36491737247616,104.97712924934439,418.16661088685134,1.973760461953557,-30.21165619921914
point-0000889,675.8247760393153,-142.79075767488752,88.50115265397372,426.7286688328615,2.0087169225933463,-30.24972007973441
point-0000890,676.9492002961362,-129.58621930945682,71.94495900276445,434.29600535704856,2.043094643070041,-30.28903573646599
point-0000891,678.075640500161,-115.71788015313632,55.442768304851654,440.8453476532157,2.076791113659628,-30.32970292586163
point-0000892,679.2044591967917,-101.13416122039408,39.11701878902906,446.36600927865834,2.109742123562348,-30.371877130562197
point-0000893,680.3362673266776,-85.78038992754949,23.099435072519555,450.8487066944922,2.1418801080705254,-30.41572778036031
point-0000894,681.4715196151931,-69.60625473335057,7.539281039661802,454.2835372034675,2.173120471003915,-30.461420949720626
point-0000895,682.6105844457494,-52.56860972275874,-7.395683104404981,456.6611355279663,2.203361909641451,-30.50911631877957
point-0000896,683.7538160622747,-34.6352592329483,-21.518831775964628,457.9737753947645,2.2324867658785985,-30.55896232407526
point-0000897,684.9016269628497,-15.789833477340409,-34.62527950429421,458.2164715545867,2.2603616199014436,-30.611089176973067
point-0000898,686.054553311354,3.962218061193738,-46.493977172341715,457.3881348394002,2.286838389178089,-30.665599446775918
point-0000899,687.2132985399231,24.586636471514453,-56.89192872795542,455.4928326007404,2.311756235008527,-30.722555980915242
point-0000900,688.3787331244442,46.0127626430704,-65.58123967190096,452.54120577487083,2.334944656527616,-30.781967222959192
point-0000901,689.553818473392,68.16413348860218,-72.33953931618143,448.54465895211604,2.3562616204399776,-30.843874301046846
point-0000902,690.7431860308973,90.95000375175786,-76.95457448137924,443.51041208559883,2.375577642849696,-30.908334143371164
point-0000903,691.9507929496369,114.21902445649742,-79.22039985162783,437.4486879984188,2.392738694718905,-30.975295793853117
point-0000904,693.18024551078,137.76675020141533,-78.95934267801243,430.37352712146816,2.4075859835382833,-31.04461472040654
point-0000905,694.4346764829393,161.34190491558314,-76.04088677914027,422.30299300442573,2.419967860223757,-31.116056211211575
point-0000906,695.7166773133334,184.66005651835965,-70.39726160740832,413.2573447466477,2.4297505914504436,-31.18931242045275
point-0000907,697.0278741691225,207.41513210096235,-62.03504640644488,403.25860632546573,2.4368232658525875,-31.264006514851253
point-0000908,698.3685822998744,229.29505931344505,-51.04244320787271,392.3301674231816,2.4411023010187947,-31.33970336749421
point-0000909,699.7376057492804,249.99999999999966,-37.59040442297271,380.49639517147796,2.4425349355382755,-31.41592653589793
point-0000910,699.9376057492805,249.99999999999966,-37.59040442297277,390.49639517147796,2.4425349355382755,-31.41592653589793
point-0000911,702.3729503797771,249.99999999999963,-155.57908659192748,360.39773152579767,2.7502073856830003,-31.41592653589793
point-0000912,702.5729503797771,249.99999999999963,-155.57908659192748,350.3977315257977,2.7502073856830003,-31.41592653589793
point-0000913,704.9563152468622,282.5187074799789,-123.10641788184363,337.7395054834635,2.7473030702370655,-31.543910524485412
point-0000914,707.3377017655705,309.72312463084535,-86.39135967770216,324.3109951735885,2.7387160903560126,-31.66841619867493
point-0000915,709.6684771516778,331.10502851780905,-47.46675682222667,310.1443075259494,2.7247982299204514,-31.786532406856505
point-0000916,711.909714909574,346.84040194459914,-8.217467030271933,295.2731963060639,2.7060610280881976,-31.896266346725813
point-0000917,714.0359401994365,357.580883550609,29.88082785339229,279.7330684066965,2.6830958184337366,-31.996607916762805
point-0000918,716.0349403593203,364.19996112752307,65.8398736096614,263.56100929180366,2.656503855804299,-32.08737393001868
point-0000919,717.9051568710483,367.59177046032147,99.10409167569549,246.795826733857,2.6268486426120146,-32.16895823465633
point-0000920,719.6523271963171,368.55405477844056,129.43909540789633,229.47811280682964,2.5946309557358,-32.24208907935029
point-0000921,721.286447498571,367.74198375521837,156.8188354305099,211.65032433369743,2.5602809978253287,-32.307642425435645
point-0000922,722.8195689442255,365.6656432481504,181.3378566806946,193.35576356055952,2.5241587857823307,-32.36652253902164
point-0000923,724.2645832630202,362.70742287698397,203.1545772729695,174.63395308606334,2.4865522070476973,-32.4196022528254
point-0000924,725.6333230408574,359.14816686083554,222.43802181759526,155.53264698204745,2.447710377588056,-32.46765266758697
point-0000925,726.9369216444197,355.1899692887944,239.3603265047902,136.0977298549186,2.4078329283208486,-32.511363726797015
point-0000926,728.1853363582886,350.9762849672742,254.08172488425745,116.37614236016341,2.367084047742927,-32.551334920449875
point-0000927,729.3873439267701,346.60744954430754,266.7466473925738,96.41513304750517,2.3255980339186126,-32.58808359979808
point-0000928,730.5505538002323,342.1525836072287,277.48234415273214,76.26266748012186,2.2834860191448194,-32.62205328685553
point-0000929,731.6815782332585,337.6580410143195,286.400426507103,55.96603226040823,2.2408378538222395,-32.653625695514854
point-0000930,732.7858246187261,333.15493394017494,293.5961142560643,35.57760082428332,2.197738171228788,-32.68312137896242
point-0000931,733.8681552347755,328.6617251120976,299.15472598817416,15.145059743593976,2.15424902852477,-32.71082305053358
point-0000932,734.9326867733989,324.1886041971811,303.15062657600436,-5.283227665347795,2.110423691746837,-32.7369738811849
point-0000933,735.9828752709899,319.7399233957287,305.6492612972052,-25.65782989080735,2.0663096392287224,-32.761783550291405
point-0000934,737.0216077644823,315.31587474507376,306.70916373639915,-45.928263472029926,2.021950390751967,-32.78543378959072
point-0000935,738.0514104319068,310.9131600360006,306.38370019378084,-66.04560897800582,1.9773813225765111,-32.80808581541163
point-0000936,739.074561637169,306.5256231044789,304.7217141133425,-85.96350739813981,1.9326284968439913,-32.82988474302436
point-0000937,740.0927911676276,302.1462663532261,301.76885495150736,-105.63120700675661,1.887725326278054,-32.85095504516503
point-0000938,741.1077898842113,297.7657920100941,297.56808685669415,-125.00267958396076,1.8426930742172607,-32.87141315083326
point-0000939,742.1209842716273,293.3739166288526,292.160482879506,-144.0314576986484,1.7975531775295033,-32.89136392922325
point-0000940,743.1335689432321,288.959534656321,285.58617729213665,-162.67073946356942,1.7523279749812544,-32.910902747316236
point-0000941,744.1465741210185,284.5106365849988,277.88490000168315,-180.87429488923456,1.7070394596139262,-32.93011799776486
point-0000942,745.1611379230563,280.01326573016865,269.09433036136755,-198.60098166807484,1.6616983974549988,-32.94909728981976
point-0000943,746.178088920177,275.45329070536945,259.2534920499461,-215.80680223320604,1.6163246376667428,-32.967920358915684
point-0000944,747.198245929401,270.8151330331383,248.40115427900923,-232.45019094165679,1.570934631522937,-32.98666578776527
point-0000945,748.2224454713114,266.0815429243521,236.5755901716831,-248.4921060045591,1.5255412259573902,-33.00541236699351
point-0000946,749.2512556670948,261.2347431697788,223.81817396803694,-263.89136025679943,1.480167553567152,-33.02423463792816
point-0000947,750.2854310668909,256.254224029276,210.16863838315766,-278.6118259568211,1.434827238545271,-33.04321233063315
point-0000948,751.3257098530585,251.11735876172673,195.66732215062103,-292.6188393403792,1.3895345047145196,-33.06242755055551
point-0000949,752.3727555836831,245.79937795733218,180.35636439951864,-305.87838524948717,1.344307580115398,-33.08196474252629
point-0000950,753.4271601191464,240.27302524678032,164.28023055344377,-318.3573642158876,1.2991692693685872,-33.10191183732321
point-0000951,754.489843481546,234.5060138920146,147.47991544756889,-330.0282409552633,1.2541302698134797,-33.122369392784734
point-0000952,755.5613978026199,228.46382587930879,130.00326875444495,-340.8610729759157,1.2092190101031526,-33.14343926267097
point-0000953,756.6424849695242,222.10709665472524,111.89971425504743,-350.8286751464838,1.1644649460787306,-33.165233854612914
point-0000954,757.734062061065,215.38940544340875,93.21684957852085,-359.9082902803212,1.1198903546785999,-33.18788293579186
point-0000955,758.8371044920084,208.25775836259123,74.00566955389334,-368.07843188011304,1.0755238764651016,-33.21153044008906
point-0000956,759.9526223015688,200.65138310691106,54.32149804329865,-375.3191805147412,1.0314014196806434,-33.23633735149167
point-0000957,761.0816773734327,192.50034462132209,34.225207208978475,-381.61249509686195,0.9875673495326108,-33.262484931124
point-0000958,762.2254928343401,183.72327125220863,13.78322121181887,-386.94294676716504,0.9440725053988686,-33.29018060560606
point-0000959,763.3858943400197,174.2218549603054,-6.9377710309463225,-391.299118329051,0.9009606896545879,-33.31967370840068
point-0000960,764.564526815135,163.88471575628972,-27.85313235750479,-394.6697292847785,0.8583036262588901,-33.35124046382099
point-0000961,765.7636103380918,152.57920439576208,-48.86872809962807,-397.0468423429388,0.8161769143075279,-33.38520830756724
point-0000962,766.985791639787,140.1500608366844,-69.87131611834235,-398.42471773253874,0.7746731057554281,-33.42195776276593
point-0000963,768.2342804805327,126.41621877000416,-90.72150745358192,-398.8000276818848,0.7339055340548581,-33.461931121523165
point-0000964,769.5132277833649,111.16564745013152,-111.24729733024358,-398.1719307743085,0.6940068039279821,-33.50564837571312
point-0000965,770.8277618379849,94.15569908090148,-131.22740589438206,-396.5419520800715,0.6551420148610981,-33.55370959023334
point-0000966,772.184453986454,75.11222533903177,-150.3764400165095,-393.91401861070676,0.6175108458772055,-33.6068067366096
point-0000967,773.5916992129767,53.735400163699694,-168.32259407252073,-390.29427399960844,0.5813559685815006,-33.66572537157957
point-0000968,775.0601623325596,29.714184035069877,-184.581184548004,-385.6906900824538,0.5469711647744527,-33.73133700538805
point-0000969,776.6023380265441,2.7702847778443527,-198.51912002922262,-380.115513333285,0.5147260308199011,-33.804532260180764
point-0000970,778.2334113261286,-27.30140749037824,-209.34356955074415,-373.58216349355473,0.485048534211332,-33.88619465434868
point-0000971,779.9699245002789,-60.53904976416956,-216.0934526987353,-366.10624113125846,0.458439189989805,-33.977059230337446
point-0000972,781.827619903434,-96.69589179601932,-217.68222058419946,-357.70555810835,0.4354629197475684,-34.0775242746366
point-0000973,783.8177130387962,-135.11248631820342,-213.01707218630457,-348.40018704051363,0.41672357417632866,-34.187406284670445
point-0000974,785.9418966281398,-174.63142122357573,-201.21334989235797,-338.21253311789775,0.40281542844681756,-34.305687449658436
point-0000975,788.1874676160105,-213.63333573580783,-181.8770615837152,-327.167432690463,0.3942521337329479,-34.43035840925511
point-0000976,790.5249629100297,-250.25526921097384,-155.35595993227707,-315.29229666769277,0.39138543202454246,-34.55848398947837
point-0000977,792.909465681637,-282.7504915346701,-122.83074950331829,-302.6229399434294,0.3943355229205786,-34.68650567398862
point-0000978,795.2901099068829,-309.90544072778135,-86.09931072655122,-289.1917482395346,0.4029636926726685,-34.81094331201069
point-0000979,797.6193224676178,-331.23550401196826,-47.183244834354724,-275.0262734151259,0.4169132348788117,-34.92894998724122
point-0000980,799.8589554504251,-346.92794291805023,-7.952887764403982,-260.1565456296438,0.4356747865270699,-35.0385765953276
point-0000981,801.9839461492134,-357.63636658382325,30.126493010379434,-244.61548355596156,0.45866180800438006,-35.13883355217813
point-0000982,803.9821542513731,-364.23188801281475,66.07039473590535,-228.43928889713726,0.4852766951528626,-35.22953942877714
point-0000983,805.85183679205,-367.6057657621122,99.32127738547833,-211.66785863248882,0.5149558219037417,-35.31107790908673
point-0000984,807.5983720581652,-368.5542498070716,129.6392860587214,-194.3452461730682,0.5471928356805547,-35.384160989516616
point-0000985,809.2312739868663,-367.7328648493309,156.99144157456064,-176.52019641462596,0.5815453695419112,-35.44964591367351
point-0000986,810.7622425646811,-365.6531557374211,181.46899815934717,-158.24261593605002,0.617639729244828,-35.50842653448436
point-0000987,812.2048072376689,-362.69643305796126,203.24290910317535,-139.54631342705218,0.6551989687185603,-35.56140384201524
point-0000988,813.5717641135623,-359.139967938598,222.49690729578936,-120.46586401739773,0.6940011526451342,-35.6093834385475
point-0000989,814.8751620658195,-355.1807840136071,239.4125485876753,-101.03073008136016,0.7338813392673613,-35.653082225846
point-0000990,816.1238787653906,-350.9645788009018,254.13285216173182,-81.3012183132731,0.7746487893589395,-35.69305799742369
point-0000991,817.3261495995808,-346.59348062658876,266.7951933693346,-61.33272614709837,0.8161525614922823,-35.729809526424155
point-0000992,818.4895354762466,-342.13684172444744,277.5265815820514,-41.174294761347355,0.8582793068704847,-35.763779156574586
point-0000993,819.6205916810571,-337.6412454753445,286.438563773616,-20.87450552208496,0.9009364612321181,-35.79534745482323
point-0000994,820.7249704571126,-333.1368622754039,293.6284985696233,-0.4814586183486256,0.94404841586379,-35.824841893883196
point-0000995,821.8072891072251,-328.6431532803768,299.18030770849987,19.95256836866588,0.9875434386132846,-35.85253872846201
point-0000996,822.8719006585036,-324.1691927698822,303.1695321014795,40.38364440834734,1.0313777209325845,-35.87868731806696
point-0000997,823.9221767910508,-319.7196936404442,305.6611997364387,60.760727902638294,1.0755004187907387,-35.903495110833255
point-0000998,824.9609845748195,-315.2949628900301,306.71396013506194,81.03292802933314,1.1198671623762688,-35.92714338536845
point-0000999,825.9908378765933,-310.8917389242321,306.3813011211695,101.15108117412558,1.164442039788749,-35.94979314040127
point-0001000,827.0139572562883,-306.50405287459967,304.71223585043197,121.06770082443037,1.2091964075983,-35.971588322238105
point-0001001,828.03232537208,-302.1238137909483,301.751888511763,140.73694831661732,1.2541079866702645,-35.99265870853836
point-0001002,829.0474451617011,-297.7425262091854,297.5435459854018,160.10913062060553,1.2991473204038881,-36.01311671608475
point-0001003,830.0605848574429,-293.35061554235944,292.1294131892533,179.13487906831025,1.3442859762182886,-36.0330642048201
point-0001004,831.0732020121492,-288.9357876740654,285.54830387148036,197.77236000976384,1.3895132570326183,-36.05260173943501
point-0001005,832.0863052163551,-284.48614668777486,277.8399487817664,215.9749202102664,1.4348063568252807,-36.071817255623664
point-0001006,833.1008672841245,-279.98842328255165,269.04328509326206,233.69845450408332,1.4801470464637363,-36.0907952023588
point-0001007,834.1178418333773,-275.4279307427337,259.19640282158525,250.90123657132696,1.5255211013667436,-36.10961768856928
point-0001008,835.1381123199819,-270.78877017660125,248.33727236531018,267.54269748405596,1.5709148971890663,-36.12836444734045
point-0001009,836.1622815184846,-266.05476860948204,236.50679392103712,283.58009215422527,1.616305300488495,-36.14711002211637
point-0001010,837.1911465338974,-261.20710145395196,223.74382720084742,298.97593872479735,1.6616794639698704,-36.165933205290635
point-0001011,838.2253996562756,-256.2255139611727,210.08872772635675,313.69306659857614,1.7070209362022681,-36.18491258092012
point-0001012,839.2656491844036,-251.08800872052421,195.58365922470273,327.69509002281296,1.752309867645235,-36.20412788522624
point-0001013,840.3127332304965,-245.76892719978218,180.26833966157585,340.950366643386,1.7975354924255402,-36.22366672798872
point-0001014,841.3672596672318,-240.2409042226231,164.18690805119175,353.4258995632259,1.8426758176892757,-36.24361750199135
point-0001015,842.4298800206291,-234.4730478627061,147.38451600376703,365.09107254427033,1.887708504557436,-36.26407557377233
point-0001016,843.5013436683781,-228.43005109925582,129.90672726483012,375.9180218049379,1.9326121162991776,-36.28514581171547
point-0001017,844.582509207611,-222.07137690013639,111.7996584702484,385.88139931397757,1.9773653899557142,-36.30694464361168
point-0001018,845.6741383588311,-215.3516686097309,93.11409068005,394.9564617582349,2.021937775049657,-36.32959802878367
point-0001019,846.7772520337703,-208.21760868031535,73.90025544553038,403.12209929852327,2.0663022936691533,-36.353250810602475
point-0001020,847.8927884315744,-200.60888097776626,54.214773727653096,410.3579582118755,2.110420287049666,-36.378062527637596
point-0001021,849.0218229310811,-192.45548554326527,34.11833337206866,416.6462638941459,2.1542482069605695,-36.40421482253312
point-0001022,850.1657503301941,-183.674703791247,13.674316938538198,421.9724277730967,2.197741745648995,-36.43191935703143
point-0001023,851.3261435362322,-174.1700921949942,-7.046030444097653,426.3238091393978,2.2408470197483092,-36.46141919876723
point-0001024,852.5047564099485,-163.82944877400726,-27.959966618715754,429.6897695907343,2.2834967564814836,-36.49299337747163
point-0001025,853.7036029335035,-152.52212155533533,-48.96971637351004,432.0621020351341,2.3256082998199834,-36.52696344328668
point-0001026,854.9254461111752,-140.09208859412263,-69.96418702272874,433.4357042597595,2.367093556563425,-36.563712306944545
point-0001027,856.1735872566533,-126.35753296622323,-90.80564300915307,433.80748602927906,2.4078425375226256,-36.60368459751916
point-0001028,857.4520955843237,-111.10755080426256,-111.3208460182139,433.1766872293771,2.4477201739991905,-36.647397095640095
point-0001029,858.7661044832128,-94.09983420326373,-131.288894109122,431.54500527413404,2.48656209746884,-36.69544916571486
point-0001030,860.1221643052174,-75.06100904695128,-150.42455830526524,428.9165477831534,2.524168701804661,-36.748530843108476
point-0001031,861.5282628645947,-53.698251626880506,-168.3518906809187,425.29872899592385,2.5602884239715706,-36.807409014643476
point-0001032,862.9952847077444,-29.698794635960752,-184.5917939581732,420.6995072141722,2.5946360712042384,-36.87295991288831
point-0001033,864.5360974550907,-2.778501875124306,-198.51722681129036,415.1297920977463,2.6268526795370377,-36.94609019557215
point-0001034,866.1656938820323,27.264942661677395,-209.33529459273078,408.60333396789986,2.656507259743013,-37.02767483416501
point-0001035,867.9004539695391,60.46757451718099,-216.08687039490624,401.1361734273786,2.6830985893233654,-37.11844110262568
point-0001036,869.7559987045007,96.58218283094158,-217.68908652022424,392.7465086421251,2.706063015434148,-37.218782003889935
point-0001037,871.7434930458952,134.95176462386337,-213.0534530433931,383.4545982823074,2.7247993646584985,-37.32851386138095
point-0001038,873.8646976919217,174.42512179652965,-201.2980224964794,373.282696478538,2.7387165165560896,-37.44662676053806
point-0001039,876.1071430454807,213.39227377575975,-182.0269085150247,362.25501775540226,2.7473031254686853,-37.57112906459153
point-0001040,878.4417779958078,249.99999999999957,-155.57908659192753,350.3977315257978,2.7502073856830003,-37.69911184307752
point-0001041,878.6417779958078,249.99999999999955,-155.57908659192753,360.3977315257977,2.7502073856830003,-37.69911184307752
point-0001042,879.1717342566983,249.9999999999996,-180.6674048683334,351.87069322377107,2.8014861273737903,-37.69911184307752
point-0001043,879.3717342566983,249.99999999999957,-180.6674048683334,341.8706932237711,2.8014861273737903,-37.69911184307752
point-0001044,882.1359768611225,287.9124683992435,-142.4725907096378,329.21305593617103,2.798098294788736,-37.845329087017774
point-0001045,884.8725162167243,318.63620734774975,-99.20920122941904,315.8044745939798,2.7881298190895603,-37.98620430377928
point-0001046,887.5072295174299,341.6011178455715,-53.93536630992513,301.677251644107,2.772113662437884,-38.11752357074615
point-0001047,889.9882826707834,357.36987993386674,-9.278835888562313,286.8654208040347,2.7507938035083126,-38.23679333305885
point-0001048,892.2895332414619,367.1561018791042,32.95262830391401,271.4046650716226,2.7249851866769843,-38.3431812131644
point-0001049,894.4062311344409,372.34626745117,71.77147713720869,255.33223076162915,2.6954679697325608,-38.43706689218541
point-0001050,896.3478313519363,374.20037292955294,106.80599935549023,238.68683777609004,2.6629298233288434,-38.51952380742321
point-0001051,898.1313863373655,373.7320588842613,138.06484951742738,221.50858632466708,2.627946851553499,-38.5919126188385
point-0001052,899.7768305260075,371.69982449288466,165.75321237014893,203.83886031974882,2.5909873941022696,-38.65562629631494
point-0001053,901.3041270977728,368.6463142796313,190.1549572638295,185.72022767896345,2.552426035166702,-38.711957494371255
point-0001054,902.7317791640761,364.94867127111564,211.56684900622918,167.19633777534602,2.512560231330639,-38.762044621144774
point-0001055,904.0761990437808,360.86381490749136,230.26644048948458,148.31181628217797,2.4716259044078335,-38.80686153949725
point-0001056,905.3515634436119,356.5639789376215,246.499316408136,129.1121576658245,2.429810660670012,-38.847228311456334
point-0001057,906.5699180806656,352.162782763082,260.47646025640495,109.64361558558274,2.3872644393546905,-38.883830185886346
point-0001058,907.7413938535755,347.7336725345143,272.37639458516605,89.95309146456762,2.344107862387091,-38.91723826823164
point-0001059,908.8744590627817,343.3227061273266,282.3492115385577,70.08802150007206,2.30043869346028,-38.94792886642111
point-0001060,909.9761688838032,338.95732193595813,290.5210412152944,50.096262385621,2.2563368067448377,-38.97630037969901
point-0001061,911.0523939323165,334.65232028779565,296.99828661975357,30.02597601998363,2.211868006663434,-39.00268751278707
point-0001062,912.1080209631905,330.41393255595653,301.87136023678806,9.92551348096842,2.167086971799926,-39.02737300286601
point-0001063,913.1471245967376,326.24258468876576,305.2178576106962,-10.156701456574496,2.122039534205795,-39.05059719400744
point-0001064,914.1731118370562,322.13476998285756,307.1051947395711,-30.172288977868035,2.0767644547523822,-39.07256581842087
point-0001065,915.1888423857331,318.0843128485801,307.5927719736028,-50.07302977941477,2.031294815693851,-39.09345631595201
point-0001066,916.1967281168762,314.0832144656076,306.73373591980067,-69.8109812335253,1.9856591215910517,-39.11342297706189
point-0001067,917.1988149922101,310.1222096458263,304.5764074231496,-89.33859288630501,1.939882177241399,-39.132601146025685
point-0001068,918.1968503963842,306.1911225529087,301.1654354957874,-108.6088210108643,1.8939857945023368,-39.15111067704171
point-0001069,919.1923384948132,302.2790806787767,296.5427277213776,-127.57524193978227,1.847989367455258,-39.16905879856423
point-0001070,920.1865858301766,298.3746272294879,290.748198801801,-146.19216390377517,1.801910346129103,-39.18654251064517
point-0001071,921.1807390148531,294.465758852519,283.8203711697961,-164.41473710718773,1.7557646321598055,-39.20365061572589
point-0001072,922.1758160606814,290.5399064467006,275.7968551170088,-182.1990617750569,1.7095669146935202,-39.220465464246345
point-0001073,923.1727326191105,286.5838702911369,266.7147306213345,-199.5022939115384,1.663330961100642,-39.23706448172839
point-0001074,924.1723241827991,282.5837159994601,256.61084886090987,-216.2827485148287,1.6170698743328273,-39.25352153285522
point-0001075,925.1753651202572,278.52463422455355,245.5220681209869,-232.50000000000009,1.5707963267948966,-39.269908169872416
point-0001076,926.182585273504,274.3907641668092,233.48543629716693,-248.11497958775584,1.5245227792569729,-39.286294806889615
point-0001077,927.1946847405469,270.1649784552452,220.53833036668775,-263.0900694245583,1.4782616924891514,-39.302751858016435
point-0001078,928.2123473860952,265.8286246280906,206.71856196818288,-277.3891932073337,1.4320257388962734,-39.319350875498486
point-0001079,929.236253572843,261.36121603155226,192.06445756906993,-290.97790309442763,1.3858280214299876,-39.33616572401894
point-0001080,930.2670925808367,256.74006229299886,176.61492162548817,-303.82346269349466,1.3396823074606905,-39.353273829099656
point-0001081,931.3055751845325,251.93982641716144,160.40949172602558,-315.8949259263203,1.2936032861345352,-39.370757541180595
point-0001082,932.3524468889996,246.93199179242185,143.488396104602,-327.16321158064443,1.2476068590874632,-39.388705662703124
point-0001083,933.4085023938944,241.68421774006276,125.89262635842023,-337.60117336933854,1.2017104763483943,-39.407215193719146
point-0001084,934.474601965668,236.15955641145405,107.6640421062944,-347.18366532819533,1.155933531998748,-39.426393362682944
point-0001085,935.5516905694536,230.31549650963754,88.84553027439729,-355.8876023947611,1.110297837895949,-39.44636002379282
point-0001086,936.6408208640399,224.1027901161589,69.48125061742402,-363.6920160222659,1.0648281988374113,-39.467250521323955
point-0001087,937.7431815284324,217.46400747103775,49.61701236003992,-370.57810469469666,1.0195531193839977,-39.48921914573739
point-0001088,938.8601329135444,210.33175060107553,29.30084657078828,-376.52927922129084,0.9745056817898679,-39.512443336878825
point-0001089,939.993252764401,202.62644023302792,8.583868215010853,-381.5312027013506,0.9297246469263648,-39.537128826957755
point-0001090,941.1443958300055,194.2535722127813,-12.478434485335924,-385.57182506309823,0.8852558468449556,-39.56351596004581
point-0001091,942.3157726934978,185.10032205279487,-33.82428067382216,-388.6414120933471,0.8411539601295077,-39.59188747332372
point-0001092,943.5100552647912,175.0313649986327,-55.3827479463192,-390.7325688880761,0.7974847912027073,-39.62257807151318
point-0001093,944.730519228232,163.8837866562771,-77.06955123984878,-391.8402576674032,0.7543282142351038,-39.65598615385848
point-0001094,945.9812373752436,151.46101142847274,-98.78079795663115,-391.9618099120395,0.711781992919787,-39.69258802828849
point-0001095,947.2673418698748,137.52582333395264,-120.38377064054194,-391.09693279197745,0.6699667491819642,-39.732954800247576
point-0001096,948.5953768492068,121.79289223911836,-141.7033864037058,-389.24770987195546,0.629032422259155,-39.77777171860005
point-0001097,949.9737619349878,103.92192274898915,-162.50249077346612,-386.4185960919608,0.5891666184230939,-39.82785884537356
point-0001098,951.4133743223537,83.51391101504848,-182.45367985543606,-382.6164070348884,0.5506052594875204,-39.88419004342988
point-0001099,952.9282160959799,60.11548036265853,-201.10028625675773,-377.85030250721303,0.513645802036295,-39.94790372090633
point-0001100,954.5360365411952,33.240401233891845,-217.80546743463034,-372.1317644722001,0.4786628302609542,-40.02029253232161
point-0001101,956.2585895422081,2.4233177698289694,-231.6930394654334,-365.4745693888609,0.4461246838572374,-40.102749447559425
point-0001102,958.1209031182109,-32.67335515781181,-241.59529707361895,-357.89475502325445,0.4166074669128096,-40.196635126580425
point-0001103,960.1485947384923,-72.0793222875518,-246.04522766597722,-349.41058181209837,0.39079885008147963,-40.303023006685976
point-0001104,962.3621906049115,-115.26659365567326,-243.38044055082472,-340.04248887178755,0.36947899115190747,-40.42229276899867
point-0001105,964.7682374737382,-160.8994132933899,-232.03897419737504,-329.81304475876044,0.35346283450023536,-40.55361203596554
point-0001106,967.3493344087179,-206.75217675800218,-211.06544504213497,-318.74689309987866,0.3434943588010536,-40.69448725272705
point-0001107,970.0583283110165,-249.9999999999986,-180.66740486833243,-306.87069322377243,0.34010652621600856,-40.84070449666731
point-0001108,972.8225709154407,-287.91246839924435,-142.47259070963798,-294.21305593617024,0.3434943588010536,-40.98692174060757
point-0001109,975.5591102710425,-318.63620734774906,-99.20920122941857,-280.8044745939808,0.35346283450023824,-41.12779695736907
point-0001110,978.193823571748,-341.6011178455709,-53.935366309927005,-266.6772516441073,0.3694789911519068,-41.25911622433594
point-0001111,980.6748767251016,-357.36987993386634,-9.278835888562668,-251.86542080403527,0.39079885008148374,-41.37838598664864
point-0001112,982.9761272957801,-367.1561018791044,32.952628303914324,-236.40466507162213,0.41660746691280576,-41.484773866754196
point-0001113,985.092825188759,-372.34626745116987,71.77147713720802,-220.3322307616296,0.44612468385723436,-41.5786595457752
point-0001114,987.0344254062544,-374.20037292955305,106.80599935549071,-203.68683777608985,0.47866283026094647,-41.66111646101301
point-0001115,988.8179803916835,-373.7320588842613,138.0648495174248,-186.50858632466873,0.5136458020362868,-41.73350527242829
point-0001116,990.4634245803256,-371.699824492885,165.75321237014836,-168.83886031974893,0.5506052594875274,-41.79721894990473
point-0001117,991.990721152091,-368.64631427963127,190.15495726383114,-150.7202276789619,0.5891666184230957,-41.85355014796105
point-0001118,993.4183732183943,-364.94867127111536,211.56684900623023,-132.19633777534523,0.6290324222591542,-41.90363727473457
point-0001119,994.7627930980989,-360.86381490749113,230.26644048948515,-113.31181628217819,0.6699667491819554,-41.948454193087045
point-0001120,996.0381574979301,-356.56397893762124,246.49931640813742,-94.11215766582262,0.7117819929197857,-41.98882096504613
point-0001121,997.2565121349837,-352.16278276308253,260.47646025640427,-74.64361558558346,0.7543282142351034,-42.025422839476136
point-0001122,998.4279879078937,-347.73367253451386,272.3763945851666,-54.953091464568175,0.7974847912026971,-42.05883092182144
point-0001123,999.5610531170998,-343.32270612732725,282.34921153855646,-35.08802150007483,0.8411539601295067,-42.0895215200109
point-0001124,1000.6627629381217,-338.9573219359577,290.5210412152952,-15.096262385618957,0.8852558468449595,-42.11789303328881
point-0001125,1001.7389879866349,-334.65232028779513,296.9982866197542,4.974023980017307,0.929724646926359,-42.144280166376866
point-0001126,1002.794615017509,-330.41393255595597,301.8713602367887,25.074486519032547,0.9745056817898673,-42.1689656564558
point-0001127,1003.8337186510561,-326.24258468876525,305.217857610697,45.156701456573686,1.0195531193839922,-42.192189847597234
point-0001128,1004.8597058913747,-322.1347699828585,307.10519473957055,65.17228897786724,1.0648281988374118,-42.21415847201066
point-0001129,1005.8754364400515,-318.0843128485808,307.5927719736019,85.0730297794158,1.110297837895949,-42.2350489695418
point-0001130,1006.8833221711945,-314.08321446560836,306.7337359198003,104.8109812335243,1.1559335319987416,-42.25501563065168
point-0001131,1007.8854090465285,-310.12220964582724,304.57640742314913,124.33859288630401,1.2017104763483943,-42.274193799615475
point-0001132,1008.8834444507025,-306.1911225529095,301.16543549578626,143.6088210108652,1.2476068590874632,-42.2927033306315
point-0001133,1009.8789325491315,-302.279080678776,296.54272772137784,162.57524193978333,1.2936032861345352,-42.310651452154026
point-0001134,1010.8731798844949,-298.3746272294872,290.7481988018012,181.19216390377608,1.33968230746069,-42.328135164234965
point-0001135,1011.8673330691713,-294.4657588525198,283.82037116979586,199.41473710718662,1.3858280214299876,-42.34524326931568
point-0001136,1012.8624101149996,-290.53990644670154,275.79685511700865,217.19906177505584,1.4320257388962732,-42.362058117836135
point-0001137,1013.8593266734285,-286.58387029113777,266.714730621336,234.50229391153553,1.4782616924891443,-42.37865713531818
point-0001138,1014.8589182371175,-282.5837159994592,256.61084886090833,251.28274851483147,1.5245227792569729,-42.395114186445014
point-0001139,1015.8619591745754,-278.5246342245545,245.52206812098692,267.49999999999903,1.5707963267948966,-42.411500823462205
point-0001140,1016.8691793278222,-274.39076416681024,233.48543629716704,283.1149795877548,1.6170698743328202,-42.427887460479404
point-0001141,1017.8812787948651,-270.1649784552444,220.53833036668766,298.09006942455926,1.663330961100642,-42.44434451160623
point-0001142,1018.8989414404133,-265.82862462809163,206.718561968183,312.38919320733265,1.70956691469352,-42.460943529088276
point-0001143,1019.922847627161,-261.3612160315534,192.0644575690701,325.9779030944266,1.7557646321598055,-42.47775837760873
point-0001144,1020.9536866351546,-256.7400622929999,176.61492162549058,338.82346269349256,1.801910346129096,-42.494866482689446
point-0001145,1021.9921692388506,-251.9398264171606,160.40949172602524,350.8949259263211,1.847989367455258,-42.51235019477039
point-0001146,1023.0390409433176,-246.93199179242282,143.48839610460254,362.16321158064346,1.8939857945023295,-42.530298316292914
point-0001147,1024.0950964482124,-241.68421774006381,125.89262635842053,372.60117336933774,1.939882177241399,-42.548807847308936
point-0001148,1025.1611960199862,-236.15955641145297,107.66404210629172,382.18366532819687,1.9856591215910517,-42.56798601627274
point-0001149,1026.2382846237717,-230.31549650963646,88.84553027439696,390.8876023947618,2.0312948156938444,-42.58795267738262
point-0001150,1027.327414918358,-224.10279011615796,69.48125061742343,398.6920160222666,2.0767644547523822,-42.60884317491375
point-0001151,1028.4297755827504,-217.464007471039,49.61701236004029,405.578104694696,2.1220395342057956,-42.63081179932718
point-0001152,1029.5467269678625,-210.33175060107655,29.300846570788792,411.52927922129027,2.1670869717999253,-42.654035990468614
point-0001153,1030.6798468187192,-202.62644023302687,8.583868215010625,416.5312027013512,2.2118680066634284,-42.67872148054755
point-0001154,1031.8309898843236,-194.25357221278014,-12.478434485334134,420.5718250630988,2.256336806744832,-42.70510861363561
point-0001155,1033.002366747816,-185.10032205279606,-33.824280673821676,423.6414120933467,2.3004386934602854,-42.73348012691351
point-0001156,1034.1966493191096,-175.03136499863163,-55.3827479463211,425.73256888807634,2.34410786238709,-42.76417072510298
point-0001157,1035.4171132825502,-163.88378665627602,-77.06955123984523,426.84025766740433,2.38726443935468,-42.797578807448275
point-0001158,1036.667831429562,-151.46101142847158,-98.780797956632,426.9618099120397,2.4298106606700074,-42.83418068187829
point-0001159,1037.9539359241933,-137.52582333395145,-120.38377064054183,426.0969327919779,2.471625904407828,-42.87454745383737
point-0001160,1039.2819709035252,-121.79289223911968,-141.70338640370542,424.2477098719552,2.5125602313306383,-42.91936437218984
point-0001161,1040.6603559893065,-103.92192274898798,-162.50249077346723,421.41859609196064,2.5524260351667016,-42.96945149896336
point-0001162,1042.0999683766722,-83.5139110150472,-182.45367985543447,417.61640703488945,2.5909873941022683,-43.02578269701968
point-0001163,1043.6148101502984,-60.115480362659895,-201.10028625675756,412.85030250721286,2.6279468515534985,-43.08949637449612
point-0001164,1045.2226305955137,-33.24040123389332,-217.80546743463015,407.1317644722001,2.662929823328839,-43.1618851859114
point-0001165,1046.9451835965265,-2.4233177698303052,-231.6930394654331,400.47456938886114,2.695467969732555,-43.244342101149215
point-0001166,1048.8074971725293,32.67335515781312,-241.59529707361764,392.8947550232551,2.7249851866769808,-43.33822778017022
point-0001167,1050.8351887928109,72.07932228755305,-246.04522766597523,384.4105818120995,2.7507938035083086,-43.44461566027577
point-0001168,1053.04878465923,115.26659365567448,-243.3804405508244,375.04248887178727,2.772113662437886,-43.56388542258847
point-0001169,1055.4548315280567,160.89941329339104,-232.0389741973754,364.8130447587597,2.7881298190895603,-43.69520468955534
point-0001170,1058.0359284630363,206.75217675800099,-211.0654450421345,353.7468930998796,2.798098294788736,-43.83607990631684
point-0001171,1060.7449223653348,249.99999999999952,-180.66740486833345,341.8706932237711,2.8014861273737903,-43.982297150257104
