source_point_id,time_s,X,Y,Z,A_rad,C_rad
point-0000001,0.000000000,254.364547297,240.783155671,312.000000000,0.000000000,0.000000000
point-0000002,0.468748856,254.830887153,240.156357679,312.000000000,0.000000000,0.000000000
point-0000003,0.937497713,255.297227009,239.529559688,312.000000000,0.000000000,0.000000000
point-0000004,1.406246569,255.763566865,238.902761696,312.000000000,0.000000000,0.000000000
point-0000005,1.874995425,256.229906721,238.275963704,312.000000000,0.000000000,0.000000000
point-0000006,2.343744281,256.696246577,237.649165712,312.000000000,0.000000000,0.000000000
point-0000007,2.812493138,257.162586433,237.022367720,312.000000000,0.000000000,0.000000000
point-0000008,3.281241994,257.628926289,236.395569728,312.000000000,0.000000000,0.000000000
point-0000009,3.749990850,258.095266145,235.768771736,312.000000000,0.000000000,0.000000000
point-0000010,4.218739706,258.561606001,235.141973744,312.000000000,0.000000000,0.000000000
point-0000011,4.687488563,259.027945857,234.515175752,312.000000000,0.000000000,0.000000000
point-0000012,5.156237419,259.494285713,233.888377760,312.000000000,0.000000000,0.000000000
point-0000013,5.624986275,259.960625569,233.261579768,312.000000000,0.000000000,0.000000000
point-0000014,6.093735131,260.426965425,232.634781776,312.000000000,0.000000000,0.000000000
point-0000015,6.562483988,260.893305281,232.007983784,312.000000000,0.000000000,0.000000000
point-0000016,7.031232844,261.359645137,231.381185792,312.000000000,0.000000000,0.000000000
point-0000017,7.499981700,261.825984993,230.754387800,312.000000000,0.000000000,0.000000000
point-0000018,7.968730556,262.292324849,230.127589808,312.000000000,0.000000000,0.000000000
point-0000019,8.437479413,262.758664705,229.500791816,312.000000000,0.000000000,0.000000000
point-0000020,8.906228269,263.225004561,228.873993824,312.000000000,0.000000000,0.000000000
point-0000021,9.374977125,263.691344417,228.247195832,312.000000000,0.000000000,0.000000000
point-0000022,9.843725981,264.157684273,227.620397840,312.000000000,0.000000000,0.000000000
point-0000023,10.312474838,264.624024129,226.993599848,312.000000000,0.000000000,0.000000000
point-0000024,10.781223694,265.090363985,226.366801856,312.000000000,0.000000000,0.000000000
point-0000025,11.249972550,265.556703841,225.740003864,312.000000000,0.000000000,0.000000000
point-0000026,11.718721407,266.023043697,225.113205872,312.000000000,0.000000000,0.000000000
point-0000027,12.187470263,266.489383553,224.486407880,312.000000000,0.000000000,0.000000000
point-0000028,12.656219119,266.955723409,223.859609888,312.000000000,0.000000000,0.000000000
point-0000029,13.124967975,267.422063265,223.232811896,312.000000000,0.000000000,0.000000000
point-0000030,13.593716832,267.888403121,222.606013904,312.000000000,0.000000000,0.000000000
point-0000031,14.062465688,268.354742977,221.979215912,312.000000000,0.000000000,0.000000000
point-0000032,14.531214544,268.821082833,221.352417920,312.000000000,0.000000000,0.000000000
point-0000033,14.999963400,269.287422689,220.725619928,312.000000000,0.000000000,0.000000000
point-0000034,15.468712257,269.753762545,220.098821936,312.000000000,0.000000000,0.000000000
point-0000035,15.937461113,270.220102401,219.472023944,312.000000000,0.000000000,0.000000000
point-0000036,16.406209969,270.686442256,218.845225953,312.000000000,0.000000000,0.000000000
point-0000037,16.874958825,271.152782112,218.218427961,312.000000000,0.000000000,0.000000000
point-0000038,17.343707682,271.619121968,217.591629969,312.000000000,0.000000000,0.000000000
point-0000039,17.812456538,272.085461824,216.964831977,312.000000000,0.000000000,0.000000000
point-0000040,18.281205394,272.551801680,216.338033985,312.000000000,0.000000000,0.000000000
point-0000041,18.749954250,273.018141536,215.711235993,312.000000000,0.000000000,0.000000000
point-0000042,19.218703107,273.484481392,215.084438001,312.000000000,0.000000000,0.000000000
point-0000043,19.687451963,273.950821248,214.457640009,312.000000000,0.000000000,0.000000000
point-0000044,20.156200819,274.417161104,213.830842017,312.000000000,0.000000000,0.000000000
point-0000045,20.624949675,274.883500960,213.204044025,312.000000000,0.000000000,0.000000000
point-0000046,21.093698532,275.349840816,212.577246033,312.000000000,0.000000000,0.000000000
point-0000047,21.562447388,275.816180672,211.950448041,312.000000000,0.000000000,0.000000000
point-0000048,22.031196244,276.282520528,211.323650049,312.000000000,0.000000000,0.000000000
point-0000049,22.499945101,276.748860384,210.696852057,312.000000000,0.000000000,0.000000000
point-0000050,22.968693957,277.215200240,210.070054065,312.000000000,0.000000000,0.000000000
point-0000051,23.437442813,277.681540096,209.443256073,312.000000000,0.000000000,0.000000000
point-0000052,23.906191669,278.147879952,208.816458081,312.000000000,0.000000000,0.000000000
point-0000053,24.374940526,278.614219808,208.189660089,312.000000000,0.000000000,0.000000000
point-0000054,24.843689382,279.080559664,207.562862097,312.000000000,0.000000000,0.000000000
point-0000055,25.312438238,279.546899520,206.936064105,312.000000000,0.000000000,0.000000000
point-0000056,25.781187094,280.013239376,206.309266113,312.000000000,0.000000000,0.000000000
point-0000057,26.249935951,280.479579232,205.682468121,312.000000000,0.000000000,0.000000000
point-0000058,26.718684807,280.945919088,205.055670129,312.000000000,0.000000000,0.000000000
point-0000059,27.187433663,281.412258944,204.428872137,312.000000000,0.000000000,0.000000000
point-0000060,27.656182519,281.878598800,203.802074145,312.000000000,0.000000000,0.000000000
point-0000061,28.124931376,282.344938656,203.175276153,312.000000000,0.000000000,0.000000000
point-0000062,28.593680232,282.811278512,202.548478161,312.000000000,0.000000000,0.000000000
point-0000063,29.062429088,283.277618368,201.921680169,312.000000000,0.000000000,0.000000000
point-0000064,29.531177944,283.743958224,201.294882177,312.000000000,0.000000000,0.000000000
point-0000065,29.999926801,284.210298080,200.668084185,312.000000000,0.000000000,0.000000000
point-0000066,30.037426709,284.260441919,200.705391374,312.000000000,0.000000000,0.000000000
point-0000067,30.074926618,284.310585759,200.742698562,312.000000000,0.000000000,0.000000000
point-0000068,30.112426526,284.360729598,200.780005751,312.000000000,0.000000000,0.000000000
point-0000069,30.149926435,284.410873437,200.817312939,312.000000000,0.000000000,0.000000000
point-0000070,30.187426343,284.461017277,200.854620128,312.000000000,0.000000000,0.000000000
point-0000071,30.224926252,284.511161116,200.891927316,312.000000000,0.000000000,0.000000000
point-0000072,30.262426160,284.561304955,200.929234505,312.000000000,0.000000000,0.000000000
point-0000073,30.299926069,284.611448795,200.966541693,312.000000000,0.000000000,0.000000000
point-0000074,30.337425977,284.661592634,201.003848882,312.000000000,0.000000000,0.000000000
point-0000075,30.374925886,284.711736474,201.041156070,312.000000000,0.000000000,0.000000000
point-0000076,30.412425794,284.761880313,201.078463259,312.000000000,0.000000000,0.000000000
point-0000077,30.449925703,284.812024152,201.115770447,312.000000000,0.000000000,0.000000000
point-0000078,30.487425611,284.862167992,201.153077636,312.000000000,0.000000000,0.000000000
point-0000079,30.524925520,284.912311831,201.190384824,312.000000000,0.000000000,0.000000000
point-0000080,30.562425428,284.962455670,201.227692013,312.000000000,0.000000000,0.000000000
point-0000081,30.599925337,285.012599510,201.264999201,312.000000000,0.000000000,0.000000000
point-0000082,30.637425245,285.062743349,201.302306390,312.000000000,0.000000000,0.000000000
point-0000083,30.674925154,285.112887188,201.339613578,312.000000000,0.000000000,0.000000000
point-0000084,30.712425062,285.163031028,201.376920766,312.000000000,0.000000000,0.000000000
point-0000085,30.749924971,285.213174867,201.414227955,312.000000000,0.000000000,0.000000000
point-0000086,30.787424879,285.263318706,201.451535143,312.000000000,0.000000000,0.000000000
point-0000087,30.824924788,285.313462546,201.488842332,312.000000000,0.000000000,0.000000000
point-0000088,30.862424696,285.363606385,201.526149520,312.000000000,0.000000000,0.000000000
point-0000089,30.899924605,285.413750225,201.563456709,312.000000000,0.000000000,0.000000000
point-0000090,30.937424513,285.463894064,201.600763897,312.000000000,0.000000000,0.000000000
point-0000091,30.974924422,285.514037903,201.638071086,312.000000000,0.000000000,0.000000000
point-0000092,31.012424330,285.564181743,201.675378274,312.000000000,0.000000000,0.000000000
point-0000093,31.049924239,285.614325582,201.712685463,312.000000000,0.000000000,0.000000000
point-0000094,31.087424147,285.664469421,201.749992651,312.000000000,0.000000000,0.000000000
point-0000095,31.124924056,285.714613261,201.787299840,312.000000000,0.000000000,0.000000000
point-0000096,31.162423964,285.764757100,201.824607028,312.000000000,0.000000000,0.000000000
point-0000097,31.199923873,285.814900939,201.861914217,312.000000000,0.000000000,0.000000000
point-0000098,31.237423781,285.865044779,201.899221405,312.000000000,0.000000000,0.000000000
point-0000099,31.274923690,285.915188618,201.936528594,312.000000000,0.000000000,0.000000000
point-0000100,31.312423598,285.965332457,201.973835782,312.000000000,0.000000000,0.000000000
point-0000101,31.349923507,286.015476297,202.011142971,312.000000000,0.000000000,0.000000000
point-0000102,31.387423415,286.065620136,202.048450159,312.000000000,0.000000000,0.000000000
point-0000103,31.424923324,286.115763976,202.085757348,312.000000000,0.000000000,0.000000000
point-0000104,31.462423232,286.165907815,202.123064536,312.000000000,0.000000000,0.000000000
point-0000105,31.499923141,286.216051654,202.160371725,312.000000000,0.000000000,0.000000000
point-0000106,31.537423049,286.266195494,202.197678913,312.000000000,0.000000000,0.000000000
point-0000107,31.574922958,286.316339333,202.234986101,312.000000000,0.000000000,0.000000000
point-0000108,31.612422866,286.366483172,202.272293290,312.000000000,0.000000000,0.000000000
point-0000109,31.649922775,286.416627012,202.309600478,312.000000000,0.000000000,0.000000000
point-0000110,31.687422683,286.466770851,202.346907667,312.000000000,0.000000000,0.000000000
point-0000111,31.724922592,286.516914690,202.384214855,312.000000000,0.000000000,0.000000000
point-0000112,31.762422500,286.567058530,202.421522044,312.000000000,0.000000000,0.000000000
point-0000113,31.799922409,286.617202369,202.458829232,312.000000000,0.000000000,0.000000000
point-0000114,31.837422317,286.667346209,202.496136421,312.000000000,0.000000000,0.000000000
point-0000115,31.874922226,286.717490048,202.533443609,312.000000000,0.000000000,0.000000000
point-0000116,31.912422134,286.767633887,202.570750798,312.000000000,0.000000000,0.000000000
point-0000117,31.949922043,286.817777727,202.608057986,312.000000000,0.000000000,0.000000000
point-0000118,31.987421951,286.867921566,202.645365175,312.000000000,0.000000000,0.000000000
point-0000119,32.024921860,286.918065405,202.682672363,312.000000000,0.000000000,0.000000000
point-0000120,32.062421768,286.968209245,202.719979552,312.000000000,0.000000000,0.000000000
point-0000121,32.099921677,287.018353084,202.757286740,312.000000000,0.000000000,0.000000000
point-0000122,32.137421585,287.068496923,202.794593929,312.000000000,0.000000000,0.000000000
point-0000123,32.174921494,287.118640763,202.831901117,312.000000000,0.000000000,0.000000000
point-0000124,32.212421402,287.168784602,202.869208306,312.000000000,0.000000000,0.000000000
point-0000125,32.249921311,287.218928441,202.906515494,312.000000000,0.000000000,0.000000000
point-0000126,32.287421219,287.269072281,202.943822683,312.000000000,0.000000000,0.000000000
point-0000127,32.324921128,287.319216120,202.981129871,312.000000000,0.000000000,0.000000000
point-0000128,32.362421036,287.369359960,203.018437060,312.000000000,0.000000000,0.000000000
point-0000129,32.399920945,287.419503799,203.055744248,312.000000000,0.000000000,0.000000000
point-0000130,32.868669801,286.953163943,203.682542240,312.000000000,0.000000000,0.000000000
point-0000131,33.337418657,286.486824087,204.309340232,312.000000000,0.000000000,0.000000000
point-0000132,33.806167514,286.020484231,204.936138224,312.000000000,0.000000000,0.000000000
point-0000133,34.274916370,285.554144375,205.562936216,312.000000000,0.000000000,0.000000000
point-0000134,34.743665226,285.087804519,206.189734208,312.000000000,0.000000000,0.000000000
point-0000135,35.212414082,284.621464663,206.816532200,312.000000000,0.000000000,0.000000000
point-0000136,35.681162939,284.155124807,207.443330192,312.000000000,0.000000000,0.000000000
point-0000137,36.149911795,283.688784951,208.070128184,312.000000000,0.000000000,0.000000000
point-0000138,36.618660651,283.222445095,208.696926176,312.000000000,0.000000000,0.000000000
point-0000139,37.087409507,282.756105239,209.323724168,312.000000000,0.000000000,0.000000000
point-0000140,37.556158364,282.289765383,209.950522160,312.000000000,0.000000000,0.000000000
point-0000141,38.024907220,281.823425527,210.577320152,312.000000000,0.000000000,0.000000000
point-0000142,38.493656076,281.357085671,211.204118144,312.000000000,0.000000000,0.000000000
point-0000143,38.962404932,280.890745815,211.830916136,312.000000000,0.000000000,0.000000000
point-0000144,39.431153789,280.424405959,212.457714128,312.000000000,0.000000000,0.000000000
point-0000145,39.899902645,279.958066103,213.084512120,312.000000000,0.000000000,0.000000000
point-0000146,40.368651501,279.491726247,213.711310111,312.000000000,0.000000000,0.000000000
point-0000147,40.837400357,279.025386391,214.338108103,312.000000000,0.000000000,0.000000000
point-0000148,41.306149214,278.559046535,214.964906095,312.000000000,0.000000000,0.000000000
point-0000149,41.774898070,278.092706679,215.591704087,312.000000000,0.000000000,0.000000000
point-0000150,42.243646926,277.626366823,216.218502079,312.000000000,0.000000000,0.000000000
point-0000151,42.712395782,277.160026967,216.845300071,312.000000000,0.000000000,0.000000000
point-0000152,43.181144639,276.693687111,217.472098063,312.000000000,0.000000000,0.000000000
point-0000153,43.649893495,276.227347255,218.098896055,312.000000000,0.000000000,0.000000000
point-0000154,44.118642351,275.761007399,218.725694047,312.000000000,0.000000000,0.000000000
point-0000155,44.587391207,275.294667543,219.352492039,312.000000000,0.000000000,0.000000000
point-0000156,45.056140064,274.828327687,219.979290031,312.000000000,0.000000000,0.000000000
point-0000157,45.524888920,274.361987831,220.606088023,312.000000000,0.000000000,0.000000000
point-0000158,45.993637776,273.895647975,221.232886015,312.000000000,0.000000000,0.000000000
point-0000159,46.462386633,273.429308119,221.859684007,312.000000000,0.000000000,0.000000000
point-0000160,46.931135489,272.962968263,222.486481999,312.000000000,0.000000000,0.000000000
point-0000161,47.399884345,272.496628407,223.113279991,312.000000000,0.000000000,0.000000000
point-0000162,47.868633201,272.030288551,223.740077983,312.000000000,0.000000000,0.000000000
point-0000163,48.337382058,271.563948695,224.366875975,312.000000000,0.000000000,0.000000000
point-0000164,48.806130914,271.097608839,224.993673967,312.000000000,0.000000000,0.000000000
point-0000165,49.274879770,270.631268984,225.620471959,312.000000000,0.000000000,0.000000000
point-0000166,49.743628626,270.164929128,226.247269951,312.000000000,0.000000000,0.000000000
point-0000167,50.212377483,269.698589272,226.874067943,312.000000000,0.000000000,0.000000000
point-0000168,50.681126339,269.232249416,227.500865935,312.000000000,0.000000000,0.000000000
point-0000169,51.149875195,268.765909560,228.127663927,312.000000000,0.000000000,0.000000000
point-0000170,51.618624051,268.299569704,228.754461919,312.000000000,0.000000000,0.000000000
point-0000171,52.087372908,267.833229848,229.381259911,312.000000000,0.000000000,0.000000000
point-0000172,52.556121764,267.366889992,230.008057903,312.000000000,0.000000000,0.000000000
point-0000173,53.024870620,266.900550136,230.634855895,312.000000000,0.000000000,0.000000000
point-0000174,53.493619476,266.434210280,231.261653887,312.000000000,0.000000000,0.000000000
point-0000175,53.962368333,265.967870424,231.888451879,312.000000000,0.000000000,0.000000000
point-0000176,54.431117189,265.501530568,232.515249871,312.000000000,0.000000000,0.000000000
point-0000177,54.899866045,265.035190712,233.142047863,312.000000000,0.000000000,0.000000000
point-0000178,55.368614901,264.568850856,233.768845855,312.000000000,0.000000000,0.000000000
point-0000179,55.837363758,264.102511000,234.395643847,312.000000000,0.000000000,0.000000000
point-0000180,56.306112614,263.636171144,235.022441838,312.000000000,0.000000000,0.000000000
point-0000181,56.774861470,263.169831288,235.649239830,312.000000000,0.000000000,0.000000000
point-0000182,57.243610327,262.703491432,236.276037822,312.000000000,0.000000000,0.000000000
point-0000183,57.712359183,262.237151576,236.902835814,312.000000000,0.000000000,0.000000000
point-0000184,58.181108039,261.770811720,237.529633806,312.000000000,0.000000000,0.000000000
point-0000185,58.649856895,261.304471864,238.156431798,312.000000000,0.000000000,0.000000000
point-0000186,59.118605752,260.838132008,238.783229790,312.000000000,0.000000000,0.000000000
point-0000187,59.587354608,260.371792152,239.410027782,312.000000000,0.000000000,0.000000000
point-0000188,60.056103464,259.905452296,240.036825774,312.000000000,0.000000000,0.000000000
point-0000189,60.524852320,259.439112440,240.663623766,312.000000000,0.000000000,0.000000000
point-0000190,60.993601177,258.972772584,241.290421758,312.000000000,0.000000000,0.000000000
point-0000191,61.462350033,258.506432728,241.917219750,312.000000000,0.000000000,0.000000000
point-0000192,61.931098889,258.040092872,242.544017742,312.000000000,0.000000000,0.000000000
point-0000193,62.399847745,257.573753016,243.170815734,312.000000000,0.000000000,0.000000000
point-0000194,62.437345864,257.523611701,243.133510152,312.000000000,0.000000000,0.000000000
point-0000195,62.474845775,257.473467868,243.096202946,312.000000000,0.000000000,0.000000000
point-0000196,62.512345687,257.423324035,243.058895740,312.000000000,0.000000000,0.000000000
point-0000197,62.549845598,257.373180203,243.021588535,312.000000000,0.000000000,0.000000000
point-0000198,62.587345509,257.323036370,242.984281329,312.000000000,0.000000000,0.000000000
point-0000199,62.624845421,257.272892537,242.946974124,312.000000000,0.000000000,0.000000000
point-0000200,62.662345332,257.222748705,242.909666918,312.000000000,0.000000000,0.000000000
point-0000201,62.699845243,257.172604872,242.872359713,312.000000000,0.000000000,0.000000000
point-0000202,62.737345155,257.122461040,242.835052507,312.000000000,0.000000000,0.000000000
point-0000203,62.774845066,257.072317207,242.797745302,312.000000000,0.000000000,0.000000000
point-0000204,62.812344978,257.022173374,242.760438096,312.000000000,0.000000000,0.000000000
point-0000205,62.849844889,256.972029542,242.723130890,312.000000000,0.000000000,0.000000000
point-0000206,62.887344800,256.921885709,242.685823685,312.000000000,0.000000000,0.000000000
point-0000207,62.924844712,256.871741876,242.648516479,312.000000000,0.000000000,0.000000000
point-0000208,62.962344623,256.821598044,242.611209274,312.000000000,0.000000000,0.000000000
point-0000209,62.999844534,256.771454211,242.573902068,312.000000000,0.000000000,0.000000000
point-0000210,63.037344446,256.721310379,242.536594863,312.000000000,0.000000000,0.000000000
point-0000211,63.074844357,256.671166546,242.499287657,312.000000000,0.000000000,0.000000000
point-0000212,63.112344269,256.621022713,242.461980452,312.000000000,0.000000000,0.000000000
point-0000213,63.149844180,256.570878881,242.424673246,312.000000000,0.000000000,0.000000000
point-0000214,63.187344091,256.520735048,242.387366040,312.000000000,0.000000000,0.000000000
point-0000215,63.224844003,256.470591215,242.350058835,312.000000000,0.000000000,0.000000000
point-0000216,63.262343914,256.420447383,242.312751629,312.000000000,0.000000000,0.000000000
point-0000217,63.299843825,256.370303550,242.275444424,312.000000000,0.000000000,0.000000000
point-0000218,63.337343737,256.320159718,242.238137218,312.000000000,0.000000000,0.000000000
point-0000219,63.374843648,256.270015885,242.200830013,312.000000000,0.000000000,0.000000000
point-0000220,63.412343560,256.219872052,242.163522807,312.000000000,0.000000000,0.000000000
point-0000221,63.449843471,256.169728220,242.126215602,312.000000000,0.000000000,0.000000000
point-0000222,63.487343382,256.119584387,242.088908396,312.000000000,0.000000000,0.000000000
point-0000223,63.524843294,256.069440554,242.051601190,312.000000000,0.000000000,0.000000000
point-0000224,63.562343205,256.019296722,242.014293985,312.000000000,0.000000000,0.000000000
point-0000225,63.599843116,255.969152889,241.976986779,312.000000000,0.000000000,0.000000000
point-0000226,63.637343028,255.919009056,241.939679574,312.000000000,0.000000000,0.000000000
point-0000227,63.674842939,255.868865224,241.902372368,312.000000000,0.000000000,0.000000000
point-0000228,63.712342851,255.818721391,241.865065163,312.000000000,0.000000000,0.000000000
point-0000229,63.749842762,255.768577559,241.827757957,312.000000000,0.000000000,0.000000000
point-0000230,63.787342673,255.718433726,241.790450752,312.000000000,0.000000000,0.000000000
point-0000231,63.824842585,255.668289893,241.753143546,312.000000000,0.000000000,0.000000000
point-0000232,63.862342496,255.618146061,241.715836340,312.000000000,0.000000000,0.000000000
point-0000233,63.899842408,255.568002228,241.678529135,312.000000000,0.000000000,0.000000000
point-0000234,63.937342319,255.517858395,241.641221929,312.000000000,0.000000000,0.000000000
point-0000235,63.974842230,255.467714563,241.603914724,312.000000000,0.000000000,0.000000000
point-0000236,64.012342142,255.417570730,241.566607518,312.000000000,0.000000000,0.000000000
point-0000237,64.049842053,255.367426898,241.529300313,312.000000000,0.000000000,0.000000000
point-0000238,64.087341964,255.317283065,241.491993107,312.000000000,0.000000000,0.000000000
point-0000239,64.124841876,255.267139232,241.454685902,312.000000000,0.000000000,0.000000000
point-0000240,64.162341787,255.216995400,241.417378696,312.000000000,0.000000000,0.000000000
point-0000241,64.199841699,255.166851567,241.380071490,312.000000000,0.000000000,0.000000000
point-0000242,64.237341610,255.116707734,241.342764285,312.000000000,0.000000000,0.000000000
point-0000243,64.274841521,255.066563902,241.305457079,312.000000000,0.000000000,0.000000000
point-0000244,64.312341433,255.016420069,241.268149874,312.000000000,0.000000000,0.000000000
point-0000245,64.349841344,254.966276237,241.230842668,312.000000000,0.000000000,0.000000000
point-0000246,64.387341255,254.916132404,241.193535463,312.000000000,0.000000000,0.000000000
point-0000247,64.424841167,254.865988571,241.156228257,312.000000000,0.000000000,0.000000000
point-0000248,64.462341078,254.815844739,241.118921051,312.000000000,0.000000000,0.000000000
point-0000249,64.499840990,254.765700906,241.081613846,312.000000000,0.000000000,0.000000000
point-0000250,64.537340901,254.715557073,241.044306640,312.000000000,0.000000000,0.000000000
point-0000251,64.574840812,254.665413241,241.006999435,312.000000000,0.000000000,0.000000000
point-0000252,64.612340724,254.615269408,240.969692229,312.000000000,0.000000000,0.000000000
point-0000253,64.649840635,254.565125575,240.932385024,312.000000000,0.000000000,0.000000000
point-0000254,64.687340546,254.514981743,240.895077818,312.000000000,0.000000000,0.000000000
point-0000255,64.724840458,254.464837910,240.857770613,312.000000000,0.000000000,0.000000000
point-0000256,64.762340369,254.414694078,240.820463407,312.000000000,0.000000000,0.000000000
point-0000257,64.799841889,254.364547297,240.783155671,312.000000000,0.000000000,0.000000000
point-0000258,94.575414658,283.987097051,200.968084185,312.000000000,0.000000000,0.000000000
point-0000259,94.951269644,284.613522027,200.968084185,312.000000000,0.000000000,0.000000000
point-0000260,95.554369100,285.419969922,201.568084185,312.000000000,0.000000000,0.000000000
point-0000261,96.681934058,283.540694993,201.568084185,312.000000000,0.000000000,0.000000000
point-0000262,97.130642123,283.094292935,202.168084185,312.000000000,0.000000000,0.000000000
point-0000263,99.009917052,286.226417817,202.168084185,312.000000000,0.000000000,0.000000000
point-0000264,99.613016509,287.032865712,202.768084185,312.000000000,0.000000000,0.000000000
point-0000265,102.244001410,282.647890877,202.768084185,312.000000000,0.000000000,0.000000000
point-0000266,102.692709474,282.201488819,203.368084185,312.000000000,0.000000000,0.000000000
point-0000267,105.684089272,287.187121814,203.368084185,312.000000000,0.000000000,0.000000000
point-0000268,106.132797336,286.740719756,203.968084185,312.000000000,0.000000000,0.000000000
point-0000269,109.124177133,281.755086761,203.968084185,312.000000000,0.000000000,0.000000000
point-0000270,109.572885198,281.308684703,204.568084185,312.000000000,0.000000000,0.000000000
point-0000271,112.564264995,286.294317698,204.568084185,312.000000000,0.000000000,0.000000000
point-0000272,113.012973059,285.847915640,205.168084185,312.000000000,0.000000000,0.000000000
point-0000273,116.004352856,280.862282645,205.168084185,312.000000000,0.000000000,0.000000000
point-0000274,116.453060921,280.415880587,205.768084185,312.000000000,0.000000000,0.000000000
point-0000275,119.444440718,285.401513582,205.768084185,312.000000000,0.000000000,0.000000000
point-0000276,119.893148782,284.955111524,206.368084185,312.000000000,0.000000000,0.000000000
point-0000277,122.884528580,279.969478529,206.368084185,312.000000000,0.000000000,0.000000000
point-0000278,123.333236644,279.523076471,206.968084185,312.000000000,0.000000000,0.000000000
point-0000279,126.324616441,284.508709466,206.968084185,312.000000000,0.000000000,0.000000000
point-0000280,126.773324506,284.062307408,207.568084185,312.000000000,0.000000000,0.000000000
point-0000281,129.764704303,279.076674413,207.568084185,312.000000000,0.000000000,0.000000000
point-0000282,130.213412367,278.630272355,208.168084185,312.000000000,0.000000000,0.000000000
point-0000283,133.204792164,283.615905350,208.168084185,312.000000000,0.000000000,0.000000000
point-0000284,133.653500229,283.169503292,208.768084185,312.000000000,0.000000000,0.000000000
point-0000285,136.644880026,278.183870296,208.768084185,312.000000000,0.000000000,0.000000000
point-0000286,137.093588090,277.737468238,209.368084185,312.000000000,0.000000000,0.000000000
point-0000287,140.084967888,282.723101234,209.368084185,312.000000000,0.000000000,0.000000000
point-0000288,140.533675952,282.276699176,209.968084185,312.000000000,0.000000000,0.000000000
point-0000289,143.525055749,277.291066180,209.968084185,312.000000000,0.000000000,0.000000000
point-0000290,143.973763814,276.844664122,210.568084185,312.000000000,0.000000000,0.000000000
point-0000291,146.965143611,281.830297118,210.568084185,312.000000000,0.000000000,0.000000000
point-0000292,147.413851675,281.383895060,211.168084185,312.000000000,0.000000000,0.000000000
point-0000293,150.405231472,276.398262064,211.168084185,312.000000000,0.000000000,0.000000000
point-0000294,150.853939537,275.951860006,211.768084185,312.000000000,0.000000000,0.000000000
point-0000295,153.845319334,280.937493002,211.768084185,312.000000000,0.000000000,0.000000000
point-0000296,154.294027398,280.491090944,212.368084185,312.000000000,0.000000000,0.000000000
point-0000297,157.285407195,275.505457948,212.368084185,312.000000000,0.000000000,0.000000000
point-0000298,157.734115260,275.059055890,212.968084185,312.000000000,0.000000000,0.000000000
point-0000299,160.725495057,280.044688886,212.968084185,312.000000000,0.000000000,0.000000000
point-0000300,161.174203122,279.598286827,213.568084185,312.000000000,0.000000000,0.000000000
point-0000301,164.165582919,274.612653832,213.568084185,312.000000000,0.000000000,0.000000000
point-0000302,164.614290983,274.166251774,214.168084185,312.000000000,0.000000000,0.000000000
point-0000303,167.605670780,279.151884769,214.168084185,312.000000000,0.000000000,0.000000000
point-0000304,168.054378845,278.705482711,214.768084185,312.000000000,0.000000000,0.000000000
point-0000305,171.045758642,273.719849716,214.768084185,312.000000000,0.000000000,0.000000000
point-0000306,171.494466706,273.273447658,215.368084185,312.000000000,0.000000000,0.000000000
point-0000307,174.485846503,278.259080653,215.368084185,312.000000000,0.000000000,0.000000000
point-0000308,174.934554568,277.812678595,215.968084185,312.000000000,0.000000000,0.000000000
point-0000309,177.925934365,272.827045600,215.968084185,312.000000000,0.000000000,0.000000000
point-0000310,178.374642430,272.380643542,216.568084185,312.000000000,0.000000000,0.000000000
point-0000311,181.366022227,277.366276537,216.568084185,312.000000000,0.000000000,0.000000000
point-0000312,181.814730291,276.919874479,217.168084185,312.000000000,0.000000000,0.000000000
point-0000313,184.806110088,271.934241484,217.168084185,312.000000000,0.000000000,0.000000000
point-0000314,185.254818153,271.487839426,217.768084185,312.000000000,0.000000000,0.000000000
point-0000315,188.246197950,276.473472421,217.768084185,312.000000000,0.000000000,0.000000000
point-0000316,188.694906014,276.027070363,218.368084185,312.000000000,0.000000000,0.000000000
point-0000317,191.686285811,271.041437368,218.368084185,312.000000000,0.000000000,0.000000000
point-0000318,192.134993876,270.595035310,218.968084185,312.000000000,0.000000000,0.000000000
point-0000319,195.126373673,275.580668305,218.968084185,312.000000000,0.000000000,0.000000000
point-0000320,195.575081738,275.134266247,219.568084185,312.000000000,0.000000000,0.000000000
point-0000321,198.566461535,270.148633252,219.568084185,312.000000000,0.000000000,0.000000000
point-0000322,199.015169599,269.702231194,220.168084185,312.000000000,0.000000000,0.000000000
point-0000323,202.006549396,274.687864189,220.168084185,312.000000000,0.000000000,0.000000000
point-0000324,202.455257461,274.241462131,220.768084185,312.000000000,0.000000000,0.000000000
point-0000325,205.446637258,269.255829136,220.768084185,312.000000000,0.000000000,0.000000000
point-0000326,205.895345322,268.809427078,221.368084185,312.000000000,0.000000000,0.000000000
point-0000327,208.886725119,273.795060073,221.368084185,312.000000000,0.000000000,0.000000000
point-0000328,209.335433184,273.348658015,221.968084185,312.000000000,0.000000000,0.000000000
point-0000329,212.326812981,268.363025020,221.968084185,312.000000000,0.000000000,0.000000000
point-0000330,212.775521045,267.916622962,222.568084185,312.000000000,0.000000000,0.000000000
point-0000331,215.766900843,272.902255957,222.568084185,312.000000000,0.000000000,0.000000000
point-0000332,216.215608907,272.455853899,223.168084185,312.000000000,0.000000000,0.000000000
point-0000333,219.206988704,267.470220904,223.168084185,312.000000000,0.000000000,0.000000000
point-0000334,219.655696769,267.023818846,223.768084185,312.000000000,0.000000000,0.000000000
point-0000335,222.647076566,272.009451841,223.768084185,312.000000000,0.000000000,0.000000000
point-0000336,223.095784630,271.563049783,224.368084185,312.000000000,0.000000000,0.000000000
point-0000337,226.087164427,266.577416788,224.368084185,312.000000000,0.000000000,0.000000000
point-0000338,226.535872492,266.131014729,224.968084185,312.000000000,0.000000000,0.000000000
point-0000339,229.527252289,271.116647725,224.968084185,312.000000000,0.000000000,0.000000000
point-0000340,229.975960353,270.670245667,225.568084185,312.000000000,0.000000000,0.000000000
point-0000341,232.967340151,265.684612671,225.568084185,312.000000000,0.000000000,0.000000000
point-0000342,233.416048215,265.238210613,226.168084185,312.000000000,0.000000000,0.000000000
point-0000343,236.407428012,270.223843609,226.168084185,312.000000000,0.000000000,0.000000000
point-0000344,236.856136077,269.777441551,226.768084185,312.000000000,0.000000000,0.000000000
point-0000345,239.847515874,264.791808555,226.768084185,312.000000000,0.000000000,0.000000000
point-0000346,240.296223938,264.345406497,227.368084185,312.000000000,0.000000000,0.000000000
point-0000347,243.287603735,269.331039493,227.368084185,312.000000000,0.000000000,0.000000000
point-0000348,243.736311800,268.884637435,227.968084185,312.000000000,0.000000000,0.000000000
point-0000349,246.727691597,263.899004439,227.968084185,312.000000000,0.000000000,0.000000000
point-0000350,247.176399661,263.452602381,228.568084185,312.000000000,0.000000000,0.000000000
point-0000351,250.167779459,268.438235377,228.568084185,312.000000000,0.000000000,0.000000000
point-0000352,250.616487523,267.991833319,229.168084185,312.000000000,0.000000000,0.000000000
point-0000353,253.607867320,263.006200323,229.168084185,312.000000000,0.000000000,0.000000000
point-0000354,254.056575385,262.559798265,229.768084185,312.000000000,0.000000000,0.000000000
point-0000355,257.047955182,267.545431260,229.768084185,312.000000000,0.000000000,0.000000000
point-0000356,257.496663246,267.099029202,230.368084185,312.000000000,0.000000000,0.000000000
point-0000357,260.488043043,262.113396207,230.368084185,312.000000000,0.000000000,0.000000000
point-0000358,260.936751108,261.666994149,230.968084185,312.000000000,0.000000000,0.000000000
point-0000359,263.928130905,266.652627144,230.968084185,312.000000000,0.000000000,0.000000000
point-0000360,264.376838969,266.206225086,231.568084185,312.000000000,0.000000000,0.000000000
point-0000361,267.368218767,261.220592091,231.568084185,312.000000000,0.000000000,0.000000000
point-0000362,267.816926831,260.774190033,232.168084185,312.000000000,0.000000000,0.000000000
point-0000363,270.808306628,265.759823028,232.168084185,312.000000000,0.000000000,0.000000000
point-0000364,271.257014693,265.313420970,232.768084185,312.000000000,0.000000000,0.000000000
point-0000365,274.248394490,260.327787975,232.768084185,312.000000000,0.000000000,0.000000000
point-0000366,274.697102554,259.881385917,233.368084185,312.000000000,0.000000000,0.000000000
point-0000367,277.688482351,264.867018912,233.368084185,312.000000000,0.000000000,0.000000000
point-0000368,278.137190416,264.420616854,233.968084185,312.000000000,0.000000000,0.000000000
point-0000369,281.128570213,259.434983859,233.968084185,312.000000000,0.000000000,0.000000000
point-0000370,281.577278277,258.988581801,234.568084185,312.000000000,0.000000000,0.000000000
point-0000371,284.568658075,263.974214796,234.568084185,312.000000000,0.000000000,0.000000000
point-0000372,285.017366139,263.527812738,235.168084185,312.000000000,0.000000000,0.000000000
point-0000373,288.008745936,258.542179743,235.168084185,312.000000000,0.000000000,0.000000000
point-0000374,288.457454001,258.095777685,235.768084185,312.000000000,0.000000000,0.000000000
point-0000375,291.448833798,263.081410680,235.768084185,312.000000000,0.000000000,0.000000000
point-0000376,291.897541862,262.635008622,236.368084185,312.000000000,0.000000000,0.000000000
point-0000377,294.888921659,257.649375627,236.368084185,312.000000000,0.000000000,0.000000000
point-0000378,295.337629724,257.202973569,236.968084185,312.000000000,0.000000000,0.000000000
point-0000379,298.329009521,262.188606564,236.968084185,312.000000000,0.000000000,0.000000000
point-0000380,298.777717585,261.742204506,237.568084185,312.000000000,0.000000000,0.000000000
point-0000381,301.769097383,256.756571511,237.568084185,312.000000000,0.000000000,0.000000000
point-0000382,302.217805447,256.310169453,238.168084185,312.000000000,0.000000000,0.000000000
point-0000383,305.209185244,261.295802448,238.168084185,312.000000000,0.000000000,0.000000000
point-0000384,305.657893309,260.849400390,238.768084185,312.000000000,0.000000000,0.000000000
point-0000385,308.649273106,255.863767395,238.768084185,312.000000000,0.000000000,0.000000000
point-0000386,309.097981170,255.417365337,239.368084185,312.000000000,0.000000000,0.000000000
point-0000387,312.089360967,260.402998332,239.368084185,312.000000000,0.000000000,0.000000000
point-0000388,312.538069032,259.956596274,239.968084185,312.000000000,0.000000000,0.000000000
point-0000389,315.529448829,254.970963279,239.968084185,312.000000000,0.000000000,0.000000000
point-0000390,315.978156893,254.524561220,240.568084185,312.000000000,0.000000000,0.000000000
point-0000391,318.969536691,259.510194216,240.568084185,312.000000000,0.000000000,0.000000000
point-0000392,319.418244755,259.063792158,241.168084185,312.000000000,0.000000000,0.000000000
point-0000393,321.927365724,254.881923876,241.168084185,312.000000000,0.000000000,0.000000000
point-0000394,322.530464951,255.688371293,241.768084185,312.000000000,0.000000000,0.000000000
point-0000395,324.287876235,258.617390100,241.768084185,312.000000000,0.000000000,0.000000000
point-0000396,324.736584299,258.170988042,242.368084185,312.000000000,0.000000000,0.000000000
point-0000397,325.742285898,256.494818711,242.368084185,312.000000000,0.000000000,0.000000000
point-0000398,326.345385124,257.301266129,242.968084185,312.000000000,0.000000000,0.000000000
point-0000399,326.599377038,257.724585984,242.968084185,312.000000000,0.000000000,0.000000000
point-0000400,328.978128745,254.445542173,240.821967865,312.600000000,0.000000000,0.000000000
point-0000401,329.446876760,254.917383264,240.199302322,312.600000000,0.000000000,0.000000000
point-0000402,329.915624775,255.389224354,239.576636780,312.600000000,0.000000000,0.000000000
point-0000403,330.384372790,255.861065445,238.953971238,312.600000000,0.000000000,0.000000000
point-0000404,330.853120804,256.332906536,238.331305695,312.600000000,0.000000000,0.000000000
point-0000405,331.321868819,256.804747627,237.708640153,312.600000000,0.000000000,0.000000000
point-0000406,331.790616834,257.276588717,237.085974610,312.600000000,0.000000000,0.000000000
point-0000407,332.259364849,257.748429808,236.463309068,312.600000000,0.000000000,0.000000000
point-0000408,332.728112863,258.220270899,235.840643526,312.600000000,0.000000000,0.000000000
point-0000409,333.196860878,258.692111989,235.217977983,312.600000000,0.000000000,0.000000000
point-0000410,333.665608893,259.163953080,234.595312441,312.600000000,0.000000000,0.000000000
point-0000411,334.134356908,259.635794171,233.972646898,312.600000000,0.000000000,0.000000000
point-0000412,334.603104922,260.107635262,233.349981356,312.600000000,0.000000000,0.000000000
point-0000413,335.071852937,260.579476352,232.727315814,312.600000000,0.000000000,0.000000000
point-0000414,335.540600952,261.051317443,232.104650271,312.600000000,0.000000000,0.000000000
point-0000415,336.009348967,261.523158534,231.481984729,312.600000000,0.000000000,0.000000000
point-0000416,336.478096981,261.994999625,230.859319186,312.600000000,0.000000000,0.000000000
point-0000417,336.946844996,262.466840715,230.236653644,312.600000000,0.000000000,0.000000000
point-0000418,337.415593011,262.938681806,229.613988101,312.600000000,0.000000000,0.000000000
point-0000419,337.884341026,263.410522897,228.991322559,312.600000000,0.000000000,0.000000000
point-0000420,338.353089040,263.882363988,228.368657017,312.600000000,0.000000000,0.000000000
point-0000421,338.821837055,264.354205078,227.745991474,312.600000000,0.000000000,0.000000000
point-0000422,339.290585070,264.826046169,227.123325932,312.600000000,0.000000000,0.000000000
point-0000423,339.759333085,265.297887260,226.500660389,312.600000000,0.000000000,0.000000000
point-0000424,340.228081099,265.769728351,225.877994847,312.600000000,0.000000000,0.000000000
point-0000425,340.696829114,266.241569441,225.255329305,312.600000000,0.000000000,0.000000000
point-0000426,341.165577129,266.713410532,224.632663762,312.600000000,0.000000000,0.000000000
point-0000427,341.634325144,267.185251623,224.009998220,312.600000000,0.000000000,0.000000000
point-0000428,342.103073158,267.657092714,223.387332677,312.600000000,0.000000000,0.000000000
point-0000429,342.571821173,268.128933804,222.764667135,312.600000000,0.000000000,0.000000000
point-0000430,343.040569188,268.600774895,222.142001593,312.600000000,0.000000000,0.000000000
point-0000431,343.509317203,269.072615986,221.519336050,312.600000000,0.000000000,0.000000000
point-0000432,343.978065218,269.544457076,220.896670508,312.600000000,0.000000000,0.000000000
point-0000433,344.446813232,270.016298167,220.274004965,312.600000000,0.000000000,0.000000000
point-0000434,344.915561247,270.488139258,219.651339423,312.600000000,0.000000000,0.000000000
point-0000435,345.384309262,270.959980349,219.028673880,312.600000000,0.000000000,0.000000000
point-0000436,345.853057277,271.431821439,218.406008338,312.600000000,0.000000000,0.000000000
point-0000437,346.321805291,271.903662530,217.783342796,312.600000000,0.000000000,0.000000000
point-0000438,346.790553306,272.375503621,217.160677253,312.600000000,0.000000000,0.000000000
point-0000439,347.259301321,272.847344712,216.538011711,312.600000000,0.000000000,0.000000000
point-0000440,347.728049336,273.319185802,215.915346168,312.600000000,0.000000000,0.000000000
point-0000441,348.196797350,273.791026893,215.292680626,312.600000000,0.000000000,0.000000000
point-0000442,348.665545365,274.262867984,214.670015084,312.600000000,0.000000000,0.000000000
point-0000443,349.134293380,274.734709075,214.047349541,312.600000000,0.000000000,0.000000000
point-0000444,349.603041395,275.206550165,213.424683999,312.600000000,0.000000000,0.000000000
point-0000445,350.071789409,275.678391256,212.802018456,312.600000000,0.000000000,0.000000000
point-0000446,350.540537424,276.150232347,212.179352914,312.600000000,0.000000000,0.000000000
point-0000447,351.009285439,276.622073438,211.556687372,312.600000000,0.000000000,0.000000000
point-0000448,351.478033454,277.093914528,210.934021829,312.600000000,0.000000000,0.000000000
point-0000449,351.946781468,277.565755619,210.311356287,312.600000000,0.000000000,0.000000000
point-0000450,352.415529483,278.037596710,209.688690744,312.600000000,0.000000000,0.000000000
point-0000451,352.884277498,278.509437800,209.066025202,312.600000000,0.000000000,0.000000000
point-0000452,353.353025513,278.981278891,208.443359659,312.600000000,0.000000000,0.000000000
point-0000453,353.821773527,279.453119982,207.820694117,312.600000000,0.000000000,0.000000000
point-0000454,354.290521542,279.924961073,207.198028575,312.600000000,0.000000000,0.000000000
point-0000455,354.759269557,280.396802163,206.575363032,312.600000000,0.000000000,0.000000000
point-0000456,355.228017572,280.868643254,205.952697490,312.600000000,0.000000000,0.000000000
point-0000457,355.696765587,281.340484345,205.330031947,312.600000000,0.000000000,0.000000000
point-0000458,356.165513601,281.812325436,204.707366405,312.600000000,0.000000000,0.000000000
point-0000459,356.634261616,282.284166526,204.084700863,312.600000000,0.000000000,0.000000000
point-0000460,357.103009631,282.756007617,203.462035320,312.600000000,0.000000000,0.000000000
point-0000461,357.571757646,283.227848708,202.839369778,312.600000000,0.000000000,0.000000000
point-0000462,358.040505660,283.699689799,202.216704235,312.600000000,0.000000000,0.000000000
point-0000463,358.509253675,284.171530889,201.594038693,312.600000000,0.000000000,0.000000000
point-0000464,358.978001690,284.643371980,200.971373151,312.600000000,0.000000000,0.000000000
point-0000465,359.015501531,284.693185223,201.009120438,312.600000000,0.000000000,0.000000000
point-0000466,359.053001372,284.742998467,201.046867725,312.600000000,0.000000000,0.000000000
point-0000467,359.090501213,284.792811710,201.084615012,312.600000000,0.000000000,0.000000000
point-0000468,359.128001055,284.842624954,201.122362300,312.600000000,0.000000000,0.000000000
point-0000469,359.165500896,284.892438197,201.160109587,312.600000000,0.000000000,0.000000000
point-0000470,359.203000737,284.942251440,201.197856874,312.600000000,0.000000000,0.000000000
point-0000471,359.240500578,284.992064684,201.235604161,312.600000000,0.000000000,0.000000000
point-0000472,359.278000419,285.041877927,201.273351449,312.600000000,0.000000000,0.000000000
point-0000473,359.315500260,285.091691171,201.311098736,312.600000000,0.000000000,0.000000000
point-0000474,359.353000102,285.141504414,201.348846023,312.600000000,0.000000000,0.000000000
point-0000475,359.390499943,285.191317657,201.386593310,312.600000000,0.000000000,0.000000000
point-0000476,359.427999784,285.241130901,201.424340598,312.600000000,0.000000000,0.000000000
point-0000477,359.465499625,285.290944144,201.462087885,312.600000000,0.000000000,0.000000000
point-0000478,359.502999466,285.340757388,201.499835172,312.600000000,0.000000000,0.000000000
point-0000479,359.540499308,285.390570631,201.537582459,312.600000000,0.000000000,0.000000000
point-0000480,359.577999149,285.440383874,201.575329747,312.600000000,0.000000000,0.000000000
point-0000481,359.615498990,285.490197118,201.613077034,312.600000000,0.000000000,0.000000000
point-0000482,359.652998831,285.540010361,201.650824321,312.600000000,0.000000000,0.000000000
point-0000483,359.690498672,285.589823605,201.688571608,312.600000000,0.000000000,0.000000000
point-0000484,359.727998513,285.639636848,201.726318896,312.600000000,0.000000000,0.000000000
point-0000485,359.765498355,285.689450091,201.764066183,312.600000000,0.000000000,0.000000000
point-0000486,359.802998196,285.739263335,201.801813470,312.600000000,0.000000000,0.000000000
point-0000487,359.840498037,285.789076578,201.839560757,312.600000000,0.000000000,0.000000000
point-0000488,359.877997878,285.838889821,201.877308045,312.600000000,0.000000000,0.000000000
point-0000489,359.915497719,285.888703065,201.915055332,312.600000000,0.000000000,0.000000000
point-0000490,359.952997561,285.938516308,201.952802619,312.600000000,0.000000000,0.000000000
point-0000491,359.990497402,285.988329552,201.990549907,312.600000000,0.000000000,0.000000000
point-0000492,360.027997243,286.038142795,202.028297194,312.600000000,0.000000000,0.000000000
point-0000493,360.065497084,286.087956038,202.066044481,312.600000000,0.000000000,0.000000000
point-0000494,360.102996925,286.137769282,202.103791768,312.600000000,0.000000000,0.000000000
point-0000495,360.140496766,286.187582525,202.141539056,312.600000000,0.000000000,0.000000000
point-0000496,360.177996608,286.237395769,202.179286343,312.600000000,0.000000000,0.000000000
point-0000497,360.215496449,286.287209012,202.217033630,312.600000000,0.000000000,0.000000000
point-0000498,360.252996290,286.337022255,202.254780917,312.600000000,0.000000000,0.000000000
point-0000499,360.290496131,286.386835499,202.292528205,312.600000000,0.000000000,0.000000000
point-0000500,360.327995972,286.436648742,202.330275492,312.600000000,0.000000000,0.000000000
point-0000501,360.365495814,286.486461986,202.368022779,312.600000000,0.000000000,0.000000000
point-0000502,360.402995655,286.536275229,202.405770066,312.600000000,0.000000000,0.000000000
point-0000503,360.440495496,286.586088472,202.443517354,312.600000000,0.000000000,0.000000000
point-0000504,360.477995337,286.635901716,202.481264641,312.600000000,0.000000000,0.000000000
point-0000505,360.515495178,286.685714959,202.519011928,312.600000000,0.000000000,0.000000000
point-0000506,360.552995019,286.735528203,202.556759215,312.600000000,0.000000000,0.000000000
point-0000507,360.590494861,286.785341446,202.594506503,312.600000000,0.000000000,0.000000000
point-0000508,360.627994702,286.835154689,202.632253790,312.600000000,0.000000000,0.000000000
point-0000509,360.665494543,286.884967933,202.670001077,312.600000000,0.000000000,0.000000000
point-0000510,360.702994384,286.934781176,202.707748364,312.600000000,0.000000000,0.000000000
point-0000511,360.740494225,286.984594420,202.745495652,312.600000000,0.000000000,0.000000000
point-0000512,360.777994067,287.034407663,202.783242939,312.600000000,0.000000000,0.000000000
point-0000513,360.815493908,287.084220906,202.820990226,312.600000000,0.000000000,0.000000000
point-0000514,360.852993749,287.134034150,202.858737513,312.600000000,0.000000000,0.000000000
point-0000515,360.890493590,287.183847393,202.896484801,312.600000000,0.000000000,0.000000000
point-0000516,360.927993431,287.233660636,202.934232088,312.600000000,0.000000000,0.000000000
point-0000517,360.965493272,287.283473880,202.971979375,312.600000000,0.000000000,0.000000000
point-0000518,361.002993114,287.333287123,203.009726663,312.600000000,0.000000000,0.000000000
point-0000519,361.040492955,287.383100367,203.047473950,312.600000000,0.000000000,0.000000000
point-0000520,361.077992796,287.432913610,203.085221237,312.600000000,0.000000000,0.000000000
point-0000521,361.115492637,287.482726853,203.122968524,312.600000000,0.000000000,0.000000000
point-0000522,361.152992478,287.532540097,203.160715812,312.600000000,0.000000000,0.000000000
point-0000523,361.190492320,287.582353340,203.198463099,312.600000000,0.000000000,0.000000000
point-0000524,361.227992161,287.632166584,203.236210386,312.600000000,0.000000000,0.000000000
point-0000525,361.265492002,287.681979827,203.273957673,312.600000000,0.000000000,0.000000000
point-0000526,361.302991843,287.731793070,203.311704961,312.600000000,0.000000000,0.000000000
point-0000527,361.340491684,287.781606314,203.349452248,312.600000000,0.000000000,0.000000000
point-0000528,361.377991525,287.831419557,203.387199535,312.600000000,0.000000000,0.000000000
point-0000529,361.846739540,287.359578466,204.009865078,312.600000000,0.000000000,0.000000000
point-0000530,362.315487555,286.887737376,204.632530620,312.600000000,0.000000000,0.000000000
point-0000531,362.784235570,286.415896285,205.255196162,312.600000000,0.000000000,0.000000000
point-0000532,363.252983584,285.944055194,205.877861705,312.600000000,0.000000000,0.000000000
point-0000533,363.721731599,285.472214103,206.500527247,312.600000000,0.000000000,0.000000000
point-0000534,364.190479614,285.000373013,207.123192790,312.600000000,0.000000000,0.000000000
point-0000535,364.659227629,284.528531922,207.745858332,312.600000000,0.000000000,0.000000000
point-0000536,365.127975643,284.056690831,208.368523874,312.600000000,0.000000000,0.000000000
point-0000537,365.596723658,283.584849741,208.991189417,312.600000000,0.000000000,0.000000000
point-0000538,366.065471673,283.113008650,209.613854959,312.600000000,0.000000000,0.000000000
point-0000539,366.534219688,282.641167559,210.236520502,312.600000000,0.000000000,0.000000000
point-0000540,367.002967703,282.169326468,210.859186044,312.600000000,0.000000000,0.000000000
point-0000541,367.471715717,281.697485378,211.481851586,312.600000000,0.000000000,0.000000000
point-0000542,367.940463732,281.225644287,212.104517129,312.600000000,0.000000000,0.000000000
point-0000543,368.409211747,280.753803196,212.727182671,312.600000000,0.000000000,0.000000000
point-0000544,368.877959762,280.281962105,213.349848214,312.600000000,0.000000000,0.000000000
point-0000545,369.346707776,279.810121015,213.972513756,312.600000000,0.000000000,0.000000000
point-0000546,369.815455791,279.338279924,214.595179298,312.600000000,0.000000000,0.000000000
point-0000547,370.284203806,278.866438833,215.217844841,312.600000000,0.000000000,0.000000000
point-0000548,370.752951821,278.394597742,215.840510383,312.600000000,0.000000000,0.000000000
point-0000549,371.221699835,277.922756652,216.463175926,312.600000000,0.000000000,0.000000000
point-0000550,371.690447850,277.450915561,217.085841468,312.600000000,0.000000000,0.000000000
point-0000551,372.159195865,276.979074470,217.708507011,312.600000000,0.000000000,0.000000000
point-0000552,372.627943880,276.507233379,218.331172553,312.600000000,0.000000000,0.000000000
point-0000553,373.096691894,276.035392289,218.953838095,312.600000000,0.000000000,0.000000000
point-0000554,373.565439909,275.563551198,219.576503638,312.600000000,0.000000000,0.000000000
point-0000555,374.034187924,275.091710107,220.199169180,312.600000000,0.000000000,0.000000000
point-0000556,374.502935939,274.619869017,220.821834723,312.600000000,0.000000000,0.000000000
point-0000557,374.971683953,274.148027926,221.444500265,312.600000000,0.000000000,0.000000000
point-0000558,375.440431968,273.676186835,222.067165807,312.600000000,0.000000000,0.000000000
point-0000559,375.909179983,273.204345744,222.689831350,312.600000000,0.000000000,0.000000000
point-0000560,376.377927998,272.732504654,223.312496892,312.600000000,0.000000000,0.000000000
point-0000561,376.846676012,272.260663563,223.935162435,312.600000000,0.000000000,0.000000000
point-0000562,377.315424027,271.788822472,224.557827977,312.600000000,0.000000000,0.000000000
point-0000563,377.784172042,271.316981381,225.180493519,312.600000000,0.000000000,0.000000000
point-0000564,378.252920057,270.845140291,225.803159062,312.600000000,0.000000000,0.000000000
point-0000565,378.721668072,270.373299200,226.425824604,312.600000000,0.000000000,0.000000000
point-0000566,379.190416086,269.901458109,227.048490147,312.600000000,0.000000000,0.000000000
point-0000567,379.659164101,269.429617018,227.671155689,312.600000000,0.000000000,0.000000000
point-0000568,380.127912116,268.957775928,228.293821232,312.600000000,0.000000000,0.000000000
point-0000569,380.596660131,268.485934837,228.916486774,312.600000000,0.000000000,0.000000000
point-0000570,381.065408145,268.014093746,229.539152316,312.600000000,0.000000000,0.000000000
point-0000571,381.534156160,267.542252655,230.161817859,312.600000000,0.000000000,0.000000000
point-0000572,382.002904175,267.070411565,230.784483401,312.600000000,0.000000000,0.000000000
point-0000573,382.471652190,266.598570474,231.407148944,312.600000000,0.000000000,0.000000000
point-0000574,382.940400204,266.126729383,232.029814486,312.600000000,0.000000000,0.000000000
point-0000575,383.409148219,265.654888293,232.652480028,312.600000000,0.000000000,0.000000000
point-0000576,383.877896234,265.183047202,233.275145571,312.600000000,0.000000000,0.000000000
point-0000577,384.346644249,264.711206111,233.897811113,312.600000000,0.000000000,0.000000000
point-0000578,384.815392263,264.239365020,234.520476656,312.600000000,0.000000000,0.000000000
point-0000579,385.284140278,263.767523930,235.143142198,312.600000000,0.000000000,0.000000000
point-0000580,385.752888293,263.295682839,235.765807740,312.600000000,0.000000000,0.000000000
point-0000581,386.221636308,262.823841748,236.388473283,312.600000000,0.000000000,0.000000000
point-0000582,386.690384322,262.352000657,237.011138825,312.600000000,0.000000000,0.000000000
point-0000583,387.159132337,261.880159567,237.633804368,312.600000000,0.000000000,0.000000000
point-0000584,387.627880352,261.408318476,238.256469910,312.600000000,0.000000000,0.000000000
point-0000585,388.096628367,260.936477385,238.879135453,312.600000000,0.000000000,0.000000000
point-0000586,388.565376381,260.464636294,239.501800995,312.600000000,0.000000000,0.000000000
point-0000587,389.034124396,259.992795204,240.124466537,312.600000000,0.000000000,0.000000000
point-0000588,389.502872411,259.520954113,240.747132080,312.600000000,0.000000000,0.000000000
point-0000589,389.971620426,259.049113022,241.369797622,312.600000000,0.000000000,0.000000000
point-0000590,390.440368441,258.577271931,241.992463165,312.600000000,0.000000000,0.000000000
point-0000591,390.909116455,258.105430841,242.615128707,312.600000000,0.000000000,0.000000000
point-0000592,391.377864470,257.633589750,243.237794249,312.600000000,0.000000000,0.000000000
point-0000593,391.415360889,257.583781075,243.200050378,312.600000000,0.000000000,0.000000000
point-0000594,391.452860734,257.533967847,243.162303059,312.600000000,0.000000000,0.000000000
point-0000595,391.490360579,257.484154619,243.124555741,312.600000000,0.000000000,0.000000000
point-0000596,391.527860424,257.434341391,243.086808422,312.600000000,0.000000000,0.000000000
point-0000597,391.565360270,257.384528163,243.049061103,312.600000000,0.000000000,0.000000000
point-0000598,391.602860115,257.334714935,243.011313784,312.600000000,0.000000000,0.000000000
point-0000599,391.640359960,257.284901706,242.973566466,312.600000000,0.000000000,0.000000000
point-0000600,391.677859806,257.235088478,242.935819147,312.600000000,0.000000000,0.000000000
point-0000601,391.715359651,257.185275250,242.898071828,312.600000000,0.000000000,0.000000000
point-0000602,391.752859496,257.135462022,242.860324509,312.600000000,0.000000000,0.000000000
point-0000603,391.790359342,257.085648794,242.822577191,312.600000000,0.000000000,0.000000000
point-0000604,391.827859187,257.035835566,242.784829872,312.600000000,0.000000000,0.000000000
point-0000605,391.865359032,256.986022338,242.747082553,312.600000000,0.000000000,0.000000000
point-0000606,391.902858878,256.936209109,242.709335234,312.600000000,0.000000000,0.000000000
point-0000607,391.940358723,256.886395881,242.671587915,312.600000000,0.000000000,0.000000000
point-0000608,391.977858568,256.836582653,242.633840597,312.600000000,0.000000000,0.000000000
point-0000609,392.015358413,256.786769425,242.596093278,312.600000000,0.000000000,0.000000000
point-0000610,392.052858259,256.736956197,242.558345959,312.600000000,0.000000000,0.000000000
point-0000611,392.090358104,256.687142969,242.520598640,312.600000000,0.000000000,0.000000000
point-0000612,392.127857949,256.637329741,242.482851322,312.600000000,0.000000000,0.000000000
point-0000613,392.165357795,256.587516512,242.445104003,312.600000000,0.000000000,0.000000000
point-0000614,392.202857640,256.537703284,242.407356684,312.600000000,0.000000000,0.000000000
point-0000615,392.240357485,256.487890056,242.369609365,312.600000000,0.000000000,0.000000000
point-0000616,392.277857331,256.438076828,242.331862047,312.600000000,0.000000000,0.000000000
point-0000617,392.315357176,256.388263600,242.294114728,312.600000000,0.000000000,0.000000000
point-0000618,392.352857021,256.338450372,242.256367409,312.600000000,0.000000000,0.000000000
point-0000619,392.390356867,256.288637144,242.218620090,312.600000000,0.000000000,0.000000000
point-0000620,392.427856712,256.238823915,242.180872771,312.600000000,0.000000000,0.000000000
point-0000621,392.465356557,256.189010687,242.143125453,312.600000000,0.000000000,0.000000000
point-0000622,392.502856402,256.139197459,242.105378134,312.600000000,0.000000000,0.000000000
point-0000623,392.540356248,256.089384231,242.067630815,312.600000000,0.000000000,0.000000000
point-0000624,392.577856093,256.039571003,242.029883496,312.600000000,0.000000000,0.000000000
point-0000625,392.615355938,255.989757775,241.992136178,312.600000000,0.000000000,0.000000000
point-0000626,392.652855784,255.939944547,241.954388859,312.600000000,0.000000000,0.000000000
point-0000627,392.690355629,255.890131318,241.916641540,312.600000000,0.000000000,0.000000000
point-0000628,392.727855474,255.840318090,241.878894221,312.600000000,0.000000000,0.000000000
point-0000629,392.765355320,255.790504862,241.841146903,312.600000000,0.000000000,0.000000000
point-0000630,392.802855165,255.740691634,241.803399584,312.600000000,0.000000000,0.000000000
point-0000631,392.840355010,255.690878406,241.765652265,312.600000000,0.000000000,0.000000000
point-0000632,392.877854856,255.641065178,241.727904946,312.600000000,0.000000000,0.000000000
point-0000633,392.915354701,255.591251949,241.690157628,312.600000000,0.000000000,0.000000000
point-0000634,392.952854546,255.541438721,241.652410309,312.600000000,0.000000000,0.000000000
point-0000635,392.990354391,255.491625493,241.614662990,312.600000000,0.000000000,0.000000000
point-0000636,393.027854237,255.441812265,241.576915671,312.600000000,0.000000000,0.000000000
point-0000637,393.065354082,255.391999037,241.539168352,312.600000000,0.000000000,0.000000000
point-0000638,393.102853927,255.342185809,241.501421034,312.600000000,0.000000000,0.000000000
point-0000639,393.140353773,255.292372581,241.463673715,312.600000000,0.000000000,0.000000000
point-0000640,393.177853618,255.242559352,241.425926396,312.600000000,0.000000000,0.000000000
point-0000641,393.215353463,255.192746124,241.388179077,312.600000000,0.000000000,0.000000000
point-0000642,393.252853309,255.142932896,241.350431759,312.600000000,0.000000000,0.000000000
point-0000643,393.290353154,255.093119668,241.312684440,312.600000000,0.000000000,0.000000000
point-0000644,393.327852999,255.043306440,241.274937121,312.600000000,0.000000000,0.000000000
point-0000645,393.365352845,254.993493212,241.237189802,312.600000000,0.000000000,0.000000000
point-0000646,393.402852690,254.943679984,241.199442484,312.600000000,0.000000000,0.000000000
point-0000647,393.440352535,254.893866755,241.161695165,312.600000000,0.000000000,0.000000000
point-0000648,393.477852380,254.844053527,241.123947846,312.600000000,0.000000000,0.000000000
point-0000649,393.515352226,254.794240299,241.086200527,312.600000000,0.000000000,0.000000000
point-0000650,393.552852071,254.744427071,241.048453208,312.600000000,0.000000000,0.000000000
point-0000651,393.590351916,254.694613843,241.010705890,312.600000000,0.000000000,0.000000000
point-0000652,393.627851762,254.644800615,240.972958571,312.600000000,0.000000000,0.000000000
point-0000653,393.665351607,254.594987387,240.935211252,312.600000000,0.000000000,0.000000000
point-0000654,393.702851452,254.545174158,240.897463933,312.600000000,0.000000000,0.000000000
point-0000655,393.740351298,254.495360930,240.859716615,312.600000000,0.000000000,0.000000000
point-0000656,393.777854306,254.445542173,240.821967865,312.600000000,0.000000000,0.000000000
point-0000657,423.551884651,284.416039138,201.271373151,312.600000000,0.000000000,0.000000000
point-0000658,423.925821527,285.039267264,201.271373151,312.600000000,0.000000000,0.000000000
point-0000659,424.521888326,285.831057833,201.871373151,312.600000000,0.000000000,0.000000000
point-0000660,425.643698953,283.961373455,201.871373151,312.600000000,0.000000000,0.000000000
point-0000661,426.095384151,283.506707771,202.471373151,312.600000000,0.000000000,0.000000000
point-0000662,427.965068529,286.622848401,202.471373151,312.600000000,0.000000000,0.000000000
point-0000663,428.561135329,287.414638970,203.071373151,312.600000000,0.000000000,0.000000000
point-0000664,431.178693458,283.052042088,203.071373151,312.600000000,0.000000000,0.000000000
point-0000665,431.630378656,282.597376404,203.671373151,312.600000000,0.000000000,0.000000000
point-0000666,434.641600557,287.616079572,203.671373151,312.600000000,0.000000000,0.000000000
point-0000667,435.093285755,287.161413889,204.271373151,312.600000000,0.000000000,0.000000000
point-0000668,438.104507655,282.142710721,204.271373151,312.600000000,0.000000000,0.000000000
point-0000669,438.556192853,281.688045037,204.871373151,312.600000000,0.000000000,0.000000000
point-0000670,441.567414754,286.706748205,204.871373151,312.600000000,0.000000000,0.000000000
point-0000671,442.019099952,286.252082521,205.471373151,312.600000000,0.000000000,0.000000000
point-0000672,445.030321853,281.233379354,205.471373151,312.600000000,0.000000000,0.000000000
point-0000673,445.482007051,280.778713670,206.071373151,312.600000000,0.000000000,0.000000000
point-0000674,448.493228952,285.797416838,206.071373151,312.600000000,0.000000000,0.000000000
point-0000675,448.944914150,285.342751154,206.671373151,312.600000000,0.000000000,0.000000000
point-0000676,451.956136050,280.324047987,206.671373151,312.600000000,0.000000000,0.000000000
point-0000677,452.407821248,279.869382303,207.271373151,312.600000000,0.000000000,0.000000000
point-0000678,455.419043149,284.888085471,207.271373151,312.600000000,0.000000000,0.000000000
point-0000679,455.870728347,284.433419787,207.871373151,312.600000000,0.000000000,0.000000000
point-0000680,458.881950248,279.414716620,207.871373151,312.600000000,0.000000000,0.000000000
point-0000681,459.333635446,278.960050936,208.471373151,312.600000000,0.000000000,0.000000000
point-0000682,462.344857347,283.978754104,208.471373151,312.600000000,0.000000000,0.000000000
point-0000683,462.796542545,283.524088420,209.071373151,312.600000000,0.000000000,0.000000000
point-0000684,465.807764445,278.505385253,209.071373151,312.600000000,0.000000000,0.000000000
point-0000685,466.259449643,278.050719569,209.671373151,312.600000000,0.000000000,0.000000000
point-0000686,469.270671544,283.069422737,209.671373151,312.600000000,0.000000000,0.000000000
point-0000687,469.722356742,282.614757053,210.271373151,312.600000000,0.000000000,0.000000000
point-0000688,472.733578643,277.596053886,210.271373151,312.600000000,0.000000000,0.000000000
point-0000689,473.185263841,277.141388202,210.871373151,312.600000000,0.000000000,0.000000000
point-0000690,476.196485742,282.160091370,210.871373151,312.600000000,0.000000000,0.000000000
point-0000691,476.648170940,281.705425686,211.471373151,312.600000000,0.000000000,0.000000000
point-0000692,479.659392840,276.686722519,211.471373151,312.600000000,0.000000000,0.000000000
point-0000693,480.111078038,276.232056835,212.071373151,312.600000000,0.000000000,0.000000000
point-0000694,483.122299939,281.250760003,212.071373151,312.600000000,0.000000000,0.000000000
point-0000695,483.573985137,280.796094319,212.671373151,312.600000000,0.000000000,0.000000000
point-0000696,486.585207038,275.777391151,212.671373151,312.600000000,0.000000000,0.000000000
point-0000697,487.036892236,275.322725468,213.271373151,312.600000000,0.000000000,0.000000000
point-0000698,490.048114137,280.341428636,213.271373151,312.600000000,0.000000000,0.000000000
point-0000699,490.499799335,279.886762952,213.871373151,312.600000000,0.000000000,0.000000000
point-0000700,493.511021235,274.868059784,213.871373151,312.600000000,0.000000000,0.000000000
point-0000701,493.962706433,274.413394101,214.471373151,312.600000000,0.000000000,0.000000000
point-0000702,496.973928334,279.432097269,214.471373151,312.600000000,0.000000000,0.000000000
point-0000703,497.425613532,278.977431585,215.071373151,312.600000000,0.000000000,0.000000000
point-0000704,500.436835433,273.958728417,215.071373151,312.600000000,0.000000000,0.000000000
point-0000705,500.888520631,273.504062734,215.671373151,312.600000000,0.000000000,0.000000000
point-0000706,503.899742532,278.522765902,215.671373151,312.600000000,0.000000000,0.000000000
point-0000707,504.351427730,278.068100218,216.271373151,312.600000000,0.000000000,0.000000000
point-0000708,507.362649630,273.049397050,216.271373151,312.600000000,0.000000000,0.000000000
point-0000709,507.814334828,272.594731367,216.871373151,312.600000000,0.000000000,0.000000000
point-0000710,510.825556729,277.613434535,216.871373151,312.600000000,0.000000000,0.000000000
point-0000711,511.277241927,277.158768851,217.471373151,312.600000000,0.000000000,0.000000000
point-0000712,514.288463828,272.140065683,217.471373151,312.600000000,0.000000000,0.000000000
point-0000713,514.740149026,271.685400000,218.071373151,312.600000000,0.000000000,0.000000000
point-0000714,517.751370927,276.704103168,218.071373151,312.600000000,0.000000000,0.000000000
point-0000715,518.203056125,276.249437484,218.671373151,312.600000000,0.000000000,0.000000000
point-0000716,521.214278025,271.230734316,218.671373151,312.600000000,0.000000000,0.000000000
point-0000717,521.665963224,270.776068633,219.271373151,312.600000000,0.000000000,0.000000000
point-0000718,524.677185124,275.794771801,219.271373151,312.600000000,0.000000000,0.000000000
point-0000719,525.128870322,275.340106117,219.871373151,312.600000000,0.000000000,0.000000000
point-0000720,528.140092223,270.321402949,219.871373151,312.600000000,0.000000000,0.000000000
point-0000721,528.591777421,269.866737266,220.471373151,312.600000000,0.000000000,0.000000000
point-0000722,531.602999322,274.885440434,220.471373151,312.600000000,0.000000000,0.000000000
point-0000723,532.054684520,274.430774750,221.071373151,312.600000000,0.000000000,0.000000000
point-0000724,535.065906420,269.412071582,221.071373151,312.600000000,0.000000000,0.000000000
point-0000725,535.517591619,268.957405899,221.671373151,312.600000000,0.000000000,0.000000000
point-0000726,538.528813519,273.976109067,221.671373151,312.600000000,0.000000000,0.000000000
point-0000727,538.980498717,273.521443383,222.271373151,312.600000000,0.000000000,0.000000000
point-0000728,541.991720618,268.502740215,222.271373151,312.600000000,0.000000000,0.000000000
point-0000729,542.443405816,268.048074532,222.871373151,312.600000000,0.000000000,0.000000000
point-0000730,545.454627717,273.066777700,222.871373151,312.600000000,0.000000000,0.000000000
point-0000731,545.906312915,272.612112016,223.471373151,312.600000000,0.000000000,0.000000000
point-0000732,548.917534816,267.593408848,223.471373151,312.600000000,0.000000000,0.000000000
point-0000733,549.369220014,267.138743165,224.071373151,312.600000000,0.000000000,0.000000000
point-0000734,552.380441914,272.157446332,224.071373151,312.600000000,0.000000000,0.000000000
point-0000735,552.832127112,271.702780649,224.671373151,312.600000000,0.000000000,0.000000000
point-0000736,555.843349013,266.684077481,224.671373151,312.600000000,0.000000000,0.000000000
point-0000737,556.295034211,266.229411798,225.271373151,312.600000000,0.000000000,0.000000000
point-0000738,559.306256112,271.248114965,225.271373151,312.600000000,0.000000000,0.000000000
point-0000739,559.757941310,270.793449282,225.871373151,312.600000000,0.000000000,0.000000000
point-0000740,562.769163211,265.774746114,225.871373151,312.600000000,0.000000000,0.000000000
point-0000741,563.220848409,265.320080431,226.471373151,312.600000000,0.000000000,0.000000000
point-0000742,566.232070309,270.338783598,226.471373151,312.600000000,0.000000000,0.000000000
point-0000743,566.683755507,269.884117915,227.071373151,312.600000000,0.000000000,0.000000000
point-0000744,569.694977408,264.865414747,227.071373151,312.600000000,0.000000000,0.000000000
point-0000745,570.146662606,264.410749064,227.671373151,312.600000000,0.000000000,0.000000000
point-0000746,573.157884507,269.429452231,227.671373151,312.600000000,0.000000000,0.000000000
point-0000747,573.609569705,268.974786548,228.271373151,312.600000000,0.000000000,0.000000000
point-0000748,576.620791606,263.956083380,228.271373151,312.600000000,0.000000000,0.000000000
point-0000749,577.072476804,263.501417697,228.871373151,312.600000000,0.000000000,0.000000000
point-0000750,580.083698704,268.520120864,228.871373151,312.600000000,0.000000000,0.000000000
point-0000751,580.535383902,268.065455181,229.471373151,312.600000000,0.000000000,0.000000000
point-0000752,583.546605803,263.046752013,229.471373151,312.600000000,0.000000000,0.000000000
point-0000753,583.998291001,262.592086330,230.071373151,312.600000000,0.000000000,0.000000000
point-0000754,587.009512902,267.610789497,230.071373151,312.600000000,0.000000000,0.000000000
point-0000755,587.461198100,267.156123814,230.671373151,312.600000000,0.000000000,0.000000000
point-0000756,590.472420001,262.137420646,230.671373151,312.600000000,0.000000000,0.000000000
point-0000757,590.924105199,261.682754962,231.271373151,312.600000000,0.000000000,0.000000000
point-0000758,593.935327099,266.701458130,231.271373151,312.600000000,0.000000000,0.000000000
point-0000759,594.387012297,266.246792447,231.871373151,312.600000000,0.000000000,0.000000000
point-0000760,597.398234198,261.228089279,231.871373151,312.600000000,0.000000000,0.000000000
point-0000761,597.849919396,260.773423595,232.471373151,312.600000000,0.000000000,0.000000000
point-0000762,600.861141297,265.792126763,232.471373151,312.600000000,0.000000000,0.000000000
point-0000763,601.312826495,265.337461080,233.071373151,312.600000000,0.000000000,0.000000000
point-0000764,604.324048396,260.318757912,233.071373151,312.600000000,0.000000000,0.000000000
point-0000765,604.775733594,259.864092228,233.671373151,312.600000000,0.000000000,0.000000000
point-0000766,607.786955494,264.882795396,233.671373151,312.600000000,0.000000000,0.000000000
point-0000767,608.238640692,264.428129713,234.271373151,312.600000000,0.000000000,0.000000000
point-0000768,611.249862593,259.409426545,234.271373151,312.600000000,0.000000000,0.000000000
point-0000769,611.701547791,258.954760861,234.871373151,312.600000000,0.000000000,0.000000000
point-0000770,614.712769692,263.973464029,234.871373151,312.600000000,0.000000000,0.000000000
point-0000771,615.164454890,263.518798346,235.471373151,312.600000000,0.000000000,0.000000000
point-0000772,618.175676791,258.500095178,235.471373151,312.600000000,0.000000000,0.000000000
point-0000773,618.627361989,258.045429494,236.071373151,312.600000000,0.000000000,0.000000000
point-0000774,621.638583889,263.064132662,236.071373151,312.600000000,0.000000000,0.000000000
point-0000775,622.090269087,262.609466979,236.671373151,312.600000000,0.000000000,0.000000000
point-0000776,625.101490988,257.590763811,236.671373151,312.600000000,0.000000000,0.000000000
point-0000777,625.553176186,257.136098127,237.271373151,312.600000000,0.000000000,0.000000000
point-0000778,628.564398087,262.154801295,237.271373151,312.600000000,0.000000000,0.000000000
point-0000779,629.016083285,261.700135612,237.871373151,312.600000000,0.000000000,0.000000000
point-0000780,632.027305186,256.681432444,237.871373151,312.600000000,0.000000000,0.000000000
point-0000781,632.478990384,256.226766760,238.471373151,312.600000000,0.000000000,0.000000000
point-0000782,635.490212284,261.245469928,238.471373151,312.600000000,0.000000000,0.000000000
point-0000783,635.941897482,260.790804245,239.071373151,312.600000000,0.000000000,0.000000000
point-0000784,638.953119383,255.772101077,239.071373151,312.600000000,0.000000000,0.000000000
point-0000785,639.404804581,255.317435393,239.671373151,312.600000000,0.000000000,0.000000000
point-0000786,642.416026482,260.336138561,239.671373151,312.600000000,0.000000000,0.000000000
point-0000787,642.867711680,259.881472878,240.271373151,312.600000000,0.000000000,0.000000000
point-0000788,645.878933581,254.862769710,240.271373151,312.600000000,0.000000000,0.000000000
point-0000789,646.296320799,254.510743471,240.871373151,312.600000000,0.000000000,0.000000000
point-0000790,649.245959033,259.426807194,240.871373151,312.600000000,0.000000000,0.000000000
point-0000791,649.697644231,258.972141511,241.471373151,312.600000000,0.000000000,0.000000000
point-0000792,651.899409255,255.302533136,241.471373151,312.600000000,0.000000000,0.000000000
point-0000793,652.495475623,256.094322802,242.071373151,312.600000000,0.000000000,0.000000000
point-0000794,653.949367438,258.517475827,242.071373151,312.600000000,0.000000000,0.000000000
point-0000795,654.401052636,258.062810143,242.671373151,312.600000000,0.000000000,0.000000000
point-0000796,655.107071242,256.886112467,242.671373151,312.600000000,0.000000000,0.000000000
point-0000797,656.927641021,254.525892137,240.861336381,313.200000000,0.000000000,0.000000000
point-0000798,657.396388480,255.003177659,240.242835390,313.200000000,0.000000000,0.000000000
point-0000799,657.865135938,255.480463180,239.624334399,313.200000000,0.000000000,0.000000000
point-0000800,658.333883397,255.957748702,239.005833409,313.200000000,0.000000000,0.000000000
point-0000801,658.802630856,256.435034223,238.387332418,313.200000000,0.000000000,0.000000000
point-0000802,659.271378315,256.912319745,237.768831427,313.200000000,0.000000000,0.000000000
point-0000803,659.740125773,257.389605266,237.150330436,313.200000000,0.000000000,0.000000000
point-0000804,660.208873232,257.866890787,236.531829445,313.200000000,0.000000000,0.000000000
point-0000805,660.677620691,258.344176309,235.913328454,313.200000000,0.000000000,0.000000000
point-0000806,661.146368150,258.821461830,235.294827463,313.200000000,0.000000000,0.000000000
point-0000807,661.615115609,259.298747352,234.676326472,313.200000000,0.000000000,0.000000000
point-0000808,662.083863067,259.776032873,234.057825481,313.200000000,0.000000000,0.000000000
point-0000809,662.552610526,260.253318394,233.439324490,313.200000000,0.000000000,0.000000000
point-0000810,663.021357985,260.730603916,232.820823499,313.200000000,0.000000000,0.000000000
point-0000811,663.490105444,261.207889437,232.202322508,313.200000000,0.000000000,0.000000000
point-0000812,663.958852902,261.685174959,231.583821517,313.200000000,0.000000000,0.000000000
point-0000813,664.427600361,262.162460480,230.965320527,313.200000000,0.000000000,0.000000000
point-0000814,664.896347820,262.639746002,230.346819536,313.200000000,0.000000000,0.000000000
point-0000815,665.365095279,263.117031523,229.728318545,313.200000000,0.000000000,0.000000000
point-0000816,665.833842737,263.594317044,229.109817554,313.200000000,0.000000000,0.000000000
point-0000817,666.302590196,264.071602566,228.491316563,313.200000000,0.000000000,0.000000000
point-0000818,666.771337655,264.548888087,227.872815572,313.200000000,0.000000000,0.000000000
point-0000819,667.240085114,265.026173609,227.254314581,313.200000000,0.000000000,0.000000000
point-0000820,667.708832573,265.503459130,226.635813590,313.200000000,0.000000000,0.000000000
point-0000821,668.177580031,265.980744651,226.017312599,313.200000000,0.000000000,0.000000000
point-0000822,668.646327490,266.458030173,225.398811608,313.200000000,0.000000000,0.000000000
point-0000823,669.115074949,266.935315694,224.780310617,313.200000000,0.000000000,0.000000000
point-0000824,669.583822408,267.412601216,224.161809626,313.200000000,0.000000000,0.000000000
point-0000825,670.052569866,267.889886737,223.543308635,313.200000000,0.000000000,0.000000000
point-0000826,670.521317325,268.367172259,222.924807645,313.200000000,0.000000000,0.000000000
point-0000827,670.990064784,268.844457780,222.306306654,313.200000000,0.000000000,0.000000000
point-0000828,671.458812243,269.321743301,221.687805663,313.200000000,0.000000000,0.000000000
point-0000829,671.927559702,269.799028823,221.069304672,313.200000000,0.000000000,0.000000000
point-0000830,672.396307160,270.276314344,220.450803681,313.200000000,0.000000000,0.000000000
point-0000831,672.865054619,270.753599866,219.832302690,313.200000000,0.000000000,0.000000000
point-0000832,673.333802078,271.230885387,219.213801699,313.200000000,0.000000000,0.000000000
point-0000833,673.802549537,271.708170909,218.595300708,313.200000000,0.000000000,0.000000000
point-0000834,674.271296995,272.185456430,217.976799717,313.200000000,0.000000000,0.000000000
point-0000835,674.740044454,272.662741951,217.358298726,313.200000000,0.000000000,0.000000000
point-0000836,675.208791913,273.140027473,216.739797735,313.200000000,0.000000000,0.000000000
point-0000837,675.677539372,273.617312994,216.121296744,313.200000000,0.000000000,0.000000000
point-0000838,676.146286830,274.094598516,215.502795753,313.200000000,0.000000000,0.000000000
point-0000839,676.615034289,274.571884037,214.884294763,313.200000000,0.000000000,0.000000000
point-0000840,677.083781748,275.049169558,214.265793772,313.200000000,0.000000000,0.000000000
point-0000841,677.552529207,275.526455080,213.647292781,313.200000000,0.000000000,0.000000000
point-0000842,678.021276666,276.003740601,213.028791790,313.200000000,0.000000000,0.000000000
point-0000843,678.490024124,276.481026123,212.410290799,313.200000000,0.000000000,0.000000000
point-0000844,678.958771583,276.958311644,211.791789808,313.200000000,0.000000000,0.000000000
point-0000845,679.427519042,277.435597166,211.173288817,313.200000000,0.000000000,0.000000000
point-0000846,679.896266501,277.912882687,210.554787826,313.200000000,0.000000000,0.000000000
point-0000847,680.365013959,278.390168208,209.936286835,313.200000000,0.000000000,0.000000000
point-0000848,680.833761418,278.867453730,209.317785844,313.200000000,0.000000000,0.000000000
point-0000849,681.302508877,279.344739251,208.699284853,313.200000000,0.000000000,0.000000000
point-0000850,681.771256336,279.822024773,208.080783862,313.200000000,0.000000000,0.000000000
point-0000851,682.240003794,280.299310294,207.462282871,313.200000000,0.000000000,0.000000000
point-0000852,682.708751253,280.776595815,206.843781881,313.200000000,0.000000000,0.000000000
point-0000853,683.177498712,281.253881337,206.225280890,313.200000000,0.000000000,0.000000000
point-0000854,683.646246171,281.731166858,205.606779899,313.200000000,0.000000000,0.000000000
point-0000855,684.114993630,282.208452380,204.988278908,313.200000000,0.000000000,0.000000000
point-0000856,684.583741088,282.685737901,204.369777917,313.200000000,0.000000000,0.000000000
point-0000857,685.052488547,283.163023423,203.751276926,313.200000000,0.000000000,0.000000000
point-0000858,685.521236006,283.640308944,203.132775935,313.200000000,0.000000000,0.000000000
point-0000859,685.989983465,284.117594465,202.514274944,313.200000000,0.000000000,0.000000000
point-0000860,686.458730923,284.594879987,201.895773953,313.200000000,0.000000000,0.000000000
point-0000861,686.927478382,285.072165508,201.277272962,313.200000000,0.000000000,0.000000000
point-0000862,686.964978179,285.121645588,201.315455804,313.200000000,0.000000000,0.000000000
point-0000863,687.002477976,285.171125667,201.353638646,313.200000000,0.000000000,0.000000000
point-0000864,687.039977772,285.220605746,201.391821487,313.200000000,0.000000000,0.000000000
point-0000865,687.077477569,285.270085825,201.430004329,313.200000000,0.000000000,0.000000000
point-0000866,687.114977366,285.319565905,201.468187171,313.200000000,0.000000000,0.000000000
point-0000867,687.152477162,285.369045984,201.506370012,313.200000000,0.000000000,0.000000000
point-0000868,687.189976959,285.418526063,201.544552854,313.200000000,0.000000000,0.000000000
point-0000869,687.227476756,285.468006142,201.582735696,313.200000000,0.000000000,0.000000000
point-0000870,687.264976552,285.517486222,201.620918538,313.200000000,0.000000000,0.000000000
point-0000871,687.302476349,285.566966301,201.659101379,313.200000000,0.000000000,0.000000000
point-0000872,687.339976146,285.616446380,201.697284221,313.200000000,0.000000000,0.000000000
point-0000873,687.377475943,285.665926460,201.735467063,313.200000000,0.000000000,0.000000000
point-0000874,687.414975739,285.715406539,201.773649904,313.200000000,0.000000000,0.000000000
point-0000875,687.452475536,285.764886618,201.811832746,313.200000000,0.000000000,0.000000000
point-0000876,687.489975333,285.814366697,201.850015588,313.200000000,0.000000000,0.000000000
point-0000877,687.527475129,285.863846777,201.888198430,313.200000000,0.000000000,0.000000000
point-0000878,687.564974926,285.913326856,201.926381271,313.200000000,0.000000000,0.000000000
point-0000879,687.602474723,285.962806935,201.964564113,313.200000000,0.000000000,0.000000000
point-0000880,687.639974519,286.012287014,202.002746955,313.200000000,0.000000000,0.000000000
point-0000881,687.677474316,286.061767094,202.040929796,313.200000000,0.000000000,0.000000000
point-0000882,687.714974113,286.111247173,202.079112638,313.200000000,0.000000000,0.000000000
point-0000883,687.752473910,286.160727252,202.117295480,313.200000000,0.000000000,0.000000000
point-0000884,687.789973706,286.210207332,202.155478322,313.200000000,0.000000000,0.000000000
point-0000885,687.827473503,286.259687411,202.193661163,313.200000000,0.000000000,0.000000000
point-0000886,687.864973300,286.309167490,202.231844005,313.200000000,0.000000000,0.000000000
point-0000887,687.902473096,286.358647569,202.270026847,313.200000000,0.000000000,0.000000000
point-0000888,687.939972893,286.408127649,202.308209688,313.200000000,0.000000000,0.000000000
point-0000889,687.977472690,286.457607728,202.346392530,313.200000000,0.000000000,0.000000000
point-0000890,688.014972486,286.507087807,202.384575372,313.200000000,0.000000000,0.000000000
point-0000891,688.052472283,286.556567886,202.422758214,313.200000000,0.000000000,0.000000000
point-0000892,688.089972080,286.606047966,202.460941055,313.200000000,0.000000000,0.000000000
point-0000893,688.127471877,286.655528045,202.499123897,313.200000000,0.000000000,0.000000000
point-0000894,688.164971673,286.705008124,202.537306739,313.200000000,0.000000000,0.000000000
point-0000895,688.202471470,286.754488204,202.575489580,313.200000000,0.000000000,0.000000000
point-0000896,688.239971267,286.803968283,202.613672422,313.200000000,0.000000000,0.000000000
point-0000897,688.277471063,286.853448362,202.651855264,313.200000000,0.000000000,0.000000000
point-0000898,688.314970860,286.902928441,202.690038106,313.200000000,0.000000000,0.000000000
point-0000899,688.352470657,286.952408521,202.728220947,313.200000000,0.000000000,0.000000000
point-0000900,688.389970453,287.001888600,202.766403789,313.200000000,0.000000000,0.000000000
point-0000901,688.427470250,287.051368679,202.804586631,313.200000000,0.000000000,0.000000000
point-0000902,688.464970047,287.100848758,202.842769472,313.200000000,0.000000000,0.000000000
point-0000903,688.502469844,287.150328838,202.880952314,313.200000000,0.000000000,0.000000000
point-0000904,688.539969640,287.199808917,202.919135156,313.200000000,0.000000000,0.000000000
point-0000905,688.577469437,287.249288996,202.957317998,313.200000000,0.000000000,0.000000000
point-0000906,688.614969234,287.298769076,202.995500839,313.200000000,0.000000000,0.000000000
point-0000907,688.652469030,287.348249155,203.033683681,313.200000000,0.000000000,0.000000000
point-0000908,688.689968827,287.397729234,203.071866523,313.200000000,0.000000000,0.000000000
point-0000909,688.727468624,287.447209313,203.110049364,313.200000000,0.000000000,0.000000000
point-0000910,688.764968421,287.496689393,203.148232206,313.200000000,0.000000000,0.000000000
point-0000911,688.802468217,287.546169472,203.186415048,313.200000000,0.000000000,0.000000000
point-0000912,688.839968014,287.595649551,203.224597890,313.200000000,0.000000000,0.000000000
point-0000913,688.877467811,287.645129631,203.262780731,313.200000000,0.000000000,0.000000000
point-0000914,688.914967607,287.694609710,203.300963573,313.200000000,0.000000000,0.000000000
point-0000915,688.952467404,287.744089789,203.339146415,313.200000000,0.000000000,0.000000000
point-0000916,688.989967201,287.793569868,203.377329256,313.200000000,0.000000000,0.000000000
point-0000917,689.027466997,287.843049948,203.415512098,313.200000000,0.000000000,0.000000000
point-0000918,689.064966794,287.892530027,203.453694940,313.200000000,0.000000000,0.000000000
point-0000919,689.102466591,287.942010106,203.491877782,313.200000000,0.000000000,0.000000000
point-0000920,689.139966388,287.991490185,203.530060623,313.200000000,0.000000000,0.000000000
point-0000921,689.177466184,288.040970265,203.568243465,313.200000000,0.000000000,0.000000000
point-0000922,689.214965981,288.090450344,203.606426307,313.200000000,0.000000000,0.000000000
point-0000923,689.252465778,288.139930423,203.644609148,313.200000000,0.000000000,0.000000000
point-0000924,689.289965574,288.189410503,203.682791990,313.200000000,0.000000000,0.000000000
point-0000925,689.327465371,288.238890582,203.720974832,313.200000000,0.000000000,0.000000000
point-0000926,689.796212830,287.761605060,204.339475823,313.200000000,0.000000000,0.000000000
point-0000927,690.264960289,287.284319539,204.957976814,313.200000000,0.000000000,0.000000000
point-0000928,690.733707747,286.807034018,205.576477805,313.200000000,0.000000000,0.000000000
point-0000929,691.202455206,286.329748496,206.194978796,313.200000000,0.000000000,0.000000000
point-0000930,691.671202665,285.852462975,206.813479786,313.200000000,0.000000000,0.000000000
point-0000931,692.139950124,285.375177453,207.431980777,313.200000000,0.000000000,0.000000000
point-0000932,692.608697582,284.897891932,208.050481768,313.200000000,0.000000000,0.000000000
point-0000933,693.077445041,284.420606410,208.668982759,313.200000000,0.000000000,0.000000000
point-0000934,693.546192500,283.943320889,209.287483750,313.200000000,0.000000000,0.000000000
point-0000935,694.014939959,283.466035368,209.905984741,313.200000000,0.000000000,0.000000000
point-0000936,694.483687418,282.988749846,210.524485732,313.200000000,0.000000000,0.000000000
point-0000937,694.952434876,282.511464325,211.142986723,313.200000000,0.000000000,0.000000000
point-0000938,695.421182335,282.034178803,211.761487714,313.200000000,0.000000000,0.000000000
point-0000939,695.889929794,281.556893282,212.379988705,313.200000000,0.000000000,0.000000000
point-0000940,696.358677253,281.079607760,212.998489696,313.200000000,0.000000000,0.000000000
point-0000941,696.827424711,280.602322239,213.616990687,313.200000000,0.000000000,0.000000000
point-0000942,697.296172170,280.125036718,214.235491678,313.200000000,0.000000000,0.000000000
point-0000943,697.764919629,279.647751196,214.853992668,313.200000000,0.000000000,0.000000000
point-0000944,698.233667088,279.170465675,215.472493659,313.200000000,0.000000000,0.000000000
point-0000945,698.702414546,278.693180153,216.090994650,313.200000000,0.000000000,0.000000000
point-0000946,699.171162005,278.215894632,216.709495641,313.200000000,0.000000000,0.000000000
point-0000947,699.639909464,277.738609111,217.327996632,313.200000000,0.000000000,0.000000000
point-0000948,700.108656923,277.261323589,217.946497623,313.200000000,0.000000000,0.000000000
point-0000949,700.577404382,276.784038068,218.564998614,313.200000000,0.000000000,0.000000000
point-0000950,701.046151840,276.306752546,219.183499605,313.200000000,0.000000000,0.000000000
point-0000951,701.514899299,275.829467025,219.802000596,313.200000000,0.000000000,0.000000000
point-0000952,701.983646758,275.352181503,220.420501587,313.200000000,0.000000000,0.000000000
point-0000953,702.452394217,274.874895982,221.039002578,313.200000000,0.000000000,0.000000000
point-0000954,702.921141675,274.397610461,221.657503569,313.200000000,0.000000000,0.000000000
point-0000955,703.389889134,273.920324939,222.276004560,313.200000000,0.000000000,0.000000000
point-0000956,703.858636593,273.443039418,222.894505551,313.200000000,0.000000000,0.000000000
point-0000957,704.327384052,272.965753896,223.513006541,313.200000000,0.000000000,0.000000000
point-0000958,704.796131510,272.488468375,224.131507532,313.200000000,0.000000000,0.000000000
point-0000959,705.264878969,272.011182854,224.750008523,313.200000000,0.000000000,0.000000000
point-0000960,705.733626428,271.533897332,225.368509514,313.200000000,0.000000000,0.000000000
point-0000961,706.202373887,271.056611811,225.987010505,313.200000000,0.000000000,0.000000000
point-0000962,706.671121346,270.579326289,226.605511496,313.200000000,0.000000000,0.000000000
point-0000963,707.139868804,270.102040768,227.224012487,313.200000000,0.000000000,0.000000000
point-0000964,707.608616263,269.624755246,227.842513478,313.200000000,0.000000000,0.000000000
point-0000965,708.077363722,269.147469725,228.461014469,313.200000000,0.000000000,0.000000000
point-0000966,708.546111181,268.670184204,229.079515460,313.200000000,0.000000000,0.000000000
point-0000967,709.014858639,268.192898682,229.698016451,313.200000000,0.000000000,0.000000000
point-0000968,709.483606098,267.715613161,230.316517442,313.200000000,0.000000000,0.000000000
point-0000969,709.952353557,267.238327639,230.935018433,313.200000000,0.000000000,0.000000000
point-0000970,710.421101016,266.761042118,231.553519423,313.200000000,0.000000000,0.000000000
point-0000971,710.889848474,266.283756596,232.172020414,313.200000000,0.000000000,0.000000000
point-0000972,711.358595933,265.806471075,232.790521405,313.200000000,0.000000000,0.000000000
point-0000973,711.827343392,265.329185554,233.409022396,313.200000000,0.000000000,0.000000000
point-0000974,712.296090851,264.851900032,234.027523387,313.200000000,0.000000000,0.000000000
point-0000975,712.764838310,264.374614511,234.646024378,313.200000000,0.000000000,0.000000000
point-0000976,713.233585768,263.897328989,235.264525369,313.200000000,0.000000000,0.000000000
point-0000977,713.702333227,263.420043468,235.883026360,313.200000000,0.000000000,0.000000000
point-0000978,714.171080686,262.942757947,236.501527351,313.200000000,0.000000000,0.000000000
point-0000979,714.639828145,262.465472425,237.120028342,313.200000000,0.000000000,0.000000000
point-0000980,715.108575603,261.988186904,237.738529333,313.200000000,0.000000000,0.000000000
point-0000981,715.577323062,261.510901382,238.357030324,313.200000000,0.000000000,0.000000000
point-0000982,716.046070521,261.033615861,238.975531315,313.200000000,0.000000000,0.000000000
point-0000983,716.514817980,260.556330339,239.594032305,313.200000000,0.000000000,0.000000000
point-0000984,716.983565438,260.079044818,240.212533296,313.200000000,0.000000000,0.000000000
point-0000985,717.452312897,259.601759297,240.831034287,313.200000000,0.000000000,0.000000000
point-0000986,717.921060356,259.124473775,241.449535278,313.200000000,0.000000000,0.000000000
point-0000987,718.389807815,258.647188254,242.068036269,313.200000000,0.000000000,0.000000000
point-0000988,718.858555274,258.169902732,242.686537260,313.200000000,0.000000000,0.000000000
point-0000989,719.327302732,257.692617211,243.305038251,313.200000000,0.000000000,0.000000000
point-0000990,719.364797633,257.643143167,243.266860945,313.200000000,0.000000000,0.000000000
point-0000991,719.402297433,257.593663114,243.228678061,313.200000000,0.000000000,0.000000000
point-0000992,719.439797233,257.544183061,243.190495176,313.200000000,0.000000000,0.000000000
point-0000993,719.477297033,257.494703008,243.152312292,313.200000000,0.000000000,0.000000000
point-0000994,719.514796833,257.445222955,243.114129407,313.200000000,0.000000000,0.000000000
point-0000995,719.552296633,257.395742902,243.075946523,313.200000000,0.000000000,0.000000000
point-0000996,719.589796432,257.346262849,243.037763638,313.200000000,0.000000000,0.000000000
point-0000997,719.627296232,257.296782796,242.999580754,313.200000000,0.000000000,0.000000000
point-0000998,719.664796032,257.247302743,242.961397869,313.200000000,0.000000000,0.000000000
point-0000999,719.702295832,257.197822690,242.923214985,313.200000000,0.000000000,0.000000000
point-0001000,719.739795632,257.148342637,242.885032100,313.200000000,0.000000000,0.000000000
point-0001001,719.777295432,257.098862584,242.846849215,313.200000000,0.000000000,0.000000000
point-0001002,719.814795232,257.049382531,242.808666331,313.200000000,0.000000000,0.000000000
point-0001003,719.852295032,256.999902478,242.770483446,313.200000000,0.000000000,0.000000000
point-0001004,719.889794832,256.950422425,242.732300562,313.200000000,0.000000000,0.000000000
point-0001005,719.927294632,256.900942372,242.694117677,313.200000000,0.000000000,0.000000000
point-0001006,719.964794431,256.851462319,242.655934793,313.200000000,0.000000000,0.000000000
point-0001007,720.002294231,256.801982266,242.617751908,313.200000000,0.000000000,0.000000000
point-0001008,720.039794031,256.752502213,242.579569024,313.200000000,0.000000000,0.000000000
point-0001009,720.077293831,256.703022160,242.541386139,313.200000000,0.000000000,0.000000000
point-0001010,720.114793631,256.653542107,242.503203255,313.200000000,0.000000000,0.000000000
point-0001011,720.152293431,256.604062054,242.465020370,313.200000000,0.000000000,0.000000000
point-0001012,720.189793231,256.554582001,242.426837486,313.200000000,0.000000000,0.000000000
point-0001013,720.227293031,256.505101948,242.388654601,313.200000000,0.000000000,0.000000000
point-0001014,720.264792831,256.455621895,242.350471717,313.200000000,0.000000000,0.000000000
point-0001015,720.302292631,256.406141842,242.312288832,313.200000000,0.000000000,0.000000000
point-0001016,720.339792430,256.356661789,242.274105948,313.200000000,0.000000000,0.000000000
point-0001017,720.377292230,256.307181737,242.235923063,313.200000000,0.000000000,0.000000000
point-0001018,720.414792030,256.257701684,242.197740178,313.200000000,0.000000000,0.000000000
point-0001019,720.452291830,256.208221631,242.159557294,313.200000000,0.000000000,0.000000000
point-0001020,720.489791630,256.158741578,242.121374409,313.200000000,0.000000000,0.000000000
point-0001021,720.527291430,256.109261525,242.083191525,313.200000000,0.000000000,0.000000000
point-0001022,720.564791230,256.059781472,242.045008640,313.200000000,0.000000000,0.000000000
point-0001023,720.602291030,256.010301419,242.006825756,313.200000000,0.000000000,0.000000000
point-0001024,720.639790830,255.960821366,241.968642871,313.200000000,0.000000000,0.000000000
point-0001025,720.677290630,255.911341313,241.930459987,313.200000000,0.000000000,0.000000000
point-0001026,720.714790429,255.861861260,241.892277102,313.200000000,0.000000000,0.000000000
point-0001027,720.752290229,255.812381207,241.854094218,313.200000000,0.000000000,0.000000000
point-0001028,720.789790029,255.762901154,241.815911333,313.200000000,0.000000000,0.000000000
point-0001029,720.827289829,255.713421101,241.777728449,313.200000000,0.000000000,0.000000000
point-0001030,720.864789629,255.663941048,241.739545564,313.200000000,0.000000000,0.000000000
point-0001031,720.902289429,255.614460995,241.701362680,313.200000000,0.000000000,0.000000000
point-0001032,720.939789229,255.564980942,241.663179795,313.200000000,0.000000000,0.000000000
point-0001033,720.977289029,255.515500889,241.624996911,313.200000000,0.000000000,0.000000000
point-0001034,721.014788829,255.466020836,241.586814026,313.200000000,0.000000000,0.000000000
point-0001035,721.052288629,255.416540783,241.548631141,313.200000000,0.000000000,0.000000000
point-0001036,721.089788428,255.367060730,241.510448257,313.200000000,0.000000000,0.000000000
point-0001037,721.127288228,255.317580677,241.472265372,313.200000000,0.000000000,0.000000000
point-0001038,721.164788028,255.268100624,241.434082488,313.200000000,0.000000000,0.000000000
point-0001039,721.202287828,255.218620571,241.395899603,313.200000000,0.000000000,0.000000000
point-0001040,721.239787628,255.169140518,241.357716719,313.200000000,0.000000000,0.000000000
point-0001041,721.277287428,255.119660465,241.319533834,313.200000000,0.000000000,0.000000000
point-0001042,721.314787228,255.070180412,241.281350950,313.200000000,0.000000000,0.000000000
point-0001043,721.352287028,255.020700359,241.243168065,313.200000000,0.000000000,0.000000000
point-0001044,721.389786828,254.971220306,241.204985181,313.200000000,0.000000000,0.000000000
point-0001045,721.427286628,254.921740253,241.166802296,313.200000000,0.000000000,0.000000000
point-0001046,721.464786427,254.872260200,241.128619412,313.200000000,0.000000000,0.000000000
point-0001047,721.502286227,254.822780147,241.090436527,313.200000000,0.000000000,0.000000000
point-0001048,721.539786027,254.773300094,241.052253643,313.200000000,0.000000000,0.000000000
point-0001049,721.577285827,254.723820042,241.014070758,313.200000000,0.000000000,0.000000000
point-0001050,721.614785627,254.674339989,240.975887874,313.200000000,0.000000000,0.000000000
point-0001051,721.652285427,254.624859936,240.937704989,313.200000000,0.000000000,0.000000000
point-0001052,721.689785227,254.575379883,240.899522104,313.200000000,0.000000000,0.000000000
point-0001053,721.727289721,254.525892137,240.861336381,313.200000000,0.000000000,0.000000000
point-0001054,751.499764088,284.840661180,201.577272962,313.200000000,0.000000000,0.000000000
point-0001055,751.871923663,285.460927138,201.577272962,313.200000000,0.000000000,0.000000000
point-0001056,752.461190386,286.238450398,202.177272962,313.200000000,0.000000000,0.000000000
point-0001057,753.577669111,284.377652524,202.177272962,313.200000000,0.000000000,0.000000000
point-0001058,754.032395100,283.914643867,202.777272962,313.200000000,0.000000000,0.000000000
point-0001059,755.893192975,287.015973658,202.777272962,313.200000000,0.000000000,0.000000000
point-0001060,756.482459698,287.793496918,203.377272962,313.200000000,0.000000000,0.000000000
point-0001061,759.087576723,283.451635211,203.377272962,313.200000000,0.000000000,0.000000000
point-0001062,759.542302713,282.988626554,203.977272962,313.200000000,0.000000000,0.000000000
point-0001063,762.573792876,288.041110160,203.977272962,313.200000000,0.000000000,0.000000000
point-0001064,763.028518866,287.578101504,204.577272962,313.200000000,0.000000000,0.000000000
point-0001065,766.060009030,282.525617898,204.577272962,313.200000000,0.000000000,0.000000000
point-0001066,766.514735020,282.062609241,205.177272962,313.200000000,0.000000000,0.000000000
point-0001067,769.546225183,287.115092847,205.177272962,313.200000000,0.000000000,0.000000000
point-0001068,770.000951173,286.652084191,205.777272962,313.200000000,0.000000000,0.000000000
point-0001069,773.032441337,281.599600585,205.777272962,313.200000000,0.000000000,0.000000000
point-0001070,773.487167326,281.136591928,206.377272962,313.200000000,0.000000000,0.000000000
point-0001071,776.518657490,286.189075534,206.377272962,313.200000000,0.000000000,0.000000000
point-0001072,776.973383480,285.726066878,206.977272962,313.200000000,0.000000000,0.000000000
point-0001073,780.004873644,280.673583272,206.977272962,313.200000000,0.000000000,0.000000000
point-0001074,780.459599633,280.210574615,207.577272962,313.200000000,0.000000000,0.000000000
point-0001075,783.491089797,285.263058221,207.577272962,313.200000000,0.000000000,0.000000000
point-0001076,783.945815787,284.800049565,208.177272962,313.200000000,0.000000000,0.000000000
point-0001077,786.977305950,279.747565959,208.177272962,313.200000000,0.000000000,0.000000000
point-0001078,787.432031940,279.284557302,208.777272962,313.200000000,0.000000000,0.000000000
point-0001079,790.463522104,284.337040908,208.777272962,313.200000000,0.000000000,0.000000000
point-0001080,790.918248094,283.874032252,209.377272962,313.200000000,0.000000000,0.000000000
point-0001081,793.949738257,278.821548646,209.377272962,313.200000000,0.000000000,0.000000000
point-0001082,794.404464247,278.358539989,209.977272962,313.200000000,0.000000000,0.000000000
point-0001083,797.435954411,283.411023595,209.977272962,313.200000000,0.000000000,0.000000000
point-0001084,797.890680401,282.948014939,210.577272962,313.200000000,0.000000000,0.000000000
point-0001085,800.922170564,277.895531333,210.577272962,313.200000000,0.000000000,0.000000000
point-0001086,801.376896554,277.432522676,211.177272962,313.200000000,0.000000000,0.000000000
point-0001087,804.408386718,282.485006282,211.177272962,313.200000000,0.000000000,0.000000000
point-0001088,804.863112707,282.021997626,211.777272962,313.200000000,0.000000000,0.000000000
point-0001089,807.894602871,276.969514020,211.777272962,313.200000000,0.000000000,0.000000000
point-0001090,808.349328861,276.506505363,212.377272962,313.200000000,0.000000000,0.000000000
point-0001091,811.380819024,281.558988969,212.377272962,313.200000000,0.000000000,0.000000000
point-0001092,811.835545014,281.095980313,212.977272962,313.200000000,0.000000000,0.000000000
point-0001093,814.867035178,276.043496707,212.977272962,313.200000000,0.000000000,0.000000000
point-0001094,815.321761168,275.580488050,213.577272962,313.200000000,0.000000000,0.000000000
point-0001095,818.353251331,280.632971656,213.577272962,313.200000000,0.000000000,0.000000000
point-0001096,818.807977321,280.169963000,214.177272962,313.200000000,0.000000000,0.000000000
point-0001097,821.839467485,275.117479394,214.177272962,313.200000000,0.000000000,0.000000000
point-0001098,822.294193475,274.654470737,214.777272962,313.200000000,0.000000000,0.000000000
point-0001099,825.325683638,279.706954343,214.777272962,313.200000000,0.000000000,0.000000000
point-0001100,825.780409628,279.243945687,215.377272962,313.200000000,0.000000000,0.000000000
point-0001101,828.811899792,274.191462081,215.377272962,313.200000000,0.000000000,0.000000000
point-0001102,829.266625781,273.728453424,215.977272962,313.200000000,0.000000000,0.000000000
point-0001103,832.298115945,278.780937030,215.977272962,313.200000000,0.000000000,0.000000000
point-0001104,832.752841935,278.317928374,216.577272962,313.200000000,0.000000000,0.000000000
point-0001105,835.784332099,273.265444768,216.577272962,313.200000000,0.000000000,0.000000000
point-0001106,836.239058088,272.802436111,217.177272962,313.200000000,0.000000000,0.000000000
point-0001107,839.270548252,277.854919717,217.177272962,313.200000000,0.000000000,0.000000000
point-0001108,839.725274242,277.391911061,217.777272962,313.200000000,0.000000000,0.000000000
point-0001109,842.756764405,272.339427455,217.777272962,313.200000000,0.000000000,0.000000000
point-0001110,843.211490395,271.876418798,218.377272962,313.200000000,0.000000000,0.000000000
point-0001111,846.242980559,276.928902404,218.377272962,313.200000000,0.000000000,0.000000000
point-0001112,846.697706549,276.465893748,218.977272962,313.200000000,0.000000000,0.000000000
point-0001113,849.729196712,271.413410142,218.977272962,313.200000000,0.000000000,0.000000000
point-0001114,850.183922702,270.950401485,219.577272962,313.200000000,0.000000000,0.000000000
point-0001115,853.215412866,276.002885091,219.577272962,313.200000000,0.000000000,0.000000000
point-0001116,853.670138855,275.539876435,220.177272962,313.200000000,0.000000000,0.000000000
point-0001117,856.701629019,270.487392829,220.177272962,313.200000000,0.000000000,0.000000000
point-0001118,857.156355009,270.024384172,220.777272962,313.200000000,0.000000000,0.000000000
point-0001119,860.187845173,275.076867778,220.777272962,313.200000000,0.000000000,0.000000000
point-0001120,860.642571162,274.613859122,221.377272962,313.200000000,0.000000000,0.000000000
point-0001121,863.674061326,269.561375516,221.377272962,313.200000000,0.000000000,0.000000000
point-0001122,864.128787316,269.098366859,221.977272962,313.200000000,0.000000000,0.000000000
point-0001123,867.160277479,274.150850465,221.977272962,313.200000000,0.000000000,0.000000000
point-0001124,867.615003469,273.687841809,222.577272962,313.200000000,0.000000000,0.000000000
point-0001125,870.646493633,268.635358203,222.577272962,313.200000000,0.000000000,0.000000000
point-0001126,871.101219623,268.172349546,223.177272962,313.200000000,0.000000000,0.000000000
point-0001127,874.132709786,273.224833152,223.177272962,313.200000000,0.000000000,0.000000000
point-0001128,874.587435776,272.761824496,223.777272962,313.200000000,0.000000000,0.000000000
point-0001129,877.618925940,267.709340890,223.777272962,313.200000000,0.000000000,0.000000000
point-0001130,878.073651930,267.246332233,224.377272962,313.200000000,0.000000000,0.000000000
point-0001131,881.105142093,272.298815839,224.377272962,313.200000000,0.000000000,0.000000000
point-0001132,881.559868083,271.835807183,224.977272962,313.200000000,0.000000000,0.000000000
point-0001133,884.591358247,266.783323577,224.977272962,313.200000000,0.000000000,0.000000000
point-0001134,885.046084236,266.320314920,225.577272962,313.200000000,0.000000000,0.000000000
point-0001135,888.077574400,271.372798526,225.577272962,313.200000000,0.000000000,0.000000000
point-0001136,888.532300390,270.909789870,226.177272962,313.200000000,0.000000000,0.000000000
point-0001137,891.563790553,265.857306264,226.177272962,313.200000000,0.000000000,0.000000000
point-0001138,892.018516543,265.394297607,226.777272962,313.200000000,0.000000000,0.000000000
point-0001139,895.050006707,270.446781213,226.777272962,313.200000000,0.000000000,0.000000000
point-0001140,895.504732697,269.983772557,227.377272962,313.200000000,0.000000000,0.000000000
point-0001141,898.536222860,264.931288951,227.377272962,313.200000000,0.000000000,0.000000000
point-0001142,898.990948850,264.468280294,227.977272962,313.200000000,0.000000000,0.000000000
point-0001143,902.022439014,269.520763900,227.977272962,313.200000000,0.000000000,0.000000000
point-0001144,902.477165004,269.057755244,228.577272962,313.200000000,0.000000000,0.000000000
point-0001145,905.508655167,264.005271638,228.577272962,313.200000000,0.000000000,0.000000000
point-0001146,905.963381157,263.542262981,229.177272962,313.200000000,0.000000000,0.000000000
point-0001147,908.994871321,268.594746587,229.177272962,313.200000000,0.000000000,0.000000000
point-0001148,909.449597310,268.131737931,229.777272962,313.200000000,0.000000000,0.000000000
point-0001149,912.481087474,263.079254325,229.777272962,313.200000000,0.000000000,0.000000000
point-0001150,912.935813464,262.616245668,230.377272962,313.200000000,0.000000000,0.000000000
point-0001151,915.967303628,267.668729274,230.377272962,313.200000000,0.000000000,0.000000000
point-0001152,916.422029617,267.205720618,230.977272962,313.200000000,0.000000000,0.000000000
point-0001153,919.453519781,262.153237012,230.977272962,313.200000000,0.000000000,0.000000000
point-0001154,919.908245771,261.690228355,231.577272962,313.200000000,0.000000000,0.000000000
point-0001155,922.939735934,266.742711961,231.577272962,313.200000000,0.000000000,0.000000000
point-0001156,923.394461924,266.279703305,232.177272962,313.200000000,0.000000000,0.000000000
point-0001157,926.425952088,261.227219699,232.177272962,313.200000000,0.000000000,0.000000000
point-0001158,926.880678078,260.764211042,232.777272962,313.200000000,0.000000000,0.000000000
point-0001159,929.912168241,265.816694648,232.777272962,313.200000000,0.000000000,0.000000000
point-0001160,930.366894231,265.353685992,233.377272962,313.200000000,0.000000000,0.000000000
point-0001161,933.398384395,260.301202386,233.377272962,313.200000000,0.000000000,0.000000000
point-0001162,933.853110384,259.838193729,233.977272962,313.200000000,0.000000000,0.000000000
point-0001163,936.884600548,264.890677335,233.977272962,313.200000000,0.000000000,0.000000000
point-0001164,937.339326538,264.427668679,234.577272962,313.200000000,0.000000000,0.000000000
point-0001165,940.370816702,259.375185073,234.577272962,313.200000000,0.000000000,0.000000000
point-0001166,940.825542691,258.912176416,235.177272962,313.200000000,0.000000000,0.000000000
point-0001167,943.857032855,263.964660022,235.177272962,313.200000000,0.000000000,0.000000000
point-0001168,944.311758845,263.501651366,235.777272962,313.200000000,0.000000000,0.000000000
point-0001169,947.343249008,258.449167760,235.777272962,313.200000000,0.000000000,0.000000000
point-0001170,947.797974998,257.986159103,236.377272962,313.200000000,0.000000000,0.000000000
point-0001171,950.829465162,263.038642709,236.377272962,313.200000000,0.000000000,0.000000000
point-0001172,951.284191152,262.575634053,236.977272962,313.200000000,0.000000000,0.000000000
point-0001173,954.315681315,257.523150447,236.977272962,313.200000000,0.000000000,0.000000000
point-0001174,954.770407305,257.060141790,237.577272962,313.200000000,0.000000000,0.000000000
point-0001175,957.801897469,262.112625396,237.577272962,313.200000000,0.000000000,0.000000000
point-0001176,958.256623459,261.649616740,238.177272962,313.200000000,0.000000000,0.000000000
point-0001177,961.288113622,256.597133134,238.177272962,313.200000000,0.000000000,0.000000000
point-0001178,961.742839612,256.134124477,238.777272962,313.200000000,0.000000000,0.000000000
point-0001179,964.774329776,261.186608083,238.777272962,313.200000000,0.000000000,0.000000000
point-0001180,965.229055765,260.723599427,239.377272962,313.200000000,0.000000000,0.000000000
point-0001181,968.260545929,255.671115821,239.377272962,313.200000000,0.000000000,0.000000000
point-0001182,968.715271919,255.208107164,239.977272962,313.200000000,0.000000000,0.000000000
point-0001183,971.746762082,260.260590770,239.977272962,313.200000000,0.000000000,0.000000000
point-0001184,972.201488072,259.797582114,240.577272962,313.200000000,0.000000000,0.000000000
point-0001185,975.232978236,254.745098508,240.577272962,313.200000000,0.000000000,0.000000000
point-0001186,975.610635215,254.935308875,241.177272962,313.200000000,0.000000000,0.000000000
point-0001187,978.250193965,259.334573457,241.177272962,313.200000000,0.000000000,0.000000000
point-0001188,978.704919955,258.871564801,241.777272962,313.200000000,0.000000000,0.000000000
point-0001189,980.600160325,255.712830850,241.777272962,313.200000000,0.000000000,0.000000000
point-0001190,981.189426438,256.490352824,242.377272962,313.200000000,0.000000000,0.000000000
point-0001191,982.340348430,258.408556144,242.377272962,313.200000000,0.000000000,0.000000000
point-0001192,982.795074419,257.945547488,242.977272962,313.200000000,0.000000000,0.000000000
point-0001193,983.201678033,257.267874799,242.977272962,313.200000000,0.000000000,0.000000000
