; 5AxisSclicer P02 Planar Zigzag
; reference XYZAC profile; offline simulation only
G21 ; millimetres
G90 ; absolute axes
M82 ; absolute extrusion
; P02 POINT 1 point-0000001 approach
G1 A0.000000 C0.000000 X254.364547 Y240.783156 Z312.000000 F100.000
; P02 EVENT event-0000001 prime
G1 E1.000000 F100.000
; P02 POINT 2 point-0000002 deposition
G1 A0.000000 C0.000000 X254.830887 Y240.156358 Z312.000000 E1.116930 F100.000
; P02 POINT 3 point-0000003 deposition
G1 A0.000000 C0.000000 X255.297227 Y239.529560 Z312.000000 E1.233860 F100.000
; P02 POINT 4 point-0000004 deposition
G1 A0.000000 C0.000000 X255.763567 Y238.902762 Z312.000000 E1.350790 F100.000
; P02 POINT 5 point-0000005 deposition
G1 A0.000000 C0.000000 X256.229907 Y238.275964 Z312.000000 E1.467720 F100.000
; P02 POINT 6 point-0000006 deposition
G1 A0.000000 C0.000000 X256.696247 Y237.649166 Z312.000000 E1.584649 F100.000
; P02 POINT 7 point-0000007 deposition
G1 A0.000000 C0.000000 X257.162586 Y237.022368 Z312.000000 E1.701579 F100.000
; P02 POINT 8 point-0000008 deposition
G1 A0.000000 C0.000000 X257.628926 Y236.395570 Z312.000000 E1.818509 F100.000
; P02 POINT 9 point-0000009 deposition
G1 A0.000000 C0.000000 X258.095266 Y235.768772 Z312.000000 E1.935439 F100.000
; P02 POINT 10 point-0000010 deposition
G1 A0.000000 C0.000000 X258.561606 Y235.141974 Z312.000000 E2.052369 F100.000
; P02 POINT 11 point-0000011 deposition
G1 A0.000000 C0.000000 X259.027946 Y234.515176 Z312.000000 E2.169299 F100.000
; P02 POINT 12 point-0000012 deposition
G1 A0.000000 C0.000000 X259.494286 Y233.888378 Z312.000000 E2.286229 F100.000
; P02 POINT 13 point-0000013 deposition
G1 A0.000000 C0.000000 X259.960626 Y233.261580 Z312.000000 E2.403159 F100.000
; P02 POINT 14 point-0000014 deposition
G1 A0.000000 C0.000000 X260.426965 Y232.634782 Z312.000000 E2.520088 F100.000
; P02 POINT 15 point-0000015 deposition
G1 A0.000000 C0.000000 X260.893305 Y232.007984 Z312.000000 E2.637018 F100.000
; P02 POINT 16 point-0000016 deposition
G1 A0.000000 C0.000000 X261.359645 Y231.381186 Z312.000000 E2.753948 F100.000
; P02 POINT 17 point-0000017 deposition
G1 A0.000000 C0.000000 X261.825985 Y230.754388 Z312.000000 E2.870878 F100.000
; P02 POINT 18 point-0000018 deposition
G1 A0.000000 C0.000000 X262.292325 Y230.127590 Z312.000000 E2.987808 F100.000
; P02 POINT 19 point-0000019 deposition
G1 A0.000000 C0.000000 X262.758665 Y229.500792 Z312.000000 E3.104738 F100.000
; P02 POINT 20 point-0000020 deposition
G1 A0.000000 C0.000000 X263.225005 Y228.873994 Z312.000000 E3.221668 F100.000
; P02 POINT 21 point-0000021 deposition
G1 A0.000000 C0.000000 X263.691344 Y228.247196 Z312.000000 E3.338598 F100.000
; P02 POINT 22 point-0000022 deposition
G1 A0.000000 C0.000000 X264.157684 Y227.620398 Z312.000000 E3.455527 F100.000
; P02 POINT 23 point-0000023 deposition
G1 A0.000000 C0.000000 X264.624024 Y226.993600 Z312.000000 E3.572457 F100.000
; P02 POINT 24 point-0000024 deposition
G1 A0.000000 C0.000000 X265.090364 Y226.366802 Z312.000000 E3.689387 F100.000
; P02 POINT 25 point-0000025 deposition
G1 A0.000000 C0.000000 X265.556704 Y225.740004 Z312.000000 E3.806317 F100.000
; P02 POINT 26 point-0000026 deposition
G1 A0.000000 C0.000000 X266.023044 Y225.113206 Z312.000000 E3.923247 F100.000
; P02 POINT 27 point-0000027 deposition
G1 A0.000000 C0.000000 X266.489384 Y224.486408 Z312.000000 E4.040177 F100.000
; P02 POINT 28 point-0000028 deposition
G1 A0.000000 C0.000000 X266.955723 Y223.859610 Z312.000000 E4.157107 F100.000
; P02 POINT 29 point-0000029 deposition
G1 A0.000000 C0.000000 X267.422063 Y223.232812 Z312.000000 E4.274037 F100.000
; P02 POINT 30 point-0000030 deposition
G1 A0.000000 C0.000000 X267.888403 Y222.606014 Z312.000000 E4.390966 F100.000
; P02 POINT 31 point-0000031 deposition
G1 A0.000000 C0.000000 X268.354743 Y221.979216 Z312.000000 E4.507896 F100.000
; P02 POINT 32 point-0000032 deposition
G1 A0.000000 C0.000000 X268.821083 Y221.352418 Z312.000000 E4.624826 F100.000
; P02 POINT 33 point-0000033 deposition
G1 A0.000000 C0.000000 X269.287423 Y220.725620 Z312.000000 E4.741756 F100.000
; P02 POINT 34 point-0000034 deposition
G1 A0.000000 C0.000000 X269.753763 Y220.098822 Z312.000000 E4.858686 F100.000
; P02 POINT 35 point-0000035 deposition
G1 A0.000000 C0.000000 X270.220102 Y219.472024 Z312.000000 E4.975616 F100.000
; P02 POINT 36 point-0000036 deposition
G1 A0.000000 C0.000000 X270.686442 Y218.845226 Z312.000000 E5.092546 F100.000
; P02 POINT 37 point-0000037 deposition
G1 A0.000000 C0.000000 X271.152782 Y218.218428 Z312.000000 E5.209476 F100.000
; P02 POINT 38 point-0000038 deposition
G1 A0.000000 C0.000000 X271.619122 Y217.591630 Z312.000000 E5.326405 F100.000
; P02 POINT 39 point-0000039 deposition
G1 A0.000000 C0.000000 X272.085462 Y216.964832 Z312.000000 E5.443335 F100.000
; P02 POINT 40 point-0000040 deposition
G1 A0.000000 C0.000000 X272.551802 Y216.338034 Z312.000000 E5.560265 F100.000
; P02 POINT 41 point-0000041 deposition
G1 A0.000000 C0.000000 X273.018142 Y215.711236 Z312.000000 E5.677195 F100.000
; P02 POINT 42 point-0000042 deposition
G1 A0.000000 C0.000000 X273.484481 Y215.084438 Z312.000000 E5.794125 F100.000
; P02 POINT 43 point-0000043 deposition
G1 A0.000000 C0.000000 X273.950821 Y214.457640 Z312.000000 E5.911055 F100.000
; P02 POINT 44 point-0000044 deposition
G1 A0.000000 C0.000000 X274.417161 Y213.830842 Z312.000000 E6.027985 F100.000
; P02 POINT 45 point-0000045 deposition
G1 A0.000000 C0.000000 X274.883501 Y213.204044 Z312.000000 E6.144915 F100.000
; P02 POINT 46 point-0000046 deposition
G1 A0.000000 C0.000000 X275.349841 Y212.577246 Z312.000000 E6.261844 F100.000
; P02 POINT 47 point-0000047 deposition
G1 A0.000000 C0.000000 X275.816181 Y211.950448 Z312.000000 E6.378774 F100.000
; P02 POINT 48 point-0000048 deposition
G1 A0.000000 C0.000000 X276.282521 Y211.323650 Z312.000000 E6.495704 F100.000
; P02 POINT 49 point-0000049 deposition
G1 A0.000000 C0.000000 X276.748860 Y210.696852 Z312.000000 E6.612634 F100.000
; P02 POINT 50 point-0000050 deposition
G1 A0.000000 C0.000000 X277.215200 Y210.070054 Z312.000000 E6.729564 F100.000
; P02 POINT 51 point-0000051 deposition
G1 A0.000000 C0.000000 X277.681540 Y209.443256 Z312.000000 E6.846494 F100.000
; P02 POINT 52 point-0000052 deposition
G1 A0.000000 C0.000000 X278.147880 Y208.816458 Z312.000000 E6.963424 F100.000
; P02 POINT 53 point-0000053 deposition
G1 A0.000000 C0.000000 X278.614220 Y208.189660 Z312.000000 E7.080354 F100.000
; P02 POINT 54 point-0000054 deposition
G1 A0.000000 C0.000000 X279.080560 Y207.562862 Z312.000000 E7.197283 F100.000
; P02 POINT 55 point-0000055 deposition
G1 A0.000000 C0.000000 X279.546900 Y206.936064 Z312.000000 E7.314213 F100.000
; P02 POINT 56 point-0000056 deposition
G1 A0.000000 C0.000000 X280.013239 Y206.309266 Z312.000000 E7.431143 F100.000
; P02 POINT 57 point-0000057 deposition
G1 A0.000000 C0.000000 X280.479579 Y205.682468 Z312.000000 E7.548073 F100.000
; P02 POINT 58 point-0000058 deposition
G1 A0.000000 C0.000000 X280.945919 Y205.055670 Z312.000000 E7.665003 F100.000
; P02 POINT 59 point-0000059 deposition
G1 A0.000000 C0.000000 X281.412259 Y204.428872 Z312.000000 E7.781933 F100.000
; P02 POINT 60 point-0000060 deposition
G1 A0.000000 C0.000000 X281.878599 Y203.802074 Z312.000000 E7.898863 F100.000
; P02 POINT 61 point-0000061 deposition
G1 A0.000000 C0.000000 X282.344939 Y203.175276 Z312.000000 E8.015793 F100.000
; P02 POINT 62 point-0000062 deposition
G1 A0.000000 C0.000000 X282.811279 Y202.548478 Z312.000000 E8.132722 F100.000
; P02 POINT 63 point-0000063 deposition
G1 A0.000000 C0.000000 X283.277618 Y201.921680 Z312.000000 E8.249652 F100.000
; P02 POINT 64 point-0000064 deposition
G1 A0.000000 C0.000000 X283.743958 Y201.294882 Z312.000000 E8.366582 F100.000
; P02 POINT 65 point-0000065 deposition
G1 A0.000000 C0.000000 X284.210298 Y200.668084 Z312.000000 E8.483512 F100.000
; P02 POINT 66 point-0000066 deposition
G1 A0.000000 C0.000000 X284.260442 Y200.705391 Z312.000000 E8.492867 F100.000
; P02 POINT 67 point-0000067 deposition
G1 A0.000000 C0.000000 X284.310586 Y200.742699 Z312.000000 E8.502221 F100.000
; P02 POINT 68 point-0000068 deposition
G1 A0.000000 C0.000000 X284.360730 Y200.780006 Z312.000000 E8.511575 F100.000
; P02 POINT 69 point-0000069 deposition
G1 A0.000000 C0.000000 X284.410873 Y200.817313 Z312.000000 E8.520930 F100.000
; P02 POINT 70 point-0000070 deposition
G1 A0.000000 C0.000000 X284.461017 Y200.854620 Z312.000000 E8.530284 F100.000
; P02 POINT 71 point-0000071 deposition
G1 A0.000000 C0.000000 X284.511161 Y200.891927 Z312.000000 E8.539638 F100.000
; P02 POINT 72 point-0000072 deposition
G1 A0.000000 C0.000000 X284.561305 Y200.929235 Z312.000000 E8.548993 F100.000
; P02 POINT 73 point-0000073 deposition
G1 A0.000000 C0.000000 X284.611449 Y200.966542 Z312.000000 E8.558347 F100.000
; P02 POINT 74 point-0000074 deposition
G1 A0.000000 C0.000000 X284.661593 Y201.003849 Z312.000000 E8.567702 F100.000
; P02 POINT 75 point-0000075 deposition
G1 A0.000000 C0.000000 X284.711736 Y201.041156 Z312.000000 E8.577056 F100.000
; P02 POINT 76 point-0000076 deposition
G1 A0.000000 C0.000000 X284.761880 Y201.078463 Z312.000000 E8.586410 F100.000
; P02 POINT 77 point-0000077 deposition
G1 A0.000000 C0.000000 X284.812024 Y201.115770 Z312.000000 E8.595765 F100.000
; P02 POINT 78 point-0000078 deposition
G1 A0.000000 C0.000000 X284.862168 Y201.153078 Z312.000000 E8.605119 F100.000
; P02 POINT 79 point-0000079 deposition
G1 A0.000000 C0.000000 X284.912312 Y201.190385 Z312.000000 E8.614474 F100.000
; P02 POINT 80 point-0000080 deposition
G1 A0.000000 C0.000000 X284.962456 Y201.227692 Z312.000000 E8.623828 F100.000
; P02 POINT 81 point-0000081 deposition
G1 A0.000000 C0.000000 X285.012600 Y201.264999 Z312.000000 E8.633182 F100.000
; P02 POINT 82 point-0000082 deposition
G1 A0.000000 C0.000000 X285.062743 Y201.302306 Z312.000000 E8.642537 F100.000
; P02 POINT 83 point-0000083 deposition
G1 A0.000000 C0.000000 X285.112887 Y201.339614 Z312.000000 E8.651891 F100.000
; P02 POINT 84 point-0000084 deposition
G1 A0.000000 C0.000000 X285.163031 Y201.376921 Z312.000000 E8.661246 F100.000
; P02 POINT 85 point-0000085 deposition
G1 A0.000000 C0.000000 X285.213175 Y201.414228 Z312.000000 E8.670600 F100.000
; P02 POINT 86 point-0000086 deposition
G1 A0.000000 C0.000000 X285.263319 Y201.451535 Z312.000000 E8.679954 F100.000
; P02 POINT 87 point-0000087 deposition
G1 A0.000000 C0.000000 X285.313463 Y201.488842 Z312.000000 E8.689309 F100.000
; P02 POINT 88 point-0000088 deposition
G1 A0.000000 C0.000000 X285.363606 Y201.526150 Z312.000000 E8.698663 F100.000
; P02 POINT 89 point-0000089 deposition
G1 A0.000000 C0.000000 X285.413750 Y201.563457 Z312.000000 E8.708017 F100.000
; P02 POINT 90 point-0000090 deposition
G1 A0.000000 C0.000000 X285.463894 Y201.600764 Z312.000000 E8.717372 F100.000
; P02 POINT 91 point-0000091 deposition
G1 A0.000000 C0.000000 X285.514038 Y201.638071 Z312.000000 E8.726726 F100.000
; P02 POINT 92 point-0000092 deposition
G1 A0.000000 C0.000000 X285.564182 Y201.675378 Z312.000000 E8.736081 F100.000
; P02 POINT 93 point-0000093 deposition
G1 A0.000000 C0.000000 X285.614326 Y201.712685 Z312.000000 E8.745435 F100.000
; P02 POINT 94 point-0000094 deposition
G1 A0.000000 C0.000000 X285.664469 Y201.749993 Z312.000000 E8.754789 F100.000
; P02 POINT 95 point-0000095 deposition
G1 A0.000000 C0.000000 X285.714613 Y201.787300 Z312.000000 E8.764144 F100.000
; P02 POINT 96 point-0000096 deposition
G1 A0.000000 C0.000000 X285.764757 Y201.824607 Z312.000000 E8.773498 F100.000
; P02 POINT 97 point-0000097 deposition
G1 A0.000000 C0.000000 X285.814901 Y201.861914 Z312.000000 E8.782853 F100.000
; P02 POINT 98 point-0000098 deposition
G1 A0.000000 C0.000000 X285.865045 Y201.899221 Z312.000000 E8.792207 F100.000
; P02 POINT 99 point-0000099 deposition
G1 A0.000000 C0.000000 X285.915189 Y201.936529 Z312.000000 E8.801561 F100.000
; P02 POINT 100 point-0000100 deposition
G1 A0.000000 C0.000000 X285.965332 Y201.973836 Z312.000000 E8.810916 F100.000
; P02 POINT 101 point-0000101 deposition
G1 A0.000000 C0.000000 X286.015476 Y202.011143 Z312.000000 E8.820270 F100.000
; P02 POINT 102 point-0000102 deposition
G1 A0.000000 C0.000000 X286.065620 Y202.048450 Z312.000000 E8.829625 F100.000
; P02 POINT 103 point-0000103 deposition
G1 A0.000000 C0.000000 X286.115764 Y202.085757 Z312.000000 E8.838979 F100.000
; P02 POINT 104 point-0000104 deposition
G1 A0.000000 C0.000000 X286.165908 Y202.123065 Z312.000000 E8.848333 F100.000
; P02 POINT 105 point-0000105 deposition
G1 A0.000000 C0.000000 X286.216052 Y202.160372 Z312.000000 E8.857688 F100.000
; P02 POINT 106 point-0000106 deposition
G1 A0.000000 C0.000000 X286.266195 Y202.197679 Z312.000000 E8.867042 F100.000
; P02 POINT 107 point-0000107 deposition
G1 A0.000000 C0.000000 X286.316339 Y202.234986 Z312.000000 E8.876397 F100.000
; P02 POINT 108 point-0000108 deposition
G1 A0.000000 C0.000000 X286.366483 Y202.272293 Z312.000000 E8.885751 F100.000
; P02 POINT 109 point-0000109 deposition
G1 A0.000000 C0.000000 X286.416627 Y202.309600 Z312.000000 E8.895105 F100.000
; P02 POINT 110 point-0000110 deposition
G1 A0.000000 C0.000000 X286.466771 Y202.346908 Z312.000000 E8.904460 F100.000
; P02 POINT 111 point-0000111 deposition
G1 A0.000000 C0.000000 X286.516915 Y202.384215 Z312.000000 E8.913814 F100.000
; P02 POINT 112 point-0000112 deposition
G1 A0.000000 C0.000000 X286.567059 Y202.421522 Z312.000000 E8.923168 F100.000
; P02 POINT 113 point-0000113 deposition
G1 A0.000000 C0.000000 X286.617202 Y202.458829 Z312.000000 E8.932523 F100.000
; P02 POINT 114 point-0000114 deposition
G1 A0.000000 C0.000000 X286.667346 Y202.496136 Z312.000000 E8.941877 F100.000
; P02 POINT 115 point-0000115 deposition
G1 A0.000000 C0.000000 X286.717490 Y202.533444 Z312.000000 E8.951232 F100.000
; P02 POINT 116 point-0000116 deposition
G1 A0.000000 C0.000000 X286.767634 Y202.570751 Z312.000000 E8.960586 F100.000
; P02 POINT 117 point-0000117 deposition
G1 A0.000000 C0.000000 X286.817778 Y202.608058 Z312.000000 E8.969940 F100.000
; P02 POINT 118 point-0000118 deposition
G1 A0.000000 C0.000000 X286.867922 Y202.645365 Z312.000000 E8.979295 F100.000
; P02 POINT 119 point-0000119 deposition
G1 A0.000000 C0.000000 X286.918065 Y202.682672 Z312.000000 E8.988649 F100.000
; P02 POINT 120 point-0000120 deposition
G1 A0.000000 C0.000000 X286.968209 Y202.719980 Z312.000000 E8.998004 F100.000
; P02 POINT 121 point-0000121 deposition
G1 A0.000000 C0.000000 X287.018353 Y202.757287 Z312.000000 E9.007358 F100.000
; P02 POINT 122 point-0000122 deposition
G1 A0.000000 C0.000000 X287.068497 Y202.794594 Z312.000000 E9.016712 F100.000
; P02 POINT 123 point-0000123 deposition
G1 A0.000000 C0.000000 X287.118641 Y202.831901 Z312.000000 E9.026067 F100.000
; P02 POINT 124 point-0000124 deposition
G1 A0.000000 C0.000000 X287.168785 Y202.869208 Z312.000000 E9.035421 F100.000
; P02 POINT 125 point-0000125 deposition
G1 A0.000000 C0.000000 X287.218928 Y202.906515 Z312.000000 E9.044776 F100.000
; P02 POINT 126 point-0000126 deposition
G1 A0.000000 C0.000000 X287.269072 Y202.943823 Z312.000000 E9.054130 F100.000
; P02 POINT 127 point-0000127 deposition
G1 A0.000000 C0.000000 X287.319216 Y202.981130 Z312.000000 E9.063484 F100.000
; P02 POINT 128 point-0000128 deposition
G1 A0.000000 C0.000000 X287.369360 Y203.018437 Z312.000000 E9.072839 F100.000
; P02 POINT 129 point-0000129 deposition
G1 A0.000000 C0.000000 X287.419504 Y203.055744 Z312.000000 E9.082193 F100.000
; P02 POINT 130 point-0000130 deposition
G1 A0.000000 C0.000000 X286.953164 Y203.682542 Z312.000000 E9.199123 F100.000
; P02 POINT 131 point-0000131 deposition
G1 A0.000000 C0.000000 X286.486824 Y204.309340 Z312.000000 E9.316053 F100.000
; P02 POINT 132 point-0000132 deposition
G1 A0.000000 C0.000000 X286.020484 Y204.936138 Z312.000000 E9.432983 F100.000
; P02 POINT 133 point-0000133 deposition
G1 A0.000000 C0.000000 X285.554144 Y205.562936 Z312.000000 E9.549913 F100.000
; P02 POINT 134 point-0000134 deposition
G1 A0.000000 C0.000000 X285.087805 Y206.189734 Z312.000000 E9.666842 F100.000
; P02 POINT 135 point-0000135 deposition
G1 A0.000000 C0.000000 X284.621465 Y206.816532 Z312.000000 E9.783772 F100.000
; P02 POINT 136 point-0000136 deposition
G1 A0.000000 C0.000000 X284.155125 Y207.443330 Z312.000000 E9.900702 F100.000
; P02 POINT 137 point-0000137 deposition
G1 A0.000000 C0.000000 X283.688785 Y208.070128 Z312.000000 E10.017632 F100.000
; P02 POINT 138 point-0000138 deposition
G1 A0.000000 C0.000000 X283.222445 Y208.696926 Z312.000000 E10.134562 F100.000
; P02 POINT 139 point-0000139 deposition
G1 A0.000000 C0.000000 X282.756105 Y209.323724 Z312.000000 E10.251492 F100.000
; P02 POINT 140 point-0000140 deposition
G1 A0.000000 C0.000000 X282.289765 Y209.950522 Z312.000000 E10.368422 F100.000
; P02 POINT 141 point-0000141 deposition
G1 A0.000000 C0.000000 X281.823426 Y210.577320 Z312.000000 E10.485352 F100.000
; P02 POINT 142 point-0000142 deposition
G1 A0.000000 C0.000000 X281.357086 Y211.204118 Z312.000000 E10.602281 F100.000
; P02 POINT 143 point-0000143 deposition
G1 A0.000000 C0.000000 X280.890746 Y211.830916 Z312.000000 E10.719211 F100.000
; P02 POINT 144 point-0000144 deposition
G1 A0.000000 C0.000000 X280.424406 Y212.457714 Z312.000000 E10.836141 F100.000
; P02 POINT 145 point-0000145 deposition
G1 A0.000000 C0.000000 X279.958066 Y213.084512 Z312.000000 E10.953071 F100.000
; P02 POINT 146 point-0000146 deposition
G1 A0.000000 C0.000000 X279.491726 Y213.711310 Z312.000000 E11.070001 F100.000
; P02 POINT 147 point-0000147 deposition
G1 A0.000000 C0.000000 X279.025386 Y214.338108 Z312.000000 E11.186931 F100.000
; P02 POINT 148 point-0000148 deposition
G1 A0.000000 C0.000000 X278.559047 Y214.964906 Z312.000000 E11.303861 F100.000
; P02 POINT 149 point-0000149 deposition
G1 A0.000000 C0.000000 X278.092707 Y215.591704 Z312.000000 E11.420791 F100.000
; P02 POINT 150 point-0000150 deposition
G1 A0.000000 C0.000000 X277.626367 Y216.218502 Z312.000000 E11.537721 F100.000
; P02 POINT 151 point-0000151 deposition
G1 A0.000000 C0.000000 X277.160027 Y216.845300 Z312.000000 E11.654650 F100.000
; P02 POINT 152 point-0000152 deposition
G1 A0.000000 C0.000000 X276.693687 Y217.472098 Z312.000000 E11.771580 F100.000
; P02 POINT 153 point-0000153 deposition
G1 A0.000000 C0.000000 X276.227347 Y218.098896 Z312.000000 E11.888510 F100.000
; P02 POINT 154 point-0000154 deposition
G1 A0.000000 C0.000000 X275.761007 Y218.725694 Z312.000000 E12.005440 F100.000
; P02 POINT 155 point-0000155 deposition
G1 A0.000000 C0.000000 X275.294668 Y219.352492 Z312.000000 E12.122370 F100.000
; P02 POINT 156 point-0000156 deposition
G1 A0.000000 C0.000000 X274.828328 Y219.979290 Z312.000000 E12.239300 F100.000
; P02 POINT 157 point-0000157 deposition
G1 A0.000000 C0.000000 X274.361988 Y220.606088 Z312.000000 E12.356230 F100.000
; P02 POINT 158 point-0000158 deposition
G1 A0.000000 C0.000000 X273.895648 Y221.232886 Z312.000000 E12.473160 F100.000
; P02 POINT 159 point-0000159 deposition
G1 A0.000000 C0.000000 X273.429308 Y221.859684 Z312.000000 E12.590089 F100.000
; P02 POINT 160 point-0000160 deposition
G1 A0.000000 C0.000000 X272.962968 Y222.486482 Z312.000000 E12.707019 F100.000
; P02 POINT 161 point-0000161 deposition
G1 A0.000000 C0.000000 X272.496628 Y223.113280 Z312.000000 E12.823949 F100.000
; P02 POINT 162 point-0000162 deposition
G1 A0.000000 C0.000000 X272.030289 Y223.740078 Z312.000000 E12.940879 F100.000
; P02 POINT 163 point-0000163 deposition
G1 A0.000000 C0.000000 X271.563949 Y224.366876 Z312.000000 E13.057809 F100.000
; P02 POINT 164 point-0000164 deposition
G1 A0.000000 C0.000000 X271.097609 Y224.993674 Z312.000000 E13.174739 F100.000
; P02 POINT 165 point-0000165 deposition
G1 A0.000000 C0.000000 X270.631269 Y225.620472 Z312.000000 E13.291669 F100.000
; P02 POINT 166 point-0000166 deposition
G1 A0.000000 C0.000000 X270.164929 Y226.247270 Z312.000000 E13.408599 F100.000
; P02 POINT 167 point-0000167 deposition
G1 A0.000000 C0.000000 X269.698589 Y226.874068 Z312.000000 E13.525528 F100.000
; P02 POINT 168 point-0000168 deposition
G1 A0.000000 C0.000000 X269.232249 Y227.500866 Z312.000000 E13.642458 F100.000
; P02 POINT 169 point-0000169 deposition
G1 A0.000000 C0.000000 X268.765910 Y228.127664 Z312.000000 E13.759388 F100.000
; P02 POINT 170 point-0000170 deposition
G1 A0.000000 C0.000000 X268.299570 Y228.754462 Z312.000000 E13.876318 F100.000
; P02 POINT 171 point-0000171 deposition
G1 A0.000000 C0.000000 X267.833230 Y229.381260 Z312.000000 E13.993248 F100.000
; P02 POINT 172 point-0000172 deposition
G1 A0.000000 C0.000000 X267.366890 Y230.008058 Z312.000000 E14.110178 F100.000
; P02 POINT 173 point-0000173 deposition
G1 A0.000000 C0.000000 X266.900550 Y230.634856 Z312.000000 E14.227108 F100.000
; P02 POINT 174 point-0000174 deposition
G1 A0.000000 C0.000000 X266.434210 Y231.261654 Z312.000000 E14.344038 F100.000
; P02 POINT 175 point-0000175 deposition
G1 A0.000000 C0.000000 X265.967870 Y231.888452 Z312.000000 E14.460967 F100.000
; P02 POINT 176 point-0000176 deposition
G1 A0.000000 C0.000000 X265.501531 Y232.515250 Z312.000000 E14.577897 F100.000
; P02 POINT 177 point-0000177 deposition
G1 A0.000000 C0.000000 X265.035191 Y233.142048 Z312.000000 E14.694827 F100.000
; P02 POINT 178 point-0000178 deposition
G1 A0.000000 C0.000000 X264.568851 Y233.768846 Z312.000000 E14.811757 F100.000
; P02 POINT 179 point-0000179 deposition
G1 A0.000000 C0.000000 X264.102511 Y234.395644 Z312.000000 E14.928687 F100.000
; P02 POINT 180 point-0000180 deposition
G1 A0.000000 C0.000000 X263.636171 Y235.022442 Z312.000000 E15.045617 F100.000
; P02 POINT 181 point-0000181 deposition
G1 A0.000000 C0.000000 X263.169831 Y235.649240 Z312.000000 E15.162547 F100.000
; P02 POINT 182 point-0000182 deposition
G1 A0.000000 C0.000000 X262.703491 Y236.276038 Z312.000000 E15.279477 F100.000
; P02 POINT 183 point-0000183 deposition
G1 A0.000000 C0.000000 X262.237152 Y236.902836 Z312.000000 E15.396406 F100.000
; P02 POINT 184 point-0000184 deposition
G1 A0.000000 C0.000000 X261.770812 Y237.529634 Z312.000000 E15.513336 F100.000
; P02 POINT 185 point-0000185 deposition
G1 A0.000000 C0.000000 X261.304472 Y238.156432 Z312.000000 E15.630266 F100.000
; P02 POINT 186 point-0000186 deposition
G1 A0.000000 C0.000000 X260.838132 Y238.783230 Z312.000000 E15.747196 F100.000
; P02 POINT 187 point-0000187 deposition
G1 A0.000000 C0.000000 X260.371792 Y239.410028 Z312.000000 E15.864126 F100.000
; P02 POINT 188 point-0000188 deposition
G1 A0.000000 C0.000000 X259.905452 Y240.036826 Z312.000000 E15.981056 F100.000
; P02 POINT 189 point-0000189 deposition
G1 A0.000000 C0.000000 X259.439112 Y240.663624 Z312.000000 E16.097986 F100.000
; P02 POINT 190 point-0000190 deposition
G1 A0.000000 C0.000000 X258.972773 Y241.290422 Z312.000000 E16.214916 F100.000
; P02 POINT 191 point-0000191 deposition
G1 A0.000000 C0.000000 X258.506433 Y241.917220 Z312.000000 E16.331845 F100.000
; P02 POINT 192 point-0000192 deposition
G1 A0.000000 C0.000000 X258.040093 Y242.544018 Z312.000000 E16.448775 F100.000
; P02 POINT 193 point-0000193 deposition
G1 A0.000000 C0.000000 X257.573753 Y243.170816 Z312.000000 E16.565705 F100.000
; P02 POINT 194 point-0000194 deposition
G1 A0.000000 C0.000000 X257.523612 Y243.133510 Z312.000000 E16.575059 F100.000
; P02 POINT 195 point-0000195 deposition
G1 A0.000000 C0.000000 X257.473468 Y243.096203 Z312.000000 E16.584414 F100.000
; P02 POINT 196 point-0000196 deposition
G1 A0.000000 C0.000000 X257.423324 Y243.058896 Z312.000000 E16.593768 F100.000
; P02 POINT 197 point-0000197 deposition
G1 A0.000000 C0.000000 X257.373180 Y243.021589 Z312.000000 E16.603122 F100.000
; P02 POINT 198 point-0000198 deposition
G1 A0.000000 C0.000000 X257.323036 Y242.984281 Z312.000000 E16.612477 F100.000
; P02 POINT 199 point-0000199 deposition
G1 A0.000000 C0.000000 X257.272893 Y242.946974 Z312.000000 E16.621831 F100.000
; P02 POINT 200 point-0000200 deposition
G1 A0.000000 C0.000000 X257.222749 Y242.909667 Z312.000000 E16.631186 F100.000
; P02 POINT 201 point-0000201 deposition
G1 A0.000000 C0.000000 X257.172605 Y242.872360 Z312.000000 E16.640540 F100.000
; P02 POINT 202 point-0000202 deposition
G1 A0.000000 C0.000000 X257.122461 Y242.835053 Z312.000000 E16.649894 F100.000
; P02 POINT 203 point-0000203 deposition
G1 A0.000000 C0.000000 X257.072317 Y242.797745 Z312.000000 E16.659249 F100.000
; P02 POINT 204 point-0000204 deposition
G1 A0.000000 C0.000000 X257.022173 Y242.760438 Z312.000000 E16.668603 F100.000
; P02 POINT 205 point-0000205 deposition
G1 A0.000000 C0.000000 X256.972030 Y242.723131 Z312.000000 E16.677957 F100.000
; P02 POINT 206 point-0000206 deposition
G1 A0.000000 C0.000000 X256.921886 Y242.685824 Z312.000000 E16.687312 F100.000
; P02 POINT 207 point-0000207 deposition
G1 A0.000000 C0.000000 X256.871742 Y242.648516 Z312.000000 E16.696666 F100.000
; P02 POINT 208 point-0000208 deposition
G1 A0.000000 C0.000000 X256.821598 Y242.611209 Z312.000000 E16.706021 F100.000
; P02 POINT 209 point-0000209 deposition
G1 A0.000000 C0.000000 X256.771454 Y242.573902 Z312.000000 E16.715375 F100.000
; P02 POINT 210 point-0000210 deposition
G1 A0.000000 C0.000000 X256.721310 Y242.536595 Z312.000000 E16.724729 F100.000
; P02 POINT 211 point-0000211 deposition
G1 A0.000000 C0.000000 X256.671167 Y242.499288 Z312.000000 E16.734084 F100.000
; P02 POINT 212 point-0000212 deposition
G1 A0.000000 C0.000000 X256.621023 Y242.461980 Z312.000000 E16.743438 F100.000
; P02 POINT 213 point-0000213 deposition
G1 A0.000000 C0.000000 X256.570879 Y242.424673 Z312.000000 E16.752793 F100.000
; P02 POINT 214 point-0000214 deposition
G1 A0.000000 C0.000000 X256.520735 Y242.387366 Z312.000000 E16.762147 F100.000
; P02 POINT 215 point-0000215 deposition
G1 A0.000000 C0.000000 X256.470591 Y242.350059 Z312.000000 E16.771501 F100.000
; P02 POINT 216 point-0000216 deposition
G1 A0.000000 C0.000000 X256.420447 Y242.312752 Z312.000000 E16.780856 F100.000
; P02 POINT 217 point-0000217 deposition
G1 A0.000000 C0.000000 X256.370304 Y242.275444 Z312.000000 E16.790210 F100.000
; P02 POINT 218 point-0000218 deposition
G1 A0.000000 C0.000000 X256.320160 Y242.238137 Z312.000000 E16.799565 F100.000
; P02 POINT 219 point-0000219 deposition
G1 A0.000000 C0.000000 X256.270016 Y242.200830 Z312.000000 E16.808919 F100.000
; P02 POINT 220 point-0000220 deposition
G1 A0.000000 C0.000000 X256.219872 Y242.163523 Z312.000000 E16.818273 F100.000
; P02 POINT 221 point-0000221 deposition
G1 A0.000000 C0.000000 X256.169728 Y242.126216 Z312.000000 E16.827628 F100.000
; P02 POINT 222 point-0000222 deposition
G1 A0.000000 C0.000000 X256.119584 Y242.088908 Z312.000000 E16.836982 F100.000
; P02 POINT 223 point-0000223 deposition
G1 A0.000000 C0.000000 X256.069441 Y242.051601 Z312.000000 E16.846337 F100.000
; P02 POINT 224 point-0000224 deposition
G1 A0.000000 C0.000000 X256.019297 Y242.014294 Z312.000000 E16.855691 F100.000
; P02 POINT 225 point-0000225 deposition
G1 A0.000000 C0.000000 X255.969153 Y241.976987 Z312.000000 E16.865045 F100.000
; P02 POINT 226 point-0000226 deposition
G1 A0.000000 C0.000000 X255.919009 Y241.939680 Z312.000000 E16.874400 F100.000
; P02 POINT 227 point-0000227 deposition
G1 A0.000000 C0.000000 X255.868865 Y241.902372 Z312.000000 E16.883754 F100.000
; P02 POINT 228 point-0000228 deposition
G1 A0.000000 C0.000000 X255.818721 Y241.865065 Z312.000000 E16.893108 F100.000
; P02 POINT 229 point-0000229 deposition
G1 A0.000000 C0.000000 X255.768578 Y241.827758 Z312.000000 E16.902463 F100.000
; P02 POINT 230 point-0000230 deposition
G1 A0.000000 C0.000000 X255.718434 Y241.790451 Z312.000000 E16.911817 F100.000
; P02 POINT 231 point-0000231 deposition
G1 A0.000000 C0.000000 X255.668290 Y241.753144 Z312.000000 E16.921172 F100.000
; P02 POINT 232 point-0000232 deposition
G1 A0.000000 C0.000000 X255.618146 Y241.715836 Z312.000000 E16.930526 F100.000
; P02 POINT 233 point-0000233 deposition
G1 A0.000000 C0.000000 X255.568002 Y241.678529 Z312.000000 E16.939880 F100.000
; P02 POINT 234 point-0000234 deposition
G1 A0.000000 C0.000000 X255.517858 Y241.641222 Z312.000000 E16.949235 F100.000
; P02 POINT 235 point-0000235 deposition
G1 A0.000000 C0.000000 X255.467715 Y241.603915 Z312.000000 E16.958589 F100.000
; P02 POINT 236 point-0000236 deposition
G1 A0.000000 C0.000000 X255.417571 Y241.566608 Z312.000000 E16.967944 F100.000
; P02 POINT 237 point-0000237 deposition
G1 A0.000000 C0.000000 X255.367427 Y241.529300 Z312.000000 E16.977298 F100.000
; P02 POINT 238 point-0000238 deposition
G1 A0.000000 C0.000000 X255.317283 Y241.491993 Z312.000000 E16.986652 F100.000
; P02 POINT 239 point-0000239 deposition
G1 A0.000000 C0.000000 X255.267139 Y241.454686 Z312.000000 E16.996007 F100.000
; P02 POINT 240 point-0000240 deposition
G1 A0.000000 C0.000000 X255.216995 Y241.417379 Z312.000000 E17.005361 F100.000
; P02 POINT 241 point-0000241 deposition
G1 A0.000000 C0.000000 X255.166852 Y241.380071 Z312.000000 E17.014716 F100.000
; P02 POINT 242 point-0000242 deposition
G1 A0.000000 C0.000000 X255.116708 Y241.342764 Z312.000000 E17.024070 F100.000
; P02 POINT 243 point-0000243 deposition
G1 A0.000000 C0.000000 X255.066564 Y241.305457 Z312.000000 E17.033424 F100.000
; P02 POINT 244 point-0000244 deposition
G1 A0.000000 C0.000000 X255.016420 Y241.268150 Z312.000000 E17.042779 F100.000
; P02 POINT 245 point-0000245 deposition
G1 A0.000000 C0.000000 X254.966276 Y241.230843 Z312.000000 E17.052133 F100.000
; P02 POINT 246 point-0000246 deposition
G1 A0.000000 C0.000000 X254.916132 Y241.193535 Z312.000000 E17.061487 F100.000
; P02 POINT 247 point-0000247 deposition
G1 A0.000000 C0.000000 X254.865989 Y241.156228 Z312.000000 E17.070842 F100.000
; P02 POINT 248 point-0000248 deposition
G1 A0.000000 C0.000000 X254.815845 Y241.118921 Z312.000000 E17.080196 F100.000
; P02 POINT 249 point-0000249 deposition
G1 A0.000000 C0.000000 X254.765701 Y241.081614 Z312.000000 E17.089551 F100.000
; P02 POINT 250 point-0000250 deposition
G1 A0.000000 C0.000000 X254.715557 Y241.044307 Z312.000000 E17.098905 F100.000
; P02 POINT 251 point-0000251 deposition
G1 A0.000000 C0.000000 X254.665413 Y241.006999 Z312.000000 E17.108259 F100.000
; P02 POINT 252 point-0000252 deposition
G1 A0.000000 C0.000000 X254.615269 Y240.969692 Z312.000000 E17.117614 F100.000
; P02 POINT 253 point-0000253 deposition
G1 A0.000000 C0.000000 X254.565126 Y240.932385 Z312.000000 E17.126968 F100.000
; P02 POINT 254 point-0000254 deposition
G1 A0.000000 C0.000000 X254.514982 Y240.895078 Z312.000000 E17.136323 F100.000
; P02 POINT 255 point-0000255 deposition
G1 A0.000000 C0.000000 X254.464838 Y240.857771 Z312.000000 E17.145677 F100.000
; P02 POINT 256 point-0000256 deposition
G1 A0.000000 C0.000000 X254.414694 Y240.820463 Z312.000000 E17.155031 F100.000
; P02 POINT 257 point-0000257 deposition
G1 A0.000000 C0.000000 X254.364547 Y240.783156 Z312.000000 E17.164386 F100.000
; P02 EVENT event-0000002 retract
G1 E16.164386 F100.000
; P02 POINT 258 point-0000258 travel
G1 A0.000000 C0.000000 X283.987097 Y200.968084 Z312.000000 F100.000
; P02 EVENT event-0000003 prime
G1 E17.164386 F100.000
; P02 POINT 259 point-0000259 deposition
G1 A0.000000 C0.000000 X284.613522 Y200.968084 Z312.000000 E17.258144 F100.000
; P02 EVENT event-0000004 retract
G1 E16.258144 F100.000
; P02 POINT 260 point-0000260 travel
G1 A0.000000 C0.000000 X285.419970 Y201.568084 Z312.000000 F100.000
; P02 EVENT event-0000005 prime
G1 E17.258144 F100.000
; P02 POINT 261 point-0000261 deposition
G1 A0.000000 C0.000000 X283.540695 Y201.568084 Z312.000000 E17.539416 F100.000
; P02 EVENT event-0000006 retract
G1 E16.539416 F100.000
; P02 POINT 262 point-0000262 travel
G1 A0.000000 C0.000000 X283.094293 Y202.168084 Z312.000000 F100.000
; P02 EVENT event-0000007 prime
G1 E17.539416 F100.000
; P02 POINT 263 point-0000263 deposition
G1 A0.000000 C0.000000 X286.226418 Y202.168084 Z312.000000 E18.008203 F100.000
; P02 EVENT event-0000008 retract
G1 E17.008203 F100.000
; P02 POINT 264 point-0000264 travel
G1 A0.000000 C0.000000 X287.032866 Y202.768084 Z312.000000 F100.000
; P02 EVENT event-0000009 prime
G1 E18.008203 F100.000
; P02 POINT 265 point-0000265 deposition
G1 A0.000000 C0.000000 X282.647891 Y202.768084 Z312.000000 E18.664505 F100.000
; P02 EVENT event-0000010 retract
G1 E17.664505 F100.000
; P02 POINT 266 point-0000266 travel
G1 A0.000000 C0.000000 X282.201489 Y203.368084 Z312.000000 F100.000
; P02 EVENT event-0000011 prime
G1 E18.664505 F100.000
; P02 POINT 267 point-0000267 deposition
G1 A0.000000 C0.000000 X287.187122 Y203.368084 Z312.000000 E19.410707 F100.000
; P02 EVENT event-0000012 retract
G1 E18.410707 F100.000
; P02 POINT 268 point-0000268 travel
G1 A0.000000 C0.000000 X286.740720 Y203.968084 Z312.000000 F100.000
; P02 EVENT event-0000013 prime
G1 E19.410707 F100.000
; P02 POINT 269 point-0000269 deposition
G1 A0.000000 C0.000000 X281.755087 Y203.968084 Z312.000000 E20.156910 F100.000
; P02 EVENT event-0000014 retract
G1 E19.156910 F100.000
; P02 POINT 270 point-0000270 travel
G1 A0.000000 C0.000000 X281.308685 Y204.568084 Z312.000000 F100.000
; P02 EVENT event-0000015 prime
G1 E20.156910 F100.000
; P02 POINT 271 point-0000271 deposition
G1 A0.000000 C0.000000 X286.294318 Y204.568084 Z312.000000 E20.903113 F100.000
; P02 EVENT event-0000016 retract
G1 E19.903113 F100.000
; P02 POINT 272 point-0000272 travel
G1 A0.000000 C0.000000 X285.847916 Y205.168084 Z312.000000 F100.000
; P02 EVENT event-0000017 prime
G1 E20.903113 F100.000
; P02 POINT 273 point-0000273 deposition
G1 A0.000000 C0.000000 X280.862283 Y205.168084 Z312.000000 E21.649316 F100.000
; P02 EVENT event-0000018 retract
G1 E20.649316 F100.000
; P02 POINT 274 point-0000274 travel
G1 A0.000000 C0.000000 X280.415881 Y205.768084 Z312.000000 F100.000
; P02 EVENT event-0000019 prime
G1 E21.649316 F100.000
; P02 POINT 275 point-0000275 deposition
G1 A0.000000 C0.000000 X285.401514 Y205.768084 Z312.000000 E22.395518 F100.000
; P02 EVENT event-0000020 retract
G1 E21.395518 F100.000
; P02 POINT 276 point-0000276 travel
G1 A0.000000 C0.000000 X284.955112 Y206.368084 Z312.000000 F100.000
; P02 EVENT event-0000021 prime
G1 E22.395518 F100.000
; P02 POINT 277 point-0000277 deposition
G1 A0.000000 C0.000000 X279.969479 Y206.368084 Z312.000000 E23.141721 F100.000
; P02 EVENT event-0000022 retract
G1 E22.141721 F100.000
; P02 POINT 278 point-0000278 travel
G1 A0.000000 C0.000000 X279.523076 Y206.968084 Z312.000000 F100.000
; P02 EVENT event-0000023 prime
G1 E23.141721 F100.000
; P02 POINT 279 point-0000279 deposition
G1 A0.000000 C0.000000 X284.508709 Y206.968084 Z312.000000 E23.887924 F100.000
; P02 EVENT event-0000024 retract
G1 E22.887924 F100.000
; P02 POINT 280 point-0000280 travel
G1 A0.000000 C0.000000 X284.062307 Y207.568084 Z312.000000 F100.000
; P02 EVENT event-0000025 prime
G1 E23.887924 F100.000
; P02 POINT 281 point-0000281 deposition
G1 A0.000000 C0.000000 X279.076674 Y207.568084 Z312.000000 E24.634126 F100.000
; P02 EVENT event-0000026 retract
G1 E23.634126 F100.000
; P02 POINT 282 point-0000282 travel
G1 A0.000000 C0.000000 X278.630272 Y208.168084 Z312.000000 F100.000
; P02 EVENT event-0000027 prime
G1 E24.634126 F100.000
; P02 POINT 283 point-0000283 deposition
G1 A0.000000 C0.000000 X283.615905 Y208.168084 Z312.000000 E25.380329 F100.000
; P02 EVENT event-0000028 retract
G1 E24.380329 F100.000
; P02 POINT 284 point-0000284 travel
G1 A0.000000 C0.000000 X283.169503 Y208.768084 Z312.000000 F100.000
; P02 EVENT event-0000029 prime
G1 E25.380329 F100.000
; P02 POINT 285 point-0000285 deposition
G1 A0.000000 C0.000000 X278.183870 Y208.768084 Z312.000000 E26.126532 F100.000
; P02 EVENT event-0000030 retract
G1 E25.126532 F100.000
; P02 POINT 286 point-0000286 travel
G1 A0.000000 C0.000000 X277.737468 Y209.368084 Z312.000000 F100.000
; P02 EVENT event-0000031 prime
G1 E26.126532 F100.000
; P02 POINT 287 point-0000287 deposition
G1 A0.000000 C0.000000 X282.723101 Y209.368084 Z312.000000 E26.872735 F100.000
; P02 EVENT event-0000032 retract
G1 E25.872735 F100.000
; P02 POINT 288 point-0000288 travel
G1 A0.000000 C0.000000 X282.276699 Y209.968084 Z312.000000 F100.000
; P02 EVENT event-0000033 prime
G1 E26.872735 F100.000
; P02 POINT 289 point-0000289 deposition
G1 A0.000000 C0.000000 X277.291066 Y209.968084 Z312.000000 E27.618937 F100.000
; P02 EVENT event-0000034 retract
G1 E26.618937 F100.000
; P02 POINT 290 point-0000290 travel
G1 A0.000000 C0.000000 X276.844664 Y210.568084 Z312.000000 F100.000
; P02 EVENT event-0000035 prime
G1 E27.618937 F100.000
; P02 POINT 291 point-0000291 deposition
G1 A0.000000 C0.000000 X281.830297 Y210.568084 Z312.000000 E28.365140 F100.000
; P02 EVENT event-0000036 retract
G1 E27.365140 F100.000
; P02 POINT 292 point-0000292 travel
G1 A0.000000 C0.000000 X281.383895 Y211.168084 Z312.000000 F100.000
; P02 EVENT event-0000037 prime
G1 E28.365140 F100.000
; P02 POINT 293 point-0000293 deposition
G1 A0.000000 C0.000000 X276.398262 Y211.168084 Z312.000000 E29.111343 F100.000
; P02 EVENT event-0000038 retract
G1 E28.111343 F100.000
; P02 POINT 294 point-0000294 travel
G1 A0.000000 C0.000000 X275.951860 Y211.768084 Z312.000000 F100.000
; P02 EVENT event-0000039 prime
G1 E29.111343 F100.000
; P02 POINT 295 point-0000295 deposition
G1 A0.000000 C0.000000 X280.937493 Y211.768084 Z312.000000 E29.857546 F100.000
; P02 EVENT event-0000040 retract
G1 E28.857546 F100.000
; P02 POINT 296 point-0000296 travel
G1 A0.000000 C0.000000 X280.491091 Y212.368084 Z312.000000 F100.000
; P02 EVENT event-0000041 prime
G1 E29.857546 F100.000
; P02 POINT 297 point-0000297 deposition
G1 A0.000000 C0.000000 X275.505458 Y212.368084 Z312.000000 E30.603748 F100.000
; P02 EVENT event-0000042 retract
G1 E29.603748 F100.000
; P02 POINT 298 point-0000298 travel
G1 A0.000000 C0.000000 X275.059056 Y212.968084 Z312.000000 F100.000
; P02 EVENT event-0000043 prime
G1 E30.603748 F100.000
; P02 POINT 299 point-0000299 deposition
G1 A0.000000 C0.000000 X280.044689 Y212.968084 Z312.000000 E31.349951 F100.000
; P02 EVENT event-0000044 retract
G1 E30.349951 F100.000
; P02 POINT 300 point-0000300 travel
G1 A0.000000 C0.000000 X279.598287 Y213.568084 Z312.000000 F100.000
; P02 EVENT event-0000045 prime
G1 E31.349951 F100.000
; P02 POINT 301 point-0000301 deposition
G1 A0.000000 C0.000000 X274.612654 Y213.568084 Z312.000000 E32.096154 F100.000
; P02 EVENT event-0000046 retract
G1 E31.096154 F100.000
; P02 POINT 302 point-0000302 travel
G1 A0.000000 C0.000000 X274.166252 Y214.168084 Z312.000000 F100.000
; P02 EVENT event-0000047 prime
G1 E32.096154 F100.000
; P02 POINT 303 point-0000303 deposition
G1 A0.000000 C0.000000 X279.151885 Y214.168084 Z312.000000 E32.842356 F100.000
; P02 EVENT event-0000048 retract
G1 E31.842356 F100.000
; P02 POINT 304 point-0000304 travel
G1 A0.000000 C0.000000 X278.705483 Y214.768084 Z312.000000 F100.000
; P02 EVENT event-0000049 prime
G1 E32.842356 F100.000
; P02 POINT 305 point-0000305 deposition
G1 A0.000000 C0.000000 X273.719850 Y214.768084 Z312.000000 E33.588559 F100.000
; P02 EVENT event-0000050 retract
G1 E32.588559 F100.000
; P02 POINT 306 point-0000306 travel
G1 A0.000000 C0.000000 X273.273448 Y215.368084 Z312.000000 F100.000
; P02 EVENT event-0000051 prime
G1 E33.588559 F100.000
; P02 POINT 307 point-0000307 deposition
G1 A0.000000 C0.000000 X278.259081 Y215.368084 Z312.000000 E34.334762 F100.000
; P02 EVENT event-0000052 retract
G1 E33.334762 F100.000
; P02 POINT 308 point-0000308 travel
G1 A0.000000 C0.000000 X277.812679 Y215.968084 Z312.000000 F100.000
; P02 EVENT event-0000053 prime
G1 E34.334762 F100.000
; P02 POINT 309 point-0000309 deposition
G1 A0.000000 C0.000000 X272.827046 Y215.968084 Z312.000000 E35.080965 F100.000
; P02 EVENT event-0000054 retract
G1 E34.080965 F100.000
; P02 POINT 310 point-0000310 travel
G1 A0.000000 C0.000000 X272.380644 Y216.568084 Z312.000000 F100.000
; P02 EVENT event-0000055 prime
G1 E35.080965 F100.000
; P02 POINT 311 point-0000311 deposition
G1 A0.000000 C0.000000 X277.366277 Y216.568084 Z312.000000 E35.827167 F100.000
; P02 EVENT event-0000056 retract
G1 E34.827167 F100.000
; P02 POINT 312 point-0000312 travel
G1 A0.000000 C0.000000 X276.919874 Y217.168084 Z312.000000 F100.000
; P02 EVENT event-0000057 prime
G1 E35.827167 F100.000
; P02 POINT 313 point-0000313 deposition
G1 A0.000000 C0.000000 X271.934241 Y217.168084 Z312.000000 E36.573370 F100.000
; P02 EVENT event-0000058 retract
G1 E35.573370 F100.000
; P02 POINT 314 point-0000314 travel
G1 A0.000000 C0.000000 X271.487839 Y217.768084 Z312.000000 F100.000
; P02 EVENT event-0000059 prime
G1 E36.573370 F100.000
; P02 POINT 315 point-0000315 deposition
G1 A0.000000 C0.000000 X276.473472 Y217.768084 Z312.000000 E37.319573 F100.000
; P02 EVENT event-0000060 retract
G1 E36.319573 F100.000
; P02 POINT 316 point-0000316 travel
G1 A0.000000 C0.000000 X276.027070 Y218.368084 Z312.000000 F100.000
; P02 EVENT event-0000061 prime
G1 E37.319573 F100.000
; P02 POINT 317 point-0000317 deposition
G1 A0.000000 C0.000000 X271.041437 Y218.368084 Z312.000000 E38.065775 F100.000
; P02 EVENT event-0000062 retract
G1 E37.065775 F100.000
; P02 POINT 318 point-0000318 travel
G1 A0.000000 C0.000000 X270.595035 Y218.968084 Z312.000000 F100.000
; P02 EVENT event-0000063 prime
G1 E38.065775 F100.000
; P02 POINT 319 point-0000319 deposition
G1 A0.000000 C0.000000 X275.580668 Y218.968084 Z312.000000 E38.811978 F100.000
; P02 EVENT event-0000064 retract
G1 E37.811978 F100.000
; P02 POINT 320 point-0000320 travel
G1 A0.000000 C0.000000 X275.134266 Y219.568084 Z312.000000 F100.000
; P02 EVENT event-0000065 prime
G1 E38.811978 F100.000
; P02 POINT 321 point-0000321 deposition
G1 A0.000000 C0.000000 X270.148633 Y219.568084 Z312.000000 E39.558181 F100.000
; P02 EVENT event-0000066 retract
G1 E38.558181 F100.000
; P02 POINT 322 point-0000322 travel
G1 A0.000000 C0.000000 X269.702231 Y220.168084 Z312.000000 F100.000
; P02 EVENT event-0000067 prime
G1 E39.558181 F100.000
; P02 POINT 323 point-0000323 deposition
G1 A0.000000 C0.000000 X274.687864 Y220.168084 Z312.000000 E40.304384 F100.000
; P02 EVENT event-0000068 retract
G1 E39.304384 F100.000
; P02 POINT 324 point-0000324 travel
G1 A0.000000 C0.000000 X274.241462 Y220.768084 Z312.000000 F100.000
; P02 EVENT event-0000069 prime
G1 E40.304384 F100.000
; P02 POINT 325 point-0000325 deposition
G1 A0.000000 C0.000000 X269.255829 Y220.768084 Z312.000000 E41.050586 F100.000
; P02 EVENT event-0000070 retract
G1 E40.050586 F100.000
; P02 POINT 326 point-0000326 travel
G1 A0.000000 C0.000000 X268.809427 Y221.368084 Z312.000000 F100.000
; P02 EVENT event-0000071 prime
G1 E41.050586 F100.000
; P02 POINT 327 point-0000327 deposition
G1 A0.000000 C0.000000 X273.795060 Y221.368084 Z312.000000 E41.796789 F100.000
; P02 EVENT event-0000072 retract
G1 E40.796789 F100.000
; P02 POINT 328 point-0000328 travel
G1 A0.000000 C0.000000 X273.348658 Y221.968084 Z312.000000 F100.000
; P02 EVENT event-0000073 prime
G1 E41.796789 F100.000
; P02 POINT 329 point-0000329 deposition
G1 A0.000000 C0.000000 X268.363025 Y221.968084 Z312.000000 E42.542992 F100.000
; P02 EVENT event-0000074 retract
G1 E41.542992 F100.000
; P02 POINT 330 point-0000330 travel
G1 A0.000000 C0.000000 X267.916623 Y222.568084 Z312.000000 F100.000
; P02 EVENT event-0000075 prime
G1 E42.542992 F100.000
; P02 POINT 331 point-0000331 deposition
G1 A0.000000 C0.000000 X272.902256 Y222.568084 Z312.000000 E43.289194 F100.000
; P02 EVENT event-0000076 retract
G1 E42.289194 F100.000
; P02 POINT 332 point-0000332 travel
G1 A0.000000 C0.000000 X272.455854 Y223.168084 Z312.000000 F100.000
; P02 EVENT event-0000077 prime
G1 E43.289194 F100.000
; P02 POINT 333 point-0000333 deposition
G1 A0.000000 C0.000000 X267.470221 Y223.168084 Z312.000000 E44.035397 F100.000
; P02 EVENT event-0000078 retract
G1 E43.035397 F100.000
; P02 POINT 334 point-0000334 travel
G1 A0.000000 C0.000000 X267.023819 Y223.768084 Z312.000000 F100.000
; P02 EVENT event-0000079 prime
G1 E44.035397 F100.000
; P02 POINT 335 point-0000335 deposition
G1 A0.000000 C0.000000 X272.009452 Y223.768084 Z312.000000 E44.781600 F100.000
; P02 EVENT event-0000080 retract
G1 E43.781600 F100.000
; P02 POINT 336 point-0000336 travel
G1 A0.000000 C0.000000 X271.563050 Y224.368084 Z312.000000 F100.000
; P02 EVENT event-0000081 prime
G1 E44.781600 F100.000
; P02 POINT 337 point-0000337 deposition
G1 A0.000000 C0.000000 X266.577417 Y224.368084 Z312.000000 E45.527803 F100.000
; P02 EVENT event-0000082 retract
G1 E44.527803 F100.000
; P02 POINT 338 point-0000338 travel
G1 A0.000000 C0.000000 X266.131015 Y224.968084 Z312.000000 F100.000
; P02 EVENT event-0000083 prime
G1 E45.527803 F100.000
; P02 POINT 339 point-0000339 deposition
G1 A0.000000 C0.000000 X271.116648 Y224.968084 Z312.000000 E46.274005 F100.000
; P02 EVENT event-0000084 retract
G1 E45.274005 F100.000
; P02 POINT 340 point-0000340 travel
G1 A0.000000 C0.000000 X270.670246 Y225.568084 Z312.000000 F100.000
; P02 EVENT event-0000085 prime
G1 E46.274005 F100.000
; P02 POINT 341 point-0000341 deposition
G1 A0.000000 C0.000000 X265.684613 Y225.568084 Z312.000000 E47.020208 F100.000
; P02 EVENT event-0000086 retract
G1 E46.020208 F100.000
; P02 POINT 342 point-0000342 travel
G1 A0.000000 C0.000000 X265.238211 Y226.168084 Z312.000000 F100.000
; P02 EVENT event-0000087 prime
G1 E47.020208 F100.000
; P02 POINT 343 point-0000343 deposition
G1 A0.000000 C0.000000 X270.223844 Y226.168084 Z312.000000 E47.766411 F100.000
; P02 EVENT event-0000088 retract
G1 E46.766411 F100.000
; P02 POINT 344 point-0000344 travel
G1 A0.000000 C0.000000 X269.777442 Y226.768084 Z312.000000 F100.000
; P02 EVENT event-0000089 prime
G1 E47.766411 F100.000
; P02 POINT 345 point-0000345 deposition
G1 A0.000000 C0.000000 X264.791809 Y226.768084 Z312.000000 E48.512614 F100.000
; P02 EVENT event-0000090 retract
G1 E47.512614 F100.000
; P02 POINT 346 point-0000346 travel
G1 A0.000000 C0.000000 X264.345406 Y227.368084 Z312.000000 F100.000
; P02 EVENT event-0000091 prime
G1 E48.512614 F100.000
; P02 POINT 347 point-0000347 deposition
G1 A0.000000 C0.000000 X269.331039 Y227.368084 Z312.000000 E49.258816 F100.000
; P02 EVENT event-0000092 retract
G1 E48.258816 F100.000
; P02 POINT 348 point-0000348 travel
G1 A0.000000 C0.000000 X268.884637 Y227.968084 Z312.000000 F100.000
; P02 EVENT event-0000093 prime
G1 E49.258816 F100.000
; P02 POINT 349 point-0000349 deposition
G1 A0.000000 C0.000000 X263.899004 Y227.968084 Z312.000000 E50.005019 F100.000
; P02 EVENT event-0000094 retract
G1 E49.005019 F100.000
; P02 POINT 350 point-0000350 travel
G1 A0.000000 C0.000000 X263.452602 Y228.568084 Z312.000000 F100.000
; P02 EVENT event-0000095 prime
G1 E50.005019 F100.000
; P02 POINT 351 point-0000351 deposition
G1 A0.000000 C0.000000 X268.438235 Y228.568084 Z312.000000 E50.751222 F100.000
; P02 EVENT event-0000096 retract
G1 E49.751222 F100.000
; P02 POINT 352 point-0000352 travel
G1 A0.000000 C0.000000 X267.991833 Y229.168084 Z312.000000 F100.000
; P02 EVENT event-0000097 prime
G1 E50.751222 F100.000
; P02 POINT 353 point-0000353 deposition
G1 A0.000000 C0.000000 X263.006200 Y229.168084 Z312.000000 E51.497424 F100.000
; P02 EVENT event-0000098 retract
G1 E50.497424 F100.000
; P02 POINT 354 point-0000354 travel
G1 A0.000000 C0.000000 X262.559798 Y229.768084 Z312.000000 F100.000
; P02 EVENT event-0000099 prime
G1 E51.497424 F100.000
; P02 POINT 355 point-0000355 deposition
G1 A0.000000 C0.000000 X267.545431 Y229.768084 Z312.000000 E52.243627 F100.000
; P02 EVENT event-0000100 retract
G1 E51.243627 F100.000
; P02 POINT 356 point-0000356 travel
G1 A0.000000 C0.000000 X267.099029 Y230.368084 Z312.000000 F100.000
; P02 EVENT event-0000101 prime
G1 E52.243627 F100.000
; P02 POINT 357 point-0000357 deposition
G1 A0.000000 C0.000000 X262.113396 Y230.368084 Z312.000000 E52.989830 F100.000
; P02 EVENT event-0000102 retract
G1 E51.989830 F100.000
; P02 POINT 358 point-0000358 travel
G1 A0.000000 C0.000000 X261.666994 Y230.968084 Z312.000000 F100.000
; P02 EVENT event-0000103 prime
G1 E52.989830 F100.000
; P02 POINT 359 point-0000359 deposition
G1 A0.000000 C0.000000 X266.652627 Y230.968084 Z312.000000 E53.736033 F100.000
; P02 EVENT event-0000104 retract
G1 E52.736033 F100.000
; P02 POINT 360 point-0000360 travel
G1 A0.000000 C0.000000 X266.206225 Y231.568084 Z312.000000 F100.000
; P02 EVENT event-0000105 prime
G1 E53.736033 F100.000
; P02 POINT 361 point-0000361 deposition
G1 A0.000000 C0.000000 X261.220592 Y231.568084 Z312.000000 E54.482235 F100.000
; P02 EVENT event-0000106 retract
G1 E53.482235 F100.000
; P02 POINT 362 point-0000362 travel
G1 A0.000000 C0.000000 X260.774190 Y232.168084 Z312.000000 F100.000
; P02 EVENT event-0000107 prime
G1 E54.482235 F100.000
; P02 POINT 363 point-0000363 deposition
G1 A0.000000 C0.000000 X265.759823 Y232.168084 Z312.000000 E55.228438 F100.000
; P02 EVENT event-0000108 retract
G1 E54.228438 F100.000
; P02 POINT 364 point-0000364 travel
G1 A0.000000 C0.000000 X265.313421 Y232.768084 Z312.000000 F100.000
; P02 EVENT event-0000109 prime
G1 E55.228438 F100.000
; P02 POINT 365 point-0000365 deposition
G1 A0.000000 C0.000000 X260.327788 Y232.768084 Z312.000000 E55.974641 F100.000
; P02 EVENT event-0000110 retract
G1 E54.974641 F100.000
; P02 POINT 366 point-0000366 travel
G1 A0.000000 C0.000000 X259.881386 Y233.368084 Z312.000000 F100.000
; P02 EVENT event-0000111 prime
G1 E55.974641 F100.000
; P02 POINT 367 point-0000367 deposition
G1 A0.000000 C0.000000 X264.867019 Y233.368084 Z312.000000 E56.720843 F100.000
; P02 EVENT event-0000112 retract
G1 E55.720843 F100.000
; P02 POINT 368 point-0000368 travel
G1 A0.000000 C0.000000 X264.420617 Y233.968084 Z312.000000 F100.000
; P02 EVENT event-0000113 prime
G1 E56.720843 F100.000
; P02 POINT 369 point-0000369 deposition
G1 A0.000000 C0.000000 X259.434984 Y233.968084 Z312.000000 E57.467046 F100.000
; P02 EVENT event-0000114 retract
G1 E56.467046 F100.000
; P02 POINT 370 point-0000370 travel
G1 A0.000000 C0.000000 X258.988582 Y234.568084 Z312.000000 F100.000
; P02 EVENT event-0000115 prime
G1 E57.467046 F100.000
; P02 POINT 371 point-0000371 deposition
G1 A0.000000 C0.000000 X263.974215 Y234.568084 Z312.000000 E58.213249 F100.000
; P02 EVENT event-0000116 retract
G1 E57.213249 F100.000
; P02 POINT 372 point-0000372 travel
G1 A0.000000 C0.000000 X263.527813 Y235.168084 Z312.000000 F100.000
; P02 EVENT event-0000117 prime
G1 E58.213249 F100.000
; P02 POINT 373 point-0000373 deposition
G1 A0.000000 C0.000000 X258.542180 Y235.168084 Z312.000000 E58.959452 F100.000
; P02 EVENT event-0000118 retract
G1 E57.959452 F100.000
; P02 POINT 374 point-0000374 travel
G1 A0.000000 C0.000000 X258.095778 Y235.768084 Z312.000000 F100.000
; P02 EVENT event-0000119 prime
G1 E58.959452 F100.000
; P02 POINT 375 point-0000375 deposition
G1 A0.000000 C0.000000 X263.081411 Y235.768084 Z312.000000 E59.705654 F100.000
; P02 EVENT event-0000120 retract
G1 E58.705654 F100.000
; P02 POINT 376 point-0000376 travel
G1 A0.000000 C0.000000 X262.635009 Y236.368084 Z312.000000 F100.000
; P02 EVENT event-0000121 prime
G1 E59.705654 F100.000
; P02 POINT 377 point-0000377 deposition
G1 A0.000000 C0.000000 X257.649376 Y236.368084 Z312.000000 E60.451857 F100.000
; P02 EVENT event-0000122 retract
G1 E59.451857 F100.000
; P02 POINT 378 point-0000378 travel
G1 A0.000000 C0.000000 X257.202974 Y236.968084 Z312.000000 F100.000
; P02 EVENT event-0000123 prime
G1 E60.451857 F100.000
; P02 POINT 379 point-0000379 deposition
G1 A0.000000 C0.000000 X262.188607 Y236.968084 Z312.000000 E61.198060 F100.000
; P02 EVENT event-0000124 retract
G1 E60.198060 F100.000
; P02 POINT 380 point-0000380 travel
G1 A0.000000 C0.000000 X261.742205 Y237.568084 Z312.000000 F100.000
; P02 EVENT event-0000125 prime
G1 E61.198060 F100.000
; P02 POINT 381 point-0000381 deposition
G1 A0.000000 C0.000000 X256.756572 Y237.568084 Z312.000000 E61.944262 F100.000
; P02 EVENT event-0000126 retract
G1 E60.944262 F100.000
; P02 POINT 382 point-0000382 travel
G1 A0.000000 C0.000000 X256.310169 Y238.168084 Z312.000000 F100.000
; P02 EVENT event-0000127 prime
G1 E61.944262 F100.000
; P02 POINT 383 point-0000383 deposition
G1 A0.000000 C0.000000 X261.295802 Y238.168084 Z312.000000 E62.690465 F100.000
; P02 EVENT event-0000128 retract
G1 E61.690465 F100.000
; P02 POINT 384 point-0000384 travel
G1 A0.000000 C0.000000 X260.849400 Y238.768084 Z312.000000 F100.000
; P02 EVENT event-0000129 prime
G1 E62.690465 F100.000
; P02 POINT 385 point-0000385 deposition
G1 A0.000000 C0.000000 X255.863767 Y238.768084 Z312.000000 E63.436668 F100.000
; P02 EVENT event-0000130 retract
G1 E62.436668 F100.000
; P02 POINT 386 point-0000386 travel
G1 A0.000000 C0.000000 X255.417365 Y239.368084 Z312.000000 F100.000
; P02 EVENT event-0000131 prime
G1 E63.436668 F100.000
; P02 POINT 387 point-0000387 deposition
G1 A0.000000 C0.000000 X260.402998 Y239.368084 Z312.000000 E64.182871 F100.000
; P02 EVENT event-0000132 retract
G1 E63.182871 F100.000
; P02 POINT 388 point-0000388 travel
G1 A0.000000 C0.000000 X259.956596 Y239.968084 Z312.000000 F100.000
; P02 EVENT event-0000133 prime
G1 E64.182871 F100.000
; P02 POINT 389 point-0000389 deposition
G1 A0.000000 C0.000000 X254.970963 Y239.968084 Z312.000000 E64.929073 F100.000
; P02 EVENT event-0000134 retract
G1 E63.929073 F100.000
; P02 POINT 390 point-0000390 travel
G1 A0.000000 C0.000000 X254.524561 Y240.568084 Z312.000000 F100.000
; P02 EVENT event-0000135 prime
G1 E64.929073 F100.000
; P02 POINT 391 point-0000391 deposition
G1 A0.000000 C0.000000 X259.510194 Y240.568084 Z312.000000 E65.675276 F100.000
; P02 EVENT event-0000136 retract
G1 E64.675276 F100.000
; P02 POINT 392 point-0000392 travel
G1 A0.000000 C0.000000 X259.063792 Y241.168084 Z312.000000 F100.000
; P02 EVENT event-0000137 prime
G1 E65.675276 F100.000
; P02 POINT 393 point-0000393 deposition
G1 A0.000000 C0.000000 X254.881924 Y241.168084 Z312.000000 E66.301179 F100.000
; P02 EVENT event-0000138 retract
G1 E65.301179 F100.000
; P02 POINT 394 point-0000394 travel
G1 A0.000000 C0.000000 X255.688371 Y241.768084 Z312.000000 F100.000
; P02 EVENT event-0000139 prime
G1 E66.301179 F100.000
; P02 POINT 395 point-0000395 deposition
G1 A0.000000 C0.000000 X258.617390 Y241.768084 Z312.000000 E66.739567 F100.000
; P02 EVENT event-0000140 retract
G1 E65.739567 F100.000
; P02 POINT 396 point-0000396 travel
G1 A0.000000 C0.000000 X258.170988 Y242.368084 Z312.000000 F100.000
; P02 EVENT event-0000141 prime
G1 E66.739567 F100.000
; P02 POINT 397 point-0000397 deposition
G1 A0.000000 C0.000000 X256.494819 Y242.368084 Z312.000000 E66.990440 F100.000
; P02 EVENT event-0000142 retract
G1 E65.990440 F100.000
; P02 POINT 398 point-0000398 travel
G1 A0.000000 C0.000000 X257.301266 Y242.968084 Z312.000000 F100.000
; P02 EVENT event-0000143 prime
G1 E66.990440 F100.000
; P02 POINT 399 point-0000399 deposition
G1 A0.000000 C0.000000 X257.724586 Y242.968084 Z312.000000 E67.053799 F100.000
; P02 EVENT event-0000144 retract
G1 E66.053799 F100.000
; P02 POINT 400 point-0000400 travel
G1 A0.000000 C0.000000 X254.445542 Y240.821968 Z312.600000 F100.000
; P02 EVENT event-0000145 prime
G1 E67.053799 F100.000
; P02 POINT 401 point-0000401 deposition
G1 A0.000000 C0.000000 X254.917383 Y240.199302 Z312.600000 E67.170728 F100.000
; P02 POINT 402 point-0000402 deposition
G1 A0.000000 C0.000000 X255.389224 Y239.576637 Z312.600000 E67.287658 F100.000
; P02 POINT 403 point-0000403 deposition
G1 A0.000000 C0.000000 X255.861065 Y238.953971 Z312.600000 E67.404588 F100.000
; P02 POINT 404 point-0000404 deposition
G1 A0.000000 C0.000000 X256.332907 Y238.331306 Z312.600000 E67.521517 F100.000
; P02 POINT 405 point-0000405 deposition
G1 A0.000000 C0.000000 X256.804748 Y237.708640 Z312.600000 E67.638447 F100.000
; P02 POINT 406 point-0000406 deposition
G1 A0.000000 C0.000000 X257.276589 Y237.085975 Z312.600000 E67.755377 F100.000
; P02 POINT 407 point-0000407 deposition
G1 A0.000000 C0.000000 X257.748430 Y236.463309 Z312.600000 E67.872306 F100.000
; P02 POINT 408 point-0000408 deposition
G1 A0.000000 C0.000000 X258.220271 Y235.840644 Z312.600000 E67.989236 F100.000
; P02 POINT 409 point-0000409 deposition
G1 A0.000000 C0.000000 X258.692112 Y235.217978 Z312.600000 E68.106166 F100.000
; P02 POINT 410 point-0000410 deposition
G1 A0.000000 C0.000000 X259.163953 Y234.595312 Z312.600000 E68.223095 F100.000
; P02 POINT 411 point-0000411 deposition
G1 A0.000000 C0.000000 X259.635794 Y233.972647 Z312.600000 E68.340025 F100.000
; P02 POINT 412 point-0000412 deposition
G1 A0.000000 C0.000000 X260.107635 Y233.349981 Z312.600000 E68.456955 F100.000
; P02 POINT 413 point-0000413 deposition
G1 A0.000000 C0.000000 X260.579476 Y232.727316 Z312.600000 E68.573884 F100.000
; P02 POINT 414 point-0000414 deposition
G1 A0.000000 C0.000000 X261.051317 Y232.104650 Z312.600000 E68.690814 F100.000
; P02 POINT 415 point-0000415 deposition
G1 A0.000000 C0.000000 X261.523159 Y231.481985 Z312.600000 E68.807744 F100.000
; P02 POINT 416 point-0000416 deposition
G1 A0.000000 C0.000000 X261.995000 Y230.859319 Z312.600000 E68.924673 F100.000
; P02 POINT 417 point-0000417 deposition
G1 A0.000000 C0.000000 X262.466841 Y230.236654 Z312.600000 E69.041603 F100.000
; P02 POINT 418 point-0000418 deposition
G1 A0.000000 C0.000000 X262.938682 Y229.613988 Z312.600000 E69.158533 F100.000
; P02 POINT 419 point-0000419 deposition
G1 A0.000000 C0.000000 X263.410523 Y228.991323 Z312.600000 E69.275462 F100.000
; P02 POINT 420 point-0000420 deposition
G1 A0.000000 C0.000000 X263.882364 Y228.368657 Z312.600000 E69.392392 F100.000
; P02 POINT 421 point-0000421 deposition
G1 A0.000000 C0.000000 X264.354205 Y227.745991 Z312.600000 E69.509322 F100.000
; P02 POINT 422 point-0000422 deposition
G1 A0.000000 C0.000000 X264.826046 Y227.123326 Z312.600000 E69.626251 F100.000
; P02 POINT 423 point-0000423 deposition
G1 A0.000000 C0.000000 X265.297887 Y226.500660 Z312.600000 E69.743181 F100.000
; P02 POINT 424 point-0000424 deposition
G1 A0.000000 C0.000000 X265.769728 Y225.877995 Z312.600000 E69.860111 F100.000
; P02 POINT 425 point-0000425 deposition
G1 A0.000000 C0.000000 X266.241569 Y225.255329 Z312.600000 E69.977040 F100.000
; P02 POINT 426 point-0000426 deposition
G1 A0.000000 C0.000000 X266.713411 Y224.632664 Z312.600000 E70.093970 F100.000
; P02 POINT 427 point-0000427 deposition
G1 A0.000000 C0.000000 X267.185252 Y224.009998 Z312.600000 E70.210900 F100.000
; P02 POINT 428 point-0000428 deposition
G1 A0.000000 C0.000000 X267.657093 Y223.387333 Z312.600000 E70.327829 F100.000
; P02 POINT 429 point-0000429 deposition
G1 A0.000000 C0.000000 X268.128934 Y222.764667 Z312.600000 E70.444759 F100.000
; P02 POINT 430 point-0000430 deposition
G1 A0.000000 C0.000000 X268.600775 Y222.142002 Z312.600000 E70.561689 F100.000
; P02 POINT 431 point-0000431 deposition
G1 A0.000000 C0.000000 X269.072616 Y221.519336 Z312.600000 E70.678618 F100.000
; P02 POINT 432 point-0000432 deposition
G1 A0.000000 C0.000000 X269.544457 Y220.896671 Z312.600000 E70.795548 F100.000
; P02 POINT 433 point-0000433 deposition
G1 A0.000000 C0.000000 X270.016298 Y220.274005 Z312.600000 E70.912478 F100.000
; P02 POINT 434 point-0000434 deposition
G1 A0.000000 C0.000000 X270.488139 Y219.651339 Z312.600000 E71.029407 F100.000
; P02 POINT 435 point-0000435 deposition
G1 A0.000000 C0.000000 X270.959980 Y219.028674 Z312.600000 E71.146337 F100.000
; P02 POINT 436 point-0000436 deposition
G1 A0.000000 C0.000000 X271.431821 Y218.406008 Z312.600000 E71.263267 F100.000
; P02 POINT 437 point-0000437 deposition
G1 A0.000000 C0.000000 X271.903663 Y217.783343 Z312.600000 E71.380196 F100.000
; P02 POINT 438 point-0000438 deposition
G1 A0.000000 C0.000000 X272.375504 Y217.160677 Z312.600000 E71.497126 F100.000
; P02 POINT 439 point-0000439 deposition
G1 A0.000000 C0.000000 X272.847345 Y216.538012 Z312.600000 E71.614056 F100.000
; P02 POINT 440 point-0000440 deposition
G1 A0.000000 C0.000000 X273.319186 Y215.915346 Z312.600000 E71.730985 F100.000
; P02 POINT 441 point-0000441 deposition
G1 A0.000000 C0.000000 X273.791027 Y215.292681 Z312.600000 E71.847915 F100.000
; P02 POINT 442 point-0000442 deposition
G1 A0.000000 C0.000000 X274.262868 Y214.670015 Z312.600000 E71.964845 F100.000
; P02 POINT 443 point-0000443 deposition
G1 A0.000000 C0.000000 X274.734709 Y214.047350 Z312.600000 E72.081774 F100.000
; P02 POINT 444 point-0000444 deposition
G1 A0.000000 C0.000000 X275.206550 Y213.424684 Z312.600000 E72.198704 F100.000
; P02 POINT 445 point-0000445 deposition
G1 A0.000000 C0.000000 X275.678391 Y212.802018 Z312.600000 E72.315634 F100.000
; P02 POINT 446 point-0000446 deposition
G1 A0.000000 C0.000000 X276.150232 Y212.179353 Z312.600000 E72.432563 F100.000
; P02 POINT 447 point-0000447 deposition
G1 A0.000000 C0.000000 X276.622073 Y211.556687 Z312.600000 E72.549493 F100.000
; P02 POINT 448 point-0000448 deposition
G1 A0.000000 C0.000000 X277.093915 Y210.934022 Z312.600000 E72.666423 F100.000
; P02 POINT 449 point-0000449 deposition
G1 A0.000000 C0.000000 X277.565756 Y210.311356 Z312.600000 E72.783352 F100.000
; P02 POINT 450 point-0000450 deposition
G1 A0.000000 C0.000000 X278.037597 Y209.688691 Z312.600000 E72.900282 F100.000
; P02 POINT 451 point-0000451 deposition
G1 A0.000000 C0.000000 X278.509438 Y209.066025 Z312.600000 E73.017212 F100.000
; P02 POINT 452 point-0000452 deposition
G1 A0.000000 C0.000000 X278.981279 Y208.443360 Z312.600000 E73.134141 F100.000
; P02 POINT 453 point-0000453 deposition
G1 A0.000000 C0.000000 X279.453120 Y207.820694 Z312.600000 E73.251071 F100.000
; P02 POINT 454 point-0000454 deposition
G1 A0.000000 C0.000000 X279.924961 Y207.198029 Z312.600000 E73.368001 F100.000
; P02 POINT 455 point-0000455 deposition
G1 A0.000000 C0.000000 X280.396802 Y206.575363 Z312.600000 E73.484930 F100.000
; P02 POINT 456 point-0000456 deposition
G1 A0.000000 C0.000000 X280.868643 Y205.952697 Z312.600000 E73.601860 F100.000
; P02 POINT 457 point-0000457 deposition
G1 A0.000000 C0.000000 X281.340484 Y205.330032 Z312.600000 E73.718790 F100.000
; P02 POINT 458 point-0000458 deposition
G1 A0.000000 C0.000000 X281.812325 Y204.707366 Z312.600000 E73.835719 F100.000
; P02 POINT 459 point-0000459 deposition
G1 A0.000000 C0.000000 X282.284167 Y204.084701 Z312.600000 E73.952649 F100.000
; P02 POINT 460 point-0000460 deposition
G1 A0.000000 C0.000000 X282.756008 Y203.462035 Z312.600000 E74.069579 F100.000
; P02 POINT 461 point-0000461 deposition
G1 A0.000000 C0.000000 X283.227849 Y202.839370 Z312.600000 E74.186508 F100.000
; P02 POINT 462 point-0000462 deposition
G1 A0.000000 C0.000000 X283.699690 Y202.216704 Z312.600000 E74.303438 F100.000
; P02 POINT 463 point-0000463 deposition
G1 A0.000000 C0.000000 X284.171531 Y201.594039 Z312.600000 E74.420368 F100.000
; P02 POINT 464 point-0000464 deposition
G1 A0.000000 C0.000000 X284.643372 Y200.971373 Z312.600000 E74.537297 F100.000
; P02 POINT 465 point-0000465 deposition
G1 A0.000000 C0.000000 X284.693185 Y201.009120 Z312.600000 E74.546652 F100.000
; P02 POINT 466 point-0000466 deposition
G1 A0.000000 C0.000000 X284.742998 Y201.046868 Z312.600000 E74.556006 F100.000
; P02 POINT 467 point-0000467 deposition
G1 A0.000000 C0.000000 X284.792812 Y201.084615 Z312.600000 E74.565361 F100.000
; P02 POINT 468 point-0000468 deposition
G1 A0.000000 C0.000000 X284.842625 Y201.122362 Z312.600000 E74.574715 F100.000
; P02 POINT 469 point-0000469 deposition
G1 A0.000000 C0.000000 X284.892438 Y201.160110 Z312.600000 E74.584069 F100.000
; P02 POINT 470 point-0000470 deposition
G1 A0.000000 C0.000000 X284.942251 Y201.197857 Z312.600000 E74.593424 F100.000
; P02 POINT 471 point-0000471 deposition
G1 A0.000000 C0.000000 X284.992065 Y201.235604 Z312.600000 E74.602778 F100.000
; P02 POINT 472 point-0000472 deposition
G1 A0.000000 C0.000000 X285.041878 Y201.273351 Z312.600000 E74.612132 F100.000
; P02 POINT 473 point-0000473 deposition
G1 A0.000000 C0.000000 X285.091691 Y201.311099 Z312.600000 E74.621487 F100.000
; P02 POINT 474 point-0000474 deposition
G1 A0.000000 C0.000000 X285.141504 Y201.348846 Z312.600000 E74.630841 F100.000
; P02 POINT 475 point-0000475 deposition
G1 A0.000000 C0.000000 X285.191318 Y201.386593 Z312.600000 E74.640195 F100.000
; P02 POINT 476 point-0000476 deposition
G1 A0.000000 C0.000000 X285.241131 Y201.424341 Z312.600000 E74.649550 F100.000
; P02 POINT 477 point-0000477 deposition
G1 A0.000000 C0.000000 X285.290944 Y201.462088 Z312.600000 E74.658904 F100.000
; P02 POINT 478 point-0000478 deposition
G1 A0.000000 C0.000000 X285.340757 Y201.499835 Z312.600000 E74.668259 F100.000
; P02 POINT 479 point-0000479 deposition
G1 A0.000000 C0.000000 X285.390571 Y201.537582 Z312.600000 E74.677613 F100.000
; P02 POINT 480 point-0000480 deposition
G1 A0.000000 C0.000000 X285.440384 Y201.575330 Z312.600000 E74.686967 F100.000
; P02 POINT 481 point-0000481 deposition
G1 A0.000000 C0.000000 X285.490197 Y201.613077 Z312.600000 E74.696322 F100.000
; P02 POINT 482 point-0000482 deposition
G1 A0.000000 C0.000000 X285.540010 Y201.650824 Z312.600000 E74.705676 F100.000
; P02 POINT 483 point-0000483 deposition
G1 A0.000000 C0.000000 X285.589824 Y201.688572 Z312.600000 E74.715030 F100.000
; P02 POINT 484 point-0000484 deposition
G1 A0.000000 C0.000000 X285.639637 Y201.726319 Z312.600000 E74.724385 F100.000
; P02 POINT 485 point-0000485 deposition
G1 A0.000000 C0.000000 X285.689450 Y201.764066 Z312.600000 E74.733739 F100.000
; P02 POINT 486 point-0000486 deposition
G1 A0.000000 C0.000000 X285.739263 Y201.801813 Z312.600000 E74.743094 F100.000
; P02 POINT 487 point-0000487 deposition
G1 A0.000000 C0.000000 X285.789077 Y201.839561 Z312.600000 E74.752448 F100.000
; P02 POINT 488 point-0000488 deposition
G1 A0.000000 C0.000000 X285.838890 Y201.877308 Z312.600000 E74.761802 F100.000
; P02 POINT 489 point-0000489 deposition
G1 A0.000000 C0.000000 X285.888703 Y201.915055 Z312.600000 E74.771157 F100.000
; P02 POINT 490 point-0000490 deposition
G1 A0.000000 C0.000000 X285.938516 Y201.952803 Z312.600000 E74.780511 F100.000
; P02 POINT 491 point-0000491 deposition
G1 A0.000000 C0.000000 X285.988330 Y201.990550 Z312.600000 E74.789865 F100.000
; P02 POINT 492 point-0000492 deposition
G1 A0.000000 C0.000000 X286.038143 Y202.028297 Z312.600000 E74.799220 F100.000
; P02 POINT 493 point-0000493 deposition
G1 A0.000000 C0.000000 X286.087956 Y202.066044 Z312.600000 E74.808574 F100.000
; P02 POINT 494 point-0000494 deposition
G1 A0.000000 C0.000000 X286.137769 Y202.103792 Z312.600000 E74.817929 F100.000
; P02 POINT 495 point-0000495 deposition
G1 A0.000000 C0.000000 X286.187583 Y202.141539 Z312.600000 E74.827283 F100.000
; P02 POINT 496 point-0000496 deposition
G1 A0.000000 C0.000000 X286.237396 Y202.179286 Z312.600000 E74.836637 F100.000
; P02 POINT 497 point-0000497 deposition
G1 A0.000000 C0.000000 X286.287209 Y202.217034 Z312.600000 E74.845992 F100.000
; P02 POINT 498 point-0000498 deposition
G1 A0.000000 C0.000000 X286.337022 Y202.254781 Z312.600000 E74.855346 F100.000
; P02 POINT 499 point-0000499 deposition
G1 A0.000000 C0.000000 X286.386835 Y202.292528 Z312.600000 E74.864700 F100.000
; P02 POINT 500 point-0000500 deposition
G1 A0.000000 C0.000000 X286.436649 Y202.330275 Z312.600000 E74.874055 F100.000
; P02 POINT 501 point-0000501 deposition
G1 A0.000000 C0.000000 X286.486462 Y202.368023 Z312.600000 E74.883409 F100.000
; P02 POINT 502 point-0000502 deposition
G1 A0.000000 C0.000000 X286.536275 Y202.405770 Z312.600000 E74.892764 F100.000
; P02 POINT 503 point-0000503 deposition
G1 A0.000000 C0.000000 X286.586088 Y202.443517 Z312.600000 E74.902118 F100.000
; P02 POINT 504 point-0000504 deposition
G1 A0.000000 C0.000000 X286.635902 Y202.481265 Z312.600000 E74.911472 F100.000
; P02 POINT 505 point-0000505 deposition
G1 A0.000000 C0.000000 X286.685715 Y202.519012 Z312.600000 E74.920827 F100.000
; P02 POINT 506 point-0000506 deposition
G1 A0.000000 C0.000000 X286.735528 Y202.556759 Z312.600000 E74.930181 F100.000
; P02 POINT 507 point-0000507 deposition
G1 A0.000000 C0.000000 X286.785341 Y202.594507 Z312.600000 E74.939535 F100.000
; P02 POINT 508 point-0000508 deposition
G1 A0.000000 C0.000000 X286.835155 Y202.632254 Z312.600000 E74.948890 F100.000
; P02 POINT 509 point-0000509 deposition
G1 A0.000000 C0.000000 X286.884968 Y202.670001 Z312.600000 E74.958244 F100.000
; P02 POINT 510 point-0000510 deposition
G1 A0.000000 C0.000000 X286.934781 Y202.707748 Z312.600000 E74.967599 F100.000
; P02 POINT 511 point-0000511 deposition
G1 A0.000000 C0.000000 X286.984594 Y202.745496 Z312.600000 E74.976953 F100.000
; P02 POINT 512 point-0000512 deposition
G1 A0.000000 C0.000000 X287.034408 Y202.783243 Z312.600000 E74.986307 F100.000
; P02 POINT 513 point-0000513 deposition
G1 A0.000000 C0.000000 X287.084221 Y202.820990 Z312.600000 E74.995662 F100.000
; P02 POINT 514 point-0000514 deposition
G1 A0.000000 C0.000000 X287.134034 Y202.858738 Z312.600000 E75.005016 F100.000
; P02 POINT 515 point-0000515 deposition
G1 A0.000000 C0.000000 X287.183847 Y202.896485 Z312.600000 E75.014370 F100.000
; P02 POINT 516 point-0000516 deposition
G1 A0.000000 C0.000000 X287.233661 Y202.934232 Z312.600000 E75.023725 F100.000
; P02 POINT 517 point-0000517 deposition
G1 A0.000000 C0.000000 X287.283474 Y202.971979 Z312.600000 E75.033079 F100.000
; P02 POINT 518 point-0000518 deposition
G1 A0.000000 C0.000000 X287.333287 Y203.009727 Z312.600000 E75.042434 F100.000
; P02 POINT 519 point-0000519 deposition
G1 A0.000000 C0.000000 X287.383100 Y203.047474 Z312.600000 E75.051788 F100.000
; P02 POINT 520 point-0000520 deposition
G1 A0.000000 C0.000000 X287.432914 Y203.085221 Z312.600000 E75.061142 F100.000
; P02 POINT 521 point-0000521 deposition
G1 A0.000000 C0.000000 X287.482727 Y203.122969 Z312.600000 E75.070497 F100.000
; P02 POINT 522 point-0000522 deposition
G1 A0.000000 C0.000000 X287.532540 Y203.160716 Z312.600000 E75.079851 F100.000
; P02 POINT 523 point-0000523 deposition
G1 A0.000000 C0.000000 X287.582353 Y203.198463 Z312.600000 E75.089205 F100.000
; P02 POINT 524 point-0000524 deposition
G1 A0.000000 C0.000000 X287.632167 Y203.236210 Z312.600000 E75.098560 F100.000
; P02 POINT 525 point-0000525 deposition
G1 A0.000000 C0.000000 X287.681980 Y203.273958 Z312.600000 E75.107914 F100.000
; P02 POINT 526 point-0000526 deposition
G1 A0.000000 C0.000000 X287.731793 Y203.311705 Z312.600000 E75.117269 F100.000
; P02 POINT 527 point-0000527 deposition
G1 A0.000000 C0.000000 X287.781606 Y203.349452 Z312.600000 E75.126623 F100.000
; P02 POINT 528 point-0000528 deposition
G1 A0.000000 C0.000000 X287.831420 Y203.387200 Z312.600000 E75.135977 F100.000
; P02 POINT 529 point-0000529 deposition
G1 A0.000000 C0.000000 X287.359578 Y204.009865 Z312.600000 E75.252907 F100.000
; P02 POINT 530 point-0000530 deposition
G1 A0.000000 C0.000000 X286.887737 Y204.632531 Z312.600000 E75.369837 F100.000
; P02 POINT 531 point-0000531 deposition
G1 A0.000000 C0.000000 X286.415896 Y205.255196 Z312.600000 E75.486766 F100.000
; P02 POINT 532 point-0000532 deposition
G1 A0.000000 C0.000000 X285.944055 Y205.877862 Z312.600000 E75.603696 F100.000
; P02 POINT 533 point-0000533 deposition
G1 A0.000000 C0.000000 X285.472214 Y206.500527 Z312.600000 E75.720626 F100.000
; P02 POINT 534 point-0000534 deposition
G1 A0.000000 C0.000000 X285.000373 Y207.123193 Z312.600000 E75.837555 F100.000
; P02 POINT 535 point-0000535 deposition
G1 A0.000000 C0.000000 X284.528532 Y207.745858 Z312.600000 E75.954485 F100.000
; P02 POINT 536 point-0000536 deposition
G1 A0.000000 C0.000000 X284.056691 Y208.368524 Z312.600000 E76.071415 F100.000
; P02 POINT 537 point-0000537 deposition
G1 A0.000000 C0.000000 X283.584850 Y208.991189 Z312.600000 E76.188344 F100.000
; P02 POINT 538 point-0000538 deposition
G1 A0.000000 C0.000000 X283.113009 Y209.613855 Z312.600000 E76.305274 F100.000
; P02 POINT 539 point-0000539 deposition
G1 A0.000000 C0.000000 X282.641168 Y210.236521 Z312.600000 E76.422204 F100.000
; P02 POINT 540 point-0000540 deposition
G1 A0.000000 C0.000000 X282.169326 Y210.859186 Z312.600000 E76.539133 F100.000
; P02 POINT 541 point-0000541 deposition
G1 A0.000000 C0.000000 X281.697485 Y211.481852 Z312.600000 E76.656063 F100.000
; P02 POINT 542 point-0000542 deposition
G1 A0.000000 C0.000000 X281.225644 Y212.104517 Z312.600000 E76.772993 F100.000
; P02 POINT 543 point-0000543 deposition
G1 A0.000000 C0.000000 X280.753803 Y212.727183 Z312.600000 E76.889922 F100.000
; P02 POINT 544 point-0000544 deposition
G1 A0.000000 C0.000000 X280.281962 Y213.349848 Z312.600000 E77.006852 F100.000
; P02 POINT 545 point-0000545 deposition
G1 A0.000000 C0.000000 X279.810121 Y213.972514 Z312.600000 E77.123782 F100.000
; P02 POINT 546 point-0000546 deposition
G1 A0.000000 C0.000000 X279.338280 Y214.595179 Z312.600000 E77.240711 F100.000
; P02 POINT 547 point-0000547 deposition
G1 A0.000000 C0.000000 X278.866439 Y215.217845 Z312.600000 E77.357641 F100.000
; P02 POINT 548 point-0000548 deposition
G1 A0.000000 C0.000000 X278.394598 Y215.840510 Z312.600000 E77.474571 F100.000
; P02 POINT 549 point-0000549 deposition
G1 A0.000000 C0.000000 X277.922757 Y216.463176 Z312.600000 E77.591500 F100.000
; P02 POINT 550 point-0000550 deposition
G1 A0.000000 C0.000000 X277.450916 Y217.085841 Z312.600000 E77.708430 F100.000
; P02 POINT 551 point-0000551 deposition
G1 A0.000000 C0.000000 X276.979074 Y217.708507 Z312.600000 E77.825360 F100.000
; P02 POINT 552 point-0000552 deposition
G1 A0.000000 C0.000000 X276.507233 Y218.331173 Z312.600000 E77.942289 F100.000
; P02 POINT 553 point-0000553 deposition
G1 A0.000000 C0.000000 X276.035392 Y218.953838 Z312.600000 E78.059219 F100.000
; P02 POINT 554 point-0000554 deposition
G1 A0.000000 C0.000000 X275.563551 Y219.576504 Z312.600000 E78.176149 F100.000
; P02 POINT 555 point-0000555 deposition
G1 A0.000000 C0.000000 X275.091710 Y220.199169 Z312.600000 E78.293078 F100.000
; P02 POINT 556 point-0000556 deposition
G1 A0.000000 C0.000000 X274.619869 Y220.821835 Z312.600000 E78.410008 F100.000
; P02 POINT 557 point-0000557 deposition
G1 A0.000000 C0.000000 X274.148028 Y221.444500 Z312.600000 E78.526938 F100.000
; P02 POINT 558 point-0000558 deposition
G1 A0.000000 C0.000000 X273.676187 Y222.067166 Z312.600000 E78.643867 F100.000
; P02 POINT 559 point-0000559 deposition
G1 A0.000000 C0.000000 X273.204346 Y222.689831 Z312.600000 E78.760797 F100.000
; P02 POINT 560 point-0000560 deposition
G1 A0.000000 C0.000000 X272.732505 Y223.312497 Z312.600000 E78.877727 F100.000
; P02 POINT 561 point-0000561 deposition
G1 A0.000000 C0.000000 X272.260664 Y223.935162 Z312.600000 E78.994656 F100.000
; P02 POINT 562 point-0000562 deposition
G1 A0.000000 C0.000000 X271.788822 Y224.557828 Z312.600000 E79.111586 F100.000
; P02 POINT 563 point-0000563 deposition
G1 A0.000000 C0.000000 X271.316981 Y225.180494 Z312.600000 E79.228516 F100.000
; P02 POINT 564 point-0000564 deposition
G1 A0.000000 C0.000000 X270.845140 Y225.803159 Z312.600000 E79.345445 F100.000
; P02 POINT 565 point-0000565 deposition
G1 A0.000000 C0.000000 X270.373299 Y226.425825 Z312.600000 E79.462375 F100.000
; P02 POINT 566 point-0000566 deposition
G1 A0.000000 C0.000000 X269.901458 Y227.048490 Z312.600000 E79.579305 F100.000
; P02 POINT 567 point-0000567 deposition
G1 A0.000000 C0.000000 X269.429617 Y227.671156 Z312.600000 E79.696234 F100.000
; P02 POINT 568 point-0000568 deposition
G1 A0.000000 C0.000000 X268.957776 Y228.293821 Z312.600000 E79.813164 F100.000
; P02 POINT 569 point-0000569 deposition
G1 A0.000000 C0.000000 X268.485935 Y228.916487 Z312.600000 E79.930094 F100.000
; P02 POINT 570 point-0000570 deposition
G1 A0.000000 C0.000000 X268.014094 Y229.539152 Z312.600000 E80.047023 F100.000
; P02 POINT 571 point-0000571 deposition
G1 A0.000000 C0.000000 X267.542253 Y230.161818 Z312.600000 E80.163953 F100.000
; P02 POINT 572 point-0000572 deposition
G1 A0.000000 C0.000000 X267.070412 Y230.784483 Z312.600000 E80.280883 F100.000
; P02 POINT 573 point-0000573 deposition
G1 A0.000000 C0.000000 X266.598570 Y231.407149 Z312.600000 E80.397812 F100.000
; P02 POINT 574 point-0000574 deposition
G1 A0.000000 C0.000000 X266.126729 Y232.029814 Z312.600000 E80.514742 F100.000
; P02 POINT 575 point-0000575 deposition
G1 A0.000000 C0.000000 X265.654888 Y232.652480 Z312.600000 E80.631672 F100.000
; P02 POINT 576 point-0000576 deposition
G1 A0.000000 C0.000000 X265.183047 Y233.275146 Z312.600000 E80.748601 F100.000
; P02 POINT 577 point-0000577 deposition
G1 A0.000000 C0.000000 X264.711206 Y233.897811 Z312.600000 E80.865531 F100.000
; P02 POINT 578 point-0000578 deposition
G1 A0.000000 C0.000000 X264.239365 Y234.520477 Z312.600000 E80.982461 F100.000
; P02 POINT 579 point-0000579 deposition
G1 A0.000000 C0.000000 X263.767524 Y235.143142 Z312.600000 E81.099390 F100.000
; P02 POINT 580 point-0000580 deposition
G1 A0.000000 C0.000000 X263.295683 Y235.765808 Z312.600000 E81.216320 F100.000
; P02 POINT 581 point-0000581 deposition
G1 A0.000000 C0.000000 X262.823842 Y236.388473 Z312.600000 E81.333250 F100.000
; P02 POINT 582 point-0000582 deposition
G1 A0.000000 C0.000000 X262.352001 Y237.011139 Z312.600000 E81.450179 F100.000
; P02 POINT 583 point-0000583 deposition
G1 A0.000000 C0.000000 X261.880160 Y237.633804 Z312.600000 E81.567109 F100.000
; P02 POINT 584 point-0000584 deposition
G1 A0.000000 C0.000000 X261.408318 Y238.256470 Z312.600000 E81.684039 F100.000
; P02 POINT 585 point-0000585 deposition
G1 A0.000000 C0.000000 X260.936477 Y238.879135 Z312.600000 E81.800968 F100.000
; P02 POINT 586 point-0000586 deposition
G1 A0.000000 C0.000000 X260.464636 Y239.501801 Z312.600000 E81.917898 F100.000
; P02 POINT 587 point-0000587 deposition
G1 A0.000000 C0.000000 X259.992795 Y240.124467 Z312.600000 E82.034828 F100.000
; P02 POINT 588 point-0000588 deposition
G1 A0.000000 C0.000000 X259.520954 Y240.747132 Z312.600000 E82.151757 F100.000
; P02 POINT 589 point-0000589 deposition
G1 A0.000000 C0.000000 X259.049113 Y241.369798 Z312.600000 E82.268687 F100.000
; P02 POINT 590 point-0000590 deposition
G1 A0.000000 C0.000000 X258.577272 Y241.992463 Z312.600000 E82.385617 F100.000
; P02 POINT 591 point-0000591 deposition
G1 A0.000000 C0.000000 X258.105431 Y242.615129 Z312.600000 E82.502546 F100.000
; P02 POINT 592 point-0000592 deposition
G1 A0.000000 C0.000000 X257.633590 Y243.237794 Z312.600000 E82.619476 F100.000
; P02 POINT 593 point-0000593 deposition
G1 A0.000000 C0.000000 X257.583781 Y243.200050 Z312.600000 E82.628829 F100.000
; P02 POINT 594 point-0000594 deposition
G1 A0.000000 C0.000000 X257.533968 Y243.162303 Z312.600000 E82.638184 F100.000
; P02 POINT 595 point-0000595 deposition
G1 A0.000000 C0.000000 X257.484155 Y243.124556 Z312.600000 E82.647538 F100.000
; P02 POINT 596 point-0000596 deposition
G1 A0.000000 C0.000000 X257.434341 Y243.086808 Z312.600000 E82.656893 F100.000
; P02 POINT 597 point-0000597 deposition
G1 A0.000000 C0.000000 X257.384528 Y243.049061 Z312.600000 E82.666247 F100.000
; P02 POINT 598 point-0000598 deposition
G1 A0.000000 C0.000000 X257.334715 Y243.011314 Z312.600000 E82.675601 F100.000
; P02 POINT 599 point-0000599 deposition
G1 A0.000000 C0.000000 X257.284902 Y242.973566 Z312.600000 E82.684956 F100.000
; P02 POINT 600 point-0000600 deposition
G1 A0.000000 C0.000000 X257.235088 Y242.935819 Z312.600000 E82.694310 F100.000
; P02 POINT 601 point-0000601 deposition
G1 A0.000000 C0.000000 X257.185275 Y242.898072 Z312.600000 E82.703664 F100.000
; P02 POINT 602 point-0000602 deposition
G1 A0.000000 C0.000000 X257.135462 Y242.860325 Z312.600000 E82.713019 F100.000
; P02 POINT 603 point-0000603 deposition
G1 A0.000000 C0.000000 X257.085649 Y242.822577 Z312.600000 E82.722373 F100.000
; P02 POINT 604 point-0000604 deposition
G1 A0.000000 C0.000000 X257.035836 Y242.784830 Z312.600000 E82.731728 F100.000
; P02 POINT 605 point-0000605 deposition
G1 A0.000000 C0.000000 X256.986022 Y242.747083 Z312.600000 E82.741082 F100.000
; P02 POINT 606 point-0000606 deposition
G1 A0.000000 C0.000000 X256.936209 Y242.709335 Z312.600000 E82.750436 F100.000
; P02 POINT 607 point-0000607 deposition
G1 A0.000000 C0.000000 X256.886396 Y242.671588 Z312.600000 E82.759791 F100.000
; P02 POINT 608 point-0000608 deposition
G1 A0.000000 C0.000000 X256.836583 Y242.633841 Z312.600000 E82.769145 F100.000
; P02 POINT 609 point-0000609 deposition
G1 A0.000000 C0.000000 X256.786769 Y242.596093 Z312.600000 E82.778499 F100.000
; P02 POINT 610 point-0000610 deposition
G1 A0.000000 C0.000000 X256.736956 Y242.558346 Z312.600000 E82.787854 F100.000
; P02 POINT 611 point-0000611 deposition
G1 A0.000000 C0.000000 X256.687143 Y242.520599 Z312.600000 E82.797208 F100.000
; P02 POINT 612 point-0000612 deposition
G1 A0.000000 C0.000000 X256.637330 Y242.482851 Z312.600000 E82.806563 F100.000
; P02 POINT 613 point-0000613 deposition
G1 A0.000000 C0.000000 X256.587517 Y242.445104 Z312.600000 E82.815917 F100.000
; P02 POINT 614 point-0000614 deposition
G1 A0.000000 C0.000000 X256.537703 Y242.407357 Z312.600000 E82.825271 F100.000
; P02 POINT 615 point-0000615 deposition
G1 A0.000000 C0.000000 X256.487890 Y242.369609 Z312.600000 E82.834626 F100.000
; P02 POINT 616 point-0000616 deposition
G1 A0.000000 C0.000000 X256.438077 Y242.331862 Z312.600000 E82.843980 F100.000
; P02 POINT 617 point-0000617 deposition
G1 A0.000000 C0.000000 X256.388264 Y242.294115 Z312.600000 E82.853334 F100.000
; P02 POINT 618 point-0000618 deposition
G1 A0.000000 C0.000000 X256.338450 Y242.256367 Z312.600000 E82.862689 F100.000
; P02 POINT 619 point-0000619 deposition
G1 A0.000000 C0.000000 X256.288637 Y242.218620 Z312.600000 E82.872043 F100.000
; P02 POINT 620 point-0000620 deposition
G1 A0.000000 C0.000000 X256.238824 Y242.180873 Z312.600000 E82.881398 F100.000
; P02 POINT 621 point-0000621 deposition
G1 A0.000000 C0.000000 X256.189011 Y242.143125 Z312.600000 E82.890752 F100.000
; P02 POINT 622 point-0000622 deposition
G1 A0.000000 C0.000000 X256.139197 Y242.105378 Z312.600000 E82.900106 F100.000
; P02 POINT 623 point-0000623 deposition
G1 A0.000000 C0.000000 X256.089384 Y242.067631 Z312.600000 E82.909461 F100.000
; P02 POINT 624 point-0000624 deposition
G1 A0.000000 C0.000000 X256.039571 Y242.029883 Z312.600000 E82.918815 F100.000
; P02 POINT 625 point-0000625 deposition
G1 A0.000000 C0.000000 X255.989758 Y241.992136 Z312.600000 E82.928169 F100.000
; P02 POINT 626 point-0000626 deposition
G1 A0.000000 C0.000000 X255.939945 Y241.954389 Z312.600000 E82.937524 F100.000
; P02 POINT 627 point-0000627 deposition
G1 A0.000000 C0.000000 X255.890131 Y241.916642 Z312.600000 E82.946878 F100.000
; P02 POINT 628 point-0000628 deposition
G1 A0.000000 C0.000000 X255.840318 Y241.878894 Z312.600000 E82.956233 F100.000
; P02 POINT 629 point-0000629 deposition
G1 A0.000000 C0.000000 X255.790505 Y241.841147 Z312.600000 E82.965587 F100.000
; P02 POINT 630 point-0000630 deposition
G1 A0.000000 C0.000000 X255.740692 Y241.803400 Z312.600000 E82.974941 F100.000
; P02 POINT 631 point-0000631 deposition
G1 A0.000000 C0.000000 X255.690878 Y241.765652 Z312.600000 E82.984296 F100.000
; P02 POINT 632 point-0000632 deposition
G1 A0.000000 C0.000000 X255.641065 Y241.727905 Z312.600000 E82.993650 F100.000
; P02 POINT 633 point-0000633 deposition
G1 A0.000000 C0.000000 X255.591252 Y241.690158 Z312.600000 E83.003004 F100.000
; P02 POINT 634 point-0000634 deposition
G1 A0.000000 C0.000000 X255.541439 Y241.652410 Z312.600000 E83.012359 F100.000
; P02 POINT 635 point-0000635 deposition
G1 A0.000000 C0.000000 X255.491625 Y241.614663 Z312.600000 E83.021713 F100.000
; P02 POINT 636 point-0000636 deposition
G1 A0.000000 C0.000000 X255.441812 Y241.576916 Z312.600000 E83.031068 F100.000
; P02 POINT 637 point-0000637 deposition
G1 A0.000000 C0.000000 X255.391999 Y241.539168 Z312.600000 E83.040422 F100.000
; P02 POINT 638 point-0000638 deposition
G1 A0.000000 C0.000000 X255.342186 Y241.501421 Z312.600000 E83.049776 F100.000
; P02 POINT 639 point-0000639 deposition
G1 A0.000000 C0.000000 X255.292373 Y241.463674 Z312.600000 E83.059131 F100.000
; P02 POINT 640 point-0000640 deposition
G1 A0.000000 C0.000000 X255.242559 Y241.425926 Z312.600000 E83.068485 F100.000
; P02 POINT 641 point-0000641 deposition
G1 A0.000000 C0.000000 X255.192746 Y241.388179 Z312.600000 E83.077839 F100.000
; P02 POINT 642 point-0000642 deposition
G1 A0.000000 C0.000000 X255.142933 Y241.350432 Z312.600000 E83.087194 F100.000
; P02 POINT 643 point-0000643 deposition
G1 A0.000000 C0.000000 X255.093120 Y241.312684 Z312.600000 E83.096548 F100.000
; P02 POINT 644 point-0000644 deposition
G1 A0.000000 C0.000000 X255.043306 Y241.274937 Z312.600000 E83.105903 F100.000
; P02 POINT 645 point-0000645 deposition
G1 A0.000000 C0.000000 X254.993493 Y241.237190 Z312.600000 E83.115257 F100.000
; P02 POINT 646 point-0000646 deposition
G1 A0.000000 C0.000000 X254.943680 Y241.199442 Z312.600000 E83.124611 F100.000
; P02 POINT 647 point-0000647 deposition
G1 A0.000000 C0.000000 X254.893867 Y241.161695 Z312.600000 E83.133966 F100.000
; P02 POINT 648 point-0000648 deposition
G1 A0.000000 C0.000000 X254.844054 Y241.123948 Z312.600000 E83.143320 F100.000
; P02 POINT 649 point-0000649 deposition
G1 A0.000000 C0.000000 X254.794240 Y241.086201 Z312.600000 E83.152674 F100.000
; P02 POINT 650 point-0000650 deposition
G1 A0.000000 C0.000000 X254.744427 Y241.048453 Z312.600000 E83.162029 F100.000
; P02 POINT 651 point-0000651 deposition
G1 A0.000000 C0.000000 X254.694614 Y241.010706 Z312.600000 E83.171383 F100.000
; P02 POINT 652 point-0000652 deposition
G1 A0.000000 C0.000000 X254.644801 Y240.972959 Z312.600000 E83.180738 F100.000
; P02 POINT 653 point-0000653 deposition
G1 A0.000000 C0.000000 X254.594987 Y240.935211 Z312.600000 E83.190092 F100.000
; P02 POINT 654 point-0000654 deposition
G1 A0.000000 C0.000000 X254.545174 Y240.897464 Z312.600000 E83.199446 F100.000
; P02 POINT 655 point-0000655 deposition
G1 A0.000000 C0.000000 X254.495361 Y240.859717 Z312.600000 E83.208801 F100.000
; P02 POINT 656 point-0000656 deposition
G1 A0.000000 C0.000000 X254.445542 Y240.821968 Z312.600000 E83.218156 F100.000
; P02 EVENT event-0000146 retract
G1 E82.218156 F100.000
; P02 POINT 657 point-0000657 travel
G1 A0.000000 C0.000000 X284.416039 Y201.271373 Z312.600000 F100.000
; P02 EVENT event-0000147 prime
G1 E83.218156 F100.000
; P02 POINT 658 point-0000658 deposition
G1 A0.000000 C0.000000 X285.039267 Y201.271373 Z312.600000 E83.311435 F100.000
; P02 EVENT event-0000148 retract
G1 E82.311435 F100.000
; P02 POINT 659 point-0000659 travel
G1 A0.000000 C0.000000 X285.831058 Y201.871373 Z312.600000 F100.000
; P02 EVENT event-0000149 prime
G1 E83.311435 F100.000
; P02 POINT 660 point-0000660 deposition
G1 A0.000000 C0.000000 X283.961373 Y201.871373 Z312.600000 E83.591272 F100.000
; P02 EVENT event-0000150 retract
G1 E82.591272 F100.000
; P02 POINT 661 point-0000661 travel
G1 A0.000000 C0.000000 X283.506708 Y202.471373 Z312.600000 F100.000
; P02 EVENT event-0000151 prime
G1 E83.591272 F100.000
; P02 POINT 662 point-0000662 deposition
G1 A0.000000 C0.000000 X286.622848 Y202.471373 Z312.600000 E84.057666 F100.000
; P02 EVENT event-0000152 retract
G1 E83.057666 F100.000
; P02 POINT 663 point-0000663 travel
G1 A0.000000 C0.000000 X287.414639 Y203.071373 Z312.600000 F100.000
; P02 EVENT event-0000153 prime
G1 E84.057666 F100.000
; P02 POINT 664 point-0000664 deposition
G1 A0.000000 C0.000000 X283.052042 Y203.071373 Z312.600000 E84.710619 F100.000
; P02 EVENT event-0000154 retract
G1 E83.710619 F100.000
; P02 POINT 665 point-0000665 travel
G1 A0.000000 C0.000000 X282.597376 Y203.671373 Z312.600000 F100.000
; P02 EVENT event-0000155 prime
G1 E84.710619 F100.000
; P02 POINT 666 point-0000666 deposition
G1 A0.000000 C0.000000 X287.616080 Y203.671373 Z312.600000 E85.461771 F100.000
; P02 EVENT event-0000156 retract
G1 E84.461771 F100.000
; P02 POINT 667 point-0000667 travel
G1 A0.000000 C0.000000 X287.161414 Y204.271373 Z312.600000 F100.000
; P02 EVENT event-0000157 prime
G1 E85.461771 F100.000
; P02 POINT 668 point-0000668 deposition
G1 A0.000000 C0.000000 X282.142711 Y204.271373 Z312.600000 E86.212923 F100.000
; P02 EVENT event-0000158 retract
G1 E85.212923 F100.000
; P02 POINT 669 point-0000669 travel
G1 A0.000000 C0.000000 X281.688045 Y204.871373 Z312.600000 F100.000
; P02 EVENT event-0000159 prime
G1 E86.212923 F100.000
; P02 POINT 670 point-0000670 deposition
G1 A0.000000 C0.000000 X286.706748 Y204.871373 Z312.600000 E86.964076 F100.000
; P02 EVENT event-0000160 retract
G1 E85.964076 F100.000
; P02 POINT 671 point-0000671 travel
G1 A0.000000 C0.000000 X286.252083 Y205.471373 Z312.600000 F100.000
; P02 EVENT event-0000161 prime
G1 E86.964076 F100.000
; P02 POINT 672 point-0000672 deposition
G1 A0.000000 C0.000000 X281.233379 Y205.471373 Z312.600000 E87.715228 F100.000
; P02 EVENT event-0000162 retract
G1 E86.715228 F100.000
; P02 POINT 673 point-0000673 travel
G1 A0.000000 C0.000000 X280.778714 Y206.071373 Z312.600000 F100.000
; P02 EVENT event-0000163 prime
G1 E87.715228 F100.000
; P02 POINT 674 point-0000674 deposition
G1 A0.000000 C0.000000 X285.797417 Y206.071373 Z312.600000 E88.466381 F100.000
; P02 EVENT event-0000164 retract
G1 E87.466381 F100.000
; P02 POINT 675 point-0000675 travel
G1 A0.000000 C0.000000 X285.342751 Y206.671373 Z312.600000 F100.000
; P02 EVENT event-0000165 prime
G1 E88.466381 F100.000
; P02 POINT 676 point-0000676 deposition
G1 A0.000000 C0.000000 X280.324048 Y206.671373 Z312.600000 E89.217533 F100.000
; P02 EVENT event-0000166 retract
G1 E88.217533 F100.000
; P02 POINT 677 point-0000677 travel
G1 A0.000000 C0.000000 X279.869382 Y207.271373 Z312.600000 F100.000
; P02 EVENT event-0000167 prime
G1 E89.217533 F100.000
; P02 POINT 678 point-0000678 deposition
G1 A0.000000 C0.000000 X284.888085 Y207.271373 Z312.600000 E89.968685 F100.000
; P02 EVENT event-0000168 retract
G1 E88.968685 F100.000
; P02 POINT 679 point-0000679 travel
G1 A0.000000 C0.000000 X284.433420 Y207.871373 Z312.600000 F100.000
; P02 EVENT event-0000169 prime
G1 E89.968685 F100.000
; P02 POINT 680 point-0000680 deposition
G1 A0.000000 C0.000000 X279.414717 Y207.871373 Z312.600000 E90.719838 F100.000
; P02 EVENT event-0000170 retract
G1 E89.719838 F100.000
; P02 POINT 681 point-0000681 travel
G1 A0.000000 C0.000000 X278.960051 Y208.471373 Z312.600000 F100.000
; P02 EVENT event-0000171 prime
G1 E90.719838 F100.000
; P02 POINT 682 point-0000682 deposition
G1 A0.000000 C0.000000 X283.978754 Y208.471373 Z312.600000 E91.470990 F100.000
; P02 EVENT event-0000172 retract
G1 E90.470990 F100.000
; P02 POINT 683 point-0000683 travel
G1 A0.000000 C0.000000 X283.524088 Y209.071373 Z312.600000 F100.000
; P02 EVENT event-0000173 prime
G1 E91.470990 F100.000
; P02 POINT 684 point-0000684 deposition
G1 A0.000000 C0.000000 X278.505385 Y209.071373 Z312.600000 E92.222142 F100.000
; P02 EVENT event-0000174 retract
G1 E91.222142 F100.000
; P02 POINT 685 point-0000685 travel
G1 A0.000000 C0.000000 X278.050720 Y209.671373 Z312.600000 F100.000
; P02 EVENT event-0000175 prime
G1 E92.222142 F100.000
; P02 POINT 686 point-0000686 deposition
G1 A0.000000 C0.000000 X283.069423 Y209.671373 Z312.600000 E92.973295 F100.000
; P02 EVENT event-0000176 retract
G1 E91.973295 F100.000
; P02 POINT 687 point-0000687 travel
G1 A0.000000 C0.000000 X282.614757 Y210.271373 Z312.600000 F100.000
; P02 EVENT event-0000177 prime
G1 E92.973295 F100.000
; P02 POINT 688 point-0000688 deposition
G1 A0.000000 C0.000000 X277.596054 Y210.271373 Z312.600000 E93.724447 F100.000
; P02 EVENT event-0000178 retract
G1 E92.724447 F100.000
; P02 POINT 689 point-0000689 travel
G1 A0.000000 C0.000000 X277.141388 Y210.871373 Z312.600000 F100.000
; P02 EVENT event-0000179 prime
G1 E93.724447 F100.000
; P02 POINT 690 point-0000690 deposition
G1 A0.000000 C0.000000 X282.160091 Y210.871373 Z312.600000 E94.475599 F100.000
; P02 EVENT event-0000180 retract
G1 E93.475599 F100.000
; P02 POINT 691 point-0000691 travel
G1 A0.000000 C0.000000 X281.705426 Y211.471373 Z312.600000 F100.000
; P02 EVENT event-0000181 prime
G1 E94.475599 F100.000
; P02 POINT 692 point-0000692 deposition
G1 A0.000000 C0.000000 X276.686723 Y211.471373 Z312.600000 E95.226752 F100.000
; P02 EVENT event-0000182 retract
G1 E94.226752 F100.000
; P02 POINT 693 point-0000693 travel
G1 A0.000000 C0.000000 X276.232057 Y212.071373 Z312.600000 F100.000
; P02 EVENT event-0000183 prime
G1 E95.226752 F100.000
; P02 POINT 694 point-0000694 deposition
G1 A0.000000 C0.000000 X281.250760 Y212.071373 Z312.600000 E95.977904 F100.000
; P02 EVENT event-0000184 retract
G1 E94.977904 F100.000
; P02 POINT 695 point-0000695 travel
G1 A0.000000 C0.000000 X280.796094 Y212.671373 Z312.600000 F100.000
; P02 EVENT event-0000185 prime
G1 E95.977904 F100.000
; P02 POINT 696 point-0000696 deposition
G1 A0.000000 C0.000000 X275.777391 Y212.671373 Z312.600000 E96.729056 F100.000
; P02 EVENT event-0000186 retract
G1 E95.729056 F100.000
; P02 POINT 697 point-0000697 travel
G1 A0.000000 C0.000000 X275.322725 Y213.271373 Z312.600000 F100.000
; P02 EVENT event-0000187 prime
G1 E96.729056 F100.000
; P02 POINT 698 point-0000698 deposition
G1 A0.000000 C0.000000 X280.341429 Y213.271373 Z312.600000 E97.480209 F100.000
; P02 EVENT event-0000188 retract
G1 E96.480209 F100.000
; P02 POINT 699 point-0000699 travel
G1 A0.000000 C0.000000 X279.886763 Y213.871373 Z312.600000 F100.000
; P02 EVENT event-0000189 prime
G1 E97.480209 F100.000
; P02 POINT 700 point-0000700 deposition
G1 A0.000000 C0.000000 X274.868060 Y213.871373 Z312.600000 E98.231361 F100.000
; P02 EVENT event-0000190 retract
G1 E97.231361 F100.000
; P02 POINT 701 point-0000701 travel
G1 A0.000000 C0.000000 X274.413394 Y214.471373 Z312.600000 F100.000
; P02 EVENT event-0000191 prime
G1 E98.231361 F100.000
; P02 POINT 702 point-0000702 deposition
G1 A0.000000 C0.000000 X279.432097 Y214.471373 Z312.600000 E98.982513 F100.000
; P02 EVENT event-0000192 retract
G1 E97.982513 F100.000
; P02 POINT 703 point-0000703 travel
G1 A0.000000 C0.000000 X278.977432 Y215.071373 Z312.600000 F100.000
; P02 EVENT event-0000193 prime
G1 E98.982513 F100.000
; P02 POINT 704 point-0000704 deposition
G1 A0.000000 C0.000000 X273.958728 Y215.071373 Z312.600000 E99.733666 F100.000
; P02 EVENT event-0000194 retract
G1 E98.733666 F100.000
; P02 POINT 705 point-0000705 travel
G1 A0.000000 C0.000000 X273.504063 Y215.671373 Z312.600000 F100.000
; P02 EVENT event-0000195 prime
G1 E99.733666 F100.000
; P02 POINT 706 point-0000706 deposition
G1 A0.000000 C0.000000 X278.522766 Y215.671373 Z312.600000 E100.484818 F100.000
; P02 EVENT event-0000196 retract
G1 E99.484818 F100.000
; P02 POINT 707 point-0000707 travel
G1 A0.000000 C0.000000 X278.068100 Y216.271373 Z312.600000 F100.000
; P02 EVENT event-0000197 prime
G1 E100.484818 F100.000
; P02 POINT 708 point-0000708 deposition
G1 A0.000000 C0.000000 X273.049397 Y216.271373 Z312.600000 E101.235971 F100.000
; P02 EVENT event-0000198 retract
G1 E100.235971 F100.000
; P02 POINT 709 point-0000709 travel
G1 A0.000000 C0.000000 X272.594731 Y216.871373 Z312.600000 F100.000
; P02 EVENT event-0000199 prime
G1 E101.235971 F100.000
; P02 POINT 710 point-0000710 deposition
G1 A0.000000 C0.000000 X277.613435 Y216.871373 Z312.600000 E101.987123 F100.000
; P02 EVENT event-0000200 retract
G1 E100.987123 F100.000
; P02 POINT 711 point-0000711 travel
G1 A0.000000 C0.000000 X277.158769 Y217.471373 Z312.600000 F100.000
; P02 EVENT event-0000201 prime
G1 E101.987123 F100.000
; P02 POINT 712 point-0000712 deposition
G1 A0.000000 C0.000000 X272.140066 Y217.471373 Z312.600000 E102.738275 F100.000
; P02 EVENT event-0000202 retract
G1 E101.738275 F100.000
; P02 POINT 713 point-0000713 travel
G1 A0.000000 C0.000000 X271.685400 Y218.071373 Z312.600000 F100.000
; P02 EVENT event-0000203 prime
G1 E102.738275 F100.000
; P02 POINT 714 point-0000714 deposition
G1 A0.000000 C0.000000 X276.704103 Y218.071373 Z312.600000 E103.489428 F100.000
; P02 EVENT event-0000204 retract
G1 E102.489428 F100.000
; P02 POINT 715 point-0000715 travel
G1 A0.000000 C0.000000 X276.249437 Y218.671373 Z312.600000 F100.000
; P02 EVENT event-0000205 prime
G1 E103.489428 F100.000
; P02 POINT 716 point-0000716 deposition
G1 A0.000000 C0.000000 X271.230734 Y218.671373 Z312.600000 E104.240580 F100.000
; P02 EVENT event-0000206 retract
G1 E103.240580 F100.000
; P02 POINT 717 point-0000717 travel
G1 A0.000000 C0.000000 X270.776069 Y219.271373 Z312.600000 F100.000
; P02 EVENT event-0000207 prime
G1 E104.240580 F100.000
; P02 POINT 718 point-0000718 deposition
G1 A0.000000 C0.000000 X275.794772 Y219.271373 Z312.600000 E104.991732 F100.000
; P02 EVENT event-0000208 retract
G1 E103.991732 F100.000
; P02 POINT 719 point-0000719 travel
G1 A0.000000 C0.000000 X275.340106 Y219.871373 Z312.600000 F100.000
; P02 EVENT event-0000209 prime
G1 E104.991732 F100.000
; P02 POINT 720 point-0000720 deposition
G1 A0.000000 C0.000000 X270.321403 Y219.871373 Z312.600000 E105.742885 F100.000
; P02 EVENT event-0000210 retract
G1 E104.742885 F100.000
; P02 POINT 721 point-0000721 travel
G1 A0.000000 C0.000000 X269.866737 Y220.471373 Z312.600000 F100.000
; P02 EVENT event-0000211 prime
G1 E105.742885 F100.000
; P02 POINT 722 point-0000722 deposition
G1 A0.000000 C0.000000 X274.885440 Y220.471373 Z312.600000 E106.494037 F100.000
; P02 EVENT event-0000212 retract
G1 E105.494037 F100.000
; P02 POINT 723 point-0000723 travel
G1 A0.000000 C0.000000 X274.430775 Y221.071373 Z312.600000 F100.000
; P02 EVENT event-0000213 prime
G1 E106.494037 F100.000
; P02 POINT 724 point-0000724 deposition
G1 A0.000000 C0.000000 X269.412072 Y221.071373 Z312.600000 E107.245189 F100.000
; P02 EVENT event-0000214 retract
G1 E106.245189 F100.000
; P02 POINT 725 point-0000725 travel
G1 A0.000000 C0.000000 X268.957406 Y221.671373 Z312.600000 F100.000
; P02 EVENT event-0000215 prime
G1 E107.245189 F100.000
; P02 POINT 726 point-0000726 deposition
G1 A0.000000 C0.000000 X273.976109 Y221.671373 Z312.600000 E107.996342 F100.000
; P02 EVENT event-0000216 retract
G1 E106.996342 F100.000
; P02 POINT 727 point-0000727 travel
G1 A0.000000 C0.000000 X273.521443 Y222.271373 Z312.600000 F100.000
; P02 EVENT event-0000217 prime
G1 E107.996342 F100.000
; P02 POINT 728 point-0000728 deposition
G1 A0.000000 C0.000000 X268.502740 Y222.271373 Z312.600000 E108.747494 F100.000
; P02 EVENT event-0000218 retract
G1 E107.747494 F100.000
; P02 POINT 729 point-0000729 travel
G1 A0.000000 C0.000000 X268.048075 Y222.871373 Z312.600000 F100.000
; P02 EVENT event-0000219 prime
G1 E108.747494 F100.000
; P02 POINT 730 point-0000730 deposition
G1 A0.000000 C0.000000 X273.066778 Y222.871373 Z312.600000 E109.498646 F100.000
; P02 EVENT event-0000220 retract
G1 E108.498646 F100.000
; P02 POINT 731 point-0000731 travel
G1 A0.000000 C0.000000 X272.612112 Y223.471373 Z312.600000 F100.000
; P02 EVENT event-0000221 prime
G1 E109.498646 F100.000
; P02 POINT 732 point-0000732 deposition
G1 A0.000000 C0.000000 X267.593409 Y223.471373 Z312.600000 E110.249799 F100.000
; P02 EVENT event-0000222 retract
G1 E109.249799 F100.000
; P02 POINT 733 point-0000733 travel
G1 A0.000000 C0.000000 X267.138743 Y224.071373 Z312.600000 F100.000
; P02 EVENT event-0000223 prime
G1 E110.249799 F100.000
; P02 POINT 734 point-0000734 deposition
G1 A0.000000 C0.000000 X272.157446 Y224.071373 Z312.600000 E111.000951 F100.000
; P02 EVENT event-0000224 retract
G1 E110.000951 F100.000
; P02 POINT 735 point-0000735 travel
G1 A0.000000 C0.000000 X271.702781 Y224.671373 Z312.600000 F100.000
; P02 EVENT event-0000225 prime
G1 E111.000951 F100.000
; P02 POINT 736 point-0000736 deposition
G1 A0.000000 C0.000000 X266.684077 Y224.671373 Z312.600000 E111.752103 F100.000
; P02 EVENT event-0000226 retract
G1 E110.752103 F100.000
; P02 POINT 737 point-0000737 travel
G1 A0.000000 C0.000000 X266.229412 Y225.271373 Z312.600000 F100.000
; P02 EVENT event-0000227 prime
G1 E111.752103 F100.000
; P02 POINT 738 point-0000738 deposition
G1 A0.000000 C0.000000 X271.248115 Y225.271373 Z312.600000 E112.503256 F100.000
; P02 EVENT event-0000228 retract
G1 E111.503256 F100.000
; P02 POINT 739 point-0000739 travel
G1 A0.000000 C0.000000 X270.793449 Y225.871373 Z312.600000 F100.000
; P02 EVENT event-0000229 prime
G1 E112.503256 F100.000
; P02 POINT 740 point-0000740 deposition
G1 A0.000000 C0.000000 X265.774746 Y225.871373 Z312.600000 E113.254408 F100.000
; P02 EVENT event-0000230 retract
G1 E112.254408 F100.000
; P02 POINT 741 point-0000741 travel
G1 A0.000000 C0.000000 X265.320080 Y226.471373 Z312.600000 F100.000
; P02 EVENT event-0000231 prime
G1 E113.254408 F100.000
; P02 POINT 742 point-0000742 deposition
G1 A0.000000 C0.000000 X270.338784 Y226.471373 Z312.600000 E114.005561 F100.000
; P02 EVENT event-0000232 retract
G1 E113.005561 F100.000
; P02 POINT 743 point-0000743 travel
G1 A0.000000 C0.000000 X269.884118 Y227.071373 Z312.600000 F100.000
; P02 EVENT event-0000233 prime
G1 E114.005561 F100.000
; P02 POINT 744 point-0000744 deposition
G1 A0.000000 C0.000000 X264.865415 Y227.071373 Z312.600000 E114.756713 F100.000
; P02 EVENT event-0000234 retract
G1 E113.756713 F100.000
; P02 POINT 745 point-0000745 travel
G1 A0.000000 C0.000000 X264.410749 Y227.671373 Z312.600000 F100.000
; P02 EVENT event-0000235 prime
G1 E114.756713 F100.000
; P02 POINT 746 point-0000746 deposition
G1 A0.000000 C0.000000 X269.429452 Y227.671373 Z312.600000 E115.507865 F100.000
; P02 EVENT event-0000236 retract
G1 E114.507865 F100.000
; P02 POINT 747 point-0000747 travel
G1 A0.000000 C0.000000 X268.974787 Y228.271373 Z312.600000 F100.000
; P02 EVENT event-0000237 prime
G1 E115.507865 F100.000
; P02 POINT 748 point-0000748 deposition
G1 A0.000000 C0.000000 X263.956083 Y228.271373 Z312.600000 E116.259018 F100.000
; P02 EVENT event-0000238 retract
G1 E115.259018 F100.000
; P02 POINT 749 point-0000749 travel
G1 A0.000000 C0.000000 X263.501418 Y228.871373 Z312.600000 F100.000
; P02 EVENT event-0000239 prime
G1 E116.259018 F100.000
; P02 POINT 750 point-0000750 deposition
G1 A0.000000 C0.000000 X268.520121 Y228.871373 Z312.600000 E117.010170 F100.000
; P02 EVENT event-0000240 retract
G1 E116.010170 F100.000
; P02 POINT 751 point-0000751 travel
G1 A0.000000 C0.000000 X268.065455 Y229.471373 Z312.600000 F100.000
; P02 EVENT event-0000241 prime
G1 E117.010170 F100.000
; P02 POINT 752 point-0000752 deposition
G1 A0.000000 C0.000000 X263.046752 Y229.471373 Z312.600000 E117.761322 F100.000
; P02 EVENT event-0000242 retract
G1 E116.761322 F100.000
; P02 POINT 753 point-0000753 travel
G1 A0.000000 C0.000000 X262.592086 Y230.071373 Z312.600000 F100.000
; P02 EVENT event-0000243 prime
G1 E117.761322 F100.000
; P02 POINT 754 point-0000754 deposition
G1 A0.000000 C0.000000 X267.610789 Y230.071373 Z312.600000 E118.512475 F100.000
; P02 EVENT event-0000244 retract
G1 E117.512475 F100.000
; P02 POINT 755 point-0000755 travel
G1 A0.000000 C0.000000 X267.156124 Y230.671373 Z312.600000 F100.000
; P02 EVENT event-0000245 prime
G1 E118.512475 F100.000
; P02 POINT 756 point-0000756 deposition
G1 A0.000000 C0.000000 X262.137421 Y230.671373 Z312.600000 E119.263627 F100.000
; P02 EVENT event-0000246 retract
G1 E118.263627 F100.000
; P02 POINT 757 point-0000757 travel
G1 A0.000000 C0.000000 X261.682755 Y231.271373 Z312.600000 F100.000
; P02 EVENT event-0000247 prime
G1 E119.263627 F100.000
; P02 POINT 758 point-0000758 deposition
G1 A0.000000 C0.000000 X266.701458 Y231.271373 Z312.600000 E120.014779 F100.000
; P02 EVENT event-0000248 retract
G1 E119.014779 F100.000
; P02 POINT 759 point-0000759 travel
G1 A0.000000 C0.000000 X266.246792 Y231.871373 Z312.600000 F100.000
; P02 EVENT event-0000249 prime
G1 E120.014779 F100.000
; P02 POINT 760 point-0000760 deposition
G1 A0.000000 C0.000000 X261.228089 Y231.871373 Z312.600000 E120.765932 F100.000
; P02 EVENT event-0000250 retract
G1 E119.765932 F100.000
; P02 POINT 761 point-0000761 travel
G1 A0.000000 C0.000000 X260.773424 Y232.471373 Z312.600000 F100.000
; P02 EVENT event-0000251 prime
G1 E120.765932 F100.000
; P02 POINT 762 point-0000762 deposition
G1 A0.000000 C0.000000 X265.792127 Y232.471373 Z312.600000 E121.517084 F100.000
; P02 EVENT event-0000252 retract
G1 E120.517084 F100.000
; P02 POINT 763 point-0000763 travel
G1 A0.000000 C0.000000 X265.337461 Y233.071373 Z312.600000 F100.000
; P02 EVENT event-0000253 prime
G1 E121.517084 F100.000
; P02 POINT 764 point-0000764 deposition
G1 A0.000000 C0.000000 X260.318758 Y233.071373 Z312.600000 E122.268236 F100.000
; P02 EVENT event-0000254 retract
G1 E121.268236 F100.000
; P02 POINT 765 point-0000765 travel
G1 A0.000000 C0.000000 X259.864092 Y233.671373 Z312.600000 F100.000
; P02 EVENT event-0000255 prime
G1 E122.268236 F100.000
; P02 POINT 766 point-0000766 deposition
G1 A0.000000 C0.000000 X264.882795 Y233.671373 Z312.600000 E123.019389 F100.000
; P02 EVENT event-0000256 retract
G1 E122.019389 F100.000
; P02 POINT 767 point-0000767 travel
G1 A0.000000 C0.000000 X264.428130 Y234.271373 Z312.600000 F100.000
; P02 EVENT event-0000257 prime
G1 E123.019389 F100.000
; P02 POINT 768 point-0000768 deposition
G1 A0.000000 C0.000000 X259.409427 Y234.271373 Z312.600000 E123.770541 F100.000
; P02 EVENT event-0000258 retract
G1 E122.770541 F100.000
; P02 POINT 769 point-0000769 travel
G1 A0.000000 C0.000000 X258.954761 Y234.871373 Z312.600000 F100.000
; P02 EVENT event-0000259 prime
G1 E123.770541 F100.000
; P02 POINT 770 point-0000770 deposition
G1 A0.000000 C0.000000 X263.973464 Y234.871373 Z312.600000 E124.521693 F100.000
; P02 EVENT event-0000260 retract
G1 E123.521693 F100.000
; P02 POINT 771 point-0000771 travel
G1 A0.000000 C0.000000 X263.518798 Y235.471373 Z312.600000 F100.000
; P02 EVENT event-0000261 prime
G1 E124.521693 F100.000
; P02 POINT 772 point-0000772 deposition
G1 A0.000000 C0.000000 X258.500095 Y235.471373 Z312.600000 E125.272846 F100.000
; P02 EVENT event-0000262 retract
G1 E124.272846 F100.000
; P02 POINT 773 point-0000773 travel
G1 A0.000000 C0.000000 X258.045429 Y236.071373 Z312.600000 F100.000
; P02 EVENT event-0000263 prime
G1 E125.272846 F100.000
; P02 POINT 774 point-0000774 deposition
G1 A0.000000 C0.000000 X263.064133 Y236.071373 Z312.600000 E126.023998 F100.000
; P02 EVENT event-0000264 retract
G1 E125.023998 F100.000
; P02 POINT 775 point-0000775 travel
G1 A0.000000 C0.000000 X262.609467 Y236.671373 Z312.600000 F100.000
; P02 EVENT event-0000265 prime
G1 E126.023998 F100.000
; P02 POINT 776 point-0000776 deposition
G1 A0.000000 C0.000000 X257.590764 Y236.671373 Z312.600000 E126.775151 F100.000
; P02 EVENT event-0000266 retract
G1 E125.775151 F100.000
; P02 POINT 777 point-0000777 travel
G1 A0.000000 C0.000000 X257.136098 Y237.271373 Z312.600000 F100.000
; P02 EVENT event-0000267 prime
G1 E126.775151 F100.000
; P02 POINT 778 point-0000778 deposition
G1 A0.000000 C0.000000 X262.154801 Y237.271373 Z312.600000 E127.526303 F100.000
; P02 EVENT event-0000268 retract
G1 E126.526303 F100.000
; P02 POINT 779 point-0000779 travel
G1 A0.000000 C0.000000 X261.700136 Y237.871373 Z312.600000 F100.000
; P02 EVENT event-0000269 prime
G1 E127.526303 F100.000
; P02 POINT 780 point-0000780 deposition
G1 A0.000000 C0.000000 X256.681432 Y237.871373 Z312.600000 E128.277455 F100.000
; P02 EVENT event-0000270 retract
G1 E127.277455 F100.000
; P02 POINT 781 point-0000781 travel
G1 A0.000000 C0.000000 X256.226767 Y238.471373 Z312.600000 F100.000
; P02 EVENT event-0000271 prime
G1 E128.277455 F100.000
; P02 POINT 782 point-0000782 deposition
G1 A0.000000 C0.000000 X261.245470 Y238.471373 Z312.600000 E129.028608 F100.000
; P02 EVENT event-0000272 retract
G1 E128.028608 F100.000
; P02 POINT 783 point-0000783 travel
G1 A0.000000 C0.000000 X260.790804 Y239.071373 Z312.600000 F100.000
; P02 EVENT event-0000273 prime
G1 E129.028608 F100.000
; P02 POINT 784 point-0000784 deposition
G1 A0.000000 C0.000000 X255.772101 Y239.071373 Z312.600000 E129.779760 F100.000
; P02 EVENT event-0000274 retract
G1 E128.779760 F100.000
; P02 POINT 785 point-0000785 travel
G1 A0.000000 C0.000000 X255.317435 Y239.671373 Z312.600000 F100.000
; P02 EVENT event-0000275 prime
G1 E129.779760 F100.000
; P02 POINT 786 point-0000786 deposition
G1 A0.000000 C0.000000 X260.336139 Y239.671373 Z312.600000 E130.530912 F100.000
; P02 EVENT event-0000276 retract
G1 E129.530912 F100.000
; P02 POINT 787 point-0000787 travel
G1 A0.000000 C0.000000 X259.881473 Y240.271373 Z312.600000 F100.000
; P02 EVENT event-0000277 prime
G1 E130.530912 F100.000
; P02 POINT 788 point-0000788 deposition
G1 A0.000000 C0.000000 X254.862770 Y240.271373 Z312.600000 E131.282065 F100.000
; P02 EVENT event-0000278 retract
G1 E130.282065 F100.000
; P02 POINT 789 point-0000789 travel
G1 A0.000000 C0.000000 X254.510743 Y240.871373 Z312.600000 F100.000
; P02 EVENT event-0000279 prime
G1 E131.282065 F100.000
; P02 POINT 790 point-0000790 deposition
G1 A0.000000 C0.000000 X259.426807 Y240.871373 Z312.600000 E132.017855 F100.000
; P02 EVENT event-0000280 retract
G1 E131.017855 F100.000
; P02 POINT 791 point-0000791 travel
G1 A0.000000 C0.000000 X258.972142 Y241.471373 Z312.600000 F100.000
; P02 EVENT event-0000281 prime
G1 E132.017855 F100.000
; P02 POINT 792 point-0000792 deposition
G1 A0.000000 C0.000000 X255.302533 Y241.471373 Z312.600000 E132.567087 F100.000
; P02 EVENT event-0000282 retract
G1 E131.567087 F100.000
; P02 POINT 793 point-0000793 travel
G1 A0.000000 C0.000000 X256.094323 Y242.071373 Z312.600000 F100.000
; P02 EVENT event-0000283 prime
G1 E132.567087 F100.000
; P02 POINT 794 point-0000794 deposition
G1 A0.000000 C0.000000 X258.517476 Y242.071373 Z312.600000 E132.929762 F100.000
; P02 EVENT event-0000284 retract
G1 E131.929762 F100.000
; P02 POINT 795 point-0000795 travel
G1 A0.000000 C0.000000 X258.062810 Y242.671373 Z312.600000 F100.000
; P02 EVENT event-0000285 prime
G1 E132.929762 F100.000
; P02 POINT 796 point-0000796 deposition
G1 A0.000000 C0.000000 X256.886112 Y242.671373 Z312.600000 E133.105879 F100.000
; P02 EVENT event-0000286 retract
G1 E132.105879 F100.000
; P02 POINT 797 point-0000797 travel
G1 A0.000000 C0.000000 X254.525892 Y240.861336 Z313.200000 F100.000
; P02 EVENT event-0000287 prime
G1 E133.105879 F100.000
; P02 POINT 798 point-0000798 deposition
G1 A0.000000 C0.000000 X255.003178 Y240.242835 Z313.200000 E133.222809 F100.000
; P02 POINT 799 point-0000799 deposition
G1 A0.000000 C0.000000 X255.480463 Y239.624334 Z313.200000 E133.339738 F100.000
; P02 POINT 800 point-0000800 deposition
G1 A0.000000 C0.000000 X255.957749 Y239.005833 Z313.200000 E133.456668 F100.000
; P02 POINT 801 point-0000801 deposition
G1 A0.000000 C0.000000 X256.435034 Y238.387332 Z313.200000 E133.573597 F100.000
; P02 POINT 802 point-0000802 deposition
G1 A0.000000 C0.000000 X256.912320 Y237.768831 Z313.200000 E133.690527 F100.000
; P02 POINT 803 point-0000803 deposition
G1 A0.000000 C0.000000 X257.389605 Y237.150330 Z313.200000 E133.807456 F100.000
; P02 POINT 804 point-0000804 deposition
G1 A0.000000 C0.000000 X257.866891 Y236.531829 Z313.200000 E133.924386 F100.000
; P02 POINT 805 point-0000805 deposition
G1 A0.000000 C0.000000 X258.344176 Y235.913328 Z313.200000 E134.041315 F100.000
; P02 POINT 806 point-0000806 deposition
G1 A0.000000 C0.000000 X258.821462 Y235.294827 Z313.200000 E134.158245 F100.000
; P02 POINT 807 point-0000807 deposition
G1 A0.000000 C0.000000 X259.298747 Y234.676326 Z313.200000 E134.275175 F100.000
; P02 POINT 808 point-0000808 deposition
G1 A0.000000 C0.000000 X259.776033 Y234.057825 Z313.200000 E134.392104 F100.000
; P02 POINT 809 point-0000809 deposition
G1 A0.000000 C0.000000 X260.253318 Y233.439324 Z313.200000 E134.509034 F100.000
; P02 POINT 810 point-0000810 deposition
G1 A0.000000 C0.000000 X260.730604 Y232.820823 Z313.200000 E134.625963 F100.000
; P02 POINT 811 point-0000811 deposition
G1 A0.000000 C0.000000 X261.207889 Y232.202323 Z313.200000 E134.742893 F100.000
; P02 POINT 812 point-0000812 deposition
G1 A0.000000 C0.000000 X261.685175 Y231.583822 Z313.200000 E134.859822 F100.000
; P02 POINT 813 point-0000813 deposition
G1 A0.000000 C0.000000 X262.162460 Y230.965321 Z313.200000 E134.976752 F100.000
; P02 POINT 814 point-0000814 deposition
G1 A0.000000 C0.000000 X262.639746 Y230.346820 Z313.200000 E135.093681 F100.000
; P02 POINT 815 point-0000815 deposition
G1 A0.000000 C0.000000 X263.117032 Y229.728319 Z313.200000 E135.210611 F100.000
; P02 POINT 816 point-0000816 deposition
G1 A0.000000 C0.000000 X263.594317 Y229.109818 Z313.200000 E135.327540 F100.000
; P02 POINT 817 point-0000817 deposition
G1 A0.000000 C0.000000 X264.071603 Y228.491317 Z313.200000 E135.444470 F100.000
; P02 POINT 818 point-0000818 deposition
G1 A0.000000 C0.000000 X264.548888 Y227.872816 Z313.200000 E135.561399 F100.000
; P02 POINT 819 point-0000819 deposition
G1 A0.000000 C0.000000 X265.026174 Y227.254315 Z313.200000 E135.678329 F100.000
; P02 POINT 820 point-0000820 deposition
G1 A0.000000 C0.000000 X265.503459 Y226.635814 Z313.200000 E135.795258 F100.000
; P02 POINT 821 point-0000821 deposition
G1 A0.000000 C0.000000 X265.980745 Y226.017313 Z313.200000 E135.912188 F100.000
; P02 POINT 822 point-0000822 deposition
G1 A0.000000 C0.000000 X266.458030 Y225.398812 Z313.200000 E136.029117 F100.000
; P02 POINT 823 point-0000823 deposition
G1 A0.000000 C0.000000 X266.935316 Y224.780311 Z313.200000 E136.146047 F100.000
; P02 POINT 824 point-0000824 deposition
G1 A0.000000 C0.000000 X267.412601 Y224.161810 Z313.200000 E136.262977 F100.000
; P02 POINT 825 point-0000825 deposition
G1 A0.000000 C0.000000 X267.889887 Y223.543309 Z313.200000 E136.379906 F100.000
; P02 POINT 826 point-0000826 deposition
G1 A0.000000 C0.000000 X268.367172 Y222.924808 Z313.200000 E136.496836 F100.000
; P02 POINT 827 point-0000827 deposition
G1 A0.000000 C0.000000 X268.844458 Y222.306307 Z313.200000 E136.613765 F100.000
; P02 POINT 828 point-0000828 deposition
G1 A0.000000 C0.000000 X269.321743 Y221.687806 Z313.200000 E136.730695 F100.000
; P02 POINT 829 point-0000829 deposition
G1 A0.000000 C0.000000 X269.799029 Y221.069305 Z313.200000 E136.847624 F100.000
; P02 POINT 830 point-0000830 deposition
G1 A0.000000 C0.000000 X270.276314 Y220.450804 Z313.200000 E136.964554 F100.000
; P02 POINT 831 point-0000831 deposition
G1 A0.000000 C0.000000 X270.753600 Y219.832303 Z313.200000 E137.081483 F100.000
; P02 POINT 832 point-0000832 deposition
G1 A0.000000 C0.000000 X271.230885 Y219.213802 Z313.200000 E137.198413 F100.000
; P02 POINT 833 point-0000833 deposition
G1 A0.000000 C0.000000 X271.708171 Y218.595301 Z313.200000 E137.315342 F100.000
; P02 POINT 834 point-0000834 deposition
G1 A0.000000 C0.000000 X272.185456 Y217.976800 Z313.200000 E137.432272 F100.000
; P02 POINT 835 point-0000835 deposition
G1 A0.000000 C0.000000 X272.662742 Y217.358299 Z313.200000 E137.549201 F100.000
; P02 POINT 836 point-0000836 deposition
G1 A0.000000 C0.000000 X273.140027 Y216.739798 Z313.200000 E137.666131 F100.000
; P02 POINT 837 point-0000837 deposition
G1 A0.000000 C0.000000 X273.617313 Y216.121297 Z313.200000 E137.783060 F100.000
; P02 POINT 838 point-0000838 deposition
G1 A0.000000 C0.000000 X274.094599 Y215.502796 Z313.200000 E137.899990 F100.000
; P02 POINT 839 point-0000839 deposition
G1 A0.000000 C0.000000 X274.571884 Y214.884295 Z313.200000 E138.016919 F100.000
; P02 POINT 840 point-0000840 deposition
G1 A0.000000 C0.000000 X275.049170 Y214.265794 Z313.200000 E138.133849 F100.000
; P02 POINT 841 point-0000841 deposition
G1 A0.000000 C0.000000 X275.526455 Y213.647293 Z313.200000 E138.250779 F100.000
; P02 POINT 842 point-0000842 deposition
G1 A0.000000 C0.000000 X276.003741 Y213.028792 Z313.200000 E138.367708 F100.000
; P02 POINT 843 point-0000843 deposition
G1 A0.000000 C0.000000 X276.481026 Y212.410291 Z313.200000 E138.484638 F100.000
; P02 POINT 844 point-0000844 deposition
G1 A0.000000 C0.000000 X276.958312 Y211.791790 Z313.200000 E138.601567 F100.000
; P02 POINT 845 point-0000845 deposition
G1 A0.000000 C0.000000 X277.435597 Y211.173289 Z313.200000 E138.718497 F100.000
; P02 POINT 846 point-0000846 deposition
G1 A0.000000 C0.000000 X277.912883 Y210.554788 Z313.200000 E138.835426 F100.000
; P02 POINT 847 point-0000847 deposition
G1 A0.000000 C0.000000 X278.390168 Y209.936287 Z313.200000 E138.952356 F100.000
; P02 POINT 848 point-0000848 deposition
G1 A0.000000 C0.000000 X278.867454 Y209.317786 Z313.200000 E139.069285 F100.000
; P02 POINT 849 point-0000849 deposition
G1 A0.000000 C0.000000 X279.344739 Y208.699285 Z313.200000 E139.186215 F100.000
; P02 POINT 850 point-0000850 deposition
G1 A0.000000 C0.000000 X279.822025 Y208.080784 Z313.200000 E139.303144 F100.000
; P02 POINT 851 point-0000851 deposition
G1 A0.000000 C0.000000 X280.299310 Y207.462283 Z313.200000 E139.420074 F100.000
; P02 POINT 852 point-0000852 deposition
G1 A0.000000 C0.000000 X280.776596 Y206.843782 Z313.200000 E139.537003 F100.000
; P02 POINT 853 point-0000853 deposition
G1 A0.000000 C0.000000 X281.253881 Y206.225281 Z313.200000 E139.653933 F100.000
; P02 POINT 854 point-0000854 deposition
G1 A0.000000 C0.000000 X281.731167 Y205.606780 Z313.200000 E139.770862 F100.000
; P02 POINT 855 point-0000855 deposition
G1 A0.000000 C0.000000 X282.208452 Y204.988279 Z313.200000 E139.887792 F100.000
; P02 POINT 856 point-0000856 deposition
G1 A0.000000 C0.000000 X282.685738 Y204.369778 Z313.200000 E140.004721 F100.000
; P02 POINT 857 point-0000857 deposition
G1 A0.000000 C0.000000 X283.163023 Y203.751277 Z313.200000 E140.121651 F100.000
; P02 POINT 858 point-0000858 deposition
G1 A0.000000 C0.000000 X283.640309 Y203.132776 Z313.200000 E140.238581 F100.000
; P02 POINT 859 point-0000859 deposition
G1 A0.000000 C0.000000 X284.117594 Y202.514275 Z313.200000 E140.355510 F100.000
; P02 POINT 860 point-0000860 deposition
G1 A0.000000 C0.000000 X284.594880 Y201.895774 Z313.200000 E140.472440 F100.000
; P02 POINT 861 point-0000861 deposition
G1 A0.000000 C0.000000 X285.072166 Y201.277273 Z313.200000 E140.589369 F100.000
; P02 POINT 862 point-0000862 deposition
G1 A0.000000 C0.000000 X285.121646 Y201.315456 Z313.200000 E140.598723 F100.000
; P02 POINT 863 point-0000863 deposition
G1 A0.000000 C0.000000 X285.171126 Y201.353639 Z313.200000 E140.608078 F100.000
; P02 POINT 864 point-0000864 deposition
G1 A0.000000 C0.000000 X285.220606 Y201.391821 Z313.200000 E140.617432 F100.000
; P02 POINT 865 point-0000865 deposition
G1 A0.000000 C0.000000 X285.270086 Y201.430004 Z313.200000 E140.626787 F100.000
; P02 POINT 866 point-0000866 deposition
G1 A0.000000 C0.000000 X285.319566 Y201.468187 Z313.200000 E140.636141 F100.000
; P02 POINT 867 point-0000867 deposition
G1 A0.000000 C0.000000 X285.369046 Y201.506370 Z313.200000 E140.645495 F100.000
; P02 POINT 868 point-0000868 deposition
G1 A0.000000 C0.000000 X285.418526 Y201.544553 Z313.200000 E140.654850 F100.000
; P02 POINT 869 point-0000869 deposition
G1 A0.000000 C0.000000 X285.468006 Y201.582736 Z313.200000 E140.664204 F100.000
; P02 POINT 870 point-0000870 deposition
G1 A0.000000 C0.000000 X285.517486 Y201.620919 Z313.200000 E140.673558 F100.000
; P02 POINT 871 point-0000871 deposition
G1 A0.000000 C0.000000 X285.566966 Y201.659101 Z313.200000 E140.682913 F100.000
; P02 POINT 872 point-0000872 deposition
G1 A0.000000 C0.000000 X285.616446 Y201.697284 Z313.200000 E140.692267 F100.000
; P02 POINT 873 point-0000873 deposition
G1 A0.000000 C0.000000 X285.665926 Y201.735467 Z313.200000 E140.701621 F100.000
; P02 POINT 874 point-0000874 deposition
G1 A0.000000 C0.000000 X285.715407 Y201.773650 Z313.200000 E140.710976 F100.000
; P02 POINT 875 point-0000875 deposition
G1 A0.000000 C0.000000 X285.764887 Y201.811833 Z313.200000 E140.720330 F100.000
; P02 POINT 876 point-0000876 deposition
G1 A0.000000 C0.000000 X285.814367 Y201.850016 Z313.200000 E140.729685 F100.000
; P02 POINT 877 point-0000877 deposition
G1 A0.000000 C0.000000 X285.863847 Y201.888198 Z313.200000 E140.739039 F100.000
; P02 POINT 878 point-0000878 deposition
G1 A0.000000 C0.000000 X285.913327 Y201.926381 Z313.200000 E140.748393 F100.000
; P02 POINT 879 point-0000879 deposition
G1 A0.000000 C0.000000 X285.962807 Y201.964564 Z313.200000 E140.757748 F100.000
; P02 POINT 880 point-0000880 deposition
G1 A0.000000 C0.000000 X286.012287 Y202.002747 Z313.200000 E140.767102 F100.000
; P02 POINT 881 point-0000881 deposition
G1 A0.000000 C0.000000 X286.061767 Y202.040930 Z313.200000 E140.776456 F100.000
; P02 POINT 882 point-0000882 deposition
G1 A0.000000 C0.000000 X286.111247 Y202.079113 Z313.200000 E140.785811 F100.000
; P02 POINT 883 point-0000883 deposition
G1 A0.000000 C0.000000 X286.160727 Y202.117295 Z313.200000 E140.795165 F100.000
; P02 POINT 884 point-0000884 deposition
G1 A0.000000 C0.000000 X286.210207 Y202.155478 Z313.200000 E140.804519 F100.000
; P02 POINT 885 point-0000885 deposition
G1 A0.000000 C0.000000 X286.259687 Y202.193661 Z313.200000 E140.813874 F100.000
; P02 POINT 886 point-0000886 deposition
G1 A0.000000 C0.000000 X286.309167 Y202.231844 Z313.200000 E140.823228 F100.000
; P02 POINT 887 point-0000887 deposition
G1 A0.000000 C0.000000 X286.358648 Y202.270027 Z313.200000 E140.832583 F100.000
; P02 POINT 888 point-0000888 deposition
G1 A0.000000 C0.000000 X286.408128 Y202.308210 Z313.200000 E140.841937 F100.000
; P02 POINT 889 point-0000889 deposition
G1 A0.000000 C0.000000 X286.457608 Y202.346393 Z313.200000 E140.851291 F100.000
; P02 POINT 890 point-0000890 deposition
G1 A0.000000 C0.000000 X286.507088 Y202.384575 Z313.200000 E140.860646 F100.000
; P02 POINT 891 point-0000891 deposition
G1 A0.000000 C0.000000 X286.556568 Y202.422758 Z313.200000 E140.870000 F100.000
; P02 POINT 892 point-0000892 deposition
G1 A0.000000 C0.000000 X286.606048 Y202.460941 Z313.200000 E140.879354 F100.000
; P02 POINT 893 point-0000893 deposition
G1 A0.000000 C0.000000 X286.655528 Y202.499124 Z313.200000 E140.888709 F100.000
; P02 POINT 894 point-0000894 deposition
G1 A0.000000 C0.000000 X286.705008 Y202.537307 Z313.200000 E140.898063 F100.000
; P02 POINT 895 point-0000895 deposition
G1 A0.000000 C0.000000 X286.754488 Y202.575490 Z313.200000 E140.907417 F100.000
; P02 POINT 896 point-0000896 deposition
G1 A0.000000 C0.000000 X286.803968 Y202.613672 Z313.200000 E140.916772 F100.000
; P02 POINT 897 point-0000897 deposition
G1 A0.000000 C0.000000 X286.853448 Y202.651855 Z313.200000 E140.926126 F100.000
; P02 POINT 898 point-0000898 deposition
G1 A0.000000 C0.000000 X286.902928 Y202.690038 Z313.200000 E140.935480 F100.000
; P02 POINT 899 point-0000899 deposition
G1 A0.000000 C0.000000 X286.952409 Y202.728221 Z313.200000 E140.944835 F100.000
; P02 POINT 900 point-0000900 deposition
G1 A0.000000 C0.000000 X287.001889 Y202.766404 Z313.200000 E140.954189 F100.000
; P02 POINT 901 point-0000901 deposition
G1 A0.000000 C0.000000 X287.051369 Y202.804587 Z313.200000 E140.963544 F100.000
; P02 POINT 902 point-0000902 deposition
G1 A0.000000 C0.000000 X287.100849 Y202.842769 Z313.200000 E140.972898 F100.000
; P02 POINT 903 point-0000903 deposition
G1 A0.000000 C0.000000 X287.150329 Y202.880952 Z313.200000 E140.982252 F100.000
; P02 POINT 904 point-0000904 deposition
G1 A0.000000 C0.000000 X287.199809 Y202.919135 Z313.200000 E140.991607 F100.000
; P02 POINT 905 point-0000905 deposition
G1 A0.000000 C0.000000 X287.249289 Y202.957318 Z313.200000 E141.000961 F100.000
; P02 POINT 906 point-0000906 deposition
G1 A0.000000 C0.000000 X287.298769 Y202.995501 Z313.200000 E141.010315 F100.000
; P02 POINT 907 point-0000907 deposition
G1 A0.000000 C0.000000 X287.348249 Y203.033684 Z313.200000 E141.019670 F100.000
; P02 POINT 908 point-0000908 deposition
G1 A0.000000 C0.000000 X287.397729 Y203.071867 Z313.200000 E141.029024 F100.000
; P02 POINT 909 point-0000909 deposition
G1 A0.000000 C0.000000 X287.447209 Y203.110049 Z313.200000 E141.038378 F100.000
; P02 POINT 910 point-0000910 deposition
G1 A0.000000 C0.000000 X287.496689 Y203.148232 Z313.200000 E141.047733 F100.000
; P02 POINT 911 point-0000911 deposition
G1 A0.000000 C0.000000 X287.546169 Y203.186415 Z313.200000 E141.057087 F100.000
; P02 POINT 912 point-0000912 deposition
G1 A0.000000 C0.000000 X287.595650 Y203.224598 Z313.200000 E141.066442 F100.000
; P02 POINT 913 point-0000913 deposition
G1 A0.000000 C0.000000 X287.645130 Y203.262781 Z313.200000 E141.075796 F100.000
; P02 POINT 914 point-0000914 deposition
G1 A0.000000 C0.000000 X287.694610 Y203.300964 Z313.200000 E141.085150 F100.000
; P02 POINT 915 point-0000915 deposition
G1 A0.000000 C0.000000 X287.744090 Y203.339146 Z313.200000 E141.094505 F100.000
; P02 POINT 916 point-0000916 deposition
G1 A0.000000 C0.000000 X287.793570 Y203.377329 Z313.200000 E141.103859 F100.000
; P02 POINT 917 point-0000917 deposition
G1 A0.000000 C0.000000 X287.843050 Y203.415512 Z313.200000 E141.113213 F100.000
; P02 POINT 918 point-0000918 deposition
G1 A0.000000 C0.000000 X287.892530 Y203.453695 Z313.200000 E141.122568 F100.000
; P02 POINT 919 point-0000919 deposition
G1 A0.000000 C0.000000 X287.942010 Y203.491878 Z313.200000 E141.131922 F100.000
; P02 POINT 920 point-0000920 deposition
G1 A0.000000 C0.000000 X287.991490 Y203.530061 Z313.200000 E141.141276 F100.000
; P02 POINT 921 point-0000921 deposition
G1 A0.000000 C0.000000 X288.040970 Y203.568243 Z313.200000 E141.150631 F100.000
; P02 POINT 922 point-0000922 deposition
G1 A0.000000 C0.000000 X288.090450 Y203.606426 Z313.200000 E141.159985 F100.000
; P02 POINT 923 point-0000923 deposition
G1 A0.000000 C0.000000 X288.139930 Y203.644609 Z313.200000 E141.169340 F100.000
; P02 POINT 924 point-0000924 deposition
G1 A0.000000 C0.000000 X288.189411 Y203.682792 Z313.200000 E141.178694 F100.000
; P02 POINT 925 point-0000925 deposition
G1 A0.000000 C0.000000 X288.238891 Y203.720975 Z313.200000 E141.188048 F100.000
; P02 POINT 926 point-0000926 deposition
G1 A0.000000 C0.000000 X287.761605 Y204.339476 Z313.200000 E141.304978 F100.000
; P02 POINT 927 point-0000927 deposition
G1 A0.000000 C0.000000 X287.284320 Y204.957977 Z313.200000 E141.421907 F100.000
; P02 POINT 928 point-0000928 deposition
G1 A0.000000 C0.000000 X286.807034 Y205.576478 Z313.200000 E141.538837 F100.000
; P02 POINT 929 point-0000929 deposition
G1 A0.000000 C0.000000 X286.329748 Y206.194979 Z313.200000 E141.655766 F100.000
; P02 POINT 930 point-0000930 deposition
G1 A0.000000 C0.000000 X285.852463 Y206.813480 Z313.200000 E141.772696 F100.000
; P02 POINT 931 point-0000931 deposition
G1 A0.000000 C0.000000 X285.375177 Y207.431981 Z313.200000 E141.889625 F100.000
; P02 POINT 932 point-0000932 deposition
G1 A0.000000 C0.000000 X284.897892 Y208.050482 Z313.200000 E142.006555 F100.000
; P02 POINT 933 point-0000933 deposition
G1 A0.000000 C0.000000 X284.420606 Y208.668983 Z313.200000 E142.123484 F100.000
; P02 POINT 934 point-0000934 deposition
G1 A0.000000 C0.000000 X283.943321 Y209.287484 Z313.200000 E142.240414 F100.000
; P02 POINT 935 point-0000935 deposition
G1 A0.000000 C0.000000 X283.466035 Y209.905985 Z313.200000 E142.357344 F100.000
; P02 POINT 936 point-0000936 deposition
G1 A0.000000 C0.000000 X282.988750 Y210.524486 Z313.200000 E142.474273 F100.000
; P02 POINT 937 point-0000937 deposition
G1 A0.000000 C0.000000 X282.511464 Y211.142987 Z313.200000 E142.591203 F100.000
; P02 POINT 938 point-0000938 deposition
G1 A0.000000 C0.000000 X282.034179 Y211.761488 Z313.200000 E142.708132 F100.000
; P02 POINT 939 point-0000939 deposition
G1 A0.000000 C0.000000 X281.556893 Y212.379989 Z313.200000 E142.825062 F100.000
; P02 POINT 940 point-0000940 deposition
G1 A0.000000 C0.000000 X281.079608 Y212.998490 Z313.200000 E142.941991 F100.000
; P02 POINT 941 point-0000941 deposition
G1 A0.000000 C0.000000 X280.602322 Y213.616991 Z313.200000 E143.058921 F100.000
; P02 POINT 942 point-0000942 deposition
G1 A0.000000 C0.000000 X280.125037 Y214.235492 Z313.200000 E143.175850 F100.000
; P02 POINT 943 point-0000943 deposition
G1 A0.000000 C0.000000 X279.647751 Y214.853993 Z313.200000 E143.292780 F100.000
; P02 POINT 944 point-0000944 deposition
G1 A0.000000 C0.000000 X279.170466 Y215.472494 Z313.200000 E143.409709 F100.000
; P02 POINT 945 point-0000945 deposition
G1 A0.000000 C0.000000 X278.693180 Y216.090995 Z313.200000 E143.526639 F100.000
; P02 POINT 946 point-0000946 deposition
G1 A0.000000 C0.000000 X278.215895 Y216.709496 Z313.200000 E143.643568 F100.000
; P02 POINT 947 point-0000947 deposition
G1 A0.000000 C0.000000 X277.738609 Y217.327997 Z313.200000 E143.760498 F100.000
; P02 POINT 948 point-0000948 deposition
G1 A0.000000 C0.000000 X277.261324 Y217.946498 Z313.200000 E143.877427 F100.000
; P02 POINT 949 point-0000949 deposition
G1 A0.000000 C0.000000 X276.784038 Y218.564999 Z313.200000 E143.994357 F100.000
; P02 POINT 950 point-0000950 deposition
G1 A0.000000 C0.000000 X276.306753 Y219.183500 Z313.200000 E144.111286 F100.000
; P02 POINT 951 point-0000951 deposition
G1 A0.000000 C0.000000 X275.829467 Y219.802001 Z313.200000 E144.228216 F100.000
; P02 POINT 952 point-0000952 deposition
G1 A0.000000 C0.000000 X275.352182 Y220.420502 Z313.200000 E144.345146 F100.000
; P02 POINT 953 point-0000953 deposition
G1 A0.000000 C0.000000 X274.874896 Y221.039003 Z313.200000 E144.462075 F100.000
; P02 POINT 954 point-0000954 deposition
G1 A0.000000 C0.000000 X274.397610 Y221.657504 Z313.200000 E144.579005 F100.000
; P02 POINT 955 point-0000955 deposition
G1 A0.000000 C0.000000 X273.920325 Y222.276005 Z313.200000 E144.695934 F100.000
; P02 POINT 956 point-0000956 deposition
G1 A0.000000 C0.000000 X273.443039 Y222.894506 Z313.200000 E144.812864 F100.000
; P02 POINT 957 point-0000957 deposition
G1 A0.000000 C0.000000 X272.965754 Y223.513007 Z313.200000 E144.929793 F100.000
; P02 POINT 958 point-0000958 deposition
G1 A0.000000 C0.000000 X272.488468 Y224.131508 Z313.200000 E145.046723 F100.000
; P02 POINT 959 point-0000959 deposition
G1 A0.000000 C0.000000 X272.011183 Y224.750009 Z313.200000 E145.163652 F100.000
; P02 POINT 960 point-0000960 deposition
G1 A0.000000 C0.000000 X271.533897 Y225.368510 Z313.200000 E145.280582 F100.000
; P02 POINT 961 point-0000961 deposition
G1 A0.000000 C0.000000 X271.056612 Y225.987011 Z313.200000 E145.397511 F100.000
; P02 POINT 962 point-0000962 deposition
G1 A0.000000 C0.000000 X270.579326 Y226.605511 Z313.200000 E145.514441 F100.000
; P02 POINT 963 point-0000963 deposition
G1 A0.000000 C0.000000 X270.102041 Y227.224012 Z313.200000 E145.631370 F100.000
; P02 POINT 964 point-0000964 deposition
G1 A0.000000 C0.000000 X269.624755 Y227.842513 Z313.200000 E145.748300 F100.000
; P02 POINT 965 point-0000965 deposition
G1 A0.000000 C0.000000 X269.147470 Y228.461014 Z313.200000 E145.865229 F100.000
; P02 POINT 966 point-0000966 deposition
G1 A0.000000 C0.000000 X268.670184 Y229.079515 Z313.200000 E145.982159 F100.000
; P02 POINT 967 point-0000967 deposition
G1 A0.000000 C0.000000 X268.192899 Y229.698016 Z313.200000 E146.099088 F100.000
; P02 POINT 968 point-0000968 deposition
G1 A0.000000 C0.000000 X267.715613 Y230.316517 Z313.200000 E146.216018 F100.000
; P02 POINT 969 point-0000969 deposition
G1 A0.000000 C0.000000 X267.238328 Y230.935018 Z313.200000 E146.332948 F100.000
; P02 POINT 970 point-0000970 deposition
G1 A0.000000 C0.000000 X266.761042 Y231.553519 Z313.200000 E146.449877 F100.000
; P02 POINT 971 point-0000971 deposition
G1 A0.000000 C0.000000 X266.283757 Y232.172020 Z313.200000 E146.566807 F100.000
; P02 POINT 972 point-0000972 deposition
G1 A0.000000 C0.000000 X265.806471 Y232.790521 Z313.200000 E146.683736 F100.000
; P02 POINT 973 point-0000973 deposition
G1 A0.000000 C0.000000 X265.329186 Y233.409022 Z313.200000 E146.800666 F100.000
; P02 POINT 974 point-0000974 deposition
G1 A0.000000 C0.000000 X264.851900 Y234.027523 Z313.200000 E146.917595 F100.000
; P02 POINT 975 point-0000975 deposition
G1 A0.000000 C0.000000 X264.374615 Y234.646024 Z313.200000 E147.034525 F100.000
; P02 POINT 976 point-0000976 deposition
G1 A0.000000 C0.000000 X263.897329 Y235.264525 Z313.200000 E147.151454 F100.000
; P02 POINT 977 point-0000977 deposition
G1 A0.000000 C0.000000 X263.420043 Y235.883026 Z313.200000 E147.268384 F100.000
; P02 POINT 978 point-0000978 deposition
G1 A0.000000 C0.000000 X262.942758 Y236.501527 Z313.200000 E147.385313 F100.000
; P02 POINT 979 point-0000979 deposition
G1 A0.000000 C0.000000 X262.465472 Y237.120028 Z313.200000 E147.502243 F100.000
; P02 POINT 980 point-0000980 deposition
G1 A0.000000 C0.000000 X261.988187 Y237.738529 Z313.200000 E147.619172 F100.000
; P02 POINT 981 point-0000981 deposition
G1 A0.000000 C0.000000 X261.510901 Y238.357030 Z313.200000 E147.736102 F100.000
; P02 POINT 982 point-0000982 deposition
G1 A0.000000 C0.000000 X261.033616 Y238.975531 Z313.200000 E147.853031 F100.000
; P02 POINT 983 point-0000983 deposition
G1 A0.000000 C0.000000 X260.556330 Y239.594032 Z313.200000 E147.969961 F100.000
; P02 POINT 984 point-0000984 deposition
G1 A0.000000 C0.000000 X260.079045 Y240.212533 Z313.200000 E148.086890 F100.000
; P02 POINT 985 point-0000985 deposition
G1 A0.000000 C0.000000 X259.601759 Y240.831034 Z313.200000 E148.203820 F100.000
; P02 POINT 986 point-0000986 deposition
G1 A0.000000 C0.000000 X259.124474 Y241.449535 Z313.200000 E148.320750 F100.000
; P02 POINT 987 point-0000987 deposition
G1 A0.000000 C0.000000 X258.647188 Y242.068036 Z313.200000 E148.437679 F100.000
; P02 POINT 988 point-0000988 deposition
G1 A0.000000 C0.000000 X258.169903 Y242.686537 Z313.200000 E148.554609 F100.000
; P02 POINT 989 point-0000989 deposition
G1 A0.000000 C0.000000 X257.692617 Y243.305038 Z313.200000 E148.671538 F100.000
; P02 POINT 990 point-0000990 deposition
G1 A0.000000 C0.000000 X257.643143 Y243.266861 Z313.200000 E148.680891 F100.000
; P02 POINT 991 point-0000991 deposition
G1 A0.000000 C0.000000 X257.593663 Y243.228678 Z313.200000 E148.690246 F100.000
; P02 POINT 992 point-0000992 deposition
G1 A0.000000 C0.000000 X257.544183 Y243.190495 Z313.200000 E148.699600 F100.000
; P02 POINT 993 point-0000993 deposition
G1 A0.000000 C0.000000 X257.494703 Y243.152312 Z313.200000 E148.708954 F100.000
; P02 POINT 994 point-0000994 deposition
G1 A0.000000 C0.000000 X257.445223 Y243.114129 Z313.200000 E148.718309 F100.000
; P02 POINT 995 point-0000995 deposition
G1 A0.000000 C0.000000 X257.395743 Y243.075947 Z313.200000 E148.727663 F100.000
; P02 POINT 996 point-0000996 deposition
G1 A0.000000 C0.000000 X257.346263 Y243.037764 Z313.200000 E148.737017 F100.000
; P02 POINT 997 point-0000997 deposition
G1 A0.000000 C0.000000 X257.296783 Y242.999581 Z313.200000 E148.746372 F100.000
; P02 POINT 998 point-0000998 deposition
G1 A0.000000 C0.000000 X257.247303 Y242.961398 Z313.200000 E148.755726 F100.000
; P02 POINT 999 point-0000999 deposition
G1 A0.000000 C0.000000 X257.197823 Y242.923215 Z313.200000 E148.765080 F100.000
; P02 POINT 1000 point-0001000 deposition
G1 A0.000000 C0.000000 X257.148343 Y242.885032 Z313.200000 E148.774435 F100.000
; P02 POINT 1001 point-0001001 deposition
G1 A0.000000 C0.000000 X257.098863 Y242.846849 Z313.200000 E148.783789 F100.000
; P02 POINT 1002 point-0001002 deposition
G1 A0.000000 C0.000000 X257.049383 Y242.808666 Z313.200000 E148.793144 F100.000
; P02 POINT 1003 point-0001003 deposition
G1 A0.000000 C0.000000 X256.999902 Y242.770483 Z313.200000 E148.802498 F100.000
; P02 POINT 1004 point-0001004 deposition
G1 A0.000000 C0.000000 X256.950422 Y242.732301 Z313.200000 E148.811852 F100.000
; P02 POINT 1005 point-0001005 deposition
G1 A0.000000 C0.000000 X256.900942 Y242.694118 Z313.200000 E148.821207 F100.000
; P02 POINT 1006 point-0001006 deposition
G1 A0.000000 C0.000000 X256.851462 Y242.655935 Z313.200000 E148.830561 F100.000
; P02 POINT 1007 point-0001007 deposition
G1 A0.000000 C0.000000 X256.801982 Y242.617752 Z313.200000 E148.839915 F100.000
; P02 POINT 1008 point-0001008 deposition
G1 A0.000000 C0.000000 X256.752502 Y242.579569 Z313.200000 E148.849270 F100.000
; P02 POINT 1009 point-0001009 deposition
G1 A0.000000 C0.000000 X256.703022 Y242.541386 Z313.200000 E148.858624 F100.000
; P02 POINT 1010 point-0001010 deposition
G1 A0.000000 C0.000000 X256.653542 Y242.503203 Z313.200000 E148.867978 F100.000
; P02 POINT 1011 point-0001011 deposition
G1 A0.000000 C0.000000 X256.604062 Y242.465020 Z313.200000 E148.877333 F100.000
; P02 POINT 1012 point-0001012 deposition
G1 A0.000000 C0.000000 X256.554582 Y242.426837 Z313.200000 E148.886687 F100.000
; P02 POINT 1013 point-0001013 deposition
G1 A0.000000 C0.000000 X256.505102 Y242.388655 Z313.200000 E148.896042 F100.000
; P02 POINT 1014 point-0001014 deposition
G1 A0.000000 C0.000000 X256.455622 Y242.350472 Z313.200000 E148.905396 F100.000
; P02 POINT 1015 point-0001015 deposition
G1 A0.000000 C0.000000 X256.406142 Y242.312289 Z313.200000 E148.914750 F100.000
; P02 POINT 1016 point-0001016 deposition
G1 A0.000000 C0.000000 X256.356662 Y242.274106 Z313.200000 E148.924105 F100.000
; P02 POINT 1017 point-0001017 deposition
G1 A0.000000 C0.000000 X256.307182 Y242.235923 Z313.200000 E148.933459 F100.000
; P02 POINT 1018 point-0001018 deposition
G1 A0.000000 C0.000000 X256.257702 Y242.197740 Z313.200000 E148.942813 F100.000
; P02 POINT 1019 point-0001019 deposition
G1 A0.000000 C0.000000 X256.208222 Y242.159557 Z313.200000 E148.952168 F100.000
; P02 POINT 1020 point-0001020 deposition
G1 A0.000000 C0.000000 X256.158742 Y242.121374 Z313.200000 E148.961522 F100.000
; P02 POINT 1021 point-0001021 deposition
G1 A0.000000 C0.000000 X256.109262 Y242.083192 Z313.200000 E148.970876 F100.000
; P02 POINT 1022 point-0001022 deposition
G1 A0.000000 C0.000000 X256.059781 Y242.045009 Z313.200000 E148.980231 F100.000
; P02 POINT 1023 point-0001023 deposition
G1 A0.000000 C0.000000 X256.010301 Y242.006826 Z313.200000 E148.989585 F100.000
; P02 POINT 1024 point-0001024 deposition
G1 A0.000000 C0.000000 X255.960821 Y241.968643 Z313.200000 E148.998940 F100.000
; P02 POINT 1025 point-0001025 deposition
G1 A0.000000 C0.000000 X255.911341 Y241.930460 Z313.200000 E149.008294 F100.000
; P02 POINT 1026 point-0001026 deposition
G1 A0.000000 C0.000000 X255.861861 Y241.892277 Z313.200000 E149.017648 F100.000
; P02 POINT 1027 point-0001027 deposition
G1 A0.000000 C0.000000 X255.812381 Y241.854094 Z313.200000 E149.027003 F100.000
; P02 POINT 1028 point-0001028 deposition
G1 A0.000000 C0.000000 X255.762901 Y241.815911 Z313.200000 E149.036357 F100.000
; P02 POINT 1029 point-0001029 deposition
G1 A0.000000 C0.000000 X255.713421 Y241.777728 Z313.200000 E149.045711 F100.000
; P02 POINT 1030 point-0001030 deposition
G1 A0.000000 C0.000000 X255.663941 Y241.739546 Z313.200000 E149.055066 F100.000
; P02 POINT 1031 point-0001031 deposition
G1 A0.000000 C0.000000 X255.614461 Y241.701363 Z313.200000 E149.064420 F100.000
; P02 POINT 1032 point-0001032 deposition
G1 A0.000000 C0.000000 X255.564981 Y241.663180 Z313.200000 E149.073774 F100.000
; P02 POINT 1033 point-0001033 deposition
G1 A0.000000 C0.000000 X255.515501 Y241.624997 Z313.200000 E149.083129 F100.000
; P02 POINT 1034 point-0001034 deposition
G1 A0.000000 C0.000000 X255.466021 Y241.586814 Z313.200000 E149.092483 F100.000
; P02 POINT 1035 point-0001035 deposition
G1 A0.000000 C0.000000 X255.416541 Y241.548631 Z313.200000 E149.101838 F100.000
; P02 POINT 1036 point-0001036 deposition
G1 A0.000000 C0.000000 X255.367061 Y241.510448 Z313.200000 E149.111192 F100.000
; P02 POINT 1037 point-0001037 deposition
G1 A0.000000 C0.000000 X255.317581 Y241.472265 Z313.200000 E149.120546 F100.000
; P02 POINT 1038 point-0001038 deposition
G1 A0.000000 C0.000000 X255.268101 Y241.434082 Z313.200000 E149.129901 F100.000
; P02 POINT 1039 point-0001039 deposition
G1 A0.000000 C0.000000 X255.218621 Y241.395900 Z313.200000 E149.139255 F100.000
; P02 POINT 1040 point-0001040 deposition
G1 A0.000000 C0.000000 X255.169141 Y241.357717 Z313.200000 E149.148609 F100.000
; P02 POINT 1041 point-0001041 deposition
G1 A0.000000 C0.000000 X255.119660 Y241.319534 Z313.200000 E149.157964 F100.000
; P02 POINT 1042 point-0001042 deposition
G1 A0.000000 C0.000000 X255.070180 Y241.281351 Z313.200000 E149.167318 F100.000
; P02 POINT 1043 point-0001043 deposition
G1 A0.000000 C0.000000 X255.020700 Y241.243168 Z313.200000 E149.176672 F100.000
; P02 POINT 1044 point-0001044 deposition
G1 A0.000000 C0.000000 X254.971220 Y241.204985 Z313.200000 E149.186027 F100.000
; P02 POINT 1045 point-0001045 deposition
G1 A0.000000 C0.000000 X254.921740 Y241.166802 Z313.200000 E149.195381 F100.000
; P02 POINT 1046 point-0001046 deposition
G1 A0.000000 C0.000000 X254.872260 Y241.128619 Z313.200000 E149.204736 F100.000
; P02 POINT 1047 point-0001047 deposition
G1 A0.000000 C0.000000 X254.822780 Y241.090437 Z313.200000 E149.214090 F100.000
; P02 POINT 1048 point-0001048 deposition
G1 A0.000000 C0.000000 X254.773300 Y241.052254 Z313.200000 E149.223444 F100.000
; P02 POINT 1049 point-0001049 deposition
G1 A0.000000 C0.000000 X254.723820 Y241.014071 Z313.200000 E149.232799 F100.000
; P02 POINT 1050 point-0001050 deposition
G1 A0.000000 C0.000000 X254.674340 Y240.975888 Z313.200000 E149.242153 F100.000
; P02 POINT 1051 point-0001051 deposition
G1 A0.000000 C0.000000 X254.624860 Y240.937705 Z313.200000 E149.251507 F100.000
; P02 POINT 1052 point-0001052 deposition
G1 A0.000000 C0.000000 X254.575380 Y240.899522 Z313.200000 E149.260862 F100.000
; P02 POINT 1053 point-0001053 deposition
G1 A0.000000 C0.000000 X254.525892 Y240.861336 Z313.200000 E149.270217 F100.000
; P02 EVENT event-0000288 retract
G1 E148.270217 F100.000
; P02 POINT 1054 point-0001054 travel
G1 A0.000000 C0.000000 X284.840661 Y201.577273 Z313.200000 F100.000
; P02 EVENT event-0000289 prime
G1 E149.270217 F100.000
; P02 POINT 1055 point-0001055 deposition
G1 A0.000000 C0.000000 X285.460927 Y201.577273 Z313.200000 E149.363053 F100.000
; P02 EVENT event-0000290 retract
G1 E148.363053 F100.000
; P02 POINT 1056 point-0001056 travel
G1 A0.000000 C0.000000 X286.238450 Y202.177273 Z313.200000 F100.000
; P02 EVENT event-0000291 prime
G1 E149.363053 F100.000
; P02 POINT 1057 point-0001057 deposition
G1 A0.000000 C0.000000 X284.377653 Y202.177273 Z313.200000 E149.641560 F100.000
; P02 EVENT event-0000292 retract
G1 E148.641560 F100.000
; P02 POINT 1058 point-0001058 travel
G1 A0.000000 C0.000000 X283.914644 Y202.777273 Z313.200000 F100.000
; P02 EVENT event-0000293 prime
G1 E149.641560 F100.000
; P02 POINT 1059 point-0001059 deposition
G1 A0.000000 C0.000000 X287.015974 Y202.777273 Z313.200000 E150.105738 F100.000
; P02 EVENT event-0000294 retract
G1 E149.105738 F100.000
; P02 POINT 1060 point-0001060 travel
G1 A0.000000 C0.000000 X287.793497 Y203.377273 Z313.200000 F100.000
; P02 EVENT event-0000295 prime
G1 E150.105738 F100.000
; P02 POINT 1061 point-0001061 deposition
G1 A0.000000 C0.000000 X283.451635 Y203.377273 Z313.200000 E150.755587 F100.000
; P02 EVENT event-0000296 retract
G1 E149.755587 F100.000
; P02 POINT 1062 point-0001062 travel
G1 A0.000000 C0.000000 X282.988627 Y203.977273 Z313.200000 F100.000
; P02 EVENT event-0000297 prime
G1 E150.755587 F100.000
; P02 POINT 1063 point-0001063 deposition
G1 A0.000000 C0.000000 X288.041110 Y203.977273 Z313.200000 E151.511795 F100.000
; P02 EVENT event-0000298 retract
G1 E150.511795 F100.000
; P02 POINT 1064 point-0001064 travel
G1 A0.000000 C0.000000 X287.578102 Y204.577273 Z313.200000 F100.000
; P02 EVENT event-0000299 prime
G1 E151.511795 F100.000
; P02 POINT 1065 point-0001065 deposition
G1 A0.000000 C0.000000 X282.525618 Y204.577273 Z313.200000 E152.268003 F100.000
; P02 EVENT event-0000300 retract
G1 E151.268003 F100.000
; P02 POINT 1066 point-0001066 travel
G1 A0.000000 C0.000000 X282.062609 Y205.177273 Z313.200000 F100.000
; P02 EVENT event-0000301 prime
G1 E152.268003 F100.000
; P02 POINT 1067 point-0001067 deposition
G1 A0.000000 C0.000000 X287.115093 Y205.177273 Z313.200000 E153.024211 F100.000
; P02 EVENT event-0000302 retract
G1 E152.024211 F100.000
; P02 POINT 1068 point-0001068 travel
G1 A0.000000 C0.000000 X286.652084 Y205.777273 Z313.200000 F100.000
; P02 EVENT event-0000303 prime
G1 E153.024211 F100.000
; P02 POINT 1069 point-0001069 deposition
G1 A0.000000 C0.000000 X281.599601 Y205.777273 Z313.200000 E153.780420 F100.000
; P02 EVENT event-0000304 retract
G1 E152.780420 F100.000
; P02 POINT 1070 point-0001070 travel
G1 A0.000000 C0.000000 X281.136592 Y206.377273 Z313.200000 F100.000
; P02 EVENT event-0000305 prime
G1 E153.780420 F100.000
; P02 POINT 1071 point-0001071 deposition
G1 A0.000000 C0.000000 X286.189076 Y206.377273 Z313.200000 E154.536628 F100.000
; P02 EVENT event-0000306 retract
G1 E153.536628 F100.000
; P02 POINT 1072 point-0001072 travel
G1 A0.000000 C0.000000 X285.726067 Y206.977273 Z313.200000 F100.000
; P02 EVENT event-0000307 prime
G1 E154.536628 F100.000
; P02 POINT 1073 point-0001073 deposition
G1 A0.000000 C0.000000 X280.673583 Y206.977273 Z313.200000 E155.292836 F100.000
; P02 EVENT event-0000308 retract
G1 E154.292836 F100.000
; P02 POINT 1074 point-0001074 travel
G1 A0.000000 C0.000000 X280.210575 Y207.577273 Z313.200000 F100.000
; P02 EVENT event-0000309 prime
G1 E155.292836 F100.000
; P02 POINT 1075 point-0001075 deposition
G1 A0.000000 C0.000000 X285.263058 Y207.577273 Z313.200000 E156.049045 F100.000
; P02 EVENT event-0000310 retract
G1 E155.049045 F100.000
; P02 POINT 1076 point-0001076 travel
G1 A0.000000 C0.000000 X284.800050 Y208.177273 Z313.200000 F100.000
; P02 EVENT event-0000311 prime
G1 E156.049045 F100.000
; P02 POINT 1077 point-0001077 deposition
G1 A0.000000 C0.000000 X279.747566 Y208.177273 Z313.200000 E156.805253 F100.000
; P02 EVENT event-0000312 retract
G1 E155.805253 F100.000
; P02 POINT 1078 point-0001078 travel
G1 A0.000000 C0.000000 X279.284557 Y208.777273 Z313.200000 F100.000
; P02 EVENT event-0000313 prime
G1 E156.805253 F100.000
; P02 POINT 1079 point-0001079 deposition
G1 A0.000000 C0.000000 X284.337041 Y208.777273 Z313.200000 E157.561461 F100.000
; P02 EVENT event-0000314 retract
G1 E156.561461 F100.000
; P02 POINT 1080 point-0001080 travel
G1 A0.000000 C0.000000 X283.874032 Y209.377273 Z313.200000 F100.000
; P02 EVENT event-0000315 prime
G1 E157.561461 F100.000
; P02 POINT 1081 point-0001081 deposition
G1 A0.000000 C0.000000 X278.821549 Y209.377273 Z313.200000 E158.317670 F100.000
; P02 EVENT event-0000316 retract
G1 E157.317670 F100.000
; P02 POINT 1082 point-0001082 travel
G1 A0.000000 C0.000000 X278.358540 Y209.977273 Z313.200000 F100.000
; P02 EVENT event-0000317 prime
G1 E158.317670 F100.000
; P02 POINT 1083 point-0001083 deposition
G1 A0.000000 C0.000000 X283.411024 Y209.977273 Z313.200000 E159.073878 F100.000
; P02 EVENT event-0000318 retract
G1 E158.073878 F100.000
; P02 POINT 1084 point-0001084 travel
G1 A0.000000 C0.000000 X282.948015 Y210.577273 Z313.200000 F100.000
; P02 EVENT event-0000319 prime
G1 E159.073878 F100.000
; P02 POINT 1085 point-0001085 deposition
G1 A0.000000 C0.000000 X277.895531 Y210.577273 Z313.200000 E159.830086 F100.000
; P02 EVENT event-0000320 retract
G1 E158.830086 F100.000
; P02 POINT 1086 point-0001086 travel
G1 A0.000000 C0.000000 X277.432523 Y211.177273 Z313.200000 F100.000
; P02 EVENT event-0000321 prime
G1 E159.830086 F100.000
; P02 POINT 1087 point-0001087 deposition
G1 A0.000000 C0.000000 X282.485006 Y211.177273 Z313.200000 E160.586294 F100.000
; P02 EVENT event-0000322 retract
G1 E159.586294 F100.000
; P02 POINT 1088 point-0001088 travel
G1 A0.000000 C0.000000 X282.021998 Y211.777273 Z313.200000 F100.000
; P02 EVENT event-0000323 prime
G1 E160.586294 F100.000
; P02 POINT 1089 point-0001089 deposition
G1 A0.000000 C0.000000 X276.969514 Y211.777273 Z313.200000 E161.342503 F100.000
; P02 EVENT event-0000324 retract
G1 E160.342503 F100.000
; P02 POINT 1090 point-0001090 travel
G1 A0.000000 C0.000000 X276.506505 Y212.377273 Z313.200000 F100.000
; P02 EVENT event-0000325 prime
G1 E161.342503 F100.000
; P02 POINT 1091 point-0001091 deposition
G1 A0.000000 C0.000000 X281.558989 Y212.377273 Z313.200000 E162.098711 F100.000
; P02 EVENT event-0000326 retract
G1 E161.098711 F100.000
; P02 POINT 1092 point-0001092 travel
G1 A0.000000 C0.000000 X281.095980 Y212.977273 Z313.200000 F100.000
; P02 EVENT event-0000327 prime
G1 E162.098711 F100.000
; P02 POINT 1093 point-0001093 deposition
G1 A0.000000 C0.000000 X276.043497 Y212.977273 Z313.200000 E162.854919 F100.000
; P02 EVENT event-0000328 retract
G1 E161.854919 F100.000
; P02 POINT 1094 point-0001094 travel
G1 A0.000000 C0.000000 X275.580488 Y213.577273 Z313.200000 F100.000
; P02 EVENT event-0000329 prime
G1 E162.854919 F100.000
; P02 POINT 1095 point-0001095 deposition
G1 A0.000000 C0.000000 X280.632972 Y213.577273 Z313.200000 E163.611128 F100.000
; P02 EVENT event-0000330 retract
G1 E162.611128 F100.000
; P02 POINT 1096 point-0001096 travel
G1 A0.000000 C0.000000 X280.169963 Y214.177273 Z313.200000 F100.000
; P02 EVENT event-0000331 prime
G1 E163.611128 F100.000
; P02 POINT 1097 point-0001097 deposition
G1 A0.000000 C0.000000 X275.117479 Y214.177273 Z313.200000 E164.367336 F100.000
; P02 EVENT event-0000332 retract
G1 E163.367336 F100.000
; P02 POINT 1098 point-0001098 travel
G1 A0.000000 C0.000000 X274.654471 Y214.777273 Z313.200000 F100.000
; P02 EVENT event-0000333 prime
G1 E164.367336 F100.000
; P02 POINT 1099 point-0001099 deposition
G1 A0.000000 C0.000000 X279.706954 Y214.777273 Z313.200000 E165.123544 F100.000
; P02 EVENT event-0000334 retract
G1 E164.123544 F100.000
; P02 POINT 1100 point-0001100 travel
G1 A0.000000 C0.000000 X279.243946 Y215.377273 Z313.200000 F100.000
; P02 EVENT event-0000335 prime
G1 E165.123544 F100.000
; P02 POINT 1101 point-0001101 deposition
G1 A0.000000 C0.000000 X274.191462 Y215.377273 Z313.200000 E165.879752 F100.000
; P02 EVENT event-0000336 retract
G1 E164.879752 F100.000
; P02 POINT 1102 point-0001102 travel
G1 A0.000000 C0.000000 X273.728453 Y215.977273 Z313.200000 F100.000
; P02 EVENT event-0000337 prime
G1 E165.879752 F100.000
; P02 POINT 1103 point-0001103 deposition
G1 A0.000000 C0.000000 X278.780937 Y215.977273 Z313.200000 E166.635961 F100.000
; P02 EVENT event-0000338 retract
G1 E165.635961 F100.000
; P02 POINT 1104 point-0001104 travel
G1 A0.000000 C0.000000 X278.317928 Y216.577273 Z313.200000 F100.000
; P02 EVENT event-0000339 prime
G1 E166.635961 F100.000
; P02 POINT 1105 point-0001105 deposition
G1 A0.000000 C0.000000 X273.265445 Y216.577273 Z313.200000 E167.392169 F100.000
; P02 EVENT event-0000340 retract
G1 E166.392169 F100.000
; P02 POINT 1106 point-0001106 travel
G1 A0.000000 C0.000000 X272.802436 Y217.177273 Z313.200000 F100.000
; P02 EVENT event-0000341 prime
G1 E167.392169 F100.000
; P02 POINT 1107 point-0001107 deposition
G1 A0.000000 C0.000000 X277.854920 Y217.177273 Z313.200000 E168.148377 F100.000
; P02 EVENT event-0000342 retract
G1 E167.148377 F100.000
; P02 POINT 1108 point-0001108 travel
G1 A0.000000 C0.000000 X277.391911 Y217.777273 Z313.200000 F100.000
; P02 EVENT event-0000343 prime
G1 E168.148377 F100.000
; P02 POINT 1109 point-0001109 deposition
G1 A0.000000 C0.000000 X272.339427 Y217.777273 Z313.200000 E168.904586 F100.000
; P02 EVENT event-0000344 retract
G1 E167.904586 F100.000
; P02 POINT 1110 point-0001110 travel
G1 A0.000000 C0.000000 X271.876419 Y218.377273 Z313.200000 F100.000
; P02 EVENT event-0000345 prime
G1 E168.904586 F100.000
; P02 POINT 1111 point-0001111 deposition
G1 A0.000000 C0.000000 X276.928902 Y218.377273 Z313.200000 E169.660794 F100.000
; P02 EVENT event-0000346 retract
G1 E168.660794 F100.000
; P02 POINT 1112 point-0001112 travel
G1 A0.000000 C0.000000 X276.465894 Y218.977273 Z313.200000 F100.000
; P02 EVENT event-0000347 prime
G1 E169.660794 F100.000
; P02 POINT 1113 point-0001113 deposition
G1 A0.000000 C0.000000 X271.413410 Y218.977273 Z313.200000 E170.417002 F100.000
; P02 EVENT event-0000348 retract
G1 E169.417002 F100.000
; P02 POINT 1114 point-0001114 travel
G1 A0.000000 C0.000000 X270.950401 Y219.577273 Z313.200000 F100.000
; P02 EVENT event-0000349 prime
G1 E170.417002 F100.000
; P02 POINT 1115 point-0001115 deposition
G1 A0.000000 C0.000000 X276.002885 Y219.577273 Z313.200000 E171.173210 F100.000
; P02 EVENT event-0000350 retract
G1 E170.173210 F100.000
; P02 POINT 1116 point-0001116 travel
G1 A0.000000 C0.000000 X275.539876 Y220.177273 Z313.200000 F100.000
; P02 EVENT event-0000351 prime
G1 E171.173210 F100.000
; P02 POINT 1117 point-0001117 deposition
G1 A0.000000 C0.000000 X270.487393 Y220.177273 Z313.200000 E171.929419 F100.000
; P02 EVENT event-0000352 retract
G1 E170.929419 F100.000
; P02 POINT 1118 point-0001118 travel
G1 A0.000000 C0.000000 X270.024384 Y220.777273 Z313.200000 F100.000
; P02 EVENT event-0000353 prime
G1 E171.929419 F100.000
; P02 POINT 1119 point-0001119 deposition
G1 A0.000000 C0.000000 X275.076868 Y220.777273 Z313.200000 E172.685627 F100.000
; P02 EVENT event-0000354 retract
G1 E171.685627 F100.000
; P02 POINT 1120 point-0001120 travel
G1 A0.000000 C0.000000 X274.613859 Y221.377273 Z313.200000 F100.000
; P02 EVENT event-0000355 prime
G1 E172.685627 F100.000
; P02 POINT 1121 point-0001121 deposition
G1 A0.000000 C0.000000 X269.561376 Y221.377273 Z313.200000 E173.441835 F100.000
; P02 EVENT event-0000356 retract
G1 E172.441835 F100.000
; P02 POINT 1122 point-0001122 travel
G1 A0.000000 C0.000000 X269.098367 Y221.977273 Z313.200000 F100.000
; P02 EVENT event-0000357 prime
G1 E173.441835 F100.000
; P02 POINT 1123 point-0001123 deposition
G1 A0.000000 C0.000000 X274.150850 Y221.977273 Z313.200000 E174.198044 F100.000
; P02 EVENT event-0000358 retract
G1 E173.198044 F100.000
; P02 POINT 1124 point-0001124 travel
G1 A0.000000 C0.000000 X273.687842 Y222.577273 Z313.200000 F100.000
; P02 EVENT event-0000359 prime
G1 E174.198044 F100.000
; P02 POINT 1125 point-0001125 deposition
G1 A0.000000 C0.000000 X268.635358 Y222.577273 Z313.200000 E174.954252 F100.000
; P02 EVENT event-0000360 retract
G1 E173.954252 F100.000
; P02 POINT 1126 point-0001126 travel
G1 A0.000000 C0.000000 X268.172350 Y223.177273 Z313.200000 F100.000
; P02 EVENT event-0000361 prime
G1 E174.954252 F100.000
; P02 POINT 1127 point-0001127 deposition
G1 A0.000000 C0.000000 X273.224833 Y223.177273 Z313.200000 E175.710460 F100.000
; P02 EVENT event-0000362 retract
G1 E174.710460 F100.000
; P02 POINT 1128 point-0001128 travel
G1 A0.000000 C0.000000 X272.761824 Y223.777273 Z313.200000 F100.000
; P02 EVENT event-0000363 prime
G1 E175.710460 F100.000
; P02 POINT 1129 point-0001129 deposition
G1 A0.000000 C0.000000 X267.709341 Y223.777273 Z313.200000 E176.466669 F100.000
; P02 EVENT event-0000364 retract
G1 E175.466669 F100.000
; P02 POINT 1130 point-0001130 travel
G1 A0.000000 C0.000000 X267.246332 Y224.377273 Z313.200000 F100.000
; P02 EVENT event-0000365 prime
G1 E176.466669 F100.000
; P02 POINT 1131 point-0001131 deposition
G1 A0.000000 C0.000000 X272.298816 Y224.377273 Z313.200000 E177.222877 F100.000
; P02 EVENT event-0000366 retract
G1 E176.222877 F100.000
; P02 POINT 1132 point-0001132 travel
G1 A0.000000 C0.000000 X271.835807 Y224.977273 Z313.200000 F100.000
; P02 EVENT event-0000367 prime
G1 E177.222877 F100.000
; P02 POINT 1133 point-0001133 deposition
G1 A0.000000 C0.000000 X266.783324 Y224.977273 Z313.200000 E177.979085 F100.000
; P02 EVENT event-0000368 retract
G1 E176.979085 F100.000
; P02 POINT 1134 point-0001134 travel
G1 A0.000000 C0.000000 X266.320315 Y225.577273 Z313.200000 F100.000
; P02 EVENT event-0000369 prime
G1 E177.979085 F100.000
; P02 POINT 1135 point-0001135 deposition
G1 A0.000000 C0.000000 X271.372799 Y225.577273 Z313.200000 E178.735293 F100.000
; P02 EVENT event-0000370 retract
G1 E177.735293 F100.000
; P02 POINT 1136 point-0001136 travel
G1 A0.000000 C0.000000 X270.909790 Y226.177273 Z313.200000 F100.000
; P02 EVENT event-0000371 prime
G1 E178.735293 F100.000
; P02 POINT 1137 point-0001137 deposition
G1 A0.000000 C0.000000 X265.857306 Y226.177273 Z313.200000 E179.491502 F100.000
; P02 EVENT event-0000372 retract
G1 E178.491502 F100.000
; P02 POINT 1138 point-0001138 travel
G1 A0.000000 C0.000000 X265.394298 Y226.777273 Z313.200000 F100.000
; P02 EVENT event-0000373 prime
G1 E179.491502 F100.000
; P02 POINT 1139 point-0001139 deposition
G1 A0.000000 C0.000000 X270.446781 Y226.777273 Z313.200000 E180.247710 F100.000
; P02 EVENT event-0000374 retract
G1 E179.247710 F100.000
; P02 POINT 1140 point-0001140 travel
G1 A0.000000 C0.000000 X269.983773 Y227.377273 Z313.200000 F100.000
; P02 EVENT event-0000375 prime
G1 E180.247710 F100.000
; P02 POINT 1141 point-0001141 deposition
G1 A0.000000 C0.000000 X264.931289 Y227.377273 Z313.200000 E181.003918 F100.000
; P02 EVENT event-0000376 retract
G1 E180.003918 F100.000
; P02 POINT 1142 point-0001142 travel
G1 A0.000000 C0.000000 X264.468280 Y227.977273 Z313.200000 F100.000
; P02 EVENT event-0000377 prime
G1 E181.003918 F100.000
; P02 POINT 1143 point-0001143 deposition
G1 A0.000000 C0.000000 X269.520764 Y227.977273 Z313.200000 E181.760127 F100.000
; P02 EVENT event-0000378 retract
G1 E180.760127 F100.000
; P02 POINT 1144 point-0001144 travel
G1 A0.000000 C0.000000 X269.057755 Y228.577273 Z313.200000 F100.000
; P02 EVENT event-0000379 prime
G1 E181.760127 F100.000
; P02 POINT 1145 point-0001145 deposition
G1 A0.000000 C0.000000 X264.005272 Y228.577273 Z313.200000 E182.516335 F100.000
; P02 EVENT event-0000380 retract
G1 E181.516335 F100.000
; P02 POINT 1146 point-0001146 travel
G1 A0.000000 C0.000000 X263.542263 Y229.177273 Z313.200000 F100.000
; P02 EVENT event-0000381 prime
G1 E182.516335 F100.000
; P02 POINT 1147 point-0001147 deposition
G1 A0.000000 C0.000000 X268.594747 Y229.177273 Z313.200000 E183.272543 F100.000
; P02 EVENT event-0000382 retract
G1 E182.272543 F100.000
; P02 POINT 1148 point-0001148 travel
G1 A0.000000 C0.000000 X268.131738 Y229.777273 Z313.200000 F100.000
; P02 EVENT event-0000383 prime
G1 E183.272543 F100.000
; P02 POINT 1149 point-0001149 deposition
G1 A0.000000 C0.000000 X263.079254 Y229.777273 Z313.200000 E184.028751 F100.000
; P02 EVENT event-0000384 retract
G1 E183.028751 F100.000
; P02 POINT 1150 point-0001150 travel
G1 A0.000000 C0.000000 X262.616246 Y230.377273 Z313.200000 F100.000
; P02 EVENT event-0000385 prime
G1 E184.028751 F100.000
; P02 POINT 1151 point-0001151 deposition
G1 A0.000000 C0.000000 X267.668729 Y230.377273 Z313.200000 E184.784960 F100.000
; P02 EVENT event-0000386 retract
G1 E183.784960 F100.000
; P02 POINT 1152 point-0001152 travel
G1 A0.000000 C0.000000 X267.205721 Y230.977273 Z313.200000 F100.000
; P02 EVENT event-0000387 prime
G1 E184.784960 F100.000
; P02 POINT 1153 point-0001153 deposition
G1 A0.000000 C0.000000 X262.153237 Y230.977273 Z313.200000 E185.541168 F100.000
; P02 EVENT event-0000388 retract
G1 E184.541168 F100.000
; P02 POINT 1154 point-0001154 travel
G1 A0.000000 C0.000000 X261.690228 Y231.577273 Z313.200000 F100.000
; P02 EVENT event-0000389 prime
G1 E185.541168 F100.000
; P02 POINT 1155 point-0001155 deposition
G1 A0.000000 C0.000000 X266.742712 Y231.577273 Z313.200000 E186.297376 F100.000
; P02 EVENT event-0000390 retract
G1 E185.297376 F100.000
; P02 POINT 1156 point-0001156 travel
G1 A0.000000 C0.000000 X266.279703 Y232.177273 Z313.200000 F100.000
; P02 EVENT event-0000391 prime
G1 E186.297376 F100.000
; P02 POINT 1157 point-0001157 deposition
G1 A0.000000 C0.000000 X261.227220 Y232.177273 Z313.200000 E187.053585 F100.000
; P02 EVENT event-0000392 retract
G1 E186.053585 F100.000
; P02 POINT 1158 point-0001158 travel
G1 A0.000000 C0.000000 X260.764211 Y232.777273 Z313.200000 F100.000
; P02 EVENT event-0000393 prime
G1 E187.053585 F100.000
; P02 POINT 1159 point-0001159 deposition
G1 A0.000000 C0.000000 X265.816695 Y232.777273 Z313.200000 E187.809793 F100.000
; P02 EVENT event-0000394 retract
G1 E186.809793 F100.000
; P02 POINT 1160 point-0001160 travel
G1 A0.000000 C0.000000 X265.353686 Y233.377273 Z313.200000 F100.000
; P02 EVENT event-0000395 prime
G1 E187.809793 F100.000
; P02 POINT 1161 point-0001161 deposition
G1 A0.000000 C0.000000 X260.301202 Y233.377273 Z313.200000 E188.566001 F100.000
; P02 EVENT event-0000396 retract
G1 E187.566001 F100.000
; P02 POINT 1162 point-0001162 travel
G1 A0.000000 C0.000000 X259.838194 Y233.977273 Z313.200000 F100.000
; P02 EVENT event-0000397 prime
G1 E188.566001 F100.000
; P02 POINT 1163 point-0001163 deposition
G1 A0.000000 C0.000000 X264.890677 Y233.977273 Z313.200000 E189.322209 F100.000
; P02 EVENT event-0000398 retract
G1 E188.322209 F100.000
; P02 POINT 1164 point-0001164 travel
G1 A0.000000 C0.000000 X264.427669 Y234.577273 Z313.200000 F100.000
; P02 EVENT event-0000399 prime
G1 E189.322209 F100.000
; P02 POINT 1165 point-0001165 deposition
G1 A0.000000 C0.000000 X259.375185 Y234.577273 Z313.200000 E190.078418 F100.000
; P02 EVENT event-0000400 retract
G1 E189.078418 F100.000
; P02 POINT 1166 point-0001166 travel
G1 A0.000000 C0.000000 X258.912176 Y235.177273 Z313.200000 F100.000
; P02 EVENT event-0000401 prime
G1 E190.078418 F100.000
; P02 POINT 1167 point-0001167 deposition
G1 A0.000000 C0.000000 X263.964660 Y235.177273 Z313.200000 E190.834626 F100.000
; P02 EVENT event-0000402 retract
G1 E189.834626 F100.000
; P02 POINT 1168 point-0001168 travel
G1 A0.000000 C0.000000 X263.501651 Y235.777273 Z313.200000 F100.000
; P02 EVENT event-0000403 prime
G1 E190.834626 F100.000
; P02 POINT 1169 point-0001169 deposition
G1 A0.000000 C0.000000 X258.449168 Y235.777273 Z313.200000 E191.590834 F100.000
; P02 EVENT event-0000404 retract
G1 E190.590834 F100.000
; P02 POINT 1170 point-0001170 travel
G1 A0.000000 C0.000000 X257.986159 Y236.377273 Z313.200000 F100.000
; P02 EVENT event-0000405 prime
G1 E191.590834 F100.000
; P02 POINT 1171 point-0001171 deposition
G1 A0.000000 C0.000000 X263.038643 Y236.377273 Z313.200000 E192.347043 F100.000
; P02 EVENT event-0000406 retract
G1 E191.347043 F100.000
; P02 POINT 1172 point-0001172 travel
G1 A0.000000 C0.000000 X262.575634 Y236.977273 Z313.200000 F100.000
; P02 EVENT event-0000407 prime
G1 E192.347043 F100.000
; P02 POINT 1173 point-0001173 deposition
G1 A0.000000 C0.000000 X257.523150 Y236.977273 Z313.200000 E193.103251 F100.000
; P02 EVENT event-0000408 retract
G1 E192.103251 F100.000
; P02 POINT 1174 point-0001174 travel
G1 A0.000000 C0.000000 X257.060142 Y237.577273 Z313.200000 F100.000
; P02 EVENT event-0000409 prime
G1 E193.103251 F100.000
; P02 POINT 1175 point-0001175 deposition
G1 A0.000000 C0.000000 X262.112625 Y237.577273 Z313.200000 E193.859459 F100.000
; P02 EVENT event-0000410 retract
G1 E192.859459 F100.000
; P02 POINT 1176 point-0001176 travel
G1 A0.000000 C0.000000 X261.649617 Y238.177273 Z313.200000 F100.000
; P02 EVENT event-0000411 prime
G1 E193.859459 F100.000
; P02 POINT 1177 point-0001177 deposition
G1 A0.000000 C0.000000 X256.597133 Y238.177273 Z313.200000 E194.615668 F100.000
; P02 EVENT event-0000412 retract
G1 E193.615668 F100.000
; P02 POINT 1178 point-0001178 travel
G1 A0.000000 C0.000000 X256.134124 Y238.777273 Z313.200000 F100.000
; P02 EVENT event-0000413 prime
G1 E194.615668 F100.000
; P02 POINT 1179 point-0001179 deposition
G1 A0.000000 C0.000000 X261.186608 Y238.777273 Z313.200000 E195.371876 F100.000
; P02 EVENT event-0000414 retract
G1 E194.371876 F100.000
; P02 POINT 1180 point-0001180 travel
G1 A0.000000 C0.000000 X260.723599 Y239.377273 Z313.200000 F100.000
; P02 EVENT event-0000415 prime
G1 E195.371876 F100.000
; P02 POINT 1181 point-0001181 deposition
G1 A0.000000 C0.000000 X255.671116 Y239.377273 Z313.200000 E196.128084 F100.000
; P02 EVENT event-0000416 retract
G1 E195.128084 F100.000
; P02 POINT 1182 point-0001182 travel
G1 A0.000000 C0.000000 X255.208107 Y239.977273 Z313.200000 F100.000
; P02 EVENT event-0000417 prime
G1 E196.128084 F100.000
; P02 POINT 1183 point-0001183 deposition
G1 A0.000000 C0.000000 X260.260591 Y239.977273 Z313.200000 E196.884292 F100.000
; P02 EVENT event-0000418 retract
G1 E195.884292 F100.000
; P02 POINT 1184 point-0001184 travel
G1 A0.000000 C0.000000 X259.797582 Y240.577273 Z313.200000 F100.000
; P02 EVENT event-0000419 prime
G1 E196.884292 F100.000
; P02 POINT 1185 point-0001185 deposition
G1 A0.000000 C0.000000 X254.745099 Y240.577273 Z313.200000 E197.640501 F100.000
; P02 EVENT event-0000420 retract
G1 E196.640501 F100.000
; P02 POINT 1186 point-0001186 travel
G1 A0.000000 C0.000000 X254.935309 Y241.177273 Z313.200000 F100.000
; P02 EVENT event-0000421 prime
G1 E197.640501 F100.000
; P02 POINT 1187 point-0001187 deposition
G1 A0.000000 C0.000000 X259.334573 Y241.177273 Z313.200000 E198.298941 F100.000
; P02 EVENT event-0000422 retract
G1 E197.298941 F100.000
; P02 POINT 1188 point-0001188 travel
G1 A0.000000 C0.000000 X258.871565 Y241.777273 Z313.200000 F100.000
; P02 EVENT event-0000423 prime
G1 E198.298941 F100.000
; P02 POINT 1189 point-0001189 deposition
G1 A0.000000 C0.000000 X255.712831 Y241.777273 Z313.200000 E198.771711 F100.000
; P02 EVENT event-0000424 retract
G1 E197.771711 F100.000
; P02 POINT 1190 point-0001190 travel
G1 A0.000000 C0.000000 X256.490353 Y242.377273 Z313.200000 F100.000
; P02 EVENT event-0000425 prime
G1 E198.771711 F100.000
; P02 POINT 1191 point-0001191 deposition
G1 A0.000000 C0.000000 X258.408556 Y242.377273 Z313.200000 E199.058810 F100.000
; P02 EVENT event-0000426 retract
G1 E198.058810 F100.000
; P02 POINT 1192 point-0001192 travel
G1 A0.000000 C0.000000 X257.945547 Y242.977273 Z313.200000 F100.000
; P02 EVENT event-0000427 prime
G1 E199.058810 F100.000
; P02 POINT 1193 point-0001193 deposition
G1 A0.000000 C0.000000 X257.267875 Y242.977273 Z313.200000 E199.160237 F100.000
M400 ; finish queued motion
M2
