source_point_id,time_s,X,Y,Z,A_rad,C_rad
point-0000001,0.000000000,254.267967222,240.472937392,308.300000000,0.000000000,0.000000000
point-0000002,29.640069198,281.536374611,199.280640138,308.300000000,0.000000000,0.000000000
point-0000003,31.680074683,284.371473015,201.157413754,308.300000000,0.000000000,0.000000000
point-0000004,61.031392069,257.368713236,241.948418326,308.300000000,0.000000000,0.000000000
point-0000005,61.320143538,257.103065862,242.349710479,308.300000000,0.000000000,0.000000000
point-0000006,63.360148966,254.267967222,240.472937392,308.300000000,0.000000000,0.000000000
point-0000007,63.725684739,254.810811175,240.196392434,308.300000000,0.000000000,0.000000000
point-0000008,65.740441743,258.168739515,240.196392434,308.300000000,0.000000000,0.000000000
point-0000009,66.172173950,258.565926494,239.596392434,308.300000000,0.000000000,0.000000000
point-0000010,68.186930953,255.207998157,239.596392434,308.300000000,0.000000000,0.000000000
point-0000011,68.618663161,255.605185139,238.996392434,308.300000000,0.000000000,0.000000000
point-0000012,70.633420161,258.963113473,238.996392434,308.300000000,0.000000000,0.000000000
point-0000013,71.065152368,259.360300451,238.396392434,308.300000000,0.000000000,0.000000000
point-0000014,73.079909367,256.002372120,238.396392434,308.300000000,0.000000000,0.000000000
point-0000015,73.511641575,256.399559102,237.796392434,308.300000000,0.000000000,0.000000000
point-0000016,75.526398572,259.757487430,237.796392434,308.300000000,0.000000000,0.000000000
point-0000017,75.958130779,260.154674409,237.196392434,308.300000000,0.000000000,0.000000000
point-0000018,77.972887774,256.796746084,237.196392434,308.300000000,0.000000000,0.000000000
point-0000019,78.404619982,257.193933066,236.596392434,308.300000000,0.000000000,0.000000000
point-0000020,80.419376975,260.551861388,236.596392434,308.300000000,0.000000000,0.000000000
point-0000021,80.851109182,260.949048367,235.996392434,308.300000000,0.000000000,0.000000000
point-0000022,82.865866173,257.591120048,235.996392434,308.300000000,0.000000000,0.000000000
point-0000023,83.297598381,257.988307030,235.396392434,308.300000000,0.000000000,0.000000000
point-0000024,85.312355370,261.346235345,235.396392434,308.300000000,0.000000000,0.000000000
point-0000025,85.744087577,261.743422324,234.796392434,308.300000000,0.000000000,0.000000000
point-0000026,87.758844565,258.385494012,234.796392434,308.300000000,0.000000000,0.000000000
point-0000027,88.190576773,258.782680994,234.196392434,308.300000000,0.000000000,0.000000000
point-0000028,90.205333758,262.140609303,234.196392434,308.300000000,0.000000000,0.000000000
point-0000029,90.637065965,262.537796282,233.596392434,308.300000000,0.000000000,0.000000000
point-0000030,92.651822949,259.179867976,233.596392434,308.300000000,0.000000000,0.000000000
point-0000031,93.083555157,259.577054958,232.996392434,308.300000000,0.000000000,0.000000000
point-0000032,95.098312139,262.934983260,232.996392434,308.300000000,0.000000000,0.000000000
point-0000033,95.530044346,263.332170239,232.396392434,308.300000000,0.000000000,0.000000000
point-0000034,97.544801326,259.974241939,232.396392434,308.300000000,0.000000000,0.000000000
point-0000035,97.976533534,260.371428921,231.796392434,308.300000000,0.000000000,0.000000000
point-0000036,99.991290512,263.729357218,231.796392434,308.300000000,0.000000000,0.000000000
point-0000037,100.423022719,264.126544197,231.196392434,308.300000000,0.000000000,0.000000000
point-0000038,102.437779695,260.768615903,231.196392434,308.300000000,0.000000000,0.000000000
point-0000039,102.869511903,261.165802885,230.596392434,308.300000000,0.000000000,0.000000000
point-0000040,104.884268877,264.523731176,230.596392434,308.300000000,0.000000000,0.000000000
point-0000041,105.316001084,264.920918154,229.996392434,308.300000000,0.000000000,0.000000000
point-0000042,107.330758057,261.562989867,229.996392434,308.300000000,0.000000000,0.000000000
point-0000043,107.762490265,261.960176849,229.396392434,308.300000000,0.000000000,0.000000000
point-0000044,109.777247235,265.318105133,229.396392434,308.300000000,0.000000000,0.000000000
point-0000045,110.208979442,265.715292112,228.796392434,308.300000000,0.000000000,0.000000000
point-0000046,112.223736411,262.357363831,228.796392434,308.300000000,0.000000000,0.000000000
point-0000047,112.655468619,262.754550813,228.196392434,308.300000000,0.000000000,0.000000000
point-0000048,114.670225585,266.112479091,228.196392434,308.300000000,0.000000000,0.000000000
point-0000049,115.101957793,266.509666069,227.596392434,308.300000000,0.000000000,0.000000000
point-0000050,117.116714757,263.151737795,227.596392434,308.300000000,0.000000000,0.000000000
point-0000051,117.548446965,263.548924777,226.996392434,308.300000000,0.000000000,0.000000000
point-0000052,119.563203928,266.906853048,226.996392434,308.300000000,0.000000000,0.000000000
point-0000053,119.994936135,267.304040027,226.396392434,308.300000000,0.000000000,0.000000000
point-0000054,122.009693097,263.946111759,226.396392434,308.300000000,0.000000000,0.000000000
point-0000055,122.441425305,264.343298740,225.796392434,308.300000000,0.000000000,0.000000000
point-0000056,124.456182264,267.701227006,225.796392434,308.300000000,0.000000000,0.000000000
point-0000057,124.887914471,268.098413985,225.196392434,308.300000000,0.000000000,0.000000000
point-0000058,126.902671428,264.740485722,225.196392434,308.300000000,0.000000000,0.000000000
point-0000059,127.334403636,265.137672704,224.596392434,308.300000000,0.000000000,0.000000000
point-0000060,129.349160592,268.495600963,224.596392434,308.300000000,0.000000000,0.000000000
point-0000061,129.780892799,268.892787942,223.996392434,308.300000000,0.000000000,0.000000000
point-0000062,131.795649752,265.534859686,223.996392434,308.300000000,0.000000000,0.000000000
point-0000063,132.227381960,265.932046668,223.396392434,308.300000000,0.000000000,0.000000000
point-0000064,134.242138912,269.289974921,223.396392434,308.300000000,0.000000000,0.000000000
point-0000065,134.673871119,269.687161900,222.796392434,308.300000000,0.000000000,0.000000000
point-0000066,136.688628069,266.329233650,222.796392434,308.300000000,0.000000000,0.000000000
point-0000067,137.120360277,266.726420632,222.196392434,308.300000000,0.000000000,0.000000000
point-0000068,139.135117225,270.084348878,222.196392434,308.300000000,0.000000000,0.000000000
point-0000069,139.566849432,270.481535857,221.596392434,308.300000000,0.000000000,0.000000000
point-0000070,141.581606378,267.123607614,221.596392434,308.300000000,0.000000000,0.000000000
point-0000071,142.013338586,267.520794596,220.996392434,308.300000000,0.000000000,0.000000000
point-0000072,144.028095530,270.878722836,220.996392434,308.300000000,0.000000000,0.000000000
point-0000073,144.459827737,271.275909815,220.396392434,308.300000000,0.000000000,0.000000000
point-0000074,146.474584680,267.917981578,220.396392434,308.300000000,0.000000000,0.000000000
point-0000075,146.906316888,268.315168560,219.796392434,308.300000000,0.000000000,0.000000000
point-0000076,148.921073828,271.673096794,219.796392434,308.300000000,0.000000000,0.000000000
point-0000077,149.352806035,272.070283772,219.196392434,308.300000000,0.000000000,0.000000000
point-0000078,151.367562974,268.712355541,219.196392434,308.300000000,0.000000000,0.000000000
point-0000079,151.799295182,269.109542523,218.596392434,308.300000000,0.000000000,0.000000000
point-0000080,153.814052118,272.467470751,218.596392434,308.300000000,0.000000000,0.000000000
point-0000081,154.245784326,272.864657730,217.996392434,308.300000000,0.000000000,0.000000000
point-0000082,156.260541260,269.506729505,217.996392434,308.300000000,0.000000000,0.000000000
point-0000083,156.692273468,269.903916487,217.396392434,308.300000000,0.000000000,0.000000000
point-0000084,158.707030401,273.261844709,217.396392434,308.300000000,0.000000000,0.000000000
point-0000085,159.138762608,273.659031687,216.796392434,308.300000000,0.000000000,0.000000000
point-0000086,161.153519539,270.301103469,216.796392434,308.300000000,0.000000000,0.000000000
point-0000087,161.585251747,270.698290451,216.196392434,308.300000000,0.000000000,0.000000000
point-0000088,163.600008677,274.056218666,216.196392434,308.300000000,0.000000000,0.000000000
point-0000089,164.031740884,274.453405645,215.596392434,308.300000000,0.000000000,0.000000000
point-0000090,166.046497811,271.095477433,215.596392434,308.300000000,0.000000000,0.000000000
point-0000091,166.478230019,271.492664415,214.996392434,308.300000000,0.000000000,0.000000000
point-0000092,168.492986944,274.850592624,214.996392434,308.300000000,0.000000000,0.000000000
point-0000093,168.924719151,275.247779603,214.396392434,308.300000000,0.000000000,0.000000000
point-0000094,170.939476075,271.889851397,214.396392434,308.300000000,0.000000000,0.000000000
point-0000095,171.371208283,272.287038379,213.796392434,308.300000000,0.000000000,0.000000000
point-0000096,173.385965205,275.644966581,213.796392434,308.300000000,0.000000000,0.000000000
point-0000097,173.817697412,276.042153560,213.196392434,308.300000000,0.000000000,0.000000000
point-0000098,175.832454331,272.684225360,213.196392434,308.300000000,0.000000000,0.000000000
point-0000099,176.264186540,273.081412342,212.596392434,308.300000000,0.000000000,0.000000000
point-0000100,178.278943457,276.439340539,212.596392434,308.300000000,0.000000000,0.000000000
point-0000101,178.710675665,276.836527518,211.996392434,308.300000000,0.000000000,0.000000000
point-0000102,180.725432581,273.478599324,211.996392434,308.300000000,0.000000000,0.000000000
point-0000103,181.157164789,273.875786306,211.396392434,308.300000000,0.000000000,0.000000000
point-0000104,183.171921703,277.233714496,211.396392434,308.300000000,0.000000000,0.000000000
point-0000105,183.603653910,277.630901475,210.796392434,308.300000000,0.000000000,0.000000000
point-0000106,185.618410822,274.272973288,210.796392434,308.300000000,0.000000000,0.000000000
point-0000107,186.050143030,274.670160270,210.196392434,308.300000000,0.000000000,0.000000000
point-0000108,188.064899940,278.028088454,210.196392434,308.300000000,0.000000000,0.000000000
point-0000109,188.496632148,278.425275433,209.596392434,308.300000000,0.000000000,0.000000000
point-0000110,190.511389056,275.067347252,209.596392434,308.300000000,0.000000000,0.000000000
point-0000111,190.943121264,275.464534234,208.996392434,308.300000000,0.000000000,0.000000000
point-0000112,192.957878171,278.822462412,208.996392434,308.300000000,0.000000000,0.000000000
point-0000113,193.389610378,279.219649390,208.396392434,308.300000000,0.000000000,0.000000000
point-0000114,195.404367283,275.861721216,208.396392434,308.300000000,0.000000000,0.000000000
point-0000115,195.836099491,276.258908198,207.796392434,308.300000000,0.000000000,0.000000000
point-0000116,197.850856393,279.616836369,207.796392434,308.300000000,0.000000000,0.000000000
point-0000117,198.282588600,280.014023348,207.196392434,308.300000000,0.000000000,0.000000000
point-0000118,200.297345501,276.656095180,207.196392434,308.300000000,0.000000000,0.000000000
point-0000119,200.729077710,277.053282161,206.596392434,308.300000000,0.000000000,0.000000000
point-0000120,202.743834609,280.411210327,206.596392434,308.300000000,0.000000000,0.000000000
point-0000121,203.175566816,280.808397305,205.996392434,308.300000000,0.000000000,0.000000000
point-0000122,205.190323713,277.450469143,205.996392434,308.300000000,0.000000000,0.000000000
point-0000123,205.622055921,277.847656125,205.396392434,308.300000000,0.000000000,0.000000000
point-0000124,207.636812816,281.205584284,205.396392434,308.300000000,0.000000000,0.000000000
point-0000125,208.068545023,281.602771263,204.796392434,308.300000000,0.000000000,0.000000000
point-0000126,210.083301917,278.244843107,204.796392434,308.300000000,0.000000000,0.000000000
point-0000127,210.515034125,278.642030089,204.196392434,308.300000000,0.000000000,0.000000000
point-0000128,212.529791017,281.999958242,204.196392434,308.300000000,0.000000000,0.000000000
point-0000129,212.961523224,282.397145221,203.596392434,308.300000000,0.000000000,0.000000000
point-0000130,214.976280113,279.039217071,203.596392434,308.300000000,0.000000000,0.000000000
point-0000131,215.408012321,279.436404053,202.996392434,308.300000000,0.000000000,0.000000000
point-0000132,217.422769209,282.794332199,202.996392434,308.300000000,0.000000000,0.000000000
point-0000133,217.854501416,283.191519178,202.396392434,308.300000000,0.000000000,0.000000000
point-0000134,219.869258302,279.833591035,202.396392434,308.300000000,0.000000000,0.000000000
point-0000135,220.300990510,280.230778017,201.796392434,308.300000000,0.000000000,0.000000000
point-0000136,222.315747394,283.588706157,201.796392434,308.300000000,0.000000000,0.000000000
point-0000137,222.717747548,283.886867764,201.196392434,308.300000000,0.000000000,0.000000000
point-0000138,224.673089207,280.627964999,201.196392434,308.300000000,0.000000000,0.000000000
point-0000139,225.104821415,281.025151981,200.596392434,308.300000000,0.000000000,0.000000000
point-0000140,226.278026411,282.980493640,200.596392434,308.300000000,0.000000000,0.000000000
point-0000141,226.930211246,282.074119515,199.996392434,308.300000000,0.000000000,0.000000000
point-0000142,227.321279578,281.422338962,199.996392434,308.300000000,0.000000000,0.000000000
point-0000143,255.616860354,257.771552536,240.796392434,308.300000000,0.000000000,0.000000000
point-0000144,257.099747655,255.300073701,240.796392434,308.300000000,0.000000000,0.000000000
point-0000145,257.751932656,256.206448156,241.396392434,308.300000000,0.000000000,0.000000000
point-0000146,258.452683097,257.374365558,241.396392434,308.300000000,0.000000000,0.000000000
point-0000147,260.375549226,254.353169039,240.511538514,308.900000000,0.000000000,0.000000000
point-0000148,290.015695266,281.989644966,199.565119302,308.900000000,0.000000000,0.000000000
point-0000149,292.055706838,284.807821709,201.467226291,308.900000000,0.000000000,0.000000000
point-0000150,321.407098995,257.440580804,242.014746651,308.900000000,0.000000000,0.000000000
point-0000151,321.695852111,257.171346326,242.413644329,308.900000000,0.000000000,0.000000000
point-0000152,323.735863560,254.353169039,240.511538514,308.900000000,0.000000000,0.000000000
point-0000153,324.031556558,254.845081256,240.481612563,308.900000000,0.000000000,0.000000000
point-0000154,325.992559698,258.113419823,240.481612563,308.900000000,0.000000000,0.000000000
point-0000155,326.426885525,257.708454380,241.081612563,308.900000000,0.000000000,0.000000000
point-0000156,327.611530123,255.734046717,241.081612563,308.900000000,0.000000000,0.000000000
point-0000157,328.255031057,256.623012178,241.681612563,308.900000000,0.000000000,0.000000000
point-0000158,328.663317113,257.303488937,241.681612563,308.900000000,0.000000000,0.000000000
point-0000159,329.966294593,258.518385266,239.881612563,308.900000000,0.000000000,0.000000000
point-0000160,331.993162695,255.140271763,239.881612563,308.900000000,0.000000000,0.000000000
point-0000161,332.427488524,255.545237213,239.281612563,308.900000000,0.000000000,0.000000000
point-0000162,334.454356621,258.923350709,239.281612563,308.900000000,0.000000000,0.000000000
point-0000163,334.888682448,259.328316152,238.681612563,308.900000000,0.000000000,0.000000000
point-0000164,336.915550541,255.950202663,238.681612563,308.900000000,0.000000000,0.000000000
point-0000165,337.349876370,256.355168113,238.081612563,308.900000000,0.000000000,0.000000000
point-0000166,339.376744460,259.733281595,238.081612563,308.900000000,0.000000000,0.000000000
point-0000167,339.811070286,260.138247038,237.481612563,308.900000000,0.000000000,0.000000000
point-0000168,341.837938371,256.760133563,237.481612563,308.900000000,0.000000000,0.000000000
point-0000169,342.272264200,257.165099013,236.881612563,308.900000000,0.000000000,0.000000000
point-0000170,344.299132281,260.543212481,236.881612563,308.900000000,0.000000000,0.000000000
point-0000171,344.733458107,260.948177924,236.281612563,308.900000000,0.000000000,0.000000000
point-0000172,346.760326184,257.570064463,236.281612563,308.900000000,0.000000000,0.000000000
point-0000173,347.194652013,257.975029913,235.681612563,308.900000000,0.000000000,0.000000000
point-0000174,349.221520085,261.353143367,235.681612563,308.900000000,0.000000000,0.000000000
point-0000175,349.655845911,261.758108810,235.081612563,308.900000000,0.000000000,0.000000000
point-0000176,351.682713979,258.379995363,235.081612563,308.900000000,0.000000000,0.000000000
point-0000177,352.117039808,258.784960813,234.481612563,308.900000000,0.000000000,0.000000000
point-0000178,354.143907872,262.163074253,234.481612563,308.900000000,0.000000000,0.000000000
point-0000179,354.578233698,262.568039696,233.881612563,308.900000000,0.000000000,0.000000000
point-0000180,356.605101758,259.189926263,233.881612563,308.900000000,0.000000000,0.000000000
point-0000181,357.039427587,259.594891713,233.281612563,308.900000000,0.000000000,0.000000000
point-0000182,359.066295642,262.973005139,233.281612563,308.900000000,0.000000000,0.000000000
point-0000183,359.500621468,263.377970582,232.681612563,308.900000000,0.000000000,0.000000000
point-0000184,361.527489519,259.999857164,232.681612563,308.900000000,0.000000000,0.000000000
point-0000185,361.961815348,260.404822614,232.081612563,308.900000000,0.000000000,0.000000000
point-0000186,363.988683395,263.782936025,232.081612563,308.900000000,0.000000000,0.000000000
point-0000187,364.423009221,264.187901468,231.481612563,308.900000000,0.000000000,0.000000000
point-0000188,366.449877264,260.809788064,231.481612563,308.900000000,0.000000000,0.000000000
point-0000189,366.884203093,261.214753514,230.881612563,308.900000000,0.000000000,0.000000000
point-0000190,368.911071131,264.592866911,230.881612563,308.900000000,0.000000000,0.000000000
point-0000191,369.345396957,264.997832353,230.281612563,308.900000000,0.000000000,0.000000000
point-0000192,371.372264991,261.619718964,230.281612563,308.900000000,0.000000000,0.000000000
point-0000193,371.806590820,262.024684414,229.681612563,308.900000000,0.000000000,0.000000000
point-0000194,373.833458850,265.402797796,229.681612563,308.900000000,0.000000000,0.000000000
point-0000195,374.267784676,265.807763239,229.081612563,308.900000000,0.000000000,0.000000000
point-0000196,376.294652701,262.429649864,229.081612563,308.900000000,0.000000000,0.000000000
point-0000197,376.728978530,262.834615314,228.481612563,308.900000000,0.000000000,0.000000000
point-0000198,378.755846551,266.212728682,228.481612563,308.900000000,0.000000000,0.000000000
point-0000199,379.190172378,266.617694125,227.881612563,308.900000000,0.000000000,0.000000000
point-0000200,381.217040395,263.239580764,227.881612563,308.900000000,0.000000000,0.000000000
point-0000201,381.651366224,263.644546214,227.281612563,308.900000000,0.000000000,0.000000000
point-0000202,383.678234236,267.022659568,227.281612563,308.900000000,0.000000000,0.000000000
point-0000203,384.112560063,267.427625011,226.681612563,308.900000000,0.000000000,0.000000000
point-0000204,386.139428071,264.049511664,226.681612563,308.900000000,0.000000000,0.000000000
point-0000205,386.573753900,264.454477114,226.081612563,308.900000000,0.000000000,0.000000000
point-0000206,388.600621904,267.832590454,226.081612563,308.900000000,0.000000000,0.000000000
point-0000207,389.034947730,268.237555897,225.481612563,308.900000000,0.000000000,0.000000000
point-0000208,391.061815730,264.859442564,225.481612563,308.900000000,0.000000000,0.000000000
point-0000209,391.496141559,265.264408014,224.881612563,308.900000000,0.000000000,0.000000000
point-0000210,393.523009554,268.642521340,224.881612563,308.900000000,0.000000000,0.000000000
point-0000211,393.957335381,269.047486783,224.281612563,308.900000000,0.000000000,0.000000000
point-0000212,395.984203372,265.669373464,224.281612563,308.900000000,0.000000000,0.000000000
point-0000213,396.418529201,266.074338914,223.681612563,308.900000000,0.000000000,0.000000000
point-0000214,398.445397188,269.452452226,223.681612563,308.900000000,0.000000000,0.000000000
point-0000215,398.879723015,269.857417669,223.081612563,308.900000000,0.000000000,0.000000000
point-0000216,400.906590997,266.479304364,223.081612563,308.900000000,0.000000000,0.000000000
point-0000217,401.340916826,266.884269815,222.481612563,308.900000000,0.000000000,0.000000000
point-0000218,403.367784805,270.262383112,222.481612563,308.900000000,0.000000000,0.000000000
point-0000219,403.802110631,270.667348555,221.881612563,308.900000000,0.000000000,0.000000000
point-0000220,405.828978605,267.289235265,221.881612563,308.900000000,0.000000000,0.000000000
point-0000221,406.263304434,267.694200715,221.281612563,308.900000000,0.000000000,0.000000000
point-0000222,408.290172404,271.072313998,221.281612563,308.900000000,0.000000000,0.000000000
point-0000223,408.724498231,271.477279441,220.681612563,308.900000000,0.000000000,0.000000000
point-0000224,410.751366196,268.099166165,220.681612563,308.900000000,0.000000000,0.000000000
point-0000225,411.185692025,268.504131615,220.081612563,308.900000000,0.000000000,0.000000000
point-0000226,413.212559987,271.882244884,220.081612563,308.900000000,0.000000000,0.000000000
point-0000227,413.646885813,272.287210327,219.481612563,308.900000000,0.000000000,0.000000000
point-0000228,415.673753770,268.909097065,219.481612563,308.900000000,0.000000000,0.000000000
point-0000229,416.108079599,269.314062515,218.881612563,308.900000000,0.000000000,0.000000000
point-0000230,418.134947552,272.692175770,218.881612563,308.900000000,0.000000000,0.000000000
point-0000231,418.569273379,273.097141213,218.281612563,308.900000000,0.000000000,0.000000000
point-0000232,420.596141327,269.719027965,218.281612563,308.900000000,0.000000000,0.000000000
point-0000233,421.030467156,270.123993415,217.681612563,308.900000000,0.000000000,0.000000000
point-0000234,423.057335101,273.502106656,217.681612563,308.900000000,0.000000000,0.000000000
point-0000235,423.491660927,273.907072098,217.081612563,308.900000000,0.000000000,0.000000000
point-0000236,425.518528867,270.528958865,217.081612563,308.900000000,0.000000000,0.000000000
point-0000237,425.952854696,270.933924315,216.481612563,308.900000000,0.000000000,0.000000000
point-0000238,427.979722632,274.312037541,216.481612563,308.900000000,0.000000000,0.000000000
point-0000239,428.414048458,274.717002984,215.881612563,308.900000000,0.000000000,0.000000000
point-0000240,430.440916390,271.338889765,215.881612563,308.900000000,0.000000000,0.000000000
point-0000241,430.875242219,271.743855215,215.281612563,308.900000000,0.000000000,0.000000000
point-0000242,432.902110146,275.121968427,215.281612563,308.900000000,0.000000000,0.000000000
point-0000243,433.336435973,275.526933870,214.681612563,308.900000000,0.000000000,0.000000000
point-0000244,435.363303896,272.148820665,214.681612563,308.900000000,0.000000000,0.000000000
point-0000245,435.797629725,272.553786115,214.081612563,308.900000000,0.000000000,0.000000000
point-0000246,437.824497644,275.931899313,214.081612563,308.900000000,0.000000000,0.000000000
point-0000247,438.258823470,276.336864756,213.481612563,308.900000000,0.000000000,0.000000000
point-0000248,440.285691385,272.958751565,213.481612563,308.900000000,0.000000000,0.000000000
point-0000249,440.720017213,273.363717015,212.881612563,308.900000000,0.000000000,0.000000000
point-0000250,442.746885124,276.741830199,212.881612563,308.900000000,0.000000000,0.000000000
point-0000251,443.181210950,277.146795642,212.281612563,308.900000000,0.000000000,0.000000000
point-0000252,445.208078856,273.768682465,212.281612563,308.900000000,0.000000000,0.000000000
point-0000253,445.642404685,274.173647916,211.681612563,308.900000000,0.000000000,0.000000000
point-0000254,447.669272587,277.551761085,211.681612563,308.900000000,0.000000000,0.000000000
point-0000255,448.103598413,277.956726528,211.081612563,308.900000000,0.000000000,0.000000000
point-0000256,450.130466311,274.578613366,211.081612563,308.900000000,0.000000000,0.000000000
point-0000257,450.564792140,274.983578816,210.481612563,308.900000000,0.000000000,0.000000000
point-0000258,452.591660033,278.361691971,210.481612563,308.900000000,0.000000000,0.000000000
point-0000259,453.025985860,278.766657414,209.881612563,308.900000000,0.000000000,0.000000000
point-0000260,455.052853749,275.388544266,209.881612563,308.900000000,0.000000000,0.000000000
point-0000261,455.487179577,275.793509716,209.281612563,308.900000000,0.000000000,0.000000000
point-0000262,457.514047462,279.171622857,209.281612563,308.900000000,0.000000000,0.000000000
point-0000263,457.948373289,279.576588300,208.681612563,308.900000000,0.000000000,0.000000000
point-0000264,459.975241169,276.198475166,208.681612563,308.900000000,0.000000000,0.000000000
point-0000265,460.409566998,276.603440616,208.081612563,308.900000000,0.000000000,0.000000000
point-0000266,462.436434874,279.981553743,208.081612563,308.900000000,0.000000000,0.000000000
point-0000267,462.870760701,280.386519186,207.481612563,308.900000000,0.000000000,0.000000000
point-0000268,464.897628573,277.008406066,207.481612563,308.900000000,0.000000000,0.000000000
point-0000269,465.331954402,277.413371516,206.881612563,308.900000000,0.000000000,0.000000000
point-0000270,467.358822269,280.791484629,206.881612563,308.900000000,0.000000000,0.000000000
point-0000271,467.793148096,281.196450072,206.281612563,308.900000000,0.000000000,0.000000000
point-0000272,469.820015959,277.818336966,206.281612563,308.900000000,0.000000000,0.000000000
point-0000273,470.254341788,278.223302416,205.681612563,308.900000000,0.000000000,0.000000000
point-0000274,472.281209647,281.601415515,205.681612563,308.900000000,0.000000000,0.000000000
point-0000275,472.715535474,282.006380958,205.081612563,308.900000000,0.000000000,0.000000000
point-0000276,474.742403328,278.628267866,205.081612563,308.900000000,0.000000000,0.000000000
point-0000277,475.176729157,279.033233316,204.481612563,308.900000000,0.000000000,0.000000000
point-0000278,477.203597008,282.411346400,204.481612563,308.900000000,0.000000000,0.000000000
point-0000279,477.637922835,282.816311843,203.881612563,308.900000000,0.000000000,0.000000000
point-0000280,479.664790681,279.438198766,203.881612563,308.900000000,0.000000000,0.000000000
point-0000281,480.099116510,279.843164216,203.281612563,308.900000000,0.000000000,0.000000000
point-0000282,482.125984352,283.221277286,203.281612563,308.900000000,0.000000000,0.000000000
point-0000283,482.560310178,283.626242729,202.681612563,308.900000000,0.000000000,0.000000000
point-0000284,484.587178016,280.248129666,202.681612563,308.900000000,0.000000000,0.000000000
point-0000285,485.021503845,280.653095116,202.081612563,308.900000000,0.000000000,0.000000000
point-0000286,487.048371679,284.031208172,202.081612563,308.900000000,0.000000000,0.000000000
point-0000287,487.441119831,284.292886043,201.481612563,308.900000000,0.000000000,0.000000000
point-0000288,489.382015117,281.058060566,201.481612563,308.900000000,0.000000000,0.000000000
point-0000289,489.816340946,281.463026017,200.881612563,308.900000000,0.000000000,0.000000000
point-0000290,490.980878118,283.403921303,200.881612563,308.900000000,0.000000000,0.000000000
point-0000291,491.624378694,282.514956562,200.281612563,308.900000000,0.000000000,0.000000000
point-0000292,492.012557751,281.867991467,200.281612563,308.900000000,0.000000000,0.000000000
point-0000293,521.249147901,254.437834173,240.550836168,309.500000000,0.000000000,0.000000000
point-0000294,550.889307169,282.439325865,199.853137348,309.500000000,0.000000000,0.000000000
point-0000295,552.929319786,285.240384379,201.780367015,309.500000000,0.000000000,0.000000000
point-0000296,582.280724757,257.511684094,242.081589727,309.500000000,0.000000000,0.000000000
point-0000297,582.569478164,257.238893339,242.478064484,309.500000000,0.000000000,0.000000000
point-0000298,584.609490644,254.437834173,240.550836168,309.500000000,0.000000000,0.000000000
point-0000299,585.049005124,255.063782843,240.170336666,309.500000000,0.000000000,0.000000000
point-0000300,587.088262473,258.462545091,240.170336666,309.500000000,0.000000000,0.000000000
point-0000301,587.525242837,258.875366813,239.570336666,309.500000000,0.000000000,0.000000000
point-0000302,589.564500181,255.476604573,239.570336666,309.500000000,0.000000000,0.000000000
point-0000303,590.001480548,255.889426304,238.970336666,309.500000000,0.000000000,0.000000000
point-0000304,592.040737887,259.288188536,238.970336666,309.500000000,0.000000000,0.000000000
point-0000305,592.477718252,259.701010258,238.370336666,309.500000000,0.000000000,0.000000000
point-0000306,594.516975585,256.302248035,238.370336666,309.500000000,0.000000000,0.000000000
point-0000307,594.953955953,256.715069766,237.770336666,309.500000000,0.000000000,0.000000000
point-0000308,596.993213281,260.113831980,237.770336666,309.500000000,0.000000000,0.000000000
point-0000309,597.430193646,260.526653702,237.170336666,309.500000000,0.000000000,0.000000000
point-0000310,599.469450969,257.127891496,237.170336666,309.500000000,0.000000000,0.000000000
point-0000311,599.906431337,257.540713227,236.570336666,309.500000000,0.000000000,0.000000000
point-0000312,601.945688655,260.939475425,236.570336666,309.500000000,0.000000000,0.000000000
point-0000313,602.382669020,261.352297147,235.970336666,309.500000000,0.000000000,0.000000000
point-0000314,604.421926333,257.953534958,235.970336666,309.500000000,0.000000000,0.000000000
point-0000315,604.858906700,258.366356688,235.370336666,309.500000000,0.000000000,0.000000000
point-0000316,606.898164009,261.765118869,235.370336666,309.500000000,0.000000000,0.000000000
point-0000317,607.335144373,262.177940592,234.770336666,309.500000000,0.000000000,0.000000000
point-0000318,609.374401677,258.779178419,234.770336666,309.500000000,0.000000000,0.000000000
point-0000319,609.811382044,259.192000150,234.170336666,309.500000000,0.000000000,0.000000000
point-0000320,611.850639343,262.590762314,234.170336666,309.500000000,0.000000000,0.000000000
point-0000321,612.287619707,263.003584036,233.570336666,309.500000000,0.000000000,0.000000000
point-0000322,614.326877001,259.604821880,233.570336666,309.500000000,0.000000000,0.000000000
point-0000323,614.763857368,260.017643611,232.970336666,309.500000000,0.000000000,0.000000000
point-0000324,616.803114656,263.416405759,232.970336666,309.500000000,0.000000000,0.000000000
point-0000325,617.240095021,263.829227481,232.370336666,309.500000000,0.000000000,0.000000000
point-0000326,619.279352304,260.430465342,232.370336666,309.500000000,0.000000000,0.000000000
point-0000327,619.716332671,260.843287072,231.770336666,309.500000000,0.000000000,0.000000000
point-0000328,621.755589950,264.242049203,231.770336666,309.500000000,0.000000000,0.000000000
point-0000329,622.192570314,264.654870926,231.170336666,309.500000000,0.000000000,0.000000000
point-0000330,624.231827588,261.256108803,231.170336666,309.500000000,0.000000000,0.000000000
point-0000331,624.668807955,261.668930534,230.570336666,309.500000000,0.000000000,0.000000000
point-0000332,626.708065223,265.067692648,230.570336666,309.500000000,0.000000000,0.000000000
point-0000333,627.145045588,265.480514370,229.970336666,309.500000000,0.000000000,0.000000000
point-0000334,629.184302851,262.081752265,229.970336666,309.500000000,0.000000000,0.000000000
point-0000335,629.621283218,262.494573995,229.370336666,309.500000000,0.000000000,0.000000000
point-0000336,631.660540477,265.893336093,229.370336666,309.500000000,0.000000000,0.000000000
point-0000337,632.097520841,266.306157815,228.770336666,309.500000000,0.000000000,0.000000000
point-0000338,634.136778094,262.907395726,228.770336666,309.500000000,0.000000000,0.000000000
point-0000339,634.573758461,263.320217457,228.170336666,309.500000000,0.000000000,0.000000000
point-0000340,636.613015710,266.718979537,228.170336666,309.500000000,0.000000000,0.000000000
point-0000341,637.049996074,267.131801259,227.570336666,309.500000000,0.000000000,0.000000000
point-0000342,639.089253317,263.733039187,227.570336666,309.500000000,0.000000000,0.000000000
point-0000343,639.526233684,264.145860918,226.970336666,309.500000000,0.000000000,0.000000000
point-0000344,641.565490923,267.544622982,226.970336666,309.500000000,0.000000000,0.000000000
point-0000345,642.002471287,267.957444704,226.370336666,309.500000000,0.000000000,0.000000000
point-0000346,644.041728520,264.558682649,226.370336666,309.500000000,0.000000000,0.000000000
point-0000347,644.478708887,264.971504379,225.770336666,309.500000000,0.000000000,0.000000000
point-0000348,646.517966116,268.370266426,225.770336666,309.500000000,0.000000000,0.000000000
point-0000349,646.954946480,268.783088149,225.170336666,309.500000000,0.000000000,0.000000000
point-0000350,648.994203703,265.384326110,225.170336666,309.500000000,0.000000000,0.000000000
point-0000351,649.431184070,265.797147841,224.570336666,309.500000000,0.000000000,0.000000000
point-0000352,651.470441289,269.195909871,224.570336666,309.500000000,0.000000000,0.000000000
point-0000353,651.907421653,269.608731593,223.970336666,309.500000000,0.000000000,0.000000000
point-0000354,653.946678866,266.209969571,223.970336666,309.500000000,0.000000000,0.000000000
point-0000355,654.383659233,266.622791302,223.370336666,309.500000000,0.000000000,0.000000000
point-0000356,656.422916441,270.021553316,223.370336666,309.500000000,0.000000000,0.000000000
point-0000357,656.859896806,270.434375038,222.770336666,309.500000000,0.000000000,0.000000000
point-0000358,658.899154009,267.035613033,222.770336666,309.500000000,0.000000000,0.000000000
point-0000359,659.336134376,267.448434764,222.170336666,309.500000000,0.000000000,0.000000000
point-0000360,661.375391574,270.847196760,222.170336666,309.500000000,0.000000000,0.000000000
point-0000361,661.812371938,271.260018483,221.570336666,309.500000000,0.000000000,0.000000000
point-0000362,663.851629131,267.861256494,221.570336666,309.500000000,0.000000000,0.000000000
point-0000363,664.288609498,268.274078225,220.970336666,309.500000000,0.000000000,0.000000000
point-0000364,666.327866686,271.672840205,220.970336666,309.500000000,0.000000000,0.000000000
point-0000365,666.764847051,272.085661927,220.370336666,309.500000000,0.000000000,0.000000000
point-0000366,668.804104234,268.686899956,220.370336666,309.500000000,0.000000000,0.000000000
point-0000367,669.241084601,269.099721686,219.770336666,309.500000000,0.000000000,0.000000000
point-0000368,671.280341779,272.498483650,219.770336666,309.500000000,0.000000000,0.000000000
point-0000369,671.717322143,272.911305372,219.170336666,309.500000000,0.000000000,0.000000000
point-0000370,673.756579316,269.512543417,219.170336666,309.500000000,0.000000000,0.000000000
point-0000371,674.193559683,269.925365148,218.570336666,309.500000000,0.000000000,0.000000000
point-0000372,676.232816851,273.324127094,218.570336666,309.500000000,0.000000000,0.000000000
point-0000373,676.669797215,273.736948816,217.970336666,309.500000000,0.000000000,0.000000000
point-0000374,678.709054378,270.338186878,217.970336666,309.500000000,0.000000000,0.000000000
point-0000375,679.146034745,270.751008609,217.370336666,309.500000000,0.000000000,0.000000000
point-0000376,681.185291903,274.149770539,217.370336666,309.500000000,0.000000000,0.000000000
point-0000377,681.622272268,274.562592261,216.770336666,309.500000000,0.000000000,0.000000000
point-0000378,683.661529420,271.163830340,216.770336666,309.500000000,0.000000000,0.000000000
point-0000379,684.098509788,271.576652070,216.170336666,309.500000000,0.000000000,0.000000000
point-0000380,686.137766935,274.975413983,216.170336666,309.500000000,0.000000000,0.000000000
point-0000381,686.574747300,275.388235706,215.570336666,309.500000000,0.000000000,0.000000000
point-0000382,688.614004442,271.989473801,215.570336666,309.500000000,0.000000000,0.000000000
point-0000383,689.050984810,272.402295532,214.970336666,309.500000000,0.000000000,0.000000000
point-0000384,691.090241947,275.801057428,214.970336666,309.500000000,0.000000000,0.000000000
point-0000385,691.527222312,276.213879150,214.370336666,309.500000000,0.000000000,0.000000000
point-0000386,693.566479444,272.815117262,214.370336666,309.500000000,0.000000000,0.000000000
point-0000387,694.003459812,273.227938993,213.770336666,309.500000000,0.000000000,0.000000000
point-0000388,696.042716939,276.626700873,213.770336666,309.500000000,0.000000000,0.000000000
point-0000389,696.479697303,277.039522595,213.170336666,309.500000000,0.000000000,0.000000000
point-0000390,698.518954426,273.640760724,213.170336666,309.500000000,0.000000000,0.000000000
point-0000391,698.955934793,274.053582455,212.570336666,309.500000000,0.000000000,0.000000000
point-0000392,700.995191911,277.452344317,212.570336666,309.500000000,0.000000000,0.000000000
point-0000393,701.432172275,277.865166040,211.970336666,309.500000000,0.000000000,0.000000000
point-0000394,703.471429388,274.466404185,211.970336666,309.500000000,0.000000000,0.000000000
point-0000395,703.908409755,274.879225916,211.370336666,309.500000000,0.000000000,0.000000000
point-0000396,705.947666863,278.277987762,211.370336666,309.500000000,0.000000000,0.000000000
point-0000397,706.384647227,278.690809484,210.770336666,309.500000000,0.000000000,0.000000000
point-0000398,708.423904329,275.292047647,210.770336666,309.500000000,0.000000000,0.000000000
point-0000399,708.860884697,275.704869377,210.170336666,309.500000000,0.000000000,0.000000000
point-0000400,710.900141794,279.103631207,210.170336666,309.500000000,0.000000000,0.000000000
point-0000401,711.337122158,279.516452929,209.570336666,309.500000000,0.000000000,0.000000000
point-0000402,713.376379251,276.117691108,209.570336666,309.500000000,0.000000000,0.000000000
point-0000403,713.813359618,276.530512839,208.970336666,309.500000000,0.000000000,0.000000000
point-0000404,715.852616706,279.929274651,208.970336666,309.500000000,0.000000000,0.000000000
point-0000405,716.289597070,280.342096373,208.370336666,309.500000000,0.000000000,0.000000000
point-0000406,718.328854152,276.943334569,208.370336666,309.500000000,0.000000000,0.000000000
point-0000407,718.765834519,277.356156300,207.770336666,309.500000000,0.000000000,0.000000000
point-0000408,720.805091597,280.754918096,207.770336666,309.500000000,0.000000000,0.000000000
point-0000409,721.242071961,281.167739818,207.170336666,309.500000000,0.000000000,0.000000000
point-0000410,723.281329034,277.768978031,207.170336666,309.500000000,0.000000000,0.000000000
point-0000411,723.718309401,278.181799761,206.570336666,309.500000000,0.000000000,0.000000000
point-0000412,725.757566468,281.580561540,206.570336666,309.500000000,0.000000000,0.000000000
point-0000413,726.194546832,281.993383263,205.970336666,309.500000000,0.000000000,0.000000000
point-0000414,728.233803895,278.594621492,205.970336666,309.500000000,0.000000000,0.000000000
point-0000415,728.670784262,279.007443223,205.370336666,309.500000000,0.000000000,0.000000000
point-0000416,730.710041319,282.406204985,205.370336666,309.500000000,0.000000000,0.000000000
point-0000417,731.147021683,282.819026707,204.770336666,309.500000000,0.000000000,0.000000000
point-0000418,733.186278736,279.420264954,204.770336666,309.500000000,0.000000000,0.000000000
point-0000419,733.623259103,279.833086684,204.170336666,309.500000000,0.000000000,0.000000000
point-0000420,735.662516150,283.231848430,204.170336666,309.500000000,0.000000000,0.000000000
point-0000421,736.099496514,283.644670152,203.570336666,309.500000000,0.000000000,0.000000000
point-0000422,738.138753557,280.245908415,203.570336666,309.500000000,0.000000000,0.000000000
point-0000423,738.575733924,280.658730146,202.970336666,309.500000000,0.000000000,0.000000000
point-0000424,740.614990961,284.057491874,202.970336666,309.500000000,0.000000000,0.000000000
point-0000425,741.051971325,284.470313597,202.370336666,309.500000000,0.000000000,0.000000000
point-0000426,743.091228357,281.071551876,202.370336666,309.500000000,0.000000000,0.000000000
point-0000427,743.528208725,281.484373607,201.770336666,309.500000000,0.000000000,0.000000000
point-0000428,745.455512022,284.696545770,201.770336666,309.500000000,0.000000000,0.000000000
point-0000429,746.090624480,283.824498635,201.170336666,309.500000000,0.000000000,0.000000000
point-0000430,747.247006459,281.897195338,201.170336666,309.500000000,0.000000000,0.000000000
point-0000431,747.683986826,282.310017068,200.570336666,309.500000000,0.000000000,0.000000000
point-0000432,748.069447485,282.952451501,200.570336666,309.500000000,0.000000000,0.000000000
point-0000433,776.442443672,258.049723369,240.770336666,309.500000000,0.000000000,0.000000000
point-0000434,778.100605800,255.286119822,240.770336666,309.500000000,0.000000000,0.000000000
point-0000435,778.735718660,256.158167770,241.370336666,309.500000000,0.000000000,0.000000000
point-0000436,779.622958986,257.636901646,241.370336666,309.500000000,0.000000000,0.000000000
point-0000437,780.059939439,257.224079662,241.970336666,309.500000000,0.000000000,0.000000000
point-0000438,780.176257805,257.030215719,241.970336666,309.500000000,0.000000000,0.000000000
point-0000439,781.931148013,254.521939369,240.590806198,310.100000000,0.000000000,0.000000000
point-0000440,811.571276828,282.885306764,200.144538118,310.100000000,0.000000000,0.000000000
point-0000441,813.611287030,285.669059874,202.096673934,310.100000000,0.000000000,0.000000000
point-0000442,842.962662321,257.582008685,242.148915912,310.100000000,0.000000000,0.000000000
point-0000443,843.251415075,257.305693062,242.542940856,310.100000000,0.000000000,0.000000000
point-0000444,845.291425164,254.521939369,240.590806198,310.100000000,0.000000000,0.000000000
point-0000445,845.575926896,254.978393985,240.462408580,310.100000000,0.000000000,0.000000000
point-0000446,847.627856017,258.398275853,240.462408580,310.100000000,0.000000000,0.000000000
point-0000447,848.067552381,257.977519613,241.062408580,310.100000000,0.000000000,0.000000000
point-0000448,849.423891614,255.716954225,241.062408580,310.100000000,0.000000000,0.000000000
point-0000449,850.050900641,256.572557197,241.662408580,310.100000000,0.000000000,0.000000000
point-0000450,850.641424347,257.556763374,241.662408580,310.100000000,0.000000000,0.000000000
point-0000451,851.960513439,258.819032092,239.862408580,310.100000000,0.000000000,0.000000000
point-0000452,854.012442556,255.399150232,239.862408580,310.100000000,0.000000000,0.000000000
point-0000453,854.452138922,255.819906478,239.262408580,310.100000000,0.000000000,0.000000000
point-0000454,856.504068034,259.239788331,239.262408580,310.100000000,0.000000000,0.000000000
point-0000455,856.943764398,259.660544571,238.662408580,310.100000000,0.000000000,0.000000000
point-0000456,858.995693506,256.240662725,238.662408580,310.100000000,0.000000000,0.000000000
point-0000457,859.435389872,256.661418972,238.062408580,310.100000000,0.000000000,0.000000000
point-0000458,861.487318975,260.081300810,238.062408580,310.100000000,0.000000000,0.000000000
point-0000459,861.927015340,260.502057049,237.462408580,310.100000000,0.000000000,0.000000000
point-0000460,863.978944438,257.082175219,237.462408580,310.100000000,0.000000000,0.000000000
point-0000461,864.418640805,257.502931465,236.862408580,310.100000000,0.000000000,0.000000000
point-0000462,866.470569899,260.922813289,236.862408580,310.100000000,0.000000000,0.000000000
point-0000463,866.910266263,261.343569528,236.262408580,310.100000000,0.000000000,0.000000000
point-0000464,868.962195353,257.923687712,236.262408580,310.100000000,0.000000000,0.000000000
point-0000465,869.401891719,258.344443959,235.662408580,310.100000000,0.000000000,0.000000000
point-0000466,871.453820805,261.764325767,235.662408580,310.100000000,0.000000000,0.000000000
point-0000467,871.893517169,262.185082007,235.062408580,310.100000000,0.000000000,0.000000000
point-0000468,873.945446249,258.765200206,235.062408580,310.100000000,0.000000000,0.000000000
point-0000469,874.385142616,259.185956452,234.462408580,310.100000000,0.000000000,0.000000000
point-0000470,876.437071693,262.605838246,234.462408580,310.100000000,0.000000000,0.000000000
point-0000471,876.876768057,263.026594486,233.862408580,310.100000000,0.000000000,0.000000000
point-0000472,878.928697129,259.606712699,233.862408580,310.100000000,0.000000000,0.000000000
point-0000473,879.368393495,260.027468946,233.262408580,310.100000000,0.000000000,0.000000000
point-0000474,881.420322563,263.447350725,233.262408580,310.100000000,0.000000000,0.000000000
point-0000475,881.860018927,263.868106964,232.662408580,310.100000000,0.000000000,0.000000000
point-0000476,883.911947990,260.448225193,232.662408580,310.100000000,0.000000000,0.000000000
point-0000477,884.351644357,260.868981439,232.062408580,310.100000000,0.000000000,0.000000000
point-0000478,886.403573415,264.288863204,232.062408580,310.100000000,0.000000000,0.000000000
point-0000479,886.843269780,264.709619443,231.462408580,310.100000000,0.000000000,0.000000000
point-0000480,888.895198834,261.289737686,231.462408580,310.100000000,0.000000000,0.000000000
point-0000481,889.334895200,261.710493933,230.862408580,310.100000000,0.000000000,0.000000000
point-0000482,891.386824250,265.130375682,230.862408580,310.100000000,0.000000000,0.000000000
point-0000483,891.826520614,265.551131922,230.262408580,310.100000000,0.000000000,0.000000000
point-0000484,893.878449660,262.131250180,230.262408580,310.100000000,0.000000000,0.000000000
point-0000485,894.318146026,262.552006426,229.662408580,310.100000000,0.000000000,0.000000000
point-0000486,896.370075067,265.971888161,229.662408580,310.100000000,0.000000000,0.000000000
point-0000487,896.809771432,266.392644401,229.062408580,310.100000000,0.000000000,0.000000000
point-0000488,898.861700468,262.972762673,229.062408580,310.100000000,0.000000000,0.000000000
point-0000489,899.301396835,263.393518920,228.462408580,310.100000000,0.000000000,0.000000000
point-0000490,901.353325867,266.813400640,228.462408580,310.100000000,0.000000000,0.000000000
point-0000491,901.793022231,267.234156879,227.862408580,310.100000000,0.000000000,0.000000000
point-0000492,903.844951259,263.814275167,227.862408580,310.100000000,0.000000000,0.000000000
point-0000493,904.284647625,264.235031413,227.262408580,310.100000000,0.000000000,0.000000000
point-0000494,906.336576648,267.654913119,227.262408580,310.100000000,0.000000000,0.000000000
point-0000495,906.776273013,268.075669358,226.662408580,310.100000000,0.000000000,0.000000000
point-0000496,908.828202031,264.655787660,226.662408580,310.100000000,0.000000000,0.000000000
point-0000497,909.267898398,265.076543907,226.062408580,310.100000000,0.000000000,0.000000000
point-0000498,911.319827412,268.496425597,226.062408580,310.100000000,0.000000000,0.000000000
point-0000499,911.759523777,268.917181837,225.462408580,310.100000000,0.000000000,0.000000000
point-0000500,913.811452787,265.497300154,225.462408580,310.100000000,0.000000000,0.000000000
point-0000501,914.251149153,265.918056400,224.862408580,310.100000000,0.000000000,0.000000000
point-0000502,916.303078159,269.337938076,224.862408580,310.100000000,0.000000000,0.000000000
point-0000503,916.742774523,269.758694316,224.262408580,310.100000000,0.000000000,0.000000000
point-0000504,918.794703524,266.338812647,224.262408580,310.100000000,0.000000000,0.000000000
point-0000505,919.234399891,266.759568894,223.662408580,310.100000000,0.000000000,0.000000000
point-0000506,921.286328887,270.179450555,223.662408580,310.100000000,0.000000000,0.000000000
point-0000507,921.726025251,270.600206794,223.062408580,310.100000000,0.000000000,0.000000000
point-0000508,923.777954244,267.180325141,223.062408580,310.100000000,0.000000000,0.000000000
point-0000509,924.217650610,267.601081387,222.462408580,310.100000000,0.000000000,0.000000000
point-0000510,926.269579598,271.020963034,222.462408580,310.100000000,0.000000000,0.000000000
point-0000511,926.709275962,271.441719273,221.862408580,310.100000000,0.000000000,0.000000000
point-0000512,928.761204946,268.021837634,221.862408580,310.100000000,0.000000000,0.000000000
point-0000513,929.200901312,268.442593881,221.262408580,310.100000000,0.000000000,0.000000000
point-0000514,931.252830291,271.862475512,221.262408580,310.100000000,0.000000000,0.000000000
point-0000515,931.692526655,272.283231752,220.662408580,310.100000000,0.000000000,0.000000000
point-0000516,933.744455630,268.863350128,220.662408580,310.100000000,0.000000000,0.000000000
point-0000517,934.184151997,269.284106374,220.062408580,310.100000000,0.000000000,0.000000000
point-0000518,936.236080967,272.703987991,220.062408580,310.100000000,0.000000000,0.000000000
point-0000519,936.675777331,273.124744231,219.462408580,310.100000000,0.000000000,0.000000000
point-0000520,938.727706296,269.704862621,219.462408580,310.100000000,0.000000000,0.000000000
point-0000521,939.167402663,270.125618868,218.862408580,310.100000000,0.000000000,0.000000000
point-0000522,941.219331624,273.545500470,218.862408580,310.100000000,0.000000000,0.000000000
point-0000523,941.659027988,273.966256709,218.262408580,310.100000000,0.000000000,0.000000000
point-0000524,943.710956945,270.546375115,218.262408580,310.100000000,0.000000000,0.000000000
point-0000525,944.150653312,270.967131361,217.662408580,310.100000000,0.000000000,0.000000000
point-0000526,946.202582264,274.387012949,217.662408580,310.100000000,0.000000000,0.000000000
point-0000527,946.642278628,274.807769188,217.062408580,310.100000000,0.000000000,0.000000000
point-0000528,948.694207576,271.387887608,217.062408580,310.100000000,0.000000000,0.000000000
point-0000529,949.133903943,271.808643855,216.462408580,310.100000000,0.000000000,0.000000000
point-0000530,951.185832886,275.228525427,216.462408580,310.100000000,0.000000000,0.000000000
point-0000531,951.625529251,275.649281667,215.862408580,310.100000000,0.000000000,0.000000000
point-0000532,953.677458190,272.229400102,215.862408580,310.100000000,0.000000000,0.000000000
point-0000533,954.117154556,272.650156348,215.262408580,310.100000000,0.000000000,0.000000000
point-0000534,956.169083491,276.070037906,215.262408580,310.100000000,0.000000000,0.000000000
point-0000535,956.608779855,276.490794145,214.662408580,310.100000000,0.000000000,0.000000000
point-0000536,958.660708785,273.070912595,214.662408580,310.100000000,0.000000000,0.000000000
point-0000537,959.100405152,273.491668842,214.062408580,310.100000000,0.000000000,0.000000000
point-0000538,961.152334078,276.911550385,214.062408580,310.100000000,0.000000000,0.000000000
point-0000539,961.592030442,277.332306624,213.462408580,310.100000000,0.000000000,0.000000000
point-0000540,963.643959363,273.912425089,213.462408580,310.100000000,0.000000000,0.000000000
point-0000541,964.083655730,274.333181335,212.862408580,310.100000000,0.000000000,0.000000000
point-0000542,966.135584647,277.753062864,212.862408580,310.100000000,0.000000000,0.000000000
point-0000543,966.575281011,278.173819103,212.262408580,310.100000000,0.000000000,0.000000000
point-0000544,968.627209923,274.753937582,212.262408580,310.100000000,0.000000000,0.000000000
point-0000545,969.066906290,275.174693829,211.662408580,310.100000000,0.000000000,0.000000000
point-0000546,971.118835198,278.594575342,211.662408580,310.100000000,0.000000000,0.000000000
point-0000547,971.558531562,279.015331582,211.062408580,310.100000000,0.000000000,0.000000000
point-0000548,973.610460466,275.595450076,211.062408580,310.100000000,0.000000000,0.000000000
point-0000549,974.050156833,276.016206322,210.462408580,310.100000000,0.000000000,0.000000000
point-0000550,976.102085732,279.436087821,210.462408580,310.100000000,0.000000000,0.000000000
point-0000551,976.541782096,279.856844060,209.862408580,310.100000000,0.000000000,0.000000000
point-0000552,978.593710991,276.436962569,209.862408580,310.100000000,0.000000000,0.000000000
point-0000553,979.033407357,276.857718816,209.262408580,310.100000000,0.000000000,0.000000000
point-0000554,981.085336248,280.277600300,209.262408580,310.100000000,0.000000000,0.000000000
point-0000555,981.525032612,280.698356539,208.662408580,310.100000000,0.000000000,0.000000000
point-0000556,983.576961498,277.278475063,208.662408580,310.100000000,0.000000000,0.000000000
point-0000557,984.016657865,277.699231309,208.062408580,310.100000000,0.000000000,0.000000000
point-0000558,986.068586746,281.119112779,208.062408580,310.100000000,0.000000000,0.000000000
point-0000559,986.508283110,281.539869018,207.462408580,310.100000000,0.000000000,0.000000000
point-0000560,988.560211987,278.119987556,207.462408580,310.100000000,0.000000000,0.000000000
point-0000561,988.999908354,278.540743803,206.862408580,310.100000000,0.000000000,0.000000000
point-0000562,991.051837226,281.960625257,206.862408580,310.100000000,0.000000000,0.000000000
point-0000563,991.491533591,282.381381497,206.262408580,310.100000000,0.000000000,0.000000000
point-0000564,993.543462459,278.961500050,206.262408580,310.100000000,0.000000000,0.000000000
point-0000565,993.983158825,279.382256297,205.662408580,310.100000000,0.000000000,0.000000000
point-0000566,996.035087689,282.802137736,205.662408580,310.100000000,0.000000000,0.000000000
point-0000567,996.474784053,283.222893975,205.062408580,310.100000000,0.000000000,0.000000000
point-0000568,998.526712913,279.803012543,205.062408580,310.100000000,0.000000000,0.000000000
point-0000569,998.966409279,280.223768790,204.462408580,310.100000000,0.000000000,0.000000000
point-0000570,1001.018338134,283.643650215,204.462408580,310.100000000,0.000000000,0.000000000
point-0000571,1001.458034498,284.064406454,203.862408580,310.100000000,0.000000000,0.000000000
point-0000572,1003.509963349,280.644525037,203.862408580,310.100000000,0.000000000,0.000000000
point-0000573,1003.949659716,281.065281284,203.262408580,310.100000000,0.000000000,0.000000000
point-0000574,1006.001588562,284.485162694,203.262408580,310.100000000,0.000000000,0.000000000
point-0000575,1006.441284926,284.905918933,202.662408580,310.100000000,0.000000000,0.000000000
point-0000576,1008.493213767,281.486037530,202.662408580,310.100000000,0.000000000,0.000000000
point-0000577,1008.932910134,281.906793777,202.062408580,310.100000000,0.000000000,0.000000000
point-0000578,1010.847447932,285.097690107,202.062408580,310.100000000,0.000000000,0.000000000
point-0000579,1011.474456622,284.242087822,201.462408580,310.100000000,0.000000000,0.000000000
point-0000580,1012.623179301,282.327550024,201.462408580,310.100000000,0.000000000,0.000000000
point-0000581,1013.062875668,282.748306271,200.862408580,310.100000000,0.000000000,0.000000000
point-0000582,1013.445783228,283.386485537,200.862408580,310.100000000,0.000000000,0.000000000
point-0000583,1042.902556808,254.605461402,240.631424425,310.700000000,0.000000000,0.000000000
point-0000584,1072.542628870,283.327477134,200.439165486,310.700000000,0.000000000,0.000000000
point-0000585,1074.582634577,286.093747006,202.415985070,310.700000000,0.000000000,0.000000000
point-0000586,1103.933954651,257.651540130,242.216693558,310.700000000,0.000000000,0.000000000
point-0000587,1104.222706074,257.371731738,242.608243182,310.700000000,0.000000000,0.000000000
point-0000588,1106.262711718,254.605461402,240.631424425,310.700000000,0.000000000,0.000000000
point-0000589,1106.685147038,255.298108776,240.757672209,310.700000000,0.000000000,0.000000000
point-0000590,1108.501552325,258.325450922,240.757672209,310.700000000,0.000000000,0.000000000
point-0000591,1108.944026661,258.754220278,240.157672209,310.700000000,0.000000000,0.000000000
point-0000592,1111.008914086,255.312741236,240.157672209,310.700000000,0.000000000,0.000000000
point-0000593,1111.451388423,255.741510596,239.557672209,310.700000000,0.000000000,0.000000000
point-0000594,1113.516275845,259.182989633,239.557672209,310.700000000,0.000000000,0.000000000
point-0000595,1113.958750181,259.611758989,238.957672209,310.700000000,0.000000000,0.000000000
point-0000596,1116.023637600,256.170279956,238.957672209,310.700000000,0.000000000,0.000000000
point-0000597,1116.466111937,256.599049316,238.357672209,310.700000000,0.000000000,0.000000000
point-0000598,1118.530999354,260.040528344,238.357672209,310.700000000,0.000000000,0.000000000
point-0000599,1118.973473690,260.469297700,237.757672209,310.700000000,0.000000000,0.000000000
point-0000600,1121.038361104,257.027818676,237.757672209,310.700000000,0.000000000,0.000000000
point-0000601,1121.480835441,257.456588036,237.157672209,310.700000000,0.000000000,0.000000000
point-0000602,1123.545722852,260.898067055,237.157672209,310.700000000,0.000000000,0.000000000
point-0000603,1123.988197188,261.326836411,236.557672209,310.700000000,0.000000000,0.000000000
point-0000604,1126.053084596,257.885357396,236.557672209,310.700000000,0.000000000,0.000000000
point-0000605,1126.495558934,258.314126756,235.957672209,310.700000000,0.000000000,0.000000000
point-0000606,1128.560446340,261.755605766,235.957672209,310.700000000,0.000000000,0.000000000
point-0000607,1129.002920675,262.184375122,235.357672209,310.700000000,0.000000000,0.000000000
point-0000608,1131.067808078,258.742896117,235.357672209,310.700000000,0.000000000,0.000000000
point-0000609,1131.510282415,259.171665477,234.757672209,310.700000000,0.000000000,0.000000000
point-0000610,1133.575169816,262.613144477,234.757672209,310.700000000,0.000000000,0.000000000
point-0000611,1134.017644151,263.041913833,234.157672209,310.700000000,0.000000000,0.000000000
point-0000612,1136.082531549,259.600434837,234.157672209,310.700000000,0.000000000,0.000000000
point-0000613,1136.525005886,260.029204197,233.557672209,310.700000000,0.000000000,0.000000000
point-0000614,1138.589893281,263.470683188,233.557672209,310.700000000,0.000000000,0.000000000
point-0000615,1139.032367617,263.899452544,232.957672209,310.700000000,0.000000000,0.000000000
point-0000616,1141.097255009,260.457973557,232.957672209,310.700000000,0.000000000,0.000000000
point-0000617,1141.539729346,260.886742917,232.357672209,310.700000000,0.000000000,0.000000000
point-0000618,1143.604616736,264.328221899,232.357672209,310.700000000,0.000000000,0.000000000
point-0000619,1144.047091072,264.756991255,231.757672209,310.700000000,0.000000000,0.000000000
point-0000620,1146.111978458,261.315512277,231.757672209,310.700000000,0.000000000,0.000000000
point-0000621,1146.554452795,261.744281637,231.157672209,310.700000000,0.000000000,0.000000000
point-0000622,1148.619340180,265.185760610,231.157672209,310.700000000,0.000000000,0.000000000
point-0000623,1149.061814515,265.614529966,230.557672209,310.700000000,0.000000000,0.000000000
point-0000624,1151.126701897,262.173050997,230.557672209,310.700000000,0.000000000,0.000000000
point-0000625,1151.569176234,262.601820357,229.957672209,310.700000000,0.000000000,0.000000000
point-0000626,1153.634063612,266.043299321,229.957672209,310.700000000,0.000000000,0.000000000
point-0000627,1154.076537948,266.472068677,229.357672209,310.700000000,0.000000000,0.000000000
point-0000628,1156.141425324,263.030589717,229.357672209,310.700000000,0.000000000,0.000000000
point-0000629,1156.583899661,263.459359077,228.757672209,310.700000000,0.000000000,0.000000000
point-0000630,1158.648787034,266.900838032,228.757672209,310.700000000,0.000000000,0.000000000
point-0000631,1159.091261370,267.329607388,228.157672209,310.700000000,0.000000000,0.000000000
point-0000632,1161.156148740,263.888128437,228.157672209,310.700000000,0.000000000,0.000000000
point-0000633,1161.598623077,264.316897797,227.557672209,310.700000000,0.000000000,0.000000000
point-0000634,1163.663510445,267.758376743,227.557672209,310.700000000,0.000000000,0.000000000
point-0000635,1164.105984781,268.187146099,226.957672209,310.700000000,0.000000000,0.000000000
point-0000636,1166.170872146,264.745667157,226.957672209,310.700000000,0.000000000,0.000000000
point-0000637,1166.613346483,265.174436517,226.357672209,310.700000000,0.000000000,0.000000000
point-0000638,1168.678233845,268.615915454,226.357672209,310.700000000,0.000000000,0.000000000
point-0000639,1169.120708181,269.044684809,225.757672209,310.700000000,0.000000000,0.000000000
point-0000640,1171.185595541,265.603205877,225.757672209,310.700000000,0.000000000,0.000000000
point-0000641,1171.628069878,266.031975237,225.157672209,310.700000000,0.000000000,0.000000000
point-0000642,1173.692957235,269.473454165,225.157672209,310.700000000,0.000000000,0.000000000
point-0000643,1174.135431570,269.902223520,224.557672209,310.700000000,0.000000000,0.000000000
point-0000644,1176.200318924,266.460744597,224.557672209,310.700000000,0.000000000,0.000000000
point-0000645,1176.642793261,266.889513957,223.957672209,310.700000000,0.000000000,0.000000000
point-0000646,1178.707680613,270.330992876,223.957672209,310.700000000,0.000000000,0.000000000
point-0000647,1179.150154948,270.759762231,223.357672209,310.700000000,0.000000000,0.000000000
point-0000648,1181.215042297,267.318283317,223.357672209,310.700000000,0.000000000,0.000000000
point-0000649,1181.657516634,267.747052677,222.757672209,310.700000000,0.000000000,0.000000000
point-0000650,1183.722403980,271.188531587,222.757672209,310.700000000,0.000000000,0.000000000
point-0000651,1184.164878316,271.617300942,222.157672209,310.700000000,0.000000000,0.000000000
point-0000652,1186.229765659,268.175822037,222.157672209,310.700000000,0.000000000,0.000000000
point-0000653,1186.672239996,268.604591397,221.557672209,310.700000000,0.000000000,0.000000000
point-0000654,1188.737127337,272.046070298,221.557672209,310.700000000,0.000000000,0.000000000
point-0000655,1189.179601672,272.474839653,220.957672209,310.700000000,0.000000000,0.000000000
point-0000656,1191.244489010,269.033360757,220.957672209,310.700000000,0.000000000,0.000000000
point-0000657,1191.686963347,269.462130117,220.357672209,310.700000000,0.000000000,0.000000000
point-0000658,1193.751850682,272.903609009,220.357672209,310.700000000,0.000000000,0.000000000
point-0000659,1194.194325018,273.332378364,219.757672209,310.700000000,0.000000000,0.000000000
point-0000660,1196.259212350,269.890899477,219.757672209,310.700000000,0.000000000,0.000000000
point-0000661,1196.701686688,270.319668837,219.157672209,310.700000000,0.000000000,0.000000000
point-0000662,1198.766574017,273.761147720,219.157672209,310.700000000,0.000000000,0.000000000
point-0000663,1199.209048353,274.189917075,218.557672209,310.700000000,0.000000000,0.000000000
point-0000664,1201.273935680,270.748438197,218.557672209,310.700000000,0.000000000,0.000000000
point-0000665,1201.716410017,271.177207557,217.957672209,310.700000000,0.000000000,0.000000000
point-0000666,1203.781297341,274.618686431,217.957672209,310.700000000,0.000000000,0.000000000
point-0000667,1204.223771677,275.047455786,217.357672209,310.700000000,0.000000000,0.000000000
point-0000668,1206.288658998,271.605976917,217.357672209,310.700000000,0.000000000,0.000000000
point-0000669,1206.731133335,272.034746277,216.757672209,310.700000000,0.000000000,0.000000000
point-0000670,1208.796020654,275.476225142,216.757672209,310.700000000,0.000000000,0.000000000
point-0000671,1209.238494990,275.904994497,216.157672209,310.700000000,0.000000000,0.000000000
point-0000672,1211.303382306,272.463515637,216.157672209,310.700000000,0.000000000,0.000000000
point-0000673,1211.745856643,272.892284997,215.557672209,310.700000000,0.000000000,0.000000000
point-0000674,1213.810743956,276.333763853,215.557672209,310.700000000,0.000000000,0.000000000
point-0000675,1214.253218292,276.762533208,214.957672209,310.700000000,0.000000000,0.000000000
point-0000676,1216.318105602,273.321054357,214.957672209,310.700000000,0.000000000,0.000000000
point-0000677,1216.760579939,273.749823717,214.357672209,310.700000000,0.000000000,0.000000000
point-0000678,1218.825467247,277.191302564,214.357672209,310.700000000,0.000000000,0.000000000
point-0000679,1219.267941583,277.620071919,213.757672209,310.700000000,0.000000000,0.000000000
point-0000680,1221.332828888,274.178593077,213.757672209,310.700000000,0.000000000,0.000000000
point-0000681,1221.775303225,274.607362437,213.157672209,310.700000000,0.000000000,0.000000000
point-0000682,1223.840190528,278.048841275,213.157672209,310.700000000,0.000000000,0.000000000
point-0000683,1224.282664863,278.477610630,212.557672209,310.700000000,0.000000000,0.000000000
point-0000684,1226.347552163,275.036131797,212.557672209,310.700000000,0.000000000,0.000000000
point-0000685,1226.790026500,275.464901157,211.957672209,310.700000000,0.000000000,0.000000000
point-0000686,1228.854913797,278.906379986,211.957672209,310.700000000,0.000000000,0.000000000
point-0000687,1229.297388133,279.335149341,211.357672209,310.700000000,0.000000000,0.000000000
point-0000688,1231.362275427,275.893670517,211.357672209,310.700000000,0.000000000,0.000000000
point-0000689,1231.804749764,276.322439877,210.757672209,310.700000000,0.000000000,0.000000000
point-0000690,1233.869637055,279.763918697,210.757672209,310.700000000,0.000000000,0.000000000
point-0000691,1234.312111391,280.192688052,210.157672209,310.700000000,0.000000000,0.000000000
point-0000692,1236.376998680,276.751209237,210.157672209,310.700000000,0.000000000,0.000000000
point-0000693,1236.819473017,277.179978597,209.557672209,310.700000000,0.000000000,0.000000000
point-0000694,1238.884360303,280.621457408,209.557672209,310.700000000,0.000000000,0.000000000
point-0000695,1239.326834639,281.050226763,208.957672209,310.700000000,0.000000000,0.000000000
point-0000696,1241.391721922,277.608747957,208.957672209,310.700000000,0.000000000,0.000000000
point-0000697,1241.834196259,278.037517318,208.357672209,310.700000000,0.000000000,0.000000000
point-0000698,1243.899083540,281.478996119,208.357672209,310.700000000,0.000000000,0.000000000
point-0000699,1244.341557875,281.907765474,207.757672209,310.700000000,0.000000000,0.000000000
point-0000700,1246.406445153,278.466286678,207.757672209,310.700000000,0.000000000,0.000000000
point-0000701,1246.848919491,278.895056038,207.157672209,310.700000000,0.000000000,0.000000000
point-0000702,1248.913806766,282.336534829,207.157672209,310.700000000,0.000000000,0.000000000
point-0000703,1249.356281101,282.765304185,206.557672209,310.700000000,0.000000000,0.000000000
point-0000704,1251.421168374,279.323825398,206.557672209,310.700000000,0.000000000,0.000000000
point-0000705,1251.863642711,279.752594758,205.957672209,310.700000000,0.000000000,0.000000000
point-0000706,1253.928529981,283.194073540,205.957672209,310.700000000,0.000000000,0.000000000
point-0000707,1254.371004316,283.622842896,205.357672209,310.700000000,0.000000000,0.000000000
point-0000708,1256.435891583,280.181364118,205.357672209,310.700000000,0.000000000,0.000000000
point-0000709,1256.878365920,280.610133478,204.757672209,310.700000000,0.000000000,0.000000000
point-0000710,1258.943253185,284.051612251,204.757672209,310.700000000,0.000000000,0.000000000
point-0000711,1259.385727520,284.480381607,204.157672209,310.700000000,0.000000000,0.000000000
point-0000712,1261.450614782,281.038902838,204.157672209,310.700000000,0.000000000,0.000000000
point-0000713,1261.893089119,281.467672198,203.557672209,310.700000000,0.000000000,0.000000000
point-0000714,1263.957976378,284.909150962,203.557672209,310.700000000,0.000000000,0.000000000
point-0000715,1264.400450713,285.337920318,202.957672209,310.700000000,0.000000000,0.000000000
point-0000716,1266.465337969,281.896441558,202.957672209,310.700000000,0.000000000,0.000000000
point-0000717,1266.907812307,282.325210918,202.357672209,310.700000000,0.000000000,0.000000000
point-0000718,1268.810384710,285.496164924,202.357672209,310.700000000,0.000000000,0.000000000
point-0000719,1269.429562825,284.656552681,201.757672209,310.700000000,0.000000000,0.000000000
point-0000720,1270.571106267,282.753980278,201.757672209,310.700000000,0.000000000,0.000000000
point-0000721,1271.013580605,283.182749638,201.157672209,310.700000000,0.000000000,0.000000000
point-0000722,1271.394095085,283.816940439,201.157672209,310.700000000,0.000000000,0.000000000
point-0000723,1300.093292551,257.896681567,241.357672209,310.700000000,0.000000000,0.000000000
point-0000724,1301.148668585,256.137721511,241.357672209,310.700000000,0.000000000,0.000000000
point-0000725,1301.767846941,256.977334245,241.957672209,310.700000000,0.000000000,0.000000000
point-0000726,1302.062193720,257.467912211,241.957672209,310.700000000,0.000000000,0.000000000
point-0000727,1303.934448991,254.688377048,240.672666656,311.300000000,0.000000000,0.000000000
point-0000728,1333.574452837,283.765726460,200.736863364,311.300000000,0.000000000,0.000000000
point-0000729,1335.614453143,286.514344558,202.738138462,311.300000000,0.000000000,0.000000000
point-0000730,1365.254456976,257.436995153,242.673941730,311.300000000,0.000000000,0.000000000
point-0000731,1367.294457277,254.688377048,240.672666656,311.300000000,0.000000000,0.000000000
point-0000732,1367.637383501,255.217248894,240.455971524,311.300000000,0.000000000,0.000000000
point-0000733,1369.715519379,258.680808691,240.455971524,311.300000000,0.000000000,0.000000000
point-0000734,1370.160834131,259.117670059,239.855971524,311.300000000,0.000000000,0.000000000
point-0000735,1372.238970009,255.654110261,239.855971524,311.300000000,0.000000000,0.000000000
point-0000736,1372.684284760,256.090971629,239.255971524,311.300000000,0.000000000,0.000000000
point-0000737,1374.762420638,259.554531426,239.255971524,311.300000000,0.000000000,0.000000000
point-0000738,1375.207735390,259.991392794,238.655971524,311.300000000,0.000000000,0.000000000
point-0000739,1377.285871268,256.527832997,238.655971524,311.300000000,0.000000000,0.000000000
point-0000740,1377.731186019,256.964694365,238.055971524,311.300000000,0.000000000,0.000000000
point-0000741,1379.809321898,260.428254162,238.055971524,311.300000000,0.000000000,0.000000000
point-0000742,1380.254636649,260.865115530,237.455971524,311.300000000,0.000000000,0.000000000
point-0000743,1382.332772528,257.401555732,237.455971524,311.300000000,0.000000000,0.000000000
point-0000744,1382.778087279,257.838417100,236.855971524,311.300000000,0.000000000,0.000000000
point-0000745,1384.856223158,261.301976898,236.855971524,311.300000000,0.000000000,0.000000000
point-0000746,1385.301537909,261.738838266,236.255971524,311.300000000,0.000000000,0.000000000
point-0000747,1387.379673788,258.275278468,236.255971524,311.300000000,0.000000000,0.000000000
point-0000748,1387.824988539,258.712139835,235.655971524,311.300000000,0.000000000,0.000000000
point-0000749,1389.903124418,262.175699634,235.655971524,311.300000000,0.000000000,0.000000000
point-0000750,1390.348439169,262.612561002,235.055971524,311.300000000,0.000000000,0.000000000
point-0000751,1392.426575048,259.149001203,235.055971524,311.300000000,0.000000000,0.000000000
point-0000752,1392.871889800,259.585862571,234.455971524,311.300000000,0.000000000,0.000000000
point-0000753,1394.950025679,263.049422369,234.455971524,311.300000000,0.000000000,0.000000000
point-0000754,1395.395340430,263.486283737,233.855971524,311.300000000,0.000000000,0.000000000
point-0000755,1397.473476309,260.022723939,233.855971524,311.300000000,0.000000000,0.000000000
point-0000756,1397.918791061,260.459585306,233.255971524,311.300000000,0.000000000,0.000000000
point-0000757,1399.996926940,263.923145105,233.255971524,311.300000000,0.000000000,0.000000000
point-0000758,1400.442241691,264.360006473,232.655971524,311.300000000,0.000000000,0.000000000
point-0000759,1402.520377571,260.896446674,232.655971524,311.300000000,0.000000000,0.000000000
point-0000760,1402.965692322,261.333308042,232.055971524,311.300000000,0.000000000,0.000000000
point-0000761,1405.043828201,264.796867841,232.055971524,311.300000000,0.000000000,0.000000000
point-0000762,1405.489142953,265.233729209,231.455971524,311.300000000,0.000000000,0.000000000
point-0000763,1407.567278832,261.770169409,231.455971524,311.300000000,0.000000000,0.000000000
point-0000764,1408.012593584,262.207030777,230.855971524,311.300000000,0.000000000,0.000000000
point-0000765,1410.090729463,265.670590577,230.855971524,311.300000000,0.000000000,0.000000000
point-0000766,1410.536044215,266.107451945,230.255971524,311.300000000,0.000000000,0.000000000
point-0000767,1412.614180094,262.643892145,230.255971524,311.300000000,0.000000000,0.000000000
point-0000768,1413.059494846,263.080753513,229.655971524,311.300000000,0.000000000,0.000000000
point-0000769,1415.137630726,266.544313312,229.655971524,311.300000000,0.000000000,0.000000000
point-0000770,1415.582945477,266.981174680,229.055971524,311.300000000,0.000000000,0.000000000
point-0000771,1417.661081357,263.517614880,229.055971524,311.300000000,0.000000000,0.000000000
point-0000772,1418.106396108,263.954476248,228.455971524,311.300000000,0.000000000,0.000000000
point-0000773,1420.184531988,267.418036048,228.455971524,311.300000000,0.000000000,0.000000000
point-0000774,1420.629846739,267.854897416,227.855971524,311.300000000,0.000000000,0.000000000
point-0000775,1422.707982620,264.391337616,227.855971524,311.300000000,0.000000000,0.000000000
point-0000776,1423.153297371,264.828198983,227.255971524,311.300000000,0.000000000,0.000000000
point-0000777,1425.231433251,268.291758784,227.255971524,311.300000000,0.000000000,0.000000000
point-0000778,1425.676748002,268.728620152,226.655971524,311.300000000,0.000000000,0.000000000
point-0000779,1427.754883883,265.265060351,226.655971524,311.300000000,0.000000000,0.000000000
point-0000780,1428.200198634,265.701921719,226.055971524,311.300000000,0.000000000,0.000000000
point-0000781,1430.278334515,269.165481520,226.055971524,311.300000000,0.000000000,0.000000000
point-0000782,1430.723649266,269.602342888,225.455971524,311.300000000,0.000000000,0.000000000
point-0000783,1432.801785146,266.138783087,225.455971524,311.300000000,0.000000000,0.000000000
point-0000784,1433.247099898,266.575644454,224.855971524,311.300000000,0.000000000,0.000000000
point-0000785,1435.325235778,270.039204255,224.855971524,311.300000000,0.000000000,0.000000000
point-0000786,1435.770550530,270.476065623,224.255971524,311.300000000,0.000000000,0.000000000
point-0000787,1437.848686410,267.012505822,224.255971524,311.300000000,0.000000000,0.000000000
point-0000788,1438.294001162,267.449367190,223.655971524,311.300000000,0.000000000,0.000000000
point-0000789,1440.372137043,270.912926991,223.655971524,311.300000000,0.000000000,0.000000000
point-0000790,1440.817451794,271.349788359,223.055971524,311.300000000,0.000000000,0.000000000
point-0000791,1442.895587675,267.886228557,223.055971524,311.300000000,0.000000000,0.000000000
point-0000792,1443.340902426,268.323089925,222.455971524,311.300000000,0.000000000,0.000000000
point-0000793,1445.419038307,271.786649727,222.455971524,311.300000000,0.000000000,0.000000000
point-0000794,1445.864353058,272.223511095,221.855971524,311.300000000,0.000000000,0.000000000
point-0000795,1447.942488940,268.759951293,221.855971524,311.300000000,0.000000000,0.000000000
point-0000796,1448.387803691,269.196812660,221.255971524,311.300000000,0.000000000,0.000000000
point-0000797,1450.465939572,272.660372463,221.255971524,311.300000000,0.000000000,0.000000000
point-0000798,1450.911254323,273.097233831,220.655971524,311.300000000,0.000000000,0.000000000
point-0000799,1452.989390205,269.633674028,220.655971524,311.300000000,0.000000000,0.000000000
point-0000800,1453.434704956,270.070535396,220.055971524,311.300000000,0.000000000,0.000000000
point-0000801,1455.512840837,273.534095198,220.055971524,311.300000000,0.000000000,0.000000000
point-0000802,1455.958155589,273.970956566,219.455971524,311.300000000,0.000000000,0.000000000
point-0000803,1458.036291470,270.507396764,219.455971524,311.300000000,0.000000000,0.000000000
point-0000804,1458.481606222,270.944258131,218.855971524,311.300000000,0.000000000,0.000000000
point-0000805,1460.559742103,274.407817934,218.855971524,311.300000000,0.000000000,0.000000000
point-0000806,1461.005056855,274.844679302,218.255971524,311.300000000,0.000000000,0.000000000
point-0000807,1463.083192736,271.381119499,218.255971524,311.300000000,0.000000000,0.000000000
point-0000808,1463.528507488,271.817980867,217.655971524,311.300000000,0.000000000,0.000000000
point-0000809,1465.606643369,275.281540670,217.655971524,311.300000000,0.000000000,0.000000000
point-0000810,1466.051958121,275.718402038,217.055971524,311.300000000,0.000000000,0.000000000
point-0000811,1468.130094003,272.254842234,217.055971524,311.300000000,0.000000000,0.000000000
point-0000812,1468.575408754,272.691703602,216.455971524,311.300000000,0.000000000,0.000000000
point-0000813,1470.653544636,276.155263406,216.455971524,311.300000000,0.000000000,0.000000000
point-0000814,1471.098859387,276.592124773,215.855971524,311.300000000,0.000000000,0.000000000
point-0000815,1473.176995269,273.128564970,215.855971524,311.300000000,0.000000000,0.000000000
point-0000816,1473.622310021,273.565426338,215.255971524,311.300000000,0.000000000,0.000000000
point-0000817,1475.700445903,277.028986141,215.255971524,311.300000000,0.000000000,0.000000000
point-0000818,1476.145760654,277.465847509,214.655971524,311.300000000,0.000000000,0.000000000
point-0000819,1478.223896536,274.002287705,214.655971524,311.300000000,0.000000000,0.000000000
point-0000820,1478.669211288,274.439149073,214.055971524,311.300000000,0.000000000,0.000000000
point-0000821,1480.747347170,277.902708877,214.055971524,311.300000000,0.000000000,0.000000000
point-0000822,1481.192661921,278.339570245,213.455971524,311.300000000,0.000000000,0.000000000
point-0000823,1483.270797804,274.876010441,213.455971524,311.300000000,0.000000000,0.000000000
point-0000824,1483.716112555,275.312871808,212.855971524,311.300000000,0.000000000,0.000000000
point-0000825,1485.794248438,278.776431613,212.855971524,311.300000000,0.000000000,0.000000000
point-0000826,1486.239563189,279.213292981,212.255971524,311.300000000,0.000000000,0.000000000
point-0000827,1488.317699072,275.749733176,212.255971524,311.300000000,0.000000000,0.000000000
point-0000828,1488.763013823,276.186594544,211.655971524,311.300000000,0.000000000,0.000000000
point-0000829,1490.841149706,279.650154349,211.655971524,311.300000000,0.000000000,0.000000000
point-0000830,1491.286464457,280.087015716,211.055971524,311.300000000,0.000000000,0.000000000
point-0000831,1493.364600340,276.623455912,211.055971524,311.300000000,0.000000000,0.000000000
point-0000832,1493.809915091,277.060317279,210.455971524,311.300000000,0.000000000,0.000000000
point-0000833,1495.888050974,280.523877084,210.455971524,311.300000000,0.000000000,0.000000000
point-0000834,1496.333365726,280.960738452,209.855971524,311.300000000,0.000000000,0.000000000
point-0000835,1498.411501609,277.497178647,209.855971524,311.300000000,0.000000000,0.000000000
point-0000836,1498.856816360,277.934040015,209.255971524,311.300000000,0.000000000,0.000000000
point-0000837,1500.934952243,281.397599820,209.255971524,311.300000000,0.000000000,0.000000000
point-0000838,1501.380266994,281.834461188,208.655971524,311.300000000,0.000000000,0.000000000
point-0000839,1503.458402878,278.370901382,208.655971524,311.300000000,0.000000000,0.000000000
point-0000840,1503.903717629,278.807762750,208.055971524,311.300000000,0.000000000,0.000000000
point-0000841,1505.981853512,282.271322556,208.055971524,311.300000000,0.000000000,0.000000000
point-0000842,1506.427168264,282.708183924,207.455971524,311.300000000,0.000000000,0.000000000
point-0000843,1508.505304147,279.244624118,207.455971524,311.300000000,0.000000000,0.000000000
point-0000844,1508.950618898,279.681485486,206.855971524,311.300000000,0.000000000,0.000000000
point-0000845,1511.028754782,283.145045292,206.855971524,311.300000000,0.000000000,0.000000000
point-0000846,1511.474069533,283.581906659,206.255971524,311.300000000,0.000000000,0.000000000
point-0000847,1513.552205417,280.118346853,206.255971524,311.300000000,0.000000000,0.000000000
point-0000848,1513.997520168,280.555208221,205.655971524,311.300000000,0.000000000,0.000000000
point-0000849,1516.075656052,284.018768027,205.655971524,311.300000000,0.000000000,0.000000000
point-0000850,1516.520970803,284.455629395,205.055971524,311.300000000,0.000000000,0.000000000
point-0000851,1518.599106687,280.992069589,205.055971524,311.300000000,0.000000000,0.000000000
point-0000852,1519.044421438,281.428930956,204.455971524,311.300000000,0.000000000,0.000000000
point-0000853,1521.122557322,284.892490763,204.455971524,311.300000000,0.000000000,0.000000000
point-0000854,1521.567872074,285.329352131,203.855971524,311.300000000,0.000000000,0.000000000
point-0000855,1523.646007958,281.865792324,203.855971524,311.300000000,0.000000000,0.000000000
point-0000856,1524.091322709,282.302653692,203.255971524,311.300000000,0.000000000,0.000000000
point-0000857,1526.169458593,285.766213499,203.255971524,311.300000000,0.000000000,0.000000000
point-0000858,1526.537262334,285.891818606,202.655971524,311.300000000,0.000000000,0.000000000
point-0000859,1528.428644462,282.739515060,202.655971524,311.300000000,0.000000000,0.000000000
point-0000860,1528.873959213,283.176376427,202.055971524,311.300000000,0.000000000,0.000000000
point-0000861,1530.008788490,285.067758555,202.055971524,311.300000000,0.000000000,0.000000000
point-0000862,1530.620398650,284.243698504,201.455971524,311.300000000,0.000000000,0.000000000
point-0000863,1530.998675076,283.613237795,201.455971524,311.300000000,0.000000000,0.000000000
point-0000864,1559.216292333,258.243947323,241.055971524,311.300000000,0.000000000,0.000000000
point-0000865,1560.727963181,255.724495909,241.055971524,311.300000000,0.000000000,0.000000000
point-0000866,1561.339573347,256.548555972,241.655971524,311.300000000,0.000000000,0.000000000
point-0000867,1562.094691337,257.807085955,241.655971524,311.300000000,0.000000000,0.000000000
point-0000868,1564.035783195,254.770663143,240.714508793,311.900000000,0.000000000,0.000000000
point-0000869,1564.324531699,255.057358915,240.327979755,311.900000000,0.000000000,0.000000000
point-0000870,1593.675719681,284.199944239,201.037475694,311.900000000,0.000000000,0.000000000
point-0000871,1595.715714652,286.930751275,203.062972159,311.900000000,0.000000000,0.000000000
point-0000872,1625.355651676,257.501469711,242.740006027,311.900000000,0.000000000,0.000000000
point-0000873,1627.395646696,254.770663143,240.714508793,311.900000000,0.000000000,0.000000000
point-0000874,1627.733259011,255.331732261,240.757150567,311.900000000,0.000000000,0.000000000
point-0000875,1629.693427209,258.598679257,240.757150567,311.900000000,0.000000000,0.000000000
point-0000876,1630.141645249,259.043711750,240.157150567,311.900000000,0.000000000,0.000000000
point-0000877,1632.233323388,255.557581517,240.157150567,311.900000000,0.000000000,0.000000000
point-0000878,1632.681541430,256.002614016,239.557150567,311.900000000,0.000000000,0.000000000
point-0000879,1634.773219566,259.488744243,239.557150567,311.900000000,0.000000000,0.000000000
point-0000880,1635.221437606,259.933776736,238.957150567,311.900000000,0.000000000,0.000000000
point-0000881,1637.313115739,256.447646514,238.957150567,311.900000000,0.000000000,0.000000000
point-0000882,1637.761333781,256.892679013,238.357150567,311.900000000,0.000000000,0.000000000
point-0000883,1639.853011910,260.378809229,238.357150567,311.900000000,0.000000000,0.000000000
point-0000884,1640.301229950,260.823841722,237.757150567,311.900000000,0.000000000,0.000000000
point-0000885,1642.392908076,257.337711512,237.757150567,311.900000000,0.000000000,0.000000000
point-0000886,1642.841126118,257.782744010,237.157150567,311.900000000,0.000000000,0.000000000
point-0000887,1644.932804241,261.268874215,237.157150567,311.900000000,0.000000000,0.000000000
point-0000888,1645.381022281,261.713906708,236.557150567,311.900000000,0.000000000,0.000000000
point-0000889,1647.472700400,258.227776509,236.557150567,311.900000000,0.000000000,0.000000000
point-0000890,1647.920918442,258.672809007,235.957150567,311.900000000,0.000000000,0.000000000
point-0000891,1650.012596558,262.158939201,235.957150567,311.900000000,0.000000000,0.000000000
point-0000892,1650.460814598,262.603971694,235.357150567,311.900000000,0.000000000,0.000000000
point-0000893,1652.552492711,259.117841506,235.357150567,311.900000000,0.000000000,0.000000000
point-0000894,1653.000710752,259.562874005,234.757150567,311.900000000,0.000000000,0.000000000
point-0000895,1655.092388862,263.049004187,234.757150567,311.900000000,0.000000000,0.000000000
point-0000896,1655.540606902,263.494036680,234.157150567,311.900000000,0.000000000,0.000000000
point-0000897,1657.632285008,260.007906503,234.157150567,311.900000000,0.000000000,0.000000000
point-0000898,1658.080503050,260.452939002,233.557150567,311.900000000,0.000000000,0.000000000
point-0000899,1660.172181152,263.939069173,233.557150567,311.900000000,0.000000000,0.000000000
point-0000900,1660.620399192,264.384101666,232.957150567,311.900000000,0.000000000,0.000000000
point-0000901,1662.712077291,260.897971501,232.957150567,311.900000000,0.000000000,0.000000000
point-0000902,1663.160295333,261.343003999,232.357150567,311.900000000,0.000000000,0.000000000
point-0000903,1665.251973429,264.829134159,232.357150567,311.900000000,0.000000000,0.000000000
point-0000904,1665.700191469,265.274166652,231.757150567,311.900000000,0.000000000,0.000000000
point-0000905,1667.791869562,261.788036498,231.757150567,311.900000000,0.000000000,0.000000000
point-0000906,1668.240087603,262.233068996,231.157150567,311.900000000,0.000000000,0.000000000
point-0000907,1670.331765693,265.719199145,231.157150567,311.900000000,0.000000000,0.000000000
point-0000908,1670.779983733,266.164231638,230.557150567,311.900000000,0.000000000,0.000000000
point-0000909,1672.871661819,262.678101495,230.557150567,311.900000000,0.000000000,0.000000000
point-0000910,1673.319879860,263.123133994,229.957150567,311.900000000,0.000000000,0.000000000
point-0000911,1675.411557943,266.609264131,229.957150567,311.900000000,0.000000000,0.000000000
point-0000912,1675.859775983,267.054296624,229.357150567,311.900000000,0.000000000,0.000000000
point-0000913,1677.951454062,263.568166492,229.357150567,311.900000000,0.000000000,0.000000000
point-0000914,1678.399672104,264.013198991,228.757150567,311.900000000,0.000000000,0.000000000
point-0000915,1680.491350180,267.499329117,228.757150567,311.900000000,0.000000000,0.000000000
point-0000916,1680.939568219,267.944361611,228.157150567,311.900000000,0.000000000,0.000000000
point-0000917,1683.031246292,264.458231490,228.157150567,311.900000000,0.000000000,0.000000000
point-0000918,1683.479464334,264.903263988,227.557150567,311.900000000,0.000000000,0.000000000
point-0000919,1685.571142403,268.389394104,227.557150567,311.900000000,0.000000000,0.000000000
point-0000920,1686.019360443,268.834426597,226.957150567,311.900000000,0.000000000,0.000000000
point-0000921,1688.111038509,265.348296487,226.957150567,311.900000000,0.000000000,0.000000000
point-0000922,1688.559256550,265.793328985,226.357150567,311.900000000,0.000000000,0.000000000
point-0000923,1690.650934613,269.279459090,226.357150567,311.900000000,0.000000000,0.000000000
point-0000924,1691.099152653,269.724491583,225.757150567,311.900000000,0.000000000,0.000000000
point-0000925,1693.190830712,266.238361484,225.757150567,311.900000000,0.000000000,0.000000000
point-0000926,1693.639048753,266.683393983,225.157150567,311.900000000,0.000000000,0.000000000
point-0000927,1695.730726809,270.169524076,225.157150567,311.900000000,0.000000000,0.000000000
point-0000928,1696.178944849,270.614556569,224.557150567,311.900000000,0.000000000,0.000000000
point-0000929,1698.270622901,267.128426481,224.557150567,311.900000000,0.000000000,0.000000000
point-0000930,1698.718840943,267.573458980,223.957150567,311.900000000,0.000000000,0.000000000
point-0000931,1700.810518992,271.059589062,223.957150567,311.900000000,0.000000000,0.000000000
point-0000932,1701.258737032,271.504621555,223.357150567,311.900000000,0.000000000,0.000000000
point-0000933,1703.350415078,268.018491479,223.357150567,311.900000000,0.000000000,0.000000000
point-0000934,1703.798633119,268.463523977,222.757150567,311.900000000,0.000000000,0.000000000
point-0000935,1705.890311162,271.949654048,222.757150567,311.900000000,0.000000000,0.000000000
point-0000936,1706.338529202,272.394686541,222.157150567,311.900000000,0.000000000,0.000000000
point-0000937,1708.430207241,268.908556476,222.157150567,311.900000000,0.000000000,0.000000000
point-0000938,1708.878425282,269.353588974,221.557150567,311.900000000,0.000000000,0.000000000
point-0000939,1710.970103318,272.839719034,221.557150567,311.900000000,0.000000000,0.000000000
point-0000940,1711.418321358,273.284751527,220.957150567,311.900000000,0.000000000,0.000000000
point-0000941,1713.509999390,269.798621473,220.957150567,311.900000000,0.000000000,0.000000000
point-0000942,1713.958217432,270.243653972,220.357150567,311.900000000,0.000000000,0.000000000
point-0000943,1716.049895461,273.729784020,220.357150567,311.900000000,0.000000000,0.000000000
point-0000944,1716.498113501,274.174816513,219.757150567,311.900000000,0.000000000,0.000000000
point-0000945,1718.589791526,270.688686470,219.757150567,311.900000000,0.000000000,0.000000000
point-0000946,1719.038009568,271.133718969,219.157150567,311.900000000,0.000000000,0.000000000
point-0000947,1721.129687590,274.619849006,219.157150567,311.900000000,0.000000000,0.000000000
point-0000948,1721.577905630,275.064881499,218.557150567,311.900000000,0.000000000,0.000000000
point-0000949,1723.669583649,271.578751467,218.557150567,311.900000000,0.000000000,0.000000000
point-0000950,1724.117801691,272.023783966,217.957150567,311.900000000,0.000000000,0.000000000
point-0000951,1726.209479706,275.509913992,217.957150567,311.900000000,0.000000000,0.000000000
point-0000952,1726.657697746,275.954946485,217.357150567,311.900000000,0.000000000,0.000000000
point-0000953,1728.749375758,272.468816465,217.357150567,311.900000000,0.000000000,0.000000000
point-0000954,1729.197593800,272.913848963,216.757150567,311.900000000,0.000000000,0.000000000
point-0000955,1731.289271809,276.399978978,216.757150567,311.900000000,0.000000000,0.000000000
point-0000956,1731.737489848,276.845011471,216.157150567,311.900000000,0.000000000,0.000000000
point-0000957,1733.829167854,273.358881462,216.157150567,311.900000000,0.000000000,0.000000000
point-0000958,1734.277385896,273.803913961,215.557150567,311.900000000,0.000000000,0.000000000
point-0000959,1736.369063898,277.290043964,215.557150567,311.900000000,0.000000000,0.000000000
point-0000960,1736.817281938,277.735076457,214.957150567,311.900000000,0.000000000,0.000000000
point-0000961,1738.908959936,274.248946459,214.957150567,311.900000000,0.000000000,0.000000000
point-0000962,1739.357177978,274.693978958,214.357150567,311.900000000,0.000000000,0.000000000
point-0000963,1741.448855973,278.180108950,214.357150567,311.900000000,0.000000000,0.000000000
point-0000964,1741.897074013,278.625141443,213.757150567,311.900000000,0.000000000,0.000000000
point-0000965,1743.988752005,275.139011456,213.757150567,311.900000000,0.000000000,0.000000000
point-0000966,1744.436970047,275.584043955,213.157150567,311.900000000,0.000000000,0.000000000
point-0000967,1746.528648036,279.070173936,213.157150567,311.900000000,0.000000000,0.000000000
point-0000968,1746.976866075,279.515206429,212.557150567,311.900000000,0.000000000,0.000000000
point-0000969,1749.068544061,276.029076454,212.557150567,311.900000000,0.000000000,0.000000000
point-0000970,1749.516762103,276.474108952,211.957150567,311.900000000,0.000000000,0.000000000
point-0000971,1751.608440085,279.960238922,211.957150567,311.900000000,0.000000000,0.000000000
point-0000972,1752.056658124,280.405271415,211.357150567,311.900000000,0.000000000,0.000000000
point-0000973,1754.148336103,276.919141451,211.357150567,311.900000000,0.000000000,0.000000000
point-0000974,1754.596554145,277.364173950,210.757150567,311.900000000,0.000000000,0.000000000
point-0000975,1756.688232120,280.850303908,210.757150567,311.900000000,0.000000000,0.000000000
point-0000976,1757.136450160,281.295336401,210.157150567,311.900000000,0.000000000,0.000000000
point-0000977,1759.228128132,277.809206448,210.157150567,311.900000000,0.000000000,0.000000000
point-0000978,1759.676346173,278.254238947,209.557150567,311.900000000,0.000000000,0.000000000
point-0000979,1761.768024142,281.740368894,209.557150567,311.900000000,0.000000000,0.000000000
point-0000980,1762.216242182,282.185401388,208.957150567,311.900000000,0.000000000,0.000000000
point-0000981,1764.307920147,278.699271445,208.957150567,311.900000000,0.000000000,0.000000000
point-0000982,1764.756138189,279.144303944,208.357150567,311.900000000,0.000000000,0.000000000
point-0000983,1766.847816151,282.630433881,208.357150567,311.900000000,0.000000000,0.000000000
point-0000984,1767.296034190,283.075466374,207.757150567,311.900000000,0.000000000,0.000000000
point-0000985,1769.387712149,279.589336443,207.757150567,311.900000000,0.000000000,0.000000000
point-0000986,1769.835930191,280.034368941,207.157150567,311.900000000,0.000000000,0.000000000
point-0000987,1771.927608146,283.520498867,207.157150567,311.900000000,0.000000000,0.000000000
point-0000988,1772.375826186,283.965531360,206.557150567,311.900000000,0.000000000,0.000000000
point-0000989,1774.467504137,280.479401440,206.557150567,311.900000000,0.000000000,0.000000000
point-0000990,1774.915722179,280.924433939,205.957150567,311.900000000,0.000000000,0.000000000
point-0000991,1777.007400128,284.410563853,205.957150567,311.900000000,0.000000000,0.000000000
point-0000992,1777.455618167,284.855596346,205.357150567,311.900000000,0.000000000,0.000000000
point-0000993,1779.547296112,281.369466437,205.357150567,311.900000000,0.000000000,0.000000000
point-0000994,1779.995514154,281.814498936,204.757150567,311.900000000,0.000000000,0.000000000
point-0000995,1782.087192096,285.300628839,204.757150567,311.900000000,0.000000000,0.000000000
point-0000996,1782.535410136,285.745661332,204.157150567,311.900000000,0.000000000,0.000000000
point-0000997,1784.627088074,282.259531434,204.157150567,311.900000000,0.000000000,0.000000000
point-0000998,1785.075306116,282.704563933,203.557150567,311.900000000,0.000000000,0.000000000
point-0000999,1787.166984051,286.190693825,203.557150567,311.900000000,0.000000000,0.000000000
point-0001000,1787.531357463,286.284501897,202.957150567,311.900000000,0.000000000,0.000000000
point-0001001,1789.412300742,283.149596432,202.957150567,311.900000000,0.000000000,0.000000000
point-0001002,1789.860518784,283.594628930,202.357150567,311.900000000,0.000000000,0.000000000
point-0001003,1790.989084751,285.475572209,202.357150567,311.900000000,0.000000000,0.000000000
point-0001004,1791.593379552,284.666642522,201.757150567,311.900000000,0.000000000,0.000000000
point-0001005,1791.969568208,284.039661429,201.757150567,311.900000000,0.000000000,0.000000000
point-0001006,1820.355629433,258.153646764,241.357150567,311.900000000,0.000000000,0.000000000
point-0001007,1821.563420590,256.140661502,241.357150567,311.900000000,0.000000000,0.000000000
point-0001008,1822.167715176,256.949590744,241.957150567,311.900000000,0.000000000,0.000000000
point-0001009,1822.623129292,257.708614271,241.957150567,311.900000000,0.000000000,0.000000000
point-0001010,1824.516610732,254.852296538,240.756926508,312.500000000,0.000000000,0.000000000
point-0001011,1824.805357986,255.142385469,240.372940088,312.500000000,0.000000000,0.000000000
point-0001012,1854.156490368,284.630019980,201.340846456,312.500000000,0.000000000,0.000000000
point-0001013,1856.196480831,287.342865868,203.390324222,312.500000000,0.000000000,0.000000000
point-0001014,1885.836361516,257.565141478,242.806405748,312.500000000,0.000000000,0.000000000
point-0001015,1887.876352059,254.852296538,240.756926508,312.500000000,0.000000000,0.000000000
point-0001016,1888.277478810,255.451805499,240.461053449,312.500000000,0.000000000,0.000000000
point-0001017,1890.382995414,258.960999839,240.461053449,312.500000000,0.000000000,0.000000000
point-0001018,1890.834180007,259.414282730,239.861053449,312.500000000,0.000000000,0.000000000
point-0001019,1892.939696603,255.905088402,239.861053449,312.500000000,0.000000000,0.000000000
point-0001020,1893.390881200,256.358371305,239.261053449,312.500000000,0.000000000,0.000000000
point-0001021,1895.496397790,259.867565621,239.261053449,312.500000000,0.000000000,0.000000000
point-0001022,1895.947582382,260.320848512,238.661053449,312.500000000,0.000000000,0.000000000
point-0001023,1898.053098965,256.811654208,238.661053449,312.500000000,0.000000000,0.000000000
point-0001024,1898.504283561,257.264937111,238.061053449,312.500000000,0.000000000,0.000000000
point-0001025,1900.609800137,260.774131403,238.061053449,312.500000000,0.000000000,0.000000000
point-0001026,1901.060984729,261.227414294,237.461053449,312.500000000,0.000000000,0.000000000
point-0001027,1903.166501298,257.718220014,237.461053449,312.500000000,0.000000000,0.000000000
point-0001028,1903.617685895,258.171502917,236.861053449,312.500000000,0.000000000,0.000000000
point-0001029,1905.723202456,261.680697186,236.861053449,312.500000000,0.000000000,0.000000000
point-0001030,1906.174387048,262.133980077,236.261053449,312.500000000,0.000000000,0.000000000
point-0001031,1908.279903602,258.624785820,236.261053449,312.500000000,0.000000000,0.000000000
point-0001032,1908.731088199,259.078068723,235.661053449,312.500000000,0.000000000,0.000000000
point-0001033,1910.836604746,262.587262968,235.661053449,312.500000000,0.000000000,0.000000000
point-0001034,1911.287789339,263.040545859,235.061053449,312.500000000,0.000000000,0.000000000
point-0001035,1913.393305879,259.531351625,235.061053449,312.500000000,0.000000000,0.000000000
point-0001036,1913.844490476,259.984634528,234.461053449,312.500000000,0.000000000,0.000000000
point-0001037,1915.950007009,263.493828750,234.461053449,312.500000000,0.000000000,0.000000000
point-0001038,1916.401191601,263.947111641,233.861053449,312.500000000,0.000000000,0.000000000
point-0001039,1918.506708127,260.437917431,233.861053449,312.500000000,0.000000000,0.000000000
point-0001040,1918.957892724,260.891200334,233.261053449,312.500000000,0.000000000,0.000000000
point-0001041,1921.063409243,264.400394532,233.261053449,312.500000000,0.000000000,0.000000000
point-0001042,1921.514593835,264.853677423,232.661053449,312.500000000,0.000000000,0.000000000
point-0001043,1923.620110347,261.344483237,232.661053449,312.500000000,0.000000000,0.000000000
point-0001044,1924.071294944,261.797766140,232.061053449,312.500000000,0.000000000,0.000000000
point-0001045,1926.176811448,265.306960314,232.061053449,312.500000000,0.000000000,0.000000000
point-0001046,1926.627996041,265.760243205,231.461053449,312.500000000,0.000000000,0.000000000
point-0001047,1928.733512538,262.251049043,231.461053449,312.500000000,0.000000000,0.000000000
point-0001048,1929.184697135,262.704331946,230.861053449,312.500000000,0.000000000,0.000000000
point-0001049,1931.290213626,266.213526096,230.861053449,312.500000000,0.000000000,0.000000000
point-0001050,1931.741398218,266.666808987,230.261053449,312.500000000,0.000000000,0.000000000
point-0001051,1933.846914701,263.157614848,230.261053449,312.500000000,0.000000000,0.000000000
point-0001052,1934.298099298,263.610897751,229.661053449,312.500000000,0.000000000,0.000000000
point-0001053,1936.403615775,267.120091878,229.661053449,312.500000000,0.000000000,0.000000000
point-0001054,1936.854800367,267.573374770,229.061053449,312.500000000,0.000000000,0.000000000
point-0001055,1938.960316836,264.064180654,229.061053449,312.500000000,0.000000000,0.000000000
point-0001056,1939.411501433,264.517463557,228.461053449,312.500000000,0.000000000,0.000000000
point-0001057,1941.517017895,268.026657661,228.461053449,312.500000000,0.000000000,0.000000000
point-0001058,1941.968202488,268.479940552,227.861053449,312.500000000,0.000000000,0.000000000
point-0001059,1944.073718943,264.970746460,227.861053449,312.500000000,0.000000000,0.000000000
point-0001060,1944.524903540,265.424029363,227.261053449,312.500000000,0.000000000,0.000000000
point-0001061,1946.630419988,268.933223443,227.261053449,312.500000000,0.000000000,0.000000000
point-0001062,1947.081604580,269.386506334,226.661053449,312.500000000,0.000000000,0.000000000
point-0001063,1949.187121021,265.877312266,226.661053449,312.500000000,0.000000000,0.000000000
point-0001064,1949.638305618,266.330595169,226.061053449,312.500000000,0.000000000,0.000000000
point-0001065,1951.743822052,269.839789225,226.061053449,312.500000000,0.000000000,0.000000000
point-0001066,1952.195006644,270.293072116,225.461053449,312.500000000,0.000000000,0.000000000
point-0001067,1954.300523071,266.783878072,225.461053449,312.500000000,0.000000000,0.000000000
point-0001068,1954.751707668,267.237160974,224.861053449,312.500000000,0.000000000,0.000000000
point-0001069,1956.857224087,270.746355007,224.861053449,312.500000000,0.000000000,0.000000000
point-0001070,1957.308408680,271.199637898,224.261053449,312.500000000,0.000000000,0.000000000
point-0001071,1959.413925092,267.690443877,224.261053449,312.500000000,0.000000000,0.000000000
point-0001072,1959.865109689,268.143726780,223.661053449,312.500000000,0.000000000,0.000000000
point-0001073,1961.970626095,271.652920789,223.661053449,312.500000000,0.000000000,0.000000000
point-0001074,1962.421810687,272.106203680,223.061053449,312.500000000,0.000000000,0.000000000
point-0001075,1964.527327086,268.597009683,223.061053449,312.500000000,0.000000000,0.000000000
point-0001076,1964.978511682,269.050292586,222.461053449,312.500000000,0.000000000,0.000000000
point-0001077,1967.084028074,272.559486571,222.461053449,312.500000000,0.000000000,0.000000000
point-0001078,1967.535212666,273.012769463,221.861053449,312.500000000,0.000000000,0.000000000
point-0001079,1969.640729050,269.503575489,221.861053449,312.500000000,0.000000000,0.000000000
point-0001080,1970.091913647,269.956858392,221.261053449,312.500000000,0.000000000,0.000000000
point-0001081,1972.197430024,273.466052354,221.261053449,312.500000000,0.000000000,0.000000000
point-0001082,1972.648614617,273.919335245,220.661053449,312.500000000,0.000000000,0.000000000
point-0001083,1974.754130987,270.410141295,220.661053449,312.500000000,0.000000000,0.000000000
point-0001084,1975.205315584,270.863424197,220.061053449,312.500000000,0.000000000,0.000000000
point-0001085,1977.310831947,274.372618136,220.061053449,312.500000000,0.000000000,0.000000000
point-0001086,1977.762016539,274.825901027,219.461053449,312.500000000,0.000000000,0.000000000
point-0001087,1979.867532895,271.316707100,219.461053449,312.500000000,0.000000000,0.000000000
point-0001088,1980.318717492,271.769990003,218.861053449,312.500000000,0.000000000,0.000000000
point-0001089,1982.424233841,275.279183918,218.861053449,312.500000000,0.000000000,0.000000000
point-0001090,1982.875418433,275.732466809,218.261053449,312.500000000,0.000000000,0.000000000
point-0001091,1984.980934775,272.223272906,218.261053449,312.500000000,0.000000000,0.000000000
point-0001092,1985.432119372,272.676555809,217.661053449,312.500000000,0.000000000,0.000000000
point-0001093,1987.537635707,276.185749700,217.661053449,312.500000000,0.000000000,0.000000000
point-0001094,1987.988820299,276.639032591,217.061053449,312.500000000,0.000000000,0.000000000
point-0001095,1990.094336627,273.129838712,217.061053449,312.500000000,0.000000000,0.000000000
point-0001096,1990.545521223,273.583121615,216.461053449,312.500000000,0.000000000,0.000000000
point-0001097,1992.651037544,277.092315482,216.461053449,312.500000000,0.000000000,0.000000000
point-0001098,1993.102222136,277.545598373,215.861053449,312.500000000,0.000000000,0.000000000
point-0001099,1995.207738450,274.036404518,215.861053449,312.500000000,0.000000000,0.000000000
point-0001100,1995.658923047,274.489687421,215.261053449,312.500000000,0.000000000,0.000000000
point-0001101,1997.764439353,277.998881264,215.261053449,312.500000000,0.000000000,0.000000000
point-0001102,1998.215623946,278.452164155,214.661053449,312.500000000,0.000000000,0.000000000
point-0001103,2000.321140245,274.942970323,214.661053449,312.500000000,0.000000000,0.000000000
point-0001104,2000.772324842,275.396253226,214.061053449,312.500000000,0.000000000,0.000000000
point-0001105,2002.877841134,278.905447047,214.061053449,312.500000000,0.000000000,0.000000000
point-0001106,2003.329025726,279.358729938,213.461053449,312.500000000,0.000000000,0.000000000
point-0001107,2005.434542011,275.849536129,213.461053449,312.500000000,0.000000000,0.000000000
point-0001108,2005.885726608,276.302819032,212.861053449,312.500000000,0.000000000,0.000000000
point-0001109,2007.991242886,279.812012829,212.861053449,312.500000000,0.000000000,0.000000000
point-0001110,2008.442427479,280.265295720,212.261053449,312.500000000,0.000000000,0.000000000
point-0001111,2010.547943750,276.756101935,212.261053449,312.500000000,0.000000000,0.000000000
point-0001112,2010.999128346,277.209384838,211.661053449,312.500000000,0.000000000,0.000000000
point-0001113,2013.104644610,280.718578611,211.661053449,312.500000000,0.000000000,0.000000000
point-0001114,2013.555829203,281.171861502,211.061053449,312.500000000,0.000000000,0.000000000
point-0001115,2015.661345460,277.662667741,211.061053449,312.500000000,0.000000000,0.000000000
point-0001116,2016.112530056,278.115950644,210.461053449,312.500000000,0.000000000,0.000000000
point-0001117,2018.218046306,281.625144393,210.461053449,312.500000000,0.000000000,0.000000000
point-0001118,2018.669230899,282.078427284,209.861053449,312.500000000,0.000000000,0.000000000
point-0001119,2020.774747141,278.569233546,209.861053449,312.500000000,0.000000000,0.000000000
point-0001120,2021.225931738,279.022516449,209.261053449,312.500000000,0.000000000,0.000000000
point-0001121,2023.331447973,282.531710175,209.261053449,312.500000000,0.000000000,0.000000000
point-0001122,2023.782632566,282.984993066,208.661053449,312.500000000,0.000000000,0.000000000
point-0001123,2025.888148794,279.475799352,208.661053449,312.500000000,0.000000000,0.000000000
point-0001124,2026.339333391,279.929082255,208.061053449,312.500000000,0.000000000,0.000000000
point-0001125,2028.444849613,283.438275957,208.061053449,312.500000000,0.000000000,0.000000000
point-0001126,2028.896034205,283.891558848,207.461053449,312.500000000,0.000000000,0.000000000
point-0001127,2031.001550419,280.382365158,207.461053449,312.500000000,0.000000000,0.000000000
point-0001128,2031.452735016,280.835648061,206.861053449,312.500000000,0.000000000,0.000000000
point-0001129,2033.558251223,284.344841740,206.861053449,312.500000000,0.000000000,0.000000000
point-0001130,2034.009435816,284.798124631,206.261053449,312.500000000,0.000000000,0.000000000
point-0001131,2036.114952016,281.288930964,206.261053449,312.500000000,0.000000000,0.000000000
point-0001132,2036.566136613,281.742213867,205.661053449,312.500000000,0.000000000,0.000000000
point-0001133,2038.671652806,285.251407522,205.661053449,312.500000000,0.000000000,0.000000000
point-0001134,2039.122837398,285.704690413,205.061053449,312.500000000,0.000000000,0.000000000
point-0001135,2041.228353584,282.195496770,205.061053449,312.500000000,0.000000000,0.000000000
point-0001136,2041.679538181,282.648779672,204.461053449,312.500000000,0.000000000,0.000000000
point-0001137,2043.785054360,286.157973304,204.461053449,312.500000000,0.000000000,0.000000000
point-0001138,2044.236238953,286.611256195,203.861053449,312.500000000,0.000000000,0.000000000
point-0001139,2046.341755124,283.102062575,203.861053449,312.500000000,0.000000000,0.000000000
point-0001140,2046.792939721,283.555345478,203.261053449,312.500000000,0.000000000,0.000000000
point-0001141,2048.664173072,286.674067729,203.261053449,312.500000000,0.000000000,0.000000000
point-0001142,2049.261395593,285.879861732,202.661053449,312.500000000,0.000000000,0.000000000
point-0001143,2050.384135603,284.008628381,202.661053449,312.500000000,0.000000000,0.000000000
point-0001144,2050.835320200,284.461911284,202.061053449,312.500000000,0.000000000,0.000000000
point-0001145,2051.209566870,285.085655734,202.061053449,312.500000000,0.000000000,0.000000000
point-0001146,2079.526686407,258.507716948,241.061053449,312.500000000,0.000000000,0.000000000
point-0001147,2081.179788413,255.752546937,241.061053449,312.500000000,0.000000000,0.000000000
point-0001148,2081.777010528,256.546752086,241.661053449,312.500000000,0.000000000,0.000000000
point-0001149,2082.681619710,258.054434057,241.661053449,312.500000000,0.000000000,0.000000000
point-0001150,2083.132804303,257.601151166,242.261053449,312.500000000,0.000000000,0.000000000
point-0001151,2083.288920661,257.340957235,242.261053449,312.500000000,0.000000000,0.000000000
point-0001152,2085.016672366,254.933254100,240.799895637,313.100000000,0.000000000,0.000000000
point-0001153,2085.305418979,255.226701782,240.418471218,313.100000000,0.000000000,0.000000000
point-0001154,2114.656512845,285.055843202,201.646819665,313.100000000,0.000000000,0.000000000
point-0001155,2116.696500191,287.750587013,203.720032721,313.100000000,0.000000000,0.000000000
point-0001156,2146.336342220,257.627996428,242.873110812,313.100000000,0.000000000,0.000000000
point-0001157,2148.376329636,254.933254100,240.799895637,313.100000000,0.000000000,0.000000000
point-0001158,2148.646973818,255.383164675,240.767524351,313.100000000,0.000000000,0.000000000
point-0001159,2150.738729677,258.869424440,240.767524351,313.100000000,0.000000000,0.000000000
point-0001160,2151.192944429,259.331037074,240.167524351,313.100000000,0.000000000,0.000000000
point-0001161,2153.312597976,255.798281162,240.167524351,313.100000000,0.000000000,0.000000000
point-0001162,2153.766812733,256.259893813,239.567524351,313.100000000,0.000000000,0.000000000
point-0001163,2155.886466270,259.792649707,239.567524351,313.100000000,0.000000000,0.000000000
point-0001164,2156.340681021,260.254262340,238.967524351,313.100000000,0.000000000,0.000000000
point-0001165,2158.460334547,256.721506464,238.967524351,313.100000000,0.000000000,0.000000000
point-0001166,2158.914549305,257.183119114,238.367524351,313.100000000,0.000000000,0.000000000
point-0001167,2161.034202820,260.715874973,238.367524351,313.100000000,0.000000000,0.000000000
point-0001168,2161.488417571,261.177487606,237.767524351,313.100000000,0.000000000,0.000000000
point-0001169,2163.608071076,257.644731765,237.767524351,313.100000000,0.000000000,0.000000000
point-0001170,2164.062285834,258.106344416,237.167524351,313.100000000,0.000000000,0.000000000
point-0001171,2166.181939328,261.639100240,237.167524351,313.100000000,0.000000000,0.000000000
point-0001172,2166.636154079,262.100712873,236.567524351,313.100000000,0.000000000,0.000000000
point-0001173,2168.755807563,258.567957067,236.567524351,313.100000000,0.000000000,0.000000000
point-0001174,2169.210022320,259.029569718,235.967524351,313.100000000,0.000000000,0.000000000
point-0001175,2171.329675793,262.562325506,235.967524351,313.100000000,0.000000000,0.000000000
point-0001176,2171.783890545,263.023938139,235.367524351,313.100000000,0.000000000,0.000000000
point-0001177,2173.903544007,259.491182369,235.367524351,313.100000000,0.000000000,0.000000000
point-0001178,2174.357758765,259.952795020,234.767524351,313.100000000,0.000000000,0.000000000
point-0001179,2176.477412216,263.485550772,234.767524351,313.100000000,0.000000000,0.000000000
point-0001180,2176.931626967,263.947163405,234.167524351,313.100000000,0.000000000,0.000000000
point-0001181,2179.051280408,260.414407670,234.167524351,313.100000000,0.000000000,0.000000000
point-0001182,2179.505495166,260.876020321,233.567524351,313.100000000,0.000000000,0.000000000
point-0001183,2181.625148597,264.408776039,233.567524351,313.100000000,0.000000000,0.000000000
point-0001184,2182.079363348,264.870388672,232.967524351,313.100000000,0.000000000,0.000000000
point-0001185,2184.199016768,261.337632972,232.967524351,313.100000000,0.000000000,0.000000000
point-0001186,2184.653231526,261.799245623,232.367524351,313.100000000,0.000000000,0.000000000
point-0001187,2186.772884935,265.332001305,232.367524351,313.100000000,0.000000000,0.000000000
point-0001188,2187.227099686,265.793613938,231.767524351,313.100000000,0.000000000,0.000000000
point-0001189,2189.346753085,262.260858274,231.767524351,313.100000000,0.000000000,0.000000000
point-0001190,2189.800967842,262.722470925,231.167524351,313.100000000,0.000000000,0.000000000
point-0001191,2191.920621230,266.255226571,231.167524351,313.100000000,0.000000000,0.000000000
point-0001192,2192.374835982,266.716839204,230.567524351,313.100000000,0.000000000,0.000000000
point-0001193,2194.494489359,263.184083576,230.567524351,313.100000000,0.000000000,0.000000000
point-0001194,2194.948704117,263.645696226,229.967524351,313.100000000,0.000000000,0.000000000
point-0001195,2197.068357484,267.178451838,229.967524351,313.100000000,0.000000000,0.000000000
point-0001196,2197.522572235,267.640064471,229.367524351,313.100000000,0.000000000,0.000000000
point-0001197,2199.642225591,264.107308877,229.367524351,313.100000000,0.000000000,0.000000000
point-0001198,2200.096440349,264.568921528,228.767524351,313.100000000,0.000000000,0.000000000
point-0001199,2202.216093694,268.101677104,228.767524351,313.100000000,0.000000000,0.000000000
point-0001200,2202.670308446,268.563289737,228.167524351,313.100000000,0.000000000,0.000000000
point-0001201,2204.789961781,265.030534179,228.167524351,313.100000000,0.000000000,0.000000000
point-0001202,2205.244176538,265.492146830,227.567524351,313.100000000,0.000000000,0.000000000
point-0001203,2207.363829863,269.024902370,227.567524351,313.100000000,0.000000000,0.000000000
point-0001204,2207.818044614,269.486515004,226.967524351,313.100000000,0.000000000,0.000000000
point-0001205,2209.937697928,265.953759481,226.967524351,313.100000000,0.000000000,0.000000000
point-0001206,2210.391912686,266.415372132,226.367524351,313.100000000,0.000000000,0.000000000
point-0001207,2212.511565989,269.948127637,226.367524351,313.100000000,0.000000000,0.000000000
point-0001208,2212.965780740,270.409740270,225.767524351,313.100000000,0.000000000,0.000000000
point-0001209,2215.085434032,266.876984782,225.767524351,313.100000000,0.000000000,0.000000000
point-0001210,2215.539648790,267.338597433,225.167524351,313.100000000,0.000000000,0.000000000
point-0001211,2217.659302072,270.871352903,225.167524351,313.100000000,0.000000000,0.000000000
point-0001212,2218.113516823,271.332965536,224.567524351,313.100000000,0.000000000,0.000000000
point-0001213,2220.233170095,267.800210084,224.567524351,313.100000000,0.000000000,0.000000000
point-0001214,2220.687384853,268.261822735,223.967524351,313.100000000,0.000000000,0.000000000
point-0001215,2222.807038113,271.794578169,223.967524351,313.100000000,0.000000000,0.000000000
point-0001216,2223.261252864,272.256190803,223.367524351,313.100000000,0.000000000,0.000000000
point-0001217,2225.380906115,268.723435386,223.367524351,313.100000000,0.000000000,0.000000000
point-0001218,2225.835120872,269.185048037,222.767524351,313.100000000,0.000000000,0.000000000
point-0001219,2227.954774112,272.717803436,222.767524351,313.100000000,0.000000000,0.000000000
point-0001220,2228.408988863,273.179416069,222.167524351,313.100000000,0.000000000,0.000000000
point-0001221,2230.528642092,269.646660688,222.167524351,313.100000000,0.000000000,0.000000000
point-0001222,2230.982856850,270.108273338,221.567524351,313.100000000,0.000000000,0.000000000
point-0001223,2233.102510068,273.641028702,221.567524351,313.100000000,0.000000000,0.000000000
point-0001224,2233.556724819,274.102641335,220.967524351,313.100000000,0.000000000,0.000000000
point-0001225,2235.676378027,270.569885989,220.967524351,313.100000000,0.000000000,0.000000000
point-0001226,2236.130592785,271.031498640,220.367524351,313.100000000,0.000000000,0.000000000
point-0001227,2238.250245982,274.564253968,220.367524351,313.100000000,0.000000000,0.000000000
point-0001228,2238.704460733,275.025866602,219.767524351,313.100000000,0.000000000,0.000000000
point-0001229,2240.824113919,271.493111291,219.767524351,313.100000000,0.000000000,0.000000000
point-0001230,2241.278328677,271.954723942,219.167524351,313.100000000,0.000000000,0.000000000
point-0001231,2243.397981853,275.487479235,219.167524351,313.100000000,0.000000000,0.000000000
point-0001232,2243.852196604,275.949091868,218.567524351,313.100000000,0.000000000,0.000000000
point-0001233,2245.971849770,272.416336593,218.567524351,313.100000000,0.000000000,0.000000000
point-0001234,2246.426064527,272.877949244,217.967524351,313.100000000,0.000000000,0.000000000
point-0001235,2248.545717682,276.410704501,217.967524351,313.100000000,0.000000000,0.000000000
point-0001236,2248.999932433,276.872317134,217.367524351,313.100000000,0.000000000,0.000000000
point-0001237,2251.119585577,273.339561894,217.367524351,313.100000000,0.000000000,0.000000000
point-0001238,2251.573800335,273.801174545,216.767524351,313.100000000,0.000000000,0.000000000
point-0001239,2253.693453468,277.333929768,216.767524351,313.100000000,0.000000000,0.000000000
point-0001240,2254.147668220,277.795542401,216.167524351,313.100000000,0.000000000,0.000000000
point-0001241,2256.267321343,274.262787196,216.167524351,313.100000000,0.000000000,0.000000000
point-0001242,2256.721536100,274.724399847,215.567524351,313.100000000,0.000000000,0.000000000
point-0001243,2258.841189212,278.257155034,215.567524351,313.100000000,0.000000000,0.000000000
point-0001244,2259.295403964,278.718767667,214.967524351,313.100000000,0.000000000,0.000000000
point-0001245,2261.415057065,275.186012498,214.967524351,313.100000000,0.000000000,0.000000000
point-0001246,2261.869271823,275.647625149,214.367524351,313.100000000,0.000000000,0.000000000
point-0001247,2263.988924914,279.180380300,214.367524351,313.100000000,0.000000000,0.000000000
point-0001248,2264.443139665,279.641992933,213.767524351,313.100000000,0.000000000,0.000000000
point-0001249,2266.562792746,276.109237800,213.767524351,313.100000000,0.000000000,0.000000000
point-0001250,2267.017007504,276.570850450,213.167524351,313.100000000,0.000000000,0.000000000
point-0001251,2269.136660573,280.103605567,213.167524351,313.100000000,0.000000000,0.000000000
point-0001252,2269.590875325,280.565218200,212.567524351,313.100000000,0.000000000,0.000000000
point-0001253,2271.710528384,277.032463101,212.567524351,313.100000000,0.000000000,0.000000000
point-0001254,2272.164743141,277.494075752,211.967524351,313.100000000,0.000000000,0.000000000
point-0001255,2274.284396190,281.026830833,211.967524351,313.100000000,0.000000000,0.000000000
point-0001256,2274.738610941,281.488443466,211.367524351,313.100000000,0.000000000,0.000000000
point-0001257,2276.858263979,277.955688403,211.367524351,313.100000000,0.000000000,0.000000000
point-0001258,2277.312478737,278.417301054,210.767524351,313.100000000,0.000000000,0.000000000
point-0001259,2279.432131764,281.950056099,210.767524351,313.100000000,0.000000000,0.000000000
point-0001260,2279.886346516,282.411668732,210.167524351,313.100000000,0.000000000,0.000000000
point-0001261,2282.005999532,278.878913705,210.167524351,313.100000000,0.000000000,0.000000000
point-0001262,2282.460214290,279.340526356,209.567524351,313.100000000,0.000000000,0.000000000
point-0001263,2284.579867296,282.873281366,209.567524351,313.100000000,0.000000000,0.000000000
point-0001264,2285.034082047,283.334893999,208.967524351,313.100000000,0.000000000,0.000000000
point-0001265,2287.153735043,279.802139006,208.967524351,313.100000000,0.000000000,0.000000000
point-0001266,2287.607949801,280.263751657,208.367524351,313.100000000,0.000000000,0.000000000
point-0001267,2289.727602786,283.796506632,208.367524351,313.100000000,0.000000000,0.000000000
point-0001268,2290.181817537,284.258119265,207.767524351,313.100000000,0.000000000,0.000000000
point-0001269,2292.301470511,280.725364308,207.767524351,313.100000000,0.000000000,0.000000000
point-0001270,2292.755685269,281.186976959,207.167524351,313.100000000,0.000000000,0.000000000
point-0001271,2294.875338233,284.719731898,207.167524351,313.100000000,0.000000000,0.000000000
point-0001272,2295.329552984,285.181344532,206.567524351,313.100000000,0.000000000,0.000000000
point-0001273,2297.449205937,281.648589610,206.567524351,313.100000000,0.000000000,0.000000000
point-0001274,2297.903420695,282.110202261,205.967524351,313.100000000,0.000000000,0.000000000
point-0001275,2300.023073637,285.642957165,205.967524351,313.100000000,0.000000000,0.000000000
point-0001276,2300.477288389,286.104569798,205.367524351,313.100000000,0.000000000,0.000000000
point-0001277,2302.596941320,282.571814912,205.367524351,313.100000000,0.000000000,0.000000000
point-0001278,2303.051156078,283.033427562,204.767524351,313.100000000,0.000000000,0.000000000
point-0001279,2305.170808999,286.566182431,204.767524351,313.100000000,0.000000000,0.000000000
point-0001280,2305.625023751,287.027795064,204.167524351,313.100000000,0.000000000,0.000000000
point-0001281,2307.744676661,283.495040213,204.167524351,313.100000000,0.000000000,0.000000000
point-0001282,2308.198891419,283.956652864,203.567524351,313.100000000,0.000000000,0.000000000
point-0001283,2310.061122356,287.060371092,203.567524351,313.100000000,0.000000000,0.000000000
point-0001284,2310.651506640,286.280496452,202.967524351,313.100000000,0.000000000,0.000000000
point-0001285,2311.768845202,284.418265515,202.967524351,313.100000000,0.000000000,0.000000000
point-0001286,2312.223059960,284.879878166,202.367524351,313.100000000,0.000000000,0.000000000
point-0001287,2312.595506147,285.500621811,202.367524351,313.100000000,0.000000000,0.000000000
point-0001288,2341.087738903,258.407811807,241.367524351,313.100000000,0.000000000,0.000000000
point-0001289,2342.434603134,256.163038089,241.367524351,313.100000000,0.000000000,0.000000000
point-0001290,2343.024986836,256.942911504,241.967524351,313.100000000,0.000000000,0.000000000
point-0001291,2343.626959438,257.946199174,241.967524351,313.100000000,0.000000000,0.000000000
point-0001292,2345.545489194,255.013512731,240.843391960,313.700000000,0.000000000,0.000000000
point-0001293,2345.834236001,255.310284155,240.464547449,313.700000000,0.000000000,0.000000000
point-0001294,2375.185312811,285.477303430,201.955239369,313.700000000,0.000000000,0.000000000
point-0001295,2377.225298782,288.153813349,204.051935735,313.700000000,0.000000000,0.000000000
point-0001296,2406.865124396,257.690020600,242.940090950,313.700000000,0.000000000,0.000000000
point-0001297,2408.905110369,255.013512731,240.843391960,313.700000000,0.000000000,0.000000000
point-0001298,2409.362712213,255.682084012,240.476407526,313.700000000,0.000000000,0.000000000
point-0001299,2411.496803020,259.238902024,240.476407526,313.700000000,0.000000000,0.000000000
point-0001300,2411.954111828,258.768880318,241.076407526,313.700000000,0.000000000,0.000000000
point-0001301,2413.736975598,255.797440701,241.076407526,313.700000000,0.000000000,0.000000000
point-0001302,2414.320746368,256.563361193,241.676407526,313.700000000,0.000000000,0.000000000
point-0001303,2415.362044819,258.298858611,241.676407526,313.700000000,0.000000000,0.000000000
point-0001304,2415.819353627,257.828836905,242.276407526,313.700000000,0.000000000,0.000000000
point-0001305,2416.119086759,257.329281684,242.276407526,313.700000000,0.000000000,0.000000000
point-0001306,2417.722978137,256.152105741,239.876407526,313.700000000,0.000000000,0.000000000
point-0001307,2419.857068931,259.708923730,239.876407526,313.700000000,0.000000000,0.000000000
point-0001308,2420.314377738,260.178945437,239.276407526,313.700000000,0.000000000,0.000000000
point-0001309,2422.448468518,256.622127470,239.276407526,313.700000000,0.000000000,0.000000000
point-0001310,2422.905777335,257.092149199,238.676407526,313.700000000,0.000000000,0.000000000
point-0001311,2425.039868101,260.648967143,238.676407526,313.700000000,0.000000000,0.000000000
point-0001312,2425.497176909,261.118988850,238.076407526,313.700000000,0.000000000,0.000000000
point-0001313,2427.631267662,257.562170928,238.076407526,313.700000000,0.000000000,0.000000000
point-0001314,2428.088576478,258.032192657,237.476407526,313.700000000,0.000000000,0.000000000
point-0001315,2430.222667217,261.589010556,237.476407526,313.700000000,0.000000000,0.000000000
point-0001316,2430.679976025,262.059032263,236.876407526,313.700000000,0.000000000,0.000000000
point-0001317,2432.814066751,258.502214386,236.876407526,313.700000000,0.000000000,0.000000000
point-0001318,2433.271375567,258.972236115,236.276407526,313.700000000,0.000000000,0.000000000
point-0001319,2435.405466280,262.529053969,236.276407526,313.700000000,0.000000000,0.000000000
point-0001320,2435.862775087,262.999075675,235.676407526,313.700000000,0.000000000,0.000000000
point-0001321,2437.996865786,259.442257844,235.676407526,313.700000000,0.000000000,0.000000000
point-0001322,2438.454174602,259.912279573,235.076407526,313.700000000,0.000000000,0.000000000
point-0001323,2440.588265288,263.469097382,235.076407526,313.700000000,0.000000000,0.000000000
point-0001324,2441.045574095,263.939119088,234.476407526,313.700000000,0.000000000,0.000000000
point-0001325,2443.179664767,260.382301302,234.476407526,313.700000000,0.000000000,0.000000000
point-0001326,2443.636973583,260.852323031,233.876407526,313.700000000,0.000000000,0.000000000
point-0001327,2445.771064242,264.409140795,233.876407526,313.700000000,0.000000000,0.000000000
point-0001328,2446.228373049,264.879162501,233.276407526,313.700000000,0.000000000,0.000000000
point-0001329,2448.362463694,261.322344760,233.276407526,313.700000000,0.000000000,0.000000000
point-0001330,2448.819772510,261.792366489,232.676407526,313.700000000,0.000000000,0.000000000
point-0001331,2450.953863141,265.349184207,232.676407526,313.700000000,0.000000000,0.000000000
point-0001332,2451.411171949,265.819205914,232.076407526,313.700000000,0.000000000,0.000000000
point-0001333,2453.545262567,262.262388218,232.076407526,313.700000000,0.000000000,0.000000000
point-0001334,2454.002571383,262.732409947,231.476407526,313.700000000,0.000000000,0.000000000
point-0001335,2456.136661987,266.289227620,231.476407526,313.700000000,0.000000000,0.000000000
point-0001336,2456.593970795,266.759249327,230.876407526,313.700000000,0.000000000,0.000000000
point-0001337,2458.728061385,263.202431676,230.876407526,313.700000000,0.000000000,0.000000000
point-0001338,2459.185370201,263.672453405,230.276407526,313.700000000,0.000000000,0.000000000
point-0001339,2461.319460778,267.229271033,230.276407526,313.700000000,0.000000000,0.000000000
point-0001340,2461.776769586,267.699292739,229.676407526,313.700000000,0.000000000,0.000000000
point-0001341,2463.910860150,264.142475133,229.676407526,313.700000000,0.000000000,0.000000000
point-0001342,2464.368168966,264.612496862,229.076407526,313.700000000,0.000000000,0.000000000
point-0001343,2466.502259516,268.169314446,229.076407526,313.700000000,0.000000000,0.000000000
point-0001344,2466.959568324,268.639336152,228.476407526,313.700000000,0.000000000,0.000000000
point-0001345,2469.093658860,265.082518591,228.476407526,313.700000000,0.000000000,0.000000000
point-0001346,2469.550967676,265.552540320,227.876407526,313.700000000,0.000000000,0.000000000
point-0001347,2471.685058199,269.109357859,227.876407526,313.700000000,0.000000000,0.000000000
point-0001348,2472.142367007,269.579379565,227.276407526,313.700000000,0.000000000,0.000000000
point-0001349,2474.276457516,266.022562049,227.276407526,313.700000000,0.000000000,0.000000000
point-0001350,2474.733766332,266.492583778,226.676407526,313.700000000,0.000000000,0.000000000
point-0001351,2476.867856828,270.049401271,226.676407526,313.700000000,0.000000000,0.000000000
point-0001352,2477.325165636,270.519422978,226.076407526,313.700000000,0.000000000,0.000000000
point-0001353,2479.459256118,266.962605507,226.076407526,313.700000000,0.000000000,0.000000000
point-0001354,2479.916564934,267.432627236,225.476407526,313.700000000,0.000000000,0.000000000
point-0001355,2482.050655403,270.989444684,225.476407526,313.700000000,0.000000000,0.000000000
point-0001356,2482.507964211,271.459466391,224.876407526,313.700000000,0.000000000,0.000000000
point-0001357,2484.642054666,267.902648965,224.876407526,313.700000000,0.000000000,0.000000000
point-0001358,2485.099363482,268.372670694,224.276407526,313.700000000,0.000000000,0.000000000
point-0001359,2487.233453924,271.929488097,224.276407526,313.700000000,0.000000000,0.000000000
point-0001360,2487.690762732,272.399509804,223.676407526,313.700000000,0.000000000,0.000000000
point-0001361,2489.824853160,268.842692423,223.676407526,313.700000000,0.000000000,0.000000000
point-0001362,2490.282161976,269.312714152,223.076407526,313.700000000,0.000000000,0.000000000
point-0001363,2492.416252391,272.869531510,223.076407526,313.700000000,0.000000000,0.000000000
point-0001364,2492.873561199,273.339553216,222.476407526,313.700000000,0.000000000,0.000000000
point-0001365,2495.007651600,269.782735881,222.476407526,313.700000000,0.000000000,0.000000000
point-0001366,2495.464960416,270.252757610,221.876407526,313.700000000,0.000000000,0.000000000
point-0001367,2497.599050804,273.809574923,221.876407526,313.700000000,0.000000000,0.000000000
point-0001368,2498.056359611,274.279596629,221.276407526,313.700000000,0.000000000,0.000000000
point-0001369,2500.190449985,270.722779339,221.276407526,313.700000000,0.000000000,0.000000000
point-0001370,2500.647758801,271.192801068,220.676407526,313.700000000,0.000000000,0.000000000
point-0001371,2502.781849162,274.749618336,220.676407526,313.700000000,0.000000000,0.000000000
point-0001372,2503.239157970,275.219640042,220.076407526,313.700000000,0.000000000,0.000000000
point-0001373,2505.373248317,271.662822797,220.076407526,313.700000000,0.000000000,0.000000000
point-0001374,2505.830557133,272.132844526,219.476407526,313.700000000,0.000000000,0.000000000
point-0001375,2507.964647466,275.689661748,219.476407526,313.700000000,0.000000000,0.000000000
point-0001376,2508.421956274,276.159683455,218.876407526,313.700000000,0.000000000,0.000000000
point-0001377,2510.556046594,272.602866255,218.876407526,313.700000000,0.000000000,0.000000000
point-0001378,2511.013355410,273.072887984,218.276407526,313.700000000,0.000000000,0.000000000
point-0001379,2513.147445717,276.629705161,218.276407526,313.700000000,0.000000000,0.000000000
point-0001380,2513.604754524,277.099726868,217.676407526,313.700000000,0.000000000,0.000000000
point-0001381,2515.738844817,273.542909713,217.676407526,313.700000000,0.000000000,0.000000000
point-0001382,2516.196153633,274.012931442,217.076407526,313.700000000,0.000000000,0.000000000
point-0001383,2518.330243913,277.569748574,217.076407526,313.700000000,0.000000000,0.000000000
point-0001384,2518.787552720,278.039770280,216.476407526,313.700000000,0.000000000,0.000000000
point-0001385,2520.921642986,274.482953171,216.476407526,313.700000000,0.000000000,0.000000000
point-0001386,2521.378951802,274.952974900,215.876407526,313.700000000,0.000000000,0.000000000
point-0001387,2523.513042055,278.509791987,215.876407526,313.700000000,0.000000000,0.000000000
point-0001388,2523.970350862,278.979813693,215.276407526,313.700000000,0.000000000,0.000000000
point-0001389,2526.104441101,275.422996629,215.276407526,313.700000000,0.000000000,0.000000000
point-0001390,2526.561749917,275.893018358,214.676407526,313.700000000,0.000000000,0.000000000
point-0001391,2528.695840143,279.449835400,214.676407526,313.700000000,0.000000000,0.000000000
point-0001392,2529.153148950,279.919857106,214.076407526,313.700000000,0.000000000,0.000000000
point-0001393,2531.287239162,276.363040087,214.076407526,313.700000000,0.000000000,0.000000000
point-0001394,2531.744547978,276.833061816,213.476407526,313.700000000,0.000000000,0.000000000
point-0001395,2533.878638176,280.389878813,213.476407526,313.700000000,0.000000000,0.000000000
point-0001396,2534.335946984,280.859900519,212.876407526,313.700000000,0.000000000,0.000000000
point-0001397,2536.470037169,277.303083545,212.876407526,313.700000000,0.000000000,0.000000000
point-0001398,2536.927345985,277.773105273,212.276407526,313.700000000,0.000000000,0.000000000
point-0001399,2539.061436156,281.329922225,212.276407526,313.700000000,0.000000000,0.000000000
point-0001400,2539.518744964,281.799943932,211.676407526,313.700000000,0.000000000,0.000000000
point-0001401,2541.652835121,278.243127002,211.676407526,313.700000000,0.000000000,0.000000000
point-0001402,2542.110143937,278.713148731,211.076407526,313.700000000,0.000000000,0.000000000
point-0001403,2544.244234081,282.269965638,211.076407526,313.700000000,0.000000000,0.000000000
point-0001404,2544.701542889,282.739987345,210.476407526,313.700000000,0.000000000,0.000000000
point-0001405,2546.835633020,279.183170460,210.476407526,313.700000000,0.000000000,0.000000000
point-0001406,2547.292941836,279.653192189,209.876407526,313.700000000,0.000000000,0.000000000
point-0001407,2549.427031953,283.210009051,209.876407526,313.700000000,0.000000000,0.000000000
point-0001408,2549.884340760,283.680030757,209.276407526,313.700000000,0.000000000,0.000000000
point-0001409,2552.018430864,280.123213918,209.276407526,313.700000000,0.000000000,0.000000000
point-0001410,2552.475739680,280.593235647,208.676407526,313.700000000,0.000000000,0.000000000
point-0001411,2554.609829770,284.150052464,208.676407526,313.700000000,0.000000000,0.000000000
point-0001412,2555.067138578,284.620074170,208.076407526,313.700000000,0.000000000,0.000000000
point-0001413,2557.201228654,281.063257376,208.076407526,313.700000000,0.000000000,0.000000000
point-0001414,2557.658537470,281.533279105,207.476407526,313.700000000,0.000000000,0.000000000
point-0001415,2559.792627533,285.090095877,207.476407526,313.700000000,0.000000000,0.000000000
point-0001416,2560.249936341,285.560117583,206.876407526,313.700000000,0.000000000,0.000000000
point-0001417,2562.384026390,282.003300834,206.876407526,313.700000000,0.000000000,0.000000000
point-0001418,2562.841335206,282.473322563,206.276407526,313.700000000,0.000000000,0.000000000
point-0001419,2564.975425242,286.030139289,206.276407526,313.700000000,0.000000000,0.000000000
point-0001420,2565.432734050,286.500160996,205.676407526,313.700000000,0.000000000,0.000000000
point-0001421,2567.566824072,282.943344292,205.676407526,313.700000000,0.000000000,0.000000000
point-0001422,2568.024132888,283.413366021,205.076407526,313.700000000,0.000000000,0.000000000
point-0001423,2570.158222897,286.970182702,205.076407526,313.700000000,0.000000000,0.000000000
point-0001424,2570.615531704,287.440204409,204.476407526,313.700000000,0.000000000,0.000000000
point-0001425,2572.749621700,283.883387750,204.476407526,313.700000000,0.000000000,0.000000000
point-0001426,2573.206930516,284.353409479,203.876407526,313.700000000,0.000000000,0.000000000
point-0001427,2575.060846164,287.443268893,203.876407526,313.700000000,0.000000000,0.000000000
point-0001428,2575.644617664,286.677346857,203.276407526,313.700000000,0.000000000,0.000000000
point-0001429,2576.756967053,284.823431208,203.276407526,313.700000000,0.000000000,0.000000000
point-0001430,2577.214275869,285.293452937,202.676407526,313.700000000,0.000000000,0.000000000
point-0001431,2577.585058999,285.911424820,202.676407526,313.700000000,0.000000000,0.000000000
point-0001432,2607.041402311,255.093049258,240.887391378,314.300000000,0.000000000,0.000000000
point-0001433,2607.330150440,255.393108906,240.511143098,314.300000000,0.000000000,0.000000000
point-0001434,2636.681233510,285.894290197,202.265949655,314.300000000,0.000000000,0.000000000
point-0001435,2638.721219999,288.552443482,204.385871348,314.300000000,0.000000000,0.000000000
point-0001436,2668.361053431,257.751200037,243.007315835,314.300000000,0.000000000,0.000000000
point-0001437,2670.401039778,255.093049258,240.887391378,314.300000000,0.000000000,0.000000000
point-0001438,2670.685428780,255.556395546,240.787547298,314.300000000,0.000000000,0.000000000
point-0001439,2672.834257814,259.137777270,240.787547298,314.300000000,0.000000000,0.000000000
point-0001440,2673.294724814,258.659267263,241.387547298,314.300000000,0.000000000,0.000000000
point-0001441,2674.769483896,256.201335459,241.387547298,314.300000000,0.000000000,0.000000000
point-0001442,2675.346859097,256.953669091,241.987547298,314.300000000,0.000000000,0.000000000
point-0001443,2676.083111995,258.180757255,241.987547298,314.300000000,0.000000000,0.000000000
point-0001444,2677.464512994,259.616287277,240.187547298,314.300000000,0.000000000,0.000000000
point-0001445,2679.613342675,256.034904475,240.187547298,314.300000000,0.000000000,0.000000000
point-0001446,2680.073809684,256.513414508,239.587547298,314.300000000,0.000000000,0.000000000
point-0001447,2682.222639350,260.094797284,239.587547298,314.300000000,0.000000000,0.000000000
point-0001448,2682.683106350,260.573307292,238.987547298,314.300000000,0.000000000,0.000000000
point-0001449,2684.831936000,256.991924541,238.987547298,314.300000000,0.000000000,0.000000000
point-0001450,2685.292403010,257.470434574,238.387547298,314.300000000,0.000000000,0.000000000
point-0001451,2687.441232645,261.051817299,238.387547298,314.300000000,0.000000000,0.000000000
point-0001452,2687.901699644,261.530327306,237.787547298,314.300000000,0.000000000,0.000000000
point-0001453,2690.050529264,257.948944607,237.787547298,314.300000000,0.000000000,0.000000000
point-0001454,2690.510996273,258.427454640,237.187547298,314.300000000,0.000000000,0.000000000
point-0001455,2692.659825877,262.008837313,237.187547298,314.300000000,0.000000000,0.000000000
point-0001456,2693.120292877,262.487347320,236.587547298,314.300000000,0.000000000,0.000000000
point-0001457,2695.269122466,258.905964673,236.587547298,314.300000000,0.000000000,0.000000000
point-0001458,2695.729589475,259.384474705,235.987547298,314.300000000,0.000000000,0.000000000
point-0001459,2697.878419048,262.965857328,235.987547298,314.300000000,0.000000000,0.000000000
point-0001460,2698.338886048,263.444367335,235.387547298,314.300000000,0.000000000,0.000000000
point-0001461,2700.487715606,259.862984738,235.387547298,314.300000000,0.000000000,0.000000000
point-0001462,2700.948182615,260.341494771,234.787547298,314.300000000,0.000000000,0.000000000
point-0001463,2703.097012157,263.922877342,234.787547298,314.300000000,0.000000000,0.000000000
point-0001464,2703.557479157,264.401387349,234.187547298,314.300000000,0.000000000,0.000000000
point-0001465,2705.706308684,260.820004804,234.187547298,314.300000000,0.000000000,0.000000000
point-0001466,2706.166775693,261.298514837,233.587547298,314.300000000,0.000000000,0.000000000
point-0001467,2708.315605205,264.879897356,233.587547298,314.300000000,0.000000000,0.000000000
point-0001468,2708.776072204,265.358407364,232.987547298,314.300000000,0.000000000,0.000000000
point-0001469,2710.924901700,261.777024870,232.987547298,314.300000000,0.000000000,0.000000000
point-0001470,2711.385368710,262.255534903,232.387547298,314.300000000,0.000000000,0.000000000
point-0001471,2713.534198190,265.836917371,232.387547298,314.300000000,0.000000000,0.000000000
point-0001472,2713.994665190,266.315427378,231.787547298,314.300000000,0.000000000,0.000000000
point-0001473,2716.143494655,262.734044936,231.787547298,314.300000000,0.000000000,0.000000000
point-0001474,2716.603961664,263.212554969,231.187547298,314.300000000,0.000000000,0.000000000
point-0001475,2718.752791114,266.793937385,231.187547298,314.300000000,0.000000000,0.000000000
point-0001476,2719.213258114,267.272447393,230.587547298,314.300000000,0.000000000,0.000000000
point-0001477,2721.362087548,263.691065002,230.587547298,314.300000000,0.000000000,0.000000000
point-0001478,2721.822554557,264.169575035,229.987547298,314.300000000,0.000000000,0.000000000
point-0001479,2723.971383976,267.750957400,229.987547298,314.300000000,0.000000000,0.000000000
point-0001480,2724.431850976,268.229467407,229.387547298,314.300000000,0.000000000,0.000000000
point-0001481,2726.580680379,264.648085068,229.387547298,314.300000000,0.000000000,0.000000000
point-0001482,2727.041147389,265.126595101,228.787547298,314.300000000,0.000000000,0.000000000
point-0001483,2729.189976777,268.707977414,228.787547298,314.300000000,0.000000000,0.000000000
point-0001484,2729.650443776,269.186487421,228.187547298,314.300000000,0.000000000,0.000000000
point-0001485,2731.799273149,265.605105134,228.187547298,314.300000000,0.000000000,0.000000000
point-0001486,2732.259740158,266.083615167,227.587547298,314.300000000,0.000000000,0.000000000
point-0001487,2734.408569515,269.664997429,227.587547298,314.300000000,0.000000000,0.000000000
point-0001488,2734.869036515,270.143507436,226.987547298,314.300000000,0.000000000,0.000000000
point-0001489,2737.017865856,266.562125200,226.987547298,314.300000000,0.000000000,0.000000000
point-0001490,2737.478332866,267.040635233,226.387547298,314.300000000,0.000000000,0.000000000
point-0001491,2739.627162192,270.622017443,226.387547298,314.300000000,0.000000000,0.000000000
point-0001492,2740.087629191,271.100527450,225.787547298,314.300000000,0.000000000,0.000000000
point-0001493,2742.236458502,267.519145266,225.787547298,314.300000000,0.000000000,0.000000000
point-0001494,2742.696925512,267.997655298,225.187547298,314.300000000,0.000000000,0.000000000
point-0001495,2744.845754807,271.579037457,225.187547298,314.300000000,0.000000000,0.000000000
point-0001496,2745.306221806,272.057547465,224.587547298,314.300000000,0.000000000,0.000000000
point-0001497,2747.455051086,268.476165331,224.587547298,314.300000000,0.000000000,0.000000000
point-0001498,2747.915518096,268.954675364,223.987547298,314.300000000,0.000000000,0.000000000
point-0001499,2750.064347360,272.536057472,223.987547298,314.300000000,0.000000000,0.000000000
point-0001500,2750.524814360,273.014567479,223.387547298,314.300000000,0.000000000,0.000000000
point-0001501,2752.673643609,269.433185397,223.387547298,314.300000000,0.000000000,0.000000000
point-0001502,2753.134110618,269.911695430,222.787547298,314.300000000,0.000000000,0.000000000
point-0001503,2755.282939852,273.493077486,222.787547298,314.300000000,0.000000000,0.000000000
point-0001504,2755.743406851,273.971587494,222.187547298,314.300000000,0.000000000,0.000000000
point-0001505,2757.892236069,270.390205463,222.187547298,314.300000000,0.000000000,0.000000000
point-0001506,2758.352703079,270.868715496,221.587547298,314.300000000,0.000000000,0.000000000
point-0001507,2760.501532281,274.450097501,221.587547298,314.300000000,0.000000000,0.000000000
point-0001508,2760.961999281,274.928607508,220.987547298,314.300000000,0.000000000,0.000000000
point-0001509,2763.110828468,271.347225529,220.987547298,314.300000000,0.000000000,0.000000000
point-0001510,2763.571295478,271.825735562,220.387547298,314.300000000,0.000000000,0.000000000
point-0001511,2765.720124649,275.407117515,220.387547298,314.300000000,0.000000000,0.000000000
point-0001512,2766.180591649,275.885627522,219.787547298,314.300000000,0.000000000,0.000000000
point-0001513,2768.329420805,272.304245595,219.787547298,314.300000000,0.000000000,0.000000000
point-0001514,2768.789887815,272.782755628,219.187547298,314.300000000,0.000000000,0.000000000
point-0001515,2770.938716956,276.364137530,219.187547298,314.300000000,0.000000000,0.000000000
point-0001516,2771.399183955,276.842647537,218.587547298,314.300000000,0.000000000,0.000000000
point-0001517,2773.548013081,273.261265661,218.587547298,314.300000000,0.000000000,0.000000000
point-0001518,2774.008480090,273.739775694,217.987547298,314.300000000,0.000000000,0.000000000
point-0001519,2776.157309200,277.321157544,217.987547298,314.300000000,0.000000000,0.000000000
point-0001520,2776.617776200,277.799667551,217.387547298,314.300000000,0.000000000,0.000000000
point-0001521,2778.766605294,274.218285727,217.387547298,314.300000000,0.000000000,0.000000000
point-0001522,2779.227072304,274.696795760,216.787547298,314.300000000,0.000000000,0.000000000
point-0001523,2781.375901383,278.278177558,216.787547298,314.300000000,0.000000000,0.000000000
point-0001524,2781.836368382,278.756687566,216.187547298,314.300000000,0.000000000,0.000000000
point-0001525,2783.985197446,275.175305793,216.187547298,314.300000000,0.000000000,0.000000000
point-0001526,2784.445664455,275.653815826,215.587547298,314.300000000,0.000000000,0.000000000
point-0001527,2786.594493504,279.235197573,215.587547298,314.300000000,0.000000000,0.000000000
point-0001528,2787.054960503,279.713707580,214.987547298,314.300000000,0.000000000,0.000000000
point-0001529,2789.203789536,276.132325859,214.987547298,314.300000000,0.000000000,0.000000000
point-0001530,2789.664256545,276.610835892,214.387547298,314.300000000,0.000000000,0.000000000
point-0001531,2791.813085563,280.192217587,214.387547298,314.300000000,0.000000000,0.000000000
point-0001532,2792.273552562,280.670727594,213.787547298,314.300000000,0.000000000,0.000000000
point-0001533,2794.422381564,277.089345924,213.787547298,314.300000000,0.000000000,0.000000000
point-0001534,2794.882848574,277.567855957,213.187547298,314.300000000,0.000000000,0.000000000
point-0001535,2797.031677560,281.149237602,213.187547298,314.300000000,0.000000000,0.000000000
point-0001536,2797.492144560,281.627747609,212.587547298,314.300000000,0.000000000,0.000000000
point-0001537,2799.640973531,278.046365990,212.587547298,314.300000000,0.000000000,0.000000000
point-0001538,2800.101440540,278.524876023,211.987547298,314.300000000,0.000000000,0.000000000
point-0001539,2802.250269496,282.106257616,211.987547298,314.300000000,0.000000000,0.000000000
point-0001540,2802.710736495,282.584767623,211.387547298,314.300000000,0.000000000,0.000000000
point-0001541,2804.859565436,279.003386056,211.387547298,314.300000000,0.000000000,0.000000000
point-0001542,2805.320032445,279.481896089,210.787547298,314.300000000,0.000000000,0.000000000
point-0001543,2807.468861370,283.063277631,210.787547298,314.300000000,0.000000000,0.000000000
point-0001544,2807.929328369,283.541787638,210.187547298,314.300000000,0.000000000,0.000000000
point-0001545,2810.078157279,279.960406122,210.187547298,314.300000000,0.000000000,0.000000000
point-0001546,2810.538624288,280.438916155,209.587547298,314.300000000,0.000000000,0.000000000
point-0001547,2812.687453182,284.020297645,209.587547298,314.300000000,0.000000000,0.000000000
point-0001548,2813.147920181,284.498807652,208.987547298,314.300000000,0.000000000,0.000000000
point-0001549,2815.296749060,280.917426188,208.987547298,314.300000000,0.000000000,0.000000000
point-0001550,2815.757216069,281.395936221,208.387547298,314.300000000,0.000000000,0.000000000
point-0001551,2817.906044932,284.977317659,208.387547298,314.300000000,0.000000000,0.000000000
point-0001552,2818.366511932,285.455827667,207.787547298,314.300000000,0.000000000,0.000000000
point-0001553,2820.515340779,281.874446254,207.787547298,314.300000000,0.000000000,0.000000000
point-0001554,2820.975807789,282.352956287,207.187547298,314.300000000,0.000000000,0.000000000
point-0001555,2823.124636621,285.934337674,207.187547298,314.300000000,0.000000000,0.000000000
point-0001556,2823.585103620,286.412847681,206.587547298,314.300000000,0.000000000,0.000000000
point-0001557,2825.733932437,282.831466320,206.587547298,314.300000000,0.000000000,0.000000000
point-0001558,2826.194399446,283.309976353,205.987547298,314.300000000,0.000000000,0.000000000
point-0001559,2828.343228248,286.891357688,205.987547298,314.300000000,0.000000000,0.000000000
point-0001560,2828.803695247,287.369867695,205.387547298,314.300000000,0.000000000,0.000000000
point-0001561,2830.952524033,283.788486386,205.387547298,314.300000000,0.000000000,0.000000000
point-0001562,2831.412991042,284.266996419,204.787547298,314.300000000,0.000000000,0.000000000
point-0001563,2833.561819813,287.848377703,204.787547298,314.300000000,0.000000000,0.000000000
point-0001564,2833.922151394,287.822619840,204.187547298,314.300000000,0.000000000,0.000000000
point-0001565,2835.768419427,284.745506452,204.187547298,314.300000000,0.000000000,0.000000000
point-0001566,2836.228886436,285.224016485,203.587547298,314.300000000,0.000000000,0.000000000
point-0001567,2837.336647256,287.070284518,203.587547298,314.300000000,0.000000000,0.000000000
point-0001568,2837.914023250,286.317949195,202.987547298,314.300000000,0.000000000,0.000000000
point-0001569,2838.283276856,285.702526517,202.987547298,314.300000000,0.000000000,0.000000000
point-0001570,2867.506753019,255.171840952,240.931869265,314.900000000,0.000000000,0.000000000
point-0001571,2867.795503450,255.475152375,240.558232497,314.900000000,0.000000000,0.000000000
point-0001572,2897.146615452,286.306693038,202.578794645,314.900000000,0.000000000,0.000000000
point-0001573,2899.186604299,288.946375979,204.721677650,314.900000000,0.000000000,0.000000000
point-0001574,2928.826469227,257.811520777,243.074755099,314.900000000,0.000000000,0.000000000
point-0001575,2930.866457693,255.171840952,240.931869265,314.900000000,0.000000000,0.000000000
point-0001576,2931.289228489,255.855911823,241.100788065,314.900000000,0.000000000,0.000000000
point-0001577,2933.192222056,259.027567767,241.100788065,314.900000000,0.000000000,0.000000000
point-0001578,2933.655911563,258.540490432,241.700788065,314.900000000,0.000000000,0.000000000
point-0001579,2934.823198455,256.595012278,241.700788065,314.900000000,0.000000000,0.000000000
point-0001580,2935.394387578,257.334112733,242.300788065,314.900000000,0.000000000,0.000000000
point-0001581,2935.825967796,258.053413096,242.300788065,314.900000000,0.000000000,0.000000000
point-0001582,2937.217036317,259.514645103,240.500788065,314.900000000,0.000000000,0.000000000
point-0001583,2939.380907313,255.908193444,240.500788065,314.900000000,0.000000000,0.000000000
point-0001584,2939.844596830,256.395270806,239.900788065,314.900000000,0.000000000,0.000000000
point-0001585,2942.008467809,260.001722438,239.900788065,314.900000000,0.000000000,0.000000000
point-0001586,2942.472157317,260.488799774,239.300788065,314.900000000,0.000000000,0.000000000
point-0001587,2944.636028280,256.882348168,239.300788065,314.900000000,0.000000000,0.000000000
point-0001588,2945.099717797,257.369425530,238.700788065,314.900000000,0.000000000,0.000000000
point-0001589,2947.263588745,260.975877109,238.700788065,314.900000000,0.000000000,0.000000000
point-0001590,2947.727278252,261.462954444,238.100788065,314.900000000,0.000000000,0.000000000
point-0001591,2949.891149184,257.856502891,238.100788065,314.900000000,0.000000000,0.000000000
point-0001592,2950.354838701,258.343580253,237.500788065,314.900000000,0.000000000,0.000000000
point-0001593,2952.518709617,261.950031780,237.500788065,314.900000000,0.000000000,0.000000000
point-0001594,2952.982399124,262.437109115,236.900788065,314.900000000,0.000000000,0.000000000
point-0001595,2955.146270024,258.830657615,236.900788065,314.900000000,0.000000000,0.000000000
point-0001596,2955.609959541,259.317734977,236.300788065,314.900000000,0.000000000,0.000000000
point-0001597,2957.773830426,262.924186451,236.300788065,314.900000000,0.000000000,0.000000000
point-0001598,2958.237519933,263.411263786,235.700788065,314.900000000,0.000000000,0.000000000
point-0001599,2960.401390801,259.804812339,235.700788065,314.900000000,0.000000000,0.000000000
point-0001600,2960.865080318,260.291889701,235.100788065,314.900000000,0.000000000,0.000000000
point-0001601,2963.028951170,263.898341122,235.100788065,314.900000000,0.000000000,0.000000000
point-0001602,2963.492640678,264.385418457,234.500788065,314.900000000,0.000000000,0.000000000
point-0001603,2965.656511514,260.778967063,234.500788065,314.900000000,0.000000000,0.000000000
point-0001604,2966.120201031,261.266044425,233.900788065,314.900000000,0.000000000,0.000000000
point-0001605,2968.284071852,264.872495793,233.900788065,314.900000000,0.000000000,0.000000000
point-0001606,2968.747761359,265.359573128,233.300788065,314.900000000,0.000000000,0.000000000
point-0001607,2970.911632163,261.753121787,233.300788065,314.900000000,0.000000000,0.000000000
point-0001608,2971.375321680,262.240199149,232.700788065,314.900000000,0.000000000,0.000000000
point-0001609,2973.539192469,265.846650464,232.700788065,314.900000000,0.000000000,0.000000000
point-0001610,2974.002881976,266.333727799,232.100788065,314.900000000,0.000000000,0.000000000
point-0001611,2976.166752749,262.727276511,232.100788065,314.900000000,0.000000000,0.000000000
point-0001612,2976.630442266,263.214353873,231.500788065,314.900000000,0.000000000,0.000000000
point-0001613,2978.794313023,266.820805134,231.500788065,314.900000000,0.000000000,0.000000000
point-0001614,2979.258002530,267.307882470,230.900788065,314.900000000,0.000000000,0.000000000
point-0001615,2981.421873271,263.701431235,230.900788065,314.900000000,0.000000000,0.000000000
point-0001616,2981.885562788,264.188508597,230.300788065,314.900000000,0.000000000,0.000000000
point-0001617,2984.049433513,267.794959805,230.300788065,314.900000000,0.000000000,0.000000000
point-0001618,2984.513123021,268.282037141,229.700788065,314.900000000,0.000000000,0.000000000
point-0001619,2986.676993730,264.675585959,229.700788065,314.900000000,0.000000000,0.000000000
point-0001620,2987.140683247,265.162663321,229.100788065,314.900000000,0.000000000,0.000000000
point-0001621,2989.304553940,268.769114476,229.100788065,314.900000000,0.000000000,0.000000000
point-0001622,2989.768243447,269.256191812,228.500788065,314.900000000,0.000000000,0.000000000
point-0001623,2991.932114125,265.649740683,228.500788065,314.900000000,0.000000000,0.000000000
point-0001624,2992.395803642,266.136818045,227.900788065,314.900000000,0.000000000,0.000000000
point-0001625,2994.559674303,269.743269147,227.900788065,314.900000000,0.000000000,0.000000000
point-0001626,2995.023363810,270.230346483,227.300788065,314.900000000,0.000000000,0.000000000
point-0001627,2997.187234456,266.623895407,227.300788065,314.900000000,0.000000000,0.000000000
point-0001628,2997.650923973,267.110972769,226.700788065,314.900000000,0.000000000,0.000000000
point-0001629,2999.814794603,270.717423818,226.700788065,314.900000000,0.000000000,0.000000000
point-0001630,3000.278484110,271.204501154,226.100788065,314.900000000,0.000000000,0.000000000
point-0001631,3002.442354724,267.598050131,226.100788065,314.900000000,0.000000000,0.000000000
point-0001632,3002.906044241,268.085127493,225.500788065,314.900000000,0.000000000,0.000000000
point-0001633,3005.069914839,271.691578489,225.500788065,314.900000000,0.000000000,0.000000000
point-0001634,3005.533604346,272.178655824,224.900788065,314.900000000,0.000000000,0.000000000
point-0001635,3007.697474928,268.572204855,224.900788065,314.900000000,0.000000000,0.000000000
point-0001636,3008.161164445,269.059282217,224.300788065,314.900000000,0.000000000,0.000000000
point-0001637,3010.325035011,272.665733160,224.300788065,314.900000000,0.000000000,0.000000000
point-0001638,3010.788724518,273.152810495,223.700788065,314.900000000,0.000000000,0.000000000
point-0001639,3012.952595068,269.546359579,223.700788065,314.900000000,0.000000000,0.000000000
point-0001640,3013.416284585,270.033436941,223.100788065,314.900000000,0.000000000,0.000000000
point-0001641,3015.580155120,273.639887831,223.100788065,314.900000000,0.000000000,0.000000000
point-0001642,3016.043844627,274.126965166,222.500788065,314.900000000,0.000000000,0.000000000
point-0001643,3018.207715145,270.520514302,222.500788065,314.900000000,0.000000000,0.000000000
point-0001644,3018.671404662,271.007591664,221.900788065,314.900000000,0.000000000,0.000000000
point-0001645,3020.835275165,274.614042502,221.900788065,314.900000000,0.000000000,0.000000000
point-0001646,3021.298964672,275.101119837,221.300788065,314.900000000,0.000000000,0.000000000
point-0001647,3023.462835158,271.494669026,221.300788065,314.900000000,0.000000000,0.000000000
point-0001648,3023.926524675,271.981746388,220.700788065,314.900000000,0.000000000,0.000000000
point-0001649,3026.090395146,275.588197173,220.700788065,314.900000000,0.000000000,0.000000000
point-0001650,3026.554084653,276.075274508,220.100788065,314.900000000,0.000000000,0.000000000
point-0001651,3028.717955108,272.468823750,220.100788065,314.900000000,0.000000000,0.000000000
point-0001652,3029.181644625,272.955901112,219.500788065,314.900000000,0.000000000,0.000000000
point-0001653,3031.345515064,276.562351844,219.500788065,314.900000000,0.000000000,0.000000000
point-0001654,3031.809204571,277.049429179,218.900788065,314.900000000,0.000000000,0.000000000
point-0001655,3033.973074994,273.442978474,218.900788065,314.900000000,0.000000000,0.000000000
point-0001656,3034.436764511,273.930055836,218.300788065,314.900000000,0.000000000,0.000000000
point-0001657,3036.600634918,277.536506514,218.300788065,314.900000000,0.000000000,0.000000000
point-0001658,3037.064324425,278.023583850,217.700788065,314.900000000,0.000000000,0.000000000
point-0001659,3039.228194816,274.417133198,217.700788065,314.900000000,0.000000000,0.000000000
point-0001660,3039.691884333,274.904210560,217.100788065,314.900000000,0.000000000,0.000000000
point-0001661,3041.855754709,278.510661185,217.100788065,314.900000000,0.000000000,0.000000000
point-0001662,3042.319444216,278.997738521,216.500788065,314.900000000,0.000000000,0.000000000
point-0001663,3044.483314575,275.391287922,216.500788065,314.900000000,0.000000000,0.000000000
point-0001664,3044.947004092,275.878365284,215.900788065,314.900000000,0.000000000,0.000000000
point-0001665,3047.110874435,279.484815856,215.900788065,314.900000000,0.000000000,0.000000000
point-0001666,3047.574563943,279.971893192,215.300788065,314.900000000,0.000000000,0.000000000
point-0001667,3049.738434270,276.365442646,215.300788065,314.900000000,0.000000000,0.000000000
point-0001668,3050.202123787,276.852520008,214.700788065,314.900000000,0.000000000,0.000000000
point-0001669,3052.365994099,280.458970527,214.700788065,314.900000000,0.000000000,0.000000000
point-0001670,3052.829683606,280.946047863,214.100788065,314.900000000,0.000000000,0.000000000
point-0001671,3054.993553902,277.339597370,214.100788065,314.900000000,0.000000000,0.000000000
point-0001672,3055.457243419,277.826674732,213.500788065,314.900000000,0.000000000,0.000000000
point-0001673,3057.621113699,281.433125198,213.500788065,314.900000000,0.000000000,0.000000000
point-0001674,3058.084803206,281.920202534,212.900788065,314.900000000,0.000000000,0.000000000
point-0001675,3060.248673470,278.313752094,212.900788065,314.900000000,0.000000000,0.000000000
point-0001676,3060.712362987,278.800829456,212.300788065,314.900000000,0.000000000,0.000000000
point-0001677,3062.876233235,282.407279869,212.300788065,314.900000000,0.000000000,0.000000000
point-0001678,3063.339922742,282.894357204,211.700788065,314.900000000,0.000000000,0.000000000
point-0001679,3065.503792974,279.287906818,211.700788065,314.900000000,0.000000000,0.000000000
point-0001680,3065.967482491,279.774984180,211.100788065,314.900000000,0.000000000,0.000000000
point-0001681,3068.131352707,283.381434540,211.100788065,314.900000000,0.000000000,0.000000000
point-0001682,3068.595042214,283.868511875,210.500788065,314.900000000,0.000000000,0.000000000
point-0001683,3070.758912414,280.262061542,210.500788065,314.900000000,0.000000000,0.000000000
point-0001684,3071.222601932,280.749138904,209.900788065,314.900000000,0.000000000,0.000000000
point-0001685,3073.386472116,284.355589211,209.900788065,314.900000000,0.000000000,0.000000000
point-0001686,3073.850161623,284.842666546,209.300788065,314.900000000,0.000000000,0.000000000
point-0001687,3076.014031792,281.236216266,209.300788065,314.900000000,0.000000000,0.000000000
point-0001688,3076.477721309,281.723293628,208.700788065,314.900000000,0.000000000,0.000000000
point-0001689,3078.641591461,285.329743882,208.700788065,314.900000000,0.000000000,0.000000000
point-0001690,3079.105280968,285.816821217,208.100788065,314.900000000,0.000000000,0.000000000
point-0001691,3081.269151105,282.210370990,208.100788065,314.900000000,0.000000000,0.000000000
point-0001692,3081.732840622,282.697448352,207.500788065,314.900000000,0.000000000,0.000000000
point-0001693,3083.896710743,286.303898553,207.500788065,314.900000000,0.000000000,0.000000000
point-0001694,3084.360400250,286.790975888,206.900788065,314.900000000,0.000000000,0.000000000
point-0001695,3086.524270355,283.184525713,206.900788065,314.900000000,0.000000000,0.000000000
point-0001696,3086.987959872,283.671603075,206.300788065,314.900000000,0.000000000,0.000000000
point-0001697,3089.151829961,287.278053224,206.300788065,314.900000000,0.000000000,0.000000000
point-0001698,3089.615519468,287.765130559,205.700788065,314.900000000,0.000000000,0.000000000
point-0001699,3091.779389541,284.158680437,205.700788065,314.900000000,0.000000000,0.000000000
point-0001700,3092.243079058,284.645757799,205.100788065,314.900000000,0.000000000,0.000000000
point-0001701,3094.406949115,288.252207894,205.100788065,314.900000000,0.000000000,0.000000000
point-0001702,3094.768400067,288.198284324,204.500788065,314.900000000,0.000000000,0.000000000
point-0001703,3096.607669565,285.132835161,204.500788065,314.900000000,0.000000000,0.000000000
point-0001704,3097.071359082,285.619912523,203.900788065,314.900000000,0.000000000,0.000000000
point-0001705,3098.174920780,287.459182021,203.900788065,314.900000000,0.000000000,0.000000000
point-0001706,3098.746110764,286.720079718,203.300788065,314.900000000,0.000000000,0.000000000
point-0001707,3099.113964663,286.106989885,203.300788065,314.900000000,0.000000000,0.000000000
point-0001708,3128.335900107,255.249864482,240.976801778,315.500000000,0.000000000,0.000000000
point-0001709,3128.624654246,255.556390922,240.605789993,315.500000000,0.000000000,0.000000000
point-0001710,3157.975814712,286.714401494,202.893618495,315.500000000,0.000000000,0.000000000
point-0001711,3160.015807502,289.335509372,205.059192731,315.500000000,0.000000000,0.000000000
point-0001712,3189.655724564,257.870968807,243.142378390,315.500000000,0.000000000,0.000000000
point-0001713,3191.695716618,255.249864482,240.976801778,315.500000000,0.000000000,0.000000000
point-0001714,3192.023455380,255.771882796,240.815974292,315.500000000,0.000000000,0.000000000
point-0001715,3194.202670187,259.403907475,240.815974292,315.500000000,0.000000000,0.000000000
point-0001716,3194.669646636,258.908184086,241.415974292,315.500000000,0.000000000,0.000000000
point-0001717,3196.263104473,256.252421026,241.415974292,315.500000000,0.000000000,0.000000000
point-0001718,3196.828309705,256.978630658,242.015974292,315.500000000,0.000000000,0.000000000
point-0001719,3197.688607729,258.412460698,242.015974292,315.500000000,0.000000000,0.000000000
point-0001720,3198.155584178,257.916737310,242.615974292,315.500000000,0.000000000,0.000000000
point-0001721,3198.282722390,257.704840290,242.615974292,315.500000000,0.000000000,0.000000000
point-0001722,3199.961183396,256.267605919,240.215974292,315.500000000,0.000000000,0.000000000
point-0001723,3202.140398362,259.899630863,240.215974292,315.500000000,0.000000000,0.000000000
point-0001724,3202.607374811,260.395354251,239.615974292,315.500000000,0.000000000,0.000000000
point-0001725,3204.786589763,256.763329332,239.615974292,315.500000000,0.000000000,0.000000000
point-0001726,3205.253566221,257.259052744,239.015974292,315.500000000,0.000000000,0.000000000
point-0001727,3207.432781158,260.891077639,239.015974292,315.500000000,0.000000000,0.000000000
point-0001728,3207.899757607,261.386801028,238.415974292,315.500000000,0.000000000,0.000000000
point-0001729,3210.078972530,257.754776157,238.415974292,315.500000000,0.000000000,0.000000000
point-0001730,3210.545948988,258.250499569,237.815974292,315.500000000,0.000000000,0.000000000
point-0001731,3212.725163896,261.882524416,237.815974292,315.500000000,0.000000000,0.000000000
point-0001732,3213.192140345,262.378247804,237.215974292,315.500000000,0.000000000,0.000000000
point-0001733,3215.371355239,258.746222981,237.215974292,315.500000000,0.000000000,0.000000000
point-0001734,3215.838331697,259.241946394,236.615974292,315.500000000,0.000000000,0.000000000
point-0001735,3218.017546576,262.873971192,236.615974292,315.500000000,0.000000000,0.000000000
point-0001736,3218.484523025,263.369694581,236.015974292,315.500000000,0.000000000,0.000000000
point-0001737,3220.663737890,259.737669806,236.015974292,315.500000000,0.000000000,0.000000000
point-0001738,3221.130714348,260.233393219,235.415974292,315.500000000,0.000000000,0.000000000
point-0001739,3223.309929198,263.865417969,235.415974292,315.500000000,0.000000000,0.000000000
point-0001740,3223.776905647,264.361141357,234.815974292,315.500000000,0.000000000,0.000000000
point-0001741,3225.956120483,260.729116631,234.815974292,315.500000000,0.000000000,0.000000000
point-0001742,3226.423096941,261.224840043,234.215974292,315.500000000,0.000000000,0.000000000
point-0001743,3228.602311762,264.856864745,234.215974292,315.500000000,0.000000000,0.000000000
point-0001744,3229.069288211,265.352588134,233.615974292,315.500000000,0.000000000,0.000000000
point-0001745,3231.248503018,261.720563456,233.615974292,315.500000000,0.000000000,0.000000000
point-0001746,3231.715479476,262.216286868,233.015974292,315.500000000,0.000000000,0.000000000
point-0001747,3233.894694268,265.848311522,233.015974292,315.500000000,0.000000000,0.000000000
point-0001748,3234.361670717,266.344034910,232.415974292,315.500000000,0.000000000,0.000000000
point-0001749,3236.540885495,262.712010281,232.415974292,315.500000000,0.000000000,0.000000000
point-0001750,3237.007861953,263.207733693,231.815974292,315.500000000,0.000000000,0.000000000
point-0001751,3239.187076717,266.839758298,231.815974292,315.500000000,0.000000000,0.000000000
point-0001752,3239.654053166,267.335481687,231.215974292,315.500000000,0.000000000,0.000000000
point-0001753,3241.833267915,263.703457105,231.215974292,315.500000000,0.000000000,0.000000000
point-0001754,3242.300244373,264.199180518,230.615974292,315.500000000,0.000000000,0.000000000
point-0001755,3244.479459107,267.831205075,230.615974292,315.500000000,0.000000000,0.000000000
point-0001756,3244.946435556,268.326928463,230.015974292,315.500000000,0.000000000,0.000000000
point-0001757,3247.125650276,264.694903930,230.015974292,315.500000000,0.000000000,0.000000000
point-0001758,3247.592626734,265.190627343,229.415974292,315.500000000,0.000000000,0.000000000
point-0001759,3249.771841440,268.822651851,229.415974292,315.500000000,0.000000000,0.000000000
point-0001760,3250.238817889,269.318375240,228.815974292,315.500000000,0.000000000,0.000000000
point-0001761,3252.418032579,265.686350755,228.815974292,315.500000000,0.000000000,0.000000000
point-0001762,3252.885009038,266.182074167,228.215974292,315.500000000,0.000000000,0.000000000
point-0001763,3255.064223714,269.814098628,228.215974292,315.500000000,0.000000000,0.000000000
point-0001764,3255.531200163,270.309822016,227.615974292,315.500000000,0.000000000,0.000000000
point-0001765,3257.710414825,266.677797580,227.615974292,315.500000000,0.000000000,0.000000000
point-0001766,3258.177391283,267.173520992,227.015974292,315.500000000,0.000000000,0.000000000
point-0001767,3260.356605931,270.805545404,227.015974292,315.500000000,0.000000000,0.000000000
point-0001768,3260.823582380,271.301268793,226.415974292,315.500000000,0.000000000,0.000000000
point-0001769,3263.002797013,267.669244404,226.415974292,315.500000000,0.000000000,0.000000000
point-0001770,3263.469773471,268.164967817,225.815974292,315.500000000,0.000000000,0.000000000
point-0001771,3265.648988089,271.796992181,225.815974292,315.500000000,0.000000000,0.000000000
point-0001772,3266.115964538,272.292715569,225.215974292,315.500000000,0.000000000,0.000000000
point-0001773,3268.295179142,268.660691229,225.215974292,315.500000000,0.000000000,0.000000000
point-0001774,3268.762155601,269.156414642,224.615974292,315.500000000,0.000000000,0.000000000
point-0001775,3270.941370190,272.788438957,224.615974292,315.500000000,0.000000000,0.000000000
point-0001776,3271.408346639,273.284162346,224.015974292,315.500000000,0.000000000,0.000000000
point-0001777,3273.587561214,269.652138054,224.015974292,315.500000000,0.000000000,0.000000000
point-0001778,3274.054537672,270.147861466,223.415974292,315.500000000,0.000000000,0.000000000
point-0001779,3276.233752233,273.779885734,223.415974292,315.500000000,0.000000000,0.000000000
point-0001780,3276.700728682,274.275609122,222.815974292,315.500000000,0.000000000,0.000000000
point-0001781,3278.879943228,270.643584879,222.815974292,315.500000000,0.000000000,0.000000000
point-0001782,3279.346919686,271.139308291,222.215974292,315.500000000,0.000000000,0.000000000
point-0001783,3281.526134218,274.771332510,222.215974292,315.500000000,0.000000000,0.000000000
point-0001784,3281.993110667,275.267055899,221.615974292,315.500000000,0.000000000,0.000000000
point-0001785,3284.172325184,271.635031704,221.615974292,315.500000000,0.000000000,0.000000000
point-0001786,3284.639301642,272.130755116,221.015974292,315.500000000,0.000000000,0.000000000
point-0001787,3286.818516145,275.762779287,221.015974292,315.500000000,0.000000000,0.000000000
point-0001788,3287.285492594,276.258502675,220.415974292,315.500000000,0.000000000,0.000000000
point-0001789,3289.464707082,272.626478528,220.415974292,315.500000000,0.000000000,0.000000000
point-0001790,3289.931683540,273.122201941,219.815974292,315.500000000,0.000000000,0.000000000
point-0001791,3292.110898014,276.754226063,219.815974292,315.500000000,0.000000000,0.000000000
point-0001792,3292.577874463,277.249949452,219.215974292,315.500000000,0.000000000,0.000000000
point-0001793,3294.757088922,273.617925353,219.215974292,315.500000000,0.000000000,0.000000000
point-0001794,3295.224065380,274.113648766,218.615974292,315.500000000,0.000000000,0.000000000
point-0001795,3297.403279825,277.745672840,218.615974292,315.500000000,0.000000000,0.000000000
point-0001796,3297.870256274,278.241396228,218.015974292,315.500000000,0.000000000,0.000000000
point-0001797,3300.049470704,274.609372178,218.015974292,315.500000000,0.000000000,0.000000000
point-0001798,3300.516447163,275.105095590,217.415974292,315.500000000,0.000000000,0.000000000
point-0001799,3302.695661578,278.737119616,217.415974292,315.500000000,0.000000000,0.000000000
point-0001800,3303.162638027,279.232843005,216.815974292,315.500000000,0.000000000,0.000000000
point-0001801,3305.341852429,275.600819003,216.815974292,315.500000000,0.000000000,0.000000000
point-0001802,3305.808828887,276.096542415,216.215974292,315.500000000,0.000000000,0.000000000
point-0001803,3307.988043274,279.728566393,216.215974292,315.500000000,0.000000000,0.000000000
point-0001804,3308.455019723,280.224289781,215.615974292,315.500000000,0.000000000,0.000000000
point-0001805,3310.634234095,276.592265827,215.615974292,315.500000000,0.000000000,0.000000000
point-0001806,3311.101210553,277.087989240,215.015974292,315.500000000,0.000000000,0.000000000
point-0001807,3313.280424911,280.720013170,215.015974292,315.500000000,0.000000000,0.000000000
point-0001808,3313.747401360,281.215736558,214.415974292,315.500000000,0.000000000,0.000000000
point-0001809,3315.926615703,277.583712652,214.415974292,315.500000000,0.000000000,0.000000000
point-0001810,3316.393592162,278.079436065,213.815974292,315.500000000,0.000000000,0.000000000
point-0001811,3318.572806490,281.711459946,213.815974292,315.500000000,0.000000000,0.000000000
point-0001812,3319.039782940,282.207183334,213.215974292,315.500000000,0.000000000,0.000000000
point-0001813,3321.218997254,278.575159477,213.215974292,315.500000000,0.000000000,0.000000000
point-0001814,3321.685973712,279.070882889,212.615974292,315.500000000,0.000000000,0.000000000
point-0001815,3323.865188012,282.702906723,212.615974292,315.500000000,0.000000000,0.000000000
point-0001816,3324.332164461,283.198630111,212.015974292,315.500000000,0.000000000,0.000000000
point-0001817,3326.511378746,279.566606302,212.015974292,315.500000000,0.000000000,0.000000000
point-0001818,3326.978355205,280.062329714,211.415974292,315.500000000,0.000000000,0.000000000
point-0001819,3329.157569476,283.694353499,211.415974292,315.500000000,0.000000000,0.000000000
point-0001820,3329.624545925,284.190076887,210.815974292,315.500000000,0.000000000,0.000000000
point-0001821,3331.803760181,280.558053127,210.815974292,315.500000000,0.000000000,0.000000000
point-0001822,3332.270736639,281.053776539,210.215974292,315.500000000,0.000000000,0.000000000
point-0001823,3334.449950881,284.685800276,210.215974292,315.500000000,0.000000000,0.000000000
point-0001824,3334.916927330,285.181523664,209.615974292,315.500000000,0.000000000,0.000000000
point-0001825,3337.096141558,281.549499951,209.615974292,315.500000000,0.000000000,0.000000000
point-0001826,3337.563118016,282.045223364,209.015974292,315.500000000,0.000000000,0.000000000
point-0001827,3339.742332229,285.677247052,209.015974292,315.500000000,0.000000000,0.000000000
point-0001828,3340.209308678,286.172970440,208.415974292,315.500000000,0.000000000,0.000000000
point-0001829,3342.388522877,282.540946776,208.415974292,315.500000000,0.000000000,0.000000000
point-0001830,3342.855499335,283.036670189,207.815974292,315.500000000,0.000000000,0.000000000
point-0001831,3345.034713519,286.668693829,207.815974292,315.500000000,0.000000000,0.000000000
point-0001832,3345.501689968,287.164417217,207.215974292,315.500000000,0.000000000,0.000000000
point-0001833,3347.680904138,283.532393601,207.215974292,315.500000000,0.000000000,0.000000000
point-0001834,3348.147880596,284.028117013,206.615974292,315.500000000,0.000000000,0.000000000
point-0001835,3350.327094751,287.660140605,206.615974292,315.500000000,0.000000000,0.000000000
point-0001836,3350.794071200,288.155863993,206.015974292,315.500000000,0.000000000,0.000000000
point-0001837,3352.973285340,284.523840426,206.015974292,315.500000000,0.000000000,0.000000000
point-0001838,3353.440261799,285.019563838,205.415974292,315.500000000,0.000000000,0.000000000
point-0001839,3355.619475925,288.651587382,205.415974292,315.500000000,0.000000000,0.000000000
point-0001840,3355.982778888,288.570124315,204.815974292,315.500000000,0.000000000,0.000000000
point-0001841,3357.815681127,285.515287250,204.815974292,315.500000000,0.000000000,0.000000000
point-0001842,3358.282657585,286.011010663,204.215974292,315.500000000,0.000000000,0.000000000
point-0001843,3359.382398929,287.843912902,204.215974292,315.500000000,0.000000000,0.000000000
point-0001844,3359.947604985,287.117701488,203.615974292,315.500000000,0.000000000,0.000000000
point-0001845,3360.314185433,286.506734075,203.615974292,315.500000000,0.000000000,0.000000000
point-0001846,3389.534572531,255.327096969,241.022164545,316.100000000,0.000000000,0.000000000
point-0001847,3389.823331770,255.636800925,240.653789949,316.100000000,0.000000000,0.000000000
point-0001848,3419.174554619,287.117305107,203.210265399,316.100000000,0.000000000,0.000000000
point-0001849,3421.214552478,289.719742160,205.398254685,316.100000000,0.000000000,0.000000000
point-0001850,3450.854536737,257.929530131,243.210155288,316.100000000,0.000000000,0.000000000
point-0001851,3452.894533372,255.327096969,241.022164545,316.100000000,0.000000000,0.000000000
point-0001852,3453.259409852,255.925048041,241.132950520,316.100000000,0.000000000,0.000000000
point-0001853,3455.274775346,259.283990531,241.132950520,316.100000000,0.000000000,0.000000000
point-0001854,3455.745103225,259.788438285,240.532950520,316.100000000,0.000000000,0.000000000
point-0001855,3457.939964517,256.130336130,240.532950520,316.100000000,0.000000000,0.000000000
point-0001856,3458.410292402,256.634783902,239.932950520,316.100000000,0.000000000,0.000000000
point-0001857,3460.605153684,260.292886038,239.932950520,316.100000000,0.000000000,0.000000000
point-0001858,3461.075481562,260.797333792,239.332950520,316.100000000,0.000000000,0.000000000
point-0001859,3463.270342834,257.139231673,239.332950520,316.100000000,0.000000000,0.000000000
point-0001860,3463.740670719,257.643679444,238.732950520,316.100000000,0.000000000,0.000000000
point-0001861,3465.935531979,261.301781545,238.732950520,316.100000000,0.000000000,0.000000000
point-0001862,3466.405859857,261.806229299,238.132950520,316.100000000,0.000000000,0.000000000
point-0001863,3468.600721107,258.148127216,238.132950520,316.100000000,0.000000000,0.000000000
point-0001864,3469.071048992,258.652574987,237.532950520,316.100000000,0.000000000,0.000000000
point-0001865,3471.265910231,262.310677052,237.532950520,316.100000000,0.000000000,0.000000000
point-0001866,3471.736238109,262.815124805,236.932950520,316.100000000,0.000000000,0.000000000
point-0001867,3473.931099338,259.157022758,236.932950520,316.100000000,0.000000000,0.000000000
point-0001868,3474.401427223,259.661470529,236.332950520,316.100000000,0.000000000,0.000000000
point-0001869,3476.596288440,263.319572559,236.332950520,316.100000000,0.000000000,0.000000000
point-0001870,3477.066616318,263.824020312,235.732950520,316.100000000,0.000000000,0.000000000
point-0001871,3479.261477525,260.165918301,235.732950520,316.100000000,0.000000000,0.000000000
point-0001872,3479.731805410,260.670366072,235.132950520,316.100000000,0.000000000,0.000000000
point-0001873,3481.926666607,264.328468066,235.132950520,316.100000000,0.000000000,0.000000000
point-0001874,3482.396994485,264.832915819,234.532950520,316.100000000,0.000000000,0.000000000
point-0001875,3484.591855670,261.174813843,234.532950520,316.100000000,0.000000000,0.000000000
point-0001876,3485.062183555,261.679261615,233.932950520,316.100000000,0.000000000,0.000000000
point-0001877,3487.257044730,265.337363573,233.932950520,316.100000000,0.000000000,0.000000000
point-0001878,3487.727372608,265.841811326,233.332950520,316.100000000,0.000000000,0.000000000
point-0001879,3489.922233772,262.183709386,233.332950520,316.100000000,0.000000000,0.000000000
point-0001880,3490.392561657,262.688157157,232.732950520,316.100000000,0.000000000,0.000000000
point-0001881,3492.587422811,266.346259080,232.732950520,316.100000000,0.000000000,0.000000000
point-0001882,3493.057750689,266.850706833,232.132950520,316.100000000,0.000000000,0.000000000
point-0001883,3495.252611831,263.192604929,232.132950520,316.100000000,0.000000000,0.000000000
point-0001884,3495.722939716,263.697052700,231.532950520,316.100000000,0.000000000,0.000000000
point-0001885,3497.917800848,267.355154587,231.532950520,316.100000000,0.000000000,0.000000000
point-0001886,3498.388128727,267.859602340,230.932950520,316.100000000,0.000000000,0.000000000
point-0001887,3500.582989848,264.201500471,230.932950520,316.100000000,0.000000000,0.000000000
point-0001888,3501.053317733,264.705948243,230.332950520,316.100000000,0.000000000,0.000000000
point-0001889,3503.248178843,268.364050093,230.332950520,316.100000000,0.000000000,0.000000000
point-0001890,3503.718506722,268.868497847,229.732950520,316.100000000,0.000000000,0.000000000
point-0001891,3505.913367821,265.210396014,229.732950520,316.100000000,0.000000000,0.000000000
point-0001892,3506.383695706,265.714843785,229.132950520,316.100000000,0.000000000,0.000000000
point-0001893,3508.578556795,269.372945600,229.132950520,316.100000000,0.000000000,0.000000000
point-0001894,3509.048884674,269.877393354,228.532950520,316.100000000,0.000000000,0.000000000
point-0001895,3511.243745752,266.219291556,228.532950520,316.100000000,0.000000000,0.000000000
point-0001896,3511.714073637,266.723739328,227.932950520,316.100000000,0.000000000,0.000000000
point-0001897,3513.908934705,270.381841107,227.932950520,316.100000000,0.000000000,0.000000000
point-0001898,3514.379262583,270.886288861,227.332950520,316.100000000,0.000000000,0.000000000
point-0001899,3516.574123640,267.228187099,227.332950520,316.100000000,0.000000000,0.000000000
point-0001900,3517.044451525,267.732634870,226.732950520,316.100000000,0.000000000,0.000000000
point-0001901,3519.239312571,271.390736614,226.732950520,316.100000000,0.000000000,0.000000000
point-0001902,3519.709640449,271.895184368,226.132950520,316.100000000,0.000000000,0.000000000
point-0001903,3521.904501485,268.237082642,226.132950520,316.100000000,0.000000000,0.000000000
point-0001904,3522.374829370,268.741530413,225.532950520,316.100000000,0.000000000,0.000000000
point-0001905,3524.569690395,272.399632121,225.532950520,316.100000000,0.000000000,0.000000000
point-0001906,3525.040018273,272.904079875,224.932950520,316.100000000,0.000000000,0.000000000
point-0001907,3527.234879287,269.245978184,224.932950520,316.100000000,0.000000000,0.000000000
point-0001908,3527.705207172,269.750425956,224.332950520,316.100000000,0.000000000,0.000000000
point-0001909,3529.900068175,273.408527628,224.332950520,316.100000000,0.000000000,0.000000000
point-0001910,3530.370396053,273.912975381,223.732950520,316.100000000,0.000000000,0.000000000
point-0001911,3532.565257046,270.254873727,223.732950520,316.100000000,0.000000000,0.000000000
point-0001912,3533.035584931,270.759321498,223.132950520,316.100000000,0.000000000,0.000000000
point-0001913,3535.230445913,274.417423135,223.132950520,316.100000000,0.000000000,0.000000000
point-0001914,3535.700773791,274.921870888,222.532950520,316.100000000,0.000000000,0.000000000
point-0001915,3537.895634763,271.263769270,222.532950520,316.100000000,0.000000000,0.000000000
point-0001916,3538.365962648,271.768217041,221.932950520,316.100000000,0.000000000,0.000000000
point-0001917,3540.560823608,275.426318642,221.932950520,316.100000000,0.000000000,0.000000000
point-0001918,3541.031151486,275.930766395,221.332950520,316.100000000,0.000000000,0.000000000
point-0001919,3543.226012436,272.272664812,221.332950520,316.100000000,0.000000000,0.000000000
point-0001920,3543.696340321,272.777112583,220.732950520,316.100000000,0.000000000,0.000000000
point-0001921,3545.891201260,276.435214149,220.732950520,316.100000000,0.000000000,0.000000000
point-0001922,3546.361529138,276.939661902,220.132950520,316.100000000,0.000000000,0.000000000
point-0001923,3548.556390067,273.281560355,220.132950520,316.100000000,0.000000000,0.000000000
point-0001924,3549.026717952,273.786008126,219.532950520,316.100000000,0.000000000,0.000000000
point-0001925,3551.221578870,277.444109656,219.532950520,316.100000000,0.000000000,0.000000000
point-0001926,3551.691906748,277.948557409,218.932950520,316.100000000,0.000000000,0.000000000
point-0001927,3553.886767655,274.290455897,218.932950520,316.100000000,0.000000000,0.000000000
point-0001928,3554.357095540,274.794903669,218.332950520,316.100000000,0.000000000,0.000000000
point-0001929,3556.551956436,278.453005163,218.332950520,316.100000000,0.000000000,0.000000000
point-0001930,3557.022284314,278.957452916,217.732950520,316.100000000,0.000000000,0.000000000
point-0001931,3559.217145200,275.299351440,217.732950520,316.100000000,0.000000000,0.000000000
point-0001932,3559.687473085,275.803799211,217.132950520,316.100000000,0.000000000,0.000000000
point-0001933,3561.882333960,279.461900669,217.132950520,316.100000000,0.000000000,0.000000000
point-0001934,3562.352661838,279.966348423,216.532950520,316.100000000,0.000000000,0.000000000
point-0001935,3564.547522702,276.308246983,216.532950520,316.100000000,0.000000000,0.000000000
point-0001936,3565.017850587,276.812694754,215.932950520,316.100000000,0.000000000,0.000000000
point-0001937,3567.212711441,280.470796176,215.932950520,316.100000000,0.000000000,0.000000000
point-0001938,3567.683039319,280.975243930,215.332950520,316.100000000,0.000000000,0.000000000
point-0001939,3569.877900161,277.317142525,215.332950520,316.100000000,0.000000000,0.000000000
point-0001940,3570.348228046,277.821590297,214.732950520,316.100000000,0.000000000,0.000000000
point-0001941,3572.543088878,281.479691683,214.732950520,316.100000000,0.000000000,0.000000000
point-0001942,3573.013416757,281.984139437,214.132950520,316.100000000,0.000000000,0.000000000
point-0001943,3575.208277578,278.326038068,214.132950520,316.100000000,0.000000000,0.000000000
point-0001944,3575.678605463,278.830485839,213.532950520,316.100000000,0.000000000,0.000000000
point-0001945,3577.873466273,282.488587190,213.532950520,316.100000000,0.000000000,0.000000000
point-0001946,3578.343794152,282.993034944,212.932950520,316.100000000,0.000000000,0.000000000
point-0001947,3580.538654952,279.334933610,212.932950520,316.100000000,0.000000000,0.000000000
point-0001948,3581.008982837,279.839381382,212.332950520,316.100000000,0.000000000,0.000000000
point-0001949,3583.203843626,283.497482697,212.332950520,316.100000000,0.000000000,0.000000000
point-0001950,3583.674171504,284.001930451,211.732950520,316.100000000,0.000000000,0.000000000
point-0001951,3585.869032282,280.343829153,211.732950520,316.100000000,0.000000000,0.000000000
point-0001952,3586.339360167,280.848276924,211.132950520,316.100000000,0.000000000,0.000000000
point-0001953,3588.534220935,284.506378204,211.132950520,316.100000000,0.000000000,0.000000000
point-0001954,3589.004548813,285.010825957,210.532950520,316.100000000,0.000000000,0.000000000
point-0001955,3591.199409570,281.352724696,210.532950520,316.100000000,0.000000000,0.000000000
point-0001956,3591.669737455,281.857172467,209.932950520,316.100000000,0.000000000,0.000000000
point-0001957,3593.864598202,285.515273711,209.932950520,316.100000000,0.000000000,0.000000000
point-0001958,3594.334926080,286.019721464,209.332950520,316.100000000,0.000000000,0.000000000
point-0001959,3596.529786815,282.361620238,209.332950520,316.100000000,0.000000000,0.000000000
point-0001960,3597.000114700,282.866068010,208.732950520,316.100000000,0.000000000,0.000000000
point-0001961,3599.194975425,286.524169218,208.732950520,316.100000000,0.000000000,0.000000000
point-0001962,3599.665303303,287.028616971,208.132950520,316.100000000,0.000000000,0.000000000
point-0001963,3601.860164018,283.370515781,208.132950520,316.100000000,0.000000000,0.000000000
point-0001964,3602.330491903,283.874963552,207.532950520,316.100000000,0.000000000,0.000000000
point-0001965,3604.525352606,287.533064725,207.532950520,316.100000000,0.000000000,0.000000000
point-0001966,3604.995680484,288.037512478,206.932950520,316.100000000,0.000000000,0.000000000
point-0001967,3607.190541177,284.379411324,206.932950520,316.100000000,0.000000000,0.000000000
point-0001968,3607.660869062,284.883859095,206.332950520,316.100000000,0.000000000,0.000000000
point-0001969,3609.855729744,288.541960232,206.332950520,316.100000000,0.000000000,0.000000000
point-0001970,3610.326057622,289.046407985,205.732950520,316.100000000,0.000000000,0.000000000
point-0001971,3612.520918294,285.388306866,205.732950520,316.100000000,0.000000000,0.000000000
point-0001972,3612.991246179,285.892754637,205.132950520,316.100000000,0.000000000,0.000000000
point-0001973,3614.818395357,288.938003268,205.132950520,316.100000000,0.000000000,0.000000000
point-0001974,3615.377812500,288.224351587,204.532950520,316.100000000,0.000000000,0.000000000
point-0001975,3616.474102007,286.397202409,204.532950520,316.100000000,0.000000000,0.000000000
point-0001976,3616.944429892,286.901650180,203.932950520,316.100000000,0.000000000,0.000000000
point-0001977,3617.309859728,287.510699906,203.932950520,316.100000000,0.000000000,0.000000000
point-0001978,3645.797663792,258.779542778,241.732950520,316.100000000,0.000000000,0.000000000
point-0001979,3647.082170551,256.638698180,241.732950520,316.100000000,0.000000000,0.000000000
point-0001980,3647.641586985,257.352348318,242.332950520,316.100000000,0.000000000,0.000000000
point-0001981,3648.195235009,258.275095024,242.332950520,316.100000000,0.000000000,0.000000000
point-0001982,3650.112067184,255.403515451,241.067933325,316.700000000,0.000000000,0.000000000
point-0001983,3650.400832966,255.716358781,240.702206745,316.700000000,0.000000000,0.000000000
point-0001984,3679.752124046,287.515293416,203.528579586,316.700000000,0.000000000,0.000000000
point-0001985,3681.792127445,290.098972803,205.738701606,316.700000000,0.000000000,0.000000000
point-0001986,3711.432185906,257.987190738,243.278055346,316.700000000,0.000000000,0.000000000
point-0001987,3713.472187435,255.403515451,241.067933325,316.700000000,0.000000000,0.000000000
point-0001988,3713.843541080,255.983384861,240.851561358,316.700000000,0.000000000,0.000000000
point-0001989,3716.054350101,259.668066562,240.851561358,316.700000000,0.000000000,0.000000000
point-0001990,3716.528093878,260.181316465,240.251561358,316.700000000,0.000000000,0.000000000
point-0001991,3718.738902895,256.496634771,240.251561358,316.700000000,0.000000000,0.000000000
point-0001992,3719.212646675,257.009884680,239.651561358,316.700000000,0.000000000,0.000000000
point-0001993,3721.423455687,260.694566368,239.651561358,316.700000000,0.000000000,0.000000000
point-0001994,3721.897199465,261.207816271,239.051561358,316.700000000,0.000000000,0.000000000
point-0001995,3724.108008473,257.523134590,239.051561358,316.700000000,0.000000000,0.000000000
point-0001996,3724.581752253,258.036384500,238.451561358,316.700000000,0.000000000,0.000000000
point-0001997,3726.792561257,261.721066173,238.451561358,316.700000000,0.000000000,0.000000000
point-0001998,3727.266305035,262.234316076,237.851561358,316.700000000,0.000000000,0.000000000
point-0001999,3729.477114035,258.549634409,237.851561358,316.700000000,0.000000000,0.000000000
point-0002000,3729.950857815,259.062884319,237.251561358,316.700000000,0.000000000,0.000000000
point-0002001,3732.161666811,262.747565979,237.251561358,316.700000000,0.000000000,0.000000000
point-0002002,3732.635410588,263.260815882,236.651561358,316.700000000,0.000000000,0.000000000
point-0002003,3734.846219580,259.576134229,236.651561358,316.700000000,0.000000000,0.000000000
point-0002004,3735.319963360,260.089384138,236.051561358,316.700000000,0.000000000,0.000000000
point-0002005,3737.530772347,263.774065785,236.051561358,316.700000000,0.000000000,0.000000000
point-0002006,3738.004516125,264.287315687,235.451561358,316.700000000,0.000000000,0.000000000
point-0002007,3740.215325108,260.602634048,235.451561358,316.700000000,0.000000000,0.000000000
point-0002008,3740.689068888,261.115883958,234.851561358,316.700000000,0.000000000,0.000000000
point-0002009,3742.899877868,264.800565590,234.851561358,316.700000000,0.000000000,0.000000000
point-0002010,3743.373621645,265.313815493,234.251561358,316.700000000,0.000000000,0.000000000
point-0002011,3745.584430620,261.629133867,234.251561358,316.700000000,0.000000000,0.000000000
point-0002012,3746.058174401,262.142383777,233.651561358,316.700000000,0.000000000,0.000000000
point-0002013,3748.268983372,265.827065396,233.651561358,316.700000000,0.000000000,0.000000000
point-0002014,3748.742727149,266.340315298,233.051561358,316.700000000,0.000000000,0.000000000
point-0002015,3750.953536116,262.655633687,233.051561358,316.700000000,0.000000000,0.000000000
point-0002016,3751.427279896,263.168883596,232.451561358,316.700000000,0.000000000,0.000000000
point-0002017,3753.638088859,266.853565201,232.451561358,316.700000000,0.000000000,0.000000000
point-0002018,3754.111832636,267.366815104,231.851561358,316.700000000,0.000000000,0.000000000
point-0002019,3756.322641595,263.682133506,231.851561358,316.700000000,0.000000000,0.000000000
point-0002020,3756.796385375,264.195383416,231.251561358,316.700000000,0.000000000,0.000000000
point-0002021,3759.007194330,267.880065007,231.251561358,316.700000000,0.000000000,0.000000000
point-0002022,3759.480938107,268.393314910,230.651561358,316.700000000,0.000000000,0.000000000
point-0002023,3761.691747058,264.708633325,230.651561358,316.700000000,0.000000000,0.000000000
point-0002024,3762.165490838,265.221883235,230.051561358,316.700000000,0.000000000,0.000000000
point-0002025,3764.376299784,268.906564812,230.051561358,316.700000000,0.000000000,0.000000000
point-0002026,3764.850043562,269.419814715,229.451561358,316.700000000,0.000000000,0.000000000
point-0002027,3767.060852504,265.735133145,229.451561358,316.700000000,0.000000000,0.000000000
point-0002028,3767.534596284,266.248383054,228.851561358,316.700000000,0.000000000,0.000000000
point-0002029,3769.745405222,269.933064618,228.851561358,316.700000000,0.000000000,0.000000000
point-0002030,3770.219149000,270.446314521,228.251561358,316.700000000,0.000000000,0.000000000
point-0002031,3772.429957934,266.761632964,228.251561358,316.700000000,0.000000000,0.000000000
point-0002032,3772.903701714,267.274882874,227.651561358,316.700000000,0.000000000,0.000000000
point-0002033,3775.114510644,270.959564424,227.651561358,316.700000000,0.000000000,0.000000000
point-0002034,3775.588254421,271.472814326,227.051561358,316.700000000,0.000000000,0.000000000
point-0002035,3777.799063347,267.788132783,227.051561358,316.700000000,0.000000000,0.000000000
point-0002036,3778.272807127,268.301382693,226.451561358,316.700000000,0.000000000,0.000000000
point-0002037,3780.483616049,271.986064229,226.451561358,316.700000000,0.000000000,0.000000000
point-0002038,3780.957359826,272.499314132,225.851561358,316.700000000,0.000000000,0.000000000
point-0002039,3783.168168744,268.814632603,225.851561358,316.700000000,0.000000000,0.000000000
point-0002040,3783.641912524,269.327882512,225.251561358,316.700000000,0.000000000,0.000000000
point-0002041,3785.852721437,273.012564035,225.251561358,316.700000000,0.000000000,0.000000000
point-0002042,3786.326465215,273.525813937,224.651561358,316.700000000,0.000000000,0.000000000
point-0002043,3788.537274124,269.841132422,224.651561358,316.700000000,0.000000000,0.000000000
point-0002044,3789.011017904,270.354382332,224.051561358,316.700000000,0.000000000,0.000000000
point-0002045,3791.221826809,274.039063840,224.051561358,316.700000000,0.000000000,0.000000000
point-0002046,3791.695570587,274.552313743,223.451561358,316.700000000,0.000000000,0.000000000
point-0002047,3793.906379488,270.867632241,223.451561358,316.700000000,0.000000000,0.000000000
point-0002048,3794.380123268,271.380882151,222.851561358,316.700000000,0.000000000,0.000000000
point-0002049,3796.590932165,275.065563646,222.851561358,316.700000000,0.000000000,0.000000000
point-0002050,3797.064675942,275.578813549,222.251561358,316.700000000,0.000000000,0.000000000
point-0002051,3799.275484835,271.894132061,222.251561358,316.700000000,0.000000000,0.000000000
point-0002052,3799.749228615,272.407381970,221.651561358,316.700000000,0.000000000,0.000000000
point-0002053,3801.960037504,276.092063451,221.651561358,316.700000000,0.000000000,0.000000000
point-0002054,3802.433781281,276.605313354,221.051561358,316.700000000,0.000000000,0.000000000
point-0002055,3804.644590166,272.920631880,221.051561358,316.700000000,0.000000000,0.000000000
point-0002056,3805.118333946,273.433881790,220.451561358,316.700000000,0.000000000,0.000000000
point-0002057,3807.329142826,277.118563257,220.451561358,316.700000000,0.000000000,0.000000000
point-0002058,3807.802886603,277.631813160,219.851561358,316.700000000,0.000000000,0.000000000
point-0002059,3810.013695480,273.947131699,219.851561358,316.700000000,0.000000000,0.000000000
point-0002060,3810.487439260,274.460381609,219.251561358,316.700000000,0.000000000,0.000000000
point-0002061,3812.698248132,278.145063063,219.251561358,316.700000000,0.000000000,0.000000000
point-0002062,3813.171991909,278.658312965,218.651561358,316.700000000,0.000000000,0.000000000
point-0002063,3815.382800778,274.973631518,218.651561358,316.700000000,0.000000000,0.000000000
point-0002064,3815.856544558,275.486881428,218.051561358,316.700000000,0.000000000,0.000000000
point-0002065,3818.067353422,279.171562868,218.051561358,316.700000000,0.000000000,0.000000000
point-0002066,3818.541097199,279.684812771,217.451561358,316.700000000,0.000000000,0.000000000
point-0002067,3820.751906059,276.000131338,217.451561358,316.700000000,0.000000000,0.000000000
point-0002068,3821.225649839,276.513381247,216.851561358,316.700000000,0.000000000,0.000000000
point-0002069,3823.436458695,280.198062674,216.851561358,316.700000000,0.000000000,0.000000000
point-0002070,3823.910202472,280.711312577,216.251561358,316.700000000,0.000000000,0.000000000
point-0002071,3826.121011324,277.026631157,216.251561358,316.700000000,0.000000000,0.000000000
point-0002072,3826.594755104,277.539881067,215.651561358,316.700000000,0.000000000,0.000000000
point-0002073,3828.805563951,281.224562479,215.651561358,316.700000000,0.000000000,0.000000000
point-0002074,3829.279307729,281.737812382,215.051561358,316.700000000,0.000000000,0.000000000
point-0002075,3831.490116572,278.053130976,215.051561358,316.700000000,0.000000000,0.000000000
point-0002076,3831.963860352,278.566380886,214.451561358,316.700000000,0.000000000,0.000000000
point-0002077,3834.174669191,282.251062285,214.451561358,316.700000000,0.000000000,0.000000000
point-0002078,3834.648412969,282.764312188,213.851561358,316.700000000,0.000000000,0.000000000
point-0002079,3836.859221804,279.079630796,213.851561358,316.700000000,0.000000000,0.000000000
point-0002080,3837.332965584,279.592880705,213.251561358,316.700000000,0.000000000,0.000000000
point-0002081,3839.543774415,283.277562090,213.251561358,316.700000000,0.000000000,0.000000000
point-0002082,3840.017518192,283.790811993,212.651561358,316.700000000,0.000000000,0.000000000
point-0002083,3842.228327019,280.106130615,212.651561358,316.700000000,0.000000000,0.000000000
point-0002084,3842.702070799,280.619380525,212.051561358,316.700000000,0.000000000,0.000000000
point-0002085,3844.912879622,284.304061896,212.051561358,316.700000000,0.000000000,0.000000000
point-0002086,3845.386623399,284.817311799,211.451561358,316.700000000,0.000000000,0.000000000
point-0002087,3847.597432218,281.132630434,211.451561358,316.700000000,0.000000000,0.000000000
point-0002088,3848.071175998,281.645880344,210.851561358,316.700000000,0.000000000,0.000000000
point-0002089,3850.281984812,285.330561702,210.851561358,316.700000000,0.000000000,0.000000000
point-0002090,3850.755728590,285.843811604,210.251561358,316.700000000,0.000000000,0.000000000
point-0002091,3852.966537400,282.159130254,210.251561358,316.700000000,0.000000000,0.000000000
point-0002092,3853.440281180,282.672380163,209.651561358,316.700000000,0.000000000,0.000000000
point-0002093,3855.651089986,286.357061507,209.651561358,316.700000000,0.000000000,0.000000000
point-0002094,3856.124833764,286.870311410,209.051561358,316.700000000,0.000000000,0.000000000
point-0002095,3858.335642566,283.185630073,209.051561358,316.700000000,0.000000000,0.000000000
point-0002096,3858.809386346,283.698879983,208.451561358,316.700000000,0.000000000,0.000000000
point-0002097,3861.020195144,287.383561313,208.451561358,316.700000000,0.000000000,0.000000000
point-0002098,3861.493938921,287.896811216,207.851561358,316.700000000,0.000000000,0.000000000
point-0002099,3863.704747715,284.212129892,207.851561358,316.700000000,0.000000000,0.000000000
point-0002100,3864.178491495,284.725379802,207.251561358,316.700000000,0.000000000,0.000000000
point-0002101,3866.389300285,288.410061118,207.251561358,316.700000000,0.000000000,0.000000000
point-0002102,3866.863044062,288.923311021,206.651561358,316.700000000,0.000000000,0.000000000
point-0002103,3869.073852848,285.238629712,206.651561358,316.700000000,0.000000000,0.000000000
point-0002104,3869.547596628,285.751879621,206.051561358,316.700000000,0.000000000,0.000000000
point-0002105,3871.758405410,289.436560924,206.051561358,316.700000000,0.000000000,0.000000000
point-0002106,3872.127375785,289.301786031,205.451561358,316.700000000,0.000000000,0.000000000
point-0002107,3873.949369685,286.265129531,205.451561358,316.700000000,0.000000000,0.000000000
point-0002108,3874.423113465,286.778379441,204.851561358,316.700000000,0.000000000,0.000000000
point-0002109,3875.516309805,288.600373341,204.851561358,316.700000000,0.000000000,0.000000000
point-0002110,3876.070126304,287.898960650,204.251561358,316.700000000,0.000000000,0.000000000
point-0002111,3876.434525084,287.291629350,204.251561358,316.700000000,0.000000000,0.000000000
point-0002112,3904.420008504,259.154816659,241.451561358,316.700000000,0.000000000,0.000000000
point-0002113,3906.124800089,256.313497350,241.451561358,316.700000000,0.000000000,0.000000000
point-0002114,3906.678616080,257.014908927,242.051561358,316.700000000,0.000000000,0.000000000
point-0002115,3907.654610778,258.641566757,242.051561358,316.700000000,0.000000000,0.000000000
point-0002116,3908.128354556,258.128316854,242.651561358,316.700000000,0.000000000,0.000000000
point-0002117,3908.375552365,257.716320504,242.651561358,316.700000000,0.000000000,0.000000000
point-0002118,3910.043617761,255.479097000,241.114083877,317.300000000,0.000000000,0.000000000
point-0002119,3910.332391547,255.795040902,240.751014779,317.300000000,0.000000000,0.000000000
point-0002120,3939.683746199,287.908255961,203.848405319,317.300000000,0.000000000,0.000000000
point-0002121,3941.723754754,290.473099728,206.080371585,317.300000000,0.000000000,0.000000000
point-0002122,3971.075109802,258.359884235,242.982981543,317.300000000,0.000000000,0.000000000
point-0002123,3971.363883893,258.043936613,243.346048081,317.300000000,0.000000000,0.000000000
point-0002124,3973.403889757,255.479097000,241.114083877,317.300000000,0.000000000,0.000000000
point-0002125,3973.719675147,256.002248141,241.171651488,317.300000000,0.000000000,0.000000000
point-0002126,3975.841393045,259.538444638,241.171651488,317.300000000,0.000000000,0.000000000
point-0002127,3976.318617097,260.060573813,240.571651488,317.300000000,0.000000000,0.000000000
point-0002128,3978.545674010,256.348812290,240.571651488,317.300000000,0.000000000,0.000000000
point-0002129,3979.022898062,256.870941465,239.971651488,317.300000000,0.000000000,0.000000000
point-0002130,3981.249954976,260.582702988,239.971651488,317.300000000,0.000000000,0.000000000
point-0002131,3981.727179027,261.104832163,239.371651488,317.300000000,0.000000000,0.000000000
point-0002132,3983.954235941,257.393070640,239.371651488,317.300000000,0.000000000,0.000000000
point-0002133,3984.431459992,257.915199815,238.771651488,317.300000000,0.000000000,0.000000000
point-0002134,3986.658516906,261.626961339,238.771651488,317.300000000,0.000000000,0.000000000
point-0002135,3987.135740957,262.149090514,238.171651488,317.300000000,0.000000000,0.000000000
point-0002136,3989.362797871,258.437328990,238.171651488,317.300000000,0.000000000,0.000000000
point-0002137,3989.840021923,258.959458166,237.571651488,317.300000000,0.000000000,0.000000000
point-0002138,3992.067078836,262.671219689,237.571651488,317.300000000,0.000000000,0.000000000
point-0002139,3992.544302888,263.193348864,236.971651488,317.300000000,0.000000000,0.000000000
point-0002140,3994.771359802,259.481587341,236.971651488,317.300000000,0.000000000,0.000000000
point-0002141,3995.248583853,260.003716516,236.371651488,317.300000000,0.000000000,0.000000000
point-0002142,3997.475640767,263.715478039,236.371651488,317.300000000,0.000000000,0.000000000
point-0002143,3997.952864818,264.237607214,235.771651488,317.300000000,0.000000000,0.000000000
point-0002144,4000.179921732,260.525845691,235.771651488,317.300000000,0.000000000,0.000000000
point-0002145,4000.657145783,261.047974866,235.171651488,317.300000000,0.000000000,0.000000000
point-0002146,4002.884202697,264.759736389,235.171651488,317.300000000,0.000000000,0.000000000
point-0002147,4003.361426749,265.281865564,234.571651488,317.300000000,0.000000000,0.000000000
point-0002148,4005.588483663,261.570104041,234.571651488,317.300000000,0.000000000,0.000000000
point-0002149,4006.065707714,262.092233216,233.971651488,317.300000000,0.000000000,0.000000000
point-0002150,4008.292764628,265.803994739,233.971651488,317.300000000,0.000000000,0.000000000
point-0002151,4008.769988679,266.326123914,233.371651488,317.300000000,0.000000000,0.000000000
point-0002152,4010.997045593,262.614362391,233.371651488,317.300000000,0.000000000,0.000000000
point-0002153,4011.474269644,263.136491566,232.771651488,317.300000000,0.000000000,0.000000000
point-0002154,4013.701326558,266.848253089,232.771651488,317.300000000,0.000000000,0.000000000
point-0002155,4014.178550610,267.370382264,232.171651488,317.300000000,0.000000000,0.000000000
point-0002156,4016.405607523,263.658620741,232.171651488,317.300000000,0.000000000,0.000000000
point-0002157,4016.882831575,264.180749916,231.571651488,317.300000000,0.000000000,0.000000000
point-0002158,4019.109888489,267.892511439,231.571651488,317.300000000,0.000000000,0.000000000
point-0002159,4019.587112540,268.414640615,230.971651488,317.300000000,0.000000000,0.000000000
point-0002160,4021.814169454,264.702879091,230.971651488,317.300000000,0.000000000,0.000000000
point-0002161,4022.291393505,265.225008266,230.371651488,317.300000000,0.000000000,0.000000000
point-0002162,4024.518450419,268.936769790,230.371651488,317.300000000,0.000000000,0.000000000
point-0002163,4024.995674470,269.458898965,229.771651488,317.300000000,0.000000000,0.000000000
point-0002164,4027.222731384,265.747137442,229.771651488,317.300000000,0.000000000,0.000000000
point-0002165,4027.699955436,266.269266617,229.171651488,317.300000000,0.000000000,0.000000000
point-0002166,4029.927012350,269.981028140,229.171651488,317.300000000,0.000000000,0.000000000
point-0002167,4030.404236401,270.503157315,228.571651488,317.300000000,0.000000000,0.000000000
point-0002168,4032.631293315,266.791395792,228.571651488,317.300000000,0.000000000,0.000000000
point-0002169,4033.108517366,267.313524967,227.971651488,317.300000000,0.000000000,0.000000000
point-0002170,4035.335574280,271.025286490,227.971651488,317.300000000,0.000000000,0.000000000
point-0002171,4035.812798331,271.547415665,227.371651488,317.300000000,0.000000000,0.000000000
point-0002172,4038.039855245,267.835654142,227.371651488,317.300000000,0.000000000,0.000000000
point-0002173,4038.517079297,268.357783317,226.771651488,317.300000000,0.000000000,0.000000000
point-0002174,4040.744136210,272.069544840,226.771651488,317.300000000,0.000000000,0.000000000
point-0002175,4041.221360262,272.591674015,226.171651488,317.300000000,0.000000000,0.000000000
point-0002176,4043.448417176,268.879912492,226.171651488,317.300000000,0.000000000,0.000000000
point-0002177,4043.925641227,269.402041667,225.571651488,317.300000000,0.000000000,0.000000000
point-0002178,4046.152698141,273.113803190,225.571651488,317.300000000,0.000000000,0.000000000
point-0002179,4046.629922192,273.635932365,224.971651488,317.300000000,0.000000000,0.000000000
point-0002180,4048.856979106,269.924170842,224.971651488,317.300000000,0.000000000,0.000000000
point-0002181,4049.334203157,270.446300017,224.371651488,317.300000000,0.000000000,0.000000000
point-0002182,4051.561260071,274.158061540,224.371651488,317.300000000,0.000000000,0.000000000
point-0002183,4052.038484123,274.680190716,223.771651488,317.300000000,0.000000000,0.000000000
point-0002184,4054.265541037,270.968429192,223.771651488,317.300000000,0.000000000,0.000000000
point-0002185,4054.742765088,271.490558367,223.171651488,317.300000000,0.000000000,0.000000000
point-0002186,4056.969822002,275.202319891,223.171651488,317.300000000,0.000000000,0.000000000
point-0002187,4057.447046053,275.724449066,222.571651488,317.300000000,0.000000000,0.000000000
point-0002188,4059.674102967,272.012687543,222.571651488,317.300000000,0.000000000,0.000000000
point-0002189,4060.151327018,272.534816718,221.971651488,317.300000000,0.000000000,0.000000000
point-0002190,4062.378383932,276.246578241,221.971651488,317.300000000,0.000000000,0.000000000
point-0002191,4062.855607984,276.768707416,221.371651488,317.300000000,0.000000000,0.000000000
point-0002192,4065.082664897,273.056945893,221.371651488,317.300000000,0.000000000,0.000000000
point-0002193,4065.559888949,273.579075068,220.771651488,317.300000000,0.000000000,0.000000000
point-0002194,4067.786945863,277.290836591,220.771651488,317.300000000,0.000000000,0.000000000
point-0002195,4068.264169914,277.812965766,220.171651488,317.300000000,0.000000000,0.000000000
point-0002196,4070.491226828,274.101204243,220.171651488,317.300000000,0.000000000,0.000000000
point-0002197,4070.968450879,274.623333418,219.571651488,317.300000000,0.000000000,0.000000000
point-0002198,4073.195507793,278.335094941,219.571651488,317.300000000,0.000000000,0.000000000
point-0002199,4073.672731844,278.857224116,218.971651488,317.300000000,0.000000000,0.000000000
point-0002200,4075.899788758,275.145462593,218.971651488,317.300000000,0.000000000,0.000000000
point-0002201,4076.377012810,275.667591768,218.371651488,317.300000000,0.000000000,0.000000000
point-0002202,4078.604069724,279.379353291,218.371651488,317.300000000,0.000000000,0.000000000
point-0002203,4079.081293775,279.901482466,217.771651488,317.300000000,0.000000000,0.000000000
point-0002204,4081.308350689,276.189720943,217.771651488,317.300000000,0.000000000,0.000000000
point-0002205,4081.785574740,276.711850118,217.171651488,317.300000000,0.000000000,0.000000000
point-0002206,4084.012631654,280.423611641,217.171651488,317.300000000,0.000000000,0.000000000
point-0002207,4084.489855705,280.945740816,216.571651488,317.300000000,0.000000000,0.000000000
point-0002208,4086.716912619,277.233979293,216.571651488,317.300000000,0.000000000,0.000000000
point-0002209,4087.194136671,277.756108468,215.971651488,317.300000000,0.000000000,0.000000000
point-0002210,4089.421193584,281.467869992,215.971651488,317.300000000,0.000000000,0.000000000
point-0002211,4089.898417636,281.989999167,215.371651488,317.300000000,0.000000000,0.000000000
point-0002212,4092.125474550,278.278237643,215.371651488,317.300000000,0.000000000,0.000000000
point-0002213,4092.602698601,278.800366819,214.771651488,317.300000000,0.000000000,0.000000000
point-0002214,4094.829755515,282.512128342,214.771651488,317.300000000,0.000000000,0.000000000
point-0002215,4095.306979566,283.034257517,214.171651488,317.300000000,0.000000000,0.000000000
point-0002216,4097.534036480,279.322495994,214.171651488,317.300000000,0.000000000,0.000000000
point-0002217,4098.011260531,279.844625169,213.571651488,317.300000000,0.000000000,0.000000000
point-0002218,4100.238317445,283.556386692,213.571651488,317.300000000,0.000000000,0.000000000
point-0002219,4100.715541497,284.078515867,212.971651488,317.300000000,0.000000000,0.000000000
point-0002220,4102.942598411,280.366754344,212.971651488,317.300000000,0.000000000,0.000000000
point-0002221,4103.419822462,280.888883519,212.371651488,317.300000000,0.000000000,0.000000000
point-0002222,4105.646879376,284.600645042,212.371651488,317.300000000,0.000000000,0.000000000
point-0002223,4106.124103427,285.122774217,211.771651488,317.300000000,0.000000000,0.000000000
point-0002224,4108.351160341,281.411012694,211.771651488,317.300000000,0.000000000,0.000000000
point-0002225,4108.828384392,281.933141869,211.171651488,317.300000000,0.000000000,0.000000000
point-0002226,4111.055441306,285.644903392,211.171651488,317.300000000,0.000000000,0.000000000
point-0002227,4111.532665358,286.167032567,210.571651488,317.300000000,0.000000000,0.000000000
point-0002228,4113.759722271,282.455271044,210.571651488,317.300000000,0.000000000,0.000000000
point-0002229,4114.236946323,282.977400219,209.971651488,317.300000000,0.000000000,0.000000000
point-0002230,4116.464003237,286.689161742,209.971651488,317.300000000,0.000000000,0.000000000
point-0002231,4116.941227288,287.211290917,209.371651488,317.300000000,0.000000000,0.000000000
point-0002232,4119.168284202,283.499529394,209.371651488,317.300000000,0.000000000,0.000000000
point-0002233,4119.645508253,284.021658569,208.771651488,317.300000000,0.000000000,0.000000000
point-0002234,4121.872565167,287.733420092,208.771651488,317.300000000,0.000000000,0.000000000
point-0002235,4122.349789218,288.255549268,208.171651488,317.300000000,0.000000000,0.000000000
point-0002236,4124.576846132,284.543787744,208.171651488,317.300000000,0.000000000,0.000000000
point-0002237,4125.054070184,285.065916919,207.571651488,317.300000000,0.000000000,0.000000000
point-0002238,4127.281127098,288.777678443,207.571651488,317.300000000,0.000000000,0.000000000
point-0002239,4127.758351149,289.299807618,206.971651488,317.300000000,0.000000000,0.000000000
point-0002240,4129.985408063,285.588046095,206.971651488,317.300000000,0.000000000,0.000000000
point-0002241,4130.462632114,286.110175270,206.371651488,317.300000000,0.000000000,0.000000000
point-0002242,4132.689689028,289.821936793,206.371651488,317.300000000,0.000000000,0.000000000
point-0002243,4133.062361836,289.661338761,205.771651488,317.300000000,0.000000000,0.000000000
point-0002244,4134.879782426,286.632304445,205.771651488,317.300000000,0.000000000,0.000000000
point-0002245,4135.357006477,287.154433620,205.171651488,317.300000000,0.000000000,0.000000000
point-0002246,4136.447458831,288.971854209,205.171651488,317.300000000,0.000000000,0.000000000
point-0002247,4136.995856516,288.282369658,204.571651488,317.300000000,0.000000000,0.000000000
point-0002248,4137.359340634,287.676562795,204.571651488,317.300000000,0.000000000,0.000000000
point-0002249,4165.535392872,259.016315463,241.771651488,317.300000000,0.000000000,0.000000000
point-0002250,4166.930142823,256.691732213,241.771651488,317.300000000,0.000000000,0.000000000
point-0002251,4167.478540291,257.381216285,242.371651488,317.300000000,0.000000000,0.000000000
point-0002252,4168.146322292,258.494186288,242.371651488,317.300000000,0.000000000,0.000000000
point-0002253,4170.087990030,255.553818710,241.160591959,317.900000000,0.000000000,0.000000000
point-0002254,4170.376773262,255.872823720,240.800188465,317.900000000,0.000000000,0.000000000
point-0002255,4199.728173911,288.296082280,204.169586897,317.900000000,0.000000000,0.000000000
point-0002256,4201.768186189,290.842021325,206.423102711,317.900000000,0.000000000,0.000000000
point-0002257,4231.119586524,258.418763112,243.053703887,317.900000000,0.000000000,0.000000000
point-0002258,4231.408369513,258.099753736,243.414102978,317.900000000,0.000000000,0.000000000
point-0002259,4233.448378078,255.553818710,241.160591959,317.900000000,0.000000000,0.000000000
point-0002260,4233.863157772,256.191254718,240.893065659,317.900000000,0.000000000,0.000000000
point-0002261,4236.106760632,259.930592817,240.893065659,317.900000000,0.000000000,0.000000000
point-0002262,4236.587529160,260.461677602,240.293065659,317.900000000,0.000000000,0.000000000
point-0002263,4238.831132019,256.722339503,240.293065659,317.900000000,0.000000000,0.000000000
point-0002264,4239.311900547,257.253424287,239.693065659,317.900000000,0.000000000,0.000000000
point-0002265,4241.555503406,260.992762386,239.693065659,317.900000000,0.000000000,0.000000000
point-0002266,4242.036271934,261.523847171,239.093065659,317.900000000,0.000000000,0.000000000
point-0002267,4244.279874794,257.784509072,239.093065659,317.900000000,0.000000000,0.000000000
point-0002268,4244.760643321,258.315593856,238.493065659,317.900000000,0.000000000,0.000000000
point-0002269,4247.004246181,262.054931955,238.493065659,317.900000000,0.000000000,0.000000000
point-0002270,4247.485014709,262.586016739,237.893065659,317.900000000,0.000000000,0.000000000
point-0002271,4249.728617568,258.846678640,237.893065659,317.900000000,0.000000000,0.000000000
point-0002272,4250.209386096,259.377763425,237.293065659,317.900000000,0.000000000,0.000000000
point-0002273,4252.452988955,263.117101524,237.293065659,317.900000000,0.000000000,0.000000000
point-0002274,4252.933757483,263.648186308,236.693065659,317.900000000,0.000000000,0.000000000
point-0002275,4255.177360343,259.908848209,236.693065659,317.900000000,0.000000000,0.000000000
point-0002276,4255.658128870,260.439932994,236.093065659,317.900000000,0.000000000,0.000000000
point-0002277,4257.901731730,264.179271093,236.093065659,317.900000000,0.000000000,0.000000000
point-0002278,4258.382500258,264.710355877,235.493065659,317.900000000,0.000000000,0.000000000
point-0002279,4260.626103117,260.971017778,235.493065659,317.900000000,0.000000000,0.000000000
point-0002280,4261.106871645,261.502102562,234.893065659,317.900000000,0.000000000,0.000000000
point-0002281,4263.350474504,265.241440661,234.893065659,317.900000000,0.000000000,0.000000000
point-0002282,4263.831243032,265.772525446,234.293065659,317.900000000,0.000000000,0.000000000
point-0002283,4266.074845892,262.033187347,234.293065659,317.900000000,0.000000000,0.000000000
point-0002284,4266.555614420,262.564272131,233.693065659,317.900000000,0.000000000,0.000000000
point-0002285,4268.799217279,266.303610230,233.693065659,317.900000000,0.000000000,0.000000000
point-0002286,4269.279985807,266.834695015,233.093065659,317.900000000,0.000000000,0.000000000
point-0002287,4271.523588666,263.095356916,233.093065659,317.900000000,0.000000000,0.000000000
point-0002288,4272.004357194,263.626441700,232.493065659,317.900000000,0.000000000,0.000000000
point-0002289,4274.247960054,267.365779799,232.493065659,317.900000000,0.000000000,0.000000000
point-0002290,4274.728728581,267.896864583,231.893065659,317.900000000,0.000000000,0.000000000
point-0002291,4276.972331441,264.157526484,231.893065659,317.900000000,0.000000000,0.000000000
point-0002292,4277.453099969,264.688611269,231.293065659,317.900000000,0.000000000,0.000000000
point-0002293,4279.696702828,268.427949368,231.293065659,317.900000000,0.000000000,0.000000000
point-0002294,4280.177471356,268.959034152,230.693065659,317.900000000,0.000000000,0.000000000
point-0002295,4282.421074215,265.219696053,230.693065659,317.900000000,0.000000000,0.000000000
point-0002296,4282.901842743,265.750780838,230.093065659,317.900000000,0.000000000,0.000000000
point-0002297,4285.145445603,269.490118937,230.093065659,317.900000000,0.000000000,0.000000000
point-0002298,4285.626214131,270.021203721,229.493065659,317.900000000,0.000000000,0.000000000
point-0002299,4287.869816990,266.281865622,229.493065659,317.900000000,0.000000000,0.000000000
point-0002300,4288.350585518,266.812950406,228.893065659,317.900000000,0.000000000,0.000000000
point-0002301,4290.594188377,270.552288505,228.893065659,317.900000000,0.000000000,0.000000000
point-0002302,4291.074956905,271.083373290,228.293065659,317.900000000,0.000000000,0.000000000
point-0002303,4293.318559764,267.344035191,228.293065659,317.900000000,0.000000000,0.000000000
point-0002304,4293.799328292,267.875119975,227.693065659,317.900000000,0.000000000,0.000000000
point-0002305,4296.042931152,271.614458074,227.693065659,317.900000000,0.000000000,0.000000000
point-0002306,4296.523699680,272.145542859,227.093065659,317.900000000,0.000000000,0.000000000
point-0002307,4298.767302539,268.406204760,227.093065659,317.900000000,0.000000000,0.000000000
point-0002308,4299.248071067,268.937289544,226.493065659,317.900000000,0.000000000,0.000000000
point-0002309,4301.491673926,272.676627643,226.493065659,317.900000000,0.000000000,0.000000000
point-0002310,4301.972442454,273.207712427,225.893065659,317.900000000,0.000000000,0.000000000
point-0002311,4304.216045314,269.468374328,225.893065659,317.900000000,0.000000000,0.000000000
point-0002312,4304.696813841,269.999459113,225.293065659,317.900000000,0.000000000,0.000000000
point-0002313,4306.940416701,273.738797212,225.293065659,317.900000000,0.000000000,0.000000000
point-0002314,4307.421185229,274.269881996,224.693065659,317.900000000,0.000000000,0.000000000
point-0002315,4309.664788088,270.530543897,224.693065659,317.900000000,0.000000000,0.000000000
point-0002316,4310.145556616,271.061628682,224.093065659,317.900000000,0.000000000,0.000000000
point-0002317,4312.389159475,274.800966781,224.093065659,317.900000000,0.000000000,0.000000000
point-0002318,4312.869928003,275.332051565,223.493065659,317.900000000,0.000000000,0.000000000
point-0002319,4315.113530863,271.592713466,223.493065659,317.900000000,0.000000000,0.000000000
point-0002320,4315.594299391,272.123798250,222.893065659,317.900000000,0.000000000,0.000000000
point-0002321,4317.837902250,275.863136349,222.893065659,317.900000000,0.000000000,0.000000000
point-0002322,4318.318670778,276.394221134,222.293065659,317.900000000,0.000000000,0.000000000
point-0002323,4320.562273637,272.654883035,222.293065659,317.900000000,0.000000000,0.000000000
point-0002324,4321.043042165,273.185967819,221.693065659,317.900000000,0.000000000,0.000000000
point-0002325,4323.286645025,276.925305918,221.693065659,317.900000000,0.000000000,0.000000000
point-0002326,4323.767413552,277.456390703,221.093065659,317.900000000,0.000000000,0.000000000
point-0002327,4326.011016412,273.717052604,221.093065659,317.900000000,0.000000000,0.000000000
point-0002328,4326.491784940,274.248137388,220.493065659,317.900000000,0.000000000,0.000000000
point-0002329,4328.735387799,277.987475487,220.493065659,317.900000000,0.000000000,0.000000000
point-0002330,4329.216156327,278.518560271,219.893065659,317.900000000,0.000000000,0.000000000
point-0002331,4331.459759186,274.779222172,219.893065659,317.900000000,0.000000000,0.000000000
point-0002332,4331.940527714,275.310306957,219.293065659,317.900000000,0.000000000,0.000000000
point-0002333,4334.184130574,279.049645056,219.293065659,317.900000000,0.000000000,0.000000000
point-0002334,4334.664899101,279.580729840,218.693065659,317.900000000,0.000000000,0.000000000
point-0002335,4336.908501961,275.841391741,218.693065659,317.900000000,0.000000000,0.000000000
point-0002336,4337.389270489,276.372476526,218.093065659,317.900000000,0.000000000,0.000000000
point-0002337,4339.632873348,280.111814625,218.093065659,317.900000000,0.000000000,0.000000000
point-0002338,4340.113641876,280.642899409,217.493065659,317.900000000,0.000000000,0.000000000
point-0002339,4342.357244735,276.903561310,217.493065659,317.900000000,0.000000000,0.000000000
point-0002340,4342.838013263,277.434646094,216.893065659,317.900000000,0.000000000,0.000000000
point-0002341,4345.081616123,281.173984193,216.893065659,317.900000000,0.000000000,0.000000000
point-0002342,4345.562384651,281.705068978,216.293065659,317.900000000,0.000000000,0.000000000
point-0002343,4347.805987510,277.965730879,216.293065659,317.900000000,0.000000000,0.000000000
point-0002344,4348.286756038,278.496815663,215.693065659,317.900000000,0.000000000,0.000000000
point-0002345,4350.530358897,282.236153762,215.693065659,317.900000000,0.000000000,0.000000000
point-0002346,4351.011127425,282.767238547,215.093065659,317.900000000,0.000000000,0.000000000
point-0002347,4353.254730285,279.027900448,215.093065659,317.900000000,0.000000000,0.000000000
point-0002348,4353.735498812,279.558985232,214.493065659,317.900000000,0.000000000,0.000000000
point-0002349,4355.979101672,283.298323331,214.493065659,317.900000000,0.000000000,0.000000000
point-0002350,4356.459870200,283.829408115,213.893065659,317.900000000,0.000000000,0.000000000
point-0002351,4358.703473059,280.090070016,213.893065659,317.900000000,0.000000000,0.000000000
point-0002352,4359.184241587,280.621154801,213.293065659,317.900000000,0.000000000,0.000000000
point-0002353,4361.427844446,284.360492900,213.293065659,317.900000000,0.000000000,0.000000000
point-0002354,4361.908612974,284.891577684,212.693065659,317.900000000,0.000000000,0.000000000
point-0002355,4364.152215834,281.152239585,212.693065659,317.900000000,0.000000000,0.000000000
point-0002356,4364.632984361,281.683324370,212.093065659,317.900000000,0.000000000,0.000000000
point-0002357,4366.876587221,285.422662469,212.093065659,317.900000000,0.000000000,0.000000000
point-0002358,4367.357355749,285.953747253,211.493065659,317.900000000,0.000000000,0.000000000
point-0002359,4369.600958608,282.214409154,211.493065659,317.900000000,0.000000000,0.000000000
point-0002360,4370.081727136,282.745493938,210.893065659,317.900000000,0.000000000,0.000000000
point-0002361,4372.325329995,286.484832037,210.893065659,317.900000000,0.000000000,0.000000000
point-0002362,4372.806098523,287.015916822,210.293065659,317.900000000,0.000000000,0.000000000
point-0002363,4375.049701383,283.276578723,210.293065659,317.900000000,0.000000000,0.000000000
point-0002364,4375.530469911,283.807663507,209.693065659,317.900000000,0.000000000,0.000000000
point-0002365,4377.774072770,287.547001606,209.693065659,317.900000000,0.000000000,0.000000000
point-0002366,4378.254841298,288.078086391,209.093065659,317.900000000,0.000000000,0.000000000
point-0002367,4380.498444157,284.338748291,209.093065659,317.900000000,0.000000000,0.000000000
point-0002368,4380.979212685,284.869833076,208.493065659,317.900000000,0.000000000,0.000000000
point-0002369,4383.222815545,288.609171175,208.493065659,317.900000000,0.000000000,0.000000000
point-0002370,4383.703584072,289.140255959,207.893065659,317.900000000,0.000000000,0.000000000
point-0002371,4385.947186932,285.400917860,207.893065659,317.900000000,0.000000000,0.000000000
point-0002372,4386.427955460,285.932002645,207.293065659,317.900000000,0.000000000,0.000000000
point-0002373,4388.671558319,289.671340744,207.293065659,317.900000000,0.000000000,0.000000000
point-0002374,4389.152326847,290.202425528,206.693065659,317.900000000,0.000000000,0.000000000
point-0002375,4391.395929706,286.463087429,206.693065659,317.900000000,0.000000000,0.000000000
point-0002376,4391.876698234,286.994172213,206.093065659,317.900000000,0.000000000,0.000000000
point-0002377,4393.690112214,290.016528846,206.093065659,317.900000000,0.000000000,0.000000000
point-0002378,4394.233266763,289.338670977,205.493065659,317.900000000,0.000000000,0.000000000
point-0002379,4395.321315151,287.525256998,205.493065659,317.900000000,0.000000000,0.000000000
point-0002380,4395.802083679,288.056341782,204.893065659,317.900000000,0.000000000,0.000000000
point-0002381,4396.164766474,288.660813109,204.893065659,317.900000000,0.000000000,0.000000000
point-0002382,4424.280282314,259.399508033,241.493065659,317.900000000,0.000000000,0.000000000
point-0002383,4426.090748511,256.382064370,241.493065659,317.900000000,0.000000000,0.000000000
point-0002384,4426.633903228,257.059922611,242.093065659,317.900000000,0.000000000,0.000000000
point-0002385,4427.719003610,258.868423249,242.093065659,317.900000000,0.000000000,0.000000000
point-0002386,4428.199772138,258.337338464,242.693065659,317.900000000,0.000000000,0.000000000
point-0002387,4428.559506705,257.737780853,242.693065659,317.900000000,0.000000000,0.000000000
point-0002388,4430.149192177,255.627658562,241.207432509,318.500000000,0.000000000,0.000000000
point-0002389,4430.437986202,255.949684480,240.849701466,318.500000000,0.000000000,0.000000000
point-0002390,4459.789402876,288.678666868,204.491965124,318.500000000,0.000000000,0.000000000
point-0002391,4461.829416434,291.205641150,206.766729867,318.500000000,0.000000000,0.000000000
point-0002392,4491.180831871,258.476660142,243.124464675,318.500000000,0.000000000,0.000000000
point-0002393,4491.469624941,258.154629164,243.482189022,318.500000000,0.000000000,0.000000000
point-0002394,4493.509633555,255.627658562,241.207432509,318.500000000,0.000000000,0.000000000
point-0002395,4493.784192637,256.085183329,241.215645164,318.500000000,0.000000000,0.000000000
point-0002396,4496.007873903,259.791318772,241.215645164,318.500000000,0.000000000,0.000000000
point-0002397,4496.492250868,260.331434615,240.615645164,318.500000000,0.000000000,0.000000000
point-0002398,4498.752694950,256.564027813,240.615645164,318.500000000,0.000000000,0.000000000
point-0002399,4499.237071916,257.104143656,240.015645164,318.500000000,0.000000000,0.000000000
point-0002400,4501.497515997,260.871550459,240.015645164,318.500000000,0.000000000,0.000000000
point-0002401,4501.981892963,261.411666302,239.415645164,318.500000000,0.000000000,0.000000000
point-0002402,4504.242337044,257.644259500,239.415645164,318.500000000,0.000000000,0.000000000
point-0002403,4504.726714010,258.184375343,238.815645164,318.500000000,0.000000000,0.000000000
point-0002404,4506.987158091,261.951782146,238.815645164,318.500000000,0.000000000,0.000000000
point-0002405,4507.471535057,262.491897990,238.215645164,318.500000000,0.000000000,0.000000000
point-0002406,4509.731979138,258.724491187,238.215645164,318.500000000,0.000000000,0.000000000
point-0002407,4510.216356104,259.264607031,237.615645164,318.500000000,0.000000000,0.000000000
point-0002408,4512.476800186,263.032013833,237.615645164,318.500000000,0.000000000,0.000000000
point-0002409,4512.961177151,263.572129677,237.015645164,318.500000000,0.000000000,0.000000000
point-0002410,4515.221621233,259.804722874,237.015645164,318.500000000,0.000000000,0.000000000
point-0002411,4515.705998198,260.344838718,236.415645164,318.500000000,0.000000000,0.000000000
point-0002412,4517.966442280,264.112245520,236.415645164,318.500000000,0.000000000,0.000000000
point-0002413,4518.450819245,264.652361364,235.815645164,318.500000000,0.000000000,0.000000000
point-0002414,4520.711263327,260.884954561,235.815645164,318.500000000,0.000000000,0.000000000
point-0002415,4521.195640292,261.425070405,235.215645164,318.500000000,0.000000000,0.000000000
point-0002416,4523.456084374,265.192477207,235.215645164,318.500000000,0.000000000,0.000000000
point-0002417,4523.940461340,265.732593051,234.615645164,318.500000000,0.000000000,0.000000000
point-0002418,4526.200905421,261.965186248,234.615645164,318.500000000,0.000000000,0.000000000
point-0002419,4526.685282387,262.505302092,234.015645164,318.500000000,0.000000000,0.000000000
point-0002420,4528.945726468,266.272708894,234.015645164,318.500000000,0.000000000,0.000000000
point-0002421,4529.430103434,266.812824738,233.415645164,318.500000000,0.000000000,0.000000000
point-0002422,4531.690547515,263.045417935,233.415645164,318.500000000,0.000000000,0.000000000
point-0002423,4532.174924481,263.585533779,232.815645164,318.500000000,0.000000000,0.000000000
point-0002424,4534.435368562,267.352940581,232.815645164,318.500000000,0.000000000,0.000000000
point-0002425,4534.919745528,267.893056425,232.215645164,318.500000000,0.000000000,0.000000000
point-0002426,4537.180189610,264.125649622,232.215645164,318.500000000,0.000000000,0.000000000
point-0002427,4537.664566575,264.665765466,231.615645164,318.500000000,0.000000000,0.000000000
point-0002428,4539.925010657,268.433172268,231.615645164,318.500000000,0.000000000,0.000000000
point-0002429,4540.409387622,268.973288112,231.015645164,318.500000000,0.000000000,0.000000000
point-0002430,4542.669831704,265.205881309,231.015645164,318.500000000,0.000000000,0.000000000
point-0002431,4543.154208669,265.745997153,230.415645164,318.500000000,0.000000000,0.000000000
point-0002432,4545.414652751,269.513403956,230.415645164,318.500000000,0.000000000,0.000000000
point-0002433,4545.899029716,270.053519799,229.815645164,318.500000000,0.000000000,0.000000000
point-0002434,4548.159473798,266.286112997,229.815645164,318.500000000,0.000000000,0.000000000
point-0002435,4548.643850764,266.826228840,229.215645164,318.500000000,0.000000000,0.000000000
point-0002436,4550.904294845,270.593635643,229.215645164,318.500000000,0.000000000,0.000000000
point-0002437,4551.388671811,271.133751486,228.615645164,318.500000000,0.000000000,0.000000000
point-0002438,4553.649115892,267.366344684,228.615645164,318.500000000,0.000000000,0.000000000
point-0002439,4554.133492858,267.906460527,228.015645164,318.500000000,0.000000000,0.000000000
point-0002440,4556.393936939,271.673867330,228.015645164,318.500000000,0.000000000,0.000000000
point-0002441,4556.878313905,272.213983173,227.415645164,318.500000000,0.000000000,0.000000000
point-0002442,4559.138757986,268.446576371,227.415645164,318.500000000,0.000000000,0.000000000
point-0002443,4559.623134952,268.986692214,226.815645164,318.500000000,0.000000000,0.000000000
point-0002444,4561.883579034,272.754099017,226.815645164,318.500000000,0.000000000,0.000000000
point-0002445,4562.367955999,273.294214860,226.215645164,318.500000000,0.000000000,0.000000000
point-0002446,4564.628400081,269.526808058,226.215645164,318.500000000,0.000000000,0.000000000
point-0002447,4565.112777046,270.066923901,225.615645164,318.500000000,0.000000000,0.000000000
point-0002448,4567.373221128,273.834330704,225.615645164,318.500000000,0.000000000,0.000000000
point-0002449,4567.857598093,274.374446547,225.015645164,318.500000000,0.000000000,0.000000000
point-0002450,4570.118042175,270.607039745,225.015645164,318.500000000,0.000000000,0.000000000
point-0002451,4570.602419141,271.147155588,224.415645164,318.500000000,0.000000000,0.000000000
point-0002452,4572.862863222,274.914562391,224.415645164,318.500000000,0.000000000,0.000000000
point-0002453,4573.347240188,275.454678234,223.815645164,318.500000000,0.000000000,0.000000000
point-0002454,4575.607684269,271.687271432,223.815645164,318.500000000,0.000000000,0.000000000
point-0002455,4576.092061235,272.227387275,223.215645164,318.500000000,0.000000000,0.000000000
point-0002456,4578.352505316,275.994794078,223.215645164,318.500000000,0.000000000,0.000000000
point-0002457,4578.836882282,276.534909921,222.615645164,318.500000000,0.000000000,0.000000000
point-0002458,4581.097326363,272.767503119,222.615645164,318.500000000,0.000000000,0.000000000
point-0002459,4581.581703329,273.307618962,222.015645164,318.500000000,0.000000000,0.000000000
point-0002460,4583.842147411,277.075025765,222.015645164,318.500000000,0.000000000,0.000000000
point-0002461,4584.326524376,277.615141609,221.415645164,318.500000000,0.000000000,0.000000000
point-0002462,4586.586968458,273.847734806,221.415645164,318.500000000,0.000000000,0.000000000
point-0002463,4587.071345423,274.387850650,220.815645164,318.500000000,0.000000000,0.000000000
point-0002464,4589.331789505,278.155257452,220.815645164,318.500000000,0.000000000,0.000000000
point-0002465,4589.816166470,278.695373296,220.215645164,318.500000000,0.000000000,0.000000000
point-0002466,4592.076610552,274.927966493,220.215645164,318.500000000,0.000000000,0.000000000
point-0002467,4592.560987517,275.468082337,219.615645164,318.500000000,0.000000000,0.000000000
point-0002468,4594.821431599,279.235489139,219.615645164,318.500000000,0.000000000,0.000000000
point-0002469,4595.305808565,279.775604983,219.015645164,318.500000000,0.000000000,0.000000000
point-0002470,4597.566252646,276.008198180,219.015645164,318.500000000,0.000000000,0.000000000
point-0002471,4598.050629612,276.548314024,218.415645164,318.500000000,0.000000000,0.000000000
point-0002472,4600.311073693,280.315720826,218.415645164,318.500000000,0.000000000,0.000000000
point-0002473,4600.795450659,280.855836670,217.815645164,318.500000000,0.000000000,0.000000000
point-0002474,4603.055894740,277.088429867,217.815645164,318.500000000,0.000000000,0.000000000
point-0002475,4603.540271706,277.628545711,217.215645164,318.500000000,0.000000000,0.000000000
point-0002476,4605.800715787,281.395952513,217.215645164,318.500000000,0.000000000,0.000000000
point-0002477,4606.285092753,281.936068357,216.615645164,318.500000000,0.000000000,0.000000000
point-0002478,4608.545536835,278.168661554,216.615645164,318.500000000,0.000000000,0.000000000
point-0002479,4609.029913800,278.708777398,216.015645164,318.500000000,0.000000000,0.000000000
point-0002480,4611.290357882,282.476184200,216.015645164,318.500000000,0.000000000,0.000000000
point-0002481,4611.774734847,283.016300044,215.415645164,318.500000000,0.000000000,0.000000000
point-0002482,4614.035178929,279.248893241,215.415645164,318.500000000,0.000000000,0.000000000
point-0002483,4614.519555894,279.789009085,214.815645164,318.500000000,0.000000000,0.000000000
point-0002484,4616.779999976,283.556415887,214.815645164,318.500000000,0.000000000,0.000000000
point-0002485,4617.264376941,284.096531731,214.215645164,318.500000000,0.000000000,0.000000000
point-0002486,4619.524821023,280.329124928,214.215645164,318.500000000,0.000000000,0.000000000
point-0002487,4620.009197989,280.869240772,213.615645164,318.500000000,0.000000000,0.000000000
point-0002488,4622.269642070,284.636647575,213.615645164,318.500000000,0.000000000,0.000000000
point-0002489,4622.754019036,285.176763418,213.015645164,318.500000000,0.000000000,0.000000000
point-0002490,4625.014463117,281.409356616,213.015645164,318.500000000,0.000000000,0.000000000
point-0002491,4625.498840083,281.949472459,212.415645164,318.500000000,0.000000000,0.000000000
point-0002492,4627.759284164,285.716879262,212.415645164,318.500000000,0.000000000,0.000000000
point-0002493,4628.243661130,286.256995105,211.815645164,318.500000000,0.000000000,0.000000000
point-0002494,4630.504105211,282.489588303,211.815645164,318.500000000,0.000000000,0.000000000
point-0002495,4630.988482177,283.029704146,211.215645164,318.500000000,0.000000000,0.000000000
point-0002496,4633.248926259,286.797110949,211.215645164,318.500000000,0.000000000,0.000000000
point-0002497,4633.733303224,287.337226792,210.615645164,318.500000000,0.000000000,0.000000000
point-0002498,4635.993747306,283.569819990,210.615645164,318.500000000,0.000000000,0.000000000
point-0002499,4636.478124271,284.109935833,210.015645164,318.500000000,0.000000000,0.000000000
point-0002500,4638.738568353,287.877342636,210.015645164,318.500000000,0.000000000,0.000000000
point-0002501,4639.222945318,288.417458479,209.415645164,318.500000000,0.000000000,0.000000000
point-0002502,4641.483389400,284.650051677,209.415645164,318.500000000,0.000000000,0.000000000
point-0002503,4641.967766366,285.190167520,208.815645164,318.500000000,0.000000000,0.000000000
point-0002504,4644.228210447,288.957574323,208.815645164,318.500000000,0.000000000,0.000000000
point-0002505,4644.712587413,289.497690166,208.215645164,318.500000000,0.000000000,0.000000000
point-0002506,4646.973031494,285.730283364,208.215645164,318.500000000,0.000000000,0.000000000
point-0002507,4647.457408460,286.270399207,207.615645164,318.500000000,0.000000000,0.000000000
point-0002508,4649.717852541,290.037806010,207.615645164,318.500000000,0.000000000,0.000000000
point-0002509,4650.202229507,290.577921853,207.015645164,318.500000000,0.000000000,0.000000000
point-0002510,4652.462673588,286.810515051,207.015645164,318.500000000,0.000000000,0.000000000
point-0002511,4652.947050554,287.350630894,206.415645164,318.500000000,0.000000000,0.000000000
point-0002512,4654.757009840,290.367229705,206.415645164,318.500000000,0.000000000,0.000000000
point-0002513,4655.295091037,289.700706024,205.815645164,318.500000000,0.000000000,0.000000000
point-0002514,4656.381066609,287.890746738,205.815645164,318.500000000,0.000000000,0.000000000
point-0002515,4656.865443574,288.430862581,205.215645164,318.500000000,0.000000000,0.000000000
point-0002516,4657.227435431,289.034182344,205.215645164,318.500000000,0.000000000,0.000000000
point-0002517,4685.539463099,259.251202928,241.815645164,318.500000000,0.000000000,0.000000000
point-0002518,4687.039159785,256.751708451,241.815645164,318.500000000,0.000000000,0.000000000
point-0002519,4687.577241624,257.418233572,242.415645164,318.500000000,0.000000000,0.000000000
point-0002520,4688.352953732,258.711087085,242.415645164,318.500000000,0.000000000,0.000000000
point-0002521,4688.837331729,258.170968673,243.015645164,318.500000000,0.000000000,0.000000000
point-0002522,4688.889057716,258.084758694,243.015645164,318.500000000,0.000000000,0.000000000
point-0002523,4690.703557279,255.700600253,241.254574992,319.100000000,0.000000000,0.000000000
point-0002524,4720.343770347,289.055937227,204.815357373,319.100000000,0.000000000,0.000000000
point-0002525,4722.383783119,291.563897290,207.111066648,319.100000000,0.000000000,0.000000000
point-0002526,4751.735188134,258.533568440,243.195228753,319.100000000,0.000000000,0.000000000
point-0002527,4752.023992080,258.208557159,243.550272096,319.100000000,0.000000000,0.000000000
point-0002528,4754.063998524,255.700600253,241.254574992,319.100000000,0.000000000,0.000000000
point-0002529,4754.522132082,256.395985940,240.939207896,319.100000000,0.000000000,0.000000000
point-0002530,4756.799712168,260.191952750,240.939207896,319.100000000,0.000000000,0.000000000
point-0002531,4757.287761273,260.741174241,240.339207896,319.100000000,0.000000000,0.000000000
point-0002532,4759.565341355,256.945207439,240.339207896,319.100000000,0.000000000,0.000000000
point-0002533,4760.053390462,257.494428938,239.739207896,319.100000000,0.000000000,0.000000000
point-0002534,4762.330970539,261.290395732,239.739207896,319.100000000,0.000000000,0.000000000
point-0002535,4762.819019644,261.839617223,239.139207896,319.100000000,0.000000000,0.000000000
point-0002536,4765.096599716,258.043650436,239.139207896,319.100000000,0.000000000,0.000000000
point-0002537,4765.584648824,258.592871935,238.539207896,319.100000000,0.000000000,0.000000000
point-0002538,4767.862228891,262.388838714,238.539207896,319.100000000,0.000000000,0.000000000
point-0002539,4768.350277996,262.938060205,237.939207896,319.100000000,0.000000000,0.000000000
point-0002540,4770.627858059,259.142093434,237.939207896,319.100000000,0.000000000,0.000000000
point-0002541,4771.115907166,259.691314933,237.339207896,319.100000000,0.000000000,0.000000000
point-0002542,4773.393487224,263.487281696,237.339207896,319.100000000,0.000000000,0.000000000
point-0002543,4773.881536329,264.036503187,236.739207896,319.100000000,0.000000000,0.000000000
point-0002544,4776.159116382,260.240536432,236.739207896,319.100000000,0.000000000,0.000000000
point-0002545,4776.647165490,260.789757931,236.139207896,319.100000000,0.000000000,0.000000000
point-0002546,4778.924745538,264.585724678,236.139207896,319.100000000,0.000000000,0.000000000
point-0002547,4779.412794643,265.134946169,235.539207896,319.100000000,0.000000000,0.000000000
point-0002548,4781.690374687,261.338979429,235.539207896,319.100000000,0.000000000,0.000000000
point-0002549,4782.178423795,261.888200928,234.939207896,319.100000000,0.000000000,0.000000000
point-0002550,4784.456003834,265.684167660,234.939207896,319.100000000,0.000000000,0.000000000
point-0002551,4784.944052938,266.233389151,234.339207896,319.100000000,0.000000000,0.000000000
point-0002552,4787.221632972,262.437422427,234.339207896,319.100000000,0.000000000,0.000000000
point-0002553,4787.709682080,262.986643926,233.739207896,319.100000000,0.000000000,0.000000000
point-0002554,4789.987262110,266.782610642,233.739207896,319.100000000,0.000000000,0.000000000
point-0002555,4790.475311214,267.331832133,233.139207896,319.100000000,0.000000000,0.000000000
point-0002556,4792.752891239,263.535865425,233.139207896,319.100000000,0.000000000,0.000000000
point-0002557,4793.240940347,264.085086924,232.539207896,319.100000000,0.000000000,0.000000000
point-0002558,4795.518520367,267.881053623,232.539207896,319.100000000,0.000000000,0.000000000
point-0002559,4796.006569472,268.430275114,231.939207896,319.100000000,0.000000000,0.000000000
point-0002560,4798.284149487,264.634308422,231.939207896,319.100000000,0.000000000,0.000000000
point-0002561,4798.772198595,265.183529921,231.339207896,319.100000000,0.000000000,0.000000000
point-0002562,4801.049778605,268.979496605,231.339207896,319.100000000,0.000000000,0.000000000
point-0002563,4801.537827710,269.528718096,230.739207896,319.100000000,0.000000000,0.000000000
point-0002564,4803.815407715,265.732751420,230.739207896,319.100000000,0.000000000,0.000000000
point-0002565,4804.303456823,266.281972919,230.139207896,319.100000000,0.000000000,0.000000000
point-0002566,4806.581036824,270.077939587,230.139207896,319.100000000,0.000000000,0.000000000
point-0002567,4807.069085929,270.627161078,229.539207896,319.100000000,0.000000000,0.000000000
point-0002568,4809.346665925,266.831194418,229.539207896,319.100000000,0.000000000,0.000000000
point-0002569,4809.834715033,267.380415917,228.939207896,319.100000000,0.000000000,0.000000000
point-0002570,4812.112295024,271.176382569,228.939207896,319.100000000,0.000000000,0.000000000
point-0002571,4812.600344129,271.725604060,228.339207896,319.100000000,0.000000000,0.000000000
point-0002572,4814.877924116,267.929637415,228.339207896,319.100000000,0.000000000,0.000000000
point-0002573,4815.365973224,268.478858914,227.739207896,319.100000000,0.000000000,0.000000000
point-0002574,4817.643553206,272.274825551,227.739207896,319.100000000,0.000000000,0.000000000
point-0002575,4818.131602310,272.824047042,227.139207896,319.100000000,0.000000000,0.000000000
point-0002576,4820.409182288,269.028080413,227.139207896,319.100000000,0.000000000,0.000000000
point-0002577,4820.897231396,269.577301912,226.539207896,319.100000000,0.000000000,0.000000000
point-0002578,4823.174811368,273.373268533,226.539207896,319.100000000,0.000000000,0.000000000
point-0002579,4823.662860473,273.922490024,225.939207896,319.100000000,0.000000000,0.000000000
point-0002580,4825.940440440,270.126523411,225.939207896,319.100000000,0.000000000,0.000000000
point-0002581,4826.428489548,270.675744910,225.339207896,319.100000000,0.000000000,0.000000000
point-0002582,4828.706069511,274.471711515,225.339207896,319.100000000,0.000000000,0.000000000
point-0002583,4829.194118616,275.020933005,224.739207896,319.100000000,0.000000000,0.000000000
point-0002584,4831.471698574,271.224966408,224.739207896,319.100000000,0.000000000,0.000000000
point-0002585,4831.959747682,271.774187907,224.139207896,319.100000000,0.000000000,0.000000000
point-0002586,4834.237327636,275.570154496,224.139207896,319.100000000,0.000000000,0.000000000
point-0002587,4834.725376740,276.119375987,223.539207896,319.100000000,0.000000000,0.000000000
point-0002588,4837.002956689,272.323409406,223.539207896,319.100000000,0.000000000,0.000000000
point-0002589,4837.491005797,272.872630905,222.939207896,319.100000000,0.000000000,0.000000000
point-0002590,4839.768585741,276.668597478,222.939207896,319.100000000,0.000000000,0.000000000
point-0002591,4840.256634846,277.217818969,222.339207896,319.100000000,0.000000000,0.000000000
point-0002592,4842.534214785,273.421852404,222.339207896,319.100000000,0.000000000,0.000000000
point-0002593,4843.022263893,273.971073903,221.739207896,319.100000000,0.000000000,0.000000000
point-0002594,4845.299843827,277.767040460,221.739207896,319.100000000,0.000000000,0.000000000
point-0002595,4845.787892932,278.316261951,221.139207896,319.100000000,0.000000000,0.000000000
point-0002596,4848.065472862,274.520295401,221.139207896,319.100000000,0.000000000,0.000000000
point-0002597,4848.553521970,275.069516900,220.539207896,319.100000000,0.000000000,0.000000000
point-0002598,4850.831101895,278.865483442,220.539207896,319.100000000,0.000000000,0.000000000
point-0002599,4851.319150999,279.414704933,219.939207896,319.100000000,0.000000000,0.000000000
point-0002600,4853.596730920,275.618738399,219.939207896,319.100000000,0.000000000,0.000000000
point-0002601,4854.084780028,276.167959898,219.339207896,319.100000000,0.000000000,0.000000000
point-0002602,4856.362359943,279.963926424,219.339207896,319.100000000,0.000000000,0.000000000
point-0002603,4856.850409048,280.513147915,218.739207896,319.100000000,0.000000000,0.000000000
point-0002604,4859.127988959,276.717181397,218.739207896,319.100000000,0.000000000,0.000000000
point-0002605,4859.616038067,277.266402896,218.139207896,319.100000000,0.000000000,0.000000000
point-0002606,4861.893617973,281.062369406,218.139207896,319.100000000,0.000000000,0.000000000
point-0002607,4862.381667077,281.611590897,217.539207896,319.100000000,0.000000000,0.000000000
point-0002608,4864.659246979,277.815624394,217.539207896,319.100000000,0.000000000,0.000000000
point-0002609,4865.147296087,278.364845893,216.939207896,319.100000000,0.000000000,0.000000000
point-0002610,4867.424875983,282.160812387,216.939207896,319.100000000,0.000000000,0.000000000
point-0002611,4867.912925088,282.710033878,216.339207896,319.100000000,0.000000000,0.000000000
point-0002612,4870.190504980,278.914067392,216.339207896,319.100000000,0.000000000,0.000000000
point-0002613,4870.678554088,279.463288891,215.739207896,319.100000000,0.000000000,0.000000000
point-0002614,4872.956133975,283.259255369,215.739207896,319.100000000,0.000000000,0.000000000
point-0002615,4873.444183079,283.808476860,215.139207896,319.100000000,0.000000000,0.000000000
point-0002616,4875.721762962,280.012510390,215.139207896,319.100000000,0.000000000,0.000000000
point-0002617,4876.209812070,280.561731889,214.539207896,319.100000000,0.000000000,0.000000000
point-0002618,4878.487391947,284.357698351,214.539207896,319.100000000,0.000000000,0.000000000
point-0002619,4878.975441052,284.906919842,213.939207896,319.100000000,0.000000000,0.000000000
point-0002620,4881.253020925,281.110953387,213.939207896,319.100000000,0.000000000,0.000000000
point-0002621,4881.741070033,281.660174886,213.339207896,319.100000000,0.000000000,0.000000000
point-0002622,4884.018649901,285.456141333,213.339207896,319.100000000,0.000000000,0.000000000
point-0002623,4884.506699005,286.005362824,212.739207896,319.100000000,0.000000000,0.000000000
point-0002624,4886.784278869,282.209396385,212.739207896,319.100000000,0.000000000,0.000000000
point-0002625,4887.272327977,282.758617884,212.139207896,319.100000000,0.000000000,0.000000000
point-0002626,4889.549907835,286.554584315,212.139207896,319.100000000,0.000000000,0.000000000
point-0002627,4890.037956940,287.103805806,211.539207896,319.100000000,0.000000000,0.000000000
point-0002628,4892.315536794,283.307839383,211.539207896,319.100000000,0.000000000,0.000000000
point-0002629,4892.803585902,283.857060881,210.939207896,319.100000000,0.000000000,0.000000000
point-0002630,4895.081165751,287.653027297,210.939207896,319.100000000,0.000000000,0.000000000
point-0002631,4895.569214856,288.202248788,210.339207896,319.100000000,0.000000000,0.000000000
point-0002632,4897.846794700,284.406282380,210.339207896,319.100000000,0.000000000,0.000000000
point-0002633,4898.334843808,284.955503879,209.739207896,319.100000000,0.000000000,0.000000000
point-0002634,4900.612423647,288.751470279,209.739207896,319.100000000,0.000000000,0.000000000
point-0002635,4901.100472752,289.300691769,209.139207896,319.100000000,0.000000000,0.000000000
point-0002636,4903.378052587,285.504725378,209.139207896,319.100000000,0.000000000,0.000000000
point-0002637,4903.866101695,286.053946877,208.539207896,319.100000000,0.000000000,0.000000000
point-0002638,4906.143681525,289.849913260,208.539207896,319.100000000,0.000000000,0.000000000
point-0002639,4906.631730630,290.399134751,207.939207896,319.100000000,0.000000000,0.000000000
point-0002640,4908.909310455,286.603168376,207.939207896,319.100000000,0.000000000,0.000000000
point-0002641,4909.397359563,287.152389874,207.339207896,319.100000000,0.000000000,0.000000000
point-0002642,4911.674939384,290.948356242,207.339207896,319.100000000,0.000000000,0.000000000
point-0002643,4912.061568857,290.713348265,206.739207896,319.100000000,0.000000000,0.000000000
point-0002644,4913.868610992,287.701611373,206.739207896,319.100000000,0.000000000,0.000000000
point-0002645,4914.356660100,288.250832872,206.139207896,319.100000000,0.000000000,0.000000000
point-0002646,4915.440885381,290.057875007,206.139207896,319.100000000,0.000000000,0.000000000
point-0002647,4915.974057276,289.402401749,205.539207896,319.100000000,0.000000000,0.000000000
point-0002648,4916.335465703,288.800054371,205.539207896,319.100000000,0.000000000,0.000000000
point-0002649,4944.131397362,259.642731260,241.539207896,319.100000000,0.000000000,0.000000000
point-0002650,4946.043519421,256.455861161,241.539207896,319.100000000,0.000000000,0.000000000
point-0002651,4946.576692488,257.111337069,242.139207896,319.100000000,0.000000000,0.000000000
point-0002652,4947.765996108,259.093509769,242.139207896,319.100000000,0.000000000,0.000000000
point-0002653,4948.254045212,258.544288278,242.739207896,319.100000000,0.000000000,0.000000000
point-0002654,4948.720530393,257.766812977,242.739207896,319.100000000,0.000000000,0.000000000
point-0002655,4950.238704838,255.772629857,241.301986646,319.700000000,0.000000000,0.000000000
point-0002656,4979.878905600,289.427834326,205.139571473,319.700000000,0.000000000,0.000000000
point-0002657,4981.918916366,291.916741901,207.455917971,319.700000000,0.000000000,0.000000000
point-0002658,5011.270295889,258.589483877,243.265959782,319.700000000,0.000000000,0.000000000
point-0002659,5011.559110970,258.261534938,243.618316800,319.700000000,0.000000000,0.000000000
point-0002660,5013.599113960,255.772629857,241.301986646,319.700000000,0.000000000,0.000000000
point-0002661,5013.867456132,256.218213134,241.263562242,319.700000000,0.000000000,0.000000000
point-0002662,5016.162466591,260.043230566,241.263562242,319.700000000,0.000000000,0.000000000
point-0002663,5016.654251208,260.601631333,240.663562242,319.700000000,0.000000000,0.000000000
point-0002664,5018.949261653,256.776613926,240.663562242,319.700000000,0.000000000,0.000000000
point-0002665,5019.441046280,257.335014717,240.063562242,319.700000000,0.000000000,0.000000000
point-0002666,5021.736056710,261.160032100,240.063562242,319.700000000,0.000000000,0.000000000
point-0002667,5022.227841328,261.718432867,239.463562242,319.700000000,0.000000000,0.000000000
point-0002668,5024.522851743,257.893415509,239.463562242,319.700000000,0.000000000,0.000000000
point-0002669,5025.014636370,258.451816300,238.863562242,319.700000000,0.000000000,0.000000000
point-0002670,5027.309646771,262.276833634,238.863562242,319.700000000,0.000000000,0.000000000
point-0002671,5027.801431388,262.835234401,238.263562242,319.700000000,0.000000000,0.000000000
point-0002672,5030.096441774,259.010217091,238.263562242,319.700000000,0.000000000,0.000000000
point-0002673,5030.588226402,259.568617883,237.663562242,319.700000000,0.000000000,0.000000000
point-0002674,5032.883236773,263.393635168,237.663562242,319.700000000,0.000000000,0.000000000
point-0002675,5033.375021390,263.952035935,237.063562242,319.700000000,0.000000000,0.000000000
point-0002676,5035.670031747,260.127018674,237.063562242,319.700000000,0.000000000,0.000000000
point-0002677,5036.161816374,260.685419466,236.463562242,319.700000000,0.000000000,0.000000000
point-0002678,5038.456826717,264.510436702,236.463562242,319.700000000,0.000000000,0.000000000
point-0002679,5038.948611334,265.068837469,235.863562242,319.700000000,0.000000000,0.000000000
point-0002680,5041.243621661,261.243820257,235.863562242,319.700000000,0.000000000,0.000000000
point-0002681,5041.735406289,261.802221048,235.263562242,319.700000000,0.000000000,0.000000000
point-0002682,5044.030416602,265.627238236,235.263562242,319.700000000,0.000000000,0.000000000
point-0002683,5044.522201219,266.185639003,234.663562242,319.700000000,0.000000000,0.000000000
point-0002684,5046.817211517,262.360621840,234.663562242,319.700000000,0.000000000,0.000000000
point-0002685,5047.308996145,262.919022631,234.063562242,319.700000000,0.000000000,0.000000000
point-0002686,5049.604006428,266.744039770,234.063562242,319.700000000,0.000000000,0.000000000
point-0002687,5050.095791046,267.302440538,233.463562242,319.700000000,0.000000000,0.000000000
point-0002688,5052.390801315,263.477423423,233.463562242,319.700000000,0.000000000,0.000000000
point-0002689,5052.882585942,264.035824214,232.863562242,319.700000000,0.000000000,0.000000000
point-0002690,5055.177596196,267.860841305,232.863562242,319.700000000,0.000000000,0.000000000
point-0002691,5055.669380814,268.419242072,232.263562242,319.700000000,0.000000000,0.000000000
point-0002692,5057.964391053,264.594225005,232.263562242,319.700000000,0.000000000,0.000000000
point-0002693,5058.456175681,265.152625797,231.663562242,319.700000000,0.000000000,0.000000000
point-0002694,5060.751185906,268.977642839,231.663562242,319.700000000,0.000000000,0.000000000
point-0002695,5061.242970523,269.536043606,231.063562242,319.700000000,0.000000000,0.000000000
point-0002696,5063.537980734,265.711026588,231.063562242,319.700000000,0.000000000,0.000000000
point-0002697,5064.029765361,266.269427380,230.463562242,319.700000000,0.000000000,0.000000000
point-0002698,5066.324775557,270.094444373,230.463562242,319.700000000,0.000000000,0.000000000
point-0002699,5066.816560174,270.652845140,229.863562242,319.700000000,0.000000000,0.000000000
point-0002700,5069.111570356,266.827828171,229.863562242,319.700000000,0.000000000,0.000000000
point-0002701,5069.603354983,267.386228963,229.263562242,319.700000000,0.000000000,0.000000000
point-0002702,5071.898365150,271.211245907,229.263562242,319.700000000,0.000000000,0.000000000
point-0002703,5072.390149767,271.769646674,228.663562242,319.700000000,0.000000000,0.000000000
point-0002704,5074.685159919,267.944629754,228.663562242,319.700000000,0.000000000,0.000000000
point-0002705,5075.176944546,268.503030545,228.063562242,319.700000000,0.000000000,0.000000000
point-0002706,5077.471954684,272.328047441,228.063562242,319.700000000,0.000000000,0.000000000
point-0002707,5077.963739301,272.886448208,227.463562242,319.700000000,0.000000000,0.000000000
point-0002708,5080.258749424,269.061431337,227.463562242,319.700000000,0.000000000,0.000000000
point-0002709,5080.750534051,269.619832128,226.863562242,319.700000000,0.000000000,0.000000000
point-0002710,5083.045544159,273.444848975,226.863562242,319.700000000,0.000000000,0.000000000
point-0002711,5083.537328777,274.003249742,226.263562242,319.700000000,0.000000000,0.000000000
point-0002712,5085.832338870,270.178232920,226.263562242,319.700000000,0.000000000,0.000000000
point-0002713,5086.324123497,270.736633711,225.663562242,319.700000000,0.000000000,0.000000000
point-0002714,5088.619133576,274.561650509,225.663562242,319.700000000,0.000000000,0.000000000
point-0002715,5089.110918194,275.120051276,225.063562242,319.700000000,0.000000000,0.000000000
point-0002716,5091.405928258,271.295034502,225.063562242,319.700000000,0.000000000,0.000000000
point-0002717,5091.897712885,271.853435294,224.463562242,319.700000000,0.000000000,0.000000000
point-0002718,5094.192722935,275.678452043,224.463562242,319.700000000,0.000000000,0.000000000
point-0002719,5094.684507552,276.236852810,223.863562242,319.700000000,0.000000000,0.000000000
point-0002720,5096.979517587,272.411836085,223.863562242,319.700000000,0.000000000,0.000000000
point-0002721,5097.471302215,272.970236877,223.263562242,319.700000000,0.000000000,0.000000000
point-0002722,5099.766312235,276.795253577,223.263562242,319.700000000,0.000000000,0.000000000
point-0002723,5100.258096852,277.353654344,222.663562242,319.700000000,0.000000000,0.000000000
point-0002724,5102.553106858,273.528637668,222.663562242,319.700000000,0.000000000,0.000000000
point-0002725,5103.044891485,274.087038459,222.063562242,319.700000000,0.000000000,0.000000000
point-0002726,5105.339901476,277.912055111,222.063562242,319.700000000,0.000000000,0.000000000
point-0002727,5105.831686094,278.470455878,221.463562242,319.700000000,0.000000000,0.000000000
point-0002728,5108.126696070,274.645439251,221.463562242,319.700000000,0.000000000,0.000000000
point-0002729,5108.618480698,275.203840042,220.863562242,319.700000000,0.000000000,0.000000000
point-0002730,5110.913490659,279.028856645,220.863562242,319.700000000,0.000000000,0.000000000
point-0002731,5111.405275277,279.587257412,220.263562242,319.700000000,0.000000000,0.000000000
point-0002732,5113.700285224,275.762240834,220.263562242,319.700000000,0.000000000,0.000000000
point-0002733,5114.192069851,276.320641625,219.663562242,319.700000000,0.000000000,0.000000000
point-0002734,5116.487079784,280.145658179,219.663562242,319.700000000,0.000000000,0.000000000
point-0002735,5116.978864401,280.704058946,219.063562242,319.700000000,0.000000000,0.000000000
point-0002736,5119.273874319,276.879042416,219.063562242,319.700000000,0.000000000,0.000000000
point-0002737,5119.765658946,277.437443208,218.463562242,319.700000000,0.000000000,0.000000000
point-0002738,5122.060668850,281.262459713,218.463562242,319.700000000,0.000000000,0.000000000
point-0002739,5122.552453467,281.820860480,217.863562242,319.700000000,0.000000000,0.000000000
point-0002740,5124.847463356,277.995843999,217.863562242,319.700000000,0.000000000,0.000000000
point-0002741,5125.339247983,278.554244791,217.263562242,319.700000000,0.000000000,0.000000000
point-0002742,5127.634257857,282.379261247,217.263562242,319.700000000,0.000000000,0.000000000
point-0002743,5128.126042475,282.937662014,216.663562242,319.700000000,0.000000000,0.000000000
point-0002744,5130.421052334,279.112645582,216.663562242,319.700000000,0.000000000,0.000000000
point-0002745,5130.912836961,279.671046374,216.063562242,319.700000000,0.000000000,0.000000000
point-0002746,5133.207846806,283.496062781,216.063562242,319.700000000,0.000000000,0.000000000
point-0002747,5133.699631424,284.054463548,215.463562242,319.700000000,0.000000000,0.000000000
point-0002748,5135.994641254,280.229447165,215.463562242,319.700000000,0.000000000,0.000000000
point-0002749,5136.486425881,280.787847956,214.863562242,319.700000000,0.000000000,0.000000000
point-0002750,5138.781435697,284.612864315,214.863562242,319.700000000,0.000000000,0.000000000
point-0002751,5139.273220314,285.171265082,214.263562242,319.700000000,0.000000000,0.000000000
point-0002752,5141.568230115,281.346248748,214.263562242,319.700000000,0.000000000,0.000000000
point-0002753,5142.060014742,281.904649539,213.663562242,319.700000000,0.000000000,0.000000000
point-0002754,5144.355024528,285.729665849,213.663562242,319.700000000,0.000000000,0.000000000
point-0002755,5144.846809146,286.288066617,213.063562242,319.700000000,0.000000000,0.000000000
point-0002756,5147.141818918,282.463050331,213.063562242,319.700000000,0.000000000,0.000000000
point-0002757,5147.633603545,283.021451122,212.463562242,319.700000000,0.000000000,0.000000000
point-0002758,5149.928613302,286.846467384,212.463562242,319.700000000,0.000000000,0.000000000
point-0002759,5150.420397919,287.404868151,211.863562242,319.700000000,0.000000000,0.000000000
point-0002760,5152.715407662,283.579851913,211.863562242,319.700000000,0.000000000,0.000000000
point-0002761,5153.207192289,284.138252705,211.263562242,319.700000000,0.000000000,0.000000000
point-0002762,5155.502202017,287.963268918,211.263562242,319.700000000,0.000000000,0.000000000
point-0002763,5155.993986634,288.521669685,210.663562242,319.700000000,0.000000000,0.000000000
point-0002764,5158.288996347,284.696653496,210.663562242,319.700000000,0.000000000,0.000000000
point-0002765,5158.780780975,285.255054288,210.063562242,319.700000000,0.000000000,0.000000000
point-0002766,5161.075790673,289.080070452,210.063562242,319.700000000,0.000000000,0.000000000
point-0002767,5161.567575291,289.638471219,209.463562242,319.700000000,0.000000000,0.000000000
point-0002768,5163.862584975,285.813455079,209.463562242,319.700000000,0.000000000,0.000000000
point-0002769,5164.354369602,286.371855870,208.863562242,319.700000000,0.000000000,0.000000000
point-0002770,5166.649379271,290.196871986,208.863562242,319.700000000,0.000000000,0.000000000
point-0002771,5167.141163889,290.755272753,208.263562242,319.700000000,0.000000000,0.000000000
point-0002772,5169.436173543,286.930256662,208.263562242,319.700000000,0.000000000,0.000000000
point-0002773,5169.927958171,287.488657453,207.663562242,319.700000000,0.000000000,0.000000000
point-0002774,5172.222967811,291.313673520,207.663562242,319.700000000,0.000000000,0.000000000
point-0002775,5172.615044955,291.054805860,207.063562242,319.700000000,0.000000000,0.000000000
point-0002776,5174.419693525,288.047058245,207.063562242,319.700000000,0.000000000,0.000000000
point-0002777,5174.911478152,288.605459036,206.463562242,319.700000000,0.000000000,0.000000000
point-0002778,5175.994267294,290.410107605,206.463562242,319.700000000,0.000000000,0.000000000
point-0002779,5176.522688435,289.765409351,205.863562242,319.700000000,0.000000000,0.000000000
point-0002780,5176.883618149,289.163859827,205.863562242,319.700000000,0.000000000,0.000000000
point-0002781,5204.877619942,259.484829799,241.863562242,319.700000000,0.000000000,0.000000000
point-0002782,5206.478679482,256.816397234,241.863562242,319.700000000,0.000000000,0.000000000
point-0002783,5207.007102337,257.461099391,242.463562242,319.700000000,0.000000000,0.000000000
point-0002784,5207.886300121,258.926429032,242.463562242,319.700000000,0.000000000,0.000000000
point-0002785,5208.378084788,258.368028143,243.063562242,319.700000000,0.000000000,0.000000000
point-0002786,5208.535420745,258.105801549,243.063562242,319.700000000,0.000000000,0.000000000
point-0002787,5210.275886138,255.843733512,241.349634706,320.300000000,0.000000000,0.000000000
point-0002788,5239.916067622,289.794299182,205.464415255,320.300000000,0.000000000,0.000000000
point-0002789,5241.956075840,292.264127152,207.801088734,320.300000000,0.000000000,0.000000000
point-0002790,5271.307423216,258.644402317,243.336621401,320.300000000,0.000000000,0.000000000
point-0002791,5271.596249110,258.313559755,243.686287704,320.300000000,0.000000000,0.000000000
point-0002792,5273.636248131,255.843733512,241.349634706,320.300000000,0.000000000,0.000000000
point-0002793,5274.073800192,256.532751659,241.588516616,320.300000000,0.000000000,0.000000000
point-0002794,5276.085315149,259.885276587,241.588516616,320.300000000,0.000000000,0.000000000
point-0002795,5276.580898221,260.452929114,240.988516616,320.300000000,0.000000000,0.000000000
point-0002796,5278.893631995,256.598372823,240.988516616,320.300000000,0.000000000,0.000000000
point-0002797,5279.389215084,257.166025391,240.388516616,320.300000000,0.000000000,0.000000000
point-0002798,5281.701948834,261.020581640,240.388516616,320.300000000,0.000000000,0.000000000
point-0002799,5282.197531905,261.588234167,239.788516616,320.300000000,0.000000000,0.000000000
point-0002800,5284.510265630,257.733677959,239.788516616,320.300000000,0.000000000,0.000000000
point-0002801,5285.005848718,258.301330527,239.188516616,320.300000000,0.000000000,0.000000000
point-0002802,5287.318582418,262.155886693,239.188516616,320.300000000,0.000000000,0.000000000
point-0002803,5287.814165490,262.723539220,238.588516616,320.300000000,0.000000000,0.000000000
point-0002804,5290.126899164,258.868983095,238.588516616,320.300000000,0.000000000,0.000000000
point-0002805,5290.622482253,259.436635663,237.988516616,320.300000000,0.000000000,0.000000000
point-0002806,5292.935215903,263.291191746,237.988516616,320.300000000,0.000000000,0.000000000
point-0002807,5293.430798974,263.858844273,237.388516616,320.300000000,0.000000000,0.000000000
point-0002808,5295.743532599,260.004288232,237.388516616,320.300000000,0.000000000,0.000000000
point-0002809,5296.239115688,260.571940800,236.788516616,320.300000000,0.000000000,0.000000000
point-0002810,5298.551849288,264.426496799,236.788516616,320.300000000,0.000000000,0.000000000
point-0002811,5299.047432359,264.994149326,236.188516616,320.300000000,0.000000000,0.000000000
point-0002812,5301.360165934,261.139593368,236.188516616,320.300000000,0.000000000,0.000000000
point-0002813,5301.855749023,261.707245936,235.588516616,320.300000000,0.000000000,0.000000000
point-0002814,5304.168482573,265.561801853,235.588516616,320.300000000,0.000000000,0.000000000
point-0002815,5304.664065644,266.129454379,234.988516616,320.300000000,0.000000000,0.000000000
point-0002816,5306.976799169,262.274898504,234.988516616,320.300000000,0.000000000,0.000000000
point-0002817,5307.472382258,262.842551072,234.388516616,320.300000000,0.000000000,0.000000000
point-0002818,5309.785115758,266.697106906,234.388516616,320.300000000,0.000000000,0.000000000
point-0002819,5310.280698829,267.264759432,233.788516616,320.300000000,0.000000000,0.000000000
point-0002820,5312.593432304,263.410203641,233.788516616,320.300000000,0.000000000,0.000000000
point-0002821,5313.089015393,263.977856209,233.188516616,320.300000000,0.000000000,0.000000000
point-0002822,5315.401748843,267.832411959,233.188516616,320.300000000,0.000000000,0.000000000
point-0002823,5315.897331914,268.400064485,232.588516616,320.300000000,0.000000000,0.000000000
point-0002824,5318.210065339,264.545508777,232.588516616,320.300000000,0.000000000,0.000000000
point-0002825,5318.705648428,265.113161345,231.988516616,320.300000000,0.000000000,0.000000000
point-0002826,5321.018381828,268.967717012,231.988516616,320.300000000,0.000000000,0.000000000
point-0002827,5321.513964900,269.535369539,231.388516616,320.300000000,0.000000000,0.000000000
point-0002828,5323.826698275,265.680813913,231.388516616,320.300000000,0.000000000,0.000000000
point-0002829,5324.322281363,266.248466481,230.788516616,320.300000000,0.000000000,0.000000000
point-0002830,5326.635014714,270.103022065,230.788516616,320.300000000,0.000000000,0.000000000
point-0002831,5327.130597785,270.670674592,230.188516616,320.300000000,0.000000000,0.000000000
point-0002832,5329.443331110,266.816119050,230.188516616,320.300000000,0.000000000,0.000000000
point-0002833,5329.938914199,267.383771618,229.588516616,320.300000000,0.000000000,0.000000000
point-0002834,5332.251647499,271.238327118,229.588516616,320.300000000,0.000000000,0.000000000
point-0002835,5332.747230571,271.805979645,228.988516616,320.300000000,0.000000000,0.000000000
point-0002836,5335.059963846,267.951424186,228.988516616,320.300000000,0.000000000,0.000000000
point-0002837,5335.555546935,268.519076754,228.388516616,320.300000000,0.000000000,0.000000000
point-0002838,5337.868280185,272.373632171,228.388516616,320.300000000,0.000000000,0.000000000
point-0002839,5338.363863256,272.941284698,227.788516616,320.300000000,0.000000000,0.000000000
point-0002840,5340.676596482,269.086729322,227.788516616,320.300000000,0.000000000,0.000000000
point-0002841,5341.172179570,269.654381890,227.188516616,320.300000000,0.000000000,0.000000000
point-0002842,5343.484912771,273.508937224,227.188516616,320.300000000,0.000000000,0.000000000
point-0002843,5343.980495842,274.076589751,226.588516616,320.300000000,0.000000000,0.000000000
point-0002844,5346.293229018,270.222034459,226.588516616,320.300000000,0.000000000,0.000000000
point-0002845,5346.788812106,270.789687027,225.988516616,320.300000000,0.000000000,0.000000000
point-0002846,5349.101545257,274.644242278,225.988516616,320.300000000,0.000000000,0.000000000
point-0002847,5349.597128328,275.211894804,225.388516616,320.300000000,0.000000000,0.000000000
point-0002848,5351.909861454,271.357339595,225.388516616,320.300000000,0.000000000,0.000000000
point-0002849,5352.405444542,271.924992163,224.788516616,320.300000000,0.000000000,0.000000000
point-0002850,5354.718177643,275.779547331,224.788516616,320.300000000,0.000000000,0.000000000
point-0002851,5355.213760715,276.347199857,224.188516616,320.300000000,0.000000000,0.000000000
point-0002852,5357.526493790,272.492644731,224.188516616,320.300000000,0.000000000,0.000000000
point-0002853,5358.022076879,273.060297299,223.588516616,320.300000000,0.000000000,0.000000000
point-0002854,5360.334809929,276.914852384,223.588516616,320.300000000,0.000000000,0.000000000
point-0002855,5360.830393001,277.482504910,222.988516616,320.300000000,0.000000000,0.000000000
point-0002856,5363.143126026,273.627949868,222.988516616,320.300000000,0.000000000,0.000000000
point-0002857,5363.638709115,274.195602436,222.388516616,320.300000000,0.000000000,0.000000000
point-0002858,5365.951442116,278.050157437,222.388516616,320.300000000,0.000000000,0.000000000
point-0002859,5366.447025187,278.617809963,221.788516616,320.300000000,0.000000000,0.000000000
point-0002860,5368.759758163,274.763255004,221.788516616,320.300000000,0.000000000,0.000000000
point-0002861,5369.255341252,275.330907572,221.188516616,320.300000000,0.000000000,0.000000000
point-0002862,5371.568074202,279.185462490,221.188516616,320.300000000,0.000000000,0.000000000
point-0002863,5372.063657274,279.753115017,220.588516616,320.300000000,0.000000000,0.000000000
point-0002864,5374.376390200,275.898560140,220.588516616,320.300000000,0.000000000,0.000000000
point-0002865,5374.871973288,276.466212708,219.988516616,320.300000000,0.000000000,0.000000000
point-0002866,5377.184706189,280.320767543,219.988516616,320.300000000,0.000000000,0.000000000
point-0002867,5377.680289260,280.888420070,219.388516616,320.300000000,0.000000000,0.000000000
point-0002868,5379.993022136,277.033865277,219.388516616,320.300000000,0.000000000,0.000000000
point-0002869,5380.488605225,277.601517845,218.788516616,320.300000000,0.000000000,0.000000000
point-0002870,5382.801338076,281.456072596,218.788516616,320.300000000,0.000000000,0.000000000
point-0002871,5383.296921147,282.023725123,218.188516616,320.300000000,0.000000000,0.000000000
point-0002872,5385.609653973,278.169170413,218.188516616,320.300000000,0.000000000,0.000000000
point-0002873,5386.105237062,278.736822981,217.588516616,320.300000000,0.000000000,0.000000000
point-0002874,5388.417969863,282.591377649,217.588516616,320.300000000,0.000000000,0.000000000
point-0002875,5388.913552934,283.159030176,216.988516616,320.300000000,0.000000000,0.000000000
point-0002876,5391.226285710,279.304475549,216.988516616,320.300000000,0.000000000,0.000000000
point-0002877,5391.721868799,279.872128117,216.388516616,320.300000000,0.000000000,0.000000000
point-0002878,5394.034601550,283.726682702,216.388516616,320.300000000,0.000000000,0.000000000
point-0002879,5394.530184621,284.294335229,215.788516616,320.300000000,0.000000000,0.000000000
point-0002880,5396.842917347,280.439780686,215.788516616,320.300000000,0.000000000,0.000000000
point-0002881,5397.338500436,281.007433254,215.188516616,320.300000000,0.000000000,0.000000000
point-0002882,5399.651233137,284.861987756,215.188516616,320.300000000,0.000000000,0.000000000
point-0002883,5400.146816209,285.429640282,214.588516616,320.300000000,0.000000000,0.000000000
point-0002884,5402.459548885,281.575085822,214.588516616,320.300000000,0.000000000,0.000000000
point-0002885,5402.955131973,282.142738390,213.988516616,320.300000000,0.000000000,0.000000000
point-0002886,5405.267864625,285.997292809,213.988516616,320.300000000,0.000000000,0.000000000
point-0002887,5405.763447696,286.564945335,213.388516616,320.300000000,0.000000000,0.000000000
point-0002888,5408.076180322,282.710390958,213.388516616,320.300000000,0.000000000,0.000000000
point-0002889,5408.571763411,283.278043526,212.788516616,320.300000000,0.000000000,0.000000000
point-0002890,5410.884496012,287.132597862,212.788516616,320.300000000,0.000000000,0.000000000
point-0002891,5411.380079083,287.700250388,212.188516616,320.300000000,0.000000000,0.000000000
point-0002892,5413.692811660,283.845696095,212.188516616,320.300000000,0.000000000,0.000000000
point-0002893,5414.188394748,284.413348663,211.588516616,320.300000000,0.000000000,0.000000000
point-0002894,5416.501127300,288.267902915,211.588516616,320.300000000,0.000000000,0.000000000
point-0002895,5416.996710371,288.835555441,210.988516616,320.300000000,0.000000000,0.000000000
point-0002896,5419.309442897,284.981001231,210.988516616,320.300000000,0.000000000,0.000000000
point-0002897,5419.805025986,285.548653799,210.388516616,320.300000000,0.000000000,0.000000000
point-0002898,5422.117758487,289.403207968,210.388516616,320.300000000,0.000000000,0.000000000
point-0002899,5422.613341559,289.970860495,209.788516616,320.300000000,0.000000000,0.000000000
point-0002900,5424.926074035,286.116306367,209.788516616,320.300000000,0.000000000,0.000000000
point-0002901,5425.421657124,286.683958935,209.188516616,320.300000000,0.000000000,0.000000000
point-0002902,5427.734389575,290.538513021,209.188516616,320.300000000,0.000000000,0.000000000
point-0002903,5428.229972647,291.106165548,208.588516616,320.300000000,0.000000000,0.000000000
point-0002904,5430.542705073,287.251611504,208.588516616,320.300000000,0.000000000,0.000000000
point-0002905,5431.038288162,287.819264072,207.988516616,320.300000000,0.000000000,0.000000000
point-0002906,5433.351020563,291.673818074,207.988516616,320.300000000,0.000000000,0.000000000
point-0002907,5433.748875026,291.391525017,207.388516616,320.300000000,0.000000000,0.000000000
point-0002908,5435.551640052,288.386916640,207.388516616,320.300000000,0.000000000,0.000000000
point-0002909,5436.047223141,288.954569208,206.788516616,320.300000000,0.000000000,0.000000000
point-0002910,5437.128882156,290.757334234,206.788516616,320.300000000,0.000000000,0.000000000
point-0002911,5437.652705849,290.123143452,206.188516616,320.300000000,0.000000000,0.000000000
point-0002912,5438.013258854,289.522221776,206.188516616,320.300000000,0.000000000,0.000000000
point-0002913,5466.208903560,259.317624060,242.188516616,320.300000000,0.000000000,0.000000000
point-0002914,5467.499309462,257.166947556,242.188516616,320.300000000,0.000000000,0.000000000
point-0002915,5468.023135385,257.801143454,242.788516616,320.300000000,0.000000000,0.000000000
point-0002916,5468.592432232,258.749971534,242.788516616,320.300000000,0.000000000,0.000000000
point-0002917,5470.521624113,255.913897414,241.397486420,320.900000000,0.000000000,0.000000000
point-0002918,5500.161784962,290.155272815,205.789696581,320.900000000,0.000000000,0.000000000
point-0002919,5502.201790606,292.606005181,208.146383839,320.900000000,0.000000000,0.000000000
point-0002920,5531.553105551,258.698319607,243.407177233,320.900000000,0.000000000,0.000000000
point-0002921,5531.841941305,258.364628890,243.754149353,320.900000000,0.000000000,0.000000000
point-0002922,5533.881936448,255.913897414,241.397486420,320.900000000,0.000000000,0.000000000
point-0002923,5534.184094184,256.410504947,241.313879491,320.900000000,0.000000000,0.000000000
point-0002924,5536.514842378,260.295085270,241.313879491,320.900000000,0.000000000,0.000000000
point-0002925,5537.014286300,259.718109843,241.913879491,320.900000000,0.000000000,0.000000000
point-0002926,5538.714921890,256.883717194,241.913879491,320.900000000,0.000000000,0.000000000
point-0002927,5539.234299128,257.507666790,242.513879491,320.900000000,0.000000000,0.000000000
point-0002928,5540.214379703,259.141134415,242.513879491,320.900000000,0.000000000,0.000000000
point-0002929,5540.713823625,258.564158987,243.113879491,320.900000000,0.000000000,0.000000000
point-0002930,5540.973349187,258.131616386,243.113879491,320.900000000,0.000000000,0.000000000
point-0002931,5542.568609964,256.987480434,240.713879491,320.900000000,0.000000000,0.000000000
point-0002932,5544.899358122,260.872060698,240.713879491,320.900000000,0.000000000,0.000000000
point-0002933,5545.398802045,261.449036125,240.113879491,320.900000000,0.000000000,0.000000000
point-0002934,5547.729550168,257.564455920,240.113879491,320.900000000,0.000000000,0.000000000
point-0002935,5548.228994115,258.141431406,239.513879491,320.900000000,0.000000000,0.000000000
point-0002936,5550.559742203,262.026011553,239.513879491,320.900000000,0.000000000,0.000000000
point-0002937,5551.059186126,262.602986980,238.913879491,320.900000000,0.000000000,0.000000000
point-0002938,5553.389934179,258.718406892,238.913879491,320.900000000,0.000000000,0.000000000
point-0002939,5553.889378126,259.295382378,238.313879491,320.900000000,0.000000000,0.000000000
point-0002940,5556.220126144,263.179962408,238.313879491,320.900000000,0.000000000,0.000000000
point-0002941,5556.719570066,263.756937836,237.713879491,320.900000000,0.000000000,0.000000000
point-0002942,5559.050318049,259.872357865,237.713879491,320.900000000,0.000000000,0.000000000
point-0002943,5559.549761996,260.449333351,237.113879491,320.900000000,0.000000000,0.000000000
point-0002944,5561.880509943,264.333913263,237.113879491,320.900000000,0.000000000,0.000000000
point-0002945,5562.379953866,264.910888691,236.513879491,320.900000000,0.000000000,0.000000000
point-0002946,5564.710701778,261.026308837,236.513879491,320.900000000,0.000000000,0.000000000
point-0002947,5565.210145725,261.603284323,235.913879491,320.900000000,0.000000000,0.000000000
point-0002948,5567.540893602,265.487864118,235.913879491,320.900000000,0.000000000,0.000000000
point-0002949,5568.040337525,266.064839546,235.313879491,320.900000000,0.000000000,0.000000000
point-0002950,5570.371085367,262.180259809,235.313879491,320.900000000,0.000000000,0.000000000
point-0002951,5570.870529314,262.757235295,234.713879491,320.900000000,0.000000000,0.000000000
point-0002952,5573.201277121,266.641814973,234.713879491,320.900000000,0.000000000,0.000000000
point-0002953,5573.700721043,267.218790401,234.113879491,320.900000000,0.000000000,0.000000000
point-0002954,5576.031468815,263.334210782,234.113879491,320.900000000,0.000000000,0.000000000
point-0002955,5576.530912762,263.911186268,233.513879491,320.900000000,0.000000000,0.000000000
point-0002956,5578.861660498,267.795765828,233.513879491,320.900000000,0.000000000,0.000000000
point-0002957,5579.361104421,268.372741256,232.913879491,320.900000000,0.000000000,0.000000000
point-0002958,5581.691852122,264.488161754,232.913879491,320.900000000,0.000000000,0.000000000
point-0002959,5582.191296069,265.065137240,232.313879491,320.900000000,0.000000000,0.000000000
point-0002960,5584.522043735,268.949716684,232.313879491,320.900000000,0.000000000,0.000000000
point-0002961,5585.021487658,269.526692111,231.713879491,320.900000000,0.000000000,0.000000000
point-0002962,5587.352235288,265.642112726,231.713879491,320.900000000,0.000000000,0.000000000
point-0002963,5587.851679235,266.219088213,231.113879491,320.900000000,0.000000000,0.000000000
point-0002964,5590.182426831,270.103667539,231.113879491,320.900000000,0.000000000,0.000000000
point-0002965,5590.681870754,270.680642966,230.513879491,320.900000000,0.000000000,0.000000000
point-0002966,5593.012618314,266.796063699,230.513879491,320.900000000,0.000000000,0.000000000
point-0002967,5593.512062261,267.373039185,229.913879491,320.900000000,0.000000000,0.000000000
point-0002968,5595.842809786,271.257618394,229.913879491,320.900000000,0.000000000,0.000000000
point-0002969,5596.342253709,271.834593821,229.313879491,320.900000000,0.000000000,0.000000000
point-0002970,5598.673001199,267.950014671,229.313879491,320.900000000,0.000000000,0.000000000
point-0002971,5599.172445146,268.526990157,228.713879491,320.900000000,0.000000000,0.000000000
point-0002972,5601.503192601,272.411569249,228.713879491,320.900000000,0.000000000,0.000000000
point-0002973,5602.002636524,272.988544676,228.113879491,320.900000000,0.000000000,0.000000000
point-0002974,5604.333383943,269.103965644,228.113879491,320.900000000,0.000000000,0.000000000
point-0002975,5604.832827890,269.680941130,227.513879491,320.900000000,0.000000000,0.000000000
point-0002976,5607.163575275,273.565520104,227.513879491,320.900000000,0.000000000,0.000000000
point-0002977,5607.663019197,274.142495532,226.913879491,320.900000000,0.000000000,0.000000000
point-0002978,5609.993766547,270.257916616,226.913879491,320.900000000,0.000000000,0.000000000
point-0002979,5610.493210494,270.834892102,226.313879491,320.900000000,0.000000000,0.000000000
point-0002980,5612.823957808,274.719470959,226.313879491,320.900000000,0.000000000,0.000000000
point-0002981,5613.323401731,275.296446387,225.713879491,320.900000000,0.000000000,0.000000000
point-0002982,5615.654149010,271.411867588,225.713879491,320.900000000,0.000000000,0.000000000
point-0002983,5616.153592957,271.988843075,225.113879491,320.900000000,0.000000000,0.000000000
point-0002984,5618.484340201,275.873421814,225.113879491,320.900000000,0.000000000,0.000000000
point-0002985,5618.983784123,276.450397242,224.513879491,320.900000000,0.000000000,0.000000000
point-0002986,5621.314531332,272.565818561,224.513879491,320.900000000,0.000000000,0.000000000
point-0002987,5621.813975279,273.142794047,223.913879491,320.900000000,0.000000000,0.000000000
point-0002988,5624.144722452,277.027372669,223.913879491,320.900000000,0.000000000,0.000000000
point-0002989,5624.644166375,277.604348097,223.313879491,320.900000000,0.000000000,0.000000000
point-0002990,5626.974913513,273.719769533,223.313879491,320.900000000,0.000000000,0.000000000
point-0002991,5627.474357460,274.296745019,222.713879491,320.900000000,0.000000000,0.000000000
point-0002992,5629.805104563,278.181323525,222.713879491,320.900000000,0.000000000,0.000000000
point-0002993,5630.304548486,278.758298952,222.113879491,320.900000000,0.000000000,0.000000000
point-0002994,5632.635295554,274.873720506,222.113879491,320.900000000,0.000000000,0.000000000
point-0002995,5633.134739501,275.450695992,221.513879491,320.900000000,0.000000000,0.000000000
point-0002996,5635.465486534,279.335274380,221.513879491,320.900000000,0.000000000,0.000000000
point-0002997,5635.964930456,279.912249807,220.913879491,320.900000000,0.000000000,0.000000000
point-0002998,5638.295677454,276.027671478,220.913879491,320.900000000,0.000000000,0.000000000
point-0002999,5638.795121401,276.604646964,220.313879491,320.900000000,0.000000000,0.000000000
point-0003000,5641.125868363,280.489225235,220.313879491,320.900000000,0.000000000,0.000000000
point-0003001,5641.625312286,281.066200662,219.713879491,320.900000000,0.000000000,0.000000000
point-0003002,5643.956059213,277.181622450,219.713879491,320.900000000,0.000000000,0.000000000
point-0003003,5644.455503160,277.758597936,219.113879491,320.900000000,0.000000000,0.000000000
point-0003004,5646.786250052,281.643176090,219.113879491,320.900000000,0.000000000,0.000000000
point-0003005,5647.285693975,282.220151517,218.513879491,320.900000000,0.000000000,0.000000000
point-0003006,5649.616440832,278.335573423,218.513879491,320.900000000,0.000000000,0.000000000
point-0003007,5650.115884779,278.912548909,217.913879491,320.900000000,0.000000000,0.000000000
point-0003008,5652.446631600,282.797126945,217.913879491,320.900000000,0.000000000,0.000000000
point-0003009,5652.946075523,283.374102373,217.313879491,320.900000000,0.000000000,0.000000000
point-0003010,5655.276822310,279.489524395,217.313879491,320.900000000,0.000000000,0.000000000
point-0003011,5655.776266257,280.066499881,216.713879491,320.900000000,0.000000000,0.000000000
point-0003012,5658.107013008,283.951077800,216.713879491,320.900000000,0.000000000,0.000000000
point-0003013,5658.606456930,284.528053228,216.113879491,320.900000000,0.000000000,0.000000000
point-0003014,5660.937203647,280.643475367,216.113879491,320.900000000,0.000000000,0.000000000
point-0003015,5661.436647594,281.220450854,215.513879491,320.900000000,0.000000000,0.000000000
point-0003016,5663.767394275,285.105028655,215.513879491,320.900000000,0.000000000,0.000000000
point-0003017,5664.266838197,285.682004083,214.913879491,320.900000000,0.000000000,0.000000000
point-0003018,5666.597584843,281.797426340,214.913879491,320.900000000,0.000000000,0.000000000
point-0003019,5667.097028790,282.374401826,214.313879491,320.900000000,0.000000000,0.000000000
point-0003020,5669.427775401,286.258979510,214.313879491,320.900000000,0.000000000,0.000000000
point-0003021,5669.927219323,286.835954938,213.713879491,320.900000000,0.000000000,0.000000000
point-0003022,5672.257965899,282.951377312,213.713879491,320.900000000,0.000000000,0.000000000
point-0003023,5672.757409846,283.528352798,213.113879491,320.900000000,0.000000000,0.000000000
point-0003024,5675.088156386,287.412930365,213.113879491,320.900000000,0.000000000,0.000000000
point-0003025,5675.587600309,287.989905793,212.513879491,320.900000000,0.000000000,0.000000000
point-0003026,5677.918346814,284.105328285,212.513879491,320.900000000,0.000000000,0.000000000
point-0003027,5678.417790761,284.682303771,211.913879491,320.900000000,0.000000000,0.000000000
point-0003028,5680.748537231,288.566881221,211.913879491,320.900000000,0.000000000,0.000000000
point-0003029,5681.247981153,289.143856648,211.313879491,320.900000000,0.000000000,0.000000000
point-0003030,5683.578727588,285.259279257,211.313879491,320.900000000,0.000000000,0.000000000
point-0003031,5684.078171535,285.836254743,210.713879491,320.900000000,0.000000000,0.000000000
point-0003032,5686.408917934,289.720832076,210.713879491,320.900000000,0.000000000,0.000000000
point-0003033,5686.908361857,290.297807503,210.113879491,320.900000000,0.000000000,0.000000000
point-0003034,5689.239108221,286.413230229,210.113879491,320.900000000,0.000000000,0.000000000
point-0003035,5689.738552168,286.990205716,209.513879491,320.900000000,0.000000000,0.000000000
point-0003036,5692.069298498,290.874782931,209.513879491,320.900000000,0.000000000,0.000000000
point-0003037,5692.568742420,291.451758358,208.913879491,320.900000000,0.000000000,0.000000000
point-0003038,5694.899488714,287.567181202,208.913879491,320.900000000,0.000000000,0.000000000
point-0003039,5695.398932661,288.144156688,208.313879491,320.900000000,0.000000000,0.000000000
point-0003040,5697.729678920,292.028733786,208.313879491,320.900000000,0.000000000,0.000000000
point-0003041,5698.133604518,291.723429346,207.713879491,320.900000000,0.000000000,0.000000000
point-0003042,5699.934982821,288.721132174,207.713879491,320.900000000,0.000000000,0.000000000
point-0003043,5700.434426768,289.298107660,207.113879491,320.900000000,0.000000000,0.000000000
point-0003044,5701.515253750,291.099485964,207.113879491,320.900000000,0.000000000,0.000000000
point-0003045,5702.034628301,290.475542581,206.513879491,320.900000000,0.000000000,0.000000000
point-0003046,5702.394903961,289.875083147,206.513879491,320.900000000,0.000000000,0.000000000
point-0003047,5731.599836840,255.983107819,241.445509042,321.500000000,0.000000000,0.000000000
point-0003048,5761.239979253,290.510696248,206.115223338,321.500000000,0.000000000,0.000000000
point-0003049,5763.279982645,292.942328100,208.491608191,321.500000000,0.000000000,0.000000000
point-0003050,5792.631269225,258.751231578,243.477590884,321.500000000,0.000000000,0.000000000
point-0003051,5792.920113210,258.414739651,243.821866266,321.500000000,0.000000000,0.000000000
point-0003052,5794.960105007,255.983107819,241.445509042,321.500000000,0.000000000,0.000000000
point-0003053,5795.354286931,256.610796177,241.639459400,321.500000000,0.000000000,0.000000000
point-0003054,5797.464686253,260.128128380,241.639459400,321.500000000,0.000000000,0.000000000
point-0003055,5797.968052762,259.541760460,242.239459400,321.500000000,0.000000000,0.000000000
point-0003056,5799.358257650,257.224752313,242.239459400,321.500000000,0.000000000,0.000000000
point-0003057,5799.873329654,257.838708449,242.839459400,321.500000000,0.000000000,0.000000000
point-0003058,5800.543340108,258.955392540,242.839459400,321.500000000,0.000000000,0.000000000
point-0003059,5802.053439633,260.714496301,241.039459400,321.500000000,0.000000000,0.000000000
point-0003060,5804.402490652,256.799411269,241.039459400,321.500000000,0.000000000,0.000000000
point-0003061,5804.905857192,257.385779264,240.439459400,321.500000000,0.000000000,0.000000000
point-0003062,5807.254908166,261.300864221,240.439459400,321.500000000,0.000000000,0.000000000
point-0003063,5807.758274674,261.887232142,239.839459400,321.500000000,0.000000000,0.000000000
point-0003064,5810.107325604,257.972147259,239.839459400,321.500000000,0.000000000,0.000000000
point-0003065,5810.610692144,258.558515254,239.239459400,321.500000000,0.000000000,0.000000000
point-0003066,5812.959743029,262.473600062,239.239459400,321.500000000,0.000000000,0.000000000
point-0003067,5813.463109537,263.059967982,238.639459400,321.500000000,0.000000000,0.000000000
point-0003068,5815.812160377,259.144883249,238.639459400,321.500000000,0.000000000,0.000000000
point-0003069,5816.315526917,259.731251243,238.039459400,321.500000000,0.000000000,0.000000000
point-0003070,5818.664577712,263.646335903,238.039459400,321.500000000,0.000000000,0.000000000
point-0003071,5819.167944220,264.232703823,237.439459400,321.500000000,0.000000000,0.000000000
point-0003072,5821.516994971,260.317619238,237.439459400,321.500000000,0.000000000,0.000000000
point-0003073,5822.020361511,260.903987233,236.839459400,321.500000000,0.000000000,0.000000000
point-0003074,5824.369412217,264.819071743,236.839459400,321.500000000,0.000000000,0.000000000
point-0003075,5824.872778725,265.405439664,236.239459400,321.500000000,0.000000000,0.000000000
point-0003076,5827.221829386,261.490355228,236.239459400,321.500000000,0.000000000,0.000000000
point-0003077,5827.725195926,262.076723223,235.639459400,321.500000000,0.000000000,0.000000000
point-0003078,5830.074246542,265.991807584,235.639459400,321.500000000,0.000000000,0.000000000
point-0003079,5830.577613051,266.578175504,235.039459400,321.500000000,0.000000000,0.000000000
point-0003080,5832.926663623,262.663091218,235.039459400,321.500000000,0.000000000,0.000000000
point-0003081,5833.430030162,263.249459213,234.439459400,321.500000000,0.000000000,0.000000000
point-0003082,5835.779080689,267.164543425,234.439459400,321.500000000,0.000000000,0.000000000
point-0003083,5836.282447198,267.750911345,233.839459400,321.500000000,0.000000000,0.000000000
point-0003084,5838.631497680,263.835827208,233.839459400,321.500000000,0.000000000,0.000000000
point-0003085,5839.134864220,264.422195203,233.239459400,321.500000000,0.000000000,0.000000000
point-0003086,5841.483914657,268.337279265,233.239459400,321.500000000,0.000000000,0.000000000
point-0003087,5841.987281166,268.923647186,232.639459400,321.500000000,0.000000000,0.000000000
point-0003088,5844.336331559,265.008563198,232.639459400,321.500000000,0.000000000,0.000000000
point-0003089,5844.839698098,265.594931192,232.039459400,321.500000000,0.000000000,0.000000000
point-0003090,5847.188748446,269.510015106,232.039459400,321.500000000,0.000000000,0.000000000
point-0003091,5847.692114955,270.096383027,231.439459400,321.500000000,0.000000000,0.000000000
point-0003092,5850.041165258,266.181299187,231.439459400,321.500000000,0.000000000,0.000000000
point-0003093,5850.544531798,266.767667182,230.839459400,321.500000000,0.000000000,0.000000000
point-0003094,5852.893582057,270.682750947,230.839459400,321.500000000,0.000000000,0.000000000
point-0003095,5853.396948565,271.269118867,230.239459400,321.500000000,0.000000000,0.000000000
point-0003096,5855.745998779,267.354035177,230.239459400,321.500000000,0.000000000,0.000000000
point-0003097,5856.249365319,267.940403172,229.639459400,321.500000000,0.000000000,0.000000000
point-0003098,5858.598415488,271.855486788,229.639459400,321.500000000,0.000000000,0.000000000
point-0003099,5859.101781996,272.441854708,229.039459400,321.500000000,0.000000000,0.000000000
point-0003100,5861.450832121,268.526771167,229.039459400,321.500000000,0.000000000,0.000000000
point-0003101,5861.954198660,269.113139162,228.439459400,321.500000000,0.000000000,0.000000000
point-0003102,5864.303248740,273.028222628,228.439459400,321.500000000,0.000000000,0.000000000
point-0003103,5864.806615249,273.614590549,227.839459400,321.500000000,0.000000000,0.000000000
point-0003104,5867.155665284,269.699507157,227.839459400,321.500000000,0.000000000,0.000000000
point-0003105,5867.659031823,270.285875152,227.239459400,321.500000000,0.000000000,0.000000000
point-0003106,5870.008081814,274.200958469,227.239459400,321.500000000,0.000000000,0.000000000
point-0003107,5870.511448322,274.787326389,226.639459400,321.500000000,0.000000000,0.000000000
point-0003108,5872.860498268,270.872243146,226.639459400,321.500000000,0.000000000,0.000000000
point-0003109,5873.363864808,271.458611141,226.039459400,321.500000000,0.000000000,0.000000000
point-0003110,5875.712914709,275.373694310,226.039459400,321.500000000,0.000000000,0.000000000
point-0003111,5876.216281217,275.960062230,225.439459400,321.500000000,0.000000000,0.000000000
point-0003112,5878.565331073,272.044979136,225.439459400,321.500000000,0.000000000,0.000000000
point-0003113,5879.068697613,272.631347131,224.839459400,321.500000000,0.000000000,0.000000000
point-0003114,5881.417747424,276.546430150,224.839459400,321.500000000,0.000000000,0.000000000
point-0003115,5881.921113933,277.132798071,224.239459400,321.500000000,0.000000000,0.000000000
point-0003116,5884.270163700,273.217715126,224.239459400,321.500000000,0.000000000,0.000000000
point-0003117,5884.773530239,273.804083121,223.639459400,321.500000000,0.000000000,0.000000000
point-0003118,5887.122579961,277.719165991,223.639459400,321.500000000,0.000000000,0.000000000
point-0003119,5887.625946470,278.305533912,223.039459400,321.500000000,0.000000000,0.000000000
point-0003120,5889.974996147,274.390451116,223.039459400,321.500000000,0.000000000,0.000000000
point-0003121,5890.478362687,274.976819111,222.439459400,321.500000000,0.000000000,0.000000000
point-0003122,5892.827412319,278.891901832,222.439459400,321.500000000,0.000000000,0.000000000
point-0003123,5893.330778828,279.478269752,221.839459400,321.500000000,0.000000000,0.000000000
point-0003124,5895.679828416,275.563187106,221.839459400,321.500000000,0.000000000,0.000000000
point-0003125,5896.183194955,276.149555100,221.239459400,321.500000000,0.000000000,0.000000000
point-0003126,5898.532244498,280.064637673,221.239459400,321.500000000,0.000000000,0.000000000
point-0003127,5899.035611007,280.651005593,220.639459400,321.500000000,0.000000000,0.000000000
point-0003128,5901.384660505,276.735923095,220.639459400,321.500000000,0.000000000,0.000000000
point-0003129,5901.888027045,277.322291090,220.039459400,321.500000000,0.000000000,0.000000000
point-0003130,5904.237076499,281.237373513,220.039459400,321.500000000,0.000000000,0.000000000
point-0003131,5904.740443007,281.823741434,219.439459400,321.500000000,0.000000000,0.000000000
point-0003132,5907.089492416,277.908659085,219.439459400,321.500000000,0.000000000,0.000000000
point-0003133,5907.592858956,278.495027080,218.839459400,321.500000000,0.000000000,0.000000000
point-0003134,5909.941908320,282.410109354,218.839459400,321.500000000,0.000000000,0.000000000
point-0003135,5910.445274828,282.996477274,218.239459400,321.500000000,0.000000000,0.000000000
point-0003136,5912.794324148,279.081395075,218.239459400,321.500000000,0.000000000,0.000000000
point-0003137,5913.297690688,279.667763070,217.639459400,321.500000000,0.000000000,0.000000000
point-0003138,5915.646739962,283.582845195,217.639459400,321.500000000,0.000000000,0.000000000
point-0003139,5916.150106471,284.169213115,217.039459400,321.500000000,0.000000000,0.000000000
point-0003140,5918.499155701,280.254131065,217.039459400,321.500000000,0.000000000,0.000000000
point-0003141,5919.002522241,280.840499060,216.439459400,321.500000000,0.000000000,0.000000000
point-0003142,5921.351571426,284.755581035,216.439459400,321.500000000,0.000000000,0.000000000
point-0003143,5921.854937934,285.341948956,215.839459400,321.500000000,0.000000000,0.000000000
point-0003144,5924.203987075,281.426867055,215.839459400,321.500000000,0.000000000,0.000000000
point-0003145,5924.707353615,282.013235049,215.239459400,321.500000000,0.000000000,0.000000000
point-0003146,5927.056402711,285.928316876,215.239459400,321.500000000,0.000000000,0.000000000
point-0003147,5927.559769219,286.514684797,214.639459400,321.500000000,0.000000000,0.000000000
point-0003148,5929.908818270,282.599603044,214.639459400,321.500000000,0.000000000,0.000000000
point-0003149,5930.412184810,283.185971039,214.039459400,321.500000000,0.000000000,0.000000000
point-0003150,5932.761233817,287.101052717,214.039459400,321.500000000,0.000000000,0.000000000
point-0003151,5933.264600325,287.687420637,213.439459400,321.500000000,0.000000000,0.000000000
point-0003152,5935.613649287,283.772339034,213.439459400,321.500000000,0.000000000,0.000000000
point-0003153,5936.117015826,284.358707029,212.839459400,321.500000000,0.000000000,0.000000000
point-0003154,5938.466064743,288.273788558,212.839459400,321.500000000,0.000000000,0.000000000
point-0003155,5938.969431252,288.860156478,212.239459400,321.500000000,0.000000000,0.000000000
point-0003156,5941.318480124,284.945075024,212.239459400,321.500000000,0.000000000,0.000000000
point-0003157,5941.821846664,285.531443019,211.639459400,321.500000000,0.000000000,0.000000000
point-0003158,5944.170895492,289.446524398,211.639459400,321.500000000,0.000000000,0.000000000
point-0003159,5944.674262000,290.032892319,211.039459400,321.500000000,0.000000000,0.000000000
point-0003160,5947.023310783,286.117811014,211.039459400,321.500000000,0.000000000,0.000000000
point-0003161,5947.526677322,286.704179009,210.439459400,321.500000000,0.000000000,0.000000000
point-0003162,5949.875726061,290.619260239,210.439459400,321.500000000,0.000000000,0.000000000
point-0003163,5950.379092569,291.205628159,209.839459400,321.500000000,0.000000000,0.000000000
point-0003164,5952.728141263,287.290547003,209.839459400,321.500000000,0.000000000,0.000000000
point-0003165,5953.231507802,287.876914998,209.239459400,321.500000000,0.000000000,0.000000000
point-0003166,5955.580556451,291.791996080,209.239459400,321.500000000,0.000000000,0.000000000
point-0003167,5956.083922959,292.378364000,208.639459400,321.500000000,0.000000000,0.000000000
point-0003168,5958.432971563,288.463282993,208.639459400,321.500000000,0.000000000,0.000000000
point-0003169,5958.936338103,289.049650988,208.039459400,321.500000000,0.000000000,0.000000000
point-0003170,5960.736813599,292.050443482,208.039459400,321.500000000,0.000000000,0.000000000
point-0003171,5961.251882543,291.436494480,207.439459400,321.500000000,0.000000000,0.000000000
point-0003172,5962.332167841,289.636018983,207.439459400,321.500000000,0.000000000,0.000000000
point-0003173,5962.835534380,290.222386978,206.839459400,321.500000000,0.000000000,0.000000000
point-0003174,5963.195629479,290.822545477,206.839459400,321.500000000,0.000000000,0.000000000
point-0003175,5992.652575946,256.051351036,241.493669842,322.100000000,0.000000000,0.000000000
point-0003176,6022.292703633,290.860510509,206.440803444,322.100000000,0.000000000,0.000000000
point-0003177,6024.332705281,293.273047991,208.836566699,322.100000000,0.000000000,0.000000000
point-0003178,6053.683969901,258.803134047,243.547825944,322.100000000,0.000000000,0.000000000
point-0003179,6053.972819768,258.463889376,243.889402943,322.100000000,0.000000000,0.000000000
point-0003180,6056.012809033,256.051351036,241.493669842,322.100000000,0.000000000,0.000000000
point-0003181,6056.352008867,256.601861927,241.365064931,322.100000000,0.000000000,0.000000000
point-0003182,6058.719647763,260.547926753,241.365064931,322.100000000,0.000000000,0.000000000
point-0003183,6059.226997803,261.143754989,240.765064931,322.100000000,0.000000000,0.000000000
point-0003184,6061.594636645,257.197690251,240.765064931,322.100000000,0.000000000,0.000000000
point-0003185,6062.101986723,257.793518576,240.165064931,322.100000000,0.000000000,0.000000000
point-0003186,6064.469625513,261.739583225,240.165064931,322.100000000,0.000000000,0.000000000
point-0003187,6064.976975553,262.335411461,239.565064931,322.100000000,0.000000000,0.000000000
point-0003188,6067.344614289,258.389346900,239.565064931,322.100000000,0.000000000,0.000000000
point-0003189,6067.851964367,258.985175225,238.965064931,322.100000000,0.000000000,0.000000000
point-0003190,6070.219603050,262.931239697,238.965064931,322.100000000,0.000000000,0.000000000
point-0003191,6070.726953090,263.527067933,238.365064931,322.100000000,0.000000000,0.000000000
point-0003192,6073.094591721,259.581003549,238.365064931,322.100000000,0.000000000,0.000000000
point-0003193,6073.601941798,260.176831874,237.765064931,322.100000000,0.000000000,0.000000000
point-0003194,6075.969580375,264.122896169,237.765064931,322.100000000,0.000000000,0.000000000
point-0003195,6076.476930416,264.718724405,237.165064931,322.100000000,0.000000000,0.000000000
point-0003196,6078.844568940,260.772660198,237.165064931,322.100000000,0.000000000,0.000000000
point-0003197,6079.351919017,261.368488523,236.565064931,322.100000000,0.000000000,0.000000000
point-0003198,6081.719557488,265.314552641,236.565064931,322.100000000,0.000000000,0.000000000
point-0003199,6082.226907529,265.910380877,235.965064931,322.100000000,0.000000000,0.000000000
point-0003200,6084.594545947,261.964316847,235.965064931,322.100000000,0.000000000,0.000000000
point-0003201,6085.101896024,262.560145172,235.365064931,322.100000000,0.000000000,0.000000000
point-0003202,6087.469534389,266.506209113,235.365064931,322.100000000,0.000000000,0.000000000
point-0003203,6087.976884429,267.102037349,234.765064931,322.100000000,0.000000000,0.000000000
point-0003204,6090.344522741,263.155973496,234.765064931,322.100000000,0.000000000,0.000000000
point-0003205,6090.851872818,263.751801821,234.165064931,322.100000000,0.000000000,0.000000000
point-0003206,6093.219511077,267.697865585,234.165064931,322.100000000,0.000000000,0.000000000
point-0003207,6093.726861117,268.293693821,233.565064931,322.100000000,0.000000000,0.000000000
point-0003208,6096.094499323,264.347630145,233.565064931,322.100000000,0.000000000,0.000000000
point-0003209,6096.601849401,264.943458470,232.965064931,322.100000000,0.000000000,0.000000000
point-0003210,6098.969487553,268.889522057,232.965064931,322.100000000,0.000000000,0.000000000
point-0003211,6099.476837593,269.485350294,232.365064931,322.100000000,0.000000000,0.000000000
point-0003212,6101.844475693,265.539286794,232.365064931,322.100000000,0.000000000,0.000000000
point-0003213,6102.351825770,266.135115119,231.765064931,322.100000000,0.000000000,0.000000000
point-0003214,6104.719463817,270.081178530,231.765064931,322.100000000,0.000000000,0.000000000
point-0003215,6105.226813857,270.677006766,231.165064931,322.100000000,0.000000000,0.000000000
point-0003216,6107.594451850,266.730943443,231.165064931,322.100000000,0.000000000,0.000000000
point-0003217,6108.101801928,267.326771768,230.565064931,322.100000000,0.000000000,0.000000000
point-0003218,6110.469439868,271.272835002,230.565064931,322.100000000,0.000000000,0.000000000
point-0003219,6110.976789908,271.868663238,229.965064931,322.100000000,0.000000000,0.000000000
point-0003220,6113.344427795,267.922600093,229.965064931,322.100000000,0.000000000,0.000000000
point-0003221,6113.851777873,268.518428417,229.365064931,322.100000000,0.000000000,0.000000000
point-0003222,6116.219415707,272.464491474,229.365064931,322.100000000,0.000000000,0.000000000
point-0003223,6116.726765747,273.060319710,228.765064931,322.100000000,0.000000000,0.000000000
point-0003224,6119.094403528,269.114256742,228.765064931,322.100000000,0.000000000,0.000000000
point-0003225,6119.601753605,269.710085066,228.165064931,322.100000000,0.000000000,0.000000000
point-0003226,6121.969391333,273.656147946,228.165064931,322.100000000,0.000000000,0.000000000
point-0003227,6122.476741373,274.251976182,227.565064931,322.100000000,0.000000000,0.000000000
point-0003228,6124.844379048,270.305913391,227.565064931,322.100000000,0.000000000,0.000000000
point-0003229,6125.351729126,270.901741715,226.965064931,322.100000000,0.000000000,0.000000000
point-0003230,6127.719366747,274.847804418,226.965064931,322.100000000,0.000000000,0.000000000
point-0003231,6128.226716787,275.443632654,226.365064931,322.100000000,0.000000000,0.000000000
point-0003232,6130.594354356,271.497570040,226.365064931,322.100000000,0.000000000,0.000000000
point-0003233,6131.101704434,272.093398364,225.765064931,322.100000000,0.000000000,0.000000000
point-0003234,6133.469341949,276.039460890,225.765064931,322.100000000,0.000000000,0.000000000
point-0003235,6133.976691989,276.635289126,225.165064931,322.100000000,0.000000000,0.000000000
point-0003236,6136.344329452,272.689226689,225.165064931,322.100000000,0.000000000,0.000000000
point-0003237,6136.851679529,273.285055013,224.565064931,322.100000000,0.000000000,0.000000000
point-0003238,6139.219316938,277.231117362,224.565064931,322.100000000,0.000000000,0.000000000
point-0003239,6139.726666979,277.826945598,223.965064931,322.100000000,0.000000000,0.000000000
point-0003240,6142.094304335,273.880883338,223.965064931,322.100000000,0.000000000,0.000000000
point-0003241,6142.601654412,274.476711662,223.365064931,322.100000000,0.000000000,0.000000000
point-0003242,6144.969291715,278.422773834,223.365064931,322.100000000,0.000000000,0.000000000
point-0003243,6145.476641756,279.018602070,222.765064931,322.100000000,0.000000000,0.000000000
point-0003244,6147.844279006,275.072539987,222.765064931,322.100000000,0.000000000,0.000000000
point-0003245,6148.351629083,275.668368311,222.165064931,322.100000000,0.000000000,0.000000000
point-0003246,6150.719266280,279.614430306,222.165064931,322.100000000,0.000000000,0.000000000
point-0003247,6151.226616320,280.210258542,221.565064931,322.100000000,0.000000000,0.000000000
point-0003248,6153.594253464,276.264196636,221.565064931,322.100000000,0.000000000,0.000000000
point-0003249,6154.101603542,276.860024960,220.965064931,322.100000000,0.000000000,0.000000000
point-0003250,6156.469240633,280.806086778,220.965064931,322.100000000,0.000000000,0.000000000
point-0003251,6156.976590673,281.401915014,220.365064931,322.100000000,0.000000000,0.000000000
point-0003252,6159.344227710,277.455853285,220.365064931,322.100000000,0.000000000,0.000000000
point-0003253,6159.851577788,278.051681609,219.765064931,322.100000000,0.000000000,0.000000000
point-0003254,6162.219214773,281.997743250,219.765064931,322.100000000,0.000000000,0.000000000
point-0003255,6162.726564813,282.593571486,219.165064931,322.100000000,0.000000000,0.000000000
point-0003256,6165.094201744,278.647509934,219.165064931,322.100000000,0.000000000,0.000000000
point-0003257,6165.601551822,279.243338258,218.565064931,322.100000000,0.000000000,0.000000000
point-0003258,6167.969188700,283.189399722,218.565064931,322.100000000,0.000000000,0.000000000
point-0003259,6168.476538740,283.785227958,217.965064931,322.100000000,0.000000000,0.000000000
point-0003260,6170.844175566,279.839166583,217.965064931,322.100000000,0.000000000,0.000000000
point-0003261,6171.351525643,280.434994907,217.365064931,322.100000000,0.000000000,0.000000000
point-0003262,6173.719162416,284.381056194,217.365064931,322.100000000,0.000000000,0.000000000
point-0003263,6174.226512456,284.976884430,216.765064931,322.100000000,0.000000000,0.000000000
point-0003264,6176.594149175,281.030823232,216.765064931,322.100000000,0.000000000,0.000000000
point-0003265,6177.101499252,281.626651556,216.165064931,322.100000000,0.000000000,0.000000000
point-0003266,6179.469135919,285.572712666,216.165064931,322.100000000,0.000000000,0.000000000
point-0003267,6179.976485959,286.168540902,215.565064931,322.100000000,0.000000000,0.000000000
point-0003268,6182.344122572,282.222479881,215.565064931,322.100000000,0.000000000,0.000000000
point-0003269,6182.851472649,282.818308205,214.965064931,322.100000000,0.000000000,0.000000000
point-0003270,6185.219109209,286.764369139,214.965064931,322.100000000,0.000000000,0.000000000
point-0003271,6185.726459249,287.360197375,214.365064931,322.100000000,0.000000000,0.000000000
point-0003272,6188.094095756,283.414136530,214.365064931,322.100000000,0.000000000,0.000000000
point-0003273,6188.601445834,284.009964854,213.765064931,322.100000000,0.000000000,0.000000000
point-0003274,6190.969082287,287.956025611,213.765064931,322.100000000,0.000000000,0.000000000
point-0003275,6191.476432328,288.551853847,213.165064931,322.100000000,0.000000000,0.000000000
point-0003276,6193.844068728,284.605793179,213.165064931,322.100000000,0.000000000,0.000000000
point-0003277,6194.351418806,285.201621503,212.565064931,322.100000000,0.000000000,0.000000000
point-0003278,6196.719055153,289.147682083,212.565064931,322.100000000,0.000000000,0.000000000
point-0003279,6197.226405193,289.743510319,211.965064931,322.100000000,0.000000000,0.000000000
point-0003280,6199.594041488,285.797449828,211.965064931,322.100000000,0.000000000,0.000000000
point-0003281,6200.101391565,286.393278152,211.365064931,322.100000000,0.000000000,0.000000000
point-0003282,6202.469027807,290.339338555,211.365064931,322.100000000,0.000000000,0.000000000
point-0003283,6202.976377847,290.935166791,210.765064931,322.100000000,0.000000000,0.000000000
point-0003284,6205.344014035,286.989106477,210.765064931,322.100000000,0.000000000,0.000000000
point-0003285,6205.851364113,287.584934801,210.165064931,322.100000000,0.000000000,0.000000000
point-0003286,6208.219000248,291.530995027,210.165064931,322.100000000,0.000000000,0.000000000
point-0003287,6208.726350288,292.126823263,209.565064931,322.100000000,0.000000000,0.000000000
point-0003288,6211.093986370,288.180763126,209.565064931,322.100000000,0.000000000,0.000000000
point-0003289,6211.601336448,288.776591451,208.965064931,322.100000000,0.000000000,0.000000000
point-0003290,6213.968972477,292.722651499,208.965064931,322.100000000,0.000000000,0.000000000
point-0003291,6214.385793717,292.372493019,208.365064931,322.100000000,0.000000000,0.000000000
point-0003292,6216.185837663,289.372419775,208.365064931,322.100000000,0.000000000,0.000000000
point-0003293,6216.693187741,289.968248100,207.765064931,322.100000000,0.000000000,0.000000000
point-0003294,6217.773214109,291.768292046,207.765064931,322.100000000,0.000000000,0.000000000
point-0003295,6218.284116422,291.164091073,207.165064931,322.100000000,0.000000000,0.000000000
point-0003296,6218.644125211,290.564076424,207.165064931,322.100000000,0.000000000,0.000000000
point-0003297,6246.452899886,259.952098517,241.965064931,322.100000000,0.000000000,0.000000000
point-0003298,6248.253074495,256.951807501,241.965064931,322.100000000,0.000000000,0.000000000
point-0003299,6248.763980138,257.556016293,242.565064931,322.100000000,0.000000000,0.000000000
point-0003300,6249.844132530,259.356270281,242.565064931,322.100000000,0.000000000,0.000000000
point-0003301,6250.351482571,258.760442045,243.165064931,322.100000000,0.000000000,0.000000000
point-0003302,6250.711612746,258.160225086,243.165064931,322.100000000,0.000000000,0.000000000
point-0003303,6252.317408850,256.118613427,241.541936104,322.700000000,0.000000000,0.000000000
point-0003304,6281.957525021,291.204656622,206.766244847,322.700000000,0.000000000,0.000000000
point-0003305,6283.997525460,293.598116907,209.181064270,322.700000000,0.000000000,0.000000000
point-0003306,6313.348774891,258.854022817,243.617845981,322.700000000,0.000000000,0.000000000
point-0003307,6313.637627524,258.512075427,243.956723858,322.700000000,0.000000000,0.000000000
point-0003308,6315.677615193,256.118613427,241.541936104,322.700000000,0.000000000,0.000000000
point-0003309,6316.030839092,256.688264815,241.690504730,322.700000000,0.000000000,0.000000000
point-0003310,6318.241321552,260.372402249,241.690504730,322.700000000,0.000000000,0.000000000
point-0003311,6318.752715149,260.977756623,241.090504730,322.700000000,0.000000000,0.000000000
point-0003312,6321.139222603,257.000244199,241.090504730,322.700000000,0.000000000,0.000000000
point-0003313,6321.650616242,257.605598673,240.490504730,322.700000000,0.000000000,0.000000000
point-0003314,6324.037123637,261.583110998,240.490504730,322.700000000,0.000000000,0.000000000
point-0003315,6324.548517234,262.188465372,239.890504730,322.700000000,0.000000000,0.000000000
point-0003316,6326.935024569,258.210953148,239.890504730,322.700000000,0.000000000,0.000000000
point-0003317,6327.446418208,258.816307622,239.290504730,322.700000000,0.000000000,0.000000000
point-0003318,6329.832925483,262.793819747,239.290504730,322.700000000,0.000000000,0.000000000
point-0003319,6330.344319080,263.399174121,238.690504730,322.700000000,0.000000000,0.000000000
point-0003320,6332.730826295,259.421662096,238.690504730,322.700000000,0.000000000,0.000000000
point-0003321,6333.242219934,260.027016570,238.090504730,322.700000000,0.000000000,0.000000000
point-0003322,6335.628727090,264.004528496,238.090504730,322.700000000,0.000000000,0.000000000
point-0003323,6336.140120686,264.609882870,237.490504730,322.700000000,0.000000000,0.000000000
point-0003324,6338.526627782,260.632371044,237.490504730,322.700000000,0.000000000,0.000000000
point-0003325,6339.038021421,261.237725519,236.890504730,322.700000000,0.000000000,0.000000000
point-0003326,6341.424528457,265.215237245,236.890504730,322.700000000,0.000000000,0.000000000
point-0003327,6341.935922054,265.820591620,236.290504730,322.700000000,0.000000000,0.000000000
point-0003328,6344.322429030,261.843079993,236.290504730,322.700000000,0.000000000,0.000000000
point-0003329,6344.833822669,262.448434467,235.690504730,322.700000000,0.000000000,0.000000000
point-0003330,6347.220329585,266.425945994,235.690504730,322.700000000,0.000000000,0.000000000
point-0003331,6347.731723182,267.031300369,235.090504730,322.700000000,0.000000000,0.000000000
point-0003332,6350.118230038,263.053788941,235.090504730,322.700000000,0.000000000,0.000000000
point-0003333,6350.629623677,263.659143416,234.490504730,322.700000000,0.000000000,0.000000000
point-0003334,6353.016130474,267.636654743,234.490504730,322.700000000,0.000000000,0.000000000
point-0003335,6353.527524071,268.242009118,233.890504730,322.700000000,0.000000000,0.000000000
point-0003336,6355.914030807,264.264497890,233.890504730,322.700000000,0.000000000,0.000000000
point-0003337,6356.425424446,264.869852364,233.290504730,322.700000000,0.000000000,0.000000000
point-0003338,6358.811931123,268.847363492,233.290504730,322.700000000,0.000000000,0.000000000
point-0003339,6359.323324720,269.452717867,232.690504730,322.700000000,0.000000000,0.000000000
point-0003340,6361.709831337,265.475206838,232.690504730,322.700000000,0.000000000,0.000000000
point-0003341,6362.221224976,266.080561312,232.090504730,322.700000000,0.000000000,0.000000000
point-0003342,6364.607731534,270.058072241,232.090504730,322.700000000,0.000000000,0.000000000
point-0003343,6365.119125130,270.663426616,231.490504730,322.700000000,0.000000000,0.000000000
point-0003344,6367.505631628,266.685915787,231.490504730,322.700000000,0.000000000,0.000000000
point-0003345,6368.017025267,267.291270261,230.890504730,322.700000000,0.000000000,0.000000000
point-0003346,6370.403531705,271.268780990,230.890504730,322.700000000,0.000000000,0.000000000
point-0003347,6370.914925302,271.874135365,230.290504730,322.700000000,0.000000000,0.000000000
point-0003348,6373.301431679,267.896624735,230.290504730,322.700000000,0.000000000,0.000000000
point-0003349,6373.812825319,268.501979209,229.690504730,322.700000000,0.000000000,0.000000000
point-0003350,6376.199331637,272.479489739,229.690504730,322.700000000,0.000000000,0.000000000
point-0003351,6376.710725233,273.084844114,229.090504730,322.700000000,0.000000000,0.000000000
point-0003352,6379.097231492,269.107333684,229.090504730,322.700000000,0.000000000,0.000000000
point-0003353,6379.608625131,269.712688158,228.490504730,322.700000000,0.000000000,0.000000000
point-0003354,6381.995131329,273.690198489,228.490504730,322.700000000,0.000000000,0.000000000
point-0003355,6382.506524926,274.295552863,227.890504730,322.700000000,0.000000000,0.000000000
point-0003356,6384.893031065,270.318042632,227.890504730,322.700000000,0.000000000,0.000000000
point-0003357,6385.404424704,270.923397106,227.290504730,322.700000000,0.000000000,0.000000000
point-0003358,6387.790930783,274.900907238,227.290504730,322.700000000,0.000000000,0.000000000
point-0003359,6388.302324379,275.506261612,226.690504730,322.700000000,0.000000000,0.000000000
point-0003360,6390.688830398,271.528751580,226.690504730,322.700000000,0.000000000,0.000000000
point-0003361,6391.200224037,272.134106055,226.090504730,322.700000000,0.000000000,0.000000000
point-0003362,6393.586729997,276.111615987,226.090504730,322.700000000,0.000000000,0.000000000
point-0003363,6394.098123593,276.716970361,225.490504730,322.700000000,0.000000000,0.000000000
point-0003364,6396.484629493,272.739460529,225.490504730,322.700000000,0.000000000,0.000000000
point-0003365,6396.996023132,273.344815003,224.890504730,322.700000000,0.000000000,0.000000000
point-0003366,6399.382528971,277.322324736,224.890504730,322.700000000,0.000000000,0.000000000
point-0003367,6399.893922568,277.927679110,224.290504730,322.700000000,0.000000000,0.000000000
point-0003368,6402.280428348,273.950169477,224.290504730,322.700000000,0.000000000,0.000000000
point-0003369,6402.791821987,274.555523952,223.690504730,322.700000000,0.000000000,0.000000000
point-0003370,6405.178327707,278.533033485,223.690504730,322.700000000,0.000000000,0.000000000
point-0003371,6405.689721304,279.138387859,223.090504730,322.700000000,0.000000000,0.000000000
point-0003372,6408.076226964,275.160878426,223.090504730,322.700000000,0.000000000,0.000000000
point-0003373,6408.587620603,275.766232900,222.490504730,322.700000000,0.000000000,0.000000000
point-0003374,6410.974126203,279.743742234,222.490504730,322.700000000,0.000000000,0.000000000
point-0003375,6411.485519800,280.349096608,221.890504730,322.700000000,0.000000000,0.000000000
point-0003376,6413.872025340,276.371587374,221.890504730,322.700000000,0.000000000,0.000000000
point-0003377,6414.383418980,276.976941848,221.290504730,322.700000000,0.000000000,0.000000000
point-0003378,6416.769924460,280.954450983,221.290504730,322.700000000,0.000000000,0.000000000
point-0003379,6417.281318057,281.559805357,220.690504730,322.700000000,0.000000000,0.000000000
point-0003380,6419.667823478,277.582296323,220.690504730,322.700000000,0.000000000,0.000000000
point-0003381,6420.179217117,278.187650797,220.090504730,322.700000000,0.000000000,0.000000000
point-0003382,6422.565722478,282.165159732,220.090504730,322.700000000,0.000000000,0.000000000
point-0003383,6423.077116075,282.770514107,219.490504730,322.700000000,0.000000000,0.000000000
point-0003384,6425.463621376,278.793005271,219.490504730,322.700000000,0.000000000,0.000000000
point-0003385,6425.975015015,279.398359745,218.890504730,322.700000000,0.000000000,0.000000000
point-0003386,6428.361520257,283.375868481,218.890504730,322.700000000,0.000000000,0.000000000
point-0003387,6428.872913853,283.981222856,218.290504730,322.700000000,0.000000000,0.000000000
point-0003388,6431.259419035,280.003714220,218.290504730,322.700000000,0.000000000,0.000000000
point-0003389,6431.770812674,280.609068694,217.690504730,322.700000000,0.000000000,0.000000000
point-0003390,6434.157317796,284.586577230,217.690504730,322.700000000,0.000000000,0.000000000
point-0003391,6434.668711393,285.191931605,217.090504730,322.700000000,0.000000000,0.000000000
point-0003392,6437.055216455,281.214423168,217.090504730,322.700000000,0.000000000,0.000000000
point-0003393,6437.566610094,281.819777642,216.490504730,322.700000000,0.000000000,0.000000000
point-0003394,6439.953115096,285.797285979,216.490504730,322.700000000,0.000000000,0.000000000
point-0003395,6440.464508693,286.402640354,215.890504730,322.700000000,0.000000000,0.000000000
point-0003396,6442.851013635,282.425132116,215.890504730,322.700000000,0.000000000,0.000000000
point-0003397,6443.362407274,283.030486591,215.290504730,322.700000000,0.000000000,0.000000000
point-0003398,6445.748912157,287.007994728,215.290504730,322.700000000,0.000000000,0.000000000
point-0003399,6446.260305754,287.613349103,214.690504730,322.700000000,0.000000000,0.000000000
point-0003400,6448.646810576,283.635841065,214.690504730,322.700000000,0.000000000,0.000000000
point-0003401,6449.158204215,284.241195539,214.090504730,322.700000000,0.000000000,0.000000000
point-0003402,6451.544708978,288.218703477,214.090504730,322.700000000,0.000000000,0.000000000
point-0003403,6452.056102575,288.824057852,213.490504730,322.700000000,0.000000000,0.000000000
point-0003404,6454.442607278,284.846550013,213.490504730,322.700000000,0.000000000,0.000000000
point-0003405,6454.954000917,285.451904488,212.890504730,322.700000000,0.000000000,0.000000000
point-0003406,6457.340505561,289.429412226,212.890504730,322.700000000,0.000000000,0.000000000
point-0003407,6457.851899157,290.034766601,212.290504730,322.700000000,0.000000000,0.000000000
point-0003408,6460.238403741,286.057258962,212.290504730,322.700000000,0.000000000,0.000000000
point-0003409,6460.749797380,286.662613436,211.690504730,322.700000000,0.000000000,0.000000000
point-0003410,6463.136301904,290.640120975,211.690504730,322.700000000,0.000000000,0.000000000
point-0003411,6463.647695500,291.245475350,211.090504730,322.700000000,0.000000000,0.000000000
point-0003412,6466.034199964,287.267967910,211.090504730,322.700000000,0.000000000,0.000000000
point-0003413,6466.545593603,287.873322384,210.490504730,322.700000000,0.000000000,0.000000000
point-0003414,6468.932098007,291.850829725,210.490504730,322.700000000,0.000000000,0.000000000
point-0003415,6469.443491604,292.456184099,209.890504730,322.700000000,0.000000000,0.000000000
point-0003416,6471.829995948,288.478676859,209.890504730,322.700000000,0.000000000,0.000000000
point-0003417,6472.341389588,289.084031333,209.290504730,322.700000000,0.000000000,0.000000000
point-0003418,6474.727893872,293.061538474,209.290504730,322.700000000,0.000000000,0.000000000
point-0003419,6475.151482531,292.689504455,208.690504730,322.700000000,0.000000000,0.000000000
point-0003420,6476.951553720,289.689385807,208.690504730,322.700000000,0.000000000,0.000000000
point-0003421,6477.462947359,290.294740281,208.090504730,322.700000000,0.000000000,0.000000000
point-0003422,6478.542990072,292.094811470,208.090504730,322.700000000,0.000000000,0.000000000
point-0003423,6479.049860380,291.500118485,207.490504730,322.700000000,0.000000000,0.000000000
point-0003424,6479.409874618,290.900094756,207.490504730,322.700000000,0.000000000,0.000000000
point-0003425,6507.426126668,259.767047874,242.290504730,322.700000000,0.000000000,0.000000000
point-0003426,6508.916575777,257.282966025,242.290504730,322.700000000,0.000000000,0.000000000
point-0003427,6509.423449559,257.877667236,242.890504730,322.700000000,0.000000000,0.000000000
point-0003428,6510.193865317,259.161693500,242.890504730,322.700000000,0.000000000,0.000000000
point-0003429,6510.705263807,258.556327644,243.490504730,322.700000000,0.000000000,0.000000000
point-0003430,6510.755639325,258.472368446,243.490504730,322.700000000,0.000000000,0.000000000
point-0003431,6512.575872552,256.184881414,241.590275134,323.300000000,0.000000000,0.000000000
point-0003432,6542.215978121,291.543075928,207.091355376,323.300000000,0.000000000,0.000000000
point-0003433,6544.255977766,293.917487195,209.524905688,323.300000000,0.000000000,0.000000000
point-0003434,6573.607217345,258.903893741,243.687614533,323.300000000,0.000000000,0.000000000
point-0003435,6573.896068856,258.559295215,244.023793486,323.300000000,0.000000000,0.000000000
point-0003436,6575.936055839,256.184881414,241.590275134,323.300000000,0.000000000,0.000000000
point-0003437,6576.315977141,256.793510338,241.415587354,323.300000000,0.000000000,0.000000000
point-0003438,6578.721628822,260.802929807,241.415587354,323.300000000,0.000000000,0.000000000
point-0003439,6579.237124939,261.417873902,240.815587354,323.300000000,0.000000000,0.000000000
point-0003440,6581.642776555,257.408454541,240.815587354,323.300000000,0.000000000,0.000000000
point-0003441,6582.158272718,258.023398743,240.215587354,323.300000000,0.000000000,0.000000000
point-0003442,6584.563924271,262.032817997,240.215587354,323.300000000,0.000000000,0.000000000
point-0003443,6585.079420387,262.647762092,239.615587354,323.300000000,0.000000000,0.000000000
point-0003444,6587.485071875,258.638342946,239.615587354,323.300000000,0.000000000,0.000000000
point-0003445,6588.000568038,259.253287148,239.015587354,323.300000000,0.000000000,0.000000000
point-0003446,6590.406219461,263.262706187,239.015587354,323.300000000,0.000000000,0.000000000
point-0003447,6590.921715578,263.877650282,238.415587354,323.300000000,0.000000000,0.000000000
point-0003448,6593.327366937,259.868231350,238.415587354,323.300000000,0.000000000,0.000000000
point-0003449,6593.842863100,260.483175553,237.815587354,323.300000000,0.000000000,0.000000000
point-0003450,6596.248514394,264.492594377,237.815587354,323.300000000,0.000000000,0.000000000
point-0003451,6596.764010511,265.107538472,237.215587354,323.300000000,0.000000000,0.000000000
point-0003452,6599.169661740,261.098119755,237.215587354,323.300000000,0.000000000,0.000000000
point-0003453,6599.685157903,261.713063958,236.615587354,323.300000000,0.000000000,0.000000000
point-0003454,6602.090809068,265.722482567,236.615587354,323.300000000,0.000000000,0.000000000
point-0003455,6602.606305185,266.337426662,236.015587354,323.300000000,0.000000000,0.000000000
point-0003456,6605.011956286,262.328008160,236.015587354,323.300000000,0.000000000,0.000000000
point-0003457,6605.527452449,262.942952363,235.415587354,323.300000000,0.000000000,0.000000000
point-0003458,6607.933103485,266.952370756,235.415587354,323.300000000,0.000000000,0.000000000
point-0003459,6608.448599602,267.567314851,234.815587354,323.300000000,0.000000000,0.000000000
point-0003460,6610.854250574,263.557896565,234.815587354,323.300000000,0.000000000,0.000000000
point-0003461,6611.369746737,264.172840768,234.215587354,323.300000000,0.000000000,0.000000000
point-0003462,6613.775397644,268.182258946,234.215587354,323.300000000,0.000000000,0.000000000
point-0003463,6614.290893761,268.797203041,233.615587354,323.300000000,0.000000000,0.000000000
point-0003464,6616.696544603,264.787784970,233.615587354,323.300000000,0.000000000,0.000000000
point-0003465,6617.212040766,265.402729172,233.015587354,323.300000000,0.000000000,0.000000000
point-0003466,6619.617691545,269.412147136,233.015587354,323.300000000,0.000000000,0.000000000
point-0003467,6620.133187661,270.027091231,232.415587354,323.300000000,0.000000000,0.000000000
point-0003468,6622.538838375,266.017673375,232.415587354,323.300000000,0.000000000,0.000000000
point-0003469,6623.054334538,266.632617577,231.815587354,323.300000000,0.000000000,0.000000000
point-0003470,6625.459985187,270.642035326,231.815587354,323.300000000,0.000000000,0.000000000
point-0003471,6625.975481304,271.256979421,231.215587354,323.300000000,0.000000000,0.000000000
point-0003472,6628.381131889,267.247561780,231.215587354,323.300000000,0.000000000,0.000000000
point-0003473,6628.896628052,267.862505982,230.615587354,323.300000000,0.000000000,0.000000000
point-0003474,6631.302278572,271.871923516,230.615587354,323.300000000,0.000000000,0.000000000
point-0003475,6631.817774689,272.486867611,230.015587354,323.300000000,0.000000000,0.000000000
point-0003476,6634.223425145,268.477450185,230.015587354,323.300000000,0.000000000,0.000000000
point-0003477,6634.738921308,269.092394387,229.415587354,323.300000000,0.000000000,0.000000000
point-0003478,6637.144571699,273.101811706,229.415587354,323.300000000,0.000000000,0.000000000
point-0003479,6637.660067816,273.716755801,228.815587354,323.300000000,0.000000000,0.000000000
point-0003480,6640.065718142,269.707338590,228.815587354,323.300000000,0.000000000,0.000000000
point-0003481,6640.581214305,270.322282792,228.215587354,323.300000000,0.000000000,0.000000000
point-0003482,6642.986864568,274.331699896,228.215587354,323.300000000,0.000000000,0.000000000
point-0003483,6643.502360684,274.946643991,227.615587354,323.300000000,0.000000000,0.000000000
point-0003484,6645.908010882,270.937226994,227.615587354,323.300000000,0.000000000,0.000000000
point-0003485,6646.423507045,271.552171197,227.015587354,323.300000000,0.000000000,0.000000000
point-0003486,6648.829157179,275.561588086,227.015587354,323.300000000,0.000000000,0.000000000
point-0003487,6649.344653295,276.176532181,226.415587354,323.300000000,0.000000000,0.000000000
point-0003488,6651.750303364,272.167115399,226.415587354,323.300000000,0.000000000,0.000000000
point-0003489,6652.265799527,272.782059602,225.815587354,323.300000000,0.000000000,0.000000000
point-0003490,6654.671449531,276.791476276,225.815587354,323.300000000,0.000000000,0.000000000
point-0003491,6655.186945648,277.406420371,225.215587354,323.300000000,0.000000000,0.000000000
point-0003492,6657.592595588,273.397003804,225.215587354,323.300000000,0.000000000,0.000000000
point-0003493,6658.108091751,274.011948007,224.615587354,323.300000000,0.000000000,0.000000000
point-0003494,6660.513741626,278.021364466,224.615587354,323.300000000,0.000000000,0.000000000
point-0003495,6661.029237743,278.636308561,224.015587354,323.300000000,0.000000000,0.000000000
point-0003496,6663.434887554,274.626892209,224.015587354,323.300000000,0.000000000,0.000000000
point-0003497,6663.950383717,275.241836412,223.415587354,323.300000000,0.000000000,0.000000000
point-0003498,6666.356033463,279.251252656,223.415587354,323.300000000,0.000000000,0.000000000
point-0003499,6666.871529580,279.866196751,222.815587354,323.300000000,0.000000000,0.000000000
point-0003500,6669.277179262,275.856780614,222.815587354,323.300000000,0.000000000,0.000000000
point-0003501,6669.792675425,276.471724817,222.215587354,323.300000000,0.000000000,0.000000000
point-0003502,6672.198325042,280.481140846,222.215587354,323.300000000,0.000000000,0.000000000
point-0003503,6672.713821159,281.096084940,221.615587354,323.300000000,0.000000000,0.000000000
point-0003504,6675.119470712,277.086669019,221.615587354,323.300000000,0.000000000,0.000000000
point-0003505,6675.634966875,277.701613221,221.015587354,323.300000000,0.000000000,0.000000000
point-0003506,6678.040616363,281.711029035,221.015587354,323.300000000,0.000000000,0.000000000
point-0003507,6678.556112480,282.325973130,220.415587354,323.300000000,0.000000000,0.000000000
point-0003508,6680.961761904,278.316557424,220.415587354,323.300000000,0.000000000,0.000000000
point-0003509,6681.477258067,278.931501626,219.815587354,323.300000000,0.000000000,0.000000000
point-0003510,6683.882907426,282.940917225,219.815587354,323.300000000,0.000000000,0.000000000
point-0003511,6684.398403543,283.555861320,219.215587354,323.300000000,0.000000000,0.000000000
point-0003512,6686.804052838,279.546445829,219.215587354,323.300000000,0.000000000,0.000000000
point-0003513,6687.319549001,280.161390031,218.615587354,323.300000000,0.000000000,0.000000000
point-0003514,6689.725198231,284.170805415,218.615587354,323.300000000,0.000000000,0.000000000
point-0003515,6690.240694348,284.785749510,218.015587354,323.300000000,0.000000000,0.000000000
point-0003516,6692.646343514,280.776334234,218.015587354,323.300000000,0.000000000,0.000000000
point-0003517,6693.161839677,281.391278436,217.415587354,323.300000000,0.000000000,0.000000000
point-0003518,6695.567488778,285.400693605,217.415587354,323.300000000,0.000000000,0.000000000
point-0003519,6696.082984895,286.015637700,216.815587354,323.300000000,0.000000000,0.000000000
point-0003520,6698.488633932,282.006222639,216.815587354,323.300000000,0.000000000,0.000000000
point-0003521,6699.004130095,282.621166841,216.215587354,323.300000000,0.000000000,0.000000000
point-0003522,6701.409779067,286.630581795,216.215587354,323.300000000,0.000000000,0.000000000
point-0003523,6701.925275184,287.245525890,215.615587354,323.300000000,0.000000000,0.000000000
point-0003524,6704.330924092,283.236111043,215.615587354,323.300000000,0.000000000,0.000000000
point-0003525,6704.846420255,283.851055246,215.015587354,323.300000000,0.000000000,0.000000000
point-0003526,6707.252069098,287.860469985,215.015587354,323.300000000,0.000000000,0.000000000
point-0003527,6707.767565215,288.475414080,214.415587354,323.300000000,0.000000000,0.000000000
point-0003528,6710.173213994,284.465999448,214.415587354,323.300000000,0.000000000,0.000000000
point-0003529,6710.688710157,285.080943651,213.815587354,323.300000000,0.000000000,0.000000000
point-0003530,6713.094358871,289.090358175,213.815587354,323.300000000,0.000000000,0.000000000
point-0003531,6713.609854988,289.705302270,213.215587354,323.300000000,0.000000000,0.000000000
point-0003532,6716.015503638,285.695887853,213.215587354,323.300000000,0.000000000,0.000000000
point-0003533,6716.530999801,286.310832056,212.615587354,323.300000000,0.000000000,0.000000000
point-0003534,6718.936648386,290.320246365,212.615587354,323.300000000,0.000000000,0.000000000
point-0003535,6719.452144503,290.935190460,212.015587354,323.300000000,0.000000000,0.000000000
point-0003536,6721.857793024,286.925776258,212.015587354,323.300000000,0.000000000,0.000000000
point-0003537,6722.373289187,287.540720461,211.415587354,323.300000000,0.000000000,0.000000000
point-0003538,6724.778937643,291.550134555,211.415587354,323.300000000,0.000000000,0.000000000
point-0003539,6725.294433760,292.165078650,210.815587354,323.300000000,0.000000000,0.000000000
point-0003540,6727.700082152,288.155664663,210.815587354,323.300000000,0.000000000,0.000000000
point-0003541,6728.215578315,288.770608865,210.215587354,323.300000000,0.000000000,0.000000000
point-0003542,6730.621226643,292.780022745,210.215587354,323.300000000,0.000000000,0.000000000
point-0003543,6731.136722759,293.394966840,209.615587354,323.300000000,0.000000000,0.000000000
point-0003544,6733.542371022,289.385553068,209.615587354,323.300000000,0.000000000,0.000000000
point-0003545,6734.057867185,290.000497270,209.015587354,323.300000000,0.000000000,0.000000000
point-0003546,6735.858412093,293.001405451,209.015587354,323.300000000,0.000000000,0.000000000
point-0003547,6736.361380855,292.415986381,208.415587354,323.300000000,0.000000000,0.000000000
point-0003548,6737.441707800,290.615441473,208.415587354,323.300000000,0.000000000,0.000000000
point-0003549,6737.957203963,291.230385675,207.815587354,323.300000000,0.000000000,0.000000000
point-0003550,6738.317312945,291.830567311,207.815587354,323.300000000,0.000000000,0.000000000
point-0003551,6766.273018432,260.187985712,242.015587354,323.300000000,0.000000000,0.000000000
point-0003552,6768.174405468,257.019007318,242.015587354,323.300000000,0.000000000,0.000000000
point-0003553,6768.677377714,257.604434701,242.615587354,323.300000000,0.000000000,0.000000000
point-0003554,6769.858541863,259.573041617,242.615587354,323.300000000,0.000000000,0.000000000
point-0003555,6770.374037980,258.958097522,243.215587354,323.300000000,0.000000000,0.000000000
point-0003556,6770.834979243,258.189862084,243.215587354,323.300000000,0.000000000,0.000000000
point-0003557,6772.377484983,256.250141587,241.638654379,323.900000000,0.000000000,0.000000000
point-0003558,6802.017581123,291.875716962,207.415939549,323.900000000,0.000000000,0.000000000
point-0003559,6804.057580412,294.231118600,209.867892866,323.900000000,0.000000000,0.000000000
point-0003560,6833.408815737,258.952744141,243.757094749,323.900000000,0.000000000,0.000000000
point-0003561,6833.697662219,258.605546529,244.090576650,323.900000000,0.000000000,0.000000000
point-0003562,6835.737649448,256.250141587,241.638654379,323.900000000,0.000000000,0.000000000
point-0003563,6836.051687102,256.763608805,241.740118075,323.900000000,0.000000000,0.000000000
point-0003564,6838.365133559,260.619352900,241.740118075,323.900000000,0.000000000,0.000000000
point-0003565,6838.884789975,259.994757941,242.340118075,323.900000000,0.000000000,0.000000000
point-0003566,6840.477650476,257.339990439,242.340118075,323.900000000,0.000000000,0.000000000
point-0003567,6840.976847515,257.916372073,242.940118075,323.900000000,0.000000000,0.000000000
point-0003568,6841.849122060,259.370162981,242.940118075,323.900000000,0.000000000,0.000000000
point-0003569,6842.368778476,258.745568022,243.540118075,323.900000000,0.000000000,0.000000000
point-0003570,6842.520467065,258.492753707,243.540118075,323.900000000,0.000000000,0.000000000
point-0003571,6844.155464657,257.202171231,241.140118075,323.900000000,0.000000000,0.000000000
point-0003572,6846.580530635,261.243947860,241.140118075,323.900000000,0.000000000,0.000000000
point-0003573,6847.100187051,261.868542819,240.540118075,323.900000000,0.000000000,0.000000000
point-0003574,6849.525252961,257.826766302,240.540118075,323.900000000,0.000000000,0.000000000
point-0003575,6850.044909425,258.451361374,239.940118075,323.900000000,0.000000000,0.000000000
point-0003576,6852.469975268,262.493137779,239.940118075,323.900000000,0.000000000,0.000000000
point-0003577,6852.989631684,263.117732738,239.340118075,323.900000000,0.000000000,0.000000000
point-0003578,6855.414697460,259.075956445,239.340118075,323.900000000,0.000000000,0.000000000
point-0003579,6855.934353925,259.700551517,238.740118075,323.900000000,0.000000000,0.000000000
point-0003580,6858.359419633,263.742327697,238.740118075,323.900000000,0.000000000,0.000000000
point-0003581,6858.879076049,264.366922657,238.140118075,323.900000000,0.000000000,0.000000000
point-0003582,6861.304141691,260.325146588,238.140118075,323.900000000,0.000000000,0.000000000
point-0003583,6861.823798155,260.949741659,237.540118075,323.900000000,0.000000000,0.000000000
point-0003584,6864.248863729,264.991517616,237.540118075,323.900000000,0.000000000,0.000000000
point-0003585,6864.768520145,265.616112576,236.940118075,323.900000000,0.000000000,0.000000000
point-0003586,6867.193585653,261.574336731,236.940118075,323.900000000,0.000000000,0.000000000
point-0003587,6867.713242117,262.198931802,236.340118075,323.900000000,0.000000000,0.000000000
point-0003588,6870.138307557,266.240707535,236.340118075,323.900000000,0.000000000,0.000000000
point-0003589,6870.657963973,266.865302495,235.740118075,323.900000000,0.000000000,0.000000000
point-0003590,6873.083029346,262.823526874,235.740118075,323.900000000,0.000000000,0.000000000
point-0003591,6873.602685810,263.448121945,235.140118075,323.900000000,0.000000000,0.000000000
point-0003592,6876.027751116,267.489897454,235.140118075,323.900000000,0.000000000,0.000000000
point-0003593,6876.547407532,268.114492413,234.540118075,323.900000000,0.000000000,0.000000000
point-0003594,6878.972472770,264.072717016,234.540118075,323.900000000,0.000000000,0.000000000
point-0003595,6879.492129235,264.697312088,233.940118075,323.900000000,0.000000000,0.000000000
point-0003596,6881.917194406,268.739087373,233.940118075,323.900000000,0.000000000,0.000000000
point-0003597,6882.436850822,269.363682332,233.340118075,323.900000000,0.000000000,0.000000000
point-0003598,6884.861915926,265.321907159,233.340118075,323.900000000,0.000000000,0.000000000
point-0003599,6885.381572390,265.946502230,232.740118075,323.900000000,0.000000000,0.000000000
point-0003600,6887.806637427,269.988277292,232.740118075,323.900000000,0.000000000,0.000000000
point-0003601,6888.326293843,270.612872251,232.140118075,323.900000000,0.000000000,0.000000000
point-0003602,6890.751358813,266.571097302,232.140118075,323.900000000,0.000000000,0.000000000
point-0003603,6891.271015277,267.195692373,231.540118075,323.900000000,0.000000000,0.000000000
point-0003604,6893.696080180,271.237467211,231.540118075,323.900000000,0.000000000,0.000000000
point-0003605,6894.215736596,271.862062170,230.940118075,323.900000000,0.000000000,0.000000000
point-0003606,6896.640801431,267.820287445,230.940118075,323.900000000,0.000000000,0.000000000
point-0003607,6897.160457896,268.444882516,230.340118075,323.900000000,0.000000000,0.000000000
point-0003608,6899.585522664,272.486657130,230.340118075,323.900000000,0.000000000,0.000000000
point-0003609,6900.105179080,273.111252089,229.740118075,323.900000000,0.000000000,0.000000000
point-0003610,6902.530243781,269.069477587,229.740118075,323.900000000,0.000000000,0.000000000
point-0003611,6903.049900245,269.694072659,229.140118075,323.900000000,0.000000000,0.000000000
point-0003612,6905.474964879,273.735847048,229.140118075,323.900000000,0.000000000,0.000000000
point-0003613,6905.994621295,274.360442008,228.540118075,323.900000000,0.000000000,0.000000000
point-0003614,6908.419685862,270.318667730,228.540118075,323.900000000,0.000000000,0.000000000
point-0003615,6908.939342326,270.943262802,227.940118075,323.900000000,0.000000000,0.000000000
point-0003616,6911.364406825,274.985036967,227.940118075,323.900000000,0.000000000,0.000000000
point-0003617,6911.884063242,275.609631927,227.340118075,323.900000000,0.000000000,0.000000000
point-0003618,6914.309127674,271.567857873,227.340118075,323.900000000,0.000000000,0.000000000
point-0003619,6914.828784138,272.192452944,226.740118075,323.900000000,0.000000000,0.000000000
point-0003620,6917.253848503,276.234226886,226.740118075,323.900000000,0.000000000,0.000000000
point-0003621,6917.773504919,276.858821846,226.140118075,323.900000000,0.000000000,0.000000000
point-0003622,6920.198569217,272.817048016,226.140118075,323.900000000,0.000000000,0.000000000
point-0003623,6920.718225682,273.441643087,225.540118075,323.900000000,0.000000000,0.000000000
point-0003624,6923.143289912,277.483416805,225.540118075,323.900000000,0.000000000,0.000000000
point-0003625,6923.662946328,278.108011764,224.940118075,323.900000000,0.000000000,0.000000000
point-0003626,6926.088010492,274.066238159,224.940118075,323.900000000,0.000000000,0.000000000
point-0003627,6926.607666956,274.690833230,224.340118075,323.900000000,0.000000000,0.000000000
point-0003628,6929.032731053,278.732606724,224.340118075,323.900000000,0.000000000,0.000000000
point-0003629,6929.552387469,279.357201683,223.740118075,323.900000000,0.000000000,0.000000000
point-0003630,6931.977451498,275.315428301,223.740118075,323.900000000,0.000000000,0.000000000
point-0003631,6932.497107962,275.940023373,223.140118075,323.900000000,0.000000000,0.000000000
point-0003632,6934.922171924,279.981796643,223.140118075,323.900000000,0.000000000,0.000000000
point-0003633,6935.441828340,280.606391602,222.540118075,323.900000000,0.000000000,0.000000000
point-0003634,6937.866892235,276.564618444,222.540118075,323.900000000,0.000000000,0.000000000
point-0003635,6938.386548700,277.189213516,221.940118075,323.900000000,0.000000000,0.000000000
point-0003636,6940.811612527,281.230986562,221.940118075,323.900000000,0.000000000,0.000000000
point-0003637,6941.331268943,281.855581521,221.340118075,323.900000000,0.000000000,0.000000000
point-0003638,6943.756332704,277.813808587,221.340118075,323.900000000,0.000000000,0.000000000
point-0003639,6944.275989168,278.438403658,220.740118075,323.900000000,0.000000000,0.000000000
point-0003640,6946.701052862,282.480176480,220.740118075,323.900000000,0.000000000,0.000000000
point-0003641,6947.220709278,283.104771440,220.140118075,323.900000000,0.000000000,0.000000000
point-0003642,6949.645772904,279.062998730,220.140118075,323.900000000,0.000000000,0.000000000
point-0003643,6950.165429368,279.687593801,219.540118075,323.900000000,0.000000000,0.000000000
point-0003644,6952.590492927,283.729366399,219.540118075,323.900000000,0.000000000,0.000000000
point-0003645,6953.110149343,284.353961359,218.940118075,323.900000000,0.000000000,0.000000000
point-0003646,6955.535212835,280.312188873,218.940118075,323.900000000,0.000000000,0.000000000
point-0003647,6956.054869299,280.936783944,218.340118075,323.900000000,0.000000000,0.000000000
point-0003648,6958.479932724,284.978556318,218.340118075,323.900000000,0.000000000,0.000000000
point-0003649,6958.999589140,285.603151278,217.740118075,323.900000000,0.000000000,0.000000000
point-0003650,6961.424652497,281.561379015,217.740118075,323.900000000,0.000000000,0.000000000
point-0003651,6961.944308962,282.185974087,217.140118075,323.900000000,0.000000000,0.000000000
point-0003652,6964.369372252,286.227746237,217.140118075,323.900000000,0.000000000,0.000000000
point-0003653,6964.889028668,286.852341196,216.540118075,323.900000000,0.000000000,0.000000000
point-0003654,6967.314091891,282.810569158,216.540118075,323.900000000,0.000000000,0.000000000
point-0003655,6967.833748355,283.435164230,215.940118075,323.900000000,0.000000000,0.000000000
point-0003656,6970.258811511,287.476936156,215.940118075,323.900000000,0.000000000,0.000000000
point-0003657,6970.778467927,288.101531115,215.340118075,323.900000000,0.000000000,0.000000000
point-0003658,6973.203531016,284.059759301,215.340118075,323.900000000,0.000000000,0.000000000
point-0003659,6973.723187480,284.684354372,214.740118075,323.900000000,0.000000000,0.000000000
point-0003660,6976.148250502,288.726126075,214.740118075,323.900000000,0.000000000,0.000000000
point-0003661,6976.667906918,289.350721034,214.140118075,323.900000000,0.000000000,0.000000000
point-0003662,6979.092969872,285.308949444,214.140118075,323.900000000,0.000000000,0.000000000
point-0003663,6979.612626337,285.933544515,213.540118075,323.900000000,0.000000000,0.000000000
point-0003664,6982.037689224,289.975315994,213.540118075,323.900000000,0.000000000,0.000000000
point-0003665,6982.557345640,290.599910953,212.940118075,323.900000000,0.000000000,0.000000000
point-0003666,6984.982408460,286.558139587,212.940118075,323.900000000,0.000000000,0.000000000
point-0003667,6985.502064924,287.182734658,212.340118075,323.900000000,0.000000000,0.000000000
point-0003668,6987.927127677,291.224505913,212.340118075,323.900000000,0.000000000,0.000000000
point-0003669,6988.446784093,291.849100872,211.740118075,323.900000000,0.000000000,0.000000000
point-0003670,6990.871846779,287.807329729,211.740118075,323.900000000,0.000000000,0.000000000
point-0003671,6991.391503243,288.431924801,211.140118075,323.900000000,0.000000000,0.000000000
point-0003672,6993.816565862,292.473695831,211.140118075,323.900000000,0.000000000,0.000000000
point-0003673,6994.336222278,293.098290791,210.540118075,323.900000000,0.000000000,0.000000000
point-0003674,6996.761284829,289.056519872,210.540118075,323.900000000,0.000000000,0.000000000
point-0003675,6997.280941293,289.681114944,209.940118075,323.900000000,0.000000000,0.000000000
point-0003676,6999.706003777,293.722885750,209.940118075,323.900000000,0.000000000,0.000000000
point-0003677,7000.143642427,293.308131512,209.340118075,323.900000000,0.000000000,0.000000000
point-0003678,7001.945095326,290.305710015,209.340118075,323.900000000,0.000000000,0.000000000
point-0003679,7002.464751790,290.930305086,208.740118075,323.900000000,0.000000000,0.000000000
point-0003680,7003.545623529,292.731757985,208.740118075,323.900000000,0.000000000,0.000000000
point-0003681,7004.044817199,292.155384457,208.140118075,323.900000000,0.000000000,0.000000000
point-0003682,7004.405107778,291.554900158,208.140118075,323.900000000,0.000000000,0.000000000
point-0003683,7033.600211825,256.314380669,241.687041403,324.500000000,0.000000000,0.000000000
point-0003684,7063.240302613,292.202535455,207.739798574,324.500000000,0.000000000,0.000000000
point-0003685,7065.280302152,294.538978262,210.209824847,324.500000000,0.000000000,0.000000000
point-0003686,7094.631540871,259.000572802,243.826249394,324.500000000,0.000000000,0.000000000
point-0003687,7094.920379159,258.650827508,244.157038516,324.500000000,0.000000000,0.000000000
point-0003688,7096.960367651,256.314380669,241.687041403,324.500000000,0.000000000,0.000000000
point-0003689,7097.385484127,256.986852660,241.463898883,324.500000000,0.000000000,0.000000000
point-0003690,7099.830228755,261.061427039,241.463898883,324.500000000,0.000000000,0.000000000
point-0003691,7100.354101935,260.427122720,242.063898883,324.500000000,0.000000000,0.000000000
point-0003692,7102.360086291,257.083815460,242.063898883,324.500000000,0.000000000,0.000000000
point-0003693,7102.855630634,257.651374060,242.663898883,324.500000000,0.000000000,0.000000000
point-0003694,7104.140497239,259.792818401,242.663898883,324.500000000,0.000000000,0.000000000
point-0003695,7104.664370419,259.158514082,243.263898883,324.500000000,0.000000000,0.000000000
point-0003696,7105.228119272,258.218932660,243.263898883,324.500000000,0.000000000,0.000000000
point-0003697,7106.712114160,257.621157093,240.863898883,324.500000000,0.000000000,0.000000000
point-0003698,7109.156858719,261.695731358,240.863898883,324.500000000,0.000000000,0.000000000
point-0003699,7109.680731899,262.330035677,240.263898883,324.500000000,0.000000000,0.000000000
point-0003700,7112.125476390,258.255461525,240.263898883,324.500000000,0.000000000,0.000000000
point-0003701,7112.649349619,258.889765958,239.663898883,324.500000000,0.000000000,0.000000000
point-0003702,7115.094094042,262.964339996,239.663898883,324.500000000,0.000000000,0.000000000
point-0003703,7115.617967222,263.598644315,239.063898883,324.500000000,0.000000000,0.000000000
point-0003704,7118.062711576,259.524070391,239.063898883,324.500000000,0.000000000,0.000000000
point-0003705,7118.586584806,260.158374824,238.463898883,324.500000000,0.000000000,0.000000000
point-0003706,7121.031329092,264.232948633,238.463898883,324.500000000,0.000000000,0.000000000
point-0003707,7121.555202272,264.867252952,237.863898883,324.500000000,0.000000000,0.000000000
point-0003708,7123.999946490,260.792679256,237.863898883,324.500000000,0.000000000,0.000000000
point-0003709,7124.523819719,261.426983689,237.263898883,324.500000000,0.000000000,0.000000000
point-0003710,7126.968563869,265.501557271,237.263898883,324.500000000,0.000000000,0.000000000
point-0003711,7127.492437049,266.135861590,236.663898883,324.500000000,0.000000000,0.000000000
point-0003712,7129.937181130,262.061288122,236.663898883,324.500000000,0.000000000,0.000000000
point-0003713,7130.461054360,262.695592555,236.063898883,324.500000000,0.000000000,0.000000000
point-0003714,7132.905798372,266.770165909,236.063898883,324.500000000,0.000000000,0.000000000
point-0003715,7133.429671552,267.404470228,235.463898883,324.500000000,0.000000000,0.000000000
point-0003716,7135.874415497,263.329896987,235.463898883,324.500000000,0.000000000,0.000000000
point-0003717,7136.398288726,263.964201420,234.863898883,324.500000000,0.000000000,0.000000000
point-0003718,7138.843032603,268.038774547,234.863898883,324.500000000,0.000000000,0.000000000
point-0003719,7139.366905783,268.673078866,234.263898883,324.500000000,0.000000000,0.000000000
point-0003720,7141.811649590,264.598505853,234.263898883,324.500000000,0.000000000,0.000000000
point-0003721,7142.335522820,265.232810285,233.663898883,324.500000000,0.000000000,0.000000000
point-0003722,7144.780266560,269.307383185,233.663898883,324.500000000,0.000000000,0.000000000
point-0003723,7145.304139740,269.941687503,233.063898883,324.500000000,0.000000000,0.000000000
point-0003724,7147.748883411,265.867114718,233.063898883,324.500000000,0.000000000,0.000000000
point-0003725,7148.272756641,266.501419151,232.463898883,324.500000000,0.000000000,0.000000000
point-0003726,7150.717500244,270.575991822,232.463898883,324.500000000,0.000000000,0.000000000
point-0003727,7151.241373424,271.210296141,231.863898883,324.500000000,0.000000000,0.000000000
point-0003728,7153.686116958,267.135723584,231.863898883,324.500000000,0.000000000,0.000000000
point-0003729,7154.209990188,267.770028016,231.263898883,324.500000000,0.000000000,0.000000000
point-0003730,7156.654733654,271.844600460,231.263898883,324.500000000,0.000000000,0.000000000
point-0003731,7157.178606834,272.478904779,230.663898883,324.500000000,0.000000000,0.000000000
point-0003732,7159.623350232,268.404332449,230.663898883,324.500000000,0.000000000,0.000000000
point-0003733,7160.147223462,269.038636882,230.063898883,324.500000000,0.000000000,0.000000000
point-0003734,7162.591966792,273.113209098,230.063898883,324.500000000,0.000000000,0.000000000
point-0003735,7163.115839972,273.747513417,229.463898883,324.500000000,0.000000000,0.000000000
point-0003736,7165.560583233,269.672941314,229.463898883,324.500000000,0.000000000,0.000000000
point-0003737,7166.084456463,270.307245747,228.863898883,324.500000000,0.000000000,0.000000000
point-0003738,7168.529199656,274.381817736,228.863898883,324.500000000,0.000000000,0.000000000
point-0003739,7169.053072836,275.016122055,228.263898883,324.500000000,0.000000000,0.000000000
point-0003740,7171.497815961,270.941550180,228.263898883,324.500000000,0.000000000,0.000000000
point-0003741,7172.021689191,271.575854613,227.663898883,324.500000000,0.000000000,0.000000000
point-0003742,7174.466432247,275.650426373,227.663898883,324.500000000,0.000000000,0.000000000
point-0003743,7174.990305427,276.284730692,227.063898883,324.500000000,0.000000000,0.000000000
point-0003744,7177.435048415,272.210159045,227.063898883,324.500000000,0.000000000,0.000000000
point-0003745,7177.958921645,272.844463478,226.463898883,324.500000000,0.000000000,0.000000000
point-0003746,7180.403664565,276.919035011,226.463898883,324.500000000,0.000000000,0.000000000
point-0003747,7180.927537745,277.553339330,225.863898883,324.500000000,0.000000000,0.000000000
point-0003748,7183.372280597,273.478767911,225.863898883,324.500000000,0.000000000,0.000000000
point-0003749,7183.896153826,274.113072343,225.263898883,324.500000000,0.000000000,0.000000000
point-0003750,7186.340896610,278.187643649,225.263898883,324.500000000,0.000000000,0.000000000
point-0003751,7186.864769790,278.821947968,224.663898883,324.500000000,0.000000000,0.000000000
point-0003752,7189.309512505,274.747376776,224.663898883,324.500000000,0.000000000,0.000000000
point-0003753,7189.833385734,275.381681209,224.063898883,324.500000000,0.000000000,0.000000000
point-0003754,7192.278128381,279.456252287,224.063898883,324.500000000,0.000000000,0.000000000
point-0003755,7192.802001561,280.090556606,223.463898883,324.500000000,0.000000000,0.000000000
point-0003756,7195.246744139,276.015985642,223.463898883,324.500000000,0.000000000,0.000000000
point-0003757,7195.770617369,276.650290074,222.863898883,324.500000000,0.000000000,0.000000000
point-0003758,7198.215359879,280.724860924,222.863898883,324.500000000,0.000000000,0.000000000
point-0003759,7198.739233059,281.359165243,222.263898883,324.500000000,0.000000000,0.000000000
point-0003760,7201.183975501,277.284594507,222.263898883,324.500000000,0.000000000,0.000000000
point-0003761,7201.707848731,277.918898940,221.663898883,324.500000000,0.000000000,0.000000000
point-0003762,7204.152591104,281.993469562,221.663898883,324.500000000,0.000000000,0.000000000
point-0003763,7204.676464284,282.627773881,221.063898883,324.500000000,0.000000000,0.000000000
point-0003764,7207.121206589,278.553203373,221.063898883,324.500000000,0.000000000,0.000000000
point-0003765,7207.645079819,279.187507805,220.463898883,324.500000000,0.000000000,0.000000000
point-0003766,7210.089822056,283.262078200,220.463898883,324.500000000,0.000000000,0.000000000
point-0003767,7210.613695236,283.896382519,219.863898883,324.500000000,0.000000000,0.000000000
point-0003768,7213.058437405,279.821812238,219.863898883,324.500000000,0.000000000,0.000000000
point-0003769,7213.582310634,280.456116671,219.263898883,324.500000000,0.000000000,0.000000000
point-0003770,7216.027052735,284.530686838,219.263898883,324.500000000,0.000000000,0.000000000
point-0003771,7216.550925915,285.164991157,218.663898883,324.500000000,0.000000000,0.000000000
point-0003772,7218.995667947,281.090421103,218.663898883,324.500000000,0.000000000,0.000000000
point-0003773,7219.519541176,281.724725536,218.063898883,324.500000000,0.000000000,0.000000000
point-0003774,7221.964283140,285.799295476,218.063898883,324.500000000,0.000000000,0.000000000
point-0003775,7222.488156320,286.433599794,217.463898883,324.500000000,0.000000000,0.000000000
point-0003776,7224.932898215,282.359029969,217.463898883,324.500000000,0.000000000,0.000000000
point-0003777,7225.456771445,282.993334402,216.863898883,324.500000000,0.000000000,0.000000000
point-0003778,7227.901513272,287.067904113,216.863898883,324.500000000,0.000000000,0.000000000
point-0003779,7228.425386452,287.702208432,216.263898883,324.500000000,0.000000000,0.000000000
point-0003780,7230.870128211,283.627638834,216.263898883,324.500000000,0.000000000,0.000000000
point-0003781,7231.394001441,284.261943267,215.663898883,324.500000000,0.000000000,0.000000000
point-0003782,7233.838743131,288.336512751,215.663898883,324.500000000,0.000000000,0.000000000
point-0003783,7234.362616311,288.970817070,215.063898883,324.500000000,0.000000000,0.000000000
point-0003784,7236.807357933,284.896247700,215.063898883,324.500000000,0.000000000,0.000000000
point-0003785,7237.331231163,285.530552132,214.463898883,324.500000000,0.000000000,0.000000000
point-0003786,7239.775972717,289.605121389,214.463898883,324.500000000,0.000000000,0.000000000
point-0003787,7240.299845897,290.239425708,213.863898883,324.500000000,0.000000000,0.000000000
point-0003788,7242.744587383,286.164856565,213.863898883,324.500000000,0.000000000,0.000000000
point-0003789,7243.268460612,286.799160998,213.263898883,324.500000000,0.000000000,0.000000000
point-0003790,7245.713202030,290.873730027,213.263898883,324.500000000,0.000000000,0.000000000
point-0003791,7246.237075210,291.508034346,212.663898883,324.500000000,0.000000000,0.000000000
point-0003792,7248.681816559,287.433465431,212.663898883,324.500000000,0.000000000,0.000000000
point-0003793,7249.205689788,288.067769863,212.063898883,324.500000000,0.000000000,0.000000000
point-0003794,7251.650431069,292.142338664,212.063898883,324.500000000,0.000000000,0.000000000
point-0003795,7252.174304249,292.776642983,211.463898883,324.500000000,0.000000000,0.000000000
point-0003796,7254.619045461,288.702074296,211.463898883,324.500000000,0.000000000,0.000000000
point-0003797,7255.142918691,289.336378729,210.863898883,324.500000000,0.000000000,0.000000000
point-0003798,7257.587659835,293.410947302,210.863898883,324.500000000,0.000000000,0.000000000
point-0003799,7258.111533015,294.045251621,210.263898883,324.500000000,0.000000000,0.000000000
point-0003800,7260.556274091,289.970683162,210.263898883,324.500000000,0.000000000,0.000000000
point-0003801,7261.080147321,290.604987594,209.663898883,324.500000000,0.000000000,0.000000000
point-0003802,7262.882930350,293.609625977,209.663898883,324.500000000,0.000000000,0.000000000
point-0003803,7263.378471526,293.042075057,209.063898883,324.500000000,0.000000000,0.000000000
point-0003804,7264.460141344,291.239292027,209.063898883,324.500000000,0.000000000,0.000000000
point-0003805,7264.984014574,291.873596460,208.463898883,324.500000000,0.000000000,0.000000000
point-0003806,7265.344571180,292.474524136,208.463898883,324.500000000,0.000000000,0.000000000
point-0003807,7294.801711716,256.377585389,241.735403763,325.100000000,0.000000000,0.000000000
point-0003808,7324.441802541,292.523487451,208.062733539,325.100000000,0.000000000,0.000000000
point-0003809,7326.481802978,294.841033621,210.550500548,325.100000000,0.000000000,0.000000000
point-0003810,7355.833053181,259.047378561,243.895041213,325.100000000,0.000000000,0.000000000
point-0003811,7356.121880880,258.695136272,244.223144233,325.100000000,0.000000000,0.000000000
point-0003812,7358.161871593,256.377585389,241.735403763,325.100000000,0.000000000,0.000000000
point-0003813,7358.438287699,256.835410635,241.786731670,325.100000000,0.000000000,0.000000000
point-0003814,7360.859293319,260.870420002,241.786731670,325.100000000,0.000000000,0.000000000
point-0003815,7361.387438249,261.514489244,241.186731670,325.100000000,0.000000000,0.000000000
point-0003816,7363.852118954,257.406688070,241.186731670,325.100000000,0.000000000,0.000000000
point-0003817,7364.380263934,258.050757426,240.586731670,325.100000000,0.000000000,0.000000000
point-0003818,7366.844944570,262.158558486,240.586731670,325.100000000,0.000000000,0.000000000
point-0003819,7367.373089501,262.802627728,239.986731670,325.100000000,0.000000000,0.000000000
point-0003820,7369.837770069,258.694826782,239.986731670,325.100000000,0.000000000,0.000000000
point-0003821,7370.365915050,259.338896138,239.386731670,325.100000000,0.000000000,0.000000000
point-0003822,7372.830595549,263.446696970,239.386731670,325.100000000,0.000000000,0.000000000
point-0003823,7373.358740480,264.090766212,238.786731670,325.100000000,0.000000000,0.000000000
point-0003824,7375.823420911,259.982965494,238.786731670,325.100000000,0.000000000,0.000000000
point-0003825,7376.351565892,260.627034850,238.186731670,325.100000000,0.000000000,0.000000000
point-0003826,7378.816246255,264.734835454,238.186731670,325.100000000,0.000000000,0.000000000
point-0003827,7379.344391186,265.378904697,237.586731670,325.100000000,0.000000000,0.000000000
point-0003828,7381.809071480,261.271104206,237.586731670,325.100000000,0.000000000,0.000000000
point-0003829,7382.337216461,261.915173561,236.986731670,325.100000000,0.000000000,0.000000000
point-0003830,7384.801896687,266.022973939,236.986731670,325.100000000,0.000000000,0.000000000
point-0003831,7385.330041618,266.667043181,236.386731670,325.100000000,0.000000000,0.000000000
point-0003832,7387.794721776,262.559242917,236.386731670,325.100000000,0.000000000,0.000000000
point-0003833,7388.322866757,263.203312273,235.786731670,325.100000000,0.000000000,0.000000000
point-0003834,7390.787546847,267.311112423,235.786731670,325.100000000,0.000000000,0.000000000
point-0003835,7391.315691778,267.955181665,235.186731670,325.100000000,0.000000000,0.000000000
point-0003836,7393.780371799,263.847381629,235.186731670,325.100000000,0.000000000,0.000000000
point-0003837,7394.308516780,264.491450985,234.586731670,325.100000000,0.000000000,0.000000000
point-0003838,7396.773196733,268.599250907,234.586731670,325.100000000,0.000000000,0.000000000
point-0003839,7397.301341664,269.243320149,233.986731670,325.100000000,0.000000000,0.000000000
point-0003840,7399.766021549,265.135520341,233.986731670,325.100000000,0.000000000,0.000000000
point-0003841,7400.294166530,265.779589697,233.386731670,325.100000000,0.000000000,0.000000000
point-0003842,7402.758846347,269.887389392,233.386731670,325.100000000,0.000000000,0.000000000
point-0003843,7403.286991278,270.531458634,232.786731670,325.100000000,0.000000000,0.000000000
point-0003844,7405.751671026,266.423659053,232.786731670,325.100000000,0.000000000,0.000000000
point-0003845,7406.279816007,267.067728409,232.186731670,325.100000000,0.000000000,0.000000000
point-0003846,7408.744495687,271.175527876,232.186731670,325.100000000,0.000000000,0.000000000
point-0003847,7409.272640618,271.819597118,231.586731670,325.100000000,0.000000000,0.000000000
point-0003848,7411.737320230,267.711797765,231.586731670,325.100000000,0.000000000,0.000000000
point-0003849,7412.265465210,268.355867121,230.986731670,325.100000000,0.000000000,0.000000000
point-0003850,7414.730144754,272.463666360,230.986731670,325.100000000,0.000000000,0.000000000
point-0003851,7415.258289685,273.107735602,230.386731670,325.100000000,0.000000000,0.000000000
point-0003852,7417.722969160,268.999936477,230.386731670,325.100000000,0.000000000,0.000000000
point-0003853,7418.251114141,269.644005833,229.786731670,325.100000000,0.000000000,0.000000000
point-0003854,7420.715793548,273.751804845,229.786731670,325.100000000,0.000000000,0.000000000
point-0003855,7421.243938479,274.395874087,229.186731670,325.100000000,0.000000000,0.000000000
point-0003856,7423.708617818,270.288075189,229.186731670,325.100000000,0.000000000,0.000000000
point-0003857,7424.236762799,270.932144544,228.586731670,325.100000000,0.000000000,0.000000000
point-0003858,7426.701442069,275.039943329,228.586731670,325.100000000,0.000000000,0.000000000
point-0003859,7427.229587000,275.684012571,227.986731670,325.100000000,0.000000000,0.000000000
point-0003860,7429.694266203,271.576213900,227.986731670,325.100000000,0.000000000,0.000000000
point-0003861,7430.222411183,272.220283256,227.386731670,325.100000000,0.000000000,0.000000000
point-0003862,7432.687090317,276.328081813,227.386731670,325.100000000,0.000000000,0.000000000
point-0003863,7433.215235248,276.972151055,226.786731670,325.100000000,0.000000000,0.000000000
point-0003864,7435.679914314,272.864352612,226.786731670,325.100000000,0.000000000,0.000000000
point-0003865,7436.208059295,273.508421968,226.186731670,325.100000000,0.000000000,0.000000000
point-0003866,7438.672738292,277.616220297,226.186731670,325.100000000,0.000000000,0.000000000
point-0003867,7439.200883223,278.260289540,225.586731670,325.100000000,0.000000000,0.000000000
point-0003868,7441.665562152,274.152491324,225.586731670,325.100000000,0.000000000,0.000000000
point-0003869,7442.193707133,274.796560680,224.986731670,325.100000000,0.000000000,0.000000000
point-0003870,7444.658385994,278.904358782,224.986731670,325.100000000,0.000000000,0.000000000
point-0003871,7445.186530925,279.548428024,224.386731670,325.100000000,0.000000000,0.000000000
point-0003872,7447.651209718,275.440630036,224.386731670,325.100000000,0.000000000,0.000000000
point-0003873,7448.179354698,276.084699392,223.786731670,325.100000000,0.000000000,0.000000000
point-0003874,7450.644033423,280.192497266,223.786731670,325.100000000,0.000000000,0.000000000
point-0003875,7451.172178354,280.836566508,223.186731670,325.100000000,0.000000000,0.000000000
point-0003876,7453.636857010,276.728768748,223.186731670,325.100000000,0.000000000,0.000000000
point-0003877,7454.165001991,277.372838104,222.586731670,325.100000000,0.000000000,0.000000000
point-0003878,7456.629680578,281.480635750,222.586731670,325.100000000,0.000000000,0.000000000
point-0003879,7457.157825509,282.124704992,221.986731670,325.100000000,0.000000000,0.000000000
point-0003880,7459.622504029,278.016907460,221.986731670,325.100000000,0.000000000,0.000000000
point-0003881,7460.150649010,278.660976816,221.386731670,325.100000000,0.000000000,0.000000000
point-0003882,7462.615327461,282.768774235,221.386731670,325.100000000,0.000000000,0.000000000
point-0003883,7463.143472392,283.412843477,220.786731670,325.100000000,0.000000000,0.000000000
point-0003884,7465.608150775,279.305046172,220.786731670,325.100000000,0.000000000,0.000000000
point-0003885,7466.136295756,279.949115527,220.186731670,325.100000000,0.000000000,0.000000000
point-0003886,7468.600974071,284.056912719,220.186731670,325.100000000,0.000000000,0.000000000
point-0003887,7469.129119001,284.700981961,219.586731670,325.100000000,0.000000000,0.000000000
point-0003888,7471.593797248,280.593184883,219.586731670,325.100000000,0.000000000,0.000000000
point-0003889,7472.121942229,281.237254239,218.986731670,325.100000000,0.000000000,0.000000000
point-0003890,7474.586620407,285.345051203,218.986731670,325.100000000,0.000000000,0.000000000
point-0003891,7475.114765338,285.989120445,218.386731670,325.100000000,0.000000000,0.000000000
point-0003892,7477.579443448,281.881323595,218.386731670,325.100000000,0.000000000,0.000000000
point-0003893,7478.107588429,282.525392951,217.786731670,325.100000000,0.000000000,0.000000000
point-0003894,7480.572266470,286.633189687,217.786731670,325.100000000,0.000000000,0.000000000
point-0003895,7481.100411401,287.277258930,217.186731670,325.100000000,0.000000000,0.000000000
point-0003896,7483.565089375,283.169462307,217.186731670,325.100000000,0.000000000,0.000000000
point-0003897,7484.093234355,283.813531663,216.586731670,325.100000000,0.000000000,0.000000000
point-0003898,7486.557912261,287.921328172,216.586731670,325.100000000,0.000000000,0.000000000
point-0003899,7487.086057192,288.565397414,215.986731670,325.100000000,0.000000000,0.000000000
point-0003900,7489.550735029,284.457601019,215.986731670,325.100000000,0.000000000,0.000000000
point-0003901,7490.078880009,285.101670375,215.386731670,325.100000000,0.000000000,0.000000000
point-0003902,7492.543557778,289.209466656,215.386731670,325.100000000,0.000000000,0.000000000
point-0003903,7493.071702709,289.853535898,214.786731670,325.100000000,0.000000000,0.000000000
point-0003904,7495.536380409,285.745739731,214.786731670,325.100000000,0.000000000,0.000000000
point-0003905,7496.064525390,286.389809087,214.186731670,325.100000000,0.000000000,0.000000000
point-0003906,7498.529203022,290.497605140,214.186731670,325.100000000,0.000000000,0.000000000
point-0003907,7499.057347953,291.141674382,213.586731670,325.100000000,0.000000000,0.000000000
point-0003908,7501.522025517,287.033878443,213.586731670,325.100000000,0.000000000,0.000000000
point-0003909,7502.050170498,287.677947799,212.986731670,325.100000000,0.000000000,0.000000000
point-0003910,7504.514847993,291.785743625,212.986731670,325.100000000,0.000000000,0.000000000
point-0003911,7505.042992924,292.429812867,212.386731670,325.100000000,0.000000000,0.000000000
point-0003912,7507.507670351,288.322017155,212.386731670,325.100000000,0.000000000,0.000000000
point-0003913,7508.035815332,288.966086510,211.786731670,325.100000000,0.000000000,0.000000000
point-0003914,7510.500492691,293.073882109,211.786731670,325.100000000,0.000000000,0.000000000
point-0003915,7511.028637622,293.717951351,211.186731670,325.100000000,0.000000000,0.000000000
point-0003916,7513.493314913,289.610155866,211.186731670,325.100000000,0.000000000,0.000000000
point-0003917,7514.021459894,290.254225222,210.586731670,325.100000000,0.000000000,0.000000000
point-0003918,7516.486137116,294.362020593,210.586731670,325.100000000,0.000000000,0.000000000
point-0003919,7516.938374311,293.905833253,209.986731670,325.100000000,0.000000000,0.000000000
point-0003920,7518.742897516,290.898294578,209.986731670,325.100000000,0.000000000,0.000000000
point-0003921,7519.271042496,291.542363934,209.386731670,325.100000000,0.000000000,0.000000000
point-0003922,7520.353756419,293.346887139,209.386731670,325.100000000,0.000000000,0.000000000
point-0003923,7520.845764014,292.787941025,208.786731670,325.100000000,0.000000000,0.000000000
point-0003924,7521.206668655,292.186433290,208.786731670,325.100000000,0.000000000,0.000000000
point-0003925,7549.030156486,260.226350759,242.386731670,325.100000000,0.000000000,0.000000000
point-0003926,7550.729348633,257.394363848,242.386731670,325.100000000,0.000000000,0.000000000
point-0003927,7551.221359131,257.953317061,242.986731670,325.100000000,0.000000000,0.000000000
point-0003928,7552.198737805,259.582281517,242.986731670,325.100000000,0.000000000,0.000000000
point-0003929,7552.726882736,258.938212275,243.586731670,325.100000000,0.000000000,0.000000000
point-0003930,7552.982447936,258.512270275,243.586731670,325.100000000,0.000000000,0.000000000
point-0003931,7554.669532525,256.439742475,241.783708994,325.700000000,0.000000000,0.000000000
point-0003932,7584.309628345,292.838528992,208.384545555,325.700000000,0.000000000,0.000000000
point-0003933,7586.349630224,295.137252089,210.889718887,325.700000000,0.000000000,0.000000000
point-0003934,7615.700898725,259.093160241,243.963432939,325.700000000,0.000000000,0.000000000
point-0003935,7615.989714186,258.738470915,244.288858916,325.700000000,0.000000000,0.000000000
point-0003936,7618.029707883,256.439742475,241.783708994,325.700000000,0.000000000,0.000000000
point-0003937,7618.495480089,257.144856181,242.108418379,325.700000000,0.000000000,0.000000000
point-0003938,7620.611196494,260.671050188,242.108418379,325.700000000,0.000000000,0.000000000
point-0003939,7621.143666511,261.324936688,241.508418379,325.700000000,0.000000000,0.000000000
point-0003940,7623.628533047,257.183492461,241.508418379,325.700000000,0.000000000,0.000000000
point-0003941,7624.161003115,257.837379073,240.908418379,325.700000000,0.000000000,0.000000000
point-0003942,7626.645869583,261.978823188,240.908418379,325.700000000,0.000000000,0.000000000
point-0003943,7627.178339601,262.632709687,240.308418379,325.700000000,0.000000000,0.000000000
point-0003944,7629.663206002,258.491265685,240.308418379,325.700000000,0.000000000,0.000000000
point-0003945,7630.195676069,259.145152297,239.708418379,325.700000000,0.000000000,0.000000000
point-0003946,7632.680542403,263.286596187,239.708418379,325.700000000,0.000000000,0.000000000
point-0003947,7633.213012420,263.940482686,239.108418379,325.700000000,0.000000000,0.000000000
point-0003948,7635.697878687,259.799038909,239.108418379,325.700000000,0.000000000,0.000000000
point-0003949,7636.230348754,260.452925521,238.508418379,325.700000000,0.000000000,0.000000000
point-0003950,7638.715214953,264.594369186,238.508418379,325.700000000,0.000000000,0.000000000
point-0003951,7639.247684970,265.248255685,237.908418379,325.700000000,0.000000000,0.000000000
point-0003952,7641.732551102,261.106812133,237.908418379,325.700000000,0.000000000,0.000000000
point-0003953,7642.265021169,261.760698745,237.308418379,325.700000000,0.000000000,0.000000000
point-0003954,7644.749887233,265.902142185,237.308418379,325.700000000,0.000000000,0.000000000
point-0003955,7645.282357250,266.556028684,236.708418379,325.700000000,0.000000000,0.000000000
point-0003956,7647.767223247,262.414585357,236.708418379,325.700000000,0.000000000,0.000000000
point-0003957,7648.299693314,263.068471969,236.108418379,325.700000000,0.000000000,0.000000000
point-0003958,7650.784559243,267.209915184,236.108418379,325.700000000,0.000000000,0.000000000
point-0003959,7651.317029261,267.863801684,235.508418379,325.700000000,0.000000000,0.000000000
point-0003960,7653.801895123,263.722358581,235.508418379,325.700000000,0.000000000,0.000000000
point-0003961,7654.334365190,264.376245193,234.908418379,325.700000000,0.000000000,0.000000000
point-0003962,7656.819230984,268.517688183,234.908418379,325.700000000,0.000000000,0.000000000
point-0003963,7657.351701002,269.171574683,234.308418379,325.700000000,0.000000000,0.000000000
point-0003964,7659.836566729,265.030131805,234.308418379,325.700000000,0.000000000,0.000000000
point-0003965,7660.369036796,265.684018416,233.708418379,325.700000000,0.000000000,0.000000000
point-0003966,7662.853902455,269.825461182,233.708418379,325.700000000,0.000000000,0.000000000
point-0003967,7663.386372473,270.479347682,233.108418379,325.700000000,0.000000000,0.000000000
point-0003968,7665.871238065,266.337905028,233.108418379,325.700000000,0.000000000,0.000000000
point-0003969,7666.403708132,266.991791640,232.508418379,325.700000000,0.000000000,0.000000000
point-0003970,7668.888573657,271.133234181,232.508418379,325.700000000,0.000000000,0.000000000
point-0003971,7669.421043674,271.787120681,231.908418379,325.700000000,0.000000000,0.000000000
point-0003972,7671.905909131,267.645678252,231.908418379,325.700000000,0.000000000,0.000000000
point-0003973,7672.438379199,268.299564864,231.308418379,325.700000000,0.000000000,0.000000000
point-0003974,7674.923244588,272.441007180,231.308418379,325.700000000,0.000000000,0.000000000
point-0003975,7675.455714606,273.094893680,230.708418379,325.700000000,0.000000000,0.000000000
point-0003976,7677.940579928,268.953451476,230.708418379,325.700000000,0.000000000,0.000000000
point-0003977,7678.473049995,269.607338088,230.108418379,325.700000000,0.000000000,0.000000000
point-0003978,7680.957915250,273.748780180,230.108418379,325.700000000,0.000000000,0.000000000
point-0003979,7681.490385268,274.402666679,229.508418379,325.700000000,0.000000000,0.000000000
point-0003980,7683.975250455,270.261224700,229.508418379,325.700000000,0.000000000,0.000000000
point-0003981,7684.507720522,270.915111312,228.908418379,325.700000000,0.000000000,0.000000000
point-0003982,7686.992585643,275.056553179,228.908418379,325.700000000,0.000000000,0.000000000
point-0003983,7687.525055660,275.710439678,228.308418379,325.700000000,0.000000000,0.000000000
point-0003984,7690.009920713,271.568997924,228.308418379,325.700000000,0.000000000,0.000000000
point-0003985,7690.542390780,272.222884536,227.708418379,325.700000000,0.000000000,0.000000000
point-0003986,7693.027255765,276.364326178,227.708418379,325.700000000,0.000000000,0.000000000
point-0003987,7693.559725783,277.018212677,227.108418379,325.700000000,0.000000000,0.000000000
point-0003988,7696.044590700,272.876771148,227.108418379,325.700000000,0.000000000,0.000000000
point-0003989,7696.577060768,273.530657760,226.508418379,325.700000000,0.000000000,0.000000000
point-0003990,7699.061925618,277.672099177,226.508418379,325.700000000,0.000000000,0.000000000
point-0003991,7699.594395635,278.325985677,225.908418379,325.700000000,0.000000000,0.000000000
point-0003992,7702.079260418,274.184544372,225.908418379,325.700000000,0.000000000,0.000000000
point-0003993,7702.611730486,274.838430984,225.308418379,325.700000000,0.000000000,0.000000000
point-0003994,7705.096595201,278.979872176,225.308418379,325.700000000,0.000000000,0.000000000
point-0003995,7705.629065219,279.633758676,224.708418379,325.700000000,0.000000000,0.000000000
point-0003996,7708.113929867,275.492317596,224.708418379,325.700000000,0.000000000,0.000000000
point-0003997,7708.646399934,276.146204207,224.108418379,325.700000000,0.000000000,0.000000000
point-0003998,7711.131264515,280.287645175,224.108418379,325.700000000,0.000000000,0.000000000
point-0003999,7711.663734532,280.941531675,223.508418379,325.700000000,0.000000000,0.000000000
point-0004000,7714.148599045,276.800090819,223.508418379,325.700000000,0.000000000,0.000000000
point-0004001,7714.681069113,277.453977431,222.908418379,325.700000000,0.000000000,0.000000000
point-0004002,7717.165933558,281.595418174,222.908418379,325.700000000,0.000000000,0.000000000
point-0004003,7717.698403576,282.249304674,222.308418379,325.700000000,0.000000000,0.000000000
point-0004004,7720.183267954,278.107864043,222.308418379,325.700000000,0.000000000,0.000000000
point-0004005,7720.715738021,278.761750655,221.708418379,325.700000000,0.000000000,0.000000000
point-0004006,7723.200602332,282.903191173,221.708418379,325.700000000,0.000000000,0.000000000
point-0004007,7723.733072350,283.557077673,221.108418379,325.700000000,0.000000000,0.000000000
point-0004008,7726.217936593,279.415637267,221.108418379,325.700000000,0.000000000,0.000000000
point-0004009,7726.750406661,280.069523879,220.508418379,325.700000000,0.000000000,0.000000000
point-0004010,7729.235270837,284.210964173,220.508418379,325.700000000,0.000000000,0.000000000
point-0004011,7729.767740854,284.864850672,219.908418379,325.700000000,0.000000000,0.000000000
point-0004012,7732.252604963,280.723410491,219.908418379,325.700000000,0.000000000,0.000000000
point-0004013,7732.785075030,281.377297103,219.308418379,325.700000000,0.000000000,0.000000000
point-0004014,7735.269939071,285.518737172,219.308418379,325.700000000,0.000000000,0.000000000
point-0004015,7735.802409089,286.172623671,218.708418379,325.700000000,0.000000000,0.000000000
point-0004016,7738.287273063,282.031183715,218.708418379,325.700000000,0.000000000,0.000000000
point-0004017,7738.819743130,282.685070327,218.108418379,325.700000000,0.000000000,0.000000000
point-0004018,7741.304607036,286.826510171,218.108418379,325.700000000,0.000000000,0.000000000
point-0004019,7741.837077054,287.480396670,217.508418379,325.700000000,0.000000000,0.000000000
point-0004020,7744.321940893,283.338956939,217.508418379,325.700000000,0.000000000,0.000000000
point-0004021,7744.854410960,283.992843551,216.908418379,325.700000000,0.000000000,0.000000000
point-0004022,7747.339274732,288.134283170,216.908418379,325.700000000,0.000000000,0.000000000
point-0004023,7747.871744749,288.788169670,216.308418379,325.700000000,0.000000000,0.000000000
point-0004024,7750.356608453,284.646730163,216.308418379,325.700000000,0.000000000,0.000000000
point-0004025,7750.889078520,285.300616775,215.708418379,325.700000000,0.000000000,0.000000000
point-0004026,7753.373942157,289.442056169,215.708418379,325.700000000,0.000000000,0.000000000
point-0004027,7753.906412175,290.095942669,215.108418379,325.700000000,0.000000000,0.000000000
point-0004028,7756.391275744,285.954503387,215.108418379,325.700000000,0.000000000,0.000000000
point-0004029,7756.923745811,286.608389998,214.508418379,325.700000000,0.000000000,0.000000000
point-0004030,7759.408609313,290.749829168,214.508418379,325.700000000,0.000000000,0.000000000
point-0004031,7759.941079330,291.403715668,213.908418379,325.700000000,0.000000000,0.000000000
point-0004032,7762.425942765,287.262276610,213.908418379,325.700000000,0.000000000,0.000000000
point-0004033,7762.958412832,287.916163222,213.308418379,325.700000000,0.000000000,0.000000000
point-0004034,7765.443276199,292.057602167,213.308418379,325.700000000,0.000000000,0.000000000
point-0004035,7765.975746217,292.711488667,212.708418379,325.700000000,0.000000000,0.000000000
point-0004036,7768.460609516,288.570049834,212.708418379,325.700000000,0.000000000,0.000000000
point-0004037,7768.993079583,289.223936446,212.108418379,325.700000000,0.000000000,0.000000000
point-0004038,7771.477942815,293.365375166,212.108418379,325.700000000,0.000000000,0.000000000
point-0004039,7772.010412833,294.019261666,211.508418379,325.700000000,0.000000000,0.000000000
point-0004040,7774.495275998,289.877823058,211.508418379,325.700000000,0.000000000,0.000000000
point-0004041,7775.027746065,290.531709670,210.908418379,325.700000000,0.000000000,0.000000000
point-0004042,7777.512609162,294.673148166,210.908418379,325.700000000,0.000000000,0.000000000
point-0004043,7777.972306402,294.196698470,210.308418379,325.700000000,0.000000000,0.000000000
point-0004044,7779.778967715,291.185596282,210.308418379,325.700000000,0.000000000,0.000000000
point-0004045,7780.311437782,291.839482894,209.708418379,325.700000000,0.000000000,0.000000000
point-0004046,7781.395434570,293.646144207,209.708418379,325.700000000,0.000000000,0.000000000
point-0004047,7781.884023967,293.095589943,209.108418379,325.700000000,0.000000000,0.000000000
point-0004048,7782.245356229,292.493369506,209.108418379,325.700000000,0.000000000,0.000000000
point-0004049,7810.283170337,260.017163689,242.708418379,325.700000000,0.000000000,0.000000000
point-0004050,7811.676218429,257.695416869,242.708418379,325.700000000,0.000000000,0.000000000
point-0004051,7812.164810432,258.245977557,243.308418379,325.700000000,0.000000000,0.000000000
point-0004052,7812.835190212,259.363277189,243.308418379,325.700000000,0.000000000,0.000000000
point-0004053,7814.800919529,256.500838654,241.831924619,326.300000000,0.000000000,0.000000000
point-0004054,7844.441023158,293.147616121,208.705035760,326.300000000,0.000000000,0.000000000
point-0004055,7846.481026789,295.427601056,211.227278779,326.300000000,0.000000000,0.000000000
point-0004056,7875.832317436,259.137916654,244.031387296,326.300000000,0.000000000,0.000000000
point-0004057,7876.121119741,258.780829503,244.354147647,326.300000000,0.000000000,0.000000000
point-0004058,7878.161116854,256.500838654,241.831924619,326.300000000,0.000000000,0.000000000
point-0004059,7878.431652640,256.951720533,241.828761001,326.300000000,0.000000000,0.000000000
point-0004060,7880.936945826,261.127209176,241.828761001,326.300000000,0.000000000,0.000000000
point-0004061,7881.473792434,261.790961725,241.228761001,326.300000000,0.000000000,0.000000000
point-0004062,7883.979085554,257.615473192,241.228761001,326.300000000,0.000000000,0.000000000
point-0004063,7884.515932211,258.279225850,240.628761001,326.300000000,0.000000000,0.000000000
point-0004064,7887.021225265,262.454714273,240.628761001,326.300000000,0.000000000,0.000000000
point-0004065,7887.558071873,263.118466822,240.028761001,326.300000000,0.000000000,0.000000000
point-0004066,7890.063364860,258.942978509,240.028761001,326.300000000,0.000000000,0.000000000
point-0004067,7890.600211517,259.606731168,239.428761001,326.300000000,0.000000000,0.000000000
point-0004068,7893.105504439,263.782219371,239.428761001,326.300000000,0.000000000,0.000000000
point-0004069,7893.642351047,264.445971920,238.828761001,326.300000000,0.000000000,0.000000000
point-0004070,7896.147643903,260.270483827,238.828761001,326.300000000,0.000000000,0.000000000
point-0004071,7896.684490560,260.934236486,238.228761001,326.300000000,0.000000000,0.000000000
point-0004072,7899.189783349,265.109724469,238.228761001,326.300000000,0.000000000,0.000000000
point-0004073,7899.726629957,265.773477018,237.628761001,326.300000000,0.000000000,0.000000000
point-0004074,7902.231922681,261.597989145,237.628761001,326.300000000,0.000000000,0.000000000
point-0004075,7902.768769338,262.261741804,237.028761001,326.300000000,0.000000000,0.000000000
point-0004076,7905.274061995,266.437229567,237.028761001,326.300000000,0.000000000,0.000000000
point-0004077,7905.810908604,267.100982116,236.428761001,326.300000000,0.000000000,0.000000000
point-0004078,7908.316201195,262.925494463,236.428761001,326.300000000,0.000000000,0.000000000
point-0004079,7908.853047852,263.589247122,235.828761001,326.300000000,0.000000000,0.000000000
point-0004080,7911.358340377,267.764734664,235.828761001,326.300000000,0.000000000,0.000000000
point-0004081,7911.895186985,268.428487213,235.228761001,326.300000000,0.000000000,0.000000000
point-0004082,7914.400479445,264.252999781,235.228761001,326.300000000,0.000000000,0.000000000
point-0004083,7914.937326102,264.916752440,234.628761001,326.300000000,0.000000000,0.000000000
point-0004084,7917.442618495,269.092239762,234.628761001,326.300000000,0.000000000,0.000000000
point-0004085,7917.979465103,269.755992311,234.028761001,326.300000000,0.000000000,0.000000000
point-0004086,7920.484757430,265.580505099,234.028761001,326.300000000,0.000000000,0.000000000
point-0004087,7921.021604087,266.244257758,233.428761001,326.300000000,0.000000000,0.000000000
point-0004088,7923.526896348,270.419744860,233.428761001,326.300000000,0.000000000,0.000000000
point-0004089,7924.063742956,271.083497409,232.828761001,326.300000000,0.000000000,0.000000000
point-0004090,7926.569035151,266.908010417,232.828761001,326.300000000,0.000000000,0.000000000
point-0004091,7927.105881808,267.571763076,232.228761001,326.300000000,0.000000000,0.000000000
point-0004092,7929.611173937,271.747249958,232.228761001,326.300000000,0.000000000,0.000000000
point-0004093,7930.148020545,272.411002506,231.628761001,326.300000000,0.000000000,0.000000000
point-0004094,7932.653312608,268.235515735,231.628761001,326.300000000,0.000000000,0.000000000
point-0004095,7933.190159265,268.899268394,231.028761001,326.300000000,0.000000000,0.000000000
point-0004096,7935.695451262,273.074755055,231.028761001,326.300000000,0.000000000,0.000000000
point-0004097,7936.232297870,273.738507604,230.428761001,326.300000000,0.000000000,0.000000000
point-0004098,7938.737589801,269.563021053,230.428761001,326.300000000,0.000000000,0.000000000
point-0004099,7939.274436458,270.226773712,229.828761001,326.300000000,0.000000000,0.000000000
point-0004100,7941.779728323,274.402260153,229.828761001,326.300000000,0.000000000,0.000000000
point-0004101,7942.316574931,275.066012702,229.228761001,326.300000000,0.000000000,0.000000000
point-0004102,7944.821866730,270.890526371,229.228761001,326.300000000,0.000000000,0.000000000
point-0004103,7945.358713387,271.554279030,228.628761001,326.300000000,0.000000000,0.000000000
point-0004104,7947.864005119,275.729765251,228.628761001,326.300000000,0.000000000,0.000000000
point-0004105,7948.400851727,276.393517800,228.028761001,326.300000000,0.000000000,0.000000000
point-0004106,7950.906143394,272.218031689,228.028761001,326.300000000,0.000000000,0.000000000
point-0004107,7951.442990051,272.881784348,227.428761001,326.300000000,0.000000000,0.000000000
point-0004108,7953.948281651,277.057270348,227.428761001,326.300000000,0.000000000,0.000000000
point-0004109,7954.485128259,277.721022897,226.828761001,326.300000000,0.000000000,0.000000000
point-0004110,7956.990419794,273.545537007,226.828761001,326.300000000,0.000000000,0.000000000
point-0004111,7957.527266451,274.209289666,226.228761001,326.300000000,0.000000000,0.000000000
point-0004112,7960.032557919,278.384775446,226.228761001,326.300000000,0.000000000,0.000000000
point-0004113,7960.569404527,279.048527995,225.628761001,326.300000000,0.000000000,0.000000000
point-0004114,7963.074695930,274.873042325,225.628761001,326.300000000,0.000000000,0.000000000
point-0004115,7963.611542587,275.536794984,225.028761001,326.300000000,0.000000000,0.000000000
point-0004116,7966.116833923,279.712280544,225.028761001,326.300000000,0.000000000,0.000000000
point-0004117,7966.653680531,280.376033093,224.428761001,326.300000000,0.000000000,0.000000000
point-0004118,7969.158971801,276.200547643,224.428761001,326.300000000,0.000000000,0.000000000
point-0004119,7969.695818458,276.864300302,223.828761001,326.300000000,0.000000000,0.000000000
point-0004120,7972.201109662,281.039785642,223.828761001,326.300000000,0.000000000,0.000000000
point-0004121,7972.737956270,281.703538191,223.228761001,326.300000000,0.000000000,0.000000000
point-0004122,7975.243247408,277.528052960,223.228761001,326.300000000,0.000000000,0.000000000
point-0004123,7975.780094065,278.191805619,222.628761001,326.300000000,0.000000000,0.000000000
point-0004124,7978.285385137,282.367290739,222.628761001,326.300000000,0.000000000,0.000000000
point-0004125,7978.822231745,283.031043288,222.028761001,326.300000000,0.000000000,0.000000000
point-0004126,7981.327522751,278.855558278,222.028761001,326.300000000,0.000000000,0.000000000
point-0004127,7981.864369408,279.519310937,221.428761001,326.300000000,0.000000000,0.000000000
point-0004128,7984.369660348,283.694795837,221.428761001,326.300000000,0.000000000,0.000000000
point-0004129,7984.906506956,284.358548386,220.828761001,326.300000000,0.000000000,0.000000000
point-0004130,7987.411797830,280.183063596,220.828761001,326.300000000,0.000000000,0.000000000
point-0004131,7987.948644487,280.846816255,220.228761001,326.300000000,0.000000000,0.000000000
point-0004132,7990.453935295,285.022300935,220.228761001,326.300000000,0.000000000,0.000000000
point-0004133,7990.990781903,285.686053484,219.628761001,326.300000000,0.000000000,0.000000000
point-0004134,7993.496072645,281.510568914,219.628761001,326.300000000,0.000000000,0.000000000
point-0004135,7994.032919302,282.174321573,219.028761001,326.300000000,0.000000000,0.000000000
point-0004136,7996.538209977,286.349806033,219.028761001,326.300000000,0.000000000,0.000000000
point-0004137,7997.075056585,287.013558581,218.428761001,326.300000000,0.000000000,0.000000000
point-0004138,7999.580347195,282.838074232,218.428761001,326.300000000,0.000000000,0.000000000
point-0004139,8000.117193852,283.501826891,217.828761001,326.300000000,0.000000000,0.000000000
point-0004140,8002.622484396,287.677311130,217.828761001,326.300000000,0.000000000,0.000000000
point-0004141,8003.159331004,288.341063679,217.228761001,326.300000000,0.000000000,0.000000000
point-0004142,8005.664621481,284.165579550,217.228761001,326.300000000,0.000000000,0.000000000
point-0004143,8006.201468138,284.829332209,216.628761001,326.300000000,0.000000000,0.000000000
point-0004144,8008.706758549,289.004816228,216.628761001,326.300000000,0.000000000,0.000000000
point-0004145,8009.243605158,289.668568777,216.028761001,326.300000000,0.000000000,0.000000000
point-0004146,8011.748895503,285.493084868,216.028761001,326.300000000,0.000000000,0.000000000
point-0004147,8012.285742160,286.156837527,215.428761001,326.300000000,0.000000000,0.000000000
point-0004148,8014.791032439,290.332321326,215.428761001,326.300000000,0.000000000,0.000000000
point-0004149,8015.327879047,290.996073875,214.828761001,326.300000000,0.000000000,0.000000000
point-0004150,8017.833169260,286.820590186,214.828761001,326.300000000,0.000000000,0.000000000
point-0004151,8018.370015917,287.484342845,214.228761001,326.300000000,0.000000000,0.000000000
point-0004152,8020.875306065,291.659826423,214.228761001,326.300000000,0.000000000,0.000000000
point-0004153,8021.412152673,292.323578972,213.628761001,326.300000000,0.000000000,0.000000000
point-0004154,8023.917442754,288.148095504,213.628761001,326.300000000,0.000000000,0.000000000
point-0004155,8024.454289411,288.811848163,213.028761001,326.300000000,0.000000000,0.000000000
point-0004156,8026.959579426,292.987331521,213.028761001,326.300000000,0.000000000,0.000000000
point-0004157,8027.496426034,293.651084070,212.428761001,326.300000000,0.000000000,0.000000000
point-0004158,8030.001715983,289.475600822,212.428761001,326.300000000,0.000000000,0.000000000
point-0004159,8030.538562640,290.139353481,211.828761001,326.300000000,0.000000000,0.000000000
point-0004160,8033.043852523,294.314836619,211.828761001,326.300000000,0.000000000,0.000000000
point-0004161,8033.580699131,294.978589168,211.228761001,326.300000000,0.000000000,0.000000000
point-0004162,8036.085988948,290.803106140,211.228761001,326.300000000,0.000000000,0.000000000
point-0004163,8036.622835605,291.466858799,210.628761001,326.300000000,0.000000000,0.000000000
point-0004164,8038.432020791,294.482167443,210.628761001,326.300000000,0.000000000,0.000000000
point-0004165,8038.917303997,293.939796644,210.028761001,326.300000000,0.000000000,0.000000000
point-0004166,8040.002815109,292.130611458,210.028761001,326.300000000,0.000000000,0.000000000
point-0004167,8040.539661766,292.794364117,209.428761001,326.300000000,0.000000000,0.000000000
point-0004168,8040.901498803,293.397425845,209.428761001,326.300000000,0.000000000,0.000000000
point-0004169,8068.874926878,260.463456627,242.428761001,326.300000000,0.000000000,0.000000000
point-0004170,8070.686144880,257.444759957,242.428761001,326.300000000,0.000000000,0.000000000
point-0004171,8071.171430382,257.987136462,243.028761001,326.300000000,0.000000000,0.000000000
point-0004172,8072.258970951,259.799704078,243.028761001,326.300000000,0.000000000,0.000000000
point-0004173,8072.795817560,259.135951529,243.628761001,326.300000000,0.000000000,0.000000000
point-0004174,8073.159680697,258.529512966,243.628761001,326.300000000,0.000000000,0.000000000
point-0004175,8074.780091035,256.560860655,241.880018143,326.900000000,0.000000000,0.000000000
point-0004176,8104.420201474,293.450704877,209.024005313,326.900000000,0.000000000,0.000000000
point-0004177,8106.460206794,295.712047888,211.562979137,326.900000000,0.000000000,0.000000000
point-0004178,8135.811518831,259.181646599,244.098867001,326.900000000,0.000000000,0.000000000
point-0004179,8136.100307779,258.822210079,244.418975473,326.900000000,0.000000000,0.000000000
point-0004180,8138.140308267,256.560860655,241.880018143,326.900000000,0.000000000,0.000000000
point-0004181,8138.556527613,257.200890881,242.147561577,326.900000000,0.000000000,0.000000000
point-0004182,8140.788867987,260.921458170,242.147561577,326.900000000,0.000000000,0.000000000
point-0004183,8141.330140667,260.247794649,242.747561577,326.900000000,0.000000000,0.000000000
point-0004184,8142.837645088,257.735287280,242.747561577,326.900000000,0.000000000,0.000000000
point-0004185,8143.319732864,258.269683679,243.347561577,326.900000000,0.000000000,0.000000000
point-0004186,8144.102401334,259.574131128,243.347561577,326.900000000,0.000000000,0.000000000
point-0004187,8144.643676815,258.900461355,243.947561577,326.900000000,0.000000000,0.000000000
point-0004188,8144.701505582,258.804080078,243.947561577,326.900000000,0.000000000,0.000000000
point-0004189,8146.374334133,257.385203995,241.547561577,326.900000000,0.000000000,0.000000000
point-0004190,8148.900284750,261.595121691,241.547561577,326.900000000,0.000000000,0.000000000
point-0004191,8149.441557430,262.268785212,240.947561577,326.900000000,0.000000000,0.000000000
point-0004192,8151.967507984,258.058867623,240.947561577,326.900000000,0.000000000,0.000000000
point-0004193,8152.508780712,258.732531251,240.347561577,326.900000000,0.000000000,0.000000000
point-0004194,8155.034731200,262.942448733,240.347561577,326.900000000,0.000000000,0.000000000
point-0004195,8155.576003881,263.616112253,239.747561577,326.900000000,0.000000000,0.000000000
point-0004196,8158.101954305,259.406194880,239.747561577,326.900000000,0.000000000,0.000000000
point-0004197,8158.643227033,260.079858508,239.147561577,326.900000000,0.000000000,0.000000000
point-0004198,8161.169177393,264.289775774,239.147561577,326.900000000,0.000000000,0.000000000
point-0004199,8161.710450073,264.963439295,238.547561577,326.900000000,0.000000000,0.000000000
point-0004200,8164.236400369,260.753522136,238.547561577,326.900000000,0.000000000,0.000000000
point-0004201,8164.777673097,261.427185764,237.947561577,326.900000000,0.000000000,0.000000000
point-0004202,8167.303623328,265.637102816,237.947561577,326.900000000,0.000000000,0.000000000
point-0004203,8167.844896008,266.310766337,237.347561577,326.900000000,0.000000000,0.000000000
point-0004204,8170.370846175,262.100849392,237.347561577,326.900000000,0.000000000,0.000000000
point-0004205,8170.912118903,262.774513021,236.747561577,326.900000000,0.000000000,0.000000000
point-0004206,8173.438069005,266.984429858,236.747561577,326.900000000,0.000000000,0.000000000
point-0004207,8173.979341685,267.658093379,236.147561577,326.900000000,0.000000000,0.000000000
point-0004208,8176.505291723,263.448176649,236.147561577,326.900000000,0.000000000,0.000000000
point-0004209,8177.046564451,264.121840277,235.547561577,326.900000000,0.000000000,0.000000000
point-0004210,8179.572514425,268.331756900,235.547561577,326.900000000,0.000000000,0.000000000
point-0004211,8180.113787105,269.005420420,234.947561577,326.900000000,0.000000000,0.000000000
point-0004212,8182.639737014,264.795503905,234.947561577,326.900000000,0.000000000,0.000000000
point-0004213,8183.181009742,265.469167533,234.347561577,326.900000000,0.000000000,0.000000000
point-0004214,8185.706959587,269.679083941,234.347561577,326.900000000,0.000000000,0.000000000
point-0004215,8186.248232267,270.352747462,233.747561577,326.900000000,0.000000000,0.000000000
point-0004216,8188.774182047,266.142831162,233.747561577,326.900000000,0.000000000,0.000000000
point-0004217,8189.315454775,266.816494790,233.147561577,326.900000000,0.000000000,0.000000000
point-0004218,8191.841404491,271.026410983,233.147561577,326.900000000,0.000000000,0.000000000
point-0004219,8192.382677171,271.700074504,232.547561577,326.900000000,0.000000000,0.000000000
point-0004220,8194.908626823,267.490158418,232.547561577,326.900000000,0.000000000,0.000000000
point-0004221,8195.449899551,268.163822046,231.947561577,326.900000000,0.000000000,0.000000000
point-0004222,8197.975849138,272.373738025,231.947561577,326.900000000,0.000000000,0.000000000
point-0004223,8198.517121818,273.047401546,231.347561577,326.900000000,0.000000000,0.000000000
point-0004224,8201.043071341,268.837485675,231.347561577,326.900000000,0.000000000,0.000000000
point-0004225,8201.584344069,269.511149303,230.747561577,326.900000000,0.000000000,0.000000000
point-0004226,8204.110293527,273.721065067,230.747561577,326.900000000,0.000000000,0.000000000
point-0004227,8204.651566207,274.394728588,230.147561577,326.900000000,0.000000000,0.000000000
point-0004228,8207.177515601,270.184812931,230.147561577,326.900000000,0.000000000,0.000000000
point-0004229,8207.718788330,270.858476559,229.547561577,326.900000000,0.000000000,0.000000000
point-0004230,8210.244737659,275.068392108,229.547561577,326.900000000,0.000000000,0.000000000
point-0004231,8210.786010339,275.742055629,228.947561577,326.900000000,0.000000000,0.000000000
point-0004232,8213.311959604,271.532140187,228.947561577,326.900000000,0.000000000,0.000000000
point-0004233,8213.853232332,272.205803816,228.347561577,326.900000000,0.000000000,0.000000000
point-0004234,8216.379181533,276.415719150,228.347561577,326.900000000,0.000000000,0.000000000
point-0004235,8216.920454213,277.089382671,227.747561577,326.900000000,0.000000000,0.000000000
point-0004236,8219.446403350,272.879467444,227.747561577,326.900000000,0.000000000,0.000000000
point-0004237,8219.987676078,273.553131072,227.147561577,326.900000000,0.000000000,0.000000000
point-0004238,8222.513625150,277.763046192,227.147561577,326.900000000,0.000000000,0.000000000
point-0004239,8223.054897830,278.436709713,226.547561577,326.900000000,0.000000000,0.000000000
point-0004240,8225.580846837,274.226794700,226.547561577,326.900000000,0.000000000,0.000000000
point-0004241,8226.122119565,274.900458328,225.947561577,326.900000000,0.000000000,0.000000000
point-0004242,8228.648068509,279.110373234,225.947561577,326.900000000,0.000000000,0.000000000
point-0004243,8229.189341189,279.784036755,225.347561577,326.900000000,0.000000000,0.000000000
point-0004244,8231.715290067,275.574121957,225.347561577,326.900000000,0.000000000,0.000000000
point-0004245,8232.256562795,276.247785585,224.747561577,326.900000000,0.000000000,0.000000000
point-0004246,8234.782511610,280.457700275,224.747561577,326.900000000,0.000000000,0.000000000
point-0004247,8235.323784290,281.131363796,224.147561577,326.900000000,0.000000000,0.000000000
point-0004248,8237.849733040,276.921449213,224.147561577,326.900000000,0.000000000,0.000000000
point-0004249,8238.391005768,277.595112841,223.547561577,326.900000000,0.000000000,0.000000000
point-0004250,8240.916954454,281.805027317,223.547561577,326.900000000,0.000000000,0.000000000
point-0004251,8241.458227134,282.478690838,222.947561577,326.900000000,0.000000000,0.000000000
point-0004252,8243.984175755,278.268776470,222.947561577,326.900000000,0.000000000,0.000000000
point-0004253,8244.525448483,278.942440098,222.347561577,326.900000000,0.000000000,0.000000000
point-0004254,8247.051397040,283.152354359,222.347561577,326.900000000,0.000000000,0.000000000
point-0004255,8247.592669720,283.826017880,221.747561577,326.900000000,0.000000000,0.000000000
point-0004256,8250.118618212,279.616103726,221.747561577,326.900000000,0.000000000,0.000000000
point-0004257,8250.659890940,280.289767354,221.147561577,326.900000000,0.000000000,0.000000000
point-0004258,8253.185839368,284.499681401,221.147561577,326.900000000,0.000000000,0.000000000
point-0004259,8253.727112048,285.173344922,220.547561577,326.900000000,0.000000000,0.000000000
point-0004260,8256.253060412,280.963430982,220.547561577,326.900000000,0.000000000,0.000000000
point-0004261,8256.794333140,281.637094611,219.947561577,326.900000000,0.000000000,0.000000000
point-0004262,8259.320281439,285.847008443,219.947561577,326.900000000,0.000000000,0.000000000
point-0004263,8259.861554119,286.520671963,219.347561577,326.900000000,0.000000000,0.000000000
point-0004264,8262.387502354,282.310758239,219.347561577,326.900000000,0.000000000,0.000000000
point-0004265,8262.928775082,282.984421867,218.747561577,326.900000000,0.000000000,0.000000000
point-0004266,8265.454723252,287.194335484,218.747561577,326.900000000,0.000000000,0.000000000
point-0004267,8265.995995932,287.867999005,218.147561577,326.900000000,0.000000000,0.000000000
point-0004268,8268.521944038,283.658085495,218.147561577,326.900000000,0.000000000,0.000000000
point-0004269,8269.063216767,284.331749123,217.547561577,326.900000000,0.000000000,0.000000000
point-0004270,8271.589164808,288.541662526,217.547561577,326.900000000,0.000000000,0.000000000
point-0004271,8272.130437488,289.215326047,216.947561577,326.900000000,0.000000000,0.000000000
point-0004272,8274.656385465,285.005412752,216.947561577,326.900000000,0.000000000,0.000000000
point-0004273,8275.197658193,285.679076380,216.347561577,326.900000000,0.000000000,0.000000000
point-0004274,8277.723606106,289.888989568,216.347561577,326.900000000,0.000000000,0.000000000
point-0004275,8278.264878786,290.562653089,215.747561577,326.900000000,0.000000000,0.000000000
point-0004276,8280.790826635,286.352740008,215.747561577,326.900000000,0.000000000,0.000000000
point-0004277,8281.332099363,287.026403636,215.147561577,326.900000000,0.000000000,0.000000000
point-0004278,8283.858047147,291.236316610,215.147561577,326.900000000,0.000000000,0.000000000
point-0004279,8284.399319827,291.909980130,214.547561577,326.900000000,0.000000000,0.000000000
point-0004280,8286.925267546,287.700067264,214.547561577,326.900000000,0.000000000,0.000000000
point-0004281,8287.466540274,288.373730893,213.947561577,326.900000000,0.000000000,0.000000000
point-0004282,8289.992487930,292.583643651,213.947561577,326.900000000,0.000000000,0.000000000
point-0004283,8290.533760610,293.257307172,213.347561577,326.900000000,0.000000000,0.000000000
point-0004284,8293.059708200,289.047394521,213.347561577,326.900000000,0.000000000,0.000000000
point-0004285,8293.600980929,289.721058149,212.747561577,326.900000000,0.000000000,0.000000000
point-0004286,8296.126928455,293.930970693,212.747561577,326.900000000,0.000000000,0.000000000
point-0004287,8296.668201135,294.604634214,212.147561577,326.900000000,0.000000000,0.000000000
point-0004288,8299.194148597,290.394721777,212.147561577,326.900000000,0.000000000,0.000000000
point-0004289,8299.735421325,291.068385406,211.547561577,326.900000000,0.000000000,0.000000000
point-0004290,8302.261368723,295.278297735,211.547561577,326.900000000,0.000000000,0.000000000
point-0004291,8302.736230219,294.762186634,210.947561577,326.900000000,0.000000000,0.000000000
point-0004292,8304.548312779,291.742049034,210.947561577,326.900000000,0.000000000,0.000000000
point-0004293,8305.089585507,292.415712662,210.347561577,326.900000000,0.000000000,0.000000000
point-0004294,8306.176835043,294.227795222,210.347561577,326.900000000,0.000000000,0.000000000
point-0004295,8306.658920829,293.693403810,209.747561577,326.900000000,0.000000000,0.000000000
point-0004296,8307.021337341,293.089376290,209.747561577,326.900000000,0.000000000,0.000000000
point-0004297,8336.206068814,256.619795207,241.927957056,327.500000000,0.000000000,0.000000000
point-0004298,8365.846179633,293.747751294,209.341255399,327.500000000,0.000000000,0.000000000
point-0004299,8367.886186077,295.990559927,211.896618871,327.500000000,0.000000000,0.000000000
point-0004300,8397.237512542,259.224348864,244.165834761,327.500000000,0.000000000,0.000000000
point-0004301,8397.526288627,258.862610658,244.483307406,327.500000000,0.000000000,0.000000000
point-0004302,8399.566291853,256.619795207,241.927957056,327.500000000,0.000000000,0.000000000
point-0004303,8399.884742571,257.146753960,241.864622188,327.500000000,0.000000000,0.000000000
point-0004304,8402.431570413,261.391467029,241.864622188,327.500000000,0.000000000,0.000000000
point-0004305,8402.977316424,260.707851824,242.464622188,327.500000000,0.000000000,0.000000000
point-0004306,8404.908035892,257.489986045,242.464622188,327.500000000,0.000000000,0.000000000
point-0004307,8405.387031633,258.016602394,243.064622188,327.500000000,0.000000000,0.000000000
point-0004308,8406.591612168,260.024236619,243.064622188,327.500000000,0.000000000,0.000000000
point-0004309,8407.137358180,259.340621414,243.664622188,327.500000000,0.000000000,0.000000000
point-0004310,8407.615799783,258.543218742,243.664622188,327.500000000,0.000000000,0.000000000
point-0004311,8409.117976727,257.830369270,241.264622188,327.500000000,0.000000000,0.000000000
point-0004312,8411.664804506,262.075082234,241.264622188,327.500000000,0.000000000,0.000000000
point-0004313,8412.210550518,262.758697439,240.664622188,327.500000000,0.000000000,0.000000000
point-0004314,8414.757378234,258.513984579,240.664622188,327.500000000,0.000000000,0.000000000
point-0004315,8415.303124293,259.197599888,240.064622188,327.500000000,0.000000000,0.000000000
point-0004316,8417.849951946,263.442312644,240.064622188,327.500000000,0.000000000,0.000000000
point-0004317,8418.395697958,264.125927849,239.464622188,327.500000000,0.000000000,0.000000000
point-0004318,8420.942525549,259.881215198,239.464622188,327.500000000,0.000000000,0.000000000
point-0004319,8421.488271608,260.564830507,238.864622188,327.500000000,0.000000000,0.000000000
point-0004320,8424.035099136,264.809543054,238.864622188,327.500000000,0.000000000,0.000000000
point-0004321,8424.580845148,265.493158259,238.264622188,327.500000000,0.000000000,0.000000000
point-0004322,8427.127672613,261.248445817,238.264622188,327.500000000,0.000000000,0.000000000
point-0004323,8427.673418672,261.932061126,237.664622188,327.500000000,0.000000000,0.000000000
point-0004324,8430.220246075,266.176773464,237.664622188,327.500000000,0.000000000,0.000000000
point-0004325,8430.765992087,266.860388669,237.064622188,327.500000000,0.000000000,0.000000000
point-0004326,8433.312819427,262.615676435,237.064622188,327.500000000,0.000000000,0.000000000
point-0004327,8433.858565486,263.299291745,236.464622188,327.500000000,0.000000000,0.000000000
point-0004328,8436.405392764,267.544003874,236.464622188,327.500000000,0.000000000,0.000000000
point-0004329,8436.951138776,268.227619079,235.864622188,327.500000000,0.000000000,0.000000000
point-0004330,8439.497965991,263.982907054,235.864622188,327.500000000,0.000000000,0.000000000
point-0004331,8440.043712050,264.666522364,235.264622188,327.500000000,0.000000000,0.000000000
point-0004332,8442.590539202,268.911234284,235.264622188,327.500000000,0.000000000,0.000000000
point-0004333,8443.136285214,269.594849489,234.664622188,327.500000000,0.000000000,0.000000000
point-0004334,8445.683112304,265.350137673,234.664622188,327.500000000,0.000000000,0.000000000
point-0004335,8446.228858363,266.033752982,234.064622188,327.500000000,0.000000000,0.000000000
point-0004336,8448.775685390,270.278464695,234.064622188,327.500000000,0.000000000,0.000000000
point-0004337,8449.321431402,270.962079900,233.464622188,327.500000000,0.000000000,0.000000000
point-0004338,8451.868258367,266.717368292,233.464622188,327.500000000,0.000000000,0.000000000
point-0004339,8452.414004426,267.400983601,232.864622188,327.500000000,0.000000000,0.000000000
point-0004340,8454.960831328,271.645695105,232.864622188,327.500000000,0.000000000,0.000000000
point-0004341,8455.506577340,272.329310310,232.264622188,327.500000000,0.000000000,0.000000000
point-0004342,8458.053404180,268.084598910,232.264622188,327.500000000,0.000000000,0.000000000
point-0004343,8458.599150239,268.768214220,231.664622188,327.500000000,0.000000000,0.000000000
point-0004344,8461.145977016,273.012925515,231.664622188,327.500000000,0.000000000,0.000000000
point-0004345,8461.691723027,273.696540720,231.064622188,327.500000000,0.000000000,0.000000000
point-0004346,8464.238549742,269.451829529,231.064622188,327.500000000,0.000000000,0.000000000
point-0004347,8464.784295801,270.135444839,230.464622188,327.500000000,0.000000000,0.000000000
point-0004348,8467.331122453,274.380155925,230.464622188,327.500000000,0.000000000,0.000000000
point-0004349,8467.876868464,275.063771130,229.864622188,327.500000000,0.000000000,0.000000000
point-0004350,8470.423695054,270.819060148,229.864622188,327.500000000,0.000000000,0.000000000
point-0004351,8470.969441113,271.502675457,229.264622188,327.500000000,0.000000000,0.000000000
point-0004352,8473.516267639,275.747386335,229.264622188,327.500000000,0.000000000,0.000000000
point-0004353,8474.062013651,276.431001540,228.664622188,327.500000000,0.000000000,0.000000000
point-0004354,8476.608840115,272.186290767,228.664622188,327.500000000,0.000000000,0.000000000
point-0004355,8477.154586174,272.869906076,228.064622188,327.500000000,0.000000000,0.000000000
point-0004356,8479.701412575,277.114616745,228.064622188,327.500000000,0.000000000,0.000000000
point-0004357,8480.247158587,277.798231950,227.464622188,327.500000000,0.000000000,0.000000000
point-0004358,8482.793984926,273.553521386,227.464622188,327.500000000,0.000000000,0.000000000
point-0004359,8483.339730985,274.237136695,226.864622188,327.500000000,0.000000000,0.000000000
point-0004360,8485.886557261,278.481847155,226.864622188,327.500000000,0.000000000,0.000000000
point-0004361,8486.432303273,279.165462360,226.264622188,327.500000000,0.000000000,0.000000000
point-0004362,8488.979129486,274.920752004,226.264622188,327.500000000,0.000000000,0.000000000
point-0004363,8489.524875545,275.604367314,225.664622188,327.500000000,0.000000000,0.000000000
point-0004364,8492.071701696,279.849077565,225.664622188,327.500000000,0.000000000,0.000000000
point-0004365,8492.617447708,280.532692771,225.064622188,327.500000000,0.000000000,0.000000000
point-0004366,8495.164273797,276.287982623,225.064622188,327.500000000,0.000000000,0.000000000
point-0004367,8495.710019856,276.971597933,224.464622188,327.500000000,0.000000000,0.000000000
point-0004368,8498.256845881,281.216307976,224.464622188,327.500000000,0.000000000,0.000000000
point-0004369,8498.802591893,281.899923181,223.864622188,327.500000000,0.000000000,0.000000000
point-0004370,8501.349417856,277.655213242,223.864622188,327.500000000,0.000000000,0.000000000
point-0004371,8501.895163915,278.338828551,223.264622188,327.500000000,0.000000000,0.000000000
point-0004372,8504.441989816,282.583538386,223.264622188,327.500000000,0.000000000,0.000000000
point-0004373,8504.987735828,283.267153591,222.664622188,327.500000000,0.000000000,0.000000000
point-0004374,8507.534561666,279.022443861,222.664622188,327.500000000,0.000000000,0.000000000
point-0004375,8508.080307725,279.706059170,222.064622188,327.500000000,0.000000000,0.000000000
point-0004376,8510.627133500,283.950768796,222.064622188,327.500000000,0.000000000,0.000000000
point-0004377,8511.172879512,284.634384001,221.464622188,327.500000000,0.000000000,0.000000000
point-0004378,8513.719705225,280.389674480,221.464622188,327.500000000,0.000000000,0.000000000
point-0004379,8514.265451284,281.073289789,220.864622188,327.500000000,0.000000000,0.000000000
point-0004380,8516.812276934,285.317999206,220.864622188,327.500000000,0.000000000,0.000000000
point-0004381,8517.358022946,286.001614411,220.264622188,327.500000000,0.000000000,0.000000000
point-0004382,8519.904848533,281.756905098,220.264622188,327.500000000,0.000000000,0.000000000
point-0004383,8520.450594592,282.440520408,219.664622188,327.500000000,0.000000000,0.000000000
point-0004384,8522.997420117,286.685229616,219.664622188,327.500000000,0.000000000,0.000000000
point-0004385,8523.543166129,287.368844821,219.064622188,327.500000000,0.000000000,0.000000000
point-0004386,8526.089991592,283.124135717,219.064622188,327.500000000,0.000000000,0.000000000
point-0004387,8526.635737651,283.807751027,218.464622188,327.500000000,0.000000000,0.000000000
point-0004388,8529.182563050,288.052460026,218.464622188,327.500000000,0.000000000,0.000000000
point-0004389,8529.728309062,288.736075231,217.864622188,327.500000000,0.000000000,0.000000000
point-0004390,8532.275134400,284.491366336,217.864622188,327.500000000,0.000000000,0.000000000
point-0004391,8532.820880458,285.174981645,217.264622188,327.500000000,0.000000000,0.000000000
point-0004392,8535.367705733,289.419690436,217.264622188,327.500000000,0.000000000,0.000000000
point-0004393,8535.913451745,290.103305641,216.664622188,327.500000000,0.000000000,0.000000000
point-0004394,8538.460276957,285.858596955,216.664622188,327.500000000,0.000000000,0.000000000
point-0004395,8539.006023016,286.542212264,216.064622188,327.500000000,0.000000000,0.000000000
point-0004396,8541.552848165,290.786920847,216.064622188,327.500000000,0.000000000,0.000000000
point-0004397,8542.098594177,291.470536052,215.464622188,327.500000000,0.000000000,0.000000000
point-0004398,8544.645419264,287.225827574,215.464622188,327.500000000,0.000000000,0.000000000
point-0004399,8545.191165323,287.909442883,214.864622188,327.500000000,0.000000000,0.000000000
point-0004400,8547.737990347,292.154151257,214.864622188,327.500000000,0.000000000,0.000000000
point-0004401,8548.283736359,292.837766462,214.264622188,327.500000000,0.000000000,0.000000000
point-0004402,8550.830561321,288.593058192,214.264622188,327.500000000,0.000000000,0.000000000
point-0004403,8551.376307380,289.276673502,213.664622188,327.500000000,0.000000000,0.000000000
point-0004404,8553.923132279,293.521381667,213.664622188,327.500000000,0.000000000,0.000000000
point-0004405,8554.468878291,294.204996872,213.064622188,327.500000000,0.000000000,0.000000000
point-0004406,8557.015703127,289.960288811,213.064622188,327.500000000,0.000000000,0.000000000
point-0004407,8557.561449186,290.643904121,212.464622188,327.500000000,0.000000000,0.000000000
point-0004408,8560.108273960,294.888612077,212.464622188,327.500000000,0.000000000,0.000000000
point-0004409,8560.650012580,295.563315165,211.864622188,327.500000000,0.000000000,0.000000000
point-0004410,8563.191490020,291.327519430,211.864622188,327.500000000,0.000000000,0.000000000
point-0004411,8563.737236079,292.011134739,211.264622188,327.500000000,0.000000000,0.000000000
point-0004412,8565.552577108,295.036703121,211.264622188,327.500000000,0.000000000,0.000000000
point-0004413,8566.031571146,294.510091078,210.664622188,327.500000000,0.000000000,0.000000000
point-0004414,8567.120775763,292.694750049,210.664622188,327.500000000,0.000000000,0.000000000
point-0004415,8567.666521822,293.378365358,210.064622188,327.500000000,0.000000000,0.000000000
point-0004416,8568.029590028,293.983479034,210.064622188,327.500000000,0.000000000,0.000000000
point-0004417,8597.487108624,256.677629047,241.975708831,328.100000000,0.000000000,0.000000000
point-0004418,8627.127206394,294.038711438,209.656587217,328.100000000,0.000000000,0.000000000
point-0004419,8629.167212773,296.263104529,212.227996884,328.100000000,0.000000000,0.000000000
point-0004420,8658.518538963,259.266022234,244.232253272,328.100000000,0.000000000,0.000000000
point-0004421,8658.807303363,258.902029247,244.547108427,328.100000000,0.000000000,0.000000000
point-0004422,8660.847307963,256.677629047,241.975708831,328.100000000,0.000000000,0.000000000
point-0004423,8661.212352413,257.250803403,242.179744961,328.100000000,0.000000000,0.000000000
point-0004424,8663.569977619,261.180178747,242.179744961,328.100000000,0.000000000,0.000000000
point-0004425,8664.120241794,260.486575711,242.779744961,328.100000000,0.000000000,0.000000000
point-0004426,8665.750285641,257.769835965,242.779744961,328.100000000,0.000000000,0.000000000
point-0004427,8666.226292078,258.288868527,243.379744961,328.100000000,0.000000000,0.000000000
point-0004428,8667.128754568,259.792972676,243.379744961,328.100000000,0.000000000,0.000000000
point-0004429,8667.679018742,259.099369640,243.979744961,328.100000000,0.000000000,0.000000000
point-0004430,8667.853899873,258.807901089,243.979744961,328.100000000,0.000000000,0.000000000
point-0004431,8669.467635680,257.593927749,241.579744961,328.100000000,0.000000000,0.000000000
point-0004432,8672.035548100,261.873781782,241.579744961,328.100000000,0.000000000,0.000000000
point-0004433,8672.585812274,262.567384818,240.979744961,328.100000000,0.000000000,0.000000000
point-0004434,8675.153724633,258.287530886,240.979744961,328.100000000,0.000000000,0.000000000
point-0004435,8675.703988853,258.981134023,240.379744961,328.100000000,0.000000000,0.000000000
point-0004436,8678.271901152,263.260987853,240.379744961,328.100000000,0.000000000,0.000000000
point-0004437,8678.822165326,263.954590888,239.779744961,328.100000000,0.000000000,0.000000000
point-0004438,8681.390077563,259.674737159,239.779744961,328.100000000,0.000000000,0.000000000
point-0004439,8681.940341783,260.368340296,239.179744961,328.100000000,0.000000000,0.000000000
point-0004440,8684.508253960,264.648193924,239.179744961,328.100000000,0.000000000,0.000000000
point-0004441,8685.058518134,265.341796959,238.579744961,328.100000000,0.000000000,0.000000000
point-0004442,8687.626430250,261.061943433,238.579744961,328.100000000,0.000000000,0.000000000
point-0004443,8688.176694471,261.755546569,237.979744961,328.100000000,0.000000000,0.000000000
point-0004444,8690.744606526,266.035399995,237.979744961,328.100000000,0.000000000,0.000000000
point-0004445,8691.294870700,266.729003030,237.379744961,328.100000000,0.000000000,0.000000000
point-0004446,8693.862782694,262.449149706,237.379744961,328.100000000,0.000000000,0.000000000
point-0004447,8694.413046915,263.142752843,236.779744961,328.100000000,0.000000000,0.000000000
point-0004448,8696.980958848,267.422606066,236.779744961,328.100000000,0.000000000,0.000000000
point-0004449,8697.531223023,268.116209101,236.179744961,328.100000000,0.000000000,0.000000000
point-0004450,8700.099134896,263.836355979,236.179744961,328.100000000,0.000000000,0.000000000
point-0004451,8700.649399116,264.529959116,235.579744961,328.100000000,0.000000000,0.000000000
point-0004452,8703.217310928,268.809812136,235.579744961,328.100000000,0.000000000,0.000000000
point-0004453,8703.767575102,269.503415172,234.979744961,328.100000000,0.000000000,0.000000000
point-0004454,8706.335486854,265.223562253,234.979744961,328.100000000,0.000000000,0.000000000
point-0004455,8706.885751074,265.917165389,234.379744961,328.100000000,0.000000000,0.000000000
point-0004456,8709.453662765,270.197018207,234.379744961,328.100000000,0.000000000,0.000000000
point-0004457,8710.003926939,270.890621243,233.779744961,328.100000000,0.000000000,0.000000000
point-0004458,8712.571838569,266.610768526,233.779744961,328.100000000,0.000000000,0.000000000
point-0004459,8713.122102789,267.304371663,233.179744961,328.100000000,0.000000000,0.000000000
point-0004460,8715.690014358,271.584224278,233.179744961,328.100000000,0.000000000,0.000000000
point-0004461,8716.240278533,272.277827313,232.579744961,328.100000000,0.000000000,0.000000000
point-0004462,8718.808190041,267.997974799,232.579744961,328.100000000,0.000000000,0.000000000
point-0004463,8719.358454261,268.691577936,231.979744961,328.100000000,0.000000000,0.000000000
point-0004464,8721.926365709,272.971430349,231.979744961,328.100000000,0.000000000,0.000000000
point-0004465,8722.476629883,273.665033384,231.379744961,328.100000000,0.000000000,0.000000000
point-0004466,8725.044541270,269.385181073,231.379744961,328.100000000,0.000000000,0.000000000
point-0004467,8725.594805490,270.078784209,230.779744961,328.100000000,0.000000000,0.000000000
point-0004468,8728.162716817,274.358636420,230.779744961,328.100000000,0.000000000,0.000000000
point-0004469,8728.712980991,275.052239455,230.179744961,328.100000000,0.000000000,0.000000000
point-0004470,8731.280892256,270.772387346,230.179744961,328.100000000,0.000000000,0.000000000
point-0004471,8731.831156477,271.465990483,229.579744961,328.100000000,0.000000000,0.000000000
point-0004472,8734.399067681,275.745842491,229.579744961,328.100000000,0.000000000,0.000000000
point-0004473,8734.949331856,276.439445526,228.979744961,328.100000000,0.000000000,0.000000000
point-0004474,8737.517243000,272.159593619,228.979744961,328.100000000,0.000000000,0.000000000
point-0004475,8738.067507220,272.853196756,228.379744961,328.100000000,0.000000000,0.000000000
point-0004476,8740.635418303,277.133048561,228.379744961,328.100000000,0.000000000,0.000000000
point-0004477,8741.185682477,277.826651597,227.779744961,328.100000000,0.000000000,0.000000000
point-0004478,8743.753593500,273.546799893,227.779744961,328.100000000,0.000000000,0.000000000
point-0004479,8744.303857720,274.240403029,227.179744961,328.100000000,0.000000000,0.000000000
point-0004480,8746.871768682,278.520254632,227.179744961,328.100000000,0.000000000,0.000000000
point-0004481,8747.422032856,279.213857668,226.579744961,328.100000000,0.000000000,0.000000000
point-0004482,8749.989943757,274.934006166,226.579744961,328.100000000,0.000000000,0.000000000
point-0004483,8750.540207977,275.627609303,225.979744961,328.100000000,0.000000000,0.000000000
point-0004484,8753.108118818,279.907460703,225.979744961,328.100000000,0.000000000,0.000000000
point-0004485,8753.658382992,280.601063739,225.379744961,328.100000000,0.000000000,0.000000000
point-0004486,8756.226293772,276.321212439,225.379744961,328.100000000,0.000000000,0.000000000
point-0004487,8756.776557992,277.014815576,224.779744961,328.100000000,0.000000000,0.000000000
point-0004488,8759.344468711,281.294666774,224.779744961,328.100000000,0.000000000,0.000000000
point-0004489,8759.894732885,281.988269809,224.179744961,328.100000000,0.000000000,0.000000000
point-0004490,8762.462643543,277.708418713,224.179744961,328.100000000,0.000000000,0.000000000
point-0004491,8763.012907763,278.402021849,223.579744961,328.100000000,0.000000000,0.000000000
point-0004492,8765.580818360,282.681872845,223.579744961,328.100000000,0.000000000,0.000000000
point-0004493,8766.131082535,283.375475880,222.979744961,328.100000000,0.000000000,0.000000000
point-0004494,8768.698993071,279.095624986,222.979744961,328.100000000,0.000000000,0.000000000
point-0004495,8769.249257291,279.789228123,222.379744961,328.100000000,0.000000000,0.000000000
point-0004496,8771.817167767,284.069078916,222.379744961,328.100000000,0.000000000,0.000000000
point-0004497,8772.367431942,284.762681951,221.779744961,328.100000000,0.000000000,0.000000000
point-0004498,8774.935342357,280.482831259,221.779744961,328.100000000,0.000000000,0.000000000
point-0004499,8775.485606577,281.176434396,221.179744961,328.100000000,0.000000000,0.000000000
point-0004500,8778.053516931,285.456284986,221.179744961,328.100000000,0.000000000,0.000000000
point-0004501,8778.603781105,286.149888022,220.579744961,328.100000000,0.000000000,0.000000000
point-0004502,8781.171691399,281.870037533,220.579744961,328.100000000,0.000000000,0.000000000
point-0004503,8781.721955619,282.563640669,219.979744961,328.100000000,0.000000000,0.000000000
point-0004504,8784.289865852,286.843491057,219.979744961,328.100000000,0.000000000,0.000000000
point-0004505,8784.840130026,287.537094093,219.379744961,328.100000000,0.000000000,0.000000000
point-0004506,8787.408040198,283.257243806,219.379744961,328.100000000,0.000000000,0.000000000
point-0004507,8787.958304419,283.950846943,218.779744961,328.100000000,0.000000000,0.000000000
point-0004508,8790.526214530,288.230697128,218.779744961,328.100000000,0.000000000,0.000000000
point-0004509,8791.076478704,288.924300164,218.179744961,328.100000000,0.000000000,0.000000000
point-0004510,8793.644388755,284.644450079,218.179744961,328.100000000,0.000000000,0.000000000
point-0004511,8794.194652975,285.338053216,217.579744961,328.100000000,0.000000000,0.000000000
point-0004512,8796.762562965,289.617903199,217.579744961,328.100000000,0.000000000,0.000000000
point-0004513,8797.312827139,290.311506234,216.979744961,328.100000000,0.000000000,0.000000000
point-0004514,8799.880737068,286.031656353,216.979744961,328.100000000,0.000000000,0.000000000
point-0004515,8800.431001288,286.725259489,216.379744961,328.100000000,0.000000000,0.000000000
point-0004516,8802.998911157,291.005109270,216.379744961,328.100000000,0.000000000,0.000000000
point-0004517,8803.549175331,291.698712305,215.779744961,328.100000000,0.000000000,0.000000000
point-0004518,8806.117085139,287.418862626,215.779744961,328.100000000,0.000000000,0.000000000
point-0004519,8806.667349359,288.112465763,215.179744961,328.100000000,0.000000000,0.000000000
point-0004520,8809.235259106,292.392315341,215.179744961,328.100000000,0.000000000,0.000000000
point-0004521,8809.785523280,293.085918376,214.579744961,328.100000000,0.000000000,0.000000000
point-0004522,8812.353432966,288.806068899,214.579744961,328.100000000,0.000000000,0.000000000
point-0004523,8812.903697186,289.499672036,213.979744961,328.100000000,0.000000000,0.000000000
point-0004524,8815.471606812,293.779521411,213.979744961,328.100000000,0.000000000,0.000000000
point-0004525,8816.021870986,294.473124447,213.379744961,328.100000000,0.000000000,0.000000000
point-0004526,8818.589780551,290.193275172,213.379744961,328.100000000,0.000000000,0.000000000
point-0004527,8819.140044771,290.886878309,212.779744961,328.100000000,0.000000000,0.000000000
point-0004528,8821.707954275,295.166727482,212.779744961,328.100000000,0.000000000,0.000000000
point-0004529,8822.242230352,295.824693471,212.179744961,328.100000000,0.000000000,0.000000000
point-0004530,8824.788757567,291.580481446,212.179744961,328.100000000,0.000000000,0.000000000
point-0004531,8825.339021787,292.274084582,211.579744961,328.100000000,0.000000000,0.000000000
point-0004532,8827.157969798,295.305664600,211.579744961,328.100000000,0.000000000,0.000000000
point-0004533,8827.633974786,294.786635730,210.979744961,328.100000000,0.000000000,0.000000000
point-0004534,8828.725343592,292.967687719,210.979744961,328.100000000,0.000000000,0.000000000
point-0004535,8829.275607813,293.661290856,210.379744961,328.100000000,0.000000000,0.000000000
point-0004536,8829.639397415,294.267606859,210.379744961,328.100000000,0.000000000,0.000000000
point-0004537,8859.096990424,256.734351173,242.023240178,328.700000000,0.000000000,0.000000000
point-0004538,8888.737057643,294.323553026,209.969800849,328.700000000,0.000000000,0.000000000
point-0004539,8890.777062395,296.529660788,212.556911668,328.700000000,0.000000000,0.000000000
point-0004540,8920.128369013,259.306667630,244.298085468,328.700000000,0.000000000,0.000000000
point-0004541,8920.417123389,258.940466203,244.610343529,328.700000000,0.000000000,0.000000000
point-0004542,8922.457127560,256.734351173,242.023240178,328.700000000,0.000000000,0.000000000
point-0004543,8922.834585990,257.349762297,241.892730915,328.700000000,0.000000000,0.000000000
point-0004544,8925.423777856,261.665082073,241.892730915,328.700000000,0.000000000,0.000000000
point-0004545,8925.978602454,262.368704316,241.292730915,328.700000000,0.000000000,0.000000000
point-0004546,8928.567794261,258.053384638,241.292730915,328.700000000,0.000000000,0.000000000
point-0004547,8929.122618903,258.757006978,240.692730915,328.700000000,0.000000000,0.000000000
point-0004548,8931.711810651,263.072326559,240.692730915,328.700000000,0.000000000,0.000000000
point-0004549,8932.266635248,263.775948801,240.092730915,328.700000000,0.000000000,0.000000000
point-0004550,8934.855826938,259.460629319,240.092730915,328.700000000,0.000000000,0.000000000
point-0004551,8935.410651580,260.164251660,239.492730915,328.700000000,0.000000000,0.000000000
point-0004552,8937.999843210,264.479571044,239.492730915,328.700000000,0.000000000,0.000000000
point-0004553,8938.554667808,265.183193287,238.892730915,328.700000000,0.000000000,0.000000000
point-0004554,8941.143859379,260.867874001,238.892730915,328.700000000,0.000000000,0.000000000
point-0004555,8941.698684021,261.571496341,238.292730915,328.700000000,0.000000000,0.000000000
point-0004556,8944.287875534,265.886815530,238.292730915,328.700000000,0.000000000,0.000000000
point-0004557,8944.842700132,266.590437772,237.692730915,328.700000000,0.000000000,0.000000000
point-0004558,8947.431891586,262.275118682,237.692730915,328.700000000,0.000000000,0.000000000
point-0004559,8947.986716228,262.978741023,237.092730915,328.700000000,0.000000000,0.000000000
point-0004560,8950.575907623,267.294060015,237.092730915,328.700000000,0.000000000,0.000000000
point-0004561,8951.130732220,267.997682258,236.492730915,328.700000000,0.000000000,0.000000000
point-0004562,8953.719923557,263.682363364,236.492730915,328.700000000,0.000000000,0.000000000
point-0004563,8954.274748199,264.385985704,235.892730915,328.700000000,0.000000000,0.000000000
point-0004564,8956.863939476,268.701304500,235.892730915,328.700000000,0.000000000,0.000000000
point-0004565,8957.418764074,269.404926743,235.292730915,328.700000000,0.000000000,0.000000000
point-0004566,8960.007955292,265.089608045,235.292730915,328.700000000,0.000000000,0.000000000
point-0004567,8960.562779935,265.793230386,234.692730915,328.700000000,0.000000000,0.000000000
point-0004568,8963.151971094,270.108548986,234.692730915,328.700000000,0.000000000,0.000000000
point-0004569,8963.706795692,270.812171229,234.092730915,328.700000000,0.000000000,0.000000000
point-0004570,8966.295986793,266.496852727,234.092730915,328.700000000,0.000000000,0.000000000
point-0004571,8966.850811435,267.200475068,233.492730915,328.700000000,0.000000000,0.000000000
point-0004572,8969.440002477,271.515793471,233.492730915,328.700000000,0.000000000,0.000000000
point-0004573,8969.994827074,272.219415714,232.892730915,328.700000000,0.000000000,0.000000000
point-0004574,8972.584018058,267.904097408,232.892730915,328.700000000,0.000000000,0.000000000
point-0004575,8973.138842700,268.607719749,232.292730915,328.700000000,0.000000000,0.000000000
point-0004576,8975.728033624,272.923037957,232.292730915,328.700000000,0.000000000,0.000000000
point-0004577,8976.282858222,273.626660199,231.692730915,328.700000000,0.000000000,0.000000000
point-0004578,8978.872049087,269.311342090,231.692730915,328.700000000,0.000000000,0.000000000
point-0004579,8979.426873729,270.014964431,231.092730915,328.700000000,0.000000000,0.000000000
point-0004580,8982.016064536,274.330282442,231.092730915,328.700000000,0.000000000,0.000000000
point-0004581,8982.570889134,275.033904685,230.492730915,328.700000000,0.000000000,0.000000000
point-0004582,8985.160079882,270.718586771,230.492730915,328.700000000,0.000000000,0.000000000
point-0004583,8985.714904524,271.422209112,229.892730915,328.700000000,0.000000000,0.000000000
point-0004584,8988.304095213,275.737526928,229.892730915,328.700000000,0.000000000,0.000000000
point-0004585,8988.858919810,276.441149170,229.292730915,328.700000000,0.000000000,0.000000000
point-0004586,8991.448110441,272.125831453,229.292730915,328.700000000,0.000000000,0.000000000
point-0004587,8992.002935083,272.829453794,228.692730915,328.700000000,0.000000000,0.000000000
point-0004588,8994.592125654,277.144771413,228.692730915,328.700000000,0.000000000,0.000000000
point-0004589,8995.146950251,277.848393656,228.092730915,328.700000000,0.000000000,0.000000000
point-0004590,8997.736140764,273.533076134,228.092730915,328.700000000,0.000000000,0.000000000
point-0004591,8998.290965406,274.236698475,227.492730915,328.700000000,0.000000000,0.000000000
point-0004592,9000.880155860,278.552015898,227.492730915,328.700000000,0.000000000,0.000000000
point-0004593,9001.434980457,279.255638141,226.892730915,328.700000000,0.000000000,0.000000000
point-0004594,9004.024170852,274.940320816,226.892730915,328.700000000,0.000000000,0.000000000
point-0004595,9004.578995494,275.643943157,226.292730915,328.700000000,0.000000000,0.000000000
point-0004596,9007.168185831,279.959260384,226.292730915,328.700000000,0.000000000,0.000000000
point-0004597,9007.723010428,280.662882626,225.692730915,328.700000000,0.000000000,0.000000000
point-0004598,9010.312200705,276.347565498,225.692730915,328.700000000,0.000000000,0.000000000
point-0004599,9010.867025347,277.051187838,225.092730915,328.700000000,0.000000000,0.000000000
point-0004600,9013.456215566,281.366504869,225.092730915,328.700000000,0.000000000,0.000000000
point-0004601,9014.011040163,282.070127112,224.492730915,328.700000000,0.000000000,0.000000000
point-0004602,9016.600230323,277.754810179,224.492730915,328.700000000,0.000000000,0.000000000
point-0004603,9017.155054965,278.458432520,223.892730915,328.700000000,0.000000000,0.000000000
point-0004604,9019.744245066,282.773749355,223.892730915,328.700000000,0.000000000,0.000000000
point-0004605,9020.299069663,283.477371597,223.292730915,328.700000000,0.000000000,0.000000000
point-0004606,9022.888259705,279.162054861,223.292730915,328.700000000,0.000000000,0.000000000
point-0004607,9023.443084347,279.865677201,222.692730915,328.700000000,0.000000000,0.000000000
point-0004608,9026.032274330,284.180993840,222.692730915,328.700000000,0.000000000,0.000000000
point-0004609,9026.587098927,284.884616083,222.092730915,328.700000000,0.000000000,0.000000000
point-0004610,9029.176288852,280.569299542,222.092730915,328.700000000,0.000000000,0.000000000
point-0004611,9029.731113494,281.272921883,221.492730915,328.700000000,0.000000000,0.000000000
point-0004612,9032.320303359,285.588238325,221.492730915,328.700000000,0.000000000,0.000000000
point-0004613,9032.875127957,286.291860568,220.892730915,328.700000000,0.000000000,0.000000000
point-0004614,9035.464317763,281.976544224,220.892730915,328.700000000,0.000000000,0.000000000
point-0004615,9036.019142405,282.680166564,220.292730915,328.700000000,0.000000000,0.000000000
point-0004616,9038.608332153,286.995482811,220.292730915,328.700000000,0.000000000,0.000000000
point-0004617,9039.163156750,287.699105054,219.692730915,328.700000000,0.000000000,0.000000000
point-0004618,9041.752346439,283.383788905,219.692730915,328.700000000,0.000000000,0.000000000
point-0004619,9042.307171081,284.087411246,219.092730915,328.700000000,0.000000000,0.000000000
point-0004620,9044.896360712,288.402727296,219.092730915,328.700000000,0.000000000,0.000000000
point-0004621,9045.451185309,289.106349539,218.492730915,328.700000000,0.000000000,0.000000000
point-0004622,9048.040374880,284.791033587,218.492730915,328.700000000,0.000000000,0.000000000
point-0004623,9048.595199522,285.494655928,217.892730915,328.700000000,0.000000000,0.000000000
point-0004624,9051.184389035,289.809971782,217.892730915,328.700000000,0.000000000,0.000000000
point-0004625,9051.739213632,290.513594024,217.292730915,328.700000000,0.000000000,0.000000000
point-0004626,9054.328403086,286.198278268,217.292730915,328.700000000,0.000000000,0.000000000
point-0004627,9054.883227728,286.901900609,216.692730915,328.700000000,0.000000000,0.000000000
point-0004628,9057.472417123,291.217216267,216.692730915,328.700000000,0.000000000,0.000000000
point-0004629,9058.027241720,291.920838510,216.092730915,328.700000000,0.000000000,0.000000000
point-0004630,9060.616431056,287.605522950,216.092730915,328.700000000,0.000000000,0.000000000
point-0004631,9061.171255698,288.309145291,215.492730915,328.700000000,0.000000000,0.000000000
point-0004632,9063.760444975,292.624460753,215.492730915,328.700000000,0.000000000,0.000000000
point-0004633,9064.315269572,293.328082995,214.892730915,328.700000000,0.000000000,0.000000000
point-0004634,9066.904458791,289.012767631,214.892730915,328.700000000,0.000000000,0.000000000
point-0004635,9067.459283433,289.716389972,214.292730915,328.700000000,0.000000000,0.000000000
point-0004636,9070.048472592,294.031705238,214.292730915,328.700000000,0.000000000,0.000000000
point-0004637,9070.603297189,294.735327481,213.692730915,328.700000000,0.000000000,0.000000000
point-0004638,9073.192486290,290.420012313,213.692730915,328.700000000,0.000000000,0.000000000
point-0004639,9073.747310932,291.123634654,213.092730915,328.700000000,0.000000000,0.000000000
point-0004640,9076.336499974,295.438949723,213.092730915,328.700000000,0.000000000,0.000000000
point-0004641,9076.863614016,296.080668799,212.492730915,328.700000000,0.000000000,0.000000000
point-0004642,9079.415661099,291.827256994,212.492730915,328.700000000,0.000000000,0.000000000
point-0004643,9079.970485741,292.530879335,211.892730915,328.700000000,0.000000000,0.000000000
point-0004644,9081.793376514,295.569030624,211.892730915,328.700000000,0.000000000,0.000000000
point-0004645,9082.266492255,295.057392449,211.292730915,328.700000000,0.000000000,0.000000000
point-0004646,9083.360226719,293.234501676,211.292730915,328.700000000,0.000000000,0.000000000
point-0004647,9083.915051361,293.938124017,210.692730915,328.700000000,0.000000000,0.000000000
point-0004648,9084.279629516,294.545754275,210.692730915,328.700000000,0.000000000,0.000000000
point-0004649,9112.030163564,260.961459831,242.492730915,328.700000000,0.000000000,0.000000000
point-0004650,9114.089659405,257.528966764,242.492730915,328.700000000,0.000000000,0.000000000
point-0004651,9114.562776376,258.040608101,243.092730915,328.700000000,0.000000000,0.000000000
point-0004652,9115.893114069,260.257837588,243.092730915,328.700000000,0.000000000,0.000000000
point-0004653,9116.447938666,259.554215345,243.692730915,328.700000000,0.000000000,0.000000000
point-0004654,9117.049118210,258.552249438,243.692730915,328.700000000,0.000000000,0.000000000
point-0004655,9118.530675916,256.789956167,242.070515944,329.300000000,0.000000000,0.000000000
point-0004656,9148.170700572,294.602272343,210.280693589,329.300000000,0.000000000,0.000000000
point-0004657,9150.210702580,296.790236605,212.883160716,329.300000000,0.000000000,0.000000000
point-0004658,9179.561975826,259.346291225,244.363294873,329.300000000,0.000000000,0.000000000
point-0004659,9179.850721865,258.977927692,244.672977801,329.300000000,0.000000000,0.000000000
point-0004660,9181.890724257,256.789956167,242.070515944,329.300000000,0.000000000,0.000000000
point-0004661,9182.203245499,257.293594764,242.203378296,329.300000000,0.000000000,0.000000000
point-0004662,9184.696614575,261.449209891,242.203378296,329.300000000,0.000000000,0.000000000
point-0004663,9185.256039255,262.162877981,241.603378296,329.300000000,0.000000000,0.000000000
point-0004664,9187.866693802,257.811787068,241.603378296,329.300000000,0.000000000,0.000000000
point-0004665,9188.426118525,258.525455254,241.003378296,329.300000000,0.000000000,0.000000000
point-0004666,9191.036773016,262.876546072,241.003378296,329.300000000,0.000000000,0.000000000
point-0004667,9191.596197695,263.590214162,240.403378296,329.300000000,0.000000000,0.000000000
point-0004668,9194.206852129,259.239123439,240.403378296,329.300000000,0.000000000,0.000000000
point-0004669,9194.766276851,259.952791624,239.803378296,329.300000000,0.000000000,0.000000000
point-0004670,9197.376931229,264.303882252,239.803378296,329.300000000,0.000000000,0.000000000
point-0004671,9197.936355908,265.017550343,239.203378296,329.300000000,0.000000000,0.000000000
point-0004672,9200.547010228,260.666459809,239.203378296,329.300000000,0.000000000,0.000000000
point-0004673,9201.106434951,261.380127994,238.603378296,329.300000000,0.000000000,0.000000000
point-0004674,9203.717089214,265.731218433,238.603378296,329.300000000,0.000000000,0.000000000
point-0004675,9204.276513893,266.444886523,238.003378296,329.300000000,0.000000000,0.000000000
point-0004676,9206.887168100,262.093796179,238.003378296,329.300000000,0.000000000,0.000000000
point-0004677,9207.446592823,262.807464364,237.403378296,329.300000000,0.000000000,0.000000000
point-0004678,9210.057246973,267.158554614,237.403378296,329.300000000,0.000000000,0.000000000
point-0004679,9210.616671652,267.872222704,236.803378296,329.300000000,0.000000000,0.000000000
point-0004680,9213.227325745,263.521132549,236.803378296,329.300000000,0.000000000,0.000000000
point-0004681,9213.786750468,264.234800734,236.203378296,329.300000000,0.000000000,0.000000000
point-0004682,9216.397404505,268.585890795,236.203378296,329.300000000,0.000000000,0.000000000
point-0004683,9216.956829184,269.299558885,235.603378296,329.300000000,0.000000000,0.000000000
point-0004684,9219.567483163,264.948468919,235.603378296,329.300000000,0.000000000,0.000000000
point-0004685,9220.126907886,265.662137104,235.003378296,329.300000000,0.000000000,0.000000000
point-0004686,9222.737561809,270.013226975,235.003378296,329.300000000,0.000000000,0.000000000
point-0004687,9223.296986488,270.726895066,234.403378296,329.300000000,0.000000000,0.000000000
point-0004688,9225.907640354,266.375805289,234.403378296,329.300000000,0.000000000,0.000000000
point-0004689,9226.467065077,267.089473474,233.803378296,329.300000000,0.000000000,0.000000000
point-0004690,9229.077718886,271.440563156,233.803378296,329.300000000,0.000000000,0.000000000
point-0004691,9229.637143565,272.154231246,233.203378296,329.300000000,0.000000000,0.000000000
point-0004692,9232.247797318,267.803141659,233.203378296,329.300000000,0.000000000,0.000000000
point-0004693,9232.807222040,268.516809844,232.603378296,329.300000000,0.000000000,0.000000000
point-0004694,9235.417875736,272.867899337,232.603378296,329.300000000,0.000000000,0.000000000
point-0004695,9235.977300415,273.581567427,232.003378296,329.300000000,0.000000000,0.000000000
point-0004696,9238.587954054,269.230478029,232.003378296,329.300000000,0.000000000,0.000000000
point-0004697,9239.147378777,269.944146214,231.403378296,329.300000000,0.000000000,0.000000000
point-0004698,9241.758032359,274.295235517,231.403378296,329.300000000,0.000000000,0.000000000
point-0004699,9242.317457038,275.008903608,230.803378296,329.300000000,0.000000000,0.000000000
point-0004700,9244.928110563,270.657814399,230.803378296,329.300000000,0.000000000,0.000000000
point-0004701,9245.487535286,271.371482584,230.203378296,329.300000000,0.000000000,0.000000000
point-0004702,9248.098188754,275.722571698,230.203378296,329.300000000,0.000000000,0.000000000
point-0004703,9248.657613433,276.436239789,229.603378296,329.300000000,0.000000000,0.000000000
point-0004704,9251.268266845,272.085150769,229.603378296,329.300000000,0.000000000,0.000000000
point-0004705,9251.827691568,272.798818954,229.003378296,329.300000000,0.000000000,0.000000000
point-0004706,9254.438344923,277.149907879,229.003378296,329.300000000,0.000000000,0.000000000
point-0004707,9254.997769602,277.863575969,228.403378296,329.300000000,0.000000000,0.000000000
point-0004708,9257.608422900,273.512487139,228.403378296,329.300000000,0.000000000,0.000000000
point-0004709,9258.167847623,274.226155324,227.803378296,329.300000000,0.000000000,0.000000000
point-0004710,9260.778500864,278.577244060,227.803378296,329.300000000,0.000000000,0.000000000
point-0004711,9261.337925543,279.290912150,227.203378296,329.300000000,0.000000000,0.000000000
point-0004712,9263.948578728,274.939823509,227.203378296,329.300000000,0.000000000,0.000000000
point-0004713,9264.508003450,275.653491694,226.603378296,329.300000000,0.000000000,0.000000000
point-0004714,9267.118656578,280.004580240,226.603378296,329.300000000,0.000000000,0.000000000
point-0004715,9267.678081257,280.718248331,226.003378296,329.300000000,0.000000000,0.000000000
point-0004716,9270.288734328,276.367159879,226.003378296,329.300000000,0.000000000,0.000000000
point-0004717,9270.848159051,277.080828064,225.403378296,329.300000000,0.000000000,0.000000000
point-0004718,9273.458812065,281.431916421,225.403378296,329.300000000,0.000000000,0.000000000
point-0004719,9274.018236744,282.145584511,224.803378296,329.300000000,0.000000000,0.000000000
point-0004720,9276.628889702,277.794496249,224.803378296,329.300000000,0.000000000,0.000000000
point-0004721,9277.188314424,278.508164434,224.203378296,329.300000000,0.000000000,0.000000000
point-0004722,9279.798967325,282.859252602,224.203378296,329.300000000,0.000000000,0.000000000
point-0004723,9280.358392004,283.572920692,223.603378296,329.300000000,0.000000000,0.000000000
point-0004724,9282.969044848,279.221832619,223.603378296,329.300000000,0.000000000,0.000000000
point-0004725,9283.528469571,279.935500804,223.003378296,329.300000000,0.000000000,0.000000000
point-0004726,9286.139122358,284.286588783,223.003378296,329.300000000,0.000000000,0.000000000
point-0004727,9286.698547037,285.000256873,222.403378296,329.300000000,0.000000000,0.000000000
point-0004728,9289.309199767,280.649168989,222.403378296,329.300000000,0.000000000,0.000000000
point-0004729,9289.868624490,281.362837174,221.803378296,329.300000000,0.000000000,0.000000000
point-0004730,9292.479277163,285.713924963,221.803378296,329.300000000,0.000000000,0.000000000
point-0004731,9293.038701842,286.427593054,221.203378296,329.300000000,0.000000000,0.000000000
point-0004732,9295.649354459,282.076505359,221.203378296,329.300000000,0.000000000,0.000000000
point-0004733,9296.208779181,282.790173544,220.603378296,329.300000000,0.000000000,0.000000000
point-0004734,9298.819431741,287.141261144,220.603378296,329.300000000,0.000000000,0.000000000
point-0004735,9299.378856420,287.854929234,220.003378296,329.300000000,0.000000000,0.000000000
point-0004736,9301.989508924,283.503841729,220.003378296,329.300000000,0.000000000,0.000000000
point-0004737,9302.548933646,284.217509914,219.403378296,329.300000000,0.000000000,0.000000000
point-0004738,9305.159586093,288.568597325,219.403378296,329.300000000,0.000000000,0.000000000
point-0004739,9305.719010772,289.282265415,218.803378296,329.300000000,0.000000000,0.000000000
point-0004740,9308.329663161,284.931178099,218.803378296,329.300000000,0.000000000,0.000000000
point-0004741,9308.889087884,285.644846284,218.203378296,329.300000000,0.000000000,0.000000000
point-0004742,9311.499740216,289.995933506,218.203378296,329.300000000,0.000000000,0.000000000
point-0004743,9312.059164896,290.709601596,217.603378296,329.300000000,0.000000000,0.000000000
point-0004744,9314.669817172,286.358514469,217.603378296,329.300000000,0.000000000,0.000000000
point-0004745,9315.229241894,287.072182654,217.003378296,329.300000000,0.000000000,0.000000000
point-0004746,9317.839894113,291.423269686,217.003378296,329.300000000,0.000000000,0.000000000
point-0004747,9318.399318792,292.136937777,216.403378296,329.300000000,0.000000000,0.000000000
point-0004748,9321.009970955,287.785850839,216.403378296,329.300000000,0.000000000,0.000000000
point-0004749,9321.569395677,288.499519024,215.803378296,329.300000000,0.000000000,0.000000000
point-0004750,9324.180047783,292.850605867,215.803378296,329.300000000,0.000000000,0.000000000
point-0004751,9324.739472462,293.564273957,215.203378296,329.300000000,0.000000000,0.000000000
point-0004752,9327.350124511,289.213187209,215.203378296,329.300000000,0.000000000,0.000000000
point-0004753,9327.909549233,289.926855394,214.603378296,329.300000000,0.000000000,0.000000000
point-0004754,9330.520201225,294.277942048,214.603378296,329.300000000,0.000000000,0.000000000
point-0004755,9331.079625904,294.991610138,214.003378296,329.300000000,0.000000000,0.000000000
point-0004756,9333.690277840,290.640523579,214.003378296,329.300000000,0.000000000,0.000000000
point-0004757,9334.249702562,291.354191764,213.403378296,329.300000000,0.000000000,0.000000000
point-0004758,9336.860354441,295.705278228,213.403378296,329.300000000,0.000000000,0.000000000
point-0004759,9337.380596173,296.331225201,212.803378296,329.300000000,0.000000000,0.000000000
point-0004760,9339.938615324,292.067859949,212.803378296,329.300000000,0.000000000,0.000000000
point-0004761,9340.498040047,292.781528134,212.203378296,329.300000000,0.000000000,0.000000000
point-0004762,9342.325196583,295.826789028,212.203378296,329.300000000,0.000000000,0.000000000
point-0004763,9342.795519990,295.322352856,211.603378296,329.300000000,0.000000000,0.000000000
point-0004764,9343.891813912,293.495196319,211.603378296,329.300000000,0.000000000,0.000000000
point-0004765,9344.451238634,294.208864504,211.003378296,329.300000000,0.000000000,0.000000000
point-0004766,9344.816669942,294.817916683,211.003378296,329.300000000,0.000000000,0.000000000
point-0004767,9372.784962345,260.735541801,242.803378296,329.300000000,0.000000000,0.000000000
point-0004768,9374.547467246,257.798033632,242.803378296,329.300000000,0.000000000,0.000000000
point-0004769,9375.017791693,258.302472501,243.403378296,329.300000000,0.000000000,0.000000000
point-0004770,9376.049432419,260.021873710,243.403378296,329.300000000,0.000000000,0.000000000
point-0004771,9376.608857098,259.308205620,244.003378296,329.300000000,0.000000000,0.000000000
point-0004772,9376.909633648,258.806911369,244.003378296,329.300000000,0.000000000,0.000000000
point-0004773,9378.581883314,256.844439328,242.117500811,329.900000000,0.000000000,0.000000000
point-0004774,9408.221859560,294.874869976,210.589062326,329.900000000,0.000000000,0.000000000
point-0004775,9410.261858209,297.044844201,213.206541371,329.900000000,0.000000000,0.000000000
point-0004776,9439.613090445,259.384899979,244.427845092,329.900000000,0.000000000,0.000000000
point-0004777,9439.901829786,259.014420751,244.734976343,329.900000000,0.000000000,0.000000000
point-0004778,9441.941829569,256.844439328,242.117500811,329.900000000,0.000000000,0.000000000
point-0004779,9442.390335987,257.563000188,241.911484953,329.900000000,0.000000000,0.000000000
point-0004780,9445.022624267,261.950147320,241.911484953,329.900000000,0.000000000,0.000000000
point-0004781,9445.586685893,261.226411799,242.511484953,329.900000000,0.000000000,0.000000000
point-0004782,9447.786080106,257.560754777,242.511484953,329.900000000,0.000000000,0.000000000
point-0004783,9448.253706204,258.058176371,243.111484953,329.900000000,0.000000000,0.000000000
point-0004784,9449.720406148,260.502676277,243.111484953,329.900000000,0.000000000,0.000000000
point-0004785,9450.284467774,259.778940756,243.711484953,329.900000000,0.000000000,0.000000000
point-0004786,9451.018473447,258.555597966,243.711484953,329.900000000,0.000000000,0.000000000
point-0004787,9451.486099545,259.053019561,244.311484953,329.900000000,0.000000000,0.000000000
point-0004788,9451.487408807,259.055201664,244.311484953,329.900000000,0.000000000,0.000000000
point-0004789,9453.345524606,258.286735800,241.311484953,329.900000000,0.000000000,0.000000000
point-0004790,9455.977812831,262.673882842,241.311484953,329.900000000,0.000000000,0.000000000
point-0004791,9456.541874457,263.397618364,240.711484953,329.900000000,0.000000000,0.000000000
point-0004792,9459.174162628,259.010471413,240.711484953,329.900000000,0.000000000,0.000000000
point-0004793,9459.738224296,259.734207025,240.111484953,329.900000000,0.000000000,0.000000000
point-0004794,9462.370512412,264.121353885,240.111484953,329.900000000,0.000000000,0.000000000
point-0004795,9462.934574038,264.845089407,239.511484953,329.900000000,0.000000000,0.000000000
point-0004796,9465.566862099,260.457942638,239.511484953,329.900000000,0.000000000,0.000000000
point-0004797,9466.130923767,261.181678250,238.911484953,329.900000000,0.000000000,0.000000000
point-0004798,9468.763211774,265.568824928,238.911484953,329.900000000,0.000000000,0.000000000
point-0004799,9469.327273400,266.292560450,238.311484953,329.900000000,0.000000000,0.000000000
point-0004800,9471.959561352,261.905413863,238.311484953,329.900000000,0.000000000,0.000000000
point-0004801,9472.523623020,262.629149475,237.711484953,329.900000000,0.000000000,0.000000000
point-0004802,9475.155910918,267.016295972,237.711484953,329.900000000,0.000000000,0.000000000
point-0004803,9475.719972544,267.740031493,237.111484953,329.900000000,0.000000000,0.000000000
point-0004804,9478.352260388,263.352885088,237.111484953,329.900000000,0.000000000,0.000000000
point-0004805,9478.916322056,264.076620700,236.511484953,329.900000000,0.000000000,0.000000000
point-0004806,9481.548609844,268.463767015,236.511484953,329.900000000,0.000000000,0.000000000
point-0004807,9482.112671470,269.187502536,235.911484953,329.900000000,0.000000000,0.000000000
point-0004808,9484.744959205,264.800356312,235.911484953,329.900000000,0.000000000,0.000000000
point-0004809,9485.309020873,265.524091925,235.311484953,329.900000000,0.000000000,0.000000000
point-0004810,9487.941308552,269.911238058,235.311484953,329.900000000,0.000000000,0.000000000
point-0004811,9488.505370178,270.634973579,234.711484953,329.900000000,0.000000000,0.000000000
point-0004812,9491.137657803,266.247827537,234.711484953,329.900000000,0.000000000,0.000000000
point-0004813,9491.701719471,266.971563150,234.111484953,329.900000000,0.000000000,0.000000000
point-0004814,9494.334007042,271.358709101,234.111484953,329.900000000,0.000000000,0.000000000
point-0004815,9494.898068668,272.082444623,233.511484953,329.900000000,0.000000000,0.000000000
point-0004816,9497.530356184,267.695298762,233.511484953,329.900000000,0.000000000,0.000000000
point-0004817,9498.094417852,268.419034375,232.911484953,329.900000000,0.000000000,0.000000000
point-0004818,9500.726705314,272.806180144,232.911484953,329.900000000,0.000000000,0.000000000
point-0004819,9501.290766940,273.529915666,232.311484953,329.900000000,0.000000000,0.000000000
point-0004820,9503.923054347,269.142769987,232.311484953,329.900000000,0.000000000,0.000000000
point-0004821,9504.487116015,269.866505600,231.711484953,329.900000000,0.000000000,0.000000000
point-0004822,9507.119403367,274.253651187,231.711484953,329.900000000,0.000000000,0.000000000
point-0004823,9507.683464993,274.977386709,231.111484953,329.900000000,0.000000000,0.000000000
point-0004824,9510.315752291,270.590241212,231.111484953,329.900000000,0.000000000,0.000000000
point-0004825,9510.879813959,271.313976825,230.511484953,329.900000000,0.000000000,0.000000000
point-0004826,9513.512101203,275.701122231,230.511484953,329.900000000,0.000000000,0.000000000
point-0004827,9514.076162829,276.424857752,229.911484953,329.900000000,0.000000000,0.000000000
point-0004828,9516.708450018,272.037712437,229.911484953,329.900000000,0.000000000,0.000000000
point-0004829,9517.272511686,272.761448050,229.311484953,329.900000000,0.000000000,0.000000000
point-0004830,9519.904798820,277.148593274,229.311484953,329.900000000,0.000000000,0.000000000
point-0004831,9520.468860446,277.872328795,228.711484953,329.900000000,0.000000000,0.000000000
point-0004832,9523.101147526,273.485183662,228.711484953,329.900000000,0.000000000,0.000000000
point-0004833,9523.665209194,274.208919275,228.111484953,329.900000000,0.000000000,0.000000000
point-0004834,9526.297496219,278.596064317,228.111484953,329.900000000,0.000000000,0.000000000
point-0004835,9526.861557845,279.319799839,227.511484953,329.900000000,0.000000000,0.000000000
point-0004836,9529.493844816,274.932654887,227.511484953,329.900000000,0.000000000,0.000000000
point-0004837,9530.057906484,275.656390500,226.911484953,329.900000000,0.000000000,0.000000000
point-0004838,9532.690193400,280.043535360,226.911484953,329.900000000,0.000000000,0.000000000
point-0004839,9533.254255026,280.767270882,226.311484953,329.900000000,0.000000000,0.000000000
point-0004840,9535.886541888,276.380126112,226.311484953,329.900000000,0.000000000,0.000000000
point-0004841,9536.450603556,277.103861725,225.711484953,329.900000000,0.000000000,0.000000000
point-0004842,9539.082890363,281.491006403,225.711484953,329.900000000,0.000000000,0.000000000
point-0004843,9539.646951989,282.214741925,225.111484953,329.900000000,0.000000000,0.000000000
point-0004844,9542.279238742,277.827597337,225.111484953,329.900000000,0.000000000,0.000000000
point-0004845,9542.843300410,278.551332950,224.511484953,329.900000000,0.000000000,0.000000000
point-0004846,9545.475587108,282.938477447,224.511484953,329.900000000,0.000000000,0.000000000
point-0004847,9546.039648734,283.662212968,223.911484953,329.900000000,0.000000000,0.000000000
point-0004848,9548.671935377,279.275068562,223.911484953,329.900000000,0.000000000,0.000000000
point-0004849,9549.235997045,279.998804175,223.311484953,329.900000000,0.000000000,0.000000000
point-0004850,9551.868283634,284.385948490,223.311484953,329.900000000,0.000000000,0.000000000
point-0004851,9552.432345260,285.109684011,222.711484953,329.900000000,0.000000000,0.000000000
point-0004852,9555.064631795,280.722539787,222.711484953,329.900000000,0.000000000,0.000000000
point-0004853,9555.628693463,281.446275400,222.111484953,329.900000000,0.000000000,0.000000000
point-0004854,9558.260979943,285.833419533,222.111484953,329.900000000,0.000000000,0.000000000
point-0004855,9558.825041569,286.557155054,221.511484953,329.900000000,0.000000000,0.000000000
point-0004856,9561.457327994,282.170011012,221.511484953,329.900000000,0.000000000,0.000000000
point-0004857,9562.021389662,282.893746624,220.911484953,329.900000000,0.000000000,0.000000000
point-0004858,9564.653676033,287.280890576,220.911484953,329.900000000,0.000000000,0.000000000
point-0004859,9565.217737659,288.004626098,220.311484953,329.900000000,0.000000000,0.000000000
point-0004860,9567.850023976,283.617482237,220.311484953,329.900000000,0.000000000,0.000000000
point-0004861,9568.414085644,284.341217849,219.711484953,329.900000000,0.000000000,0.000000000
point-0004862,9571.046371905,288.728361619,219.711484953,329.900000000,0.000000000,0.000000000
point-0004863,9571.610433531,289.452097141,219.111484953,329.900000000,0.000000000,0.000000000
point-0004864,9574.242719739,285.064953462,219.111484953,329.900000000,0.000000000,0.000000000
point-0004865,9574.806781407,285.788689074,218.511484953,329.900000000,0.000000000,0.000000000
point-0004866,9577.439067559,290.175832662,218.511484953,329.900000000,0.000000000,0.000000000
point-0004867,9578.003129185,290.899568184,217.911484953,329.900000000,0.000000000,0.000000000
point-0004868,9580.635415284,286.512424687,217.911484953,329.900000000,0.000000000,0.000000000
point-0004869,9581.199476952,287.236160299,217.311484953,329.900000000,0.000000000,0.000000000
point-0004870,9583.831762995,291.623303706,217.311484953,329.900000000,0.000000000,0.000000000
point-0004871,9584.395824621,292.347039227,216.711484953,329.900000000,0.000000000,0.000000000
point-0004872,9587.028110611,287.959895912,216.711484953,329.900000000,0.000000000,0.000000000
point-0004873,9587.592172279,288.683631524,216.111484953,329.900000000,0.000000000,0.000000000
point-0004874,9590.224458213,293.070774749,216.111484953,329.900000000,0.000000000,0.000000000
point-0004875,9590.788519839,293.794510270,215.511484953,329.900000000,0.000000000,0.000000000
point-0004876,9593.420805719,289.407367137,215.511484953,329.900000000,0.000000000,0.000000000
point-0004877,9593.984867387,290.131102749,214.911484953,329.900000000,0.000000000,0.000000000
point-0004878,9596.617153213,294.518245792,214.911484953,329.900000000,0.000000000,0.000000000
point-0004879,9597.181214839,295.241981314,214.311484953,329.900000000,0.000000000,0.000000000
point-0004880,9599.813500610,290.854838362,214.311484953,329.900000000,0.000000000,0.000000000
point-0004881,9600.377562278,291.578573974,213.711484953,329.900000000,0.000000000,0.000000000
point-0004882,9603.009847994,295.965716835,213.711484953,329.900000000,0.000000000,0.000000000
point-0004883,9603.523496686,296.576351700,213.111484953,329.900000000,0.000000000,0.000000000
point-0004884,9606.087921954,292.302309587,213.111484953,329.900000000,0.000000000,0.000000000
point-0004885,9606.651983622,293.026045199,212.511484953,329.900000000,0.000000000,0.000000000
point-0004886,9608.483715956,296.078932423,212.511484953,329.900000000,0.000000000,0.000000000
point-0004887,9608.951341167,295.581513146,211.911484953,329.900000000,0.000000000,0.000000000
point-0004888,9610.050380567,293.749780812,211.911484953,329.900000000,0.000000000,0.000000000
point-0004889,9610.614442235,294.473516424,211.311484953,329.900000000,0.000000000,0.000000000
point-0004890,9610.980788702,295.084093869,211.311484953,329.900000000,0.000000000,0.000000000
point-0004891,9640.438533092,256.897796174,242.164159298,330.500000000,0.000000000,0.000000000
point-0004892,9670.078460092,295.141346511,210.894703962,330.500000000,0.000000000,0.000000000
point-0004893,9672.118455186,297.293495783,213.526850977,330.500000000,0.000000000,0.000000000
point-0004894,9701.469643948,259.422500840,244.491699726,330.500000000,0.000000000,0.000000000
point-0004895,9701.758378151,259.049952434,244.796304233,330.500000000,0.000000000,0.000000000
point-0004896,9703.798374933,256.897796174,242.164159298,330.500000000,0.000000000,0.000000000
point-0004897,9704.058660278,257.328393421,242.216848767,330.500000000,0.000000000,0.000000000
point-0004898,9706.700087569,261.730772240,242.216848767,330.500000000,0.000000000,0.000000000
point-0004899,9707.268819986,262.464591325,241.616848767,330.500000000,0.000000000,0.000000000
point-0004900,9709.922899472,258.041125514,241.616848767,330.500000000,0.000000000,0.000000000
point-0004901,9710.491631929,258.774944685,241.016848767,330.500000000,0.000000000,0.000000000
point-0004902,9713.145711364,263.198410410,241.016848767,330.500000000,0.000000000,0.000000000
point-0004903,9713.714443781,263.932229494,240.416848767,330.500000000,0.000000000,0.000000000
point-0004904,9716.368523163,259.508763857,240.416848767,330.500000000,0.000000000,0.000000000
point-0004905,9716.937255620,260.242583028,239.816848767,330.500000000,0.000000000,0.000000000
point-0004906,9719.591334951,264.666048579,239.816848767,330.500000000,0.000000000,0.000000000
point-0004907,9720.160067367,265.399867664,239.216848767,330.500000000,0.000000000,0.000000000
point-0004908,9722.814146646,260.976402199,239.216848767,330.500000000,0.000000000,0.000000000
point-0004909,9723.382879103,261.710221371,238.616848767,330.500000000,0.000000000,0.000000000
point-0004910,9726.036958329,266.133686748,238.616848767,330.500000000,0.000000000,0.000000000
point-0004911,9726.605690746,266.867505833,238.016848767,330.500000000,0.000000000,0.000000000
point-0004912,9729.259769921,262.444040542,238.016848767,330.500000000,0.000000000,0.000000000
point-0004913,9729.828502377,263.177859713,237.416848767,330.500000000,0.000000000,0.000000000
point-0004914,9732.482581500,267.601324918,237.416848767,330.500000000,0.000000000,0.000000000
point-0004915,9733.051313917,268.335144002,236.816848767,330.500000000,0.000000000,0.000000000
point-0004916,9735.705392987,263.911678885,236.816848767,330.500000000,0.000000000,0.000000000
point-0004917,9736.274125444,264.645498056,236.216848767,330.500000000,0.000000000,0.000000000
point-0004918,9738.928204463,269.068963087,236.216848767,330.500000000,0.000000000,0.000000000
point-0004919,9739.496936879,269.802782172,235.616848767,330.500000000,0.000000000,0.000000000
point-0004920,9742.151015846,265.379317227,235.616848767,330.500000000,0.000000000,0.000000000
point-0004921,9742.719748303,266.113136399,235.016848767,330.500000000,0.000000000,0.000000000
point-0004922,9745.373827218,270.536601256,235.016848767,330.500000000,0.000000000,0.000000000
point-0004923,9745.942559634,271.270420341,234.416848767,330.500000000,0.000000000,0.000000000
point-0004924,9748.596638497,266.846955570,234.416848767,330.500000000,0.000000000,0.000000000
point-0004925,9749.165370954,267.580774741,233.816848767,330.500000000,0.000000000,0.000000000
point-0004926,9751.819449764,272.004239426,233.816848767,330.500000000,0.000000000,0.000000000
point-0004927,9752.388182181,272.738058511,233.216848767,330.500000000,0.000000000,0.000000000
point-0004928,9755.042260940,268.314593913,233.216848767,330.500000000,0.000000000,0.000000000
point-0004929,9755.610993397,269.048413084,232.616848767,330.500000000,0.000000000,0.000000000
point-0004930,9758.265072103,273.471877595,232.616848767,330.500000000,0.000000000,0.000000000
point-0004931,9758.833804520,274.205696680,232.016848767,330.500000000,0.000000000,0.000000000
point-0004932,9761.487883174,269.782232255,232.016848767,330.500000000,0.000000000,0.000000000
point-0004933,9762.056615631,270.516051427,231.416848767,330.500000000,0.000000000,0.000000000
point-0004934,9764.710694234,274.939515765,231.416848767,330.500000000,0.000000000,0.000000000
point-0004935,9765.279426651,275.673334849,230.816848767,330.500000000,0.000000000,0.000000000
point-0004936,9767.933505201,271.249870598,230.816848767,330.500000000,0.000000000,0.000000000
point-0004937,9768.502237658,271.983689769,230.216848767,330.500000000,0.000000000,0.000000000
point-0004938,9771.156316157,276.407153934,230.216848767,330.500000000,0.000000000,0.000000000
point-0004939,9771.725048573,277.140973019,229.616848767,330.500000000,0.000000000,0.000000000
point-0004940,9774.379127020,272.717508941,229.616848767,330.500000000,0.000000000,0.000000000
point-0004941,9774.947859477,273.451328112,229.016848767,330.500000000,0.000000000,0.000000000
point-0004942,9777.601937872,277.874792103,229.016848767,330.500000000,0.000000000,0.000000000
point-0004943,9778.170670288,278.608611188,228.416848767,330.500000000,0.000000000,0.000000000
point-0004944,9780.824748631,274.185147283,228.416848767,330.500000000,0.000000000,0.000000000
point-0004945,9781.393481088,274.918966455,227.816848767,330.500000000,0.000000000,0.000000000
point-0004946,9784.047559378,279.342430273,227.816848767,330.500000000,0.000000000,0.000000000
point-0004947,9784.616291795,280.076249357,227.216848767,330.500000000,0.000000000,0.000000000
point-0004948,9787.270370034,275.652785626,227.216848767,330.500000000,0.000000000,0.000000000
point-0004949,9787.839102491,276.386604798,226.616848767,330.500000000,0.000000000,0.000000000
point-0004950,9790.493180677,280.810068442,226.616848767,330.500000000,0.000000000,0.000000000
point-0004951,9791.061913094,281.543887527,226.016848767,330.500000000,0.000000000,0.000000000
point-0004952,9793.715991229,277.120423969,226.016848767,330.500000000,0.000000000,0.000000000
point-0004953,9794.284723685,277.854243140,225.416848767,330.500000000,0.000000000,0.000000000
point-0004954,9796.938801768,282.277706611,225.416848767,330.500000000,0.000000000,0.000000000
point-0004955,9797.507534185,283.011525696,224.816848767,330.500000000,0.000000000,0.000000000
point-0004956,9800.161612216,278.588062312,224.816848767,330.500000000,0.000000000,0.000000000
point-0004957,9800.730344672,279.321881483,224.216848767,330.500000000,0.000000000,0.000000000
point-0004958,9803.384422651,283.745344781,224.216848767,330.500000000,0.000000000,0.000000000
point-0004959,9803.953155068,284.479163865,223.616848767,330.500000000,0.000000000,0.000000000
point-0004960,9806.607232994,280.055700654,223.616848767,330.500000000,0.000000000,0.000000000
point-0004961,9807.175965451,280.789519826,223.016848767,330.500000000,0.000000000,0.000000000
point-0004962,9809.830043326,285.212982950,223.016848767,330.500000000,0.000000000,0.000000000
point-0004963,9810.398775743,285.946802035,222.416848767,330.500000000,0.000000000,0.000000000
point-0004964,9813.052853565,281.523338997,222.416848767,330.500000000,0.000000000,0.000000000
point-0004965,9813.621586022,282.257158168,221.816848767,330.500000000,0.000000000,0.000000000
point-0004966,9816.275663793,286.680621120,221.816848767,330.500000000,0.000000000,0.000000000
point-0004967,9816.844396209,287.414440204,221.216848767,330.500000000,0.000000000,0.000000000
point-0004968,9819.498473928,282.990977340,221.216848767,330.500000000,0.000000000,0.000000000
point-0004969,9820.067206385,283.724796511,220.616848767,330.500000000,0.000000000,0.000000000
point-0004970,9822.721284052,288.148259289,220.616848767,330.500000000,0.000000000,0.000000000
point-0004971,9823.290016468,288.882078374,220.016848767,330.500000000,0.000000000,0.000000000
point-0004972,9825.944094083,284.458615682,220.016848767,330.500000000,0.000000000,0.000000000
point-0004973,9826.512826540,285.192434854,219.416848767,330.500000000,0.000000000,0.000000000
point-0004974,9829.166904103,289.615897458,219.416848767,330.500000000,0.000000000,0.000000000
point-0004975,9829.735636519,290.349716543,218.816848767,330.500000000,0.000000000,0.000000000
point-0004976,9832.389714030,285.926254025,218.816848767,330.500000000,0.000000000,0.000000000
point-0004977,9832.958446487,286.660073196,218.216848767,330.500000000,0.000000000,0.000000000
point-0004978,9835.612523946,291.083535628,218.216848767,330.500000000,0.000000000,0.000000000
point-0004979,9836.181256362,291.817354712,217.616848767,330.500000000,0.000000000,0.000000000
point-0004980,9838.835333769,287.393892368,217.616848767,330.500000000,0.000000000,0.000000000
point-0004981,9839.404066226,288.127711539,217.016848767,330.500000000,0.000000000,0.000000000
point-0004982,9842.058143581,292.551173797,217.016848767,330.500000000,0.000000000,0.000000000
point-0004983,9842.626875997,293.284992882,216.416848767,330.500000000,0.000000000,0.000000000
point-0004984,9845.280953300,288.861530710,216.416848767,330.500000000,0.000000000,0.000000000
point-0004985,9845.849685757,289.595349882,215.816848767,330.500000000,0.000000000,0.000000000
point-0004986,9848.503763008,294.018811966,215.816848767,330.500000000,0.000000000,0.000000000
point-0004987,9849.072495424,294.752631051,215.216848767,330.500000000,0.000000000,0.000000000
point-0004988,9851.726572623,290.329169053,215.216848767,330.500000000,0.000000000,0.000000000
point-0004989,9852.295305080,291.062988224,214.616848767,330.500000000,0.000000000,0.000000000
point-0004990,9854.949382226,295.486450136,214.616848767,330.500000000,0.000000000,0.000000000
point-0004991,9855.518114643,296.220269220,214.016848767,330.500000000,0.000000000,0.000000000
point-0004992,9858.172191738,291.796807396,214.016848767,330.500000000,0.000000000,0.000000000
point-0004993,9858.740924195,292.530626567,213.416848767,330.500000000,0.000000000,0.000000000
point-0004994,9861.312171135,296.816038135,213.416848767,330.500000000,0.000000000,0.000000000
point-0004995,9861.777189635,296.325454001,212.816848767,330.500000000,0.000000000,0.000000000
point-0004996,9863.613794593,293.264445738,212.816848767,330.500000000,0.000000000,0.000000000
point-0004997,9864.182527050,293.998264910,212.216848767,330.500000000,0.000000000,0.000000000
point-0004998,9865.284490024,295.834869867,212.216848767,330.500000000,0.000000000,0.000000000
point-0004999,9865.749508524,295.344285734,211.616848767,330.500000000,0.000000000,0.000000000
point-0005000,9866.116829516,294.732084081,211.616848767,330.500000000,0.000000000,0.000000000
point-0005001,9893.687459924,260.996953156,242.816848767,330.500000000,0.000000000,0.000000000
point-0005002,9895.594244096,257.818979535,242.816848767,330.500000000,0.000000000,0.000000000
point-0005003,9896.059263348,258.309565649,243.416848767,330.500000000,0.000000000,0.000000000
point-0005004,9897.231404401,260.263134071,243.416848767,330.500000000,0.000000000,0.000000000
point-0005005,9897.800136817,259.529314986,244.016848767,330.500000000,0.000000000,0.000000000
point-0005006,9898.237634751,258.800151764,244.016848767,330.500000000,0.000000000,0.000000000
point-0005007,9899.830296797,256.950022109,242.210456040,331.100000000,0.000000000,0.000000000
point-0005008,9929.470177868,295.401702534,211.197415414,331.100000000,0.000000000,0.000000000
point-0005009,9931.510169555,297.536203547,213.843886880,331.100000000,0.000000000,0.000000000
point-0005010,9960.861316612,259.459100754,244.554822365,331.100000000,0.000000000,0.000000000
point-0005011,9961.150047149,259.084529793,244.856926546,331.100000000,0.000000000,0.000000000
point-0005012,9963.190040901,256.950022109,242.210456040,331.100000000,0.000000000,0.000000000
point-0005013,9963.613430710,257.584511561,242.519267646,331.100000000,0.000000000,0.000000000
point-0005014,9965.965742783,261.505031682,242.519267646,331.100000000,0.000000000,0.000000000
point-0005015,9966.539176576,262.248944602,241.919267646,331.100000000,0.000000000,0.000000000
point-0005016,9969.215190186,257.788921919,241.919267646,331.100000000,0.000000000,0.000000000
point-0005017,9969.788624018,258.532834920,241.319267646,331.100000000,0.000000000,0.000000000
point-0005018,9972.464637578,262.992857521,241.319267646,331.100000000,0.000000000,0.000000000
point-0005019,9973.038071372,263.736770441,240.719267646,331.100000000,0.000000000,0.000000000
point-0005020,9975.714084883,259.276747922,240.719267646,331.100000000,0.000000000,0.000000000
point-0005021,9976.287518715,260.020660923,240.119267646,331.100000000,0.000000000,0.000000000
point-0005022,9978.963532177,264.480683360,240.119267646,331.100000000,0.000000000,0.000000000
point-0005023,9979.536965971,265.224596280,239.519267646,331.100000000,0.000000000,0.000000000
point-0005024,9982.212979384,260.764573924,239.519267646,331.100000000,0.000000000,0.000000000
point-0005025,9982.786413216,261.508486926,238.919267646,331.100000000,0.000000000,0.000000000
point-0005026,9985.462426580,265.968509199,238.919267646,331.100000000,0.000000000,0.000000000
point-0005027,9986.035860373,266.712422119,238.319267646,331.100000000,0.000000000,0.000000000
point-0005028,9988.711873688,262.252399927,238.319267646,331.100000000,0.000000000,0.000000000
point-0005029,9989.285307520,262.996312928,237.719267646,331.100000000,0.000000000,0.000000000
point-0005030,9991.961320786,267.456335038,237.719267646,331.100000000,0.000000000,0.000000000
point-0005031,9992.534754579,268.200247958,237.119267646,331.100000000,0.000000000,0.000000000
point-0005032,9995.210767796,263.740225930,237.119267646,331.100000000,0.000000000,0.000000000
point-0005033,9995.784201628,264.484138931,236.519267646,331.100000000,0.000000000,0.000000000
point-0005034,9998.460214795,268.944160877,236.519267646,331.100000000,0.000000000,0.000000000
point-0005035,9999.033648589,269.688073796,235.919267646,331.100000000,0.000000000,0.000000000
point-0005036,10001.709661707,265.228051932,235.919267646,331.100000000,0.000000000,0.000000000
point-0005037,10002.283095539,265.971964934,235.319267646,331.100000000,0.000000000,0.000000000
point-0005038,10004.959108608,270.431986716,235.319267646,331.100000000,0.000000000,0.000000000
point-0005039,10005.532542401,271.175899635,234.719267646,331.100000000,0.000000000,0.000000000
point-0005040,10008.208555422,266.715877935,234.719267646,331.100000000,0.000000000,0.000000000
point-0005041,10008.781989253,267.459790936,234.119267646,331.100000000,0.000000000,0.000000000
point-0005042,10011.458002224,271.919812555,234.119267646,331.100000000,0.000000000,0.000000000
point-0005043,10012.031436018,272.663725474,233.519267646,331.100000000,0.000000000,0.000000000
point-0005044,10014.707448940,268.203703938,233.519267646,331.100000000,0.000000000,0.000000000
point-0005045,10015.280882771,268.947616939,232.919267646,331.100000000,0.000000000,0.000000000
point-0005046,10017.956895644,273.407638394,232.919267646,331.100000000,0.000000000,0.000000000
point-0005047,10018.530329437,274.151551313,232.319267646,331.100000000,0.000000000,0.000000000
point-0005048,10021.206342261,269.691529940,232.319267646,331.100000000,0.000000000,0.000000000
point-0005049,10021.779776093,270.435442942,231.719267646,331.100000000,0.000000000,0.000000000
point-0005050,10024.455788867,274.895464233,231.719267646,331.100000000,0.000000000,0.000000000
point-0005051,10025.029222661,275.639377152,231.119267646,331.100000000,0.000000000,0.000000000
point-0005052,10027.705235386,271.179355943,231.119267646,331.100000000,0.000000000,0.000000000
point-0005053,10028.278669218,271.923268944,230.519267646,331.100000000,0.000000000,0.000000000
point-0005054,10030.954681894,276.383290071,230.519267646,331.100000000,0.000000000,0.000000000
point-0005055,10031.528115687,277.127202991,229.919267646,331.100000000,0.000000000,0.000000000
point-0005056,10034.204128314,272.667181946,229.919267646,331.100000000,0.000000000,0.000000000
point-0005057,10034.777562146,273.411094947,229.319267646,331.100000000,0.000000000,0.000000000
point-0005058,10037.453574724,277.871115910,229.319267646,331.100000000,0.000000000,0.000000000
point-0005059,10038.027008517,278.615028830,228.719267646,331.100000000,0.000000000,0.000000000
point-0005060,10040.703021046,274.155007948,228.719267646,331.100000000,0.000000000,0.000000000
point-0005061,10041.276454878,274.898920950,228.119267646,331.100000000,0.000000000,0.000000000
point-0005062,10043.952467357,279.358941749,228.119267646,331.100000000,0.000000000,0.000000000
point-0005063,10044.525901151,280.102854669,227.519267646,331.100000000,0.000000000,0.000000000
point-0005064,10047.201913581,275.642833951,227.519267646,331.100000000,0.000000000,0.000000000
point-0005065,10047.775347413,276.386746952,226.919267646,331.100000000,0.000000000,0.000000000
point-0005066,10050.451359794,280.846767588,226.919267646,331.100000000,0.000000000,0.000000000
point-0005067,10051.024793588,281.590680508,226.319267646,331.100000000,0.000000000,0.000000000
point-0005068,10053.700805920,277.130659954,226.319267646,331.100000000,0.000000000,0.000000000
point-0005069,10054.274239752,277.874572955,225.719267646,331.100000000,0.000000000,0.000000000
point-0005070,10056.950252035,282.334593427,225.719267646,331.100000000,0.000000000,0.000000000
point-0005071,10057.523685828,283.078506346,225.119267646,331.100000000,0.000000000,0.000000000
point-0005072,10060.199698062,278.618485956,225.119267646,331.100000000,0.000000000,0.000000000
point-0005073,10060.773131894,279.362398958,224.519267646,331.100000000,0.000000000,0.000000000
point-0005074,10063.449144079,283.822419266,224.519267646,331.100000000,0.000000000,0.000000000
point-0005075,10064.022577872,284.566332185,223.919267646,331.100000000,0.000000000,0.000000000
point-0005076,10066.698590008,280.106311959,223.919267646,331.100000000,0.000000000,0.000000000
point-0005077,10067.272023840,280.850224961,223.319267646,331.100000000,0.000000000,0.000000000
point-0005078,10069.948035926,285.310245105,223.319267646,331.100000000,0.000000000,0.000000000
point-0005079,10070.521469720,286.054158024,222.719267646,331.100000000,0.000000000,0.000000000
point-0005080,10073.197481757,281.594137962,222.719267646,331.100000000,0.000000000,0.000000000
point-0005081,10073.770915589,282.338050963,222.119267646,331.100000000,0.000000000,0.000000000
point-0005082,10076.446927577,286.798070944,222.119267646,331.100000000,0.000000000,0.000000000
point-0005083,10077.020361370,287.541983863,221.519267646,331.100000000,0.000000000,0.000000000
point-0005084,10079.696373310,283.081963965,221.519267646,331.100000000,0.000000000,0.000000000
point-0005085,10080.269807141,283.825876966,220.919267646,331.100000000,0.000000000,0.000000000
point-0005086,10082.945819031,288.285896783,220.919267646,331.100000000,0.000000000,0.000000000
point-0005087,10083.519252825,289.029809702,220.319267646,331.100000000,0.000000000,0.000000000
point-0005088,10086.195264666,284.569789967,220.319267646,331.100000000,0.000000000,0.000000000
point-0005089,10086.768698497,285.313702969,219.719267646,331.100000000,0.000000000,0.000000000
point-0005090,10089.444710289,289.773722621,219.719267646,331.100000000,0.000000000,0.000000000
point-0005091,10090.018144082,290.517635541,219.119267646,331.100000000,0.000000000,0.000000000
point-0005092,10092.694155825,286.057615970,219.119267646,331.100000000,0.000000000,0.000000000
point-0005093,10093.267589657,286.801528971,218.519267646,331.100000000,0.000000000,0.000000000
point-0005094,10095.943601350,291.261548460,218.519267646,331.100000000,0.000000000,0.000000000
point-0005095,10096.517035144,292.005461380,217.919267646,331.100000000,0.000000000,0.000000000
point-0005096,10099.193046788,287.545441973,217.919267646,331.100000000,0.000000000,0.000000000
point-0005097,10099.766480620,288.289354974,217.319267646,331.100000000,0.000000000,0.000000000
point-0005098,10102.442492215,292.749374299,217.319267646,331.100000000,0.000000000,0.000000000
point-0005099,10103.015926008,293.493287219,216.719267646,331.100000000,0.000000000,0.000000000
point-0005100,10105.691937554,289.033267975,216.719267646,331.100000000,0.000000000,0.000000000
point-0005101,10106.265371386,289.777180977,216.119267646,331.100000000,0.000000000,0.000000000
point-0005102,10108.941382883,294.237200138,216.119267646,331.100000000,0.000000000,0.000000000
point-0005103,10109.514816676,294.981113058,215.519267646,331.100000000,0.000000000,0.000000000
point-0005104,10112.190828124,290.521093978,215.519267646,331.100000000,0.000000000,0.000000000
point-0005105,10112.764261956,291.265006979,214.919267646,331.100000000,0.000000000,0.000000000
point-0005106,10115.440273354,295.725025977,214.919267646,331.100000000,0.000000000,0.000000000
point-0005107,10116.013707148,296.468938897,214.319267646,331.100000000,0.000000000,0.000000000
point-0005108,10118.689718497,292.008919981,214.319267646,331.100000000,0.000000000,0.000000000
point-0005109,10119.263152329,292.752832982,213.719267646,331.100000000,0.000000000,0.000000000
point-0005110,10121.841617610,297.050275116,213.719267646,331.100000000,0.000000000,0.000000000
point-0005111,10122.304118350,296.566347508,213.119267646,331.100000000,0.000000000,0.000000000
point-0005112,10124.145879265,293.496745983,213.119267646,331.100000000,0.000000000,0.000000000
point-0005113,10124.719313096,294.240658985,212.519267646,331.100000000,0.000000000,0.000000000
point-0005114,10125.824369645,296.082419899,212.519267646,331.100000000,0.000000000,0.000000000
point-0005115,10126.286870386,295.598492291,211.919267646,331.100000000,0.000000000,0.000000000
point-0005116,10126.655222568,294.984571986,211.919267646,331.100000000,0.000000000,0.000000000
point-0005117,10154.441667289,260.761118763,243.119267646,331.100000000,0.000000000,0.000000000
point-0005118,10156.057274031,258.068440858,243.119267646,331.100000000,0.000000000,0.000000000
point-0005119,10156.519775408,258.552370155,243.719267646,331.100000000,0.000000000,0.000000000
point-0005120,10157.398676821,260.017205844,243.719267646,331.100000000,0.000000000,0.000000000
point-0005121,10157.972110615,259.273292924,244.319267646,331.100000000,0.000000000,0.000000000
point-0005122,10158.114306698,259.036299451,244.319267646,331.100000000,0.000000000,0.000000000
point-0005123,10159.889900384,257.001112586,242.256355647,331.700000000,0.000000000,0.000000000
point-0005124,10189.529742062,295.655938634,211.496993612,331.700000000,0.000000000,0.000000000
point-0005125,10191.569730760,297.772979671,214.157446424,331.700000000,0.000000000,0.000000000
point-0005126,10220.920841214,259.494706658,244.617176594,331.700000000,0.000000000,0.000000000
point-0005127,10221.209569454,259.118159885,244.916808342,331.700000000,0.000000000,0.000000000
point-0005128,10223.249560437,257.001112586,242.256355647,331.700000000,0.000000000,0.000000000
point-0005129,10223.567968644,257.530443833,242.218539522,331.700000000,0.000000000,0.000000000
point-0005130,10226.266043335,262.027234984,242.218539522,331.700000000,0.000000000,0.000000000
point-0005131,10226.844205590,262.781245728,241.618539522,331.700000000,0.000000000,0.000000000
point-0005132,10229.542280235,258.284454653,241.618539522,331.700000000,0.000000000,0.000000000
point-0005133,10230.120442526,259.038465474,241.018539522,331.700000000,0.000000000,0.000000000
point-0005134,10232.818517125,263.535256472,241.018539522,331.700000000,0.000000000,0.000000000
point-0005135,10233.396679379,264.289267216,240.418539522,331.700000000,0.000000000,0.000000000
point-0005136,10236.094753932,259.792476294,240.418539522,331.700000000,0.000000000,0.000000000
point-0005137,10236.672916223,260.546487115,239.818539522,331.700000000,0.000000000,0.000000000
point-0005138,10239.370990730,265.043277960,239.818539522,331.700000000,0.000000000,0.000000000
point-0005139,10239.949152985,265.797288704,239.218539522,331.700000000,0.000000000,0.000000000
point-0005140,10242.647227446,261.300497935,239.218539522,331.700000000,0.000000000,0.000000000
point-0005141,10243.225389737,262.054508756,238.618539522,331.700000000,0.000000000,0.000000000
point-0005142,10245.923464152,266.551299448,238.618539522,331.700000000,0.000000000,0.000000000
point-0005143,10246.501626407,267.305310192,238.018539522,331.700000000,0.000000000,0.000000000
point-0005144,10249.199700776,262.808519576,238.018539522,331.700000000,0.000000000,0.000000000
point-0005145,10249.777863067,263.562530397,237.418539522,331.700000000,0.000000000,0.000000000
point-0005146,10252.475937391,268.059320936,237.418539522,331.700000000,0.000000000,0.000000000
point-0005147,10253.054099645,268.813331680,236.818539522,331.700000000,0.000000000,0.000000000
point-0005148,10255.752173923,264.316541218,236.818539522,331.700000000,0.000000000,0.000000000
point-0005149,10256.330336214,265.070552038,236.218539522,331.700000000,0.000000000,0.000000000
point-0005150,10259.028410445,269.567342424,236.218539522,331.700000000,0.000000000,0.000000000
point-0005151,10259.606572700,270.321353168,235.618539522,331.700000000,0.000000000,0.000000000
point-0005152,10262.304646886,265.824562859,235.618539522,331.700000000,0.000000000,0.000000000
point-0005153,10262.882809176,266.578573679,235.018539522,331.700000000,0.000000000,0.000000000
point-0005154,10265.580883316,271.075363912,235.018539522,331.700000000,0.000000000,0.000000000
point-0005155,10266.159045571,271.829374656,234.418539522,331.700000000,0.000000000,0.000000000
point-0005156,10268.857119665,267.332584500,234.418539522,331.700000000,0.000000000,0.000000000
point-0005157,10269.435281955,268.086595320,233.818539522,331.700000000,0.000000000,0.000000000
point-0005158,10272.133356003,272.583385400,233.818539522,331.700000000,0.000000000,0.000000000
point-0005159,10272.711518258,273.337396144,233.218539522,331.700000000,0.000000000,0.000000000
point-0005160,10275.409592260,268.840606141,233.218539522,331.700000000,0.000000000,0.000000000
point-0005161,10275.987754551,269.594616961,232.618539522,331.700000000,0.000000000,0.000000000
point-0005162,10278.685828507,274.091406888,232.618539522,331.700000000,0.000000000,0.000000000
point-0005163,10279.263990762,274.845417632,232.018539522,331.700000000,0.000000000,0.000000000
point-0005164,10281.962064672,270.348627782,232.018539522,331.700000000,0.000000000,0.000000000
point-0005165,10282.540226963,271.102638603,231.418539522,331.700000000,0.000000000,0.000000000
point-0005166,10285.238300827,275.599428376,231.418539522,331.700000000,0.000000000,0.000000000
point-0005167,10285.816463082,276.353439120,230.818539522,331.700000000,0.000000000,0.000000000
point-0005168,10288.514536900,271.856649423,230.818539522,331.700000000,0.000000000,0.000000000
point-0005169,10289.092699191,272.610660244,230.218539522,331.700000000,0.000000000,0.000000000
point-0005170,10291.790772963,277.107449864,230.218539522,331.700000000,0.000000000,0.000000000
point-0005171,10292.368935218,277.861460608,229.618539522,331.700000000,0.000000000,0.000000000
point-0005172,10295.067008944,273.364671064,229.618539522,331.700000000,0.000000000,0.000000000
point-0005173,10295.645171235,274.118681885,229.018539522,331.700000000,0.000000000,0.000000000
point-0005174,10298.343244916,278.615471352,229.018539522,331.700000000,0.000000000,0.000000000
point-0005175,10298.921407170,279.369482096,228.418539522,331.700000000,0.000000000,0.000000000
point-0005176,10301.619480805,274.872692705,228.418539522,331.700000000,0.000000000,0.000000000
point-0005177,10302.197643096,275.626703526,227.818539522,331.700000000,0.000000000,0.000000000
point-0005178,10304.895716684,280.123492841,227.818539522,331.700000000,0.000000000,0.000000000
point-0005179,10305.473878939,280.877503585,227.218539522,331.700000000,0.000000000,0.000000000
point-0005180,10308.171952482,276.380714346,227.218539522,331.700000000,0.000000000,0.000000000
point-0005181,10308.750114773,277.134725167,226.618539522,331.700000000,0.000000000,0.000000000
point-0005182,10311.448188269,281.631514329,226.618539522,331.700000000,0.000000000,0.000000000
point-0005183,10312.026350524,282.385525073,226.018539522,331.700000000,0.000000000,0.000000000
point-0005184,10314.724423975,277.888735988,226.018539522,331.700000000,0.000000000,0.000000000
point-0005185,10315.302586266,278.642746808,225.418539522,331.700000000,0.000000000,0.000000000
point-0005186,10318.000659671,283.139535817,225.418539522,331.700000000,0.000000000,0.000000000
point-0005187,10318.578821926,283.893546561,224.818539522,331.700000000,0.000000000,0.000000000
point-0005188,10321.276895285,279.396757629,224.818539522,331.700000000,0.000000000,0.000000000
point-0005189,10321.855057575,280.150768449,224.218539522,331.700000000,0.000000000,0.000000000
point-0005190,10324.553130889,284.647557305,224.218539522,331.700000000,0.000000000,0.000000000
point-0005191,10325.131293143,285.401568049,223.618539522,331.700000000,0.000000000,0.000000000
point-0005192,10327.829366411,280.904779270,223.618539522,331.700000000,0.000000000,0.000000000
point-0005193,10328.407528701,281.658790090,223.018539522,331.700000000,0.000000000,0.000000000
point-0005194,10331.105601923,286.155578793,223.018539522,331.700000000,0.000000000,0.000000000
point-0005195,10331.683764177,286.909589537,222.418539522,331.700000000,0.000000000,0.000000000
point-0005196,10334.381837353,282.412800911,222.418539522,331.700000000,0.000000000,0.000000000
point-0005197,10334.959999644,283.166811731,221.818539522,331.700000000,0.000000000,0.000000000
point-0005198,10337.658072773,287.663600281,221.818539522,331.700000000,0.000000000,0.000000000
point-0005199,10338.236235028,288.417611025,221.218539522,331.700000000,0.000000000,0.000000000
point-0005200,10340.934308111,283.920822552,221.218539522,331.700000000,0.000000000,0.000000000
point-0005201,10341.512470402,284.674833373,220.618539522,331.700000000,0.000000000,0.000000000
point-0005202,10344.210543440,289.171621769,220.618539522,331.700000000,0.000000000,0.000000000
point-0005203,10344.788705694,289.925632513,220.018539522,331.700000000,0.000000000,0.000000000
point-0005204,10347.486778686,285.428844193,220.018539522,331.700000000,0.000000000,0.000000000
point-0005205,10348.064940977,286.182855014,219.418539522,331.700000000,0.000000000,0.000000000
point-0005206,10350.763013923,290.679643257,219.418539522,331.700000000,0.000000000,0.000000000
point-0005207,10351.341176177,291.433654001,218.818539522,331.700000000,0.000000000,0.000000000
point-0005208,10354.039249077,286.936865834,218.818539522,331.700000000,0.000000000,0.000000000
point-0005209,10354.617411368,287.690876655,218.218539522,331.700000000,0.000000000,0.000000000
point-0005210,10357.315484222,292.187664745,218.218539522,331.700000000,0.000000000,0.000000000
point-0005211,10357.893646477,292.941675489,217.618539522,331.700000000,0.000000000,0.000000000
point-0005212,10360.591719285,288.444887475,217.618539522,331.700000000,0.000000000,0.000000000
point-0005213,10361.169881576,289.198898296,217.018539522,331.700000000,0.000000000,0.000000000
point-0005214,10363.867954338,293.695686233,217.018539522,331.700000000,0.000000000,0.000000000
point-0005215,10364.446116592,294.449696977,216.418539522,331.700000000,0.000000000,0.000000000
point-0005216,10367.144189309,289.952909116,216.418539522,331.700000000,0.000000000,0.000000000
point-0005217,10367.722351599,290.706919937,215.818539522,331.700000000,0.000000000,0.000000000
point-0005218,10370.420424270,295.203707721,215.818539522,331.700000000,0.000000000,0.000000000
point-0005219,10370.998586524,295.957718465,215.218539522,331.700000000,0.000000000,0.000000000
point-0005220,10373.696659149,291.460930758,215.218539522,331.700000000,0.000000000,0.000000000
point-0005221,10374.274821439,292.214941578,214.618539522,331.700000000,0.000000000,0.000000000
point-0005222,10376.972894018,296.711729209,214.618539522,331.700000000,0.000000000,0.000000000
point-0005223,10377.468341964,297.279053992,214.018539522,331.700000000,0.000000000,0.000000000
point-0005224,10380.054402920,292.968952399,214.018539522,331.700000000,0.000000000,0.000000000
point-0005225,10380.632565211,293.722963219,213.418539522,331.700000000,0.000000000,0.000000000
point-0005226,10382.479751608,296.801607215,213.418539522,331.700000000,0.000000000,0.000000000
point-0005227,10382.939821117,296.324160437,212.818539522,331.700000000,0.000000000,0.000000000
point-0005228,10384.048132956,294.476974040,212.818539522,331.700000000,0.000000000,0.000000000
point-0005229,10384.626295246,295.230984860,212.218539522,331.700000000,0.000000000,0.000000000
point-0005230,10384.995732526,295.846713659,212.218539522,331.700000000,0.000000000,0.000000000
point-0005231,10412.697844745,261.273224240,242.818539522,331.700000000,0.000000000,0.000000000
point-0005232,10414.762663030,257.831860432,242.818539522,331.700000000,0.000000000,0.000000000
point-0005233,10415.222733075,258.309308643,243.418539522,331.700000000,0.000000000,0.000000000
point-0005234,10416.548675986,260.519213496,243.418539522,331.700000000,0.000000000,0.000000000
point-0005235,10417.126838241,259.765202752,244.018539522,331.700000000,0.000000000,0.000000000
point-0005236,10417.713905780,258.786756854,244.018539522,331.700000000,0.000000000,0.000000000
point-0005237,10419.222252489,257.051063074,242.301822734,332.300000000,0.000000000,0.000000000
point-0005238,10448.862063668,295.904055397,211.793235497,332.300000000,0.000000000,0.000000000
point-0005239,10450.902049998,298.003836325,214.467326955,332.300000000,0.000000000,0.000000000
point-0005240,10480.253131440,259.529325483,244.678725991,332.300000000,0.000000000,0.000000000
point-0005241,10480.541858634,259.150849773,244.975914676,332.300000000,0.000000000,0.000000000
point-0005242,10482.581847331,257.051063074,242.301822734,332.300000000,0.000000000,0.000000000
point-0005243,10482.934760803,257.599470618,242.514462354,332.300000000,0.000000000,0.000000000
point-0005244,10485.454943188,261.799774593,242.514462354,332.300000000,0.000000000,0.000000000
point-0005245,10486.037857235,262.563880435,241.914462354,332.300000000,0.000000000,0.000000000
point-0005246,10488.758102746,258.030137915,241.914462354,332.300000000,0.000000000,0.000000000
point-0005247,10489.341016826,258.794243828,241.314462354,332.300000000,0.000000000,0.000000000
point-0005248,10492.061262296,263.327986277,241.314462354,332.300000000,0.000000000,0.000000000
point-0005249,10492.644176342,264.092092119,240.714462354,332.300000000,0.000000000,0.000000000
point-0005250,10495.364421769,259.558349741,240.714462354,332.300000000,0.000000000,0.000000000
point-0005251,10495.947335849,260.322455654,240.114462354,332.300000000,0.000000000,0.000000000
point-0005252,10498.667581234,264.856197962,240.114462354,332.300000000,0.000000000,0.000000000
point-0005253,10499.250495281,265.620303804,239.514462354,332.300000000,0.000000000,0.000000000
point-0005254,10501.970740623,261.086561566,239.514462354,332.300000000,0.000000000,0.000000000
point-0005255,10502.553654703,261.850667479,238.914462354,332.300000000,0.000000000,0.000000000
point-0005256,10505.273900003,266.384409646,238.914462354,332.300000000,0.000000000,0.000000000
point-0005257,10505.856814050,267.148515488,238.314462354,332.300000000,0.000000000,0.000000000
point-0005258,10508.577059307,262.614773392,238.314462354,332.300000000,0.000000000,0.000000000
point-0005259,10509.159973387,263.378879305,237.714462354,332.300000000,0.000000000,0.000000000
point-0005260,10511.880218603,267.912621330,237.714462354,332.300000000,0.000000000,0.000000000
point-0005261,10512.463132649,268.676727173,237.114462354,332.300000000,0.000000000,0.000000000
point-0005262,10515.183377822,264.142985218,237.114462354,332.300000000,0.000000000,0.000000000
point-0005263,10515.766291902,264.907091131,236.514462354,332.300000000,0.000000000,0.000000000
point-0005264,10518.486537033,269.440833015,236.514462354,332.300000000,0.000000000,0.000000000
point-0005265,10519.069451079,270.204938857,235.914462354,332.300000000,0.000000000,0.000000000
point-0005266,10521.789696168,265.671197043,235.914462354,332.300000000,0.000000000,0.000000000
point-0005267,10522.372610248,266.435302956,235.314462354,332.300000000,0.000000000,0.000000000
point-0005268,10525.092855294,270.969044699,235.314462354,332.300000000,0.000000000,0.000000000
point-0005269,10525.675769340,271.733150542,234.714462354,332.300000000,0.000000000,0.000000000
point-0005270,10528.396014344,267.199408869,234.714462354,332.300000000,0.000000000,0.000000000
point-0005271,10528.978928424,267.963514782,234.114462354,332.300000000,0.000000000,0.000000000
point-0005272,10531.699173385,272.497256384,234.114462354,332.300000000,0.000000000,0.000000000
point-0005273,10532.282087432,273.261362226,233.514462354,332.300000000,0.000000000,0.000000000
point-0005274,10535.002332351,268.727620695,233.514462354,332.300000000,0.000000000,0.000000000
point-0005275,10535.585246431,269.491726607,232.914462354,332.300000000,0.000000000,0.000000000
point-0005276,10538.305491307,274.025468068,232.914462354,332.300000000,0.000000000,0.000000000
point-0005277,10538.888405354,274.789573911,232.314462354,332.300000000,0.000000000,0.000000000
point-0005278,10541.608650188,270.255832520,232.314462354,332.300000000,0.000000000,0.000000000
point-0005279,10542.191564268,271.019938433,231.714462354,332.300000000,0.000000000,0.000000000
point-0005280,10544.911809060,275.553679753,231.714462354,332.300000000,0.000000000,0.000000000
point-0005281,10545.494723107,276.317785595,231.114462354,332.300000000,0.000000000,0.000000000
point-0005282,10548.214967856,271.784044346,231.114462354,332.300000000,0.000000000,0.000000000
point-0005283,10548.797881936,272.548150259,230.514462354,332.300000000,0.000000000,0.000000000
point-0005284,10551.518126643,277.081891437,230.514462354,332.300000000,0.000000000,0.000000000
point-0005285,10552.101040690,277.845997280,229.914462354,332.300000000,0.000000000,0.000000000
point-0005286,10554.821285355,273.312256171,229.914462354,332.300000000,0.000000000,0.000000000
point-0005287,10555.404199435,274.076362084,229.314462354,332.300000000,0.000000000,0.000000000
point-0005288,10558.124444057,278.610103122,229.314462354,332.300000000,0.000000000,0.000000000
point-0005289,10558.707358104,279.374208964,228.714462354,332.300000000,0.000000000,0.000000000
point-0005290,10561.427602684,274.840467997,228.714462354,332.300000000,0.000000000,0.000000000
point-0005291,10562.010516764,275.604573910,228.114462354,332.300000000,0.000000000,0.000000000
point-0005292,10564.730761302,280.138314806,228.114462354,332.300000000,0.000000000,0.000000000
point-0005293,10565.313675349,280.902420649,227.514462354,332.300000000,0.000000000,0.000000000
point-0005294,10568.033919844,276.368679823,227.514462354,332.300000000,0.000000000,0.000000000
point-0005295,10568.616833924,277.132785735,226.914462354,332.300000000,0.000000000,0.000000000
point-0005296,10571.337078377,281.666526491,226.914462354,332.300000000,0.000000000,0.000000000
point-0005297,10571.919992424,282.430632333,226.314462354,332.300000000,0.000000000,0.000000000
point-0005298,10574.640236835,277.896891648,226.314462354,332.300000000,0.000000000,0.000000000
point-0005299,10575.223150915,278.660997561,225.714462354,332.300000000,0.000000000,0.000000000
point-0005300,10577.943395283,283.194738175,225.714462354,332.300000000,0.000000000,0.000000000
point-0005301,10578.526309330,283.958844017,225.114462354,332.300000000,0.000000000,0.000000000
point-0005302,10581.246553656,279.425103474,225.114462354,332.300000000,0.000000000,0.000000000
point-0005303,10581.829467736,280.189209387,224.514462354,332.300000000,0.000000000,0.000000000
point-0005304,10584.549712020,284.722949860,224.514462354,332.300000000,0.000000000,0.000000000
point-0005305,10585.132626066,285.487055702,223.914462354,332.300000000,0.000000000,0.000000000
point-0005306,10587.852870308,280.953315299,223.914462354,332.300000000,0.000000000,0.000000000
point-0005307,10588.435784388,281.717421212,223.314462354,332.300000000,0.000000000,0.000000000
point-0005308,10591.156028587,286.251161544,223.314462354,332.300000000,0.000000000,0.000000000
point-0005309,10591.738942634,287.015267386,222.714462354,332.300000000,0.000000000,0.000000000
point-0005310,10594.459186791,282.481527125,222.714462354,332.300000000,0.000000000,0.000000000
point-0005311,10595.042100870,283.245633038,222.114462354,332.300000000,0.000000000,0.000000000
point-0005312,10597.762344985,287.779373229,222.114462354,332.300000000,0.000000000,0.000000000
point-0005313,10598.345259032,288.543479071,221.514462354,332.300000000,0.000000000,0.000000000
point-0005314,10601.065503104,284.009738951,221.514462354,332.300000000,0.000000000,0.000000000
point-0005315,10601.648417184,284.773844863,220.914462354,332.300000000,0.000000000,0.000000000
point-0005316,10604.368661213,289.307584913,220.914462354,332.300000000,0.000000000,0.000000000
point-0005317,10604.951575260,290.071690755,220.314462354,332.300000000,0.000000000,0.000000000
point-0005318,10607.671819247,285.537950776,220.314462354,332.300000000,0.000000000,0.000000000
point-0005319,10608.254733327,286.302056689,219.714462354,332.300000000,0.000000000,0.000000000
point-0005320,10610.974977273,290.835796598,219.714462354,332.300000000,0.000000000,0.000000000
point-0005321,10611.557891319,291.599902440,219.114462354,332.300000000,0.000000000,0.000000000
point-0005322,10614.278135222,287.066162602,219.114462354,332.300000000,0.000000000,0.000000000
point-0005323,10614.861049302,287.830268515,218.514462354,332.300000000,0.000000000,0.000000000
point-0005324,10617.581293162,292.364008282,218.514462354,332.300000000,0.000000000,0.000000000
point-0005325,10618.164207209,293.128114124,217.914462354,332.300000000,0.000000000,0.000000000
point-0005326,10620.884451027,288.594374427,217.914462354,332.300000000,0.000000000,0.000000000
point-0005327,10621.467365107,289.358480340,217.314462354,332.300000000,0.000000000,0.000000000
point-0005328,10624.187608883,293.892219967,217.314462354,332.300000000,0.000000000,0.000000000
point-0005329,10624.770522929,294.656325809,216.714462354,332.300000000,0.000000000,0.000000000
point-0005330,10627.490766663,290.122586253,216.714462354,332.300000000,0.000000000,0.000000000
point-0005331,10628.073680743,290.886692166,216.114462354,332.300000000,0.000000000,0.000000000
point-0005332,10630.793924434,295.420431651,216.114462354,332.300000000,0.000000000,0.000000000
point-0005333,10631.376838480,296.184537493,215.514462354,332.300000000,0.000000000,0.000000000
point-0005334,10634.097082129,291.650798079,215.514462354,332.300000000,0.000000000,0.000000000
point-0005335,10634.679996209,292.414903991,214.914462354,332.300000000,0.000000000,0.000000000
point-0005336,10637.400239815,296.948643335,214.914462354,332.300000000,0.000000000,0.000000000
point-0005337,10637.890116829,297.502366813,214.314462354,332.300000000,0.000000000,0.000000000
point-0005338,10640.484130974,293.179009904,214.314462354,332.300000000,0.000000000,0.000000000
point-0005339,10641.067045054,293.943115817,213.714462354,332.300000000,0.000000000,0.000000000
point-0005340,10642.919912301,297.031227895,213.714462354,332.300000000,0.000000000,0.000000000
point-0005341,10643.377634790,296.560088977,213.114462354,332.300000000,0.000000000,0.000000000
point-0005342,10644.489355138,294.707221730,213.114462354,332.300000000,0.000000000,0.000000000
point-0005343,10645.072269218,295.471327643,212.514462354,332.300000000,0.000000000,0.000000000
point-0005344,10645.442842667,296.088950058,212.514462354,332.300000000,0.000000000,0.000000000
point-0005345,10673.361175550,261.035668750,243.114462354,332.300000000,0.000000000,0.000000000
point-0005346,10675.140210353,258.070610745,243.114462354,332.300000000,0.000000000,0.000000000
point-0005347,10675.597933290,258.541750873,243.714462354,332.300000000,0.000000000,0.000000000
point-0005348,10676.635820511,260.271562908,243.714462354,332.300000000,0.000000000,0.000000000
point-0005349,10677.218734558,259.507457066,244.314462354,332.300000000,0.000000000,0.000000000
point-0005350,10677.515474196,259.012891001,244.314462354,332.300000000,0.000000000,0.000000000
point-0005351,10679.200957585,257.099869058,242.346821923,332.900000000,0.000000000,0.000000000
point-0005352,10708.840748719,296.146053410,212.085938023,332.900000000,0.000000000,0.000000000
point-0005353,10710.880733438,298.228785667,214.773325817,332.900000000,0.000000000,0.000000000
point-0005354,10740.231795157,259.562964157,244.739434126,332.900000000,0.000000000,0.000000000
point-0005355,10740.520522422,259.182606526,245.034210593,332.900000000,0.000000000,0.000000000
point-0005356,10742.560509471,257.099869058,242.346821923,332.900000000,0.000000000,0.000000000
point-0005357,10742.971408682,257.770240827,242.206834122,332.900000000,0.000000000,0.000000000
point-0005358,10745.713916363,262.341086962,242.206834122,332.900000000,0.000000000,0.000000000
point-0005359,10746.301601519,261.566895910,242.806834122,332.900000000,0.000000000,0.000000000
point-0005360,10748.540181884,257.835928635,242.806834122,332.900000000,0.000000000,0.000000000
point-0005361,10748.995639721,258.300931146,243.406834122,332.900000000,0.000000000,0.000000000
point-0005362,10750.490703948,260.792704859,243.406834122,332.900000000,0.000000000,0.000000000
point-0005363,10751.078389104,260.018513807,244.006834122,332.900000000,0.000000000,0.000000000
point-0005364,10751.829937194,258.765933658,244.006834122,332.900000000,0.000000000,0.000000000
point-0005365,10752.285395030,259.230936169,244.606834122,332.900000000,0.000000000,0.000000000
point-0005366,10752.293426530,259.244322002,244.606834122,332.900000000,0.000000000,0.000000000
point-0005367,10754.141762158,258.544431942,241.606834122,332.900000000,0.000000000,0.000000000
point-0005368,10756.884269801,263.115278014,241.606834122,332.900000000,0.000000000,0.000000000
point-0005369,10757.471954957,263.889469065,241.006834122,332.900000000,0.000000000,0.000000000
point-0005370,10760.214462561,259.318623058,241.006834122,332.900000000,0.000000000,0.000000000
point-0005371,10760.802147747,260.092814173,240.406834122,332.900000000,0.000000000,0.000000000
point-0005372,10763.544655313,264.663660117,240.406834122,332.900000000,0.000000000,0.000000000
point-0005373,10764.132340469,265.437851169,239.806834122,332.900000000,0.000000000,0.000000000
point-0005374,10766.874847997,260.867005289,239.806834122,332.900000000,0.000000000,0.000000000
point-0005375,10767.462533183,261.641196405,239.206834122,332.900000000,0.000000000,0.000000000
point-0005376,10770.205040672,266.212042220,239.206834122,332.900000000,0.000000000,0.000000000
point-0005377,10770.792725828,266.986233272,238.606834122,332.900000000,0.000000000,0.000000000
point-0005378,10773.535233279,262.415387520,238.606834122,332.900000000,0.000000000,0.000000000
point-0005379,10774.122918465,263.189578636,238.006834122,332.900000000,0.000000000,0.000000000
point-0005380,10776.865425878,267.760424324,238.006834122,332.900000000,0.000000000,0.000000000
point-0005381,10777.453111034,268.534615375,237.406834122,332.900000000,0.000000000,0.000000000
point-0005382,10780.195618408,263.963769752,237.406834122,332.900000000,0.000000000,0.000000000
point-0005383,10780.783303594,264.737960867,236.806834122,332.900000000,0.000000000,0.000000000
point-0005384,10783.525810930,269.308806427,236.806834122,332.900000000,0.000000000,0.000000000
point-0005385,10784.113496086,270.082997479,236.206834122,332.900000000,0.000000000,0.000000000
point-0005386,10786.856003383,265.512151983,236.206834122,332.900000000,0.000000000,0.000000000
point-0005387,10787.443688569,266.286343099,235.606834122,332.900000000,0.000000000,0.000000000
point-0005388,10790.186195828,270.857188530,235.606834122,332.900000000,0.000000000,0.000000000
point-0005389,10790.773880984,271.631379582,235.006834122,332.900000000,0.000000000,0.000000000
point-0005390,10793.516388204,267.060534214,235.006834122,332.900000000,0.000000000,0.000000000
point-0005391,10794.104073391,267.834725330,234.406834122,332.900000000,0.000000000,0.000000000
point-0005392,10796.846580573,272.405570633,234.406834122,332.900000000,0.000000000,0.000000000
point-0005393,10797.434265729,273.179761685,233.806834122,332.900000000,0.000000000,0.000000000
point-0005394,10800.176772872,268.608916446,233.806834122,332.900000000,0.000000000,0.000000000
point-0005395,10800.764458058,269.383107561,233.206834122,332.900000000,0.000000000,0.000000000
point-0005396,10803.506965164,273.953952737,233.206834122,332.900000000,0.000000000,0.000000000
point-0005397,10804.094650320,274.728143788,232.606834122,332.900000000,0.000000000,0.000000000
point-0005398,10806.837157387,270.157298677,232.606834122,332.900000000,0.000000000,0.000000000
point-0005399,10807.424842573,270.931489793,232.006834122,332.900000000,0.000000000,0.000000000
point-0005400,10810.167349601,275.502334840,232.006834122,332.900000000,0.000000000,0.000000000
point-0005401,10810.755034757,276.276525892,231.406834122,332.900000000,0.000000000,0.000000000
point-0005402,10813.497541747,271.705680908,231.406834122,332.900000000,0.000000000,0.000000000
point-0005403,10814.085226933,272.479872024,230.806834122,332.900000000,0.000000000,0.000000000
point-0005404,10816.827733885,277.050716943,230.806834122,332.900000000,0.000000000,0.000000000
point-0005405,10817.415419041,277.824907995,230.206834122,332.900000000,0.000000000,0.000000000
point-0005406,10820.157925954,273.254063140,230.206834122,332.900000000,0.000000000,0.000000000
point-0005407,10820.745611140,274.028254255,229.606834122,332.900000000,0.000000000,0.000000000
point-0005408,10823.488118015,278.599099047,229.606834122,332.900000000,0.000000000,0.000000000
point-0005409,10824.075803171,279.373290098,229.006834122,332.900000000,0.000000000,0.000000000
point-0005410,10826.818310008,274.802445371,229.006834122,332.900000000,0.000000000,0.000000000
point-0005411,10827.405995194,275.576636486,228.406834122,332.900000000,0.000000000,0.000000000
point-0005412,10830.148501992,280.147481150,228.406834122,332.900000000,0.000000000,0.000000000
point-0005413,10830.736187148,280.921672202,227.806834122,332.900000000,0.000000000,0.000000000
point-0005414,10833.478693908,276.350827602,227.806834122,332.900000000,0.000000000,0.000000000
point-0005415,10834.066379094,277.125018718,227.206834122,332.900000000,0.000000000,0.000000000
point-0005416,10836.808885815,281.695863253,227.206834122,332.900000000,0.000000000,0.000000000
point-0005417,10837.396570971,282.470054305,226.606834122,332.900000000,0.000000000,0.000000000
point-0005418,10840.139077654,277.899209833,226.606834122,332.900000000,0.000000000,0.000000000
point-0005419,10840.726762840,278.673400949,226.006834122,332.900000000,0.000000000,0.000000000
point-0005420,10843.469269485,283.244245357,226.006834122,332.900000000,0.000000000,0.000000000
point-0005421,10844.056954640,284.018436408,225.406834122,332.900000000,0.000000000,0.000000000
point-0005422,10846.799461246,279.447592065,225.406834122,332.900000000,0.000000000,0.000000000
point-0005423,10847.387146433,280.221783180,224.806834122,332.900000000,0.000000000,0.000000000
point-0005424,10850.129653000,284.792627460,224.806834122,332.900000000,0.000000000,0.000000000
point-0005425,10850.717338156,285.566818511,224.206834122,332.900000000,0.000000000,0.000000000
point-0005426,10853.459844686,280.995974296,224.206834122,332.900000000,0.000000000,0.000000000
point-0005427,10854.047529872,281.770165412,223.606834122,332.900000000,0.000000000,0.000000000
point-0005428,10856.790036363,286.341009563,223.606834122,332.900000000,0.000000000,0.000000000
point-0005429,10857.377721518,287.115200615,223.006834122,332.900000000,0.000000000,0.000000000
point-0005430,10860.120227971,282.544356527,223.006834122,332.900000000,0.000000000,0.000000000
point-0005431,10860.707913157,283.318547643,222.406834122,332.900000000,0.000000000,0.000000000
point-0005432,10863.450419571,287.889391666,222.406834122,332.900000000,0.000000000,0.000000000
point-0005433,10864.038104727,288.663582718,221.806834122,332.900000000,0.000000000,0.000000000
point-0005434,10866.780611103,284.092738759,221.806834122,332.900000000,0.000000000,0.000000000
point-0005435,10867.368296289,284.866929874,221.206834122,332.900000000,0.000000000,0.000000000
point-0005436,10870.110802626,289.437773770,221.206834122,332.900000000,0.000000000,0.000000000
point-0005437,10870.698487782,290.211964821,220.606834122,332.900000000,0.000000000,0.000000000
point-0005438,10873.440994081,285.641120990,220.606834122,332.900000000,0.000000000,0.000000000
point-0005439,10874.028679267,286.415312106,220.006834122,332.900000000,0.000000000,0.000000000
point-0005440,10876.771185528,290.986155873,220.006834122,332.900000000,0.000000000,0.000000000
point-0005441,10877.358870684,291.760346925,219.406834122,332.900000000,0.000000000,0.000000000
point-0005442,10880.101376906,287.189503221,219.406834122,332.900000000,0.000000000,0.000000000
point-0005443,10880.689062092,287.963694337,218.806834122,332.900000000,0.000000000,0.000000000
point-0005444,10883.431568276,292.534537976,218.806834122,332.900000000,0.000000000,0.000000000
point-0005445,10884.019253431,293.308729028,218.206834122,332.900000000,0.000000000,0.000000000
point-0005446,10886.761759577,288.737885452,218.206834122,332.900000000,0.000000000,0.000000000
point-0005447,10887.349444763,289.512076568,217.606834122,332.900000000,0.000000000,0.000000000
point-0005448,10890.091950870,294.082920080,217.606834122,332.900000000,0.000000000,0.000000000
point-0005449,10890.679636026,294.857111131,217.006834122,332.900000000,0.000000000,0.000000000
point-0005450,10893.422142094,290.286267684,217.006834122,332.900000000,0.000000000,0.000000000
point-0005451,10894.009827280,291.060458799,216.406834122,332.900000000,0.000000000,0.000000000
point-0005452,10896.752333311,295.631302183,216.406834122,332.900000000,0.000000000,0.000000000
point-0005453,10897.340018466,296.405493235,215.806834122,332.900000000,0.000000000,0.000000000
point-0005454,10900.082524458,291.834649915,215.806834122,332.900000000,0.000000000,0.000000000
point-0005455,10900.670209644,292.608841031,215.206834122,332.900000000,0.000000000,0.000000000
point-0005456,10903.412715598,297.179684286,215.206834122,332.900000000,0.000000000,0.000000000
point-0005457,10903.897255644,297.720206300,214.606834122,332.900000000,0.000000000,0.000000000
point-0005458,10906.499560136,293.383032146,214.606834122,332.900000000,0.000000000,0.000000000
point-0005459,10907.087245323,294.157223262,214.006834122,332.900000000,0.000000000,0.000000000
point-0005460,10908.946034246,297.255204800,214.006834122,332.900000000,0.000000000,0.000000000
point-0005461,10909.401491710,296.790203301,213.406834122,332.900000000,0.000000000,0.000000000
point-0005462,10910.516765064,294.931414378,213.406834122,332.900000000,0.000000000,0.000000000
point-0005463,10911.104450250,295.705605493,212.806834122,332.900000000,0.000000000,0.000000000
point-0005464,10911.476208035,296.325201801,212.806834122,332.900000000,0.000000000,0.000000000
point-0005465,10940.934264722,257.147526038,242.391317839,333.500000000,0.000000000,0.000000000
point-0005466,10970.574047073,296.381933258,212.374898153,333.500000000,0.000000000,0.000000000
point-0005467,10972.614031015,298.447839842,215.075240353,333.500000000,0.000000000,0.000000000
point-0005468,11001.965083264,259.595629603,244.799264564,333.500000000,0.000000000,0.000000000
point-0005469,11002.253811574,259.213437218,245.091661130,333.500000000,0.000000000,0.000000000
point-0005470,11004.293797712,257.147526038,242.391317839,333.500000000,0.000000000,0.000000000
point-0005471,11004.575258064,257.604922218,242.495452827,333.500000000,0.000000000,0.000000000
point-0005472,11007.280231363,262.113211049,242.495452827,333.500000000,0.000000000,0.000000000
point-0005473,11007.872702666,262.897469801,241.895452827,333.500000000,0.000000000,0.000000000
point-0005474,11010.637543973,258.289400955,241.895452827,333.500000000,0.000000000,0.000000000
point-0005475,11011.230015303,259.073659765,241.295452827,333.500000000,0.000000000,0.000000000
point-0005476,11013.994856576,263.681728554,241.295452827,333.500000000,0.000000000,0.000000000
point-0005477,11014.587327879,264.465987306,240.695452827,333.500000000,0.000000000,0.000000000
point-0005478,11017.352169119,259.857918574,240.695452827,333.500000000,0.000000000,0.000000000
point-0005479,11017.944640448,260.642177383,240.095452827,333.500000000,0.000000000,0.000000000
point-0005480,11020.709481654,265.250246058,240.095452827,333.500000000,0.000000000,0.000000000
point-0005481,11021.301952956,266.034504811,239.495452827,333.500000000,0.000000000,0.000000000
point-0005482,11024.066794127,261.426436192,239.495452827,333.500000000,0.000000000,0.000000000
point-0005483,11024.659265457,262.210695002,238.895452827,333.500000000,0.000000000,0.000000000
point-0005484,11027.424106594,266.818763563,238.895452827,333.500000000,0.000000000,0.000000000
point-0005485,11028.016577897,267.603022315,238.295452827,333.500000000,0.000000000,0.000000000
point-0005486,11030.781419000,262.994953811,238.295452827,333.500000000,0.000000000,0.000000000
point-0005487,11031.373890330,263.779212620,237.695452827,333.500000000,0.000000000,0.000000000
point-0005488,11034.138731398,268.387281068,237.695452827,333.500000000,0.000000000,0.000000000
point-0005489,11034.731202701,269.171539820,237.095452827,333.500000000,0.000000000,0.000000000
point-0005490,11037.496043735,264.563471429,237.095452827,333.500000000,0.000000000,0.000000000
point-0005491,11038.088515065,265.347730239,236.495452827,333.500000000,0.000000000,0.000000000
point-0005492,11040.853356066,269.955798573,236.495452827,333.500000000,0.000000000,0.000000000
point-0005493,11041.445827369,270.740057325,235.895452827,333.500000000,0.000000000,0.000000000
point-0005494,11044.210668335,266.131989048,235.895452827,333.500000000,0.000000000,0.000000000
point-0005495,11044.803139665,266.916247857,235.295452827,333.500000000,0.000000000,0.000000000
point-0005496,11047.567980597,271.524316077,235.295452827,333.500000000,0.000000000,0.000000000
point-0005497,11048.160451900,272.308574830,234.695452827,333.500000000,0.000000000,0.000000000
point-0005498,11050.925292798,267.700506666,234.695452827,333.500000000,0.000000000,0.000000000
point-0005499,11051.517764128,268.484765476,234.095452827,333.500000000,0.000000000,0.000000000
point-0005500,11054.282604991,273.092833582,234.095452827,333.500000000,0.000000000,0.000000000
point-0005501,11054.875076294,273.877092334,233.495452827,333.500000000,0.000000000,0.000000000
point-0005502,11057.639917124,269.269024285,233.495452827,333.500000000,0.000000000,0.000000000
point-0005503,11058.232388454,270.053283094,232.895452827,333.500000000,0.000000000,0.000000000
point-0005504,11060.997229249,274.661351087,232.895452827,333.500000000,0.000000000,0.000000000
point-0005505,11061.589700552,275.445609839,232.295452827,333.500000000,0.000000000,0.000000000
point-0005506,11064.354541314,270.837541903,232.295452827,333.500000000,0.000000000,0.000000000
point-0005507,11064.947012644,271.621800713,231.695452827,333.500000000,0.000000000,0.000000000
point-0005508,11067.711853371,276.229868592,231.695452827,333.500000000,0.000000000,0.000000000
point-0005509,11068.304324674,277.014127344,231.095452827,333.500000000,0.000000000,0.000000000
point-0005510,11071.069165367,272.406059522,231.095452827,333.500000000,0.000000000,0.000000000
point-0005511,11071.661636697,273.190318331,230.495452827,333.500000000,0.000000000,0.000000000
point-0005512,11074.426477356,277.798386096,230.495452827,333.500000000,0.000000000,0.000000000
point-0005513,11075.018948659,278.582644849,229.895452827,333.500000000,0.000000000,0.000000000
point-0005514,11077.783789284,273.974577140,229.895452827,333.500000000,0.000000000,0.000000000
point-0005515,11078.376260614,274.758835950,229.295452827,333.500000000,0.000000000,0.000000000
point-0005516,11081.141101204,279.366903601,229.295452827,333.500000000,0.000000000,0.000000000
point-0005517,11081.733572507,280.151162353,228.695452827,333.500000000,0.000000000,0.000000000
point-0005518,11084.498413064,275.543094759,228.695452827,333.500000000,0.000000000,0.000000000
point-0005519,11085.090884394,276.327353568,228.095452827,333.500000000,0.000000000,0.000000000
point-0005520,11087.855724916,280.935421106,228.095452827,333.500000000,0.000000000,0.000000000
point-0005521,11088.448196219,281.719679858,227.495452827,333.500000000,0.000000000,0.000000000
point-0005522,11091.213036708,277.111612377,227.495452827,333.500000000,0.000000000,0.000000000
point-0005523,11091.805508038,277.895871187,226.895452827,333.500000000,0.000000000,0.000000000
point-0005524,11094.570348492,282.503938611,226.895452827,333.500000000,0.000000000,0.000000000
point-0005525,11095.162819795,283.288197363,226.295452827,333.500000000,0.000000000,0.000000000
point-0005526,11097.927660215,278.680129996,226.295452827,333.500000000,0.000000000,0.000000000
point-0005527,11098.520131545,279.464388805,225.695452827,333.500000000,0.000000000,0.000000000
point-0005528,11101.284971931,284.072456115,225.695452827,333.500000000,0.000000000,0.000000000
point-0005529,11101.877443234,284.856714868,225.095452827,333.500000000,0.000000000,0.000000000
point-0005530,11104.642283586,280.248647614,225.095452827,333.500000000,0.000000000,0.000000000
point-0005531,11105.234754916,281.032906424,224.495452827,333.500000000,0.000000000,0.000000000
point-0005532,11107.999595233,285.640973620,224.495452827,333.500000000,0.000000000,0.000000000
point-0005533,11108.592066536,286.425232372,223.895452827,333.500000000,0.000000000,0.000000000
point-0005534,11111.356906820,281.817165233,223.895452827,333.500000000,0.000000000,0.000000000
point-0005535,11111.949378150,282.601424042,223.295452827,333.500000000,0.000000000,0.000000000
point-0005536,11114.714218399,287.209491125,223.295452827,333.500000000,0.000000000,0.000000000
point-0005537,11115.306689702,287.993749877,222.695452827,333.500000000,0.000000000,0.000000000
point-0005538,11118.071529918,283.385682851,222.695452827,333.500000000,0.000000000,0.000000000
point-0005539,11118.664001248,284.169941661,222.095452827,333.500000000,0.000000000,0.000000000
point-0005540,11121.428841429,288.778008630,222.095452827,333.500000000,0.000000000,0.000000000
point-0005541,11122.021312732,289.562267382,221.495452827,333.500000000,0.000000000,0.000000000
point-0005542,11124.786152879,284.954200470,221.495452827,333.500000000,0.000000000,0.000000000
point-0005543,11125.378624209,285.738459279,220.895452827,333.500000000,0.000000000,0.000000000
point-0005544,11128.143464322,290.346526134,220.895452827,333.500000000,0.000000000,0.000000000
point-0005545,11128.735935625,291.130784887,220.295452827,333.500000000,0.000000000,0.000000000
point-0005546,11131.500775704,286.522718089,220.295452827,333.500000000,0.000000000,0.000000000
point-0005547,11132.093247033,287.306976898,219.695452827,333.500000000,0.000000000,0.000000000
point-0005548,11134.858087078,291.915043639,219.695452827,333.500000000,0.000000000,0.000000000
point-0005549,11135.450558381,292.699302391,219.095452827,333.500000000,0.000000000,0.000000000
point-0005550,11138.215398392,288.091235707,219.095452827,333.500000000,0.000000000,0.000000000
point-0005551,11138.807869722,288.875494516,218.495452827,333.500000000,0.000000000,0.000000000
point-0005552,11141.572709698,293.483561144,218.495452827,333.500000000,0.000000000,0.000000000
point-0005553,11142.165181001,294.267819896,217.895452827,333.500000000,0.000000000,0.000000000
point-0005554,11144.930020943,289.659753326,217.895452827,333.500000000,0.000000000,0.000000000
point-0005555,11145.522492273,290.444012135,217.295452827,333.500000000,0.000000000,0.000000000
point-0005556,11148.287332182,295.052078649,217.295452827,333.500000000,0.000000000,0.000000000
point-0005557,11148.879803484,295.836337401,216.695452827,333.500000000,0.000000000,0.000000000
point-0005558,11151.644643359,291.228270944,216.695452827,333.500000000,0.000000000,0.000000000
point-0005559,11152.237114688,292.012529753,216.095452827,333.500000000,0.000000000,0.000000000
point-0005560,11155.001954529,296.620596153,216.095452827,333.500000000,0.000000000,0.000000000
point-0005561,11155.594425831,297.404854906,215.495452827,333.500000000,0.000000000,0.000000000
point-0005562,11158.359265637,292.796788563,215.495452827,333.500000000,0.000000000,0.000000000
point-0005563,11158.951736967,293.581047372,214.895452827,333.500000000,0.000000000,0.000000000
point-0005564,11161.562648032,297.932565813,214.895452827,333.500000000,0.000000000,0.000000000
point-0005565,11162.015920349,297.473533639,214.295452827,333.500000000,0.000000000,0.000000000
point-0005566,11163.880856823,294.365306181,214.295452827,333.500000000,0.000000000,0.000000000
point-0005567,11164.473328153,295.149564990,213.695452827,333.500000000,0.000000000,0.000000000
point-0005568,11165.592290038,297.014501465,213.695452827,333.500000000,0.000000000,0.000000000
point-0005569,11166.045562355,296.555469291,213.095452827,333.500000000,0.000000000,0.000000000
point-0005570,11166.418549650,295.933823800,213.095452827,333.500000000,0.000000000,0.000000000
point-0005571,11193.897613816,261.328952296,243.095452827,333.500000000,0.000000000,0.000000000
point-0005572,11195.856612057,258.063955227,243.095452827,333.500000000,0.000000000,0.000000000
point-0005573,11196.309884679,258.522988237,243.695452827,333.500000000,0.000000000,0.000000000
point-0005574,11197.522907863,260.544693544,243.695452827,333.500000000,0.000000000,0.000000000
point-0005575,11198.115379166,259.760434792,244.295452827,333.500000000,0.000000000,0.000000000
point-0005576,11198.582427293,258.982021247,244.295452827,333.500000000,0.000000000,0.000000000
point-0005577,11200.171824409,257.194029524,242.435275112,334.100000000,0.000000000,0.000000000
point-0005578,11229.811609369,296.611695526,212.659912861,334.100000000,0.000000000,0.000000000
point-0005579,11231.851593393,298.661010988,215.372867907,334.100000000,0.000000000,0.000000000
point-0005580,11261.202646711,259.627328738,244.858180865,334.100000000,0.000000000,0.000000000
point-0005581,11261.491376885,259.243348928,245.148231317,334.100000000,0.000000000,0.000000000
point-0005582,11263.531362890,257.194029524,242.435275112,334.100000000,0.000000000,0.000000000
point-0005583,11263.965687707,257.830487690,242.780116491,334.100000000,0.000000000,0.000000000
point-0005584,11266.395766682,261.880619314,242.780116491,334.100000000,0.000000000,0.000000000
point-0005585,11266.993034617,261.086318457,243.380116491,334.100000000,0.000000000,0.000000000
point-0005586,11268.674595409,258.283717137,243.380116491,334.100000000,0.000000000,0.000000000
point-0005587,11269.125760673,258.736946585,243.980116491,334.100000000,0.000000000,0.000000000
point-0005588,11270.058803282,260.292017600,243.980116491,334.100000000,0.000000000,0.000000000
point-0005589,11270.656071217,259.497716743,244.580116491,334.100000000,0.000000000,0.000000000
point-0005590,11270.840595644,259.190176033,244.580116491,334.100000000,0.000000000,0.000000000
point-0005591,11272.440140406,258.029544681,242.180116491,334.100000000,0.000000000,0.000000000
point-0005592,11275.227365700,262.674920171,242.180116491,334.100000000,0.000000000,0.000000000
point-0005593,11275.824633635,263.469221028,241.580116491,334.100000000,0.000000000,0.000000000
point-0005594,11278.611858899,258.823845588,241.580116491,334.100000000,0.000000000,0.000000000
point-0005595,11279.209126858,259.618146494,240.980116491,334.100000000,0.000000000,0.000000000
point-0005596,11281.996352093,264.263521885,240.980116491,334.100000000,0.000000000,0.000000000
point-0005597,11282.593620028,265.057822742,240.380116491,334.100000000,0.000000000,0.000000000
point-0005598,11285.380845233,260.412447400,240.380116491,334.100000000,0.000000000,0.000000000
point-0005599,11285.978113192,261.206748306,239.780116491,334.100000000,0.000000000,0.000000000
point-0005600,11288.765338367,265.852123599,239.780116491,334.100000000,0.000000000,0.000000000
point-0005601,11289.362606302,266.646424456,239.180116491,334.100000000,0.000000000,0.000000000
point-0005602,11292.149831448,262.001049213,239.180116491,334.100000000,0.000000000,0.000000000
point-0005603,11292.747099407,262.795350119,238.580116491,334.100000000,0.000000000,0.000000000
point-0005604,11295.534324523,267.440725313,238.580116491,334.100000000,0.000000000,0.000000000
point-0005605,11296.131592459,268.235026170,237.980116491,334.100000000,0.000000000,0.000000000
point-0005606,11298.918817545,263.589651025,237.980116491,334.100000000,0.000000000,0.000000000
point-0005607,11299.516085504,264.383951931,237.380116491,334.100000000,0.000000000,0.000000000
point-0005608,11302.303310561,269.029327026,237.380116491,334.100000000,0.000000000,0.000000000
point-0005609,11302.900578496,269.823627883,236.780116491,334.100000000,0.000000000,0.000000000
point-0005610,11305.687803524,265.178252838,236.780116491,334.100000000,0.000000000,0.000000000
point-0005611,11306.285071483,265.972553744,236.180116491,334.100000000,0.000000000,0.000000000
point-0005612,11309.072296481,270.617928740,236.180116491,334.100000000,0.000000000,0.000000000
point-0005613,11309.669564416,271.412229597,235.580116491,334.100000000,0.000000000,0.000000000
point-0005614,11312.456789384,266.766854650,235.580116491,334.100000000,0.000000000,0.000000000
point-0005615,11313.054057343,267.561155556,234.980116491,334.100000000,0.000000000,0.000000000
point-0005616,11315.841282282,272.206530454,234.980116491,334.100000000,0.000000000,0.000000000
point-0005617,11316.438550217,273.000831311,234.380116491,334.100000000,0.000000000,0.000000000
point-0005618,11319.225775127,268.355456462,234.380116491,334.100000000,0.000000000,0.000000000
point-0005619,11319.823043085,269.149757369,233.780116491,334.100000000,0.000000000,0.000000000
point-0005620,11322.610267965,273.795132168,233.780116491,334.100000000,0.000000000,0.000000000
point-0005621,11323.207535900,274.589433025,233.180116491,334.100000000,0.000000000,0.000000000
point-0005622,11325.994760750,269.944058275,233.180116491,334.100000000,0.000000000,0.000000000
point-0005623,11326.592028709,270.738359181,232.580116491,334.100000000,0.000000000,0.000000000
point-0005624,11329.379253530,275.383733882,232.580116491,334.100000000,0.000000000,0.000000000
point-0005625,11329.976521465,276.178034739,231.980116491,334.100000000,0.000000000,0.000000000
point-0005626,11332.763746256,271.532660087,231.980116491,334.100000000,0.000000000,0.000000000
point-0005627,11333.361014215,272.326960994,231.380116491,334.100000000,0.000000000,0.000000000
point-0005628,11336.148238976,276.972335596,231.380116491,334.100000000,0.000000000,0.000000000
point-0005629,11336.745506912,277.766636453,230.780116491,334.100000000,0.000000000,0.000000000
point-0005630,11339.532731643,273.121261900,230.780116491,334.100000000,0.000000000,0.000000000
point-0005631,11340.129999602,273.915562806,230.180116491,334.100000000,0.000000000,0.000000000
point-0005632,11342.917224305,278.560937310,230.180116491,334.100000000,0.000000000,0.000000000
point-0005633,11343.514492240,279.355238167,229.580116491,334.100000000,0.000000000,0.000000000
point-0005634,11346.301716913,274.709863712,229.580116491,334.100000000,0.000000000,0.000000000
point-0005635,11346.898984871,275.504164619,228.980116491,334.100000000,0.000000000,0.000000000
point-0005636,11349.686209515,280.149539024,228.980116491,334.100000000,0.000000000,0.000000000
point-0005637,11350.283477450,280.943839881,228.380116491,334.100000000,0.000000000,0.000000000
point-0005638,11353.070702063,276.298465525,228.380116491,334.100000000,0.000000000,0.000000000
point-0005639,11353.667970022,277.092766431,227.780116491,334.100000000,0.000000000,0.000000000
point-0005640,11356.455194606,281.738140738,227.780116491,334.100000000,0.000000000,0.000000000
point-0005641,11357.052462542,282.532441595,227.180116491,334.100000000,0.000000000,0.000000000
point-0005642,11359.839687096,277.887067337,227.180116491,334.100000000,0.000000000,0.000000000
point-0005643,11360.436955055,278.681368243,226.580116491,334.100000000,0.000000000,0.000000000
point-0005644,11363.224179580,283.326742452,226.580116491,334.100000000,0.000000000,0.000000000
point-0005645,11363.821447515,284.121043308,225.980116491,334.100000000,0.000000000,0.000000000
point-0005646,11366.608672010,279.475669150,225.980116491,334.100000000,0.000000000,0.000000000
point-0005647,11367.205939969,280.269970056,225.380116491,334.100000000,0.000000000,0.000000000
point-0005648,11369.993164435,284.915344165,225.380116491,334.100000000,0.000000000,0.000000000
point-0005649,11370.590432370,285.709645022,224.780116491,334.100000000,0.000000000,0.000000000
point-0005650,11373.377656806,281.064270962,224.780116491,334.100000000,0.000000000,0.000000000
point-0005651,11373.974924765,281.858571868,224.180116491,334.100000000,0.000000000,0.000000000
point-0005652,11376.762149172,286.503945879,224.180116491,334.100000000,0.000000000,0.000000000
point-0005653,11377.359417107,287.298246736,223.580116491,334.100000000,0.000000000,0.000000000
point-0005654,11380.146641484,282.652872775,223.580116491,334.100000000,0.000000000,0.000000000
point-0005655,11380.743909443,283.447173681,222.980116491,334.100000000,0.000000000,0.000000000
point-0005656,11383.531133790,288.092547593,222.980116491,334.100000000,0.000000000,0.000000000
point-0005657,11384.128401725,288.886848450,222.380116491,334.100000000,0.000000000,0.000000000
point-0005658,11386.915626043,284.241474587,222.380116491,334.100000000,0.000000000,0.000000000
point-0005659,11387.512894002,285.035775493,221.780116491,334.100000000,0.000000000,0.000000000
point-0005660,11390.300118290,289.681149307,221.780116491,334.100000000,0.000000000,0.000000000
point-0005661,11390.897386226,290.475450164,221.180116491,334.100000000,0.000000000,0.000000000
point-0005662,11393.684610484,285.830076399,221.180116491,334.100000000,0.000000000,0.000000000
point-0005663,11394.281878443,286.624377306,220.580116491,334.100000000,0.000000000,0.000000000
point-0005664,11397.069102673,291.269751021,220.580116491,334.100000000,0.000000000,0.000000000
point-0005665,11397.666370608,292.064051878,219.980116491,334.100000000,0.000000000,0.000000000
point-0005666,11400.453594807,287.418678212,219.980116491,334.100000000,0.000000000,0.000000000
point-0005667,11401.050862766,288.212979118,219.380116491,334.100000000,0.000000000,0.000000000
point-0005668,11403.838086936,292.858352735,219.380116491,334.100000000,0.000000000,0.000000000
point-0005669,11404.435354872,293.652653592,218.780116491,334.100000000,0.000000000,0.000000000
point-0005670,11407.222579012,289.007280024,218.780116491,334.100000000,0.000000000,0.000000000
point-0005671,11407.819846971,289.801580931,218.180116491,334.100000000,0.000000000,0.000000000
point-0005672,11410.607071082,294.446954449,218.180116491,334.100000000,0.000000000,0.000000000
point-0005673,11411.204339017,295.241255306,217.580116491,334.100000000,0.000000000,0.000000000
point-0005674,11413.991563098,290.595881837,217.580116491,334.100000000,0.000000000,0.000000000
point-0005675,11414.588831057,291.390182743,216.980116491,334.100000000,0.000000000,0.000000000
point-0005676,11417.376055109,296.035556163,216.980116491,334.100000000,0.000000000,0.000000000
point-0005677,11417.973323044,296.829857020,216.380116491,334.100000000,0.000000000,0.000000000
point-0005678,11420.760547066,292.184483649,216.380116491,334.100000000,0.000000000,0.000000000
point-0005679,11421.357815025,292.978784556,215.780116491,334.100000000,0.000000000,0.000000000
point-0005680,11424.145039018,297.624157877,215.780116491,334.100000000,0.000000000,0.000000000
point-0005681,11424.619576045,298.139439327,215.180116491,334.100000000,0.000000000,0.000000000
point-0005682,11427.239388364,293.773085462,215.180116491,334.100000000,0.000000000,0.000000000
point-0005683,11427.836656323,294.567386368,214.580116491,334.100000000,0.000000000,0.000000000
point-0005684,11429.707950837,297.686210557,214.580116491,334.100000000,0.000000000,0.000000000
point-0005685,11430.159115855,297.232981788,213.980116491,334.100000000,0.000000000,0.000000000
point-0005686,11431.281892564,295.361687274,213.980116491,334.100000000,0.000000000,0.000000000
point-0005687,11431.879160522,296.155988180,213.380116491,334.100000000,0.000000000,0.000000000
point-0005688,11432.253419425,296.779753018,213.380116491,334.100000000,0.000000000,0.000000000
point-0005689,11461.711687995,257.239375039,242.478658380,334.700000000,0.000000000,0.000000000
point-0005690,11491.351486466,296.835340797,212.940779128,334.700000000,0.000000000,0.000000000
point-0005691,11493.391471405,298.868311233,215.666005818,334.700000000,0.000000000,0.000000000
point-0005692,11522.742536014,259.658068479,244.916146580,334.700000000,0.000000000,0.000000000
point-0005693,11523.031268704,259.272348740,245.203886181,334.700000000,0.000000000,0.000000000
point-0005694,11525.071255348,257.239375039,242.478658380,334.700000000,0.000000000,0.000000000
point-0005695,11525.386983847,257.765280046,242.460623151,334.700000000,0.000000000,0.000000000
point-0005696,11528.196620900,262.448008469,242.460623151,334.700000000,0.000000000,0.000000000
point-0005697,11528.798691123,263.252317270,241.860623151,334.700000000,0.000000000,0.000000000
point-0005698,11531.608328152,258.569588889,241.860623151,334.700000000,0.000000000,0.000000000
point-0005699,11532.210398394,259.373897732,241.260623151,334.700000000,0.000000000,0.000000000
point-0005700,11535.020035398,264.056626071,241.260623151,334.700000000,0.000000000,0.000000000
point-0005701,11535.622105621,264.860934873,240.660623151,334.700000000,0.000000000,0.000000000
point-0005702,11538.431742600,260.178206574,240.660623151,334.700000000,0.000000000,0.000000000
point-0005703,11539.033812843,260.982515417,240.060623151,334.700000000,0.000000000,0.000000000
point-0005704,11541.843449797,265.665243674,240.060623151,334.700000000,0.000000000,0.000000000
point-0005705,11542.445520020,266.469552475,239.460623151,334.700000000,0.000000000,0.000000000
point-0005706,11545.255156949,261.786824259,239.460623151,334.700000000,0.000000000,0.000000000
point-0005707,11545.857227192,262.591133102,238.860623151,334.700000000,0.000000000,0.000000000
point-0005708,11548.666864097,267.273861276,238.860623151,334.700000000,0.000000000,0.000000000
point-0005709,11549.268934320,268.078170078,238.260623151,334.700000000,0.000000000,0.000000000
point-0005710,11552.078571199,263.395441944,238.260623151,334.700000000,0.000000000,0.000000000
point-0005711,11552.680641442,264.199750787,237.660623151,334.700000000,0.000000000,0.000000000
point-0005712,11555.490278297,268.882478879,237.660623151,334.700000000,0.000000000,0.000000000
point-0005713,11556.092348520,269.686787680,237.060623151,334.700000000,0.000000000,0.000000000
point-0005714,11558.901985350,265.004059630,237.060623151,334.700000000,0.000000000,0.000000000
point-0005715,11559.504055593,265.808368472,236.460623151,334.700000000,0.000000000,0.000000000
point-0005716,11562.313692398,270.491096481,236.460623151,334.700000000,0.000000000,0.000000000
point-0005717,11562.915762621,271.295405283,235.860623151,334.700000000,0.000000000,0.000000000
point-0005718,11565.725399402,266.612677315,235.860623151,334.700000000,0.000000000,0.000000000
point-0005719,11566.327469645,267.416986157,235.260623151,334.700000000,0.000000000,0.000000000
point-0005720,11569.137106401,272.099714084,235.260623151,334.700000000,0.000000000,0.000000000
point-0005721,11569.739176623,272.904022885,234.660623151,334.700000000,0.000000000,0.000000000
point-0005722,11572.548813355,268.221295000,234.660623151,334.700000000,0.000000000,0.000000000
point-0005723,11573.150883597,269.025603843,234.060623151,334.700000000,0.000000000,0.000000000
point-0005724,11575.960520304,273.708331686,234.060623151,334.700000000,0.000000000,0.000000000
point-0005725,11576.562590526,274.512640488,233.460623151,334.700000000,0.000000000,0.000000000
point-0005726,11579.372227208,269.829912685,233.460623151,334.700000000,0.000000000,0.000000000
point-0005727,11579.974297451,270.634221528,232.860623151,334.700000000,0.000000000,0.000000000
point-0005728,11582.783934107,275.316949289,232.860623151,334.700000000,0.000000000,0.000000000
point-0005729,11583.386004330,276.121258090,232.260623151,334.700000000,0.000000000,0.000000000
point-0005730,11586.195640962,271.438530370,232.260623151,334.700000000,0.000000000,0.000000000
point-0005731,11586.797711205,272.242839213,231.660623151,334.700000000,0.000000000,0.000000000
point-0005732,11589.607347812,276.925566891,231.660623151,334.700000000,0.000000000,0.000000000
point-0005733,11590.209418035,277.729875693,231.060623151,334.700000000,0.000000000,0.000000000
point-0005734,11593.019054617,273.047148056,231.060623151,334.700000000,0.000000000,0.000000000
point-0005735,11593.621124860,273.851456898,230.460623151,334.700000000,0.000000000,0.000000000
point-0005736,11596.430761417,278.534184494,230.460623151,334.700000000,0.000000000,0.000000000
point-0005737,11597.032831640,279.338493295,229.860623151,334.700000000,0.000000000,0.000000000
point-0005738,11599.842468173,274.655765741,229.860623151,334.700000000,0.000000000,0.000000000
point-0005739,11600.444538415,275.460074583,229.260623151,334.700000000,0.000000000,0.000000000
point-0005740,11603.254174923,280.142802097,229.260623151,334.700000000,0.000000000,0.000000000
point-0005741,11603.856245146,280.947110898,228.660623151,334.700000000,0.000000000,0.000000000
point-0005742,11606.665881629,276.264383426,228.660623151,334.700000000,0.000000000,0.000000000
point-0005743,11607.267951872,277.068692268,228.060623151,334.700000000,0.000000000,0.000000000
point-0005744,11610.077588330,281.751419699,228.060623151,334.700000000,0.000000000,0.000000000
point-0005745,11610.679658553,282.555728500,227.460623151,334.700000000,0.000000000,0.000000000
point-0005746,11613.489294987,277.873001111,227.460623151,334.700000000,0.000000000,0.000000000
point-0005747,11614.091365230,278.677309954,226.860623151,334.700000000,0.000000000,0.000000000
point-0005748,11616.901001638,283.360037302,226.860623151,334.700000000,0.000000000,0.000000000
point-0005749,11617.503071861,284.164346103,226.260623151,334.700000000,0.000000000,0.000000000
point-0005750,11620.312708245,279.481618796,226.260623151,334.700000000,0.000000000,0.000000000
point-0005751,11620.914778488,280.285927639,225.660623151,334.700000000,0.000000000,0.000000000
point-0005752,11623.724414847,284.968654904,225.660623151,334.700000000,0.000000000,0.000000000
point-0005753,11624.326485070,285.772963705,225.060623151,334.700000000,0.000000000,0.000000000
point-0005754,11627.136121404,281.090236481,225.060623151,334.700000000,0.000000000,0.000000000
point-0005755,11627.738191647,281.894545324,224.460623151,334.700000000,0.000000000,0.000000000
point-0005756,11630.547827956,286.577272507,224.460623151,334.700000000,0.000000000,0.000000000
point-0005757,11631.149898179,287.381581308,223.860623151,334.700000000,0.000000000,0.000000000
point-0005758,11633.959534464,282.698854167,223.860623151,334.700000000,0.000000000,0.000000000
point-0005759,11634.561604707,283.503163009,223.260623151,334.700000000,0.000000000,0.000000000
point-0005760,11637.371240967,288.185890109,223.260623151,334.700000000,0.000000000,0.000000000
point-0005761,11637.973311190,288.990198910,222.660623151,334.700000000,0.000000000,0.000000000
point-0005762,11640.782947425,284.307471852,222.660623151,334.700000000,0.000000000,0.000000000
point-0005763,11641.385017667,285.111780694,222.060623151,334.700000000,0.000000000,0.000000000
point-0005764,11644.194653878,289.794507712,222.060623151,334.700000000,0.000000000,0.000000000
point-0005765,11644.796724101,290.598816513,221.460623151,334.700000000,0.000000000,0.000000000
point-0005766,11647.606360286,285.916089537,221.460623151,334.700000000,0.000000000,0.000000000
point-0005767,11648.208430529,286.720398380,220.860623151,334.700000000,0.000000000,0.000000000
point-0005768,11651.018066690,291.403125314,220.860623151,334.700000000,0.000000000,0.000000000
point-0005769,11651.620136913,292.207434115,220.260623151,334.700000000,0.000000000,0.000000000
point-0005770,11654.429773049,287.524707222,220.260623151,334.700000000,0.000000000,0.000000000
point-0005771,11655.031843291,288.329016065,219.660623151,334.700000000,0.000000000,0.000000000
point-0005772,11657.841479403,293.011742917,219.660623151,334.700000000,0.000000000,0.000000000
point-0005773,11658.443549625,293.816051718,219.060623151,334.700000000,0.000000000,0.000000000
point-0005774,11661.253185712,289.133324907,219.060623151,334.700000000,0.000000000,0.000000000
point-0005775,11661.855255954,289.937633750,218.460623151,334.700000000,0.000000000,0.000000000
point-0005776,11664.664892016,294.620360519,218.460623151,334.700000000,0.000000000,0.000000000
point-0005777,11665.266962239,295.424669321,217.860623151,334.700000000,0.000000000,0.000000000
point-0005778,11668.076598276,290.741942592,217.860623151,334.700000000,0.000000000,0.000000000
point-0005779,11668.678668518,291.546251435,217.260623151,334.700000000,0.000000000,0.000000000
point-0005780,11671.488304531,296.228978122,217.260623151,334.700000000,0.000000000,0.000000000
point-0005781,11672.090374753,297.033286923,216.660623151,334.700000000,0.000000000,0.000000000
point-0005782,11674.900010741,292.350560278,216.660623151,334.700000000,0.000000000,0.000000000
point-0005783,11675.502080983,293.154869120,216.060623151,334.700000000,0.000000000,0.000000000
point-0005784,11678.311716946,297.837595724,216.060623151,334.700000000,0.000000000,0.000000000
point-0005785,11678.781573297,298.340821404,215.460623151,334.700000000,0.000000000,0.000000000
point-0005786,11681.410559361,293.959177963,215.460623151,334.700000000,0.000000000,0.000000000
point-0005787,11682.012629604,294.763486805,214.860623151,334.700000000,0.000000000,0.000000000
point-0005788,11683.890476793,297.893232120,214.860623151,334.700000000,0.000000000,0.000000000
point-0005789,11684.339610426,297.445642837,214.260623151,334.700000000,0.000000000,0.000000000
point-0005790,11685.466318739,295.567795648,214.260623151,334.700000000,0.000000000,0.000000000
point-0005791,11686.068388982,296.372104491,213.660623151,334.700000000,0.000000000,0.000000000
point-0005792,11686.443958419,296.998053554,213.660623151,334.700000000,0.000000000,0.000000000
point-0005793,11714.032806201,261.643699667,243.060623151,334.700000000,0.000000000,0.000000000
point-0005794,11716.190352559,258.047789071,243.060623151,334.700000000,0.000000000,0.000000000
point-0005795,11716.639486384,258.495378891,243.660623151,334.700000000,0.000000000,0.000000000
point-0005796,11718.045893569,260.839390866,243.660623151,334.700000000,0.000000000,0.000000000
point-0005797,11718.647963792,260.035082065,244.260623151,334.700000000,0.000000000,0.000000000
point-0005798,11719.303231805,258.942968711,244.260623151,334.700000000,0.000000000,0.000000000
point-0005799,11720.789782921,257.283558116,242.521432285,335.300000000,0.000000000,0.000000000
point-0005800,11750.429604766,297.052869653,213.217293945,335.300000000,0.000000000,0.000000000
point-0005801,11752.469591381,299.069752697,215.954451428,335.300000000,0.000000000,0.000000000
point-0005802,11781.820676642,259.687855737,244.973125257,335.300000000,0.000000000,0.000000000
point-0005803,11782.109412325,259.300443745,245.258590743,335.300000000,0.000000000,0.000000000
point-0005804,11784.149400330,257.283558116,242.521432285,335.300000000,0.000000000,0.000000000
point-0005805,11784.493379730,257.814878208,242.736770861,335.300000000,0.000000000,0.000000000
point-0005806,11787.134733854,262.217135081,242.736770861,335.300000000,0.000000000,0.000000000
point-0005807,11787.741606907,263.031408620,242.136770861,335.300000000,0.000000000,0.000000000
point-0005808,11790.573659462,258.311321029,242.136770861,335.300000000,0.000000000,0.000000000
point-0005809,11791.180532530,259.125594599,241.536770861,335.300000000,0.000000000,0.000000000
point-0005810,11794.012585066,263.845682160,241.536770861,335.300000000,0.000000000,0.000000000
point-0005811,11794.619458120,264.659955700,240.936770861,335.300000000,0.000000000,0.000000000
point-0005812,11797.451510638,259.939868170,240.936770861,335.300000000,0.000000000,0.000000000
point-0005813,11798.058383706,260.754141740,240.336770861,335.300000000,0.000000000,0.000000000
point-0005814,11800.890436206,265.474229239,240.336770861,335.300000000,0.000000000,0.000000000
point-0005815,11801.497309259,266.288502779,239.736770861,335.300000000,0.000000000,0.000000000
point-0005816,11804.329361741,261.568415310,239.736770861,335.300000000,0.000000000,0.000000000
point-0005817,11804.936234809,262.382688880,239.136770861,335.300000000,0.000000000,0.000000000
point-0005818,11807.768287272,267.102776318,239.136770861,335.300000000,0.000000000,0.000000000
point-0005819,11808.375160325,267.917049858,238.536770861,335.300000000,0.000000000,0.000000000
point-0005820,11811.207212770,263.196962450,238.536770861,335.300000000,0.000000000,0.000000000
point-0005821,11811.814085838,264.011236020,237.936770861,335.300000000,0.000000000,0.000000000
point-0005822,11814.646138265,268.731323398,237.936770861,335.300000000,0.000000000,0.000000000
point-0005823,11815.253011318,269.545596937,237.336770861,335.300000000,0.000000000,0.000000000
point-0005824,11818.085063726,264.825509590,237.336770861,335.300000000,0.000000000,0.000000000
point-0005825,11818.691936795,265.639783160,236.736770861,335.300000000,0.000000000,0.000000000
point-0005826,11821.523989185,270.359870477,236.736770861,335.300000000,0.000000000,0.000000000
point-0005827,11822.130862238,271.174144016,236.136770861,335.300000000,0.000000000,0.000000000
point-0005828,11824.962914610,266.454056730,236.136770861,335.300000000,0.000000000,0.000000000
point-0005829,11825.569787678,267.268330300,235.536770861,335.300000000,0.000000000,0.000000000
point-0005830,11828.401840031,271.988417556,235.536770861,335.300000000,0.000000000,0.000000000
point-0005831,11829.008713085,272.802691096,234.936770861,335.300000000,0.000000000,0.000000000
point-0005832,11831.840765420,268.082603871,234.936770861,335.300000000,0.000000000,0.000000000
point-0005833,11832.447638488,268.896877441,234.336770861,335.300000000,0.000000000,0.000000000
point-0005834,11835.279690804,273.616964635,234.336770861,335.300000000,0.000000000,0.000000000
point-0005835,11835.886563858,274.431238175,233.736770861,335.300000000,0.000000000,0.000000000
point-0005836,11838.718616156,269.711151011,233.736770861,335.300000000,0.000000000,0.000000000
point-0005837,11839.325489225,270.525424581,233.136770861,335.300000000,0.000000000,0.000000000
point-0005838,11842.157541505,275.245511714,233.136770861,335.300000000,0.000000000,0.000000000
point-0005839,11842.764414558,276.059785254,232.536770861,335.300000000,0.000000000,0.000000000
point-0005840,11845.596466820,271.339698151,232.536770861,335.300000000,0.000000000,0.000000000
point-0005841,11846.203339888,272.153971721,231.936770861,335.300000000,0.000000000,0.000000000
point-0005842,11849.035392132,276.874058794,231.936770861,335.300000000,0.000000000,0.000000000
point-0005843,11849.642265185,277.688332333,231.336770861,335.300000000,0.000000000,0.000000000
point-0005844,11852.474317410,272.968245291,231.336770861,335.300000000,0.000000000,0.000000000
point-0005845,11853.081190478,273.782518861,230.736770861,335.300000000,0.000000000,0.000000000
point-0005846,11855.913242685,278.502605873,230.736770861,335.300000000,0.000000000,0.000000000
point-0005847,11856.520115739,279.316879412,230.136770861,335.300000000,0.000000000,0.000000000
point-0005848,11859.352167927,274.596792431,230.136770861,335.300000000,0.000000000,0.000000000
point-0005849,11859.959040996,275.411066001,229.536770861,335.300000000,0.000000000,0.000000000
point-0005850,11862.791093166,280.131152952,229.536770861,335.300000000,0.000000000,0.000000000
point-0005851,11863.397966219,280.945426492,228.936770861,335.300000000,0.000000000,0.000000000
point-0005852,11866.230018371,276.225339572,228.936770861,335.300000000,0.000000000,0.000000000
point-0005853,11866.836891439,277.039613142,228.336770861,335.300000000,0.000000000,0.000000000
point-0005854,11869.668943573,281.759700031,228.336770861,335.300000000,0.000000000,0.000000000
point-0005855,11870.275816627,282.573973571,227.736770861,335.300000000,0.000000000,0.000000000
point-0005856,11873.107868742,277.853886712,227.736770861,335.300000000,0.000000000,0.000000000
point-0005857,11873.714741810,278.668160282,227.136770861,335.300000000,0.000000000,0.000000000
point-0005858,11876.546793907,283.388247110,227.136770861,335.300000000,0.000000000,0.000000000
point-0005859,11877.153666961,284.202520650,226.536770861,335.300000000,0.000000000,0.000000000
point-0005860,11879.985719039,279.482433852,226.536770861,335.300000000,0.000000000,0.000000000
point-0005861,11880.592592108,280.296707422,225.936770861,335.300000000,0.000000000,0.000000000
point-0005862,11883.424644168,285.016794190,225.936770861,335.300000000,0.000000000,0.000000000
point-0005863,11884.031517222,285.831067729,225.336770861,335.300000000,0.000000000,0.000000000
point-0005864,11886.863569264,281.110980992,225.336770861,335.300000000,0.000000000,0.000000000
point-0005865,11887.470442332,281.925254562,224.736770861,335.300000000,0.000000000,0.000000000
point-0005866,11890.302494356,286.645341269,224.736770861,335.300000000,0.000000000,0.000000000
point-0005867,11890.909367409,287.459614808,224.136770861,335.300000000,0.000000000,0.000000000
point-0005868,11893.741419415,282.739528132,224.136770861,335.300000000,0.000000000,0.000000000
point-0005869,11894.348292483,283.553801702,223.536770861,335.300000000,0.000000000,0.000000000
point-0005870,11897.180344470,288.273888348,223.536770861,335.300000000,0.000000000,0.000000000
point-0005871,11897.787217524,289.088161888,222.936770861,335.300000000,0.000000000,0.000000000
point-0005872,11900.619269493,284.368075273,222.936770861,335.300000000,0.000000000,0.000000000
point-0005873,11901.226142561,285.182348843,222.336770861,335.300000000,0.000000000,0.000000000
point-0005874,11904.058194512,289.902435427,222.336770861,335.300000000,0.000000000,0.000000000
point-0005875,11904.665067565,290.716708967,221.736770861,335.300000000,0.000000000,0.000000000
point-0005876,11907.497119497,285.996622413,221.736770861,335.300000000,0.000000000,0.000000000
point-0005877,11908.103992566,286.810895983,221.136770861,335.300000000,0.000000000,0.000000000
point-0005878,11910.936044480,291.530982506,221.136770861,335.300000000,0.000000000,0.000000000
point-0005879,11911.542917533,292.345256046,220.536770861,335.300000000,0.000000000,0.000000000
point-0005880,11914.374969429,287.625169553,220.536770861,335.300000000,0.000000000,0.000000000
point-0005881,11914.981842497,288.439443123,219.936770861,335.300000000,0.000000000,0.000000000
point-0005882,11917.813894375,293.159529585,219.936770861,335.300000000,0.000000000,0.000000000
point-0005883,11918.420767428,293.973803125,219.336770861,335.300000000,0.000000000,0.000000000
point-0005884,11921.252819287,289.253716693,219.336770861,335.300000000,0.000000000,0.000000000
point-0005885,11921.859692355,290.067990263,218.736770861,335.300000000,0.000000000,0.000000000
point-0005886,11924.691744196,294.788076665,218.736770861,335.300000000,0.000000000,0.000000000
point-0005887,11925.298617250,295.602350204,218.136770861,335.300000000,0.000000000,0.000000000
point-0005888,11928.130669072,290.882263833,218.136770861,335.300000000,0.000000000,0.000000000
point-0005889,11928.737542140,291.696537403,217.536770861,335.300000000,0.000000000,0.000000000
point-0005890,11931.569593945,296.416623744,217.536770861,335.300000000,0.000000000,0.000000000
point-0005891,11932.176466998,297.230897283,216.936770861,335.300000000,0.000000000,0.000000000
point-0005892,11935.008518784,292.510810974,216.936770861,335.300000000,0.000000000,0.000000000
point-0005893,11935.615391852,293.325084544,216.336770861,335.300000000,0.000000000,0.000000000
point-0005894,11938.447443620,298.045170823,216.336770861,335.300000000,0.000000000,0.000000000
point-0005895,11938.912823973,298.536707171,215.736770861,335.300000000,0.000000000,0.000000000
point-0005896,11941.551233407,294.139358114,215.736770861,335.300000000,0.000000000,0.000000000
point-0005897,11942.158106476,294.953631684,215.136770861,335.300000000,0.000000000,0.000000000
point-0005898,11944.042684643,298.094595296,215.136770861,335.300000000,0.000000000,0.000000000
point-0005899,11944.489860948,297.652483421,214.536770861,335.300000000,0.000000000,0.000000000
point-0005900,11945.620607848,295.767905254,214.536770861,335.300000000,0.000000000,0.000000000
point-0005901,11946.227480916,296.582178824,213.936770861,335.300000000,0.000000000,0.000000000
point-0005902,11946.604396550,297.210371547,213.936770861,335.300000000,0.000000000,0.000000000
point-0005903,11974.402842517,261.402861541,243.336770861,335.300000000,0.000000000,0.000000000
point-0005904,11976.290365147,258.256990492,243.336770861,335.300000000,0.000000000,0.000000000
point-0005905,11976.737541597,258.699102776,243.936770861,335.300000000,0.000000000,0.000000000
point-0005906,11977.871232733,260.588588002,243.936770861,335.300000000,0.000000000,0.000000000
point-0005907,11978.478105786,259.774314462,244.536770861,335.300000000,0.000000000,0.000000000
point-0005908,11978.857965427,259.141215060,244.536770861,335.300000000,0.000000000,0.000000000
point-0005909,11980.506216469,257.326574298,242.563561474,335.900000000,0.000000000,0.000000000
point-0005910,12010.146070037,297.264282675,213.489254307,335.900000000,0.000000000,0.000000000
point-0005911,12012.186058981,299.265347495,216.238002073,335.900000000,0.000000000,0.000000000
point-0005912,12041.825911893,259.327640997,245.312309965,335.900000000,0.000000000,0.000000000
point-0005913,12043.865901852,257.326574298,242.563561474,335.900000000,0.000000000,0.000000000
point-0005914,12044.309538849,258.049496661,242.408357689,335.900000000,0.000000000,0.000000000
point-0005915,12047.163985386,262.806907557,242.408357689,335.900000000,0.000000000,0.000000000
point-0005916,12047.775656413,261.982722026,243.008357689,335.900000000,0.000000000,0.000000000
point-0005917,12050.152414534,258.021458490,243.008357689,335.900000000,0.000000000,0.000000000
point-0005918,12050.597705902,258.458253644,243.608357689,335.900000000,0.000000000,0.000000000
point-0005919,12052.217875613,261.158536495,243.608357689,335.900000000,0.000000000,0.000000000
point-0005920,12052.829546639,260.334350963,244.208357689,335.900000000,0.000000000,0.000000000
point-0005921,12053.693127938,258.895048798,244.208357689,335.900000000,0.000000000,0.000000000
point-0005922,12054.138419306,259.331843951,244.808357689,335.900000000,0.000000000,0.000000000
point-0005923,12054.245412194,259.510165432,244.808357689,335.900000000,0.000000000,0.000000000
point-0005924,12056.085477389,258.873682212,241.808357689,335.900000000,0.000000000,0.000000000
point-0005925,12058.939923915,263.631093089,241.808357689,335.900000000,0.000000000,0.000000000
point-0005926,12059.551594942,264.455278620,241.208357689,335.900000000,0.000000000,0.000000000
point-0005927,12062.406041457,259.697867762,241.208357689,335.900000000,0.000000000,0.000000000
point-0005928,12063.017712492,260.522053312,240.608357689,335.900000000,0.000000000,0.000000000
point-0005929,12065.872158996,265.279464151,240.608357689,335.900000000,0.000000000,0.000000000
point-0005930,12066.483830022,266.103649683,240.008357689,335.900000000,0.000000000,0.000000000
point-0005931,12069.338276515,261.346238862,240.008357689,335.900000000,0.000000000,0.000000000
point-0005932,12069.949947550,262.170424412,239.408357689,335.900000000,0.000000000,0.000000000
point-0005933,12072.804394031,266.927835214,239.408357689,335.900000000,0.000000000,0.000000000
point-0005934,12073.416065057,267.752020745,238.808357689,335.900000000,0.000000000,0.000000000
point-0005935,12076.270511527,262.994609962,238.808357689,335.900000000,0.000000000,0.000000000
point-0005936,12076.882182563,263.818795512,238.208357689,335.900000000,0.000000000,0.000000000
point-0005937,12079.736629022,268.576206277,238.208357689,335.900000000,0.000000000,0.000000000
point-0005938,12080.348300048,269.400391808,237.608357689,335.900000000,0.000000000,0.000000000
point-0005939,12083.202746495,264.642981062,237.608357689,335.900000000,0.000000000,0.000000000
point-0005940,12083.814417531,265.467166613,237.008357689,335.900000000,0.000000000,0.000000000
point-0005941,12086.668863967,270.224577340,237.008357689,335.900000000,0.000000000,0.000000000
point-0005942,12087.280534993,271.048762871,236.408357689,335.900000000,0.000000000,0.000000000
point-0005943,12090.134981418,266.291352163,236.408357689,335.900000000,0.000000000,0.000000000
point-0005944,12090.746652454,267.115537713,235.808357689,335.900000000,0.000000000,0.000000000
point-0005945,12093.601098867,271.872948402,235.808357689,335.900000000,0.000000000,0.000000000
point-0005946,12094.212769894,272.697133934,235.208357689,335.900000000,0.000000000,0.000000000
point-0005947,12097.067216296,267.939723263,235.208357689,335.900000000,0.000000000,0.000000000
point-0005948,12097.678887332,268.763908813,234.608357689,335.900000000,0.000000000,0.000000000
point-0005949,12100.533333723,273.521319465,234.608357689,335.900000000,0.000000000,0.000000000
point-0005950,12101.145004749,274.345504996,234.008357689,335.900000000,0.000000000,0.000000000
point-0005951,12103.999451129,269.588094363,234.008357689,335.900000000,0.000000000,0.000000000
point-0005952,12104.611122164,270.412279913,233.408357689,335.900000000,0.000000000,0.000000000
point-0005953,12107.465568533,275.169690528,233.408357689,335.900000000,0.000000000,0.000000000
point-0005954,12108.077239559,275.993876059,232.808357689,335.900000000,0.000000000,0.000000000
point-0005955,12110.931685917,271.236465463,232.808357689,335.900000000,0.000000000,0.000000000
point-0005956,12111.543356952,272.060651014,232.208357689,335.900000000,0.000000000,0.000000000
point-0005957,12114.397803298,276.818061591,232.208357689,335.900000000,0.000000000,0.000000000
point-0005958,12115.009474325,277.642247122,231.608357689,335.900000000,0.000000000,0.000000000
point-0005959,12117.863920660,272.884836564,231.608357689,335.900000000,0.000000000,0.000000000
point-0005960,12118.475591695,273.709022114,231.008357689,335.900000000,0.000000000,0.000000000
point-0005961,12121.330038019,278.466432653,231.008357689,335.900000000,0.000000000,0.000000000
point-0005962,12121.941709045,279.290618185,230.408357689,335.900000000,0.000000000,0.000000000
point-0005963,12124.796155358,274.533207664,230.408357689,335.900000000,0.000000000,0.000000000
point-0005964,12125.407826393,275.357393214,229.808357689,335.900000000,0.000000000,0.000000000
point-0005965,12128.262272694,280.114803716,229.808357689,335.900000000,0.000000000,0.000000000
point-0005966,12128.873943720,280.938989247,229.208357689,335.900000000,0.000000000,0.000000000
point-0005967,12131.728390010,276.181578764,229.208357689,335.900000000,0.000000000,0.000000000
point-0005968,12132.340061046,277.005764314,228.608357689,335.900000000,0.000000000,0.000000000
point-0005969,12135.194507324,281.763174779,228.608357689,335.900000000,0.000000000,0.000000000
point-0005970,12135.806178351,282.587360310,228.008357689,335.900000000,0.000000000,0.000000000
point-0005971,12138.660624618,277.829949864,228.008357689,335.900000000,0.000000000,0.000000000
point-0005972,12139.272295653,278.654135415,227.408357689,335.900000000,0.000000000,0.000000000
point-0005973,12142.126741910,283.411545841,227.408357689,335.900000000,0.000000000,0.000000000
point-0005974,12142.738412936,284.235731373,226.808357689,335.900000000,0.000000000,0.000000000
point-0005975,12145.592859181,279.478320965,226.808357689,335.900000000,0.000000000,0.000000000
point-0005976,12146.204530216,280.302506515,226.208357689,335.900000000,0.000000000,0.000000000
point-0005977,12149.058976450,285.059916904,226.208357689,335.900000000,0.000000000,0.000000000
point-0005978,12149.670647476,285.884102436,225.608357689,335.900000000,0.000000000,0.000000000
point-0005979,12152.525093698,281.126692065,225.608357689,335.900000000,0.000000000,0.000000000
point-0005980,12153.136764734,281.950877615,225.008357689,335.900000000,0.000000000,0.000000000
point-0005981,12155.991210945,286.708287967,225.008357689,335.900000000,0.000000000,0.000000000
point-0005982,12156.602881971,287.532473498,224.408357689,335.900000000,0.000000000,0.000000000
point-0005983,12159.457328171,282.775063165,224.408357689,335.900000000,0.000000000,0.000000000
point-0005984,12160.068999207,283.599248715,223.808357689,335.900000000,0.000000000,0.000000000
point-0005985,12162.923445395,288.356659030,223.808357689,335.900000000,0.000000000,0.000000000
point-0005986,12163.535116422,289.180844561,223.208357689,335.900000000,0.000000000,0.000000000
point-0005987,12166.389562599,284.423434265,223.208357689,335.900000000,0.000000000,0.000000000
point-0005988,12167.001233634,285.247619816,222.608357689,335.900000000,0.000000000,0.000000000
point-0005989,12169.855679800,290.005030092,222.608357689,335.900000000,0.000000000,0.000000000
point-0005990,12170.467350827,290.829215624,222.008357689,335.900000000,0.000000000,0.000000000
point-0005991,12173.321796982,286.071805366,222.008357689,335.900000000,0.000000000,0.000000000
point-0005992,12173.933468017,286.895990916,221.408357689,335.900000000,0.000000000,0.000000000
point-0005993,12176.787914161,291.653401155,221.408357689,335.900000000,0.000000000,0.000000000
point-0005994,12177.399585187,292.477586686,220.808357689,335.900000000,0.000000000,0.000000000
point-0005995,12180.254031319,287.720176466,220.808357689,335.900000000,0.000000000,0.000000000
point-0005996,12180.865702355,288.544362016,220.208357689,335.900000000,0.000000000,0.000000000
point-0005997,12183.720148476,293.301772218,220.208357689,335.900000000,0.000000000,0.000000000
point-0005998,12184.331819502,294.125957749,219.608357689,335.900000000,0.000000000,0.000000000
point-0005999,12187.186265612,289.368547566,219.608357689,335.900000000,0.000000000,0.000000000
point-0006000,12187.797936647,290.192733116,219.008357689,335.900000000,0.000000000,0.000000000
point-0006001,12190.652382746,294.950143281,219.008357689,335.900000000,0.000000000,0.000000000
point-0006002,12191.264053772,295.774328812,218.408357689,335.900000000,0.000000000,0.000000000
point-0006003,12194.118499859,291.016918666,218.408357689,335.900000000,0.000000000,0.000000000
point-0006004,12194.730170895,291.841104217,217.808357689,335.900000000,0.000000000,0.000000000
point-0006005,12197.584616971,296.598514343,217.808357689,335.900000000,0.000000000,0.000000000
point-0006006,12198.196287997,297.422699875,217.208357689,335.900000000,0.000000000,0.000000000
point-0006007,12201.050734062,292.665289767,217.208357689,335.900000000,0.000000000,0.000000000
point-0006008,12201.662405097,293.489475317,216.608357689,335.900000000,0.000000000,0.000000000
point-0006009,12204.516851151,298.246885406,216.608357689,335.900000000,0.000000000,0.000000000
point-0006010,12204.977953653,298.727092298,216.008357689,335.900000000,0.000000000,0.000000000
point-0006011,12207.626012511,294.313660867,216.008357689,335.900000000,0.000000000,0.000000000
point-0006012,12208.237683547,295.137846417,215.408357689,335.900000000,0.000000000,0.000000000
point-0006013,12210.129154160,298.290297439,215.408357689,335.900000000,0.000000000,0.000000000
point-0006014,12210.574445424,297.853502580,214.808357689,335.900000000,0.000000000,0.000000000
point-0006015,12211.709327792,295.962031967,214.808357689,335.900000000,0.000000000,0.000000000
point-0006016,12212.320998827,296.786217517,214.208357689,335.900000000,0.000000000,0.000000000
point-0006017,12212.699292950,297.416707722,214.208357689,335.900000000,0.000000000,0.000000000
point-0006018,12242.157981201,257.368419135,242.605010601,336.500000000,0.000000000,0.000000000
point-0006019,12271.797872924,297.469580440,213.756457217,336.500000000,0.000000000,0.000000000
point-0006020,12273.837864711,299.455107735,216.516455093,336.500000000,0.000000000,0.000000000
point-0006021,12303.477755999,259.353947696,245.365008998,336.500000000,0.000000000,0.000000000
point-0006022,12305.517748483,257.368419135,242.605010601,336.500000000,0.000000000,0.000000000
point-0006023,12305.773267924,257.788463940,242.675181712,336.500000000,0.000000000,0.000000000
point-0006024,12308.647738342,262.579247970,242.675181712,336.500000000,0.000000000,0.000000000
point-0006025,12309.264196790,261.745213234,243.275181712,336.500000000,0.000000000,0.000000000
point-0006026,12311.379264230,258.220100834,243.275181712,336.500000000,0.000000000,0.000000000
point-0006027,12311.822741115,258.651737729,243.875181712,336.500000000,0.000000000,0.000000000
point-0006028,12313.178405577,260.911178499,243.875181712,336.500000000,0.000000000,0.000000000
point-0006029,12313.794864025,260.077143764,244.475181712,336.500000000,0.000000000,0.000000000
point-0006030,12314.391125509,259.083374623,244.475181712,336.500000000,0.000000000,0.000000000
point-0006031,12315.857875646,258.618628688,242.075181712,336.500000000,0.000000000,0.000000000
point-0006032,12318.734668056,263.413282705,242.075181712,336.500000000,0.000000000,0.000000000
point-0006033,12319.351126504,264.247317441,241.475181712,336.500000000,0.000000000,0.000000000
point-0006034,12322.227918906,259.452663437,241.475181712,336.500000000,0.000000000,0.000000000
point-0006035,12322.844377361,260.286698186,240.875181712,336.500000000,0.000000000,0.000000000
point-0006036,12325.721169755,265.081352176,240.875181712,336.500000000,0.000000000,0.000000000
point-0006037,12326.337628203,265.915386912,240.275181712,336.500000000,0.000000000,0.000000000
point-0006038,12329.214420589,261.120732936,240.275181712,336.500000000,0.000000000,0.000000000
point-0006039,12329.830879044,261.954767685,239.675181712,336.500000000,0.000000000,0.000000000
point-0006040,12332.707671421,266.749421647,239.675181712,336.500000000,0.000000000,0.000000000
point-0006041,12333.324129869,267.583456382,239.075181712,336.500000000,0.000000000,0.000000000
point-0006042,12336.200922239,262.788802434,239.075181712,336.500000000,0.000000000,0.000000000
point-0006043,12336.817380694,263.622837183,238.475181712,336.500000000,0.000000000,0.000000000
point-0006044,12339.694173054,268.417491118,238.475181712,336.500000000,0.000000000,0.000000000
point-0006045,12340.310631503,269.251525853,237.875181712,336.500000000,0.000000000,0.000000000
point-0006046,12343.187423855,264.456871932,237.875181712,336.500000000,0.000000000,0.000000000
point-0006047,12343.803882310,265.290906682,237.275181712,336.500000000,0.000000000,0.000000000
point-0006048,12346.680674654,270.085560589,237.275181712,336.500000000,0.000000000,0.000000000
point-0006049,12347.297133103,270.919595324,236.675181712,336.500000000,0.000000000,0.000000000
point-0006050,12350.173925439,266.124941431,236.675181712,336.500000000,0.000000000,0.000000000
point-0006051,12350.790383894,266.958976180,236.075181712,336.500000000,0.000000000,0.000000000
point-0006052,12353.667176222,271.753630060,236.075181712,336.500000000,0.000000000,0.000000000
point-0006053,12354.283634670,272.587664795,235.475181712,336.500000000,0.000000000,0.000000000
point-0006054,12357.160426989,267.793010929,235.475181712,336.500000000,0.000000000,0.000000000
point-0006055,12357.776885444,268.627045678,234.875181712,336.500000000,0.000000000,0.000000000
point-0006056,12360.653677756,273.421699531,234.875181712,336.500000000,0.000000000,0.000000000
point-0006057,12361.270136204,274.255734266,234.275181712,336.500000000,0.000000000,0.000000000
point-0006058,12364.146928507,269.461080428,234.275181712,336.500000000,0.000000000,0.000000000
point-0006059,12364.763386962,270.295115177,233.675181712,336.500000000,0.000000000,0.000000000
point-0006060,12367.640179257,275.089769001,233.675181712,336.500000000,0.000000000,0.000000000
point-0006061,12368.256637705,275.923803737,233.075181712,336.500000000,0.000000000,0.000000000
point-0006062,12371.133429991,271.129149926,233.075181712,336.500000000,0.000000000,0.000000000
point-0006063,12371.749888446,271.963184675,232.475181712,336.500000000,0.000000000,0.000000000
point-0006064,12374.626680725,276.757838472,232.475181712,336.500000000,0.000000000,0.000000000
point-0006065,12375.243139173,277.591873208,231.875181712,336.500000000,0.000000000,0.000000000
point-0006066,12378.119931443,272.797219424,231.875181712,336.500000000,0.000000000,0.000000000
point-0006067,12378.736389898,273.631254174,231.275181712,336.500000000,0.000000000,0.000000000
point-0006068,12381.613182160,278.425907943,231.275181712,336.500000000,0.000000000,0.000000000
point-0006069,12382.229640608,279.259942679,230.675181712,336.500000000,0.000000000,0.000000000
point-0006070,12385.106432861,274.465288923,230.675181712,336.500000000,0.000000000,0.000000000
point-0006071,12385.722891316,275.299323672,230.075181712,336.500000000,0.000000000,0.000000000
point-0006072,12388.599683562,280.093977414,230.075181712,336.500000000,0.000000000,0.000000000
point-0006073,12389.216142010,280.928012150,229.475181712,336.500000000,0.000000000,0.000000000
point-0006074,12392.092934247,276.133358421,229.475181712,336.500000000,0.000000000,0.000000000
point-0006075,12392.709392702,276.967393170,228.875181712,336.500000000,0.000000000,0.000000000
point-0006076,12395.586184930,281.762046885,228.875181712,336.500000000,0.000000000,0.000000000
point-0006077,12396.202643379,282.596081620,228.275181712,336.500000000,0.000000000,0.000000000
point-0006078,12399.079435599,277.801427920,228.275181712,336.500000000,0.000000000,0.000000000
point-0006079,12399.695894054,278.635462669,227.675181712,336.500000000,0.000000000,0.000000000
point-0006080,12402.572686266,283.430116356,227.675181712,336.500000000,0.000000000,0.000000000
point-0006081,12403.189144715,284.264151091,227.075181712,336.500000000,0.000000000,0.000000000
point-0006082,12406.065936919,279.469497418,227.075181712,336.500000000,0.000000000,0.000000000
point-0006083,12406.682395373,280.303532167,226.475181712,336.500000000,0.000000000,0.000000000
point-0006084,12409.559187569,285.098185827,226.475181712,336.500000000,0.000000000,0.000000000
point-0006085,12410.175646017,285.932220562,225.875181712,336.500000000,0.000000000,0.000000000
point-0006086,12413.052438205,281.137566916,225.875181712,336.500000000,0.000000000,0.000000000
point-0006087,12413.668896660,281.971601666,225.275181712,336.500000000,0.000000000,0.000000000
point-0006088,12416.545688839,286.766255298,225.275181712,336.500000000,0.000000000,0.000000000
point-0006089,12417.162147287,287.600290033,224.675181712,336.500000000,0.000000000,0.000000000
point-0006090,12420.038939458,282.805636415,224.675181712,336.500000000,0.000000000,0.000000000
point-0006091,12420.655397913,283.639671164,224.075181712,336.500000000,0.000000000,0.000000000
point-0006092,12423.532190076,288.434324769,224.075181712,336.500000000,0.000000000,0.000000000
point-0006093,12424.148648524,289.268359504,223.475181712,336.500000000,0.000000000,0.000000000
point-0006094,12427.025440679,284.473705913,223.475181712,336.500000000,0.000000000,0.000000000
point-0006095,12427.641899134,285.307740662,222.875181712,336.500000000,0.000000000,0.000000000
point-0006096,12430.518691280,290.102394239,222.875181712,336.500000000,0.000000000,0.000000000
point-0006097,12431.135149728,290.936428975,222.275181712,336.500000000,0.000000000,0.000000000
point-0006098,12434.011941866,286.141775412,222.275181712,336.500000000,0.000000000,0.000000000
point-0006099,12434.628400321,286.975810161,221.675181712,336.500000000,0.000000000,0.000000000
point-0006100,12437.505192451,291.770463710,221.675181712,336.500000000,0.000000000,0.000000000
point-0006101,12438.121650899,292.604498446,221.075181712,336.500000000,0.000000000,0.000000000
point-0006102,12440.998443020,287.809844910,221.075181712,336.500000000,0.000000000,0.000000000
point-0006103,12441.614901475,288.643879659,220.475181712,336.500000000,0.000000000,0.000000000
point-0006104,12444.491693588,293.438533181,220.475181712,336.500000000,0.000000000,0.000000000
point-0006105,12445.108152036,294.272567917,219.875181712,336.500000000,0.000000000,0.000000000
point-0006106,12447.984944141,289.477914408,219.875181712,336.500000000,0.000000000,0.000000000
point-0006107,12448.601402596,290.311949158,219.275181712,336.500000000,0.000000000,0.000000000
point-0006108,12451.478194693,295.106602652,219.275181712,336.500000000,0.000000000,0.000000000
point-0006109,12452.094653141,295.940637387,218.675181712,336.500000000,0.000000000,0.000000000
point-0006110,12454.971445230,291.145983907,218.675181712,336.500000000,0.000000000,0.000000000
point-0006111,12455.587903685,291.980018656,218.075181712,336.500000000,0.000000000,0.000000000
point-0006112,12458.464695765,296.774672123,218.075181712,336.500000000,0.000000000,0.000000000
point-0006113,12459.081154213,297.608706858,217.475181712,336.500000000,0.000000000,0.000000000
point-0006114,12461.957946285,292.814053405,217.475181712,336.500000000,0.000000000,0.000000000
point-0006115,12462.574404740,293.648088154,216.875181712,336.500000000,0.000000000,0.000000000
point-0006116,12465.451196803,298.442741594,216.875181712,336.500000000,0.000000000,0.000000000
point-0006117,12465.908213338,298.911972978,216.275181712,336.500000000,0.000000000,0.000000000
point-0006118,12468.566123383,294.482122904,216.275181712,336.500000000,0.000000000,0.000000000
point-0006119,12469.182581838,295.316157653,215.675181712,336.500000000,0.000000000,0.000000000
point-0006120,12471.081089013,298.480336277,215.675181712,336.500000000,0.000000000,0.000000000
point-0006121,12471.524565829,298.048699577,215.075181712,336.500000000,0.000000000,0.000000000
point-0006122,12472.663670134,296.150192402,215.075181712,336.500000000,0.000000000,0.000000000
point-0006123,12473.280128589,296.984227151,214.475181712,336.500000000,0.000000000,0.000000000
point-0006124,12473.659830024,297.617062876,214.475181712,336.500000000,0.000000000,0.000000000
point-0006125,12503.118680267,257.409088182,242.645744323,337.100000000,0.000000000,0.000000000
point-0006126,12532.758614339,297.668763528,214.018699681,337.100000000,0.000000000,0.000000000
point-0006127,12534.798609315,299.639045522,216.789607822,337.100000000,0.000000000,0.000000000
point-0006128,12564.438543149,259.379370877,245.416652763,337.100000000,0.000000000,0.000000000
point-0006129,12566.478538514,257.409088182,242.645744323,337.100000000,0.000000000,0.000000000
point-0006130,12566.865412278,257.984327153,242.937041017,337.100000000,0.000000000,0.000000000
point-0006131,12569.484146588,262.348884335,242.937041017,337.100000000,0.000000000,0.000000000
point-0006132,12570.105375930,261.505073706,243.537041017,337.100000000,0.000000000,0.000000000
point-0006133,12571.961842192,258.410963269,243.537041017,337.100000000,0.000000000,0.000000000
point-0006134,12572.403573576,258.837599386,244.137041017,337.100000000,0.000000000,0.000000000
point-0006135,12573.497771790,260.661263077,244.137041017,337.100000000,0.000000000,0.000000000
point-0006136,12574.119001133,259.817452449,244.737041017,337.100000000,0.000000000,0.000000000
point-0006137,12574.450931300,259.264235503,244.737041017,337.100000000,0.000000000,0.000000000
point-0006138,12575.989550478,258.360925270,242.337041017,337.100000000,0.000000000,0.000000000
point-0006139,12578.888612295,263.192694963,242.337041017,337.100000000,0.000000000,0.000000000
point-0006140,12579.509841637,264.036505592,241.737041017,337.100000000,0.000000000,0.000000000
point-0006141,12582.408903448,259.204735906,241.737041017,337.100000000,0.000000000,0.000000000
point-0006142,12583.030132795,260.048546543,241.137041017,337.100000000,0.000000000,0.000000000
point-0006143,12585.929194601,264.880316220,241.137041017,337.100000000,0.000000000,0.000000000
point-0006144,12586.550423944,265.724126849,240.537041017,337.100000000,0.000000000,0.000000000
point-0006145,12589.449485745,260.892357179,240.537041017,337.100000000,0.000000000,0.000000000
point-0006146,12590.070715092,261.736167816,239.937041017,337.100000000,0.000000000,0.000000000
point-0006147,12592.969776889,266.567937478,239.937041017,337.100000000,0.000000000,0.000000000
point-0006148,12593.591006231,267.411748106,239.337041017,337.100000000,0.000000000,0.000000000
point-0006149,12596.490068023,262.579978452,239.337041017,337.100000000,0.000000000,0.000000000
point-0006150,12597.111297369,263.423789089,238.737041017,337.100000000,0.000000000,0.000000000
point-0006151,12600.010359157,268.255558735,238.737041017,337.100000000,0.000000000,0.000000000
point-0006152,12600.631588499,269.099369364,238.137041017,337.100000000,0.000000000,0.000000000
point-0006153,12603.530650282,264.267599726,238.137041017,337.100000000,0.000000000,0.000000000
point-0006154,12604.151879628,265.111410362,237.537041017,337.100000000,0.000000000,0.000000000
point-0006155,12607.050941406,269.943179992,237.537041017,337.100000000,0.000000000,0.000000000
point-0006156,12607.672170748,270.786990621,236.937041017,337.100000000,0.000000000,0.000000000
point-0006157,12610.571232522,265.955220999,236.937041017,337.100000000,0.000000000,0.000000000
point-0006158,12611.192461868,266.799031635,236.337041017,337.100000000,0.000000000,0.000000000
point-0006159,12614.091523636,271.630801249,236.337041017,337.100000000,0.000000000,0.000000000
point-0006160,12614.712752978,272.474611878,235.737041017,337.100000000,0.000000000,0.000000000
point-0006161,12617.611814742,267.642842272,235.737041017,337.100000000,0.000000000,0.000000000
point-0006162,12618.233044088,268.486652909,235.137041017,337.100000000,0.000000000,0.000000000
point-0006163,12621.132105847,273.318422507,235.137041017,337.100000000,0.000000000,0.000000000
point-0006164,12621.753335189,274.162233135,234.537041017,337.100000000,0.000000000,0.000000000
point-0006165,12624.652396943,269.330463545,234.537041017,337.100000000,0.000000000,0.000000000
point-0006166,12625.273626289,270.174274182,233.937041017,337.100000000,0.000000000,0.000000000
point-0006167,12628.172688039,275.006043764,233.937041017,337.100000000,0.000000000,0.000000000
point-0006168,12628.793917381,275.849854392,233.337041017,337.100000000,0.000000000,0.000000000
point-0006169,12631.692979125,271.018084818,233.337041017,337.100000000,0.000000000,0.000000000
point-0006170,12632.314208472,271.861895455,232.737041017,337.100000000,0.000000000,0.000000000
point-0006171,12635.213270211,276.693665021,232.737041017,337.100000000,0.000000000,0.000000000
point-0006172,12635.834499554,277.537475650,232.137041017,337.100000000,0.000000000,0.000000000
point-0006173,12638.733561288,272.705706091,232.137041017,337.100000000,0.000000000,0.000000000
point-0006174,12639.354790635,273.549516728,231.537041017,337.100000000,0.000000000,0.000000000
point-0006175,12642.253852365,278.381286278,231.537041017,337.100000000,0.000000000,0.000000000
point-0006176,12642.875081707,279.225096907,230.937041017,337.100000000,0.000000000,0.000000000
point-0006177,12645.774143432,274.393327365,230.937041017,337.100000000,0.000000000,0.000000000
point-0006178,12646.395372778,275.237138001,230.337041017,337.100000000,0.000000000,0.000000000
point-0006179,12649.294434499,280.068907535,230.337041017,337.100000000,0.000000000,0.000000000
point-0006180,12649.915663841,280.912718164,229.737041017,337.100000000,0.000000000,0.000000000
point-0006181,12652.814725557,276.080948638,229.737041017,337.100000000,0.000000000,0.000000000
point-0006182,12653.435954903,276.924759274,229.137041017,337.100000000,0.000000000,0.000000000
point-0006183,12656.335016614,281.756528793,229.137041017,337.100000000,0.000000000,0.000000000
point-0006184,12656.956245956,282.600339421,228.537041017,337.100000000,0.000000000,0.000000000
point-0006185,12659.855307663,277.768569911,228.537041017,337.100000000,0.000000000,0.000000000
point-0006186,12660.476537009,278.612380548,227.937041017,337.100000000,0.000000000,0.000000000
point-0006187,12663.375598710,283.444150050,227.937041017,337.100000000,0.000000000,0.000000000
point-0006188,12663.996828052,284.287960678,227.337041017,337.100000000,0.000000000,0.000000000
point-0006189,12666.895889749,279.456191184,227.337041017,337.100000000,0.000000000,0.000000000
point-0006190,12667.517119095,280.300001821,226.737041017,337.100000000,0.000000000,0.000000000
point-0006191,12670.416180787,285.131771307,226.737041017,337.100000000,0.000000000,0.000000000
point-0006192,12671.037410129,285.975581936,226.137041017,337.100000000,0.000000000,0.000000000
point-0006193,12673.936471816,281.143812457,226.137041017,337.100000000,0.000000000,0.000000000
point-0006194,12674.557701162,281.987623094,225.537041017,337.100000000,0.000000000,0.000000000
point-0006195,12677.456762845,286.819392564,225.537041017,337.100000000,0.000000000,0.000000000
point-0006196,12678.077992187,287.663203193,224.937041017,337.100000000,0.000000000,0.000000000
point-0006197,12680.977053864,282.831433730,224.937041017,337.100000000,0.000000000,0.000000000
point-0006198,12681.598283211,283.675244367,224.337041017,337.100000000,0.000000000,0.000000000
point-0006199,12684.497344883,288.507013821,224.337041017,337.100000000,0.000000000,0.000000000
point-0006200,12685.118574225,289.350824450,223.737041017,337.100000000,0.000000000,0.000000000
point-0006201,12688.017635893,284.519055004,223.737041017,337.100000000,0.000000000,0.000000000
point-0006202,12688.638865239,285.362865640,223.137041017,337.100000000,0.000000000,0.000000000
point-0006203,12691.537926903,290.194635079,223.137041017,337.100000000,0.000000000,0.000000000
point-0006204,12692.159156245,291.038445707,222.537041017,337.100000000,0.000000000,0.000000000
point-0006205,12695.058217903,286.206676277,222.537041017,337.100000000,0.000000000,0.000000000
point-0006206,12695.679447249,287.050486913,221.937041017,337.100000000,0.000000000,0.000000000
point-0006207,12698.578508903,291.882256336,221.937041017,337.100000000,0.000000000,0.000000000
point-0006208,12699.199738245,292.726066964,221.337041017,337.100000000,0.000000000,0.000000000
point-0006209,12702.098799894,287.894297550,221.337041017,337.100000000,0.000000000,0.000000000
point-0006210,12702.720029240,288.738108187,220.737041017,337.100000000,0.000000000,0.000000000
point-0006211,12705.619090884,293.569877593,220.737041017,337.100000000,0.000000000,0.000000000
point-0006212,12706.240320226,294.413688222,220.137041017,337.100000000,0.000000000,0.000000000
point-0006213,12709.139381865,289.581918823,220.137041017,337.100000000,0.000000000,0.000000000
point-0006214,12709.760611212,290.425729460,219.537041017,337.100000000,0.000000000,0.000000000
point-0006215,12712.659672846,295.257498850,219.537041017,337.100000000,0.000000000,0.000000000
point-0006216,12713.280902188,296.101309479,218.937041017,337.100000000,0.000000000,0.000000000
point-0006217,12716.179963818,291.269540096,218.937041017,337.100000000,0.000000000,0.000000000
point-0006218,12716.801193164,292.113350733,218.337041017,337.100000000,0.000000000,0.000000000
point-0006219,12719.700254789,296.945120108,218.337041017,337.100000000,0.000000000,0.000000000
point-0006220,12720.321484131,297.788930736,217.737041017,337.100000000,0.000000000,0.000000000
point-0006221,12723.220545751,292.957161369,217.737041017,337.100000000,0.000000000,0.000000000
point-0006222,12723.841775097,293.800972006,217.137041017,337.100000000,0.000000000,0.000000000
point-0006223,12726.740836712,298.632741365,217.137041017,337.100000000,0.000000000,0.000000000
point-0006224,12727.193953172,299.091345909,216.537041017,337.100000000,0.000000000,0.000000000
point-0006225,12729.861891132,294.644782643,216.537041017,337.100000000,0.000000000,0.000000000
point-0006226,12730.483120479,295.488593279,215.937041017,337.100000000,0.000000000,0.000000000
point-0006227,12732.388790450,298.664709898,215.937041017,337.100000000,0.000000000,0.000000000
point-0006228,12732.830521797,298.238073887,215.337041017,337.100000000,0.000000000,0.000000000
point-0006229,12733.973923780,296.332403916,215.337041017,337.100000000,0.000000000,0.000000000
point-0006230,12734.595153126,297.176214552,214.737041017,337.100000000,0.000000000,0.000000000
point-0006231,12734.976287120,297.811437876,214.737041017,337.100000000,0.000000000,0.000000000
point-0006232,12764.435307083,257.448577002,242.685727305,337.700000000,0.000000000,0.000000000
point-0006233,12794.075285223,297.861832514,214.275778708,337.700000000,0.000000000,0.000000000
point-0006234,12796.115283549,299.817172955,217.057257593,337.700000000,0.000000000,0.000000000
point-0006235,12825.755261617,259.403917652,245.467206280,337.700000000,0.000000000,0.000000000
point-0006236,12827.795260059,257.448577002,242.685727305,337.700000000,0.000000000,0.000000000
point-0006237,12828.190637411,258.101086332,242.593733697,337.700000000,0.000000000,0.000000000
point-0006238,12831.111862603,262.969794985,242.593733697,337.700000000,0.000000000,0.000000000
point-0006239,12831.737840039,263.823297167,241.993733697,337.700000000,0.000000000,0.000000000
point-0006240,12834.659065229,258.954588516,241.993733697,337.700000000,0.000000000,0.000000000
point-0006241,12835.285042666,259.808090700,241.393733697,337.700000000,0.000000000,0.000000000
point-0006242,12838.206267855,264.676799348,241.393733697,337.700000000,0.000000000,0.000000000
point-0006243,12838.832245291,265.530301530,240.793733697,337.700000000,0.000000000,0.000000000
point-0006244,12841.753470479,260.661592884,240.793733697,337.700000000,0.000000000,0.000000000
point-0006245,12842.379447916,261.515095068,240.193733697,337.700000000,0.000000000,0.000000000
point-0006246,12845.300673102,266.383803711,240.193733697,337.700000000,0.000000000,0.000000000
point-0006247,12845.926650538,267.237305893,239.593733697,337.700000000,0.000000000,0.000000000
point-0006248,12848.847875723,262.368597252,239.593733697,337.700000000,0.000000000,0.000000000
point-0006249,12849.473853160,263.222099436,238.993733697,337.700000000,0.000000000,0.000000000
point-0006250,12852.395078343,268.090808074,238.993733697,337.700000000,0.000000000,0.000000000
point-0006251,12853.021055779,268.944310256,238.393733697,337.700000000,0.000000000,0.000000000
point-0006252,12855.942280961,264.075601620,238.393733697,337.700000000,0.000000000,0.000000000
point-0006253,12856.568258398,264.929103804,237.793733697,337.700000000,0.000000000,0.000000000
point-0006254,12859.489483578,269.797812437,237.793733697,337.700000000,0.000000000,0.000000000
point-0006255,12860.115461014,270.651314619,237.193733697,337.700000000,0.000000000,0.000000000
point-0006256,12863.036686193,265.782605988,237.193733697,337.700000000,0.000000000,0.000000000
point-0006257,12863.662663630,266.636108172,236.593733697,337.700000000,0.000000000,0.000000000
point-0006258,12866.583888808,271.504816801,236.593733697,337.700000000,0.000000000,0.000000000
point-0006259,12867.209866244,272.358318982,235.993733697,337.700000000,0.000000000,0.000000000
point-0006260,12870.131091420,267.489610356,235.993733697,337.700000000,0.000000000,0.000000000
point-0006261,12870.757068857,268.343112540,235.393733697,337.700000000,0.000000000,0.000000000
point-0006262,12873.678294031,273.211821164,235.393733697,337.700000000,0.000000000,0.000000000
point-0006263,12874.304271468,274.065323345,234.793733697,337.700000000,0.000000000,0.000000000
point-0006264,12877.225496640,269.196614724,234.793733697,337.700000000,0.000000000,0.000000000
point-0006265,12877.851474078,270.050116908,234.193733697,337.700000000,0.000000000,0.000000000
point-0006266,12880.772699249,274.918825527,234.193733697,337.700000000,0.000000000,0.000000000
point-0006267,12881.398676685,275.772327708,233.593733697,337.700000000,0.000000000,0.000000000
point-0006268,12884.319901856,270.903619091,233.593733697,337.700000000,0.000000000,0.000000000
point-0006269,12884.945879293,271.757121275,232.993733697,337.700000000,0.000000000,0.000000000
point-0006270,12887.867104461,276.625829890,232.993733697,337.700000000,0.000000000,0.000000000
point-0006271,12888.493081898,277.479332071,232.393733697,337.700000000,0.000000000,0.000000000
point-0006272,12891.414307065,272.610623459,232.393733697,337.700000000,0.000000000,0.000000000
point-0006273,12892.040284502,273.464125643,231.793733697,337.700000000,0.000000000,0.000000000
point-0006274,12894.961509668,278.332834253,231.793733697,337.700000000,0.000000000,0.000000000
point-0006275,12895.587487104,279.186336434,231.193733697,337.700000000,0.000000000,0.000000000
point-0006276,12898.508712268,274.317627827,231.193733697,337.700000000,0.000000000,0.000000000
point-0006277,12899.134689706,275.171130011,230.593733697,337.700000000,0.000000000,0.000000000
point-0006278,12902.055914869,280.039838616,230.593733697,337.700000000,0.000000000,0.000000000
point-0006279,12902.681892305,280.893340798,229.993733697,337.700000000,0.000000000,0.000000000
point-0006280,12905.603117466,276.024632195,229.993733697,337.700000000,0.000000000,0.000000000
point-0006281,12906.229094903,276.878134379,229.393733697,337.700000000,0.000000000,0.000000000
point-0006282,12909.150320063,281.746842979,229.393733697,337.700000000,0.000000000,0.000000000
point-0006283,12909.776297500,282.600345161,228.793733697,337.700000000,0.000000000,0.000000000
point-0006284,12912.697522658,277.731636563,228.793733697,337.700000000,0.000000000,0.000000000
point-0006285,12913.323500095,278.585138747,228.193733697,337.700000000,0.000000000,0.000000000
point-0006286,12916.244725253,283.453847342,228.193733697,337.700000000,0.000000000,0.000000000
point-0006287,12916.870702689,284.307349524,227.593733697,337.700000000,0.000000000,0.000000000
point-0006288,12919.791927844,279.438640931,227.593733697,337.700000000,0.000000000,0.000000000
point-0006289,12920.417905282,280.292143115,226.993733697,337.700000000,0.000000000,0.000000000
point-0006290,12923.339130436,285.160851705,226.993733697,337.700000000,0.000000000,0.000000000
point-0006291,12923.965107872,286.014353887,226.393733697,337.700000000,0.000000000,0.000000000
point-0006292,12926.886333025,281.145645299,226.393733697,337.700000000,0.000000000,0.000000000
point-0006293,12927.512310462,281.999147483,225.793733697,337.700000000,0.000000000,0.000000000
point-0006294,12930.433535613,286.867856068,225.793733697,337.700000000,0.000000000,0.000000000
point-0006295,12931.059513050,287.721358250,225.193733697,337.700000000,0.000000000,0.000000000
point-0006296,12933.980738199,282.852649667,225.193733697,337.700000000,0.000000000,0.000000000
point-0006297,12934.606715637,283.706151851,224.593733697,337.700000000,0.000000000,0.000000000
point-0006298,12937.527940785,288.574860431,224.593733697,337.700000000,0.000000000,0.000000000
point-0006299,12938.153918221,289.428362613,223.993733697,337.700000000,0.000000000,0.000000000
point-0006300,12941.075143368,284.559654035,223.993733697,337.700000000,0.000000000,0.000000000
point-0006301,12941.701120806,285.413156219,223.393733697,337.700000000,0.000000000,0.000000000
point-0006302,12944.622345951,290.281864794,223.393733697,337.700000000,0.000000000,0.000000000
point-0006303,12945.248323387,291.135366976,222.793733697,337.700000000,0.000000000,0.000000000
point-0006304,12948.169548532,286.266658403,222.793733697,337.700000000,0.000000000,0.000000000
point-0006305,12948.795525969,287.120160587,222.193733697,337.700000000,0.000000000,0.000000000
point-0006306,12951.716751112,291.988869158,222.193733697,337.700000000,0.000000000,0.000000000
point-0006307,12952.342728548,292.842371339,221.593733697,337.700000000,0.000000000,0.000000000
point-0006308,12955.263953689,287.973662770,221.593733697,337.700000000,0.000000000,0.000000000
point-0006309,12955.889931126,288.827164954,220.993733697,337.700000000,0.000000000,0.000000000
point-0006310,12958.811156266,293.695873521,220.993733697,337.700000000,0.000000000,0.000000000
point-0006311,12959.437133702,294.549375702,220.393733697,337.700000000,0.000000000,0.000000000
point-0006312,12962.358358841,289.680667138,220.393733697,337.700000000,0.000000000,0.000000000
point-0006313,12962.984336278,290.534169322,219.793733697,337.700000000,0.000000000,0.000000000
point-0006314,12965.905561415,295.402877884,219.793733697,337.700000000,0.000000000,0.000000000
point-0006315,12966.531538851,296.256380065,219.193733697,337.700000000,0.000000000,0.000000000
point-0006316,12969.452763986,291.387671506,219.193733697,337.700000000,0.000000000,0.000000000
point-0006317,12970.078741424,292.241173690,218.593733697,337.700000000,0.000000000,0.000000000
point-0006318,12972.999966558,297.109882247,218.593733697,337.700000000,0.000000000,0.000000000
point-0006319,12973.625943994,297.963384428,217.993733697,337.700000000,0.000000000,0.000000000
point-0006320,12976.547169127,293.094675874,217.993733697,337.700000000,0.000000000,0.000000000
point-0006321,12977.173146564,293.948178058,217.393733697,337.700000000,0.000000000,0.000000000
point-0006322,12980.094371695,298.816886610,217.393733697,337.700000000,0.000000000,0.000000000
point-0006323,12980.543768218,299.265208279,216.793733697,337.700000000,0.000000000,0.000000000
point-0006324,12983.221885040,294.801680242,216.793733697,337.700000000,0.000000000,0.000000000
point-0006325,12983.847862477,295.655182426,216.193733697,337.700000000,0.000000000,0.000000000
point-0006326,12985.760803064,298.843416738,216.193733697,337.700000000,0.000000000,0.000000000
point-0006327,12986.200856376,298.421625197,215.593733697,337.700000000,0.000000000,0.000000000
point-0006328,12987.348620728,296.508684610,215.593733697,337.700000000,0.000000000,0.000000000
point-0006329,12987.974598166,297.362186794,214.993733697,337.700000000,0.000000000,0.000000000
point-0006330,12988.357186283,297.999833656,214.993733697,337.700000000,0.000000000,0.000000000
point-0006331,13015.740258819,262.116292804,243.193733697,337.700000000,0.000000000,0.000000000
point-0006332,13018.106588823,258.172409463,243.193733697,337.700000000,0.000000000,0.000000000
point-0006333,13018.546642146,258.594201035,243.793733697,337.700000000,0.000000000,0.000000000
point-0006334,13020.147795898,261.262790622,243.793733697,337.700000000,0.000000000,0.000000000
point-0006335,13020.773773334,260.409288440,244.393733697,337.700000000,0.000000000,0.000000000
point-0006336,13021.609750834,259.015992607,244.393733697,337.700000000,0.000000000,0.000000000
point-0006337,13022.049804157,259.437784180,244.993733697,337.700000000,0.000000000,0.000000000
point-0006338,13022.120605405,259.555786259,244.993733697,337.700000000,0.000000000,0.000000000
point-0006339,13023.997739166,257.486881204,242.724924272,338.300000000,0.000000000,0.000000000
point-0006340,13024.286490328,257.882032564,242.450226568,338.300000000,0.000000000,0.000000000
point-0006341,13053.637760466,298.048788226,214.527491655,338.300000000,0.000000000,0.000000000
point-0006342,13055.677762106,299.989502366,217.319202099,338.300000000,0.000000000,0.000000000
point-0006343,13085.317783469,259.427595163,245.516634640,338.300000000,0.000000000,0.000000000
point-0006344,13087.357785009,257.486881204,242.724924272,338.300000000,0.000000000,0.000000000
point-0006345,13087.636592366,257.935762422,242.845058195,338.300000000,0.000000000,0.000000000
point-0006346,13090.522175897,262.745068307,242.845058195,338.300000000,0.000000000,0.000000000
point-0006347,13091.152872071,263.608166190,242.245058195,338.300000000,0.000000000,0.000000000
point-0006348,13094.096123700,258.702746808,242.245058195,338.300000000,0.000000000,0.000000000
point-0006349,13094.726819873,259.565844689,241.645058195,338.300000000,0.000000000,0.000000000
point-0006350,13097.670071503,264.471264072,241.645058195,338.300000000,0.000000000,0.000000000
point-0006351,13098.300767677,265.334361955,241.045058195,338.300000000,0.000000000,0.000000000
point-0006352,13101.244019309,260.428942569,241.045058195,338.300000000,0.000000000,0.000000000
point-0006353,13101.874715482,261.292040450,240.445058195,338.300000000,0.000000000,0.000000000
point-0006354,13104.817967114,266.197459838,240.445058195,338.300000000,0.000000000,0.000000000
point-0006355,13105.448663288,267.060557720,239.845058195,338.300000000,0.000000000,0.000000000
point-0006356,13108.391914922,262.155138330,239.845058195,338.300000000,0.000000000,0.000000000
point-0006357,13109.022611095,263.018236211,239.245058195,338.300000000,0.000000000,0.000000000
point-0006358,13111.965862730,267.923655603,239.245058195,338.300000000,0.000000000,0.000000000
point-0006359,13112.596558904,268.786753486,238.645058195,338.300000000,0.000000000,0.000000000
point-0006360,13115.539810540,263.881334092,238.645058195,338.300000000,0.000000000,0.000000000
point-0006361,13116.170506713,264.744431972,238.045058195,338.300000000,0.000000000,0.000000000
point-0006362,13119.113758351,269.649851368,238.045058195,338.300000000,0.000000000,0.000000000
point-0006363,13119.744454525,270.512949251,237.445058195,338.300000000,0.000000000,0.000000000
point-0006364,13122.687706163,265.607529853,237.445058195,338.300000000,0.000000000,0.000000000
point-0006365,13123.318402336,266.470627734,236.845058195,338.300000000,0.000000000,0.000000000
point-0006366,13126.261653976,271.376047134,236.845058195,338.300000000,0.000000000,0.000000000
point-0006367,13126.892350150,272.239145016,236.245058195,338.300000000,0.000000000,0.000000000
point-0006368,13129.835601791,267.333725614,236.245058195,338.300000000,0.000000000,0.000000000
point-0006369,13130.466297964,268.196823495,235.645058195,338.300000000,0.000000000,0.000000000
point-0006370,13133.409549607,273.102242899,235.645058195,338.300000000,0.000000000,0.000000000
point-0006371,13134.040245781,273.965340781,235.045058195,338.300000000,0.000000000,0.000000000
point-0006372,13136.983497424,269.059921376,235.045058195,338.300000000,0.000000000,0.000000000
point-0006373,13137.614193597,269.923019256,234.445058195,338.300000000,0.000000000,0.000000000
point-0006374,13140.557445242,274.828438664,234.445058195,338.300000000,0.000000000,0.000000000
point-0006375,13141.188141416,275.691536547,233.845058195,338.300000000,0.000000000,0.000000000
point-0006376,13144.131393062,270.786117137,233.845058195,338.300000000,0.000000000,0.000000000
point-0006377,13144.762089235,271.649215017,233.245058195,338.300000000,0.000000000,0.000000000
point-0006378,13147.705340882,276.554634429,233.245058195,338.300000000,0.000000000,0.000000000
point-0006379,13148.336037056,277.417732312,232.645058195,338.300000000,0.000000000,0.000000000
point-0006380,13151.279288704,272.512312898,232.645058195,338.300000000,0.000000000,0.000000000
point-0006381,13151.909984877,273.375410779,232.045058195,338.300000000,0.000000000,0.000000000
point-0006382,13154.853236527,278.280830195,232.045058195,338.300000000,0.000000000,0.000000000
point-0006383,13155.483932701,279.143928077,231.445058195,338.300000000,0.000000000,0.000000000
point-0006384,13158.427184351,274.238508659,231.445058195,338.300000000,0.000000000,0.000000000
point-0006385,13159.057880524,275.101606540,230.845058195,338.300000000,0.000000000,0.000000000
point-0006386,13162.001132176,280.007025960,230.845058195,338.300000000,0.000000000,0.000000000
point-0006387,13162.631828350,280.870123843,230.245058195,338.300000000,0.000000000,0.000000000
point-0006388,13165.575080003,275.964704421,230.245058195,338.300000000,0.000000000,0.000000000
point-0006389,13166.205776176,276.827802301,229.645058195,338.300000000,0.000000000,0.000000000
point-0006390,13169.149027831,281.733221725,229.645058195,338.300000000,0.000000000,0.000000000
point-0006391,13169.779724005,282.596319608,229.045058195,338.300000000,0.000000000,0.000000000
point-0006392,13172.722975660,277.690900182,229.045058195,338.300000000,0.000000000,0.000000000
point-0006393,13173.353671833,278.553998063,228.445058195,338.300000000,0.000000000,0.000000000
point-0006394,13176.296923490,283.459417491,228.445058195,338.300000000,0.000000000,0.000000000
point-0006395,13176.927619664,284.322515373,227.845058195,338.300000000,0.000000000,0.000000000
point-0006396,13179.870871322,279.417095943,227.845058195,338.300000000,0.000000000,0.000000000
point-0006397,13180.501567495,280.280193824,227.245058195,338.300000000,0.000000000,0.000000000
point-0006398,13183.444819154,285.185613256,227.245058195,338.300000000,0.000000000,0.000000000
point-0006399,13184.075515328,286.048711139,226.645058195,338.300000000,0.000000000,0.000000000
point-0006400,13187.018766989,281.143291704,226.645058195,338.300000000,0.000000000,0.000000000
point-0006401,13187.649463162,282.006389585,226.045058195,338.300000000,0.000000000,0.000000000
point-0006402,13190.592714823,286.911809021,226.045058195,338.300000000,0.000000000,0.000000000
point-0006403,13191.223410997,287.774906904,225.445058195,338.300000000,0.000000000,0.000000000
point-0006404,13194.166662660,282.869487466,225.445058195,338.300000000,0.000000000,0.000000000
point-0006405,13194.797358833,283.732585346,224.845058195,338.300000000,0.000000000,0.000000000
point-0006406,13197.740610497,288.638004787,224.845058195,338.300000000,0.000000000,0.000000000
point-0006407,13198.371306671,289.501102669,224.245058195,338.300000000,0.000000000,0.000000000
point-0006408,13201.314558336,284.595683227,224.245058195,338.300000000,0.000000000,0.000000000
point-0006409,13201.945254509,285.458781108,223.645058195,338.300000000,0.000000000,0.000000000
point-0006410,13204.888506176,290.364200552,223.645058195,338.300000000,0.000000000,0.000000000
point-0006411,13205.519202350,291.227298434,223.045058195,338.300000000,0.000000000,0.000000000
point-0006412,13208.462454017,286.321878988,223.045058195,338.300000000,0.000000000,0.000000000
point-0006413,13209.093150190,287.184976869,222.445058195,338.300000000,0.000000000,0.000000000
point-0006414,13212.036401859,292.090396317,222.445058195,338.300000000,0.000000000,0.000000000
point-0006415,13212.667098033,292.953494200,221.845058195,338.300000000,0.000000000,0.000000000
point-0006416,13215.610349703,288.048074750,221.845058195,338.300000000,0.000000000,0.000000000
point-0006417,13216.241045876,288.911172630,221.245058195,338.300000000,0.000000000,0.000000000
point-0006418,13219.184297547,293.816592082,221.245058195,338.300000000,0.000000000,0.000000000
point-0006419,13219.814993721,294.679689965,220.645058195,338.300000000,0.000000000,0.000000000
point-0006420,13222.758245394,289.774270511,220.645058195,338.300000000,0.000000000,0.000000000
point-0006421,13223.388941567,290.637368391,220.045058195,338.300000000,0.000000000,0.000000000
point-0006422,13226.332193241,295.542787848,220.045058195,338.300000000,0.000000000,0.000000000
point-0006423,13226.962889415,296.405885730,219.445058195,338.300000000,0.000000000,0.000000000
point-0006424,13229.906141089,291.500466272,219.445058195,338.300000000,0.000000000,0.000000000
point-0006425,13230.536837262,292.363564153,218.845058195,338.300000000,0.000000000,0.000000000
point-0006426,13233.480088939,297.268983613,218.845058195,338.300000000,0.000000000,0.000000000
point-0006427,13234.110785112,298.132081496,218.245058195,338.300000000,0.000000000,0.000000000
point-0006428,13237.054036790,293.226662033,218.245058195,338.300000000,0.000000000,0.000000000
point-0006429,13237.684732963,294.089759914,217.645058195,338.300000000,0.000000000,0.000000000
point-0006430,13240.627984641,298.995179378,217.645058195,338.300000000,0.000000000,0.000000000
point-0006431,13241.073835833,299.433557972,217.045058195,338.300000000,0.000000000,0.000000000
point-0006432,13243.762255939,294.952857795,217.045058195,338.300000000,0.000000000,0.000000000
point-0006433,13244.392952112,295.815955675,216.445058195,338.300000000,0.000000000,0.000000000
point-0006434,13246.313252188,299.016455802,216.445058195,338.300000000,0.000000000,0.000000000
point-0006435,13246.751693426,298.599353632,215.845058195,338.300000000,0.000000000,0.000000000
point-0006436,13247.903873472,296.679053556,215.845058195,338.300000000,0.000000000,0.000000000
point-0006437,13248.534569645,297.542151437,215.245058195,338.300000000,0.000000000,0.000000000
point-0006438,13248.918629660,298.182251462,215.245058195,338.300000000,0.000000000,0.000000000
point-0006439,13276.498733815,261.881970424,243.445058195,338.300000000,0.000000000,0.000000000
point-0006440,13278.616197331,258.352864565,243.445058195,338.300000000,0.000000000,0.000000000
point-0006441,13279.054638560,258.769966707,244.045058195,338.300000000,0.000000000,0.000000000
point-0006442,13280.403982060,261.018872542,244.045058195,338.300000000,0.000000000,0.000000000
point-0006443,13281.034678234,260.155774659,244.645058195,338.300000000,0.000000000,0.000000000
point-0006444,13281.615901720,259.187068849,244.645058195,338.300000000,0.000000000,0.000000000
point-0006445,13283.165112345,257.523997460,242.763301303,338.900000000,0.000000000,0.000000000
point-0006446,13283.453865407,257.920550975,242.490626066,338.900000000,0.000000000,0.000000000
point-0006447,13312.805173317,298.229637285,214.773643812,338.900000000,0.000000000,0.000000000
point-0006448,13314.845178030,300.156051420,217.575247281,338.900000000,0.000000000,0.000000000
point-0006449,13344.485239167,259.450411130,245.564904583,338.900000000,0.000000000,0.000000000
point-0006450,13346.525243629,257.523997460,242.763301303,338.900000000,0.000000000,0.000000000
point-0006451,13346.929754389,258.113281609,243.090820872,338.900000000,0.000000000,0.000000000
point-0006452,13349.573193573,262.519013582,243.090820872,338.900000000,0.000000000,0.000000000
point-0006453,13350.208572437,263.391599620,242.490820872,338.900000000,0.000000000,0.000000000
point-0006454,13353.173682176,258.449750055,242.490820872,338.900000000,0.000000000,0.000000000
point-0006455,13353.809061042,259.322336095,241.890820872,338.900000000,0.000000000,0.000000000
point-0006456,13356.774170780,264.264185658,241.890820872,338.900000000,0.000000000,0.000000000
point-0006457,13357.409549644,265.136771696,241.290820872,338.900000000,0.000000000,0.000000000
point-0006458,13360.374659381,260.194922135,241.290820872,338.900000000,0.000000000,0.000000000
point-0006459,13361.010038247,261.067508175,240.690820872,338.900000000,0.000000000,0.000000000
point-0006460,13363.975147982,266.009357734,240.690820872,338.900000000,0.000000000,0.000000000
point-0006461,13364.610526847,266.881943772,240.090820872,338.900000000,0.000000000,0.000000000
point-0006462,13367.575636581,261.940094215,240.090820872,338.900000000,0.000000000,0.000000000
point-0006463,13368.211015447,262.812680255,239.490820872,338.900000000,0.000000000,0.000000000
point-0006464,13371.176125180,267.754529810,239.490820872,338.900000000,0.000000000,0.000000000
point-0006465,13371.811504045,268.627115849,238.890820872,338.900000000,0.000000000,0.000000000
point-0006466,13374.776613777,263.685266295,238.890820872,338.900000000,0.000000000,0.000000000
point-0006467,13375.411992643,264.557852335,238.290820872,338.900000000,0.000000000,0.000000000
point-0006468,13378.377102374,269.499701887,238.290820872,338.900000000,0.000000000,0.000000000
point-0006469,13379.012481239,270.372287925,237.690820872,338.900000000,0.000000000,0.000000000
point-0006470,13381.977590969,265.430438375,237.690820872,338.900000000,0.000000000,0.000000000
point-0006471,13382.612969835,266.303024415,237.090820872,338.900000000,0.000000000,0.000000000
point-0006472,13385.578079563,271.244873963,237.090820872,338.900000000,0.000000000,0.000000000
point-0006473,13386.213458428,272.117460001,236.490820872,338.900000000,0.000000000,0.000000000
point-0006474,13389.178568156,267.175610455,236.490820872,338.900000000,0.000000000,0.000000000
point-0006475,13389.813947022,268.048196495,235.890820872,338.900000000,0.000000000,0.000000000
point-0006476,13392.779056748,272.990046039,235.890820872,338.900000000,0.000000000,0.000000000
point-0006477,13393.414435613,273.862632078,235.290820872,338.900000000,0.000000000,0.000000000
point-0006478,13396.379545339,268.920782535,235.290820872,338.900000000,0.000000000,0.000000000
point-0006479,13397.014924204,269.793368575,234.690820872,338.900000000,0.000000000,0.000000000
point-0006480,13399.980033929,274.735218116,234.690820872,338.900000000,0.000000000,0.000000000
point-0006481,13400.615412794,275.607804154,234.090820872,338.900000000,0.000000000,0.000000000
point-0006482,13403.580522517,270.665954615,234.090820872,338.900000000,0.000000000,0.000000000
point-0006483,13404.215901383,271.538540655,233.490820872,338.900000000,0.000000000,0.000000000
point-0006484,13407.181011105,276.480390192,233.490820872,338.900000000,0.000000000,0.000000000
point-0006485,13407.816389970,277.352976230,232.890820872,338.900000000,0.000000000,0.000000000
point-0006486,13410.781499691,272.411126695,232.890820872,338.900000000,0.000000000,0.000000000
point-0006487,13411.416878557,273.283712735,232.290820872,338.900000000,0.000000000,0.000000000
point-0006488,13414.381988277,278.225562268,232.290820872,338.900000000,0.000000000,0.000000000
point-0006489,13415.017367141,279.098148306,231.690820872,338.900000000,0.000000000,0.000000000
point-0006490,13417.982476860,274.156298775,231.690820872,338.900000000,0.000000000,0.000000000
point-0006491,13418.617855726,275.028884815,231.090820872,338.900000000,0.000000000,0.000000000
point-0006492,13421.582965444,279.970734345,231.090820872,338.900000000,0.000000000,0.000000000
point-0006493,13422.218344309,280.843320383,230.490820872,338.900000000,0.000000000,0.000000000
point-0006494,13425.183454025,275.901470855,230.490820872,338.900000000,0.000000000,0.000000000
point-0006495,13425.818832891,276.774056895,229.890820872,338.900000000,0.000000000,0.000000000
point-0006496,13428.783942607,281.715906421,229.890820872,338.900000000,0.000000000,0.000000000
point-0006497,13429.419321472,282.588492459,229.290820872,338.900000000,0.000000000,0.000000000
point-0006498,13432.384431186,277.646642935,229.290820872,338.900000000,0.000000000,0.000000000
point-0006499,13433.019810052,278.519228975,228.690820872,338.900000000,0.000000000,0.000000000
point-0006500,13435.984919765,283.461078497,228.690820872,338.900000000,0.000000000,0.000000000
point-0006501,13436.620298630,284.333664535,228.090820872,338.900000000,0.000000000,0.000000000
point-0006502,13439.585408342,279.391815015,228.090820872,338.900000000,0.000000000,0.000000000
point-0006503,13440.220787208,280.264401055,227.490820872,338.900000000,0.000000000,0.000000000
point-0006504,13443.185896919,285.206250574,227.490820872,338.900000000,0.000000000,0.000000000
point-0006505,13443.821275784,286.078836612,226.890820872,338.900000000,0.000000000,0.000000000
point-0006506,13446.786385494,281.136987095,226.890820872,338.900000000,0.000000000,0.000000000
point-0006507,13447.421764360,282.009573135,226.290820872,338.900000000,0.000000000,0.000000000
point-0006508,13450.386874069,286.951422650,226.290820872,338.900000000,0.000000000,0.000000000
point-0006509,13451.022252934,287.824008688,225.690820872,338.900000000,0.000000000,0.000000000
point-0006510,13453.987362642,282.882159175,225.690820872,338.900000000,0.000000000,0.000000000
point-0006511,13454.622741507,283.754745215,225.090820872,338.900000000,0.000000000,0.000000000
point-0006512,13457.587851214,288.696594726,225.090820872,338.900000000,0.000000000,0.000000000
point-0006513,13458.223230079,289.569180764,224.490820872,338.900000000,0.000000000,0.000000000
point-0006514,13461.188339785,284.627331255,224.490820872,338.900000000,0.000000000,0.000000000
point-0006515,13461.823718650,285.499917295,223.890820872,338.900000000,0.000000000,0.000000000
point-0006516,13464.788828355,290.441766802,223.890820872,338.900000000,0.000000000,0.000000000
point-0006517,13465.424207220,291.314352841,223.290820872,338.900000000,0.000000000,0.000000000
point-0006518,13468.389316923,286.372503335,223.290820872,338.900000000,0.000000000,0.000000000
point-0006519,13469.024695789,287.245089375,222.690820872,338.900000000,0.000000000,0.000000000
point-0006520,13471.989805491,292.186938879,222.690820872,338.900000000,0.000000000,0.000000000
point-0006521,13472.625184356,293.059524917,222.090820872,338.900000000,0.000000000,0.000000000
point-0006522,13475.590294057,288.117675415,222.090820872,338.900000000,0.000000000,0.000000000
point-0006523,13476.225672923,288.990261455,221.490820872,338.900000000,0.000000000,0.000000000
point-0006524,13479.190782623,293.932110955,221.490820872,338.900000000,0.000000000,0.000000000
point-0006525,13479.826161488,294.804696993,220.890820872,338.900000000,0.000000000,0.000000000
point-0006526,13482.791271187,289.862847495,220.890820872,338.900000000,0.000000000,0.000000000
point-0006527,13483.426650053,290.735433535,220.290820872,338.900000000,0.000000000,0.000000000
point-0006528,13486.391759751,295.677283031,220.290820872,338.900000000,0.000000000,0.000000000
point-0006529,13487.027138615,296.549869070,219.690820872,338.900000000,0.000000000,0.000000000
point-0006530,13489.992248312,291.608019575,219.690820872,338.900000000,0.000000000,0.000000000
point-0006531,13490.627627178,292.480605615,219.090820872,338.900000000,0.000000000,0.000000000
point-0006532,13493.592736874,297.422455108,219.090820872,338.900000000,0.000000000,0.000000000
point-0006533,13494.228115739,298.295041146,218.490820872,338.900000000,0.000000000,0.000000000
point-0006534,13497.193225433,293.353191655,218.490820872,338.900000000,0.000000000,0.000000000
point-0006535,13497.828604299,294.225777695,217.890820872,338.900000000,0.000000000,0.000000000
point-0006536,13500.793713992,299.167627184,217.890820872,338.900000000,0.000000000,0.000000000
point-0006537,13501.236189031,299.596398553,217.290820872,338.900000000,0.000000000,0.000000000
point-0006538,13503.935009922,295.098363735,217.290820872,338.900000000,0.000000000,0.000000000
point-0006539,13504.570388788,295.970949775,216.690820872,338.900000000,0.000000000,0.000000000
point-0006540,13506.498117996,299.183831788,216.690820872,338.900000000,0.000000000,0.000000000
point-0006541,13506.935011668,298.771265023,216.090820872,338.900000000,0.000000000,0.000000000
point-0006542,13508.091649193,296.843535815,216.090820872,338.900000000,0.000000000,0.000000000
point-0006543,13508.727028058,297.716121855,215.490820872,338.900000000,0.000000000,0.000000000
point-0006544,13509.112573900,298.358698257,215.490820872,338.900000000,0.000000000,0.000000000
point-0006545,13536.888302433,261.646427543,243.690820872,338.900000000,0.000000000,0.000000000
point-0006546,13538.760649978,258.525848303,243.690820872,338.900000000,0.000000000,0.000000000
point-0006547,13539.197543626,258.938414996,244.290820872,338.900000000,0.000000000,0.000000000
point-0006548,13540.298799531,260.773841505,244.290820872,338.900000000,0.000000000,0.000000000
point-0006549,13540.934178396,259.901255467,244.890820872,338.900000000,0.000000000,0.000000000
point-0006550,13541.264342662,259.350981690,244.890820872,338.900000000,0.000000000,0.000000000
point-0006551,13542.954593753,257.559923493,242.800825826,339.500000000,0.000000000,0.000000000
point-0006552,13543.243348173,257.957830787,242.530125921,339.500000000,0.000000000,0.000000000
point-0006553,13572.594688589,298.404392108,215.014048398,339.500000000,0.000000000,0.000000000
point-0006554,13574.634695947,300.316843118,217.825207328,339.500000000,0.000000000,0.000000000
point-0006555,13604.274791018,259.472373852,245.611984497,339.500000000,0.000000000,0.000000000
point-0006556,13606.314798028,257.559923493,242.800825826,339.500000000,0.000000000,0.000000000
point-0006557,13606.698837407,258.196150998,242.730836007,339.500000000,0.000000000,0.000000000
point-0006558,13609.685604515,263.174096177,242.730836007,339.500000000,0.000000000,0.000000000
point-0006559,13610.325623216,264.056050979,242.130836007,339.500000000,0.000000000,0.000000000
point-0006560,13613.312390322,259.078105804,242.130836007,339.500000000,0.000000000,0.000000000
point-0006561,13613.952409025,259.960060609,241.530836007,339.500000000,0.000000000,0.000000000
point-0006562,13616.939176129,264.938005782,241.530836007,339.500000000,0.000000000,0.000000000
point-0006563,13617.579194830,265.819960584,240.930836007,339.500000000,0.000000000,0.000000000
point-0006564,13620.565961932,260.842015414,240.930836007,339.500000000,0.000000000,0.000000000
point-0006565,13621.205980635,261.723970219,240.330836007,339.500000000,0.000000000,0.000000000
point-0006566,13624.192747735,266.701915386,240.330836007,339.500000000,0.000000000,0.000000000
point-0006567,13624.832766436,267.583870188,239.730836007,339.500000000,0.000000000,0.000000000
point-0006568,13627.819533534,262.605925025,239.730836007,339.500000000,0.000000000,0.000000000
point-0006569,13628.459552237,263.487879830,239.130836007,339.500000000,0.000000000,0.000000000
point-0006570,13631.446319334,268.465824990,239.130836007,339.500000000,0.000000000,0.000000000
point-0006571,13632.086338035,269.347779792,238.530836007,339.500000000,0.000000000,0.000000000
point-0006572,13635.073105130,264.369834635,238.530836007,339.500000000,0.000000000,0.000000000
point-0006573,13635.713123833,265.251789440,237.930836007,339.500000000,0.000000000,0.000000000
point-0006574,13638.699890925,270.229734594,237.930836007,339.500000000,0.000000000,0.000000000
point-0006575,13639.339909627,271.111689397,237.330836007,339.500000000,0.000000000,0.000000000
point-0006576,13642.326676717,266.133744246,237.330836007,339.500000000,0.000000000,0.000000000
point-0006577,13642.966695420,267.015699051,236.730836007,339.500000000,0.000000000,0.000000000
point-0006578,13645.953462509,271.993644199,236.730836007,339.500000000,0.000000000,0.000000000
point-0006579,13646.593481211,272.875599001,236.130836007,339.500000000,0.000000000,0.000000000
point-0006580,13649.580248298,267.897653856,236.130836007,339.500000000,0.000000000,0.000000000
point-0006581,13650.220267001,268.779608661,235.530836007,339.500000000,0.000000000,0.000000000
point-0006582,13653.207034086,273.757553803,235.530836007,339.500000000,0.000000000,0.000000000
point-0006583,13653.847052787,274.639508605,234.930836007,339.500000000,0.000000000,0.000000000
point-0006584,13656.833819870,269.661563466,234.930836007,339.500000000,0.000000000,0.000000000
point-0006585,13657.473838573,270.543518272,234.330836007,339.500000000,0.000000000,0.000000000
point-0006586,13660.460605655,275.521463407,234.330836007,339.500000000,0.000000000,0.000000000
point-0006587,13661.100624356,276.403418209,233.730836007,339.500000000,0.000000000,0.000000000
point-0006588,13664.087391436,271.425473077,233.730836007,339.500000000,0.000000000,0.000000000
point-0006589,13664.727410139,272.307427882,233.130836007,339.500000000,0.000000000,0.000000000
point-0006590,13667.714177217,277.285373012,233.130836007,339.500000000,0.000000000,0.000000000
point-0006591,13668.354195918,278.167327814,232.530836007,339.500000000,0.000000000,0.000000000
point-0006592,13671.340962994,273.189382687,232.530836007,339.500000000,0.000000000,0.000000000
point-0006593,13671.980981697,274.071337493,231.930836007,339.500000000,0.000000000,0.000000000
point-0006594,13674.967748771,279.049282616,231.930836007,339.500000000,0.000000000,0.000000000
point-0006595,13675.607767472,279.931237418,231.330836007,339.500000000,0.000000000,0.000000000
point-0006596,13678.594534545,274.953292298,231.330836007,339.500000000,0.000000000,0.000000000
point-0006597,13679.234553248,275.835247103,230.730836007,339.500000000,0.000000000,0.000000000
point-0006598,13682.221320318,280.813192220,230.730836007,339.500000000,0.000000000,0.000000000
point-0006599,13682.861339019,281.695147022,230.130836007,339.500000000,0.000000000,0.000000000
point-0006600,13685.848106088,276.717201908,230.130836007,339.500000000,0.000000000,0.000000000
point-0006601,13686.488124791,277.599156714,229.530836007,339.500000000,0.000000000,0.000000000
point-0006602,13689.474891857,282.577101824,229.530836007,339.500000000,0.000000000,0.000000000
point-0006603,13690.114910559,283.459056627,228.930836007,339.500000000,0.000000000,0.000000000
point-0006604,13693.101677623,278.481111519,228.930836007,339.500000000,0.000000000,0.000000000
point-0006605,13693.741696327,279.363066324,228.330836007,339.500000000,0.000000000,0.000000000
point-0006606,13696.728463389,284.341011429,228.330836007,339.500000000,0.000000000,0.000000000
point-0006607,13697.368482091,285.222966231,227.730836007,339.500000000,0.000000000,0.000000000
point-0006608,13700.355249152,280.245021129,227.730836007,339.500000000,0.000000000,0.000000000
point-0006609,13700.995267855,281.126975934,227.130836007,339.500000000,0.000000000,0.000000000
point-0006610,13703.982034914,286.104921033,227.130836007,339.500000000,0.000000000,0.000000000
point-0006611,13704.622053615,286.986875835,226.530836007,339.500000000,0.000000000,0.000000000
point-0006612,13707.608820673,282.008930740,226.530836007,339.500000000,0.000000000,0.000000000
point-0006613,13708.248839376,282.890885545,225.930836007,339.500000000,0.000000000,0.000000000
point-0006614,13711.235606431,287.868830637,225.930836007,339.500000000,0.000000000,0.000000000
point-0006615,13711.875625133,288.750785439,225.330836007,339.500000000,0.000000000,0.000000000
point-0006616,13714.862392186,283.772840350,225.330836007,339.500000000,0.000000000,0.000000000
point-0006617,13715.502410889,284.654795155,224.730836007,339.500000000,0.000000000,0.000000000
point-0006618,13718.489177941,289.632740242,224.730836007,339.500000000,0.000000000,0.000000000
point-0006619,13719.129196642,290.514695044,224.130836007,339.500000000,0.000000000,0.000000000
point-0006620,13722.115963692,285.536749961,224.130836007,339.500000000,0.000000000,0.000000000
point-0006621,13722.755982395,286.418704766,223.530836007,339.500000000,0.000000000,0.000000000
point-0006622,13725.742749443,291.396649846,223.530836007,339.500000000,0.000000000,0.000000000
point-0006623,13726.382768145,292.278604648,222.930836007,339.500000000,0.000000000,0.000000000
point-0006624,13729.369535191,287.300659571,222.930836007,339.500000000,0.000000000,0.000000000
point-0006625,13730.009553894,288.182614376,222.330836007,339.500000000,0.000000000,0.000000000
point-0006626,13732.996320938,293.160559450,222.330836007,339.500000000,0.000000000,0.000000000
point-0006627,13733.636339640,294.042514252,221.730836007,339.500000000,0.000000000,0.000000000
point-0006628,13736.623106682,289.064569182,221.730836007,339.500000000,0.000000000,0.000000000
point-0006629,13737.263125385,289.946523987,221.130836007,339.500000000,0.000000000,0.000000000
point-0006630,13740.249892426,294.924469054,221.130836007,339.500000000,0.000000000,0.000000000
point-0006631,13740.889911127,295.806423857,220.530836007,339.500000000,0.000000000,0.000000000
point-0006632,13743.876678166,290.828478792,220.530836007,339.500000000,0.000000000,0.000000000
point-0006633,13744.516696869,291.710433597,219.930836007,339.500000000,0.000000000,0.000000000
point-0006634,13747.503463906,296.688378659,219.930836007,339.500000000,0.000000000,0.000000000
point-0006635,13748.143482607,297.570333461,219.330836007,339.500000000,0.000000000,0.000000000
point-0006636,13751.130249642,292.592388403,219.330836007,339.500000000,0.000000000,0.000000000
point-0006637,13751.770268345,293.474343208,218.730836007,339.500000000,0.000000000,0.000000000
point-0006638,13754.757035378,298.452288263,218.730836007,339.500000000,0.000000000,0.000000000
point-0006639,13755.397054080,299.334243065,218.130836007,339.500000000,0.000000000,0.000000000
point-0006640,13758.383821111,294.356298013,218.130836007,339.500000000,0.000000000,0.000000000
point-0006641,13759.023839814,295.238252818,217.530836007,339.500000000,0.000000000,0.000000000
point-0006642,13761.733131686,299.753739271,217.530836007,339.500000000,0.000000000,0.000000000
point-0006643,13762.168540869,299.345555089,216.930836007,339.500000000,0.000000000,0.000000000
point-0006644,13764.103749349,296.120207623,216.930836007,339.500000000,0.000000000,0.000000000
point-0006645,13764.743768052,297.002162429,216.330836007,339.500000000,0.000000000,0.000000000
point-0006646,13765.904893140,298.937370908,216.330836007,339.500000000,0.000000000,0.000000000
point-0006647,13766.340302324,298.529186727,215.730836007,339.500000000,0.000000000,0.000000000
point-0006648,13766.727344019,297.884117234,215.730836007,339.500000000,0.000000000,0.000000000
point-0006649,13793.750991967,262.292141375,243.330836007,339.500000000,0.000000000,0.000000000
point-0006650,13796.156276403,258.283333981,243.330836007,339.500000000,0.000000000,0.000000000
point-0006651,13796.591685553,258.691518061,243.930836007,339.500000000,0.000000000,0.000000000
point-0006652,13798.222886660,261.410186573,243.930836007,339.500000000,0.000000000,0.000000000
point-0006653,13798.862905362,260.528231771,244.530836007,339.500000000,0.000000000,0.000000000
point-0006654,13799.720023140,259.099702140,244.530836007,339.500000000,0.000000000,0.000000000
point-0006655,13800.155432290,259.507886220,245.130836007,339.500000000,0.000000000,0.000000000
point-0006656,13800.238466739,259.646276969,245.130836007,339.500000000,0.000000000,0.000000000
point-0006657,13802.119511552,257.594657069,242.837465324,340.100000000,0.000000000,0.000000000
point-0006658,13802.408266815,257.993869964,242.568692055,340.100000000,0.000000000,0.000000000
point-0006659,13831.759632446,298.573065366,215.248518975,340.100000000,0.000000000,0.000000000
point-0006660,13833.799641855,300.471900700,218.068896789,340.100000000,0.000000000,0.000000000
point-0006661,13863.439763025,259.493491651,245.657842847,340.100000000,0.000000000,0.000000000
point-0006662,13865.479772037,257.594657069,242.837465324,340.100000000,0.000000000,0.000000000
point-0006663,13865.758928748,258.042120734,242.964918214,340.100000000,0.000000000,0.000000000
point-0006664,13868.707359621,262.956172187,242.964918214,340.100000000,0.000000000,0.000000000
point-0006665,13869.351968250,262.064980281,243.564918214,340.100000000,0.000000000,0.000000000
point-0006666,13871.523312011,258.446074013,243.564918214,340.100000000,0.000000000,0.000000000
point-0006667,13871.957298382,258.850027292,244.164918214,340.100000000,0.000000000,0.000000000
point-0006668,13873.351555032,261.173788375,244.164918214,340.100000000,0.000000000,0.000000000
point-0006669,13873.996163661,260.282596469,244.764918214,340.100000000,0.000000000,0.000000000
point-0006670,13874.613333200,259.253980571,244.764918214,340.100000000,0.000000000,0.000000000
point-0006671,13876.075244583,258.833713154,242.364918214,340.100000000,0.000000000,0.000000000
point-0006672,13879.083435147,263.847364094,242.364918214,340.100000000,0.000000000,0.000000000
point-0006673,13879.728043776,264.738556000,241.764918214,340.100000000,0.000000000,0.000000000
point-0006674,13882.736234337,259.724905065,241.764918214,340.100000000,0.000000000,0.000000000
point-0006675,13883.380842968,260.616096975,241.164918214,340.100000000,0.000000000,0.000000000
point-0006676,13886.389033527,265.629747906,241.164918214,340.100000000,0.000000000,0.000000000
point-0006677,13887.033642156,266.520939813,240.564918214,340.100000000,0.000000000,0.000000000
point-0006678,13890.041832712,261.507288886,240.564918214,340.100000000,0.000000000,0.000000000
point-0006679,13890.686441343,262.398480796,239.964918214,340.100000000,0.000000000,0.000000000
point-0006680,13893.694631897,267.412131719,239.964918214,340.100000000,0.000000000,0.000000000
point-0006681,13894.339240526,268.303323625,239.364918214,340.100000000,0.000000000,0.000000000
point-0006682,13897.347431077,263.289672707,239.364918214,340.100000000,0.000000000,0.000000000
point-0006683,13897.992039709,264.180864617,238.764918214,340.100000000,0.000000000,0.000000000
point-0006684,13901.000230257,269.194515531,238.764918214,340.100000000,0.000000000,0.000000000
point-0006685,13901.644838887,270.085707438,238.164918214,340.100000000,0.000000000,0.000000000
point-0006686,13904.653029433,265.072056528,238.164918214,340.100000000,0.000000000,0.000000000
point-0006687,13905.297638064,265.963248438,237.564918214,340.100000000,0.000000000,0.000000000
point-0006688,13908.305828607,270.976899344,237.564918214,340.100000000,0.000000000,0.000000000
point-0006689,13908.950437237,271.868091250,236.964918214,340.100000000,0.000000000,0.000000000
point-0006690,13911.958627778,266.854440348,236.964918214,340.100000000,0.000000000,0.000000000
point-0006691,13912.603236409,267.745632259,236.364918214,340.100000000,0.000000000,0.000000000
point-0006692,13915.611426948,272.759283156,236.364918214,340.100000000,0.000000000,0.000000000
point-0006693,13916.256035577,273.650475063,235.764918214,340.100000000,0.000000000,0.000000000
point-0006694,13919.264226113,268.636824169,235.764918214,340.100000000,0.000000000,0.000000000
point-0006695,13919.908834744,269.528016080,235.164918214,340.100000000,0.000000000,0.000000000
point-0006696,13922.917025278,274.541666969,235.164918214,340.100000000,0.000000000,0.000000000
point-0006697,13923.561633907,275.432858875,234.564918214,340.100000000,0.000000000,0.000000000
point-0006698,13926.569824438,270.419207990,234.564918214,340.100000000,0.000000000,0.000000000
point-0006699,13927.214433070,271.310399901,233.964918214,340.100000000,0.000000000,0.000000000
point-0006700,13930.222623598,276.324050782,233.964918214,340.100000000,0.000000000,0.000000000
point-0006701,13930.867232228,277.215242688,233.364918214,340.100000000,0.000000000,0.000000000
point-0006702,13933.875422754,272.201591811,233.364918214,340.100000000,0.000000000,0.000000000
point-0006703,13934.520031385,273.092783722,232.764918214,340.100000000,0.000000000,0.000000000
point-0006704,13937.528221908,278.106434594,232.764918214,340.100000000,0.000000000,0.000000000
point-0006705,13938.172830538,278.997626500,232.164918214,340.100000000,0.000000000,0.000000000
point-0006706,13941.181021059,273.983975632,232.164918214,340.100000000,0.000000000,0.000000000
point-0006707,13941.825629690,274.875167542,231.564918214,340.100000000,0.000000000,0.000000000
point-0006708,13944.833820209,279.888818407,231.564918214,340.100000000,0.000000000,0.000000000
point-0006709,13945.478428838,280.780010313,230.964918214,340.100000000,0.000000000,0.000000000
point-0006710,13948.486619354,275.766359453,230.964918214,340.100000000,0.000000000,0.000000000
point-0006711,13949.131227985,276.657551363,230.364918214,340.100000000,0.000000000,0.000000000
point-0006712,13952.139418499,281.671202219,230.364918214,340.100000000,0.000000000,0.000000000
point-0006713,13952.784027128,282.562394126,229.764918214,340.100000000,0.000000000,0.000000000
point-0006714,13955.792217639,277.548743274,229.764918214,340.100000000,0.000000000,0.000000000
point-0006715,13956.436826271,278.439935184,229.164918214,340.100000000,0.000000000,0.000000000
point-0006716,13959.445016779,283.453586032,229.164918214,340.100000000,0.000000000,0.000000000
point-0006717,13960.089625409,284.344777938,228.564918214,340.100000000,0.000000000,0.000000000
point-0006718,13963.097815915,279.331127095,228.564918214,340.100000000,0.000000000,0.000000000
point-0006719,13963.742424546,280.222319005,227.964918214,340.100000000,0.000000000,0.000000000
point-0006720,13966.750615050,285.235969844,227.964918214,340.100000000,0.000000000,0.000000000
point-0006721,13967.395223679,286.127161751,227.364918214,340.100000000,0.000000000,0.000000000
point-0006722,13970.403414180,281.113510916,227.364918214,340.100000000,0.000000000,0.000000000
point-0006723,13971.048022811,282.004702826,226.764918214,340.100000000,0.000000000,0.000000000
point-0006724,13974.056213310,287.018353657,226.764918214,340.100000000,0.000000000,0.000000000
point-0006725,13974.700821939,287.909545563,226.164918214,340.100000000,0.000000000,0.000000000
point-0006726,13977.709012435,282.895894736,226.164918214,340.100000000,0.000000000,0.000000000
point-0006727,13978.353621067,283.787086647,225.564918214,340.100000000,0.000000000,0.000000000
point-0006728,13981.361811560,288.800737470,225.564918214,340.100000000,0.000000000,0.000000000
point-0006729,13982.006420190,289.691929376,224.964918214,340.100000000,0.000000000,0.000000000
point-0006730,13985.014610681,284.678278557,224.964918214,340.100000000,0.000000000,0.000000000
point-0006731,13985.659219312,285.569470468,224.364918214,340.100000000,0.000000000,0.000000000
point-0006732,13988.667409801,290.583121282,224.364918214,340.100000000,0.000000000,0.000000000
point-0006733,13989.312018430,291.474313188,223.764918214,340.100000000,0.000000000,0.000000000
point-0006734,13992.320208916,286.460662378,223.764918214,340.100000000,0.000000000,0.000000000
point-0006735,13992.964817547,287.351854289,223.164918214,340.100000000,0.000000000,0.000000000
point-0006736,13995.973008031,292.365505095,223.164918214,340.100000000,0.000000000,0.000000000
point-0006737,13996.617616660,293.256697001,222.564918214,340.100000000,0.000000000,0.000000000
point-0006738,13999.625807141,288.243046199,222.564918214,340.100000000,0.000000000,0.000000000
point-0006739,14000.270415773,289.134238110,221.964918214,340.100000000,0.000000000,0.000000000
point-0006740,14003.278606251,294.147888907,221.964918214,340.100000000,0.000000000,0.000000000
point-0006741,14003.923214880,295.039080813,221.364918214,340.100000000,0.000000000,0.000000000
point-0006742,14006.931405357,290.025430020,221.364918214,340.100000000,0.000000000,0.000000000
point-0006743,14007.576013988,290.916621930,220.764918214,340.100000000,0.000000000,0.000000000
point-0006744,14010.584204461,295.930272720,220.764918214,340.100000000,0.000000000,0.000000000
point-0006745,14011.228813091,296.821464626,220.164918214,340.100000000,0.000000000,0.000000000
point-0006746,14014.237003562,291.807813841,220.164918214,340.100000000,0.000000000,0.000000000
point-0006747,14014.881612193,292.699005751,219.564918214,340.100000000,0.000000000,0.000000000
point-0006748,14017.889802662,297.712656532,219.564918214,340.100000000,0.000000000,0.000000000
point-0006749,14018.534411291,298.603848439,218.964918214,340.100000000,0.000000000,0.000000000
point-0006750,14021.542601757,293.590197662,218.964918214,340.100000000,0.000000000,0.000000000
point-0006751,14022.187210389,294.481389572,218.364918214,340.100000000,0.000000000,0.000000000
point-0006752,14025.195400852,299.495040345,218.364918214,340.100000000,0.000000000,0.000000000
point-0006753,14025.631609959,299.905590060,217.764918214,340.100000000,0.000000000,0.000000000
point-0006754,14028.351415105,295.372581483,217.764918214,340.100000000,0.000000000,0.000000000
point-0006755,14028.996023737,296.263773393,217.164918214,340.100000000,0.000000000,0.000000000
point-0006756,14030.938741699,299.501636663,217.164918214,340.100000000,0.000000000,0.000000000
point-0006757,14031.372728110,299.097683265,216.564918214,340.100000000,0.000000000,0.000000000
point-0006758,14032.538358887,297.154965304,216.564918214,340.100000000,0.000000000,0.000000000
point-0006759,14033.182967518,298.046157214,215.964918214,340.100000000,0.000000000,0.000000000
point-0006760,14033.571511111,298.693729868,215.964918214,340.100000000,0.000000000,0.000000000
point-0006761,14063.031407364,257.628195948,242.873187278,340.700000000,0.000000000,0.000000000
point-0006762,14063.320162990,258.028666467,242.606290387,340.700000000,0.000000000,0.000000000
point-0006763,14092.671544918,298.735669728,215.476869097,340.700000000,0.000000000,0.000000000
point-0006764,14094.711555652,300.621247409,218.306130214,340.700000000,0.000000000,0.000000000
point-0006765,14124.351693497,259.513772849,245.702448101,340.700000000,0.000000000,0.000000000
point-0006766,14126.391703825,257.628195948,242.873187278,340.700000000,0.000000000,0.000000000
point-0006767,14126.785699476,258.201778388,243.192882095,340.700000000,0.000000000,0.000000000
point-0006768,14129.507649258,262.738361356,243.192882095,340.700000000,0.000000000,0.000000000
point-0006769,14130.156790605,261.838076696,243.792882095,340.700000000,0.000000000,0.000000000
point-0006770,14132.098645551,258.601651786,243.792882095,340.700000000,0.000000000,0.000000000
point-0006771,14132.531269573,259.001525185,244.392882095,340.700000000,0.000000000,0.000000000
point-0006772,14133.693029684,260.937792036,244.392882095,340.700000000,0.000000000,0.000000000
point-0006773,14134.342171031,260.037507376,244.992882095,340.700000000,0.000000000,0.000000000
point-0006774,14134.723836307,259.401398583,244.992882095,340.700000000,0.000000000,0.000000000
point-0006775,14136.243956824,258.589736390,242.592882095,340.700000000,0.000000000,0.000000000
point-0006776,14139.273302600,263.638646016,242.592882095,340.700000000,0.000000000,0.000000000
point-0006777,14139.922443947,264.538930676,241.992882095,340.700000000,0.000000000,0.000000000
point-0006778,14142.951789720,259.490021055,241.992882095,340.700000000,0.000000000,0.000000000
point-0006779,14143.600931070,260.390305720,241.392882095,340.700000000,0.000000000,0.000000000
point-0006780,14146.630276840,265.439215337,241.392882095,340.700000000,0.000000000,0.000000000
point-0006781,14147.279418188,266.339499997,240.792882095,340.700000000,0.000000000,0.000000000
point-0006782,14150.308763955,261.290590385,240.792882095,340.700000000,0.000000000,0.000000000
point-0006783,14150.957905305,262.190875050,240.192882095,340.700000000,0.000000000,0.000000000
point-0006784,14153.987251069,267.239784657,240.192882095,340.700000000,0.000000000,0.000000000
point-0006785,14154.636392416,268.140069317,239.592882095,340.700000000,0.000000000,0.000000000
point-0006786,14157.665738177,263.091159715,239.592882095,340.700000000,0.000000000,0.000000000
point-0006787,14158.314879527,263.991444380,238.992882095,340.700000000,0.000000000,0.000000000
point-0006788,14161.344225285,269.040353977,238.992882095,340.700000000,0.000000000,0.000000000
point-0006789,14161.993366633,269.940638637,238.392882095,340.700000000,0.000000000,0.000000000
point-0006790,14165.022712388,264.891729045,238.392882095,340.700000000,0.000000000,0.000000000
point-0006791,14165.671853738,265.792013710,237.792882095,340.700000000,0.000000000,0.000000000
point-0006792,14168.701199490,270.840923297,237.792882095,340.700000000,0.000000000,0.000000000
point-0006793,14169.350340838,271.741207957,237.192882095,340.700000000,0.000000000,0.000000000
point-0006794,14172.379686587,266.692298375,237.192882095,340.700000000,0.000000000,0.000000000
point-0006795,14173.028827937,267.592583040,236.592882095,340.700000000,0.000000000,0.000000000
point-0006796,14176.058173683,272.641492617,236.592882095,340.700000000,0.000000000,0.000000000
point-0006797,14176.707315031,273.541777277,235.992882095,340.700000000,0.000000000,0.000000000
point-0006798,14179.736660774,268.492867705,235.992882095,340.700000000,0.000000000,0.000000000
point-0006799,14180.385802124,269.393152369,235.392882095,340.700000000,0.000000000,0.000000000
point-0006800,14183.415147864,274.442061937,235.392882095,340.700000000,0.000000000,0.000000000
point-0006801,14184.064289212,275.342346597,234.792882095,340.700000000,0.000000000,0.000000000
point-0006802,14187.093634949,270.293437034,234.792882095,340.700000000,0.000000000,0.000000000
point-0006803,14187.742776299,271.193721699,234.192882095,340.700000000,0.000000000,0.000000000
point-0006804,14190.772122034,276.242631257,234.192882095,340.700000000,0.000000000,0.000000000
point-0006805,14191.421263381,277.142915917,233.592882095,340.700000000,0.000000000,0.000000000
point-0006806,14194.450609113,272.094006364,233.592882095,340.700000000,0.000000000,0.000000000
point-0006807,14195.099750463,272.994291029,232.992882095,340.700000000,0.000000000,0.000000000
point-0006808,14198.129096191,278.043200577,232.992882095,340.700000000,0.000000000,0.000000000
point-0006809,14198.778237539,278.943485237,232.392882095,340.700000000,0.000000000,0.000000000
point-0006810,14201.807583264,273.894575694,232.392882095,340.700000000,0.000000000,0.000000000
point-0006811,14202.456724614,274.794860359,231.792882095,340.700000000,0.000000000,0.000000000
point-0006812,14205.486070337,279.843769897,231.792882095,340.700000000,0.000000000,0.000000000
point-0006813,14206.135211684,280.744054557,231.192882095,340.700000000,0.000000000,0.000000000
point-0006814,14209.164557404,275.695145024,231.192882095,340.700000000,0.000000000,0.000000000
point-0006815,14209.813698754,276.595429689,230.592882095,340.700000000,0.000000000,0.000000000
point-0006816,14212.843044471,281.644339217,230.592882095,340.700000000,0.000000000,0.000000000
point-0006817,14213.492185818,282.544623877,229.992882095,340.700000000,0.000000000,0.000000000
point-0006818,14216.521531532,277.495714354,229.992882095,340.700000000,0.000000000,0.000000000
point-0006819,14217.170672882,278.395999019,229.392882095,340.700000000,0.000000000,0.000000000
point-0006820,14220.200018593,283.444908537,229.392882095,340.700000000,0.000000000,0.000000000
point-0006821,14220.849159940,284.345193198,228.792882095,340.700000000,0.000000000,0.000000000
point-0006822,14223.878505649,279.296283684,228.792882095,340.700000000,0.000000000,0.000000000
point-0006823,14224.527646998,280.196568349,228.192882095,340.700000000,0.000000000,0.000000000
point-0006824,14227.556992703,285.245477858,228.192882095,340.700000000,0.000000000,0.000000000
point-0006825,14228.206134051,286.145762518,227.592882095,340.700000000,0.000000000,0.000000000
point-0006826,14231.235479753,281.096853014,227.592882095,340.700000000,0.000000000,0.000000000
point-0006827,14231.884621103,281.997137679,226.992882095,340.700000000,0.000000000,0.000000000
point-0006828,14234.913966802,287.046047178,226.992882095,340.700000000,0.000000000,0.000000000
point-0006829,14235.563108149,287.946331838,226.392882095,340.700000000,0.000000000,0.000000000
point-0006830,14238.592453846,282.897422344,226.392882095,340.700000000,0.000000000,0.000000000
point-0006831,14239.241595195,283.797707009,225.792882095,340.700000000,0.000000000,0.000000000
point-0006832,14242.270940889,288.846616498,225.792882095,340.700000000,0.000000000,0.000000000
point-0006833,14242.920082236,289.746901158,225.192882095,340.700000000,0.000000000,0.000000000
point-0006834,14245.949427926,284.697991674,225.192882095,340.700000000,0.000000000,0.000000000
point-0006835,14246.598569276,285.598276339,224.592882095,340.700000000,0.000000000,0.000000000
point-0006836,14249.627914963,290.647185818,224.592882095,340.700000000,0.000000000,0.000000000
point-0006837,14250.277056311,291.547470478,223.992882095,340.700000000,0.000000000,0.000000000
point-0006838,14253.306401995,286.498561004,223.992882095,340.700000000,0.000000000,0.000000000
point-0006839,14253.955543345,287.398845669,223.392882095,340.700000000,0.000000000,0.000000000
point-0006840,14256.984889027,292.447755138,223.392882095,340.700000000,0.000000000,0.000000000
point-0006841,14257.634030374,293.348039798,222.792882095,340.700000000,0.000000000,0.000000000
point-0006842,14260.663376052,288.299130334,222.792882095,340.700000000,0.000000000,0.000000000
point-0006843,14261.312517402,289.199414999,222.192882095,340.700000000,0.000000000,0.000000000
point-0006844,14264.341863078,294.248324458,222.192882095,340.700000000,0.000000000,0.000000000
point-0006845,14264.991004425,295.148609118,221.592882095,340.700000000,0.000000000,0.000000000
point-0006846,14268.020350098,290.099699664,221.592882095,340.700000000,0.000000000,0.000000000
point-0006847,14268.669491448,290.999984329,220.992882095,340.700000000,0.000000000,0.000000000
point-0006848,14271.698837117,296.048893778,220.992882095,340.700000000,0.000000000,0.000000000
point-0006849,14272.347978465,296.949178438,220.392882095,340.700000000,0.000000000,0.000000000
point-0006850,14275.377324131,291.900268994,220.392882095,340.700000000,0.000000000,0.000000000
point-0006851,14276.026465481,292.800553659,219.792882095,340.700000000,0.000000000,0.000000000
point-0006852,14279.055811145,297.849463098,219.792882095,340.700000000,0.000000000,0.000000000
point-0006853,14279.704952492,298.749747758,219.192882095,340.700000000,0.000000000,0.000000000
point-0006854,14282.734298153,293.700838324,219.192882095,340.700000000,0.000000000,0.000000000
point-0006855,14283.383439503,294.601122989,218.592882095,340.700000000,0.000000000,0.000000000
point-0006856,14286.412785161,299.650032418,218.592882095,340.700000000,0.000000000,0.000000000
point-0006857,14286.846094357,300.051961309,217.992882095,340.700000000,0.000000000,0.000000000
point-0006858,14289.576426550,295.501407654,217.992882095,340.700000000,0.000000000,0.000000000
point-0006859,14290.225567900,296.401692319,217.392882095,340.700000000,0.000000000,0.000000000
point-0006860,14292.175805181,299.652087787,217.392882095,340.700000000,0.000000000,0.000000000
point-0006861,14292.608429244,299.252214264,216.792882095,340.700000000,0.000000000,0.000000000
point-0006862,14293.778571613,297.301976984,216.792882095,340.700000000,0.000000000,0.000000000
point-0006863,14294.427712963,298.202261649,216.192882095,340.700000000,0.000000000,0.000000000
point-0006864,14294.817760419,298.852340742,216.192882095,340.700000000,0.000000000,0.000000000
point-0006865,14324.277821311,257.660537880,242.907959168,341.300000000,0.000000000,0.000000000
point-0006866,14324.566576862,258.062218254,242.642886830,341.300000000,0.000000000,0.000000000
point-0006867,14353.917965028,298.892217867,215.698912311,341.300000000,0.000000000,0.000000000
point-0006868,14355.957976268,300.764906497,218.536722152,341.300000000,0.000000000,0.000000000
point-0006869,14385.598120267,259.533225765,245.745768735,341.300000000,0.000000000,0.000000000
point-0006870,14387.638131125,257.660537880,242.907959168,341.300000000,0.000000000,0.000000000
point-0006871,14388.053669021,258.346771811,242.814542239,341.300000000,0.000000000,0.000000000
point-0006872,14391.103866392,263.430434096,242.814542239,341.300000000,0.000000000,0.000000000
point-0006873,14391.757475711,264.339654064,242.214542239,341.300000000,0.000000000,0.000000000
point-0006874,14394.807673079,259.255991784,242.214542239,341.300000000,0.000000000,0.000000000
point-0006875,14395.461282400,260.165211756,241.614542239,341.300000000,0.000000000,0.000000000
point-0006876,14398.511479765,265.248874031,241.614542239,341.300000000,0.000000000,0.000000000
point-0006877,14399.165089084,266.158093998,241.014542239,341.300000000,0.000000000,0.000000000
point-0006878,14402.215286446,261.074431728,241.014542239,341.300000000,0.000000000,0.000000000
point-0006879,14402.868895767,261.983651701,240.414542239,341.300000000,0.000000000,0.000000000
point-0006880,14405.919093125,267.067313965,240.414542239,341.300000000,0.000000000,0.000000000
point-0006881,14406.572702444,267.976533932,239.814542239,341.300000000,0.000000000,0.000000000
point-0006882,14409.622899800,262.892871673,239.814542239,341.300000000,0.000000000,0.000000000
point-0006883,14410.276509121,263.802091645,239.214542239,341.300000000,0.000000000,0.000000000
point-0006884,14413.326706473,268.885753899,239.214542239,341.300000000,0.000000000,0.000000000
point-0006885,14413.980315792,269.794973866,238.614542239,341.300000000,0.000000000,0.000000000
point-0006886,14417.030513141,264.711311618,238.614542239,341.300000000,0.000000000,0.000000000
point-0006887,14417.684122462,265.620531590,238.014542239,341.300000000,0.000000000,0.000000000
point-0006888,14420.734319808,270.704193833,238.014542239,341.300000000,0.000000000,0.000000000
point-0006889,14421.387929127,271.613413800,237.414542239,341.300000000,0.000000000,0.000000000
point-0006890,14424.438126469,266.529751563,237.414542239,341.300000000,0.000000000,0.000000000
point-0006891,14425.091735791,267.438971535,236.814542239,341.300000000,0.000000000,0.000000000
point-0006892,14428.141933130,272.522633767,236.814542239,341.300000000,0.000000000,0.000000000
point-0006893,14428.795542449,273.431853735,236.214542239,341.300000000,0.000000000,0.000000000
point-0006894,14431.845739785,268.348191507,236.214542239,341.300000000,0.000000000,0.000000000
point-0006895,14432.499349106,269.257411480,235.614542239,341.300000000,0.000000000,0.000000000
point-0006896,14435.549546440,274.341073702,235.614542239,341.300000000,0.000000000,0.000000000
point-0006897,14436.203155758,275.250293669,235.014542239,341.300000000,0.000000000,0.000000000
point-0006898,14439.253353088,270.166631452,235.014542239,341.300000000,0.000000000,0.000000000
point-0006899,14439.906962410,271.075851424,234.414542239,341.300000000,0.000000000,0.000000000
point-0006900,14442.957159736,276.159513636,234.414542239,341.300000000,0.000000000,0.000000000
point-0006901,14443.610769055,277.068733603,233.814542239,341.300000000,0.000000000,0.000000000
point-0006902,14446.660966379,271.985071397,233.814542239,341.300000000,0.000000000,0.000000000
point-0006903,14447.314575700,272.894291369,233.214542239,341.300000000,0.000000000,0.000000000
point-0006904,14450.364773021,277.977953570,233.214542239,341.300000000,0.000000000,0.000000000
point-0006905,14451.018382339,278.887173537,232.614542239,341.300000000,0.000000000,0.000000000
point-0006906,14454.068579657,273.803511342,232.614542239,341.300000000,0.000000000,0.000000000
point-0006907,14454.722188978,274.712731314,232.014542239,341.300000000,0.000000000,0.000000000
point-0006908,14457.772386292,279.796393504,232.014542239,341.300000000,0.000000000,0.000000000
point-0006909,14458.425995611,280.705613471,231.414542239,341.300000000,0.000000000,0.000000000
point-0006910,14461.476192922,275.621951286,231.414542239,341.300000000,0.000000000,0.000000000
point-0006911,14462.129802243,276.531171259,230.814542239,341.300000000,0.000000000,0.000000000
point-0006912,14465.179999551,281.614833438,230.814542239,341.300000000,0.000000000,0.000000000
point-0006913,14465.833608870,282.524053406,230.214542239,341.300000000,0.000000000,0.000000000
point-0006914,14468.883806174,277.440391231,230.214542239,341.300000000,0.000000000,0.000000000
point-0006915,14469.537415496,278.349611204,229.614542239,341.300000000,0.000000000,0.000000000
point-0006916,14472.587612797,283.433273373,229.614542239,341.300000000,0.000000000,0.000000000
point-0006917,14473.241222116,284.342493340,229.014542239,341.300000000,0.000000000,0.000000000
point-0006918,14476.291419414,279.258831176,229.014542239,341.300000000,0.000000000,0.000000000
point-0006919,14476.945028735,280.168051148,228.414542239,341.300000000,0.000000000,0.000000000
point-0006920,14479.995226031,285.251713307,228.414542239,341.300000000,0.000000000,0.000000000
point-0006921,14480.648835349,286.160933274,227.814542239,341.300000000,0.000000000,0.000000000
point-0006922,14483.699032641,281.077271121,227.814542239,341.300000000,0.000000000,0.000000000
point-0006923,14484.352641963,281.986491093,227.214542239,341.300000000,0.000000000,0.000000000
point-0006924,14487.402839251,287.070153241,227.214542239,341.300000000,0.000000000,0.000000000
point-0006925,14488.056448570,287.979373208,226.614542239,341.300000000,0.000000000,0.000000000
point-0006926,14491.106645856,282.895711065,226.614542239,341.300000000,0.000000000,0.000000000
point-0006927,14491.760255177,283.804931038,226.014542239,341.300000000,0.000000000,0.000000000
point-0006928,14494.810452460,288.888593175,226.014542239,341.300000000,0.000000000,0.000000000
point-0006929,14495.464061778,289.797813142,225.414542239,341.300000000,0.000000000,0.000000000
point-0006930,14498.514259058,284.714151010,225.414542239,341.300000000,0.000000000,0.000000000
point-0006931,14499.167868379,285.623370983,224.814542239,341.300000000,0.000000000,0.000000000
point-0006932,14502.218065655,290.707033109,224.814542239,341.300000000,0.000000000,0.000000000
point-0006933,14502.871674974,291.616253077,224.214542239,341.300000000,0.000000000,0.000000000
point-0006934,14505.921872247,286.532590955,224.214542239,341.300000000,0.000000000,0.000000000
point-0006935,14506.575481568,287.441810927,223.614542239,341.300000000,0.000000000,0.000000000
point-0006936,14509.625678838,292.525473044,223.614542239,341.300000000,0.000000000,0.000000000
point-0006937,14510.279288157,293.434693011,223.014542239,341.300000000,0.000000000,0.000000000
point-0006938,14513.329485423,288.351030900,223.014542239,341.300000000,0.000000000,0.000000000
point-0006939,14513.983094745,289.260250872,222.414542239,341.300000000,0.000000000,0.000000000
point-0006940,14517.033292008,294.343912978,222.414542239,341.300000000,0.000000000,0.000000000
point-0006941,14517.686901327,295.253132945,221.814542239,341.300000000,0.000000000,0.000000000
point-0006942,14520.737098587,290.169470844,221.814542239,341.300000000,0.000000000,0.000000000
point-0006943,14521.390707908,291.078690817,221.214542239,341.300000000,0.000000000,0.000000000
point-0006944,14524.440905165,296.162352912,221.214542239,341.300000000,0.000000000,0.000000000
point-0006945,14525.094514484,297.071572879,220.614542239,341.300000000,0.000000000,0.000000000
point-0006946,14528.144711738,291.987910789,220.614542239,341.300000000,0.000000000,0.000000000
point-0006947,14528.798321060,292.897130762,220.014542239,341.300000000,0.000000000,0.000000000
point-0006948,14531.848518310,297.980792846,220.014542239,341.300000000,0.000000000,0.000000000
point-0006949,14532.502127629,298.890012813,219.414542239,341.300000000,0.000000000,0.000000000
point-0006950,14535.552324877,293.806350734,219.414542239,341.300000000,0.000000000,0.000000000
point-0006951,14536.205934198,294.715570706,218.814542239,341.300000000,0.000000000,0.000000000
point-0006952,14539.256131442,299.799232780,218.814542239,341.300000000,0.000000000,0.000000000
point-0006953,14539.686689624,300.192863840,218.214542239,341.300000000,0.000000000,0.000000000
point-0006954,14542.427533521,295.624790679,218.214542239,341.300000000,0.000000000,0.000000000
point-0006955,14543.081142843,296.534010651,217.614542239,341.300000000,0.000000000,0.000000000
point-0006956,14545.038888483,299.796920052,217.614542239,341.300000000,0.000000000,0.000000000
point-0006957,14545.470209401,299.400976264,217.014542239,341.300000000,0.000000000,0.000000000
point-0006958,14546.644856785,297.443230623,217.014542239,341.300000000,0.000000000,0.000000000
point-0006959,14547.298466106,298.352450596,216.414542239,341.300000000,0.000000000,0.000000000
point-0006960,14547.690015235,299.005032476,216.414542239,341.300000000,0.000000000,0.000000000
point-0006961,14574.922805037,262.521214129,243.414542239,341.300000000,0.000000000,0.000000000
point-0006962,14577.422971988,258.354269211,243.414542239,341.300000000,0.000000000,0.000000000
point-0006963,14577.854292866,258.750212880,244.014542239,341.300000000,0.000000000,0.000000000
point-0006964,14579.571361635,261.611994162,244.014542239,341.300000000,0.000000000,0.000000000
point-0006965,14580.224970954,260.702774195,244.614542239,341.300000000,0.000000000,0.000000000
point-0006966,14581.158941542,259.146156549,244.614542239,341.300000000,0.000000000,0.000000000
point-0006967,14581.590262420,259.542100218,245.214542239,341.300000000,0.000000000,0.000000000
point-0006968,14581.741134826,259.793554228,245.214542239,341.300000000,0.000000000,0.000000000
point-0006969,14583.633130366,257.691680610,242.941748468,341.900000000,0.000000000,0.000000000
point-0006970,14583.921885455,258.094523280,242.678447295,341.900000000,0.000000000,0.000000000
point-0006971,14613.273269234,299.042722454,215.914462158,341.900000000,0.000000000,0.000000000
point-0006972,14615.313280117,300.902901223,218.760487156,341.900000000,0.000000000,0.000000000
point-0006973,14644.953419238,259.551858718,245.787773229,341.900000000,0.000000000,0.000000000
point-0006974,14646.993429785,257.691680610,242.941748468,341.900000000,0.000000000,0.000000000
point-0006975,14647.248484777,258.107571360,243.029713216,341.900000000,0.000000000,0.000000000
point-0006976,14650.317910715,263.223281257,243.029713216,341.900000000,0.000000000,0.000000000
point-0006977,14650.975915497,264.141265602,242.429713216,341.900000000,0.000000000,0.000000000
point-0006978,14654.046624506,259.023417252,242.429713216,341.900000000,0.000000000,0.000000000
point-0006979,14654.704629291,259.941401603,241.829713216,341.900000000,0.000000000,0.000000000
point-0006980,14657.775338297,265.059249947,241.829713216,341.900000000,0.000000000,0.000000000
point-0006981,14658.433343079,265.977234292,241.229713216,341.900000000,0.000000000,0.000000000
point-0006982,14661.504052082,260.859385953,241.229713216,341.900000000,0.000000000,0.000000000
point-0006983,14662.162056867,261.777370303,240.629713216,341.900000000,0.000000000,0.000000000
point-0006984,14665.232765867,266.895218637,240.629713216,341.900000000,0.000000000,0.000000000
point-0006985,14665.890770649,267.813202982,240.029713216,341.900000000,0.000000000,0.000000000
point-0006986,14668.961479646,262.695354653,240.029713216,341.900000000,0.000000000,0.000000000
point-0006987,14669.619484430,263.613339003,239.429713216,341.900000000,0.000000000,0.000000000
point-0006988,14672.690193425,268.731187327,239.429713216,341.900000000,0.000000000,0.000000000
point-0006989,14673.348198206,269.649171672,238.829713216,341.900000000,0.000000000,0.000000000
point-0006990,14676.418907197,264.531323353,238.829713216,341.900000000,0.000000000,0.000000000
point-0006991,14677.076911982,265.449307704,238.229713216,341.900000000,0.000000000,0.000000000
point-0006992,14680.147620969,270.567156017,238.229713216,341.900000000,0.000000000,0.000000000
point-0006993,14680.805625751,271.485140362,237.629713216,341.900000000,0.000000000,0.000000000
point-0006994,14683.876334736,266.367292054,237.629713216,341.900000000,0.000000000,0.000000000
point-0006995,14684.534339520,267.285276404,237.029713216,341.900000000,0.000000000,0.000000000
point-0006996,14687.605048502,272.403124707,237.029713216,341.900000000,0.000000000,0.000000000
point-0006997,14688.263053284,273.321109052,236.429713216,341.900000000,0.000000000,0.000000000
point-0006998,14691.333762262,268.203260754,236.429713216,341.900000000,0.000000000,0.000000000
point-0006999,14691.991767047,269.121245104,235.829713216,341.900000000,0.000000000,0.000000000
point-0007000,14695.062476022,274.239093397,235.829713216,341.900000000,0.000000000,0.000000000
point-0007001,14695.720480804,275.157077742,235.229713216,341.900000000,0.000000000,0.000000000
point-0007002,14698.791189776,270.039229455,235.229713216,341.900000000,0.000000000,0.000000000
point-0007003,14699.449194560,270.957213805,234.629713216,341.900000000,0.000000000,0.000000000
point-0007004,14702.519903530,276.075062087,234.629713216,341.900000000,0.000000000,0.000000000
point-0007005,14703.177908311,276.993046432,234.029713216,341.900000000,0.000000000,0.000000000
point-0007006,14706.248617277,271.875198155,234.029713216,341.900000000,0.000000000,0.000000000
point-0007007,14706.906622062,272.793182505,233.429713216,341.900000000,0.000000000,0.000000000
point-0007008,14709.977331025,277.911030777,233.429713216,341.900000000,0.000000000,0.000000000
point-0007009,14710.635335806,278.829015122,232.829713216,341.900000000,0.000000000,0.000000000
point-0007010,14713.706044766,273.711166855,232.829713216,341.900000000,0.000000000,0.000000000
point-0007011,14714.364049551,274.629151206,232.229713216,341.900000000,0.000000000,0.000000000
point-0007012,14717.434758507,279.746999467,232.229713216,341.900000000,0.000000000,0.000000000
point-0007013,14718.092763289,280.664983812,231.629713216,341.900000000,0.000000000,0.000000000
point-0007014,14721.163472243,275.547135556,231.629713216,341.900000000,0.000000000,0.000000000
point-0007015,14721.821477027,276.465119906,231.029713216,341.900000000,0.000000000,0.000000000
point-0007016,14724.892185978,281.582968157,231.029713216,341.900000000,0.000000000,0.000000000
point-0007017,14725.550190759,282.500952502,230.429713216,341.900000000,0.000000000,0.000000000
point-0007018,14728.620899707,277.383104256,230.429713216,341.900000000,0.000000000,0.000000000
point-0007019,14729.278904491,278.301088606,229.829713216,341.900000000,0.000000000,0.000000000
point-0007020,14732.349613435,283.418936847,229.829713216,341.900000000,0.000000000,0.000000000
point-0007021,14733.007618217,284.336921192,229.229713216,341.900000000,0.000000000,0.000000000
point-0007022,14736.078327158,279.219072957,229.229713216,341.900000000,0.000000000,0.000000000
point-0007023,14736.736331943,280.137057307,228.629713216,341.900000000,0.000000000,0.000000000
point-0007024,14739.807040881,285.254905537,228.629713216,341.900000000,0.000000000,0.000000000
point-0007025,14740.465045662,286.172889882,228.029713216,341.900000000,0.000000000,0.000000000
point-0007026,14743.535754597,281.055041657,228.029713216,341.900000000,0.000000000,0.000000000
point-0007027,14744.193759382,281.973026007,227.429713216,341.900000000,0.000000000,0.000000000
point-0007028,14747.264468313,287.090874227,227.429713216,341.900000000,0.000000000,0.000000000
point-0007029,14747.922473095,288.008858572,226.829713216,341.900000000,0.000000000,0.000000000
point-0007030,14750.993182024,282.891010357,226.829713216,341.900000000,0.000000000,0.000000000
point-0007031,14751.651186808,283.808994708,226.229713216,341.900000000,0.000000000,0.000000000
point-0007032,14754.721895734,288.926842917,226.229713216,341.900000000,0.000000000,0.000000000
point-0007033,14755.379900516,289.844827262,225.629713216,341.900000000,0.000000000,0.000000000
point-0007034,14758.450609438,284.726979058,225.629713216,341.900000000,0.000000000,0.000000000
point-0007035,14759.108614222,285.644963408,225.029713216,341.900000000,0.000000000,0.000000000
point-0007036,14762.179323142,290.762811607,225.029713216,341.900000000,0.000000000,0.000000000
point-0007037,14762.837327924,291.680795952,224.429713216,341.900000000,0.000000000,0.000000000
point-0007038,14765.908036840,286.562947758,224.429713216,341.900000000,0.000000000,0.000000000
point-0007039,14766.566041624,287.480932108,223.829713216,341.900000000,0.000000000,0.000000000
point-0007040,14769.636750537,292.598780297,223.829713216,341.900000000,0.000000000,0.000000000
point-0007041,14770.294755319,293.516764642,223.229713216,341.900000000,0.000000000,0.000000000
point-0007042,14773.365464229,288.398916459,223.229713216,341.900000000,0.000000000,0.000000000
point-0007043,14774.023469013,289.316900809,222.629713216,341.900000000,0.000000000,0.000000000
point-0007044,14777.094177920,294.434748987,222.629713216,341.900000000,0.000000000,0.000000000
point-0007045,14777.752182702,295.352733332,222.029713216,341.900000000,0.000000000,0.000000000
point-0007046,14780.822891606,290.234885159,222.029713216,341.900000000,0.000000000,0.000000000
point-0007047,14781.480896390,291.152869509,221.429713216,341.900000000,0.000000000,0.000000000
point-0007048,14784.551605291,296.270717677,221.429713216,341.900000000,0.000000000,0.000000000
point-0007049,14785.209610073,297.188702022,220.829713216,341.900000000,0.000000000,0.000000000
point-0007050,14788.280318970,292.070853859,220.829713216,341.900000000,0.000000000,0.000000000
point-0007051,14788.938323755,292.988838209,220.229713216,341.900000000,0.000000000,0.000000000
point-0007052,14792.009032649,298.106686367,220.229713216,341.900000000,0.000000000,0.000000000
point-0007053,14792.667037431,299.024670712,219.629713216,341.900000000,0.000000000,0.000000000
point-0007054,14795.737746322,293.906822560,219.629713216,341.900000000,0.000000000,0.000000000
point-0007055,14796.395751107,294.824806910,219.029713216,341.900000000,0.000000000,0.000000000
point-0007056,14799.466459995,299.942655057,219.029713216,341.900000000,0.000000000,0.000000000
point-0007057,14799.894411395,300.328308905,218.429713216,341.900000000,0.000000000,0.000000000
point-0007058,14802.645721981,295.742791260,218.429713216,341.900000000,0.000000000,0.000000000
point-0007059,14803.303726766,296.660775610,217.829713216,341.900000000,0.000000000,0.000000000
point-0007060,14805.268948613,299.936145356,217.829713216,341.900000000,0.000000000,0.000000000
point-0007061,14805.699024432,299.543981808,217.229713216,341.900000000,0.000000000,0.000000000
point-0007062,14806.878157540,297.578759960,217.229713216,341.900000000,0.000000000,0.000000000
point-0007063,14807.536162324,298.496744311,216.629713216,341.900000000,0.000000000,0.000000000
point-0007064,14807.929206694,299.151818260,216.629713216,341.900000000,0.000000000,0.000000000
point-0007065,14835.337231226,262.305296912,243.629713216,341.900000000,0.000000000,0.000000000
point-0007066,14837.620568493,258.499734801,243.629713216,341.900000000,0.000000000,0.000000000
point-0007067,14838.050644276,258.891898243,244.229713216,341.900000000,0.000000000,0.000000000
point-0007068,14839.547892870,261.387312567,244.229713216,341.900000000,0.000000000,0.000000000
point-0007069,14840.205897652,260.469328222,244.829713216,341.900000000,0.000000000,0.000000000
point-0007070,14840.917057574,259.284061684,244.829713216,341.900000000,0.000000000,0.000000000
point-0007071,14842.416211360,257.721621870,242.974522651,342.500000000,0.000000000,0.000000000
point-0007072,14842.704965659,258.125579497,242.712937685,342.500000000,0.000000000,0.000000000
point-0007073,14872.056334529,299.187196164,216.123332168,342.500000000,0.000000000,0.000000000
point-0007074,14874.096344199,301.035254856,218.977239780,342.500000000,0.000000000,0.000000000
point-0007075,14903.736467579,259.569680022,245.828430075,342.500000000,0.000000000,0.000000000
point-0007076,14905.776476977,257.721621870,242.974522651,342.500000000,0.000000000,0.000000000
point-0007077,14906.130670888,258.249779675,243.238209581,342.500000000,0.000000000,0.000000000
point-0007078,14908.991456142,263.017755098,243.238209581,342.500000000,0.000000000,0.000000000
point-0007079,14909.653775906,263.944319046,242.638209581,342.500000000,0.000000000,0.000000000
point-0007080,14912.744619385,258.792913248,242.638209581,342.500000000,0.000000000,0.000000000
point-0007081,14913.406939152,259.719477201,242.038209581,342.500000000,0.000000000,0.000000000
point-0007082,14916.497782628,264.870882995,242.038209581,342.500000000,0.000000000,0.000000000
point-0007083,14917.160102392,265.797446943,241.438209581,342.500000000,0.000000000,0.000000000
point-0007084,14920.250945865,260.646041154,241.438209581,342.500000000,0.000000000,0.000000000
point-0007085,14920.913265632,261.572605108,240.838209581,342.500000000,0.000000000,0.000000000
point-0007086,14924.004109102,266.724010892,240.838209581,342.500000000,0.000000000,0.000000000
point-0007087,14924.666428867,267.650574840,240.238209581,342.500000000,0.000000000,0.000000000
point-0007088,14927.757272334,262.499169061,240.238209581,342.500000000,0.000000000,0.000000000
point-0007089,14928.419592101,263.425733014,239.638209581,342.500000000,0.000000000,0.000000000
point-0007090,14931.510435566,268.577138789,239.638209581,342.500000000,0.000000000,0.000000000
point-0007091,14932.172755330,269.503702737,239.038209581,342.500000000,0.000000000,0.000000000
point-0007092,14935.263598792,264.352296967,239.038209581,342.500000000,0.000000000,0.000000000
point-0007093,14935.925918559,265.278860920,238.438209581,342.500000000,0.000000000,0.000000000
point-0007094,14939.016762018,270.430266686,238.438209581,342.500000000,0.000000000,0.000000000
point-0007095,14939.679081783,271.356830634,237.838209581,342.500000000,0.000000000,0.000000000
point-0007096,14942.769925239,266.205424873,237.838209581,342.500000000,0.000000000,0.000000000
point-0007097,14943.432245006,267.131988826,237.238209581,342.500000000,0.000000000,0.000000000
point-0007098,14946.523088459,272.283394583,237.238209581,342.500000000,0.000000000,0.000000000
point-0007099,14947.185408224,273.209958531,236.638209581,342.500000000,0.000000000,0.000000000
point-0007100,14950.276251675,268.058552780,236.638209581,342.500000000,0.000000000,0.000000000
point-0007101,14950.938571441,268.985116733,236.038209581,342.500000000,0.000000000,0.000000000
point-0007102,14954.029414890,274.136522480,236.038209581,342.500000000,0.000000000,0.000000000
point-0007103,14954.691734654,275.063086428,235.438209581,342.500000000,0.000000000,0.000000000
point-0007104,14957.782578099,269.911680686,235.438209581,342.500000000,0.000000000,0.000000000
point-0007105,14958.444897866,270.838244639,234.838209581,342.500000000,0.000000000,0.000000000
point-0007106,14961.535741308,275.989650376,234.838209581,342.500000000,0.000000000,0.000000000
point-0007107,14962.198061073,276.916214325,234.238209581,342.500000000,0.000000000,0.000000000
point-0007108,14965.288904512,271.764808592,234.238209581,342.500000000,0.000000000,0.000000000
point-0007109,14965.951224279,272.691372545,233.638209581,342.500000000,0.000000000,0.000000000
point-0007110,14969.042067716,277.842778273,233.638209581,342.500000000,0.000000000,0.000000000
point-0007111,14969.704387480,278.769342222,233.038209581,342.500000000,0.000000000,0.000000000
point-0007112,14972.795230915,273.617936498,233.038209581,342.500000000,0.000000000,0.000000000
point-0007113,14973.457550681,274.544500451,232.438209581,342.500000000,0.000000000,0.000000000
point-0007114,14976.548394113,279.695906170,232.438209581,342.500000000,0.000000000,0.000000000
point-0007115,14977.210713877,280.622470119,231.838209581,342.500000000,0.000000000,0.000000000
point-0007116,14980.301557306,275.471064405,231.838209581,342.500000000,0.000000000,0.000000000
point-0007117,14980.963877072,276.397628358,231.238209581,342.500000000,0.000000000,0.000000000
point-0007118,14984.054720498,281.549034067,231.238209581,342.500000000,0.000000000,0.000000000
point-0007119,14984.717040262,282.475598016,230.638209581,342.500000000,0.000000000,0.000000000
point-0007120,14987.807883685,277.324192311,230.638209581,342.500000000,0.000000000,0.000000000
point-0007121,14988.470203452,278.250756264,230.038209581,342.500000000,0.000000000,0.000000000
point-0007122,14991.561046872,283.402161964,230.038209581,342.500000000,0.000000000,0.000000000
point-0007123,14992.223366637,284.328725913,229.438209581,342.500000000,0.000000000,0.000000000
point-0007124,14995.314210054,279.177320217,229.438209581,342.500000000,0.000000000,0.000000000
point-0007125,14995.976529821,280.103884170,228.838209581,342.500000000,0.000000000,0.000000000
point-0007126,14999.067373235,285.255289861,228.838209581,342.500000000,0.000000000,0.000000000
point-0007127,14999.729693000,286.181853810,228.238209581,342.500000000,0.000000000,0.000000000
point-0007128,15002.820536412,281.030448123,228.238209581,342.500000000,0.000000000,0.000000000
point-0007129,15003.482856178,281.957012077,227.638209581,342.500000000,0.000000000,0.000000000
point-0007130,15006.573699587,287.108417758,227.638209581,342.500000000,0.000000000,0.000000000
point-0007131,15007.236019352,288.034981707,227.038209581,342.500000000,0.000000000,0.000000000
point-0007132,15010.326862758,282.883576030,227.038209581,342.500000000,0.000000000,0.000000000
point-0007133,15010.989182525,283.810139983,226.438209581,342.500000000,0.000000000,0.000000000
point-0007134,15014.080025928,288.961545655,226.438209581,342.500000000,0.000000000,0.000000000
point-0007135,15014.742345693,289.888109604,225.838209581,342.500000000,0.000000000,0.000000000
point-0007136,15017.833189093,284.736703936,225.838209581,342.500000000,0.000000000,0.000000000
point-0007137,15018.495508860,285.663267889,225.238209581,342.500000000,0.000000000,0.000000000
point-0007138,15021.586352258,290.814673552,225.238209581,342.500000000,0.000000000,0.000000000
point-0007139,15022.248672022,291.741237501,224.638209581,342.500000000,0.000000000,0.000000000
point-0007140,15025.339515417,286.589831842,224.638209581,342.500000000,0.000000000,0.000000000
point-0007141,15026.001835184,287.516395795,224.038209581,342.500000000,0.000000000,0.000000000
point-0007142,15029.092678576,292.667801449,224.038209581,342.500000000,0.000000000,0.000000000
point-0007143,15029.754998341,293.594365398,223.438209581,342.500000000,0.000000000,0.000000000
point-0007144,15032.845841730,288.442959748,223.438209581,342.500000000,0.000000000,0.000000000
point-0007145,15033.508161497,289.369523702,222.838209581,342.500000000,0.000000000,0.000000000
point-0007146,15036.599004884,294.520929346,222.838209581,342.500000000,0.000000000,0.000000000
point-0007147,15037.261324648,295.447493295,222.238209581,342.500000000,0.000000000,0.000000000
point-0007148,15040.352168032,290.296087655,222.238209581,342.500000000,0.000000000,0.000000000
point-0007149,15041.014487799,291.222651608,221.638209581,342.500000000,0.000000000,0.000000000
point-0007150,15044.105331180,296.374057243,221.638209581,342.500000000,0.000000000,0.000000000
point-0007151,15044.767650944,297.300621192,221.038209581,342.500000000,0.000000000,0.000000000
point-0007152,15047.858494323,292.149215561,221.038209581,342.500000000,0.000000000,0.000000000
point-0007153,15048.520814089,293.075779514,220.438209581,342.500000000,0.000000000,0.000000000
point-0007154,15051.611657465,298.227185140,220.438209581,342.500000000,0.000000000,0.000000000
point-0007155,15052.273977229,299.153749089,219.838209581,342.500000000,0.000000000,0.000000000
point-0007156,15055.364820602,294.002343467,219.838209581,342.500000000,0.000000000,0.000000000
point-0007157,15056.027140369,294.928907420,219.238209581,342.500000000,0.000000000,0.000000000
point-0007158,15059.117983739,300.080313037,219.238209581,342.500000000,0.000000000,0.000000000
point-0007159,15059.543468069,300.458308170,218.638209581,342.500000000,0.000000000,0.000000000
point-0007160,15062.305170147,295.855471373,218.638209581,342.500000000,0.000000000,0.000000000
point-0007161,15062.967489913,296.782035327,218.038209581,342.500000000,0.000000000,0.000000000
point-0007162,15064.940134254,300.069775895,218.038209581,342.500000000,0.000000000,0.000000000
point-0007163,15065.369021930,299.681243621,217.438209581,342.500000000,0.000000000,0.000000000
point-0007164,15066.552608535,297.708599280,217.438209581,342.500000000,0.000000000,0.000000000
point-0007165,15067.214928301,298.635163233,216.838209581,342.500000000,0.000000000,0.000000000
point-0007166,15067.609457170,299.292711347,216.838209581,342.500000000,0.000000000,0.000000000
point-0007167,15095.189578957,262.091191149,243.838209581,342.500000000,0.000000000,0.000000000
point-0007168,15097.261306529,258.638311861,243.838209581,342.500000000,0.000000000,0.000000000
point-0007169,15097.690194176,259.026844048,244.438209581,342.500000000,0.000000000,0.000000000
point-0007170,15098.972864068,261.164627201,244.438209581,342.500000000,0.000000000,0.000000000
point-0007171,15099.635183832,260.238063252,245.038209581,342.500000000,0.000000000,0.000000000
point-0007172,15100.128796043,259.415376234,245.038209581,342.500000000,0.000000000,0.000000000
point-0007173,15101.745586660,257.750359384,243.006249186,343.100000000,0.000000000,0.000000000
point-0007174,15102.034339915,258.155384853,242.746323899,343.100000000,0.000000000,0.000000000
point-0007175,15131.385684220,299.325651675,216.325335860,343.100000000,0.000000000,0.000000000
point-0007176,15133.425691891,301.161990676,219.186794581,343.100000000,0.000000000,0.000000000
point-0007177,15163.065789607,259.586697989,245.867707772,343.100000000,0.000000000,0.000000000
point-0007178,15165.105797082,257.750359384,243.006249186,343.100000000,0.000000000,0.000000000
point-0007179,15165.567009233,258.385082552,243.439845866,343.100000000,0.000000000,0.000000000
point-0007180,15168.224621815,262.814436855,243.439845866,343.100000000,0.000000000,0.000000000
point-0007181,15168.891167915,261.879492259,244.039845866,343.100000000,0.000000000,0.000000000
point-0007182,15170.756784046,258.770132040,244.039845866,343.100000000,0.000000000,0.000000000
point-0007183,15171.184539489,259.155181528,244.639845866,343.100000000,0.000000000,0.000000000
point-0007184,15172.258159170,260.944547662,244.639845866,343.100000000,0.000000000,0.000000000
point-0007185,15172.924705270,260.009603066,245.239845866,343.100000000,0.000000000,0.000000000
point-0007186,15173.206328500,259.540231016,245.239845866,343.100000000,0.000000000,0.000000000
point-0007187,15174.760648234,258.565110175,242.839845866,343.100000000,0.000000000,0.000000000
point-0007188,15177.871211000,263.749381451,242.839845866,343.100000000,0.000000000,0.000000000
point-0007189,15178.537757100,264.684326048,242.239845866,343.100000000,0.000000000,0.000000000
point-0007190,15181.648319864,259.500054775,242.239845866,343.100000000,0.000000000,0.000000000
point-0007191,15182.314865966,260.434999375,241.639845866,343.100000000,0.000000000,0.000000000
point-0007192,15185.425428727,265.619270644,241.639845866,343.100000000,0.000000000,0.000000000
point-0007193,15186.091974827,266.554215240,241.039845866,343.100000000,0.000000000,0.000000000
point-0007194,15189.202537587,261.369943975,241.039845866,343.100000000,0.000000000,0.000000000
point-0007195,15189.869083688,262.304888575,240.439845866,343.100000000,0.000000000,0.000000000
point-0007196,15192.979646446,267.489159837,240.439845866,343.100000000,0.000000000,0.000000000
point-0007197,15193.646192546,268.424104433,239.839845866,343.100000000,0.000000000,0.000000000
point-0007198,15196.756755301,263.239833175,239.839845866,343.100000000,0.000000000,0.000000000
point-0007199,15197.423301402,264.174777775,239.239845866,343.100000000,0.000000000,0.000000000
point-0007200,15200.533864155,269.359049029,239.239845866,343.100000000,0.000000000,0.000000000
point-0007201,15201.200410255,270.293993626,238.639845866,343.100000000,0.000000000,0.000000000
point-0007202,15204.310973006,265.109722375,238.639845866,343.100000000,0.000000000,0.000000000
point-0007203,15204.977519107,266.044666975,238.039845866,343.100000000,0.000000000,0.000000000
point-0007204,15208.088081856,271.228938222,238.039845866,343.100000000,0.000000000,0.000000000
point-0007205,15208.754627956,272.163882818,237.439845866,343.100000000,0.000000000,0.000000000
point-0007206,15211.865190702,266.979611575,237.439845866,343.100000000,0.000000000,0.000000000
point-0007207,15212.531736804,267.914556175,236.839845866,343.100000000,0.000000000,0.000000000
point-0007208,15215.642299548,273.098827415,236.839845866,343.100000000,0.000000000,0.000000000
point-0007209,15216.308845647,274.033772011,236.239845866,343.100000000,0.000000000,0.000000000
point-0007210,15219.419408389,268.849500775,236.239845866,343.100000000,0.000000000,0.000000000
point-0007211,15220.085954491,269.784445375,235.639845866,343.100000000,0.000000000,0.000000000
point-0007212,15223.196517230,274.968716607,235.639845866,343.100000000,0.000000000,0.000000000
point-0007213,15223.863063330,275.903661204,235.039845866,343.100000000,0.000000000,0.000000000
point-0007214,15226.973626068,270.719389975,235.039845866,343.100000000,0.000000000,0.000000000
point-0007215,15227.640172169,271.654334575,234.439845866,343.100000000,0.000000000,0.000000000
point-0007216,15230.750734904,276.838605800,234.439845866,343.100000000,0.000000000,0.000000000
point-0007217,15231.417281004,277.773550396,233.839845866,343.100000000,0.000000000,0.000000000
point-0007218,15234.527843737,272.589279175,233.839845866,343.100000000,0.000000000,0.000000000
point-0007219,15235.194389839,273.524223775,233.239845866,343.100000000,0.000000000,0.000000000
point-0007220,15238.304952570,278.708494993,233.239845866,343.100000000,0.000000000,0.000000000
point-0007221,15238.971498670,279.643439589,232.639845866,343.100000000,0.000000000,0.000000000
point-0007222,15242.082061398,274.459168375,232.639845866,343.100000000,0.000000000,0.000000000
point-0007223,15242.748607500,275.394112975,232.039845866,343.100000000,0.000000000,0.000000000
point-0007224,15245.859170226,280.578384185,232.039845866,343.100000000,0.000000000,0.000000000
point-0007225,15246.525716326,281.513328782,231.439845866,343.100000000,0.000000000,0.000000000
point-0007226,15249.636279050,276.329057575,231.439845866,343.100000000,0.000000000,0.000000000
point-0007227,15250.302825152,277.264002175,230.839845866,343.100000000,0.000000000,0.000000000
point-0007228,15253.413387873,282.448273378,230.839845866,343.100000000,0.000000000,0.000000000
point-0007229,15254.079933973,283.383217974,230.239845866,343.100000000,0.000000000,0.000000000
point-0007230,15257.190496693,278.198946775,230.239845866,343.100000000,0.000000000,0.000000000
point-0007231,15257.857042795,279.133891375,229.639845866,343.100000000,0.000000000,0.000000000
point-0007232,15260.967605512,284.318162571,229.639845866,343.100000000,0.000000000,0.000000000
point-0007233,15261.634151612,285.253107167,229.039845866,343.100000000,0.000000000,0.000000000
point-0007234,15264.744714327,280.068835975,229.039845866,343.100000000,0.000000000,0.000000000
point-0007235,15265.411260429,281.003780575,228.439845866,343.100000000,0.000000000,0.000000000
point-0007236,15268.521823141,286.188051763,228.439845866,343.100000000,0.000000000,0.000000000
point-0007237,15269.188369241,287.122996360,227.839845866,343.100000000,0.000000000,0.000000000
point-0007238,15272.298931952,281.938725175,227.839845866,343.100000000,0.000000000,0.000000000
point-0007239,15272.965478054,282.873669775,227.239845866,343.100000000,0.000000000,0.000000000
point-0007240,15276.076040762,288.057940956,227.239845866,343.100000000,0.000000000,0.000000000
point-0007241,15276.742586862,288.992885552,226.639845866,343.100000000,0.000000000,0.000000000
point-0007242,15279.853149568,283.808614375,226.639845866,343.100000000,0.000000000,0.000000000
point-0007243,15280.519695670,284.743558975,226.039845866,343.100000000,0.000000000,0.000000000
point-0007244,15283.630258374,289.927830148,226.039845866,343.100000000,0.000000000,0.000000000
point-0007245,15284.296804474,290.862774745,225.439845866,343.100000000,0.000000000,0.000000000
point-0007246,15287.407367176,285.678503575,225.439845866,343.100000000,0.000000000,0.000000000
point-0007247,15288.073913278,286.613448175,224.839845866,343.100000000,0.000000000,0.000000000
point-0007248,15291.184475977,291.797719341,224.839845866,343.100000000,0.000000000,0.000000000
point-0007249,15291.851022077,292.732663937,224.239845866,343.100000000,0.000000000,0.000000000
point-0007250,15294.961584774,287.548392775,224.239845866,343.100000000,0.000000000,0.000000000
point-0007251,15295.628130876,288.483337375,223.639845866,343.100000000,0.000000000,0.000000000
point-0007252,15298.738693571,293.667608534,223.639845866,343.100000000,0.000000000,0.000000000
point-0007253,15299.405239671,294.602553130,223.039845866,343.100000000,0.000000000,0.000000000
point-0007254,15302.515802364,289.418281975,223.039845866,343.100000000,0.000000000,0.000000000
point-0007255,15303.182348466,290.353226575,222.439845866,343.100000000,0.000000000,0.000000000
point-0007256,15306.292911157,295.537497726,222.439845866,343.100000000,0.000000000,0.000000000
point-0007257,15306.959457257,296.472442323,221.839845866,343.100000000,0.000000000,0.000000000
point-0007258,15310.070019945,291.288171175,221.839845866,343.100000000,0.000000000,0.000000000
point-0007259,15310.736566047,292.223115775,221.239845866,343.100000000,0.000000000,0.000000000
point-0007260,15313.847128733,297.407386919,221.239845866,343.100000000,0.000000000,0.000000000
point-0007261,15314.513674833,298.342331515,220.639845866,343.100000000,0.000000000,0.000000000
point-0007262,15317.624237517,293.158060375,220.639845866,343.100000000,0.000000000,0.000000000
point-0007263,15318.290783619,294.093004975,220.039845866,343.100000000,0.000000000,0.000000000
point-0007264,15321.401346301,299.277276112,220.039845866,343.100000000,0.000000000,0.000000000
point-0007265,15322.067892401,300.212220708,219.439845866,343.100000000,0.000000000,0.000000000
point-0007266,15325.178455080,295.027949575,219.439845866,343.100000000,0.000000000,0.000000000
point-0007267,15325.845001182,295.962894175,218.839845866,343.100000000,0.000000000,0.000000000
point-0007268,15328.616988903,300.582873710,218.839845866,343.100000000,0.000000000,0.000000000
point-0007269,15329.044744367,300.197824157,218.239845866,343.100000000,0.000000000,0.000000000
point-0007270,15331.024735596,296.897838775,218.239845866,343.100000000,0.000000000,0.000000000
point-0007271,15331.691281697,297.832783375,217.639845866,343.100000000,0.000000000,0.000000000
point-0007272,15332.879276435,299.812774604,217.639845866,343.100000000,0.000000000,0.000000000
point-0007273,15333.307031899,299.427725052,217.039845866,343.100000000,0.000000000,0.000000000
point-0007274,15333.703030144,298.767727975,217.039845866,343.100000000,0.000000000,0.000000000
point-0007275,15362.828524161,257.777890862,243.036895536,343.700000000,0.000000000,0.000000000
point-0007276,15363.117276205,258.183937290,242.778571825,343.700000000,0.000000000,0.000000000
point-0007277,15392.468588016,299.458101668,216.520286743,343.700000000,0.000000000,0.000000000
point-0007278,15394.508593043,301.283131974,219.388966118,343.700000000,0.000000000,0.000000000
point-0007279,15424.148656993,259.602920928,245.905574831,343.700000000,0.000000000,0.000000000
point-0007280,15426.188661903,257.777890862,243.036895536,343.700000000,0.000000000,0.000000000
point-0007281,15426.526321745,258.340651895,243.034436576,343.700000000,0.000000000,0.000000000
point-0007282,15429.656149816,263.557032012,243.034436576,343.700000000,0.000000000,0.000000000
point-0007283,15430.326825261,264.500143814,242.434436576,343.700000000,0.000000000,0.000000000
point-0007284,15433.456653333,259.283763695,242.434436576,343.700000000,0.000000000,0.000000000
point-0007285,15434.127328777,260.226875496,241.834436576,343.700000000,0.000000000,0.000000000
point-0007286,15437.257156850,265.443255616,241.834436576,343.700000000,0.000000000,0.000000000
point-0007287,15437.927832295,266.386367418,241.234436576,343.700000000,0.000000000,0.000000000
point-0007288,15441.057660369,261.169987296,241.234436576,343.700000000,0.000000000,0.000000000
point-0007289,15441.728335813,262.113099096,240.634436576,343.700000000,0.000000000,0.000000000
point-0007290,15444.858163888,267.329479220,240.634436576,343.700000000,0.000000000,0.000000000
point-0007291,15445.528839333,268.272591022,240.034436576,343.700000000,0.000000000,0.000000000
point-0007292,15448.658667408,263.056210897,240.034436576,343.700000000,0.000000000,0.000000000
point-0007293,15449.329342853,263.999322697,239.434436576,343.700000000,0.000000000,0.000000000
point-0007294,15452.459170930,269.215702824,239.434436576,343.700000000,0.000000000,0.000000000
point-0007295,15453.129846375,270.158814626,238.834436576,343.700000000,0.000000000,0.000000000
point-0007296,15456.259674452,264.942434498,238.834436576,343.700000000,0.000000000,0.000000000
point-0007297,15456.930349897,265.885546298,238.234436576,343.700000000,0.000000000,0.000000000
point-0007298,15460.060177976,271.101926428,238.234436576,343.700000000,0.000000000,0.000000000
point-0007299,15460.730853421,272.045038230,237.634436576,343.700000000,0.000000000,0.000000000
point-0007300,15463.860681500,266.828658098,237.634436576,343.700000000,0.000000000,0.000000000
point-0007301,15464.531356945,267.771769899,237.034436576,343.700000000,0.000000000,0.000000000
point-0007302,15467.661185025,272.988150032,237.034436576,343.700000000,0.000000000,0.000000000
point-0007303,15468.331860471,273.931261834,236.434436576,343.700000000,0.000000000,0.000000000
point-0007304,15471.461688552,268.714881699,236.434436576,343.700000000,0.000000000,0.000000000
point-0007305,15472.132363997,269.657993500,235.834436576,343.700000000,0.000000000,0.000000000
point-0007306,15475.262192079,274.874373636,235.834436576,343.700000000,0.000000000,0.000000000
point-0007307,15475.932867525,275.817485439,235.234436576,343.700000000,0.000000000,0.000000000
point-0007308,15479.062695608,270.601105300,235.234436576,343.700000000,0.000000000,0.000000000
point-0007309,15479.733371053,271.544217100,234.634436576,343.700000000,0.000000000,0.000000000
point-0007310,15482.863199137,276.760597241,234.634436576,343.700000000,0.000000000,0.000000000
point-0007311,15483.533874583,277.703709043,234.034436576,343.700000000,0.000000000,0.000000000
point-0007312,15486.663702668,272.487328901,234.034436576,343.700000000,0.000000000,0.000000000
point-0007313,15487.334378113,273.430440701,233.434436576,343.700000000,0.000000000,0.000000000
point-0007314,15490.464206199,278.646820845,233.434436576,343.700000000,0.000000000,0.000000000
point-0007315,15491.134881645,279.589932647,232.834436576,343.700000000,0.000000000,0.000000000
point-0007316,15494.264709732,274.373552502,232.834436576,343.700000000,0.000000000,0.000000000
point-0007317,15494.935385177,275.316664302,232.234436576,343.700000000,0.000000000,0.000000000
point-0007318,15498.065213265,280.533044449,232.234436576,343.700000000,0.000000000,0.000000000
point-0007319,15498.735888711,281.476156251,231.634436576,343.700000000,0.000000000,0.000000000
point-0007320,15501.865716800,276.259776102,231.634436576,343.700000000,0.000000000,0.000000000
point-0007321,15502.536392245,277.202887903,231.034436576,343.700000000,0.000000000,0.000000000
point-0007322,15505.666220335,282.419268053,231.034436576,343.700000000,0.000000000,0.000000000
point-0007323,15506.336895781,283.362379855,230.434436576,343.700000000,0.000000000,0.000000000
point-0007324,15509.466723872,278.145999703,230.434436576,343.700000000,0.000000000,0.000000000
point-0007325,15510.137399317,279.089111504,229.834436576,343.700000000,0.000000000,0.000000000
point-0007326,15513.267227409,284.305491657,229.834436576,343.700000000,0.000000000,0.000000000
point-0007327,15513.937902855,285.248603459,229.234436576,343.700000000,0.000000000,0.000000000
point-0007328,15517.067730948,280.032223304,229.234436576,343.700000000,0.000000000,0.000000000
point-0007329,15517.738406393,280.975335104,228.634436576,343.700000000,0.000000000,0.000000000
point-0007330,15520.868234487,286.191715261,228.634436576,343.700000000,0.000000000,0.000000000
point-0007331,15521.538909933,287.134827063,228.034436576,343.700000000,0.000000000,0.000000000
point-0007332,15524.668738028,281.918446905,228.034436576,343.700000000,0.000000000,0.000000000
point-0007333,15525.339413473,282.861558705,227.434436576,343.700000000,0.000000000,0.000000000
point-0007334,15528.469241569,288.077938865,227.434436576,343.700000000,0.000000000,0.000000000
point-0007335,15529.139917015,289.021050667,226.834436576,343.700000000,0.000000000,0.000000000
point-0007336,15532.269745112,283.804670506,226.834436576,343.700000000,0.000000000,0.000000000
point-0007337,15532.940420557,284.747782306,226.234436576,343.700000000,0.000000000,0.000000000
point-0007338,15536.070248655,289.964162469,226.234436576,343.700000000,0.000000000,0.000000000
point-0007339,15536.740924101,290.907274272,225.634436576,343.700000000,0.000000000,0.000000000
point-0007340,15539.870752200,285.690894106,225.634436576,343.700000000,0.000000000,0.000000000
point-0007341,15540.541427645,286.634005907,225.034436576,343.700000000,0.000000000,0.000000000
point-0007342,15543.671255745,291.850386074,225.034436576,343.700000000,0.000000000,0.000000000
point-0007343,15544.341931191,292.793497876,224.434436576,343.700000000,0.000000000,0.000000000
point-0007344,15547.471759292,287.577117707,224.434436576,343.700000000,0.000000000,0.000000000
point-0007345,15548.142434737,288.520229508,223.834436576,343.700000000,0.000000000,0.000000000
point-0007346,15551.272262839,293.736609678,223.834436576,343.700000000,0.000000000,0.000000000
point-0007347,15551.942938284,294.679721480,223.234436576,343.700000000,0.000000000,0.000000000
point-0007348,15555.072766387,289.463341308,223.234436576,343.700000000,0.000000000,0.000000000
point-0007349,15555.743441832,290.406453108,222.634436576,343.700000000,0.000000000,0.000000000
point-0007350,15558.873269936,295.622833282,222.634436576,343.700000000,0.000000000,0.000000000
point-0007351,15559.543945382,296.565945084,222.034436576,343.700000000,0.000000000,0.000000000
point-0007352,15562.673773487,291.349564909,222.034436576,343.700000000,0.000000000,0.000000000
point-0007353,15563.344448932,292.292676709,221.434436576,343.700000000,0.000000000,0.000000000
point-0007354,15566.474277038,297.509056886,221.434436576,343.700000000,0.000000000,0.000000000
point-0007355,15567.144952484,298.452168688,220.834436576,343.700000000,0.000000000,0.000000000
point-0007356,15570.274780591,293.235788510,220.834436576,343.700000000,0.000000000,0.000000000
point-0007357,15570.945456036,294.178900310,220.234436576,343.700000000,0.000000000,0.000000000
point-0007358,15574.075284144,299.395280490,220.234436576,343.700000000,0.000000000,0.000000000
point-0007359,15574.745959590,300.338392292,219.634436576,343.700000000,0.000000000,0.000000000
point-0007360,15577.875787699,295.122012110,219.634436576,343.700000000,0.000000000,0.000000000
point-0007361,15578.546463144,296.065123911,219.034436576,343.700000000,0.000000000,0.000000000
point-0007362,15581.328599598,300.702018000,219.034436576,343.700000000,0.000000000,0.000000000
point-0007363,15581.755277820,300.320302918,218.434436576,343.700000000,0.000000000,0.000000000
point-0007364,15583.742518144,297.008235711,218.434436576,343.700000000,0.000000000,0.000000000
point-0007365,15584.413193589,297.951347512,217.834436576,343.700000000,0.000000000,0.000000000
point-0007366,15585.605537783,299.938587836,217.834436576,343.700000000,0.000000000,0.000000000
point-0007367,15586.032216006,299.556872753,217.234436576,343.700000000,0.000000000,0.000000000
point-0007368,15586.429664070,298.894459312,217.234436576,343.700000000,0.000000000,0.000000000
point-0007369,15613.351133316,262.613920210,243.634436576,343.700000000,0.000000000,0.000000000
point-0007370,15615.811321415,258.513606710,243.634436576,343.700000000,0.000000000,0.000000000
point-0007371,15616.237999625,258.895321753,244.234436576,343.700000000,0.000000000,0.000000000
point-0007372,15617.903291618,261.670808408,244.234436576,343.700000000,0.000000000,0.000000000
point-0007373,15618.573967064,260.727696606,244.834436576,343.700000000,0.000000000,0.000000000
point-0007374,15619.444362950,259.277036795,244.834436576,343.700000000,0.000000000,0.000000000
point-0007375,15619.871041160,259.658751838,245.434436576,343.700000000,0.000000000,0.000000000
point-0007376,15619.946540939,259.784584803,245.434436576,343.700000000,0.000000000,0.000000000
point-0007377,15621.833378989,257.804214031,243.066429208,344.300000000,0.000000000,0.000000000
point-0007378,15651.473403831,299.584558826,216.707998310,344.300000000,0.000000000,0.000000000
point-0007379,15653.513405788,301.398702055,219.583568954,344.300000000,0.000000000,0.000000000
point-0007380,15683.153430665,259.618357143,245.941999777,344.300000000,0.000000000,0.000000000
point-0007381,15685.193432547,257.804214031,243.066429208,344.300000000,0.000000000,0.000000000
point-0007382,15685.480621361,258.256944667,243.221796197,344.300000000,0.000000000,0.000000000
point-0007383,15688.547171009,263.367860748,243.221796197,344.300000000,0.000000000,0.000000000
point-0007384,15689.221870313,264.318911556,242.621796197,344.300000000,0.000000000,0.000000000
point-0007385,15692.370470595,259.071244419,242.621796197,344.300000000,0.000000000,0.000000000
point-0007386,15693.045169896,260.022295222,242.021796197,344.300000000,0.000000000,0.000000000
point-0007387,15696.193770182,265.269962365,242.021796197,344.300000000,0.000000000,0.000000000
point-0007388,15696.868469485,266.221013173,241.421796197,344.300000000,0.000000000,0.000000000
point-0007389,15700.017069774,260.973346026,241.421796197,344.300000000,0.000000000,0.000000000
point-0007390,15700.691769075,261.924396829,240.821796197,344.300000000,0.000000000,0.000000000
point-0007391,15703.840369367,267.172063982,240.821796197,344.300000000,0.000000000,0.000000000
point-0007392,15704.515068671,268.123114791,240.221796197,344.300000000,0.000000000,0.000000000
point-0007393,15707.663668966,262.875447632,240.221796197,344.300000000,0.000000000,0.000000000
point-0007394,15708.338368267,263.826498435,239.621796197,344.300000000,0.000000000,0.000000000
point-0007395,15711.486968565,269.074165599,239.621796197,344.300000000,0.000000000,0.000000000
point-0007396,15712.161667869,270.025216408,239.021796197,344.300000000,0.000000000,0.000000000
point-0007397,15715.310268171,264.777549239,239.021796197,344.300000000,0.000000000,0.000000000
point-0007398,15715.984967472,265.728600042,238.421796197,344.300000000,0.000000000,0.000000000
point-0007399,15719.133567776,270.976267216,238.421796197,344.300000000,0.000000000,0.000000000
point-0007400,15719.808267080,271.927318025,237.821796197,344.300000000,0.000000000,0.000000000
point-0007401,15722.956867388,266.679650845,237.821796197,344.300000000,0.000000000,0.000000000
point-0007402,15723.631566689,267.630701648,237.221796197,344.300000000,0.000000000,0.000000000
point-0007403,15726.780167000,272.878368834,237.221796197,344.300000000,0.000000000,0.000000000
point-0007404,15727.454866304,273.829419642,236.621796197,344.300000000,0.000000000,0.000000000
point-0007405,15730.603466619,268.581752451,236.621796197,344.300000000,0.000000000,0.000000000
point-0007406,15731.278165920,269.532803255,236.021796197,344.300000000,0.000000000,0.000000000
point-0007407,15734.426766237,274.780470451,236.021796197,344.300000000,0.000000000,0.000000000
point-0007408,15735.101465541,275.731521259,235.421796197,344.300000000,0.000000000,0.000000000
point-0007409,15738.250065862,270.483854058,235.421796197,344.300000000,0.000000000,0.000000000
point-0007410,15738.924765163,271.434904861,234.821796197,344.300000000,0.000000000,0.000000000
point-0007411,15742.073365487,276.682572068,234.821796197,344.300000000,0.000000000,0.000000000
point-0007412,15742.748064791,277.633622877,234.221796197,344.300000000,0.000000000,0.000000000
point-0007413,15745.896665119,272.385955664,234.221796197,344.300000000,0.000000000,0.000000000
point-0007414,15746.571364420,273.337006468,233.621796197,344.300000000,0.000000000,0.000000000
point-0007415,15749.719964750,278.584673685,233.621796197,344.300000000,0.000000000,0.000000000
point-0007416,15750.394664054,279.535724494,233.021796197,344.300000000,0.000000000,0.000000000
point-0007417,15753.543264388,274.288057271,233.021796197,344.300000000,0.000000000,0.000000000
point-0007418,15754.217963689,275.239108074,232.421796197,344.300000000,0.000000000,0.000000000
point-0007419,15757.366564026,280.486775302,232.421796197,344.300000000,0.000000000,0.000000000
point-0007420,15758.041263330,281.437826111,231.821796197,344.300000000,0.000000000,0.000000000
point-0007421,15761.189863670,276.190158877,231.821796197,344.300000000,0.000000000,0.000000000
point-0007422,15761.864562971,277.141209680,231.221796197,344.300000000,0.000000000,0.000000000
point-0007423,15765.013163315,282.388876920,231.221796197,344.300000000,0.000000000,0.000000000
point-0007424,15765.687862618,283.339927728,230.621796197,344.300000000,0.000000000,0.000000000
point-0007425,15768.836462965,278.092260484,230.621796197,344.300000000,0.000000000,0.000000000
point-0007426,15769.511162266,279.043311287,230.021796197,344.300000000,0.000000000,0.000000000
point-0007427,15772.659762616,284.290978537,230.021796197,344.300000000,0.000000000,0.000000000
point-0007428,15773.334461920,285.242029345,229.421796197,344.300000000,0.000000000,0.000000000
point-0007429,15776.483062273,279.994362090,229.421796197,344.300000000,0.000000000,0.000000000
point-0007430,15777.157761574,280.945412893,228.821796197,344.300000000,0.000000000,0.000000000
point-0007431,15780.306361931,286.193080154,228.821796197,344.300000000,0.000000000,0.000000000
point-0007432,15780.981061234,287.144130963,228.221796197,344.300000000,0.000000000,0.000000000
point-0007433,15784.129661594,281.896463697,228.221796197,344.300000000,0.000000000,0.000000000
point-0007434,15784.804360895,282.847514500,227.621796197,344.300000000,0.000000000,0.000000000
point-0007435,15787.952961258,288.095181771,227.621796197,344.300000000,0.000000000,0.000000000
point-0007436,15788.627660562,289.046232580,227.021796197,344.300000000,0.000000000,0.000000000
point-0007437,15791.776260928,283.798565303,227.021796197,344.300000000,0.000000000,0.000000000
point-0007438,15792.450960229,284.749616106,226.421796197,344.300000000,0.000000000,0.000000000
point-0007439,15795.599560598,289.997283388,226.421796197,344.300000000,0.000000000,0.000000000
point-0007440,15796.274259902,290.948334197,225.821796197,344.300000000,0.000000000,0.000000000
point-0007441,15799.422860275,285.700666909,225.821796197,344.300000000,0.000000000,0.000000000
point-0007442,15800.097559576,286.651717713,225.221796197,344.300000000,0.000000000,0.000000000
point-0007443,15803.246159951,291.899385006,225.221796197,344.300000000,0.000000000,0.000000000
point-0007444,15803.920859255,292.850435814,224.621796197,344.300000000,0.000000000,0.000000000
point-0007445,15807.069459634,287.602768516,224.621796197,344.300000000,0.000000000,0.000000000
point-0007446,15807.744158935,288.553819319,224.021796197,344.300000000,0.000000000,0.000000000
point-0007447,15810.892759318,293.801486623,224.021796197,344.300000000,0.000000000,0.000000000
point-0007448,15811.567458621,294.752537431,223.421796197,344.300000000,0.000000000,0.000000000
point-0007449,15814.716059007,289.504870122,223.421796197,344.300000000,0.000000000,0.000000000
point-0007450,15815.390758308,290.455920926,222.821796197,344.300000000,0.000000000,0.000000000
point-0007451,15818.539358697,295.703588240,222.821796197,344.300000000,0.000000000,0.000000000
point-0007452,15819.214058000,296.654639049,222.221796197,344.300000000,0.000000000,0.000000000
point-0007453,15822.362658392,291.406971729,222.221796197,344.300000000,0.000000000,0.000000000
point-0007454,15823.037357693,292.358022532,221.621796197,344.300000000,0.000000000,0.000000000
point-0007455,15826.185958088,297.605689857,221.621796197,344.300000000,0.000000000,0.000000000
point-0007456,15826.860657392,298.556740666,221.021796197,344.300000000,0.000000000,0.000000000
point-0007457,15830.009257791,293.309073335,221.021796197,344.300000000,0.000000000,0.000000000
point-0007458,15830.683957092,294.260124138,220.421796197,344.300000000,0.000000000,0.000000000
point-0007459,15833.832557493,299.507791474,220.421796197,344.300000000,0.000000000,0.000000000
point-0007460,15834.507256797,300.458842283,219.821796197,344.300000000,0.000000000,0.000000000
point-0007461,15837.655857202,295.211174942,219.821796197,344.300000000,0.000000000,0.000000000
point-0007462,15838.330556503,296.162225745,219.221796197,344.300000000,0.000000000,0.000000000
point-0007463,15841.122673401,300.815753908,219.221796197,344.300000000,0.000000000,0.000000000
point-0007464,15841.548328454,300.437225236,218.621796197,344.300000000,0.000000000,0.000000000
point-0007465,15843.542697667,297.113276548,218.621796197,344.300000000,0.000000000,0.000000000
point-0007466,15844.217396968,298.064327351,218.021796197,344.300000000,0.000000000,0.000000000
point-0007467,15845.414018496,300.058696564,218.021796197,344.300000000,0.000000000,0.000000000
point-0007468,15845.839673549,299.680167892,217.421796197,344.300000000,0.000000000,0.000000000
point-0007469,15846.238547391,299.015378155,217.421796197,344.300000000,0.000000000,0.000000000
point-0007470,15873.314541747,262.416809939,243.821796197,344.300000000,0.000000000,0.000000000
point-0007471,15875.583343715,258.635473325,243.821796197,344.300000000,0.000000000,0.000000000
point-0007472,15876.008998764,259.014001982,244.421796197,344.300000000,0.000000000,0.000000000
point-0007473,15877.480053052,261.465759130,244.421796197,344.300000000,0.000000000,0.000000000
point-0007474,15878.154752356,260.514708322,245.021796197,344.300000000,0.000000000,0.000000000
point-0007475,15878.828058965,259.392530640,245.021796197,344.300000000,0.000000000,0.000000000
point-0007476,15880.359746783,257.829326313,243.094817579,344.900000000,0.000000000,0.000000000
point-0007477,15909.999731286,299.705035836,216.888284039,344.900000000,0.000000000,0.000000000
point-0007478,15912.039730055,301.508724239,219.770417657,344.900000000,0.000000000,0.000000000
point-0007479,15941.679714548,259.633014770,245.976951251,344.900000000,0.000000000,0.000000000
point-0007480,15943.719713361,257.829326313,243.094817579,344.900000000,0.000000000,0.000000000
point-0007481,15944.095514662,258.375307354,243.401739172,344.900000000,0.000000000,0.000000000
point-0007482,15946.979810484,263.182467056,243.401739172,344.900000000,0.000000000,0.000000000
point-0007483,15947.658419527,264.141213683,242.801739172,344.900000000,0.000000000,0.000000000
point-0007484,15950.825259491,258.863147076,242.801739172,344.900000000,0.000000000,0.000000000
point-0007485,15951.503868537,259.821893706,242.201739172,344.900000000,0.000000000,0.000000000
point-0007486,15954.670708499,265.099960310,242.201739172,344.900000000,0.000000000,0.000000000
point-0007487,15955.349317542,266.058706936,241.601739172,344.900000000,0.000000000,0.000000000
point-0007488,15958.516157503,260.780640336,241.601739172,344.900000000,0.000000000,0.000000000
point-0007489,15959.194766548,261.739386966,241.001739172,344.900000000,0.000000000,0.000000000
point-0007490,15962.361606506,267.017453563,241.001739172,344.900000000,0.000000000,0.000000000
point-0007491,15963.040215550,267.976200190,240.401739172,344.900000000,0.000000000,0.000000000
point-0007492,15966.207055507,262.698133596,240.401739172,344.900000000,0.000000000,0.000000000
point-0007493,15966.885664552,263.656880226,239.801739172,344.900000000,0.000000000,0.000000000
point-0007494,15970.052504506,268.934946817,239.801739172,344.900000000,0.000000000,0.000000000
point-0007495,15970.731113550,269.893693443,239.201739172,344.900000000,0.000000000,0.000000000
point-0007496,15973.897953503,264.615626855,239.201739172,344.900000000,0.000000000,0.000000000
point-0007497,15974.576562548,265.574373485,238.601739172,344.900000000,0.000000000,0.000000000
point-0007498,15977.743402499,270.852440070,238.601739172,344.900000000,0.000000000,0.000000000
point-0007499,15978.422011542,271.811186697,238.001739172,344.900000000,0.000000000,0.000000000
point-0007500,15981.588851491,266.533120115,238.001739172,344.900000000,0.000000000,0.000000000
point-0007501,15982.267460536,267.491866745,237.401739172,344.900000000,0.000000000,0.000000000
point-0007502,15985.434300483,272.769933324,237.401739172,344.900000000,0.000000000,0.000000000
point-0007503,15986.112909527,273.728679950,236.801739172,344.900000000,0.000000000,0.000000000
point-0007504,15989.279749472,268.450613375,236.801739172,344.900000000,0.000000000,0.000000000
point-0007505,15989.958358517,269.409360005,236.201739172,344.900000000,0.000000000,0.000000000
point-0007506,15993.125198460,274.687426577,236.201739172,344.900000000,0.000000000,0.000000000
point-0007507,15993.803807504,275.646173204,235.601739172,344.900000000,0.000000000,0.000000000
point-0007508,15996.970647445,270.368106635,235.601739172,344.900000000,0.000000000,0.000000000
point-0007509,15997.649256490,271.326853265,235.001739172,344.900000000,0.000000000,0.000000000
point-0007510,16000.816096430,276.604919831,235.001739172,344.900000000,0.000000000,0.000000000
point-0007511,16001.494705473,277.563666457,234.401739172,344.900000000,0.000000000,0.000000000
point-0007512,16004.661545411,272.285599895,234.401739172,344.900000000,0.000000000,0.000000000
point-0007513,16005.340154456,273.244346525,233.801739172,344.900000000,0.000000000,0.000000000
point-0007514,16008.506994392,278.522413084,233.801739172,344.900000000,0.000000000,0.000000000
point-0007515,16009.185603435,279.481159711,233.201739172,344.900000000,0.000000000,0.000000000
point-0007516,16012.352443369,274.203093155,233.201739172,344.900000000,0.000000000,0.000000000
point-0007517,16013.031052414,275.161839785,232.601739172,344.900000000,0.000000000,0.000000000
point-0007518,16016.197892346,280.439906338,232.601739172,344.900000000,0.000000000,0.000000000
point-0007519,16016.876501389,281.398652964,232.001739172,344.900000000,0.000000000,0.000000000
point-0007520,16020.043341319,276.120586414,232.001739172,344.900000000,0.000000000,0.000000000
point-0007521,16020.721950364,277.079333044,231.401739172,344.900000000,0.000000000,0.000000000
point-0007522,16023.888790292,282.357399591,231.401739172,344.900000000,0.000000000,0.000000000
point-0007523,16024.567399336,283.316146218,230.801739172,344.900000000,0.000000000,0.000000000
point-0007524,16027.734239262,278.038079674,230.801739172,344.900000000,0.000000000,0.000000000
point-0007525,16028.412848307,278.996826304,230.201739172,344.900000000,0.000000000,0.000000000
point-0007526,16031.579688231,284.274892845,230.201739172,344.900000000,0.000000000,0.000000000
point-0007527,16032.258297275,285.233639471,229.601739172,344.900000000,0.000000000,0.000000000
point-0007528,16035.425137197,279.955572934,229.601739172,344.900000000,0.000000000,0.000000000
point-0007529,16036.103746242,280.914319564,229.001739172,344.900000000,0.000000000,0.000000000
point-0007530,16039.270586163,286.192386098,229.001739172,344.900000000,0.000000000,0.000000000
point-0007531,16039.949195206,287.151132725,228.401739172,344.900000000,0.000000000,0.000000000
point-0007532,16043.116035125,281.873066194,228.401739172,344.900000000,0.000000000,0.000000000
point-0007533,16043.794644170,282.831812824,227.801739172,344.900000000,0.000000000,0.000000000
point-0007534,16046.961484086,288.109879352,227.801739172,344.900000000,0.000000000,0.000000000
point-0007535,16047.640093130,289.068625978,227.201739172,344.900000000,0.000000000,0.000000000
point-0007536,16050.806933045,283.790559454,227.201739172,344.900000000,0.000000000,0.000000000
point-0007537,16051.485542090,284.749306084,226.601739172,344.900000000,0.000000000,0.000000000
point-0007538,16054.652382002,290.027372605,226.601739172,344.900000000,0.000000000,0.000000000
point-0007539,16055.330991046,290.986119232,226.001739172,344.900000000,0.000000000,0.000000000
point-0007540,16058.497830957,285.708052714,226.001739172,344.900000000,0.000000000,0.000000000
point-0007541,16059.176440002,286.666799344,225.401739172,344.900000000,0.000000000,0.000000000
point-0007542,16062.343279911,291.944865859,225.401739172,344.900000000,0.000000000,0.000000000
point-0007543,16063.021888954,292.903612485,224.801739172,344.900000000,0.000000000,0.000000000
point-0007544,16066.188728861,287.625545974,224.801739172,344.900000000,0.000000000,0.000000000
point-0007545,16066.867337907,288.584292603,224.201739172,344.900000000,0.000000000,0.000000000
point-0007546,16070.034177812,293.862359112,224.201739172,344.900000000,0.000000000,0.000000000
point-0007547,16070.712786855,294.821105739,223.601739172,344.900000000,0.000000000,0.000000000
point-0007548,16073.879626759,289.543039233,223.601739172,344.900000000,0.000000000,0.000000000
point-0007549,16074.558235804,290.501785863,223.001739172,344.900000000,0.000000000,0.000000000
point-0007550,16077.725075705,295.779852366,223.001739172,344.900000000,0.000000000,0.000000000
point-0007551,16078.403684749,296.738598992,222.401739172,344.900000000,0.000000000,0.000000000
point-0007552,16081.570524648,291.460532493,222.401739172,344.900000000,0.000000000,0.000000000
point-0007553,16082.249133693,292.419279123,221.801739172,344.900000000,0.000000000,0.000000000
point-0007554,16085.415973591,297.697345619,221.801739172,344.900000000,0.000000000,0.000000000
point-0007555,16086.094582634,298.656092246,221.201739172,344.900000000,0.000000000,0.000000000
point-0007556,16089.261422530,293.378025753,221.201739172,344.900000000,0.000000000,0.000000000
point-0007557,16089.940031575,294.336772383,220.601739172,344.900000000,0.000000000,0.000000000
point-0007558,16093.106871469,299.614838873,220.601739172,344.900000000,0.000000000,0.000000000
point-0007559,16093.785480512,300.573585499,220.001739172,344.900000000,0.000000000,0.000000000
point-0007560,16096.952320404,295.295519013,220.001739172,344.900000000,0.000000000,0.000000000
point-0007561,16097.630929449,296.254265643,219.401739172,344.900000000,0.000000000,0.000000000
point-0007562,16100.432826874,300.924094685,219.401739172,344.900000000,0.000000000,0.000000000
point-0007563,16100.857511994,300.548604446,218.801739172,344.900000000,0.000000000,0.000000000
point-0007564,16102.858867298,297.213012273,218.801739172,344.900000000,0.000000000,0.000000000
point-0007565,16103.537476343,298.171758903,218.201739172,344.900000000,0.000000000,0.000000000
point-0007566,16104.738289525,300.173114206,218.201739172,344.900000000,0.000000000,0.000000000
point-0007567,16105.162974645,299.797623967,217.601739172,344.900000000,0.000000000,0.000000000
point-0007568,16105.563245706,299.130505533,217.601739172,344.900000000,0.000000000,0.000000000
point-0007569,16132.789436831,262.223720429,244.001739172,344.900000000,0.000000000,0.000000000
point-0007570,16134.873190531,258.750797597,244.001739172,344.900000000,0.000000000,0.000000000
point-0007571,16135.297875652,259.126287841,244.601739172,344.900000000,0.000000000,0.000000000
point-0007572,16136.581087229,261.264973803,244.601739172,344.900000000,0.000000000,0.000000000
point-0007573,16137.259696272,260.306227176,245.201739172,344.900000000,0.000000000,0.000000000
point-0007574,16137.742365728,259.501778084,245.201739172,344.900000000,0.000000000,0.000000000
point-0007575,16139.374864451,257.853225970,243.122028043,345.500000000,0.000000000,0.000000000
point-0007576,16169.014812037,299.819545393,217.060957396,345.500000000,0.000000000,0.000000000
point-0007577,16171.054807897,301.613221862,219.949326798,345.500000000,0.000000000,0.000000000
point-0007578,16200.694755417,259.646902599,246.010397496,345.500000000,0.000000000,0.000000000
point-0007579,16202.734751353,257.853225970,243.122028043,345.500000000,0.000000000,0.000000000
point-0007580,16203.201879094,258.487089782,243.574079929,345.500000000,0.000000000,0.000000000
point-0007581,16205.910500062,263.001458062,243.574079929,345.500000000,0.000000000,0.000000000
point-0007582,16206.592895990,263.967642140,242.974079929,345.500000000,0.000000000,0.000000000
point-0007583,16209.777402494,258.660131300,242.974079929,345.500000000,0.000000000,0.000000000
point-0007584,16210.459798422,259.626315379,242.374079929,345.500000000,0.000000000,0.000000000
point-0007585,16213.644304925,264.933826218,242.374079929,345.500000000,0.000000000,0.000000000
point-0007586,16214.326700853,265.900010295,241.774079929,345.500000000,0.000000000,0.000000000
point-0007587,16217.511207356,260.592499457,241.774079929,345.500000000,0.000000000,0.000000000
point-0007588,16218.193603284,261.558683536,241.174079929,345.500000000,0.000000000,0.000000000
point-0007589,16221.378109786,266.866194373,241.174079929,345.500000000,0.000000000,0.000000000
point-0007590,16222.060505714,267.832378451,240.574079929,345.500000000,0.000000000,0.000000000
point-0007591,16225.245012215,262.524867615,240.574079929,345.500000000,0.000000000,0.000000000
point-0007592,16225.927408143,263.491051693,239.974079929,345.500000000,0.000000000,0.000000000
point-0007593,16229.111914645,268.798562529,239.974079929,345.500000000,0.000000000,0.000000000
point-0007594,16229.794310572,269.764746606,239.374079929,345.500000000,0.000000000,0.000000000
point-0007595,16232.978817073,264.457235772,239.374079929,345.500000000,0.000000000,0.000000000
point-0007596,16233.661213001,265.423419851,238.774079929,345.500000000,0.000000000,0.000000000
point-0007597,16236.845719501,270.730930684,238.774079929,345.500000000,0.000000000,0.000000000
point-0007598,16237.528115429,271.697114762,238.174079929,345.500000000,0.000000000,0.000000000
point-0007599,16240.712621928,266.389603929,238.174079929,345.500000000,0.000000000,0.000000000
point-0007600,16241.395017856,267.355788008,237.574079929,345.500000000,0.000000000,0.000000000
point-0007601,16244.579524355,272.663298840,237.574079929,345.500000000,0.000000000,0.000000000
point-0007602,16245.261920283,273.629482918,236.974079929,345.500000000,0.000000000,0.000000000
point-0007603,16248.446426781,268.321972087,236.974079929,345.500000000,0.000000000,0.000000000
point-0007604,16249.128822709,269.288156165,236.374079929,345.500000000,0.000000000,0.000000000
point-0007605,16252.313329207,274.595666995,236.374079929,345.500000000,0.000000000,0.000000000
point-0007606,16252.995725135,275.561851073,235.774079929,345.500000000,0.000000000,0.000000000
point-0007607,16256.180231632,270.254340244,235.774079929,345.500000000,0.000000000,0.000000000
point-0007608,16256.862627560,271.220524323,235.174079929,345.500000000,0.000000000,0.000000000
point-0007609,16260.047134057,276.528035151,235.174079929,345.500000000,0.000000000,0.000000000
point-0007610,16260.729529985,277.494219229,234.574079929,345.500000000,0.000000000,0.000000000
point-0007611,16263.914036481,272.186708401,234.574079929,345.500000000,0.000000000,0.000000000
point-0007612,16264.596432409,273.152892480,233.974079929,345.500000000,0.000000000,0.000000000
point-0007613,16267.780938905,278.460403306,233.974079929,345.500000000,0.000000000,0.000000000
point-0007614,16268.463334833,279.426587384,233.374079929,345.500000000,0.000000000,0.000000000
point-0007615,16271.647841328,274.119076559,233.374079929,345.500000000,0.000000000,0.000000000
point-0007616,16272.330237256,275.085260637,232.774079929,345.500000000,0.000000000,0.000000000
point-0007617,16275.514743751,280.392771462,232.774079929,345.500000000,0.000000000,0.000000000
point-0007618,16276.197139678,281.358955540,232.174079929,345.500000000,0.000000000,0.000000000
point-0007619,16279.381646172,276.051444716,232.174079929,345.500000000,0.000000000,0.000000000
point-0007620,16280.064042100,277.017628795,231.574079929,345.500000000,0.000000000,0.000000000
point-0007621,16283.248548594,282.325139617,231.574079929,345.500000000,0.000000000,0.000000000
point-0007622,16283.930944522,283.291323695,230.974079929,345.500000000,0.000000000,0.000000000
point-0007623,16287.115451015,277.983812873,230.974079929,345.500000000,0.000000000,0.000000000
point-0007624,16287.797846943,278.949996952,230.374079929,345.500000000,0.000000000,0.000000000
point-0007625,16290.982353435,284.257507773,230.374079929,345.500000000,0.000000000,0.000000000
point-0007626,16291.664749363,285.223691851,229.774079929,345.500000000,0.000000000,0.000000000
point-0007627,16294.849255855,279.916181031,229.774079929,345.500000000,0.000000000,0.000000000
point-0007628,16295.531651783,280.882365110,229.174079929,345.500000000,0.000000000,0.000000000
point-0007629,16298.716158274,286.189875929,229.174079929,345.500000000,0.000000000,0.000000000
point-0007630,16299.398554202,287.156060006,228.574079929,345.500000000,0.000000000,0.000000000
point-0007631,16302.583060693,281.848549188,228.574079929,345.500000000,0.000000000,0.000000000
point-0007632,16303.265456621,282.814733267,227.974079929,345.500000000,0.000000000,0.000000000
point-0007633,16306.449963111,288.122244084,227.974079929,345.500000000,0.000000000,0.000000000
point-0007634,16307.132359039,289.088428162,227.374079929,345.500000000,0.000000000,0.000000000
point-0007635,16310.316865528,283.780917346,227.374079929,345.500000000,0.000000000,0.000000000
point-0007636,16310.999261456,284.747101424,226.774079929,345.500000000,0.000000000,0.000000000
point-0007637,16314.183767946,290.054612240,226.774079929,345.500000000,0.000000000,0.000000000
point-0007638,16314.866163873,291.020796317,226.174079929,345.500000000,0.000000000,0.000000000
point-0007639,16318.050670362,285.713285503,226.174079929,345.500000000,0.000000000,0.000000000
point-0007640,16318.733066290,286.679469582,225.574079929,345.500000000,0.000000000,0.000000000
point-0007641,16321.917572778,291.986980395,225.574079929,345.500000000,0.000000000,0.000000000
point-0007642,16322.599968706,292.953164473,224.974079929,345.500000000,0.000000000,0.000000000
point-0007643,16325.784475193,287.645653660,224.974079929,345.500000000,0.000000000,0.000000000
point-0007644,16326.466871121,288.611837739,224.374079929,345.500000000,0.000000000,0.000000000
point-0007645,16329.651377608,293.919348551,224.374079929,345.500000000,0.000000000,0.000000000
point-0007646,16330.333773536,294.885532629,223.774079929,345.500000000,0.000000000,0.000000000
point-0007647,16333.518280023,289.578021818,223.774079929,345.500000000,0.000000000,0.000000000
point-0007648,16334.200675951,290.544205896,223.174079929,345.500000000,0.000000000,0.000000000
point-0007649,16337.385182437,295.851716706,223.174079929,345.500000000,0.000000000,0.000000000
point-0007650,16338.067578364,296.817900784,222.574079929,345.500000000,0.000000000,0.000000000
point-0007651,16341.252084850,291.510389975,222.574079929,345.500000000,0.000000000,0.000000000
point-0007652,16341.934480778,292.476574054,221.974079929,345.500000000,0.000000000,0.000000000
point-0007653,16345.118987263,297.784084862,221.974079929,345.500000000,0.000000000,0.000000000
point-0007654,16345.801383190,298.750268940,221.374079929,345.500000000,0.000000000,0.000000000
point-0007655,16348.985889674,293.442758132,221.374079929,345.500000000,0.000000000,0.000000000
point-0007656,16349.668285602,294.408942211,220.774079929,345.500000000,0.000000000,0.000000000
point-0007657,16352.852792086,299.716453017,220.774079929,345.500000000,0.000000000,0.000000000
point-0007658,16353.535188014,300.682637095,220.174079929,345.500000000,0.000000000,0.000000000
point-0007659,16356.719694497,295.375126290,220.174079929,345.500000000,0.000000000,0.000000000
point-0007660,16357.402090425,296.341310368,219.574079929,345.500000000,0.000000000,0.000000000
point-0007661,16360.213536585,301.027053968,219.574079929,345.500000000,0.000000000,0.000000000
point-0007662,16360.637304235,300.654454161,218.974079929,345.500000000,0.000000000,0.000000000
point-0007663,16362.645480064,297.307494447,218.974079929,345.500000000,0.000000000,0.000000000
point-0007664,16363.327875992,298.273678526,218.374079929,345.500000000,0.000000000,0.000000000
point-0007665,16364.532781489,300.281854354,218.374079929,345.500000000,0.000000000,0.000000000
point-0007666,16364.956549139,299.909254547,217.774079929,345.500000000,0.000000000,0.000000000
point-0007667,16365.358184305,299.239862604,217.774079929,345.500000000,0.000000000,0.000000000
point-0007668,16392.729901627,262.035273984,244.174079929,345.500000000,0.000000000,0.000000000
point-0007669,16394.635252249,258.859689615,244.174079929,345.500000000,0.000000000,0.000000000
point-0007670,16395.059019908,259.232289449,244.774079929,345.500000000,0.000000000,0.000000000
point-0007671,16396.161100183,261.069089906,244.774079929,345.500000000,0.000000000,0.000000000
point-0007672,16396.843496110,260.102905829,245.374079929,345.500000000,0.000000000,0.000000000
point-0007673,16397.142306038,259.604889282,245.374079929,345.500000000,0.000000000,0.000000000
point-0007674,16398.871376050,257.875910114,243.148028194,346.100000000,0.000000000,0.000000000
point-0007675,16428.511296829,299.928100193,217.225831824,346.100000000,0.000000000,0.000000000
point-0007676,16430.551290566,301.712218277,220.120110955,346.100000000,0.000000000,0.000000000
point-0007677,16460.191211251,259.660028425,246.042307393,346.100000000,0.000000000,0.000000000
point-0007678,16462.231205095,257.875910114,243.148028194,346.100000000,0.000000000,0.000000000
point-0007679,16462.583420894,258.462861254,243.138632846,346.100000000,0.000000000,0.000000000
point-0007680,16465.784980974,263.798794722,243.138632846,346.100000000,0.000000000,0.000000000
point-0007681,16466.471032114,262.825446882,243.738632846,346.100000000,0.000000000,0.000000000
point-0007682,16469.010863618,258.592394376,243.738632846,346.100000000,0.000000000,0.000000000
point-0007683,16469.433765564,258.962251917,244.338632846,346.100000000,0.000000000,0.000000000
point-0007684,16471.167673839,261.852099042,244.338632846,346.100000000,0.000000000,0.000000000
point-0007685,16471.853724979,260.878751202,244.938632846,346.100000000,0.000000000,0.000000000
point-0007686,16472.781710025,259.332109458,244.938632846,346.100000000,0.000000000,0.000000000
point-0007687,16473.204611972,259.701966998,245.538632846,346.100000000,0.000000000,0.000000000
point-0007688,16473.326673790,259.905403362,245.538632846,346.100000000,0.000000000,0.000000000
point-0007689,16475.148555118,259.436209096,242.538632846,346.100000000,0.000000000,0.000000000
point-0007690,16478.350115198,264.772142562,242.538632846,346.100000000,0.000000000,0.000000000
point-0007691,16479.036166337,265.745490402,241.938632846,346.100000000,0.000000000,0.000000000
point-0007692,16482.237726417,260.409556937,241.938632846,346.100000000,0.000000000,0.000000000
point-0007693,16482.923777557,261.382904778,241.338632846,346.100000000,0.000000000,0.000000000
point-0007694,16486.125337635,266.718838242,241.338632846,346.100000000,0.000000000,0.000000000
point-0007695,16486.811388775,267.692186082,240.738632846,346.100000000,0.000000000,0.000000000
point-0007696,16490.012948853,262.356252619,240.738632846,346.100000000,0.000000000,0.000000000
point-0007697,16490.698999993,263.329600461,240.138632846,346.100000000,0.000000000,0.000000000
point-0007698,16493.900560070,268.665533922,240.138632846,346.100000000,0.000000000,0.000000000
point-0007699,16494.586611210,269.638881762,239.538632846,346.100000000,0.000000000,0.000000000
point-0007700,16497.788171286,264.302948302,239.538632846,346.100000000,0.000000000,0.000000000
point-0007701,16498.474222426,265.276296143,238.938632846,346.100000000,0.000000000,0.000000000
point-0007702,16501.675782502,270.612229602,238.938632846,346.100000000,0.000000000,0.000000000
point-0007703,16502.361833642,271.585577442,238.338632846,346.100000000,0.000000000,0.000000000
point-0007704,16505.563393716,266.249643984,238.338632846,346.100000000,0.000000000,0.000000000
point-0007705,16506.249444857,267.222991825,237.738632846,346.100000000,0.000000000,0.000000000
point-0007706,16509.451004931,272.558925282,237.738632846,346.100000000,0.000000000,0.000000000
point-0007707,16510.137056071,273.532273122,237.138632846,346.100000000,0.000000000,0.000000000
point-0007708,16513.338616144,268.196339667,237.138632846,346.100000000,0.000000000,0.000000000
point-0007709,16514.024667284,269.169687508,236.538632846,346.100000000,0.000000000,0.000000000
point-0007710,16517.226227357,274.505620962,236.538632846,346.100000000,0.000000000,0.000000000
point-0007711,16517.912278497,275.478968802,235.938632846,346.100000000,0.000000000,0.000000000
point-0007712,16521.113838569,270.143035349,235.938632846,346.100000000,0.000000000,0.000000000
point-0007713,16521.799889709,271.116383190,235.338632846,346.100000000,0.000000000,0.000000000
point-0007714,16525.001449780,276.452316642,235.338632846,346.100000000,0.000000000,0.000000000
point-0007715,16525.687500920,277.425664482,234.738632846,346.100000000,0.000000000,0.000000000
point-0007716,16528.889060991,272.089731031,234.738632846,346.100000000,0.000000000,0.000000000
point-0007717,16529.575112131,273.063078873,234.138632846,346.100000000,0.000000000,0.000000000
point-0007718,16532.776672201,278.399012322,234.138632846,346.100000000,0.000000000,0.000000000
point-0007719,16533.462723340,279.372360162,233.538632846,346.100000000,0.000000000,0.000000000
point-0007720,16536.664283409,274.036426714,233.538632846,346.100000000,0.000000000,0.000000000
point-0007721,16537.350334550,275.009774555,232.938632846,346.100000000,0.000000000,0.000000000
point-0007722,16540.551894618,280.345708002,232.938632846,346.100000000,0.000000000,0.000000000
point-0007723,16541.237945758,281.319055842,232.338632846,346.100000000,0.000000000,0.000000000
point-0007724,16544.439505825,275.983122396,232.338632846,346.100000000,0.000000000,0.000000000
point-0007725,16545.125556966,276.956470237,231.738632846,346.100000000,0.000000000,0.000000000
point-0007726,16548.327117033,282.292403682,231.738632846,346.100000000,0.000000000,0.000000000
point-0007727,16549.013168173,283.265751522,231.138632846,346.100000000,0.000000000,0.000000000
point-0007728,16552.214728239,277.929818079,231.138632846,346.100000000,0.000000000,0.000000000
point-0007729,16552.900779379,278.903165920,230.538632846,346.100000000,0.000000000,0.000000000
point-0007730,16556.102339444,284.239099362,230.538632846,346.100000000,0.000000000,0.000000000
point-0007731,16556.788390584,285.212447202,229.938632846,346.100000000,0.000000000,0.000000000
point-0007732,16559.989950649,279.876513761,229.938632846,346.100000000,0.000000000,0.000000000
point-0007733,16560.676001789,280.849861602,229.338632846,346.100000000,0.000000000,0.000000000
point-0007734,16563.877561853,286.185795042,229.338632846,346.100000000,0.000000000,0.000000000
point-0007735,16564.563612993,287.159142882,228.738632846,346.100000000,0.000000000,0.000000000
point-0007736,16567.765173056,281.823209443,228.738632846,346.100000000,0.000000000,0.000000000
point-0007737,16568.451224197,282.796557285,228.138632846,346.100000000,0.000000000,0.000000000
point-0007738,16571.652784259,288.132490722,228.138632846,346.100000000,0.000000000,0.000000000
point-0007739,16572.338835399,289.105838562,227.538632846,346.100000000,0.000000000,0.000000000
point-0007740,16575.540395461,283.769905126,227.538632846,346.100000000,0.000000000,0.000000000
point-0007741,16576.226446601,284.743252967,226.938632846,346.100000000,0.000000000,0.000000000
point-0007742,16579.428006662,290.079186402,226.938632846,346.100000000,0.000000000,0.000000000
point-0007743,16580.114057802,291.052534242,226.338632846,346.100000000,0.000000000,0.000000000
point-0007744,16583.315617863,285.716600808,226.338632846,346.100000000,0.000000000,0.000000000
point-0007745,16584.001669003,286.689948649,225.738632846,346.100000000,0.000000000,0.000000000
point-0007746,16587.203229063,292.025882082,225.738632846,346.100000000,0.000000000,0.000000000
point-0007747,16587.889280202,292.999229922,225.138632846,346.100000000,0.000000000,0.000000000
point-0007748,16591.090840261,287.663296491,225.138632846,346.100000000,0.000000000,0.000000000
point-0007749,16591.776891402,288.636644332,224.538632846,346.100000000,0.000000000,0.000000000
point-0007750,16594.978451460,293.972577762,224.538632846,346.100000000,0.000000000,0.000000000
point-0007751,16595.664502600,294.945925602,223.938632846,346.100000000,0.000000000,0.000000000
point-0007752,16598.866062657,289.609992173,223.938632846,346.100000000,0.000000000,0.000000000
point-0007753,16599.552113798,290.583340014,223.338632846,346.100000000,0.000000000,0.000000000
point-0007754,16602.753673855,295.919273442,223.338632846,346.100000000,0.000000000,0.000000000
point-0007755,16603.439724994,296.892621282,222.738632846,346.100000000,0.000000000,0.000000000
point-0007756,16606.641285050,291.556687856,222.738632846,346.100000000,0.000000000,0.000000000
point-0007757,16607.327336191,292.530035697,222.138632846,346.100000000,0.000000000,0.000000000
point-0007758,16610.528896246,297.865969122,222.138632846,346.100000000,0.000000000,0.000000000
point-0007759,16611.214947386,298.839316962,221.538632846,346.100000000,0.000000000,0.000000000
point-0007760,16614.416507441,293.503383538,221.538632846,346.100000000,0.000000000,0.000000000
point-0007761,16615.102558581,294.476731379,220.938632846,346.100000000,0.000000000,0.000000000
point-0007762,16618.304118635,299.812664802,220.938632846,346.100000000,0.000000000,0.000000000
point-0007763,16618.990169775,300.786012642,220.338632846,346.100000000,0.000000000,0.000000000
point-0007764,16622.191729828,295.450079220,220.338632846,346.100000000,0.000000000,0.000000000
point-0007765,16622.877780968,296.423427062,219.738632846,346.100000000,0.000000000,0.000000000
point-0007766,16625.698512190,301.124645764,219.738632846,346.100000000,0.000000000,0.000000000
point-0007767,16626.121414124,300.754788262,219.138632846,346.100000000,0.000000000,0.000000000
point-0007768,16628.136222139,297.396774903,219.138632846,346.100000000,0.000000000,0.000000000
point-0007769,16628.822273280,298.370122744,218.538632846,346.100000000,0.000000000,0.000000000
point-0007770,16630.031158089,300.384930759,218.538632846,346.100000000,0.000000000,0.000000000
point-0007771,16630.454060023,300.015073257,217.938632846,346.100000000,0.000000000,0.000000000
point-0007772,16630.857021626,299.343470585,217.938632846,346.100000000,0.000000000,0.000000000
point-0007773,16659.973415976,257.897376542,243.172785399,346.700000000,0.000000000,0.000000000
point-0007774,16689.613327741,300.030712940,217.382720751,346.700000000,0.000000000,0.000000000
point-0007775,16691.653320760,301.805736857,220.282584710,346.700000000,0.000000000,0.000000000
point-0007776,16721.293232425,259.672400696,246.072649428,346.700000000,0.000000000,0.000000000
point-0007777,16723.333225555,257.897376542,243.172785399,346.700000000,0.000000000,0.000000000
point-0007778,16723.599562148,258.324054208,243.295212270,346.700000000,0.000000000,0.000000000
point-0007779,16726.786293527,263.635273173,243.295212270,346.700000000,0.000000000,0.000000000
point-0007780,16727.475859342,262.655050673,243.895212270,346.700000000,0.000000000,0.000000000
point-0007781,16729.854099063,258.691317805,243.895212270,346.700000000,0.000000000,0.000000000
point-0007782,16730.276186397,259.058581401,244.495212270,346.700000000,0.000000000,0.000000000
point-0007783,16731.845934461,261.674828174,244.495212270,346.700000000,0.000000000,0.000000000
point-0007784,16732.535500276,260.694605675,245.095212270,346.700000000,0.000000000,0.000000000
point-0007785,16733.296756682,259.425844998,245.095212270,346.700000000,0.000000000,0.000000000
point-0007786,16734.740519613,259.252228238,242.695212270,346.700000000,0.000000000,0.000000000
point-0007787,16737.958480073,264.615495672,242.695212270,346.700000000,0.000000000,0.000000000
point-0007788,16738.648045888,265.595718171,242.095212270,346.700000000,0.000000000,0.000000000
point-0007789,16741.866006348,260.232450738,242.095212270,346.700000000,0.000000000,0.000000000
point-0007790,16742.555572164,261.212673239,241.495212270,346.700000000,0.000000000,0.000000000
point-0007791,16745.773532623,266.575940671,241.495212270,346.700000000,0.000000000,0.000000000
point-0007792,16746.463098438,267.556163170,240.895212270,346.700000000,0.000000000,0.000000000
point-0007793,16749.681058896,262.192895739,240.895212270,346.700000000,0.000000000,0.000000000
point-0007794,16750.370624712,263.173118240,240.295212270,346.700000000,0.000000000,0.000000000
point-0007795,16753.588585170,268.536385669,240.295212270,346.700000000,0.000000000,0.000000000
point-0007796,16754.278150985,269.516608169,239.695212270,346.700000000,0.000000000,0.000000000
point-0007797,16757.496111442,264.153340740,239.695212270,346.700000000,0.000000000,0.000000000
point-0007798,16758.185677258,265.133563241,239.095212270,346.700000000,0.000000000,0.000000000
point-0007799,16761.403637714,270.496830668,239.095212270,346.700000000,0.000000000,0.000000000
point-0007800,16762.093203529,271.477053167,238.495212270,346.700000000,0.000000000,0.000000000
point-0007801,16765.311163985,266.113785741,238.495212270,346.700000000,0.000000000,0.000000000
point-0007802,16766.000729801,267.094008242,237.895212270,346.700000000,0.000000000,0.000000000
point-0007803,16769.218690256,272.457275667,237.895212270,346.700000000,0.000000000,0.000000000
point-0007804,16769.908256071,273.437498166,237.295212270,346.700000000,0.000000000,0.000000000
point-0007805,16773.126216525,268.074230742,237.295212270,346.700000000,0.000000000,0.000000000
point-0007806,16773.815782341,269.054453243,236.695212270,346.700000000,0.000000000,0.000000000
point-0007807,16777.033742794,274.417720665,236.695212270,346.700000000,0.000000000,0.000000000
point-0007808,16777.723308609,275.397943165,236.095212270,346.700000000,0.000000000,0.000000000
point-0007809,16780.941269062,270.034675743,236.095212270,346.700000000,0.000000000,0.000000000
point-0007810,16781.630834878,271.014898244,235.495212270,346.700000000,0.000000000,0.000000000
point-0007811,16784.848795330,276.378165664,235.495212270,346.700000000,0.000000000,0.000000000
point-0007812,16785.538361145,277.358388163,234.895212270,346.700000000,0.000000000,0.000000000
point-0007813,16788.756321597,271.995120744,234.895212270,346.700000000,0.000000000,0.000000000
point-0007814,16789.445887412,272.975343245,234.295212270,346.700000000,0.000000000,0.000000000
point-0007815,16792.663847863,278.338610663,234.295212270,346.700000000,0.000000000,0.000000000
point-0007816,16793.353413678,279.318833162,233.695212270,346.700000000,0.000000000,0.000000000
point-0007817,16796.571374128,273.955565745,233.695212270,346.700000000,0.000000000,0.000000000
point-0007818,16797.260939944,274.935788246,233.095212270,346.700000000,0.000000000,0.000000000
point-0007819,16800.478900393,280.299055662,233.095212270,346.700000000,0.000000000,0.000000000
point-0007820,16801.168466208,281.279278161,232.495212270,346.700000000,0.000000000,0.000000000
point-0007821,16804.386426657,275.916010746,232.495212270,346.700000000,0.000000000,0.000000000
point-0007822,16805.075992473,276.896233247,231.895212270,346.700000000,0.000000000,0.000000000
point-0007823,16808.293952921,282.259500660,231.895212270,346.700000000,0.000000000,0.000000000
point-0007824,16808.983518736,283.239723160,231.295212270,346.700000000,0.000000000,0.000000000
point-0007825,16812.201479183,277.876455747,231.295212270,346.700000000,0.000000000,0.000000000
point-0007826,16812.891044999,278.856678248,230.695212270,346.700000000,0.000000000,0.000000000
point-0007827,16816.109005445,284.219945659,230.695212270,346.700000000,0.000000000,0.000000000
point-0007828,16816.798571261,285.200168158,230.095212270,346.700000000,0.000000000,0.000000000
point-0007829,16820.016531706,279.836900748,230.095212270,346.700000000,0.000000000,0.000000000
point-0007830,16820.706097522,280.817123249,229.495212270,346.700000000,0.000000000,0.000000000
point-0007831,16823.924057967,286.180390658,229.495212270,346.700000000,0.000000000,0.000000000
point-0007832,16824.613623782,287.160613157,228.895212270,346.700000000,0.000000000,0.000000000
point-0007833,16827.831584227,281.797345749,228.895212270,346.700000000,0.000000000,0.000000000
point-0007834,16828.521150043,282.777568250,228.295212270,346.700000000,0.000000000,0.000000000
point-0007835,16831.739110486,288.140835656,228.295212270,346.700000000,0.000000000,0.000000000
point-0007836,16832.428676302,289.121058156,227.695212270,346.700000000,0.000000000,0.000000000
point-0007837,16835.646636745,283.757790750,227.695212270,346.700000000,0.000000000,0.000000000
point-0007838,16836.336202560,284.738013251,227.095212270,346.700000000,0.000000000,0.000000000
point-0007839,16839.554163003,290.101280655,227.095212270,346.700000000,0.000000000,0.000000000
point-0007840,16840.243728818,291.081503154,226.495212270,346.700000000,0.000000000,0.000000000
point-0007841,16843.461689260,285.718235751,226.495212270,346.700000000,0.000000000,0.000000000
point-0007842,16844.151255075,286.698458252,225.895212270,346.700000000,0.000000000,0.000000000
point-0007843,16847.369215516,292.061725654,225.895212270,346.700000000,0.000000000,0.000000000
point-0007844,16848.058781331,293.041948153,225.295212270,346.700000000,0.000000000,0.000000000
point-0007845,16851.276741772,287.678680752,225.295212270,346.700000000,0.000000000,0.000000000
point-0007846,16851.966307587,288.658903253,224.695212270,346.700000000,0.000000000,0.000000000
point-0007847,16855.184268027,294.022170652,224.695212270,346.700000000,0.000000000,0.000000000
point-0007848,16855.873833842,295.002393152,224.095212270,346.700000000,0.000000000,0.000000000
point-0007849,16859.091794281,289.639125753,224.095212270,346.700000000,0.000000000,0.000000000
point-0007850,16859.781360097,290.619348254,223.495212270,346.700000000,0.000000000,0.000000000
point-0007851,16862.999320535,295.982615651,223.495212270,346.700000000,0.000000000,0.000000000
point-0007852,16863.688886350,296.962838150,222.895212270,346.700000000,0.000000000,0.000000000
point-0007853,16866.906846787,291.599570754,222.895212270,346.700000000,0.000000000,0.000000000
point-0007854,16867.596412603,292.579793255,222.295212270,346.700000000,0.000000000,0.000000000
point-0007855,16870.814373040,297.943060650,222.295212270,346.700000000,0.000000000,0.000000000
point-0007856,16871.503938855,298.923283149,221.695212270,346.700000000,0.000000000,0.000000000
point-0007857,16874.721899291,293.560015755,221.695212270,346.700000000,0.000000000,0.000000000
point-0007858,16875.411465107,294.540238256,221.095212270,346.700000000,0.000000000,0.000000000
point-0007859,16878.629425542,299.903505648,221.095212270,346.700000000,0.000000000,0.000000000
point-0007860,16879.318991357,300.883728148,220.495212270,346.700000000,0.000000000,0.000000000
point-0007861,16882.536951792,295.520460756,220.495212270,346.700000000,0.000000000,0.000000000
point-0007862,16883.226517608,296.500683257,219.895212270,346.700000000,0.000000000,0.000000000
point-0007863,16886.056238327,301.216884456,219.895212270,346.700000000,0.000000000,0.000000000
point-0007864,16886.478325649,300.849620900,219.295212270,346.700000000,0.000000000,0.000000000
point-0007865,16888.499554734,297.480905757,219.295212270,346.700000000,0.000000000,0.000000000
point-0007866,16889.189120550,298.461128258,218.695212270,346.700000000,0.000000000,0.000000000
point-0007867,16890.401858001,300.482357343,218.695212270,346.700000000,0.000000000,0.000000000
point-0007868,16890.823945323,300.115093787,218.095212270,346.700000000,0.000000000,0.000000000
point-0007869,16891.228191140,299.441350759,218.095212270,346.700000000,0.000000000,0.000000000
point-0007870,16920.342989016,257.917622861,243.196267090,347.300000000,0.000000000,0.000000000
point-0007871,16949.982918882,300.127396345,217.531437582,347.300000000,0.000000000,0.000000000
point-0007872,16952.022913329,301.893800997,220.436562652,347.300000000,0.000000000,0.000000000
point-0007873,16981.662843120,259.684027691,246.101392212,347.300000000,0.000000000,0.000000000
point-0007874,16983.702837648,257.917622861,243.196267090,347.300000000,0.000000000,0.000000000
point-0007875,16984.038355346,258.419131287,243.443632503,347.300000000,0.000000000,0.000000000
point-0007876,16987.073485275,263.477681169,243.443632503,347.300000000,0.000000000,0.000000000
point-0007877,16987.766416348,262.490888565,244.043632503,347.300000000,0.000000000,0.000000000
point-0007878,16989.990579716,258.783949617,244.043632503,347.300000000,0.000000000,0.000000000
point-0007879,16990.411902953,259.148767948,244.643632503,347.300000000,0.000000000,0.000000000
point-0007880,16991.825099760,261.504095962,244.643632503,347.300000000,0.000000000,0.000000000
point-0007881,16992.518030833,260.517303358,245.243632503,347.300000000,0.000000000,0.000000000
point-0007882,16993.120261080,259.513586279,245.243632503,347.300000000,0.000000000,0.000000000
point-0007883,16994.584105375,259.075027655,242.843632503,347.300000000,0.000000000,0.000000000
point-0007884,16997.817773046,264.464473772,242.843632503,347.300000000,0.000000000,0.000000000
point-0007885,16998.510704118,265.451266376,242.243632503,347.300000000,0.000000000,0.000000000
point-0007886,17001.744371788,260.061820260,242.243632503,347.300000000,0.000000000,0.000000000
point-0007887,17002.437302861,261.048612864,241.643632503,347.300000000,0.000000000,0.000000000
point-0007888,17005.670970530,266.438058980,241.643632503,347.300000000,0.000000000,0.000000000
point-0007889,17006.363901603,267.424851583,241.043632503,347.300000000,0.000000000,0.000000000
point-0007890,17009.597569272,262.035405469,241.043632503,347.300000000,0.000000000,0.000000000
point-0007891,17010.290500345,263.022198073,240.443632503,347.300000000,0.000000000,0.000000000
point-0007892,17013.524168013,268.411644187,240.443632503,347.300000000,0.000000000,0.000000000
point-0007893,17014.217099086,269.398436791,239.843632503,347.300000000,0.000000000,0.000000000
point-0007894,17017.450766753,264.008990678,239.843632503,347.300000000,0.000000000,0.000000000
point-0007895,17018.143697826,264.995783282,239.243632503,347.300000000,0.000000000,0.000000000
point-0007896,17021.377365494,270.385229394,239.243632503,347.300000000,0.000000000,0.000000000
point-0007897,17022.070296566,271.372021998,238.643632503,347.300000000,0.000000000,0.000000000
point-0007898,17025.303964233,265.982575887,238.643632503,347.300000000,0.000000000,0.000000000
point-0007899,17025.996895306,266.969368491,238.043632503,347.300000000,0.000000000,0.000000000
point-0007900,17029.230562973,272.358814602,238.043632503,347.300000000,0.000000000,0.000000000
point-0007901,17029.923494045,273.345607205,237.443632503,347.300000000,0.000000000,0.000000000
point-0007902,17033.157161711,267.956161095,237.443632503,347.300000000,0.000000000,0.000000000
point-0007903,17033.850092784,268.942953700,236.843632503,347.300000000,0.000000000,0.000000000
point-0007904,17037.083760450,274.332399809,236.843632503,347.300000000,0.000000000,0.000000000
point-0007905,17037.776691522,275.319192413,236.243632503,347.300000000,0.000000000,0.000000000
point-0007906,17041.010359187,269.929746304,236.243632503,347.300000000,0.000000000,0.000000000
point-0007907,17041.703290260,270.916538909,235.643632503,347.300000000,0.000000000,0.000000000
point-0007908,17044.936957925,276.305985016,235.643632503,347.300000000,0.000000000,0.000000000
point-0007909,17045.629888997,277.292777620,235.043632503,347.300000000,0.000000000,0.000000000
point-0007910,17048.863556661,271.903331513,235.043632503,347.300000000,0.000000000,0.000000000
point-0007911,17049.556487734,272.890124118,234.443632503,347.300000000,0.000000000,0.000000000
point-0007912,17052.790155398,278.279570224,234.443632503,347.300000000,0.000000000,0.000000000
point-0007913,17053.483086470,279.266362827,233.843632503,347.300000000,0.000000000,0.000000000
point-0007914,17056.716754133,273.876916722,233.843632503,347.300000000,0.000000000,0.000000000
point-0007915,17057.409685206,274.863709327,233.243632503,347.300000000,0.000000000,0.000000000
point-0007916,17060.643352869,280.253155431,233.243632503,347.300000000,0.000000000,0.000000000
point-0007917,17061.336283942,281.239948035,232.643632503,347.300000000,0.000000000,0.000000000
point-0007918,17064.569951604,275.850501931,232.643632503,347.300000000,0.000000000,0.000000000
point-0007919,17065.262882677,276.837294536,232.043632503,347.300000000,0.000000000,0.000000000
point-0007920,17068.496550338,282.226740638,232.043632503,347.300000000,0.000000000,0.000000000
point-0007921,17069.189481411,283.213533242,231.443632503,347.300000000,0.000000000,0.000000000
point-0007922,17072.423149072,277.824087140,231.443632503,347.300000000,0.000000000,0.000000000
point-0007923,17073.116080145,278.810879744,230.843632503,347.300000000,0.000000000,0.000000000
point-0007924,17076.349747806,284.200325845,230.843632503,347.300000000,0.000000000,0.000000000
point-0007925,17077.042678878,285.187118449,230.243632503,347.300000000,0.000000000,0.000000000
point-0007926,17080.276346538,279.797672349,230.243632503,347.300000000,0.000000000,0.000000000
point-0007927,17080.969277611,280.784464953,229.643632503,347.300000000,0.000000000,0.000000000
point-0007928,17084.202945271,286.173911053,229.643632503,347.300000000,0.000000000,0.000000000
point-0007929,17084.895876344,287.160703656,229.043632503,347.300000000,0.000000000,0.000000000
point-0007930,17088.129544003,281.771257558,229.043632503,347.300000000,0.000000000,0.000000000
point-0007931,17088.822475076,282.758050162,228.443632503,347.300000000,0.000000000,0.000000000
point-0007932,17092.056142734,288.147496260,228.443632503,347.300000000,0.000000000,0.000000000
point-0007933,17092.749073807,289.134288864,227.843632503,347.300000000,0.000000000,0.000000000
point-0007934,17095.982741465,283.744842767,227.843632503,347.300000000,0.000000000,0.000000000
point-0007935,17096.675672538,284.731635371,227.243632503,347.300000000,0.000000000,0.000000000
point-0007936,17099.909340196,290.121081467,227.243632503,347.300000000,0.000000000,0.000000000
point-0007937,17100.602271269,291.107874071,226.643632503,347.300000000,0.000000000,0.000000000
point-0007938,17103.835938926,285.718427976,226.643632503,347.300000000,0.000000000,0.000000000
point-0007939,17104.528869999,286.705220580,226.043632503,347.300000000,0.000000000,0.000000000
point-0007940,17107.762537656,292.094666675,226.043632503,347.300000000,0.000000000,0.000000000
point-0007941,17108.455468728,293.081459278,225.443632503,347.300000000,0.000000000,0.000000000
point-0007942,17111.689136384,287.692013185,225.443632503,347.300000000,0.000000000,0.000000000
point-0007943,17112.382067457,288.678805789,224.843632503,347.300000000,0.000000000,0.000000000
point-0007944,17115.615735113,294.068251882,224.843632503,347.300000000,0.000000000,0.000000000
point-0007945,17116.308666186,295.055044486,224.243632503,347.300000000,0.000000000,0.000000000
point-0007946,17119.542333841,289.665598393,224.243632503,347.300000000,0.000000000,0.000000000
point-0007947,17120.235264914,290.652390998,223.643632503,347.300000000,0.000000000,0.000000000
point-0007948,17123.468932569,296.041837089,223.643632503,347.300000000,0.000000000,0.000000000
point-0007949,17124.161863641,297.028629693,223.043632503,347.300000000,0.000000000,0.000000000
point-0007950,17127.395531296,291.639183602,223.043632503,347.300000000,0.000000000,0.000000000
point-0007951,17128.088462369,292.625976207,222.443632503,347.300000000,0.000000000,0.000000000
point-0007952,17131.322130023,298.015422297,222.443632503,347.300000000,0.000000000,0.000000000
point-0007953,17132.015061095,299.002214900,221.843632503,347.300000000,0.000000000,0.000000000
point-0007954,17135.248728749,293.612768811,221.843632503,347.300000000,0.000000000,0.000000000
point-0007955,17135.941659822,294.599561416,221.243632503,347.300000000,0.000000000,0.000000000
point-0007956,17139.175327474,299.989007504,221.243632503,347.300000000,0.000000000,0.000000000
point-0007957,17139.868258547,300.975800108,220.643632503,347.300000000,0.000000000,0.000000000
point-0007958,17143.101926199,295.586354020,220.643632503,347.300000000,0.000000000,0.000000000
point-0007959,17143.794857272,296.573146625,220.043632503,347.300000000,0.000000000,0.000000000
point-0007960,17146.633240173,301.303784793,220.043632503,347.300000000,0.000000000,0.000000000
point-0007961,17147.054563400,300.938966492,219.443632503,347.300000000,0.000000000,0.000000000
point-0007962,17149.081979758,297.559939229,219.443632503,347.300000000,0.000000000,0.000000000
point-0007963,17149.774910831,298.546731834,218.843632503,347.300000000,0.000000000,0.000000000
point-0007964,17150.991360646,300.574148191,218.843632503,347.300000000,0.000000000,0.000000000
point-0007965,17151.412683872,300.209329891,218.243632503,347.300000000,0.000000000,0.000000000
point-0007966,17151.818167144,299.533524438,218.243632503,347.300000000,0.000000000,0.000000000
point-0007967,17180.931471088,257.936646549,243.218440727,347.900000000,0.000000000,0.000000000
point-0007968,17210.571457217,300.218163123,217.671795699,347.900000000,0.000000000,0.000000000
point-0007969,17212.611456113,301.976434112,220.581859377,347.900000000,0.000000000,0.000000000
point-0007970,17242.251442236,259.694917573,246.128504440,347.900000000,0.000000000,0.000000000
point-0007971,17244.291441160,257.936646549,243.218440727,347.900000000,0.000000000,0.000000000
point-0007972,17244.698245249,258.507849843,243.583707804,347.900000000,0.000000000,0.000000000
point-0007973,17247.589508637,263.326622158,243.583707804,347.900000000,0.000000000,0.000000000
point-0007974,17248.285646687,262.333579437,244.183707804,347.900000000,0.000000000,0.000000000
point-0007975,17250.363571141,258.870372014,244.183707804,347.900000000,0.000000000,0.000000000
point-0007976,17250.784180267,259.232894185,244.783707804,347.900000000,0.000000000,0.000000000
point-0007977,17252.048765785,261.340536716,244.783707804,347.900000000,0.000000000,0.000000000
point-0007978,17252.744903835,260.347493995,245.383707804,347.900000000,0.000000000,0.000000000
point-0007979,17253.196150418,259.595416356,245.383707804,347.900000000,0.000000000,0.000000000
point-0007980,17254.694507200,258.905261294,242.983707804,347.900000000,0.000000000,0.000000000
point-0007981,17257.943149351,264.319664879,242.983707804,347.900000000,0.000000000,0.000000000
point-0007982,17258.639287400,265.312707600,242.383707804,347.900000000,0.000000000,0.000000000
point-0007983,17261.887929550,259.898304017,242.383707804,347.900000000,0.000000000,0.000000000
point-0007984,17262.584067601,260.891346740,241.783707804,347.900000000,0.000000000,0.000000000
point-0007985,17265.832709750,266.305750320,241.783707804,347.900000000,0.000000000,0.000000000
point-0007986,17266.528847799,267.298793041,241.183707804,347.900000000,0.000000000,0.000000000
point-0007987,17269.777489947,261.884389463,241.183707804,347.900000000,0.000000000,0.000000000
point-0007988,17270.473627998,262.877432186,240.583707804,347.900000000,0.000000000,0.000000000
point-0007989,17273.722270143,268.291835762,240.583707804,347.900000000,0.000000000,0.000000000
point-0007990,17274.418408193,269.284878483,239.983707804,347.900000000,0.000000000,0.000000000
point-0007991,17277.667050338,263.870474909,239.983707804,347.900000000,0.000000000,0.000000000
point-0007992,17278.363188389,264.863517632,239.383707804,347.900000000,0.000000000,0.000000000
point-0007993,17281.611830532,270.277921204,239.383707804,347.900000000,0.000000000,0.000000000
point-0007994,17282.307968582,271.270963925,238.783707804,347.900000000,0.000000000,0.000000000
point-0007995,17285.556610724,265.856560355,238.783707804,347.900000000,0.000000000,0.000000000
point-0007996,17286.252748775,266.849603078,238.183707804,347.900000000,0.000000000,0.000000000
point-0007997,17289.501390916,272.264006646,238.183707804,347.900000000,0.000000000,0.000000000
point-0007998,17290.197528966,273.257049367,237.583707804,347.900000000,0.000000000,0.000000000
point-0007999,17293.446171105,267.842645801,237.583707804,347.900000000,0.000000000,0.000000000
point-0008000,17294.142309156,268.835688524,236.983707804,347.900000000,0.000000000,0.000000000
point-0008001,17297.390951294,274.250092088,236.983707804,347.900000000,0.000000000,0.000000000
point-0008002,17298.087089344,275.243134809,236.383707804,347.900000000,0.000000000,0.000000000
point-0008003,17301.335731481,269.828731247,236.383707804,347.900000000,0.000000000,0.000000000
point-0008004,17302.031869532,270.821773970,235.783707804,347.900000000,0.000000000,0.000000000
point-0008005,17305.280511668,276.236177530,235.783707804,347.900000000,0.000000000,0.000000000
point-0008006,17305.976649718,277.229220251,235.183707804,347.900000000,0.000000000,0.000000000
point-0008007,17309.225291852,271.814816693,235.183707804,347.900000000,0.000000000,0.000000000
point-0008008,17309.921429903,272.807859416,234.583707804,347.900000000,0.000000000,0.000000000
point-0008009,17313.170072036,278.222262972,234.583707804,347.900000000,0.000000000,0.000000000
point-0008010,17313.866210086,279.215305693,233.983707804,347.900000000,0.000000000,0.000000000
point-0008011,17317.114852218,273.800902139,233.983707804,347.900000000,0.000000000,0.000000000
point-0008012,17317.810990269,274.793944863,233.383707804,347.900000000,0.000000000,0.000000000
point-0008013,17321.059632399,280.208348413,233.383707804,347.900000000,0.000000000,0.000000000
point-0008014,17321.755770449,281.201391134,232.783707804,347.900000000,0.000000000,0.000000000
point-0008015,17325.004412578,275.786987586,232.783707804,347.900000000,0.000000000,0.000000000
point-0008016,17325.700550629,276.780030309,232.183707804,347.900000000,0.000000000,0.000000000
point-0008017,17328.949192757,282.194433855,232.183707804,347.900000000,0.000000000,0.000000000
point-0008018,17329.645330807,283.187476576,231.583707804,347.900000000,0.000000000,0.000000000
point-0008019,17332.893972934,277.773073032,231.583707804,347.900000000,0.000000000,0.000000000
point-0008020,17333.590110985,278.766115755,230.983707804,347.900000000,0.000000000,0.000000000
point-0008021,17336.838753110,284.180519297,230.983707804,347.900000000,0.000000000,0.000000000
point-0008022,17337.534891160,285.173562018,230.383707804,347.900000000,0.000000000,0.000000000
point-0008023,17340.783533284,279.759158478,230.383707804,347.900000000,0.000000000,0.000000000
point-0008024,17341.479671335,280.752201201,229.783707804,347.900000000,0.000000000,0.000000000
point-0008025,17344.728313458,286.166604739,229.783707804,347.900000000,0.000000000,0.000000000
point-0008026,17345.424451508,287.159647460,229.183707804,347.900000000,0.000000000,0.000000000
point-0008027,17348.673093629,281.745243924,229.183707804,347.900000000,0.000000000,0.000000000
point-0008028,17349.369231680,282.738286647,228.583707804,347.900000000,0.000000000,0.000000000
point-0008029,17352.617873800,288.152690181,228.583707804,347.900000000,0.000000000,0.000000000
point-0008030,17353.314011850,289.145732902,227.983707804,347.900000000,0.000000000,0.000000000
point-0008031,17356.562653969,283.731329370,227.983707804,347.900000000,0.000000000,0.000000000
point-0008032,17357.258792020,284.724372093,227.383707804,347.900000000,0.000000000,0.000000000
point-0008033,17360.507434138,290.138775623,227.383707804,347.900000000,0.000000000,0.000000000
point-0008034,17361.203572188,291.131818344,226.783707804,347.900000000,0.000000000,0.000000000
point-0008035,17364.452214304,285.717414816,226.783707804,347.900000000,0.000000000,0.000000000
point-0008036,17365.148352355,286.710457539,226.183707804,347.900000000,0.000000000,0.000000000
point-0008037,17368.396994470,292.124861065,226.183707804,347.900000000,0.000000000,0.000000000
point-0008038,17369.093132520,293.117903786,225.583707804,347.900000000,0.000000000,0.000000000
point-0008039,17372.341774634,287.703500262,225.583707804,347.900000000,0.000000000,0.000000000
point-0008040,17373.037912685,288.696542985,224.983707804,347.900000000,0.000000000,0.000000000
point-0008041,17376.286554798,294.110946507,224.983707804,347.900000000,0.000000000,0.000000000
point-0008042,17376.982692848,295.103989227,224.383707804,347.900000000,0.000000000,0.000000000
point-0008043,17380.231334959,289.689585709,224.383707804,347.900000000,0.000000000,0.000000000
point-0008044,17380.927473010,290.682628432,223.783707804,347.900000000,0.000000000,0.000000000
point-0008045,17384.176115120,296.097031948,223.783707804,347.900000000,0.000000000,0.000000000
point-0008046,17384.872253170,297.090074669,223.183707804,347.900000000,0.000000000,0.000000000
point-0008047,17388.120895279,291.675671155,223.183707804,347.900000000,0.000000000,0.000000000
point-0008048,17388.817033329,292.668713878,222.583707804,347.900000000,0.000000000,0.000000000
point-0008049,17392.065675437,298.083117390,222.583707804,347.900000000,0.000000000,0.000000000
point-0008050,17392.761813487,299.076160111,221.983707804,347.900000000,0.000000000,0.000000000
point-0008051,17396.010455593,293.661756601,221.983707804,347.900000000,0.000000000,0.000000000
point-0008052,17396.706593644,294.654799324,221.383707804,347.900000000,0.000000000,0.000000000
point-0008053,17399.955235749,300.069202832,221.383707804,347.900000000,0.000000000,0.000000000
point-0008054,17400.651373799,301.062245553,220.783707804,347.900000000,0.000000000,0.000000000
point-0008055,17403.900015902,295.647842047,220.783707804,347.900000000,0.000000000,0.000000000
point-0008056,17404.596153953,296.640884770,220.183707804,347.900000000,0.000000000,0.000000000
point-0008057,17407.442840225,301.385361889,220.183707804,347.900000000,0.000000000,0.000000000
point-0008058,17407.863449350,301.022839721,219.583707804,347.900000000,0.000000000,0.000000000
point-0008059,17409.896796686,297.633927493,219.583707804,347.900000000,0.000000000,0.000000000
point-0008060,17410.592934737,298.626970216,218.983707804,347.900000000,0.000000000,0.000000000
point-0008061,17411.812943139,300.660317553,218.983707804,347.900000000,0.000000000,0.000000000
point-0008062,17412.233552264,300.297795385,218.383707804,347.900000000,0.000000000,0.000000000
point-0008063,17412.640221732,299.620012939,218.383707804,347.900000000,0.000000000,0.000000000
