source_point_id,time_s,X,Y,Z,A_rad,C_rad
point-0000001,0.000000000,280.980655622,199.639776445,252.500000000,0.000000000,0.000000000
point-0000002,0.654298134,282.071152511,199.639776445,252.500000000,0.000000000,0.000000000
point-0000003,1.748701274,283.596601657,200.639776445,252.500000000,0.000000000,0.000000000
point-0000004,3.711595675,280.325110989,200.639776445,252.500000000,0.000000000,0.000000000
point-0000005,4.429025780,279.669566356,201.639776445,252.500000000,0.000000000,0.000000000
point-0000006,6.868288137,283.735003618,201.639776445,252.500000000,0.000000000,0.000000000
point-0000007,7.585718242,283.079458985,202.639776445,252.500000000,0.000000000,0.000000000
point-0000008,10.024980599,279.014021724,202.639776445,252.500000000,0.000000000,0.000000000
point-0000009,10.742410704,278.358477091,203.639776445,252.500000000,0.000000000,0.000000000
point-0000010,13.181673061,282.423914353,203.639776445,252.500000000,0.000000000,0.000000000
point-0000011,13.899103166,281.768369720,204.639776445,252.500000000,0.000000000,0.000000000
point-0000012,16.338365523,277.702932458,204.639776445,252.500000000,0.000000000,0.000000000
point-0000013,17.055795628,277.047387826,205.639776445,252.500000000,0.000000000,0.000000000
point-0000014,19.495057985,281.112825087,205.639776445,252.500000000,0.000000000,0.000000000
point-0000015,20.212488090,280.457280455,206.639776445,252.500000000,0.000000000,0.000000000
point-0000016,22.651750447,276.391843193,206.639776445,252.500000000,0.000000000,0.000000000
point-0000017,23.369180552,275.736298560,207.639776445,252.500000000,0.000000000,0.000000000
point-0000018,25.808442909,279.801735822,207.639776445,252.500000000,0.000000000,0.000000000
point-0000019,26.525873014,279.146191189,208.639776445,252.500000000,0.000000000,0.000000000
point-0000020,28.965135371,275.080753927,208.639776445,252.500000000,0.000000000,0.000000000
point-0000021,29.682565476,274.425209295,209.639776445,252.500000000,0.000000000,0.000000000
point-0000022,32.121827833,278.490646556,209.639776445,252.500000000,0.000000000,0.000000000
point-0000023,32.839257938,277.835101924,210.639776445,252.500000000,0.000000000,0.000000000
point-0000024,35.278520295,273.769664662,210.639776445,252.500000000,0.000000000,0.000000000
point-0000025,35.995950400,273.114120029,211.639776445,252.500000000,0.000000000,0.000000000
point-0000026,38.435212757,277.179557291,211.639776445,252.500000000,0.000000000,0.000000000
point-0000027,39.152642862,276.524012658,212.639776445,252.500000000,0.000000000,0.000000000
point-0000028,41.591905219,272.458575397,212.639776445,252.500000000,0.000000000,0.000000000
point-0000029,42.309335324,271.803030764,213.639776445,252.500000000,0.000000000,0.000000000
point-0000030,44.748597681,275.868468026,213.639776445,252.500000000,0.000000000,0.000000000
point-0000031,45.466027786,275.212923393,214.639776445,252.500000000,0.000000000,0.000000000
point-0000032,47.905290143,271.147486131,214.639776445,252.500000000,0.000000000,0.000000000
point-0000033,48.622720248,270.491941499,215.639776445,252.500000000,0.000000000,0.000000000
point-0000034,51.061982605,274.557378760,215.639776445,252.500000000,0.000000000,0.000000000
point-0000035,51.779412710,273.901834128,216.639776445,252.500000000,0.000000000,0.000000000
point-0000036,54.218675067,269.836396866,216.639776445,252.500000000,0.000000000,0.000000000
point-0000037,54.936105172,269.180852233,217.639776445,252.500000000,0.000000000,0.000000000
point-0000038,57.375367529,273.246289495,217.639776445,252.500000000,0.000000000,0.000000000
point-0000039,58.092797634,272.590744862,218.639776445,252.500000000,0.000000000,0.000000000
point-0000040,60.532059991,268.525307601,218.639776445,252.500000000,0.000000000,0.000000000
point-0000041,61.249490096,267.869762968,219.639776445,252.500000000,0.000000000,0.000000000
point-0000042,63.688752453,271.935200230,219.639776445,252.500000000,0.000000000,0.000000000
point-0000043,64.406182558,271.279655597,220.639776445,252.500000000,0.000000000,0.000000000
point-0000044,66.845444915,267.214218335,220.639776445,252.500000000,0.000000000,0.000000000
point-0000045,67.562875020,266.558673702,221.639776445,252.500000000,0.000000000,0.000000000
point-0000046,70.002137377,270.624110964,221.639776445,252.500000000,0.000000000,0.000000000
point-0000047,70.719567482,269.968566331,222.639776445,252.500000000,0.000000000,0.000000000
point-0000048,73.158829839,265.903129070,222.639776445,252.500000000,0.000000000,0.000000000
point-0000049,73.876259944,265.247584437,223.639776445,252.500000000,0.000000000,0.000000000
point-0000050,76.315522301,269.313021699,223.639776445,252.500000000,0.000000000,0.000000000
point-0000051,77.032952406,268.657477066,224.639776445,252.500000000,0.000000000,0.000000000
point-0000052,79.472214763,264.592039804,224.639776445,252.500000000,0.000000000,0.000000000
point-0000053,80.189644868,263.936495172,225.639776445,252.500000000,0.000000000,0.000000000
point-0000054,82.628907225,268.001932433,225.639776445,252.500000000,0.000000000,0.000000000
point-0000055,83.346337330,267.346387801,226.639776445,252.500000000,0.000000000,0.000000000
point-0000056,85.785599687,263.280950539,226.639776445,252.500000000,0.000000000,0.000000000
point-0000057,86.503029792,262.625405906,227.639776445,252.500000000,0.000000000,0.000000000
point-0000058,88.942292149,266.690843168,227.639776445,252.500000000,0.000000000,0.000000000
point-0000059,89.659722254,266.035298535,228.639776445,252.500000000,0.000000000,0.000000000
point-0000060,92.098984611,261.969861274,228.639776445,252.500000000,0.000000000,0.000000000
point-0000061,92.816414716,261.314316641,229.639776445,252.500000000,0.000000000,0.000000000
point-0000062,95.255677073,265.379753903,229.639776445,252.500000000,0.000000000,0.000000000
point-0000063,95.973107178,264.724209270,230.639776445,252.500000000,0.000000000,0.000000000
point-0000064,98.412369535,260.658772008,230.639776445,252.500000000,0.000000000,0.000000000
point-0000065,99.129799640,260.003227376,231.639776445,252.500000000,0.000000000,0.000000000
point-0000066,101.569061997,264.068664637,231.639776445,252.500000000,0.000000000,0.000000000
point-0000067,102.286492102,263.413120005,232.639776445,252.500000000,0.000000000,0.000000000
point-0000068,104.725754459,259.347682743,232.639776445,252.500000000,0.000000000,0.000000000
point-0000069,105.443184564,258.692138110,233.639776445,252.500000000,0.000000000,0.000000000
point-0000070,107.882446921,262.757575372,233.639776445,252.500000000,0.000000000,0.000000000
point-0000071,108.599877026,262.102030739,234.639776445,252.500000000,0.000000000,0.000000000
point-0000072,111.039139383,258.036593477,234.639776445,252.500000000,0.000000000,0.000000000
point-0000073,111.756569488,257.381048845,235.639776445,252.500000000,0.000000000,0.000000000
point-0000074,114.195831845,261.446486106,235.639776445,252.500000000,0.000000000,0.000000000
point-0000075,114.913261950,260.790941474,236.639776445,252.500000000,0.000000000,0.000000000
point-0000076,117.352524307,256.725504212,236.639776445,252.500000000,0.000000000,0.000000000
point-0000077,118.069954412,256.069959579,237.639776445,252.500000000,0.000000000,0.000000000
point-0000078,120.509216769,260.135396841,237.639776445,252.500000000,0.000000000,0.000000000
point-0000079,121.226646874,259.479852208,238.639776445,252.500000000,0.000000000,0.000000000
point-0000080,123.665909231,255.414414947,238.639776445,252.500000000,0.000000000,0.000000000
point-0000081,124.383339336,254.758870314,239.639776445,252.500000000,0.000000000,0.000000000
point-0000082,126.822601693,258.824307576,239.639776445,252.500000000,0.000000000,0.000000000
point-0000083,127.540031798,258.168762943,240.639776445,252.500000000,0.000000000,0.000000000
point-0000084,129.736064229,254.508708892,240.639776445,252.500000000,0.000000000,0.000000000
point-0000085,130.830467370,256.034158038,241.639776445,252.500000000,0.000000000,0.000000000
point-0000086,131.717903534,257.513218310,241.639776445,252.500000000,0.000000000,0.000000000
point-0000087,160.586388444,280.980655622,199.639776445,253.000000000,0.000000000,0.000000000
point-0000088,161.240686578,282.071152511,199.639776445,253.000000000,0.000000000,0.000000000
point-0000089,162.335089719,283.596601657,200.639776445,253.000000000,0.000000000,0.000000000
point-0000090,164.297984119,280.325110989,200.639776445,253.000000000,0.000000000,0.000000000
point-0000091,165.015414224,279.669566356,201.639776445,253.000000000,0.000000000,0.000000000
point-0000092,167.454676581,283.735003618,201.639776445,253.000000000,0.000000000,0.000000000
point-0000093,168.172106686,283.079458985,202.639776445,253.000000000,0.000000000,0.000000000
point-0000094,170.611369043,279.014021724,202.639776445,253.000000000,0.000000000,0.000000000
point-0000095,171.328799148,278.358477091,203.639776445,253.000000000,0.000000000,0.000000000
point-0000096,173.768061505,282.423914353,203.639776445,253.000000000,0.000000000,0.000000000
point-0000097,174.485491610,281.768369720,204.639776445,253.000000000,0.000000000,0.000000000
point-0000098,176.924753967,277.702932458,204.639776445,253.000000000,0.000000000,0.000000000
point-0000099,177.642184072,277.047387826,205.639776445,253.000000000,0.000000000,0.000000000
point-0000100,180.081446429,281.112825087,205.639776445,253.000000000,0.000000000,0.000000000
point-0000101,180.798876534,280.457280455,206.639776445,253.000000000,0.000000000,0.000000000
point-0000102,183.238138891,276.391843193,206.639776445,253.000000000,0.000000000,0.000000000
point-0000103,183.955568996,275.736298560,207.639776445,253.000000000,0.000000000,0.000000000
point-0000104,186.394831353,279.801735822,207.639776445,253.000000000,0.000000000,0.000000000
point-0000105,187.112261458,279.146191189,208.639776445,253.000000000,0.000000000,0.000000000
point-0000106,189.551523815,275.080753927,208.639776445,253.000000000,0.000000000,0.000000000
point-0000107,190.268953920,274.425209295,209.639776445,253.000000000,0.000000000,0.000000000
point-0000108,192.708216277,278.490646556,209.639776445,253.000000000,0.000000000,0.000000000
point-0000109,193.425646382,277.835101924,210.639776445,253.000000000,0.000000000,0.000000000
point-0000110,195.864908739,273.769664662,210.639776445,253.000000000,0.000000000,0.000000000
point-0000111,196.582338844,273.114120029,211.639776445,253.000000000,0.000000000,0.000000000
point-0000112,199.021601201,277.179557291,211.639776445,253.000000000,0.000000000,0.000000000
point-0000113,199.739031306,276.524012658,212.639776445,253.000000000,0.000000000,0.000000000
point-0000114,202.178293663,272.458575397,212.639776445,253.000000000,0.000000000,0.000000000
point-0000115,202.895723768,271.803030764,213.639776445,253.000000000,0.000000000,0.000000000
point-0000116,205.334986125,275.868468026,213.639776445,253.000000000,0.000000000,0.000000000
point-0000117,206.052416230,275.212923393,214.639776445,253.000000000,0.000000000,0.000000000
point-0000118,208.491678587,271.147486131,214.639776445,253.000000000,0.000000000,0.000000000
point-0000119,209.209108692,270.491941499,215.639776445,253.000000000,0.000000000,0.000000000
point-0000120,211.648371049,274.557378760,215.639776445,253.000000000,0.000000000,0.000000000
point-0000121,212.365801154,273.901834128,216.639776445,253.000000000,0.000000000,0.000000000
point-0000122,214.805063511,269.836396866,216.639776445,253.000000000,0.000000000,0.000000000
point-0000123,215.522493616,269.180852233,217.639776445,253.000000000,0.000000000,0.000000000
point-0000124,217.961755973,273.246289495,217.639776445,253.000000000,0.000000000,0.000000000
point-0000125,218.679186078,272.590744862,218.639776445,253.000000000,0.000000000,0.000000000
point-0000126,221.118448435,268.525307601,218.639776445,253.000000000,0.000000000,0.000000000
point-0000127,221.835878540,267.869762968,219.639776445,253.000000000,0.000000000,0.000000000
point-0000128,224.275140897,271.935200230,219.639776445,253.000000000,0.000000000,0.000000000
point-0000129,224.992571002,271.279655597,220.639776445,253.000000000,0.000000000,0.000000000
point-0000130,227.431833359,267.214218335,220.639776445,253.000000000,0.000000000,0.000000000
point-0000131,228.149263464,266.558673702,221.639776445,253.000000000,0.000000000,0.000000000
point-0000132,230.588525821,270.624110964,221.639776445,253.000000000,0.000000000,0.000000000
point-0000133,231.305955926,269.968566331,222.639776445,253.000000000,0.000000000,0.000000000
point-0000134,233.745218283,265.903129070,222.639776445,253.000000000,0.000000000,0.000000000
point-0000135,234.462648388,265.247584437,223.639776445,253.000000000,0.000000000,0.000000000
point-0000136,236.901910745,269.313021699,223.639776445,253.000000000,0.000000000,0.000000000
point-0000137,237.619340850,268.657477066,224.639776445,253.000000000,0.000000000,0.000000000
point-0000138,240.058603207,264.592039804,224.639776445,253.000000000,0.000000000,0.000000000
point-0000139,240.776033312,263.936495172,225.639776445,253.000000000,0.000000000,0.000000000
point-0000140,243.215295669,268.001932433,225.639776445,253.000000000,0.000000000,0.000000000
point-0000141,243.932725774,267.346387801,226.639776445,253.000000000,0.000000000,0.000000000
point-0000142,246.371988131,263.280950539,226.639776445,253.000000000,0.000000000,0.000000000
point-0000143,247.089418236,262.625405906,227.639776445,253.000000000,0.000000000,0.000000000
point-0000144,249.528680593,266.690843168,227.639776445,253.000000000,0.000000000,0.000000000
point-0000145,250.246110698,266.035298535,228.639776445,253.000000000,0.000000000,0.000000000
point-0000146,252.685373055,261.969861274,228.639776445,253.000000000,0.000000000,0.000000000
point-0000147,253.402803160,261.314316641,229.639776445,253.000000000,0.000000000,0.000000000
point-0000148,255.842065517,265.379753903,229.639776445,253.000000000,0.000000000,0.000000000
point-0000149,256.559495622,264.724209270,230.639776445,253.000000000,0.000000000,0.000000000
point-0000150,258.998757979,260.658772008,230.639776445,253.000000000,0.000000000,0.000000000
point-0000151,259.716188084,260.003227376,231.639776445,253.000000000,0.000000000,0.000000000
point-0000152,262.155450441,264.068664637,231.639776445,253.000000000,0.000000000,0.000000000
point-0000153,262.872880546,263.413120005,232.639776445,253.000000000,0.000000000,0.000000000
point-0000154,265.312142903,259.347682743,232.639776445,253.000000000,0.000000000,0.000000000
point-0000155,266.029573008,258.692138110,233.639776445,253.000000000,0.000000000,0.000000000
point-0000156,268.468835366,262.757575372,233.639776445,253.000000000,0.000000000,0.000000000
point-0000157,269.186265471,262.102030739,234.639776445,253.000000000,0.000000000,0.000000000
point-0000158,271.625527828,258.036593477,234.639776445,253.000000000,0.000000000,0.000000000
point-0000159,272.342957933,257.381048845,235.639776445,253.000000000,0.000000000,0.000000000
point-0000160,274.782220290,261.446486106,235.639776445,253.000000000,0.000000000,0.000000000
point-0000161,275.499650395,260.790941474,236.639776445,253.000000000,0.000000000,0.000000000
point-0000162,277.938912752,256.725504212,236.639776445,253.000000000,0.000000000,0.000000000
point-0000163,278.656342857,256.069959579,237.639776445,253.000000000,0.000000000,0.000000000
point-0000164,281.095605214,260.135396841,237.639776445,253.000000000,0.000000000,0.000000000
point-0000165,281.813035319,259.479852208,238.639776445,253.000000000,0.000000000,0.000000000
point-0000166,284.252297676,255.414414947,238.639776445,253.000000000,0.000000000,0.000000000
point-0000167,284.969727781,254.758870314,239.639776445,253.000000000,0.000000000,0.000000000
point-0000168,287.408990138,258.824307576,239.639776445,253.000000000,0.000000000,0.000000000
point-0000169,288.126420243,258.168762943,240.639776445,253.000000000,0.000000000,0.000000000
point-0000170,290.322452673,254.508708892,240.639776445,253.000000000,0.000000000,0.000000000
point-0000171,291.416855814,256.034158038,241.639776445,253.000000000,0.000000000,0.000000000
point-0000172,292.304291978,257.513218310,241.639776445,253.000000000,0.000000000,0.000000000
point-0000173,321.172776888,280.980655622,199.639776445,253.500000000,0.000000000,0.000000000
point-0000174,321.827075022,282.071152511,199.639776445,253.500000000,0.000000000,0.000000000
point-0000175,322.921478163,283.596601657,200.639776445,253.500000000,0.000000000,0.000000000
point-0000176,324.884372563,280.325110989,200.639776445,253.500000000,0.000000000,0.000000000
point-0000177,325.601802668,279.669566356,201.639776445,253.500000000,0.000000000,0.000000000
point-0000178,328.041065025,283.735003618,201.639776445,253.500000000,0.000000000,0.000000000
point-0000179,328.758495130,283.079458985,202.639776445,253.500000000,0.000000000,0.000000000
point-0000180,331.197757487,279.014021724,202.639776445,253.500000000,0.000000000,0.000000000
point-0000181,331.915187592,278.358477091,203.639776445,253.500000000,0.000000000,0.000000000
point-0000182,334.354449949,282.423914353,203.639776445,253.500000000,0.000000000,0.000000000
point-0000183,335.071880054,281.768369720,204.639776445,253.500000000,0.000000000,0.000000000
point-0000184,337.511142411,277.702932458,204.639776445,253.500000000,0.000000000,0.000000000
point-0000185,338.228572516,277.047387826,205.639776445,253.500000000,0.000000000,0.000000000
point-0000186,340.667834873,281.112825087,205.639776445,253.500000000,0.000000000,0.000000000
point-0000187,341.385264978,280.457280455,206.639776445,253.500000000,0.000000000,0.000000000
point-0000188,343.824527335,276.391843193,206.639776445,253.500000000,0.000000000,0.000000000
point-0000189,344.541957440,275.736298560,207.639776445,253.500000000,0.000000000,0.000000000
point-0000190,346.981219797,279.801735822,207.639776445,253.500000000,0.000000000,0.000000000
point-0000191,347.698649902,279.146191189,208.639776445,253.500000000,0.000000000,0.000000000
point-0000192,350.137912259,275.080753927,208.639776445,253.500000000,0.000000000,0.000000000
point-0000193,350.855342364,274.425209295,209.639776445,253.500000000,0.000000000,0.000000000
point-0000194,353.294604721,278.490646556,209.639776445,253.500000000,0.000000000,0.000000000
point-0000195,354.012034826,277.835101924,210.639776445,253.500000000,0.000000000,0.000000000
point-0000196,356.451297183,273.769664662,210.639776445,253.500000000,0.000000000,0.000000000
point-0000197,357.168727288,273.114120029,211.639776445,253.500000000,0.000000000,0.000000000
point-0000198,359.607989645,277.179557291,211.639776445,253.500000000,0.000000000,0.000000000
point-0000199,360.325419750,276.524012658,212.639776445,253.500000000,0.000000000,0.000000000
point-0000200,362.764682107,272.458575397,212.639776445,253.500000000,0.000000000,0.000000000
point-0000201,363.482112212,271.803030764,213.639776445,253.500000000,0.000000000,0.000000000
point-0000202,365.921374569,275.868468026,213.639776445,253.500000000,0.000000000,0.000000000
point-0000203,366.638804674,275.212923393,214.639776445,253.500000000,0.000000000,0.000000000
point-0000204,369.078067031,271.147486131,214.639776445,253.500000000,0.000000000,0.000000000
point-0000205,369.795497136,270.491941499,215.639776445,253.500000000,0.000000000,0.000000000
point-0000206,372.234759494,274.557378760,215.639776445,253.500000000,0.000000000,0.000000000
point-0000207,372.952189599,273.901834128,216.639776445,253.500000000,0.000000000,0.000000000
point-0000208,375.391451956,269.836396866,216.639776445,253.500000000,0.000000000,0.000000000
point-0000209,376.108882061,269.180852233,217.639776445,253.500000000,0.000000000,0.000000000
point-0000210,378.548144418,273.246289495,217.639776445,253.500000000,0.000000000,0.000000000
point-0000211,379.265574523,272.590744862,218.639776445,253.500000000,0.000000000,0.000000000
point-0000212,381.704836880,268.525307601,218.639776445,253.500000000,0.000000000,0.000000000
point-0000213,382.422266985,267.869762968,219.639776445,253.500000000,0.000000000,0.000000000
point-0000214,384.861529342,271.935200230,219.639776445,253.500000000,0.000000000,0.000000000
point-0000215,385.578959447,271.279655597,220.639776445,253.500000000,0.000000000,0.000000000
point-0000216,388.018221804,267.214218335,220.639776445,253.500000000,0.000000000,0.000000000
point-0000217,388.735651909,266.558673702,221.639776445,253.500000000,0.000000000,0.000000000
point-0000218,391.174914266,270.624110964,221.639776445,253.500000000,0.000000000,0.000000000
point-0000219,391.892344371,269.968566331,222.639776445,253.500000000,0.000000000,0.000000000
point-0000220,394.331606728,265.903129070,222.639776445,253.500000000,0.000000000,0.000000000
point-0000221,395.049036833,265.247584437,223.639776445,253.500000000,0.000000000,0.000000000
point-0000222,397.488299190,269.313021699,223.639776445,253.500000000,0.000000000,0.000000000
point-0000223,398.205729295,268.657477066,224.639776445,253.500000000,0.000000000,0.000000000
point-0000224,400.644991652,264.592039804,224.639776445,253.500000000,0.000000000,0.000000000
point-0000225,401.362421757,263.936495172,225.639776445,253.500000000,0.000000000,0.000000000
point-0000226,403.801684114,268.001932433,225.639776445,253.500000000,0.000000000,0.000000000
point-0000227,404.519114219,267.346387801,226.639776445,253.500000000,0.000000000,0.000000000
point-0000228,406.958376576,263.280950539,226.639776445,253.500000000,0.000000000,0.000000000
point-0000229,407.675806681,262.625405906,227.639776445,253.500000000,0.000000000,0.000000000
point-0000230,410.115069038,266.690843168,227.639776445,253.500000000,0.000000000,0.000000000
point-0000231,410.832499143,266.035298535,228.639776445,253.500000000,0.000000000,0.000000000
point-0000232,413.271761500,261.969861274,228.639776445,253.500000000,0.000000000,0.000000000
point-0000233,413.989191605,261.314316641,229.639776445,253.500000000,0.000000000,0.000000000
point-0000234,416.428453962,265.379753903,229.639776445,253.500000000,0.000000000,0.000000000
point-0000235,417.145884067,264.724209270,230.639776445,253.500000000,0.000000000,0.000000000
point-0000236,419.585146424,260.658772008,230.639776445,253.500000000,0.000000000,0.000000000
point-0000237,420.302576529,260.003227376,231.639776445,253.500000000,0.000000000,0.000000000
point-0000238,422.741838886,264.068664637,231.639776445,253.500000000,0.000000000,0.000000000
point-0000239,423.459268991,263.413120005,232.639776445,253.500000000,0.000000000,0.000000000
point-0000240,425.898531348,259.347682743,232.639776445,253.500000000,0.000000000,0.000000000
point-0000241,426.615961453,258.692138110,233.639776445,253.500000000,0.000000000,0.000000000
point-0000242,429.055223810,262.757575372,233.639776445,253.500000000,0.000000000,0.000000000
point-0000243,429.772653915,262.102030739,234.639776445,253.500000000,0.000000000,0.000000000
point-0000244,432.211916272,258.036593477,234.639776445,253.500000000,0.000000000,0.000000000
point-0000245,432.929346377,257.381048845,235.639776445,253.500000000,0.000000000,0.000000000
point-0000246,435.368608734,261.446486106,235.639776445,253.500000000,0.000000000,0.000000000
point-0000247,436.086038839,260.790941474,236.639776445,253.500000000,0.000000000,0.000000000
point-0000248,438.525301196,256.725504212,236.639776445,253.500000000,0.000000000,0.000000000
point-0000249,439.242731301,256.069959579,237.639776445,253.500000000,0.000000000,0.000000000
point-0000250,441.681993658,260.135396841,237.639776445,253.500000000,0.000000000,0.000000000
point-0000251,442.399423763,259.479852208,238.639776445,253.500000000,0.000000000,0.000000000
point-0000252,444.838686120,255.414414947,238.639776445,253.500000000,0.000000000,0.000000000
point-0000253,445.556116225,254.758870314,239.639776445,253.500000000,0.000000000,0.000000000
point-0000254,447.995378582,258.824307576,239.639776445,253.500000000,0.000000000,0.000000000
point-0000255,448.712808687,258.168762943,240.639776445,253.500000000,0.000000000,0.000000000
point-0000256,450.908841117,254.508708892,240.639776445,253.500000000,0.000000000,0.000000000
point-0000257,452.003244258,256.034158038,241.639776445,253.500000000,0.000000000,0.000000000
point-0000258,452.890680422,257.513218310,241.639776445,253.500000000,0.000000000,0.000000000
point-0000259,481.759165332,280.980655622,199.639776445,254.000000000,0.000000000,0.000000000
point-0000260,482.413463466,282.071152511,199.639776445,254.000000000,0.000000000,0.000000000
point-0000261,483.507866607,283.596601657,200.639776445,254.000000000,0.000000000,0.000000000
point-0000262,485.470761008,280.325110989,200.639776445,254.000000000,0.000000000,0.000000000
point-0000263,486.188191113,279.669566356,201.639776445,254.000000000,0.000000000,0.000000000
point-0000264,488.627453470,283.735003618,201.639776445,254.000000000,0.000000000,0.000000000
point-0000265,489.344883575,283.079458985,202.639776445,254.000000000,0.000000000,0.000000000
point-0000266,491.784145932,279.014021724,202.639776445,254.000000000,0.000000000,0.000000000
point-0000267,492.501576037,278.358477091,203.639776445,254.000000000,0.000000000,0.000000000
point-0000268,494.940838394,282.423914353,203.639776445,254.000000000,0.000000000,0.000000000
point-0000269,495.658268499,281.768369720,204.639776445,254.000000000,0.000000000,0.000000000
point-0000270,498.097530856,277.702932458,204.639776445,254.000000000,0.000000000,0.000000000
point-0000271,498.814960961,277.047387826,205.639776445,254.000000000,0.000000000,0.000000000
point-0000272,501.254223318,281.112825087,205.639776445,254.000000000,0.000000000,0.000000000
point-0000273,501.971653423,280.457280455,206.639776445,254.000000000,0.000000000,0.000000000
point-0000274,504.410915780,276.391843193,206.639776445,254.000000000,0.000000000,0.000000000
point-0000275,505.128345885,275.736298560,207.639776445,254.000000000,0.000000000,0.000000000
point-0000276,507.567608242,279.801735822,207.639776445,254.000000000,0.000000000,0.000000000
point-0000277,508.285038347,279.146191189,208.639776445,254.000000000,0.000000000,0.000000000
point-0000278,510.724300704,275.080753927,208.639776445,254.000000000,0.000000000,0.000000000
point-0000279,511.441730809,274.425209295,209.639776445,254.000000000,0.000000000,0.000000000
point-0000280,513.880993166,278.490646556,209.639776445,254.000000000,0.000000000,0.000000000
point-0000281,514.598423271,277.835101924,210.639776445,254.000000000,0.000000000,0.000000000
point-0000282,517.037685628,273.769664662,210.639776445,254.000000000,0.000000000,0.000000000
point-0000283,517.755115733,273.114120029,211.639776445,254.000000000,0.000000000,0.000000000
point-0000284,520.194378090,277.179557291,211.639776445,254.000000000,0.000000000,0.000000000
point-0000285,520.911808195,276.524012658,212.639776445,254.000000000,0.000000000,0.000000000
point-0000286,523.351070552,272.458575397,212.639776445,254.000000000,0.000000000,0.000000000
point-0000287,524.068500657,271.803030764,213.639776445,254.000000000,0.000000000,0.000000000
point-0000288,526.507763014,275.868468026,213.639776445,254.000000000,0.000000000,0.000000000
point-0000289,527.225193119,275.212923393,214.639776445,254.000000000,0.000000000,0.000000000
point-0000290,529.664455476,271.147486131,214.639776445,254.000000000,0.000000000,0.000000000
point-0000291,530.381885581,270.491941499,215.639776445,254.000000000,0.000000000,0.000000000
point-0000292,532.821147938,274.557378760,215.639776445,254.000000000,0.000000000,0.000000000
point-0000293,533.538578043,273.901834128,216.639776445,254.000000000,0.000000000,0.000000000
point-0000294,535.977840400,269.836396866,216.639776445,254.000000000,0.000000000,0.000000000
point-0000295,536.695270505,269.180852233,217.639776445,254.000000000,0.000000000,0.000000000
point-0000296,539.134532862,273.246289495,217.639776445,254.000000000,0.000000000,0.000000000
point-0000297,539.851962967,272.590744862,218.639776445,254.000000000,0.000000000,0.000000000
point-0000298,542.291225324,268.525307601,218.639776445,254.000000000,0.000000000,0.000000000
point-0000299,543.008655429,267.869762968,219.639776445,254.000000000,0.000000000,0.000000000
point-0000300,545.447917786,271.935200230,219.639776445,254.000000000,0.000000000,0.000000000
point-0000301,546.165347891,271.279655597,220.639776445,254.000000000,0.000000000,0.000000000
point-0000302,548.604610248,267.214218335,220.639776445,254.000000000,0.000000000,0.000000000
point-0000303,549.322040353,266.558673702,221.639776445,254.000000000,0.000000000,0.000000000
point-0000304,551.761302710,270.624110964,221.639776445,254.000000000,0.000000000,0.000000000
point-0000305,552.478732815,269.968566331,222.639776445,254.000000000,0.000000000,0.000000000
point-0000306,554.917995172,265.903129070,222.639776445,254.000000000,0.000000000,0.000000000
point-0000307,555.635425277,265.247584437,223.639776445,254.000000000,0.000000000,0.000000000
point-0000308,558.074687634,269.313021699,223.639776445,254.000000000,0.000000000,0.000000000
point-0000309,558.792117739,268.657477066,224.639776445,254.000000000,0.000000000,0.000000000
point-0000310,561.231380096,264.592039804,224.639776445,254.000000000,0.000000000,0.000000000
point-0000311,561.948810201,263.936495172,225.639776445,254.000000000,0.000000000,0.000000000
point-0000312,564.388072558,268.001932433,225.639776445,254.000000000,0.000000000,0.000000000
point-0000313,565.105502663,267.346387801,226.639776445,254.000000000,0.000000000,0.000000000
point-0000314,567.544765020,263.280950539,226.639776445,254.000000000,0.000000000,0.000000000
point-0000315,568.262195125,262.625405906,227.639776445,254.000000000,0.000000000,0.000000000
point-0000316,570.701457482,266.690843168,227.639776445,254.000000000,0.000000000,0.000000000
point-0000317,571.418887587,266.035298535,228.639776445,254.000000000,0.000000000,0.000000000
point-0000318,573.858149944,261.969861274,228.639776445,254.000000000,0.000000000,0.000000000
point-0000319,574.575580049,261.314316641,229.639776445,254.000000000,0.000000000,0.000000000
point-0000320,577.014842406,265.379753903,229.639776445,254.000000000,0.000000000,0.000000000
point-0000321,577.732272511,264.724209270,230.639776445,254.000000000,0.000000000,0.000000000
point-0000322,580.171534868,260.658772008,230.639776445,254.000000000,0.000000000,0.000000000
point-0000323,580.888964973,260.003227376,231.639776445,254.000000000,0.000000000,0.000000000
point-0000324,583.328227330,264.068664637,231.639776445,254.000000000,0.000000000,0.000000000
point-0000325,584.045657435,263.413120005,232.639776445,254.000000000,0.000000000,0.000000000
point-0000326,586.484919792,259.347682743,232.639776445,254.000000000,0.000000000,0.000000000
point-0000327,587.202349897,258.692138110,233.639776445,254.000000000,0.000000000,0.000000000
point-0000328,589.641612254,262.757575372,233.639776445,254.000000000,0.000000000,0.000000000
point-0000329,590.359042359,262.102030739,234.639776445,254.000000000,0.000000000,0.000000000
point-0000330,592.798304716,258.036593477,234.639776445,254.000000000,0.000000000,0.000000000
point-0000331,593.515734821,257.381048845,235.639776445,254.000000000,0.000000000,0.000000000
point-0000332,595.954997178,261.446486106,235.639776445,254.000000000,0.000000000,0.000000000
point-0000333,596.672427283,260.790941474,236.639776445,254.000000000,0.000000000,0.000000000
point-0000334,599.111689640,256.725504212,236.639776445,254.000000000,0.000000000,0.000000000
point-0000335,599.829119745,256.069959579,237.639776445,254.000000000,0.000000000,0.000000000
point-0000336,602.268382102,260.135396841,237.639776445,254.000000000,0.000000000,0.000000000
point-0000337,602.985812207,259.479852208,238.639776445,254.000000000,0.000000000,0.000000000
point-0000338,605.425074564,255.414414947,238.639776445,254.000000000,0.000000000,0.000000000
point-0000339,606.142504669,254.758870314,239.639776445,254.000000000,0.000000000,0.000000000
point-0000340,608.581767026,258.824307576,239.639776445,254.000000000,0.000000000,0.000000000
point-0000341,609.299197131,258.168762943,240.639776445,254.000000000,0.000000000,0.000000000
point-0000342,611.495229562,254.508708892,240.639776445,254.000000000,0.000000000,0.000000000
point-0000343,612.589632702,256.034158038,241.639776445,254.000000000,0.000000000,0.000000000
point-0000344,613.477068866,257.513218310,241.639776445,254.000000000,0.000000000,0.000000000
point-0000345,642.345553777,280.980655622,199.639776445,254.500000000,0.000000000,0.000000000
point-0000346,642.999851910,282.071152511,199.639776445,254.500000000,0.000000000,0.000000000
point-0000347,644.094255051,283.596601657,200.639776445,254.500000000,0.000000000,0.000000000
point-0000348,646.057149452,280.325110989,200.639776445,254.500000000,0.000000000,0.000000000
point-0000349,646.774579557,279.669566356,201.639776445,254.500000000,0.000000000,0.000000000
point-0000350,649.213841914,283.735003618,201.639776445,254.500000000,0.000000000,0.000000000
point-0000351,649.931272019,283.079458985,202.639776445,254.500000000,0.000000000,0.000000000
point-0000352,652.370534376,279.014021724,202.639776445,254.500000000,0.000000000,0.000000000
point-0000353,653.087964481,278.358477091,203.639776445,254.500000000,0.000000000,0.000000000
point-0000354,655.527226838,282.423914353,203.639776445,254.500000000,0.000000000,0.000000000
point-0000355,656.244656943,281.768369720,204.639776445,254.500000000,0.000000000,0.000000000
point-0000356,658.683919300,277.702932458,204.639776445,254.500000000,0.000000000,0.000000000
point-0000357,659.401349405,277.047387826,205.639776445,254.500000000,0.000000000,0.000000000
point-0000358,661.840611762,281.112825087,205.639776445,254.500000000,0.000000000,0.000000000
point-0000359,662.558041867,280.457280455,206.639776445,254.500000000,0.000000000,0.000000000
point-0000360,664.997304224,276.391843193,206.639776445,254.500000000,0.000000000,0.000000000
point-0000361,665.714734329,275.736298560,207.639776445,254.500000000,0.000000000,0.000000000
point-0000362,668.153996686,279.801735822,207.639776445,254.500000000,0.000000000,0.000000000
point-0000363,668.871426791,279.146191189,208.639776445,254.500000000,0.000000000,0.000000000
point-0000364,671.310689148,275.080753927,208.639776445,254.500000000,0.000000000,0.000000000
point-0000365,672.028119253,274.425209295,209.639776445,254.500000000,0.000000000,0.000000000
point-0000366,674.467381610,278.490646556,209.639776445,254.500000000,0.000000000,0.000000000
point-0000367,675.184811715,277.835101924,210.639776445,254.500000000,0.000000000,0.000000000
point-0000368,677.624074072,273.769664662,210.639776445,254.500000000,0.000000000,0.000000000
point-0000369,678.341504177,273.114120029,211.639776445,254.500000000,0.000000000,0.000000000
point-0000370,680.780766534,277.179557291,211.639776445,254.500000000,0.000000000,0.000000000
point-0000371,681.498196639,276.524012658,212.639776445,254.500000000,0.000000000,0.000000000
point-0000372,683.937458996,272.458575397,212.639776445,254.500000000,0.000000000,0.000000000
point-0000373,684.654889101,271.803030764,213.639776445,254.500000000,0.000000000,0.000000000
point-0000374,687.094151458,275.868468026,213.639776445,254.500000000,0.000000000,0.000000000
point-0000375,687.811581563,275.212923393,214.639776445,254.500000000,0.000000000,0.000000000
point-0000376,690.250843920,271.147486131,214.639776445,254.500000000,0.000000000,0.000000000
point-0000377,690.968274025,270.491941499,215.639776445,254.500000000,0.000000000,0.000000000
point-0000378,693.407536382,274.557378760,215.639776445,254.500000000,0.000000000,0.000000000
point-0000379,694.124966487,273.901834128,216.639776445,254.500000000,0.000000000,0.000000000
point-0000380,696.564228844,269.836396866,216.639776445,254.500000000,0.000000000,0.000000000
point-0000381,697.281658949,269.180852233,217.639776445,254.500000000,0.000000000,0.000000000
point-0000382,699.720921306,273.246289495,217.639776445,254.500000000,0.000000000,0.000000000
point-0000383,700.438351411,272.590744862,218.639776445,254.500000000,0.000000000,0.000000000
point-0000384,702.877613768,268.525307601,218.639776445,254.500000000,0.000000000,0.000000000
point-0000385,703.595043873,267.869762968,219.639776445,254.500000000,0.000000000,0.000000000
point-0000386,706.034306230,271.935200230,219.639776445,254.500000000,0.000000000,0.000000000
point-0000387,706.751736335,271.279655597,220.639776445,254.500000000,0.000000000,0.000000000
point-0000388,709.190998692,267.214218335,220.639776445,254.500000000,0.000000000,0.000000000
point-0000389,709.908428797,266.558673702,221.639776445,254.500000000,0.000000000,0.000000000
point-0000390,712.347691154,270.624110964,221.639776445,254.500000000,0.000000000,0.000000000
point-0000391,713.065121259,269.968566331,222.639776445,254.500000000,0.000000000,0.000000000
point-0000392,715.504383616,265.903129070,222.639776445,254.500000000,0.000000000,0.000000000
point-0000393,716.221813721,265.247584437,223.639776445,254.500000000,0.000000000,0.000000000
point-0000394,718.661076078,269.313021699,223.639776445,254.500000000,0.000000000,0.000000000
point-0000395,719.378506183,268.657477066,224.639776445,254.500000000,0.000000000,0.000000000
point-0000396,721.817768540,264.592039804,224.639776445,254.500000000,0.000000000,0.000000000
point-0000397,722.535198645,263.936495172,225.639776445,254.500000000,0.000000000,0.000000000
point-0000398,724.974461002,268.001932433,225.639776445,254.500000000,0.000000000,0.000000000
point-0000399,725.691891107,267.346387801,226.639776445,254.500000000,0.000000000,0.000000000
point-0000400,728.131153464,263.280950539,226.639776445,254.500000000,0.000000000,0.000000000
point-0000401,728.848583569,262.625405906,227.639776445,254.500000000,0.000000000,0.000000000
point-0000402,731.287845926,266.690843168,227.639776445,254.500000000,0.000000000,0.000000000
point-0000403,732.005276031,266.035298535,228.639776445,254.500000000,0.000000000,0.000000000
point-0000404,734.444538388,261.969861274,228.639776445,254.500000000,0.000000000,0.000000000
point-0000405,735.161968493,261.314316641,229.639776445,254.500000000,0.000000000,0.000000000
point-0000406,737.601230850,265.379753903,229.639776445,254.500000000,0.000000000,0.000000000
point-0000407,738.318660955,264.724209270,230.639776445,254.500000000,0.000000000,0.000000000
point-0000408,740.757923312,260.658772008,230.639776445,254.500000000,0.000000000,0.000000000
point-0000409,741.475353417,260.003227376,231.639776445,254.500000000,0.000000000,0.000000000
point-0000410,743.914615774,264.068664637,231.639776445,254.500000000,0.000000000,0.000000000
point-0000411,744.632045879,263.413120005,232.639776445,254.500000000,0.000000000,0.000000000
point-0000412,747.071308236,259.347682743,232.639776445,254.500000000,0.000000000,0.000000000
point-0000413,747.788738341,258.692138110,233.639776445,254.500000000,0.000000000,0.000000000
point-0000414,750.228000698,262.757575372,233.639776445,254.500000000,0.000000000,0.000000000
point-0000415,750.945430803,262.102030739,234.639776445,254.500000000,0.000000000,0.000000000
point-0000416,753.384693160,258.036593477,234.639776445,254.500000000,0.000000000,0.000000000
point-0000417,754.102123265,257.381048845,235.639776445,254.500000000,0.000000000,0.000000000
point-0000418,756.541385622,261.446486106,235.639776445,254.500000000,0.000000000,0.000000000
point-0000419,757.258815727,260.790941474,236.639776445,254.500000000,0.000000000,0.000000000
point-0000420,759.698078084,256.725504212,236.639776445,254.500000000,0.000000000,0.000000000
point-0000421,760.415508189,256.069959579,237.639776445,254.500000000,0.000000000,0.000000000
point-0000422,762.854770546,260.135396841,237.639776445,254.500000000,0.000000000,0.000000000
point-0000423,763.572200651,259.479852208,238.639776445,254.500000000,0.000000000,0.000000000
point-0000424,766.011463008,255.414414947,238.639776445,254.500000000,0.000000000,0.000000000
point-0000425,766.728893113,254.758870314,239.639776445,254.500000000,0.000000000,0.000000000
point-0000426,769.168155470,258.824307576,239.639776445,254.500000000,0.000000000,0.000000000
point-0000427,769.885585575,258.168762943,240.639776445,254.500000000,0.000000000,0.000000000
point-0000428,772.081618006,254.508708892,240.639776445,254.500000000,0.000000000,0.000000000
point-0000429,773.176021147,256.034158038,241.639776445,254.500000000,0.000000000,0.000000000
point-0000430,774.063457310,257.513218310,241.639776445,254.500000000,0.000000000,0.000000000
point-0000431,802.931942221,280.980655622,199.639776445,255.000000000,0.000000000,0.000000000
point-0000432,803.586240354,282.071152511,199.639776445,255.000000000,0.000000000,0.000000000
point-0000433,804.680643495,283.596601657,200.639776445,255.000000000,0.000000000,0.000000000
point-0000434,806.643537896,280.325110989,200.639776445,255.000000000,0.000000000,0.000000000
point-0000435,807.360968001,279.669566356,201.639776445,255.000000000,0.000000000,0.000000000
point-0000436,809.800230358,283.735003618,201.639776445,255.000000000,0.000000000,0.000000000
point-0000437,810.517660463,283.079458985,202.639776445,255.000000000,0.000000000,0.000000000
point-0000438,812.956922820,279.014021724,202.639776445,255.000000000,0.000000000,0.000000000
point-0000439,813.674352925,278.358477091,203.639776445,255.000000000,0.000000000,0.000000000
point-0000440,816.113615282,282.423914353,203.639776445,255.000000000,0.000000000,0.000000000
point-0000441,816.831045387,281.768369720,204.639776445,255.000000000,0.000000000,0.000000000
point-0000442,819.270307744,277.702932458,204.639776445,255.000000000,0.000000000,0.000000000
point-0000443,819.987737849,277.047387826,205.639776445,255.000000000,0.000000000,0.000000000
point-0000444,822.427000206,281.112825087,205.639776445,255.000000000,0.000000000,0.000000000
point-0000445,823.144430311,280.457280455,206.639776445,255.000000000,0.000000000,0.000000000
point-0000446,825.583692668,276.391843193,206.639776445,255.000000000,0.000000000,0.000000000
point-0000447,826.301122773,275.736298560,207.639776445,255.000000000,0.000000000,0.000000000
point-0000448,828.740385130,279.801735822,207.639776445,255.000000000,0.000000000,0.000000000
point-0000449,829.457815235,279.146191189,208.639776445,255.000000000,0.000000000,0.000000000
point-0000450,831.897077592,275.080753927,208.639776445,255.000000000,0.000000000,0.000000000
point-0000451,832.614507697,274.425209295,209.639776445,255.000000000,0.000000000,0.000000000
point-0000452,835.053770054,278.490646556,209.639776445,255.000000000,0.000000000,0.000000000
point-0000453,835.771200159,277.835101924,210.639776445,255.000000000,0.000000000,0.000000000
point-0000454,838.210462516,273.769664662,210.639776445,255.000000000,0.000000000,0.000000000
point-0000455,838.927892621,273.114120029,211.639776445,255.000000000,0.000000000,0.000000000
point-0000456,841.367154978,277.179557291,211.639776445,255.000000000,0.000000000,0.000000000
point-0000457,842.084585083,276.524012658,212.639776445,255.000000000,0.000000000,0.000000000
point-0000458,844.523847440,272.458575397,212.639776445,255.000000000,0.000000000,0.000000000
point-0000459,845.241277545,271.803030764,213.639776445,255.000000000,0.000000000,0.000000000
point-0000460,847.680539902,275.868468026,213.639776445,255.000000000,0.000000000,0.000000000
point-0000461,848.397970007,275.212923393,214.639776445,255.000000000,0.000000000,0.000000000
point-0000462,850.837232364,271.147486131,214.639776445,255.000000000,0.000000000,0.000000000
point-0000463,851.554662469,270.491941499,215.639776445,255.000000000,0.000000000,0.000000000
point-0000464,853.993924826,274.557378760,215.639776445,255.000000000,0.000000000,0.000000000
point-0000465,854.711354931,273.901834128,216.639776445,255.000000000,0.000000000,0.000000000
point-0000466,857.150617288,269.836396866,216.639776445,255.000000000,0.000000000,0.000000000
point-0000467,857.868047393,269.180852233,217.639776445,255.000000000,0.000000000,0.000000000
point-0000468,860.307309750,273.246289495,217.639776445,255.000000000,0.000000000,0.000000000
point-0000469,861.024739855,272.590744862,218.639776445,255.000000000,0.000000000,0.000000000
point-0000470,863.464002212,268.525307601,218.639776445,255.000000000,0.000000000,0.000000000
point-0000471,864.181432317,267.869762968,219.639776445,255.000000000,0.000000000,0.000000000
point-0000472,866.620694674,271.935200230,219.639776445,255.000000000,0.000000000,0.000000000
point-0000473,867.338124779,271.279655597,220.639776445,255.000000000,0.000000000,0.000000000
point-0000474,869.777387136,267.214218335,220.639776445,255.000000000,0.000000000,0.000000000
point-0000475,870.494817241,266.558673702,221.639776445,255.000000000,0.000000000,0.000000000
point-0000476,872.934079598,270.624110964,221.639776445,255.000000000,0.000000000,0.000000000
point-0000477,873.651509703,269.968566331,222.639776445,255.000000000,0.000000000,0.000000000
point-0000478,876.090772060,265.903129070,222.639776445,255.000000000,0.000000000,0.000000000
point-0000479,876.808202165,265.247584437,223.639776445,255.000000000,0.000000000,0.000000000
point-0000480,879.247464522,269.313021699,223.639776445,255.000000000,0.000000000,0.000000000
point-0000481,879.964894627,268.657477066,224.639776445,255.000000000,0.000000000,0.000000000
point-0000482,882.404156984,264.592039804,224.639776445,255.000000000,0.000000000,0.000000000
point-0000483,883.121587089,263.936495172,225.639776445,255.000000000,0.000000000,0.000000000
point-0000484,885.560849446,268.001932433,225.639776445,255.000000000,0.000000000,0.000000000
point-0000485,886.278279551,267.346387801,226.639776445,255.000000000,0.000000000,0.000000000
point-0000486,888.717541908,263.280950539,226.639776445,255.000000000,0.000000000,0.000000000
point-0000487,889.434972013,262.625405906,227.639776445,255.000000000,0.000000000,0.000000000
point-0000488,891.874234370,266.690843168,227.639776445,255.000000000,0.000000000,0.000000000
point-0000489,892.591664475,266.035298535,228.639776445,255.000000000,0.000000000,0.000000000
point-0000490,895.030926832,261.969861274,228.639776445,255.000000000,0.000000000,0.000000000
point-0000491,895.748356937,261.314316641,229.639776445,255.000000000,0.000000000,0.000000000
point-0000492,898.187619294,265.379753903,229.639776445,255.000000000,0.000000000,0.000000000
point-0000493,898.905049399,264.724209270,230.639776445,255.000000000,0.000000000,0.000000000
point-0000494,901.344311756,260.658772008,230.639776445,255.000000000,0.000000000,0.000000000
point-0000495,902.061741861,260.003227376,231.639776445,255.000000000,0.000000000,0.000000000
point-0000496,904.501004218,264.068664637,231.639776445,255.000000000,0.000000000,0.000000000
point-0000497,905.218434323,263.413120005,232.639776445,255.000000000,0.000000000,0.000000000
point-0000498,907.657696680,259.347682743,232.639776445,255.000000000,0.000000000,0.000000000
point-0000499,908.375126785,258.692138110,233.639776445,255.000000000,0.000000000,0.000000000
point-0000500,910.814389142,262.757575372,233.639776445,255.000000000,0.000000000,0.000000000
point-0000501,911.531819247,262.102030739,234.639776445,255.000000000,0.000000000,0.000000000
point-0000502,913.971081604,258.036593477,234.639776445,255.000000000,0.000000000,0.000000000
point-0000503,914.688511709,257.381048845,235.639776445,255.000000000,0.000000000,0.000000000
point-0000504,917.127774066,261.446486106,235.639776445,255.000000000,0.000000000,0.000000000
point-0000505,917.845204171,260.790941474,236.639776445,255.000000000,0.000000000,0.000000000
point-0000506,920.284466528,256.725504212,236.639776445,255.000000000,0.000000000,0.000000000
point-0000507,921.001896633,256.069959579,237.639776445,255.000000000,0.000000000,0.000000000
point-0000508,923.441158990,260.135396841,237.639776445,255.000000000,0.000000000,0.000000000
point-0000509,924.158589095,259.479852208,238.639776445,255.000000000,0.000000000,0.000000000
point-0000510,926.597851452,255.414414947,238.639776445,255.000000000,0.000000000,0.000000000
point-0000511,927.315281557,254.758870314,239.639776445,255.000000000,0.000000000,0.000000000
point-0000512,929.754543914,258.824307576,239.639776445,255.000000000,0.000000000,0.000000000
point-0000513,930.471974019,258.168762943,240.639776445,255.000000000,0.000000000,0.000000000
point-0000514,932.668006450,254.508708892,240.639776445,255.000000000,0.000000000,0.000000000
point-0000515,933.762409591,256.034158038,241.639776445,255.000000000,0.000000000,0.000000000
point-0000516,934.649845754,257.513218310,241.639776445,255.000000000,0.000000000,0.000000000
point-0000517,963.518330665,280.980655622,199.639776445,255.500000000,0.000000000,0.000000000
point-0000518,964.172628798,282.071152511,199.639776445,255.500000000,0.000000000,0.000000000
point-0000519,965.267031939,283.596601657,200.639776445,255.500000000,0.000000000,0.000000000
point-0000520,967.229926340,280.325110989,200.639776445,255.500000000,0.000000000,0.000000000
point-0000521,967.947356445,279.669566356,201.639776445,255.500000000,0.000000000,0.000000000
point-0000522,970.386618802,283.735003618,201.639776445,255.500000000,0.000000000,0.000000000
point-0000523,971.104048907,283.079458985,202.639776445,255.500000000,0.000000000,0.000000000
point-0000524,973.543311264,279.014021724,202.639776445,255.500000000,0.000000000,0.000000000
point-0000525,974.260741369,278.358477091,203.639776445,255.500000000,0.000000000,0.000000000
point-0000526,976.700003726,282.423914353,203.639776445,255.500000000,0.000000000,0.000000000
point-0000527,977.417433831,281.768369720,204.639776445,255.500000000,0.000000000,0.000000000
point-0000528,979.856696188,277.702932458,204.639776445,255.500000000,0.000000000,0.000000000
point-0000529,980.574126293,277.047387826,205.639776445,255.500000000,0.000000000,0.000000000
point-0000530,983.013388650,281.112825087,205.639776445,255.500000000,0.000000000,0.000000000
point-0000531,983.730818755,280.457280455,206.639776445,255.500000000,0.000000000,0.000000000
point-0000532,986.170081112,276.391843193,206.639776445,255.500000000,0.000000000,0.000000000
point-0000533,986.887511217,275.736298560,207.639776445,255.500000000,0.000000000,0.000000000
point-0000534,989.326773574,279.801735822,207.639776445,255.500000000,0.000000000,0.000000000
point-0000535,990.044203679,279.146191189,208.639776445,255.500000000,0.000000000,0.000000000
point-0000536,992.483466036,275.080753927,208.639776445,255.500000000,0.000000000,0.000000000
point-0000537,993.200896141,274.425209295,209.639776445,255.500000000,0.000000000,0.000000000
point-0000538,995.640158498,278.490646556,209.639776445,255.500000000,0.000000000,0.000000000
point-0000539,996.357588603,277.835101924,210.639776445,255.500000000,0.000000000,0.000000000
point-0000540,998.796850960,273.769664662,210.639776445,255.500000000,0.000000000,0.000000000
point-0000541,999.514281065,273.114120029,211.639776445,255.500000000,0.000000000,0.000000000
point-0000542,1001.953543422,277.179557291,211.639776445,255.500000000,0.000000000,0.000000000
point-0000543,1002.670973527,276.524012658,212.639776445,255.500000000,0.000000000,0.000000000
point-0000544,1005.110235884,272.458575397,212.639776445,255.500000000,0.000000000,0.000000000
point-0000545,1005.827665989,271.803030764,213.639776445,255.500000000,0.000000000,0.000000000
point-0000546,1008.266928346,275.868468026,213.639776445,255.500000000,0.000000000,0.000000000
point-0000547,1008.984358451,275.212923393,214.639776445,255.500000000,0.000000000,0.000000000
point-0000548,1011.423620808,271.147486131,214.639776445,255.500000000,0.000000000,0.000000000
point-0000549,1012.141050913,270.491941499,215.639776445,255.500000000,0.000000000,0.000000000
point-0000550,1014.580313270,274.557378760,215.639776445,255.500000000,0.000000000,0.000000000
point-0000551,1015.297743375,273.901834128,216.639776445,255.500000000,0.000000000,0.000000000
point-0000552,1017.737005732,269.836396866,216.639776445,255.500000000,0.000000000,0.000000000
point-0000553,1018.454435837,269.180852233,217.639776445,255.500000000,0.000000000,0.000000000
point-0000554,1020.893698194,273.246289495,217.639776445,255.500000000,0.000000000,0.000000000
point-0000555,1021.611128299,272.590744862,218.639776445,255.500000000,0.000000000,0.000000000
point-0000556,1024.050390656,268.525307601,218.639776445,255.500000000,0.000000000,0.000000000
point-0000557,1024.767820761,267.869762968,219.639776445,255.500000000,0.000000000,0.000000000
point-0000558,1027.207083118,271.935200230,219.639776445,255.500000000,0.000000000,0.000000000
point-0000559,1027.924513223,271.279655597,220.639776445,255.500000000,0.000000000,0.000000000
point-0000560,1030.363775580,267.214218335,220.639776445,255.500000000,0.000000000,0.000000000
point-0000561,1031.081205685,266.558673702,221.639776445,255.500000000,0.000000000,0.000000000
point-0000562,1033.520468042,270.624110964,221.639776445,255.500000000,0.000000000,0.000000000
point-0000563,1034.237898147,269.968566331,222.639776445,255.500000000,0.000000000,0.000000000
point-0000564,1036.677160504,265.903129070,222.639776445,255.500000000,0.000000000,0.000000000
point-0000565,1037.394590609,265.247584437,223.639776445,255.500000000,0.000000000,0.000000000
point-0000566,1039.833852966,269.313021699,223.639776445,255.500000000,0.000000000,0.000000000
point-0000567,1040.551283071,268.657477066,224.639776445,255.500000000,0.000000000,0.000000000
point-0000568,1042.990545428,264.592039804,224.639776445,255.500000000,0.000000000,0.000000000
point-0000569,1043.707975533,263.936495172,225.639776445,255.500000000,0.000000000,0.000000000
point-0000570,1046.147237890,268.001932433,225.639776445,255.500000000,0.000000000,0.000000000
point-0000571,1046.864667995,267.346387801,226.639776445,255.500000000,0.000000000,0.000000000
point-0000572,1049.303930352,263.280950539,226.639776445,255.500000000,0.000000000,0.000000000
point-0000573,1050.021360457,262.625405906,227.639776445,255.500000000,0.000000000,0.000000000
point-0000574,1052.460622814,266.690843168,227.639776445,255.500000000,0.000000000,0.000000000
point-0000575,1053.178052919,266.035298535,228.639776445,255.500000000,0.000000000,0.000000000
point-0000576,1055.617315276,261.969861274,228.639776445,255.500000000,0.000000000,0.000000000
point-0000577,1056.334745381,261.314316641,229.639776445,255.500000000,0.000000000,0.000000000
point-0000578,1058.774007738,265.379753903,229.639776445,255.500000000,0.000000000,0.000000000
point-0000579,1059.491437843,264.724209270,230.639776445,255.500000000,0.000000000,0.000000000
point-0000580,1061.930700200,260.658772008,230.639776445,255.500000000,0.000000000,0.000000000
point-0000581,1062.648130305,260.003227376,231.639776445,255.500000000,0.000000000,0.000000000
point-0000582,1065.087392662,264.068664637,231.639776445,255.500000000,0.000000000,0.000000000
point-0000583,1065.804822767,263.413120005,232.639776445,255.500000000,0.000000000,0.000000000
point-0000584,1068.244085124,259.347682743,232.639776445,255.500000000,0.000000000,0.000000000
point-0000585,1068.961515229,258.692138110,233.639776445,255.500000000,0.000000000,0.000000000
point-0000586,1071.400777586,262.757575372,233.639776445,255.500000000,0.000000000,0.000000000
point-0000587,1072.118207691,262.102030739,234.639776445,255.500000000,0.000000000,0.000000000
point-0000588,1074.557470048,258.036593477,234.639776445,255.500000000,0.000000000,0.000000000
point-0000589,1075.274900153,257.381048845,235.639776445,255.500000000,0.000000000,0.000000000
point-0000590,1077.714162510,261.446486106,235.639776445,255.500000000,0.000000000,0.000000000
point-0000591,1078.431592615,260.790941474,236.639776445,255.500000000,0.000000000,0.000000000
point-0000592,1080.870854972,256.725504212,236.639776445,255.500000000,0.000000000,0.000000000
point-0000593,1081.588285077,256.069959579,237.639776445,255.500000000,0.000000000,0.000000000
point-0000594,1084.027547434,260.135396841,237.639776445,255.500000000,0.000000000,0.000000000
point-0000595,1084.744977539,259.479852208,238.639776445,255.500000000,0.000000000,0.000000000
point-0000596,1087.184239896,255.414414947,238.639776445,255.500000000,0.000000000,0.000000000
point-0000597,1087.901670001,254.758870314,239.639776445,255.500000000,0.000000000,0.000000000
point-0000598,1090.340932358,258.824307576,239.639776445,255.500000000,0.000000000,0.000000000
point-0000599,1091.058362463,258.168762943,240.639776445,255.500000000,0.000000000,0.000000000
point-0000600,1093.254394894,254.508708892,240.639776445,255.500000000,0.000000000,0.000000000
point-0000601,1094.348798035,256.034158038,241.639776445,255.500000000,0.000000000,0.000000000
point-0000602,1095.236234198,257.513218310,241.639776445,255.500000000,0.000000000,0.000000000
point-0000603,1124.104719109,280.980655622,199.639776445,256.000000000,0.000000000,0.000000000
point-0000604,1124.759017243,282.071152511,199.639776445,256.000000000,0.000000000,0.000000000
point-0000605,1125.853420383,283.596601657,200.639776445,256.000000000,0.000000000,0.000000000
point-0000606,1127.816314784,280.325110989,200.639776445,256.000000000,0.000000000,0.000000000
point-0000607,1128.533744889,279.669566356,201.639776445,256.000000000,0.000000000,0.000000000
point-0000608,1130.973007246,283.735003618,201.639776445,256.000000000,0.000000000,0.000000000
point-0000609,1131.690437351,283.079458985,202.639776445,256.000000000,0.000000000,0.000000000
point-0000610,1134.129699708,279.014021724,202.639776445,256.000000000,0.000000000,0.000000000
point-0000611,1134.847129813,278.358477091,203.639776445,256.000000000,0.000000000,0.000000000
point-0000612,1137.286392170,282.423914353,203.639776445,256.000000000,0.000000000,0.000000000
point-0000613,1138.003822275,281.768369720,204.639776445,256.000000000,0.000000000,0.000000000
point-0000614,1140.443084632,277.702932458,204.639776445,256.000000000,0.000000000,0.000000000
point-0000615,1141.160514737,277.047387826,205.639776445,256.000000000,0.000000000,0.000000000
point-0000616,1143.599777094,281.112825087,205.639776445,256.000000000,0.000000000,0.000000000
point-0000617,1144.317207199,280.457280455,206.639776445,256.000000000,0.000000000,0.000000000
point-0000618,1146.756469556,276.391843193,206.639776445,256.000000000,0.000000000,0.000000000
point-0000619,1147.473899661,275.736298560,207.639776445,256.000000000,0.000000000,0.000000000
point-0000620,1149.913162018,279.801735822,207.639776445,256.000000000,0.000000000,0.000000000
point-0000621,1150.630592123,279.146191189,208.639776445,256.000000000,0.000000000,0.000000000
point-0000622,1153.069854480,275.080753927,208.639776445,256.000000000,0.000000000,0.000000000
point-0000623,1153.787284585,274.425209295,209.639776445,256.000000000,0.000000000,0.000000000
point-0000624,1156.226546942,278.490646556,209.639776445,256.000000000,0.000000000,0.000000000
point-0000625,1156.943977047,277.835101924,210.639776445,256.000000000,0.000000000,0.000000000
point-0000626,1159.383239404,273.769664662,210.639776445,256.000000000,0.000000000,0.000000000
point-0000627,1160.100669509,273.114120029,211.639776445,256.000000000,0.000000000,0.000000000
point-0000628,1162.539931866,277.179557291,211.639776445,256.000000000,0.000000000,0.000000000
point-0000629,1163.257361971,276.524012658,212.639776445,256.000000000,0.000000000,0.000000000
point-0000630,1165.696624328,272.458575397,212.639776445,256.000000000,0.000000000,0.000000000
point-0000631,1166.414054433,271.803030764,213.639776445,256.000000000,0.000000000,0.000000000
point-0000632,1168.853316790,275.868468026,213.639776445,256.000000000,0.000000000,0.000000000
point-0000633,1169.570746895,275.212923393,214.639776445,256.000000000,0.000000000,0.000000000
point-0000634,1172.010009252,271.147486131,214.639776445,256.000000000,0.000000000,0.000000000
point-0000635,1172.727439357,270.491941499,215.639776445,256.000000000,0.000000000,0.000000000
point-0000636,1175.166701714,274.557378760,215.639776445,256.000000000,0.000000000,0.000000000
point-0000637,1175.884131819,273.901834128,216.639776445,256.000000000,0.000000000,0.000000000
point-0000638,1178.323394176,269.836396866,216.639776445,256.000000000,0.000000000,0.000000000
point-0000639,1179.040824281,269.180852233,217.639776445,256.000000000,0.000000000,0.000000000
point-0000640,1181.480086638,273.246289495,217.639776445,256.000000000,0.000000000,0.000000000
point-0000641,1182.197516743,272.590744862,218.639776445,256.000000000,0.000000000,0.000000000
point-0000642,1184.636779100,268.525307601,218.639776445,256.000000000,0.000000000,0.000000000
point-0000643,1185.354209205,267.869762968,219.639776445,256.000000000,0.000000000,0.000000000
point-0000644,1187.793471562,271.935200230,219.639776445,256.000000000,0.000000000,0.000000000
point-0000645,1188.510901667,271.279655597,220.639776445,256.000000000,0.000000000,0.000000000
point-0000646,1190.950164024,267.214218335,220.639776445,256.000000000,0.000000000,0.000000000
point-0000647,1191.667594129,266.558673702,221.639776445,256.000000000,0.000000000,0.000000000
point-0000648,1194.106856486,270.624110964,221.639776445,256.000000000,0.000000000,0.000000000
point-0000649,1194.824286591,269.968566331,222.639776445,256.000000000,0.000000000,0.000000000
point-0000650,1197.263548948,265.903129070,222.639776445,256.000000000,0.000000000,0.000000000
point-0000651,1197.980979053,265.247584437,223.639776445,256.000000000,0.000000000,0.000000000
point-0000652,1200.420241410,269.313021699,223.639776445,256.000000000,0.000000000,0.000000000
point-0000653,1201.137671515,268.657477066,224.639776445,256.000000000,0.000000000,0.000000000
point-0000654,1203.576933872,264.592039804,224.639776445,256.000000000,0.000000000,0.000000000
point-0000655,1204.294363977,263.936495172,225.639776445,256.000000000,0.000000000,0.000000000
point-0000656,1206.733626334,268.001932433,225.639776445,256.000000000,0.000000000,0.000000000
point-0000657,1207.451056439,267.346387801,226.639776445,256.000000000,0.000000000,0.000000000
point-0000658,1209.890318796,263.280950539,226.639776445,256.000000000,0.000000000,0.000000000
point-0000659,1210.607748901,262.625405906,227.639776445,256.000000000,0.000000000,0.000000000
point-0000660,1213.047011258,266.690843168,227.639776445,256.000000000,0.000000000,0.000000000
point-0000661,1213.764441363,266.035298535,228.639776445,256.000000000,0.000000000,0.000000000
point-0000662,1216.203703720,261.969861274,228.639776445,256.000000000,0.000000000,0.000000000
point-0000663,1216.921133825,261.314316641,229.639776445,256.000000000,0.000000000,0.000000000
point-0000664,1219.360396182,265.379753903,229.639776445,256.000000000,0.000000000,0.000000000
point-0000665,1220.077826287,264.724209270,230.639776445,256.000000000,0.000000000,0.000000000
point-0000666,1222.517088644,260.658772008,230.639776445,256.000000000,0.000000000,0.000000000
point-0000667,1223.234518749,260.003227376,231.639776445,256.000000000,0.000000000,0.000000000
point-0000668,1225.673781106,264.068664637,231.639776445,256.000000000,0.000000000,0.000000000
point-0000669,1226.391211211,263.413120005,232.639776445,256.000000000,0.000000000,0.000000000
point-0000670,1228.830473568,259.347682743,232.639776445,256.000000000,0.000000000,0.000000000
point-0000671,1229.547903673,258.692138110,233.639776445,256.000000000,0.000000000,0.000000000
point-0000672,1231.987166030,262.757575372,233.639776445,256.000000000,0.000000000,0.000000000
point-0000673,1232.704596135,262.102030739,234.639776445,256.000000000,0.000000000,0.000000000
point-0000674,1235.143858492,258.036593477,234.639776445,256.000000000,0.000000000,0.000000000
point-0000675,1235.861288597,257.381048845,235.639776445,256.000000000,0.000000000,0.000000000
point-0000676,1238.300550954,261.446486106,235.639776445,256.000000000,0.000000000,0.000000000
point-0000677,1239.017981059,260.790941474,236.639776445,256.000000000,0.000000000,0.000000000
point-0000678,1241.457243416,256.725504212,236.639776445,256.000000000,0.000000000,0.000000000
point-0000679,1242.174673521,256.069959579,237.639776445,256.000000000,0.000000000,0.000000000
point-0000680,1244.613935878,260.135396841,237.639776445,256.000000000,0.000000000,0.000000000
point-0000681,1245.331365983,259.479852208,238.639776445,256.000000000,0.000000000,0.000000000
point-0000682,1247.770628340,255.414414947,238.639776445,256.000000000,0.000000000,0.000000000
point-0000683,1248.488058445,254.758870314,239.639776445,256.000000000,0.000000000,0.000000000
point-0000684,1250.927320802,258.824307576,239.639776445,256.000000000,0.000000000,0.000000000
point-0000685,1251.644750907,258.168762943,240.639776445,256.000000000,0.000000000,0.000000000
point-0000686,1253.840783338,254.508708892,240.639776445,256.000000000,0.000000000,0.000000000
point-0000687,1254.935186479,256.034158038,241.639776445,256.000000000,0.000000000,0.000000000
point-0000688,1255.822622643,257.513218310,241.639776445,256.000000000,0.000000000,0.000000000
point-0000689,1284.691107553,280.980655622,199.639776445,256.500000000,0.000000000,0.000000000
point-0000690,1285.345405687,282.071152511,199.639776445,256.500000000,0.000000000,0.000000000
point-0000691,1286.439808828,283.596601657,200.639776445,256.500000000,0.000000000,0.000000000
point-0000692,1288.402703228,280.325110989,200.639776445,256.500000000,0.000000000,0.000000000
point-0000693,1289.120133333,279.669566356,201.639776445,256.500000000,0.000000000,0.000000000
point-0000694,1291.559395690,283.735003618,201.639776445,256.500000000,0.000000000,0.000000000
point-0000695,1292.276825795,283.079458985,202.639776445,256.500000000,0.000000000,0.000000000
point-0000696,1294.716088152,279.014021724,202.639776445,256.500000000,0.000000000,0.000000000
point-0000697,1295.433518257,278.358477091,203.639776445,256.500000000,0.000000000,0.000000000
point-0000698,1297.872780614,282.423914353,203.639776445,256.500000000,0.000000000,0.000000000
point-0000699,1298.590210719,281.768369720,204.639776445,256.500000000,0.000000000,0.000000000
point-0000700,1301.029473076,277.702932458,204.639776445,256.500000000,0.000000000,0.000000000
point-0000701,1301.746903181,277.047387826,205.639776445,256.500000000,0.000000000,0.000000000
point-0000702,1304.186165538,281.112825087,205.639776445,256.500000000,0.000000000,0.000000000
point-0000703,1304.903595643,280.457280455,206.639776445,256.500000000,0.000000000,0.000000000
point-0000704,1307.342858000,276.391843193,206.639776445,256.500000000,0.000000000,0.000000000
point-0000705,1308.060288105,275.736298560,207.639776445,256.500000000,0.000000000,0.000000000
point-0000706,1310.499550462,279.801735822,207.639776445,256.500000000,0.000000000,0.000000000
point-0000707,1311.216980567,279.146191189,208.639776445,256.500000000,0.000000000,0.000000000
point-0000708,1313.656242924,275.080753927,208.639776445,256.500000000,0.000000000,0.000000000
point-0000709,1314.373673029,274.425209295,209.639776445,256.500000000,0.000000000,0.000000000
point-0000710,1316.812935386,278.490646556,209.639776445,256.500000000,0.000000000,0.000000000
point-0000711,1317.530365491,277.835101924,210.639776445,256.500000000,0.000000000,0.000000000
point-0000712,1319.969627848,273.769664662,210.639776445,256.500000000,0.000000000,0.000000000
point-0000713,1320.687057953,273.114120029,211.639776445,256.500000000,0.000000000,0.000000000
point-0000714,1323.126320310,277.179557291,211.639776445,256.500000000,0.000000000,0.000000000
point-0000715,1323.843750415,276.524012658,212.639776445,256.500000000,0.000000000,0.000000000
point-0000716,1326.283012772,272.458575397,212.639776445,256.500000000,0.000000000,0.000000000
point-0000717,1327.000442877,271.803030764,213.639776445,256.500000000,0.000000000,0.000000000
point-0000718,1329.439705234,275.868468026,213.639776445,256.500000000,0.000000000,0.000000000
point-0000719,1330.157135339,275.212923393,214.639776445,256.500000000,0.000000000,0.000000000
point-0000720,1332.596397696,271.147486131,214.639776445,256.500000000,0.000000000,0.000000000
point-0000721,1333.313827801,270.491941499,215.639776445,256.500000000,0.000000000,0.000000000
point-0000722,1335.753090158,274.557378760,215.639776445,256.500000000,0.000000000,0.000000000
point-0000723,1336.470520263,273.901834128,216.639776445,256.500000000,0.000000000,0.000000000
point-0000724,1338.909782620,269.836396866,216.639776445,256.500000000,0.000000000,0.000000000
point-0000725,1339.627212725,269.180852233,217.639776445,256.500000000,0.000000000,0.000000000
point-0000726,1342.066475082,273.246289495,217.639776445,256.500000000,0.000000000,0.000000000
point-0000727,1342.783905187,272.590744862,218.639776445,256.500000000,0.000000000,0.000000000
point-0000728,1345.223167544,268.525307601,218.639776445,256.500000000,0.000000000,0.000000000
point-0000729,1345.940597649,267.869762968,219.639776445,256.500000000,0.000000000,0.000000000
point-0000730,1348.379860006,271.935200230,219.639776445,256.500000000,0.000000000,0.000000000
point-0000731,1349.097290111,271.279655597,220.639776445,256.500000000,0.000000000,0.000000000
point-0000732,1351.536552468,267.214218335,220.639776445,256.500000000,0.000000000,0.000000000
point-0000733,1352.253982573,266.558673702,221.639776445,256.500000000,0.000000000,0.000000000
point-0000734,1354.693244930,270.624110964,221.639776445,256.500000000,0.000000000,0.000000000
point-0000735,1355.410675035,269.968566331,222.639776445,256.500000000,0.000000000,0.000000000
point-0000736,1357.849937392,265.903129070,222.639776445,256.500000000,0.000000000,0.000000000
point-0000737,1358.567367497,265.247584437,223.639776445,256.500000000,0.000000000,0.000000000
point-0000738,1361.006629854,269.313021699,223.639776445,256.500000000,0.000000000,0.000000000
point-0000739,1361.724059959,268.657477066,224.639776445,256.500000000,0.000000000,0.000000000
point-0000740,1364.163322316,264.592039804,224.639776445,256.500000000,0.000000000,0.000000000
point-0000741,1364.880752421,263.936495172,225.639776445,256.500000000,0.000000000,0.000000000
point-0000742,1367.320014778,268.001932433,225.639776445,256.500000000,0.000000000,0.000000000
point-0000743,1368.037444883,267.346387801,226.639776445,256.500000000,0.000000000,0.000000000
point-0000744,1370.476707240,263.280950539,226.639776445,256.500000000,0.000000000,0.000000000
point-0000745,1371.194137345,262.625405906,227.639776445,256.500000000,0.000000000,0.000000000
point-0000746,1373.633399702,266.690843168,227.639776445,256.500000000,0.000000000,0.000000000
point-0000747,1374.350829807,266.035298535,228.639776445,256.500000000,0.000000000,0.000000000
point-0000748,1376.790092164,261.969861274,228.639776445,256.500000000,0.000000000,0.000000000
point-0000749,1377.507522269,261.314316641,229.639776445,256.500000000,0.000000000,0.000000000
point-0000750,1379.946784626,265.379753903,229.639776445,256.500000000,0.000000000,0.000000000
point-0000751,1380.664214731,264.724209270,230.639776445,256.500000000,0.000000000,0.000000000
point-0000752,1383.103477088,260.658772008,230.639776445,256.500000000,0.000000000,0.000000000
point-0000753,1383.820907193,260.003227376,231.639776445,256.500000000,0.000000000,0.000000000
point-0000754,1386.260169550,264.068664637,231.639776445,256.500000000,0.000000000,0.000000000
point-0000755,1386.977599655,263.413120005,232.639776445,256.500000000,0.000000000,0.000000000
point-0000756,1389.416862012,259.347682743,232.639776445,256.500000000,0.000000000,0.000000000
point-0000757,1390.134292117,258.692138110,233.639776445,256.500000000,0.000000000,0.000000000
point-0000758,1392.573554474,262.757575372,233.639776445,256.500000000,0.000000000,0.000000000
point-0000759,1393.290984579,262.102030739,234.639776445,256.500000000,0.000000000,0.000000000
point-0000760,1395.730246936,258.036593477,234.639776445,256.500000000,0.000000000,0.000000000
point-0000761,1396.447677041,257.381048845,235.639776445,256.500000000,0.000000000,0.000000000
point-0000762,1398.886939398,261.446486106,235.639776445,256.500000000,0.000000000,0.000000000
point-0000763,1399.604369503,260.790941474,236.639776445,256.500000000,0.000000000,0.000000000
point-0000764,1402.043631861,256.725504212,236.639776445,256.500000000,0.000000000,0.000000000
point-0000765,1402.761061966,256.069959579,237.639776445,256.500000000,0.000000000,0.000000000
point-0000766,1405.200324323,260.135396841,237.639776445,256.500000000,0.000000000,0.000000000
point-0000767,1405.917754428,259.479852208,238.639776445,256.500000000,0.000000000,0.000000000
point-0000768,1408.357016785,255.414414947,238.639776445,256.500000000,0.000000000,0.000000000
point-0000769,1409.074446890,254.758870314,239.639776445,256.500000000,0.000000000,0.000000000
point-0000770,1411.513709247,258.824307576,239.639776445,256.500000000,0.000000000,0.000000000
point-0000771,1412.231139352,258.168762943,240.639776445,256.500000000,0.000000000,0.000000000
point-0000772,1414.427171782,254.508708892,240.639776445,256.500000000,0.000000000,0.000000000
point-0000773,1415.521574923,256.034158038,241.639776445,256.500000000,0.000000000,0.000000000
point-0000774,1416.409011087,257.513218310,241.639776445,256.500000000,0.000000000,0.000000000
point-0000775,1445.277495997,280.980655622,199.639776445,257.000000000,0.000000000,0.000000000
point-0000776,1445.931794131,282.071152511,199.639776445,257.000000000,0.000000000,0.000000000
point-0000777,1447.026197272,283.596601657,200.639776445,257.000000000,0.000000000,0.000000000
point-0000778,1448.989091672,280.325110989,200.639776445,257.000000000,0.000000000,0.000000000
point-0000779,1449.706521777,279.669566356,201.639776445,257.000000000,0.000000000,0.000000000
point-0000780,1452.145784134,283.735003618,201.639776445,257.000000000,0.000000000,0.000000000
point-0000781,1452.863214239,283.079458985,202.639776445,257.000000000,0.000000000,0.000000000
point-0000782,1455.302476596,279.014021724,202.639776445,257.000000000,0.000000000,0.000000000
point-0000783,1456.019906701,278.358477091,203.639776445,257.000000000,0.000000000,0.000000000
point-0000784,1458.459169058,282.423914353,203.639776445,257.000000000,0.000000000,0.000000000
point-0000785,1459.176599163,281.768369720,204.639776445,257.000000000,0.000000000,0.000000000
point-0000786,1461.615861520,277.702932458,204.639776445,257.000000000,0.000000000,0.000000000
point-0000787,1462.333291625,277.047387826,205.639776445,257.000000000,0.000000000,0.000000000
point-0000788,1464.772553982,281.112825087,205.639776445,257.000000000,0.000000000,0.000000000
point-0000789,1465.489984087,280.457280455,206.639776445,257.000000000,0.000000000,0.000000000
point-0000790,1467.929246444,276.391843193,206.639776445,257.000000000,0.000000000,0.000000000
point-0000791,1468.646676549,275.736298560,207.639776445,257.000000000,0.000000000,0.000000000
point-0000792,1471.085938906,279.801735822,207.639776445,257.000000000,0.000000000,0.000000000
point-0000793,1471.803369011,279.146191189,208.639776445,257.000000000,0.000000000,0.000000000
point-0000794,1474.242631368,275.080753927,208.639776445,257.000000000,0.000000000,0.000000000
point-0000795,1474.960061473,274.425209295,209.639776445,257.000000000,0.000000000,0.000000000
point-0000796,1477.399323830,278.490646556,209.639776445,257.000000000,0.000000000,0.000000000
point-0000797,1478.116753935,277.835101924,210.639776445,257.000000000,0.000000000,0.000000000
point-0000798,1480.556016292,273.769664662,210.639776445,257.000000000,0.000000000,0.000000000
point-0000799,1481.273446397,273.114120029,211.639776445,257.000000000,0.000000000,0.000000000
point-0000800,1483.712708754,277.179557291,211.639776445,257.000000000,0.000000000,0.000000000
point-0000801,1484.430138859,276.524012658,212.639776445,257.000000000,0.000000000,0.000000000
point-0000802,1486.869401216,272.458575397,212.639776445,257.000000000,0.000000000,0.000000000
point-0000803,1487.586831321,271.803030764,213.639776445,257.000000000,0.000000000,0.000000000
point-0000804,1490.026093678,275.868468026,213.639776445,257.000000000,0.000000000,0.000000000
point-0000805,1490.743523783,275.212923393,214.639776445,257.000000000,0.000000000,0.000000000
point-0000806,1493.182786140,271.147486131,214.639776445,257.000000000,0.000000000,0.000000000
point-0000807,1493.900216245,270.491941499,215.639776445,257.000000000,0.000000000,0.000000000
point-0000808,1496.339478602,274.557378760,215.639776445,257.000000000,0.000000000,0.000000000
point-0000809,1497.056908707,273.901834128,216.639776445,257.000000000,0.000000000,0.000000000
point-0000810,1499.496171064,269.836396866,216.639776445,257.000000000,0.000000000,0.000000000
point-0000811,1500.213601169,269.180852233,217.639776445,257.000000000,0.000000000,0.000000000
point-0000812,1502.652863526,273.246289495,217.639776445,257.000000000,0.000000000,0.000000000
point-0000813,1503.370293631,272.590744862,218.639776445,257.000000000,0.000000000,0.000000000
point-0000814,1505.809555989,268.525307601,218.639776445,257.000000000,0.000000000,0.000000000
point-0000815,1506.526986094,267.869762968,219.639776445,257.000000000,0.000000000,0.000000000
point-0000816,1508.966248451,271.935200230,219.639776445,257.000000000,0.000000000,0.000000000
point-0000817,1509.683678556,271.279655597,220.639776445,257.000000000,0.000000000,0.000000000
point-0000818,1512.122940913,267.214218335,220.639776445,257.000000000,0.000000000,0.000000000
point-0000819,1512.840371018,266.558673702,221.639776445,257.000000000,0.000000000,0.000000000
point-0000820,1515.279633375,270.624110964,221.639776445,257.000000000,0.000000000,0.000000000
point-0000821,1515.997063480,269.968566331,222.639776445,257.000000000,0.000000000,0.000000000
point-0000822,1518.436325837,265.903129070,222.639776445,257.000000000,0.000000000,0.000000000
point-0000823,1519.153755942,265.247584437,223.639776445,257.000000000,0.000000000,0.000000000
point-0000824,1521.593018299,269.313021699,223.639776445,257.000000000,0.000000000,0.000000000
point-0000825,1522.310448404,268.657477066,224.639776445,257.000000000,0.000000000,0.000000000
point-0000826,1524.749710761,264.592039804,224.639776445,257.000000000,0.000000000,0.000000000
point-0000827,1525.467140866,263.936495172,225.639776445,257.000000000,0.000000000,0.000000000
point-0000828,1527.906403223,268.001932433,225.639776445,257.000000000,0.000000000,0.000000000
point-0000829,1528.623833328,267.346387801,226.639776445,257.000000000,0.000000000,0.000000000
point-0000830,1531.063095685,263.280950539,226.639776445,257.000000000,0.000000000,0.000000000
point-0000831,1531.780525790,262.625405906,227.639776445,257.000000000,0.000000000,0.000000000
point-0000832,1534.219788147,266.690843168,227.639776445,257.000000000,0.000000000,0.000000000
point-0000833,1534.937218252,266.035298535,228.639776445,257.000000000,0.000000000,0.000000000
point-0000834,1537.376480609,261.969861274,228.639776445,257.000000000,0.000000000,0.000000000
point-0000835,1538.093910714,261.314316641,229.639776445,257.000000000,0.000000000,0.000000000
point-0000836,1540.533173071,265.379753903,229.639776445,257.000000000,0.000000000,0.000000000
point-0000837,1541.250603176,264.724209270,230.639776445,257.000000000,0.000000000,0.000000000
point-0000838,1543.689865533,260.658772008,230.639776445,257.000000000,0.000000000,0.000000000
point-0000839,1544.407295638,260.003227376,231.639776445,257.000000000,0.000000000,0.000000000
point-0000840,1546.846557995,264.068664637,231.639776445,257.000000000,0.000000000,0.000000000
point-0000841,1547.563988100,263.413120005,232.639776445,257.000000000,0.000000000,0.000000000
point-0000842,1550.003250457,259.347682743,232.639776445,257.000000000,0.000000000,0.000000000
point-0000843,1550.720680562,258.692138110,233.639776445,257.000000000,0.000000000,0.000000000
point-0000844,1553.159942919,262.757575372,233.639776445,257.000000000,0.000000000,0.000000000
point-0000845,1553.877373024,262.102030739,234.639776445,257.000000000,0.000000000,0.000000000
point-0000846,1556.316635381,258.036593477,234.639776445,257.000000000,0.000000000,0.000000000
point-0000847,1557.034065486,257.381048845,235.639776445,257.000000000,0.000000000,0.000000000
point-0000848,1559.473327843,261.446486106,235.639776445,257.000000000,0.000000000,0.000000000
point-0000849,1560.190757948,260.790941474,236.639776445,257.000000000,0.000000000,0.000000000
point-0000850,1562.630020305,256.725504212,236.639776445,257.000000000,0.000000000,0.000000000
point-0000851,1563.347450410,256.069959579,237.639776445,257.000000000,0.000000000,0.000000000
point-0000852,1565.786712767,260.135396841,237.639776445,257.000000000,0.000000000,0.000000000
point-0000853,1566.504142872,259.479852208,238.639776445,257.000000000,0.000000000,0.000000000
point-0000854,1568.943405229,255.414414947,238.639776445,257.000000000,0.000000000,0.000000000
point-0000855,1569.660835334,254.758870314,239.639776445,257.000000000,0.000000000,0.000000000
point-0000856,1572.100097691,258.824307576,239.639776445,257.000000000,0.000000000,0.000000000
point-0000857,1572.817527796,258.168762943,240.639776445,257.000000000,0.000000000,0.000000000
point-0000858,1575.013560226,254.508708892,240.639776445,257.000000000,0.000000000,0.000000000
point-0000859,1576.107963367,256.034158038,241.639776445,257.000000000,0.000000000,0.000000000
point-0000860,1576.995399531,257.513218310,241.639776445,257.000000000,0.000000000,0.000000000
point-0000861,1605.863884441,280.980655622,199.639776445,257.500000000,0.000000000,0.000000000
point-0000862,1606.518182575,282.071152511,199.639776445,257.500000000,0.000000000,0.000000000
point-0000863,1607.612585716,283.596601657,200.639776445,257.500000000,0.000000000,0.000000000
point-0000864,1609.575480116,280.325110989,200.639776445,257.500000000,0.000000000,0.000000000
point-0000865,1610.292910222,279.669566356,201.639776445,257.500000000,0.000000000,0.000000000
point-0000866,1612.732172579,283.735003618,201.639776445,257.500000000,0.000000000,0.000000000
point-0000867,1613.449602684,283.079458985,202.639776445,257.500000000,0.000000000,0.000000000
point-0000868,1615.888865041,279.014021724,202.639776445,257.500000000,0.000000000,0.000000000
point-0000869,1616.606295146,278.358477091,203.639776445,257.500000000,0.000000000,0.000000000
point-0000870,1619.045557503,282.423914353,203.639776445,257.500000000,0.000000000,0.000000000
point-0000871,1619.762987608,281.768369720,204.639776445,257.500000000,0.000000000,0.000000000
point-0000872,1622.202249965,277.702932458,204.639776445,257.500000000,0.000000000,0.000000000
point-0000873,1622.919680070,277.047387826,205.639776445,257.500000000,0.000000000,0.000000000
point-0000874,1625.358942427,281.112825087,205.639776445,257.500000000,0.000000000,0.000000000
point-0000875,1626.076372532,280.457280455,206.639776445,257.500000000,0.000000000,0.000000000
point-0000876,1628.515634889,276.391843193,206.639776445,257.500000000,0.000000000,0.000000000
point-0000877,1629.233064994,275.736298560,207.639776445,257.500000000,0.000000000,0.000000000
point-0000878,1631.672327351,279.801735822,207.639776445,257.500000000,0.000000000,0.000000000
point-0000879,1632.389757456,279.146191189,208.639776445,257.500000000,0.000000000,0.000000000
point-0000880,1634.829019813,275.080753927,208.639776445,257.500000000,0.000000000,0.000000000
point-0000881,1635.546449918,274.425209295,209.639776445,257.500000000,0.000000000,0.000000000
point-0000882,1637.985712275,278.490646556,209.639776445,257.500000000,0.000000000,0.000000000
point-0000883,1638.703142380,277.835101924,210.639776445,257.500000000,0.000000000,0.000000000
point-0000884,1641.142404737,273.769664662,210.639776445,257.500000000,0.000000000,0.000000000
point-0000885,1641.859834842,273.114120029,211.639776445,257.500000000,0.000000000,0.000000000
point-0000886,1644.299097199,277.179557291,211.639776445,257.500000000,0.000000000,0.000000000
point-0000887,1645.016527304,276.524012658,212.639776445,257.500000000,0.000000000,0.000000000
point-0000888,1647.455789661,272.458575397,212.639776445,257.500000000,0.000000000,0.000000000
point-0000889,1648.173219766,271.803030764,213.639776445,257.500000000,0.000000000,0.000000000
point-0000890,1650.612482123,275.868468026,213.639776445,257.500000000,0.000000000,0.000000000
point-0000891,1651.329912228,275.212923393,214.639776445,257.500000000,0.000000000,0.000000000
point-0000892,1653.769174585,271.147486131,214.639776445,257.500000000,0.000000000,0.000000000
point-0000893,1654.486604690,270.491941499,215.639776445,257.500000000,0.000000000,0.000000000
point-0000894,1656.925867047,274.557378760,215.639776445,257.500000000,0.000000000,0.000000000
point-0000895,1657.643297152,273.901834128,216.639776445,257.500000000,0.000000000,0.000000000
point-0000896,1660.082559509,269.836396866,216.639776445,257.500000000,0.000000000,0.000000000
point-0000897,1660.799989614,269.180852233,217.639776445,257.500000000,0.000000000,0.000000000
point-0000898,1663.239251971,273.246289495,217.639776445,257.500000000,0.000000000,0.000000000
point-0000899,1663.956682076,272.590744862,218.639776445,257.500000000,0.000000000,0.000000000
point-0000900,1666.395944433,268.525307601,218.639776445,257.500000000,0.000000000,0.000000000
point-0000901,1667.113374538,267.869762968,219.639776445,257.500000000,0.000000000,0.000000000
point-0000902,1669.552636895,271.935200230,219.639776445,257.500000000,0.000000000,0.000000000
point-0000903,1670.270067000,271.279655597,220.639776445,257.500000000,0.000000000,0.000000000
point-0000904,1672.709329357,267.214218335,220.639776445,257.500000000,0.000000000,0.000000000
point-0000905,1673.426759462,266.558673702,221.639776445,257.500000000,0.000000000,0.000000000
point-0000906,1675.866021819,270.624110964,221.639776445,257.500000000,0.000000000,0.000000000
point-0000907,1676.583451924,269.968566331,222.639776445,257.500000000,0.000000000,0.000000000
point-0000908,1679.022714281,265.903129070,222.639776445,257.500000000,0.000000000,0.000000000
point-0000909,1679.740144386,265.247584437,223.639776445,257.500000000,0.000000000,0.000000000
point-0000910,1682.179406743,269.313021699,223.639776445,257.500000000,0.000000000,0.000000000
point-0000911,1682.896836848,268.657477066,224.639776445,257.500000000,0.000000000,0.000000000
point-0000912,1685.336099205,264.592039804,224.639776445,257.500000000,0.000000000,0.000000000
point-0000913,1686.053529310,263.936495172,225.639776445,257.500000000,0.000000000,0.000000000
point-0000914,1688.492791667,268.001932433,225.639776445,257.500000000,0.000000000,0.000000000
point-0000915,1689.210221772,267.346387801,226.639776445,257.500000000,0.000000000,0.000000000
point-0000916,1691.649484129,263.280950539,226.639776445,257.500000000,0.000000000,0.000000000
point-0000917,1692.366914234,262.625405906,227.639776445,257.500000000,0.000000000,0.000000000
point-0000918,1694.806176591,266.690843168,227.639776445,257.500000000,0.000000000,0.000000000
point-0000919,1695.523606696,266.035298535,228.639776445,257.500000000,0.000000000,0.000000000
point-0000920,1697.962869053,261.969861274,228.639776445,257.500000000,0.000000000,0.000000000
point-0000921,1698.680299158,261.314316641,229.639776445,257.500000000,0.000000000,0.000000000
point-0000922,1701.119561515,265.379753903,229.639776445,257.500000000,0.000000000,0.000000000
point-0000923,1701.836991620,264.724209270,230.639776445,257.500000000,0.000000000,0.000000000
point-0000924,1704.276253977,260.658772008,230.639776445,257.500000000,0.000000000,0.000000000
point-0000925,1704.993684082,260.003227376,231.639776445,257.500000000,0.000000000,0.000000000
point-0000926,1707.432946439,264.068664637,231.639776445,257.500000000,0.000000000,0.000000000
point-0000927,1708.150376544,263.413120005,232.639776445,257.500000000,0.000000000,0.000000000
point-0000928,1710.589638901,259.347682743,232.639776445,257.500000000,0.000000000,0.000000000
point-0000929,1711.307069006,258.692138110,233.639776445,257.500000000,0.000000000,0.000000000
point-0000930,1713.746331363,262.757575372,233.639776445,257.500000000,0.000000000,0.000000000
point-0000931,1714.463761468,262.102030739,234.639776445,257.500000000,0.000000000,0.000000000
point-0000932,1716.903023825,258.036593477,234.639776445,257.500000000,0.000000000,0.000000000
point-0000933,1717.620453930,257.381048845,235.639776445,257.500000000,0.000000000,0.000000000
point-0000934,1720.059716287,261.446486106,235.639776445,257.500000000,0.000000000,0.000000000
point-0000935,1720.777146392,260.790941474,236.639776445,257.500000000,0.000000000,0.000000000
point-0000936,1723.216408749,256.725504212,236.639776445,257.500000000,0.000000000,0.000000000
point-0000937,1723.933838854,256.069959579,237.639776445,257.500000000,0.000000000,0.000000000
point-0000938,1726.373101211,260.135396841,237.639776445,257.500000000,0.000000000,0.000000000
point-0000939,1727.090531316,259.479852208,238.639776445,257.500000000,0.000000000,0.000000000
point-0000940,1729.529793673,255.414414947,238.639776445,257.500000000,0.000000000,0.000000000
point-0000941,1730.247223778,254.758870314,239.639776445,257.500000000,0.000000000,0.000000000
point-0000942,1732.686486135,258.824307576,239.639776445,257.500000000,0.000000000,0.000000000
point-0000943,1733.403916240,258.168762943,240.639776445,257.500000000,0.000000000,0.000000000
point-0000944,1735.599948671,254.508708892,240.639776445,257.500000000,0.000000000,0.000000000
point-0000945,1736.694351811,256.034158038,241.639776445,257.500000000,0.000000000,0.000000000
point-0000946,1737.581787975,257.513218310,241.639776445,257.500000000,0.000000000,0.000000000
point-0000947,1766.450272886,280.980655622,199.639776445,258.000000000,0.000000000,0.000000000
point-0000948,1767.104571019,282.071152511,199.639776445,258.000000000,0.000000000,0.000000000
point-0000949,1768.198974160,283.596601657,200.639776445,258.000000000,0.000000000,0.000000000
point-0000950,1770.161868561,280.325110989,200.639776445,258.000000000,0.000000000,0.000000000
point-0000951,1770.879298666,279.669566356,201.639776445,258.000000000,0.000000000,0.000000000
point-0000952,1773.318561023,283.735003618,201.639776445,258.000000000,0.000000000,0.000000000
point-0000953,1774.035991128,283.079458985,202.639776445,258.000000000,0.000000000,0.000000000
point-0000954,1776.475253485,279.014021724,202.639776445,258.000000000,0.000000000,0.000000000
point-0000955,1777.192683590,278.358477091,203.639776445,258.000000000,0.000000000,0.000000000
point-0000956,1779.631945947,282.423914353,203.639776445,258.000000000,0.000000000,0.000000000
point-0000957,1780.349376052,281.768369720,204.639776445,258.000000000,0.000000000,0.000000000
point-0000958,1782.788638409,277.702932458,204.639776445,258.000000000,0.000000000,0.000000000
point-0000959,1783.506068514,277.047387826,205.639776445,258.000000000,0.000000000,0.000000000
point-0000960,1785.945330871,281.112825087,205.639776445,258.000000000,0.000000000,0.000000000
point-0000961,1786.662760976,280.457280455,206.639776445,258.000000000,0.000000000,0.000000000
point-0000962,1789.102023333,276.391843193,206.639776445,258.000000000,0.000000000,0.000000000
point-0000963,1789.819453438,275.736298560,207.639776445,258.000000000,0.000000000,0.000000000
point-0000964,1792.258715795,279.801735822,207.639776445,258.000000000,0.000000000,0.000000000
point-0000965,1792.976145900,279.146191189,208.639776445,258.000000000,0.000000000,0.000000000
point-0000966,1795.415408257,275.080753927,208.639776445,258.000000000,0.000000000,0.000000000
point-0000967,1796.132838362,274.425209295,209.639776445,258.000000000,0.000000000,0.000000000
point-0000968,1798.572100719,278.490646556,209.639776445,258.000000000,0.000000000,0.000000000
point-0000969,1799.289530824,277.835101924,210.639776445,258.000000000,0.000000000,0.000000000
point-0000970,1801.728793181,273.769664662,210.639776445,258.000000000,0.000000000,0.000000000
point-0000971,1802.446223286,273.114120029,211.639776445,258.000000000,0.000000000,0.000000000
point-0000972,1804.885485643,277.179557291,211.639776445,258.000000000,0.000000000,0.000000000
point-0000973,1805.602915748,276.524012658,212.639776445,258.000000000,0.000000000,0.000000000
point-0000974,1808.042178105,272.458575397,212.639776445,258.000000000,0.000000000,0.000000000
point-0000975,1808.759608210,271.803030764,213.639776445,258.000000000,0.000000000,0.000000000
point-0000976,1811.198870567,275.868468026,213.639776445,258.000000000,0.000000000,0.000000000
point-0000977,1811.916300672,275.212923393,214.639776445,258.000000000,0.000000000,0.000000000
point-0000978,1814.355563029,271.147486131,214.639776445,258.000000000,0.000000000,0.000000000
point-0000979,1815.072993134,270.491941499,215.639776445,258.000000000,0.000000000,0.000000000
point-0000980,1817.512255491,274.557378760,215.639776445,258.000000000,0.000000000,0.000000000
point-0000981,1818.229685596,273.901834128,216.639776445,258.000000000,0.000000000,0.000000000
point-0000982,1820.668947953,269.836396866,216.639776445,258.000000000,0.000000000,0.000000000
point-0000983,1821.386378058,269.180852233,217.639776445,258.000000000,0.000000000,0.000000000
point-0000984,1823.825640415,273.246289495,217.639776445,258.000000000,0.000000000,0.000000000
point-0000985,1824.543070520,272.590744862,218.639776445,258.000000000,0.000000000,0.000000000
point-0000986,1826.982332877,268.525307601,218.639776445,258.000000000,0.000000000,0.000000000
point-0000987,1827.699762982,267.869762968,219.639776445,258.000000000,0.000000000,0.000000000
point-0000988,1830.139025339,271.935200230,219.639776445,258.000000000,0.000000000,0.000000000
point-0000989,1830.856455444,271.279655597,220.639776445,258.000000000,0.000000000,0.000000000
point-0000990,1833.295717801,267.214218335,220.639776445,258.000000000,0.000000000,0.000000000
point-0000991,1834.013147906,266.558673702,221.639776445,258.000000000,0.000000000,0.000000000
point-0000992,1836.452410263,270.624110964,221.639776445,258.000000000,0.000000000,0.000000000
point-0000993,1837.169840368,269.968566331,222.639776445,258.000000000,0.000000000,0.000000000
point-0000994,1839.609102725,265.903129070,222.639776445,258.000000000,0.000000000,0.000000000
point-0000995,1840.326532830,265.247584437,223.639776445,258.000000000,0.000000000,0.000000000
point-0000996,1842.765795187,269.313021699,223.639776445,258.000000000,0.000000000,0.000000000
point-0000997,1843.483225292,268.657477066,224.639776445,258.000000000,0.000000000,0.000000000
point-0000998,1845.922487649,264.592039804,224.639776445,258.000000000,0.000000000,0.000000000
point-0000999,1846.639917754,263.936495172,225.639776445,258.000000000,0.000000000,0.000000000
point-0001000,1849.079180111,268.001932433,225.639776445,258.000000000,0.000000000,0.000000000
point-0001001,1849.796610216,267.346387801,226.639776445,258.000000000,0.000000000,0.000000000
point-0001002,1852.235872573,263.280950539,226.639776445,258.000000000,0.000000000,0.000000000
point-0001003,1852.953302678,262.625405906,227.639776445,258.000000000,0.000000000,0.000000000
point-0001004,1855.392565035,266.690843168,227.639776445,258.000000000,0.000000000,0.000000000
point-0001005,1856.109995140,266.035298535,228.639776445,258.000000000,0.000000000,0.000000000
point-0001006,1858.549257497,261.969861274,228.639776445,258.000000000,0.000000000,0.000000000
point-0001007,1859.266687602,261.314316641,229.639776445,258.000000000,0.000000000,0.000000000
point-0001008,1861.705949959,265.379753903,229.639776445,258.000000000,0.000000000,0.000000000
point-0001009,1862.423380064,264.724209270,230.639776445,258.000000000,0.000000000,0.000000000
point-0001010,1864.862642421,260.658772008,230.639776445,258.000000000,0.000000000,0.000000000
point-0001011,1865.580072526,260.003227376,231.639776445,258.000000000,0.000000000,0.000000000
point-0001012,1868.019334883,264.068664637,231.639776445,258.000000000,0.000000000,0.000000000
point-0001013,1868.736764988,263.413120005,232.639776445,258.000000000,0.000000000,0.000000000
point-0001014,1871.176027345,259.347682743,232.639776445,258.000000000,0.000000000,0.000000000
point-0001015,1871.893457450,258.692138110,233.639776445,258.000000000,0.000000000,0.000000000
point-0001016,1874.332719807,262.757575372,233.639776445,258.000000000,0.000000000,0.000000000
point-0001017,1875.050149912,262.102030739,234.639776445,258.000000000,0.000000000,0.000000000
point-0001018,1877.489412269,258.036593477,234.639776445,258.000000000,0.000000000,0.000000000
point-0001019,1878.206842374,257.381048845,235.639776445,258.000000000,0.000000000,0.000000000
point-0001020,1880.646104731,261.446486106,235.639776445,258.000000000,0.000000000,0.000000000
point-0001021,1881.363534836,260.790941474,236.639776445,258.000000000,0.000000000,0.000000000
point-0001022,1883.802797193,256.725504212,236.639776445,258.000000000,0.000000000,0.000000000
point-0001023,1884.520227298,256.069959579,237.639776445,258.000000000,0.000000000,0.000000000
point-0001024,1886.959489655,260.135396841,237.639776445,258.000000000,0.000000000,0.000000000
point-0001025,1887.676919760,259.479852208,238.639776445,258.000000000,0.000000000,0.000000000
point-0001026,1890.116182117,255.414414947,238.639776445,258.000000000,0.000000000,0.000000000
point-0001027,1890.833612222,254.758870314,239.639776445,258.000000000,0.000000000,0.000000000
point-0001028,1893.272874579,258.824307576,239.639776445,258.000000000,0.000000000,0.000000000
point-0001029,1893.990304684,258.168762943,240.639776445,258.000000000,0.000000000,0.000000000
point-0001030,1896.186337115,254.508708892,240.639776445,258.000000000,0.000000000,0.000000000
point-0001031,1897.280740256,256.034158038,241.639776445,258.000000000,0.000000000,0.000000000
point-0001032,1898.168176419,257.513218310,241.639776445,258.000000000,0.000000000,0.000000000
point-0001033,1927.036661330,280.980655622,199.639776445,258.500000000,0.000000000,0.000000000
point-0001034,1927.690959463,282.071152511,199.639776445,258.500000000,0.000000000,0.000000000
point-0001035,1928.785362604,283.596601657,200.639776445,258.500000000,0.000000000,0.000000000
point-0001036,1930.748257005,280.325110989,200.639776445,258.500000000,0.000000000,0.000000000
point-0001037,1931.465687110,279.669566356,201.639776445,258.500000000,0.000000000,0.000000000
point-0001038,1933.904949467,283.735003618,201.639776445,258.500000000,0.000000000,0.000000000
point-0001039,1934.622379572,283.079458985,202.639776445,258.500000000,0.000000000,0.000000000
point-0001040,1937.061641929,279.014021724,202.639776445,258.500000000,0.000000000,0.000000000
point-0001041,1937.779072034,278.358477091,203.639776445,258.500000000,0.000000000,0.000000000
point-0001042,1940.218334391,282.423914353,203.639776445,258.500000000,0.000000000,0.000000000
point-0001043,1940.935764496,281.768369720,204.639776445,258.500000000,0.000000000,0.000000000
point-0001044,1943.375026853,277.702932458,204.639776445,258.500000000,0.000000000,0.000000000
point-0001045,1944.092456958,277.047387826,205.639776445,258.500000000,0.000000000,0.000000000
point-0001046,1946.531719315,281.112825087,205.639776445,258.500000000,0.000000000,0.000000000
point-0001047,1947.249149420,280.457280455,206.639776445,258.500000000,0.000000000,0.000000000
point-0001048,1949.688411777,276.391843193,206.639776445,258.500000000,0.000000000,0.000000000
point-0001049,1950.405841882,275.736298560,207.639776445,258.500000000,0.000000000,0.000000000
point-0001050,1952.845104239,279.801735822,207.639776445,258.500000000,0.000000000,0.000000000
point-0001051,1953.562534344,279.146191189,208.639776445,258.500000000,0.000000000,0.000000000
point-0001052,1956.001796701,275.080753927,208.639776445,258.500000000,0.000000000,0.000000000
point-0001053,1956.719226806,274.425209295,209.639776445,258.500000000,0.000000000,0.000000000
point-0001054,1959.158489163,278.490646556,209.639776445,258.500000000,0.000000000,0.000000000
point-0001055,1959.875919268,277.835101924,210.639776445,258.500000000,0.000000000,0.000000000
point-0001056,1962.315181625,273.769664662,210.639776445,258.500000000,0.000000000,0.000000000
point-0001057,1963.032611730,273.114120029,211.639776445,258.500000000,0.000000000,0.000000000
point-0001058,1965.471874087,277.179557291,211.639776445,258.500000000,0.000000000,0.000000000
point-0001059,1966.189304192,276.524012658,212.639776445,258.500000000,0.000000000,0.000000000
point-0001060,1968.628566549,272.458575397,212.639776445,258.500000000,0.000000000,0.000000000
point-0001061,1969.345996654,271.803030764,213.639776445,258.500000000,0.000000000,0.000000000
point-0001062,1971.785259011,275.868468026,213.639776445,258.500000000,0.000000000,0.000000000
point-0001063,1972.502689116,275.212923393,214.639776445,258.500000000,0.000000000,0.000000000
point-0001064,1974.941951473,271.147486131,214.639776445,258.500000000,0.000000000,0.000000000
point-0001065,1975.659381578,270.491941499,215.639776445,258.500000000,0.000000000,0.000000000
point-0001066,1978.098643935,274.557378760,215.639776445,258.500000000,0.000000000,0.000000000
point-0001067,1978.816074040,273.901834128,216.639776445,258.500000000,0.000000000,0.000000000
point-0001068,1981.255336397,269.836396866,216.639776445,258.500000000,0.000000000,0.000000000
point-0001069,1981.972766502,269.180852233,217.639776445,258.500000000,0.000000000,0.000000000
point-0001070,1984.412028859,273.246289495,217.639776445,258.500000000,0.000000000,0.000000000
point-0001071,1985.129458964,272.590744862,218.639776445,258.500000000,0.000000000,0.000000000
point-0001072,1987.568721321,268.525307601,218.639776445,258.500000000,0.000000000,0.000000000
point-0001073,1988.286151426,267.869762968,219.639776445,258.500000000,0.000000000,0.000000000
point-0001074,1990.725413783,271.935200230,219.639776445,258.500000000,0.000000000,0.000000000
point-0001075,1991.442843888,271.279655597,220.639776445,258.500000000,0.000000000,0.000000000
point-0001076,1993.882106245,267.214218335,220.639776445,258.500000000,0.000000000,0.000000000
point-0001077,1994.599536350,266.558673702,221.639776445,258.500000000,0.000000000,0.000000000
point-0001078,1997.038798707,270.624110964,221.639776445,258.500000000,0.000000000,0.000000000
point-0001079,1997.756228812,269.968566331,222.639776445,258.500000000,0.000000000,0.000000000
point-0001080,2000.195491169,265.903129070,222.639776445,258.500000000,0.000000000,0.000000000
point-0001081,2000.912921274,265.247584437,223.639776445,258.500000000,0.000000000,0.000000000
point-0001082,2003.352183631,269.313021699,223.639776445,258.500000000,0.000000000,0.000000000
point-0001083,2004.069613736,268.657477066,224.639776445,258.500000000,0.000000000,0.000000000
point-0001084,2006.508876093,264.592039804,224.639776445,258.500000000,0.000000000,0.000000000
point-0001085,2007.226306198,263.936495172,225.639776445,258.500000000,0.000000000,0.000000000
point-0001086,2009.665568555,268.001932433,225.639776445,258.500000000,0.000000000,0.000000000
point-0001087,2010.382998660,267.346387801,226.639776445,258.500000000,0.000000000,0.000000000
point-0001088,2012.822261017,263.280950539,226.639776445,258.500000000,0.000000000,0.000000000
point-0001089,2013.539691122,262.625405906,227.639776445,258.500000000,0.000000000,0.000000000
point-0001090,2015.978953479,266.690843168,227.639776445,258.500000000,0.000000000,0.000000000
point-0001091,2016.696383584,266.035298535,228.639776445,258.500000000,0.000000000,0.000000000
point-0001092,2019.135645941,261.969861274,228.639776445,258.500000000,0.000000000,0.000000000
point-0001093,2019.853076046,261.314316641,229.639776445,258.500000000,0.000000000,0.000000000
point-0001094,2022.292338403,265.379753903,229.639776445,258.500000000,0.000000000,0.000000000
point-0001095,2023.009768508,264.724209270,230.639776445,258.500000000,0.000000000,0.000000000
point-0001096,2025.449030865,260.658772008,230.639776445,258.500000000,0.000000000,0.000000000
point-0001097,2026.166460970,260.003227376,231.639776445,258.500000000,0.000000000,0.000000000
point-0001098,2028.605723327,264.068664637,231.639776445,258.500000000,0.000000000,0.000000000
point-0001099,2029.323153432,263.413120005,232.639776445,258.500000000,0.000000000,0.000000000
point-0001100,2031.762415789,259.347682743,232.639776445,258.500000000,0.000000000,0.000000000
point-0001101,2032.479845894,258.692138110,233.639776445,258.500000000,0.000000000,0.000000000
point-0001102,2034.919108251,262.757575372,233.639776445,258.500000000,0.000000000,0.000000000
point-0001103,2035.636538356,262.102030739,234.639776445,258.500000000,0.000000000,0.000000000
point-0001104,2038.075800713,258.036593477,234.639776445,258.500000000,0.000000000,0.000000000
point-0001105,2038.793230818,257.381048845,235.639776445,258.500000000,0.000000000,0.000000000
point-0001106,2041.232493175,261.446486106,235.639776445,258.500000000,0.000000000,0.000000000
point-0001107,2041.949923280,260.790941474,236.639776445,258.500000000,0.000000000,0.000000000
point-0001108,2044.389185637,256.725504212,236.639776445,258.500000000,0.000000000,0.000000000
point-0001109,2045.106615742,256.069959579,237.639776445,258.500000000,0.000000000,0.000000000
point-0001110,2047.545878099,260.135396841,237.639776445,258.500000000,0.000000000,0.000000000
point-0001111,2048.263308204,259.479852208,238.639776445,258.500000000,0.000000000,0.000000000
point-0001112,2050.702570561,255.414414947,238.639776445,258.500000000,0.000000000,0.000000000
point-0001113,2051.420000666,254.758870314,239.639776445,258.500000000,0.000000000,0.000000000
point-0001114,2053.859263023,258.824307576,239.639776445,258.500000000,0.000000000,0.000000000
point-0001115,2054.576693128,258.168762943,240.639776445,258.500000000,0.000000000,0.000000000
point-0001116,2056.772725559,254.508708892,240.639776445,258.500000000,0.000000000,0.000000000
point-0001117,2057.867128700,256.034158038,241.639776445,258.500000000,0.000000000,0.000000000
point-0001118,2058.754564863,257.513218310,241.639776445,258.500000000,0.000000000,0.000000000
point-0001119,2087.623049774,280.980655622,199.639776445,259.000000000,0.000000000,0.000000000
point-0001120,2088.277347907,282.071152511,199.639776445,259.000000000,0.000000000,0.000000000
point-0001121,2089.371751048,283.596601657,200.639776445,259.000000000,0.000000000,0.000000000
point-0001122,2091.334645449,280.325110989,200.639776445,259.000000000,0.000000000,0.000000000
point-0001123,2092.052075554,279.669566356,201.639776445,259.000000000,0.000000000,0.000000000
point-0001124,2094.491337911,283.735003618,201.639776445,259.000000000,0.000000000,0.000000000
point-0001125,2095.208768016,283.079458985,202.639776445,259.000000000,0.000000000,0.000000000
point-0001126,2097.648030373,279.014021724,202.639776445,259.000000000,0.000000000,0.000000000
point-0001127,2098.365460478,278.358477091,203.639776445,259.000000000,0.000000000,0.000000000
point-0001128,2100.804722835,282.423914353,203.639776445,259.000000000,0.000000000,0.000000000
point-0001129,2101.522152940,281.768369720,204.639776445,259.000000000,0.000000000,0.000000000
point-0001130,2103.961415297,277.702932458,204.639776445,259.000000000,0.000000000,0.000000000
point-0001131,2104.678845402,277.047387826,205.639776445,259.000000000,0.000000000,0.000000000
point-0001132,2107.118107759,281.112825087,205.639776445,259.000000000,0.000000000,0.000000000
point-0001133,2107.835537864,280.457280455,206.639776445,259.000000000,0.000000000,0.000000000
point-0001134,2110.274800221,276.391843193,206.639776445,259.000000000,0.000000000,0.000000000
point-0001135,2110.992230326,275.736298560,207.639776445,259.000000000,0.000000000,0.000000000
point-0001136,2113.431492683,279.801735822,207.639776445,259.000000000,0.000000000,0.000000000
point-0001137,2114.148922788,279.146191189,208.639776445,259.000000000,0.000000000,0.000000000
point-0001138,2116.588185145,275.080753927,208.639776445,259.000000000,0.000000000,0.000000000
point-0001139,2117.305615250,274.425209295,209.639776445,259.000000000,0.000000000,0.000000000
point-0001140,2119.744877607,278.490646556,209.639776445,259.000000000,0.000000000,0.000000000
point-0001141,2120.462307712,277.835101924,210.639776445,259.000000000,0.000000000,0.000000000
point-0001142,2122.901570069,273.769664662,210.639776445,259.000000000,0.000000000,0.000000000
point-0001143,2123.619000174,273.114120029,211.639776445,259.000000000,0.000000000,0.000000000
point-0001144,2126.058262531,277.179557291,211.639776445,259.000000000,0.000000000,0.000000000
point-0001145,2126.775692636,276.524012658,212.639776445,259.000000000,0.000000000,0.000000000
point-0001146,2129.214954993,272.458575397,212.639776445,259.000000000,0.000000000,0.000000000
point-0001147,2129.932385098,271.803030764,213.639776445,259.000000000,0.000000000,0.000000000
point-0001148,2132.371647455,275.868468026,213.639776445,259.000000000,0.000000000,0.000000000
point-0001149,2133.089077560,275.212923393,214.639776445,259.000000000,0.000000000,0.000000000
point-0001150,2135.528339917,271.147486131,214.639776445,259.000000000,0.000000000,0.000000000
point-0001151,2136.245770022,270.491941499,215.639776445,259.000000000,0.000000000,0.000000000
point-0001152,2138.685032379,274.557378760,215.639776445,259.000000000,0.000000000,0.000000000
point-0001153,2139.402462484,273.901834128,216.639776445,259.000000000,0.000000000,0.000000000
point-0001154,2141.841724841,269.836396866,216.639776445,259.000000000,0.000000000,0.000000000
point-0001155,2142.559154946,269.180852233,217.639776445,259.000000000,0.000000000,0.000000000
point-0001156,2144.998417303,273.246289495,217.639776445,259.000000000,0.000000000,0.000000000
point-0001157,2145.715847408,272.590744862,218.639776445,259.000000000,0.000000000,0.000000000
point-0001158,2148.155109765,268.525307601,218.639776445,259.000000000,0.000000000,0.000000000
point-0001159,2148.872539870,267.869762968,219.639776445,259.000000000,0.000000000,0.000000000
point-0001160,2151.311802227,271.935200230,219.639776445,259.000000000,0.000000000,0.000000000
point-0001161,2152.029232332,271.279655597,220.639776445,259.000000000,0.000000000,0.000000000
point-0001162,2154.468494689,267.214218335,220.639776445,259.000000000,0.000000000,0.000000000
point-0001163,2155.185924794,266.558673702,221.639776445,259.000000000,0.000000000,0.000000000
point-0001164,2157.625187151,270.624110964,221.639776445,259.000000000,0.000000000,0.000000000
point-0001165,2158.342617256,269.968566331,222.639776445,259.000000000,0.000000000,0.000000000
point-0001166,2160.781879613,265.903129070,222.639776445,259.000000000,0.000000000,0.000000000
point-0001167,2161.499309718,265.247584437,223.639776445,259.000000000,0.000000000,0.000000000
point-0001168,2163.938572075,269.313021699,223.639776445,259.000000000,0.000000000,0.000000000
point-0001169,2164.656002180,268.657477066,224.639776445,259.000000000,0.000000000,0.000000000
point-0001170,2167.095264537,264.592039804,224.639776445,259.000000000,0.000000000,0.000000000
point-0001171,2167.812694642,263.936495172,225.639776445,259.000000000,0.000000000,0.000000000
point-0001172,2170.251956999,268.001932433,225.639776445,259.000000000,0.000000000,0.000000000
point-0001173,2170.969387104,267.346387801,226.639776445,259.000000000,0.000000000,0.000000000
point-0001174,2173.408649461,263.280950539,226.639776445,259.000000000,0.000000000,0.000000000
point-0001175,2174.126079566,262.625405906,227.639776445,259.000000000,0.000000000,0.000000000
point-0001176,2176.565341923,266.690843168,227.639776445,259.000000000,0.000000000,0.000000000
point-0001177,2177.282772028,266.035298535,228.639776445,259.000000000,0.000000000,0.000000000
point-0001178,2179.722034385,261.969861274,228.639776445,259.000000000,0.000000000,0.000000000
point-0001179,2180.439464490,261.314316641,229.639776445,259.000000000,0.000000000,0.000000000
point-0001180,2182.878726847,265.379753903,229.639776445,259.000000000,0.000000000,0.000000000
point-0001181,2183.596156952,264.724209270,230.639776445,259.000000000,0.000000000,0.000000000
point-0001182,2186.035419309,260.658772008,230.639776445,259.000000000,0.000000000,0.000000000
point-0001183,2186.752849414,260.003227376,231.639776445,259.000000000,0.000000000,0.000000000
point-0001184,2189.192111771,264.068664637,231.639776445,259.000000000,0.000000000,0.000000000
point-0001185,2189.909541876,263.413120005,232.639776445,259.000000000,0.000000000,0.000000000
point-0001186,2192.348804233,259.347682743,232.639776445,259.000000000,0.000000000,0.000000000
point-0001187,2193.066234338,258.692138110,233.639776445,259.000000000,0.000000000,0.000000000
point-0001188,2195.505496695,262.757575372,233.639776445,259.000000000,0.000000000,0.000000000
point-0001189,2196.222926800,262.102030739,234.639776445,259.000000000,0.000000000,0.000000000
point-0001190,2198.662189157,258.036593477,234.639776445,259.000000000,0.000000000,0.000000000
point-0001191,2199.379619262,257.381048845,235.639776445,259.000000000,0.000000000,0.000000000
point-0001192,2201.818881619,261.446486106,235.639776445,259.000000000,0.000000000,0.000000000
point-0001193,2202.536311724,260.790941474,236.639776445,259.000000000,0.000000000,0.000000000
point-0001194,2204.975574081,256.725504212,236.639776445,259.000000000,0.000000000,0.000000000
point-0001195,2205.693004186,256.069959579,237.639776445,259.000000000,0.000000000,0.000000000
point-0001196,2208.132266543,260.135396841,237.639776445,259.000000000,0.000000000,0.000000000
point-0001197,2208.849696648,259.479852208,238.639776445,259.000000000,0.000000000,0.000000000
point-0001198,2211.288959005,255.414414947,238.639776445,259.000000000,0.000000000,0.000000000
point-0001199,2212.006389110,254.758870314,239.639776445,259.000000000,0.000000000,0.000000000
point-0001200,2214.445651467,258.824307576,239.639776445,259.000000000,0.000000000,0.000000000
point-0001201,2215.163081572,258.168762943,240.639776445,259.000000000,0.000000000,0.000000000
point-0001202,2217.359114003,254.508708892,240.639776445,259.000000000,0.000000000,0.000000000
point-0001203,2218.453517144,256.034158038,241.639776445,259.000000000,0.000000000,0.000000000
point-0001204,2219.340953307,257.513218310,241.639776445,259.000000000,0.000000000,0.000000000
point-0001205,2248.209438218,280.980655622,199.639776445,259.500000000,0.000000000,0.000000000
point-0001206,2248.863736352,282.071152511,199.639776445,259.500000000,0.000000000,0.000000000
point-0001207,2249.958139492,283.596601657,200.639776445,259.500000000,0.000000000,0.000000000
point-0001208,2251.921033893,280.325110989,200.639776445,259.500000000,0.000000000,0.000000000
point-0001209,2252.638463998,279.669566356,201.639776445,259.500000000,0.000000000,0.000000000
point-0001210,2255.077726355,283.735003618,201.639776445,259.500000000,0.000000000,0.000000000
point-0001211,2255.795156460,283.079458985,202.639776445,259.500000000,0.000000000,0.000000000
point-0001212,2258.234418817,279.014021724,202.639776445,259.500000000,0.000000000,0.000000000
point-0001213,2258.951848922,278.358477091,203.639776445,259.500000000,0.000000000,0.000000000
point-0001214,2261.391111279,282.423914353,203.639776445,259.500000000,0.000000000,0.000000000
point-0001215,2262.108541384,281.768369720,204.639776445,259.500000000,0.000000000,0.000000000
point-0001216,2264.547803741,277.702932458,204.639776445,259.500000000,0.000000000,0.000000000
point-0001217,2265.265233846,277.047387826,205.639776445,259.500000000,0.000000000,0.000000000
point-0001218,2267.704496203,281.112825087,205.639776445,259.500000000,0.000000000,0.000000000
point-0001219,2268.421926308,280.457280455,206.639776445,259.500000000,0.000000000,0.000000000
point-0001220,2270.861188665,276.391843193,206.639776445,259.500000000,0.000000000,0.000000000
point-0001221,2271.578618770,275.736298560,207.639776445,259.500000000,0.000000000,0.000000000
point-0001222,2274.017881127,279.801735822,207.639776445,259.500000000,0.000000000,0.000000000
point-0001223,2274.735311232,279.146191189,208.639776445,259.500000000,0.000000000,0.000000000
point-0001224,2277.174573589,275.080753927,208.639776445,259.500000000,0.000000000,0.000000000
point-0001225,2277.892003694,274.425209295,209.639776445,259.500000000,0.000000000,0.000000000
point-0001226,2280.331266051,278.490646556,209.639776445,259.500000000,0.000000000,0.000000000
point-0001227,2281.048696156,277.835101924,210.639776445,259.500000000,0.000000000,0.000000000
point-0001228,2283.487958513,273.769664662,210.639776445,259.500000000,0.000000000,0.000000000
point-0001229,2284.205388618,273.114120029,211.639776445,259.500000000,0.000000000,0.000000000
point-0001230,2286.644650975,277.179557291,211.639776445,259.500000000,0.000000000,0.000000000
point-0001231,2287.362081080,276.524012658,212.639776445,259.500000000,0.000000000,0.000000000
point-0001232,2289.801343437,272.458575397,212.639776445,259.500000000,0.000000000,0.000000000
point-0001233,2290.518773542,271.803030764,213.639776445,259.500000000,0.000000000,0.000000000
point-0001234,2292.958035899,275.868468026,213.639776445,259.500000000,0.000000000,0.000000000
point-0001235,2293.675466004,275.212923393,214.639776445,259.500000000,0.000000000,0.000000000
point-0001236,2296.114728361,271.147486131,214.639776445,259.500000000,0.000000000,0.000000000
point-0001237,2296.832158466,270.491941499,215.639776445,259.500000000,0.000000000,0.000000000
point-0001238,2299.271420823,274.557378760,215.639776445,259.500000000,0.000000000,0.000000000
point-0001239,2299.988850928,273.901834128,216.639776445,259.500000000,0.000000000,0.000000000
point-0001240,2302.428113285,269.836396866,216.639776445,259.500000000,0.000000000,0.000000000
point-0001241,2303.145543390,269.180852233,217.639776445,259.500000000,0.000000000,0.000000000
point-0001242,2305.584805747,273.246289495,217.639776445,259.500000000,0.000000000,0.000000000
point-0001243,2306.302235852,272.590744862,218.639776445,259.500000000,0.000000000,0.000000000
point-0001244,2308.741498209,268.525307601,218.639776445,259.500000000,0.000000000,0.000000000
point-0001245,2309.458928314,267.869762968,219.639776445,259.500000000,0.000000000,0.000000000
point-0001246,2311.898190671,271.935200230,219.639776445,259.500000000,0.000000000,0.000000000
point-0001247,2312.615620776,271.279655597,220.639776445,259.500000000,0.000000000,0.000000000
point-0001248,2315.054883133,267.214218335,220.639776445,259.500000000,0.000000000,0.000000000
point-0001249,2315.772313238,266.558673702,221.639776445,259.500000000,0.000000000,0.000000000
point-0001250,2318.211575595,270.624110964,221.639776445,259.500000000,0.000000000,0.000000000
point-0001251,2318.929005700,269.968566331,222.639776445,259.500000000,0.000000000,0.000000000
point-0001252,2321.368268057,265.903129070,222.639776445,259.500000000,0.000000000,0.000000000
point-0001253,2322.085698162,265.247584437,223.639776445,259.500000000,0.000000000,0.000000000
point-0001254,2324.524960519,269.313021699,223.639776445,259.500000000,0.000000000,0.000000000
point-0001255,2325.242390624,268.657477066,224.639776445,259.500000000,0.000000000,0.000000000
point-0001256,2327.681652981,264.592039804,224.639776445,259.500000000,0.000000000,0.000000000
point-0001257,2328.399083086,263.936495172,225.639776445,259.500000000,0.000000000,0.000000000
point-0001258,2330.838345443,268.001932433,225.639776445,259.500000000,0.000000000,0.000000000
point-0001259,2331.555775548,267.346387801,226.639776445,259.500000000,0.000000000,0.000000000
point-0001260,2333.995037905,263.280950539,226.639776445,259.500000000,0.000000000,0.000000000
point-0001261,2334.712468010,262.625405906,227.639776445,259.500000000,0.000000000,0.000000000
point-0001262,2337.151730367,266.690843168,227.639776445,259.500000000,0.000000000,0.000000000
point-0001263,2337.869160472,266.035298535,228.639776445,259.500000000,0.000000000,0.000000000
point-0001264,2340.308422829,261.969861274,228.639776445,259.500000000,0.000000000,0.000000000
point-0001265,2341.025852934,261.314316641,229.639776445,259.500000000,0.000000000,0.000000000
point-0001266,2343.465115291,265.379753903,229.639776445,259.500000000,0.000000000,0.000000000
point-0001267,2344.182545396,264.724209270,230.639776445,259.500000000,0.000000000,0.000000000
point-0001268,2346.621807753,260.658772008,230.639776445,259.500000000,0.000000000,0.000000000
point-0001269,2347.339237858,260.003227376,231.639776445,259.500000000,0.000000000,0.000000000
point-0001270,2349.778500215,264.068664637,231.639776445,259.500000000,0.000000000,0.000000000
point-0001271,2350.495930320,263.413120005,232.639776445,259.500000000,0.000000000,0.000000000
point-0001272,2352.935192677,259.347682743,232.639776445,259.500000000,0.000000000,0.000000000
point-0001273,2353.652622782,258.692138110,233.639776445,259.500000000,0.000000000,0.000000000
point-0001274,2356.091885139,262.757575372,233.639776445,259.500000000,0.000000000,0.000000000
point-0001275,2356.809315244,262.102030739,234.639776445,259.500000000,0.000000000,0.000000000
point-0001276,2359.248577601,258.036593477,234.639776445,259.500000000,0.000000000,0.000000000
point-0001277,2359.966007706,257.381048845,235.639776445,259.500000000,0.000000000,0.000000000
point-0001278,2362.405270063,261.446486106,235.639776445,259.500000000,0.000000000,0.000000000
point-0001279,2363.122700168,260.790941474,236.639776445,259.500000000,0.000000000,0.000000000
point-0001280,2365.561962525,256.725504212,236.639776445,259.500000000,0.000000000,0.000000000
point-0001281,2366.279392630,256.069959579,237.639776445,259.500000000,0.000000000,0.000000000
point-0001282,2368.718654987,260.135396841,237.639776445,259.500000000,0.000000000,0.000000000
point-0001283,2369.436085092,259.479852208,238.639776445,259.500000000,0.000000000,0.000000000
point-0001284,2371.875347449,255.414414947,238.639776445,259.500000000,0.000000000,0.000000000
point-0001285,2372.592777554,254.758870314,239.639776445,259.500000000,0.000000000,0.000000000
point-0001286,2375.032039911,258.824307576,239.639776445,259.500000000,0.000000000,0.000000000
point-0001287,2375.749470016,258.168762943,240.639776445,259.500000000,0.000000000,0.000000000
point-0001288,2377.945502447,254.508708892,240.639776445,259.500000000,0.000000000,0.000000000
point-0001289,2379.039905588,256.034158038,241.639776445,259.500000000,0.000000000,0.000000000
point-0001290,2379.927341752,257.513218310,241.639776445,259.500000000,0.000000000,0.000000000
point-0001291,2408.795826662,280.980655622,199.639776445,260.000000000,0.000000000,0.000000000
point-0001292,2409.450124796,282.071152511,199.639776445,260.000000000,0.000000000,0.000000000
point-0001293,2410.544527937,283.596601657,200.639776445,260.000000000,0.000000000,0.000000000
point-0001294,2412.507422337,280.325110989,200.639776445,260.000000000,0.000000000,0.000000000
point-0001295,2413.224852442,279.669566356,201.639776445,260.000000000,0.000000000,0.000000000
point-0001296,2415.664114799,283.735003618,201.639776445,260.000000000,0.000000000,0.000000000
point-0001297,2416.381544904,283.079458985,202.639776445,260.000000000,0.000000000,0.000000000
point-0001298,2418.820807261,279.014021724,202.639776445,260.000000000,0.000000000,0.000000000
point-0001299,2419.538237366,278.358477091,203.639776445,260.000000000,0.000000000,0.000000000
point-0001300,2421.977499723,282.423914353,203.639776445,260.000000000,0.000000000,0.000000000
point-0001301,2422.694929828,281.768369720,204.639776445,260.000000000,0.000000000,0.000000000
point-0001302,2425.134192185,277.702932458,204.639776445,260.000000000,0.000000000,0.000000000
point-0001303,2425.851622290,277.047387826,205.639776445,260.000000000,0.000000000,0.000000000
point-0001304,2428.290884647,281.112825087,205.639776445,260.000000000,0.000000000,0.000000000
point-0001305,2429.008314752,280.457280455,206.639776445,260.000000000,0.000000000,0.000000000
point-0001306,2431.447577109,276.391843193,206.639776445,260.000000000,0.000000000,0.000000000
point-0001307,2432.165007214,275.736298560,207.639776445,260.000000000,0.000000000,0.000000000
point-0001308,2434.604269571,279.801735822,207.639776445,260.000000000,0.000000000,0.000000000
point-0001309,2435.321699676,279.146191189,208.639776445,260.000000000,0.000000000,0.000000000
point-0001310,2437.760962033,275.080753927,208.639776445,260.000000000,0.000000000,0.000000000
point-0001311,2438.478392138,274.425209295,209.639776445,260.000000000,0.000000000,0.000000000
point-0001312,2440.917654495,278.490646556,209.639776445,260.000000000,0.000000000,0.000000000
point-0001313,2441.635084600,277.835101924,210.639776445,260.000000000,0.000000000,0.000000000
point-0001314,2444.074346957,273.769664662,210.639776445,260.000000000,0.000000000,0.000000000
point-0001315,2444.791777062,273.114120029,211.639776445,260.000000000,0.000000000,0.000000000
point-0001316,2447.231039419,277.179557291,211.639776445,260.000000000,0.000000000,0.000000000
point-0001317,2447.948469524,276.524012658,212.639776445,260.000000000,0.000000000,0.000000000
point-0001318,2450.387731881,272.458575397,212.639776445,260.000000000,0.000000000,0.000000000
point-0001319,2451.105161986,271.803030764,213.639776445,260.000000000,0.000000000,0.000000000
point-0001320,2453.544424343,275.868468026,213.639776445,260.000000000,0.000000000,0.000000000
point-0001321,2454.261854448,275.212923393,214.639776445,260.000000000,0.000000000,0.000000000
point-0001322,2456.701116805,271.147486131,214.639776445,260.000000000,0.000000000,0.000000000
point-0001323,2457.418546910,270.491941499,215.639776445,260.000000000,0.000000000,0.000000000
point-0001324,2459.857809267,274.557378760,215.639776445,260.000000000,0.000000000,0.000000000
point-0001325,2460.575239372,273.901834128,216.639776445,260.000000000,0.000000000,0.000000000
point-0001326,2463.014501729,269.836396866,216.639776445,260.000000000,0.000000000,0.000000000
point-0001327,2463.731931834,269.180852233,217.639776445,260.000000000,0.000000000,0.000000000
point-0001328,2466.171194191,273.246289495,217.639776445,260.000000000,0.000000000,0.000000000
point-0001329,2466.888624296,272.590744862,218.639776445,260.000000000,0.000000000,0.000000000
point-0001330,2469.327886653,268.525307601,218.639776445,260.000000000,0.000000000,0.000000000
point-0001331,2470.045316758,267.869762968,219.639776445,260.000000000,0.000000000,0.000000000
point-0001332,2472.484579115,271.935200230,219.639776445,260.000000000,0.000000000,0.000000000
point-0001333,2473.202009220,271.279655597,220.639776445,260.000000000,0.000000000,0.000000000
point-0001334,2475.641271577,267.214218335,220.639776445,260.000000000,0.000000000,0.000000000
point-0001335,2476.358701682,266.558673702,221.639776445,260.000000000,0.000000000,0.000000000
point-0001336,2478.797964039,270.624110964,221.639776445,260.000000000,0.000000000,0.000000000
point-0001337,2479.515394144,269.968566331,222.639776445,260.000000000,0.000000000,0.000000000
point-0001338,2481.954656501,265.903129070,222.639776445,260.000000000,0.000000000,0.000000000
point-0001339,2482.672086606,265.247584437,223.639776445,260.000000000,0.000000000,0.000000000
point-0001340,2485.111348963,269.313021699,223.639776445,260.000000000,0.000000000,0.000000000
point-0001341,2485.828779068,268.657477066,224.639776445,260.000000000,0.000000000,0.000000000
point-0001342,2488.268041425,264.592039804,224.639776445,260.000000000,0.000000000,0.000000000
point-0001343,2488.985471530,263.936495172,225.639776445,260.000000000,0.000000000,0.000000000
point-0001344,2491.424733887,268.001932433,225.639776445,260.000000000,0.000000000,0.000000000
point-0001345,2492.142163992,267.346387801,226.639776445,260.000000000,0.000000000,0.000000000
point-0001346,2494.581426349,263.280950539,226.639776445,260.000000000,0.000000000,0.000000000
point-0001347,2495.298856454,262.625405906,227.639776445,260.000000000,0.000000000,0.000000000
point-0001348,2497.738118811,266.690843168,227.639776445,260.000000000,0.000000000,0.000000000
point-0001349,2498.455548916,266.035298535,228.639776445,260.000000000,0.000000000,0.000000000
point-0001350,2500.894811273,261.969861274,228.639776445,260.000000000,0.000000000,0.000000000
point-0001351,2501.612241378,261.314316641,229.639776445,260.000000000,0.000000000,0.000000000
point-0001352,2504.051503735,265.379753903,229.639776445,260.000000000,0.000000000,0.000000000
point-0001353,2504.768933840,264.724209270,230.639776445,260.000000000,0.000000000,0.000000000
point-0001354,2507.208196197,260.658772008,230.639776445,260.000000000,0.000000000,0.000000000
point-0001355,2507.925626302,260.003227376,231.639776445,260.000000000,0.000000000,0.000000000
point-0001356,2510.364888659,264.068664637,231.639776445,260.000000000,0.000000000,0.000000000
point-0001357,2511.082318764,263.413120005,232.639776445,260.000000000,0.000000000,0.000000000
point-0001358,2513.521581121,259.347682743,232.639776445,260.000000000,0.000000000,0.000000000
point-0001359,2514.239011226,258.692138110,233.639776445,260.000000000,0.000000000,0.000000000
point-0001360,2516.678273583,262.757575372,233.639776445,260.000000000,0.000000000,0.000000000
point-0001361,2517.395703688,262.102030739,234.639776445,260.000000000,0.000000000,0.000000000
point-0001362,2519.834966045,258.036593477,234.639776445,260.000000000,0.000000000,0.000000000
point-0001363,2520.552396150,257.381048845,235.639776445,260.000000000,0.000000000,0.000000000
point-0001364,2522.991658507,261.446486106,235.639776445,260.000000000,0.000000000,0.000000000
point-0001365,2523.709088612,260.790941474,236.639776445,260.000000000,0.000000000,0.000000000
point-0001366,2526.148350969,256.725504212,236.639776445,260.000000000,0.000000000,0.000000000
point-0001367,2526.865781074,256.069959579,237.639776445,260.000000000,0.000000000,0.000000000
point-0001368,2529.305043431,260.135396841,237.639776445,260.000000000,0.000000000,0.000000000
point-0001369,2530.022473536,259.479852208,238.639776445,260.000000000,0.000000000,0.000000000
point-0001370,2532.461735894,255.414414947,238.639776445,260.000000000,0.000000000,0.000000000
point-0001371,2533.179165999,254.758870314,239.639776445,260.000000000,0.000000000,0.000000000
point-0001372,2535.618428356,258.824307576,239.639776445,260.000000000,0.000000000,0.000000000
point-0001373,2536.335858461,258.168762943,240.639776445,260.000000000,0.000000000,0.000000000
point-0001374,2538.531890891,254.508708892,240.639776445,260.000000000,0.000000000,0.000000000
point-0001375,2539.626294032,256.034158038,241.639776445,260.000000000,0.000000000,0.000000000
point-0001376,2540.513730196,257.513218310,241.639776445,260.000000000,0.000000000,0.000000000
point-0001377,2569.382215106,280.980655622,199.639776445,260.500000000,0.000000000,0.000000000
point-0001378,2570.036513240,282.071152511,199.639776445,260.500000000,0.000000000,0.000000000
point-0001379,2571.130916381,283.596601657,200.639776445,260.500000000,0.000000000,0.000000000
point-0001380,2573.093810781,280.325110989,200.639776445,260.500000000,0.000000000,0.000000000
point-0001381,2573.811240886,279.669566356,201.639776445,260.500000000,0.000000000,0.000000000
point-0001382,2576.250503243,283.735003618,201.639776445,260.500000000,0.000000000,0.000000000
point-0001383,2576.967933348,283.079458985,202.639776445,260.500000000,0.000000000,0.000000000
point-0001384,2579.407195705,279.014021724,202.639776445,260.500000000,0.000000000,0.000000000
point-0001385,2580.124625810,278.358477091,203.639776445,260.500000000,0.000000000,0.000000000
point-0001386,2582.563888167,282.423914353,203.639776445,260.500000000,0.000000000,0.000000000
point-0001387,2583.281318272,281.768369720,204.639776445,260.500000000,0.000000000,0.000000000
point-0001388,2585.720580629,277.702932458,204.639776445,260.500000000,0.000000000,0.000000000
point-0001389,2586.438010734,277.047387826,205.639776445,260.500000000,0.000000000,0.000000000
point-0001390,2588.877273091,281.112825087,205.639776445,260.500000000,0.000000000,0.000000000
point-0001391,2589.594703196,280.457280455,206.639776445,260.500000000,0.000000000,0.000000000
point-0001392,2592.033965553,276.391843193,206.639776445,260.500000000,0.000000000,0.000000000
point-0001393,2592.751395658,275.736298560,207.639776445,260.500000000,0.000000000,0.000000000
point-0001394,2595.190658015,279.801735822,207.639776445,260.500000000,0.000000000,0.000000000
point-0001395,2595.908088120,279.146191189,208.639776445,260.500000000,0.000000000,0.000000000
point-0001396,2598.347350477,275.080753927,208.639776445,260.500000000,0.000000000,0.000000000
point-0001397,2599.064780582,274.425209295,209.639776445,260.500000000,0.000000000,0.000000000
point-0001398,2601.504042939,278.490646556,209.639776445,260.500000000,0.000000000,0.000000000
point-0001399,2602.221473044,277.835101924,210.639776445,260.500000000,0.000000000,0.000000000
point-0001400,2604.660735401,273.769664662,210.639776445,260.500000000,0.000000000,0.000000000
point-0001401,2605.378165506,273.114120029,211.639776445,260.500000000,0.000000000,0.000000000
point-0001402,2607.817427863,277.179557291,211.639776445,260.500000000,0.000000000,0.000000000
point-0001403,2608.534857968,276.524012658,212.639776445,260.500000000,0.000000000,0.000000000
point-0001404,2610.974120325,272.458575397,212.639776445,260.500000000,0.000000000,0.000000000
point-0001405,2611.691550430,271.803030764,213.639776445,260.500000000,0.000000000,0.000000000
point-0001406,2614.130812787,275.868468026,213.639776445,260.500000000,0.000000000,0.000000000
point-0001407,2614.848242892,275.212923393,214.639776445,260.500000000,0.000000000,0.000000000
point-0001408,2617.287505249,271.147486131,214.639776445,260.500000000,0.000000000,0.000000000
point-0001409,2618.004935354,270.491941499,215.639776445,260.500000000,0.000000000,0.000000000
point-0001410,2620.444197711,274.557378760,215.639776445,260.500000000,0.000000000,0.000000000
point-0001411,2621.161627816,273.901834128,216.639776445,260.500000000,0.000000000,0.000000000
point-0001412,2623.600890173,269.836396866,216.639776445,260.500000000,0.000000000,0.000000000
point-0001413,2624.318320278,269.180852233,217.639776445,260.500000000,0.000000000,0.000000000
point-0001414,2626.757582635,273.246289495,217.639776445,260.500000000,0.000000000,0.000000000
point-0001415,2627.475012740,272.590744862,218.639776445,260.500000000,0.000000000,0.000000000
point-0001416,2629.914275097,268.525307601,218.639776445,260.500000000,0.000000000,0.000000000
point-0001417,2630.631705202,267.869762968,219.639776445,260.500000000,0.000000000,0.000000000
point-0001418,2633.070967559,271.935200230,219.639776445,260.500000000,0.000000000,0.000000000
point-0001419,2633.788397664,271.279655597,220.639776445,260.500000000,0.000000000,0.000000000
point-0001420,2636.227660022,267.214218335,220.639776445,260.500000000,0.000000000,0.000000000
point-0001421,2636.945090127,266.558673702,221.639776445,260.500000000,0.000000000,0.000000000
point-0001422,2639.384352484,270.624110964,221.639776445,260.500000000,0.000000000,0.000000000
point-0001423,2640.101782589,269.968566331,222.639776445,260.500000000,0.000000000,0.000000000
point-0001424,2642.541044946,265.903129070,222.639776445,260.500000000,0.000000000,0.000000000
point-0001425,2643.258475051,265.247584437,223.639776445,260.500000000,0.000000000,0.000000000
point-0001426,2645.697737408,269.313021699,223.639776445,260.500000000,0.000000000,0.000000000
point-0001427,2646.415167513,268.657477066,224.639776445,260.500000000,0.000000000,0.000000000
point-0001428,2648.854429870,264.592039804,224.639776445,260.500000000,0.000000000,0.000000000
point-0001429,2649.571859975,263.936495172,225.639776445,260.500000000,0.000000000,0.000000000
point-0001430,2652.011122332,268.001932433,225.639776445,260.500000000,0.000000000,0.000000000
point-0001431,2652.728552437,267.346387801,226.639776445,260.500000000,0.000000000,0.000000000
point-0001432,2655.167814794,263.280950539,226.639776445,260.500000000,0.000000000,0.000000000
point-0001433,2655.885244899,262.625405906,227.639776445,260.500000000,0.000000000,0.000000000
point-0001434,2658.324507256,266.690843168,227.639776445,260.500000000,0.000000000,0.000000000
point-0001435,2659.041937361,266.035298535,228.639776445,260.500000000,0.000000000,0.000000000
point-0001436,2661.481199718,261.969861274,228.639776445,260.500000000,0.000000000,0.000000000
point-0001437,2662.198629823,261.314316641,229.639776445,260.500000000,0.000000000,0.000000000
point-0001438,2664.637892180,265.379753903,229.639776445,260.500000000,0.000000000,0.000000000
point-0001439,2665.355322285,264.724209270,230.639776445,260.500000000,0.000000000,0.000000000
point-0001440,2667.794584642,260.658772008,230.639776445,260.500000000,0.000000000,0.000000000
point-0001441,2668.512014747,260.003227376,231.639776445,260.500000000,0.000000000,0.000000000
point-0001442,2670.951277104,264.068664637,231.639776445,260.500000000,0.000000000,0.000000000
point-0001443,2671.668707209,263.413120005,232.639776445,260.500000000,0.000000000,0.000000000
point-0001444,2674.107969566,259.347682743,232.639776445,260.500000000,0.000000000,0.000000000
point-0001445,2674.825399671,258.692138110,233.639776445,260.500000000,0.000000000,0.000000000
point-0001446,2677.264662028,262.757575372,233.639776445,260.500000000,0.000000000,0.000000000
point-0001447,2677.982092133,262.102030739,234.639776445,260.500000000,0.000000000,0.000000000
point-0001448,2680.421354490,258.036593477,234.639776445,260.500000000,0.000000000,0.000000000
point-0001449,2681.138784595,257.381048845,235.639776445,260.500000000,0.000000000,0.000000000
point-0001450,2683.578046952,261.446486106,235.639776445,260.500000000,0.000000000,0.000000000
point-0001451,2684.295477057,260.790941474,236.639776445,260.500000000,0.000000000,0.000000000
point-0001452,2686.734739414,256.725504212,236.639776445,260.500000000,0.000000000,0.000000000
point-0001453,2687.452169519,256.069959579,237.639776445,260.500000000,0.000000000,0.000000000
point-0001454,2689.891431876,260.135396841,237.639776445,260.500000000,0.000000000,0.000000000
point-0001455,2690.608861981,259.479852208,238.639776445,260.500000000,0.000000000,0.000000000
point-0001456,2693.048124338,255.414414947,238.639776445,260.500000000,0.000000000,0.000000000
point-0001457,2693.765554443,254.758870314,239.639776445,260.500000000,0.000000000,0.000000000
point-0001458,2696.204816800,258.824307576,239.639776445,260.500000000,0.000000000,0.000000000
point-0001459,2696.922246905,258.168762943,240.639776445,260.500000000,0.000000000,0.000000000
point-0001460,2699.118279335,254.508708892,240.639776445,260.500000000,0.000000000,0.000000000
point-0001461,2700.212682476,256.034158038,241.639776445,260.500000000,0.000000000,0.000000000
point-0001462,2701.100118640,257.513218310,241.639776445,260.500000000,0.000000000,0.000000000
point-0001463,2729.968603550,280.980655622,199.639776445,261.000000000,0.000000000,0.000000000
point-0001464,2730.622901684,282.071152511,199.639776445,261.000000000,0.000000000,0.000000000
point-0001465,2731.717304825,283.596601657,200.639776445,261.000000000,0.000000000,0.000000000
point-0001466,2733.680199225,280.325110989,200.639776445,261.000000000,0.000000000,0.000000000
point-0001467,2734.397629330,279.669566356,201.639776445,261.000000000,0.000000000,0.000000000
point-0001468,2736.836891688,283.735003618,201.639776445,261.000000000,0.000000000,0.000000000
point-0001469,2737.554321793,283.079458985,202.639776445,261.000000000,0.000000000,0.000000000
point-0001470,2739.993584150,279.014021724,202.639776445,261.000000000,0.000000000,0.000000000
point-0001471,2740.711014255,278.358477091,203.639776445,261.000000000,0.000000000,0.000000000
point-0001472,2743.150276612,282.423914353,203.639776445,261.000000000,0.000000000,0.000000000
point-0001473,2743.867706717,281.768369720,204.639776445,261.000000000,0.000000000,0.000000000
point-0001474,2746.306969074,277.702932458,204.639776445,261.000000000,0.000000000,0.000000000
point-0001475,2747.024399179,277.047387826,205.639776445,261.000000000,0.000000000,0.000000000
point-0001476,2749.463661536,281.112825087,205.639776445,261.000000000,0.000000000,0.000000000
point-0001477,2750.181091641,280.457280455,206.639776445,261.000000000,0.000000000,0.000000000
point-0001478,2752.620353998,276.391843193,206.639776445,261.000000000,0.000000000,0.000000000
point-0001479,2753.337784103,275.736298560,207.639776445,261.000000000,0.000000000,0.000000000
point-0001480,2755.777046460,279.801735822,207.639776445,261.000000000,0.000000000,0.000000000
point-0001481,2756.494476565,279.146191189,208.639776445,261.000000000,0.000000000,0.000000000
point-0001482,2758.933738922,275.080753927,208.639776445,261.000000000,0.000000000,0.000000000
point-0001483,2759.651169027,274.425209295,209.639776445,261.000000000,0.000000000,0.000000000
point-0001484,2762.090431384,278.490646556,209.639776445,261.000000000,0.000000000,0.000000000
point-0001485,2762.807861489,277.835101924,210.639776445,261.000000000,0.000000000,0.000000000
point-0001486,2765.247123846,273.769664662,210.639776445,261.000000000,0.000000000,0.000000000
point-0001487,2765.964553951,273.114120029,211.639776445,261.000000000,0.000000000,0.000000000
point-0001488,2768.403816308,277.179557291,211.639776445,261.000000000,0.000000000,0.000000000
point-0001489,2769.121246413,276.524012658,212.639776445,261.000000000,0.000000000,0.000000000
point-0001490,2771.560508770,272.458575397,212.639776445,261.000000000,0.000000000,0.000000000
point-0001491,2772.277938875,271.803030764,213.639776445,261.000000000,0.000000000,0.000000000
point-0001492,2774.717201232,275.868468026,213.639776445,261.000000000,0.000000000,0.000000000
point-0001493,2775.434631337,275.212923393,214.639776445,261.000000000,0.000000000,0.000000000
point-0001494,2777.873893694,271.147486131,214.639776445,261.000000000,0.000000000,0.000000000
point-0001495,2778.591323799,270.491941499,215.639776445,261.000000000,0.000000000,0.000000000
point-0001496,2781.030586156,274.557378760,215.639776445,261.000000000,0.000000000,0.000000000
point-0001497,2781.748016261,273.901834128,216.639776445,261.000000000,0.000000000,0.000000000
point-0001498,2784.187278618,269.836396866,216.639776445,261.000000000,0.000000000,0.000000000
point-0001499,2784.904708723,269.180852233,217.639776445,261.000000000,0.000000000,0.000000000
point-0001500,2787.343971080,273.246289495,217.639776445,261.000000000,0.000000000,0.000000000
point-0001501,2788.061401185,272.590744862,218.639776445,261.000000000,0.000000000,0.000000000
point-0001502,2790.500663542,268.525307601,218.639776445,261.000000000,0.000000000,0.000000000
point-0001503,2791.218093647,267.869762968,219.639776445,261.000000000,0.000000000,0.000000000
point-0001504,2793.657356004,271.935200230,219.639776445,261.000000000,0.000000000,0.000000000
point-0001505,2794.374786109,271.279655597,220.639776445,261.000000000,0.000000000,0.000000000
point-0001506,2796.814048466,267.214218335,220.639776445,261.000000000,0.000000000,0.000000000
point-0001507,2797.531478571,266.558673702,221.639776445,261.000000000,0.000000000,0.000000000
point-0001508,2799.970740928,270.624110964,221.639776445,261.000000000,0.000000000,0.000000000
point-0001509,2800.688171033,269.968566331,222.639776445,261.000000000,0.000000000,0.000000000
point-0001510,2803.127433390,265.903129070,222.639776445,261.000000000,0.000000000,0.000000000
point-0001511,2803.844863495,265.247584437,223.639776445,261.000000000,0.000000000,0.000000000
point-0001512,2806.284125852,269.313021699,223.639776445,261.000000000,0.000000000,0.000000000
point-0001513,2807.001555957,268.657477066,224.639776445,261.000000000,0.000000000,0.000000000
point-0001514,2809.440818314,264.592039804,224.639776445,261.000000000,0.000000000,0.000000000
point-0001515,2810.158248419,263.936495172,225.639776445,261.000000000,0.000000000,0.000000000
point-0001516,2812.597510776,268.001932433,225.639776445,261.000000000,0.000000000,0.000000000
point-0001517,2813.314940881,267.346387801,226.639776445,261.000000000,0.000000000,0.000000000
point-0001518,2815.754203238,263.280950539,226.639776445,261.000000000,0.000000000,0.000000000
point-0001519,2816.471633343,262.625405906,227.639776445,261.000000000,0.000000000,0.000000000
point-0001520,2818.910895700,266.690843168,227.639776445,261.000000000,0.000000000,0.000000000
point-0001521,2819.628325805,266.035298535,228.639776445,261.000000000,0.000000000,0.000000000
point-0001522,2822.067588162,261.969861274,228.639776445,261.000000000,0.000000000,0.000000000
point-0001523,2822.785018267,261.314316641,229.639776445,261.000000000,0.000000000,0.000000000
point-0001524,2825.224280624,265.379753903,229.639776445,261.000000000,0.000000000,0.000000000
point-0001525,2825.941710729,264.724209270,230.639776445,261.000000000,0.000000000,0.000000000
point-0001526,2828.380973086,260.658772008,230.639776445,261.000000000,0.000000000,0.000000000
point-0001527,2829.098403191,260.003227376,231.639776445,261.000000000,0.000000000,0.000000000
point-0001528,2831.537665548,264.068664637,231.639776445,261.000000000,0.000000000,0.000000000
point-0001529,2832.255095653,263.413120005,232.639776445,261.000000000,0.000000000,0.000000000
point-0001530,2834.694358010,259.347682743,232.639776445,261.000000000,0.000000000,0.000000000
point-0001531,2835.411788115,258.692138110,233.639776445,261.000000000,0.000000000,0.000000000
point-0001532,2837.851050472,262.757575372,233.639776445,261.000000000,0.000000000,0.000000000
point-0001533,2838.568480577,262.102030739,234.639776445,261.000000000,0.000000000,0.000000000
point-0001534,2841.007742934,258.036593477,234.639776445,261.000000000,0.000000000,0.000000000
point-0001535,2841.725173039,257.381048845,235.639776445,261.000000000,0.000000000,0.000000000
point-0001536,2844.164435396,261.446486106,235.639776445,261.000000000,0.000000000,0.000000000
point-0001537,2844.881865501,260.790941474,236.639776445,261.000000000,0.000000000,0.000000000
point-0001538,2847.321127858,256.725504212,236.639776445,261.000000000,0.000000000,0.000000000
point-0001539,2848.038557963,256.069959579,237.639776445,261.000000000,0.000000000,0.000000000
point-0001540,2850.477820320,260.135396841,237.639776445,261.000000000,0.000000000,0.000000000
point-0001541,2851.195250425,259.479852208,238.639776445,261.000000000,0.000000000,0.000000000
point-0001542,2853.634512782,255.414414947,238.639776445,261.000000000,0.000000000,0.000000000
point-0001543,2854.351942887,254.758870314,239.639776445,261.000000000,0.000000000,0.000000000
point-0001544,2856.791205244,258.824307576,239.639776445,261.000000000,0.000000000,0.000000000
point-0001545,2857.508635349,258.168762943,240.639776445,261.000000000,0.000000000,0.000000000
point-0001546,2859.704667780,254.508708892,240.639776445,261.000000000,0.000000000,0.000000000
point-0001547,2860.799070920,256.034158038,241.639776445,261.000000000,0.000000000,0.000000000
point-0001548,2861.686507084,257.513218310,241.639776445,261.000000000,0.000000000,0.000000000
point-0001549,2890.554991995,280.980655622,199.639776445,261.500000000,0.000000000,0.000000000
point-0001550,2891.209290128,282.071152511,199.639776445,261.500000000,0.000000000,0.000000000
point-0001551,2892.303693269,283.596601657,200.639776445,261.500000000,0.000000000,0.000000000
point-0001552,2894.266587670,280.325110989,200.639776445,261.500000000,0.000000000,0.000000000
point-0001553,2894.984017775,279.669566356,201.639776445,261.500000000,0.000000000,0.000000000
point-0001554,2897.423280132,283.735003618,201.639776445,261.500000000,0.000000000,0.000000000
point-0001555,2898.140710237,283.079458985,202.639776445,261.500000000,0.000000000,0.000000000
point-0001556,2900.579972594,279.014021724,202.639776445,261.500000000,0.000000000,0.000000000
point-0001557,2901.297402699,278.358477091,203.639776445,261.500000000,0.000000000,0.000000000
point-0001558,2903.736665056,282.423914353,203.639776445,261.500000000,0.000000000,0.000000000
point-0001559,2904.454095161,281.768369720,204.639776445,261.500000000,0.000000000,0.000000000
point-0001560,2906.893357518,277.702932458,204.639776445,261.500000000,0.000000000,0.000000000
point-0001561,2907.610787623,277.047387826,205.639776445,261.500000000,0.000000000,0.000000000
point-0001562,2910.050049980,281.112825087,205.639776445,261.500000000,0.000000000,0.000000000
point-0001563,2910.767480085,280.457280455,206.639776445,261.500000000,0.000000000,0.000000000
point-0001564,2913.206742442,276.391843193,206.639776445,261.500000000,0.000000000,0.000000000
point-0001565,2913.924172547,275.736298560,207.639776445,261.500000000,0.000000000,0.000000000
point-0001566,2916.363434904,279.801735822,207.639776445,261.500000000,0.000000000,0.000000000
point-0001567,2917.080865009,279.146191189,208.639776445,261.500000000,0.000000000,0.000000000
point-0001568,2919.520127366,275.080753927,208.639776445,261.500000000,0.000000000,0.000000000
point-0001569,2920.237557471,274.425209295,209.639776445,261.500000000,0.000000000,0.000000000
point-0001570,2922.676819828,278.490646556,209.639776445,261.500000000,0.000000000,0.000000000
point-0001571,2923.394249933,277.835101924,210.639776445,261.500000000,0.000000000,0.000000000
point-0001572,2925.833512290,273.769664662,210.639776445,261.500000000,0.000000000,0.000000000
point-0001573,2926.550942395,273.114120029,211.639776445,261.500000000,0.000000000,0.000000000
point-0001574,2928.990204752,277.179557291,211.639776445,261.500000000,0.000000000,0.000000000
point-0001575,2929.707634857,276.524012658,212.639776445,261.500000000,0.000000000,0.000000000
point-0001576,2932.146897214,272.458575397,212.639776445,261.500000000,0.000000000,0.000000000
point-0001577,2932.864327319,271.803030764,213.639776445,261.500000000,0.000000000,0.000000000
point-0001578,2935.303589676,275.868468026,213.639776445,261.500000000,0.000000000,0.000000000
point-0001579,2936.021019781,275.212923393,214.639776445,261.500000000,0.000000000,0.000000000
point-0001580,2938.460282138,271.147486131,214.639776445,261.500000000,0.000000000,0.000000000
point-0001581,2939.177712243,270.491941499,215.639776445,261.500000000,0.000000000,0.000000000
point-0001582,2941.616974600,274.557378760,215.639776445,261.500000000,0.000000000,0.000000000
point-0001583,2942.334404705,273.901834128,216.639776445,261.500000000,0.000000000,0.000000000
point-0001584,2944.773667062,269.836396866,216.639776445,261.500000000,0.000000000,0.000000000
point-0001585,2945.491097167,269.180852233,217.639776445,261.500000000,0.000000000,0.000000000
point-0001586,2947.930359524,273.246289495,217.639776445,261.500000000,0.000000000,0.000000000
point-0001587,2948.647789629,272.590744862,218.639776445,261.500000000,0.000000000,0.000000000
point-0001588,2951.087051986,268.525307601,218.639776445,261.500000000,0.000000000,0.000000000
point-0001589,2951.804482091,267.869762968,219.639776445,261.500000000,0.000000000,0.000000000
point-0001590,2954.243744448,271.935200230,219.639776445,261.500000000,0.000000000,0.000000000
point-0001591,2954.961174553,271.279655597,220.639776445,261.500000000,0.000000000,0.000000000
point-0001592,2957.400436910,267.214218335,220.639776445,261.500000000,0.000000000,0.000000000
point-0001593,2958.117867015,266.558673702,221.639776445,261.500000000,0.000000000,0.000000000
point-0001594,2960.557129372,270.624110964,221.639776445,261.500000000,0.000000000,0.000000000
point-0001595,2961.274559477,269.968566331,222.639776445,261.500000000,0.000000000,0.000000000
point-0001596,2963.713821834,265.903129070,222.639776445,261.500000000,0.000000000,0.000000000
point-0001597,2964.431251939,265.247584437,223.639776445,261.500000000,0.000000000,0.000000000
point-0001598,2966.870514296,269.313021699,223.639776445,261.500000000,0.000000000,0.000000000
point-0001599,2967.587944401,268.657477066,224.639776445,261.500000000,0.000000000,0.000000000
point-0001600,2970.027206758,264.592039804,224.639776445,261.500000000,0.000000000,0.000000000
point-0001601,2970.744636863,263.936495172,225.639776445,261.500000000,0.000000000,0.000000000
point-0001602,2973.183899220,268.001932433,225.639776445,261.500000000,0.000000000,0.000000000
point-0001603,2973.901329325,267.346387801,226.639776445,261.500000000,0.000000000,0.000000000
point-0001604,2976.340591682,263.280950539,226.639776445,261.500000000,0.000000000,0.000000000
point-0001605,2977.058021787,262.625405906,227.639776445,261.500000000,0.000000000,0.000000000
point-0001606,2979.497284144,266.690843168,227.639776445,261.500000000,0.000000000,0.000000000
point-0001607,2980.214714249,266.035298535,228.639776445,261.500000000,0.000000000,0.000000000
point-0001608,2982.653976606,261.969861274,228.639776445,261.500000000,0.000000000,0.000000000
point-0001609,2983.371406711,261.314316641,229.639776445,261.500000000,0.000000000,0.000000000
point-0001610,2985.810669068,265.379753903,229.639776445,261.500000000,0.000000000,0.000000000
point-0001611,2986.528099173,264.724209270,230.639776445,261.500000000,0.000000000,0.000000000
point-0001612,2988.967361530,260.658772008,230.639776445,261.500000000,0.000000000,0.000000000
point-0001613,2989.684791635,260.003227376,231.639776445,261.500000000,0.000000000,0.000000000
point-0001614,2992.124053992,264.068664637,231.639776445,261.500000000,0.000000000,0.000000000
point-0001615,2992.841484097,263.413120005,232.639776445,261.500000000,0.000000000,0.000000000
point-0001616,2995.280746454,259.347682743,232.639776445,261.500000000,0.000000000,0.000000000
point-0001617,2995.998176559,258.692138110,233.639776445,261.500000000,0.000000000,0.000000000
point-0001618,2998.437438916,262.757575372,233.639776445,261.500000000,0.000000000,0.000000000
point-0001619,2999.154869021,262.102030739,234.639776445,261.500000000,0.000000000,0.000000000
point-0001620,3001.594131378,258.036593477,234.639776445,261.500000000,0.000000000,0.000000000
point-0001621,3002.311561483,257.381048845,235.639776445,261.500000000,0.000000000,0.000000000
point-0001622,3004.750823840,261.446486106,235.639776445,261.500000000,0.000000000,0.000000000
point-0001623,3005.468253945,260.790941474,236.639776445,261.500000000,0.000000000,0.000000000
point-0001624,3007.907516302,256.725504212,236.639776445,261.500000000,0.000000000,0.000000000
point-0001625,3008.624946407,256.069959579,237.639776445,261.500000000,0.000000000,0.000000000
point-0001626,3011.064208764,260.135396841,237.639776445,261.500000000,0.000000000,0.000000000
point-0001627,3011.781638869,259.479852208,238.639776445,261.500000000,0.000000000,0.000000000
point-0001628,3014.220901226,255.414414947,238.639776445,261.500000000,0.000000000,0.000000000
point-0001629,3014.938331331,254.758870314,239.639776445,261.500000000,0.000000000,0.000000000
point-0001630,3017.377593688,258.824307576,239.639776445,261.500000000,0.000000000,0.000000000
point-0001631,3018.095023793,258.168762943,240.639776445,261.500000000,0.000000000,0.000000000
point-0001632,3020.291056224,254.508708892,240.639776445,261.500000000,0.000000000,0.000000000
point-0001633,3021.385459365,256.034158038,241.639776445,261.500000000,0.000000000,0.000000000
point-0001634,3022.272895528,257.513218310,241.639776445,261.500000000,0.000000000,0.000000000
point-0001635,3051.141380439,280.980655622,199.639776445,262.000000000,0.000000000,0.000000000
point-0001636,3051.795678572,282.071152511,199.639776445,262.000000000,0.000000000,0.000000000
point-0001637,3052.890081713,283.596601657,200.639776445,262.000000000,0.000000000,0.000000000
point-0001638,3054.852976114,280.325110989,200.639776445,262.000000000,0.000000000,0.000000000
point-0001639,3055.570406219,279.669566356,201.639776445,262.000000000,0.000000000,0.000000000
point-0001640,3058.009668576,283.735003618,201.639776445,262.000000000,0.000000000,0.000000000
point-0001641,3058.727098681,283.079458985,202.639776445,262.000000000,0.000000000,0.000000000
point-0001642,3061.166361038,279.014021724,202.639776445,262.000000000,0.000000000,0.000000000
point-0001643,3061.883791143,278.358477091,203.639776445,262.000000000,0.000000000,0.000000000
point-0001644,3064.323053500,282.423914353,203.639776445,262.000000000,0.000000000,0.000000000
point-0001645,3065.040483605,281.768369720,204.639776445,262.000000000,0.000000000,0.000000000
point-0001646,3067.479745962,277.702932458,204.639776445,262.000000000,0.000000000,0.000000000
point-0001647,3068.197176067,277.047387826,205.639776445,262.000000000,0.000000000,0.000000000
point-0001648,3070.636438424,281.112825087,205.639776445,262.000000000,0.000000000,0.000000000
point-0001649,3071.353868529,280.457280455,206.639776445,262.000000000,0.000000000,0.000000000
point-0001650,3073.793130886,276.391843193,206.639776445,262.000000000,0.000000000,0.000000000
point-0001651,3074.510560991,275.736298560,207.639776445,262.000000000,0.000000000,0.000000000
point-0001652,3076.949823348,279.801735822,207.639776445,262.000000000,0.000000000,0.000000000
point-0001653,3077.667253453,279.146191189,208.639776445,262.000000000,0.000000000,0.000000000
point-0001654,3080.106515810,275.080753927,208.639776445,262.000000000,0.000000000,0.000000000
point-0001655,3080.823945915,274.425209295,209.639776445,262.000000000,0.000000000,0.000000000
point-0001656,3083.263208272,278.490646556,209.639776445,262.000000000,0.000000000,0.000000000
point-0001657,3083.980638377,277.835101924,210.639776445,262.000000000,0.000000000,0.000000000
point-0001658,3086.419900734,273.769664662,210.639776445,262.000000000,0.000000000,0.000000000
point-0001659,3087.137330839,273.114120029,211.639776445,262.000000000,0.000000000,0.000000000
point-0001660,3089.576593196,277.179557291,211.639776445,262.000000000,0.000000000,0.000000000
point-0001661,3090.294023301,276.524012658,212.639776445,262.000000000,0.000000000,0.000000000
point-0001662,3092.733285658,272.458575397,212.639776445,262.000000000,0.000000000,0.000000000
point-0001663,3093.450715763,271.803030764,213.639776445,262.000000000,0.000000000,0.000000000
point-0001664,3095.889978120,275.868468026,213.639776445,262.000000000,0.000000000,0.000000000
point-0001665,3096.607408225,275.212923393,214.639776445,262.000000000,0.000000000,0.000000000
point-0001666,3099.046670582,271.147486131,214.639776445,262.000000000,0.000000000,0.000000000
point-0001667,3099.764100687,270.491941499,215.639776445,262.000000000,0.000000000,0.000000000
point-0001668,3102.203363044,274.557378760,215.639776445,262.000000000,0.000000000,0.000000000
point-0001669,3102.920793149,273.901834128,216.639776445,262.000000000,0.000000000,0.000000000
point-0001670,3105.360055506,269.836396866,216.639776445,262.000000000,0.000000000,0.000000000
point-0001671,3106.077485611,269.180852233,217.639776445,262.000000000,0.000000000,0.000000000
point-0001672,3108.516747968,273.246289495,217.639776445,262.000000000,0.000000000,0.000000000
point-0001673,3109.234178073,272.590744862,218.639776445,262.000000000,0.000000000,0.000000000
point-0001674,3111.673440430,268.525307601,218.639776445,262.000000000,0.000000000,0.000000000
point-0001675,3112.390870535,267.869762968,219.639776445,262.000000000,0.000000000,0.000000000
point-0001676,3114.830132892,271.935200230,219.639776445,262.000000000,0.000000000,0.000000000
point-0001677,3115.547562997,271.279655597,220.639776445,262.000000000,0.000000000,0.000000000
point-0001678,3117.986825354,267.214218335,220.639776445,262.000000000,0.000000000,0.000000000
point-0001679,3118.704255459,266.558673702,221.639776445,262.000000000,0.000000000,0.000000000
point-0001680,3121.143517816,270.624110964,221.639776445,262.000000000,0.000000000,0.000000000
point-0001681,3121.860947921,269.968566331,222.639776445,262.000000000,0.000000000,0.000000000
point-0001682,3124.300210278,265.903129070,222.639776445,262.000000000,0.000000000,0.000000000
point-0001683,3125.017640383,265.247584437,223.639776445,262.000000000,0.000000000,0.000000000
point-0001684,3127.456902740,269.313021699,223.639776445,262.000000000,0.000000000,0.000000000
point-0001685,3128.174332845,268.657477066,224.639776445,262.000000000,0.000000000,0.000000000
point-0001686,3130.613595202,264.592039804,224.639776445,262.000000000,0.000000000,0.000000000
point-0001687,3131.331025307,263.936495172,225.639776445,262.000000000,0.000000000,0.000000000
point-0001688,3133.770287664,268.001932433,225.639776445,262.000000000,0.000000000,0.000000000
point-0001689,3134.487717769,267.346387801,226.639776445,262.000000000,0.000000000,0.000000000
point-0001690,3136.926980126,263.280950539,226.639776445,262.000000000,0.000000000,0.000000000
point-0001691,3137.644410231,262.625405906,227.639776445,262.000000000,0.000000000,0.000000000
point-0001692,3140.083672588,266.690843168,227.639776445,262.000000000,0.000000000,0.000000000
point-0001693,3140.801102693,266.035298535,228.639776445,262.000000000,0.000000000,0.000000000
point-0001694,3143.240365050,261.969861274,228.639776445,262.000000000,0.000000000,0.000000000
point-0001695,3143.957795155,261.314316641,229.639776445,262.000000000,0.000000000,0.000000000
point-0001696,3146.397057512,265.379753903,229.639776445,262.000000000,0.000000000,0.000000000
point-0001697,3147.114487617,264.724209270,230.639776445,262.000000000,0.000000000,0.000000000
point-0001698,3149.553749974,260.658772008,230.639776445,262.000000000,0.000000000,0.000000000
point-0001699,3150.271180079,260.003227376,231.639776445,262.000000000,0.000000000,0.000000000
point-0001700,3152.710442436,264.068664637,231.639776445,262.000000000,0.000000000,0.000000000
point-0001701,3153.427872541,263.413120005,232.639776445,262.000000000,0.000000000,0.000000000
point-0001702,3155.867134898,259.347682743,232.639776445,262.000000000,0.000000000,0.000000000
point-0001703,3156.584565003,258.692138110,233.639776445,262.000000000,0.000000000,0.000000000
point-0001704,3159.023827360,262.757575372,233.639776445,262.000000000,0.000000000,0.000000000
point-0001705,3159.741257465,262.102030739,234.639776445,262.000000000,0.000000000,0.000000000
point-0001706,3162.180519822,258.036593477,234.639776445,262.000000000,0.000000000,0.000000000
point-0001707,3162.897949927,257.381048845,235.639776445,262.000000000,0.000000000,0.000000000
point-0001708,3165.337212284,261.446486106,235.639776445,262.000000000,0.000000000,0.000000000
point-0001709,3166.054642389,260.790941474,236.639776445,262.000000000,0.000000000,0.000000000
point-0001710,3168.493904746,256.725504212,236.639776445,262.000000000,0.000000000,0.000000000
point-0001711,3169.211334851,256.069959579,237.639776445,262.000000000,0.000000000,0.000000000
point-0001712,3171.650597208,260.135396841,237.639776445,262.000000000,0.000000000,0.000000000
point-0001713,3172.368027313,259.479852208,238.639776445,262.000000000,0.000000000,0.000000000
point-0001714,3174.807289670,255.414414947,238.639776445,262.000000000,0.000000000,0.000000000
point-0001715,3175.524719775,254.758870314,239.639776445,262.000000000,0.000000000,0.000000000
point-0001716,3177.963982132,258.824307576,239.639776445,262.000000000,0.000000000,0.000000000
point-0001717,3178.681412237,258.168762943,240.639776445,262.000000000,0.000000000,0.000000000
point-0001718,3180.877444668,254.508708892,240.639776445,262.000000000,0.000000000,0.000000000
point-0001719,3181.971847809,256.034158038,241.639776445,262.000000000,0.000000000,0.000000000
point-0001720,3182.859283972,257.513218310,241.639776445,262.000000000,0.000000000,0.000000000
point-0001721,3211.727768883,280.980655622,199.639776445,262.500000000,0.000000000,0.000000000
point-0001722,3212.382067016,282.071152511,199.639776445,262.500000000,0.000000000,0.000000000
point-0001723,3213.476470157,283.596601657,200.639776445,262.500000000,0.000000000,0.000000000
point-0001724,3215.439364558,280.325110989,200.639776445,262.500000000,0.000000000,0.000000000
point-0001725,3216.156794663,279.669566356,201.639776445,262.500000000,0.000000000,0.000000000
point-0001726,3218.596057020,283.735003618,201.639776445,262.500000000,0.000000000,0.000000000
point-0001727,3219.313487125,283.079458985,202.639776445,262.500000000,0.000000000,0.000000000
point-0001728,3221.752749482,279.014021724,202.639776445,262.500000000,0.000000000,0.000000000
point-0001729,3222.470179587,278.358477091,203.639776445,262.500000000,0.000000000,0.000000000
point-0001730,3224.909441944,282.423914353,203.639776445,262.500000000,0.000000000,0.000000000
point-0001731,3225.626872049,281.768369720,204.639776445,262.500000000,0.000000000,0.000000000
point-0001732,3228.066134406,277.702932458,204.639776445,262.500000000,0.000000000,0.000000000
point-0001733,3228.783564511,277.047387826,205.639776445,262.500000000,0.000000000,0.000000000
point-0001734,3231.222826868,281.112825087,205.639776445,262.500000000,0.000000000,0.000000000
point-0001735,3231.940256973,280.457280455,206.639776445,262.500000000,0.000000000,0.000000000
point-0001736,3234.379519330,276.391843193,206.639776445,262.500000000,0.000000000,0.000000000
point-0001737,3235.096949435,275.736298560,207.639776445,262.500000000,0.000000000,0.000000000
point-0001738,3237.536211792,279.801735822,207.639776445,262.500000000,0.000000000,0.000000000
point-0001739,3238.253641897,279.146191189,208.639776445,262.500000000,0.000000000,0.000000000
point-0001740,3240.692904254,275.080753927,208.639776445,262.500000000,0.000000000,0.000000000
point-0001741,3241.410334359,274.425209295,209.639776445,262.500000000,0.000000000,0.000000000
point-0001742,3243.849596716,278.490646556,209.639776445,262.500000000,0.000000000,0.000000000
point-0001743,3244.567026821,277.835101924,210.639776445,262.500000000,0.000000000,0.000000000
point-0001744,3247.006289178,273.769664662,210.639776445,262.500000000,0.000000000,0.000000000
point-0001745,3247.723719283,273.114120029,211.639776445,262.500000000,0.000000000,0.000000000
point-0001746,3250.162981640,277.179557291,211.639776445,262.500000000,0.000000000,0.000000000
point-0001747,3250.880411745,276.524012658,212.639776445,262.500000000,0.000000000,0.000000000
point-0001748,3253.319674102,272.458575397,212.639776445,262.500000000,0.000000000,0.000000000
point-0001749,3254.037104207,271.803030764,213.639776445,262.500000000,0.000000000,0.000000000
point-0001750,3256.476366564,275.868468026,213.639776445,262.500000000,0.000000000,0.000000000
point-0001751,3257.193796669,275.212923393,214.639776445,262.500000000,0.000000000,0.000000000
point-0001752,3259.633059026,271.147486131,214.639776445,262.500000000,0.000000000,0.000000000
point-0001753,3260.350489131,270.491941499,215.639776445,262.500000000,0.000000000,0.000000000
point-0001754,3262.789751488,274.557378760,215.639776445,262.500000000,0.000000000,0.000000000
point-0001755,3263.507181593,273.901834128,216.639776445,262.500000000,0.000000000,0.000000000
point-0001756,3265.946443950,269.836396866,216.639776445,262.500000000,0.000000000,0.000000000
point-0001757,3266.663874055,269.180852233,217.639776445,262.500000000,0.000000000,0.000000000
point-0001758,3269.103136412,273.246289495,217.639776445,262.500000000,0.000000000,0.000000000
point-0001759,3269.820566517,272.590744862,218.639776445,262.500000000,0.000000000,0.000000000
point-0001760,3272.259828874,268.525307601,218.639776445,262.500000000,0.000000000,0.000000000
point-0001761,3272.977258979,267.869762968,219.639776445,262.500000000,0.000000000,0.000000000
point-0001762,3275.416521336,271.935200230,219.639776445,262.500000000,0.000000000,0.000000000
point-0001763,3276.133951441,271.279655597,220.639776445,262.500000000,0.000000000,0.000000000
point-0001764,3278.573213798,267.214218335,220.639776445,262.500000000,0.000000000,0.000000000
point-0001765,3279.290643903,266.558673702,221.639776445,262.500000000,0.000000000,0.000000000
point-0001766,3281.729906260,270.624110964,221.639776445,262.500000000,0.000000000,0.000000000
point-0001767,3282.447336365,269.968566331,222.639776445,262.500000000,0.000000000,0.000000000
point-0001768,3284.886598722,265.903129070,222.639776445,262.500000000,0.000000000,0.000000000
point-0001769,3285.604028827,265.247584437,223.639776445,262.500000000,0.000000000,0.000000000
point-0001770,3288.043291184,269.313021699,223.639776445,262.500000000,0.000000000,0.000000000
point-0001771,3288.760721289,268.657477066,224.639776445,262.500000000,0.000000000,0.000000000
point-0001772,3291.199983646,264.592039804,224.639776445,262.500000000,0.000000000,0.000000000
point-0001773,3291.917413751,263.936495172,225.639776445,262.500000000,0.000000000,0.000000000
point-0001774,3294.356676108,268.001932433,225.639776445,262.500000000,0.000000000,0.000000000
point-0001775,3295.074106213,267.346387801,226.639776445,262.500000000,0.000000000,0.000000000
point-0001776,3297.513368570,263.280950539,226.639776445,262.500000000,0.000000000,0.000000000
point-0001777,3298.230798675,262.625405906,227.639776445,262.500000000,0.000000000,0.000000000
point-0001778,3300.670061032,266.690843168,227.639776445,262.500000000,0.000000000,0.000000000
point-0001779,3301.387491137,266.035298535,228.639776445,262.500000000,0.000000000,0.000000000
point-0001780,3303.826753494,261.969861274,228.639776445,262.500000000,0.000000000,0.000000000
point-0001781,3304.544183599,261.314316641,229.639776445,262.500000000,0.000000000,0.000000000
point-0001782,3306.983445956,265.379753903,229.639776445,262.500000000,0.000000000,0.000000000
point-0001783,3307.700876061,264.724209270,230.639776445,262.500000000,0.000000000,0.000000000
point-0001784,3310.140138418,260.658772008,230.639776445,262.500000000,0.000000000,0.000000000
point-0001785,3310.857568523,260.003227376,231.639776445,262.500000000,0.000000000,0.000000000
point-0001786,3313.296830880,264.068664637,231.639776445,262.500000000,0.000000000,0.000000000
point-0001787,3314.014260985,263.413120005,232.639776445,262.500000000,0.000000000,0.000000000
point-0001788,3316.453523342,259.347682743,232.639776445,262.500000000,0.000000000,0.000000000
point-0001789,3317.170953447,258.692138110,233.639776445,262.500000000,0.000000000,0.000000000
point-0001790,3319.610215804,262.757575372,233.639776445,262.500000000,0.000000000,0.000000000
point-0001791,3320.327645909,262.102030739,234.639776445,262.500000000,0.000000000,0.000000000
point-0001792,3322.766908266,258.036593477,234.639776445,262.500000000,0.000000000,0.000000000
point-0001793,3323.484338371,257.381048845,235.639776445,262.500000000,0.000000000,0.000000000
point-0001794,3325.923600728,261.446486106,235.639776445,262.500000000,0.000000000,0.000000000
point-0001795,3326.641030833,260.790941474,236.639776445,262.500000000,0.000000000,0.000000000
point-0001796,3329.080293190,256.725504212,236.639776445,262.500000000,0.000000000,0.000000000
point-0001797,3329.797723295,256.069959579,237.639776445,262.500000000,0.000000000,0.000000000
point-0001798,3332.236985652,260.135396841,237.639776445,262.500000000,0.000000000,0.000000000
point-0001799,3332.954415757,259.479852208,238.639776445,262.500000000,0.000000000,0.000000000
point-0001800,3335.393678114,255.414414947,238.639776445,262.500000000,0.000000000,0.000000000
point-0001801,3336.111108219,254.758870314,239.639776445,262.500000000,0.000000000,0.000000000
point-0001802,3338.550370576,258.824307576,239.639776445,262.500000000,0.000000000,0.000000000
point-0001803,3339.267800681,258.168762943,240.639776445,262.500000000,0.000000000,0.000000000
point-0001804,3341.463833112,254.508708892,240.639776445,262.500000000,0.000000000,0.000000000
point-0001805,3342.558236253,256.034158038,241.639776445,262.500000000,0.000000000,0.000000000
point-0001806,3343.445672416,257.513218310,241.639776445,262.500000000,0.000000000,0.000000000
point-0001807,3372.314157327,280.980655622,199.639776445,263.000000000,0.000000000,0.000000000
point-0001808,3372.968455461,282.071152511,199.639776445,263.000000000,0.000000000,0.000000000
point-0001809,3374.062858601,283.596601657,200.639776445,263.000000000,0.000000000,0.000000000
point-0001810,3376.025753002,280.325110989,200.639776445,263.000000000,0.000000000,0.000000000
point-0001811,3376.743183107,279.669566356,201.639776445,263.000000000,0.000000000,0.000000000
point-0001812,3379.182445464,283.735003618,201.639776445,263.000000000,0.000000000,0.000000000
point-0001813,3379.899875569,283.079458985,202.639776445,263.000000000,0.000000000,0.000000000
point-0001814,3382.339137926,279.014021724,202.639776445,263.000000000,0.000000000,0.000000000
point-0001815,3383.056568031,278.358477091,203.639776445,263.000000000,0.000000000,0.000000000
point-0001816,3385.495830388,282.423914353,203.639776445,263.000000000,0.000000000,0.000000000
point-0001817,3386.213260493,281.768369720,204.639776445,263.000000000,0.000000000,0.000000000
point-0001818,3388.652522850,277.702932458,204.639776445,263.000000000,0.000000000,0.000000000
point-0001819,3389.369952955,277.047387826,205.639776445,263.000000000,0.000000000,0.000000000
point-0001820,3391.809215312,281.112825087,205.639776445,263.000000000,0.000000000,0.000000000
point-0001821,3392.526645417,280.457280455,206.639776445,263.000000000,0.000000000,0.000000000
point-0001822,3394.965907774,276.391843193,206.639776445,263.000000000,0.000000000,0.000000000
point-0001823,3395.683337879,275.736298560,207.639776445,263.000000000,0.000000000,0.000000000
point-0001824,3398.122600236,279.801735822,207.639776445,263.000000000,0.000000000,0.000000000
point-0001825,3398.840030341,279.146191189,208.639776445,263.000000000,0.000000000,0.000000000
point-0001826,3401.279292698,275.080753927,208.639776445,263.000000000,0.000000000,0.000000000
point-0001827,3401.996722803,274.425209295,209.639776445,263.000000000,0.000000000,0.000000000
point-0001828,3404.435985160,278.490646556,209.639776445,263.000000000,0.000000000,0.000000000
point-0001829,3405.153415265,277.835101924,210.639776445,263.000000000,0.000000000,0.000000000
point-0001830,3407.592677622,273.769664662,210.639776445,263.000000000,0.000000000,0.000000000
point-0001831,3408.310107727,273.114120029,211.639776445,263.000000000,0.000000000,0.000000000
point-0001832,3410.749370084,277.179557291,211.639776445,263.000000000,0.000000000,0.000000000
point-0001833,3411.466800189,276.524012658,212.639776445,263.000000000,0.000000000,0.000000000
point-0001834,3413.906062546,272.458575397,212.639776445,263.000000000,0.000000000,0.000000000
point-0001835,3414.623492651,271.803030764,213.639776445,263.000000000,0.000000000,0.000000000
point-0001836,3417.062755008,275.868468026,213.639776445,263.000000000,0.000000000,0.000000000
point-0001837,3417.780185113,275.212923393,214.639776445,263.000000000,0.000000000,0.000000000
point-0001838,3420.219447470,271.147486131,214.639776445,263.000000000,0.000000000,0.000000000
point-0001839,3420.936877575,270.491941499,215.639776445,263.000000000,0.000000000,0.000000000
point-0001840,3423.376139932,274.557378760,215.639776445,263.000000000,0.000000000,0.000000000
point-0001841,3424.093570037,273.901834128,216.639776445,263.000000000,0.000000000,0.000000000
point-0001842,3426.532832394,269.836396866,216.639776445,263.000000000,0.000000000,0.000000000
point-0001843,3427.250262499,269.180852233,217.639776445,263.000000000,0.000000000,0.000000000
point-0001844,3429.689524856,273.246289495,217.639776445,263.000000000,0.000000000,0.000000000
point-0001845,3430.406954961,272.590744862,218.639776445,263.000000000,0.000000000,0.000000000
point-0001846,3432.846217318,268.525307601,218.639776445,263.000000000,0.000000000,0.000000000
point-0001847,3433.563647423,267.869762968,219.639776445,263.000000000,0.000000000,0.000000000
point-0001848,3436.002909780,271.935200230,219.639776445,263.000000000,0.000000000,0.000000000
point-0001849,3436.720339885,271.279655597,220.639776445,263.000000000,0.000000000,0.000000000
point-0001850,3439.159602242,267.214218335,220.639776445,263.000000000,0.000000000,0.000000000
point-0001851,3439.877032347,266.558673702,221.639776445,263.000000000,0.000000000,0.000000000
point-0001852,3442.316294704,270.624110964,221.639776445,263.000000000,0.000000000,0.000000000
point-0001853,3443.033724809,269.968566331,222.639776445,263.000000000,0.000000000,0.000000000
point-0001854,3445.472987166,265.903129070,222.639776445,263.000000000,0.000000000,0.000000000
point-0001855,3446.190417271,265.247584437,223.639776445,263.000000000,0.000000000,0.000000000
point-0001856,3448.629679628,269.313021699,223.639776445,263.000000000,0.000000000,0.000000000
point-0001857,3449.347109733,268.657477066,224.639776445,263.000000000,0.000000000,0.000000000
point-0001858,3451.786372090,264.592039804,224.639776445,263.000000000,0.000000000,0.000000000
point-0001859,3452.503802195,263.936495172,225.639776445,263.000000000,0.000000000,0.000000000
point-0001860,3454.943064552,268.001932433,225.639776445,263.000000000,0.000000000,0.000000000
point-0001861,3455.660494657,267.346387801,226.639776445,263.000000000,0.000000000,0.000000000
point-0001862,3458.099757014,263.280950539,226.639776445,263.000000000,0.000000000,0.000000000
point-0001863,3458.817187119,262.625405906,227.639776445,263.000000000,0.000000000,0.000000000
point-0001864,3461.256449476,266.690843168,227.639776445,263.000000000,0.000000000,0.000000000
point-0001865,3461.973879581,266.035298535,228.639776445,263.000000000,0.000000000,0.000000000
point-0001866,3464.413141938,261.969861274,228.639776445,263.000000000,0.000000000,0.000000000
point-0001867,3465.130572043,261.314316641,229.639776445,263.000000000,0.000000000,0.000000000
point-0001868,3467.569834400,265.379753903,229.639776445,263.000000000,0.000000000,0.000000000
point-0001869,3468.287264505,264.724209270,230.639776445,263.000000000,0.000000000,0.000000000
point-0001870,3470.726526862,260.658772008,230.639776445,263.000000000,0.000000000,0.000000000
point-0001871,3471.443956967,260.003227376,231.639776445,263.000000000,0.000000000,0.000000000
point-0001872,3473.883219324,264.068664637,231.639776445,263.000000000,0.000000000,0.000000000
point-0001873,3474.600649429,263.413120005,232.639776445,263.000000000,0.000000000,0.000000000
point-0001874,3477.039911786,259.347682743,232.639776445,263.000000000,0.000000000,0.000000000
point-0001875,3477.757341891,258.692138110,233.639776445,263.000000000,0.000000000,0.000000000
point-0001876,3480.196604248,262.757575372,233.639776445,263.000000000,0.000000000,0.000000000
point-0001877,3480.914034353,262.102030739,234.639776445,263.000000000,0.000000000,0.000000000
point-0001878,3483.353296710,258.036593477,234.639776445,263.000000000,0.000000000,0.000000000
point-0001879,3484.070726815,257.381048845,235.639776445,263.000000000,0.000000000,0.000000000
point-0001880,3486.509989172,261.446486106,235.639776445,263.000000000,0.000000000,0.000000000
point-0001881,3487.227419277,260.790941474,236.639776445,263.000000000,0.000000000,0.000000000
point-0001882,3489.666681634,256.725504212,236.639776445,263.000000000,0.000000000,0.000000000
point-0001883,3490.384111739,256.069959579,237.639776445,263.000000000,0.000000000,0.000000000
point-0001884,3492.823374096,260.135396841,237.639776445,263.000000000,0.000000000,0.000000000
point-0001885,3493.540804201,259.479852208,238.639776445,263.000000000,0.000000000,0.000000000
point-0001886,3495.980066558,255.414414947,238.639776445,263.000000000,0.000000000,0.000000000
point-0001887,3496.697496663,254.758870314,239.639776445,263.000000000,0.000000000,0.000000000
point-0001888,3499.136759020,258.824307576,239.639776445,263.000000000,0.000000000,0.000000000
point-0001889,3499.854189125,258.168762943,240.639776445,263.000000000,0.000000000,0.000000000
point-0001890,3502.050221556,254.508708892,240.639776445,263.000000000,0.000000000,0.000000000
point-0001891,3503.144624697,256.034158038,241.639776445,263.000000000,0.000000000,0.000000000
point-0001892,3504.032060861,257.513218310,241.639776445,263.000000000,0.000000000,0.000000000
point-0001893,3532.900545771,280.980655622,199.639776445,263.500000000,0.000000000,0.000000000
point-0001894,3533.554843905,282.071152511,199.639776445,263.500000000,0.000000000,0.000000000
point-0001895,3534.649247046,283.596601657,200.639776445,263.500000000,0.000000000,0.000000000
point-0001896,3536.612141446,280.325110989,200.639776445,263.500000000,0.000000000,0.000000000
point-0001897,3537.329571551,279.669566356,201.639776445,263.500000000,0.000000000,0.000000000
point-0001898,3539.768833908,283.735003618,201.639776445,263.500000000,0.000000000,0.000000000
point-0001899,3540.486264013,283.079458985,202.639776445,263.500000000,0.000000000,0.000000000
point-0001900,3542.925526370,279.014021724,202.639776445,263.500000000,0.000000000,0.000000000
point-0001901,3543.642956475,278.358477091,203.639776445,263.500000000,0.000000000,0.000000000
point-0001902,3546.082218832,282.423914353,203.639776445,263.500000000,0.000000000,0.000000000
point-0001903,3546.799648937,281.768369720,204.639776445,263.500000000,0.000000000,0.000000000
point-0001904,3549.238911294,277.702932458,204.639776445,263.500000000,0.000000000,0.000000000
point-0001905,3549.956341399,277.047387826,205.639776445,263.500000000,0.000000000,0.000000000
point-0001906,3552.395603756,281.112825087,205.639776445,263.500000000,0.000000000,0.000000000
point-0001907,3553.113033861,280.457280455,206.639776445,263.500000000,0.000000000,0.000000000
point-0001908,3555.552296218,276.391843193,206.639776445,263.500000000,0.000000000,0.000000000
point-0001909,3556.269726323,275.736298560,207.639776445,263.500000000,0.000000000,0.000000000
point-0001910,3558.708988680,279.801735822,207.639776445,263.500000000,0.000000000,0.000000000
point-0001911,3559.426418785,279.146191189,208.639776445,263.500000000,0.000000000,0.000000000
point-0001912,3561.865681142,275.080753927,208.639776445,263.500000000,0.000000000,0.000000000
point-0001913,3562.583111247,274.425209295,209.639776445,263.500000000,0.000000000,0.000000000
point-0001914,3565.022373604,278.490646556,209.639776445,263.500000000,0.000000000,0.000000000
point-0001915,3565.739803709,277.835101924,210.639776445,263.500000000,0.000000000,0.000000000
point-0001916,3568.179066066,273.769664662,210.639776445,263.500000000,0.000000000,0.000000000
point-0001917,3568.896496171,273.114120029,211.639776445,263.500000000,0.000000000,0.000000000
point-0001918,3571.335758528,277.179557291,211.639776445,263.500000000,0.000000000,0.000000000
point-0001919,3572.053188633,276.524012658,212.639776445,263.500000000,0.000000000,0.000000000
point-0001920,3574.492450990,272.458575397,212.639776445,263.500000000,0.000000000,0.000000000
point-0001921,3575.209881095,271.803030764,213.639776445,263.500000000,0.000000000,0.000000000
point-0001922,3577.649143452,275.868468026,213.639776445,263.500000000,0.000000000,0.000000000
point-0001923,3578.366573557,275.212923393,214.639776445,263.500000000,0.000000000,0.000000000
point-0001924,3580.805835914,271.147486131,214.639776445,263.500000000,0.000000000,0.000000000
point-0001925,3581.523266019,270.491941499,215.639776445,263.500000000,0.000000000,0.000000000
point-0001926,3583.962528376,274.557378760,215.639776445,263.500000000,0.000000000,0.000000000
point-0001927,3584.679958481,273.901834128,216.639776445,263.500000000,0.000000000,0.000000000
point-0001928,3587.119220838,269.836396866,216.639776445,263.500000000,0.000000000,0.000000000
point-0001929,3587.836650943,269.180852233,217.639776445,263.500000000,0.000000000,0.000000000
point-0001930,3590.275913300,273.246289495,217.639776445,263.500000000,0.000000000,0.000000000
point-0001931,3590.993343405,272.590744862,218.639776445,263.500000000,0.000000000,0.000000000
point-0001932,3593.432605762,268.525307601,218.639776445,263.500000000,0.000000000,0.000000000
point-0001933,3594.150035867,267.869762968,219.639776445,263.500000000,0.000000000,0.000000000
point-0001934,3596.589298224,271.935200230,219.639776445,263.500000000,0.000000000,0.000000000
point-0001935,3597.306728329,271.279655597,220.639776445,263.500000000,0.000000000,0.000000000
point-0001936,3599.745990686,267.214218335,220.639776445,263.500000000,0.000000000,0.000000000
point-0001937,3600.463420791,266.558673702,221.639776445,263.500000000,0.000000000,0.000000000
point-0001938,3602.902683148,270.624110964,221.639776445,263.500000000,0.000000000,0.000000000
point-0001939,3603.620113253,269.968566331,222.639776445,263.500000000,0.000000000,0.000000000
point-0001940,3606.059375610,265.903129070,222.639776445,263.500000000,0.000000000,0.000000000
point-0001941,3606.776805715,265.247584437,223.639776445,263.500000000,0.000000000,0.000000000
point-0001942,3609.216068072,269.313021699,223.639776445,263.500000000,0.000000000,0.000000000
point-0001943,3609.933498177,268.657477066,224.639776445,263.500000000,0.000000000,0.000000000
point-0001944,3612.372760534,264.592039804,224.639776445,263.500000000,0.000000000,0.000000000
point-0001945,3613.090190639,263.936495172,225.639776445,263.500000000,0.000000000,0.000000000
point-0001946,3615.529452996,268.001932433,225.639776445,263.500000000,0.000000000,0.000000000
point-0001947,3616.246883101,267.346387801,226.639776445,263.500000000,0.000000000,0.000000000
point-0001948,3618.686145458,263.280950539,226.639776445,263.500000000,0.000000000,0.000000000
point-0001949,3619.403575563,262.625405906,227.639776445,263.500000000,0.000000000,0.000000000
point-0001950,3621.842837920,266.690843168,227.639776445,263.500000000,0.000000000,0.000000000
point-0001951,3622.560268025,266.035298535,228.639776445,263.500000000,0.000000000,0.000000000
point-0001952,3624.999530382,261.969861274,228.639776445,263.500000000,0.000000000,0.000000000
point-0001953,3625.716960487,261.314316641,229.639776445,263.500000000,0.000000000,0.000000000
point-0001954,3628.156222844,265.379753903,229.639776445,263.500000000,0.000000000,0.000000000
point-0001955,3628.873652949,264.724209270,230.639776445,263.500000000,0.000000000,0.000000000
point-0001956,3631.312915306,260.658772008,230.639776445,263.500000000,0.000000000,0.000000000
point-0001957,3632.030345411,260.003227376,231.639776445,263.500000000,0.000000000,0.000000000
point-0001958,3634.469607768,264.068664637,231.639776445,263.500000000,0.000000000,0.000000000
point-0001959,3635.187037873,263.413120005,232.639776445,263.500000000,0.000000000,0.000000000
point-0001960,3637.626300230,259.347682743,232.639776445,263.500000000,0.000000000,0.000000000
point-0001961,3638.343730335,258.692138110,233.639776445,263.500000000,0.000000000,0.000000000
point-0001962,3640.782992692,262.757575372,233.639776445,263.500000000,0.000000000,0.000000000
point-0001963,3641.500422797,262.102030739,234.639776445,263.500000000,0.000000000,0.000000000
point-0001964,3643.939685154,258.036593477,234.639776445,263.500000000,0.000000000,0.000000000
point-0001965,3644.657115259,257.381048845,235.639776445,263.500000000,0.000000000,0.000000000
point-0001966,3647.096377616,261.446486106,235.639776445,263.500000000,0.000000000,0.000000000
point-0001967,3647.813807722,260.790941474,236.639776445,263.500000000,0.000000000,0.000000000
point-0001968,3650.253070079,256.725504212,236.639776445,263.500000000,0.000000000,0.000000000
point-0001969,3650.970500184,256.069959579,237.639776445,263.500000000,0.000000000,0.000000000
point-0001970,3653.409762541,260.135396841,237.639776445,263.500000000,0.000000000,0.000000000
point-0001971,3654.127192646,259.479852208,238.639776445,263.500000000,0.000000000,0.000000000
point-0001972,3656.566455003,255.414414947,238.639776445,263.500000000,0.000000000,0.000000000
point-0001973,3657.283885108,254.758870314,239.639776445,263.500000000,0.000000000,0.000000000
point-0001974,3659.723147465,258.824307576,239.639776445,263.500000000,0.000000000,0.000000000
point-0001975,3660.440577570,258.168762943,240.639776445,263.500000000,0.000000000,0.000000000
point-0001976,3662.636610000,254.508708892,240.639776445,263.500000000,0.000000000,0.000000000
point-0001977,3663.731013141,256.034158038,241.639776445,263.500000000,0.000000000,0.000000000
point-0001978,3664.618449305,257.513218310,241.639776445,263.500000000,0.000000000,0.000000000
point-0001979,3693.486934215,280.980655622,199.639776445,264.000000000,0.000000000,0.000000000
point-0001980,3694.141232349,282.071152511,199.639776445,264.000000000,0.000000000,0.000000000
point-0001981,3695.235635490,283.596601657,200.639776445,264.000000000,0.000000000,0.000000000
point-0001982,3697.198529890,280.325110989,200.639776445,264.000000000,0.000000000,0.000000000
point-0001983,3697.915959995,279.669566356,201.639776445,264.000000000,0.000000000,0.000000000
point-0001984,3700.355222352,283.735003618,201.639776445,264.000000000,0.000000000,0.000000000
point-0001985,3701.072652457,283.079458985,202.639776445,264.000000000,0.000000000,0.000000000
point-0001986,3703.511914814,279.014021724,202.639776445,264.000000000,0.000000000,0.000000000
point-0001987,3704.229344919,278.358477091,203.639776445,264.000000000,0.000000000,0.000000000
point-0001988,3706.668607276,282.423914353,203.639776445,264.000000000,0.000000000,0.000000000
point-0001989,3707.386037381,281.768369720,204.639776445,264.000000000,0.000000000,0.000000000
point-0001990,3709.825299738,277.702932458,204.639776445,264.000000000,0.000000000,0.000000000
point-0001991,3710.542729843,277.047387826,205.639776445,264.000000000,0.000000000,0.000000000
point-0001992,3712.981992200,281.112825087,205.639776445,264.000000000,0.000000000,0.000000000
point-0001993,3713.699422305,280.457280455,206.639776445,264.000000000,0.000000000,0.000000000
point-0001994,3716.138684662,276.391843193,206.639776445,264.000000000,0.000000000,0.000000000
point-0001995,3716.856114767,275.736298560,207.639776445,264.000000000,0.000000000,0.000000000
point-0001996,3719.295377124,279.801735822,207.639776445,264.000000000,0.000000000,0.000000000
point-0001997,3720.012807229,279.146191189,208.639776445,264.000000000,0.000000000,0.000000000
point-0001998,3722.452069586,275.080753927,208.639776445,264.000000000,0.000000000,0.000000000
point-0001999,3723.169499691,274.425209295,209.639776445,264.000000000,0.000000000,0.000000000
point-0002000,3725.608762048,278.490646556,209.639776445,264.000000000,0.000000000,0.000000000
point-0002001,3726.326192153,277.835101924,210.639776445,264.000000000,0.000000000,0.000000000
point-0002002,3728.765454510,273.769664662,210.639776445,264.000000000,0.000000000,0.000000000
point-0002003,3729.482884615,273.114120029,211.639776445,264.000000000,0.000000000,0.000000000
point-0002004,3731.922146972,277.179557291,211.639776445,264.000000000,0.000000000,0.000000000
point-0002005,3732.639577077,276.524012658,212.639776445,264.000000000,0.000000000,0.000000000
point-0002006,3735.078839434,272.458575397,212.639776445,264.000000000,0.000000000,0.000000000
point-0002007,3735.796269539,271.803030764,213.639776445,264.000000000,0.000000000,0.000000000
point-0002008,3738.235531896,275.868468026,213.639776445,264.000000000,0.000000000,0.000000000
point-0002009,3738.952962001,275.212923393,214.639776445,264.000000000,0.000000000,0.000000000
point-0002010,3741.392224358,271.147486131,214.639776445,264.000000000,0.000000000,0.000000000
point-0002011,3742.109654463,270.491941499,215.639776445,264.000000000,0.000000000,0.000000000
point-0002012,3744.548916820,274.557378760,215.639776445,264.000000000,0.000000000,0.000000000
point-0002013,3745.266346925,273.901834128,216.639776445,264.000000000,0.000000000,0.000000000
point-0002014,3747.705609282,269.836396866,216.639776445,264.000000000,0.000000000,0.000000000
point-0002015,3748.423039387,269.180852233,217.639776445,264.000000000,0.000000000,0.000000000
point-0002016,3750.862301745,273.246289495,217.639776445,264.000000000,0.000000000,0.000000000
point-0002017,3751.579731850,272.590744862,218.639776445,264.000000000,0.000000000,0.000000000
point-0002018,3754.018994207,268.525307601,218.639776445,264.000000000,0.000000000,0.000000000
point-0002019,3754.736424312,267.869762968,219.639776445,264.000000000,0.000000000,0.000000000
point-0002020,3757.175686669,271.935200230,219.639776445,264.000000000,0.000000000,0.000000000
point-0002021,3757.893116774,271.279655597,220.639776445,264.000000000,0.000000000,0.000000000
point-0002022,3760.332379131,267.214218335,220.639776445,264.000000000,0.000000000,0.000000000
point-0002023,3761.049809236,266.558673702,221.639776445,264.000000000,0.000000000,0.000000000
point-0002024,3763.489071593,270.624110964,221.639776445,264.000000000,0.000000000,0.000000000
point-0002025,3764.206501698,269.968566331,222.639776445,264.000000000,0.000000000,0.000000000
point-0002026,3766.645764055,265.903129070,222.639776445,264.000000000,0.000000000,0.000000000
point-0002027,3767.363194160,265.247584437,223.639776445,264.000000000,0.000000000,0.000000000
point-0002028,3769.802456517,269.313021699,223.639776445,264.000000000,0.000000000,0.000000000
point-0002029,3770.519886622,268.657477066,224.639776445,264.000000000,0.000000000,0.000000000
point-0002030,3772.959148979,264.592039804,224.639776445,264.000000000,0.000000000,0.000000000
point-0002031,3773.676579084,263.936495172,225.639776445,264.000000000,0.000000000,0.000000000
point-0002032,3776.115841441,268.001932433,225.639776445,264.000000000,0.000000000,0.000000000
point-0002033,3776.833271546,267.346387801,226.639776445,264.000000000,0.000000000,0.000000000
point-0002034,3779.272533903,263.280950539,226.639776445,264.000000000,0.000000000,0.000000000
point-0002035,3779.989964008,262.625405906,227.639776445,264.000000000,0.000000000,0.000000000
point-0002036,3782.429226365,266.690843168,227.639776445,264.000000000,0.000000000,0.000000000
point-0002037,3783.146656470,266.035298535,228.639776445,264.000000000,0.000000000,0.000000000
point-0002038,3785.585918827,261.969861274,228.639776445,264.000000000,0.000000000,0.000000000
point-0002039,3786.303348932,261.314316641,229.639776445,264.000000000,0.000000000,0.000000000
point-0002040,3788.742611289,265.379753903,229.639776445,264.000000000,0.000000000,0.000000000
point-0002041,3789.460041394,264.724209270,230.639776445,264.000000000,0.000000000,0.000000000
point-0002042,3791.899303751,260.658772008,230.639776445,264.000000000,0.000000000,0.000000000
point-0002043,3792.616733856,260.003227376,231.639776445,264.000000000,0.000000000,0.000000000
point-0002044,3795.055996213,264.068664637,231.639776445,264.000000000,0.000000000,0.000000000
point-0002045,3795.773426318,263.413120005,232.639776445,264.000000000,0.000000000,0.000000000
point-0002046,3798.212688675,259.347682743,232.639776445,264.000000000,0.000000000,0.000000000
point-0002047,3798.930118780,258.692138110,233.639776445,264.000000000,0.000000000,0.000000000
point-0002048,3801.369381137,262.757575372,233.639776445,264.000000000,0.000000000,0.000000000
point-0002049,3802.086811242,262.102030739,234.639776445,264.000000000,0.000000000,0.000000000
point-0002050,3804.526073599,258.036593477,234.639776445,264.000000000,0.000000000,0.000000000
point-0002051,3805.243503704,257.381048845,235.639776445,264.000000000,0.000000000,0.000000000
point-0002052,3807.682766061,261.446486106,235.639776445,264.000000000,0.000000000,0.000000000
point-0002053,3808.400196166,260.790941474,236.639776445,264.000000000,0.000000000,0.000000000
point-0002054,3810.839458523,256.725504212,236.639776445,264.000000000,0.000000000,0.000000000
point-0002055,3811.556888628,256.069959579,237.639776445,264.000000000,0.000000000,0.000000000
point-0002056,3813.996150985,260.135396841,237.639776445,264.000000000,0.000000000,0.000000000
point-0002057,3814.713581090,259.479852208,238.639776445,264.000000000,0.000000000,0.000000000
point-0002058,3817.152843447,255.414414947,238.639776445,264.000000000,0.000000000,0.000000000
point-0002059,3817.870273552,254.758870314,239.639776445,264.000000000,0.000000000,0.000000000
point-0002060,3820.309535909,258.824307576,239.639776445,264.000000000,0.000000000,0.000000000
point-0002061,3821.026966014,258.168762943,240.639776445,264.000000000,0.000000000,0.000000000
point-0002062,3823.222998444,254.508708892,240.639776445,264.000000000,0.000000000,0.000000000
point-0002063,3824.317401585,256.034158038,241.639776445,264.000000000,0.000000000,0.000000000
point-0002064,3825.204837749,257.513218310,241.639776445,264.000000000,0.000000000,0.000000000
point-0002065,3854.073322659,280.980655622,199.639776445,264.500000000,0.000000000,0.000000000
point-0002066,3854.727620793,282.071152511,199.639776445,264.500000000,0.000000000,0.000000000
point-0002067,3855.822023934,283.596601657,200.639776445,264.500000000,0.000000000,0.000000000
point-0002068,3857.784918335,280.325110989,200.639776445,264.500000000,0.000000000,0.000000000
point-0002069,3858.502348440,279.669566356,201.639776445,264.500000000,0.000000000,0.000000000
point-0002070,3860.941610797,283.735003618,201.639776445,264.500000000,0.000000000,0.000000000
point-0002071,3861.659040902,283.079458985,202.639776445,264.500000000,0.000000000,0.000000000
point-0002072,3864.098303259,279.014021724,202.639776445,264.500000000,0.000000000,0.000000000
point-0002073,3864.815733364,278.358477091,203.639776445,264.500000000,0.000000000,0.000000000
point-0002074,3867.254995721,282.423914353,203.639776445,264.500000000,0.000000000,0.000000000
point-0002075,3867.972425826,281.768369720,204.639776445,264.500000000,0.000000000,0.000000000
point-0002076,3870.411688183,277.702932458,204.639776445,264.500000000,0.000000000,0.000000000
point-0002077,3871.129118288,277.047387826,205.639776445,264.500000000,0.000000000,0.000000000
point-0002078,3873.568380645,281.112825087,205.639776445,264.500000000,0.000000000,0.000000000
point-0002079,3874.285810750,280.457280455,206.639776445,264.500000000,0.000000000,0.000000000
point-0002080,3876.725073107,276.391843193,206.639776445,264.500000000,0.000000000,0.000000000
point-0002081,3877.442503212,275.736298560,207.639776445,264.500000000,0.000000000,0.000000000
point-0002082,3879.881765569,279.801735822,207.639776445,264.500000000,0.000000000,0.000000000
point-0002083,3880.599195674,279.146191189,208.639776445,264.500000000,0.000000000,0.000000000
point-0002084,3883.038458031,275.080753927,208.639776445,264.500000000,0.000000000,0.000000000
point-0002085,3883.755888136,274.425209295,209.639776445,264.500000000,0.000000000,0.000000000
point-0002086,3886.195150493,278.490646556,209.639776445,264.500000000,0.000000000,0.000000000
point-0002087,3886.912580598,277.835101924,210.639776445,264.500000000,0.000000000,0.000000000
point-0002088,3889.351842955,273.769664662,210.639776445,264.500000000,0.000000000,0.000000000
point-0002089,3890.069273060,273.114120029,211.639776445,264.500000000,0.000000000,0.000000000
point-0002090,3892.508535417,277.179557291,211.639776445,264.500000000,0.000000000,0.000000000
point-0002091,3893.225965522,276.524012658,212.639776445,264.500000000,0.000000000,0.000000000
point-0002092,3895.665227879,272.458575397,212.639776445,264.500000000,0.000000000,0.000000000
point-0002093,3896.382657984,271.803030764,213.639776445,264.500000000,0.000000000,0.000000000
point-0002094,3898.821920341,275.868468026,213.639776445,264.500000000,0.000000000,0.000000000
point-0002095,3899.539350446,275.212923393,214.639776445,264.500000000,0.000000000,0.000000000
point-0002096,3901.978612803,271.147486131,214.639776445,264.500000000,0.000000000,0.000000000
point-0002097,3902.696042908,270.491941499,215.639776445,264.500000000,0.000000000,0.000000000
point-0002098,3905.135305265,274.557378760,215.639776445,264.500000000,0.000000000,0.000000000
point-0002099,3905.852735370,273.901834128,216.639776445,264.500000000,0.000000000,0.000000000
point-0002100,3908.291997727,269.836396866,216.639776445,264.500000000,0.000000000,0.000000000
point-0002101,3909.009427832,269.180852233,217.639776445,264.500000000,0.000000000,0.000000000
point-0002102,3911.448690189,273.246289495,217.639776445,264.500000000,0.000000000,0.000000000
point-0002103,3912.166120294,272.590744862,218.639776445,264.500000000,0.000000000,0.000000000
point-0002104,3914.605382651,268.525307601,218.639776445,264.500000000,0.000000000,0.000000000
point-0002105,3915.322812756,267.869762968,219.639776445,264.500000000,0.000000000,0.000000000
point-0002106,3917.762075113,271.935200230,219.639776445,264.500000000,0.000000000,0.000000000
point-0002107,3918.479505218,271.279655597,220.639776445,264.500000000,0.000000000,0.000000000
point-0002108,3920.918767575,267.214218335,220.639776445,264.500000000,0.000000000,0.000000000
point-0002109,3921.636197680,266.558673702,221.639776445,264.500000000,0.000000000,0.000000000
point-0002110,3924.075460037,270.624110964,221.639776445,264.500000000,0.000000000,0.000000000
point-0002111,3924.792890142,269.968566331,222.639776445,264.500000000,0.000000000,0.000000000
point-0002112,3927.232152499,265.903129070,222.639776445,264.500000000,0.000000000,0.000000000
point-0002113,3927.949582604,265.247584437,223.639776445,264.500000000,0.000000000,0.000000000
point-0002114,3930.388844961,269.313021699,223.639776445,264.500000000,0.000000000,0.000000000
point-0002115,3931.106275066,268.657477066,224.639776445,264.500000000,0.000000000,0.000000000
point-0002116,3933.545537423,264.592039804,224.639776445,264.500000000,0.000000000,0.000000000
point-0002117,3934.262967528,263.936495172,225.639776445,264.500000000,0.000000000,0.000000000
point-0002118,3936.702229885,268.001932433,225.639776445,264.500000000,0.000000000,0.000000000
point-0002119,3937.419659990,267.346387801,226.639776445,264.500000000,0.000000000,0.000000000
point-0002120,3939.858922347,263.280950539,226.639776445,264.500000000,0.000000000,0.000000000
point-0002121,3940.576352452,262.625405906,227.639776445,264.500000000,0.000000000,0.000000000
point-0002122,3943.015614809,266.690843168,227.639776445,264.500000000,0.000000000,0.000000000
point-0002123,3943.733044914,266.035298535,228.639776445,264.500000000,0.000000000,0.000000000
point-0002124,3946.172307271,261.969861274,228.639776445,264.500000000,0.000000000,0.000000000
point-0002125,3946.889737376,261.314316641,229.639776445,264.500000000,0.000000000,0.000000000
point-0002126,3949.328999733,265.379753903,229.639776445,264.500000000,0.000000000,0.000000000
point-0002127,3950.046429838,264.724209270,230.639776445,264.500000000,0.000000000,0.000000000
point-0002128,3952.485692195,260.658772008,230.639776445,264.500000000,0.000000000,0.000000000
point-0002129,3953.203122300,260.003227376,231.639776445,264.500000000,0.000000000,0.000000000
point-0002130,3955.642384657,264.068664637,231.639776445,264.500000000,0.000000000,0.000000000
point-0002131,3956.359814762,263.413120005,232.639776445,264.500000000,0.000000000,0.000000000
point-0002132,3958.799077119,259.347682743,232.639776445,264.500000000,0.000000000,0.000000000
point-0002133,3959.516507224,258.692138110,233.639776445,264.500000000,0.000000000,0.000000000
point-0002134,3961.955769581,262.757575372,233.639776445,264.500000000,0.000000000,0.000000000
point-0002135,3962.673199686,262.102030739,234.639776445,264.500000000,0.000000000,0.000000000
point-0002136,3965.112462043,258.036593477,234.639776445,264.500000000,0.000000000,0.000000000
point-0002137,3965.829892148,257.381048845,235.639776445,264.500000000,0.000000000,0.000000000
point-0002138,3968.269154505,261.446486106,235.639776445,264.500000000,0.000000000,0.000000000
point-0002139,3968.986584610,260.790941474,236.639776445,264.500000000,0.000000000,0.000000000
point-0002140,3971.425846967,256.725504212,236.639776445,264.500000000,0.000000000,0.000000000
point-0002141,3972.143277072,256.069959579,237.639776445,264.500000000,0.000000000,0.000000000
point-0002142,3974.582539429,260.135396841,237.639776445,264.500000000,0.000000000,0.000000000
point-0002143,3975.299969534,259.479852208,238.639776445,264.500000000,0.000000000,0.000000000
point-0002144,3977.739231891,255.414414947,238.639776445,264.500000000,0.000000000,0.000000000
point-0002145,3978.456661996,254.758870314,239.639776445,264.500000000,0.000000000,0.000000000
point-0002146,3980.895924353,258.824307576,239.639776445,264.500000000,0.000000000,0.000000000
point-0002147,3981.613354458,258.168762943,240.639776445,264.500000000,0.000000000,0.000000000
point-0002148,3983.809386889,254.508708892,240.639776445,264.500000000,0.000000000,0.000000000
point-0002149,3984.903790029,256.034158038,241.639776445,264.500000000,0.000000000,0.000000000
point-0002150,3985.791226193,257.513218310,241.639776445,264.500000000,0.000000000,0.000000000
point-0002151,4014.659711104,280.980655622,199.639776445,265.000000000,0.000000000,0.000000000
point-0002152,4015.314009237,282.071152511,199.639776445,265.000000000,0.000000000,0.000000000
point-0002153,4016.408412378,283.596601657,200.639776445,265.000000000,0.000000000,0.000000000
point-0002154,4018.371306779,280.325110989,200.639776445,265.000000000,0.000000000,0.000000000
point-0002155,4019.088736884,279.669566356,201.639776445,265.000000000,0.000000000,0.000000000
point-0002156,4021.527999241,283.735003618,201.639776445,265.000000000,0.000000000,0.000000000
point-0002157,4022.245429346,283.079458985,202.639776445,265.000000000,0.000000000,0.000000000
point-0002158,4024.684691703,279.014021724,202.639776445,265.000000000,0.000000000,0.000000000
point-0002159,4025.402121808,278.358477091,203.639776445,265.000000000,0.000000000,0.000000000
point-0002160,4027.841384165,282.423914353,203.639776445,265.000000000,0.000000000,0.000000000
point-0002161,4028.558814270,281.768369720,204.639776445,265.000000000,0.000000000,0.000000000
point-0002162,4030.998076627,277.702932458,204.639776445,265.000000000,0.000000000,0.000000000
point-0002163,4031.715506732,277.047387826,205.639776445,265.000000000,0.000000000,0.000000000
point-0002164,4034.154769089,281.112825087,205.639776445,265.000000000,0.000000000,0.000000000
point-0002165,4034.872199194,280.457280455,206.639776445,265.000000000,0.000000000,0.000000000
point-0002166,4037.311461551,276.391843193,206.639776445,265.000000000,0.000000000,0.000000000
point-0002167,4038.028891656,275.736298560,207.639776445,265.000000000,0.000000000,0.000000000
point-0002168,4040.468154013,279.801735822,207.639776445,265.000000000,0.000000000,0.000000000
point-0002169,4041.185584118,279.146191189,208.639776445,265.000000000,0.000000000,0.000000000
point-0002170,4043.624846475,275.080753927,208.639776445,265.000000000,0.000000000,0.000000000
point-0002171,4044.342276580,274.425209295,209.639776445,265.000000000,0.000000000,0.000000000
point-0002172,4046.781538937,278.490646556,209.639776445,265.000000000,0.000000000,0.000000000
point-0002173,4047.498969042,277.835101924,210.639776445,265.000000000,0.000000000,0.000000000
point-0002174,4049.938231399,273.769664662,210.639776445,265.000000000,0.000000000,0.000000000
point-0002175,4050.655661504,273.114120029,211.639776445,265.000000000,0.000000000,0.000000000
point-0002176,4053.094923861,277.179557291,211.639776445,265.000000000,0.000000000,0.000000000
point-0002177,4053.812353966,276.524012658,212.639776445,265.000000000,0.000000000,0.000000000
point-0002178,4056.251616323,272.458575397,212.639776445,265.000000000,0.000000000,0.000000000
point-0002179,4056.969046428,271.803030764,213.639776445,265.000000000,0.000000000,0.000000000
point-0002180,4059.408308785,275.868468026,213.639776445,265.000000000,0.000000000,0.000000000
point-0002181,4060.125738890,275.212923393,214.639776445,265.000000000,0.000000000,0.000000000
point-0002182,4062.565001247,271.147486131,214.639776445,265.000000000,0.000000000,0.000000000
point-0002183,4063.282431352,270.491941499,215.639776445,265.000000000,0.000000000,0.000000000
point-0002184,4065.721693709,274.557378760,215.639776445,265.000000000,0.000000000,0.000000000
point-0002185,4066.439123814,273.901834128,216.639776445,265.000000000,0.000000000,0.000000000
point-0002186,4068.878386171,269.836396866,216.639776445,265.000000000,0.000000000,0.000000000
point-0002187,4069.595816276,269.180852233,217.639776445,265.000000000,0.000000000,0.000000000
point-0002188,4072.035078633,273.246289495,217.639776445,265.000000000,0.000000000,0.000000000
point-0002189,4072.752508738,272.590744862,218.639776445,265.000000000,0.000000000,0.000000000
point-0002190,4075.191771095,268.525307601,218.639776445,265.000000000,0.000000000,0.000000000
point-0002191,4075.909201200,267.869762968,219.639776445,265.000000000,0.000000000,0.000000000
point-0002192,4078.348463557,271.935200230,219.639776445,265.000000000,0.000000000,0.000000000
point-0002193,4079.065893662,271.279655597,220.639776445,265.000000000,0.000000000,0.000000000
point-0002194,4081.505156019,267.214218335,220.639776445,265.000000000,0.000000000,0.000000000
point-0002195,4082.222586124,266.558673702,221.639776445,265.000000000,0.000000000,0.000000000
point-0002196,4084.661848481,270.624110964,221.639776445,265.000000000,0.000000000,0.000000000
point-0002197,4085.379278586,269.968566331,222.639776445,265.000000000,0.000000000,0.000000000
point-0002198,4087.818540943,265.903129070,222.639776445,265.000000000,0.000000000,0.000000000
point-0002199,4088.535971048,265.247584437,223.639776445,265.000000000,0.000000000,0.000000000
point-0002200,4090.975233405,269.313021699,223.639776445,265.000000000,0.000000000,0.000000000
point-0002201,4091.692663510,268.657477066,224.639776445,265.000000000,0.000000000,0.000000000
point-0002202,4094.131925867,264.592039804,224.639776445,265.000000000,0.000000000,0.000000000
point-0002203,4094.849355972,263.936495172,225.639776445,265.000000000,0.000000000,0.000000000
point-0002204,4097.288618329,268.001932433,225.639776445,265.000000000,0.000000000,0.000000000
point-0002205,4098.006048434,267.346387801,226.639776445,265.000000000,0.000000000,0.000000000
point-0002206,4100.445310791,263.280950539,226.639776445,265.000000000,0.000000000,0.000000000
point-0002207,4101.162740896,262.625405906,227.639776445,265.000000000,0.000000000,0.000000000
point-0002208,4103.602003253,266.690843168,227.639776445,265.000000000,0.000000000,0.000000000
point-0002209,4104.319433358,266.035298535,228.639776445,265.000000000,0.000000000,0.000000000
point-0002210,4106.758695715,261.969861274,228.639776445,265.000000000,0.000000000,0.000000000
point-0002211,4107.476125820,261.314316641,229.639776445,265.000000000,0.000000000,0.000000000
point-0002212,4109.915388177,265.379753903,229.639776445,265.000000000,0.000000000,0.000000000
point-0002213,4110.632818282,264.724209270,230.639776445,265.000000000,0.000000000,0.000000000
point-0002214,4113.072080639,260.658772008,230.639776445,265.000000000,0.000000000,0.000000000
point-0002215,4113.789510744,260.003227376,231.639776445,265.000000000,0.000000000,0.000000000
point-0002216,4116.228773101,264.068664637,231.639776445,265.000000000,0.000000000,0.000000000
point-0002217,4116.946203206,263.413120005,232.639776445,265.000000000,0.000000000,0.000000000
point-0002218,4119.385465563,259.347682743,232.639776445,265.000000000,0.000000000,0.000000000
point-0002219,4120.102895668,258.692138110,233.639776445,265.000000000,0.000000000,0.000000000
point-0002220,4122.542158025,262.757575372,233.639776445,265.000000000,0.000000000,0.000000000
point-0002221,4123.259588130,262.102030739,234.639776445,265.000000000,0.000000000,0.000000000
point-0002222,4125.698850487,258.036593477,234.639776445,265.000000000,0.000000000,0.000000000
point-0002223,4126.416280592,257.381048845,235.639776445,265.000000000,0.000000000,0.000000000
point-0002224,4128.855542949,261.446486106,235.639776445,265.000000000,0.000000000,0.000000000
point-0002225,4129.572973054,260.790941474,236.639776445,265.000000000,0.000000000,0.000000000
point-0002226,4132.012235411,256.725504212,236.639776445,265.000000000,0.000000000,0.000000000
point-0002227,4132.729665516,256.069959579,237.639776445,265.000000000,0.000000000,0.000000000
point-0002228,4135.168927873,260.135396841,237.639776445,265.000000000,0.000000000,0.000000000
point-0002229,4135.886357978,259.479852208,238.639776445,265.000000000,0.000000000,0.000000000
point-0002230,4138.325620335,255.414414947,238.639776445,265.000000000,0.000000000,0.000000000
point-0002231,4139.043050440,254.758870314,239.639776445,265.000000000,0.000000000,0.000000000
point-0002232,4141.482312797,258.824307576,239.639776445,265.000000000,0.000000000,0.000000000
point-0002233,4142.199742902,258.168762943,240.639776445,265.000000000,0.000000000,0.000000000
point-0002234,4144.395775333,254.508708892,240.639776445,265.000000000,0.000000000,0.000000000
point-0002235,4145.490178474,256.034158038,241.639776445,265.000000000,0.000000000,0.000000000
point-0002236,4146.377614637,257.513218310,241.639776445,265.000000000,0.000000000,0.000000000
point-0002237,4175.246099548,280.980655622,199.639776445,265.500000000,0.000000000,0.000000000
point-0002238,4175.900397681,282.071152511,199.639776445,265.500000000,0.000000000,0.000000000
point-0002239,4176.994800822,283.596601657,200.639776445,265.500000000,0.000000000,0.000000000
point-0002240,4178.957695223,280.325110989,200.639776445,265.500000000,0.000000000,0.000000000
point-0002241,4179.675125328,279.669566356,201.639776445,265.500000000,0.000000000,0.000000000
point-0002242,4182.114387685,283.735003618,201.639776445,265.500000000,0.000000000,0.000000000
point-0002243,4182.831817790,283.079458985,202.639776445,265.500000000,0.000000000,0.000000000
point-0002244,4185.271080147,279.014021724,202.639776445,265.500000000,0.000000000,0.000000000
point-0002245,4185.988510252,278.358477091,203.639776445,265.500000000,0.000000000,0.000000000
point-0002246,4188.427772609,282.423914353,203.639776445,265.500000000,0.000000000,0.000000000
point-0002247,4189.145202714,281.768369720,204.639776445,265.500000000,0.000000000,0.000000000
point-0002248,4191.584465071,277.702932458,204.639776445,265.500000000,0.000000000,0.000000000
point-0002249,4192.301895176,277.047387826,205.639776445,265.500000000,0.000000000,0.000000000
point-0002250,4194.741157533,281.112825087,205.639776445,265.500000000,0.000000000,0.000000000
point-0002251,4195.458587638,280.457280455,206.639776445,265.500000000,0.000000000,0.000000000
point-0002252,4197.897849995,276.391843193,206.639776445,265.500000000,0.000000000,0.000000000
point-0002253,4198.615280100,275.736298560,207.639776445,265.500000000,0.000000000,0.000000000
point-0002254,4201.054542457,279.801735822,207.639776445,265.500000000,0.000000000,0.000000000
point-0002255,4201.771972562,279.146191189,208.639776445,265.500000000,0.000000000,0.000000000
point-0002256,4204.211234919,275.080753927,208.639776445,265.500000000,0.000000000,0.000000000
point-0002257,4204.928665024,274.425209295,209.639776445,265.500000000,0.000000000,0.000000000
point-0002258,4207.367927381,278.490646556,209.639776445,265.500000000,0.000000000,0.000000000
point-0002259,4208.085357486,277.835101924,210.639776445,265.500000000,0.000000000,0.000000000
point-0002260,4210.524619843,273.769664662,210.639776445,265.500000000,0.000000000,0.000000000
point-0002261,4211.242049948,273.114120029,211.639776445,265.500000000,0.000000000,0.000000000
point-0002262,4213.681312305,277.179557291,211.639776445,265.500000000,0.000000000,0.000000000
point-0002263,4214.398742410,276.524012658,212.639776445,265.500000000,0.000000000,0.000000000
point-0002264,4216.838004767,272.458575397,212.639776445,265.500000000,0.000000000,0.000000000
point-0002265,4217.555434872,271.803030764,213.639776445,265.500000000,0.000000000,0.000000000
point-0002266,4219.994697229,275.868468026,213.639776445,265.500000000,0.000000000,0.000000000
point-0002267,4220.712127334,275.212923393,214.639776445,265.500000000,0.000000000,0.000000000
point-0002268,4223.151389691,271.147486131,214.639776445,265.500000000,0.000000000,0.000000000
point-0002269,4223.868819796,270.491941499,215.639776445,265.500000000,0.000000000,0.000000000
point-0002270,4226.308082153,274.557378760,215.639776445,265.500000000,0.000000000,0.000000000
point-0002271,4227.025512258,273.901834128,216.639776445,265.500000000,0.000000000,0.000000000
point-0002272,4229.464774615,269.836396866,216.639776445,265.500000000,0.000000000,0.000000000
point-0002273,4230.182204720,269.180852233,217.639776445,265.500000000,0.000000000,0.000000000
point-0002274,4232.621467077,273.246289495,217.639776445,265.500000000,0.000000000,0.000000000
point-0002275,4233.338897182,272.590744862,218.639776445,265.500000000,0.000000000,0.000000000
point-0002276,4235.778159539,268.525307601,218.639776445,265.500000000,0.000000000,0.000000000
point-0002277,4236.495589644,267.869762968,219.639776445,265.500000000,0.000000000,0.000000000
point-0002278,4238.934852001,271.935200230,219.639776445,265.500000000,0.000000000,0.000000000
point-0002279,4239.652282106,271.279655597,220.639776445,265.500000000,0.000000000,0.000000000
point-0002280,4242.091544463,267.214218335,220.639776445,265.500000000,0.000000000,0.000000000
point-0002281,4242.808974568,266.558673702,221.639776445,265.500000000,0.000000000,0.000000000
point-0002282,4245.248236925,270.624110964,221.639776445,265.500000000,0.000000000,0.000000000
point-0002283,4245.965667030,269.968566331,222.639776445,265.500000000,0.000000000,0.000000000
point-0002284,4248.404929387,265.903129070,222.639776445,265.500000000,0.000000000,0.000000000
point-0002285,4249.122359492,265.247584437,223.639776445,265.500000000,0.000000000,0.000000000
point-0002286,4251.561621849,269.313021699,223.639776445,265.500000000,0.000000000,0.000000000
point-0002287,4252.279051954,268.657477066,224.639776445,265.500000000,0.000000000,0.000000000
point-0002288,4254.718314311,264.592039804,224.639776445,265.500000000,0.000000000,0.000000000
point-0002289,4255.435744416,263.936495172,225.639776445,265.500000000,0.000000000,0.000000000
point-0002290,4257.875006773,268.001932433,225.639776445,265.500000000,0.000000000,0.000000000
point-0002291,4258.592436878,267.346387801,226.639776445,265.500000000,0.000000000,0.000000000
point-0002292,4261.031699235,263.280950539,226.639776445,265.500000000,0.000000000,0.000000000
point-0002293,4261.749129340,262.625405906,227.639776445,265.500000000,0.000000000,0.000000000
point-0002294,4264.188391697,266.690843168,227.639776445,265.500000000,0.000000000,0.000000000
point-0002295,4264.905821802,266.035298535,228.639776445,265.500000000,0.000000000,0.000000000
point-0002296,4267.345084159,261.969861274,228.639776445,265.500000000,0.000000000,0.000000000
point-0002297,4268.062514264,261.314316641,229.639776445,265.500000000,0.000000000,0.000000000
point-0002298,4270.501776621,265.379753903,229.639776445,265.500000000,0.000000000,0.000000000
point-0002299,4271.219206726,264.724209270,230.639776445,265.500000000,0.000000000,0.000000000
point-0002300,4273.658469083,260.658772008,230.639776445,265.500000000,0.000000000,0.000000000
point-0002301,4274.375899188,260.003227376,231.639776445,265.500000000,0.000000000,0.000000000
point-0002302,4276.815161545,264.068664637,231.639776445,265.500000000,0.000000000,0.000000000
point-0002303,4277.532591650,263.413120005,232.639776445,265.500000000,0.000000000,0.000000000
point-0002304,4279.971854007,259.347682743,232.639776445,265.500000000,0.000000000,0.000000000
point-0002305,4280.689284112,258.692138110,233.639776445,265.500000000,0.000000000,0.000000000
point-0002306,4283.128546469,262.757575372,233.639776445,265.500000000,0.000000000,0.000000000
point-0002307,4283.845976574,262.102030739,234.639776445,265.500000000,0.000000000,0.000000000
point-0002308,4286.285238931,258.036593477,234.639776445,265.500000000,0.000000000,0.000000000
point-0002309,4287.002669036,257.381048845,235.639776445,265.500000000,0.000000000,0.000000000
point-0002310,4289.441931393,261.446486106,235.639776445,265.500000000,0.000000000,0.000000000
point-0002311,4290.159361498,260.790941474,236.639776445,265.500000000,0.000000000,0.000000000
point-0002312,4292.598623855,256.725504212,236.639776445,265.500000000,0.000000000,0.000000000
point-0002313,4293.316053960,256.069959579,237.639776445,265.500000000,0.000000000,0.000000000
point-0002314,4295.755316317,260.135396841,237.639776445,265.500000000,0.000000000,0.000000000
point-0002315,4296.472746422,259.479852208,238.639776445,265.500000000,0.000000000,0.000000000
point-0002316,4298.912008779,255.414414947,238.639776445,265.500000000,0.000000000,0.000000000
point-0002317,4299.629438884,254.758870314,239.639776445,265.500000000,0.000000000,0.000000000
point-0002318,4302.068701241,258.824307576,239.639776445,265.500000000,0.000000000,0.000000000
point-0002319,4302.786131346,258.168762943,240.639776445,265.500000000,0.000000000,0.000000000
point-0002320,4304.982163777,254.508708892,240.639776445,265.500000000,0.000000000,0.000000000
point-0002321,4306.076566918,256.034158038,241.639776445,265.500000000,0.000000000,0.000000000
point-0002322,4306.964003081,257.513218310,241.639776445,265.500000000,0.000000000,0.000000000
point-0002323,4335.832487992,280.980655622,199.639776445,266.000000000,0.000000000,0.000000000
point-0002324,4336.486786125,282.071152511,199.639776445,266.000000000,0.000000000,0.000000000
point-0002325,4337.581189266,283.596601657,200.639776445,266.000000000,0.000000000,0.000000000
point-0002326,4339.544083667,280.325110989,200.639776445,266.000000000,0.000000000,0.000000000
point-0002327,4340.261513772,279.669566356,201.639776445,266.000000000,0.000000000,0.000000000
point-0002328,4342.700776129,283.735003618,201.639776445,266.000000000,0.000000000,0.000000000
point-0002329,4343.418206234,283.079458985,202.639776445,266.000000000,0.000000000,0.000000000
point-0002330,4345.857468591,279.014021724,202.639776445,266.000000000,0.000000000,0.000000000
point-0002331,4346.574898696,278.358477091,203.639776445,266.000000000,0.000000000,0.000000000
point-0002332,4349.014161053,282.423914353,203.639776445,266.000000000,0.000000000,0.000000000
point-0002333,4349.731591158,281.768369720,204.639776445,266.000000000,0.000000000,0.000000000
point-0002334,4352.170853515,277.702932458,204.639776445,266.000000000,0.000000000,0.000000000
point-0002335,4352.888283620,277.047387826,205.639776445,266.000000000,0.000000000,0.000000000
point-0002336,4355.327545977,281.112825087,205.639776445,266.000000000,0.000000000,0.000000000
point-0002337,4356.044976082,280.457280455,206.639776445,266.000000000,0.000000000,0.000000000
point-0002338,4358.484238439,276.391843193,206.639776445,266.000000000,0.000000000,0.000000000
point-0002339,4359.201668544,275.736298560,207.639776445,266.000000000,0.000000000,0.000000000
point-0002340,4361.640930901,279.801735822,207.639776445,266.000000000,0.000000000,0.000000000
point-0002341,4362.358361006,279.146191189,208.639776445,266.000000000,0.000000000,0.000000000
point-0002342,4364.797623363,275.080753927,208.639776445,266.000000000,0.000000000,0.000000000
point-0002343,4365.515053468,274.425209295,209.639776445,266.000000000,0.000000000,0.000000000
point-0002344,4367.954315825,278.490646556,209.639776445,266.000000000,0.000000000,0.000000000
point-0002345,4368.671745930,277.835101924,210.639776445,266.000000000,0.000000000,0.000000000
point-0002346,4371.111008287,273.769664662,210.639776445,266.000000000,0.000000000,0.000000000
point-0002347,4371.828438392,273.114120029,211.639776445,266.000000000,0.000000000,0.000000000
point-0002348,4374.267700749,277.179557291,211.639776445,266.000000000,0.000000000,0.000000000
point-0002349,4374.985130854,276.524012658,212.639776445,266.000000000,0.000000000,0.000000000
point-0002350,4377.424393211,272.458575397,212.639776445,266.000000000,0.000000000,0.000000000
point-0002351,4378.141823316,271.803030764,213.639776445,266.000000000,0.000000000,0.000000000
point-0002352,4380.581085673,275.868468026,213.639776445,266.000000000,0.000000000,0.000000000
point-0002353,4381.298515778,275.212923393,214.639776445,266.000000000,0.000000000,0.000000000
point-0002354,4383.737778135,271.147486131,214.639776445,266.000000000,0.000000000,0.000000000
point-0002355,4384.455208240,270.491941499,215.639776445,266.000000000,0.000000000,0.000000000
point-0002356,4386.894470597,274.557378760,215.639776445,266.000000000,0.000000000,0.000000000
point-0002357,4387.611900702,273.901834128,216.639776445,266.000000000,0.000000000,0.000000000
point-0002358,4390.051163059,269.836396866,216.639776445,266.000000000,0.000000000,0.000000000
point-0002359,4390.768593164,269.180852233,217.639776445,266.000000000,0.000000000,0.000000000
point-0002360,4393.207855521,273.246289495,217.639776445,266.000000000,0.000000000,0.000000000
point-0002361,4393.925285626,272.590744862,218.639776445,266.000000000,0.000000000,0.000000000
point-0002362,4396.364547983,268.525307601,218.639776445,266.000000000,0.000000000,0.000000000
point-0002363,4397.081978088,267.869762968,219.639776445,266.000000000,0.000000000,0.000000000
point-0002364,4399.521240445,271.935200230,219.639776445,266.000000000,0.000000000,0.000000000
point-0002365,4400.238670550,271.279655597,220.639776445,266.000000000,0.000000000,0.000000000
point-0002366,4402.677932907,267.214218335,220.639776445,266.000000000,0.000000000,0.000000000
point-0002367,4403.395363012,266.558673702,221.639776445,266.000000000,0.000000000,0.000000000
point-0002368,4405.834625369,270.624110964,221.639776445,266.000000000,0.000000000,0.000000000
point-0002369,4406.552055474,269.968566331,222.639776445,266.000000000,0.000000000,0.000000000
point-0002370,4408.991317831,265.903129070,222.639776445,266.000000000,0.000000000,0.000000000
point-0002371,4409.708747936,265.247584437,223.639776445,266.000000000,0.000000000,0.000000000
point-0002372,4412.148010293,269.313021699,223.639776445,266.000000000,0.000000000,0.000000000
point-0002373,4412.865440398,268.657477066,224.639776445,266.000000000,0.000000000,0.000000000
point-0002374,4415.304702755,264.592039804,224.639776445,266.000000000,0.000000000,0.000000000
point-0002375,4416.022132860,263.936495172,225.639776445,266.000000000,0.000000000,0.000000000
point-0002376,4418.461395217,268.001932433,225.639776445,266.000000000,0.000000000,0.000000000
point-0002377,4419.178825322,267.346387801,226.639776445,266.000000000,0.000000000,0.000000000
point-0002378,4421.618087679,263.280950539,226.639776445,266.000000000,0.000000000,0.000000000
point-0002379,4422.335517784,262.625405906,227.639776445,266.000000000,0.000000000,0.000000000
point-0002380,4424.774780141,266.690843168,227.639776445,266.000000000,0.000000000,0.000000000
point-0002381,4425.492210246,266.035298535,228.639776445,266.000000000,0.000000000,0.000000000
point-0002382,4427.931472603,261.969861274,228.639776445,266.000000000,0.000000000,0.000000000
point-0002383,4428.648902708,261.314316641,229.639776445,266.000000000,0.000000000,0.000000000
point-0002384,4431.088165065,265.379753903,229.639776445,266.000000000,0.000000000,0.000000000
point-0002385,4431.805595170,264.724209270,230.639776445,266.000000000,0.000000000,0.000000000
point-0002386,4434.244857527,260.658772008,230.639776445,266.000000000,0.000000000,0.000000000
point-0002387,4434.962287632,260.003227376,231.639776445,266.000000000,0.000000000,0.000000000
point-0002388,4437.401549989,264.068664637,231.639776445,266.000000000,0.000000000,0.000000000
point-0002389,4438.118980094,263.413120005,232.639776445,266.000000000,0.000000000,0.000000000
point-0002390,4440.558242451,259.347682743,232.639776445,266.000000000,0.000000000,0.000000000
point-0002391,4441.275672556,258.692138110,233.639776445,266.000000000,0.000000000,0.000000000
point-0002392,4443.714934913,262.757575372,233.639776445,266.000000000,0.000000000,0.000000000
point-0002393,4444.432365018,262.102030739,234.639776445,266.000000000,0.000000000,0.000000000
point-0002394,4446.871627375,258.036593477,234.639776445,266.000000000,0.000000000,0.000000000
point-0002395,4447.589057480,257.381048845,235.639776445,266.000000000,0.000000000,0.000000000
point-0002396,4450.028319837,261.446486106,235.639776445,266.000000000,0.000000000,0.000000000
point-0002397,4450.745749942,260.790941474,236.639776445,266.000000000,0.000000000,0.000000000
point-0002398,4453.185012299,256.725504212,236.639776445,266.000000000,0.000000000,0.000000000
point-0002399,4453.902442404,256.069959579,237.639776445,266.000000000,0.000000000,0.000000000
point-0002400,4456.341704761,260.135396841,237.639776445,266.000000000,0.000000000,0.000000000
point-0002401,4457.059134866,259.479852208,238.639776445,266.000000000,0.000000000,0.000000000
point-0002402,4459.498397223,255.414414947,238.639776445,266.000000000,0.000000000,0.000000000
point-0002403,4460.215827328,254.758870314,239.639776445,266.000000000,0.000000000,0.000000000
point-0002404,4462.655089685,258.824307576,239.639776445,266.000000000,0.000000000,0.000000000
point-0002405,4463.372519790,258.168762943,240.639776445,266.000000000,0.000000000,0.000000000
point-0002406,4465.568552221,254.508708892,240.639776445,266.000000000,0.000000000,0.000000000
point-0002407,4466.662955362,256.034158038,241.639776445,266.000000000,0.000000000,0.000000000
point-0002408,4467.550391525,257.513218310,241.639776445,266.000000000,0.000000000,0.000000000
point-0002409,4496.418876436,280.980655622,199.639776445,266.500000000,0.000000000,0.000000000
point-0002410,4497.073174570,282.071152511,199.639776445,266.500000000,0.000000000,0.000000000
point-0002411,4498.167577710,283.596601657,200.639776445,266.500000000,0.000000000,0.000000000
point-0002412,4500.130472111,280.325110989,200.639776445,266.500000000,0.000000000,0.000000000
point-0002413,4500.847902216,279.669566356,201.639776445,266.500000000,0.000000000,0.000000000
point-0002414,4503.287164573,283.735003618,201.639776445,266.500000000,0.000000000,0.000000000
point-0002415,4504.004594678,283.079458985,202.639776445,266.500000000,0.000000000,0.000000000
point-0002416,4506.443857035,279.014021724,202.639776445,266.500000000,0.000000000,0.000000000
point-0002417,4507.161287140,278.358477091,203.639776445,266.500000000,0.000000000,0.000000000
point-0002418,4509.600549497,282.423914353,203.639776445,266.500000000,0.000000000,0.000000000
point-0002419,4510.317979602,281.768369720,204.639776445,266.500000000,0.000000000,0.000000000
point-0002420,4512.757241959,277.702932458,204.639776445,266.500000000,0.000000000,0.000000000
point-0002421,4513.474672064,277.047387826,205.639776445,266.500000000,0.000000000,0.000000000
point-0002422,4515.913934421,281.112825087,205.639776445,266.500000000,0.000000000,0.000000000
point-0002423,4516.631364526,280.457280455,206.639776445,266.500000000,0.000000000,0.000000000
point-0002424,4519.070626883,276.391843193,206.639776445,266.500000000,0.000000000,0.000000000
point-0002425,4519.788056988,275.736298560,207.639776445,266.500000000,0.000000000,0.000000000
point-0002426,4522.227319345,279.801735822,207.639776445,266.500000000,0.000000000,0.000000000
point-0002427,4522.944749450,279.146191189,208.639776445,266.500000000,0.000000000,0.000000000
point-0002428,4525.384011807,275.080753927,208.639776445,266.500000000,0.000000000,0.000000000
point-0002429,4526.101441912,274.425209295,209.639776445,266.500000000,0.000000000,0.000000000
point-0002430,4528.540704269,278.490646556,209.639776445,266.500000000,0.000000000,0.000000000
point-0002431,4529.258134374,277.835101924,210.639776445,266.500000000,0.000000000,0.000000000
point-0002432,4531.697396731,273.769664662,210.639776445,266.500000000,0.000000000,0.000000000
point-0002433,4532.414826836,273.114120029,211.639776445,266.500000000,0.000000000,0.000000000
point-0002434,4534.854089193,277.179557291,211.639776445,266.500000000,0.000000000,0.000000000
point-0002435,4535.571519298,276.524012658,212.639776445,266.500000000,0.000000000,0.000000000
point-0002436,4538.010781655,272.458575397,212.639776445,266.500000000,0.000000000,0.000000000
point-0002437,4538.728211760,271.803030764,213.639776445,266.500000000,0.000000000,0.000000000
point-0002438,4541.167474117,275.868468026,213.639776445,266.500000000,0.000000000,0.000000000
point-0002439,4541.884904222,275.212923393,214.639776445,266.500000000,0.000000000,0.000000000
point-0002440,4544.324166579,271.147486131,214.639776445,266.500000000,0.000000000,0.000000000
point-0002441,4545.041596684,270.491941499,215.639776445,266.500000000,0.000000000,0.000000000
point-0002442,4547.480859041,274.557378760,215.639776445,266.500000000,0.000000000,0.000000000
point-0002443,4548.198289146,273.901834128,216.639776445,266.500000000,0.000000000,0.000000000
point-0002444,4550.637551503,269.836396866,216.639776445,266.500000000,0.000000000,0.000000000
point-0002445,4551.354981608,269.180852233,217.639776445,266.500000000,0.000000000,0.000000000
point-0002446,4553.794243965,273.246289495,217.639776445,266.500000000,0.000000000,0.000000000
point-0002447,4554.511674070,272.590744862,218.639776445,266.500000000,0.000000000,0.000000000
point-0002448,4556.950936427,268.525307601,218.639776445,266.500000000,0.000000000,0.000000000
point-0002449,4557.668366532,267.869762968,219.639776445,266.500000000,0.000000000,0.000000000
point-0002450,4560.107628889,271.935200230,219.639776445,266.500000000,0.000000000,0.000000000
point-0002451,4560.825058994,271.279655597,220.639776445,266.500000000,0.000000000,0.000000000
point-0002452,4563.264321351,267.214218335,220.639776445,266.500000000,0.000000000,0.000000000
point-0002453,4563.981751456,266.558673702,221.639776445,266.500000000,0.000000000,0.000000000
point-0002454,4566.421013813,270.624110964,221.639776445,266.500000000,0.000000000,0.000000000
point-0002455,4567.138443918,269.968566331,222.639776445,266.500000000,0.000000000,0.000000000
point-0002456,4569.577706275,265.903129070,222.639776445,266.500000000,0.000000000,0.000000000
point-0002457,4570.295136380,265.247584437,223.639776445,266.500000000,0.000000000,0.000000000
point-0002458,4572.734398737,269.313021699,223.639776445,266.500000000,0.000000000,0.000000000
point-0002459,4573.451828842,268.657477066,224.639776445,266.500000000,0.000000000,0.000000000
point-0002460,4575.891091199,264.592039804,224.639776445,266.500000000,0.000000000,0.000000000
point-0002461,4576.608521304,263.936495172,225.639776445,266.500000000,0.000000000,0.000000000
point-0002462,4579.047783661,268.001932433,225.639776445,266.500000000,0.000000000,0.000000000
point-0002463,4579.765213766,267.346387801,226.639776445,266.500000000,0.000000000,0.000000000
point-0002464,4582.204476123,263.280950539,226.639776445,266.500000000,0.000000000,0.000000000
point-0002465,4582.921906228,262.625405906,227.639776445,266.500000000,0.000000000,0.000000000
point-0002466,4585.361168585,266.690843168,227.639776445,266.500000000,0.000000000,0.000000000
point-0002467,4586.078598690,266.035298535,228.639776445,266.500000000,0.000000000,0.000000000
point-0002468,4588.517861047,261.969861274,228.639776445,266.500000000,0.000000000,0.000000000
point-0002469,4589.235291152,261.314316641,229.639776445,266.500000000,0.000000000,0.000000000
point-0002470,4591.674553509,265.379753903,229.639776445,266.500000000,0.000000000,0.000000000
point-0002471,4592.391983614,264.724209270,230.639776445,266.500000000,0.000000000,0.000000000
point-0002472,4594.831245971,260.658772008,230.639776445,266.500000000,0.000000000,0.000000000
point-0002473,4595.548676076,260.003227376,231.639776445,266.500000000,0.000000000,0.000000000
point-0002474,4597.987938433,264.068664637,231.639776445,266.500000000,0.000000000,0.000000000
point-0002475,4598.705368538,263.413120005,232.639776445,266.500000000,0.000000000,0.000000000
point-0002476,4601.144630895,259.347682743,232.639776445,266.500000000,0.000000000,0.000000000
point-0002477,4601.862061000,258.692138110,233.639776445,266.500000000,0.000000000,0.000000000
point-0002478,4604.301323357,262.757575372,233.639776445,266.500000000,0.000000000,0.000000000
point-0002479,4605.018753462,262.102030739,234.639776445,266.500000000,0.000000000,0.000000000
point-0002480,4607.458015819,258.036593477,234.639776445,266.500000000,0.000000000,0.000000000
point-0002481,4608.175445924,257.381048845,235.639776445,266.500000000,0.000000000,0.000000000
point-0002482,4610.614708281,261.446486106,235.639776445,266.500000000,0.000000000,0.000000000
point-0002483,4611.332138386,260.790941474,236.639776445,266.500000000,0.000000000,0.000000000
point-0002484,4613.771400743,256.725504212,236.639776445,266.500000000,0.000000000,0.000000000
point-0002485,4614.488830848,256.069959579,237.639776445,266.500000000,0.000000000,0.000000000
point-0002486,4616.928093205,260.135396841,237.639776445,266.500000000,0.000000000,0.000000000
point-0002487,4617.645523310,259.479852208,238.639776445,266.500000000,0.000000000,0.000000000
point-0002488,4620.084785667,255.414414947,238.639776445,266.500000000,0.000000000,0.000000000
point-0002489,4620.802215772,254.758870314,239.639776445,266.500000000,0.000000000,0.000000000
point-0002490,4623.241478129,258.824307576,239.639776445,266.500000000,0.000000000,0.000000000
point-0002491,4623.958908234,258.168762943,240.639776445,266.500000000,0.000000000,0.000000000
point-0002492,4626.154940665,254.508708892,240.639776445,266.500000000,0.000000000,0.000000000
point-0002493,4627.249343806,256.034158038,241.639776445,266.500000000,0.000000000,0.000000000
point-0002494,4628.136779970,257.513218310,241.639776445,266.500000000,0.000000000,0.000000000
point-0002495,4657.005264880,280.980655622,199.639776445,267.000000000,0.000000000,0.000000000
point-0002496,4657.659563014,282.071152511,199.639776445,267.000000000,0.000000000,0.000000000
point-0002497,4658.753966155,283.596601657,200.639776445,267.000000000,0.000000000,0.000000000
point-0002498,4660.716860555,280.325110989,200.639776445,267.000000000,0.000000000,0.000000000
point-0002499,4661.434290660,279.669566356,201.639776445,267.000000000,0.000000000,0.000000000
point-0002500,4663.873553017,283.735003618,201.639776445,267.000000000,0.000000000,0.000000000
point-0002501,4664.590983122,283.079458985,202.639776445,267.000000000,0.000000000,0.000000000
point-0002502,4667.030245479,279.014021724,202.639776445,267.000000000,0.000000000,0.000000000
point-0002503,4667.747675584,278.358477091,203.639776445,267.000000000,0.000000000,0.000000000
point-0002504,4670.186937941,282.423914353,203.639776445,267.000000000,0.000000000,0.000000000
point-0002505,4670.904368046,281.768369720,204.639776445,267.000000000,0.000000000,0.000000000
point-0002506,4673.343630403,277.702932458,204.639776445,267.000000000,0.000000000,0.000000000
point-0002507,4674.061060508,277.047387826,205.639776445,267.000000000,0.000000000,0.000000000
point-0002508,4676.500322865,281.112825087,205.639776445,267.000000000,0.000000000,0.000000000
point-0002509,4677.217752970,280.457280455,206.639776445,267.000000000,0.000000000,0.000000000
point-0002510,4679.657015327,276.391843193,206.639776445,267.000000000,0.000000000,0.000000000
point-0002511,4680.374445432,275.736298560,207.639776445,267.000000000,0.000000000,0.000000000
point-0002512,4682.813707789,279.801735822,207.639776445,267.000000000,0.000000000,0.000000000
point-0002513,4683.531137894,279.146191189,208.639776445,267.000000000,0.000000000,0.000000000
point-0002514,4685.970400251,275.080753927,208.639776445,267.000000000,0.000000000,0.000000000
point-0002515,4686.687830356,274.425209295,209.639776445,267.000000000,0.000000000,0.000000000
point-0002516,4689.127092713,278.490646556,209.639776445,267.000000000,0.000000000,0.000000000
point-0002517,4689.844522818,277.835101924,210.639776445,267.000000000,0.000000000,0.000000000
point-0002518,4692.283785175,273.769664662,210.639776445,267.000000000,0.000000000,0.000000000
point-0002519,4693.001215280,273.114120029,211.639776445,267.000000000,0.000000000,0.000000000
point-0002520,4695.440477637,277.179557291,211.639776445,267.000000000,0.000000000,0.000000000
point-0002521,4696.157907742,276.524012658,212.639776445,267.000000000,0.000000000,0.000000000
point-0002522,4698.597170099,272.458575397,212.639776445,267.000000000,0.000000000,0.000000000
point-0002523,4699.314600204,271.803030764,213.639776445,267.000000000,0.000000000,0.000000000
point-0002524,4701.753862561,275.868468026,213.639776445,267.000000000,0.000000000,0.000000000
point-0002525,4702.471292666,275.212923393,214.639776445,267.000000000,0.000000000,0.000000000
point-0002526,4704.910555023,271.147486131,214.639776445,267.000000000,0.000000000,0.000000000
point-0002527,4705.627985128,270.491941499,215.639776445,267.000000000,0.000000000,0.000000000
point-0002528,4708.067247485,274.557378760,215.639776445,267.000000000,0.000000000,0.000000000
point-0002529,4708.784677590,273.901834128,216.639776445,267.000000000,0.000000000,0.000000000
point-0002530,4711.223939947,269.836396866,216.639776445,267.000000000,0.000000000,0.000000000
point-0002531,4711.941370052,269.180852233,217.639776445,267.000000000,0.000000000,0.000000000
point-0002532,4714.380632409,273.246289495,217.639776445,267.000000000,0.000000000,0.000000000
point-0002533,4715.098062514,272.590744862,218.639776445,267.000000000,0.000000000,0.000000000
point-0002534,4717.537324871,268.525307601,218.639776445,267.000000000,0.000000000,0.000000000
point-0002535,4718.254754976,267.869762968,219.639776445,267.000000000,0.000000000,0.000000000
point-0002536,4720.694017333,271.935200230,219.639776445,267.000000000,0.000000000,0.000000000
point-0002537,4721.411447438,271.279655597,220.639776445,267.000000000,0.000000000,0.000000000
point-0002538,4723.850709795,267.214218335,220.639776445,267.000000000,0.000000000,0.000000000
point-0002539,4724.568139900,266.558673702,221.639776445,267.000000000,0.000000000,0.000000000
point-0002540,4727.007402257,270.624110964,221.639776445,267.000000000,0.000000000,0.000000000
point-0002541,4727.724832362,269.968566331,222.639776445,267.000000000,0.000000000,0.000000000
point-0002542,4730.164094719,265.903129070,222.639776445,267.000000000,0.000000000,0.000000000
point-0002543,4730.881524824,265.247584437,223.639776445,267.000000000,0.000000000,0.000000000
point-0002544,4733.320787181,269.313021699,223.639776445,267.000000000,0.000000000,0.000000000
point-0002545,4734.038217286,268.657477066,224.639776445,267.000000000,0.000000000,0.000000000
point-0002546,4736.477479643,264.592039804,224.639776445,267.000000000,0.000000000,0.000000000
point-0002547,4737.194909748,263.936495172,225.639776445,267.000000000,0.000000000,0.000000000
point-0002548,4739.634172105,268.001932433,225.639776445,267.000000000,0.000000000,0.000000000
point-0002549,4740.351602210,267.346387801,226.639776445,267.000000000,0.000000000,0.000000000
point-0002550,4742.790864567,263.280950539,226.639776445,267.000000000,0.000000000,0.000000000
point-0002551,4743.508294672,262.625405906,227.639776445,267.000000000,0.000000000,0.000000000
point-0002552,4745.947557029,266.690843168,227.639776445,267.000000000,0.000000000,0.000000000
point-0002553,4746.664987134,266.035298535,228.639776445,267.000000000,0.000000000,0.000000000
point-0002554,4749.104249491,261.969861274,228.639776445,267.000000000,0.000000000,0.000000000
point-0002555,4749.821679596,261.314316641,229.639776445,267.000000000,0.000000000,0.000000000
point-0002556,4752.260941953,265.379753903,229.639776445,267.000000000,0.000000000,0.000000000
point-0002557,4752.978372058,264.724209270,230.639776445,267.000000000,0.000000000,0.000000000
point-0002558,4755.417634415,260.658772008,230.639776445,267.000000000,0.000000000,0.000000000
point-0002559,4756.135064520,260.003227376,231.639776445,267.000000000,0.000000000,0.000000000
point-0002560,4758.574326877,264.068664637,231.639776445,267.000000000,0.000000000,0.000000000
point-0002561,4759.291756982,263.413120005,232.639776445,267.000000000,0.000000000,0.000000000
point-0002562,4761.731019339,259.347682743,232.639776445,267.000000000,0.000000000,0.000000000
point-0002563,4762.448449444,258.692138110,233.639776445,267.000000000,0.000000000,0.000000000
point-0002564,4764.887711801,262.757575372,233.639776445,267.000000000,0.000000000,0.000000000
point-0002565,4765.605141906,262.102030739,234.639776445,267.000000000,0.000000000,0.000000000
point-0002566,4768.044404263,258.036593477,234.639776445,267.000000000,0.000000000,0.000000000
point-0002567,4768.761834368,257.381048845,235.639776445,267.000000000,0.000000000,0.000000000
point-0002568,4771.201096725,261.446486106,235.639776445,267.000000000,0.000000000,0.000000000
point-0002569,4771.918526830,260.790941474,236.639776445,267.000000000,0.000000000,0.000000000
point-0002570,4774.357789187,256.725504212,236.639776445,267.000000000,0.000000000,0.000000000
point-0002571,4775.075219292,256.069959579,237.639776445,267.000000000,0.000000000,0.000000000
point-0002572,4777.514481649,260.135396841,237.639776445,267.000000000,0.000000000,0.000000000
point-0002573,4778.231911754,259.479852208,238.639776445,267.000000000,0.000000000,0.000000000
point-0002574,4780.671174111,255.414414947,238.639776445,267.000000000,0.000000000,0.000000000
point-0002575,4781.388604216,254.758870314,239.639776445,267.000000000,0.000000000,0.000000000
point-0002576,4783.827866573,258.824307576,239.639776445,267.000000000,0.000000000,0.000000000
point-0002577,4784.545296678,258.168762943,240.639776445,267.000000000,0.000000000,0.000000000
point-0002578,4786.741329109,254.508708892,240.639776445,267.000000000,0.000000000,0.000000000
point-0002579,4787.835732250,256.034158038,241.639776445,267.000000000,0.000000000,0.000000000
point-0002580,4788.723168414,257.513218310,241.639776445,267.000000000,0.000000000,0.000000000
point-0002581,4817.591653324,280.980655622,199.639776445,267.500000000,0.000000000,0.000000000
point-0002582,4818.245951458,282.071152511,199.639776445,267.500000000,0.000000000,0.000000000
point-0002583,4819.340354599,283.596601657,200.639776445,267.500000000,0.000000000,0.000000000
point-0002584,4821.303248999,280.325110989,200.639776445,267.500000000,0.000000000,0.000000000
point-0002585,4822.020679104,279.669566356,201.639776445,267.500000000,0.000000000,0.000000000
point-0002586,4824.459941461,283.735003618,201.639776445,267.500000000,0.000000000,0.000000000
point-0002587,4825.177371566,283.079458985,202.639776445,267.500000000,0.000000000,0.000000000
point-0002588,4827.616633923,279.014021724,202.639776445,267.500000000,0.000000000,0.000000000
point-0002589,4828.334064028,278.358477091,203.639776445,267.500000000,0.000000000,0.000000000
point-0002590,4830.773326385,282.423914353,203.639776445,267.500000000,0.000000000,0.000000000
point-0002591,4831.490756490,281.768369720,204.639776445,267.500000000,0.000000000,0.000000000
point-0002592,4833.930018847,277.702932458,204.639776445,267.500000000,0.000000000,0.000000000
point-0002593,4834.647448952,277.047387826,205.639776445,267.500000000,0.000000000,0.000000000
point-0002594,4837.086711309,281.112825087,205.639776445,267.500000000,0.000000000,0.000000000
point-0002595,4837.804141414,280.457280455,206.639776445,267.500000000,0.000000000,0.000000000
point-0002596,4840.243403771,276.391843193,206.639776445,267.500000000,0.000000000,0.000000000
point-0002597,4840.960833876,275.736298560,207.639776445,267.500000000,0.000000000,0.000000000
point-0002598,4843.400096233,279.801735822,207.639776445,267.500000000,0.000000000,0.000000000
point-0002599,4844.117526338,279.146191189,208.639776445,267.500000000,0.000000000,0.000000000
point-0002600,4846.556788695,275.080753927,208.639776445,267.500000000,0.000000000,0.000000000
point-0002601,4847.274218800,274.425209295,209.639776445,267.500000000,0.000000000,0.000000000
point-0002602,4849.713481157,278.490646556,209.639776445,267.500000000,0.000000000,0.000000000
point-0002603,4850.430911262,277.835101924,210.639776445,267.500000000,0.000000000,0.000000000
point-0002604,4852.870173619,273.769664662,210.639776445,267.500000000,0.000000000,0.000000000
point-0002605,4853.587603724,273.114120029,211.639776445,267.500000000,0.000000000,0.000000000
point-0002606,4856.026866081,277.179557291,211.639776445,267.500000000,0.000000000,0.000000000
point-0002607,4856.744296186,276.524012658,212.639776445,267.500000000,0.000000000,0.000000000
point-0002608,4859.183558543,272.458575397,212.639776445,267.500000000,0.000000000,0.000000000
point-0002609,4859.900988648,271.803030764,213.639776445,267.500000000,0.000000000,0.000000000
point-0002610,4862.340251005,275.868468026,213.639776445,267.500000000,0.000000000,0.000000000
point-0002611,4863.057681110,275.212923393,214.639776445,267.500000000,0.000000000,0.000000000
point-0002612,4865.496943467,271.147486131,214.639776445,267.500000000,0.000000000,0.000000000
point-0002613,4866.214373572,270.491941499,215.639776445,267.500000000,0.000000000,0.000000000
point-0002614,4868.653635929,274.557378760,215.639776445,267.500000000,0.000000000,0.000000000
point-0002615,4869.371066034,273.901834128,216.639776445,267.500000000,0.000000000,0.000000000
point-0002616,4871.810328391,269.836396866,216.639776445,267.500000000,0.000000000,0.000000000
point-0002617,4872.527758496,269.180852233,217.639776445,267.500000000,0.000000000,0.000000000
point-0002618,4874.967020853,273.246289495,217.639776445,267.500000000,0.000000000,0.000000000
point-0002619,4875.684450958,272.590744862,218.639776445,267.500000000,0.000000000,0.000000000
point-0002620,4878.123713315,268.525307601,218.639776445,267.500000000,0.000000000,0.000000000
point-0002621,4878.841143420,267.869762968,219.639776445,267.500000000,0.000000000,0.000000000
point-0002622,4881.280405777,271.935200230,219.639776445,267.500000000,0.000000000,0.000000000
point-0002623,4881.997835882,271.279655597,220.639776445,267.500000000,0.000000000,0.000000000
point-0002624,4884.437098239,267.214218335,220.639776445,267.500000000,0.000000000,0.000000000
point-0002625,4885.154528344,266.558673702,221.639776445,267.500000000,0.000000000,0.000000000
point-0002626,4887.593790701,270.624110964,221.639776445,267.500000000,0.000000000,0.000000000
point-0002627,4888.311220806,269.968566331,222.639776445,267.500000000,0.000000000,0.000000000
point-0002628,4890.750483163,265.903129070,222.639776445,267.500000000,0.000000000,0.000000000
point-0002629,4891.467913268,265.247584437,223.639776445,267.500000000,0.000000000,0.000000000
point-0002630,4893.907175625,269.313021699,223.639776445,267.500000000,0.000000000,0.000000000
point-0002631,4894.624605730,268.657477066,224.639776445,267.500000000,0.000000000,0.000000000
point-0002632,4897.063868087,264.592039804,224.639776445,267.500000000,0.000000000,0.000000000
point-0002633,4897.781298192,263.936495172,225.639776445,267.500000000,0.000000000,0.000000000
point-0002634,4900.220560550,268.001932433,225.639776445,267.500000000,0.000000000,0.000000000
point-0002635,4900.937990655,267.346387801,226.639776445,267.500000000,0.000000000,0.000000000
point-0002636,4903.377253012,263.280950539,226.639776445,267.500000000,0.000000000,0.000000000
point-0002637,4904.094683117,262.625405906,227.639776445,267.500000000,0.000000000,0.000000000
point-0002638,4906.533945474,266.690843168,227.639776445,267.500000000,0.000000000,0.000000000
point-0002639,4907.251375579,266.035298535,228.639776445,267.500000000,0.000000000,0.000000000
point-0002640,4909.690637936,261.969861274,228.639776445,267.500000000,0.000000000,0.000000000
point-0002641,4910.408068041,261.314316641,229.639776445,267.500000000,0.000000000,0.000000000
point-0002642,4912.847330398,265.379753903,229.639776445,267.500000000,0.000000000,0.000000000
point-0002643,4913.564760503,264.724209270,230.639776445,267.500000000,0.000000000,0.000000000
point-0002644,4916.004022860,260.658772008,230.639776445,267.500000000,0.000000000,0.000000000
point-0002645,4916.721452965,260.003227376,231.639776445,267.500000000,0.000000000,0.000000000
point-0002646,4919.160715322,264.068664637,231.639776445,267.500000000,0.000000000,0.000000000
point-0002647,4919.878145427,263.413120005,232.639776445,267.500000000,0.000000000,0.000000000
point-0002648,4922.317407784,259.347682743,232.639776445,267.500000000,0.000000000,0.000000000
point-0002649,4923.034837889,258.692138110,233.639776445,267.500000000,0.000000000,0.000000000
point-0002650,4925.474100246,262.757575372,233.639776445,267.500000000,0.000000000,0.000000000
point-0002651,4926.191530351,262.102030739,234.639776445,267.500000000,0.000000000,0.000000000
point-0002652,4928.630792708,258.036593477,234.639776445,267.500000000,0.000000000,0.000000000
point-0002653,4929.348222813,257.381048845,235.639776445,267.500000000,0.000000000,0.000000000
point-0002654,4931.787485170,261.446486106,235.639776445,267.500000000,0.000000000,0.000000000
point-0002655,4932.504915275,260.790941474,236.639776445,267.500000000,0.000000000,0.000000000
point-0002656,4934.944177632,256.725504212,236.639776445,267.500000000,0.000000000,0.000000000
point-0002657,4935.661607737,256.069959579,237.639776445,267.500000000,0.000000000,0.000000000
point-0002658,4938.100870094,260.135396841,237.639776445,267.500000000,0.000000000,0.000000000
point-0002659,4938.818300199,259.479852208,238.639776445,267.500000000,0.000000000,0.000000000
point-0002660,4941.257562556,255.414414947,238.639776445,267.500000000,0.000000000,0.000000000
point-0002661,4941.974992661,254.758870314,239.639776445,267.500000000,0.000000000,0.000000000
point-0002662,4944.414255018,258.824307576,239.639776445,267.500000000,0.000000000,0.000000000
point-0002663,4945.131685123,258.168762943,240.639776445,267.500000000,0.000000000,0.000000000
point-0002664,4947.327717553,254.508708892,240.639776445,267.500000000,0.000000000,0.000000000
point-0002665,4948.422120694,256.034158038,241.639776445,267.500000000,0.000000000,0.000000000
point-0002666,4949.309556858,257.513218310,241.639776445,267.500000000,0.000000000,0.000000000
point-0002667,4978.178041768,280.980655622,199.639776445,268.000000000,0.000000000,0.000000000
point-0002668,4978.832339902,282.071152511,199.639776445,268.000000000,0.000000000,0.000000000
point-0002669,4979.926743043,283.596601657,200.639776445,268.000000000,0.000000000,0.000000000
point-0002670,4981.889637443,280.325110989,200.639776445,268.000000000,0.000000000,0.000000000
point-0002671,4982.607067548,279.669566356,201.639776445,268.000000000,0.000000000,0.000000000
point-0002672,4985.046329905,283.735003618,201.639776445,268.000000000,0.000000000,0.000000000
point-0002673,4985.763760010,283.079458985,202.639776445,268.000000000,0.000000000,0.000000000
point-0002674,4988.203022367,279.014021724,202.639776445,268.000000000,0.000000000,0.000000000
point-0002675,4988.920452472,278.358477091,203.639776445,268.000000000,0.000000000,0.000000000
point-0002676,4991.359714829,282.423914353,203.639776445,268.000000000,0.000000000,0.000000000
point-0002677,4992.077144934,281.768369720,204.639776445,268.000000000,0.000000000,0.000000000
point-0002678,4994.516407291,277.702932458,204.639776445,268.000000000,0.000000000,0.000000000
point-0002679,4995.233837396,277.047387826,205.639776445,268.000000000,0.000000000,0.000000000
point-0002680,4997.673099753,281.112825087,205.639776445,268.000000000,0.000000000,0.000000000
point-0002681,4998.390529858,280.457280455,206.639776445,268.000000000,0.000000000,0.000000000
point-0002682,5000.829792215,276.391843193,206.639776445,268.000000000,0.000000000,0.000000000
point-0002683,5001.547222320,275.736298560,207.639776445,268.000000000,0.000000000,0.000000000
point-0002684,5003.986484677,279.801735822,207.639776445,268.000000000,0.000000000,0.000000000
point-0002685,5004.703914782,279.146191189,208.639776445,268.000000000,0.000000000,0.000000000
point-0002686,5007.143177140,275.080753927,208.639776445,268.000000000,0.000000000,0.000000000
point-0002687,5007.860607245,274.425209295,209.639776445,268.000000000,0.000000000,0.000000000
point-0002688,5010.299869602,278.490646556,209.639776445,268.000000000,0.000000000,0.000000000
point-0002689,5011.017299707,277.835101924,210.639776445,268.000000000,0.000000000,0.000000000
point-0002690,5013.456562064,273.769664662,210.639776445,268.000000000,0.000000000,0.000000000
point-0002691,5014.173992169,273.114120029,211.639776445,268.000000000,0.000000000,0.000000000
point-0002692,5016.613254526,277.179557291,211.639776445,268.000000000,0.000000000,0.000000000
point-0002693,5017.330684631,276.524012658,212.639776445,268.000000000,0.000000000,0.000000000
point-0002694,5019.769946988,272.458575397,212.639776445,268.000000000,0.000000000,0.000000000
point-0002695,5020.487377093,271.803030764,213.639776445,268.000000000,0.000000000,0.000000000
point-0002696,5022.926639450,275.868468026,213.639776445,268.000000000,0.000000000,0.000000000
point-0002697,5023.644069555,275.212923393,214.639776445,268.000000000,0.000000000,0.000000000
point-0002698,5026.083331912,271.147486131,214.639776445,268.000000000,0.000000000,0.000000000
point-0002699,5026.800762017,270.491941499,215.639776445,268.000000000,0.000000000,0.000000000
point-0002700,5029.240024374,274.557378760,215.639776445,268.000000000,0.000000000,0.000000000
point-0002701,5029.957454479,273.901834128,216.639776445,268.000000000,0.000000000,0.000000000
point-0002702,5032.396716836,269.836396866,216.639776445,268.000000000,0.000000000,0.000000000
point-0002703,5033.114146941,269.180852233,217.639776445,268.000000000,0.000000000,0.000000000
point-0002704,5035.553409298,273.246289495,217.639776445,268.000000000,0.000000000,0.000000000
point-0002705,5036.270839403,272.590744862,218.639776445,268.000000000,0.000000000,0.000000000
point-0002706,5038.710101760,268.525307601,218.639776445,268.000000000,0.000000000,0.000000000
point-0002707,5039.427531865,267.869762968,219.639776445,268.000000000,0.000000000,0.000000000
point-0002708,5041.866794222,271.935200230,219.639776445,268.000000000,0.000000000,0.000000000
point-0002709,5042.584224327,271.279655597,220.639776445,268.000000000,0.000000000,0.000000000
point-0002710,5045.023486684,267.214218335,220.639776445,268.000000000,0.000000000,0.000000000
point-0002711,5045.740916789,266.558673702,221.639776445,268.000000000,0.000000000,0.000000000
point-0002712,5048.180179146,270.624110964,221.639776445,268.000000000,0.000000000,0.000000000
point-0002713,5048.897609251,269.968566331,222.639776445,268.000000000,0.000000000,0.000000000
point-0002714,5051.336871608,265.903129070,222.639776445,268.000000000,0.000000000,0.000000000
point-0002715,5052.054301713,265.247584437,223.639776445,268.000000000,0.000000000,0.000000000
point-0002716,5054.493564070,269.313021699,223.639776445,268.000000000,0.000000000,0.000000000
point-0002717,5055.210994175,268.657477066,224.639776445,268.000000000,0.000000000,0.000000000
point-0002718,5057.650256532,264.592039804,224.639776445,268.000000000,0.000000000,0.000000000
point-0002719,5058.367686637,263.936495172,225.639776445,268.000000000,0.000000000,0.000000000
point-0002720,5060.806948994,268.001932433,225.639776445,268.000000000,0.000000000,0.000000000
point-0002721,5061.524379099,267.346387801,226.639776445,268.000000000,0.000000000,0.000000000
point-0002722,5063.963641456,263.280950539,226.639776445,268.000000000,0.000000000,0.000000000
point-0002723,5064.681071561,262.625405906,227.639776445,268.000000000,0.000000000,0.000000000
point-0002724,5067.120333918,266.690843168,227.639776445,268.000000000,0.000000000,0.000000000
point-0002725,5067.837764023,266.035298535,228.639776445,268.000000000,0.000000000,0.000000000
point-0002726,5070.277026380,261.969861274,228.639776445,268.000000000,0.000000000,0.000000000
point-0002727,5070.994456485,261.314316641,229.639776445,268.000000000,0.000000000,0.000000000
point-0002728,5073.433718842,265.379753903,229.639776445,268.000000000,0.000000000,0.000000000
point-0002729,5074.151148947,264.724209270,230.639776445,268.000000000,0.000000000,0.000000000
point-0002730,5076.590411304,260.658772008,230.639776445,268.000000000,0.000000000,0.000000000
point-0002731,5077.307841409,260.003227376,231.639776445,268.000000000,0.000000000,0.000000000
point-0002732,5079.747103766,264.068664637,231.639776445,268.000000000,0.000000000,0.000000000
point-0002733,5080.464533871,263.413120005,232.639776445,268.000000000,0.000000000,0.000000000
point-0002734,5082.903796228,259.347682743,232.639776445,268.000000000,0.000000000,0.000000000
point-0002735,5083.621226333,258.692138110,233.639776445,268.000000000,0.000000000,0.000000000
point-0002736,5086.060488690,262.757575372,233.639776445,268.000000000,0.000000000,0.000000000
point-0002737,5086.777918795,262.102030739,234.639776445,268.000000000,0.000000000,0.000000000
point-0002738,5089.217181152,258.036593477,234.639776445,268.000000000,0.000000000,0.000000000
point-0002739,5089.934611257,257.381048845,235.639776445,268.000000000,0.000000000,0.000000000
point-0002740,5092.373873614,261.446486106,235.639776445,268.000000000,0.000000000,0.000000000
point-0002741,5093.091303719,260.790941474,236.639776445,268.000000000,0.000000000,0.000000000
point-0002742,5095.530566076,256.725504212,236.639776445,268.000000000,0.000000000,0.000000000
point-0002743,5096.247996181,256.069959579,237.639776445,268.000000000,0.000000000,0.000000000
point-0002744,5098.687258538,260.135396841,237.639776445,268.000000000,0.000000000,0.000000000
point-0002745,5099.404688643,259.479852208,238.639776445,268.000000000,0.000000000,0.000000000
point-0002746,5101.843951000,255.414414947,238.639776445,268.000000000,0.000000000,0.000000000
point-0002747,5102.561381105,254.758870314,239.639776445,268.000000000,0.000000000,0.000000000
point-0002748,5105.000643462,258.824307576,239.639776445,268.000000000,0.000000000,0.000000000
point-0002749,5105.718073567,258.168762943,240.639776445,268.000000000,0.000000000,0.000000000
point-0002750,5107.914105997,254.508708892,240.639776445,268.000000000,0.000000000,0.000000000
point-0002751,5109.008509138,256.034158038,241.639776445,268.000000000,0.000000000,0.000000000
point-0002752,5109.895945302,257.513218310,241.639776445,268.000000000,0.000000000,0.000000000
point-0002753,5138.764430212,280.980655622,199.639776445,268.500000000,0.000000000,0.000000000
point-0002754,5139.418728346,282.071152511,199.639776445,268.500000000,0.000000000,0.000000000
point-0002755,5140.513131487,283.596601657,200.639776445,268.500000000,0.000000000,0.000000000
point-0002756,5142.476025888,280.325110989,200.639776445,268.500000000,0.000000000,0.000000000
point-0002757,5143.193455993,279.669566356,201.639776445,268.500000000,0.000000000,0.000000000
point-0002758,5145.632718350,283.735003618,201.639776445,268.500000000,0.000000000,0.000000000
point-0002759,5146.350148455,283.079458985,202.639776445,268.500000000,0.000000000,0.000000000
point-0002760,5148.789410812,279.014021724,202.639776445,268.500000000,0.000000000,0.000000000
point-0002761,5149.506840917,278.358477091,203.639776445,268.500000000,0.000000000,0.000000000
point-0002762,5151.946103274,282.423914353,203.639776445,268.500000000,0.000000000,0.000000000
point-0002763,5152.663533379,281.768369720,204.639776445,268.500000000,0.000000000,0.000000000
point-0002764,5155.102795736,277.702932458,204.639776445,268.500000000,0.000000000,0.000000000
point-0002765,5155.820225841,277.047387826,205.639776445,268.500000000,0.000000000,0.000000000
point-0002766,5158.259488198,281.112825087,205.639776445,268.500000000,0.000000000,0.000000000
point-0002767,5158.976918303,280.457280455,206.639776445,268.500000000,0.000000000,0.000000000
point-0002768,5161.416180660,276.391843193,206.639776445,268.500000000,0.000000000,0.000000000
point-0002769,5162.133610765,275.736298560,207.639776445,268.500000000,0.000000000,0.000000000
point-0002770,5164.572873122,279.801735822,207.639776445,268.500000000,0.000000000,0.000000000
point-0002771,5165.290303227,279.146191189,208.639776445,268.500000000,0.000000000,0.000000000
point-0002772,5167.729565584,275.080753927,208.639776445,268.500000000,0.000000000,0.000000000
point-0002773,5168.446995689,274.425209295,209.639776445,268.500000000,0.000000000,0.000000000
point-0002774,5170.886258046,278.490646556,209.639776445,268.500000000,0.000000000,0.000000000
point-0002775,5171.603688151,277.835101924,210.639776445,268.500000000,0.000000000,0.000000000
point-0002776,5174.042950508,273.769664662,210.639776445,268.500000000,0.000000000,0.000000000
point-0002777,5174.760380613,273.114120029,211.639776445,268.500000000,0.000000000,0.000000000
point-0002778,5177.199642970,277.179557291,211.639776445,268.500000000,0.000000000,0.000000000
point-0002779,5177.917073075,276.524012658,212.639776445,268.500000000,0.000000000,0.000000000
point-0002780,5180.356335432,272.458575397,212.639776445,268.500000000,0.000000000,0.000000000
point-0002781,5181.073765537,271.803030764,213.639776445,268.500000000,0.000000000,0.000000000
point-0002782,5183.513027894,275.868468026,213.639776445,268.500000000,0.000000000,0.000000000
point-0002783,5184.230457999,275.212923393,214.639776445,268.500000000,0.000000000,0.000000000
point-0002784,5186.669720356,271.147486131,214.639776445,268.500000000,0.000000000,0.000000000
point-0002785,5187.387150461,270.491941499,215.639776445,268.500000000,0.000000000,0.000000000
point-0002786,5189.826412818,274.557378760,215.639776445,268.500000000,0.000000000,0.000000000
point-0002787,5190.543842923,273.901834128,216.639776445,268.500000000,0.000000000,0.000000000
point-0002788,5192.983105280,269.836396866,216.639776445,268.500000000,0.000000000,0.000000000
point-0002789,5193.700535385,269.180852233,217.639776445,268.500000000,0.000000000,0.000000000
point-0002790,5196.139797742,273.246289495,217.639776445,268.500000000,0.000000000,0.000000000
point-0002791,5196.857227847,272.590744862,218.639776445,268.500000000,0.000000000,0.000000000
point-0002792,5199.296490204,268.525307601,218.639776445,268.500000000,0.000000000,0.000000000
point-0002793,5200.013920309,267.869762968,219.639776445,268.500000000,0.000000000,0.000000000
point-0002794,5202.453182666,271.935200230,219.639776445,268.500000000,0.000000000,0.000000000
point-0002795,5203.170612771,271.279655597,220.639776445,268.500000000,0.000000000,0.000000000
point-0002796,5205.609875128,267.214218335,220.639776445,268.500000000,0.000000000,0.000000000
point-0002797,5206.327305233,266.558673702,221.639776445,268.500000000,0.000000000,0.000000000
point-0002798,5208.766567590,270.624110964,221.639776445,268.500000000,0.000000000,0.000000000
point-0002799,5209.483997695,269.968566331,222.639776445,268.500000000,0.000000000,0.000000000
point-0002800,5211.923260052,265.903129070,222.639776445,268.500000000,0.000000000,0.000000000
point-0002801,5212.640690157,265.247584437,223.639776445,268.500000000,0.000000000,0.000000000
point-0002802,5215.079952514,269.313021699,223.639776445,268.500000000,0.000000000,0.000000000
point-0002803,5215.797382619,268.657477066,224.639776445,268.500000000,0.000000000,0.000000000
point-0002804,5218.236644976,264.592039804,224.639776445,268.500000000,0.000000000,0.000000000
point-0002805,5218.954075081,263.936495172,225.639776445,268.500000000,0.000000000,0.000000000
point-0002806,5221.393337438,268.001932433,225.639776445,268.500000000,0.000000000,0.000000000
point-0002807,5222.110767543,267.346387801,226.639776445,268.500000000,0.000000000,0.000000000
point-0002808,5224.550029900,263.280950539,226.639776445,268.500000000,0.000000000,0.000000000
point-0002809,5225.267460005,262.625405906,227.639776445,268.500000000,0.000000000,0.000000000
point-0002810,5227.706722362,266.690843168,227.639776445,268.500000000,0.000000000,0.000000000
point-0002811,5228.424152467,266.035298535,228.639776445,268.500000000,0.000000000,0.000000000
point-0002812,5230.863414824,261.969861274,228.639776445,268.500000000,0.000000000,0.000000000
point-0002813,5231.580844929,261.314316641,229.639776445,268.500000000,0.000000000,0.000000000
point-0002814,5234.020107286,265.379753903,229.639776445,268.500000000,0.000000000,0.000000000
point-0002815,5234.737537391,264.724209270,230.639776445,268.500000000,0.000000000,0.000000000
point-0002816,5237.176799748,260.658772008,230.639776445,268.500000000,0.000000000,0.000000000
point-0002817,5237.894229853,260.003227376,231.639776445,268.500000000,0.000000000,0.000000000
point-0002818,5240.333492210,264.068664637,231.639776445,268.500000000,0.000000000,0.000000000
point-0002819,5241.050922315,263.413120005,232.639776445,268.500000000,0.000000000,0.000000000
point-0002820,5243.490184672,259.347682743,232.639776445,268.500000000,0.000000000,0.000000000
point-0002821,5244.207614777,258.692138110,233.639776445,268.500000000,0.000000000,0.000000000
point-0002822,5246.646877134,262.757575372,233.639776445,268.500000000,0.000000000,0.000000000
point-0002823,5247.364307239,262.102030739,234.639776445,268.500000000,0.000000000,0.000000000
point-0002824,5249.803569596,258.036593477,234.639776445,268.500000000,0.000000000,0.000000000
point-0002825,5250.520999701,257.381048845,235.639776445,268.500000000,0.000000000,0.000000000
point-0002826,5252.960262058,261.446486106,235.639776445,268.500000000,0.000000000,0.000000000
point-0002827,5253.677692163,260.790941474,236.639776445,268.500000000,0.000000000,0.000000000
point-0002828,5256.116954520,256.725504212,236.639776445,268.500000000,0.000000000,0.000000000
point-0002829,5256.834384625,256.069959579,237.639776445,268.500000000,0.000000000,0.000000000
point-0002830,5259.273646982,260.135396841,237.639776445,268.500000000,0.000000000,0.000000000
point-0002831,5259.991077087,259.479852208,238.639776445,268.500000000,0.000000000,0.000000000
point-0002832,5262.430339444,255.414414947,238.639776445,268.500000000,0.000000000,0.000000000
point-0002833,5263.147769549,254.758870314,239.639776445,268.500000000,0.000000000,0.000000000
point-0002834,5265.587031906,258.824307576,239.639776445,268.500000000,0.000000000,0.000000000
point-0002835,5266.304462011,258.168762943,240.639776445,268.500000000,0.000000000,0.000000000
point-0002836,5268.500494442,254.508708892,240.639776445,268.500000000,0.000000000,0.000000000
point-0002837,5269.594897582,256.034158038,241.639776445,268.500000000,0.000000000,0.000000000
point-0002838,5270.482333746,257.513218310,241.639776445,268.500000000,0.000000000,0.000000000
point-0002839,5299.350818657,280.980655622,199.639776445,269.000000000,0.000000000,0.000000000
point-0002840,5300.005116790,282.071152511,199.639776445,269.000000000,0.000000000,0.000000000
point-0002841,5301.099519931,283.596601657,200.639776445,269.000000000,0.000000000,0.000000000
point-0002842,5303.062414332,280.325110989,200.639776445,269.000000000,0.000000000,0.000000000
point-0002843,5303.779844437,279.669566356,201.639776445,269.000000000,0.000000000,0.000000000
point-0002844,5306.219106794,283.735003618,201.639776445,269.000000000,0.000000000,0.000000000
point-0002845,5306.936536899,283.079458985,202.639776445,269.000000000,0.000000000,0.000000000
point-0002846,5309.375799256,279.014021724,202.639776445,269.000000000,0.000000000,0.000000000
point-0002847,5310.093229361,278.358477091,203.639776445,269.000000000,0.000000000,0.000000000
point-0002848,5312.532491718,282.423914353,203.639776445,269.000000000,0.000000000,0.000000000
point-0002849,5313.249921823,281.768369720,204.639776445,269.000000000,0.000000000,0.000000000
point-0002850,5315.689184180,277.702932458,204.639776445,269.000000000,0.000000000,0.000000000
point-0002851,5316.406614285,277.047387826,205.639776445,269.000000000,0.000000000,0.000000000
point-0002852,5318.845876642,281.112825087,205.639776445,269.000000000,0.000000000,0.000000000
point-0002853,5319.563306747,280.457280455,206.639776445,269.000000000,0.000000000,0.000000000
point-0002854,5322.002569104,276.391843193,206.639776445,269.000000000,0.000000000,0.000000000
point-0002855,5322.719999209,275.736298560,207.639776445,269.000000000,0.000000000,0.000000000
point-0002856,5325.159261566,279.801735822,207.639776445,269.000000000,0.000000000,0.000000000
point-0002857,5325.876691671,279.146191189,208.639776445,269.000000000,0.000000000,0.000000000
point-0002858,5328.315954028,275.080753927,208.639776445,269.000000000,0.000000000,0.000000000
point-0002859,5329.033384133,274.425209295,209.639776445,269.000000000,0.000000000,0.000000000
point-0002860,5331.472646490,278.490646556,209.639776445,269.000000000,0.000000000,0.000000000
point-0002861,5332.190076595,277.835101924,210.639776445,269.000000000,0.000000000,0.000000000
point-0002862,5334.629338952,273.769664662,210.639776445,269.000000000,0.000000000,0.000000000
point-0002863,5335.346769057,273.114120029,211.639776445,269.000000000,0.000000000,0.000000000
point-0002864,5337.786031414,277.179557291,211.639776445,269.000000000,0.000000000,0.000000000
point-0002865,5338.503461519,276.524012658,212.639776445,269.000000000,0.000000000,0.000000000
point-0002866,5340.942723876,272.458575397,212.639776445,269.000000000,0.000000000,0.000000000
point-0002867,5341.660153981,271.803030764,213.639776445,269.000000000,0.000000000,0.000000000
point-0002868,5344.099416338,275.868468026,213.639776445,269.000000000,0.000000000,0.000000000
point-0002869,5344.816846443,275.212923393,214.639776445,269.000000000,0.000000000,0.000000000
point-0002870,5347.256108800,271.147486131,214.639776445,269.000000000,0.000000000,0.000000000
point-0002871,5347.973538905,270.491941499,215.639776445,269.000000000,0.000000000,0.000000000
point-0002872,5350.412801262,274.557378760,215.639776445,269.000000000,0.000000000,0.000000000
point-0002873,5351.130231367,273.901834128,216.639776445,269.000000000,0.000000000,0.000000000
point-0002874,5353.569493724,269.836396866,216.639776445,269.000000000,0.000000000,0.000000000
point-0002875,5354.286923829,269.180852233,217.639776445,269.000000000,0.000000000,0.000000000
point-0002876,5356.726186186,273.246289495,217.639776445,269.000000000,0.000000000,0.000000000
point-0002877,5357.443616291,272.590744862,218.639776445,269.000000000,0.000000000,0.000000000
point-0002878,5359.882878648,268.525307601,218.639776445,269.000000000,0.000000000,0.000000000
point-0002879,5360.600308753,267.869762968,219.639776445,269.000000000,0.000000000,0.000000000
point-0002880,5363.039571110,271.935200230,219.639776445,269.000000000,0.000000000,0.000000000
point-0002881,5363.757001215,271.279655597,220.639776445,269.000000000,0.000000000,0.000000000
point-0002882,5366.196263572,267.214218335,220.639776445,269.000000000,0.000000000,0.000000000
point-0002883,5366.913693677,266.558673702,221.639776445,269.000000000,0.000000000,0.000000000
point-0002884,5369.352956034,270.624110964,221.639776445,269.000000000,0.000000000,0.000000000
point-0002885,5370.070386139,269.968566331,222.639776445,269.000000000,0.000000000,0.000000000
point-0002886,5372.509648496,265.903129070,222.639776445,269.000000000,0.000000000,0.000000000
point-0002887,5373.227078601,265.247584437,223.639776445,269.000000000,0.000000000,0.000000000
point-0002888,5375.666340958,269.313021699,223.639776445,269.000000000,0.000000000,0.000000000
point-0002889,5376.383771063,268.657477066,224.639776445,269.000000000,0.000000000,0.000000000
point-0002890,5378.823033420,264.592039804,224.639776445,269.000000000,0.000000000,0.000000000
point-0002891,5379.540463525,263.936495172,225.639776445,269.000000000,0.000000000,0.000000000
point-0002892,5381.979725882,268.001932433,225.639776445,269.000000000,0.000000000,0.000000000
point-0002893,5382.697155987,267.346387801,226.639776445,269.000000000,0.000000000,0.000000000
point-0002894,5385.136418344,263.280950539,226.639776445,269.000000000,0.000000000,0.000000000
point-0002895,5385.853848449,262.625405906,227.639776445,269.000000000,0.000000000,0.000000000
point-0002896,5388.293110806,266.690843168,227.639776445,269.000000000,0.000000000,0.000000000
point-0002897,5389.010540911,266.035298535,228.639776445,269.000000000,0.000000000,0.000000000
point-0002898,5391.449803268,261.969861274,228.639776445,269.000000000,0.000000000,0.000000000
point-0002899,5392.167233373,261.314316641,229.639776445,269.000000000,0.000000000,0.000000000
point-0002900,5394.606495730,265.379753903,229.639776445,269.000000000,0.000000000,0.000000000
point-0002901,5395.323925835,264.724209270,230.639776445,269.000000000,0.000000000,0.000000000
point-0002902,5397.763188192,260.658772008,230.639776445,269.000000000,0.000000000,0.000000000
point-0002903,5398.480618297,260.003227376,231.639776445,269.000000000,0.000000000,0.000000000
point-0002904,5400.919880654,264.068664637,231.639776445,269.000000000,0.000000000,0.000000000
point-0002905,5401.637310759,263.413120005,232.639776445,269.000000000,0.000000000,0.000000000
point-0002906,5404.076573116,259.347682743,232.639776445,269.000000000,0.000000000,0.000000000
point-0002907,5404.794003221,258.692138110,233.639776445,269.000000000,0.000000000,0.000000000
point-0002908,5407.233265578,262.757575372,233.639776445,269.000000000,0.000000000,0.000000000
point-0002909,5407.950695683,262.102030739,234.639776445,269.000000000,0.000000000,0.000000000
point-0002910,5410.389958040,258.036593477,234.639776445,269.000000000,0.000000000,0.000000000
point-0002911,5411.107388145,257.381048845,235.639776445,269.000000000,0.000000000,0.000000000
point-0002912,5413.546650502,261.446486106,235.639776445,269.000000000,0.000000000,0.000000000
point-0002913,5414.264080607,260.790941474,236.639776445,269.000000000,0.000000000,0.000000000
point-0002914,5416.703342964,256.725504212,236.639776445,269.000000000,0.000000000,0.000000000
point-0002915,5417.420773069,256.069959579,237.639776445,269.000000000,0.000000000,0.000000000
point-0002916,5419.860035426,260.135396841,237.639776445,269.000000000,0.000000000,0.000000000
point-0002917,5420.577465531,259.479852208,238.639776445,269.000000000,0.000000000,0.000000000
point-0002918,5423.016727888,255.414414947,238.639776445,269.000000000,0.000000000,0.000000000
point-0002919,5423.734157993,254.758870314,239.639776445,269.000000000,0.000000000,0.000000000
point-0002920,5426.173420350,258.824307576,239.639776445,269.000000000,0.000000000,0.000000000
point-0002921,5426.890850455,258.168762943,240.639776445,269.000000000,0.000000000,0.000000000
point-0002922,5429.086882886,254.508708892,240.639776445,269.000000000,0.000000000,0.000000000
point-0002923,5430.181286027,256.034158038,241.639776445,269.000000000,0.000000000,0.000000000
point-0002924,5431.068722190,257.513218310,241.639776445,269.000000000,0.000000000,0.000000000
point-0002925,5459.937207101,280.980655622,199.639776445,269.500000000,0.000000000,0.000000000
point-0002926,5460.591505234,282.071152511,199.639776445,269.500000000,0.000000000,0.000000000
point-0002927,5461.685908375,283.596601657,200.639776445,269.500000000,0.000000000,0.000000000
point-0002928,5463.648802776,280.325110989,200.639776445,269.500000000,0.000000000,0.000000000
point-0002929,5464.366232881,279.669566356,201.639776445,269.500000000,0.000000000,0.000000000
point-0002930,5466.805495238,283.735003618,201.639776445,269.500000000,0.000000000,0.000000000
point-0002931,5467.522925343,283.079458985,202.639776445,269.500000000,0.000000000,0.000000000
point-0002932,5469.962187700,279.014021724,202.639776445,269.500000000,0.000000000,0.000000000
point-0002933,5470.679617805,278.358477091,203.639776445,269.500000000,0.000000000,0.000000000
point-0002934,5473.118880162,282.423914353,203.639776445,269.500000000,0.000000000,0.000000000
point-0002935,5473.836310267,281.768369720,204.639776445,269.500000000,0.000000000,0.000000000
point-0002936,5476.275572624,277.702932458,204.639776445,269.500000000,0.000000000,0.000000000
point-0002937,5476.993002729,277.047387826,205.639776445,269.500000000,0.000000000,0.000000000
point-0002938,5479.432265086,281.112825087,205.639776445,269.500000000,0.000000000,0.000000000
point-0002939,5480.149695191,280.457280455,206.639776445,269.500000000,0.000000000,0.000000000
point-0002940,5482.588957548,276.391843193,206.639776445,269.500000000,0.000000000,0.000000000
point-0002941,5483.306387653,275.736298560,207.639776445,269.500000000,0.000000000,0.000000000
point-0002942,5485.745650010,279.801735822,207.639776445,269.500000000,0.000000000,0.000000000
point-0002943,5486.463080115,279.146191189,208.639776445,269.500000000,0.000000000,0.000000000
point-0002944,5488.902342472,275.080753927,208.639776445,269.500000000,0.000000000,0.000000000
point-0002945,5489.619772577,274.425209295,209.639776445,269.500000000,0.000000000,0.000000000
point-0002946,5492.059034934,278.490646556,209.639776445,269.500000000,0.000000000,0.000000000
point-0002947,5492.776465039,277.835101924,210.639776445,269.500000000,0.000000000,0.000000000
point-0002948,5495.215727396,273.769664662,210.639776445,269.500000000,0.000000000,0.000000000
point-0002949,5495.933157501,273.114120029,211.639776445,269.500000000,0.000000000,0.000000000
point-0002950,5498.372419858,277.179557291,211.639776445,269.500000000,0.000000000,0.000000000
point-0002951,5499.089849963,276.524012658,212.639776445,269.500000000,0.000000000,0.000000000
point-0002952,5501.529112320,272.458575397,212.639776445,269.500000000,0.000000000,0.000000000
point-0002953,5502.246542425,271.803030764,213.639776445,269.500000000,0.000000000,0.000000000
point-0002954,5504.685804782,275.868468026,213.639776445,269.500000000,0.000000000,0.000000000
point-0002955,5505.403234887,275.212923393,214.639776445,269.500000000,0.000000000,0.000000000
point-0002956,5507.842497244,271.147486131,214.639776445,269.500000000,0.000000000,0.000000000
point-0002957,5508.559927349,270.491941499,215.639776445,269.500000000,0.000000000,0.000000000
point-0002958,5510.999189706,274.557378760,215.639776445,269.500000000,0.000000000,0.000000000
point-0002959,5511.716619811,273.901834128,216.639776445,269.500000000,0.000000000,0.000000000
point-0002960,5514.155882168,269.836396866,216.639776445,269.500000000,0.000000000,0.000000000
point-0002961,5514.873312273,269.180852233,217.639776445,269.500000000,0.000000000,0.000000000
point-0002962,5517.312574630,273.246289495,217.639776445,269.500000000,0.000000000,0.000000000
point-0002963,5518.030004735,272.590744862,218.639776445,269.500000000,0.000000000,0.000000000
point-0002964,5520.469267092,268.525307601,218.639776445,269.500000000,0.000000000,0.000000000
point-0002965,5521.186697197,267.869762968,219.639776445,269.500000000,0.000000000,0.000000000
point-0002966,5523.625959554,271.935200230,219.639776445,269.500000000,0.000000000,0.000000000
point-0002967,5524.343389659,271.279655597,220.639776445,269.500000000,0.000000000,0.000000000
point-0002968,5526.782652016,267.214218335,220.639776445,269.500000000,0.000000000,0.000000000
point-0002969,5527.500082121,266.558673702,221.639776445,269.500000000,0.000000000,0.000000000
point-0002970,5529.939344478,270.624110964,221.639776445,269.500000000,0.000000000,0.000000000
point-0002971,5530.656774583,269.968566331,222.639776445,269.500000000,0.000000000,0.000000000
point-0002972,5533.096036940,265.903129070,222.639776445,269.500000000,0.000000000,0.000000000
point-0002973,5533.813467045,265.247584437,223.639776445,269.500000000,0.000000000,0.000000000
point-0002974,5536.252729402,269.313021699,223.639776445,269.500000000,0.000000000,0.000000000
point-0002975,5536.970159507,268.657477066,224.639776445,269.500000000,0.000000000,0.000000000
point-0002976,5539.409421864,264.592039804,224.639776445,269.500000000,0.000000000,0.000000000
point-0002977,5540.126851969,263.936495172,225.639776445,269.500000000,0.000000000,0.000000000
point-0002978,5542.566114326,268.001932433,225.639776445,269.500000000,0.000000000,0.000000000
point-0002979,5543.283544431,267.346387801,226.639776445,269.500000000,0.000000000,0.000000000
point-0002980,5545.722806788,263.280950539,226.639776445,269.500000000,0.000000000,0.000000000
point-0002981,5546.440236893,262.625405906,227.639776445,269.500000000,0.000000000,0.000000000
point-0002982,5548.879499250,266.690843168,227.639776445,269.500000000,0.000000000,0.000000000
point-0002983,5549.596929355,266.035298535,228.639776445,269.500000000,0.000000000,0.000000000
point-0002984,5552.036191712,261.969861274,228.639776445,269.500000000,0.000000000,0.000000000
point-0002985,5552.753621817,261.314316641,229.639776445,269.500000000,0.000000000,0.000000000
point-0002986,5555.192884174,265.379753903,229.639776445,269.500000000,0.000000000,0.000000000
point-0002987,5555.910314279,264.724209270,230.639776445,269.500000000,0.000000000,0.000000000
point-0002988,5558.349576636,260.658772008,230.639776445,269.500000000,0.000000000,0.000000000
point-0002989,5559.067006741,260.003227376,231.639776445,269.500000000,0.000000000,0.000000000
point-0002990,5561.506269098,264.068664637,231.639776445,269.500000000,0.000000000,0.000000000
point-0002991,5562.223699203,263.413120005,232.639776445,269.500000000,0.000000000,0.000000000
point-0002992,5564.662961560,259.347682743,232.639776445,269.500000000,0.000000000,0.000000000
point-0002993,5565.380391665,258.692138110,233.639776445,269.500000000,0.000000000,0.000000000
point-0002994,5567.819654022,262.757575372,233.639776445,269.500000000,0.000000000,0.000000000
point-0002995,5568.537084127,262.102030739,234.639776445,269.500000000,0.000000000,0.000000000
point-0002996,5570.976346484,258.036593477,234.639776445,269.500000000,0.000000000,0.000000000
point-0002997,5571.693776589,257.381048845,235.639776445,269.500000000,0.000000000,0.000000000
point-0002998,5574.133038946,261.446486106,235.639776445,269.500000000,0.000000000,0.000000000
point-0002999,5574.850469051,260.790941474,236.639776445,269.500000000,0.000000000,0.000000000
point-0003000,5577.289731408,256.725504212,236.639776445,269.500000000,0.000000000,0.000000000
point-0003001,5578.007161513,256.069959579,237.639776445,269.500000000,0.000000000,0.000000000
point-0003002,5580.446423870,260.135396841,237.639776445,269.500000000,0.000000000,0.000000000
point-0003003,5581.163853975,259.479852208,238.639776445,269.500000000,0.000000000,0.000000000
point-0003004,5583.603116332,255.414414947,238.639776445,269.500000000,0.000000000,0.000000000
point-0003005,5584.320546437,254.758870314,239.639776445,269.500000000,0.000000000,0.000000000
point-0003006,5586.759808794,258.824307576,239.639776445,269.500000000,0.000000000,0.000000000
point-0003007,5587.477238899,258.168762943,240.639776445,269.500000000,0.000000000,0.000000000
point-0003008,5589.673271330,254.508708892,240.639776445,269.500000000,0.000000000,0.000000000
point-0003009,5590.767674471,256.034158038,241.639776445,269.500000000,0.000000000,0.000000000
point-0003010,5591.655110634,257.513218310,241.639776445,269.500000000,0.000000000,0.000000000
point-0003011,5620.523595545,280.980655622,199.639776445,270.000000000,0.000000000,0.000000000
point-0003012,5621.177893678,282.071152511,199.639776445,270.000000000,0.000000000,0.000000000
point-0003013,5622.272296819,283.596601657,200.639776445,270.000000000,0.000000000,0.000000000
point-0003014,5624.235191220,280.325110989,200.639776445,270.000000000,0.000000000,0.000000000
point-0003015,5624.952621325,279.669566356,201.639776445,270.000000000,0.000000000,0.000000000
point-0003016,5627.391883682,283.735003618,201.639776445,270.000000000,0.000000000,0.000000000
point-0003017,5628.109313787,283.079458985,202.639776445,270.000000000,0.000000000,0.000000000
point-0003018,5630.548576144,279.014021724,202.639776445,270.000000000,0.000000000,0.000000000
point-0003019,5631.266006249,278.358477091,203.639776445,270.000000000,0.000000000,0.000000000
point-0003020,5633.705268606,282.423914353,203.639776445,270.000000000,0.000000000,0.000000000
point-0003021,5634.422698711,281.768369720,204.639776445,270.000000000,0.000000000,0.000000000
point-0003022,5636.861961068,277.702932458,204.639776445,270.000000000,0.000000000,0.000000000
point-0003023,5637.579391173,277.047387826,205.639776445,270.000000000,0.000000000,0.000000000
point-0003024,5640.018653530,281.112825087,205.639776445,270.000000000,0.000000000,0.000000000
point-0003025,5640.736083635,280.457280455,206.639776445,270.000000000,0.000000000,0.000000000
point-0003026,5643.175345992,276.391843193,206.639776445,270.000000000,0.000000000,0.000000000
point-0003027,5643.892776097,275.736298560,207.639776445,270.000000000,0.000000000,0.000000000
point-0003028,5646.332038454,279.801735822,207.639776445,270.000000000,0.000000000,0.000000000
point-0003029,5647.049468559,279.146191189,208.639776445,270.000000000,0.000000000,0.000000000
point-0003030,5649.488730916,275.080753927,208.639776445,270.000000000,0.000000000,0.000000000
point-0003031,5650.206161021,274.425209295,209.639776445,270.000000000,0.000000000,0.000000000
point-0003032,5652.645423378,278.490646556,209.639776445,270.000000000,0.000000000,0.000000000
point-0003033,5653.362853483,277.835101924,210.639776445,270.000000000,0.000000000,0.000000000
point-0003034,5655.802115840,273.769664662,210.639776445,270.000000000,0.000000000,0.000000000
point-0003035,5656.519545945,273.114120029,211.639776445,270.000000000,0.000000000,0.000000000
point-0003036,5658.958808302,277.179557291,211.639776445,270.000000000,0.000000000,0.000000000
point-0003037,5659.676238407,276.524012658,212.639776445,270.000000000,0.000000000,0.000000000
point-0003038,5662.115500764,272.458575397,212.639776445,270.000000000,0.000000000,0.000000000
point-0003039,5662.832930869,271.803030764,213.639776445,270.000000000,0.000000000,0.000000000
point-0003040,5665.272193226,275.868468026,213.639776445,270.000000000,0.000000000,0.000000000
point-0003041,5665.989623331,275.212923393,214.639776445,270.000000000,0.000000000,0.000000000
point-0003042,5668.428885688,271.147486131,214.639776445,270.000000000,0.000000000,0.000000000
point-0003043,5669.146315793,270.491941499,215.639776445,270.000000000,0.000000000,0.000000000
point-0003044,5671.585578150,274.557378760,215.639776445,270.000000000,0.000000000,0.000000000
point-0003045,5672.303008255,273.901834128,216.639776445,270.000000000,0.000000000,0.000000000
point-0003046,5674.742270612,269.836396866,216.639776445,270.000000000,0.000000000,0.000000000
point-0003047,5675.459700717,269.180852233,217.639776445,270.000000000,0.000000000,0.000000000
point-0003048,5677.898963074,273.246289495,217.639776445,270.000000000,0.000000000,0.000000000
point-0003049,5678.616393179,272.590744862,218.639776445,270.000000000,0.000000000,0.000000000
point-0003050,5681.055655536,268.525307601,218.639776445,270.000000000,0.000000000,0.000000000
point-0003051,5681.773085641,267.869762968,219.639776445,270.000000000,0.000000000,0.000000000
point-0003052,5684.212347998,271.935200230,219.639776445,270.000000000,0.000000000,0.000000000
point-0003053,5684.929778103,271.279655597,220.639776445,270.000000000,0.000000000,0.000000000
point-0003054,5687.369040460,267.214218335,220.639776445,270.000000000,0.000000000,0.000000000
point-0003055,5688.086470565,266.558673702,221.639776445,270.000000000,0.000000000,0.000000000
point-0003056,5690.525732922,270.624110964,221.639776445,270.000000000,0.000000000,0.000000000
point-0003057,5691.243163027,269.968566331,222.639776445,270.000000000,0.000000000,0.000000000
point-0003058,5693.682425384,265.903129070,222.639776445,270.000000000,0.000000000,0.000000000
point-0003059,5694.399855489,265.247584437,223.639776445,270.000000000,0.000000000,0.000000000
point-0003060,5696.839117846,269.313021699,223.639776445,270.000000000,0.000000000,0.000000000
point-0003061,5697.556547951,268.657477066,224.639776445,270.000000000,0.000000000,0.000000000
point-0003062,5699.995810308,264.592039804,224.639776445,270.000000000,0.000000000,0.000000000
point-0003063,5700.713240413,263.936495172,225.639776445,270.000000000,0.000000000,0.000000000
point-0003064,5703.152502770,268.001932433,225.639776445,270.000000000,0.000000000,0.000000000
point-0003065,5703.869932875,267.346387801,226.639776445,270.000000000,0.000000000,0.000000000
point-0003066,5706.309195232,263.280950539,226.639776445,270.000000000,0.000000000,0.000000000
point-0003067,5707.026625337,262.625405906,227.639776445,270.000000000,0.000000000,0.000000000
point-0003068,5709.465887694,266.690843168,227.639776445,270.000000000,0.000000000,0.000000000
point-0003069,5710.183317799,266.035298535,228.639776445,270.000000000,0.000000000,0.000000000
point-0003070,5712.622580156,261.969861274,228.639776445,270.000000000,0.000000000,0.000000000
point-0003071,5713.340010261,261.314316641,229.639776445,270.000000000,0.000000000,0.000000000
point-0003072,5715.779272618,265.379753903,229.639776445,270.000000000,0.000000000,0.000000000
point-0003073,5716.496702723,264.724209270,230.639776445,270.000000000,0.000000000,0.000000000
point-0003074,5718.935965080,260.658772008,230.639776445,270.000000000,0.000000000,0.000000000
point-0003075,5719.653395185,260.003227376,231.639776445,270.000000000,0.000000000,0.000000000
point-0003076,5722.092657542,264.068664637,231.639776445,270.000000000,0.000000000,0.000000000
point-0003077,5722.810087647,263.413120005,232.639776445,270.000000000,0.000000000,0.000000000
point-0003078,5725.249350004,259.347682743,232.639776445,270.000000000,0.000000000,0.000000000
point-0003079,5725.966780109,258.692138110,233.639776445,270.000000000,0.000000000,0.000000000
point-0003080,5728.406042466,262.757575372,233.639776445,270.000000000,0.000000000,0.000000000
point-0003081,5729.123472571,262.102030739,234.639776445,270.000000000,0.000000000,0.000000000
point-0003082,5731.562734928,258.036593477,234.639776445,270.000000000,0.000000000,0.000000000
point-0003083,5732.280165033,257.381048845,235.639776445,270.000000000,0.000000000,0.000000000
point-0003084,5734.719427390,261.446486106,235.639776445,270.000000000,0.000000000,0.000000000
point-0003085,5735.436857495,260.790941474,236.639776445,270.000000000,0.000000000,0.000000000
point-0003086,5737.876119852,256.725504212,236.639776445,270.000000000,0.000000000,0.000000000
point-0003087,5738.593549957,256.069959579,237.639776445,270.000000000,0.000000000,0.000000000
point-0003088,5741.032812314,260.135396841,237.639776445,270.000000000,0.000000000,0.000000000
point-0003089,5741.750242419,259.479852208,238.639776445,270.000000000,0.000000000,0.000000000
point-0003090,5744.189504776,255.414414947,238.639776445,270.000000000,0.000000000,0.000000000
point-0003091,5744.906934881,254.758870314,239.639776445,270.000000000,0.000000000,0.000000000
point-0003092,5747.346197238,258.824307576,239.639776445,270.000000000,0.000000000,0.000000000
point-0003093,5748.063627343,258.168762943,240.639776445,270.000000000,0.000000000,0.000000000
point-0003094,5750.259659774,254.508708892,240.639776445,270.000000000,0.000000000,0.000000000
point-0003095,5751.354062915,256.034158038,241.639776445,270.000000000,0.000000000,0.000000000
point-0003096,5752.241499078,257.513218310,241.639776445,270.000000000,0.000000000,0.000000000
point-0003097,5781.109983989,280.980655622,199.639776445,270.500000000,0.000000000,0.000000000
point-0003098,5781.764282123,282.071152511,199.639776445,270.500000000,0.000000000,0.000000000
point-0003099,5782.858685263,283.596601657,200.639776445,270.500000000,0.000000000,0.000000000
point-0003100,5784.821579664,280.325110989,200.639776445,270.500000000,0.000000000,0.000000000
point-0003101,5785.539009769,279.669566356,201.639776445,270.500000000,0.000000000,0.000000000
point-0003102,5787.978272126,283.735003618,201.639776445,270.500000000,0.000000000,0.000000000
point-0003103,5788.695702231,283.079458985,202.639776445,270.500000000,0.000000000,0.000000000
point-0003104,5791.134964588,279.014021724,202.639776445,270.500000000,0.000000000,0.000000000
point-0003105,5791.852394693,278.358477091,203.639776445,270.500000000,0.000000000,0.000000000
point-0003106,5794.291657050,282.423914353,203.639776445,270.500000000,0.000000000,0.000000000
point-0003107,5795.009087155,281.768369720,204.639776445,270.500000000,0.000000000,0.000000000
point-0003108,5797.448349512,277.702932458,204.639776445,270.500000000,0.000000000,0.000000000
point-0003109,5798.165779617,277.047387826,205.639776445,270.500000000,0.000000000,0.000000000
point-0003110,5800.605041974,281.112825087,205.639776445,270.500000000,0.000000000,0.000000000
point-0003111,5801.322472079,280.457280455,206.639776445,270.500000000,0.000000000,0.000000000
point-0003112,5803.761734436,276.391843193,206.639776445,270.500000000,0.000000000,0.000000000
point-0003113,5804.479164541,275.736298560,207.639776445,270.500000000,0.000000000,0.000000000
point-0003114,5806.918426898,279.801735822,207.639776445,270.500000000,0.000000000,0.000000000
point-0003115,5807.635857003,279.146191189,208.639776445,270.500000000,0.000000000,0.000000000
point-0003116,5810.075119360,275.080753927,208.639776445,270.500000000,0.000000000,0.000000000
point-0003117,5810.792549465,274.425209295,209.639776445,270.500000000,0.000000000,0.000000000
point-0003118,5813.231811822,278.490646556,209.639776445,270.500000000,0.000000000,0.000000000
point-0003119,5813.949241927,277.835101924,210.639776445,270.500000000,0.000000000,0.000000000
point-0003120,5816.388504284,273.769664662,210.639776445,270.500000000,0.000000000,0.000000000
point-0003121,5817.105934389,273.114120029,211.639776445,270.500000000,0.000000000,0.000000000
point-0003122,5819.545196746,277.179557291,211.639776445,270.500000000,0.000000000,0.000000000
point-0003123,5820.262626851,276.524012658,212.639776445,270.500000000,0.000000000,0.000000000
point-0003124,5822.701889208,272.458575397,212.639776445,270.500000000,0.000000000,0.000000000
point-0003125,5823.419319313,271.803030764,213.639776445,270.500000000,0.000000000,0.000000000
point-0003126,5825.858581670,275.868468026,213.639776445,270.500000000,0.000000000,0.000000000
point-0003127,5826.576011775,275.212923393,214.639776445,270.500000000,0.000000000,0.000000000
point-0003128,5829.015274132,271.147486131,214.639776445,270.500000000,0.000000000,0.000000000
point-0003129,5829.732704237,270.491941499,215.639776445,270.500000000,0.000000000,0.000000000
point-0003130,5832.171966594,274.557378760,215.639776445,270.500000000,0.000000000,0.000000000
point-0003131,5832.889396699,273.901834128,216.639776445,270.500000000,0.000000000,0.000000000
point-0003132,5835.328659056,269.836396866,216.639776445,270.500000000,0.000000000,0.000000000
point-0003133,5836.046089161,269.180852233,217.639776445,270.500000000,0.000000000,0.000000000
point-0003134,5838.485351518,273.246289495,217.639776445,270.500000000,0.000000000,0.000000000
point-0003135,5839.202781623,272.590744862,218.639776445,270.500000000,0.000000000,0.000000000
point-0003136,5841.642043980,268.525307601,218.639776445,270.500000000,0.000000000,0.000000000
point-0003137,5842.359474085,267.869762968,219.639776445,270.500000000,0.000000000,0.000000000
point-0003138,5844.798736442,271.935200230,219.639776445,270.500000000,0.000000000,0.000000000
point-0003139,5845.516166547,271.279655597,220.639776445,270.500000000,0.000000000,0.000000000
point-0003140,5847.955428904,267.214218335,220.639776445,270.500000000,0.000000000,0.000000000
point-0003141,5848.672859009,266.558673702,221.639776445,270.500000000,0.000000000,0.000000000
point-0003142,5851.112121366,270.624110964,221.639776445,270.500000000,0.000000000,0.000000000
point-0003143,5851.829551471,269.968566331,222.639776445,270.500000000,0.000000000,0.000000000
point-0003144,5854.268813828,265.903129070,222.639776445,270.500000000,0.000000000,0.000000000
point-0003145,5854.986243933,265.247584437,223.639776445,270.500000000,0.000000000,0.000000000
point-0003146,5857.425506290,269.313021699,223.639776445,270.500000000,0.000000000,0.000000000
point-0003147,5858.142936395,268.657477066,224.639776445,270.500000000,0.000000000,0.000000000
point-0003148,5860.582198752,264.592039804,224.639776445,270.500000000,0.000000000,0.000000000
point-0003149,5861.299628857,263.936495172,225.639776445,270.500000000,0.000000000,0.000000000
point-0003150,5863.738891214,268.001932433,225.639776445,270.500000000,0.000000000,0.000000000
point-0003151,5864.456321319,267.346387801,226.639776445,270.500000000,0.000000000,0.000000000
point-0003152,5866.895583676,263.280950539,226.639776445,270.500000000,0.000000000,0.000000000
point-0003153,5867.613013781,262.625405906,227.639776445,270.500000000,0.000000000,0.000000000
point-0003154,5870.052276138,266.690843168,227.639776445,270.500000000,0.000000000,0.000000000
point-0003155,5870.769706243,266.035298535,228.639776445,270.500000000,0.000000000,0.000000000
point-0003156,5873.208968600,261.969861274,228.639776445,270.500000000,0.000000000,0.000000000
point-0003157,5873.926398705,261.314316641,229.639776445,270.500000000,0.000000000,0.000000000
point-0003158,5876.365661062,265.379753903,229.639776445,270.500000000,0.000000000,0.000000000
point-0003159,5877.083091167,264.724209270,230.639776445,270.500000000,0.000000000,0.000000000
point-0003160,5879.522353524,260.658772008,230.639776445,270.500000000,0.000000000,0.000000000
point-0003161,5880.239783629,260.003227376,231.639776445,270.500000000,0.000000000,0.000000000
point-0003162,5882.679045986,264.068664637,231.639776445,270.500000000,0.000000000,0.000000000
point-0003163,5883.396476091,263.413120005,232.639776445,270.500000000,0.000000000,0.000000000
point-0003164,5885.835738448,259.347682743,232.639776445,270.500000000,0.000000000,0.000000000
point-0003165,5886.553168553,258.692138110,233.639776445,270.500000000,0.000000000,0.000000000
point-0003166,5888.992430910,262.757575372,233.639776445,270.500000000,0.000000000,0.000000000
point-0003167,5889.709861015,262.102030739,234.639776445,270.500000000,0.000000000,0.000000000
point-0003168,5892.149123372,258.036593477,234.639776445,270.500000000,0.000000000,0.000000000
point-0003169,5892.866553477,257.381048845,235.639776445,270.500000000,0.000000000,0.000000000
point-0003170,5895.305815834,261.446486106,235.639776445,270.500000000,0.000000000,0.000000000
point-0003171,5896.023245939,260.790941474,236.639776445,270.500000000,0.000000000,0.000000000
point-0003172,5898.462508296,256.725504212,236.639776445,270.500000000,0.000000000,0.000000000
point-0003173,5899.179938401,256.069959579,237.639776445,270.500000000,0.000000000,0.000000000
point-0003174,5901.619200758,260.135396841,237.639776445,270.500000000,0.000000000,0.000000000
point-0003175,5902.336630863,259.479852208,238.639776445,270.500000000,0.000000000,0.000000000
point-0003176,5904.775893220,255.414414947,238.639776445,270.500000000,0.000000000,0.000000000
point-0003177,5905.493323325,254.758870314,239.639776445,270.500000000,0.000000000,0.000000000
point-0003178,5907.932585682,258.824307576,239.639776445,270.500000000,0.000000000,0.000000000
point-0003179,5908.650015787,258.168762943,240.639776445,270.500000000,0.000000000,0.000000000
point-0003180,5910.846048218,254.508708892,240.639776445,270.500000000,0.000000000,0.000000000
point-0003181,5911.940451359,256.034158038,241.639776445,270.500000000,0.000000000,0.000000000
point-0003182,5912.827887523,257.513218310,241.639776445,270.500000000,0.000000000,0.000000000
point-0003183,5941.696372433,280.980655622,199.639776445,271.000000000,0.000000000,0.000000000
point-0003184,5942.350670567,282.071152511,199.639776445,271.000000000,0.000000000,0.000000000
point-0003185,5943.445073708,283.596601657,200.639776445,271.000000000,0.000000000,0.000000000
point-0003186,5945.407968108,280.325110989,200.639776445,271.000000000,0.000000000,0.000000000
point-0003187,5946.125398213,279.669566356,201.639776445,271.000000000,0.000000000,0.000000000
point-0003188,5948.564660570,283.735003618,201.639776445,271.000000000,0.000000000,0.000000000
point-0003189,5949.282090675,283.079458985,202.639776445,271.000000000,0.000000000,0.000000000
point-0003190,5951.721353032,279.014021724,202.639776445,271.000000000,0.000000000,0.000000000
point-0003191,5952.438783137,278.358477091,203.639776445,271.000000000,0.000000000,0.000000000
point-0003192,5954.878045494,282.423914353,203.639776445,271.000000000,0.000000000,0.000000000
point-0003193,5955.595475599,281.768369720,204.639776445,271.000000000,0.000000000,0.000000000
point-0003194,5958.034737956,277.702932458,204.639776445,271.000000000,0.000000000,0.000000000
point-0003195,5958.752168061,277.047387826,205.639776445,271.000000000,0.000000000,0.000000000
point-0003196,5961.191430418,281.112825087,205.639776445,271.000000000,0.000000000,0.000000000
point-0003197,5961.908860523,280.457280455,206.639776445,271.000000000,0.000000000,0.000000000
point-0003198,5964.348122880,276.391843193,206.639776445,271.000000000,0.000000000,0.000000000
point-0003199,5965.065552985,275.736298560,207.639776445,271.000000000,0.000000000,0.000000000
point-0003200,5967.504815342,279.801735822,207.639776445,271.000000000,0.000000000,0.000000000
point-0003201,5968.222245447,279.146191189,208.639776445,271.000000000,0.000000000,0.000000000
point-0003202,5970.661507804,275.080753927,208.639776445,271.000000000,0.000000000,0.000000000
point-0003203,5971.378937909,274.425209295,209.639776445,271.000000000,0.000000000,0.000000000
point-0003204,5973.818200266,278.490646556,209.639776445,271.000000000,0.000000000,0.000000000
point-0003205,5974.535630371,277.835101924,210.639776445,271.000000000,0.000000000,0.000000000
point-0003206,5976.974892728,273.769664662,210.639776445,271.000000000,0.000000000,0.000000000
point-0003207,5977.692322833,273.114120029,211.639776445,271.000000000,0.000000000,0.000000000
point-0003208,5980.131585190,277.179557291,211.639776445,271.000000000,0.000000000,0.000000000
point-0003209,5980.849015295,276.524012658,212.639776445,271.000000000,0.000000000,0.000000000
point-0003210,5983.288277652,272.458575397,212.639776445,271.000000000,0.000000000,0.000000000
point-0003211,5984.005707757,271.803030764,213.639776445,271.000000000,0.000000000,0.000000000
point-0003212,5986.444970114,275.868468026,213.639776445,271.000000000,0.000000000,0.000000000
point-0003213,5987.162400219,275.212923393,214.639776445,271.000000000,0.000000000,0.000000000
point-0003214,5989.601662576,271.147486131,214.639776445,271.000000000,0.000000000,0.000000000
point-0003215,5990.319092681,270.491941499,215.639776445,271.000000000,0.000000000,0.000000000
point-0003216,5992.758355038,274.557378760,215.639776445,271.000000000,0.000000000,0.000000000
point-0003217,5993.475785143,273.901834128,216.639776445,271.000000000,0.000000000,0.000000000
point-0003218,5995.915047500,269.836396866,216.639776445,271.000000000,0.000000000,0.000000000
point-0003219,5996.632477605,269.180852233,217.639776445,271.000000000,0.000000000,0.000000000
point-0003220,5999.071739962,273.246289495,217.639776445,271.000000000,0.000000000,0.000000000
point-0003221,5999.789170067,272.590744862,218.639776445,271.000000000,0.000000000,0.000000000
point-0003222,6002.228432424,268.525307601,218.639776445,271.000000000,0.000000000,0.000000000
point-0003223,6002.945862529,267.869762968,219.639776445,271.000000000,0.000000000,0.000000000
point-0003224,6005.385124886,271.935200230,219.639776445,271.000000000,0.000000000,0.000000000
point-0003225,6006.102554991,271.279655597,220.639776445,271.000000000,0.000000000,0.000000000
point-0003226,6008.541817348,267.214218335,220.639776445,271.000000000,0.000000000,0.000000000
point-0003227,6009.259247453,266.558673702,221.639776445,271.000000000,0.000000000,0.000000000
point-0003228,6011.698509810,270.624110964,221.639776445,271.000000000,0.000000000,0.000000000
point-0003229,6012.415939915,269.968566331,222.639776445,271.000000000,0.000000000,0.000000000
point-0003230,6014.855202272,265.903129070,222.639776445,271.000000000,0.000000000,0.000000000
point-0003231,6015.572632377,265.247584437,223.639776445,271.000000000,0.000000000,0.000000000
point-0003232,6018.011894734,269.313021699,223.639776445,271.000000000,0.000000000,0.000000000
point-0003233,6018.729324839,268.657477066,224.639776445,271.000000000,0.000000000,0.000000000
point-0003234,6021.168587196,264.592039804,224.639776445,271.000000000,0.000000000,0.000000000
point-0003235,6021.886017301,263.936495172,225.639776445,271.000000000,0.000000000,0.000000000
point-0003236,6024.325279658,268.001932433,225.639776445,271.000000000,0.000000000,0.000000000
point-0003237,6025.042709763,267.346387801,226.639776445,271.000000000,0.000000000,0.000000000
point-0003238,6027.481972120,263.280950539,226.639776445,271.000000000,0.000000000,0.000000000
point-0003239,6028.199402225,262.625405906,227.639776445,271.000000000,0.000000000,0.000000000
point-0003240,6030.638664582,266.690843168,227.639776445,271.000000000,0.000000000,0.000000000
point-0003241,6031.356094687,266.035298535,228.639776445,271.000000000,0.000000000,0.000000000
point-0003242,6033.795357044,261.969861274,228.639776445,271.000000000,0.000000000,0.000000000
point-0003243,6034.512787149,261.314316641,229.639776445,271.000000000,0.000000000,0.000000000
point-0003244,6036.952049506,265.379753903,229.639776445,271.000000000,0.000000000,0.000000000
point-0003245,6037.669479611,264.724209270,230.639776445,271.000000000,0.000000000,0.000000000
point-0003246,6040.108741968,260.658772008,230.639776445,271.000000000,0.000000000,0.000000000
point-0003247,6040.826172073,260.003227376,231.639776445,271.000000000,0.000000000,0.000000000
point-0003248,6043.265434430,264.068664637,231.639776445,271.000000000,0.000000000,0.000000000
point-0003249,6043.982864535,263.413120005,232.639776445,271.000000000,0.000000000,0.000000000
point-0003250,6046.422126892,259.347682743,232.639776445,271.000000000,0.000000000,0.000000000
point-0003251,6047.139556997,258.692138110,233.639776445,271.000000000,0.000000000,0.000000000
point-0003252,6049.578819354,262.757575372,233.639776445,271.000000000,0.000000000,0.000000000
point-0003253,6050.296249459,262.102030739,234.639776445,271.000000000,0.000000000,0.000000000
point-0003254,6052.735511816,258.036593477,234.639776445,271.000000000,0.000000000,0.000000000
point-0003255,6053.452941921,257.381048845,235.639776445,271.000000000,0.000000000,0.000000000
point-0003256,6055.892204278,261.446486106,235.639776445,271.000000000,0.000000000,0.000000000
point-0003257,6056.609634383,260.790941474,236.639776445,271.000000000,0.000000000,0.000000000
point-0003258,6059.048896740,256.725504212,236.639776445,271.000000000,0.000000000,0.000000000
point-0003259,6059.766326845,256.069959579,237.639776445,271.000000000,0.000000000,0.000000000
point-0003260,6062.205589202,260.135396841,237.639776445,271.000000000,0.000000000,0.000000000
point-0003261,6062.923019307,259.479852208,238.639776445,271.000000000,0.000000000,0.000000000
point-0003262,6065.362281665,255.414414947,238.639776445,271.000000000,0.000000000,0.000000000
point-0003263,6066.079711770,254.758870314,239.639776445,271.000000000,0.000000000,0.000000000
point-0003264,6068.518974127,258.824307576,239.639776445,271.000000000,0.000000000,0.000000000
point-0003265,6069.236404232,258.168762943,240.639776445,271.000000000,0.000000000,0.000000000
point-0003266,6071.432436662,254.508708892,240.639776445,271.000000000,0.000000000,0.000000000
point-0003267,6072.526839803,256.034158038,241.639776445,271.000000000,0.000000000,0.000000000
point-0003268,6073.414275967,257.513218310,241.639776445,271.000000000,0.000000000,0.000000000
point-0003269,6102.282760877,280.980655622,199.639776445,271.500000000,0.000000000,0.000000000
point-0003270,6102.937059011,282.071152511,199.639776445,271.500000000,0.000000000,0.000000000
point-0003271,6104.031462152,283.596601657,200.639776445,271.500000000,0.000000000,0.000000000
point-0003272,6105.994356552,280.325110989,200.639776445,271.500000000,0.000000000,0.000000000
point-0003273,6106.711786657,279.669566356,201.639776445,271.500000000,0.000000000,0.000000000
point-0003274,6109.151049014,283.735003618,201.639776445,271.500000000,0.000000000,0.000000000
point-0003275,6109.868479119,283.079458985,202.639776445,271.500000000,0.000000000,0.000000000
point-0003276,6112.307741476,279.014021724,202.639776445,271.500000000,0.000000000,0.000000000
point-0003277,6113.025171581,278.358477091,203.639776445,271.500000000,0.000000000,0.000000000
point-0003278,6115.464433938,282.423914353,203.639776445,271.500000000,0.000000000,0.000000000
point-0003279,6116.181864043,281.768369720,204.639776445,271.500000000,0.000000000,0.000000000
point-0003280,6118.621126400,277.702932458,204.639776445,271.500000000,0.000000000,0.000000000
point-0003281,6119.338556505,277.047387826,205.639776445,271.500000000,0.000000000,0.000000000
point-0003282,6121.777818862,281.112825087,205.639776445,271.500000000,0.000000000,0.000000000
point-0003283,6122.495248967,280.457280455,206.639776445,271.500000000,0.000000000,0.000000000
point-0003284,6124.934511324,276.391843193,206.639776445,271.500000000,0.000000000,0.000000000
point-0003285,6125.651941429,275.736298560,207.639776445,271.500000000,0.000000000,0.000000000
point-0003286,6128.091203786,279.801735822,207.639776445,271.500000000,0.000000000,0.000000000
point-0003287,6128.808633891,279.146191189,208.639776445,271.500000000,0.000000000,0.000000000
point-0003288,6131.247896248,275.080753927,208.639776445,271.500000000,0.000000000,0.000000000
point-0003289,6131.965326353,274.425209295,209.639776445,271.500000000,0.000000000,0.000000000
point-0003290,6134.404588710,278.490646556,209.639776445,271.500000000,0.000000000,0.000000000
point-0003291,6135.122018815,277.835101924,210.639776445,271.500000000,0.000000000,0.000000000
point-0003292,6137.561281172,273.769664662,210.639776445,271.500000000,0.000000000,0.000000000
point-0003293,6138.278711277,273.114120029,211.639776445,271.500000000,0.000000000,0.000000000
point-0003294,6140.717973634,277.179557291,211.639776445,271.500000000,0.000000000,0.000000000
point-0003295,6141.435403739,276.524012658,212.639776445,271.500000000,0.000000000,0.000000000
point-0003296,6143.874666096,272.458575397,212.639776445,271.500000000,0.000000000,0.000000000
point-0003297,6144.592096201,271.803030764,213.639776445,271.500000000,0.000000000,0.000000000
point-0003298,6147.031358558,275.868468026,213.639776445,271.500000000,0.000000000,0.000000000
point-0003299,6147.748788663,275.212923393,214.639776445,271.500000000,0.000000000,0.000000000
point-0003300,6150.188051020,271.147486131,214.639776445,271.500000000,0.000000000,0.000000000
point-0003301,6150.905481125,270.491941499,215.639776445,271.500000000,0.000000000,0.000000000
point-0003302,6153.344743482,274.557378760,215.639776445,271.500000000,0.000000000,0.000000000
point-0003303,6154.062173587,273.901834128,216.639776445,271.500000000,0.000000000,0.000000000
point-0003304,6156.501435944,269.836396866,216.639776445,271.500000000,0.000000000,0.000000000
point-0003305,6157.218866049,269.180852233,217.639776445,271.500000000,0.000000000,0.000000000
point-0003306,6159.658128406,273.246289495,217.639776445,271.500000000,0.000000000,0.000000000
point-0003307,6160.375558511,272.590744862,218.639776445,271.500000000,0.000000000,0.000000000
point-0003308,6162.814820868,268.525307601,218.639776445,271.500000000,0.000000000,0.000000000
point-0003309,6163.532250973,267.869762968,219.639776445,271.500000000,0.000000000,0.000000000
point-0003310,6165.971513330,271.935200230,219.639776445,271.500000000,0.000000000,0.000000000
point-0003311,6166.688943435,271.279655597,220.639776445,271.500000000,0.000000000,0.000000000
point-0003312,6169.128205792,267.214218335,220.639776445,271.500000000,0.000000000,0.000000000
point-0003313,6169.845635897,266.558673702,221.639776445,271.500000000,0.000000000,0.000000000
point-0003314,6172.284898255,270.624110964,221.639776445,271.500000000,0.000000000,0.000000000
point-0003315,6173.002328360,269.968566331,222.639776445,271.500000000,0.000000000,0.000000000
point-0003316,6175.441590717,265.903129070,222.639776445,271.500000000,0.000000000,0.000000000
point-0003317,6176.159020822,265.247584437,223.639776445,271.500000000,0.000000000,0.000000000
point-0003318,6178.598283179,269.313021699,223.639776445,271.500000000,0.000000000,0.000000000
point-0003319,6179.315713284,268.657477066,224.639776445,271.500000000,0.000000000,0.000000000
point-0003320,6181.754975641,264.592039804,224.639776445,271.500000000,0.000000000,0.000000000
point-0003321,6182.472405746,263.936495172,225.639776445,271.500000000,0.000000000,0.000000000
point-0003322,6184.911668103,268.001932433,225.639776445,271.500000000,0.000000000,0.000000000
point-0003323,6185.629098208,267.346387801,226.639776445,271.500000000,0.000000000,0.000000000
point-0003324,6188.068360565,263.280950539,226.639776445,271.500000000,0.000000000,0.000000000
point-0003325,6188.785790670,262.625405906,227.639776445,271.500000000,0.000000000,0.000000000
point-0003326,6191.225053027,266.690843168,227.639776445,271.500000000,0.000000000,0.000000000
point-0003327,6191.942483132,266.035298535,228.639776445,271.500000000,0.000000000,0.000000000
point-0003328,6194.381745489,261.969861274,228.639776445,271.500000000,0.000000000,0.000000000
point-0003329,6195.099175594,261.314316641,229.639776445,271.500000000,0.000000000,0.000000000
point-0003330,6197.538437951,265.379753903,229.639776445,271.500000000,0.000000000,0.000000000
point-0003331,6198.255868056,264.724209270,230.639776445,271.500000000,0.000000000,0.000000000
point-0003332,6200.695130413,260.658772008,230.639776445,271.500000000,0.000000000,0.000000000
point-0003333,6201.412560518,260.003227376,231.639776445,271.500000000,0.000000000,0.000000000
point-0003334,6203.851822875,264.068664637,231.639776445,271.500000000,0.000000000,0.000000000
point-0003335,6204.569252980,263.413120005,232.639776445,271.500000000,0.000000000,0.000000000
point-0003336,6207.008515337,259.347682743,232.639776445,271.500000000,0.000000000,0.000000000
point-0003337,6207.725945442,258.692138110,233.639776445,271.500000000,0.000000000,0.000000000
point-0003338,6210.165207799,262.757575372,233.639776445,271.500000000,0.000000000,0.000000000
point-0003339,6210.882637904,262.102030739,234.639776445,271.500000000,0.000000000,0.000000000
point-0003340,6213.321900261,258.036593477,234.639776445,271.500000000,0.000000000,0.000000000
point-0003341,6214.039330366,257.381048845,235.639776445,271.500000000,0.000000000,0.000000000
point-0003342,6216.478592723,261.446486106,235.639776445,271.500000000,0.000000000,0.000000000
point-0003343,6217.196022828,260.790941474,236.639776445,271.500000000,0.000000000,0.000000000
point-0003344,6219.635285185,256.725504212,236.639776445,271.500000000,0.000000000,0.000000000
point-0003345,6220.352715290,256.069959579,237.639776445,271.500000000,0.000000000,0.000000000
point-0003346,6222.791977647,260.135396841,237.639776445,271.500000000,0.000000000,0.000000000
point-0003347,6223.509407752,259.479852208,238.639776445,271.500000000,0.000000000,0.000000000
point-0003348,6225.948670109,255.414414947,238.639776445,271.500000000,0.000000000,0.000000000
point-0003349,6226.666100214,254.758870314,239.639776445,271.500000000,0.000000000,0.000000000
point-0003350,6229.105362571,258.824307576,239.639776445,271.500000000,0.000000000,0.000000000
point-0003351,6229.822792676,258.168762943,240.639776445,271.500000000,0.000000000,0.000000000
point-0003352,6232.018825106,254.508708892,240.639776445,271.500000000,0.000000000,0.000000000
point-0003353,6233.113228247,256.034158038,241.639776445,271.500000000,0.000000000,0.000000000
point-0003354,6234.000664411,257.513218310,241.639776445,271.500000000,0.000000000,0.000000000
point-0003355,6262.869149321,280.980655622,199.639776445,272.000000000,0.000000000,0.000000000
point-0003356,6263.523447455,282.071152511,199.639776445,272.000000000,0.000000000,0.000000000
point-0003357,6264.617850596,283.596601657,200.639776445,272.000000000,0.000000000,0.000000000
point-0003358,6266.580744996,280.325110989,200.639776445,272.000000000,0.000000000,0.000000000
point-0003359,6267.298175101,279.669566356,201.639776445,272.000000000,0.000000000,0.000000000
point-0003360,6269.737437458,283.735003618,201.639776445,272.000000000,0.000000000,0.000000000
point-0003361,6270.454867563,283.079458985,202.639776445,272.000000000,0.000000000,0.000000000
point-0003362,6272.894129920,279.014021724,202.639776445,272.000000000,0.000000000,0.000000000
point-0003363,6273.611560025,278.358477091,203.639776445,272.000000000,0.000000000,0.000000000
point-0003364,6276.050822382,282.423914353,203.639776445,272.000000000,0.000000000,0.000000000
point-0003365,6276.768252487,281.768369720,204.639776445,272.000000000,0.000000000,0.000000000
point-0003366,6279.207514845,277.702932458,204.639776445,272.000000000,0.000000000,0.000000000
point-0003367,6279.924944950,277.047387826,205.639776445,272.000000000,0.000000000,0.000000000
point-0003368,6282.364207307,281.112825087,205.639776445,272.000000000,0.000000000,0.000000000
point-0003369,6283.081637412,280.457280455,206.639776445,272.000000000,0.000000000,0.000000000
point-0003370,6285.520899769,276.391843193,206.639776445,272.000000000,0.000000000,0.000000000
point-0003371,6286.238329874,275.736298560,207.639776445,272.000000000,0.000000000,0.000000000
point-0003372,6288.677592231,279.801735822,207.639776445,272.000000000,0.000000000,0.000000000
point-0003373,6289.395022336,279.146191189,208.639776445,272.000000000,0.000000000,0.000000000
point-0003374,6291.834284693,275.080753927,208.639776445,272.000000000,0.000000000,0.000000000
point-0003375,6292.551714798,274.425209295,209.639776445,272.000000000,0.000000000,0.000000000
point-0003376,6294.990977155,278.490646556,209.639776445,272.000000000,0.000000000,0.000000000
point-0003377,6295.708407260,277.835101924,210.639776445,272.000000000,0.000000000,0.000000000
point-0003378,6298.147669617,273.769664662,210.639776445,272.000000000,0.000000000,0.000000000
point-0003379,6298.865099722,273.114120029,211.639776445,272.000000000,0.000000000,0.000000000
point-0003380,6301.304362079,277.179557291,211.639776445,272.000000000,0.000000000,0.000000000
point-0003381,6302.021792184,276.524012658,212.639776445,272.000000000,0.000000000,0.000000000
point-0003382,6304.461054541,272.458575397,212.639776445,272.000000000,0.000000000,0.000000000
point-0003383,6305.178484646,271.803030764,213.639776445,272.000000000,0.000000000,0.000000000
point-0003384,6307.617747003,275.868468026,213.639776445,272.000000000,0.000000000,0.000000000
point-0003385,6308.335177108,275.212923393,214.639776445,272.000000000,0.000000000,0.000000000
point-0003386,6310.774439465,271.147486131,214.639776445,272.000000000,0.000000000,0.000000000
point-0003387,6311.491869570,270.491941499,215.639776445,272.000000000,0.000000000,0.000000000
point-0003388,6313.931131927,274.557378760,215.639776445,272.000000000,0.000000000,0.000000000
point-0003389,6314.648562032,273.901834128,216.639776445,272.000000000,0.000000000,0.000000000
point-0003390,6317.087824389,269.836396866,216.639776445,272.000000000,0.000000000,0.000000000
point-0003391,6317.805254494,269.180852233,217.639776445,272.000000000,0.000000000,0.000000000
point-0003392,6320.244516851,273.246289495,217.639776445,272.000000000,0.000000000,0.000000000
point-0003393,6320.961946956,272.590744862,218.639776445,272.000000000,0.000000000,0.000000000
point-0003394,6323.401209313,268.525307601,218.639776445,272.000000000,0.000000000,0.000000000
point-0003395,6324.118639418,267.869762968,219.639776445,272.000000000,0.000000000,0.000000000
point-0003396,6326.557901775,271.935200230,219.639776445,272.000000000,0.000000000,0.000000000
point-0003397,6327.275331880,271.279655597,220.639776445,272.000000000,0.000000000,0.000000000
point-0003398,6329.714594237,267.214218335,220.639776445,272.000000000,0.000000000,0.000000000
point-0003399,6330.432024342,266.558673702,221.639776445,272.000000000,0.000000000,0.000000000
point-0003400,6332.871286699,270.624110964,221.639776445,272.000000000,0.000000000,0.000000000
point-0003401,6333.588716804,269.968566331,222.639776445,272.000000000,0.000000000,0.000000000
point-0003402,6336.027979161,265.903129070,222.639776445,272.000000000,0.000000000,0.000000000
point-0003403,6336.745409266,265.247584437,223.639776445,272.000000000,0.000000000,0.000000000
point-0003404,6339.184671623,269.313021699,223.639776445,272.000000000,0.000000000,0.000000000
point-0003405,6339.902101728,268.657477066,224.639776445,272.000000000,0.000000000,0.000000000
point-0003406,6342.341364085,264.592039804,224.639776445,272.000000000,0.000000000,0.000000000
point-0003407,6343.058794190,263.936495172,225.639776445,272.000000000,0.000000000,0.000000000
point-0003408,6345.498056547,268.001932433,225.639776445,272.000000000,0.000000000,0.000000000
point-0003409,6346.215486652,267.346387801,226.639776445,272.000000000,0.000000000,0.000000000
point-0003410,6348.654749009,263.280950539,226.639776445,272.000000000,0.000000000,0.000000000
point-0003411,6349.372179114,262.625405906,227.639776445,272.000000000,0.000000000,0.000000000
point-0003412,6351.811441471,266.690843168,227.639776445,272.000000000,0.000000000,0.000000000
point-0003413,6352.528871576,266.035298535,228.639776445,272.000000000,0.000000000,0.000000000
point-0003414,6354.968133933,261.969861274,228.639776445,272.000000000,0.000000000,0.000000000
point-0003415,6355.685564038,261.314316641,229.639776445,272.000000000,0.000000000,0.000000000
point-0003416,6358.124826395,265.379753903,229.639776445,272.000000000,0.000000000,0.000000000
point-0003417,6358.842256500,264.724209270,230.639776445,272.000000000,0.000000000,0.000000000
point-0003418,6361.281518857,260.658772008,230.639776445,272.000000000,0.000000000,0.000000000
point-0003419,6361.998948962,260.003227376,231.639776445,272.000000000,0.000000000,0.000000000
point-0003420,6364.438211319,264.068664637,231.639776445,272.000000000,0.000000000,0.000000000
point-0003421,6365.155641424,263.413120005,232.639776445,272.000000000,0.000000000,0.000000000
point-0003422,6367.594903781,259.347682743,232.639776445,272.000000000,0.000000000,0.000000000
point-0003423,6368.312333886,258.692138110,233.639776445,272.000000000,0.000000000,0.000000000
point-0003424,6370.751596243,262.757575372,233.639776445,272.000000000,0.000000000,0.000000000
point-0003425,6371.469026348,262.102030739,234.639776445,272.000000000,0.000000000,0.000000000
point-0003426,6373.908288705,258.036593477,234.639776445,272.000000000,0.000000000,0.000000000
point-0003427,6374.625718810,257.381048845,235.639776445,272.000000000,0.000000000,0.000000000
point-0003428,6377.064981167,261.446486106,235.639776445,272.000000000,0.000000000,0.000000000
point-0003429,6377.782411272,260.790941474,236.639776445,272.000000000,0.000000000,0.000000000
point-0003430,6380.221673629,256.725504212,236.639776445,272.000000000,0.000000000,0.000000000
point-0003431,6380.939103734,256.069959579,237.639776445,272.000000000,0.000000000,0.000000000
point-0003432,6383.378366091,260.135396841,237.639776445,272.000000000,0.000000000,0.000000000
point-0003433,6384.095796196,259.479852208,238.639776445,272.000000000,0.000000000,0.000000000
point-0003434,6386.535058553,255.414414947,238.639776445,272.000000000,0.000000000,0.000000000
point-0003435,6387.252488658,254.758870314,239.639776445,272.000000000,0.000000000,0.000000000
point-0003436,6389.691751015,258.824307576,239.639776445,272.000000000,0.000000000,0.000000000
point-0003437,6390.409181120,258.168762943,240.639776445,272.000000000,0.000000000,0.000000000
point-0003438,6392.605213551,254.508708892,240.639776445,272.000000000,0.000000000,0.000000000
point-0003439,6393.699616691,256.034158038,241.639776445,272.000000000,0.000000000,0.000000000
point-0003440,6394.587052855,257.513218310,241.639776445,272.000000000,0.000000000,0.000000000
point-0003441,6423.455537765,280.980655622,199.639776445,272.500000000,0.000000000,0.000000000
point-0003442,6424.109835899,282.071152511,199.639776445,272.500000000,0.000000000,0.000000000
point-0003443,6425.204239040,283.596601657,200.639776445,272.500000000,0.000000000,0.000000000
point-0003444,6427.167133441,280.325110989,200.639776445,272.500000000,0.000000000,0.000000000
point-0003445,6427.884563546,279.669566356,201.639776445,272.500000000,0.000000000,0.000000000
point-0003446,6430.323825903,283.735003618,201.639776445,272.500000000,0.000000000,0.000000000
point-0003447,6431.041256008,283.079458985,202.639776445,272.500000000,0.000000000,0.000000000
point-0003448,6433.480518365,279.014021724,202.639776445,272.500000000,0.000000000,0.000000000
point-0003449,6434.197948470,278.358477091,203.639776445,272.500000000,0.000000000,0.000000000
point-0003450,6436.637210827,282.423914353,203.639776445,272.500000000,0.000000000,0.000000000
point-0003451,6437.354640932,281.768369720,204.639776445,272.500000000,0.000000000,0.000000000
point-0003452,6439.793903289,277.702932458,204.639776445,272.500000000,0.000000000,0.000000000
point-0003453,6440.511333394,277.047387826,205.639776445,272.500000000,0.000000000,0.000000000
point-0003454,6442.950595751,281.112825087,205.639776445,272.500000000,0.000000000,0.000000000
point-0003455,6443.668025856,280.457280455,206.639776445,272.500000000,0.000000000,0.000000000
point-0003456,6446.107288213,276.391843193,206.639776445,272.500000000,0.000000000,0.000000000
point-0003457,6446.824718318,275.736298560,207.639776445,272.500000000,0.000000000,0.000000000
point-0003458,6449.263980675,279.801735822,207.639776445,272.500000000,0.000000000,0.000000000
point-0003459,6449.981410780,279.146191189,208.639776445,272.500000000,0.000000000,0.000000000
point-0003460,6452.420673137,275.080753927,208.639776445,272.500000000,0.000000000,0.000000000
point-0003461,6453.138103242,274.425209295,209.639776445,272.500000000,0.000000000,0.000000000
point-0003462,6455.577365599,278.490646556,209.639776445,272.500000000,0.000000000,0.000000000
point-0003463,6456.294795704,277.835101924,210.639776445,272.500000000,0.000000000,0.000000000
point-0003464,6458.734058061,273.769664662,210.639776445,272.500000000,0.000000000,0.000000000
point-0003465,6459.451488166,273.114120029,211.639776445,272.500000000,0.000000000,0.000000000
point-0003466,6461.890750523,277.179557291,211.639776445,272.500000000,0.000000000,0.000000000
point-0003467,6462.608180628,276.524012658,212.639776445,272.500000000,0.000000000,0.000000000
point-0003468,6465.047442985,272.458575397,212.639776445,272.500000000,0.000000000,0.000000000
point-0003469,6465.764873090,271.803030764,213.639776445,272.500000000,0.000000000,0.000000000
point-0003470,6468.204135447,275.868468026,213.639776445,272.500000000,0.000000000,0.000000000
point-0003471,6468.921565552,275.212923393,214.639776445,272.500000000,0.000000000,0.000000000
point-0003472,6471.360827909,271.147486131,214.639776445,272.500000000,0.000000000,0.000000000
point-0003473,6472.078258014,270.491941499,215.639776445,272.500000000,0.000000000,0.000000000
point-0003474,6474.517520371,274.557378760,215.639776445,272.500000000,0.000000000,0.000000000
point-0003475,6475.234950476,273.901834128,216.639776445,272.500000000,0.000000000,0.000000000
point-0003476,6477.674212833,269.836396866,216.639776445,272.500000000,0.000000000,0.000000000
point-0003477,6478.391642938,269.180852233,217.639776445,272.500000000,0.000000000,0.000000000
point-0003478,6480.830905295,273.246289495,217.639776445,272.500000000,0.000000000,0.000000000
point-0003479,6481.548335400,272.590744862,218.639776445,272.500000000,0.000000000,0.000000000
point-0003480,6483.987597757,268.525307601,218.639776445,272.500000000,0.000000000,0.000000000
point-0003481,6484.705027862,267.869762968,219.639776445,272.500000000,0.000000000,0.000000000
point-0003482,6487.144290219,271.935200230,219.639776445,272.500000000,0.000000000,0.000000000
point-0003483,6487.861720324,271.279655597,220.639776445,272.500000000,0.000000000,0.000000000
point-0003484,6490.300982681,267.214218335,220.639776445,272.500000000,0.000000000,0.000000000
point-0003485,6491.018412786,266.558673702,221.639776445,272.500000000,0.000000000,0.000000000
point-0003486,6493.457675143,270.624110964,221.639776445,272.500000000,0.000000000,0.000000000
point-0003487,6494.175105248,269.968566331,222.639776445,272.500000000,0.000000000,0.000000000
point-0003488,6496.614367605,265.903129070,222.639776445,272.500000000,0.000000000,0.000000000
point-0003489,6497.331797710,265.247584437,223.639776445,272.500000000,0.000000000,0.000000000
point-0003490,6499.771060067,269.313021699,223.639776445,272.500000000,0.000000000,0.000000000
point-0003491,6500.488490172,268.657477066,224.639776445,272.500000000,0.000000000,0.000000000
point-0003492,6502.927752529,264.592039804,224.639776445,272.500000000,0.000000000,0.000000000
point-0003493,6503.645182634,263.936495172,225.639776445,272.500000000,0.000000000,0.000000000
point-0003494,6506.084444991,268.001932433,225.639776445,272.500000000,0.000000000,0.000000000
point-0003495,6506.801875096,267.346387801,226.639776445,272.500000000,0.000000000,0.000000000
point-0003496,6509.241137453,263.280950539,226.639776445,272.500000000,0.000000000,0.000000000
point-0003497,6509.958567558,262.625405906,227.639776445,272.500000000,0.000000000,0.000000000
point-0003498,6512.397829915,266.690843168,227.639776445,272.500000000,0.000000000,0.000000000
point-0003499,6513.115260020,266.035298535,228.639776445,272.500000000,0.000000000,0.000000000
point-0003500,6515.554522377,261.969861274,228.639776445,272.500000000,0.000000000,0.000000000
point-0003501,6516.271952482,261.314316641,229.639776445,272.500000000,0.000000000,0.000000000
point-0003502,6518.711214839,265.379753903,229.639776445,272.500000000,0.000000000,0.000000000
point-0003503,6519.428644944,264.724209270,230.639776445,272.500000000,0.000000000,0.000000000
point-0003504,6521.867907301,260.658772008,230.639776445,272.500000000,0.000000000,0.000000000
point-0003505,6522.585337406,260.003227376,231.639776445,272.500000000,0.000000000,0.000000000
point-0003506,6525.024599763,264.068664637,231.639776445,272.500000000,0.000000000,0.000000000
point-0003507,6525.742029868,263.413120005,232.639776445,272.500000000,0.000000000,0.000000000
point-0003508,6528.181292225,259.347682743,232.639776445,272.500000000,0.000000000,0.000000000
point-0003509,6528.898722330,258.692138110,233.639776445,272.500000000,0.000000000,0.000000000
point-0003510,6531.337984687,262.757575372,233.639776445,272.500000000,0.000000000,0.000000000
point-0003511,6532.055414792,262.102030739,234.639776445,272.500000000,0.000000000,0.000000000
point-0003512,6534.494677149,258.036593477,234.639776445,272.500000000,0.000000000,0.000000000
point-0003513,6535.212107254,257.381048845,235.639776445,272.500000000,0.000000000,0.000000000
point-0003514,6537.651369611,261.446486106,235.639776445,272.500000000,0.000000000,0.000000000
point-0003515,6538.368799716,260.790941474,236.639776445,272.500000000,0.000000000,0.000000000
point-0003516,6540.808062073,256.725504212,236.639776445,272.500000000,0.000000000,0.000000000
point-0003517,6541.525492178,256.069959579,237.639776445,272.500000000,0.000000000,0.000000000
point-0003518,6543.964754535,260.135396841,237.639776445,272.500000000,0.000000000,0.000000000
point-0003519,6544.682184640,259.479852208,238.639776445,272.500000000,0.000000000,0.000000000
point-0003520,6547.121446997,255.414414947,238.639776445,272.500000000,0.000000000,0.000000000
point-0003521,6547.838877102,254.758870314,239.639776445,272.500000000,0.000000000,0.000000000
point-0003522,6550.278139459,258.824307576,239.639776445,272.500000000,0.000000000,0.000000000
point-0003523,6550.995569564,258.168762943,240.639776445,272.500000000,0.000000000,0.000000000
point-0003524,6553.191601995,254.508708892,240.639776445,272.500000000,0.000000000,0.000000000
point-0003525,6554.286005136,256.034158038,241.639776445,272.500000000,0.000000000,0.000000000
point-0003526,6555.173441299,257.513218310,241.639776445,272.500000000,0.000000000,0.000000000
point-0003527,6584.041926210,280.980655622,199.639776445,273.000000000,0.000000000,0.000000000
point-0003528,6584.696224343,282.071152511,199.639776445,273.000000000,0.000000000,0.000000000
point-0003529,6585.790627484,283.596601657,200.639776445,273.000000000,0.000000000,0.000000000
point-0003530,6587.753521885,280.325110989,200.639776445,273.000000000,0.000000000,0.000000000
point-0003531,6588.470951990,279.669566356,201.639776445,273.000000000,0.000000000,0.000000000
point-0003532,6590.910214347,283.735003618,201.639776445,273.000000000,0.000000000,0.000000000
point-0003533,6591.627644452,283.079458985,202.639776445,273.000000000,0.000000000,0.000000000
point-0003534,6594.066906809,279.014021724,202.639776445,273.000000000,0.000000000,0.000000000
point-0003535,6594.784336914,278.358477091,203.639776445,273.000000000,0.000000000,0.000000000
point-0003536,6597.223599271,282.423914353,203.639776445,273.000000000,0.000000000,0.000000000
point-0003537,6597.941029376,281.768369720,204.639776445,273.000000000,0.000000000,0.000000000
point-0003538,6600.380291733,277.702932458,204.639776445,273.000000000,0.000000000,0.000000000
point-0003539,6601.097721838,277.047387826,205.639776445,273.000000000,0.000000000,0.000000000
point-0003540,6603.536984195,281.112825087,205.639776445,273.000000000,0.000000000,0.000000000
point-0003541,6604.254414300,280.457280455,206.639776445,273.000000000,0.000000000,0.000000000
point-0003542,6606.693676657,276.391843193,206.639776445,273.000000000,0.000000000,0.000000000
point-0003543,6607.411106762,275.736298560,207.639776445,273.000000000,0.000000000,0.000000000
point-0003544,6609.850369119,279.801735822,207.639776445,273.000000000,0.000000000,0.000000000
point-0003545,6610.567799224,279.146191189,208.639776445,273.000000000,0.000000000,0.000000000
point-0003546,6613.007061581,275.080753927,208.639776445,273.000000000,0.000000000,0.000000000
point-0003547,6613.724491686,274.425209295,209.639776445,273.000000000,0.000000000,0.000000000
point-0003548,6616.163754043,278.490646556,209.639776445,273.000000000,0.000000000,0.000000000
point-0003549,6616.881184148,277.835101924,210.639776445,273.000000000,0.000000000,0.000000000
point-0003550,6619.320446505,273.769664662,210.639776445,273.000000000,0.000000000,0.000000000
point-0003551,6620.037876610,273.114120029,211.639776445,273.000000000,0.000000000,0.000000000
point-0003552,6622.477138967,277.179557291,211.639776445,273.000000000,0.000000000,0.000000000
point-0003553,6623.194569072,276.524012658,212.639776445,273.000000000,0.000000000,0.000000000
point-0003554,6625.633831429,272.458575397,212.639776445,273.000000000,0.000000000,0.000000000
point-0003555,6626.351261534,271.803030764,213.639776445,273.000000000,0.000000000,0.000000000
point-0003556,6628.790523891,275.868468026,213.639776445,273.000000000,0.000000000,0.000000000
point-0003557,6629.507953996,275.212923393,214.639776445,273.000000000,0.000000000,0.000000000
point-0003558,6631.947216353,271.147486131,214.639776445,273.000000000,0.000000000,0.000000000
point-0003559,6632.664646458,270.491941499,215.639776445,273.000000000,0.000000000,0.000000000
point-0003560,6635.103908815,274.557378760,215.639776445,273.000000000,0.000000000,0.000000000
point-0003561,6635.821338920,273.901834128,216.639776445,273.000000000,0.000000000,0.000000000
point-0003562,6638.260601277,269.836396866,216.639776445,273.000000000,0.000000000,0.000000000
point-0003563,6638.978031382,269.180852233,217.639776445,273.000000000,0.000000000,0.000000000
point-0003564,6641.417293739,273.246289495,217.639776445,273.000000000,0.000000000,0.000000000
point-0003565,6642.134723844,272.590744862,218.639776445,273.000000000,0.000000000,0.000000000
point-0003566,6644.573986201,268.525307601,218.639776445,273.000000000,0.000000000,0.000000000
point-0003567,6645.291416306,267.869762968,219.639776445,273.000000000,0.000000000,0.000000000
point-0003568,6647.730678663,271.935200230,219.639776445,273.000000000,0.000000000,0.000000000
point-0003569,6648.448108768,271.279655597,220.639776445,273.000000000,0.000000000,0.000000000
point-0003570,6650.887371125,267.214218335,220.639776445,273.000000000,0.000000000,0.000000000
point-0003571,6651.604801230,266.558673702,221.639776445,273.000000000,0.000000000,0.000000000
point-0003572,6654.044063587,270.624110964,221.639776445,273.000000000,0.000000000,0.000000000
point-0003573,6654.761493692,269.968566331,222.639776445,273.000000000,0.000000000,0.000000000
point-0003574,6657.200756049,265.903129070,222.639776445,273.000000000,0.000000000,0.000000000
point-0003575,6657.918186154,265.247584437,223.639776445,273.000000000,0.000000000,0.000000000
point-0003576,6660.357448511,269.313021699,223.639776445,273.000000000,0.000000000,0.000000000
point-0003577,6661.074878616,268.657477066,224.639776445,273.000000000,0.000000000,0.000000000
point-0003578,6663.514140973,264.592039804,224.639776445,273.000000000,0.000000000,0.000000000
point-0003579,6664.231571078,263.936495172,225.639776445,273.000000000,0.000000000,0.000000000
point-0003580,6666.670833435,268.001932433,225.639776445,273.000000000,0.000000000,0.000000000
point-0003581,6667.388263540,267.346387801,226.639776445,273.000000000,0.000000000,0.000000000
point-0003582,6669.827525897,263.280950539,226.639776445,273.000000000,0.000000000,0.000000000
point-0003583,6670.544956002,262.625405906,227.639776445,273.000000000,0.000000000,0.000000000
point-0003584,6672.984218359,266.690843168,227.639776445,273.000000000,0.000000000,0.000000000
point-0003585,6673.701648464,266.035298535,228.639776445,273.000000000,0.000000000,0.000000000
point-0003586,6676.140910821,261.969861274,228.639776445,273.000000000,0.000000000,0.000000000
point-0003587,6676.858340926,261.314316641,229.639776445,273.000000000,0.000000000,0.000000000
point-0003588,6679.297603283,265.379753903,229.639776445,273.000000000,0.000000000,0.000000000
point-0003589,6680.015033388,264.724209270,230.639776445,273.000000000,0.000000000,0.000000000
point-0003590,6682.454295745,260.658772008,230.639776445,273.000000000,0.000000000,0.000000000
point-0003591,6683.171725850,260.003227376,231.639776445,273.000000000,0.000000000,0.000000000
point-0003592,6685.610988207,264.068664637,231.639776445,273.000000000,0.000000000,0.000000000
point-0003593,6686.328418312,263.413120005,232.639776445,273.000000000,0.000000000,0.000000000
point-0003594,6688.767680669,259.347682743,232.639776445,273.000000000,0.000000000,0.000000000
point-0003595,6689.485110774,258.692138110,233.639776445,273.000000000,0.000000000,0.000000000
point-0003596,6691.924373131,262.757575372,233.639776445,273.000000000,0.000000000,0.000000000
point-0003597,6692.641803236,262.102030739,234.639776445,273.000000000,0.000000000,0.000000000
point-0003598,6695.081065593,258.036593477,234.639776445,273.000000000,0.000000000,0.000000000
point-0003599,6695.798495698,257.381048845,235.639776445,273.000000000,0.000000000,0.000000000
point-0003600,6698.237758055,261.446486106,235.639776445,273.000000000,0.000000000,0.000000000
point-0003601,6698.955188160,260.790941474,236.639776445,273.000000000,0.000000000,0.000000000
point-0003602,6701.394450517,256.725504212,236.639776445,273.000000000,0.000000000,0.000000000
point-0003603,6702.111880622,256.069959579,237.639776445,273.000000000,0.000000000,0.000000000
point-0003604,6704.551142979,260.135396841,237.639776445,273.000000000,0.000000000,0.000000000
point-0003605,6705.268573084,259.479852208,238.639776445,273.000000000,0.000000000,0.000000000
point-0003606,6707.707835441,255.414414947,238.639776445,273.000000000,0.000000000,0.000000000
point-0003607,6708.425265546,254.758870314,239.639776445,273.000000000,0.000000000,0.000000000
point-0003608,6710.864527903,258.824307576,239.639776445,273.000000000,0.000000000,0.000000000
point-0003609,6711.581958008,258.168762943,240.639776445,273.000000000,0.000000000,0.000000000
point-0003610,6713.777990439,254.508708892,240.639776445,273.000000000,0.000000000,0.000000000
point-0003611,6714.872393580,256.034158038,241.639776445,273.000000000,0.000000000,0.000000000
point-0003612,6715.759829743,257.513218310,241.639776445,273.000000000,0.000000000,0.000000000
point-0003613,6744.628314654,280.980655622,199.639776445,273.500000000,0.000000000,0.000000000
point-0003614,6745.282612787,282.071152511,199.639776445,273.500000000,0.000000000,0.000000000
point-0003615,6746.377015928,283.596601657,200.639776445,273.500000000,0.000000000,0.000000000
point-0003616,6748.339910329,280.325110989,200.639776445,273.500000000,0.000000000,0.000000000
point-0003617,6749.057340434,279.669566356,201.639776445,273.500000000,0.000000000,0.000000000
point-0003618,6751.496602791,283.735003618,201.639776445,273.500000000,0.000000000,0.000000000
point-0003619,6752.214032896,283.079458985,202.639776445,273.500000000,0.000000000,0.000000000
point-0003620,6754.653295253,279.014021724,202.639776445,273.500000000,0.000000000,0.000000000
point-0003621,6755.370725358,278.358477091,203.639776445,273.500000000,0.000000000,0.000000000
point-0003622,6757.809987715,282.423914353,203.639776445,273.500000000,0.000000000,0.000000000
point-0003623,6758.527417820,281.768369720,204.639776445,273.500000000,0.000000000,0.000000000
point-0003624,6760.966680177,277.702932458,204.639776445,273.500000000,0.000000000,0.000000000
point-0003625,6761.684110282,277.047387826,205.639776445,273.500000000,0.000000000,0.000000000
point-0003626,6764.123372639,281.112825087,205.639776445,273.500000000,0.000000000,0.000000000
point-0003627,6764.840802744,280.457280455,206.639776445,273.500000000,0.000000000,0.000000000
point-0003628,6767.280065101,276.391843193,206.639776445,273.500000000,0.000000000,0.000000000
point-0003629,6767.997495206,275.736298560,207.639776445,273.500000000,0.000000000,0.000000000
point-0003630,6770.436757563,279.801735822,207.639776445,273.500000000,0.000000000,0.000000000
point-0003631,6771.154187668,279.146191189,208.639776445,273.500000000,0.000000000,0.000000000
point-0003632,6773.593450025,275.080753927,208.639776445,273.500000000,0.000000000,0.000000000
point-0003633,6774.310880130,274.425209295,209.639776445,273.500000000,0.000000000,0.000000000
point-0003634,6776.750142487,278.490646556,209.639776445,273.500000000,0.000000000,0.000000000
point-0003635,6777.467572592,277.835101924,210.639776445,273.500000000,0.000000000,0.000000000
point-0003636,6779.906834949,273.769664662,210.639776445,273.500000000,0.000000000,0.000000000
point-0003637,6780.624265054,273.114120029,211.639776445,273.500000000,0.000000000,0.000000000
point-0003638,6783.063527411,277.179557291,211.639776445,273.500000000,0.000000000,0.000000000
point-0003639,6783.780957516,276.524012658,212.639776445,273.500000000,0.000000000,0.000000000
point-0003640,6786.220219873,272.458575397,212.639776445,273.500000000,0.000000000,0.000000000
point-0003641,6786.937649978,271.803030764,213.639776445,273.500000000,0.000000000,0.000000000
point-0003642,6789.376912335,275.868468026,213.639776445,273.500000000,0.000000000,0.000000000
point-0003643,6790.094342440,275.212923393,214.639776445,273.500000000,0.000000000,0.000000000
point-0003644,6792.533604797,271.147486131,214.639776445,273.500000000,0.000000000,0.000000000
point-0003645,6793.251034902,270.491941499,215.639776445,273.500000000,0.000000000,0.000000000
point-0003646,6795.690297259,274.557378760,215.639776445,273.500000000,0.000000000,0.000000000
point-0003647,6796.407727364,273.901834128,216.639776445,273.500000000,0.000000000,0.000000000
point-0003648,6798.846989721,269.836396866,216.639776445,273.500000000,0.000000000,0.000000000
point-0003649,6799.564419826,269.180852233,217.639776445,273.500000000,0.000000000,0.000000000
point-0003650,6802.003682183,273.246289495,217.639776445,273.500000000,0.000000000,0.000000000
point-0003651,6802.721112288,272.590744862,218.639776445,273.500000000,0.000000000,0.000000000
point-0003652,6805.160374645,268.525307601,218.639776445,273.500000000,0.000000000,0.000000000
point-0003653,6805.877804750,267.869762968,219.639776445,273.500000000,0.000000000,0.000000000
point-0003654,6808.317067107,271.935200230,219.639776445,273.500000000,0.000000000,0.000000000
point-0003655,6809.034497212,271.279655597,220.639776445,273.500000000,0.000000000,0.000000000
point-0003656,6811.473759569,267.214218335,220.639776445,273.500000000,0.000000000,0.000000000
point-0003657,6812.191189674,266.558673702,221.639776445,273.500000000,0.000000000,0.000000000
point-0003658,6814.630452031,270.624110964,221.639776445,273.500000000,0.000000000,0.000000000
point-0003659,6815.347882136,269.968566331,222.639776445,273.500000000,0.000000000,0.000000000
point-0003660,6817.787144493,265.903129070,222.639776445,273.500000000,0.000000000,0.000000000
point-0003661,6818.504574598,265.247584437,223.639776445,273.500000000,0.000000000,0.000000000
point-0003662,6820.943836955,269.313021699,223.639776445,273.500000000,0.000000000,0.000000000
point-0003663,6821.661267060,268.657477066,224.639776445,273.500000000,0.000000000,0.000000000
point-0003664,6824.100529417,264.592039804,224.639776445,273.500000000,0.000000000,0.000000000
point-0003665,6824.817959522,263.936495172,225.639776445,273.500000000,0.000000000,0.000000000
point-0003666,6827.257221879,268.001932433,225.639776445,273.500000000,0.000000000,0.000000000
point-0003667,6827.974651984,267.346387801,226.639776445,273.500000000,0.000000000,0.000000000
point-0003668,6830.413914341,263.280950539,226.639776445,273.500000000,0.000000000,0.000000000
point-0003669,6831.131344446,262.625405906,227.639776445,273.500000000,0.000000000,0.000000000
point-0003670,6833.570606803,266.690843168,227.639776445,273.500000000,0.000000000,0.000000000
point-0003671,6834.288036908,266.035298535,228.639776445,273.500000000,0.000000000,0.000000000
point-0003672,6836.727299265,261.969861274,228.639776445,273.500000000,0.000000000,0.000000000
point-0003673,6837.444729370,261.314316641,229.639776445,273.500000000,0.000000000,0.000000000
point-0003674,6839.883991727,265.379753903,229.639776445,273.500000000,0.000000000,0.000000000
point-0003675,6840.601421832,264.724209270,230.639776445,273.500000000,0.000000000,0.000000000
point-0003676,6843.040684189,260.658772008,230.639776445,273.500000000,0.000000000,0.000000000
point-0003677,6843.758114294,260.003227376,231.639776445,273.500000000,0.000000000,0.000000000
point-0003678,6846.197376651,264.068664637,231.639776445,273.500000000,0.000000000,0.000000000
point-0003679,6846.914806756,263.413120005,232.639776445,273.500000000,0.000000000,0.000000000
point-0003680,6849.354069113,259.347682743,232.639776445,273.500000000,0.000000000,0.000000000
point-0003681,6850.071499218,258.692138110,233.639776445,273.500000000,0.000000000,0.000000000
point-0003682,6852.510761575,262.757575372,233.639776445,273.500000000,0.000000000,0.000000000
point-0003683,6853.228191680,262.102030739,234.639776445,273.500000000,0.000000000,0.000000000
point-0003684,6855.667454037,258.036593477,234.639776445,273.500000000,0.000000000,0.000000000
point-0003685,6856.384884142,257.381048845,235.639776445,273.500000000,0.000000000,0.000000000
point-0003686,6858.824146499,261.446486106,235.639776445,273.500000000,0.000000000,0.000000000
point-0003687,6859.541576604,260.790941474,236.639776445,273.500000000,0.000000000,0.000000000
point-0003688,6861.980838961,256.725504212,236.639776445,273.500000000,0.000000000,0.000000000
point-0003689,6862.698269066,256.069959579,237.639776445,273.500000000,0.000000000,0.000000000
point-0003690,6865.137531423,260.135396841,237.639776445,273.500000000,0.000000000,0.000000000
point-0003691,6865.854961528,259.479852208,238.639776445,273.500000000,0.000000000,0.000000000
point-0003692,6868.294223885,255.414414947,238.639776445,273.500000000,0.000000000,0.000000000
point-0003693,6869.011653990,254.758870314,239.639776445,273.500000000,0.000000000,0.000000000
point-0003694,6871.450916347,258.824307576,239.639776445,273.500000000,0.000000000,0.000000000
point-0003695,6872.168346452,258.168762943,240.639776445,273.500000000,0.000000000,0.000000000
point-0003696,6874.364378883,254.508708892,240.639776445,273.500000000,0.000000000,0.000000000
point-0003697,6875.458782024,256.034158038,241.639776445,273.500000000,0.000000000,0.000000000
point-0003698,6876.346218187,257.513218310,241.639776445,273.500000000,0.000000000,0.000000000
point-0003699,6905.214703098,280.980655622,199.639776445,274.000000000,0.000000000,0.000000000
point-0003700,6905.869001231,282.071152511,199.639776445,274.000000000,0.000000000,0.000000000
point-0003701,6906.963404372,283.596601657,200.639776445,274.000000000,0.000000000,0.000000000
point-0003702,6908.926298773,280.325110989,200.639776445,274.000000000,0.000000000,0.000000000
point-0003703,6909.643728878,279.669566356,201.639776445,274.000000000,0.000000000,0.000000000
point-0003704,6912.082991235,283.735003618,201.639776445,274.000000000,0.000000000,0.000000000
point-0003705,6912.800421340,283.079458985,202.639776445,274.000000000,0.000000000,0.000000000
point-0003706,6915.239683697,279.014021724,202.639776445,274.000000000,0.000000000,0.000000000
point-0003707,6915.957113802,278.358477091,203.639776445,274.000000000,0.000000000,0.000000000
point-0003708,6918.396376159,282.423914353,203.639776445,274.000000000,0.000000000,0.000000000
point-0003709,6919.113806264,281.768369720,204.639776445,274.000000000,0.000000000,0.000000000
point-0003710,6921.553068621,277.702932458,204.639776445,274.000000000,0.000000000,0.000000000
point-0003711,6922.270498726,277.047387826,205.639776445,274.000000000,0.000000000,0.000000000
point-0003712,6924.709761083,281.112825087,205.639776445,274.000000000,0.000000000,0.000000000
point-0003713,6925.427191188,280.457280455,206.639776445,274.000000000,0.000000000,0.000000000
point-0003714,6927.866453545,276.391843193,206.639776445,274.000000000,0.000000000,0.000000000
point-0003715,6928.583883650,275.736298560,207.639776445,274.000000000,0.000000000,0.000000000
point-0003716,6931.023146007,279.801735822,207.639776445,274.000000000,0.000000000,0.000000000
point-0003717,6931.740576112,279.146191189,208.639776445,274.000000000,0.000000000,0.000000000
point-0003718,6934.179838469,275.080753927,208.639776445,274.000000000,0.000000000,0.000000000
point-0003719,6934.897268574,274.425209295,209.639776445,274.000000000,0.000000000,0.000000000
point-0003720,6937.336530931,278.490646556,209.639776445,274.000000000,0.000000000,0.000000000
point-0003721,6938.053961036,277.835101924,210.639776445,274.000000000,0.000000000,0.000000000
point-0003722,6940.493223393,273.769664662,210.639776445,274.000000000,0.000000000,0.000000000
point-0003723,6941.210653498,273.114120029,211.639776445,274.000000000,0.000000000,0.000000000
point-0003724,6943.649915855,277.179557291,211.639776445,274.000000000,0.000000000,0.000000000
point-0003725,6944.367345960,276.524012658,212.639776445,274.000000000,0.000000000,0.000000000
point-0003726,6946.806608317,272.458575397,212.639776445,274.000000000,0.000000000,0.000000000
point-0003727,6947.524038422,271.803030764,213.639776445,274.000000000,0.000000000,0.000000000
point-0003728,6949.963300779,275.868468026,213.639776445,274.000000000,0.000000000,0.000000000
point-0003729,6950.680730884,275.212923393,214.639776445,274.000000000,0.000000000,0.000000000
point-0003730,6953.119993241,271.147486131,214.639776445,274.000000000,0.000000000,0.000000000
point-0003731,6953.837423346,270.491941499,215.639776445,274.000000000,0.000000000,0.000000000
point-0003732,6956.276685703,274.557378760,215.639776445,274.000000000,0.000000000,0.000000000
point-0003733,6956.994115808,273.901834128,216.639776445,274.000000000,0.000000000,0.000000000
point-0003734,6959.433378165,269.836396866,216.639776445,274.000000000,0.000000000,0.000000000
point-0003735,6960.150808270,269.180852233,217.639776445,274.000000000,0.000000000,0.000000000
point-0003736,6962.590070627,273.246289495,217.639776445,274.000000000,0.000000000,0.000000000
point-0003737,6963.307500732,272.590744862,218.639776445,274.000000000,0.000000000,0.000000000
point-0003738,6965.746763089,268.525307601,218.639776445,274.000000000,0.000000000,0.000000000
point-0003739,6966.464193194,267.869762968,219.639776445,274.000000000,0.000000000,0.000000000
point-0003740,6968.903455551,271.935200230,219.639776445,274.000000000,0.000000000,0.000000000
point-0003741,6969.620885656,271.279655597,220.639776445,274.000000000,0.000000000,0.000000000
point-0003742,6972.060148013,267.214218335,220.639776445,274.000000000,0.000000000,0.000000000
point-0003743,6972.777578118,266.558673702,221.639776445,274.000000000,0.000000000,0.000000000
point-0003744,6975.216840475,270.624110964,221.639776445,274.000000000,0.000000000,0.000000000
point-0003745,6975.934270580,269.968566331,222.639776445,274.000000000,0.000000000,0.000000000
point-0003746,6978.373532937,265.903129070,222.639776445,274.000000000,0.000000000,0.000000000
point-0003747,6979.090963042,265.247584437,223.639776445,274.000000000,0.000000000,0.000000000
point-0003748,6981.530225399,269.313021699,223.639776445,274.000000000,0.000000000,0.000000000
point-0003749,6982.247655504,268.657477066,224.639776445,274.000000000,0.000000000,0.000000000
point-0003750,6984.686917861,264.592039804,224.639776445,274.000000000,0.000000000,0.000000000
point-0003751,6985.404347966,263.936495172,225.639776445,274.000000000,0.000000000,0.000000000
point-0003752,6987.843610323,268.001932433,225.639776445,274.000000000,0.000000000,0.000000000
point-0003753,6988.561040428,267.346387801,226.639776445,274.000000000,0.000000000,0.000000000
point-0003754,6991.000302785,263.280950539,226.639776445,274.000000000,0.000000000,0.000000000
point-0003755,6991.717732890,262.625405906,227.639776445,274.000000000,0.000000000,0.000000000
point-0003756,6994.156995247,266.690843168,227.639776445,274.000000000,0.000000000,0.000000000
point-0003757,6994.874425352,266.035298535,228.639776445,274.000000000,0.000000000,0.000000000
point-0003758,6997.313687709,261.969861274,228.639776445,274.000000000,0.000000000,0.000000000
point-0003759,6998.031117814,261.314316641,229.639776445,274.000000000,0.000000000,0.000000000
point-0003760,7000.470380171,265.379753903,229.639776445,274.000000000,0.000000000,0.000000000
point-0003761,7001.187810276,264.724209270,230.639776445,274.000000000,0.000000000,0.000000000
point-0003762,7003.627072633,260.658772008,230.639776445,274.000000000,0.000000000,0.000000000
point-0003763,7004.344502738,260.003227376,231.639776445,274.000000000,0.000000000,0.000000000
point-0003764,7006.783765095,264.068664637,231.639776445,274.000000000,0.000000000,0.000000000
point-0003765,7007.501195200,263.413120005,232.639776445,274.000000000,0.000000000,0.000000000
point-0003766,7009.940457557,259.347682743,232.639776445,274.000000000,0.000000000,0.000000000
point-0003767,7010.657887662,258.692138110,233.639776445,274.000000000,0.000000000,0.000000000
point-0003768,7013.097150019,262.757575372,233.639776445,274.000000000,0.000000000,0.000000000
point-0003769,7013.814580124,262.102030739,234.639776445,274.000000000,0.000000000,0.000000000
point-0003770,7016.253842481,258.036593477,234.639776445,274.000000000,0.000000000,0.000000000
point-0003771,7016.971272586,257.381048845,235.639776445,274.000000000,0.000000000,0.000000000
point-0003772,7019.410534943,261.446486106,235.639776445,274.000000000,0.000000000,0.000000000
point-0003773,7020.127965048,260.790941474,236.639776445,274.000000000,0.000000000,0.000000000
point-0003774,7022.567227405,256.725504212,236.639776445,274.000000000,0.000000000,0.000000000
point-0003775,7023.284657510,256.069959579,237.639776445,274.000000000,0.000000000,0.000000000
point-0003776,7025.723919867,260.135396841,237.639776445,274.000000000,0.000000000,0.000000000
point-0003777,7026.441349972,259.479852208,238.639776445,274.000000000,0.000000000,0.000000000
point-0003778,7028.880612329,255.414414947,238.639776445,274.000000000,0.000000000,0.000000000
point-0003779,7029.598042434,254.758870314,239.639776445,274.000000000,0.000000000,0.000000000
point-0003780,7032.037304791,258.824307576,239.639776445,274.000000000,0.000000000,0.000000000
point-0003781,7032.754734896,258.168762943,240.639776445,274.000000000,0.000000000,0.000000000
point-0003782,7034.950767327,254.508708892,240.639776445,274.000000000,0.000000000,0.000000000
point-0003783,7036.045170468,256.034158038,241.639776445,274.000000000,0.000000000,0.000000000
point-0003784,7036.932606632,257.513218310,241.639776445,274.000000000,0.000000000,0.000000000
point-0003785,7065.801091542,280.980655622,199.639776445,274.500000000,0.000000000,0.000000000
point-0003786,7066.455389676,282.071152511,199.639776445,274.500000000,0.000000000,0.000000000
point-0003787,7067.549792816,283.596601657,200.639776445,274.500000000,0.000000000,0.000000000
point-0003788,7069.512687217,280.325110989,200.639776445,274.500000000,0.000000000,0.000000000
point-0003789,7070.230117322,279.669566356,201.639776445,274.500000000,0.000000000,0.000000000
point-0003790,7072.669379679,283.735003618,201.639776445,274.500000000,0.000000000,0.000000000
point-0003791,7073.386809784,283.079458985,202.639776445,274.500000000,0.000000000,0.000000000
point-0003792,7075.826072141,279.014021724,202.639776445,274.500000000,0.000000000,0.000000000
point-0003793,7076.543502246,278.358477091,203.639776445,274.500000000,0.000000000,0.000000000
point-0003794,7078.982764603,282.423914353,203.639776445,274.500000000,0.000000000,0.000000000
point-0003795,7079.700194708,281.768369720,204.639776445,274.500000000,0.000000000,0.000000000
point-0003796,7082.139457065,277.702932458,204.639776445,274.500000000,0.000000000,0.000000000
point-0003797,7082.856887170,277.047387826,205.639776445,274.500000000,0.000000000,0.000000000
point-0003798,7085.296149527,281.112825087,205.639776445,274.500000000,0.000000000,0.000000000
point-0003799,7086.013579632,280.457280455,206.639776445,274.500000000,0.000000000,0.000000000
point-0003800,7088.452841989,276.391843193,206.639776445,274.500000000,0.000000000,0.000000000
point-0003801,7089.170272094,275.736298560,207.639776445,274.500000000,0.000000000,0.000000000
point-0003802,7091.609534451,279.801735822,207.639776445,274.500000000,0.000000000,0.000000000
point-0003803,7092.326964556,279.146191189,208.639776445,274.500000000,0.000000000,0.000000000
point-0003804,7094.766226913,275.080753927,208.639776445,274.500000000,0.000000000,0.000000000
point-0003805,7095.483657018,274.425209295,209.639776445,274.500000000,0.000000000,0.000000000
point-0003806,7097.922919375,278.490646556,209.639776445,274.500000000,0.000000000,0.000000000
point-0003807,7098.640349480,277.835101924,210.639776445,274.500000000,0.000000000,0.000000000
point-0003808,7101.079611837,273.769664662,210.639776445,274.500000000,0.000000000,0.000000000
point-0003809,7101.797041942,273.114120029,211.639776445,274.500000000,0.000000000,0.000000000
point-0003810,7104.236304299,277.179557291,211.639776445,274.500000000,0.000000000,0.000000000
point-0003811,7104.953734404,276.524012658,212.639776445,274.500000000,0.000000000,0.000000000
point-0003812,7107.392996761,272.458575397,212.639776445,274.500000000,0.000000000,0.000000000
point-0003813,7108.110426866,271.803030764,213.639776445,274.500000000,0.000000000,0.000000000
point-0003814,7110.549689223,275.868468026,213.639776445,274.500000000,0.000000000,0.000000000
point-0003815,7111.267119328,275.212923393,214.639776445,274.500000000,0.000000000,0.000000000
point-0003816,7113.706381685,271.147486131,214.639776445,274.500000000,0.000000000,0.000000000
point-0003817,7114.423811790,270.491941499,215.639776445,274.500000000,0.000000000,0.000000000
point-0003818,7116.863074147,274.557378760,215.639776445,274.500000000,0.000000000,0.000000000
point-0003819,7117.580504252,273.901834128,216.639776445,274.500000000,0.000000000,0.000000000
point-0003820,7120.019766609,269.836396866,216.639776445,274.500000000,0.000000000,0.000000000
point-0003821,7120.737196714,269.180852233,217.639776445,274.500000000,0.000000000,0.000000000
point-0003822,7123.176459071,273.246289495,217.639776445,274.500000000,0.000000000,0.000000000
point-0003823,7123.893889176,272.590744862,218.639776445,274.500000000,0.000000000,0.000000000
point-0003824,7126.333151533,268.525307601,218.639776445,274.500000000,0.000000000,0.000000000
point-0003825,7127.050581638,267.869762968,219.639776445,274.500000000,0.000000000,0.000000000
point-0003826,7129.489843995,271.935200230,219.639776445,274.500000000,0.000000000,0.000000000
point-0003827,7130.207274100,271.279655597,220.639776445,274.500000000,0.000000000,0.000000000
point-0003828,7132.646536457,267.214218335,220.639776445,274.500000000,0.000000000,0.000000000
point-0003829,7133.363966562,266.558673702,221.639776445,274.500000000,0.000000000,0.000000000
point-0003830,7135.803228919,270.624110964,221.639776445,274.500000000,0.000000000,0.000000000
point-0003831,7136.520659024,269.968566331,222.639776445,274.500000000,0.000000000,0.000000000
point-0003832,7138.959921381,265.903129070,222.639776445,274.500000000,0.000000000,0.000000000
point-0003833,7139.677351486,265.247584437,223.639776445,274.500000000,0.000000000,0.000000000
point-0003834,7142.116613843,269.313021699,223.639776445,274.500000000,0.000000000,0.000000000
point-0003835,7142.834043948,268.657477066,224.639776445,274.500000000,0.000000000,0.000000000
point-0003836,7145.273306305,264.592039804,224.639776445,274.500000000,0.000000000,0.000000000
point-0003837,7145.990736410,263.936495172,225.639776445,274.500000000,0.000000000,0.000000000
point-0003838,7148.429998767,268.001932433,225.639776445,274.500000000,0.000000000,0.000000000
point-0003839,7149.147428872,267.346387801,226.639776445,274.500000000,0.000000000,0.000000000
point-0003840,7151.586691229,263.280950539,226.639776445,274.500000000,0.000000000,0.000000000
point-0003841,7152.304121334,262.625405906,227.639776445,274.500000000,0.000000000,0.000000000
point-0003842,7154.743383691,266.690843168,227.639776445,274.500000000,0.000000000,0.000000000
point-0003843,7155.460813796,266.035298535,228.639776445,274.500000000,0.000000000,0.000000000
point-0003844,7157.900076153,261.969861274,228.639776445,274.500000000,0.000000000,0.000000000
point-0003845,7158.617506258,261.314316641,229.639776445,274.500000000,0.000000000,0.000000000
point-0003846,7161.056768615,265.379753903,229.639776445,274.500000000,0.000000000,0.000000000
point-0003847,7161.774198720,264.724209270,230.639776445,274.500000000,0.000000000,0.000000000
point-0003848,7164.213461077,260.658772008,230.639776445,274.500000000,0.000000000,0.000000000
point-0003849,7164.930891182,260.003227376,231.639776445,274.500000000,0.000000000,0.000000000
point-0003850,7167.370153539,264.068664637,231.639776445,274.500000000,0.000000000,0.000000000
point-0003851,7168.087583644,263.413120005,232.639776445,274.500000000,0.000000000,0.000000000
point-0003852,7170.526846001,259.347682743,232.639776445,274.500000000,0.000000000,0.000000000
point-0003853,7171.244276106,258.692138110,233.639776445,274.500000000,0.000000000,0.000000000
point-0003854,7173.683538463,262.757575372,233.639776445,274.500000000,0.000000000,0.000000000
point-0003855,7174.400968568,262.102030739,234.639776445,274.500000000,0.000000000,0.000000000
point-0003856,7176.840230925,258.036593477,234.639776445,274.500000000,0.000000000,0.000000000
point-0003857,7177.557661030,257.381048845,235.639776445,274.500000000,0.000000000,0.000000000
point-0003858,7179.996923387,261.446486106,235.639776445,274.500000000,0.000000000,0.000000000
point-0003859,7180.714353492,260.790941474,236.639776445,274.500000000,0.000000000,0.000000000
point-0003860,7183.153615849,256.725504212,236.639776445,274.500000000,0.000000000,0.000000000
point-0003861,7183.871045954,256.069959579,237.639776445,274.500000000,0.000000000,0.000000000
point-0003862,7186.310308311,260.135396841,237.639776445,274.500000000,0.000000000,0.000000000
point-0003863,7187.027738416,259.479852208,238.639776445,274.500000000,0.000000000,0.000000000
point-0003864,7189.467000773,255.414414947,238.639776445,274.500000000,0.000000000,0.000000000
point-0003865,7190.184430878,254.758870314,239.639776445,274.500000000,0.000000000,0.000000000
point-0003866,7192.623693235,258.824307576,239.639776445,274.500000000,0.000000000,0.000000000
point-0003867,7193.341123340,258.168762943,240.639776445,274.500000000,0.000000000,0.000000000
point-0003868,7195.537155771,254.508708892,240.639776445,274.500000000,0.000000000,0.000000000
point-0003869,7196.631558912,256.034158038,241.639776445,274.500000000,0.000000000,0.000000000
point-0003870,7197.518995076,257.513218310,241.639776445,274.500000000,0.000000000,0.000000000
point-0003871,7226.387479986,280.980655622,199.639776445,275.000000000,0.000000000,0.000000000
point-0003872,7227.041778120,282.071152511,199.639776445,275.000000000,0.000000000,0.000000000
point-0003873,7228.136181261,283.596601657,200.639776445,275.000000000,0.000000000,0.000000000
point-0003874,7230.099075661,280.325110989,200.639776445,275.000000000,0.000000000,0.000000000
point-0003875,7230.816505766,279.669566356,201.639776445,275.000000000,0.000000000,0.000000000
point-0003876,7233.255768123,283.735003618,201.639776445,275.000000000,0.000000000,0.000000000
point-0003877,7233.973198228,283.079458985,202.639776445,275.000000000,0.000000000,0.000000000
point-0003878,7236.412460585,279.014021724,202.639776445,275.000000000,0.000000000,0.000000000
point-0003879,7237.129890690,278.358477091,203.639776445,275.000000000,0.000000000,0.000000000
point-0003880,7239.569153047,282.423914353,203.639776445,275.000000000,0.000000000,0.000000000
point-0003881,7240.286583152,281.768369720,204.639776445,275.000000000,0.000000000,0.000000000
point-0003882,7242.725845509,277.702932458,204.639776445,275.000000000,0.000000000,0.000000000
point-0003883,7243.443275614,277.047387826,205.639776445,275.000000000,0.000000000,0.000000000
point-0003884,7245.882537971,281.112825087,205.639776445,275.000000000,0.000000000,0.000000000
point-0003885,7246.599968076,280.457280455,206.639776445,275.000000000,0.000000000,0.000000000
point-0003886,7249.039230433,276.391843193,206.639776445,275.000000000,0.000000000,0.000000000
point-0003887,7249.756660538,275.736298560,207.639776445,275.000000000,0.000000000,0.000000000
point-0003888,7252.195922895,279.801735822,207.639776445,275.000000000,0.000000000,0.000000000
point-0003889,7252.913353000,279.146191189,208.639776445,275.000000000,0.000000000,0.000000000
point-0003890,7255.352615357,275.080753927,208.639776445,275.000000000,0.000000000,0.000000000
point-0003891,7256.070045462,274.425209295,209.639776445,275.000000000,0.000000000,0.000000000
point-0003892,7258.509307819,278.490646556,209.639776445,275.000000000,0.000000000,0.000000000
point-0003893,7259.226737924,277.835101924,210.639776445,275.000000000,0.000000000,0.000000000
point-0003894,7261.666000281,273.769664662,210.639776445,275.000000000,0.000000000,0.000000000
point-0003895,7262.383430386,273.114120029,211.639776445,275.000000000,0.000000000,0.000000000
point-0003896,7264.822692743,277.179557291,211.639776445,275.000000000,0.000000000,0.000000000
point-0003897,7265.540122848,276.524012658,212.639776445,275.000000000,0.000000000,0.000000000
point-0003898,7267.979385205,272.458575397,212.639776445,275.000000000,0.000000000,0.000000000
point-0003899,7268.696815310,271.803030764,213.639776445,275.000000000,0.000000000,0.000000000
point-0003900,7271.136077667,275.868468026,213.639776445,275.000000000,0.000000000,0.000000000
point-0003901,7271.853507772,275.212923393,214.639776445,275.000000000,0.000000000,0.000000000
point-0003902,7274.292770129,271.147486131,214.639776445,275.000000000,0.000000000,0.000000000
point-0003903,7275.010200234,270.491941499,215.639776445,275.000000000,0.000000000,0.000000000
point-0003904,7277.449462591,274.557378760,215.639776445,275.000000000,0.000000000,0.000000000
point-0003905,7278.166892696,273.901834128,216.639776445,275.000000000,0.000000000,0.000000000
point-0003906,7280.606155053,269.836396866,216.639776445,275.000000000,0.000000000,0.000000000
point-0003907,7281.323585158,269.180852233,217.639776445,275.000000000,0.000000000,0.000000000
point-0003908,7283.762847515,273.246289495,217.639776445,275.000000000,0.000000000,0.000000000
point-0003909,7284.480277620,272.590744862,218.639776445,275.000000000,0.000000000,0.000000000
point-0003910,7286.919539977,268.525307601,218.639776445,275.000000000,0.000000000,0.000000000
point-0003911,7287.636970082,267.869762968,219.639776445,275.000000000,0.000000000,0.000000000
point-0003912,7290.076232439,271.935200230,219.639776445,275.000000000,0.000000000,0.000000000
point-0003913,7290.793662544,271.279655597,220.639776445,275.000000000,0.000000000,0.000000000
point-0003914,7293.232924901,267.214218335,220.639776445,275.000000000,0.000000000,0.000000000
point-0003915,7293.950355006,266.558673702,221.639776445,275.000000000,0.000000000,0.000000000
point-0003916,7296.389617363,270.624110964,221.639776445,275.000000000,0.000000000,0.000000000
point-0003917,7297.107047468,269.968566331,222.639776445,275.000000000,0.000000000,0.000000000
point-0003918,7299.546309825,265.903129070,222.639776445,275.000000000,0.000000000,0.000000000
point-0003919,7300.263739930,265.247584437,223.639776445,275.000000000,0.000000000,0.000000000
point-0003920,7302.703002287,269.313021699,223.639776445,275.000000000,0.000000000,0.000000000
point-0003921,7303.420432392,268.657477066,224.639776445,275.000000000,0.000000000,0.000000000
point-0003922,7305.859694749,264.592039804,224.639776445,275.000000000,0.000000000,0.000000000
point-0003923,7306.577124854,263.936495172,225.639776445,275.000000000,0.000000000,0.000000000
point-0003924,7309.016387211,268.001932433,225.639776445,275.000000000,0.000000000,0.000000000
point-0003925,7309.733817316,267.346387801,226.639776445,275.000000000,0.000000000,0.000000000
point-0003926,7312.173079673,263.280950539,226.639776445,275.000000000,0.000000000,0.000000000
point-0003927,7312.890509778,262.625405906,227.639776445,275.000000000,0.000000000,0.000000000
point-0003928,7315.329772135,266.690843168,227.639776445,275.000000000,0.000000000,0.000000000
point-0003929,7316.047202240,266.035298535,228.639776445,275.000000000,0.000000000,0.000000000
point-0003930,7318.486464597,261.969861274,228.639776445,275.000000000,0.000000000,0.000000000
point-0003931,7319.203894702,261.314316641,229.639776445,275.000000000,0.000000000,0.000000000
point-0003932,7321.643157059,265.379753903,229.639776445,275.000000000,0.000000000,0.000000000
point-0003933,7322.360587164,264.724209270,230.639776445,275.000000000,0.000000000,0.000000000
point-0003934,7324.799849521,260.658772008,230.639776445,275.000000000,0.000000000,0.000000000
point-0003935,7325.517279626,260.003227376,231.639776445,275.000000000,0.000000000,0.000000000
point-0003936,7327.956541983,264.068664637,231.639776445,275.000000000,0.000000000,0.000000000
point-0003937,7328.673972088,263.413120005,232.639776445,275.000000000,0.000000000,0.000000000
point-0003938,7331.113234445,259.347682743,232.639776445,275.000000000,0.000000000,0.000000000
point-0003939,7331.830664550,258.692138110,233.639776445,275.000000000,0.000000000,0.000000000
point-0003940,7334.269926907,262.757575372,233.639776445,275.000000000,0.000000000,0.000000000
point-0003941,7334.987357012,262.102030739,234.639776445,275.000000000,0.000000000,0.000000000
point-0003942,7337.426619370,258.036593477,234.639776445,275.000000000,0.000000000,0.000000000
point-0003943,7338.144049475,257.381048845,235.639776445,275.000000000,0.000000000,0.000000000
point-0003944,7340.583311832,261.446486106,235.639776445,275.000000000,0.000000000,0.000000000
point-0003945,7341.300741937,260.790941474,236.639776445,275.000000000,0.000000000,0.000000000
point-0003946,7343.740004294,256.725504212,236.639776445,275.000000000,0.000000000,0.000000000
point-0003947,7344.457434399,256.069959579,237.639776445,275.000000000,0.000000000,0.000000000
point-0003948,7346.896696756,260.135396841,237.639776445,275.000000000,0.000000000,0.000000000
point-0003949,7347.614126861,259.479852208,238.639776445,275.000000000,0.000000000,0.000000000
point-0003950,7350.053389218,255.414414947,238.639776445,275.000000000,0.000000000,0.000000000
point-0003951,7350.770819323,254.758870314,239.639776445,275.000000000,0.000000000,0.000000000
point-0003952,7353.210081680,258.824307576,239.639776445,275.000000000,0.000000000,0.000000000
point-0003953,7353.927511785,258.168762943,240.639776445,275.000000000,0.000000000,0.000000000
point-0003954,7356.123544215,254.508708892,240.639776445,275.000000000,0.000000000,0.000000000
point-0003955,7357.217947356,256.034158038,241.639776445,275.000000000,0.000000000,0.000000000
point-0003956,7358.105383520,257.513218310,241.639776445,275.000000000,0.000000000,0.000000000
point-0003957,7386.973868430,280.980655622,199.639776445,275.500000000,0.000000000,0.000000000
point-0003958,7387.628166564,282.071152511,199.639776445,275.500000000,0.000000000,0.000000000
point-0003959,7388.722569705,283.596601657,200.639776445,275.500000000,0.000000000,0.000000000
point-0003960,7390.685464105,280.325110989,200.639776445,275.500000000,0.000000000,0.000000000
point-0003961,7391.402894210,279.669566356,201.639776445,275.500000000,0.000000000,0.000000000
point-0003962,7393.842156567,283.735003618,201.639776445,275.500000000,0.000000000,0.000000000
point-0003963,7394.559586672,283.079458985,202.639776445,275.500000000,0.000000000,0.000000000
point-0003964,7396.998849029,279.014021724,202.639776445,275.500000000,0.000000000,0.000000000
point-0003965,7397.716279134,278.358477091,203.639776445,275.500000000,0.000000000,0.000000000
point-0003966,7400.155541491,282.423914353,203.639776445,275.500000000,0.000000000,0.000000000
point-0003967,7400.872971596,281.768369720,204.639776445,275.500000000,0.000000000,0.000000000
point-0003968,7403.312233953,277.702932458,204.639776445,275.500000000,0.000000000,0.000000000
point-0003969,7404.029664058,277.047387826,205.639776445,275.500000000,0.000000000,0.000000000
point-0003970,7406.468926415,281.112825087,205.639776445,275.500000000,0.000000000,0.000000000
point-0003971,7407.186356520,280.457280455,206.639776445,275.500000000,0.000000000,0.000000000
point-0003972,7409.625618877,276.391843193,206.639776445,275.500000000,0.000000000,0.000000000
point-0003973,7410.343048982,275.736298560,207.639776445,275.500000000,0.000000000,0.000000000
point-0003974,7412.782311339,279.801735822,207.639776445,275.500000000,0.000000000,0.000000000
point-0003975,7413.499741444,279.146191189,208.639776445,275.500000000,0.000000000,0.000000000
point-0003976,7415.939003801,275.080753927,208.639776445,275.500000000,0.000000000,0.000000000
point-0003977,7416.656433906,274.425209295,209.639776445,275.500000000,0.000000000,0.000000000
point-0003978,7419.095696263,278.490646556,209.639776445,275.500000000,0.000000000,0.000000000
point-0003979,7419.813126368,277.835101924,210.639776445,275.500000000,0.000000000,0.000000000
point-0003980,7422.252388725,273.769664662,210.639776445,275.500000000,0.000000000,0.000000000
point-0003981,7422.969818830,273.114120029,211.639776445,275.500000000,0.000000000,0.000000000
point-0003982,7425.409081187,277.179557291,211.639776445,275.500000000,0.000000000,0.000000000
point-0003983,7426.126511292,276.524012658,212.639776445,275.500000000,0.000000000,0.000000000
point-0003984,7428.565773649,272.458575397,212.639776445,275.500000000,0.000000000,0.000000000
point-0003985,7429.283203754,271.803030764,213.639776445,275.500000000,0.000000000,0.000000000
point-0003986,7431.722466111,275.868468026,213.639776445,275.500000000,0.000000000,0.000000000
point-0003987,7432.439896216,275.212923393,214.639776445,275.500000000,0.000000000,0.000000000
point-0003988,7434.879158573,271.147486131,214.639776445,275.500000000,0.000000000,0.000000000
point-0003989,7435.596588678,270.491941499,215.639776445,275.500000000,0.000000000,0.000000000
point-0003990,7438.035851035,274.557378760,215.639776445,275.500000000,0.000000000,0.000000000
point-0003991,7438.753281140,273.901834128,216.639776445,275.500000000,0.000000000,0.000000000
point-0003992,7441.192543497,269.836396866,216.639776445,275.500000000,0.000000000,0.000000000
point-0003993,7441.909973602,269.180852233,217.639776445,275.500000000,0.000000000,0.000000000
point-0003994,7444.349235960,273.246289495,217.639776445,275.500000000,0.000000000,0.000000000
point-0003995,7445.066666065,272.590744862,218.639776445,275.500000000,0.000000000,0.000000000
point-0003996,7447.505928422,268.525307601,218.639776445,275.500000000,0.000000000,0.000000000
point-0003997,7448.223358527,267.869762968,219.639776445,275.500000000,0.000000000,0.000000000
point-0003998,7450.662620884,271.935200230,219.639776445,275.500000000,0.000000000,0.000000000
point-0003999,7451.380050989,271.279655597,220.639776445,275.500000000,0.000000000,0.000000000
point-0004000,7453.819313346,267.214218335,220.639776445,275.500000000,0.000000000,0.000000000
point-0004001,7454.536743451,266.558673702,221.639776445,275.500000000,0.000000000,0.000000000
point-0004002,7456.976005808,270.624110964,221.639776445,275.500000000,0.000000000,0.000000000
point-0004003,7457.693435913,269.968566331,222.639776445,275.500000000,0.000000000,0.000000000
point-0004004,7460.132698270,265.903129070,222.639776445,275.500000000,0.000000000,0.000000000
point-0004005,7460.850128375,265.247584437,223.639776445,275.500000000,0.000000000,0.000000000
point-0004006,7463.289390732,269.313021699,223.639776445,275.500000000,0.000000000,0.000000000
point-0004007,7464.006820837,268.657477066,224.639776445,275.500000000,0.000000000,0.000000000
point-0004008,7466.446083194,264.592039804,224.639776445,275.500000000,0.000000000,0.000000000
point-0004009,7467.163513299,263.936495172,225.639776445,275.500000000,0.000000000,0.000000000
point-0004010,7469.602775656,268.001932433,225.639776445,275.500000000,0.000000000,0.000000000
point-0004011,7470.320205761,267.346387801,226.639776445,275.500000000,0.000000000,0.000000000
point-0004012,7472.759468118,263.280950539,226.639776445,275.500000000,0.000000000,0.000000000
point-0004013,7473.476898223,262.625405906,227.639776445,275.500000000,0.000000000,0.000000000
point-0004014,7475.916160580,266.690843168,227.639776445,275.500000000,0.000000000,0.000000000
point-0004015,7476.633590685,266.035298535,228.639776445,275.500000000,0.000000000,0.000000000
point-0004016,7479.072853042,261.969861274,228.639776445,275.500000000,0.000000000,0.000000000
point-0004017,7479.790283147,261.314316641,229.639776445,275.500000000,0.000000000,0.000000000
point-0004018,7482.229545504,265.379753903,229.639776445,275.500000000,0.000000000,0.000000000
point-0004019,7482.946975609,264.724209270,230.639776445,275.500000000,0.000000000,0.000000000
point-0004020,7485.386237966,260.658772008,230.639776445,275.500000000,0.000000000,0.000000000
point-0004021,7486.103668071,260.003227376,231.639776445,275.500000000,0.000000000,0.000000000
point-0004022,7488.542930428,264.068664637,231.639776445,275.500000000,0.000000000,0.000000000
point-0004023,7489.260360533,263.413120005,232.639776445,275.500000000,0.000000000,0.000000000
point-0004024,7491.699622890,259.347682743,232.639776445,275.500000000,0.000000000,0.000000000
point-0004025,7492.417052995,258.692138110,233.639776445,275.500000000,0.000000000,0.000000000
point-0004026,7494.856315352,262.757575372,233.639776445,275.500000000,0.000000000,0.000000000
point-0004027,7495.573745457,262.102030739,234.639776445,275.500000000,0.000000000,0.000000000
point-0004028,7498.013007814,258.036593477,234.639776445,275.500000000,0.000000000,0.000000000
point-0004029,7498.730437919,257.381048845,235.639776445,275.500000000,0.000000000,0.000000000
point-0004030,7501.169700276,261.446486106,235.639776445,275.500000000,0.000000000,0.000000000
point-0004031,7501.887130381,260.790941474,236.639776445,275.500000000,0.000000000,0.000000000
point-0004032,7504.326392738,256.725504212,236.639776445,275.500000000,0.000000000,0.000000000
point-0004033,7505.043822843,256.069959579,237.639776445,275.500000000,0.000000000,0.000000000
point-0004034,7507.483085200,260.135396841,237.639776445,275.500000000,0.000000000,0.000000000
point-0004035,7508.200515305,259.479852208,238.639776445,275.500000000,0.000000000,0.000000000
point-0004036,7510.639777662,255.414414947,238.639776445,275.500000000,0.000000000,0.000000000
point-0004037,7511.357207767,254.758870314,239.639776445,275.500000000,0.000000000,0.000000000
point-0004038,7513.796470124,258.824307576,239.639776445,275.500000000,0.000000000,0.000000000
point-0004039,7514.513900229,258.168762943,240.639776445,275.500000000,0.000000000,0.000000000
point-0004040,7516.709932659,254.508708892,240.639776445,275.500000000,0.000000000,0.000000000
point-0004041,7517.804335800,256.034158038,241.639776445,275.500000000,0.000000000,0.000000000
point-0004042,7518.691771964,257.513218310,241.639776445,275.500000000,0.000000000,0.000000000
point-0004043,7547.560256874,280.980655622,199.639776445,276.000000000,0.000000000,0.000000000
point-0004044,7548.214555008,282.071152511,199.639776445,276.000000000,0.000000000,0.000000000
point-0004045,7549.308958149,283.596601657,200.639776445,276.000000000,0.000000000,0.000000000
point-0004046,7551.271852550,280.325110989,200.639776445,276.000000000,0.000000000,0.000000000
point-0004047,7551.989282655,279.669566356,201.639776445,276.000000000,0.000000000,0.000000000
point-0004048,7554.428545012,283.735003618,201.639776445,276.000000000,0.000000000,0.000000000
point-0004049,7555.145975117,283.079458985,202.639776445,276.000000000,0.000000000,0.000000000
point-0004050,7557.585237474,279.014021724,202.639776445,276.000000000,0.000000000,0.000000000
point-0004051,7558.302667579,278.358477091,203.639776445,276.000000000,0.000000000,0.000000000
point-0004052,7560.741929936,282.423914353,203.639776445,276.000000000,0.000000000,0.000000000
point-0004053,7561.459360041,281.768369720,204.639776445,276.000000000,0.000000000,0.000000000
point-0004054,7563.898622398,277.702932458,204.639776445,276.000000000,0.000000000,0.000000000
point-0004055,7564.616052503,277.047387826,205.639776445,276.000000000,0.000000000,0.000000000
point-0004056,7567.055314860,281.112825087,205.639776445,276.000000000,0.000000000,0.000000000
point-0004057,7567.772744965,280.457280455,206.639776445,276.000000000,0.000000000,0.000000000
point-0004058,7570.212007322,276.391843193,206.639776445,276.000000000,0.000000000,0.000000000
point-0004059,7570.929437427,275.736298560,207.639776445,276.000000000,0.000000000,0.000000000
point-0004060,7573.368699784,279.801735822,207.639776445,276.000000000,0.000000000,0.000000000
point-0004061,7574.086129889,279.146191189,208.639776445,276.000000000,0.000000000,0.000000000
point-0004062,7576.525392246,275.080753927,208.639776445,276.000000000,0.000000000,0.000000000
point-0004063,7577.242822351,274.425209295,209.639776445,276.000000000,0.000000000,0.000000000
point-0004064,7579.682084708,278.490646556,209.639776445,276.000000000,0.000000000,0.000000000
point-0004065,7580.399514813,277.835101924,210.639776445,276.000000000,0.000000000,0.000000000
point-0004066,7582.838777170,273.769664662,210.639776445,276.000000000,0.000000000,0.000000000
point-0004067,7583.556207275,273.114120029,211.639776445,276.000000000,0.000000000,0.000000000
point-0004068,7585.995469632,277.179557291,211.639776445,276.000000000,0.000000000,0.000000000
point-0004069,7586.712899737,276.524012658,212.639776445,276.000000000,0.000000000,0.000000000
point-0004070,7589.152162094,272.458575397,212.639776445,276.000000000,0.000000000,0.000000000
point-0004071,7589.869592199,271.803030764,213.639776445,276.000000000,0.000000000,0.000000000
point-0004072,7592.308854556,275.868468026,213.639776445,276.000000000,0.000000000,0.000000000
point-0004073,7593.026284661,275.212923393,214.639776445,276.000000000,0.000000000,0.000000000
point-0004074,7595.465547018,271.147486131,214.639776445,276.000000000,0.000000000,0.000000000
point-0004075,7596.182977123,270.491941499,215.639776445,276.000000000,0.000000000,0.000000000
point-0004076,7598.622239480,274.557378760,215.639776445,276.000000000,0.000000000,0.000000000
point-0004077,7599.339669585,273.901834128,216.639776445,276.000000000,0.000000000,0.000000000
point-0004078,7601.778931942,269.836396866,216.639776445,276.000000000,0.000000000,0.000000000
point-0004079,7602.496362047,269.180852233,217.639776445,276.000000000,0.000000000,0.000000000
point-0004080,7604.935624404,273.246289495,217.639776445,276.000000000,0.000000000,0.000000000
point-0004081,7605.653054509,272.590744862,218.639776445,276.000000000,0.000000000,0.000000000
point-0004082,7608.092316866,268.525307601,218.639776445,276.000000000,0.000000000,0.000000000
point-0004083,7608.809746971,267.869762968,219.639776445,276.000000000,0.000000000,0.000000000
point-0004084,7611.249009328,271.935200230,219.639776445,276.000000000,0.000000000,0.000000000
point-0004085,7611.966439433,271.279655597,220.639776445,276.000000000,0.000000000,0.000000000
point-0004086,7614.405701790,267.214218335,220.639776445,276.000000000,0.000000000,0.000000000
point-0004087,7615.123131895,266.558673702,221.639776445,276.000000000,0.000000000,0.000000000
point-0004088,7617.562394252,270.624110964,221.639776445,276.000000000,0.000000000,0.000000000
point-0004089,7618.279824357,269.968566331,222.639776445,276.000000000,0.000000000,0.000000000
point-0004090,7620.719086714,265.903129070,222.639776445,276.000000000,0.000000000,0.000000000
point-0004091,7621.436516819,265.247584437,223.639776445,276.000000000,0.000000000,0.000000000
point-0004092,7623.875779176,269.313021699,223.639776445,276.000000000,0.000000000,0.000000000
point-0004093,7624.593209281,268.657477066,224.639776445,276.000000000,0.000000000,0.000000000
point-0004094,7627.032471638,264.592039804,224.639776445,276.000000000,0.000000000,0.000000000
point-0004095,7627.749901743,263.936495172,225.639776445,276.000000000,0.000000000,0.000000000
point-0004096,7630.189164100,268.001932433,225.639776445,276.000000000,0.000000000,0.000000000
point-0004097,7630.906594205,267.346387801,226.639776445,276.000000000,0.000000000,0.000000000
point-0004098,7633.345856562,263.280950539,226.639776445,276.000000000,0.000000000,0.000000000
point-0004099,7634.063286667,262.625405906,227.639776445,276.000000000,0.000000000,0.000000000
point-0004100,7636.502549024,266.690843168,227.639776445,276.000000000,0.000000000,0.000000000
point-0004101,7637.219979129,266.035298535,228.639776445,276.000000000,0.000000000,0.000000000
point-0004102,7639.659241486,261.969861274,228.639776445,276.000000000,0.000000000,0.000000000
point-0004103,7640.376671591,261.314316641,229.639776445,276.000000000,0.000000000,0.000000000
point-0004104,7642.815933948,265.379753903,229.639776445,276.000000000,0.000000000,0.000000000
point-0004105,7643.533364053,264.724209270,230.639776445,276.000000000,0.000000000,0.000000000
point-0004106,7645.972626410,260.658772008,230.639776445,276.000000000,0.000000000,0.000000000
point-0004107,7646.690056515,260.003227376,231.639776445,276.000000000,0.000000000,0.000000000
point-0004108,7649.129318872,264.068664637,231.639776445,276.000000000,0.000000000,0.000000000
point-0004109,7649.846748977,263.413120005,232.639776445,276.000000000,0.000000000,0.000000000
point-0004110,7652.286011334,259.347682743,232.639776445,276.000000000,0.000000000,0.000000000
point-0004111,7653.003441439,258.692138110,233.639776445,276.000000000,0.000000000,0.000000000
point-0004112,7655.442703796,262.757575372,233.639776445,276.000000000,0.000000000,0.000000000
point-0004113,7656.160133901,262.102030739,234.639776445,276.000000000,0.000000000,0.000000000
point-0004114,7658.599396258,258.036593477,234.639776445,276.000000000,0.000000000,0.000000000
point-0004115,7659.316826363,257.381048845,235.639776445,276.000000000,0.000000000,0.000000000
point-0004116,7661.756088720,261.446486106,235.639776445,276.000000000,0.000000000,0.000000000
point-0004117,7662.473518825,260.790941474,236.639776445,276.000000000,0.000000000,0.000000000
point-0004118,7664.912781182,256.725504212,236.639776445,276.000000000,0.000000000,0.000000000
point-0004119,7665.630211287,256.069959579,237.639776445,276.000000000,0.000000000,0.000000000
point-0004120,7668.069473644,260.135396841,237.639776445,276.000000000,0.000000000,0.000000000
point-0004121,7668.786903749,259.479852208,238.639776445,276.000000000,0.000000000,0.000000000
point-0004122,7671.226166106,255.414414947,238.639776445,276.000000000,0.000000000,0.000000000
point-0004123,7671.943596211,254.758870314,239.639776445,276.000000000,0.000000000,0.000000000
point-0004124,7674.382858568,258.824307576,239.639776445,276.000000000,0.000000000,0.000000000
point-0004125,7675.100288673,258.168762943,240.639776445,276.000000000,0.000000000,0.000000000
point-0004126,7677.296321104,254.508708892,240.639776445,276.000000000,0.000000000,0.000000000
point-0004127,7678.390724244,256.034158038,241.639776445,276.000000000,0.000000000,0.000000000
point-0004128,7679.278160408,257.513218310,241.639776445,276.000000000,0.000000000,0.000000000
point-0004129,7708.146645319,280.980655622,199.639776445,276.500000000,0.000000000,0.000000000
point-0004130,7708.800943452,282.071152511,199.639776445,276.500000000,0.000000000,0.000000000
point-0004131,7709.895346593,283.596601657,200.639776445,276.500000000,0.000000000,0.000000000
point-0004132,7711.858240994,280.325110989,200.639776445,276.500000000,0.000000000,0.000000000
point-0004133,7712.575671099,279.669566356,201.639776445,276.500000000,0.000000000,0.000000000
point-0004134,7715.014933456,283.735003618,201.639776445,276.500000000,0.000000000,0.000000000
point-0004135,7715.732363561,283.079458985,202.639776445,276.500000000,0.000000000,0.000000000
point-0004136,7718.171625918,279.014021724,202.639776445,276.500000000,0.000000000,0.000000000
point-0004137,7718.889056023,278.358477091,203.639776445,276.500000000,0.000000000,0.000000000
point-0004138,7721.328318380,282.423914353,203.639776445,276.500000000,0.000000000,0.000000000
point-0004139,7722.045748485,281.768369720,204.639776445,276.500000000,0.000000000,0.000000000
point-0004140,7724.485010842,277.702932458,204.639776445,276.500000000,0.000000000,0.000000000
point-0004141,7725.202440947,277.047387826,205.639776445,276.500000000,0.000000000,0.000000000
point-0004142,7727.641703304,281.112825087,205.639776445,276.500000000,0.000000000,0.000000000
point-0004143,7728.359133409,280.457280455,206.639776445,276.500000000,0.000000000,0.000000000
point-0004144,7730.798395766,276.391843193,206.639776445,276.500000000,0.000000000,0.000000000
point-0004145,7731.515825871,275.736298560,207.639776445,276.500000000,0.000000000,0.000000000
point-0004146,7733.955088228,279.801735822,207.639776445,276.500000000,0.000000000,0.000000000
point-0004147,7734.672518333,279.146191189,208.639776445,276.500000000,0.000000000,0.000000000
point-0004148,7737.111780690,275.080753927,208.639776445,276.500000000,0.000000000,0.000000000
point-0004149,7737.829210795,274.425209295,209.639776445,276.500000000,0.000000000,0.000000000
point-0004150,7740.268473152,278.490646556,209.639776445,276.500000000,0.000000000,0.000000000
point-0004151,7740.985903257,277.835101924,210.639776445,276.500000000,0.000000000,0.000000000
point-0004152,7743.425165614,273.769664662,210.639776445,276.500000000,0.000000000,0.000000000
point-0004153,7744.142595719,273.114120029,211.639776445,276.500000000,0.000000000,0.000000000
point-0004154,7746.581858076,277.179557291,211.639776445,276.500000000,0.000000000,0.000000000
point-0004155,7747.299288181,276.524012658,212.639776445,276.500000000,0.000000000,0.000000000
point-0004156,7749.738550538,272.458575397,212.639776445,276.500000000,0.000000000,0.000000000
point-0004157,7750.455980643,271.803030764,213.639776445,276.500000000,0.000000000,0.000000000
point-0004158,7752.895243000,275.868468026,213.639776445,276.500000000,0.000000000,0.000000000
point-0004159,7753.612673105,275.212923393,214.639776445,276.500000000,0.000000000,0.000000000
point-0004160,7756.051935462,271.147486131,214.639776445,276.500000000,0.000000000,0.000000000
point-0004161,7756.769365567,270.491941499,215.639776445,276.500000000,0.000000000,0.000000000
point-0004162,7759.208627924,274.557378760,215.639776445,276.500000000,0.000000000,0.000000000
point-0004163,7759.926058029,273.901834128,216.639776445,276.500000000,0.000000000,0.000000000
point-0004164,7762.365320386,269.836396866,216.639776445,276.500000000,0.000000000,0.000000000
point-0004165,7763.082750491,269.180852233,217.639776445,276.500000000,0.000000000,0.000000000
point-0004166,7765.522012848,273.246289495,217.639776445,276.500000000,0.000000000,0.000000000
point-0004167,7766.239442953,272.590744862,218.639776445,276.500000000,0.000000000,0.000000000
point-0004168,7768.678705310,268.525307601,218.639776445,276.500000000,0.000000000,0.000000000
point-0004169,7769.396135415,267.869762968,219.639776445,276.500000000,0.000000000,0.000000000
point-0004170,7771.835397772,271.935200230,219.639776445,276.500000000,0.000000000,0.000000000
point-0004171,7772.552827877,271.279655597,220.639776445,276.500000000,0.000000000,0.000000000
point-0004172,7774.992090234,267.214218335,220.639776445,276.500000000,0.000000000,0.000000000
point-0004173,7775.709520339,266.558673702,221.639776445,276.500000000,0.000000000,0.000000000
point-0004174,7778.148782696,270.624110964,221.639776445,276.500000000,0.000000000,0.000000000
point-0004175,7778.866212801,269.968566331,222.639776445,276.500000000,0.000000000,0.000000000
point-0004176,7781.305475158,265.903129070,222.639776445,276.500000000,0.000000000,0.000000000
point-0004177,7782.022905263,265.247584437,223.639776445,276.500000000,0.000000000,0.000000000
point-0004178,7784.462167620,269.313021699,223.639776445,276.500000000,0.000000000,0.000000000
point-0004179,7785.179597725,268.657477066,224.639776445,276.500000000,0.000000000,0.000000000
point-0004180,7787.618860082,264.592039804,224.639776445,276.500000000,0.000000000,0.000000000
point-0004181,7788.336290187,263.936495172,225.639776445,276.500000000,0.000000000,0.000000000
point-0004182,7790.775552544,268.001932433,225.639776445,276.500000000,0.000000000,0.000000000
point-0004183,7791.492982649,267.346387801,226.639776445,276.500000000,0.000000000,0.000000000
point-0004184,7793.932245006,263.280950539,226.639776445,276.500000000,0.000000000,0.000000000
point-0004185,7794.649675111,262.625405906,227.639776445,276.500000000,0.000000000,0.000000000
point-0004186,7797.088937468,266.690843168,227.639776445,276.500000000,0.000000000,0.000000000
point-0004187,7797.806367573,266.035298535,228.639776445,276.500000000,0.000000000,0.000000000
point-0004188,7800.245629930,261.969861274,228.639776445,276.500000000,0.000000000,0.000000000
point-0004189,7800.963060035,261.314316641,229.639776445,276.500000000,0.000000000,0.000000000
point-0004190,7803.402322392,265.379753903,229.639776445,276.500000000,0.000000000,0.000000000
point-0004191,7804.119752497,264.724209270,230.639776445,276.500000000,0.000000000,0.000000000
point-0004192,7806.559014854,260.658772008,230.639776445,276.500000000,0.000000000,0.000000000
point-0004193,7807.276444959,260.003227376,231.639776445,276.500000000,0.000000000,0.000000000
point-0004194,7809.715707316,264.068664637,231.639776445,276.500000000,0.000000000,0.000000000
point-0004195,7810.433137421,263.413120005,232.639776445,276.500000000,0.000000000,0.000000000
point-0004196,7812.872399778,259.347682743,232.639776445,276.500000000,0.000000000,0.000000000
point-0004197,7813.589829883,258.692138110,233.639776445,276.500000000,0.000000000,0.000000000
point-0004198,7816.029092240,262.757575372,233.639776445,276.500000000,0.000000000,0.000000000
point-0004199,7816.746522345,262.102030739,234.639776445,276.500000000,0.000000000,0.000000000
point-0004200,7819.185784702,258.036593477,234.639776445,276.500000000,0.000000000,0.000000000
point-0004201,7819.903214807,257.381048845,235.639776445,276.500000000,0.000000000,0.000000000
point-0004202,7822.342477164,261.446486106,235.639776445,276.500000000,0.000000000,0.000000000
point-0004203,7823.059907269,260.790941474,236.639776445,276.500000000,0.000000000,0.000000000
point-0004204,7825.499169626,256.725504212,236.639776445,276.500000000,0.000000000,0.000000000
point-0004205,7826.216599731,256.069959579,237.639776445,276.500000000,0.000000000,0.000000000
point-0004206,7828.655862088,260.135396841,237.639776445,276.500000000,0.000000000,0.000000000
point-0004207,7829.373292193,259.479852208,238.639776445,276.500000000,0.000000000,0.000000000
point-0004208,7831.812554550,255.414414947,238.639776445,276.500000000,0.000000000,0.000000000
point-0004209,7832.529984655,254.758870314,239.639776445,276.500000000,0.000000000,0.000000000
point-0004210,7834.969247012,258.824307576,239.639776445,276.500000000,0.000000000,0.000000000
point-0004211,7835.686677117,258.168762943,240.639776445,276.500000000,0.000000000,0.000000000
point-0004212,7837.882709548,254.508708892,240.639776445,276.500000000,0.000000000,0.000000000
point-0004213,7838.977112689,256.034158038,241.639776445,276.500000000,0.000000000,0.000000000
point-0004214,7839.864548852,257.513218310,241.639776445,276.500000000,0.000000000,0.000000000
point-0004215,7868.733033763,280.980655622,199.639776445,277.000000000,0.000000000,0.000000000
point-0004216,7869.387331896,282.071152511,199.639776445,277.000000000,0.000000000,0.000000000
point-0004217,7870.481735037,283.596601657,200.639776445,277.000000000,0.000000000,0.000000000
point-0004218,7872.444629438,280.325110989,200.639776445,277.000000000,0.000000000,0.000000000
point-0004219,7873.162059543,279.669566356,201.639776445,277.000000000,0.000000000,0.000000000
point-0004220,7875.601321900,283.735003618,201.639776445,277.000000000,0.000000000,0.000000000
point-0004221,7876.318752005,283.079458985,202.639776445,277.000000000,0.000000000,0.000000000
point-0004222,7878.758014362,279.014021724,202.639776445,277.000000000,0.000000000,0.000000000
point-0004223,7879.475444467,278.358477091,203.639776445,277.000000000,0.000000000,0.000000000
point-0004224,7881.914706824,282.423914353,203.639776445,277.000000000,0.000000000,0.000000000
point-0004225,7882.632136929,281.768369720,204.639776445,277.000000000,0.000000000,0.000000000
point-0004226,7885.071399286,277.702932458,204.639776445,277.000000000,0.000000000,0.000000000
point-0004227,7885.788829391,277.047387826,205.639776445,277.000000000,0.000000000,0.000000000
point-0004228,7888.228091748,281.112825087,205.639776445,277.000000000,0.000000000,0.000000000
point-0004229,7888.945521853,280.457280455,206.639776445,277.000000000,0.000000000,0.000000000
point-0004230,7891.384784210,276.391843193,206.639776445,277.000000000,0.000000000,0.000000000
point-0004231,7892.102214315,275.736298560,207.639776445,277.000000000,0.000000000,0.000000000
point-0004232,7894.541476672,279.801735822,207.639776445,277.000000000,0.000000000,0.000000000
point-0004233,7895.258906777,279.146191189,208.639776445,277.000000000,0.000000000,0.000000000
point-0004234,7897.698169134,275.080753927,208.639776445,277.000000000,0.000000000,0.000000000
point-0004235,7898.415599239,274.425209295,209.639776445,277.000000000,0.000000000,0.000000000
point-0004236,7900.854861596,278.490646556,209.639776445,277.000000000,0.000000000,0.000000000
point-0004237,7901.572291701,277.835101924,210.639776445,277.000000000,0.000000000,0.000000000
point-0004238,7904.011554058,273.769664662,210.639776445,277.000000000,0.000000000,0.000000000
point-0004239,7904.728984163,273.114120029,211.639776445,277.000000000,0.000000000,0.000000000
point-0004240,7907.168246520,277.179557291,211.639776445,277.000000000,0.000000000,0.000000000
point-0004241,7907.885676625,276.524012658,212.639776445,277.000000000,0.000000000,0.000000000
point-0004242,7910.324938982,272.458575397,212.639776445,277.000000000,0.000000000,0.000000000
point-0004243,7911.042369087,271.803030764,213.639776445,277.000000000,0.000000000,0.000000000
point-0004244,7913.481631444,275.868468026,213.639776445,277.000000000,0.000000000,0.000000000
point-0004245,7914.199061549,275.212923393,214.639776445,277.000000000,0.000000000,0.000000000
point-0004246,7916.638323906,271.147486131,214.639776445,277.000000000,0.000000000,0.000000000
point-0004247,7917.355754011,270.491941499,215.639776445,277.000000000,0.000000000,0.000000000
point-0004248,7919.795016368,274.557378760,215.639776445,277.000000000,0.000000000,0.000000000
point-0004249,7920.512446473,273.901834128,216.639776445,277.000000000,0.000000000,0.000000000
point-0004250,7922.951708830,269.836396866,216.639776445,277.000000000,0.000000000,0.000000000
point-0004251,7923.669138935,269.180852233,217.639776445,277.000000000,0.000000000,0.000000000
point-0004252,7926.108401292,273.246289495,217.639776445,277.000000000,0.000000000,0.000000000
point-0004253,7926.825831397,272.590744862,218.639776445,277.000000000,0.000000000,0.000000000
point-0004254,7929.265093754,268.525307601,218.639776445,277.000000000,0.000000000,0.000000000
point-0004255,7929.982523859,267.869762968,219.639776445,277.000000000,0.000000000,0.000000000
point-0004256,7932.421786216,271.935200230,219.639776445,277.000000000,0.000000000,0.000000000
point-0004257,7933.139216321,271.279655597,220.639776445,277.000000000,0.000000000,0.000000000
point-0004258,7935.578478678,267.214218335,220.639776445,277.000000000,0.000000000,0.000000000
point-0004259,7936.295908783,266.558673702,221.639776445,277.000000000,0.000000000,0.000000000
point-0004260,7938.735171140,270.624110964,221.639776445,277.000000000,0.000000000,0.000000000
point-0004261,7939.452601245,269.968566331,222.639776445,277.000000000,0.000000000,0.000000000
point-0004262,7941.891863602,265.903129070,222.639776445,277.000000000,0.000000000,0.000000000
point-0004263,7942.609293707,265.247584437,223.639776445,277.000000000,0.000000000,0.000000000
point-0004264,7945.048556064,269.313021699,223.639776445,277.000000000,0.000000000,0.000000000
point-0004265,7945.765986169,268.657477066,224.639776445,277.000000000,0.000000000,0.000000000
point-0004266,7948.205248526,264.592039804,224.639776445,277.000000000,0.000000000,0.000000000
point-0004267,7948.922678631,263.936495172,225.639776445,277.000000000,0.000000000,0.000000000
point-0004268,7951.361940988,268.001932433,225.639776445,277.000000000,0.000000000,0.000000000
point-0004269,7952.079371093,267.346387801,226.639776445,277.000000000,0.000000000,0.000000000
point-0004270,7954.518633450,263.280950539,226.639776445,277.000000000,0.000000000,0.000000000
point-0004271,7955.236063555,262.625405906,227.639776445,277.000000000,0.000000000,0.000000000
point-0004272,7957.675325912,266.690843168,227.639776445,277.000000000,0.000000000,0.000000000
point-0004273,7958.392756017,266.035298535,228.639776445,277.000000000,0.000000000,0.000000000
point-0004274,7960.832018374,261.969861274,228.639776445,277.000000000,0.000000000,0.000000000
point-0004275,7961.549448479,261.314316641,229.639776445,277.000000000,0.000000000,0.000000000
point-0004276,7963.988710836,265.379753903,229.639776445,277.000000000,0.000000000,0.000000000
point-0004277,7964.706140941,264.724209270,230.639776445,277.000000000,0.000000000,0.000000000
point-0004278,7967.145403298,260.658772008,230.639776445,277.000000000,0.000000000,0.000000000
point-0004279,7967.862833403,260.003227376,231.639776445,277.000000000,0.000000000,0.000000000
point-0004280,7970.302095760,264.068664637,231.639776445,277.000000000,0.000000000,0.000000000
point-0004281,7971.019525865,263.413120005,232.639776445,277.000000000,0.000000000,0.000000000
point-0004282,7973.458788222,259.347682743,232.639776445,277.000000000,0.000000000,0.000000000
point-0004283,7974.176218327,258.692138110,233.639776445,277.000000000,0.000000000,0.000000000
point-0004284,7976.615480684,262.757575372,233.639776445,277.000000000,0.000000000,0.000000000
point-0004285,7977.332910789,262.102030739,234.639776445,277.000000000,0.000000000,0.000000000
point-0004286,7979.772173146,258.036593477,234.639776445,277.000000000,0.000000000,0.000000000
point-0004287,7980.489603251,257.381048845,235.639776445,277.000000000,0.000000000,0.000000000
point-0004288,7982.928865608,261.446486106,235.639776445,277.000000000,0.000000000,0.000000000
point-0004289,7983.646295713,260.790941474,236.639776445,277.000000000,0.000000000,0.000000000
point-0004290,7986.085558070,256.725504212,236.639776445,277.000000000,0.000000000,0.000000000
point-0004291,7986.802988175,256.069959579,237.639776445,277.000000000,0.000000000,0.000000000
point-0004292,7989.242250532,260.135396841,237.639776445,277.000000000,0.000000000,0.000000000
point-0004293,7989.959680637,259.479852208,238.639776445,277.000000000,0.000000000,0.000000000
point-0004294,7992.398942994,255.414414947,238.639776445,277.000000000,0.000000000,0.000000000
point-0004295,7993.116373099,254.758870314,239.639776445,277.000000000,0.000000000,0.000000000
point-0004296,7995.555635456,258.824307576,239.639776445,277.000000000,0.000000000,0.000000000
point-0004297,7996.273065561,258.168762943,240.639776445,277.000000000,0.000000000,0.000000000
point-0004298,7998.469097992,254.508708892,240.639776445,277.000000000,0.000000000,0.000000000
point-0004299,7999.563501133,256.034158038,241.639776445,277.000000000,0.000000000,0.000000000
point-0004300,8000.450937296,257.513218310,241.639776445,277.000000000,0.000000000,0.000000000
point-0004301,8029.319422207,280.980655622,199.639776445,277.500000000,0.000000000,0.000000000
point-0004302,8029.973720340,282.071152511,199.639776445,277.500000000,0.000000000,0.000000000
point-0004303,8031.068123481,283.596601657,200.639776445,277.500000000,0.000000000,0.000000000
point-0004304,8033.031017882,280.325110989,200.639776445,277.500000000,0.000000000,0.000000000
point-0004305,8033.748447987,279.669566356,201.639776445,277.500000000,0.000000000,0.000000000
point-0004306,8036.187710344,283.735003618,201.639776445,277.500000000,0.000000000,0.000000000
point-0004307,8036.905140449,283.079458985,202.639776445,277.500000000,0.000000000,0.000000000
point-0004308,8039.344402806,279.014021724,202.639776445,277.500000000,0.000000000,0.000000000
point-0004309,8040.061832911,278.358477091,203.639776445,277.500000000,0.000000000,0.000000000
point-0004310,8042.501095268,282.423914353,203.639776445,277.500000000,0.000000000,0.000000000
point-0004311,8043.218525373,281.768369720,204.639776445,277.500000000,0.000000000,0.000000000
point-0004312,8045.657787730,277.702932458,204.639776445,277.500000000,0.000000000,0.000000000
point-0004313,8046.375217835,277.047387826,205.639776445,277.500000000,0.000000000,0.000000000
point-0004314,8048.814480192,281.112825087,205.639776445,277.500000000,0.000000000,0.000000000
point-0004315,8049.531910297,280.457280455,206.639776445,277.500000000,0.000000000,0.000000000
point-0004316,8051.971172654,276.391843193,206.639776445,277.500000000,0.000000000,0.000000000
point-0004317,8052.688602759,275.736298560,207.639776445,277.500000000,0.000000000,0.000000000
point-0004318,8055.127865116,279.801735822,207.639776445,277.500000000,0.000000000,0.000000000
point-0004319,8055.845295221,279.146191189,208.639776445,277.500000000,0.000000000,0.000000000
point-0004320,8058.284557578,275.080753927,208.639776445,277.500000000,0.000000000,0.000000000
point-0004321,8059.001987683,274.425209295,209.639776445,277.500000000,0.000000000,0.000000000
point-0004322,8061.441250040,278.490646556,209.639776445,277.500000000,0.000000000,0.000000000
point-0004323,8062.158680145,277.835101924,210.639776445,277.500000000,0.000000000,0.000000000
point-0004324,8064.597942502,273.769664662,210.639776445,277.500000000,0.000000000,0.000000000
point-0004325,8065.315372607,273.114120029,211.639776445,277.500000000,0.000000000,0.000000000
point-0004326,8067.754634964,277.179557291,211.639776445,277.500000000,0.000000000,0.000000000
point-0004327,8068.472065069,276.524012658,212.639776445,277.500000000,0.000000000,0.000000000
point-0004328,8070.911327426,272.458575397,212.639776445,277.500000000,0.000000000,0.000000000
point-0004329,8071.628757531,271.803030764,213.639776445,277.500000000,0.000000000,0.000000000
point-0004330,8074.068019888,275.868468026,213.639776445,277.500000000,0.000000000,0.000000000
point-0004331,8074.785449993,275.212923393,214.639776445,277.500000000,0.000000000,0.000000000
point-0004332,8077.224712350,271.147486131,214.639776445,277.500000000,0.000000000,0.000000000
point-0004333,8077.942142455,270.491941499,215.639776445,277.500000000,0.000000000,0.000000000
point-0004334,8080.381404812,274.557378760,215.639776445,277.500000000,0.000000000,0.000000000
point-0004335,8081.098834917,273.901834128,216.639776445,277.500000000,0.000000000,0.000000000
point-0004336,8083.538097274,269.836396866,216.639776445,277.500000000,0.000000000,0.000000000
point-0004337,8084.255527379,269.180852233,217.639776445,277.500000000,0.000000000,0.000000000
point-0004338,8086.694789736,273.246289495,217.639776445,277.500000000,0.000000000,0.000000000
point-0004339,8087.412219841,272.590744862,218.639776445,277.500000000,0.000000000,0.000000000
point-0004340,8089.851482198,268.525307601,218.639776445,277.500000000,0.000000000,0.000000000
point-0004341,8090.568912303,267.869762968,219.639776445,277.500000000,0.000000000,0.000000000
point-0004342,8093.008174660,271.935200230,219.639776445,277.500000000,0.000000000,0.000000000
point-0004343,8093.725604765,271.279655597,220.639776445,277.500000000,0.000000000,0.000000000
point-0004344,8096.164867122,267.214218335,220.639776445,277.500000000,0.000000000,0.000000000
point-0004345,8096.882297227,266.558673702,221.639776445,277.500000000,0.000000000,0.000000000
point-0004346,8099.321559584,270.624110964,221.639776445,277.500000000,0.000000000,0.000000000
point-0004347,8100.038989689,269.968566331,222.639776445,277.500000000,0.000000000,0.000000000
point-0004348,8102.478252046,265.903129070,222.639776445,277.500000000,0.000000000,0.000000000
point-0004349,8103.195682151,265.247584437,223.639776445,277.500000000,0.000000000,0.000000000
point-0004350,8105.634944508,269.313021699,223.639776445,277.500000000,0.000000000,0.000000000
point-0004351,8106.352374613,268.657477066,224.639776445,277.500000000,0.000000000,0.000000000
point-0004352,8108.791636970,264.592039804,224.639776445,277.500000000,0.000000000,0.000000000
point-0004353,8109.509067075,263.936495172,225.639776445,277.500000000,0.000000000,0.000000000
point-0004354,8111.948329432,268.001932433,225.639776445,277.500000000,0.000000000,0.000000000
point-0004355,8112.665759537,267.346387801,226.639776445,277.500000000,0.000000000,0.000000000
point-0004356,8115.105021894,263.280950539,226.639776445,277.500000000,0.000000000,0.000000000
point-0004357,8115.822451999,262.625405906,227.639776445,277.500000000,0.000000000,0.000000000
point-0004358,8118.261714356,266.690843168,227.639776445,277.500000000,0.000000000,0.000000000
point-0004359,8118.979144461,266.035298535,228.639776445,277.500000000,0.000000000,0.000000000
point-0004360,8121.418406818,261.969861274,228.639776445,277.500000000,0.000000000,0.000000000
point-0004361,8122.135836923,261.314316641,229.639776445,277.500000000,0.000000000,0.000000000
point-0004362,8124.575099280,265.379753903,229.639776445,277.500000000,0.000000000,0.000000000
point-0004363,8125.292529385,264.724209270,230.639776445,277.500000000,0.000000000,0.000000000
point-0004364,8127.731791742,260.658772008,230.639776445,277.500000000,0.000000000,0.000000000
point-0004365,8128.449221847,260.003227376,231.639776445,277.500000000,0.000000000,0.000000000
point-0004366,8130.888484204,264.068664637,231.639776445,277.500000000,0.000000000,0.000000000
point-0004367,8131.605914309,263.413120005,232.639776445,277.500000000,0.000000000,0.000000000
point-0004368,8134.045176666,259.347682743,232.639776445,277.500000000,0.000000000,0.000000000
point-0004369,8134.762606771,258.692138110,233.639776445,277.500000000,0.000000000,0.000000000
point-0004370,8137.201869128,262.757575372,233.639776445,277.500000000,0.000000000,0.000000000
point-0004371,8137.919299233,262.102030739,234.639776445,277.500000000,0.000000000,0.000000000
point-0004372,8140.358561590,258.036593477,234.639776445,277.500000000,0.000000000,0.000000000
point-0004373,8141.075991695,257.381048845,235.639776445,277.500000000,0.000000000,0.000000000
point-0004374,8143.515254052,261.446486106,235.639776445,277.500000000,0.000000000,0.000000000
point-0004375,8144.232684157,260.790941474,236.639776445,277.500000000,0.000000000,0.000000000
point-0004376,8146.671946514,256.725504212,236.639776445,277.500000000,0.000000000,0.000000000
point-0004377,8147.389376619,256.069959579,237.639776445,277.500000000,0.000000000,0.000000000
point-0004378,8149.828638976,260.135396841,237.639776445,277.500000000,0.000000000,0.000000000
point-0004379,8150.546069081,259.479852208,238.639776445,277.500000000,0.000000000,0.000000000
point-0004380,8152.985331438,255.414414947,238.639776445,277.500000000,0.000000000,0.000000000
point-0004381,8153.702761543,254.758870314,239.639776445,277.500000000,0.000000000,0.000000000
point-0004382,8156.142023900,258.824307576,239.639776445,277.500000000,0.000000000,0.000000000
point-0004383,8156.859454005,258.168762943,240.639776445,277.500000000,0.000000000,0.000000000
point-0004384,8159.055486436,254.508708892,240.639776445,277.500000000,0.000000000,0.000000000
point-0004385,8160.149889577,256.034158038,241.639776445,277.500000000,0.000000000,0.000000000
point-0004386,8161.037325740,257.513218310,241.639776445,277.500000000,0.000000000,0.000000000
point-0004387,8189.905810651,280.980655622,199.639776445,278.000000000,0.000000000,0.000000000
point-0004388,8190.560108784,282.071152511,199.639776445,278.000000000,0.000000000,0.000000000
point-0004389,8191.654511925,283.596601657,200.639776445,278.000000000,0.000000000,0.000000000
point-0004390,8193.617406326,280.325110989,200.639776445,278.000000000,0.000000000,0.000000000
point-0004391,8194.334836431,279.669566356,201.639776445,278.000000000,0.000000000,0.000000000
point-0004392,8196.774098788,283.735003618,201.639776445,278.000000000,0.000000000,0.000000000
point-0004393,8197.491528893,283.079458985,202.639776445,278.000000000,0.000000000,0.000000000
point-0004394,8199.930791250,279.014021724,202.639776445,278.000000000,0.000000000,0.000000000
point-0004395,8200.648221355,278.358477091,203.639776445,278.000000000,0.000000000,0.000000000
point-0004396,8203.087483712,282.423914353,203.639776445,278.000000000,0.000000000,0.000000000
point-0004397,8203.804913817,281.768369720,204.639776445,278.000000000,0.000000000,0.000000000
point-0004398,8206.244176174,277.702932458,204.639776445,278.000000000,0.000000000,0.000000000
point-0004399,8206.961606279,277.047387826,205.639776445,278.000000000,0.000000000,0.000000000
point-0004400,8209.400868636,281.112825087,205.639776445,278.000000000,0.000000000,0.000000000
point-0004401,8210.118298741,280.457280455,206.639776445,278.000000000,0.000000000,0.000000000
point-0004402,8212.557561098,276.391843193,206.639776445,278.000000000,0.000000000,0.000000000
point-0004403,8213.274991203,275.736298560,207.639776445,278.000000000,0.000000000,0.000000000
point-0004404,8215.714253560,279.801735822,207.639776445,278.000000000,0.000000000,0.000000000
point-0004405,8216.431683665,279.146191189,208.639776445,278.000000000,0.000000000,0.000000000
point-0004406,8218.870946022,275.080753927,208.639776445,278.000000000,0.000000000,0.000000000
point-0004407,8219.588376127,274.425209295,209.639776445,278.000000000,0.000000000,0.000000000
point-0004408,8222.027638484,278.490646556,209.639776445,278.000000000,0.000000000,0.000000000
point-0004409,8222.745068589,277.835101924,210.639776445,278.000000000,0.000000000,0.000000000
point-0004410,8225.184330946,273.769664662,210.639776445,278.000000000,0.000000000,0.000000000
point-0004411,8225.901761051,273.114120029,211.639776445,278.000000000,0.000000000,0.000000000
point-0004412,8228.341023408,277.179557291,211.639776445,278.000000000,0.000000000,0.000000000
point-0004413,8229.058453513,276.524012658,212.639776445,278.000000000,0.000000000,0.000000000
point-0004414,8231.497715870,272.458575397,212.639776445,278.000000000,0.000000000,0.000000000
point-0004415,8232.215145975,271.803030764,213.639776445,278.000000000,0.000000000,0.000000000
point-0004416,8234.654408332,275.868468026,213.639776445,278.000000000,0.000000000,0.000000000
point-0004417,8235.371838437,275.212923393,214.639776445,278.000000000,0.000000000,0.000000000
point-0004418,8237.811100794,271.147486131,214.639776445,278.000000000,0.000000000,0.000000000
point-0004419,8238.528530899,270.491941499,215.639776445,278.000000000,0.000000000,0.000000000
point-0004420,8240.967793256,274.557378760,215.639776445,278.000000000,0.000000000,0.000000000
point-0004421,8241.685223361,273.901834128,216.639776445,278.000000000,0.000000000,0.000000000
point-0004422,8244.124485718,269.836396866,216.639776445,278.000000000,0.000000000,0.000000000
point-0004423,8244.841915823,269.180852233,217.639776445,278.000000000,0.000000000,0.000000000
point-0004424,8247.281178180,273.246289495,217.639776445,278.000000000,0.000000000,0.000000000
point-0004425,8247.998608285,272.590744862,218.639776445,278.000000000,0.000000000,0.000000000
point-0004426,8250.437870642,268.525307601,218.639776445,278.000000000,0.000000000,0.000000000
point-0004427,8251.155300747,267.869762968,219.639776445,278.000000000,0.000000000,0.000000000
point-0004428,8253.594563104,271.935200230,219.639776445,278.000000000,0.000000000,0.000000000
point-0004429,8254.311993209,271.279655597,220.639776445,278.000000000,0.000000000,0.000000000
point-0004430,8256.751255566,267.214218335,220.639776445,278.000000000,0.000000000,0.000000000
point-0004431,8257.468685671,266.558673702,221.639776445,278.000000000,0.000000000,0.000000000
point-0004432,8259.907948028,270.624110964,221.639776445,278.000000000,0.000000000,0.000000000
point-0004433,8260.625378133,269.968566331,222.639776445,278.000000000,0.000000000,0.000000000
point-0004434,8263.064640490,265.903129070,222.639776445,278.000000000,0.000000000,0.000000000
point-0004435,8263.782070595,265.247584437,223.639776445,278.000000000,0.000000000,0.000000000
point-0004436,8266.221332952,269.313021699,223.639776445,278.000000000,0.000000000,0.000000000
point-0004437,8266.938763057,268.657477066,224.639776445,278.000000000,0.000000000,0.000000000
point-0004438,8269.378025414,264.592039804,224.639776445,278.000000000,0.000000000,0.000000000
point-0004439,8270.095455519,263.936495172,225.639776445,278.000000000,0.000000000,0.000000000
point-0004440,8272.534717876,268.001932433,225.639776445,278.000000000,0.000000000,0.000000000
point-0004441,8273.252147981,267.346387801,226.639776445,278.000000000,0.000000000,0.000000000
point-0004442,8275.691410338,263.280950539,226.639776445,278.000000000,0.000000000,0.000000000
point-0004443,8276.408840443,262.625405906,227.639776445,278.000000000,0.000000000,0.000000000
point-0004444,8278.848102800,266.690843168,227.639776445,278.000000000,0.000000000,0.000000000
point-0004445,8279.565532905,266.035298535,228.639776445,278.000000000,0.000000000,0.000000000
point-0004446,8282.004795262,261.969861274,228.639776445,278.000000000,0.000000000,0.000000000
point-0004447,8282.722225367,261.314316641,229.639776445,278.000000000,0.000000000,0.000000000
point-0004448,8285.161487724,265.379753903,229.639776445,278.000000000,0.000000000,0.000000000
point-0004449,8285.878917829,264.724209270,230.639776445,278.000000000,0.000000000,0.000000000
point-0004450,8288.318180186,260.658772008,230.639776445,278.000000000,0.000000000,0.000000000
point-0004451,8289.035610291,260.003227376,231.639776445,278.000000000,0.000000000,0.000000000
point-0004452,8291.474872648,264.068664637,231.639776445,278.000000000,0.000000000,0.000000000
point-0004453,8292.192302753,263.413120005,232.639776445,278.000000000,0.000000000,0.000000000
point-0004454,8294.631565110,259.347682743,232.639776445,278.000000000,0.000000000,0.000000000
point-0004455,8295.348995215,258.692138110,233.639776445,278.000000000,0.000000000,0.000000000
point-0004456,8297.788257572,262.757575372,233.639776445,278.000000000,0.000000000,0.000000000
point-0004457,8298.505687677,262.102030739,234.639776445,278.000000000,0.000000000,0.000000000
point-0004458,8300.944950034,258.036593477,234.639776445,278.000000000,0.000000000,0.000000000
point-0004459,8301.662380139,257.381048845,235.639776445,278.000000000,0.000000000,0.000000000
point-0004460,8304.101642496,261.446486106,235.639776445,278.000000000,0.000000000,0.000000000
point-0004461,8304.819072601,260.790941474,236.639776445,278.000000000,0.000000000,0.000000000
point-0004462,8307.258334958,256.725504212,236.639776445,278.000000000,0.000000000,0.000000000
point-0004463,8307.975765063,256.069959579,237.639776445,278.000000000,0.000000000,0.000000000
point-0004464,8310.415027420,260.135396841,237.639776445,278.000000000,0.000000000,0.000000000
point-0004465,8311.132457525,259.479852208,238.639776445,278.000000000,0.000000000,0.000000000
point-0004466,8313.571719882,255.414414947,238.639776445,278.000000000,0.000000000,0.000000000
point-0004467,8314.289149987,254.758870314,239.639776445,278.000000000,0.000000000,0.000000000
point-0004468,8316.728412344,258.824307576,239.639776445,278.000000000,0.000000000,0.000000000
point-0004469,8317.445842449,258.168762943,240.639776445,278.000000000,0.000000000,0.000000000
point-0004470,8319.641874880,254.508708892,240.639776445,278.000000000,0.000000000,0.000000000
point-0004471,8320.736278021,256.034158038,241.639776445,278.000000000,0.000000000,0.000000000
point-0004472,8321.623714185,257.513218310,241.639776445,278.000000000,0.000000000,0.000000000
point-0004473,8350.492199095,280.980655622,199.639776445,278.500000000,0.000000000,0.000000000
point-0004474,8351.146497229,282.071152511,199.639776445,278.500000000,0.000000000,0.000000000
point-0004475,8352.240900369,283.596601657,200.639776445,278.500000000,0.000000000,0.000000000
point-0004476,8354.203794770,280.325110989,200.639776445,278.500000000,0.000000000,0.000000000
point-0004477,8354.921224875,279.669566356,201.639776445,278.500000000,0.000000000,0.000000000
point-0004478,8357.360487232,283.735003618,201.639776445,278.500000000,0.000000000,0.000000000
point-0004479,8358.077917337,283.079458985,202.639776445,278.500000000,0.000000000,0.000000000
point-0004480,8360.517179694,279.014021724,202.639776445,278.500000000,0.000000000,0.000000000
point-0004481,8361.234609799,278.358477091,203.639776445,278.500000000,0.000000000,0.000000000
point-0004482,8363.673872156,282.423914353,203.639776445,278.500000000,0.000000000,0.000000000
point-0004483,8364.391302261,281.768369720,204.639776445,278.500000000,0.000000000,0.000000000
point-0004484,8366.830564618,277.702932458,204.639776445,278.500000000,0.000000000,0.000000000
point-0004485,8367.547994723,277.047387826,205.639776445,278.500000000,0.000000000,0.000000000
point-0004486,8369.987257080,281.112825087,205.639776445,278.500000000,0.000000000,0.000000000
point-0004487,8370.704687185,280.457280455,206.639776445,278.500000000,0.000000000,0.000000000
point-0004488,8373.143949542,276.391843193,206.639776445,278.500000000,0.000000000,0.000000000
point-0004489,8373.861379647,275.736298560,207.639776445,278.500000000,0.000000000,0.000000000
point-0004490,8376.300642004,279.801735822,207.639776445,278.500000000,0.000000000,0.000000000
point-0004491,8377.018072109,279.146191189,208.639776445,278.500000000,0.000000000,0.000000000
point-0004492,8379.457334466,275.080753927,208.639776445,278.500000000,0.000000000,0.000000000
point-0004493,8380.174764571,274.425209295,209.639776445,278.500000000,0.000000000,0.000000000
point-0004494,8382.614026928,278.490646556,209.639776445,278.500000000,0.000000000,0.000000000
point-0004495,8383.331457033,277.835101924,210.639776445,278.500000000,0.000000000,0.000000000
point-0004496,8385.770719390,273.769664662,210.639776445,278.500000000,0.000000000,0.000000000
point-0004497,8386.488149495,273.114120029,211.639776445,278.500000000,0.000000000,0.000000000
point-0004498,8388.927411852,277.179557291,211.639776445,278.500000000,0.000000000,0.000000000
point-0004499,8389.644841957,276.524012658,212.639776445,278.500000000,0.000000000,0.000000000
point-0004500,8392.084104314,272.458575397,212.639776445,278.500000000,0.000000000,0.000000000
point-0004501,8392.801534419,271.803030764,213.639776445,278.500000000,0.000000000,0.000000000
point-0004502,8395.240796776,275.868468026,213.639776445,278.500000000,0.000000000,0.000000000
point-0004503,8395.958226881,275.212923393,214.639776445,278.500000000,0.000000000,0.000000000
point-0004504,8398.397489238,271.147486131,214.639776445,278.500000000,0.000000000,0.000000000
point-0004505,8399.114919343,270.491941499,215.639776445,278.500000000,0.000000000,0.000000000
point-0004506,8401.554181700,274.557378760,215.639776445,278.500000000,0.000000000,0.000000000
point-0004507,8402.271611805,273.901834128,216.639776445,278.500000000,0.000000000,0.000000000
point-0004508,8404.710874162,269.836396866,216.639776445,278.500000000,0.000000000,0.000000000
point-0004509,8405.428304267,269.180852233,217.639776445,278.500000000,0.000000000,0.000000000
point-0004510,8407.867566624,273.246289495,217.639776445,278.500000000,0.000000000,0.000000000
point-0004511,8408.584996729,272.590744862,218.639776445,278.500000000,0.000000000,0.000000000
point-0004512,8411.024259086,268.525307601,218.639776445,278.500000000,0.000000000,0.000000000
point-0004513,8411.741689191,267.869762968,219.639776445,278.500000000,0.000000000,0.000000000
point-0004514,8414.180951548,271.935200230,219.639776445,278.500000000,0.000000000,0.000000000
point-0004515,8414.898381653,271.279655597,220.639776445,278.500000000,0.000000000,0.000000000
point-0004516,8417.337644010,267.214218335,220.639776445,278.500000000,0.000000000,0.000000000
point-0004517,8418.055074115,266.558673702,221.639776445,278.500000000,0.000000000,0.000000000
point-0004518,8420.494336472,270.624110964,221.639776445,278.500000000,0.000000000,0.000000000
point-0004519,8421.211766577,269.968566331,222.639776445,278.500000000,0.000000000,0.000000000
point-0004520,8423.651028934,265.903129070,222.639776445,278.500000000,0.000000000,0.000000000
point-0004521,8424.368459039,265.247584437,223.639776445,278.500000000,0.000000000,0.000000000
point-0004522,8426.807721396,269.313021699,223.639776445,278.500000000,0.000000000,0.000000000
point-0004523,8427.525151501,268.657477066,224.639776445,278.500000000,0.000000000,0.000000000
point-0004524,8429.964413858,264.592039804,224.639776445,278.500000000,0.000000000,0.000000000
point-0004525,8430.681843963,263.936495172,225.639776445,278.500000000,0.000000000,0.000000000
point-0004526,8433.121106320,268.001932433,225.639776445,278.500000000,0.000000000,0.000000000
point-0004527,8433.838536425,267.346387801,226.639776445,278.500000000,0.000000000,0.000000000
point-0004528,8436.277798782,263.280950539,226.639776445,278.500000000,0.000000000,0.000000000
point-0004529,8436.995228887,262.625405906,227.639776445,278.500000000,0.000000000,0.000000000
point-0004530,8439.434491244,266.690843168,227.639776445,278.500000000,0.000000000,0.000000000
point-0004531,8440.151921349,266.035298535,228.639776445,278.500000000,0.000000000,0.000000000
point-0004532,8442.591183706,261.969861274,228.639776445,278.500000000,0.000000000,0.000000000
point-0004533,8443.308613811,261.314316641,229.639776445,278.500000000,0.000000000,0.000000000
point-0004534,8445.747876168,265.379753903,229.639776445,278.500000000,0.000000000,0.000000000
point-0004535,8446.465306273,264.724209270,230.639776445,278.500000000,0.000000000,0.000000000
point-0004536,8448.904568630,260.658772008,230.639776445,278.500000000,0.000000000,0.000000000
point-0004537,8449.621998735,260.003227376,231.639776445,278.500000000,0.000000000,0.000000000
point-0004538,8452.061261092,264.068664637,231.639776445,278.500000000,0.000000000,0.000000000
point-0004539,8452.778691197,263.413120005,232.639776445,278.500000000,0.000000000,0.000000000
point-0004540,8455.217953554,259.347682743,232.639776445,278.500000000,0.000000000,0.000000000
point-0004541,8455.935383659,258.692138110,233.639776445,278.500000000,0.000000000,0.000000000
point-0004542,8458.374646016,262.757575372,233.639776445,278.500000000,0.000000000,0.000000000
point-0004543,8459.092076121,262.102030739,234.639776445,278.500000000,0.000000000,0.000000000
point-0004544,8461.531338478,258.036593477,234.639776445,278.500000000,0.000000000,0.000000000
point-0004545,8462.248768583,257.381048845,235.639776445,278.500000000,0.000000000,0.000000000
point-0004546,8464.688030940,261.446486106,235.639776445,278.500000000,0.000000000,0.000000000
point-0004547,8465.405461045,260.790941474,236.639776445,278.500000000,0.000000000,0.000000000
point-0004548,8467.844723402,256.725504212,236.639776445,278.500000000,0.000000000,0.000000000
point-0004549,8468.562153507,256.069959579,237.639776445,278.500000000,0.000000000,0.000000000
point-0004550,8471.001415864,260.135396841,237.639776445,278.500000000,0.000000000,0.000000000
point-0004551,8471.718845969,259.479852208,238.639776445,278.500000000,0.000000000,0.000000000
point-0004552,8474.158108326,255.414414947,238.639776445,278.500000000,0.000000000,0.000000000
point-0004553,8474.875538431,254.758870314,239.639776445,278.500000000,0.000000000,0.000000000
point-0004554,8477.314800788,258.824307576,239.639776445,278.500000000,0.000000000,0.000000000
point-0004555,8478.032230893,258.168762943,240.639776445,278.500000000,0.000000000,0.000000000
point-0004556,8480.228263324,254.508708892,240.639776445,278.500000000,0.000000000,0.000000000
point-0004557,8481.322666465,256.034158038,241.639776445,278.500000000,0.000000000,0.000000000
point-0004558,8482.210102629,257.513218310,241.639776445,278.500000000,0.000000000,0.000000000
point-0004559,8511.078587539,280.980655622,199.639776445,279.000000000,0.000000000,0.000000000
point-0004560,8511.732885673,282.071152511,199.639776445,279.000000000,0.000000000,0.000000000
point-0004561,8512.827288814,283.596601657,200.639776445,279.000000000,0.000000000,0.000000000
point-0004562,8514.790183214,280.325110989,200.639776445,279.000000000,0.000000000,0.000000000
point-0004563,8515.507613319,279.669566356,201.639776445,279.000000000,0.000000000,0.000000000
point-0004564,8517.946875676,283.735003618,201.639776445,279.000000000,0.000000000,0.000000000
point-0004565,8518.664305781,283.079458985,202.639776445,279.000000000,0.000000000,0.000000000
point-0004566,8521.103568138,279.014021724,202.639776445,279.000000000,0.000000000,0.000000000
point-0004567,8521.820998243,278.358477091,203.639776445,279.000000000,0.000000000,0.000000000
point-0004568,8524.260260600,282.423914353,203.639776445,279.000000000,0.000000000,0.000000000
point-0004569,8524.977690705,281.768369720,204.639776445,279.000000000,0.000000000,0.000000000
point-0004570,8527.416953062,277.702932458,204.639776445,279.000000000,0.000000000,0.000000000
point-0004571,8528.134383167,277.047387826,205.639776445,279.000000000,0.000000000,0.000000000
point-0004572,8530.573645524,281.112825087,205.639776445,279.000000000,0.000000000,0.000000000
point-0004573,8531.291075629,280.457280455,206.639776445,279.000000000,0.000000000,0.000000000
point-0004574,8533.730337986,276.391843193,206.639776445,279.000000000,0.000000000,0.000000000
point-0004575,8534.447768091,275.736298560,207.639776445,279.000000000,0.000000000,0.000000000
point-0004576,8536.887030448,279.801735822,207.639776445,279.000000000,0.000000000,0.000000000
point-0004577,8537.604460553,279.146191189,208.639776445,279.000000000,0.000000000,0.000000000
point-0004578,8540.043722910,275.080753927,208.639776445,279.000000000,0.000000000,0.000000000
point-0004579,8540.761153015,274.425209295,209.639776445,279.000000000,0.000000000,0.000000000
point-0004580,8543.200415372,278.490646556,209.639776445,279.000000000,0.000000000,0.000000000
point-0004581,8543.917845477,277.835101924,210.639776445,279.000000000,0.000000000,0.000000000
point-0004582,8546.357107834,273.769664662,210.639776445,279.000000000,0.000000000,0.000000000
point-0004583,8547.074537939,273.114120029,211.639776445,279.000000000,0.000000000,0.000000000
point-0004584,8549.513800296,277.179557291,211.639776445,279.000000000,0.000000000,0.000000000
point-0004585,8550.231230401,276.524012658,212.639776445,279.000000000,0.000000000,0.000000000
point-0004586,8552.670492758,272.458575397,212.639776445,279.000000000,0.000000000,0.000000000
point-0004587,8553.387922863,271.803030764,213.639776445,279.000000000,0.000000000,0.000000000
point-0004588,8555.827185220,275.868468026,213.639776445,279.000000000,0.000000000,0.000000000
point-0004589,8556.544615325,275.212923393,214.639776445,279.000000000,0.000000000,0.000000000
point-0004590,8558.983877682,271.147486131,214.639776445,279.000000000,0.000000000,0.000000000
point-0004591,8559.701307787,270.491941499,215.639776445,279.000000000,0.000000000,0.000000000
point-0004592,8562.140570144,274.557378760,215.639776445,279.000000000,0.000000000,0.000000000
point-0004593,8562.858000249,273.901834128,216.639776445,279.000000000,0.000000000,0.000000000
point-0004594,8565.297262606,269.836396866,216.639776445,279.000000000,0.000000000,0.000000000
point-0004595,8566.014692711,269.180852233,217.639776445,279.000000000,0.000000000,0.000000000
point-0004596,8568.453955068,273.246289495,217.639776445,279.000000000,0.000000000,0.000000000
point-0004597,8569.171385173,272.590744862,218.639776445,279.000000000,0.000000000,0.000000000
point-0004598,8571.610647530,268.525307601,218.639776445,279.000000000,0.000000000,0.000000000
point-0004599,8572.328077635,267.869762968,219.639776445,279.000000000,0.000000000,0.000000000
point-0004600,8574.767339992,271.935200230,219.639776445,279.000000000,0.000000000,0.000000000
point-0004601,8575.484770097,271.279655597,220.639776445,279.000000000,0.000000000,0.000000000
point-0004602,8577.924032454,267.214218335,220.639776445,279.000000000,0.000000000,0.000000000
point-0004603,8578.641462559,266.558673702,221.639776445,279.000000000,0.000000000,0.000000000
point-0004604,8581.080724916,270.624110964,221.639776445,279.000000000,0.000000000,0.000000000
point-0004605,8581.798155021,269.968566331,222.639776445,279.000000000,0.000000000,0.000000000
point-0004606,8584.237417378,265.903129070,222.639776445,279.000000000,0.000000000,0.000000000
point-0004607,8584.954847483,265.247584437,223.639776445,279.000000000,0.000000000,0.000000000
point-0004608,8587.394109840,269.313021699,223.639776445,279.000000000,0.000000000,0.000000000
point-0004609,8588.111539945,268.657477066,224.639776445,279.000000000,0.000000000,0.000000000
point-0004610,8590.550802302,264.592039804,224.639776445,279.000000000,0.000000000,0.000000000
point-0004611,8591.268232407,263.936495172,225.639776445,279.000000000,0.000000000,0.000000000
point-0004612,8593.707494764,268.001932433,225.639776445,279.000000000,0.000000000,0.000000000
point-0004613,8594.424924869,267.346387801,226.639776445,279.000000000,0.000000000,0.000000000
point-0004614,8596.864187226,263.280950539,226.639776445,279.000000000,0.000000000,0.000000000
point-0004615,8597.581617331,262.625405906,227.639776445,279.000000000,0.000000000,0.000000000
point-0004616,8600.020879688,266.690843168,227.639776445,279.000000000,0.000000000,0.000000000
point-0004617,8600.738309793,266.035298535,228.639776445,279.000000000,0.000000000,0.000000000
point-0004618,8603.177572150,261.969861274,228.639776445,279.000000000,0.000000000,0.000000000
point-0004619,8603.895002255,261.314316641,229.639776445,279.000000000,0.000000000,0.000000000
point-0004620,8606.334264612,265.379753903,229.639776445,279.000000000,0.000000000,0.000000000
point-0004621,8607.051694717,264.724209270,230.639776445,279.000000000,0.000000000,0.000000000
point-0004622,8609.490957075,260.658772008,230.639776445,279.000000000,0.000000000,0.000000000
point-0004623,8610.208387180,260.003227376,231.639776445,279.000000000,0.000000000,0.000000000
point-0004624,8612.647649537,264.068664637,231.639776445,279.000000000,0.000000000,0.000000000
point-0004625,8613.365079642,263.413120005,232.639776445,279.000000000,0.000000000,0.000000000
point-0004626,8615.804341999,259.347682743,232.639776445,279.000000000,0.000000000,0.000000000
point-0004627,8616.521772104,258.692138110,233.639776445,279.000000000,0.000000000,0.000000000
point-0004628,8618.961034461,262.757575372,233.639776445,279.000000000,0.000000000,0.000000000
point-0004629,8619.678464566,262.102030739,234.639776445,279.000000000,0.000000000,0.000000000
point-0004630,8622.117726923,258.036593477,234.639776445,279.000000000,0.000000000,0.000000000
point-0004631,8622.835157028,257.381048845,235.639776445,279.000000000,0.000000000,0.000000000
point-0004632,8625.274419385,261.446486106,235.639776445,279.000000000,0.000000000,0.000000000
point-0004633,8625.991849490,260.790941474,236.639776445,279.000000000,0.000000000,0.000000000
point-0004634,8628.431111847,256.725504212,236.639776445,279.000000000,0.000000000,0.000000000
point-0004635,8629.148541952,256.069959579,237.639776445,279.000000000,0.000000000,0.000000000
point-0004636,8631.587804309,260.135396841,237.639776445,279.000000000,0.000000000,0.000000000
point-0004637,8632.305234414,259.479852208,238.639776445,279.000000000,0.000000000,0.000000000
point-0004638,8634.744496771,255.414414947,238.639776445,279.000000000,0.000000000,0.000000000
point-0004639,8635.461926876,254.758870314,239.639776445,279.000000000,0.000000000,0.000000000
point-0004640,8637.901189233,258.824307576,239.639776445,279.000000000,0.000000000,0.000000000
point-0004641,8638.618619338,258.168762943,240.639776445,279.000000000,0.000000000,0.000000000
point-0004642,8640.814651768,254.508708892,240.639776445,279.000000000,0.000000000,0.000000000
point-0004643,8641.909054909,256.034158038,241.639776445,279.000000000,0.000000000,0.000000000
point-0004644,8642.796491073,257.513218310,241.639776445,279.000000000,0.000000000,0.000000000
point-0004645,8671.664975983,280.980655622,199.639776445,279.500000000,0.000000000,0.000000000
point-0004646,8672.319274117,282.071152511,199.639776445,279.500000000,0.000000000,0.000000000
point-0004647,8673.413677258,283.596601657,200.639776445,279.500000000,0.000000000,0.000000000
point-0004648,8675.376571658,280.325110989,200.639776445,279.500000000,0.000000000,0.000000000
point-0004649,8676.094001763,279.669566356,201.639776445,279.500000000,0.000000000,0.000000000
point-0004650,8678.533264120,283.735003618,201.639776445,279.500000000,0.000000000,0.000000000
point-0004651,8679.250694225,283.079458985,202.639776445,279.500000000,0.000000000,0.000000000
point-0004652,8681.689956582,279.014021724,202.639776445,279.500000000,0.000000000,0.000000000
point-0004653,8682.407386687,278.358477091,203.639776445,279.500000000,0.000000000,0.000000000
point-0004654,8684.846649044,282.423914353,203.639776445,279.500000000,0.000000000,0.000000000
point-0004655,8685.564079149,281.768369720,204.639776445,279.500000000,0.000000000,0.000000000
point-0004656,8688.003341506,277.702932458,204.639776445,279.500000000,0.000000000,0.000000000
point-0004657,8688.720771611,277.047387826,205.639776445,279.500000000,0.000000000,0.000000000
point-0004658,8691.160033968,281.112825087,205.639776445,279.500000000,0.000000000,0.000000000
point-0004659,8691.877464073,280.457280455,206.639776445,279.500000000,0.000000000,0.000000000
point-0004660,8694.316726430,276.391843193,206.639776445,279.500000000,0.000000000,0.000000000
point-0004661,8695.034156535,275.736298560,207.639776445,279.500000000,0.000000000,0.000000000
point-0004662,8697.473418892,279.801735822,207.639776445,279.500000000,0.000000000,0.000000000
point-0004663,8698.190848997,279.146191189,208.639776445,279.500000000,0.000000000,0.000000000
point-0004664,8700.630111354,275.080753927,208.639776445,279.500000000,0.000000000,0.000000000
point-0004665,8701.347541459,274.425209295,209.639776445,279.500000000,0.000000000,0.000000000
point-0004666,8703.786803816,278.490646556,209.639776445,279.500000000,0.000000000,0.000000000
point-0004667,8704.504233921,277.835101924,210.639776445,279.500000000,0.000000000,0.000000000
point-0004668,8706.943496278,273.769664662,210.639776445,279.500000000,0.000000000,0.000000000
point-0004669,8707.660926383,273.114120029,211.639776445,279.500000000,0.000000000,0.000000000
point-0004670,8710.100188740,277.179557291,211.639776445,279.500000000,0.000000000,0.000000000
point-0004671,8710.817618845,276.524012658,212.639776445,279.500000000,0.000000000,0.000000000
point-0004672,8713.256881202,272.458575397,212.639776445,279.500000000,0.000000000,0.000000000
point-0004673,8713.974311308,271.803030764,213.639776445,279.500000000,0.000000000,0.000000000
point-0004674,8716.413573665,275.868468026,213.639776445,279.500000000,0.000000000,0.000000000
point-0004675,8717.131003770,275.212923393,214.639776445,279.500000000,0.000000000,0.000000000
point-0004676,8719.570266127,271.147486131,214.639776445,279.500000000,0.000000000,0.000000000
point-0004677,8720.287696232,270.491941499,215.639776445,279.500000000,0.000000000,0.000000000
point-0004678,8722.726958589,274.557378760,215.639776445,279.500000000,0.000000000,0.000000000
point-0004679,8723.444388694,273.901834128,216.639776445,279.500000000,0.000000000,0.000000000
point-0004680,8725.883651051,269.836396866,216.639776445,279.500000000,0.000000000,0.000000000
point-0004681,8726.601081156,269.180852233,217.639776445,279.500000000,0.000000000,0.000000000
point-0004682,8729.040343513,273.246289495,217.639776445,279.500000000,0.000000000,0.000000000
point-0004683,8729.757773618,272.590744862,218.639776445,279.500000000,0.000000000,0.000000000
point-0004684,8732.197035975,268.525307601,218.639776445,279.500000000,0.000000000,0.000000000
point-0004685,8732.914466080,267.869762968,219.639776445,279.500000000,0.000000000,0.000000000
point-0004686,8735.353728437,271.935200230,219.639776445,279.500000000,0.000000000,0.000000000
point-0004687,8736.071158542,271.279655597,220.639776445,279.500000000,0.000000000,0.000000000
point-0004688,8738.510420899,267.214218335,220.639776445,279.500000000,0.000000000,0.000000000
point-0004689,8739.227851004,266.558673702,221.639776445,279.500000000,0.000000000,0.000000000
point-0004690,8741.667113361,270.624110964,221.639776445,279.500000000,0.000000000,0.000000000
point-0004691,8742.384543466,269.968566331,222.639776445,279.500000000,0.000000000,0.000000000
point-0004692,8744.823805823,265.903129070,222.639776445,279.500000000,0.000000000,0.000000000
point-0004693,8745.541235928,265.247584437,223.639776445,279.500000000,0.000000000,0.000000000
point-0004694,8747.980498285,269.313021699,223.639776445,279.500000000,0.000000000,0.000000000
point-0004695,8748.697928390,268.657477066,224.639776445,279.500000000,0.000000000,0.000000000
point-0004696,8751.137190747,264.592039804,224.639776445,279.500000000,0.000000000,0.000000000
point-0004697,8751.854620852,263.936495172,225.639776445,279.500000000,0.000000000,0.000000000
point-0004698,8754.293883209,268.001932433,225.639776445,279.500000000,0.000000000,0.000000000
point-0004699,8755.011313314,267.346387801,226.639776445,279.500000000,0.000000000,0.000000000
point-0004700,8757.450575671,263.280950539,226.639776445,279.500000000,0.000000000,0.000000000
point-0004701,8758.168005776,262.625405906,227.639776445,279.500000000,0.000000000,0.000000000
point-0004702,8760.607268133,266.690843168,227.639776445,279.500000000,0.000000000,0.000000000
point-0004703,8761.324698238,266.035298535,228.639776445,279.500000000,0.000000000,0.000000000
point-0004704,8763.763960595,261.969861274,228.639776445,279.500000000,0.000000000,0.000000000
point-0004705,8764.481390700,261.314316641,229.639776445,279.500000000,0.000000000,0.000000000
point-0004706,8766.920653057,265.379753903,229.639776445,279.500000000,0.000000000,0.000000000
point-0004707,8767.638083162,264.724209270,230.639776445,279.500000000,0.000000000,0.000000000
point-0004708,8770.077345519,260.658772008,230.639776445,279.500000000,0.000000000,0.000000000
point-0004709,8770.794775624,260.003227376,231.639776445,279.500000000,0.000000000,0.000000000
point-0004710,8773.234037981,264.068664637,231.639776445,279.500000000,0.000000000,0.000000000
point-0004711,8773.951468086,263.413120005,232.639776445,279.500000000,0.000000000,0.000000000
point-0004712,8776.390730443,259.347682743,232.639776445,279.500000000,0.000000000,0.000000000
point-0004713,8777.108160548,258.692138110,233.639776445,279.500000000,0.000000000,0.000000000
point-0004714,8779.547422905,262.757575372,233.639776445,279.500000000,0.000000000,0.000000000
point-0004715,8780.264853010,262.102030739,234.639776445,279.500000000,0.000000000,0.000000000
point-0004716,8782.704115367,258.036593477,234.639776445,279.500000000,0.000000000,0.000000000
point-0004717,8783.421545472,257.381048845,235.639776445,279.500000000,0.000000000,0.000000000
point-0004718,8785.860807829,261.446486106,235.639776445,279.500000000,0.000000000,0.000000000
point-0004719,8786.578237934,260.790941474,236.639776445,279.500000000,0.000000000,0.000000000
point-0004720,8789.017500291,256.725504212,236.639776445,279.500000000,0.000000000,0.000000000
point-0004721,8789.734930396,256.069959579,237.639776445,279.500000000,0.000000000,0.000000000
point-0004722,8792.174192753,260.135396841,237.639776445,279.500000000,0.000000000,0.000000000
point-0004723,8792.891622858,259.479852208,238.639776445,279.500000000,0.000000000,0.000000000
point-0004724,8795.330885215,255.414414947,238.639776445,279.500000000,0.000000000,0.000000000
point-0004725,8796.048315320,254.758870314,239.639776445,279.500000000,0.000000000,0.000000000
point-0004726,8798.487577677,258.824307576,239.639776445,279.500000000,0.000000000,0.000000000
point-0004727,8799.205007782,258.168762943,240.639776445,279.500000000,0.000000000,0.000000000
point-0004728,8801.401040212,254.508708892,240.639776445,279.500000000,0.000000000,0.000000000
point-0004729,8802.495443353,256.034158038,241.639776445,279.500000000,0.000000000,0.000000000
point-0004730,8803.382879517,257.513218310,241.639776445,279.500000000,0.000000000,0.000000000
point-0004731,8832.251364427,280.980655622,199.639776445,280.000000000,0.000000000,0.000000000
point-0004732,8832.905662561,282.071152511,199.639776445,280.000000000,0.000000000,0.000000000
point-0004733,8834.000065702,283.596601657,200.639776445,280.000000000,0.000000000,0.000000000
point-0004734,8835.962960103,280.325110989,200.639776445,280.000000000,0.000000000,0.000000000
point-0004735,8836.680390208,279.669566356,201.639776445,280.000000000,0.000000000,0.000000000
point-0004736,8839.119652565,283.735003618,201.639776445,280.000000000,0.000000000,0.000000000
point-0004737,8839.837082670,283.079458985,202.639776445,280.000000000,0.000000000,0.000000000
point-0004738,8842.276345027,279.014021724,202.639776445,280.000000000,0.000000000,0.000000000
point-0004739,8842.993775132,278.358477091,203.639776445,280.000000000,0.000000000,0.000000000
point-0004740,8845.433037489,282.423914353,203.639776445,280.000000000,0.000000000,0.000000000
point-0004741,8846.150467594,281.768369720,204.639776445,280.000000000,0.000000000,0.000000000
point-0004742,8848.589729951,277.702932458,204.639776445,280.000000000,0.000000000,0.000000000
point-0004743,8849.307160056,277.047387826,205.639776445,280.000000000,0.000000000,0.000000000
point-0004744,8851.746422413,281.112825087,205.639776445,280.000000000,0.000000000,0.000000000
point-0004745,8852.463852518,280.457280455,206.639776445,280.000000000,0.000000000,0.000000000
point-0004746,8854.903114875,276.391843193,206.639776445,280.000000000,0.000000000,0.000000000
point-0004747,8855.620544980,275.736298560,207.639776445,280.000000000,0.000000000,0.000000000
point-0004748,8858.059807337,279.801735822,207.639776445,280.000000000,0.000000000,0.000000000
point-0004749,8858.777237442,279.146191189,208.639776445,280.000000000,0.000000000,0.000000000
point-0004750,8861.216499799,275.080753927,208.639776445,280.000000000,0.000000000,0.000000000
point-0004751,8861.933929904,274.425209295,209.639776445,280.000000000,0.000000000,0.000000000
point-0004752,8864.373192261,278.490646556,209.639776445,280.000000000,0.000000000,0.000000000
point-0004753,8865.090622366,277.835101924,210.639776445,280.000000000,0.000000000,0.000000000
point-0004754,8867.529884723,273.769664662,210.639776445,280.000000000,0.000000000,0.000000000
point-0004755,8868.247314828,273.114120029,211.639776445,280.000000000,0.000000000,0.000000000
point-0004756,8870.686577185,277.179557291,211.639776445,280.000000000,0.000000000,0.000000000
point-0004757,8871.404007290,276.524012658,212.639776445,280.000000000,0.000000000,0.000000000
point-0004758,8873.843269647,272.458575397,212.639776445,280.000000000,0.000000000,0.000000000
point-0004759,8874.560699752,271.803030764,213.639776445,280.000000000,0.000000000,0.000000000
point-0004760,8876.999962109,275.868468026,213.639776445,280.000000000,0.000000000,0.000000000
point-0004761,8877.717392214,275.212923393,214.639776445,280.000000000,0.000000000,0.000000000
point-0004762,8880.156654571,271.147486131,214.639776445,280.000000000,0.000000000,0.000000000
point-0004763,8880.874084676,270.491941499,215.639776445,280.000000000,0.000000000,0.000000000
point-0004764,8883.313347033,274.557378760,215.639776445,280.000000000,0.000000000,0.000000000
point-0004765,8884.030777138,273.901834128,216.639776445,280.000000000,0.000000000,0.000000000
point-0004766,8886.470039495,269.836396866,216.639776445,280.000000000,0.000000000,0.000000000
point-0004767,8887.187469600,269.180852233,217.639776445,280.000000000,0.000000000,0.000000000
point-0004768,8889.626731957,273.246289495,217.639776445,280.000000000,0.000000000,0.000000000
point-0004769,8890.344162062,272.590744862,218.639776445,280.000000000,0.000000000,0.000000000
point-0004770,8892.783424419,268.525307601,218.639776445,280.000000000,0.000000000,0.000000000
point-0004771,8893.500854524,267.869762968,219.639776445,280.000000000,0.000000000,0.000000000
point-0004772,8895.940116881,271.935200230,219.639776445,280.000000000,0.000000000,0.000000000
point-0004773,8896.657546986,271.279655597,220.639776445,280.000000000,0.000000000,0.000000000
point-0004774,8899.096809343,267.214218335,220.639776445,280.000000000,0.000000000,0.000000000
point-0004775,8899.814239448,266.558673702,221.639776445,280.000000000,0.000000000,0.000000000
point-0004776,8902.253501805,270.624110964,221.639776445,280.000000000,0.000000000,0.000000000
point-0004777,8902.970931910,269.968566331,222.639776445,280.000000000,0.000000000,0.000000000
point-0004778,8905.410194267,265.903129070,222.639776445,280.000000000,0.000000000,0.000000000
point-0004779,8906.127624372,265.247584437,223.639776445,280.000000000,0.000000000,0.000000000
point-0004780,8908.566886729,269.313021699,223.639776445,280.000000000,0.000000000,0.000000000
point-0004781,8909.284316834,268.657477066,224.639776445,280.000000000,0.000000000,0.000000000
point-0004782,8911.723579191,264.592039804,224.639776445,280.000000000,0.000000000,0.000000000
point-0004783,8912.441009296,263.936495172,225.639776445,280.000000000,0.000000000,0.000000000
point-0004784,8914.880271653,268.001932433,225.639776445,280.000000000,0.000000000,0.000000000
point-0004785,8915.597701758,267.346387801,226.639776445,280.000000000,0.000000000,0.000000000
point-0004786,8918.036964115,263.280950539,226.639776445,280.000000000,0.000000000,0.000000000
point-0004787,8918.754394220,262.625405906,227.639776445,280.000000000,0.000000000,0.000000000
point-0004788,8921.193656577,266.690843168,227.639776445,280.000000000,0.000000000,0.000000000
point-0004789,8921.911086682,266.035298535,228.639776445,280.000000000,0.000000000,0.000000000
point-0004790,8924.350349039,261.969861274,228.639776445,280.000000000,0.000000000,0.000000000
point-0004791,8925.067779144,261.314316641,229.639776445,280.000000000,0.000000000,0.000000000
point-0004792,8927.507041501,265.379753903,229.639776445,280.000000000,0.000000000,0.000000000
point-0004793,8928.224471606,264.724209270,230.639776445,280.000000000,0.000000000,0.000000000
point-0004794,8930.663733963,260.658772008,230.639776445,280.000000000,0.000000000,0.000000000
point-0004795,8931.381164068,260.003227376,231.639776445,280.000000000,0.000000000,0.000000000
point-0004796,8933.820426425,264.068664637,231.639776445,280.000000000,0.000000000,0.000000000
point-0004797,8934.537856530,263.413120005,232.639776445,280.000000000,0.000000000,0.000000000
point-0004798,8936.977118887,259.347682743,232.639776445,280.000000000,0.000000000,0.000000000
point-0004799,8937.694548992,258.692138110,233.639776445,280.000000000,0.000000000,0.000000000
point-0004800,8940.133811349,262.757575372,233.639776445,280.000000000,0.000000000,0.000000000
point-0004801,8940.851241454,262.102030739,234.639776445,280.000000000,0.000000000,0.000000000
point-0004802,8943.290503811,258.036593477,234.639776445,280.000000000,0.000000000,0.000000000
point-0004803,8944.007933916,257.381048845,235.639776445,280.000000000,0.000000000,0.000000000
point-0004804,8946.447196273,261.446486106,235.639776445,280.000000000,0.000000000,0.000000000
point-0004805,8947.164626378,260.790941474,236.639776445,280.000000000,0.000000000,0.000000000
point-0004806,8949.603888735,256.725504212,236.639776445,280.000000000,0.000000000,0.000000000
point-0004807,8950.321318840,256.069959579,237.639776445,280.000000000,0.000000000,0.000000000
point-0004808,8952.760581197,260.135396841,237.639776445,280.000000000,0.000000000,0.000000000
point-0004809,8953.478011302,259.479852208,238.639776445,280.000000000,0.000000000,0.000000000
point-0004810,8955.917273659,255.414414947,238.639776445,280.000000000,0.000000000,0.000000000
point-0004811,8956.634703764,254.758870314,239.639776445,280.000000000,0.000000000,0.000000000
point-0004812,8959.073966121,258.824307576,239.639776445,280.000000000,0.000000000,0.000000000
point-0004813,8959.791396226,258.168762943,240.639776445,280.000000000,0.000000000,0.000000000
point-0004814,8961.987428657,254.508708892,240.639776445,280.000000000,0.000000000,0.000000000
point-0004815,8963.081831797,256.034158038,241.639776445,280.000000000,0.000000000,0.000000000
point-0004816,8963.969267961,257.513218310,241.639776445,280.000000000,0.000000000,0.000000000
point-0004817,8992.837752872,280.980655622,199.639776445,280.500000000,0.000000000,0.000000000
point-0004818,8993.492051005,282.071152511,199.639776445,280.500000000,0.000000000,0.000000000
point-0004819,8994.586454146,283.596601657,200.639776445,280.500000000,0.000000000,0.000000000
point-0004820,8996.549348547,280.325110989,200.639776445,280.500000000,0.000000000,0.000000000
point-0004821,8997.266778652,279.669566356,201.639776445,280.500000000,0.000000000,0.000000000
point-0004822,8999.706041009,283.735003618,201.639776445,280.500000000,0.000000000,0.000000000
point-0004823,9000.423471114,283.079458985,202.639776445,280.500000000,0.000000000,0.000000000
point-0004824,9002.862733471,279.014021724,202.639776445,280.500000000,0.000000000,0.000000000
point-0004825,9003.580163576,278.358477091,203.639776445,280.500000000,0.000000000,0.000000000
point-0004826,9006.019425933,282.423914353,203.639776445,280.500000000,0.000000000,0.000000000
point-0004827,9006.736856038,281.768369720,204.639776445,280.500000000,0.000000000,0.000000000
point-0004828,9009.176118395,277.702932458,204.639776445,280.500000000,0.000000000,0.000000000
point-0004829,9009.893548500,277.047387826,205.639776445,280.500000000,0.000000000,0.000000000
point-0004830,9012.332810857,281.112825087,205.639776445,280.500000000,0.000000000,0.000000000
point-0004831,9013.050240962,280.457280455,206.639776445,280.500000000,0.000000000,0.000000000
point-0004832,9015.489503319,276.391843193,206.639776445,280.500000000,0.000000000,0.000000000
point-0004833,9016.206933424,275.736298560,207.639776445,280.500000000,0.000000000,0.000000000
point-0004834,9018.646195781,279.801735822,207.639776445,280.500000000,0.000000000,0.000000000
point-0004835,9019.363625886,279.146191189,208.639776445,280.500000000,0.000000000,0.000000000
point-0004836,9021.802888243,275.080753927,208.639776445,280.500000000,0.000000000,0.000000000
point-0004837,9022.520318348,274.425209295,209.639776445,280.500000000,0.000000000,0.000000000
point-0004838,9024.959580705,278.490646556,209.639776445,280.500000000,0.000000000,0.000000000
point-0004839,9025.677010810,277.835101924,210.639776445,280.500000000,0.000000000,0.000000000
point-0004840,9028.116273167,273.769664662,210.639776445,280.500000000,0.000000000,0.000000000
point-0004841,9028.833703272,273.114120029,211.639776445,280.500000000,0.000000000,0.000000000
point-0004842,9031.272965629,277.179557291,211.639776445,280.500000000,0.000000000,0.000000000
point-0004843,9031.990395734,276.524012658,212.639776445,280.500000000,0.000000000,0.000000000
point-0004844,9034.429658091,272.458575397,212.639776445,280.500000000,0.000000000,0.000000000
point-0004845,9035.147088196,271.803030764,213.639776445,280.500000000,0.000000000,0.000000000
point-0004846,9037.586350553,275.868468026,213.639776445,280.500000000,0.000000000,0.000000000
point-0004847,9038.303780658,275.212923393,214.639776445,280.500000000,0.000000000,0.000000000
point-0004848,9040.743043015,271.147486131,214.639776445,280.500000000,0.000000000,0.000000000
point-0004849,9041.460473120,270.491941499,215.639776445,280.500000000,0.000000000,0.000000000
point-0004850,9043.899735477,274.557378760,215.639776445,280.500000000,0.000000000,0.000000000
point-0004851,9044.617165582,273.901834128,216.639776445,280.500000000,0.000000000,0.000000000
point-0004852,9047.056427939,269.836396866,216.639776445,280.500000000,0.000000000,0.000000000
point-0004853,9047.773858044,269.180852233,217.639776445,280.500000000,0.000000000,0.000000000
point-0004854,9050.213120401,273.246289495,217.639776445,280.500000000,0.000000000,0.000000000
point-0004855,9050.930550506,272.590744862,218.639776445,280.500000000,0.000000000,0.000000000
point-0004856,9053.369812863,268.525307601,218.639776445,280.500000000,0.000000000,0.000000000
point-0004857,9054.087242968,267.869762968,219.639776445,280.500000000,0.000000000,0.000000000
point-0004858,9056.526505325,271.935200230,219.639776445,280.500000000,0.000000000,0.000000000
point-0004859,9057.243935430,271.279655597,220.639776445,280.500000000,0.000000000,0.000000000
point-0004860,9059.683197787,267.214218335,220.639776445,280.500000000,0.000000000,0.000000000
point-0004861,9060.400627892,266.558673702,221.639776445,280.500000000,0.000000000,0.000000000
point-0004862,9062.839890249,270.624110964,221.639776445,280.500000000,0.000000000,0.000000000
point-0004863,9063.557320354,269.968566331,222.639776445,280.500000000,0.000000000,0.000000000
point-0004864,9065.996582711,265.903129070,222.639776445,280.500000000,0.000000000,0.000000000
point-0004865,9066.714012816,265.247584437,223.639776445,280.500000000,0.000000000,0.000000000
point-0004866,9069.153275173,269.313021699,223.639776445,280.500000000,0.000000000,0.000000000
point-0004867,9069.870705278,268.657477066,224.639776445,280.500000000,0.000000000,0.000000000
point-0004868,9072.309967635,264.592039804,224.639776445,280.500000000,0.000000000,0.000000000
point-0004869,9073.027397740,263.936495172,225.639776445,280.500000000,0.000000000,0.000000000
point-0004870,9075.466660097,268.001932433,225.639776445,280.500000000,0.000000000,0.000000000
point-0004871,9076.184090202,267.346387801,226.639776445,280.500000000,0.000000000,0.000000000
point-0004872,9078.623352559,263.280950539,226.639776445,280.500000000,0.000000000,0.000000000
point-0004873,9079.340782664,262.625405906,227.639776445,280.500000000,0.000000000,0.000000000
point-0004874,9081.780045021,266.690843168,227.639776445,280.500000000,0.000000000,0.000000000
point-0004875,9082.497475126,266.035298535,228.639776445,280.500000000,0.000000000,0.000000000
point-0004876,9084.936737483,261.969861274,228.639776445,280.500000000,0.000000000,0.000000000
point-0004877,9085.654167588,261.314316641,229.639776445,280.500000000,0.000000000,0.000000000
point-0004878,9088.093429945,265.379753903,229.639776445,280.500000000,0.000000000,0.000000000
point-0004879,9088.810860050,264.724209270,230.639776445,280.500000000,0.000000000,0.000000000
point-0004880,9091.250122407,260.658772008,230.639776445,280.500000000,0.000000000,0.000000000
point-0004881,9091.967552512,260.003227376,231.639776445,280.500000000,0.000000000,0.000000000
point-0004882,9094.406814869,264.068664637,231.639776445,280.500000000,0.000000000,0.000000000
point-0004883,9095.124244974,263.413120005,232.639776445,280.500000000,0.000000000,0.000000000
point-0004884,9097.563507331,259.347682743,232.639776445,280.500000000,0.000000000,0.000000000
point-0004885,9098.280937436,258.692138110,233.639776445,280.500000000,0.000000000,0.000000000
point-0004886,9100.720199793,262.757575372,233.639776445,280.500000000,0.000000000,0.000000000
point-0004887,9101.437629898,262.102030739,234.639776445,280.500000000,0.000000000,0.000000000
point-0004888,9103.876892255,258.036593477,234.639776445,280.500000000,0.000000000,0.000000000
point-0004889,9104.594322360,257.381048845,235.639776445,280.500000000,0.000000000,0.000000000
point-0004890,9107.033584717,261.446486106,235.639776445,280.500000000,0.000000000,0.000000000
point-0004891,9107.751014822,260.790941474,236.639776445,280.500000000,0.000000000,0.000000000
point-0004892,9110.190277179,256.725504212,236.639776445,280.500000000,0.000000000,0.000000000
point-0004893,9110.907707284,256.069959579,237.639776445,280.500000000,0.000000000,0.000000000
point-0004894,9113.346969641,260.135396841,237.639776445,280.500000000,0.000000000,0.000000000
point-0004895,9114.064399746,259.479852208,238.639776445,280.500000000,0.000000000,0.000000000
point-0004896,9116.503662103,255.414414947,238.639776445,280.500000000,0.000000000,0.000000000
point-0004897,9117.221092208,254.758870314,239.639776445,280.500000000,0.000000000,0.000000000
point-0004898,9119.660354565,258.824307576,239.639776445,280.500000000,0.000000000,0.000000000
point-0004899,9120.377784670,258.168762943,240.639776445,280.500000000,0.000000000,0.000000000
point-0004900,9122.573817101,254.508708892,240.639776445,280.500000000,0.000000000,0.000000000
point-0004901,9123.668220242,256.034158038,241.639776445,280.500000000,0.000000000,0.000000000
point-0004902,9124.555656405,257.513218310,241.639776445,280.500000000,0.000000000,0.000000000
point-0004903,9153.424141316,280.980655622,199.639776445,281.000000000,0.000000000,0.000000000
point-0004904,9154.078439449,282.071152511,199.639776445,281.000000000,0.000000000,0.000000000
point-0004905,9155.172842590,283.596601657,200.639776445,281.000000000,0.000000000,0.000000000
point-0004906,9157.135736991,280.325110989,200.639776445,281.000000000,0.000000000,0.000000000
point-0004907,9157.853167096,279.669566356,201.639776445,281.000000000,0.000000000,0.000000000
point-0004908,9160.292429453,283.735003618,201.639776445,281.000000000,0.000000000,0.000000000
point-0004909,9161.009859558,283.079458985,202.639776445,281.000000000,0.000000000,0.000000000
point-0004910,9163.449121915,279.014021724,202.639776445,281.000000000,0.000000000,0.000000000
point-0004911,9164.166552020,278.358477091,203.639776445,281.000000000,0.000000000,0.000000000
point-0004912,9166.605814377,282.423914353,203.639776445,281.000000000,0.000000000,0.000000000
point-0004913,9167.323244482,281.768369720,204.639776445,281.000000000,0.000000000,0.000000000
point-0004914,9169.762506839,277.702932458,204.639776445,281.000000000,0.000000000,0.000000000
point-0004915,9170.479936944,277.047387826,205.639776445,281.000000000,0.000000000,0.000000000
point-0004916,9172.919199301,281.112825087,205.639776445,281.000000000,0.000000000,0.000000000
point-0004917,9173.636629406,280.457280455,206.639776445,281.000000000,0.000000000,0.000000000
point-0004918,9176.075891763,276.391843193,206.639776445,281.000000000,0.000000000,0.000000000
point-0004919,9176.793321868,275.736298560,207.639776445,281.000000000,0.000000000,0.000000000
point-0004920,9179.232584225,279.801735822,207.639776445,281.000000000,0.000000000,0.000000000
point-0004921,9179.950014330,279.146191189,208.639776445,281.000000000,0.000000000,0.000000000
point-0004922,9182.389276687,275.080753927,208.639776445,281.000000000,0.000000000,0.000000000
point-0004923,9183.106706792,274.425209295,209.639776445,281.000000000,0.000000000,0.000000000
point-0004924,9185.545969149,278.490646556,209.639776445,281.000000000,0.000000000,0.000000000
point-0004925,9186.263399254,277.835101924,210.639776445,281.000000000,0.000000000,0.000000000
point-0004926,9188.702661611,273.769664662,210.639776445,281.000000000,0.000000000,0.000000000
point-0004927,9189.420091716,273.114120029,211.639776445,281.000000000,0.000000000,0.000000000
point-0004928,9191.859354073,277.179557291,211.639776445,281.000000000,0.000000000,0.000000000
point-0004929,9192.576784178,276.524012658,212.639776445,281.000000000,0.000000000,0.000000000
point-0004930,9195.016046535,272.458575397,212.639776445,281.000000000,0.000000000,0.000000000
point-0004931,9195.733476640,271.803030764,213.639776445,281.000000000,0.000000000,0.000000000
point-0004932,9198.172738997,275.868468026,213.639776445,281.000000000,0.000000000,0.000000000
point-0004933,9198.890169102,275.212923393,214.639776445,281.000000000,0.000000000,0.000000000
point-0004934,9201.329431459,271.147486131,214.639776445,281.000000000,0.000000000,0.000000000
point-0004935,9202.046861564,270.491941499,215.639776445,281.000000000,0.000000000,0.000000000
point-0004936,9204.486123921,274.557378760,215.639776445,281.000000000,0.000000000,0.000000000
point-0004937,9205.203554026,273.901834128,216.639776445,281.000000000,0.000000000,0.000000000
point-0004938,9207.642816383,269.836396866,216.639776445,281.000000000,0.000000000,0.000000000
point-0004939,9208.360246488,269.180852233,217.639776445,281.000000000,0.000000000,0.000000000
point-0004940,9210.799508845,273.246289495,217.639776445,281.000000000,0.000000000,0.000000000
point-0004941,9211.516938950,272.590744862,218.639776445,281.000000000,0.000000000,0.000000000
point-0004942,9213.956201307,268.525307601,218.639776445,281.000000000,0.000000000,0.000000000
point-0004943,9214.673631412,267.869762968,219.639776445,281.000000000,0.000000000,0.000000000
point-0004944,9217.112893769,271.935200230,219.639776445,281.000000000,0.000000000,0.000000000
point-0004945,9217.830323874,271.279655597,220.639776445,281.000000000,0.000000000,0.000000000
point-0004946,9220.269586231,267.214218335,220.639776445,281.000000000,0.000000000,0.000000000
point-0004947,9220.987016336,266.558673702,221.639776445,281.000000000,0.000000000,0.000000000
point-0004948,9223.426278693,270.624110964,221.639776445,281.000000000,0.000000000,0.000000000
point-0004949,9224.143708798,269.968566331,222.639776445,281.000000000,0.000000000,0.000000000
point-0004950,9226.582971155,265.903129070,222.639776445,281.000000000,0.000000000,0.000000000
point-0004951,9227.300401260,265.247584437,223.639776445,281.000000000,0.000000000,0.000000000
point-0004952,9229.739663617,269.313021699,223.639776445,281.000000000,0.000000000,0.000000000
point-0004953,9230.457093722,268.657477066,224.639776445,281.000000000,0.000000000,0.000000000
point-0004954,9232.896356079,264.592039804,224.639776445,281.000000000,0.000000000,0.000000000
point-0004955,9233.613786184,263.936495172,225.639776445,281.000000000,0.000000000,0.000000000
point-0004956,9236.053048541,268.001932433,225.639776445,281.000000000,0.000000000,0.000000000
point-0004957,9236.770478646,267.346387801,226.639776445,281.000000000,0.000000000,0.000000000
point-0004958,9239.209741003,263.280950539,226.639776445,281.000000000,0.000000000,0.000000000
point-0004959,9239.927171108,262.625405906,227.639776445,281.000000000,0.000000000,0.000000000
point-0004960,9242.366433465,266.690843168,227.639776445,281.000000000,0.000000000,0.000000000
point-0004961,9243.083863570,266.035298535,228.639776445,281.000000000,0.000000000,0.000000000
point-0004962,9245.523125927,261.969861274,228.639776445,281.000000000,0.000000000,0.000000000
point-0004963,9246.240556032,261.314316641,229.639776445,281.000000000,0.000000000,0.000000000
point-0004964,9248.679818389,265.379753903,229.639776445,281.000000000,0.000000000,0.000000000
point-0004965,9249.397248494,264.724209270,230.639776445,281.000000000,0.000000000,0.000000000
point-0004966,9251.836510851,260.658772008,230.639776445,281.000000000,0.000000000,0.000000000
point-0004967,9252.553940956,260.003227376,231.639776445,281.000000000,0.000000000,0.000000000
point-0004968,9254.993203313,264.068664637,231.639776445,281.000000000,0.000000000,0.000000000
point-0004969,9255.710633418,263.413120005,232.639776445,281.000000000,0.000000000,0.000000000
point-0004970,9258.149895775,259.347682743,232.639776445,281.000000000,0.000000000,0.000000000
point-0004971,9258.867325880,258.692138110,233.639776445,281.000000000,0.000000000,0.000000000
point-0004972,9261.306588237,262.757575372,233.639776445,281.000000000,0.000000000,0.000000000
point-0004973,9262.024018342,262.102030739,234.639776445,281.000000000,0.000000000,0.000000000
point-0004974,9264.463280699,258.036593477,234.639776445,281.000000000,0.000000000,0.000000000
point-0004975,9265.180710804,257.381048845,235.639776445,281.000000000,0.000000000,0.000000000
point-0004976,9267.619973161,261.446486106,235.639776445,281.000000000,0.000000000,0.000000000
point-0004977,9268.337403266,260.790941474,236.639776445,281.000000000,0.000000000,0.000000000
point-0004978,9270.776665623,256.725504212,236.639776445,281.000000000,0.000000000,0.000000000
point-0004979,9271.494095728,256.069959579,237.639776445,281.000000000,0.000000000,0.000000000
point-0004980,9273.933358085,260.135396841,237.639776445,281.000000000,0.000000000,0.000000000
point-0004981,9274.650788190,259.479852208,238.639776445,281.000000000,0.000000000,0.000000000
point-0004982,9277.090050547,255.414414947,238.639776445,281.000000000,0.000000000,0.000000000
point-0004983,9277.807480652,254.758870314,239.639776445,281.000000000,0.000000000,0.000000000
point-0004984,9280.246743009,258.824307576,239.639776445,281.000000000,0.000000000,0.000000000
point-0004985,9280.964173114,258.168762943,240.639776445,281.000000000,0.000000000,0.000000000
point-0004986,9283.160205545,254.508708892,240.639776445,281.000000000,0.000000000,0.000000000
point-0004987,9284.254608686,256.034158038,241.639776445,281.000000000,0.000000000,0.000000000
point-0004988,9285.142044849,257.513218310,241.639776445,281.000000000,0.000000000,0.000000000
point-0004989,9314.010529760,280.980655622,199.639776445,281.500000000,0.000000000,0.000000000
point-0004990,9314.664827893,282.071152511,199.639776445,281.500000000,0.000000000,0.000000000
point-0004991,9315.759231034,283.596601657,200.639776445,281.500000000,0.000000000,0.000000000
point-0004992,9317.722125435,280.325110989,200.639776445,281.500000000,0.000000000,0.000000000
point-0004993,9318.439555540,279.669566356,201.639776445,281.500000000,0.000000000,0.000000000
point-0004994,9320.878817897,283.735003618,201.639776445,281.500000000,0.000000000,0.000000000
point-0004995,9321.596248002,283.079458985,202.639776445,281.500000000,0.000000000,0.000000000
point-0004996,9324.035510359,279.014021724,202.639776445,281.500000000,0.000000000,0.000000000
point-0004997,9324.752940464,278.358477091,203.639776445,281.500000000,0.000000000,0.000000000
point-0004998,9327.192202821,282.423914353,203.639776445,281.500000000,0.000000000,0.000000000
point-0004999,9327.909632926,281.768369720,204.639776445,281.500000000,0.000000000,0.000000000
point-0005000,9330.348895283,277.702932458,204.639776445,281.500000000,0.000000000,0.000000000
point-0005001,9331.066325388,277.047387826,205.639776445,281.500000000,0.000000000,0.000000000
point-0005002,9333.505587745,281.112825087,205.639776445,281.500000000,0.000000000,0.000000000
point-0005003,9334.223017850,280.457280455,206.639776445,281.500000000,0.000000000,0.000000000
point-0005004,9336.662280207,276.391843193,206.639776445,281.500000000,0.000000000,0.000000000
point-0005005,9337.379710312,275.736298560,207.639776445,281.500000000,0.000000000,0.000000000
point-0005006,9339.818972669,279.801735822,207.639776445,281.500000000,0.000000000,0.000000000
point-0005007,9340.536402774,279.146191189,208.639776445,281.500000000,0.000000000,0.000000000
point-0005008,9342.975665131,275.080753927,208.639776445,281.500000000,0.000000000,0.000000000
point-0005009,9343.693095236,274.425209295,209.639776445,281.500000000,0.000000000,0.000000000
point-0005010,9346.132357593,278.490646556,209.639776445,281.500000000,0.000000000,0.000000000
point-0005011,9346.849787698,277.835101924,210.639776445,281.500000000,0.000000000,0.000000000
point-0005012,9349.289050055,273.769664662,210.639776445,281.500000000,0.000000000,0.000000000
point-0005013,9350.006480160,273.114120029,211.639776445,281.500000000,0.000000000,0.000000000
point-0005014,9352.445742517,277.179557291,211.639776445,281.500000000,0.000000000,0.000000000
point-0005015,9353.163172622,276.524012658,212.639776445,281.500000000,0.000000000,0.000000000
point-0005016,9355.602434979,272.458575397,212.639776445,281.500000000,0.000000000,0.000000000
point-0005017,9356.319865084,271.803030764,213.639776445,281.500000000,0.000000000,0.000000000
point-0005018,9358.759127441,275.868468026,213.639776445,281.500000000,0.000000000,0.000000000
point-0005019,9359.476557546,275.212923393,214.639776445,281.500000000,0.000000000,0.000000000
point-0005020,9361.915819903,271.147486131,214.639776445,281.500000000,0.000000000,0.000000000
point-0005021,9362.633250008,270.491941499,215.639776445,281.500000000,0.000000000,0.000000000
point-0005022,9365.072512365,274.557378760,215.639776445,281.500000000,0.000000000,0.000000000
point-0005023,9365.789942470,273.901834128,216.639776445,281.500000000,0.000000000,0.000000000
point-0005024,9368.229204827,269.836396866,216.639776445,281.500000000,0.000000000,0.000000000
point-0005025,9368.946634932,269.180852233,217.639776445,281.500000000,0.000000000,0.000000000
point-0005026,9371.385897289,273.246289495,217.639776445,281.500000000,0.000000000,0.000000000
point-0005027,9372.103327394,272.590744862,218.639776445,281.500000000,0.000000000,0.000000000
point-0005028,9374.542589751,268.525307601,218.639776445,281.500000000,0.000000000,0.000000000
point-0005029,9375.260019856,267.869762968,219.639776445,281.500000000,0.000000000,0.000000000
point-0005030,9377.699282213,271.935200230,219.639776445,281.500000000,0.000000000,0.000000000
point-0005031,9378.416712318,271.279655597,220.639776445,281.500000000,0.000000000,0.000000000
point-0005032,9380.855974675,267.214218335,220.639776445,281.500000000,0.000000000,0.000000000
point-0005033,9381.573404780,266.558673702,221.639776445,281.500000000,0.000000000,0.000000000
point-0005034,9384.012667137,270.624110964,221.639776445,281.500000000,0.000000000,0.000000000
point-0005035,9384.730097242,269.968566331,222.639776445,281.500000000,0.000000000,0.000000000
point-0005036,9387.169359599,265.903129070,222.639776445,281.500000000,0.000000000,0.000000000
point-0005037,9387.886789704,265.247584437,223.639776445,281.500000000,0.000000000,0.000000000
point-0005038,9390.326052061,269.313021699,223.639776445,281.500000000,0.000000000,0.000000000
point-0005039,9391.043482166,268.657477066,224.639776445,281.500000000,0.000000000,0.000000000
point-0005040,9393.482744523,264.592039804,224.639776445,281.500000000,0.000000000,0.000000000
point-0005041,9394.200174628,263.936495172,225.639776445,281.500000000,0.000000000,0.000000000
point-0005042,9396.639436985,268.001932433,225.639776445,281.500000000,0.000000000,0.000000000
point-0005043,9397.356867090,267.346387801,226.639776445,281.500000000,0.000000000,0.000000000
point-0005044,9399.796129447,263.280950539,226.639776445,281.500000000,0.000000000,0.000000000
point-0005045,9400.513559552,262.625405906,227.639776445,281.500000000,0.000000000,0.000000000
point-0005046,9402.952821909,266.690843168,227.639776445,281.500000000,0.000000000,0.000000000
point-0005047,9403.670252014,266.035298535,228.639776445,281.500000000,0.000000000,0.000000000
point-0005048,9406.109514371,261.969861274,228.639776445,281.500000000,0.000000000,0.000000000
point-0005049,9406.826944476,261.314316641,229.639776445,281.500000000,0.000000000,0.000000000
point-0005050,9409.266206833,265.379753903,229.639776445,281.500000000,0.000000000,0.000000000
point-0005051,9409.983636938,264.724209270,230.639776445,281.500000000,0.000000000,0.000000000
point-0005052,9412.422899295,260.658772008,230.639776445,281.500000000,0.000000000,0.000000000
point-0005053,9413.140329400,260.003227376,231.639776445,281.500000000,0.000000000,0.000000000
point-0005054,9415.579591757,264.068664637,231.639776445,281.500000000,0.000000000,0.000000000
point-0005055,9416.297021862,263.413120005,232.639776445,281.500000000,0.000000000,0.000000000
point-0005056,9418.736284219,259.347682743,232.639776445,281.500000000,0.000000000,0.000000000
point-0005057,9419.453714324,258.692138110,233.639776445,281.500000000,0.000000000,0.000000000
point-0005058,9421.892976681,262.757575372,233.639776445,281.500000000,0.000000000,0.000000000
point-0005059,9422.610406786,262.102030739,234.639776445,281.500000000,0.000000000,0.000000000
point-0005060,9425.049669143,258.036593477,234.639776445,281.500000000,0.000000000,0.000000000
point-0005061,9425.767099248,257.381048845,235.639776445,281.500000000,0.000000000,0.000000000
point-0005062,9428.206361605,261.446486106,235.639776445,281.500000000,0.000000000,0.000000000
point-0005063,9428.923791710,260.790941474,236.639776445,281.500000000,0.000000000,0.000000000
point-0005064,9431.363054067,256.725504212,236.639776445,281.500000000,0.000000000,0.000000000
point-0005065,9432.080484172,256.069959579,237.639776445,281.500000000,0.000000000,0.000000000
point-0005066,9434.519746529,260.135396841,237.639776445,281.500000000,0.000000000,0.000000000
point-0005067,9435.237176634,259.479852208,238.639776445,281.500000000,0.000000000,0.000000000
point-0005068,9437.676438991,255.414414947,238.639776445,281.500000000,0.000000000,0.000000000
point-0005069,9438.393869096,254.758870314,239.639776445,281.500000000,0.000000000,0.000000000
point-0005070,9440.833131453,258.824307576,239.639776445,281.500000000,0.000000000,0.000000000
point-0005071,9441.550561558,258.168762943,240.639776445,281.500000000,0.000000000,0.000000000
point-0005072,9443.746593989,254.508708892,240.639776445,281.500000000,0.000000000,0.000000000
point-0005073,9444.840997130,256.034158038,241.639776445,281.500000000,0.000000000,0.000000000
point-0005074,9445.728433293,257.513218310,241.639776445,281.500000000,0.000000000,0.000000000
point-0005075,9474.596918204,280.980655622,199.639776445,282.000000000,0.000000000,0.000000000
point-0005076,9475.251216338,282.071152511,199.639776445,282.000000000,0.000000000,0.000000000
point-0005077,9476.345619478,283.596601657,200.639776445,282.000000000,0.000000000,0.000000000
point-0005078,9478.308513879,280.325110989,200.639776445,282.000000000,0.000000000,0.000000000
point-0005079,9479.025943984,279.669566356,201.639776445,282.000000000,0.000000000,0.000000000
point-0005080,9481.465206341,283.735003618,201.639776445,282.000000000,0.000000000,0.000000000
point-0005081,9482.182636446,283.079458985,202.639776445,282.000000000,0.000000000,0.000000000
point-0005082,9484.621898803,279.014021724,202.639776445,282.000000000,0.000000000,0.000000000
point-0005083,9485.339328908,278.358477091,203.639776445,282.000000000,0.000000000,0.000000000
point-0005084,9487.778591265,282.423914353,203.639776445,282.000000000,0.000000000,0.000000000
point-0005085,9488.496021370,281.768369720,204.639776445,282.000000000,0.000000000,0.000000000
point-0005086,9490.935283727,277.702932458,204.639776445,282.000000000,0.000000000,0.000000000
point-0005087,9491.652713832,277.047387826,205.639776445,282.000000000,0.000000000,0.000000000
point-0005088,9494.091976189,281.112825087,205.639776445,282.000000000,0.000000000,0.000000000
point-0005089,9494.809406294,280.457280455,206.639776445,282.000000000,0.000000000,0.000000000
point-0005090,9497.248668651,276.391843193,206.639776445,282.000000000,0.000000000,0.000000000
point-0005091,9497.966098756,275.736298560,207.639776445,282.000000000,0.000000000,0.000000000
point-0005092,9500.405361113,279.801735822,207.639776445,282.000000000,0.000000000,0.000000000
point-0005093,9501.122791218,279.146191189,208.639776445,282.000000000,0.000000000,0.000000000
point-0005094,9503.562053575,275.080753927,208.639776445,282.000000000,0.000000000,0.000000000
point-0005095,9504.279483680,274.425209295,209.639776445,282.000000000,0.000000000,0.000000000
point-0005096,9506.718746037,278.490646556,209.639776445,282.000000000,0.000000000,0.000000000
point-0005097,9507.436176142,277.835101924,210.639776445,282.000000000,0.000000000,0.000000000
point-0005098,9509.875438499,273.769664662,210.639776445,282.000000000,0.000000000,0.000000000
point-0005099,9510.592868604,273.114120029,211.639776445,282.000000000,0.000000000,0.000000000
point-0005100,9513.032130961,277.179557291,211.639776445,282.000000000,0.000000000,0.000000000
point-0005101,9513.749561066,276.524012658,212.639776445,282.000000000,0.000000000,0.000000000
point-0005102,9516.188823423,272.458575397,212.639776445,282.000000000,0.000000000,0.000000000
point-0005103,9516.906253528,271.803030764,213.639776445,282.000000000,0.000000000,0.000000000
point-0005104,9519.345515885,275.868468026,213.639776445,282.000000000,0.000000000,0.000000000
point-0005105,9520.062945990,275.212923393,214.639776445,282.000000000,0.000000000,0.000000000
point-0005106,9522.502208347,271.147486131,214.639776445,282.000000000,0.000000000,0.000000000
point-0005107,9523.219638452,270.491941499,215.639776445,282.000000000,0.000000000,0.000000000
point-0005108,9525.658900809,274.557378760,215.639776445,282.000000000,0.000000000,0.000000000
point-0005109,9526.376330914,273.901834128,216.639776445,282.000000000,0.000000000,0.000000000
point-0005110,9528.815593271,269.836396866,216.639776445,282.000000000,0.000000000,0.000000000
point-0005111,9529.533023376,269.180852233,217.639776445,282.000000000,0.000000000,0.000000000
point-0005112,9531.972285733,273.246289495,217.639776445,282.000000000,0.000000000,0.000000000
point-0005113,9532.689715838,272.590744862,218.639776445,282.000000000,0.000000000,0.000000000
point-0005114,9535.128978195,268.525307601,218.639776445,282.000000000,0.000000000,0.000000000
point-0005115,9535.846408300,267.869762968,219.639776445,282.000000000,0.000000000,0.000000000
point-0005116,9538.285670657,271.935200230,219.639776445,282.000000000,0.000000000,0.000000000
point-0005117,9539.003100762,271.279655597,220.639776445,282.000000000,0.000000000,0.000000000
point-0005118,9541.442363119,267.214218335,220.639776445,282.000000000,0.000000000,0.000000000
point-0005119,9542.159793224,266.558673702,221.639776445,282.000000000,0.000000000,0.000000000
point-0005120,9544.599055581,270.624110964,221.639776445,282.000000000,0.000000000,0.000000000
point-0005121,9545.316485686,269.968566331,222.639776445,282.000000000,0.000000000,0.000000000
point-0005122,9547.755748043,265.903129070,222.639776445,282.000000000,0.000000000,0.000000000
point-0005123,9548.473178148,265.247584437,223.639776445,282.000000000,0.000000000,0.000000000
point-0005124,9550.912440505,269.313021699,223.639776445,282.000000000,0.000000000,0.000000000
point-0005125,9551.629870610,268.657477066,224.639776445,282.000000000,0.000000000,0.000000000
point-0005126,9554.069132967,264.592039804,224.639776445,282.000000000,0.000000000,0.000000000
point-0005127,9554.786563072,263.936495172,225.639776445,282.000000000,0.000000000,0.000000000
point-0005128,9557.225825429,268.001932433,225.639776445,282.000000000,0.000000000,0.000000000
point-0005129,9557.943255534,267.346387801,226.639776445,282.000000000,0.000000000,0.000000000
point-0005130,9560.382517891,263.280950539,226.639776445,282.000000000,0.000000000,0.000000000
point-0005131,9561.099947996,262.625405906,227.639776445,282.000000000,0.000000000,0.000000000
point-0005132,9563.539210353,266.690843168,227.639776445,282.000000000,0.000000000,0.000000000
point-0005133,9564.256640458,266.035298535,228.639776445,282.000000000,0.000000000,0.000000000
point-0005134,9566.695902815,261.969861274,228.639776445,282.000000000,0.000000000,0.000000000
point-0005135,9567.413332920,261.314316641,229.639776445,282.000000000,0.000000000,0.000000000
point-0005136,9569.852595277,265.379753903,229.639776445,282.000000000,0.000000000,0.000000000
point-0005137,9570.570025382,264.724209270,230.639776445,282.000000000,0.000000000,0.000000000
point-0005138,9573.009287739,260.658772008,230.639776445,282.000000000,0.000000000,0.000000000
point-0005139,9573.726717844,260.003227376,231.639776445,282.000000000,0.000000000,0.000000000
point-0005140,9576.165980201,264.068664637,231.639776445,282.000000000,0.000000000,0.000000000
point-0005141,9576.883410306,263.413120005,232.639776445,282.000000000,0.000000000,0.000000000
point-0005142,9579.322672663,259.347682743,232.639776445,282.000000000,0.000000000,0.000000000
point-0005143,9580.040102768,258.692138110,233.639776445,282.000000000,0.000000000,0.000000000
point-0005144,9582.479365125,262.757575372,233.639776445,282.000000000,0.000000000,0.000000000
point-0005145,9583.196795230,262.102030739,234.639776445,282.000000000,0.000000000,0.000000000
point-0005146,9585.636057587,258.036593477,234.639776445,282.000000000,0.000000000,0.000000000
point-0005147,9586.353487692,257.381048845,235.639776445,282.000000000,0.000000000,0.000000000
point-0005148,9588.792750049,261.446486106,235.639776445,282.000000000,0.000000000,0.000000000
point-0005149,9589.510180154,260.790941474,236.639776445,282.000000000,0.000000000,0.000000000
point-0005150,9591.949442511,256.725504212,236.639776445,282.000000000,0.000000000,0.000000000
point-0005151,9592.666872616,256.069959579,237.639776445,282.000000000,0.000000000,0.000000000
point-0005152,9595.106134973,260.135396841,237.639776445,282.000000000,0.000000000,0.000000000
point-0005153,9595.823565078,259.479852208,238.639776445,282.000000000,0.000000000,0.000000000
point-0005154,9598.262827435,255.414414947,238.639776445,282.000000000,0.000000000,0.000000000
point-0005155,9598.980257540,254.758870314,239.639776445,282.000000000,0.000000000,0.000000000
point-0005156,9601.419519897,258.824307576,239.639776445,282.000000000,0.000000000,0.000000000
point-0005157,9602.136950002,258.168762943,240.639776445,282.000000000,0.000000000,0.000000000
point-0005158,9604.332982433,254.508708892,240.639776445,282.000000000,0.000000000,0.000000000
point-0005159,9605.427385574,256.034158038,241.639776445,282.000000000,0.000000000,0.000000000
point-0005160,9606.314821738,257.513218310,241.639776445,282.000000000,0.000000000,0.000000000
point-0005161,9635.183306648,280.980655622,199.639776445,282.500000000,0.000000000,0.000000000
point-0005162,9635.837604782,282.071152511,199.639776445,282.500000000,0.000000000,0.000000000
point-0005163,9636.932007923,283.596601657,200.639776445,282.500000000,0.000000000,0.000000000
point-0005164,9638.894902323,280.325110989,200.639776445,282.500000000,0.000000000,0.000000000
point-0005165,9639.612332428,279.669566356,201.639776445,282.500000000,0.000000000,0.000000000
point-0005166,9642.051594785,283.735003618,201.639776445,282.500000000,0.000000000,0.000000000
point-0005167,9642.769024890,283.079458985,202.639776445,282.500000000,0.000000000,0.000000000
point-0005168,9645.208287247,279.014021724,202.639776445,282.500000000,0.000000000,0.000000000
point-0005169,9645.925717352,278.358477091,203.639776445,282.500000000,0.000000000,0.000000000
point-0005170,9648.364979709,282.423914353,203.639776445,282.500000000,0.000000000,0.000000000
point-0005171,9649.082409814,281.768369720,204.639776445,282.500000000,0.000000000,0.000000000
point-0005172,9651.521672171,277.702932458,204.639776445,282.500000000,0.000000000,0.000000000
point-0005173,9652.239102276,277.047387826,205.639776445,282.500000000,0.000000000,0.000000000
point-0005174,9654.678364633,281.112825087,205.639776445,282.500000000,0.000000000,0.000000000
point-0005175,9655.395794738,280.457280455,206.639776445,282.500000000,0.000000000,0.000000000
point-0005176,9657.835057095,276.391843193,206.639776445,282.500000000,0.000000000,0.000000000
point-0005177,9658.552487200,275.736298560,207.639776445,282.500000000,0.000000000,0.000000000
point-0005178,9660.991749557,279.801735822,207.639776445,282.500000000,0.000000000,0.000000000
point-0005179,9661.709179662,279.146191189,208.639776445,282.500000000,0.000000000,0.000000000
point-0005180,9664.148442019,275.080753927,208.639776445,282.500000000,0.000000000,0.000000000
point-0005181,9664.865872124,274.425209295,209.639776445,282.500000000,0.000000000,0.000000000
point-0005182,9667.305134481,278.490646556,209.639776445,282.500000000,0.000000000,0.000000000
point-0005183,9668.022564586,277.835101924,210.639776445,282.500000000,0.000000000,0.000000000
point-0005184,9670.461826943,273.769664662,210.639776445,282.500000000,0.000000000,0.000000000
point-0005185,9671.179257048,273.114120029,211.639776445,282.500000000,0.000000000,0.000000000
point-0005186,9673.618519405,277.179557291,211.639776445,282.500000000,0.000000000,0.000000000
point-0005187,9674.335949510,276.524012658,212.639776445,282.500000000,0.000000000,0.000000000
point-0005188,9676.775211867,272.458575397,212.639776445,282.500000000,0.000000000,0.000000000
point-0005189,9677.492641972,271.803030764,213.639776445,282.500000000,0.000000000,0.000000000
point-0005190,9679.931904329,275.868468026,213.639776445,282.500000000,0.000000000,0.000000000
point-0005191,9680.649334434,275.212923393,214.639776445,282.500000000,0.000000000,0.000000000
point-0005192,9683.088596791,271.147486131,214.639776445,282.500000000,0.000000000,0.000000000
point-0005193,9683.806026896,270.491941499,215.639776445,282.500000000,0.000000000,0.000000000
point-0005194,9686.245289253,274.557378760,215.639776445,282.500000000,0.000000000,0.000000000
point-0005195,9686.962719358,273.901834128,216.639776445,282.500000000,0.000000000,0.000000000
point-0005196,9689.401981715,269.836396866,216.639776445,282.500000000,0.000000000,0.000000000
point-0005197,9690.119411820,269.180852233,217.639776445,282.500000000,0.000000000,0.000000000
point-0005198,9692.558674177,273.246289495,217.639776445,282.500000000,0.000000000,0.000000000
point-0005199,9693.276104282,272.590744862,218.639776445,282.500000000,0.000000000,0.000000000
point-0005200,9695.715366639,268.525307601,218.639776445,282.500000000,0.000000000,0.000000000
point-0005201,9696.432796744,267.869762968,219.639776445,282.500000000,0.000000000,0.000000000
point-0005202,9698.872059101,271.935200230,219.639776445,282.500000000,0.000000000,0.000000000
point-0005203,9699.589489206,271.279655597,220.639776445,282.500000000,0.000000000,0.000000000
point-0005204,9702.028751563,267.214218335,220.639776445,282.500000000,0.000000000,0.000000000
point-0005205,9702.746181668,266.558673702,221.639776445,282.500000000,0.000000000,0.000000000
point-0005206,9705.185444025,270.624110964,221.639776445,282.500000000,0.000000000,0.000000000
point-0005207,9705.902874130,269.968566331,222.639776445,282.500000000,0.000000000,0.000000000
point-0005208,9708.342136487,265.903129070,222.639776445,282.500000000,0.000000000,0.000000000
point-0005209,9709.059566592,265.247584437,223.639776445,282.500000000,0.000000000,0.000000000
point-0005210,9711.498828949,269.313021699,223.639776445,282.500000000,0.000000000,0.000000000
point-0005211,9712.216259054,268.657477066,224.639776445,282.500000000,0.000000000,0.000000000
point-0005212,9714.655521411,264.592039804,224.639776445,282.500000000,0.000000000,0.000000000
point-0005213,9715.372951516,263.936495172,225.639776445,282.500000000,0.000000000,0.000000000
point-0005214,9717.812213873,268.001932433,225.639776445,282.500000000,0.000000000,0.000000000
point-0005215,9718.529643978,267.346387801,226.639776445,282.500000000,0.000000000,0.000000000
point-0005216,9720.968906335,263.280950539,226.639776445,282.500000000,0.000000000,0.000000000
point-0005217,9721.686336440,262.625405906,227.639776445,282.500000000,0.000000000,0.000000000
point-0005218,9724.125598797,266.690843168,227.639776445,282.500000000,0.000000000,0.000000000
point-0005219,9724.843028902,266.035298535,228.639776445,282.500000000,0.000000000,0.000000000
point-0005220,9727.282291259,261.969861274,228.639776445,282.500000000,0.000000000,0.000000000
point-0005221,9727.999721364,261.314316641,229.639776445,282.500000000,0.000000000,0.000000000
point-0005222,9730.438983721,265.379753903,229.639776445,282.500000000,0.000000000,0.000000000
point-0005223,9731.156413826,264.724209270,230.639776445,282.500000000,0.000000000,0.000000000
point-0005224,9733.595676183,260.658772008,230.639776445,282.500000000,0.000000000,0.000000000
point-0005225,9734.313106288,260.003227376,231.639776445,282.500000000,0.000000000,0.000000000
point-0005226,9736.752368645,264.068664637,231.639776445,282.500000000,0.000000000,0.000000000
point-0005227,9737.469798750,263.413120005,232.639776445,282.500000000,0.000000000,0.000000000
point-0005228,9739.909061107,259.347682743,232.639776445,282.500000000,0.000000000,0.000000000
point-0005229,9740.626491212,258.692138110,233.639776445,282.500000000,0.000000000,0.000000000
point-0005230,9743.065753569,262.757575372,233.639776445,282.500000000,0.000000000,0.000000000
point-0005231,9743.783183674,262.102030739,234.639776445,282.500000000,0.000000000,0.000000000
point-0005232,9746.222446031,258.036593477,234.639776445,282.500000000,0.000000000,0.000000000
point-0005233,9746.939876136,257.381048845,235.639776445,282.500000000,0.000000000,0.000000000
point-0005234,9749.379138493,261.446486106,235.639776445,282.500000000,0.000000000,0.000000000
point-0005235,9750.096568598,260.790941474,236.639776445,282.500000000,0.000000000,0.000000000
point-0005236,9752.535830955,256.725504212,236.639776445,282.500000000,0.000000000,0.000000000
point-0005237,9753.253261060,256.069959579,237.639776445,282.500000000,0.000000000,0.000000000
point-0005238,9755.692523417,260.135396841,237.639776445,282.500000000,0.000000000,0.000000000
point-0005239,9756.409953522,259.479852208,238.639776445,282.500000000,0.000000000,0.000000000
point-0005240,9758.849215879,255.414414947,238.639776445,282.500000000,0.000000000,0.000000000
point-0005241,9759.566645984,254.758870314,239.639776445,282.500000000,0.000000000,0.000000000
point-0005242,9762.005908341,258.824307576,239.639776445,282.500000000,0.000000000,0.000000000
point-0005243,9762.723338446,258.168762943,240.639776445,282.500000000,0.000000000,0.000000000
point-0005244,9764.919370877,254.508708892,240.639776445,282.500000000,0.000000000,0.000000000
point-0005245,9766.013774018,256.034158038,241.639776445,282.500000000,0.000000000,0.000000000
point-0005246,9766.901210182,257.513218310,241.639776445,282.500000000,0.000000000,0.000000000
point-0005247,9795.769695092,280.980655622,199.639776445,283.000000000,0.000000000,0.000000000
point-0005248,9796.423993226,282.071152511,199.639776445,283.000000000,0.000000000,0.000000000
point-0005249,9797.518396367,283.596601657,200.639776445,283.000000000,0.000000000,0.000000000
point-0005250,9799.481290767,280.325110989,200.639776445,283.000000000,0.000000000,0.000000000
point-0005251,9800.198720872,279.669566356,201.639776445,283.000000000,0.000000000,0.000000000
point-0005252,9802.637983229,283.735003618,201.639776445,283.000000000,0.000000000,0.000000000
point-0005253,9803.355413334,283.079458985,202.639776445,283.000000000,0.000000000,0.000000000
point-0005254,9805.794675691,279.014021724,202.639776445,283.000000000,0.000000000,0.000000000
point-0005255,9806.512105796,278.358477091,203.639776445,283.000000000,0.000000000,0.000000000
point-0005256,9808.951368153,282.423914353,203.639776445,283.000000000,0.000000000,0.000000000
point-0005257,9809.668798258,281.768369720,204.639776445,283.000000000,0.000000000,0.000000000
point-0005258,9812.108060615,277.702932458,204.639776445,283.000000000,0.000000000,0.000000000
point-0005259,9812.825490720,277.047387826,205.639776445,283.000000000,0.000000000,0.000000000
point-0005260,9815.264753077,281.112825087,205.639776445,283.000000000,0.000000000,0.000000000
point-0005261,9815.982183182,280.457280455,206.639776445,283.000000000,0.000000000,0.000000000
point-0005262,9818.421445539,276.391843193,206.639776445,283.000000000,0.000000000,0.000000000
point-0005263,9819.138875644,275.736298560,207.639776445,283.000000000,0.000000000,0.000000000
point-0005264,9821.578138001,279.801735822,207.639776445,283.000000000,0.000000000,0.000000000
point-0005265,9822.295568106,279.146191189,208.639776445,283.000000000,0.000000000,0.000000000
point-0005266,9824.734830463,275.080753927,208.639776445,283.000000000,0.000000000,0.000000000
point-0005267,9825.452260568,274.425209295,209.639776445,283.000000000,0.000000000,0.000000000
point-0005268,9827.891522925,278.490646556,209.639776445,283.000000000,0.000000000,0.000000000
point-0005269,9828.608953030,277.835101924,210.639776445,283.000000000,0.000000000,0.000000000
point-0005270,9831.048215387,273.769664662,210.639776445,283.000000000,0.000000000,0.000000000
point-0005271,9831.765645492,273.114120029,211.639776445,283.000000000,0.000000000,0.000000000
point-0005272,9834.204907849,277.179557291,211.639776445,283.000000000,0.000000000,0.000000000
point-0005273,9834.922337954,276.524012658,212.639776445,283.000000000,0.000000000,0.000000000
point-0005274,9837.361600311,272.458575397,212.639776445,283.000000000,0.000000000,0.000000000
point-0005275,9838.079030416,271.803030764,213.639776445,283.000000000,0.000000000,0.000000000
point-0005276,9840.518292773,275.868468026,213.639776445,283.000000000,0.000000000,0.000000000
point-0005277,9841.235722878,275.212923393,214.639776445,283.000000000,0.000000000,0.000000000
point-0005278,9843.674985235,271.147486131,214.639776445,283.000000000,0.000000000,0.000000000
point-0005279,9844.392415340,270.491941499,215.639776445,283.000000000,0.000000000,0.000000000
point-0005280,9846.831677697,274.557378760,215.639776445,283.000000000,0.000000000,0.000000000
point-0005281,9847.549107802,273.901834128,216.639776445,283.000000000,0.000000000,0.000000000
point-0005282,9849.988370159,269.836396866,216.639776445,283.000000000,0.000000000,0.000000000
point-0005283,9850.705800264,269.180852233,217.639776445,283.000000000,0.000000000,0.000000000
point-0005284,9853.145062621,273.246289495,217.639776445,283.000000000,0.000000000,0.000000000
point-0005285,9853.862492726,272.590744862,218.639776445,283.000000000,0.000000000,0.000000000
point-0005286,9856.301755083,268.525307601,218.639776445,283.000000000,0.000000000,0.000000000
point-0005287,9857.019185188,267.869762968,219.639776445,283.000000000,0.000000000,0.000000000
point-0005288,9859.458447545,271.935200230,219.639776445,283.000000000,0.000000000,0.000000000
point-0005289,9860.175877650,271.279655597,220.639776445,283.000000000,0.000000000,0.000000000
point-0005290,9862.615140007,267.214218335,220.639776445,283.000000000,0.000000000,0.000000000
point-0005291,9863.332570112,266.558673702,221.639776445,283.000000000,0.000000000,0.000000000
point-0005292,9865.771832469,270.624110964,221.639776445,283.000000000,0.000000000,0.000000000
point-0005293,9866.489262574,269.968566331,222.639776445,283.000000000,0.000000000,0.000000000
point-0005294,9868.928524931,265.903129070,222.639776445,283.000000000,0.000000000,0.000000000
point-0005295,9869.645955036,265.247584437,223.639776445,283.000000000,0.000000000,0.000000000
point-0005296,9872.085217393,269.313021699,223.639776445,283.000000000,0.000000000,0.000000000
point-0005297,9872.802647498,268.657477066,224.639776445,283.000000000,0.000000000,0.000000000
point-0005298,9875.241909855,264.592039804,224.639776445,283.000000000,0.000000000,0.000000000
point-0005299,9875.959339960,263.936495172,225.639776445,283.000000000,0.000000000,0.000000000
point-0005300,9878.398602318,268.001932433,225.639776445,283.000000000,0.000000000,0.000000000
point-0005301,9879.116032423,267.346387801,226.639776445,283.000000000,0.000000000,0.000000000
point-0005302,9881.555294780,263.280950539,226.639776445,283.000000000,0.000000000,0.000000000
point-0005303,9882.272724885,262.625405906,227.639776445,283.000000000,0.000000000,0.000000000
point-0005304,9884.711987242,266.690843168,227.639776445,283.000000000,0.000000000,0.000000000
point-0005305,9885.429417347,266.035298535,228.639776445,283.000000000,0.000000000,0.000000000
point-0005306,9887.868679704,261.969861274,228.639776445,283.000000000,0.000000000,0.000000000
point-0005307,9888.586109809,261.314316641,229.639776445,283.000000000,0.000000000,0.000000000
point-0005308,9891.025372166,265.379753903,229.639776445,283.000000000,0.000000000,0.000000000
point-0005309,9891.742802271,264.724209270,230.639776445,283.000000000,0.000000000,0.000000000
point-0005310,9894.182064628,260.658772008,230.639776445,283.000000000,0.000000000,0.000000000
point-0005311,9894.899494733,260.003227376,231.639776445,283.000000000,0.000000000,0.000000000
point-0005312,9897.338757090,264.068664637,231.639776445,283.000000000,0.000000000,0.000000000
point-0005313,9898.056187195,263.413120005,232.639776445,283.000000000,0.000000000,0.000000000
point-0005314,9900.495449552,259.347682743,232.639776445,283.000000000,0.000000000,0.000000000
point-0005315,9901.212879657,258.692138110,233.639776445,283.000000000,0.000000000,0.000000000
point-0005316,9903.652142014,262.757575372,233.639776445,283.000000000,0.000000000,0.000000000
point-0005317,9904.369572119,262.102030739,234.639776445,283.000000000,0.000000000,0.000000000
point-0005318,9906.808834476,258.036593477,234.639776445,283.000000000,0.000000000,0.000000000
point-0005319,9907.526264581,257.381048845,235.639776445,283.000000000,0.000000000,0.000000000
point-0005320,9909.965526938,261.446486106,235.639776445,283.000000000,0.000000000,0.000000000
point-0005321,9910.682957043,260.790941474,236.639776445,283.000000000,0.000000000,0.000000000
point-0005322,9913.122219400,256.725504212,236.639776445,283.000000000,0.000000000,0.000000000
point-0005323,9913.839649505,256.069959579,237.639776445,283.000000000,0.000000000,0.000000000
point-0005324,9916.278911862,260.135396841,237.639776445,283.000000000,0.000000000,0.000000000
point-0005325,9916.996341967,259.479852208,238.639776445,283.000000000,0.000000000,0.000000000
point-0005326,9919.435604324,255.414414947,238.639776445,283.000000000,0.000000000,0.000000000
point-0005327,9920.153034429,254.758870314,239.639776445,283.000000000,0.000000000,0.000000000
point-0005328,9922.592296786,258.824307576,239.639776445,283.000000000,0.000000000,0.000000000
point-0005329,9923.309726891,258.168762943,240.639776445,283.000000000,0.000000000,0.000000000
point-0005330,9925.505759321,254.508708892,240.639776445,283.000000000,0.000000000,0.000000000
point-0005331,9926.600162462,256.034158038,241.639776445,283.000000000,0.000000000,0.000000000
point-0005332,9927.487598626,257.513218310,241.639776445,283.000000000,0.000000000,0.000000000
point-0005333,9956.356083536,280.980655622,199.639776445,283.500000000,0.000000000,0.000000000
point-0005334,9957.010381670,282.071152511,199.639776445,283.500000000,0.000000000,0.000000000
point-0005335,9958.104784811,283.596601657,200.639776445,283.500000000,0.000000000,0.000000000
point-0005336,9960.067679211,280.325110989,200.639776445,283.500000000,0.000000000,0.000000000
point-0005337,9960.785109316,279.669566356,201.639776445,283.500000000,0.000000000,0.000000000
point-0005338,9963.224371673,283.735003618,201.639776445,283.500000000,0.000000000,0.000000000
point-0005339,9963.941801778,283.079458985,202.639776445,283.500000000,0.000000000,0.000000000
point-0005340,9966.381064135,279.014021724,202.639776445,283.500000000,0.000000000,0.000000000
point-0005341,9967.098494240,278.358477091,203.639776445,283.500000000,0.000000000,0.000000000
point-0005342,9969.537756597,282.423914353,203.639776445,283.500000000,0.000000000,0.000000000
point-0005343,9970.255186702,281.768369720,204.639776445,283.500000000,0.000000000,0.000000000
point-0005344,9972.694449059,277.702932458,204.639776445,283.500000000,0.000000000,0.000000000
point-0005345,9973.411879164,277.047387826,205.639776445,283.500000000,0.000000000,0.000000000
point-0005346,9975.851141521,281.112825087,205.639776445,283.500000000,0.000000000,0.000000000
point-0005347,9976.568571626,280.457280455,206.639776445,283.500000000,0.000000000,0.000000000
point-0005348,9979.007833983,276.391843193,206.639776445,283.500000000,0.000000000,0.000000000
point-0005349,9979.725264088,275.736298560,207.639776445,283.500000000,0.000000000,0.000000000
point-0005350,9982.164526445,279.801735822,207.639776445,283.500000000,0.000000000,0.000000000
point-0005351,9982.881956551,279.146191189,208.639776445,283.500000000,0.000000000,0.000000000
point-0005352,9985.321218908,275.080753927,208.639776445,283.500000000,0.000000000,0.000000000
point-0005353,9986.038649013,274.425209295,209.639776445,283.500000000,0.000000000,0.000000000
point-0005354,9988.477911370,278.490646556,209.639776445,283.500000000,0.000000000,0.000000000
point-0005355,9989.195341475,277.835101924,210.639776445,283.500000000,0.000000000,0.000000000
point-0005356,9991.634603832,273.769664662,210.639776445,283.500000000,0.000000000,0.000000000
point-0005357,9992.352033937,273.114120029,211.639776445,283.500000000,0.000000000,0.000000000
point-0005358,9994.791296294,277.179557291,211.639776445,283.500000000,0.000000000,0.000000000
point-0005359,9995.508726399,276.524012658,212.639776445,283.500000000,0.000000000,0.000000000
point-0005360,9997.947988756,272.458575397,212.639776445,283.500000000,0.000000000,0.000000000
point-0005361,9998.665418861,271.803030764,213.639776445,283.500000000,0.000000000,0.000000000
point-0005362,10001.104681218,275.868468026,213.639776445,283.500000000,0.000000000,0.000000000
point-0005363,10001.822111323,275.212923393,214.639776445,283.500000000,0.000000000,0.000000000
point-0005364,10004.261373680,271.147486131,214.639776445,283.500000000,0.000000000,0.000000000
point-0005365,10004.978803785,270.491941499,215.639776445,283.500000000,0.000000000,0.000000000
point-0005366,10007.418066142,274.557378760,215.639776445,283.500000000,0.000000000,0.000000000
point-0005367,10008.135496247,273.901834128,216.639776445,283.500000000,0.000000000,0.000000000
point-0005368,10010.574758604,269.836396866,216.639776445,283.500000000,0.000000000,0.000000000
point-0005369,10011.292188709,269.180852233,217.639776445,283.500000000,0.000000000,0.000000000
point-0005370,10013.731451066,273.246289495,217.639776445,283.500000000,0.000000000,0.000000000
point-0005371,10014.448881171,272.590744862,218.639776445,283.500000000,0.000000000,0.000000000
point-0005372,10016.888143528,268.525307601,218.639776445,283.500000000,0.000000000,0.000000000
point-0005373,10017.605573633,267.869762968,219.639776445,283.500000000,0.000000000,0.000000000
point-0005374,10020.044835990,271.935200230,219.639776445,283.500000000,0.000000000,0.000000000
point-0005375,10020.762266095,271.279655597,220.639776445,283.500000000,0.000000000,0.000000000
point-0005376,10023.201528452,267.214218335,220.639776445,283.500000000,0.000000000,0.000000000
point-0005377,10023.918958557,266.558673702,221.639776445,283.500000000,0.000000000,0.000000000
point-0005378,10026.358220914,270.624110964,221.639776445,283.500000000,0.000000000,0.000000000
point-0005379,10027.075651019,269.968566331,222.639776445,283.500000000,0.000000000,0.000000000
point-0005380,10029.514913376,265.903129070,222.639776445,283.500000000,0.000000000,0.000000000
point-0005381,10030.232343481,265.247584437,223.639776445,283.500000000,0.000000000,0.000000000
point-0005382,10032.671605838,269.313021699,223.639776445,283.500000000,0.000000000,0.000000000
point-0005383,10033.389035943,268.657477066,224.639776445,283.500000000,0.000000000,0.000000000
point-0005384,10035.828298300,264.592039804,224.639776445,283.500000000,0.000000000,0.000000000
point-0005385,10036.545728405,263.936495172,225.639776445,283.500000000,0.000000000,0.000000000
point-0005386,10038.984990762,268.001932433,225.639776445,283.500000000,0.000000000,0.000000000
point-0005387,10039.702420867,267.346387801,226.639776445,283.500000000,0.000000000,0.000000000
point-0005388,10042.141683224,263.280950539,226.639776445,283.500000000,0.000000000,0.000000000
point-0005389,10042.859113329,262.625405906,227.639776445,283.500000000,0.000000000,0.000000000
point-0005390,10045.298375686,266.690843168,227.639776445,283.500000000,0.000000000,0.000000000
point-0005391,10046.015805791,266.035298535,228.639776445,283.500000000,0.000000000,0.000000000
point-0005392,10048.455068148,261.969861274,228.639776445,283.500000000,0.000000000,0.000000000
point-0005393,10049.172498253,261.314316641,229.639776445,283.500000000,0.000000000,0.000000000
point-0005394,10051.611760610,265.379753903,229.639776445,283.500000000,0.000000000,0.000000000
point-0005395,10052.329190715,264.724209270,230.639776445,283.500000000,0.000000000,0.000000000
point-0005396,10054.768453072,260.658772008,230.639776445,283.500000000,0.000000000,0.000000000
point-0005397,10055.485883177,260.003227376,231.639776445,283.500000000,0.000000000,0.000000000
point-0005398,10057.925145534,264.068664637,231.639776445,283.500000000,0.000000000,0.000000000
point-0005399,10058.642575639,263.413120005,232.639776445,283.500000000,0.000000000,0.000000000
point-0005400,10061.081837996,259.347682743,232.639776445,283.500000000,0.000000000,0.000000000
point-0005401,10061.799268101,258.692138110,233.639776445,283.500000000,0.000000000,0.000000000
point-0005402,10064.238530458,262.757575372,233.639776445,283.500000000,0.000000000,0.000000000
point-0005403,10064.955960563,262.102030739,234.639776445,283.500000000,0.000000000,0.000000000
point-0005404,10067.395222920,258.036593477,234.639776445,283.500000000,0.000000000,0.000000000
point-0005405,10068.112653025,257.381048845,235.639776445,283.500000000,0.000000000,0.000000000
point-0005406,10070.551915382,261.446486106,235.639776445,283.500000000,0.000000000,0.000000000
point-0005407,10071.269345487,260.790941474,236.639776445,283.500000000,0.000000000,0.000000000
point-0005408,10073.708607844,256.725504212,236.639776445,283.500000000,0.000000000,0.000000000
point-0005409,10074.426037949,256.069959579,237.639776445,283.500000000,0.000000000,0.000000000
point-0005410,10076.865300306,260.135396841,237.639776445,283.500000000,0.000000000,0.000000000
point-0005411,10077.582730411,259.479852208,238.639776445,283.500000000,0.000000000,0.000000000
point-0005412,10080.021992768,255.414414947,238.639776445,283.500000000,0.000000000,0.000000000
point-0005413,10080.739422873,254.758870314,239.639776445,283.500000000,0.000000000,0.000000000
point-0005414,10083.178685230,258.824307576,239.639776445,283.500000000,0.000000000,0.000000000
point-0005415,10083.896115335,258.168762943,240.639776445,283.500000000,0.000000000,0.000000000
point-0005416,10086.092147765,254.508708892,240.639776445,283.500000000,0.000000000,0.000000000
point-0005417,10087.186550906,256.034158038,241.639776445,283.500000000,0.000000000,0.000000000
point-0005418,10088.073987070,257.513218310,241.639776445,283.500000000,0.000000000,0.000000000
point-0005419,10116.942471980,280.980655622,199.639776445,284.000000000,0.000000000,0.000000000
point-0005420,10117.596770114,282.071152511,199.639776445,284.000000000,0.000000000,0.000000000
point-0005421,10118.691173255,283.596601657,200.639776445,284.000000000,0.000000000,0.000000000
point-0005422,10120.654067656,280.325110989,200.639776445,284.000000000,0.000000000,0.000000000
point-0005423,10121.371497761,279.669566356,201.639776445,284.000000000,0.000000000,0.000000000
point-0005424,10123.810760118,283.735003618,201.639776445,284.000000000,0.000000000,0.000000000
point-0005425,10124.528190223,283.079458985,202.639776445,284.000000000,0.000000000,0.000000000
point-0005426,10126.967452580,279.014021724,202.639776445,284.000000000,0.000000000,0.000000000
point-0005427,10127.684882685,278.358477091,203.639776445,284.000000000,0.000000000,0.000000000
point-0005428,10130.124145042,282.423914353,203.639776445,284.000000000,0.000000000,0.000000000
point-0005429,10130.841575147,281.768369720,204.639776445,284.000000000,0.000000000,0.000000000
point-0005430,10133.280837504,277.702932458,204.639776445,284.000000000,0.000000000,0.000000000
point-0005431,10133.998267609,277.047387826,205.639776445,284.000000000,0.000000000,0.000000000
point-0005432,10136.437529966,281.112825087,205.639776445,284.000000000,0.000000000,0.000000000
point-0005433,10137.154960071,280.457280455,206.639776445,284.000000000,0.000000000,0.000000000
point-0005434,10139.594222428,276.391843193,206.639776445,284.000000000,0.000000000,0.000000000
point-0005435,10140.311652533,275.736298560,207.639776445,284.000000000,0.000000000,0.000000000
point-0005436,10142.750914890,279.801735822,207.639776445,284.000000000,0.000000000,0.000000000
point-0005437,10143.468344995,279.146191189,208.639776445,284.000000000,0.000000000,0.000000000
point-0005438,10145.907607352,275.080753927,208.639776445,284.000000000,0.000000000,0.000000000
point-0005439,10146.625037457,274.425209295,209.639776445,284.000000000,0.000000000,0.000000000
point-0005440,10149.064299814,278.490646556,209.639776445,284.000000000,0.000000000,0.000000000
point-0005441,10149.781729919,277.835101924,210.639776445,284.000000000,0.000000000,0.000000000
point-0005442,10152.220992276,273.769664662,210.639776445,284.000000000,0.000000000,0.000000000
point-0005443,10152.938422381,273.114120029,211.639776445,284.000000000,0.000000000,0.000000000
point-0005444,10155.377684738,277.179557291,211.639776445,284.000000000,0.000000000,0.000000000
point-0005445,10156.095114843,276.524012658,212.639776445,284.000000000,0.000000000,0.000000000
point-0005446,10158.534377200,272.458575397,212.639776445,284.000000000,0.000000000,0.000000000
point-0005447,10159.251807305,271.803030764,213.639776445,284.000000000,0.000000000,0.000000000
point-0005448,10161.691069662,275.868468026,213.639776445,284.000000000,0.000000000,0.000000000
point-0005449,10162.408499767,275.212923393,214.639776445,284.000000000,0.000000000,0.000000000
point-0005450,10164.847762124,271.147486131,214.639776445,284.000000000,0.000000000,0.000000000
point-0005451,10165.565192229,270.491941499,215.639776445,284.000000000,0.000000000,0.000000000
point-0005452,10168.004454586,274.557378760,215.639776445,284.000000000,0.000000000,0.000000000
point-0005453,10168.721884691,273.901834128,216.639776445,284.000000000,0.000000000,0.000000000
point-0005454,10171.161147048,269.836396866,216.639776445,284.000000000,0.000000000,0.000000000
point-0005455,10171.878577153,269.180852233,217.639776445,284.000000000,0.000000000,0.000000000
point-0005456,10174.317839510,273.246289495,217.639776445,284.000000000,0.000000000,0.000000000
point-0005457,10175.035269615,272.590744862,218.639776445,284.000000000,0.000000000,0.000000000
point-0005458,10177.474531972,268.525307601,218.639776445,284.000000000,0.000000000,0.000000000
point-0005459,10178.191962077,267.869762968,219.639776445,284.000000000,0.000000000,0.000000000
point-0005460,10180.631224434,271.935200230,219.639776445,284.000000000,0.000000000,0.000000000
point-0005461,10181.348654539,271.279655597,220.639776445,284.000000000,0.000000000,0.000000000
point-0005462,10183.787916896,267.214218335,220.639776445,284.000000000,0.000000000,0.000000000
point-0005463,10184.505347001,266.558673702,221.639776445,284.000000000,0.000000000,0.000000000
point-0005464,10186.944609358,270.624110964,221.639776445,284.000000000,0.000000000,0.000000000
point-0005465,10187.662039463,269.968566331,222.639776445,284.000000000,0.000000000,0.000000000
point-0005466,10190.101301820,265.903129070,222.639776445,284.000000000,0.000000000,0.000000000
point-0005467,10190.818731925,265.247584437,223.639776445,284.000000000,0.000000000,0.000000000
point-0005468,10193.257994282,269.313021699,223.639776445,284.000000000,0.000000000,0.000000000
point-0005469,10193.975424387,268.657477066,224.639776445,284.000000000,0.000000000,0.000000000
point-0005470,10196.414686744,264.592039804,224.639776445,284.000000000,0.000000000,0.000000000
point-0005471,10197.132116849,263.936495172,225.639776445,284.000000000,0.000000000,0.000000000
point-0005472,10199.571379206,268.001932433,225.639776445,284.000000000,0.000000000,0.000000000
point-0005473,10200.288809311,267.346387801,226.639776445,284.000000000,0.000000000,0.000000000
point-0005474,10202.728071668,263.280950539,226.639776445,284.000000000,0.000000000,0.000000000
point-0005475,10203.445501773,262.625405906,227.639776445,284.000000000,0.000000000,0.000000000
point-0005476,10205.884764130,266.690843168,227.639776445,284.000000000,0.000000000,0.000000000
point-0005477,10206.602194235,266.035298535,228.639776445,284.000000000,0.000000000,0.000000000
point-0005478,10209.041456592,261.969861274,228.639776445,284.000000000,0.000000000,0.000000000
point-0005479,10209.758886697,261.314316641,229.639776445,284.000000000,0.000000000,0.000000000
point-0005480,10212.198149054,265.379753903,229.639776445,284.000000000,0.000000000,0.000000000
point-0005481,10212.915579159,264.724209270,230.639776445,284.000000000,0.000000000,0.000000000
point-0005482,10215.354841516,260.658772008,230.639776445,284.000000000,0.000000000,0.000000000
point-0005483,10216.072271621,260.003227376,231.639776445,284.000000000,0.000000000,0.000000000
point-0005484,10218.511533978,264.068664637,231.639776445,284.000000000,0.000000000,0.000000000
point-0005485,10219.228964083,263.413120005,232.639776445,284.000000000,0.000000000,0.000000000
point-0005486,10221.668226440,259.347682743,232.639776445,284.000000000,0.000000000,0.000000000
point-0005487,10222.385656545,258.692138110,233.639776445,284.000000000,0.000000000,0.000000000
point-0005488,10224.824918902,262.757575372,233.639776445,284.000000000,0.000000000,0.000000000
point-0005489,10225.542349007,262.102030739,234.639776445,284.000000000,0.000000000,0.000000000
point-0005490,10227.981611364,258.036593477,234.639776445,284.000000000,0.000000000,0.000000000
point-0005491,10228.699041469,257.381048845,235.639776445,284.000000000,0.000000000,0.000000000
point-0005492,10231.138303826,261.446486106,235.639776445,284.000000000,0.000000000,0.000000000
point-0005493,10231.855733931,260.790941474,236.639776445,284.000000000,0.000000000,0.000000000
point-0005494,10234.294996288,256.725504212,236.639776445,284.000000000,0.000000000,0.000000000
point-0005495,10235.012426393,256.069959579,237.639776445,284.000000000,0.000000000,0.000000000
point-0005496,10237.451688750,260.135396841,237.639776445,284.000000000,0.000000000,0.000000000
point-0005497,10238.169118855,259.479852208,238.639776445,284.000000000,0.000000000,0.000000000
point-0005498,10240.608381212,255.414414947,238.639776445,284.000000000,0.000000000,0.000000000
point-0005499,10241.325811317,254.758870314,239.639776445,284.000000000,0.000000000,0.000000000
point-0005500,10243.765073674,258.824307576,239.639776445,284.000000000,0.000000000,0.000000000
point-0005501,10244.482503779,258.168762943,240.639776445,284.000000000,0.000000000,0.000000000
point-0005502,10246.678536210,254.508708892,240.639776445,284.000000000,0.000000000,0.000000000
point-0005503,10247.772939350,256.034158038,241.639776445,284.000000000,0.000000000,0.000000000
point-0005504,10248.660375514,257.513218310,241.639776445,284.000000000,0.000000000,0.000000000
point-0005505,10277.528860425,280.980655622,199.639776445,284.500000000,0.000000000,0.000000000
point-0005506,10278.183158558,282.071152511,199.639776445,284.500000000,0.000000000,0.000000000
point-0005507,10279.277561699,283.596601657,200.639776445,284.500000000,0.000000000,0.000000000
point-0005508,10281.240456100,280.325110989,200.639776445,284.500000000,0.000000000,0.000000000
point-0005509,10281.957886205,279.669566356,201.639776445,284.500000000,0.000000000,0.000000000
point-0005510,10284.397148562,283.735003618,201.639776445,284.500000000,0.000000000,0.000000000
point-0005511,10285.114578667,283.079458985,202.639776445,284.500000000,0.000000000,0.000000000
point-0005512,10287.553841024,279.014021724,202.639776445,284.500000000,0.000000000,0.000000000
point-0005513,10288.271271129,278.358477091,203.639776445,284.500000000,0.000000000,0.000000000
point-0005514,10290.710533486,282.423914353,203.639776445,284.500000000,0.000000000,0.000000000
point-0005515,10291.427963591,281.768369720,204.639776445,284.500000000,0.000000000,0.000000000
point-0005516,10293.867225948,277.702932458,204.639776445,284.500000000,0.000000000,0.000000000
point-0005517,10294.584656053,277.047387826,205.639776445,284.500000000,0.000000000,0.000000000
point-0005518,10297.023918410,281.112825087,205.639776445,284.500000000,0.000000000,0.000000000
point-0005519,10297.741348515,280.457280455,206.639776445,284.500000000,0.000000000,0.000000000
point-0005520,10300.180610872,276.391843193,206.639776445,284.500000000,0.000000000,0.000000000
point-0005521,10300.898040977,275.736298560,207.639776445,284.500000000,0.000000000,0.000000000
point-0005522,10303.337303334,279.801735822,207.639776445,284.500000000,0.000000000,0.000000000
point-0005523,10304.054733439,279.146191189,208.639776445,284.500000000,0.000000000,0.000000000
point-0005524,10306.493995796,275.080753927,208.639776445,284.500000000,0.000000000,0.000000000
point-0005525,10307.211425901,274.425209295,209.639776445,284.500000000,0.000000000,0.000000000
point-0005526,10309.650688258,278.490646556,209.639776445,284.500000000,0.000000000,0.000000000
point-0005527,10310.368118363,277.835101924,210.639776445,284.500000000,0.000000000,0.000000000
point-0005528,10312.807380720,273.769664662,210.639776445,284.500000000,0.000000000,0.000000000
point-0005529,10313.524810825,273.114120029,211.639776445,284.500000000,0.000000000,0.000000000
point-0005530,10315.964073182,277.179557291,211.639776445,284.500000000,0.000000000,0.000000000
point-0005531,10316.681503287,276.524012658,212.639776445,284.500000000,0.000000000,0.000000000
point-0005532,10319.120765644,272.458575397,212.639776445,284.500000000,0.000000000,0.000000000
point-0005533,10319.838195749,271.803030764,213.639776445,284.500000000,0.000000000,0.000000000
point-0005534,10322.277458106,275.868468026,213.639776445,284.500000000,0.000000000,0.000000000
point-0005535,10322.994888211,275.212923393,214.639776445,284.500000000,0.000000000,0.000000000
point-0005536,10325.434150568,271.147486131,214.639776445,284.500000000,0.000000000,0.000000000
point-0005537,10326.151580673,270.491941499,215.639776445,284.500000000,0.000000000,0.000000000
point-0005538,10328.590843030,274.557378760,215.639776445,284.500000000,0.000000000,0.000000000
point-0005539,10329.308273135,273.901834128,216.639776445,284.500000000,0.000000000,0.000000000
point-0005540,10331.747535492,269.836396866,216.639776445,284.500000000,0.000000000,0.000000000
point-0005541,10332.464965597,269.180852233,217.639776445,284.500000000,0.000000000,0.000000000
point-0005542,10334.904227954,273.246289495,217.639776445,284.500000000,0.000000000,0.000000000
point-0005543,10335.621658059,272.590744862,218.639776445,284.500000000,0.000000000,0.000000000
point-0005544,10338.060920416,268.525307601,218.639776445,284.500000000,0.000000000,0.000000000
point-0005545,10338.778350521,267.869762968,219.639776445,284.500000000,0.000000000,0.000000000
point-0005546,10341.217612878,271.935200230,219.639776445,284.500000000,0.000000000,0.000000000
point-0005547,10341.935042983,271.279655597,220.639776445,284.500000000,0.000000000,0.000000000
point-0005548,10344.374305340,267.214218335,220.639776445,284.500000000,0.000000000,0.000000000
point-0005549,10345.091735445,266.558673702,221.639776445,284.500000000,0.000000000,0.000000000
point-0005550,10347.530997802,270.624110964,221.639776445,284.500000000,0.000000000,0.000000000
point-0005551,10348.248427907,269.968566331,222.639776445,284.500000000,0.000000000,0.000000000
point-0005552,10350.687690264,265.903129070,222.639776445,284.500000000,0.000000000,0.000000000
point-0005553,10351.405120369,265.247584437,223.639776445,284.500000000,0.000000000,0.000000000
point-0005554,10353.844382726,269.313021699,223.639776445,284.500000000,0.000000000,0.000000000
point-0005555,10354.561812831,268.657477066,224.639776445,284.500000000,0.000000000,0.000000000
point-0005556,10357.001075188,264.592039804,224.639776445,284.500000000,0.000000000,0.000000000
point-0005557,10357.718505293,263.936495172,225.639776445,284.500000000,0.000000000,0.000000000
point-0005558,10360.157767650,268.001932433,225.639776445,284.500000000,0.000000000,0.000000000
point-0005559,10360.875197755,267.346387801,226.639776445,284.500000000,0.000000000,0.000000000
point-0005560,10363.314460112,263.280950539,226.639776445,284.500000000,0.000000000,0.000000000
point-0005561,10364.031890217,262.625405906,227.639776445,284.500000000,0.000000000,0.000000000
point-0005562,10366.471152574,266.690843168,227.639776445,284.500000000,0.000000000,0.000000000
point-0005563,10367.188582679,266.035298535,228.639776445,284.500000000,0.000000000,0.000000000
point-0005564,10369.627845036,261.969861274,228.639776445,284.500000000,0.000000000,0.000000000
point-0005565,10370.345275141,261.314316641,229.639776445,284.500000000,0.000000000,0.000000000
point-0005566,10372.784537498,265.379753903,229.639776445,284.500000000,0.000000000,0.000000000
point-0005567,10373.501967603,264.724209270,230.639776445,284.500000000,0.000000000,0.000000000
point-0005568,10375.941229960,260.658772008,230.639776445,284.500000000,0.000000000,0.000000000
point-0005569,10376.658660065,260.003227376,231.639776445,284.500000000,0.000000000,0.000000000
point-0005570,10379.097922422,264.068664637,231.639776445,284.500000000,0.000000000,0.000000000
point-0005571,10379.815352527,263.413120005,232.639776445,284.500000000,0.000000000,0.000000000
point-0005572,10382.254614884,259.347682743,232.639776445,284.500000000,0.000000000,0.000000000
point-0005573,10382.972044989,258.692138110,233.639776445,284.500000000,0.000000000,0.000000000
point-0005574,10385.411307346,262.757575372,233.639776445,284.500000000,0.000000000,0.000000000
point-0005575,10386.128737451,262.102030739,234.639776445,284.500000000,0.000000000,0.000000000
point-0005576,10388.567999808,258.036593477,234.639776445,284.500000000,0.000000000,0.000000000
point-0005577,10389.285429913,257.381048845,235.639776445,284.500000000,0.000000000,0.000000000
point-0005578,10391.724692270,261.446486106,235.639776445,284.500000000,0.000000000,0.000000000
point-0005579,10392.442122375,260.790941474,236.639776445,284.500000000,0.000000000,0.000000000
point-0005580,10394.881384732,256.725504212,236.639776445,284.500000000,0.000000000,0.000000000
point-0005581,10395.598814837,256.069959579,237.639776445,284.500000000,0.000000000,0.000000000
point-0005582,10398.038077194,260.135396841,237.639776445,284.500000000,0.000000000,0.000000000
point-0005583,10398.755507299,259.479852208,238.639776445,284.500000000,0.000000000,0.000000000
point-0005584,10401.194769656,255.414414947,238.639776445,284.500000000,0.000000000,0.000000000
point-0005585,10401.912199761,254.758870314,239.639776445,284.500000000,0.000000000,0.000000000
point-0005586,10404.351462118,258.824307576,239.639776445,284.500000000,0.000000000,0.000000000
point-0005587,10405.068892223,258.168762943,240.639776445,284.500000000,0.000000000,0.000000000
point-0005588,10407.264924654,254.508708892,240.639776445,284.500000000,0.000000000,0.000000000
point-0005589,10408.359327795,256.034158038,241.639776445,284.500000000,0.000000000,0.000000000
point-0005590,10409.246763958,257.513218310,241.639776445,284.500000000,0.000000000,0.000000000
point-0005591,10438.115248869,280.980655622,199.639776445,285.000000000,0.000000000,0.000000000
point-0005592,10438.769547002,282.071152511,199.639776445,285.000000000,0.000000000,0.000000000
point-0005593,10439.863950143,283.596601657,200.639776445,285.000000000,0.000000000,0.000000000
point-0005594,10441.826844544,280.325110989,200.639776445,285.000000000,0.000000000,0.000000000
point-0005595,10442.544274649,279.669566356,201.639776445,285.000000000,0.000000000,0.000000000
point-0005596,10444.983537006,283.735003618,201.639776445,285.000000000,0.000000000,0.000000000
point-0005597,10445.700967111,283.079458985,202.639776445,285.000000000,0.000000000,0.000000000
point-0005598,10448.140229468,279.014021724,202.639776445,285.000000000,0.000000000,0.000000000
point-0005599,10448.857659573,278.358477091,203.639776445,285.000000000,0.000000000,0.000000000
point-0005600,10451.296921930,282.423914353,203.639776445,285.000000000,0.000000000,0.000000000
point-0005601,10452.014352035,281.768369720,204.639776445,285.000000000,0.000000000,0.000000000
point-0005602,10454.453614392,277.702932458,204.639776445,285.000000000,0.000000000,0.000000000
point-0005603,10455.171044497,277.047387826,205.639776445,285.000000000,0.000000000,0.000000000
point-0005604,10457.610306854,281.112825087,205.639776445,285.000000000,0.000000000,0.000000000
point-0005605,10458.327736959,280.457280455,206.639776445,285.000000000,0.000000000,0.000000000
point-0005606,10460.766999316,276.391843193,206.639776445,285.000000000,0.000000000,0.000000000
point-0005607,10461.484429421,275.736298560,207.639776445,285.000000000,0.000000000,0.000000000
point-0005608,10463.923691778,279.801735822,207.639776445,285.000000000,0.000000000,0.000000000
point-0005609,10464.641121883,279.146191189,208.639776445,285.000000000,0.000000000,0.000000000
point-0005610,10467.080384240,275.080753927,208.639776445,285.000000000,0.000000000,0.000000000
point-0005611,10467.797814345,274.425209295,209.639776445,285.000000000,0.000000000,0.000000000
point-0005612,10470.237076702,278.490646556,209.639776445,285.000000000,0.000000000,0.000000000
point-0005613,10470.954506807,277.835101924,210.639776445,285.000000000,0.000000000,0.000000000
point-0005614,10473.393769164,273.769664662,210.639776445,285.000000000,0.000000000,0.000000000
point-0005615,10474.111199269,273.114120029,211.639776445,285.000000000,0.000000000,0.000000000
point-0005616,10476.550461626,277.179557291,211.639776445,285.000000000,0.000000000,0.000000000
point-0005617,10477.267891731,276.524012658,212.639776445,285.000000000,0.000000000,0.000000000
point-0005618,10479.707154088,272.458575397,212.639776445,285.000000000,0.000000000,0.000000000
point-0005619,10480.424584193,271.803030764,213.639776445,285.000000000,0.000000000,0.000000000
point-0005620,10482.863846550,275.868468026,213.639776445,285.000000000,0.000000000,0.000000000
point-0005621,10483.581276655,275.212923393,214.639776445,285.000000000,0.000000000,0.000000000
point-0005622,10486.020539012,271.147486131,214.639776445,285.000000000,0.000000000,0.000000000
point-0005623,10486.737969117,270.491941499,215.639776445,285.000000000,0.000000000,0.000000000
point-0005624,10489.177231474,274.557378760,215.639776445,285.000000000,0.000000000,0.000000000
point-0005625,10489.894661579,273.901834128,216.639776445,285.000000000,0.000000000,0.000000000
point-0005626,10492.333923936,269.836396866,216.639776445,285.000000000,0.000000000,0.000000000
point-0005627,10493.051354041,269.180852233,217.639776445,285.000000000,0.000000000,0.000000000
point-0005628,10495.490616398,273.246289495,217.639776445,285.000000000,0.000000000,0.000000000
point-0005629,10496.208046503,272.590744862,218.639776445,285.000000000,0.000000000,0.000000000
point-0005630,10498.647308860,268.525307601,218.639776445,285.000000000,0.000000000,0.000000000
point-0005631,10499.364738965,267.869762968,219.639776445,285.000000000,0.000000000,0.000000000
point-0005632,10501.804001322,271.935200230,219.639776445,285.000000000,0.000000000,0.000000000
point-0005633,10502.521431427,271.279655597,220.639776445,285.000000000,0.000000000,0.000000000
point-0005634,10504.960693784,267.214218335,220.639776445,285.000000000,0.000000000,0.000000000
point-0005635,10505.678123889,266.558673702,221.639776445,285.000000000,0.000000000,0.000000000
point-0005636,10508.117386246,270.624110964,221.639776445,285.000000000,0.000000000,0.000000000
point-0005637,10508.834816351,269.968566331,222.639776445,285.000000000,0.000000000,0.000000000
point-0005638,10511.274078708,265.903129070,222.639776445,285.000000000,0.000000000,0.000000000
point-0005639,10511.991508813,265.247584437,223.639776445,285.000000000,0.000000000,0.000000000
point-0005640,10514.430771170,269.313021699,223.639776445,285.000000000,0.000000000,0.000000000
point-0005641,10515.148201275,268.657477066,224.639776445,285.000000000,0.000000000,0.000000000
point-0005642,10517.587463632,264.592039804,224.639776445,285.000000000,0.000000000,0.000000000
point-0005643,10518.304893737,263.936495172,225.639776445,285.000000000,0.000000000,0.000000000
point-0005644,10520.744156094,268.001932433,225.639776445,285.000000000,0.000000000,0.000000000
point-0005645,10521.461586199,267.346387801,226.639776445,285.000000000,0.000000000,0.000000000
point-0005646,10523.900848556,263.280950539,226.639776445,285.000000000,0.000000000,0.000000000
point-0005647,10524.618278661,262.625405906,227.639776445,285.000000000,0.000000000,0.000000000
point-0005648,10527.057541018,266.690843168,227.639776445,285.000000000,0.000000000,0.000000000
point-0005649,10527.774971123,266.035298535,228.639776445,285.000000000,0.000000000,0.000000000
point-0005650,10530.214233480,261.969861274,228.639776445,285.000000000,0.000000000,0.000000000
point-0005651,10530.931663585,261.314316641,229.639776445,285.000000000,0.000000000,0.000000000
point-0005652,10533.370925942,265.379753903,229.639776445,285.000000000,0.000000000,0.000000000
point-0005653,10534.088356047,264.724209270,230.639776445,285.000000000,0.000000000,0.000000000
point-0005654,10536.527618404,260.658772008,230.639776445,285.000000000,0.000000000,0.000000000
point-0005655,10537.245048509,260.003227376,231.639776445,285.000000000,0.000000000,0.000000000
point-0005656,10539.684310866,264.068664637,231.639776445,285.000000000,0.000000000,0.000000000
point-0005657,10540.401740971,263.413120005,232.639776445,285.000000000,0.000000000,0.000000000
point-0005658,10542.841003328,259.347682743,232.639776445,285.000000000,0.000000000,0.000000000
point-0005659,10543.558433433,258.692138110,233.639776445,285.000000000,0.000000000,0.000000000
point-0005660,10545.997695790,262.757575372,233.639776445,285.000000000,0.000000000,0.000000000
point-0005661,10546.715125895,262.102030739,234.639776445,285.000000000,0.000000000,0.000000000
point-0005662,10549.154388252,258.036593477,234.639776445,285.000000000,0.000000000,0.000000000
point-0005663,10549.871818357,257.381048845,235.639776445,285.000000000,0.000000000,0.000000000
point-0005664,10552.311080714,261.446486106,235.639776445,285.000000000,0.000000000,0.000000000
point-0005665,10553.028510819,260.790941474,236.639776445,285.000000000,0.000000000,0.000000000
point-0005666,10555.467773176,256.725504212,236.639776445,285.000000000,0.000000000,0.000000000
point-0005667,10556.185203281,256.069959579,237.639776445,285.000000000,0.000000000,0.000000000
point-0005668,10558.624465638,260.135396841,237.639776445,285.000000000,0.000000000,0.000000000
point-0005669,10559.341895743,259.479852208,238.639776445,285.000000000,0.000000000,0.000000000
point-0005670,10561.781158100,255.414414947,238.639776445,285.000000000,0.000000000,0.000000000
point-0005671,10562.498588205,254.758870314,239.639776445,285.000000000,0.000000000,0.000000000
point-0005672,10564.937850562,258.824307576,239.639776445,285.000000000,0.000000000,0.000000000
point-0005673,10565.655280667,258.168762943,240.639776445,285.000000000,0.000000000,0.000000000
point-0005674,10567.851313098,254.508708892,240.639776445,285.000000000,0.000000000,0.000000000
point-0005675,10568.945716239,256.034158038,241.639776445,285.000000000,0.000000000,0.000000000
point-0005676,10569.833152402,257.513218310,241.639776445,285.000000000,0.000000000,0.000000000
point-0005677,10598.701637313,280.980655622,199.639776445,285.500000000,0.000000000,0.000000000
point-0005678,10599.355935446,282.071152511,199.639776445,285.500000000,0.000000000,0.000000000
point-0005679,10600.450338587,283.596601657,200.639776445,285.500000000,0.000000000,0.000000000
point-0005680,10602.413232988,280.325110989,200.639776445,285.500000000,0.000000000,0.000000000
point-0005681,10603.130663093,279.669566356,201.639776445,285.500000000,0.000000000,0.000000000
point-0005682,10605.569925450,283.735003618,201.639776445,285.500000000,0.000000000,0.000000000
point-0005683,10606.287355555,283.079458985,202.639776445,285.500000000,0.000000000,0.000000000
point-0005684,10608.726617912,279.014021724,202.639776445,285.500000000,0.000000000,0.000000000
point-0005685,10609.444048017,278.358477091,203.639776445,285.500000000,0.000000000,0.000000000
point-0005686,10611.883310374,282.423914353,203.639776445,285.500000000,0.000000000,0.000000000
point-0005687,10612.600740479,281.768369720,204.639776445,285.500000000,0.000000000,0.000000000
point-0005688,10615.040002836,277.702932458,204.639776445,285.500000000,0.000000000,0.000000000
point-0005689,10615.757432941,277.047387826,205.639776445,285.500000000,0.000000000,0.000000000
point-0005690,10618.196695298,281.112825087,205.639776445,285.500000000,0.000000000,0.000000000
point-0005691,10618.914125403,280.457280455,206.639776445,285.500000000,0.000000000,0.000000000
point-0005692,10621.353387760,276.391843193,206.639776445,285.500000000,0.000000000,0.000000000
point-0005693,10622.070817865,275.736298560,207.639776445,285.500000000,0.000000000,0.000000000
point-0005694,10624.510080222,279.801735822,207.639776445,285.500000000,0.000000000,0.000000000
point-0005695,10625.227510327,279.146191189,208.639776445,285.500000000,0.000000000,0.000000000
point-0005696,10627.666772684,275.080753927,208.639776445,285.500000000,0.000000000,0.000000000
point-0005697,10628.384202789,274.425209295,209.639776445,285.500000000,0.000000000,0.000000000
point-0005698,10630.823465146,278.490646556,209.639776445,285.500000000,0.000000000,0.000000000
point-0005699,10631.540895251,277.835101924,210.639776445,285.500000000,0.000000000,0.000000000
point-0005700,10633.980157608,273.769664662,210.639776445,285.500000000,0.000000000,0.000000000
point-0005701,10634.697587713,273.114120029,211.639776445,285.500000000,0.000000000,0.000000000
point-0005702,10637.136850070,277.179557291,211.639776445,285.500000000,0.000000000,0.000000000
point-0005703,10637.854280175,276.524012658,212.639776445,285.500000000,0.000000000,0.000000000
point-0005704,10640.293542532,272.458575397,212.639776445,285.500000000,0.000000000,0.000000000
point-0005705,10641.010972637,271.803030764,213.639776445,285.500000000,0.000000000,0.000000000
point-0005706,10643.450234994,275.868468026,213.639776445,285.500000000,0.000000000,0.000000000
point-0005707,10644.167665099,275.212923393,214.639776445,285.500000000,0.000000000,0.000000000
point-0005708,10646.606927456,271.147486131,214.639776445,285.500000000,0.000000000,0.000000000
point-0005709,10647.324357561,270.491941499,215.639776445,285.500000000,0.000000000,0.000000000
point-0005710,10649.763619918,274.557378760,215.639776445,285.500000000,0.000000000,0.000000000
point-0005711,10650.481050023,273.901834128,216.639776445,285.500000000,0.000000000,0.000000000
point-0005712,10652.920312380,269.836396866,216.639776445,285.500000000,0.000000000,0.000000000
point-0005713,10653.637742485,269.180852233,217.639776445,285.500000000,0.000000000,0.000000000
point-0005714,10656.077004842,273.246289495,217.639776445,285.500000000,0.000000000,0.000000000
point-0005715,10656.794434947,272.590744862,218.639776445,285.500000000,0.000000000,0.000000000
point-0005716,10659.233697304,268.525307601,218.639776445,285.500000000,0.000000000,0.000000000
point-0005717,10659.951127409,267.869762968,219.639776445,285.500000000,0.000000000,0.000000000
point-0005718,10662.390389766,271.935200230,219.639776445,285.500000000,0.000000000,0.000000000
point-0005719,10663.107819871,271.279655597,220.639776445,285.500000000,0.000000000,0.000000000
point-0005720,10665.547082228,267.214218335,220.639776445,285.500000000,0.000000000,0.000000000
point-0005721,10666.264512333,266.558673702,221.639776445,285.500000000,0.000000000,0.000000000
point-0005722,10668.703774690,270.624110964,221.639776445,285.500000000,0.000000000,0.000000000
point-0005723,10669.421204795,269.968566331,222.639776445,285.500000000,0.000000000,0.000000000
point-0005724,10671.860467152,265.903129070,222.639776445,285.500000000,0.000000000,0.000000000
point-0005725,10672.577897257,265.247584437,223.639776445,285.500000000,0.000000000,0.000000000
point-0005726,10675.017159614,269.313021699,223.639776445,285.500000000,0.000000000,0.000000000
point-0005727,10675.734589719,268.657477066,224.639776445,285.500000000,0.000000000,0.000000000
point-0005728,10678.173852076,264.592039804,224.639776445,285.500000000,0.000000000,0.000000000
point-0005729,10678.891282181,263.936495172,225.639776445,285.500000000,0.000000000,0.000000000
point-0005730,10681.330544538,268.001932433,225.639776445,285.500000000,0.000000000,0.000000000
point-0005731,10682.047974643,267.346387801,226.639776445,285.500000000,0.000000000,0.000000000
point-0005732,10684.487237000,263.280950539,226.639776445,285.500000000,0.000000000,0.000000000
point-0005733,10685.204667105,262.625405906,227.639776445,285.500000000,0.000000000,0.000000000
point-0005734,10687.643929462,266.690843168,227.639776445,285.500000000,0.000000000,0.000000000
point-0005735,10688.361359567,266.035298535,228.639776445,285.500000000,0.000000000,0.000000000
point-0005736,10690.800621924,261.969861274,228.639776445,285.500000000,0.000000000,0.000000000
point-0005737,10691.518052029,261.314316641,229.639776445,285.500000000,0.000000000,0.000000000
point-0005738,10693.957314386,265.379753903,229.639776445,285.500000000,0.000000000,0.000000000
point-0005739,10694.674744491,264.724209270,230.639776445,285.500000000,0.000000000,0.000000000
point-0005740,10697.114006848,260.658772008,230.639776445,285.500000000,0.000000000,0.000000000
point-0005741,10697.831436953,260.003227376,231.639776445,285.500000000,0.000000000,0.000000000
point-0005742,10700.270699310,264.068664637,231.639776445,285.500000000,0.000000000,0.000000000
point-0005743,10700.988129415,263.413120005,232.639776445,285.500000000,0.000000000,0.000000000
point-0005744,10703.427391772,259.347682743,232.639776445,285.500000000,0.000000000,0.000000000
point-0005745,10704.144821877,258.692138110,233.639776445,285.500000000,0.000000000,0.000000000
point-0005746,10706.584084234,262.757575372,233.639776445,285.500000000,0.000000000,0.000000000
point-0005747,10707.301514339,262.102030739,234.639776445,285.500000000,0.000000000,0.000000000
point-0005748,10709.740776696,258.036593477,234.639776445,285.500000000,0.000000000,0.000000000
point-0005749,10710.458206801,257.381048845,235.639776445,285.500000000,0.000000000,0.000000000
point-0005750,10712.897469158,261.446486106,235.639776445,285.500000000,0.000000000,0.000000000
point-0005751,10713.614899263,260.790941474,236.639776445,285.500000000,0.000000000,0.000000000
point-0005752,10716.054161620,256.725504212,236.639776445,285.500000000,0.000000000,0.000000000
point-0005753,10716.771591725,256.069959579,237.639776445,285.500000000,0.000000000,0.000000000
point-0005754,10719.210854082,260.135396841,237.639776445,285.500000000,0.000000000,0.000000000
point-0005755,10719.928284187,259.479852208,238.639776445,285.500000000,0.000000000,0.000000000
point-0005756,10722.367546544,255.414414947,238.639776445,285.500000000,0.000000000,0.000000000
point-0005757,10723.084976649,254.758870314,239.639776445,285.500000000,0.000000000,0.000000000
point-0005758,10725.524239006,258.824307576,239.639776445,285.500000000,0.000000000,0.000000000
point-0005759,10726.241669111,258.168762943,240.639776445,285.500000000,0.000000000,0.000000000
point-0005760,10728.437701542,254.508708892,240.639776445,285.500000000,0.000000000,0.000000000
point-0005761,10729.532104683,256.034158038,241.639776445,285.500000000,0.000000000,0.000000000
point-0005762,10730.419540846,257.513218310,241.639776445,285.500000000,0.000000000,0.000000000
point-0005763,10759.288025757,280.980655622,199.639776445,286.000000000,0.000000000,0.000000000
point-0005764,10759.942323891,282.071152511,199.639776445,286.000000000,0.000000000,0.000000000
point-0005765,10761.036727031,283.596601657,200.639776445,286.000000000,0.000000000,0.000000000
point-0005766,10762.999621432,280.325110989,200.639776445,286.000000000,0.000000000,0.000000000
point-0005767,10763.717051537,279.669566356,201.639776445,286.000000000,0.000000000,0.000000000
point-0005768,10766.156313894,283.735003618,201.639776445,286.000000000,0.000000000,0.000000000
point-0005769,10766.873743999,283.079458985,202.639776445,286.000000000,0.000000000,0.000000000
point-0005770,10769.313006356,279.014021724,202.639776445,286.000000000,0.000000000,0.000000000
point-0005771,10770.030436461,278.358477091,203.639776445,286.000000000,0.000000000,0.000000000
point-0005772,10772.469698818,282.423914353,203.639776445,286.000000000,0.000000000,0.000000000
point-0005773,10773.187128923,281.768369720,204.639776445,286.000000000,0.000000000,0.000000000
point-0005774,10775.626391280,277.702932458,204.639776445,286.000000000,0.000000000,0.000000000
point-0005775,10776.343821385,277.047387826,205.639776445,286.000000000,0.000000000,0.000000000
point-0005776,10778.783083742,281.112825087,205.639776445,286.000000000,0.000000000,0.000000000
point-0005777,10779.500513847,280.457280455,206.639776445,286.000000000,0.000000000,0.000000000
point-0005778,10781.939776204,276.391843193,206.639776445,286.000000000,0.000000000,0.000000000
point-0005779,10782.657206309,275.736298560,207.639776445,286.000000000,0.000000000,0.000000000
point-0005780,10785.096468666,279.801735822,207.639776445,286.000000000,0.000000000,0.000000000
point-0005781,10785.813898771,279.146191189,208.639776445,286.000000000,0.000000000,0.000000000
point-0005782,10788.253161128,275.080753927,208.639776445,286.000000000,0.000000000,0.000000000
point-0005783,10788.970591233,274.425209295,209.639776445,286.000000000,0.000000000,0.000000000
point-0005784,10791.409853590,278.490646556,209.639776445,286.000000000,0.000000000,0.000000000
point-0005785,10792.127283695,277.835101924,210.639776445,286.000000000,0.000000000,0.000000000
point-0005786,10794.566546052,273.769664662,210.639776445,286.000000000,0.000000000,0.000000000
point-0005787,10795.283976157,273.114120029,211.639776445,286.000000000,0.000000000,0.000000000
point-0005788,10797.723238514,277.179557291,211.639776445,286.000000000,0.000000000,0.000000000
point-0005789,10798.440668619,276.524012658,212.639776445,286.000000000,0.000000000,0.000000000
point-0005790,10800.879930976,272.458575397,212.639776445,286.000000000,0.000000000,0.000000000
point-0005791,10801.597361081,271.803030764,213.639776445,286.000000000,0.000000000,0.000000000
point-0005792,10804.036623438,275.868468026,213.639776445,286.000000000,0.000000000,0.000000000
point-0005793,10804.754053543,275.212923393,214.639776445,286.000000000,0.000000000,0.000000000
point-0005794,10807.193315900,271.147486131,214.639776445,286.000000000,0.000000000,0.000000000
point-0005795,10807.910746005,270.491941499,215.639776445,286.000000000,0.000000000,0.000000000
point-0005796,10810.350008362,274.557378760,215.639776445,286.000000000,0.000000000,0.000000000
point-0005797,10811.067438467,273.901834128,216.639776445,286.000000000,0.000000000,0.000000000
point-0005798,10813.506700824,269.836396866,216.639776445,286.000000000,0.000000000,0.000000000
point-0005799,10814.224130929,269.180852233,217.639776445,286.000000000,0.000000000,0.000000000
point-0005800,10816.663393286,273.246289495,217.639776445,286.000000000,0.000000000,0.000000000
point-0005801,10817.380823391,272.590744862,218.639776445,286.000000000,0.000000000,0.000000000
point-0005802,10819.820085748,268.525307601,218.639776445,286.000000000,0.000000000,0.000000000
point-0005803,10820.537515853,267.869762968,219.639776445,286.000000000,0.000000000,0.000000000
point-0005804,10822.976778210,271.935200230,219.639776445,286.000000000,0.000000000,0.000000000
point-0005805,10823.694208315,271.279655597,220.639776445,286.000000000,0.000000000,0.000000000
point-0005806,10826.133470672,267.214218335,220.639776445,286.000000000,0.000000000,0.000000000
point-0005807,10826.850900777,266.558673702,221.639776445,286.000000000,0.000000000,0.000000000
point-0005808,10829.290163134,270.624110964,221.639776445,286.000000000,0.000000000,0.000000000
point-0005809,10830.007593239,269.968566331,222.639776445,286.000000000,0.000000000,0.000000000
point-0005810,10832.446855596,265.903129070,222.639776445,286.000000000,0.000000000,0.000000000
point-0005811,10833.164285701,265.247584437,223.639776445,286.000000000,0.000000000,0.000000000
point-0005812,10835.603548058,269.313021699,223.639776445,286.000000000,0.000000000,0.000000000
point-0005813,10836.320978163,268.657477066,224.639776445,286.000000000,0.000000000,0.000000000
point-0005814,10838.760240520,264.592039804,224.639776445,286.000000000,0.000000000,0.000000000
point-0005815,10839.477670625,263.936495172,225.639776445,286.000000000,0.000000000,0.000000000
point-0005816,10841.916932982,268.001932433,225.639776445,286.000000000,0.000000000,0.000000000
point-0005817,10842.634363087,267.346387801,226.639776445,286.000000000,0.000000000,0.000000000
point-0005818,10845.073625444,263.280950539,226.639776445,286.000000000,0.000000000,0.000000000
point-0005819,10845.791055549,262.625405906,227.639776445,286.000000000,0.000000000,0.000000000
point-0005820,10848.230317906,266.690843168,227.639776445,286.000000000,0.000000000,0.000000000
point-0005821,10848.947748011,266.035298535,228.639776445,286.000000000,0.000000000,0.000000000
point-0005822,10851.387010368,261.969861274,228.639776445,286.000000000,0.000000000,0.000000000
point-0005823,10852.104440473,261.314316641,229.639776445,286.000000000,0.000000000,0.000000000
point-0005824,10854.543702830,265.379753903,229.639776445,286.000000000,0.000000000,0.000000000
point-0005825,10855.261132935,264.724209270,230.639776445,286.000000000,0.000000000,0.000000000
point-0005826,10857.700395292,260.658772008,230.639776445,286.000000000,0.000000000,0.000000000
point-0005827,10858.417825397,260.003227376,231.639776445,286.000000000,0.000000000,0.000000000
point-0005828,10860.857087754,264.068664637,231.639776445,286.000000000,0.000000000,0.000000000
point-0005829,10861.574517859,263.413120005,232.639776445,286.000000000,0.000000000,0.000000000
point-0005830,10864.013780216,259.347682743,232.639776445,286.000000000,0.000000000,0.000000000
point-0005831,10864.731210321,258.692138110,233.639776445,286.000000000,0.000000000,0.000000000
point-0005832,10867.170472678,262.757575372,233.639776445,286.000000000,0.000000000,0.000000000
point-0005833,10867.887902783,262.102030739,234.639776445,286.000000000,0.000000000,0.000000000
point-0005834,10870.327165140,258.036593477,234.639776445,286.000000000,0.000000000,0.000000000
point-0005835,10871.044595245,257.381048845,235.639776445,286.000000000,0.000000000,0.000000000
point-0005836,10873.483857602,261.446486106,235.639776445,286.000000000,0.000000000,0.000000000
point-0005837,10874.201287707,260.790941474,236.639776445,286.000000000,0.000000000,0.000000000
point-0005838,10876.640550064,256.725504212,236.639776445,286.000000000,0.000000000,0.000000000
point-0005839,10877.357980169,256.069959579,237.639776445,286.000000000,0.000000000,0.000000000
point-0005840,10879.797242526,260.135396841,237.639776445,286.000000000,0.000000000,0.000000000
point-0005841,10880.514672631,259.479852208,238.639776445,286.000000000,0.000000000,0.000000000
point-0005842,10882.953934988,255.414414947,238.639776445,286.000000000,0.000000000,0.000000000
point-0005843,10883.671365093,254.758870314,239.639776445,286.000000000,0.000000000,0.000000000
point-0005844,10886.110627450,258.824307576,239.639776445,286.000000000,0.000000000,0.000000000
point-0005845,10886.828057555,258.168762943,240.639776445,286.000000000,0.000000000,0.000000000
point-0005846,10889.024089986,254.508708892,240.639776445,286.000000000,0.000000000,0.000000000
point-0005847,10890.118493127,256.034158038,241.639776445,286.000000000,0.000000000,0.000000000
point-0005848,10891.005929291,257.513218310,241.639776445,286.000000000,0.000000000,0.000000000
point-0005849,10919.874414201,280.980655622,199.639776445,286.500000000,0.000000000,0.000000000
point-0005850,10920.528712335,282.071152511,199.639776445,286.500000000,0.000000000,0.000000000
point-0005851,10921.623115476,283.596601657,200.639776445,286.500000000,0.000000000,0.000000000
point-0005852,10923.586009876,280.325110989,200.639776445,286.500000000,0.000000000,0.000000000
point-0005853,10924.303439981,279.669566356,201.639776445,286.500000000,0.000000000,0.000000000
point-0005854,10926.742702338,283.735003618,201.639776445,286.500000000,0.000000000,0.000000000
point-0005855,10927.460132443,283.079458985,202.639776445,286.500000000,0.000000000,0.000000000
point-0005856,10929.899394800,279.014021724,202.639776445,286.500000000,0.000000000,0.000000000
point-0005857,10930.616824905,278.358477091,203.639776445,286.500000000,0.000000000,0.000000000
point-0005858,10933.056087262,282.423914353,203.639776445,286.500000000,0.000000000,0.000000000
point-0005859,10933.773517367,281.768369720,204.639776445,286.500000000,0.000000000,0.000000000
point-0005860,10936.212779724,277.702932458,204.639776445,286.500000000,0.000000000,0.000000000
point-0005861,10936.930209829,277.047387826,205.639776445,286.500000000,0.000000000,0.000000000
point-0005862,10939.369472186,281.112825087,205.639776445,286.500000000,0.000000000,0.000000000
point-0005863,10940.086902291,280.457280455,206.639776445,286.500000000,0.000000000,0.000000000
point-0005864,10942.526164648,276.391843193,206.639776445,286.500000000,0.000000000,0.000000000
point-0005865,10943.243594753,275.736298560,207.639776445,286.500000000,0.000000000,0.000000000
point-0005866,10945.682857110,279.801735822,207.639776445,286.500000000,0.000000000,0.000000000
point-0005867,10946.400287215,279.146191189,208.639776445,286.500000000,0.000000000,0.000000000
point-0005868,10948.839549572,275.080753927,208.639776445,286.500000000,0.000000000,0.000000000
point-0005869,10949.556979677,274.425209295,209.639776445,286.500000000,0.000000000,0.000000000
point-0005870,10951.996242034,278.490646556,209.639776445,286.500000000,0.000000000,0.000000000
point-0005871,10952.713672139,277.835101924,210.639776445,286.500000000,0.000000000,0.000000000
point-0005872,10955.152934496,273.769664662,210.639776445,286.500000000,0.000000000,0.000000000
point-0005873,10955.870364601,273.114120029,211.639776445,286.500000000,0.000000000,0.000000000
point-0005874,10958.309626958,277.179557291,211.639776445,286.500000000,0.000000000,0.000000000
point-0005875,10959.027057063,276.524012658,212.639776445,286.500000000,0.000000000,0.000000000
point-0005876,10961.466319420,272.458575397,212.639776445,286.500000000,0.000000000,0.000000000
point-0005877,10962.183749525,271.803030764,213.639776445,286.500000000,0.000000000,0.000000000
point-0005878,10964.623011882,275.868468026,213.639776445,286.500000000,0.000000000,0.000000000
point-0005879,10965.340441987,275.212923393,214.639776445,286.500000000,0.000000000,0.000000000
point-0005880,10967.779704344,271.147486131,214.639776445,286.500000000,0.000000000,0.000000000
point-0005881,10968.497134449,270.491941499,215.639776445,286.500000000,0.000000000,0.000000000
point-0005882,10970.936396806,274.557378760,215.639776445,286.500000000,0.000000000,0.000000000
point-0005883,10971.653826911,273.901834128,216.639776445,286.500000000,0.000000000,0.000000000
point-0005884,10974.093089268,269.836396866,216.639776445,286.500000000,0.000000000,0.000000000
point-0005885,10974.810519373,269.180852233,217.639776445,286.500000000,0.000000000,0.000000000
point-0005886,10977.249781730,273.246289495,217.639776445,286.500000000,0.000000000,0.000000000
point-0005887,10977.967211835,272.590744862,218.639776445,286.500000000,0.000000000,0.000000000
point-0005888,10980.406474192,268.525307601,218.639776445,286.500000000,0.000000000,0.000000000
point-0005889,10981.123904297,267.869762968,219.639776445,286.500000000,0.000000000,0.000000000
point-0005890,10983.563166654,271.935200230,219.639776445,286.500000000,0.000000000,0.000000000
point-0005891,10984.280596759,271.279655597,220.639776445,286.500000000,0.000000000,0.000000000
point-0005892,10986.719859116,267.214218335,220.639776445,286.500000000,0.000000000,0.000000000
point-0005893,10987.437289221,266.558673702,221.639776445,286.500000000,0.000000000,0.000000000
point-0005894,10989.876551578,270.624110964,221.639776445,286.500000000,0.000000000,0.000000000
point-0005895,10990.593981683,269.968566331,222.639776445,286.500000000,0.000000000,0.000000000
point-0005896,10993.033244040,265.903129070,222.639776445,286.500000000,0.000000000,0.000000000
point-0005897,10993.750674145,265.247584437,223.639776445,286.500000000,0.000000000,0.000000000
point-0005898,10996.189936502,269.313021699,223.639776445,286.500000000,0.000000000,0.000000000
point-0005899,10996.907366607,268.657477066,224.639776445,286.500000000,0.000000000,0.000000000
point-0005900,10999.346628964,264.592039804,224.639776445,286.500000000,0.000000000,0.000000000
point-0005901,11000.064059069,263.936495172,225.639776445,286.500000000,0.000000000,0.000000000
point-0005902,11002.503321426,268.001932433,225.639776445,286.500000000,0.000000000,0.000000000
point-0005903,11003.220751531,267.346387801,226.639776445,286.500000000,0.000000000,0.000000000
point-0005904,11005.660013888,263.280950539,226.639776445,286.500000000,0.000000000,0.000000000
point-0005905,11006.377443993,262.625405906,227.639776445,286.500000000,0.000000000,0.000000000
point-0005906,11008.816706350,266.690843168,227.639776445,286.500000000,0.000000000,0.000000000
point-0005907,11009.534136455,266.035298535,228.639776445,286.500000000,0.000000000,0.000000000
point-0005908,11011.973398812,261.969861274,228.639776445,286.500000000,0.000000000,0.000000000
point-0005909,11012.690828917,261.314316641,229.639776445,286.500000000,0.000000000,0.000000000
point-0005910,11015.130091274,265.379753903,229.639776445,286.500000000,0.000000000,0.000000000
point-0005911,11015.847521379,264.724209270,230.639776445,286.500000000,0.000000000,0.000000000
point-0005912,11018.286783736,260.658772008,230.639776445,286.500000000,0.000000000,0.000000000
point-0005913,11019.004213841,260.003227376,231.639776445,286.500000000,0.000000000,0.000000000
point-0005914,11021.443476198,264.068664637,231.639776445,286.500000000,0.000000000,0.000000000
point-0005915,11022.160906303,263.413120005,232.639776445,286.500000000,0.000000000,0.000000000
point-0005916,11024.600168660,259.347682743,232.639776445,286.500000000,0.000000000,0.000000000
point-0005917,11025.317598765,258.692138110,233.639776445,286.500000000,0.000000000,0.000000000
point-0005918,11027.756861122,262.757575372,233.639776445,286.500000000,0.000000000,0.000000000
point-0005919,11028.474291227,262.102030739,234.639776445,286.500000000,0.000000000,0.000000000
point-0005920,11030.913553584,258.036593477,234.639776445,286.500000000,0.000000000,0.000000000
point-0005921,11031.630983689,257.381048845,235.639776445,286.500000000,0.000000000,0.000000000
point-0005922,11034.070246046,261.446486106,235.639776445,286.500000000,0.000000000,0.000000000
point-0005923,11034.787676151,260.790941474,236.639776445,286.500000000,0.000000000,0.000000000
point-0005924,11037.226938508,256.725504212,236.639776445,286.500000000,0.000000000,0.000000000
point-0005925,11037.944368613,256.069959579,237.639776445,286.500000000,0.000000000,0.000000000
point-0005926,11040.383630970,260.135396841,237.639776445,286.500000000,0.000000000,0.000000000
point-0005927,11041.101061076,259.479852208,238.639776445,286.500000000,0.000000000,0.000000000
point-0005928,11043.540323433,255.414414947,238.639776445,286.500000000,0.000000000,0.000000000
point-0005929,11044.257753538,254.758870314,239.639776445,286.500000000,0.000000000,0.000000000
point-0005930,11046.697015895,258.824307576,239.639776445,286.500000000,0.000000000,0.000000000
point-0005931,11047.414446000,258.168762943,240.639776445,286.500000000,0.000000000,0.000000000
point-0005932,11049.610478430,254.508708892,240.639776445,286.500000000,0.000000000,0.000000000
point-0005933,11050.704881571,256.034158038,241.639776445,286.500000000,0.000000000,0.000000000
point-0005934,11051.592317735,257.513218310,241.639776445,286.500000000,0.000000000,0.000000000
point-0005935,11080.460802645,280.980655622,199.639776445,287.000000000,0.000000000,0.000000000
point-0005936,11081.115100779,282.071152511,199.639776445,287.000000000,0.000000000,0.000000000
point-0005937,11082.209503920,283.596601657,200.639776445,287.000000000,0.000000000,0.000000000
point-0005938,11084.172398320,280.325110989,200.639776445,287.000000000,0.000000000,0.000000000
point-0005939,11084.889828425,279.669566356,201.639776445,287.000000000,0.000000000,0.000000000
point-0005940,11087.329090782,283.735003618,201.639776445,287.000000000,0.000000000,0.000000000
point-0005941,11088.046520887,283.079458985,202.639776445,287.000000000,0.000000000,0.000000000
point-0005942,11090.485783244,279.014021724,202.639776445,287.000000000,0.000000000,0.000000000
point-0005943,11091.203213349,278.358477091,203.639776445,287.000000000,0.000000000,0.000000000
point-0005944,11093.642475706,282.423914353,203.639776445,287.000000000,0.000000000,0.000000000
point-0005945,11094.359905811,281.768369720,204.639776445,287.000000000,0.000000000,0.000000000
point-0005946,11096.799168168,277.702932458,204.639776445,287.000000000,0.000000000,0.000000000
point-0005947,11097.516598273,277.047387826,205.639776445,287.000000000,0.000000000,0.000000000
point-0005948,11099.955860630,281.112825087,205.639776445,287.000000000,0.000000000,0.000000000
point-0005949,11100.673290735,280.457280455,206.639776445,287.000000000,0.000000000,0.000000000
point-0005950,11103.112553092,276.391843193,206.639776445,287.000000000,0.000000000,0.000000000
point-0005951,11103.829983197,275.736298560,207.639776445,287.000000000,0.000000000,0.000000000
point-0005952,11106.269245554,279.801735822,207.639776445,287.000000000,0.000000000,0.000000000
point-0005953,11106.986675659,279.146191189,208.639776445,287.000000000,0.000000000,0.000000000
point-0005954,11109.425938016,275.080753927,208.639776445,287.000000000,0.000000000,0.000000000
point-0005955,11110.143368121,274.425209295,209.639776445,287.000000000,0.000000000,0.000000000
point-0005956,11112.582630478,278.490646556,209.639776445,287.000000000,0.000000000,0.000000000
point-0005957,11113.300060583,277.835101924,210.639776445,287.000000000,0.000000000,0.000000000
point-0005958,11115.739322940,273.769664662,210.639776445,287.000000000,0.000000000,0.000000000
point-0005959,11116.456753045,273.114120029,211.639776445,287.000000000,0.000000000,0.000000000
point-0005960,11118.896015402,277.179557291,211.639776445,287.000000000,0.000000000,0.000000000
point-0005961,11119.613445507,276.524012658,212.639776445,287.000000000,0.000000000,0.000000000
point-0005962,11122.052707864,272.458575397,212.639776445,287.000000000,0.000000000,0.000000000
point-0005963,11122.770137969,271.803030764,213.639776445,287.000000000,0.000000000,0.000000000
point-0005964,11125.209400326,275.868468026,213.639776445,287.000000000,0.000000000,0.000000000
point-0005965,11125.926830431,275.212923393,214.639776445,287.000000000,0.000000000,0.000000000
point-0005966,11128.366092788,271.147486131,214.639776445,287.000000000,0.000000000,0.000000000
point-0005967,11129.083522893,270.491941499,215.639776445,287.000000000,0.000000000,0.000000000
point-0005968,11131.522785250,274.557378760,215.639776445,287.000000000,0.000000000,0.000000000
point-0005969,11132.240215355,273.901834128,216.639776445,287.000000000,0.000000000,0.000000000
point-0005970,11134.679477712,269.836396866,216.639776445,287.000000000,0.000000000,0.000000000
point-0005971,11135.396907817,269.180852233,217.639776445,287.000000000,0.000000000,0.000000000
point-0005972,11137.836170174,273.246289495,217.639776445,287.000000000,0.000000000,0.000000000
point-0005973,11138.553600279,272.590744862,218.639776445,287.000000000,0.000000000,0.000000000
point-0005974,11140.992862636,268.525307601,218.639776445,287.000000000,0.000000000,0.000000000
point-0005975,11141.710292741,267.869762968,219.639776445,287.000000000,0.000000000,0.000000000
point-0005976,11144.149555098,271.935200230,219.639776445,287.000000000,0.000000000,0.000000000
point-0005977,11144.866985203,271.279655597,220.639776445,287.000000000,0.000000000,0.000000000
point-0005978,11147.306247561,267.214218335,220.639776445,287.000000000,0.000000000,0.000000000
point-0005979,11148.023677666,266.558673702,221.639776445,287.000000000,0.000000000,0.000000000
point-0005980,11150.462940023,270.624110964,221.639776445,287.000000000,0.000000000,0.000000000
point-0005981,11151.180370128,269.968566331,222.639776445,287.000000000,0.000000000,0.000000000
point-0005982,11153.619632485,265.903129070,222.639776445,287.000000000,0.000000000,0.000000000
point-0005983,11154.337062590,265.247584437,223.639776445,287.000000000,0.000000000,0.000000000
point-0005984,11156.776324947,269.313021699,223.639776445,287.000000000,0.000000000,0.000000000
point-0005985,11157.493755052,268.657477066,224.639776445,287.000000000,0.000000000,0.000000000
point-0005986,11159.933017409,264.592039804,224.639776445,287.000000000,0.000000000,0.000000000
point-0005987,11160.650447514,263.936495172,225.639776445,287.000000000,0.000000000,0.000000000
point-0005988,11163.089709871,268.001932433,225.639776445,287.000000000,0.000000000,0.000000000
point-0005989,11163.807139976,267.346387801,226.639776445,287.000000000,0.000000000,0.000000000
point-0005990,11166.246402333,263.280950539,226.639776445,287.000000000,0.000000000,0.000000000
point-0005991,11166.963832438,262.625405906,227.639776445,287.000000000,0.000000000,0.000000000
point-0005992,11169.403094795,266.690843168,227.639776445,287.000000000,0.000000000,0.000000000
point-0005993,11170.120524900,266.035298535,228.639776445,287.000000000,0.000000000,0.000000000
point-0005994,11172.559787257,261.969861274,228.639776445,287.000000000,0.000000000,0.000000000
point-0005995,11173.277217362,261.314316641,229.639776445,287.000000000,0.000000000,0.000000000
point-0005996,11175.716479719,265.379753903,229.639776445,287.000000000,0.000000000,0.000000000
point-0005997,11176.433909824,264.724209270,230.639776445,287.000000000,0.000000000,0.000000000
point-0005998,11178.873172181,260.658772008,230.639776445,287.000000000,0.000000000,0.000000000
point-0005999,11179.590602286,260.003227376,231.639776445,287.000000000,0.000000000,0.000000000
point-0006000,11182.029864643,264.068664637,231.639776445,287.000000000,0.000000000,0.000000000
point-0006001,11182.747294748,263.413120005,232.639776445,287.000000000,0.000000000,0.000000000
point-0006002,11185.186557105,259.347682743,232.639776445,287.000000000,0.000000000,0.000000000
point-0006003,11185.903987210,258.692138110,233.639776445,287.000000000,0.000000000,0.000000000
point-0006004,11188.343249567,262.757575372,233.639776445,287.000000000,0.000000000,0.000000000
point-0006005,11189.060679672,262.102030739,234.639776445,287.000000000,0.000000000,0.000000000
point-0006006,11191.499942029,258.036593477,234.639776445,287.000000000,0.000000000,0.000000000
point-0006007,11192.217372134,257.381048845,235.639776445,287.000000000,0.000000000,0.000000000
point-0006008,11194.656634491,261.446486106,235.639776445,287.000000000,0.000000000,0.000000000
point-0006009,11195.374064596,260.790941474,236.639776445,287.000000000,0.000000000,0.000000000
point-0006010,11197.813326953,256.725504212,236.639776445,287.000000000,0.000000000,0.000000000
point-0006011,11198.530757058,256.069959579,237.639776445,287.000000000,0.000000000,0.000000000
point-0006012,11200.970019415,260.135396841,237.639776445,287.000000000,0.000000000,0.000000000
point-0006013,11201.687449520,259.479852208,238.639776445,287.000000000,0.000000000,0.000000000
point-0006014,11204.126711877,255.414414947,238.639776445,287.000000000,0.000000000,0.000000000
point-0006015,11204.844141982,254.758870314,239.639776445,287.000000000,0.000000000,0.000000000
point-0006016,11207.283404339,258.824307576,239.639776445,287.000000000,0.000000000,0.000000000
point-0006017,11208.000834444,258.168762943,240.639776445,287.000000000,0.000000000,0.000000000
point-0006018,11210.196866874,254.508708892,240.639776445,287.000000000,0.000000000,0.000000000
point-0006019,11211.291270015,256.034158038,241.639776445,287.000000000,0.000000000,0.000000000
point-0006020,11212.178706179,257.513218310,241.639776445,287.000000000,0.000000000,0.000000000
point-0006021,11241.047191089,280.980655622,199.639776445,287.500000000,0.000000000,0.000000000
point-0006022,11241.701489223,282.071152511,199.639776445,287.500000000,0.000000000,0.000000000
point-0006023,11242.795892364,283.596601657,200.639776445,287.500000000,0.000000000,0.000000000
point-0006024,11244.758786764,280.325110989,200.639776445,287.500000000,0.000000000,0.000000000
point-0006025,11245.476216869,279.669566356,201.639776445,287.500000000,0.000000000,0.000000000
point-0006026,11247.915479226,283.735003618,201.639776445,287.500000000,0.000000000,0.000000000
point-0006027,11248.632909331,283.079458985,202.639776445,287.500000000,0.000000000,0.000000000
point-0006028,11251.072171688,279.014021724,202.639776445,287.500000000,0.000000000,0.000000000
point-0006029,11251.789601793,278.358477091,203.639776445,287.500000000,0.000000000,0.000000000
point-0006030,11254.228864151,282.423914353,203.639776445,287.500000000,0.000000000,0.000000000
point-0006031,11254.946294256,281.768369720,204.639776445,287.500000000,0.000000000,0.000000000
point-0006032,11257.385556613,277.702932458,204.639776445,287.500000000,0.000000000,0.000000000
point-0006033,11258.102986718,277.047387826,205.639776445,287.500000000,0.000000000,0.000000000
point-0006034,11260.542249075,281.112825087,205.639776445,287.500000000,0.000000000,0.000000000
point-0006035,11261.259679180,280.457280455,206.639776445,287.500000000,0.000000000,0.000000000
point-0006036,11263.698941537,276.391843193,206.639776445,287.500000000,0.000000000,0.000000000
point-0006037,11264.416371642,275.736298560,207.639776445,287.500000000,0.000000000,0.000000000
point-0006038,11266.855633999,279.801735822,207.639776445,287.500000000,0.000000000,0.000000000
point-0006039,11267.573064104,279.146191189,208.639776445,287.500000000,0.000000000,0.000000000
point-0006040,11270.012326461,275.080753927,208.639776445,287.500000000,0.000000000,0.000000000
point-0006041,11270.729756566,274.425209295,209.639776445,287.500000000,0.000000000,0.000000000
point-0006042,11273.169018923,278.490646556,209.639776445,287.500000000,0.000000000,0.000000000
point-0006043,11273.886449028,277.835101924,210.639776445,287.500000000,0.000000000,0.000000000
point-0006044,11276.325711385,273.769664662,210.639776445,287.500000000,0.000000000,0.000000000
point-0006045,11277.043141490,273.114120029,211.639776445,287.500000000,0.000000000,0.000000000
point-0006046,11279.482403847,277.179557291,211.639776445,287.500000000,0.000000000,0.000000000
point-0006047,11280.199833952,276.524012658,212.639776445,287.500000000,0.000000000,0.000000000
point-0006048,11282.639096309,272.458575397,212.639776445,287.500000000,0.000000000,0.000000000
point-0006049,11283.356526414,271.803030764,213.639776445,287.500000000,0.000000000,0.000000000
point-0006050,11285.795788771,275.868468026,213.639776445,287.500000000,0.000000000,0.000000000
point-0006051,11286.513218876,275.212923393,214.639776445,287.500000000,0.000000000,0.000000000
point-0006052,11288.952481233,271.147486131,214.639776445,287.500000000,0.000000000,0.000000000
point-0006053,11289.669911338,270.491941499,215.639776445,287.500000000,0.000000000,0.000000000
point-0006054,11292.109173695,274.557378760,215.639776445,287.500000000,0.000000000,0.000000000
point-0006055,11292.826603800,273.901834128,216.639776445,287.500000000,0.000000000,0.000000000
point-0006056,11295.265866157,269.836396866,216.639776445,287.500000000,0.000000000,0.000000000
point-0006057,11295.983296262,269.180852233,217.639776445,287.500000000,0.000000000,0.000000000
point-0006058,11298.422558619,273.246289495,217.639776445,287.500000000,0.000000000,0.000000000
point-0006059,11299.139988724,272.590744862,218.639776445,287.500000000,0.000000000,0.000000000
point-0006060,11301.579251081,268.525307601,218.639776445,287.500000000,0.000000000,0.000000000
point-0006061,11302.296681186,267.869762968,219.639776445,287.500000000,0.000000000,0.000000000
point-0006062,11304.735943543,271.935200230,219.639776445,287.500000000,0.000000000,0.000000000
point-0006063,11305.453373648,271.279655597,220.639776445,287.500000000,0.000000000,0.000000000
point-0006064,11307.892636005,267.214218335,220.639776445,287.500000000,0.000000000,0.000000000
point-0006065,11308.610066110,266.558673702,221.639776445,287.500000000,0.000000000,0.000000000
point-0006066,11311.049328467,270.624110964,221.639776445,287.500000000,0.000000000,0.000000000
point-0006067,11311.766758572,269.968566331,222.639776445,287.500000000,0.000000000,0.000000000
point-0006068,11314.206020929,265.903129070,222.639776445,287.500000000,0.000000000,0.000000000
point-0006069,11314.923451034,265.247584437,223.639776445,287.500000000,0.000000000,0.000000000
point-0006070,11317.362713391,269.313021699,223.639776445,287.500000000,0.000000000,0.000000000
point-0006071,11318.080143496,268.657477066,224.639776445,287.500000000,0.000000000,0.000000000
point-0006072,11320.519405853,264.592039804,224.639776445,287.500000000,0.000000000,0.000000000
point-0006073,11321.236835958,263.936495172,225.639776445,287.500000000,0.000000000,0.000000000
point-0006074,11323.676098315,268.001932433,225.639776445,287.500000000,0.000000000,0.000000000
point-0006075,11324.393528420,267.346387801,226.639776445,287.500000000,0.000000000,0.000000000
point-0006076,11326.832790777,263.280950539,226.639776445,287.500000000,0.000000000,0.000000000
point-0006077,11327.550220882,262.625405906,227.639776445,287.500000000,0.000000000,0.000000000
point-0006078,11329.989483239,266.690843168,227.639776445,287.500000000,0.000000000,0.000000000
point-0006079,11330.706913344,266.035298535,228.639776445,287.500000000,0.000000000,0.000000000
point-0006080,11333.146175701,261.969861274,228.639776445,287.500000000,0.000000000,0.000000000
point-0006081,11333.863605806,261.314316641,229.639776445,287.500000000,0.000000000,0.000000000
point-0006082,11336.302868163,265.379753903,229.639776445,287.500000000,0.000000000,0.000000000
point-0006083,11337.020298268,264.724209270,230.639776445,287.500000000,0.000000000,0.000000000
point-0006084,11339.459560625,260.658772008,230.639776445,287.500000000,0.000000000,0.000000000
point-0006085,11340.176990730,260.003227376,231.639776445,287.500000000,0.000000000,0.000000000
point-0006086,11342.616253087,264.068664637,231.639776445,287.500000000,0.000000000,0.000000000
point-0006087,11343.333683192,263.413120005,232.639776445,287.500000000,0.000000000,0.000000000
point-0006088,11345.772945549,259.347682743,232.639776445,287.500000000,0.000000000,0.000000000
point-0006089,11346.490375654,258.692138110,233.639776445,287.500000000,0.000000000,0.000000000
point-0006090,11348.929638011,262.757575372,233.639776445,287.500000000,0.000000000,0.000000000
point-0006091,11349.647068116,262.102030739,234.639776445,287.500000000,0.000000000,0.000000000
point-0006092,11352.086330473,258.036593477,234.639776445,287.500000000,0.000000000,0.000000000
point-0006093,11352.803760578,257.381048845,235.639776445,287.500000000,0.000000000,0.000000000
point-0006094,11355.243022935,261.446486106,235.639776445,287.500000000,0.000000000,0.000000000
point-0006095,11355.960453040,260.790941474,236.639776445,287.500000000,0.000000000,0.000000000
point-0006096,11358.399715397,256.725504212,236.639776445,287.500000000,0.000000000,0.000000000
point-0006097,11359.117145502,256.069959579,237.639776445,287.500000000,0.000000000,0.000000000
point-0006098,11361.556407859,260.135396841,237.639776445,287.500000000,0.000000000,0.000000000
point-0006099,11362.273837964,259.479852208,238.639776445,287.500000000,0.000000000,0.000000000
point-0006100,11364.713100321,255.414414947,238.639776445,287.500000000,0.000000000,0.000000000
point-0006101,11365.430530426,254.758870314,239.639776445,287.500000000,0.000000000,0.000000000
point-0006102,11367.869792783,258.824307576,239.639776445,287.500000000,0.000000000,0.000000000
point-0006103,11368.587222888,258.168762943,240.639776445,287.500000000,0.000000000,0.000000000
point-0006104,11370.783255319,254.508708892,240.639776445,287.500000000,0.000000000,0.000000000
point-0006105,11371.877658459,256.034158038,241.639776445,287.500000000,0.000000000,0.000000000
point-0006106,11372.765094623,257.513218310,241.639776445,287.500000000,0.000000000,0.000000000
point-0006107,11401.633579534,280.980655622,199.639776445,288.000000000,0.000000000,0.000000000
point-0006108,11402.287877667,282.071152511,199.639776445,288.000000000,0.000000000,0.000000000
point-0006109,11403.382280808,283.596601657,200.639776445,288.000000000,0.000000000,0.000000000
point-0006110,11405.345175209,280.325110989,200.639776445,288.000000000,0.000000000,0.000000000
point-0006111,11406.062605314,279.669566356,201.639776445,288.000000000,0.000000000,0.000000000
point-0006112,11408.501867671,283.735003618,201.639776445,288.000000000,0.000000000,0.000000000
point-0006113,11409.219297776,283.079458985,202.639776445,288.000000000,0.000000000,0.000000000
point-0006114,11411.658560133,279.014021724,202.639776445,288.000000000,0.000000000,0.000000000
point-0006115,11412.375990238,278.358477091,203.639776445,288.000000000,0.000000000,0.000000000
point-0006116,11414.815252595,282.423914353,203.639776445,288.000000000,0.000000000,0.000000000
point-0006117,11415.532682700,281.768369720,204.639776445,288.000000000,0.000000000,0.000000000
point-0006118,11417.971945057,277.702932458,204.639776445,288.000000000,0.000000000,0.000000000
point-0006119,11418.689375162,277.047387826,205.639776445,288.000000000,0.000000000,0.000000000
point-0006120,11421.128637519,281.112825087,205.639776445,288.000000000,0.000000000,0.000000000
point-0006121,11421.846067624,280.457280455,206.639776445,288.000000000,0.000000000,0.000000000
point-0006122,11424.285329981,276.391843193,206.639776445,288.000000000,0.000000000,0.000000000
point-0006123,11425.002760086,275.736298560,207.639776445,288.000000000,0.000000000,0.000000000
point-0006124,11427.442022443,279.801735822,207.639776445,288.000000000,0.000000000,0.000000000
point-0006125,11428.159452548,279.146191189,208.639776445,288.000000000,0.000000000,0.000000000
point-0006126,11430.598714905,275.080753927,208.639776445,288.000000000,0.000000000,0.000000000
point-0006127,11431.316145010,274.425209295,209.639776445,288.000000000,0.000000000,0.000000000
point-0006128,11433.755407367,278.490646556,209.639776445,288.000000000,0.000000000,0.000000000
point-0006129,11434.472837472,277.835101924,210.639776445,288.000000000,0.000000000,0.000000000
point-0006130,11436.912099829,273.769664662,210.639776445,288.000000000,0.000000000,0.000000000
point-0006131,11437.629529934,273.114120029,211.639776445,288.000000000,0.000000000,0.000000000
point-0006132,11440.068792291,277.179557291,211.639776445,288.000000000,0.000000000,0.000000000
point-0006133,11440.786222396,276.524012658,212.639776445,288.000000000,0.000000000,0.000000000
point-0006134,11443.225484753,272.458575397,212.639776445,288.000000000,0.000000000,0.000000000
point-0006135,11443.942914858,271.803030764,213.639776445,288.000000000,0.000000000,0.000000000
point-0006136,11446.382177215,275.868468026,213.639776445,288.000000000,0.000000000,0.000000000
point-0006137,11447.099607320,275.212923393,214.639776445,288.000000000,0.000000000,0.000000000
point-0006138,11449.538869677,271.147486131,214.639776445,288.000000000,0.000000000,0.000000000
point-0006139,11450.256299782,270.491941499,215.639776445,288.000000000,0.000000000,0.000000000
point-0006140,11452.695562139,274.557378760,215.639776445,288.000000000,0.000000000,0.000000000
point-0006141,11453.412992244,273.901834128,216.639776445,288.000000000,0.000000000,0.000000000
point-0006142,11455.852254601,269.836396866,216.639776445,288.000000000,0.000000000,0.000000000
point-0006143,11456.569684706,269.180852233,217.639776445,288.000000000,0.000000000,0.000000000
point-0006144,11459.008947063,273.246289495,217.639776445,288.000000000,0.000000000,0.000000000
point-0006145,11459.726377168,272.590744862,218.639776445,288.000000000,0.000000000,0.000000000
point-0006146,11462.165639525,268.525307601,218.639776445,288.000000000,0.000000000,0.000000000
point-0006147,11462.883069630,267.869762968,219.639776445,288.000000000,0.000000000,0.000000000
point-0006148,11465.322331987,271.935200230,219.639776445,288.000000000,0.000000000,0.000000000
point-0006149,11466.039762092,271.279655597,220.639776445,288.000000000,0.000000000,0.000000000
point-0006150,11468.479024449,267.214218335,220.639776445,288.000000000,0.000000000,0.000000000
point-0006151,11469.196454554,266.558673702,221.639776445,288.000000000,0.000000000,0.000000000
point-0006152,11471.635716911,270.624110964,221.639776445,288.000000000,0.000000000,0.000000000
point-0006153,11472.353147016,269.968566331,222.639776445,288.000000000,0.000000000,0.000000000
point-0006154,11474.792409373,265.903129070,222.639776445,288.000000000,0.000000000,0.000000000
point-0006155,11475.509839478,265.247584437,223.639776445,288.000000000,0.000000000,0.000000000
point-0006156,11477.949101835,269.313021699,223.639776445,288.000000000,0.000000000,0.000000000
point-0006157,11478.666531940,268.657477066,224.639776445,288.000000000,0.000000000,0.000000000
point-0006158,11481.105794297,264.592039804,224.639776445,288.000000000,0.000000000,0.000000000
point-0006159,11481.823224402,263.936495172,225.639776445,288.000000000,0.000000000,0.000000000
point-0006160,11484.262486759,268.001932433,225.639776445,288.000000000,0.000000000,0.000000000
point-0006161,11484.979916864,267.346387801,226.639776445,288.000000000,0.000000000,0.000000000
point-0006162,11487.419179221,263.280950539,226.639776445,288.000000000,0.000000000,0.000000000
point-0006163,11488.136609326,262.625405906,227.639776445,288.000000000,0.000000000,0.000000000
point-0006164,11490.575871683,266.690843168,227.639776445,288.000000000,0.000000000,0.000000000
point-0006165,11491.293301788,266.035298535,228.639776445,288.000000000,0.000000000,0.000000000
point-0006166,11493.732564145,261.969861274,228.639776445,288.000000000,0.000000000,0.000000000
point-0006167,11494.449994250,261.314316641,229.639776445,288.000000000,0.000000000,0.000000000
point-0006168,11496.889256607,265.379753903,229.639776445,288.000000000,0.000000000,0.000000000
point-0006169,11497.606686712,264.724209270,230.639776445,288.000000000,0.000000000,0.000000000
point-0006170,11500.045949069,260.658772008,230.639776445,288.000000000,0.000000000,0.000000000
point-0006171,11500.763379174,260.003227376,231.639776445,288.000000000,0.000000000,0.000000000
point-0006172,11503.202641531,264.068664637,231.639776445,288.000000000,0.000000000,0.000000000
point-0006173,11503.920071636,263.413120005,232.639776445,288.000000000,0.000000000,0.000000000
point-0006174,11506.359333993,259.347682743,232.639776445,288.000000000,0.000000000,0.000000000
point-0006175,11507.076764098,258.692138110,233.639776445,288.000000000,0.000000000,0.000000000
point-0006176,11509.516026455,262.757575372,233.639776445,288.000000000,0.000000000,0.000000000
point-0006177,11510.233456560,262.102030739,234.639776445,288.000000000,0.000000000,0.000000000
point-0006178,11512.672718917,258.036593477,234.639776445,288.000000000,0.000000000,0.000000000
point-0006179,11513.390149022,257.381048845,235.639776445,288.000000000,0.000000000,0.000000000
point-0006180,11515.829411379,261.446486106,235.639776445,288.000000000,0.000000000,0.000000000
point-0006181,11516.546841484,260.790941474,236.639776445,288.000000000,0.000000000,0.000000000
point-0006182,11518.986103841,256.725504212,236.639776445,288.000000000,0.000000000,0.000000000
point-0006183,11519.703533946,256.069959579,237.639776445,288.000000000,0.000000000,0.000000000
point-0006184,11522.142796303,260.135396841,237.639776445,288.000000000,0.000000000,0.000000000
point-0006185,11522.860226408,259.479852208,238.639776445,288.000000000,0.000000000,0.000000000
point-0006186,11525.299488765,255.414414947,238.639776445,288.000000000,0.000000000,0.000000000
point-0006187,11526.016918870,254.758870314,239.639776445,288.000000000,0.000000000,0.000000000
point-0006188,11528.456181227,258.824307576,239.639776445,288.000000000,0.000000000,0.000000000
point-0006189,11529.173611332,258.168762943,240.639776445,288.000000000,0.000000000,0.000000000
point-0006190,11531.369643763,254.508708892,240.639776445,288.000000000,0.000000000,0.000000000
point-0006191,11532.464046904,256.034158038,241.639776445,288.000000000,0.000000000,0.000000000
point-0006192,11533.351483067,257.513218310,241.639776445,288.000000000,0.000000000,0.000000000
point-0006193,11562.219967978,280.980655622,199.639776445,288.500000000,0.000000000,0.000000000
point-0006194,11562.874266111,282.071152511,199.639776445,288.500000000,0.000000000,0.000000000
point-0006195,11563.968669252,283.596601657,200.639776445,288.500000000,0.000000000,0.000000000
point-0006196,11565.931563653,280.325110989,200.639776445,288.500000000,0.000000000,0.000000000
point-0006197,11566.648993758,279.669566356,201.639776445,288.500000000,0.000000000,0.000000000
point-0006198,11569.088256115,283.735003618,201.639776445,288.500000000,0.000000000,0.000000000
point-0006199,11569.805686220,283.079458985,202.639776445,288.500000000,0.000000000,0.000000000
point-0006200,11572.244948577,279.014021724,202.639776445,288.500000000,0.000000000,0.000000000
point-0006201,11572.962378682,278.358477091,203.639776445,288.500000000,0.000000000,0.000000000
point-0006202,11575.401641039,282.423914353,203.639776445,288.500000000,0.000000000,0.000000000
point-0006203,11576.119071144,281.768369720,204.639776445,288.500000000,0.000000000,0.000000000
point-0006204,11578.558333501,277.702932458,204.639776445,288.500000000,0.000000000,0.000000000
point-0006205,11579.275763606,277.047387826,205.639776445,288.500000000,0.000000000,0.000000000
point-0006206,11581.715025963,281.112825087,205.639776445,288.500000000,0.000000000,0.000000000
point-0006207,11582.432456068,280.457280455,206.639776445,288.500000000,0.000000000,0.000000000
point-0006208,11584.871718425,276.391843193,206.639776445,288.500000000,0.000000000,0.000000000
point-0006209,11585.589148530,275.736298560,207.639776445,288.500000000,0.000000000,0.000000000
point-0006210,11588.028410887,279.801735822,207.639776445,288.500000000,0.000000000,0.000000000
point-0006211,11588.745840992,279.146191189,208.639776445,288.500000000,0.000000000,0.000000000
point-0006212,11591.185103349,275.080753927,208.639776445,288.500000000,0.000000000,0.000000000
point-0006213,11591.902533454,274.425209295,209.639776445,288.500000000,0.000000000,0.000000000
point-0006214,11594.341795811,278.490646556,209.639776445,288.500000000,0.000000000,0.000000000
point-0006215,11595.059225916,277.835101924,210.639776445,288.500000000,0.000000000,0.000000000
point-0006216,11597.498488273,273.769664662,210.639776445,288.500000000,0.000000000,0.000000000
point-0006217,11598.215918378,273.114120029,211.639776445,288.500000000,0.000000000,0.000000000
point-0006218,11600.655180735,277.179557291,211.639776445,288.500000000,0.000000000,0.000000000
point-0006219,11601.372610840,276.524012658,212.639776445,288.500000000,0.000000000,0.000000000
point-0006220,11603.811873197,272.458575397,212.639776445,288.500000000,0.000000000,0.000000000
point-0006221,11604.529303302,271.803030764,213.639776445,288.500000000,0.000000000,0.000000000
point-0006222,11606.968565659,275.868468026,213.639776445,288.500000000,0.000000000,0.000000000
point-0006223,11607.685995764,275.212923393,214.639776445,288.500000000,0.000000000,0.000000000
point-0006224,11610.125258121,271.147486131,214.639776445,288.500000000,0.000000000,0.000000000
point-0006225,11610.842688226,270.491941499,215.639776445,288.500000000,0.000000000,0.000000000
point-0006226,11613.281950583,274.557378760,215.639776445,288.500000000,0.000000000,0.000000000
point-0006227,11613.999380688,273.901834128,216.639776445,288.500000000,0.000000000,0.000000000
point-0006228,11616.438643045,269.836396866,216.639776445,288.500000000,0.000000000,0.000000000
point-0006229,11617.156073150,269.180852233,217.639776445,288.500000000,0.000000000,0.000000000
point-0006230,11619.595335507,273.246289495,217.639776445,288.500000000,0.000000000,0.000000000
point-0006231,11620.312765612,272.590744862,218.639776445,288.500000000,0.000000000,0.000000000
point-0006232,11622.752027969,268.525307601,218.639776445,288.500000000,0.000000000,0.000000000
point-0006233,11623.469458074,267.869762968,219.639776445,288.500000000,0.000000000,0.000000000
point-0006234,11625.908720431,271.935200230,219.639776445,288.500000000,0.000000000,0.000000000
point-0006235,11626.626150536,271.279655597,220.639776445,288.500000000,0.000000000,0.000000000
point-0006236,11629.065412893,267.214218335,220.639776445,288.500000000,0.000000000,0.000000000
point-0006237,11629.782842998,266.558673702,221.639776445,288.500000000,0.000000000,0.000000000
point-0006238,11632.222105355,270.624110964,221.639776445,288.500000000,0.000000000,0.000000000
point-0006239,11632.939535460,269.968566331,222.639776445,288.500000000,0.000000000,0.000000000
point-0006240,11635.378797817,265.903129070,222.639776445,288.500000000,0.000000000,0.000000000
point-0006241,11636.096227922,265.247584437,223.639776445,288.500000000,0.000000000,0.000000000
point-0006242,11638.535490279,269.313021699,223.639776445,288.500000000,0.000000000,0.000000000
point-0006243,11639.252920384,268.657477066,224.639776445,288.500000000,0.000000000,0.000000000
point-0006244,11641.692182741,264.592039804,224.639776445,288.500000000,0.000000000,0.000000000
point-0006245,11642.409612846,263.936495172,225.639776445,288.500000000,0.000000000,0.000000000
point-0006246,11644.848875203,268.001932433,225.639776445,288.500000000,0.000000000,0.000000000
point-0006247,11645.566305308,267.346387801,226.639776445,288.500000000,0.000000000,0.000000000
point-0006248,11648.005567665,263.280950539,226.639776445,288.500000000,0.000000000,0.000000000
point-0006249,11648.722997770,262.625405906,227.639776445,288.500000000,0.000000000,0.000000000
point-0006250,11651.162260127,266.690843168,227.639776445,288.500000000,0.000000000,0.000000000
point-0006251,11651.879690232,266.035298535,228.639776445,288.500000000,0.000000000,0.000000000
point-0006252,11654.318952589,261.969861274,228.639776445,288.500000000,0.000000000,0.000000000
point-0006253,11655.036382694,261.314316641,229.639776445,288.500000000,0.000000000,0.000000000
point-0006254,11657.475645051,265.379753903,229.639776445,288.500000000,0.000000000,0.000000000
point-0006255,11658.193075156,264.724209270,230.639776445,288.500000000,0.000000000,0.000000000
point-0006256,11660.632337513,260.658772008,230.639776445,288.500000000,0.000000000,0.000000000
point-0006257,11661.349767618,260.003227376,231.639776445,288.500000000,0.000000000,0.000000000
point-0006258,11663.789029975,264.068664637,231.639776445,288.500000000,0.000000000,0.000000000
point-0006259,11664.506460080,263.413120005,232.639776445,288.500000000,0.000000000,0.000000000
point-0006260,11666.945722437,259.347682743,232.639776445,288.500000000,0.000000000,0.000000000
point-0006261,11667.663152542,258.692138110,233.639776445,288.500000000,0.000000000,0.000000000
point-0006262,11670.102414899,262.757575372,233.639776445,288.500000000,0.000000000,0.000000000
point-0006263,11670.819845004,262.102030739,234.639776445,288.500000000,0.000000000,0.000000000
point-0006264,11673.259107361,258.036593477,234.639776445,288.500000000,0.000000000,0.000000000
point-0006265,11673.976537466,257.381048845,235.639776445,288.500000000,0.000000000,0.000000000
point-0006266,11676.415799823,261.446486106,235.639776445,288.500000000,0.000000000,0.000000000
point-0006267,11677.133229928,260.790941474,236.639776445,288.500000000,0.000000000,0.000000000
point-0006268,11679.572492285,256.725504212,236.639776445,288.500000000,0.000000000,0.000000000
point-0006269,11680.289922390,256.069959579,237.639776445,288.500000000,0.000000000,0.000000000
point-0006270,11682.729184747,260.135396841,237.639776445,288.500000000,0.000000000,0.000000000
point-0006271,11683.446614852,259.479852208,238.639776445,288.500000000,0.000000000,0.000000000
point-0006272,11685.885877209,255.414414947,238.639776445,288.500000000,0.000000000,0.000000000
point-0006273,11686.603307314,254.758870314,239.639776445,288.500000000,0.000000000,0.000000000
point-0006274,11689.042569671,258.824307576,239.639776445,288.500000000,0.000000000,0.000000000
point-0006275,11689.759999776,258.168762943,240.639776445,288.500000000,0.000000000,0.000000000
point-0006276,11691.956032207,254.508708892,240.639776445,288.500000000,0.000000000,0.000000000
point-0006277,11693.050435348,256.034158038,241.639776445,288.500000000,0.000000000,0.000000000
point-0006278,11693.937871511,257.513218310,241.639776445,288.500000000,0.000000000,0.000000000
point-0006279,11722.806356422,280.980655622,199.639776445,289.000000000,0.000000000,0.000000000
point-0006280,11723.460654555,282.071152511,199.639776445,289.000000000,0.000000000,0.000000000
point-0006281,11724.555057696,283.596601657,200.639776445,289.000000000,0.000000000,0.000000000
point-0006282,11726.517952097,280.325110989,200.639776445,289.000000000,0.000000000,0.000000000
point-0006283,11727.235382202,279.669566356,201.639776445,289.000000000,0.000000000,0.000000000
point-0006284,11729.674644559,283.735003618,201.639776445,289.000000000,0.000000000,0.000000000
point-0006285,11730.392074664,283.079458985,202.639776445,289.000000000,0.000000000,0.000000000
point-0006286,11732.831337021,279.014021724,202.639776445,289.000000000,0.000000000,0.000000000
point-0006287,11733.548767126,278.358477091,203.639776445,289.000000000,0.000000000,0.000000000
point-0006288,11735.988029483,282.423914353,203.639776445,289.000000000,0.000000000,0.000000000
point-0006289,11736.705459588,281.768369720,204.639776445,289.000000000,0.000000000,0.000000000
point-0006290,11739.144721945,277.702932458,204.639776445,289.000000000,0.000000000,0.000000000
point-0006291,11739.862152050,277.047387826,205.639776445,289.000000000,0.000000000,0.000000000
point-0006292,11742.301414407,281.112825087,205.639776445,289.000000000,0.000000000,0.000000000
point-0006293,11743.018844512,280.457280455,206.639776445,289.000000000,0.000000000,0.000000000
point-0006294,11745.458106869,276.391843193,206.639776445,289.000000000,0.000000000,0.000000000
point-0006295,11746.175536974,275.736298560,207.639776445,289.000000000,0.000000000,0.000000000
point-0006296,11748.614799331,279.801735822,207.639776445,289.000000000,0.000000000,0.000000000
point-0006297,11749.332229436,279.146191189,208.639776445,289.000000000,0.000000000,0.000000000
point-0006298,11751.771491793,275.080753927,208.639776445,289.000000000,0.000000000,0.000000000
point-0006299,11752.488921898,274.425209295,209.639776445,289.000000000,0.000000000,0.000000000
point-0006300,11754.928184255,278.490646556,209.639776445,289.000000000,0.000000000,0.000000000
point-0006301,11755.645614360,277.835101924,210.639776445,289.000000000,0.000000000,0.000000000
point-0006302,11758.084876717,273.769664662,210.639776445,289.000000000,0.000000000,0.000000000
point-0006303,11758.802306822,273.114120029,211.639776445,289.000000000,0.000000000,0.000000000
point-0006304,11761.241569179,277.179557291,211.639776445,289.000000000,0.000000000,0.000000000
point-0006305,11761.958999284,276.524012658,212.639776445,289.000000000,0.000000000,0.000000000
point-0006306,11764.398261641,272.458575397,212.639776445,289.000000000,0.000000000,0.000000000
point-0006307,11765.115691746,271.803030764,213.639776445,289.000000000,0.000000000,0.000000000
point-0006308,11767.554954103,275.868468026,213.639776445,289.000000000,0.000000000,0.000000000
point-0006309,11768.272384208,275.212923393,214.639776445,289.000000000,0.000000000,0.000000000
point-0006310,11770.711646565,271.147486131,214.639776445,289.000000000,0.000000000,0.000000000
point-0006311,11771.429076670,270.491941499,215.639776445,289.000000000,0.000000000,0.000000000
point-0006312,11773.868339027,274.557378760,215.639776445,289.000000000,0.000000000,0.000000000
point-0006313,11774.585769132,273.901834128,216.639776445,289.000000000,0.000000000,0.000000000
point-0006314,11777.025031489,269.836396866,216.639776445,289.000000000,0.000000000,0.000000000
point-0006315,11777.742461594,269.180852233,217.639776445,289.000000000,0.000000000,0.000000000
point-0006316,11780.181723951,273.246289495,217.639776445,289.000000000,0.000000000,0.000000000
point-0006317,11780.899154056,272.590744862,218.639776445,289.000000000,0.000000000,0.000000000
point-0006318,11783.338416413,268.525307601,218.639776445,289.000000000,0.000000000,0.000000000
point-0006319,11784.055846518,267.869762968,219.639776445,289.000000000,0.000000000,0.000000000
point-0006320,11786.495108875,271.935200230,219.639776445,289.000000000,0.000000000,0.000000000
point-0006321,11787.212538980,271.279655597,220.639776445,289.000000000,0.000000000,0.000000000
point-0006322,11789.651801337,267.214218335,220.639776445,289.000000000,0.000000000,0.000000000
point-0006323,11790.369231442,266.558673702,221.639776445,289.000000000,0.000000000,0.000000000
point-0006324,11792.808493799,270.624110964,221.639776445,289.000000000,0.000000000,0.000000000
point-0006325,11793.525923904,269.968566331,222.639776445,289.000000000,0.000000000,0.000000000
point-0006326,11795.965186261,265.903129070,222.639776445,289.000000000,0.000000000,0.000000000
point-0006327,11796.682616366,265.247584437,223.639776445,289.000000000,0.000000000,0.000000000
point-0006328,11799.121878723,269.313021699,223.639776445,289.000000000,0.000000000,0.000000000
point-0006329,11799.839308828,268.657477066,224.639776445,289.000000000,0.000000000,0.000000000
point-0006330,11802.278571185,264.592039804,224.639776445,289.000000000,0.000000000,0.000000000
point-0006331,11802.996001290,263.936495172,225.639776445,289.000000000,0.000000000,0.000000000
point-0006332,11805.435263647,268.001932433,225.639776445,289.000000000,0.000000000,0.000000000
point-0006333,11806.152693752,267.346387801,226.639776445,289.000000000,0.000000000,0.000000000
point-0006334,11808.591956109,263.280950539,226.639776445,289.000000000,0.000000000,0.000000000
point-0006335,11809.309386214,262.625405906,227.639776445,289.000000000,0.000000000,0.000000000
point-0006336,11811.748648571,266.690843168,227.639776445,289.000000000,0.000000000,0.000000000
point-0006337,11812.466078676,266.035298535,228.639776445,289.000000000,0.000000000,0.000000000
point-0006338,11814.905341033,261.969861274,228.639776445,289.000000000,0.000000000,0.000000000
point-0006339,11815.622771138,261.314316641,229.639776445,289.000000000,0.000000000,0.000000000
point-0006340,11818.062033495,265.379753903,229.639776445,289.000000000,0.000000000,0.000000000
point-0006341,11818.779463600,264.724209270,230.639776445,289.000000000,0.000000000,0.000000000
point-0006342,11821.218725957,260.658772008,230.639776445,289.000000000,0.000000000,0.000000000
point-0006343,11821.936156062,260.003227376,231.639776445,289.000000000,0.000000000,0.000000000
point-0006344,11824.375418419,264.068664637,231.639776445,289.000000000,0.000000000,0.000000000
point-0006345,11825.092848524,263.413120005,232.639776445,289.000000000,0.000000000,0.000000000
point-0006346,11827.532110881,259.347682743,232.639776445,289.000000000,0.000000000,0.000000000
point-0006347,11828.249540986,258.692138110,233.639776445,289.000000000,0.000000000,0.000000000
point-0006348,11830.688803343,262.757575372,233.639776445,289.000000000,0.000000000,0.000000000
point-0006349,11831.406233448,262.102030739,234.639776445,289.000000000,0.000000000,0.000000000
point-0006350,11833.845495805,258.036593477,234.639776445,289.000000000,0.000000000,0.000000000
point-0006351,11834.562925910,257.381048845,235.639776445,289.000000000,0.000000000,0.000000000
point-0006352,11837.002188267,261.446486106,235.639776445,289.000000000,0.000000000,0.000000000
point-0006353,11837.719618372,260.790941474,236.639776445,289.000000000,0.000000000,0.000000000
point-0006354,11840.158880729,256.725504212,236.639776445,289.000000000,0.000000000,0.000000000
point-0006355,11840.876310834,256.069959579,237.639776445,289.000000000,0.000000000,0.000000000
point-0006356,11843.315573191,260.135396841,237.639776445,289.000000000,0.000000000,0.000000000
point-0006357,11844.033003296,259.479852208,238.639776445,289.000000000,0.000000000,0.000000000
point-0006358,11846.472265653,255.414414947,238.639776445,289.000000000,0.000000000,0.000000000
point-0006359,11847.189695758,254.758870314,239.639776445,289.000000000,0.000000000,0.000000000
point-0006360,11849.628958115,258.824307576,239.639776445,289.000000000,0.000000000,0.000000000
point-0006361,11850.346388220,258.168762943,240.639776445,289.000000000,0.000000000,0.000000000
point-0006362,11852.542420651,254.508708892,240.639776445,289.000000000,0.000000000,0.000000000
point-0006363,11853.636823792,256.034158038,241.639776445,289.000000000,0.000000000,0.000000000
point-0006364,11854.524259955,257.513218310,241.639776445,289.000000000,0.000000000,0.000000000
point-0006365,11883.392744866,280.980655622,199.639776445,289.500000000,0.000000000,0.000000000
point-0006366,11884.047042999,282.071152511,199.639776445,289.500000000,0.000000000,0.000000000
point-0006367,11885.141446140,283.596601657,200.639776445,289.500000000,0.000000000,0.000000000
point-0006368,11887.104340541,280.325110989,200.639776445,289.500000000,0.000000000,0.000000000
point-0006369,11887.821770646,279.669566356,201.639776445,289.500000000,0.000000000,0.000000000
point-0006370,11890.261033003,283.735003618,201.639776445,289.500000000,0.000000000,0.000000000
point-0006371,11890.978463108,283.079458985,202.639776445,289.500000000,0.000000000,0.000000000
point-0006372,11893.417725465,279.014021724,202.639776445,289.500000000,0.000000000,0.000000000
point-0006373,11894.135155570,278.358477091,203.639776445,289.500000000,0.000000000,0.000000000
point-0006374,11896.574417927,282.423914353,203.639776445,289.500000000,0.000000000,0.000000000
point-0006375,11897.291848032,281.768369720,204.639776445,289.500000000,0.000000000,0.000000000
point-0006376,11899.731110389,277.702932458,204.639776445,289.500000000,0.000000000,0.000000000
point-0006377,11900.448540494,277.047387826,205.639776445,289.500000000,0.000000000,0.000000000
point-0006378,11902.887802851,281.112825087,205.639776445,289.500000000,0.000000000,0.000000000
point-0006379,11903.605232956,280.457280455,206.639776445,289.500000000,0.000000000,0.000000000
point-0006380,11906.044495313,276.391843193,206.639776445,289.500000000,0.000000000,0.000000000
point-0006381,11906.761925418,275.736298560,207.639776445,289.500000000,0.000000000,0.000000000
point-0006382,11909.201187775,279.801735822,207.639776445,289.500000000,0.000000000,0.000000000
point-0006383,11909.918617880,279.146191189,208.639776445,289.500000000,0.000000000,0.000000000
point-0006384,11912.357880237,275.080753927,208.639776445,289.500000000,0.000000000,0.000000000
point-0006385,11913.075310342,274.425209295,209.639776445,289.500000000,0.000000000,0.000000000
point-0006386,11915.514572699,278.490646556,209.639776445,289.500000000,0.000000000,0.000000000
point-0006387,11916.232002804,277.835101924,210.639776445,289.500000000,0.000000000,0.000000000
point-0006388,11918.671265161,273.769664662,210.639776445,289.500000000,0.000000000,0.000000000
point-0006389,11919.388695266,273.114120029,211.639776445,289.500000000,0.000000000,0.000000000
point-0006390,11921.827957623,277.179557291,211.639776445,289.500000000,0.000000000,0.000000000
point-0006391,11922.545387728,276.524012658,212.639776445,289.500000000,0.000000000,0.000000000
point-0006392,11924.984650085,272.458575397,212.639776445,289.500000000,0.000000000,0.000000000
point-0006393,11925.702080190,271.803030764,213.639776445,289.500000000,0.000000000,0.000000000
point-0006394,11928.141342547,275.868468026,213.639776445,289.500000000,0.000000000,0.000000000
point-0006395,11928.858772652,275.212923393,214.639776445,289.500000000,0.000000000,0.000000000
point-0006396,11931.298035009,271.147486131,214.639776445,289.500000000,0.000000000,0.000000000
point-0006397,11932.015465114,270.491941499,215.639776445,289.500000000,0.000000000,0.000000000
point-0006398,11934.454727471,274.557378760,215.639776445,289.500000000,0.000000000,0.000000000
point-0006399,11935.172157576,273.901834128,216.639776445,289.500000000,0.000000000,0.000000000
point-0006400,11937.611419933,269.836396866,216.639776445,289.500000000,0.000000000,0.000000000
point-0006401,11938.328850038,269.180852233,217.639776445,289.500000000,0.000000000,0.000000000
point-0006402,11940.768112395,273.246289495,217.639776445,289.500000000,0.000000000,0.000000000
point-0006403,11941.485542500,272.590744862,218.639776445,289.500000000,0.000000000,0.000000000
point-0006404,11943.924804857,268.525307601,218.639776445,289.500000000,0.000000000,0.000000000
point-0006405,11944.642234962,267.869762968,219.639776445,289.500000000,0.000000000,0.000000000
point-0006406,11947.081497319,271.935200230,219.639776445,289.500000000,0.000000000,0.000000000
point-0006407,11947.798927424,271.279655597,220.639776445,289.500000000,0.000000000,0.000000000
point-0006408,11950.238189781,267.214218335,220.639776445,289.500000000,0.000000000,0.000000000
point-0006409,11950.955619886,266.558673702,221.639776445,289.500000000,0.000000000,0.000000000
point-0006410,11953.394882243,270.624110964,221.639776445,289.500000000,0.000000000,0.000000000
point-0006411,11954.112312348,269.968566331,222.639776445,289.500000000,0.000000000,0.000000000
point-0006412,11956.551574705,265.903129070,222.639776445,289.500000000,0.000000000,0.000000000
point-0006413,11957.269004810,265.247584437,223.639776445,289.500000000,0.000000000,0.000000000
point-0006414,11959.708267167,269.313021699,223.639776445,289.500000000,0.000000000,0.000000000
point-0006415,11960.425697272,268.657477066,224.639776445,289.500000000,0.000000000,0.000000000
point-0006416,11962.864959629,264.592039804,224.639776445,289.500000000,0.000000000,0.000000000
point-0006417,11963.582389734,263.936495172,225.639776445,289.500000000,0.000000000,0.000000000
point-0006418,11966.021652091,268.001932433,225.639776445,289.500000000,0.000000000,0.000000000
point-0006419,11966.739082196,267.346387801,226.639776445,289.500000000,0.000000000,0.000000000
point-0006420,11969.178344553,263.280950539,226.639776445,289.500000000,0.000000000,0.000000000
point-0006421,11969.895774658,262.625405906,227.639776445,289.500000000,0.000000000,0.000000000
point-0006422,11972.335037015,266.690843168,227.639776445,289.500000000,0.000000000,0.000000000
point-0006423,11973.052467120,266.035298535,228.639776445,289.500000000,0.000000000,0.000000000
point-0006424,11975.491729477,261.969861274,228.639776445,289.500000000,0.000000000,0.000000000
point-0006425,11976.209159582,261.314316641,229.639776445,289.500000000,0.000000000,0.000000000
point-0006426,11978.648421939,265.379753903,229.639776445,289.500000000,0.000000000,0.000000000
point-0006427,11979.365852044,264.724209270,230.639776445,289.500000000,0.000000000,0.000000000
point-0006428,11981.805114401,260.658772008,230.639776445,289.500000000,0.000000000,0.000000000
point-0006429,11982.522544506,260.003227376,231.639776445,289.500000000,0.000000000,0.000000000
point-0006430,11984.961806863,264.068664637,231.639776445,289.500000000,0.000000000,0.000000000
point-0006431,11985.679236968,263.413120005,232.639776445,289.500000000,0.000000000,0.000000000
point-0006432,11988.118499325,259.347682743,232.639776445,289.500000000,0.000000000,0.000000000
point-0006433,11988.835929430,258.692138110,233.639776445,289.500000000,0.000000000,0.000000000
point-0006434,11991.275191787,262.757575372,233.639776445,289.500000000,0.000000000,0.000000000
point-0006435,11991.992621892,262.102030739,234.639776445,289.500000000,0.000000000,0.000000000
point-0006436,11994.431884249,258.036593477,234.639776445,289.500000000,0.000000000,0.000000000
point-0006437,11995.149314354,257.381048845,235.639776445,289.500000000,0.000000000,0.000000000
point-0006438,11997.588576711,261.446486106,235.639776445,289.500000000,0.000000000,0.000000000
point-0006439,11998.306006816,260.790941474,236.639776445,289.500000000,0.000000000,0.000000000
point-0006440,12000.745269173,256.725504212,236.639776445,289.500000000,0.000000000,0.000000000
point-0006441,12001.462699278,256.069959579,237.639776445,289.500000000,0.000000000,0.000000000
point-0006442,12003.901961635,260.135396841,237.639776445,289.500000000,0.000000000,0.000000000
point-0006443,12004.619391740,259.479852208,238.639776445,289.500000000,0.000000000,0.000000000
point-0006444,12007.058654097,255.414414947,238.639776445,289.500000000,0.000000000,0.000000000
point-0006445,12007.776084202,254.758870314,239.639776445,289.500000000,0.000000000,0.000000000
point-0006446,12010.215346559,258.824307576,239.639776445,289.500000000,0.000000000,0.000000000
point-0006447,12010.932776664,258.168762943,240.639776445,289.500000000,0.000000000,0.000000000
point-0006448,12013.128809095,254.508708892,240.639776445,289.500000000,0.000000000,0.000000000
point-0006449,12014.223212236,256.034158038,241.639776445,289.500000000,0.000000000,0.000000000
point-0006450,12015.110648400,257.513218310,241.639776445,289.500000000,0.000000000,0.000000000
point-0006451,12043.979133310,280.980655622,199.639776445,290.000000000,0.000000000,0.000000000
point-0006452,12044.633431444,282.071152511,199.639776445,290.000000000,0.000000000,0.000000000
point-0006453,12045.727834584,283.596601657,200.639776445,290.000000000,0.000000000,0.000000000
point-0006454,12047.690728985,280.325110989,200.639776445,290.000000000,0.000000000,0.000000000
point-0006455,12048.408159090,279.669566356,201.639776445,290.000000000,0.000000000,0.000000000
point-0006456,12050.847421447,283.735003618,201.639776445,290.000000000,0.000000000,0.000000000
point-0006457,12051.564851552,283.079458985,202.639776445,290.000000000,0.000000000,0.000000000
point-0006458,12054.004113909,279.014021724,202.639776445,290.000000000,0.000000000,0.000000000
point-0006459,12054.721544014,278.358477091,203.639776445,290.000000000,0.000000000,0.000000000
point-0006460,12057.160806371,282.423914353,203.639776445,290.000000000,0.000000000,0.000000000
point-0006461,12057.878236476,281.768369720,204.639776445,290.000000000,0.000000000,0.000000000
point-0006462,12060.317498833,277.702932458,204.639776445,290.000000000,0.000000000,0.000000000
point-0006463,12061.034928938,277.047387826,205.639776445,290.000000000,0.000000000,0.000000000
point-0006464,12063.474191295,281.112825087,205.639776445,290.000000000,0.000000000,0.000000000
point-0006465,12064.191621400,280.457280455,206.639776445,290.000000000,0.000000000,0.000000000
point-0006466,12066.630883757,276.391843193,206.639776445,290.000000000,0.000000000,0.000000000
point-0006467,12067.348313862,275.736298560,207.639776445,290.000000000,0.000000000,0.000000000
point-0006468,12069.787576219,279.801735822,207.639776445,290.000000000,0.000000000,0.000000000
point-0006469,12070.505006324,279.146191189,208.639776445,290.000000000,0.000000000,0.000000000
point-0006470,12072.944268681,275.080753927,208.639776445,290.000000000,0.000000000,0.000000000
point-0006471,12073.661698786,274.425209295,209.639776445,290.000000000,0.000000000,0.000000000
point-0006472,12076.100961143,278.490646556,209.639776445,290.000000000,0.000000000,0.000000000
point-0006473,12076.818391248,277.835101924,210.639776445,290.000000000,0.000000000,0.000000000
point-0006474,12079.257653605,273.769664662,210.639776445,290.000000000,0.000000000,0.000000000
point-0006475,12079.975083710,273.114120029,211.639776445,290.000000000,0.000000000,0.000000000
point-0006476,12082.414346067,277.179557291,211.639776445,290.000000000,0.000000000,0.000000000
point-0006477,12083.131776172,276.524012658,212.639776445,290.000000000,0.000000000,0.000000000
point-0006478,12085.571038529,272.458575397,212.639776445,290.000000000,0.000000000,0.000000000
point-0006479,12086.288468634,271.803030764,213.639776445,290.000000000,0.000000000,0.000000000
point-0006480,12088.727730991,275.868468026,213.639776445,290.000000000,0.000000000,0.000000000
point-0006481,12089.445161096,275.212923393,214.639776445,290.000000000,0.000000000,0.000000000
point-0006482,12091.884423453,271.147486131,214.639776445,290.000000000,0.000000000,0.000000000
point-0006483,12092.601853558,270.491941499,215.639776445,290.000000000,0.000000000,0.000000000
point-0006484,12095.041115915,274.557378760,215.639776445,290.000000000,0.000000000,0.000000000
point-0006485,12095.758546020,273.901834128,216.639776445,290.000000000,0.000000000,0.000000000
point-0006486,12098.197808377,269.836396866,216.639776445,290.000000000,0.000000000,0.000000000
point-0006487,12098.915238482,269.180852233,217.639776445,290.000000000,0.000000000,0.000000000
point-0006488,12101.354500839,273.246289495,217.639776445,290.000000000,0.000000000,0.000000000
point-0006489,12102.071930944,272.590744862,218.639776445,290.000000000,0.000000000,0.000000000
point-0006490,12104.511193301,268.525307601,218.639776445,290.000000000,0.000000000,0.000000000
point-0006491,12105.228623406,267.869762968,219.639776445,290.000000000,0.000000000,0.000000000
point-0006492,12107.667885763,271.935200230,219.639776445,290.000000000,0.000000000,0.000000000
point-0006493,12108.385315868,271.279655597,220.639776445,290.000000000,0.000000000,0.000000000
point-0006494,12110.824578225,267.214218335,220.639776445,290.000000000,0.000000000,0.000000000
point-0006495,12111.542008330,266.558673702,221.639776445,290.000000000,0.000000000,0.000000000
point-0006496,12113.981270687,270.624110964,221.639776445,290.000000000,0.000000000,0.000000000
point-0006497,12114.698700792,269.968566331,222.639776445,290.000000000,0.000000000,0.000000000
point-0006498,12117.137963149,265.903129070,222.639776445,290.000000000,0.000000000,0.000000000
point-0006499,12117.855393254,265.247584437,223.639776445,290.000000000,0.000000000,0.000000000
point-0006500,12120.294655611,269.313021699,223.639776445,290.000000000,0.000000000,0.000000000
point-0006501,12121.012085716,268.657477066,224.639776445,290.000000000,0.000000000,0.000000000
point-0006502,12123.451348073,264.592039804,224.639776445,290.000000000,0.000000000,0.000000000
point-0006503,12124.168778178,263.936495172,225.639776445,290.000000000,0.000000000,0.000000000
point-0006504,12126.608040535,268.001932433,225.639776445,290.000000000,0.000000000,0.000000000
point-0006505,12127.325470640,267.346387801,226.639776445,290.000000000,0.000000000,0.000000000
point-0006506,12129.764732997,263.280950539,226.639776445,290.000000000,0.000000000,0.000000000
point-0006507,12130.482163102,262.625405906,227.639776445,290.000000000,0.000000000,0.000000000
point-0006508,12132.921425459,266.690843168,227.639776445,290.000000000,0.000000000,0.000000000
point-0006509,12133.638855564,266.035298535,228.639776445,290.000000000,0.000000000,0.000000000
point-0006510,12136.078117921,261.969861274,228.639776445,290.000000000,0.000000000,0.000000000
point-0006511,12136.795548026,261.314316641,229.639776445,290.000000000,0.000000000,0.000000000
point-0006512,12139.234810383,265.379753903,229.639776445,290.000000000,0.000000000,0.000000000
point-0006513,12139.952240488,264.724209270,230.639776445,290.000000000,0.000000000,0.000000000
point-0006514,12142.391502845,260.658772008,230.639776445,290.000000000,0.000000000,0.000000000
point-0006515,12143.108932950,260.003227376,231.639776445,290.000000000,0.000000000,0.000000000
point-0006516,12145.548195307,264.068664637,231.639776445,290.000000000,0.000000000,0.000000000
point-0006517,12146.265625412,263.413120005,232.639776445,290.000000000,0.000000000,0.000000000
point-0006518,12148.704887769,259.347682743,232.639776445,290.000000000,0.000000000,0.000000000
point-0006519,12149.422317874,258.692138110,233.639776445,290.000000000,0.000000000,0.000000000
point-0006520,12151.861580231,262.757575372,233.639776445,290.000000000,0.000000000,0.000000000
point-0006521,12152.579010336,262.102030739,234.639776445,290.000000000,0.000000000,0.000000000
point-0006522,12155.018272693,258.036593477,234.639776445,290.000000000,0.000000000,0.000000000
point-0006523,12155.735702798,257.381048845,235.639776445,290.000000000,0.000000000,0.000000000
point-0006524,12158.174965155,261.446486106,235.639776445,290.000000000,0.000000000,0.000000000
point-0006525,12158.892395260,260.790941474,236.639776445,290.000000000,0.000000000,0.000000000
point-0006526,12161.331657617,256.725504212,236.639776445,290.000000000,0.000000000,0.000000000
point-0006527,12162.049087722,256.069959579,237.639776445,290.000000000,0.000000000,0.000000000
point-0006528,12164.488350079,260.135396841,237.639776445,290.000000000,0.000000000,0.000000000
point-0006529,12165.205780184,259.479852208,238.639776445,290.000000000,0.000000000,0.000000000
point-0006530,12167.645042541,255.414414947,238.639776445,290.000000000,0.000000000,0.000000000
point-0006531,12168.362472646,254.758870314,239.639776445,290.000000000,0.000000000,0.000000000
point-0006532,12170.801735003,258.824307576,239.639776445,290.000000000,0.000000000,0.000000000
point-0006533,12171.519165108,258.168762943,240.639776445,290.000000000,0.000000000,0.000000000
point-0006534,12173.715197539,254.508708892,240.639776445,290.000000000,0.000000000,0.000000000
point-0006535,12174.809600680,256.034158038,241.639776445,290.000000000,0.000000000,0.000000000
point-0006536,12175.697036844,257.513218310,241.639776445,290.000000000,0.000000000,0.000000000
point-0006537,12204.565521754,280.980655622,199.639776445,290.500000000,0.000000000,0.000000000
point-0006538,12205.219819888,282.071152511,199.639776445,290.500000000,0.000000000,0.000000000
point-0006539,12206.314223029,283.596601657,200.639776445,290.500000000,0.000000000,0.000000000
point-0006540,12208.277117429,280.325110989,200.639776445,290.500000000,0.000000000,0.000000000
point-0006541,12208.994547534,279.669566356,201.639776445,290.500000000,0.000000000,0.000000000
point-0006542,12211.433809891,283.735003618,201.639776445,290.500000000,0.000000000,0.000000000
point-0006543,12212.151239996,283.079458985,202.639776445,290.500000000,0.000000000,0.000000000
point-0006544,12214.590502353,279.014021724,202.639776445,290.500000000,0.000000000,0.000000000
point-0006545,12215.307932458,278.358477091,203.639776445,290.500000000,0.000000000,0.000000000
point-0006546,12217.747194815,282.423914353,203.639776445,290.500000000,0.000000000,0.000000000
point-0006547,12218.464624920,281.768369720,204.639776445,290.500000000,0.000000000,0.000000000
point-0006548,12220.903887277,277.702932458,204.639776445,290.500000000,0.000000000,0.000000000
point-0006549,12221.621317382,277.047387826,205.639776445,290.500000000,0.000000000,0.000000000
point-0006550,12224.060579739,281.112825087,205.639776445,290.500000000,0.000000000,0.000000000
point-0006551,12224.778009844,280.457280455,206.639776445,290.500000000,0.000000000,0.000000000
point-0006552,12227.217272201,276.391843193,206.639776445,290.500000000,0.000000000,0.000000000
point-0006553,12227.934702306,275.736298560,207.639776445,290.500000000,0.000000000,0.000000000
point-0006554,12230.373964663,279.801735822,207.639776445,290.500000000,0.000000000,0.000000000
point-0006555,12231.091394768,279.146191189,208.639776445,290.500000000,0.000000000,0.000000000
point-0006556,12233.530657125,275.080753927,208.639776445,290.500000000,0.000000000,0.000000000
point-0006557,12234.248087230,274.425209295,209.639776445,290.500000000,0.000000000,0.000000000
point-0006558,12236.687349587,278.490646556,209.639776445,290.500000000,0.000000000,0.000000000
point-0006559,12237.404779692,277.835101924,210.639776445,290.500000000,0.000000000,0.000000000
point-0006560,12239.844042049,273.769664662,210.639776445,290.500000000,0.000000000,0.000000000
point-0006561,12240.561472154,273.114120029,211.639776445,290.500000000,0.000000000,0.000000000
point-0006562,12243.000734511,277.179557291,211.639776445,290.500000000,0.000000000,0.000000000
point-0006563,12243.718164616,276.524012658,212.639776445,290.500000000,0.000000000,0.000000000
point-0006564,12246.157426973,272.458575397,212.639776445,290.500000000,0.000000000,0.000000000
point-0006565,12246.874857078,271.803030764,213.639776445,290.500000000,0.000000000,0.000000000
point-0006566,12249.314119435,275.868468026,213.639776445,290.500000000,0.000000000,0.000000000
point-0006567,12250.031549540,275.212923393,214.639776445,290.500000000,0.000000000,0.000000000
point-0006568,12252.470811897,271.147486131,214.639776445,290.500000000,0.000000000,0.000000000
point-0006569,12253.188242002,270.491941499,215.639776445,290.500000000,0.000000000,0.000000000
point-0006570,12255.627504359,274.557378760,215.639776445,290.500000000,0.000000000,0.000000000
point-0006571,12256.344934464,273.901834128,216.639776445,290.500000000,0.000000000,0.000000000
point-0006572,12258.784196821,269.836396866,216.639776445,290.500000000,0.000000000,0.000000000
point-0006573,12259.501626926,269.180852233,217.639776445,290.500000000,0.000000000,0.000000000
point-0006574,12261.940889283,273.246289495,217.639776445,290.500000000,0.000000000,0.000000000
point-0006575,12262.658319388,272.590744862,218.639776445,290.500000000,0.000000000,0.000000000
point-0006576,12265.097581745,268.525307601,218.639776445,290.500000000,0.000000000,0.000000000
point-0006577,12265.815011850,267.869762968,219.639776445,290.500000000,0.000000000,0.000000000
point-0006578,12268.254274207,271.935200230,219.639776445,290.500000000,0.000000000,0.000000000
point-0006579,12268.971704312,271.279655597,220.639776445,290.500000000,0.000000000,0.000000000
point-0006580,12271.410966669,267.214218335,220.639776445,290.500000000,0.000000000,0.000000000
point-0006581,12272.128396774,266.558673702,221.639776445,290.500000000,0.000000000,0.000000000
point-0006582,12274.567659131,270.624110964,221.639776445,290.500000000,0.000000000,0.000000000
point-0006583,12275.285089236,269.968566331,222.639776445,290.500000000,0.000000000,0.000000000
point-0006584,12277.724351593,265.903129070,222.639776445,290.500000000,0.000000000,0.000000000
point-0006585,12278.441781698,265.247584437,223.639776445,290.500000000,0.000000000,0.000000000
point-0006586,12280.881044055,269.313021699,223.639776445,290.500000000,0.000000000,0.000000000
point-0006587,12281.598474160,268.657477066,224.639776445,290.500000000,0.000000000,0.000000000
point-0006588,12284.037736517,264.592039804,224.639776445,290.500000000,0.000000000,0.000000000
point-0006589,12284.755166622,263.936495172,225.639776445,290.500000000,0.000000000,0.000000000
point-0006590,12287.194428979,268.001932433,225.639776445,290.500000000,0.000000000,0.000000000
point-0006591,12287.911859084,267.346387801,226.639776445,290.500000000,0.000000000,0.000000000
point-0006592,12290.351121441,263.280950539,226.639776445,290.500000000,0.000000000,0.000000000
point-0006593,12291.068551546,262.625405906,227.639776445,290.500000000,0.000000000,0.000000000
point-0006594,12293.507813903,266.690843168,227.639776445,290.500000000,0.000000000,0.000000000
point-0006595,12294.225244008,266.035298535,228.639776445,290.500000000,0.000000000,0.000000000
point-0006596,12296.664506365,261.969861274,228.639776445,290.500000000,0.000000000,0.000000000
point-0006597,12297.381936470,261.314316641,229.639776445,290.500000000,0.000000000,0.000000000
point-0006598,12299.821198827,265.379753903,229.639776445,290.500000000,0.000000000,0.000000000
point-0006599,12300.538628932,264.724209270,230.639776445,290.500000000,0.000000000,0.000000000
point-0006600,12302.977891289,260.658772008,230.639776445,290.500000000,0.000000000,0.000000000
point-0006601,12303.695321394,260.003227376,231.639776445,290.500000000,0.000000000,0.000000000
point-0006602,12306.134583751,264.068664637,231.639776445,290.500000000,0.000000000,0.000000000
point-0006603,12306.852013856,263.413120005,232.639776445,290.500000000,0.000000000,0.000000000
point-0006604,12309.291276213,259.347682743,232.639776445,290.500000000,0.000000000,0.000000000
point-0006605,12310.008706319,258.692138110,233.639776445,290.500000000,0.000000000,0.000000000
point-0006606,12312.447968676,262.757575372,233.639776445,290.500000000,0.000000000,0.000000000
point-0006607,12313.165398781,262.102030739,234.639776445,290.500000000,0.000000000,0.000000000
point-0006608,12315.604661138,258.036593477,234.639776445,290.500000000,0.000000000,0.000000000
point-0006609,12316.322091243,257.381048845,235.639776445,290.500000000,0.000000000,0.000000000
point-0006610,12318.761353600,261.446486106,235.639776445,290.500000000,0.000000000,0.000000000
point-0006611,12319.478783705,260.790941474,236.639776445,290.500000000,0.000000000,0.000000000
point-0006612,12321.918046062,256.725504212,236.639776445,290.500000000,0.000000000,0.000000000
point-0006613,12322.635476167,256.069959579,237.639776445,290.500000000,0.000000000,0.000000000
point-0006614,12325.074738524,260.135396841,237.639776445,290.500000000,0.000000000,0.000000000
point-0006615,12325.792168629,259.479852208,238.639776445,290.500000000,0.000000000,0.000000000
point-0006616,12328.231430986,255.414414947,238.639776445,290.500000000,0.000000000,0.000000000
point-0006617,12328.948861091,254.758870314,239.639776445,290.500000000,0.000000000,0.000000000
point-0006618,12331.388123448,258.824307576,239.639776445,290.500000000,0.000000000,0.000000000
point-0006619,12332.105553553,258.168762943,240.639776445,290.500000000,0.000000000,0.000000000
point-0006620,12334.301585983,254.508708892,240.639776445,290.500000000,0.000000000,0.000000000
point-0006621,12335.395989124,256.034158038,241.639776445,290.500000000,0.000000000,0.000000000
point-0006622,12336.283425288,257.513218310,241.639776445,290.500000000,0.000000000,0.000000000
point-0006623,12365.151910198,280.980655622,199.639776445,291.000000000,0.000000000,0.000000000
point-0006624,12365.806208332,282.071152511,199.639776445,291.000000000,0.000000000,0.000000000
point-0006625,12366.900611473,283.596601657,200.639776445,291.000000000,0.000000000,0.000000000
point-0006626,12368.863505873,280.325110989,200.639776445,291.000000000,0.000000000,0.000000000
point-0006627,12369.580935978,279.669566356,201.639776445,291.000000000,0.000000000,0.000000000
point-0006628,12372.020198335,283.735003618,201.639776445,291.000000000,0.000000000,0.000000000
point-0006629,12372.737628440,283.079458985,202.639776445,291.000000000,0.000000000,0.000000000
point-0006630,12375.176890797,279.014021724,202.639776445,291.000000000,0.000000000,0.000000000
point-0006631,12375.894320902,278.358477091,203.639776445,291.000000000,0.000000000,0.000000000
point-0006632,12378.333583259,282.423914353,203.639776445,291.000000000,0.000000000,0.000000000
point-0006633,12379.051013364,281.768369720,204.639776445,291.000000000,0.000000000,0.000000000
point-0006634,12381.490275721,277.702932458,204.639776445,291.000000000,0.000000000,0.000000000
point-0006635,12382.207705826,277.047387826,205.639776445,291.000000000,0.000000000,0.000000000
point-0006636,12384.646968183,281.112825087,205.639776445,291.000000000,0.000000000,0.000000000
point-0006637,12385.364398288,280.457280455,206.639776445,291.000000000,0.000000000,0.000000000
point-0006638,12387.803660645,276.391843193,206.639776445,291.000000000,0.000000000,0.000000000
point-0006639,12388.521090750,275.736298560,207.639776445,291.000000000,0.000000000,0.000000000
point-0006640,12390.960353107,279.801735822,207.639776445,291.000000000,0.000000000,0.000000000
point-0006641,12391.677783212,279.146191189,208.639776445,291.000000000,0.000000000,0.000000000
point-0006642,12394.117045569,275.080753927,208.639776445,291.000000000,0.000000000,0.000000000
point-0006643,12394.834475674,274.425209295,209.639776445,291.000000000,0.000000000,0.000000000
point-0006644,12397.273738031,278.490646556,209.639776445,291.000000000,0.000000000,0.000000000
point-0006645,12397.991168136,277.835101924,210.639776445,291.000000000,0.000000000,0.000000000
point-0006646,12400.430430493,273.769664662,210.639776445,291.000000000,0.000000000,0.000000000
point-0006647,12401.147860598,273.114120029,211.639776445,291.000000000,0.000000000,0.000000000
point-0006648,12403.587122955,277.179557291,211.639776445,291.000000000,0.000000000,0.000000000
point-0006649,12404.304553060,276.524012658,212.639776445,291.000000000,0.000000000,0.000000000
point-0006650,12406.743815417,272.458575397,212.639776445,291.000000000,0.000000000,0.000000000
point-0006651,12407.461245522,271.803030764,213.639776445,291.000000000,0.000000000,0.000000000
point-0006652,12409.900507879,275.868468026,213.639776445,291.000000000,0.000000000,0.000000000
point-0006653,12410.617937984,275.212923393,214.639776445,291.000000000,0.000000000,0.000000000
point-0006654,12413.057200341,271.147486131,214.639776445,291.000000000,0.000000000,0.000000000
point-0006655,12413.774630446,270.491941499,215.639776445,291.000000000,0.000000000,0.000000000
point-0006656,12416.213892804,274.557378760,215.639776445,291.000000000,0.000000000,0.000000000
point-0006657,12416.931322909,273.901834128,216.639776445,291.000000000,0.000000000,0.000000000
point-0006658,12419.370585266,269.836396866,216.639776445,291.000000000,0.000000000,0.000000000
point-0006659,12420.088015371,269.180852233,217.639776445,291.000000000,0.000000000,0.000000000
point-0006660,12422.527277728,273.246289495,217.639776445,291.000000000,0.000000000,0.000000000
point-0006661,12423.244707833,272.590744862,218.639776445,291.000000000,0.000000000,0.000000000
point-0006662,12425.683970190,268.525307601,218.639776445,291.000000000,0.000000000,0.000000000
point-0006663,12426.401400295,267.869762968,219.639776445,291.000000000,0.000000000,0.000000000
point-0006664,12428.840662652,271.935200230,219.639776445,291.000000000,0.000000000,0.000000000
point-0006665,12429.558092757,271.279655597,220.639776445,291.000000000,0.000000000,0.000000000
point-0006666,12431.997355114,267.214218335,220.639776445,291.000000000,0.000000000,0.000000000
point-0006667,12432.714785219,266.558673702,221.639776445,291.000000000,0.000000000,0.000000000
point-0006668,12435.154047576,270.624110964,221.639776445,291.000000000,0.000000000,0.000000000
point-0006669,12435.871477681,269.968566331,222.639776445,291.000000000,0.000000000,0.000000000
point-0006670,12438.310740038,265.903129070,222.639776445,291.000000000,0.000000000,0.000000000
point-0006671,12439.028170143,265.247584437,223.639776445,291.000000000,0.000000000,0.000000000
point-0006672,12441.467432500,269.313021699,223.639776445,291.000000000,0.000000000,0.000000000
point-0006673,12442.184862605,268.657477066,224.639776445,291.000000000,0.000000000,0.000000000
point-0006674,12444.624124962,264.592039804,224.639776445,291.000000000,0.000000000,0.000000000
point-0006675,12445.341555067,263.936495172,225.639776445,291.000000000,0.000000000,0.000000000
point-0006676,12447.780817424,268.001932433,225.639776445,291.000000000,0.000000000,0.000000000
point-0006677,12448.498247529,267.346387801,226.639776445,291.000000000,0.000000000,0.000000000
point-0006678,12450.937509886,263.280950539,226.639776445,291.000000000,0.000000000,0.000000000
point-0006679,12451.654939991,262.625405906,227.639776445,291.000000000,0.000000000,0.000000000
point-0006680,12454.094202348,266.690843168,227.639776445,291.000000000,0.000000000,0.000000000
point-0006681,12454.811632453,266.035298535,228.639776445,291.000000000,0.000000000,0.000000000
point-0006682,12457.250894810,261.969861274,228.639776445,291.000000000,0.000000000,0.000000000
point-0006683,12457.968324915,261.314316641,229.639776445,291.000000000,0.000000000,0.000000000
point-0006684,12460.407587272,265.379753903,229.639776445,291.000000000,0.000000000,0.000000000
point-0006685,12461.125017377,264.724209270,230.639776445,291.000000000,0.000000000,0.000000000
point-0006686,12463.564279734,260.658772008,230.639776445,291.000000000,0.000000000,0.000000000
point-0006687,12464.281709839,260.003227376,231.639776445,291.000000000,0.000000000,0.000000000
point-0006688,12466.720972196,264.068664637,231.639776445,291.000000000,0.000000000,0.000000000
point-0006689,12467.438402301,263.413120005,232.639776445,291.000000000,0.000000000,0.000000000
point-0006690,12469.877664658,259.347682743,232.639776445,291.000000000,0.000000000,0.000000000
point-0006691,12470.595094763,258.692138110,233.639776445,291.000000000,0.000000000,0.000000000
point-0006692,12473.034357120,262.757575372,233.639776445,291.000000000,0.000000000,0.000000000
point-0006693,12473.751787225,262.102030739,234.639776445,291.000000000,0.000000000,0.000000000
point-0006694,12476.191049582,258.036593477,234.639776445,291.000000000,0.000000000,0.000000000
point-0006695,12476.908479687,257.381048845,235.639776445,291.000000000,0.000000000,0.000000000
point-0006696,12479.347742044,261.446486106,235.639776445,291.000000000,0.000000000,0.000000000
point-0006697,12480.065172149,260.790941474,236.639776445,291.000000000,0.000000000,0.000000000
point-0006698,12482.504434506,256.725504212,236.639776445,291.000000000,0.000000000,0.000000000
point-0006699,12483.221864611,256.069959579,237.639776445,291.000000000,0.000000000,0.000000000
point-0006700,12485.661126968,260.135396841,237.639776445,291.000000000,0.000000000,0.000000000
point-0006701,12486.378557073,259.479852208,238.639776445,291.000000000,0.000000000,0.000000000
point-0006702,12488.817819430,255.414414947,238.639776445,291.000000000,0.000000000,0.000000000
point-0006703,12489.535249535,254.758870314,239.639776445,291.000000000,0.000000000,0.000000000
point-0006704,12491.974511892,258.824307576,239.639776445,291.000000000,0.000000000,0.000000000
point-0006705,12492.691941997,258.168762943,240.639776445,291.000000000,0.000000000,0.000000000
point-0006706,12494.887974427,254.508708892,240.639776445,291.000000000,0.000000000,0.000000000
point-0006707,12495.982377568,256.034158038,241.639776445,291.000000000,0.000000000,0.000000000
point-0006708,12496.869813732,257.513218310,241.639776445,291.000000000,0.000000000,0.000000000
point-0006709,12525.738298642,280.980655622,199.639776445,291.500000000,0.000000000,0.000000000
point-0006710,12526.392596776,282.071152511,199.639776445,291.500000000,0.000000000,0.000000000
point-0006711,12527.486999917,283.596601657,200.639776445,291.500000000,0.000000000,0.000000000
point-0006712,12529.449894318,280.325110989,200.639776445,291.500000000,0.000000000,0.000000000
point-0006713,12530.167324423,279.669566356,201.639776445,291.500000000,0.000000000,0.000000000
point-0006714,12532.606586780,283.735003618,201.639776445,291.500000000,0.000000000,0.000000000
point-0006715,12533.324016885,283.079458985,202.639776445,291.500000000,0.000000000,0.000000000
point-0006716,12535.763279242,279.014021724,202.639776445,291.500000000,0.000000000,0.000000000
point-0006717,12536.480709347,278.358477091,203.639776445,291.500000000,0.000000000,0.000000000
point-0006718,12538.919971704,282.423914353,203.639776445,291.500000000,0.000000000,0.000000000
point-0006719,12539.637401809,281.768369720,204.639776445,291.500000000,0.000000000,0.000000000
point-0006720,12542.076664166,277.702932458,204.639776445,291.500000000,0.000000000,0.000000000
point-0006721,12542.794094271,277.047387826,205.639776445,291.500000000,0.000000000,0.000000000
point-0006722,12545.233356628,281.112825087,205.639776445,291.500000000,0.000000000,0.000000000
point-0006723,12545.950786733,280.457280455,206.639776445,291.500000000,0.000000000,0.000000000
point-0006724,12548.390049090,276.391843193,206.639776445,291.500000000,0.000000000,0.000000000
point-0006725,12549.107479195,275.736298560,207.639776445,291.500000000,0.000000000,0.000000000
point-0006726,12551.546741552,279.801735822,207.639776445,291.500000000,0.000000000,0.000000000
point-0006727,12552.264171657,279.146191189,208.639776445,291.500000000,0.000000000,0.000000000
point-0006728,12554.703434014,275.080753927,208.639776445,291.500000000,0.000000000,0.000000000
point-0006729,12555.420864119,274.425209295,209.639776445,291.500000000,0.000000000,0.000000000
point-0006730,12557.860126476,278.490646556,209.639776445,291.500000000,0.000000000,0.000000000
point-0006731,12558.577556581,277.835101924,210.639776445,291.500000000,0.000000000,0.000000000
point-0006732,12561.016818938,273.769664662,210.639776445,291.500000000,0.000000000,0.000000000
point-0006733,12561.734249043,273.114120029,211.639776445,291.500000000,0.000000000,0.000000000
point-0006734,12564.173511400,277.179557291,211.639776445,291.500000000,0.000000000,0.000000000
point-0006735,12564.890941505,276.524012658,212.639776445,291.500000000,0.000000000,0.000000000
point-0006736,12567.330203862,272.458575397,212.639776445,291.500000000,0.000000000,0.000000000
point-0006737,12568.047633967,271.803030764,213.639776445,291.500000000,0.000000000,0.000000000
point-0006738,12570.486896324,275.868468026,213.639776445,291.500000000,0.000000000,0.000000000
point-0006739,12571.204326429,275.212923393,214.639776445,291.500000000,0.000000000,0.000000000
point-0006740,12573.643588786,271.147486131,214.639776445,291.500000000,0.000000000,0.000000000
point-0006741,12574.361018891,270.491941499,215.639776445,291.500000000,0.000000000,0.000000000
point-0006742,12576.800281248,274.557378760,215.639776445,291.500000000,0.000000000,0.000000000
point-0006743,12577.517711353,273.901834128,216.639776445,291.500000000,0.000000000,0.000000000
point-0006744,12579.956973710,269.836396866,216.639776445,291.500000000,0.000000000,0.000000000
point-0006745,12580.674403815,269.180852233,217.639776445,291.500000000,0.000000000,0.000000000
point-0006746,12583.113666172,273.246289495,217.639776445,291.500000000,0.000000000,0.000000000
point-0006747,12583.831096277,272.590744862,218.639776445,291.500000000,0.000000000,0.000000000
point-0006748,12586.270358634,268.525307601,218.639776445,291.500000000,0.000000000,0.000000000
point-0006749,12586.987788739,267.869762968,219.639776445,291.500000000,0.000000000,0.000000000
point-0006750,12589.427051096,271.935200230,219.639776445,291.500000000,0.000000000,0.000000000
point-0006751,12590.144481201,271.279655597,220.639776445,291.500000000,0.000000000,0.000000000
point-0006752,12592.583743558,267.214218335,220.639776445,291.500000000,0.000000000,0.000000000
point-0006753,12593.301173663,266.558673702,221.639776445,291.500000000,0.000000000,0.000000000
point-0006754,12595.740436020,270.624110964,221.639776445,291.500000000,0.000000000,0.000000000
point-0006755,12596.457866125,269.968566331,222.639776445,291.500000000,0.000000000,0.000000000
point-0006756,12598.897128482,265.903129070,222.639776445,291.500000000,0.000000000,0.000000000
point-0006757,12599.614558587,265.247584437,223.639776445,291.500000000,0.000000000,0.000000000
point-0006758,12602.053820944,269.313021699,223.639776445,291.500000000,0.000000000,0.000000000
point-0006759,12602.771251049,268.657477066,224.639776445,291.500000000,0.000000000,0.000000000
point-0006760,12605.210513406,264.592039804,224.639776445,291.500000000,0.000000000,0.000000000
point-0006761,12605.927943511,263.936495172,225.639776445,291.500000000,0.000000000,0.000000000
point-0006762,12608.367205868,268.001932433,225.639776445,291.500000000,0.000000000,0.000000000
point-0006763,12609.084635973,267.346387801,226.639776445,291.500000000,0.000000000,0.000000000
point-0006764,12611.523898330,263.280950539,226.639776445,291.500000000,0.000000000,0.000000000
point-0006765,12612.241328435,262.625405906,227.639776445,291.500000000,0.000000000,0.000000000
point-0006766,12614.680590792,266.690843168,227.639776445,291.500000000,0.000000000,0.000000000
point-0006767,12615.398020897,266.035298535,228.639776445,291.500000000,0.000000000,0.000000000
point-0006768,12617.837283254,261.969861274,228.639776445,291.500000000,0.000000000,0.000000000
point-0006769,12618.554713359,261.314316641,229.639776445,291.500000000,0.000000000,0.000000000
point-0006770,12620.993975716,265.379753903,229.639776445,291.500000000,0.000000000,0.000000000
point-0006771,12621.711405821,264.724209270,230.639776445,291.500000000,0.000000000,0.000000000
point-0006772,12624.150668178,260.658772008,230.639776445,291.500000000,0.000000000,0.000000000
point-0006773,12624.868098283,260.003227376,231.639776445,291.500000000,0.000000000,0.000000000
point-0006774,12627.307360640,264.068664637,231.639776445,291.500000000,0.000000000,0.000000000
point-0006775,12628.024790745,263.413120005,232.639776445,291.500000000,0.000000000,0.000000000
point-0006776,12630.464053102,259.347682743,232.639776445,291.500000000,0.000000000,0.000000000
point-0006777,12631.181483207,258.692138110,233.639776445,291.500000000,0.000000000,0.000000000
point-0006778,12633.620745564,262.757575372,233.639776445,291.500000000,0.000000000,0.000000000
point-0006779,12634.338175669,262.102030739,234.639776445,291.500000000,0.000000000,0.000000000
point-0006780,12636.777438026,258.036593477,234.639776445,291.500000000,0.000000000,0.000000000
point-0006781,12637.494868131,257.381048845,235.639776445,291.500000000,0.000000000,0.000000000
point-0006782,12639.934130488,261.446486106,235.639776445,291.500000000,0.000000000,0.000000000
point-0006783,12640.651560593,260.790941474,236.639776445,291.500000000,0.000000000,0.000000000
point-0006784,12643.090822950,256.725504212,236.639776445,291.500000000,0.000000000,0.000000000
point-0006785,12643.808253055,256.069959579,237.639776445,291.500000000,0.000000000,0.000000000
point-0006786,12646.247515412,260.135396841,237.639776445,291.500000000,0.000000000,0.000000000
point-0006787,12646.964945517,259.479852208,238.639776445,291.500000000,0.000000000,0.000000000
point-0006788,12649.404207874,255.414414947,238.639776445,291.500000000,0.000000000,0.000000000
point-0006789,12650.121637979,254.758870314,239.639776445,291.500000000,0.000000000,0.000000000
point-0006790,12652.560900336,258.824307576,239.639776445,291.500000000,0.000000000,0.000000000
point-0006791,12653.278330441,258.168762943,240.639776445,291.500000000,0.000000000,0.000000000
point-0006792,12655.474362872,254.508708892,240.639776445,291.500000000,0.000000000,0.000000000
point-0006793,12656.568766012,256.034158038,241.639776445,291.500000000,0.000000000,0.000000000
point-0006794,12657.456202176,257.513218310,241.639776445,291.500000000,0.000000000,0.000000000
point-0006795,12686.324687087,280.980655622,199.639776445,292.000000000,0.000000000,0.000000000
point-0006796,12686.978985220,282.071152511,199.639776445,292.000000000,0.000000000,0.000000000
point-0006797,12688.073388361,283.596601657,200.639776445,292.000000000,0.000000000,0.000000000
point-0006798,12690.036282762,280.325110989,200.639776445,292.000000000,0.000000000,0.000000000
point-0006799,12690.753712867,279.669566356,201.639776445,292.000000000,0.000000000,0.000000000
point-0006800,12693.192975224,283.735003618,201.639776445,292.000000000,0.000000000,0.000000000
point-0006801,12693.910405329,283.079458985,202.639776445,292.000000000,0.000000000,0.000000000
point-0006802,12696.349667686,279.014021724,202.639776445,292.000000000,0.000000000,0.000000000
point-0006803,12697.067097791,278.358477091,203.639776445,292.000000000,0.000000000,0.000000000
point-0006804,12699.506360148,282.423914353,203.639776445,292.000000000,0.000000000,0.000000000
point-0006805,12700.223790253,281.768369720,204.639776445,292.000000000,0.000000000,0.000000000
point-0006806,12702.663052610,277.702932458,204.639776445,292.000000000,0.000000000,0.000000000
point-0006807,12703.380482715,277.047387826,205.639776445,292.000000000,0.000000000,0.000000000
point-0006808,12705.819745072,281.112825087,205.639776445,292.000000000,0.000000000,0.000000000
point-0006809,12706.537175177,280.457280455,206.639776445,292.000000000,0.000000000,0.000000000
point-0006810,12708.976437534,276.391843193,206.639776445,292.000000000,0.000000000,0.000000000
point-0006811,12709.693867639,275.736298560,207.639776445,292.000000000,0.000000000,0.000000000
point-0006812,12712.133129996,279.801735822,207.639776445,292.000000000,0.000000000,0.000000000
point-0006813,12712.850560101,279.146191189,208.639776445,292.000000000,0.000000000,0.000000000
point-0006814,12715.289822458,275.080753927,208.639776445,292.000000000,0.000000000,0.000000000
point-0006815,12716.007252563,274.425209295,209.639776445,292.000000000,0.000000000,0.000000000
point-0006816,12718.446514920,278.490646556,209.639776445,292.000000000,0.000000000,0.000000000
point-0006817,12719.163945025,277.835101924,210.639776445,292.000000000,0.000000000,0.000000000
point-0006818,12721.603207382,273.769664662,210.639776445,292.000000000,0.000000000,0.000000000
point-0006819,12722.320637487,273.114120029,211.639776445,292.000000000,0.000000000,0.000000000
point-0006820,12724.759899844,277.179557291,211.639776445,292.000000000,0.000000000,0.000000000
point-0006821,12725.477329949,276.524012658,212.639776445,292.000000000,0.000000000,0.000000000
point-0006822,12727.916592306,272.458575397,212.639776445,292.000000000,0.000000000,0.000000000
point-0006823,12728.634022411,271.803030764,213.639776445,292.000000000,0.000000000,0.000000000
point-0006824,12731.073284768,275.868468026,213.639776445,292.000000000,0.000000000,0.000000000
point-0006825,12731.790714873,275.212923393,214.639776445,292.000000000,0.000000000,0.000000000
point-0006826,12734.229977230,271.147486131,214.639776445,292.000000000,0.000000000,0.000000000
point-0006827,12734.947407335,270.491941499,215.639776445,292.000000000,0.000000000,0.000000000
point-0006828,12737.386669692,274.557378760,215.639776445,292.000000000,0.000000000,0.000000000
point-0006829,12738.104099797,273.901834128,216.639776445,292.000000000,0.000000000,0.000000000
point-0006830,12740.543362154,269.836396866,216.639776445,292.000000000,0.000000000,0.000000000
point-0006831,12741.260792259,269.180852233,217.639776445,292.000000000,0.000000000,0.000000000
point-0006832,12743.700054616,273.246289495,217.639776445,292.000000000,0.000000000,0.000000000
point-0006833,12744.417484721,272.590744862,218.639776445,292.000000000,0.000000000,0.000000000
point-0006834,12746.856747078,268.525307601,218.639776445,292.000000000,0.000000000,0.000000000
point-0006835,12747.574177183,267.869762968,219.639776445,292.000000000,0.000000000,0.000000000
point-0006836,12750.013439540,271.935200230,219.639776445,292.000000000,0.000000000,0.000000000
point-0006837,12750.730869645,271.279655597,220.639776445,292.000000000,0.000000000,0.000000000
point-0006838,12753.170132002,267.214218335,220.639776445,292.000000000,0.000000000,0.000000000
point-0006839,12753.887562107,266.558673702,221.639776445,292.000000000,0.000000000,0.000000000
point-0006840,12756.326824464,270.624110964,221.639776445,292.000000000,0.000000000,0.000000000
point-0006841,12757.044254569,269.968566331,222.639776445,292.000000000,0.000000000,0.000000000
point-0006842,12759.483516926,265.903129070,222.639776445,292.000000000,0.000000000,0.000000000
point-0006843,12760.200947031,265.247584437,223.639776445,292.000000000,0.000000000,0.000000000
point-0006844,12762.640209388,269.313021699,223.639776445,292.000000000,0.000000000,0.000000000
point-0006845,12763.357639493,268.657477066,224.639776445,292.000000000,0.000000000,0.000000000
point-0006846,12765.796901850,264.592039804,224.639776445,292.000000000,0.000000000,0.000000000
point-0006847,12766.514331955,263.936495172,225.639776445,292.000000000,0.000000000,0.000000000
point-0006848,12768.953594312,268.001932433,225.639776445,292.000000000,0.000000000,0.000000000
point-0006849,12769.671024417,267.346387801,226.639776445,292.000000000,0.000000000,0.000000000
point-0006850,12772.110286774,263.280950539,226.639776445,292.000000000,0.000000000,0.000000000
point-0006851,12772.827716879,262.625405906,227.639776445,292.000000000,0.000000000,0.000000000
point-0006852,12775.266979236,266.690843168,227.639776445,292.000000000,0.000000000,0.000000000
point-0006853,12775.984409341,266.035298535,228.639776445,292.000000000,0.000000000,0.000000000
point-0006854,12778.423671698,261.969861274,228.639776445,292.000000000,0.000000000,0.000000000
point-0006855,12779.141101803,261.314316641,229.639776445,292.000000000,0.000000000,0.000000000
point-0006856,12781.580364160,265.379753903,229.639776445,292.000000000,0.000000000,0.000000000
point-0006857,12782.297794265,264.724209270,230.639776445,292.000000000,0.000000000,0.000000000
point-0006858,12784.737056622,260.658772008,230.639776445,292.000000000,0.000000000,0.000000000
point-0006859,12785.454486727,260.003227376,231.639776445,292.000000000,0.000000000,0.000000000
point-0006860,12787.893749084,264.068664637,231.639776445,292.000000000,0.000000000,0.000000000
point-0006861,12788.611179189,263.413120005,232.639776445,292.000000000,0.000000000,0.000000000
point-0006862,12791.050441546,259.347682743,232.639776445,292.000000000,0.000000000,0.000000000
point-0006863,12791.767871651,258.692138110,233.639776445,292.000000000,0.000000000,0.000000000
point-0006864,12794.207134008,262.757575372,233.639776445,292.000000000,0.000000000,0.000000000
point-0006865,12794.924564113,262.102030739,234.639776445,292.000000000,0.000000000,0.000000000
point-0006866,12797.363826470,258.036593477,234.639776445,292.000000000,0.000000000,0.000000000
point-0006867,12798.081256575,257.381048845,235.639776445,292.000000000,0.000000000,0.000000000
point-0006868,12800.520518932,261.446486106,235.639776445,292.000000000,0.000000000,0.000000000
point-0006869,12801.237949037,260.790941474,236.639776445,292.000000000,0.000000000,0.000000000
point-0006870,12803.677211394,256.725504212,236.639776445,292.000000000,0.000000000,0.000000000
point-0006871,12804.394641499,256.069959579,237.639776445,292.000000000,0.000000000,0.000000000
point-0006872,12806.833903856,260.135396841,237.639776445,292.000000000,0.000000000,0.000000000
point-0006873,12807.551333961,259.479852208,238.639776445,292.000000000,0.000000000,0.000000000
point-0006874,12809.990596318,255.414414947,238.639776445,292.000000000,0.000000000,0.000000000
point-0006875,12810.708026423,254.758870314,239.639776445,292.000000000,0.000000000,0.000000000
point-0006876,12813.147288780,258.824307576,239.639776445,292.000000000,0.000000000,0.000000000
point-0006877,12813.864718885,258.168762943,240.639776445,292.000000000,0.000000000,0.000000000
point-0006878,12816.060751316,254.508708892,240.639776445,292.000000000,0.000000000,0.000000000
point-0006879,12817.155154457,256.034158038,241.639776445,292.000000000,0.000000000,0.000000000
point-0006880,12818.042590620,257.513218310,241.639776445,292.000000000,0.000000000,0.000000000
point-0006881,12846.911075531,280.980655622,199.639776445,292.500000000,0.000000000,0.000000000
point-0006882,12847.565373664,282.071152511,199.639776445,292.500000000,0.000000000,0.000000000
point-0006883,12848.659776805,283.596601657,200.639776445,292.500000000,0.000000000,0.000000000
point-0006884,12850.622671206,280.325110989,200.639776445,292.500000000,0.000000000,0.000000000
point-0006885,12851.340101311,279.669566356,201.639776445,292.500000000,0.000000000,0.000000000
point-0006886,12853.779363668,283.735003618,201.639776445,292.500000000,0.000000000,0.000000000
point-0006887,12854.496793773,283.079458985,202.639776445,292.500000000,0.000000000,0.000000000
point-0006888,12856.936056130,279.014021724,202.639776445,292.500000000,0.000000000,0.000000000
point-0006889,12857.653486235,278.358477091,203.639776445,292.500000000,0.000000000,0.000000000
point-0006890,12860.092748592,282.423914353,203.639776445,292.500000000,0.000000000,0.000000000
point-0006891,12860.810178697,281.768369720,204.639776445,292.500000000,0.000000000,0.000000000
point-0006892,12863.249441054,277.702932458,204.639776445,292.500000000,0.000000000,0.000000000
point-0006893,12863.966871159,277.047387826,205.639776445,292.500000000,0.000000000,0.000000000
point-0006894,12866.406133516,281.112825087,205.639776445,292.500000000,0.000000000,0.000000000
point-0006895,12867.123563621,280.457280455,206.639776445,292.500000000,0.000000000,0.000000000
point-0006896,12869.562825978,276.391843193,206.639776445,292.500000000,0.000000000,0.000000000
point-0006897,12870.280256083,275.736298560,207.639776445,292.500000000,0.000000000,0.000000000
point-0006898,12872.719518440,279.801735822,207.639776445,292.500000000,0.000000000,0.000000000
point-0006899,12873.436948545,279.146191189,208.639776445,292.500000000,0.000000000,0.000000000
point-0006900,12875.876210902,275.080753927,208.639776445,292.500000000,0.000000000,0.000000000
point-0006901,12876.593641007,274.425209295,209.639776445,292.500000000,0.000000000,0.000000000
point-0006902,12879.032903364,278.490646556,209.639776445,292.500000000,0.000000000,0.000000000
point-0006903,12879.750333469,277.835101924,210.639776445,292.500000000,0.000000000,0.000000000
point-0006904,12882.189595826,273.769664662,210.639776445,292.500000000,0.000000000,0.000000000
point-0006905,12882.907025931,273.114120029,211.639776445,292.500000000,0.000000000,0.000000000
point-0006906,12885.346288288,277.179557291,211.639776445,292.500000000,0.000000000,0.000000000
point-0006907,12886.063718393,276.524012658,212.639776445,292.500000000,0.000000000,0.000000000
point-0006908,12888.502980750,272.458575397,212.639776445,292.500000000,0.000000000,0.000000000
point-0006909,12889.220410855,271.803030764,213.639776445,292.500000000,0.000000000,0.000000000
point-0006910,12891.659673212,275.868468026,213.639776445,292.500000000,0.000000000,0.000000000
point-0006911,12892.377103317,275.212923393,214.639776445,292.500000000,0.000000000,0.000000000
point-0006912,12894.816365674,271.147486131,214.639776445,292.500000000,0.000000000,0.000000000
point-0006913,12895.533795779,270.491941499,215.639776445,292.500000000,0.000000000,0.000000000
point-0006914,12897.973058136,274.557378760,215.639776445,292.500000000,0.000000000,0.000000000
point-0006915,12898.690488241,273.901834128,216.639776445,292.500000000,0.000000000,0.000000000
point-0006916,12901.129750598,269.836396866,216.639776445,292.500000000,0.000000000,0.000000000
point-0006917,12901.847180703,269.180852233,217.639776445,292.500000000,0.000000000,0.000000000
point-0006918,12904.286443060,273.246289495,217.639776445,292.500000000,0.000000000,0.000000000
point-0006919,12905.003873165,272.590744862,218.639776445,292.500000000,0.000000000,0.000000000
point-0006920,12907.443135522,268.525307601,218.639776445,292.500000000,0.000000000,0.000000000
point-0006921,12908.160565627,267.869762968,219.639776445,292.500000000,0.000000000,0.000000000
point-0006922,12910.599827984,271.935200230,219.639776445,292.500000000,0.000000000,0.000000000
point-0006923,12911.317258089,271.279655597,220.639776445,292.500000000,0.000000000,0.000000000
point-0006924,12913.756520446,267.214218335,220.639776445,292.500000000,0.000000000,0.000000000
point-0006925,12914.473950551,266.558673702,221.639776445,292.500000000,0.000000000,0.000000000
point-0006926,12916.913212908,270.624110964,221.639776445,292.500000000,0.000000000,0.000000000
point-0006927,12917.630643013,269.968566331,222.639776445,292.500000000,0.000000000,0.000000000
point-0006928,12920.069905370,265.903129070,222.639776445,292.500000000,0.000000000,0.000000000
point-0006929,12920.787335475,265.247584437,223.639776445,292.500000000,0.000000000,0.000000000
point-0006930,12923.226597832,269.313021699,223.639776445,292.500000000,0.000000000,0.000000000
point-0006931,12923.944027937,268.657477066,224.639776445,292.500000000,0.000000000,0.000000000
point-0006932,12926.383290294,264.592039804,224.639776445,292.500000000,0.000000000,0.000000000
point-0006933,12927.100720399,263.936495172,225.639776445,292.500000000,0.000000000,0.000000000
point-0006934,12929.539982756,268.001932433,225.639776445,292.500000000,0.000000000,0.000000000
point-0006935,12930.257412861,267.346387801,226.639776445,292.500000000,0.000000000,0.000000000
point-0006936,12932.696675218,263.280950539,226.639776445,292.500000000,0.000000000,0.000000000
point-0006937,12933.414105323,262.625405906,227.639776445,292.500000000,0.000000000,0.000000000
point-0006938,12935.853367680,266.690843168,227.639776445,292.500000000,0.000000000,0.000000000
point-0006939,12936.570797785,266.035298535,228.639776445,292.500000000,0.000000000,0.000000000
point-0006940,12939.010060142,261.969861274,228.639776445,292.500000000,0.000000000,0.000000000
point-0006941,12939.727490247,261.314316641,229.639776445,292.500000000,0.000000000,0.000000000
point-0006942,12942.166752604,265.379753903,229.639776445,292.500000000,0.000000000,0.000000000
point-0006943,12942.884182709,264.724209270,230.639776445,292.500000000,0.000000000,0.000000000
point-0006944,12945.323445066,260.658772008,230.639776445,292.500000000,0.000000000,0.000000000
point-0006945,12946.040875171,260.003227376,231.639776445,292.500000000,0.000000000,0.000000000
point-0006946,12948.480137528,264.068664637,231.639776445,292.500000000,0.000000000,0.000000000
point-0006947,12949.197567633,263.413120005,232.639776445,292.500000000,0.000000000,0.000000000
point-0006948,12951.636829990,259.347682743,232.639776445,292.500000000,0.000000000,0.000000000
point-0006949,12952.354260095,258.692138110,233.639776445,292.500000000,0.000000000,0.000000000
point-0006950,12954.793522452,262.757575372,233.639776445,292.500000000,0.000000000,0.000000000
point-0006951,12955.510952557,262.102030739,234.639776445,292.500000000,0.000000000,0.000000000
point-0006952,12957.950214914,258.036593477,234.639776445,292.500000000,0.000000000,0.000000000
point-0006953,12958.667645019,257.381048845,235.639776445,292.500000000,0.000000000,0.000000000
point-0006954,12961.106907376,261.446486106,235.639776445,292.500000000,0.000000000,0.000000000
point-0006955,12961.824337481,260.790941474,236.639776445,292.500000000,0.000000000,0.000000000
point-0006956,12964.263599838,256.725504212,236.639776445,292.500000000,0.000000000,0.000000000
point-0006957,12964.981029943,256.069959579,237.639776445,292.500000000,0.000000000,0.000000000
point-0006958,12967.420292300,260.135396841,237.639776445,292.500000000,0.000000000,0.000000000
point-0006959,12968.137722405,259.479852208,238.639776445,292.500000000,0.000000000,0.000000000
point-0006960,12970.576984762,255.414414947,238.639776445,292.500000000,0.000000000,0.000000000
point-0006961,12971.294414867,254.758870314,239.639776445,292.500000000,0.000000000,0.000000000
point-0006962,12973.733677224,258.824307576,239.639776445,292.500000000,0.000000000,0.000000000
point-0006963,12974.451107329,258.168762943,240.639776445,292.500000000,0.000000000,0.000000000
point-0006964,12976.647139760,254.508708892,240.639776445,292.500000000,0.000000000,0.000000000
point-0006965,12977.741542901,256.034158038,241.639776445,292.500000000,0.000000000,0.000000000
point-0006966,12978.628979064,257.513218310,241.639776445,292.500000000,0.000000000,0.000000000
point-0006967,13007.497463975,280.980655622,199.639776445,293.000000000,0.000000000,0.000000000
point-0006968,13008.151762108,282.071152511,199.639776445,293.000000000,0.000000000,0.000000000
point-0006969,13009.246165249,283.596601657,200.639776445,293.000000000,0.000000000,0.000000000
point-0006970,13011.209059650,280.325110989,200.639776445,293.000000000,0.000000000,0.000000000
point-0006971,13011.926489755,279.669566356,201.639776445,293.000000000,0.000000000,0.000000000
point-0006972,13014.365752112,283.735003618,201.639776445,293.000000000,0.000000000,0.000000000
point-0006973,13015.083182217,283.079458985,202.639776445,293.000000000,0.000000000,0.000000000
point-0006974,13017.522444574,279.014021724,202.639776445,293.000000000,0.000000000,0.000000000
point-0006975,13018.239874679,278.358477091,203.639776445,293.000000000,0.000000000,0.000000000
point-0006976,13020.679137036,282.423914353,203.639776445,293.000000000,0.000000000,0.000000000
point-0006977,13021.396567141,281.768369720,204.639776445,293.000000000,0.000000000,0.000000000
point-0006978,13023.835829498,277.702932458,204.639776445,293.000000000,0.000000000,0.000000000
point-0006979,13024.553259603,277.047387826,205.639776445,293.000000000,0.000000000,0.000000000
point-0006980,13026.992521960,281.112825087,205.639776445,293.000000000,0.000000000,0.000000000
point-0006981,13027.709952065,280.457280455,206.639776445,293.000000000,0.000000000,0.000000000
point-0006982,13030.149214422,276.391843193,206.639776445,293.000000000,0.000000000,0.000000000
point-0006983,13030.866644527,275.736298560,207.639776445,293.000000000,0.000000000,0.000000000
point-0006984,13033.305906884,279.801735822,207.639776445,293.000000000,0.000000000,0.000000000
point-0006985,13034.023336989,279.146191189,208.639776445,293.000000000,0.000000000,0.000000000
point-0006986,13036.462599346,275.080753927,208.639776445,293.000000000,0.000000000,0.000000000
point-0006987,13037.180029451,274.425209295,209.639776445,293.000000000,0.000000000,0.000000000
point-0006988,13039.619291808,278.490646556,209.639776445,293.000000000,0.000000000,0.000000000
point-0006989,13040.336721913,277.835101924,210.639776445,293.000000000,0.000000000,0.000000000
point-0006990,13042.775984270,273.769664662,210.639776445,293.000000000,0.000000000,0.000000000
point-0006991,13043.493414375,273.114120029,211.639776445,293.000000000,0.000000000,0.000000000
point-0006992,13045.932676732,277.179557291,211.639776445,293.000000000,0.000000000,0.000000000
point-0006993,13046.650106837,276.524012658,212.639776445,293.000000000,0.000000000,0.000000000
point-0006994,13049.089369194,272.458575397,212.639776445,293.000000000,0.000000000,0.000000000
point-0006995,13049.806799299,271.803030764,213.639776445,293.000000000,0.000000000,0.000000000
point-0006996,13052.246061656,275.868468026,213.639776445,293.000000000,0.000000000,0.000000000
point-0006997,13052.963491761,275.212923393,214.639776445,293.000000000,0.000000000,0.000000000
point-0006998,13055.402754118,271.147486131,214.639776445,293.000000000,0.000000000,0.000000000
point-0006999,13056.120184223,270.491941499,215.639776445,293.000000000,0.000000000,0.000000000
point-0007000,13058.559446580,274.557378760,215.639776445,293.000000000,0.000000000,0.000000000
point-0007001,13059.276876685,273.901834128,216.639776445,293.000000000,0.000000000,0.000000000
point-0007002,13061.716139042,269.836396866,216.639776445,293.000000000,0.000000000,0.000000000
point-0007003,13062.433569147,269.180852233,217.639776445,293.000000000,0.000000000,0.000000000
point-0007004,13064.872831504,273.246289495,217.639776445,293.000000000,0.000000000,0.000000000
point-0007005,13065.590261609,272.590744862,218.639776445,293.000000000,0.000000000,0.000000000
point-0007006,13068.029523966,268.525307601,218.639776445,293.000000000,0.000000000,0.000000000
point-0007007,13068.746954071,267.869762968,219.639776445,293.000000000,0.000000000,0.000000000
point-0007008,13071.186216428,271.935200230,219.639776445,293.000000000,0.000000000,0.000000000
point-0007009,13071.903646533,271.279655597,220.639776445,293.000000000,0.000000000,0.000000000
point-0007010,13074.342908890,267.214218335,220.639776445,293.000000000,0.000000000,0.000000000
point-0007011,13075.060338995,266.558673702,221.639776445,293.000000000,0.000000000,0.000000000
point-0007012,13077.499601352,270.624110964,221.639776445,293.000000000,0.000000000,0.000000000
point-0007013,13078.217031457,269.968566331,222.639776445,293.000000000,0.000000000,0.000000000
point-0007014,13080.656293814,265.903129070,222.639776445,293.000000000,0.000000000,0.000000000
point-0007015,13081.373723919,265.247584437,223.639776445,293.000000000,0.000000000,0.000000000
point-0007016,13083.812986276,269.313021699,223.639776445,293.000000000,0.000000000,0.000000000
point-0007017,13084.530416381,268.657477066,224.639776445,293.000000000,0.000000000,0.000000000
point-0007018,13086.969678738,264.592039804,224.639776445,293.000000000,0.000000000,0.000000000
point-0007019,13087.687108843,263.936495172,225.639776445,293.000000000,0.000000000,0.000000000
point-0007020,13090.126371200,268.001932433,225.639776445,293.000000000,0.000000000,0.000000000
point-0007021,13090.843801305,267.346387801,226.639776445,293.000000000,0.000000000,0.000000000
point-0007022,13093.283063662,263.280950539,226.639776445,293.000000000,0.000000000,0.000000000
point-0007023,13094.000493767,262.625405906,227.639776445,293.000000000,0.000000000,0.000000000
point-0007024,13096.439756124,266.690843168,227.639776445,293.000000000,0.000000000,0.000000000
point-0007025,13097.157186229,266.035298535,228.639776445,293.000000000,0.000000000,0.000000000
point-0007026,13099.596448586,261.969861274,228.639776445,293.000000000,0.000000000,0.000000000
point-0007027,13100.313878691,261.314316641,229.639776445,293.000000000,0.000000000,0.000000000
point-0007028,13102.753141048,265.379753903,229.639776445,293.000000000,0.000000000,0.000000000
point-0007029,13103.470571153,264.724209270,230.639776445,293.000000000,0.000000000,0.000000000
point-0007030,13105.909833510,260.658772008,230.639776445,293.000000000,0.000000000,0.000000000
point-0007031,13106.627263615,260.003227376,231.639776445,293.000000000,0.000000000,0.000000000
point-0007032,13109.066525972,264.068664637,231.639776445,293.000000000,0.000000000,0.000000000
point-0007033,13109.783956077,263.413120005,232.639776445,293.000000000,0.000000000,0.000000000
point-0007034,13112.223218434,259.347682743,232.639776445,293.000000000,0.000000000,0.000000000
point-0007035,13112.940648539,258.692138110,233.639776445,293.000000000,0.000000000,0.000000000
point-0007036,13115.379910896,262.757575372,233.639776445,293.000000000,0.000000000,0.000000000
point-0007037,13116.097341001,262.102030739,234.639776445,293.000000000,0.000000000,0.000000000
point-0007038,13118.536603358,258.036593477,234.639776445,293.000000000,0.000000000,0.000000000
point-0007039,13119.254033463,257.381048845,235.639776445,293.000000000,0.000000000,0.000000000
point-0007040,13121.693295820,261.446486106,235.639776445,293.000000000,0.000000000,0.000000000
point-0007041,13122.410725925,260.790941474,236.639776445,293.000000000,0.000000000,0.000000000
point-0007042,13124.849988282,256.725504212,236.639776445,293.000000000,0.000000000,0.000000000
point-0007043,13125.567418387,256.069959579,237.639776445,293.000000000,0.000000000,0.000000000
point-0007044,13128.006680744,260.135396841,237.639776445,293.000000000,0.000000000,0.000000000
point-0007045,13128.724110849,259.479852208,238.639776445,293.000000000,0.000000000,0.000000000
point-0007046,13131.163373206,255.414414947,238.639776445,293.000000000,0.000000000,0.000000000
point-0007047,13131.880803311,254.758870314,239.639776445,293.000000000,0.000000000,0.000000000
point-0007048,13134.320065668,258.824307576,239.639776445,293.000000000,0.000000000,0.000000000
point-0007049,13135.037495773,258.168762943,240.639776445,293.000000000,0.000000000,0.000000000
point-0007050,13137.233528204,254.508708892,240.639776445,293.000000000,0.000000000,0.000000000
point-0007051,13138.327931345,256.034158038,241.639776445,293.000000000,0.000000000,0.000000000
point-0007052,13139.215367508,257.513218310,241.639776445,293.000000000,0.000000000,0.000000000
point-0007053,13168.083852419,280.980655622,199.639776445,293.500000000,0.000000000,0.000000000
point-0007054,13168.738150552,282.071152511,199.639776445,293.500000000,0.000000000,0.000000000
point-0007055,13169.832553693,283.596601657,200.639776445,293.500000000,0.000000000,0.000000000
point-0007056,13171.795448094,280.325110989,200.639776445,293.500000000,0.000000000,0.000000000
point-0007057,13172.512878199,279.669566356,201.639776445,293.500000000,0.000000000,0.000000000
point-0007058,13174.952140556,283.735003618,201.639776445,293.500000000,0.000000000,0.000000000
point-0007059,13175.669570661,283.079458985,202.639776445,293.500000000,0.000000000,0.000000000
point-0007060,13178.108833018,279.014021724,202.639776445,293.500000000,0.000000000,0.000000000
point-0007061,13178.826263123,278.358477091,203.639776445,293.500000000,0.000000000,0.000000000
point-0007062,13181.265525480,282.423914353,203.639776445,293.500000000,0.000000000,0.000000000
point-0007063,13181.982955585,281.768369720,204.639776445,293.500000000,0.000000000,0.000000000
point-0007064,13184.422217942,277.702932458,204.639776445,293.500000000,0.000000000,0.000000000
point-0007065,13185.139648047,277.047387826,205.639776445,293.500000000,0.000000000,0.000000000
point-0007066,13187.578910404,281.112825087,205.639776445,293.500000000,0.000000000,0.000000000
point-0007067,13188.296340509,280.457280455,206.639776445,293.500000000,0.000000000,0.000000000
point-0007068,13190.735602866,276.391843193,206.639776445,293.500000000,0.000000000,0.000000000
point-0007069,13191.453032971,275.736298560,207.639776445,293.500000000,0.000000000,0.000000000
point-0007070,13193.892295328,279.801735822,207.639776445,293.500000000,0.000000000,0.000000000
point-0007071,13194.609725433,279.146191189,208.639776445,293.500000000,0.000000000,0.000000000
point-0007072,13197.048987790,275.080753927,208.639776445,293.500000000,0.000000000,0.000000000
point-0007073,13197.766417895,274.425209295,209.639776445,293.500000000,0.000000000,0.000000000
point-0007074,13200.205680252,278.490646556,209.639776445,293.500000000,0.000000000,0.000000000
point-0007075,13200.923110357,277.835101924,210.639776445,293.500000000,0.000000000,0.000000000
point-0007076,13203.362372714,273.769664662,210.639776445,293.500000000,0.000000000,0.000000000
point-0007077,13204.079802819,273.114120029,211.639776445,293.500000000,0.000000000,0.000000000
point-0007078,13206.519065176,277.179557291,211.639776445,293.500000000,0.000000000,0.000000000
point-0007079,13207.236495281,276.524012658,212.639776445,293.500000000,0.000000000,0.000000000
point-0007080,13209.675757638,272.458575397,212.639776445,293.500000000,0.000000000,0.000000000
point-0007081,13210.393187743,271.803030764,213.639776445,293.500000000,0.000000000,0.000000000
point-0007082,13212.832450100,275.868468026,213.639776445,293.500000000,0.000000000,0.000000000
point-0007083,13213.549880205,275.212923393,214.639776445,293.500000000,0.000000000,0.000000000
point-0007084,13215.989142562,271.147486131,214.639776445,293.500000000,0.000000000,0.000000000
point-0007085,13216.706572667,270.491941499,215.639776445,293.500000000,0.000000000,0.000000000
point-0007086,13219.145835024,274.557378760,215.639776445,293.500000000,0.000000000,0.000000000
point-0007087,13219.863265129,273.901834128,216.639776445,293.500000000,0.000000000,0.000000000
point-0007088,13222.302527486,269.836396866,216.639776445,293.500000000,0.000000000,0.000000000
point-0007089,13223.019957591,269.180852233,217.639776445,293.500000000,0.000000000,0.000000000
point-0007090,13225.459219948,273.246289495,217.639776445,293.500000000,0.000000000,0.000000000
point-0007091,13226.176650053,272.590744862,218.639776445,293.500000000,0.000000000,0.000000000
point-0007092,13228.615912410,268.525307601,218.639776445,293.500000000,0.000000000,0.000000000
point-0007093,13229.333342515,267.869762968,219.639776445,293.500000000,0.000000000,0.000000000
point-0007094,13231.772604872,271.935200230,219.639776445,293.500000000,0.000000000,0.000000000
point-0007095,13232.490034977,271.279655597,220.639776445,293.500000000,0.000000000,0.000000000
point-0007096,13234.929297334,267.214218335,220.639776445,293.500000000,0.000000000,0.000000000
point-0007097,13235.646727439,266.558673702,221.639776445,293.500000000,0.000000000,0.000000000
point-0007098,13238.085989796,270.624110964,221.639776445,293.500000000,0.000000000,0.000000000
point-0007099,13238.803419901,269.968566331,222.639776445,293.500000000,0.000000000,0.000000000
point-0007100,13241.242682258,265.903129070,222.639776445,293.500000000,0.000000000,0.000000000
point-0007101,13241.960112363,265.247584437,223.639776445,293.500000000,0.000000000,0.000000000
point-0007102,13244.399374720,269.313021699,223.639776445,293.500000000,0.000000000,0.000000000
point-0007103,13245.116804825,268.657477066,224.639776445,293.500000000,0.000000000,0.000000000
point-0007104,13247.556067182,264.592039804,224.639776445,293.500000000,0.000000000,0.000000000
point-0007105,13248.273497287,263.936495172,225.639776445,293.500000000,0.000000000,0.000000000
point-0007106,13250.712759644,268.001932433,225.639776445,293.500000000,0.000000000,0.000000000
point-0007107,13251.430189749,267.346387801,226.639776445,293.500000000,0.000000000,0.000000000
point-0007108,13253.869452106,263.280950539,226.639776445,293.500000000,0.000000000,0.000000000
point-0007109,13254.586882211,262.625405906,227.639776445,293.500000000,0.000000000,0.000000000
point-0007110,13257.026144568,266.690843168,227.639776445,293.500000000,0.000000000,0.000000000
point-0007111,13257.743574673,266.035298535,228.639776445,293.500000000,0.000000000,0.000000000
point-0007112,13260.182837030,261.969861274,228.639776445,293.500000000,0.000000000,0.000000000
point-0007113,13260.900267135,261.314316641,229.639776445,293.500000000,0.000000000,0.000000000
point-0007114,13263.339529492,265.379753903,229.639776445,293.500000000,0.000000000,0.000000000
point-0007115,13264.056959597,264.724209270,230.639776445,293.500000000,0.000000000,0.000000000
point-0007116,13266.496221954,260.658772008,230.639776445,293.500000000,0.000000000,0.000000000
point-0007117,13267.213652059,260.003227376,231.639776445,293.500000000,0.000000000,0.000000000
point-0007118,13269.652914416,264.068664637,231.639776445,293.500000000,0.000000000,0.000000000
point-0007119,13270.370344521,263.413120005,232.639776445,293.500000000,0.000000000,0.000000000
point-0007120,13272.809606878,259.347682743,232.639776445,293.500000000,0.000000000,0.000000000
point-0007121,13273.527036983,258.692138110,233.639776445,293.500000000,0.000000000,0.000000000
point-0007122,13275.966299340,262.757575372,233.639776445,293.500000000,0.000000000,0.000000000
point-0007123,13276.683729445,262.102030739,234.639776445,293.500000000,0.000000000,0.000000000
point-0007124,13279.122991802,258.036593477,234.639776445,293.500000000,0.000000000,0.000000000
point-0007125,13279.840421907,257.381048845,235.639776445,293.500000000,0.000000000,0.000000000
point-0007126,13282.279684264,261.446486106,235.639776445,293.500000000,0.000000000,0.000000000
point-0007127,13282.997114369,260.790941474,236.639776445,293.500000000,0.000000000,0.000000000
point-0007128,13285.436376726,256.725504212,236.639776445,293.500000000,0.000000000,0.000000000
point-0007129,13286.153806831,256.069959579,237.639776445,293.500000000,0.000000000,0.000000000
point-0007130,13288.593069188,260.135396841,237.639776445,293.500000000,0.000000000,0.000000000
point-0007131,13289.310499293,259.479852208,238.639776445,293.500000000,0.000000000,0.000000000
point-0007132,13291.749761650,255.414414947,238.639776445,293.500000000,0.000000000,0.000000000
point-0007133,13292.467191755,254.758870314,239.639776445,293.500000000,0.000000000,0.000000000
point-0007134,13294.906454112,258.824307576,239.639776445,293.500000000,0.000000000,0.000000000
point-0007135,13295.623884217,258.168762943,240.639776445,293.500000000,0.000000000,0.000000000
point-0007136,13297.819916648,254.508708892,240.639776445,293.500000000,0.000000000,0.000000000
point-0007137,13298.914319789,256.034158038,241.639776445,293.500000000,0.000000000,0.000000000
point-0007138,13299.801755953,257.513218310,241.639776445,293.500000000,0.000000000,0.000000000
point-0007139,13328.670240863,280.980655622,199.639776445,294.000000000,0.000000000,0.000000000
point-0007140,13329.324538997,282.071152511,199.639776445,294.000000000,0.000000000,0.000000000
point-0007141,13330.418942137,283.596601657,200.639776445,294.000000000,0.000000000,0.000000000
point-0007142,13332.381836538,280.325110989,200.639776445,294.000000000,0.000000000,0.000000000
point-0007143,13333.099266643,279.669566356,201.639776445,294.000000000,0.000000000,0.000000000
point-0007144,13335.538529000,283.735003618,201.639776445,294.000000000,0.000000000,0.000000000
point-0007145,13336.255959105,283.079458985,202.639776445,294.000000000,0.000000000,0.000000000
point-0007146,13338.695221462,279.014021724,202.639776445,294.000000000,0.000000000,0.000000000
point-0007147,13339.412651567,278.358477091,203.639776445,294.000000000,0.000000000,0.000000000
point-0007148,13341.851913924,282.423914353,203.639776445,294.000000000,0.000000000,0.000000000
point-0007149,13342.569344029,281.768369720,204.639776445,294.000000000,0.000000000,0.000000000
point-0007150,13345.008606386,277.702932458,204.639776445,294.000000000,0.000000000,0.000000000
point-0007151,13345.726036491,277.047387826,205.639776445,294.000000000,0.000000000,0.000000000
point-0007152,13348.165298848,281.112825087,205.639776445,294.000000000,0.000000000,0.000000000
point-0007153,13348.882728953,280.457280455,206.639776445,294.000000000,0.000000000,0.000000000
point-0007154,13351.321991310,276.391843193,206.639776445,294.000000000,0.000000000,0.000000000
point-0007155,13352.039421415,275.736298560,207.639776445,294.000000000,0.000000000,0.000000000
point-0007156,13354.478683772,279.801735822,207.639776445,294.000000000,0.000000000,0.000000000
point-0007157,13355.196113877,279.146191189,208.639776445,294.000000000,0.000000000,0.000000000
point-0007158,13357.635376234,275.080753927,208.639776445,294.000000000,0.000000000,0.000000000
point-0007159,13358.352806339,274.425209295,209.639776445,294.000000000,0.000000000,0.000000000
point-0007160,13360.792068696,278.490646556,209.639776445,294.000000000,0.000000000,0.000000000
point-0007161,13361.509498801,277.835101924,210.639776445,294.000000000,0.000000000,0.000000000
point-0007162,13363.948761158,273.769664662,210.639776445,294.000000000,0.000000000,0.000000000
point-0007163,13364.666191263,273.114120029,211.639776445,294.000000000,0.000000000,0.000000000
point-0007164,13367.105453620,277.179557291,211.639776445,294.000000000,0.000000000,0.000000000
point-0007165,13367.822883725,276.524012658,212.639776445,294.000000000,0.000000000,0.000000000
point-0007166,13370.262146082,272.458575397,212.639776445,294.000000000,0.000000000,0.000000000
point-0007167,13370.979576187,271.803030764,213.639776445,294.000000000,0.000000000,0.000000000
point-0007168,13373.418838544,275.868468026,213.639776445,294.000000000,0.000000000,0.000000000
point-0007169,13374.136268649,275.212923393,214.639776445,294.000000000,0.000000000,0.000000000
point-0007170,13376.575531006,271.147486131,214.639776445,294.000000000,0.000000000,0.000000000
point-0007171,13377.292961111,270.491941499,215.639776445,294.000000000,0.000000000,0.000000000
point-0007172,13379.732223468,274.557378760,215.639776445,294.000000000,0.000000000,0.000000000
point-0007173,13380.449653573,273.901834128,216.639776445,294.000000000,0.000000000,0.000000000
point-0007174,13382.888915930,269.836396866,216.639776445,294.000000000,0.000000000,0.000000000
point-0007175,13383.606346035,269.180852233,217.639776445,294.000000000,0.000000000,0.000000000
point-0007176,13386.045608392,273.246289495,217.639776445,294.000000000,0.000000000,0.000000000
point-0007177,13386.763038497,272.590744862,218.639776445,294.000000000,0.000000000,0.000000000
point-0007178,13389.202300854,268.525307601,218.639776445,294.000000000,0.000000000,0.000000000
point-0007179,13389.919730959,267.869762968,219.639776445,294.000000000,0.000000000,0.000000000
point-0007180,13392.358993316,271.935200230,219.639776445,294.000000000,0.000000000,0.000000000
point-0007181,13393.076423421,271.279655597,220.639776445,294.000000000,0.000000000,0.000000000
point-0007182,13395.515685778,267.214218335,220.639776445,294.000000000,0.000000000,0.000000000
point-0007183,13396.233115883,266.558673702,221.639776445,294.000000000,0.000000000,0.000000000
point-0007184,13398.672378240,270.624110964,221.639776445,294.000000000,0.000000000,0.000000000
point-0007185,13399.389808345,269.968566331,222.639776445,294.000000000,0.000000000,0.000000000
point-0007186,13401.829070702,265.903129070,222.639776445,294.000000000,0.000000000,0.000000000
point-0007187,13402.546500807,265.247584437,223.639776445,294.000000000,0.000000000,0.000000000
point-0007188,13404.985763164,269.313021699,223.639776445,294.000000000,0.000000000,0.000000000
point-0007189,13405.703193269,268.657477066,224.639776445,294.000000000,0.000000000,0.000000000
point-0007190,13408.142455626,264.592039804,224.639776445,294.000000000,0.000000000,0.000000000
point-0007191,13408.859885731,263.936495172,225.639776445,294.000000000,0.000000000,0.000000000
point-0007192,13411.299148088,268.001932433,225.639776445,294.000000000,0.000000000,0.000000000
point-0007193,13412.016578193,267.346387801,226.639776445,294.000000000,0.000000000,0.000000000
point-0007194,13414.455840550,263.280950539,226.639776445,294.000000000,0.000000000,0.000000000
point-0007195,13415.173270655,262.625405906,227.639776445,294.000000000,0.000000000,0.000000000
point-0007196,13417.612533012,266.690843168,227.639776445,294.000000000,0.000000000,0.000000000
point-0007197,13418.329963117,266.035298535,228.639776445,294.000000000,0.000000000,0.000000000
point-0007198,13420.769225474,261.969861274,228.639776445,294.000000000,0.000000000,0.000000000
point-0007199,13421.486655579,261.314316641,229.639776445,294.000000000,0.000000000,0.000000000
point-0007200,13423.925917936,265.379753903,229.639776445,294.000000000,0.000000000,0.000000000
point-0007201,13424.643348041,264.724209270,230.639776445,294.000000000,0.000000000,0.000000000
point-0007202,13427.082610398,260.658772008,230.639776445,294.000000000,0.000000000,0.000000000
point-0007203,13427.800040503,260.003227376,231.639776445,294.000000000,0.000000000,0.000000000
point-0007204,13430.239302860,264.068664637,231.639776445,294.000000000,0.000000000,0.000000000
point-0007205,13430.956732965,263.413120005,232.639776445,294.000000000,0.000000000,0.000000000
point-0007206,13433.395995322,259.347682743,232.639776445,294.000000000,0.000000000,0.000000000
point-0007207,13434.113425427,258.692138110,233.639776445,294.000000000,0.000000000,0.000000000
point-0007208,13436.552687784,262.757575372,233.639776445,294.000000000,0.000000000,0.000000000
point-0007209,13437.270117889,262.102030739,234.639776445,294.000000000,0.000000000,0.000000000
point-0007210,13439.709380246,258.036593477,234.639776445,294.000000000,0.000000000,0.000000000
point-0007211,13440.426810351,257.381048845,235.639776445,294.000000000,0.000000000,0.000000000
point-0007212,13442.866072708,261.446486106,235.639776445,294.000000000,0.000000000,0.000000000
point-0007213,13443.583502813,260.790941474,236.639776445,294.000000000,0.000000000,0.000000000
point-0007214,13446.022765170,256.725504212,236.639776445,294.000000000,0.000000000,0.000000000
point-0007215,13446.740195275,256.069959579,237.639776445,294.000000000,0.000000000,0.000000000
point-0007216,13449.179457632,260.135396841,237.639776445,294.000000000,0.000000000,0.000000000
point-0007217,13449.896887737,259.479852208,238.639776445,294.000000000,0.000000000,0.000000000
point-0007218,13452.336150094,255.414414947,238.639776445,294.000000000,0.000000000,0.000000000
point-0007219,13453.053580199,254.758870314,239.639776445,294.000000000,0.000000000,0.000000000
point-0007220,13455.492842556,258.824307576,239.639776445,294.000000000,0.000000000,0.000000000
point-0007221,13456.210272661,258.168762943,240.639776445,294.000000000,0.000000000,0.000000000
point-0007222,13458.406305092,254.508708892,240.639776445,294.000000000,0.000000000,0.000000000
point-0007223,13459.500708233,256.034158038,241.639776445,294.000000000,0.000000000,0.000000000
point-0007224,13460.388144397,257.513218310,241.639776445,294.000000000,0.000000000,0.000000000
point-0007225,13489.256629307,280.980655622,199.639776445,294.500000000,0.000000000,0.000000000
point-0007226,13489.910927441,282.071152511,199.639776445,294.500000000,0.000000000,0.000000000
point-0007227,13491.005330582,283.596601657,200.639776445,294.500000000,0.000000000,0.000000000
point-0007228,13492.968224982,280.325110989,200.639776445,294.500000000,0.000000000,0.000000000
point-0007229,13493.685655087,279.669566356,201.639776445,294.500000000,0.000000000,0.000000000
point-0007230,13496.124917444,283.735003618,201.639776445,294.500000000,0.000000000,0.000000000
point-0007231,13496.842347549,283.079458985,202.639776445,294.500000000,0.000000000,0.000000000
point-0007232,13499.281609906,279.014021724,202.639776445,294.500000000,0.000000000,0.000000000
point-0007233,13499.999040011,278.358477091,203.639776445,294.500000000,0.000000000,0.000000000
point-0007234,13502.438302368,282.423914353,203.639776445,294.500000000,0.000000000,0.000000000
point-0007235,13503.155732473,281.768369720,204.639776445,294.500000000,0.000000000,0.000000000
point-0007236,13505.594994830,277.702932458,204.639776445,294.500000000,0.000000000,0.000000000
point-0007237,13506.312424935,277.047387826,205.639776445,294.500000000,0.000000000,0.000000000
point-0007238,13508.751687292,281.112825087,205.639776445,294.500000000,0.000000000,0.000000000
point-0007239,13509.469117397,280.457280455,206.639776445,294.500000000,0.000000000,0.000000000
point-0007240,13511.908379754,276.391843193,206.639776445,294.500000000,0.000000000,0.000000000
point-0007241,13512.625809859,275.736298560,207.639776445,294.500000000,0.000000000,0.000000000
point-0007242,13515.065072216,279.801735822,207.639776445,294.500000000,0.000000000,0.000000000
point-0007243,13515.782502321,279.146191189,208.639776445,294.500000000,0.000000000,0.000000000
point-0007244,13518.221764678,275.080753927,208.639776445,294.500000000,0.000000000,0.000000000
point-0007245,13518.939194783,274.425209295,209.639776445,294.500000000,0.000000000,0.000000000
point-0007246,13521.378457140,278.490646556,209.639776445,294.500000000,0.000000000,0.000000000
point-0007247,13522.095887245,277.835101924,210.639776445,294.500000000,0.000000000,0.000000000
point-0007248,13524.535149602,273.769664662,210.639776445,294.500000000,0.000000000,0.000000000
point-0007249,13525.252579707,273.114120029,211.639776445,294.500000000,0.000000000,0.000000000
point-0007250,13527.691842064,277.179557291,211.639776445,294.500000000,0.000000000,0.000000000
point-0007251,13528.409272169,276.524012658,212.639776445,294.500000000,0.000000000,0.000000000
point-0007252,13530.848534526,272.458575397,212.639776445,294.500000000,0.000000000,0.000000000
point-0007253,13531.565964631,271.803030764,213.639776445,294.500000000,0.000000000,0.000000000
point-0007254,13534.005226988,275.868468026,213.639776445,294.500000000,0.000000000,0.000000000
point-0007255,13534.722657093,275.212923393,214.639776445,294.500000000,0.000000000,0.000000000
point-0007256,13537.161919450,271.147486131,214.639776445,294.500000000,0.000000000,0.000000000
point-0007257,13537.879349555,270.491941499,215.639776445,294.500000000,0.000000000,0.000000000
point-0007258,13540.318611912,274.557378760,215.639776445,294.500000000,0.000000000,0.000000000
point-0007259,13541.036042017,273.901834128,216.639776445,294.500000000,0.000000000,0.000000000
point-0007260,13543.475304374,269.836396866,216.639776445,294.500000000,0.000000000,0.000000000
point-0007261,13544.192734479,269.180852233,217.639776445,294.500000000,0.000000000,0.000000000
point-0007262,13546.631996836,273.246289495,217.639776445,294.500000000,0.000000000,0.000000000
point-0007263,13547.349426941,272.590744862,218.639776445,294.500000000,0.000000000,0.000000000
point-0007264,13549.788689298,268.525307601,218.639776445,294.500000000,0.000000000,0.000000000
point-0007265,13550.506119403,267.869762968,219.639776445,294.500000000,0.000000000,0.000000000
point-0007266,13552.945381760,271.935200230,219.639776445,294.500000000,0.000000000,0.000000000
point-0007267,13553.662811865,271.279655597,220.639776445,294.500000000,0.000000000,0.000000000
point-0007268,13556.102074222,267.214218335,220.639776445,294.500000000,0.000000000,0.000000000
point-0007269,13556.819504327,266.558673702,221.639776445,294.500000000,0.000000000,0.000000000
point-0007270,13559.258766684,270.624110964,221.639776445,294.500000000,0.000000000,0.000000000
point-0007271,13559.976196789,269.968566331,222.639776445,294.500000000,0.000000000,0.000000000
point-0007272,13562.415459146,265.903129070,222.639776445,294.500000000,0.000000000,0.000000000
point-0007273,13563.132889251,265.247584437,223.639776445,294.500000000,0.000000000,0.000000000
point-0007274,13565.572151608,269.313021699,223.639776445,294.500000000,0.000000000,0.000000000
point-0007275,13566.289581713,268.657477066,224.639776445,294.500000000,0.000000000,0.000000000
point-0007276,13568.728844070,264.592039804,224.639776445,294.500000000,0.000000000,0.000000000
point-0007277,13569.446274175,263.936495172,225.639776445,294.500000000,0.000000000,0.000000000
point-0007278,13571.885536532,268.001932433,225.639776445,294.500000000,0.000000000,0.000000000
point-0007279,13572.602966637,267.346387801,226.639776445,294.500000000,0.000000000,0.000000000
point-0007280,13575.042228994,263.280950539,226.639776445,294.500000000,0.000000000,0.000000000
point-0007281,13575.759659099,262.625405906,227.639776445,294.500000000,0.000000000,0.000000000
point-0007282,13578.198921456,266.690843168,227.639776445,294.500000000,0.000000000,0.000000000
point-0007283,13578.916351562,266.035298535,228.639776445,294.500000000,0.000000000,0.000000000
point-0007284,13581.355613919,261.969861274,228.639776445,294.500000000,0.000000000,0.000000000
point-0007285,13582.073044024,261.314316641,229.639776445,294.500000000,0.000000000,0.000000000
point-0007286,13584.512306381,265.379753903,229.639776445,294.500000000,0.000000000,0.000000000
point-0007287,13585.229736486,264.724209270,230.639776445,294.500000000,0.000000000,0.000000000
point-0007288,13587.668998843,260.658772008,230.639776445,294.500000000,0.000000000,0.000000000
point-0007289,13588.386428948,260.003227376,231.639776445,294.500000000,0.000000000,0.000000000
point-0007290,13590.825691305,264.068664637,231.639776445,294.500000000,0.000000000,0.000000000
point-0007291,13591.543121410,263.413120005,232.639776445,294.500000000,0.000000000,0.000000000
point-0007292,13593.982383767,259.347682743,232.639776445,294.500000000,0.000000000,0.000000000
point-0007293,13594.699813872,258.692138110,233.639776445,294.500000000,0.000000000,0.000000000
point-0007294,13597.139076229,262.757575372,233.639776445,294.500000000,0.000000000,0.000000000
point-0007295,13597.856506334,262.102030739,234.639776445,294.500000000,0.000000000,0.000000000
point-0007296,13600.295768691,258.036593477,234.639776445,294.500000000,0.000000000,0.000000000
point-0007297,13601.013198796,257.381048845,235.639776445,294.500000000,0.000000000,0.000000000
point-0007298,13603.452461153,261.446486106,235.639776445,294.500000000,0.000000000,0.000000000
point-0007299,13604.169891258,260.790941474,236.639776445,294.500000000,0.000000000,0.000000000
point-0007300,13606.609153615,256.725504212,236.639776445,294.500000000,0.000000000,0.000000000
point-0007301,13607.326583720,256.069959579,237.639776445,294.500000000,0.000000000,0.000000000
point-0007302,13609.765846077,260.135396841,237.639776445,294.500000000,0.000000000,0.000000000
point-0007303,13610.483276182,259.479852208,238.639776445,294.500000000,0.000000000,0.000000000
point-0007304,13612.922538539,255.414414947,238.639776445,294.500000000,0.000000000,0.000000000
point-0007305,13613.639968644,254.758870314,239.639776445,294.500000000,0.000000000,0.000000000
point-0007306,13616.079231001,258.824307576,239.639776445,294.500000000,0.000000000,0.000000000
point-0007307,13616.796661106,258.168762943,240.639776445,294.500000000,0.000000000,0.000000000
point-0007308,13618.992693536,254.508708892,240.639776445,294.500000000,0.000000000,0.000000000
point-0007309,13620.087096677,256.034158038,241.639776445,294.500000000,0.000000000,0.000000000
point-0007310,13620.974532841,257.513218310,241.639776445,294.500000000,0.000000000,0.000000000
point-0007311,13649.843017751,280.980655622,199.639776445,295.000000000,0.000000000,0.000000000
point-0007312,13650.497315885,282.071152511,199.639776445,295.000000000,0.000000000,0.000000000
point-0007313,13651.591719026,283.596601657,200.639776445,295.000000000,0.000000000,0.000000000
point-0007314,13653.554613426,280.325110989,200.639776445,295.000000000,0.000000000,0.000000000
point-0007315,13654.272043531,279.669566356,201.639776445,295.000000000,0.000000000,0.000000000
point-0007316,13656.711305888,283.735003618,201.639776445,295.000000000,0.000000000,0.000000000
point-0007317,13657.428735993,283.079458985,202.639776445,295.000000000,0.000000000,0.000000000
point-0007318,13659.867998350,279.014021724,202.639776445,295.000000000,0.000000000,0.000000000
point-0007319,13660.585428455,278.358477091,203.639776445,295.000000000,0.000000000,0.000000000
point-0007320,13663.024690812,282.423914353,203.639776445,295.000000000,0.000000000,0.000000000
point-0007321,13663.742120917,281.768369720,204.639776445,295.000000000,0.000000000,0.000000000
point-0007322,13666.181383274,277.702932458,204.639776445,295.000000000,0.000000000,0.000000000
point-0007323,13666.898813379,277.047387826,205.639776445,295.000000000,0.000000000,0.000000000
point-0007324,13669.338075736,281.112825087,205.639776445,295.000000000,0.000000000,0.000000000
point-0007325,13670.055505841,280.457280455,206.639776445,295.000000000,0.000000000,0.000000000
point-0007326,13672.494768198,276.391843193,206.639776445,295.000000000,0.000000000,0.000000000
point-0007327,13673.212198303,275.736298560,207.639776445,295.000000000,0.000000000,0.000000000
point-0007328,13675.651460660,279.801735822,207.639776445,295.000000000,0.000000000,0.000000000
point-0007329,13676.368890765,279.146191189,208.639776445,295.000000000,0.000000000,0.000000000
point-0007330,13678.808153122,275.080753927,208.639776445,295.000000000,0.000000000,0.000000000
point-0007331,13679.525583227,274.425209295,209.639776445,295.000000000,0.000000000,0.000000000
point-0007332,13681.964845584,278.490646556,209.639776445,295.000000000,0.000000000,0.000000000
point-0007333,13682.682275689,277.835101924,210.639776445,295.000000000,0.000000000,0.000000000
point-0007334,13685.121538047,273.769664662,210.639776445,295.000000000,0.000000000,0.000000000
point-0007335,13685.838968152,273.114120029,211.639776445,295.000000000,0.000000000,0.000000000
point-0007336,13688.278230509,277.179557291,211.639776445,295.000000000,0.000000000,0.000000000
point-0007337,13688.995660614,276.524012658,212.639776445,295.000000000,0.000000000,0.000000000
point-0007338,13691.434922971,272.458575397,212.639776445,295.000000000,0.000000000,0.000000000
point-0007339,13692.152353076,271.803030764,213.639776445,295.000000000,0.000000000,0.000000000
point-0007340,13694.591615433,275.868468026,213.639776445,295.000000000,0.000000000,0.000000000
point-0007341,13695.309045538,275.212923393,214.639776445,295.000000000,0.000000000,0.000000000
point-0007342,13697.748307895,271.147486131,214.639776445,295.000000000,0.000000000,0.000000000
point-0007343,13698.465738000,270.491941499,215.639776445,295.000000000,0.000000000,0.000000000
point-0007344,13700.905000357,274.557378760,215.639776445,295.000000000,0.000000000,0.000000000
point-0007345,13701.622430462,273.901834128,216.639776445,295.000000000,0.000000000,0.000000000
point-0007346,13704.061692819,269.836396866,216.639776445,295.000000000,0.000000000,0.000000000
point-0007347,13704.779122924,269.180852233,217.639776445,295.000000000,0.000000000,0.000000000
point-0007348,13707.218385281,273.246289495,217.639776445,295.000000000,0.000000000,0.000000000
point-0007349,13707.935815386,272.590744862,218.639776445,295.000000000,0.000000000,0.000000000
point-0007350,13710.375077743,268.525307601,218.639776445,295.000000000,0.000000000,0.000000000
point-0007351,13711.092507848,267.869762968,219.639776445,295.000000000,0.000000000,0.000000000
point-0007352,13713.531770205,271.935200230,219.639776445,295.000000000,0.000000000,0.000000000
point-0007353,13714.249200310,271.279655597,220.639776445,295.000000000,0.000000000,0.000000000
point-0007354,13716.688462667,267.214218335,220.639776445,295.000000000,0.000000000,0.000000000
point-0007355,13717.405892772,266.558673702,221.639776445,295.000000000,0.000000000,0.000000000
point-0007356,13719.845155129,270.624110964,221.639776445,295.000000000,0.000000000,0.000000000
point-0007357,13720.562585234,269.968566331,222.639776445,295.000000000,0.000000000,0.000000000
point-0007358,13723.001847591,265.903129070,222.639776445,295.000000000,0.000000000,0.000000000
point-0007359,13723.719277696,265.247584437,223.639776445,295.000000000,0.000000000,0.000000000
point-0007360,13726.158540053,269.313021699,223.639776445,295.000000000,0.000000000,0.000000000
point-0007361,13726.875970158,268.657477066,224.639776445,295.000000000,0.000000000,0.000000000
point-0007362,13729.315232515,264.592039804,224.639776445,295.000000000,0.000000000,0.000000000
point-0007363,13730.032662620,263.936495172,225.639776445,295.000000000,0.000000000,0.000000000
point-0007364,13732.471924977,268.001932433,225.639776445,295.000000000,0.000000000,0.000000000
point-0007365,13733.189355082,267.346387801,226.639776445,295.000000000,0.000000000,0.000000000
point-0007366,13735.628617439,263.280950539,226.639776445,295.000000000,0.000000000,0.000000000
point-0007367,13736.346047544,262.625405906,227.639776445,295.000000000,0.000000000,0.000000000
point-0007368,13738.785309901,266.690843168,227.639776445,295.000000000,0.000000000,0.000000000
point-0007369,13739.502740006,266.035298535,228.639776445,295.000000000,0.000000000,0.000000000
point-0007370,13741.942002363,261.969861274,228.639776445,295.000000000,0.000000000,0.000000000
point-0007371,13742.659432468,261.314316641,229.639776445,295.000000000,0.000000000,0.000000000
point-0007372,13745.098694825,265.379753903,229.639776445,295.000000000,0.000000000,0.000000000
point-0007373,13745.816124930,264.724209270,230.639776445,295.000000000,0.000000000,0.000000000
point-0007374,13748.255387287,260.658772008,230.639776445,295.000000000,0.000000000,0.000000000
point-0007375,13748.972817392,260.003227376,231.639776445,295.000000000,0.000000000,0.000000000
point-0007376,13751.412079749,264.068664637,231.639776445,295.000000000,0.000000000,0.000000000
point-0007377,13752.129509854,263.413120005,232.639776445,295.000000000,0.000000000,0.000000000
point-0007378,13754.568772211,259.347682743,232.639776445,295.000000000,0.000000000,0.000000000
point-0007379,13755.286202316,258.692138110,233.639776445,295.000000000,0.000000000,0.000000000
point-0007380,13757.725464673,262.757575372,233.639776445,295.000000000,0.000000000,0.000000000
point-0007381,13758.442894778,262.102030739,234.639776445,295.000000000,0.000000000,0.000000000
point-0007382,13760.882157135,258.036593477,234.639776445,295.000000000,0.000000000,0.000000000
point-0007383,13761.599587240,257.381048845,235.639776445,295.000000000,0.000000000,0.000000000
point-0007384,13764.038849597,261.446486106,235.639776445,295.000000000,0.000000000,0.000000000
point-0007385,13764.756279702,260.790941474,236.639776445,295.000000000,0.000000000,0.000000000
point-0007386,13767.195542059,256.725504212,236.639776445,295.000000000,0.000000000,0.000000000
point-0007387,13767.912972164,256.069959579,237.639776445,295.000000000,0.000000000,0.000000000
point-0007388,13770.352234521,260.135396841,237.639776445,295.000000000,0.000000000,0.000000000
point-0007389,13771.069664626,259.479852208,238.639776445,295.000000000,0.000000000,0.000000000
point-0007390,13773.508926983,255.414414947,238.639776445,295.000000000,0.000000000,0.000000000
point-0007391,13774.226357088,254.758870314,239.639776445,295.000000000,0.000000000,0.000000000
point-0007392,13776.665619445,258.824307576,239.639776445,295.000000000,0.000000000,0.000000000
point-0007393,13777.383049550,258.168762943,240.639776445,295.000000000,0.000000000,0.000000000
point-0007394,13779.579081980,254.508708892,240.639776445,295.000000000,0.000000000,0.000000000
point-0007395,13780.673485121,256.034158038,241.639776445,295.000000000,0.000000000,0.000000000
point-0007396,13781.560921285,257.513218310,241.639776445,295.000000000,0.000000000,0.000000000
point-0007397,13810.429406195,280.980655622,199.639776445,295.500000000,0.000000000,0.000000000
point-0007398,13811.083704329,282.071152511,199.639776445,295.500000000,0.000000000,0.000000000
point-0007399,13812.178107470,283.596601657,200.639776445,295.500000000,0.000000000,0.000000000
point-0007400,13814.141001871,280.325110989,200.639776445,295.500000000,0.000000000,0.000000000
point-0007401,13814.858431976,279.669566356,201.639776445,295.500000000,0.000000000,0.000000000
point-0007402,13817.297694333,283.735003618,201.639776445,295.500000000,0.000000000,0.000000000
point-0007403,13818.015124438,283.079458985,202.639776445,295.500000000,0.000000000,0.000000000
point-0007404,13820.454386795,279.014021724,202.639776445,295.500000000,0.000000000,0.000000000
point-0007405,13821.171816900,278.358477091,203.639776445,295.500000000,0.000000000,0.000000000
point-0007406,13823.611079257,282.423914353,203.639776445,295.500000000,0.000000000,0.000000000
point-0007407,13824.328509362,281.768369720,204.639776445,295.500000000,0.000000000,0.000000000
point-0007408,13826.767771719,277.702932458,204.639776445,295.500000000,0.000000000,0.000000000
point-0007409,13827.485201824,277.047387826,205.639776445,295.500000000,0.000000000,0.000000000
point-0007410,13829.924464181,281.112825087,205.639776445,295.500000000,0.000000000,0.000000000
point-0007411,13830.641894286,280.457280455,206.639776445,295.500000000,0.000000000,0.000000000
point-0007412,13833.081156643,276.391843193,206.639776445,295.500000000,0.000000000,0.000000000
point-0007413,13833.798586748,275.736298560,207.639776445,295.500000000,0.000000000,0.000000000
point-0007414,13836.237849105,279.801735822,207.639776445,295.500000000,0.000000000,0.000000000
point-0007415,13836.955279210,279.146191189,208.639776445,295.500000000,0.000000000,0.000000000
point-0007416,13839.394541567,275.080753927,208.639776445,295.500000000,0.000000000,0.000000000
point-0007417,13840.111971672,274.425209295,209.639776445,295.500000000,0.000000000,0.000000000
point-0007418,13842.551234029,278.490646556,209.639776445,295.500000000,0.000000000,0.000000000
point-0007419,13843.268664134,277.835101924,210.639776445,295.500000000,0.000000000,0.000000000
point-0007420,13845.707926491,273.769664662,210.639776445,295.500000000,0.000000000,0.000000000
point-0007421,13846.425356596,273.114120029,211.639776445,295.500000000,0.000000000,0.000000000
point-0007422,13848.864618953,277.179557291,211.639776445,295.500000000,0.000000000,0.000000000
point-0007423,13849.582049058,276.524012658,212.639776445,295.500000000,0.000000000,0.000000000
point-0007424,13852.021311415,272.458575397,212.639776445,295.500000000,0.000000000,0.000000000
point-0007425,13852.738741520,271.803030764,213.639776445,295.500000000,0.000000000,0.000000000
point-0007426,13855.178003877,275.868468026,213.639776445,295.500000000,0.000000000,0.000000000
point-0007427,13855.895433982,275.212923393,214.639776445,295.500000000,0.000000000,0.000000000
point-0007428,13858.334696339,271.147486131,214.639776445,295.500000000,0.000000000,0.000000000
point-0007429,13859.052126444,270.491941499,215.639776445,295.500000000,0.000000000,0.000000000
point-0007430,13861.491388801,274.557378760,215.639776445,295.500000000,0.000000000,0.000000000
point-0007431,13862.208818906,273.901834128,216.639776445,295.500000000,0.000000000,0.000000000
point-0007432,13864.648081263,269.836396866,216.639776445,295.500000000,0.000000000,0.000000000
point-0007433,13865.365511368,269.180852233,217.639776445,295.500000000,0.000000000,0.000000000
point-0007434,13867.804773725,273.246289495,217.639776445,295.500000000,0.000000000,0.000000000
point-0007435,13868.522203830,272.590744862,218.639776445,295.500000000,0.000000000,0.000000000
point-0007436,13870.961466187,268.525307601,218.639776445,295.500000000,0.000000000,0.000000000
point-0007437,13871.678896292,267.869762968,219.639776445,295.500000000,0.000000000,0.000000000
point-0007438,13874.118158649,271.935200230,219.639776445,295.500000000,0.000000000,0.000000000
point-0007439,13874.835588754,271.279655597,220.639776445,295.500000000,0.000000000,0.000000000
point-0007440,13877.274851111,267.214218335,220.639776445,295.500000000,0.000000000,0.000000000
point-0007441,13877.992281216,266.558673702,221.639776445,295.500000000,0.000000000,0.000000000
point-0007442,13880.431543573,270.624110964,221.639776445,295.500000000,0.000000000,0.000000000
point-0007443,13881.148973678,269.968566331,222.639776445,295.500000000,0.000000000,0.000000000
point-0007444,13883.588236035,265.903129070,222.639776445,295.500000000,0.000000000,0.000000000
point-0007445,13884.305666140,265.247584437,223.639776445,295.500000000,0.000000000,0.000000000
point-0007446,13886.744928497,269.313021699,223.639776445,295.500000000,0.000000000,0.000000000
point-0007447,13887.462358602,268.657477066,224.639776445,295.500000000,0.000000000,0.000000000
point-0007448,13889.901620959,264.592039804,224.639776445,295.500000000,0.000000000,0.000000000
point-0007449,13890.619051064,263.936495172,225.639776445,295.500000000,0.000000000,0.000000000
point-0007450,13893.058313421,268.001932433,225.639776445,295.500000000,0.000000000,0.000000000
point-0007451,13893.775743526,267.346387801,226.639776445,295.500000000,0.000000000,0.000000000
point-0007452,13896.215005883,263.280950539,226.639776445,295.500000000,0.000000000,0.000000000
point-0007453,13896.932435988,262.625405906,227.639776445,295.500000000,0.000000000,0.000000000
point-0007454,13899.371698345,266.690843168,227.639776445,295.500000000,0.000000000,0.000000000
point-0007455,13900.089128450,266.035298535,228.639776445,295.500000000,0.000000000,0.000000000
point-0007456,13902.528390807,261.969861274,228.639776445,295.500000000,0.000000000,0.000000000
point-0007457,13903.245820912,261.314316641,229.639776445,295.500000000,0.000000000,0.000000000
point-0007458,13905.685083269,265.379753903,229.639776445,295.500000000,0.000000000,0.000000000
point-0007459,13906.402513374,264.724209270,230.639776445,295.500000000,0.000000000,0.000000000
point-0007460,13908.841775731,260.658772008,230.639776445,295.500000000,0.000000000,0.000000000
point-0007461,13909.559205836,260.003227376,231.639776445,295.500000000,0.000000000,0.000000000
point-0007462,13911.998468193,264.068664637,231.639776445,295.500000000,0.000000000,0.000000000
point-0007463,13912.715898298,263.413120005,232.639776445,295.500000000,0.000000000,0.000000000
point-0007464,13915.155160655,259.347682743,232.639776445,295.500000000,0.000000000,0.000000000
point-0007465,13915.872590760,258.692138110,233.639776445,295.500000000,0.000000000,0.000000000
point-0007466,13918.311853117,262.757575372,233.639776445,295.500000000,0.000000000,0.000000000
point-0007467,13919.029283222,262.102030739,234.639776445,295.500000000,0.000000000,0.000000000
point-0007468,13921.468545579,258.036593477,234.639776445,295.500000000,0.000000000,0.000000000
point-0007469,13922.185975684,257.381048845,235.639776445,295.500000000,0.000000000,0.000000000
point-0007470,13924.625238041,261.446486106,235.639776445,295.500000000,0.000000000,0.000000000
point-0007471,13925.342668146,260.790941474,236.639776445,295.500000000,0.000000000,0.000000000
point-0007472,13927.781930503,256.725504212,236.639776445,295.500000000,0.000000000,0.000000000
point-0007473,13928.499360608,256.069959579,237.639776445,295.500000000,0.000000000,0.000000000
point-0007474,13930.938622965,260.135396841,237.639776445,295.500000000,0.000000000,0.000000000
point-0007475,13931.656053070,259.479852208,238.639776445,295.500000000,0.000000000,0.000000000
point-0007476,13934.095315427,255.414414947,238.639776445,295.500000000,0.000000000,0.000000000
point-0007477,13934.812745532,254.758870314,239.639776445,295.500000000,0.000000000,0.000000000
point-0007478,13937.252007889,258.824307576,239.639776445,295.500000000,0.000000000,0.000000000
point-0007479,13937.969437994,258.168762943,240.639776445,295.500000000,0.000000000,0.000000000
point-0007480,13940.165470425,254.508708892,240.639776445,295.500000000,0.000000000,0.000000000
point-0007481,13941.259873565,256.034158038,241.639776445,295.500000000,0.000000000,0.000000000
point-0007482,13942.147309729,257.513218310,241.639776445,295.500000000,0.000000000,0.000000000
point-0007483,13971.015794640,280.980655622,199.639776445,296.000000000,0.000000000,0.000000000
point-0007484,13971.670092773,282.071152511,199.639776445,296.000000000,0.000000000,0.000000000
point-0007485,13972.764495914,283.596601657,200.639776445,296.000000000,0.000000000,0.000000000
point-0007486,13974.727390315,280.325110989,200.639776445,296.000000000,0.000000000,0.000000000
point-0007487,13975.444820420,279.669566356,201.639776445,296.000000000,0.000000000,0.000000000
point-0007488,13977.884082777,283.735003618,201.639776445,296.000000000,0.000000000,0.000000000
point-0007489,13978.601512882,283.079458985,202.639776445,296.000000000,0.000000000,0.000000000
point-0007490,13981.040775239,279.014021724,202.639776445,296.000000000,0.000000000,0.000000000
point-0007491,13981.758205344,278.358477091,203.639776445,296.000000000,0.000000000,0.000000000
point-0007492,13984.197467701,282.423914353,203.639776445,296.000000000,0.000000000,0.000000000
point-0007493,13984.914897806,281.768369720,204.639776445,296.000000000,0.000000000,0.000000000
point-0007494,13987.354160163,277.702932458,204.639776445,296.000000000,0.000000000,0.000000000
point-0007495,13988.071590268,277.047387826,205.639776445,296.000000000,0.000000000,0.000000000
point-0007496,13990.510852625,281.112825087,205.639776445,296.000000000,0.000000000,0.000000000
point-0007497,13991.228282730,280.457280455,206.639776445,296.000000000,0.000000000,0.000000000
point-0007498,13993.667545087,276.391843193,206.639776445,296.000000000,0.000000000,0.000000000
point-0007499,13994.384975192,275.736298560,207.639776445,296.000000000,0.000000000,0.000000000
point-0007500,13996.824237549,279.801735822,207.639776445,296.000000000,0.000000000,0.000000000
point-0007501,13997.541667654,279.146191189,208.639776445,296.000000000,0.000000000,0.000000000
point-0007502,13999.980930011,275.080753927,208.639776445,296.000000000,0.000000000,0.000000000
point-0007503,14000.698360116,274.425209295,209.639776445,296.000000000,0.000000000,0.000000000
point-0007504,14003.137622473,278.490646556,209.639776445,296.000000000,0.000000000,0.000000000
point-0007505,14003.855052578,277.835101924,210.639776445,296.000000000,0.000000000,0.000000000
point-0007506,14006.294314935,273.769664662,210.639776445,296.000000000,0.000000000,0.000000000
point-0007507,14007.011745040,273.114120029,211.639776445,296.000000000,0.000000000,0.000000000
point-0007508,14009.451007397,277.179557291,211.639776445,296.000000000,0.000000000,0.000000000
point-0007509,14010.168437502,276.524012658,212.639776445,296.000000000,0.000000000,0.000000000
point-0007510,14012.607699859,272.458575397,212.639776445,296.000000000,0.000000000,0.000000000
point-0007511,14013.325129964,271.803030764,213.639776445,296.000000000,0.000000000,0.000000000
point-0007512,14015.764392321,275.868468026,213.639776445,296.000000000,0.000000000,0.000000000
point-0007513,14016.481822426,275.212923393,214.639776445,296.000000000,0.000000000,0.000000000
point-0007514,14018.921084783,271.147486131,214.639776445,296.000000000,0.000000000,0.000000000
point-0007515,14019.638514888,270.491941499,215.639776445,296.000000000,0.000000000,0.000000000
point-0007516,14022.077777245,274.557378760,215.639776445,296.000000000,0.000000000,0.000000000
point-0007517,14022.795207350,273.901834128,216.639776445,296.000000000,0.000000000,0.000000000
point-0007518,14025.234469707,269.836396866,216.639776445,296.000000000,0.000000000,0.000000000
point-0007519,14025.951899812,269.180852233,217.639776445,296.000000000,0.000000000,0.000000000
point-0007520,14028.391162169,273.246289495,217.639776445,296.000000000,0.000000000,0.000000000
point-0007521,14029.108592274,272.590744862,218.639776445,296.000000000,0.000000000,0.000000000
point-0007522,14031.547854631,268.525307601,218.639776445,296.000000000,0.000000000,0.000000000
point-0007523,14032.265284736,267.869762968,219.639776445,296.000000000,0.000000000,0.000000000
point-0007524,14034.704547093,271.935200230,219.639776445,296.000000000,0.000000000,0.000000000
point-0007525,14035.421977198,271.279655597,220.639776445,296.000000000,0.000000000,0.000000000
point-0007526,14037.861239555,267.214218335,220.639776445,296.000000000,0.000000000,0.000000000
point-0007527,14038.578669660,266.558673702,221.639776445,296.000000000,0.000000000,0.000000000
point-0007528,14041.017932017,270.624110964,221.639776445,296.000000000,0.000000000,0.000000000
point-0007529,14041.735362122,269.968566331,222.639776445,296.000000000,0.000000000,0.000000000
point-0007530,14044.174624479,265.903129070,222.639776445,296.000000000,0.000000000,0.000000000
point-0007531,14044.892054584,265.247584437,223.639776445,296.000000000,0.000000000,0.000000000
point-0007532,14047.331316941,269.313021699,223.639776445,296.000000000,0.000000000,0.000000000
point-0007533,14048.048747046,268.657477066,224.639776445,296.000000000,0.000000000,0.000000000
point-0007534,14050.488009403,264.592039804,224.639776445,296.000000000,0.000000000,0.000000000
point-0007535,14051.205439508,263.936495172,225.639776445,296.000000000,0.000000000,0.000000000
point-0007536,14053.644701865,268.001932433,225.639776445,296.000000000,0.000000000,0.000000000
point-0007537,14054.362131970,267.346387801,226.639776445,296.000000000,0.000000000,0.000000000
point-0007538,14056.801394327,263.280950539,226.639776445,296.000000000,0.000000000,0.000000000
point-0007539,14057.518824432,262.625405906,227.639776445,296.000000000,0.000000000,0.000000000
point-0007540,14059.958086789,266.690843168,227.639776445,296.000000000,0.000000000,0.000000000
point-0007541,14060.675516894,266.035298535,228.639776445,296.000000000,0.000000000,0.000000000
point-0007542,14063.114779251,261.969861274,228.639776445,296.000000000,0.000000000,0.000000000
point-0007543,14063.832209356,261.314316641,229.639776445,296.000000000,0.000000000,0.000000000
point-0007544,14066.271471713,265.379753903,229.639776445,296.000000000,0.000000000,0.000000000
point-0007545,14066.988901818,264.724209270,230.639776445,296.000000000,0.000000000,0.000000000
point-0007546,14069.428164175,260.658772008,230.639776445,296.000000000,0.000000000,0.000000000
point-0007547,14070.145594280,260.003227376,231.639776445,296.000000000,0.000000000,0.000000000
point-0007548,14072.584856637,264.068664637,231.639776445,296.000000000,0.000000000,0.000000000
point-0007549,14073.302286742,263.413120005,232.639776445,296.000000000,0.000000000,0.000000000
point-0007550,14075.741549099,259.347682743,232.639776445,296.000000000,0.000000000,0.000000000
point-0007551,14076.458979204,258.692138110,233.639776445,296.000000000,0.000000000,0.000000000
point-0007552,14078.898241561,262.757575372,233.639776445,296.000000000,0.000000000,0.000000000
point-0007553,14079.615671666,262.102030739,234.639776445,296.000000000,0.000000000,0.000000000
point-0007554,14082.054934023,258.036593477,234.639776445,296.000000000,0.000000000,0.000000000
point-0007555,14082.772364128,257.381048845,235.639776445,296.000000000,0.000000000,0.000000000
point-0007556,14085.211626485,261.446486106,235.639776445,296.000000000,0.000000000,0.000000000
point-0007557,14085.929056590,260.790941474,236.639776445,296.000000000,0.000000000,0.000000000
point-0007558,14088.368318947,256.725504212,236.639776445,296.000000000,0.000000000,0.000000000
point-0007559,14089.085749052,256.069959579,237.639776445,296.000000000,0.000000000,0.000000000
point-0007560,14091.525011409,260.135396841,237.639776445,296.000000000,0.000000000,0.000000000
point-0007561,14092.242441514,259.479852208,238.639776445,296.000000000,0.000000000,0.000000000
point-0007562,14094.681703871,255.414414947,238.639776445,296.000000000,0.000000000,0.000000000
point-0007563,14095.399133976,254.758870314,239.639776445,296.000000000,0.000000000,0.000000000
point-0007564,14097.838396333,258.824307576,239.639776445,296.000000000,0.000000000,0.000000000
point-0007565,14098.555826438,258.168762943,240.639776445,296.000000000,0.000000000,0.000000000
point-0007566,14100.751858869,254.508708892,240.639776445,296.000000000,0.000000000,0.000000000
point-0007567,14101.846262010,256.034158038,241.639776445,296.000000000,0.000000000,0.000000000
point-0007568,14102.733698173,257.513218310,241.639776445,296.000000000,0.000000000,0.000000000
point-0007569,14131.602183084,280.980655622,199.639776445,296.500000000,0.000000000,0.000000000
point-0007570,14132.256481217,282.071152511,199.639776445,296.500000000,0.000000000,0.000000000
point-0007571,14133.350884358,283.596601657,200.639776445,296.500000000,0.000000000,0.000000000
point-0007572,14135.313778759,280.325110989,200.639776445,296.500000000,0.000000000,0.000000000
point-0007573,14136.031208864,279.669566356,201.639776445,296.500000000,0.000000000,0.000000000
point-0007574,14138.470471221,283.735003618,201.639776445,296.500000000,0.000000000,0.000000000
point-0007575,14139.187901326,283.079458985,202.639776445,296.500000000,0.000000000,0.000000000
point-0007576,14141.627163683,279.014021724,202.639776445,296.500000000,0.000000000,0.000000000
point-0007577,14142.344593788,278.358477091,203.639776445,296.500000000,0.000000000,0.000000000
point-0007578,14144.783856145,282.423914353,203.639776445,296.500000000,0.000000000,0.000000000
point-0007579,14145.501286250,281.768369720,204.639776445,296.500000000,0.000000000,0.000000000
point-0007580,14147.940548607,277.702932458,204.639776445,296.500000000,0.000000000,0.000000000
point-0007581,14148.657978712,277.047387826,205.639776445,296.500000000,0.000000000,0.000000000
point-0007582,14151.097241069,281.112825087,205.639776445,296.500000000,0.000000000,0.000000000
point-0007583,14151.814671174,280.457280455,206.639776445,296.500000000,0.000000000,0.000000000
point-0007584,14154.253933531,276.391843193,206.639776445,296.500000000,0.000000000,0.000000000
point-0007585,14154.971363636,275.736298560,207.639776445,296.500000000,0.000000000,0.000000000
point-0007586,14157.410625993,279.801735822,207.639776445,296.500000000,0.000000000,0.000000000
point-0007587,14158.128056098,279.146191189,208.639776445,296.500000000,0.000000000,0.000000000
point-0007588,14160.567318455,275.080753927,208.639776445,296.500000000,0.000000000,0.000000000
point-0007589,14161.284748560,274.425209295,209.639776445,296.500000000,0.000000000,0.000000000
point-0007590,14163.724010917,278.490646556,209.639776445,296.500000000,0.000000000,0.000000000
point-0007591,14164.441441022,277.835101924,210.639776445,296.500000000,0.000000000,0.000000000
point-0007592,14166.880703379,273.769664662,210.639776445,296.500000000,0.000000000,0.000000000
point-0007593,14167.598133484,273.114120029,211.639776445,296.500000000,0.000000000,0.000000000
point-0007594,14170.037395841,277.179557291,211.639776445,296.500000000,0.000000000,0.000000000
point-0007595,14170.754825946,276.524012658,212.639776445,296.500000000,0.000000000,0.000000000
point-0007596,14173.194088303,272.458575397,212.639776445,296.500000000,0.000000000,0.000000000
point-0007597,14173.911518408,271.803030764,213.639776445,296.500000000,0.000000000,0.000000000
point-0007598,14176.350780765,275.868468026,213.639776445,296.500000000,0.000000000,0.000000000
point-0007599,14177.068210870,275.212923393,214.639776445,296.500000000,0.000000000,0.000000000
point-0007600,14179.507473227,271.147486131,214.639776445,296.500000000,0.000000000,0.000000000
point-0007601,14180.224903332,270.491941499,215.639776445,296.500000000,0.000000000,0.000000000
point-0007602,14182.664165689,274.557378760,215.639776445,296.500000000,0.000000000,0.000000000
point-0007603,14183.381595794,273.901834128,216.639776445,296.500000000,0.000000000,0.000000000
point-0007604,14185.820858151,269.836396866,216.639776445,296.500000000,0.000000000,0.000000000
point-0007605,14186.538288256,269.180852233,217.639776445,296.500000000,0.000000000,0.000000000
point-0007606,14188.977550613,273.246289495,217.639776445,296.500000000,0.000000000,0.000000000
point-0007607,14189.694980718,272.590744862,218.639776445,296.500000000,0.000000000,0.000000000
point-0007608,14192.134243075,268.525307601,218.639776445,296.500000000,0.000000000,0.000000000
point-0007609,14192.851673180,267.869762968,219.639776445,296.500000000,0.000000000,0.000000000
point-0007610,14195.290935537,271.935200230,219.639776445,296.500000000,0.000000000,0.000000000
point-0007611,14196.008365642,271.279655597,220.639776445,296.500000000,0.000000000,0.000000000
point-0007612,14198.447627999,267.214218335,220.639776445,296.500000000,0.000000000,0.000000000
point-0007613,14199.165058104,266.558673702,221.639776445,296.500000000,0.000000000,0.000000000
point-0007614,14201.604320461,270.624110964,221.639776445,296.500000000,0.000000000,0.000000000
point-0007615,14202.321750566,269.968566331,222.639776445,296.500000000,0.000000000,0.000000000
point-0007616,14204.761012923,265.903129070,222.639776445,296.500000000,0.000000000,0.000000000
point-0007617,14205.478443028,265.247584437,223.639776445,296.500000000,0.000000000,0.000000000
point-0007618,14207.917705385,269.313021699,223.639776445,296.500000000,0.000000000,0.000000000
point-0007619,14208.635135490,268.657477066,224.639776445,296.500000000,0.000000000,0.000000000
point-0007620,14211.074397847,264.592039804,224.639776445,296.500000000,0.000000000,0.000000000
point-0007621,14211.791827952,263.936495172,225.639776445,296.500000000,0.000000000,0.000000000
point-0007622,14214.231090309,268.001932433,225.639776445,296.500000000,0.000000000,0.000000000
point-0007623,14214.948520414,267.346387801,226.639776445,296.500000000,0.000000000,0.000000000
point-0007624,14217.387782771,263.280950539,226.639776445,296.500000000,0.000000000,0.000000000
point-0007625,14218.105212876,262.625405906,227.639776445,296.500000000,0.000000000,0.000000000
point-0007626,14220.544475233,266.690843168,227.639776445,296.500000000,0.000000000,0.000000000
point-0007627,14221.261905338,266.035298535,228.639776445,296.500000000,0.000000000,0.000000000
point-0007628,14223.701167695,261.969861274,228.639776445,296.500000000,0.000000000,0.000000000
point-0007629,14224.418597800,261.314316641,229.639776445,296.500000000,0.000000000,0.000000000
point-0007630,14226.857860157,265.379753903,229.639776445,296.500000000,0.000000000,0.000000000
point-0007631,14227.575290262,264.724209270,230.639776445,296.500000000,0.000000000,0.000000000
point-0007632,14230.014552619,260.658772008,230.639776445,296.500000000,0.000000000,0.000000000
point-0007633,14230.731982724,260.003227376,231.639776445,296.500000000,0.000000000,0.000000000
point-0007634,14233.171245081,264.068664637,231.639776445,296.500000000,0.000000000,0.000000000
point-0007635,14233.888675186,263.413120005,232.639776445,296.500000000,0.000000000,0.000000000
point-0007636,14236.327937543,259.347682743,232.639776445,296.500000000,0.000000000,0.000000000
point-0007637,14237.045367648,258.692138110,233.639776445,296.500000000,0.000000000,0.000000000
point-0007638,14239.484630005,262.757575372,233.639776445,296.500000000,0.000000000,0.000000000
point-0007639,14240.202060110,262.102030739,234.639776445,296.500000000,0.000000000,0.000000000
point-0007640,14242.641322467,258.036593477,234.639776445,296.500000000,0.000000000,0.000000000
point-0007641,14243.358752572,257.381048845,235.639776445,296.500000000,0.000000000,0.000000000
point-0007642,14245.798014929,261.446486106,235.639776445,296.500000000,0.000000000,0.000000000
point-0007643,14246.515445034,260.790941474,236.639776445,296.500000000,0.000000000,0.000000000
point-0007644,14248.954707391,256.725504212,236.639776445,296.500000000,0.000000000,0.000000000
point-0007645,14249.672137496,256.069959579,237.639776445,296.500000000,0.000000000,0.000000000
point-0007646,14252.111399853,260.135396841,237.639776445,296.500000000,0.000000000,0.000000000
point-0007647,14252.828829958,259.479852208,238.639776445,296.500000000,0.000000000,0.000000000
point-0007648,14255.268092315,255.414414947,238.639776445,296.500000000,0.000000000,0.000000000
point-0007649,14255.985522420,254.758870314,239.639776445,296.500000000,0.000000000,0.000000000
point-0007650,14258.424784777,258.824307576,239.639776445,296.500000000,0.000000000,0.000000000
point-0007651,14259.142214882,258.168762943,240.639776445,296.500000000,0.000000000,0.000000000
point-0007652,14261.338247313,254.508708892,240.639776445,296.500000000,0.000000000,0.000000000
point-0007653,14262.432650454,256.034158038,241.639776445,296.500000000,0.000000000,0.000000000
point-0007654,14263.320086617,257.513218310,241.639776445,296.500000000,0.000000000,0.000000000
point-0007655,14292.188571528,280.980655622,199.639776445,297.000000000,0.000000000,0.000000000
point-0007656,14292.842869661,282.071152511,199.639776445,297.000000000,0.000000000,0.000000000
point-0007657,14293.937272802,283.596601657,200.639776445,297.000000000,0.000000000,0.000000000
point-0007658,14295.900167203,280.325110989,200.639776445,297.000000000,0.000000000,0.000000000
point-0007659,14296.617597308,279.669566356,201.639776445,297.000000000,0.000000000,0.000000000
point-0007660,14299.056859665,283.735003618,201.639776445,297.000000000,0.000000000,0.000000000
point-0007661,14299.774289770,283.079458985,202.639776445,297.000000000,0.000000000,0.000000000
point-0007662,14302.213552127,279.014021724,202.639776445,297.000000000,0.000000000,0.000000000
point-0007663,14302.930982232,278.358477091,203.639776445,297.000000000,0.000000000,0.000000000
point-0007664,14305.370244589,282.423914353,203.639776445,297.000000000,0.000000000,0.000000000
point-0007665,14306.087674694,281.768369720,204.639776445,297.000000000,0.000000000,0.000000000
point-0007666,14308.526937051,277.702932458,204.639776445,297.000000000,0.000000000,0.000000000
point-0007667,14309.244367156,277.047387826,205.639776445,297.000000000,0.000000000,0.000000000
point-0007668,14311.683629513,281.112825087,205.639776445,297.000000000,0.000000000,0.000000000
point-0007669,14312.401059618,280.457280455,206.639776445,297.000000000,0.000000000,0.000000000
point-0007670,14314.840321975,276.391843193,206.639776445,297.000000000,0.000000000,0.000000000
point-0007671,14315.557752080,275.736298560,207.639776445,297.000000000,0.000000000,0.000000000
point-0007672,14317.997014437,279.801735822,207.639776445,297.000000000,0.000000000,0.000000000
point-0007673,14318.714444542,279.146191189,208.639776445,297.000000000,0.000000000,0.000000000
point-0007674,14321.153706899,275.080753927,208.639776445,297.000000000,0.000000000,0.000000000
point-0007675,14321.871137004,274.425209295,209.639776445,297.000000000,0.000000000,0.000000000
point-0007676,14324.310399361,278.490646556,209.639776445,297.000000000,0.000000000,0.000000000
point-0007677,14325.027829466,277.835101924,210.639776445,297.000000000,0.000000000,0.000000000
point-0007678,14327.467091823,273.769664662,210.639776445,297.000000000,0.000000000,0.000000000
point-0007679,14328.184521928,273.114120029,211.639776445,297.000000000,0.000000000,0.000000000
point-0007680,14330.623784285,277.179557291,211.639776445,297.000000000,0.000000000,0.000000000
point-0007681,14331.341214390,276.524012658,212.639776445,297.000000000,0.000000000,0.000000000
point-0007682,14333.780476747,272.458575397,212.639776445,297.000000000,0.000000000,0.000000000
point-0007683,14334.497906852,271.803030764,213.639776445,297.000000000,0.000000000,0.000000000
point-0007684,14336.937169209,275.868468026,213.639776445,297.000000000,0.000000000,0.000000000
point-0007685,14337.654599314,275.212923393,214.639776445,297.000000000,0.000000000,0.000000000
point-0007686,14340.093861671,271.147486131,214.639776445,297.000000000,0.000000000,0.000000000
point-0007687,14340.811291776,270.491941499,215.639776445,297.000000000,0.000000000,0.000000000
point-0007688,14343.250554133,274.557378760,215.639776445,297.000000000,0.000000000,0.000000000
point-0007689,14343.967984238,273.901834128,216.639776445,297.000000000,0.000000000,0.000000000
point-0007690,14346.407246595,269.836396866,216.639776445,297.000000000,0.000000000,0.000000000
point-0007691,14347.124676700,269.180852233,217.639776445,297.000000000,0.000000000,0.000000000
point-0007692,14349.563939057,273.246289495,217.639776445,297.000000000,0.000000000,0.000000000
point-0007693,14350.281369162,272.590744862,218.639776445,297.000000000,0.000000000,0.000000000
point-0007694,14352.720631519,268.525307601,218.639776445,297.000000000,0.000000000,0.000000000
point-0007695,14353.438061624,267.869762968,219.639776445,297.000000000,0.000000000,0.000000000
point-0007696,14355.877323981,271.935200230,219.639776445,297.000000000,0.000000000,0.000000000
point-0007697,14356.594754086,271.279655597,220.639776445,297.000000000,0.000000000,0.000000000
point-0007698,14359.034016443,267.214218335,220.639776445,297.000000000,0.000000000,0.000000000
point-0007699,14359.751446548,266.558673702,221.639776445,297.000000000,0.000000000,0.000000000
point-0007700,14362.190708905,270.624110964,221.639776445,297.000000000,0.000000000,0.000000000
point-0007701,14362.908139010,269.968566331,222.639776445,297.000000000,0.000000000,0.000000000
point-0007702,14365.347401367,265.903129070,222.639776445,297.000000000,0.000000000,0.000000000
point-0007703,14366.064831472,265.247584437,223.639776445,297.000000000,0.000000000,0.000000000
point-0007704,14368.504093829,269.313021699,223.639776445,297.000000000,0.000000000,0.000000000
point-0007705,14369.221523934,268.657477066,224.639776445,297.000000000,0.000000000,0.000000000
point-0007706,14371.660786291,264.592039804,224.639776445,297.000000000,0.000000000,0.000000000
point-0007707,14372.378216396,263.936495172,225.639776445,297.000000000,0.000000000,0.000000000
point-0007708,14374.817478753,268.001932433,225.639776445,297.000000000,0.000000000,0.000000000
point-0007709,14375.534908858,267.346387801,226.639776445,297.000000000,0.000000000,0.000000000
point-0007710,14377.974171215,263.280950539,226.639776445,297.000000000,0.000000000,0.000000000
point-0007711,14378.691601320,262.625405906,227.639776445,297.000000000,0.000000000,0.000000000
point-0007712,14381.130863677,266.690843168,227.639776445,297.000000000,0.000000000,0.000000000
point-0007713,14381.848293782,266.035298535,228.639776445,297.000000000,0.000000000,0.000000000
point-0007714,14384.287556139,261.969861274,228.639776445,297.000000000,0.000000000,0.000000000
point-0007715,14385.004986244,261.314316641,229.639776445,297.000000000,0.000000000,0.000000000
point-0007716,14387.444248601,265.379753903,229.639776445,297.000000000,0.000000000,0.000000000
point-0007717,14388.161678706,264.724209270,230.639776445,297.000000000,0.000000000,0.000000000
point-0007718,14390.600941063,260.658772008,230.639776445,297.000000000,0.000000000,0.000000000
point-0007719,14391.318371168,260.003227376,231.639776445,297.000000000,0.000000000,0.000000000
point-0007720,14393.757633525,264.068664637,231.639776445,297.000000000,0.000000000,0.000000000
point-0007721,14394.475063630,263.413120005,232.639776445,297.000000000,0.000000000,0.000000000
point-0007722,14396.914325987,259.347682743,232.639776445,297.000000000,0.000000000,0.000000000
point-0007723,14397.631756092,258.692138110,233.639776445,297.000000000,0.000000000,0.000000000
point-0007724,14400.071018449,262.757575372,233.639776445,297.000000000,0.000000000,0.000000000
point-0007725,14400.788448554,262.102030739,234.639776445,297.000000000,0.000000000,0.000000000
point-0007726,14403.227710911,258.036593477,234.639776445,297.000000000,0.000000000,0.000000000
point-0007727,14403.945141016,257.381048845,235.639776445,297.000000000,0.000000000,0.000000000
point-0007728,14406.384403373,261.446486106,235.639776445,297.000000000,0.000000000,0.000000000
point-0007729,14407.101833478,260.790941474,236.639776445,297.000000000,0.000000000,0.000000000
point-0007730,14409.541095835,256.725504212,236.639776445,297.000000000,0.000000000,0.000000000
point-0007731,14410.258525940,256.069959579,237.639776445,297.000000000,0.000000000,0.000000000
point-0007732,14412.697788297,260.135396841,237.639776445,297.000000000,0.000000000,0.000000000
point-0007733,14413.415218402,259.479852208,238.639776445,297.000000000,0.000000000,0.000000000
point-0007734,14415.854480759,255.414414947,238.639776445,297.000000000,0.000000000,0.000000000
point-0007735,14416.571910864,254.758870314,239.639776445,297.000000000,0.000000000,0.000000000
point-0007736,14419.011173221,258.824307576,239.639776445,297.000000000,0.000000000,0.000000000
point-0007737,14419.728603326,258.168762943,240.639776445,297.000000000,0.000000000,0.000000000
point-0007738,14421.924635757,254.508708892,240.639776445,297.000000000,0.000000000,0.000000000
point-0007739,14423.019038898,256.034158038,241.639776445,297.000000000,0.000000000,0.000000000
point-0007740,14423.906475061,257.513218310,241.639776445,297.000000000,0.000000000,0.000000000
point-0007741,14452.774959972,280.980655622,199.639776445,297.500000000,0.000000000,0.000000000
point-0007742,14453.429258106,282.071152511,199.639776445,297.500000000,0.000000000,0.000000000
point-0007743,14454.523661246,283.596601657,200.639776445,297.500000000,0.000000000,0.000000000
point-0007744,14456.486555647,280.325110989,200.639776445,297.500000000,0.000000000,0.000000000
point-0007745,14457.203985752,279.669566356,201.639776445,297.500000000,0.000000000,0.000000000
point-0007746,14459.643248109,283.735003618,201.639776445,297.500000000,0.000000000,0.000000000
point-0007747,14460.360678214,283.079458985,202.639776445,297.500000000,0.000000000,0.000000000
point-0007748,14462.799940571,279.014021724,202.639776445,297.500000000,0.000000000,0.000000000
point-0007749,14463.517370676,278.358477091,203.639776445,297.500000000,0.000000000,0.000000000
point-0007750,14465.956633033,282.423914353,203.639776445,297.500000000,0.000000000,0.000000000
point-0007751,14466.674063138,281.768369720,204.639776445,297.500000000,0.000000000,0.000000000
point-0007752,14469.113325495,277.702932458,204.639776445,297.500000000,0.000000000,0.000000000
point-0007753,14469.830755600,277.047387826,205.639776445,297.500000000,0.000000000,0.000000000
point-0007754,14472.270017957,281.112825087,205.639776445,297.500000000,0.000000000,0.000000000
point-0007755,14472.987448062,280.457280455,206.639776445,297.500000000,0.000000000,0.000000000
point-0007756,14475.426710419,276.391843193,206.639776445,297.500000000,0.000000000,0.000000000
point-0007757,14476.144140524,275.736298560,207.639776445,297.500000000,0.000000000,0.000000000
point-0007758,14478.583402881,279.801735822,207.639776445,297.500000000,0.000000000,0.000000000
point-0007759,14479.300832986,279.146191189,208.639776445,297.500000000,0.000000000,0.000000000
point-0007760,14481.740095343,275.080753927,208.639776445,297.500000000,0.000000000,0.000000000
point-0007761,14482.457525448,274.425209295,209.639776445,297.500000000,0.000000000,0.000000000
point-0007762,14484.896787805,278.490646556,209.639776445,297.500000000,0.000000000,0.000000000
point-0007763,14485.614217910,277.835101924,210.639776445,297.500000000,0.000000000,0.000000000
point-0007764,14488.053480267,273.769664662,210.639776445,297.500000000,0.000000000,0.000000000
point-0007765,14488.770910372,273.114120029,211.639776445,297.500000000,0.000000000,0.000000000
point-0007766,14491.210172729,277.179557291,211.639776445,297.500000000,0.000000000,0.000000000
point-0007767,14491.927602834,276.524012658,212.639776445,297.500000000,0.000000000,0.000000000
point-0007768,14494.366865191,272.458575397,212.639776445,297.500000000,0.000000000,0.000000000
point-0007769,14495.084295296,271.803030764,213.639776445,297.500000000,0.000000000,0.000000000
point-0007770,14497.523557653,275.868468026,213.639776445,297.500000000,0.000000000,0.000000000
point-0007771,14498.240987758,275.212923393,214.639776445,297.500000000,0.000000000,0.000000000
point-0007772,14500.680250115,271.147486131,214.639776445,297.500000000,0.000000000,0.000000000
point-0007773,14501.397680220,270.491941499,215.639776445,297.500000000,0.000000000,0.000000000
point-0007774,14503.836942577,274.557378760,215.639776445,297.500000000,0.000000000,0.000000000
point-0007775,14504.554372682,273.901834128,216.639776445,297.500000000,0.000000000,0.000000000
point-0007776,14506.993635039,269.836396866,216.639776445,297.500000000,0.000000000,0.000000000
point-0007777,14507.711065144,269.180852233,217.639776445,297.500000000,0.000000000,0.000000000
point-0007778,14510.150327501,273.246289495,217.639776445,297.500000000,0.000000000,0.000000000
point-0007779,14510.867757606,272.590744862,218.639776445,297.500000000,0.000000000,0.000000000
point-0007780,14513.307019963,268.525307601,218.639776445,297.500000000,0.000000000,0.000000000
point-0007781,14514.024450068,267.869762968,219.639776445,297.500000000,0.000000000,0.000000000
point-0007782,14516.463712425,271.935200230,219.639776445,297.500000000,0.000000000,0.000000000
point-0007783,14517.181142530,271.279655597,220.639776445,297.500000000,0.000000000,0.000000000
point-0007784,14519.620404887,267.214218335,220.639776445,297.500000000,0.000000000,0.000000000
point-0007785,14520.337834992,266.558673702,221.639776445,297.500000000,0.000000000,0.000000000
point-0007786,14522.777097349,270.624110964,221.639776445,297.500000000,0.000000000,0.000000000
point-0007787,14523.494527454,269.968566331,222.639776445,297.500000000,0.000000000,0.000000000
point-0007788,14525.933789811,265.903129070,222.639776445,297.500000000,0.000000000,0.000000000
point-0007789,14526.651219916,265.247584437,223.639776445,297.500000000,0.000000000,0.000000000
point-0007790,14529.090482273,269.313021699,223.639776445,297.500000000,0.000000000,0.000000000
point-0007791,14529.807912378,268.657477066,224.639776445,297.500000000,0.000000000,0.000000000
point-0007792,14532.247174735,264.592039804,224.639776445,297.500000000,0.000000000,0.000000000
point-0007793,14532.964604840,263.936495172,225.639776445,297.500000000,0.000000000,0.000000000
point-0007794,14535.403867197,268.001932433,225.639776445,297.500000000,0.000000000,0.000000000
point-0007795,14536.121297302,267.346387801,226.639776445,297.500000000,0.000000000,0.000000000
point-0007796,14538.560559659,263.280950539,226.639776445,297.500000000,0.000000000,0.000000000
point-0007797,14539.277989764,262.625405906,227.639776445,297.500000000,0.000000000,0.000000000
point-0007798,14541.717252121,266.690843168,227.639776445,297.500000000,0.000000000,0.000000000
point-0007799,14542.434682226,266.035298535,228.639776445,297.500000000,0.000000000,0.000000000
point-0007800,14544.873944583,261.969861274,228.639776445,297.500000000,0.000000000,0.000000000
point-0007801,14545.591374688,261.314316641,229.639776445,297.500000000,0.000000000,0.000000000
point-0007802,14548.030637045,265.379753903,229.639776445,297.500000000,0.000000000,0.000000000
point-0007803,14548.748067150,264.724209270,230.639776445,297.500000000,0.000000000,0.000000000
point-0007804,14551.187329507,260.658772008,230.639776445,297.500000000,0.000000000,0.000000000
point-0007805,14551.904759612,260.003227376,231.639776445,297.500000000,0.000000000,0.000000000
point-0007806,14554.344021969,264.068664637,231.639776445,297.500000000,0.000000000,0.000000000
point-0007807,14555.061452074,263.413120005,232.639776445,297.500000000,0.000000000,0.000000000
point-0007808,14557.500714431,259.347682743,232.639776445,297.500000000,0.000000000,0.000000000
point-0007809,14558.218144536,258.692138110,233.639776445,297.500000000,0.000000000,0.000000000
point-0007810,14560.657406893,262.757575372,233.639776445,297.500000000,0.000000000,0.000000000
point-0007811,14561.374836998,262.102030739,234.639776445,297.500000000,0.000000000,0.000000000
point-0007812,14563.814099355,258.036593477,234.639776445,297.500000000,0.000000000,0.000000000
point-0007813,14564.531529460,257.381048845,235.639776445,297.500000000,0.000000000,0.000000000
point-0007814,14566.970791817,261.446486106,235.639776445,297.500000000,0.000000000,0.000000000
point-0007815,14567.688221922,260.790941474,236.639776445,297.500000000,0.000000000,0.000000000
point-0007816,14570.127484279,256.725504212,236.639776445,297.500000000,0.000000000,0.000000000
point-0007817,14570.844914384,256.069959579,237.639776445,297.500000000,0.000000000,0.000000000
point-0007818,14573.284176741,260.135396841,237.639776445,297.500000000,0.000000000,0.000000000
point-0007819,14574.001606846,259.479852208,238.639776445,297.500000000,0.000000000,0.000000000
point-0007820,14576.440869203,255.414414947,238.639776445,297.500000000,0.000000000,0.000000000
point-0007821,14577.158299308,254.758870314,239.639776445,297.500000000,0.000000000,0.000000000
point-0007822,14579.597561665,258.824307576,239.639776445,297.500000000,0.000000000,0.000000000
point-0007823,14580.314991770,258.168762943,240.639776445,297.500000000,0.000000000,0.000000000
point-0007824,14582.511024201,254.508708892,240.639776445,297.500000000,0.000000000,0.000000000
point-0007825,14583.605427342,256.034158038,241.639776445,297.500000000,0.000000000,0.000000000
point-0007826,14584.492863506,257.513218310,241.639776445,297.500000000,0.000000000,0.000000000
point-0007827,14613.361348416,280.980655622,199.639776445,298.000000000,0.000000000,0.000000000
point-0007828,14614.015646550,282.071152511,199.639776445,298.000000000,0.000000000,0.000000000
point-0007829,14615.110049691,283.596601657,200.639776445,298.000000000,0.000000000,0.000000000
point-0007830,14617.072944091,280.325110989,200.639776445,298.000000000,0.000000000,0.000000000
point-0007831,14617.790374196,279.669566356,201.639776445,298.000000000,0.000000000,0.000000000
point-0007832,14620.229636553,283.735003618,201.639776445,298.000000000,0.000000000,0.000000000
point-0007833,14620.947066658,283.079458985,202.639776445,298.000000000,0.000000000,0.000000000
point-0007834,14623.386329015,279.014021724,202.639776445,298.000000000,0.000000000,0.000000000
point-0007835,14624.103759120,278.358477091,203.639776445,298.000000000,0.000000000,0.000000000
point-0007836,14626.543021477,282.423914353,203.639776445,298.000000000,0.000000000,0.000000000
point-0007837,14627.260451582,281.768369720,204.639776445,298.000000000,0.000000000,0.000000000
point-0007838,14629.699713939,277.702932458,204.639776445,298.000000000,0.000000000,0.000000000
point-0007839,14630.417144044,277.047387826,205.639776445,298.000000000,0.000000000,0.000000000
point-0007840,14632.856406401,281.112825087,205.639776445,298.000000000,0.000000000,0.000000000
point-0007841,14633.573836506,280.457280455,206.639776445,298.000000000,0.000000000,0.000000000
point-0007842,14636.013098863,276.391843193,206.639776445,298.000000000,0.000000000,0.000000000
point-0007843,14636.730528968,275.736298560,207.639776445,298.000000000,0.000000000,0.000000000
point-0007844,14639.169791325,279.801735822,207.639776445,298.000000000,0.000000000,0.000000000
point-0007845,14639.887221430,279.146191189,208.639776445,298.000000000,0.000000000,0.000000000
point-0007846,14642.326483787,275.080753927,208.639776445,298.000000000,0.000000000,0.000000000
point-0007847,14643.043913892,274.425209295,209.639776445,298.000000000,0.000000000,0.000000000
point-0007848,14645.483176249,278.490646556,209.639776445,298.000000000,0.000000000,0.000000000
point-0007849,14646.200606354,277.835101924,210.639776445,298.000000000,0.000000000,0.000000000
point-0007850,14648.639868711,273.769664662,210.639776445,298.000000000,0.000000000,0.000000000
point-0007851,14649.357298816,273.114120029,211.639776445,298.000000000,0.000000000,0.000000000
point-0007852,14651.796561173,277.179557291,211.639776445,298.000000000,0.000000000,0.000000000
point-0007853,14652.513991278,276.524012658,212.639776445,298.000000000,0.000000000,0.000000000
point-0007854,14654.953253635,272.458575397,212.639776445,298.000000000,0.000000000,0.000000000
point-0007855,14655.670683740,271.803030764,213.639776445,298.000000000,0.000000000,0.000000000
point-0007856,14658.109946097,275.868468026,213.639776445,298.000000000,0.000000000,0.000000000
point-0007857,14658.827376202,275.212923393,214.639776445,298.000000000,0.000000000,0.000000000
point-0007858,14661.266638559,271.147486131,214.639776445,298.000000000,0.000000000,0.000000000
point-0007859,14661.984068664,270.491941499,215.639776445,298.000000000,0.000000000,0.000000000
point-0007860,14664.423331021,274.557378760,215.639776445,298.000000000,0.000000000,0.000000000
point-0007861,14665.140761126,273.901834128,216.639776445,298.000000000,0.000000000,0.000000000
point-0007862,14667.580023483,269.836396866,216.639776445,298.000000000,0.000000000,0.000000000
point-0007863,14668.297453588,269.180852233,217.639776445,298.000000000,0.000000000,0.000000000
point-0007864,14670.736715945,273.246289495,217.639776445,298.000000000,0.000000000,0.000000000
point-0007865,14671.454146050,272.590744862,218.639776445,298.000000000,0.000000000,0.000000000
point-0007866,14673.893408407,268.525307601,218.639776445,298.000000000,0.000000000,0.000000000
point-0007867,14674.610838512,267.869762968,219.639776445,298.000000000,0.000000000,0.000000000
point-0007868,14677.050100869,271.935200230,219.639776445,298.000000000,0.000000000,0.000000000
point-0007869,14677.767530974,271.279655597,220.639776445,298.000000000,0.000000000,0.000000000
point-0007870,14680.206793331,267.214218335,220.639776445,298.000000000,0.000000000,0.000000000
point-0007871,14680.924223436,266.558673702,221.639776445,298.000000000,0.000000000,0.000000000
point-0007872,14683.363485793,270.624110964,221.639776445,298.000000000,0.000000000,0.000000000
point-0007873,14684.080915898,269.968566331,222.639776445,298.000000000,0.000000000,0.000000000
point-0007874,14686.520178255,265.903129070,222.639776445,298.000000000,0.000000000,0.000000000
point-0007875,14687.237608360,265.247584437,223.639776445,298.000000000,0.000000000,0.000000000
point-0007876,14689.676870717,269.313021699,223.639776445,298.000000000,0.000000000,0.000000000
point-0007877,14690.394300822,268.657477066,224.639776445,298.000000000,0.000000000,0.000000000
point-0007878,14692.833563179,264.592039804,224.639776445,298.000000000,0.000000000,0.000000000
point-0007879,14693.550993284,263.936495172,225.639776445,298.000000000,0.000000000,0.000000000
point-0007880,14695.990255641,268.001932433,225.639776445,298.000000000,0.000000000,0.000000000
point-0007881,14696.707685746,267.346387801,226.639776445,298.000000000,0.000000000,0.000000000
point-0007882,14699.146948103,263.280950539,226.639776445,298.000000000,0.000000000,0.000000000
point-0007883,14699.864378208,262.625405906,227.639776445,298.000000000,0.000000000,0.000000000
point-0007884,14702.303640565,266.690843168,227.639776445,298.000000000,0.000000000,0.000000000
point-0007885,14703.021070670,266.035298535,228.639776445,298.000000000,0.000000000,0.000000000
point-0007886,14705.460333027,261.969861274,228.639776445,298.000000000,0.000000000,0.000000000
point-0007887,14706.177763132,261.314316641,229.639776445,298.000000000,0.000000000,0.000000000
point-0007888,14708.617025489,265.379753903,229.639776445,298.000000000,0.000000000,0.000000000
point-0007889,14709.334455594,264.724209270,230.639776445,298.000000000,0.000000000,0.000000000
point-0007890,14711.773717951,260.658772008,230.639776445,298.000000000,0.000000000,0.000000000
point-0007891,14712.491148056,260.003227376,231.639776445,298.000000000,0.000000000,0.000000000
point-0007892,14714.930410413,264.068664637,231.639776445,298.000000000,0.000000000,0.000000000
point-0007893,14715.647840518,263.413120005,232.639776445,298.000000000,0.000000000,0.000000000
point-0007894,14718.087102875,259.347682743,232.639776445,298.000000000,0.000000000,0.000000000
point-0007895,14718.804532980,258.692138110,233.639776445,298.000000000,0.000000000,0.000000000
point-0007896,14721.243795337,262.757575372,233.639776445,298.000000000,0.000000000,0.000000000
point-0007897,14721.961225442,262.102030739,234.639776445,298.000000000,0.000000000,0.000000000
point-0007898,14724.400487799,258.036593477,234.639776445,298.000000000,0.000000000,0.000000000
point-0007899,14725.117917904,257.381048845,235.639776445,298.000000000,0.000000000,0.000000000
point-0007900,14727.557180261,261.446486106,235.639776445,298.000000000,0.000000000,0.000000000
point-0007901,14728.274610366,260.790941474,236.639776445,298.000000000,0.000000000,0.000000000
point-0007902,14730.713872723,256.725504212,236.639776445,298.000000000,0.000000000,0.000000000
point-0007903,14731.431302828,256.069959579,237.639776445,298.000000000,0.000000000,0.000000000
point-0007904,14733.870565185,260.135396841,237.639776445,298.000000000,0.000000000,0.000000000
point-0007905,14734.587995290,259.479852208,238.639776445,298.000000000,0.000000000,0.000000000
point-0007906,14737.027257647,255.414414947,238.639776445,298.000000000,0.000000000,0.000000000
point-0007907,14737.744687752,254.758870314,239.639776445,298.000000000,0.000000000,0.000000000
point-0007908,14740.183950109,258.824307576,239.639776445,298.000000000,0.000000000,0.000000000
point-0007909,14740.901380214,258.168762943,240.639776445,298.000000000,0.000000000,0.000000000
point-0007910,14743.097412645,254.508708892,240.639776445,298.000000000,0.000000000,0.000000000
point-0007911,14744.191815786,256.034158038,241.639776445,298.000000000,0.000000000,0.000000000
point-0007912,14745.079251950,257.513218310,241.639776445,298.000000000,0.000000000,0.000000000
point-0007913,14773.947736860,280.980655622,199.639776445,298.500000000,0.000000000,0.000000000
point-0007914,14774.602034994,282.071152511,199.639776445,298.500000000,0.000000000,0.000000000
point-0007915,14775.696438135,283.596601657,200.639776445,298.500000000,0.000000000,0.000000000
point-0007916,14777.659332535,280.325110989,200.639776445,298.500000000,0.000000000,0.000000000
point-0007917,14778.376762640,279.669566356,201.639776445,298.500000000,0.000000000,0.000000000
point-0007918,14780.816024997,283.735003618,201.639776445,298.500000000,0.000000000,0.000000000
point-0007919,14781.533455102,283.079458985,202.639776445,298.500000000,0.000000000,0.000000000
point-0007920,14783.972717459,279.014021724,202.639776445,298.500000000,0.000000000,0.000000000
point-0007921,14784.690147564,278.358477091,203.639776445,298.500000000,0.000000000,0.000000000
point-0007922,14787.129409921,282.423914353,203.639776445,298.500000000,0.000000000,0.000000000
point-0007923,14787.846840026,281.768369720,204.639776445,298.500000000,0.000000000,0.000000000
point-0007924,14790.286102383,277.702932458,204.639776445,298.500000000,0.000000000,0.000000000
point-0007925,14791.003532488,277.047387826,205.639776445,298.500000000,0.000000000,0.000000000
point-0007926,14793.442794845,281.112825087,205.639776445,298.500000000,0.000000000,0.000000000
point-0007927,14794.160224950,280.457280455,206.639776445,298.500000000,0.000000000,0.000000000
point-0007928,14796.599487307,276.391843193,206.639776445,298.500000000,0.000000000,0.000000000
point-0007929,14797.316917412,275.736298560,207.639776445,298.500000000,0.000000000,0.000000000
point-0007930,14799.756179769,279.801735822,207.639776445,298.500000000,0.000000000,0.000000000
point-0007931,14800.473609874,279.146191189,208.639776445,298.500000000,0.000000000,0.000000000
point-0007932,14802.912872231,275.080753927,208.639776445,298.500000000,0.000000000,0.000000000
point-0007933,14803.630302336,274.425209295,209.639776445,298.500000000,0.000000000,0.000000000
point-0007934,14806.069564693,278.490646556,209.639776445,298.500000000,0.000000000,0.000000000
point-0007935,14806.786994798,277.835101924,210.639776445,298.500000000,0.000000000,0.000000000
point-0007936,14809.226257155,273.769664662,210.639776445,298.500000000,0.000000000,0.000000000
point-0007937,14809.943687260,273.114120029,211.639776445,298.500000000,0.000000000,0.000000000
point-0007938,14812.382949617,277.179557291,211.639776445,298.500000000,0.000000000,0.000000000
point-0007939,14813.100379722,276.524012658,212.639776445,298.500000000,0.000000000,0.000000000
point-0007940,14815.539642079,272.458575397,212.639776445,298.500000000,0.000000000,0.000000000
point-0007941,14816.257072184,271.803030764,213.639776445,298.500000000,0.000000000,0.000000000
point-0007942,14818.696334541,275.868468026,213.639776445,298.500000000,0.000000000,0.000000000
point-0007943,14819.413764646,275.212923393,214.639776445,298.500000000,0.000000000,0.000000000
point-0007944,14821.853027003,271.147486131,214.639776445,298.500000000,0.000000000,0.000000000
point-0007945,14822.570457108,270.491941499,215.639776445,298.500000000,0.000000000,0.000000000
point-0007946,14825.009719465,274.557378760,215.639776445,298.500000000,0.000000000,0.000000000
point-0007947,14825.727149570,273.901834128,216.639776445,298.500000000,0.000000000,0.000000000
point-0007948,14828.166411927,269.836396866,216.639776445,298.500000000,0.000000000,0.000000000
point-0007949,14828.883842032,269.180852233,217.639776445,298.500000000,0.000000000,0.000000000
point-0007950,14831.323104389,273.246289495,217.639776445,298.500000000,0.000000000,0.000000000
point-0007951,14832.040534494,272.590744862,218.639776445,298.500000000,0.000000000,0.000000000
point-0007952,14834.479796851,268.525307601,218.639776445,298.500000000,0.000000000,0.000000000
point-0007953,14835.197226956,267.869762968,219.639776445,298.500000000,0.000000000,0.000000000
point-0007954,14837.636489313,271.935200230,219.639776445,298.500000000,0.000000000,0.000000000
point-0007955,14838.353919418,271.279655597,220.639776445,298.500000000,0.000000000,0.000000000
point-0007956,14840.793181775,267.214218335,220.639776445,298.500000000,0.000000000,0.000000000
point-0007957,14841.510611880,266.558673702,221.639776445,298.500000000,0.000000000,0.000000000
point-0007958,14843.949874237,270.624110964,221.639776445,298.500000000,0.000000000,0.000000000
point-0007959,14844.667304342,269.968566331,222.639776445,298.500000000,0.000000000,0.000000000
point-0007960,14847.106566699,265.903129070,222.639776445,298.500000000,0.000000000,0.000000000
point-0007961,14847.823996804,265.247584437,223.639776445,298.500000000,0.000000000,0.000000000
point-0007962,14850.263259162,269.313021699,223.639776445,298.500000000,0.000000000,0.000000000
point-0007963,14850.980689267,268.657477066,224.639776445,298.500000000,0.000000000,0.000000000
point-0007964,14853.419951624,264.592039804,224.639776445,298.500000000,0.000000000,0.000000000
point-0007965,14854.137381729,263.936495172,225.639776445,298.500000000,0.000000000,0.000000000
point-0007966,14856.576644086,268.001932433,225.639776445,298.500000000,0.000000000,0.000000000
point-0007967,14857.294074191,267.346387801,226.639776445,298.500000000,0.000000000,0.000000000
point-0007968,14859.733336548,263.280950539,226.639776445,298.500000000,0.000000000,0.000000000
point-0007969,14860.450766653,262.625405906,227.639776445,298.500000000,0.000000000,0.000000000
point-0007970,14862.890029010,266.690843168,227.639776445,298.500000000,0.000000000,0.000000000
point-0007971,14863.607459115,266.035298535,228.639776445,298.500000000,0.000000000,0.000000000
point-0007972,14866.046721472,261.969861274,228.639776445,298.500000000,0.000000000,0.000000000
point-0007973,14866.764151577,261.314316641,229.639776445,298.500000000,0.000000000,0.000000000
point-0007974,14869.203413934,265.379753903,229.639776445,298.500000000,0.000000000,0.000000000
point-0007975,14869.920844039,264.724209270,230.639776445,298.500000000,0.000000000,0.000000000
point-0007976,14872.360106396,260.658772008,230.639776445,298.500000000,0.000000000,0.000000000
point-0007977,14873.077536501,260.003227376,231.639776445,298.500000000,0.000000000,0.000000000
point-0007978,14875.516798858,264.068664637,231.639776445,298.500000000,0.000000000,0.000000000
point-0007979,14876.234228963,263.413120005,232.639776445,298.500000000,0.000000000,0.000000000
point-0007980,14878.673491320,259.347682743,232.639776445,298.500000000,0.000000000,0.000000000
point-0007981,14879.390921425,258.692138110,233.639776445,298.500000000,0.000000000,0.000000000
point-0007982,14881.830183782,262.757575372,233.639776445,298.500000000,0.000000000,0.000000000
point-0007983,14882.547613887,262.102030739,234.639776445,298.500000000,0.000000000,0.000000000
point-0007984,14884.986876244,258.036593477,234.639776445,298.500000000,0.000000000,0.000000000
point-0007985,14885.704306349,257.381048845,235.639776445,298.500000000,0.000000000,0.000000000
point-0007986,14888.143568706,261.446486106,235.639776445,298.500000000,0.000000000,0.000000000
point-0007987,14888.860998811,260.790941474,236.639776445,298.500000000,0.000000000,0.000000000
point-0007988,14891.300261168,256.725504212,236.639776445,298.500000000,0.000000000,0.000000000
point-0007989,14892.017691273,256.069959579,237.639776445,298.500000000,0.000000000,0.000000000
point-0007990,14894.456953630,260.135396841,237.639776445,298.500000000,0.000000000,0.000000000
point-0007991,14895.174383735,259.479852208,238.639776445,298.500000000,0.000000000,0.000000000
point-0007992,14897.613646092,255.414414947,238.639776445,298.500000000,0.000000000,0.000000000
point-0007993,14898.331076197,254.758870314,239.639776445,298.500000000,0.000000000,0.000000000
point-0007994,14900.770338554,258.824307576,239.639776445,298.500000000,0.000000000,0.000000000
point-0007995,14901.487768659,258.168762943,240.639776445,298.500000000,0.000000000,0.000000000
point-0007996,14903.683801089,254.508708892,240.639776445,298.500000000,0.000000000,0.000000000
point-0007997,14904.778204230,256.034158038,241.639776445,298.500000000,0.000000000,0.000000000
point-0007998,14905.665640394,257.513218310,241.639776445,298.500000000,0.000000000,0.000000000
point-0007999,14934.534125304,280.980655622,199.639776445,299.000000000,0.000000000,0.000000000
point-0008000,14935.188423438,282.071152511,199.639776445,299.000000000,0.000000000,0.000000000
point-0008001,14936.282826579,283.596601657,200.639776445,299.000000000,0.000000000,0.000000000
point-0008002,14938.245720979,280.325110989,200.639776445,299.000000000,0.000000000,0.000000000
point-0008003,14938.963151084,279.669566356,201.639776445,299.000000000,0.000000000,0.000000000
point-0008004,14941.402413441,283.735003618,201.639776445,299.000000000,0.000000000,0.000000000
point-0008005,14942.119843546,283.079458985,202.639776445,299.000000000,0.000000000,0.000000000
point-0008006,14944.559105903,279.014021724,202.639776445,299.000000000,0.000000000,0.000000000
point-0008007,14945.276536008,278.358477091,203.639776445,299.000000000,0.000000000,0.000000000
point-0008008,14947.715798365,282.423914353,203.639776445,299.000000000,0.000000000,0.000000000
point-0008009,14948.433228470,281.768369720,204.639776445,299.000000000,0.000000000,0.000000000
point-0008010,14950.872490827,277.702932458,204.639776445,299.000000000,0.000000000,0.000000000
point-0008011,14951.589920932,277.047387826,205.639776445,299.000000000,0.000000000,0.000000000
point-0008012,14954.029183290,281.112825087,205.639776445,299.000000000,0.000000000,0.000000000
point-0008013,14954.746613395,280.457280455,206.639776445,299.000000000,0.000000000,0.000000000
point-0008014,14957.185875752,276.391843193,206.639776445,299.000000000,0.000000000,0.000000000
point-0008015,14957.903305857,275.736298560,207.639776445,299.000000000,0.000000000,0.000000000
point-0008016,14960.342568214,279.801735822,207.639776445,299.000000000,0.000000000,0.000000000
point-0008017,14961.059998319,279.146191189,208.639776445,299.000000000,0.000000000,0.000000000
point-0008018,14963.499260676,275.080753927,208.639776445,299.000000000,0.000000000,0.000000000
point-0008019,14964.216690781,274.425209295,209.639776445,299.000000000,0.000000000,0.000000000
point-0008020,14966.655953138,278.490646556,209.639776445,299.000000000,0.000000000,0.000000000
point-0008021,14967.373383243,277.835101924,210.639776445,299.000000000,0.000000000,0.000000000
point-0008022,14969.812645600,273.769664662,210.639776445,299.000000000,0.000000000,0.000000000
point-0008023,14970.530075705,273.114120029,211.639776445,299.000000000,0.000000000,0.000000000
point-0008024,14972.969338062,277.179557291,211.639776445,299.000000000,0.000000000,0.000000000
point-0008025,14973.686768167,276.524012658,212.639776445,299.000000000,0.000000000,0.000000000
point-0008026,14976.126030524,272.458575397,212.639776445,299.000000000,0.000000000,0.000000000
point-0008027,14976.843460629,271.803030764,213.639776445,299.000000000,0.000000000,0.000000000
point-0008028,14979.282722986,275.868468026,213.639776445,299.000000000,0.000000000,0.000000000
point-0008029,14980.000153091,275.212923393,214.639776445,299.000000000,0.000000000,0.000000000
point-0008030,14982.439415448,271.147486131,214.639776445,299.000000000,0.000000000,0.000000000
point-0008031,14983.156845553,270.491941499,215.639776445,299.000000000,0.000000000,0.000000000
point-0008032,14985.596107910,274.557378760,215.639776445,299.000000000,0.000000000,0.000000000
point-0008033,14986.313538015,273.901834128,216.639776445,299.000000000,0.000000000,0.000000000
point-0008034,14988.752800372,269.836396866,216.639776445,299.000000000,0.000000000,0.000000000
point-0008035,14989.470230477,269.180852233,217.639776445,299.000000000,0.000000000,0.000000000
point-0008036,14991.909492834,273.246289495,217.639776445,299.000000000,0.000000000,0.000000000
point-0008037,14992.626922939,272.590744862,218.639776445,299.000000000,0.000000000,0.000000000
point-0008038,14995.066185296,268.525307601,218.639776445,299.000000000,0.000000000,0.000000000
point-0008039,14995.783615401,267.869762968,219.639776445,299.000000000,0.000000000,0.000000000
point-0008040,14998.222877758,271.935200230,219.639776445,299.000000000,0.000000000,0.000000000
point-0008041,14998.940307863,271.279655597,220.639776445,299.000000000,0.000000000,0.000000000
point-0008042,15001.379570220,267.214218335,220.639776445,299.000000000,0.000000000,0.000000000
point-0008043,15002.097000325,266.558673702,221.639776445,299.000000000,0.000000000,0.000000000
point-0008044,15004.536262682,270.624110964,221.639776445,299.000000000,0.000000000,0.000000000
point-0008045,15005.253692787,269.968566331,222.639776445,299.000000000,0.000000000,0.000000000
point-0008046,15007.692955144,265.903129070,222.639776445,299.000000000,0.000000000,0.000000000
point-0008047,15008.410385249,265.247584437,223.639776445,299.000000000,0.000000000,0.000000000
point-0008048,15010.849647606,269.313021699,223.639776445,299.000000000,0.000000000,0.000000000
point-0008049,15011.567077711,268.657477066,224.639776445,299.000000000,0.000000000,0.000000000
point-0008050,15014.006340068,264.592039804,224.639776445,299.000000000,0.000000000,0.000000000
point-0008051,15014.723770173,263.936495172,225.639776445,299.000000000,0.000000000,0.000000000
point-0008052,15017.163032530,268.001932433,225.639776445,299.000000000,0.000000000,0.000000000
point-0008053,15017.880462635,267.346387801,226.639776445,299.000000000,0.000000000,0.000000000
point-0008054,15020.319724992,263.280950539,226.639776445,299.000000000,0.000000000,0.000000000
point-0008055,15021.037155097,262.625405906,227.639776445,299.000000000,0.000000000,0.000000000
point-0008056,15023.476417454,266.690843168,227.639776445,299.000000000,0.000000000,0.000000000
point-0008057,15024.193847559,266.035298535,228.639776445,299.000000000,0.000000000,0.000000000
point-0008058,15026.633109916,261.969861274,228.639776445,299.000000000,0.000000000,0.000000000
point-0008059,15027.350540021,261.314316641,229.639776445,299.000000000,0.000000000,0.000000000
point-0008060,15029.789802378,265.379753903,229.639776445,299.000000000,0.000000000,0.000000000
point-0008061,15030.507232483,264.724209270,230.639776445,299.000000000,0.000000000,0.000000000
point-0008062,15032.946494840,260.658772008,230.639776445,299.000000000,0.000000000,0.000000000
point-0008063,15033.663924945,260.003227376,231.639776445,299.000000000,0.000000000,0.000000000
point-0008064,15036.103187302,264.068664637,231.639776445,299.000000000,0.000000000,0.000000000
point-0008065,15036.820617407,263.413120005,232.639776445,299.000000000,0.000000000,0.000000000
point-0008066,15039.259879764,259.347682743,232.639776445,299.000000000,0.000000000,0.000000000
point-0008067,15039.977309869,258.692138110,233.639776445,299.000000000,0.000000000,0.000000000
point-0008068,15042.416572226,262.757575372,233.639776445,299.000000000,0.000000000,0.000000000
point-0008069,15043.134002331,262.102030739,234.639776445,299.000000000,0.000000000,0.000000000
point-0008070,15045.573264688,258.036593477,234.639776445,299.000000000,0.000000000,0.000000000
point-0008071,15046.290694793,257.381048845,235.639776445,299.000000000,0.000000000,0.000000000
point-0008072,15048.729957150,261.446486106,235.639776445,299.000000000,0.000000000,0.000000000
point-0008073,15049.447387255,260.790941474,236.639776445,299.000000000,0.000000000,0.000000000
point-0008074,15051.886649612,256.725504212,236.639776445,299.000000000,0.000000000,0.000000000
point-0008075,15052.604079717,256.069959579,237.639776445,299.000000000,0.000000000,0.000000000
point-0008076,15055.043342074,260.135396841,237.639776445,299.000000000,0.000000000,0.000000000
point-0008077,15055.760772179,259.479852208,238.639776445,299.000000000,0.000000000,0.000000000
point-0008078,15058.200034536,255.414414947,238.639776445,299.000000000,0.000000000,0.000000000
point-0008079,15058.917464641,254.758870314,239.639776445,299.000000000,0.000000000,0.000000000
point-0008080,15061.356726998,258.824307576,239.639776445,299.000000000,0.000000000,0.000000000
point-0008081,15062.074157103,258.168762943,240.639776445,299.000000000,0.000000000,0.000000000
point-0008082,15064.270189533,254.508708892,240.639776445,299.000000000,0.000000000,0.000000000
point-0008083,15065.364592674,256.034158038,241.639776445,299.000000000,0.000000000,0.000000000
point-0008084,15066.252028838,257.513218310,241.639776445,299.000000000,0.000000000,0.000000000
point-0008085,15095.120513748,280.980655622,199.639776445,299.500000000,0.000000000,0.000000000
point-0008086,15095.774811882,282.071152511,199.639776445,299.500000000,0.000000000,0.000000000
point-0008087,15096.869215023,283.596601657,200.639776445,299.500000000,0.000000000,0.000000000
point-0008088,15098.832109424,280.325110989,200.639776445,299.500000000,0.000000000,0.000000000
point-0008089,15099.549539529,279.669566356,201.639776445,299.500000000,0.000000000,0.000000000
point-0008090,15101.988801886,283.735003618,201.639776445,299.500000000,0.000000000,0.000000000
point-0008091,15102.706231991,283.079458985,202.639776445,299.500000000,0.000000000,0.000000000
point-0008092,15105.145494348,279.014021724,202.639776445,299.500000000,0.000000000,0.000000000
point-0008093,15105.862924453,278.358477091,203.639776445,299.500000000,0.000000000,0.000000000
point-0008094,15108.302186810,282.423914353,203.639776445,299.500000000,0.000000000,0.000000000
point-0008095,15109.019616915,281.768369720,204.639776445,299.500000000,0.000000000,0.000000000
point-0008096,15111.458879272,277.702932458,204.639776445,299.500000000,0.000000000,0.000000000
point-0008097,15112.176309377,277.047387826,205.639776445,299.500000000,0.000000000,0.000000000
point-0008098,15114.615571734,281.112825087,205.639776445,299.500000000,0.000000000,0.000000000
point-0008099,15115.333001839,280.457280455,206.639776445,299.500000000,0.000000000,0.000000000
point-0008100,15117.772264196,276.391843193,206.639776445,299.500000000,0.000000000,0.000000000
point-0008101,15118.489694301,275.736298560,207.639776445,299.500000000,0.000000000,0.000000000
point-0008102,15120.928956658,279.801735822,207.639776445,299.500000000,0.000000000,0.000000000
point-0008103,15121.646386763,279.146191189,208.639776445,299.500000000,0.000000000,0.000000000
point-0008104,15124.085649120,275.080753927,208.639776445,299.500000000,0.000000000,0.000000000
point-0008105,15124.803079225,274.425209295,209.639776445,299.500000000,0.000000000,0.000000000
point-0008106,15127.242341582,278.490646556,209.639776445,299.500000000,0.000000000,0.000000000
point-0008107,15127.959771687,277.835101924,210.639776445,299.500000000,0.000000000,0.000000000
point-0008108,15130.399034044,273.769664662,210.639776445,299.500000000,0.000000000,0.000000000
point-0008109,15131.116464149,273.114120029,211.639776445,299.500000000,0.000000000,0.000000000
point-0008110,15133.555726506,277.179557291,211.639776445,299.500000000,0.000000000,0.000000000
point-0008111,15134.273156611,276.524012658,212.639776445,299.500000000,0.000000000,0.000000000
point-0008112,15136.712418968,272.458575397,212.639776445,299.500000000,0.000000000,0.000000000
point-0008113,15137.429849073,271.803030764,213.639776445,299.500000000,0.000000000,0.000000000
point-0008114,15139.869111430,275.868468026,213.639776445,299.500000000,0.000000000,0.000000000
point-0008115,15140.586541535,275.212923393,214.639776445,299.500000000,0.000000000,0.000000000
point-0008116,15143.025803892,271.147486131,214.639776445,299.500000000,0.000000000,0.000000000
point-0008117,15143.743233997,270.491941499,215.639776445,299.500000000,0.000000000,0.000000000
point-0008118,15146.182496354,274.557378760,215.639776445,299.500000000,0.000000000,0.000000000
point-0008119,15146.899926459,273.901834128,216.639776445,299.500000000,0.000000000,0.000000000
point-0008120,15149.339188816,269.836396866,216.639776445,299.500000000,0.000000000,0.000000000
point-0008121,15150.056618921,269.180852233,217.639776445,299.500000000,0.000000000,0.000000000
point-0008122,15152.495881278,273.246289495,217.639776445,299.500000000,0.000000000,0.000000000
point-0008123,15153.213311383,272.590744862,218.639776445,299.500000000,0.000000000,0.000000000
point-0008124,15155.652573740,268.525307601,218.639776445,299.500000000,0.000000000,0.000000000
point-0008125,15156.370003845,267.869762968,219.639776445,299.500000000,0.000000000,0.000000000
point-0008126,15158.809266202,271.935200230,219.639776445,299.500000000,0.000000000,0.000000000
point-0008127,15159.526696307,271.279655597,220.639776445,299.500000000,0.000000000,0.000000000
point-0008128,15161.965958664,267.214218335,220.639776445,299.500000000,0.000000000,0.000000000
point-0008129,15162.683388769,266.558673702,221.639776445,299.500000000,0.000000000,0.000000000
point-0008130,15165.122651126,270.624110964,221.639776445,299.500000000,0.000000000,0.000000000
point-0008131,15165.840081231,269.968566331,222.639776445,299.500000000,0.000000000,0.000000000
point-0008132,15168.279343588,265.903129070,222.639776445,299.500000000,0.000000000,0.000000000
point-0008133,15168.996773693,265.247584437,223.639776445,299.500000000,0.000000000,0.000000000
point-0008134,15171.436036050,269.313021699,223.639776445,299.500000000,0.000000000,0.000000000
point-0008135,15172.153466155,268.657477066,224.639776445,299.500000000,0.000000000,0.000000000
point-0008136,15174.592728512,264.592039804,224.639776445,299.500000000,0.000000000,0.000000000
point-0008137,15175.310158617,263.936495172,225.639776445,299.500000000,0.000000000,0.000000000
point-0008138,15177.749420974,268.001932433,225.639776445,299.500000000,0.000000000,0.000000000
point-0008139,15178.466851079,267.346387801,226.639776445,299.500000000,0.000000000,0.000000000
point-0008140,15180.906113436,263.280950539,226.639776445,299.500000000,0.000000000,0.000000000
point-0008141,15181.623543541,262.625405906,227.639776445,299.500000000,0.000000000,0.000000000
point-0008142,15184.062805898,266.690843168,227.639776445,299.500000000,0.000000000,0.000000000
point-0008143,15184.780236003,266.035298535,228.639776445,299.500000000,0.000000000,0.000000000
point-0008144,15187.219498360,261.969861274,228.639776445,299.500000000,0.000000000,0.000000000
point-0008145,15187.936928465,261.314316641,229.639776445,299.500000000,0.000000000,0.000000000
point-0008146,15190.376190822,265.379753903,229.639776445,299.500000000,0.000000000,0.000000000
point-0008147,15191.093620927,264.724209270,230.639776445,299.500000000,0.000000000,0.000000000
point-0008148,15193.532883284,260.658772008,230.639776445,299.500000000,0.000000000,0.000000000
point-0008149,15194.250313389,260.003227376,231.639776445,299.500000000,0.000000000,0.000000000
point-0008150,15196.689575746,264.068664637,231.639776445,299.500000000,0.000000000,0.000000000
point-0008151,15197.407005851,263.413120005,232.639776445,299.500000000,0.000000000,0.000000000
point-0008152,15199.846268208,259.347682743,232.639776445,299.500000000,0.000000000,0.000000000
point-0008153,15200.563698313,258.692138110,233.639776445,299.500000000,0.000000000,0.000000000
point-0008154,15203.002960670,262.757575372,233.639776445,299.500000000,0.000000000,0.000000000
point-0008155,15203.720390775,262.102030739,234.639776445,299.500000000,0.000000000,0.000000000
point-0008156,15206.159653132,258.036593477,234.639776445,299.500000000,0.000000000,0.000000000
point-0008157,15206.877083237,257.381048845,235.639776445,299.500000000,0.000000000,0.000000000
point-0008158,15209.316345594,261.446486106,235.639776445,299.500000000,0.000000000,0.000000000
point-0008159,15210.033775699,260.790941474,236.639776445,299.500000000,0.000000000,0.000000000
point-0008160,15212.473038056,256.725504212,236.639776445,299.500000000,0.000000000,0.000000000
point-0008161,15213.190468161,256.069959579,237.639776445,299.500000000,0.000000000,0.000000000
point-0008162,15215.629730518,260.135396841,237.639776445,299.500000000,0.000000000,0.000000000
point-0008163,15216.347160623,259.479852208,238.639776445,299.500000000,0.000000000,0.000000000
point-0008164,15218.786422980,255.414414947,238.639776445,299.500000000,0.000000000,0.000000000
point-0008165,15219.503853085,254.758870314,239.639776445,299.500000000,0.000000000,0.000000000
point-0008166,15221.943115442,258.824307576,239.639776445,299.500000000,0.000000000,0.000000000
point-0008167,15222.660545547,258.168762943,240.639776445,299.500000000,0.000000000,0.000000000
point-0008168,15224.856577978,254.508708892,240.639776445,299.500000000,0.000000000,0.000000000
point-0008169,15225.950981118,256.034158038,241.639776445,299.500000000,0.000000000,0.000000000
point-0008170,15226.838417282,257.513218310,241.639776445,299.500000000,0.000000000,0.000000000
point-0008171,15255.706902193,280.980655622,199.639776445,300.000000000,0.000000000,0.000000000
point-0008172,15256.361200326,282.071152511,199.639776445,300.000000000,0.000000000,0.000000000
point-0008173,15257.455603467,283.596601657,200.639776445,300.000000000,0.000000000,0.000000000
point-0008174,15259.418497868,280.325110989,200.639776445,300.000000000,0.000000000,0.000000000
point-0008175,15260.135927973,279.669566356,201.639776445,300.000000000,0.000000000,0.000000000
point-0008176,15262.575190330,283.735003618,201.639776445,300.000000000,0.000000000,0.000000000
point-0008177,15263.292620435,283.079458985,202.639776445,300.000000000,0.000000000,0.000000000
point-0008178,15265.731882792,279.014021724,202.639776445,300.000000000,0.000000000,0.000000000
point-0008179,15266.449312897,278.358477091,203.639776445,300.000000000,0.000000000,0.000000000
point-0008180,15268.888575254,282.423914353,203.639776445,300.000000000,0.000000000,0.000000000
point-0008181,15269.606005359,281.768369720,204.639776445,300.000000000,0.000000000,0.000000000
point-0008182,15272.045267716,277.702932458,204.639776445,300.000000000,0.000000000,0.000000000
point-0008183,15272.762697821,277.047387826,205.639776445,300.000000000,0.000000000,0.000000000
point-0008184,15275.201960178,281.112825087,205.639776445,300.000000000,0.000000000,0.000000000
point-0008185,15275.919390283,280.457280455,206.639776445,300.000000000,0.000000000,0.000000000
point-0008186,15278.358652640,276.391843193,206.639776445,300.000000000,0.000000000,0.000000000
point-0008187,15279.076082745,275.736298560,207.639776445,300.000000000,0.000000000,0.000000000
point-0008188,15281.515345102,279.801735822,207.639776445,300.000000000,0.000000000,0.000000000
point-0008189,15282.232775207,279.146191189,208.639776445,300.000000000,0.000000000,0.000000000
point-0008190,15284.672037564,275.080753927,208.639776445,300.000000000,0.000000000,0.000000000
point-0008191,15285.389467669,274.425209295,209.639776445,300.000000000,0.000000000,0.000000000
point-0008192,15287.828730026,278.490646556,209.639776445,300.000000000,0.000000000,0.000000000
point-0008193,15288.546160131,277.835101924,210.639776445,300.000000000,0.000000000,0.000000000
point-0008194,15290.985422488,273.769664662,210.639776445,300.000000000,0.000000000,0.000000000
point-0008195,15291.702852593,273.114120029,211.639776445,300.000000000,0.000000000,0.000000000
point-0008196,15294.142114950,277.179557291,211.639776445,300.000000000,0.000000000,0.000000000
point-0008197,15294.859545055,276.524012658,212.639776445,300.000000000,0.000000000,0.000000000
point-0008198,15297.298807412,272.458575397,212.639776445,300.000000000,0.000000000,0.000000000
point-0008199,15298.016237517,271.803030764,213.639776445,300.000000000,0.000000000,0.000000000
point-0008200,15300.455499874,275.868468026,213.639776445,300.000000000,0.000000000,0.000000000
point-0008201,15301.172929979,275.212923393,214.639776445,300.000000000,0.000000000,0.000000000
point-0008202,15303.612192336,271.147486131,214.639776445,300.000000000,0.000000000,0.000000000
point-0008203,15304.329622441,270.491941499,215.639776445,300.000000000,0.000000000,0.000000000
point-0008204,15306.768884798,274.557378760,215.639776445,300.000000000,0.000000000,0.000000000
point-0008205,15307.486314903,273.901834128,216.639776445,300.000000000,0.000000000,0.000000000
point-0008206,15309.925577260,269.836396866,216.639776445,300.000000000,0.000000000,0.000000000
point-0008207,15310.643007365,269.180852233,217.639776445,300.000000000,0.000000000,0.000000000
point-0008208,15313.082269722,273.246289495,217.639776445,300.000000000,0.000000000,0.000000000
point-0008209,15313.799699827,272.590744862,218.639776445,300.000000000,0.000000000,0.000000000
point-0008210,15316.238962184,268.525307601,218.639776445,300.000000000,0.000000000,0.000000000
point-0008211,15316.956392289,267.869762968,219.639776445,300.000000000,0.000000000,0.000000000
point-0008212,15319.395654646,271.935200230,219.639776445,300.000000000,0.000000000,0.000000000
point-0008213,15320.113084751,271.279655597,220.639776445,300.000000000,0.000000000,0.000000000
point-0008214,15322.552347108,267.214218335,220.639776445,300.000000000,0.000000000,0.000000000
point-0008215,15323.269777213,266.558673702,221.639776445,300.000000000,0.000000000,0.000000000
point-0008216,15325.709039570,270.624110964,221.639776445,300.000000000,0.000000000,0.000000000
point-0008217,15326.426469675,269.968566331,222.639776445,300.000000000,0.000000000,0.000000000
point-0008218,15328.865732032,265.903129070,222.639776445,300.000000000,0.000000000,0.000000000
point-0008219,15329.583162137,265.247584437,223.639776445,300.000000000,0.000000000,0.000000000
point-0008220,15332.022424494,269.313021699,223.639776445,300.000000000,0.000000000,0.000000000
point-0008221,15332.739854599,268.657477066,224.639776445,300.000000000,0.000000000,0.000000000
point-0008222,15335.179116956,264.592039804,224.639776445,300.000000000,0.000000000,0.000000000
point-0008223,15335.896547061,263.936495172,225.639776445,300.000000000,0.000000000,0.000000000
point-0008224,15338.335809418,268.001932433,225.639776445,300.000000000,0.000000000,0.000000000
point-0008225,15339.053239523,267.346387801,226.639776445,300.000000000,0.000000000,0.000000000
point-0008226,15341.492501880,263.280950539,226.639776445,300.000000000,0.000000000,0.000000000
point-0008227,15342.209931985,262.625405906,227.639776445,300.000000000,0.000000000,0.000000000
point-0008228,15344.649194342,266.690843168,227.639776445,300.000000000,0.000000000,0.000000000
point-0008229,15345.366624447,266.035298535,228.639776445,300.000000000,0.000000000,0.000000000
point-0008230,15347.805886804,261.969861274,228.639776445,300.000000000,0.000000000,0.000000000
point-0008231,15348.523316909,261.314316641,229.639776445,300.000000000,0.000000000,0.000000000
point-0008232,15350.962579266,265.379753903,229.639776445,300.000000000,0.000000000,0.000000000
point-0008233,15351.680009371,264.724209270,230.639776445,300.000000000,0.000000000,0.000000000
point-0008234,15354.119271728,260.658772008,230.639776445,300.000000000,0.000000000,0.000000000
point-0008235,15354.836701833,260.003227376,231.639776445,300.000000000,0.000000000,0.000000000
point-0008236,15357.275964190,264.068664637,231.639776445,300.000000000,0.000000000,0.000000000
point-0008237,15357.993394295,263.413120005,232.639776445,300.000000000,0.000000000,0.000000000
point-0008238,15360.432656652,259.347682743,232.639776445,300.000000000,0.000000000,0.000000000
point-0008239,15361.150086757,258.692138110,233.639776445,300.000000000,0.000000000,0.000000000
point-0008240,15363.589349114,262.757575372,233.639776445,300.000000000,0.000000000,0.000000000
point-0008241,15364.306779219,262.102030739,234.639776445,300.000000000,0.000000000,0.000000000
point-0008242,15366.746041576,258.036593477,234.639776445,300.000000000,0.000000000,0.000000000
point-0008243,15367.463471681,257.381048845,235.639776445,300.000000000,0.000000000,0.000000000
point-0008244,15369.902734038,261.446486106,235.639776445,300.000000000,0.000000000,0.000000000
point-0008245,15370.620164143,260.790941474,236.639776445,300.000000000,0.000000000,0.000000000
point-0008246,15373.059426500,256.725504212,236.639776445,300.000000000,0.000000000,0.000000000
point-0008247,15373.776856605,256.069959579,237.639776445,300.000000000,0.000000000,0.000000000
point-0008248,15376.216118962,260.135396841,237.639776445,300.000000000,0.000000000,0.000000000
point-0008249,15376.933549067,259.479852208,238.639776445,300.000000000,0.000000000,0.000000000
point-0008250,15379.372811424,255.414414947,238.639776445,300.000000000,0.000000000,0.000000000
point-0008251,15380.090241529,254.758870314,239.639776445,300.000000000,0.000000000,0.000000000
point-0008252,15382.529503886,258.824307576,239.639776445,300.000000000,0.000000000,0.000000000
point-0008253,15383.246933991,258.168762943,240.639776445,300.000000000,0.000000000,0.000000000
point-0008254,15385.442966422,254.508708892,240.639776445,300.000000000,0.000000000,0.000000000
point-0008255,15386.537369563,256.034158038,241.639776445,300.000000000,0.000000000,0.000000000
point-0008256,15387.424805726,257.513218310,241.639776445,300.000000000,0.000000000,0.000000000
point-0008257,15416.293290637,280.980655622,199.639776445,300.500000000,0.000000000,0.000000000
point-0008258,15416.947588770,282.071152511,199.639776445,300.500000000,0.000000000,0.000000000
point-0008259,15418.041991911,283.596601657,200.639776445,300.500000000,0.000000000,0.000000000
point-0008260,15420.004886312,280.325110989,200.639776445,300.500000000,0.000000000,0.000000000
point-0008261,15420.722316417,279.669566356,201.639776445,300.500000000,0.000000000,0.000000000
point-0008262,15423.161578774,283.735003618,201.639776445,300.500000000,0.000000000,0.000000000
point-0008263,15423.879008879,283.079458985,202.639776445,300.500000000,0.000000000,0.000000000
point-0008264,15426.318271236,279.014021724,202.639776445,300.500000000,0.000000000,0.000000000
point-0008265,15427.035701341,278.358477091,203.639776445,300.500000000,0.000000000,0.000000000
point-0008266,15429.474963698,282.423914353,203.639776445,300.500000000,0.000000000,0.000000000
point-0008267,15430.192393803,281.768369720,204.639776445,300.500000000,0.000000000,0.000000000
point-0008268,15432.631656160,277.702932458,204.639776445,300.500000000,0.000000000,0.000000000
point-0008269,15433.349086265,277.047387826,205.639776445,300.500000000,0.000000000,0.000000000
point-0008270,15435.788348622,281.112825087,205.639776445,300.500000000,0.000000000,0.000000000
point-0008271,15436.505778727,280.457280455,206.639776445,300.500000000,0.000000000,0.000000000
point-0008272,15438.945041084,276.391843193,206.639776445,300.500000000,0.000000000,0.000000000
point-0008273,15439.662471189,275.736298560,207.639776445,300.500000000,0.000000000,0.000000000
point-0008274,15442.101733546,279.801735822,207.639776445,300.500000000,0.000000000,0.000000000
point-0008275,15442.819163651,279.146191189,208.639776445,300.500000000,0.000000000,0.000000000
point-0008276,15445.258426008,275.080753927,208.639776445,300.500000000,0.000000000,0.000000000
point-0008277,15445.975856113,274.425209295,209.639776445,300.500000000,0.000000000,0.000000000
point-0008278,15448.415118470,278.490646556,209.639776445,300.500000000,0.000000000,0.000000000
point-0008279,15449.132548575,277.835101924,210.639776445,300.500000000,0.000000000,0.000000000
point-0008280,15451.571810932,273.769664662,210.639776445,300.500000000,0.000000000,0.000000000
point-0008281,15452.289241037,273.114120029,211.639776445,300.500000000,0.000000000,0.000000000
point-0008282,15454.728503394,277.179557291,211.639776445,300.500000000,0.000000000,0.000000000
point-0008283,15455.445933499,276.524012658,212.639776445,300.500000000,0.000000000,0.000000000
point-0008284,15457.885195856,272.458575397,212.639776445,300.500000000,0.000000000,0.000000000
point-0008285,15458.602625961,271.803030764,213.639776445,300.500000000,0.000000000,0.000000000
point-0008286,15461.041888318,275.868468026,213.639776445,300.500000000,0.000000000,0.000000000
point-0008287,15461.759318423,275.212923393,214.639776445,300.500000000,0.000000000,0.000000000
point-0008288,15464.198580780,271.147486131,214.639776445,300.500000000,0.000000000,0.000000000
point-0008289,15464.916010885,270.491941499,215.639776445,300.500000000,0.000000000,0.000000000
point-0008290,15467.355273242,274.557378760,215.639776445,300.500000000,0.000000000,0.000000000
point-0008291,15468.072703347,273.901834128,216.639776445,300.500000000,0.000000000,0.000000000
point-0008292,15470.511965704,269.836396866,216.639776445,300.500000000,0.000000000,0.000000000
point-0008293,15471.229395809,269.180852233,217.639776445,300.500000000,0.000000000,0.000000000
point-0008294,15473.668658166,273.246289495,217.639776445,300.500000000,0.000000000,0.000000000
point-0008295,15474.386088271,272.590744862,218.639776445,300.500000000,0.000000000,0.000000000
point-0008296,15476.825350628,268.525307601,218.639776445,300.500000000,0.000000000,0.000000000
point-0008297,15477.542780733,267.869762968,219.639776445,300.500000000,0.000000000,0.000000000
point-0008298,15479.982043090,271.935200230,219.639776445,300.500000000,0.000000000,0.000000000
point-0008299,15480.699473195,271.279655597,220.639776445,300.500000000,0.000000000,0.000000000
point-0008300,15483.138735552,267.214218335,220.639776445,300.500000000,0.000000000,0.000000000
point-0008301,15483.856165657,266.558673702,221.639776445,300.500000000,0.000000000,0.000000000
point-0008302,15486.295428014,270.624110964,221.639776445,300.500000000,0.000000000,0.000000000
point-0008303,15487.012858119,269.968566331,222.639776445,300.500000000,0.000000000,0.000000000
point-0008304,15489.452120476,265.903129070,222.639776445,300.500000000,0.000000000,0.000000000
point-0008305,15490.169550581,265.247584437,223.639776445,300.500000000,0.000000000,0.000000000
point-0008306,15492.608812938,269.313021699,223.639776445,300.500000000,0.000000000,0.000000000
point-0008307,15493.326243043,268.657477066,224.639776445,300.500000000,0.000000000,0.000000000
point-0008308,15495.765505400,264.592039804,224.639776445,300.500000000,0.000000000,0.000000000
point-0008309,15496.482935505,263.936495172,225.639776445,300.500000000,0.000000000,0.000000000
point-0008310,15498.922197862,268.001932433,225.639776445,300.500000000,0.000000000,0.000000000
point-0008311,15499.639627967,267.346387801,226.639776445,300.500000000,0.000000000,0.000000000
point-0008312,15502.078890324,263.280950539,226.639776445,300.500000000,0.000000000,0.000000000
point-0008313,15502.796320429,262.625405906,227.639776445,300.500000000,0.000000000,0.000000000
point-0008314,15505.235582786,266.690843168,227.639776445,300.500000000,0.000000000,0.000000000
point-0008315,15505.953012891,266.035298535,228.639776445,300.500000000,0.000000000,0.000000000
point-0008316,15508.392275248,261.969861274,228.639776445,300.500000000,0.000000000,0.000000000
point-0008317,15509.109705353,261.314316641,229.639776445,300.500000000,0.000000000,0.000000000
point-0008318,15511.548967710,265.379753903,229.639776445,300.500000000,0.000000000,0.000000000
point-0008319,15512.266397815,264.724209270,230.639776445,300.500000000,0.000000000,0.000000000
point-0008320,15514.705660172,260.658772008,230.639776445,300.500000000,0.000000000,0.000000000
point-0008321,15515.423090277,260.003227376,231.639776445,300.500000000,0.000000000,0.000000000
point-0008322,15517.862352634,264.068664637,231.639776445,300.500000000,0.000000000,0.000000000
point-0008323,15518.579782739,263.413120005,232.639776445,300.500000000,0.000000000,0.000000000
point-0008324,15521.019045096,259.347682743,232.639776445,300.500000000,0.000000000,0.000000000
point-0008325,15521.736475201,258.692138110,233.639776445,300.500000000,0.000000000,0.000000000
point-0008326,15524.175737558,262.757575372,233.639776445,300.500000000,0.000000000,0.000000000
point-0008327,15524.893167663,262.102030739,234.639776445,300.500000000,0.000000000,0.000000000
point-0008328,15527.332430020,258.036593477,234.639776445,300.500000000,0.000000000,0.000000000
point-0008329,15528.049860125,257.381048845,235.639776445,300.500000000,0.000000000,0.000000000
point-0008330,15530.489122482,261.446486106,235.639776445,300.500000000,0.000000000,0.000000000
point-0008331,15531.206552587,260.790941474,236.639776445,300.500000000,0.000000000,0.000000000
point-0008332,15533.645814944,256.725504212,236.639776445,300.500000000,0.000000000,0.000000000
point-0008333,15534.363245049,256.069959579,237.639776445,300.500000000,0.000000000,0.000000000
point-0008334,15536.802507406,260.135396841,237.639776445,300.500000000,0.000000000,0.000000000
point-0008335,15537.519937511,259.479852208,238.639776445,300.500000000,0.000000000,0.000000000
point-0008336,15539.959199868,255.414414947,238.639776445,300.500000000,0.000000000,0.000000000
point-0008337,15540.676629973,254.758870314,239.639776445,300.500000000,0.000000000,0.000000000
point-0008338,15543.115892330,258.824307576,239.639776445,300.500000000,0.000000000,0.000000000
point-0008339,15543.833322435,258.168762943,240.639776445,300.500000000,0.000000000,0.000000000
point-0008340,15546.029354866,254.508708892,240.639776445,300.500000000,0.000000000,0.000000000
point-0008341,15547.123758007,256.034158038,241.639776445,300.500000000,0.000000000,0.000000000
point-0008342,15548.011194170,257.513218310,241.639776445,300.500000000,0.000000000,0.000000000
point-0008343,15576.879679081,280.980655622,199.639776445,301.000000000,0.000000000,0.000000000
point-0008344,15577.533977214,282.071152511,199.639776445,301.000000000,0.000000000,0.000000000
point-0008345,15578.628380355,283.596601657,200.639776445,301.000000000,0.000000000,0.000000000
point-0008346,15580.591274756,280.325110989,200.639776445,301.000000000,0.000000000,0.000000000
point-0008347,15581.308704861,279.669566356,201.639776445,301.000000000,0.000000000,0.000000000
point-0008348,15583.747967218,283.735003618,201.639776445,301.000000000,0.000000000,0.000000000
point-0008349,15584.465397323,283.079458985,202.639776445,301.000000000,0.000000000,0.000000000
point-0008350,15586.904659680,279.014021724,202.639776445,301.000000000,0.000000000,0.000000000
point-0008351,15587.622089785,278.358477091,203.639776445,301.000000000,0.000000000,0.000000000
point-0008352,15590.061352142,282.423914353,203.639776445,301.000000000,0.000000000,0.000000000
point-0008353,15590.778782247,281.768369720,204.639776445,301.000000000,0.000000000,0.000000000
point-0008354,15593.218044604,277.702932458,204.639776445,301.000000000,0.000000000,0.000000000
point-0008355,15593.935474709,277.047387826,205.639776445,301.000000000,0.000000000,0.000000000
point-0008356,15596.374737066,281.112825087,205.639776445,301.000000000,0.000000000,0.000000000
point-0008357,15597.092167171,280.457280455,206.639776445,301.000000000,0.000000000,0.000000000
point-0008358,15599.531429528,276.391843193,206.639776445,301.000000000,0.000000000,0.000000000
point-0008359,15600.248859633,275.736298560,207.639776445,301.000000000,0.000000000,0.000000000
point-0008360,15602.688121990,279.801735822,207.639776445,301.000000000,0.000000000,0.000000000
point-0008361,15603.405552095,279.146191189,208.639776445,301.000000000,0.000000000,0.000000000
point-0008362,15605.844814452,275.080753927,208.639776445,301.000000000,0.000000000,0.000000000
point-0008363,15606.562244557,274.425209295,209.639776445,301.000000000,0.000000000,0.000000000
point-0008364,15609.001506914,278.490646556,209.639776445,301.000000000,0.000000000,0.000000000
point-0008365,15609.718937019,277.835101924,210.639776445,301.000000000,0.000000000,0.000000000
point-0008366,15612.158199376,273.769664662,210.639776445,301.000000000,0.000000000,0.000000000
point-0008367,15612.875629481,273.114120029,211.639776445,301.000000000,0.000000000,0.000000000
point-0008368,15615.314891838,277.179557291,211.639776445,301.000000000,0.000000000,0.000000000
point-0008369,15616.032321943,276.524012658,212.639776445,301.000000000,0.000000000,0.000000000
point-0008370,15618.471584300,272.458575397,212.639776445,301.000000000,0.000000000,0.000000000
point-0008371,15619.189014405,271.803030764,213.639776445,301.000000000,0.000000000,0.000000000
point-0008372,15621.628276762,275.868468026,213.639776445,301.000000000,0.000000000,0.000000000
point-0008373,15622.345706867,275.212923393,214.639776445,301.000000000,0.000000000,0.000000000
point-0008374,15624.784969224,271.147486131,214.639776445,301.000000000,0.000000000,0.000000000
point-0008375,15625.502399329,270.491941499,215.639776445,301.000000000,0.000000000,0.000000000
point-0008376,15627.941661686,274.557378760,215.639776445,301.000000000,0.000000000,0.000000000
point-0008377,15628.659091791,273.901834128,216.639776445,301.000000000,0.000000000,0.000000000
point-0008378,15631.098354148,269.836396866,216.639776445,301.000000000,0.000000000,0.000000000
point-0008379,15631.815784253,269.180852233,217.639776445,301.000000000,0.000000000,0.000000000
point-0008380,15634.255046610,273.246289495,217.639776445,301.000000000,0.000000000,0.000000000
point-0008381,15634.972476715,272.590744862,218.639776445,301.000000000,0.000000000,0.000000000
point-0008382,15637.411739072,268.525307601,218.639776445,301.000000000,0.000000000,0.000000000
point-0008383,15638.129169177,267.869762968,219.639776445,301.000000000,0.000000000,0.000000000
point-0008384,15640.568431534,271.935200230,219.639776445,301.000000000,0.000000000,0.000000000
point-0008385,15641.285861639,271.279655597,220.639776445,301.000000000,0.000000000,0.000000000
point-0008386,15643.725123996,267.214218335,220.639776445,301.000000000,0.000000000,0.000000000
point-0008387,15644.442554101,266.558673702,221.639776445,301.000000000,0.000000000,0.000000000
point-0008388,15646.881816458,270.624110964,221.639776445,301.000000000,0.000000000,0.000000000
point-0008389,15647.599246563,269.968566331,222.639776445,301.000000000,0.000000000,0.000000000
point-0008390,15650.038508920,265.903129070,222.639776445,301.000000000,0.000000000,0.000000000
point-0008391,15650.755939025,265.247584437,223.639776445,301.000000000,0.000000000,0.000000000
point-0008392,15653.195201382,269.313021699,223.639776445,301.000000000,0.000000000,0.000000000
point-0008393,15653.912631487,268.657477066,224.639776445,301.000000000,0.000000000,0.000000000
point-0008394,15656.351893844,264.592039804,224.639776445,301.000000000,0.000000000,0.000000000
point-0008395,15657.069323949,263.936495172,225.639776445,301.000000000,0.000000000,0.000000000
point-0008396,15659.508586306,268.001932433,225.639776445,301.000000000,0.000000000,0.000000000
point-0008397,15660.226016411,267.346387801,226.639776445,301.000000000,0.000000000,0.000000000
point-0008398,15662.665278768,263.280950539,226.639776445,301.000000000,0.000000000,0.000000000
point-0008399,15663.382708873,262.625405906,227.639776445,301.000000000,0.000000000,0.000000000
point-0008400,15665.821971230,266.690843168,227.639776445,301.000000000,0.000000000,0.000000000
point-0008401,15666.539401335,266.035298535,228.639776445,301.000000000,0.000000000,0.000000000
point-0008402,15668.978663692,261.969861274,228.639776445,301.000000000,0.000000000,0.000000000
point-0008403,15669.696093797,261.314316641,229.639776445,301.000000000,0.000000000,0.000000000
point-0008404,15672.135356154,265.379753903,229.639776445,301.000000000,0.000000000,0.000000000
point-0008405,15672.852786259,264.724209270,230.639776445,301.000000000,0.000000000,0.000000000
point-0008406,15675.292048616,260.658772008,230.639776445,301.000000000,0.000000000,0.000000000
point-0008407,15676.009478721,260.003227376,231.639776445,301.000000000,0.000000000,0.000000000
point-0008408,15678.448741078,264.068664637,231.639776445,301.000000000,0.000000000,0.000000000
point-0008409,15679.166171183,263.413120005,232.639776445,301.000000000,0.000000000,0.000000000
point-0008410,15681.605433540,259.347682743,232.639776445,301.000000000,0.000000000,0.000000000
point-0008411,15682.322863645,258.692138110,233.639776445,301.000000000,0.000000000,0.000000000
point-0008412,15684.762126002,262.757575372,233.639776445,301.000000000,0.000000000,0.000000000
point-0008413,15685.479556107,262.102030739,234.639776445,301.000000000,0.000000000,0.000000000
point-0008414,15687.918818464,258.036593477,234.639776445,301.000000000,0.000000000,0.000000000
point-0008415,15688.636248569,257.381048845,235.639776445,301.000000000,0.000000000,0.000000000
point-0008416,15691.075510926,261.446486106,235.639776445,301.000000000,0.000000000,0.000000000
point-0008417,15691.792941031,260.790941474,236.639776445,301.000000000,0.000000000,0.000000000
point-0008418,15694.232203388,256.725504212,236.639776445,301.000000000,0.000000000,0.000000000
point-0008419,15694.949633493,256.069959579,237.639776445,301.000000000,0.000000000,0.000000000
point-0008420,15697.388895850,260.135396841,237.639776445,301.000000000,0.000000000,0.000000000
point-0008421,15698.106325955,259.479852208,238.639776445,301.000000000,0.000000000,0.000000000
point-0008422,15700.545588312,255.414414947,238.639776445,301.000000000,0.000000000,0.000000000
point-0008423,15701.263018417,254.758870314,239.639776445,301.000000000,0.000000000,0.000000000
point-0008424,15703.702280774,258.824307576,239.639776445,301.000000000,0.000000000,0.000000000
point-0008425,15704.419710879,258.168762943,240.639776445,301.000000000,0.000000000,0.000000000
point-0008426,15706.615743310,254.508708892,240.639776445,301.000000000,0.000000000,0.000000000
point-0008427,15707.710146451,256.034158038,241.639776445,301.000000000,0.000000000,0.000000000
point-0008428,15708.597582615,257.513218310,241.639776445,301.000000000,0.000000000,0.000000000
point-0008429,15737.466067525,280.980655622,199.639776445,301.500000000,0.000000000,0.000000000
point-0008430,15738.120365659,282.071152511,199.639776445,301.500000000,0.000000000,0.000000000
point-0008431,15739.214768799,283.596601657,200.639776445,301.500000000,0.000000000,0.000000000
point-0008432,15741.177663200,280.325110989,200.639776445,301.500000000,0.000000000,0.000000000
point-0008433,15741.895093305,279.669566356,201.639776445,301.500000000,0.000000000,0.000000000
point-0008434,15744.334355662,283.735003618,201.639776445,301.500000000,0.000000000,0.000000000
point-0008435,15745.051785767,283.079458985,202.639776445,301.500000000,0.000000000,0.000000000
point-0008436,15747.491048124,279.014021724,202.639776445,301.500000000,0.000000000,0.000000000
point-0008437,15748.208478229,278.358477091,203.639776445,301.500000000,0.000000000,0.000000000
point-0008438,15750.647740586,282.423914353,203.639776445,301.500000000,0.000000000,0.000000000
point-0008439,15751.365170691,281.768369720,204.639776445,301.500000000,0.000000000,0.000000000
point-0008440,15753.804433048,277.702932458,204.639776445,301.500000000,0.000000000,0.000000000
point-0008441,15754.521863153,277.047387826,205.639776445,301.500000000,0.000000000,0.000000000
point-0008442,15756.961125510,281.112825087,205.639776445,301.500000000,0.000000000,0.000000000
point-0008443,15757.678555615,280.457280455,206.639776445,301.500000000,0.000000000,0.000000000
point-0008444,15760.117817972,276.391843193,206.639776445,301.500000000,0.000000000,0.000000000
point-0008445,15760.835248077,275.736298560,207.639776445,301.500000000,0.000000000,0.000000000
point-0008446,15763.274510434,279.801735822,207.639776445,301.500000000,0.000000000,0.000000000
point-0008447,15763.991940539,279.146191189,208.639776445,301.500000000,0.000000000,0.000000000
point-0008448,15766.431202896,275.080753927,208.639776445,301.500000000,0.000000000,0.000000000
point-0008449,15767.148633001,274.425209295,209.639776445,301.500000000,0.000000000,0.000000000
point-0008450,15769.587895358,278.490646556,209.639776445,301.500000000,0.000000000,0.000000000
point-0008451,15770.305325463,277.835101924,210.639776445,301.500000000,0.000000000,0.000000000
point-0008452,15772.744587820,273.769664662,210.639776445,301.500000000,0.000000000,0.000000000
point-0008453,15773.462017925,273.114120029,211.639776445,301.500000000,0.000000000,0.000000000
point-0008454,15775.901280282,277.179557291,211.639776445,301.500000000,0.000000000,0.000000000
point-0008455,15776.618710387,276.524012658,212.639776445,301.500000000,0.000000000,0.000000000
point-0008456,15779.057972744,272.458575397,212.639776445,301.500000000,0.000000000,0.000000000
point-0008457,15779.775402849,271.803030764,213.639776445,301.500000000,0.000000000,0.000000000
point-0008458,15782.214665206,275.868468026,213.639776445,301.500000000,0.000000000,0.000000000
point-0008459,15782.932095311,275.212923393,214.639776445,301.500000000,0.000000000,0.000000000
point-0008460,15785.371357668,271.147486131,214.639776445,301.500000000,0.000000000,0.000000000
point-0008461,15786.088787773,270.491941499,215.639776445,301.500000000,0.000000000,0.000000000
point-0008462,15788.528050130,274.557378760,215.639776445,301.500000000,0.000000000,0.000000000
point-0008463,15789.245480235,273.901834128,216.639776445,301.500000000,0.000000000,0.000000000
point-0008464,15791.684742592,269.836396866,216.639776445,301.500000000,0.000000000,0.000000000
point-0008465,15792.402172697,269.180852233,217.639776445,301.500000000,0.000000000,0.000000000
point-0008466,15794.841435054,273.246289495,217.639776445,301.500000000,0.000000000,0.000000000
point-0008467,15795.558865159,272.590744862,218.639776445,301.500000000,0.000000000,0.000000000
point-0008468,15797.998127516,268.525307601,218.639776445,301.500000000,0.000000000,0.000000000
point-0008469,15798.715557621,267.869762968,219.639776445,301.500000000,0.000000000,0.000000000
point-0008470,15801.154819978,271.935200230,219.639776445,301.500000000,0.000000000,0.000000000
point-0008471,15801.872250083,271.279655597,220.639776445,301.500000000,0.000000000,0.000000000
point-0008472,15804.311512440,267.214218335,220.639776445,301.500000000,0.000000000,0.000000000
point-0008473,15805.028942545,266.558673702,221.639776445,301.500000000,0.000000000,0.000000000
point-0008474,15807.468204902,270.624110964,221.639776445,301.500000000,0.000000000,0.000000000
point-0008475,15808.185635007,269.968566331,222.639776445,301.500000000,0.000000000,0.000000000
point-0008476,15810.624897364,265.903129070,222.639776445,301.500000000,0.000000000,0.000000000
point-0008477,15811.342327469,265.247584437,223.639776445,301.500000000,0.000000000,0.000000000
point-0008478,15813.781589826,269.313021699,223.639776445,301.500000000,0.000000000,0.000000000
point-0008479,15814.499019931,268.657477066,224.639776445,301.500000000,0.000000000,0.000000000
point-0008480,15816.938282288,264.592039804,224.639776445,301.500000000,0.000000000,0.000000000
point-0008481,15817.655712393,263.936495172,225.639776445,301.500000000,0.000000000,0.000000000
point-0008482,15820.094974750,268.001932433,225.639776445,301.500000000,0.000000000,0.000000000
point-0008483,15820.812404855,267.346387801,226.639776445,301.500000000,0.000000000,0.000000000
point-0008484,15823.251667212,263.280950539,226.639776445,301.500000000,0.000000000,0.000000000
point-0008485,15823.969097317,262.625405906,227.639776445,301.500000000,0.000000000,0.000000000
point-0008486,15826.408359674,266.690843168,227.639776445,301.500000000,0.000000000,0.000000000
point-0008487,15827.125789779,266.035298535,228.639776445,301.500000000,0.000000000,0.000000000
point-0008488,15829.565052136,261.969861274,228.639776445,301.500000000,0.000000000,0.000000000
point-0008489,15830.282482241,261.314316641,229.639776445,301.500000000,0.000000000,0.000000000
point-0008490,15832.721744598,265.379753903,229.639776445,301.500000000,0.000000000,0.000000000
point-0008491,15833.439174703,264.724209270,230.639776445,301.500000000,0.000000000,0.000000000
point-0008492,15835.878437060,260.658772008,230.639776445,301.500000000,0.000000000,0.000000000
point-0008493,15836.595867165,260.003227376,231.639776445,301.500000000,0.000000000,0.000000000
point-0008494,15839.035129522,264.068664637,231.639776445,301.500000000,0.000000000,0.000000000
point-0008495,15839.752559627,263.413120005,232.639776445,301.500000000,0.000000000,0.000000000
point-0008496,15842.191821984,259.347682743,232.639776445,301.500000000,0.000000000,0.000000000
point-0008497,15842.909252089,258.692138110,233.639776445,301.500000000,0.000000000,0.000000000
point-0008498,15845.348514446,262.757575372,233.639776445,301.500000000,0.000000000,0.000000000
point-0008499,15846.065944551,262.102030739,234.639776445,301.500000000,0.000000000,0.000000000
point-0008500,15848.505206908,258.036593477,234.639776445,301.500000000,0.000000000,0.000000000
point-0008501,15849.222637013,257.381048845,235.639776445,301.500000000,0.000000000,0.000000000
point-0008502,15851.661899370,261.446486106,235.639776445,301.500000000,0.000000000,0.000000000
point-0008503,15852.379329475,260.790941474,236.639776445,301.500000000,0.000000000,0.000000000
point-0008504,15854.818591832,256.725504212,236.639776445,301.500000000,0.000000000,0.000000000
point-0008505,15855.536021937,256.069959579,237.639776445,301.500000000,0.000000000,0.000000000
point-0008506,15857.975284294,260.135396841,237.639776445,301.500000000,0.000000000,0.000000000
point-0008507,15858.692714399,259.479852208,238.639776445,301.500000000,0.000000000,0.000000000
point-0008508,15861.131976756,255.414414947,238.639776445,301.500000000,0.000000000,0.000000000
point-0008509,15861.849406861,254.758870314,239.639776445,301.500000000,0.000000000,0.000000000
point-0008510,15864.288669218,258.824307576,239.639776445,301.500000000,0.000000000,0.000000000
point-0008511,15865.006099323,258.168762943,240.639776445,301.500000000,0.000000000,0.000000000
point-0008512,15867.202131754,254.508708892,240.639776445,301.500000000,0.000000000,0.000000000
point-0008513,15868.296534895,256.034158038,241.639776445,301.500000000,0.000000000,0.000000000
point-0008514,15869.183971059,257.513218310,241.639776445,301.500000000,0.000000000,0.000000000
point-0008515,15898.052455969,280.980655622,199.639776445,302.000000000,0.000000000,0.000000000
point-0008516,15898.706754103,282.071152511,199.639776445,302.000000000,0.000000000,0.000000000
point-0008517,15899.801157244,283.596601657,200.639776445,302.000000000,0.000000000,0.000000000
point-0008518,15901.764051644,280.325110989,200.639776445,302.000000000,0.000000000,0.000000000
point-0008519,15902.481481749,279.669566356,201.639776445,302.000000000,0.000000000,0.000000000
point-0008520,15904.920744106,283.735003618,201.639776445,302.000000000,0.000000000,0.000000000
point-0008521,15905.638174211,283.079458985,202.639776445,302.000000000,0.000000000,0.000000000
point-0008522,15908.077436568,279.014021724,202.639776445,302.000000000,0.000000000,0.000000000
point-0008523,15908.794866673,278.358477091,203.639776445,302.000000000,0.000000000,0.000000000
point-0008524,15911.234129030,282.423914353,203.639776445,302.000000000,0.000000000,0.000000000
point-0008525,15911.951559135,281.768369720,204.639776445,302.000000000,0.000000000,0.000000000
point-0008526,15914.390821492,277.702932458,204.639776445,302.000000000,0.000000000,0.000000000
point-0008527,15915.108251597,277.047387826,205.639776445,302.000000000,0.000000000,0.000000000
point-0008528,15917.547513954,281.112825087,205.639776445,302.000000000,0.000000000,0.000000000
point-0008529,15918.264944059,280.457280455,206.639776445,302.000000000,0.000000000,0.000000000
point-0008530,15920.704206416,276.391843193,206.639776445,302.000000000,0.000000000,0.000000000
point-0008531,15921.421636521,275.736298560,207.639776445,302.000000000,0.000000000,0.000000000
point-0008532,15923.860898878,279.801735822,207.639776445,302.000000000,0.000000000,0.000000000
point-0008533,15924.578328983,279.146191189,208.639776445,302.000000000,0.000000000,0.000000000
point-0008534,15927.017591340,275.080753927,208.639776445,302.000000000,0.000000000,0.000000000
point-0008535,15927.735021445,274.425209295,209.639776445,302.000000000,0.000000000,0.000000000
point-0008536,15930.174283802,278.490646556,209.639776445,302.000000000,0.000000000,0.000000000
point-0008537,15930.891713907,277.835101924,210.639776445,302.000000000,0.000000000,0.000000000
point-0008538,15933.330976264,273.769664662,210.639776445,302.000000000,0.000000000,0.000000000
point-0008539,15934.048406369,273.114120029,211.639776445,302.000000000,0.000000000,0.000000000
point-0008540,15936.487668726,277.179557291,211.639776445,302.000000000,0.000000000,0.000000000
point-0008541,15937.205098831,276.524012658,212.639776445,302.000000000,0.000000000,0.000000000
point-0008542,15939.644361188,272.458575397,212.639776445,302.000000000,0.000000000,0.000000000
point-0008543,15940.361791293,271.803030764,213.639776445,302.000000000,0.000000000,0.000000000
point-0008544,15942.801053650,275.868468026,213.639776445,302.000000000,0.000000000,0.000000000
point-0008545,15943.518483755,275.212923393,214.639776445,302.000000000,0.000000000,0.000000000
point-0008546,15945.957746112,271.147486131,214.639776445,302.000000000,0.000000000,0.000000000
point-0008547,15946.675176217,270.491941499,215.639776445,302.000000000,0.000000000,0.000000000
point-0008548,15949.114438574,274.557378760,215.639776445,302.000000000,0.000000000,0.000000000
point-0008549,15949.831868679,273.901834128,216.639776445,302.000000000,0.000000000,0.000000000
point-0008550,15952.271131036,269.836396866,216.639776445,302.000000000,0.000000000,0.000000000
point-0008551,15952.988561141,269.180852233,217.639776445,302.000000000,0.000000000,0.000000000
point-0008552,15955.427823498,273.246289495,217.639776445,302.000000000,0.000000000,0.000000000
point-0008553,15956.145253603,272.590744862,218.639776445,302.000000000,0.000000000,0.000000000
point-0008554,15958.584515960,268.525307601,218.639776445,302.000000000,0.000000000,0.000000000
point-0008555,15959.301946065,267.869762968,219.639776445,302.000000000,0.000000000,0.000000000
point-0008556,15961.741208422,271.935200230,219.639776445,302.000000000,0.000000000,0.000000000
point-0008557,15962.458638527,271.279655597,220.639776445,302.000000000,0.000000000,0.000000000
point-0008558,15964.897900884,267.214218335,220.639776445,302.000000000,0.000000000,0.000000000
point-0008559,15965.615330989,266.558673702,221.639776445,302.000000000,0.000000000,0.000000000
point-0008560,15968.054593346,270.624110964,221.639776445,302.000000000,0.000000000,0.000000000
point-0008561,15968.772023451,269.968566331,222.639776445,302.000000000,0.000000000,0.000000000
point-0008562,15971.211285808,265.903129070,222.639776445,302.000000000,0.000000000,0.000000000
point-0008563,15971.928715913,265.247584437,223.639776445,302.000000000,0.000000000,0.000000000
point-0008564,15974.367978270,269.313021699,223.639776445,302.000000000,0.000000000,0.000000000
point-0008565,15975.085408375,268.657477066,224.639776445,302.000000000,0.000000000,0.000000000
point-0008566,15977.524670732,264.592039804,224.639776445,302.000000000,0.000000000,0.000000000
point-0008567,15978.242100837,263.936495172,225.639776445,302.000000000,0.000000000,0.000000000
point-0008568,15980.681363194,268.001932433,225.639776445,302.000000000,0.000000000,0.000000000
point-0008569,15981.398793299,267.346387801,226.639776445,302.000000000,0.000000000,0.000000000
point-0008570,15983.838055656,263.280950539,226.639776445,302.000000000,0.000000000,0.000000000
point-0008571,15984.555485761,262.625405906,227.639776445,302.000000000,0.000000000,0.000000000
point-0008572,15986.994748118,266.690843168,227.639776445,302.000000000,0.000000000,0.000000000
point-0008573,15987.712178223,266.035298535,228.639776445,302.000000000,0.000000000,0.000000000
point-0008574,15990.151440580,261.969861274,228.639776445,302.000000000,0.000000000,0.000000000
point-0008575,15990.868870685,261.314316641,229.639776445,302.000000000,0.000000000,0.000000000
point-0008576,15993.308133042,265.379753903,229.639776445,302.000000000,0.000000000,0.000000000
point-0008577,15994.025563147,264.724209270,230.639776445,302.000000000,0.000000000,0.000000000
point-0008578,15996.464825504,260.658772008,230.639776445,302.000000000,0.000000000,0.000000000
point-0008579,15997.182255609,260.003227376,231.639776445,302.000000000,0.000000000,0.000000000
point-0008580,15999.621517966,264.068664637,231.639776445,302.000000000,0.000000000,0.000000000
point-0008581,16000.338948071,263.413120005,232.639776445,302.000000000,0.000000000,0.000000000
point-0008582,16002.778210428,259.347682743,232.639776445,302.000000000,0.000000000,0.000000000
point-0008583,16003.495640533,258.692138110,233.639776445,302.000000000,0.000000000,0.000000000
point-0008584,16005.934902890,262.757575372,233.639776445,302.000000000,0.000000000,0.000000000
point-0008585,16006.652332995,262.102030739,234.639776445,302.000000000,0.000000000,0.000000000
point-0008586,16009.091595352,258.036593477,234.639776445,302.000000000,0.000000000,0.000000000
point-0008587,16009.809025457,257.381048845,235.639776445,302.000000000,0.000000000,0.000000000
point-0008588,16012.248287815,261.446486106,235.639776445,302.000000000,0.000000000,0.000000000
point-0008589,16012.965717920,260.790941474,236.639776445,302.000000000,0.000000000,0.000000000
point-0008590,16015.404980277,256.725504212,236.639776445,302.000000000,0.000000000,0.000000000
point-0008591,16016.122410382,256.069959579,237.639776445,302.000000000,0.000000000,0.000000000
point-0008592,16018.561672739,260.135396841,237.639776445,302.000000000,0.000000000,0.000000000
point-0008593,16019.279102844,259.479852208,238.639776445,302.000000000,0.000000000,0.000000000
point-0008594,16021.718365201,255.414414947,238.639776445,302.000000000,0.000000000,0.000000000
point-0008595,16022.435795306,254.758870314,239.639776445,302.000000000,0.000000000,0.000000000
point-0008596,16024.875057663,258.824307576,239.639776445,302.000000000,0.000000000,0.000000000
point-0008597,16025.592487768,258.168762943,240.639776445,302.000000000,0.000000000,0.000000000
point-0008598,16027.788520198,254.508708892,240.639776445,302.000000000,0.000000000,0.000000000
point-0008599,16028.882923339,256.034158038,241.639776445,302.000000000,0.000000000,0.000000000
point-0008600,16029.770359503,257.513218310,241.639776445,302.000000000,0.000000000,0.000000000
point-0008601,16058.638844413,280.980655622,199.639776445,302.500000000,0.000000000,0.000000000
point-0008602,16059.293142547,282.071152511,199.639776445,302.500000000,0.000000000,0.000000000
point-0008603,16060.387545688,283.596601657,200.639776445,302.500000000,0.000000000,0.000000000
point-0008604,16062.350440088,280.325110989,200.639776445,302.500000000,0.000000000,0.000000000
point-0008605,16063.067870193,279.669566356,201.639776445,302.500000000,0.000000000,0.000000000
point-0008606,16065.507132550,283.735003618,201.639776445,302.500000000,0.000000000,0.000000000
point-0008607,16066.224562655,283.079458985,202.639776445,302.500000000,0.000000000,0.000000000
point-0008608,16068.663825012,279.014021724,202.639776445,302.500000000,0.000000000,0.000000000
point-0008609,16069.381255117,278.358477091,203.639776445,302.500000000,0.000000000,0.000000000
point-0008610,16071.820517474,282.423914353,203.639776445,302.500000000,0.000000000,0.000000000
point-0008611,16072.537947579,281.768369720,204.639776445,302.500000000,0.000000000,0.000000000
point-0008612,16074.977209936,277.702932458,204.639776445,302.500000000,0.000000000,0.000000000
point-0008613,16075.694640041,277.047387826,205.639776445,302.500000000,0.000000000,0.000000000
point-0008614,16078.133902398,281.112825087,205.639776445,302.500000000,0.000000000,0.000000000
point-0008615,16078.851332503,280.457280455,206.639776445,302.500000000,0.000000000,0.000000000
point-0008616,16081.290594860,276.391843193,206.639776445,302.500000000,0.000000000,0.000000000
point-0008617,16082.008024965,275.736298560,207.639776445,302.500000000,0.000000000,0.000000000
point-0008618,16084.447287322,279.801735822,207.639776445,302.500000000,0.000000000,0.000000000
point-0008619,16085.164717427,279.146191189,208.639776445,302.500000000,0.000000000,0.000000000
point-0008620,16087.603979784,275.080753927,208.639776445,302.500000000,0.000000000,0.000000000
point-0008621,16088.321409889,274.425209295,209.639776445,302.500000000,0.000000000,0.000000000
point-0008622,16090.760672246,278.490646556,209.639776445,302.500000000,0.000000000,0.000000000
point-0008623,16091.478102351,277.835101924,210.639776445,302.500000000,0.000000000,0.000000000
point-0008624,16093.917364708,273.769664662,210.639776445,302.500000000,0.000000000,0.000000000
point-0008625,16094.634794813,273.114120029,211.639776445,302.500000000,0.000000000,0.000000000
point-0008626,16097.074057170,277.179557291,211.639776445,302.500000000,0.000000000,0.000000000
point-0008627,16097.791487275,276.524012658,212.639776445,302.500000000,0.000000000,0.000000000
point-0008628,16100.230749632,272.458575397,212.639776445,302.500000000,0.000000000,0.000000000
point-0008629,16100.948179737,271.803030764,213.639776445,302.500000000,0.000000000,0.000000000
point-0008630,16103.387442094,275.868468026,213.639776445,302.500000000,0.000000000,0.000000000
point-0008631,16104.104872199,275.212923393,214.639776445,302.500000000,0.000000000,0.000000000
point-0008632,16106.544134556,271.147486131,214.639776445,302.500000000,0.000000000,0.000000000
point-0008633,16107.261564661,270.491941499,215.639776445,302.500000000,0.000000000,0.000000000
point-0008634,16109.700827018,274.557378760,215.639776445,302.500000000,0.000000000,0.000000000
point-0008635,16110.418257123,273.901834128,216.639776445,302.500000000,0.000000000,0.000000000
point-0008636,16112.857519480,269.836396866,216.639776445,302.500000000,0.000000000,0.000000000
point-0008637,16113.574949585,269.180852233,217.639776445,302.500000000,0.000000000,0.000000000
point-0008638,16116.014211942,273.246289495,217.639776445,302.500000000,0.000000000,0.000000000
point-0008639,16116.731642047,272.590744862,218.639776445,302.500000000,0.000000000,0.000000000
point-0008640,16119.170904405,268.525307601,218.639776445,302.500000000,0.000000000,0.000000000
point-0008641,16119.888334510,267.869762968,219.639776445,302.500000000,0.000000000,0.000000000
point-0008642,16122.327596867,271.935200230,219.639776445,302.500000000,0.000000000,0.000000000
point-0008643,16123.045026972,271.279655597,220.639776445,302.500000000,0.000000000,0.000000000
point-0008644,16125.484289329,267.214218335,220.639776445,302.500000000,0.000000000,0.000000000
point-0008645,16126.201719434,266.558673702,221.639776445,302.500000000,0.000000000,0.000000000
point-0008646,16128.640981791,270.624110964,221.639776445,302.500000000,0.000000000,0.000000000
point-0008647,16129.358411896,269.968566331,222.639776445,302.500000000,0.000000000,0.000000000
point-0008648,16131.797674253,265.903129070,222.639776445,302.500000000,0.000000000,0.000000000
point-0008649,16132.515104358,265.247584437,223.639776445,302.500000000,0.000000000,0.000000000
point-0008650,16134.954366715,269.313021699,223.639776445,302.500000000,0.000000000,0.000000000
point-0008651,16135.671796820,268.657477066,224.639776445,302.500000000,0.000000000,0.000000000
point-0008652,16138.111059177,264.592039804,224.639776445,302.500000000,0.000000000,0.000000000
point-0008653,16138.828489282,263.936495172,225.639776445,302.500000000,0.000000000,0.000000000
point-0008654,16141.267751639,268.001932433,225.639776445,302.500000000,0.000000000,0.000000000
point-0008655,16141.985181744,267.346387801,226.639776445,302.500000000,0.000000000,0.000000000
point-0008656,16144.424444101,263.280950539,226.639776445,302.500000000,0.000000000,0.000000000
point-0008657,16145.141874206,262.625405906,227.639776445,302.500000000,0.000000000,0.000000000
point-0008658,16147.581136563,266.690843168,227.639776445,302.500000000,0.000000000,0.000000000
point-0008659,16148.298566668,266.035298535,228.639776445,302.500000000,0.000000000,0.000000000
point-0008660,16150.737829025,261.969861274,228.639776445,302.500000000,0.000000000,0.000000000
point-0008661,16151.455259130,261.314316641,229.639776445,302.500000000,0.000000000,0.000000000
point-0008662,16153.894521487,265.379753903,229.639776445,302.500000000,0.000000000,0.000000000
point-0008663,16154.611951592,264.724209270,230.639776445,302.500000000,0.000000000,0.000000000
point-0008664,16157.051213949,260.658772008,230.639776445,302.500000000,0.000000000,0.000000000
point-0008665,16157.768644054,260.003227376,231.639776445,302.500000000,0.000000000,0.000000000
point-0008666,16160.207906411,264.068664637,231.639776445,302.500000000,0.000000000,0.000000000
point-0008667,16160.925336516,263.413120005,232.639776445,302.500000000,0.000000000,0.000000000
point-0008668,16163.364598873,259.347682743,232.639776445,302.500000000,0.000000000,0.000000000
point-0008669,16164.082028978,258.692138110,233.639776445,302.500000000,0.000000000,0.000000000
point-0008670,16166.521291335,262.757575372,233.639776445,302.500000000,0.000000000,0.000000000
point-0008671,16167.238721440,262.102030739,234.639776445,302.500000000,0.000000000,0.000000000
point-0008672,16169.677983797,258.036593477,234.639776445,302.500000000,0.000000000,0.000000000
point-0008673,16170.395413902,257.381048845,235.639776445,302.500000000,0.000000000,0.000000000
point-0008674,16172.834676259,261.446486106,235.639776445,302.500000000,0.000000000,0.000000000
point-0008675,16173.552106364,260.790941474,236.639776445,302.500000000,0.000000000,0.000000000
point-0008676,16175.991368721,256.725504212,236.639776445,302.500000000,0.000000000,0.000000000
point-0008677,16176.708798826,256.069959579,237.639776445,302.500000000,0.000000000,0.000000000
point-0008678,16179.148061183,260.135396841,237.639776445,302.500000000,0.000000000,0.000000000
point-0008679,16179.865491288,259.479852208,238.639776445,302.500000000,0.000000000,0.000000000
point-0008680,16182.304753645,255.414414947,238.639776445,302.500000000,0.000000000,0.000000000
point-0008681,16183.022183750,254.758870314,239.639776445,302.500000000,0.000000000,0.000000000
point-0008682,16185.461446107,258.824307576,239.639776445,302.500000000,0.000000000,0.000000000
point-0008683,16186.178876212,258.168762943,240.639776445,302.500000000,0.000000000,0.000000000
point-0008684,16188.374908642,254.508708892,240.639776445,302.500000000,0.000000000,0.000000000
point-0008685,16189.469311783,256.034158038,241.639776445,302.500000000,0.000000000,0.000000000
point-0008686,16190.356747947,257.513218310,241.639776445,302.500000000,0.000000000,0.000000000
point-0008687,16219.225232857,280.980655622,199.639776445,303.000000000,0.000000000,0.000000000
point-0008688,16219.879530991,282.071152511,199.639776445,303.000000000,0.000000000,0.000000000
point-0008689,16220.973934132,283.596601657,200.639776445,303.000000000,0.000000000,0.000000000
point-0008690,16222.936828533,280.325110989,200.639776445,303.000000000,0.000000000,0.000000000
point-0008691,16223.654258638,279.669566356,201.639776445,303.000000000,0.000000000,0.000000000
point-0008692,16226.093520995,283.735003618,201.639776445,303.000000000,0.000000000,0.000000000
point-0008693,16226.810951100,283.079458985,202.639776445,303.000000000,0.000000000,0.000000000
point-0008694,16229.250213457,279.014021724,202.639776445,303.000000000,0.000000000,0.000000000
point-0008695,16229.967643562,278.358477091,203.639776445,303.000000000,0.000000000,0.000000000
point-0008696,16232.406905919,282.423914353,203.639776445,303.000000000,0.000000000,0.000000000
point-0008697,16233.124336024,281.768369720,204.639776445,303.000000000,0.000000000,0.000000000
point-0008698,16235.563598381,277.702932458,204.639776445,303.000000000,0.000000000,0.000000000
point-0008699,16236.281028486,277.047387826,205.639776445,303.000000000,0.000000000,0.000000000
point-0008700,16238.720290843,281.112825087,205.639776445,303.000000000,0.000000000,0.000000000
point-0008701,16239.437720948,280.457280455,206.639776445,303.000000000,0.000000000,0.000000000
point-0008702,16241.876983305,276.391843193,206.639776445,303.000000000,0.000000000,0.000000000
point-0008703,16242.594413410,275.736298560,207.639776445,303.000000000,0.000000000,0.000000000
point-0008704,16245.033675767,279.801735822,207.639776445,303.000000000,0.000000000,0.000000000
point-0008705,16245.751105872,279.146191189,208.639776445,303.000000000,0.000000000,0.000000000
point-0008706,16248.190368229,275.080753927,208.639776445,303.000000000,0.000000000,0.000000000
point-0008707,16248.907798334,274.425209295,209.639776445,303.000000000,0.000000000,0.000000000
point-0008708,16251.347060691,278.490646556,209.639776445,303.000000000,0.000000000,0.000000000
point-0008709,16252.064490796,277.835101924,210.639776445,303.000000000,0.000000000,0.000000000
point-0008710,16254.503753153,273.769664662,210.639776445,303.000000000,0.000000000,0.000000000
point-0008711,16255.221183258,273.114120029,211.639776445,303.000000000,0.000000000,0.000000000
point-0008712,16257.660445615,277.179557291,211.639776445,303.000000000,0.000000000,0.000000000
point-0008713,16258.377875720,276.524012658,212.639776445,303.000000000,0.000000000,0.000000000
point-0008714,16260.817138077,272.458575397,212.639776445,303.000000000,0.000000000,0.000000000
point-0008715,16261.534568182,271.803030764,213.639776445,303.000000000,0.000000000,0.000000000
point-0008716,16263.973830539,275.868468026,213.639776445,303.000000000,0.000000000,0.000000000
point-0008717,16264.691260644,275.212923393,214.639776445,303.000000000,0.000000000,0.000000000
point-0008718,16267.130523001,271.147486131,214.639776445,303.000000000,0.000000000,0.000000000
point-0008719,16267.847953106,270.491941499,215.639776445,303.000000000,0.000000000,0.000000000
point-0008720,16270.287215463,274.557378760,215.639776445,303.000000000,0.000000000,0.000000000
point-0008721,16271.004645568,273.901834128,216.639776445,303.000000000,0.000000000,0.000000000
point-0008722,16273.443907925,269.836396866,216.639776445,303.000000000,0.000000000,0.000000000
point-0008723,16274.161338030,269.180852233,217.639776445,303.000000000,0.000000000,0.000000000
point-0008724,16276.600600387,273.246289495,217.639776445,303.000000000,0.000000000,0.000000000
point-0008725,16277.318030492,272.590744862,218.639776445,303.000000000,0.000000000,0.000000000
point-0008726,16279.757292849,268.525307601,218.639776445,303.000000000,0.000000000,0.000000000
point-0008727,16280.474722954,267.869762968,219.639776445,303.000000000,0.000000000,0.000000000
point-0008728,16282.913985311,271.935200230,219.639776445,303.000000000,0.000000000,0.000000000
point-0008729,16283.631415416,271.279655597,220.639776445,303.000000000,0.000000000,0.000000000
point-0008730,16286.070677773,267.214218335,220.639776445,303.000000000,0.000000000,0.000000000
point-0008731,16286.788107878,266.558673702,221.639776445,303.000000000,0.000000000,0.000000000
point-0008732,16289.227370235,270.624110964,221.639776445,303.000000000,0.000000000,0.000000000
point-0008733,16289.944800340,269.968566331,222.639776445,303.000000000,0.000000000,0.000000000
point-0008734,16292.384062697,265.903129070,222.639776445,303.000000000,0.000000000,0.000000000
point-0008735,16293.101492802,265.247584437,223.639776445,303.000000000,0.000000000,0.000000000
point-0008736,16295.540755159,269.313021699,223.639776445,303.000000000,0.000000000,0.000000000
point-0008737,16296.258185264,268.657477066,224.639776445,303.000000000,0.000000000,0.000000000
point-0008738,16298.697447621,264.592039804,224.639776445,303.000000000,0.000000000,0.000000000
point-0008739,16299.414877726,263.936495172,225.639776445,303.000000000,0.000000000,0.000000000
point-0008740,16301.854140083,268.001932433,225.639776445,303.000000000,0.000000000,0.000000000
point-0008741,16302.571570188,267.346387801,226.639776445,303.000000000,0.000000000,0.000000000
point-0008742,16305.010832545,263.280950539,226.639776445,303.000000000,0.000000000,0.000000000
point-0008743,16305.728262650,262.625405906,227.639776445,303.000000000,0.000000000,0.000000000
point-0008744,16308.167525007,266.690843168,227.639776445,303.000000000,0.000000000,0.000000000
point-0008745,16308.884955112,266.035298535,228.639776445,303.000000000,0.000000000,0.000000000
point-0008746,16311.324217469,261.969861274,228.639776445,303.000000000,0.000000000,0.000000000
point-0008747,16312.041647574,261.314316641,229.639776445,303.000000000,0.000000000,0.000000000
point-0008748,16314.480909931,265.379753903,229.639776445,303.000000000,0.000000000,0.000000000
point-0008749,16315.198340036,264.724209270,230.639776445,303.000000000,0.000000000,0.000000000
point-0008750,16317.637602393,260.658772008,230.639776445,303.000000000,0.000000000,0.000000000
point-0008751,16318.355032498,260.003227376,231.639776445,303.000000000,0.000000000,0.000000000
point-0008752,16320.794294855,264.068664637,231.639776445,303.000000000,0.000000000,0.000000000
point-0008753,16321.511724960,263.413120005,232.639776445,303.000000000,0.000000000,0.000000000
point-0008754,16323.950987317,259.347682743,232.639776445,303.000000000,0.000000000,0.000000000
point-0008755,16324.668417422,258.692138110,233.639776445,303.000000000,0.000000000,0.000000000
point-0008756,16327.107679779,262.757575372,233.639776445,303.000000000,0.000000000,0.000000000
point-0008757,16327.825109884,262.102030739,234.639776445,303.000000000,0.000000000,0.000000000
point-0008758,16330.264372241,258.036593477,234.639776445,303.000000000,0.000000000,0.000000000
point-0008759,16330.981802346,257.381048845,235.639776445,303.000000000,0.000000000,0.000000000
point-0008760,16333.421064703,261.446486106,235.639776445,303.000000000,0.000000000,0.000000000
point-0008761,16334.138494808,260.790941474,236.639776445,303.000000000,0.000000000,0.000000000
point-0008762,16336.577757165,256.725504212,236.639776445,303.000000000,0.000000000,0.000000000
point-0008763,16337.295187270,256.069959579,237.639776445,303.000000000,0.000000000,0.000000000
point-0008764,16339.734449627,260.135396841,237.639776445,303.000000000,0.000000000,0.000000000
point-0008765,16340.451879732,259.479852208,238.639776445,303.000000000,0.000000000,0.000000000
point-0008766,16342.891142089,255.414414947,238.639776445,303.000000000,0.000000000,0.000000000
point-0008767,16343.608572194,254.758870314,239.639776445,303.000000000,0.000000000,0.000000000
point-0008768,16346.047834551,258.824307576,239.639776445,303.000000000,0.000000000,0.000000000
point-0008769,16346.765264656,258.168762943,240.639776445,303.000000000,0.000000000,0.000000000
point-0008770,16348.961297087,254.508708892,240.639776445,303.000000000,0.000000000,0.000000000
point-0008771,16350.055700227,256.034158038,241.639776445,303.000000000,0.000000000,0.000000000
point-0008772,16350.943136391,257.513218310,241.639776445,303.000000000,0.000000000,0.000000000
point-0008773,16379.811621302,280.980655622,199.639776445,303.500000000,0.000000000,0.000000000
point-0008774,16380.465919435,282.071152511,199.639776445,303.500000000,0.000000000,0.000000000
point-0008775,16381.560322576,283.596601657,200.639776445,303.500000000,0.000000000,0.000000000
point-0008776,16383.523216977,280.325110989,200.639776445,303.500000000,0.000000000,0.000000000
point-0008777,16384.240647082,279.669566356,201.639776445,303.500000000,0.000000000,0.000000000
point-0008778,16386.679909439,283.735003618,201.639776445,303.500000000,0.000000000,0.000000000
point-0008779,16387.397339544,283.079458985,202.639776445,303.500000000,0.000000000,0.000000000
point-0008780,16389.836601901,279.014021724,202.639776445,303.500000000,0.000000000,0.000000000
point-0008781,16390.554032006,278.358477091,203.639776445,303.500000000,0.000000000,0.000000000
point-0008782,16392.993294363,282.423914353,203.639776445,303.500000000,0.000000000,0.000000000
point-0008783,16393.710724468,281.768369720,204.639776445,303.500000000,0.000000000,0.000000000
point-0008784,16396.149986825,277.702932458,204.639776445,303.500000000,0.000000000,0.000000000
point-0008785,16396.867416930,277.047387826,205.639776445,303.500000000,0.000000000,0.000000000
point-0008786,16399.306679287,281.112825087,205.639776445,303.500000000,0.000000000,0.000000000
point-0008787,16400.024109392,280.457280455,206.639776445,303.500000000,0.000000000,0.000000000
point-0008788,16402.463371749,276.391843193,206.639776445,303.500000000,0.000000000,0.000000000
point-0008789,16403.180801854,275.736298560,207.639776445,303.500000000,0.000000000,0.000000000
point-0008790,16405.620064211,279.801735822,207.639776445,303.500000000,0.000000000,0.000000000
point-0008791,16406.337494316,279.146191189,208.639776445,303.500000000,0.000000000,0.000000000
point-0008792,16408.776756673,275.080753927,208.639776445,303.500000000,0.000000000,0.000000000
point-0008793,16409.494186778,274.425209295,209.639776445,303.500000000,0.000000000,0.000000000
point-0008794,16411.933449135,278.490646556,209.639776445,303.500000000,0.000000000,0.000000000
point-0008795,16412.650879240,277.835101924,210.639776445,303.500000000,0.000000000,0.000000000
point-0008796,16415.090141597,273.769664662,210.639776445,303.500000000,0.000000000,0.000000000
point-0008797,16415.807571702,273.114120029,211.639776445,303.500000000,0.000000000,0.000000000
point-0008798,16418.246834059,277.179557291,211.639776445,303.500000000,0.000000000,0.000000000
point-0008799,16418.964264164,276.524012658,212.639776445,303.500000000,0.000000000,0.000000000
point-0008800,16421.403526521,272.458575397,212.639776445,303.500000000,0.000000000,0.000000000
point-0008801,16422.120956626,271.803030764,213.639776445,303.500000000,0.000000000,0.000000000
point-0008802,16424.560218983,275.868468026,213.639776445,303.500000000,0.000000000,0.000000000
point-0008803,16425.277649088,275.212923393,214.639776445,303.500000000,0.000000000,0.000000000
point-0008804,16427.716911445,271.147486131,214.639776445,303.500000000,0.000000000,0.000000000
point-0008805,16428.434341550,270.491941499,215.639776445,303.500000000,0.000000000,0.000000000
point-0008806,16430.873603907,274.557378760,215.639776445,303.500000000,0.000000000,0.000000000
point-0008807,16431.591034012,273.901834128,216.639776445,303.500000000,0.000000000,0.000000000
point-0008808,16434.030296369,269.836396866,216.639776445,303.500000000,0.000000000,0.000000000
point-0008809,16434.747726474,269.180852233,217.639776445,303.500000000,0.000000000,0.000000000
point-0008810,16437.186988831,273.246289495,217.639776445,303.500000000,0.000000000,0.000000000
point-0008811,16437.904418936,272.590744862,218.639776445,303.500000000,0.000000000,0.000000000
point-0008812,16440.343681293,268.525307601,218.639776445,303.500000000,0.000000000,0.000000000
point-0008813,16441.061111398,267.869762968,219.639776445,303.500000000,0.000000000,0.000000000
point-0008814,16443.500373755,271.935200230,219.639776445,303.500000000,0.000000000,0.000000000
point-0008815,16444.217803860,271.279655597,220.639776445,303.500000000,0.000000000,0.000000000
point-0008816,16446.657066217,267.214218335,220.639776445,303.500000000,0.000000000,0.000000000
point-0008817,16447.374496322,266.558673702,221.639776445,303.500000000,0.000000000,0.000000000
point-0008818,16449.813758679,270.624110964,221.639776445,303.500000000,0.000000000,0.000000000
point-0008819,16450.531188784,269.968566331,222.639776445,303.500000000,0.000000000,0.000000000
point-0008820,16452.970451141,265.903129070,222.639776445,303.500000000,0.000000000,0.000000000
point-0008821,16453.687881246,265.247584437,223.639776445,303.500000000,0.000000000,0.000000000
point-0008822,16456.127143603,269.313021699,223.639776445,303.500000000,0.000000000,0.000000000
point-0008823,16456.844573708,268.657477066,224.639776445,303.500000000,0.000000000,0.000000000
point-0008824,16459.283836065,264.592039804,224.639776445,303.500000000,0.000000000,0.000000000
point-0008825,16460.001266170,263.936495172,225.639776445,303.500000000,0.000000000,0.000000000
point-0008826,16462.440528527,268.001932433,225.639776445,303.500000000,0.000000000,0.000000000
point-0008827,16463.157958632,267.346387801,226.639776445,303.500000000,0.000000000,0.000000000
point-0008828,16465.597220989,263.280950539,226.639776445,303.500000000,0.000000000,0.000000000
point-0008829,16466.314651094,262.625405906,227.639776445,303.500000000,0.000000000,0.000000000
point-0008830,16468.753913451,266.690843168,227.639776445,303.500000000,0.000000000,0.000000000
point-0008831,16469.471343556,266.035298535,228.639776445,303.500000000,0.000000000,0.000000000
point-0008832,16471.910605913,261.969861274,228.639776445,303.500000000,0.000000000,0.000000000
point-0008833,16472.628036018,261.314316641,229.639776445,303.500000000,0.000000000,0.000000000
point-0008834,16475.067298375,265.379753903,229.639776445,303.500000000,0.000000000,0.000000000
point-0008835,16475.784728480,264.724209270,230.639776445,303.500000000,0.000000000,0.000000000
point-0008836,16478.223990837,260.658772008,230.639776445,303.500000000,0.000000000,0.000000000
point-0008837,16478.941420942,260.003227376,231.639776445,303.500000000,0.000000000,0.000000000
point-0008838,16481.380683299,264.068664637,231.639776445,303.500000000,0.000000000,0.000000000
point-0008839,16482.098113404,263.413120005,232.639776445,303.500000000,0.000000000,0.000000000
point-0008840,16484.537375761,259.347682743,232.639776445,303.500000000,0.000000000,0.000000000
point-0008841,16485.254805866,258.692138110,233.639776445,303.500000000,0.000000000,0.000000000
point-0008842,16487.694068223,262.757575372,233.639776445,303.500000000,0.000000000,0.000000000
point-0008843,16488.411498328,262.102030739,234.639776445,303.500000000,0.000000000,0.000000000
point-0008844,16490.850760685,258.036593477,234.639776445,303.500000000,0.000000000,0.000000000
point-0008845,16491.568190790,257.381048845,235.639776445,303.500000000,0.000000000,0.000000000
point-0008846,16494.007453147,261.446486106,235.639776445,303.500000000,0.000000000,0.000000000
point-0008847,16494.724883252,260.790941474,236.639776445,303.500000000,0.000000000,0.000000000
point-0008848,16497.164145609,256.725504212,236.639776445,303.500000000,0.000000000,0.000000000
point-0008849,16497.881575714,256.069959579,237.639776445,303.500000000,0.000000000,0.000000000
point-0008850,16500.320838071,260.135396841,237.639776445,303.500000000,0.000000000,0.000000000
point-0008851,16501.038268176,259.479852208,238.639776445,303.500000000,0.000000000,0.000000000
point-0008852,16503.477530533,255.414414947,238.639776445,303.500000000,0.000000000,0.000000000
point-0008853,16504.194960638,254.758870314,239.639776445,303.500000000,0.000000000,0.000000000
point-0008854,16506.634222995,258.824307576,239.639776445,303.500000000,0.000000000,0.000000000
point-0008855,16507.351653100,258.168762943,240.639776445,303.500000000,0.000000000,0.000000000
point-0008856,16509.547685531,254.508708892,240.639776445,303.500000000,0.000000000,0.000000000
point-0008857,16510.642088671,256.034158038,241.639776445,303.500000000,0.000000000,0.000000000
point-0008858,16511.529524835,257.513218310,241.639776445,303.500000000,0.000000000,0.000000000
point-0008859,16540.398009746,280.980655622,199.639776445,304.000000000,0.000000000,0.000000000
point-0008860,16541.052307879,282.071152511,199.639776445,304.000000000,0.000000000,0.000000000
point-0008861,16542.146711020,283.596601657,200.639776445,304.000000000,0.000000000,0.000000000
point-0008862,16544.109605421,280.325110989,200.639776445,304.000000000,0.000000000,0.000000000
point-0008863,16544.827035526,279.669566356,201.639776445,304.000000000,0.000000000,0.000000000
point-0008864,16547.266297883,283.735003618,201.639776445,304.000000000,0.000000000,0.000000000
point-0008865,16547.983727988,283.079458985,202.639776445,304.000000000,0.000000000,0.000000000
point-0008866,16550.422990345,279.014021724,202.639776445,304.000000000,0.000000000,0.000000000
point-0008867,16551.140420450,278.358477091,203.639776445,304.000000000,0.000000000,0.000000000
point-0008868,16553.579682807,282.423914353,203.639776445,304.000000000,0.000000000,0.000000000
point-0008869,16554.297112912,281.768369720,204.639776445,304.000000000,0.000000000,0.000000000
point-0008870,16556.736375269,277.702932458,204.639776445,304.000000000,0.000000000,0.000000000
point-0008871,16557.453805374,277.047387826,205.639776445,304.000000000,0.000000000,0.000000000
point-0008872,16559.893067731,281.112825087,205.639776445,304.000000000,0.000000000,0.000000000
point-0008873,16560.610497836,280.457280455,206.639776445,304.000000000,0.000000000,0.000000000
point-0008874,16563.049760193,276.391843193,206.639776445,304.000000000,0.000000000,0.000000000
point-0008875,16563.767190298,275.736298560,207.639776445,304.000000000,0.000000000,0.000000000
point-0008876,16566.206452655,279.801735822,207.639776445,304.000000000,0.000000000,0.000000000
point-0008877,16566.923882760,279.146191189,208.639776445,304.000000000,0.000000000,0.000000000
point-0008878,16569.363145117,275.080753927,208.639776445,304.000000000,0.000000000,0.000000000
point-0008879,16570.080575222,274.425209295,209.639776445,304.000000000,0.000000000,0.000000000
point-0008880,16572.519837579,278.490646556,209.639776445,304.000000000,0.000000000,0.000000000
point-0008881,16573.237267684,277.835101924,210.639776445,304.000000000,0.000000000,0.000000000
point-0008882,16575.676530041,273.769664662,210.639776445,304.000000000,0.000000000,0.000000000
point-0008883,16576.393960146,273.114120029,211.639776445,304.000000000,0.000000000,0.000000000
point-0008884,16578.833222503,277.179557291,211.639776445,304.000000000,0.000000000,0.000000000
point-0008885,16579.550652608,276.524012658,212.639776445,304.000000000,0.000000000,0.000000000
point-0008886,16581.989914965,272.458575397,212.639776445,304.000000000,0.000000000,0.000000000
point-0008887,16582.707345070,271.803030764,213.639776445,304.000000000,0.000000000,0.000000000
point-0008888,16585.146607427,275.868468026,213.639776445,304.000000000,0.000000000,0.000000000
point-0008889,16585.864037532,275.212923393,214.639776445,304.000000000,0.000000000,0.000000000
point-0008890,16588.303299889,271.147486131,214.639776445,304.000000000,0.000000000,0.000000000
point-0008891,16589.020729994,270.491941499,215.639776445,304.000000000,0.000000000,0.000000000
point-0008892,16591.459992351,274.557378760,215.639776445,304.000000000,0.000000000,0.000000000
point-0008893,16592.177422456,273.901834128,216.639776445,304.000000000,0.000000000,0.000000000
point-0008894,16594.616684813,269.836396866,216.639776445,304.000000000,0.000000000,0.000000000
point-0008895,16595.334114918,269.180852233,217.639776445,304.000000000,0.000000000,0.000000000
point-0008896,16597.773377275,273.246289495,217.639776445,304.000000000,0.000000000,0.000000000
point-0008897,16598.490807380,272.590744862,218.639776445,304.000000000,0.000000000,0.000000000
point-0008898,16600.930069737,268.525307601,218.639776445,304.000000000,0.000000000,0.000000000
point-0008899,16601.647499842,267.869762968,219.639776445,304.000000000,0.000000000,0.000000000
point-0008900,16604.086762199,271.935200230,219.639776445,304.000000000,0.000000000,0.000000000
point-0008901,16604.804192304,271.279655597,220.639776445,304.000000000,0.000000000,0.000000000
point-0008902,16607.243454661,267.214218335,220.639776445,304.000000000,0.000000000,0.000000000
point-0008903,16607.960884766,266.558673702,221.639776445,304.000000000,0.000000000,0.000000000
point-0008904,16610.400147123,270.624110964,221.639776445,304.000000000,0.000000000,0.000000000
point-0008905,16611.117577228,269.968566331,222.639776445,304.000000000,0.000000000,0.000000000
point-0008906,16613.556839585,265.903129070,222.639776445,304.000000000,0.000000000,0.000000000
point-0008907,16614.274269690,265.247584437,223.639776445,304.000000000,0.000000000,0.000000000
point-0008908,16616.713532047,269.313021699,223.639776445,304.000000000,0.000000000,0.000000000
point-0008909,16617.430962152,268.657477066,224.639776445,304.000000000,0.000000000,0.000000000
point-0008910,16619.870224509,264.592039804,224.639776445,304.000000000,0.000000000,0.000000000
point-0008911,16620.587654614,263.936495172,225.639776445,304.000000000,0.000000000,0.000000000
point-0008912,16623.026916971,268.001932433,225.639776445,304.000000000,0.000000000,0.000000000
point-0008913,16623.744347076,267.346387801,226.639776445,304.000000000,0.000000000,0.000000000
point-0008914,16626.183609433,263.280950539,226.639776445,304.000000000,0.000000000,0.000000000
point-0008915,16626.901039538,262.625405906,227.639776445,304.000000000,0.000000000,0.000000000
point-0008916,16629.340301895,266.690843168,227.639776445,304.000000000,0.000000000,0.000000000
point-0008917,16630.057732000,266.035298535,228.639776445,304.000000000,0.000000000,0.000000000
point-0008918,16632.496994357,261.969861274,228.639776445,304.000000000,0.000000000,0.000000000
point-0008919,16633.214424462,261.314316641,229.639776445,304.000000000,0.000000000,0.000000000
point-0008920,16635.653686819,265.379753903,229.639776445,304.000000000,0.000000000,0.000000000
point-0008921,16636.371116924,264.724209270,230.639776445,304.000000000,0.000000000,0.000000000
point-0008922,16638.810379281,260.658772008,230.639776445,304.000000000,0.000000000,0.000000000
point-0008923,16639.527809386,260.003227376,231.639776445,304.000000000,0.000000000,0.000000000
point-0008924,16641.967071743,264.068664637,231.639776445,304.000000000,0.000000000,0.000000000
point-0008925,16642.684501848,263.413120005,232.639776445,304.000000000,0.000000000,0.000000000
point-0008926,16645.123764205,259.347682743,232.639776445,304.000000000,0.000000000,0.000000000
point-0008927,16645.841194310,258.692138110,233.639776445,304.000000000,0.000000000,0.000000000
point-0008928,16648.280456667,262.757575372,233.639776445,304.000000000,0.000000000,0.000000000
point-0008929,16648.997886772,262.102030739,234.639776445,304.000000000,0.000000000,0.000000000
point-0008930,16651.437149129,258.036593477,234.639776445,304.000000000,0.000000000,0.000000000
point-0008931,16652.154579234,257.381048845,235.639776445,304.000000000,0.000000000,0.000000000
point-0008932,16654.593841591,261.446486106,235.639776445,304.000000000,0.000000000,0.000000000
point-0008933,16655.311271696,260.790941474,236.639776445,304.000000000,0.000000000,0.000000000
point-0008934,16657.750534053,256.725504212,236.639776445,304.000000000,0.000000000,0.000000000
point-0008935,16658.467964158,256.069959579,237.639776445,304.000000000,0.000000000,0.000000000
point-0008936,16660.907226515,260.135396841,237.639776445,304.000000000,0.000000000,0.000000000
point-0008937,16661.624656620,259.479852208,238.639776445,304.000000000,0.000000000,0.000000000
point-0008938,16664.063918977,255.414414947,238.639776445,304.000000000,0.000000000,0.000000000
point-0008939,16664.781349082,254.758870314,239.639776445,304.000000000,0.000000000,0.000000000
point-0008940,16667.220611439,258.824307576,239.639776445,304.000000000,0.000000000,0.000000000
point-0008941,16667.938041544,258.168762943,240.639776445,304.000000000,0.000000000,0.000000000
point-0008942,16670.134073975,254.508708892,240.639776445,304.000000000,0.000000000,0.000000000
point-0008943,16671.228477116,256.034158038,241.639776445,304.000000000,0.000000000,0.000000000
point-0008944,16672.115913279,257.513218310,241.639776445,304.000000000,0.000000000,0.000000000
point-0008945,16700.984398190,280.980655622,199.639776445,304.500000000,0.000000000,0.000000000
point-0008946,16701.638696323,282.071152511,199.639776445,304.500000000,0.000000000,0.000000000
point-0008947,16702.733099464,283.596601657,200.639776445,304.500000000,0.000000000,0.000000000
point-0008948,16704.695993865,280.325110989,200.639776445,304.500000000,0.000000000,0.000000000
point-0008949,16705.413423970,279.669566356,201.639776445,304.500000000,0.000000000,0.000000000
point-0008950,16707.852686327,283.735003618,201.639776445,304.500000000,0.000000000,0.000000000
point-0008951,16708.570116432,283.079458985,202.639776445,304.500000000,0.000000000,0.000000000
point-0008952,16711.009378789,279.014021724,202.639776445,304.500000000,0.000000000,0.000000000
point-0008953,16711.726808894,278.358477091,203.639776445,304.500000000,0.000000000,0.000000000
point-0008954,16714.166071251,282.423914353,203.639776445,304.500000000,0.000000000,0.000000000
point-0008955,16714.883501356,281.768369720,204.639776445,304.500000000,0.000000000,0.000000000
point-0008956,16717.322763713,277.702932458,204.639776445,304.500000000,0.000000000,0.000000000
point-0008957,16718.040193818,277.047387826,205.639776445,304.500000000,0.000000000,0.000000000
point-0008958,16720.479456175,281.112825087,205.639776445,304.500000000,0.000000000,0.000000000
point-0008959,16721.196886280,280.457280455,206.639776445,304.500000000,0.000000000,0.000000000
point-0008960,16723.636148637,276.391843193,206.639776445,304.500000000,0.000000000,0.000000000
point-0008961,16724.353578742,275.736298560,207.639776445,304.500000000,0.000000000,0.000000000
point-0008962,16726.792841099,279.801735822,207.639776445,304.500000000,0.000000000,0.000000000
point-0008963,16727.510271204,279.146191189,208.639776445,304.500000000,0.000000000,0.000000000
point-0008964,16729.949533561,275.080753927,208.639776445,304.500000000,0.000000000,0.000000000
point-0008965,16730.666963666,274.425209295,209.639776445,304.500000000,0.000000000,0.000000000
point-0008966,16733.106226023,278.490646556,209.639776445,304.500000000,0.000000000,0.000000000
point-0008967,16733.823656128,277.835101924,210.639776445,304.500000000,0.000000000,0.000000000
point-0008968,16736.262918485,273.769664662,210.639776445,304.500000000,0.000000000,0.000000000
point-0008969,16736.980348590,273.114120029,211.639776445,304.500000000,0.000000000,0.000000000
point-0008970,16739.419610947,277.179557291,211.639776445,304.500000000,0.000000000,0.000000000
point-0008971,16740.137041052,276.524012658,212.639776445,304.500000000,0.000000000,0.000000000
point-0008972,16742.576303409,272.458575397,212.639776445,304.500000000,0.000000000,0.000000000
point-0008973,16743.293733514,271.803030764,213.639776445,304.500000000,0.000000000,0.000000000
point-0008974,16745.732995871,275.868468026,213.639776445,304.500000000,0.000000000,0.000000000
point-0008975,16746.450425976,275.212923393,214.639776445,304.500000000,0.000000000,0.000000000
point-0008976,16748.889688333,271.147486131,214.639776445,304.500000000,0.000000000,0.000000000
point-0008977,16749.607118438,270.491941499,215.639776445,304.500000000,0.000000000,0.000000000
point-0008978,16752.046380795,274.557378760,215.639776445,304.500000000,0.000000000,0.000000000
point-0008979,16752.763810900,273.901834128,216.639776445,304.500000000,0.000000000,0.000000000
point-0008980,16755.203073257,269.836396866,216.639776445,304.500000000,0.000000000,0.000000000
point-0008981,16755.920503362,269.180852233,217.639776445,304.500000000,0.000000000,0.000000000
point-0008982,16758.359765719,273.246289495,217.639776445,304.500000000,0.000000000,0.000000000
point-0008983,16759.077195824,272.590744862,218.639776445,304.500000000,0.000000000,0.000000000
point-0008984,16761.516458181,268.525307601,218.639776445,304.500000000,0.000000000,0.000000000
point-0008985,16762.233888286,267.869762968,219.639776445,304.500000000,0.000000000,0.000000000
point-0008986,16764.673150643,271.935200230,219.639776445,304.500000000,0.000000000,0.000000000
point-0008987,16765.390580748,271.279655597,220.639776445,304.500000000,0.000000000,0.000000000
point-0008988,16767.829843105,267.214218335,220.639776445,304.500000000,0.000000000,0.000000000
point-0008989,16768.547273210,266.558673702,221.639776445,304.500000000,0.000000000,0.000000000
point-0008990,16770.986535567,270.624110964,221.639776445,304.500000000,0.000000000,0.000000000
point-0008991,16771.703965672,269.968566331,222.639776445,304.500000000,0.000000000,0.000000000
point-0008992,16774.143228029,265.903129070,222.639776445,304.500000000,0.000000000,0.000000000
point-0008993,16774.860658134,265.247584437,223.639776445,304.500000000,0.000000000,0.000000000
point-0008994,16777.299920491,269.313021699,223.639776445,304.500000000,0.000000000,0.000000000
point-0008995,16778.017350596,268.657477066,224.639776445,304.500000000,0.000000000,0.000000000
point-0008996,16780.456612953,264.592039804,224.639776445,304.500000000,0.000000000,0.000000000
point-0008997,16781.174043058,263.936495172,225.639776445,304.500000000,0.000000000,0.000000000
point-0008998,16783.613305415,268.001932433,225.639776445,304.500000000,0.000000000,0.000000000
point-0008999,16784.330735520,267.346387801,226.639776445,304.500000000,0.000000000,0.000000000
point-0009000,16786.769997877,263.280950539,226.639776445,304.500000000,0.000000000,0.000000000
point-0009001,16787.487427982,262.625405906,227.639776445,304.500000000,0.000000000,0.000000000
point-0009002,16789.926690339,266.690843168,227.639776445,304.500000000,0.000000000,0.000000000
point-0009003,16790.644120444,266.035298535,228.639776445,304.500000000,0.000000000,0.000000000
point-0009004,16793.083382801,261.969861274,228.639776445,304.500000000,0.000000000,0.000000000
point-0009005,16793.800812906,261.314316641,229.639776445,304.500000000,0.000000000,0.000000000
point-0009006,16796.240075263,265.379753903,229.639776445,304.500000000,0.000000000,0.000000000
point-0009007,16796.957505368,264.724209270,230.639776445,304.500000000,0.000000000,0.000000000
point-0009008,16799.396767725,260.658772008,230.639776445,304.500000000,0.000000000,0.000000000
point-0009009,16800.114197830,260.003227376,231.639776445,304.500000000,0.000000000,0.000000000
point-0009010,16802.553460187,264.068664637,231.639776445,304.500000000,0.000000000,0.000000000
point-0009011,16803.270890292,263.413120005,232.639776445,304.500000000,0.000000000,0.000000000
point-0009012,16805.710152649,259.347682743,232.639776445,304.500000000,0.000000000,0.000000000
point-0009013,16806.427582754,258.692138110,233.639776445,304.500000000,0.000000000,0.000000000
point-0009014,16808.866845111,262.757575372,233.639776445,304.500000000,0.000000000,0.000000000
point-0009015,16809.584275216,262.102030739,234.639776445,304.500000000,0.000000000,0.000000000
point-0009016,16812.023537573,258.036593477,234.639776445,304.500000000,0.000000000,0.000000000
point-0009017,16812.740967678,257.381048845,235.639776445,304.500000000,0.000000000,0.000000000
point-0009018,16815.180230035,261.446486106,235.639776445,304.500000000,0.000000000,0.000000000
point-0009019,16815.897660140,260.790941474,236.639776445,304.500000000,0.000000000,0.000000000
point-0009020,16818.336922497,256.725504212,236.639776445,304.500000000,0.000000000,0.000000000
point-0009021,16819.054352602,256.069959579,237.639776445,304.500000000,0.000000000,0.000000000
point-0009022,16821.493614959,260.135396841,237.639776445,304.500000000,0.000000000,0.000000000
point-0009023,16822.211045064,259.479852208,238.639776445,304.500000000,0.000000000,0.000000000
point-0009024,16824.650307421,255.414414947,238.639776445,304.500000000,0.000000000,0.000000000
point-0009025,16825.367737526,254.758870314,239.639776445,304.500000000,0.000000000,0.000000000
point-0009026,16827.806999883,258.824307576,239.639776445,304.500000000,0.000000000,0.000000000
point-0009027,16828.524429988,258.168762943,240.639776445,304.500000000,0.000000000,0.000000000
point-0009028,16830.720462419,254.508708892,240.639776445,304.500000000,0.000000000,0.000000000
point-0009029,16831.814865560,256.034158038,241.639776445,304.500000000,0.000000000,0.000000000
point-0009030,16832.702301723,257.513218310,241.639776445,304.500000000,0.000000000,0.000000000
point-0009031,16861.570786634,280.980655622,199.639776445,305.000000000,0.000000000,0.000000000
point-0009032,16862.225084767,282.071152511,199.639776445,305.000000000,0.000000000,0.000000000
point-0009033,16863.319487908,283.596601657,200.639776445,305.000000000,0.000000000,0.000000000
point-0009034,16865.282382309,280.325110989,200.639776445,305.000000000,0.000000000,0.000000000
point-0009035,16865.999812414,279.669566356,201.639776445,305.000000000,0.000000000,0.000000000
point-0009036,16868.439074771,283.735003618,201.639776445,305.000000000,0.000000000,0.000000000
point-0009037,16869.156504876,283.079458985,202.639776445,305.000000000,0.000000000,0.000000000
point-0009038,16871.595767233,279.014021724,202.639776445,305.000000000,0.000000000,0.000000000
point-0009039,16872.313197338,278.358477091,203.639776445,305.000000000,0.000000000,0.000000000
point-0009040,16874.752459695,282.423914353,203.639776445,305.000000000,0.000000000,0.000000000
point-0009041,16875.469889800,281.768369720,204.639776445,305.000000000,0.000000000,0.000000000
point-0009042,16877.909152157,277.702932458,204.639776445,305.000000000,0.000000000,0.000000000
point-0009043,16878.626582262,277.047387826,205.639776445,305.000000000,0.000000000,0.000000000
point-0009044,16881.065844619,281.112825087,205.639776445,305.000000000,0.000000000,0.000000000
point-0009045,16881.783274724,280.457280455,206.639776445,305.000000000,0.000000000,0.000000000
point-0009046,16884.222537081,276.391843193,206.639776445,305.000000000,0.000000000,0.000000000
point-0009047,16884.939967186,275.736298560,207.639776445,305.000000000,0.000000000,0.000000000
point-0009048,16887.379229543,279.801735822,207.639776445,305.000000000,0.000000000,0.000000000
point-0009049,16888.096659648,279.146191189,208.639776445,305.000000000,0.000000000,0.000000000
point-0009050,16890.535922005,275.080753927,208.639776445,305.000000000,0.000000000,0.000000000
point-0009051,16891.253352110,274.425209295,209.639776445,305.000000000,0.000000000,0.000000000
point-0009052,16893.692614467,278.490646556,209.639776445,305.000000000,0.000000000,0.000000000
point-0009053,16894.410044572,277.835101924,210.639776445,305.000000000,0.000000000,0.000000000
point-0009054,16896.849306929,273.769664662,210.639776445,305.000000000,0.000000000,0.000000000
point-0009055,16897.566737034,273.114120029,211.639776445,305.000000000,0.000000000,0.000000000
point-0009056,16900.005999391,277.179557291,211.639776445,305.000000000,0.000000000,0.000000000
point-0009057,16900.723429496,276.524012658,212.639776445,305.000000000,0.000000000,0.000000000
point-0009058,16903.162691853,272.458575397,212.639776445,305.000000000,0.000000000,0.000000000
point-0009059,16903.880121958,271.803030764,213.639776445,305.000000000,0.000000000,0.000000000
point-0009060,16906.319384315,275.868468026,213.639776445,305.000000000,0.000000000,0.000000000
point-0009061,16907.036814420,275.212923393,214.639776445,305.000000000,0.000000000,0.000000000
point-0009062,16909.476076777,271.147486131,214.639776445,305.000000000,0.000000000,0.000000000
point-0009063,16910.193506882,270.491941499,215.639776445,305.000000000,0.000000000,0.000000000
point-0009064,16912.632769239,274.557378760,215.639776445,305.000000000,0.000000000,0.000000000
point-0009065,16913.350199344,273.901834128,216.639776445,305.000000000,0.000000000,0.000000000
point-0009066,16915.789461701,269.836396866,216.639776445,305.000000000,0.000000000,0.000000000
point-0009067,16916.506891806,269.180852233,217.639776445,305.000000000,0.000000000,0.000000000
point-0009068,16918.946154163,273.246289495,217.639776445,305.000000000,0.000000000,0.000000000
point-0009069,16919.663584268,272.590744862,218.639776445,305.000000000,0.000000000,0.000000000
point-0009070,16922.102846625,268.525307601,218.639776445,305.000000000,0.000000000,0.000000000
point-0009071,16922.820276730,267.869762968,219.639776445,305.000000000,0.000000000,0.000000000
point-0009072,16925.259539087,271.935200230,219.639776445,305.000000000,0.000000000,0.000000000
point-0009073,16925.976969192,271.279655597,220.639776445,305.000000000,0.000000000,0.000000000
point-0009074,16928.416231549,267.214218335,220.639776445,305.000000000,0.000000000,0.000000000
point-0009075,16929.133661654,266.558673702,221.639776445,305.000000000,0.000000000,0.000000000
point-0009076,16931.572924011,270.624110964,221.639776445,305.000000000,0.000000000,0.000000000
point-0009077,16932.290354116,269.968566331,222.639776445,305.000000000,0.000000000,0.000000000
point-0009078,16934.729616473,265.903129070,222.639776445,305.000000000,0.000000000,0.000000000
point-0009079,16935.447046578,265.247584437,223.639776445,305.000000000,0.000000000,0.000000000
point-0009080,16937.886308935,269.313021699,223.639776445,305.000000000,0.000000000,0.000000000
point-0009081,16938.603739040,268.657477066,224.639776445,305.000000000,0.000000000,0.000000000
point-0009082,16941.043001397,264.592039804,224.639776445,305.000000000,0.000000000,0.000000000
point-0009083,16941.760431502,263.936495172,225.639776445,305.000000000,0.000000000,0.000000000
point-0009084,16944.199693859,268.001932433,225.639776445,305.000000000,0.000000000,0.000000000
point-0009085,16944.917123964,267.346387801,226.639776445,305.000000000,0.000000000,0.000000000
point-0009086,16947.356386321,263.280950539,226.639776445,305.000000000,0.000000000,0.000000000
point-0009087,16948.073816426,262.625405906,227.639776445,305.000000000,0.000000000,0.000000000
point-0009088,16950.513078783,266.690843168,227.639776445,305.000000000,0.000000000,0.000000000
point-0009089,16951.230508888,266.035298535,228.639776445,305.000000000,0.000000000,0.000000000
point-0009090,16953.669771245,261.969861274,228.639776445,305.000000000,0.000000000,0.000000000
point-0009091,16954.387201350,261.314316641,229.639776445,305.000000000,0.000000000,0.000000000
point-0009092,16956.826463707,265.379753903,229.639776445,305.000000000,0.000000000,0.000000000
point-0009093,16957.543893812,264.724209270,230.639776445,305.000000000,0.000000000,0.000000000
point-0009094,16959.983156169,260.658772008,230.639776445,305.000000000,0.000000000,0.000000000
point-0009095,16960.700586274,260.003227376,231.639776445,305.000000000,0.000000000,0.000000000
point-0009096,16963.139848631,264.068664637,231.639776445,305.000000000,0.000000000,0.000000000
point-0009097,16963.857278736,263.413120005,232.639776445,305.000000000,0.000000000,0.000000000
point-0009098,16966.296541093,259.347682743,232.639776445,305.000000000,0.000000000,0.000000000
point-0009099,16967.013971198,258.692138110,233.639776445,305.000000000,0.000000000,0.000000000
point-0009100,16969.453233555,262.757575372,233.639776445,305.000000000,0.000000000,0.000000000
point-0009101,16970.170663660,262.102030739,234.639776445,305.000000000,0.000000000,0.000000000
point-0009102,16972.609926017,258.036593477,234.639776445,305.000000000,0.000000000,0.000000000
point-0009103,16973.327356122,257.381048845,235.639776445,305.000000000,0.000000000,0.000000000
point-0009104,16975.766618479,261.446486106,235.639776445,305.000000000,0.000000000,0.000000000
point-0009105,16976.484048584,260.790941474,236.639776445,305.000000000,0.000000000,0.000000000
point-0009106,16978.923310941,256.725504212,236.639776445,305.000000000,0.000000000,0.000000000
point-0009107,16979.640741046,256.069959579,237.639776445,305.000000000,0.000000000,0.000000000
point-0009108,16982.080003403,260.135396841,237.639776445,305.000000000,0.000000000,0.000000000
point-0009109,16982.797433508,259.479852208,238.639776445,305.000000000,0.000000000,0.000000000
point-0009110,16985.236695865,255.414414947,238.639776445,305.000000000,0.000000000,0.000000000
point-0009111,16985.954125970,254.758870314,239.639776445,305.000000000,0.000000000,0.000000000
point-0009112,16988.393388327,258.824307576,239.639776445,305.000000000,0.000000000,0.000000000
point-0009113,16989.110818432,258.168762943,240.639776445,305.000000000,0.000000000,0.000000000
point-0009114,16991.306850863,254.508708892,240.639776445,305.000000000,0.000000000,0.000000000
point-0009115,16992.401254004,256.034158038,241.639776445,305.000000000,0.000000000,0.000000000
point-0009116,16993.288690167,257.513218310,241.639776445,305.000000000,0.000000000,0.000000000
point-0009117,17022.157175078,280.980655622,199.639776445,305.500000000,0.000000000,0.000000000
point-0009118,17022.811473211,282.071152511,199.639776445,305.500000000,0.000000000,0.000000000
point-0009119,17023.905876352,283.596601657,200.639776445,305.500000000,0.000000000,0.000000000
point-0009120,17025.868770753,280.325110989,200.639776445,305.500000000,0.000000000,0.000000000
point-0009121,17026.586200858,279.669566356,201.639776445,305.500000000,0.000000000,0.000000000
point-0009122,17029.025463215,283.735003618,201.639776445,305.500000000,0.000000000,0.000000000
point-0009123,17029.742893320,283.079458985,202.639776445,305.500000000,0.000000000,0.000000000
point-0009124,17032.182155677,279.014021724,202.639776445,305.500000000,0.000000000,0.000000000
point-0009125,17032.899585782,278.358477091,203.639776445,305.500000000,0.000000000,0.000000000
point-0009126,17035.338848139,282.423914353,203.639776445,305.500000000,0.000000000,0.000000000
point-0009127,17036.056278244,281.768369720,204.639776445,305.500000000,0.000000000,0.000000000
point-0009128,17038.495540601,277.702932458,204.639776445,305.500000000,0.000000000,0.000000000
point-0009129,17039.212970706,277.047387826,205.639776445,305.500000000,0.000000000,0.000000000
point-0009130,17041.652233063,281.112825087,205.639776445,305.500000000,0.000000000,0.000000000
point-0009131,17042.369663168,280.457280455,206.639776445,305.500000000,0.000000000,0.000000000
point-0009132,17044.808925525,276.391843193,206.639776445,305.500000000,0.000000000,0.000000000
point-0009133,17045.526355630,275.736298560,207.639776445,305.500000000,0.000000000,0.000000000
point-0009134,17047.965617987,279.801735822,207.639776445,305.500000000,0.000000000,0.000000000
point-0009135,17048.683048092,279.146191189,208.639776445,305.500000000,0.000000000,0.000000000
point-0009136,17051.122310449,275.080753927,208.639776445,305.500000000,0.000000000,0.000000000
point-0009137,17051.839740554,274.425209295,209.639776445,305.500000000,0.000000000,0.000000000
point-0009138,17054.279002911,278.490646556,209.639776445,305.500000000,0.000000000,0.000000000
point-0009139,17054.996433016,277.835101924,210.639776445,305.500000000,0.000000000,0.000000000
point-0009140,17057.435695373,273.769664662,210.639776445,305.500000000,0.000000000,0.000000000
point-0009141,17058.153125478,273.114120029,211.639776445,305.500000000,0.000000000,0.000000000
point-0009142,17060.592387835,277.179557291,211.639776445,305.500000000,0.000000000,0.000000000
point-0009143,17061.309817940,276.524012658,212.639776445,305.500000000,0.000000000,0.000000000
point-0009144,17063.749080297,272.458575397,212.639776445,305.500000000,0.000000000,0.000000000
point-0009145,17064.466510402,271.803030764,213.639776445,305.500000000,0.000000000,0.000000000
point-0009146,17066.905772759,275.868468026,213.639776445,305.500000000,0.000000000,0.000000000
point-0009147,17067.623202864,275.212923393,214.639776445,305.500000000,0.000000000,0.000000000
point-0009148,17070.062465221,271.147486131,214.639776445,305.500000000,0.000000000,0.000000000
point-0009149,17070.779895326,270.491941499,215.639776445,305.500000000,0.000000000,0.000000000
point-0009150,17073.219157683,274.557378760,215.639776445,305.500000000,0.000000000,0.000000000
point-0009151,17073.936587788,273.901834128,216.639776445,305.500000000,0.000000000,0.000000000
point-0009152,17076.375850145,269.836396866,216.639776445,305.500000000,0.000000000,0.000000000
point-0009153,17077.093280250,269.180852233,217.639776445,305.500000000,0.000000000,0.000000000
point-0009154,17079.532542607,273.246289495,217.639776445,305.500000000,0.000000000,0.000000000
point-0009155,17080.249972712,272.590744862,218.639776445,305.500000000,0.000000000,0.000000000
point-0009156,17082.689235069,268.525307601,218.639776445,305.500000000,0.000000000,0.000000000
point-0009157,17083.406665174,267.869762968,219.639776445,305.500000000,0.000000000,0.000000000
point-0009158,17085.845927531,271.935200230,219.639776445,305.500000000,0.000000000,0.000000000
point-0009159,17086.563357636,271.279655597,220.639776445,305.500000000,0.000000000,0.000000000
point-0009160,17089.002619993,267.214218335,220.639776445,305.500000000,0.000000000,0.000000000
point-0009161,17089.720050098,266.558673702,221.639776445,305.500000000,0.000000000,0.000000000
point-0009162,17092.159312455,270.624110964,221.639776445,305.500000000,0.000000000,0.000000000
point-0009163,17092.876742560,269.968566331,222.639776445,305.500000000,0.000000000,0.000000000
point-0009164,17095.316004917,265.903129070,222.639776445,305.500000000,0.000000000,0.000000000
point-0009165,17096.033435022,265.247584437,223.639776445,305.500000000,0.000000000,0.000000000
point-0009166,17098.472697379,269.313021699,223.639776445,305.500000000,0.000000000,0.000000000
point-0009167,17099.190127484,268.657477066,224.639776445,305.500000000,0.000000000,0.000000000
point-0009168,17101.629389841,264.592039804,224.639776445,305.500000000,0.000000000,0.000000000
point-0009169,17102.346819946,263.936495172,225.639776445,305.500000000,0.000000000,0.000000000
point-0009170,17104.786082303,268.001932433,225.639776445,305.500000000,0.000000000,0.000000000
point-0009171,17105.503512408,267.346387801,226.639776445,305.500000000,0.000000000,0.000000000
point-0009172,17107.942774765,263.280950539,226.639776445,305.500000000,0.000000000,0.000000000
point-0009173,17108.660204870,262.625405906,227.639776445,305.500000000,0.000000000,0.000000000
point-0009174,17111.099467227,266.690843168,227.639776445,305.500000000,0.000000000,0.000000000
point-0009175,17111.816897332,266.035298535,228.639776445,305.500000000,0.000000000,0.000000000
point-0009176,17114.256159689,261.969861274,228.639776445,305.500000000,0.000000000,0.000000000
point-0009177,17114.973589794,261.314316641,229.639776445,305.500000000,0.000000000,0.000000000
point-0009178,17117.412852151,265.379753903,229.639776445,305.500000000,0.000000000,0.000000000
point-0009179,17118.130282256,264.724209270,230.639776445,305.500000000,0.000000000,0.000000000
point-0009180,17120.569544613,260.658772008,230.639776445,305.500000000,0.000000000,0.000000000
point-0009181,17121.286974718,260.003227376,231.639776445,305.500000000,0.000000000,0.000000000
point-0009182,17123.726237075,264.068664637,231.639776445,305.500000000,0.000000000,0.000000000
point-0009183,17124.443667180,263.413120005,232.639776445,305.500000000,0.000000000,0.000000000
point-0009184,17126.882929537,259.347682743,232.639776445,305.500000000,0.000000000,0.000000000
point-0009185,17127.600359642,258.692138110,233.639776445,305.500000000,0.000000000,0.000000000
point-0009186,17130.039621999,262.757575372,233.639776445,305.500000000,0.000000000,0.000000000
point-0009187,17130.757052104,262.102030739,234.639776445,305.500000000,0.000000000,0.000000000
point-0009188,17133.196314461,258.036593477,234.639776445,305.500000000,0.000000000,0.000000000
point-0009189,17133.913744566,257.381048845,235.639776445,305.500000000,0.000000000,0.000000000
point-0009190,17136.353006923,261.446486106,235.639776445,305.500000000,0.000000000,0.000000000
point-0009191,17137.070437028,260.790941474,236.639776445,305.500000000,0.000000000,0.000000000
point-0009192,17139.509699385,256.725504212,236.639776445,305.500000000,0.000000000,0.000000000
point-0009193,17140.227129490,256.069959579,237.639776445,305.500000000,0.000000000,0.000000000
point-0009194,17142.666391847,260.135396841,237.639776445,305.500000000,0.000000000,0.000000000
point-0009195,17143.383821952,259.479852208,238.639776445,305.500000000,0.000000000,0.000000000
point-0009196,17145.823084309,255.414414947,238.639776445,305.500000000,0.000000000,0.000000000
point-0009197,17146.540514414,254.758870314,239.639776445,305.500000000,0.000000000,0.000000000
point-0009198,17148.979776771,258.824307576,239.639776445,305.500000000,0.000000000,0.000000000
point-0009199,17149.697206876,258.168762943,240.639776445,305.500000000,0.000000000,0.000000000
point-0009200,17151.893239307,254.508708892,240.639776445,305.500000000,0.000000000,0.000000000
point-0009201,17152.987642448,256.034158038,241.639776445,305.500000000,0.000000000,0.000000000
point-0009202,17153.875078611,257.513218310,241.639776445,305.500000000,0.000000000,0.000000000
point-0009203,17182.743563522,280.980655622,199.639776445,306.000000000,0.000000000,0.000000000
point-0009204,17183.397861655,282.071152511,199.639776445,306.000000000,0.000000000,0.000000000
point-0009205,17184.492264796,283.596601657,200.639776445,306.000000000,0.000000000,0.000000000
point-0009206,17186.455159197,280.325110989,200.639776445,306.000000000,0.000000000,0.000000000
point-0009207,17187.172589302,279.669566356,201.639776445,306.000000000,0.000000000,0.000000000
point-0009208,17189.611851659,283.735003618,201.639776445,306.000000000,0.000000000,0.000000000
point-0009209,17190.329281764,283.079458985,202.639776445,306.000000000,0.000000000,0.000000000
point-0009210,17192.768544121,279.014021724,202.639776445,306.000000000,0.000000000,0.000000000
point-0009211,17193.485974226,278.358477091,203.639776445,306.000000000,0.000000000,0.000000000
point-0009212,17195.925236583,282.423914353,203.639776445,306.000000000,0.000000000,0.000000000
point-0009213,17196.642666688,281.768369720,204.639776445,306.000000000,0.000000000,0.000000000
point-0009214,17199.081929045,277.702932458,204.639776445,306.000000000,0.000000000,0.000000000
point-0009215,17199.799359150,277.047387826,205.639776445,306.000000000,0.000000000,0.000000000
point-0009216,17202.238621507,281.112825087,205.639776445,306.000000000,0.000000000,0.000000000
point-0009217,17202.956051612,280.457280455,206.639776445,306.000000000,0.000000000,0.000000000
point-0009218,17205.395313969,276.391843193,206.639776445,306.000000000,0.000000000,0.000000000
point-0009219,17206.112744074,275.736298560,207.639776445,306.000000000,0.000000000,0.000000000
point-0009220,17208.552006431,279.801735822,207.639776445,306.000000000,0.000000000,0.000000000
point-0009221,17209.269436536,279.146191189,208.639776445,306.000000000,0.000000000,0.000000000
point-0009222,17211.708698893,275.080753927,208.639776445,306.000000000,0.000000000,0.000000000
point-0009223,17212.426128998,274.425209295,209.639776445,306.000000000,0.000000000,0.000000000
point-0009224,17214.865391355,278.490646556,209.639776445,306.000000000,0.000000000,0.000000000
point-0009225,17215.582821460,277.835101924,210.639776445,306.000000000,0.000000000,0.000000000
point-0009226,17218.022083817,273.769664662,210.639776445,306.000000000,0.000000000,0.000000000
point-0009227,17218.739513922,273.114120029,211.639776445,306.000000000,0.000000000,0.000000000
point-0009228,17221.178776279,277.179557291,211.639776445,306.000000000,0.000000000,0.000000000
point-0009229,17221.896206384,276.524012658,212.639776445,306.000000000,0.000000000,0.000000000
point-0009230,17224.335468741,272.458575397,212.639776445,306.000000000,0.000000000,0.000000000
point-0009231,17225.052898846,271.803030764,213.639776445,306.000000000,0.000000000,0.000000000
point-0009232,17227.492161203,275.868468026,213.639776445,306.000000000,0.000000000,0.000000000
point-0009233,17228.209591308,275.212923393,214.639776445,306.000000000,0.000000000,0.000000000
point-0009234,17230.648853665,271.147486131,214.639776445,306.000000000,0.000000000,0.000000000
point-0009235,17231.366283770,270.491941499,215.639776445,306.000000000,0.000000000,0.000000000
point-0009236,17233.805546127,274.557378760,215.639776445,306.000000000,0.000000000,0.000000000
point-0009237,17234.522976232,273.901834128,216.639776445,306.000000000,0.000000000,0.000000000
point-0009238,17236.962238589,269.836396866,216.639776445,306.000000000,0.000000000,0.000000000
point-0009239,17237.679668694,269.180852233,217.639776445,306.000000000,0.000000000,0.000000000
point-0009240,17240.118931051,273.246289495,217.639776445,306.000000000,0.000000000,0.000000000
point-0009241,17240.836361156,272.590744862,218.639776445,306.000000000,0.000000000,0.000000000
point-0009242,17243.275623513,268.525307601,218.639776445,306.000000000,0.000000000,0.000000000
point-0009243,17243.993053618,267.869762968,219.639776445,306.000000000,0.000000000,0.000000000
point-0009244,17246.432315975,271.935200230,219.639776445,306.000000000,0.000000000,0.000000000
point-0009245,17247.149746080,271.279655597,220.639776445,306.000000000,0.000000000,0.000000000
point-0009246,17249.589008437,267.214218335,220.639776445,306.000000000,0.000000000,0.000000000
point-0009247,17250.306438542,266.558673702,221.639776445,306.000000000,0.000000000,0.000000000
point-0009248,17252.745700899,270.624110964,221.639776445,306.000000000,0.000000000,0.000000000
point-0009249,17253.463131004,269.968566331,222.639776445,306.000000000,0.000000000,0.000000000
point-0009250,17255.902393361,265.903129070,222.639776445,306.000000000,0.000000000,0.000000000
point-0009251,17256.619823466,265.247584437,223.639776445,306.000000000,0.000000000,0.000000000
point-0009252,17259.059085823,269.313021699,223.639776445,306.000000000,0.000000000,0.000000000
point-0009253,17259.776515928,268.657477066,224.639776445,306.000000000,0.000000000,0.000000000
point-0009254,17262.215778285,264.592039804,224.639776445,306.000000000,0.000000000,0.000000000
point-0009255,17262.933208390,263.936495172,225.639776445,306.000000000,0.000000000,0.000000000
point-0009256,17265.372470747,268.001932433,225.639776445,306.000000000,0.000000000,0.000000000
point-0009257,17266.089900852,267.346387801,226.639776445,306.000000000,0.000000000,0.000000000
point-0009258,17268.529163209,263.280950539,226.639776445,306.000000000,0.000000000,0.000000000
point-0009259,17269.246593314,262.625405906,227.639776445,306.000000000,0.000000000,0.000000000
point-0009260,17271.685855671,266.690843168,227.639776445,306.000000000,0.000000000,0.000000000
point-0009261,17272.403285776,266.035298535,228.639776445,306.000000000,0.000000000,0.000000000
point-0009262,17274.842548133,261.969861274,228.639776445,306.000000000,0.000000000,0.000000000
point-0009263,17275.559978238,261.314316641,229.639776445,306.000000000,0.000000000,0.000000000
point-0009264,17277.999240595,265.379753903,229.639776445,306.000000000,0.000000000,0.000000000
point-0009265,17278.716670700,264.724209270,230.639776445,306.000000000,0.000000000,0.000000000
point-0009266,17281.155933057,260.658772008,230.639776445,306.000000000,0.000000000,0.000000000
point-0009267,17281.873363162,260.003227376,231.639776445,306.000000000,0.000000000,0.000000000
point-0009268,17284.312625519,264.068664637,231.639776445,306.000000000,0.000000000,0.000000000
point-0009269,17285.030055624,263.413120005,232.639776445,306.000000000,0.000000000,0.000000000
point-0009270,17287.469317981,259.347682743,232.639776445,306.000000000,0.000000000,0.000000000
point-0009271,17288.186748086,258.692138110,233.639776445,306.000000000,0.000000000,0.000000000
point-0009272,17290.626010443,262.757575372,233.639776445,306.000000000,0.000000000,0.000000000
point-0009273,17291.343440548,262.102030739,234.639776445,306.000000000,0.000000000,0.000000000
point-0009274,17293.782702905,258.036593477,234.639776445,306.000000000,0.000000000,0.000000000
point-0009275,17294.500133010,257.381048845,235.639776445,306.000000000,0.000000000,0.000000000
point-0009276,17296.939395367,261.446486106,235.639776445,306.000000000,0.000000000,0.000000000
point-0009277,17297.656825472,260.790941474,236.639776445,306.000000000,0.000000000,0.000000000
point-0009278,17300.096087829,256.725504212,236.639776445,306.000000000,0.000000000,0.000000000
point-0009279,17300.813517934,256.069959579,237.639776445,306.000000000,0.000000000,0.000000000
point-0009280,17303.252780291,260.135396841,237.639776445,306.000000000,0.000000000,0.000000000
point-0009281,17303.970210396,259.479852208,238.639776445,306.000000000,0.000000000,0.000000000
point-0009282,17306.409472753,255.414414947,238.639776445,306.000000000,0.000000000,0.000000000
point-0009283,17307.126902858,254.758870314,239.639776445,306.000000000,0.000000000,0.000000000
point-0009284,17309.566165215,258.824307576,239.639776445,306.000000000,0.000000000,0.000000000
point-0009285,17310.283595320,258.168762943,240.639776445,306.000000000,0.000000000,0.000000000
point-0009286,17312.479627751,254.508708892,240.639776445,306.000000000,0.000000000,0.000000000
point-0009287,17313.574030892,256.034158038,241.639776445,306.000000000,0.000000000,0.000000000
point-0009288,17314.461467055,257.513218310,241.639776445,306.000000000,0.000000000,0.000000000
point-0009289,17343.329951966,280.980655622,199.639776445,306.500000000,0.000000000,0.000000000
point-0009290,17343.984250099,282.071152511,199.639776445,306.500000000,0.000000000,0.000000000
point-0009291,17345.078653240,283.596601657,200.639776445,306.500000000,0.000000000,0.000000000
point-0009292,17347.041547641,280.325110989,200.639776445,306.500000000,0.000000000,0.000000000
point-0009293,17347.758977746,279.669566356,201.639776445,306.500000000,0.000000000,0.000000000
point-0009294,17350.198240103,283.735003618,201.639776445,306.500000000,0.000000000,0.000000000
point-0009295,17350.915670208,283.079458985,202.639776445,306.500000000,0.000000000,0.000000000
point-0009296,17353.354932565,279.014021724,202.639776445,306.500000000,0.000000000,0.000000000
point-0009297,17354.072362670,278.358477091,203.639776445,306.500000000,0.000000000,0.000000000
point-0009298,17356.511625027,282.423914353,203.639776445,306.500000000,0.000000000,0.000000000
point-0009299,17357.229055132,281.768369720,204.639776445,306.500000000,0.000000000,0.000000000
point-0009300,17359.668317489,277.702932458,204.639776445,306.500000000,0.000000000,0.000000000
point-0009301,17360.385747594,277.047387826,205.639776445,306.500000000,0.000000000,0.000000000
point-0009302,17362.825009951,281.112825087,205.639776445,306.500000000,0.000000000,0.000000000
point-0009303,17363.542440056,280.457280455,206.639776445,306.500000000,0.000000000,0.000000000
point-0009304,17365.981702413,276.391843193,206.639776445,306.500000000,0.000000000,0.000000000
point-0009305,17366.699132518,275.736298560,207.639776445,306.500000000,0.000000000,0.000000000
point-0009306,17369.138394875,279.801735822,207.639776445,306.500000000,0.000000000,0.000000000
point-0009307,17369.855824980,279.146191189,208.639776445,306.500000000,0.000000000,0.000000000
point-0009308,17372.295087337,275.080753927,208.639776445,306.500000000,0.000000000,0.000000000
point-0009309,17373.012517442,274.425209295,209.639776445,306.500000000,0.000000000,0.000000000
point-0009310,17375.451779799,278.490646556,209.639776445,306.500000000,0.000000000,0.000000000
point-0009311,17376.169209904,277.835101924,210.639776445,306.500000000,0.000000000,0.000000000
point-0009312,17378.608472261,273.769664662,210.639776445,306.500000000,0.000000000,0.000000000
point-0009313,17379.325902366,273.114120029,211.639776445,306.500000000,0.000000000,0.000000000
point-0009314,17381.765164723,277.179557291,211.639776445,306.500000000,0.000000000,0.000000000
point-0009315,17382.482594828,276.524012658,212.639776445,306.500000000,0.000000000,0.000000000
point-0009316,17384.921857185,272.458575397,212.639776445,306.500000000,0.000000000,0.000000000
point-0009317,17385.639287290,271.803030764,213.639776445,306.500000000,0.000000000,0.000000000
point-0009318,17388.078549647,275.868468026,213.639776445,306.500000000,0.000000000,0.000000000
point-0009319,17388.795979752,275.212923393,214.639776445,306.500000000,0.000000000,0.000000000
point-0009320,17391.235242109,271.147486131,214.639776445,306.500000000,0.000000000,0.000000000
point-0009321,17391.952672214,270.491941499,215.639776445,306.500000000,0.000000000,0.000000000
point-0009322,17394.391934571,274.557378760,215.639776445,306.500000000,0.000000000,0.000000000
point-0009323,17395.109364676,273.901834128,216.639776445,306.500000000,0.000000000,0.000000000
point-0009324,17397.548627033,269.836396866,216.639776445,306.500000000,0.000000000,0.000000000
point-0009325,17398.266057138,269.180852233,217.639776445,306.500000000,0.000000000,0.000000000
point-0009326,17400.705319495,273.246289495,217.639776445,306.500000000,0.000000000,0.000000000
point-0009327,17401.422749600,272.590744862,218.639776445,306.500000000,0.000000000,0.000000000
point-0009328,17403.862011957,268.525307601,218.639776445,306.500000000,0.000000000,0.000000000
point-0009329,17404.579442062,267.869762968,219.639776445,306.500000000,0.000000000,0.000000000
point-0009330,17407.018704419,271.935200230,219.639776445,306.500000000,0.000000000,0.000000000
point-0009331,17407.736134524,271.279655597,220.639776445,306.500000000,0.000000000,0.000000000
point-0009332,17410.175396881,267.214218335,220.639776445,306.500000000,0.000000000,0.000000000
point-0009333,17410.892826986,266.558673702,221.639776445,306.500000000,0.000000000,0.000000000
point-0009334,17413.332089343,270.624110964,221.639776445,306.500000000,0.000000000,0.000000000
point-0009335,17414.049519448,269.968566331,222.639776445,306.500000000,0.000000000,0.000000000
point-0009336,17416.488781805,265.903129070,222.639776445,306.500000000,0.000000000,0.000000000
point-0009337,17417.206211910,265.247584437,223.639776445,306.500000000,0.000000000,0.000000000
point-0009338,17419.645474267,269.313021699,223.639776445,306.500000000,0.000000000,0.000000000
point-0009339,17420.362904372,268.657477066,224.639776445,306.500000000,0.000000000,0.000000000
point-0009340,17422.802166729,264.592039804,224.639776445,306.500000000,0.000000000,0.000000000
point-0009341,17423.519596834,263.936495172,225.639776445,306.500000000,0.000000000,0.000000000
point-0009342,17425.958859191,268.001932433,225.639776445,306.500000000,0.000000000,0.000000000
point-0009343,17426.676289296,267.346387801,226.639776445,306.500000000,0.000000000,0.000000000
point-0009344,17429.115551653,263.280950539,226.639776445,306.500000000,0.000000000,0.000000000
point-0009345,17429.832981758,262.625405906,227.639776445,306.500000000,0.000000000,0.000000000
point-0009346,17432.272244115,266.690843168,227.639776445,306.500000000,0.000000000,0.000000000
point-0009347,17432.989674220,266.035298535,228.639776445,306.500000000,0.000000000,0.000000000
point-0009348,17435.428936577,261.969861274,228.639776445,306.500000000,0.000000000,0.000000000
point-0009349,17436.146366682,261.314316641,229.639776445,306.500000000,0.000000000,0.000000000
point-0009350,17438.585629039,265.379753903,229.639776445,306.500000000,0.000000000,0.000000000
point-0009351,17439.303059144,264.724209270,230.639776445,306.500000000,0.000000000,0.000000000
point-0009352,17441.742321501,260.658772008,230.639776445,306.500000000,0.000000000,0.000000000
point-0009353,17442.459751606,260.003227376,231.639776445,306.500000000,0.000000000,0.000000000
point-0009354,17444.899013963,264.068664637,231.639776445,306.500000000,0.000000000,0.000000000
point-0009355,17445.616444068,263.413120005,232.639776445,306.500000000,0.000000000,0.000000000
point-0009356,17448.055706425,259.347682743,232.639776445,306.500000000,0.000000000,0.000000000
point-0009357,17448.773136530,258.692138110,233.639776445,306.500000000,0.000000000,0.000000000
point-0009358,17451.212398887,262.757575372,233.639776445,306.500000000,0.000000000,0.000000000
point-0009359,17451.929828992,262.102030739,234.639776445,306.500000000,0.000000000,0.000000000
point-0009360,17454.369091349,258.036593477,234.639776445,306.500000000,0.000000000,0.000000000
point-0009361,17455.086521454,257.381048845,235.639776445,306.500000000,0.000000000,0.000000000
point-0009362,17457.525783811,261.446486106,235.639776445,306.500000000,0.000000000,0.000000000
point-0009363,17458.243213916,260.790941474,236.639776445,306.500000000,0.000000000,0.000000000
point-0009364,17460.682476273,256.725504212,236.639776445,306.500000000,0.000000000,0.000000000
point-0009365,17461.399906378,256.069959579,237.639776445,306.500000000,0.000000000,0.000000000
point-0009366,17463.839168735,260.135396841,237.639776445,306.500000000,0.000000000,0.000000000
point-0009367,17464.556598840,259.479852208,238.639776445,306.500000000,0.000000000,0.000000000
point-0009368,17466.995861197,255.414414947,238.639776445,306.500000000,0.000000000,0.000000000
point-0009369,17467.713291302,254.758870314,239.639776445,306.500000000,0.000000000,0.000000000
point-0009370,17470.152553659,258.824307576,239.639776445,306.500000000,0.000000000,0.000000000
point-0009371,17470.869983764,258.168762943,240.639776445,306.500000000,0.000000000,0.000000000
point-0009372,17473.066016195,254.508708892,240.639776445,306.500000000,0.000000000,0.000000000
point-0009373,17474.160419336,256.034158038,241.639776445,306.500000000,0.000000000,0.000000000
point-0009374,17475.047855499,257.513218310,241.639776445,306.500000000,0.000000000,0.000000000
point-0009375,17504.059461771,281.111764548,199.439776445,307.000000000,0.000000000,0.000000000
point-0009376,17504.452040651,281.766062682,199.439776445,307.000000000,0.000000000,0.000000000
point-0009377,17505.108682535,282.681332169,200.039776445,307.000000000,0.000000000,0.000000000
point-0009378,17506.286419176,280.718437769,200.039776445,307.000000000,0.000000000,0.000000000
point-0009379,17506.716877239,280.325110989,200.639776445,307.000000000,0.000000000,0.000000000
point-0009380,17508.679771639,283.596601657,200.639776445,307.000000000,0.000000000,0.000000000
point-0009381,17509.112644190,283.997221471,201.239776445,307.000000000,0.000000000,0.000000000
point-0009382,17511.551906547,279.931784209,201.239776445,307.000000000,0.000000000,0.000000000
point-0009383,17511.982364610,279.538457430,201.839776445,307.000000000,0.000000000,0.000000000
point-0009384,17514.421626967,283.603894691,201.839776445,307.000000000,0.000000000,0.000000000
point-0009385,17514.852085030,283.210567912,202.439776445,307.000000000,0.000000000,0.000000000
point-0009386,17517.291347387,279.145130650,202.439776445,307.000000000,0.000000000,0.000000000
point-0009387,17517.721805450,278.751803871,203.039776445,307.000000000,0.000000000,0.000000000
point-0009388,17520.161067807,282.817241132,203.039776445,307.000000000,0.000000000,0.000000000
point-0009389,17520.591525870,282.423914353,203.639776445,307.000000000,0.000000000,0.000000000
point-0009390,17523.030788227,278.358477091,203.639776445,307.000000000,0.000000000,0.000000000
point-0009391,17523.461246290,277.965150311,204.239776445,307.000000000,0.000000000,0.000000000
point-0009392,17525.900508647,282.030587573,204.239776445,307.000000000,0.000000000,0.000000000
point-0009393,17526.330966710,281.637260793,204.839776445,307.000000000,0.000000000,0.000000000
point-0009394,17528.770229067,277.571823532,204.839776445,307.000000000,0.000000000,0.000000000
point-0009395,17529.200687130,277.178496752,205.439776445,307.000000000,0.000000000,0.000000000
point-0009396,17531.639949487,281.243934014,205.439776445,307.000000000,0.000000000,0.000000000
point-0009397,17532.070407550,280.850607234,206.039776445,307.000000000,0.000000000,0.000000000
point-0009398,17534.509669907,276.785169972,206.039776445,307.000000000,0.000000000,0.000000000
point-0009399,17534.940127970,276.391843193,206.639776445,307.000000000,0.000000000,0.000000000
point-0009400,17537.379390327,280.457280455,206.639776445,307.000000000,0.000000000,0.000000000
point-0009401,17537.809848390,280.063953675,207.239776445,307.000000000,0.000000000,0.000000000
point-0009402,17540.249110747,275.998516413,207.239776445,307.000000000,0.000000000,0.000000000
point-0009403,17540.679568810,275.605189634,207.839776445,307.000000000,0.000000000,0.000000000
point-0009404,17543.118831167,279.670626895,207.839776445,307.000000000,0.000000000,0.000000000
point-0009405,17543.549289230,279.277300116,208.439776445,307.000000000,0.000000000,0.000000000
point-0009406,17545.988551587,275.211862854,208.439776445,307.000000000,0.000000000,0.000000000
point-0009407,17546.419009650,274.818536074,209.039776445,307.000000000,0.000000000,0.000000000
point-0009408,17548.858272007,278.883973336,209.039776445,307.000000000,0.000000000,0.000000000
point-0009409,17549.288730070,278.490646556,209.639776445,307.000000000,0.000000000,0.000000000
point-0009410,17551.727992427,274.425209295,209.639776445,307.000000000,0.000000000,0.000000000
point-0009411,17552.158450490,274.031882515,210.239776445,307.000000000,0.000000000,0.000000000
point-0009412,17554.597712847,278.097319777,210.239776445,307.000000000,0.000000000,0.000000000
point-0009413,17555.028170910,277.703992997,210.839776445,307.000000000,0.000000000,0.000000000
point-0009414,17557.467433267,273.638555736,210.839776445,307.000000000,0.000000000,0.000000000
point-0009415,17557.897891330,273.245228956,211.439776445,307.000000000,0.000000000,0.000000000
point-0009416,17560.337153687,277.310666218,211.439776445,307.000000000,0.000000000,0.000000000
point-0009417,17560.767611750,276.917339438,212.039776445,307.000000000,0.000000000,0.000000000
point-0009418,17563.206874107,272.851902176,212.039776445,307.000000000,0.000000000,0.000000000
point-0009419,17563.637332170,272.458575397,212.639776445,307.000000000,0.000000000,0.000000000
point-0009420,17566.076594527,276.524012658,212.639776445,307.000000000,0.000000000,0.000000000
point-0009421,17566.507052590,276.130685879,213.239776445,307.000000000,0.000000000,0.000000000
point-0009422,17568.946314947,272.065248617,213.239776445,307.000000000,0.000000000,0.000000000
point-0009423,17569.376773010,271.671921837,213.839776445,307.000000000,0.000000000,0.000000000
point-0009424,17571.816035367,275.737359099,213.839776445,307.000000000,0.000000000,0.000000000
point-0009425,17572.246493430,275.344032320,214.439776445,307.000000000,0.000000000,0.000000000
point-0009426,17574.685755787,271.278595058,214.439776445,307.000000000,0.000000000,0.000000000
point-0009427,17575.116213850,270.885268278,215.039776445,307.000000000,0.000000000,0.000000000
point-0009428,17577.555476207,274.950705540,215.039776445,307.000000000,0.000000000,0.000000000
point-0009429,17577.985934270,274.557378760,215.639776445,307.000000000,0.000000000,0.000000000
point-0009430,17580.425196627,270.491941499,215.639776445,307.000000000,0.000000000,0.000000000
point-0009431,17580.855654690,270.098614719,216.239776445,307.000000000,0.000000000,0.000000000
point-0009432,17583.294917047,274.164051981,216.239776445,307.000000000,0.000000000,0.000000000
point-0009433,17583.725375110,273.770725201,216.839776445,307.000000000,0.000000000,0.000000000
point-0009434,17586.164637467,269.705287939,216.839776445,307.000000000,0.000000000,0.000000000
point-0009435,17586.595095530,269.311961160,217.439776445,307.000000000,0.000000000,0.000000000
point-0009436,17589.034357887,273.377398421,217.439776445,307.000000000,0.000000000,0.000000000
point-0009437,17589.464815950,272.984071642,218.039776445,307.000000000,0.000000000,0.000000000
point-0009438,17591.904078307,268.918634380,218.039776445,307.000000000,0.000000000,0.000000000
point-0009439,17592.334536370,268.525307601,218.639776445,307.000000000,0.000000000,0.000000000
point-0009440,17594.773798727,272.590744862,218.639776445,307.000000000,0.000000000,0.000000000
point-0009441,17595.204256790,272.197418083,219.239776445,307.000000000,0.000000000,0.000000000
point-0009442,17597.643519147,268.131980821,219.239776445,307.000000000,0.000000000,0.000000000
point-0009443,17598.073977210,267.738654041,219.839776445,307.000000000,0.000000000,0.000000000
point-0009444,17600.513239567,271.804091303,219.839776445,307.000000000,0.000000000,0.000000000
point-0009445,17600.943697630,271.410764523,220.439776445,307.000000000,0.000000000,0.000000000
point-0009446,17603.382959987,267.345327262,220.439776445,307.000000000,0.000000000,0.000000000
point-0009447,17603.813418050,266.952000482,221.039776445,307.000000000,0.000000000,0.000000000
point-0009448,17606.252680407,271.017437744,221.039776445,307.000000000,0.000000000,0.000000000
point-0009449,17606.683138470,270.624110964,221.639776445,307.000000000,0.000000000,0.000000000
point-0009450,17609.122400827,266.558673702,221.639776445,307.000000000,0.000000000,0.000000000
point-0009451,17609.552858890,266.165346923,222.239776445,307.000000000,0.000000000,0.000000000
point-0009452,17611.992121247,270.230784185,222.239776445,307.000000000,0.000000000,0.000000000
point-0009453,17612.422579310,269.837457405,222.839776445,307.000000000,0.000000000,0.000000000
point-0009454,17614.861841667,265.772020143,222.839776445,307.000000000,0.000000000,0.000000000
point-0009455,17615.292299730,265.378693364,223.439776445,307.000000000,0.000000000,0.000000000
point-0009456,17617.731562087,269.444130625,223.439776445,307.000000000,0.000000000,0.000000000
point-0009457,17618.162020150,269.050803846,224.039776445,307.000000000,0.000000000,0.000000000
point-0009458,17620.601282507,264.985366584,224.039776445,307.000000000,0.000000000,0.000000000
point-0009459,17621.031740570,264.592039804,224.639776445,307.000000000,0.000000000,0.000000000
point-0009460,17623.471002927,268.657477066,224.639776445,307.000000000,0.000000000,0.000000000
point-0009461,17623.901460990,268.264150286,225.239776445,307.000000000,0.000000000,0.000000000
point-0009462,17626.340723347,264.198713025,225.239776445,307.000000000,0.000000000,0.000000000
point-0009463,17626.771181410,263.805386245,225.839776445,307.000000000,0.000000000,0.000000000
point-0009464,17629.210443767,267.870823507,225.839776445,307.000000000,0.000000000,0.000000000
point-0009465,17629.640901830,267.477496727,226.439776445,307.000000000,0.000000000,0.000000000
point-0009466,17632.080164187,263.412059466,226.439776445,307.000000000,0.000000000,0.000000000
point-0009467,17632.510622250,263.018732686,227.039776445,307.000000000,0.000000000,0.000000000
point-0009468,17634.949884607,267.084169948,227.039776445,307.000000000,0.000000000,0.000000000
point-0009469,17635.380342670,266.690843168,227.639776445,307.000000000,0.000000000,0.000000000
point-0009470,17637.819605027,262.625405906,227.639776445,307.000000000,0.000000000,0.000000000
point-0009471,17638.250063090,262.232079127,228.239776445,307.000000000,0.000000000,0.000000000
point-0009472,17640.689325447,266.297516388,228.239776445,307.000000000,0.000000000,0.000000000
point-0009473,17641.119783510,265.904189609,228.839776445,307.000000000,0.000000000,0.000000000
point-0009474,17643.559045867,261.838752347,228.839776445,307.000000000,0.000000000,0.000000000
point-0009475,17643.989503930,261.445425567,229.439776445,307.000000000,0.000000000,0.000000000
point-0009476,17646.428766287,265.510862829,229.439776445,307.000000000,0.000000000,0.000000000
point-0009477,17646.859224350,265.117536050,230.039776445,307.000000000,0.000000000,0.000000000
point-0009478,17649.298486707,261.052098788,230.039776445,307.000000000,0.000000000,0.000000000
point-0009479,17649.728944770,260.658772008,230.639776445,307.000000000,0.000000000,0.000000000
point-0009480,17652.168207127,264.724209270,230.639776445,307.000000000,0.000000000,0.000000000
point-0009481,17652.598665190,264.330882490,231.239776445,307.000000000,0.000000000,0.000000000
point-0009482,17655.037927547,260.265445229,231.239776445,307.000000000,0.000000000,0.000000000
point-0009483,17655.468385610,259.872118449,231.839776445,307.000000000,0.000000000,0.000000000
point-0009484,17657.907647967,263.937555711,231.839776445,307.000000000,0.000000000,0.000000000
point-0009485,17658.338106030,263.544228931,232.439776445,307.000000000,0.000000000,0.000000000
point-0009486,17660.777368387,259.478791669,232.439776445,307.000000000,0.000000000,0.000000000
point-0009487,17661.207826450,259.085464890,233.039776445,307.000000000,0.000000000,0.000000000
point-0009488,17663.647088807,263.150902151,233.039776445,307.000000000,0.000000000,0.000000000
point-0009489,17664.077546870,262.757575372,233.639776445,307.000000000,0.000000000,0.000000000
point-0009490,17666.516809227,258.692138110,233.639776445,307.000000000,0.000000000,0.000000000
point-0009491,17666.947267290,258.298811331,234.239776445,307.000000000,0.000000000,0.000000000
point-0009492,17669.386529647,262.364248592,234.239776445,307.000000000,0.000000000,0.000000000
point-0009493,17669.816987710,261.970921813,234.839776445,307.000000000,0.000000000,0.000000000
point-0009494,17672.256250067,257.905484551,234.839776445,307.000000000,0.000000000,0.000000000
point-0009495,17672.686708130,257.512157771,235.439776445,307.000000000,0.000000000,0.000000000
point-0009496,17675.125970487,261.577595033,235.439776445,307.000000000,0.000000000,0.000000000
point-0009497,17675.556428550,261.184268253,236.039776445,307.000000000,0.000000000,0.000000000
point-0009498,17677.995690907,257.118830992,236.039776445,307.000000000,0.000000000,0.000000000
point-0009499,17678.426148970,256.725504212,236.639776445,307.000000000,0.000000000,0.000000000
point-0009500,17680.865411327,260.790941474,236.639776445,307.000000000,0.000000000,0.000000000
point-0009501,17681.295869390,260.397614694,237.239776445,307.000000000,0.000000000,0.000000000
point-0009502,17683.735131747,256.332177432,237.239776445,307.000000000,0.000000000,0.000000000
point-0009503,17684.165589810,255.938850653,237.839776445,307.000000000,0.000000000,0.000000000
point-0009504,17686.604852167,260.004287915,237.839776445,307.000000000,0.000000000,0.000000000
point-0009505,17687.035310230,259.610961135,238.439776445,307.000000000,0.000000000,0.000000000
point-0009506,17689.474572587,255.545523873,238.439776445,307.000000000,0.000000000,0.000000000
point-0009507,17689.905030650,255.152197094,239.039776445,307.000000000,0.000000000,0.000000000
point-0009508,17692.344293007,259.217634355,239.039776445,307.000000000,0.000000000,0.000000000
point-0009509,17692.774751070,258.824307576,239.639776445,307.000000000,0.000000000,0.000000000
point-0009510,17695.214013427,254.758870314,239.639776445,307.000000000,0.000000000,0.000000000
point-0009511,17695.644471490,254.365543534,240.239776445,307.000000000,0.000000000,0.000000000
point-0009512,17698.083733847,258.430980796,240.239776445,307.000000000,0.000000000,0.000000000
point-0009513,17698.514191910,258.037654016,240.839776445,307.000000000,0.000000000,0.000000000
point-0009514,17700.448505087,254.813798721,240.839776445,307.000000000,0.000000000,0.000000000
point-0009515,17701.105146972,255.729068208,241.439776445,307.000000000,0.000000000,0.000000000
point-0009516,17702.254302389,257.644327237,241.439776445,307.000000000,0.000000000,0.000000000
point-0009517,17702.684760452,257.251000457,242.039776445,307.000000000,0.000000000,0.000000000
point-0009518,17703.048758109,256.644337696,242.039776445,307.000000000,0.000000000,0.000000000
point-0009519,17732.526196797,281.111764548,199.439776445,307.500000000,0.000000000,0.000000000
point-0009520,17732.918775677,281.766062682,199.439776445,307.500000000,0.000000000,0.000000000
point-0009521,17733.575417562,282.681332169,200.039776445,307.500000000,0.000000000,0.000000000
point-0009522,17734.753154202,280.718437769,200.039776445,307.500000000,0.000000000,0.000000000
point-0009523,17735.183612265,280.325110989,200.639776445,307.500000000,0.000000000,0.000000000
point-0009524,17737.146506666,283.596601657,200.639776445,307.500000000,0.000000000,0.000000000
point-0009525,17737.579379216,283.997221471,201.239776445,307.500000000,0.000000000,0.000000000
point-0009526,17740.018641573,279.931784209,201.239776445,307.500000000,0.000000000,0.000000000
point-0009527,17740.449099636,279.538457430,201.839776445,307.500000000,0.000000000,0.000000000
point-0009528,17742.888361993,283.603894691,201.839776445,307.500000000,0.000000000,0.000000000
point-0009529,17743.318820056,283.210567912,202.439776445,307.500000000,0.000000000,0.000000000
point-0009530,17745.758082413,279.145130650,202.439776445,307.500000000,0.000000000,0.000000000
point-0009531,17746.188540476,278.751803871,203.039776445,307.500000000,0.000000000,0.000000000
point-0009532,17748.627802833,282.817241132,203.039776445,307.500000000,0.000000000,0.000000000
point-0009533,17749.058260896,282.423914353,203.639776445,307.500000000,0.000000000,0.000000000
point-0009534,17751.497523253,278.358477091,203.639776445,307.500000000,0.000000000,0.000000000
point-0009535,17751.927981316,277.965150311,204.239776445,307.500000000,0.000000000,0.000000000
point-0009536,17754.367243673,282.030587573,204.239776445,307.500000000,0.000000000,0.000000000
point-0009537,17754.797701736,281.637260793,204.839776445,307.500000000,0.000000000,0.000000000
point-0009538,17757.236964093,277.571823532,204.839776445,307.500000000,0.000000000,0.000000000
point-0009539,17757.667422156,277.178496752,205.439776445,307.500000000,0.000000000,0.000000000
point-0009540,17760.106684513,281.243934014,205.439776445,307.500000000,0.000000000,0.000000000
point-0009541,17760.537142576,280.850607234,206.039776445,307.500000000,0.000000000,0.000000000
point-0009542,17762.976404933,276.785169972,206.039776445,307.500000000,0.000000000,0.000000000
point-0009543,17763.406862996,276.391843193,206.639776445,307.500000000,0.000000000,0.000000000
point-0009544,17765.846125353,280.457280455,206.639776445,307.500000000,0.000000000,0.000000000
point-0009545,17766.276583416,280.063953675,207.239776445,307.500000000,0.000000000,0.000000000
point-0009546,17768.715845773,275.998516413,207.239776445,307.500000000,0.000000000,0.000000000
point-0009547,17769.146303836,275.605189634,207.839776445,307.500000000,0.000000000,0.000000000
point-0009548,17771.585566193,279.670626895,207.839776445,307.500000000,0.000000000,0.000000000
point-0009549,17772.016024256,279.277300116,208.439776445,307.500000000,0.000000000,0.000000000
point-0009550,17774.455286613,275.211862854,208.439776445,307.500000000,0.000000000,0.000000000
point-0009551,17774.885744676,274.818536074,209.039776445,307.500000000,0.000000000,0.000000000
point-0009552,17777.325007033,278.883973336,209.039776445,307.500000000,0.000000000,0.000000000
point-0009553,17777.755465096,278.490646556,209.639776445,307.500000000,0.000000000,0.000000000
point-0009554,17780.194727454,274.425209295,209.639776445,307.500000000,0.000000000,0.000000000
point-0009555,17780.625185517,274.031882515,210.239776445,307.500000000,0.000000000,0.000000000
point-0009556,17783.064447874,278.097319777,210.239776445,307.500000000,0.000000000,0.000000000
point-0009557,17783.494905937,277.703992997,210.839776445,307.500000000,0.000000000,0.000000000
point-0009558,17785.934168294,273.638555736,210.839776445,307.500000000,0.000000000,0.000000000
point-0009559,17786.364626357,273.245228956,211.439776445,307.500000000,0.000000000,0.000000000
point-0009560,17788.803888714,277.310666218,211.439776445,307.500000000,0.000000000,0.000000000
point-0009561,17789.234346777,276.917339438,212.039776445,307.500000000,0.000000000,0.000000000
point-0009562,17791.673609134,272.851902176,212.039776445,307.500000000,0.000000000,0.000000000
point-0009563,17792.104067197,272.458575397,212.639776445,307.500000000,0.000000000,0.000000000
point-0009564,17794.543329554,276.524012658,212.639776445,307.500000000,0.000000000,0.000000000
point-0009565,17794.973787617,276.130685879,213.239776445,307.500000000,0.000000000,0.000000000
point-0009566,17797.413049974,272.065248617,213.239776445,307.500000000,0.000000000,0.000000000
point-0009567,17797.843508037,271.671921837,213.839776445,307.500000000,0.000000000,0.000000000
point-0009568,17800.282770394,275.737359099,213.839776445,307.500000000,0.000000000,0.000000000
point-0009569,17800.713228457,275.344032320,214.439776445,307.500000000,0.000000000,0.000000000
point-0009570,17803.152490814,271.278595058,214.439776445,307.500000000,0.000000000,0.000000000
point-0009571,17803.582948877,270.885268278,215.039776445,307.500000000,0.000000000,0.000000000
point-0009572,17806.022211234,274.950705540,215.039776445,307.500000000,0.000000000,0.000000000
point-0009573,17806.452669297,274.557378760,215.639776445,307.500000000,0.000000000,0.000000000
point-0009574,17808.891931654,270.491941499,215.639776445,307.500000000,0.000000000,0.000000000
point-0009575,17809.322389717,270.098614719,216.239776445,307.500000000,0.000000000,0.000000000
point-0009576,17811.761652074,274.164051981,216.239776445,307.500000000,0.000000000,0.000000000
point-0009577,17812.192110137,273.770725201,216.839776445,307.500000000,0.000000000,0.000000000
point-0009578,17814.631372494,269.705287939,216.839776445,307.500000000,0.000000000,0.000000000
point-0009579,17815.061830557,269.311961160,217.439776445,307.500000000,0.000000000,0.000000000
point-0009580,17817.501092914,273.377398421,217.439776445,307.500000000,0.000000000,0.000000000
point-0009581,17817.931550977,272.984071642,218.039776445,307.500000000,0.000000000,0.000000000
point-0009582,17820.370813334,268.918634380,218.039776445,307.500000000,0.000000000,0.000000000
point-0009583,17820.801271397,268.525307601,218.639776445,307.500000000,0.000000000,0.000000000
point-0009584,17823.240533754,272.590744862,218.639776445,307.500000000,0.000000000,0.000000000
point-0009585,17823.670991817,272.197418083,219.239776445,307.500000000,0.000000000,0.000000000
point-0009586,17826.110254174,268.131980821,219.239776445,307.500000000,0.000000000,0.000000000
point-0009587,17826.540712237,267.738654041,219.839776445,307.500000000,0.000000000,0.000000000
point-0009588,17828.979974594,271.804091303,219.839776445,307.500000000,0.000000000,0.000000000
point-0009589,17829.410432657,271.410764523,220.439776445,307.500000000,0.000000000,0.000000000
point-0009590,17831.849695014,267.345327262,220.439776445,307.500000000,0.000000000,0.000000000
point-0009591,17832.280153077,266.952000482,221.039776445,307.500000000,0.000000000,0.000000000
point-0009592,17834.719415434,271.017437744,221.039776445,307.500000000,0.000000000,0.000000000
point-0009593,17835.149873497,270.624110964,221.639776445,307.500000000,0.000000000,0.000000000
point-0009594,17837.589135854,266.558673702,221.639776445,307.500000000,0.000000000,0.000000000
point-0009595,17838.019593917,266.165346923,222.239776445,307.500000000,0.000000000,0.000000000
point-0009596,17840.458856274,270.230784185,222.239776445,307.500000000,0.000000000,0.000000000
point-0009597,17840.889314337,269.837457405,222.839776445,307.500000000,0.000000000,0.000000000
point-0009598,17843.328576694,265.772020143,222.839776445,307.500000000,0.000000000,0.000000000
point-0009599,17843.759034757,265.378693364,223.439776445,307.500000000,0.000000000,0.000000000
point-0009600,17846.198297114,269.444130625,223.439776445,307.500000000,0.000000000,0.000000000
point-0009601,17846.628755177,269.050803846,224.039776445,307.500000000,0.000000000,0.000000000
point-0009602,17849.068017534,264.985366584,224.039776445,307.500000000,0.000000000,0.000000000
point-0009603,17849.498475597,264.592039804,224.639776445,307.500000000,0.000000000,0.000000000
point-0009604,17851.937737954,268.657477066,224.639776445,307.500000000,0.000000000,0.000000000
point-0009605,17852.368196017,268.264150286,225.239776445,307.500000000,0.000000000,0.000000000
point-0009606,17854.807458374,264.198713025,225.239776445,307.500000000,0.000000000,0.000000000
point-0009607,17855.237916437,263.805386245,225.839776445,307.500000000,0.000000000,0.000000000
point-0009608,17857.677178794,267.870823507,225.839776445,307.500000000,0.000000000,0.000000000
point-0009609,17858.107636857,267.477496727,226.439776445,307.500000000,0.000000000,0.000000000
point-0009610,17860.546899214,263.412059466,226.439776445,307.500000000,0.000000000,0.000000000
point-0009611,17860.977357277,263.018732686,227.039776445,307.500000000,0.000000000,0.000000000
point-0009612,17863.416619634,267.084169948,227.039776445,307.500000000,0.000000000,0.000000000
point-0009613,17863.847077697,266.690843168,227.639776445,307.500000000,0.000000000,0.000000000
point-0009614,17866.286340054,262.625405906,227.639776445,307.500000000,0.000000000,0.000000000
point-0009615,17866.716798117,262.232079127,228.239776445,307.500000000,0.000000000,0.000000000
point-0009616,17869.156060474,266.297516388,228.239776445,307.500000000,0.000000000,0.000000000
point-0009617,17869.586518537,265.904189609,228.839776445,307.500000000,0.000000000,0.000000000
point-0009618,17872.025780894,261.838752347,228.839776445,307.500000000,0.000000000,0.000000000
point-0009619,17872.456238957,261.445425567,229.439776445,307.500000000,0.000000000,0.000000000
point-0009620,17874.895501314,265.510862829,229.439776445,307.500000000,0.000000000,0.000000000
point-0009621,17875.325959377,265.117536050,230.039776445,307.500000000,0.000000000,0.000000000
point-0009622,17877.765221734,261.052098788,230.039776445,307.500000000,0.000000000,0.000000000
point-0009623,17878.195679797,260.658772008,230.639776445,307.500000000,0.000000000,0.000000000
point-0009624,17880.634942154,264.724209270,230.639776445,307.500000000,0.000000000,0.000000000
point-0009625,17881.065400217,264.330882490,231.239776445,307.500000000,0.000000000,0.000000000
point-0009626,17883.504662574,260.265445229,231.239776445,307.500000000,0.000000000,0.000000000
point-0009627,17883.935120637,259.872118449,231.839776445,307.500000000,0.000000000,0.000000000
point-0009628,17886.374382994,263.937555711,231.839776445,307.500000000,0.000000000,0.000000000
point-0009629,17886.804841057,263.544228931,232.439776445,307.500000000,0.000000000,0.000000000
point-0009630,17889.244103414,259.478791669,232.439776445,307.500000000,0.000000000,0.000000000
point-0009631,17889.674561477,259.085464890,233.039776445,307.500000000,0.000000000,0.000000000
point-0009632,17892.113823834,263.150902151,233.039776445,307.500000000,0.000000000,0.000000000
point-0009633,17892.544281897,262.757575372,233.639776445,307.500000000,0.000000000,0.000000000
point-0009634,17894.983544254,258.692138110,233.639776445,307.500000000,0.000000000,0.000000000
point-0009635,17895.414002317,258.298811331,234.239776445,307.500000000,0.000000000,0.000000000
point-0009636,17897.853264674,262.364248592,234.239776445,307.500000000,0.000000000,0.000000000
point-0009637,17898.283722737,261.970921813,234.839776445,307.500000000,0.000000000,0.000000000
point-0009638,17900.722985094,257.905484551,234.839776445,307.500000000,0.000000000,0.000000000
point-0009639,17901.153443157,257.512157771,235.439776445,307.500000000,0.000000000,0.000000000
point-0009640,17903.592705514,261.577595033,235.439776445,307.500000000,0.000000000,0.000000000
point-0009641,17904.023163577,261.184268253,236.039776445,307.500000000,0.000000000,0.000000000
point-0009642,17906.462425934,257.118830992,236.039776445,307.500000000,0.000000000,0.000000000
point-0009643,17906.892883997,256.725504212,236.639776445,307.500000000,0.000000000,0.000000000
point-0009644,17909.332146354,260.790941474,236.639776445,307.500000000,0.000000000,0.000000000
point-0009645,17909.762604417,260.397614694,237.239776445,307.500000000,0.000000000,0.000000000
point-0009646,17912.201866774,256.332177432,237.239776445,307.500000000,0.000000000,0.000000000
point-0009647,17912.632324837,255.938850653,237.839776445,307.500000000,0.000000000,0.000000000
point-0009648,17915.071587194,260.004287915,237.839776445,307.500000000,0.000000000,0.000000000
point-0009649,17915.502045257,259.610961135,238.439776445,307.500000000,0.000000000,0.000000000
point-0009650,17917.941307614,255.545523873,238.439776445,307.500000000,0.000000000,0.000000000
point-0009651,17918.371765677,255.152197094,239.039776445,307.500000000,0.000000000,0.000000000
point-0009652,17920.811028034,259.217634355,239.039776445,307.500000000,0.000000000,0.000000000
point-0009653,17921.241486097,258.824307576,239.639776445,307.500000000,0.000000000,0.000000000
point-0009654,17923.680748454,254.758870314,239.639776445,307.500000000,0.000000000,0.000000000
point-0009655,17924.111206517,254.365543534,240.239776445,307.500000000,0.000000000,0.000000000
point-0009656,17926.550468874,258.430980796,240.239776445,307.500000000,0.000000000,0.000000000
point-0009657,17926.980926937,258.037654016,240.839776445,307.500000000,0.000000000,0.000000000
point-0009658,17928.915240114,254.813798721,240.839776445,307.500000000,0.000000000,0.000000000
point-0009659,17929.571881999,255.729068208,241.439776445,307.500000000,0.000000000,0.000000000
point-0009660,17930.721037416,257.644327237,241.439776445,307.500000000,0.000000000,0.000000000
point-0009661,17931.151495479,257.251000457,242.039776445,307.500000000,0.000000000,0.000000000
point-0009662,17931.515493136,256.644337696,242.039776445,307.500000000,0.000000000,0.000000000
