source_point_id,time_s,X,Y,Z,A_rad,C_rad
point-0000001,0.000000000,254.267967222,240.472937392,308.300000000,0.000000000,0.000000000
point-0000002,29.640069198,281.536374611,199.280640138,308.300000000,0.000000000,0.000000000
point-0000003,31.680074683,284.371473015,201.157413754,308.300000000,0.000000000,0.000000000
point-0000004,61.031392069,257.368713236,241.948418326,308.300000000,0.000000000,0.000000000
point-0000005,61.320143538,257.103065862,242.349710479,308.300000000,0.000000000,0.000000000
point-0000006,63.360148966,254.267967222,240.472937392,308.300000000,0.000000000,0.000000000
point-0000007,63.650796060,254.728063887,240.321392434,308.300000000,0.000000000,0.000000000
point-0000008,65.665553065,258.085992228,240.321392434,308.300000000,0.000000000,0.000000000
point-0000009,66.133262956,258.516278122,239.671392434,308.300000000,0.000000000,0.000000000
point-0000010,68.148019958,255.158349784,239.671392434,308.300000000,0.000000000,0.000000000
point-0000011,68.615729851,255.588635681,239.021392434,308.300000000,0.000000000,0.000000000
point-0000012,70.630486851,258.946564015,239.021392434,308.300000000,0.000000000,0.000000000
point-0000013,71.098196742,259.376849909,238.371392434,308.300000000,0.000000000,0.000000000
point-0000014,73.112953741,256.018921578,238.371392434,308.300000000,0.000000000,0.000000000
point-0000015,73.580663633,256.449207475,237.721392434,308.300000000,0.000000000,0.000000000
point-0000016,75.595420629,259.807135803,237.721392434,308.300000000,0.000000000,0.000000000
point-0000017,76.063130520,260.237421696,237.071392434,308.300000000,0.000000000,0.000000000
point-0000018,78.077887515,256.879493372,237.071392434,308.300000000,0.000000000,0.000000000
point-0000019,78.545597407,257.309779269,236.421392434,308.300000000,0.000000000,0.000000000
point-0000020,80.560354399,260.667707590,236.421392434,308.300000000,0.000000000,0.000000000
point-0000021,81.028064290,261.097993484,235.771392434,308.300000000,0.000000000,0.000000000
point-0000022,83.042821281,257.740065166,235.771392434,308.300000000,0.000000000,0.000000000
point-0000023,83.510531173,258.170351063,235.121392434,308.300000000,0.000000000,0.000000000
point-0000024,85.525288161,261.528279377,235.121392434,308.300000000,0.000000000,0.000000000
point-0000025,85.992998052,261.958565271,234.471392434,308.300000000,0.000000000,0.000000000
point-0000026,88.007755038,258.600636960,234.471392434,308.300000000,0.000000000,0.000000000
point-0000027,88.475464930,259.030922857,233.821392434,308.300000000,0.000000000,0.000000000
point-0000028,90.490221915,262.388851165,233.821392434,308.300000000,0.000000000,0.000000000
point-0000029,90.957931806,262.819137058,233.171392434,308.300000000,0.000000000,0.000000000
point-0000030,92.972688788,259.461208755,233.171392434,308.300000000,0.000000000,0.000000000
point-0000031,93.440398680,259.891494652,232.521392434,308.300000000,0.000000000,0.000000000
point-0000032,95.455155660,263.249422952,232.521392434,308.300000000,0.000000000,0.000000000
point-0000033,95.922865551,263.679708846,231.871392434,308.300000000,0.000000000,0.000000000
point-0000034,97.937622530,260.321780549,231.871392434,308.300000000,0.000000000,0.000000000
point-0000035,98.405332422,260.752066446,231.221392434,308.300000000,0.000000000,0.000000000
point-0000036,100.420089398,264.109994739,231.221392434,308.300000000,0.000000000,0.000000000
point-0000037,100.887799289,264.540280633,230.571392434,308.300000000,0.000000000,0.000000000
point-0000038,102.902556263,261.182352343,230.571392434,308.300000000,0.000000000,0.000000000
point-0000039,103.370266155,261.612638240,229.921392434,308.300000000,0.000000000,0.000000000
point-0000040,105.385023127,264.970566527,229.921392434,308.300000000,0.000000000,0.000000000
point-0000041,105.852733018,265.400852420,229.271392434,308.300000000,0.000000000,0.000000000
point-0000042,107.867489988,262.042924137,229.271392434,308.300000000,0.000000000,0.000000000
point-0000043,108.335199880,262.473210034,228.621392434,308.300000000,0.000000000,0.000000000
point-0000044,110.349956848,265.831138314,228.621392434,308.300000000,0.000000000,0.000000000
point-0000045,110.817666739,266.261424208,227.971392434,308.300000000,0.000000000,0.000000000
point-0000046,112.832423705,262.903495931,227.971392434,308.300000000,0.000000000,0.000000000
point-0000047,113.300133597,263.333781828,227.321392434,308.300000000,0.000000000,0.000000000
point-0000048,115.314890561,266.691710101,227.321392434,308.300000000,0.000000000,0.000000000
point-0000049,115.782600452,267.121995995,226.671392434,308.300000000,0.000000000,0.000000000
point-0000050,117.797357414,263.764067725,226.671392434,308.300000000,0.000000000,0.000000000
point-0000051,118.265067306,264.194353622,226.021392434,308.300000000,0.000000000,0.000000000
point-0000052,120.279824266,267.552281889,226.021392434,308.300000000,0.000000000,0.000000000
point-0000053,120.747534157,267.982567782,225.371392434,308.300000000,0.000000000,0.000000000
point-0000054,122.762291115,264.624639519,225.371392434,308.300000000,0.000000000,0.000000000
point-0000055,123.230001007,265.054925416,224.721392434,308.300000000,0.000000000,0.000000000
point-0000056,125.244757963,268.412853676,224.721392434,308.300000000,0.000000000,0.000000000
point-0000057,125.712467854,268.843139570,224.071392434,308.300000000,0.000000000,0.000000000
point-0000058,127.727224808,265.485211313,224.071392434,308.300000000,0.000000000,0.000000000
point-0000059,128.194934700,265.915497210,223.421392434,308.300000000,0.000000000,0.000000000
point-0000060,130.209691652,269.273425463,223.421392434,308.300000000,0.000000000,0.000000000
point-0000061,130.677401543,269.703711357,222.771392434,308.300000000,0.000000000,0.000000000
point-0000062,132.692158492,266.345783108,222.771392434,308.300000000,0.000000000,0.000000000
point-0000063,133.159868384,266.776069005,222.121392434,308.300000000,0.000000000,0.000000000
point-0000064,135.174625332,270.133997251,222.121392434,308.300000000,0.000000000,0.000000000
point-0000065,135.642335223,270.564283144,221.471392434,308.300000000,0.000000000,0.000000000
point-0000066,137.657092169,267.206354902,221.471392434,308.300000000,0.000000000,0.000000000
point-0000067,138.124802061,267.636640799,220.821392434,308.300000000,0.000000000,0.000000000
point-0000068,140.139559004,270.994569038,220.821392434,308.300000000,0.000000000,0.000000000
point-0000069,140.607268895,271.424854932,220.171392434,308.300000000,0.000000000,0.000000000
point-0000070,142.622025837,268.066926696,220.171392434,308.300000000,0.000000000,0.000000000
point-0000071,143.089735729,268.497212593,219.521392434,308.300000000,0.000000000,0.000000000
point-0000072,145.104492669,271.855140825,219.521392434,308.300000000,0.000000000,0.000000000
point-0000073,145.572202560,272.285426719,218.871392434,308.300000000,0.000000000,0.000000000
point-0000074,147.586959497,268.927498490,218.871392434,308.300000000,0.000000000,0.000000000
point-0000075,148.054669389,269.357784387,218.221392434,308.300000000,0.000000000,0.000000000
point-0000076,150.069426325,272.715712613,218.221392434,308.300000000,0.000000000,0.000000000
point-0000077,150.537136216,273.145998507,217.571392434,308.300000000,0.000000000,0.000000000
point-0000078,152.551893149,269.788070284,217.571392434,308.300000000,0.000000000,0.000000000
point-0000079,153.019603041,270.218356181,216.921392434,308.300000000,0.000000000,0.000000000
point-0000080,155.034359973,273.576284400,216.921392434,308.300000000,0.000000000,0.000000000
point-0000081,155.502069864,274.006570294,216.271392434,308.300000000,0.000000000,0.000000000
point-0000082,157.516826793,270.648642078,216.271392434,308.300000000,0.000000000,0.000000000
point-0000083,157.984536685,271.078927975,215.621392434,308.300000000,0.000000000,0.000000000
point-0000084,159.999293612,274.436856188,215.621392434,308.300000000,0.000000000,0.000000000
point-0000085,160.467003503,274.867142081,214.971392434,308.300000000,0.000000000,0.000000000
point-0000086,162.481760429,271.509213872,214.971392434,308.300000000,0.000000000,0.000000000
point-0000087,162.949470321,271.939499769,214.321392434,308.300000000,0.000000000,0.000000000
point-0000088,164.964227244,275.297427975,214.321392434,308.300000000,0.000000000,0.000000000
point-0000089,165.431937135,275.727713869,213.671392434,308.300000000,0.000000000,0.000000000
point-0000090,167.446694056,272.369785666,213.671392434,308.300000000,0.000000000,0.000000000
point-0000091,167.914403948,272.800071564,213.021392434,308.300000000,0.000000000,0.000000000
point-0000092,169.929160868,276.157999762,213.021392434,308.300000000,0.000000000,0.000000000
point-0000093,170.396870759,276.588285656,212.371392434,308.300000000,0.000000000,0.000000000
point-0000094,172.411627676,273.230357461,212.371392434,308.300000000,0.000000000,0.000000000
point-0000095,172.879337568,273.660643358,211.721392434,308.300000000,0.000000000,0.000000000
point-0000096,174.894094483,277.018571550,211.721392434,308.300000000,0.000000000,0.000000000
point-0000097,175.361804374,277.448857443,211.071392434,308.300000000,0.000000000,0.000000000
point-0000098,177.376561287,274.090929255,211.071392434,308.300000000,0.000000000,0.000000000
point-0000099,177.844271179,274.521215152,210.421392434,308.300000000,0.000000000,0.000000000
point-0000100,179.859028090,277.879143337,210.421392434,308.300000000,0.000000000,0.000000000
point-0000101,180.326737981,278.309429231,209.771392434,308.300000000,0.000000000,0.000000000
point-0000102,182.341494890,274.951501049,209.771392434,308.300000000,0.000000000,0.000000000
point-0000103,182.809204782,275.381786946,209.121392434,308.300000000,0.000000000,0.000000000
point-0000104,184.823961689,278.739715124,209.121392434,308.300000000,0.000000000,0.000000000
point-0000105,185.291671580,279.170001018,208.471392434,308.300000000,0.000000000,0.000000000
point-0000106,187.306428485,275.812072843,208.471392434,308.300000000,0.000000000,0.000000000
point-0000107,187.774138377,276.242358740,207.821392434,308.300000000,0.000000000,0.000000000
point-0000108,189.788895280,279.600286912,207.821392434,308.300000000,0.000000000,0.000000000
point-0000109,190.256605171,280.030572805,207.171392434,308.300000000,0.000000000,0.000000000
point-0000110,192.271362072,276.672644637,207.171392434,308.300000000,0.000000000,0.000000000
point-0000111,192.739071964,277.102930534,206.521392434,308.300000000,0.000000000,0.000000000
point-0000112,194.753828863,280.460858699,206.521392434,308.300000000,0.000000000,0.000000000
point-0000113,195.221538754,280.891144593,205.871392434,308.300000000,0.000000000,0.000000000
point-0000114,197.236295651,277.533216431,205.871392434,308.300000000,0.000000000,0.000000000
point-0000115,197.704005543,277.963502328,205.221392434,308.300000000,0.000000000,0.000000000
point-0000116,199.718762438,281.321430486,205.221392434,308.300000000,0.000000000,0.000000000
point-0000117,200.186472329,281.751716380,204.571392434,308.300000000,0.000000000,0.000000000
point-0000118,202.201229222,278.393788225,204.571392434,308.300000000,0.000000000,0.000000000
point-0000119,202.668939114,278.824074122,203.921392434,308.300000000,0.000000000,0.000000000
point-0000120,204.683696004,282.182002274,203.921392434,308.300000000,0.000000000,0.000000000
point-0000121,205.151405895,282.612288167,203.271392434,308.300000000,0.000000000,0.000000000
point-0000122,207.166162784,279.254360020,203.271392434,308.300000000,0.000000000,0.000000000
point-0000123,207.633872676,279.684645917,202.621392434,308.300000000,0.000000000,0.000000000
point-0000124,209.648629563,283.042574061,202.621392434,308.300000000,0.000000000,0.000000000
point-0000125,210.116339454,283.472859955,201.971392434,308.300000000,0.000000000,0.000000000
point-0000126,212.131096338,280.114931814,201.971392434,308.300000000,0.000000000,0.000000000
point-0000127,212.598806230,280.545217711,201.321392434,308.300000000,0.000000000,0.000000000
point-0000128,214.613563113,283.903145848,201.321392434,308.300000000,0.000000000,0.000000000
point-0000129,215.236395550,283.093790405,200.671392434,308.300000000,0.000000000,0.000000000
point-0000130,216.507367628,280.975503608,200.671392434,308.300000000,0.000000000,0.000000000
point-0000131,216.975077520,281.405789505,200.021392434,308.300000000,0.000000000,0.000000000
point-0000132,217.398734880,282.111885104,200.021392434,308.300000000,0.000000000,0.000000000
point-0000133,246.016956082,257.655706334,240.971392434,308.300000000,0.000000000,0.000000000
point-0000134,247.271720132,255.564432917,240.971392434,308.300000000,0.000000000,0.000000000
point-0000135,247.978253883,256.546338577,241.621392434,308.300000000,0.000000000,0.000000000
point-0000136,248.385703001,257.225420441,241.621392434,308.300000000,0.000000000,0.000000000
point-0000137,250.267982837,254.353169039,240.511538514,308.900000000,0.000000000,0.000000000
point-0000138,279.908128877,281.989644966,199.565119302,308.900000000,0.000000000,0.000000000
point-0000139,281.948140449,284.807821709,201.467226291,308.900000000,0.000000000,0.000000000
point-0000140,311.299532607,257.440580804,242.014746651,308.900000000,0.000000000,0.000000000
point-0000141,311.588285723,257.171346326,242.413644329,308.900000000,0.000000000,0.000000000
point-0000142,313.628297171,254.353169039,240.511538514,308.900000000,0.000000000,0.000000000
point-0000143,314.038550466,255.030282394,240.606612563,308.900000000,0.000000000,0.000000000
point-0000144,315.837812243,258.029052023,240.606612563,308.900000000,0.000000000,0.000000000
point-0000145,316.308331888,258.467764586,239.956612563,308.900000000,0.000000000,0.000000000
point-0000146,318.335199991,255.089651082,239.956612563,308.900000000,0.000000000,0.000000000
point-0000147,318.805719639,255.528363653,239.306612563,308.900000000,0.000000000,0.000000000
point-0000148,320.832587737,258.906477149,239.306612563,308.900000000,0.000000000,0.000000000
point-0000149,321.303107382,259.345189712,238.656612563,308.900000000,0.000000000,0.000000000
point-0000150,323.329975475,255.967076223,238.656612563,308.900000000,0.000000000,0.000000000
point-0000151,323.800495123,256.405788794,238.006612563,308.900000000,0.000000000,0.000000000
point-0000152,325.827363212,259.783902275,238.006612563,308.900000000,0.000000000,0.000000000
point-0000153,326.297882858,260.222614839,237.356612563,308.900000000,0.000000000,0.000000000
point-0000154,328.324750942,256.844501365,237.356612563,308.900000000,0.000000000,0.000000000
point-0000155,328.795270590,257.283213936,236.706612563,308.900000000,0.000000000,0.000000000
point-0000156,330.822138669,260.661327402,236.706612563,308.900000000,0.000000000,0.000000000
point-0000157,331.292658314,261.100039965,236.056612563,308.900000000,0.000000000,0.000000000
point-0000158,333.319526389,257.721926507,236.056612563,308.900000000,0.000000000,0.000000000
point-0000159,333.790046037,258.160639078,235.406612563,308.900000000,0.000000000,0.000000000
point-0000160,335.816914108,261.538752528,235.406612563,308.900000000,0.000000000,0.000000000
point-0000161,336.287433753,261.977465091,234.756612563,308.900000000,0.000000000,0.000000000
point-0000162,338.314301819,258.599351649,234.756612563,308.900000000,0.000000000,0.000000000
point-0000163,338.784821467,259.038064220,234.106612563,308.900000000,0.000000000,0.000000000
point-0000164,340.811689528,262.416177655,234.106612563,308.900000000,0.000000000,0.000000000
point-0000165,341.282209173,262.854890218,233.456612563,308.900000000,0.000000000,0.000000000
point-0000166,343.309077229,259.476776791,233.456612563,308.900000000,0.000000000,0.000000000
point-0000167,343.779596877,259.915489361,232.806612563,308.900000000,0.000000000,0.000000000
point-0000168,345.806464929,263.293602781,232.806612563,308.900000000,0.000000000,0.000000000
point-0000169,346.276984575,263.732315344,232.156612563,308.900000000,0.000000000,0.000000000
point-0000170,348.303852622,260.354201932,232.156612563,308.900000000,0.000000000,0.000000000
point-0000171,348.774372270,260.792914503,231.506612563,308.900000000,0.000000000,0.000000000
point-0000172,350.801240312,264.171027907,231.506612563,308.900000000,0.000000000,0.000000000
point-0000173,351.271759958,264.609740471,230.856612563,308.900000000,0.000000000,0.000000000
point-0000174,353.298627996,261.231627074,230.856612563,308.900000000,0.000000000,0.000000000
point-0000175,353.769147644,261.670339645,230.206612563,308.900000000,0.000000000,0.000000000
point-0000176,355.796015677,265.048453034,230.206612563,308.900000000,0.000000000,0.000000000
point-0000177,356.266535322,265.487165597,229.556612563,308.900000000,0.000000000,0.000000000
point-0000178,358.293403351,262.109052216,229.556612563,308.900000000,0.000000000,0.000000000
point-0000179,358.763922999,262.547764787,228.906612563,308.900000000,0.000000000,0.000000000
point-0000180,360.790791023,265.925878160,228.906612563,308.900000000,0.000000000,0.000000000
point-0000181,361.261310668,266.364590723,228.256612563,308.900000000,0.000000000,0.000000000
point-0000182,363.288178688,262.986477358,228.256612563,308.900000000,0.000000000,0.000000000
point-0000183,363.758698336,263.425189929,227.606612563,308.900000000,0.000000000,0.000000000
point-0000184,365.785566351,266.803303287,227.606612563,308.900000000,0.000000000,0.000000000
point-0000185,366.256085996,267.242015850,226.956612563,308.900000000,0.000000000,0.000000000
point-0000186,368.282954006,263.863902500,226.956612563,308.900000000,0.000000000,0.000000000
point-0000187,368.753473654,264.302615070,226.306612563,308.900000000,0.000000000,0.000000000
point-0000188,370.780341660,267.680728413,226.306612563,308.900000000,0.000000000,0.000000000
point-0000189,371.250861305,268.119440976,225.656612563,308.900000000,0.000000000,0.000000000
point-0000190,373.277729306,264.741327641,225.656612563,308.900000000,0.000000000,0.000000000
point-0000191,373.748248954,265.180040212,225.006612563,308.900000000,0.000000000,0.000000000
point-0000192,375.775116951,268.558153539,225.006612563,308.900000000,0.000000000,0.000000000
point-0000193,376.245636596,268.996866103,224.356612563,308.900000000,0.000000000,0.000000000
point-0000194,378.272504588,265.618752783,224.356612563,308.900000000,0.000000000,0.000000000
point-0000195,378.743024236,266.057465354,223.706612563,308.900000000,0.000000000,0.000000000
point-0000196,380.769892223,269.435578666,223.706612563,308.900000000,0.000000000,0.000000000
point-0000197,381.240411868,269.874291229,223.056612563,308.900000000,0.000000000,0.000000000
point-0000198,383.267279851,266.496177925,223.056612563,308.900000000,0.000000000,0.000000000
point-0000199,383.737799499,266.934890496,222.406612563,308.900000000,0.000000000,0.000000000
point-0000200,385.764667477,270.313003792,222.406612563,308.900000000,0.000000000,0.000000000
point-0000201,386.235187122,270.751716355,221.756612563,308.900000000,0.000000000,0.000000000
point-0000202,388.262055096,267.373603067,221.756612563,308.900000000,0.000000000,0.000000000
point-0000203,388.732574744,267.812315638,221.106612563,308.900000000,0.000000000,0.000000000
point-0000204,390.759442712,271.190428919,221.106612563,308.900000000,0.000000000,0.000000000
point-0000205,391.229962358,271.629141482,220.456612563,308.900000000,0.000000000,0.000000000
point-0000206,393.256830322,268.251028208,220.456612563,308.900000000,0.000000000,0.000000000
point-0000207,393.727349970,268.689740779,219.806612563,308.900000000,0.000000000,0.000000000
point-0000208,395.754217929,272.067854045,219.806612563,308.900000000,0.000000000,0.000000000
point-0000209,396.224737575,272.506566608,219.156612563,308.900000000,0.000000000,0.000000000
point-0000210,398.251605529,269.128453350,219.156612563,308.900000000,0.000000000,0.000000000
point-0000211,398.722125177,269.567165921,218.506612563,308.900000000,0.000000000,0.000000000
point-0000212,400.748993128,272.945279171,218.506612563,308.900000000,0.000000000,0.000000000
point-0000213,401.219512773,273.383991735,217.856612563,308.900000000,0.000000000,0.000000000
point-0000214,403.246380719,270.005878492,217.856612563,308.900000000,0.000000000,0.000000000
point-0000215,403.716900367,270.444591063,217.206612563,308.900000000,0.000000000,0.000000000
point-0000216,405.743768308,273.822704298,217.206612563,308.900000000,0.000000000,0.000000000
point-0000217,406.214287953,274.261416861,216.556612563,308.900000000,0.000000000,0.000000000
point-0000218,408.241155889,270.883303634,216.556612563,308.900000000,0.000000000,0.000000000
point-0000219,408.711675537,271.322016205,215.906612563,308.900000000,0.000000000,0.000000000
point-0000220,410.738543469,274.700129424,215.906612563,308.900000000,0.000000000,0.000000000
point-0000221,411.209063114,275.138841987,215.256612563,308.900000000,0.000000000,0.000000000
point-0000222,413.235931042,271.760728776,215.256612563,308.900000000,0.000000000,0.000000000
point-0000223,413.706450690,272.199441346,214.606612563,308.900000000,0.000000000,0.000000000
point-0000224,415.733318612,275.577554551,214.606612563,308.900000000,0.000000000,0.000000000
point-0000225,416.203838257,276.016267114,213.956612563,308.900000000,0.000000000,0.000000000
point-0000226,418.230706175,272.638153917,213.956612563,308.900000000,0.000000000,0.000000000
point-0000227,418.701225823,273.076866488,213.306612563,308.900000000,0.000000000,0.000000000
point-0000228,420.728093737,276.454979677,213.306612563,308.900000000,0.000000000,0.000000000
point-0000229,421.198613382,276.893692240,212.656612563,308.900000000,0.000000000,0.000000000
point-0000230,423.225481291,273.515579059,212.656612563,308.900000000,0.000000000,0.000000000
point-0000231,423.696000939,273.954291630,212.006612563,308.900000000,0.000000000,0.000000000
point-0000232,425.722868843,277.332404803,212.006612563,308.900000000,0.000000000,0.000000000
point-0000233,426.193388488,277.771117367,211.356612563,308.900000000,0.000000000,0.000000000
point-0000234,428.220256388,274.393004201,211.356612563,308.900000000,0.000000000,0.000000000
point-0000235,428.690776036,274.831716772,210.706612563,308.900000000,0.000000000,0.000000000
point-0000236,430.717643930,278.209829930,210.706612563,308.900000000,0.000000000,0.000000000
point-0000237,431.188163576,278.648542493,210.056612563,308.900000000,0.000000000,0.000000000
point-0000238,433.215031466,275.270429343,210.056612563,308.900000000,0.000000000,0.000000000
point-0000239,433.685551114,275.709141914,209.406612563,308.900000000,0.000000000,0.000000000
point-0000240,435.712419000,279.087255056,209.406612563,308.900000000,0.000000000,0.000000000
point-0000241,436.182938645,279.525967619,208.756612563,308.900000000,0.000000000,0.000000000
point-0000242,438.209806526,276.147854485,208.756612563,308.900000000,0.000000000,0.000000000
point-0000243,438.680326174,276.586567055,208.106612563,308.900000000,0.000000000,0.000000000
point-0000244,440.707194050,279.964680183,208.106612563,308.900000000,0.000000000,0.000000000
point-0000245,441.177713696,280.403392746,207.456612563,308.900000000,0.000000000,0.000000000
point-0000246,443.204581567,277.025279626,207.456612563,308.900000000,0.000000000,0.000000000
point-0000247,443.675101215,277.463992197,206.806612563,308.900000000,0.000000000,0.000000000
point-0000248,445.701969082,280.842105309,206.806612563,308.900000000,0.000000000,0.000000000
point-0000249,446.172488728,281.280817872,206.156612563,308.900000000,0.000000000,0.000000000
point-0000250,448.199356590,277.902704768,206.156612563,308.900000000,0.000000000,0.000000000
point-0000251,448.669876238,278.341417339,205.506612563,308.900000000,0.000000000,0.000000000
point-0000252,450.696744096,281.719530435,205.506612563,308.900000000,0.000000000,0.000000000
point-0000253,451.167263742,282.158242999,204.856612563,308.900000000,0.000000000,0.000000000
point-0000254,453.194131595,278.780129910,204.856612563,308.900000000,0.000000000,0.000000000
point-0000255,453.664651243,279.218842481,204.206612563,308.900000000,0.000000000,0.000000000
point-0000256,455.691519092,282.596955562,204.206612563,308.900000000,0.000000000,0.000000000
point-0000257,456.162038737,283.035668125,203.556612563,308.900000000,0.000000000,0.000000000
point-0000258,458.188906581,279.657555052,203.556612563,308.900000000,0.000000000,0.000000000
point-0000259,458.659426229,280.096267623,202.906612563,308.900000000,0.000000000,0.000000000
point-0000260,460.686294068,283.474380688,202.906612563,308.900000000,0.000000000,0.000000000
point-0000261,461.156813714,283.913093251,202.256612563,308.900000000,0.000000000,0.000000000
point-0000262,463.183681549,280.534980193,202.256612563,308.900000000,0.000000000,0.000000000
point-0000263,463.654201197,280.973692764,201.606612563,308.900000000,0.000000000,0.000000000
point-0000264,465.681069027,284.351805815,201.606612563,308.900000000,0.000000000,0.000000000
point-0000265,466.316806857,283.515041895,200.956612563,308.900000000,0.000000000,0.000000000
point-0000266,467.578388793,281.412405335,200.956612563,308.900000000,0.000000000,0.000000000
point-0000267,468.048908441,281.851117906,200.306612563,308.900000000,0.000000000,0.000000000
point-0000268,468.469435753,282.551996759,200.306612563,308.900000000,0.000000000,0.000000000
point-0000269,497.244342541,257.590339459,241.256612563,308.900000000,0.000000000,0.000000000
point-0000270,498.202549231,255.993328310,241.256612563,308.900000000,0.000000000,0.000000000
point-0000271,498.899675243,256.956374226,241.906612563,308.900000000,0.000000000,0.000000000
point-0000272,499.016826709,257.151626669,241.906612563,308.900000000,0.000000000,0.000000000
point-0000273,500.872253281,254.437834173,240.550836168,309.500000000,0.000000000,0.000000000
point-0000274,530.512412549,282.439325865,199.853137348,309.500000000,0.000000000,0.000000000
point-0000275,532.552425165,285.240384379,201.780367015,309.500000000,0.000000000,0.000000000
point-0000276,561.903830136,257.511684094,242.081589727,309.500000000,0.000000000,0.000000000
point-0000277,562.192583544,257.238893339,242.478064484,309.500000000,0.000000000,0.000000000
point-0000278,564.232596023,254.437834173,240.550836168,309.500000000,0.000000000,0.000000000
point-0000279,564.622920451,255.012180126,240.245336666,309.500000000,0.000000000,0.000000000
point-0000280,566.662177801,258.410942376,240.245336666,309.500000000,0.000000000,0.000000000
point-0000281,567.135573195,258.858165908,239.595336666,309.500000000,0.000000000,0.000000000
point-0000282,569.174830539,255.459403668,239.595336666,309.500000000,0.000000000,0.000000000
point-0000283,569.648225937,255.906627210,238.945336666,309.500000000,0.000000000,0.000000000
point-0000284,571.687483276,259.305389441,238.945336666,309.500000000,0.000000000,0.000000000
point-0000285,572.160878670,259.752612973,238.295336666,309.500000000,0.000000000,0.000000000
point-0000286,574.200136004,256.353850751,238.295336666,309.500000000,0.000000000,0.000000000
point-0000287,574.673531401,256.801074293,237.645336666,309.500000000,0.000000000,0.000000000
point-0000288,576.712788729,260.199836506,237.645336666,309.500000000,0.000000000,0.000000000
point-0000289,577.186184124,260.647060038,236.995336666,309.500000000,0.000000000,0.000000000
point-0000290,579.225441446,257.248297834,236.995336666,309.500000000,0.000000000,0.000000000
point-0000291,579.698836844,257.695521376,236.345336666,309.500000000,0.000000000,0.000000000
point-0000292,581.738094161,261.094283571,236.345336666,309.500000000,0.000000000,0.000000000
point-0000293,582.211489555,261.541507103,235.695336666,309.500000000,0.000000000,0.000000000
point-0000294,584.250746867,258.142744918,235.695336666,309.500000000,0.000000000,0.000000000
point-0000295,584.724142264,258.589968459,235.045336666,309.500000000,0.000000000,0.000000000
point-0000296,586.763399570,261.988730636,235.045336666,309.500000000,0.000000000,0.000000000
point-0000297,587.236794965,262.435954168,234.395336666,309.500000000,0.000000000,0.000000000
point-0000298,589.276052265,259.037192001,234.395336666,309.500000000,0.000000000,0.000000000
point-0000299,589.749447663,259.484415542,233.745336666,309.500000000,0.000000000,0.000000000
point-0000300,591.788704958,262.883177701,233.745336666,309.500000000,0.000000000,0.000000000
point-0000301,592.262100353,263.330401233,233.095336666,309.500000000,0.000000000,0.000000000
point-0000302,594.301357643,259.931639084,233.095336666,309.500000000,0.000000000,0.000000000
point-0000303,594.774753040,260.378862625,232.445336666,309.500000000,0.000000000,0.000000000
point-0000304,596.814010324,263.777624766,232.445336666,309.500000000,0.000000000,0.000000000
point-0000305,597.287405719,264.224848298,231.795336666,309.500000000,0.000000000,0.000000000
point-0000306,599.326662998,260.826086167,231.795336666,309.500000000,0.000000000,0.000000000
point-0000307,599.800058396,261.273309709,231.145336666,309.500000000,0.000000000,0.000000000
point-0000308,601.839315669,264.672071831,231.145336666,309.500000000,0.000000000,0.000000000
point-0000309,602.312711063,265.119295363,230.495336666,309.500000000,0.000000000,0.000000000
point-0000310,604.351968331,261.720533250,230.495336666,309.500000000,0.000000000,0.000000000
point-0000311,604.825363729,262.167756792,229.845336666,309.500000000,0.000000000,0.000000000
point-0000312,606.864620991,265.566518896,229.845336666,309.500000000,0.000000000,0.000000000
point-0000313,607.338016386,266.013742428,229.195336666,309.500000000,0.000000000,0.000000000
point-0000314,609.377273643,262.614980333,229.195336666,309.500000000,0.000000000,0.000000000
point-0000315,609.850669041,263.062203875,228.545336666,309.500000000,0.000000000,0.000000000
point-0000316,611.889926292,266.460965961,228.545336666,309.500000000,0.000000000,0.000000000
point-0000317,612.363321687,266.908189493,227.895336666,309.500000000,0.000000000,0.000000000
point-0000318,614.402578933,263.509427416,227.895336666,309.500000000,0.000000000,0.000000000
point-0000319,614.875974331,263.956650958,227.245336666,309.500000000,0.000000000,0.000000000
point-0000320,616.915231571,267.355413026,227.245336666,309.500000000,0.000000000,0.000000000
point-0000321,617.388626966,267.802636558,226.595336666,309.500000000,0.000000000,0.000000000
point-0000322,619.427884201,264.403874500,226.595336666,309.500000000,0.000000000,0.000000000
point-0000323,619.901279599,264.851098041,225.945336666,309.500000000,0.000000000,0.000000000
point-0000324,621.940536829,268.249860091,225.945336666,309.500000000,0.000000000,0.000000000
point-0000325,622.413932223,268.697083623,225.295336666,309.500000000,0.000000000,0.000000000
point-0000326,624.453189447,265.298321583,225.295336666,309.500000000,0.000000000,0.000000000
point-0000327,624.926584845,265.745545124,224.645336666,309.500000000,0.000000000,0.000000000
point-0000328,626.965842064,269.144307156,224.645336666,309.500000000,0.000000000,0.000000000
point-0000329,627.439237459,269.591530688,223.995336666,309.500000000,0.000000000,0.000000000
point-0000330,629.478494672,266.192768666,223.995336666,309.500000000,0.000000000,0.000000000
point-0000331,629.951890070,266.639992208,223.345336666,309.500000000,0.000000000,0.000000000
point-0000332,631.991147278,270.038754221,223.345336666,309.500000000,0.000000000,0.000000000
point-0000333,632.464542672,270.485977753,222.695336666,309.500000000,0.000000000,0.000000000
point-0000334,634.503799875,267.087215749,222.695336666,309.500000000,0.000000000,0.000000000
point-0000335,634.977195273,267.534439291,222.045336666,309.500000000,0.000000000,0.000000000
point-0000336,637.016452470,270.933201286,222.045336666,309.500000000,0.000000000,0.000000000
point-0000337,637.489847864,271.380424818,221.395336666,309.500000000,0.000000000,0.000000000
point-0000338,639.529105056,267.981662832,221.395336666,309.500000000,0.000000000,0.000000000
point-0000339,640.002500454,268.428886374,220.745336666,309.500000000,0.000000000,0.000000000
point-0000340,642.041757640,271.827648351,220.745336666,309.500000000,0.000000000,0.000000000
point-0000341,642.515153034,272.274871883,220.095336666,309.500000000,0.000000000,0.000000000
point-0000342,644.554410215,268.876109915,220.095336666,309.500000000,0.000000000,0.000000000
point-0000343,645.027805613,269.323333457,219.445336666,309.500000000,0.000000000,0.000000000
point-0000344,647.067062788,272.722095416,219.445336666,309.500000000,0.000000000,0.000000000
point-0000345,647.540458183,273.169318948,218.795336666,309.500000000,0.000000000,0.000000000
point-0000346,649.579715352,269.770556999,218.795336666,309.500000000,0.000000000,0.000000000
point-0000347,650.053110750,270.217780540,218.145336666,309.500000000,0.000000000,0.000000000
point-0000348,652.092367915,273.616542481,218.145336666,309.500000000,0.000000000,0.000000000
point-0000349,652.565763309,274.063766013,217.495336666,309.500000000,0.000000000,0.000000000
point-0000350,654.605020468,270.665004082,217.495336666,309.500000000,0.000000000,0.000000000
point-0000351,655.078415866,271.112227623,216.845336666,309.500000000,0.000000000,0.000000000
point-0000352,657.117673019,274.510989546,216.845336666,309.500000000,0.000000000,0.000000000
point-0000353,657.591068414,274.958213078,216.195336666,309.500000000,0.000000000,0.000000000
point-0000354,659.630325562,271.559451165,216.195336666,309.500000000,0.000000000,0.000000000
point-0000355,660.103720960,272.006674707,215.545336666,309.500000000,0.000000000,0.000000000
point-0000356,662.142978102,275.405436611,215.545336666,309.500000000,0.000000000,0.000000000
point-0000357,662.616373497,275.852660143,214.895336666,309.500000000,0.000000000,0.000000000
point-0000358,664.655630634,272.453898248,214.895336666,309.500000000,0.000000000,0.000000000
point-0000359,665.129026032,272.901121790,214.245336666,309.500000000,0.000000000,0.000000000
point-0000360,667.168283164,276.299883676,214.245336666,309.500000000,0.000000000,0.000000000
point-0000361,667.641678558,276.747107208,213.595336666,309.500000000,0.000000000,0.000000000
point-0000362,669.680935684,273.348345331,213.595336666,309.500000000,0.000000000,0.000000000
point-0000363,670.154331082,273.795568873,212.945336666,309.500000000,0.000000000,0.000000000
point-0000364,672.193588203,277.194330741,212.945336666,309.500000000,0.000000000,0.000000000
point-0000365,672.666983598,277.641554273,212.295336666,309.500000000,0.000000000,0.000000000
point-0000366,674.706240713,274.242792414,212.295336666,309.500000000,0.000000000,0.000000000
point-0000367,675.179636111,274.690015956,211.645336666,309.500000000,0.000000000,0.000000000
point-0000368,677.218893221,278.088777806,211.645336666,309.500000000,0.000000000,0.000000000
point-0000369,677.692288615,278.536001338,210.995336666,309.500000000,0.000000000,0.000000000
point-0000370,679.731545720,275.137239498,210.995336666,309.500000000,0.000000000,0.000000000
point-0000371,680.204941117,275.584463039,210.345336666,309.500000000,0.000000000,0.000000000
point-0000372,682.244198216,278.983224871,210.345336666,309.500000000,0.000000000,0.000000000
point-0000373,682.717593611,279.430448403,209.695336666,309.500000000,0.000000000,0.000000000
point-0000374,684.756850705,276.031686581,209.695336666,309.500000000,0.000000000,0.000000000
point-0000375,685.230246102,276.478910122,209.045336666,309.500000000,0.000000000,0.000000000
point-0000376,687.269503190,279.877671936,209.045336666,309.500000000,0.000000000,0.000000000
point-0000377,687.742898585,280.324895468,208.395336666,309.500000000,0.000000000,0.000000000
point-0000378,689.782155668,276.926133664,208.395336666,309.500000000,0.000000000,0.000000000
point-0000379,690.255551065,277.373357206,207.745336666,309.500000000,0.000000000,0.000000000
point-0000380,692.294808143,280.772119001,207.745336666,309.500000000,0.000000000,0.000000000
point-0000381,692.768203537,281.219342533,207.095336666,309.500000000,0.000000000,0.000000000
point-0000382,694.807460609,277.820580747,207.095336666,309.500000000,0.000000000,0.000000000
point-0000383,695.280856007,278.267804289,206.445336666,309.500000000,0.000000000,0.000000000
point-0000384,697.320113073,281.666566066,206.445336666,309.500000000,0.000000000,0.000000000
point-0000385,697.793508468,282.113789598,205.795336666,309.500000000,0.000000000,0.000000000
point-0000386,699.832765529,278.715027830,205.795336666,309.500000000,0.000000000,0.000000000
point-0000387,700.306160926,279.162251372,205.145336666,309.500000000,0.000000000,0.000000000
point-0000388,702.345417982,282.561013131,205.145336666,309.500000000,0.000000000,0.000000000
point-0000389,702.818813377,283.008236663,204.495336666,309.500000000,0.000000000,0.000000000
point-0000390,704.858070426,279.609474913,204.495336666,309.500000000,0.000000000,0.000000000
point-0000391,705.331465824,280.056698455,203.845336666,309.500000000,0.000000000,0.000000000
point-0000392,707.370722869,283.455460196,203.845336666,309.500000000,0.000000000,0.000000000
point-0000393,707.844118263,283.902683728,203.195336666,309.500000000,0.000000000,0.000000000
point-0000394,709.883375303,280.503921997,203.195336666,309.500000000,0.000000000,0.000000000
point-0000395,710.356770700,280.951145538,202.545336666,309.500000000,0.000000000,0.000000000
point-0000396,712.396027734,284.349907261,202.545336666,309.500000000,0.000000000,0.000000000
point-0000397,712.869423129,284.797130793,201.895336666,309.500000000,0.000000000,0.000000000
point-0000398,714.908680157,281.398369080,201.895336666,309.500000000,0.000000000,0.000000000
point-0000399,715.382075554,281.845592621,201.245336666,309.500000000,0.000000000,0.000000000
point-0000400,716.634822698,283.933504527,201.245336666,309.500000000,0.000000000,0.000000000
point-0000401,717.322861194,282.988786798,200.595336666,309.500000000,0.000000000,0.000000000
point-0000402,717.740443575,282.292816163,200.595336666,309.500000000,0.000000000,0.000000000
point-0000403,745.985057070,257.963718843,240.895336666,309.500000000,0.000000000,0.000000000
point-0000404,747.482610489,255.467796478,240.895336666,309.500000000,0.000000000,0.000000000
point-0000405,748.170649421,256.412515089,241.545336666,309.500000000,0.000000000,0.000000000
point-0000406,748.833037554,257.516495311,241.545336666,309.500000000,0.000000000,0.000000000
point-0000407,750.752896333,254.521939369,240.590806198,310.100000000,0.000000000,0.000000000
point-0000408,780.393025149,282.885306764,200.144538118,310.100000000,0.000000000,0.000000000
point-0000409,782.433035350,285.669059874,202.096673934,310.100000000,0.000000000,0.000000000
point-0000410,811.784410642,257.582008685,242.148915912,310.100000000,0.000000000,0.000000000
point-0000411,812.073163396,257.305693062,242.542940856,310.100000000,0.000000000,0.000000000
point-0000412,814.113173485,254.521939369,240.590806198,310.100000000,0.000000000,0.000000000
point-0000413,814.382900393,254.968301624,240.537408580,310.100000000,0.000000000,0.000000000
point-0000414,816.409328212,258.345681323,240.537408580,310.100000000,0.000000000,0.000000000
point-0000415,816.885665939,257.889862063,241.187408580,310.100000000,0.000000000,0.000000000
point-0000416,818.082460271,255.895204844,241.187408580,310.100000000,0.000000000,0.000000000
point-0000417,818.761720051,256.822108064,241.837408580,310.100000000,0.000000000,0.000000000
point-0000418,819.128880894,257.434042804,241.837408580,310.100000000,0.000000000,0.000000000
point-0000419,820.557894078,258.801500582,239.887408580,310.100000000,0.000000000,0.000000000
point-0000420,822.609823194,255.381618721,239.887408580,310.100000000,0.000000000,0.000000000
point-0000421,823.086160925,255.837437989,239.237408580,310.100000000,0.000000000,0.000000000
point-0000422,825.138090037,259.257319841,239.237408580,310.100000000,0.000000000,0.000000000
point-0000423,825.614427764,259.713139101,238.587408580,310.100000000,0.000000000,0.000000000
point-0000424,827.666356871,256.293257256,238.587408580,310.100000000,0.000000000,0.000000000
point-0000425,828.142694602,256.749076523,237.937408580,310.100000000,0.000000000,0.000000000
point-0000426,830.194623704,260.168958360,237.937408580,310.100000000,0.000000000,0.000000000
point-0000427,830.670961432,260.624777619,237.287408580,310.100000000,0.000000000,0.000000000
point-0000428,832.722890529,257.204895791,237.287408580,310.100000000,0.000000000,0.000000000
point-0000429,833.199228260,257.660715058,236.637408580,310.100000000,0.000000000,0.000000000
point-0000430,835.251157352,261.080596878,236.637408580,310.100000000,0.000000000,0.000000000
point-0000431,835.727495080,261.536416138,235.987408580,310.100000000,0.000000000,0.000000000
point-0000432,837.779424167,258.116534325,235.987408580,310.100000000,0.000000000,0.000000000
point-0000433,838.255761898,258.572353592,235.337408580,310.100000000,0.000000000,0.000000000
point-0000434,840.307690981,261.992235397,235.337408580,310.100000000,0.000000000,0.000000000
point-0000435,840.784028709,262.448054656,234.687408580,310.100000000,0.000000000,0.000000000
point-0000436,842.835957787,259.028172860,234.687408580,310.100000000,0.000000000,0.000000000
point-0000437,843.312295517,259.483992127,234.037408580,310.100000000,0.000000000,0.000000000
point-0000438,845.364224590,262.903873916,234.037408580,310.100000000,0.000000000,0.000000000
point-0000439,845.840562318,263.359693175,233.387408580,310.100000000,0.000000000,0.000000000
point-0000440,847.892491387,259.939811394,233.387408580,310.100000000,0.000000000,0.000000000
point-0000441,848.368829117,260.395630662,232.737408580,310.100000000,0.000000000,0.000000000
point-0000442,850.420758181,263.815512434,232.737408580,310.100000000,0.000000000,0.000000000
point-0000443,850.897095909,264.271331694,232.087408580,310.100000000,0.000000000,0.000000000
point-0000444,852.949024968,260.851449929,232.087408580,310.100000000,0.000000000,0.000000000
point-0000445,853.425362698,261.307269196,231.437408580,310.100000000,0.000000000,0.000000000
point-0000446,855.477291752,264.727150953,231.437408580,310.100000000,0.000000000,0.000000000
point-0000447,855.953629480,265.182970212,230.787408580,310.100000000,0.000000000,0.000000000
point-0000448,858.005558529,261.763088464,230.787408580,310.100000000,0.000000000,0.000000000
point-0000449,858.481896260,262.218907731,230.137408580,310.100000000,0.000000000,0.000000000
point-0000450,860.533825304,265.638789472,230.137408580,310.100000000,0.000000000,0.000000000
point-0000451,861.010163032,266.094608731,229.487408580,310.100000000,0.000000000,0.000000000
point-0000452,863.062092072,262.674726998,229.487408580,310.100000000,0.000000000,0.000000000
point-0000453,863.538429802,263.130546266,228.837408580,310.100000000,0.000000000,0.000000000
point-0000454,865.590358837,266.550427990,228.837408580,310.100000000,0.000000000,0.000000000
point-0000455,866.066696565,267.006247250,228.187408580,310.100000000,0.000000000,0.000000000
point-0000456,868.118625595,263.586365533,228.187408580,310.100000000,0.000000000,0.000000000
point-0000457,868.594963326,264.042184800,227.537408580,310.100000000,0.000000000,0.000000000
point-0000458,870.646892351,267.462066509,227.537408580,310.100000000,0.000000000,0.000000000
point-0000459,871.123230079,267.917885768,226.887408580,310.100000000,0.000000000,0.000000000
point-0000460,873.175159099,264.498004068,226.887408580,310.100000000,0.000000000,0.000000000
point-0000461,873.651496830,264.953823335,226.237408580,310.100000000,0.000000000,0.000000000
point-0000462,875.703425845,268.373705028,226.237408580,310.100000000,0.000000000,0.000000000
point-0000463,876.179763573,268.829524287,225.587408580,310.100000000,0.000000000,0.000000000
point-0000464,878.231692584,265.409642602,225.587408580,310.100000000,0.000000000,0.000000000
point-0000465,878.708030315,265.865461870,224.937408580,310.100000000,0.000000000,0.000000000
point-0000466,880.759959321,269.285343546,224.937408580,310.100000000,0.000000000,0.000000000
point-0000467,881.236297049,269.741162806,224.287408580,310.100000000,0.000000000,0.000000000
point-0000468,883.288226050,266.321281137,224.287408580,310.100000000,0.000000000,0.000000000
point-0000469,883.764563780,266.777100404,223.637408580,310.100000000,0.000000000,0.000000000
point-0000470,885.816492777,270.196982065,223.637408580,310.100000000,0.000000000,0.000000000
point-0000471,886.292830505,270.652801324,222.987408580,310.100000000,0.000000000,0.000000000
point-0000472,888.344759496,267.232919671,222.987408580,310.100000000,0.000000000,0.000000000
point-0000473,888.821097227,267.688738939,222.337408580,310.100000000,0.000000000,0.000000000
point-0000474,890.873026214,271.108620584,222.337408580,310.100000000,0.000000000,0.000000000
point-0000475,891.349363942,271.564439843,221.687408580,310.100000000,0.000000000,0.000000000
point-0000476,893.401292924,268.144558206,221.687408580,310.100000000,0.000000000,0.000000000
point-0000477,893.877630654,268.600377473,221.037408580,310.100000000,0.000000000,0.000000000
point-0000478,895.929559632,272.020259102,221.037408580,310.100000000,0.000000000,0.000000000
point-0000479,896.405897359,272.476078361,220.387408580,310.100000000,0.000000000,0.000000000
point-0000480,898.457826332,269.056196741,220.387408580,310.100000000,0.000000000,0.000000000
point-0000481,898.934164062,269.512016008,219.737408580,310.100000000,0.000000000,0.000000000
point-0000482,900.986093030,272.931897621,219.737408580,310.100000000,0.000000000,0.000000000
point-0000483,901.462430758,273.387716880,219.087408580,310.100000000,0.000000000,0.000000000
point-0000484,903.514359721,269.967835275,219.087408580,310.100000000,0.000000000,0.000000000
point-0000485,903.990697451,270.423654543,218.437408580,310.100000000,0.000000000,0.000000000
point-0000486,906.042626409,273.843536139,218.437408580,310.100000000,0.000000000,0.000000000
point-0000487,906.518964137,274.299355399,217.787408580,310.100000000,0.000000000,0.000000000
point-0000488,908.570893090,270.879473810,217.787408580,310.100000000,0.000000000,0.000000000
point-0000489,909.047230821,271.335293077,217.137408580,310.100000000,0.000000000,0.000000000
point-0000490,911.099159770,274.755174658,217.137408580,310.100000000,0.000000000,0.000000000
point-0000491,911.575497497,275.210993917,216.487408580,310.100000000,0.000000000,0.000000000
point-0000492,913.627426441,271.791112345,216.487408580,310.100000000,0.000000000,0.000000000
point-0000493,914.103764172,272.246931612,215.837408580,310.100000000,0.000000000,0.000000000
point-0000494,916.155693110,275.666813177,215.837408580,310.100000000,0.000000000,0.000000000
point-0000495,916.632030838,276.122632436,215.187408580,310.100000000,0.000000000,0.000000000
point-0000496,918.683959772,272.702750879,215.187408580,310.100000000,0.000000000,0.000000000
point-0000497,919.160297503,273.158570147,214.537408580,310.100000000,0.000000000,0.000000000
point-0000498,921.212226432,276.578451695,214.537408580,310.100000000,0.000000000,0.000000000
point-0000499,921.688564160,277.034270955,213.887408580,310.100000000,0.000000000,0.000000000
point-0000500,923.740493085,273.614389414,213.887408580,310.100000000,0.000000000,0.000000000
point-0000501,924.216830815,274.070208681,213.237408580,310.100000000,0.000000000,0.000000000
point-0000502,926.268759735,277.490090214,213.237408580,310.100000000,0.000000000,0.000000000
point-0000503,926.745097463,277.945909473,212.587408580,310.100000000,0.000000000,0.000000000
point-0000504,928.797026378,274.526027949,212.587408580,310.100000000,0.000000000,0.000000000
point-0000505,929.273364108,274.981847216,211.937408580,310.100000000,0.000000000,0.000000000
point-0000506,931.325293018,278.401728733,211.937408580,310.100000000,0.000000000,0.000000000
point-0000507,931.801630746,278.857547992,211.287408580,310.100000000,0.000000000,0.000000000
point-0000508,933.853559651,275.437666483,211.287408580,310.100000000,0.000000000,0.000000000
point-0000509,934.329897382,275.893485751,210.637408580,310.100000000,0.000000000,0.000000000
point-0000510,936.381826282,279.313367251,210.637408580,310.100000000,0.000000000,0.000000000
point-0000511,936.858164010,279.769186511,209.987408580,310.100000000,0.000000000,0.000000000
point-0000512,938.910092906,276.349305018,209.987408580,310.100000000,0.000000000,0.000000000
point-0000513,939.386430636,276.805124285,209.337408580,310.100000000,0.000000000,0.000000000
point-0000514,941.438359527,280.225005770,209.337408580,310.100000000,0.000000000,0.000000000
point-0000515,941.914697255,280.680825029,208.687408580,310.100000000,0.000000000,0.000000000
point-0000516,943.966626141,277.260943552,208.687408580,310.100000000,0.000000000,0.000000000
point-0000517,944.442963872,277.716762820,208.037408580,310.100000000,0.000000000,0.000000000
point-0000518,946.494892753,281.136644289,208.037408580,310.100000000,0.000000000,0.000000000
point-0000519,946.971230481,281.592463548,207.387408580,310.100000000,0.000000000,0.000000000
point-0000520,949.023159357,278.172582087,207.387408580,310.100000000,0.000000000,0.000000000
point-0000521,949.499497088,278.628401354,206.737408580,310.100000000,0.000000000,0.000000000
point-0000522,951.551425960,282.048282807,206.737408580,310.100000000,0.000000000,0.000000000
point-0000523,952.027763688,282.504102066,206.087408580,310.100000000,0.000000000,0.000000000
point-0000524,954.079692554,279.084220622,206.087408580,310.100000000,0.000000000,0.000000000
point-0000525,954.556030285,279.540039889,205.437408580,310.100000000,0.000000000,0.000000000
point-0000526,956.607959147,282.959921326,205.437408580,310.100000000,0.000000000,0.000000000
point-0000527,957.084296875,283.415740585,204.787408580,310.100000000,0.000000000,0.000000000
point-0000528,959.136225732,279.995859156,204.787408580,310.100000000,0.000000000,0.000000000
point-0000529,959.612563463,280.451678424,204.137408580,310.100000000,0.000000000,0.000000000
point-0000530,961.664492315,283.871559844,204.137408580,310.100000000,0.000000000,0.000000000
point-0000531,962.140830043,284.327379104,203.487408580,310.100000000,0.000000000,0.000000000
point-0000532,964.192758891,280.907497691,203.487408580,310.100000000,0.000000000,0.000000000
point-0000533,964.669096621,281.363316958,202.837408580,310.100000000,0.000000000,0.000000000
point-0000534,966.721025464,284.783198363,202.837408580,310.100000000,0.000000000,0.000000000
point-0000535,967.197363192,285.239017622,202.187408580,310.100000000,0.000000000,0.000000000
point-0000536,969.249292030,281.819136226,202.187408580,310.100000000,0.000000000,0.000000000
point-0000537,969.725629761,282.274955493,201.537408580,310.100000000,0.000000000,0.000000000
point-0000538,970.970079330,284.349038108,201.537408580,310.100000000,0.000000000,0.000000000
point-0000539,971.649338744,283.422135632,200.887408580,310.100000000,0.000000000,0.000000000
point-0000540,972.064155267,282.730774760,200.887408580,310.100000000,0.000000000,0.000000000
point-0000541,1001.279781512,254.605461402,240.631424425,310.700000000,0.000000000,0.000000000
point-0000542,1030.919853575,283.327477134,200.439165486,310.700000000,0.000000000,0.000000000
point-0000543,1032.959859281,286.093747006,202.415985070,310.700000000,0.000000000,0.000000000
point-0000544,1062.311179356,257.651540130,242.216693558,310.700000000,0.000000000,0.000000000
point-0000545,1062.599930778,257.371731738,242.608243182,310.700000000,0.000000000,0.000000000
point-0000546,1064.639936422,254.605461402,240.631424425,310.700000000,0.000000000,0.000000000
point-0000547,1065.133494242,255.403060368,240.832672209,310.700000000,0.000000000,0.000000000
point-0000548,1066.854770872,258.271854753,240.832672209,310.700000000,0.000000000,0.000000000
point-0000549,1067.334118069,257.807354618,241.482672209,310.700000000,0.000000000,0.000000000
point-0000550,1068.230946342,256.312640830,241.482672209,310.700000000,0.000000000,0.000000000
point-0000551,1068.901722894,257.222221292,242.132672209,310.700000000,0.000000000,0.000000000
point-0000552,1068.974102680,257.342854269,242.132672209,310.700000000,0.000000000,0.000000000
point-0000553,1070.412144345,258.736354888,240.182672209,310.700000000,0.000000000,0.000000000
point-0000554,1072.477031770,255.294875846,240.182672209,310.700000000,0.000000000,0.000000000
point-0000555,1072.956378968,255.759375986,239.532672209,310.700000000,0.000000000,0.000000000
point-0000556,1075.021266391,259.200855023,239.532672209,310.700000000,0.000000000,0.000000000
point-0000557,1075.500613587,259.665355158,238.882672209,310.700000000,0.000000000,0.000000000
point-0000558,1077.565501007,256.223876126,238.882672209,310.700000000,0.000000000,0.000000000
point-0000559,1078.044848205,256.688376266,238.232672209,310.700000000,0.000000000,0.000000000
point-0000560,1080.109735621,260.129855293,238.232672209,310.700000000,0.000000000,0.000000000
point-0000561,1080.589082818,260.594355428,237.582672209,310.700000000,0.000000000,0.000000000
point-0000562,1082.653970232,257.152876406,237.582672209,310.700000000,0.000000000,0.000000000
point-0000563,1083.133317430,257.617376546,236.932672209,310.700000000,0.000000000,0.000000000
point-0000564,1085.198204840,261.058855564,236.932672209,310.700000000,0.000000000,0.000000000
point-0000565,1085.677552037,261.523355699,236.282672209,310.700000000,0.000000000,0.000000000
point-0000566,1087.742439445,258.081876686,236.282672209,310.700000000,0.000000000,0.000000000
point-0000567,1088.221786643,258.546376826,235.632672209,310.700000000,0.000000000,0.000000000
point-0000568,1090.286674048,261.987855834,235.632672209,310.700000000,0.000000000,0.000000000
point-0000569,1090.766021245,262.452355969,234.982672209,310.700000000,0.000000000,0.000000000
point-0000570,1092.830908646,259.010876967,234.982672209,310.700000000,0.000000000,0.000000000
point-0000571,1093.310255845,259.475377107,234.332672209,310.700000000,0.000000000,0.000000000
point-0000572,1095.375143243,262.916856104,234.332672209,310.700000000,0.000000000,0.000000000
point-0000573,1095.854490440,263.381356239,233.682672209,310.700000000,0.000000000,0.000000000
point-0000574,1097.919377836,259.939877247,233.682672209,310.700000000,0.000000000,0.000000000
point-0000575,1098.398725034,260.404377387,233.032672209,310.700000000,0.000000000,0.000000000
point-0000576,1100.463612427,263.845856374,233.032672209,310.700000000,0.000000000,0.000000000
point-0000577,1100.942959624,264.310356509,232.382672209,310.700000000,0.000000000,0.000000000
point-0000578,1103.007847013,260.868877527,232.382672209,310.700000000,0.000000000,0.000000000
point-0000579,1103.487194212,261.333377667,231.732672209,310.700000000,0.000000000,0.000000000
point-0000580,1105.552081599,264.774856644,231.732672209,310.700000000,0.000000000,0.000000000
point-0000581,1106.031428796,265.239356780,231.082672209,310.700000000,0.000000000,0.000000000
point-0000582,1108.096316179,261.797877807,231.082672209,310.700000000,0.000000000,0.000000000
point-0000583,1108.575663378,262.262377947,230.432672209,310.700000000,0.000000000,0.000000000
point-0000584,1110.640550759,265.703856915,230.432672209,310.700000000,0.000000000,0.000000000
point-0000585,1111.119897956,266.168357050,229.782672209,310.700000000,0.000000000,0.000000000
point-0000586,1113.184785333,262.726878087,229.782672209,310.700000000,0.000000000,0.000000000
point-0000587,1113.664132532,263.191378227,229.132672209,310.700000000,0.000000000,0.000000000
point-0000588,1115.729019907,266.632857185,229.132672209,310.700000000,0.000000000,0.000000000
point-0000589,1116.208367104,267.097357320,228.482672209,310.700000000,0.000000000,0.000000000
point-0000590,1118.273254476,263.655878367,228.482672209,310.700000000,0.000000000,0.000000000
point-0000591,1118.752601674,264.120378507,227.832672209,310.700000000,0.000000000,0.000000000
point-0000592,1120.817489043,267.561857455,227.832672209,310.700000000,0.000000000,0.000000000
point-0000593,1121.296836240,268.026357590,227.182672209,310.700000000,0.000000000,0.000000000
point-0000594,1123.361723606,264.584878647,227.182672209,310.700000000,0.000000000,0.000000000
point-0000595,1123.841070805,265.049378787,226.532672209,310.700000000,0.000000000,0.000000000
point-0000596,1125.905958168,268.490857725,226.532672209,310.700000000,0.000000000,0.000000000
point-0000597,1126.385305365,268.955357860,225.882672209,310.700000000,0.000000000,0.000000000
point-0000598,1128.450192725,265.513878927,225.882672209,310.700000000,0.000000000,0.000000000
point-0000599,1128.929539924,265.978379067,225.232672209,310.700000000,0.000000000,0.000000000
point-0000600,1130.994427281,269.419857996,225.232672209,310.700000000,0.000000000,0.000000000
point-0000601,1131.473774478,269.884358131,224.582672209,310.700000000,0.000000000,0.000000000
point-0000602,1133.538661832,266.442879207,224.582672209,310.700000000,0.000000000,0.000000000
point-0000603,1134.018009031,266.907379347,223.932672209,310.700000000,0.000000000,0.000000000
point-0000604,1136.082896382,270.348858266,223.932672209,310.700000000,0.000000000,0.000000000
point-0000605,1136.562243579,270.813358401,223.282672209,310.700000000,0.000000000,0.000000000
point-0000606,1138.627130927,267.371879487,223.282672209,310.700000000,0.000000000,0.000000000
point-0000607,1139.106478126,267.836379627,222.632672209,310.700000000,0.000000000,0.000000000
point-0000608,1141.171365471,271.277858536,222.632672209,310.700000000,0.000000000,0.000000000
point-0000609,1141.650712668,271.742358671,221.982672209,310.700000000,0.000000000,0.000000000
point-0000610,1143.715600011,268.300879767,221.982672209,310.700000000,0.000000000,0.000000000
point-0000611,1144.194947209,268.765379907,221.332672209,310.700000000,0.000000000,0.000000000
point-0000612,1146.259834549,272.206858806,221.332672209,310.700000000,0.000000000,0.000000000
point-0000613,1146.739181746,272.671358941,220.682672209,310.700000000,0.000000000,0.000000000
point-0000614,1148.804069082,269.229880047,220.682672209,310.700000000,0.000000000,0.000000000
point-0000615,1149.283416281,269.694380187,220.032672209,310.700000000,0.000000000,0.000000000
point-0000616,1151.348303614,273.135859076,220.032672209,310.700000000,0.000000000,0.000000000
point-0000617,1151.827650811,273.600359211,219.382672209,310.700000000,0.000000000,0.000000000
point-0000618,1153.892538142,270.158880327,219.382672209,310.700000000,0.000000000,0.000000000
point-0000619,1154.371885340,270.623380467,218.732672209,310.700000000,0.000000000,0.000000000
point-0000620,1156.436772668,274.064859347,218.732672209,310.700000000,0.000000000,0.000000000
point-0000621,1156.916119865,274.529359482,218.082672209,310.700000000,0.000000000,0.000000000
point-0000622,1158.981007190,271.087880607,218.082672209,310.700000000,0.000000000,0.000000000
point-0000623,1159.460354388,271.552380747,217.432672209,310.700000000,0.000000000,0.000000000
point-0000624,1161.525241710,274.993859617,217.432672209,310.700000000,0.000000000,0.000000000
point-0000625,1162.004588907,275.458359752,216.782672209,310.700000000,0.000000000,0.000000000
point-0000626,1164.069476226,272.016880887,216.782672209,310.700000000,0.000000000,0.000000000
point-0000627,1164.548823425,272.481381027,216.132672209,310.700000000,0.000000000,0.000000000
point-0000628,1166.613710740,275.922859887,216.132672209,310.700000000,0.000000000,0.000000000
point-0000629,1167.093057937,276.387360022,215.482672209,310.700000000,0.000000000,0.000000000
point-0000630,1169.157945250,272.945881167,215.482672209,310.700000000,0.000000000,0.000000000
point-0000631,1169.637292449,273.410381307,214.832672209,310.700000000,0.000000000,0.000000000
point-0000632,1171.702179759,276.851860157,214.832672209,310.700000000,0.000000000,0.000000000
point-0000633,1172.181526956,277.316360292,214.182672209,310.700000000,0.000000000,0.000000000
point-0000634,1174.246414263,273.874881447,214.182672209,310.700000000,0.000000000,0.000000000
point-0000635,1174.725761461,274.339381587,213.532672209,310.700000000,0.000000000,0.000000000
point-0000636,1176.790648766,277.780860427,213.532672209,310.700000000,0.000000000,0.000000000
point-0000637,1177.269995962,278.245360563,212.882672209,310.700000000,0.000000000,0.000000000
point-0000638,1179.334883264,274.803881727,212.882672209,310.700000000,0.000000000,0.000000000
point-0000639,1179.814230462,275.268381867,212.232672209,310.700000000,0.000000000,0.000000000
point-0000640,1181.879117760,278.709860698,212.232672209,310.700000000,0.000000000,0.000000000
point-0000641,1182.358464957,279.174360833,211.582672209,310.700000000,0.000000000,0.000000000
point-0000642,1184.423352253,275.732882007,211.582672209,310.700000000,0.000000000,0.000000000
point-0000643,1184.902699451,276.197382147,210.932672209,310.700000000,0.000000000,0.000000000
point-0000644,1186.967586743,279.638860968,210.932672209,310.700000000,0.000000000,0.000000000
point-0000645,1187.446933940,280.103361103,210.282672209,310.700000000,0.000000000,0.000000000
point-0000646,1189.511821230,276.661882287,210.282672209,310.700000000,0.000000000,0.000000000
point-0000647,1189.991168428,277.126382427,209.632672209,310.700000000,0.000000000,0.000000000
point-0000648,1192.056055715,280.567861238,209.632672209,310.700000000,0.000000000,0.000000000
point-0000649,1192.535402912,281.032361373,208.982672209,310.700000000,0.000000000,0.000000000
point-0000650,1194.600290195,277.590882567,208.982672209,310.700000000,0.000000000,0.000000000
point-0000651,1195.079637394,278.055382708,208.332672209,310.700000000,0.000000000,0.000000000
point-0000652,1197.144524674,281.496861508,208.332672209,310.700000000,0.000000000,0.000000000
point-0000653,1197.623871871,281.961361643,207.682672209,310.700000000,0.000000000,0.000000000
point-0000654,1199.688759149,278.519882848,207.682672209,310.700000000,0.000000000,0.000000000
point-0000655,1200.168106347,278.984382988,207.032672209,310.700000000,0.000000000,0.000000000
point-0000656,1202.232993622,282.425861779,207.032672209,310.700000000,0.000000000,0.000000000
point-0000657,1202.712340819,282.890361914,206.382672209,310.700000000,0.000000000,0.000000000
point-0000658,1204.777228090,279.448883128,206.382672209,310.700000000,0.000000000,0.000000000
point-0000659,1205.256575289,279.913383268,205.732672209,310.700000000,0.000000000,0.000000000
point-0000660,1207.321462558,283.354862049,205.732672209,310.700000000,0.000000000,0.000000000
point-0000661,1207.800809755,283.819362184,205.082672209,310.700000000,0.000000000,0.000000000
point-0000662,1209.865697020,280.377883408,205.082672209,310.700000000,0.000000000,0.000000000
point-0000663,1210.345044219,280.842383548,204.432672209,310.700000000,0.000000000,0.000000000
point-0000664,1212.409931482,284.283862319,204.432672209,310.700000000,0.000000000,0.000000000
point-0000665,1212.889278679,284.748362454,203.782672209,310.700000000,0.000000000,0.000000000
point-0000666,1214.954165938,281.306883688,203.782672209,310.700000000,0.000000000,0.000000000
point-0000667,1215.433513137,281.771383828,203.132672209,310.700000000,0.000000000,0.000000000
point-0000668,1217.498400394,285.212862589,203.132672209,310.700000000,0.000000000,0.000000000
point-0000669,1217.975567154,285.671084141,202.482672209,310.700000000,0.000000000,0.000000000
point-0000670,1220.036687257,282.235883968,202.482672209,310.700000000,0.000000000,0.000000000
point-0000671,1220.516034456,282.700384108,201.832672209,310.700000000,0.000000000,0.000000000
point-0000672,1221.752706518,284.761504212,201.832672209,310.700000000,0.000000000,0.000000000
point-0000673,1222.423482810,283.851924282,201.182672209,310.700000000,0.000000000,0.000000000
point-0000674,1222.835706831,283.164884248,201.182672209,310.700000000,0.000000000,0.000000000
point-0000675,1252.049799398,254.688377048,240.672666656,311.300000000,0.000000000,0.000000000
point-0000676,1281.689803244,283.765726460,200.736863364,311.300000000,0.000000000,0.000000000
point-0000677,1283.729803550,286.514344558,202.738138462,311.300000000,0.000000000,0.000000000
point-0000678,1313.369807383,257.436995153,242.673941730,311.300000000,0.000000000,0.000000000
point-0000679,1315.409807684,254.688377048,240.672666656,311.300000000,0.000000000,0.000000000
point-0000680,1315.737085627,255.199046337,240.480971524,311.300000000,0.000000000,0.000000000
point-0000681,1317.815221506,258.662606134,240.480971524,311.300000000,0.000000000,0.000000000
point-0000682,1318.297645819,258.189339652,241.130971524,311.300000000,0.000000000,0.000000000
point-0000683,1319.714747560,255.827503417,241.130971524,311.300000000,0.000000000,0.000000000
point-0000684,1320.377325240,256.720235152,241.780971524,311.300000000,0.000000000,0.000000000
point-0000685,1320.974828051,257.716073170,241.780971524,311.300000000,0.000000000,0.000000000
point-0000686,1322.422100993,259.135872616,239.830971524,311.300000000,0.000000000,0.000000000
point-0000687,1324.500236871,255.672312818,239.830971524,311.300000000,0.000000000,0.000000000
point-0000688,1324.982661185,256.145579300,239.180971524,311.300000000,0.000000000,0.000000000
point-0000689,1327.060797063,259.609139097,239.180971524,311.300000000,0.000000000,0.000000000
point-0000690,1327.543221377,260.082405579,238.530971524,311.300000000,0.000000000,0.000000000
point-0000691,1329.621357256,256.618845782,238.530971524,311.300000000,0.000000000,0.000000000
point-0000692,1330.103781569,257.092112263,237.880971524,311.300000000,0.000000000,0.000000000
point-0000693,1332.181917448,260.555672061,237.880971524,311.300000000,0.000000000,0.000000000
point-0000694,1332.664341762,261.028938543,237.230971524,311.300000000,0.000000000,0.000000000
point-0000695,1334.742477641,257.565378745,237.230971524,311.300000000,0.000000000,0.000000000
point-0000696,1335.224901954,258.038645227,236.580971524,311.300000000,0.000000000,0.000000000
point-0000697,1337.303037833,261.502205025,236.580971524,311.300000000,0.000000000,0.000000000
point-0000698,1337.785462147,261.975471507,235.930971524,311.300000000,0.000000000,0.000000000
point-0000699,1339.863598026,258.511911709,235.930971524,311.300000000,0.000000000,0.000000000
point-0000700,1340.346022340,258.985178190,235.280971524,311.300000000,0.000000000,0.000000000
point-0000701,1342.424158219,262.448737989,235.280971524,311.300000000,0.000000000,0.000000000
point-0000702,1342.906582533,262.922004470,234.630971524,311.300000000,0.000000000,0.000000000
point-0000703,1344.984718412,259.458444672,234.630971524,311.300000000,0.000000000,0.000000000
point-0000704,1345.467142726,259.931711154,233.980971524,311.300000000,0.000000000,0.000000000
point-0000705,1347.545278605,263.395270952,233.980971524,311.300000000,0.000000000,0.000000000
point-0000706,1348.027702919,263.868537434,233.330971524,311.300000000,0.000000000,0.000000000
point-0000707,1350.105838798,260.404977635,233.330971524,311.300000000,0.000000000,0.000000000
point-0000708,1350.588263112,260.878244117,232.680971524,311.300000000,0.000000000,0.000000000
point-0000709,1352.666398991,264.341803916,232.680971524,311.300000000,0.000000000,0.000000000
point-0000710,1353.148823305,264.815070398,232.030971524,311.300000000,0.000000000,0.000000000
point-0000711,1355.226959185,261.351510599,232.030971524,311.300000000,0.000000000,0.000000000
point-0000712,1355.709383499,261.824777080,231.380971524,311.300000000,0.000000000,0.000000000
point-0000713,1357.787519378,265.288336880,231.380971524,311.300000000,0.000000000,0.000000000
point-0000714,1358.269943692,265.761603362,230.730971524,311.300000000,0.000000000,0.000000000
point-0000715,1360.348079572,262.298043562,230.730971524,311.300000000,0.000000000,0.000000000
point-0000716,1360.830503886,262.771310044,230.080971524,311.300000000,0.000000000,0.000000000
point-0000717,1362.908639766,266.234869843,230.080971524,311.300000000,0.000000000,0.000000000
point-0000718,1363.391064079,266.708136325,229.430971524,311.300000000,0.000000000,0.000000000
point-0000719,1365.469199959,263.244576525,229.430971524,311.300000000,0.000000000,0.000000000
point-0000720,1365.951624273,263.717843007,228.780971524,311.300000000,0.000000000,0.000000000
point-0000721,1368.029760153,267.181402807,228.780971524,311.300000000,0.000000000,0.000000000
point-0000722,1368.512184467,267.654669289,228.130971524,311.300000000,0.000000000,0.000000000
point-0000723,1370.590320347,264.191109489,228.130971524,311.300000000,0.000000000,0.000000000
point-0000724,1371.072744661,264.664375970,227.480971524,311.300000000,0.000000000,0.000000000
point-0000725,1373.150880541,268.127935771,227.480971524,311.300000000,0.000000000,0.000000000
point-0000726,1373.633304855,268.601202253,226.830971524,311.300000000,0.000000000,0.000000000
point-0000727,1375.711440736,265.137642452,226.830971524,311.300000000,0.000000000,0.000000000
point-0000728,1376.193865050,265.610908934,226.180971524,311.300000000,0.000000000,0.000000000
point-0000729,1378.272000930,269.074468735,226.180971524,311.300000000,0.000000000,0.000000000
point-0000730,1378.754425244,269.547735217,225.530971524,311.300000000,0.000000000,0.000000000
point-0000731,1380.832561124,266.084175416,225.530971524,311.300000000,0.000000000,0.000000000
point-0000732,1381.314985438,266.557441897,224.880971524,311.300000000,0.000000000,0.000000000
point-0000733,1383.393121319,270.021001698,224.880971524,311.300000000,0.000000000,0.000000000
point-0000734,1383.875545633,270.494268180,224.230971524,311.300000000,0.000000000,0.000000000
point-0000735,1385.953681514,267.030708379,224.230971524,311.300000000,0.000000000,0.000000000
point-0000736,1386.436105828,267.503974861,223.580971524,311.300000000,0.000000000,0.000000000
point-0000737,1388.514241708,270.967534662,223.580971524,311.300000000,0.000000000,0.000000000
point-0000738,1388.996666022,271.440801144,222.930971524,311.300000000,0.000000000,0.000000000
point-0000739,1391.074801903,267.977241342,222.930971524,311.300000000,0.000000000,0.000000000
point-0000740,1391.557226217,268.450507824,222.280971524,311.300000000,0.000000000,0.000000000
point-0000741,1393.635362098,271.914067626,222.280971524,311.300000000,0.000000000,0.000000000
point-0000742,1394.117786412,272.387334108,221.630971524,311.300000000,0.000000000,0.000000000
point-0000743,1396.195922293,268.923774306,221.630971524,311.300000000,0.000000000,0.000000000
point-0000744,1396.678346607,269.397040787,220.980971524,311.300000000,0.000000000,0.000000000
point-0000745,1398.756482488,272.860600590,220.980971524,311.300000000,0.000000000,0.000000000
point-0000746,1399.238906802,273.333867071,220.330971524,311.300000000,0.000000000,0.000000000
point-0000747,1401.317042684,269.870307269,220.330971524,311.300000000,0.000000000,0.000000000
point-0000748,1401.799466998,270.343573751,219.680971524,311.300000000,0.000000000,0.000000000
point-0000749,1403.877602879,273.807133553,219.680971524,311.300000000,0.000000000,0.000000000
point-0000750,1404.360027193,274.280400035,219.030971524,311.300000000,0.000000000,0.000000000
point-0000751,1406.438163075,270.816840232,219.030971524,311.300000000,0.000000000,0.000000000
point-0000752,1406.920587389,271.290106714,218.380971524,311.300000000,0.000000000,0.000000000
point-0000753,1408.998723270,274.753666517,218.380971524,311.300000000,0.000000000,0.000000000
point-0000754,1409.481147584,275.226932999,217.730971524,311.300000000,0.000000000,0.000000000
point-0000755,1411.559283466,271.763373196,217.730971524,311.300000000,0.000000000,0.000000000
point-0000756,1412.041707780,272.236639677,217.080971524,311.300000000,0.000000000,0.000000000
point-0000757,1414.119843662,275.700199481,217.080971524,311.300000000,0.000000000,0.000000000
point-0000758,1414.602267976,276.173465963,216.430971524,311.300000000,0.000000000,0.000000000
point-0000759,1416.680403858,272.709906159,216.430971524,311.300000000,0.000000000,0.000000000
point-0000760,1417.162828172,273.183172641,215.780971524,311.300000000,0.000000000,0.000000000
point-0000761,1419.240964054,276.646732444,215.780971524,311.300000000,0.000000000,0.000000000
point-0000762,1419.723388368,277.119998926,215.130971524,311.300000000,0.000000000,0.000000000
point-0000763,1421.801524250,273.656439123,215.130971524,311.300000000,0.000000000,0.000000000
point-0000764,1422.283948564,274.129705604,214.480971524,311.300000000,0.000000000,0.000000000
point-0000765,1424.362084446,277.593265408,214.480971524,311.300000000,0.000000000,0.000000000
point-0000766,1424.844508760,278.066531890,213.830971524,311.300000000,0.000000000,0.000000000
point-0000767,1426.922644642,274.602972086,213.830971524,311.300000000,0.000000000,0.000000000
point-0000768,1427.405068956,275.076238568,213.180971524,311.300000000,0.000000000,0.000000000
point-0000769,1429.483204839,278.539798372,213.180971524,311.300000000,0.000000000,0.000000000
point-0000770,1429.965629153,279.013064854,212.530971524,311.300000000,0.000000000,0.000000000
point-0000771,1432.043765035,275.549505049,212.530971524,311.300000000,0.000000000,0.000000000
point-0000772,1432.526189349,276.022771531,211.880971524,311.300000000,0.000000000,0.000000000
point-0000773,1434.604325232,279.486331336,211.880971524,311.300000000,0.000000000,0.000000000
point-0000774,1435.086749546,279.959597818,211.230971524,311.300000000,0.000000000,0.000000000
point-0000775,1437.164885429,276.496038013,211.230971524,311.300000000,0.000000000,0.000000000
point-0000776,1437.647309743,276.969304494,210.580971524,311.300000000,0.000000000,0.000000000
point-0000777,1439.725445626,280.432864299,210.580971524,311.300000000,0.000000000,0.000000000
point-0000778,1440.207869940,280.906130781,209.930971524,311.300000000,0.000000000,0.000000000
point-0000779,1442.286005823,277.442570976,209.930971524,311.300000000,0.000000000,0.000000000
point-0000780,1442.768430137,277.915837458,209.280971524,311.300000000,0.000000000,0.000000000
point-0000781,1444.846566020,281.379397263,209.280971524,311.300000000,0.000000000,0.000000000
point-0000782,1445.328990334,281.852663745,208.630971524,311.300000000,0.000000000,0.000000000
point-0000783,1447.407126217,278.389103939,208.630971524,311.300000000,0.000000000,0.000000000
point-0000784,1447.889550531,278.862370421,207.980971524,311.300000000,0.000000000,0.000000000
point-0000785,1449.967686414,282.325930227,207.980971524,311.300000000,0.000000000,0.000000000
point-0000786,1450.450110728,282.799196709,207.330971524,311.300000000,0.000000000,0.000000000
point-0000787,1452.528246612,279.335636903,207.330971524,311.300000000,0.000000000,0.000000000
point-0000788,1453.010670925,279.808903384,206.680971524,311.300000000,0.000000000,0.000000000
point-0000789,1455.088806809,283.272463191,206.680971524,311.300000000,0.000000000,0.000000000
point-0000790,1455.571231123,283.745729672,206.030971524,311.300000000,0.000000000,0.000000000
point-0000791,1457.649367007,280.282169866,206.030971524,311.300000000,0.000000000,0.000000000
point-0000792,1458.131791321,280.755436348,205.380971524,311.300000000,0.000000000,0.000000000
point-0000793,1460.209927204,284.218996154,205.380971524,311.300000000,0.000000000,0.000000000
point-0000794,1460.692351518,284.692262636,204.730971524,311.300000000,0.000000000,0.000000000
point-0000795,1462.770487402,281.228702830,204.730971524,311.300000000,0.000000000,0.000000000
point-0000796,1463.252911716,281.701969311,204.080971524,311.300000000,0.000000000,0.000000000
point-0000797,1465.331047600,285.165529118,204.080971524,311.300000000,0.000000000,0.000000000
point-0000798,1465.813471914,285.638795600,203.430971524,311.300000000,0.000000000,0.000000000
point-0000799,1467.891607798,282.175235793,203.430971524,311.300000000,0.000000000,0.000000000
point-0000800,1468.374032112,282.648502275,202.780971524,311.300000000,0.000000000,0.000000000
point-0000801,1470.423029417,286.063497784,202.780971524,311.300000000,0.000000000,0.000000000
point-0000802,1471.085607091,285.170766062,202.130971524,311.300000000,0.000000000,0.000000000
point-0000803,1472.315005474,283.121768756,202.130971524,311.300000000,0.000000000,0.000000000
point-0000804,1472.797429788,283.595035238,201.480971524,311.300000000,0.000000000,0.000000000
point-0000805,1473.207229249,284.278034340,201.480971524,311.300000000,0.000000000,0.000000000
point-0000806,1502.664207108,254.770663143,240.714508793,311.900000000,0.000000000,0.000000000
point-0000807,1502.952955612,255.057358915,240.327979755,311.900000000,0.000000000,0.000000000
point-0000808,1532.304143594,284.199944239,201.037475694,311.900000000,0.000000000,0.000000000
point-0000809,1534.344138564,286.930751275,203.062972159,311.900000000,0.000000000,0.000000000
point-0000810,1563.984075588,257.501469711,242.740006027,311.900000000,0.000000000,0.000000000
point-0000811,1566.024070608,254.770663143,240.714508793,311.900000000,0.000000000,0.000000000
point-0000812,1566.383235700,255.365437646,240.782150567,311.900000000,0.000000000,0.000000000
point-0000813,1568.312054854,258.580136236,240.782150567,311.900000000,0.000000000,0.000000000
point-0000814,1568.797624397,258.098017702,241.432150567,311.900000000,0.000000000,0.000000000
point-0000815,1569.911368424,256.241777658,241.432150567,311.900000000,0.000000000,0.000000000
point-0000816,1570.566020892,257.118117669,242.082150567,311.900000000,0.000000000,0.000000000
point-0000817,1570.864689791,257.615899168,242.082150567,311.900000000,0.000000000,0.000000000
point-0000818,1572.321398420,259.062254770,240.132150567,311.900000000,0.000000000,0.000000000
point-0000819,1574.413076560,255.576124538,240.132150567,311.900000000,0.000000000,0.000000000
point-0000820,1574.898646105,256.058243078,239.482150567,311.900000000,0.000000000,0.000000000
point-0000821,1576.990324241,259.544373305,239.482150567,311.900000000,0.000000000,0.000000000
point-0000822,1577.475893784,260.026491839,238.832150567,311.900000000,0.000000000,0.000000000
point-0000823,1579.567571916,256.540361618,238.832150567,311.900000000,0.000000000,0.000000000
point-0000824,1580.053141462,257.022480158,238.182150567,311.900000000,0.000000000,0.000000000
point-0000825,1582.144819590,260.508610373,238.182150567,311.900000000,0.000000000,0.000000000
point-0000826,1582.630389133,260.990728907,237.532150567,311.900000000,0.000000000,0.000000000
point-0000827,1584.722067258,257.504598699,237.532150567,311.900000000,0.000000000,0.000000000
point-0000828,1585.207636804,257.986717239,236.882150567,311.900000000,0.000000000,0.000000000
point-0000829,1587.299314925,261.472847441,236.882150567,311.900000000,0.000000000,0.000000000
point-0000830,1587.784884468,261.954965975,236.232150567,311.900000000,0.000000000,0.000000000
point-0000831,1589.876562586,258.468835779,236.232150567,311.900000000,0.000000000,0.000000000
point-0000832,1590.362132131,258.950954319,235.582150567,311.900000000,0.000000000,0.000000000
point-0000833,1592.453810245,262.437084509,235.582150567,311.900000000,0.000000000,0.000000000
point-0000834,1592.939379788,262.919203043,234.932150567,311.900000000,0.000000000,0.000000000
point-0000835,1595.031057898,259.433072859,234.932150567,311.900000000,0.000000000,0.000000000
point-0000836,1595.516627444,259.915191399,234.282150567,311.900000000,0.000000000,0.000000000
point-0000837,1597.608305550,263.401321577,234.282150567,311.900000000,0.000000000,0.000000000
point-0000838,1598.093875094,263.883440112,233.632150567,311.900000000,0.000000000,0.000000000
point-0000839,1600.185553197,260.397309940,233.632150567,311.900000000,0.000000000,0.000000000
point-0000840,1600.671122742,260.879428480,232.982150567,311.900000000,0.000000000,0.000000000
point-0000841,1602.762800842,264.365558646,232.982150567,311.900000000,0.000000000,0.000000000
point-0000842,1603.248370385,264.847677180,232.332150567,311.900000000,0.000000000,0.000000000
point-0000843,1605.340048480,261.361547020,232.332150567,311.900000000,0.000000000,0.000000000
point-0000844,1605.825618026,261.843665560,231.682150567,311.900000000,0.000000000,0.000000000
point-0000845,1607.917296118,265.329795714,231.682150567,311.900000000,0.000000000,0.000000000
point-0000846,1608.402865661,265.811914248,231.032150567,311.900000000,0.000000000,0.000000000
point-0000847,1610.494543750,262.325784100,231.032150567,311.900000000,0.000000000,0.000000000
point-0000848,1610.980113295,262.807902640,230.382150567,311.900000000,0.000000000,0.000000000
point-0000849,1613.071791380,266.294032782,230.382150567,311.900000000,0.000000000,0.000000000
point-0000850,1613.557360923,266.776151316,229.732150567,311.900000000,0.000000000,0.000000000
point-0000851,1615.649039004,263.290021181,229.732150567,311.900000000,0.000000000,0.000000000
point-0000852,1616.134608550,263.772139721,229.082150567,311.900000000,0.000000000,0.000000000
point-0000853,1618.226286627,267.258269850,229.082150567,311.900000000,0.000000000,0.000000000
point-0000854,1618.711856170,267.740388385,228.432150567,311.900000000,0.000000000,0.000000000
point-0000855,1620.803534244,264.254258261,228.432150567,311.900000000,0.000000000,0.000000000
point-0000856,1621.289103790,264.736376801,227.782150567,311.900000000,0.000000000,0.000000000
point-0000857,1623.380781860,268.222506919,227.782150567,311.900000000,0.000000000,0.000000000
point-0000858,1623.866351403,268.704625453,227.132150567,311.900000000,0.000000000,0.000000000
point-0000859,1625.958029470,265.218495341,227.132150567,311.900000000,0.000000000,0.000000000
point-0000860,1626.443599015,265.700613882,226.482150567,311.900000000,0.000000000,0.000000000
point-0000861,1628.535277079,269.186743987,226.482150567,311.900000000,0.000000000,0.000000000
point-0000862,1629.020846622,269.668862521,225.832150567,311.900000000,0.000000000,0.000000000
point-0000863,1631.112524681,266.182732422,225.832150567,311.900000000,0.000000000,0.000000000
point-0000864,1631.598094226,266.664850962,225.182150567,311.900000000,0.000000000,0.000000000
point-0000865,1633.689772282,270.150981055,225.182150567,311.900000000,0.000000000,0.000000000
point-0000866,1634.175341825,270.633099589,224.532150567,311.900000000,0.000000000,0.000000000
point-0000867,1636.267019878,267.146969502,224.532150567,311.900000000,0.000000000,0.000000000
point-0000868,1636.752589423,267.629088042,223.882150567,311.900000000,0.000000000,0.000000000
point-0000869,1638.844267472,271.115218123,223.882150567,311.900000000,0.000000000,0.000000000
point-0000870,1639.329837015,271.597336657,223.232150567,311.900000000,0.000000000,0.000000000
point-0000871,1641.421515060,268.111206582,223.232150567,311.900000000,0.000000000,0.000000000
point-0000872,1641.907084605,268.593325123,222.582150567,311.900000000,0.000000000,0.000000000
point-0000873,1643.998762646,272.079455192,222.582150567,311.900000000,0.000000000,0.000000000
point-0000874,1644.484332189,272.561573726,221.932150567,311.900000000,0.000000000,0.000000000
point-0000875,1646.576010227,269.075443663,221.932150567,311.900000000,0.000000000,0.000000000
point-0000876,1647.061579772,269.557562203,221.282150567,311.900000000,0.000000000,0.000000000
point-0000877,1649.153257806,273.043692260,221.282150567,311.900000000,0.000000000,0.000000000
point-0000878,1649.638827350,273.525810794,220.632150567,311.900000000,0.000000000,0.000000000
point-0000879,1651.730505380,270.039680743,220.632150567,311.900000000,0.000000000,0.000000000
point-0000880,1652.216074925,270.521799283,219.982150567,311.900000000,0.000000000,0.000000000
point-0000881,1654.307752952,274.007929328,219.982150567,311.900000000,0.000000000,0.000000000
point-0000882,1654.793322495,274.490047862,219.332150567,311.900000000,0.000000000,0.000000000
point-0000883,1656.885000518,271.003917823,219.332150567,311.900000000,0.000000000,0.000000000
point-0000884,1657.370570064,271.486036364,218.682150567,311.900000000,0.000000000,0.000000000
point-0000885,1659.462248083,274.972166396,218.682150567,311.900000000,0.000000000,0.000000000
point-0000886,1659.947817626,275.454284930,218.032150567,311.900000000,0.000000000,0.000000000
point-0000887,1662.039495642,271.968154904,218.032150567,311.900000000,0.000000000,0.000000000
point-0000888,1662.525065187,272.450273444,217.382150567,311.900000000,0.000000000,0.000000000
point-0000889,1664.616743200,275.936403465,217.382150567,311.900000000,0.000000000,0.000000000
point-0000890,1665.102312743,276.418521999,216.732150567,311.900000000,0.000000000,0.000000000
point-0000891,1667.193990752,272.932391984,216.732150567,311.900000000,0.000000000,0.000000000
point-0000892,1667.679560297,273.414510524,216.082150567,311.900000000,0.000000000,0.000000000
point-0000893,1669.771238302,276.900640533,216.082150567,311.900000000,0.000000000,0.000000000
point-0000894,1670.256807845,277.382759067,215.432150567,311.900000000,0.000000000,0.000000000
point-0000895,1672.348485846,273.896629064,215.432150567,311.900000000,0.000000000,0.000000000
point-0000896,1672.834055392,274.378747605,214.782150567,311.900000000,0.000000000,0.000000000
point-0000897,1674.925733389,277.864877601,214.782150567,311.900000000,0.000000000,0.000000000
point-0000898,1675.411302932,278.346996135,214.132150567,311.900000000,0.000000000,0.000000000
point-0000899,1677.502980927,274.860866145,214.132150567,311.900000000,0.000000000,0.000000000
point-0000900,1677.988550472,275.342984685,213.482150567,311.900000000,0.000000000,0.000000000
point-0000901,1680.080228462,278.829114669,213.482150567,311.900000000,0.000000000,0.000000000
point-0000902,1680.565798005,279.311233203,212.832150567,311.900000000,0.000000000,0.000000000
point-0000903,1682.657475992,275.825103225,212.832150567,311.900000000,0.000000000,0.000000000
point-0000904,1683.143045538,276.307221765,212.182150567,311.900000000,0.000000000,0.000000000
point-0000905,1685.234723521,279.793351737,212.182150567,311.900000000,0.000000000,0.000000000
point-0000906,1685.720293064,280.275470272,211.532150567,311.900000000,0.000000000,0.000000000
point-0000907,1687.811971044,276.789340306,211.532150567,311.900000000,0.000000000,0.000000000
point-0000908,1688.297540589,277.271458846,210.882150567,311.900000000,0.000000000,0.000000000
point-0000909,1690.389218565,280.757588806,210.882150567,311.900000000,0.000000000,0.000000000
point-0000910,1690.874788108,281.239707340,210.232150567,311.900000000,0.000000000,0.000000000
point-0000911,1692.966466080,277.753577386,210.232150567,311.900000000,0.000000000,0.000000000
point-0000912,1693.452035625,278.235695926,209.582150567,311.900000000,0.000000000,0.000000000
point-0000913,1695.543713594,281.721825874,209.582150567,311.900000000,0.000000000,0.000000000
point-0000914,1696.029283137,282.203944408,208.932150567,311.900000000,0.000000000,0.000000000
point-0000915,1698.120961102,278.717814466,208.932150567,311.900000000,0.000000000,0.000000000
point-0000916,1698.606530647,279.199933006,208.282150567,311.900000000,0.000000000,0.000000000
point-0000917,1700.698208609,282.686062942,208.282150567,311.900000000,0.000000000,0.000000000
point-0000918,1701.183778152,283.168181476,207.632150567,311.900000000,0.000000000,0.000000000
point-0000919,1703.275456110,279.682051547,207.632150567,311.900000000,0.000000000,0.000000000
point-0000920,1703.761025655,280.164170087,206.982150567,311.900000000,0.000000000,0.000000000
point-0000921,1705.852703609,283.650300010,206.982150567,311.900000000,0.000000000,0.000000000
point-0000922,1706.338273152,284.132418545,206.332150567,311.900000000,0.000000000,0.000000000
point-0000923,1708.429951103,280.646288627,206.332150567,311.900000000,0.000000000,0.000000000
point-0000924,1708.915520648,281.128407167,205.682150567,311.900000000,0.000000000,0.000000000
point-0000925,1711.007198595,284.614537079,205.682150567,311.900000000,0.000000000,0.000000000
point-0000926,1711.492768138,285.096655613,205.032150567,311.900000000,0.000000000,0.000000000
point-0000927,1713.584446081,281.610525707,205.032150567,311.900000000,0.000000000,0.000000000
point-0000928,1714.070015627,282.092644247,204.382150567,311.900000000,0.000000000,0.000000000
point-0000929,1716.161693566,285.578774147,204.382150567,311.900000000,0.000000000,0.000000000
point-0000930,1716.647263109,286.060892681,203.732150567,311.900000000,0.000000000,0.000000000
point-0000931,1718.738941045,282.574762788,203.732150567,311.900000000,0.000000000,0.000000000
point-0000932,1719.224510591,283.056881328,203.082150567,311.900000000,0.000000000,0.000000000
point-0000933,1721.262199143,286.453028915,203.082150567,311.900000000,0.000000000,0.000000000
point-0000934,1721.916851844,285.576688420,202.432150567,311.900000000,0.000000000,0.000000000
point-0000935,1723.139464975,283.538999868,202.432150567,311.900000000,0.000000000,0.000000000
point-0000936,1723.625034520,284.021118408,201.782150567,311.900000000,0.000000000,0.000000000
point-0000937,1724.032572231,284.700347926,201.782150567,311.900000000,0.000000000,0.000000000
point-0000938,1753.489451890,254.852296538,240.756926508,312.500000000,0.000000000,0.000000000
point-0000939,1753.778199144,255.142385469,240.372940088,312.500000000,0.000000000,0.000000000
point-0000940,1783.129331526,284.630019980,201.340846456,312.500000000,0.000000000,0.000000000
point-0000941,1785.169321989,287.342865868,203.390324222,312.500000000,0.000000000,0.000000000
point-0000942,1814.809202674,257.565141478,242.806405748,312.500000000,0.000000000,0.000000000
point-0000943,1816.849193217,254.852296538,240.756926508,312.500000000,0.000000000,0.000000000
point-0000944,1817.267205437,255.470692287,240.436053449,312.500000000,0.000000000,0.000000000
point-0000945,1819.372722041,258.979886626,240.436053449,312.500000000,0.000000000,0.000000000
point-0000946,1819.861505349,258.488830161,241.086053449,312.500000000,0.000000000,0.000000000
point-0000947,1821.483420155,255.785638819,241.086053449,312.500000000,0.000000000,0.000000000
point-0000948,1822.130410779,256.646027730,241.736053449,312.500000000,0.000000000,0.000000000
point-0000949,1822.941458359,257.997773695,241.736053449,312.500000000,0.000000000,0.000000000
point-0000950,1823.430241667,257.506717230,242.386053449,312.500000000,0.000000000,0.000000000
point-0000951,1823.430422021,257.506416641,242.386053449,312.500000000,0.000000000,0.000000000
point-0000952,1825.244963171,255.961748765,239.786053449,312.500000000,0.000000000,0.000000000
point-0000953,1827.350479766,259.470943091,239.786053449,312.500000000,0.000000000,0.000000000
point-0000954,1827.839263075,259.961999557,239.136053449,312.500000000,0.000000000,0.000000000
point-0000955,1829.944779663,256.452805243,239.136053449,312.500000000,0.000000000,0.000000000
point-0000956,1830.433562976,256.943861721,238.486053449,312.500000000,0.000000000,0.000000000
point-0000957,1832.539079557,260.453056022,238.486053449,312.500000000,0.000000000,0.000000000
point-0000958,1833.027862865,260.944112487,237.836053449,312.500000000,0.000000000,0.000000000
point-0000959,1835.133379438,257.434918200,237.836053449,312.500000000,0.000000000,0.000000000
point-0000960,1835.622162751,257.925974678,237.186053449,312.500000000,0.000000000,0.000000000
point-0000961,1837.727679316,261.435168953,237.186053449,312.500000000,0.000000000,0.000000000
point-0000962,1838.216462625,261.926225418,236.536053449,312.500000000,0.000000000,0.000000000
point-0000963,1840.321979182,258.417031156,236.536053449,312.500000000,0.000000000,0.000000000
point-0000964,1840.810762496,258.908087634,235.886053449,312.500000000,0.000000000,0.000000000
point-0000965,1842.916279045,262.417281884,235.886053449,312.500000000,0.000000000,0.000000000
point-0000966,1843.405062354,262.908338349,235.236053449,312.500000000,0.000000000,0.000000000
point-0000967,1845.510578896,259.399144112,235.236053449,312.500000000,0.000000000,0.000000000
point-0000968,1845.999362209,259.890200590,234.586053449,312.500000000,0.000000000,0.000000000
point-0000969,1848.104878744,263.399394814,234.586053449,312.500000000,0.000000000,0.000000000
point-0000970,1848.593662052,263.890451280,233.936053449,312.500000000,0.000000000,0.000000000
point-0000971,1850.699178579,260.381257068,233.936053449,312.500000000,0.000000000,0.000000000
point-0000972,1851.187961892,260.872313546,233.286053449,312.500000000,0.000000000,0.000000000
point-0000973,1853.293478411,264.381507745,233.286053449,312.500000000,0.000000000,0.000000000
point-0000974,1853.782261720,264.872564210,232.636053449,312.500000000,0.000000000,0.000000000
point-0000975,1855.887778231,261.363370025,232.636053449,312.500000000,0.000000000,0.000000000
point-0000976,1856.376561544,261.854426503,231.986053449,312.500000000,0.000000000,0.000000000
point-0000977,1858.482078048,265.363620676,231.986053449,312.500000000,0.000000000,0.000000000
point-0000978,1858.970861357,265.854677141,231.336053449,312.500000000,0.000000000,0.000000000
point-0000979,1861.076377853,262.345482981,231.336053449,312.500000000,0.000000000,0.000000000
point-0000980,1861.565161166,262.836539459,230.686053449,312.500000000,0.000000000,0.000000000
point-0000981,1863.670677654,266.345733606,230.686053449,312.500000000,0.000000000,0.000000000
point-0000982,1864.159460963,266.836790072,230.036053449,312.500000000,0.000000000,0.000000000
point-0000983,1866.264977444,263.327595937,230.036053449,312.500000000,0.000000000,0.000000000
point-0000984,1866.753760757,263.818652415,229.386053449,312.500000000,0.000000000,0.000000000
point-0000985,1868.859277230,267.327846537,229.386053449,312.500000000,0.000000000,0.000000000
point-0000986,1869.348060538,267.818903002,228.736053449,312.500000000,0.000000000,0.000000000
point-0000987,1871.453577004,264.309708893,228.736053449,312.500000000,0.000000000,0.000000000
point-0000988,1871.942360317,264.800765371,228.086053449,312.500000000,0.000000000,0.000000000
point-0000989,1874.047876775,268.309959468,228.086053449,312.500000000,0.000000000,0.000000000
point-0000990,1874.536660083,268.801015933,227.436053449,312.500000000,0.000000000,0.000000000
point-0000991,1876.642176533,265.291821850,227.436053449,312.500000000,0.000000000,0.000000000
point-0000992,1877.130959847,265.782878328,226.786053449,312.500000000,0.000000000,0.000000000
point-0000993,1879.236476289,269.292072398,226.786053449,312.500000000,0.000000000,0.000000000
point-0000994,1879.725259597,269.783128864,226.136053449,312.500000000,0.000000000,0.000000000
point-0000995,1881.830776032,266.273934806,226.136053449,312.500000000,0.000000000,0.000000000
point-0000996,1882.319559345,266.764991284,225.486053449,312.500000000,0.000000000,0.000000000
point-0000997,1884.425075772,270.274185329,225.486053449,312.500000000,0.000000000,0.000000000
point-0000998,1884.913859081,270.765241794,224.836053449,312.500000000,0.000000000,0.000000000
point-0000999,1887.019375500,267.256047762,224.836053449,312.500000000,0.000000000,0.000000000
point-0001000,1887.508158814,267.747104240,224.186053449,312.500000000,0.000000000,0.000000000
point-0001001,1889.613675225,271.256298260,224.186053449,312.500000000,0.000000000,0.000000000
point-0001002,1890.102458534,271.747354725,223.536053449,312.500000000,0.000000000,0.000000000
point-0001003,1892.207974938,268.238160718,223.536053449,312.500000000,0.000000000,0.000000000
point-0001004,1892.696758251,268.729217196,222.886053449,312.500000000,0.000000000,0.000000000
point-0001005,1894.802274647,272.238411190,222.886053449,312.500000000,0.000000000,0.000000000
point-0001006,1895.291057956,272.729467656,222.236053449,312.500000000,0.000000000,0.000000000
point-0001007,1897.396574344,269.220273675,222.236053449,312.500000000,0.000000000,0.000000000
point-0001008,1897.885357658,269.711330153,221.586053449,312.500000000,0.000000000,0.000000000
point-0001009,1899.990874039,273.220524121,221.586053449,312.500000000,0.000000000,0.000000000
point-0001010,1900.479657347,273.711580586,220.936053449,312.500000000,0.000000000,0.000000000
point-0001011,1902.585173721,270.202386631,220.936053449,312.500000000,0.000000000,0.000000000
point-0001012,1903.073957034,270.693443109,220.286053449,312.500000000,0.000000000,0.000000000
point-0001013,1905.179473399,274.202637052,220.286053449,312.500000000,0.000000000,0.000000000
point-0001014,1905.668256708,274.693693517,219.636053449,312.500000000,0.000000000,0.000000000
point-0001015,1907.773773066,271.184499587,219.636053449,312.500000000,0.000000000,0.000000000
point-0001016,1908.262556379,271.675556065,218.986053449,312.500000000,0.000000000,0.000000000
point-0001017,1910.368072729,275.184749982,218.986053449,312.500000000,0.000000000,0.000000000
point-0001018,1910.856856038,275.675806448,218.336053449,312.500000000,0.000000000,0.000000000
point-0001019,1912.962372381,272.166612543,218.336053449,312.500000000,0.000000000,0.000000000
point-0001020,1913.451155694,272.657669021,217.686053449,312.500000000,0.000000000,0.000000000
point-0001021,1915.556672029,276.166862913,217.686053449,312.500000000,0.000000000,0.000000000
point-0001022,1916.045455337,276.657919378,217.036053449,312.500000000,0.000000000,0.000000000
point-0001023,1918.150971665,273.148725500,217.036053449,312.500000000,0.000000000,0.000000000
point-0001024,1918.639754978,273.639781978,216.386053449,312.500000000,0.000000000,0.000000000
point-0001025,1920.745271297,277.148975844,216.386053449,312.500000000,0.000000000,0.000000000
point-0001026,1921.234054606,277.640032309,215.736053449,312.500000000,0.000000000,0.000000000
point-0001027,1923.339570918,274.130838456,215.736053449,312.500000000,0.000000000,0.000000000
point-0001028,1923.828354231,274.621894934,215.086053449,312.500000000,0.000000000,0.000000000
point-0001029,1925.933870535,278.131088774,215.086053449,312.500000000,0.000000000,0.000000000
point-0001030,1926.422653844,278.622145240,214.436053449,312.500000000,0.000000000,0.000000000
point-0001031,1928.528170141,275.112951412,214.436053449,312.500000000,0.000000000,0.000000000
point-0001032,1929.016953454,275.604007890,213.786053449,312.500000000,0.000000000,0.000000000
point-0001033,1931.122469743,279.113201705,213.786053449,312.500000000,0.000000000,0.000000000
point-0001034,1931.611253051,279.604258170,213.136053449,312.500000000,0.000000000,0.000000000
point-0001035,1933.716769333,276.095064368,213.136053449,312.500000000,0.000000000,0.000000000
point-0001036,1934.205552646,276.586120846,212.486053449,312.500000000,0.000000000,0.000000000
point-0001037,1936.311068919,280.095314636,212.486053449,312.500000000,0.000000000,0.000000000
point-0001038,1936.799852228,280.586371101,211.836053449,312.500000000,0.000000000,0.000000000
point-0001039,1938.905368494,277.077177325,211.836053449,312.500000000,0.000000000,0.000000000
point-0001040,1939.394151807,277.568233803,211.186053449,312.500000000,0.000000000,0.000000000
point-0001041,1941.499668065,281.077427566,211.186053449,312.500000000,0.000000000,0.000000000
point-0001042,1941.988451374,281.568484032,210.536053449,312.500000000,0.000000000,0.000000000
point-0001043,1944.093967624,278.059290281,210.536053449,312.500000000,0.000000000,0.000000000
point-0001044,1944.582750938,278.550346759,209.886053449,312.500000000,0.000000000,0.000000000
point-0001045,1946.688267181,282.059540497,209.886053449,312.500000000,0.000000000,0.000000000
point-0001046,1947.177050489,282.550596962,209.236053449,312.500000000,0.000000000,0.000000000
point-0001047,1949.282566724,279.041403237,209.236053449,312.500000000,0.000000000,0.000000000
point-0001048,1949.771350038,279.532459715,208.586053449,312.500000000,0.000000000,0.000000000
point-0001049,1951.876866265,283.041653428,208.586053449,312.500000000,0.000000000,0.000000000
point-0001050,1952.365649574,283.532709893,207.936053449,312.500000000,0.000000000,0.000000000
point-0001051,1954.471165794,280.023516193,207.936053449,312.500000000,0.000000000,0.000000000
point-0001052,1954.959949107,280.514572671,207.286053449,312.500000000,0.000000000,0.000000000
point-0001053,1957.065465319,284.023766358,207.286053449,312.500000000,0.000000000,0.000000000
point-0001054,1957.554248628,284.514822824,206.636053449,312.500000000,0.000000000,0.000000000
point-0001055,1959.659764832,281.005629149,206.636053449,312.500000000,0.000000000,0.000000000
point-0001056,1960.148548145,281.496685628,205.986053449,312.500000000,0.000000000,0.000000000
point-0001057,1962.254064342,285.005879289,205.986053449,312.500000000,0.000000000,0.000000000
point-0001058,1962.742847651,285.496935754,205.336053449,312.500000000,0.000000000,0.000000000
point-0001059,1964.848363840,281.987742106,205.336053449,312.500000000,0.000000000,0.000000000
point-0001060,1965.337147153,282.478798584,204.686053449,312.500000000,0.000000000,0.000000000
point-0001061,1967.442663335,285.987992220,204.686053449,312.500000000,0.000000000,0.000000000
point-0001062,1967.931446643,286.479048685,204.036053449,312.500000000,0.000000000,0.000000000
point-0001063,1970.036962817,282.969855062,204.036053449,312.500000000,0.000000000,0.000000000
point-0001064,1970.525746130,283.460911540,203.386053449,312.500000000,0.000000000,0.000000000
point-0001065,1972.552915593,286.839527312,203.386053449,312.500000000,0.000000000,0.000000000
point-0001066,1973.199906658,285.979137481,202.736053449,312.500000000,0.000000000,0.000000000
point-0001067,1974.416208336,283.951968018,202.736053449,312.500000000,0.000000000,0.000000000
point-0001068,1974.904991649,284.443024496,202.086053449,312.500000000,0.000000000,0.000000000
point-0001069,1975.310425542,285.118747651,202.086053449,312.500000000,0.000000000,0.000000000
point-0001070,2004.767221281,254.933254100,240.799895637,313.100000000,0.000000000,0.000000000
point-0001071,2005.055967894,255.226701782,240.418471218,313.100000000,0.000000000,0.000000000
point-0001072,2034.407061760,285.055843202,201.646819665,313.100000000,0.000000000,0.000000000
point-0001073,2036.447049106,287.750587013,203.720032721,313.100000000,0.000000000,0.000000000
point-0001074,2066.086891135,257.627996428,242.873110812,313.100000000,0.000000000,0.000000000
point-0001075,2068.126878551,254.933254100,240.799895637,313.100000000,0.000000000,0.000000000
point-0001076,2068.382793798,255.355903437,240.742524351,313.100000000,0.000000000,0.000000000
point-0001077,2070.502446716,258.888658300,240.742524351,313.100000000,0.000000000,0.000000000
point-0001078,2070.994512696,258.388577948,241.392524351,313.100000000,0.000000000,0.000000000
point-0001079,2072.310339776,256.195532815,241.392524351,313.100000000,0.000000000,0.000000000
point-0001080,2072.949922119,257.040395680,242.042524351,313.100000000,0.000000000,0.000000000
point-0001081,2073.458783268,257.888497595,242.042524351,313.100000000,0.000000000,0.000000000
point-0001082,2074.934981210,259.388738653,240.092524351,313.100000000,0.000000000,0.000000000
point-0001083,2077.054634756,255.855982743,240.092524351,313.100000000,0.000000000,0.000000000
point-0001084,2077.546700743,256.356063115,239.442524351,313.100000000,0.000000000,0.000000000
point-0001085,2079.666354277,259.888819005,239.442524351,313.100000000,0.000000000,0.000000000
point-0001086,2080.158420258,260.388899358,238.792524351,313.100000000,0.000000000,0.000000000
point-0001087,2082.278073781,256.856143487,238.792524351,313.100000000,0.000000000,0.000000000
point-0001088,2082.770139768,257.356223858,238.142524351,313.100000000,0.000000000,0.000000000
point-0001089,2084.889793280,260.888979711,238.142524351,313.100000000,0.000000000,0.000000000
point-0001090,2085.381859260,261.389060063,237.492524351,313.100000000,0.000000000,0.000000000
point-0001091,2087.501512760,257.856304230,237.492524351,313.100000000,0.000000000,0.000000000
point-0001092,2087.993578748,258.356384602,236.842524351,313.100000000,0.000000000,0.000000000
point-0001093,2090.113232236,261.889140416,236.842524351,313.100000000,0.000000000,0.000000000
point-0001094,2090.605298217,262.389220768,236.192524351,313.100000000,0.000000000,0.000000000
point-0001095,2092.724951693,258.856464974,236.192524351,313.100000000,0.000000000,0.000000000
point-0001096,2093.217017681,259.356545346,235.542524351,313.100000000,0.000000000,0.000000000
point-0001097,2095.336671146,262.889301121,235.542524351,313.100000000,0.000000000,0.000000000
point-0001098,2095.828737127,263.389381474,234.892524351,313.100000000,0.000000000,0.000000000
point-0001099,2097.948390581,259.856625717,234.892524351,313.100000000,0.000000000,0.000000000
point-0001100,2098.440456568,260.356706089,234.242524351,313.100000000,0.000000000,0.000000000
point-0001101,2100.560110011,263.889461826,234.242524351,313.100000000,0.000000000,0.000000000
point-0001102,2101.052175991,264.389542179,233.592524351,313.100000000,0.000000000,0.000000000
point-0001103,2103.171829422,260.856786461,233.592524351,313.100000000,0.000000000,0.000000000
point-0001104,2103.663895410,261.356866833,232.942524351,313.100000000,0.000000000,0.000000000
point-0001105,2105.783548829,264.889622531,232.942524351,313.100000000,0.000000000,0.000000000
point-0001106,2106.275614810,265.389702884,232.292524351,313.100000000,0.000000000,0.000000000
point-0001107,2108.395268217,261.856947204,232.292524351,313.100000000,0.000000000,0.000000000
point-0001108,2108.887334205,262.357027576,231.642524351,313.100000000,0.000000000,0.000000000
point-0001109,2111.006987601,265.889783237,231.642524351,313.100000000,0.000000000,0.000000000
point-0001110,2111.499053582,266.389863589,230.992524351,313.100000000,0.000000000,0.000000000
point-0001111,2113.618706967,262.857107948,230.992524351,313.100000000,0.000000000,0.000000000
point-0001112,2114.110772954,263.357188320,230.342524351,313.100000000,0.000000000,0.000000000
point-0001113,2116.230426328,266.889943942,230.342524351,313.100000000,0.000000000,0.000000000
point-0001114,2116.722492308,267.390024295,229.692524351,313.100000000,0.000000000,0.000000000
point-0001115,2118.842145670,263.857268691,229.692524351,313.100000000,0.000000000,0.000000000
point-0001116,2119.334211658,264.357349063,229.042524351,313.100000000,0.000000000,0.000000000
point-0001117,2121.453865008,267.890104647,229.042524351,313.100000000,0.000000000,0.000000000
point-0001118,2121.945930989,268.390185000,228.392524351,313.100000000,0.000000000,0.000000000
point-0001119,2124.065584328,264.857429435,228.392524351,313.100000000,0.000000000,0.000000000
point-0001120,2124.557650315,265.357509807,227.742524351,313.100000000,0.000000000,0.000000000
point-0001121,2126.677303643,268.890265352,227.742524351,313.100000000,0.000000000,0.000000000
point-0001122,2127.169369623,269.390345705,227.092524351,313.100000000,0.000000000,0.000000000
point-0001123,2129.289022939,265.857590178,227.092524351,313.100000000,0.000000000,0.000000000
point-0001124,2129.781088927,266.357670550,226.442524351,313.100000000,0.000000000,0.000000000
point-0001125,2131.900742231,269.890426058,226.442524351,313.100000000,0.000000000,0.000000000
point-0001126,2132.392808212,270.390506410,225.792524351,313.100000000,0.000000000,0.000000000
point-0001127,2134.512461505,266.857750922,225.792524351,313.100000000,0.000000000,0.000000000
point-0001128,2135.004527492,267.357831294,225.142524351,313.100000000,0.000000000,0.000000000
point-0001129,2137.124180774,270.890586763,225.142524351,313.100000000,0.000000000,0.000000000
point-0001130,2137.616246755,271.390667115,224.492524351,313.100000000,0.000000000,0.000000000
point-0001131,2139.735900024,267.857911665,224.492524351,313.100000000,0.000000000,0.000000000
point-0001132,2140.227966012,268.357992037,223.842524351,313.100000000,0.000000000,0.000000000
point-0001133,2142.347619271,271.890747468,223.842524351,313.100000000,0.000000000,0.000000000
point-0001134,2142.839685251,272.390827821,223.192524351,313.100000000,0.000000000,0.000000000
point-0001135,2144.959338498,268.858072409,223.192524351,313.100000000,0.000000000,0.000000000
point-0001136,2145.451404486,269.358152781,222.542524351,313.100000000,0.000000000,0.000000000
point-0001137,2147.571057721,272.890908173,222.542524351,313.100000000,0.000000000,0.000000000
point-0001138,2148.063123702,273.390988526,221.892524351,313.100000000,0.000000000,0.000000000
point-0001139,2150.182776926,269.858233153,221.892524351,313.100000000,0.000000000,0.000000000
point-0001140,2150.674842913,270.358313524,221.242524351,313.100000000,0.000000000,0.000000000
point-0001141,2152.794496126,273.891068878,221.242524351,313.100000000,0.000000000,0.000000000
point-0001142,2153.286562106,274.391149231,220.592524351,313.100000000,0.000000000,0.000000000
point-0001143,2155.406215307,270.858393896,220.592524351,313.100000000,0.000000000,0.000000000
point-0001144,2155.898281295,271.358474268,219.942524351,313.100000000,0.000000000,0.000000000
point-0001145,2158.017934485,274.891229584,219.942524351,313.100000000,0.000000000,0.000000000
point-0001146,2158.510000465,275.391309936,219.292524351,313.100000000,0.000000000,0.000000000
point-0001147,2160.629653643,271.858554640,219.292524351,313.100000000,0.000000000,0.000000000
point-0001148,2161.121719631,272.358635011,218.642524351,313.100000000,0.000000000,0.000000000
point-0001149,2163.241372797,275.891390289,218.642524351,313.100000000,0.000000000,0.000000000
point-0001150,2163.733438778,276.391470641,217.992524351,313.100000000,0.000000000,0.000000000
point-0001151,2165.853091933,272.858715383,217.992524351,313.100000000,0.000000000,0.000000000
point-0001152,2166.345157921,273.358795755,217.342524351,313.100000000,0.000000000,0.000000000
point-0001153,2168.464811064,276.891550994,217.342524351,313.100000000,0.000000000,0.000000000
point-0001154,2168.956877045,277.391631347,216.692524351,313.100000000,0.000000000,0.000000000
point-0001155,2171.076530177,273.858876127,216.692524351,313.100000000,0.000000000,0.000000000
point-0001156,2171.568596164,274.358956498,216.042524351,313.100000000,0.000000000,0.000000000
point-0001157,2173.688249285,277.891711699,216.042524351,313.100000000,0.000000000,0.000000000
point-0001158,2174.180315265,278.391792052,215.392524351,313.100000000,0.000000000,0.000000000
point-0001159,2176.299968375,274.859036870,215.392524351,313.100000000,0.000000000,0.000000000
point-0001160,2176.792034362,275.359117242,214.742524351,313.100000000,0.000000000,0.000000000
point-0001161,2178.911687460,278.891872404,214.742524351,313.100000000,0.000000000,0.000000000
point-0001162,2179.403753440,279.391952757,214.092524351,313.100000000,0.000000000,0.000000000
point-0001163,2181.523406526,275.859197614,214.092524351,313.100000000,0.000000000,0.000000000
point-0001164,2182.015472514,276.359277985,213.442524351,313.100000000,0.000000000,0.000000000
point-0001165,2184.135125589,279.892033110,213.442524351,313.100000000,0.000000000,0.000000000
point-0001166,2184.627191569,280.392113462,212.792524351,313.100000000,0.000000000,0.000000000
point-0001167,2186.746844632,276.859358357,212.792524351,313.100000000,0.000000000,0.000000000
point-0001168,2187.238910620,277.359438729,212.142524351,313.100000000,0.000000000,0.000000000
point-0001169,2189.358563672,280.892193815,212.142524351,313.100000000,0.000000000,0.000000000
point-0001170,2189.850629652,281.392274168,211.492524351,313.100000000,0.000000000,0.000000000
point-0001171,2191.970282692,277.859519101,211.492524351,313.100000000,0.000000000,0.000000000
point-0001172,2192.462348680,278.359599472,210.842524351,313.100000000,0.000000000,0.000000000
point-0001173,2194.582001708,281.892354520,210.842524351,313.100000000,0.000000000,0.000000000
point-0001174,2195.074067689,282.392434873,210.192524351,313.100000000,0.000000000,0.000000000
point-0001175,2197.193720706,278.859679844,210.192524351,313.100000000,0.000000000,0.000000000
point-0001176,2197.685786694,279.359760216,209.542524351,313.100000000,0.000000000,0.000000000
point-0001177,2199.805439699,282.892515225,209.542524351,313.100000000,0.000000000,0.000000000
point-0001178,2200.297505680,283.392595578,208.892524351,313.100000000,0.000000000,0.000000000
point-0001179,2202.417158674,279.859840588,208.892524351,313.100000000,0.000000000,0.000000000
point-0001180,2202.909224662,280.359920959,208.242524351,313.100000000,0.000000000,0.000000000
point-0001181,2205.028877644,283.892675931,208.242524351,313.100000000,0.000000000,0.000000000
point-0001182,2205.520943625,284.392756283,207.592524351,313.100000000,0.000000000,0.000000000
point-0001183,2207.640596596,280.860001331,207.592524351,313.100000000,0.000000000,0.000000000
point-0001184,2208.132662584,281.360081703,206.942524351,313.100000000,0.000000000,0.000000000
point-0001185,2210.252315543,284.892836636,206.942524351,313.100000000,0.000000000,0.000000000
point-0001186,2210.744381524,285.392916988,206.292524351,313.100000000,0.000000000,0.000000000
point-0001187,2212.864034472,281.860162075,206.292524351,313.100000000,0.000000000,0.000000000
point-0001188,2213.356100460,282.360242447,205.642524351,313.100000000,0.000000000,0.000000000
point-0001189,2215.475753397,285.892997341,205.642524351,313.100000000,0.000000000,0.000000000
point-0001190,2215.967819377,286.393077694,204.992524351,313.100000000,0.000000000,0.000000000
point-0001191,2218.087472302,282.860322818,204.992524351,313.100000000,0.000000000,0.000000000
point-0001192,2218.579538290,283.360403190,204.342524351,313.100000000,0.000000000,0.000000000
point-0001193,2220.699191204,286.893158046,204.342524351,313.100000000,0.000000000,0.000000000
point-0001194,2221.136489328,287.222844975,203.692524351,313.100000000,0.000000000,0.000000000
point-0001195,2223.153906176,283.860483562,203.692524351,313.100000000,0.000000000,0.000000000
point-0001196,2223.645972164,284.360563934,203.042524351,313.100000000,0.000000000,0.000000000
point-0001197,2224.856422272,286.377980782,203.042524351,313.100000000,0.000000000,0.000000000
point-0001198,2225.496005247,285.533116588,202.392524351,313.100000000,0.000000000,0.000000000
point-0001199,2225.899488617,284.860644305,202.392524351,313.100000000,0.000000000,0.000000000
point-0001200,2255.107107039,255.013512731,240.843391960,313.700000000,0.000000000,0.000000000
point-0001201,2255.395853847,255.310284155,240.464547449,313.700000000,0.000000000,0.000000000
point-0001202,2284.746930656,285.477303430,201.955239369,313.700000000,0.000000000,0.000000000
point-0001203,2286.786916627,288.153813349,204.051935735,313.700000000,0.000000000,0.000000000
point-0001204,2316.426742242,257.690020600,242.940090950,313.700000000,0.000000000,0.000000000
point-0001205,2318.466728215,255.013512731,240.843391960,313.700000000,0.000000000,0.000000000
point-0001206,2318.934880674,255.765527347,241.051407526,313.700000000,0.000000000,0.000000000
point-0001207,2320.748642999,258.788464555,241.051407526,313.700000000,0.000000000,0.000000000
point-0001208,2321.244060874,258.279274373,241.701407526,313.700000000,0.000000000,0.000000000
point-0001209,2322.254460770,256.595274546,241.701407526,313.700000000,0.000000000,0.000000000
point-0001210,2322.886879104,257.425021746,242.351407526,313.700000000,0.000000000,0.000000000
point-0001211,2323.093916571,257.770084192,242.351407526,313.700000000,0.000000000,0.000000000
point-0001212,2324.580170196,259.297654737,240.401407526,313.700000000,0.000000000,0.000000000
point-0001213,2326.714261002,255.740836728,240.401407526,313.700000000,0.000000000,0.000000000
point-0001214,2327.209678886,256.250026935,239.751407526,313.700000000,0.000000000,0.000000000
point-0001215,2329.343769677,259.806844919,239.751407526,313.700000000,0.000000000,0.000000000
point-0001216,2329.839187552,260.316035101,239.101407526,313.700000000,0.000000000,0.000000000
point-0001217,2331.973278328,256.759217141,239.101407526,313.700000000,0.000000000,0.000000000
point-0001218,2332.468696212,257.268407347,238.451407526,313.700000000,0.000000000,0.000000000
point-0001219,2334.602786974,260.825225283,238.451407526,313.700000000,0.000000000,0.000000000
point-0001220,2335.098204849,261.334415465,237.801407526,313.700000000,0.000000000,0.000000000
point-0001221,2337.232295595,257.777597554,237.801407526,313.700000000,0.000000000,0.000000000
point-0001222,2337.727713479,258.286787760,237.151407526,313.700000000,0.000000000,0.000000000
point-0001223,2339.861804212,261.843605647,237.151407526,313.700000000,0.000000000,0.000000000
point-0001224,2340.357222087,262.352795829,236.501407526,313.700000000,0.000000000,0.000000000
point-0001225,2342.491312804,258.795977967,236.501407526,313.700000000,0.000000000,0.000000000
point-0001226,2342.986730688,259.305168173,235.851407526,313.700000000,0.000000000,0.000000000
point-0001227,2345.120821391,262.861986011,235.851407526,313.700000000,0.000000000,0.000000000
point-0001228,2345.616239266,263.371176193,235.201407526,313.700000000,0.000000000,0.000000000
point-0001229,2347.750329954,259.814358379,235.201407526,313.700000000,0.000000000,0.000000000
point-0001230,2348.245747838,260.323548586,234.551407526,313.700000000,0.000000000,0.000000000
point-0001231,2350.379838512,263.880366375,234.551407526,313.700000000,0.000000000,0.000000000
point-0001232,2350.875256387,264.389556557,233.901407526,313.700000000,0.000000000,0.000000000
point-0001233,2353.009347046,260.832738792,233.901407526,313.700000000,0.000000000,0.000000000
point-0001234,2353.504764930,261.341928998,233.251407526,313.700000000,0.000000000,0.000000000
point-0001235,2355.638855574,264.898746739,233.251407526,313.700000000,0.000000000,0.000000000
point-0001236,2356.134273449,265.407936921,232.601407526,313.700000000,0.000000000,0.000000000
point-0001237,2358.268364079,261.851119205,232.601407526,313.700000000,0.000000000,0.000000000
point-0001238,2358.763781963,262.360309411,231.951407526,313.700000000,0.000000000,0.000000000
point-0001239,2360.897872578,265.917127103,231.951407526,313.700000000,0.000000000,0.000000000
point-0001240,2361.393290453,266.426317285,231.301407526,313.700000000,0.000000000,0.000000000
point-0001241,2363.527381053,262.869499618,231.301407526,313.700000000,0.000000000,0.000000000
point-0001242,2364.022798937,263.378689824,230.651407526,313.700000000,0.000000000,0.000000000
point-0001243,2366.156889522,266.935507467,230.651407526,313.700000000,0.000000000,0.000000000
point-0001244,2366.652307397,267.444697648,230.001407526,313.700000000,0.000000000,0.000000000
point-0001245,2368.786397968,263.887880030,230.001407526,313.700000000,0.000000000,0.000000000
point-0001246,2369.281815852,264.397070237,229.351407526,313.700000000,0.000000000,0.000000000
point-0001247,2371.415906409,267.953887830,229.351407526,313.700000000,0.000000000,0.000000000
point-0001248,2371.911324284,268.463078012,228.701407526,313.700000000,0.000000000,0.000000000
point-0001249,2374.045414825,264.906260443,228.701407526,313.700000000,0.000000000,0.000000000
point-0001250,2374.540832709,265.415450649,228.051407526,313.700000000,0.000000000,0.000000000
point-0001251,2376.674923236,268.972268194,228.051407526,313.700000000,0.000000000,0.000000000
point-0001252,2377.170341111,269.481458376,227.401407526,313.700000000,0.000000000,0.000000000
point-0001253,2379.304431624,265.924640856,227.401407526,313.700000000,0.000000000,0.000000000
point-0001254,2379.799849508,266.433831062,226.751407526,313.700000000,0.000000000,0.000000000
point-0001255,2381.933940005,269.990648558,226.751407526,313.700000000,0.000000000,0.000000000
point-0001256,2382.429357880,270.499838740,226.101407526,313.700000000,0.000000000,0.000000000
point-0001257,2384.563448363,266.943021269,226.101407526,313.700000000,0.000000000,0.000000000
point-0001258,2385.058866247,267.452211475,225.451407526,313.700000000,0.000000000,0.000000000
point-0001259,2387.192956716,271.009028922,225.451407526,313.700000000,0.000000000,0.000000000
point-0001260,2387.688374591,271.518219104,224.801407526,313.700000000,0.000000000,0.000000000
point-0001261,2389.822465044,267.961401681,224.801407526,313.700000000,0.000000000,0.000000000
point-0001262,2390.317882928,268.470591888,224.151407526,313.700000000,0.000000000,0.000000000
point-0001263,2392.451973367,272.027409286,224.151407526,313.700000000,0.000000000,0.000000000
point-0001264,2392.947391242,272.536599468,223.501407526,313.700000000,0.000000000,0.000000000
point-0001265,2395.081481667,268.979782094,223.501407526,313.700000000,0.000000000,0.000000000
point-0001266,2395.576899551,269.488972300,222.851407526,313.700000000,0.000000000,0.000000000
point-0001267,2397.710989960,273.045789650,222.851407526,313.700000000,0.000000000,0.000000000
point-0001268,2398.206407835,273.554979832,222.201407526,313.700000000,0.000000000,0.000000000
point-0001269,2400.340498230,269.998162507,222.201407526,313.700000000,0.000000000,0.000000000
point-0001270,2400.835916114,270.507352713,221.551407526,313.700000000,0.000000000,0.000000000
point-0001271,2402.970006495,274.064170014,221.551407526,313.700000000,0.000000000,0.000000000
point-0001272,2403.465424370,274.573360196,220.901407526,313.700000000,0.000000000,0.000000000
point-0001273,2405.599514735,271.016542920,220.901407526,313.700000000,0.000000000,0.000000000
point-0001274,2406.094932619,271.525733126,220.251407526,313.700000000,0.000000000,0.000000000
point-0001275,2408.229022970,275.082550378,220.251407526,313.700000000,0.000000000,0.000000000
point-0001276,2408.724440845,275.591740560,219.601407526,313.700000000,0.000000000,0.000000000
point-0001277,2410.858531182,272.034923332,219.601407526,313.700000000,0.000000000,0.000000000
point-0001278,2411.353949066,272.544113539,218.951407526,313.700000000,0.000000000,0.000000000
point-0001279,2413.488039388,276.100930742,218.951407526,313.700000000,0.000000000,0.000000000
point-0001280,2413.983457263,276.610120923,218.301407526,313.700000000,0.000000000,0.000000000
point-0001281,2416.117547570,273.053303745,218.301407526,313.700000000,0.000000000,0.000000000
point-0001282,2416.612965454,273.562493951,217.651407526,313.700000000,0.000000000,0.000000000
point-0001283,2418.747055746,277.119311105,217.651407526,313.700000000,0.000000000,0.000000000
point-0001284,2419.242473621,277.628501287,217.001407526,313.700000000,0.000000000,0.000000000
point-0001285,2421.376563899,274.071684158,217.001407526,313.700000000,0.000000000,0.000000000
point-0001286,2421.871981783,274.580874364,216.351407526,313.700000000,0.000000000,0.000000000
point-0001287,2424.006072046,278.137691469,216.351407526,313.700000000,0.000000000,0.000000000
point-0001288,2424.501489921,278.646881651,215.701407526,313.700000000,0.000000000,0.000000000
point-0001289,2426.635580169,275.090064571,215.701407526,313.700000000,0.000000000,0.000000000
point-0001290,2427.130998053,275.599254777,215.051407526,313.700000000,0.000000000,0.000000000
point-0001291,2429.265088287,279.156071833,215.051407526,313.700000000,0.000000000,0.000000000
point-0001292,2429.760506162,279.665262015,214.401407526,313.700000000,0.000000000,0.000000000
point-0001293,2431.894596381,276.108444983,214.401407526,313.700000000,0.000000000,0.000000000
point-0001294,2432.390014265,276.617635190,213.751407526,313.700000000,0.000000000,0.000000000
point-0001295,2434.524104470,280.174452197,213.751407526,313.700000000,0.000000000,0.000000000
point-0001296,2435.019522345,280.683642379,213.101407526,313.700000000,0.000000000,0.000000000
point-0001297,2437.153612534,277.126825396,213.101407526,313.700000000,0.000000000,0.000000000
point-0001298,2437.649030419,277.636015603,212.451407526,313.700000000,0.000000000,0.000000000
point-0001299,2439.783120594,281.192832561,212.451407526,313.700000000,0.000000000,0.000000000
point-0001300,2440.278538469,281.702022743,211.801407526,313.700000000,0.000000000,0.000000000
point-0001301,2442.412628629,278.145205809,211.801407526,313.700000000,0.000000000,0.000000000
point-0001302,2442.908046513,278.654396015,211.151407526,313.700000000,0.000000000,0.000000000
point-0001303,2445.042136659,282.211212925,211.151407526,313.700000000,0.000000000,0.000000000
point-0001304,2445.537554534,282.720403107,210.501407526,313.700000000,0.000000000,0.000000000
point-0001305,2447.671644665,279.163586222,210.501407526,313.700000000,0.000000000,0.000000000
point-0001306,2448.167062549,279.672776428,209.851407526,313.700000000,0.000000000,0.000000000
point-0001307,2450.301152666,283.229593289,209.851407526,313.700000000,0.000000000,0.000000000
point-0001308,2450.796570541,283.738783471,209.201407526,313.700000000,0.000000000,0.000000000
point-0001309,2452.930660642,280.181966634,209.201407526,313.700000000,0.000000000,0.000000000
point-0001310,2453.426078526,280.691156841,208.551407526,313.700000000,0.000000000,0.000000000
point-0001311,2455.560168614,284.247973653,208.551407526,313.700000000,0.000000000,0.000000000
point-0001312,2456.055586489,284.757163835,207.901407526,313.700000000,0.000000000,0.000000000
point-0001313,2458.189676561,281.200347047,207.901407526,313.700000000,0.000000000,0.000000000
point-0001314,2458.685094445,281.709537254,207.251407526,313.700000000,0.000000000,0.000000000
point-0001315,2460.819184503,285.266354017,207.251407526,313.700000000,0.000000000,0.000000000
point-0001316,2461.314602378,285.775544199,206.601407526,313.700000000,0.000000000,0.000000000
point-0001317,2463.448692421,282.218727460,206.601407526,313.700000000,0.000000000,0.000000000
point-0001318,2463.944110305,282.727917666,205.951407526,313.700000000,0.000000000,0.000000000
point-0001319,2466.078200334,286.284734380,205.951407526,313.700000000,0.000000000,0.000000000
point-0001320,2466.573618209,286.793924562,205.301407526,313.700000000,0.000000000,0.000000000
point-0001321,2468.707708223,283.237107873,205.301407526,313.700000000,0.000000000,0.000000000
point-0001322,2469.203126107,283.746298079,204.651407526,313.700000000,0.000000000,0.000000000
point-0001323,2471.337216106,287.303114744,204.651407526,313.700000000,0.000000000,0.000000000
point-0001324,2471.766680675,287.602835984,204.001407526,313.700000000,0.000000000,0.000000000
point-0001325,2473.775089294,284.255488285,204.001407526,313.700000000,0.000000000,0.000000000
point-0001326,2474.270507178,284.764678492,203.351407526,313.700000000,0.000000000,0.000000000
point-0001327,2475.475552350,286.773087111,203.351407526,313.700000000,0.000000000,0.000000000
point-0001328,2476.107971474,285.943338238,202.701407526,313.700000000,0.000000000,0.000000000
point-0001329,2476.509653198,285.273868698,202.701407526,313.700000000,0.000000000,0.000000000
point-0001330,2505.715612195,255.093049258,240.887391378,314.300000000,0.000000000,0.000000000
point-0001331,2506.004360324,255.393108906,240.511143098,314.300000000,0.000000000,0.000000000
point-0001332,2535.355443394,285.894290197,202.265949655,314.300000000,0.000000000,0.000000000
point-0001333,2537.395429883,288.552443482,204.385871348,314.300000000,0.000000000,0.000000000
point-0001334,2567.035263316,257.751200037,243.007315835,314.300000000,0.000000000,0.000000000
point-0001335,2569.075249663,255.093049258,240.887391378,314.300000000,0.000000000,0.000000000
point-0001336,2569.406211486,255.616208373,240.712547298,314.300000000,0.000000000,0.000000000
point-0001337,2571.555041074,259.197591021,240.712547298,314.300000000,0.000000000,0.000000000
point-0001338,2572.053880324,259.715976862,240.062547298,314.300000000,0.000000000,0.000000000
point-0001339,2574.202710002,256.134594065,240.062547298,314.300000000,0.000000000,0.000000000
point-0001340,2574.701549262,256.652979934,239.412547298,314.300000000,0.000000000,0.000000000
point-0001341,2576.850378923,260.234362703,239.412547298,314.300000000,0.000000000,0.000000000
point-0001342,2577.349218173,260.752748544,238.762547298,314.300000000,0.000000000,0.000000000
point-0001343,2579.498047818,257.171365803,238.762547298,314.300000000,0.000000000,0.000000000
point-0001344,2579.996887078,257.689751672,238.112547298,314.300000000,0.000000000,0.000000000
point-0001345,2582.145716706,261.271134385,238.112547298,314.300000000,0.000000000,0.000000000
point-0001346,2582.644555955,261.789520227,237.462547298,314.300000000,0.000000000,0.000000000
point-0001347,2584.793385566,258.208137541,237.462547298,314.300000000,0.000000000,0.000000000
point-0001348,2585.292224826,258.726523410,236.812547298,314.300000000,0.000000000,0.000000000
point-0001349,2587.441054421,262.307906068,236.812547298,314.300000000,0.000000000,0.000000000
point-0001350,2587.939893671,262.826291909,236.162547298,314.300000000,0.000000000,0.000000000
point-0001351,2590.088723248,259.244909279,236.162547298,314.300000000,0.000000000,0.000000000
point-0001352,2590.587562508,259.763295148,235.512547298,314.300000000,0.000000000,0.000000000
point-0001353,2592.736392069,263.344677750,235.512547298,314.300000000,0.000000000,0.000000000
point-0001354,2593.235231319,263.863063591,234.862547298,314.300000000,0.000000000,0.000000000
point-0001355,2595.384060863,260.281681017,234.862547298,314.300000000,0.000000000,0.000000000
point-0001356,2595.882900123,260.800066886,234.212547298,314.300000000,0.000000000,0.000000000
point-0001357,2598.031729651,264.381449432,234.212547298,314.300000000,0.000000000,0.000000000
point-0001358,2598.530568901,264.899835273,233.562547298,314.300000000,0.000000000,0.000000000
point-0001359,2600.679398411,261.318452755,233.562547298,314.300000000,0.000000000,0.000000000
point-0001360,2601.178237671,261.836838624,232.912547298,314.300000000,0.000000000,0.000000000
point-0001361,2603.327067166,265.418221115,232.912547298,314.300000000,0.000000000,0.000000000
point-0001362,2603.825906415,265.936606956,232.262547298,314.300000000,0.000000000,0.000000000
point-0001363,2605.974735893,262.355224493,232.262547298,314.300000000,0.000000000,0.000000000
point-0001364,2606.473575153,262.873610362,231.612547298,314.300000000,0.000000000,0.000000000
point-0001365,2608.622404613,266.454992797,231.612547298,314.300000000,0.000000000,0.000000000
point-0001366,2609.121243863,266.973378638,230.962547298,314.300000000,0.000000000,0.000000000
point-0001367,2611.270073307,263.391996231,230.962547298,314.300000000,0.000000000,0.000000000
point-0001368,2611.768912567,263.910382100,230.312547298,314.300000000,0.000000000,0.000000000
point-0001369,2613.917741994,267.491764479,230.312547298,314.300000000,0.000000000,0.000000000
point-0001370,2614.416581244,268.010150320,229.662547298,314.300000000,0.000000000,0.000000000
point-0001371,2616.565410654,264.428767969,229.662547298,314.300000000,0.000000000,0.000000000
point-0001372,2617.064249914,264.947153838,229.012547298,314.300000000,0.000000000,0.000000000
point-0001373,2619.213079308,268.528536161,229.012547298,314.300000000,0.000000000,0.000000000
point-0001374,2619.711918558,269.046922003,228.362547298,314.300000000,0.000000000,0.000000000
point-0001375,2621.860747935,265.465539707,228.362547298,314.300000000,0.000000000,0.000000000
point-0001376,2622.359587195,265.983925577,227.712547298,314.300000000,0.000000000,0.000000000
point-0001377,2624.508416555,269.565307844,227.712547298,314.300000000,0.000000000,0.000000000
point-0001378,2625.007255805,270.083693685,227.062547298,314.300000000,0.000000000,0.000000000
point-0001379,2627.156085148,266.502311446,227.062547298,314.300000000,0.000000000,0.000000000
point-0001380,2627.654924408,267.020697315,226.412547298,314.300000000,0.000000000,0.000000000
point-0001381,2629.803753735,270.602079526,226.412547298,314.300000000,0.000000000,0.000000000
point-0001382,2630.302592985,271.120465367,225.762547298,314.300000000,0.000000000,0.000000000
point-0001383,2632.451422295,267.539083184,225.762547298,314.300000000,0.000000000,0.000000000
point-0001384,2632.950261555,268.057469053,225.112547298,314.300000000,0.000000000,0.000000000
point-0001385,2635.099090848,271.638851208,225.112547298,314.300000000,0.000000000,0.000000000
point-0001386,2635.597930098,272.157237049,224.462547298,314.300000000,0.000000000,0.000000000
point-0001387,2637.746759375,268.575854922,224.462547298,314.300000000,0.000000000,0.000000000
point-0001388,2638.245598635,269.094240791,223.812547298,314.300000000,0.000000000,0.000000000
point-0001389,2640.394427895,272.675622891,223.812547298,314.300000000,0.000000000,0.000000000
point-0001390,2640.893267144,273.194008732,223.162547298,314.300000000,0.000000000,0.000000000
point-0001391,2643.042096387,269.612626660,223.162547298,314.300000000,0.000000000,0.000000000
point-0001392,2643.540935647,270.131012529,222.512547298,314.300000000,0.000000000,0.000000000
point-0001393,2645.689764874,273.712394573,222.512547298,314.300000000,0.000000000,0.000000000
point-0001394,2646.188604124,274.230780414,221.862547298,314.300000000,0.000000000,0.000000000
point-0001395,2648.337433333,270.649398398,221.862547298,314.300000000,0.000000000,0.000000000
point-0001396,2648.836272593,271.167784267,221.212547298,314.300000000,0.000000000,0.000000000
point-0001397,2650.985101786,274.749166255,221.212547298,314.300000000,0.000000000,0.000000000
point-0001398,2651.483941036,275.267552096,220.562547298,314.300000000,0.000000000,0.000000000
point-0001399,2653.632770212,271.686170136,220.562547298,314.300000000,0.000000000,0.000000000
point-0001400,2654.131609472,272.204556005,219.912547298,314.300000000,0.000000000,0.000000000
point-0001401,2656.280438632,275.785937938,219.912547298,314.300000000,0.000000000,0.000000000
point-0001402,2656.779277882,276.304323779,219.262547298,314.300000000,0.000000000,0.000000000
point-0001403,2658.928107024,272.722941874,219.262547298,314.300000000,0.000000000,0.000000000
point-0001404,2659.426946284,273.241327743,218.612547298,314.300000000,0.000000000,0.000000000
point-0001405,2661.575775411,276.822709620,218.612547298,314.300000000,0.000000000,0.000000000
point-0001406,2662.074614660,277.341095461,217.962547298,314.300000000,0.000000000,0.000000000
point-0001407,2664.223443770,273.759713612,217.962547298,314.300000000,0.000000000,0.000000000
point-0001408,2664.722283030,274.278099481,217.312547298,314.300000000,0.000000000,0.000000000
point-0001409,2666.871112122,277.859481302,217.312547298,314.300000000,0.000000000,0.000000000
point-0001410,2667.369951372,278.377867143,216.662547298,314.300000000,0.000000000,0.000000000
point-0001411,2669.518780448,274.796485350,216.662547298,314.300000000,0.000000000,0.000000000
point-0001412,2670.017619708,275.314871219,216.012547298,314.300000000,0.000000000,0.000000000
point-0001413,2672.166448767,278.896252984,216.012547298,314.300000000,0.000000000,0.000000000
point-0001414,2672.665288017,279.414638826,215.362547298,314.300000000,0.000000000,0.000000000
point-0001415,2674.814117059,275.833257088,215.362547298,314.300000000,0.000000000,0.000000000
point-0001416,2675.312956319,276.351642957,214.712547298,314.300000000,0.000000000,0.000000000
point-0001417,2677.461785345,279.933024667,214.712547298,314.300000000,0.000000000,0.000000000
point-0001418,2677.960624595,280.451410508,214.062547298,314.300000000,0.000000000,0.000000000
point-0001419,2680.109453604,276.870028826,214.062547298,314.300000000,0.000000000,0.000000000
point-0001420,2680.608292864,277.388414695,213.412547298,314.300000000,0.000000000,0.000000000
point-0001421,2682.757121856,280.969796349,213.412547298,314.300000000,0.000000000,0.000000000
point-0001422,2683.255961106,281.488182190,212.762547298,314.300000000,0.000000000,0.000000000
point-0001423,2685.404790081,277.906800564,212.762547298,314.300000000,0.000000000,0.000000000
point-0001424,2685.903629341,278.425186433,212.112547298,314.300000000,0.000000000,0.000000000
point-0001425,2688.052458300,282.006568031,212.112547298,314.300000000,0.000000000,0.000000000
point-0001426,2688.551297550,282.524953872,211.462547298,314.300000000,0.000000000,0.000000000
point-0001427,2690.700126492,278.943572302,211.462547298,314.300000000,0.000000000,0.000000000
point-0001428,2691.198965752,279.461958171,210.812547298,314.300000000,0.000000000,0.000000000
point-0001429,2693.347794677,283.043339714,210.812547298,314.300000000,0.000000000,0.000000000
point-0001430,2693.846633927,283.561725555,210.162547298,314.300000000,0.000000000,0.000000000
point-0001431,2695.995462836,279.980344040,210.162547298,314.300000000,0.000000000,0.000000000
point-0001432,2696.494302096,280.498729909,209.512547298,314.300000000,0.000000000,0.000000000
point-0001433,2698.643130988,284.080111396,209.512547298,314.300000000,0.000000000,0.000000000
point-0001434,2699.141970237,284.598497237,208.862547298,314.300000000,0.000000000,0.000000000
point-0001435,2701.290799113,281.017115778,208.862547298,314.300000000,0.000000000,0.000000000
point-0001436,2701.789638373,281.535501647,208.212547298,314.300000000,0.000000000,0.000000000
point-0001437,2703.938467231,285.116883078,208.212547298,314.300000000,0.000000000,0.000000000
point-0001438,2704.437306481,285.635268919,207.562547298,314.300000000,0.000000000,0.000000000
point-0001439,2706.586135322,282.053887516,207.562547298,314.300000000,0.000000000,0.000000000
point-0001440,2707.084974582,282.572273385,206.912547298,314.300000000,0.000000000,0.000000000
point-0001441,2709.233803408,286.153654760,206.912547298,314.300000000,0.000000000,0.000000000
point-0001442,2709.732642657,286.672040602,206.262547298,314.300000000,0.000000000,0.000000000
point-0001443,2711.881471465,283.090659254,206.262547298,314.300000000,0.000000000,0.000000000
point-0001444,2712.380310725,283.609045123,205.612547298,314.300000000,0.000000000,0.000000000
point-0001445,2714.529139517,287.190426443,205.612547298,314.300000000,0.000000000,0.000000000
point-0001446,2715.027978767,287.708812284,204.962547298,314.300000000,0.000000000,0.000000000
point-0001447,2717.176807542,284.127430992,204.962547298,314.300000000,0.000000000,0.000000000
point-0001448,2717.675646802,284.645816861,204.312547298,314.300000000,0.000000000,0.000000000
point-0001449,2719.675770504,287.979356366,204.312547298,314.300000000,0.000000000,0.000000000
point-0001450,2720.301261164,287.164326433,203.662547298,314.300000000,0.000000000,0.000000000
point-0001451,2721.501335385,285.164202730,203.662547298,314.300000000,0.000000000,0.000000000
point-0001452,2722.000174645,285.682588599,203.012547298,314.300000000,0.000000000,0.000000000
point-0001453,2722.400199386,286.349296500,203.012547298,314.300000000,0.000000000,0.000000000
point-0001454,2750.774277756,258.679205180,241.362547298,314.300000000,0.000000000,0.000000000
point-0001455,2752.279807929,256.169988224,241.362547298,314.300000000,0.000000000,0.000000000
point-0001456,2752.905297729,256.985016326,242.012547298,314.300000000,0.000000000,0.000000000
point-0001457,2753.610779537,258.160819339,242.012547298,314.300000000,0.000000000,0.000000000
point-0001458,2755.551467160,255.171840952,240.931869265,314.900000000,0.000000000,0.000000000
point-0001459,2755.840217591,255.475152375,240.558232497,314.900000000,0.000000000,0.000000000
point-0001460,2785.191329593,286.306693038,202.578794645,314.900000000,0.000000000,0.000000000
point-0001461,2787.231318440,288.946375979,204.721677650,314.900000000,0.000000000,0.000000000
point-0001462,2816.871183368,257.811520777,243.074755099,314.900000000,0.000000000,0.000000000
point-0001463,2818.911171834,255.171840952,240.931869265,314.900000000,0.000000000,0.000000000
point-0001464,2819.270626364,255.763524266,241.025788065,314.900000000,0.000000000,0.000000000
point-0001465,2821.265583264,259.088452434,241.025788065,314.900000000,0.000000000,0.000000000
point-0001466,2821.767913564,259.616119548,240.375788065,314.900000000,0.000000000,0.000000000
point-0001467,2823.931784556,256.009667894,240.375788065,314.900000000,0.000000000,0.000000000
point-0001468,2824.434114866,256.537335036,239.725788065,314.900000000,0.000000000,0.000000000
point-0001469,2826.597985841,260.143786661,239.725788065,314.900000000,0.000000000,0.000000000
point-0001470,2827.100316141,260.671453774,239.075788065,314.900000000,0.000000000,0.000000000
point-0001471,2829.264187098,257.065002178,239.075788065,314.900000000,0.000000000,0.000000000
point-0001472,2829.766517408,257.592669320,238.425788065,314.900000000,0.000000000,0.000000000
point-0001473,2831.930388349,261.199120888,238.425788065,314.900000000,0.000000000,0.000000000
point-0001474,2832.432718648,261.726788001,237.775788065,314.900000000,0.000000000,0.000000000
point-0001475,2834.596589571,258.120336463,237.775788065,314.900000000,0.000000000,0.000000000
point-0001476,2835.098919882,258.648003605,237.125788065,314.900000000,0.000000000,0.000000000
point-0001477,2837.262790788,262.254455115,237.125788065,314.900000000,0.000000000,0.000000000
point-0001478,2837.765121087,262.782122228,236.475788065,314.900000000,0.000000000,0.000000000
point-0001479,2839.928991976,259.175670747,236.475788065,314.900000000,0.000000000,0.000000000
point-0001480,2840.431322286,259.703337889,235.825788065,314.900000000,0.000000000,0.000000000
point-0001481,2842.595193158,263.309789341,235.825788065,314.900000000,0.000000000,0.000000000
point-0001482,2843.097523457,263.837456455,235.175788065,314.900000000,0.000000000,0.000000000
point-0001483,2845.261394311,260.231005031,235.175788065,314.900000000,0.000000000,0.000000000
point-0001484,2845.763724622,260.758672173,234.525788065,314.900000000,0.000000000,0.000000000
point-0001485,2847.927595459,264.365123568,234.525788065,314.900000000,0.000000000,0.000000000
point-0001486,2848.429925758,264.892790682,233.875788065,314.900000000,0.000000000,0.000000000
point-0001487,2850.593796578,261.286339315,233.875788065,314.900000000,0.000000000,0.000000000
point-0001488,2851.096126888,261.814006457,233.225788065,314.900000000,0.000000000,0.000000000
point-0001489,2853.259997691,265.420457795,233.225788065,314.900000000,0.000000000,0.000000000
point-0001490,2853.762327990,265.948124908,232.575788065,314.900000000,0.000000000,0.000000000
point-0001491,2855.926198776,262.341673600,232.575788065,314.900000000,0.000000000,0.000000000
point-0001492,2856.428529086,262.869340742,231.925788065,314.900000000,0.000000000,0.000000000
point-0001493,2858.592399854,266.475792022,231.925788065,314.900000000,0.000000000,0.000000000
point-0001494,2859.094730153,267.003459135,231.275788065,314.900000000,0.000000000,0.000000000
point-0001495,2861.258600904,263.397007884,231.275788065,314.900000000,0.000000000,0.000000000
point-0001496,2861.760931215,263.924675026,230.625788065,314.900000000,0.000000000,0.000000000
point-0001497,2863.924801948,267.531126249,230.625788065,314.900000000,0.000000000,0.000000000
point-0001498,2864.427132248,268.058793362,229.975788065,314.900000000,0.000000000,0.000000000
point-0001499,2866.591002964,264.452342168,229.975788065,314.900000000,0.000000000,0.000000000
point-0001500,2867.093333274,264.980009310,229.325788065,314.900000000,0.000000000,0.000000000
point-0001501,2869.257203974,268.586460475,229.325788065,314.900000000,0.000000000,0.000000000
point-0001502,2869.759534273,269.114127589,228.675788065,314.900000000,0.000000000,0.000000000
point-0001503,2871.923404955,265.507676452,228.675788065,314.900000000,0.000000000,0.000000000
point-0001504,2872.425735265,266.035343594,228.025788065,314.900000000,0.000000000,0.000000000
point-0001505,2874.589605930,269.641794702,228.025788065,314.900000000,0.000000000,0.000000000
point-0001506,2875.091936229,270.169461816,227.375788065,314.900000000,0.000000000,0.000000000
point-0001507,2877.255806877,266.563010737,227.375788065,314.900000000,0.000000000,0.000000000
point-0001508,2877.758137187,267.090677879,226.725788065,314.900000000,0.000000000,0.000000000
point-0001509,2879.922007817,270.697128929,226.725788065,314.900000000,0.000000000,0.000000000
point-0001510,2880.424338117,271.224796043,226.075788065,314.900000000,0.000000000,0.000000000
point-0001511,2882.588208730,267.618345021,226.075788065,314.900000000,0.000000000,0.000000000
point-0001512,2883.090539040,268.146012163,225.425788065,314.900000000,0.000000000,0.000000000
point-0001513,2885.254409636,271.752463156,225.425788065,314.900000000,0.000000000,0.000000000
point-0001514,2885.756739936,272.280130269,224.775788065,314.900000000,0.000000000,0.000000000
point-0001515,2887.920610514,268.673679305,224.775788065,314.900000000,0.000000000,0.000000000
point-0001516,2888.422940824,269.201346447,224.125788065,314.900000000,0.000000000,0.000000000
point-0001517,2890.586811386,272.807797383,224.125788065,314.900000000,0.000000000,0.000000000
point-0001518,2891.089141685,273.335464496,223.475788065,314.900000000,0.000000000,0.000000000
point-0001519,2893.253012229,269.729013589,223.475788065,314.900000000,0.000000000,0.000000000
point-0001520,2893.755342540,270.256680731,222.825788065,314.900000000,0.000000000,0.000000000
point-0001521,2895.919213067,273.863131610,222.825788065,314.900000000,0.000000000,0.000000000
point-0001522,2896.421543366,274.390798723,222.175788065,314.900000000,0.000000000,0.000000000
point-0001523,2898.585413876,270.784347874,222.175788065,314.900000000,0.000000000,0.000000000
point-0001524,2899.087744186,271.312015016,221.525788065,314.900000000,0.000000000,0.000000000
point-0001525,2901.251614678,274.918465836,221.525788065,314.900000000,0.000000000,0.000000000
point-0001526,2901.753944978,275.446132950,220.875788065,314.900000000,0.000000000,0.000000000
point-0001527,2903.917815453,271.839682158,220.875788065,314.900000000,0.000000000,0.000000000
point-0001528,2904.420145763,272.367349300,220.225788065,314.900000000,0.000000000,0.000000000
point-0001529,2906.584016221,275.973800063,220.225788065,314.900000000,0.000000000,0.000000000
point-0001530,2907.086346521,276.501467177,219.575788065,314.900000000,0.000000000,0.000000000
point-0001531,2909.250216961,272.895016442,219.575788065,314.900000000,0.000000000,0.000000000
point-0001532,2909.752547272,273.422683584,218.925788065,314.900000000,0.000000000,0.000000000
point-0001533,2911.916417695,277.029134290,218.925788065,314.900000000,0.000000000,0.000000000
point-0001534,2912.418747995,277.556801403,218.275788065,314.900000000,0.000000000,0.000000000
point-0001535,2914.582618401,273.950350726,218.275788065,314.900000000,0.000000000,0.000000000
point-0001536,2915.084948711,274.478017868,217.625788065,314.900000000,0.000000000,0.000000000
point-0001537,2917.248819100,278.084468517,217.625788065,314.900000000,0.000000000,0.000000000
point-0001538,2917.751149400,278.612135630,216.975788065,314.900000000,0.000000000,0.000000000
point-0001539,2919.915019772,275.005685011,216.975788065,314.900000000,0.000000000,0.000000000
point-0001540,2920.417350082,275.533352153,216.325788065,314.900000000,0.000000000,0.000000000
point-0001541,2922.581220437,279.139802744,216.325788065,314.900000000,0.000000000,0.000000000
point-0001542,2923.083550736,279.667469857,215.675788065,314.900000000,0.000000000,0.000000000
point-0001543,2925.247421073,276.061019295,215.675788065,314.900000000,0.000000000,0.000000000
point-0001544,2925.749751384,276.588686437,215.025788065,314.900000000,0.000000000,0.000000000
point-0001545,2927.913621704,280.195136971,215.025788065,314.900000000,0.000000000,0.000000000
point-0001546,2928.415952003,280.722804084,214.375788065,314.900000000,0.000000000,0.000000000
point-0001547,2930.579822306,277.116353579,214.375788065,314.900000000,0.000000000,0.000000000
point-0001548,2931.082152616,277.644020721,213.725788065,314.900000000,0.000000000,0.000000000
point-0001549,2933.246022902,281.250471197,213.725788065,314.900000000,0.000000000,0.000000000
point-0001550,2933.748353202,281.778138311,213.075788065,314.900000000,0.000000000,0.000000000
point-0001551,2935.912223470,278.171687863,213.075788065,314.900000000,0.000000000,0.000000000
point-0001552,2936.414553780,278.699355005,212.425788065,314.900000000,0.000000000,0.000000000
point-0001553,2938.578424032,282.305805424,212.425788065,314.900000000,0.000000000,0.000000000
point-0001554,2939.080754331,282.833472538,211.775788065,314.900000000,0.000000000,0.000000000
point-0001555,2941.244624565,279.227022148,211.775788065,314.900000000,0.000000000,0.000000000
point-0001556,2941.746954875,279.754689290,211.125788065,314.900000000,0.000000000,0.000000000
point-0001557,2943.910825092,283.361139651,211.125788065,314.900000000,0.000000000,0.000000000
point-0001558,2944.413155391,283.888806764,210.475788065,314.900000000,0.000000000,0.000000000
point-0001559,2946.577025591,280.282356432,210.475788065,314.900000000,0.000000000,0.000000000
point-0001560,2947.079355901,280.810023574,209.825788065,314.900000000,0.000000000,0.000000000
point-0001561,2949.243226084,284.416473878,209.825788065,314.900000000,0.000000000,0.000000000
point-0001562,2949.745556383,284.944140991,209.175788065,314.900000000,0.000000000,0.000000000
point-0001563,2951.909426548,281.337690716,209.175788065,314.900000000,0.000000000,0.000000000
point-0001564,2952.411756858,281.865357858,208.525788065,314.900000000,0.000000000,0.000000000
point-0001565,2954.575627006,285.471808105,208.525788065,314.900000000,0.000000000,0.000000000
point-0001566,2955.077957306,285.999475218,207.875788065,314.900000000,0.000000000,0.000000000
point-0001567,2957.241827436,282.393025000,207.875788065,314.900000000,0.000000000,0.000000000
point-0001568,2957.744157747,282.920692142,207.225788065,314.900000000,0.000000000,0.000000000
point-0001569,2959.908027860,286.527142331,207.225788065,314.900000000,0.000000000,0.000000000
point-0001570,2960.410358159,287.054809445,206.575788065,314.900000000,0.000000000,0.000000000
point-0001571,2962.574228256,283.448359285,206.575788065,314.900000000,0.000000000,0.000000000
point-0001572,2963.076558566,283.976026427,205.925788065,314.900000000,0.000000000,0.000000000
point-0001573,2965.240428645,287.582476558,205.925788065,314.900000000,0.000000000,0.000000000
point-0001574,2965.742758944,288.110143672,205.275788065,314.900000000,0.000000000,0.000000000
point-0001575,2967.906629006,284.503693569,205.275788065,314.900000000,0.000000000,0.000000000
point-0001576,2968.408959316,285.031360711,204.625788065,314.900000000,0.000000000,0.000000000
point-0001577,2970.401501272,288.352263970,204.625788065,314.900000000,0.000000000,0.000000000
point-0001578,2971.020290421,287.551569809,203.975788065,314.900000000,0.000000000,0.000000000
point-0001579,2972.215815594,285.559027853,203.975788065,314.900000000,0.000000000,0.000000000
point-0001580,2972.718145904,286.086694995,203.325788065,314.900000000,0.000000000,0.000000000
point-0001581,2973.116654296,286.750875647,203.325788065,314.900000000,0.000000000,0.000000000
point-0001582,3001.674408572,258.560785321,241.675788065,314.900000000,0.000000000,0.000000000
point-0001583,3002.872349909,256.564216426,241.675788065,314.900000000,0.000000000,0.000000000
point-0001584,3003.491138126,257.364908586,242.325788065,314.900000000,0.000000000,0.000000000
point-0001585,3003.892063899,258.033118207,242.325788065,314.900000000,0.000000000,0.000000000
point-0001586,3005.782422464,255.249864482,240.976801778,315.500000000,0.000000000,0.000000000
point-0001587,3006.071176604,255.556390922,240.605789993,315.500000000,0.000000000,0.000000000
point-0001588,3035.422337070,286.714401494,202.893618495,315.500000000,0.000000000,0.000000000
point-0001589,3037.462329859,289.335509372,205.059192731,315.500000000,0.000000000,0.000000000
point-0001590,3067.102246921,257.870968807,243.142378390,315.500000000,0.000000000,0.000000000
point-0001591,3069.142238975,255.249864482,240.976801778,315.500000000,0.000000000,0.000000000
point-0001592,3069.554753531,255.875158218,240.690974292,315.500000000,0.000000000,0.000000000
point-0001593,3071.733968509,259.507183180,240.690974292,315.500000000,0.000000000,0.000000000
point-0001594,3072.239859662,260.044216851,240.040974292,315.500000000,0.000000000,0.000000000
point-0001595,3074.419074624,256.412191915,240.040974292,315.500000000,0.000000000,0.000000000
point-0001596,3074.924965787,256.949225612,239.390974292,315.500000000,0.000000000,0.000000000
point-0001597,3077.104180733,260.581250522,239.390974292,315.500000000,0.000000000,0.000000000
point-0001598,3077.610071886,261.118284192,238.740974292,315.500000000,0.000000000,0.000000000
point-0001599,3079.789286816,257.486259308,238.740974292,315.500000000,0.000000000,0.000000000
point-0001600,3080.295177979,258.023293005,238.090974292,315.500000000,0.000000000,0.000000000
point-0001601,3082.474392894,261.655317863,238.090974292,315.500000000,0.000000000,0.000000000
point-0001602,3082.980284047,262.192351533,237.440974292,315.500000000,0.000000000,0.000000000
point-0001603,3085.159498946,258.560326702,237.440974292,315.500000000,0.000000000,0.000000000
point-0001604,3085.665390109,259.097360399,236.790974292,315.500000000,0.000000000,0.000000000
point-0001605,3087.844604993,262.729385204,236.790974292,315.500000000,0.000000000,0.000000000
point-0001606,3088.350496146,263.266418875,236.140974292,315.500000000,0.000000000,0.000000000
point-0001607,3090.529711013,259.634394095,236.140974292,315.500000000,0.000000000,0.000000000
point-0001608,3091.035602177,260.171427792,235.490974292,315.500000000,0.000000000,0.000000000
point-0001609,3093.214817029,263.803452545,235.490974292,315.500000000,0.000000000,0.000000000
point-0001610,3093.720708182,264.340486216,234.840974292,315.500000000,0.000000000,0.000000000
point-0001611,3095.899923018,260.708461489,234.840974292,315.500000000,0.000000000,0.000000000
point-0001612,3096.405814181,261.245495186,234.190974292,315.500000000,0.000000000,0.000000000
point-0001613,3098.585029002,264.877519887,234.190974292,315.500000000,0.000000000,0.000000000
point-0001614,3099.090920155,265.414553557,233.540974292,315.500000000,0.000000000,0.000000000
point-0001615,3101.270134960,261.782528882,233.540974292,315.500000000,0.000000000,0.000000000
point-0001616,3101.776026123,262.319562579,232.890974292,315.500000000,0.000000000,0.000000000
point-0001617,3103.955240912,265.951587228,232.890974292,315.500000000,0.000000000,0.000000000
point-0001618,3104.461132065,266.488620898,232.240974292,315.500000000,0.000000000,0.000000000
point-0001619,3106.640346839,262.856596276,232.240974292,315.500000000,0.000000000,0.000000000
point-0001620,3107.146238002,263.393629973,231.590974292,315.500000000,0.000000000,0.000000000
point-0001621,3109.325452760,267.025654569,231.590974292,315.500000000,0.000000000,0.000000000
point-0001622,3109.831343913,267.562688240,230.940974292,315.500000000,0.000000000,0.000000000
point-0001623,3112.010558655,263.930663669,230.940974292,315.500000000,0.000000000,0.000000000
point-0001624,3112.516449818,264.467697366,230.290974292,315.500000000,0.000000000,0.000000000
point-0001625,3114.695664544,268.099721910,230.290974292,315.500000000,0.000000000,0.000000000
point-0001626,3115.201555698,268.636755581,229.640974292,315.500000000,0.000000000,0.000000000
point-0001627,3117.380770408,265.004731063,229.640974292,315.500000000,0.000000000,0.000000000
point-0001628,3117.886661571,265.541764760,228.990974292,315.500000000,0.000000000,0.000000000
point-0001629,3120.065876266,269.173789251,228.990974292,315.500000000,0.000000000,0.000000000
point-0001630,3120.571767420,269.710822922,228.340974292,315.500000000,0.000000000,0.000000000
point-0001631,3122.750982099,266.078798456,228.340974292,315.500000000,0.000000000,0.000000000
point-0001632,3123.256873262,266.615832153,227.690974292,315.500000000,0.000000000,0.000000000
point-0001633,3125.436087926,270.247856593,227.690974292,315.500000000,0.000000000,0.000000000
point-0001634,3125.941979079,270.784890263,227.040974292,315.500000000,0.000000000,0.000000000
point-0001635,3128.121193727,267.152865850,227.040974292,315.500000000,0.000000000,0.000000000
point-0001636,3128.627084890,267.689899547,226.390974292,315.500000000,0.000000000,0.000000000
point-0001637,3130.806299522,271.321923934,226.390974292,315.500000000,0.000000000,0.000000000
point-0001638,3131.312190676,271.858957604,225.740974292,315.500000000,0.000000000,0.000000000
point-0001639,3133.491405292,268.226933243,225.740974292,315.500000000,0.000000000,0.000000000
point-0001640,3133.997296455,268.763966940,225.090974292,315.500000000,0.000000000,0.000000000
point-0001641,3136.176511056,272.395991275,225.090974292,315.500000000,0.000000000,0.000000000
point-0001642,3136.682402209,272.933024946,224.440974292,315.500000000,0.000000000,0.000000000
point-0001643,3138.861616795,269.301000637,224.440974292,315.500000000,0.000000000,0.000000000
point-0001644,3139.367507958,269.838034334,223.790974292,315.500000000,0.000000000,0.000000000
point-0001645,3141.546722527,273.470058616,223.790974292,315.500000000,0.000000000,0.000000000
point-0001646,3142.052613680,274.007092287,223.140974292,315.500000000,0.000000000,0.000000000
point-0001647,3144.231828234,270.375068030,223.140974292,315.500000000,0.000000000,0.000000000
point-0001648,3144.737719397,270.912101727,222.490974292,315.500000000,0.000000000,0.000000000
point-0001649,3146.916933936,274.544125958,222.490974292,315.500000000,0.000000000,0.000000000
point-0001650,3147.422825089,275.081159628,221.840974292,315.500000000,0.000000000,0.000000000
point-0001651,3149.602039611,271.449135424,221.840974292,315.500000000,0.000000000,0.000000000
point-0001652,3150.107930774,271.986169121,221.190974292,315.500000000,0.000000000,0.000000000
point-0001653,3152.287145281,275.618193299,221.190974292,315.500000000,0.000000000,0.000000000
point-0001654,3152.793036434,276.155226969,220.540974292,315.500000000,0.000000000,0.000000000
point-0001655,3154.972250926,272.523202817,220.540974292,315.500000000,0.000000000,0.000000000
point-0001656,3155.478142089,273.060236514,219.890974292,315.500000000,0.000000000,0.000000000
point-0001657,3157.657356564,276.692260640,219.890974292,315.500000000,0.000000000,0.000000000
point-0001658,3158.163247717,277.229294311,219.240974292,315.500000000,0.000000000,0.000000000
point-0001659,3160.342462177,273.597270211,219.240974292,315.500000000,0.000000000,0.000000000
point-0001660,3160.848353340,274.134303908,218.590974292,315.500000000,0.000000000,0.000000000
point-0001661,3163.027567784,277.766327981,218.590974292,315.500000000,0.000000000,0.000000000
point-0001662,3163.533458937,278.303361652,217.940974292,315.500000000,0.000000000,0.000000000
point-0001663,3165.712673366,274.671337604,217.940974292,315.500000000,0.000000000,0.000000000
point-0001664,3166.218564529,275.208371301,217.290974292,315.500000000,0.000000000,0.000000000
point-0001665,3168.397778942,278.840395322,217.290974292,315.500000000,0.000000000,0.000000000
point-0001666,3168.903670095,279.377428993,216.640974292,315.500000000,0.000000000,0.000000000
point-0001667,3171.082884492,275.745404998,216.640974292,315.500000000,0.000000000,0.000000000
point-0001668,3171.588775655,276.282438695,215.990974292,315.500000000,0.000000000,0.000000000
point-0001669,3173.767990036,279.914462664,215.990974292,315.500000000,0.000000000,0.000000000
point-0001670,3174.273881189,280.451496334,215.340974292,315.500000000,0.000000000,0.000000000
point-0001671,3176.453095555,276.819472391,215.340974292,315.500000000,0.000000000,0.000000000
point-0001672,3176.958986718,277.356506088,214.690974292,315.500000000,0.000000000,0.000000000
point-0001673,3179.138201068,280.988530005,214.690974292,315.500000000,0.000000000,0.000000000
point-0001674,3179.644092221,281.525563675,214.040974292,315.500000000,0.000000000,0.000000000
point-0001675,3181.823306555,277.893539785,214.040974292,315.500000000,0.000000000,0.000000000
point-0001676,3182.329197718,278.430573482,213.390974292,315.500000000,0.000000000,0.000000000
point-0001677,3184.508412037,282.062597346,213.390974292,315.500000000,0.000000000,0.000000000
point-0001678,3185.014303190,282.599631017,212.740974292,315.500000000,0.000000000,0.000000000
point-0001679,3187.193517493,278.967607178,212.740974292,315.500000000,0.000000000,0.000000000
point-0001680,3187.699408656,279.504640875,212.090974292,315.500000000,0.000000000,0.000000000
point-0001681,3189.878622943,283.136664687,212.090974292,315.500000000,0.000000000,0.000000000
point-0001682,3190.384514097,283.673698358,211.440974292,315.500000000,0.000000000,0.000000000
point-0001683,3192.563728368,280.041674572,211.440974292,315.500000000,0.000000000,0.000000000
point-0001684,3193.069619531,280.578708269,210.790974292,315.500000000,0.000000000,0.000000000
point-0001685,3195.248833787,284.210732028,210.790974292,315.500000000,0.000000000,0.000000000
point-0001686,3195.754724940,284.747765699,210.140974292,315.500000000,0.000000000,0.000000000
point-0001687,3197.933939180,281.115741966,210.140974292,315.500000000,0.000000000,0.000000000
point-0001688,3198.439830343,281.652775662,209.490974292,315.500000000,0.000000000,0.000000000
point-0001689,3200.619044568,285.284799370,209.490974292,315.500000000,0.000000000,0.000000000
point-0001690,3201.124935721,285.821833040,208.840974292,315.500000000,0.000000000,0.000000000
point-0001691,3203.304149930,282.189809359,208.840974292,315.500000000,0.000000000,0.000000000
point-0001692,3203.810041093,282.726843056,208.190974292,315.500000000,0.000000000,0.000000000
point-0001693,3205.989255286,286.358866711,208.190974292,315.500000000,0.000000000,0.000000000
point-0001694,3206.495146439,286.895900382,207.540974292,315.500000000,0.000000000,0.000000000
point-0001695,3208.674360616,283.263876753,207.540974292,315.500000000,0.000000000,0.000000000
point-0001696,3209.180251780,283.800910449,206.890974292,315.500000000,0.000000000,0.000000000
point-0001697,3211.359465941,287.432934052,206.890974292,315.500000000,0.000000000,0.000000000
point-0001698,3211.865357094,287.969967723,206.240974292,315.500000000,0.000000000,0.000000000
point-0001699,3214.044571240,284.337944146,206.240974292,315.500000000,0.000000000,0.000000000
point-0001700,3214.550462404,284.874977843,205.590974292,315.500000000,0.000000000,0.000000000
point-0001701,3216.729676534,288.507001393,205.590974292,315.500000000,0.000000000,0.000000000
point-0001702,3217.140347776,288.721418360,204.940974292,315.500000000,0.000000000,0.000000000
point-0001703,3219.125991868,285.412011540,204.940974292,315.500000000,0.000000000,0.000000000
point-0001704,3219.631883031,285.949045236,204.290974292,315.500000000,0.000000000,0.000000000
point-0001705,3220.823269486,287.934689328,204.290974292,315.500000000,0.000000000,0.000000000
point-0001706,3221.435576047,287.147960297,203.640974292,315.500000000,0.000000000,0.000000000
point-0001707,3221.832704865,286.486078933,203.640974292,315.500000000,0.000000000,0.000000000
point-0001708,3249.836809813,258.970149510,241.340974292,315.500000000,0.000000000,0.000000000
point-0001709,3251.521912626,256.161644822,241.340974292,315.500000000,0.000000000,0.000000000
point-0001710,3252.134218294,256.948371923,241.990974292,315.500000000,0.000000000,0.000000000
point-0001711,3253.025064644,258.433115839,241.990974292,315.500000000,0.000000000,0.000000000
point-0001712,3253.530955797,257.896082169,242.640974292,315.500000000,0.000000000,0.000000000
point-0001713,3253.627545684,257.735099024,242.640974292,315.500000000,0.000000000,0.000000000
point-0001714,3255.405310236,255.327096969,241.022164545,316.100000000,0.000000000,0.000000000
point-0001715,3255.694069475,255.636800925,240.653789949,316.100000000,0.000000000,0.000000000
point-0001716,3285.045292324,287.117305107,203.210265399,316.100000000,0.000000000,0.000000000
point-0001717,3287.085290183,289.719742160,205.398254685,316.100000000,0.000000000,0.000000000
point-0001718,3316.725274443,257.929530131,243.210155288,316.100000000,0.000000000,0.000000000
point-0001719,3318.765271077,255.327096969,241.022164545,316.100000000,0.000000000,0.000000000
point-0001720,3319.034970329,255.776370929,241.007950520,316.100000000,0.000000000,0.000000000
point-0001721,3321.202598060,259.389083813,241.007950520,316.100000000,0.000000000,0.000000000
point-0001722,3321.712119928,258.842598747,241.657950520,316.100000000,0.000000000,0.000000000
point-0001723,3323.087984028,256.549491912,241.657950520,316.100000000,0.000000000,0.000000000
point-0001724,3323.694018499,257.322612896,242.307950520,316.100000000,0.000000000,0.000000000
point-0001725,3324.278118970,258.296113681,242.307950520,316.100000000,0.000000000,0.000000000
point-0001726,3325.806684574,259.935568879,240.357950520,316.100000000,0.000000000,0.000000000
point-0001727,3328.001545864,256.277466730,240.357950520,316.100000000,0.000000000,0.000000000
point-0001728,3328.511067739,256.823951816,239.707950520,316.100000000,0.000000000,0.000000000
point-0001729,3330.705929017,260.482053946,239.707950520,316.100000000,0.000000000,0.000000000
point-0001730,3331.215450885,261.028539012,239.057950520,316.100000000,0.000000000,0.000000000
point-0001731,3333.410312151,257.370436901,239.057950520,316.100000000,0.000000000,0.000000000
point-0001732,3333.919834027,257.916921987,238.407950520,316.100000000,0.000000000,0.000000000
point-0001733,3336.114695281,261.575024078,238.407950520,316.100000000,0.000000000,0.000000000
point-0001734,3336.624217149,262.121509144,237.757950520,316.100000000,0.000000000,0.000000000
point-0001735,3338.819078392,258.463407073,237.757950520,316.100000000,0.000000000,0.000000000
point-0001736,3339.328600268,259.009892158,237.107950520,316.100000000,0.000000000,0.000000000
point-0001737,3341.523461499,262.667994211,237.107950520,316.100000000,0.000000000,0.000000000
point-0001738,3342.032983367,263.214479277,236.457950520,316.100000000,0.000000000,0.000000000
point-0001739,3344.227844587,259.556377244,236.457950520,316.100000000,0.000000000,0.000000000
point-0001740,3344.737366463,260.102862329,235.807950520,316.100000000,0.000000000,0.000000000
point-0001741,3346.932227671,263.760964343,235.807950520,316.100000000,0.000000000,0.000000000
point-0001742,3347.441749539,264.307449409,235.157950520,316.100000000,0.000000000,0.000000000
point-0001743,3349.636610736,260.649347415,235.157950520,316.100000000,0.000000000,0.000000000
point-0001744,3350.146132611,261.195832501,234.507950520,316.100000000,0.000000000,0.000000000
point-0001745,3352.340993796,264.853934476,234.507950520,316.100000000,0.000000000,0.000000000
point-0001746,3352.850515664,265.400419542,233.857950520,316.100000000,0.000000000,0.000000000
point-0001747,3355.045376838,261.742317586,233.857950520,316.100000000,0.000000000,0.000000000
point-0001748,3355.554898713,262.288802672,233.207950520,316.100000000,0.000000000,0.000000000
point-0001749,3357.749759875,265.946904608,233.207950520,316.100000000,0.000000000,0.000000000
point-0001750,3358.259281743,266.493389674,232.557950520,316.100000000,0.000000000,0.000000000
point-0001751,3360.454142893,262.835287757,232.557950520,316.100000000,0.000000000,0.000000000
point-0001752,3360.963664769,263.381772843,231.907950520,316.100000000,0.000000000,0.000000000
point-0001753,3363.158525907,267.039874741,231.907950520,316.100000000,0.000000000,0.000000000
point-0001754,3363.668047775,267.586359807,231.257950520,316.100000000,0.000000000,0.000000000
point-0001755,3365.862908902,263.928257928,231.257950520,316.100000000,0.000000000,0.000000000
point-0001756,3366.372430778,264.474743014,230.607950520,316.100000000,0.000000000,0.000000000
point-0001757,3368.567291893,268.132844873,230.607950520,316.100000000,0.000000000,0.000000000
point-0001758,3369.076813761,268.679329939,229.957950520,316.100000000,0.000000000,0.000000000
point-0001759,3371.271674865,265.021228100,229.957950520,316.100000000,0.000000000,0.000000000
point-0001760,3371.781196740,265.567713185,229.307950520,316.100000000,0.000000000,0.000000000
point-0001761,3373.976057833,269.225815006,229.307950520,316.100000000,0.000000000,0.000000000
point-0001762,3374.485579701,269.772300072,228.657950520,316.100000000,0.000000000,0.000000000
point-0001763,3376.680440781,266.114198271,228.657950520,316.100000000,0.000000000,0.000000000
point-0001764,3377.189962657,266.660683356,228.007950520,316.100000000,0.000000000,0.000000000
point-0001765,3379.384823726,270.318785138,228.007950520,316.100000000,0.000000000,0.000000000
point-0001766,3379.894345594,270.865270204,227.357950520,316.100000000,0.000000000,0.000000000
point-0001767,3382.089206651,267.207168442,227.357950520,316.100000000,0.000000000,0.000000000
point-0001768,3382.598728527,267.753653528,226.707950520,316.100000000,0.000000000,0.000000000
point-0001769,3384.793589572,271.411755271,226.707950520,316.100000000,0.000000000,0.000000000
point-0001770,3385.303111440,271.958240337,226.057950520,316.100000000,0.000000000,0.000000000
point-0001771,3387.497972475,268.300138613,226.057950520,316.100000000,0.000000000,0.000000000
point-0001772,3388.007494350,268.846623699,225.407950520,316.100000000,0.000000000,0.000000000
point-0001773,3390.202355373,272.504725403,225.407950520,316.100000000,0.000000000,0.000000000
point-0001774,3390.711877241,273.051210469,224.757950520,316.100000000,0.000000000,0.000000000
point-0001775,3392.906738252,269.393108784,224.757950520,316.100000000,0.000000000,0.000000000
point-0001776,3393.416260127,269.939593870,224.107950520,316.100000000,0.000000000,0.000000000
point-0001777,3395.611121126,273.597695536,224.107950520,316.100000000,0.000000000,0.000000000
point-0001778,3396.120642994,274.144180602,223.457950520,316.100000000,0.000000000,0.000000000
point-0001779,3398.315503982,270.486078955,223.457950520,316.100000000,0.000000000,0.000000000
point-0001780,3398.825025858,271.032564041,222.807950520,316.100000000,0.000000000,0.000000000
point-0001781,3401.019886834,274.690665668,222.807950520,316.100000000,0.000000000,0.000000000
point-0001782,3401.529408702,275.237150734,222.157950520,316.100000000,0.000000000,0.000000000
point-0001783,3403.724269666,271.579049127,222.157950520,316.100000000,0.000000000,0.000000000
point-0001784,3404.233791542,272.125534212,221.507950520,316.100000000,0.000000000,0.000000000
point-0001785,3406.428652495,275.783635801,221.507950520,316.100000000,0.000000000,0.000000000
point-0001786,3406.938174363,276.330120867,220.857950520,316.100000000,0.000000000,0.000000000
point-0001787,3409.133035304,272.672019298,220.857950520,316.100000000,0.000000000,0.000000000
point-0001788,3409.642557180,273.218504383,220.207950520,316.100000000,0.000000000,0.000000000
point-0001789,3411.837418109,276.876605933,220.207950520,316.100000000,0.000000000,0.000000000
point-0001790,3412.346939977,277.423090999,219.557950520,316.100000000,0.000000000,0.000000000
point-0001791,3414.541800895,273.764989469,219.557950520,316.100000000,0.000000000,0.000000000
point-0001792,3415.051322771,274.311474555,218.907950520,316.100000000,0.000000000,0.000000000
point-0001793,3417.246183677,277.969576065,218.907950520,316.100000000,0.000000000,0.000000000
point-0001794,3417.755705545,278.516061132,218.257950520,316.100000000,0.000000000,0.000000000
point-0001795,3419.950566440,274.857959640,218.257950520,316.100000000,0.000000000,0.000000000
point-0001796,3420.460088316,275.404444726,217.607950520,316.100000000,0.000000000,0.000000000
point-0001797,3422.654949199,279.062546198,217.607950520,316.100000000,0.000000000,0.000000000
point-0001798,3423.164471067,279.609031264,216.957950520,316.100000000,0.000000000,0.000000000
point-0001799,3425.359331939,275.950929811,216.957950520,316.100000000,0.000000000,0.000000000
point-0001800,3425.868853814,276.497414897,216.307950520,316.100000000,0.000000000,0.000000000
point-0001801,3428.063714675,280.155516330,216.307950520,316.100000000,0.000000000,0.000000000
point-0001802,3428.573236543,280.702001397,215.657950520,316.100000000,0.000000000,0.000000000
point-0001803,3430.768097391,277.043899982,215.657950520,316.100000000,0.000000000,0.000000000
point-0001804,3431.277619267,277.590385068,215.007950520,316.100000000,0.000000000,0.000000000
point-0001805,3433.472480103,281.248486463,215.007950520,316.100000000,0.000000000,0.000000000
point-0001806,3433.982001971,281.794971529,214.357950520,316.100000000,0.000000000,0.000000000
point-0001807,3436.176862797,278.136870154,214.357950520,316.100000000,0.000000000,0.000000000
point-0001808,3436.686384672,278.683355239,213.707950520,316.100000000,0.000000000,0.000000000
point-0001809,3438.881245486,282.341456595,213.707950520,316.100000000,0.000000000,0.000000000
point-0001810,3439.390767354,282.887941662,213.057950520,316.100000000,0.000000000,0.000000000
point-0001811,3441.585628156,279.229840325,213.057950520,316.100000000,0.000000000,0.000000000
point-0001812,3442.095150031,279.776325410,212.407950520,316.100000000,0.000000000,0.000000000
point-0001813,3444.290010822,283.434426728,212.407950520,316.100000000,0.000000000,0.000000000
point-0001814,3444.799532690,283.980911794,211.757950520,316.100000000,0.000000000,0.000000000
point-0001815,3446.994393469,280.322810496,211.757950520,316.100000000,0.000000000,0.000000000
point-0001816,3447.503915344,280.869295582,211.107950520,316.100000000,0.000000000,0.000000000
point-0001817,3449.698776112,284.527396860,211.107950520,316.100000000,0.000000000,0.000000000
point-0001818,3450.208297980,285.073881927,210.457950520,316.100000000,0.000000000,0.000000000
point-0001819,3452.403158735,281.415780667,210.457950520,316.100000000,0.000000000,0.000000000
point-0001820,3452.912680611,281.962265753,209.807950520,316.100000000,0.000000000,0.000000000
point-0001821,3455.107541355,285.620366993,209.807950520,316.100000000,0.000000000,0.000000000
point-0001822,3455.617063223,286.166852059,209.157950520,316.100000000,0.000000000,0.000000000
point-0001823,3457.811923955,282.508750838,209.157950520,316.100000000,0.000000000,0.000000000
point-0001824,3458.321445831,283.055235924,208.507950520,316.100000000,0.000000000,0.000000000
point-0001825,3460.516306552,286.713337125,208.507950520,316.100000000,0.000000000,0.000000000
point-0001826,3461.025828420,287.259822192,207.857950520,316.100000000,0.000000000,0.000000000
point-0001827,3463.220689129,283.601721009,207.857950520,316.100000000,0.000000000,0.000000000
point-0001828,3463.730211004,284.148206095,207.207950520,316.100000000,0.000000000,0.000000000
point-0001829,3465.925071702,287.806307258,207.207950520,316.100000000,0.000000000,0.000000000
point-0001830,3466.434593570,288.352792324,206.557950520,316.100000000,0.000000000,0.000000000
point-0001831,3468.629454256,284.694691181,206.557950520,316.100000000,0.000000000,0.000000000
point-0001832,3469.138976132,285.241176266,205.907950520,316.100000000,0.000000000,0.000000000
point-0001833,3471.333836806,288.899277390,205.907950520,316.100000000,0.000000000,0.000000000
point-0001834,3471.739722505,289.086680702,205.257950520,316.100000000,0.000000000,0.000000000
point-0001835,3473.719134115,285.787661352,205.257950520,316.100000000,0.000000000,0.000000000
point-0001836,3474.228655990,286.334146437,204.607950520,316.100000000,0.000000000,0.000000000
point-0001837,3475.416302956,288.313558047,204.607950520,316.100000000,0.000000000,0.000000000
point-0001838,3476.022338195,287.540435393,203.957950520,316.100000000,0.000000000,0.000000000
point-0001839,3476.418220517,286.880631523,203.957950520,316.100000000,0.000000000,0.000000000
point-0001840,3505.617451287,255.403515451,241.067933325,316.700000000,0.000000000,0.000000000
point-0001841,3505.906217069,255.716358781,240.702206745,316.700000000,0.000000000,0.000000000
point-0001842,3535.257508149,287.515293416,203.528579586,316.700000000,0.000000000,0.000000000
point-0001843,3537.297511548,290.098972803,205.738701606,316.700000000,0.000000000,0.000000000
point-0001844,3566.937570009,257.987190738,243.278055346,316.700000000,0.000000000,0.000000000
point-0001845,3568.977571538,255.403515451,241.067933325,316.700000000,0.000000000,0.000000000
point-0001846,3569.461441737,256.167369938,241.326561358,316.700000000,0.000000000,0.000000000
point-0001847,3571.318066007,259.261743723,241.326561358,316.700000000,0.000000000,0.000000000
point-0001848,3571.831288433,259.817764451,240.676561358,316.700000000,0.000000000,0.000000000
point-0001849,3574.042097452,256.133082751,240.676561358,316.700000000,0.000000000,0.000000000
point-0001850,3574.555319881,256.689103487,240.026561358,316.700000000,0.000000000,0.000000000
point-0001851,3576.766128896,260.373785179,240.026561358,316.700000000,0.000000000,0.000000000
point-0001852,3577.279351321,260.929805907,239.376561358,316.700000000,0.000000000,0.000000000
point-0001853,3579.490160332,257.245124222,239.376561358,316.700000000,0.000000000,0.000000000
point-0001854,3580.003382760,257.801144958,238.726561358,316.700000000,0.000000000,0.000000000
point-0001855,3582.214191766,261.485826635,238.726561358,316.700000000,0.000000000,0.000000000
point-0001856,3582.727414192,262.041847363,238.076561358,316.700000000,0.000000000,0.000000000
point-0001857,3584.938223193,258.357165693,238.076561358,316.700000000,0.000000000,0.000000000
point-0001858,3585.451445622,258.913186429,237.426561358,316.700000000,0.000000000,0.000000000
point-0001859,3587.662254619,262.597868091,237.426561358,316.700000000,0.000000000,0.000000000
point-0001860,3588.175477044,263.153888819,236.776561358,316.700000000,0.000000000,0.000000000
point-0001861,3590.386286037,259.469207164,236.776561358,316.700000000,0.000000000,0.000000000
point-0001862,3590.899508465,260.025227900,236.126561358,316.700000000,0.000000000,0.000000000
point-0001863,3593.110317453,263.709909547,236.126561358,316.700000000,0.000000000,0.000000000
point-0001864,3593.623539879,264.265930275,235.476561358,316.700000000,0.000000000,0.000000000
point-0001865,3595.834348863,260.581248635,235.476561358,316.700000000,0.000000000,0.000000000
point-0001866,3596.347571291,261.137269371,234.826561358,316.700000000,0.000000000,0.000000000
point-0001867,3598.558380270,264.821951003,234.826561358,316.700000000,0.000000000,0.000000000
point-0001868,3599.071602696,265.377971731,234.176561358,316.700000000,0.000000000,0.000000000
point-0001869,3601.282411671,261.693290106,234.176561358,316.700000000,0.000000000,0.000000000
point-0001870,3601.795634099,262.249310842,233.526561358,316.700000000,0.000000000,0.000000000
point-0001871,3604.006443069,265.933992459,233.526561358,316.700000000,0.000000000,0.000000000
point-0001872,3604.519665495,266.490013187,232.876561358,316.700000000,0.000000000,0.000000000
point-0001873,3606.730474461,262.805331577,232.876561358,316.700000000,0.000000000,0.000000000
point-0001874,3607.243696889,263.361352312,232.226561358,316.700000000,0.000000000,0.000000000
point-0001875,3609.454505850,267.046033915,232.226561358,316.700000000,0.000000000,0.000000000
point-0001876,3609.967728276,267.602054643,231.576561358,316.700000000,0.000000000,0.000000000
point-0001877,3612.178537233,263.917373048,231.576561358,316.700000000,0.000000000,0.000000000
point-0001878,3612.691759661,264.473393783,230.926561358,316.700000000,0.000000000,0.000000000
point-0001879,3614.902568614,268.158075371,230.926561358,316.700000000,0.000000000,0.000000000
point-0001880,3615.415791039,268.714096099,230.276561358,316.700000000,0.000000000,0.000000000
point-0001881,3617.626599987,265.029414519,230.276561358,316.700000000,0.000000000,0.000000000
point-0001882,3618.139822415,265.585435254,229.626561358,316.700000000,0.000000000,0.000000000
point-0001883,3620.350631359,269.270116827,229.626561358,316.700000000,0.000000000,0.000000000
point-0001884,3620.863853784,269.826137555,228.976561358,316.700000000,0.000000000,0.000000000
point-0001885,3623.074662724,266.141455990,228.976561358,316.700000000,0.000000000,0.000000000
point-0001886,3623.587885152,266.697476725,228.326561358,316.700000000,0.000000000,0.000000000
point-0001887,3625.798694087,270.382158283,228.326561358,316.700000000,0.000000000,0.000000000
point-0001888,3626.311916512,270.938179011,227.676561358,316.700000000,0.000000000,0.000000000
point-0001889,3628.522725442,267.253497461,227.676561358,316.700000000,0.000000000,0.000000000
point-0001890,3629.035947870,267.809518196,227.026561358,316.700000000,0.000000000,0.000000000
point-0001891,3631.246756796,271.494199739,227.026561358,316.700000000,0.000000000,0.000000000
point-0001892,3631.759979222,272.050220467,226.376561358,316.700000000,0.000000000,0.000000000
point-0001893,3633.970788143,268.365538932,226.376561358,316.700000000,0.000000000,0.000000000
point-0001894,3634.484010571,268.921559667,225.726561358,316.700000000,0.000000000,0.000000000
point-0001895,3636.694819488,272.606241195,225.726561358,316.700000000,0.000000000,0.000000000
point-0001896,3637.208041913,273.162261923,225.076561358,316.700000000,0.000000000,0.000000000
point-0001897,3639.418850826,269.477580403,225.076561358,316.700000000,0.000000000,0.000000000
point-0001898,3639.932073254,270.033601138,224.426561358,316.700000000,0.000000000,0.000000000
point-0001899,3642.142882162,273.718282651,224.426561358,316.700000000,0.000000000,0.000000000
point-0001900,3642.656104587,274.274303379,223.776561358,316.700000000,0.000000000,0.000000000
point-0001901,3644.866913491,270.589621873,223.776561358,316.700000000,0.000000000,0.000000000
point-0001902,3645.380135919,271.145642609,223.126561358,316.700000000,0.000000000,0.000000000
point-0001903,3647.590944818,274.830324107,223.126561358,316.700000000,0.000000000,0.000000000
point-0001904,3648.104167243,275.386344835,222.476561358,316.700000000,0.000000000,0.000000000
point-0001905,3650.314976138,271.701663344,222.476561358,316.700000000,0.000000000,0.000000000
point-0001906,3650.828198566,272.257684080,221.826561358,316.700000000,0.000000000,0.000000000
point-0001907,3653.039007456,275.942365563,221.826561358,316.700000000,0.000000000,0.000000000
point-0001908,3653.552229882,276.498386291,221.176561358,316.700000000,0.000000000,0.000000000
point-0001909,3655.763038767,272.813704815,221.176561358,316.700000000,0.000000000,0.000000000
point-0001910,3656.276261195,273.369725551,220.526561358,316.700000000,0.000000000,0.000000000
point-0001911,3658.487070076,277.054407019,220.526561358,316.700000000,0.000000000,0.000000000
point-0001912,3659.000292502,277.610427747,219.876561358,316.700000000,0.000000000,0.000000000
point-0001913,3661.211101378,273.925746286,219.876561358,316.700000000,0.000000000,0.000000000
point-0001914,3661.724323807,274.481767022,219.226561358,316.700000000,0.000000000,0.000000000
point-0001915,3663.935132679,278.166448475,219.226561358,316.700000000,0.000000000,0.000000000
point-0001916,3664.448355104,278.722469203,218.576561358,316.700000000,0.000000000,0.000000000
point-0001917,3666.659163972,275.037787757,218.576561358,316.700000000,0.000000000,0.000000000
point-0001918,3667.172386400,275.593808493,217.926561358,316.700000000,0.000000000,0.000000000
point-0001919,3669.383195263,279.278489931,217.926561358,316.700000000,0.000000000,0.000000000
point-0001920,3669.896417689,279.834510659,217.276561358,316.700000000,0.000000000,0.000000000
point-0001921,3672.107226548,276.149829228,217.276561358,316.700000000,0.000000000,0.000000000
point-0001922,3672.620448976,276.705849964,216.626561358,316.700000000,0.000000000,0.000000000
point-0001923,3674.831257830,280.390531387,216.626561358,316.700000000,0.000000000,0.000000000
point-0001924,3675.344480256,280.946552115,215.976561358,316.700000000,0.000000000,0.000000000
point-0001925,3677.555289105,277.261870699,215.976561358,316.700000000,0.000000000,0.000000000
point-0001926,3678.068511534,277.817891435,215.326561358,316.700000000,0.000000000,0.000000000
point-0001927,3680.279320379,281.502572843,215.326561358,316.700000000,0.000000000,0.000000000
point-0001928,3680.792542804,282.058593571,214.676561358,316.700000000,0.000000000,0.000000000
point-0001929,3683.003351645,278.373912170,214.676561358,316.700000000,0.000000000,0.000000000
point-0001930,3683.516574074,278.929932905,214.026561358,316.700000000,0.000000000,0.000000000
point-0001931,3685.727382910,282.614614299,214.026561358,316.700000000,0.000000000,0.000000000
point-0001932,3686.240605335,283.170635027,213.376561358,316.700000000,0.000000000,0.000000000
point-0001933,3688.451414167,279.485953641,213.376561358,316.700000000,0.000000000,0.000000000
point-0001934,3688.964636596,280.041974376,212.726561358,316.700000000,0.000000000,0.000000000
point-0001935,3691.175445423,283.726655755,212.726561358,316.700000000,0.000000000,0.000000000
point-0001936,3691.688667848,284.282676483,212.076561358,316.700000000,0.000000000,0.000000000
point-0001937,3693.899476671,280.597995112,212.076561358,316.700000000,0.000000000,0.000000000
point-0001938,3694.412699100,281.154015847,211.426561358,316.700000000,0.000000000,0.000000000
point-0001939,3696.623507918,284.838697211,211.426561358,316.700000000,0.000000000,0.000000000
point-0001940,3697.136730344,285.394717939,210.776561358,316.700000000,0.000000000,0.000000000
point-0001941,3699.347539158,281.710036583,210.776561358,316.700000000,0.000000000,0.000000000
point-0001942,3699.860761586,282.266057318,210.126561358,316.700000000,0.000000000,0.000000000
point-0001943,3702.071570396,285.950738667,210.126561358,316.700000000,0.000000000,0.000000000
point-0001944,3702.584792821,286.506759395,209.476561358,316.700000000,0.000000000,0.000000000
point-0001945,3704.795601626,282.822078054,209.476561358,316.700000000,0.000000000,0.000000000
point-0001946,3705.308824055,283.378098789,208.826561358,316.700000000,0.000000000,0.000000000
point-0001947,3707.519632855,287.062780123,208.826561358,316.700000000,0.000000000,0.000000000
point-0001948,3708.032855281,287.618800852,208.176561358,316.700000000,0.000000000,0.000000000
point-0001949,3710.243664077,283.934119525,208.176561358,316.700000000,0.000000000,0.000000000
point-0001950,3710.756886505,284.490140260,207.526561358,316.700000000,0.000000000,0.000000000
point-0001951,3712.967695297,288.174821580,207.526561358,316.700000000,0.000000000,0.000000000
point-0001952,3713.480917722,288.730842308,206.876561358,316.700000000,0.000000000,0.000000000
point-0001953,3715.691726509,285.046160996,206.876561358,316.700000000,0.000000000,0.000000000
point-0001954,3716.204948938,285.602181731,206.226561358,316.700000000,0.000000000,0.000000000
point-0001955,3718.415757721,289.286863036,206.226561358,316.700000000,0.000000000,0.000000000
point-0001956,3718.817550492,289.447913675,205.576561358,316.700000000,0.000000000,0.000000000
point-0001957,3720.791377217,286.158202466,205.576561358,316.700000000,0.000000000,0.000000000
point-0001958,3721.304599645,286.714223202,204.926561358,316.700000000,0.000000000,0.000000000
point-0001959,3722.488895680,288.688049927,204.926561358,316.700000000,0.000000000,0.000000000
point-0001960,3723.088863554,287.928186179,204.276561358,316.700000000,0.000000000,0.000000000
point-0001961,3723.483628899,287.270243937,204.276561358,316.700000000,0.000000000,0.000000000
point-0001962,3751.863196697,258.705722995,241.976561358,316.700000000,0.000000000,0.000000000
point-0001963,3752.930291006,256.927232480,241.976561358,316.700000000,0.000000000,0.000000000
point-0001964,3753.530258330,257.687095022,242.626561358,316.700000000,0.000000000,0.000000000
point-0001965,3753.807822677,258.149702267,242.626561358,316.700000000,0.000000000,0.000000000
point-0001966,3755.684175369,255.479097000,241.114083877,317.300000000,0.000000000,0.000000000
point-0001967,3755.972949154,255.795040902,240.751014779,317.300000000,0.000000000,0.000000000
point-0001968,3785.324303806,287.908255961,203.848405319,317.300000000,0.000000000,0.000000000
point-0001969,3787.364312361,290.473099728,206.080371585,317.300000000,0.000000000,0.000000000
point-0001970,3816.715667409,258.359884235,242.982981543,317.300000000,0.000000000,0.000000000
point-0001971,3817.004441500,258.043936613,243.346048081,317.300000000,0.000000000,0.000000000
point-0001972,3819.044447364,255.479097000,241.114083877,317.300000000,0.000000000,0.000000000
point-0001973,3819.352537146,255.978971378,240.996651488,317.300000000,0.000000000,0.000000000
point-0001974,3821.579593707,259.690732314,240.996651488,317.300000000,0.000000000,0.000000000
point-0001975,3822.096586430,260.256372254,240.346651488,317.300000000,0.000000000,0.000000000
point-0001976,3824.323643344,256.544610731,240.346651488,317.300000000,0.000000000,0.000000000
point-0001977,3824.840636066,257.110250670,239.696651488,317.300000000,0.000000000,0.000000000
point-0001978,3827.067692980,260.822012194,239.696651488,317.300000000,0.000000000,0.000000000
point-0001979,3827.584685702,261.387652133,239.046651488,317.300000000,0.000000000,0.000000000
point-0001980,3829.811742616,257.675890610,239.046651488,317.300000000,0.000000000,0.000000000
point-0001981,3830.328735338,258.241530550,238.396651488,317.300000000,0.000000000,0.000000000
point-0001982,3832.555792252,261.953292073,238.396651488,317.300000000,0.000000000,0.000000000
point-0001983,3833.072784974,262.518932013,237.746651488,317.300000000,0.000000000,0.000000000
point-0001984,3835.299841888,258.807170489,237.746651488,317.300000000,0.000000000,0.000000000
point-0001985,3835.816834610,259.372810429,237.096651488,317.300000000,0.000000000,0.000000000
point-0001986,3838.043891524,263.084571952,237.096651488,317.300000000,0.000000000,0.000000000
point-0001987,3838.560884247,263.650211892,236.446651488,317.300000000,0.000000000,0.000000000
point-0001988,3840.787941161,259.938450369,236.446651488,317.300000000,0.000000000,0.000000000
point-0001989,3841.304933883,260.504090308,235.796651488,317.300000000,0.000000000,0.000000000
point-0001990,3843.531990797,264.215851832,235.796651488,317.300000000,0.000000000,0.000000000
point-0001991,3844.048983519,264.781491771,235.146651488,317.300000000,0.000000000,0.000000000
point-0001992,3846.276040433,261.069730248,235.146651488,317.300000000,0.000000000,0.000000000
point-0001993,3846.793033155,261.635370188,234.496651488,317.300000000,0.000000000,0.000000000
point-0001994,3849.020090069,265.347131711,234.496651488,317.300000000,0.000000000,0.000000000
point-0001995,3849.537082791,265.912771651,233.846651488,317.300000000,0.000000000,0.000000000
point-0001996,3851.764139705,262.201010127,233.846651488,317.300000000,0.000000000,0.000000000
point-0001997,3852.281132427,262.766650067,233.196651488,317.300000000,0.000000000,0.000000000
point-0001998,3854.508189341,266.478411590,233.196651488,317.300000000,0.000000000,0.000000000
point-0001999,3855.025182064,267.044051530,232.546651488,317.300000000,0.000000000,0.000000000
point-0002000,3857.252238978,263.332290007,232.546651488,317.300000000,0.000000000,0.000000000
point-0002001,3857.769231700,263.897929946,231.896651488,317.300000000,0.000000000,0.000000000
point-0002002,3859.996288614,267.609691470,231.896651488,317.300000000,0.000000000,0.000000000
point-0002003,3860.513281336,268.175331409,231.246651488,317.300000000,0.000000000,0.000000000
point-0002004,3862.740338250,264.463569886,231.246651488,317.300000000,0.000000000,0.000000000
point-0002005,3863.257330972,265.029209826,230.596651488,317.300000000,0.000000000,0.000000000
point-0002006,3865.484387886,268.740971349,230.596651488,317.300000000,0.000000000,0.000000000
point-0002007,3866.001380608,269.306611289,229.946651488,317.300000000,0.000000000,0.000000000
point-0002008,3868.228437522,265.594849765,229.946651488,317.300000000,0.000000000,0.000000000
point-0002009,3868.745430244,266.160489705,229.296651488,317.300000000,0.000000000,0.000000000
point-0002010,3870.972487158,269.872251228,229.296651488,317.300000000,0.000000000,0.000000000
point-0002011,3871.489479881,270.437891168,228.646651488,317.300000000,0.000000000,0.000000000
point-0002012,3873.716536795,266.726129645,228.646651488,317.300000000,0.000000000,0.000000000
point-0002013,3874.233529517,267.291769585,227.996651488,317.300000000,0.000000000,0.000000000
point-0002014,3876.460586431,271.003531108,227.996651488,317.300000000,0.000000000,0.000000000
point-0002015,3876.977579153,271.569171047,227.346651488,317.300000000,0.000000000,0.000000000
point-0002016,3879.204636067,267.857409524,227.346651488,317.300000000,0.000000000,0.000000000
point-0002017,3879.721628789,268.423049464,226.696651488,317.300000000,0.000000000,0.000000000
point-0002018,3881.948685703,272.134810987,226.696651488,317.300000000,0.000000000,0.000000000
point-0002019,3882.465678425,272.700450927,226.046651488,317.300000000,0.000000000,0.000000000
point-0002020,3884.692735339,268.988689404,226.046651488,317.300000000,0.000000000,0.000000000
point-0002021,3885.209728061,269.554329343,225.396651488,317.300000000,0.000000000,0.000000000
point-0002022,3887.436784975,273.266090866,225.396651488,317.300000000,0.000000000,0.000000000
point-0002023,3887.953777698,273.831730806,224.746651488,317.300000000,0.000000000,0.000000000
point-0002024,3890.180834612,270.119969283,224.746651488,317.300000000,0.000000000,0.000000000
point-0002025,3890.697827334,270.685609223,224.096651488,317.300000000,0.000000000,0.000000000
point-0002026,3892.924884248,274.397370746,224.096651488,317.300000000,0.000000000,0.000000000
point-0002027,3893.441876970,274.963010685,223.446651488,317.300000000,0.000000000,0.000000000
point-0002028,3895.668933884,271.251249162,223.446651488,317.300000000,0.000000000,0.000000000
point-0002029,3896.185926606,271.816889102,222.796651488,317.300000000,0.000000000,0.000000000
point-0002030,3898.412983520,275.528650625,222.796651488,317.300000000,0.000000000,0.000000000
point-0002031,3898.929976242,276.094290565,222.146651488,317.300000000,0.000000000,0.000000000
point-0002032,3901.157033156,272.382529042,222.146651488,317.300000000,0.000000000,0.000000000
point-0002033,3901.674025878,272.948168981,221.496651488,317.300000000,0.000000000,0.000000000
point-0002034,3903.901082792,276.659930504,221.496651488,317.300000000,0.000000000,0.000000000
point-0002035,3904.418075515,277.225570444,220.846651488,317.300000000,0.000000000,0.000000000
point-0002036,3906.645132429,273.513808921,220.846651488,317.300000000,0.000000000,0.000000000
point-0002037,3907.162125151,274.079448861,220.196651488,317.300000000,0.000000000,0.000000000
point-0002038,3909.389182065,277.791210384,220.196651488,317.300000000,0.000000000,0.000000000
point-0002039,3909.906174787,278.356850323,219.546651488,317.300000000,0.000000000,0.000000000
point-0002040,3912.133231701,274.645088800,219.546651488,317.300000000,0.000000000,0.000000000
point-0002041,3912.650224423,275.210728740,218.896651488,317.300000000,0.000000000,0.000000000
point-0002042,3914.877281337,278.922490263,218.896651488,317.300000000,0.000000000,0.000000000
point-0002043,3915.394274059,279.488130203,218.246651488,317.300000000,0.000000000,0.000000000
point-0002044,3917.621330973,275.776368680,218.246651488,317.300000000,0.000000000,0.000000000
point-0002045,3918.138323695,276.342008619,217.596651488,317.300000000,0.000000000,0.000000000
point-0002046,3920.365380609,280.053770142,217.596651488,317.300000000,0.000000000,0.000000000
point-0002047,3920.882373332,280.619410082,216.946651488,317.300000000,0.000000000,0.000000000
point-0002048,3923.109430246,276.907648559,216.946651488,317.300000000,0.000000000,0.000000000
point-0002049,3923.626422968,277.473288499,216.296651488,317.300000000,0.000000000,0.000000000
point-0002050,3925.853479882,281.185050022,216.296651488,317.300000000,0.000000000,0.000000000
point-0002051,3926.370472604,281.750689961,215.646651488,317.300000000,0.000000000,0.000000000
point-0002052,3928.597529518,278.038928438,215.646651488,317.300000000,0.000000000,0.000000000
point-0002053,3929.114522240,278.604568378,214.996651488,317.300000000,0.000000000,0.000000000
point-0002054,3931.341579154,282.316329901,214.996651488,317.300000000,0.000000000,0.000000000
point-0002055,3931.858571876,282.881969841,214.346651488,317.300000000,0.000000000,0.000000000
point-0002056,3934.085628790,279.170208318,214.346651488,317.300000000,0.000000000,0.000000000
point-0002057,3934.602621512,279.735848257,213.696651488,317.300000000,0.000000000,0.000000000
point-0002058,3936.829678426,283.447609780,213.696651488,317.300000000,0.000000000,0.000000000
point-0002059,3937.346671149,284.013249720,213.046651488,317.300000000,0.000000000,0.000000000
point-0002060,3939.573728063,280.301488197,213.046651488,317.300000000,0.000000000,0.000000000
point-0002061,3940.090720785,280.867128137,212.396651488,317.300000000,0.000000000,0.000000000
point-0002062,3942.317777699,284.578889660,212.396651488,317.300000000,0.000000000,0.000000000
point-0002063,3942.834770421,285.144529599,211.746651488,317.300000000,0.000000000,0.000000000
point-0002064,3945.061827335,281.432768076,211.746651488,317.300000000,0.000000000,0.000000000
point-0002065,3945.578820057,281.998408016,211.096651488,317.300000000,0.000000000,0.000000000
point-0002066,3947.805876971,285.710169539,211.096651488,317.300000000,0.000000000,0.000000000
point-0002067,3948.322869693,286.275809479,210.446651488,317.300000000,0.000000000,0.000000000
point-0002068,3950.549926607,282.564047956,210.446651488,317.300000000,0.000000000,0.000000000
point-0002069,3951.066919329,283.129687895,209.796651488,317.300000000,0.000000000,0.000000000
point-0002070,3953.293976243,286.841449418,209.796651488,317.300000000,0.000000000,0.000000000
point-0002071,3953.810968966,287.407089358,209.146651488,317.300000000,0.000000000,0.000000000
point-0002072,3956.038025879,283.695327835,209.146651488,317.300000000,0.000000000,0.000000000
point-0002073,3956.555018602,284.260967775,208.496651488,317.300000000,0.000000000,0.000000000
point-0002074,3958.782075516,287.972729298,208.496651488,317.300000000,0.000000000,0.000000000
point-0002075,3959.299068238,288.538369237,207.846651488,317.300000000,0.000000000,0.000000000
point-0002076,3961.526125152,284.826607714,207.846651488,317.300000000,0.000000000,0.000000000
point-0002077,3962.043117874,285.392247654,207.196651488,317.300000000,0.000000000,0.000000000
point-0002078,3964.270174788,289.104009177,207.196651488,317.300000000,0.000000000,0.000000000
point-0002079,3964.787167510,289.669649117,206.546651488,317.300000000,0.000000000,0.000000000
point-0002080,3967.014224424,285.957887594,206.546651488,317.300000000,0.000000000,0.000000000
point-0002081,3967.531217146,286.523527533,205.896651488,317.300000000,0.000000000,0.000000000
point-0002082,3969.500089452,289.804981376,205.896651488,317.300000000,0.000000000,0.000000000
point-0002083,3970.094186944,289.058039778,205.246651488,317.300000000,0.000000000,0.000000000
point-0002084,3971.275510327,287.089167473,205.246651488,317.300000000,0.000000000,0.000000000
point-0002085,3971.792503049,287.654807413,204.596651488,317.300000000,0.000000000,0.000000000
point-0002086,3972.186277510,288.311098181,204.596651488,317.300000000,0.000000000,0.000000000
point-0002087,4000.485202518,259.125092375,241.646651488,317.300000000,0.000000000,0.000000000
point-0002088,4002.031404124,256.548089698,241.646651488,317.300000000,0.000000000,0.000000000
point-0002089,4002.625501381,257.295030776,242.296651488,317.300000000,0.000000000,0.000000000
point-0002090,4003.384154376,258.559452435,242.296651488,317.300000000,0.000000000,0.000000000
point-0002091,4005.345380401,255.553818710,241.160591959,317.900000000,0.000000000,0.000000000
point-0002092,4005.634163633,255.872823720,240.800188465,317.900000000,0.000000000,0.000000000
point-0002093,4034.985564283,288.296082280,204.169586897,317.900000000,0.000000000,0.000000000
point-0002094,4037.025576560,290.842021325,206.423102711,317.900000000,0.000000000,0.000000000
point-0002095,4066.376976895,258.418763112,243.053703887,317.900000000,0.000000000,0.000000000
point-0002096,4066.665759885,258.099753736,243.414102978,317.900000000,0.000000000,0.000000000
point-0002097,4068.705768449,255.553818710,241.160591959,317.900000000,0.000000000,0.000000000
point-0002098,4069.095710699,256.184355717,241.318065659,317.900000000,0.000000000,0.000000000
point-0002099,4071.117741926,259.554407762,241.318065659,317.900000000,0.000000000,0.000000000
point-0002100,4071.638574498,260.129749612,240.668065659,317.900000000,0.000000000,0.000000000
point-0002101,4073.882177357,256.390411513,240.668065659,317.900000000,0.000000000,0.000000000
point-0002102,4074.403009929,256.965753362,240.018065659,317.900000000,0.000000000,0.000000000
point-0002103,4076.646612788,260.705091461,240.018065659,317.900000000,0.000000000,0.000000000
point-0002104,4077.167445360,261.280433311,239.368065659,317.900000000,0.000000000,0.000000000
point-0002105,4079.411048220,257.541095212,239.368065659,317.900000000,0.000000000,0.000000000
point-0002106,4079.931880792,258.116437062,238.718065659,317.900000000,0.000000000,0.000000000
point-0002107,4082.175483651,261.855775161,238.718065659,317.900000000,0.000000000,0.000000000
point-0002108,4082.696316223,262.431117011,238.068065659,317.900000000,0.000000000,0.000000000
point-0002109,4084.939919082,258.691778912,238.068065659,317.900000000,0.000000000,0.000000000
point-0002110,4085.460751654,259.267120761,237.418065659,317.900000000,0.000000000,0.000000000
point-0002111,4087.704354514,263.006458860,237.418065659,317.900000000,0.000000000,0.000000000
point-0002112,4088.225187085,263.581800710,236.768065659,317.900000000,0.000000000,0.000000000
point-0002113,4090.468789945,259.842462611,236.768065659,317.900000000,0.000000000,0.000000000
point-0002114,4090.989622517,260.417804461,236.118065659,317.900000000,0.000000000,0.000000000
point-0002115,4093.233225376,264.157142560,236.118065659,317.900000000,0.000000000,0.000000000
point-0002116,4093.754057948,264.732484410,235.468065659,317.900000000,0.000000000,0.000000000
point-0002117,4095.997660807,260.993146311,235.468065659,317.900000000,0.000000000,0.000000000
point-0002118,4096.518493379,261.568488160,234.818065659,317.900000000,0.000000000,0.000000000
point-0002119,4098.762096239,265.307826260,234.818065659,317.900000000,0.000000000,0.000000000
point-0002120,4099.282928810,265.883168109,234.168065659,317.900000000,0.000000000,0.000000000
point-0002121,4101.526531670,262.143830010,234.168065659,317.900000000,0.000000000,0.000000000
point-0002122,4102.047364242,262.719171860,233.518065659,317.900000000,0.000000000,0.000000000
point-0002123,4104.290967101,266.458509959,233.518065659,317.900000000,0.000000000,0.000000000
point-0002124,4104.811799673,267.033851809,232.868065659,317.900000000,0.000000000,0.000000000
point-0002125,4107.055402532,263.294513710,232.868065659,317.900000000,0.000000000,0.000000000
point-0002126,4107.576235104,263.869855559,232.218065659,317.900000000,0.000000000,0.000000000
point-0002127,4109.819837964,267.609193659,232.218065659,317.900000000,0.000000000,0.000000000
point-0002128,4110.340670535,268.184535508,231.568065659,317.900000000,0.000000000,0.000000000
point-0002129,4112.584273395,264.445197409,231.568065659,317.900000000,0.000000000,0.000000000
point-0002130,4113.105105967,265.020539259,230.918065659,317.900000000,0.000000000,0.000000000
point-0002131,4115.348708826,268.759877358,230.918065659,317.900000000,0.000000000,0.000000000
point-0002132,4115.869541398,269.335219208,230.268065659,317.900000000,0.000000000,0.000000000
point-0002133,4118.113144257,265.595881109,230.268065659,317.900000000,0.000000000,0.000000000
point-0002134,4118.633976829,266.171222959,229.618065659,317.900000000,0.000000000,0.000000000
point-0002135,4120.877579689,269.910561058,229.618065659,317.900000000,0.000000000,0.000000000
point-0002136,4121.398412260,270.485902907,228.968065659,317.900000000,0.000000000,0.000000000
point-0002137,4123.642015120,266.746564808,228.968065659,317.900000000,0.000000000,0.000000000
point-0002138,4124.162847692,267.321906658,228.318065659,317.900000000,0.000000000,0.000000000
point-0002139,4126.406450551,271.061244757,228.318065659,317.900000000,0.000000000,0.000000000
point-0002140,4126.927283123,271.636586607,227.668065659,317.900000000,0.000000000,0.000000000
point-0002141,4129.170885982,267.897248508,227.668065659,317.900000000,0.000000000,0.000000000
point-0002142,4129.691718554,268.472590358,227.018065659,317.900000000,0.000000000,0.000000000
point-0002143,4131.935321414,272.211928457,227.018065659,317.900000000,0.000000000,0.000000000
point-0002144,4132.456153986,272.787270306,226.368065659,317.900000000,0.000000000,0.000000000
point-0002145,4134.699756845,269.047932207,226.368065659,317.900000000,0.000000000,0.000000000
point-0002146,4135.220589417,269.623274057,225.718065659,317.900000000,0.000000000,0.000000000
point-0002147,4137.464192276,273.362612156,225.718065659,317.900000000,0.000000000,0.000000000
point-0002148,4137.985024848,273.937954006,225.068065659,317.900000000,0.000000000,0.000000000
point-0002149,4140.228627707,270.198615907,225.068065659,317.900000000,0.000000000,0.000000000
point-0002150,4140.749460279,270.773957757,224.418065659,317.900000000,0.000000000,0.000000000
point-0002151,4142.993063139,274.513295856,224.418065659,317.900000000,0.000000000,0.000000000
point-0002152,4143.513895711,275.088637705,223.768065659,317.900000000,0.000000000,0.000000000
point-0002153,4145.757498570,271.349299606,223.768065659,317.900000000,0.000000000,0.000000000
point-0002154,4146.278331142,271.924641456,223.118065659,317.900000000,0.000000000,0.000000000
point-0002155,4148.521934001,275.663979555,223.118065659,317.900000000,0.000000000,0.000000000
point-0002156,4149.042766573,276.239321405,222.468065659,317.900000000,0.000000000,0.000000000
point-0002157,4151.286369433,272.499983306,222.468065659,317.900000000,0.000000000,0.000000000
point-0002158,4151.807202004,273.075325156,221.818065659,317.900000000,0.000000000,0.000000000
point-0002159,4154.050804864,276.814663255,221.818065659,317.900000000,0.000000000,0.000000000
point-0002160,4154.571637436,277.390005105,221.168065659,317.900000000,0.000000000,0.000000000
point-0002161,4156.815240295,273.650667005,221.168065659,317.900000000,0.000000000,0.000000000
point-0002162,4157.336072867,274.226008855,220.518065659,317.900000000,0.000000000,0.000000000
point-0002163,4159.579675726,277.965346954,220.518065659,317.900000000,0.000000000,0.000000000
point-0002164,4160.100508298,278.540688804,219.868065659,317.900000000,0.000000000,0.000000000
point-0002165,4162.344111158,274.801350705,219.868065659,317.900000000,0.000000000,0.000000000
point-0002166,4162.864943729,275.376692555,219.218065659,317.900000000,0.000000000,0.000000000
point-0002167,4165.108546589,279.116030654,219.218065659,317.900000000,0.000000000,0.000000000
point-0002168,4165.629379161,279.691372504,218.568065659,317.900000000,0.000000000,0.000000000
point-0002169,4167.872982020,275.952034405,218.568065659,317.900000000,0.000000000,0.000000000
point-0002170,4168.393814592,276.527376254,217.918065659,317.900000000,0.000000000,0.000000000
point-0002171,4170.637417451,280.266714353,217.918065659,317.900000000,0.000000000,0.000000000
point-0002172,4171.158250023,280.842056203,217.268065659,317.900000000,0.000000000,0.000000000
point-0002173,4173.401852883,277.102718104,217.268065659,317.900000000,0.000000000,0.000000000
point-0002174,4173.922685454,277.678059954,216.618065659,317.900000000,0.000000000,0.000000000
point-0002175,4176.166288314,281.417398053,216.618065659,317.900000000,0.000000000,0.000000000
point-0002176,4176.687120886,281.992739903,215.968065659,317.900000000,0.000000000,0.000000000
point-0002177,4178.930723745,278.253401804,215.968065659,317.900000000,0.000000000,0.000000000
point-0002178,4179.451556317,278.828743653,215.318065659,317.900000000,0.000000000,0.000000000
point-0002179,4181.695159176,282.568081752,215.318065659,317.900000000,0.000000000,0.000000000
point-0002180,4182.215991748,283.143423602,214.668065659,317.900000000,0.000000000,0.000000000
point-0002181,4184.459594608,279.404085503,214.668065659,317.900000000,0.000000000,0.000000000
point-0002182,4184.980427179,279.979427353,214.018065659,317.900000000,0.000000000,0.000000000
point-0002183,4187.224030039,283.718765452,214.018065659,317.900000000,0.000000000,0.000000000
point-0002184,4187.744862611,284.294107302,213.368065659,317.900000000,0.000000000,0.000000000
point-0002185,4189.988465470,280.554769203,213.368065659,317.900000000,0.000000000,0.000000000
point-0002186,4190.509298042,281.130111052,212.718065659,317.900000000,0.000000000,0.000000000
point-0002187,4192.752900901,284.869449151,212.718065659,317.900000000,0.000000000,0.000000000
point-0002188,4193.273733473,285.444791001,212.068065659,317.900000000,0.000000000,0.000000000
point-0002189,4195.517336333,281.705452902,212.068065659,317.900000000,0.000000000,0.000000000
point-0002190,4196.038168905,282.280794752,211.418065659,317.900000000,0.000000000,0.000000000
point-0002191,4198.281771764,286.020132851,211.418065659,317.900000000,0.000000000,0.000000000
point-0002192,4198.802604336,286.595474701,210.768065659,317.900000000,0.000000000,0.000000000
point-0002193,4201.046207195,282.856136602,210.768065659,317.900000000,0.000000000,0.000000000
point-0002194,4201.567039767,283.431478451,210.118065659,317.900000000,0.000000000,0.000000000
point-0002195,4203.810642626,287.170816551,210.118065659,317.900000000,0.000000000,0.000000000
point-0002196,4204.331475198,287.746158400,209.468065659,317.900000000,0.000000000,0.000000000
point-0002197,4206.575078058,284.006820301,209.468065659,317.900000000,0.000000000,0.000000000
point-0002198,4207.095910630,284.582162151,208.818065659,317.900000000,0.000000000,0.000000000
point-0002199,4209.339513489,288.321500250,208.818065659,317.900000000,0.000000000,0.000000000
point-0002200,4209.860346061,288.896842100,208.168065659,317.900000000,0.000000000,0.000000000
point-0002201,4212.103948920,285.157504001,208.168065659,317.900000000,0.000000000,0.000000000
point-0002202,4212.624781492,285.732845851,207.518065659,317.900000000,0.000000000,0.000000000
point-0002203,4214.868384352,289.472183950,207.518065659,317.900000000,0.000000000,0.000000000
point-0002204,4215.389216923,290.047525799,206.868065659,317.900000000,0.000000000,0.000000000
point-0002205,4217.632819783,286.308187700,206.868065659,317.900000000,0.000000000,0.000000000
point-0002206,4218.153652355,286.883529550,206.218065659,317.900000000,0.000000000,0.000000000
point-0002207,4220.118184166,290.157749235,206.218065659,317.900000000,0.000000000,0.000000000
point-0002208,4220.706601594,289.423403211,205.568065659,317.900000000,0.000000000,0.000000000
point-0002209,4221.885320681,287.458871400,205.568065659,317.900000000,0.000000000,0.000000000
point-0002210,4222.406153253,288.034213250,204.918065659,317.900000000,0.000000000,0.000000000
point-0002211,4222.799059615,288.689057187,204.918065659,317.900000000,0.000000000,0.000000000
point-0002212,4251.293602765,258.979065912,241.968065659,317.900000000,0.000000000,0.000000000
point-0002213,4252.529821026,256.918702145,241.968065659,317.900000000,0.000000000,0.000000000
point-0002214,4253.118238636,257.653048572,242.618065659,317.900000000,0.000000000,0.000000000
point-0002215,4253.568643929,258.403724062,242.618065659,317.900000000,0.000000000,0.000000000
point-0002216,4255.471355993,255.627658562,241.207432509,318.500000000,0.000000000,0.000000000
point-0002217,4255.760150018,255.949684480,240.849701466,318.500000000,0.000000000,0.000000000
point-0002218,4285.111566693,288.678666868,204.491965124,318.500000000,0.000000000,0.000000000
point-0002219,4287.151580251,291.205641150,206.766729867,318.500000000,0.000000000,0.000000000
point-0002220,4316.502995687,258.476660142,243.124464675,318.500000000,0.000000000,0.000000000
point-0002221,4316.791788758,258.154629164,243.482189022,318.500000000,0.000000000,0.000000000
point-0002222,4318.831797371,255.627658562,241.207432509,318.500000000,0.000000000,0.000000000
point-0002223,4319.213896299,256.226455411,240.990645164,318.500000000,0.000000000,0.000000000
point-0002224,4321.474340381,259.993862213,240.990645164,318.500000000,0.000000000,0.000000000
point-0002225,4321.999082094,259.408736716,241.640645164,318.500000000,0.000000000,0.000000000
point-0002226,4323.709940949,256.557305290,241.640645164,318.500000000,0.000000000,0.000000000
point-0002227,4324.292862941,257.279374172,242.290645164,318.500000000,0.000000000,0.000000000
point-0002228,4325.219405170,258.823611219,242.290645164,318.500000000,0.000000000,0.000000000
point-0002229,4325.744147072,258.238485249,242.940645164,318.500000000,0.000000000,0.000000000
point-0002230,4325.886372390,258.001443054,242.940645164,318.500000000,0.000000000,0.000000000
point-0002231,4327.601970796,256.811580908,240.340645164,318.500000000,0.000000000,0.000000000
point-0002232,4329.862414878,260.578987710,240.340645164,318.500000000,0.000000000,0.000000000
point-0002233,4330.387156591,261.164113208,239.690645164,318.500000000,0.000000000,0.000000000
point-0002234,4332.647600672,257.396706405,239.690645164,318.500000000,0.000000000,0.000000000
point-0002235,4333.172342385,257.981831902,239.040645164,318.500000000,0.000000000,0.000000000
point-0002236,4335.432786466,261.749238705,239.040645164,318.500000000,0.000000000,0.000000000
point-0002237,4335.957528179,262.334364202,238.390645164,318.500000000,0.000000000,0.000000000
point-0002238,4338.217972261,258.566957399,238.390645164,318.500000000,0.000000000,0.000000000
point-0002239,4338.742713973,259.152082896,237.740645164,318.500000000,0.000000000,0.000000000
point-0002240,4341.003158055,262.919489699,237.740645164,318.500000000,0.000000000,0.000000000
point-0002241,4341.527899768,263.504615196,237.090645164,318.500000000,0.000000000,0.000000000
point-0002242,4343.788343849,259.737208394,237.090645164,318.500000000,0.000000000,0.000000000
point-0002243,4344.313085562,260.322333891,236.440645164,318.500000000,0.000000000,0.000000000
point-0002244,4346.573529643,264.089740693,236.440645164,318.500000000,0.000000000,0.000000000
point-0002245,4347.098271356,264.674866191,235.790645164,318.500000000,0.000000000,0.000000000
point-0002246,4349.358715438,260.907459388,235.790645164,318.500000000,0.000000000,0.000000000
point-0002247,4349.883457150,261.492584885,235.140645164,318.500000000,0.000000000,0.000000000
point-0002248,4352.143901232,265.259991688,235.140645164,318.500000000,0.000000000,0.000000000
point-0002249,4352.668642945,265.845117185,234.490645164,318.500000000,0.000000000,0.000000000
point-0002250,4354.929087026,262.077710382,234.490645164,318.500000000,0.000000000,0.000000000
point-0002251,4355.453828739,262.662835879,233.840645164,318.500000000,0.000000000,0.000000000
point-0002252,4357.714272820,266.430242682,233.840645164,318.500000000,0.000000000,0.000000000
point-0002253,4358.239014533,267.015368179,233.190645164,318.500000000,0.000000000,0.000000000
point-0002254,4360.499458615,263.247961377,233.190645164,318.500000000,0.000000000,0.000000000
point-0002255,4361.024200327,263.833086874,232.540645164,318.500000000,0.000000000,0.000000000
point-0002256,4363.284644409,267.600493676,232.540645164,318.500000000,0.000000000,0.000000000
point-0002257,4363.809386122,268.185619173,231.890645164,318.500000000,0.000000000,0.000000000
point-0002258,4366.069830203,264.418212371,231.890645164,318.500000000,0.000000000,0.000000000
point-0002259,4366.594571916,265.003337868,231.240645164,318.500000000,0.000000000,0.000000000
point-0002260,4368.855015997,268.770744671,231.240645164,318.500000000,0.000000000,0.000000000
point-0002261,4369.379757710,269.355870168,230.590645164,318.500000000,0.000000000,0.000000000
point-0002262,4371.640201792,265.588463365,230.590645164,318.500000000,0.000000000,0.000000000
point-0002263,4372.164943504,266.173588862,229.940645164,318.500000000,0.000000000,0.000000000
point-0002264,4374.425387586,269.940995665,229.940645164,318.500000000,0.000000000,0.000000000
point-0002265,4374.950129299,270.526121162,229.290645164,318.500000000,0.000000000,0.000000000
point-0002266,4377.210573380,266.758714360,229.290645164,318.500000000,0.000000000,0.000000000
point-0002267,4377.735315093,267.343839857,228.640645164,318.500000000,0.000000000,0.000000000
point-0002268,4379.995759174,271.111246659,228.640645164,318.500000000,0.000000000,0.000000000
point-0002269,4380.520500887,271.696372156,227.990645164,318.500000000,0.000000000,0.000000000
point-0002270,4382.780944969,267.928965354,227.990645164,318.500000000,0.000000000,0.000000000
point-0002271,4383.305686681,268.514090851,227.340645164,318.500000000,0.000000000,0.000000000
point-0002272,4385.566130763,272.281497654,227.340645164,318.500000000,0.000000000,0.000000000
point-0002273,4386.090872476,272.866623151,226.690645164,318.500000000,0.000000000,0.000000000
point-0002274,4388.351316557,269.099216348,226.690645164,318.500000000,0.000000000,0.000000000
point-0002275,4388.876058270,269.684341845,226.040645164,318.500000000,0.000000000,0.000000000
point-0002276,4391.136502351,273.451748648,226.040645164,318.500000000,0.000000000,0.000000000
point-0002277,4391.661244064,274.036874145,225.390645164,318.500000000,0.000000000,0.000000000
point-0002278,4393.921688146,270.269467343,225.390645164,318.500000000,0.000000000,0.000000000
point-0002279,4394.446429858,270.854592840,224.740645164,318.500000000,0.000000000,0.000000000
point-0002280,4396.706873940,274.621999642,224.740645164,318.500000000,0.000000000,0.000000000
point-0002281,4397.231615653,275.207125139,224.090645164,318.500000000,0.000000000,0.000000000
point-0002282,4399.492059734,271.439718337,224.090645164,318.500000000,0.000000000,0.000000000
point-0002283,4400.016801447,272.024843834,223.440645164,318.500000000,0.000000000,0.000000000
point-0002284,4402.277245528,275.792250637,223.440645164,318.500000000,0.000000000,0.000000000
point-0002285,4402.801987241,276.377376134,222.790645164,318.500000000,0.000000000,0.000000000
point-0002286,4405.062431323,272.609969331,222.790645164,318.500000000,0.000000000,0.000000000
point-0002287,4405.587173035,273.195094828,222.140645164,318.500000000,0.000000000,0.000000000
point-0002288,4407.847617117,276.962501631,222.140645164,318.500000000,0.000000000,0.000000000
point-0002289,4408.372358830,277.547627128,221.490645164,318.500000000,0.000000000,0.000000000
point-0002290,4410.632802911,273.780220326,221.490645164,318.500000000,0.000000000,0.000000000
point-0002291,4411.157544624,274.365345823,220.840645164,318.500000000,0.000000000,0.000000000
point-0002292,4413.417988705,278.132752625,220.840645164,318.500000000,0.000000000,0.000000000
point-0002293,4413.942730418,278.717878122,220.190645164,318.500000000,0.000000000,0.000000000
point-0002294,4416.203174500,274.950471320,220.190645164,318.500000000,0.000000000,0.000000000
point-0002295,4416.727916212,275.535596817,219.540645164,318.500000000,0.000000000,0.000000000
point-0002296,4418.988360294,279.303003620,219.540645164,318.500000000,0.000000000,0.000000000
point-0002297,4419.513102007,279.888129117,218.890645164,318.500000000,0.000000000,0.000000000
point-0002298,4421.773546088,276.120722314,218.890645164,318.500000000,0.000000000,0.000000000
point-0002299,4422.298287801,276.705847811,218.240645164,318.500000000,0.000000000,0.000000000
point-0002300,4424.558731882,280.473254614,218.240645164,318.500000000,0.000000000,0.000000000
point-0002301,4425.083473595,281.058380111,217.590645164,318.500000000,0.000000000,0.000000000
point-0002302,4427.343917677,277.290973309,217.590645164,318.500000000,0.000000000,0.000000000
point-0002303,4427.868659389,277.876098806,216.940645164,318.500000000,0.000000000,0.000000000
point-0002304,4430.129103471,281.643505608,216.940645164,318.500000000,0.000000000,0.000000000
point-0002305,4430.653845184,282.228631105,216.290645164,318.500000000,0.000000000,0.000000000
point-0002306,4432.914289265,278.461224303,216.290645164,318.500000000,0.000000000,0.000000000
point-0002307,4433.439030978,279.046349800,215.640645164,318.500000000,0.000000000,0.000000000
point-0002308,4435.699475059,282.813756603,215.640645164,318.500000000,0.000000000,0.000000000
point-0002309,4436.224216772,283.398882100,214.990645164,318.500000000,0.000000000,0.000000000
point-0002310,4438.484660854,279.631475297,214.990645164,318.500000000,0.000000000,0.000000000
point-0002311,4439.009402566,280.216600794,214.340645164,318.500000000,0.000000000,0.000000000
point-0002312,4441.269846648,283.984007597,214.340645164,318.500000000,0.000000000,0.000000000
point-0002313,4441.794588361,284.569133094,213.690645164,318.500000000,0.000000000,0.000000000
point-0002314,4444.055032442,280.801726292,213.690645164,318.500000000,0.000000000,0.000000000
point-0002315,4444.579774155,281.386851789,213.040645164,318.500000000,0.000000000,0.000000000
point-0002316,4446.840218236,285.154258591,213.040645164,318.500000000,0.000000000,0.000000000
point-0002317,4447.364959949,285.739384088,212.390645164,318.500000000,0.000000000,0.000000000
point-0002318,4449.625404031,281.971977286,212.390645164,318.500000000,0.000000000,0.000000000
point-0002319,4450.150145743,282.557102783,211.740645164,318.500000000,0.000000000,0.000000000
point-0002320,4452.410589825,286.324509586,211.740645164,318.500000000,0.000000000,0.000000000
point-0002321,4452.935331537,286.909635083,211.090645164,318.500000000,0.000000000,0.000000000
point-0002322,4455.195775619,283.142228280,211.090645164,318.500000000,0.000000000,0.000000000
point-0002323,4455.720517332,283.727353777,210.440645164,318.500000000,0.000000000,0.000000000
point-0002324,4457.980961413,287.494760580,210.440645164,318.500000000,0.000000000,0.000000000
point-0002325,4458.505703126,288.079886077,209.790645164,318.500000000,0.000000000,0.000000000
point-0002326,4460.766147208,284.312479275,209.790645164,318.500000000,0.000000000,0.000000000
point-0002327,4461.290888920,284.897604772,209.140645164,318.500000000,0.000000000,0.000000000
point-0002328,4463.551333002,288.665011574,209.140645164,318.500000000,0.000000000,0.000000000
point-0002329,4464.076074714,289.250137071,208.490645164,318.500000000,0.000000000,0.000000000
point-0002330,4466.336518796,285.482730269,208.490645164,318.500000000,0.000000000,0.000000000
point-0002331,4466.861260509,286.067855766,207.840645164,318.500000000,0.000000000,0.000000000
point-0002332,4469.121704590,289.835262569,207.840645164,318.500000000,0.000000000,0.000000000
point-0002333,4469.646446303,290.420388066,207.190645164,318.500000000,0.000000000,0.000000000
point-0002334,4471.906890385,286.652981263,207.190645164,318.500000000,0.000000000,0.000000000
point-0002335,4472.431632097,287.238106760,206.540645164,318.500000000,0.000000000,0.000000000
point-0002336,4474.392421324,290.506088805,206.540645164,318.500000000,0.000000000,0.000000000
point-0002337,4474.975342620,289.784021484,205.890645164,318.500000000,0.000000000,0.000000000
point-0002338,4476.151816156,287.823232258,205.890645164,318.500000000,0.000000000,0.000000000
point-0002339,4476.676557869,288.408357755,205.240645164,318.500000000,0.000000000,0.000000000
point-0002340,4477.068715714,289.061954164,205.240645164,318.500000000,0.000000000,0.000000000
point-0002341,4506.525862683,255.700600253,241.254574992,319.100000000,0.000000000,0.000000000
point-0002342,4536.166075751,289.055937227,204.815357373,319.100000000,0.000000000,0.000000000
point-0002343,4538.206088523,291.563897290,207.111066648,319.100000000,0.000000000,0.000000000
point-0002344,4567.557493538,258.533568440,243.195228753,319.100000000,0.000000000,0.000000000
point-0002345,4567.846297484,258.208557159,243.550272096,319.100000000,0.000000000,0.000000000
point-0002346,4569.886303928,255.700600253,241.254574992,319.100000000,0.000000000,0.000000000
point-0002347,4570.194065311,256.210057696,241.314207896,319.100000000,0.000000000,0.000000000
point-0002348,4572.377244285,259.848689319,241.314207896,319.100000000,0.000000000,0.000000000
point-0002349,4572.905964148,260.443679267,240.664207896,319.100000000,0.000000000,0.000000000
point-0002350,4575.183544232,256.647712460,240.664207896,319.100000000,0.000000000,0.000000000
point-0002351,4575.712264099,257.242702417,240.014207896,319.100000000,0.000000000,0.000000000
point-0002352,4577.989844178,261.038669216,240.014207896,319.100000000,0.000000000,0.000000000
point-0002353,4578.518564042,261.633659164,239.364207896,319.100000000,0.000000000,0.000000000
point-0002354,4580.796144115,257.837692374,239.364207896,319.100000000,0.000000000,0.000000000
point-0002355,4581.324863982,258.432682331,238.714207896,319.100000000,0.000000000,0.000000000
point-0002356,4583.602444051,262.228649113,238.714207896,319.100000000,0.000000000,0.000000000
point-0002357,4584.131163914,262.823639061,238.064207896,319.100000000,0.000000000,0.000000000
point-0002358,4586.408743978,259.027672289,238.064207896,319.100000000,0.000000000,0.000000000
point-0002359,4586.937463845,259.622662246,237.414207896,319.100000000,0.000000000,0.000000000
point-0002360,4589.215043903,263.418629010,237.414207896,319.100000000,0.000000000,0.000000000
point-0002361,4589.743763767,264.013618958,236.764207896,319.100000000,0.000000000,0.000000000
point-0002362,4592.021343820,260.217652203,236.764207896,319.100000000,0.000000000,0.000000000
point-0002363,4592.550063687,260.812642160,236.114207896,319.100000000,0.000000000,0.000000000
point-0002364,4594.827643735,264.608608907,236.114207896,319.100000000,0.000000000,0.000000000
point-0002365,4595.356363599,265.203598855,235.464207896,319.100000000,0.000000000,0.000000000
point-0002366,4597.633943642,261.407632117,235.464207896,319.100000000,0.000000000,0.000000000
point-0002367,4598.162663509,262.002622074,234.814207896,319.100000000,0.000000000,0.000000000
point-0002368,4600.440243546,265.798588804,234.814207896,319.100000000,0.000000000,0.000000000
point-0002369,4600.968963410,266.393578752,234.164207896,319.100000000,0.000000000,0.000000000
point-0002370,4603.246543443,262.597612031,234.164207896,319.100000000,0.000000000,0.000000000
point-0002371,4603.775263310,263.192601988,233.514207896,319.100000000,0.000000000,0.000000000
point-0002372,4606.052843337,266.988568701,233.514207896,319.100000000,0.000000000,0.000000000
point-0002373,4606.581563201,267.583558649,232.864207896,319.100000000,0.000000000,0.000000000
point-0002374,4608.859143223,263.787591945,232.864207896,319.100000000,0.000000000,0.000000000
point-0002375,4609.387863090,264.382581902,232.214207896,319.100000000,0.000000000,0.000000000
point-0002376,4611.665443107,268.178548598,232.214207896,319.100000000,0.000000000,0.000000000
point-0002377,4612.194162971,268.773538546,231.564207896,319.100000000,0.000000000,0.000000000
point-0002378,4614.471742983,264.977571859,231.564207896,319.100000000,0.000000000,0.000000000
point-0002379,4615.000462850,265.572561816,230.914207896,319.100000000,0.000000000,0.000000000
point-0002380,4617.278042857,269.368528495,230.914207896,319.100000000,0.000000000,0.000000000
point-0002381,4617.806762720,269.963518443,230.264207896,319.100000000,0.000000000,0.000000000
point-0002382,4620.084342722,266.167551773,230.264207896,319.100000000,0.000000000,0.000000000
point-0002383,4620.613062589,266.762541730,229.614207896,319.100000000,0.000000000,0.000000000
point-0002384,4622.890642586,270.558508392,229.614207896,319.100000000,0.000000000,0.000000000
point-0002385,4623.419362449,271.153498340,228.964207896,319.100000000,0.000000000,0.000000000
point-0002386,4625.696942441,267.357531687,228.964207896,319.100000000,0.000000000,0.000000000
point-0002387,4626.225662308,267.952521645,228.314207896,319.100000000,0.000000000,0.000000000
point-0002388,4628.503242294,271.748488289,228.314207896,319.100000000,0.000000000,0.000000000
point-0002389,4629.031962158,272.343478237,227.664207896,319.100000000,0.000000000,0.000000000
point-0002390,4631.309542139,268.547511602,227.664207896,319.100000000,0.000000000,0.000000000
point-0002391,4631.838262006,269.142501559,227.014207896,319.100000000,0.000000000,0.000000000
point-0002392,4634.115841982,272.938468186,227.014207896,319.100000000,0.000000000,0.000000000
point-0002393,4634.644561846,273.533458134,226.364207896,319.100000000,0.000000000,0.000000000
point-0002394,4636.922141817,269.737491516,226.364207896,319.100000000,0.000000000,0.000000000
point-0002395,4637.450861684,270.332481473,225.714207896,319.100000000,0.000000000,0.000000000
point-0002396,4639.728441650,274.128448083,225.714207896,319.100000000,0.000000000,0.000000000
point-0002397,4640.257161513,274.723438031,225.064207896,319.100000000,0.000000000,0.000000000
point-0002398,4642.534741474,270.927471430,225.064207896,319.100000000,0.000000000,0.000000000
point-0002399,4643.063461341,271.522461387,224.414207896,319.100000000,0.000000000,0.000000000
point-0002400,4645.341041296,275.318427980,224.414207896,319.100000000,0.000000000,0.000000000
point-0002401,4645.869761160,275.913417928,223.764207896,319.100000000,0.000000000,0.000000000
point-0002402,4648.147341110,272.117451344,223.764207896,319.100000000,0.000000000,0.000000000
point-0002403,4648.676060977,272.712441301,223.114207896,319.100000000,0.000000000,0.000000000
point-0002404,4650.953640923,276.508407877,223.114207896,319.100000000,0.000000000,0.000000000
point-0002405,4651.482360786,277.103397825,222.464207896,319.100000000,0.000000000,0.000000000
point-0002406,4653.759940726,273.307431258,222.464207896,319.100000000,0.000000000,0.000000000
point-0002407,4654.288660593,273.902421215,221.814207896,319.100000000,0.000000000,0.000000000
point-0002408,4656.566240528,277.698387774,221.814207896,319.100000000,0.000000000,0.000000000
point-0002409,4657.094960392,278.293377722,221.164207896,319.100000000,0.000000000,0.000000000
point-0002410,4659.372540322,274.497411172,221.164207896,319.100000000,0.000000000,0.000000000
point-0002411,4659.901260189,275.092401129,220.514207896,319.100000000,0.000000000,0.000000000
point-0002412,4662.178840113,278.888367671,220.514207896,319.100000000,0.000000000,0.000000000
point-0002413,4662.707559977,279.483357619,219.864207896,319.100000000,0.000000000,0.000000000
point-0002414,4664.985139896,275.687391086,219.864207896,319.100000000,0.000000000,0.000000000
point-0002415,4665.513859763,276.282381043,219.214207896,319.100000000,0.000000000,0.000000000
point-0002416,4667.791439678,280.078347568,219.214207896,319.100000000,0.000000000,0.000000000
point-0002417,4668.320159541,280.673337516,218.564207896,319.100000000,0.000000000,0.000000000
point-0002418,4670.597739451,276.877371001,218.564207896,319.100000000,0.000000000,0.000000000
point-0002419,4671.126459318,277.472360958,217.914207896,319.100000000,0.000000000,0.000000000
point-0002420,4673.404039222,281.268327465,217.914207896,319.100000000,0.000000000,0.000000000
point-0002421,4673.932759085,281.863317413,217.264207896,319.100000000,0.000000000,0.000000000
point-0002422,4676.210338984,278.067350915,217.264207896,319.100000000,0.000000000,0.000000000
point-0002423,4676.739058851,278.662340872,216.614207896,319.100000000,0.000000000,0.000000000
point-0002424,4679.016638745,282.458307362,216.614207896,319.100000000,0.000000000,0.000000000
point-0002425,4679.545358609,283.053297310,215.964207896,319.100000000,0.000000000,0.000000000
point-0002426,4681.822938498,279.257330829,215.964207896,319.100000000,0.000000000,0.000000000
point-0002427,4682.351658365,279.852320786,215.314207896,319.100000000,0.000000000,0.000000000
point-0002428,4684.629238248,283.648287259,215.314207896,319.100000000,0.000000000,0.000000000
point-0002429,4685.157958112,284.243277207,214.664207896,319.100000000,0.000000000,0.000000000
point-0002430,4687.435537990,280.447310743,214.664207896,319.100000000,0.000000000,0.000000000
point-0002431,4687.964257857,281.042300700,214.014207896,319.100000000,0.000000000,0.000000000
point-0002432,4690.241837731,284.838267156,214.014207896,319.100000000,0.000000000,0.000000000
point-0002433,4690.770557594,285.433257104,213.364207896,319.100000000,0.000000000,0.000000000
point-0002434,4693.048137462,281.637290657,213.364207896,319.100000000,0.000000000,0.000000000
point-0002435,4693.576857329,282.232280614,212.714207896,319.100000000,0.000000000,0.000000000
point-0002436,4695.854437192,286.028247053,212.714207896,319.100000000,0.000000000,0.000000000
point-0002437,4696.383157056,286.623237001,212.064207896,319.100000000,0.000000000,0.000000000
point-0002438,4698.660736914,282.827270571,212.064207896,319.100000000,0.000000000,0.000000000
point-0002439,4699.189456781,283.422260528,211.414207896,319.100000000,0.000000000,0.000000000
point-0002440,4701.467036634,287.218226950,211.414207896,319.100000000,0.000000000,0.000000000
point-0002441,4701.995756497,287.813216898,210.764207896,319.100000000,0.000000000,0.000000000
point-0002442,4704.273336345,284.017250485,210.764207896,319.100000000,0.000000000,0.000000000
point-0002443,4704.802056212,284.612240442,210.114207896,319.100000000,0.000000000,0.000000000
point-0002444,4707.079636054,288.408206847,210.114207896,319.100000000,0.000000000,0.000000000
point-0002445,4707.608355918,289.003196795,209.464207896,319.100000000,0.000000000,0.000000000
point-0002446,4709.885935755,285.207230399,209.464207896,319.100000000,0.000000000,0.000000000
point-0002447,4710.414655622,285.802220357,208.814207896,319.100000000,0.000000000,0.000000000
point-0002448,4712.692235454,289.598186744,208.814207896,319.100000000,0.000000000,0.000000000
point-0002449,4713.220955318,290.193176692,208.164207896,319.100000000,0.000000000,0.000000000
point-0002450,4715.498535145,286.397210314,208.164207896,319.100000000,0.000000000,0.000000000
point-0002451,4716.027255012,286.992200271,207.514207896,319.100000000,0.000000000,0.000000000
point-0002452,4718.304834834,290.788166641,207.514207896,319.100000000,0.000000000,0.000000000
point-0002453,4718.696590107,290.849905194,206.864207896,319.100000000,0.000000000,0.000000000
point-0002454,4720.654219086,287.587190228,206.864207896,319.100000000,0.000000000,0.000000000
point-0002455,4721.182938953,288.182180185,206.214207896,319.100000000,0.000000000,0.000000000
point-0002456,4722.357516341,290.139809165,206.214207896,319.100000000,0.000000000,0.000000000
point-0002457,4722.935119227,289.429713135,205.564207896,319.100000000,0.000000000,0.000000000
point-0002458,4723.326645023,288.777170142,205.564207896,319.100000000,0.000000000,0.000000000
point-0002459,4751.447354785,259.253699370,241.964207896,319.100000000,0.000000000,0.000000000
point-0002460,4752.847480449,256.920156596,241.964207896,319.100000000,0.000000000,0.000000000
point-0002461,4753.425084605,257.630255496,242.614207896,319.100000000,0.000000000,0.000000000
point-0002462,4754.042156961,258.658709422,242.614207896,319.100000000,0.000000000,0.000000000
point-0002463,4755.978157155,255.772629857,241.301986646,319.700000000,0.000000000,0.000000000
point-0002464,4785.618357917,289.427834326,205.139571473,319.700000000,0.000000000,0.000000000
point-0002465,4787.658368683,291.916741901,207.455917971,319.700000000,0.000000000,0.000000000
point-0002466,4817.009748206,258.589483877,243.265959782,319.700000000,0.000000000,0.000000000
point-0002467,4817.298563287,258.261534938,243.618316800,319.700000000,0.000000000,0.000000000
point-0002468,4819.338566277,255.772629857,241.301986646,319.700000000,0.000000000,0.000000000
point-0002469,4819.799575964,256.474146830,240.988562242,319.700000000,0.000000000,0.000000000
point-0002470,4822.094586416,260.299164251,240.988562242,319.700000000,0.000000000,0.000000000
point-0002471,4822.627353085,259.694230087,241.638562242,319.700000000,0.000000000,0.000000000
point-0002472,4824.499110783,256.574633925,241.638562242,319.700000000,0.000000000,0.000000000
point-0002473,4825.071568876,257.273061262,242.288562242,319.700000000,0.000000000,0.000000000
point-0002474,4826.161309672,259.089295922,242.288562242,319.700000000,0.000000000,0.000000000
point-0002475,4826.694076341,258.484361758,242.938562242,319.700000000,0.000000000,0.000000000
point-0002476,4827.001800236,257.971488600,242.938562242,319.700000000,0.000000000,0.000000000
point-0002477,4828.651133696,257.079081021,240.338562242,319.700000000,0.000000000,0.000000000
point-0002478,4830.946144133,260.904098415,240.338562242,319.700000000,0.000000000,0.000000000
point-0002479,4831.478910802,261.509032580,239.688562242,319.700000000,0.000000000,0.000000000
point-0002480,4833.773921222,257.684015212,239.688562242,319.700000000,0.000000000,0.000000000
point-0002481,4834.306687902,258.288949402,239.038562242,319.700000000,0.000000000,0.000000000
point-0002482,4836.601698307,262.113966744,239.038562242,319.700000000,0.000000000,0.000000000
point-0002483,4837.134464976,262.718900908,238.388562242,319.700000000,0.000000000,0.000000000
point-0002484,4839.429475365,258.893883593,238.388562242,319.700000000,0.000000000,0.000000000
point-0002485,4839.962242044,259.498817784,237.738562242,319.700000000,0.000000000,0.000000000
point-0002486,4842.257252418,263.323835072,237.738562242,319.700000000,0.000000000,0.000000000
point-0002487,4842.790019087,263.928769237,237.088562242,319.700000000,0.000000000,0.000000000
point-0002488,4845.085029444,260.103751975,237.088562242,319.700000000,0.000000000,0.000000000
point-0002489,4845.617796124,260.708686165,236.438562242,319.700000000,0.000000000,0.000000000
point-0002490,4847.912806465,264.533703401,236.438562242,319.700000000,0.000000000,0.000000000
point-0002491,4848.445573134,265.138637565,235.788562242,319.700000000,0.000000000,0.000000000
point-0002492,4850.740583459,261.313620356,235.788562242,319.700000000,0.000000000,0.000000000
point-0002493,4851.273350139,261.918554547,235.138562242,319.700000000,0.000000000,0.000000000
point-0002494,4853.568360449,265.743571730,235.138562242,319.700000000,0.000000000,0.000000000
point-0002495,4854.101127118,266.348505894,234.488562242,319.700000000,0.000000000,0.000000000
point-0002496,4856.396137412,262.523488737,234.488562242,319.700000000,0.000000000,0.000000000
point-0002497,4856.928904091,263.128422928,233.838562242,319.700000000,0.000000000,0.000000000
point-0002498,4859.223914370,266.953440058,233.838562242,319.700000000,0.000000000,0.000000000
point-0002499,4859.756681038,267.558374222,233.188562242,319.700000000,0.000000000,0.000000000
point-0002500,4862.051691301,263.733357119,233.188562242,319.700000000,0.000000000,0.000000000
point-0002501,4862.584457980,264.338291309,232.538562242,319.700000000,0.000000000,0.000000000
point-0002502,4864.879468227,268.163308387,232.538562242,319.700000000,0.000000000,0.000000000
point-0002503,4865.412234896,268.768242551,231.888562242,319.700000000,0.000000000,0.000000000
point-0002504,4867.707245126,264.943225500,231.888562242,319.700000000,0.000000000,0.000000000
point-0002505,4868.240011806,265.548159691,231.238562242,319.700000000,0.000000000,0.000000000
point-0002506,4870.535022021,269.373176715,231.238562242,319.700000000,0.000000000,0.000000000
point-0002507,4871.067788690,269.978110880,230.588562242,319.700000000,0.000000000,0.000000000
point-0002508,4873.362798888,266.153093881,230.588562242,319.700000000,0.000000000,0.000000000
point-0002509,4873.895565568,266.758028072,229.938562242,319.700000000,0.000000000,0.000000000
point-0002510,4876.190575751,270.583045044,229.938562242,319.700000000,0.000000000,0.000000000
point-0002511,4876.723342420,271.187979208,229.288562242,319.700000000,0.000000000,0.000000000
point-0002512,4879.018352587,267.362962263,229.288562242,319.700000000,0.000000000,0.000000000
point-0002513,4879.551119267,267.967896454,228.638562242,319.700000000,0.000000000,0.000000000
point-0002514,4881.846129418,271.792913372,228.638562242,319.700000000,0.000000000,0.000000000
point-0002515,4882.378896087,272.397847537,227.988562242,319.700000000,0.000000000,0.000000000
point-0002516,4884.673906222,268.572830644,227.988562242,319.700000000,0.000000000,0.000000000
point-0002517,4885.206672902,269.177764835,227.338562242,319.700000000,0.000000000,0.000000000
point-0002518,4887.501683022,273.002781701,227.338562242,319.700000000,0.000000000,0.000000000
point-0002519,4888.034449691,273.607715865,226.688562242,319.700000000,0.000000000,0.000000000
point-0002520,4890.329459794,269.782699026,226.688562242,319.700000000,0.000000000,0.000000000
point-0002521,4890.862226474,270.387633216,226.038562242,319.700000000,0.000000000,0.000000000
point-0002522,4893.157236562,274.212650030,226.038562242,319.700000000,0.000000000,0.000000000
point-0002523,4893.690003231,274.817584194,225.388562242,319.700000000,0.000000000,0.000000000
point-0002524,4895.985013303,270.992567407,225.388562242,319.700000000,0.000000000,0.000000000
point-0002525,4896.517779983,271.597501598,224.738562242,319.700000000,0.000000000,0.000000000
point-0002526,4898.812790039,275.422518358,224.738562242,319.700000000,0.000000000,0.000000000
point-0002527,4899.345556708,276.027452522,224.088562242,319.700000000,0.000000000,0.000000000
point-0002528,4901.640566748,272.202435788,224.088562242,319.700000000,0.000000000,0.000000000
point-0002529,4902.173333428,272.807369979,223.438562242,319.700000000,0.000000000,0.000000000
point-0002530,4904.468343452,276.632386687,223.438562242,319.700000000,0.000000000,0.000000000
point-0002531,4905.001110121,277.237320851,222.788562242,319.700000000,0.000000000,0.000000000
point-0002532,4907.296120130,273.412304170,222.788562242,319.700000000,0.000000000,0.000000000
point-0002533,4907.828886810,274.017238361,222.138562242,319.700000000,0.000000000,0.000000000
point-0002534,4910.123896803,277.842255015,222.138562242,319.700000000,0.000000000,0.000000000
point-0002535,4910.656663471,278.447189179,221.488562242,319.700000000,0.000000000,0.000000000
point-0002536,4912.951673448,274.622172551,221.488562242,319.700000000,0.000000000,0.000000000
point-0002537,4913.484440128,275.227106742,220.838562242,319.700000000,0.000000000,0.000000000
point-0002538,4915.779450089,279.052123344,220.838562242,319.700000000,0.000000000,0.000000000
point-0002539,4916.312216758,279.657057508,220.188562242,319.700000000,0.000000000,0.000000000
point-0002540,4918.607226703,275.832040933,220.188562242,319.700000000,0.000000000,0.000000000
point-0002541,4919.139993383,276.436975123,219.538562242,319.700000000,0.000000000,0.000000000
point-0002542,4921.435003313,280.261991672,219.538562242,319.700000000,0.000000000,0.000000000
point-0002543,4921.967769982,280.866925837,218.888562242,319.700000000,0.000000000,0.000000000
point-0002544,4924.262779895,277.041909314,218.888562242,319.700000000,0.000000000,0.000000000
point-0002545,4924.795546575,277.646843505,218.238562242,319.700000000,0.000000000,0.000000000
point-0002546,4927.090556473,281.471860001,218.238562242,319.700000000,0.000000000,0.000000000
point-0002547,4927.623323142,282.076794165,217.588562242,319.700000000,0.000000000,0.000000000
point-0002548,4929.918333023,278.251777695,217.588562242,319.700000000,0.000000000,0.000000000
point-0002549,4930.451099703,278.856711886,216.938562242,319.700000000,0.000000000,0.000000000
point-0002550,4932.746109569,282.681728329,216.938562242,319.700000000,0.000000000,0.000000000
point-0002551,4933.278876238,283.286662494,216.288562242,319.700000000,0.000000000,0.000000000
point-0002552,4935.573886088,279.461646077,216.288562242,319.700000000,0.000000000,0.000000000
point-0002553,4936.106652768,280.066580267,215.638562242,319.700000000,0.000000000,0.000000000
point-0002554,4938.401662602,283.891596658,215.638562242,319.700000000,0.000000000,0.000000000
point-0002555,4938.934429271,284.496530822,214.988562242,319.700000000,0.000000000,0.000000000
point-0002556,4941.229439090,280.671514458,214.988562242,319.700000000,0.000000000,0.000000000
point-0002557,4941.762205770,281.276448649,214.338562242,319.700000000,0.000000000,0.000000000
point-0002558,4944.057215572,285.101464987,214.338562242,319.700000000,0.000000000,0.000000000
point-0002559,4944.589982241,285.706399151,213.688562242,319.700000000,0.000000000,0.000000000
point-0002560,4946.884992028,281.881382840,213.688562242,319.700000000,0.000000000,0.000000000
point-0002561,4947.417758708,282.486317030,213.038562242,319.700000000,0.000000000,0.000000000
point-0002562,4949.712768479,286.311333315,213.038562242,319.700000000,0.000000000,0.000000000
point-0002563,4950.245535148,286.916267479,212.388562242,319.700000000,0.000000000,0.000000000
point-0002564,4952.540544903,283.091251221,212.388562242,319.700000000,0.000000000,0.000000000
point-0002565,4953.073311582,283.696185412,211.738562242,319.700000000,0.000000000,0.000000000
point-0002566,4955.368321322,287.521201644,211.738562242,319.700000000,0.000000000,0.000000000
point-0002567,4955.901087991,288.126135808,211.088562242,319.700000000,0.000000000,0.000000000
point-0002568,4958.196097714,284.301119602,211.088562242,319.700000000,0.000000000,0.000000000
point-0002569,4958.728864394,284.906053793,210.438562242,319.700000000,0.000000000,0.000000000
point-0002570,4961.023874101,288.731069972,210.438562242,319.700000000,0.000000000,0.000000000
point-0002571,4961.556640770,289.336004137,209.788562242,319.700000000,0.000000000,0.000000000
point-0002572,4963.851650462,285.510987984,209.788562242,319.700000000,0.000000000,0.000000000
point-0002573,4964.384417142,286.115922174,209.138562242,319.700000000,0.000000000,0.000000000
point-0002574,4966.679426818,289.940938301,209.138562242,319.700000000,0.000000000,0.000000000
point-0002575,4967.212193486,290.545872465,208.488562242,319.700000000,0.000000000,0.000000000
point-0002576,4969.507203146,286.720856365,208.488562242,319.700000000,0.000000000,0.000000000
point-0002577,4970.039969826,287.325790556,207.838562242,319.700000000,0.000000000,0.000000000
point-0002578,4972.334979470,291.150806629,207.838562242,319.700000000,0.000000000,0.000000000
point-0002579,4972.725656311,291.189117997,207.188562242,319.700000000,0.000000000,0.000000000
point-0002580,4974.680692261,287.930724746,207.188562242,319.700000000,0.000000000,0.000000000
point-0002581,4975.213458941,288.535658937,206.538562242,319.700000000,0.000000000,0.000000000
point-0002582,4976.386480511,290.490694887,206.538562242,319.700000000,0.000000000,0.000000000
point-0002583,4976.958936747,289.792271778,205.888562242,319.700000000,0.000000000,0.000000000
point-0002584,4977.349943937,289.140593128,205.888562242,319.700000000,0.000000000,0.000000000
point-0002585,5006.538131059,255.843733512,241.349634706,320.300000000,0.000000000,0.000000000
point-0002586,5036.178312542,289.794299182,205.464415255,320.300000000,0.000000000,0.000000000
point-0002587,5038.218320761,292.264127152,207.801088734,320.300000000,0.000000000,0.000000000
point-0002588,5067.569668136,258.644402317,243.336621401,320.300000000,0.000000000,0.000000000
point-0002589,5067.858494030,258.313559755,243.686287704,320.300000000,0.000000000,0.000000000
point-0002590,5069.898493051,255.843733512,241.349634706,320.300000000,0.000000000,0.000000000
point-0002591,5070.167663330,256.290894348,241.313516616,320.300000000,0.000000000,0.000000000
point-0002592,5072.480397118,260.145450662,241.313516616,320.300000000,0.000000000,0.000000000
point-0002593,5073.017278779,259.530493758,241.963516616,320.300000000,0.000000000,0.000000000
point-0002594,5074.578100576,256.929124095,241.963516616,320.300000000,0.000000000,0.000000000
point-0002595,5075.145578659,257.616169651,242.613516616,320.300000000,0.000000000,0.000000000
point-0002596,5075.925198981,258.915536854,242.613516616,320.300000000,0.000000000,0.000000000
point-0002597,5077.535843964,260.760407565,240.663516616,320.300000000,0.000000000,0.000000000
point-0002598,5079.848577725,256.905851297,240.663516616,320.300000000,0.000000000,0.000000000
point-0002599,5080.385459404,257.520808246,240.013516616,320.300000000,0.000000000,0.000000000
point-0002600,5082.698193138,261.375364469,240.013516616,320.300000000,0.000000000,0.000000000
point-0002601,5083.235074799,261.990321373,239.363516616,320.300000000,0.000000000,0.000000000
point-0002602,5085.547808506,258.135765195,239.363516616,320.300000000,0.000000000,0.000000000
point-0002603,5086.084690185,258.750722144,238.713516616,320.300000000,0.000000000,0.000000000
point-0002604,5088.397423865,262.605278277,238.713516616,320.300000000,0.000000000,0.000000000
point-0002605,5088.934305526,263.220235181,238.063516616,320.300000000,0.000000000,0.000000000
point-0002606,5091.247039179,259.365679092,238.063516616,320.300000000,0.000000000,0.000000000
point-0002607,5091.783920858,259.980636041,237.413516616,320.300000000,0.000000000,0.000000000
point-0002608,5094.096654484,263.835192084,237.413516616,320.300000000,0.000000000,0.000000000
point-0002609,5094.633536145,264.450148988,236.763516616,320.300000000,0.000000000,0.000000000
point-0002610,5096.946269744,260.595592990,236.763516616,320.300000000,0.000000000,0.000000000
point-0002611,5097.483151423,261.210549939,236.113516616,320.300000000,0.000000000,0.000000000
point-0002612,5099.795884995,265.065105892,236.113516616,320.300000000,0.000000000,0.000000000
point-0002613,5100.332766656,265.680062796,235.463516616,320.300000000,0.000000000,0.000000000
point-0002614,5102.645500200,261.825506888,235.463516616,320.300000000,0.000000000,0.000000000
point-0002615,5103.182381880,262.440463837,234.813516616,320.300000000,0.000000000,0.000000000
point-0002616,5105.495115397,266.295019699,234.813516616,320.300000000,0.000000000,0.000000000
point-0002617,5106.031997058,266.909976603,234.163516616,320.300000000,0.000000000,0.000000000
point-0002618,5108.344730549,263.055420785,234.163516616,320.300000000,0.000000000,0.000000000
point-0002619,5108.881612228,263.670377734,233.513516616,320.300000000,0.000000000,0.000000000
point-0002620,5111.194345692,267.524933507,233.513516616,320.300000000,0.000000000,0.000000000
point-0002621,5111.731227353,268.139890411,232.863516616,320.300000000,0.000000000,0.000000000
point-0002622,5114.043960789,264.285334683,232.863516616,320.300000000,0.000000000,0.000000000
point-0002623,5114.580842468,264.900291632,232.213516616,320.300000000,0.000000000,0.000000000
point-0002624,5116.893575878,268.754847314,232.213516616,320.300000000,0.000000000,0.000000000
point-0002625,5117.430457539,269.369804218,231.563516616,320.300000000,0.000000000,0.000000000
point-0002626,5119.743190921,265.515248581,231.563516616,320.300000000,0.000000000,0.000000000
point-0002627,5120.280072600,266.130205530,230.913516616,320.300000000,0.000000000,0.000000000
point-0002628,5122.592805956,269.984761122,230.913516616,320.300000000,0.000000000,0.000000000
point-0002629,5123.129687617,270.599718026,230.263516616,320.300000000,0.000000000,0.000000000
point-0002630,5125.442420945,266.745162479,230.263516616,320.300000000,0.000000000,0.000000000
point-0002631,5125.979302624,267.360119427,229.613516616,320.300000000,0.000000000,0.000000000
point-0002632,5128.292035926,271.214674930,229.613516616,320.300000000,0.000000000,0.000000000
point-0002633,5128.828917586,271.829631833,228.963516616,320.300000000,0.000000000,0.000000000
point-0002634,5131.141650861,267.975076376,228.963516616,320.300000000,0.000000000,0.000000000
point-0002635,5131.678532540,268.590033325,228.313516616,320.300000000,0.000000000,0.000000000
point-0002636,5133.991265787,272.444588737,228.313516616,320.300000000,0.000000000,0.000000000
point-0002637,5134.528147448,273.059545641,227.663516616,320.300000000,0.000000000,0.000000000
point-0002638,5136.840880668,269.204990274,227.663516616,320.300000000,0.000000000,0.000000000
point-0002639,5137.377762348,269.819947223,227.013516616,320.300000000,0.000000000,0.000000000
point-0002640,5139.690495541,273.674502545,227.013516616,320.300000000,0.000000000,0.000000000
point-0002641,5140.227377201,274.289459448,226.363516616,320.300000000,0.000000000,0.000000000
point-0002642,5142.540110368,270.434904172,226.363516616,320.300000000,0.000000000,0.000000000
point-0002643,5143.076992047,271.049861120,225.713516616,320.300000000,0.000000000,0.000000000
point-0002644,5145.389725186,274.904416352,225.713516616,320.300000000,0.000000000,0.000000000
point-0002645,5145.926606847,275.519373256,225.063516616,320.300000000,0.000000000,0.000000000
point-0002646,5148.239339959,271.664818069,225.063516616,320.300000000,0.000000000,0.000000000
point-0002647,5148.776221638,272.279775018,224.413516616,320.300000000,0.000000000,0.000000000
point-0002648,5151.088954723,276.134330160,224.413516616,320.300000000,0.000000000,0.000000000
point-0002649,5151.625836384,276.749287064,223.763516616,320.300000000,0.000000000,0.000000000
point-0002650,5153.938569442,272.894731967,223.763516616,320.300000000,0.000000000,0.000000000
point-0002651,5154.475451121,273.509688916,223.113516616,320.300000000,0.000000000,0.000000000
point-0002652,5156.788184152,277.364243967,223.113516616,320.300000000,0.000000000,0.000000000
point-0002653,5157.325065813,277.979200871,222.463516616,320.300000000,0.000000000,0.000000000
point-0002654,5159.637798816,274.124645865,222.463516616,320.300000000,0.000000000,0.000000000
point-0002655,5160.174680496,274.739602814,221.813516616,320.300000000,0.000000000,0.000000000
point-0002656,5162.487413472,278.594157775,221.813516616,320.300000000,0.000000000,0.000000000
point-0002657,5163.024295133,279.209114679,221.163516616,320.300000000,0.000000000,0.000000000
point-0002658,5165.337028083,275.354559762,221.163516616,320.300000000,0.000000000,0.000000000
point-0002659,5165.873909762,275.969516711,220.513516616,320.300000000,0.000000000,0.000000000
point-0002660,5168.186642685,279.824071582,220.513516616,320.300000000,0.000000000,0.000000000
point-0002661,5168.723524346,280.439028486,219.863516616,320.300000000,0.000000000,0.000000000
point-0002662,5171.036257241,276.584473660,219.863516616,320.300000000,0.000000000,0.000000000
point-0002663,5171.573138921,277.199430609,219.213516616,320.300000000,0.000000000,0.000000000
point-0002664,5173.885871789,281.053985390,219.213516616,320.300000000,0.000000000,0.000000000
point-0002665,5174.422753450,281.668942294,218.563516616,320.300000000,0.000000000,0.000000000
point-0002666,5176.735486292,277.814387558,218.563516616,320.300000000,0.000000000,0.000000000
point-0002667,5177.272367971,278.429344507,217.913516616,320.300000000,0.000000000,0.000000000
point-0002668,5179.585100785,282.283899197,217.913516616,320.300000000,0.000000000,0.000000000
point-0002669,5180.121982446,282.898856101,217.263516616,320.300000000,0.000000000,0.000000000
point-0002670,5182.434715234,279.044301455,217.263516616,320.300000000,0.000000000,0.000000000
point-0002671,5182.971596913,279.659258404,216.613516616,320.300000000,0.000000000,0.000000000
point-0002672,5185.284329673,283.513813005,216.613516616,320.300000000,0.000000000,0.000000000
point-0002673,5185.821211334,284.128769909,215.963516616,320.300000000,0.000000000,0.000000000
point-0002674,5188.133944067,280.274215353,215.963516616,320.300000000,0.000000000,0.000000000
point-0002675,5188.670825747,280.889172302,215.313516616,320.300000000,0.000000000,0.000000000
point-0002676,5190.983558453,284.743726813,215.313516616,320.300000000,0.000000000,0.000000000
point-0002677,5191.520440114,285.358683716,214.663516616,320.300000000,0.000000000,0.000000000
point-0002678,5193.833172793,281.504129251,214.663516616,320.300000000,0.000000000,0.000000000
point-0002679,5194.370054472,282.119086200,214.013516616,320.300000000,0.000000000,0.000000000
point-0002680,5196.682787125,285.973640620,214.013516616,320.300000000,0.000000000,0.000000000
point-0002681,5197.219668785,286.588597524,213.363516616,320.300000000,0.000000000,0.000000000
point-0002682,5199.532401410,282.734043149,213.363516616,320.300000000,0.000000000,0.000000000
point-0002683,5200.069283090,283.349000097,212.713516616,320.300000000,0.000000000,0.000000000
point-0002684,5202.382015688,287.203554428,212.713516616,320.300000000,0.000000000,0.000000000
point-0002685,5202.918897349,287.818511331,212.063516616,320.300000000,0.000000000,0.000000000
point-0002686,5205.231629920,283.963957046,212.063516616,320.300000000,0.000000000,0.000000000
point-0002687,5205.768511599,284.578913995,211.413516616,320.300000000,0.000000000,0.000000000
point-0002688,5208.081244143,288.433468235,211.413516616,320.300000000,0.000000000,0.000000000
point-0002689,5208.618125804,289.048425139,210.763516616,320.300000000,0.000000000,0.000000000
point-0002690,5210.930858321,285.193870944,210.763516616,320.300000000,0.000000000,0.000000000
point-0002691,5211.467740000,285.808827893,210.113516616,320.300000000,0.000000000,0.000000000
point-0002692,5213.780472490,289.663382043,210.113516616,320.300000000,0.000000000,0.000000000
point-0002693,5214.317354151,290.278338946,209.463516616,320.300000000,0.000000000,0.000000000
point-0002694,5216.630086614,286.423784842,209.463516616,320.300000000,0.000000000,0.000000000
point-0002695,5217.166968293,287.038741791,208.813516616,320.300000000,0.000000000,0.000000000
point-0002696,5219.479700729,290.893295850,208.813516616,320.300000000,0.000000000,0.000000000
point-0002697,5220.016582390,291.508252754,208.163516616,320.300000000,0.000000000,0.000000000
point-0002698,5222.329314798,287.653698739,208.163516616,320.300000000,0.000000000,0.000000000
point-0002699,5222.866196478,288.268655688,207.513516616,320.300000000,0.000000000,0.000000000
point-0002700,5224.819191922,291.523648096,207.513516616,320.300000000,0.000000000,0.000000000
point-0002701,5225.386667590,290.836608082,206.863516616,320.300000000,0.000000000,0.000000000
point-0002702,5226.558464857,288.883612637,206.863516616,320.300000000,0.000000000,0.000000000
point-0002703,5227.095346536,289.498569586,206.213516616,320.300000000,0.000000000,0.000000000
point-0002704,5227.485945625,290.149568068,206.213516616,320.300000000,0.000000000,0.000000000
point-0002705,5256.943152476,255.913897414,241.397486420,320.900000000,0.000000000,0.000000000
point-0002706,5286.583313325,290.155272815,205.789696581,320.900000000,0.000000000,0.000000000
point-0002707,5288.623318969,292.606005181,208.146383839,320.900000000,0.000000000,0.000000000
point-0002708,5317.974633915,258.698319607,243.407177233,320.900000000,0.000000000,0.000000000
point-0002709,5318.263469669,258.364628890,243.754149353,320.900000000,0.000000000,0.000000000
point-0002710,5320.303464811,255.913897414,241.397486420,320.900000000,0.000000000,0.000000000
point-0002711,5320.738583430,256.597740296,241.638879491,320.900000000,0.000000000,0.000000000
point-0002712,5322.769473400,259.982556914,241.638879491,320.900000000,0.000000000,0.000000000
point-0002713,5323.310537650,259.357500200,242.288879491,320.900000000,0.000000000,0.000000000
point-0002714,5324.560826355,257.273685691,242.288879491,320.900000000,0.000000000,0.000000000
point-0002715,5325.123485030,257.949631087,242.938879491,320.900000000,0.000000000,0.000000000
point-0002716,5325.593172470,258.732443487,242.938879491,320.900000000,0.000000000,0.000000000
point-0002717,5327.216365219,260.607613627,240.988879491,320.900000000,0.000000000,0.000000000
point-0002718,5329.547113393,256.723033336,240.988879491,320.900000000,0.000000000,0.000000000
point-0002719,5330.088177669,257.348090112,240.338879491,320.900000000,0.000000000,0.000000000
point-0002720,5332.418925806,261.232670340,240.338879491,320.900000000,0.000000000,0.000000000
point-0002721,5332.959990055,261.857727053,239.688879491,320.900000000,0.000000000,0.000000000
point-0002722,5335.290738154,257.973146889,239.688879491,320.900000000,0.000000000,0.000000000
point-0002723,5335.831802430,258.598203666,239.038879491,320.900000000,0.000000000,0.000000000
point-0002724,5338.162550490,262.482783766,239.038879491,320.900000000,0.000000000,0.000000000
point-0002725,5338.703614739,263.107840480,238.388879491,320.900000000,0.000000000,0.000000000
point-0002726,5341.034362762,259.223260443,238.388879491,320.900000000,0.000000000,0.000000000
point-0002727,5341.575427037,259.848317219,237.738879491,320.900000000,0.000000000,0.000000000
point-0002728,5343.906175022,263.732897193,237.738879491,320.900000000,0.000000000,0.000000000
point-0002729,5344.447239271,264.357953906,237.088879491,320.900000000,0.000000000,0.000000000
point-0002730,5346.777987217,260.473373996,237.088879491,320.900000000,0.000000000,0.000000000
point-0002731,5347.319051493,261.098430773,236.438879491,320.900000000,0.000000000,0.000000000
point-0002732,5349.649799401,264.983010619,236.438879491,320.900000000,0.000000000,0.000000000
point-0002733,5350.190863650,265.608067332,235.788879491,320.900000000,0.000000000,0.000000000
point-0002734,5352.521611520,261.723487549,235.788879491,320.900000000,0.000000000,0.000000000
point-0002735,5353.062675796,262.348544326,235.138879491,320.900000000,0.000000000,0.000000000
point-0002736,5355.393423628,266.233124045,235.138879491,320.900000000,0.000000000,0.000000000
point-0002737,5355.934487877,266.858180759,234.488879491,320.900000000,0.000000000,0.000000000
point-0002738,5358.265235671,262.973601103,234.488879491,320.900000000,0.000000000,0.000000000
point-0002739,5358.806299947,263.598657880,233.838879491,320.900000000,0.000000000,0.000000000
point-0002740,5361.137047702,267.483237472,233.838879491,320.900000000,0.000000000,0.000000000
point-0002741,5361.678111951,268.108294185,233.188879491,320.900000000,0.000000000,0.000000000
point-0002742,5364.008859669,264.223714656,233.188879491,320.900000000,0.000000000,0.000000000
point-0002743,5364.549923945,264.848771433,232.538879491,320.900000000,0.000000000,0.000000000
point-0002744,5366.880671624,268.733350898,232.538879491,320.900000000,0.000000000,0.000000000
point-0002745,5367.421735873,269.358407611,231.888879491,320.900000000,0.000000000,0.000000000
point-0002746,5369.752483514,265.473828210,231.888879491,320.900000000,0.000000000,0.000000000
point-0002747,5370.293547790,266.098884986,231.238879491,320.900000000,0.000000000,0.000000000
point-0002748,5372.624295393,269.983464325,231.238879491,320.900000000,0.000000000,0.000000000
point-0002749,5373.165359643,270.608521038,230.588879491,320.900000000,0.000000000,0.000000000
point-0002750,5375.496107208,266.723941763,230.588879491,320.900000000,0.000000000,0.000000000
point-0002751,5376.037171484,267.348998540,229.938879491,320.900000000,0.000000000,0.000000000
point-0002752,5378.367919010,271.233577751,229.938879491,320.900000000,0.000000000,0.000000000
point-0002753,5378.908983260,271.858634464,229.288879491,320.900000000,0.000000000,0.000000000
point-0002754,5381.239730748,267.974055316,229.288879491,320.900000000,0.000000000,0.000000000
point-0002755,5381.780795024,268.599112093,228.638879491,320.900000000,0.000000000,0.000000000
point-0002756,5384.111542475,272.483691177,228.638879491,320.900000000,0.000000000,0.000000000
point-0002757,5384.652606724,273.108747891,227.988879491,320.900000000,0.000000000,0.000000000
point-0002758,5386.983354137,269.224168870,227.988879491,320.900000000,0.000000000,0.000000000
point-0002759,5387.524418413,269.849225647,227.338879491,320.900000000,0.000000000,0.000000000
point-0002760,5389.855165787,273.733804604,227.338879491,320.900000000,0.000000000,0.000000000
point-0002761,5390.396230037,274.358861317,226.688879491,320.900000000,0.000000000,0.000000000
point-0002762,5392.726977373,270.474282423,226.688879491,320.900000000,0.000000000,0.000000000
point-0002763,5393.268041649,271.099339200,226.038879491,320.900000000,0.000000000,0.000000000
point-0002764,5395.598788947,274.983918030,226.038879491,320.900000000,0.000000000,0.000000000
point-0002765,5396.139853196,275.608974743,225.388879491,320.900000000,0.000000000,0.000000000
point-0002766,5398.470600456,271.724395977,225.388879491,320.900000000,0.000000000,0.000000000
point-0002767,5399.011664732,272.349452753,224.738879491,320.900000000,0.000000000,0.000000000
point-0002768,5401.342411954,276.234031457,224.738879491,320.900000000,0.000000000,0.000000000
point-0002769,5401.883476203,276.859088170,224.088879491,320.900000000,0.000000000,0.000000000
point-0002770,5404.214223387,272.974509530,224.088879491,320.900000000,0.000000000,0.000000000
point-0002771,5404.755287663,273.599566307,223.438879491,320.900000000,0.000000000,0.000000000
point-0002772,5407.086034809,277.484144883,223.438879491,320.900000000,0.000000000,0.000000000
point-0002773,5407.627099058,278.109201596,222.788879491,320.900000000,0.000000000,0.000000000
point-0002774,5409.957846166,274.224623084,222.788879491,320.900000000,0.000000000,0.000000000
point-0002775,5410.498910442,274.849679860,222.138879491,320.900000000,0.000000000,0.000000000
point-0002776,5412.829657511,278.734258309,222.138879491,320.900000000,0.000000000,0.000000000
point-0002777,5413.370721761,279.359315022,221.488879491,320.900000000,0.000000000,0.000000000
point-0002778,5415.701468792,275.474736637,221.488879491,320.900000000,0.000000000,0.000000000
point-0002779,5416.242533068,276.099793414,220.838879491,320.900000000,0.000000000,0.000000000
point-0002780,5418.573280061,279.984371736,220.838879491,320.900000000,0.000000000,0.000000000
point-0002781,5419.114344311,280.609428449,220.188879491,320.900000000,0.000000000,0.000000000
point-0002782,5421.445091266,276.724850190,220.188879491,320.900000000,0.000000000,0.000000000
point-0002783,5421.986155542,277.349906967,219.538879491,320.900000000,0.000000000,0.000000000
point-0002784,5424.316902458,281.234485162,219.538879491,320.900000000,0.000000000,0.000000000
point-0002785,5424.857966708,281.859541875,218.888879491,320.900000000,0.000000000,0.000000000
point-0002786,5427.188713587,277.974963744,218.888879491,320.900000000,0.000000000,0.000000000
point-0002787,5427.729777863,278.600020521,218.238879491,320.900000000,0.000000000,0.000000000
point-0002788,5430.060524704,282.484598588,218.238879491,320.900000000,0.000000000,0.000000000
point-0002789,5430.601588953,283.109655302,217.588879491,320.900000000,0.000000000,0.000000000
point-0002790,5432.932335756,279.225077297,217.588879491,320.900000000,0.000000000,0.000000000
point-0002791,5433.473400032,279.850134074,216.938879491,320.900000000,0.000000000,0.000000000
point-0002792,5435.804146796,283.734712015,216.938879491,320.900000000,0.000000000,0.000000000
point-0002793,5436.345211046,284.359768728,216.288879491,320.900000000,0.000000000,0.000000000
point-0002794,5438.675957772,280.475190851,216.288879491,320.900000000,0.000000000,0.000000000
point-0002795,5439.217022048,281.100247627,215.638879491,320.900000000,0.000000000,0.000000000
point-0002796,5441.547768736,284.984825441,215.638879491,320.900000000,0.000000000,0.000000000
point-0002797,5442.088832986,285.609882154,214.988879491,320.900000000,0.000000000,0.000000000
point-0002798,5444.419579636,281.725304404,214.988879491,320.900000000,0.000000000,0.000000000
point-0002799,5444.960643912,282.350361181,214.338879491,320.900000000,0.000000000,0.000000000
point-0002800,5447.291390524,286.234938868,214.338879491,320.900000000,0.000000000,0.000000000
point-0002801,5447.832454773,286.859995581,213.688879491,320.900000000,0.000000000,0.000000000
point-0002802,5450.163201347,282.975417957,213.688879491,320.900000000,0.000000000,0.000000000
point-0002803,5450.704265623,283.600474734,213.038879491,320.900000000,0.000000000,0.000000000
point-0002804,5453.035012159,287.485052294,213.038879491,320.900000000,0.000000000,0.000000000
point-0002805,5453.576076409,288.110109007,212.388879491,320.900000000,0.000000000,0.000000000
point-0002806,5455.906822906,284.225531511,212.388879491,320.900000000,0.000000000,0.000000000
point-0002807,5456.447887182,284.850588288,211.738879491,320.900000000,0.000000000,0.000000000
point-0002808,5458.778633642,288.735165720,211.738879491,320.900000000,0.000000000,0.000000000
point-0002809,5459.319697892,289.360222434,211.088879491,320.900000000,0.000000000,0.000000000
point-0002810,5461.650444313,285.475645064,211.088879491,320.900000000,0.000000000,0.000000000
point-0002811,5462.191508589,286.100701841,210.438879491,320.900000000,0.000000000,0.000000000
point-0002812,5464.522254972,289.985279147,210.438879491,320.900000000,0.000000000,0.000000000
point-0002813,5465.063319222,290.610335860,209.788879491,320.900000000,0.000000000,0.000000000
point-0002814,5467.394065567,286.725758618,209.788879491,320.900000000,0.000000000,0.000000000
point-0002815,5467.935129843,287.350815394,209.138879491,320.900000000,0.000000000,0.000000000
point-0002816,5470.265876150,291.235392573,209.138879491,320.900000000,0.000000000,0.000000000
point-0002817,5470.806940400,291.860449286,208.488879491,320.900000000,0.000000000,0.000000000
point-0002818,5473.137686669,287.975872171,208.488879491,320.900000000,0.000000000,0.000000000
point-0002819,5473.678750945,288.600928948,207.838879491,320.900000000,0.000000000,0.000000000
point-0002820,5475.630244107,291.853417551,207.838879491,320.900000000,0.000000000,0.000000000
point-0002821,5476.192899870,291.177478886,207.188879491,320.900000000,0.000000000,0.000000000
point-0002822,5477.363795767,289.225985725,207.188879491,320.900000000,0.000000000,0.000000000
point-0002823,5477.904860043,289.851042501,206.538879491,320.900000000,0.000000000,0.000000000
point-0002824,5478.295158676,290.501540222,206.538879491,320.900000000,0.000000000,0.000000000
point-0002825,5507.752378272,255.983107819,241.445509042,321.500000000,0.000000000,0.000000000
point-0002826,5537.392520685,290.510696248,206.115223338,321.500000000,0.000000000,0.000000000
point-0002827,5539.432524076,292.942328100,208.491608191,321.500000000,0.000000000,0.000000000
point-0002828,5568.783810656,258.751231578,243.477590884,321.500000000,0.000000000,0.000000000
point-0002829,5569.072654642,258.414739651,243.821866266,321.500000000,0.000000000,0.000000000
point-0002830,5571.112646438,255.983107819,241.445509042,321.500000000,0.000000000,0.000000000
point-0002831,5571.450455817,256.530659271,241.314459400,321.500000000,0.000000000,0.000000000
point-0002832,5573.799506857,260.445744337,241.314459400,321.500000000,0.000000000,0.000000000
point-0002833,5574.344820574,261.080976251,240.664459400,321.500000000,0.000000000,0.000000000
point-0002834,5576.693871565,257.165891266,240.664459400,321.500000000,0.000000000,0.000000000
point-0002835,5577.239185316,257.801123260,240.014459400,321.500000000,0.000000000,0.000000000
point-0002836,5579.588236259,261.716208165,240.014459400,321.500000000,0.000000000,0.000000000
point-0002837,5580.133549976,262.351440078,239.364459400,321.500000000,0.000000000,0.000000000
point-0002838,5582.482600871,258.436355255,239.364459400,321.500000000,0.000000000,0.000000000
point-0002839,5583.027914622,259.071587249,238.714459400,321.500000000,0.000000000,0.000000000
point-0002840,5585.376965468,262.986671992,238.714459400,321.500000000,0.000000000,0.000000000
point-0002841,5585.922279185,263.621903906,238.064459400,321.500000000,0.000000000,0.000000000
point-0002842,5588.271329982,259.706819244,238.064459400,321.500000000,0.000000000,0.000000000
point-0002843,5588.816643733,260.342051238,237.414459400,321.500000000,0.000000000,0.000000000
point-0002844,5591.165694482,264.257135820,237.414459400,321.500000000,0.000000000,0.000000000
point-0002845,5591.711008200,264.892367733,236.764459400,321.500000000,0.000000000,0.000000000
point-0002846,5594.060058900,260.977283233,236.764459400,321.500000000,0.000000000,0.000000000
point-0002847,5594.605372651,261.612515227,236.114459400,321.500000000,0.000000000,0.000000000
point-0002848,5596.954423303,265.527599647,236.114459400,321.500000000,0.000000000,0.000000000
point-0002849,5597.499737021,266.162831561,235.464459400,321.500000000,0.000000000,0.000000000
point-0002850,5599.848787624,262.247747222,235.464459400,321.500000000,0.000000000,0.000000000
point-0002851,5600.394101375,262.882979216,234.814459400,321.500000000,0.000000000,0.000000000
point-0002852,5602.743151930,266.798063475,234.814459400,321.500000000,0.000000000,0.000000000
point-0002853,5603.288465648,267.433295388,234.164459400,321.500000000,0.000000000,0.000000000
point-0002854,5605.637516154,263.518211210,234.164459400,321.500000000,0.000000000,0.000000000
point-0002855,5606.182829906,264.153443205,233.514459400,321.500000000,0.000000000,0.000000000
point-0002856,5608.531880364,268.068527302,233.514459400,321.500000000,0.000000000,0.000000000
point-0002857,5609.077194081,268.703759216,232.864459400,321.500000000,0.000000000,0.000000000
point-0002858,5611.426244491,264.788675199,232.864459400,321.500000000,0.000000000,0.000000000
point-0002859,5611.971558242,265.423907194,232.214459400,321.500000000,0.000000000,0.000000000
point-0002860,5614.320608603,269.338991129,232.214459400,321.500000000,0.000000000,0.000000000
point-0002861,5614.865922321,269.974223043,231.564459400,321.500000000,0.000000000,0.000000000
point-0002862,5617.214972633,266.059139188,231.564459400,321.500000000,0.000000000,0.000000000
point-0002863,5617.760286385,266.694371183,230.914459400,321.500000000,0.000000000,0.000000000
point-0002864,5620.109336649,270.609454957,230.914459400,321.500000000,0.000000000,0.000000000
point-0002865,5620.654650366,271.244686871,230.264459400,321.500000000,0.000000000,0.000000000
point-0002866,5623.003700582,267.329603177,230.264459400,321.500000000,0.000000000,0.000000000
point-0002867,5623.549014334,267.964835172,229.614459400,321.500000000,0.000000000,0.000000000
point-0002868,5625.898064501,271.879918784,229.614459400,321.500000000,0.000000000,0.000000000
point-0002869,5626.443378218,272.515150698,228.964459400,321.500000000,0.000000000,0.000000000
point-0002870,5628.792428337,268.600067166,228.964459400,321.500000000,0.000000000,0.000000000
point-0002871,5629.337742089,269.235299161,228.314459400,321.500000000,0.000000000,0.000000000
point-0002872,5631.686792159,273.150382612,228.314459400,321.500000000,0.000000000,0.000000000
point-0002873,5632.232105877,273.785614525,227.664459400,321.500000000,0.000000000,0.000000000
point-0002874,5634.581155899,269.870531155,227.664459400,321.500000000,0.000000000,0.000000000
point-0002875,5635.126469650,270.505763150,227.014459400,321.500000000,0.000000000,0.000000000
point-0002876,5637.475519624,274.420846439,227.014459400,321.500000000,0.000000000,0.000000000
point-0002877,5638.020833341,275.056078353,226.364459400,321.500000000,0.000000000,0.000000000
point-0002878,5640.369883266,271.140995144,226.364459400,321.500000000,0.000000000,0.000000000
point-0002879,5640.915197017,271.776227139,225.714459400,321.500000000,0.000000000,0.000000000
point-0002880,5643.264246894,275.691310267,225.714459400,321.500000000,0.000000000,0.000000000
point-0002881,5643.809560612,276.326542180,225.064459400,321.500000000,0.000000000,0.000000000
point-0002882,5646.158610440,272.411459133,225.064459400,321.500000000,0.000000000,0.000000000
point-0002883,5646.703924191,273.046691128,224.414459400,321.500000000,0.000000000,0.000000000
point-0002884,5649.052973971,276.961774094,224.414459400,321.500000000,0.000000000,0.000000000
point-0002885,5649.598287688,277.597006008,223.764459400,321.500000000,0.000000000,0.000000000
point-0002886,5651.947337420,273.681923122,223.764459400,321.500000000,0.000000000,0.000000000
point-0002887,5652.492651171,274.317155116,223.114459400,321.500000000,0.000000000,0.000000000
point-0002888,5654.841700854,278.232237921,223.114459400,321.500000000,0.000000000,0.000000000
point-0002889,5655.387014571,278.867469835,222.464459400,321.500000000,0.000000000,0.000000000
point-0002890,5657.736064206,274.952387111,222.464459400,321.500000000,0.000000000,0.000000000
point-0002891,5658.281377957,275.587619105,221.814459400,321.500000000,0.000000000,0.000000000
point-0002892,5660.630427543,279.502701749,221.814459400,321.500000000,0.000000000,0.000000000
point-0002893,5661.175741261,280.137933663,221.164459400,321.500000000,0.000000000,0.000000000
point-0002894,5663.524790798,276.222851100,221.164459400,321.500000000,0.000000000,0.000000000
point-0002895,5664.070104550,276.858083094,220.514459400,321.500000000,0.000000000,0.000000000
point-0002896,5666.419154039,280.773165576,220.514459400,321.500000000,0.000000000,0.000000000
point-0002897,5666.964467756,281.408397490,219.864459400,321.500000000,0.000000000,0.000000000
point-0002898,5669.313517197,277.493315089,219.864459400,321.500000000,0.000000000,0.000000000
point-0002899,5669.858830948,278.128547083,219.214459400,321.500000000,0.000000000,0.000000000
point-0002900,5672.207880340,282.043629404,219.214459400,321.500000000,0.000000000,0.000000000
point-0002901,5672.753194058,282.678861318,218.564459400,321.500000000,0.000000000,0.000000000
point-0002902,5675.102243402,278.763779078,218.564459400,321.500000000,0.000000000,0.000000000
point-0002903,5675.647557153,279.399011072,217.914459400,321.500000000,0.000000000,0.000000000
point-0002904,5677.996606448,283.314093231,217.914459400,321.500000000,0.000000000,0.000000000
point-0002905,5678.541920166,283.949325145,217.264459400,321.500000000,0.000000000,0.000000000
point-0002906,5680.890969413,280.034243067,217.264459400,321.500000000,0.000000000,0.000000000
point-0002907,5681.436283164,280.669475061,216.614459400,321.500000000,0.000000000,0.000000000
point-0002908,5683.785332362,284.584557059,216.614459400,321.500000000,0.000000000,0.000000000
point-0002909,5684.330646080,285.219788972,215.964459400,321.500000000,0.000000000,0.000000000
point-0002910,5686.679695230,281.304707056,215.964459400,321.500000000,0.000000000,0.000000000
point-0002911,5687.225008981,281.939939050,215.314459400,321.500000000,0.000000000,0.000000000
point-0002912,5689.574058083,285.855020886,215.314459400,321.500000000,0.000000000,0.000000000
point-0002913,5690.119371800,286.490252800,214.664459400,321.500000000,0.000000000,0.000000000
point-0002914,5692.468420853,282.575171045,214.664459400,321.500000000,0.000000000,0.000000000
point-0002915,5693.013734604,283.210403039,214.014459400,321.500000000,0.000000000,0.000000000
point-0002916,5695.362783609,287.125484714,214.014459400,321.500000000,0.000000000,0.000000000
point-0002917,5695.908097326,287.760716627,213.364459400,321.500000000,0.000000000,0.000000000
point-0002918,5698.257146283,283.845635033,213.364459400,321.500000000,0.000000000,0.000000000
point-0002919,5698.802460034,284.480867028,212.714459400,321.500000000,0.000000000,0.000000000
point-0002920,5701.151508942,288.395948541,212.714459400,321.500000000,0.000000000,0.000000000
point-0002921,5701.696822659,289.031180455,212.064459400,321.500000000,0.000000000,0.000000000
point-0002922,5704.045871518,285.116099022,212.064459400,321.500000000,0.000000000,0.000000000
point-0002923,5704.591185270,285.751331017,211.414459400,321.500000000,0.000000000,0.000000000
point-0002924,5706.940234081,289.666412368,211.414459400,321.500000000,0.000000000,0.000000000
point-0002925,5707.485547798,290.301644282,210.764459400,321.500000000,0.000000000,0.000000000
point-0002926,5709.834596560,286.386563011,210.764459400,321.500000000,0.000000000,0.000000000
point-0002927,5710.379910312,287.021795006,210.114459400,321.500000000,0.000000000,0.000000000
point-0002928,5712.728959026,290.936876196,210.114459400,321.500000000,0.000000000,0.000000000
point-0002929,5713.274272743,291.572108110,209.464459400,321.500000000,0.000000000,0.000000000
point-0002930,5715.623321409,287.657027000,209.464459400,321.500000000,0.000000000,0.000000000
point-0002931,5716.168635160,288.292258995,208.814459400,321.500000000,0.000000000,0.000000000
point-0002932,5718.517683777,292.207340023,208.814459400,321.500000000,0.000000000,0.000000000
point-0002933,5718.908071484,292.178349525,208.164459400,321.500000000,0.000000000,0.000000000
point-0002934,5720.858586605,288.927490989,208.164459400,321.500000000,0.000000000,0.000000000
point-0002935,5721.403900356,289.562722984,207.514459400,321.500000000,0.000000000,0.000000000
point-0002936,5722.574209429,291.513238105,207.514459400,321.500000000,0.000000000,0.000000000
point-0002937,5723.132200784,290.848126685,206.864459400,321.500000000,0.000000000,0.000000000
point-0002938,5723.522303808,290.197954978,206.864459400,321.500000000,0.000000000,0.000000000
point-0002939,5751.378118271,259.810512424,241.964459400,321.500000000,0.000000000,0.000000000
point-0002940,5753.098412275,256.943355751,241.964459400,321.500000000,0.000000000,0.000000000
point-0002941,5753.656406946,257.608474898,242.614459400,321.500000000,0.000000000,0.000000000
point-0002942,5754.596490313,259.175280510,242.614459400,321.500000000,0.000000000,0.000000000
point-0002943,5755.141804030,258.540048596,243.264459400,321.500000000,0.000000000,0.000000000
point-0002944,5755.301676761,258.273594045,243.264459400,321.500000000,0.000000000,0.000000000
point-0002945,5757.044163913,256.051351036,241.493669842,322.100000000,0.000000000,0.000000000
point-0002946,5786.684291600,290.860510509,206.440803444,322.100000000,0.000000000,0.000000000
point-0002947,5788.724293248,293.273047991,208.836566699,322.100000000,0.000000000,0.000000000
point-0002948,5818.075557869,258.803134047,243.547825944,322.100000000,0.000000000,0.000000000
point-0002949,5818.364407736,258.463889376,243.889402943,322.100000000,0.000000000,0.000000000
point-0002950,5820.404397001,256.051351036,241.493669842,322.100000000,0.000000000,0.000000000
point-0002951,5820.759343052,256.624527738,241.640064931,322.100000000,0.000000000,0.000000000
point-0002952,5822.949529697,260.274838811,241.640064931,322.100000000,0.000000000,0.000000000
point-0002953,5823.499158907,260.920319401,240.990064931,322.100000000,0.000000000,0.000000000
point-0002954,5825.866797769,256.974254630,240.990064931,322.100000000,0.000000000,0.000000000
point-0002955,5826.416427020,257.619735314,240.340064931,322.100000000,0.000000000,0.000000000
point-0002956,5828.784065825,261.565799990,240.340064931,322.100000000,0.000000000,0.000000000
point-0002957,5829.333695035,262.211280579,239.690064931,322.100000000,0.000000000,0.000000000
point-0002958,5831.701333783,258.265215999,239.690064931,322.100000000,0.000000000,0.000000000
point-0002959,5832.250963034,258.910696684,239.040064931,322.100000000,0.000000000,0.000000000
point-0002960,5834.618601724,262.856761168,239.040064931,322.100000000,0.000000000,0.000000000
point-0002961,5835.168230934,263.502241757,238.390064931,322.100000000,0.000000000,0.000000000
point-0002962,5837.535869566,259.556177369,238.390064931,322.100000000,0.000000000,0.000000000
point-0002963,5838.085498817,260.201658054,237.740064931,322.100000000,0.000000000,0.000000000
point-0002964,5840.453137392,264.147722346,237.740064931,322.100000000,0.000000000,0.000000000
point-0002965,5841.002766602,264.793202935,237.090064931,322.100000000,0.000000000,0.000000000
point-0002966,5843.370405120,260.847138739,237.090064931,322.100000000,0.000000000,0.000000000
point-0002967,5843.920034370,261.492619424,236.440064931,322.100000000,0.000000000,0.000000000
point-0002968,5846.287672830,265.438683524,236.440064931,322.100000000,0.000000000,0.000000000
point-0002969,5846.837302041,266.084164113,235.790064931,322.100000000,0.000000000,0.000000000
point-0002970,5849.204940443,262.138100109,235.790064931,322.100000000,0.000000000,0.000000000
point-0002971,5849.754569694,262.783580794,235.140064931,322.100000000,0.000000000,0.000000000
point-0002972,5852.122208039,266.729644702,235.140064931,322.100000000,0.000000000,0.000000000
point-0002973,5852.671837249,267.375125291,234.490064931,322.100000000,0.000000000,0.000000000
point-0002974,5855.039475536,263.429061478,234.490064931,322.100000000,0.000000000,0.000000000
point-0002975,5855.589104787,264.074542163,233.840064931,322.100000000,0.000000000,0.000000000
point-0002976,5857.956743017,268.020605880,233.840064931,322.100000000,0.000000000,0.000000000
point-0002977,5858.506372227,268.666086469,233.190064931,322.100000000,0.000000000,0.000000000
point-0002978,5860.874010400,264.720022848,233.190064931,322.100000000,0.000000000,0.000000000
point-0002979,5861.423639650,265.365503533,232.540064931,322.100000000,0.000000000,0.000000000
point-0002980,5863.791277765,269.311567058,232.540064931,322.100000000,0.000000000,0.000000000
point-0002981,5864.340906975,269.957047647,231.890064931,322.100000000,0.000000000,0.000000000
point-0002982,5866.708545033,266.010984218,231.890064931,322.100000000,0.000000000,0.000000000
point-0002983,5867.258174284,266.656464903,231.240064931,322.100000000,0.000000000,0.000000000
point-0002984,5869.625812283,270.602528236,231.240064931,322.100000000,0.000000000,0.000000000
point-0002985,5870.175441494,271.248008825,230.590064931,322.100000000,0.000000000,0.000000000
point-0002986,5872.543079436,267.301945588,230.590064931,322.100000000,0.000000000,0.000000000
point-0002987,5873.092708687,267.947426273,229.940064931,322.100000000,0.000000000,0.000000000
point-0002988,5875.460346572,271.893489414,229.940064931,322.100000000,0.000000000,0.000000000
point-0002989,5876.009975782,272.538970003,229.290064931,322.100000000,0.000000000,0.000000000
point-0002990,5878.377613609,268.592906958,229.290064931,322.100000000,0.000000000,0.000000000
point-0002991,5878.927242860,269.238387642,228.640064931,322.100000000,0.000000000,0.000000000
point-0002992,5881.294880630,273.184450592,228.640064931,322.100000000,0.000000000,0.000000000
point-0002993,5881.844509840,273.829931181,227.990064931,322.100000000,0.000000000,0.000000000
point-0002994,5884.212147552,269.883868327,227.990064931,322.100000000,0.000000000,0.000000000
point-0002995,5884.761776803,270.529349012,227.340064931,322.100000000,0.000000000,0.000000000
point-0002996,5887.129414458,274.475411770,227.340064931,322.100000000,0.000000000,0.000000000
point-0002997,5887.679043668,275.120892359,226.690064931,322.100000000,0.000000000,0.000000000
point-0002998,5890.046681265,271.174829697,226.690064931,322.100000000,0.000000000,0.000000000
point-0002999,5890.596310516,271.820310382,226.040064931,322.100000000,0.000000000,0.000000000
point-0003000,5892.963948056,275.766372948,226.040064931,322.100000000,0.000000000,0.000000000
point-0003001,5893.513577266,276.411853537,225.390064931,322.100000000,0.000000000,0.000000000
point-0003002,5895.881214748,272.465791067,225.390064931,322.100000000,0.000000000,0.000000000
point-0003003,5896.430843999,273.111271752,224.740064931,322.100000000,0.000000000,0.000000000
point-0003004,5898.798481424,277.057334126,224.740064931,322.100000000,0.000000000,0.000000000
point-0003005,5899.348110634,277.702814715,224.090064931,322.100000000,0.000000000,0.000000000
point-0003006,5901.715748001,273.756752437,224.090064931,322.100000000,0.000000000,0.000000000
point-0003007,5902.265377252,274.402233122,223.440064931,322.100000000,0.000000000,0.000000000
point-0003008,5904.633014562,278.348295305,223.440064931,322.100000000,0.000000000,0.000000000
point-0003009,5905.182643772,278.993775894,222.790064931,322.100000000,0.000000000,0.000000000
point-0003010,5907.550281024,275.047713807,222.790064931,322.100000000,0.000000000,0.000000000
point-0003011,5908.099910275,275.693194491,222.140064931,322.100000000,0.000000000,0.000000000
point-0003012,5910.467547469,279.639256483,222.140064931,322.100000000,0.000000000,0.000000000
point-0003013,5911.017176680,280.284737072,221.490064931,322.100000000,0.000000000,0.000000000
point-0003014,5913.384813817,276.338675176,221.490064931,322.100000000,0.000000000,0.000000000
point-0003015,5913.934443068,276.984155861,220.840064931,322.100000000,0.000000000,0.000000000
point-0003016,5916.302080147,280.930217661,220.840064931,322.100000000,0.000000000,0.000000000
point-0003017,5916.851709357,281.575698250,220.190064931,322.100000000,0.000000000,0.000000000
point-0003018,5919.219346380,277.629636546,220.190064931,322.100000000,0.000000000,0.000000000
point-0003019,5919.768975630,278.275117231,219.540064931,322.100000000,0.000000000,0.000000000
point-0003020,5922.136612595,282.221178839,219.540064931,322.100000000,0.000000000,0.000000000
point-0003021,5922.686241805,282.866659428,218.890064931,322.100000000,0.000000000,0.000000000
point-0003022,5925.053878712,278.920597916,218.890064931,322.100000000,0.000000000,0.000000000
point-0003023,5925.603507963,279.566078601,218.240064931,322.100000000,0.000000000,0.000000000
point-0003024,5927.971144813,283.512140017,218.240064931,322.100000000,0.000000000,0.000000000
point-0003025,5928.520774023,284.157620606,217.590064931,322.100000000,0.000000000,0.000000000
point-0003026,5930.888410815,280.211559286,217.590064931,322.100000000,0.000000000,0.000000000
point-0003027,5931.438040066,280.857039971,216.940064931,322.100000000,0.000000000,0.000000000
point-0003028,5933.805676800,284.803101195,216.940064931,322.100000000,0.000000000,0.000000000
point-0003029,5934.355306011,285.448581784,216.290064931,322.100000000,0.000000000,0.000000000
point-0003030,5936.722942688,281.502520655,216.290064931,322.100000000,0.000000000,0.000000000
point-0003031,5937.272571938,282.148001340,215.640064931,322.100000000,0.000000000,0.000000000
point-0003032,5939.640208558,286.094062373,215.640064931,322.100000000,0.000000000,0.000000000
point-0003033,5940.189837768,286.739542962,214.990064931,322.100000000,0.000000000,0.000000000
point-0003034,5942.557474330,282.793482025,214.990064931,322.100000000,0.000000000,0.000000000
point-0003035,5943.107103581,283.438962710,214.340064931,322.100000000,0.000000000,0.000000000
point-0003036,5945.474740086,287.385023551,214.340064931,322.100000000,0.000000000,0.000000000
point-0003037,5946.024369296,288.030504140,213.690064931,322.100000000,0.000000000,0.000000000
point-0003038,5948.392005743,284.084443395,213.690064931,322.100000000,0.000000000,0.000000000
point-0003039,5948.941634994,284.729924080,213.040064931,322.100000000,0.000000000,0.000000000
point-0003040,5951.309271383,288.675984729,213.040064931,322.100000000,0.000000000,0.000000000
point-0003041,5951.858900593,289.321465318,212.390064931,322.100000000,0.000000000,0.000000000
point-0003042,5954.226536925,285.375404765,212.390064931,322.100000000,0.000000000,0.000000000
point-0003043,5954.776166176,286.020885450,211.740064931,322.100000000,0.000000000,0.000000000
point-0003044,5957.143802451,289.966945907,211.740064931,322.100000000,0.000000000,0.000000000
point-0003045,5957.693431661,290.612426496,211.090064931,322.100000000,0.000000000,0.000000000
point-0003046,5960.061067878,286.666366135,211.090064931,322.100000000,0.000000000,0.000000000
point-0003047,5960.610697129,287.311846819,210.440064931,322.100000000,0.000000000,0.000000000
point-0003048,5962.978333288,291.257907085,210.440064931,322.100000000,0.000000000,0.000000000
point-0003049,5963.527962498,291.903387674,209.790064931,322.100000000,0.000000000,0.000000000
point-0003050,5965.895598600,287.957327504,209.790064931,322.100000000,0.000000000,0.000000000
point-0003051,5966.445227851,288.602808189,209.140064931,322.100000000,0.000000000,0.000000000
point-0003052,5968.812863896,292.548868263,209.140064931,322.100000000,0.000000000,0.000000000
point-0003053,5969.204039165,292.498368222,208.490064931,322.100000000,0.000000000,0.000000000
point-0003054,5971.154086774,289.248288874,208.490064931,322.100000000,0.000000000,0.000000000
point-0003055,5971.703716024,289.893769559,207.840064931,322.100000000,0.000000000,0.000000000
point-0003056,5972.873744590,291.843817168,207.840064931,322.100000000,0.000000000,0.000000000
point-0003057,5973.427222096,291.189266113,207.190064931,322.100000000,0.000000000,0.000000000
point-0003058,5973.817231617,290.539250244,207.190064931,322.100000000,0.000000000,0.000000000
point-0003059,6001.879222155,259.629358222,242.290064931,322.100000000,0.000000000,0.000000000
point-0003060,6003.289384730,257.279087263,242.290064931,322.100000000,0.000000000,0.000000000
point-0003061,6003.842865843,257.933646788,242.940064931,322.100000000,0.000000000,0.000000000
point-0003062,6004.473004350,258.983877633,242.940064931,322.100000000,0.000000000,0.000000000
point-0003063,6006.419493792,256.118613427,241.541936104,322.700000000,0.000000000,0.000000000
point-0003064,6036.059609963,291.204656622,206.766244847,322.700000000,0.000000000,0.000000000
point-0003065,6038.099610402,293.598116907,209.181064270,322.700000000,0.000000000,0.000000000
point-0003066,6067.450859832,258.854022817,243.617845981,322.700000000,0.000000000,0.000000000
point-0003067,6067.739712466,258.512075427,243.956723858,322.700000000,0.000000000,0.000000000
point-0003068,6069.779700135,256.118613427,241.541936104,322.700000000,0.000000000,0.000000000
point-0003069,6070.195306685,256.773236271,241.315504730,322.700000000,0.000000000,0.000000000
point-0003070,6072.581814162,260.750748733,241.315504730,322.700000000,0.000000000,0.000000000
point-0003071,6073.135823892,261.406549305,240.665504730,322.700000000,0.000000000,0.000000000
point-0003072,6075.522331304,257.429036952,240.665504730,322.700000000,0.000000000,0.000000000
point-0003073,6076.076341080,258.084837632,240.015504730,322.700000000,0.000000000,0.000000000
point-0003074,6078.462848427,262.062349878,240.015504730,322.700000000,0.000000000,0.000000000
point-0003075,6079.016858157,262.718150450,239.365504730,322.700000000,0.000000000,0.000000000
point-0003076,6081.403365439,258.740638313,239.365504730,322.700000000,0.000000000,0.000000000
point-0003077,6081.957375215,259.396438993,238.715504730,322.700000000,0.000000000,0.000000000
point-0003078,6084.343882433,263.373951022,238.715504730,322.700000000,0.000000000,0.000000000
point-0003079,6084.897892163,264.029751595,238.065504730,322.700000000,0.000000000,0.000000000
point-0003080,6087.284399316,260.052239673,238.065504730,322.700000000,0.000000000,0.000000000
point-0003081,6087.838409091,260.708040354,237.415504730,322.700000000,0.000000000,0.000000000
point-0003082,6090.224916180,264.685552167,237.415504730,322.700000000,0.000000000,0.000000000
point-0003083,6090.778925909,265.341352740,236.765504730,322.700000000,0.000000000,0.000000000
point-0003084,6093.165432933,261.363841034,236.765504730,322.700000000,0.000000000,0.000000000
point-0003085,6093.719442709,262.019641715,236.115504730,322.700000000,0.000000000,0.000000000
point-0003086,6096.105949667,265.997153312,236.115504730,322.700000000,0.000000000,0.000000000
point-0003087,6096.659959397,266.652953885,235.465504730,322.700000000,0.000000000,0.000000000
point-0003088,6099.046466291,262.675442395,235.465504730,322.700000000,0.000000000,0.000000000
point-0003089,6099.600476066,263.331243075,234.815504730,322.700000000,0.000000000,0.000000000
point-0003090,6101.986982895,267.308754457,234.815504730,322.700000000,0.000000000,0.000000000
point-0003091,6102.540992625,267.964555029,234.165504730,322.700000000,0.000000000,0.000000000
point-0003092,6104.927499389,263.987043756,234.165504730,322.700000000,0.000000000,0.000000000
point-0003093,6105.481509165,264.642844436,233.515504730,322.700000000,0.000000000,0.000000000
point-0003094,6107.868015864,268.620355602,233.515504730,322.700000000,0.000000000,0.000000000
point-0003095,6108.422025594,269.276156174,232.865504730,322.700000000,0.000000000,0.000000000
point-0003096,6110.808532229,265.298645117,232.865504730,322.700000000,0.000000000,0.000000000
point-0003097,6111.362542005,265.954445797,232.215504730,322.700000000,0.000000000,0.000000000
point-0003098,6113.749048574,269.931956747,232.215504730,322.700000000,0.000000000,0.000000000
point-0003099,6114.303058304,270.587757319,231.565504730,322.700000000,0.000000000,0.000000000
point-0003100,6116.689564809,266.610246477,231.565504730,322.700000000,0.000000000,0.000000000
point-0003101,6117.243574585,267.266047158,230.915504730,322.700000000,0.000000000,0.000000000
point-0003102,6119.630081025,271.243557891,230.915504730,322.700000000,0.000000000,0.000000000
point-0003103,6120.184090755,271.899358464,230.265504730,322.700000000,0.000000000,0.000000000
point-0003104,6122.570597130,267.921847838,230.265504730,322.700000000,0.000000000,0.000000000
point-0003105,6123.124606906,268.577648519,229.615504730,322.700000000,0.000000000,0.000000000
point-0003106,6125.511113217,272.555159036,229.615504730,322.700000000,0.000000000,0.000000000
point-0003107,6126.065122946,273.210959609,228.965504730,322.700000000,0.000000000,0.000000000
point-0003108,6128.451629192,269.233449199,228.965504730,322.700000000,0.000000000,0.000000000
point-0003109,6129.005638968,269.889249879,228.315504730,322.700000000,0.000000000,0.000000000
point-0003110,6131.392145149,273.866760181,228.315504730,322.700000000,0.000000000,0.000000000
point-0003111,6131.946154879,274.522560753,227.665504730,322.700000000,0.000000000,0.000000000
point-0003112,6134.332660995,270.545050560,227.665504730,322.700000000,0.000000000,0.000000000
point-0003113,6134.886670771,271.200851240,227.015504730,322.700000000,0.000000000,0.000000000
point-0003114,6137.273176822,275.178361326,227.015504730,322.700000000,0.000000000,0.000000000
point-0003115,6137.827186552,275.834161898,226.365504730,322.700000000,0.000000000,0.000000000
point-0003116,6140.213692538,271.856651921,226.365504730,322.700000000,0.000000000,0.000000000
point-0003117,6140.767702314,272.512452601,225.715504730,322.700000000,0.000000000,0.000000000
point-0003118,6143.154208236,276.489962471,225.715504730,322.700000000,0.000000000,0.000000000
point-0003119,6143.708217966,277.145763043,225.065504730,322.700000000,0.000000000,0.000000000
point-0003120,6146.094723823,273.168253281,225.065504730,322.700000000,0.000000000,0.000000000
point-0003121,6146.648733599,273.824053962,224.415504730,322.700000000,0.000000000,0.000000000
point-0003122,6149.035239391,277.801563616,224.415504730,322.700000000,0.000000000,0.000000000
point-0003123,6149.589249120,278.457364188,223.765504730,322.700000000,0.000000000,0.000000000
point-0003124,6151.975754848,274.479854642,223.765504730,322.700000000,0.000000000,0.000000000
point-0003125,6152.529764624,275.135655323,223.115504730,322.700000000,0.000000000,0.000000000
point-0003126,6154.916270286,279.113164760,223.115504730,322.700000000,0.000000000,0.000000000
point-0003127,6155.470280016,279.768965333,222.465504730,322.700000000,0.000000000,0.000000000
point-0003128,6157.856785614,275.791456003,222.465504730,322.700000000,0.000000000,0.000000000
point-0003129,6158.410795390,276.447256684,221.815504730,322.700000000,0.000000000,0.000000000
point-0003130,6160.797300923,280.424765905,221.815504730,322.700000000,0.000000000,0.000000000
point-0003131,6161.351310652,281.080566478,221.165504730,322.700000000,0.000000000,0.000000000
point-0003132,6163.737816121,277.103057364,221.165504730,322.700000000,0.000000000,0.000000000
point-0003133,6164.291825896,277.758858044,220.515504730,322.700000000,0.000000000,0.000000000
point-0003134,6166.678331300,281.736367050,220.515504730,322.700000000,0.000000000,0.000000000
point-0003135,6167.232341030,282.392167622,219.865504730,322.700000000,0.000000000,0.000000000
point-0003136,6169.618846368,278.414658725,219.865504730,322.700000000,0.000000000,0.000000000
point-0003137,6170.172856144,279.070459405,219.215504730,322.700000000,0.000000000,0.000000000
point-0003138,6172.559361418,283.047968195,219.215504730,322.700000000,0.000000000,0.000000000
point-0003139,6173.113371148,283.703768767,218.565504730,322.700000000,0.000000000,0.000000000
point-0003140,6175.499876357,279.726260086,218.565504730,322.700000000,0.000000000,0.000000000
point-0003141,6176.053886132,280.382060766,217.915504730,322.700000000,0.000000000,0.000000000
point-0003142,6178.440391277,284.359569340,217.915504730,322.700000000,0.000000000,0.000000000
point-0003143,6178.994401006,285.015369912,217.265504730,322.700000000,0.000000000,0.000000000
point-0003144,6181.380906086,281.037861446,217.265504730,322.700000000,0.000000000,0.000000000
point-0003145,6181.934915862,281.693662127,216.615504730,322.700000000,0.000000000,0.000000000
point-0003146,6184.321420876,285.671170484,216.615504730,322.700000000,0.000000000,0.000000000
point-0003147,6184.875430606,286.326971057,215.965504730,322.700000000,0.000000000,0.000000000
point-0003148,6187.261935556,282.349462807,215.965504730,322.700000000,0.000000000,0.000000000
point-0003149,6187.815945332,283.005263488,215.315504730,322.700000000,0.000000000,0.000000000
point-0003150,6190.202450217,286.982771629,215.315504730,322.700000000,0.000000000,0.000000000
point-0003151,6190.756459946,287.638572202,214.665504730,322.700000000,0.000000000,0.000000000
point-0003152,6193.142964767,283.661064168,214.665504730,322.700000000,0.000000000,0.000000000
point-0003153,6193.696974542,284.316864848,214.015504730,322.700000000,0.000000000,0.000000000
point-0003154,6196.083479298,288.294372774,214.015504730,322.700000000,0.000000000,0.000000000
point-0003155,6196.637489028,288.950173347,213.365504730,322.700000000,0.000000000,0.000000000
point-0003156,6199.023993718,284.972665529,213.365504730,322.700000000,0.000000000,0.000000000
point-0003157,6199.578003494,285.628466209,212.715504730,322.700000000,0.000000000,0.000000000
point-0003158,6201.964508120,289.605973919,212.715504730,322.700000000,0.000000000,0.000000000
point-0003159,6202.518517850,290.261774491,212.065504730,322.700000000,0.000000000,0.000000000
point-0003160,6204.905022411,286.284266890,212.065504730,322.700000000,0.000000000,0.000000000
point-0003161,6205.459032187,286.940067570,211.415504730,322.700000000,0.000000000,0.000000000
point-0003162,6207.845536683,290.917575064,211.415504730,322.700000000,0.000000000,0.000000000
point-0003163,6208.399546413,291.573375636,210.765504730,322.700000000,0.000000000,0.000000000
point-0003164,6210.786050844,287.595868250,210.765504730,322.700000000,0.000000000,0.000000000
point-0003165,6211.340060620,288.251668931,210.115504730,322.700000000,0.000000000,0.000000000
point-0003166,6213.726564986,292.229176209,210.115504730,322.700000000,0.000000000,0.000000000
point-0003167,6214.280574716,292.884976781,209.465504730,322.700000000,0.000000000,0.000000000
point-0003168,6216.667079018,288.907469611,209.465504730,322.700000000,0.000000000,0.000000000
point-0003169,6217.221088794,289.563270292,208.815504730,322.700000000,0.000000000,0.000000000
point-0003170,6219.171165915,292.813398827,208.815504730,322.700000000,0.000000000,0.000000000
point-0003171,6219.720275415,292.169148093,208.165504730,322.700000000,0.000000000,0.000000000
point-0003172,6220.890321688,290.219070972,208.165504730,322.700000000,0.000000000,0.000000000
point-0003173,6221.444331464,290.874871652,207.515504730,322.700000000,0.000000000,0.000000000
point-0003174,6221.834346888,291.524897360,207.515504730,322.700000000,0.000000000,0.000000000
point-0003175,6249.814195251,260.094948160,241.965504730,322.700000000,0.000000000,0.000000000
point-0003176,6251.694662425,256.960836203,241.965504730,322.700000000,0.000000000,0.000000000
point-0003177,6252.243775689,257.605095847,242.615504730,322.700000000,0.000000000,0.000000000
point-0003178,6253.344206733,259.439147588,242.615504730,322.700000000,0.000000000,0.000000000
point-0003179,6253.898216463,258.783347016,243.265504730,322.700000000,0.000000000,0.000000000
point-0003180,6254.218611377,258.249355492,243.265504730,322.700000000,0.000000000,0.000000000
point-0003181,6255.853922072,256.184881414,241.590275134,323.300000000,0.000000000,0.000000000
point-0003182,6285.494027642,291.543075928,207.091355376,323.300000000,0.000000000,0.000000000
point-0003183,6287.534027287,293.917487195,209.524905688,323.300000000,0.000000000,0.000000000
point-0003184,6316.885266865,258.903893741,243.687614533,323.300000000,0.000000000,0.000000000
point-0003185,6317.174118377,258.559295215,244.023793486,323.300000000,0.000000000,0.000000000
point-0003186,6319.214105360,256.184881414,241.590275134,323.300000000,0.000000000,0.000000000
point-0003187,6319.496662809,256.653115204,241.640587354,323.300000000,0.000000000,0.000000000
point-0003188,6321.848189150,260.572325771,241.640587354,323.300000000,0.000000000,0.000000000
point-0003189,6322.406643276,261.238515208,240.990587354,323.300000000,0.000000000,0.000000000
point-0003190,6324.812294912,257.229095815,240.990587354,323.300000000,0.000000000,0.000000000
point-0003191,6325.370749088,257.895285368,240.340587354,323.300000000,0.000000000,0.000000000
point-0003192,6327.776400654,261.904704644,240.340587354,323.300000000,0.000000000,0.000000000
point-0003193,6328.334854780,262.570894080,239.690587354,323.300000000,0.000000000,0.000000000
point-0003194,6330.740506276,258.561474920,239.690587354,323.300000000,0.000000000,0.000000000
point-0003195,6331.298960453,259.227664473,239.040587354,323.300000000,0.000000000,0.000000000
point-0003196,6333.704611879,263.237083516,239.040587354,323.300000000,0.000000000,0.000000000
point-0003197,6334.263066005,263.903272952,238.390587354,323.300000000,0.000000000,0.000000000
point-0003198,6336.668717361,259.893854026,238.390587354,323.300000000,0.000000000,0.000000000
point-0003199,6337.227171538,260.560043578,237.740587354,323.300000000,0.000000000,0.000000000
point-0003200,6339.632822824,264.569462389,237.740587354,323.300000000,0.000000000,0.000000000
point-0003201,6340.191276950,265.235651825,237.090587354,323.300000000,0.000000000,0.000000000
point-0003202,6342.596928167,261.226233131,237.090587354,323.300000000,0.000000000,0.000000000
point-0003203,6343.155382343,261.892422684,236.440587354,323.300000000,0.000000000,0.000000000
point-0003204,6345.561033490,265.901841261,236.440587354,323.300000000,0.000000000,0.000000000
point-0003205,6346.119487616,266.568030697,235.790587354,323.300000000,0.000000000,0.000000000
point-0003206,6348.525138693,262.558612236,235.790587354,323.300000000,0.000000000,0.000000000
point-0003207,6349.083592869,263.224801789,235.140587354,323.300000000,0.000000000,0.000000000
point-0003208,6351.489243876,267.234220133,235.140587354,323.300000000,0.000000000,0.000000000
point-0003209,6352.047698002,267.900409570,234.490587354,323.300000000,0.000000000,0.000000000
point-0003210,6354.453348939,263.890991341,234.490587354,323.300000000,0.000000000,0.000000000
point-0003211,6355.011803116,264.557180894,233.840587354,323.300000000,0.000000000,0.000000000
point-0003212,6357.417453983,268.566599006,233.840587354,323.300000000,0.000000000,0.000000000
point-0003213,6357.975908109,269.232788442,233.190587354,323.300000000,0.000000000,0.000000000
point-0003214,6360.381558906,265.223370447,233.190587354,323.300000000,0.000000000,0.000000000
point-0003215,6360.940013083,265.889559999,232.540587354,323.300000000,0.000000000,0.000000000
point-0003216,6363.345663810,269.898977878,232.540587354,323.300000000,0.000000000,0.000000000
point-0003217,6363.904117936,270.565167314,231.890587354,323.300000000,0.000000000,0.000000000
point-0003218,6366.309768594,266.555749552,231.890587354,323.300000000,0.000000000,0.000000000
point-0003219,6366.868222770,267.221939105,231.240587354,323.300000000,0.000000000,0.000000000
point-0003220,6369.273873358,271.231356751,231.240587354,323.300000000,0.000000000,0.000000000
point-0003221,6369.832327484,271.897546187,230.590587354,323.300000000,0.000000000,0.000000000
point-0003222,6372.237978002,267.888128657,230.590587354,323.300000000,0.000000000,0.000000000
point-0003223,6372.796432178,268.554318210,229.940587354,323.300000000,0.000000000,0.000000000
point-0003224,6375.202082626,272.563735623,229.940587354,323.300000000,0.000000000,0.000000000
point-0003225,6375.760536753,273.229925059,229.290587354,323.300000000,0.000000000,0.000000000
point-0003226,6378.166187130,269.220507763,229.290587354,323.300000000,0.000000000,0.000000000
point-0003227,6378.724641307,269.886697315,228.640587354,323.300000000,0.000000000,0.000000000
point-0003228,6381.130291615,273.896114495,228.640587354,323.300000000,0.000000000,0.000000000
point-0003229,6381.688745741,274.562303932,227.990587354,323.300000000,0.000000000,0.000000000
point-0003230,6384.094395980,270.552886868,227.990587354,323.300000000,0.000000000,0.000000000
point-0003231,6384.652850156,271.219076421,227.340587354,323.300000000,0.000000000,0.000000000
point-0003232,6387.058500324,275.228493368,227.340587354,323.300000000,0.000000000,0.000000000
point-0003233,6387.616954451,275.894682804,226.690587354,323.300000000,0.000000000,0.000000000
point-0003234,6390.022604549,271.885265973,226.690587354,323.300000000,0.000000000,0.000000000
point-0003235,6390.581058726,272.551455526,226.040587354,323.300000000,0.000000000,0.000000000
point-0003236,6392.986708754,276.560872240,226.040587354,323.300000000,0.000000000,0.000000000
point-0003237,6393.545162881,277.227061676,225.390587354,323.300000000,0.000000000,0.000000000
point-0003238,6395.950812839,273.217645079,225.390587354,323.300000000,0.000000000,0.000000000
point-0003239,6396.509267016,273.883834631,224.740587354,323.300000000,0.000000000,0.000000000
point-0003240,6398.914916905,277.893251113,224.740587354,323.300000000,0.000000000,0.000000000
point-0003241,6399.473371031,278.559440549,224.090587354,323.300000000,0.000000000,0.000000000
point-0003242,6401.879020850,274.550024184,224.090587354,323.300000000,0.000000000,0.000000000
point-0003243,6402.437475026,275.216213737,223.440587354,323.300000000,0.000000000,0.000000000
point-0003244,6404.843124776,279.225629985,223.440587354,323.300000000,0.000000000,0.000000000
point-0003245,6405.401578902,279.891819421,222.790587354,323.300000000,0.000000000,0.000000000
point-0003246,6407.807228581,275.882403289,222.790587354,323.300000000,0.000000000,0.000000000
point-0003247,6408.365682758,276.548592842,222.140587354,323.300000000,0.000000000,0.000000000
point-0003248,6410.771332367,280.558008857,222.140587354,323.300000000,0.000000000,0.000000000
point-0003249,6411.329786494,281.224198294,221.490587354,323.300000000,0.000000000,0.000000000
point-0003250,6413.735436033,277.214782394,221.490587354,323.300000000,0.000000000,0.000000000
point-0003251,6414.293890209,277.880971947,220.840587354,323.300000000,0.000000000,0.000000000
point-0003252,6416.699539679,281.890387730,220.840587354,323.300000000,0.000000000,0.000000000
point-0003253,6417.257993806,282.556577166,220.190587354,323.300000000,0.000000000,0.000000000
point-0003254,6419.663643205,278.547161500,220.190587354,323.300000000,0.000000000,0.000000000
point-0003255,6420.222097382,279.213351052,219.540587354,323.300000000,0.000000000,0.000000000
point-0003256,6422.627746712,283.222766602,219.540587354,323.300000000,0.000000000,0.000000000
point-0003257,6423.186200838,283.888956038,218.890587354,323.300000000,0.000000000,0.000000000
point-0003258,6425.591850098,279.879540605,218.890587354,323.300000000,0.000000000,0.000000000
point-0003259,6426.150304274,280.545730158,218.240587354,323.300000000,0.000000000,0.000000000
point-0003260,6428.555953465,284.555145475,218.240587354,323.300000000,0.000000000,0.000000000
point-0003261,6429.114407591,285.221334911,217.590587354,323.300000000,0.000000000,0.000000000
point-0003262,6431.520056711,281.211919710,217.590587354,323.300000000,0.000000000,0.000000000
point-0003263,6432.078510888,281.878109263,216.940587354,323.300000000,0.000000000,0.000000000
point-0003264,6434.484159938,285.887524347,216.940587354,323.300000000,0.000000000,0.000000000
point-0003265,6435.042614065,286.553713783,216.290587354,323.300000000,0.000000000,0.000000000
point-0003266,6437.448263045,282.544298816,216.290587354,323.300000000,0.000000000,0.000000000
point-0003267,6438.006717222,283.210488368,215.640587354,323.300000000,0.000000000,0.000000000
point-0003268,6440.412366132,287.219903219,215.640587354,323.300000000,0.000000000,0.000000000
point-0003269,6440.970820259,287.886092656,214.990587354,323.300000000,0.000000000,0.000000000
point-0003270,6443.376469100,283.876677921,214.990587354,323.300000000,0.000000000,0.000000000
point-0003271,6443.934923276,284.542867474,214.340587354,323.300000000,0.000000000,0.000000000
point-0003272,6446.340572047,288.552282092,214.340587354,323.300000000,0.000000000,0.000000000
point-0003273,6446.899026173,289.218471528,213.690587354,323.300000000,0.000000000,0.000000000
point-0003274,6449.304674874,285.209057026,213.690587354,323.300000000,0.000000000,0.000000000
point-0003275,6449.863129051,285.875246579,213.040587354,323.300000000,0.000000000,0.000000000
point-0003276,6452.268777682,289.884660964,213.040587354,323.300000000,0.000000000,0.000000000
point-0003277,6452.827231808,290.550850400,212.390587354,323.300000000,0.000000000,0.000000000
point-0003278,6455.232880370,286.541436132,212.390587354,323.300000000,0.000000000,0.000000000
point-0003279,6455.791334546,287.207625684,211.740587354,323.300000000,0.000000000,0.000000000
point-0003280,6458.196983038,291.217039837,211.740587354,323.300000000,0.000000000,0.000000000
point-0003281,6458.755437164,291.883229273,211.090587354,323.300000000,0.000000000,0.000000000
point-0003282,6461.161085586,287.873815237,211.090587354,323.300000000,0.000000000,0.000000000
point-0003283,6461.719539762,288.540004790,210.440587354,323.300000000,0.000000000,0.000000000
point-0003284,6464.125188114,292.549418709,210.440587354,323.300000000,0.000000000,0.000000000
point-0003285,6464.683642240,293.215608145,209.790587354,323.300000000,0.000000000,0.000000000
point-0003286,6467.089290522,289.206194342,209.790587354,323.300000000,0.000000000,0.000000000
point-0003287,6467.647744699,289.872383895,209.140587354,323.300000000,0.000000000,0.000000000
point-0003288,6469.598335016,293.123367757,209.140587354,323.300000000,0.000000000,0.000000000
point-0003289,6470.143217841,292.489163765,208.490587354,323.300000000,0.000000000,0.000000000
point-0003290,6471.313572032,290.538573447,208.490587354,323.300000000,0.000000000,0.000000000
point-0003291,6471.872026208,291.204763000,207.840587354,323.300000000,0.000000000,0.000000000
point-0003292,6472.262144272,291.854959773,207.840587354,323.300000000,0.000000000,0.000000000
point-0003293,6500.452758576,259.906136335,242.290587354,323.300000000,0.000000000,0.000000000
point-0003294,6502.024043456,257.287328202,242.290587354,323.300000000,0.000000000,0.000000000
point-0003295,6502.568930055,257.921541200,242.940587354,323.300000000,0.000000000,0.000000000
point-0003296,6503.359973474,259.239946899,242.940587354,323.300000000,0.000000000,0.000000000
point-0003297,6503.918434581,258.573741209,243.590587354,323.300000000,0.000000000,0.000000000
point-0003298,6503.929226787,258.555754198,243.590587354,323.300000000,0.000000000,0.000000000
point-0003299,6505.777177292,256.250141587,241.638654379,323.900000000,0.000000000,0.000000000
point-0003300,6535.417273432,291.875716962,207.415939549,323.900000000,0.000000000,0.000000000
point-0003301,6537.457272721,294.231118600,209.867892866,323.900000000,0.000000000,0.000000000
point-0003302,6566.808508046,258.952744141,243.757094749,323.900000000,0.000000000,0.000000000
point-0003303,6567.097354527,258.605546529,244.090576650,323.900000000,0.000000000,0.000000000
point-0003304,6569.137341757,256.250141587,241.638654379,323.900000000,0.000000000,0.000000000
point-0003305,6569.616932750,256.979751918,241.965118075,323.900000000,0.000000000,0.000000000
point-0003306,6571.660159474,260.385129790,241.965118075,323.900000000,0.000000000,0.000000000
point-0003307,6572.223120592,259.708485251,242.615118075,323.900000000,0.000000000,0.000000000
point-0003308,6573.485712530,257.604165354,242.615118075,323.900000000,0.000000000,0.000000000
point-0003309,6574.026509322,258.228578791,243.265118075,323.900000000,0.000000000,0.000000000
point-0003310,6574.508466474,259.031840712,243.265118075,323.900000000,0.000000000,0.000000000
point-0003311,6576.189538892,257.019997668,241.315118075,323.900000000,0.000000000,0.000000000
point-0003312,6578.614604889,261.061774330,241.315118075,323.900000000,0.000000000,0.000000000
point-0003313,6579.177566006,261.738418869,240.665118075,323.900000000,0.000000000,0.000000000
point-0003314,6581.602631931,257.696642329,240.665118075,323.900000000,0.000000000,0.000000000
point-0003315,6582.165593100,258.373286990,240.015118075,323.900000000,0.000000000,0.000000000
point-0003316,6584.590658952,262.415063409,240.015118075,323.900000000,0.000000000,0.000000000
point-0003317,6585.153620069,263.091707948,239.365118075,323.900000000,0.000000000,0.000000000
point-0003318,6587.578685848,259.049931650,239.365118075,323.900000000,0.000000000,0.000000000
point-0003319,6588.141647018,259.726576311,238.715118075,323.900000000,0.000000000,0.000000000
point-0003320,6590.566712723,263.768352487,238.715118075,323.900000000,0.000000000,0.000000000
point-0003321,6591.129673841,264.444997027,238.065118075,323.900000000,0.000000000,0.000000000
point-0003322,6593.554739474,260.403220972,238.065118075,323.900000000,0.000000000,0.000000000
point-0003323,6594.117700644,261.079865633,237.415118075,323.900000000,0.000000000,0.000000000
point-0003324,6596.542766204,265.121641566,237.415118075,323.900000000,0.000000000,0.000000000
point-0003325,6597.105727321,265.798286106,236.765118075,323.900000000,0.000000000,0.000000000
point-0003326,6599.530792809,261.756510293,236.765118075,323.900000000,0.000000000,0.000000000
point-0003327,6600.093753979,262.433154954,236.115118075,323.900000000,0.000000000,0.000000000
point-0003328,6602.518819393,266.474930645,236.115118075,323.900000000,0.000000000,0.000000000
point-0003329,6603.081780511,267.151575184,235.465118075,323.900000000,0.000000000,0.000000000
point-0003330,6605.506845853,263.109799615,235.465118075,323.900000000,0.000000000,0.000000000
point-0003331,6606.069807023,263.786444275,234.815118075,323.900000000,0.000000000,0.000000000
point-0003332,6608.494872292,267.828219724,234.815118075,323.900000000,0.000000000,0.000000000
point-0003333,6609.057833409,268.504864263,234.165118075,323.900000000,0.000000000,0.000000000
point-0003334,6611.482898606,264.463088936,234.165118075,323.900000000,0.000000000,0.000000000
point-0003335,6612.045859776,265.139733597,233.515118075,323.900000000,0.000000000,0.000000000
point-0003336,6614.470924899,269.181508802,233.515118075,323.900000000,0.000000000,0.000000000
point-0003337,6615.033886016,269.858153342,232.865118075,323.900000000,0.000000000,0.000000000
point-0003338,6617.458951067,265.816378257,232.865118075,323.900000000,0.000000000,0.000000000
point-0003339,6618.021912237,266.493022918,232.215118075,323.900000000,0.000000000,0.000000000
point-0003340,6620.446977215,270.534797881,232.215118075,323.900000000,0.000000000,0.000000000
point-0003341,6621.009938333,271.211442421,231.565118075,323.900000000,0.000000000,0.000000000
point-0003342,6623.435003238,267.169667579,231.565118075,323.900000000,0.000000000,0.000000000
point-0003343,6623.997964408,267.846312239,230.915118075,323.900000000,0.000000000,0.000000000
point-0003344,6626.423029240,271.888086960,230.915118075,323.900000000,0.000000000,0.000000000
point-0003345,6626.985990358,272.564731499,230.265118075,323.900000000,0.000000000,0.000000000
point-0003346,6629.411055117,268.522956900,230.265118075,323.900000000,0.000000000,0.000000000
point-0003347,6629.974016287,269.199601561,229.615118075,323.900000000,0.000000000,0.000000000
point-0003348,6632.399080974,273.241376039,229.615118075,323.900000000,0.000000000,0.000000000
point-0003349,6632.962042092,273.918020578,228.965118075,323.900000000,0.000000000,0.000000000
point-0003350,6635.387106706,269.876246221,228.965118075,323.900000000,0.000000000,0.000000000
point-0003351,6635.950067876,270.552890882,228.315118075,323.900000000,0.000000000,0.000000000
point-0003352,6638.375132417,274.594665118,228.315118075,323.900000000,0.000000000,0.000000000
point-0003353,6638.938093534,275.271309657,227.665118075,323.900000000,0.000000000,0.000000000
point-0003354,6641.363158003,271.229535543,227.665118075,323.900000000,0.000000000,0.000000000
point-0003355,6641.926119173,271.906180203,227.015118075,323.900000000,0.000000000,0.000000000
point-0003356,6644.351183569,275.947954196,227.015118075,323.900000000,0.000000000,0.000000000
point-0003357,6644.914144686,276.624598736,226.365118075,323.900000000,0.000000000,0.000000000
point-0003358,6647.339209009,272.582824864,226.365118075,323.900000000,0.000000000,0.000000000
point-0003359,6647.902170179,273.259469525,225.715118075,323.900000000,0.000000000,0.000000000
point-0003360,6650.327234429,277.301243275,225.715118075,323.900000000,0.000000000,0.000000000
point-0003361,6650.890195547,277.977887815,225.065118075,323.900000000,0.000000000,0.000000000
point-0003362,6653.315259724,273.936114185,225.065118075,323.900000000,0.000000000,0.000000000
point-0003363,6653.878220894,274.612758846,224.415118075,323.900000000,0.000000000,0.000000000
point-0003364,6656.303284999,278.654532354,224.415118075,323.900000000,0.000000000,0.000000000
point-0003365,6656.866246116,279.331176893,223.765118075,323.900000000,0.000000000,0.000000000
point-0003366,6659.291310148,275.289403507,223.765118075,323.900000000,0.000000000,0.000000000
point-0003367,6659.854271318,275.966048168,223.115118075,323.900000000,0.000000000,0.000000000
point-0003368,6662.279335277,280.007821433,223.115118075,323.900000000,0.000000000,0.000000000
point-0003369,6662.842296394,280.684465972,222.465118075,323.900000000,0.000000000,0.000000000
point-0003370,6665.267360281,276.642692828,222.465118075,323.900000000,0.000000000,0.000000000
point-0003371,6665.830321451,277.319337489,221.815118075,323.900000000,0.000000000,0.000000000
point-0003372,6668.255385264,281.361110511,221.815118075,323.900000000,0.000000000,0.000000000
point-0003373,6668.818346382,282.037755051,221.165118075,323.900000000,0.000000000,0.000000000
point-0003374,6671.243410123,277.995982150,221.165118075,323.900000000,0.000000000,0.000000000
point-0003375,6671.806371292,278.672626810,220.515118075,323.900000000,0.000000000,0.000000000
point-0003376,6674.231434960,282.714399590,220.515118075,323.900000000,0.000000000,0.000000000
point-0003377,6674.794396078,283.391044130,219.865118075,323.900000000,0.000000000,0.000000000
point-0003378,6677.219459673,279.349271471,219.865118075,323.900000000,0.000000000,0.000000000
point-0003379,6677.782420843,280.025916132,219.215118075,323.900000000,0.000000000,0.000000000
point-0003380,6680.207484365,284.067688669,219.215118075,323.900000000,0.000000000,0.000000000
point-0003381,6680.770445483,284.744333208,218.565118075,323.900000000,0.000000000,0.000000000
point-0003382,6683.195508933,280.702560792,218.565118075,323.900000000,0.000000000,0.000000000
point-0003383,6683.758470103,281.379205453,217.915118075,323.900000000,0.000000000,0.000000000
point-0003384,6686.183533479,285.420977748,217.915118075,323.900000000,0.000000000,0.000000000
point-0003385,6686.746494597,286.097622287,217.265118075,323.900000000,0.000000000,0.000000000
point-0003386,6689.171557901,282.055850114,217.265118075,323.900000000,0.000000000,0.000000000
point-0003387,6689.734519071,282.732494774,216.615118075,323.900000000,0.000000000,0.000000000
point-0003388,6692.159582302,286.774266827,216.615118075,323.900000000,0.000000000,0.000000000
point-0003389,6692.722543420,287.450911366,215.965118075,323.900000000,0.000000000,0.000000000
point-0003390,6695.147606578,283.409139435,215.965118075,323.900000000,0.000000000,0.000000000
point-0003391,6695.710567748,284.085784096,215.315118075,323.900000000,0.000000000,0.000000000
point-0003392,6698.135630834,288.127555905,215.315118075,323.900000000,0.000000000,0.000000000
point-0003393,6698.698591951,288.804200445,214.665118075,323.900000000,0.000000000,0.000000000
point-0003394,6701.123654964,284.762428756,214.665118075,323.900000000,0.000000000,0.000000000
point-0003395,6701.686616134,285.439073417,214.015118075,323.900000000,0.000000000,0.000000000
point-0003396,6704.111679075,289.480844984,214.015118075,323.900000000,0.000000000,0.000000000
point-0003397,6704.674640192,290.157489524,213.365118075,323.900000000,0.000000000,0.000000000
point-0003398,6707.099703060,286.115718078,213.365118075,323.900000000,0.000000000,0.000000000
point-0003399,6707.662664229,286.792362738,212.715118075,323.900000000,0.000000000,0.000000000
point-0003400,6710.087727024,290.834134063,212.715118075,323.900000000,0.000000000,0.000000000
point-0003401,6710.650688142,291.510778602,212.065118075,323.900000000,0.000000000,0.000000000
point-0003402,6713.075750863,287.469007399,212.065118075,323.900000000,0.000000000,0.000000000
point-0003403,6713.638712033,288.145652060,211.415118075,323.900000000,0.000000000,0.000000000
point-0003404,6716.063774683,292.187423142,211.415118075,323.900000000,0.000000000,0.000000000
point-0003405,6716.626735800,292.864067681,210.765118075,323.900000000,0.000000000,0.000000000
point-0003406,6719.051798376,288.822296720,210.765118075,323.900000000,0.000000000,0.000000000
point-0003407,6719.614759546,289.498941381,210.115118075,323.900000000,0.000000000,0.000000000
point-0003408,6722.039822050,293.540712220,210.115118075,323.900000000,0.000000000,0.000000000
point-0003409,6722.435620590,293.428209330,209.465118075,323.900000000,0.000000000,0.000000000
point-0003410,6724.387194563,290.175586042,209.465118075,323.900000000,0.000000000,0.000000000
point-0003411,6724.950155733,290.852230703,208.815118075,323.900000000,0.000000000,0.000000000
point-0003412,6726.121100117,292.803804676,208.815118075,323.900000000,0.000000000,0.000000000
point-0003413,6726.661893258,292.179400021,208.165118075,323.900000000,0.000000000,0.000000000
point-0003414,6727.052208053,291.528875363,208.165118075,323.900000000,0.000000000,0.000000000
point-0003415,6756.225661617,256.314380669,241.687041403,324.500000000,0.000000000,0.000000000
point-0003416,6785.865752405,292.202535455,207.739798574,324.500000000,0.000000000,0.000000000
point-0003417,6787.905751944,294.538978262,210.209824847,324.500000000,0.000000000,0.000000000
point-0003418,6817.256990663,259.000572802,243.826249394,324.500000000,0.000000000,0.000000000
point-0003419,6817.545828952,258.650827508,244.157038516,324.500000000,0.000000000,0.000000000
point-0003420,6819.585817443,256.314380669,241.687041403,324.500000000,0.000000000,0.000000000
point-0003421,6819.879720277,256.801847200,241.638898883,324.500000000,0.000000000,0.000000000
point-0003422,6822.324464924,260.876421613,241.638898883,324.500000000,0.000000000,0.000000000
point-0003423,6822.891994203,261.563584625,240.988898883,324.500000000,0.000000000,0.000000000
point-0003424,6825.336738776,257.489010336,240.988898883,324.500000000,0.000000000,0.000000000
point-0003425,6825.904268108,258.176173471,240.338898883,324.500000000,0.000000000,0.000000000
point-0003426,6828.349012608,262.250747637,240.338898883,324.500000000,0.000000000,0.000000000
point-0003427,6828.916541886,262.937910649,239.688898883,324.500000000,0.000000000,0.000000000
point-0003428,6831.361286311,258.863336607,239.688898883,324.500000000,0.000000000,0.000000000
point-0003429,6831.928815644,259.550499742,239.038898883,324.500000000,0.000000000,0.000000000
point-0003430,6834.373559995,263.625073661,239.038898883,324.500000000,0.000000000,0.000000000
point-0003431,6834.941089273,264.312236673,238.388898883,324.500000000,0.000000000,0.000000000
point-0003432,6837.385833551,260.237662878,238.388898883,324.500000000,0.000000000,0.000000000
point-0003433,6837.953362883,260.924826013,237.738898883,324.500000000,0.000000000,0.000000000
point-0003434,6840.398107086,264.999399685,237.738898883,324.500000000,0.000000000,0.000000000
point-0003435,6840.965636365,265.686562698,237.088898883,324.500000000,0.000000000,0.000000000
point-0003436,6843.410380494,261.611989149,237.088898883,324.500000000,0.000000000,0.000000000
point-0003437,6843.977909826,262.299152284,236.438898883,324.500000000,0.000000000,0.000000000
point-0003438,6846.422653882,266.373725710,236.438898883,324.500000000,0.000000000,0.000000000
point-0003439,6846.990183160,267.060888722,235.788898883,324.500000000,0.000000000,0.000000000
point-0003440,6849.434927142,262.986315419,235.788898883,324.500000000,0.000000000,0.000000000
point-0003441,6850.002456474,263.673478555,235.138898883,324.500000000,0.000000000,0.000000000
point-0003442,6852.447200381,267.748051734,235.138898883,324.500000000,0.000000000,0.000000000
point-0003443,6853.014729660,268.435214746,234.488898883,324.500000000,0.000000000,0.000000000
point-0003444,6855.459473493,264.360641690,234.488898883,324.500000000,0.000000000,0.000000000
point-0003445,6856.027002825,265.047804826,233.838898883,324.500000000,0.000000000,0.000000000
point-0003446,6858.471746585,269.122377758,233.838898883,324.500000000,0.000000000,0.000000000
point-0003447,6859.039275863,269.809540770,233.188898883,324.500000000,0.000000000,0.000000000
point-0003448,6861.484019549,265.734967961,233.188898883,324.500000000,0.000000000,0.000000000
point-0003449,6862.051548881,266.422131097,232.538898883,324.500000000,0.000000000,0.000000000
point-0003450,6864.496292492,270.496703782,232.538898883,324.500000000,0.000000000,0.000000000
point-0003451,6865.063821771,271.183866795,231.888898883,324.500000000,0.000000000,0.000000000
point-0003452,6867.508565308,267.109294232,231.888898883,324.500000000,0.000000000,0.000000000
point-0003453,6868.076094640,267.796457368,231.238898883,324.500000000,0.000000000,0.000000000
point-0003454,6870.520838104,271.871029807,231.238898883,324.500000000,0.000000000,0.000000000
point-0003455,6871.088367382,272.558192819,230.588898883,324.500000000,0.000000000,0.000000000
point-0003456,6873.533110772,268.483620503,230.588898883,324.500000000,0.000000000,0.000000000
point-0003457,6874.100640104,269.170783639,229.938898883,324.500000000,0.000000000,0.000000000
point-0003458,6876.545383419,273.245355831,229.938898883,324.500000000,0.000000000,0.000000000
point-0003459,6877.112912698,273.932518843,229.288898883,324.500000000,0.000000000,0.000000000
point-0003460,6879.557655939,269.857946774,229.288898883,324.500000000,0.000000000,0.000000000
point-0003461,6880.125185271,270.545109909,228.638898883,324.500000000,0.000000000,0.000000000
point-0003462,6882.569928439,274.619681855,228.638898883,324.500000000,0.000000000,0.000000000
point-0003463,6883.137457717,275.306844867,227.988898883,324.500000000,0.000000000,0.000000000
point-0003464,6885.582200811,271.232273045,227.988898883,324.500000000,0.000000000,0.000000000
point-0003465,6886.149730143,271.919436180,227.338898883,324.500000000,0.000000000,0.000000000
point-0003466,6888.594473162,275.994007879,227.338898883,324.500000000,0.000000000,0.000000000
point-0003467,6889.162002441,276.681170892,226.688898883,324.500000000,0.000000000,0.000000000
point-0003468,6891.606745386,272.606599316,226.688898883,324.500000000,0.000000000,0.000000000
point-0003469,6892.174274718,273.293762451,226.038898883,324.500000000,0.000000000,0.000000000
point-0003470,6894.619017590,277.368333904,226.038898883,324.500000000,0.000000000,0.000000000
point-0003471,6895.186546868,278.055496916,225.388898883,324.500000000,0.000000000,0.000000000
point-0003472,6897.631289666,273.980925587,225.388898883,324.500000000,0.000000000,0.000000000
point-0003473,6898.198818998,274.668088722,224.738898883,324.500000000,0.000000000,0.000000000
point-0003474,6900.643561722,278.742659928,224.738898883,324.500000000,0.000000000,0.000000000
point-0003475,6901.211091000,279.429822940,224.088898883,324.500000000,0.000000000,0.000000000
point-0003476,6903.655833649,275.355251858,224.088898883,324.500000000,0.000000000,0.000000000
point-0003477,6904.223362982,276.042414993,223.438898883,324.500000000,0.000000000,0.000000000
point-0003478,6906.668105557,280.116985952,223.438898883,324.500000000,0.000000000,0.000000000
point-0003479,6907.235634836,280.804148964,222.788898883,324.500000000,0.000000000,0.000000000
point-0003480,6909.680377337,276.729578128,222.788898883,324.500000000,0.000000000,0.000000000
point-0003481,6910.247906669,277.416741264,222.138898883,324.500000000,0.000000000,0.000000000
point-0003482,6912.692649097,281.491311976,222.138898883,324.500000000,0.000000000,0.000000000
point-0003483,6913.260178375,282.178474989,221.488898883,324.500000000,0.000000000,0.000000000
point-0003484,6915.704920729,278.103904399,221.488898883,324.500000000,0.000000000,0.000000000
point-0003485,6916.272450061,278.791067535,220.838898883,324.500000000,0.000000000,0.000000000
point-0003486,6918.717192341,282.865638001,220.838898883,324.500000000,0.000000000,0.000000000
point-0003487,6919.284721619,283.552801013,220.188898883,324.500000000,0.000000000,0.000000000
point-0003488,6921.729463825,279.478230670,220.188898883,324.500000000,0.000000000,0.000000000
point-0003489,6922.296993157,280.165393806,219.538898883,324.500000000,0.000000000,0.000000000
point-0003490,6924.741735288,284.239964025,219.538898883,324.500000000,0.000000000,0.000000000
point-0003491,6925.309264567,284.927127037,218.888898883,324.500000000,0.000000000,0.000000000
point-0003492,6927.754006624,280.852556941,218.888898883,324.500000000,0.000000000,0.000000000
point-0003493,6928.321535956,281.539720077,218.238898883,324.500000000,0.000000000,0.000000000
point-0003494,6930.766277940,285.614290049,218.238898883,324.500000000,0.000000000,0.000000000
point-0003495,6931.333807218,286.301453061,217.588898883,324.500000000,0.000000000,0.000000000
point-0003496,6933.778549128,282.226883212,217.588898883,324.500000000,0.000000000,0.000000000
point-0003497,6934.346078460,282.914046348,216.938898883,324.500000000,0.000000000,0.000000000
point-0003498,6936.790820296,286.988616073,216.938898883,324.500000000,0.000000000,0.000000000
point-0003499,6937.358349574,287.675779086,216.288898883,324.500000000,0.000000000,0.000000000
point-0003500,6939.803091336,283.601209483,216.288898883,324.500000000,0.000000000,0.000000000
point-0003501,6940.370620668,284.288372618,215.638898883,324.500000000,0.000000000,0.000000000
point-0003502,6942.815362356,288.362942098,215.638898883,324.500000000,0.000000000,0.000000000
point-0003503,6943.382891634,289.050105110,214.988898883,324.500000000,0.000000000,0.000000000
point-0003504,6945.827633248,284.975535754,214.988898883,324.500000000,0.000000000,0.000000000
point-0003505,6946.395162580,285.662698889,214.338898883,324.500000000,0.000000000,0.000000000
point-0003506,6948.839904119,289.737268122,214.338898883,324.500000000,0.000000000,0.000000000
point-0003507,6949.407433398,290.424431134,213.688898883,324.500000000,0.000000000,0.000000000
point-0003508,6951.852174863,286.349862025,213.688898883,324.500000000,0.000000000,0.000000000
point-0003509,6952.419704196,287.037025160,213.038898883,324.500000000,0.000000000,0.000000000
point-0003510,6954.864445587,291.111594146,213.038898883,324.500000000,0.000000000,0.000000000
point-0003511,6955.431974866,291.798757158,212.388898883,324.500000000,0.000000000,0.000000000
point-0003512,6957.876716183,287.724188296,212.388898883,324.500000000,0.000000000,0.000000000
point-0003513,6958.444245515,288.411351431,211.738898883,324.500000000,0.000000000,0.000000000
point-0003514,6960.888986759,292.485920170,211.738898883,324.500000000,0.000000000,0.000000000
point-0003515,6961.456516038,293.173083183,211.088898883,324.500000000,0.000000000,0.000000000
point-0003516,6963.901257207,289.098514567,211.088898883,324.500000000,0.000000000,0.000000000
point-0003517,6964.468786539,289.785677702,210.438898883,324.500000000,0.000000000,0.000000000
point-0003518,6966.913527635,293.860246195,210.438898883,324.500000000,0.000000000,0.000000000
point-0003519,6967.311533727,293.727865752,209.788898883,324.500000000,0.000000000,0.000000000
point-0003520,6969.264548676,290.472840837,209.788898883,324.500000000,0.000000000,0.000000000
point-0003521,6969.832078008,291.160003973,209.138898883,324.500000000,0.000000000,0.000000000
point-0003522,6971.003886977,293.113018922,209.138898883,324.500000000,0.000000000,0.000000000
point-0003523,6971.540723251,292.498172091,208.488898883,324.500000000,0.000000000,0.000000000
point-0003524,6971.931326241,291.847167108,208.488898883,324.500000000,0.000000000,0.000000000
point-0003525,6999.717631170,260.189258601,242.288898883,324.500000000,0.000000000,0.000000000
point-0003526,7001.453196369,257.296649935,242.288898883,324.500000000,0.000000000,0.000000000
point-0003527,7001.990036073,257.911505085,242.938898883,324.500000000,0.000000000,0.000000000
point-0003528,7002.944390376,259.502095588,242.938898883,324.500000000,0.000000000,0.000000000
point-0003529,7003.511919654,258.814932576,243.588898883,324.500000000,0.000000000,0.000000000
point-0003530,7003.685063059,258.526360235,243.588898883,324.500000000,0.000000000,0.000000000
point-0003531,7005.425340020,256.377585389,241.735403763,325.100000000,0.000000000,0.000000000
point-0003532,7035.065430845,292.523487451,208.062733539,325.100000000,0.000000000,0.000000000
point-0003533,7037.105431281,294.841033621,210.550500548,325.100000000,0.000000000,0.000000000
point-0003534,7066.456681484,259.047378561,243.895041213,325.100000000,0.000000000,0.000000000
point-0003535,7066.745509184,258.695136272,244.223144233,325.100000000,0.000000000,0.000000000
point-0003536,7068.785499896,256.377585389,241.735403763,325.100000000,0.000000000,0.000000000
point-0003537,7069.181991909,256.998438655,241.961731670,325.100000000,0.000000000,0.000000000
point-0003538,7071.392468599,260.682566473,241.961731670,325.100000000,0.000000000,0.000000000
point-0003539,7071.964625607,261.380308152,241.311731670,325.100000000,0.000000000,0.000000000
point-0003540,7074.429306326,257.272506954,241.311731670,325.100000000,0.000000000,0.000000000
point-0003541,7075.001463388,257.970248756,240.661731670,325.100000000,0.000000000,0.000000000
point-0003542,7077.466144033,262.078049831,240.661731670,325.100000000,0.000000000,0.000000000
point-0003543,7078.038301041,262.775791510,240.011731670,325.100000000,0.000000000,0.000000000
point-0003544,7080.502981612,258.667990559,240.011731670,325.100000000,0.000000000,0.000000000
point-0003545,7081.075138674,259.365732361,239.361731670,325.100000000,0.000000000,0.000000000
point-0003546,7083.539819171,263.473533189,239.361731670,325.100000000,0.000000000,0.000000000
point-0003547,7084.111976179,264.171274868,238.711731670,325.100000000,0.000000000,0.000000000
point-0003548,7086.576656602,260.063474163,238.711731670,325.100000000,0.000000000,0.000000000
point-0003549,7087.148813664,260.761215965,238.061731670,325.100000000,0.000000000,0.000000000
point-0003550,7089.613494013,264.869016547,238.061731670,325.100000000,0.000000000,0.000000000
point-0003551,7090.185651021,265.566758226,237.411731670,325.100000000,0.000000000,0.000000000
point-0003552,7092.650331296,261.458957768,237.411731670,325.100000000,0.000000000,0.000000000
point-0003553,7093.222488359,262.156699570,236.761731670,325.100000000,0.000000000,0.000000000
point-0003554,7095.687168559,266.264499905,236.761731670,325.100000000,0.000000000,0.000000000
point-0003555,7096.259325568,266.962241584,236.111731670,325.100000000,0.000000000,0.000000000
point-0003556,7098.724005695,262.854441372,236.111731670,325.100000000,0.000000000,0.000000000
point-0003557,7099.296162757,263.552183174,235.461731670,325.100000000,0.000000000,0.000000000
point-0003558,7101.760842810,267.659983263,235.461731670,325.100000000,0.000000000,0.000000000
point-0003559,7102.332999818,268.357724942,234.811731670,325.100000000,0.000000000,0.000000000
point-0003560,7104.797679797,264.249924977,234.811731670,325.100000000,0.000000000,0.000000000
point-0003561,7105.369836860,264.947666779,234.161731670,325.100000000,0.000000000,0.000000000
point-0003562,7107.834516765,269.055466621,234.161731670,325.100000000,0.000000000,0.000000000
point-0003563,7108.406673773,269.753208300,233.511731670,325.100000000,0.000000000,0.000000000
point-0003564,7110.871353604,265.645408581,233.511731670,325.100000000,0.000000000,0.000000000
point-0003565,7111.443510666,266.343150383,232.861731670,325.100000000,0.000000000,0.000000000
point-0003566,7113.908190423,270.450949979,232.861731670,325.100000000,0.000000000,0.000000000
point-0003567,7114.480347432,271.148691658,232.211731670,325.100000000,0.000000000,0.000000000
point-0003568,7116.945027115,267.040892186,232.211731670,325.100000000,0.000000000,0.000000000
point-0003569,7117.517184177,267.738633988,231.561731670,325.100000000,0.000000000,0.000000000
point-0003570,7119.981863787,271.846433337,231.561731670,325.100000000,0.000000000,0.000000000
point-0003571,7120.554020795,272.544175015,230.911731670,325.100000000,0.000000000,0.000000000
point-0003572,7123.018700330,268.436375790,230.911731670,325.100000000,0.000000000,0.000000000
point-0003573,7123.590857393,269.134117592,230.261731670,325.100000000,0.000000000,0.000000000
point-0003574,7126.055536854,273.241916694,230.261731670,325.100000000,0.000000000,0.000000000
point-0003575,7126.627693862,273.939658373,229.611731670,325.100000000,0.000000000,0.000000000
point-0003576,7129.092373249,269.831859395,229.611731670,325.100000000,0.000000000,0.000000000
point-0003577,7129.664530312,270.529601197,228.961731670,325.100000000,0.000000000,0.000000000
point-0003578,7132.129209625,274.637400052,228.961731670,325.100000000,0.000000000,0.000000000
point-0003579,7132.701366633,275.335141731,228.311731670,325.100000000,0.000000000,0.000000000
point-0003580,7135.166045873,271.227342999,228.311731670,325.100000000,0.000000000,0.000000000
point-0003581,7135.738202935,271.925084802,227.661731670,325.100000000,0.000000000,0.000000000
point-0003582,7138.202882101,276.032883410,227.661731670,325.100000000,0.000000000,0.000000000
point-0003583,7138.775039109,276.730625089,227.011731670,325.100000000,0.000000000,0.000000000
point-0003584,7141.239718200,272.622826604,227.011731670,325.100000000,0.000000000,0.000000000
point-0003585,7141.811875263,273.320568406,226.361731670,325.100000000,0.000000000,0.000000000
point-0003586,7144.276554280,277.428366768,226.361731670,325.100000000,0.000000000,0.000000000
point-0003587,7144.848711289,278.126108447,225.711731670,325.100000000,0.000000000,0.000000000
point-0003588,7147.313390232,274.018310208,225.711731670,325.100000000,0.000000000,0.000000000
point-0003589,7147.885547295,274.716052011,225.061731670,325.100000000,0.000000000,0.000000000
point-0003590,7150.350226164,278.823850126,225.061731670,325.100000000,0.000000000,0.000000000
point-0003591,7150.922383173,279.521591805,224.411731670,325.100000000,0.000000000,0.000000000
point-0003592,7153.387061968,275.413793813,224.411731670,325.100000000,0.000000000,0.000000000
point-0003593,7153.959219031,276.111535615,223.761731670,325.100000000,0.000000000,0.000000000
point-0003594,7156.423897752,280.219333484,223.761731670,325.100000000,0.000000000,0.000000000
point-0003595,7156.996054761,280.917075163,223.111731670,325.100000000,0.000000000,0.000000000
point-0003596,7159.460733408,276.809277417,223.111731670,325.100000000,0.000000000,0.000000000
point-0003597,7160.032890471,277.507019220,222.461731670,325.100000000,0.000000000,0.000000000
point-0003598,7162.497569044,281.614816842,222.461731670,325.100000000,0.000000000,0.000000000
point-0003599,7163.069726053,282.312558521,221.811731670,325.100000000,0.000000000,0.000000000
point-0003600,7165.534404553,278.204761022,221.811731670,325.100000000,0.000000000,0.000000000
point-0003601,7166.106561615,278.902502824,221.161731670,325.100000000,0.000000000,0.000000000
point-0003602,7168.571240041,283.010300200,221.161731670,325.100000000,0.000000000,0.000000000
point-0003603,7169.143397049,283.708041879,220.511731670,325.100000000,0.000000000,0.000000000
point-0003604,7171.608075401,279.600244626,220.511731670,325.100000000,0.000000000,0.000000000
point-0003605,7172.180232464,280.297986429,219.861731670,325.100000000,0.000000000,0.000000000
point-0003606,7174.644910741,284.405783558,219.861731670,325.100000000,0.000000000,0.000000000
point-0003607,7175.217067750,285.103525237,219.211731670,325.100000000,0.000000000,0.000000000
point-0003608,7177.681745954,280.995728231,219.211731670,325.100000000,0.000000000,0.000000000
point-0003609,7178.253903016,281.693470033,218.561731670,325.100000000,0.000000000,0.000000000
point-0003610,7180.718581146,285.801266916,218.561731670,325.100000000,0.000000000,0.000000000
point-0003611,7181.290738154,286.499008595,217.911731670,325.100000000,0.000000000,0.000000000
point-0003612,7183.755416210,282.391211835,217.911731670,325.100000000,0.000000000,0.000000000
point-0003613,7184.327573273,283.088953638,217.261731670,325.100000000,0.000000000,0.000000000
point-0003614,7186.792251255,287.196750274,217.261731670,325.100000000,0.000000000,0.000000000
point-0003615,7187.364408263,287.894491953,216.611731670,325.100000000,0.000000000,0.000000000
point-0003616,7189.829086171,283.786695440,216.611731670,325.100000000,0.000000000,0.000000000
point-0003617,7190.401243234,284.484437242,215.961731670,325.100000000,0.000000000,0.000000000
point-0003618,7192.865921068,288.592233632,215.961731670,325.100000000,0.000000000,0.000000000
point-0003619,7193.438078076,289.289975311,215.311731670,325.100000000,0.000000000,0.000000000
point-0003620,7195.902755837,285.182179044,215.311731670,325.100000000,0.000000000,0.000000000
point-0003621,7196.474912899,285.879920847,214.661731670,325.100000000,0.000000000,0.000000000
point-0003622,7198.939590585,289.987716990,214.661731670,325.100000000,0.000000000,0.000000000
point-0003623,7199.511747594,290.685458669,214.011731670,325.100000000,0.000000000,0.000000000
point-0003624,7201.976425206,286.577662649,214.011731670,325.100000000,0.000000000,0.000000000
point-0003625,7202.548582268,287.275404451,213.361731670,325.100000000,0.000000000,0.000000000
point-0003626,7205.013259807,291.383200348,213.361731670,325.100000000,0.000000000,0.000000000
point-0003627,7205.585416815,292.080942027,212.711731670,325.100000000,0.000000000,0.000000000
point-0003628,7208.050094279,287.973146253,212.711731670,325.100000000,0.000000000,0.000000000
point-0003629,7208.622251342,288.670888056,212.061731670,325.100000000,0.000000000,0.000000000
point-0003630,7211.086928732,292.778683706,212.061731670,325.100000000,0.000000000,0.000000000
point-0003631,7211.659085741,293.476425385,211.411731670,325.100000000,0.000000000,0.000000000
point-0003632,7214.123763057,289.368629858,211.411731670,325.100000000,0.000000000,0.000000000
point-0003633,7214.695920120,290.066371660,210.761731670,325.100000000,0.000000000,0.000000000
point-0003634,7217.160597362,294.174167064,210.761731670,325.100000000,0.000000000,0.000000000
point-0003635,7217.561103349,294.022280360,210.111731670,325.100000000,0.000000000,0.000000000
point-0003636,7219.516003487,290.764113462,210.111731670,325.100000000,0.000000000,0.000000000
point-0003637,7220.088160550,291.461855265,209.461731670,325.100000000,0.000000000,0.000000000
point-0003638,7221.261100633,293.416755403,209.461731670,325.100000000,0.000000000,0.000000000
point-0003639,7221.794108860,292.811230446,208.811731670,325.100000000,0.000000000,0.000000000
point-0003640,7222.185088888,292.159597067,208.811731670,325.100000000,0.000000000,0.000000000
point-0003641,7250.184305832,259.984824794,242.611731670,325.100000000,0.000000000,0.000000000
point-0003642,7251.612817927,257.603971303,242.611731670,325.100000000,0.000000000,0.000000000
point-0003643,7252.145829300,258.209503951,243.261731670,325.100000000,0.000000000,0.000000000
point-0003644,7252.792376798,259.287083115,243.261731670,325.100000000,0.000000000,0.000000000
point-0003645,7254.750611694,256.439742475,241.783708994,325.700000000,0.000000000,0.000000000
point-0003646,7284.390707514,292.838528992,208.384545555,325.700000000,0.000000000,0.000000000
point-0003647,7286.430709394,295.137252089,210.889718887,325.700000000,0.000000000,0.000000000
point-0003648,7315.781977894,259.093160241,243.963432939,325.700000000,0.000000000,0.000000000
point-0003649,7316.070793355,258.738470915,244.288858916,325.700000000,0.000000000,0.000000000
point-0003650,7318.110787053,256.439742475,241.783708994,325.700000000,0.000000000,0.000000000
point-0003651,7318.486289374,257.047266084,241.633418379,325.700000000,0.000000000,0.000000000
point-0003652,7320.971155924,261.188710334,241.633418379,325.700000000,0.000000000,0.000000000
point-0003653,7321.547998443,260.480333293,242.283418379,325.700000000,0.000000000,0.000000000
point-0003654,7323.452936590,257.305436382,242.283418379,325.700000000,0.000000000,0.000000000
point-0003655,7323.982244594,257.901877127,242.933418379,325.700000000,0.000000000,0.000000000
point-0003656,7325.104292068,259.771956251,242.933418379,325.700000000,0.000000000,0.000000000
point-0003657,7325.681134587,259.063579210,243.583418379,325.700000000,0.000000000,0.000000000
point-0003658,7326.020291391,258.498317872,243.583418379,325.700000000,0.000000000,0.000000000
point-0003659,7327.642685799,257.755643247,240.983418379,325.700000000,0.000000000,0.000000000
point-0003660,7330.127552276,261.897087375,240.983418379,325.700000000,0.000000000,0.000000000
point-0003661,7330.704394795,262.605464416,240.333418379,325.700000000,0.000000000,0.000000000
point-0003662,7333.189261199,258.464020410,240.333418379,325.700000000,0.000000000,0.000000000
point-0003663,7333.766103771,259.172397573,239.683418379,325.700000000,0.000000000,0.000000000
point-0003664,7336.250970102,263.313841457,239.683418379,325.700000000,0.000000000,0.000000000
point-0003665,7336.827812621,264.022218499,239.033418379,325.700000000,0.000000000,0.000000000
point-0003666,7339.312678879,259.880774736,239.033418379,325.700000000,0.000000000,0.000000000
point-0003667,7339.889521452,260.589151898,238.383418379,325.700000000,0.000000000,0.000000000
point-0003668,7342.374387637,264.730595540,238.383418379,325.700000000,0.000000000,0.000000000
point-0003669,7342.951230156,265.438972581,237.733418379,325.700000000,0.000000000,0.000000000
point-0003670,7345.436096268,261.297529061,237.733418379,325.700000000,0.000000000,0.000000000
point-0003671,7346.012938840,262.005906224,237.083418379,325.700000000,0.000000000,0.000000000
point-0003672,7348.497804879,266.147349622,237.083418379,325.700000000,0.000000000,0.000000000
point-0003673,7349.074647398,266.855726663,236.433418379,325.700000000,0.000000000,0.000000000
point-0003674,7351.559513364,262.714283387,236.433418379,325.700000000,0.000000000,0.000000000
point-0003675,7352.136355937,263.422660550,235.783418379,325.700000000,0.000000000,0.000000000
point-0003676,7354.621221829,267.564103705,235.783418379,325.700000000,0.000000000,0.000000000
point-0003677,7355.198064348,268.272480746,235.133418379,325.700000000,0.000000000,0.000000000
point-0003678,7357.682930168,264.131037713,235.133418379,325.700000000,0.000000000,0.000000000
point-0003679,7358.259772741,264.839414876,234.483418379,325.700000000,0.000000000,0.000000000
point-0003680,7360.744638487,268.980857787,234.483418379,325.700000000,0.000000000,0.000000000
point-0003681,7361.321481006,269.689234828,233.833418379,325.700000000,0.000000000,0.000000000
point-0003682,7363.806346680,265.547792039,233.833418379,325.700000000,0.000000000,0.000000000
point-0003683,7364.383189252,266.256169202,233.183418379,325.700000000,0.000000000,0.000000000
point-0003684,7366.868054853,270.397611869,233.183418379,325.700000000,0.000000000,0.000000000
point-0003685,7367.444897372,271.105988911,232.533418379,325.700000000,0.000000000,0.000000000
point-0003686,7369.929762899,266.964546365,232.533418379,325.700000000,0.000000000,0.000000000
point-0003687,7370.506605472,267.672923528,231.883418379,325.700000000,0.000000000,0.000000000
point-0003688,7372.991470926,271.814365952,231.883418379,325.700000000,0.000000000,0.000000000
point-0003689,7373.568313445,272.522742993,231.233418379,325.700000000,0.000000000,0.000000000
point-0003690,7376.053178827,268.381300691,231.233418379,325.700000000,0.000000000,0.000000000
point-0003691,7376.630021400,269.089677854,230.583418379,325.700000000,0.000000000,0.000000000
point-0003692,7379.114886708,273.231120034,230.583418379,325.700000000,0.000000000,0.000000000
point-0003693,7379.691729227,273.939497075,229.933418379,325.700000000,0.000000000,0.000000000
point-0003694,7382.176594462,269.798055017,229.933418379,325.700000000,0.000000000,0.000000000
point-0003695,7382.753437035,270.506432179,229.283418379,325.700000000,0.000000000,0.000000000
point-0003696,7385.238302197,274.647874117,229.283418379,325.700000000,0.000000000,0.000000000
point-0003697,7385.815144716,275.356251158,228.633418379,325.700000000,0.000000000,0.000000000
point-0003698,7388.300009805,271.214809342,228.633418379,325.700000000,0.000000000,0.000000000
point-0003699,7388.876852378,271.923186505,227.983418379,325.700000000,0.000000000,0.000000000
point-0003700,7391.361717394,276.064628199,227.983418379,325.700000000,0.000000000,0.000000000
point-0003701,7391.938559913,276.773005240,227.333418379,325.700000000,0.000000000,0.000000000
point-0003702,7394.423424856,272.631563668,227.333418379,325.700000000,0.000000000,0.000000000
point-0003703,7395.000267429,273.339940831,226.683418379,325.700000000,0.000000000,0.000000000
point-0003704,7397.485132299,277.481382281,226.683418379,325.700000000,0.000000000,0.000000000
point-0003705,7398.061974818,278.189759322,226.033418379,325.700000000,0.000000000,0.000000000
point-0003706,7400.546839615,274.048317994,226.033418379,325.700000000,0.000000000,0.000000000
point-0003707,7401.123682188,274.756695157,225.383418379,325.700000000,0.000000000,0.000000000
point-0003708,7403.608546912,278.898136364,225.383418379,325.700000000,0.000000000,0.000000000
point-0003709,7404.185389431,279.606513405,224.733418379,325.700000000,0.000000000,0.000000000
point-0003710,7406.670254082,275.465072320,224.733418379,325.700000000,0.000000000,0.000000000
point-0003711,7407.247096654,276.173449483,224.083418379,325.700000000,0.000000000,0.000000000
point-0003712,7409.731961232,280.314890446,224.083418379,325.700000000,0.000000000,0.000000000
point-0003713,7410.308803751,281.023267487,223.433418379,325.700000000,0.000000000,0.000000000
point-0003714,7412.793668256,276.881826646,223.433418379,325.700000000,0.000000000,0.000000000
point-0003715,7413.370510829,277.590203809,222.783418379,325.700000000,0.000000000,0.000000000
point-0003716,7415.855375261,281.731644528,222.783418379,325.700000000,0.000000000,0.000000000
point-0003717,7416.432217780,282.440021570,222.133418379,325.700000000,0.000000000,0.000000000
point-0003718,7418.917082138,278.298580972,222.133418379,325.700000000,0.000000000,0.000000000
point-0003719,7419.493924711,279.006958135,221.483418379,325.700000000,0.000000000,0.000000000
point-0003720,7421.978788997,283.148398611,221.483418379,325.700000000,0.000000000,0.000000000
point-0003721,7422.555631516,283.856775652,220.833418379,325.700000000,0.000000000,0.000000000
point-0003722,7425.040495728,279.715335298,220.833418379,325.700000000,0.000000000,0.000000000
point-0003723,7425.617338301,280.423712461,220.183418379,325.700000000,0.000000000,0.000000000
point-0003724,7428.102202441,284.565152693,220.183418379,325.700000000,0.000000000,0.000000000
point-0003725,7428.679044960,285.273529734,219.533418379,325.700000000,0.000000000,0.000000000
point-0003726,7431.163909026,281.132089623,219.533418379,325.700000000,0.000000000,0.000000000
point-0003727,7431.740751599,281.840466786,218.883418379,325.700000000,0.000000000,0.000000000
point-0003728,7434.225615593,285.981906776,218.883418379,325.700000000,0.000000000,0.000000000
point-0003729,7434.802458112,286.690283817,218.233418379,325.700000000,0.000000000,0.000000000
point-0003730,7437.287322032,282.548843949,218.233418379,325.700000000,0.000000000,0.000000000
point-0003731,7437.864164605,283.257221112,217.583418379,325.700000000,0.000000000,0.000000000
point-0003732,7440.349028452,287.398660858,217.583418379,325.700000000,0.000000000,0.000000000
point-0003733,7440.925870971,288.107037899,216.933418379,325.700000000,0.000000000,0.000000000
point-0003734,7443.410734745,283.965598275,216.933418379,325.700000000,0.000000000,0.000000000
point-0003735,7443.987577318,284.673975438,216.283418379,325.700000000,0.000000000,0.000000000
point-0003736,7446.472441020,288.815414940,216.283418379,325.700000000,0.000000000,0.000000000
point-0003737,7447.049283539,289.523791982,215.633418379,325.700000000,0.000000000,0.000000000
point-0003738,7449.534147167,285.382352601,215.633418379,325.700000000,0.000000000,0.000000000
point-0003739,7450.110989740,286.090729764,214.983418379,325.700000000,0.000000000,0.000000000
point-0003740,7452.595853295,290.232169023,214.983418379,325.700000000,0.000000000,0.000000000
point-0003741,7453.172695814,290.940546064,214.333418379,325.700000000,0.000000000,0.000000000
point-0003742,7455.657559296,286.799106927,214.333418379,325.700000000,0.000000000,0.000000000
point-0003743,7456.234401869,287.507484090,213.683418379,325.700000000,0.000000000,0.000000000
point-0003744,7458.719265278,291.648923105,213.683418379,325.700000000,0.000000000,0.000000000
point-0003745,7459.296107797,292.357300146,213.033418379,325.700000000,0.000000000,0.000000000
point-0003746,7461.780971133,288.215861253,213.033418379,325.700000000,0.000000000,0.000000000
point-0003747,7462.357813706,288.924238416,212.383418379,325.700000000,0.000000000,0.000000000
point-0003748,7464.842676969,293.065677187,212.383418379,325.700000000,0.000000000,0.000000000
point-0003749,7465.419519488,293.774054229,211.733418379,325.700000000,0.000000000,0.000000000
point-0003750,7467.904382678,289.632615579,211.733418379,325.700000000,0.000000000,0.000000000
point-0003751,7468.481225251,290.340992742,211.083418379,325.700000000,0.000000000,0.000000000
point-0003752,7470.966088368,294.482431270,211.083418379,325.700000000,0.000000000,0.000000000
point-0003753,7471.369363641,294.311397275,210.433418379,325.700000000,0.000000000,0.000000000
point-0003754,7473.326580063,291.049369905,210.433418379,325.700000000,0.000000000,0.000000000
point-0003755,7473.903422636,291.757747067,209.783418379,325.700000000,0.000000000,0.000000000
point-0003756,7475.077752489,293.714963490,209.783418379,325.700000000,0.000000000,0.000000000
point-0003757,7475.607057669,293.118529704,209.133418379,325.700000000,0.000000000,0.000000000
point-0003758,7475.998500953,292.466124230,209.133418379,325.700000000,0.000000000,0.000000000
point-0003759,7505.165253733,256.500838654,241.831924619,326.300000000,0.000000000,0.000000000
point-0003760,7534.805357362,293.147616121,208.705035760,326.300000000,0.000000000,0.000000000
point-0003761,7536.845360993,295.427601056,211.227278779,326.300000000,0.000000000,0.000000000
point-0003762,7566.196651640,259.137916654,244.031387296,326.300000000,0.000000000,0.000000000
point-0003763,7566.485453945,258.780829503,244.354147647,326.300000000,0.000000000,0.000000000
point-0003764,7568.525451058,256.500838654,241.831924619,326.300000000,0.000000000,0.000000000
point-0003765,7568.842711755,257.015378558,241.953761001,326.300000000,0.000000000,0.000000000
point-0003766,7571.226841057,260.988927395,241.953761001,326.300000000,0.000000000,0.000000000
point-0003767,7571.808424882,261.707992656,241.303761001,326.300000000,0.000000000,0.000000000
point-0003768,7574.313718010,257.532504109,241.303761001,326.300000000,0.000000000,0.000000000
point-0003769,7574.895301889,258.251569490,240.653761001,326.300000000,0.000000000,0.000000000
point-0003770,7577.400594945,262.427057917,240.653761001,326.300000000,0.000000000,0.000000000
point-0003771,7577.982178771,263.146123179,240.003761001,326.300000000,0.000000000,0.000000000
point-0003772,7580.487471756,258.970634870,240.003761001,326.300000000,0.000000000,0.000000000
point-0003773,7581.069055634,259.689700251,239.353761001,326.300000000,0.000000000,0.000000000
point-0003774,7583.574348548,263.865188440,239.353761001,326.300000000,0.000000000,0.000000000
point-0003775,7584.155932373,264.584253701,238.703761001,326.300000000,0.000000000,0.000000000
point-0003776,7586.661225215,260.408765631,238.703761001,326.300000000,0.000000000,0.000000000
point-0003777,7587.242809094,261.127831012,238.053761001,326.300000000,0.000000000,0.000000000
point-0003778,7589.748101864,265.303318962,238.053761001,326.300000000,0.000000000,0.000000000
point-0003779,7590.329685689,266.022384224,237.403761001,326.300000000,0.000000000,0.000000000
point-0003780,7592.834978388,261.846896392,237.403761001,326.300000000,0.000000000,0.000000000
point-0003781,7593.416562266,262.565961773,236.753761001,326.300000000,0.000000000,0.000000000
point-0003782,7595.921854894,266.741449485,236.753761001,326.300000000,0.000000000,0.000000000
point-0003783,7596.503438719,267.460514746,236.103761001,326.300000000,0.000000000,0.000000000
point-0003784,7599.008731275,263.285027154,236.103761001,326.300000000,0.000000000,0.000000000
point-0003785,7599.590315153,264.004092534,235.453761001,326.300000000,0.000000000,0.000000000
point-0003786,7602.095607637,268.179580007,235.453761001,326.300000000,0.000000000,0.000000000
point-0003787,7602.677191463,268.898645269,234.803761001,326.300000000,0.000000000,0.000000000
point-0003788,7605.182483875,264.723157915,234.803761001,326.300000000,0.000000000,0.000000000
point-0003789,7605.764067753,265.442223295,234.153761001,326.300000000,0.000000000,0.000000000
point-0003790,7608.269360094,269.617710530,234.153761001,326.300000000,0.000000000,0.000000000
point-0003791,7608.850943920,270.336775791,233.503761001,326.300000000,0.000000000,0.000000000
point-0003792,7611.356236189,266.161288676,233.503761001,326.300000000,0.000000000,0.000000000
point-0003793,7611.937820068,266.880354056,232.853761001,326.300000000,0.000000000,0.000000000
point-0003794,7614.443112265,271.055841052,232.853761001,326.300000000,0.000000000,0.000000000
point-0003795,7615.024696091,271.774906314,232.203761001,326.300000000,0.000000000,0.000000000
point-0003796,7617.529988217,267.599419437,232.203761001,326.300000000,0.000000000,0.000000000
point-0003797,7618.111572095,268.318484817,231.553761001,326.300000000,0.000000000,0.000000000
point-0003798,7620.616864150,272.493971575,231.553761001,326.300000000,0.000000000,0.000000000
point-0003799,7621.198447976,273.213036836,230.903761001,326.300000000,0.000000000,0.000000000
point-0003800,7623.703739959,269.037550198,230.903761001,326.300000000,0.000000000,0.000000000
point-0003801,7624.285323837,269.756615578,230.253761001,326.300000000,0.000000000,0.000000000
point-0003802,7626.790615749,273.932102098,230.253761001,326.300000000,0.000000000,0.000000000
point-0003803,7627.372199574,274.651167359,229.603761001,326.300000000,0.000000000,0.000000000
point-0003804,7629.877491414,270.475680959,229.603761001,326.300000000,0.000000000,0.000000000
point-0003805,7630.459075292,271.194746340,228.953761001,326.300000000,0.000000000,0.000000000
point-0003806,7632.964367061,275.370232620,228.953761001,326.300000000,0.000000000,0.000000000
point-0003807,7633.545950886,276.089297881,228.303761001,326.300000000,0.000000000,0.000000000
point-0003808,7636.051242583,271.913811720,228.303761001,326.300000000,0.000000000,0.000000000
point-0003809,7636.632826461,272.632877101,227.653761001,326.300000000,0.000000000,0.000000000
point-0003810,7639.138118087,276.808363143,227.653761001,326.300000000,0.000000000,0.000000000
point-0003811,7639.719701912,277.527428404,227.003761001,326.300000000,0.000000000,0.000000000
point-0003812,7642.224993466,273.351942481,227.003761001,326.300000000,0.000000000,0.000000000
point-0003813,7642.806577344,274.071007862,226.353761001,326.300000000,0.000000000,0.000000000
point-0003814,7645.311868826,278.246493665,226.353761001,326.300000000,0.000000000,0.000000000
point-0003815,7645.893452652,278.965558926,225.703761001,326.300000000,0.000000000,0.000000000
point-0003816,7648.398744062,274.790073242,225.703761001,326.300000000,0.000000000,0.000000000
point-0003817,7648.980327941,275.509138623,225.053761001,326.300000000,0.000000000,0.000000000
point-0003818,7651.485619280,279.684624188,225.053761001,326.300000000,0.000000000,0.000000000
point-0003819,7652.067203105,280.403689449,224.403761001,326.300000000,0.000000000,0.000000000
point-0003820,7654.572494373,276.228204003,224.403761001,326.300000000,0.000000000,0.000000000
point-0003821,7655.154078251,276.947269384,223.753761001,326.300000000,0.000000000,0.000000000
point-0003822,7657.659369447,281.122754710,223.753761001,326.300000000,0.000000000,0.000000000
point-0003823,7658.240953272,281.841819972,223.103761001,326.300000000,0.000000000,0.000000000
point-0003824,7660.746244397,277.666334764,223.103761001,326.300000000,0.000000000,0.000000000
point-0003825,7661.327828275,278.385400145,222.453761001,326.300000000,0.000000000,0.000000000
point-0003826,7663.833119328,282.560885233,222.453761001,326.300000000,0.000000000,0.000000000
point-0003827,7664.414703153,283.279950494,221.803761001,326.300000000,0.000000000,0.000000000
point-0003828,7666.919994134,279.104465526,221.803761001,326.300000000,0.000000000,0.000000000
point-0003829,7667.501578013,279.823530906,221.153761001,326.300000000,0.000000000,0.000000000
point-0003830,7670.006868922,283.999015755,221.153761001,326.300000000,0.000000000,0.000000000
point-0003831,7670.588452748,284.718081017,220.503761001,326.300000000,0.000000000,0.000000000
point-0003832,7673.093743586,280.542596287,220.503761001,326.300000000,0.000000000,0.000000000
point-0003833,7673.675327464,281.261661667,219.853761001,326.300000000,0.000000000,0.000000000
point-0003834,7676.180618231,285.437146278,219.853761001,326.300000000,0.000000000,0.000000000
point-0003835,7676.762202056,286.156211539,219.203761001,326.300000000,0.000000000,0.000000000
point-0003836,7679.267492751,281.980727048,219.203761001,326.300000000,0.000000000,0.000000000
point-0003837,7679.849076630,282.699792428,218.553761001,326.300000000,0.000000000,0.000000000
point-0003838,7682.354367253,286.875276800,218.553761001,326.300000000,0.000000000,0.000000000
point-0003839,7682.935951078,287.594342062,217.903761001,326.300000000,0.000000000,0.000000000
point-0003840,7685.441241630,283.418857809,217.903761001,326.300000000,0.000000000,0.000000000
point-0003841,7686.022825509,284.137923189,217.253761001,326.300000000,0.000000000,0.000000000
point-0003842,7688.528115989,288.313407323,217.253761001,326.300000000,0.000000000,0.000000000
point-0003843,7689.109699814,289.032472584,216.603761001,326.300000000,0.000000000,0.000000000
point-0003844,7691.614990223,284.856988570,216.603761001,326.300000000,0.000000000,0.000000000
point-0003845,7692.196574101,285.576053950,215.953761001,326.300000000,0.000000000,0.000000000
point-0003846,7694.701864438,289.751537845,215.953761001,326.300000000,0.000000000,0.000000000
point-0003847,7695.283448264,290.470603107,215.303761001,326.300000000,0.000000000,0.000000000
point-0003848,7697.788738529,286.295119331,215.303761001,326.300000000,0.000000000,0.000000000
point-0003849,7698.370322408,287.014184712,214.653761001,326.300000000,0.000000000,0.000000000
point-0003850,7700.875612602,291.189668368,214.653761001,326.300000000,0.000000000,0.000000000
point-0003851,7701.457196427,291.908733629,214.003761001,326.300000000,0.000000000,0.000000000
point-0003852,7703.962486549,287.733250092,214.003761001,326.300000000,0.000000000,0.000000000
point-0003853,7704.544070428,288.452315473,213.353761001,326.300000000,0.000000000,0.000000000
point-0003854,7707.049360479,292.627798891,213.353761001,326.300000000,0.000000000,0.000000000
point-0003855,7707.630944304,293.346864152,212.703761001,326.300000000,0.000000000,0.000000000
point-0003856,7710.136234283,289.171380853,212.703761001,326.300000000,0.000000000,0.000000000
point-0003857,7710.717818162,289.890446234,212.053761001,326.300000000,0.000000000,0.000000000
point-0003858,7713.223108069,294.065929413,212.053761001,326.300000000,0.000000000,0.000000000
point-0003859,7713.804691895,294.784994674,211.403761001,326.300000000,0.000000000,0.000000000
point-0003860,7716.309981731,290.609511614,211.403761001,326.300000000,0.000000000,0.000000000
point-0003861,7716.891565609,291.328576995,210.753761001,326.300000000,0.000000000,0.000000000
point-0003862,7718.851516228,294.595161359,210.753761001,326.300000000,0.000000000,0.000000000
point-0003863,7719.377239701,294.007592994,210.103761001,326.300000000,0.000000000,0.000000000
point-0003864,7720.553210072,292.047642375,210.103761001,326.300000000,0.000000000,0.000000000
point-0003865,7721.134793951,292.766707756,209.453761001,326.300000000,0.000000000,0.000000000
point-0003866,7721.526784074,293.420024629,209.453761001,326.300000000,0.000000000,0.000000000
point-0003867,7749.655560771,260.269862133,242.603761001,326.300000000,0.000000000,0.000000000
point-0003868,7751.255706189,257.602953104,242.603761001,326.300000000,0.000000000,0.000000000
point-0003869,7751.781432149,258.190527651,243.253761001,326.300000000,0.000000000,0.000000000
point-0003870,7752.597593682,259.550796872,243.253761001,326.300000000,0.000000000,0.000000000
point-0003871,7753.179181715,258.831722158,243.903761001,326.300000000,0.000000000,0.000000000
point-0003872,7753.211353691,258.778102197,243.903761001,326.300000000,0.000000000,0.000000000
point-0003873,7755.048147168,256.560860655,241.880018143,326.900000000,0.000000000,0.000000000
point-0003874,7784.688257607,293.450704877,209.024005313,326.900000000,0.000000000,0.000000000
point-0003875,7786.728262927,295.712047888,211.562979137,326.900000000,0.000000000,0.000000000
point-0003876,7816.079574964,259.181646599,244.098867001,326.900000000,0.000000000,0.000000000
point-0003877,7816.368363912,258.822210079,244.418975473,326.900000000,0.000000000,0.000000000
point-0003878,7818.408364400,256.560860655,241.880018143,326.900000000,0.000000000,0.000000000
point-0003879,7818.878545576,257.300996041,241.622561577,326.900000000,0.000000000,0.000000000
point-0003880,7821.404496202,261.510913751,241.622561577,326.900000000,0.000000000,0.000000000
point-0003881,7821.990874938,260.781111603,242.272561577,326.900000000,0.000000000,0.000000000
point-0003882,7824.072207822,257.312223464,242.272561577,326.900000000,0.000000000,0.000000000
point-0003883,7824.594469579,257.891152896,242.922561577,326.900000000,0.000000000,0.000000000
point-0003884,7825.890563515,260.051309455,242.922561577,326.900000000,0.000000000,0.000000000
point-0003885,7826.476942252,259.321507308,243.572561577,326.900000000,0.000000000,0.000000000
point-0003886,7826.987797239,258.470082328,243.572561577,326.900000000,0.000000000,0.000000000
point-0003887,7828.569906389,258.030798305,240.972561577,326.900000000,0.000000000,0.000000000
point-0003888,7831.095856945,262.240715898,240.972561577,326.900000000,0.000000000,0.000000000
point-0003889,7831.682235682,262.970518046,240.322561577,326.900000000,0.000000000,0.000000000
point-0003890,7834.208186168,258.760600569,240.322561577,326.900000000,0.000000000,0.000000000
point-0003891,7834.794564957,259.490402833,239.672561577,326.900000000,0.000000000,0.000000000
point-0003892,7837.320515373,263.700320194,239.672561577,326.900000000,0.000000000,0.000000000
point-0003893,7837.906894110,264.430122341,239.022561577,326.900000000,0.000000000,0.000000000
point-0003894,7840.432844456,260.220205097,239.022561577,326.900000000,0.000000000,0.000000000
point-0003895,7841.019223245,260.950007361,238.372561577,326.900000000,0.000000000,0.000000000
point-0003896,7843.545173522,265.159924489,238.372561577,326.900000000,0.000000000,0.000000000
point-0003897,7844.131552258,265.889726636,237.722561577,326.900000000,0.000000000,0.000000000
point-0003898,7846.657502465,261.679809625,237.722561577,326.900000000,0.000000000,0.000000000
point-0003899,7847.243881254,262.409611889,237.072561577,326.900000000,0.000000000,0.000000000
point-0003900,7849.769831391,266.619528784,237.072561577,326.900000000,0.000000000,0.000000000
point-0003901,7850.356210128,267.349330932,236.422561577,326.900000000,0.000000000,0.000000000
point-0003902,7852.882160196,263.139414153,236.422561577,326.900000000,0.000000000,0.000000000
point-0003903,7853.468538984,263.869216416,235.772561577,326.900000000,0.000000000,0.000000000
point-0003904,7855.994488982,268.079133079,235.772561577,326.900000000,0.000000000,0.000000000
point-0003905,7856.580867719,268.808935227,235.122561577,326.900000000,0.000000000,0.000000000
point-0003906,7859.106817647,264.599018680,235.122561577,326.900000000,0.000000000,0.000000000
point-0003907,7859.693196436,265.328820944,234.472561577,326.900000000,0.000000000,0.000000000
point-0003908,7862.219146294,269.538737374,234.472561577,326.900000000,0.000000000,0.000000000
point-0003909,7862.805525031,270.268539522,233.822561577,326.900000000,0.000000000,0.000000000
point-0003910,7865.331474819,266.058623208,233.822561577,326.900000000,0.000000000,0.000000000
point-0003911,7865.917853608,266.788425472,233.172561577,326.900000000,0.000000000,0.000000000
point-0003912,7868.443803326,270.998341670,233.172561577,326.900000000,0.000000000,0.000000000
point-0003913,7869.030182063,271.728143817,232.522561577,326.900000000,0.000000000,0.000000000
point-0003914,7871.556131712,267.518227736,232.522561577,326.900000000,0.000000000,0.000000000
point-0003915,7872.142510501,268.248030000,231.872561577,326.900000000,0.000000000,0.000000000
point-0003916,7874.668460080,272.457945965,231.872561577,326.900000000,0.000000000,0.000000000
point-0003917,7875.254838817,273.187748113,231.222561577,326.900000000,0.000000000,0.000000000
point-0003918,7877.780788326,268.977832264,231.222561577,326.900000000,0.000000000,0.000000000
point-0003919,7878.367167115,269.707634528,230.572561577,326.900000000,0.000000000,0.000000000
point-0003920,7880.893116554,273.917550260,230.572561577,326.900000000,0.000000000,0.000000000
point-0003921,7881.479495291,274.647352408,229.922561577,326.900000000,0.000000000,0.000000000
point-0003922,7884.005444661,270.437436792,229.922561577,326.900000000,0.000000000,0.000000000
point-0003923,7884.591823450,271.167239055,229.272561577,326.900000000,0.000000000,0.000000000
point-0003924,7887.117772750,275.377154555,229.272561577,326.900000000,0.000000000,0.000000000
point-0003925,7887.704151486,276.106956703,228.622561577,326.900000000,0.000000000,0.000000000
point-0003926,7890.230100717,271.897041319,228.622561577,326.900000000,0.000000000,0.000000000
point-0003927,7890.816479505,272.626843583,227.972561577,326.900000000,0.000000000,0.000000000
point-0003928,7893.342428666,276.836758851,227.972561577,326.900000000,0.000000000,0.000000000
point-0003929,7893.928807403,277.566560998,227.322561577,326.900000000,0.000000000,0.000000000
point-0003930,7896.454756493,273.356645847,227.322561577,326.900000000,0.000000000,0.000000000
point-0003931,7897.041135282,274.086448111,226.672561577,326.900000000,0.000000000,0.000000000
point-0003932,7899.567084303,278.296363146,226.672561577,326.900000000,0.000000000,0.000000000
point-0003933,7900.153463040,279.026165294,226.022561577,326.900000000,0.000000000,0.000000000
point-0003934,7902.679411991,274.816250375,226.022561577,326.900000000,0.000000000,0.000000000
point-0003935,7903.265790780,275.546052639,225.372561577,326.900000000,0.000000000,0.000000000
point-0003936,7905.791739661,279.755967441,225.372561577,326.900000000,0.000000000,0.000000000
point-0003937,7906.378118398,280.485769589,224.722561577,326.900000000,0.000000000,0.000000000
point-0003938,7908.904067210,276.275854903,224.722561577,326.900000000,0.000000000,0.000000000
point-0003939,7909.490445999,277.005657167,224.072561577,326.900000000,0.000000000,0.000000000
point-0003940,7912.016394740,281.215571736,224.072561577,326.900000000,0.000000000,0.000000000
point-0003941,7912.602773477,281.945373884,223.422561577,326.900000000,0.000000000,0.000000000
point-0003942,7915.128722149,277.735459431,223.422561577,326.900000000,0.000000000,0.000000000
point-0003943,7915.715100938,278.465261694,222.772561577,326.900000000,0.000000000,0.000000000
point-0003944,7918.241049540,282.675176032,222.772561577,326.900000000,0.000000000,0.000000000
point-0003945,7918.827428277,283.404978179,222.122561577,326.900000000,0.000000000,0.000000000
point-0003946,7921.353376810,279.195063958,222.122561577,326.900000000,0.000000000,0.000000000
point-0003947,7921.939755599,279.924866222,221.472561577,326.900000000,0.000000000,0.000000000
point-0003948,7924.465704061,284.134780327,221.472561577,326.900000000,0.000000000,0.000000000
point-0003949,7925.052082798,284.864582475,220.822561577,326.900000000,0.000000000,0.000000000
point-0003950,7927.578031191,280.654668486,220.822561577,326.900000000,0.000000000,0.000000000
point-0003951,7928.164409980,281.384470750,220.172561577,326.900000000,0.000000000,0.000000000
point-0003952,7930.690358303,285.594384622,220.172561577,326.900000000,0.000000000,0.000000000
point-0003953,7931.276737040,286.324186770,219.522561577,326.900000000,0.000000000,0.000000000
point-0003954,7933.802685294,282.114273014,219.522561577,326.900000000,0.000000000,0.000000000
point-0003955,7934.389064082,282.844075278,218.872561577,326.900000000,0.000000000,0.000000000
point-0003956,7936.915012266,287.053988917,218.872561577,326.900000000,0.000000000,0.000000000
point-0003957,7937.501391003,287.783791065,218.222561577,326.900000000,0.000000000,0.000000000
point-0003958,7940.027339117,283.573877542,218.222561577,326.900000000,0.000000000,0.000000000
point-0003959,7940.613717906,284.303679806,217.572561577,326.900000000,0.000000000,0.000000000
point-0003960,7943.139665950,288.513593213,217.572561577,326.900000000,0.000000000,0.000000000
point-0003961,7943.726044687,289.243395360,216.922561577,326.900000000,0.000000000,0.000000000
point-0003962,7946.251992661,285.033482069,216.922561577,326.900000000,0.000000000,0.000000000
point-0003963,7946.838371450,285.763284333,216.272561577,326.900000000,0.000000000,0.000000000
point-0003964,7949.364319355,289.973197508,216.272561577,326.900000000,0.000000000,0.000000000
point-0003965,7949.950698092,290.702999656,215.622561577,326.900000000,0.000000000,0.000000000
point-0003966,7952.476645926,286.493086597,215.622561577,326.900000000,0.000000000,0.000000000
point-0003967,7953.063024715,287.222888861,214.972561577,326.900000000,0.000000000,0.000000000
point-0003968,7955.588972480,291.432801803,214.972561577,326.900000000,0.000000000,0.000000000
point-0003969,7956.175351217,292.162603951,214.322561577,326.900000000,0.000000000,0.000000000
point-0003970,7958.701298913,287.952691125,214.322561577,326.900000000,0.000000000,0.000000000
point-0003971,7959.287677701,288.682493389,213.672561577,326.900000000,0.000000000,0.000000000
point-0003972,7961.813625327,292.892406098,213.672561577,326.900000000,0.000000000,0.000000000
point-0003973,7962.400004064,293.622208246,213.022561577,326.900000000,0.000000000,0.000000000
point-0003974,7964.925951620,289.412295653,213.022561577,326.900000000,0.000000000,0.000000000
point-0003975,7965.512330409,290.142097917,212.372561577,326.900000000,0.000000000,0.000000000
point-0003976,7968.038277895,294.352010394,212.372561577,326.900000000,0.000000000,0.000000000
point-0003977,7968.624656631,295.081812541,211.722561577,326.900000000,0.000000000,0.000000000
point-0003978,7971.150604048,290.871900181,211.722561577,326.900000000,0.000000000,0.000000000
point-0003979,7971.736982837,291.601702445,211.072561577,326.900000000,0.000000000,0.000000000
point-0003980,7973.700072277,294.873518178,211.072561577,326.900000000,0.000000000,0.000000000
point-0003981,7974.222331878,294.294594148,210.422561577,326.900000000,0.000000000,0.000000000
point-0003982,7975.400185542,292.331504708,210.422561577,326.900000000,0.000000000,0.000000000
point-0003983,7975.986564331,293.061306972,209.772561577,326.900000000,0.000000000,0.000000000
point-0003984,7976.379182219,293.715670119,209.772561577,326.900000000,0.000000000,0.000000000
point-0003985,8005.836881074,256.619795207,241.927957056,327.500000000,0.000000000,0.000000000
point-0003986,8035.476991892,293.747751294,209.341255399,327.500000000,0.000000000,0.000000000
point-0003987,8037.516998337,295.990559927,211.896618871,327.500000000,0.000000000,0.000000000
point-0003988,8066.868324801,259.224348864,244.165834761,327.500000000,0.000000000,0.000000000
point-0003989,8067.157100887,258.862610658,244.483307406,327.500000000,0.000000000,0.000000000
point-0003990,8069.197104113,256.619795207,241.927957056,327.500000000,0.000000000,0.000000000
point-0003991,8069.462100662,257.061302046,241.939622188,327.500000000,0.000000000,0.000000000
point-0003992,8072.008928511,261.306015128,241.939622188,327.500000000,0.000000000,0.000000000
point-0003993,8072.600153358,260.565431989,242.589622188,327.500000000,0.000000000,0.000000000
point-0003994,8074.379593881,257.599697784,242.589622188,327.500000000,0.000000000,0.000000000
point-0003995,8074.898505934,258.170198829,243.239622188,327.500000000,0.000000000,0.000000000
point-0003996,8075.891295947,259.824848850,243.239622188,327.500000000,0.000000000,0.000000000
point-0003997,8076.482520793,259.084265712,243.889622188,327.500000000,0.000000000,0.000000000
point-0003998,8076.688660296,258.740699873,243.889622188,327.500000000,0.000000000,0.000000000
point-0003999,8078.347242284,257.801885298,241.289622188,327.500000000,0.000000000,0.000000000
point-0004000,8080.894070065,262.046598267,241.289622188,327.500000000,0.000000000,0.000000000
point-0004001,8081.485294911,262.787181406,240.639622188,327.500000000,0.000000000,0.000000000
point-0004002,8084.032122625,258.542468550,240.639622188,327.500000000,0.000000000,0.000000000
point-0004003,8084.623347522,259.283051802,239.989622188,327.500000000,0.000000000,0.000000000
point-0004004,8087.170175167,263.527764545,239.989622188,327.500000000,0.000000000,0.000000000
point-0004005,8087.761400013,264.268347683,239.339622188,327.500000000,0.000000000,0.000000000
point-0004006,8090.308227591,260.023635054,239.339622188,327.500000000,0.000000000,0.000000000
point-0004007,8090.899452488,260.764218306,238.689622188,327.500000000,0.000000000,0.000000000
point-0004008,8093.446279998,265.008930822,238.689622188,327.500000000,0.000000000,0.000000000
point-0004009,8094.037504844,265.749513961,238.039622188,327.500000000,0.000000000,0.000000000
point-0004010,8096.584332286,261.504801558,238.039622188,327.500000000,0.000000000,0.000000000
point-0004011,8097.175557184,262.245384809,237.389622188,327.500000000,0.000000000,0.000000000
point-0004012,8099.722384558,266.490097100,237.389622188,327.500000000,0.000000000,0.000000000
point-0004013,8100.313609404,267.230680239,236.739622188,327.500000000,0.000000000,0.000000000
point-0004014,8102.860436711,262.985968061,236.739622188,327.500000000,0.000000000,0.000000000
point-0004015,8103.451661608,263.726551313,236.089622188,327.500000000,0.000000000,0.000000000
point-0004016,8105.998488846,267.971263377,236.089622188,327.500000000,0.000000000,0.000000000
point-0004017,8106.589713693,268.711846516,235.439622188,327.500000000,0.000000000,0.000000000
point-0004018,8109.136540863,264.467134565,235.439622188,327.500000000,0.000000000,0.000000000
point-0004019,8109.727765761,265.207717817,234.789622188,327.500000000,0.000000000,0.000000000
point-0004020,8112.274592863,269.452429655,234.789622188,327.500000000,0.000000000,0.000000000
point-0004021,8112.865817710,270.193012794,234.139622188,327.500000000,0.000000000,0.000000000
point-0004022,8115.412644745,265.948301069,234.139622188,327.500000000,0.000000000,0.000000000
point-0004023,8116.003869642,266.688884320,233.489622188,327.500000000,0.000000000,0.000000000
point-0004024,8118.550696609,270.933595933,233.489622188,327.500000000,0.000000000,0.000000000
point-0004025,8119.141921456,271.674179072,232.839622188,327.500000000,0.000000000,0.000000000
point-0004026,8121.688748355,267.429467572,232.839622188,327.500000000,0.000000000,0.000000000
point-0004027,8122.279973252,268.170050824,232.189622188,327.500000000,0.000000000,0.000000000
point-0004028,8124.826800084,272.414762210,232.189622188,327.500000000,0.000000000,0.000000000
point-0004029,8125.418024930,273.155345349,231.539622188,327.500000000,0.000000000,0.000000000
point-0004030,8127.964851694,268.910634076,231.539622188,327.500000000,0.000000000,0.000000000
point-0004031,8128.556076591,269.651217328,230.889622188,327.500000000,0.000000000,0.000000000
point-0004032,8131.102903287,273.895928488,230.889622188,327.500000000,0.000000000,0.000000000
point-0004033,8131.694128134,274.636511627,230.239622188,327.500000000,0.000000000,0.000000000
point-0004034,8134.240954762,270.391800580,230.239622188,327.500000000,0.000000000,0.000000000
point-0004035,8134.832179659,271.132383832,229.589622188,327.500000000,0.000000000,0.000000000
point-0004036,8137.379006220,275.377094766,229.589622188,327.500000000,0.000000000,0.000000000
point-0004037,8137.970231066,276.117677904,228.939622188,327.500000000,0.000000000,0.000000000
point-0004038,8140.517057559,271.872967083,228.939622188,327.500000000,0.000000000,0.000000000
point-0004039,8141.108282456,272.613550335,228.289622188,327.500000000,0.000000000,0.000000000
point-0004040,8143.655108881,276.858261043,228.289622188,327.500000000,0.000000000,0.000000000
point-0004041,8144.246333727,277.598844182,227.639622188,327.500000000,0.000000000,0.000000000
point-0004042,8146.793160084,273.354133587,227.639622188,327.500000000,0.000000000,0.000000000
point-0004043,8147.384384981,274.094716839,226.989622188,327.500000000,0.000000000,0.000000000
point-0004044,8149.931211270,278.339427321,226.989622188,327.500000000,0.000000000,0.000000000
point-0004045,8150.522436116,279.080010460,226.339622188,327.500000000,0.000000000,0.000000000
point-0004046,8153.069262338,274.835300091,226.339622188,327.500000000,0.000000000,0.000000000
point-0004047,8153.660487235,275.575883343,225.689622188,327.500000000,0.000000000,0.000000000
point-0004048,8156.207313389,279.820593599,225.689622188,327.500000000,0.000000000,0.000000000
point-0004049,8156.798538235,280.561176737,225.039622188,327.500000000,0.000000000,0.000000000
point-0004050,8159.345364321,276.316466594,225.039622188,327.500000000,0.000000000,0.000000000
point-0004051,8159.936589218,277.057049846,224.389622188,327.500000000,0.000000000,0.000000000
point-0004052,8162.483415236,281.301759876,224.389622188,327.500000000,0.000000000,0.000000000
point-0004053,8163.074640082,282.042343015,223.739622188,327.500000000,0.000000000,0.000000000
point-0004054,8165.621466032,277.797633098,223.739622188,327.500000000,0.000000000,0.000000000
point-0004055,8166.212690929,278.538216350,223.089622188,327.500000000,0.000000000,0.000000000
point-0004056,8168.759516812,282.782926154,223.089622188,327.500000000,0.000000000,0.000000000
point-0004057,8169.350741658,283.523509293,222.439622188,327.500000000,0.000000000,0.000000000
point-0004058,8171.897567472,279.278799602,222.439622188,327.500000000,0.000000000,0.000000000
point-0004059,8172.488792369,280.019382854,221.789622188,327.500000000,0.000000000,0.000000000
point-0004060,8175.035618116,284.264092432,221.789622188,327.500000000,0.000000000,0.000000000
point-0004061,8175.626842962,285.004675570,221.139622188,327.500000000,0.000000000,0.000000000
point-0004062,8178.173668641,280.759966106,221.139622188,327.500000000,0.000000000,0.000000000
point-0004063,8178.764893538,281.500549357,220.489622188,327.500000000,0.000000000,0.000000000
point-0004064,8181.311719150,285.745258709,220.489622188,327.500000000,0.000000000,0.000000000
point-0004065,8181.902943996,286.485841848,219.839622188,327.500000000,0.000000000,0.000000000
point-0004066,8184.449769539,282.241132609,219.839622188,327.500000000,0.000000000,0.000000000
point-0004067,8185.040994436,282.981715861,219.189622188,327.500000000,0.000000000,0.000000000
point-0004068,8187.587819912,287.226424987,219.189622188,327.500000000,0.000000000,0.000000000
point-0004069,8188.179044758,287.967008126,218.539622188,327.500000000,0.000000000,0.000000000
point-0004070,8190.725870165,283.722299113,218.539622188,327.500000000,0.000000000,0.000000000
point-0004071,8191.317095063,284.462882365,217.889622188,327.500000000,0.000000000,0.000000000
point-0004072,8193.863920402,288.707591264,217.889622188,327.500000000,0.000000000,0.000000000
point-0004073,8194.455145249,289.448174403,217.239622188,327.500000000,0.000000000,0.000000000
point-0004074,8197.001970521,285.203465617,217.239622188,327.500000000,0.000000000,0.000000000
point-0004075,8197.593195418,285.944048868,216.589622188,327.500000000,0.000000000,0.000000000
point-0004076,8200.140020622,290.188757542,216.589622188,327.500000000,0.000000000,0.000000000
point-0004077,8200.731245468,290.929340681,215.939622188,327.500000000,0.000000000,0.000000000
point-0004078,8203.278070605,286.684632120,215.939622188,327.500000000,0.000000000,0.000000000
point-0004079,8203.869295502,287.425215372,215.289622188,327.500000000,0.000000000,0.000000000
point-0004080,8206.416120570,291.669923820,215.289622188,327.500000000,0.000000000,0.000000000
point-0004081,8207.007345417,292.410506959,214.639622188,327.500000000,0.000000000,0.000000000
point-0004082,8209.554170417,288.165798624,214.639622188,327.500000000,0.000000000,0.000000000
point-0004083,8210.145395314,288.906381876,213.989622188,327.500000000,0.000000000,0.000000000
point-0004084,8212.692220247,293.151090097,213.989622188,327.500000000,0.000000000,0.000000000
point-0004085,8213.283445094,293.891673236,213.339622188,327.500000000,0.000000000,0.000000000
point-0004086,8215.830269959,289.646965128,213.339622188,327.500000000,0.000000000,0.000000000
point-0004087,8216.421494856,290.387548380,212.689622188,327.500000000,0.000000000,0.000000000
point-0004088,8218.968319653,294.632256375,212.689622188,327.500000000,0.000000000,0.000000000
point-0004089,8219.559544499,295.372839514,212.039622188,327.500000000,0.000000000,0.000000000
point-0004090,8222.106369229,291.128131631,212.039622188,327.500000000,0.000000000,0.000000000
point-0004091,8222.697594126,291.868714883,211.389622188,327.500000000,0.000000000,0.000000000
point-0004092,8224.664213574,295.146413964,211.389622188,327.500000000,0.000000000,0.000000000
point-0004093,8225.183123782,294.575917583,210.739622188,327.500000000,0.000000000,0.000000000
point-0004094,8226.363095450,292.609298135,210.739622188,327.500000000,0.000000000,0.000000000
point-0004095,8226.954320348,293.349881387,210.089622188,327.500000000,0.000000000,0.000000000
point-0004096,8227.347644237,294.005421203,210.089622188,327.500000000,0.000000000,0.000000000
point-0004097,8256.805423718,256.677629047,241.975708831,328.100000000,0.000000000,0.000000000
point-0004098,8286.445521487,294.038711438,209.656587217,328.100000000,0.000000000,0.000000000
point-0004099,8288.485527866,296.263104529,212.227996884,328.100000000,0.000000000,0.000000000
point-0004100,8317.836854056,259.266022234,244.232253272,328.100000000,0.000000000,0.000000000
point-0004101,8318.125618456,258.902029247,244.547108427,328.100000000,0.000000000,0.000000000
point-0004102,8320.165623056,256.677629047,241.975708831,328.100000000,0.000000000,0.000000000
point-0004103,8320.583463219,257.315682473,242.254744961,328.100000000,0.000000000,0.000000000
point-0004104,8322.850140755,261.093478367,242.254744961,328.100000000,0.000000000,0.000000000
point-0004105,8323.446260277,260.342075079,242.904744961,328.100000000,0.000000000,0.000000000
point-0004106,8324.924724675,257.877967749,242.904744961,328.100000000,0.000000000,0.000000000
point-0004107,8325.440398315,258.440253025,243.554744961,328.100000000,0.000000000,0.000000000
point-0004108,8326.130649575,259.590671791,243.554744961,328.100000000,0.000000000,0.000000000
point-0004109,8327.817677836,257.565027619,241.604744961,328.100000000,0.000000000,0.000000000
point-0004110,8330.385590258,261.844881656,241.604744961,328.100000000,0.000000000,0.000000000
point-0004111,8330.981709780,262.596284944,240.954744961,328.100000000,0.000000000,0.000000000
point-0004112,8333.549622136,258.316431017,240.954744961,328.100000000,0.000000000,0.000000000
point-0004113,8334.145741708,259.067834415,240.304744961,328.100000000,0.000000000,0.000000000
point-0004114,8336.713653999,263.347688232,240.304744961,328.100000000,0.000000000,0.000000000
point-0004115,8337.309773521,264.099091521,239.654744961,328.100000000,0.000000000,0.000000000
point-0004116,8339.877685746,259.819237813,239.654744961,328.100000000,0.000000000,0.000000000
point-0004117,8340.473805317,260.570641211,239.004744961,328.100000000,0.000000000,0.000000000
point-0004118,8343.041717476,264.850494809,239.004744961,328.100000000,0.000000000,0.000000000
point-0004119,8343.637836999,265.601898098,238.354744961,328.100000000,0.000000000,0.000000000
point-0004120,8346.205749092,261.322044609,238.354744961,328.100000000,0.000000000,0.000000000
point-0004121,8346.801868664,262.073448007,237.704744961,328.100000000,0.000000000,0.000000000
point-0004122,8349.369780691,266.353301386,237.704744961,328.100000000,0.000000000,0.000000000
point-0004123,8349.965900213,267.104704674,237.054744961,328.100000000,0.000000000,0.000000000
point-0004124,8352.533812175,262.824851405,237.054744961,328.100000000,0.000000000,0.000000000
point-0004125,8353.129931746,263.576254803,236.404744961,328.100000000,0.000000000,0.000000000
point-0004126,8355.697843642,267.856107963,236.404744961,328.100000000,0.000000000,0.000000000
point-0004127,8356.293963164,268.607511251,235.754744961,328.100000000,0.000000000,0.000000000
point-0004128,8358.861874994,264.327658201,235.754744961,328.100000000,0.000000000,0.000000000
point-0004129,8359.457994566,265.079061599,235.104744961,328.100000000,0.000000000,0.000000000
point-0004130,8362.025906330,269.358914539,235.104744961,328.100000000,0.000000000,0.000000000
point-0004131,8362.622025852,270.110317828,234.454744961,328.100000000,0.000000000,0.000000000
point-0004132,8365.189937551,265.830464997,234.454744961,328.100000000,0.000000000,0.000000000
point-0004133,8365.786057123,266.581868395,233.804744961,328.100000000,0.000000000,0.000000000
point-0004134,8368.353968755,270.861721116,233.804744961,328.100000000,0.000000000,0.000000000
point-0004135,8368.950088277,271.613124405,233.154744961,328.100000000,0.000000000,0.000000000
point-0004136,8371.517999844,267.333271793,233.154744961,328.100000000,0.000000000,0.000000000
point-0004137,8372.114119416,268.084675191,232.504744961,328.100000000,0.000000000,0.000000000
point-0004138,8374.682030917,272.364527693,232.504744961,328.100000000,0.000000000,0.000000000
point-0004139,8375.278150439,273.115930981,231.854744961,328.100000000,0.000000000,0.000000000
point-0004140,8377.846061874,268.836078589,231.854744961,328.100000000,0.000000000,0.000000000
point-0004141,8378.442181446,269.587481987,231.204744961,328.100000000,0.000000000,0.000000000
point-0004142,8381.010092815,273.867334270,231.204744961,328.100000000,0.000000000,0.000000000
point-0004143,8381.606212337,274.618737558,230.554744961,328.100000000,0.000000000,0.000000000
point-0004144,8384.174123641,270.338885386,230.554744961,328.100000000,0.000000000,0.000000000
point-0004145,8384.770243213,271.090288784,229.904744961,328.100000000,0.000000000,0.000000000
point-0004146,8387.338154450,275.370140846,229.904744961,328.100000000,0.000000000,0.000000000
point-0004147,8387.934273972,276.121544135,229.254744961,328.100000000,0.000000000,0.000000000
point-0004148,8390.502185144,271.841692182,229.254744961,328.100000000,0.000000000,0.000000000
point-0004149,8391.098304716,272.593095580,228.604744961,328.100000000,0.000000000,0.000000000
point-0004150,8393.666215822,276.872947423,228.604744961,328.100000000,0.000000000,0.000000000
point-0004151,8394.262335344,277.624350711,227.954744961,328.100000000,0.000000000,0.000000000
point-0004152,8396.830246384,273.344498978,227.954744961,328.100000000,0.000000000,0.000000000
point-0004153,8397.426365956,274.095902376,227.304744961,328.100000000,0.000000000,0.000000000
point-0004154,8399.994276931,278.375754000,227.304744961,328.100000000,0.000000000,0.000000000
point-0004155,8400.590396453,279.127157288,226.654744961,328.100000000,0.000000000,0.000000000
point-0004156,8403.158307362,274.847305774,226.654744961,328.100000000,0.000000000,0.000000000
point-0004157,8403.754426933,275.598709172,226.004744961,328.100000000,0.000000000,0.000000000
point-0004158,8406.322337776,279.878560577,226.004744961,328.100000000,0.000000000,0.000000000
point-0004159,8406.918457298,280.629963865,225.354744961,328.100000000,0.000000000,0.000000000
point-0004160,8409.486368075,276.350112570,225.354744961,328.100000000,0.000000000,0.000000000
point-0004161,8410.082487647,277.101515968,224.704744961,328.100000000,0.000000000,0.000000000
point-0004162,8412.650398359,281.381367153,224.704744961,328.100000000,0.000000000,0.000000000
point-0004163,8413.246517881,282.132770442,224.054744961,328.100000000,0.000000000,0.000000000
point-0004164,8415.814428526,277.852919366,224.054744961,328.100000000,0.000000000,0.000000000
point-0004165,8416.410548098,278.604322764,223.404744961,328.100000000,0.000000000,0.000000000
point-0004166,8418.978458678,282.884173730,223.404744961,328.100000000,0.000000000,0.000000000
point-0004167,8419.574578200,283.635577018,222.754744961,328.100000000,0.000000000,0.000000000
point-0004168,8422.142488713,279.355726162,222.754744961,328.100000000,0.000000000,0.000000000
point-0004169,8422.738608285,280.107129560,222.104744961,328.100000000,0.000000000,0.000000000
point-0004170,8425.306518733,284.386980307,222.104744961,328.100000000,0.000000000,0.000000000
point-0004171,8425.902638255,285.138383595,221.454744961,328.100000000,0.000000000,0.000000000
point-0004172,8428.470548638,280.858532958,221.454744961,328.100000000,0.000000000,0.000000000
point-0004173,8429.066668209,281.609936356,220.804744961,328.100000000,0.000000000,0.000000000
point-0004174,8431.634578526,285.889786884,220.804744961,328.100000000,0.000000000,0.000000000
point-0004175,8432.230698048,286.641190172,220.154744961,328.100000000,0.000000000,0.000000000
point-0004176,8434.798608299,282.361339754,220.154744961,328.100000000,0.000000000,0.000000000
point-0004177,8435.394727870,283.112743152,219.504744961,328.100000000,0.000000000,0.000000000
point-0004178,8437.962638055,287.392593460,219.504744961,328.100000000,0.000000000,0.000000000
point-0004179,8438.558757577,288.143996749,218.854744961,328.100000000,0.000000000,0.000000000
point-0004180,8441.126667696,283.864146550,218.854744961,328.100000000,0.000000000,0.000000000
point-0004181,8441.722787268,284.615549948,218.204744961,328.100000000,0.000000000,0.000000000
point-0004182,8444.290697321,288.895400037,218.204744961,328.100000000,0.000000000,0.000000000
point-0004183,8444.886816843,289.646803325,217.554744961,328.100000000,0.000000000,0.000000000
point-0004184,8447.454726831,285.366953347,217.554744961,328.100000000,0.000000000,0.000000000
point-0004185,8448.050846403,286.118356745,216.904744961,328.100000000,0.000000000,0.000000000
point-0004186,8450.618756324,290.398206614,216.904744961,328.100000000,0.000000000,0.000000000
point-0004187,8451.214875846,291.149609902,216.254744961,328.100000000,0.000000000,0.000000000
point-0004188,8453.782785702,286.869760143,216.254744961,328.100000000,0.000000000,0.000000000
point-0004189,8454.378905274,287.621163541,215.604744961,328.100000000,0.000000000,0.000000000
point-0004190,8456.946815064,291.901013191,215.604744961,328.100000000,0.000000000,0.000000000
point-0004191,8457.542934586,292.652416479,214.954744961,328.100000000,0.000000000,0.000000000
point-0004192,8460.110844310,288.372566939,214.954744961,328.100000000,0.000000000,0.000000000
point-0004193,8460.706963882,289.123970337,214.304744961,328.100000000,0.000000000,0.000000000
point-0004194,8463.274873540,293.403819767,214.304744961,328.100000000,0.000000000,0.000000000
point-0004195,8463.870993062,294.155223056,213.654744961,328.100000000,0.000000000,0.000000000
point-0004196,8466.438902655,289.875373735,213.654744961,328.100000000,0.000000000,0.000000000
point-0004197,8467.035022227,290.626777133,213.004744961,328.100000000,0.000000000,0.000000000
point-0004198,8469.602931753,294.906626344,213.004744961,328.100000000,0.000000000,0.000000000
point-0004199,8470.199051275,295.658029632,212.354744961,328.100000000,0.000000000,0.000000000
point-0004200,8472.766960736,291.378180531,212.354744961,328.100000000,0.000000000,0.000000000
point-0004201,8473.363080308,292.129583929,211.704744961,328.100000000,0.000000000,0.000000000
point-0004202,8475.333607320,295.413795615,211.704744961,328.100000000,0.000000000,0.000000000
point-0004203,8475.849279390,294.851514339,211.054744961,328.100000000,0.000000000,0.000000000
point-0004204,8477.031595597,292.880987327,211.054744961,328.100000000,0.000000000,0.000000000
point-0004205,8477.627715169,293.632390725,210.404744961,328.100000000,0.000000000,0.000000000
point-0004206,8478.021820571,294.289233062,210.404744961,328.100000000,0.000000000,0.000000000
point-0004207,8507.479672184,256.734351173,242.023240178,328.700000000,0.000000000,0.000000000
point-0004208,8537.119739404,294.323553026,209.969800849,328.700000000,0.000000000,0.000000000
point-0004209,8539.159744155,296.529660788,212.556911668,328.700000000,0.000000000,0.000000000
point-0004210,8568.511050773,259.306667630,244.298085468,328.700000000,0.000000000,0.000000000
point-0004211,8568.799805149,258.940466203,244.610343529,328.700000000,0.000000000,0.000000000
point-0004212,8570.839809320,256.734351173,242.023240178,328.700000000,0.000000000,0.000000000
point-0004213,8571.197118174,257.320444699,241.917730915,328.700000000,0.000000000,0.000000000
point-0004214,8573.786310043,261.635764480,241.917730915,328.700000000,0.000000000,0.000000000
point-0004215,8574.387370023,262.398021909,241.267730915,328.700000000,0.000000000,0.000000000
point-0004216,8576.976561828,258.082702235,241.267730915,328.700000000,0.000000000,0.000000000
point-0004217,8577.577621857,258.844959771,240.617730915,328.700000000,0.000000000,0.000000000
point-0004218,8580.166813597,263.160279339,240.617730915,328.700000000,0.000000000,0.000000000
point-0004219,8580.767873578,263.922536769,239.967730915,328.700000000,0.000000000,0.000000000
point-0004220,8583.357065255,259.607217307,239.967730915,328.700000000,0.000000000,0.000000000
point-0004221,8583.958125284,260.369474843,239.317730915,328.700000000,0.000000000,0.000000000
point-0004222,8586.547316897,264.684794198,239.317730915,328.700000000,0.000000000,0.000000000
point-0004223,8587.148376878,265.447051628,238.667730915,328.700000000,0.000000000,0.000000000
point-0004224,8589.737568427,261.131732378,238.667730915,328.700000000,0.000000000,0.000000000
point-0004225,8590.338628456,261.893989914,238.017730915,328.700000000,0.000000000,0.000000000
point-0004226,8592.927819942,266.209309057,238.017730915,328.700000000,0.000000000,0.000000000
point-0004227,8593.528879923,266.971566487,237.367730915,328.700000000,0.000000000,0.000000000
point-0004228,8596.118071345,262.656247450,237.367730915,328.700000000,0.000000000,0.000000000
point-0004229,8596.719131374,263.418504986,236.717730915,328.700000000,0.000000000,0.000000000
point-0004230,8599.308322732,267.733823917,236.717730915,328.700000000,0.000000000,0.000000000
point-0004231,8599.909382713,268.496081346,236.067730915,328.700000000,0.000000000,0.000000000
point-0004232,8602.498574007,264.180762522,236.067730915,328.700000000,0.000000000,0.000000000
point-0004233,8603.099634036,264.943020058,235.417730915,328.700000000,0.000000000,0.000000000
point-0004234,8605.688825267,269.258338776,235.417730915,328.700000000,0.000000000,0.000000000
point-0004235,8606.289885248,270.020596205,234.767730915,328.700000000,0.000000000,0.000000000
point-0004236,8608.879076415,265.705277593,234.767730915,328.700000000,0.000000000,0.000000000
point-0004237,8609.480136444,266.467535129,234.117730915,328.700000000,0.000000000,0.000000000
point-0004238,8612.069327547,270.782853635,234.117730915,328.700000000,0.000000000,0.000000000
point-0004239,8612.670387528,271.545111065,233.467730915,328.700000000,0.000000000,0.000000000
point-0004240,8615.259578568,267.229792665,233.467730915,328.700000000,0.000000000,0.000000000
point-0004241,8615.860638596,267.992050201,232.817730915,328.700000000,0.000000000,0.000000000
point-0004242,8618.449829572,272.307368494,232.817730915,328.700000000,0.000000000,0.000000000
point-0004243,8619.050889553,273.069625924,232.167730915,328.700000000,0.000000000,0.000000000
point-0004244,8621.640080465,268.754307737,232.167730915,328.700000000,0.000000000,0.000000000
point-0004245,8622.241140494,269.516565273,231.517730915,328.700000000,0.000000000,0.000000000
point-0004246,8624.830331343,273.831883354,231.517730915,328.700000000,0.000000000,0.000000000
point-0004247,8625.431391323,274.594140783,230.867730915,328.700000000,0.000000000,0.000000000
point-0004248,8628.020582108,270.278822808,230.867730915,328.700000000,0.000000000,0.000000000
point-0004249,8628.621642137,271.041080344,230.217730915,328.700000000,0.000000000,0.000000000
point-0004250,8631.210832858,275.356398213,230.217730915,328.700000000,0.000000000,0.000000000
point-0004251,8631.811892838,276.118655642,229.567730915,328.700000000,0.000000000,0.000000000
point-0004252,8634.401083496,271.803337880,229.567730915,328.700000000,0.000000000,0.000000000
point-0004253,8635.002143524,272.565595416,228.917730915,328.700000000,0.000000000,0.000000000
point-0004254,8637.591334118,276.880913072,228.917730915,328.700000000,0.000000000,0.000000000
point-0004255,8638.192394098,277.643170502,228.267730915,328.700000000,0.000000000,0.000000000
point-0004256,8640.781584628,273.327852952,228.267730915,328.700000000,0.000000000,0.000000000
point-0004257,8641.382644657,274.090110488,227.617730915,328.700000000,0.000000000,0.000000000
point-0004258,8643.971835123,278.405427931,227.617730915,328.700000000,0.000000000,0.000000000
point-0004259,8644.572895104,279.167685361,226.967730915,328.700000000,0.000000000,0.000000000
point-0004260,8647.162085506,274.852368023,226.967730915,328.700000000,0.000000000,0.000000000
point-0004261,8647.763145535,275.614625559,226.317730915,328.700000000,0.000000000,0.000000000
point-0004262,8650.352335874,279.929942790,226.317730915,328.700000000,0.000000000,0.000000000
point-0004263,8650.953395854,280.692200220,225.667730915,328.700000000,0.000000000,0.000000000
point-0004264,8653.542586129,276.376883095,225.667730915,328.700000000,0.000000000,0.000000000
point-0004265,8654.143646158,277.139140631,225.017730915,328.700000000,0.000000000,0.000000000
point-0004266,8656.732836369,281.454457650,225.017730915,328.700000000,0.000000000,0.000000000
point-0004267,8657.333896349,282.216715079,224.367730915,328.700000000,0.000000000,0.000000000
point-0004268,8659.923086497,277.901398167,224.367730915,328.700000000,0.000000000,0.000000000
point-0004269,8660.524146526,278.663655703,223.717730915,328.700000000,0.000000000,0.000000000
point-0004270,8663.113336609,282.978972509,223.717730915,328.700000000,0.000000000,0.000000000
point-0004271,8663.714396590,283.741229938,223.067730915,328.700000000,0.000000000,0.000000000
point-0004272,8666.303586610,279.425913238,223.067730915,328.700000000,0.000000000,0.000000000
point-0004273,8666.904646639,280.188170774,222.417730915,328.700000000,0.000000000,0.000000000
point-0004274,8669.493836595,284.503487368,222.417730915,328.700000000,0.000000000,0.000000000
point-0004275,8670.094896575,285.265744798,221.767730915,328.700000000,0.000000000,0.000000000
point-0004276,8672.684086468,280.950428310,221.767730915,328.700000000,0.000000000,0.000000000
point-0004277,8673.285146497,281.712685846,221.117730915,328.700000000,0.000000000,0.000000000
point-0004278,8675.874336325,286.028002227,221.117730915,328.700000000,0.000000000,0.000000000
point-0004279,8676.475396306,286.790259657,220.467730915,328.700000000,0.000000000,0.000000000
point-0004280,8679.064586071,282.474943382,220.467730915,328.700000000,0.000000000,0.000000000
point-0004281,8679.665646100,283.237200918,219.817730915,328.700000000,0.000000000,0.000000000
point-0004282,8682.254835801,287.552517086,219.817730915,328.700000000,0.000000000,0.000000000
point-0004283,8682.855895781,288.314774516,219.167730915,328.700000000,0.000000000,0.000000000
point-0004284,8685.445085419,283.999458453,219.167730915,328.700000000,0.000000000,0.000000000
point-0004285,8686.046145448,284.761715989,218.517730915,328.700000000,0.000000000,0.000000000
point-0004286,8688.635335021,289.077031946,218.517730915,328.700000000,0.000000000,0.000000000
point-0004287,8689.236395002,289.839289375,217.867730915,328.700000000,0.000000000,0.000000000
point-0004288,8691.825584512,285.523973525,217.867730915,328.700000000,0.000000000,0.000000000
point-0004289,8692.426644541,286.286231061,217.217730915,328.700000000,0.000000000,0.000000000
point-0004290,8695.015833987,290.601546805,217.217730915,328.700000000,0.000000000,0.000000000
point-0004291,8695.616893967,291.363804234,216.567730915,328.700000000,0.000000000,0.000000000
point-0004292,8698.206083350,287.048488597,216.567730915,328.700000000,0.000000000,0.000000000
point-0004293,8698.807143379,287.810746133,215.917730915,328.700000000,0.000000000,0.000000000
point-0004294,8701.396332698,292.126061664,215.917730915,328.700000000,0.000000000,0.000000000
point-0004295,8701.997392678,292.888319094,215.267730915,328.700000000,0.000000000,0.000000000
point-0004296,8704.586581933,288.573003668,215.267730915,328.700000000,0.000000000,0.000000000
point-0004297,8705.187641962,289.335261204,214.617730915,328.700000000,0.000000000,0.000000000
point-0004298,8707.776831153,293.650576523,214.617730915,328.700000000,0.000000000,0.000000000
point-0004299,8708.377891134,294.412833953,213.967730915,328.700000000,0.000000000,0.000000000
point-0004300,8710.967080261,290.097518740,213.967730915,328.700000000,0.000000000,0.000000000
point-0004301,8711.568140290,290.859776276,213.317730915,328.700000000,0.000000000,0.000000000
point-0004302,8714.157329354,295.175091382,213.317730915,328.700000000,0.000000000,0.000000000
point-0004303,8714.758389334,295.937348812,212.667730915,328.700000000,0.000000000,0.000000000
point-0004304,8717.347578334,291.622033812,212.667730915,328.700000000,0.000000000,0.000000000
point-0004305,8717.948638363,292.384291348,212.017730915,328.700000000,0.000000000,0.000000000
point-0004306,8719.923436701,295.675621911,212.017730915,328.700000000,0.000000000,0.000000000
point-0004307,8720.435978753,295.121347221,211.367730915,328.700000000,0.000000000,0.000000000
point-0004308,8721.620857756,293.146548883,211.367730915,328.700000000,0.000000000,0.000000000
point-0004309,8722.221917785,293.908806419,210.717730915,328.700000000,0.000000000,0.000000000
point-0004310,8722.616877452,294.567072532,210.717730915,328.700000000,0.000000000,0.000000000
point-0004311,8750.435655063,260.873507050,242.567730915,328.700000000,0.000000000,0.000000000
point-0004312,8752.404006135,257.592921931,242.567730915,328.700000000,0.000000000,0.000000000
point-0004313,8752.916549521,258.147200046,243.217730915,328.700000000,0.000000000,0.000000000
point-0004314,8754.094979266,260.111249621,243.217730915,328.700000000,0.000000000,0.000000000
point-0004315,8754.696039246,259.348992191,243.867730915,328.700000000,0.000000000,0.000000000
point-0004316,8755.084547664,258.701478161,243.867730915,328.700000000,0.000000000,0.000000000
point-0004317,8756.699417094,256.789956167,242.070515944,329.300000000,0.000000000,0.000000000
point-0004318,8786.339441750,294.602272343,210.280693589,329.300000000,0.000000000,0.000000000
point-0004319,8788.379443758,296.790236605,212.883160716,329.300000000,0.000000000,0.000000000
point-0004320,8817.730717004,259.346291225,244.363294873,329.300000000,0.000000000,0.000000000
point-0004321,8818.019463043,258.977927692,244.672977801,329.300000000,0.000000000,0.000000000
point-0004322,8820.059465435,256.789956167,242.070515944,329.300000000,0.000000000,0.000000000
point-0004323,8820.388200484,257.314613050,242.228378296,329.300000000,0.000000000,0.000000000
point-0004324,8822.851116886,261.419473720,242.228378296,329.300000000,0.000000000,0.000000000
point-0004325,8823.457160288,262.192614152,241.578378296,329.300000000,0.000000000,0.000000000
point-0004326,8826.067814834,257.841523243,241.578378296,329.300000000,0.000000000,0.000000000
point-0004327,8826.673858283,258.614663777,240.928378296,329.300000000,0.000000000,0.000000000
point-0004328,8829.284512767,262.965754583,240.928378296,329.300000000,0.000000000,0.000000000
point-0004329,8829.890556169,263.738895014,240.278378296,329.300000000,0.000000000,0.000000000
point-0004330,8832.501210591,259.387804310,240.278378296,329.300000000,0.000000000,0.000000000
point-0004331,8833.107254041,260.160944844,239.628378296,329.300000000,0.000000000,0.000000000
point-0004332,8835.717908402,264.512035445,239.628378296,329.300000000,0.000000000,0.000000000
point-0004333,8836.323951804,265.285175877,238.978378296,329.300000000,0.000000000,0.000000000
point-0004334,8838.934606103,260.934085378,238.978378296,329.300000000,0.000000000,0.000000000
point-0004335,8839.540649552,261.707225912,238.328378296,329.300000000,0.000000000,0.000000000
point-0004336,8842.151303790,266.058316308,238.328378296,329.300000000,0.000000000,0.000000000
point-0004337,8842.757347192,266.831456739,237.678378296,329.300000000,0.000000000,0.000000000
point-0004338,8845.368001369,262.480366445,237.678378296,329.300000000,0.000000000,0.000000000
point-0004339,8845.974044818,263.253506979,237.028378296,329.300000000,0.000000000,0.000000000
point-0004340,8848.584698933,267.604597170,237.028378296,329.300000000,0.000000000,0.000000000
point-0004341,8849.190742335,268.377737602,236.378378296,329.300000000,0.000000000,0.000000000
point-0004342,8851.801396388,264.026647513,236.378378296,329.300000000,0.000000000,0.000000000
point-0004343,8852.407439838,264.799788047,235.728378296,329.300000000,0.000000000,0.000000000
point-0004344,8855.018093829,269.150878033,235.728378296,329.300000000,0.000000000,0.000000000
point-0004345,8855.624137231,269.924018464,235.078378296,329.300000000,0.000000000,0.000000000
point-0004346,8858.234791161,265.572928581,235.078378296,329.300000000,0.000000000,0.000000000
point-0004347,8858.840834611,266.346069114,234.428378296,329.300000000,0.000000000,0.000000000
point-0004348,8861.451488479,270.697158895,234.428378296,329.300000000,0.000000000,0.000000000
point-0004349,8862.057531882,271.470299326,233.778378296,329.300000000,0.000000000,0.000000000
point-0004350,8864.668185689,267.119209648,233.778378296,329.300000000,0.000000000,0.000000000
point-0004351,8865.274229138,267.892350182,233.128378296,329.300000000,0.000000000,0.000000000
point-0004352,8867.884882884,272.243439758,233.128378296,329.300000000,0.000000000,0.000000000
point-0004353,8868.490926286,273.016580189,232.478378296,329.300000000,0.000000000,0.000000000
point-0004354,8871.101579970,268.665490716,232.478378296,329.300000000,0.000000000,0.000000000
point-0004355,8871.707623419,269.438631249,231.828378296,329.300000000,0.000000000,0.000000000
point-0004356,8874.318277042,273.789720620,231.828378296,329.300000000,0.000000000,0.000000000
point-0004357,8874.924320444,274.562861051,231.178378296,329.300000000,0.000000000,0.000000000
point-0004358,8877.534974005,270.211771783,231.178378296,329.300000000,0.000000000,0.000000000
point-0004359,8878.141017454,270.984912317,230.528378296,329.300000000,0.000000000,0.000000000
point-0004360,8880.751670954,275.336001483,230.528378296,329.300000000,0.000000000,0.000000000
point-0004361,8881.357714356,276.109141914,229.878378296,329.300000000,0.000000000,0.000000000
point-0004362,8883.968367794,271.758052851,229.878378296,329.300000000,0.000000000,0.000000000
point-0004363,8884.574411243,272.531193384,229.228378296,329.300000000,0.000000000,0.000000000
point-0004364,8887.185064620,276.882282345,229.228378296,329.300000000,0.000000000,0.000000000
point-0004365,8887.791108022,277.655422776,228.578378296,329.300000000,0.000000000,0.000000000
point-0004366,8890.401761337,273.304333918,228.578378296,329.300000000,0.000000000,0.000000000
point-0004367,8891.007804786,274.077474452,227.928378296,329.300000000,0.000000000,0.000000000
point-0004368,8893.618458040,278.428563208,227.928378296,329.300000000,0.000000000,0.000000000
point-0004369,8894.224501442,279.201703639,227.278378296,329.300000000,0.000000000,0.000000000
point-0004370,8896.835154634,274.850614986,227.278378296,329.300000000,0.000000000,0.000000000
point-0004371,8897.441198083,275.623755520,226.628378296,329.300000000,0.000000000,0.000000000
point-0004372,8900.051851213,279.974844070,226.628378296,329.300000000,0.000000000,0.000000000
point-0004373,8900.657894616,280.747984501,225.978378296,329.300000000,0.000000000,0.000000000
point-0004374,8903.268547684,276.396896053,225.978378296,329.300000000,0.000000000,0.000000000
point-0004375,8903.874591134,277.170036587,225.328378296,329.300000000,0.000000000,0.000000000
point-0004376,8906.485244141,281.521124932,225.328378296,329.300000000,0.000000000,0.000000000
point-0004377,8907.091287543,282.294265364,224.678378296,329.300000000,0.000000000,0.000000000
point-0004378,8909.701940489,277.943177121,224.678378296,329.300000000,0.000000000,0.000000000
point-0004379,8910.307983938,278.716317655,224.028378296,329.300000000,0.000000000,0.000000000
point-0004380,8912.918636822,283.067405795,224.028378296,329.300000000,0.000000000,0.000000000
point-0004381,8913.524680225,283.840546226,223.378378296,329.300000000,0.000000000,0.000000000
point-0004382,8916.135333047,279.489458188,223.378378296,329.300000000,0.000000000,0.000000000
point-0004383,8916.741376497,280.262598722,222.728378296,329.300000000,0.000000000,0.000000000
point-0004384,8919.352029258,284.613686657,222.728378296,329.300000000,0.000000000,0.000000000
point-0004385,8919.958072660,285.386827089,222.078378296,329.300000000,0.000000000,0.000000000
point-0004386,8922.568725360,281.035739256,222.078378296,329.300000000,0.000000000,0.000000000
point-0004387,8923.174768809,281.808879790,221.428378296,329.300000000,0.000000000,0.000000000
point-0004388,8925.785421447,286.159967520,221.428378296,329.300000000,0.000000000,0.000000000
point-0004389,8926.391464850,286.933107951,220.778378296,329.300000000,0.000000000,0.000000000
point-0004390,8929.002117426,282.582020324,220.778378296,329.300000000,0.000000000,0.000000000
point-0004391,8929.608160875,283.355160857,220.128378296,329.300000000,0.000000000,0.000000000
point-0004392,8932.218813390,287.706248382,220.128378296,329.300000000,0.000000000,0.000000000
point-0004393,8932.824856793,288.479388813,219.478378296,329.300000000,0.000000000,0.000000000
point-0004394,8935.435509246,284.128301391,219.478378296,329.300000000,0.000000000,0.000000000
point-0004395,8936.041552696,284.901441925,218.828378296,329.300000000,0.000000000,0.000000000
point-0004396,8938.652205088,289.252529245,218.828378296,329.300000000,0.000000000,0.000000000
point-0004397,8939.258248490,290.025669676,218.178378296,329.300000000,0.000000000,0.000000000
point-0004398,8941.868900820,285.674582459,218.178378296,329.300000000,0.000000000,0.000000000
point-0004399,8942.474944270,286.447722992,217.528378296,329.300000000,0.000000000,0.000000000
point-0004400,8945.085596539,290.798810107,217.528378296,329.300000000,0.000000000,0.000000000
point-0004401,8945.691639941,291.571950538,216.878378296,329.300000000,0.000000000,0.000000000
point-0004402,8948.302292148,287.220863526,216.878378296,329.300000000,0.000000000,0.000000000
point-0004403,8948.908335598,287.994004060,216.228378296,329.300000000,0.000000000,0.000000000
point-0004404,8951.518987744,292.345090970,216.228378296,329.300000000,0.000000000,0.000000000
point-0004405,8952.125031146,293.118231401,215.578378296,329.300000000,0.000000000,0.000000000
point-0004406,8954.735683230,288.767144594,215.578378296,329.300000000,0.000000000,0.000000000
point-0004407,8955.341726680,289.540285127,214.928378296,329.300000000,0.000000000,0.000000000
point-0004408,8957.952378702,293.891371832,214.928378296,329.300000000,0.000000000,0.000000000
point-0004409,8958.558422105,294.664512263,214.278378296,329.300000000,0.000000000,0.000000000
point-0004410,8961.169074066,290.313425661,214.278378296,329.300000000,0.000000000,0.000000000
point-0004411,8961.775117515,291.086566195,213.628378296,329.300000000,0.000000000,0.000000000
point-0004412,8964.385769415,295.437652695,213.628378296,329.300000000,0.000000000,0.000000000
point-0004413,8964.991812817,296.210793126,212.978378296,329.300000000,0.000000000,0.000000000
point-0004414,8967.602464656,291.859706729,212.978378296,329.300000000,0.000000000,0.000000000
point-0004415,8968.208508105,292.632847263,212.328378296,329.300000000,0.000000000,0.000000000
point-0004416,8970.187927686,295.931879898,212.328378296,329.300000000,0.000000000,0.000000000
point-0004417,8970.697444710,295.385407377,211.678378296,329.300000000,0.000000000,0.000000000
point-0004418,8971.885096459,293.405987796,211.678378296,329.300000000,0.000000000,0.000000000
point-0004419,8972.491139908,294.179128330,211.028378296,329.300000000,0.000000000,0.000000000
point-0004420,8972.887023824,294.838934857,211.028378296,329.300000000,0.000000000,0.000000000
point-0004421,9000.924148155,260.646333289,242.878378296,329.300000000,0.000000000,0.000000000
point-0004422,9002.595295034,257.861088491,242.878378296,329.300000000,0.000000000,0.000000000
point-0004423,9003.104813185,258.407563932,243.528378296,329.300000000,0.000000000,0.000000000
point-0004424,9003.984190541,259.873192858,243.528378296,329.300000000,0.000000000,0.000000000
point-0004425,9004.590234750,259.100050671,244.178378296,329.300000000,0.000000000,0.000000000
point-0004426,9004.677841529,258.954039373,244.178378296,329.300000000,0.000000000,0.000000000
point-0004427,9006.483595168,256.844439328,242.117500811,329.900000000,0.000000000,0.000000000
point-0004428,9036.123571415,294.874869976,210.589062326,329.900000000,0.000000000,0.000000000
point-0004429,9038.163570064,297.044844201,213.206541371,329.900000000,0.000000000,0.000000000
point-0004430,9067.514802300,259.384899979,244.427845092,329.900000000,0.000000000,0.000000000
point-0004431,9067.803541640,259.014420751,244.734976343,329.900000000,0.000000000,0.000000000
point-0004432,9069.843541423,256.844439328,242.117500811,329.900000000,0.000000000,0.000000000
point-0004433,9070.313669178,257.593155838,241.886484953,329.900000000,0.000000000,0.000000000
point-0004434,9072.945957456,261.980302967,241.886484953,329.900000000,0.000000000,0.000000000
point-0004435,9073.557024217,262.764349782,241.236484953,329.900000000,0.000000000,0.000000000
point-0004436,9076.189312436,258.377202752,241.236484953,329.900000000,0.000000000,0.000000000
point-0004437,9076.800379242,259.161249665,240.586484953,329.900000000,0.000000000,0.000000000
point-0004438,9079.432667402,263.548396597,240.586484953,329.900000000,0.000000000,0.000000000
point-0004439,9080.043734163,264.332443412,239.936484953,329.900000000,0.000000000,0.000000000
point-0004440,9082.676022263,259.945296579,239.936484953,329.900000000,0.000000000,0.000000000
point-0004441,9083.287089070,260.729343492,239.286484953,329.900000000,0.000000000,0.000000000
point-0004442,9085.919377111,265.116490227,239.286484953,329.900000000,0.000000000,0.000000000
point-0004443,9086.530443873,265.900537042,238.636484953,329.900000000,0.000000000,0.000000000
point-0004444,9089.162731855,261.513390406,238.636484953,329.900000000,0.000000000,0.000000000
point-0004445,9089.773798662,262.297437319,237.986484953,329.900000000,0.000000000,0.000000000
point-0004446,9092.406086584,266.684583857,237.986484953,329.900000000,0.000000000,0.000000000
point-0004447,9093.017153346,267.468630673,237.336484953,329.900000000,0.000000000,0.000000000
point-0004448,9095.649441210,263.081484233,237.336484953,329.900000000,0.000000000,0.000000000
point-0004449,9096.260508017,263.865531146,236.686484953,329.900000000,0.000000000,0.000000000
point-0004450,9098.892795821,268.252677488,236.686484953,329.900000000,0.000000000,0.000000000
point-0004451,9099.503862583,269.036724303,236.036484953,329.900000000,0.000000000,0.000000000
point-0004452,9102.136150328,264.649578060,236.036484953,329.900000000,0.000000000,0.000000000
point-0004453,9102.747217135,265.433624973,235.386484953,329.900000000,0.000000000,0.000000000
point-0004454,9105.379504822,269.820771118,235.386484953,329.900000000,0.000000000,0.000000000
point-0004455,9105.990571583,270.604817933,234.736484953,329.900000000,0.000000000,0.000000000
point-0004456,9108.622859211,266.217671887,234.736484953,329.900000000,0.000000000,0.000000000
point-0004457,9109.233926018,267.001718800,234.086484953,329.900000000,0.000000000,0.000000000
point-0004458,9111.866213586,271.388864748,234.086484953,329.900000000,0.000000000,0.000000000
point-0004459,9112.477280348,272.172911563,233.436484953,329.900000000,0.000000000,0.000000000
point-0004460,9115.109567857,267.785765714,233.436484953,329.900000000,0.000000000,0.000000000
point-0004461,9115.720634664,268.569812627,232.786484953,329.900000000,0.000000000,0.000000000
point-0004462,9118.352922114,272.956958378,232.786484953,329.900000000,0.000000000,0.000000000
point-0004463,9118.963988876,273.741005193,232.136484953,329.900000000,0.000000000,0.000000000
point-0004464,9121.596276267,269.353859541,232.136484953,329.900000000,0.000000000,0.000000000
point-0004465,9122.207343074,270.137906455,231.486484953,329.900000000,0.000000000,0.000000000
point-0004466,9124.839630406,274.525052008,231.486484953,329.900000000,0.000000000,0.000000000
point-0004467,9125.450697167,275.309098823,230.836484953,329.900000000,0.000000000,0.000000000
point-0004468,9128.082984440,270.921953368,230.836484953,329.900000000,0.000000000,0.000000000
point-0004469,9128.694051247,271.706000282,230.186484953,329.900000000,0.000000000,0.000000000
point-0004470,9131.326338461,276.093145638,230.186484953,329.900000000,0.000000000,0.000000000
point-0004471,9131.937405223,276.877192453,229.536484953,329.900000000,0.000000000,0.000000000
point-0004472,9134.569692378,272.490047195,229.536484953,329.900000000,0.000000000,0.000000000
point-0004473,9135.180759185,273.274094109,228.886484953,329.900000000,0.000000000,0.000000000
point-0004474,9137.813046280,277.661239268,228.886484953,329.900000000,0.000000000,0.000000000
point-0004475,9138.424113042,278.445286083,228.236484953,329.900000000,0.000000000,0.000000000
point-0004476,9141.056400078,274.058141022,228.236484953,329.900000000,0.000000000,0.000000000
point-0004477,9141.667466885,274.842187936,227.586484953,329.900000000,0.000000000,0.000000000
point-0004478,9144.299753863,279.229332898,227.586484953,329.900000000,0.000000000,0.000000000
point-0004479,9144.910820625,280.013379713,226.936484953,329.900000000,0.000000000,0.000000000
point-0004480,9147.543107543,275.626234849,226.936484953,329.900000000,0.000000000,0.000000000
point-0004481,9148.154174350,276.410281763,226.286484953,329.900000000,0.000000000,0.000000000
point-0004482,9150.786461209,280.797426528,226.286484953,329.900000000,0.000000000,0.000000000
point-0004483,9151.397527971,281.581473344,225.636484953,329.900000000,0.000000000,0.000000000
point-0004484,9154.029814771,277.194328676,225.636484953,329.900000000,0.000000000,0.000000000
point-0004485,9154.640881578,277.978375590,224.986484953,329.900000000,0.000000000,0.000000000
point-0004486,9157.273168320,282.365520159,224.986484953,329.900000000,0.000000000,0.000000000
point-0004487,9157.884235081,283.149566974,224.336484953,329.900000000,0.000000000,0.000000000
point-0004488,9160.516521763,278.762422503,224.336484953,329.900000000,0.000000000,0.000000000
point-0004489,9161.127588570,279.546469417,223.686484953,329.900000000,0.000000000,0.000000000
point-0004490,9163.759875193,283.933613789,223.686484953,329.900000000,0.000000000,0.000000000
point-0004491,9164.370941955,284.717660604,223.036484953,329.900000000,0.000000000,0.000000000
point-0004492,9167.003228519,280.330516330,223.036484953,329.900000000,0.000000000,0.000000000
point-0004493,9167.614295326,281.114563244,222.386484953,329.900000000,0.000000000,0.000000000
point-0004494,9170.246581831,285.501707419,222.386484953,329.900000000,0.000000000,0.000000000
point-0004495,9170.857648592,286.285754234,221.736484953,329.900000000,0.000000000,0.000000000
point-0004496,9173.489935038,281.898610157,221.736484953,329.900000000,0.000000000,0.000000000
point-0004497,9174.101001845,282.682657071,221.086484953,329.900000000,0.000000000,0.000000000
point-0004498,9176.733288232,287.069801049,221.086484953,329.900000000,0.000000000,0.000000000
point-0004499,9177.344354994,287.853847864,220.436484953,329.900000000,0.000000000,0.000000000
point-0004500,9179.976641321,283.466703984,220.436484953,329.900000000,0.000000000,0.000000000
point-0004501,9180.587708128,284.250750898,219.786484953,329.900000000,0.000000000,0.000000000
point-0004502,9183.219994397,288.637894679,219.786484953,329.900000000,0.000000000,0.000000000
point-0004503,9183.831061158,289.421941494,219.136484953,329.900000000,0.000000000,0.000000000
point-0004504,9186.463347368,285.034797811,219.136484953,329.900000000,0.000000000,0.000000000
point-0004505,9187.074414175,285.818844725,218.486484953,329.900000000,0.000000000,0.000000000
point-0004506,9189.706700326,290.205988309,218.486484953,329.900000000,0.000000000,0.000000000
point-0004507,9190.317767087,290.990035124,217.836484953,329.900000000,0.000000000,0.000000000
point-0004508,9192.950053179,286.602891638,217.836484953,329.900000000,0.000000000,0.000000000
point-0004509,9193.561119985,287.386938552,217.186484953,329.900000000,0.000000000,0.000000000
point-0004510,9196.193406018,291.774081939,217.186484953,329.900000000,0.000000000,0.000000000
point-0004511,9196.804472779,292.558128754,216.536484953,329.900000000,0.000000000,0.000000000
point-0004512,9199.436758753,288.170985465,216.536484953,329.900000000,0.000000000,0.000000000
point-0004513,9200.047825560,288.955032379,215.886484953,329.900000000,0.000000000,0.000000000
point-0004514,9202.680111474,293.342175569,215.886484953,329.900000000,0.000000000,0.000000000
point-0004515,9203.291178235,294.126222384,215.236484953,329.900000000,0.000000000,0.000000000
point-0004516,9205.923464090,289.739079293,215.236484953,329.900000000,0.000000000,0.000000000
point-0004517,9206.534530897,290.523126206,214.586484953,329.900000000,0.000000000,0.000000000
point-0004518,9209.166816693,294.910269200,214.586484953,329.900000000,0.000000000,0.000000000
point-0004519,9209.777883455,295.694316015,213.936484953,329.900000000,0.000000000,0.000000000
point-0004520,9212.410169192,291.307173120,213.936484953,329.900000000,0.000000000,0.000000000
point-0004521,9213.021235999,292.091220033,213.286484953,329.900000000,0.000000000,0.000000000
point-0004522,9215.653521677,296.478362830,213.286484953,329.900000000,0.000000000,0.000000000
point-0004523,9216.082006737,296.182561439,212.636484953,329.900000000,0.000000000,0.000000000
point-0004524,9218.066383432,292.875266947,212.636484953,329.900000000,0.000000000,0.000000000
point-0004525,9218.677450239,293.659313860,211.986484953,329.900000000,0.000000000,0.000000000
point-0004526,9219.868076257,295.643690556,211.986484953,329.900000000,0.000000000,0.000000000
point-0004527,9220.374670235,295.104819672,211.336484953,329.900000000,0.000000000,0.000000000
point-0004528,9220.771545574,294.443360774,211.336484953,329.900000000,0.000000000,0.000000000
point-0004529,9248.127926688,261.196256152,242.536484953,329.900000000,0.000000000,0.000000000
point-0004530,9250.296791973,257.581480676,242.536484953,329.900000000,0.000000000,0.000000000
point-0004531,9250.803386913,258.120354071,243.186484953,329.900000000,0.000000000,0.000000000
point-0004532,9252.178500072,260.412209337,243.186484953,329.900000000,0.000000000,0.000000000
point-0004533,9252.789566834,259.628162522,243.836484953,329.900000000,0.000000000,0.000000000
point-0004534,9253.370927868,258.659227465,243.836484953,329.900000000,0.000000000,0.000000000
point-0004535,9254.872045046,256.897796174,242.164159298,330.500000000,0.000000000,0.000000000
point-0004536,9284.511972047,295.141346511,210.894703962,330.500000000,0.000000000,0.000000000
point-0004537,9286.551967141,297.293495783,213.526850977,330.500000000,0.000000000,0.000000000
point-0004538,9315.903155903,259.422500840,244.491699726,330.500000000,0.000000000,0.000000000
point-0004539,9316.191890105,259.049952434,244.796304233,330.500000000,0.000000000,0.000000000
point-0004540,9318.231886887,256.897796174,242.164159298,330.500000000,0.000000000,0.000000000
point-0004541,9318.496460604,257.337882141,242.191848767,330.500000000,0.000000000,0.000000000
point-0004542,9321.150540140,261.761348035,242.191848767,330.500000000,0.000000000,0.000000000
point-0004543,9321.766666925,262.556318711,241.541848767,330.500000000,0.000000000,0.000000000
point-0004544,9324.420746405,258.132852910,241.541848767,330.500000000,0.000000000,0.000000000
point-0004545,9325.036873233,258.927823679,240.891848767,330.500000000,0.000000000,0.000000000
point-0004546,9327.690952657,263.351289386,240.891848767,330.500000000,0.000000000,0.000000000
point-0004547,9328.307079442,264.146260061,240.241848767,330.500000000,0.000000000,0.000000000
point-0004548,9330.961158809,259.722794448,240.241848767,330.500000000,0.000000000,0.000000000
point-0004549,9331.577285638,260.517765217,239.591848767,330.500000000,0.000000000,0.000000000
point-0004550,9334.231364949,264.941230736,239.591848767,330.500000000,0.000000000,0.000000000
point-0004551,9334.847491733,265.736201411,238.941848767,330.500000000,0.000000000,0.000000000
point-0004552,9337.501570988,261.312735986,238.941848767,330.500000000,0.000000000,0.000000000
point-0004553,9338.117697816,262.107706755,238.291848767,330.500000000,0.000000000,0.000000000
point-0004554,9340.771777015,266.531172086,238.291848767,330.500000000,0.000000000,0.000000000
point-0004555,9341.387903799,267.326142761,237.641848767,330.500000000,0.000000000,0.000000000
point-0004556,9344.041982942,262.902677524,237.641848767,330.500000000,0.000000000,0.000000000
point-0004557,9344.658109770,263.697648293,236.991848767,330.500000000,0.000000000,0.000000000
point-0004558,9347.312188856,268.121113436,236.991848767,330.500000000,0.000000000,0.000000000
point-0004559,9347.928315640,268.916084111,236.341848767,330.500000000,0.000000000,0.000000000
point-0004560,9350.582394670,264.492619062,236.341848767,330.500000000,0.000000000,0.000000000
point-0004561,9351.198521498,265.287589831,235.691848767,330.500000000,0.000000000,0.000000000
point-0004562,9353.852600471,269.711054786,235.691848767,330.500000000,0.000000000,0.000000000
point-0004563,9354.468727256,270.506025461,235.041848767,330.500000000,0.000000000,0.000000000
point-0004564,9357.122806173,266.082560600,235.041848767,330.500000000,0.000000000,0.000000000
point-0004565,9357.738933001,266.877531369,234.391848767,330.500000000,0.000000000,0.000000000
point-0004566,9360.393011861,271.300996136,234.391848767,330.500000000,0.000000000,0.000000000
point-0004567,9361.009138646,272.095966811,233.741848767,330.500000000,0.000000000,0.000000000
point-0004568,9363.663217450,267.672502138,233.741848767,330.500000000,0.000000000,0.000000000
point-0004569,9364.279344279,268.467472907,233.091848767,330.500000000,0.000000000,0.000000000
point-0004570,9366.933423026,272.890937487,233.091848767,330.500000000,0.000000000,0.000000000
point-0004571,9367.549549811,273.685908162,232.441848767,330.500000000,0.000000000,0.000000000
point-0004572,9370.203628503,269.262443676,232.441848767,330.500000000,0.000000000,0.000000000
point-0004573,9370.819755331,270.057414445,231.791848767,330.500000000,0.000000000,0.000000000
point-0004574,9373.473833966,274.480878837,231.791848767,330.500000000,0.000000000,0.000000000
point-0004575,9374.089960751,275.275849512,231.141848767,330.500000000,0.000000000,0.000000000
point-0004576,9376.744039329,270.852385214,231.141848767,330.500000000,0.000000000,0.000000000
point-0004577,9377.360166158,271.647355983,230.491848767,330.500000000,0.000000000,0.000000000
point-0004578,9380.014244680,276.070820187,230.491848767,330.500000000,0.000000000,0.000000000
point-0004579,9380.630371465,276.865790862,229.841848767,330.500000000,0.000000000,0.000000000
point-0004580,9383.284449931,272.442326752,229.841848767,330.500000000,0.000000000,0.000000000
point-0004581,9383.900576759,273.237297520,229.191848767,330.500000000,0.000000000,0.000000000
point-0004582,9386.554655169,277.660761537,229.191848767,330.500000000,0.000000000,0.000000000
point-0004583,9387.170781954,278.455732212,228.541848767,330.500000000,0.000000000,0.000000000
point-0004584,9389.824860307,274.032268289,228.541848767,330.500000000,0.000000000,0.000000000
point-0004585,9390.440987136,274.827239058,227.891848767,330.500000000,0.000000000,0.000000000
point-0004586,9393.095065433,279.250702887,227.891848767,330.500000000,0.000000000,0.000000000
point-0004587,9393.711192217,280.045673562,227.241848767,330.500000000,0.000000000,0.000000000
point-0004588,9396.365270458,275.622209827,227.241848767,330.500000000,0.000000000,0.000000000
point-0004589,9396.981397286,276.417180596,226.591848767,330.500000000,0.000000000,0.000000000
point-0004590,9399.635475471,280.840644237,226.591848767,330.500000000,0.000000000,0.000000000
point-0004591,9400.251602256,281.635614912,225.941848767,330.500000000,0.000000000,0.000000000
point-0004592,9402.905680384,277.212151365,225.941848767,330.500000000,0.000000000,0.000000000
point-0004593,9403.521807212,278.007122134,225.291848767,330.500000000,0.000000000,0.000000000
point-0004594,9406.175885284,282.430585587,225.291848767,330.500000000,0.000000000,0.000000000
point-0004595,9406.792012069,283.225556262,224.641848767,330.500000000,0.000000000,0.000000000
point-0004596,9409.446090084,278.802092903,224.641848767,330.500000000,0.000000000,0.000000000
point-0004597,9410.062216912,279.597063672,223.991848767,330.500000000,0.000000000,0.000000000
point-0004598,9412.716294872,284.020526938,223.991848767,330.500000000,0.000000000,0.000000000
point-0004599,9413.332421656,284.815497613,223.341848767,330.500000000,0.000000000,0.000000000
point-0004600,9415.986499559,280.392034441,223.341848767,330.500000000,0.000000000,0.000000000
point-0004601,9416.602626387,281.187005210,222.691848767,330.500000000,0.000000000,0.000000000
point-0004602,9419.256704234,285.610468288,222.691848767,330.500000000,0.000000000,0.000000000
point-0004603,9419.872831019,286.405438963,222.041848767,330.500000000,0.000000000,0.000000000
point-0004604,9422.526908809,281.981975979,222.041848767,330.500000000,0.000000000,0.000000000
point-0004605,9423.143035637,282.776946748,221.391848767,330.500000000,0.000000000,0.000000000
point-0004606,9425.797113371,287.200409638,221.391848767,330.500000000,0.000000000,0.000000000
point-0004607,9426.413240156,287.995380313,220.741848767,330.500000000,0.000000000,0.000000000
point-0004608,9429.067317833,283.571917517,220.741848767,330.500000000,0.000000000,0.000000000
point-0004609,9429.683444661,284.366888286,220.091848767,330.500000000,0.000000000,0.000000000
point-0004610,9432.337522283,288.790350988,220.091848767,330.500000000,0.000000000,0.000000000
point-0004611,9432.953649067,289.585321663,219.441848767,330.500000000,0.000000000,0.000000000
point-0004612,9435.607726632,285.161859055,219.441848767,330.500000000,0.000000000,0.000000000
point-0004613,9436.223853460,285.956829824,218.791848767,330.500000000,0.000000000,0.000000000
point-0004614,9438.877930969,290.380292338,218.791848767,330.500000000,0.000000000,0.000000000
point-0004615,9439.494057754,291.175263013,218.141848767,330.500000000,0.000000000,0.000000000
point-0004616,9442.148135206,286.751800593,218.141848767,330.500000000,0.000000000,0.000000000
point-0004617,9442.764262034,287.546771362,217.491848767,330.500000000,0.000000000,0.000000000
point-0004618,9445.418339430,291.970233688,217.491848767,330.500000000,0.000000000,0.000000000
point-0004619,9446.034466215,292.765204363,216.841848767,330.500000000,0.000000000,0.000000000
point-0004620,9448.688543554,288.341742131,216.841848767,330.500000000,0.000000000,0.000000000
point-0004621,9449.304670383,289.136712900,216.191848767,330.500000000,0.000000000,0.000000000
point-0004622,9451.958747666,293.560175038,216.191848767,330.500000000,0.000000000,0.000000000
point-0004623,9452.574874451,294.355145714,215.541848767,330.500000000,0.000000000,0.000000000
point-0004624,9455.228951677,289.931683669,215.541848767,330.500000000,0.000000000,0.000000000
point-0004625,9455.845078506,290.726654438,214.891848767,330.500000000,0.000000000,0.000000000
point-0004626,9458.499155676,295.150116389,214.891848767,330.500000000,0.000000000,0.000000000
point-0004627,9459.115282461,295.945087064,214.241848767,330.500000000,0.000000000,0.000000000
point-0004628,9461.769359575,291.521625207,214.241848767,330.500000000,0.000000000,0.000000000
point-0004629,9462.385486403,292.316595975,213.591848767,330.500000000,0.000000000,0.000000000
point-0004630,9465.039563461,296.740057739,213.591848767,330.500000000,0.000000000,0.000000000
point-0004631,9465.472268284,296.427659029,212.941848767,330.500000000,0.000000000,0.000000000
point-0004632,9467.461923655,293.111566744,212.941848767,330.500000000,0.000000000,0.000000000
point-0004633,9468.078050483,293.906537513,212.291848767,330.500000000,0.000000000,0.000000000
point-0004634,9469.271843705,295.896192884,212.291848767,330.500000000,0.000000000,0.000000000
point-0004635,9469.775613747,295.364726739,211.641848767,330.500000000,0.000000000,0.000000000
point-0004636,9470.173544821,294.701508282,211.641848767,330.500000000,0.000000000,0.000000000
point-0004637,9497.744175227,260.966377360,242.841848767,330.500000000,0.000000000,0.000000000
point-0004638,9499.620349270,257.839420623,242.841848767,330.500000000,0.000000000,0.000000000
point-0004639,9500.124120126,258.370888914,243.491848767,330.500000000,0.000000000,0.000000000
point-0004640,9501.204430789,260.171406685,243.491848767,330.500000000,0.000000000,0.000000000
point-0004641,9501.820557574,259.376436010,244.141848767,330.500000000,0.000000000,0.000000000
point-0004642,9502.105004857,258.902357204,244.141848767,330.500000000,0.000000000,0.000000000
point-0004643,9503.791622914,256.950022109,242.210456040,331.100000000,0.000000000,0.000000000
point-0004644,9533.431503985,295.401702534,211.197415414,331.100000000,0.000000000,0.000000000
point-0004645,9535.471495672,297.536203547,213.843886880,331.100000000,0.000000000,0.000000000
point-0004646,9564.822642729,259.459100754,244.554822365,331.100000000,0.000000000,0.000000000
point-0004647,9565.111373266,259.084529793,244.856926546,331.100000000,0.000000000,0.000000000
point-0004648,9567.151367018,256.950022109,242.210456040,331.100000000,0.000000000,0.000000000
point-0004649,9567.557396879,257.564347841,242.494267646,331.100000000,0.000000000,0.000000000
point-0004650,9569.940405007,261.536028054,242.494267646,331.100000000,0.000000000,0.000000000
point-0004651,9570.561624949,260.730122391,243.144267646,331.100000000,0.000000000,0.000000000
point-0004652,9572.146535637,258.088604579,243.144267646,331.100000000,0.000000000,0.000000000
point-0004653,9572.647578795,258.612861317,243.794267646,331.100000000,0.000000000,0.000000000
point-0004654,9573.434392042,259.924216729,243.794267646,331.100000000,0.000000000,0.000000000
point-0004655,9575.128636565,257.881911044,241.844267646,331.100000000,0.000000000,0.000000000
point-0004656,9577.804650168,262.341933717,241.844267646,331.100000000,0.000000000,0.000000000
point-0004657,9578.425870111,263.147839380,241.194267646,331.100000000,0.000000000,0.000000000
point-0004658,9581.101883662,258.687816796,241.194267646,331.100000000,0.000000000,0.000000000
point-0004659,9581.723103646,259.493722547,240.544267646,331.100000000,0.000000000,0.000000000
point-0004660,9584.399117143,263.953745042,240.544267646,331.100000000,0.000000000,0.000000000
point-0004661,9585.020337086,264.759650705,239.894267646,331.100000000,0.000000000,0.000000000
point-0004662,9587.696350530,260.299628298,239.894267646,331.100000000,0.000000000,0.000000000
point-0004663,9588.317570514,261.105534050,239.244267646,331.100000000,0.000000000,0.000000000
point-0004664,9590.993583905,265.565556368,239.244267646,331.100000000,0.000000000,0.000000000
point-0004665,9591.614803848,266.371462031,238.594267646,331.100000000,0.000000000,0.000000000
point-0004666,9594.290817185,261.911439801,238.594267646,331.100000000,0.000000000,0.000000000
point-0004667,9594.912037170,262.717345553,237.944267646,331.100000000,0.000000000,0.000000000
point-0004668,9597.588050454,267.177367693,237.944267646,331.100000000,0.000000000,0.000000000
point-0004669,9598.209270397,267.983273356,237.294267646,331.100000000,0.000000000,0.000000000
point-0004670,9600.885283628,263.523251304,237.294267646,331.100000000,0.000000000,0.000000000
point-0004671,9601.506503612,264.329157056,236.644267646,331.100000000,0.000000000,0.000000000
point-0004672,9604.182516790,268.789179019,236.644267646,331.100000000,0.000000000,0.000000000
point-0004673,9604.803736733,269.595084681,235.994267646,331.100000000,0.000000000,0.000000000
point-0004674,9607.479749857,265.135062807,235.994267646,331.100000000,0.000000000,0.000000000
point-0004675,9608.100969842,265.940968559,235.344267646,331.100000000,0.000000000,0.000000000
point-0004676,9610.776982913,270.400990344,235.344267646,331.100000000,0.000000000,0.000000000
point-0004677,9611.398202856,271.206896007,234.694267646,331.100000000,0.000000000,0.000000000
point-0004678,9614.074215874,266.746874310,234.694267646,331.100000000,0.000000000,0.000000000
point-0004679,9614.695435858,267.552780062,234.044267646,331.100000000,0.000000000,0.000000000
point-0004680,9617.371448823,272.012801670,234.044267646,331.100000000,0.000000000,0.000000000
point-0004681,9617.992668766,272.818707332,233.394267646,331.100000000,0.000000000,0.000000000
point-0004682,9620.668681678,268.358685813,233.394267646,331.100000000,0.000000000,0.000000000
point-0004683,9621.289901662,269.164591564,232.744267646,331.100000000,0.000000000,0.000000000
point-0004684,9623.965914520,273.624612995,232.744267646,331.100000000,0.000000000,0.000000000
point-0004685,9624.587134463,274.430518658,232.094267646,331.100000000,0.000000000,0.000000000
point-0004686,9627.263147269,269.970497316,232.094267646,331.100000000,0.000000000,0.000000000
point-0004687,9627.884367253,270.776403067,231.444267646,331.100000000,0.000000000,0.000000000
point-0004688,9630.560380005,275.236424321,231.444267646,331.100000000,0.000000000,0.000000000
point-0004689,9631.181599948,276.042329983,230.794267646,331.100000000,0.000000000,0.000000000
point-0004690,9633.857612646,271.582308819,230.794267646,331.100000000,0.000000000,0.000000000
point-0004691,9634.478832631,272.388214570,230.144267646,331.100000000,0.000000000,0.000000000
point-0004692,9637.154845276,276.848235646,230.144267646,331.100000000,0.000000000,0.000000000
point-0004693,9637.776065219,277.654141309,229.494267646,331.100000000,0.000000000,0.000000000
point-0004694,9640.452077811,273.194120322,229.494267646,331.100000000,0.000000000,0.000000000
point-0004695,9641.073297796,274.000026073,228.844267646,331.100000000,0.000000000,0.000000000
point-0004696,9643.749310335,278.460046972,228.844267646,331.100000000,0.000000000,0.000000000
point-0004697,9644.370530278,279.265952634,228.194267646,331.100000000,0.000000000,0.000000000
point-0004698,9647.046542763,274.805931825,228.194267646,331.100000000,0.000000000,0.000000000
point-0004699,9647.667762748,275.611837576,227.544267646,331.100000000,0.000000000,0.000000000
point-0004700,9650.343775180,280.071858297,227.544267646,331.100000000,0.000000000,0.000000000
point-0004701,9650.964995123,280.877763960,226.894267646,331.100000000,0.000000000,0.000000000
point-0004702,9653.641007502,276.417743328,226.894267646,331.100000000,0.000000000,0.000000000
point-0004703,9654.262227487,277.223649079,226.244267646,331.100000000,0.000000000,0.000000000
point-0004704,9656.938239813,281.683669623,226.244267646,331.100000000,0.000000000,0.000000000
point-0004705,9657.559459756,282.489575285,225.594267646,331.100000000,0.000000000,0.000000000
point-0004706,9660.235472029,278.029554830,225.594267646,331.100000000,0.000000000,0.000000000
point-0004707,9660.856692013,278.835460582,224.944267646,331.100000000,0.000000000,0.000000000
point-0004708,9663.532704233,283.295480948,224.944267646,331.100000000,0.000000000,0.000000000
point-0004709,9664.153924175,284.101386611,224.294267646,331.100000000,0.000000000,0.000000000
point-0004710,9666.829936342,279.641366333,224.294267646,331.100000000,0.000000000,0.000000000
point-0004711,9667.451156326,280.447272085,223.644267646,331.100000000,0.000000000,0.000000000
point-0004712,9670.127168439,284.907292273,223.644267646,331.100000000,0.000000000,0.000000000
point-0004713,9670.748388382,285.713197936,222.994267646,331.100000000,0.000000000,0.000000000
point-0004714,9673.424400442,281.253177836,222.994267646,331.100000000,0.000000000,0.000000000
point-0004715,9674.045620426,282.059083588,222.344267646,331.100000000,0.000000000,0.000000000
point-0004716,9676.721632433,286.519103599,222.344267646,331.100000000,0.000000000,0.000000000
point-0004717,9677.342852376,287.325009262,221.694267646,331.100000000,0.000000000,0.000000000
point-0004718,9680.018864330,282.864989339,221.694267646,331.100000000,0.000000000,0.000000000
point-0004719,9680.640084314,283.670895091,221.044267646,331.100000000,0.000000000,0.000000000
point-0004720,9683.316096214,288.130914924,221.044267646,331.100000000,0.000000000,0.000000000
point-0004721,9683.937316157,288.936820587,220.394267646,331.100000000,0.000000000,0.000000000
point-0004722,9686.613328004,284.476800842,220.394267646,331.100000000,0.000000000,0.000000000
point-0004723,9687.234547988,285.282706593,219.744267646,331.100000000,0.000000000,0.000000000
point-0004724,9689.910559782,289.742726250,219.744267646,331.100000000,0.000000000,0.000000000
point-0004725,9690.531779725,290.548631913,219.094267646,331.100000000,0.000000000,0.000000000
point-0004726,9693.207791466,286.088612345,219.094267646,331.100000000,0.000000000,0.000000000
point-0004727,9693.829011450,286.894518096,218.444267646,331.100000000,0.000000000,0.000000000
point-0004728,9696.505023137,291.354537575,218.444267646,331.100000000,0.000000000,0.000000000
point-0004729,9697.126243080,292.160443238,217.794267646,331.100000000,0.000000000,0.000000000
point-0004730,9699.802254714,287.700423848,217.794267646,331.100000000,0.000000000,0.000000000
point-0004731,9700.423474698,288.506329599,217.144267646,331.100000000,0.000000000,0.000000000
point-0004732,9703.099486279,292.966348901,217.144267646,331.100000000,0.000000000,0.000000000
point-0004733,9703.720706222,293.772254564,216.494267646,331.100000000,0.000000000,0.000000000
point-0004734,9706.396717750,289.312235351,216.494267646,331.100000000,0.000000000,0.000000000
point-0004735,9707.017937734,290.118141102,215.844267646,331.100000000,0.000000000,0.000000000
point-0004736,9709.693949209,294.578160226,215.844267646,331.100000000,0.000000000,0.000000000
point-0004737,9710.315169151,295.384065889,215.194267646,331.100000000,0.000000000,0.000000000
point-0004738,9712.991180573,290.924046854,215.194267646,331.100000000,0.000000000,0.000000000
point-0004739,9713.612400557,291.729952605,214.544267646,331.100000000,0.000000000,0.000000000
point-0004740,9716.288411925,296.189971552,214.544267646,331.100000000,0.000000000,0.000000000
point-0004741,9716.909631868,296.995877214,213.894267646,331.100000000,0.000000000,0.000000000
point-0004742,9719.585643182,292.535858357,213.894267646,331.100000000,0.000000000,0.000000000
point-0004743,9720.206863167,293.341764108,213.244267646,331.100000000,0.000000000,0.000000000
point-0004744,9722.202104158,296.667165760,213.244267646,331.100000000,0.000000000,0.000000000
point-0004745,9722.703146626,296.142910850,212.594267646,331.100000000,0.000000000,0.000000000
point-0004746,9723.900291221,294.147669859,212.594267646,331.100000000,0.000000000,0.000000000
point-0004747,9724.521511205,294.953575611,211.944267646,331.100000000,0.000000000,0.000000000
point-0004748,9724.920559403,295.618655941,211.944267646,331.100000000,0.000000000,0.000000000
point-0004749,9754.378648957,257.001112586,242.256355647,331.700000000,0.000000000,0.000000000
point-0004750,9784.018490635,295.655938634,211.496993612,331.700000000,0.000000000,0.000000000
point-0004751,9786.058479334,297.772979671,214.157446424,331.700000000,0.000000000,0.000000000
point-0004752,9815.409589787,259.494706658,244.617176594,331.700000000,0.000000000,0.000000000
point-0004753,9815.698318027,259.118159885,244.916808342,331.700000000,0.000000000,0.000000000
point-0004754,9817.738309011,257.001112586,242.256355647,331.700000000,0.000000000,0.000000000
point-0004755,9818.118532346,257.624695185,242.143539522,331.700000000,0.000000000,0.000000000
point-0004756,9820.816607032,262.121486327,242.143539522,331.700000000,0.000000000,0.000000000
point-0004757,9821.442949474,262.938331300,241.493539522,331.700000000,0.000000000,0.000000000
point-0004758,9824.141024110,258.441540241,241.493539522,331.700000000,0.000000000,0.000000000
point-0004759,9824.767366591,259.258385296,240.843539522,331.700000000,0.000000000,0.000000000
point-0004760,9827.465441177,263.755176272,240.843539522,331.700000000,0.000000000,0.000000000
point-0004761,9828.091783619,264.572021245,240.193539522,331.700000000,0.000000000,0.000000000
point-0004762,9830.789858155,260.075230352,240.193539522,331.700000000,0.000000000,0.000000000
point-0004763,9831.416200637,260.892075407,239.543539522,331.700000000,0.000000000,0.000000000
point-0004764,9834.114275123,265.388866218,239.543539522,331.700000000,0.000000000,0.000000000
point-0004765,9834.740617566,266.205711190,238.893539522,331.700000000,0.000000000,0.000000000
point-0004766,9837.438692002,261.708920463,238.893539522,331.700000000,0.000000000,0.000000000
point-0004767,9838.065034484,262.525765519,238.243539522,331.700000000,0.000000000,0.000000000
point-0004768,9840.763108870,267.022556163,238.243539522,331.700000000,0.000000000,0.000000000
point-0004769,9841.389451313,267.839401136,237.593539522,331.700000000,0.000000000,0.000000000
point-0004770,9844.087525650,263.342610574,237.593539522,331.700000000,0.000000000,0.000000000
point-0004771,9844.713868131,264.159455630,236.943539522,331.700000000,0.000000000,0.000000000
point-0004772,9847.411942418,268.656246109,236.943539522,331.700000000,0.000000000,0.000000000
point-0004773,9848.038284861,269.473091081,236.293539522,331.700000000,0.000000000,0.000000000
point-0004774,9850.736359098,264.976300686,236.293539522,331.700000000,0.000000000,0.000000000
point-0004775,9851.362701580,265.793145741,235.643539522,331.700000000,0.000000000,0.000000000
point-0004776,9854.060775768,270.289936054,235.643539522,331.700000000,0.000000000,0.000000000
point-0004777,9854.687118210,271.106781027,234.993539522,331.700000000,0.000000000,0.000000000
point-0004778,9857.385192348,266.609990797,234.993539522,331.700000000,0.000000000,0.000000000
point-0004779,9858.011534830,267.426835852,234.343539522,331.700000000,0.000000000,0.000000000
point-0004780,9860.709608918,271.923625999,234.343539522,331.700000000,0.000000000,0.000000000
point-0004781,9861.335951360,272.740470972,233.693539522,331.700000000,0.000000000,0.000000000
point-0004782,9864.034025399,268.243680908,233.693539522,331.700000000,0.000000000,0.000000000
point-0004783,9864.660367880,269.060525964,233.043539522,331.700000000,0.000000000,0.000000000
point-0004784,9867.358441869,273.557315945,233.043539522,331.700000000,0.000000000,0.000000000
point-0004785,9867.984784312,274.374160917,232.393539522,331.700000000,0.000000000,0.000000000
point-0004786,9870.682858251,269.877371019,232.393539522,331.700000000,0.000000000,0.000000000
point-0004787,9871.309200732,270.694216075,231.743539522,331.700000000,0.000000000,0.000000000
point-0004788,9874.007274621,275.191005890,231.743539522,331.700000000,0.000000000,0.000000000
point-0004789,9874.633617064,276.007850863,231.093539522,331.700000000,0.000000000,0.000000000
point-0004790,9877.331690903,271.511061130,231.093539522,331.700000000,0.000000000,0.000000000
point-0004791,9877.958033385,272.327906186,230.443539522,331.700000000,0.000000000,0.000000000
point-0004792,9880.656107175,276.824695835,230.443539522,331.700000000,0.000000000,0.000000000
point-0004793,9881.282449617,277.641540808,229.793539522,331.700000000,0.000000000,0.000000000
point-0004794,9883.980523357,273.144751242,229.793539522,331.700000000,0.000000000,0.000000000
point-0004795,9884.606865839,273.961596297,229.143539522,331.700000000,0.000000000,0.000000000
point-0004796,9887.304939529,278.458385781,229.143539522,331.700000000,0.000000000,0.000000000
point-0004797,9887.931281971,279.275230753,228.493539522,331.700000000,0.000000000,0.000000000
point-0004798,9890.629355612,274.778441353,228.493539522,331.700000000,0.000000000,0.000000000
point-0004799,9891.255698093,275.595286408,227.843539522,331.700000000,0.000000000,0.000000000
point-0004800,9893.953771684,280.092075726,227.843539522,331.700000000,0.000000000,0.000000000
point-0004801,9894.580114127,280.908920699,227.193539522,331.700000000,0.000000000,0.000000000
point-0004802,9897.278187668,276.412131464,227.193539522,331.700000000,0.000000000,0.000000000
point-0004803,9897.904530149,277.228976520,226.543539522,331.700000000,0.000000000,0.000000000
point-0004804,9900.602603640,281.725765672,226.543539522,331.700000000,0.000000000,0.000000000
point-0004805,9901.228946083,282.542610644,225.893539522,331.700000000,0.000000000,0.000000000
point-0004806,9903.927019524,278.045821575,225.893539522,331.700000000,0.000000000,0.000000000
point-0004807,9904.553362006,278.862666631,225.243539522,331.700000000,0.000000000,0.000000000
point-0004808,9907.251435397,283.359455617,225.243539522,331.700000000,0.000000000,0.000000000
point-0004809,9907.877777840,284.176300590,224.593539522,331.700000000,0.000000000,0.000000000
point-0004810,9910.575851182,279.679511686,224.593539522,331.700000000,0.000000000,0.000000000
point-0004811,9911.202193664,280.496356742,223.943539522,331.700000000,0.000000000,0.000000000
point-0004812,9913.900266956,284.993145562,223.943539522,331.700000000,0.000000000,0.000000000
point-0004813,9914.526609398,285.809990535,223.293539522,331.700000000,0.000000000,0.000000000
point-0004814,9917.224682641,281.313201798,223.293539522,331.700000000,0.000000000,0.000000000
point-0004815,9917.851025122,282.130046853,222.643539522,331.700000000,0.000000000,0.000000000
point-0004816,9920.549098315,286.626835508,222.643539522,331.700000000,0.000000000,0.000000000
point-0004817,9921.175440758,287.443680480,221.993539522,331.700000000,0.000000000,0.000000000
point-0004818,9923.873513901,282.946891909,221.993539522,331.700000000,0.000000000,0.000000000
point-0004819,9924.499856382,283.763736964,221.343539522,331.700000000,0.000000000,0.000000000
point-0004820,9927.197929475,288.260525453,221.343539522,331.700000000,0.000000000,0.000000000
point-0004821,9927.824271918,289.077370426,220.693539522,331.700000000,0.000000000,0.000000000
point-0004822,9930.522344961,284.580582020,220.693539522,331.700000000,0.000000000,0.000000000
point-0004823,9931.148687443,285.397427076,220.043539522,331.700000000,0.000000000,0.000000000
point-0004824,9933.846760437,289.894215398,220.043539522,331.700000000,0.000000000,0.000000000
point-0004825,9934.473102879,290.711060371,219.393539522,331.700000000,0.000000000,0.000000000
point-0004826,9937.171175823,286.214272131,219.393539522,331.700000000,0.000000000,0.000000000
point-0004827,9937.797518305,287.031117187,218.743539522,331.700000000,0.000000000,0.000000000
point-0004828,9940.495591199,291.527905344,218.743539522,331.700000000,0.000000000,0.000000000
point-0004829,9941.121933641,292.344750317,218.093539522,331.700000000,0.000000000,0.000000000
point-0004830,9943.820006486,287.847962242,218.093539522,331.700000000,0.000000000,0.000000000
point-0004831,9944.446348967,288.664807298,217.443539522,331.700000000,0.000000000,0.000000000
point-0004832,9947.144421762,293.161595289,217.443539522,331.700000000,0.000000000,0.000000000
point-0004833,9947.770764205,293.978440262,216.793539522,331.700000000,0.000000000,0.000000000
point-0004834,9950.468836950,289.481652354,216.793539522,331.700000000,0.000000000,0.000000000
point-0004835,9951.095179431,290.298497409,216.143539522,331.700000000,0.000000000,0.000000000
point-0004836,9953.793252126,294.795285235,216.143539522,331.700000000,0.000000000,0.000000000
point-0004837,9954.419594569,295.612130207,215.493539522,331.700000000,0.000000000,0.000000000
point-0004838,9957.117667214,291.115342465,215.493539522,331.700000000,0.000000000,0.000000000
point-0004839,9957.744009696,291.932187520,214.843539522,331.700000000,0.000000000,0.000000000
point-0004840,9960.442082292,296.428975180,214.843539522,331.700000000,0.000000000,0.000000000
point-0004841,9961.068424734,297.245820153,214.193539522,331.700000000,0.000000000,0.000000000
point-0004842,9963.766497280,292.749032576,214.193539522,331.700000000,0.000000000,0.000000000
point-0004843,9964.392839762,293.565877632,213.543539522,331.700000000,0.000000000,0.000000000
point-0004844,9966.393958359,296.901075293,213.543539522,331.700000000,0.000000000,0.000000000
point-0004845,9966.892366994,296.383841284,212.893539522,331.700000000,0.000000000,0.000000000
point-0004846,9968.093038152,294.382722687,212.893539522,331.700000000,0.000000000,0.000000000
point-0004847,9968.719380633,295.199567743,212.243539522,331.700000000,0.000000000,0.000000000
point-0004848,9969.119604353,295.866607275,212.243539522,331.700000000,0.000000000,0.000000000
point-0004849,9996.796661924,261.304641354,242.793539522,331.700000000,0.000000000,0.000000000
point-0004850,9998.892266682,257.811966757,242.793539522,331.700000000,0.000000000,0.000000000
point-0004851,9999.390675897,258.329202318,243.443539522,331.700000000,0.000000000,0.000000000
point-0004852,10000.685832335,260.487796382,243.443539522,331.700000000,0.000000000,0.000000000
point-0004853,10001.312174778,259.670951409,244.093539522,331.700000000,0.000000000,0.000000000
point-0004854,10001.806882895,258.846437880,244.093539522,331.700000000,0.000000000,0.000000000
point-0004855,10003.370757285,257.051063074,242.301822734,332.300000000,0.000000000,0.000000000
point-0004856,10033.010568465,295.904055397,211.793235497,332.300000000,0.000000000,0.000000000
point-0004857,10035.050554794,298.003836325,214.467326955,332.300000000,0.000000000,0.000000000
point-0004858,10064.401636237,259.529325483,244.678725991,332.300000000,0.000000000,0.000000000
point-0004859,10064.690363430,259.150849773,244.975914676,332.300000000,0.000000000,0.000000000
point-0004860,10066.730352127,257.051063074,242.301822734,332.300000000,0.000000000,0.000000000
point-0004861,10067.035450580,257.540578102,242.439462354,332.300000000,0.000000000,0.000000000
point-0004862,10069.648276412,261.895287823,242.439462354,332.300000000,0.000000000,0.000000000
point-0004863,10070.279766629,261.067506494,243.089462354,332.300000000,0.000000000,0.000000000
point-0004864,10072.089682582,258.050979907,243.089462354,332.300000000,0.000000000,0.000000000
point-0004865,10072.585549097,258.561381712,243.739462354,332.300000000,0.000000000,0.000000000
point-0004866,10073.592555169,260.239725165,243.739462354,332.300000000,0.000000000,0.000000000
point-0004867,10074.224045386,259.411943836,244.389462354,332.300000000,0.000000000,0.000000000
point-0004868,10074.428141577,259.071783517,244.389462354,332.300000000,0.000000000,0.000000000
point-0004869,10076.075546459,258.189326647,241.789462354,332.300000000,0.000000000,0.000000000
point-0004870,10078.795791962,262.723069152,241.789462354,332.300000000,0.000000000,0.000000000
point-0004871,10079.427282179,263.550850481,241.139462354,332.300000000,0.000000000,0.000000000
point-0004872,10082.147527636,259.017108053,241.139462354,332.300000000,0.000000000,0.000000000
point-0004873,10082.779017889,259.844889458,240.489462354,332.300000000,0.000000000,0.000000000
point-0004874,10085.499263301,264.378631810,240.489462354,332.300000000,0.000000000,0.000000000
point-0004875,10086.130753518,265.206413139,239.839462354,332.300000000,0.000000000,0.000000000
point-0004876,10088.850998883,260.672670864,239.839462354,332.300000000,0.000000000,0.000000000
point-0004877,10089.482489136,261.500452269,239.189462354,332.300000000,0.000000000,0.000000000
point-0004878,10092.202734456,266.034194468,239.189462354,332.300000000,0.000000000,0.000000000
point-0004879,10092.834224673,266.861975797,238.539462354,332.300000000,0.000000000,0.000000000
point-0004880,10095.554469946,262.328233675,238.539462354,332.300000000,0.000000000,0.000000000
point-0004881,10096.185960200,263.156015080,237.889462354,332.300000000,0.000000000,0.000000000
point-0004882,10098.906205427,267.689757127,237.889462354,332.300000000,0.000000000,0.000000000
point-0004883,10099.537695645,268.517538456,237.239462354,332.300000000,0.000000000,0.000000000
point-0004884,10102.257940826,263.983796486,237.239462354,332.300000000,0.000000000,0.000000000
point-0004885,10102.889431080,264.811577891,236.589462354,332.300000000,0.000000000,0.000000000
point-0004886,10105.609676216,269.345319785,236.589462354,332.300000000,0.000000000,0.000000000
point-0004887,10106.241166433,270.173101114,235.939462354,332.300000000,0.000000000,0.000000000
point-0004888,10108.961411523,265.639359297,235.939462354,332.300000000,0.000000000,0.000000000
point-0004889,10109.592901776,266.467140702,235.289462354,332.300000000,0.000000000,0.000000000
point-0004890,10112.313146820,271.000882443,235.289462354,332.300000000,0.000000000,0.000000000
point-0004891,10112.944637037,271.828663772,234.639462354,332.300000000,0.000000000,0.000000000
point-0004892,10115.664882036,267.294922108,234.639462354,332.300000000,0.000000000,0.000000000
point-0004893,10116.296372289,268.122703514,233.989462354,332.300000000,0.000000000,0.000000000
point-0004894,10119.016617242,272.656445101,233.989462354,332.300000000,0.000000000,0.000000000
point-0004895,10119.648107459,273.484226430,233.339462354,332.300000000,0.000000000,0.000000000
point-0004896,10122.368352365,268.950484919,233.339462354,332.300000000,0.000000000,0.000000000
point-0004897,10122.999842619,269.778266325,232.689462354,332.300000000,0.000000000,0.000000000
point-0004898,10125.720087479,274.312007759,232.689462354,332.300000000,0.000000000,0.000000000
point-0004899,10126.351577696,275.139789088,232.039462354,332.300000000,0.000000000,0.000000000
point-0004900,10129.071822511,270.606047730,232.039462354,332.300000000,0.000000000,0.000000000
point-0004901,10129.703312765,271.433829136,231.389462354,332.300000000,0.000000000,0.000000000
point-0004902,10132.423557534,275.967570417,231.389462354,332.300000000,0.000000000,0.000000000
point-0004903,10133.055047751,276.795351746,230.739462354,332.300000000,0.000000000,0.000000000
point-0004904,10135.775292474,272.261610541,230.739462354,332.300000000,0.000000000,0.000000000
point-0004905,10136.406782727,273.089391947,230.089462354,332.300000000,0.000000000,0.000000000
point-0004906,10139.127027404,277.623133076,230.089462354,332.300000000,0.000000000,0.000000000
point-0004907,10139.758517622,278.450914405,229.439462354,332.300000000,0.000000000,0.000000000
point-0004908,10142.478762253,273.917173352,229.439462354,332.300000000,0.000000000,0.000000000
point-0004909,10143.110252506,274.744954758,228.789462354,332.300000000,0.000000000,0.000000000
point-0004910,10145.830497092,279.278695734,228.789462354,332.300000000,0.000000000,0.000000000
point-0004911,10146.461987309,280.106477063,228.139462354,332.300000000,0.000000000,0.000000000
point-0004912,10149.182231849,275.572736163,228.139462354,332.300000000,0.000000000,0.000000000
point-0004913,10149.813722102,276.400517569,227.489462354,332.300000000,0.000000000,0.000000000
point-0004914,10152.533966596,280.934258392,227.489462354,332.300000000,0.000000000,0.000000000
point-0004915,10153.165456813,281.762039721,226.839462354,332.300000000,0.000000000,0.000000000
point-0004916,10155.885701261,277.228298974,226.839462354,332.300000000,0.000000000,0.000000000
point-0004917,10156.517191514,278.056080380,226.189462354,332.300000000,0.000000000,0.000000000
point-0004918,10159.237435916,282.589821050,226.189462354,332.300000000,0.000000000,0.000000000
point-0004919,10159.868926133,283.417602379,225.539462354,332.300000000,0.000000000,0.000000000
point-0004920,10162.589170489,278.883861786,225.539462354,332.300000000,0.000000000,0.000000000
point-0004921,10163.220660743,279.711643191,224.889462354,332.300000000,0.000000000,0.000000000
point-0004922,10165.940905053,284.245383708,224.889462354,332.300000000,0.000000000,0.000000000
point-0004923,10166.572395270,285.073165037,224.239462354,332.300000000,0.000000000,0.000000000
point-0004924,10169.292639535,280.539424597,224.239462354,332.300000000,0.000000000,0.000000000
point-0004925,10169.924129788,281.367206002,223.589462354,332.300000000,0.000000000,0.000000000
point-0004926,10172.644374006,285.900946366,223.589462354,332.300000000,0.000000000,0.000000000
point-0004927,10173.275864223,286.728727696,222.939462354,332.300000000,0.000000000,0.000000000
point-0004928,10175.996108396,282.194987408,222.939462354,332.300000000,0.000000000,0.000000000
point-0004929,10176.627598649,283.022768813,222.289462354,332.300000000,0.000000000,0.000000000
point-0004930,10179.347842776,287.556509025,222.289462354,332.300000000,0.000000000,0.000000000
point-0004931,10179.979332993,288.384290354,221.639462354,332.300000000,0.000000000,0.000000000
point-0004932,10182.699577074,283.850550219,221.639462354,332.300000000,0.000000000,0.000000000
point-0004933,10183.331067328,284.678331624,220.989462354,332.300000000,0.000000000,0.000000000
point-0004934,10186.051311363,289.212071683,220.989462354,332.300000000,0.000000000,0.000000000
point-0004935,10186.682801580,290.039853012,220.339462354,332.300000000,0.000000000,0.000000000
point-0004936,10189.403045569,285.506113030,220.339462354,332.300000000,0.000000000,0.000000000
point-0004937,10190.034535822,286.333894435,219.689462354,332.300000000,0.000000000,0.000000000
point-0004938,10192.754779766,290.867634341,219.689462354,332.300000000,0.000000000,0.000000000
point-0004939,10193.386269983,291.695415670,219.039462354,332.300000000,0.000000000,0.000000000
point-0004940,10196.106513880,287.161675841,219.039462354,332.300000000,0.000000000,0.000000000
point-0004941,10196.738004134,287.989457246,218.389462354,332.300000000,0.000000000,0.000000000
point-0004942,10199.458247985,292.523196999,218.389462354,332.300000000,0.000000000,0.000000000
point-0004943,10200.089738202,293.350978328,217.739462354,332.300000000,0.000000000,0.000000000
point-0004944,10202.809982008,288.817238652,217.739462354,332.300000000,0.000000000,0.000000000
point-0004945,10203.441472261,289.645020058,217.089462354,332.300000000,0.000000000,0.000000000
point-0004946,10206.161716021,294.178759657,217.089462354,332.300000000,0.000000000,0.000000000
point-0004947,10206.793206238,295.006540986,216.439462354,332.300000000,0.000000000,0.000000000
point-0004948,10209.513449953,290.472801463,216.439462354,332.300000000,0.000000000,0.000000000
point-0004949,10210.144940206,291.300582869,215.789462354,332.300000000,0.000000000,0.000000000
point-0004950,10212.865183874,295.834322316,215.789462354,332.300000000,0.000000000,0.000000000
point-0004951,10213.496674091,296.662103645,215.139462354,332.300000000,0.000000000,0.000000000
point-0004952,10216.216917713,292.128364274,215.139462354,332.300000000,0.000000000,0.000000000
point-0004953,10216.848407967,292.956145680,214.489462354,332.300000000,0.000000000,0.000000000
point-0004954,10219.568651543,297.489884974,214.489462354,332.300000000,0.000000000,0.000000000
point-0004955,10220.014618475,297.129381836,213.839462354,332.300000000,0.000000000,0.000000000
point-0004956,10222.021891325,293.783927085,213.839462354,332.300000000,0.000000000,0.000000000
point-0004957,10222.653381579,294.611708491,213.189462354,332.300000000,0.000000000,0.000000000
point-0004958,10223.857745289,296.618981341,213.189462354,332.300000000,0.000000000,0.000000000
point-0004959,10224.353611319,296.108580847,212.539462354,332.300000000,0.000000000,0.000000000
point-0004960,10224.755065889,295.439489896,212.539462354,332.300000000,0.000000000,0.000000000
point-0004961,10253.895338293,257.099869058,242.346821923,332.900000000,0.000000000,0.000000000
point-0004962,10283.535129427,296.146053410,212.085938023,332.900000000,0.000000000,0.000000000
point-0004963,10285.575114145,298.228785667,214.773325817,332.900000000,0.000000000,0.000000000
point-0004964,10314.926175864,259.562964157,244.739434126,332.900000000,0.000000000,0.000000000
point-0004965,10315.214903130,259.182606526,245.034210593,332.900000000,0.000000000,0.000000000
point-0004966,10317.254890179,257.099869058,242.346821923,332.900000000,0.000000000,0.000000000
point-0004967,10317.722670611,257.777803321,242.731834122,332.900000000,0.000000000,0.000000000
point-0004968,10320.054190493,261.663669792,242.731834122,332.900000000,0.000000000,0.000000000
point-0004969,10320.690849412,260.824962819,243.381834122,332.900000000,0.000000000,0.000000000
point-0004970,10322.216893479,258.281556042,243.381834122,332.900000000,0.000000000,0.000000000
point-0004971,10322.710306135,258.785308762,244.031834122,332.900000000,0.000000000,0.000000000
point-0004972,10323.430874385,259.986255847,244.031834122,332.900000000,0.000000000,0.000000000
point-0004973,10325.130516242,257.931530642,242.081834122,332.900000000,0.000000000,0.000000000
point-0004974,10327.873023915,262.502376765,242.081834122,332.900000000,0.000000000,0.000000000
point-0004975,10328.509682834,263.341083737,241.431834122,332.900000000,0.000000000,0.000000000
point-0004976,10331.252190466,258.770237684,241.431834122,332.900000000,0.000000000,0.000000000
point-0004977,10331.888849417,259.608944726,240.781834122,332.900000000,0.000000000,0.000000000
point-0004978,10334.631357007,264.179790710,240.781834122,332.900000000,0.000000000,0.000000000
point-0004979,10335.268015926,265.018497682,240.131834122,332.900000000,0.000000000,0.000000000
point-0004980,10338.010523475,260.447651768,240.131834122,332.900000000,0.000000000,0.000000000
point-0004981,10338.647182426,261.286358810,239.481834122,332.900000000,0.000000000,0.000000000
point-0004982,10341.389689933,265.857204655,239.481834122,332.900000000,0.000000000,0.000000000
point-0004983,10342.026348852,266.695911628,238.831834122,332.900000000,0.000000000,0.000000000
point-0004984,10344.768856317,262.125065852,238.831834122,332.900000000,0.000000000,0.000000000
point-0004985,10345.405515269,262.963772894,238.181834122,332.900000000,0.000000000,0.000000000
point-0004986,10348.148022693,267.534618600,238.181834122,332.900000000,0.000000000,0.000000000
point-0004987,10348.784681612,268.373325573,237.531834122,332.900000000,0.000000000,0.000000000
point-0004988,10351.527188994,263.802479936,237.531834122,332.900000000,0.000000000,0.000000000
point-0004989,10352.163847946,264.641186978,236.881834122,332.900000000,0.000000000,0.000000000
point-0004990,10354.906355286,269.212032545,236.881834122,332.900000000,0.000000000,0.000000000
point-0004991,10355.543014205,270.050739518,236.231834122,332.900000000,0.000000000,0.000000000
point-0004992,10358.285521504,265.479894020,236.231834122,332.900000000,0.000000000,0.000000000
point-0004993,10358.922180456,266.318601062,235.581834122,332.900000000,0.000000000,0.000000000
point-0004994,10361.664687713,270.889446491,235.581834122,332.900000000,0.000000000,0.000000000
point-0004995,10362.301346632,271.728153463,234.931834122,332.900000000,0.000000000,0.000000000
point-0004996,10365.043853847,267.157308104,234.931834122,332.900000000,0.000000000,0.000000000
point-0004997,10365.680512799,267.996015146,234.281834122,332.900000000,0.000000000,0.000000000
point-0004998,10368.423019973,272.566860436,234.281834122,332.900000000,0.000000000,0.000000000
point-0004999,10369.059678892,273.405567409,233.631834122,332.900000000,0.000000000,0.000000000
point-0005000,10371.802186025,268.834722188,233.631834122,332.900000000,0.000000000,0.000000000
point-0005001,10372.438844976,269.673429230,232.981834122,332.900000000,0.000000000,0.000000000
point-0005002,10375.181352067,274.244274381,232.981834122,332.900000000,0.000000000,0.000000000
point-0005003,10375.818010986,275.082981354,232.331834122,332.900000000,0.000000000,0.000000000
point-0005004,10378.560518035,270.512136272,232.331834122,332.900000000,0.000000000,0.000000000
point-0005005,10379.197176987,271.350843314,231.681834122,332.900000000,0.000000000,0.000000000
point-0005006,10381.939683995,275.921688326,231.681834122,332.900000000,0.000000000,0.000000000
point-0005007,10382.576342914,276.760395299,231.031834122,332.900000000,0.000000000,0.000000000
point-0005008,10385.318849880,272.189550355,231.031834122,332.900000000,0.000000000,0.000000000
point-0005009,10385.955508831,273.028257397,230.381834122,332.900000000,0.000000000,0.000000000
point-0005010,10388.698015756,277.599102272,230.381834122,332.900000000,0.000000000,0.000000000
point-0005011,10389.334674675,278.437809244,229.731834122,332.900000000,0.000000000,0.000000000
point-0005012,10392.077181558,273.866964439,229.731834122,332.900000000,0.000000000,0.000000000
point-0005013,10392.713840509,274.705671481,229.081834122,332.900000000,0.000000000,0.000000000
point-0005014,10395.456347351,279.276516217,229.081834122,332.900000000,0.000000000,0.000000000
point-0005015,10396.093006270,280.115223189,228.431834122,332.900000000,0.000000000,0.000000000
point-0005016,10398.835513069,275.544378523,228.431834122,332.900000000,0.000000000,0.000000000
point-0005017,10399.472172021,276.383085565,227.781834122,332.900000000,0.000000000,0.000000000
point-0005018,10402.214678779,280.953930162,227.781834122,332.900000000,0.000000000,0.000000000
point-0005019,10402.851337698,281.792637135,227.131834122,332.900000000,0.000000000,0.000000000
point-0005020,10405.593844414,277.221792607,227.131834122,332.900000000,0.000000000,0.000000000
point-0005021,10406.230503366,278.060499649,226.481834122,332.900000000,0.000000000,0.000000000
point-0005022,10408.973010041,282.631344107,226.481834122,332.900000000,0.000000000,0.000000000
point-0005023,10409.609668960,283.470051080,225.831834122,332.900000000,0.000000000,0.000000000
point-0005024,10412.352175593,278.899206691,225.831834122,332.900000000,0.000000000,0.000000000
point-0005025,10412.988834545,279.737913733,225.181834122,332.900000000,0.000000000,0.000000000
point-0005026,10415.731341137,284.308758053,225.181834122,332.900000000,0.000000000,0.000000000
point-0005027,10416.368000055,285.147465025,224.531834122,332.900000000,0.000000000,0.000000000
point-0005028,10419.110506605,280.576620775,224.531834122,332.900000000,0.000000000,0.000000000
point-0005029,10419.747165557,281.415327817,223.881834122,332.900000000,0.000000000,0.000000000
point-0005030,10422.489672066,285.986171998,223.881834122,332.900000000,0.000000000,0.000000000
point-0005031,10423.126330985,286.824878970,223.231834122,332.900000000,0.000000000,0.000000000
point-0005032,10425.868837451,282.254034859,223.231834122,332.900000000,0.000000000,0.000000000
point-0005033,10426.505496403,283.092741901,222.581834122,332.900000000,0.000000000,0.000000000
point-0005034,10429.248002828,287.663585943,222.581834122,332.900000000,0.000000000,0.000000000
point-0005035,10429.884661747,288.502292916,221.931834122,332.900000000,0.000000000,0.000000000
point-0005036,10432.627168131,283.931448943,221.931834122,332.900000000,0.000000000,0.000000000
point-0005037,10433.263827083,284.770155985,221.281834122,332.900000000,0.000000000,0.000000000
point-0005038,10436.006333425,289.340999888,221.281834122,332.900000000,0.000000000,0.000000000
point-0005039,10436.642992344,290.179706861,220.631834122,332.900000000,0.000000000,0.000000000
point-0005040,10439.385498644,285.608863027,220.631834122,332.900000000,0.000000000,0.000000000
point-0005041,10440.022157596,286.447570069,219.981834122,332.900000000,0.000000000,0.000000000
point-0005042,10442.764663855,291.018413834,219.981834122,332.900000000,0.000000000,0.000000000
point-0005043,10443.401322774,291.857120806,219.331834122,332.900000000,0.000000000,0.000000000
point-0005044,10446.143828991,287.286277111,219.331834122,332.900000000,0.000000000,0.000000000
point-0005045,10446.780487943,288.124984153,218.681834122,332.900000000,0.000000000,0.000000000
point-0005046,10449.522994118,292.695827779,218.681834122,332.900000000,0.000000000,0.000000000
point-0005047,10450.159653037,293.534534751,218.031834122,332.900000000,0.000000000,0.000000000
point-0005048,10452.902159171,288.963691195,218.031834122,332.900000000,0.000000000,0.000000000
point-0005049,10453.538818123,289.802398236,217.381834122,332.900000000,0.000000000,0.000000000
point-0005050,10456.281324215,294.373241724,217.381834122,332.900000000,0.000000000,0.000000000
point-0005051,10456.917983134,295.211948697,216.731834122,332.900000000,0.000000000,0.000000000
point-0005052,10459.660489185,290.641105278,216.731834122,332.900000000,0.000000000,0.000000000
point-0005053,10460.297148137,291.479812320,216.081834122,332.900000000,0.000000000,0.000000000
point-0005054,10463.039654146,296.050655669,216.081834122,332.900000000,0.000000000,0.000000000
point-0005055,10463.676313065,296.889362642,215.431834122,332.900000000,0.000000000,0.000000000
point-0005056,10466.418819033,292.318519362,215.431834122,332.900000000,0.000000000,0.000000000
point-0005057,10467.055477984,293.157226404,214.781834122,332.900000000,0.000000000,0.000000000
point-0005058,10469.797983911,297.728069614,214.781834122,332.900000000,0.000000000,0.000000000
point-0005059,10470.248530820,297.352080113,214.131834122,332.900000000,0.000000000,0.000000000
point-0005060,10472.262218820,293.995933446,214.131834122,332.900000000,0.000000000,0.000000000
point-0005061,10472.898877772,294.834640488,213.481834122,332.900000000,0.000000000,0.000000000
point-0005062,10474.107090572,296.848328488,213.481834122,332.900000000,0.000000000,0.000000000
point-0005063,10474.600502825,296.344576863,212.831834122,332.900000000,0.000000000,0.000000000
point-0005064,10475.003240425,295.673347530,212.831834122,332.900000000,0.000000000,0.000000000
point-0005065,10504.141022079,257.147526038,242.391317839,333.500000000,0.000000000,0.000000000
point-0005066,10533.780804431,296.381933258,212.374898153,333.500000000,0.000000000,0.000000000
point-0005067,10535.820788373,298.447839842,215.075240353,333.500000000,0.000000000,0.000000000
point-0005068,10565.171840621,259.595629603,244.799264564,333.500000000,0.000000000,0.000000000
point-0005069,10565.460568932,259.213437218,245.091661130,333.500000000,0.000000000,0.000000000
point-0005070,10567.500555069,257.147526038,242.391317839,333.500000000,0.000000000,0.000000000
point-0005071,10567.813407664,257.668529398,242.370452827,333.500000000,0.000000000,0.000000000
point-0005072,10570.578248998,262.276598289,242.370452827,333.500000000,0.000000000,0.000000000
point-0005073,10571.220092910,263.126211937,241.720452827,333.500000000,0.000000000,0.000000000
point-0005074,10573.984934207,258.518143108,241.720452827,333.500000000,0.000000000,0.000000000
point-0005075,10574.626778148,259.367756818,241.070452827,333.500000000,0.000000000,0.000000000
point-0005076,10577.391619409,263.975825586,241.070452827,333.500000000,0.000000000,0.000000000
point-0005077,10578.033463320,264.825439234,240.420452827,333.500000000,0.000000000,0.000000000
point-0005078,10580.798304544,260.217370528,240.420452827,333.500000000,0.000000000,0.000000000
point-0005079,10581.440148484,261.066984238,239.770452827,333.500000000,0.000000000,0.000000000
point-0005080,10584.204989671,265.675052883,239.770452827,333.500000000,0.000000000,0.000000000
point-0005081,10584.846833582,266.524666531,239.120452827,333.500000000,0.000000000,0.000000000
point-0005082,10587.611674732,261.916597948,239.120452827,333.500000000,0.000000000,0.000000000
point-0005083,10588.253518673,262.766211658,238.470452827,333.500000000,0.000000000,0.000000000
point-0005084,10591.018359785,267.374280179,238.470452827,333.500000000,0.000000000,0.000000000
point-0005085,10591.660203697,268.223893828,237.820452827,333.500000000,0.000000000,0.000000000
point-0005086,10594.425044773,263.615825368,237.820452827,333.500000000,0.000000000,0.000000000
point-0005087,10595.066888713,264.465439078,237.170452827,333.500000000,0.000000000,0.000000000
point-0005088,10597.831729752,269.073507476,237.170452827,333.500000000,0.000000000,0.000000000
point-0005089,10598.473573663,269.923121125,236.520452827,333.500000000,0.000000000,0.000000000
point-0005090,10601.238414665,265.315052788,236.520452827,333.500000000,0.000000000,0.000000000
point-0005091,10601.880258606,266.164666498,235.870452827,333.500000000,0.000000000,0.000000000
point-0005092,10604.645099571,270.772734773,235.870452827,333.500000000,0.000000000,0.000000000
point-0005093,10605.286943482,271.622348421,235.220452827,333.500000000,0.000000000,0.000000000
point-0005094,10608.051784410,267.014280208,235.220452827,333.500000000,0.000000000,0.000000000
point-0005095,10608.693628351,267.863893918,234.570452827,333.500000000,0.000000000,0.000000000
point-0005096,10611.458469242,272.471962070,234.570452827,333.500000000,0.000000000,0.000000000
point-0005097,10612.100313153,273.321575718,233.920452827,333.500000000,0.000000000,0.000000000
point-0005098,10614.865154007,268.713507628,233.920452827,333.500000000,0.000000000,0.000000000
point-0005099,10615.506997948,269.563121338,233.270452827,333.500000000,0.000000000,0.000000000
point-0005100,10618.271838764,274.171189367,233.270452827,333.500000000,0.000000000,0.000000000
point-0005101,10618.913682676,275.020803015,232.620452827,333.500000000,0.000000000,0.000000000
point-0005102,10621.678523456,270.412735048,232.620452827,333.500000000,0.000000000,0.000000000
point-0005103,10622.320367397,271.262348758,231.970452827,333.500000000,0.000000000,0.000000000
point-0005104,10625.085208140,275.870416663,231.970452827,333.500000000,0.000000000,0.000000000
point-0005105,10625.727052051,276.720030312,231.320452827,333.500000000,0.000000000,0.000000000
point-0005106,10628.491892757,272.111962468,231.320452827,333.500000000,0.000000000,0.000000000
point-0005107,10629.133736698,272.961576178,230.670452827,333.500000000,0.000000000,0.000000000
point-0005108,10631.898577367,277.569643960,230.670452827,333.500000000,0.000000000,0.000000000
point-0005109,10632.540421278,278.419257609,230.020452827,333.500000000,0.000000000,0.000000000
point-0005110,10635.305261910,273.811189889,230.020452827,333.500000000,0.000000000,0.000000000
point-0005111,10635.947105851,274.660803599,229.370452827,333.500000000,0.000000000,0.000000000
point-0005112,10638.711946446,279.268871257,229.370452827,333.500000000,0.000000000,0.000000000
point-0005113,10639.353790357,280.118484905,228.720452827,333.500000000,0.000000000,0.000000000
point-0005114,10642.118630915,275.510417309,228.720452827,333.500000000,0.000000000,0.000000000
point-0005115,10642.760474856,276.360031019,228.070452827,333.500000000,0.000000000,0.000000000
point-0005116,10645.525315377,280.968098554,228.070452827,333.500000000,0.000000000,0.000000000
point-0005117,10646.167159289,281.817712202,227.420452827,333.500000000,0.000000000,0.000000000
point-0005118,10648.931999773,277.209644729,227.420452827,333.500000000,0.000000000,0.000000000
point-0005119,10649.573843714,278.059258439,226.770452827,333.500000000,0.000000000,0.000000000
point-0005120,10652.338684161,282.667325851,226.770452827,333.500000000,0.000000000,0.000000000
point-0005121,10652.980528072,283.516939499,226.120452827,333.500000000,0.000000000,0.000000000
point-0005122,10655.745368483,278.908872149,226.120452827,333.500000000,0.000000000,0.000000000
point-0005123,10656.387212423,279.758485859,225.470452827,333.500000000,0.000000000,0.000000000
point-0005124,10659.152052797,284.366553147,225.470452827,333.500000000,0.000000000,0.000000000
point-0005125,10659.793896708,285.216166796,224.820452827,333.500000000,0.000000000,0.000000000
point-0005126,10662.558737044,280.608099569,224.820452827,333.500000000,0.000000000,0.000000000
point-0005127,10663.200580985,281.457713279,224.170452827,333.500000000,0.000000000,0.000000000
point-0005128,10665.965421284,286.065780444,224.170452827,333.500000000,0.000000000,0.000000000
point-0005129,10666.607265196,286.915394093,223.520452827,333.500000000,0.000000000,0.000000000
point-0005130,10669.372105458,282.307326989,223.520452827,333.500000000,0.000000000,0.000000000
point-0005131,10670.013949399,283.156940699,222.870452827,333.500000000,0.000000000,0.000000000
point-0005132,10672.778789624,287.765007741,222.870452827,333.500000000,0.000000000,0.000000000
point-0005133,10673.420633536,288.614621390,222.220452827,333.500000000,0.000000000,0.000000000
point-0005134,10676.185473724,284.006554409,222.220452827,333.500000000,0.000000000,0.000000000
point-0005135,10676.827317665,284.856168119,221.570452827,333.500000000,0.000000000,0.000000000
point-0005136,10679.592157816,289.464235038,221.570452827,333.500000000,0.000000000,0.000000000
point-0005137,10680.234001727,290.313848686,220.920452827,333.500000000,0.000000000,0.000000000
point-0005138,10682.998841842,285.705781829,220.920452827,333.500000000,0.000000000,0.000000000
point-0005139,10683.640685783,286.555395539,220.270452827,333.500000000,0.000000000,0.000000000
point-0005140,10686.405525860,291.163462335,220.270452827,333.500000000,0.000000000,0.000000000
point-0005141,10687.047369772,292.013075983,219.620452827,333.500000000,0.000000000,0.000000000
point-0005142,10689.812209812,287.405009249,219.620452827,333.500000000,0.000000000,0.000000000
point-0005143,10690.454053753,288.254622959,218.970452827,333.500000000,0.000000000,0.000000000
point-0005144,10693.218893756,292.862689632,218.970452827,333.500000000,0.000000000,0.000000000
point-0005145,10693.860737668,293.712303280,218.320452827,333.500000000,0.000000000,0.000000000
point-0005146,10696.625577634,289.104236669,218.320452827,333.500000000,0.000000000,0.000000000
point-0005147,10697.267421575,289.953850379,217.670452827,333.500000000,0.000000000,0.000000000
point-0005148,10700.032261505,294.561916928,217.670452827,333.500000000,0.000000000,0.000000000
point-0005149,10700.674105416,295.411530577,217.020452827,333.500000000,0.000000000,0.000000000
point-0005150,10703.438945309,290.803464089,217.020452827,333.500000000,0.000000000,0.000000000
point-0005151,10704.080789250,291.653077799,216.370452827,333.500000000,0.000000000,0.000000000
point-0005152,10706.845629105,296.261144225,216.370452827,333.500000000,0.000000000,0.000000000
point-0005153,10707.487473017,297.110757874,215.720452827,333.500000000,0.000000000,0.000000000
point-0005154,10710.252312835,292.502691509,215.720452827,333.500000000,0.000000000,0.000000000
point-0005155,10710.894156776,293.352305219,215.070452827,333.500000000,0.000000000,0.000000000
point-0005156,10713.658996558,297.960371522,215.070452827,333.500000000,0.000000000,0.000000000
point-0005157,10714.114183573,297.569165342,214.420452827,333.500000000,0.000000000,0.000000000
point-0005158,10716.134531421,294.201918929,214.420452827,333.500000000,0.000000000,0.000000000
point-0005159,10716.776375362,295.051532639,213.770452827,333.500000000,0.000000000,0.000000000
point-0005160,10717.988584070,297.071880487,213.770452827,333.500000000,0.000000000,0.000000000
point-0005161,10718.479629080,296.574595632,213.120452827,333.500000000,0.000000000,0.000000000
point-0005162,10718.883698650,295.901146349,213.120452827,333.500000000,0.000000000,0.000000000
point-0005163,10746.264202976,261.426984640,243.020452827,333.500000000,0.000000000,0.000000000
point-0005164,10748.316448100,258.006576101,243.020452827,333.500000000,0.000000000,0.000000000
point-0005165,10748.807493440,258.503861861,243.670452827,333.500000000,0.000000000,0.000000000
point-0005166,10750.051598918,260.577370992,243.670452827,333.500000000,0.000000000,0.000000000
point-0005167,10750.693442830,259.727757344,244.320452827,333.500000000,0.000000000,0.000000000
point-0005168,10751.129408663,259.001147622,244.320452827,333.500000000,0.000000000,0.000000000
point-0005169,10752.737091934,257.194029524,242.435275112,334.100000000,0.000000000,0.000000000
point-0005170,10782.376876895,296.611695526,212.659912861,334.100000000,0.000000000,0.000000000
point-0005171,10784.416860919,298.661010988,215.372867907,334.100000000,0.000000000,0.000000000
point-0005172,10813.767914237,259.627328738,244.858180865,334.100000000,0.000000000,0.000000000
point-0005173,10814.056644411,259.243348928,245.148231317,334.100000000,0.000000000,0.000000000
point-0005174,10816.096630416,257.194029524,242.435275112,334.100000000,0.000000000,0.000000000
point-0005175,10816.447583012,257.736064888,242.655116491,334.100000000,0.000000000,0.000000000
point-0005176,10819.033603274,262.046098659,242.655116491,334.100000000,0.000000000,0.000000000
point-0005177,10819.680643538,262.906591254,242.005116491,334.100000000,0.000000000,0.000000000
point-0005178,10822.467868823,258.261215779,242.005116491,334.100000000,0.000000000,0.000000000
point-0005179,10823.114909111,259.121708428,241.355116491,334.100000000,0.000000000,0.000000000
point-0005180,10825.902134364,263.767083849,241.355116491,334.100000000,0.000000000,0.000000000
point-0005181,10826.549174628,264.627576444,240.705116491,334.100000000,0.000000000,0.000000000
point-0005182,10829.336399849,259.982201076,240.705116491,334.100000000,0.000000000,0.000000000
point-0005183,10829.983440137,260.842693724,240.055116491,334.100000000,0.000000000,0.000000000
point-0005184,10832.770665326,265.488069039,240.055116491,334.100000000,0.000000000,0.000000000
point-0005185,10833.417705589,266.348561634,239.405116491,334.100000000,0.000000000,0.000000000
point-0005186,10836.204930746,261.703186373,239.405116491,334.100000000,0.000000000,0.000000000
point-0005187,10836.851971035,262.563679021,238.755116491,334.100000000,0.000000000,0.000000000
point-0005188,10839.639196160,267.209054229,238.755116491,334.100000000,0.000000000,0.000000000
point-0005189,10840.286236423,268.069546824,238.105116491,334.100000000,0.000000000,0.000000000
point-0005190,10843.073461516,263.424171670,238.105116491,334.100000000,0.000000000,0.000000000
point-0005191,10843.720501805,264.284664318,237.455116491,334.100000000,0.000000000,0.000000000
point-0005192,10846.507726865,268.930039419,237.455116491,334.100000000,0.000000000,0.000000000
point-0005193,10847.154767129,269.790532014,236.805116491,334.100000000,0.000000000,0.000000000
point-0005194,10849.941992157,265.145156966,236.805116491,334.100000000,0.000000000,0.000000000
point-0005195,10850.589032446,266.005649615,236.155116491,334.100000000,0.000000000,0.000000000
point-0005196,10853.376257443,270.651024609,236.155116491,334.100000000,0.000000000,0.000000000
point-0005197,10854.023297706,271.511517204,235.505116491,334.100000000,0.000000000,0.000000000
point-0005198,10856.810522671,266.866142263,235.505116491,334.100000000,0.000000000,0.000000000
point-0005199,10857.457562960,267.726634912,234.855116491,334.100000000,0.000000000,0.000000000
point-0005200,10860.244787892,272.372009799,234.855116491,334.100000000,0.000000000,0.000000000
point-0005201,10860.891828155,273.232502394,234.205116491,334.100000000,0.000000000,0.000000000
point-0005202,10863.679053056,268.587127560,234.205116491,334.100000000,0.000000000,0.000000000
point-0005203,10864.326093345,269.447620209,233.555116491,334.100000000,0.000000000,0.000000000
point-0005204,10867.113318213,274.092994990,233.555116491,334.100000000,0.000000000,0.000000000
point-0005205,10867.760358477,274.953487585,232.905116491,334.100000000,0.000000000,0.000000000
point-0005206,10870.547583313,270.308112857,232.905116491,334.100000000,0.000000000,0.000000000
point-0005207,10871.194623602,271.168605505,232.255116491,334.100000000,0.000000000,0.000000000
point-0005208,10873.981848406,275.813980180,232.255116491,334.100000000,0.000000000,0.000000000
point-0005209,10874.628888670,276.674472775,231.605116491,334.100000000,0.000000000,0.000000000
point-0005210,10877.416113442,272.029098154,231.605116491,334.100000000,0.000000000,0.000000000
point-0005211,10878.063153731,272.889590802,230.955116491,334.100000000,0.000000000,0.000000000
point-0005212,10880.850378471,277.534965370,230.955116491,334.100000000,0.000000000,0.000000000
point-0005213,10881.497418735,278.395457965,230.305116491,334.100000000,0.000000000,0.000000000
point-0005214,10884.284643443,273.750083451,230.305116491,334.100000000,0.000000000,0.000000000
point-0005215,10884.931683732,274.610576099,229.655116491,334.100000000,0.000000000,0.000000000
point-0005216,10887.718908408,279.255950560,229.655116491,334.100000000,0.000000000,0.000000000
point-0005217,10888.365948671,280.116443155,229.005116491,334.100000000,0.000000000,0.000000000
point-0005218,10891.153173316,275.471068747,229.005116491,334.100000000,0.000000000,0.000000000
point-0005219,10891.800213604,276.331561396,228.355116491,334.100000000,0.000000000,0.000000000
point-0005220,10894.587438217,280.976935750,228.355116491,334.100000000,0.000000000,0.000000000
point-0005221,10895.234478480,281.837428345,227.705116491,334.100000000,0.000000000,0.000000000
point-0005222,10898.021703060,277.192054044,227.705116491,334.100000000,0.000000000,0.000000000
point-0005223,10898.668743349,278.052546693,227.055116491,334.100000000,0.000000000,0.000000000
point-0005224,10901.455967897,282.697920940,227.055116491,334.100000000,0.000000000,0.000000000
point-0005225,10902.103008161,283.558413535,226.405116491,334.100000000,0.000000000,0.000000000
point-0005226,10904.890232677,278.913039341,226.405116491,334.100000000,0.000000000,0.000000000
point-0005227,10905.537272966,279.773531989,225.755116491,334.100000000,0.000000000,0.000000000
point-0005228,10908.324497450,284.418906130,225.755116491,334.100000000,0.000000000,0.000000000
point-0005229,10908.971537713,285.279398725,225.105116491,334.100000000,0.000000000,0.000000000
point-0005230,10911.758762165,280.634024638,225.105116491,334.100000000,0.000000000,0.000000000
point-0005231,10912.405802454,281.494517286,224.455116491,334.100000000,0.000000000,0.000000000
point-0005232,10915.193026874,286.139891320,224.455116491,334.100000000,0.000000000,0.000000000
point-0005233,10915.840067137,287.000383915,223.805116491,334.100000000,0.000000000,0.000000000
point-0005234,10918.627291525,282.355009935,223.805116491,334.100000000,0.000000000,0.000000000
point-0005235,10919.274331814,283.215502583,223.155116491,334.100000000,0.000000000,0.000000000
point-0005236,10922.061556170,287.860876510,223.155116491,334.100000000,0.000000000,0.000000000
point-0005237,10922.708596433,288.721369105,222.505116491,334.100000000,0.000000000,0.000000000
point-0005238,10925.495820757,284.075995232,222.505116491,334.100000000,0.000000000,0.000000000
point-0005239,10926.142861046,284.936487880,221.855116491,334.100000000,0.000000000,0.000000000
point-0005240,10928.930085338,289.581861700,221.855116491,334.100000000,0.000000000,0.000000000
point-0005241,10929.577125601,290.442354295,221.205116491,334.100000000,0.000000000,0.000000000
point-0005242,10932.364349861,285.796980528,221.205116491,334.100000000,0.000000000,0.000000000
point-0005243,10933.011390150,286.657473177,220.555116491,334.100000000,0.000000000,0.000000000
point-0005244,10935.798614378,291.302846890,220.555116491,334.100000000,0.000000000,0.000000000
point-0005245,10936.445654641,292.163339485,219.905116491,334.100000000,0.000000000,0.000000000
point-0005246,10939.232878837,287.517965825,219.905116491,334.100000000,0.000000000,0.000000000
point-0005247,10939.879919126,288.378458474,219.255116491,334.100000000,0.000000000,0.000000000
point-0005248,10942.667143290,293.023832080,219.255116491,334.100000000,0.000000000,0.000000000
point-0005249,10943.314183553,293.884324675,218.605116491,334.100000000,0.000000000,0.000000000
point-0005250,10946.101407685,289.238951122,218.605116491,334.100000000,0.000000000,0.000000000
point-0005251,10946.748447973,290.099443770,217.955116491,334.100000000,0.000000000,0.000000000
point-0005252,10949.535672073,294.744817270,217.955116491,334.100000000,0.000000000,0.000000000
point-0005253,10950.182712336,295.605309865,217.305116491,334.100000000,0.000000000,0.000000000
point-0005254,10952.969936404,290.959936419,217.305116491,334.100000000,0.000000000,0.000000000
point-0005255,10953.616976693,291.820429067,216.655116491,334.100000000,0.000000000,0.000000000
point-0005256,10956.404200729,296.465802460,216.655116491,334.100000000,0.000000000,0.000000000
point-0005257,10957.051240992,297.326295055,216.005116491,334.100000000,0.000000000,0.000000000
point-0005258,10959.838464996,292.680921716,216.005116491,334.100000000,0.000000000,0.000000000
point-0005259,10960.485505284,293.541414364,215.355116491,334.100000000,0.000000000,0.000000000
point-0005260,10963.272729256,298.186787650,215.355116491,334.100000000,0.000000000,0.000000000
point-0005261,10963.732605448,297.780633218,214.705116491,334.100000000,0.000000000,0.000000000
point-0005262,10965.759841172,294.401907013,214.705116491,334.100000000,0.000000000,0.000000000
point-0005263,10966.406881460,295.262399661,214.055116491,334.100000000,0.000000000,0.000000000
point-0005264,10967.623222894,297.289635384,214.055116491,334.100000000,0.000000000,0.000000000
point-0005265,10968.111984998,296.798637550,213.405116491,334.100000000,0.000000000,0.000000000
point-0005266,10968.517432143,296.122892309,213.405116491,334.100000000,0.000000000,0.000000000
point-0005267,10996.108456576,261.185606064,243.305116491,334.100000000,0.000000000,0.000000000
point-0005268,10997.883582140,258.227063456,243.305116491,334.100000000,0.000000000,0.000000000
point-0005269,10998.372344510,258.718062025,243.955116491,334.100000000,0.000000000,0.000000000
point-0005270,10999.336575377,260.325113469,243.955116491,334.100000000,0.000000000,0.000000000
point-0005271,10999.983615640,259.464620874,244.605116491,334.100000000,0.000000000,0.000000000
point-0005272,11000.136951809,259.209060593,244.605116491,334.100000000,0.000000000,0.000000000
point-0005273,11001.912940181,257.239375039,242.478658380,334.700000000,0.000000000,0.000000000
point-0005274,11031.552738652,296.835340797,212.940779128,334.700000000,0.000000000,0.000000000
point-0005275,11033.592723591,298.868311233,215.666005818,334.700000000,0.000000000,0.000000000
point-0005276,11062.943788200,259.658068479,244.916146580,334.700000000,0.000000000,0.000000000
point-0005277,11063.232520890,259.272348740,245.203886181,334.700000000,0.000000000,0.000000000
point-0005278,11065.272507535,257.239375039,242.478658380,334.700000000,0.000000000,0.000000000
point-0005279,11065.743274500,257.999870125,242.285623151,334.700000000,0.000000000,0.000000000
point-0005280,11068.552911546,262.682598536,242.285623151,334.700000000,0.000000000,0.000000000
point-0005281,11069.205154288,263.553933070,241.635623151,334.700000000,0.000000000,0.000000000
point-0005282,11072.014791307,258.871204705,241.635623151,334.700000000,0.000000000,0.000000000
point-0005283,11072.667034070,259.742539284,240.985623151,334.700000000,0.000000000,0.000000000
point-0005284,11075.476671062,264.425267605,240.985623151,334.700000000,0.000000000,0.000000000
point-0005285,11076.128913804,265.296602140,240.335623151,334.700000000,0.000000000,0.000000000
point-0005286,11078.938550769,260.613873864,240.335623151,334.700000000,0.000000000,0.000000000
point-0005287,11079.590793532,261.485208443,239.685623151,334.700000000,0.000000000,0.000000000
point-0005288,11082.400430471,266.167936675,239.685623151,334.700000000,0.000000000,0.000000000
point-0005289,11083.052673212,267.039271209,239.035623151,334.700000000,0.000000000,0.000000000
point-0005290,11085.862310124,262.356543023,239.035623151,334.700000000,0.000000000,0.000000000
point-0005291,11086.514552887,263.227877602,238.385623151,334.700000000,0.000000000,0.000000000
point-0005292,11089.324189772,267.910605744,238.385623151,334.700000000,0.000000000,0.000000000
point-0005293,11089.976432514,268.781940279,237.735623151,334.700000000,0.000000000,0.000000000
point-0005294,11092.786069372,264.099212182,237.735623151,334.700000000,0.000000000,0.000000000
point-0005295,11093.438312135,264.970546761,237.085623151,334.700000000,0.000000000,0.000000000
point-0005296,11096.247948966,269.653274813,237.085623151,334.700000000,0.000000000,0.000000000
point-0005297,11096.900191708,270.524609348,236.435623151,334.700000000,0.000000000,0.000000000
point-0005298,11099.709828512,265.841881341,236.435623151,334.700000000,0.000000000,0.000000000
point-0005299,11100.362071275,266.713215920,235.785623151,334.700000000,0.000000000,0.000000000
point-0005300,11103.171708053,271.395943883,235.785623151,334.700000000,0.000000000,0.000000000
point-0005301,11103.823950794,272.267278417,235.135623151,334.700000000,0.000000000,0.000000000
point-0005302,11106.633587545,267.584550500,235.135623151,334.700000000,0.000000000,0.000000000
point-0005303,11107.285830308,268.455885079,234.485623151,334.700000000,0.000000000,0.000000000
point-0005304,11110.095467031,273.138612952,234.485623151,334.700000000,0.000000000,0.000000000
point-0005305,11110.747709773,274.009947487,233.835623151,334.700000000,0.000000000,0.000000000
point-0005306,11113.557346470,269.327219659,233.835623151,334.700000000,0.000000000,0.000000000
point-0005307,11114.209589233,270.198554238,233.185623151,334.700000000,0.000000000,0.000000000
point-0005308,11117.019225903,274.881282022,233.185623151,334.700000000,0.000000000,0.000000000
point-0005309,11117.671468644,275.752616556,232.535623151,334.700000000,0.000000000,0.000000000
point-0005310,11120.481105288,271.069888817,232.535623151,334.700000000,0.000000000,0.000000000
point-0005311,11121.133348050,271.941223397,231.885623151,334.700000000,0.000000000,0.000000000
point-0005312,11123.942984667,276.623951091,231.885623151,334.700000000,0.000000000,0.000000000
point-0005313,11124.595227408,277.495285626,231.235623151,334.700000000,0.000000000,0.000000000
point-0005314,11127.404863998,272.812557976,231.235623151,334.700000000,0.000000000,0.000000000
point-0005315,11128.057106761,273.683892556,230.585623151,334.700000000,0.000000000,0.000000000
point-0005316,11130.866743323,278.366620160,230.585623151,334.700000000,0.000000000,0.000000000
point-0005317,11131.518986065,279.237954695,229.935623151,334.700000000,0.000000000,0.000000000
point-0005318,11134.328622601,274.555227135,229.935623151,334.700000000,0.000000000,0.000000000
point-0005319,11134.980865364,275.426561715,229.285623151,334.700000000,0.000000000,0.000000000
point-0005320,11137.790501873,280.109289230,229.285623151,334.700000000,0.000000000,0.000000000
point-0005321,11138.442744614,280.980623765,228.635623151,334.700000000,0.000000000,0.000000000
point-0005322,11141.252381096,276.297896294,228.635623151,334.700000000,0.000000000,0.000000000
point-0005323,11141.904623859,277.169230874,227.985623151,334.700000000,0.000000000,0.000000000
point-0005324,11144.714260314,281.851958299,227.985623151,334.700000000,0.000000000,0.000000000
point-0005325,11145.366503056,282.723292834,227.335623151,334.700000000,0.000000000,0.000000000
point-0005326,11148.176139484,278.040565453,227.335623151,334.700000000,0.000000000,0.000000000
point-0005327,11148.828382247,278.911900033,226.685623151,334.700000000,0.000000000,0.000000000
point-0005328,11151.638018649,283.594627369,226.685623151,334.700000000,0.000000000,0.000000000
point-0005329,11152.290261390,284.465961903,226.035623151,334.700000000,0.000000000,0.000000000
point-0005330,11155.099897765,279.783234612,226.035623151,334.700000000,0.000000000,0.000000000
point-0005331,11155.752140528,280.654569192,225.385623151,334.700000000,0.000000000,0.000000000
point-0005332,11158.561776875,285.337296438,225.385623151,334.700000000,0.000000000,0.000000000
point-0005333,11159.214019617,286.208630973,224.735623151,334.700000000,0.000000000,0.000000000
point-0005334,11162.023655938,281.525903771,224.735623151,334.700000000,0.000000000,0.000000000
point-0005335,11162.675898701,282.397238351,224.085623151,334.700000000,0.000000000,0.000000000
point-0005336,11165.485534995,287.079965507,224.085623151,334.700000000,0.000000000,0.000000000
point-0005337,11166.137777736,287.951300042,223.435623151,334.700000000,0.000000000,0.000000000
point-0005338,11168.947414003,283.268572930,223.435623151,334.700000000,0.000000000,0.000000000
point-0005339,11169.599656766,284.139907510,222.785623151,334.700000000,0.000000000,0.000000000
point-0005340,11172.409293007,288.822634577,222.785623151,334.700000000,0.000000000,0.000000000
point-0005341,11173.061535748,289.693969112,222.135623151,334.700000000,0.000000000,0.000000000
point-0005342,11175.871171961,285.011242089,222.135623151,334.700000000,0.000000000,0.000000000
point-0005343,11176.523414724,285.882576668,221.485623151,334.700000000,0.000000000,0.000000000
point-0005344,11179.333050911,290.565303646,221.485623151,334.700000000,0.000000000,0.000000000
point-0005345,11179.985293652,291.436638181,220.835623151,334.700000000,0.000000000,0.000000000
point-0005346,11182.794929812,286.753911248,220.835623151,334.700000000,0.000000000,0.000000000
point-0005347,11183.447172575,287.625245827,220.185623151,334.700000000,0.000000000,0.000000000
point-0005348,11186.256808708,292.307972716,220.185623151,334.700000000,0.000000000,0.000000000
point-0005349,11186.909051449,293.179307250,219.535623151,334.700000000,0.000000000,0.000000000
point-0005350,11189.718687555,288.496580407,219.535623151,334.700000000,0.000000000,0.000000000
point-0005351,11190.370930318,289.367914986,218.885623151,334.700000000,0.000000000,0.000000000
point-0005352,11193.180566398,294.050641785,218.885623151,334.700000000,0.000000000,0.000000000
point-0005353,11193.832809139,294.921976320,218.235623151,334.700000000,0.000000000,0.000000000
point-0005354,11196.642445191,290.239249566,218.235623151,334.700000000,0.000000000,0.000000000
point-0005355,11197.294687954,291.110584145,217.585623151,334.700000000,0.000000000,0.000000000
point-0005356,11200.104323980,295.793310854,217.585623151,334.700000000,0.000000000,0.000000000
point-0005357,11200.756566721,296.664645389,216.935623151,334.700000000,0.000000000,0.000000000
point-0005358,11203.566202720,291.981918725,216.935623151,334.700000000,0.000000000,0.000000000
point-0005359,11204.218445483,292.853253304,216.285623151,334.700000000,0.000000000,0.000000000
point-0005360,11207.028081454,297.535979924,216.285623151,334.700000000,0.000000000,0.000000000
point-0005361,11207.680324196,298.407314459,215.635623151,334.700000000,0.000000000,0.000000000
point-0005362,11210.489960141,293.724587884,215.635623151,334.700000000,0.000000000,0.000000000
point-0005363,11211.142202904,294.595922463,214.985623151,334.700000000,0.000000000,0.000000000
point-0005364,11213.176537358,297.986479888,214.985623151,334.700000000,0.000000000,0.000000000
point-0005365,11213.663098794,297.501591497,214.335623151,334.700000000,0.000000000,0.000000000
point-0005366,11214.883699467,295.467257043,214.335623151,334.700000000,0.000000000,0.000000000
point-0005367,11215.535942229,296.338591622,213.685623151,334.700000000,0.000000000,0.000000000
point-0005368,11215.942809120,297.016703107,213.685623151,334.700000000,0.000000000,0.000000000
point-0005369,11243.405415686,261.811264001,242.935623151,334.700000000,0.000000000,0.000000000
point-0005370,11245.719449371,257.954541192,242.935623151,334.700000000,0.000000000,0.000000000
point-0005371,11246.206011015,258.439430164,243.585623151,334.700000000,0.000000000,0.000000000
point-0005372,11247.706310597,260.939929466,243.585623151,334.700000000,0.000000000,0.000000000
point-0005373,11248.358553338,260.068594932,244.235623151,334.700000000,0.000000000,0.000000000
point-0005374,11249.045118816,258.924319135,244.235623151,334.700000000,0.000000000,0.000000000
point-0005375,11250.513654460,257.283558116,242.521432285,335.300000000,0.000000000,0.000000000
point-0005376,11280.153476305,297.052869653,213.217293945,335.300000000,0.000000000,0.000000000
point-0005377,11282.193462920,299.069752697,215.954451428,335.300000000,0.000000000,0.000000000
point-0005378,11311.544548181,259.687855737,244.973125257,335.300000000,0.000000000,0.000000000
point-0005379,11311.833283864,259.300443745,245.258590743,335.300000000,0.000000000,0.000000000
point-0005380,11313.873271869,257.283558116,242.521432285,335.300000000,0.000000000,0.000000000
point-0005381,11314.144943623,257.734543917,242.561770861,335.300000000,0.000000000,0.000000000
point-0005382,11316.976996191,262.454631530,242.561770861,335.300000000,0.000000000,0.000000000
point-0005383,11317.634441998,263.336761198,241.911770861,335.300000000,0.000000000,0.000000000
point-0005384,11320.466494546,258.616673618,241.911770861,335.300000000,0.000000000,0.000000000
point-0005385,11321.123940370,259.498803319,241.261770861,335.300000000,0.000000000,0.000000000
point-0005386,11323.955992898,264.218890866,241.261770861,335.300000000,0.000000000,0.000000000
point-0005387,11324.613438706,265.101020533,240.611770861,335.300000000,0.000000000,0.000000000
point-0005388,11327.445491214,260.380933020,240.611770861,335.300000000,0.000000000,0.000000000
point-0005389,11328.102937038,261.263062721,239.961770861,335.300000000,0.000000000,0.000000000
point-0005390,11330.934989526,265.983150201,239.961770861,335.300000000,0.000000000,0.000000000
point-0005391,11331.592435334,266.865279869,239.311770861,335.300000000,0.000000000,0.000000000
point-0005392,11334.424487803,262.145192422,239.311770861,335.300000000,0.000000000,0.000000000
point-0005393,11335.081933626,263.027322123,238.661770861,335.300000000,0.000000000,0.000000000
point-0005394,11337.913986075,267.747409537,238.661770861,335.300000000,0.000000000,0.000000000
point-0005395,11338.571431883,268.629539205,238.011770861,335.300000000,0.000000000,0.000000000
point-0005396,11341.403484312,263.909451824,238.011770861,335.300000000,0.000000000,0.000000000
point-0005397,11342.060930136,264.791581525,237.361770861,335.300000000,0.000000000,0.000000000
point-0005398,11344.892982545,269.511668873,237.361770861,335.300000000,0.000000000,0.000000000
point-0005399,11345.550428353,270.393798541,236.711770861,335.300000000,0.000000000,0.000000000
point-0005400,11348.382480742,265.673711226,236.711770861,335.300000000,0.000000000,0.000000000
point-0005401,11349.039926566,266.555840927,236.061770861,335.300000000,0.000000000,0.000000000
point-0005402,11351.871978935,271.275928209,236.061770861,335.300000000,0.000000000,0.000000000
point-0005403,11352.529424743,272.158057877,235.411770861,335.300000000,0.000000000,0.000000000
point-0005404,11355.361477092,267.437970628,235.411770861,335.300000000,0.000000000,0.000000000
point-0005405,11356.018922916,268.320100328,234.761770861,335.300000000,0.000000000,0.000000000
point-0005406,11358.850975246,273.040187545,234.761770861,335.300000000,0.000000000,0.000000000
point-0005407,11359.508421054,273.922317212,234.111770861,335.300000000,0.000000000,0.000000000
point-0005408,11362.340473364,269.202230029,234.111770861,335.300000000,0.000000000,0.000000000
point-0005409,11362.997919187,270.084359730,233.461770861,335.300000000,0.000000000,0.000000000
point-0005410,11365.829971477,274.804446880,233.461770861,335.300000000,0.000000000,0.000000000
point-0005411,11366.487417285,275.686576548,232.811770861,335.300000000,0.000000000,0.000000000
point-0005412,11369.319469556,270.966489431,232.811770861,335.300000000,0.000000000,0.000000000
point-0005413,11369.976915379,271.848619132,232.161770861,335.300000000,0.000000000,0.000000000
point-0005414,11372.808967630,276.568706216,232.161770861,335.300000000,0.000000000,0.000000000
point-0005415,11373.466413438,277.450835884,231.511770861,335.300000000,0.000000000,0.000000000
point-0005416,11376.298465668,272.730748833,231.511770861,335.300000000,0.000000000,0.000000000
point-0005417,11376.955911492,273.612878534,230.861770861,335.300000000,0.000000000,0.000000000
point-0005418,11379.787963703,278.332965552,230.861770861,335.300000000,0.000000000,0.000000000
point-0005419,11380.445409511,279.215095220,230.211770861,335.300000000,0.000000000,0.000000000
point-0005420,11383.277461702,274.495008235,230.211770861,335.300000000,0.000000000,0.000000000
point-0005421,11383.934907525,275.377137936,229.561770861,335.300000000,0.000000000,0.000000000
point-0005422,11386.766959696,280.097224888,229.561770861,335.300000000,0.000000000,0.000000000
point-0005423,11387.424405504,280.979354556,228.911770861,335.300000000,0.000000000,0.000000000
point-0005424,11390.256457656,276.259267637,228.911770861,335.300000000,0.000000000,0.000000000
point-0005425,11390.913903479,277.141397338,228.261770861,335.300000000,0.000000000,0.000000000
point-0005426,11393.745955611,281.861484224,228.261770861,335.300000000,0.000000000,0.000000000
point-0005427,11394.403401419,282.743613891,227.611770861,335.300000000,0.000000000,0.000000000
point-0005428,11397.235453530,278.023527039,227.611770861,335.300000000,0.000000000,0.000000000
point-0005429,11397.892899354,278.905656740,226.961770861,335.300000000,0.000000000,0.000000000
point-0005430,11400.724951446,283.625743559,226.961770861,335.300000000,0.000000000,0.000000000
point-0005431,11401.382397254,284.507873227,226.311770861,335.300000000,0.000000000,0.000000000
point-0005432,11404.214449326,279.787786441,226.311770861,335.300000000,0.000000000,0.000000000
point-0005433,11404.871895150,280.669916142,225.661770861,335.300000000,0.000000000,0.000000000
point-0005434,11407.703947202,285.390002895,225.661770861,335.300000000,0.000000000,0.000000000
point-0005435,11408.361393010,286.272132563,225.011770861,335.300000000,0.000000000,0.000000000
point-0005436,11411.193445042,281.552045843,225.011770861,335.300000000,0.000000000,0.000000000
point-0005437,11411.850890866,282.434175544,224.361770861,335.300000000,0.000000000,0.000000000
point-0005438,11414.682942878,287.154262231,224.361770861,335.300000000,0.000000000,0.000000000
point-0005439,11415.340388686,288.036391899,223.711770861,335.300000000,0.000000000,0.000000000
point-0005440,11418.172440679,283.316305245,223.711770861,335.300000000,0.000000000,0.000000000
point-0005441,11418.829886503,284.198434945,223.061770861,335.300000000,0.000000000,0.000000000
point-0005442,11421.661938475,288.918521567,223.061770861,335.300000000,0.000000000,0.000000000
point-0005443,11422.319384283,289.800651235,222.411770861,335.300000000,0.000000000,0.000000000
point-0005444,11425.151436236,285.080564646,222.411770861,335.300000000,0.000000000,0.000000000
point-0005445,11425.808882060,285.962694347,221.761770861,335.300000000,0.000000000,0.000000000
point-0005446,11428.640933993,290.682780903,221.761770861,335.300000000,0.000000000,0.000000000
point-0005447,11429.298379801,291.564910570,221.111770861,335.300000000,0.000000000,0.000000000
point-0005448,11432.130431714,286.844824048,221.111770861,335.300000000,0.000000000,0.000000000
point-0005449,11432.787877538,287.726953749,220.461770861,335.300000000,0.000000000,0.000000000
point-0005450,11435.619929432,292.447040238,220.461770861,335.300000000,0.000000000,0.000000000
point-0005451,11436.277375240,293.329169906,219.811770861,335.300000000,0.000000000,0.000000000
point-0005452,11439.109427113,288.609083450,219.811770861,335.300000000,0.000000000,0.000000000
point-0005453,11439.766872937,289.491213151,219.161770861,335.300000000,0.000000000,0.000000000
point-0005454,11442.598924791,294.211299574,219.161770861,335.300000000,0.000000000,0.000000000
point-0005455,11443.256370599,295.093429242,218.511770861,335.300000000,0.000000000,0.000000000
point-0005456,11446.088422433,290.373342852,218.511770861,335.300000000,0.000000000,0.000000000
point-0005457,11446.745868257,291.255472553,217.861770861,335.300000000,0.000000000,0.000000000
point-0005458,11449.577920071,295.975558910,217.861770861,335.300000000,0.000000000,0.000000000
point-0005459,11450.235365879,296.857688578,217.211770861,335.300000000,0.000000000,0.000000000
point-0005460,11453.067417673,292.137602254,217.211770861,335.300000000,0.000000000,0.000000000
point-0005461,11453.724863497,293.019731955,216.561770861,335.300000000,0.000000000,0.000000000
point-0005462,11456.556915272,297.739818246,216.561770861,335.300000000,0.000000000,0.000000000
point-0005463,11457.214361080,298.621947914,215.911770861,335.300000000,0.000000000,0.000000000
point-0005464,11460.046412834,293.901861656,215.911770861,335.300000000,0.000000000,0.000000000
point-0005465,11460.703858658,294.783991357,215.261770861,335.300000000,0.000000000,0.000000000
point-0005466,11462.745485006,298.186701937,215.261770861,335.300000000,0.000000000,0.000000000
point-0005467,11463.229926003,297.707747406,214.611770861,335.300000000,0.000000000,0.000000000
point-0005468,11464.454901812,295.666121058,214.611770861,335.300000000,0.000000000,0.000000000
point-0005469,11465.112347636,296.548250759,213.961770861,335.300000000,0.000000000,0.000000000
point-0005470,11465.520672905,297.228792875,213.961770861,335.300000000,0.000000000,0.000000000
point-0005471,11493.191887045,261.572501862,243.211770861,335.300000000,0.000000000,0.000000000
point-0005472,11495.236457902,258.164883766,243.211770861,335.300000000,0.000000000,0.000000000
point-0005473,11495.720899057,258.643838740,243.861770861,335.300000000,0.000000000,0.000000000
point-0005474,11496.948819129,260.690372194,243.861770861,335.300000000,0.000000000,0.000000000
point-0005475,11497.606264937,259.808242526,244.511770861,335.300000000,0.000000000,0.000000000
point-0005476,11498.017534224,259.122793715,244.511770861,335.300000000,0.000000000,0.000000000
point-0005477,11499.647716006,257.326574298,242.563561474,335.900000000,0.000000000,0.000000000
point-0005478,11529.287569574,297.264282675,213.489254307,335.900000000,0.000000000,0.000000000
point-0005479,11531.327558518,299.265347495,216.238002073,335.900000000,0.000000000,0.000000000
point-0005480,11560.967411430,259.327640997,245.312309965,335.900000000,0.000000000,0.000000000
point-0005481,11563.007401389,257.326574298,242.563561474,335.900000000,0.000000000,0.000000000
point-0005482,11563.384414343,257.894059903,242.833357689,335.900000000,0.000000000,0.000000000
point-0005483,11565.981844085,262.223109473,242.833357689,335.900000000,0.000000000,0.000000000
point-0005484,11566.644487697,261.330241814,243.483357689,335.900000000,0.000000000,0.000000000
point-0005485,11568.422279993,258.367254653,243.483357689,335.900000000,0.000000000,0.000000000
point-0005486,11568.904678975,258.840449403,244.133357689,335.900000000,0.000000000,0.000000000
point-0005487,11569.862833825,260.437374155,244.133357689,335.900000000,0.000000000,0.000000000
point-0005488,11570.525477437,259.544506496,244.783357689,335.900000000,0.000000000,0.000000000
point-0005489,11570.663994843,259.313644153,244.783357689,335.900000000,0.000000000,0.000000000
point-0005490,11572.325916192,258.358566243,242.183357689,335.900000000,0.000000000,0.000000000
point-0005491,11575.180362726,263.115977132,242.183357689,335.900000000,0.000000000,0.000000000
point-0005492,11575.843006338,264.008844791,241.533357689,335.900000000,0.000000000,0.000000000
point-0005493,11578.697452859,259.251433922,241.533357689,335.900000000,0.000000000,0.000000000
point-0005494,11579.360096480,260.144301601,240.883357689,335.900000000,0.000000000,0.000000000
point-0005495,11582.214542989,264.901712450,240.883357689,335.900000000,0.000000000,0.000000000
point-0005496,11582.877186601,265.794580108,240.233357689,335.900000000,0.000000000,0.000000000
point-0005497,11585.731633098,261.037169281,240.233357689,335.900000000,0.000000000,0.000000000
point-0005498,11586.394276720,261.930036960,239.583357689,335.900000000,0.000000000,0.000000000
point-0005499,11589.248723204,266.687447767,239.583357689,335.900000000,0.000000000,0.000000000
point-0005500,11589.911366816,267.580315426,238.933357689,335.900000000,0.000000000,0.000000000
point-0005501,11592.765813288,262.822904639,238.933357689,335.900000000,0.000000000,0.000000000
point-0005502,11593.428456910,263.715772319,238.283357689,335.900000000,0.000000000,0.000000000
point-0005503,11596.282903370,268.473183085,238.283357689,335.900000000,0.000000000,0.000000000
point-0005504,11596.945546982,269.366050744,237.633357689,335.900000000,0.000000000,0.000000000
point-0005505,11599.799993430,264.608639998,237.633357689,335.900000000,0.000000000,0.000000000
point-0005506,11600.462637052,265.501507677,236.983357689,335.900000000,0.000000000,0.000000000
point-0005507,11603.317083487,270.258918403,236.983357689,335.900000000,0.000000000,0.000000000
point-0005508,11603.979727099,271.151786062,236.333357689,335.900000000,0.000000000,0.000000000
point-0005509,11606.834173523,266.394375356,236.333357689,335.900000000,0.000000000,0.000000000
point-0005510,11607.496817144,267.287243036,235.683357689,335.900000000,0.000000000,0.000000000
point-0005511,11610.351263556,272.044653721,235.683357689,335.900000000,0.000000000,0.000000000
point-0005512,11611.013907168,272.937521380,235.033357689,335.900000000,0.000000000,0.000000000
point-0005513,11613.868353567,268.180110715,235.033357689,335.900000000,0.000000000,0.000000000
point-0005514,11614.530997189,269.072978394,234.383357689,335.900000000,0.000000000,0.000000000
point-0005515,11617.385443575,273.830389039,234.383357689,335.900000000,0.000000000,0.000000000
point-0005516,11618.048087187,274.723256698,233.733357689,335.900000000,0.000000000,0.000000000
point-0005517,11620.902533562,269.965846074,233.733357689,335.900000000,0.000000000,0.000000000
point-0005518,11621.565177184,270.858713753,233.083357689,335.900000000,0.000000000,0.000000000
point-0005519,11624.419623546,275.616124357,233.083357689,335.900000000,0.000000000,0.000000000
point-0005520,11625.082267158,276.508992016,232.433357689,335.900000000,0.000000000,0.000000000
point-0005521,11627.936713509,271.751581432,232.433357689,335.900000000,0.000000000,0.000000000
point-0005522,11628.599357130,272.644449112,231.783357689,335.900000000,0.000000000,0.000000000
point-0005523,11631.453803469,277.401859675,231.783357689,335.900000000,0.000000000,0.000000000
point-0005524,11632.116447080,278.294727334,231.133357689,335.900000000,0.000000000,0.000000000
point-0005525,11634.970893406,273.537316791,231.133357689,335.900000000,0.000000000,0.000000000
point-0005526,11635.633537028,274.430184470,230.483357689,335.900000000,0.000000000,0.000000000
point-0005527,11638.487983342,279.187594993,230.483357689,335.900000000,0.000000000,0.000000000
point-0005528,11639.150626954,280.080462652,229.833357689,335.900000000,0.000000000,0.000000000
point-0005529,11642.005073255,275.323052149,229.833357689,335.900000000,0.000000000,0.000000000
point-0005530,11642.667716877,276.215919829,229.183357689,335.900000000,0.000000000,0.000000000
point-0005531,11645.522163166,280.973330311,229.183357689,335.900000000,0.000000000,0.000000000
point-0005532,11646.184806778,281.866197970,228.533357689,335.900000000,0.000000000,0.000000000
point-0005533,11649.039253056,277.108787508,228.533357689,335.900000000,0.000000000,0.000000000
point-0005534,11649.701896677,278.001655187,227.883357689,335.900000000,0.000000000,0.000000000
point-0005535,11652.556342942,282.759065629,227.883357689,335.900000000,0.000000000,0.000000000
point-0005536,11653.218986554,283.651933288,227.233357689,335.900000000,0.000000000,0.000000000
point-0005537,11656.073432807,278.894522867,227.233357689,335.900000000,0.000000000,0.000000000
point-0005538,11656.736076429,279.787390546,226.583357689,335.900000000,0.000000000,0.000000000
point-0005539,11659.590522669,284.544800947,226.583357689,335.900000000,0.000000000,0.000000000
point-0005540,11660.253166281,285.437668606,225.933357689,335.900000000,0.000000000,0.000000000
point-0005541,11663.107612510,280.680258225,225.933357689,335.900000000,0.000000000,0.000000000
point-0005542,11663.770256131,281.573125905,225.283357689,335.900000000,0.000000000,0.000000000
point-0005543,11666.624702348,286.330536265,225.283357689,335.900000000,0.000000000,0.000000000
point-0005544,11667.287345959,287.223403924,224.633357689,335.900000000,0.000000000,0.000000000
point-0005545,11670.141792164,282.465993584,224.633357689,335.900000000,0.000000000,0.000000000
point-0005546,11670.804435785,283.358861263,223.983357689,335.900000000,0.000000000,0.000000000
point-0005547,11673.658881977,288.116271583,223.983357689,335.900000000,0.000000000,0.000000000
point-0005548,11674.321525589,289.009139242,223.333357689,335.900000000,0.000000000,0.000000000
point-0005549,11677.175971769,284.251728943,223.333357689,335.900000000,0.000000000,0.000000000
point-0005550,11677.838615390,285.144596622,222.683357689,335.900000000,0.000000000,0.000000000
point-0005551,11680.693061558,289.902006901,222.683357689,335.900000000,0.000000000,0.000000000
point-0005552,11681.355705170,290.794874560,222.033357689,335.900000000,0.000000000,0.000000000
point-0005553,11684.210151325,286.037464301,222.033357689,335.900000000,0.000000000,0.000000000
point-0005554,11684.872794947,286.930331980,221.383357689,335.900000000,0.000000000,0.000000000
point-0005555,11687.727241090,291.687742219,221.383357689,335.900000000,0.000000000,0.000000000
point-0005556,11688.389884702,292.580609878,220.733357689,335.900000000,0.000000000,0.000000000
point-0005557,11691.244330833,287.823199660,220.733357689,335.900000000,0.000000000,0.000000000
point-0005558,11691.906974454,288.716067339,220.083357689,335.900000000,0.000000000,0.000000000
point-0005559,11694.761420573,293.473477537,220.083357689,335.900000000,0.000000000,0.000000000
point-0005560,11695.424064185,294.366345196,219.433357689,335.900000000,0.000000000,0.000000000
point-0005561,11698.278510291,289.608935018,219.433357689,335.900000000,0.000000000,0.000000000
point-0005562,11698.941153913,290.501802698,218.783357689,335.900000000,0.000000000,0.000000000
point-0005563,11701.795600007,295.259212855,218.783357689,335.900000000,0.000000000,0.000000000
point-0005564,11702.458243619,296.152080514,218.133357689,335.900000000,0.000000000,0.000000000
point-0005565,11705.312689701,291.394670377,218.133357689,335.900000000,0.000000000,0.000000000
point-0005566,11705.975333323,292.287538056,217.483357689,335.900000000,0.000000000,0.000000000
point-0005567,11708.829779393,297.044948173,217.483357689,335.900000000,0.000000000,0.000000000
point-0005568,11709.492423005,297.937815832,216.833357689,335.900000000,0.000000000,0.000000000
point-0005569,11712.346869063,293.180405736,216.833357689,335.900000000,0.000000000,0.000000000
point-0005570,11713.009512684,294.073273415,216.183357689,335.900000000,0.000000000,0.000000000
point-0005571,11715.863958730,298.830683491,216.183357689,335.900000000,0.000000000,0.000000000
point-0005572,11716.338091162,298.381296368,215.533357689,335.900000000,0.000000000,0.000000000
point-0005573,11718.387184326,294.966141094,215.533357689,335.900000000,0.000000000,0.000000000
point-0005574,11719.049827948,295.859008773,214.883357689,335.900000000,0.000000000,0.000000000
point-0005575,11720.279283846,297.908101938,214.883357689,335.900000000,0.000000000,0.000000000
point-0005576,11720.761682715,297.434907508,214.233357689,335.900000000,0.000000000,0.000000000
point-0005577,11721.171501348,296.751876453,214.233357689,335.900000000,0.000000000,0.000000000
point-0005578,11750.296958662,257.368419135,242.605010601,336.500000000,0.000000000,0.000000000
point-0005579,11779.936850385,297.469580440,213.756457217,336.500000000,0.000000000,0.000000000
point-0005580,11781.976842171,299.455107735,216.516455093,336.500000000,0.000000000,0.000000000
point-0005581,11811.616733460,259.353947696,245.365008998,336.500000000,0.000000000,0.000000000
point-0005582,11813.656725944,257.368419135,242.605010601,336.500000000,0.000000000,0.000000000
point-0005583,11814.103845667,258.097356970,242.450181712,336.500000000,0.000000000,0.000000000
point-0005584,11816.980638083,262.892010996,242.450181712,336.500000000,0.000000000,0.000000000
point-0005585,11817.648468068,261.988473366,243.100181712,336.500000000,0.000000000,0.000000000
point-0005586,11819.985028043,258.094206740,243.100181712,336.500000000,0.000000000,0.000000000
point-0005587,11820.465461335,258.561813376,243.750181712,336.500000000,0.000000000,0.000000000
point-0005588,11821.979334751,261.084935736,243.750181712,336.500000000,0.000000000,0.000000000
point-0005589,11822.647164737,260.181398105,244.400181712,336.500000000,0.000000000,0.000000000
point-0005590,11823.338351593,259.029420011,244.400181712,336.500000000,0.000000000,0.000000000
point-0005591,11824.898445479,259.000894615,241.800181712,336.500000000,0.000000000,0.000000000
point-0005592,11827.775237885,263.795548626,241.800181712,336.500000000,0.000000000,0.000000000
point-0005593,11828.443067871,264.699086256,241.150181712,336.500000000,0.000000000,0.000000000
point-0005594,11831.319860268,259.904432260,241.150181712,336.500000000,0.000000000,0.000000000
point-0005595,11831.987690261,260.807969905,240.500181712,336.500000000,0.000000000,0.000000000
point-0005596,11834.864482650,265.602623886,240.500181712,336.500000000,0.000000000,0.000000000
point-0005597,11835.532312635,266.506161516,239.850181712,336.500000000,0.000000000,0.000000000
point-0005598,11838.409105015,261.711507550,239.850181712,336.500000000,0.000000000,0.000000000
point-0005599,11839.076935008,262.615045195,239.200181712,336.500000000,0.000000000,0.000000000
point-0005600,11841.953727379,267.409699146,239.200181712,336.500000000,0.000000000,0.000000000
point-0005601,11842.621557364,268.313236776,238.550181712,336.500000000,0.000000000,0.000000000
point-0005602,11845.498349726,263.518582840,238.550181712,336.500000000,0.000000000,0.000000000
point-0005603,11846.166179719,264.422120484,237.900181712,336.500000000,0.000000000,0.000000000
point-0005604,11849.042972072,269.216774406,237.900181712,336.500000000,0.000000000,0.000000000
point-0005605,11849.710802058,270.120312036,237.250181712,336.500000000,0.000000000,0.000000000
point-0005606,11852.587594402,265.325658129,237.250181712,336.500000000,0.000000000,0.000000000
point-0005607,11853.255424395,266.229195774,236.600181712,336.500000000,0.000000000,0.000000000
point-0005608,11856.132216730,271.023849666,236.600181712,336.500000000,0.000000000,0.000000000
point-0005609,11856.800046715,271.927387296,235.950181712,336.500000000,0.000000000,0.000000000
point-0005610,11859.676839041,267.132733419,235.950181712,336.500000000,0.000000000,0.000000000
point-0005611,11860.344669034,268.036271064,235.300181712,336.500000000,0.000000000,0.000000000
point-0005612,11863.221461351,272.830924926,235.300181712,336.500000000,0.000000000,0.000000000
point-0005613,11863.889291337,273.734462556,234.650181712,336.500000000,0.000000000,0.000000000
point-0005614,11866.766083645,268.939808709,234.650181712,336.500000000,0.000000000,0.000000000
point-0005615,11867.433913638,269.843346354,234.000181712,336.500000000,0.000000000,0.000000000
point-0005616,11870.310705937,274.638000186,234.000181712,336.500000000,0.000000000,0.000000000
point-0005617,11870.978535923,275.541537816,233.350181712,336.500000000,0.000000000,0.000000000
point-0005618,11873.855328213,270.746883999,233.350181712,336.500000000,0.000000000,0.000000000
point-0005619,11874.523158206,271.650421644,232.700181712,336.500000000,0.000000000,0.000000000
point-0005620,11877.399950487,276.445075447,232.700181712,336.500000000,0.000000000,0.000000000
point-0005621,11878.067780473,277.348613077,232.050181712,336.500000000,0.000000000,0.000000000
point-0005622,11880.944572745,272.553959289,232.050181712,336.500000000,0.000000000,0.000000000
point-0005623,11881.612402738,273.457496934,231.400181712,336.500000000,0.000000000,0.000000000
point-0005624,11884.489195002,278.252150707,231.400181712,336.500000000,0.000000000,0.000000000
point-0005625,11885.157024987,279.155688337,230.750181712,336.500000000,0.000000000,0.000000000
point-0005626,11888.033817242,274.361034579,230.750181712,336.500000000,0.000000000,0.000000000
point-0005627,11888.701647235,275.264572224,230.100181712,336.500000000,0.000000000,0.000000000
point-0005628,11891.578439480,280.059225967,230.100181712,336.500000000,0.000000000,0.000000000
point-0005629,11892.246269466,280.962763597,229.450181712,336.500000000,0.000000000,0.000000000
point-0005630,11895.123061703,276.168109869,229.450181712,336.500000000,0.000000000,0.000000000
point-0005631,11895.790891695,277.071647514,228.800181712,336.500000000,0.000000000,0.000000000
point-0005632,11898.667683923,281.866301227,228.800181712,336.500000000,0.000000000,0.000000000
point-0005633,11899.335513909,282.769838857,228.150181712,336.500000000,0.000000000,0.000000000
point-0005634,11902.212306127,277.975185159,228.150181712,336.500000000,0.000000000,0.000000000
point-0005635,11902.880136120,278.878722804,227.500181712,336.500000000,0.000000000,0.000000000
point-0005636,11905.756928330,283.673376487,227.500181712,336.500000000,0.000000000,0.000000000
point-0005637,11906.424758316,284.576914117,226.850181712,336.500000000,0.000000000,0.000000000
point-0005638,11909.301550517,279.782260449,226.850181712,336.500000000,0.000000000,0.000000000
point-0005639,11909.969380509,280.685798094,226.200181712,336.500000000,0.000000000,0.000000000
point-0005640,11912.846172701,285.480451747,226.200181712,336.500000000,0.000000000,0.000000000
point-0005641,11913.514002687,286.383989377,225.550181712,336.500000000,0.000000000,0.000000000
point-0005642,11916.390794870,281.589335739,225.550181712,336.500000000,0.000000000,0.000000000
point-0005643,11917.058624863,282.492873384,224.900181712,336.500000000,0.000000000,0.000000000
point-0005644,11919.935417037,287.287527007,224.900181712,336.500000000,0.000000000,0.000000000
point-0005645,11920.603247022,288.191064637,224.250181712,336.500000000,0.000000000,0.000000000
point-0005646,11923.480039188,283.396411029,224.250181712,336.500000000,0.000000000,0.000000000
point-0005647,11924.147869180,284.299948674,223.600181712,336.500000000,0.000000000,0.000000000
point-0005648,11927.024661337,289.094602267,223.600181712,336.500000000,0.000000000,0.000000000
point-0005649,11927.692491322,289.998139897,222.950181712,336.500000000,0.000000000,0.000000000
point-0005650,11930.569283469,285.203486319,222.950181712,336.500000000,0.000000000,0.000000000
point-0005651,11931.237113462,286.107023964,222.300181712,336.500000000,0.000000000,0.000000000
point-0005652,11934.113905601,290.901677528,222.300181712,336.500000000,0.000000000,0.000000000
point-0005653,11934.781735586,291.805215158,221.650181712,336.500000000,0.000000000,0.000000000
point-0005654,11937.658527715,287.010561609,221.650181712,336.500000000,0.000000000,0.000000000
point-0005655,11938.326357708,287.914099254,221.000181712,336.500000000,0.000000000,0.000000000
point-0005656,11941.203149829,292.708752788,221.000181712,336.500000000,0.000000000,0.000000000
point-0005657,11941.870979814,293.612290418,220.350181712,336.500000000,0.000000000,0.000000000
point-0005658,11944.747771926,288.817636899,220.350181712,336.500000000,0.000000000,0.000000000
point-0005659,11945.415601919,289.721174544,219.700181712,336.500000000,0.000000000,0.000000000
point-0005660,11948.292394021,294.515828048,219.700181712,336.500000000,0.000000000,0.000000000
point-0005661,11948.960224007,295.419365678,219.050181712,336.500000000,0.000000000,0.000000000
point-0005662,11951.837016100,290.624712189,219.050181712,336.500000000,0.000000000,0.000000000
point-0005663,11952.504846093,291.528249833,218.400181712,336.500000000,0.000000000,0.000000000
point-0005664,11955.381638178,296.322903308,218.400181712,336.500000000,0.000000000,0.000000000
point-0005665,11956.049468163,297.226440938,217.750181712,336.500000000,0.000000000,0.000000000
point-0005666,11958.926260239,292.431787478,217.750181712,336.500000000,0.000000000,0.000000000
point-0005667,11959.594090232,293.335325123,217.100181712,336.500000000,0.000000000,0.000000000
point-0005668,11962.470882299,298.129978568,217.100181712,336.500000000,0.000000000,0.000000000
point-0005669,11963.138712284,299.033516198,216.450181712,336.500000000,0.000000000,0.000000000
point-0005670,11966.015504342,294.238862768,216.450181712,336.500000000,0.000000000,0.000000000
point-0005671,11966.683334335,295.142400413,215.800181712,336.500000000,0.000000000,0.000000000
point-0005672,11968.740050441,298.570260590,215.800181712,336.500000000,0.000000000,0.000000000
point-0005673,11969.220483659,298.102654164,215.150181712,336.500000000,0.000000000,0.000000000
point-0005674,11970.454513322,296.045938058,215.150181712,336.500000000,0.000000000,0.000000000
point-0005675,11971.122343315,296.949475703,214.500181712,336.500000000,0.000000000,0.000000000
point-0005676,11971.533686536,297.635047739,214.500181712,336.500000000,0.000000000,0.000000000
point-0005677,12000.992773184,257.409088182,242.645744323,337.100000000,0.000000000,0.000000000
point-0005678,12030.632707256,297.668763528,214.018699681,337.100000000,0.000000000,0.000000000
point-0005679,12032.672702232,299.639045522,216.789607822,337.100000000,0.000000000,0.000000000
point-0005680,12062.312636065,259.379370877,245.416652763,337.100000000,0.000000000,0.000000000
point-0005681,12064.352631431,257.409088182,242.645744323,337.100000000,0.000000000,0.000000000
point-0005682,12064.610392487,257.833543622,242.712041017,337.100000000,0.000000000,0.000000000
point-0005683,12067.509454306,262.665313320,242.712041017,337.100000000,0.000000000,0.000000000
point-0005684,12068.182452760,261.751185139,243.362041017,337.100000000,0.000000000,0.000000000
point-0005685,12070.261247202,258.286527735,243.362041017,337.100000000,0.000000000,0.000000000
point-0005686,12070.739789535,258.748716862,244.012041017,337.100000000,0.000000000,0.000000000
point-0005687,12071.992793593,260.837056958,244.012041017,337.100000000,0.000000000,0.000000000
point-0005688,12072.665792047,259.922928777,244.662041017,337.100000000,0.000000000,0.000000000
point-0005689,12073.093005720,259.210905989,244.662041017,337.100000000,0.000000000,0.000000000
point-0005690,12074.677572199,258.747671811,242.062041017,337.100000000,0.000000000,0.000000000
point-0005691,12077.576634013,263.579441501,242.062041017,337.100000000,0.000000000,0.000000000
point-0005692,12078.249632467,264.493569682,241.412041017,337.100000000,0.000000000,0.000000000
point-0005693,12081.148694276,259.661800001,241.412041017,337.100000000,0.000000000,0.000000000
point-0005694,12081.821692734,260.575928191,240.762041017,337.100000000,0.000000000,0.000000000
point-0005695,12084.720754538,265.407697863,240.762041017,337.100000000,0.000000000,0.000000000
point-0005696,12085.393752992,266.321826044,240.112041017,337.100000000,0.000000000,0.000000000
point-0005697,12088.292814790,261.490056380,240.112041017,337.100000000,0.000000000,0.000000000
point-0005698,12088.965813249,262.404184570,239.462041017,337.100000000,0.000000000,0.000000000
point-0005699,12091.864875042,267.235954225,239.462041017,337.100000000,0.000000000,0.000000000
point-0005700,12092.537873496,268.150082406,238.812041017,337.100000000,0.000000000,0.000000000
point-0005701,12095.436935284,263.318312759,238.812041017,337.100000000,0.000000000,0.000000000
point-0005702,12096.109933743,264.232440949,238.162041017,337.100000000,0.000000000,0.000000000
point-0005703,12099.008995526,269.064210587,238.162041017,337.100000000,0.000000000,0.000000000
point-0005704,12099.681993980,269.978338768,237.512041017,337.100000000,0.000000000,0.000000000
point-0005705,12102.581055758,265.146569139,237.512041017,337.100000000,0.000000000,0.000000000
point-0005706,12103.254054216,266.060697328,236.862041017,337.100000000,0.000000000,0.000000000
point-0005707,12106.153115988,270.892466949,236.862041017,337.100000000,0.000000000,0.000000000
point-0005708,12106.826114443,271.806595130,236.212041017,337.100000000,0.000000000,0.000000000
point-0005709,12109.725176210,266.974825518,236.212041017,337.100000000,0.000000000,0.000000000
point-0005710,12110.398174668,267.888953708,235.562041017,337.100000000,0.000000000,0.000000000
point-0005711,12113.297236431,272.720723311,235.562041017,337.100000000,0.000000000,0.000000000
point-0005712,12113.970234885,273.634851492,234.912041017,337.100000000,0.000000000,0.000000000
point-0005713,12116.869296642,268.803081897,234.912041017,337.100000000,0.000000000,0.000000000
point-0005714,12117.542295100,269.717210087,234.262041017,337.100000000,0.000000000,0.000000000
point-0005715,12120.441356852,274.548979673,234.262041017,337.100000000,0.000000000,0.000000000
point-0005716,12121.114355306,275.463107854,233.612041017,337.100000000,0.000000000,0.000000000
point-0005717,12124.013417053,270.631338277,233.612041017,337.100000000,0.000000000,0.000000000
point-0005718,12124.686415511,271.545466466,232.962041017,337.100000000,0.000000000,0.000000000
point-0005719,12127.585477252,276.377236035,232.962041017,337.100000000,0.000000000,0.000000000
point-0005720,12128.258475707,277.291364216,232.312041017,337.100000000,0.000000000,0.000000000
point-0005721,12131.157537443,272.459594656,232.312041017,337.100000000,0.000000000,0.000000000
point-0005722,12131.830535901,273.373722845,231.662041017,337.100000000,0.000000000,0.000000000
point-0005723,12134.729597632,278.205492397,231.662041017,337.100000000,0.000000000,0.000000000
point-0005724,12135.402596086,279.119620578,231.012041017,337.100000000,0.000000000,0.000000000
point-0005725,12138.301657812,274.287851035,231.012041017,337.100000000,0.000000000,0.000000000
point-0005726,12138.974656271,275.201979225,230.362041017,337.100000000,0.000000000,0.000000000
point-0005727,12141.873717991,280.033748759,230.362041017,337.100000000,0.000000000,0.000000000
point-0005728,12142.546716446,280.947876940,229.712041017,337.100000000,0.000000000,0.000000000
point-0005729,12145.445778161,276.116107414,229.712041017,337.100000000,0.000000000,0.000000000
point-0005730,12146.118776619,277.030235604,229.062041017,337.100000000,0.000000000,0.000000000
point-0005731,12149.017838330,281.862005121,229.062041017,337.100000000,0.000000000,0.000000000
point-0005732,12149.690836784,282.776133302,228.412041017,337.100000000,0.000000000,0.000000000
point-0005733,12152.589898489,277.944363794,228.412041017,337.100000000,0.000000000,0.000000000
point-0005734,12153.262896947,278.858491983,227.762041017,337.100000000,0.000000000,0.000000000
point-0005735,12156.161958647,283.690261483,227.762041017,337.100000000,0.000000000,0.000000000
point-0005736,12156.834957102,284.604389664,227.112041017,337.100000000,0.000000000,0.000000000
point-0005737,12159.734018796,279.772620173,227.112041017,337.100000000,0.000000000,0.000000000
point-0005738,12160.407017255,280.686748362,226.462041017,337.100000000,0.000000000,0.000000000
point-0005739,12163.306078944,285.518517845,226.462041017,337.100000000,0.000000000,0.000000000
point-0005740,12163.979077398,286.432646026,225.812041017,337.100000000,0.000000000,0.000000000
point-0005741,12166.878139083,281.600876552,225.812041017,337.100000000,0.000000000,0.000000000
point-0005742,12167.551137541,282.515004742,225.162041017,337.100000000,0.000000000,0.000000000
point-0005743,12170.450199220,287.346774207,225.162041017,337.100000000,0.000000000,0.000000000
point-0005744,12171.123197675,288.260902388,224.512041017,337.100000000,0.000000000,0.000000000
point-0005745,12174.022259349,283.429132931,224.512041017,337.100000000,0.000000000,0.000000000
point-0005746,12174.695257807,284.343261121,223.862041017,337.100000000,0.000000000,0.000000000
point-0005747,12177.594319476,289.175030569,223.862041017,337.100000000,0.000000000,0.000000000
point-0005748,12178.267317930,290.089158750,223.212041017,337.100000000,0.000000000,0.000000000
point-0005749,12181.166379594,285.257389311,223.212041017,337.100000000,0.000000000,0.000000000
point-0005750,12181.839378052,286.171517500,222.562041017,337.100000000,0.000000000,0.000000000
point-0005751,12184.738439711,291.003286931,222.562041017,337.100000000,0.000000000,0.000000000
point-0005752,12185.411438165,291.917415112,221.912041017,337.100000000,0.000000000,0.000000000
point-0005753,12188.310499818,287.085645690,221.912041017,337.100000000,0.000000000,0.000000000
point-0005754,12188.983498276,287.999773880,221.262041017,337.100000000,0.000000000,0.000000000
point-0005755,12191.882559924,292.831543293,221.262041017,337.100000000,0.000000000,0.000000000
point-0005756,12192.555558379,293.745671474,220.612041017,337.100000000,0.000000000,0.000000000
point-0005757,12195.454620022,288.913902069,220.612041017,337.100000000,0.000000000,0.000000000
point-0005758,12196.127618480,289.828030259,219.962041017,337.100000000,0.000000000,0.000000000
point-0005759,12199.026680118,294.659799655,219.962041017,337.100000000,0.000000000,0.000000000
point-0005760,12199.699678572,295.573927836,219.312041017,337.100000000,0.000000000,0.000000000
point-0005761,12202.598740204,290.742158448,219.312041017,337.100000000,0.000000000,0.000000000
point-0005762,12203.271738663,291.656286638,218.662041017,337.100000000,0.000000000,0.000000000
point-0005763,12206.170800290,296.488056017,218.662041017,337.100000000,0.000000000,0.000000000
point-0005764,12206.843798744,297.402184198,218.012041017,337.100000000,0.000000000,0.000000000
point-0005765,12209.742860366,292.570414828,218.012041017,337.100000000,0.000000000,0.000000000
point-0005766,12210.415858825,293.484543017,217.362041017,337.100000000,0.000000000,0.000000000
point-0005767,12213.314920442,298.316312379,217.362041017,337.100000000,0.000000000,0.000000000
point-0005768,12213.980770301,299.215781413,216.712041017,337.100000000,0.000000000,0.000000000
point-0005769,12216.871036425,294.398671207,216.712041017,337.100000000,0.000000000,0.000000000
point-0005770,12217.544034883,295.312799397,216.062041017,337.100000000,0.000000000,0.000000000
point-0005771,12219.608510685,298.753592401,216.062041017,337.100000000,0.000000000,0.000000000
point-0005772,12220.087052978,298.291403389,215.412041017,337.100000000,0.000000000,0.000000000
point-0005773,12221.325738459,296.226927586,215.412041017,337.100000000,0.000000000,0.000000000
point-0005774,12221.998736918,297.141055776,214.762041017,337.100000000,0.000000000,0.000000000
point-0005775,12222.411632078,297.829214377,214.762041017,337.100000000,0.000000000,0.000000000
point-0005776,12251.870887450,257.448577002,242.685727305,337.700000000,0.000000000,0.000000000
point-0005777,12281.510865590,297.861832514,214.275778708,337.700000000,0.000000000,0.000000000
point-0005778,12283.550863916,299.817172955,217.057257593,337.700000000,0.000000000,0.000000000
point-0005779,12313.190841984,259.403917652,245.467206280,337.700000000,0.000000000,0.000000000
point-0005780,12315.230840427,257.448577002,242.685727305,337.700000000,0.000000000,0.000000000
point-0005781,12315.610344367,258.014237623,242.968733697,337.700000000,0.000000000,0.000000000
point-0005782,12318.263615466,262.436356122,242.968733697,337.700000000,0.000000000,0.000000000
point-0005783,12318.941757688,261.511728758,243.618733697,337.700000000,0.000000000,0.000000000
point-0005784,12320.766087847,258.471178493,243.618733697,337.700000000,0.000000000,0.000000000
point-0005785,12321.242812280,258.928119363,244.268733697,337.700000000,0.000000000,0.000000000
point-0005786,12322.238201499,260.587101395,244.268733697,337.700000000,0.000000000,0.000000000
point-0005787,12322.916343722,259.662474032,244.918733697,337.700000000,0.000000000,0.000000000
point-0005788,12323.082792001,259.385060233,244.918733697,337.700000000,0.000000000,0.000000000
point-0005789,12324.732199069,258.492274833,242.318733697,337.700000000,0.000000000,0.000000000
point-0005790,12327.653424260,263.360983485,242.318733697,337.700000000,0.000000000,0.000000000
point-0005791,12328.331566483,264.285610848,241.668733697,337.700000000,0.000000000,0.000000000
point-0005792,12331.252791672,259.416902199,241.668733697,337.700000000,0.000000000,0.000000000
point-0005793,12331.930933896,260.341529565,241.018733697,337.700000000,0.000000000,0.000000000
point-0005794,12334.852159084,265.210238212,241.018733697,337.700000000,0.000000000,0.000000000
point-0005795,12335.530301307,266.134865575,240.368733697,337.700000000,0.000000000,0.000000000
point-0005796,12338.451526493,261.266156931,240.368733697,337.700000000,0.000000000,0.000000000
point-0005797,12339.129668717,262.190784297,239.718733697,337.700000000,0.000000000,0.000000000
point-0005798,12342.050893901,267.059492938,239.718733697,337.700000000,0.000000000,0.000000000
point-0005799,12342.729036124,267.984120302,239.068733697,337.700000000,0.000000000,0.000000000
point-0005800,12345.650261307,263.115411663,239.068733697,337.700000000,0.000000000,0.000000000
point-0005801,12346.328403531,264.040039029,238.418733697,337.700000000,0.000000000,0.000000000
point-0005802,12349.249628713,268.908747665,238.418733697,337.700000000,0.000000000,0.000000000
point-0005803,12349.927770935,269.833375028,237.768733697,337.700000000,0.000000000,0.000000000
point-0005804,12352.848996115,264.964666395,237.768733697,337.700000000,0.000000000,0.000000000
point-0005805,12353.527138339,265.889293761,237.118733697,337.700000000,0.000000000,0.000000000
point-0005806,12356.448363518,270.758002392,237.118733697,337.700000000,0.000000000,0.000000000
point-0005807,12357.126505740,271.682629755,236.468733697,337.700000000,0.000000000,0.000000000
point-0005808,12360.047730917,266.813921127,236.468733697,337.700000000,0.000000000,0.000000000
point-0005809,12360.725873141,267.738548493,235.818733697,337.700000000,0.000000000,0.000000000
point-0005810,12363.647098316,272.607257118,235.818733697,337.700000000,0.000000000,0.000000000
point-0005811,12364.325240539,273.531884482,235.168733697,337.700000000,0.000000000,0.000000000
point-0005812,12367.246465713,268.663175859,235.168733697,337.700000000,0.000000000,0.000000000
point-0005813,12367.924607936,269.587803225,234.518733697,337.700000000,0.000000000,0.000000000
point-0005814,12370.845833109,274.456511845,234.518733697,337.700000000,0.000000000,0.000000000
point-0005815,12371.523975331,275.381139208,233.868733697,337.700000000,0.000000000,0.000000000
point-0005816,12374.445200502,270.512430591,233.868733697,337.700000000,0.000000000,0.000000000
point-0005817,12375.123342726,271.437057956,233.218733697,337.700000000,0.000000000,0.000000000
point-0005818,12378.044567895,276.305766572,233.218733697,337.700000000,0.000000000,0.000000000
point-0005819,12378.722710117,277.230393935,232.568733697,337.700000000,0.000000000,0.000000000
point-0005820,12381.643935285,272.361685322,232.568733697,337.700000000,0.000000000,0.000000000
point-0005821,12382.322077509,273.286312688,231.918733697,337.700000000,0.000000000,0.000000000
point-0005822,12385.243302675,278.155021298,231.918733697,337.700000000,0.000000000,0.000000000
point-0005823,12385.921444897,279.079648662,231.268733697,337.700000000,0.000000000,0.000000000
point-0005824,12388.842670062,274.210940054,231.268733697,337.700000000,0.000000000,0.000000000
point-0005825,12389.520812286,275.135567420,230.618733697,337.700000000,0.000000000,0.000000000
point-0005826,12392.442037448,280.004276025,230.618733697,337.700000000,0.000000000,0.000000000
point-0005827,12393.120179671,280.928903388,229.968733697,337.700000000,0.000000000,0.000000000
point-0005828,12396.041404832,276.060194786,229.968733697,337.700000000,0.000000000,0.000000000
point-0005829,12396.719547056,276.984822152,229.318733697,337.700000000,0.000000000,0.000000000
point-0005830,12399.640772216,281.853530752,229.318733697,337.700000000,0.000000000,0.000000000
point-0005831,12400.318914438,282.778158115,228.668733697,337.700000000,0.000000000,0.000000000
point-0005832,12403.240139597,277.909449518,228.668733697,337.700000000,0.000000000,0.000000000
point-0005833,12403.918281820,278.834076884,228.018733697,337.700000000,0.000000000,0.000000000
point-0005834,12406.839506977,283.702785478,228.018733697,337.700000000,0.000000000,0.000000000
point-0005835,12407.517649200,284.627412842,227.368733697,337.700000000,0.000000000,0.000000000
point-0005836,12410.438874355,279.758704250,227.368733697,337.700000000,0.000000000,0.000000000
point-0005837,12411.117016578,280.683331616,226.718733697,337.700000000,0.000000000,0.000000000
point-0005838,12414.038241732,285.552040205,226.718733697,337.700000000,0.000000000,0.000000000
point-0005839,12414.716383954,286.476667568,226.068733697,337.700000000,0.000000000,0.000000000
point-0005840,12417.637609106,281.607958982,226.068733697,337.700000000,0.000000000,0.000000000
point-0005841,12418.315751330,282.532586348,225.418733697,337.700000000,0.000000000,0.000000000
point-0005842,12421.236976481,287.401294932,225.418733697,337.700000000,0.000000000,0.000000000
point-0005843,12421.915118703,288.325922295,224.768733697,337.700000000,0.000000000,0.000000000
point-0005844,12424.836343852,283.457213714,224.768733697,337.700000000,0.000000000,0.000000000
point-0005845,12425.514486076,284.381841080,224.118733697,337.700000000,0.000000000,0.000000000
point-0005846,12428.435711223,289.250549658,224.118733697,337.700000000,0.000000000,0.000000000
point-0005847,12429.113853446,290.175177022,223.468733697,337.700000000,0.000000000,0.000000000
point-0005848,12432.035078591,285.306468446,223.468733697,337.700000000,0.000000000,0.000000000
point-0005849,12432.713220815,286.231095812,222.818733697,337.700000000,0.000000000,0.000000000
point-0005850,12435.634445959,291.099804385,222.818733697,337.700000000,0.000000000,0.000000000
point-0005851,12436.312588182,292.024431748,222.168733697,337.700000000,0.000000000,0.000000000
point-0005852,12439.233813324,287.155723177,222.168733697,337.700000000,0.000000000,0.000000000
point-0005853,12439.911955548,288.080350543,221.518733697,337.700000000,0.000000000,0.000000000
point-0005854,12442.833180689,292.949059112,221.518733697,337.700000000,0.000000000,0.000000000
point-0005855,12443.511322912,293.873686475,220.868733697,337.700000000,0.000000000,0.000000000
point-0005856,12446.432548051,289.004977909,220.868733697,337.700000000,0.000000000,0.000000000
point-0005857,12447.110690275,289.929605275,220.218733697,337.700000000,0.000000000,0.000000000
point-0005858,12450.031915413,294.798313839,220.218733697,337.700000000,0.000000000,0.000000000
point-0005859,12450.710057635,295.722941202,219.568733697,337.700000000,0.000000000,0.000000000
point-0005860,12453.631282772,290.854232641,219.568733697,337.700000000,0.000000000,0.000000000
point-0005861,12454.309424996,291.778860007,218.918733697,337.700000000,0.000000000,0.000000000
point-0005862,12457.230650130,296.647568565,218.918733697,337.700000000,0.000000000,0.000000000
point-0005863,12457.908792353,297.572195929,218.268733697,337.700000000,0.000000000,0.000000000
point-0005864,12460.830017486,292.703487373,218.268733697,337.700000000,0.000000000,0.000000000
point-0005865,12461.508159710,293.628114739,217.618733697,337.700000000,0.000000000,0.000000000
point-0005866,12464.429384842,298.496823292,217.618733697,337.700000000,0.000000000,0.000000000
point-0005867,12465.091320376,299.388230811,216.968733697,337.700000000,0.000000000,0.000000000
point-0005868,12467.992613600,294.552742105,216.968733697,337.700000000,0.000000000,0.000000000
point-0005869,12468.670755824,295.477369471,216.318733697,337.700000000,0.000000000,0.000000000
point-0005870,12470.743108126,298.931289975,216.318733697,337.700000000,0.000000000,0.000000000
point-0005871,12471.219832548,298.474349140,215.668733697,337.700000000,0.000000000,0.000000000
point-0005872,12472.463243929,296.401996837,215.668733697,337.700000000,0.000000000,0.000000000
point-0005873,12473.141386153,297.326624203,215.018733697,337.700000000,0.000000000,0.000000000
point-0005874,12473.555856613,298.017408304,215.018733697,337.700000000,0.000000000,0.000000000
point-0005875,12503.015286077,257.486881204,242.724924272,338.300000000,0.000000000,0.000000000
point-0005876,12503.304037239,257.882032564,242.450226568,338.300000000,0.000000000,0.000000000
point-0005877,12532.655307377,298.048788226,214.527491655,338.300000000,0.000000000,0.000000000
point-0005878,12534.695309016,299.989502366,217.319202099,338.300000000,0.000000000,0.000000000
point-0005879,12564.335330380,259.427595163,245.516634640,338.300000000,0.000000000,0.000000000
point-0005880,12566.375331919,257.486881204,242.724924272,338.300000000,0.000000000,0.000000000
point-0005881,12566.833858180,258.235235456,242.570058195,338.300000000,0.000000000,0.000000000
point-0005882,12569.777109808,263.140654837,242.570058195,338.300000000,0.000000000,0.000000000
point-0005883,12570.460363997,262.205632130,243.220058195,338.300000000,0.000000000,0.000000000
point-0005884,12572.865872518,258.196451261,243.220058195,338.300000000,0.000000000,0.000000000
point-0005885,12573.340850516,258.648311916,243.870058195,338.300000000,0.000000000,0.000000000
point-0005886,12574.914229021,261.270609424,243.870058195,338.300000000,0.000000000,0.000000000
point-0005887,12575.597483209,260.335586718,244.520058195,338.300000000,0.000000000,0.000000000
point-0005888,12576.338731698,259.100172570,244.520058195,338.300000000,0.000000000,0.000000000
point-0005889,12577.899298363,259.170258160,241.920058195,338.300000000,0.000000000,0.000000000
point-0005890,12580.842549993,264.075677543,241.920058195,338.300000000,0.000000000,0.000000000
point-0005891,12581.525804181,265.010700249,241.270058195,338.300000000,0.000000000,0.000000000
point-0005892,12584.469055812,260.105280864,241.270058195,338.300000000,0.000000000,0.000000000
point-0005893,12585.152310000,261.040303568,240.620058195,338.300000000,0.000000000,0.000000000
point-0005894,12588.095561632,265.945722955,240.620058195,338.300000000,0.000000000,0.000000000
point-0005895,12588.778815820,266.880745661,239.970058195,338.300000000,0.000000000,0.000000000
point-0005896,12591.722067454,261.975326272,239.970058195,338.300000000,0.000000000,0.000000000
point-0005897,12592.405321641,262.910348976,239.320058195,338.300000000,0.000000000,0.000000000
point-0005898,12595.348573276,267.815768368,239.320058195,338.300000000,0.000000000,0.000000000
point-0005899,12596.031827465,268.750791074,238.670058195,338.300000000,0.000000000,0.000000000
point-0005900,12598.975079101,263.845371680,238.670058195,338.300000000,0.000000000,0.000000000
point-0005901,12599.658333288,264.780394384,238.020058195,338.300000000,0.000000000,0.000000000
point-0005902,12602.601584926,269.685813780,238.020058195,338.300000000,0.000000000,0.000000000
point-0005903,12603.284839114,270.620836486,237.370058195,338.300000000,0.000000000,0.000000000
point-0005904,12606.228090753,265.715417088,237.370058195,338.300000000,0.000000000,0.000000000
point-0005905,12606.911344941,266.650439792,236.720058195,338.300000000,0.000000000,0.000000000
point-0005906,12609.854596581,271.555859192,236.720058195,338.300000000,0.000000000,0.000000000
point-0005907,12610.537850769,272.490881899,236.070058195,338.300000000,0.000000000,0.000000000
point-0005908,12613.481102411,267.585462496,236.070058195,338.300000000,0.000000000,0.000000000
point-0005909,12614.164356598,268.520485200,235.420058195,338.300000000,0.000000000,0.000000000
point-0005910,12617.107608241,273.425904605,235.420058195,338.300000000,0.000000000,0.000000000
point-0005911,12617.790862429,274.360927311,234.770058195,338.300000000,0.000000000,0.000000000
point-0005912,12620.734114073,269.455507904,234.770058195,338.300000000,0.000000000,0.000000000
point-0005913,12621.417368261,270.390530608,234.120058195,338.300000000,0.000000000,0.000000000
point-0005914,12624.360619906,275.295950017,234.120058195,338.300000000,0.000000000,0.000000000
point-0005915,12625.043874095,276.230972723,233.470058195,338.300000000,0.000000000,0.000000000
point-0005916,12627.987125741,271.325553312,233.470058195,338.300000000,0.000000000,0.000000000
point-0005917,12628.670379929,272.260576016,232.820058195,338.300000000,0.000000000,0.000000000
point-0005918,12631.613631577,277.165995430,232.820058195,338.300000000,0.000000000,0.000000000
point-0005919,12632.296885765,278.101018136,232.170058195,338.300000000,0.000000000,0.000000000
point-0005920,12635.240137414,273.195598720,232.170058195,338.300000000,0.000000000,0.000000000
point-0005921,12635.923391602,274.130621424,231.520058195,338.300000000,0.000000000,0.000000000
point-0005922,12638.866643252,279.036040842,231.520058195,338.300000000,0.000000000,0.000000000
point-0005923,12639.549897441,279.971063548,230.870058195,338.300000000,0.000000000,0.000000000
point-0005924,12642.493149093,275.065644128,230.870058195,338.300000000,0.000000000,0.000000000
point-0005925,12643.176403280,276.000666832,230.220058195,338.300000000,0.000000000,0.000000000
point-0005926,12646.119654933,280.906086254,230.220058195,338.300000000,0.000000000,0.000000000
point-0005927,12646.802909122,281.841108961,229.570058195,338.300000000,0.000000000,0.000000000
point-0005928,12649.746160776,276.935689536,229.570058195,338.300000000,0.000000000,0.000000000
point-0005929,12650.429414964,277.870712240,228.920058195,338.300000000,0.000000000,0.000000000
point-0005930,12653.372666620,282.776131667,228.920058195,338.300000000,0.000000000,0.000000000
point-0005931,12654.055920808,283.711154373,228.270058195,338.300000000,0.000000000,0.000000000
point-0005932,12656.999172465,278.805734944,228.270058195,338.300000000,0.000000000,0.000000000
point-0005933,12657.682426653,279.740757648,227.620058195,338.300000000,0.000000000,0.000000000
point-0005934,12660.625678311,284.646177079,227.620058195,338.300000000,0.000000000,0.000000000
point-0005935,12661.308932500,285.581199785,226.970058195,338.300000000,0.000000000,0.000000000
point-0005936,12664.252184159,280.675780352,226.970058195,338.300000000,0.000000000,0.000000000
point-0005937,12664.935438347,281.610803056,226.320058195,338.300000000,0.000000000,0.000000000
point-0005938,12667.878690008,286.516222492,226.320058195,338.300000000,0.000000000,0.000000000
point-0005939,12668.561944196,287.451245198,225.670058195,338.300000000,0.000000000,0.000000000
point-0005940,12671.505195859,282.545825761,225.670058195,338.300000000,0.000000000,0.000000000
point-0005941,12672.188450046,283.480848465,225.020058195,338.300000000,0.000000000,0.000000000
point-0005942,12675.131701710,288.386267904,225.020058195,338.300000000,0.000000000,0.000000000
point-0005943,12675.814955898,289.321290610,224.370058195,338.300000000,0.000000000,0.000000000
point-0005944,12678.758207563,284.415871169,224.370058195,338.300000000,0.000000000,0.000000000
point-0005945,12679.441461751,285.350893873,223.720058195,338.300000000,0.000000000,0.000000000
point-0005946,12682.384713417,290.256313316,223.720058195,338.300000000,0.000000000,0.000000000
point-0005947,12683.067967605,291.191336023,223.070058195,338.300000000,0.000000000,0.000000000
point-0005948,12686.011219273,286.285916577,223.070058195,338.300000000,0.000000000,0.000000000
point-0005949,12686.694473460,287.220939281,222.420058195,338.300000000,0.000000000,0.000000000
point-0005950,12689.637725129,292.126358729,222.420058195,338.300000000,0.000000000,0.000000000
point-0005951,12690.320979318,293.061381435,221.770058195,338.300000000,0.000000000,0.000000000
point-0005952,12693.264230988,288.155961985,221.770058195,338.300000000,0.000000000,0.000000000
point-0005953,12693.947485175,289.090984689,221.120058195,338.300000000,0.000000000,0.000000000
point-0005954,12696.890736847,293.996404141,221.120058195,338.300000000,0.000000000,0.000000000
point-0005955,12697.573991035,294.931426847,220.470058195,338.300000000,0.000000000,0.000000000
point-0005956,12700.517242708,290.026007393,220.470058195,338.300000000,0.000000000,0.000000000
point-0005957,12701.200496895,290.961030097,219.820058195,338.300000000,0.000000000,0.000000000
point-0005958,12704.143748570,295.866449554,219.820058195,338.300000000,0.000000000,0.000000000
point-0005959,12704.827002758,296.801472260,219.170058195,338.300000000,0.000000000,0.000000000
point-0005960,12707.770254434,291.896052801,219.170058195,338.300000000,0.000000000,0.000000000
point-0005961,12708.453508621,292.831075505,218.520058195,338.300000000,0.000000000,0.000000000
point-0005962,12711.396760298,297.736494966,218.520058195,338.300000000,0.000000000,0.000000000
point-0005963,12712.080014486,298.671517672,217.870058195,338.300000000,0.000000000,0.000000000
point-0005964,12715.023266164,293.766098209,217.870058195,338.300000000,0.000000000,0.000000000
point-0005965,12715.706520352,294.701120913,217.220058195,338.300000000,0.000000000,0.000000000
point-0005966,12718.618975467,299.555212771,217.220058195,338.300000000,0.000000000,0.000000000
point-0005967,12719.093953475,299.103352087,216.570058195,338.300000000,0.000000000,0.000000000
point-0005968,12721.174278557,295.636143617,216.570058195,338.300000000,0.000000000,0.000000000
point-0005969,12721.857532744,296.571166321,215.920058195,338.300000000,0.000000000,0.000000000
point-0005970,12723.105727794,298.651491403,215.920058195,338.300000000,0.000000000,0.000000000
point-0005971,12723.580705802,298.199630719,215.270058195,338.300000000,0.000000000,0.000000000
point-0005972,12723.996770818,297.506189025,215.270058195,338.300000000,0.000000000,0.000000000
point-0005973,12753.112626657,257.523997460,242.763301303,338.900000000,0.000000000,0.000000000
point-0005974,12753.401379719,257.920550975,242.490626066,338.900000000,0.000000000,0.000000000
point-0005975,12782.752687629,298.229637285,214.773643812,338.900000000,0.000000000,0.000000000
point-0005976,12784.792692342,300.156051420,217.575247281,338.900000000,0.000000000,0.000000000
point-0005977,12814.432753479,259.450411130,245.564904583,338.900000000,0.000000000,0.000000000
point-0005978,12816.472757941,257.523997460,242.763301303,338.900000000,0.000000000,0.000000000
point-0005979,12816.746439364,257.977099520,242.815820872,338.900000000,0.000000000,0.000000000
point-0005980,12819.711548961,262.918948849,242.815820872,338.900000000,0.000000000,0.000000000
point-0005981,12820.399876065,263.864250390,242.165820872,338.900000000,0.000000000,0.000000000
point-0005982,12823.364985803,258.922400827,242.165820872,338.900000000,0.000000000,0.000000000
point-0005983,12824.053312908,259.867702370,241.515820872,338.900000000,0.000000000,0.000000000
point-0005984,12827.018422645,264.809551932,241.515820872,338.900000000,0.000000000,0.000000000
point-0005985,12827.706749748,265.754853473,240.865820872,338.900000000,0.000000000,0.000000000
point-0005986,12830.671859484,260.813003913,240.865820872,338.900000000,0.000000000,0.000000000
point-0005987,12831.360186589,261.758305457,240.215820872,338.900000000,0.000000000,0.000000000
point-0005988,12834.325296323,266.700155014,240.215820872,338.900000000,0.000000000,0.000000000
point-0005989,12835.013623427,267.645456556,239.565820872,338.900000000,0.000000000,0.000000000
point-0005990,12837.978733160,262.703607000,239.565820872,338.900000000,0.000000000,0.000000000
point-0005991,12838.667060265,263.648908543,238.915820872,338.900000000,0.000000000,0.000000000
point-0005992,12841.632169997,268.590758097,238.915820872,338.900000000,0.000000000,0.000000000
point-0005993,12842.320497100,269.536059638,238.265820872,338.900000000,0.000000000,0.000000000
point-0005994,12845.285606831,264.594210087,238.265820872,338.900000000,0.000000000,0.000000000
point-0005995,12845.973933936,265.539511630,237.615820872,338.900000000,0.000000000,0.000000000
point-0005996,12848.939043666,270.481361180,237.615820872,338.900000000,0.000000000,0.000000000
point-0005997,12849.627370769,271.426662721,236.965820872,338.900000000,0.000000000,0.000000000
point-0005998,12852.592480498,266.484813173,236.965820872,338.900000000,0.000000000,0.000000000
point-0005999,12853.280807602,267.430114717,236.315820872,338.900000000,0.000000000,0.000000000
point-0006000,12856.245917330,272.371964262,236.315820872,338.900000000,0.000000000,0.000000000
point-0006001,12856.934244433,273.317265804,235.665820872,338.900000000,0.000000000,0.000000000
point-0006002,12859.899354160,268.375416260,235.665820872,338.900000000,0.000000000,0.000000000
point-0006003,12860.587681264,269.320717803,235.015820872,338.900000000,0.000000000,0.000000000
point-0006004,12863.552790989,274.262567345,235.015820872,338.900000000,0.000000000,0.000000000
point-0006005,12864.241118093,275.207868886,234.365820872,338.900000000,0.000000000,0.000000000
point-0006006,12867.206227817,270.266019347,234.365820872,338.900000000,0.000000000,0.000000000
point-0006007,12867.894554921,271.211320890,233.715820872,338.900000000,0.000000000,0.000000000
point-0006008,12870.859664644,276.153170428,233.715820872,338.900000000,0.000000000,0.000000000
point-0006009,12871.547991747,277.098471969,233.065820872,338.900000000,0.000000000,0.000000000
point-0006010,12874.513101469,272.156622433,233.065820872,338.900000000,0.000000000,0.000000000
point-0006011,12875.201428573,273.101923977,232.415820872,338.900000000,0.000000000,0.000000000
point-0006012,12878.166538294,278.043773510,232.415820872,338.900000000,0.000000000,0.000000000
point-0006013,12878.854865397,278.989075052,231.765820872,338.900000000,0.000000000,0.000000000
point-0006014,12881.819975116,274.047225520,231.765820872,338.900000000,0.000000000,0.000000000
point-0006015,12882.508302221,274.992527063,231.115820872,338.900000000,0.000000000,0.000000000
point-0006016,12885.473411939,279.934376593,231.115820872,338.900000000,0.000000000,0.000000000
point-0006017,12886.161739042,280.879678134,230.465820872,338.900000000,0.000000000,0.000000000
point-0006018,12889.126848759,275.937828607,230.465820872,338.900000000,0.000000000,0.000000000
point-0006019,12889.815175863,276.883130150,229.815820872,338.900000000,0.000000000,0.000000000
point-0006020,12892.780285579,281.824979676,229.815820872,338.900000000,0.000000000,0.000000000
point-0006021,12893.468612682,282.770281217,229.165820872,338.900000000,0.000000000,0.000000000
point-0006022,12896.433722397,277.828431693,229.165820872,338.900000000,0.000000000,0.000000000
point-0006023,12897.122049501,278.773733237,228.515820872,338.900000000,0.000000000,0.000000000
point-0006024,12900.087159214,283.715582758,228.515820872,338.900000000,0.000000000,0.000000000
point-0006025,12900.775486318,284.660884300,227.865820872,338.900000000,0.000000000,0.000000000
point-0006026,12903.740596030,279.719034780,227.865820872,338.900000000,0.000000000,0.000000000
point-0006027,12904.428923134,280.664336323,227.215820872,338.900000000,0.000000000,0.000000000
point-0006028,12907.394032845,285.606185841,227.215820872,338.900000000,0.000000000,0.000000000
point-0006029,12908.082359948,286.551487382,226.565820872,338.900000000,0.000000000,0.000000000
point-0006030,12911.047469658,281.609637867,226.565820872,338.900000000,0.000000000,0.000000000
point-0006031,12911.735796762,282.554939410,225.915820872,338.900000000,0.000000000,0.000000000
point-0006032,12914.700906471,287.496788924,225.915820872,338.900000000,0.000000000,0.000000000
point-0006033,12915.389233574,288.442090465,225.265820872,338.900000000,0.000000000,0.000000000
point-0006034,12918.354343281,283.500240953,225.265820872,338.900000000,0.000000000,0.000000000
point-0006035,12919.042670386,284.445542496,224.615820872,338.900000000,0.000000000,0.000000000
point-0006036,12922.007780092,289.387392006,224.615820872,338.900000000,0.000000000,0.000000000
point-0006037,12922.696107195,290.332693548,223.965820872,338.900000000,0.000000000,0.000000000
point-0006038,12925.661216900,285.390844040,223.965820872,338.900000000,0.000000000,0.000000000
point-0006039,12926.349544005,286.336145583,223.315820872,338.900000000,0.000000000,0.000000000
point-0006040,12929.314653708,291.277995089,223.315820872,338.900000000,0.000000000,0.000000000
point-0006041,12930.002980812,292.223296630,222.665820872,338.900000000,0.000000000,0.000000000
point-0006042,12932.968090514,287.281447126,222.665820872,338.900000000,0.000000000,0.000000000
point-0006043,12933.656417619,288.226748670,222.015820872,338.900000000,0.000000000,0.000000000
point-0006044,12936.621527320,293.168598172,222.015820872,338.900000000,0.000000000,0.000000000
point-0006045,12937.309854423,294.113899713,221.365820872,338.900000000,0.000000000,0.000000000
point-0006046,12940.274964123,289.172050213,221.365820872,338.900000000,0.000000000,0.000000000
point-0006047,12940.963291228,290.117351756,220.715820872,338.900000000,0.000000000,0.000000000
point-0006048,12943.928400926,295.059201254,220.715820872,338.900000000,0.000000000,0.000000000
point-0006049,12944.616728030,296.004502796,220.065820872,338.900000000,0.000000000,0.000000000
point-0006050,12947.581837727,291.062653300,220.065820872,338.900000000,0.000000000,0.000000000
point-0006051,12948.270164832,292.007954843,219.415820872,338.900000000,0.000000000,0.000000000
point-0006052,12951.235274528,296.949804337,219.415820872,338.900000000,0.000000000,0.000000000
point-0006053,12951.923601632,297.895105878,218.765820872,338.900000000,0.000000000,0.000000000
point-0006054,12954.888711327,292.953256386,218.765820872,338.900000000,0.000000000,0.000000000
point-0006055,12955.577038432,293.898557930,218.115820872,338.900000000,0.000000000,0.000000000
point-0006056,12958.542148126,298.840407420,218.115820872,338.900000000,0.000000000,0.000000000
point-0006057,12959.196792447,299.716730527,217.465820872,338.900000000,0.000000000,0.000000000
point-0006058,12962.120515079,294.843859473,217.465820872,338.900000000,0.000000000,0.000000000
point-0006059,12962.808842184,295.789161016,216.815820872,338.900000000,0.000000000,0.000000000
point-0006060,12964.897215492,299.269783197,216.815820872,338.900000000,0.000000000,0.000000000
point-0006061,12965.370516971,298.822835868,216.165820872,338.900000000,0.000000000,0.000000000
point-0006062,12966.623540956,296.734462560,216.165820872,338.900000000,0.000000000,0.000000000
point-0006063,12967.311868060,297.679764103,215.515820872,338.900000000,0.000000000,0.000000000
point-0006064,12967.729542722,298.375888539,215.515820872,338.900000000,0.000000000,0.000000000
point-0006065,12995.266376963,261.973647308,243.465820872,338.900000000,0.000000000,0.000000000
point-0006066,12997.427883872,258.371135793,243.465820872,338.900000000,0.000000000,0.000000000
point-0006067,12997.901185324,258.818083044,244.115820872,338.900000000,0.000000000,0.000000000
point-0006068,12999.227342957,261.028345766,244.115820872,338.900000000,0.000000000,0.000000000
point-0006069,12999.915670061,260.083044225,244.765820872,338.900000000,0.000000000,0.000000000
point-0006070,13000.406478418,259.265030296,244.765820872,338.900000000,0.000000000,0.000000000
point-0006071,13002.008444119,257.559923493,242.800825826,339.500000000,0.000000000,0.000000000
point-0006072,13002.297198539,257.957830787,242.530125921,339.500000000,0.000000000,0.000000000
point-0006073,13031.648538954,298.404392108,215.014048398,339.500000000,0.000000000,0.000000000
point-0006074,13033.688546313,300.316843118,217.825207328,339.500000000,0.000000000,0.000000000
point-0006075,13063.328641384,259.472373852,245.611984497,339.500000000,0.000000000,0.000000000
point-0006076,13065.368648394,257.559923493,242.800825826,339.500000000,0.000000000,0.000000000
point-0006077,13065.724967525,258.096249611,243.055836007,339.500000000,0.000000000,0.000000000
point-0006078,13068.485040154,262.696370660,243.055836007,339.500000000,0.000000000,0.000000000
point-0006079,13069.178393747,263.651821695,242.405836007,339.500000000,0.000000000,0.000000000
point-0006080,13072.165160853,258.673876518,242.405836007,339.500000000,0.000000000,0.000000000
point-0006081,13072.858514448,259.629327557,241.755836007,339.500000000,0.000000000,0.000000000
point-0006082,13075.845281553,264.607272731,241.755836007,339.500000000,0.000000000,0.000000000
point-0006083,13076.538635146,265.562723766,241.105836007,339.500000000,0.000000000,0.000000000
point-0006084,13079.525402248,260.584778596,241.105836007,339.500000000,0.000000000,0.000000000
point-0006085,13080.218755843,261.540229635,240.455836007,339.500000000,0.000000000,0.000000000
point-0006086,13083.205522944,266.518174802,240.455836007,339.500000000,0.000000000,0.000000000
point-0006087,13083.898876537,267.473625838,239.805836007,339.500000000,0.000000000,0.000000000
point-0006088,13086.885643635,262.495680674,239.805836007,339.500000000,0.000000000,0.000000000
point-0006089,13087.578997230,263.451131713,239.155836007,339.500000000,0.000000000,0.000000000
point-0006090,13090.565764327,268.429076873,239.155836007,339.500000000,0.000000000,0.000000000
point-0006091,13091.259117920,269.384527909,238.505836007,339.500000000,0.000000000,0.000000000
point-0006092,13094.245885014,264.406582752,238.505836007,339.500000000,0.000000000,0.000000000
point-0006093,13094.939238609,265.362033791,237.855836007,339.500000000,0.000000000,0.000000000
point-0006094,13097.926005701,270.339978945,237.855836007,339.500000000,0.000000000,0.000000000
point-0006095,13098.619359295,271.295429980,237.205836007,339.500000000,0.000000000,0.000000000
point-0006096,13101.606126385,266.317484830,237.205836007,339.500000000,0.000000000,0.000000000
point-0006097,13102.299479980,267.272935869,236.555836007,339.500000000,0.000000000,0.000000000
point-0006098,13105.286247068,272.250881016,236.555836007,339.500000000,0.000000000,0.000000000
point-0006099,13105.979600661,273.206332052,235.905836007,339.500000000,0.000000000,0.000000000
point-0006100,13108.966367748,268.228386908,235.905836007,339.500000000,0.000000000,0.000000000
point-0006101,13109.659721343,269.183837947,235.255836007,339.500000000,0.000000000,0.000000000
point-0006102,13112.646488427,274.161783087,235.255836007,339.500000000,0.000000000,0.000000000
point-0006103,13113.339842020,275.117234123,234.605836007,339.500000000,0.000000000,0.000000000
point-0006104,13116.326609102,270.139288986,234.605836007,339.500000000,0.000000000,0.000000000
point-0006105,13117.019962697,271.094740025,233.955836007,339.500000000,0.000000000,0.000000000
point-0006106,13120.006729778,276.072685159,233.955836007,339.500000000,0.000000000,0.000000000
point-0006107,13120.700083371,277.028136194,233.305836007,339.500000000,0.000000000,0.000000000
point-0006108,13123.686850449,272.050191064,233.305836007,339.500000000,0.000000000,0.000000000
point-0006109,13124.380204044,273.005642103,232.655836007,339.500000000,0.000000000,0.000000000
point-0006110,13127.366971120,277.983587230,232.655836007,339.500000000,0.000000000,0.000000000
point-0006111,13128.060324714,278.939038266,232.005836007,339.500000000,0.000000000,0.000000000
point-0006112,13131.047091788,273.961093142,232.005836007,339.500000000,0.000000000,0.000000000
point-0006113,13131.740445383,274.916544181,231.355836007,339.500000000,0.000000000,0.000000000
point-0006114,13134.727212455,279.894489301,231.355836007,339.500000000,0.000000000,0.000000000
point-0006115,13135.420566048,280.849940337,230.705836007,339.500000000,0.000000000,0.000000000
point-0006116,13138.407333118,275.871995220,230.705836007,339.500000000,0.000000000,0.000000000
point-0006117,13139.100686713,276.827446259,230.055836007,339.500000000,0.000000000,0.000000000
point-0006118,13142.087453781,281.805391373,230.055836007,339.500000000,0.000000000,0.000000000
point-0006119,13142.780807375,282.760842408,229.405836007,339.500000000,0.000000000,0.000000000
point-0006120,13145.767574441,277.782897298,229.405836007,339.500000000,0.000000000,0.000000000
point-0006121,13146.460928036,278.738348337,228.755836007,339.500000000,0.000000000,0.000000000
point-0006122,13149.447695100,283.716293444,228.755836007,339.500000000,0.000000000,0.000000000
point-0006123,13150.141048693,284.671744480,228.105836007,339.500000000,0.000000000,0.000000000
point-0006124,13153.127815755,279.693799376,228.105836007,339.500000000,0.000000000,0.000000000
point-0006125,13153.821169350,280.649250415,227.455836007,339.500000000,0.000000000,0.000000000
point-0006126,13156.807936411,285.627195515,227.455836007,339.500000000,0.000000000,0.000000000
point-0006127,13157.501290004,286.582646551,226.805836007,339.500000000,0.000000000,0.000000000
point-0006128,13160.488057062,281.604701454,226.805836007,339.500000000,0.000000000,0.000000000
point-0006129,13161.181410657,282.560152493,226.155836007,339.500000000,0.000000000,0.000000000
point-0006130,13164.168177713,287.538097586,226.155836007,339.500000000,0.000000000,0.000000000
point-0006131,13164.861531306,288.493548622,225.505836007,339.500000000,0.000000000,0.000000000
point-0006132,13167.848298360,283.515603532,225.505836007,339.500000000,0.000000000,0.000000000
point-0006133,13168.541651955,284.471054571,224.855836007,339.500000000,0.000000000,0.000000000
point-0006134,13171.528419007,289.448999658,224.855836007,339.500000000,0.000000000,0.000000000
point-0006135,13172.221772601,290.404450693,224.205836007,339.500000000,0.000000000,0.000000000
point-0006136,13175.208539651,285.426505610,224.205836007,339.500000000,0.000000000,0.000000000
point-0006137,13175.901893246,286.381956649,223.555836007,339.500000000,0.000000000,0.000000000
point-0006138,13178.888660294,291.359901729,223.555836007,339.500000000,0.000000000,0.000000000
point-0006139,13179.582013887,292.315352765,222.905836007,339.500000000,0.000000000,0.000000000
point-0006140,13182.568780933,287.337407688,222.905836007,339.500000000,0.000000000,0.000000000
point-0006141,13183.262134528,288.292858727,222.255836007,339.500000000,0.000000000,0.000000000
point-0006142,13186.248901572,293.270803800,222.255836007,339.500000000,0.000000000,0.000000000
point-0006143,13186.942255165,294.226254836,221.605836007,339.500000000,0.000000000,0.000000000
point-0006144,13189.929022207,289.248309766,221.605836007,339.500000000,0.000000000,0.000000000
point-0006145,13190.622375802,290.203760805,220.955836007,339.500000000,0.000000000,0.000000000
point-0006146,13193.609142842,295.181705872,220.955836007,339.500000000,0.000000000,0.000000000
point-0006147,13194.302496436,296.137156907,220.305836007,339.500000000,0.000000000,0.000000000
point-0006148,13197.289263474,291.159211844,220.305836007,339.500000000,0.000000000,0.000000000
point-0006149,13197.982617069,292.114662883,219.655836007,339.500000000,0.000000000,0.000000000
point-0006150,13200.969384105,297.092607943,219.655836007,339.500000000,0.000000000,0.000000000
point-0006151,13201.662737698,298.048058979,219.005836007,339.500000000,0.000000000,0.000000000
point-0006152,13204.649504732,293.070113922,219.005836007,339.500000000,0.000000000,0.000000000
point-0006153,13205.342858327,294.025564961,218.355836007,339.500000000,0.000000000,0.000000000
point-0006154,13208.329625359,299.003510014,218.355836007,339.500000000,0.000000000,0.000000000
point-0006155,13208.980881868,299.872792990,217.705836007,339.500000000,0.000000000,0.000000000
point-0006156,13211.915948062,294.981016000,217.705836007,339.500000000,0.000000000,0.000000000
point-0006157,13212.609301657,295.936467039,217.055836007,339.500000000,0.000000000,0.000000000
point-0006158,13214.705777510,299.430593461,217.055836007,339.500000000,0.000000000,0.000000000
point-0006159,13215.177470793,298.988393931,216.405836007,339.500000000,0.000000000,0.000000000
point-0006160,13216.435356304,296.891918078,216.405836007,339.500000000,0.000000000,0.000000000
point-0006161,13217.128709899,297.847369117,215.755836007,339.500000000,0.000000000,0.000000000
point-0006162,13217.548005070,298.546194401,215.755836007,339.500000000,0.000000000,0.000000000
point-0006163,13245.277034453,261.740919624,243.705836007,339.500000000,0.000000000,0.000000000
point-0006164,13247.198516809,258.538449031,243.705836007,339.500000000,0.000000000,0.000000000
point-0006165,13247.670210054,258.980648451,244.355836007,339.500000000,0.000000000,0.000000000
point-0006166,13248.753102137,260.785468588,244.355836007,339.500000000,0.000000000,0.000000000
point-0006167,13249.446455730,259.830017553,245.005836007,339.500000000,0.000000000,0.000000000
point-0006168,13249.690757539,259.422847870,245.005836007,339.500000000,0.000000000,0.000000000
point-0006169,13251.430148435,257.594657069,242.837465324,340.100000000,0.000000000,0.000000000
point-0006170,13251.718903698,257.993869964,242.568692055,340.100000000,0.000000000,0.000000000
point-0006171,13281.070269329,298.573065366,215.248518975,340.100000000,0.000000000,0.000000000
point-0006172,13283.110278738,300.471900700,218.068896789,340.100000000,0.000000000,0.000000000
point-0006173,13312.750399909,259.493491651,245.657842847,340.100000000,0.000000000,0.000000000
point-0006174,13314.790408921,257.594657069,242.837465324,340.100000000,0.000000000,0.000000000
point-0006175,13315.273634924,258.260928760,243.289918214,340.100000000,0.000000000,0.000000000
point-0006176,13317.801143611,262.473443238,243.289918214,340.100000000,0.000000000,0.000000000
point-0006177,13318.499469626,263.438901137,242.639918214,340.100000000,0.000000000,0.000000000
point-0006178,13321.507660191,258.425250196,242.639918214,340.100000000,0.000000000,0.000000000
point-0006179,13322.205986208,259.390708099,241.989918214,340.100000000,0.000000000,0.000000000
point-0006180,13325.214176770,264.404359035,241.989918214,340.100000000,0.000000000,0.000000000
point-0006181,13325.912502785,265.369816934,241.339918214,340.100000000,0.000000000,0.000000000
point-0006182,13328.920693344,260.356166001,241.339918214,340.100000000,0.000000000,0.000000000
point-0006183,13329.619019362,261.321623904,240.689918214,340.100000000,0.000000000,0.000000000
point-0006184,13332.627209918,266.335274832,240.689918214,340.100000000,0.000000000,0.000000000
point-0006185,13333.325535933,267.300732731,240.039918214,340.100000000,0.000000000,0.000000000
point-0006186,13336.333726487,262.287081807,240.039918214,340.100000000,0.000000000,0.000000000
point-0006187,13337.032052504,263.252539710,239.389918214,340.100000000,0.000000000,0.000000000
point-0006188,13340.040243055,268.266190629,239.389918214,340.100000000,0.000000000,0.000000000
point-0006189,13340.738569071,269.231648527,238.739918214,340.100000000,0.000000000,0.000000000
point-0006190,13343.746759619,264.217997613,238.739918214,340.100000000,0.000000000,0.000000000
point-0006191,13344.445085636,265.183455516,238.089918214,340.100000000,0.000000000,0.000000000
point-0006192,13347.453276182,270.197106426,238.089918214,340.100000000,0.000000000,0.000000000
point-0006193,13348.151602197,271.162564324,237.439918214,340.100000000,0.000000000,0.000000000
point-0006194,13351.159792740,266.148913419,237.439918214,340.100000000,0.000000000,0.000000000
point-0006195,13351.858118757,267.114371322,236.789918214,340.100000000,0.000000000,0.000000000
point-0006196,13354.866309298,272.128022223,236.789918214,340.100000000,0.000000000,0.000000000
point-0006197,13355.564635313,273.093480121,236.139918214,340.100000000,0.000000000,0.000000000
point-0006198,13358.572825850,268.079829225,236.139918214,340.100000000,0.000000000,0.000000000
point-0006199,13359.271151868,269.045287128,235.489918214,340.100000000,0.000000000,0.000000000
point-0006200,13362.279342403,274.058938020,235.489918214,340.100000000,0.000000000,0.000000000
point-0006201,13362.977668418,275.024395918,234.839918214,340.100000000,0.000000000,0.000000000
point-0006202,13365.985858950,270.010745031,234.839918214,340.100000000,0.000000000,0.000000000
point-0006203,13366.684184967,270.976202934,234.189918214,340.100000000,0.000000000,0.000000000
point-0006204,13369.692375497,275.989853817,234.189918214,340.100000000,0.000000000,0.000000000
point-0006205,13370.390701512,276.955311715,233.539918214,340.100000000,0.000000000,0.000000000
point-0006206,13373.398892039,271.941660837,233.539918214,340.100000000,0.000000000,0.000000000
point-0006207,13374.097218056,272.907118740,232.889918214,340.100000000,0.000000000,0.000000000
point-0006208,13377.105408580,277.920769614,232.889918214,340.100000000,0.000000000,0.000000000
point-0006209,13377.803734595,278.886227512,232.239918214,340.100000000,0.000000000,0.000000000
point-0006210,13380.811925116,273.872576643,232.239918214,340.100000000,0.000000000,0.000000000
point-0006211,13381.510251134,274.838034546,231.589918214,340.100000000,0.000000000,0.000000000
point-0006212,13384.518441652,279.851685411,231.589918214,340.100000000,0.000000000,0.000000000
point-0006213,13385.216767667,280.817143309,230.939918214,340.100000000,0.000000000,0.000000000
point-0006214,13388.224958183,275.803492449,230.939918214,340.100000000,0.000000000,0.000000000
point-0006215,13388.923284201,276.768950352,230.289918214,340.100000000,0.000000000,0.000000000
point-0006216,13391.931474714,281.782601208,230.289918214,340.100000000,0.000000000,0.000000000
point-0006217,13392.629800729,282.748059106,229.639918214,340.100000000,0.000000000,0.000000000
point-0006218,13395.637991240,277.734408255,229.639918214,340.100000000,0.000000000,0.000000000
point-0006219,13396.336317257,278.699866158,228.989918214,340.100000000,0.000000000,0.000000000
point-0006220,13399.344507765,283.713517005,228.989918214,340.100000000,0.000000000,0.000000000
point-0006221,13400.042833780,284.678974903,228.339918214,340.100000000,0.000000000,0.000000000
point-0006222,13403.051024285,279.665324061,228.339918214,340.100000000,0.000000000,0.000000000
point-0006223,13403.749350302,280.630781964,227.689918214,340.100000000,0.000000000,0.000000000
point-0006224,13406.757540805,285.644432801,227.689918214,340.100000000,0.000000000,0.000000000
point-0006225,13407.455866820,286.609890700,227.039918214,340.100000000,0.000000000,0.000000000
point-0006226,13410.464057319,281.596239867,227.039918214,340.100000000,0.000000000,0.000000000
point-0006227,13411.162383337,282.561697770,226.389918214,340.100000000,0.000000000,0.000000000
point-0006228,13414.170573834,287.575348598,226.389918214,340.100000000,0.000000000,0.000000000
point-0006229,13414.868899849,288.540806497,225.739918214,340.100000000,0.000000000,0.000000000
point-0006230,13417.877090343,283.527155673,225.739918214,340.100000000,0.000000000,0.000000000
point-0006231,13418.575416360,284.492613576,225.089918214,340.100000000,0.000000000,0.000000000
point-0006232,13421.583606852,289.506264395,225.089918214,340.100000000,0.000000000,0.000000000
point-0006233,13422.281932867,290.471722294,224.439918214,340.100000000,0.000000000,0.000000000
point-0006234,13425.290123356,285.458071479,224.439918214,340.100000000,0.000000000,0.000000000
point-0006235,13425.988449373,286.423529382,223.789918214,340.100000000,0.000000000,0.000000000
point-0006236,13428.996639859,291.437180192,223.789918214,340.100000000,0.000000000,0.000000000
point-0006237,13429.694965874,292.402638091,223.139918214,340.100000000,0.000000000,0.000000000
point-0006238,13432.703156358,287.388987285,223.139918214,340.100000000,0.000000000,0.000000000
point-0006239,13433.401482375,288.354445188,222.489918214,340.100000000,0.000000000,0.000000000
point-0006240,13436.409672856,293.368095989,222.489918214,340.100000000,0.000000000,0.000000000
point-0006241,13437.107998871,294.333553888,221.839918214,340.100000000,0.000000000,0.000000000
point-0006242,13440.116189349,289.319903091,221.839918214,340.100000000,0.000000000,0.000000000
point-0006243,13440.814515366,290.285360994,221.189918214,340.100000000,0.000000000,0.000000000
point-0006244,13443.822705842,295.299011786,221.189918214,340.100000000,0.000000000,0.000000000
point-0006245,13444.521031857,296.264469685,220.539918214,340.100000000,0.000000000,0.000000000
point-0006246,13447.529222330,291.250818897,220.539918214,340.100000000,0.000000000,0.000000000
point-0006247,13448.227548347,292.216276800,219.889918214,340.100000000,0.000000000,0.000000000
point-0006248,13451.235738817,297.229927583,219.889918214,340.100000000,0.000000000,0.000000000
point-0006249,13451.934064832,298.195385482,219.239918214,340.100000000,0.000000000,0.000000000
point-0006250,13454.942255299,293.181734703,219.239918214,340.100000000,0.000000000,0.000000000
point-0006251,13455.640581316,294.147192606,218.589918214,340.100000000,0.000000000,0.000000000
point-0006252,13458.648771781,299.160843380,218.589918214,340.100000000,0.000000000,0.000000000
point-0006253,13459.296805344,300.023409801,217.939918214,340.100000000,0.000000000,0.000000000
point-0006254,13462.243260920,295.112650509,217.939918214,340.100000000,0.000000000,0.000000000
point-0006255,13462.941586937,296.078108412,217.289918214,340.100000000,0.000000000,0.000000000
point-0006256,13465.046198062,299.585793621,217.289918214,340.100000000,0.000000000,0.000000000
point-0006257,13465.516350008,299.148177440,216.639918214,340.100000000,0.000000000,0.000000000
point-0006258,13466.779116683,297.043566315,216.639918214,340.100000000,0.000000000,0.000000000
point-0006259,13467.477442700,298.009024218,215.989918214,340.100000000,0.000000000,0.000000000
point-0006260,13467.898364925,298.710561260,215.989918214,340.100000000,0.000000000,0.000000000
point-0006261,13495.817610901,261.507985340,243.939918214,340.100000000,0.000000000,0.000000000
point-0006262,13497.503275217,258.698544812,243.939918214,340.100000000,0.000000000,0.000000000
point-0006263,13497.973427119,259.136160865,244.589918214,340.100000000,0.000000000,0.000000000
point-0006264,13498.817247065,260.542527441,244.589918214,340.100000000,0.000000000,0.000000000
point-0006265,13499.515573080,259.577069543,245.239918214,340.100000000,0.000000000,0.000000000
point-0006266,13499.517548656,259.573776917,245.239918214,340.100000000,0.000000000,0.000000000
point-0006267,13501.390731035,257.628195948,242.873187278,340.700000000,0.000000000,0.000000000
point-0006268,13501.679486661,258.028666467,242.606290387,340.700000000,0.000000000,0.000000000
point-0006269,13531.030868589,298.735669728,215.476869097,340.700000000,0.000000000,0.000000000
point-0006270,13533.070879323,300.621247409,218.306130214,340.700000000,0.000000000,0.000000000
point-0006271,13562.711017168,259.513772849,245.702448101,340.700000000,0.000000000,0.000000000
point-0006272,13564.751027497,257.628195948,242.873187278,340.700000000,0.000000000,0.000000000
point-0006273,13565.080388900,258.177105983,242.867882095,340.700000000,0.000000000,0.000000000
point-0006274,13568.109734638,263.226015547,242.867882095,340.700000000,0.000000000,0.000000000
point-0006275,13568.812971098,262.250707166,243.517882095,340.700000000,0.000000000,0.000000000
point-0006276,13571.112369510,258.418376479,243.517882095,340.700000000,0.000000000,0.000000000
point-0006277,13571.581045534,258.851572660,244.167882095,340.700000000,0.000000000,0.000000000
point-0006278,13573.035341208,261.275398784,244.167882095,340.700000000,0.000000000,0.000000000
point-0006279,13573.738577668,260.300090402,244.817882095,340.700000000,0.000000000,0.000000000
point-0006280,13574.347770604,259.284768842,244.817882095,340.700000000,0.000000000,0.000000000
point-0006281,13575.909790572,259.152414305,242.217882095,340.700000000,0.000000000,0.000000000
point-0006282,13578.939136346,264.201323929,242.217882095,340.700000000,0.000000000,0.000000000
point-0006283,13579.642372806,265.176632311,241.567882095,340.700000000,0.000000000,0.000000000
point-0006284,13582.671718576,260.127722692,241.567882095,340.700000000,0.000000000,0.000000000
point-0006285,13583.374955039,261.103031080,240.917882095,340.700000000,0.000000000,0.000000000
point-0006286,13586.404300806,266.151940692,240.917882095,340.700000000,0.000000000,0.000000000
point-0006287,13587.107537266,267.127249074,240.267882095,340.700000000,0.000000000,0.000000000
point-0006288,13590.136883031,262.078339467,240.267882095,340.700000000,0.000000000,0.000000000
point-0006289,13590.840119493,263.053647854,239.617882095,340.700000000,0.000000000,0.000000000
point-0006290,13593.869465254,268.102557456,239.617882095,340.700000000,0.000000000,0.000000000
point-0006291,13594.572701714,269.077865838,238.967882095,340.700000000,0.000000000,0.000000000
point-0006292,13597.602047472,264.028956241,238.967882095,340.700000000,0.000000000,0.000000000
point-0006293,13598.305283934,265.004264628,238.317882095,340.700000000,0.000000000,0.000000000
point-0006294,13601.334629689,270.053174219,238.317882095,340.700000000,0.000000000,0.000000000
point-0006295,13602.037866149,271.028482601,237.667882095,340.700000000,0.000000000,0.000000000
point-0006296,13605.067211901,265.979573015,237.667882095,340.700000000,0.000000000,0.000000000
point-0006297,13605.770448363,266.954881402,237.017882095,340.700000000,0.000000000,0.000000000
point-0006298,13608.799794111,272.003790983,237.017882095,340.700000000,0.000000000,0.000000000
point-0006299,13609.503030571,272.979099364,236.367882095,340.700000000,0.000000000,0.000000000
point-0006300,13612.532376316,267.930189789,236.367882095,340.700000000,0.000000000,0.000000000
point-0006301,13613.235612779,268.905498176,235.717882095,340.700000000,0.000000000,0.000000000
point-0006302,13616.264958521,273.954407746,235.717882095,340.700000000,0.000000000,0.000000000
point-0006303,13616.968194981,274.929716128,235.067882095,340.700000000,0.000000000,0.000000000
point-0006304,13619.997540719,269.880806563,235.067882095,340.700000000,0.000000000,0.000000000
point-0006305,13620.700777182,270.856114950,234.417882095,340.700000000,0.000000000,0.000000000
point-0006306,13623.730122917,275.905024510,234.417882095,340.700000000,0.000000000,0.000000000
point-0006307,13624.433359377,276.880332891,233.767882095,340.700000000,0.000000000,0.000000000
point-0006308,13627.462705110,271.831423337,233.767882095,340.700000000,0.000000000,0.000000000
point-0006309,13628.165941572,272.806731724,233.117882095,340.700000000,0.000000000,0.000000000
point-0006310,13631.195287301,277.855641273,233.117882095,340.700000000,0.000000000,0.000000000
point-0006311,13631.898523761,278.830949655,232.467882095,340.700000000,0.000000000,0.000000000
point-0006312,13634.927869487,273.782040111,232.467882095,340.700000000,0.000000000,0.000000000
point-0006313,13635.631105949,274.757348498,231.817882095,340.700000000,0.000000000,0.000000000
point-0006314,13638.660451672,279.806258036,231.817882095,340.700000000,0.000000000,0.000000000
point-0006315,13639.363688132,280.781566418,231.167882095,340.700000000,0.000000000,0.000000000
point-0006316,13642.393033852,275.732656885,231.167882095,340.700000000,0.000000000,0.000000000
point-0006317,13643.096270314,276.707965272,230.517882095,340.700000000,0.000000000,0.000000000
point-0006318,13646.125616031,281.756874800,230.517882095,340.700000000,0.000000000,0.000000000
point-0006319,13646.828852490,282.732183182,229.867882095,340.700000000,0.000000000,0.000000000
point-0006320,13649.858198204,277.683273659,229.867882095,340.700000000,0.000000000,0.000000000
point-0006321,13650.561434666,278.658582046,229.217882095,340.700000000,0.000000000,0.000000000
point-0006322,13653.590780376,283.707491563,229.217882095,340.700000000,0.000000000,0.000000000
point-0006323,13654.294016836,284.682799945,228.567882095,340.700000000,0.000000000,0.000000000
point-0006324,13657.323362543,279.633890434,228.567882095,340.700000000,0.000000000,0.000000000
point-0006325,13658.026599005,280.609198821,227.917882095,340.700000000,0.000000000,0.000000000
point-0006326,13661.055944709,285.658108327,227.917882095,340.700000000,0.000000000,0.000000000
point-0006327,13661.759181168,286.633416708,227.267882095,340.700000000,0.000000000,0.000000000
point-0006328,13664.788526869,281.584507208,227.267882095,340.700000000,0.000000000,0.000000000
point-0006329,13665.491763331,282.559815595,226.617882095,340.700000000,0.000000000,0.000000000
point-0006330,13668.521109028,287.608725090,226.617882095,340.700000000,0.000000000,0.000000000
point-0006331,13669.224345488,288.584033472,225.967882095,340.700000000,0.000000000,0.000000000
point-0006332,13672.253691182,283.535123982,225.967882095,340.700000000,0.000000000,0.000000000
point-0006333,13672.956927645,284.510432369,225.317882095,340.700000000,0.000000000,0.000000000
point-0006334,13675.986273335,289.559341854,225.317882095,340.700000000,0.000000000,0.000000000
point-0006335,13676.689509795,290.534650235,224.667882095,340.700000000,0.000000000,0.000000000
point-0006336,13679.718855483,285.485740756,224.667882095,340.700000000,0.000000000,0.000000000
point-0006337,13680.422091945,286.461049143,224.017882095,340.700000000,0.000000000,0.000000000
point-0006338,13683.451437630,291.509958617,224.017882095,340.700000000,0.000000000,0.000000000
point-0006339,13684.154674089,292.485266999,223.367882095,340.700000000,0.000000000,0.000000000
point-0006340,13687.184019771,287.436357530,223.367882095,340.700000000,0.000000000,0.000000000
point-0006341,13687.887256233,288.411665917,222.717882095,340.700000000,0.000000000,0.000000000
point-0006342,13690.916601911,293.460575380,222.717882095,340.700000000,0.000000000,0.000000000
point-0006343,13691.619838371,294.435883762,222.067882095,340.700000000,0.000000000,0.000000000
point-0006344,13694.649184046,289.386974304,222.067882095,340.700000000,0.000000000,0.000000000
point-0006345,13695.352420508,290.362282691,221.417882095,340.700000000,0.000000000,0.000000000
point-0006346,13698.381766180,295.411192144,221.417882095,340.700000000,0.000000000,0.000000000
point-0006347,13699.085002639,296.386500526,220.767882095,340.700000000,0.000000000,0.000000000
point-0006348,13702.114348308,291.337591078,220.767882095,340.700000000,0.000000000,0.000000000
point-0006349,13702.817584770,292.312899465,220.117882095,340.700000000,0.000000000,0.000000000
point-0006350,13705.846930436,297.361808907,220.117882095,340.700000000,0.000000000,0.000000000
point-0006351,13706.550166895,298.337117289,219.467882095,340.700000000,0.000000000,0.000000000
point-0006352,13709.579512557,293.288207852,219.467882095,340.700000000,0.000000000,0.000000000
point-0006353,13710.282749020,294.263516239,218.817882095,340.700000000,0.000000000,0.000000000
point-0006354,13713.312094679,299.312425671,218.817882095,340.700000000,0.000000000,0.000000000
point-0006355,13713.957065157,300.168591086,218.167882095,340.700000000,0.000000000,0.000000000
point-0006356,13716.914925033,295.238824626,218.167882095,340.700000000,0.000000000,0.000000000
point-0006357,13717.618161496,296.214133013,217.517882095,340.700000000,0.000000000,0.000000000
point-0006358,13719.730918550,299.735394770,217.517882095,340.700000000,0.000000000,0.000000000
point-0006359,13720.199594619,299.302198455,216.867882095,340.700000000,0.000000000,0.000000000
point-0006360,13721.467248851,297.189441400,216.867882095,340.700000000,0.000000000,0.000000000
point-0006361,13722.170485313,298.164749787,216.217882095,340.700000000,0.000000000,0.000000000
point-0006362,13722.593036724,298.869002139,216.217882095,340.700000000,0.000000000,0.000000000
point-0006363,13752.053328418,257.660537880,242.907959168,341.300000000,0.000000000,0.000000000
point-0006364,13752.342083968,258.062218254,242.642886830,341.300000000,0.000000000,0.000000000
point-0006365,13781.693472134,298.892217867,215.698912311,341.300000000,0.000000000,0.000000000
point-0006366,13783.733483375,300.764906497,218.536722152,341.300000000,0.000000000,0.000000000
point-0006367,13813.373627374,259.533225765,245.745768735,341.300000000,0.000000000,0.000000000
point-0006368,13815.413638232,257.660537880,242.907959168,341.300000000,0.000000000,0.000000000
point-0006369,13815.721142960,258.139799724,243.089542239,341.300000000,0.000000000,0.000000000
point-0006370,13818.645488092,263.013708278,243.089542239,341.300000000,0.000000000,0.000000000
point-0006371,13819.353564854,262.028719981,243.739542239,341.300000000,0.000000000,0.000000000
point-0006372,13821.429553623,258.568738698,243.739542239,341.300000000,0.000000000,0.000000000
point-0006373,13821.896817908,258.997677673,244.389542239,341.300000000,0.000000000,0.000000000
point-0006374,13823.124450314,261.043731683,244.389542239,341.300000000,0.000000000,0.000000000
point-0006375,13823.832527076,260.058743385,245.039542239,341.300000000,0.000000000,0.000000000
point-0006376,13824.211803118,259.426616648,245.039542239,341.300000000,0.000000000,0.000000000
point-0006377,13825.801714418,258.915034294,242.439542239,341.300000000,0.000000000,0.000000000
point-0006378,13828.851911787,263.998696576,242.439542239,341.300000000,0.000000000,0.000000000
point-0006379,13829.559988549,264.983684874,241.789542239,341.300000000,0.000000000,0.000000000
point-0006380,13832.610185915,259.900022597,241.789542239,341.300000000,0.000000000,0.000000000
point-0006381,13833.318262680,260.885010901,241.139542239,341.300000000,0.000000000,0.000000000
point-0006382,13836.368460042,265.968673171,241.139542239,341.300000000,0.000000000,0.000000000
point-0006383,13837.076536804,266.953661469,240.489542239,341.300000000,0.000000000,0.000000000
point-0006384,13840.126734163,261.869999204,240.489542239,341.300000000,0.000000000,0.000000000
point-0006385,13840.834810928,262.854987508,239.839542239,341.300000000,0.000000000,0.000000000
point-0006386,13843.885008283,267.938649767,239.839542239,341.300000000,0.000000000,0.000000000
point-0006387,13844.593085045,268.923638064,239.189542239,341.300000000,0.000000000,0.000000000
point-0006388,13847.643282397,263.839975811,239.189542239,341.300000000,0.000000000,0.000000000
point-0006389,13848.351359162,264.824964114,238.539542239,341.300000000,0.000000000,0.000000000
point-0006390,13851.401556511,269.908626362,238.539542239,341.300000000,0.000000000,0.000000000
point-0006391,13852.109633272,270.893614660,237.889542239,341.300000000,0.000000000,0.000000000
point-0006392,13855.159830618,265.809952418,237.889542239,341.300000000,0.000000000,0.000000000
point-0006393,13855.867907382,266.794940721,237.239542239,341.300000000,0.000000000,0.000000000
point-0006394,13858.918104724,271.878602957,237.239542239,341.300000000,0.000000000,0.000000000
point-0006395,13859.626181486,272.863591255,236.589542239,341.300000000,0.000000000,0.000000000
point-0006396,13862.676378824,267.779929025,236.589542239,341.300000000,0.000000000,0.000000000
point-0006397,13863.384455589,268.764917328,235.939542239,341.300000000,0.000000000,0.000000000
point-0006398,13866.434652924,273.848579553,235.939542239,341.300000000,0.000000000,0.000000000
point-0006399,13867.142729686,274.833567850,235.289542239,341.300000000,0.000000000,0.000000000
point-0006400,13870.192927017,269.749905631,235.289542239,341.300000000,0.000000000,0.000000000
point-0006401,13870.901003782,270.734893935,234.639542239,341.300000000,0.000000000,0.000000000
point-0006402,13873.951201110,275.818556148,234.639542239,341.300000000,0.000000000,0.000000000
point-0006403,13874.659277872,276.803544446,233.989542239,341.300000000,0.000000000,0.000000000
point-0006404,13877.709475197,271.719882238,233.989542239,341.300000000,0.000000000,0.000000000
point-0006405,13878.417551961,272.704870542,233.339542239,341.300000000,0.000000000,0.000000000
point-0006406,13881.467749283,277.788532744,233.339542239,341.300000000,0.000000000,0.000000000
point-0006407,13882.175826044,278.773521041,232.689542239,341.300000000,0.000000000,0.000000000
point-0006408,13885.226023362,273.689858845,232.689542239,341.300000000,0.000000000,0.000000000
point-0006409,13885.934100127,274.674847148,232.039542239,341.300000000,0.000000000,0.000000000
point-0006410,13888.984297441,279.758509339,232.039542239,341.300000000,0.000000000,0.000000000
point-0006411,13889.692374203,280.743497637,231.389542239,341.300000000,0.000000000,0.000000000
point-0006412,13892.742571514,275.659835452,231.389542239,341.300000000,0.000000000,0.000000000
point-0006413,13893.450648279,276.644823755,230.739542239,341.300000000,0.000000000,0.000000000
point-0006414,13896.500845586,281.728485934,230.739542239,341.300000000,0.000000000,0.000000000
point-0006415,13897.208922348,282.713474232,230.089542239,341.300000000,0.000000000,0.000000000
point-0006416,13900.259119652,277.629812059,230.089542239,341.300000000,0.000000000,0.000000000
point-0006417,13900.967196417,278.614800362,229.439542239,341.300000000,0.000000000,0.000000000
point-0006418,13904.017393717,283.698462530,229.439542239,341.300000000,0.000000000,0.000000000
point-0006419,13904.725470479,284.683450827,228.789542239,341.300000000,0.000000000,0.000000000
point-0006420,13907.775667777,279.599788666,228.789542239,341.300000000,0.000000000,0.000000000
point-0006421,13908.483744541,280.584776969,228.139542239,341.300000000,0.000000000,0.000000000
point-0006422,13911.533941835,285.668439125,228.139542239,341.300000000,0.000000000,0.000000000
point-0006423,13912.242018597,286.653427423,227.489542239,341.300000000,0.000000000,0.000000000
point-0006424,13915.292215887,281.569765272,227.489542239,341.300000000,0.000000000,0.000000000
point-0006425,13916.000292652,282.554753576,226.839542239,341.300000000,0.000000000,0.000000000
point-0006426,13919.050489939,287.638415720,226.839542239,341.300000000,0.000000000,0.000000000
point-0006427,13919.758566701,288.623404018,226.189542239,341.300000000,0.000000000,0.000000000
point-0006428,13922.808763984,283.539741879,226.189542239,341.300000000,0.000000000,0.000000000
point-0006429,13923.516840749,284.524730183,225.539542239,341.300000000,0.000000000,0.000000000
point-0006430,13926.567038029,289.608392316,225.539542239,341.300000000,0.000000000,0.000000000
point-0006431,13927.275114791,290.593380614,224.889542239,341.300000000,0.000000000,0.000000000
point-0006432,13930.325312067,285.509718486,224.889542239,341.300000000,0.000000000,0.000000000
point-0006433,13931.033388832,286.494706789,224.239542239,341.300000000,0.000000000,0.000000000
point-0006434,13934.083586105,291.578368911,224.239542239,341.300000000,0.000000000,0.000000000
point-0006435,13934.791662867,292.563357209,223.589542239,341.300000000,0.000000000,0.000000000
point-0006436,13937.841860137,287.479695093,223.589542239,341.300000000,0.000000000,0.000000000
point-0006437,13938.549936902,288.464683396,222.939542239,341.300000000,0.000000000,0.000000000
point-0006438,13941.600134168,293.548345507,222.939542239,341.300000000,0.000000000,0.000000000
point-0006439,13942.308210930,294.533333804,222.289542239,341.300000000,0.000000000,0.000000000
point-0006440,13945.358408193,289.449671700,222.289542239,341.300000000,0.000000000,0.000000000
point-0006441,13946.066484957,290.434660003,221.639542239,341.300000000,0.000000000,0.000000000
point-0006442,13949.116682217,295.518322102,221.639542239,341.300000000,0.000000000,0.000000000
point-0006443,13949.824758979,296.503310400,220.989542239,341.300000000,0.000000000,0.000000000
point-0006444,13952.874956235,291.419648306,220.989542239,341.300000000,0.000000000,0.000000000
point-0006445,13953.583032999,292.404636610,220.339542239,341.300000000,0.000000000,0.000000000
point-0006446,13956.633230252,297.488298697,220.339542239,341.300000000,0.000000000,0.000000000
point-0006447,13957.341307014,298.473286995,219.689542239,341.300000000,0.000000000,0.000000000
point-0006448,13960.391504263,293.389624913,219.689542239,341.300000000,0.000000000,0.000000000
point-0006449,13961.099581028,294.374613217,219.039542239,341.300000000,0.000000000,0.000000000
point-0006450,13964.149778273,299.458275293,219.039542239,341.300000000,0.000000000,0.000000000
point-0006451,13964.791840699,300.308347445,218.389542239,341.300000000,0.000000000,0.000000000
point-0006452,13967.761088254,295.359601520,218.389542239,341.300000000,0.000000000,0.000000000
point-0006453,13968.469165019,296.344589824,217.739542239,341.300000000,0.000000000,0.000000000
point-0006454,13970.590056130,299.879408341,217.739542239,341.300000000,0.000000000,0.000000000
point-0006455,13971.057320457,299.450469238,217.089542239,341.300000000,0.000000000,0.000000000
point-0006456,13972.329855124,297.329578127,217.089542239,341.300000000,0.000000000,0.000000000
point-0006457,13973.037931888,298.314566430,216.439542239,341.300000000,0.000000000,0.000000000
point-0006458,13973.462110110,299.021530134,216.439542239,341.300000000,0.000000000,0.000000000
point-0006459,14002.922558560,257.691680610,242.941748468,341.900000000,0.000000000,0.000000000
point-0006460,14003.211313648,258.094523280,242.678447295,341.900000000,0.000000000,0.000000000
point-0006461,14032.562697427,299.042722454,215.914462158,341.900000000,0.000000000,0.000000000
point-0006462,14034.602708310,300.902901223,218.760487156,341.900000000,0.000000000,0.000000000
point-0006463,14064.242847431,259.551858718,245.787773229,341.900000000,0.000000000,0.000000000
point-0006464,14066.282857978,257.691680610,242.941748468,341.900000000,0.000000000,0.000000000
point-0006465,14066.701364442,258.287312937,243.304713216,341.900000000,0.000000000,0.000000000
point-0006466,14069.410499739,262.802538432,243.304713216,341.900000000,0.000000000,0.000000000
point-0006467,14070.123338253,261.808055392,243.954713216,341.900000000,0.000000000,0.000000000
point-0006468,14071.980877488,258.712156666,243.954713216,341.900000000,0.000000000,0.000000000
point-0006469,14072.446792920,259.137000394,244.604713216,341.900000000,0.000000000,0.000000000
point-0006470,14073.452736095,260.813572351,244.604713216,341.900000000,0.000000000,0.000000000
point-0006471,14074.165574608,259.819089311,245.254713216,341.900000000,0.000000000,0.000000000
point-0006472,14074.319921721,259.561844122,245.254713216,341.900000000,0.000000000,0.000000000
point-0006473,14075.967367901,258.679173121,242.654713216,341.900000000,0.000000000,0.000000000
point-0006474,14079.038076912,263.797021472,242.654713216,341.900000000,0.000000000,0.000000000
point-0006475,14079.750915425,264.791504513,242.004713216,341.900000000,0.000000000,0.000000000
point-0006476,14082.821624433,259.673656167,242.004713216,341.900000000,0.000000000,0.000000000
point-0006477,14083.534462949,260.668139213,241.354713216,341.900000000,0.000000000,0.000000000
point-0006478,14086.605171953,265.785987553,241.354713216,341.900000000,0.000000000,0.000000000
point-0006479,14087.318010467,266.780470594,240.704713216,341.900000000,0.000000000,0.000000000
point-0006480,14090.388719467,261.662622259,240.704713216,341.900000000,0.000000000,0.000000000
point-0006481,14091.101557984,262.657105305,240.054713216,341.900000000,0.000000000,0.000000000
point-0006482,14094.172266981,267.774953634,240.054713216,341.900000000,0.000000000,0.000000000
point-0006483,14094.885105495,268.769436675,239.404713216,341.900000000,0.000000000,0.000000000
point-0006484,14097.955814489,263.651588351,239.404713216,341.900000000,0.000000000,0.000000000
point-0006485,14098.668653005,264.646071397,238.754713216,341.900000000,0.000000000,0.000000000
point-0006486,14101.739361995,269.763919715,238.754713216,341.900000000,0.000000000,0.000000000
point-0006487,14102.452200509,270.758402755,238.104713216,341.900000000,0.000000000,0.000000000
point-0006488,14105.522909496,265.640554443,238.104713216,341.900000000,0.000000000,0.000000000
point-0006489,14106.235748013,266.635037489,237.454713216,341.900000000,0.000000000,0.000000000
point-0006490,14109.306456996,271.752885796,237.454713216,341.900000000,0.000000000,0.000000000
point-0006491,14110.019295510,272.747368836,236.804713216,341.900000000,0.000000000,0.000000000
point-0006492,14113.090004490,267.629520535,236.804713216,341.900000000,0.000000000,0.000000000
point-0006493,14113.802843007,268.624003581,236.154713216,341.900000000,0.000000000,0.000000000
point-0006494,14116.873551984,273.741851877,236.154713216,341.900000000,0.000000000,0.000000000
point-0006495,14117.586390497,274.736334917,235.504713216,341.900000000,0.000000000,0.000000000
point-0006496,14120.657099471,269.618486627,235.504713216,341.900000000,0.000000000,0.000000000
point-0006497,14121.369937988,270.612969674,234.854713216,341.900000000,0.000000000,0.000000000
point-0006498,14124.440646958,275.730817957,234.854713216,341.900000000,0.000000000,0.000000000
point-0006499,14125.153485472,276.725300998,234.204713216,341.900000000,0.000000000,0.000000000
point-0006500,14128.224194439,271.607452720,234.204713216,341.900000000,0.000000000,0.000000000
point-0006501,14128.937032955,272.601935766,233.554713216,341.900000000,0.000000000,0.000000000
point-0006502,14132.007741918,277.719784038,233.554713216,341.900000000,0.000000000,0.000000000
point-0006503,14132.720580432,278.714267079,232.904713216,341.900000000,0.000000000,0.000000000
point-0006504,14135.791289392,273.596418812,232.904713216,341.900000000,0.000000000,0.000000000
point-0006505,14136.504127909,274.590901858,232.254713216,341.900000000,0.000000000,0.000000000
point-0006506,14139.574836866,279.708750119,232.254713216,341.900000000,0.000000000,0.000000000
point-0006507,14140.287675379,280.703233160,231.604713216,341.900000000,0.000000000,0.000000000
point-0006508,14143.358384333,275.585384904,231.604713216,341.900000000,0.000000000,0.000000000
point-0006509,14144.071222849,276.579867950,230.954713216,341.900000000,0.000000000,0.000000000
point-0006510,14147.141931799,281.697716200,230.954713216,341.900000000,0.000000000,0.000000000
point-0006511,14147.854770313,282.692199240,230.304713216,341.900000000,0.000000000,0.000000000
point-0006512,14150.925479259,277.574350996,230.304713216,341.900000000,0.000000000,0.000000000
point-0006513,14151.638317776,278.568834042,229.654713216,341.900000000,0.000000000,0.000000000
point-0006514,14154.709026719,283.686682281,229.654713216,341.900000000,0.000000000,0.000000000
point-0006515,14155.421865233,284.681165321,229.004713216,341.900000000,0.000000000,0.000000000
point-0006516,14158.492574173,279.563317088,229.004713216,341.900000000,0.000000000,0.000000000
point-0006517,14159.205412689,280.557800134,228.354713216,341.900000000,0.000000000,0.000000000
point-0006518,14162.276121626,285.675648362,228.354713216,341.900000000,0.000000000,0.000000000
point-0006519,14162.988960139,286.670131402,227.704713216,341.900000000,0.000000000,0.000000000
point-0006520,14166.059669072,281.552283180,227.704713216,341.900000000,0.000000000,0.000000000
point-0006521,14166.772507589,282.546766226,227.054713216,341.900000000,0.000000000,0.000000000
point-0006522,14169.843216519,287.664614443,227.054713216,341.900000000,0.000000000,0.000000000
point-0006523,14170.556055032,288.659097483,226.404713216,341.900000000,0.000000000,0.000000000
point-0006524,14173.626763959,283.541249272,226.404713216,341.900000000,0.000000000,0.000000000
point-0006525,14174.339602475,284.535732318,225.754713216,341.900000000,0.000000000,0.000000000
point-0006526,14177.410311398,289.653580523,225.754713216,341.900000000,0.000000000,0.000000000
point-0006527,14178.123149912,290.648063564,225.104713216,341.900000000,0.000000000,0.000000000
point-0006528,14181.193858832,285.530215364,225.104713216,341.900000000,0.000000000,0.000000000
point-0006529,14181.906697348,286.524698410,224.454713216,341.900000000,0.000000000,0.000000000
point-0006530,14184.977406264,291.642546604,224.454713216,341.900000000,0.000000000,0.000000000
point-0006531,14185.690244778,292.637029645,223.804713216,341.900000000,0.000000000,0.000000000
point-0006532,14188.760953691,287.519181456,223.804713216,341.900000000,0.000000000,0.000000000
point-0006533,14189.473792207,288.513664502,223.154713216,341.900000000,0.000000000,0.000000000
point-0006534,14192.544501117,293.631512685,223.154713216,341.900000000,0.000000000,0.000000000
point-0006535,14193.257339631,294.625995726,222.504713216,341.900000000,0.000000000,0.000000000
point-0006536,14196.328048537,289.508147548,222.504713216,341.900000000,0.000000000,0.000000000
point-0006537,14197.040887053,290.502630594,221.854713216,341.900000000,0.000000000,0.000000000
point-0006538,14200.111595956,295.620478766,221.854713216,341.900000000,0.000000000,0.000000000
point-0006539,14200.824434470,296.614961806,221.204713216,341.900000000,0.000000000,0.000000000
point-0006540,14203.895143369,291.497113640,221.204713216,341.900000000,0.000000000,0.000000000
point-0006541,14204.607981886,292.491596686,220.554713216,341.900000000,0.000000000,0.000000000
point-0006542,14207.678690782,297.609444847,220.554713216,341.900000000,0.000000000,0.000000000
point-0006543,14208.391529295,298.603927887,219.904713216,341.900000000,0.000000000,0.000000000
point-0006544,14211.462238188,293.486079733,219.904713216,341.900000000,0.000000000,0.000000000
point-0006545,14212.175076704,294.480562779,219.254713216,341.900000000,0.000000000,0.000000000
point-0006546,14215.245785594,299.598410928,219.254713216,341.900000000,0.000000000,0.000000000
point-0006547,14215.885090324,300.442689939,218.604713216,341.900000000,0.000000000,0.000000000
point-0006548,14218.865676793,295.475045825,218.604713216,341.900000000,0.000000000,0.000000000
point-0006549,14219.578515309,296.469528871,217.954713216,341.900000000,0.000000000,0.000000000
point-0006550,14221.707505644,300.017846096,217.954713216,341.900000000,0.000000000,0.000000000
point-0006551,14222.173421114,299.593002252,217.304713216,341.900000000,0.000000000,0.000000000
point-0006552,14223.450815315,297.464011917,217.304713216,341.900000000,0.000000000,0.000000000
point-0006553,14224.163653831,298.458494963,216.654713216,341.900000000,0.000000000,0.000000000
point-0006554,14224.589451898,299.168158408,216.654713216,341.900000000,0.000000000,0.000000000
point-0006555,14254.050049202,257.721621870,242.974522651,342.500000000,0.000000000,0.000000000
point-0006556,14254.338803501,258.125579497,242.712937685,342.500000000,0.000000000,0.000000000
point-0006557,14283.690172371,299.187196164,216.123332168,342.500000000,0.000000000,0.000000000
point-0006558,14285.730182040,301.035254856,218.977239780,342.500000000,0.000000000,0.000000000
point-0006559,14315.370305420,259.569680022,245.828430075,342.500000000,0.000000000,0.000000000
point-0006560,14317.410314818,257.721621870,242.974522651,342.500000000,0.000000000,0.000000000
point-0006561,14317.849718180,258.445451766,242.863209581,342.500000000,0.000000000,0.000000000
point-0006562,14320.940561660,263.596857565,242.863209581,342.500000000,0.000000000,0.000000000
point-0006563,14321.658074738,264.600635176,242.213209581,342.500000000,0.000000000,0.000000000
point-0006564,14324.748918215,259.449229382,242.213209581,342.500000000,0.000000000,0.000000000
point-0006565,14325.466431295,260.453006998,241.563209581,342.500000000,0.000000000,0.000000000
point-0006566,14328.557274769,265.604412787,241.563209581,342.500000000,0.000000000,0.000000000
point-0006567,14329.274787847,266.608190398,240.913209581,342.500000000,0.000000000,0.000000000
point-0006568,14332.365631318,261.456784613,240.913209581,342.500000000,0.000000000,0.000000000
point-0006569,14333.083144398,262.460562229,240.263209581,342.500000000,0.000000000,0.000000000
point-0006570,14336.173987866,267.611968009,240.263209581,342.500000000,0.000000000,0.000000000
point-0006571,14336.891500944,268.615745620,239.613209581,342.500000000,0.000000000,0.000000000
point-0006572,14339.982344409,263.464339845,239.613209581,342.500000000,0.000000000,0.000000000
point-0006573,14340.699857489,264.468117461,238.963209581,342.500000000,0.000000000,0.000000000
point-0006574,14343.790700951,269.619523231,238.963209581,342.500000000,0.000000000,0.000000000
point-0006575,14344.508214029,270.623300842,238.313209581,342.500000000,0.000000000,0.000000000
point-0006576,14347.599057488,265.471895077,238.313209581,342.500000000,0.000000000,0.000000000
point-0006577,14348.316570568,266.475672693,237.663209581,342.500000000,0.000000000,0.000000000
point-0006578,14351.407414024,271.627078452,237.663209581,342.500000000,0.000000000,0.000000000
point-0006579,14352.124927102,272.630856063,237.013209581,342.500000000,0.000000000,0.000000000
point-0006580,14355.215770555,267.479450309,237.013209581,342.500000000,0.000000000,0.000000000
point-0006581,14355.933283635,268.483227925,236.363209581,342.500000000,0.000000000,0.000000000
point-0006582,14359.024127085,273.634633674,236.363209581,342.500000000,0.000000000,0.000000000
point-0006583,14359.741640163,274.638411285,235.713209581,342.500000000,0.000000000,0.000000000
point-0006584,14362.832483609,269.487005541,235.713209581,342.500000000,0.000000000,0.000000000
point-0006585,14363.549996690,270.490783156,235.063209581,342.500000000,0.000000000,0.000000000
point-0006586,14366.640840134,275.642188896,235.063209581,342.500000000,0.000000000,0.000000000
point-0006587,14367.358353212,276.645966507,234.413209581,342.500000000,0.000000000,0.000000000
point-0006588,14370.449196652,271.494560772,234.413209581,342.500000000,0.000000000,0.000000000
point-0006589,14371.166709733,272.498338388,233.763209581,342.500000000,0.000000000,0.000000000
point-0006590,14374.257553170,277.649744118,233.763209581,342.500000000,0.000000000,0.000000000
point-0006591,14374.975066248,278.653521728,233.113209581,342.500000000,0.000000000,0.000000000
point-0006592,14378.065909683,273.502116004,233.113209581,342.500000000,0.000000000,0.000000000
point-0006593,14378.783422763,274.505893620,232.463209581,342.500000000,0.000000000,0.000000000
point-0006594,14381.874266195,279.657299339,232.463209581,342.500000000,0.000000000,0.000000000
point-0006595,14382.591779273,280.661076950,231.813209581,342.500000000,0.000000000,0.000000000
point-0006596,14385.682622701,275.509671236,231.813209581,342.500000000,0.000000000,0.000000000
point-0006597,14386.400135782,276.513448852,231.163209581,342.500000000,0.000000000,0.000000000
point-0006598,14389.490979207,281.664854561,231.163209581,342.500000000,0.000000000,0.000000000
point-0006599,14390.208492286,282.668632172,230.513209581,342.500000000,0.000000000,0.000000000
point-0006600,14393.299335708,277.517226468,230.513209581,342.500000000,0.000000000,0.000000000
point-0006601,14394.016848789,278.521004084,229.863209581,342.500000000,0.000000000,0.000000000
point-0006602,14397.107692208,283.672409783,229.863209581,342.500000000,0.000000000,0.000000000
point-0006603,14397.825205286,284.676187394,229.213209581,342.500000000,0.000000000,0.000000000
point-0006604,14400.916048702,279.524781700,229.213209581,342.500000000,0.000000000,0.000000000
point-0006605,14401.633561783,280.528559315,228.563209581,342.500000000,0.000000000,0.000000000
point-0006606,14404.724405196,285.679965004,228.563209581,342.500000000,0.000000000,0.000000000
point-0006607,14405.441918274,286.683742615,227.913209581,342.500000000,0.000000000,0.000000000
point-0006608,14408.532761685,281.532336931,227.913209581,342.500000000,0.000000000,0.000000000
point-0006609,14409.250274765,282.536114547,227.263209581,342.500000000,0.000000000,0.000000000
point-0006610,14412.341118173,287.687520226,227.263209581,342.500000000,0.000000000,0.000000000
point-0006611,14413.058631251,288.691297837,226.613209581,342.500000000,0.000000000,0.000000000
point-0006612,14416.149474655,283.539892163,226.613209581,342.500000000,0.000000000,0.000000000
point-0006613,14416.866987736,284.543669779,225.963209581,342.500000000,0.000000000,0.000000000
point-0006614,14419.957831137,289.695075448,225.963209581,342.500000000,0.000000000,0.000000000
point-0006615,14420.675344215,290.698853059,225.313209581,342.500000000,0.000000000,0.000000000
point-0006616,14423.766187613,285.547447395,225.313209581,342.500000000,0.000000000,0.000000000
point-0006617,14424.483700694,286.551225011,224.663209581,342.500000000,0.000000000,0.000000000
point-0006618,14427.574544089,291.702630670,224.663209581,342.500000000,0.000000000,0.000000000
point-0006619,14428.292057167,292.706408280,224.013209581,342.500000000,0.000000000,0.000000000
point-0006620,14431.382900559,287.555002627,224.013209581,342.500000000,0.000000000,0.000000000
point-0006621,14432.100413640,288.558780243,223.363209581,342.500000000,0.000000000,0.000000000
point-0006622,14435.191257029,293.710185891,223.363209581,342.500000000,0.000000000,0.000000000
point-0006623,14435.908770107,294.713963502,222.713209581,342.500000000,0.000000000,0.000000000
point-0006624,14438.999613493,289.562557858,222.713209581,342.500000000,0.000000000,0.000000000
point-0006625,14439.717126574,290.566335474,222.063209581,342.500000000,0.000000000,0.000000000
point-0006626,14442.807969957,295.717741113,222.063209581,342.500000000,0.000000000,0.000000000
point-0006627,14443.525483035,296.721518724,221.413209581,342.500000000,0.000000000,0.000000000
point-0006628,14446.616326415,291.570113090,221.413209581,342.500000000,0.000000000,0.000000000
point-0006629,14447.333839496,292.573890706,220.763209581,342.500000000,0.000000000,0.000000000
point-0006630,14450.424682873,297.725296335,220.763209581,342.500000000,0.000000000,0.000000000
point-0006631,14451.142195951,298.729073946,220.113209581,342.500000000,0.000000000,0.000000000
point-0006632,14454.233039325,293.577668322,220.113209581,342.500000000,0.000000000,0.000000000
point-0006633,14454.950552405,294.581445938,219.463209581,342.500000000,0.000000000,0.000000000
point-0006634,14458.041395777,299.732851556,219.463209581,342.500000000,0.000000000,0.000000000
point-0006635,14458.678088630,300.571630083,218.813209581,342.500000000,0.000000000,0.000000000
point-0006636,14461.669932548,295.585223554,218.813209581,342.500000000,0.000000000,0.000000000
point-0006637,14462.387445628,296.589001170,218.163209581,342.500000000,0.000000000,0.000000000
point-0006638,14464.524476998,300.150720119,218.163209581,342.500000000,0.000000000,0.000000000
point-0006639,14464.989105313,299.729810155,217.513209581,342.500000000,0.000000000,0.000000000
point-0006640,14466.271324135,297.592778786,217.513209581,342.500000000,0.000000000,0.000000000
point-0006641,14466.988837215,298.596556402,216.863209581,342.500000000,0.000000000,0.000000000
point-0006642,14467.416243489,299.308900191,216.863209581,342.500000000,0.000000000,0.000000000
point-0006643,14494.637166031,262.593079955,243.513209581,342.500000000,0.000000000,0.000000000
point-0006644,14497.136299848,258.427856927,243.513209581,342.500000000,0.000000000,0.000000000
point-0006645,14497.600928132,258.848766796,244.163209581,342.500000000,0.000000000,0.000000000
point-0006646,14499.245249460,261.589302344,244.163209581,342.500000000,0.000000000,0.000000000
point-0006647,14499.962762538,260.585524733,244.813209581,342.500000000,0.000000000,0.000000000
point-0006648,14500.752271380,259.269676664,244.813209581,342.500000000,0.000000000,0.000000000
point-0006649,14502.213789465,257.750359384,243.006249186,343.100000000,0.000000000,0.000000000
point-0006650,14502.502542720,258.155384853,242.746323899,343.100000000,0.000000000,0.000000000
point-0006651,14531.853887025,299.325651675,216.325335860,343.100000000,0.000000000,0.000000000
point-0006652,14533.893894696,301.161990676,219.186794581,343.100000000,0.000000000,0.000000000
point-0006653,14563.533992412,259.586697989,245.867707772,343.100000000,0.000000000,0.000000000
point-0006654,14565.573999887,257.750359384,243.006249186,343.100000000,0.000000000,0.000000000
point-0006655,14565.854698450,258.214506145,243.064845866,343.100000000,0.000000000,0.000000000
point-0006656,14568.965261099,263.398777228,243.064845866,343.100000000,0.000000000,0.000000000
point-0006657,14569.687352707,262.385920582,243.714845866,343.100000000,0.000000000,0.000000000
point-0006658,14571.981966916,258.561563568,243.714845866,343.100000000,0.000000000,0.000000000
point-0006659,14572.445368645,258.978700513,244.364845866,343.100000000,0.000000000,0.000000000
point-0006660,14573.881986699,261.373063936,244.364845866,343.100000000,0.000000000,0.000000000
point-0006661,14574.604078308,260.360207290,245.014845866,343.100000000,0.000000000,0.000000000
point-0006662,14575.182700207,259.395837458,245.014845866,343.100000000,0.000000000,0.000000000
point-0006663,14576.745971827,259.227362600,242.414845866,343.100000000,0.000000000,0.000000000
point-0006664,14579.856534592,264.411633874,242.414845866,343.100000000,0.000000000,0.000000000
point-0006665,14580.578626200,265.424490520,241.764845866,343.100000000,0.000000000,0.000000000
point-0006666,14583.689188962,260.240219250,241.764845866,343.100000000,0.000000000,0.000000000
point-0006667,14584.411280573,261.253075900,241.114845866,343.100000000,0.000000000,0.000000000
point-0006668,14587.521843332,266.437347166,241.114845866,343.100000000,0.000000000,0.000000000
point-0006669,14588.243934941,267.450203812,240.464845866,343.100000000,0.000000000,0.000000000
point-0006670,14591.354497698,262.265932550,240.464845866,343.100000000,0.000000000,0.000000000
point-0006671,14592.076589308,263.278789200,239.814845866,343.100000000,0.000000000,0.000000000
point-0006672,14595.187152063,268.463060458,239.814845866,343.100000000,0.000000000,0.000000000
point-0006673,14595.909243671,269.475917104,239.164845866,343.100000000,0.000000000,0.000000000
point-0006674,14599.019806424,264.291645850,239.164845866,343.100000000,0.000000000,0.000000000
point-0006675,14599.741898034,265.304502500,238.514845866,343.100000000,0.000000000,0.000000000
point-0006676,14602.852460784,270.488773750,238.514845866,343.100000000,0.000000000,0.000000000
point-0006677,14603.574552392,271.501630396,237.864845866,343.100000000,0.000000000,0.000000000
point-0006678,14606.685115140,266.317359150,237.864845866,343.100000000,0.000000000,0.000000000
point-0006679,14607.407206750,267.330215800,237.214845866,343.100000000,0.000000000,0.000000000
point-0006680,14610.517769496,272.514487042,237.214845866,343.100000000,0.000000000,0.000000000
point-0006681,14611.239861104,273.527343688,236.564845866,343.100000000,0.000000000,0.000000000
point-0006682,14614.350423847,268.343072450,236.564845866,343.100000000,0.000000000,0.000000000
point-0006683,14615.072515457,269.355929100,235.914845866,343.100000000,0.000000000,0.000000000
point-0006684,14618.183078198,274.540200334,235.914845866,343.100000000,0.000000000,0.000000000
point-0006685,14618.905169806,275.553056980,235.264845866,343.100000000,0.000000000,0.000000000
point-0006686,14622.015732544,270.368785750,235.264845866,343.100000000,0.000000000,0.000000000
point-0006687,14622.737824154,271.381642400,234.614845866,343.100000000,0.000000000,0.000000000
point-0006688,14625.848386890,276.565913626,234.614845866,343.100000000,0.000000000,0.000000000
point-0006689,14626.570478498,277.578770272,233.964845866,343.100000000,0.000000000,0.000000000
point-0006690,14629.681041231,272.394499050,233.964845866,343.100000000,0.000000000,0.000000000
point-0006691,14630.403132842,273.407355700,233.314845866,343.100000000,0.000000000,0.000000000
point-0006692,14633.513695573,278.591626918,233.314845866,343.100000000,0.000000000,0.000000000
point-0006693,14634.235787181,279.604483564,232.664845866,343.100000000,0.000000000,0.000000000
point-0006694,14637.346349909,274.420212350,232.664845866,343.100000000,0.000000000,0.000000000
point-0006695,14638.068441520,275.433069000,232.014845866,343.100000000,0.000000000,0.000000000
point-0006696,14641.179004246,280.617340210,232.014845866,343.100000000,0.000000000,0.000000000
point-0006697,14641.901095854,281.630196856,231.364845866,343.100000000,0.000000000,0.000000000
point-0006698,14645.011658578,276.445925650,231.364845866,343.100000000,0.000000000,0.000000000
point-0006699,14645.733750188,277.458782300,230.714845866,343.100000000,0.000000000,0.000000000
point-0006700,14648.844312909,282.643053502,230.714845866,343.100000000,0.000000000,0.000000000
point-0006701,14649.566404517,283.655910148,230.064845866,343.100000000,0.000000000,0.000000000
point-0006702,14652.676967236,278.471638950,230.064845866,343.100000000,0.000000000,0.000000000
point-0006703,14653.399058847,279.484495600,229.414845866,343.100000000,0.000000000,0.000000000
point-0006704,14656.509621563,284.668766794,229.414845866,343.100000000,0.000000000,0.000000000
point-0006705,14657.231713171,285.681623440,228.764845866,343.100000000,0.000000000,0.000000000
point-0006706,14660.342275885,280.497352250,228.764845866,343.100000000,0.000000000,0.000000000
point-0006707,14661.064367496,281.510208900,228.114845866,343.100000000,0.000000000,0.000000000
point-0006708,14664.174930207,286.694480086,228.114845866,343.100000000,0.000000000,0.000000000
point-0006709,14664.897021816,287.707336732,227.464845866,343.100000000,0.000000000,0.000000000
point-0006710,14668.007584525,282.523065550,227.464845866,343.100000000,0.000000000,0.000000000
point-0006711,14668.729676135,283.535922200,226.814845866,343.100000000,0.000000000,0.000000000
point-0006712,14671.840238842,288.720193378,226.814845866,343.100000000,0.000000000,0.000000000
point-0006713,14672.562330450,289.733050024,226.164845866,343.100000000,0.000000000,0.000000000
point-0006714,14675.672893155,284.548778850,226.164845866,343.100000000,0.000000000,0.000000000
point-0006715,14676.394984765,285.561635500,225.514845866,343.100000000,0.000000000,0.000000000
point-0006716,14679.505547467,290.745906670,225.514845866,343.100000000,0.000000000,0.000000000
point-0006717,14680.227639075,291.758763316,224.864845866,343.100000000,0.000000000,0.000000000
point-0006718,14683.338201775,286.574492150,224.864845866,343.100000000,0.000000000,0.000000000
point-0006719,14684.060293385,287.587348800,224.214845866,343.100000000,0.000000000,0.000000000
point-0006720,14687.170856082,292.771619962,224.214845866,343.100000000,0.000000000,0.000000000
point-0006721,14687.892947691,293.784476608,223.564845866,343.100000000,0.000000000,0.000000000
point-0006722,14691.003510385,288.600205450,223.564845866,343.100000000,0.000000000,0.000000000
point-0006723,14691.725601996,289.613062100,222.914845866,343.100000000,0.000000000,0.000000000
point-0006724,14694.836164688,294.797333254,222.914845866,343.100000000,0.000000000,0.000000000
point-0006725,14695.558256296,295.810189900,222.264845866,343.100000000,0.000000000,0.000000000
point-0006726,14698.668818987,290.625918750,222.264845866,343.100000000,0.000000000,0.000000000
point-0006727,14699.390910597,291.638775400,221.614845866,343.100000000,0.000000000,0.000000000
point-0006728,14702.501473284,296.823046546,221.614845866,343.100000000,0.000000000,0.000000000
point-0006729,14703.223564893,297.835903192,220.964845866,343.100000000,0.000000000,0.000000000
point-0006730,14706.334127578,292.651632050,220.964845866,343.100000000,0.000000000,0.000000000
point-0006731,14707.056219188,293.664488700,220.314845866,343.100000000,0.000000000,0.000000000
point-0006732,14710.166781871,298.848759838,220.314845866,343.100000000,0.000000000,0.000000000
point-0006733,14710.888873479,299.861616484,219.664845866,343.100000000,0.000000000,0.000000000
point-0006734,14713.999436160,294.677345350,219.664845866,343.100000000,0.000000000,0.000000000
point-0006735,14714.721527770,295.690202000,219.014845866,343.100000000,0.000000000,0.000000000
point-0006736,14717.724514467,300.695179829,219.014845866,343.100000000,0.000000000,0.000000000
point-0006737,14718.187916220,300.278042814,218.364845866,343.100000000,0.000000000,0.000000000
point-0006738,14720.332906718,296.703058650,218.364845866,343.100000000,0.000000000,0.000000000
point-0006739,14721.054998328,297.715915300,217.714845866,343.100000000,0.000000000,0.000000000
point-0006740,14722.341992627,299.860905799,217.714845866,343.100000000,0.000000000,0.000000000
point-0006741,14722.805394380,299.443768783,217.064845866,343.100000000,0.000000000,0.000000000
point-0006742,14723.234392479,298.728771950,217.064845866,343.100000000,0.000000000,0.000000000
point-0006743,14752.332116262,257.777890862,243.036895536,343.700000000,0.000000000,0.000000000
point-0006744,14752.620868306,258.183937290,242.778571825,343.700000000,0.000000000,0.000000000
point-0006745,14781.972180117,299.458101668,216.520286743,343.700000000,0.000000000,0.000000000
point-0006746,14784.012185144,301.283131974,219.388966118,343.700000000,0.000000000,0.000000000
point-0006747,14813.652249094,259.602920928,245.905574831,343.700000000,0.000000000,0.000000000
point-0006748,14815.692254004,257.777890862,243.036895536,343.700000000,0.000000000,0.000000000
point-0006749,14816.019062177,258.275034808,243.259436576,343.700000000,0.000000000,0.000000000
point-0006750,14818.976060344,263.203365086,243.259436576,343.700000000,0.000000000,0.000000000
point-0006751,14819.702625410,264.225069538,242.609436576,343.700000000,0.000000000,0.000000000
point-0006752,14822.832453481,259.008689420,242.609436576,343.700000000,0.000000000,0.000000000
point-0006753,14823.559018546,260.030393871,241.959436576,343.700000000,0.000000000,0.000000000
point-0006754,14826.688846618,265.246773990,241.959436576,343.700000000,0.000000000,0.000000000
point-0006755,14827.415411685,266.268478443,241.309436576,343.700000000,0.000000000,0.000000000
point-0006756,14830.545239758,261.052098321,241.309436576,343.700000000,0.000000000,0.000000000
point-0006757,14831.271804823,262.073802771,240.659436576,343.700000000,0.000000000,0.000000000
point-0006758,14834.401632897,267.290182895,240.659436576,343.700000000,0.000000000,0.000000000
point-0006759,14835.128197963,268.311887347,240.009436576,343.700000000,0.000000000,0.000000000
point-0006760,14838.258026039,263.095507222,240.009436576,343.700000000,0.000000000,0.000000000
point-0006761,14838.984591104,264.117211672,239.359436576,343.700000000,0.000000000,0.000000000
point-0006762,14842.114419180,269.333591799,239.359436576,343.700000000,0.000000000,0.000000000
point-0006763,14842.840984246,270.355296252,238.709436576,343.700000000,0.000000000,0.000000000
point-0006764,14845.970812324,265.138916123,238.709436576,343.700000000,0.000000000,0.000000000
point-0006765,14846.697377389,266.160620573,238.059436576,343.700000000,0.000000000,0.000000000
point-0006766,14849.827205468,271.377000704,238.059436576,343.700000000,0.000000000,0.000000000
point-0006767,14850.553770534,272.398705156,237.409436576,343.700000000,0.000000000,0.000000000
point-0006768,14853.683598613,267.182325024,237.409436576,343.700000000,0.000000000,0.000000000
point-0006769,14854.410163679,268.204029474,236.759436576,343.700000000,0.000000000,0.000000000
point-0006770,14857.539991759,273.420409608,236.759436576,343.700000000,0.000000000,0.000000000
point-0006771,14858.266556826,274.442114061,236.109436576,343.700000000,0.000000000,0.000000000
point-0006772,14861.396384907,269.225733924,236.109436576,343.700000000,0.000000000,0.000000000
point-0006773,14862.122949973,270.247438375,235.459436576,343.700000000,0.000000000,0.000000000
point-0006774,14865.252778055,275.463818513,235.459436576,343.700000000,0.000000000,0.000000000
point-0006775,14865.979343122,276.485522965,234.809436576,343.700000000,0.000000000,0.000000000
point-0006776,14869.109171205,271.269142825,234.809436576,343.700000000,0.000000000,0.000000000
point-0006777,14869.835736271,272.290847276,234.159436576,343.700000000,0.000000000,0.000000000
point-0006778,14872.965564356,277.507227417,234.159436576,343.700000000,0.000000000,0.000000000
point-0006779,14873.692129422,278.528931869,233.509436576,343.700000000,0.000000000,0.000000000
point-0006780,14876.821957508,273.312551726,233.509436576,343.700000000,0.000000000,0.000000000
point-0006781,14877.548522573,274.334256177,232.859436576,343.700000000,0.000000000,0.000000000
point-0006782,14880.678350660,279.550636322,232.859436576,343.700000000,0.000000000,0.000000000
point-0006783,14881.404915727,280.572340774,232.209436576,343.700000000,0.000000000,0.000000000
point-0006784,14884.534743815,275.355960627,232.209436576,343.700000000,0.000000000,0.000000000
point-0006785,14885.261308880,276.377665078,231.559436576,343.700000000,0.000000000,0.000000000
point-0006786,14888.391136969,281.594045226,231.559436576,343.700000000,0.000000000,0.000000000
point-0006787,14889.117702036,282.615749678,230.909436576,343.700000000,0.000000000,0.000000000
point-0006788,14892.247530126,277.399369528,230.909436576,343.700000000,0.000000000,0.000000000
point-0006789,14892.974095191,278.421073978,230.259436576,343.700000000,0.000000000,0.000000000
point-0006790,14896.103923283,283.637454131,230.259436576,343.700000000,0.000000000,0.000000000
point-0006791,14896.830488349,284.659158583,229.609436576,343.700000000,0.000000000,0.000000000
point-0006792,14899.960316441,279.442778429,229.609436576,343.700000000,0.000000000,0.000000000
point-0006793,14900.686881507,280.464482879,228.959436576,343.700000000,0.000000000,0.000000000
point-0006794,14903.816709600,285.680863035,228.959436576,343.700000000,0.000000000,0.000000000
point-0006795,14904.543274667,286.702567487,228.309436576,343.700000000,0.000000000,0.000000000
point-0006796,14907.673102761,281.486187330,228.309436576,343.700000000,0.000000000,0.000000000
point-0006797,14908.399667826,282.507891780,227.659436576,343.700000000,0.000000000,0.000000000
point-0006798,14911.529495922,287.724271940,227.659436576,343.700000000,0.000000000,0.000000000
point-0006799,14912.256060988,288.745976392,227.009436576,343.700000000,0.000000000,0.000000000
point-0006800,14915.385889085,283.529596231,227.009436576,343.700000000,0.000000000,0.000000000
point-0006801,14916.112454151,284.551300681,226.359436576,343.700000000,0.000000000,0.000000000
point-0006802,14919.242282248,289.767680844,226.359436576,343.700000000,0.000000000,0.000000000
point-0006803,14919.968847315,290.789385296,225.709436576,343.700000000,0.000000000,0.000000000
point-0006804,14923.098675414,285.573005131,225.709436576,343.700000000,0.000000000,0.000000000
point-0006805,14923.825240479,286.594709582,225.059436576,343.700000000,0.000000000,0.000000000
point-0006806,14926.955068579,291.811089749,225.059436576,343.700000000,0.000000000,0.000000000
point-0006807,14927.681633645,292.832794201,224.409436576,343.700000000,0.000000000,0.000000000
point-0006808,14930.811461746,287.616414032,224.409436576,343.700000000,0.000000000,0.000000000
point-0006809,14931.538026812,288.638118483,223.759436576,343.700000000,0.000000000,0.000000000
point-0006810,14934.667854914,293.854498653,223.759436576,343.700000000,0.000000000,0.000000000
point-0006811,14935.394419980,294.876203105,223.109436576,343.700000000,0.000000000,0.000000000
point-0006812,14938.524248084,289.659822933,223.109436576,343.700000000,0.000000000,0.000000000
point-0006813,14939.250813149,290.681527384,222.459436576,343.700000000,0.000000000,0.000000000
point-0006814,14942.380641253,295.897907557,222.459436576,343.700000000,0.000000000,0.000000000
point-0006815,14943.107206320,296.919612010,221.809436576,343.700000000,0.000000000,0.000000000
point-0006816,14946.237034425,291.703231834,221.809436576,343.700000000,0.000000000,0.000000000
point-0006817,14946.963599490,292.724936284,221.159436576,343.700000000,0.000000000,0.000000000
point-0006818,14950.093427597,297.941316462,221.159436576,343.700000000,0.000000000,0.000000000
point-0006819,14950.819992663,298.963020914,220.509436576,343.700000000,0.000000000,0.000000000
point-0006820,14953.949820771,293.746640735,220.509436576,343.700000000,0.000000000,0.000000000
point-0006821,14954.676385836,294.768345185,219.859436576,343.700000000,0.000000000,0.000000000
point-0006822,14957.806213945,299.984725366,219.859436576,343.700000000,0.000000000,0.000000000
point-0006823,14958.438102935,300.813351566,219.209436576,343.700000000,0.000000000,0.000000000
point-0006824,14961.452084093,295.790049636,219.209436576,343.700000000,0.000000000,0.000000000
point-0006825,14962.178649159,296.811754086,218.559436576,343.700000000,0.000000000,0.000000000
point-0006826,14964.331492843,300.399826893,218.559436576,343.700000000,0.000000000,0.000000000
point-0006827,14964.793727584,299.986302221,217.909436576,343.700000000,0.000000000,0.000000000
point-0006828,14966.085433794,297.833458537,217.909436576,343.700000000,0.000000000,0.000000000
point-0006829,14966.811998860,298.855162987,217.259436576,343.700000000,0.000000000,0.000000000
point-0006830,14967.242567597,299.572777548,217.259436576,343.700000000,0.000000000,0.000000000
point-0006831,14994.792422854,262.181660634,243.909436576,343.700000000,0.000000000,0.000000000
point-0006832,14996.888283571,258.688559438,243.909436576,343.700000000,0.000000000,0.000000000
point-0006833,14997.350518298,259.102084067,244.559436576,343.700000000,0.000000000,0.000000000
point-0006834,14998.585241567,261.159956181,244.559436576,343.700000000,0.000000000,0.000000000
point-0006835,14999.311806633,260.138251729,245.209436576,343.700000000,0.000000000,0.000000000
point-0006836,14999.685392453,259.515608697,245.209436576,343.700000000,0.000000000,0.000000000
point-0006837,15001.369817227,257.804214031,243.066429208,344.300000000,0.000000000,0.000000000
point-0006838,15031.009842069,299.584558826,216.707998310,344.300000000,0.000000000,0.000000000
point-0006839,15033.049844027,301.398702055,219.583568954,344.300000000,0.000000000,0.000000000
point-0006840,15062.689868904,259.618357143,245.941999777,344.300000000,0.000000000,0.000000000
point-0006841,15064.729870786,257.804214031,243.066429208,344.300000000,0.000000000,0.000000000
point-0006842,15065.153422349,258.398892914,243.446796197,344.300000000,0.000000000,0.000000000
point-0006843,15067.920816618,263.011216694,243.446796197,344.300000000,0.000000000,0.000000000
point-0006844,15068.651740863,264.041521737,242.796796197,344.300000000,0.000000000,0.000000000
point-0006845,15071.800341145,258.793854602,242.796796197,344.300000000,0.000000000,0.000000000
point-0006846,15072.531265388,259.824159638,242.146796197,344.300000000,0.000000000,0.000000000
point-0006847,15075.679865672,265.071826780,242.146796197,344.300000000,0.000000000,0.000000000
point-0006848,15076.410789918,266.102131822,241.496796197,344.300000000,0.000000000,0.000000000
point-0006849,15079.559390206,260.854464675,241.496796197,344.300000000,0.000000000,0.000000000
point-0006850,15080.290314449,261.884769712,240.846796197,344.300000000,0.000000000,0.000000000
point-0006851,15083.438914741,267.132436865,240.846796197,344.300000000,0.000000000,0.000000000
point-0006852,15084.169838987,268.162741908,240.196796197,344.300000000,0.000000000,0.000000000
point-0006853,15087.318439282,262.915074749,240.196796197,344.300000000,0.000000000,0.000000000
point-0006854,15088.049363525,263.945379786,239.546796197,344.300000000,0.000000000,0.000000000
point-0006855,15091.197963823,269.193046950,239.546796197,344.300000000,0.000000000,0.000000000
point-0006856,15091.928888069,270.223351993,238.896796197,344.300000000,0.000000000,0.000000000
point-0006857,15095.077488371,264.975684823,238.896796197,344.300000000,0.000000000,0.000000000
point-0006858,15095.808412614,266.005989859,238.246796197,344.300000000,0.000000000,0.000000000
point-0006859,15098.957012920,271.253657036,238.246796197,344.300000000,0.000000000,0.000000000
point-0006860,15099.687937166,272.283962078,237.596796197,344.300000000,0.000000000,0.000000000
point-0006861,15102.836537475,267.036294896,237.596796197,344.300000000,0.000000000,0.000000000
point-0006862,15103.567461718,268.066599933,236.946796197,344.300000000,0.000000000,0.000000000
point-0006863,15106.716062030,273.314267121,236.946796197,344.300000000,0.000000000,0.000000000
point-0006864,15107.446986276,274.344572164,236.296796197,344.300000000,0.000000000,0.000000000
point-0006865,15110.595586592,269.096904970,236.296796197,344.300000000,0.000000000,0.000000000
point-0006866,15111.326510835,270.127210007,235.646796197,344.300000000,0.000000000,0.000000000
point-0006867,15114.475111155,275.374877206,235.646796197,344.300000000,0.000000000,0.000000000
point-0006868,15115.206035401,276.405182249,234.996796197,344.300000000,0.000000000,0.000000000
point-0006869,15118.354635724,271.157515044,234.996796197,344.300000000,0.000000000,0.000000000
point-0006870,15119.085559967,272.187820080,234.346796197,344.300000000,0.000000000,0.000000000
point-0006871,15122.234160293,277.435487291,234.346796197,344.300000000,0.000000000,0.000000000
point-0006872,15122.965084539,278.465792334,233.696796197,344.300000000,0.000000000,0.000000000
point-0006873,15126.113684869,273.218125117,233.696796197,344.300000000,0.000000000,0.000000000
point-0006874,15126.844609112,274.248430154,233.046796197,344.300000000,0.000000000,0.000000000
point-0006875,15129.993209446,279.496097377,233.046796197,344.300000000,0.000000000,0.000000000
point-0006876,15130.724133692,280.526402419,232.396796197,344.300000000,0.000000000,0.000000000
point-0006877,15133.872734029,275.278735191,232.396796197,344.300000000,0.000000000,0.000000000
point-0006878,15134.603658272,276.309040228,231.746796197,344.300000000,0.000000000,0.000000000
point-0006879,15137.752258612,281.556707462,231.746796197,344.300000000,0.000000000,0.000000000
point-0006880,15138.483182858,282.587012505,231.096796197,344.300000000,0.000000000,0.000000000
point-0006881,15141.631783202,277.339345264,231.096796197,344.300000000,0.000000000,0.000000000
point-0006882,15142.362707445,278.369650301,230.446796197,344.300000000,0.000000000,0.000000000
point-0006883,15145.511307793,283.617317547,230.446796197,344.300000000,0.000000000,0.000000000
point-0006884,15146.242232039,284.647622590,229.796796197,344.300000000,0.000000000,0.000000000
point-0006885,15149.390832390,279.399955338,229.796796197,344.300000000,0.000000000,0.000000000
point-0006886,15150.121756633,280.430260375,229.146796197,344.300000000,0.000000000,0.000000000
point-0006887,15153.270356987,285.677927633,229.146796197,344.300000000,0.000000000,0.000000000
point-0006888,15154.001281233,286.708232675,228.496796197,344.300000000,0.000000000,0.000000000
point-0006889,15157.149881591,281.460565412,228.496796197,344.300000000,0.000000000,0.000000000
point-0006890,15157.880805834,282.490870449,227.846796197,344.300000000,0.000000000,0.000000000
point-0006891,15161.029406196,287.738537718,227.846796197,344.300000000,0.000000000,0.000000000
point-0006892,15161.760330441,288.768842761,227.196796197,344.300000000,0.000000000,0.000000000
point-0006893,15164.908930807,283.521175485,227.196796197,344.300000000,0.000000000,0.000000000
point-0006894,15165.639855049,284.551480522,226.546796197,344.300000000,0.000000000,0.000000000
point-0006895,15168.788455418,289.799147803,226.546796197,344.300000000,0.000000000,0.000000000
point-0006896,15169.519379664,290.829452846,225.896796197,344.300000000,0.000000000,0.000000000
point-0006897,15172.667980036,285.581785559,225.896796197,344.300000000,0.000000000,0.000000000
point-0006898,15173.398904279,286.612090596,225.246796197,344.300000000,0.000000000,0.000000000
point-0006899,15176.547504654,291.859757889,225.246796197,344.300000000,0.000000000,0.000000000
point-0006900,15177.278428900,292.890062931,224.596796197,344.300000000,0.000000000,0.000000000
point-0006901,15180.427029279,287.642395633,224.596796197,344.300000000,0.000000000,0.000000000
point-0006902,15181.157953522,288.672700670,223.946796197,344.300000000,0.000000000,0.000000000
point-0006903,15184.306553905,293.920367974,223.946796197,344.300000000,0.000000000,0.000000000
point-0006904,15185.037478151,294.950673017,223.296796197,344.300000000,0.000000000,0.000000000
point-0006905,15188.186078537,289.703005706,223.296796197,344.300000000,0.000000000,0.000000000
point-0006906,15188.917002780,290.733310743,222.646796197,344.300000000,0.000000000,0.000000000
point-0006907,15192.065603169,295.980978059,222.646796197,344.300000000,0.000000000,0.000000000
point-0006908,15192.796527415,297.011283102,221.996796197,344.300000000,0.000000000,0.000000000
point-0006909,15195.945127808,291.763615780,221.996796197,344.300000000,0.000000000,0.000000000
point-0006910,15196.676052051,292.793920817,221.346796197,344.300000000,0.000000000,0.000000000
point-0006911,15199.824652448,298.041588144,221.346796197,344.300000000,0.000000000,0.000000000
point-0006912,15200.555576693,299.071893187,220.696796197,344.300000000,0.000000000,0.000000000
point-0006913,15203.704177093,293.824225854,220.696796197,344.300000000,0.000000000,0.000000000
point-0006914,15204.435101336,294.854530890,220.046796197,344.300000000,0.000000000,0.000000000
point-0006915,15207.583701740,300.102198230,220.046796197,344.300000000,0.000000000,0.000000000
point-0006916,15208.213390199,300.926158104,219.396796197,344.300000000,0.000000000,0.000000000
point-0006917,15211.238183505,295.884835927,219.396796197,344.300000000,0.000000000,0.000000000
point-0006918,15211.969107748,296.915140964,218.746796197,344.300000000,0.000000000,0.000000000
point-0006919,15214.129674395,300.516085376,218.746796197,344.300000000,0.000000000,0.000000000
point-0006920,15214.590800702,300.106012648,218.096796197,344.300000000,0.000000000,0.000000000
point-0006921,15215.887140691,297.945446001,218.096796197,344.300000000,0.000000000,0.000000000
point-0006922,15216.618064934,298.975751038,217.446796197,344.300000000,0.000000000,0.000000000
point-0006923,15217.050178263,299.695939920,217.446796197,344.300000000,0.000000000,0.000000000
point-0006924,15244.758525537,261.980911652,244.096796197,344.300000000,0.000000000,0.000000000
point-0006925,15246.661693152,258.808965626,244.096796197,344.300000000,0.000000000,0.000000000
point-0006926,15247.122819454,259.219038339,244.746796197,344.300000000,0.000000000,0.000000000
point-0006927,15248.161760416,260.950606609,244.746796197,344.300000000,0.000000000,0.000000000
point-0006928,15248.892684662,259.920301566,245.396796197,344.300000000,0.000000000,0.000000000
point-0006929,15249.067398971,259.629111051,245.396796197,344.300000000,0.000000000,0.000000000
point-0006930,15250.857203161,257.829326313,243.094817579,344.900000000,0.000000000,0.000000000
point-0006931,15280.497187664,299.705035836,216.888284039,344.900000000,0.000000000,0.000000000
point-0006932,15282.537186433,301.508724239,219.770417657,344.900000000,0.000000000,0.000000000
point-0006933,15312.177170926,259.633014770,245.976951251,344.900000000,0.000000000,0.000000000
point-0006934,15314.217169739,257.829326313,243.094817579,344.900000000,0.000000000,0.000000000
point-0006935,15314.675194008,258.583512642,242.976739172,344.900000000,0.000000000,0.000000000
point-0006936,15317.842033973,263.861579250,242.976739172,344.900000000,0.000000000,0.000000000
point-0006937,15318.577193770,264.900221429,242.326739172,344.900000000,0.000000000,0.000000000
point-0006938,15321.744033732,259.622154825,242.326739172,344.900000000,0.000000000,0.000000000
point-0006939,15322.479193531,260.660797007,241.676739172,344.900000000,0.000000000,0.000000000
point-0006940,15325.646033492,265.938863608,241.676739172,344.900000000,0.000000000,0.000000000
point-0006941,15326.381193289,266.977505787,241.026739172,344.900000000,0.000000000,0.000000000
point-0006942,15329.548033248,261.699439189,241.026739172,344.900000000,0.000000000,0.000000000
point-0006943,15330.283193047,262.738081372,240.376739172,344.900000000,0.000000000,0.000000000
point-0006944,15333.450033003,268.016147966,240.376739172,344.900000000,0.000000000,0.000000000
point-0006945,15334.185192800,269.054790145,239.726739172,344.900000000,0.000000000,0.000000000
point-0006946,15337.352032755,263.776723554,239.726739172,344.900000000,0.000000000,0.000000000
point-0006947,15338.087192554,264.815365737,239.076739172,344.900000000,0.000000000,0.000000000
point-0006948,15341.254032506,270.093432324,239.076739172,344.900000000,0.000000000,0.000000000
point-0006949,15341.989192303,271.132074503,238.426739172,344.900000000,0.000000000,0.000000000
point-0006950,15345.156032253,265.854007919,238.426739172,344.900000000,0.000000000,0.000000000
point-0006951,15345.891192052,266.892650102,237.776739172,344.900000000,0.000000000,0.000000000
point-0006952,15349.058032001,272.170716682,237.776739172,344.900000000,0.000000000,0.000000000
point-0006953,15349.793191798,273.209358861,237.126739172,344.900000000,0.000000000,0.000000000
point-0006954,15352.960031744,267.931292284,237.126739172,344.900000000,0.000000000,0.000000000
point-0006955,15353.695191543,268.969934466,236.476739172,344.900000000,0.000000000,0.000000000
point-0006956,15356.862031487,274.248001040,236.476739172,344.900000000,0.000000000,0.000000000
point-0006957,15357.597191284,275.286643219,235.826739172,344.900000000,0.000000000,0.000000000
point-0006958,15360.764031226,270.008576649,235.826739172,344.900000000,0.000000000,0.000000000
point-0006959,15361.499191025,271.047218831,235.176739172,344.900000000,0.000000000,0.000000000
point-0006960,15364.666030965,276.325285398,235.176739172,344.900000000,0.000000000,0.000000000
point-0006961,15365.401190762,277.363927577,234.526739172,344.900000000,0.000000000,0.000000000
point-0006962,15368.568030700,272.085861014,234.526739172,344.900000000,0.000000000,0.000000000
point-0006963,15369.303190499,273.124503196,233.876739172,344.900000000,0.000000000,0.000000000
point-0006964,15372.470030435,278.402569756,233.876739172,344.900000000,0.000000000,0.000000000
point-0006965,15373.205190232,279.441211935,233.226739172,344.900000000,0.000000000,0.000000000
point-0006966,15376.372030166,274.163145378,233.226739172,344.900000000,0.000000000,0.000000000
point-0006967,15377.107189965,275.201787561,232.576739172,344.900000000,0.000000000,0.000000000
point-0006968,15380.274029896,280.479854114,232.576739172,344.900000000,0.000000000,0.000000000
point-0006969,15381.009189694,281.518496293,231.926739172,344.900000000,0.000000000,0.000000000
point-0006970,15384.176029623,276.240429743,231.926739172,344.900000000,0.000000000,0.000000000
point-0006971,15384.911189422,277.279071926,231.276739172,344.900000000,0.000000000,0.000000000
point-0006972,15388.078029350,282.557138472,231.276739172,344.900000000,0.000000000,0.000000000
point-0006973,15388.813189147,283.595780651,230.626739172,344.900000000,0.000000000,0.000000000
point-0006974,15391.980029072,278.317714108,230.626739172,344.900000000,0.000000000,0.000000000
point-0006975,15392.715188871,279.356356290,229.976739172,344.900000000,0.000000000,0.000000000
point-0006976,15395.882028795,284.634422830,229.976739172,344.900000000,0.000000000,0.000000000
point-0006977,15396.617188592,285.673065009,229.326739172,344.900000000,0.000000000,0.000000000
point-0006978,15399.784028513,280.394998473,229.326739172,344.900000000,0.000000000,0.000000000
point-0006979,15400.519188312,281.433640655,228.676739172,344.900000000,0.000000000,0.000000000
point-0006980,15403.686028232,286.711707188,228.676739172,344.900000000,0.000000000,0.000000000
point-0006981,15404.421188029,287.750349367,228.026739172,344.900000000,0.000000000,0.000000000
point-0006982,15407.588027946,282.472282838,228.026739172,344.900000000,0.000000000,0.000000000
point-0006983,15408.323187745,283.510925020,227.376739172,344.900000000,0.000000000,0.000000000
point-0006984,15411.490027660,288.788991546,227.376739172,344.900000000,0.000000000,0.000000000
point-0006985,15412.225187457,289.827633724,226.726739172,344.900000000,0.000000000,0.000000000
point-0006986,15415.392027370,284.549567203,226.726739172,344.900000000,0.000000000,0.000000000
point-0006987,15416.127187169,285.588209385,226.076739172,344.900000000,0.000000000,0.000000000
point-0006988,15419.294027080,290.866275903,226.076739172,344.900000000,0.000000000,0.000000000
point-0006989,15420.029186878,291.904918082,225.426739172,344.900000000,0.000000000,0.000000000
point-0006990,15423.196026787,286.626851567,225.426739172,344.900000000,0.000000000,0.000000000
point-0006991,15423.931186586,287.665493750,224.776739172,344.900000000,0.000000000,0.000000000
point-0006992,15427.098026492,292.943560261,224.776739172,344.900000000,0.000000000,0.000000000
point-0006993,15427.833186290,293.982202440,224.126739172,344.900000000,0.000000000,0.000000000
point-0006994,15431.000026195,288.704135932,224.126739172,344.900000000,0.000000000,0.000000000
point-0006995,15431.735185993,289.742778115,223.476739172,344.900000000,0.000000000,0.000000000
point-0006996,15434.902025896,295.020844619,223.476739172,344.900000000,0.000000000,0.000000000
point-0006997,15435.637185693,296.059486798,222.826739172,344.900000000,0.000000000,0.000000000
point-0006998,15438.804025594,290.781420297,222.826739172,344.900000000,0.000000000,0.000000000
point-0006999,15439.539185393,291.820062479,222.176739172,344.900000000,0.000000000,0.000000000
point-0007000,15442.706025292,297.098128977,222.176739172,344.900000000,0.000000000,0.000000000
point-0007001,15443.441185089,298.136771156,221.526739172,344.900000000,0.000000000,0.000000000
point-0007002,15446.608024986,292.858704662,221.526739172,344.900000000,0.000000000,0.000000000
point-0007003,15447.343184785,293.897346844,220.876739172,344.900000000,0.000000000,0.000000000
point-0007004,15450.510024679,299.175413335,220.876739172,344.900000000,0.000000000,0.000000000
point-0007005,15451.245184476,300.214055514,220.226739172,344.900000000,0.000000000,0.000000000
point-0007006,15454.412024369,294.935989027,220.226739172,344.900000000,0.000000000,0.000000000
point-0007007,15455.147184168,295.974631209,219.576739172,344.900000000,0.000000000,0.000000000
point-0007008,15458.182573045,301.033612671,219.576739172,344.900000000,0.000000000,0.000000000
point-0007009,15458.642648592,300.626831579,218.926739172,344.900000000,0.000000000,0.000000000
point-0007010,15460.810783504,297.013273391,218.926739172,344.900000000,0.000000000,0.000000000
point-0007011,15461.545943303,298.051915574,218.276739172,344.900000000,0.000000000,0.000000000
point-0007012,15462.846824250,300.220050486,218.276739172,344.900000000,0.000000000,0.000000000
point-0007013,15463.306899797,299.813269394,217.626739172,344.900000000,0.000000000,0.000000000
point-0007014,15463.740526779,299.090557756,217.626739172,344.900000000,0.000000000,0.000000000
point-0007015,15490.515188526,262.822937071,243.626739172,344.900000000,0.000000000,0.000000000
point-0007016,15493.099281052,258.516116195,243.626739172,344.900000000,0.000000000,0.000000000
point-0007017,15493.559356600,258.922897292,244.276739172,344.900000000,0.000000000,0.000000000
point-0007018,15495.276195160,261.784294892,244.276739172,344.900000000,0.000000000,0.000000000
point-0007019,15496.011354957,260.745652713,244.926739172,344.900000000,0.000000000,0.000000000
point-0007020,15496.860939551,259.329678389,244.926739172,344.900000000,0.000000000,0.000000000
point-0007021,15498.305543940,257.853225970,243.122028043,345.500000000,0.000000000,0.000000000
point-0007022,15527.945491527,299.819545393,217.060957396,345.500000000,0.000000000,0.000000000
point-0007023,15529.985487387,301.613221862,219.949326798,345.500000000,0.000000000,0.000000000
point-0007024,15559.625434907,259.646902599,246.010397496,345.500000000,0.000000000,0.000000000
point-0007025,15561.665430843,257.853225970,243.122028043,345.500000000,0.000000000,0.000000000
point-0007026,15561.980909643,258.378327610,243.149079929,345.500000000,0.000000000,0.000000000
point-0007027,15565.165416147,263.685838450,243.149079929,345.500000000,0.000000000,0.000000000
point-0007028,15565.904678402,264.732537868,242.499079929,345.500000000,0.000000000,0.000000000
point-0007029,15569.089184905,259.425027029,242.499079929,345.500000000,0.000000000,0.000000000
point-0007030,15569.828447161,260.471726447,241.849079929,345.500000000,0.000000000,0.000000000
point-0007031,15573.012953664,265.779237286,241.849079929,345.500000000,0.000000000,0.000000000
point-0007032,15573.752215919,266.825936703,241.199079929,345.500000000,0.000000000,0.000000000
point-0007033,15576.936722421,261.518425866,241.199079929,345.500000000,0.000000000,0.000000000
point-0007034,15577.675984676,262.565125285,240.549079929,345.500000000,0.000000000,0.000000000
point-0007035,15580.860491178,267.872636121,240.549079929,345.500000000,0.000000000,0.000000000
point-0007036,15581.599753433,268.919335538,239.899079929,345.500000000,0.000000000,0.000000000
point-0007037,15584.784259934,263.611824703,239.899079929,345.500000000,0.000000000,0.000000000
point-0007038,15585.523522190,264.658524122,239.249079929,345.500000000,0.000000000,0.000000000
point-0007039,15588.708028690,269.966034956,239.249079929,345.500000000,0.000000000,0.000000000
point-0007040,15589.447290945,271.012734374,238.599079929,345.500000000,0.000000000,0.000000000
point-0007041,15592.631797445,265.705223540,238.599079929,345.500000000,0.000000000,0.000000000
point-0007042,15593.371059700,266.751922959,237.949079929,345.500000000,0.000000000,0.000000000
point-0007043,15596.555566200,272.059433791,237.949079929,345.500000000,0.000000000,0.000000000
point-0007044,15597.294828455,273.106133209,237.299079929,345.500000000,0.000000000,0.000000000
point-0007045,15600.479334953,267.798622377,237.299079929,345.500000000,0.000000000,0.000000000
point-0007046,15601.218597209,268.845321796,236.649079929,345.500000000,0.000000000,0.000000000
point-0007047,15604.403103707,274.152832626,236.649079929,345.500000000,0.000000000,0.000000000
point-0007048,15605.142365962,275.199532044,235.999079929,345.500000000,0.000000000,0.000000000
point-0007049,15608.326872460,269.892021215,235.999079929,345.500000000,0.000000000,0.000000000
point-0007050,15609.066134715,270.938720633,235.349079929,345.500000000,0.000000000,0.000000000
point-0007051,15612.250641212,276.246231461,235.349079929,345.500000000,0.000000000,0.000000000
point-0007052,15612.989903467,277.292930879,234.699079929,345.500000000,0.000000000,0.000000000
point-0007053,15616.174409963,271.985420052,234.699079929,345.500000000,0.000000000,0.000000000
point-0007054,15616.913672219,273.032119470,234.049079929,345.500000000,0.000000000,0.000000000
point-0007055,15620.098178715,278.339630297,234.049079929,345.500000000,0.000000000,0.000000000
point-0007056,15620.837440969,279.386329714,233.399079929,345.500000000,0.000000000,0.000000000
point-0007057,15624.021947465,274.078818889,233.399079929,345.500000000,0.000000000,0.000000000
point-0007058,15624.761209720,275.125518307,232.749079929,345.500000000,0.000000000,0.000000000
point-0007059,15627.945716215,280.433029132,232.749079929,345.500000000,0.000000000,0.000000000
point-0007060,15628.684978470,281.479728549,232.099079929,345.500000000,0.000000000,0.000000000
point-0007061,15631.869484964,276.172217726,232.099079929,345.500000000,0.000000000,0.000000000
point-0007062,15632.608747219,277.218917145,231.449079929,345.500000000,0.000000000,0.000000000
point-0007063,15635.793253713,282.526427967,231.449079929,345.500000000,0.000000000,0.000000000
point-0007064,15636.532515967,283.573127385,230.799079929,345.500000000,0.000000000,0.000000000
point-0007065,15639.717022460,278.265616563,230.799079929,345.500000000,0.000000000,0.000000000
point-0007066,15640.456284716,279.312315982,230.149079929,345.500000000,0.000000000,0.000000000
point-0007067,15643.640791208,284.619826802,230.149079929,345.500000000,0.000000000,0.000000000
point-0007068,15644.380053463,285.666526220,229.499079929,345.500000000,0.000000000,0.000000000
point-0007069,15647.564559955,280.359015400,229.499079929,345.500000000,0.000000000,0.000000000
point-0007070,15648.303822210,281.405714819,228.849079929,345.500000000,0.000000000,0.000000000
point-0007071,15651.488328701,286.713225637,228.849079929,345.500000000,0.000000000,0.000000000
point-0007072,15652.227590956,287.759925055,228.199079929,345.500000000,0.000000000,0.000000000
point-0007073,15655.412097447,282.452414237,228.199079929,345.500000000,0.000000000,0.000000000
point-0007074,15656.151359702,283.499113656,227.549079929,345.500000000,0.000000000,0.000000000
point-0007075,15659.335866192,288.806624473,227.549079929,345.500000000,0.000000000,0.000000000
point-0007076,15660.075128447,289.853323890,226.899079929,345.500000000,0.000000000,0.000000000
point-0007077,15663.259634936,284.545813075,226.899079929,345.500000000,0.000000000,0.000000000
point-0007078,15663.998897191,285.592512493,226.249079929,345.500000000,0.000000000,0.000000000
point-0007079,15667.183403680,290.900023308,226.249079929,345.500000000,0.000000000,0.000000000
point-0007080,15667.922665935,291.946722725,225.599079929,345.500000000,0.000000000,0.000000000
point-0007081,15671.107172423,286.639211912,225.599079929,345.500000000,0.000000000,0.000000000
point-0007082,15671.846434679,287.685911330,224.949079929,345.500000000,0.000000000,0.000000000
point-0007083,15675.030941166,292.993422143,224.949079929,345.500000000,0.000000000,0.000000000
point-0007084,15675.770203421,294.040121560,224.299079929,345.500000000,0.000000000,0.000000000
point-0007085,15678.954709908,288.732610749,224.299079929,345.500000000,0.000000000,0.000000000
point-0007086,15679.693972164,289.779310167,223.649079929,345.500000000,0.000000000,0.000000000
point-0007087,15682.878478650,295.086820978,223.649079929,345.500000000,0.000000000,0.000000000
point-0007088,15683.617740905,296.133520396,222.999079929,345.500000000,0.000000000,0.000000000
point-0007089,15686.802247391,290.826009586,222.999079929,345.500000000,0.000000000,0.000000000
point-0007090,15687.541509646,291.872709005,222.349079929,345.500000000,0.000000000,0.000000000
point-0007091,15690.726016131,297.180219813,222.349079929,345.500000000,0.000000000,0.000000000
point-0007092,15691.465278386,298.226919231,221.699079929,345.500000000,0.000000000,0.000000000
point-0007093,15694.649784871,292.919408423,221.699079929,345.500000000,0.000000000,0.000000000
point-0007094,15695.389047126,293.966107842,221.049079929,345.500000000,0.000000000,0.000000000
point-0007095,15698.573553610,299.273618648,221.049079929,345.500000000,0.000000000,0.000000000
point-0007096,15699.312815865,300.320318066,220.399079929,345.500000000,0.000000000,0.000000000
point-0007097,15702.497322348,295.012807260,220.399079929,345.500000000,0.000000000,0.000000000
point-0007098,15703.236584604,296.059506679,219.749079929,345.500000000,0.000000000,0.000000000
point-0007099,15706.282317943,301.135728911,219.749079929,345.500000000,0.000000000,0.000000000
point-0007100,15706.741399565,300.732079121,219.099079929,345.500000000,0.000000000,0.000000000
point-0007101,15708.916923379,297.106206097,219.099079929,345.500000000,0.000000000,0.000000000
point-0007102,15709.656185634,298.152905516,218.449079929,345.500000000,0.000000000,0.000000000
point-0007103,15710.961499923,300.328429330,218.449079929,345.500000000,0.000000000,0.000000000
point-0007104,15711.420581544,299.924779539,217.799079929,345.500000000,0.000000000,0.000000000
point-0007105,15711.855686307,299.199604935,217.799079929,345.500000000,0.000000000,0.000000000
point-0007106,15738.773345197,262.639139033,243.799079929,345.500000000,0.000000000,0.000000000
point-0007107,15741.180739785,258.626814719,243.799079929,345.500000000,0.000000000,0.000000000
point-0007108,15741.639821416,259.030464539,244.449079929,345.500000000,0.000000000,0.000000000
point-0007109,15743.177006461,261.592439615,244.449079929,345.500000000,0.000000000,0.000000000
point-0007110,15743.916268716,260.545740198,245.099079929,345.500000000,0.000000000,0.000000000
point-0007111,15744.583244220,259.434114359,245.099079929,345.500000000,0.000000000,0.000000000
point-0007112,15746.124041806,257.875910114,243.148028194,346.100000000,0.000000000,0.000000000
point-0007113,15775.763962586,299.928100193,217.225831824,346.100000000,0.000000000,0.000000000
point-0007114,15777.803956323,301.712218277,220.120110955,346.100000000,0.000000000,0.000000000
point-0007115,15807.443877008,259.660028425,246.042307393,346.100000000,0.000000000,0.000000000
point-0007116,15809.483870852,257.875910114,243.148028194,346.100000000,0.000000000,0.000000000
point-0007117,15809.774110159,258.330411952,243.313632846,346.100000000,0.000000000,0.000000000
point-0007118,15812.884803949,263.514901602,243.313632846,346.100000000,0.000000000,0.000000000
point-0007119,15813.628026018,264.569361762,242.663632846,346.100000000,0.000000000,0.000000000
point-0007120,15816.829586098,259.233428295,242.663632846,346.100000000,0.000000000,0.000000000
point-0007121,15817.572808166,260.287888457,242.013632846,346.100000000,0.000000000,0.000000000
point-0007122,15820.774368245,265.623821922,242.013632846,346.100000000,0.000000000,0.000000000
point-0007123,15821.517590314,266.678282082,241.363632846,346.100000000,0.000000000,0.000000000
point-0007124,15824.719150392,261.342348618,241.363632846,346.100000000,0.000000000,0.000000000
point-0007125,15825.462372461,262.396808779,240.713632846,346.100000000,0.000000000,0.000000000
point-0007126,15828.663932538,267.732742242,240.713632846,346.100000000,0.000000000,0.000000000
point-0007127,15829.407154606,268.787202402,240.063632846,346.100000000,0.000000000,0.000000000
point-0007128,15832.608714683,263.451268941,240.063632846,346.100000000,0.000000000,0.000000000
point-0007129,15833.351936752,264.505729102,239.413632846,346.100000000,0.000000000,0.000000000
point-0007130,15836.553496828,269.841662562,239.413632846,346.100000000,0.000000000,0.000000000
point-0007131,15837.296718896,270.896122722,238.763632846,346.100000000,0.000000000,0.000000000
point-0007132,15840.498278971,265.560189263,238.763632846,346.100000000,0.000000000,0.000000000
point-0007133,15841.241501040,266.614649425,238.113632846,346.100000000,0.000000000,0.000000000
point-0007134,15844.443061115,271.950582882,238.113632846,346.100000000,0.000000000,0.000000000
point-0007135,15845.186283183,273.005043042,237.463632846,346.100000000,0.000000000,0.000000000
point-0007136,15848.387843257,267.669109586,237.463632846,346.100000000,0.000000000,0.000000000
point-0007137,15849.131065325,268.723569747,236.813632846,346.100000000,0.000000000,0.000000000
point-0007138,15852.332625398,274.059503202,236.813632846,346.100000000,0.000000000,0.000000000
point-0007139,15853.075847466,275.113963362,236.163632846,346.100000000,0.000000000,0.000000000
point-0007140,15856.277407538,269.778029909,236.163632846,346.100000000,0.000000000,0.000000000
point-0007141,15857.020629607,270.832490070,235.513632846,346.100000000,0.000000000,0.000000000
point-0007142,15860.222189679,276.168423522,235.513632846,346.100000000,0.000000000,0.000000000
point-0007143,15860.965411747,277.222883682,234.863632846,346.100000000,0.000000000,0.000000000
point-0007144,15864.166971817,271.886950231,234.863632846,346.100000000,0.000000000,0.000000000
point-0007145,15864.910193886,272.941410392,234.213632846,346.100000000,0.000000000,0.000000000
point-0007146,15868.111753956,278.277343842,234.213632846,346.100000000,0.000000000,0.000000000
point-0007147,15868.854976024,279.331804002,233.563632846,346.100000000,0.000000000,0.000000000
point-0007148,15872.056536093,273.995870554,233.563632846,346.100000000,0.000000000,0.000000000
point-0007149,15872.799758162,275.050330715,232.913632846,346.100000000,0.000000000,0.000000000
point-0007150,15876.001318230,280.386264162,232.913632846,346.100000000,0.000000000,0.000000000
point-0007151,15876.744540298,281.440724322,232.263632846,346.100000000,0.000000000,0.000000000
point-0007152,15879.946100366,276.104790876,232.263632846,346.100000000,0.000000000,0.000000000
point-0007153,15880.689322434,277.159251038,231.613632846,346.100000000,0.000000000,0.000000000
point-0007154,15883.890882501,282.495184482,231.613632846,346.100000000,0.000000000,0.000000000
point-0007155,15884.634104569,283.549644642,230.963632846,346.100000000,0.000000000,0.000000000
point-0007156,15887.835664635,278.213711199,230.963632846,346.100000000,0.000000000,0.000000000
point-0007157,15888.578886704,279.268171360,230.313632846,346.100000000,0.000000000,0.000000000
point-0007158,15891.780446769,284.604104802,230.313632846,346.100000000,0.000000000,0.000000000
point-0007159,15892.523668837,285.658564962,229.663632846,346.100000000,0.000000000,0.000000000
point-0007160,15895.725228902,280.322631522,229.663632846,346.100000000,0.000000000,0.000000000
point-0007161,15896.468450970,281.377091683,229.013632846,346.100000000,0.000000000,0.000000000
point-0007162,15899.670011034,286.713025122,229.013632846,346.100000000,0.000000000,0.000000000
point-0007163,15900.413233102,287.767485282,228.363632846,346.100000000,0.000000000,0.000000000
point-0007164,15903.614793165,282.431551844,228.363632846,346.100000000,0.000000000,0.000000000
point-0007165,15904.358015234,283.486012006,227.713632846,346.100000000,0.000000000,0.000000000
point-0007166,15907.559575296,288.821945442,227.713632846,346.100000000,0.000000000,0.000000000
point-0007167,15908.302797364,289.876405602,227.063632846,346.100000000,0.000000000,0.000000000
point-0007168,15911.504357425,284.540472167,227.063632846,346.100000000,0.000000000,0.000000000
point-0007169,15912.247579494,285.594932328,226.413632846,346.100000000,0.000000000,0.000000000
point-0007170,15915.449139554,290.930865762,226.413632846,346.100000000,0.000000000,0.000000000
point-0007171,15916.192361622,291.985325922,225.763632846,346.100000000,0.000000000,0.000000000
point-0007172,15919.393921682,286.649392489,225.763632846,346.100000000,0.000000000,0.000000000
point-0007173,15920.137143751,287.703852651,225.113632846,346.100000000,0.000000000,0.000000000
point-0007174,15923.338703810,293.039786082,225.113632846,346.100000000,0.000000000,0.000000000
point-0007175,15924.081925878,294.094246242,224.463632846,346.100000000,0.000000000,0.000000000
point-0007176,15927.283485936,288.758312812,224.463632846,346.100000000,0.000000000,0.000000000
point-0007177,15928.026708005,289.812772973,223.813632846,346.100000000,0.000000000,0.000000000
point-0007178,15931.228268062,295.148706402,223.813632846,346.100000000,0.000000000,0.000000000
point-0007179,15931.971490130,296.203166562,223.163632846,346.100000000,0.000000000,0.000000000
point-0007180,15935.173050187,290.867233135,223.163632846,346.100000000,0.000000000,0.000000000
point-0007181,15935.916272255,291.921693296,222.513632846,346.100000000,0.000000000,0.000000000
point-0007182,15939.117832311,297.257626722,222.513632846,346.100000000,0.000000000,0.000000000
point-0007183,15939.861054379,298.312086882,221.863632846,346.100000000,0.000000000,0.000000000
point-0007184,15943.062614434,292.976153457,221.863632846,346.100000000,0.000000000,0.000000000
point-0007185,15943.805836503,294.030613619,221.213632846,346.100000000,0.000000000,0.000000000
point-0007186,15947.007396557,299.366547042,221.213632846,346.100000000,0.000000000,0.000000000
point-0007187,15947.750618626,300.421007202,220.563632846,346.100000000,0.000000000,0.000000000
point-0007188,15950.952178679,295.085073780,220.563632846,346.100000000,0.000000000,0.000000000
point-0007189,15951.695400748,296.139533941,219.913632846,346.100000000,0.000000000,0.000000000
point-0007190,15954.751192904,301.232520869,219.913632846,346.100000000,0.000000000,0.000000000
point-0007191,15955.209336667,300.831841908,219.263632846,346.100000000,0.000000000,0.000000000
point-0007192,15957.392045350,297.193994102,219.263632846,346.100000000,0.000000000,0.000000000
point-0007193,15958.135267419,298.248454264,218.613632846,346.100000000,0.000000000,0.000000000
point-0007194,15959.444892629,300.431162947,218.613632846,346.100000000,0.000000000,0.000000000
point-0007195,15959.903036391,300.030483986,217.963632846,346.100000000,0.000000000,0.000000000
point-0007196,15960.339578127,299.302914425,217.963632846,346.100000000,0.000000000,0.000000000
point-0007197,15987.395306053,262.460441442,243.963632846,346.100000000,0.000000000,0.000000000
point-0007198,15989.632916346,258.731090954,243.963632846,346.100000000,0.000000000,0.000000000
point-0007199,15990.091060121,259.131769956,244.613632846,346.100000000,0.000000000,0.000000000
point-0007200,15991.455586916,261.405981282,244.613632846,346.100000000,0.000000000,0.000000000
point-0007201,15992.198808984,260.351521122,245.263632846,346.100000000,0.000000000,0.000000000
point-0007202,15992.690252282,259.532448959,245.263632846,346.100000000,0.000000000,0.000000000
point-0007203,15994.322991620,257.897376542,243.172785399,346.700000000,0.000000000,0.000000000
point-0007204,16023.962903385,300.030712940,217.382720751,346.700000000,0.000000000,0.000000000
point-0007205,16026.002896404,301.805736857,220.282584710,346.700000000,0.000000000,0.000000000
point-0007206,16055.642808069,259.672400696,246.072649428,346.700000000,0.000000000,0.000000000
point-0007207,16057.682801199,257.897376542,243.172785399,346.700000000,0.000000000,0.000000000
point-0007208,16058.049440547,258.431172757,243.470212270,346.700000000,0.000000000,0.000000000
point-0007209,16061.000361858,263.349374944,243.470212270,346.700000000,0.000000000,0.000000000
point-0007210,16061.747391491,264.411282651,242.820212270,346.700000000,0.000000000,0.000000000
point-0007211,16064.965351952,259.048015217,242.820212270,346.700000000,0.000000000,0.000000000
point-0007212,16065.712381586,260.109922926,242.170212270,346.700000000,0.000000000,0.000000000
point-0007213,16068.930342046,265.473190359,242.170212270,346.700000000,0.000000000,0.000000000
point-0007214,16069.677371679,266.535098067,241.520212270,346.700000000,0.000000000,0.000000000
point-0007215,16072.895332138,261.171830635,241.520212270,346.700000000,0.000000000,0.000000000
point-0007216,16073.642361772,262.233738343,240.870212270,346.700000000,0.000000000,0.000000000
point-0007217,16076.860322230,267.597005774,240.870212270,346.700000000,0.000000000,0.000000000
point-0007218,16077.607351863,268.658913482,240.220212270,346.700000000,0.000000000,0.000000000
point-0007219,16080.825312321,263.295646052,240.220212270,346.700000000,0.000000000,0.000000000
point-0007220,16081.572341954,264.357553761,239.570212270,346.700000000,0.000000000,0.000000000
point-0007221,16084.790302411,269.720821189,239.570212270,346.700000000,0.000000000,0.000000000
point-0007222,16085.537332044,270.782728897,238.920212270,346.700000000,0.000000000,0.000000000
point-0007223,16088.755292500,265.419461470,238.920212270,346.700000000,0.000000000,0.000000000
point-0007224,16089.502322134,266.481369179,238.270212270,346.700000000,0.000000000,0.000000000
point-0007225,16092.720282590,271.844636605,238.270212270,346.700000000,0.000000000,0.000000000
point-0007226,16093.467312223,272.906544312,237.620212270,346.700000000,0.000000000,0.000000000
point-0007227,16096.685272677,267.543276888,237.620212270,346.700000000,0.000000000,0.000000000
point-0007228,16097.432302311,268.605184597,236.970212270,346.700000000,0.000000000,0.000000000
point-0007229,16100.650262765,273.968452020,236.970212270,346.700000000,0.000000000,0.000000000
point-0007230,16101.397292398,275.030359728,236.320212270,346.700000000,0.000000000,0.000000000
point-0007231,16104.615252851,269.667092306,236.320212270,346.700000000,0.000000000,0.000000000
point-0007232,16105.362282485,270.729000015,235.670212270,346.700000000,0.000000000,0.000000000
point-0007233,16108.580242937,276.092267435,235.670212270,346.700000000,0.000000000,0.000000000
point-0007234,16109.327272570,277.154175143,235.020212270,346.700000000,0.000000000,0.000000000
point-0007235,16112.545233022,271.790907723,235.020212270,346.700000000,0.000000000,0.000000000
point-0007236,16113.292262655,272.852815432,234.370212270,346.700000000,0.000000000,0.000000000
point-0007237,16116.510223106,278.216082850,234.370212270,346.700000000,0.000000000,0.000000000
point-0007238,16117.257252739,279.277990558,233.720212270,346.700000000,0.000000000,0.000000000
point-0007239,16120.475213189,273.914723141,233.720212270,346.700000000,0.000000000,0.000000000
point-0007240,16121.222242823,274.976630850,233.070212270,346.700000000,0.000000000,0.000000000
point-0007241,16124.440203272,280.339898266,233.070212270,346.700000000,0.000000000,0.000000000
point-0007242,16125.187232905,281.401805973,232.420212270,346.700000000,0.000000000,0.000000000
point-0007243,16128.405193354,276.038538559,232.420212270,346.700000000,0.000000000,0.000000000
point-0007244,16129.152222988,277.100446268,231.770212270,346.700000000,0.000000000,0.000000000
point-0007245,16132.370183435,282.463713681,231.770212270,346.700000000,0.000000000,0.000000000
point-0007246,16133.117213068,283.525621389,231.120212270,346.700000000,0.000000000,0.000000000
point-0007247,16136.335173516,278.162353977,231.120212270,346.700000000,0.000000000,0.000000000
point-0007248,16137.082203149,279.224261686,230.470212270,346.700000000,0.000000000,0.000000000
point-0007249,16140.300163596,284.587529096,230.470212270,346.700000000,0.000000000,0.000000000
point-0007250,16141.047193229,285.649436804,229.820212270,346.700000000,0.000000000,0.000000000
point-0007251,16144.265153674,280.286169394,229.820212270,346.700000000,0.000000000,0.000000000
point-0007252,16145.012183308,281.348077103,229.170212270,346.700000000,0.000000000,0.000000000
point-0007253,16148.230143753,286.711344511,229.170212270,346.700000000,0.000000000,0.000000000
point-0007254,16148.977173386,287.773252219,228.520212270,346.700000000,0.000000000,0.000000000
point-0007255,16152.195133830,282.409984812,228.520212270,346.700000000,0.000000000,0.000000000
point-0007256,16152.942163463,283.471892521,227.870212270,346.700000000,0.000000000,0.000000000
point-0007257,16156.160123907,288.835159927,227.870212270,346.700000000,0.000000000,0.000000000
point-0007258,16156.907153540,289.897067634,227.220212270,346.700000000,0.000000000,0.000000000
point-0007259,16160.125113982,284.533800230,227.220212270,346.700000000,0.000000000,0.000000000
point-0007260,16160.872143616,285.595707939,226.570212270,346.700000000,0.000000000,0.000000000
point-0007261,16164.090104058,290.958975342,226.570212270,346.700000000,0.000000000,0.000000000
point-0007262,16164.837133691,292.020883049,225.920212270,346.700000000,0.000000000,0.000000000
point-0007263,16168.055094132,286.657615648,225.920212270,346.700000000,0.000000000,0.000000000
point-0007264,16168.802123765,287.719523357,225.270212270,346.700000000,0.000000000,0.000000000
point-0007265,16172.020084206,293.082790757,225.270212270,346.700000000,0.000000000,0.000000000
point-0007266,16172.767113839,294.144698465,224.620212270,346.700000000,0.000000000,0.000000000
point-0007267,16175.985074278,288.781431066,224.620212270,346.700000000,0.000000000,0.000000000
point-0007268,16176.732103912,289.843338774,223.970212270,346.700000000,0.000000000,0.000000000
point-0007269,16179.950064351,295.206606172,223.970212270,346.700000000,0.000000000,0.000000000
point-0007270,16180.697093984,296.268513880,223.320212270,346.700000000,0.000000000,0.000000000
point-0007271,16183.915054422,290.905246483,223.320212270,346.700000000,0.000000000,0.000000000
point-0007272,16184.662084055,291.967154192,222.670212270,346.700000000,0.000000000,0.000000000
point-0007273,16187.880044493,297.330421588,222.670212270,346.700000000,0.000000000,0.000000000
point-0007274,16188.627074126,298.392329295,222.020212270,346.700000000,0.000000000,0.000000000
point-0007275,16191.845034562,293.029061901,222.020212270,346.700000000,0.000000000,0.000000000
point-0007276,16192.592064196,294.090969610,221.370212270,346.700000000,0.000000000,0.000000000
point-0007277,16195.810024632,299.454237003,221.370212270,346.700000000,0.000000000,0.000000000
point-0007278,16196.557054265,300.516144710,220.720212270,346.700000000,0.000000000,0.000000000
point-0007279,16199.775014700,295.152877319,220.720212270,346.700000000,0.000000000,0.000000000
point-0007280,16200.522044333,296.214785028,220.070212270,346.700000000,0.000000000,0.000000000
point-0007281,16203.587575113,301.324002993,220.070212270,346.700000000,0.000000000,0.000000000
point-0007282,16204.044836378,300.926134141,219.420212270,346.700000000,0.000000000,0.000000000
point-0007283,16206.234501220,297.276692737,219.420212270,346.700000000,0.000000000,0.000000000
point-0007284,16206.981530854,298.338600445,218.770212270,346.700000000,0.000000000,0.000000000
point-0007285,16208.295329760,300.528265288,218.770212270,346.700000000,0.000000000,0.000000000
point-0007286,16208.752591025,300.130396435,218.120212270,346.700000000,0.000000000,0.000000000
point-0007287,16209.190523993,299.400508154,218.120212270,346.700000000,0.000000000,0.000000000
point-0007288,16236.379051173,262.287467236,244.120212270,346.700000000,0.000000000,0.000000000
point-0007289,16238.454106523,258.829041654,244.120212270,346.700000000,0.000000000,0.000000000
point-0007290,16238.911367802,259.226910550,244.770212270,346.700000000,0.000000000,0.000000000
point-0007291,16240.110557189,261.225559528,244.770212270,346.700000000,0.000000000,0.000000000
point-0007292,16240.857586822,260.163651821,245.420212270,346.700000000,0.000000000,0.000000000
point-0007293,16241.180910247,259.624779446,245.420212270,346.700000000,0.000000000,0.000000000
point-0007294,16242.901175830,257.917622861,243.196267090,347.300000000,0.000000000,0.000000000
point-0007295,16272.541105695,300.127396345,217.531437582,347.300000000,0.000000000,0.000000000
point-0007296,16274.581100142,301.893800997,220.436562652,347.300000000,0.000000000,0.000000000
point-0007297,16304.221029933,259.684027691,246.101392212,347.300000000,0.000000000,0.000000000
point-0007298,16306.261024462,257.917622861,243.196267090,347.300000000,0.000000000,0.000000000
point-0007299,16306.705167018,258.525536633,243.618632503,347.300000000,0.000000000,0.000000000
point-0007300,16309.503765034,263.189866659,243.618632503,347.300000000,0.000000000,0.000000000
point-0007301,16310.254440363,264.258891980,242.968632503,347.300000000,0.000000000,0.000000000
point-0007302,16313.488108033,258.869445863,242.968632503,347.300000000,0.000000000,0.000000000
point-0007303,16314.238783362,259.938471184,242.318632503,347.300000000,0.000000000,0.000000000
point-0007304,16317.472451032,265.327917301,242.318632503,347.300000000,0.000000000,0.000000000
point-0007305,16318.223126361,266.396942621,241.668632503,347.300000000,0.000000000,0.000000000
point-0007306,16321.456794030,261.007496506,241.668632503,347.300000000,0.000000000,0.000000000
point-0007307,16322.207469359,262.076521827,241.018632503,347.300000000,0.000000000,0.000000000
point-0007308,16325.441137028,267.465967942,241.018632503,347.300000000,0.000000000,0.000000000
point-0007309,16326.191812357,268.534993263,240.368632503,347.300000000,0.000000000,0.000000000
point-0007310,16329.425480025,263.145547149,240.368632503,347.300000000,0.000000000,0.000000000
point-0007311,16330.176155354,264.214572470,239.718632503,347.300000000,0.000000000,0.000000000
point-0007312,16333.409823022,269.604018583,239.718632503,347.300000000,0.000000000,0.000000000
point-0007313,16334.160498351,270.673043904,239.068632503,347.300000000,0.000000000,0.000000000
point-0007314,16337.394166018,265.283597792,239.068632503,347.300000000,0.000000000,0.000000000
point-0007315,16338.144841347,266.352623113,238.418632503,347.300000000,0.000000000,0.000000000
point-0007316,16341.378509014,271.742069224,238.418632503,347.300000000,0.000000000,0.000000000
point-0007317,16342.129184342,272.811094545,237.768632503,347.300000000,0.000000000,0.000000000
point-0007318,16345.362852008,267.421648435,237.768632503,347.300000000,0.000000000,0.000000000
point-0007319,16346.113527338,268.490673756,237.118632503,347.300000000,0.000000000,0.000000000
point-0007320,16349.347195003,273.880119866,237.118632503,347.300000000,0.000000000,0.000000000
point-0007321,16350.097870332,274.949145186,236.468632503,347.300000000,0.000000000,0.000000000
point-0007322,16353.331537997,269.559699078,236.468632503,347.300000000,0.000000000,0.000000000
point-0007323,16354.082213326,270.628724399,235.818632503,347.300000000,0.000000000,0.000000000
point-0007324,16357.315880991,276.018170507,235.818632503,347.300000000,0.000000000,0.000000000
point-0007325,16358.066556319,277.087195827,235.168632503,347.300000000,0.000000000,0.000000000
point-0007326,16361.300223983,271.697749721,235.168632503,347.300000000,0.000000000,0.000000000
point-0007327,16362.050899313,272.766775042,234.518632503,347.300000000,0.000000000,0.000000000
point-0007328,16365.284566976,278.156221148,234.518632503,347.300000000,0.000000000,0.000000000
point-0007329,16366.035242305,279.225246469,233.868632503,347.300000000,0.000000000,0.000000000
point-0007330,16369.268909968,273.835800364,233.868632503,347.300000000,0.000000000,0.000000000
point-0007331,16370.019585297,274.904825685,233.218632503,347.300000000,0.000000000,0.000000000
point-0007332,16373.253252959,280.294271789,233.218632503,347.300000000,0.000000000,0.000000000
point-0007333,16374.003928288,281.363297110,232.568632503,347.300000000,0.000000000,0.000000000
point-0007334,16377.237595950,275.973851007,232.568632503,347.300000000,0.000000000,0.000000000
point-0007335,16377.988271279,277.042876328,231.918632503,347.300000000,0.000000000,0.000000000
point-0007336,16381.221938941,282.432322431,231.918632503,347.300000000,0.000000000,0.000000000
point-0007337,16381.972614269,283.501347751,231.268632503,347.300000000,0.000000000,0.000000000
point-0007338,16385.206281930,278.111901650,231.268632503,347.300000000,0.000000000,0.000000000
point-0007339,16385.956957259,279.180926971,230.618632503,347.300000000,0.000000000,0.000000000
point-0007340,16389.190624920,284.570373072,230.618632503,347.300000000,0.000000000,0.000000000
point-0007341,16389.941300248,285.639398392,229.968632503,347.300000000,0.000000000,0.000000000
point-0007342,16393.174967908,280.249952293,229.968632503,347.300000000,0.000000000,0.000000000
point-0007343,16393.925643237,281.318977614,229.318632503,347.300000000,0.000000000,0.000000000
point-0007344,16397.159310897,286.708423713,229.318632503,347.300000000,0.000000000,0.000000000
point-0007345,16397.909986225,287.777449034,228.668632503,347.300000000,0.000000000,0.000000000
point-0007346,16401.143653884,282.388002936,228.668632503,347.300000000,0.000000000,0.000000000
point-0007347,16401.894329213,283.457028257,228.018632503,347.300000000,0.000000000,0.000000000
point-0007348,16405.127996872,288.846474354,228.018632503,347.300000000,0.000000000,0.000000000
point-0007349,16405.878672200,289.915499675,227.368632503,347.300000000,0.000000000,0.000000000
point-0007350,16409.112339858,284.526053579,227.368632503,347.300000000,0.000000000,0.000000000
point-0007351,16409.863015187,285.595078900,226.718632503,347.300000000,0.000000000,0.000000000
point-0007352,16413.096682845,290.984524996,226.718632503,347.300000000,0.000000000,0.000000000
point-0007353,16413.847358173,292.053550316,226.068632503,347.300000000,0.000000000,0.000000000
point-0007354,16417.081025830,286.664104222,226.068632503,347.300000000,0.000000000,0.000000000
point-0007355,16417.831701159,287.733129543,225.418632503,347.300000000,0.000000000,0.000000000
point-0007356,16421.065368815,293.122575637,225.418632503,347.300000000,0.000000000,0.000000000
point-0007357,16421.816044144,294.191600957,224.768632503,347.300000000,0.000000000,0.000000000
point-0007358,16425.049711800,288.802154865,224.768632503,347.300000000,0.000000000,0.000000000
point-0007359,16425.800387129,289.871180186,224.118632503,347.300000000,0.000000000,0.000000000
point-0007360,16429.034054784,295.260626278,224.118632503,347.300000000,0.000000000,0.000000000
point-0007361,16429.784730113,296.329651599,223.468632503,347.300000000,0.000000000,0.000000000
point-0007362,16433.018397767,290.940205508,223.468632503,347.300000000,0.000000000,0.000000000
point-0007363,16433.769073096,292.009230829,222.818632503,347.300000000,0.000000000,0.000000000
point-0007364,16437.002740750,297.398676919,222.818632503,347.300000000,0.000000000,0.000000000
point-0007365,16437.753416079,298.467702240,222.168632503,347.300000000,0.000000000,0.000000000
point-0007366,16440.987083733,293.078256151,222.168632503,347.300000000,0.000000000,0.000000000
point-0007367,16441.737759062,294.147281472,221.518632503,347.300000000,0.000000000,0.000000000
point-0007368,16444.971426715,299.536727561,221.518632503,347.300000000,0.000000000,0.000000000
point-0007369,16445.722102044,300.605752881,220.868632503,347.300000000,0.000000000,0.000000000
point-0007370,16448.955769696,295.216306793,220.868632503,347.300000000,0.000000000,0.000000000
point-0007371,16449.706445025,296.285332115,220.218632503,347.300000000,0.000000000,0.000000000
point-0007372,16452.781359835,301.410190131,220.218632503,347.300000000,0.000000000,0.000000000
point-0007373,16453.237793330,301.014970305,219.568632503,347.300000000,0.000000000,0.000000000
point-0007374,16455.434161051,297.354357436,219.568632503,347.300000000,0.000000000,0.000000000
point-0007375,16456.184836380,298.423382758,218.918632503,347.300000000,0.000000000,0.000000000
point-0007376,16457.502657013,300.619750479,218.918632503,347.300000000,0.000000000,0.000000000
point-0007377,16457.959090509,300.224530653,218.268632503,347.300000000,0.000000000,0.000000000
point-0007378,16458.398364053,299.492408079,218.268632503,347.300000000,0.000000000,0.000000000
point-0007379,16485.714078216,262.120841339,244.268632503,347.300000000,0.000000000,0.000000000
point-0007380,16487.634129124,258.920756492,244.268632503,347.300000000,0.000000000,0.000000000
point-0007381,16488.090562630,259.315976350,244.918632503,347.300000000,0.000000000,0.000000000
point-0007382,16489.132066431,261.051816018,244.918632503,347.300000000,0.000000000,0.000000000
point-0007383,16489.882741759,259.982790698,245.568632503,347.300000000,0.000000000,0.000000000
point-0007384,16490.045698453,259.711196208,245.568632503,347.300000000,0.000000000,0.000000000
point-0007385,16491.848938325,257.936646549,243.218440727,347.900000000,0.000000000,0.000000000
point-0007386,16521.488924454,300.218163123,217.671795699,347.900000000,0.000000000,0.000000000
point-0007387,16523.528923350,301.976434112,220.581859377,347.900000000,0.000000000,0.000000000
point-0007388,16553.168909473,259.694917573,246.128504440,347.900000000,0.000000000,0.000000000
point-0007389,16555.208908397,257.936646549,243.218440727,347.900000000,0.000000000,0.000000000
point-0007390,16555.670664901,258.698377393,243.108707804,347.900000000,0.000000000,0.000000000
point-0007391,16558.919307053,264.112780978,243.108707804,347.900000000,0.000000000,0.000000000
point-0007392,16559.673456607,263.036984697,243.758707804,347.900000000,0.000000000,0.000000000
point-0007393,16562.327496139,258.613585476,243.758707804,347.900000000,0.000000000,0.000000000
point-0007394,16562.783156026,259.006317828,244.408707804,347.900000000,0.000000000,0.000000000
point-0007395,16564.556078378,261.961188416,244.408707804,347.900000000,0.000000000,0.000000000
point-0007396,16565.310227932,260.885392135,245.058707804,347.900000000,0.000000000,0.000000000
point-0007397,16566.202033106,259.399050180,245.058707804,347.900000000,0.000000000,0.000000000
point-0007398,16566.657692992,259.791782532,245.708707804,347.900000000,0.000000000,0.000000000
point-0007399,16566.668380986,259.809595854,245.708707804,347.900000000,0.000000000,0.000000000
point-0007400,16568.618496803,259.774173676,242.458707804,347.900000000,0.000000000,0.000000000
point-0007401,16571.867138953,265.188577259,242.458707804,347.900000000,0.000000000,0.000000000
point-0007402,16572.621288507,266.264373540,241.808707804,347.900000000,0.000000000,0.000000000
point-0007403,16575.869930656,260.849969960,241.808707804,347.900000000,0.000000000,0.000000000
point-0007404,16576.624080211,261.925766243,241.158707804,347.900000000,0.000000000,0.000000000
point-0007405,16579.872722358,267.340169821,241.158707804,347.900000000,0.000000000,0.000000000
point-0007406,16580.626871912,268.415966102,240.508707804,347.900000000,0.000000000,0.000000000
point-0007407,16583.875514058,263.001562526,240.508707804,347.900000000,0.000000000,0.000000000
point-0007408,16584.629663613,264.077358809,239.858707804,347.900000000,0.000000000,0.000000000
point-0007409,16587.878305757,269.491762383,239.858707804,347.900000000,0.000000000,0.000000000
point-0007410,16588.632455311,270.567558664,239.208707804,347.900000000,0.000000000,0.000000000
point-0007411,16591.881097454,265.153155093,239.208707804,347.900000000,0.000000000,0.000000000
point-0007412,16592.635247010,266.228951376,238.558707804,347.900000000,0.000000000,0.000000000
point-0007413,16595.883889151,271.643354945,238.558707804,347.900000000,0.000000000,0.000000000
point-0007414,16596.638038705,272.719151226,237.908707804,347.900000000,0.000000000,0.000000000
point-0007415,16599.886680845,267.304747659,237.908707804,347.900000000,0.000000000,0.000000000
point-0007416,16600.640830401,268.380543943,237.258707804,347.900000000,0.000000000,0.000000000
point-0007417,16603.889472539,273.794947507,237.258707804,347.900000000,0.000000000,0.000000000
point-0007418,16604.643622093,274.870743788,236.608707804,347.900000000,0.000000000,0.000000000
point-0007419,16607.892264231,269.456340226,236.608707804,347.900000000,0.000000000,0.000000000
point-0007420,16608.646413786,270.532136509,235.958707804,347.900000000,0.000000000,0.000000000
point-0007421,16611.895055922,275.946540069,235.958707804,347.900000000,0.000000000,0.000000000
point-0007422,16612.649205476,277.022336350,235.308707804,347.900000000,0.000000000,0.000000000
point-0007423,16615.897847611,271.607932793,235.308707804,347.900000000,0.000000000,0.000000000
point-0007424,16616.651997166,272.683729076,234.658707804,347.900000000,0.000000000,0.000000000
point-0007425,16619.900639299,278.098132632,234.658707804,347.900000000,0.000000000,0.000000000
point-0007426,16620.654788853,279.173928913,234.008707804,347.900000000,0.000000000,0.000000000
point-0007427,16623.903430985,273.759525359,234.008707804,347.900000000,0.000000000,0.000000000
point-0007428,16624.657580540,274.835321643,233.358707804,347.900000000,0.000000000,0.000000000
point-0007429,16627.906222671,280.249725194,233.358707804,347.900000000,0.000000000,0.000000000
point-0007430,16628.660372225,281.325521475,232.708707804,347.900000000,0.000000000,0.000000000
point-0007431,16631.909014354,275.911117926,232.708707804,347.900000000,0.000000000,0.000000000
point-0007432,16632.663163909,276.986914209,232.058707804,347.900000000,0.000000000,0.000000000
point-0007433,16635.911806037,282.401317756,232.058707804,347.900000000,0.000000000,0.000000000
point-0007434,16636.665955591,283.477114037,231.408707804,347.900000000,0.000000000,0.000000000
point-0007435,16639.914597717,278.062710493,231.408707804,347.900000000,0.000000000,0.000000000
point-0007436,16640.668747272,279.138506776,230.758707804,347.900000000,0.000000000,0.000000000
point-0007437,16643.917389397,284.552910318,230.758707804,347.900000000,0.000000000,0.000000000
point-0007438,16644.671538951,285.628706599,230.108707804,347.900000000,0.000000000,0.000000000
point-0007439,16647.920181075,280.214303059,230.108707804,347.900000000,0.000000000,0.000000000
point-0007440,16648.674330630,281.290099343,229.458707804,347.900000000,0.000000000,0.000000000
point-0007441,16651.922972752,286.704502880,229.458707804,347.900000000,0.000000000,0.000000000
point-0007442,16652.677122306,287.780299161,228.808707804,347.900000000,0.000000000,0.000000000
point-0007443,16655.925764427,282.365895626,228.808707804,347.900000000,0.000000000,0.000000000
point-0007444,16656.679913982,283.441691909,228.158707804,347.900000000,0.000000000,0.000000000
point-0007445,16659.928556101,288.856095442,228.158707804,347.900000000,0.000000000,0.000000000
point-0007446,16660.682705655,289.931891723,227.508707804,347.900000000,0.000000000,0.000000000
point-0007447,16663.931347773,284.517488193,227.508707804,347.900000000,0.000000000,0.000000000
point-0007448,16664.685497328,285.593284476,226.858707804,347.900000000,0.000000000,0.000000000
point-0007449,16667.934139445,291.007688004,226.858707804,347.900000000,0.000000000,0.000000000
point-0007450,16668.688288999,292.083484285,226.208707804,347.900000000,0.000000000,0.000000000
point-0007451,16671.936931114,286.669080759,226.208707804,347.900000000,0.000000000,0.000000000
point-0007452,16672.691080670,287.744877043,225.558707804,347.900000000,0.000000000,0.000000000
point-0007453,16675.939722783,293.159280566,225.558707804,347.900000000,0.000000000,0.000000000
point-0007454,16676.693872337,294.235076847,224.908707804,347.900000000,0.000000000,0.000000000
point-0007455,16679.942514450,288.820673326,224.908707804,347.900000000,0.000000000,0.000000000
point-0007456,16680.696664005,289.896469609,224.258707804,347.900000000,0.000000000,0.000000000
point-0007457,16683.945306116,295.310873128,224.258707804,347.900000000,0.000000000,0.000000000
point-0007458,16684.699455670,296.386669409,223.608707804,347.900000000,0.000000000,0.000000000
point-0007459,16687.948097780,290.972265892,223.608707804,347.900000000,0.000000000,0.000000000
point-0007460,16688.702247335,292.048062176,222.958707804,347.900000000,0.000000000,0.000000000
point-0007461,16691.950889443,297.462465690,222.958707804,347.900000000,0.000000000,0.000000000
point-0007462,16692.705038997,298.538261971,222.308707804,347.900000000,0.000000000,0.000000000
point-0007463,16695.953681104,293.123858459,222.308707804,347.900000000,0.000000000,0.000000000
point-0007464,16696.707830659,294.199654742,221.658707804,347.900000000,0.000000000,0.000000000
point-0007465,16699.956472765,299.614058252,221.658707804,347.900000000,0.000000000,0.000000000
point-0007466,16700.710622319,300.689854533,221.008707804,347.900000000,0.000000000,0.000000000
point-0007467,16703.959264423,295.275451026,221.008707804,347.900000000,0.000000000,0.000000000
point-0007468,16704.713413978,296.351247309,220.358707804,347.900000000,0.000000000,0.000000000
point-0007469,16707.797324105,301.491097521,220.358707804,347.900000000,0.000000000,0.000000000
point-0007470,16708.252983991,301.098365173,219.708707804,347.900000000,0.000000000,0.000000000
point-0007471,16710.455776939,297.427043592,219.708707804,347.900000000,0.000000000,0.000000000
point-0007472,16711.209926494,298.502839876,219.058707804,347.900000000,0.000000000,0.000000000
point-0007473,16712.531602263,300.705632824,219.058707804,347.900000000,0.000000000,0.000000000
point-0007474,16712.987262148,300.312900475,218.408707804,347.900000000,0.000000000,0.000000000
point-0007475,16713.427820738,299.578636159,218.408707804,347.900000000,0.000000000,0.000000000
