; 5AxisSclicer paper-core AC offline review program
; CONTROLLER_PROFILE {"axis_mode":"absolute","controller_family":"custom-klipper-derived","controller_version":null,"coordinated_xyzac_verified":false,"cutter_relative_z_mm":20.0,"extrusion_mode":"relative","feed_mode":"units_per_minute","machine_executable":false,"machine_profile_id":"builtin.machine.own_ac_fdm.v1","macro_version":null,"maximum_cumulative_c_rad":null,"profile_id":"builtin.controller.own_ac.offline.v1","qualification_issues":["controller.version_unknown","controller.macros_unverified","controller.xyzac_coordination_unverified","controller.cumulative_c_limit_unknown"],"reorientation_absolute_z_mm":20.0,"schema_version":1}
; EXECUTION_QUALIFICATION offline_only
G21 ; millimetres
G90 ; absolute machine axes
M83 ; relative extrusion
G94 ; units per minute
G92 E0 ; explicit extrusion origin
; PC05 POINT 1 point-0000001 approach - -
G1 A0.000000 C0.000000 X250.000000 Y265.500000 Z-288.000000 F3000.000000
; PC05 EVENT event-0000001 prime
; PC05 EVENT_CONTEXT {"extrusion_length_mm":1.0,"sequence_index":1}
G1 E1.000000000000 F1200.000000
; PC05 POINT 2 point-0000002 deposition - -
G1 A0.000000 C0.000000 X249.445336 Y265.490071 Z-288.000000 E23.063954947087 F1200.000000
; PC05 POINT 3 point-0000003 deposition - -
G1 A0.000000 C0.000000 X248.898613 Y265.460689 Z-288.000000 E22.762882752154 F1200.000000
; PC05 POINT 4 point-0000004 deposition - -
G1 A0.000000 C0.000000 X248.354189 Y265.412108 Z-288.000000 E22.724478396216 F1200.000000
; PC05 POINT 5 point-0000005 deposition - -
G1 A0.000000 C0.000000 X247.811820 Y265.344370 Z-288.000000 E22.724269463841 F1200.000000
; PC05 POINT 6 point-0000006 deposition - -
G1 A0.000000 C0.000000 X247.272179 Y265.257561 Z-288.000000 E22.724074641707 F1200.000000
; PC05 POINT 7 point-0000007 deposition - -
G1 A0.000000 C0.000000 X246.735938 Y265.151788 Z-288.000000 E22.723893931243 F1200.000000
; PC05 POINT 8 point-0000008 deposition - -
G1 A0.000000 C0.000000 X246.203761 Y265.027184 Z-288.000000 E22.723727333774 F1200.000000
; PC05 POINT 9 point-0000009 deposition - -
G1 A0.000000 C0.000000 X245.676309 Y264.883903 Z-288.000000 E22.723574850521 F1200.000000
; PC05 POINT 10 point-0000010 deposition - -
G1 A0.000000 C0.000000 X245.154239 Y264.722123 Z-288.000000 E22.723436482604 F1200.000000
; PC05 POINT 11 point-0000011 deposition - -
G1 A0.000000 C0.000000 X244.638196 Y264.542045 Z-288.000000 E22.723312231037 F1200.000000
; PC05 POINT 12 point-0000012 deposition - -
G1 A0.000000 C0.000000 X244.128823 Y264.343894 Z-288.000000 E22.723202096731 F1200.000000
; PC05 POINT 13 point-0000013 deposition - -
G1 A0.000000 C0.000000 X243.626752 Y264.127916 Z-288.000000 E22.723106080495 F1200.000000
; PC05 POINT 14 point-0000014 deposition - -
G1 A0.000000 C0.000000 X243.132607 Y263.894378 Z-288.000000 E22.723024183031 F1200.000000
; PC05 POINT 15 point-0000015 deposition - -
G1 A0.000000 C0.000000 X242.647000 Y263.643571 Z-288.000000 E22.722956404942 F1200.000000
; PC05 POINT 16 point-0000016 deposition - -
G1 A0.000000 C0.000000 X242.170534 Y263.375807 Z-288.000000 E22.722902746724 F1200.000000
; PC05 POINT 17 point-0000017 deposition - -
G1 A0.000000 C0.000000 X241.703803 Y263.091418 Z-288.000000 E22.722863208770 F1200.000000
; PC05 POINT 18 point-0000018 deposition - -
G1 A0.000000 C0.000000 X241.247384 Y262.790757 Z-288.000000 E22.722837791372 F1200.000000
; PC05 POINT 19 point-0000019 deposition - -
G1 A0.000000 C0.000000 X240.801845 Y262.474198 Z-288.000000 E22.722826494714 F1200.000000
; PC05 POINT 20 point-0000020 deposition - -
G1 A0.000000 C0.000000 X240.367739 Y262.142134 Z-288.000000 E22.722829318880 F1200.000000
; PC05 POINT 21 point-0000021 deposition - -
G1 A0.000000 C0.000000 X239.945605 Y261.794976 Z-288.000000 E22.722846263850 F1200.000000
; PC05 POINT 22 point-0000022 deposition - -
G1 A0.000000 C0.000000 X239.535967 Y261.433157 Z-288.000000 E22.722877329499 F1200.000000
; PC05 POINT 23 point-0000023 deposition - -
G1 A0.000000 C0.000000 X239.139334 Y261.057126 Z-288.000000 E22.722922515599 F1200.000000
; PC05 POINT 24 point-0000024 deposition - -
G1 A0.000000 C0.000000 X238.756199 Y260.667348 Z-288.000000 E22.722981821819 F1200.000000
; PC05 POINT 25 point-0000025 deposition - -
G1 A0.000000 C0.000000 X238.387037 Y260.264309 Z-288.000000 E22.723055247723 F1200.000000
; PC05 POINT 26 point-0000026 deposition - -
G1 A0.000000 C0.000000 X238.032308 Y259.848509 Z-288.000000 E22.723142792774 F1200.000000
; PC05 POINT 27 point-0000027 deposition - -
G1 A0.000000 C0.000000 X237.692451 Y259.420464 Z-288.000000 E22.723244456328 F1200.000000
; PC05 POINT 28 point-0000028 deposition - -
G1 A0.000000 C0.000000 X237.367888 Y258.980704 Z-288.000000 E22.723360237641 F1200.000000
; PC05 POINT 29 point-0000029 deposition - -
G1 A0.000000 C0.000000 X237.059024 Y258.529778 Z-288.000000 E22.723490135863 F1200.000000
; PC05 POINT 30 point-0000030 deposition - -
G1 A0.000000 C0.000000 X236.766242 Y258.068243 Z-288.000000 E22.723634150042 F1200.000000
; PC05 POINT 31 point-0000031 deposition - -
G1 A0.000000 C0.000000 X236.489905 Y257.596673 Z-288.000000 E22.723792279121 F1200.000000
; PC05 POINT 32 point-0000032 deposition - -
G1 A0.000000 C0.000000 X236.230357 Y257.115654 Z-288.000000 E22.723964521941 F1200.000000
; PC05 POINT 33 point-0000033 deposition - -
G1 A0.000000 C0.000000 X235.987920 Y256.625782 Z-288.000000 E22.724150877238 F1200.000000
; PC05 POINT 34 point-0000034 deposition - -
G1 A0.000000 C0.000000 X235.762897 Y256.127667 Z-288.000000 E22.724351343645 F1200.000000
; PC05 POINT 35 point-0000035 deposition - -
G1 A0.000000 C0.000000 X235.555566 Y255.621925 Z-288.000000 E22.724565919694 F1200.000000
; PC05 POINT 36 point-0000036 deposition - -
G1 A0.000000 C0.000000 X235.364878 Y255.105212 Z-288.000000 E22.898595198016 F1200.000000
; PC05 POINT 37 point-0000037 deposition - -
G1 A0.000000 C0.000000 X235.191563 Y254.578228 Z-288.000000 E23.063955667001 F1200.000000
; PC05 POINT 38 point-0000038 deposition - -
G1 A0.000000 C0.000000 X235.037871 Y254.047631 Z-288.000000 E22.966450735335 F1200.000000
; PC05 POINT 39 point-0000039 deposition - -
G1 A0.000000 C0.000000 X234.904597 Y253.517536 Z-288.000000 E22.724610527923 F1200.000000
; PC05 POINT 40 point-0000040 deposition - -
G1 A0.000000 C0.000000 X234.790089 Y252.983080 Z-288.000000 E22.724393130133 F1200.000000
; PC05 POINT 41 point-0000041 deposition - -
G1 A0.000000 C0.000000 X234.694489 Y252.444925 Z-288.000000 E22.724189841676 F1200.000000
; PC05 POINT 42 point-0000042 deposition - -
G1 A0.000000 C0.000000 X234.617914 Y251.903739 Z-288.000000 E22.724000664044 F1200.000000
; PC05 POINT 43 point-0000043 deposition - -
G1 A0.000000 C0.000000 X234.560460 Y251.360195 Z-288.000000 E22.723825598625 F1200.000000
; PC05 POINT 44 point-0000044 deposition - -
G1 A0.000000 C0.000000 X234.522198 Y250.814968 Z-288.000000 E22.723664646702 F1200.000000
; PC05 POINT 45 point-0000045 deposition - -
G1 A0.000000 C0.000000 X234.503175 Y250.268734 Z-288.000000 E22.723517809455 F1200.000000
; PC05 POINT 46 point-0000046 deposition - -
G1 A0.000000 C0.000000 X234.503414 Y249.722173 Z-288.000000 E22.723385087962 F1200.000000
; PC05 POINT 47 point-0000047 deposition - -
G1 A0.000000 C0.000000 X234.522915 Y249.175962 Z-288.000000 E22.723266483196 F1200.000000
; PC05 POINT 48 point-0000048 deposition - -
G1 A0.000000 C0.000000 X234.561654 Y248.630781 Z-288.000000 E22.723161996027 F1200.000000
; PC05 POINT 49 point-0000049 deposition - -
G1 A0.000000 C0.000000 X234.619582 Y248.087305 Z-288.000000 E22.723071627220 F1200.000000
; PC05 POINT 50 point-0000050 deposition - -
G1 A0.000000 C0.000000 X234.696626 Y247.546211 Z-288.000000 E22.722995377441 F1200.000000
; PC05 POINT 51 point-0000051 deposition - -
G1 A0.000000 C0.000000 X234.792692 Y247.008169 Z-288.000000 E22.722933247246 F1200.000000
; PC05 POINT 52 point-0000052 deposition - -
G1 A0.000000 C0.000000 X234.907660 Y246.473848 Z-288.000000 E22.722885237092 F1200.000000
; PC05 POINT 53 point-0000053 deposition - -
G1 A0.000000 C0.000000 X235.041388 Y245.943912 Z-288.000000 E22.722851347332 F1200.000000
; PC05 POINT 54 point-0000054 deposition - -
G1 A0.000000 C0.000000 X235.193708 Y245.419018 Z-288.000000 E22.722831578213 F1200.000000
; PC05 POINT 55 point-0000055 deposition - -
G1 A0.000000 C0.000000 X235.364431 Y244.899819 Z-288.000000 E22.722825929881 F1200.000000
; PC05 POINT 56 point-0000056 deposition - -
G1 A0.000000 C0.000000 X235.553347 Y244.386958 Z-288.000000 E22.722834402377 F1200.000000
; PC05 POINT 57 point-0000057 deposition - -
G1 A0.000000 C0.000000 X235.760220 Y243.881074 Z-288.000000 E22.722856995639 F1200.000000
; PC05 POINT 58 point-0000058 deposition - -
G1 A0.000000 C0.000000 X235.984793 Y243.382793 Z-288.000000 E22.722893709501 F1200.000000
; PC05 POINT 59 point-0000059 deposition - -
G1 A0.000000 C0.000000 X236.226788 Y242.892736 Z-288.000000 E22.722944543694 F1200.000000
; PC05 POINT 60 point-0000060 deposition - -
G1 A0.000000 C0.000000 X236.485904 Y242.411510 Z-288.000000 E22.723009497846 F1200.000000
; PC05 POINT 61 point-0000061 deposition - -
G1 A0.000000 C0.000000 X236.761819 Y241.939713 Z-288.000000 E22.723088571479 F1200.000000
; PC05 POINT 62 point-0000062 deposition - -
G1 A0.000000 C0.000000 X237.054192 Y241.477931 Z-288.000000 E22.723181764014 F1200.000000
; PC05 POINT 63 point-0000063 deposition - -
G1 A0.000000 C0.000000 X237.362659 Y241.026738 Z-288.000000 E22.723289074768 F1200.000000
; PC05 POINT 64 point-0000064 deposition - -
G1 A0.000000 C0.000000 X237.686836 Y240.586694 Z-288.000000 E22.723410502952 F1200.000000
; PC05 POINT 65 point-0000065 deposition - -
G1 A0.000000 C0.000000 X238.026323 Y240.158345 Z-288.000000 E22.723546047677 F1200.000000
; PC05 POINT 66 point-0000066 deposition - -
G1 A0.000000 C0.000000 X238.380697 Y239.742224 Z-288.000000 E22.723695707948 F1200.000000
; PC05 POINT 67 point-0000067 deposition - -
G1 A0.000000 C0.000000 X238.749519 Y239.338848 Z-288.000000 E22.723859482669 F1200.000000
; PC05 POINT 68 point-0000068 deposition - -
G1 A0.000000 C0.000000 X239.132331 Y238.948718 Z-288.000000 E22.724037370637 F1200.000000
; PC05 POINT 69 point-0000069 deposition - -
G1 A0.000000 C0.000000 X239.528657 Y238.572317 Z-288.000000 E22.724229370548 F1200.000000
; PC05 POINT 70 point-0000070 deposition - -
G1 A0.000000 C0.000000 X239.938006 Y238.210115 Z-288.000000 E22.724435480994 F1200.000000
; PC05 POINT 71 point-0000071 deposition - -
G1 A0.000000 C0.000000 X240.359870 Y237.862561 Z-288.000000 E22.724655700463 F1200.000000
; PC05 POINT 72 point-0000072 deposition - -
G1 A0.000000 C0.000000 X240.799797 Y237.525776 Z-288.000000 E23.034305808778 F1200.000000
; PC05 POINT 73 point-0000073 deposition - -
G1 A0.000000 C0.000000 X241.252078 Y237.204539 Z-288.000000 E23.063955427030 F1200.000000
; PC05 POINT 74 point-0000074 deposition - -
G1 A0.000000 C0.000000 X241.710878 Y236.902775 Z-288.000000 E22.830739201906 F1200.000000
; PC05 POINT 75 point-0000075 deposition - -
G1 A0.000000 C0.000000 X242.177892 Y236.618774 Z-288.000000 E22.724521875787 F1200.000000
; PC05 POINT 76 point-0000076 deposition - -
G1 A0.000000 C0.000000 X242.654621 Y236.351410 Z-288.000000 E22.724310121544 F1200.000000
; PC05 POINT 77 point-0000077 deposition - -
G1 A0.000000 C0.000000 X243.140472 Y236.101016 Z-288.000000 E22.724112477244 F1200.000000
; PC05 POINT 78 point-0000078 deposition - -
G1 A0.000000 C0.000000 X243.634842 Y235.867901 Z-288.000000 E22.723928944337 F1200.000000
; PC05 POINT 79 point-0000079 deposition - -
G1 A0.000000 C0.000000 X244.137116 Y235.652356 Z-288.000000 E22.723759524168 F1200.000000
; PC05 POINT 80 point-0000080 deposition - -
G1 A0.000000 C0.000000 X244.646671 Y235.454648 Z-288.000000 E22.723604217979 F1200.000000
; PC05 POINT 81 point-0000081 deposition - -
G1 A0.000000 C0.000000 X245.162875 Y235.275021 Z-288.000000 E22.723463026911 F1200.000000
; PC05 POINT 82 point-0000082 deposition - -
G1 A0.000000 C0.000000 X245.685085 Y235.113699 Z-288.000000 E22.723335951997 F1200.000000
; PC05 POINT 83 point-0000083 deposition - -
G1 A0.000000 C0.000000 X246.212653 Y234.970882 Z-288.000000 E22.723222994171 F1200.000000
; PC05 POINT 84 point-0000084 deposition - -
G1 A0.000000 C0.000000 X246.744925 Y234.846746 Z-288.000000 E22.723124154261 F1200.000000
; PC05 POINT 85 point-0000085 deposition - -
G1 A0.000000 C0.000000 X247.281238 Y234.741447 Z-288.000000 E22.723039432992 F1200.000000
; PC05 POINT 86 point-0000086 deposition - -
G1 A0.000000 C0.000000 X247.820928 Y234.655114 Z-288.000000 E22.722968830984 F1200.000000
; PC05 POINT 87 point-0000087 deposition - -
G1 A0.000000 C0.000000 X248.363324 Y234.587856 Z-288.000000 E22.722912348757 F1200.000000
; PC05 POINT 88 point-0000088 deposition - -
G1 A0.000000 C0.000000 X248.907752 Y234.539754 Z-288.000000 E22.722869986724 F1200.000000
; PC05 POINT 89 point-0000089 deposition - -
G1 A0.000000 C0.000000 X249.453537 Y234.510869 Z-288.000000 E22.722841745197 F1200.000000
; PC05 POINT 90 point-0000090 deposition - -
G1 A0.000000 C0.000000 X250.000000 Y234.501237 Z-288.000000 E22.722827624381 F1200.000000
; PC05 POINT 91 point-0000091 deposition - -
G1 A0.000000 C0.000000 X250.546463 Y234.510869 Z-288.000000 E22.722827624381 F1200.000000
; PC05 POINT 92 point-0000092 deposition - -
G1 A0.000000 C0.000000 X251.092248 Y234.539754 Z-288.000000 E22.722841745197 F1200.000000
; PC05 POINT 93 point-0000093 deposition - -
G1 A0.000000 C0.000000 X251.636676 Y234.587856 Z-288.000000 E22.722869986724 F1200.000000
; PC05 POINT 94 point-0000094 deposition - -
G1 A0.000000 C0.000000 X252.179072 Y234.655114 Z-288.000000 E22.722912348757 F1200.000000
; PC05 POINT 95 point-0000095 deposition - -
G1 A0.000000 C0.000000 X252.718762 Y234.741447 Z-288.000000 E22.722968830985 F1200.000000
; PC05 POINT 96 point-0000096 deposition - -
G1 A0.000000 C0.000000 X253.255075 Y234.846746 Z-288.000000 E22.723039432992 F1200.000000
; PC05 POINT 97 point-0000097 deposition - -
G1 A0.000000 C0.000000 X253.787347 Y234.970882 Z-288.000000 E22.723124154261 F1200.000000
; PC05 POINT 98 point-0000098 deposition - -
G1 A0.000000 C0.000000 X254.314915 Y235.113699 Z-288.000000 E22.723222994171 F1200.000000
; PC05 POINT 99 point-0000099 deposition - -
G1 A0.000000 C0.000000 X254.837125 Y235.275021 Z-288.000000 E22.723335951997 F1200.000000
; PC05 POINT 100 point-0000100 deposition - -
G1 A0.000000 C0.000000 X255.353329 Y235.454648 Z-288.000000 E22.723463026911 F1200.000000
; PC05 POINT 101 point-0000101 deposition - -
G1 A0.000000 C0.000000 X255.862884 Y235.652356 Z-288.000000 E22.723604217979 F1200.000000
; PC05 POINT 102 point-0000102 deposition - -
G1 A0.000000 C0.000000 X256.365158 Y235.867901 Z-288.000000 E22.723759524168 F1200.000000
; PC05 POINT 103 point-0000103 deposition - -
G1 A0.000000 C0.000000 X256.859528 Y236.101016 Z-288.000000 E22.723928944337 F1200.000000
; PC05 POINT 104 point-0000104 deposition - -
G1 A0.000000 C0.000000 X257.345379 Y236.351410 Z-288.000000 E22.724112477245 F1200.000000
; PC05 POINT 105 point-0000105 deposition - -
G1 A0.000000 C0.000000 X257.822108 Y236.618774 Z-288.000000 E22.724310121544 F1200.000000
; PC05 POINT 106 point-0000106 deposition - -
G1 A0.000000 C0.000000 X258.289122 Y236.902775 Z-288.000000 E22.724521875787 F1200.000000
; PC05 POINT 107 point-0000107 deposition - -
G1 A0.000000 C0.000000 X258.747922 Y237.204539 Z-288.000000 E22.830739201908 F1200.000000
; PC05 POINT 108 point-0000108 deposition - -
G1 A0.000000 C0.000000 X259.200203 Y237.525776 Z-288.000000 E23.063955427030 F1200.000000
; PC05 POINT 109 point-0000109 deposition - -
G1 A0.000000 C0.000000 X259.640130 Y237.862561 Z-288.000000 E23.034305808776 F1200.000000
; PC05 POINT 110 point-0000110 deposition - -
G1 A0.000000 C0.000000 X260.061994 Y238.210115 Z-288.000000 E22.724655700463 F1200.000000
; PC05 POINT 111 point-0000111 deposition - -
G1 A0.000000 C0.000000 X260.471343 Y238.572317 Z-288.000000 E22.724435480994 F1200.000000
; PC05 POINT 112 point-0000112 deposition - -
G1 A0.000000 C0.000000 X260.867669 Y238.948718 Z-288.000000 E22.724229370548 F1200.000000
; PC05 POINT 113 point-0000113 deposition - -
G1 A0.000000 C0.000000 X261.250481 Y239.338848 Z-288.000000 E22.724037370637 F1200.000000
; PC05 POINT 114 point-0000114 deposition - -
G1 A0.000000 C0.000000 X261.619303 Y239.742224 Z-288.000000 E22.723859482669 F1200.000000
; PC05 POINT 115 point-0000115 deposition - -
G1 A0.000000 C0.000000 X261.973677 Y240.158345 Z-288.000000 E22.723695707948 F1200.000000
; PC05 POINT 116 point-0000116 deposition - -
G1 A0.000000 C0.000000 X262.313164 Y240.586694 Z-288.000000 E22.723546047677 F1200.000000
; PC05 POINT 117 point-0000117 deposition - -
G1 A0.000000 C0.000000 X262.637341 Y241.026738 Z-288.000000 E22.723410502952 F1200.000000
; PC05 POINT 118 point-0000118 deposition - -
G1 A0.000000 C0.000000 X262.945808 Y241.477931 Z-288.000000 E22.723289074768 F1200.000000
; PC05 POINT 119 point-0000119 deposition - -
G1 A0.000000 C0.000000 X263.238181 Y241.939713 Z-288.000000 E22.723181764014 F1200.000000
; PC05 POINT 120 point-0000120 deposition - -
G1 A0.000000 C0.000000 X263.514096 Y242.411510 Z-288.000000 E22.723088571479 F1200.000000
; PC05 POINT 121 point-0000121 deposition - -
G1 A0.000000 C0.000000 X263.773212 Y242.892736 Z-288.000000 E22.723009497846 F1200.000000
; PC05 POINT 122 point-0000122 deposition - -
G1 A0.000000 C0.000000 X264.015207 Y243.382793 Z-288.000000 E22.722944543695 F1200.000000
; PC05 POINT 123 point-0000123 deposition - -
G1 A0.000000 C0.000000 X264.239780 Y243.881074 Z-288.000000 E22.722893709501 F1200.000000
; PC05 POINT 124 point-0000124 deposition - -
G1 A0.000000 C0.000000 X264.446653 Y244.386958 Z-288.000000 E22.722856995639 F1200.000000
; PC05 POINT 125 point-0000125 deposition - -
G1 A0.000000 C0.000000 X264.635569 Y244.899819 Z-288.000000 E22.722834402377 F1200.000000
; PC05 POINT 126 point-0000126 deposition - -
G1 A0.000000 C0.000000 X264.806292 Y245.419018 Z-288.000000 E22.722825929881 F1200.000000
; PC05 POINT 127 point-0000127 deposition - -
G1 A0.000000 C0.000000 X264.958612 Y245.943912 Z-288.000000 E22.722831578213 F1200.000000
; PC05 POINT 128 point-0000128 deposition - -
G1 A0.000000 C0.000000 X265.092340 Y246.473848 Z-288.000000 E22.722851347332 F1200.000000
; PC05 POINT 129 point-0000129 deposition - -
G1 A0.000000 C0.000000 X265.207308 Y247.008169 Z-288.000000 E22.722885237092 F1200.000000
; PC05 POINT 130 point-0000130 deposition - -
G1 A0.000000 C0.000000 X265.303374 Y247.546211 Z-288.000000 E22.722933247246 F1200.000000
; PC05 POINT 131 point-0000131 deposition - -
G1 A0.000000 C0.000000 X265.380418 Y248.087305 Z-288.000000 E22.722995377441 F1200.000000
; PC05 POINT 132 point-0000132 deposition - -
G1 A0.000000 C0.000000 X265.438346 Y248.630781 Z-288.000000 E22.723071627220 F1200.000000
; PC05 POINT 133 point-0000133 deposition - -
G1 A0.000000 C0.000000 X265.477085 Y249.175962 Z-288.000000 E22.723161996027 F1200.000000
; PC05 POINT 134 point-0000134 deposition - -
G1 A0.000000 C0.000000 X265.496586 Y249.722173 Z-288.000000 E22.723266483196 F1200.000000
; PC05 POINT 135 point-0000135 deposition - -
G1 A0.000000 C0.000000 X265.496825 Y250.268734 Z-288.000000 E22.723385087962 F1200.000000
; PC05 POINT 136 point-0000136 deposition - -
G1 A0.000000 C0.000000 X265.477802 Y250.814968 Z-288.000000 E22.723517809455 F1200.000000
; PC05 POINT 137 point-0000137 deposition - -
G1 A0.000000 C0.000000 X265.439540 Y251.360195 Z-288.000000 E22.723664646702 F1200.000000
; PC05 POINT 138 point-0000138 deposition - -
G1 A0.000000 C0.000000 X265.382086 Y251.903739 Z-288.000000 E22.723825598625 F1200.000000
; PC05 POINT 139 point-0000139 deposition - -
G1 A0.000000 C0.000000 X265.305511 Y252.444925 Z-288.000000 E22.724000664044 F1200.000000
; PC05 POINT 140 point-0000140 deposition - -
G1 A0.000000 C0.000000 X265.209911 Y252.983080 Z-288.000000 E22.724189841676 F1200.000000
; PC05 POINT 141 point-0000141 deposition - -
G1 A0.000000 C0.000000 X265.095403 Y253.517536 Z-288.000000 E22.724393130133 F1200.000000
; PC05 POINT 142 point-0000142 deposition - -
G1 A0.000000 C0.000000 X264.962129 Y254.047631 Z-288.000000 E22.724610527923 F1200.000000
; PC05 POINT 143 point-0000143 deposition - -
G1 A0.000000 C0.000000 X264.808437 Y254.578228 Z-288.000000 E22.966450735340 F1200.000000
; PC05 POINT 144 point-0000144 deposition - -
G1 A0.000000 C0.000000 X264.635122 Y255.105212 Z-288.000000 E23.063955667001 F1200.000000
; PC05 POINT 145 point-0000145 deposition - -
G1 A0.000000 C0.000000 X264.444434 Y255.621925 Z-288.000000 E22.898595198012 F1200.000000
; PC05 POINT 146 point-0000146 deposition - -
G1 A0.000000 C0.000000 X264.237103 Y256.127667 Z-288.000000 E22.724565919694 F1200.000000
; PC05 POINT 147 point-0000147 deposition - -
G1 A0.000000 C0.000000 X264.012080 Y256.625782 Z-288.000000 E22.724351343645 F1200.000000
; PC05 POINT 148 point-0000148 deposition - -
G1 A0.000000 C0.000000 X263.769643 Y257.115654 Z-288.000000 E22.724150877238 F1200.000000
; PC05 POINT 149 point-0000149 deposition - -
G1 A0.000000 C0.000000 X263.510095 Y257.596673 Z-288.000000 E22.723964521941 F1200.000000
; PC05 POINT 150 point-0000150 deposition - -
G1 A0.000000 C0.000000 X263.233758 Y258.068243 Z-288.000000 E22.723792279121 F1200.000000
; PC05 POINT 151 point-0000151 deposition - -
G1 A0.000000 C0.000000 X262.940976 Y258.529778 Z-288.000000 E22.723634150042 F1200.000000
; PC05 POINT 152 point-0000152 deposition - -
G1 A0.000000 C0.000000 X262.632112 Y258.980704 Z-288.000000 E22.723490135863 F1200.000000
; PC05 POINT 153 point-0000153 deposition - -
G1 A0.000000 C0.000000 X262.307549 Y259.420464 Z-288.000000 E22.723360237641 F1200.000000
; PC05 POINT 154 point-0000154 deposition - -
G1 A0.000000 C0.000000 X261.967692 Y259.848509 Z-288.000000 E22.723244456328 F1200.000000
; PC05 POINT 155 point-0000155 deposition - -
G1 A0.000000 C0.000000 X261.612963 Y260.264309 Z-288.000000 E22.723142792774 F1200.000000
; PC05 POINT 156 point-0000156 deposition - -
G1 A0.000000 C0.000000 X261.243801 Y260.667348 Z-288.000000 E22.723055247723 F1200.000000
; PC05 POINT 157 point-0000157 deposition - -
G1 A0.000000 C0.000000 X260.860666 Y261.057126 Z-288.000000 E22.722981821818 F1200.000000
; PC05 POINT 158 point-0000158 deposition - -
G1 A0.000000 C0.000000 X260.464033 Y261.433157 Z-288.000000 E22.722922515599 F1200.000000
; PC05 POINT 159 point-0000159 deposition - -
G1 A0.000000 C0.000000 X260.054395 Y261.794976 Z-288.000000 E22.722877329499 F1200.000000
; PC05 POINT 160 point-0000160 deposition - -
G1 A0.000000 C0.000000 X259.632261 Y262.142134 Z-288.000000 E22.722846263850 F1200.000000
; PC05 POINT 161 point-0000161 deposition - -
G1 A0.000000 C0.000000 X259.198155 Y262.474198 Z-288.000000 E22.722829318880 F1200.000000
; PC05 POINT 162 point-0000162 deposition - -
G1 A0.000000 C0.000000 X258.752616 Y262.790757 Z-288.000000 E22.722826494714 F1200.000000
; PC05 POINT 163 point-0000163 deposition - -
G1 A0.000000 C0.000000 X258.296197 Y263.091418 Z-288.000000 E22.722837791372 F1200.000000
; PC05 POINT 164 point-0000164 deposition - -
G1 A0.000000 C0.000000 X257.829466 Y263.375807 Z-288.000000 E22.722863208770 F1200.000000
; PC05 POINT 165 point-0000165 deposition - -
G1 A0.000000 C0.000000 X257.353000 Y263.643571 Z-288.000000 E22.722902746724 F1200.000000
; PC05 POINT 166 point-0000166 deposition - -
G1 A0.000000 C0.000000 X256.867393 Y263.894378 Z-288.000000 E22.722956404942 F1200.000000
; PC05 POINT 167 point-0000167 deposition - -
G1 A0.000000 C0.000000 X256.373248 Y264.127916 Z-288.000000 E22.723024183031 F1200.000000
; PC05 POINT 168 point-0000168 deposition - -
G1 A0.000000 C0.000000 X255.871177 Y264.343894 Z-288.000000 E22.723106080495 F1200.000000
; PC05 POINT 169 point-0000169 deposition - -
G1 A0.000000 C0.000000 X255.361804 Y264.542045 Z-288.000000 E22.723202096731 F1200.000000
; PC05 POINT 170 point-0000170 deposition - -
G1 A0.000000 C0.000000 X254.845761 Y264.722123 Z-288.000000 E22.723312231037 F1200.000000
; PC05 POINT 171 point-0000171 deposition - -
G1 A0.000000 C0.000000 X254.323691 Y264.883903 Z-288.000000 E22.723436482604 F1200.000000
; PC05 POINT 172 point-0000172 deposition - -
G1 A0.000000 C0.000000 X253.796239 Y265.027184 Z-288.000000 E22.723574850521 F1200.000000
; PC05 POINT 173 point-0000173 deposition - -
G1 A0.000000 C0.000000 X253.264062 Y265.151788 Z-288.000000 E22.723727333774 F1200.000000
; PC05 POINT 174 point-0000174 deposition - -
G1 A0.000000 C0.000000 X252.727821 Y265.257561 Z-288.000000 E22.723893931243 F1200.000000
; PC05 POINT 175 point-0000175 deposition - -
G1 A0.000000 C0.000000 X252.188180 Y265.344370 Z-288.000000 E22.724074641707 F1200.000000
; PC05 POINT 176 point-0000176 deposition - -
G1 A0.000000 C0.000000 X251.645811 Y265.412108 Z-288.000000 E22.724269463841 F1200.000000
; PC05 POINT 177 point-0000177 deposition - -
G1 A0.000000 C0.000000 X251.101387 Y265.460689 Z-288.000000 E22.724478396216 F1200.000000
; PC05 POINT 178 point-0000178 deposition - -
G1 A0.000000 C0.000000 X250.554664 Y265.490071 Z-288.000000 E22.762882752162 F1200.000000
; PC05 POINT 179 point-0000179 deposition - -
G1 A0.000000 C0.000000 X250.000000 Y265.500000 Z-288.000000 E23.063954947086 F1200.000000
; PC05 EVENT event-0000002 retract
; PC05 EVENT_CONTEXT {"extrusion_length_mm":-1.0,"sequence_index":179}
G1 E-1.000000000000 F3000.000000
; PC05 POINT 180 point-0000180 depart - -
G1 A0.000000 C0.000000 X250.000000 Y265.500000 Z-278.000000 F3000.000000
; PC05 EVENT event-0000003 index_start
; PC05 EVENT_CONTEXT {"sequence_index":180}
G90
G1 Z20.000000 F3000.000000
; PC05 POINT 181 point-0000181 travel - -
G1 A2.938055 C0.000000 X250.000000 Y279.543536 Z-254.817794 F3000.000000
; PC05 EVENT event-0000004 index_end
; PC05 EVENT_CONTEXT {"sequence_index":181}
; PC05 POINT 182 point-0000182 approach - -
G1 A2.938055 C0.000000 X250.000000 Y279.543536 Z-264.817794 F3000.000000
; PC05 EVENT event-0000005 prime
; PC05 EVENT_CONTEXT {"extrusion_length_mm":1.0,"sequence_index":182}
G1 E1.000000000000 F1200.000000
; PC05 POINT 183 point-0000183 deposition - -
G1 A2.938055 C0.000000 X249.465010 Y279.534286 Z-264.817794 E22.245614636128 F1200.000000
; PC05 POINT 184 point-0000184 deposition - -
G1 A2.938055 C0.000000 X248.923052 Y279.505900 Z-264.817794 E22.562909864970 F1200.000000
; PC05 POINT 185 point-0000185 deposition - -
G1 A2.938055 C0.000000 X248.381980 Y279.458488 Z-264.817794 E22.581354060104 F1200.000000
; PC05 POINT 186 point-0000186 deposition - -
G1 A2.938055 C0.000000 X247.842901 Y279.392132 Z-264.817794 E22.581439911001 F1200.000000
; PC05 POINT 187 point-0000187 deposition - -
G1 A2.938055 C0.000000 X247.306476 Y279.306914 Z-264.817794 E22.581616515915 F1200.000000
; PC05 POINT 188 point-0000188 deposition - -
G1 A2.938055 C0.000000 X246.773363 Y279.202937 Z-264.817794 E22.581882287190 F1200.000000
; PC05 POINT 189 point-0000189 deposition - -
G1 A2.938055 C0.000000 X246.244215 Y279.080331 Z-264.817794 E22.582235258207 F1200.000000
; PC05 POINT 190 point-0000190 deposition - -
G1 A2.938055 C0.000000 X245.719682 Y278.939244 Z-264.817794 E22.582673093075 F1200.000000
; PC05 POINT 191 point-0000191 deposition - -
G1 A2.938055 C0.000000 X245.200405 Y278.779850 Z-264.817794 E22.583193098132 F1200.000000
; PC05 POINT 192 point-0000192 deposition - -
G1 A2.938055 C0.000000 X244.687022 Y278.602345 Z-264.817794 E22.583792235212 F1200.000000
; PC05 POINT 193 point-0000193 deposition - -
G1 A2.938055 C0.000000 X244.180161 Y278.406946 Z-264.817794 E22.584467136595 F1200.000000
; PC05 POINT 194 point-0000194 deposition - -
G1 A2.938055 C0.000000 X243.680446 Y278.193892 Z-264.817794 E22.585214121589 F1200.000000
; PC05 POINT 195 point-0000195 deposition - -
G1 A2.938055 C0.000000 X243.188488 Y277.963444 Z-264.817794 E22.586029214627 F1200.000000
; PC05 POINT 196 point-0000196 deposition - -
G1 A2.938055 C0.000000 X242.704890 Y277.715886 Z-264.817794 E22.586908164823 F1200.000000
; PC05 POINT 197 point-0000197 deposition - -
G1 A2.938055 C0.000000 X242.230246 Y277.451520 Z-264.817794 E22.587846466863 F1200.000000
; PC05 POINT 198 point-0000198 deposition - -
G1 A2.938055 C0.000000 X241.765138 Y277.170670 Z-264.817794 E22.588839383133 F1200.000000
; PC05 POINT 199 point-0000199 deposition - -
G1 A2.938055 C0.000000 X241.310136 Y276.873680 Z-264.817794 E22.589881966986 F1200.000000
; PC05 POINT 200 point-0000200 deposition - -
G1 A2.938055 C0.000000 X240.865798 Y276.560915 Z-264.817794 E22.590969087011 F1200.000000
; PC05 POINT 201 point-0000201 deposition - -
G1 A2.938055 C0.000000 X240.432670 Y276.232758 Z-264.817794 E22.592095452200 F1200.000000
; PC05 POINT 202 point-0000202 deposition - -
G1 A2.938055 C0.000000 X240.011282 Y275.889611 Z-264.817794 E22.593255637872 F1200.000000
; PC05 POINT 203 point-0000203 deposition - -
G1 A2.938055 C0.000000 X239.602152 Y275.531893 Z-264.817794 E22.594444112251 F1200.000000
; PC05 POINT 204 point-0000204 deposition - -
G1 A2.938055 C0.000000 X239.205782 Y275.160045 Z-264.817794 E22.595655263531 F1200.000000
; PC05 POINT 205 point-0000205 deposition - -
G1 A2.938055 C0.000000 X238.822658 Y274.774521 Z-264.817794 E22.596883427331 F1200.000000
; PC05 POINT 206 point-0000206 deposition - -
G1 A2.938055 C0.000000 X238.453250 Y274.375795 Z-264.817794 E22.598122914372 F1200.000000
; PC05 POINT 207 point-0000207 deposition - -
G1 A2.938055 C0.000000 X238.098012 Y273.964354 Z-264.817794 E22.599368038269 F1200.000000
; PC05 POINT 208 point-0000208 deposition - -
G1 A2.938055 C0.000000 X237.757380 Y273.540704 Z-264.817794 E22.600613143281 F1200.000000
; PC05 POINT 209 point-0000209 deposition - -
G1 A2.938055 C0.000000 X237.431771 Y273.105363 Z-264.817794 E22.601852631891 F1200.000000
; PC05 POINT 210 point-0000210 deposition - -
G1 A2.938055 C0.000000 X237.121587 Y272.658865 Z-264.817794 E22.603080992091 F1200.000000
; PC05 POINT 211 point-0000211 deposition - -
G1 A2.938055 C0.000000 X236.827207 Y272.201758 Z-264.817794 E22.604292824215 F1200.000000
; PC05 POINT 212 point-0000212 deposition - -
G1 A2.938055 C0.000000 X236.548993 Y271.734602 Z-264.817794 E22.605482867223 F1200.000000
; PC05 POINT 213 point-0000213 deposition - -
G1 A2.938055 C0.000000 X236.287287 Y271.257970 Z-264.817794 E22.606646024278 F1200.000000
; PC05 POINT 214 point-0000214 deposition - -
G1 A2.938055 C0.000000 X236.046875 Y270.781860 Z-264.817794 E22.174747189988 F1200.000000
; PC05 POINT 215 point-0000215 deposition - -
G1 A2.938055 C0.000000 X235.839272 Y270.334133 Z-264.817794 E20.518056541847 F1200.000000
; PC05 POINT 216 point-0000216 deposition - -
G1 A2.938055 C0.000000 X235.645992 Y269.880032 Z-264.817794 E20.518299811168 F1200.000000
; PC05 POINT 217 point-0000217 deposition - -
G1 A2.938055 C0.000000 X235.467672 Y269.421149 Z-264.817794 E20.467966466633 F1200.000000
; PC05 POINT 218 point-0000218 deposition - -
G1 A2.938055 C0.000000 X235.304919 Y268.959513 Z-264.817794 E20.350443768814 F1200.000000
; PC05 POINT 219 point-0000219 deposition - -
G1 A2.938055 C0.000000 X235.156790 Y268.492983 Z-264.817794 E20.350275269823 F1200.000000
; PC05 POINT 220 point-0000220 deposition - -
G1 A2.938055 C0.000000 X235.023431 Y268.022023 Z-264.817794 E20.350112317584 F1200.000000
; PC05 POINT 221 point-0000221 deposition - -
G1 A2.938055 C0.000000 X234.904975 Y267.547098 Z-264.817794 E20.349985885358 F1200.000000
; PC05 POINT 222 point-0000222 deposition - -
G1 A2.938055 C0.000000 X234.801540 Y267.068679 Z-264.817794 E20.349908553886 F1200.000000
; PC05 POINT 223 point-0000223 deposition - -
G1 A2.938055 C0.000000 X234.713230 Y266.587240 Z-264.817794 E20.349874781218 F1200.000000
; PC05 POINT 224 point-0000224 deposition - -
G1 A2.938055 C0.000000 X234.640132 Y266.103257 Z-264.817794 E20.349860722746 F1200.000000
; PC05 POINT 225 point-0000225 deposition - -
G1 A2.938055 C0.000000 X234.582320 Y265.617213 Z-264.817794 E20.349823603540 F1200.000000
; PC05 POINT 226 point-0000226 deposition - -
G1 A2.938055 C0.000000 X234.539853 Y265.129591 Z-264.817794 E20.349700650450 F1200.000000
; PC05 POINT 227 point-0000227 deposition - -
G1 A2.938055 C0.000000 X234.512774 Y264.640880 Z-264.817794 E20.349407596665 F1200.000000
; PC05 POINT 228 point-0000228 deposition - -
G1 A2.938055 C0.000000 X234.501110 Y264.151568 Z-264.817794 E20.349028748169 F1200.000000
; PC05 POINT 229 point-0000229 deposition - -
G1 A2.938055 C0.000000 X234.504873 Y263.662131 Z-264.817794 E20.349020338210 F1200.000000
; PC05 POINT 230 point-0000230 deposition - -
G1 A2.938055 C0.000000 X234.524060 Y263.173057 Z-264.817794 E20.348946622267 F1200.000000
; PC05 POINT 231 point-0000231 deposition - -
G1 A2.938055 C0.000000 X234.558654 Y262.684835 Z-264.817794 E20.348819286990 F1200.000000
; PC05 POINT 232 point-0000232 deposition - -
G1 A2.938055 C0.000000 X234.608621 Y262.197949 Z-264.817794 E20.348689242847 F1200.000000
; PC05 POINT 233 point-0000233 deposition - -
G1 A2.938055 C0.000000 X234.673912 Y261.712882 Z-264.817794 E20.348586836450 F1200.000000
; PC05 POINT 234 point-0000234 deposition - -
G1 A2.938055 C0.000000 X234.754463 Y261.230117 Z-264.817794 E20.348515301644 F1200.000000
; PC05 POINT 235 point-0000235 deposition - -
G1 A2.938055 C0.000000 X234.850196 Y260.750133 Z-264.817794 E20.348458474408 F1200.000000
; PC05 POINT 236 point-0000236 deposition - -
G1 A2.938055 C0.000000 X234.961015 Y260.273408 Z-264.817794 E20.348380505376 F1200.000000
; PC05 POINT 237 point-0000237 deposition - -
G1 A2.938055 C0.000000 X235.086811 Y259.800419 Z-264.817794 E20.348225112177 F1200.000000
; PC05 POINT 238 point-0000238 deposition - -
G1 A2.938055 C0.000000 X235.227461 Y259.331633 Z-264.817794 E20.348180628064 F1200.000000
; PC05 POINT 239 point-0000239 deposition - -
G1 A2.938055 C0.000000 X235.382826 Y258.867513 Z-264.817794 E20.348290747867 F1200.000000
; PC05 POINT 240 point-0000240 deposition - -
G1 A2.938055 C0.000000 X235.552752 Y258.408526 Z-264.817794 E20.348243324082 F1200.000000
; PC05 POINT 241 point-0000241 deposition - -
G1 A2.938055 C0.000000 X235.737071 Y257.955129 Z-264.817794 E20.348119747158 F1200.000000
; PC05 POINT 242 point-0000242 deposition - -
G1 A2.938055 C0.000000 X235.935598 Y257.507776 Z-264.817794 E20.347986145200 F1200.000000
; PC05 POINT 243 point-0000243 deposition - -
G1 A2.938055 C0.000000 X236.148138 Y257.066910 Z-264.817794 E20.347880841379 F1200.000000
; PC05 POINT 244 point-0000244 deposition - -
G1 A2.938055 C0.000000 X236.374480 Y256.632971 Z-264.817794 E20.347821290121 F1200.000000
; PC05 POINT 245 point-0000245 deposition - -
G1 A2.938055 C0.000000 X236.614400 Y256.206389 Z-264.817794 E20.347805718238 F1200.000000
; PC05 POINT 246 point-0000246 deposition - -
G1 A2.938055 C0.000000 X236.867660 Y255.787589 Z-264.817794 E20.347813190445 F1200.000000
; PC05 POINT 247 point-0000247 deposition - -
G1 A2.938055 C0.000000 X237.134009 Y255.376989 Z-264.817794 E20.347803205294 F1200.000000
; PC05 POINT 248 point-0000248 deposition - -
G1 A2.938055 C0.000000 X237.413180 Y254.975000 Z-264.817794 E20.347714828398 F1200.000000
; PC05 POINT 249 point-0000249 deposition - -
G1 A2.938055 C0.000000 X237.704895 Y254.582025 Z-264.817794 E20.347473866375 F1200.000000
; PC05 POINT 250 point-0000250 deposition - -
G1 A2.938055 C0.000000 X238.008865 Y254.198455 Z-264.817794 E20.347386512613 F1200.000000
; PC05 POINT 251 point-0000251 deposition - -
G1 A2.938055 C0.000000 X238.324788 Y253.824668 Z-264.817794 E20.347381436348 F1200.000000
; PC05 POINT 252 point-0000252 deposition - -
G1 A2.938055 C0.000000 X238.652351 Y253.461039 Z-264.817794 E20.347340391962 F1200.000000
; PC05 POINT 253 point-0000253 deposition - -
G1 A2.938055 C0.000000 X238.991226 Y253.107932 Z-264.817794 E20.347296532069 F1200.000000
; PC05 POINT 254 point-0000254 deposition - -
G1 A2.938055 C0.000000 X239.341078 Y252.765696 Z-264.817794 E20.347274035490 F1200.000000
; PC05 POINT 255 point-0000255 deposition - -
G1 A2.938055 C0.000000 X239.701559 Y252.434675 Z-264.817794 E20.347276379903 F1200.000000
; PC05 POINT 256 point-0000256 deposition - -
G1 A2.938055 C0.000000 X240.072309 Y252.115197 Z-264.817794 E20.347284097109 F1200.000000
; PC05 POINT 257 point-0000257 deposition - -
G1 A2.938055 C0.000000 X240.452959 Y251.807583 Z-264.817794 E20.347255028921 F1200.000000
; PC05 POINT 258 point-0000258 deposition - -
G1 A2.938055 C0.000000 X240.843130 Y251.512139 Z-264.817794 E20.347201756176 F1200.000000
; PC05 POINT 259 point-0000259 deposition - -
G1 A2.938055 C0.000000 X241.242433 Y251.229161 Z-264.817794 E20.347213742284 F1200.000000
; PC05 POINT 260 point-0000260 deposition - -
G1 A2.938055 C0.000000 X241.650471 Y250.958929 Z-264.817794 E20.347215937843 F1200.000000
; PC05 POINT 261 point-0000261 deposition - -
G1 A2.938055 C0.000000 X242.066838 Y250.701715 Z-264.817794 E20.347225598187 F1200.000000
; PC05 POINT 262 point-0000262 deposition - -
G1 A2.938055 C0.000000 X242.491118 Y250.457775 Z-264.817794 E20.347249605125 F1200.000000
; PC05 POINT 263 point-0000263 deposition - -
G1 A2.938055 C0.000000 X242.922890 Y250.227352 Z-264.817794 E20.347270172505 F1200.000000
; PC05 POINT 264 point-0000264 deposition - -
G1 A2.938055 C0.000000 X243.361727 Y250.010674 Z-264.817794 E20.347523813368 F1200.000000
; PC05 POINT 265 point-0000265 deposition - -
G1 A2.938055 C0.000000 X243.807197 Y249.807956 Z-264.817794 E20.348004049875 F1200.000000
; PC05 POINT 266 point-0000266 deposition - -
G1 A2.938055 C0.000000 X244.258852 Y249.619404 Z-264.817794 E20.348198732388 F1200.000000
; PC05 POINT 267 point-0000267 deposition - -
G1 A2.938055 C0.000000 X244.716235 Y249.445209 Z-264.817794 E20.348221572066 F1200.000000
; PC05 POINT 268 point-0000268 deposition - -
G1 A2.938055 C0.000000 X245.178890 Y249.285543 Z-264.817794 E20.348163436843 F1200.000000
; PC05 POINT 269 point-0000269 deposition - -
G1 A2.938055 C0.000000 X245.646354 Y249.140569 Z-264.817794 E20.348092261071 F1200.000000
; PC05 POINT 270 point-0000270 deposition - -
G1 A2.938055 C0.000000 X246.118163 Y249.010428 Z-264.817794 E20.348055394249 F1200.000000
; PC05 POINT 271 point-0000271 deposition - -
G1 A2.938055 C0.000000 X246.593847 Y248.895252 Z-264.817794 E20.348080780237 F1200.000000
; PC05 POINT 272 point-0000272 deposition - -
G1 A2.938055 C0.000000 X247.072932 Y248.795155 Z-264.817794 E20.348177674044 F1200.000000
; PC05 POINT 273 point-0000273 deposition - -
G1 A2.938055 C0.000000 X247.554944 Y248.710237 Z-264.817794 E20.348336888499 F1200.000000
; PC05 POINT 274 point-0000274 deposition - -
G1 A2.938055 C0.000000 X248.039402 Y248.640583 Z-264.817794 E20.348530568710 F1200.000000
; PC05 POINT 275 point-0000275 deposition - -
G1 A2.938055 C0.000000 X248.525822 Y248.586262 Z-264.817794 E20.348711497756 F1200.000000
; PC05 POINT 276 point-0000276 deposition - -
G1 A2.938055 C0.000000 X249.013718 Y248.547331 Z-264.817794 E20.348811942598 F1200.000000
; PC05 POINT 277 point-0000277 deposition - -
G1 A2.938055 C0.000000 X249.506439 Y248.523765 Z-264.817794 E20.508401510125 F1200.000000
; PC05 POINT 278 point-0000278 deposition - -
G1 A2.938055 C0.000000 X249.999885 Y248.515901 Z-264.817794 E20.517693837108 F1200.000000
; PC05 POINT 279 point-0000279 deposition - -
G1 A2.938055 C0.000000 X250.493338 Y248.523758 Z-264.817794 E20.518005235532 F1200.000000
; PC05 POINT 280 point-0000280 deposition - -
G1 A2.938055 C0.000000 X250.986284 Y248.547327 Z-264.817794 E20.517728106448 F1200.000000
; PC05 POINT 281 point-0000281 deposition - -
G1 A2.938055 C0.000000 X251.474180 Y248.586260 Z-264.817794 E20.348802411976 F1200.000000
; PC05 POINT 282 point-0000282 deposition - -
G1 A2.938055 C0.000000 X251.960598 Y248.640580 Z-264.817794 E20.348658595569 F1200.000000
; PC05 POINT 283 point-0000283 deposition - -
G1 A2.938055 C0.000000 X252.445054 Y248.710235 Z-264.817794 E20.348459700562 F1200.000000
; PC05 POINT 284 point-0000284 deposition - -
G1 A2.938055 C0.000000 X252.927065 Y248.795153 Z-264.817794 E20.348267721387 F1200.000000
; PC05 POINT 285 point-0000285 deposition - -
G1 A2.938055 C0.000000 X253.406149 Y248.895250 Z-264.817794 E20.348123924311 F1200.000000
; PC05 POINT 286 point-0000286 deposition - -
G1 A2.938055 C0.000000 X253.881832 Y249.010426 Z-264.817794 E20.348050023242 F1200.000000
; PC05 POINT 287 point-0000287 deposition - -
G1 A2.938055 C0.000000 X254.353641 Y249.140566 Z-264.817794 E20.348048901742 F1200.000000
; PC05 POINT 288 point-0000288 deposition - -
G1 A2.938055 C0.000000 X254.821105 Y249.285541 Z-264.817794 E20.348104875237 F1200.000000
; PC05 POINT 289 point-0000289 deposition - -
G1 A2.938055 C0.000000 X255.283761 Y249.445207 Z-264.817794 E20.348183493063 F1200.000000
; PC05 POINT 290 point-0000290 deposition - -
G1 A2.938055 C0.000000 X255.741144 Y249.619402 Z-264.817794 E20.348230885573 F1200.000000
; PC05 POINT 291 point-0000291 deposition - -
G1 A2.938055 C0.000000 X256.192798 Y249.807954 Z-264.817794 E20.348172667191 F1200.000000
; PC05 POINT 292 point-0000292 deposition - -
G1 A2.938055 C0.000000 X256.638266 Y250.010671 Z-264.817794 E20.347912411828 F1200.000000
; PC05 POINT 293 point-0000293 deposition - -
G1 A2.938055 C0.000000 X257.077100 Y250.227347 Z-264.817794 E20.347374634416 F1200.000000
; PC05 POINT 294 point-0000294 deposition - -
G1 A2.938055 C0.000000 X257.508870 Y250.457769 Z-264.817794 E20.347187011284 F1200.000000
; PC05 POINT 295 point-0000295 deposition - -
G1 A2.938055 C0.000000 X257.933149 Y250.701708 Z-264.817794 E20.347162729198 F1200.000000
; PC05 POINT 296 point-0000296 deposition - -
G1 A2.938055 C0.000000 X258.349514 Y250.958921 Z-264.817794 E20.347147838354 F1200.000000
; PC05 POINT 297 point-0000297 deposition - -
G1 A2.938055 C0.000000 X258.757551 Y251.229151 Z-264.817794 E20.347159946648 F1200.000000
; PC05 POINT 298 point-0000298 deposition - -
G1 A2.938055 C0.000000 X259.156855 Y251.512129 Z-264.817794 E20.347188814304 F1200.000000
; PC05 POINT 299 point-0000299 deposition - -
G1 A2.938055 C0.000000 X259.547025 Y251.807572 Z-264.817794 E20.347200636804 F1200.000000
; PC05 POINT 300 point-0000300 deposition - -
G1 A2.938055 C0.000000 X259.927676 Y252.115186 Z-264.817794 E20.347263872617 F1200.000000
; PC05 POINT 301 point-0000301 deposition - -
G1 A2.938055 C0.000000 X260.298427 Y252.434663 Z-264.817794 E20.347282928010 F1200.000000
; PC05 POINT 302 point-0000302 deposition - -
G1 A2.938055 C0.000000 X260.658908 Y252.765684 Z-264.817794 E20.347272845117 F1200.000000
; PC05 POINT 303 point-0000303 deposition - -
G1 A2.938055 C0.000000 X261.008760 Y253.107919 Z-264.817794 E20.347272685818 F1200.000000
; PC05 POINT 304 point-0000304 deposition - -
G1 A2.938055 C0.000000 X261.347636 Y253.461026 Z-264.817794 E20.347298764996 F1200.000000
; PC05 POINT 305 point-0000305 deposition - -
G1 A2.938055 C0.000000 X261.675200 Y253.824654 Z-264.817794 E20.347344435644 F1200.000000
; PC05 POINT 306 point-0000306 deposition - -
G1 A2.938055 C0.000000 X261.991124 Y254.198440 Z-264.817794 E20.347382117625 F1200.000000
; PC05 POINT 307 point-0000307 deposition - -
G1 A2.938055 C0.000000 X262.295094 Y254.582011 Z-264.817794 E20.347375449726 F1200.000000
; PC05 POINT 308 point-0000308 deposition - -
G1 A2.938055 C0.000000 X262.586809 Y254.974985 Z-264.817794 E20.347514784519 F1200.000000
; PC05 POINT 309 point-0000309 deposition - -
G1 A2.938055 C0.000000 X262.865981 Y255.376974 Z-264.817794 E20.347730919859 F1200.000000
; PC05 POINT 310 point-0000310 deposition - -
G1 A2.938055 C0.000000 X263.132331 Y255.787574 Z-264.817794 E20.347801133948 F1200.000000
; PC05 POINT 311 point-0000311 deposition - -
G1 A2.938055 C0.000000 X263.385591 Y256.206373 Z-264.817794 E20.347804375918 F1200.000000
; PC05 POINT 312 point-0000312 deposition - -
G1 A2.938055 C0.000000 X263.625512 Y256.632955 Z-264.817794 E20.347798106273 F1200.000000
; PC05 POINT 313 point-0000313 deposition - -
G1 A2.938055 C0.000000 X263.851854 Y257.066894 Z-264.817794 E20.347819511369 F1200.000000
; PC05 POINT 314 point-0000314 deposition - -
G1 A2.938055 C0.000000 X264.064395 Y257.507760 Z-264.817794 E20.347886308237 F1200.000000
; PC05 POINT 315 point-0000315 deposition - -
G1 A2.938055 C0.000000 X264.262923 Y257.955113 Z-264.817794 E20.347997085174 F1200.000000
; PC05 POINT 316 point-0000316 deposition - -
G1 A2.938055 C0.000000 X264.447242 Y258.408510 Z-264.817794 E20.348131172240 F1200.000000
; PC05 POINT 317 point-0000317 deposition - -
G1 A2.938055 C0.000000 X264.617169 Y258.867497 Z-264.817794 E20.348247092202 F1200.000000
; PC05 POINT 318 point-0000318 deposition - -
G1 A2.938055 C0.000000 X264.772535 Y259.331616 Z-264.817794 E20.348275433098 F1200.000000
; PC05 POINT 319 point-0000319 deposition - -
G1 A2.938055 C0.000000 X264.913185 Y259.800401 Z-264.817794 E20.348148857727 F1200.000000
; PC05 POINT 320 point-0000320 deposition - -
G1 A2.938055 C0.000000 X265.038982 Y260.273391 Z-264.817794 E20.348246968906 F1200.000000
; PC05 POINT 321 point-0000321 deposition - -
G1 A2.938055 C0.000000 X265.149801 Y260.750116 Z-264.817794 E20.348384903989 F1200.000000
; PC05 POINT 322 point-0000322 deposition - -
G1 A2.938055 C0.000000 X265.245534 Y261.230100 Z-264.817794 E20.348455979529 F1200.000000
; PC05 POINT 323 point-0000323 deposition - -
G1 A2.938055 C0.000000 X265.326086 Y261.712865 Z-264.817794 E20.348513088119 F1200.000000
; PC05 POINT 324 point-0000324 deposition - -
G1 A2.938055 C0.000000 X265.391378 Y262.197931 Z-264.817794 E20.348588833260 F1200.000000
; PC05 POINT 325 point-0000325 deposition - -
G1 A2.938055 C0.000000 X265.441345 Y262.684817 Z-264.817794 E20.348696209264 F1200.000000
; PC05 POINT 326 point-0000326 deposition - -
G1 A2.938055 C0.000000 X265.475940 Y263.173040 Z-264.817794 E20.348828814532 F1200.000000
; PC05 POINT 327 point-0000327 deposition - -
G1 A2.938055 C0.000000 X265.495128 Y263.662113 Z-264.817794 E20.348956320718 F1200.000000
; PC05 POINT 328 point-0000328 deposition - -
G1 A2.938055 C0.000000 X265.498892 Y264.151550 Z-264.817794 E20.349027856145 F1200.000000
; PC05 POINT 329 point-0000329 deposition - -
G1 A2.938055 C0.000000 X265.487229 Y264.640864 Z-264.817794 E20.349077628169 F1200.000000
; PC05 POINT 330 point-0000330 deposition - -
G1 A2.938055 C0.000000 X265.460150 Y265.129577 Z-264.817794 E20.349504771964 F1200.000000
; PC05 POINT 331 point-0000331 deposition - -
G1 A2.938055 C0.000000 X265.417683 Y265.617201 Z-264.817794 E20.349772229855 F1200.000000
; PC05 POINT 332 point-0000332 deposition - -
G1 A2.938055 C0.000000 X265.359871 Y266.103247 Z-264.817794 E20.349875501400 F1200.000000
; PC05 POINT 333 point-0000333 deposition - -
G1 A2.938055 C0.000000 X265.286773 Y266.587230 Z-264.817794 E20.349898854464 F1200.000000
; PC05 POINT 334 point-0000334 deposition - -
G1 A2.938055 C0.000000 X265.198463 Y267.068670 Z-264.817794 E20.349905418052 F1200.000000
; PC05 POINT 335 point-0000335 deposition - -
G1 A2.938055 C0.000000 X265.095028 Y267.547090 Z-264.817794 E20.349938476751 F1200.000000
; PC05 POINT 336 point-0000336 deposition - -
G1 A2.938055 C0.000000 X264.976572 Y268.022016 Z-264.817794 E20.350022334751 F1200.000000
; PC05 POINT 337 point-0000337 deposition - -
G1 A2.938055 C0.000000 X264.843213 Y268.492977 Z-264.817794 E20.350160163654 F1200.000000
; PC05 POINT 338 point-0000338 deposition - -
G1 A2.938055 C0.000000 X264.695083 Y268.959508 Z-264.817794 E20.350335260962 F1200.000000
; PC05 POINT 339 point-0000339 deposition - -
G1 A2.938055 C0.000000 X264.532330 Y269.421146 Z-264.817794 E20.350510363071 F1200.000000
; PC05 POINT 340 point-0000340 deposition - -
G1 A2.938055 C0.000000 X264.353997 Y269.880058 Z-264.817794 E20.469330202192 F1200.000000
; PC05 POINT 341 point-0000341 deposition - -
G1 A2.938055 C0.000000 X264.160722 Y270.334147 Z-264.817794 E20.517743392996 F1200.000000
; PC05 POINT 342 point-0000342 deposition - -
G1 A2.938055 C0.000000 X263.953123 Y270.781864 Z-264.817794 E20.517599456355 F1200.000000
; PC05 POINT 343 point-0000343 deposition - -
G1 A2.938055 C0.000000 X263.712713 Y271.257970 Z-264.817794 E22.174553394802 F1200.000000
; PC05 POINT 344 point-0000344 deposition - -
G1 A2.938055 C0.000000 X263.451007 Y271.734602 Z-264.817794 E22.606646024277 F1200.000000
; PC05 POINT 345 point-0000345 deposition - -
G1 A2.938055 C0.000000 X263.172793 Y272.201758 Z-264.817794 E22.605482867224 F1200.000000
; PC05 POINT 346 point-0000346 deposition - -
G1 A2.938055 C0.000000 X262.878413 Y272.658865 Z-264.817794 E22.604292824216 F1200.000000
; PC05 POINT 347 point-0000347 deposition - -
G1 A2.938055 C0.000000 X262.568229 Y273.105363 Z-264.817794 E22.603080992090 F1200.000000
; PC05 POINT 348 point-0000348 deposition - -
G1 A2.938055 C0.000000 X262.242620 Y273.540704 Z-264.817794 E22.601852631892 F1200.000000
; PC05 POINT 349 point-0000349 deposition - -
G1 A2.938055 C0.000000 X261.901988 Y273.964354 Z-264.817794 E22.600613143281 F1200.000000
; PC05 POINT 350 point-0000350 deposition - -
G1 A2.938055 C0.000000 X261.546750 Y274.375795 Z-264.817794 E22.599368038269 F1200.000000
; PC05 POINT 351 point-0000351 deposition - -
G1 A2.938055 C0.000000 X261.177342 Y274.774521 Z-264.817794 E22.598122914372 F1200.000000
; PC05 POINT 352 point-0000352 deposition - -
G1 A2.938055 C0.000000 X260.794218 Y275.160045 Z-264.817794 E22.596883427331 F1200.000000
; PC05 POINT 353 point-0000353 deposition - -
G1 A2.938055 C0.000000 X260.397848 Y275.531893 Z-264.817794 E22.595655263531 F1200.000000
; PC05 POINT 354 point-0000354 deposition - -
G1 A2.938055 C0.000000 X259.988718 Y275.889611 Z-264.817794 E22.594444112251 F1200.000000
; PC05 POINT 355 point-0000355 deposition - -
G1 A2.938055 C0.000000 X259.567330 Y276.232758 Z-264.817794 E22.593255637872 F1200.000000
; PC05 POINT 356 point-0000356 deposition - -
G1 A2.938055 C0.000000 X259.134202 Y276.560915 Z-264.817794 E22.592095452199 F1200.000000
; PC05 POINT 357 point-0000357 deposition - -
G1 A2.938055 C0.000000 X258.689864 Y276.873680 Z-264.817794 E22.590969087012 F1200.000000
; PC05 POINT 358 point-0000358 deposition - -
G1 A2.938055 C0.000000 X258.234862 Y277.170670 Z-264.817794 E22.589881966986 F1200.000000
; PC05 POINT 359 point-0000359 deposition - -
G1 A2.938055 C0.000000 X257.769754 Y277.451520 Z-264.817794 E22.588839383132 F1200.000000
; PC05 POINT 360 point-0000360 deposition - -
G1 A2.938055 C0.000000 X257.295110 Y277.715886 Z-264.817794 E22.587846466863 F1200.000000
; PC05 POINT 361 point-0000361 deposition - -
G1 A2.938055 C0.000000 X256.811512 Y277.963444 Z-264.817794 E22.586908164824 F1200.000000
; PC05 POINT 362 point-0000362 deposition - -
G1 A2.938055 C0.000000 X256.319554 Y278.193892 Z-264.817794 E22.586029214626 F1200.000000
; PC05 POINT 363 point-0000363 deposition - -
G1 A2.938055 C0.000000 X255.819839 Y278.406946 Z-264.817794 E22.585214121589 F1200.000000
; PC05 POINT 364 point-0000364 deposition - -
G1 A2.938055 C0.000000 X255.312978 Y278.602345 Z-264.817794 E22.584467136595 F1200.000000
; PC05 POINT 365 point-0000365 deposition - -
G1 A2.938055 C0.000000 X254.799595 Y278.779850 Z-264.817794 E22.583792235211 F1200.000000
; PC05 POINT 366 point-0000366 deposition - -
G1 A2.938055 C0.000000 X254.280318 Y278.939244 Z-264.817794 E22.583193098132 F1200.000000
; PC05 POINT 367 point-0000367 deposition - -
G1 A2.938055 C0.000000 X253.755785 Y279.080331 Z-264.817794 E22.582673093075 F1200.000000
; PC05 POINT 368 point-0000368 deposition - -
G1 A2.938055 C0.000000 X253.226637 Y279.202937 Z-264.817794 E22.582235258206 F1200.000000
; PC05 POINT 369 point-0000369 deposition - -
G1 A2.938055 C0.000000 X252.693524 Y279.306914 Z-264.817794 E22.581882287190 F1200.000000
; PC05 POINT 370 point-0000370 deposition - -
G1 A2.938055 C0.000000 X252.157099 Y279.392132 Z-264.817794 E22.581616515916 F1200.000000
; PC05 POINT 371 point-0000371 deposition - -
G1 A2.938055 C0.000000 X251.618020 Y279.458488 Z-264.817794 E22.581439911000 F1200.000000
; PC05 POINT 372 point-0000372 deposition - -
G1 A2.938055 C0.000000 X251.076948 Y279.505900 Z-264.817794 E22.581354060104 F1200.000000
; PC05 POINT 373 point-0000373 deposition - -
G1 A2.938055 C0.000000 X250.534990 Y279.534286 Z-264.817794 E22.562909864970 F1200.000000
; PC05 POINT 374 point-0000374 deposition - -
G1 A2.938055 C0.000000 X250.000000 Y279.543536 Z-264.817794 E22.245614636128 F1200.000000
; PC05 EVENT event-0000006 retract
; PC05 EVENT_CONTEXT {"extrusion_length_mm":-1.0,"sequence_index":374}
G1 E-1.000000000000 F3000.000000
; PC05 POINT 375 point-0000375 depart - -
G1 A2.938055 C0.000000 X250.000000 Y279.543536 Z-254.817794 F3000.000000
; PC05 EVENT event-0000007 index_start
; PC05 EVENT_CONTEXT {"sequence_index":375}
G90
G1 Z20.000000 F3000.000000
; PC05 POINT 376 point-0000376 travel - -
G1 A14.690277 C0.000000 X250.000000 Y327.329621 Z-185.535248 F3000.000000
; PC05 EVENT event-0000008 index_end
; PC05 EVENT_CONTEXT {"sequence_index":376}
; PC05 POINT 377 point-0000377 approach - -
G1 A14.690277 C0.000000 X250.000000 Y327.329621 Z-195.535248 F3000.000000
; PC05 EVENT event-0000009 prime
; PC05 EVENT_CONTEXT {"extrusion_length_mm":1.0,"sequence_index":377}
G1 E1.000000000000 F1200.000000
; PC05 POINT 378 point-0000378 deposition - -
G1 A14.690277 C0.000000 X249.619436 Y327.324937 Z-195.535248 E15.823209622627 F1200.000000
; PC05 POINT 379 point-0000379 deposition - -
G1 A14.690277 C0.000000 X249.239095 Y327.310886 Z-195.535248 E15.823532372245 F1200.000000
; PC05 POINT 380 point-0000380 deposition - -
G1 A14.690277 C0.000000 X248.859211 Y327.287477 Z-195.535248 E15.823690270068 F1200.000000
; PC05 POINT 381 point-0000381 deposition - -
G1 A14.690277 C0.000000 X248.480018 Y327.254725 Z-195.535248 E15.823732561675 F1200.000000
; PC05 POINT 382 point-0000382 deposition - -
G1 A14.690277 C0.000000 X248.101746 Y327.212651 Z-195.535248 E15.823700758735 F1200.000000
; PC05 POINT 383 point-0000383 deposition - -
G1 A14.690277 C0.000000 X247.724626 Y327.161279 Z-195.535248 E15.823629127222 F1200.000000
; PC05 POINT 384 point-0000384 deposition - -
G1 A14.690277 C0.000000 X247.348886 Y327.100644 Z-195.535248 E15.823545118185 F1200.000000
; PC05 POINT 385 point-0000385 deposition - -
G1 A14.690277 C0.000000 X246.974754 Y327.030781 Z-195.535248 E15.823469737973 F1200.000000
; PC05 POINT 386 point-0000386 deposition - -
G1 A14.690277 C0.000000 X246.602455 Y326.951736 Z-195.535248 E15.823417855293 F1200.000000
; PC05 POINT 387 point-0000387 deposition - -
G1 A14.690277 C0.000000 X246.232214 Y326.863556 Z-195.535248 E15.823398442968 F1200.000000
; PC05 POINT 388 point-0000388 deposition - -
G1 A14.690277 C0.000000 X245.864253 Y326.766296 Z-195.535248 E15.823414752789 F1200.000000
; PC05 POINT 389 point-0000389 deposition - -
G1 A14.690277 C0.000000 X245.498794 Y326.660016 Z-195.535248 E15.823464422325 F1200.000000
; PC05 POINT 390 point-0000390 deposition - -
G1 A14.690277 C0.000000 X245.136057 Y326.544781 Z-195.535248 E15.823539513085 F1200.000000
; PC05 POINT 391 point-0000391 deposition - -
G1 A14.690277 C0.000000 X244.776261 Y326.420663 Z-195.535248 E15.823626479922 F1200.000000
; PC05 POINT 392 point-0000392 deposition - -
G1 A14.690277 C0.000000 X244.419623 Y326.287737 Z-195.535248 E15.823706072081 F1200.000000
; PC05 POINT 393 point-0000393 deposition - -
G1 A14.690277 C0.000000 X244.066359 Y326.146085 Z-195.535248 E15.823753166788 F1200.000000
; PC05 POINT 394 point-0000394 deposition - -
G1 A14.690277 C0.000000 X243.716682 Y325.995796 Z-195.535248 E15.823736536783 F1200.000000
; PC05 POINT 395 point-0000395 deposition - -
G1 A14.690277 C0.000000 X243.370806 Y325.836963 Z-195.535248 E15.823618553686 F1200.000000
; PC05 POINT 396 point-0000396 deposition - -
G1 A14.690277 C0.000000 X243.028942 Y325.669684 Z-195.535248 E15.823354829584 F1200.000000
; PC05 POINT 397 point-0000397 deposition - -
G1 A14.690277 C0.000000 X242.691296 Y325.494063 Z-195.535248 E15.823029656555 F1200.000000
; PC05 POINT 398 point-0000398 deposition - -
G1 A14.690277 C0.000000 X242.358066 Y325.310205 Z-195.535248 E15.822942906014 F1200.000000
; PC05 POINT 399 point-0000399 deposition - -
G1 A14.690277 C0.000000 X242.029450 Y325.118222 Z-195.535248 E15.822945048206 F1200.000000
; PC05 POINT 400 point-0000400 deposition - -
G1 A14.690277 C0.000000 X241.705645 Y324.918231 Z-195.535248 E15.822943076635 F1200.000000
; PC05 POINT 401 point-0000401 deposition - -
G1 A14.690277 C0.000000 X241.386846 Y324.710353 Z-195.535248 E15.822943736924 F1200.000000
; PC05 POINT 402 point-0000402 deposition - -
G1 A14.690277 C0.000000 X241.073244 Y324.494714 Z-195.535248 E15.822948229135 F1200.000000
; PC05 POINT 403 point-0000403 deposition - -
G1 A14.690277 C0.000000 X240.765027 Y324.271447 Z-195.535248 E15.822952182102 F1200.000000
; PC05 POINT 404 point-0000404 deposition - -
G1 A14.690277 C0.000000 X240.462380 Y324.040686 Z-195.535248 E15.822948036779 F1200.000000
; PC05 POINT 405 point-0000405 deposition - -
G1 A14.690277 C0.000000 X240.165483 Y323.802571 Z-195.535248 E15.822942802258 F1200.000000
; PC05 POINT 406 point-0000406 deposition - -
G1 A14.690277 C0.000000 X239.874516 Y323.557247 Z-195.535248 E15.822943245339 F1200.000000
; PC05 POINT 407 point-0000407 deposition - -
G1 A14.690277 C0.000000 X239.589651 Y323.304862 Z-195.535248 E15.822944394367 F1200.000000
; PC05 POINT 408 point-0000408 deposition - -
G1 A14.690277 C0.000000 X239.311061 Y323.045568 Z-195.535248 E15.822946191030 F1200.000000
; PC05 POINT 409 point-0000409 deposition - -
G1 A14.690277 C0.000000 X239.038910 Y322.779523 Z-195.535248 E15.822960185907 F1200.000000
; PC05 POINT 410 point-0000410 deposition - -
G1 A14.690277 C0.000000 X238.773362 Y322.506885 Z-195.535248 E15.823010964885 F1200.000000
; PC05 POINT 411 point-0000411 deposition - -
G1 A14.690277 C0.000000 X238.514575 Y322.227819 Z-195.535248 E15.823072901168 F1200.000000
; PC05 POINT 412 point-0000412 deposition - -
G1 A14.690277 C0.000000 X238.262706 Y321.942493 Z-195.535248 E15.823098078151 F1200.000000
; PC05 POINT 413 point-0000413 deposition - -
G1 A14.690277 C0.000000 X238.017904 Y321.651081 Z-195.535248 E15.823091117627 F1200.000000
; PC05 POINT 414 point-0000414 deposition - -
G1 A14.690277 C0.000000 X237.780318 Y321.353758 Z-195.535248 E15.823071514344 F1200.000000
; PC05 POINT 415 point-0000415 deposition - -
G1 A14.690277 C0.000000 X237.550088 Y321.050703 Z-195.535248 E15.823053289441 F1200.000000
; PC05 POINT 416 point-0000416 deposition - -
G1 A14.690277 C0.000000 X237.327354 Y320.742098 Z-195.535248 E15.823045156013 F1200.000000
; PC05 POINT 417 point-0000417 deposition - -
G1 A14.690277 C0.000000 X237.112248 Y320.428128 Z-195.535248 E15.823050619634 F1200.000000
; PC05 POINT 418 point-0000418 deposition - -
G1 A14.690277 C0.000000 X236.904898 Y320.108981 Z-195.535248 E15.823068013073 F1200.000000
; PC05 POINT 419 point-0000419 deposition - -
G1 A14.690277 C0.000000 X236.705430 Y319.784850 Z-195.535248 E15.823090464923 F1200.000000
; PC05 POINT 420 point-0000420 deposition - -
G1 A14.690277 C0.000000 X236.513962 Y319.455929 Z-195.535248 E15.823105802333 F1200.000000
; PC05 POINT 421 point-0000421 deposition - -
G1 A14.690277 C0.000000 X236.330610 Y319.122416 Z-195.535248 E15.823096388525 F1200.000000
; PC05 POINT 422 point-0000422 deposition - -
G1 A14.690277 C0.000000 X236.155485 Y318.784512 Z-195.535248 E15.823044999325 F1200.000000
; PC05 POINT 423 point-0000423 deposition - -
G1 A14.690277 C0.000000 X235.988690 Y318.442420 Z-195.535248 E15.823024620740 F1200.000000
; PC05 POINT 424 point-0000424 deposition - -
G1 A14.690277 C0.000000 X235.830326 Y318.096344 Z-195.535248 E15.823040346695 F1200.000000
; PC05 POINT 425 point-0000425 deposition - -
G1 A14.690277 C0.000000 X235.680488 Y317.746491 Z-195.535248 E15.823069705199 F1200.000000
; PC05 POINT 426 point-0000426 deposition - -
G1 A14.690277 C0.000000 X235.539266 Y317.393073 Z-195.535248 E15.823067199241 F1200.000000
; PC05 POINT 427 point-0000427 deposition - -
G1 A14.690277 C0.000000 X235.406745 Y317.036301 Z-195.535248 E15.823051898649 F1200.000000
; PC05 POINT 428 point-0000428 deposition - -
G1 A14.690277 C0.000000 X235.283005 Y316.676390 Z-195.535248 E15.823037263367 F1200.000000
; PC05 POINT 429 point-0000429 deposition - -
G1 A14.690277 C0.000000 X235.168120 Y316.313555 Z-195.535248 E15.823031289859 F1200.000000
; PC05 POINT 430 point-0000430 deposition - -
G1 A14.690277 C0.000000 X235.062159 Y315.948014 Z-195.535248 E15.823036592766 F1200.000000
; PC05 POINT 431 point-0000431 deposition - -
G1 A14.690277 C0.000000 X234.965187 Y315.579987 Z-195.535248 E15.823050421164 F1200.000000
; PC05 POINT 432 point-0000432 deposition - -
G1 A14.690277 C0.000000 X234.877261 Y315.209693 Z-195.535248 E15.823064609257 F1200.000000
; PC05 POINT 433 point-0000433 deposition - -
G1 A14.690277 C0.000000 X234.798436 Y314.837356 Z-195.535248 E15.823065461817 F1200.000000
; PC05 POINT 434 point-0000434 deposition - -
G1 A14.690277 C0.000000 X234.728758 Y314.463200 Z-195.535248 E15.823035975403 F1200.000000
; PC05 POINT 435 point-0000435 deposition - -
G1 A14.690277 C0.000000 X234.668270 Y314.087450 Z-195.535248 E15.823010936818 F1200.000000
; PC05 POINT 436 point-0000436 deposition - -
G1 A14.690277 C0.000000 X234.617009 Y313.710330 Z-195.535248 E15.822975110538 F1200.000000
; PC05 POINT 437 point-0000437 deposition - -
G1 A14.690277 C0.000000 X234.575006 Y313.332068 Z-195.535248 E15.822968609931 F1200.000000
; PC05 POINT 438 point-0000438 deposition - -
G1 A14.690277 C0.000000 X234.542286 Y312.952890 Z-195.535248 E15.822967529674 F1200.000000
; PC05 POINT 439 point-0000439 deposition - -
G1 A14.690277 C0.000000 X234.518870 Y312.573025 Z-195.535248 E15.822967043152 F1200.000000
; PC05 POINT 440 point-0000440 deposition - -
G1 A14.690277 C0.000000 X234.504772 Y312.192699 Z-195.535248 E15.822966873292 F1200.000000
; PC05 POINT 441 point-0000441 deposition - -
G1 A14.690277 C0.000000 X234.500001 Y311.812142 Z-195.535248 E15.822974600462 F1200.000000
; PC05 POINT 442 point-0000442 deposition - -
G1 A14.690277 C0.000000 X234.504560 Y311.431581 Z-195.535248 E15.823013078218 F1200.000000
; PC05 POINT 443 point-0000443 deposition - -
G1 A14.690277 C0.000000 X234.518447 Y311.051246 Z-195.535248 E15.823041642241 F1200.000000
; PC05 POINT 444 point-0000444 deposition - -
G1 A14.690277 C0.000000 X234.541655 Y310.671364 Z-195.535248 E15.823072892334 F1200.000000
; PC05 POINT 445 point-0000445 deposition - -
G1 A14.690277 C0.000000 X234.574169 Y310.292166 Z-195.535248 E15.823071328869 F1200.000000
; PC05 POINT 446 point-0000446 deposition - -
G1 A14.690277 C0.000000 X234.615971 Y309.913880 Z-195.535248 E15.823055454251 F1200.000000
; PC05 POINT 447 point-0000447 deposition - -
G1 A14.690277 C0.000000 X234.667037 Y309.536733 Z-195.535248 E15.823039529928 F1200.000000
; PC05 POINT 448 point-0000448 deposition - -
G1 A14.690277 C0.000000 X234.727335 Y309.160951 Z-195.535248 E15.823032174482 F1200.000000
; PC05 POINT 449 point-0000449 deposition - -
G1 A14.690277 C0.000000 X234.796830 Y308.786761 Z-195.535248 E15.823036460666 F1200.000000
; PC05 POINT 450 point-0000450 deposition - -
G1 A14.690277 C0.000000 X234.875481 Y308.414388 Z-195.535248 E15.823049945449 F1200.000000
; PC05 POINT 451 point-0000451 deposition - -
G1 A14.690277 C0.000000 X234.963241 Y308.044055 Z-195.535248 E15.823064632815 F1200.000000
; PC05 POINT 452 point-0000452 deposition - -
G1 A14.690277 C0.000000 X235.060058 Y307.675986 Z-195.535248 E15.823066869581 F1200.000000
; PC05 POINT 453 point-0000453 deposition - -
G1 A14.690277 C0.000000 X235.165873 Y307.310403 Z-195.535248 E15.823037397772 F1200.000000
; PC05 POINT 454 point-0000454 deposition - -
G1 A14.690277 C0.000000 X235.280625 Y306.947525 Z-195.535248 E15.823056102506 F1200.000000
; PC05 POINT 455 point-0000455 deposition - -
G1 A14.690277 C0.000000 X235.404243 Y306.587571 Z-195.535248 E15.823085739218 F1200.000000
; PC05 POINT 456 point-0000456 deposition - -
G1 A14.690277 C0.000000 X235.536655 Y306.230756 Z-195.535248 E15.823148761412 F1200.000000
; PC05 POINT 457 point-0000457 deposition - -
G1 A14.690277 C0.000000 X235.677781 Y305.877296 Z-195.535248 E15.823186358317 F1200.000000
; PC05 POINT 458 point-0000458 deposition - -
G1 A14.690277 C0.000000 X235.827536 Y305.527405 Z-195.535248 E15.823178907287 F1200.000000
; PC05 POINT 459 point-0000459 deposition - -
G1 A14.690277 C0.000000 X235.985831 Y305.181295 Z-195.535248 E15.823150478583 F1200.000000
; PC05 POINT 460 point-0000460 deposition - -
G1 A14.690277 C0.000000 X236.152570 Y304.839173 Z-195.535248 E15.823119220922 F1200.000000
; PC05 POINT 461 point-0000461 deposition - -
G1 A14.690277 C0.000000 X236.327653 Y304.501246 Z-195.535248 E15.823097576341 F1200.000000
; PC05 POINT 462 point-0000462 deposition - -
G1 A14.690277 C0.000000 X236.510975 Y304.167717 Z-195.535248 E15.823092428997 F1200.000000
; PC05 POINT 463 point-0000463 deposition - -
G1 A14.690277 C0.000000 X236.702428 Y303.838787 Z-195.535248 E15.823105186800 F1200.000000
; PC05 POINT 464 point-0000464 deposition - -
G1 A14.690277 C0.000000 X236.901894 Y303.514653 Z-195.535248 E15.823131795291 F1200.000000
; PC05 POINT 465 point-0000465 deposition - -
G1 A14.690277 C0.000000 X237.109256 Y303.195512 Z-195.535248 E15.823162683631 F1200.000000
; PC05 POINT 466 point-0000466 deposition - -
G1 A14.690277 C0.000000 X237.324389 Y302.881556 Z-195.535248 E15.823182643117 F1200.000000
; PC05 POINT 467 point-0000467 deposition - -
G1 A14.690277 C0.000000 X237.547162 Y302.572975 Z-195.535248 E15.823170639082 F1200.000000
; PC05 POINT 468 point-0000468 deposition - -
G1 A14.690277 C0.000000 X237.777440 Y302.269956 Z-195.535248 E15.823099557578 F1200.000000
; PC05 POINT 469 point-0000469 deposition - -
G1 A14.690277 C0.000000 X238.015086 Y301.972682 Z-195.535248 E15.823017036422 F1200.000000
; PC05 POINT 470 point-0000470 deposition - -
G1 A14.690277 C0.000000 X238.259957 Y301.681331 Z-195.535248 E15.822978207849 F1200.000000
; PC05 POINT 471 point-0000471 deposition - -
G1 A14.690277 C0.000000 X238.511905 Y301.396079 Z-195.535248 E15.822989871948 F1200.000000
; PC05 POINT 472 point-0000472 deposition - -
G1 A14.690277 C0.000000 X238.770780 Y301.117098 Z-195.535248 E15.822986374552 F1200.000000
; PC05 POINT 473 point-0000473 deposition - -
G1 A14.690277 C0.000000 X239.036425 Y300.844556 Z-195.535248 E15.822975721102 F1200.000000
; PC05 POINT 474 point-0000474 deposition - -
G1 A14.690277 C0.000000 X239.308681 Y300.578617 Z-195.535248 E15.822968255156 F1200.000000
; PC05 POINT 475 point-0000475 deposition - -
G1 A14.690277 C0.000000 X239.587384 Y300.319443 Z-195.535248 E15.822968782222 F1200.000000
; PC05 POINT 476 point-0000476 deposition - -
G1 A14.690277 C0.000000 X239.872365 Y300.067189 Z-195.535248 E15.822976540210 F1200.000000
; PC05 POINT 477 point-0000477 deposition - -
G1 A14.690277 C0.000000 X240.163454 Y299.822007 Z-195.535248 E15.822985202310 F1200.000000
; PC05 POINT 478 point-0000478 deposition - -
G1 A14.690277 C0.000000 X240.460475 Y299.584047 Z-195.535248 E15.822982912294 F1200.000000
; PC05 POINT 479 point-0000479 deposition - -
G1 A14.690277 C0.000000 X240.763249 Y299.353451 Z-195.535248 E15.822958513963 F1200.000000
; PC05 POINT 480 point-0000480 deposition - -
G1 A14.690277 C0.000000 X241.071592 Y299.130359 Z-195.535248 E15.822942819314 F1200.000000
; PC05 POINT 481 point-0000481 deposition - -
G1 A14.690277 C0.000000 X241.385321 Y298.914905 Z-195.535248 E15.822943479806 F1200.000000
; PC05 POINT 482 point-0000482 deposition - -
G1 A14.690277 C0.000000 X241.704246 Y298.707220 Z-195.535248 E15.822940650379 F1200.000000
; PC05 POINT 483 point-0000483 deposition - -
G1 A14.690277 C0.000000 X242.028174 Y298.507428 Z-195.535248 E15.822936982387 F1200.000000
; PC05 POINT 484 point-0000484 deposition - -
G1 A14.690277 C0.000000 X242.356910 Y298.315651 Z-195.535248 E15.822937266176 F1200.000000
; PC05 POINT 485 point-0000485 deposition - -
G1 A14.690277 C0.000000 X242.690256 Y298.132005 Z-195.535248 E15.822940473117 F1200.000000
; PC05 POINT 486 point-0000486 deposition - -
G1 A14.690277 C0.000000 X243.028012 Y297.956600 Z-195.535248 E15.822939764214 F1200.000000
; PC05 POINT 487 point-0000487 deposition - -
G1 A14.690277 C0.000000 X243.369974 Y297.789541 Z-195.535248 E15.822992017656 F1200.000000
; PC05 POINT 488 point-0000488 deposition - -
G1 A14.690277 C0.000000 X243.715941 Y297.630928 Z-195.535248 E15.823225171440 F1200.000000
; PC05 POINT 489 point-0000489 deposition - -
G1 A14.690277 C0.000000 X244.065704 Y297.480858 Z-195.535248 E15.823420594126 F1200.000000
; PC05 POINT 490 point-0000490 deposition - -
G1 A14.690277 C0.000000 X244.419048 Y297.339422 Z-195.535248 E15.823498498748 F1200.000000
; PC05 POINT 491 point-0000491 deposition - -
G1 A14.690277 C0.000000 X244.775759 Y297.206707 Z-195.535248 E15.823498137451 F1200.000000
; PC05 POINT 492 point-0000492 deposition - -
G1 A14.690277 C0.000000 X245.135621 Y297.082793 Z-195.535248 E15.823452156178 F1200.000000
; PC05 POINT 493 point-0000493 deposition - -
G1 A14.690277 C0.000000 X245.498416 Y296.967755 Z-195.535248 E15.823386971737 F1200.000000
; PC05 POINT 494 point-0000494 deposition - -
G1 A14.690277 C0.000000 X245.863926 Y296.861662 Z-195.535248 E15.823323087379 F1200.000000
; PC05 POINT 495 point-0000495 deposition - -
G1 A14.690277 C0.000000 X246.231930 Y296.764579 Z-195.535248 E15.823275344554 F1200.000000
; PC05 POINT 496 point-0000496 deposition - -
G1 A14.690277 C0.000000 X246.602207 Y296.676564 Z-195.535248 E15.823253108996 F1200.000000
; PC05 POINT 497 point-0000497 deposition - -
G1 A14.690277 C0.000000 X246.974534 Y296.597669 Z-195.535248 E15.823260389772 F1200.000000
; PC05 POINT 498 point-0000498 deposition - -
G1 A14.690277 C0.000000 X247.348687 Y296.527943 Z-195.535248 E15.823295890435 F1200.000000
; PC05 POINT 499 point-0000499 deposition - -
G1 A14.690277 C0.000000 X247.724441 Y296.467428 Z-195.535248 E15.823352991897 F1200.000000
; PC05 POINT 500 point-0000500 deposition - -
G1 A14.690277 C0.000000 X248.101570 Y296.416159 Z-195.535248 E15.823419667159 F1200.000000
; PC05 POINT 501 point-0000501 deposition - -
G1 A14.690277 C0.000000 X248.479846 Y296.374169 Z-195.535248 E15.823478328506 F1200.000000
; PC05 POINT 502 point-0000502 deposition - -
G1 A14.690277 C0.000000 X248.859040 Y296.341483 Z-195.535248 E15.823505608293 F1200.000000
; PC05 POINT 503 point-0000503 deposition - -
G1 A14.690277 C0.000000 X249.238921 Y296.318120 Z-195.535248 E15.823472074921 F1200.000000
; PC05 POINT 504 point-0000504 deposition - -
G1 A14.690277 C0.000000 X249.619259 Y296.304096 Z-195.535248 E15.823341886102 F1200.000000
; PC05 POINT 505 point-0000505 deposition - -
G1 A14.690277 C0.000000 X249.999820 Y296.299417 Z-195.535248 E15.823077718113 F1200.000000
; PC05 POINT 506 point-0000506 deposition - -
G1 A14.690277 C0.000000 X250.380387 Y296.304087 Z-195.535248 E15.823331556099 F1200.000000
; PC05 POINT 507 point-0000507 deposition - -
G1 A14.690277 C0.000000 X250.760737 Y296.318104 Z-195.535248 E15.823835745283 F1200.000000
; PC05 POINT 508 point-0000508 deposition - -
G1 A14.690277 C0.000000 X251.140634 Y296.341459 Z-195.535248 E15.824127093746 F1200.000000
; PC05 POINT 509 point-0000509 deposition - -
G1 A14.690277 C0.000000 X251.519847 Y296.374139 Z-195.535248 E15.824258972879 F1200.000000
; PC05 POINT 510 point-0000510 deposition - -
G1 A14.690277 C0.000000 X251.898142 Y296.416124 Z-195.535248 E15.824277434652 F1200.000000
; PC05 POINT 511 point-0000511 deposition - -
G1 A14.690277 C0.000000 X252.275291 Y296.467388 Z-195.535248 E15.824221674442 F1200.000000
; PC05 POINT 512 point-0000512 deposition - -
G1 A14.690277 C0.000000 X252.651065 Y296.527900 Z-195.535248 E15.824124441230 F1200.000000
; PC05 POINT 513 point-0000513 deposition - -
G1 A14.690277 C0.000000 X253.025237 Y296.597623 Z-195.535248 E15.824012392354 F1200.000000
; PC05 POINT 514 point-0000514 deposition - -
G1 A14.690277 C0.000000 X253.397580 Y296.676516 Z-195.535248 E15.823906390436 F1200.000000
; PC05 POINT 515 point-0000515 deposition - -
G1 A14.690277 C0.000000 X253.767871 Y296.764529 Z-195.535248 E15.823821740509 F1200.000000
; PC05 POINT 516 point-0000516 deposition - -
G1 A14.690277 C0.000000 X254.135888 Y296.861611 Z-195.535248 E15.823768365782 F1200.000000
; PC05 POINT 517 point-0000517 deposition - -
G1 A14.690277 C0.000000 X254.501409 Y296.967701 Z-195.535248 E15.823750920917 F1200.000000
; PC05 POINT 518 point-0000518 deposition - -
G1 A14.690277 C0.000000 X254.864214 Y297.082738 Z-195.535248 E15.823768842107 F1200.000000
; PC05 POINT 519 point-0000519 deposition - -
G1 A14.690277 C0.000000 X255.224086 Y297.206651 Z-195.535248 E15.823816333671 F1200.000000
; PC05 POINT 520 point-0000520 deposition - -
G1 A14.690277 C0.000000 X255.580807 Y297.339366 Z-195.535248 E15.823882291323 F1200.000000
; PC05 POINT 521 point-0000521 deposition - -
G1 A14.690277 C0.000000 X255.934163 Y297.480802 Z-195.535248 E15.823950162676 F1200.000000
; PC05 POINT 522 point-0000522 deposition - -
G1 A14.690277 C0.000000 X256.283939 Y297.630875 Z-195.535248 E15.823997745990 F1200.000000
; PC05 POINT 523 point-0000523 deposition - -
G1 A14.690277 C0.000000 X256.629924 Y297.789493 Z-195.535248 E15.823996928578 F1200.000000
; PC05 POINT 524 point-0000524 deposition - -
G1 A14.690277 C0.000000 X256.971908 Y297.956559 Z-195.535248 E15.823920318894 F1200.000000
; PC05 POINT 525 point-0000525 deposition - -
G1 A14.690277 C0.000000 X257.309685 Y298.131974 Z-195.535248 E15.823930982566 F1200.000000
; PC05 POINT 526 point-0000526 deposition - -
G1 A14.690277 C0.000000 X257.643054 Y298.315631 Z-195.535248 E15.823969913090 F1200.000000
; PC05 POINT 527 point-0000527 deposition - -
G1 A14.690277 C0.000000 X257.971812 Y298.507420 Z-195.535248 E15.823953574527 F1200.000000
; PC05 POINT 528 point-0000528 deposition - -
G1 A14.690277 C0.000000 X258.295759 Y298.707223 Z-195.535248 E15.823864015351 F1200.000000
; PC05 POINT 529 point-0000529 deposition - -
G1 A14.690277 C0.000000 X258.614698 Y298.914918 Z-195.535248 E15.823676796894 F1200.000000
; PC05 POINT 530 point-0000530 deposition - -
G1 A14.690277 C0.000000 X258.928434 Y299.130378 Z-195.535248 E15.823360733520 F1200.000000
; PC05 POINT 531 point-0000531 deposition - -
G1 A14.690277 C0.000000 X259.236779 Y299.353471 Z-195.535248 E15.822981401145 F1200.000000
; PC05 POINT 532 point-0000532 deposition - -
G1 A14.690277 C0.000000 X259.539551 Y299.584067 Z-195.535248 E15.822949637531 F1200.000000
; PC05 POINT 533 point-0000533 deposition - -
G1 A14.690277 C0.000000 X259.836572 Y299.822029 Z-195.535248 E15.822974035661 F1200.000000
; PC05 POINT 534 point-0000534 deposition - -
G1 A14.690277 C0.000000 X260.127660 Y300.067210 Z-195.535248 E15.822976328311 F1200.000000
; PC05 POINT 535 point-0000535 deposition - -
G1 A14.690277 C0.000000 X260.412641 Y300.319465 Z-195.535248 E15.822967667185 F1200.000000
; PC05 POINT 536 point-0000536 deposition - -
G1 A14.690277 C0.000000 X260.691343 Y300.578640 Z-195.535248 E15.822959909013 F1200.000000
; PC05 POINT 537 point-0000537 deposition - -
G1 A14.690277 C0.000000 X260.963598 Y300.844579 Z-195.535248 E15.822959381136 F1200.000000
; PC05 POINT 538 point-0000538 deposition - -
G1 A14.690277 C0.000000 X261.229242 Y301.117121 Z-195.535248 E15.822966846190 F1200.000000
; PC05 POINT 539 point-0000539 deposition - -
G1 A14.690277 C0.000000 X261.488116 Y301.396103 Z-195.535248 E15.822977499229 F1200.000000
; PC05 POINT 540 point-0000540 deposition - -
G1 A14.690277 C0.000000 X261.740064 Y301.681355 Z-195.535248 E15.822980997271 F1200.000000
; PC05 POINT 541 point-0000541 deposition - -
G1 A14.690277 C0.000000 X261.984934 Y301.972706 Z-195.535248 E15.822969334679 F1200.000000
; PC05 POINT 542 point-0000542 deposition - -
G1 A14.690277 C0.000000 X262.222579 Y302.269981 Z-195.535248 E15.823008164440 F1200.000000
; PC05 POINT 543 point-0000543 deposition - -
G1 A14.690277 C0.000000 X262.452857 Y302.573000 Z-195.535248 E15.823090667074 F1200.000000
; PC05 POINT 544 point-0000544 deposition - -
G1 A14.690277 C0.000000 X262.675629 Y302.881582 Z-195.535248 E15.823161757606 F1200.000000
; PC05 POINT 545 point-0000545 deposition - -
G1 A14.690277 C0.000000 X262.890761 Y303.195538 Z-195.535248 E15.823173767517 F1200.000000
; PC05 POINT 546 point-0000546 deposition - -
G1 A14.690277 C0.000000 X263.098122 Y303.514679 Z-195.535248 E15.823153811300 F1200.000000
; PC05 POINT 547 point-0000547 deposition - -
G1 A14.690277 C0.000000 X263.297588 Y303.838813 Z-195.535248 E15.823122924153 F1200.000000
; PC05 POINT 548 point-0000548 deposition - -
G1 A14.690277 C0.000000 X263.489039 Y304.167743 Z-195.535248 E15.823096315303 F1200.000000
; PC05 POINT 549 point-0000549 deposition - -
G1 A14.690277 C0.000000 X263.672361 Y304.501272 Z-195.535248 E15.823083556109 F1200.000000
; PC05 POINT 550 point-0000550 deposition - -
G1 A14.690277 C0.000000 X263.847444 Y304.839199 Z-195.535248 E15.823088701558 F1200.000000
; PC05 POINT 551 point-0000551 deposition - -
G1 A14.690277 C0.000000 X264.014182 Y305.181321 Z-195.535248 E15.823110344271 F1200.000000
; PC05 POINT 552 point-0000552 deposition - -
G1 A14.690277 C0.000000 X264.172476 Y305.527432 Z-195.535248 E15.823141600646 F1200.000000
; PC05 POINT 553 point-0000553 deposition - -
G1 A14.690277 C0.000000 X264.322230 Y305.877323 Z-195.535248 E15.823170029218 F1200.000000
; PC05 POINT 554 point-0000554 deposition - -
G1 A14.690277 C0.000000 X264.463356 Y306.230783 Z-195.535248 E15.823177481872 F1200.000000
; PC05 POINT 555 point-0000555 deposition - -
G1 A14.690277 C0.000000 X264.595767 Y306.587598 Z-195.535248 E15.823139888988 F1200.000000
; PC05 POINT 556 point-0000556 deposition - -
G1 A14.690277 C0.000000 X264.719384 Y306.947552 Z-195.535248 E15.823076870995 F1200.000000
; PC05 POINT 557 point-0000557 deposition - -
G1 A14.690277 C0.000000 X264.834135 Y307.310430 Z-195.535248 E15.823047242528 F1200.000000
; PC05 POINT 558 point-0000558 deposition - -
G1 A14.690277 C0.000000 X264.939949 Y307.676013 Z-195.535248 E15.823028516520 F1200.000000
; PC05 POINT 559 point-0000559 deposition - -
G1 A14.690277 C0.000000 X265.036765 Y308.044082 Z-195.535248 E15.823057992337 F1200.000000
; PC05 POINT 560 point-0000560 deposition - -
G1 A14.690277 C0.000000 X265.124525 Y308.414415 Z-195.535248 E15.823055758775 F1200.000000
; PC05 POINT 561 point-0000561 deposition - -
G1 A14.690277 C0.000000 X265.203175 Y308.786788 Z-195.535248 E15.823041072772 F1200.000000
; PC05 POINT 562 point-0000562 deposition - -
G1 A14.690277 C0.000000 X265.272670 Y309.160978 Z-195.535248 E15.823027588005 F1200.000000
; PC05 POINT 563 point-0000563 deposition - -
G1 A14.690277 C0.000000 X265.332967 Y309.536759 Z-195.535248 E15.823023300977 F1200.000000
; PC05 POINT 564 point-0000564 deposition - -
G1 A14.690277 C0.000000 X265.384032 Y309.913906 Z-195.535248 E15.823030655213 F1200.000000
; PC05 POINT 565 point-0000565 deposition - -
G1 A14.690277 C0.000000 X265.425833 Y310.292193 Z-195.535248 E15.823046578463 F1200.000000
; PC05 POINT 566 point-0000566 deposition - -
G1 A14.690277 C0.000000 X265.458347 Y310.671391 Z-195.535248 E15.823062452668 F1200.000000
; PC05 POINT 567 point-0000567 deposition - -
G1 A14.690277 C0.000000 X265.481554 Y311.051272 Z-195.535248 E15.823064016924 F1200.000000
; PC05 POINT 568 point-0000568 deposition - -
G1 A14.690277 C0.000000 X265.495441 Y311.431607 Z-195.535248 E15.823032769140 F1200.000000
; PC05 POINT 569 point-0000569 deposition - -
G1 A14.690277 C0.000000 X265.499999 Y311.812167 Z-195.535248 E15.823004208222 F1200.000000
; PC05 POINT 570 point-0000570 deposition - -
G1 A14.690277 C0.000000 X265.495228 Y312.192724 Z-195.535248 E15.822965731201 F1200.000000
; PC05 POINT 571 point-0000571 deposition - -
G1 A14.690277 C0.000000 X265.481129 Y312.573050 Z-195.535248 E15.822957999194 F1200.000000
; PC05 POINT 572 point-0000572 deposition - -
G1 A14.690277 C0.000000 X265.457712 Y312.952916 Z-195.535248 E15.822958169526 F1200.000000
; PC05 POINT 573 point-0000573 deposition - -
G1 A14.690277 C0.000000 X265.424991 Y313.332093 Z-195.535248 E15.822958655934 F1200.000000
; PC05 POINT 574 point-0000574 deposition - -
G1 A14.690277 C0.000000 X265.382988 Y313.710355 Z-195.535248 E15.822959735951 F1200.000000
; PC05 POINT 575 point-0000575 deposition - -
G1 A14.690277 C0.000000 X265.331726 Y314.087474 Z-195.535248 E15.822966236158 F1200.000000
; PC05 POINT 576 point-0000576 deposition - -
G1 A14.690277 C0.000000 X265.271238 Y314.463224 Z-195.535248 E15.823002062730 F1200.000000
; PC05 POINT 577 point-0000577 deposition - -
G1 A14.690277 C0.000000 X265.201559 Y314.837380 Z-195.535248 E15.823027096653 F1200.000000
; PC05 POINT 578 point-0000578 deposition - -
G1 A14.690277 C0.000000 X265.122733 Y315.209716 Z-195.535248 E15.823056584710 F1200.000000
; PC05 POINT 579 point-0000579 deposition - -
G1 A14.690277 C0.000000 X265.034807 Y315.580010 Z-195.535248 E15.823055734642 F1200.000000
; PC05 POINT 580 point-0000580 deposition - -
G1 A14.690277 C0.000000 X264.937835 Y315.948037 Z-195.535248 E15.823041547678 F1200.000000
; PC05 POINT 581 point-0000581 deposition - -
G1 A14.690277 C0.000000 X264.831873 Y316.313577 Z-195.535248 E15.823027719393 F1200.000000
; PC05 POINT 582 point-0000582 deposition - -
G1 A14.690277 C0.000000 X264.716988 Y316.676412 Z-195.535248 E15.823022415932 F1200.000000
; PC05 POINT 583 point-0000583 deposition - -
G1 A14.690277 C0.000000 X264.593247 Y317.036323 Z-195.535248 E15.823028388575 F1200.000000
; PC05 POINT 584 point-0000584 deposition - -
G1 A14.690277 C0.000000 X264.460726 Y317.393094 Z-195.535248 E15.823043023048 F1200.000000
; PC05 POINT 585 point-0000585 deposition - -
G1 A14.690277 C0.000000 X264.319504 Y317.746512 Z-195.535248 E15.823058323268 F1200.000000
; PC05 POINT 586 point-0000586 deposition - -
G1 A14.690277 C0.000000 X264.169665 Y318.096364 Z-195.535248 E15.823060829696 F1200.000000
; PC05 POINT 587 point-0000587 deposition - -
G1 A14.690277 C0.000000 X264.011301 Y318.442440 Z-195.535248 E15.823031472931 F1200.000000
; PC05 POINT 588 point-0000588 deposition - -
G1 A14.690277 C0.000000 X263.844506 Y318.784531 Z-195.535248 E15.822996730751 F1200.000000
; PC05 POINT 589 point-0000589 deposition - -
G1 A14.690277 C0.000000 X263.669380 Y319.122433 Z-195.535248 E15.822991213737 F1200.000000
; PC05 POINT 590 point-0000590 deposition - -
G1 A14.690277 C0.000000 X263.486029 Y319.455945 Z-195.535248 E15.823032728296 F1200.000000
; PC05 POINT 591 point-0000591 deposition - -
G1 A14.690277 C0.000000 X263.294562 Y319.784865 Z-195.535248 E15.823043623610 F1200.000000
; PC05 POINT 592 point-0000592 deposition - -
G1 A14.690277 C0.000000 X263.095094 Y320.108994 Z-195.535248 E15.823036629015 F1200.000000
; PC05 POINT 593 point-0000593 deposition - -
G1 A14.690277 C0.000000 X262.887744 Y320.428140 Z-195.535248 E15.823024916217 F1200.000000
; PC05 POINT 594 point-0000594 deposition - -
G1 A14.690277 C0.000000 X262.672638 Y320.742109 Z-195.535248 E15.823016116803 F1200.000000
; PC05 POINT 595 point-0000595 deposition - -
G1 A14.690277 C0.000000 X262.449904 Y321.050714 Z-195.535248 E15.823012431021 F1200.000000
; PC05 POINT 596 point-0000596 deposition - -
G1 A14.690277 C0.000000 X262.219675 Y321.353768 Z-195.535248 E15.823010719485 F1200.000000
; PC05 POINT 597 point-0000597 deposition - -
G1 A14.690277 C0.000000 X261.982089 Y321.651089 Z-195.535248 E15.823004321571 F1200.000000
; PC05 POINT 598 point-0000598 deposition - -
G1 A14.690277 C0.000000 X261.737289 Y321.942500 Z-195.535248 E15.823018366957 F1200.000000
; PC05 POINT 599 point-0000599 deposition - -
G1 A14.690277 C0.000000 X261.485420 Y322.227824 Z-195.535248 E15.823031556332 F1200.000000
; PC05 POINT 600 point-0000600 deposition - -
G1 A14.690277 C0.000000 X261.226634 Y322.506889 Z-195.535248 E15.823029345811 F1200.000000
; PC05 POINT 601 point-0000601 deposition - -
G1 A14.690277 C0.000000 X260.961086 Y322.779527 Z-195.535248 E15.823006207924 F1200.000000
; PC05 POINT 602 point-0000602 deposition - -
G1 A14.690277 C0.000000 X260.688935 Y323.045572 Z-195.535248 E15.822957985485 F1200.000000
; PC05 POINT 603 point-0000603 deposition - -
G1 A14.690277 C0.000000 X260.410344 Y323.304866 Z-195.535248 E15.822946957311 F1200.000000
; PC05 POINT 604 point-0000604 deposition - -
G1 A14.690277 C0.000000 X260.125480 Y323.557251 Z-195.535248 E15.822947972583 F1200.000000
; PC05 POINT 605 point-0000605 deposition - -
G1 A14.690277 C0.000000 X259.834512 Y323.802575 Z-195.535248 E15.822944776854 F1200.000000
; PC05 POINT 606 point-0000606 deposition - -
G1 A14.690277 C0.000000 X259.537616 Y324.040690 Z-195.535248 E15.822935732398 F1200.000000
; PC05 POINT 607 point-0000607 deposition - -
G1 A14.690277 C0.000000 X259.234969 Y324.271450 Z-195.535248 E15.822939446188 F1200.000000
; PC05 POINT 608 point-0000608 deposition - -
G1 A14.690277 C0.000000 X258.926751 Y324.494718 Z-195.535248 E15.822943592209 F1200.000000
; PC05 POINT 609 point-0000609 deposition - -
G1 A14.690277 C0.000000 X258.613150 Y324.710356 Z-195.535248 E15.822939639728 F1200.000000
; PC05 POINT 610 point-0000610 deposition - -
G1 A14.690277 C0.000000 X258.294351 Y324.918233 Z-195.535248 E15.822935147263 F1200.000000
; PC05 POINT 611 point-0000611 deposition - -
G1 A14.690277 C0.000000 X257.970546 Y325.118225 Z-195.535248 E15.822934486558 F1200.000000
; PC05 POINT 612 point-0000612 deposition - -
G1 A14.690277 C0.000000 X257.641930 Y325.310207 Z-195.535248 E15.822936458136 F1200.000000
; PC05 POINT 613 point-0000613 deposition - -
G1 A14.690277 C0.000000 X257.308700 Y325.494065 Z-195.535248 E15.822934316969 F1200.000000
; PC05 POINT 614 point-0000614 deposition - -
G1 A14.690277 C0.000000 X256.971054 Y325.669686 Z-195.535248 E15.823020974202 F1200.000000
; PC05 POINT 615 point-0000615 deposition - -
G1 A14.690277 C0.000000 X256.629190 Y325.836964 Z-195.535248 E15.823345887615 F1200.000000
; PC05 POINT 616 point-0000616 deposition - -
G1 A14.690277 C0.000000 X256.283314 Y325.995798 Z-195.535248 E15.823609419817 F1200.000000
; PC05 POINT 617 point-0000617 deposition - -
G1 A14.690277 C0.000000 X255.933638 Y326.146087 Z-195.535248 E15.823727298994 F1200.000000
; PC05 POINT 618 point-0000618 deposition - -
G1 A14.690277 C0.000000 X255.580374 Y326.287738 Z-195.535248 E15.823743889087 F1200.000000
; PC05 POINT 619 point-0000619 deposition - -
G1 A14.690277 C0.000000 X255.223736 Y326.420664 Z-195.535248 E15.823696799111 F1200.000000
; PC05 POINT 620 point-0000620 deposition - -
G1 A14.690277 C0.000000 X254.863940 Y326.544782 Z-195.535248 E15.823617241041 F1200.000000
; PC05 POINT 621 point-0000621 deposition - -
G1 A14.690277 C0.000000 X254.501204 Y326.660017 Z-195.535248 E15.823530325886 F1200.000000
; PC05 POINT 622 point-0000622 deposition - -
G1 A14.690277 C0.000000 X254.135745 Y326.766297 Z-195.535248 E15.823455295564 F1200.000000
; PC05 POINT 623 point-0000623 deposition - -
G1 A14.690277 C0.000000 X253.767784 Y326.863556 Z-195.535248 E15.823405688709 F1200.000000
; PC05 POINT 624 point-0000624 deposition - -
G1 A14.690277 C0.000000 X253.397543 Y326.951736 Z-195.535248 E15.823389439009 F1200.000000
; PC05 POINT 625 point-0000625 deposition - -
G1 A14.690277 C0.000000 X253.025245 Y327.030782 Z-195.535248 E15.823408905175 F1200.000000
; PC05 POINT 626 point-0000626 deposition - -
G1 A14.690277 C0.000000 X252.651113 Y327.100644 Z-195.535248 E15.823460832166 F1200.000000
; PC05 POINT 627 point-0000627 deposition - -
G1 A14.690277 C0.000000 X252.275373 Y327.161279 Z-195.535248 E15.823536243765 F1200.000000
; PC05 POINT 628 point-0000628 deposition - -
G1 A14.690277 C0.000000 X251.898253 Y327.212651 Z-195.535248 E15.823620267142 F1200.000000
; PC05 POINT 629 point-0000629 deposition - -
G1 A14.690277 C0.000000 X251.519982 Y327.254725 Z-195.535248 E15.823691890526 F1200.000000
; PC05 POINT 630 point-0000630 deposition - -
G1 A14.690277 C0.000000 X251.140788 Y327.287477 Z-195.535248 E15.823723655610 F1200.000000
; PC05 POINT 631 point-0000631 deposition - -
G1 A14.690277 C0.000000 X250.760905 Y327.310886 Z-195.535248 E15.823681286832 F1200.000000
; PC05 POINT 632 point-0000632 deposition - -
G1 A14.690277 C0.000000 X250.380564 Y327.324937 Z-195.535248 E15.823523260146 F1200.000000
; PC05 POINT 633 point-0000633 deposition - -
G1 A14.690277 C0.000000 X250.000000 Y327.329621 Z-195.535248 E15.823200314410 F1200.000000
; PC05 EVENT event-0000010 retract
; PC05 EVENT_CONTEXT {"extrusion_length_mm":-1.0,"sequence_index":633}
G1 E-1.000000000000 F3000.000000
; PC05 POINT 634 point-0000634 depart - -
G1 A14.690277 C0.000000 X250.000000 Y327.329621 Z-185.535248 F3000.000000
; PC05 EVENT event-0000011 index_start
; PC05 EVENT_CONTEXT {"sequence_index":634}
G90
G1 Z20.000000 F3000.000000
; PC05 POINT 635 point-0000635 travel - -
G1 A32.318610 C0.000000 X250.000000 Y371.246431 Z-71.943032 F3000.000000
; PC05 EVENT event-0000012 index_end
; PC05 EVENT_CONTEXT {"sequence_index":635}
; PC05 POINT 636 point-0000636 approach - -
G1 A32.318610 C0.000000 X250.000000 Y371.246431 Z-81.943032 F3000.000000
; PC05 EVENT event-0000013 prime
; PC05 EVENT_CONTEXT {"extrusion_length_mm":1.0,"sequence_index":636}
G1 E1.000000000000 F1200.000000
; PC05 POINT 637 point-0000637 deposition - -
G1 A32.318610 C0.000000 X249.619614 Y371.241761 Z-81.943032 E15.815802003258 F1200.000000
; PC05 POINT 638 point-0000638 deposition - -
G1 A32.318610 C0.000000 X249.239453 Y371.227752 Z-81.943032 E15.815994851695 F1200.000000
; PC05 POINT 639 point-0000639 deposition - -
G1 A32.318610 C0.000000 X248.859748 Y371.204412 Z-81.943032 E15.816083325614 F1200.000000
; PC05 POINT 640 point-0000640 deposition - -
G1 A32.318610 C0.000000 X248.480730 Y371.171757 Z-81.943032 E15.816102614338 F1200.000000
; PC05 POINT 641 point-0000641 deposition - -
G1 A32.318610 C0.000000 X248.102629 Y371.129805 Z-81.943032 E15.816081314841 F1200.000000
; PC05 POINT 642 point-0000642 deposition - -
G1 A32.318610 C0.000000 X247.725673 Y371.078583 Z-81.943032 E15.816041762033 F1200.000000
; PC05 POINT 643 point-0000643 deposition - -
G1 A32.318610 C0.000000 X247.350089 Y371.018122 Z-81.943032 E15.816000297134 F1200.000000
; PC05 POINT 644 point-0000644 deposition - -
G1 A32.318610 C0.000000 X246.976104 Y370.948457 Z-81.943032 E15.815967472150 F1200.000000
; PC05 POINT 645 point-0000645 deposition - -
G1 A32.318610 C0.000000 X246.603942 Y370.869632 Z-81.943032 E15.815948188994 F1200.000000
; PC05 POINT 646 point-0000646 deposition - -
G1 A32.318610 C0.000000 X246.233827 Y370.781694 Z-81.943032 E15.815941772230 F1200.000000
; PC05 POINT 647 point-0000647 deposition - -
G1 A32.318610 C0.000000 X245.865983 Y370.684696 Z-81.943032 E15.815941974983 F1200.000000
; PC05 POINT 648 point-0000648 deposition - -
G1 A32.318610 C0.000000 X245.500631 Y370.578697 Z-81.943032 E15.815936917974 F1200.000000
; PC05 POINT 649 point-0000649 deposition - -
G1 A32.318610 C0.000000 X245.137991 Y370.463762 Z-81.943032 E15.815937823384 F1200.000000
; PC05 POINT 650 point-0000650 deposition - -
G1 A32.318610 C0.000000 X244.778281 Y370.339958 Z-81.943032 E15.815979755672 F1200.000000
; PC05 POINT 651 point-0000651 deposition - -
G1 A32.318610 C0.000000 X244.421718 Y370.207362 Z-81.943032 E15.816019297281 F1200.000000
; PC05 POINT 652 point-0000652 deposition - -
G1 A32.318610 C0.000000 X244.068516 Y370.066054 Z-81.943032 E15.816048789933 F1200.000000
; PC05 POINT 653 point-0000653 deposition - -
G1 A32.318610 C0.000000 X243.718889 Y369.916118 Z-81.943032 E15.816056208571 F1200.000000
; PC05 POINT 654 point-0000654 deposition - -
G1 A32.318610 C0.000000 X243.373047 Y369.757647 Z-81.943032 E15.816023533820 F1200.000000
; PC05 POINT 655 point-0000655 deposition - -
G1 A32.318610 C0.000000 X243.031202 Y369.590736 Z-81.943032 E15.815931770658 F1200.000000
; PC05 POINT 656 point-0000656 deposition - -
G1 A32.318610 C0.000000 X242.693554 Y369.415484 Z-81.943032 E15.816013963491 F1200.000000
; PC05 POINT 657 point-0000657 deposition - -
G1 A32.318610 C0.000000 X242.360304 Y369.231997 Z-81.943032 E15.816225675135 F1200.000000
; PC05 POINT 658 point-0000658 deposition - -
G1 A32.318610 C0.000000 X242.031654 Y369.040384 Z-81.943032 E15.816400589835 F1200.000000
; PC05 POINT 659 point-0000659 deposition - -
G1 A32.318610 C0.000000 X241.707804 Y368.840762 Z-81.943032 E15.816477638782 F1200.000000
; PC05 POINT 660 point-0000660 deposition - -
G1 A32.318610 C0.000000 X241.388950 Y368.633253 Z-81.943032 E15.816487403539 F1200.000000
; PC05 POINT 661 point-0000661 deposition - -
G1 A32.318610 C0.000000 X241.075285 Y368.417983 Z-81.943032 E15.816454041226 F1200.000000
; PC05 POINT 662 point-0000662 deposition - -
G1 A32.318610 C0.000000 X240.766998 Y368.195081 Z-81.943032 E15.816395521752 F1200.000000
; PC05 POINT 663 point-0000663 deposition - -
G1 A32.318610 C0.000000 X240.464274 Y367.964683 Z-81.943032 E15.816323853504 F1200.000000
; PC05 POINT 664 point-0000664 deposition - -
G1 A32.318610 C0.000000 X240.167296 Y367.726928 Z-81.943032 E15.816247500696 F1200.000000
; PC05 POINT 665 point-0000665 deposition - -
G1 A32.318610 C0.000000 X239.876243 Y367.481958 Z-81.943032 E15.816187810974 F1200.000000
; PC05 POINT 666 point-0000666 deposition - -
G1 A32.318610 C0.000000 X239.591288 Y367.229922 Z-81.943032 E15.816146623897 F1200.000000
; PC05 POINT 667 point-0000667 deposition - -
G1 A32.318610 C0.000000 X239.312603 Y366.970970 Z-81.943032 E15.816128534602 F1200.000000
; PC05 POINT 668 point-0000668 deposition - -
G1 A32.318610 C0.000000 X239.040355 Y366.705259 Z-81.943032 E15.816135735348 F1200.000000
; PC05 POINT 669 point-0000669 deposition - -
G1 A32.318610 C0.000000 X238.774707 Y366.432948 Z-81.943032 E15.816169388607 F1200.000000
; PC05 POINT 670 point-0000670 deposition - -
G1 A32.318610 C0.000000 X238.515819 Y366.154200 Z-81.943032 E15.816264259674 F1200.000000
; PC05 POINT 671 point-0000671 deposition - -
G1 A32.318610 C0.000000 X238.263845 Y365.869183 Z-81.943032 E15.816357367154 F1200.000000
; PC05 POINT 672 point-0000672 deposition - -
G1 A32.318610 C0.000000 X238.018938 Y365.578069 Z-81.943032 E15.816433418289 F1200.000000
; PC05 POINT 673 point-0000673 deposition - -
G1 A32.318610 C0.000000 X237.781247 Y365.281032 Z-81.943032 E15.816493012848 F1200.000000
; PC05 POINT 674 point-0000674 deposition - -
G1 A32.318610 C0.000000 X237.550913 Y364.978254 Z-81.943032 E15.816530993466 F1200.000000
; PC05 POINT 675 point-0000675 deposition - -
G1 A32.318610 C0.000000 X237.328076 Y364.669915 Z-81.943032 E15.816536377072 F1200.000000
; PC05 POINT 676 point-0000676 deposition - -
G1 A32.318610 C0.000000 X237.112871 Y364.356204 Z-81.943032 E15.816492223882 F1200.000000
; PC05 POINT 677 point-0000677 deposition - -
G1 A32.318610 C0.000000 X236.905428 Y364.037310 Z-81.943032 E15.816375444937 F1200.000000
; PC05 POINT 678 point-0000678 deposition - -
G1 A32.318610 C0.000000 X236.705874 Y363.713428 Z-81.943032 E15.816156549615 F1200.000000
; PC05 POINT 679 point-0000679 deposition - -
G1 A32.318610 C0.000000 X236.514327 Y363.384753 Z-81.943032 E15.815917831261 F1200.000000
; PC05 POINT 680 point-0000680 deposition - -
G1 A32.318610 C0.000000 X236.330889 Y363.051456 Z-81.943032 E15.816960196911 F1200.000000
; PC05 POINT 681 point-0000681 deposition - -
G1 A32.318610 C0.000000 X236.155671 Y362.713734 Z-81.943032 E15.818090683286 F1200.000000
; PC05 POINT 682 point-0000682 deposition - -
G1 A32.318610 C0.000000 X235.988783 Y362.371799 Z-81.943032 E15.818871723159 F1200.000000
; PC05 POINT 683 point-0000683 deposition - -
G1 A32.318610 C0.000000 X235.830329 Y362.025860 Z-81.943032 E15.819418080935 F1200.000000
; PC05 POINT 684 point-0000684 deposition - -
G1 A32.318610 C0.000000 X235.680408 Y361.676129 Z-81.943032 E15.819778966575 F1200.000000
; PC05 POINT 685 point-0000685 deposition - -
G1 A32.318610 C0.000000 X235.539111 Y361.322821 Z-81.943032 E15.819941652954 F1200.000000
; PC05 POINT 686 point-0000686 deposition - -
G1 A32.318610 C0.000000 X235.406526 Y360.966153 Z-81.943032 E15.819955323234 F1200.000000
; PC05 POINT 687 point-0000687 deposition - -
G1 A32.318610 C0.000000 X235.282734 Y360.606340 Z-81.943032 E15.819861839332 F1200.000000
; PC05 POINT 688 point-0000688 deposition - -
G1 A32.318610 C0.000000 X235.167808 Y360.243602 Z-81.943032 E15.819696255682 F1200.000000
; PC05 POINT 689 point-0000689 deposition - -
G1 A32.318610 C0.000000 X235.061819 Y359.878159 Z-81.943032 E15.819487245976 F1200.000000
; PC05 POINT 690 point-0000690 deposition - -
G1 A32.318610 C0.000000 X234.964831 Y359.510230 Z-81.943032 E15.819257447252 F1200.000000
; PC05 POINT 691 point-0000691 deposition - -
G1 A32.318610 C0.000000 X234.876900 Y359.140037 Z-81.943032 E15.819023725646 F1200.000000
; PC05 POINT 692 point-0000692 deposition - -
G1 A32.318610 C0.000000 X234.798080 Y358.767804 Z-81.943032 E15.818797368077 F1200.000000
; PC05 POINT 693 point-0000693 deposition - -
G1 A32.318610 C0.000000 X234.728418 Y358.393754 Z-81.943032 E15.818584203992 F1200.000000
; PC05 POINT 694 point-0000694 deposition - -
G1 A32.318610 C0.000000 X234.667955 Y358.018112 Z-81.943032 E15.818384661125 F1200.000000
; PC05 POINT 695 point-0000695 deposition - -
G1 A32.318610 C0.000000 X234.616728 Y357.641104 Z-81.943032 E15.818215261099 F1200.000000
; PC05 POINT 696 point-0000696 deposition - -
G1 A32.318610 C0.000000 X234.574766 Y357.262955 Z-81.943032 E15.818125400258 F1200.000000
; PC05 POINT 697 point-0000697 deposition - -
G1 A32.318610 C0.000000 X234.542096 Y356.883890 Z-81.943032 E15.818085315910 F1200.000000
; PC05 POINT 698 point-0000698 deposition - -
G1 A32.318610 C0.000000 X234.518736 Y356.504138 Z-81.943032 E15.818098407651 F1200.000000
; PC05 POINT 699 point-0000699 deposition - -
G1 A32.318610 C0.000000 X234.504701 Y356.123926 Z-81.943032 E15.818165761679 F1200.000000
; PC05 POINT 700 point-0000700 deposition - -
G1 A32.318610 C0.000000 X234.500000 Y355.743480 Z-81.943032 E15.818283441160 F1200.000000
; PC05 POINT 701 point-0000701 deposition - -
G1 A32.318610 C0.000000 X234.504635 Y355.363031 Z-81.943032 E15.818442626417 F1200.000000
; PC05 POINT 702 point-0000702 deposition - -
G1 A32.318610 C0.000000 X234.518605 Y354.982804 Z-81.943032 E15.818665501670 F1200.000000
; PC05 POINT 703 point-0000703 deposition - -
G1 A32.318610 C0.000000 X234.541901 Y354.603028 Z-81.943032 E15.818916694134 F1200.000000
; PC05 POINT 704 point-0000704 deposition - -
G1 A32.318610 C0.000000 X234.574509 Y354.223932 Z-81.943032 E15.819160799341 F1200.000000
; PC05 POINT 705 point-0000705 deposition - -
G1 A32.318610 C0.000000 X234.616412 Y353.845746 Z-81.943032 E15.819394004963 F1200.000000
; PC05 POINT 706 point-0000706 deposition - -
G1 A32.318610 C0.000000 X234.667583 Y353.468696 Z-81.943032 E15.819606802467 F1200.000000
; PC05 POINT 707 point-0000707 deposition - -
G1 A32.318610 C0.000000 X234.727993 Y353.093012 Z-81.943032 E15.819783879308 F1200.000000
; PC05 POINT 708 point-0000708 deposition - -
G1 A32.318610 C0.000000 X234.797605 Y352.718920 Z-81.943032 E15.819903939176 F1200.000000
; PC05 POINT 709 point-0000709 deposition - -
G1 A32.318610 C0.000000 X234.876377 Y352.346649 Z-81.943032 E15.819939445623 F1200.000000
; PC05 POINT 710 point-0000710 deposition - -
G1 A32.318610 C0.000000 X234.964261 Y351.976425 Z-81.943032 E15.819856284361 F1200.000000
; PC05 POINT 711 point-0000711 deposition - -
G1 A32.318610 C0.000000 X235.061204 Y351.608475 Z-81.943032 E15.819613339384 F1200.000000
; PC05 POINT 712 point-0000712 deposition - -
G1 A32.318610 C0.000000 X235.167144 Y351.243025 Z-81.943032 E15.819161978189 F1200.000000
; PC05 POINT 713 point-0000713 deposition - -
G1 A32.318610 C0.000000 X235.282016 Y350.880302 Z-81.943032 E15.818445441378 F1200.000000
; PC05 POINT 714 point-0000714 deposition - -
G1 A32.318610 C0.000000 X235.405746 Y350.520529 Z-81.943032 E15.817447105831 F1200.000000
; PC05 POINT 715 point-0000715 deposition - -
G1 A32.318610 C0.000000 X235.538258 Y350.163928 Z-81.943032 E15.816254343254 F1200.000000
; PC05 POINT 716 point-0000716 deposition - -
G1 A32.318610 C0.000000 X235.679486 Y349.810672 Z-81.943032 E15.816890090604 F1200.000000
; PC05 POINT 717 point-0000717 deposition - -
G1 A32.318610 C0.000000 X235.829351 Y349.460962 Z-81.943032 E15.818062888999 F1200.000000
; PC05 POINT 718 point-0000718 deposition - -
G1 A32.318610 C0.000000 X235.987762 Y349.115017 Z-81.943032 E15.818896679679 F1200.000000
; PC05 POINT 719 point-0000719 deposition - -
G1 A32.318610 C0.000000 X236.154622 Y348.773053 Z-81.943032 E15.819455858240 F1200.000000
; PC05 POINT 720 point-0000720 deposition - -
G1 A32.318610 C0.000000 X236.329828 Y348.435279 Z-81.943032 E15.819795862977 F1200.000000
; PC05 POINT 721 point-0000721 deposition - -
G1 A32.318610 C0.000000 X236.513274 Y348.101904 Z-81.943032 E15.819963874298 F1200.000000
; PC05 POINT 722 point-0000722 deposition - -
G1 A32.318610 C0.000000 X236.704848 Y347.773131 Z-81.943032 E15.819999410117 F1200.000000
; PC05 POINT 723 point-0000723 deposition - -
G1 A32.318610 C0.000000 X236.904433 Y347.449161 Z-81.943032 E15.819934822172 F1200.000000
; PC05 POINT 724 point-0000724 deposition - -
G1 A32.318610 C0.000000 X237.111909 Y347.130190 Z-81.943032 E15.819795698419 F1200.000000
; PC05 POINT 725 point-0000725 deposition - -
G1 A32.318610 C0.000000 X237.327148 Y346.816411 Z-81.943032 E15.819601176738 F1200.000000
; PC05 POINT 726 point-0000726 deposition - -
G1 A32.318610 C0.000000 X237.550020 Y346.508015 Z-81.943032 E15.819364175260 F1200.000000
; PC05 POINT 727 point-0000727 deposition - -
G1 A32.318610 C0.000000 X237.780391 Y346.205187 Z-81.943032 E15.819091544600 F1200.000000
; PC05 POINT 728 point-0000728 deposition - -
G1 A32.318610 C0.000000 X238.018121 Y345.908111 Z-81.943032 E15.818797643843 F1200.000000
; PC05 POINT 729 point-0000729 deposition - -
G1 A32.318610 C0.000000 X238.263068 Y345.616962 Z-81.943032 E15.818584062316 F1200.000000
; PC05 POINT 730 point-0000730 deposition - -
G1 A32.318610 C0.000000 X238.515084 Y345.331917 Z-81.943032 E15.818405232035 F1200.000000
; PC05 POINT 731 point-0000731 deposition - -
G1 A32.318610 C0.000000 X238.774018 Y345.053145 Z-81.943032 E15.818259620194 F1200.000000
; PC05 POINT 732 point-0000732 deposition - -
G1 A32.318610 C0.000000 X239.039714 Y344.780815 Z-81.943032 E15.818160365369 F1200.000000
; PC05 POINT 733 point-0000733 deposition - -
G1 A32.318610 C0.000000 X239.312014 Y344.515088 Z-81.943032 E15.818115523111 F1200.000000
; PC05 POINT 734 point-0000734 deposition - -
G1 A32.318610 C0.000000 X239.590754 Y344.256125 Z-81.943032 E15.818128085322 F1200.000000
; PC05 POINT 735 point-0000735 deposition - -
G1 A32.318610 C0.000000 X239.875767 Y344.004080 Z-81.943032 E15.818195992366 F1200.000000
; PC05 POINT 736 point-0000736 deposition - -
G1 A32.318610 C0.000000 X240.166883 Y343.759105 Z-81.943032 E15.818312138399 F1200.000000
; PC05 POINT 737 point-0000737 deposition - -
G1 A32.318610 C0.000000 X240.463927 Y343.521347 Z-81.943032 E15.818464369763 F1200.000000
; PC05 POINT 738 point-0000738 deposition - -
G1 A32.318610 C0.000000 X240.766720 Y343.290949 Z-81.943032 E15.818647419557 F1200.000000
; PC05 POINT 739 point-0000739 deposition - -
G1 A32.318610 C0.000000 X241.075083 Y343.068050 Z-81.943032 E15.818874065040 F1200.000000
; PC05 POINT 740 point-0000740 deposition - -
G1 A32.318610 C0.000000 X241.388828 Y342.852783 Z-81.943032 E15.819113899226 F1200.000000
; PC05 POINT 741 point-0000741 deposition - -
G1 A32.318610 C0.000000 X241.707768 Y342.645280 Z-81.943032 E15.819354882240 F1200.000000
; PC05 POINT 742 point-0000742 deposition - -
G1 A32.318610 C0.000000 X242.031710 Y342.445665 Z-81.943032 E15.819581039920 F1200.000000
; PC05 POINT 743 point-0000743 deposition - -
G1 A32.318610 C0.000000 X242.360459 Y342.254061 Z-81.943032 E15.819770582674 F1200.000000
; PC05 POINT 744 point-0000744 deposition - -
G1 A32.318610 C0.000000 X242.693814 Y342.070583 Z-81.943032 E15.819896172463 F1200.000000
; PC05 POINT 745 point-0000745 deposition - -
G1 A32.318610 C0.000000 X243.031577 Y341.895341 Z-81.943032 E15.820066035226 F1200.000000
; PC05 POINT 746 point-0000746 deposition - -
G1 A32.318610 C0.000000 X243.373542 Y341.728443 Z-81.943032 E15.820153771585 F1200.000000
; PC05 POINT 747 point-0000747 deposition - -
G1 A32.318610 C0.000000 X243.719498 Y341.569992 Z-81.943032 E15.820003717014 F1200.000000
; PC05 POINT 748 point-0000748 deposition - -
G1 A32.318610 C0.000000 X244.069230 Y341.420085 Z-81.943032 E15.819598451639 F1200.000000
; PC05 POINT 749 point-0000749 deposition - -
G1 A32.318610 C0.000000 X244.422522 Y341.278815 Z-81.943032 E15.818911912820 F1200.000000
; PC05 POINT 750 point-0000750 deposition - -
G1 A32.318610 C0.000000 X244.779152 Y341.146267 Z-81.943032 E15.817909034291 F1200.000000
; PC05 POINT 751 point-0000751 deposition - -
G1 A32.318610 C0.000000 X245.138897 Y341.022523 Z-81.943032 E15.816567054960 F1200.000000
; PC05 POINT 752 point-0000752 deposition - -
G1 A32.318610 C0.000000 X245.501559 Y340.907650 Z-81.943032 E15.816020242583 F1200.000000
; PC05 POINT 753 point-0000753 deposition - -
G1 A32.318610 C0.000000 X245.866930 Y340.801712 Z-81.943032 E15.816022606041 F1200.000000
; PC05 POINT 754 point-0000754 deposition - -
G1 A32.318610 C0.000000 X246.234792 Y340.704773 Z-81.943032 E15.816010703041 F1200.000000
; PC05 POINT 755 point-0000755 deposition - -
G1 A32.318610 C0.000000 X246.604921 Y340.616892 Z-81.943032 E15.816000608716 F1200.000000
; PC05 POINT 756 point-0000756 deposition - -
G1 A32.318610 C0.000000 X246.977096 Y340.538122 Z-81.943032 E15.816002789009 F1200.000000
; PC05 POINT 757 point-0000757 deposition - -
G1 A32.318610 C0.000000 X247.351093 Y340.468509 Z-81.943032 E15.816022226085 F1200.000000
; PC05 POINT 758 point-0000758 deposition - -
G1 A32.318610 C0.000000 X247.726686 Y340.408096 Z-81.943032 E15.816058477119 F1200.000000
; PC05 POINT 759 point-0000759 deposition - -
G1 A32.318610 C0.000000 X248.103650 Y340.356920 Z-81.943032 E15.816105666017 F1200.000000
; PC05 POINT 760 point-0000760 deposition - -
G1 A32.318610 C0.000000 X248.481757 Y340.315011 Z-81.943032 E15.816152408130 F1200.000000
; PC05 POINT 761 point-0000761 deposition - -
G1 A32.318610 C0.000000 X248.860780 Y340.282394 Z-81.943032 E15.816181668511 F1200.000000
; PC05 POINT 762 point-0000762 deposition - -
G1 A32.318610 C0.000000 X249.240489 Y340.259090 Z-81.943032 E15.816170554739 F1200.000000
; PC05 POINT 763 point-0000763 deposition - -
G1 A32.318610 C0.000000 X249.620654 Y340.245112 Z-81.943032 E15.816090045853 F1200.000000
; PC05 POINT 764 point-0000764 deposition - -
G1 A32.318610 C0.000000 X250.001043 Y340.240469 Z-81.943032 E15.815904659383 F1200.000000
; PC05 POINT 765 point-0000765 deposition - -
G1 A32.318610 C0.000000 X250.381434 Y340.245164 Z-81.943032 E15.816018307223 F1200.000000
; PC05 POINT 766 point-0000766 deposition - -
G1 A32.318610 C0.000000 X250.761616 Y340.259194 Z-81.943032 E15.816909682589 F1200.000000
; PC05 POINT 767 point-0000767 deposition - -
G1 A32.318610 C0.000000 X251.141354 Y340.282552 Z-81.943032 E15.817518412379 F1200.000000
; PC05 POINT 768 point-0000768 deposition - -
G1 A32.318610 C0.000000 X251.520413 Y340.315225 Z-81.943032 E15.817866879348 F1200.000000
; PC05 POINT 769 point-0000769 deposition - -
G1 A32.318610 C0.000000 X251.898559 Y340.357193 Z-81.943032 E15.818016166302 F1200.000000
; PC05 POINT 770 point-0000770 deposition - -
G1 A32.318610 C0.000000 X252.275561 Y340.408430 Z-81.943032 E15.818019561151 F1200.000000
; PC05 POINT 771 point-0000771 deposition - -
G1 A32.318610 C0.000000 X252.651190 Y340.468905 Z-81.943032 E15.817923147202 F1200.000000
; PC05 POINT 772 point-0000772 deposition - -
G1 A32.318610 C0.000000 X253.025217 Y340.538582 Z-81.943032 E15.817766319744 F1200.000000
; PC05 POINT 773 point-0000773 deposition - -
G1 A32.318610 C0.000000 X253.397417 Y340.617417 Z-81.943032 E15.817582232021 F1200.000000
; PC05 POINT 774 point-0000774 deposition - -
G1 A32.318610 C0.000000 X253.767566 Y340.705364 Z-81.943032 E15.817398173479 F1200.000000
; PC05 POINT 775 point-0000775 deposition - -
G1 A32.318610 C0.000000 X254.135440 Y340.802368 Z-81.943032 E15.817235882900 F1200.000000
; PC05 POINT 776 point-0000776 deposition - -
G1 A32.318610 C0.000000 X254.500820 Y340.908371 Z-81.943032 E15.817111798774 F1200.000000
; PC05 POINT 777 point-0000777 deposition - -
G1 A32.318610 C0.000000 X254.863487 Y341.023311 Z-81.943032 E15.817037248886 F1200.000000
; PC05 POINT 778 point-0000778 deposition - -
G1 A32.318610 C0.000000 X255.223222 Y341.147116 Z-81.943032 E15.817018580780 F1200.000000
; PC05 POINT 779 point-0000779 deposition - -
G1 A32.318610 C0.000000 X255.579812 Y341.279715 Z-81.943032 E15.817057234334 F1200.000000
; PC05 POINT 780 point-0000780 deposition - -
G1 A32.318610 C0.000000 X255.933041 Y341.421026 Z-81.943032 E15.817149757323 F1200.000000
; PC05 POINT 781 point-0000781 deposition - -
G1 A32.318610 C0.000000 X256.282699 Y341.570966 Z-81.943032 E15.817287764399 F1200.000000
; PC05 POINT 782 point-0000782 deposition - -
G1 A32.318610 C0.000000 X256.628575 Y341.729445 Z-81.943032 E15.817457839513 F1200.000000
; PC05 POINT 783 point-0000783 deposition - -
G1 A32.318610 C0.000000 X256.970460 Y341.896367 Z-81.943032 E15.817641381410 F1200.000000
; PC05 POINT 784 point-0000784 deposition - -
G1 A32.318610 C0.000000 X257.308150 Y342.071633 Z-81.943032 E15.817814391380 F1200.000000
; PC05 POINT 785 point-0000785 deposition - -
G1 A32.318610 C0.000000 X257.641438 Y342.255136 Z-81.943032 E15.817947202099 F1200.000000
; PC05 POINT 786 point-0000786 deposition - -
G1 A32.318610 C0.000000 X257.970123 Y342.446765 Z-81.943032 E15.818004145981 F1200.000000
; PC05 POINT 787 point-0000787 deposition - -
G1 A32.318610 C0.000000 X258.294005 Y342.646403 Z-81.943032 E15.817943161157 F1200.000000
; PC05 POINT 788 point-0000788 deposition - -
G1 A32.318610 C0.000000 X258.612884 Y342.853927 Z-81.943032 E15.817715332843 F1200.000000
; PC05 POINT 789 point-0000789 deposition - -
G1 A32.318610 C0.000000 X258.926564 Y343.069210 Z-81.943032 E15.817264367609 F1200.000000
; PC05 POINT 790 point-0000790 deposition - -
G1 A32.318610 C0.000000 X259.234854 Y343.292117 Z-81.943032 E15.816622074719 F1200.000000
; PC05 POINT 791 point-0000791 deposition - -
G1 A32.318610 C0.000000 X259.537571 Y343.522516 Z-81.943032 E15.816145577015 F1200.000000
; PC05 POINT 792 point-0000792 deposition - -
G1 A32.318610 C0.000000 X259.834537 Y343.760270 Z-81.943032 E15.815811127410 F1200.000000
; PC05 POINT 793 point-0000793 deposition - -
G1 A32.318610 C0.000000 X260.125581 Y344.005244 Z-81.943032 E15.815998794370 F1200.000000
; PC05 POINT 794 point-0000794 deposition - -
G1 A32.318610 C0.000000 X260.410528 Y344.257287 Z-81.943032 E15.816113290744 F1200.000000
; PC05 POINT 795 point-0000795 deposition - -
G1 A32.318610 C0.000000 X260.689205 Y344.516249 Z-81.943032 E15.816159658361 F1200.000000
; PC05 POINT 796 point-0000796 deposition - -
G1 A32.318610 C0.000000 X260.961443 Y344.781972 Z-81.943032 E15.816161560748 F1200.000000
; PC05 POINT 797 point-0000797 deposition - -
G1 A32.318610 C0.000000 X261.227077 Y345.054295 Z-81.943032 E15.816136504136 F1200.000000
; PC05 POINT 798 point-0000798 deposition - -
G1 A32.318610 C0.000000 X261.485947 Y345.333055 Z-81.943032 E15.816096058495 F1200.000000
; PC05 POINT 799 point-0000799 deposition - -
G1 A32.318610 C0.000000 X261.737898 Y345.618082 Z-81.943032 E15.816046063847 F1200.000000
; PC05 POINT 800 point-0000800 deposition - -
G1 A32.318610 C0.000000 X261.982777 Y345.909206 Z-81.943032 E15.815994144511 F1200.000000
; PC05 POINT 801 point-0000801 deposition - -
G1 A32.318610 C0.000000 X262.220439 Y346.206251 Z-81.943032 E15.816021575456 F1200.000000
; PC05 POINT 802 point-0000802 deposition - -
G1 A32.318610 C0.000000 X262.450740 Y346.509040 Z-81.943032 E15.816052813067 F1200.000000
; PC05 POINT 803 point-0000803 deposition - -
G1 A32.318610 C0.000000 X262.673542 Y346.817390 Z-81.943032 E15.816071650075 F1200.000000
; PC05 POINT 804 point-0000804 deposition - -
G1 A32.318610 C0.000000 X262.888710 Y347.131115 Z-81.943032 E15.816090354569 F1200.000000
; PC05 POINT 805 point-0000805 deposition - -
G1 A32.318610 C0.000000 X263.096114 Y347.450026 Z-81.943032 E15.816115571090 F1200.000000
; PC05 POINT 806 point-0000806 deposition - -
G1 A32.318610 C0.000000 X263.295631 Y347.773931 Z-81.943032 E15.816148395796 F1200.000000
; PC05 POINT 807 point-0000807 deposition - -
G1 A32.318610 C0.000000 X263.487140 Y348.102636 Z-81.943032 E15.816184385936 F1200.000000
; PC05 POINT 808 point-0000808 deposition - -
G1 A32.318610 C0.000000 X263.670526 Y348.435941 Z-81.943032 E15.816213503537 F1200.000000
; PC05 POINT 809 point-0000809 deposition - -
G1 A32.318610 C0.000000 X263.845677 Y348.773647 Z-81.943032 E15.816219993742 F1200.000000
; PC05 POINT 810 point-0000810 deposition - -
G1 A32.318610 C0.000000 X264.012489 Y349.115548 Z-81.943032 E15.816182198661 F1200.000000
; PC05 POINT 811 point-0000811 deposition - -
G1 A32.318610 C0.000000 X264.170859 Y349.461436 Z-81.943032 E15.816072308142 F1200.000000
; PC05 POINT 812 point-0000812 deposition - -
G1 A32.318610 C0.000000 X264.320693 Y349.811104 Z-81.943032 E15.815914184668 F1200.000000
; PC05 POINT 813 point-0000813 deposition - -
G1 A32.318610 C0.000000 X264.461907 Y350.164356 Z-81.943032 E15.816517696118 F1200.000000
; PC05 POINT 814 point-0000814 deposition - -
G1 A32.318610 C0.000000 X264.594415 Y350.520981 Z-81.943032 E15.817165085168 F1200.000000
; PC05 POINT 815 point-0000815 deposition - -
G1 A32.318610 C0.000000 X264.718136 Y350.880761 Z-81.943032 E15.817586517244 F1200.000000
; PC05 POINT 816 point-0000816 deposition - -
G1 A32.318610 C0.000000 X264.832992 Y351.243475 Z-81.943032 E15.817901891533 F1200.000000
; PC05 POINT 817 point-0000817 deposition - -
G1 A32.318610 C0.000000 X264.938914 Y351.608902 Z-81.943032 E15.818051758682 F1200.000000
; PC05 POINT 818 point-0000818 deposition - -
G1 A32.318610 C0.000000 X265.035837 Y351.976819 Z-81.943032 E15.818076056261 F1200.000000
; PC05 POINT 819 point-0000819 deposition - -
G1 A32.318610 C0.000000 X265.123702 Y352.347002 Z-81.943032 E15.818013741153 F1200.000000
; PC05 POINT 820 point-0000820 deposition - -
G1 A32.318610 C0.000000 X265.202456 Y352.719227 Z-81.943032 E15.817897151521 F1200.000000
; PC05 POINT 821 point-0000821 deposition - -
G1 A32.318610 C0.000000 X265.272052 Y353.093269 Z-81.943032 E15.817752401198 F1200.000000
; PC05 POINT 822 point-0000822 deposition - -
G1 A32.318610 C0.000000 X265.332447 Y353.468902 Z-81.943032 E15.817599695334 F1200.000000
; PC05 POINT 823 point-0000823 deposition - -
G1 A32.318610 C0.000000 X265.383607 Y353.845901 Z-81.943032 E15.817453571058 F1200.000000
; PC05 POINT 824 point-0000824 deposition - -
G1 A32.318610 C0.000000 X265.425501 Y354.224039 Z-81.943032 E15.817323066835 F1200.000000
; PC05 POINT 825 point-0000825 deposition - -
G1 A32.318610 C0.000000 X265.458104 Y354.603088 Z-81.943032 E15.817211823924 F1200.000000
; PC05 POINT 826 point-0000826 deposition - -
G1 A32.318610 C0.000000 X265.481396 Y354.982821 Z-81.943032 E15.817118123174 F1200.000000
; PC05 POINT 827 point-0000827 deposition - -
G1 A32.318610 C0.000000 X265.495364 Y355.363008 Z-81.943032 E15.817036285168 F1200.000000
; PC05 POINT 828 point-0000828 deposition - -
G1 A32.318610 C0.000000 X265.500000 Y355.743424 Z-81.943032 E15.817014729470 F1200.000000
; PC05 POINT 829 point-0000829 deposition - -
G1 A32.318610 C0.000000 X265.495301 Y356.123839 Z-81.943032 E15.817048745624 F1200.000000
; PC05 POINT 830 point-0000830 deposition - -
G1 A32.318610 C0.000000 X265.481269 Y356.504027 Z-81.943032 E15.817119262719 F1200.000000
; PC05 POINT 831 point-0000831 deposition - -
G1 A32.318610 C0.000000 X265.457914 Y356.883758 Z-81.943032 E15.817225090294 F1200.000000
; PC05 POINT 832 point-0000832 deposition - -
G1 A32.318610 C0.000000 X265.425248 Y357.262805 Z-81.943032 E15.817359814739 F1200.000000
; PC05 POINT 833 point-0000833 deposition - -
G1 A32.318610 C0.000000 X265.383292 Y357.640941 Z-81.943032 E15.817511722250 F1200.000000
; PC05 POINT 834 point-0000834 deposition - -
G1 A32.318610 C0.000000 X265.332071 Y358.017937 Z-81.943032 E15.817673900452 F1200.000000
; PC05 POINT 835 point-0000835 deposition - -
G1 A32.318610 C0.000000 X265.271615 Y358.393567 Z-81.943032 E15.817859707899 F1200.000000
; PC05 POINT 836 point-0000836 deposition - -
G1 A32.318610 C0.000000 X265.201960 Y358.767604 Z-81.943032 E15.817997794426 F1200.000000
; PC05 POINT 837 point-0000837 deposition - -
G1 A32.318610 C0.000000 X265.123149 Y359.139821 Z-81.943032 E15.818071425317 F1200.000000
; PC05 POINT 838 point-0000838 deposition - -
G1 A32.318610 C0.000000 X265.035229 Y359.509992 Z-81.943032 E15.818066632633 F1200.000000
; PC05 POINT 839 point-0000839 deposition - -
G1 A32.318610 C0.000000 X264.938254 Y359.877893 Z-81.943032 E15.817962962959 F1200.000000
; PC05 POINT 840 point-0000840 deposition - -
G1 A32.318610 C0.000000 X264.832284 Y360.243298 Z-81.943032 E15.817733228543 F1200.000000
; PC05 POINT 841 point-0000841 deposition - -
G1 A32.318610 C0.000000 X264.717384 Y360.605984 Z-81.943032 E15.817343172793 F1200.000000
; PC05 POINT 842 point-0000842 deposition - -
G1 A32.318610 C0.000000 X264.593625 Y360.965729 Z-81.943032 E15.816751044787 F1200.000000
; PC05 POINT 843 point-0000843 deposition - -
G1 A32.318610 C0.000000 X264.461085 Y361.322313 Z-81.943032 E15.816013976033 F1200.000000
; PC05 POINT 844 point-0000844 deposition - -
G1 A32.318610 C0.000000 X264.319832 Y361.675549 Z-81.943032 E15.816499714661 F1200.000000
; PC05 POINT 845 point-0000845 deposition - -
G1 A32.318610 C0.000000 X264.169950 Y362.025229 Z-81.943032 E15.817193060446 F1200.000000
; PC05 POINT 846 point-0000846 deposition - -
G1 A32.318610 C0.000000 X264.011530 Y362.371137 Z-81.943032 E15.817635938472 F1200.000000
; PC05 POINT 847 point-0000847 deposition - -
G1 A32.318610 C0.000000 X263.844669 Y362.713059 Z-81.943032 E15.817909197617 F1200.000000
; PC05 POINT 848 point-0000848 deposition - -
G1 A32.318610 C0.000000 X263.669467 Y363.050789 Z-81.943032 E15.818063654812 F1200.000000
; PC05 POINT 849 point-0000849 deposition - -
G1 A32.318610 C0.000000 X263.486032 Y363.384118 Z-81.943032 E15.818094660498 F1200.000000
; PC05 POINT 850 point-0000850 deposition - -
G1 A32.318610 C0.000000 X263.294475 Y363.712846 Z-81.943032 E15.818039488350 F1200.000000
; PC05 POINT 851 point-0000851 deposition - -
G1 A32.318610 C0.000000 X263.094911 Y364.036774 Z-81.943032 E15.817928897457 F1200.000000
; PC05 POINT 852 point-0000852 deposition - -
G1 A32.318610 C0.000000 X262.887463 Y364.355704 Z-81.943032 E15.817787406081 F1200.000000
; PC05 POINT 853 point-0000853 deposition - -
G1 A32.318610 C0.000000 X262.672254 Y364.669446 Z-81.943032 E15.817633544201 F1200.000000
; PC05 POINT 854 point-0000854 deposition - -
G1 A32.318610 C0.000000 X262.449416 Y364.977811 Z-81.943032 E15.817480080518 F1200.000000
; PC05 POINT 855 point-0000855 deposition - -
G1 A32.318610 C0.000000 X262.219081 Y365.280613 Z-81.943032 E15.817334227708 F1200.000000
; PC05 POINT 856 point-0000856 deposition - -
G1 A32.318610 C0.000000 X261.981388 Y365.577671 Z-81.943032 E15.817199656161 F1200.000000
; PC05 POINT 857 point-0000857 deposition - -
G1 A32.318610 C0.000000 X261.736481 Y365.868806 Z-81.943032 E15.817113179279 F1200.000000
; PC05 POINT 858 point-0000858 deposition - -
G1 A32.318610 C0.000000 X261.484505 Y366.153843 Z-81.943032 E15.817063845402 F1200.000000
; PC05 POINT 859 point-0000859 deposition - -
G1 A32.318610 C0.000000 X261.225612 Y366.432613 Z-81.943032 E15.817048303482 F1200.000000
; PC05 POINT 860 point-0000860 deposition - -
G1 A32.318610 C0.000000 X260.959957 Y366.704947 Z-81.943032 E15.817073053503 F1200.000000
; PC05 POINT 861 point-0000861 deposition - -
G1 A32.318610 C0.000000 X260.687699 Y366.970683 Z-81.943032 E15.817139507336 F1200.000000
; PC05 POINT 862 point-0000862 deposition - -
G1 A32.318610 C0.000000 X260.409001 Y367.229660 Z-81.943032 E15.817243953766 F1200.000000
; PC05 POINT 863 point-0000863 deposition - -
G1 A32.318610 C0.000000 X260.124030 Y367.481723 Z-81.943032 E15.817377513805 F1200.000000
; PC05 POINT 864 point-0000864 deposition - -
G1 A32.318610 C0.000000 X259.832957 Y367.726720 Z-81.943032 E15.817526085279 F1200.000000
; PC05 POINT 865 point-0000865 deposition - -
G1 A32.318610 C0.000000 X259.535957 Y367.964503 Z-81.943032 E15.817676353133 F1200.000000
; PC05 POINT 866 point-0000866 deposition - -
G1 A32.318610 C0.000000 X259.233209 Y368.194928 Z-81.943032 E15.817833817723 F1200.000000
; PC05 POINT 867 point-0000867 deposition - -
G1 A32.318610 C0.000000 X258.924895 Y368.417857 Z-81.943032 E15.817963920633 F1200.000000
; PC05 POINT 868 point-0000868 deposition - -
G1 A32.318610 C0.000000 X258.611201 Y368.633153 Z-81.943032 E15.818049121479 F1200.000000
; PC05 POINT 869 point-0000869 deposition - -
G1 A32.318610 C0.000000 X258.292317 Y368.840686 Z-81.943032 E15.818069604313 F1200.000000
; PC05 POINT 870 point-0000870 deposition - -
G1 A32.318610 C0.000000 X257.968437 Y369.040329 Z-81.943032 E15.817999179042 F1200.000000
; PC05 POINT 871 point-0000871 deposition - -
G1 A32.318610 C0.000000 X257.639759 Y369.231961 Z-81.943032 E15.817804942192 F1200.000000
; PC05 POINT 872 point-0000872 deposition - -
G1 A32.318610 C0.000000 X257.306484 Y369.415464 Z-81.943032 E15.817446900838 F1200.000000
; PC05 POINT 873 point-0000873 deposition - -
G1 A32.318610 C0.000000 X256.968816 Y369.590726 Z-81.943032 E15.816975768073 F1200.000000
; PC05 POINT 874 point-0000874 deposition - -
G1 A32.318610 C0.000000 X256.626962 Y369.757642 Z-81.943032 E15.816355113936 F1200.000000
; PC05 POINT 875 point-0000875 deposition - -
G1 A32.318610 C0.000000 X256.281120 Y369.916114 Z-81.943032 E15.816044832257 F1200.000000
; PC05 POINT 876 point-0000876 deposition - -
G1 A32.318610 C0.000000 X255.931493 Y370.066050 Z-81.943032 E15.816079225005 F1200.000000
; PC05 POINT 877 point-0000877 deposition - -
G1 A32.318610 C0.000000 X255.578290 Y370.207359 Z-81.943032 E15.816071732851 F1200.000000
; PC05 POINT 878 point-0000878 deposition - -
G1 A32.318610 C0.000000 X255.221726 Y370.339956 Z-81.943032 E15.816041506814 F1200.000000
; PC05 POINT 879 point-0000879 deposition - -
G1 A32.318610 C0.000000 X254.862016 Y370.463759 Z-81.943032 E15.816001706836 F1200.000000
; PC05 POINT 880 point-0000880 deposition - -
G1 A32.318610 C0.000000 X254.499376 Y370.578695 Z-81.943032 E15.815961049241 F1200.000000
; PC05 POINT 881 point-0000881 deposition - -
G1 A32.318610 C0.000000 X254.134023 Y370.684694 Z-81.943032 E15.815960937463 F1200.000000
; PC05 POINT 882 point-0000882 deposition - -
G1 A32.318610 C0.000000 X253.766179 Y370.781693 Z-81.943032 E15.815965976172 F1200.000000
; PC05 POINT 883 point-0000883 deposition - -
G1 A32.318610 C0.000000 X253.396064 Y370.869631 Z-81.943032 E15.815965781579 F1200.000000
; PC05 POINT 884 point-0000884 deposition - -
G1 A32.318610 C0.000000 X253.023901 Y370.948456 Z-81.943032 E15.815972222455 F1200.000000
; PC05 POINT 885 point-0000885 deposition - -
G1 A32.318610 C0.000000 X252.649915 Y371.018121 Z-81.943032 E15.815991537716 F1200.000000
; PC05 POINT 886 point-0000886 deposition - -
G1 A32.318610 C0.000000 X252.274330 Y371.078583 Z-81.943032 E15.816024396605 F1200.000000
; PC05 POINT 887 point-0000887 deposition - -
G1 A32.318610 C0.000000 X251.897374 Y371.129805 Z-81.943032 E15.816065892014 F1200.000000
; PC05 POINT 888 point-0000888 deposition - -
G1 A32.318610 C0.000000 X251.519272 Y371.171757 Z-81.943032 E15.816105466972 F1200.000000
; PC05 POINT 889 point-0000889 deposition - -
G1 A32.318610 C0.000000 X251.140254 Y371.204412 Z-81.943032 E15.816126774783 F1200.000000
; PC05 POINT 890 point-0000890 deposition - -
G1 A32.318610 C0.000000 X250.760548 Y371.227751 Z-81.943032 E15.816107473843 F1200.000000
; PC05 POINT 891 point-0000891 deposition - -
G1 A32.318610 C0.000000 X250.380387 Y371.241761 Z-81.943032 E15.816018958587 F1200.000000
; PC05 POINT 892 point-0000892 deposition - -
G1 A32.318610 C0.000000 X250.000000 Y371.246431 Z-81.943032 E15.815826028580 F1200.000000
; PC05 EVENT event-0000014 retract
; PC05 EVENT_CONTEXT {"extrusion_length_mm":-1.0,"sequence_index":892}
G1 E-1.000000000000 F3000.000000
; PC05 POINT 893 point-0000893 depart - -
G1 A32.318610 C0.000000 X250.000000 Y371.246431 Z-71.943032 F3000.000000
; PC05 EVENT event-0000015 index_start
; PC05 EVENT_CONTEXT {"sequence_index":893}
G90
G1 Z20.000000 F3000.000000
; PC05 POINT 894 point-0000894 travel - -
G1 A49.946943 C0.000000 X250.000000 Y378.496395 Z49.590404 F3000.000000
; PC05 EVENT event-0000016 index_end
; PC05 EVENT_CONTEXT {"sequence_index":894}
; PC05 POINT 895 point-0000895 approach - -
G1 A49.946943 C0.000000 X250.000000 Y378.496395 Z39.590404 F3000.000000
; PC05 EVENT event-0000017 prime
; PC05 EVENT_CONTEXT {"extrusion_length_mm":1.0,"sequence_index":895}
G1 E1.000000000000 F1200.000000
; PC05 POINT 896 point-0000896 deposition - -
G1 A49.946943 C0.000000 X249.619705 Y378.491729 Z39.590404 E15.812026329163 F1200.000000
; PC05 POINT 897 point-0000897 deposition - -
G1 A49.946943 C0.000000 X249.239636 Y378.477733 Z39.590404 E15.812127765960 F1200.000000
; PC05 POINT 898 point-0000898 deposition - -
G1 A49.946943 C0.000000 X248.860025 Y378.454416 Z39.590404 E15.812158521866 F1200.000000
; PC05 POINT 899 point-0000899 deposition - -
G1 A49.946943 C0.000000 X248.481100 Y378.421792 Z39.590404 E15.812147906935 F1200.000000
; PC05 POINT 900 point-0000900 deposition - -
G1 A49.946943 C0.000000 X248.103090 Y378.379881 Z39.590404 E15.812119084382 F1200.000000
; PC05 POINT 901 point-0000901 deposition - -
G1 A49.946943 C0.000000 X247.726223 Y378.328707 Z39.590404 E15.812089344336 F1200.000000
; PC05 POINT 902 point-0000902 deposition - -
G1 A49.946943 C0.000000 X247.350726 Y378.268302 Z39.590404 E15.812070312967 F1200.000000
; PC05 POINT 903 point-0000903 deposition - -
G1 A49.946943 C0.000000 X246.976824 Y378.198702 Z39.590404 E15.812068095433 F1200.000000
; PC05 POINT 904 point-0000904 deposition - -
G1 A49.946943 C0.000000 X246.604742 Y378.119949 Z39.590404 E15.812083351619 F1200.000000
; PC05 POINT 905 point-0000905 deposition - -
G1 A49.946943 C0.000000 X246.234703 Y378.032090 Z39.590404 E15.812111304116 F1200.000000
; PC05 POINT 906 point-0000906 deposition - -
G1 A49.946943 C0.000000 X245.866931 Y377.935178 Z39.590404 E15.812141678387 F1200.000000
; PC05 POINT 907 point-0000907 deposition - -
G1 A49.946943 C0.000000 X245.501647 Y377.829272 Z39.590404 E15.812158575570 F1200.000000
; PC05 POINT 908 point-0000908 deposition - -
G1 A49.946943 C0.000000 X245.139072 Y377.714435 Z39.590404 E15.812140278844 F1200.000000
; PC05 POINT 909 point-0000909 deposition - -
G1 A49.946943 C0.000000 X244.779425 Y377.590737 Z39.590404 E15.812059001215 F1200.000000
; PC05 POINT 910 point-0000910 deposition - -
G1 A49.946943 C0.000000 X244.422924 Y377.458253 Z39.590404 E15.811963228268 F1200.000000
; PC05 POINT 911 point-0000911 deposition - -
G1 A49.946943 C0.000000 X244.069781 Y377.317062 Z39.590404 E15.811958937825 F1200.000000
; PC05 POINT 912 point-0000912 deposition - -
G1 A49.946943 C0.000000 X243.720208 Y377.167250 Z39.590404 E15.811956978257 F1200.000000
; PC05 POINT 913 point-0000913 deposition - -
G1 A49.946943 C0.000000 X243.374416 Y377.008905 Z39.590404 E15.811954020382 F1200.000000
; PC05 POINT 914 point-0000914 deposition - -
G1 A49.946943 C0.000000 X243.032614 Y376.842124 Z39.590404 E15.811954794104 F1200.000000
; PC05 POINT 915 point-0000915 deposition - -
G1 A49.946943 C0.000000 X242.695006 Y376.667007 Z39.590404 E15.811958274030 F1200.000000
; PC05 POINT 916 point-0000916 deposition - -
G1 A49.946943 C0.000000 X242.361796 Y376.483660 Z39.590404 E15.811957685379 F1200.000000
; PC05 POINT 917 point-0000917 deposition - -
G1 A49.946943 C0.000000 X242.033175 Y376.292186 Z39.590404 E15.812471625727 F1200.000000
; PC05 POINT 918 point-0000918 deposition - -
G1 A49.946943 C0.000000 X241.709310 Y376.092682 Z39.590404 E15.814427351841 F1200.000000
; PC05 POINT 919 point-0000919 deposition - -
G1 A49.946943 C0.000000 X241.390406 Y375.885268 Z39.590404 E15.816095753645 F1200.000000
; PC05 POINT 920 point-0000920 deposition - -
G1 A49.946943 C0.000000 X241.076665 Y375.670074 Z39.590404 E15.817247991532 F1200.000000
; PC05 POINT 921 point-0000921 deposition - -
G1 A49.946943 C0.000000 X240.768285 Y375.447235 Z39.590404 E15.817977369828 F1200.000000
; PC05 POINT 922 point-0000922 deposition - -
G1 A49.946943 C0.000000 X240.465461 Y375.216888 Z39.590404 E15.818366523838 F1200.000000
; PC05 POINT 923 point-0000923 deposition - -
G1 A49.946943 C0.000000 X240.168380 Y374.979176 Z39.590404 E15.818488463124 F1200.000000
; PC05 POINT 924 point-0000924 deposition - -
G1 A49.946943 C0.000000 X239.877224 Y374.734244 Z39.590404 E15.818407488174 F1200.000000
; PC05 POINT 925 point-0000925 deposition - -
G1 A49.946943 C0.000000 X239.592172 Y374.482245 Z39.590404 E15.818179990476 F1200.000000
; PC05 POINT 926 point-0000926 deposition - -
G1 A49.946943 C0.000000 X239.313396 Y374.223329 Z39.590404 E15.817855145759 F1200.000000
; PC05 POINT 927 point-0000927 deposition - -
G1 A49.946943 C0.000000 X239.041066 Y373.957657 Z39.590404 E15.817475509739 F1200.000000
; PC05 POINT 928 point-0000928 deposition - -
G1 A49.946943 C0.000000 X238.775344 Y373.685387 Z39.590404 E15.817077525176 F1200.000000
; PC05 POINT 929 point-0000929 deposition - -
G1 A49.946943 C0.000000 X238.516391 Y373.406685 Z39.590404 E15.816691948425 F1200.000000
; PC05 POINT 930 point-0000930 deposition - -
G1 A49.946943 C0.000000 X238.264362 Y373.121717 Z39.590404 E15.816344202893 F1200.000000
; PC05 POINT 931 point-0000931 deposition - -
G1 A49.946943 C0.000000 X238.019406 Y372.830656 Z39.590404 E15.816054666041 F1200.000000
; PC05 POINT 932 point-0000932 deposition - -
G1 A49.946943 C0.000000 X237.781670 Y372.533675 Z39.590404 E15.815838895629 F1200.000000
; PC05 POINT 933 point-0000933 deposition - -
G1 A49.946943 C0.000000 X237.551296 Y372.230952 Z39.590404 E15.815707799950 F1200.000000
; PC05 POINT 934 point-0000934 deposition - -
G1 A49.946943 C0.000000 X237.328420 Y371.922668 Z39.590404 E15.815667755789 F1200.000000
; PC05 POINT 935 point-0000935 deposition - -
G1 A49.946943 C0.000000 X237.113177 Y371.609006 Z39.590404 E15.815720676785 F1200.000000
; PC05 POINT 936 point-0000936 deposition - -
G1 A49.946943 C0.000000 X236.905693 Y371.290153 Z39.590404 E15.815864033767 F1200.000000
; PC05 POINT 937 point-0000937 deposition - -
G1 A49.946943 C0.000000 X236.706094 Y370.966300 Z39.590404 E15.816090827558 F1200.000000
; PC05 POINT 938 point-0000938 deposition - -
G1 A49.946943 C0.000000 X236.514500 Y370.637640 Z39.590404 E15.816389513615 F1200.000000
; PC05 POINT 939 point-0000939 deposition - -
G1 A49.946943 C0.000000 X236.331024 Y370.304369 Z39.590404 E15.816743876761 F1200.000000
; PC05 POINT 940 point-0000940 deposition - -
G1 A49.946943 C0.000000 X236.155779 Y369.966688 Z39.590404 E15.817132853216 F1200.000000
; PC05 POINT 941 point-0000941 deposition - -
G1 A49.946943 C0.000000 X235.988870 Y369.624798 Z39.590404 E15.817530296023 F1200.000000
; PC05 POINT 942 point-0000942 deposition - -
G1 A49.946943 C0.000000 X235.830399 Y369.278907 Z39.590404 E15.817904679025 F1200.000000
; PC05 POINT 943 point-0000943 deposition - -
G1 A49.946943 C0.000000 X235.680462 Y368.929224 Z39.590404 E15.818218733532 F1200.000000
; PC05 POINT 944 point-0000944 deposition - -
G1 A49.946943 C0.000000 X235.539151 Y368.575961 Z39.590404 E15.818429010956 F1200.000000
; PC05 POINT 945 point-0000945 deposition - -
G1 A49.946943 C0.000000 X235.406552 Y368.219335 Z39.590404 E15.818485363884 F1200.000000
; PC05 POINT 946 point-0000946 deposition - -
G1 A49.946943 C0.000000 X235.282748 Y367.859566 Z39.590404 E15.818330337317 F1200.000000
; PC05 POINT 947 point-0000947 deposition - -
G1 A49.946943 C0.000000 X235.167815 Y367.496876 Z39.590404 E15.817898461198 F1200.000000
; PC05 POINT 948 point-0000948 deposition - -
G1 A49.946943 C0.000000 X235.061823 Y367.131493 Z39.590404 E15.817115434822 F1200.000000
; PC05 POINT 949 point-0000949 deposition - -
G1 A49.946943 C0.000000 X234.964838 Y366.763646 Z39.590404 E15.815897193336 F1200.000000
; PC05 POINT 950 point-0000950 deposition - -
G1 A49.946943 C0.000000 X234.876918 Y366.393572 Z39.590404 E15.814148846267 F1200.000000
; PC05 POINT 951 point-0000951 deposition - -
G1 A49.946943 C0.000000 X234.798112 Y366.021484 Z39.590404 E15.812751232388 F1200.000000
; PC05 POINT 952 point-0000952 deposition - -
G1 A49.946943 C0.000000 X234.728452 Y365.647537 Z39.590404 E15.814358576650 F1200.000000
; PC05 POINT 953 point-0000953 deposition - -
G1 A49.946943 C0.000000 X234.667984 Y365.271953 Z39.590404 E15.816077366290 F1200.000000
; PC05 POINT 954 point-0000954 deposition - -
G1 A49.946943 C0.000000 X234.616747 Y364.894969 Z39.590404 E15.817270260951 F1200.000000
; PC05 POINT 955 point-0000955 deposition - -
G1 A49.946943 C0.000000 X234.574776 Y364.516822 Z39.590404 E15.818031701743 F1200.000000
; PC05 POINT 956 point-0000956 deposition - -
G1 A49.946943 C0.000000 X234.542098 Y364.137750 Z39.590404 E15.818445353080 F1200.000000
; PC05 POINT 957 point-0000957 deposition - -
G1 A49.946943 C0.000000 X234.518734 Y363.757987 Z39.590404 E15.818585158552 F1200.000000
; PC05 POINT 958 point-0000958 deposition - -
G1 A49.946943 C0.000000 X234.504699 Y363.377766 Z39.590404 E15.818516269246 F1200.000000
; PC05 POINT 959 point-0000959 deposition - -
G1 A49.946943 C0.000000 X234.500000 Y362.997320 Z39.590404 E15.818295854572 F1200.000000
; PC05 POINT 960 point-0000960 deposition - -
G1 A49.946943 C0.000000 X234.504640 Y362.616881 Z39.590404 E15.817973805391 F1200.000000
; PC05 POINT 961 point-0000961 deposition - -
G1 A49.946943 C0.000000 X234.518616 Y362.236681 Z39.590404 E15.817593338794 F1200.000000
; PC05 POINT 962 point-0000962 deposition - -
G1 A49.946943 C0.000000 X234.541918 Y361.856947 Z39.590404 E15.817191513437 F1200.000000
; PC05 POINT 963 point-0000963 deposition - -
G1 A49.946943 C0.000000 X234.574532 Y361.477909 Z39.590404 E15.816799663634 F1200.000000
; PC05 POINT 964 point-0000964 deposition - -
G1 A49.946943 C0.000000 X234.616438 Y361.099794 Z39.590404 E15.816443759743 F1200.000000
; PC05 POINT 965 point-0000965 deposition - -
G1 A49.946943 C0.000000 X234.667609 Y360.722828 Z39.590404 E15.816144701534 F1200.000000
; PC05 POINT 966 point-0000966 deposition - -
G1 A49.946943 C0.000000 X234.728016 Y360.347237 Z39.590404 E15.815918550338 F1200.000000
; PC05 POINT 967 point-0000967 deposition - -
G1 A49.946943 C0.000000 X234.797620 Y359.973245 Z39.590404 E15.815776704846 F1200.000000
; PC05 POINT 968 point-0000968 deposition - -
G1 A49.946943 C0.000000 X234.876382 Y359.601075 Z39.590404 E15.815726024364 F1200.000000
; PC05 POINT 969 point-0000969 deposition - -
G1 A49.946943 C0.000000 X234.964253 Y359.230949 Z39.590404 E15.815768902342 F1200.000000
; PC05 POINT 970 point-0000970 deposition - -
G1 A49.946943 C0.000000 X235.061182 Y358.863088 Z39.590404 E15.815903291852 F1200.000000
; PC05 POINT 971 point-0000971 deposition - -
G1 A49.946943 C0.000000 X235.167111 Y358.497711 Z39.590404 E15.816122683611 F1200.000000
; PC05 POINT 972 point-0000972 deposition - -
G1 A49.946943 C0.000000 X235.281977 Y358.135037 Z39.590404 E15.816416036058 F1200.000000
; PC05 POINT 973 point-0000973 deposition - -
G1 A49.946943 C0.000000 X235.405712 Y357.775284 Z39.590404 E15.816767655838 F1200.000000
; PC05 POINT 974 point-0000974 deposition - -
G1 A49.946943 C0.000000 X235.538242 Y357.418666 Z39.590404 E15.817157026014 F1200.000000
; PC05 POINT 975 point-0000975 deposition - -
G1 A49.946943 C0.000000 X235.679488 Y357.065400 Z39.590404 E15.817558578232 F1200.000000
; PC05 POINT 976 point-0000976 deposition - -
G1 A49.946943 C0.000000 X235.829366 Y356.715699 Z39.590404 E15.817941404073 F1200.000000
; PC05 POINT 977 point-0000977 deposition - -
G1 A49.946943 C0.000000 X235.987785 Y356.369774 Z39.590404 E15.818268899849 F1200.000000
; PC05 POINT 978 point-0000978 deposition - -
G1 A49.946943 C0.000000 X236.154650 Y356.027838 Z39.590404 E15.818498338216 F1200.000000
; PC05 POINT 979 point-0000979 deposition - -
G1 A49.946943 C0.000000 X236.329858 Y355.690098 Z39.590404 E15.818580359140 F1200.000000
; PC05 POINT 980 point-0000980 deposition - -
G1 A49.946943 C0.000000 X236.513302 Y355.356763 Z39.590404 E15.818458372039 F1200.000000
; PC05 POINT 981 point-0000981 deposition - -
G1 A49.946943 C0.000000 X236.704867 Y355.028039 Z39.590404 E15.818067860282 F1200.000000
; PC05 POINT 982 point-0000982 deposition - -
G1 A49.946943 C0.000000 X236.904434 Y354.704130 Z39.590404 E15.817335578674 F1200.000000
; PC05 POINT 983 point-0000983 deposition - -
G1 A49.946943 C0.000000 X237.111874 Y354.385241 Z39.590404 E15.816178634201 F1200.000000
; PC05 POINT 984 point-0000984 deposition - -
G1 A49.946943 C0.000000 X237.327056 Y354.071571 Z39.590404 E15.814503439980 F1200.000000
; PC05 POINT 985 point-0000985 deposition - -
G1 A49.946943 C0.000000 X237.549850 Y353.763302 Z39.590404 E15.813177733957 F1200.000000
; PC05 POINT 986 point-0000986 deposition - -
G1 A49.946943 C0.000000 X237.780168 Y353.460558 Z39.590404 E15.814978133384 F1200.000000
; PC05 POINT 987 point-0000987 deposition - -
G1 A49.946943 C0.000000 X238.017888 Y353.163507 Z39.590404 E15.817712497284 F1200.000000
; PC05 POINT 988 point-0000988 deposition - -
G1 A49.946943 C0.000000 X238.262858 Y352.872342 Z39.590404 E15.819719873338 F1200.000000
; PC05 POINT 989 point-0000989 deposition - -
G1 A49.946943 C0.000000 X238.514924 Y352.587254 Z39.590404 E15.821117278067 F1200.000000
; PC05 POINT 990 point-0000990 deposition - -
G1 A49.946943 C0.000000 X238.773928 Y352.308425 Z39.590404 E15.822009480717 F1200.000000
; PC05 POINT 991 point-0000991 deposition - -
G1 A49.946943 C0.000000 X239.039707 Y352.036030 Z39.590404 E15.822489533948 F1200.000000
; PC05 POINT 992 point-0000992 deposition - -
G1 A49.946943 C0.000000 X239.312097 Y351.770240 Z39.590404 E15.822639957163 F1200.000000
; PC05 POINT 993 point-0000993 deposition - -
G1 A49.946943 C0.000000 X239.590928 Y351.511219 Z39.590404 E15.822533782711 F1200.000000
; PC05 POINT 994 point-0000994 deposition - -
G1 A49.946943 C0.000000 X239.876029 Y351.259127 Z39.590404 E15.822235475209 F1200.000000
; PC05 POINT 995 point-0000995 deposition - -
G1 A49.946943 C0.000000 X240.167225 Y351.014116 Z39.590404 E15.821801734073 F1200.000000
; PC05 POINT 996 point-0000996 deposition - -
G1 A49.946943 C0.000000 X240.464338 Y350.776337 Z39.590404 E15.821282189187 F1200.000000
; PC05 POINT 997 point-0000997 deposition - -
G1 A49.946943 C0.000000 X240.767189 Y350.545931 Z39.590404 E15.820719999209 F1200.000000
; PC05 POINT 998 point-0000998 deposition - -
G1 A49.946943 C0.000000 X241.075593 Y350.323037 Z39.590404 E15.820152361596 F1200.000000
; PC05 POINT 999 point-0000999 deposition - -
G1 A49.946943 C0.000000 X241.389365 Y350.107788 Z39.590404 E15.819610942791 F1200.000000
; PC05 POINT 1000 point-0001000 deposition - -
G1 A49.946943 C0.000000 X241.708316 Y349.900312 Z39.590404 E15.819122236354 F1200.000000
; PC05 POINT 1001 point-0001001 deposition - -
G1 A49.946943 C0.000000 X242.032255 Y349.700733 Z39.590404 E15.818707856020 F1200.000000
; PC05 POINT 1002 point-0001002 deposition - -
G1 A49.946943 C0.000000 X242.360989 Y349.509169 Z39.590404 E15.818384769817 F1200.000000
; PC05 POINT 1003 point-0001003 deposition - -
G1 A49.946943 C0.000000 X242.694321 Y349.325735 Z39.590404 E15.818165480444 F1200.000000
; PC05 POINT 1004 point-0001004 deposition - -
G1 A49.946943 C0.000000 X243.032053 Y349.150538 Z39.590404 E15.818058156110 F1200.000000
; PC05 POINT 1005 point-0001005 deposition - -
G1 A49.946943 C0.000000 X243.373983 Y348.983683 Z39.590404 E15.818066715029 F1200.000000
; PC05 POINT 1006 point-0001006 deposition - -
G1 A49.946943 C0.000000 X243.719908 Y348.825270 Z39.590404 E15.818190865673 F1200.000000
; PC05 POINT 1007 point-0001007 deposition - -
G1 A49.946943 C0.000000 X244.069623 Y348.675393 Z39.590404 E15.818426103803 F1200.000000
; PC05 POINT 1008 point-0001008 deposition - -
G1 A49.946943 C0.000000 X244.422918 Y348.534143 Z39.590404 E15.818763666213 F1200.000000
; PC05 POINT 1009 point-0001009 deposition - -
G1 A49.946943 C0.000000 X244.779584 Y348.401603 Z39.590404 E15.819190439994 F1200.000000
; PC05 POINT 1010 point-0001010 deposition - -
G1 A49.946943 C0.000000 X245.139407 Y348.277854 Z39.590404 E15.819688825064 F1200.000000
; PC05 POINT 1011 point-0001011 deposition - -
G1 A49.946943 C0.000000 X245.502172 Y348.162971 Z39.590404 E15.820236546635 F1200.000000
; PC05 POINT 1012 point-0001012 deposition - -
G1 A49.946943 C0.000000 X245.867661 Y348.057025 Z39.590404 E15.820806413257 F1200.000000
; PC05 POINT 1013 point-0001013 deposition - -
G1 A49.946943 C0.000000 X246.235654 Y347.960079 Z39.590404 E15.821366015107 F1200.000000
; PC05 POINT 1014 point-0001014 deposition - -
G1 A49.946943 C0.000000 X246.605928 Y347.872194 Z39.590404 E15.821877356279 F1200.000000
; PC05 POINT 1015 point-0001015 deposition - -
G1 A49.946943 C0.000000 X246.978257 Y347.793425 Z39.590404 E15.822296413947 F1200.000000
; PC05 POINT 1016 point-0001016 deposition - -
G1 A49.946943 C0.000000 X247.352415 Y347.723818 Z39.590404 E15.822572616552 F1200.000000
; PC05 POINT 1017 point-0001017 deposition - -
G1 A49.946943 C0.000000 X247.728171 Y347.663419 Z39.590404 E15.822648232439 F1200.000000
; PC05 POINT 1018 point-0001018 deposition - -
G1 A49.946943 C0.000000 X248.105292 Y347.612264 Z39.590404 E15.822457659829 F1200.000000
; PC05 POINT 1019 point-0001019 deposition - -
G1 A49.946943 C0.000000 X248.483543 Y347.570385 Z39.590404 E15.821926608525 F1200.000000
; PC05 POINT 1020 point-0001020 deposition - -
G1 A49.946943 C0.000000 X248.862685 Y347.537806 Z39.590404 E15.820971163425 F1200.000000
; PC05 POINT 1021 point-0001021 deposition - -
G1 A49.946943 C0.000000 X249.242477 Y347.514546 Z39.590404 E15.819496719689 F1200.000000
; PC05 POINT 1022 point-0001022 deposition - -
G1 A49.946943 C0.000000 X249.622675 Y347.500617 Z39.590404 E15.817396779344 F1200.000000
; PC05 POINT 1023 point-0001023 deposition - -
G1 A49.946943 C0.000000 X250.003031 Y347.496024 Z39.590404 E15.814551599170 F1200.000000
; PC05 POINT 1024 point-0001024 deposition - -
G1 A49.946943 C0.000000 X250.383335 Y347.500765 Z39.590404 E15.812417058231 F1200.000000
; PC05 POINT 1025 point-0001025 deposition - -
G1 A49.946943 C0.000000 X250.763429 Y347.514836 Z39.590404 E15.813307079504 F1200.000000
; PC05 POINT 1026 point-0001026 deposition - -
G1 A49.946943 C0.000000 X251.143080 Y347.538231 Z39.590404 E15.813988295126 F1200.000000
; PC05 POINT 1027 point-0001027 deposition - -
G1 A49.946943 C0.000000 X251.522052 Y347.570936 Z39.590404 E15.814388086465 F1200.000000
; PC05 POINT 1028 point-0001028 deposition - -
G1 A49.946943 C0.000000 X251.900112 Y347.612931 Z39.590404 E15.814570591322 F1200.000000
; PC05 POINT 1029 point-0001029 deposition - -
G1 A49.946943 C0.000000 X252.277028 Y347.664190 Z39.590404 E15.814591804355 F1200.000000
; PC05 POINT 1030 point-0001030 deposition - -
G1 A49.946943 C0.000000 X252.652570 Y347.724684 Z39.590404 E15.814500267274 F1200.000000
; PC05 POINT 1031 point-0001031 deposition - -
G1 A49.946943 C0.000000 X253.026511 Y347.794373 Z39.590404 E15.814337660502 F1200.000000
; PC05 POINT 1032 point-0001032 deposition - -
G1 A49.946943 C0.000000 X253.398625 Y347.873217 Z39.590404 E15.814139304807 F1200.000000
; PC05 POINT 1033 point-0001033 deposition - -
G1 A49.946943 C0.000000 X253.768687 Y347.961167 Z39.590404 E15.813934580717 F1200.000000
; PC05 POINT 1034 point-0001034 deposition - -
G1 A49.946943 C0.000000 X254.136475 Y348.058170 Z39.590404 E15.813747272682 F1200.000000
; PC05 POINT 1035 point-0001035 deposition - -
G1 A49.946943 C0.000000 X254.501769 Y348.164167 Z39.590404 E15.813595844098 F1200.000000
; PC05 POINT 1036 point-0001036 deposition - -
G1 A49.946943 C0.000000 X254.864349 Y348.279095 Z39.590404 E15.813493648305 F1200.000000
; PC05 POINT 1037 point-0001037 deposition - -
G1 A49.946943 C0.000000 X255.223999 Y348.402885 Z39.590404 E15.813449079674 F1200.000000
; PC05 POINT 1038 point-0001038 deposition - -
G1 A49.946943 C0.000000 X255.580504 Y348.535463 Z39.590404 E15.813465667812 F1200.000000
; PC05 POINT 1039 point-0001039 deposition - -
G1 A49.946943 C0.000000 X255.933650 Y348.676749 Z39.590404 E15.813542116825 F1200.000000
; PC05 POINT 1040 point-0001040 deposition - -
G1 A49.946943 C0.000000 X256.283226 Y348.826659 Z39.590404 E15.813672290434 F1200.000000
; PC05 POINT 1041 point-0001041 deposition - -
G1 A49.946943 C0.000000 X256.629022 Y348.985104 Z39.590404 E15.813845142624 F1200.000000
; PC05 POINT 1042 point-0001042 deposition - -
G1 A49.946943 C0.000000 X256.970830 Y349.151989 Z39.590404 E15.814044592372 F1200.000000
; PC05 POINT 1043 point-0001043 deposition - -
G1 A49.946943 C0.000000 X257.308444 Y349.327213 Z39.590404 E15.814249339865 F1200.000000
; PC05 POINT 1044 point-0001044 deposition - -
G1 A49.946943 C0.000000 X257.641661 Y349.510671 Z39.590404 E15.814432620565 F1200.000000
; PC05 POINT 1045 point-0001045 deposition - -
G1 A49.946943 C0.000000 X257.970278 Y349.702252 Z39.590404 E15.814561892415 F1200.000000
; PC05 POINT 1046 point-0001046 deposition - -
G1 A49.946943 C0.000000 X258.294096 Y349.901839 Z39.590404 E15.814598450497 F1200.000000
; PC05 POINT 1047 point-0001047 deposition - -
G1 A49.946943 C0.000000 X258.612916 Y350.109312 Z39.590404 E15.814496962520 F1200.000000
; PC05 POINT 1048 point-0001048 deposition - -
G1 A49.946943 C0.000000 X258.926544 Y350.324542 Z39.590404 E15.814204917687 F1200.000000
; PC05 POINT 1049 point-0001049 deposition - -
G1 A49.946943 C0.000000 X259.234785 Y350.547395 Z39.590404 E15.813661980726 F1200.000000
; PC05 POINT 1050 point-0001050 deposition - -
G1 A49.946943 C0.000000 X259.537449 Y350.777731 Z39.590404 E15.812799242209 F1200.000000
; PC05 POINT 1051 point-0001051 deposition - -
G1 A49.946943 C0.000000 X259.834368 Y351.015424 Z39.590404 E15.812711704329 F1200.000000
; PC05 POINT 1052 point-0001052 deposition - -
G1 A49.946943 C0.000000 X260.125403 Y351.260362 Z39.590404 E15.814748278391 F1200.000000
; PC05 POINT 1053 point-0001053 deposition - -
G1 A49.946943 C0.000000 X260.410368 Y351.512394 Z39.590404 E15.816337876221 F1200.000000
; PC05 POINT 1054 point-0001054 deposition - -
G1 A49.946943 C0.000000 X260.689082 Y351.771362 Z39.590404 E15.817470785550 F1200.000000
; PC05 POINT 1055 point-0001055 deposition - -
G1 A49.946943 C0.000000 X260.961368 Y352.037105 Z39.590404 E15.818230092507 F1200.000000
; PC05 POINT 1056 point-0001056 deposition - -
G1 A49.946943 C0.000000 X261.227058 Y352.309460 Z39.590404 E15.818688711372 F1200.000000
; PC05 POINT 1057 point-0001057 deposition - -
G1 A49.946943 C0.000000 X261.485986 Y352.588259 Z39.590404 E15.818910288843 F1200.000000
; PC05 POINT 1058 point-0001058 deposition - -
G1 A49.946943 C0.000000 X261.737993 Y352.873329 Z39.590404 E15.818950003546 F1200.000000
; PC05 POINT 1059 point-0001059 deposition - -
G1 A49.946943 C0.000000 X261.982926 Y353.164498 Z39.590404 E15.818855264312 F1200.000000
; PC05 POINT 1060 point-0001060 deposition - -
G1 A49.946943 C0.000000 X262.220635 Y353.461587 Z39.590404 E15.818666311048 F1200.000000
; PC05 POINT 1061 point-0001061 deposition - -
G1 A49.946943 C0.000000 X262.450977 Y353.764417 Z39.590404 E15.818416722319 F1200.000000
; PC05 POINT 1062 point-0001062 deposition - -
G1 A49.946943 C0.000000 X262.673812 Y354.072804 Z39.590404 E15.818133833914 F1200.000000
; PC05 POINT 1063 point-0001063 deposition - -
G1 A49.946943 C0.000000 X262.889007 Y354.386561 Z39.590404 E15.817839072820 F1200.000000
; PC05 POINT 1064 point-0001064 deposition - -
G1 A49.946943 C0.000000 X263.096433 Y354.705499 Z39.590404 E15.817548211078 F1200.000000
; PC05 POINT 1065 point-0001065 deposition - -
G1 A49.946943 C0.000000 X263.295965 Y355.029427 Z39.590404 E15.817271544015 F1200.000000
; PC05 POINT 1066 point-0001066 deposition - -
G1 A49.946943 C0.000000 X263.487483 Y355.358149 Z39.590404 E15.817013997302 F1200.000000
; PC05 POINT 1067 point-0001067 deposition - -
G1 A49.946943 C0.000000 X263.670874 Y355.691467 Z39.590404 E15.816775167184 F1200.000000
; PC05 POINT 1068 point-0001068 deposition - -
G1 A49.946943 C0.000000 X263.846026 Y356.029181 Z39.590404 E15.816549298117 F1200.000000
; PC05 POINT 1069 point-0001069 deposition - -
G1 A49.946943 C0.000000 X264.012835 Y356.371087 Z39.590404 E15.816325201842 F1200.000000
; PC05 POINT 1070 point-0001070 deposition - -
G1 A49.946943 C0.000000 X264.171201 Y356.716978 Z39.590404 E15.816086121744 F1200.000000
; PC05 POINT 1071 point-0001071 deposition - -
G1 A49.946943 C0.000000 X264.321028 Y357.066647 Z39.590404 E15.815868133784 F1200.000000
; PC05 POINT 1072 point-0001072 deposition - -
G1 A49.946943 C0.000000 X264.462234 Y357.419902 Z39.590404 E15.816494935999 F1200.000000
; PC05 POINT 1073 point-0001073 deposition - -
G1 A49.946943 C0.000000 X264.594735 Y357.776532 Z39.590404 E15.817259692158 F1200.000000
; PC05 POINT 1074 point-0001074 deposition - -
G1 A49.946943 C0.000000 X264.718447 Y358.136322 Z39.590404 E15.817859384869 F1200.000000
; PC05 POINT 1075 point-0001075 deposition - -
G1 A49.946943 C0.000000 X264.833295 Y358.499050 Z39.590404 E15.818332867287 F1200.000000
; PC05 POINT 1076 point-0001076 deposition - -
G1 A49.946943 C0.000000 X264.939207 Y358.864496 Z39.590404 E15.818711887947 F1200.000000
; PC05 POINT 1077 point-0001077 deposition - -
G1 A49.946943 C0.000000 X265.036120 Y359.232439 Z39.590404 E15.819021503946 F1200.000000
; PC05 POINT 1078 point-0001078 deposition - -
G1 A49.946943 C0.000000 X265.123973 Y359.602656 Z39.590404 E15.819280410250 F1200.000000
; PC05 POINT 1079 point-0001079 deposition - -
G1 A49.946943 C0.000000 X265.202713 Y359.974924 Z39.590404 E15.819501188004 F1200.000000
; PC05 POINT 1080 point-0001080 deposition - -
G1 A49.946943 C0.000000 X265.272293 Y360.349016 Z39.590404 E15.819690474033 F1200.000000
; PC05 POINT 1081 point-0001081 deposition - -
G1 A49.946943 C0.000000 X265.332669 Y360.724708 Z39.590404 E15.819849052969 F1200.000000
; PC05 POINT 1082 point-0001082 deposition - -
G1 A49.946943 C0.000000 X265.383806 Y361.101771 Z39.590404 E15.819971872699 F1200.000000
; PC05 POINT 1083 point-0001083 deposition - -
G1 A49.946943 C0.000000 X265.425671 Y361.479977 Z39.590404 E15.820047983072 F1200.000000
; PC05 POINT 1084 point-0001084 deposition - -
G1 A49.946943 C0.000000 X265.458240 Y361.859098 Z39.590404 E15.820060397027 F1200.000000
; PC05 POINT 1085 point-0001085 deposition - -
G1 A49.946943 C0.000000 X265.481493 Y362.238902 Z39.590404 E15.819985872554 F1200.000000
; PC05 POINT 1086 point-0001086 deposition - -
G1 A49.946943 C0.000000 X265.495415 Y362.619158 Z39.590404 E15.819794613168 F1200.000000
; PC05 POINT 1087 point-0001087 deposition - -
G1 A49.946943 C0.000000 X265.499999 Y362.999633 Z39.590404 E15.819449883886 F1200.000000
; PC05 POINT 1088 point-0001088 deposition - -
G1 A49.946943 C0.000000 X265.495243 Y363.380092 Z39.590404 E15.818907539013 F1200.000000
; PC05 POINT 1089 point-0001089 deposition - -
G1 A49.946943 C0.000000 X265.481151 Y363.760302 Z39.590404 E15.818115457469 F1200.000000
; PC05 POINT 1090 point-0001090 deposition - -
G1 A49.946943 C0.000000 X265.457733 Y364.140024 Z39.590404 E15.817012880808 F1200.000000
; PC05 POINT 1091 point-0001091 deposition - -
G1 A49.946943 C0.000000 X265.425007 Y364.519022 Z39.590404 E15.815529648639 F1200.000000
; PC05 POINT 1092 point-0001092 deposition - -
G1 A49.946943 C0.000000 X265.382994 Y364.897066 Z39.590404 E15.814022599994 F1200.000000
; PC05 POINT 1093 point-0001093 deposition - -
G1 A49.946943 C0.000000 X265.331717 Y365.273970 Z39.590404 E15.814176033408 F1200.000000
; PC05 POINT 1094 point-0001094 deposition - -
G1 A49.946943 C0.000000 X265.271205 Y365.649508 Z39.590404 E15.814460215005 F1200.000000
; PC05 POINT 1095 point-0001095 deposition - -
G1 A49.946943 C0.000000 X265.201496 Y366.023453 Z39.590404 E15.814644864028 F1200.000000
; PC05 POINT 1096 point-0001096 deposition - -
G1 A49.946943 C0.000000 X265.122632 Y366.395576 Z39.590404 E15.814731041779 F1200.000000
; PC05 POINT 1097 point-0001097 deposition - -
G1 A49.946943 C0.000000 X265.034659 Y366.765652 Z39.590404 E15.814713105291 F1200.000000
; PC05 POINT 1098 point-0001098 deposition - -
G1 A49.946943 C0.000000 X264.937633 Y367.133455 Z39.590404 E15.814578624316 F1200.000000
; PC05 POINT 1099 point-0001099 deposition - -
G1 A49.946943 C0.000000 X264.831613 Y367.498760 Z39.590404 E15.814308221314 F1200.000000
; PC05 POINT 1100 point-0001100 deposition - -
G1 A49.946943 C0.000000 X264.716664 Y367.861343 Z39.590404 E15.813875328391 F1200.000000
; PC05 POINT 1101 point-0001101 deposition - -
G1 A49.946943 C0.000000 X264.592858 Y368.220983 Z39.590404 E15.813245855144 F1200.000000
; PC05 POINT 1102 point-0001102 deposition - -
G1 A49.946943 C0.000000 X264.460271 Y368.577459 Z39.590404 E15.812485869865 F1200.000000
; PC05 POINT 1103 point-0001103 deposition - -
G1 A49.946943 C0.000000 X264.318974 Y368.930586 Z39.590404 E15.812976243858 F1200.000000
; PC05 POINT 1104 point-0001104 deposition - -
G1 A49.946943 C0.000000 X264.169048 Y369.280156 Z39.590404 E15.813702038260 F1200.000000
; PC05 POINT 1105 point-0001105 deposition - -
G1 A49.946943 C0.000000 X264.010584 Y369.625953 Z39.590404 E15.814213744579 F1200.000000
; PC05 POINT 1106 point-0001106 deposition - -
G1 A49.946943 C0.000000 X263.843679 Y369.967764 Z39.590404 E15.814549414725 F1200.000000
; PC05 POINT 1107 point-0001107 deposition - -
G1 A49.946943 C0.000000 X263.668435 Y370.305381 Z39.590404 E15.814739410215 F1200.000000
; PC05 POINT 1108 point-0001108 deposition - -
G1 A49.946943 C0.000000 X263.484958 Y370.638598 Z39.590404 E15.814806782329 F1200.000000
; PC05 POINT 1109 point-0001109 deposition - -
G1 A49.946943 C0.000000 X263.293359 Y370.967211 Z39.590404 E15.814767560246 F1200.000000
; PC05 POINT 1110 point-0001110 deposition - -
G1 A49.946943 C0.000000 X263.093757 Y371.291021 Z39.590404 E15.814630953184 F1200.000000
; PC05 POINT 1111 point-0001111 deposition - -
G1 A49.946943 C0.000000 X262.886272 Y371.609830 Z39.590404 E15.814399472568 F1200.000000
; PC05 POINT 1112 point-0001112 deposition - -
G1 A49.946943 C0.000000 X262.671031 Y371.923446 Z39.590404 E15.814068980185 F1200.000000
; PC05 POINT 1113 point-0001113 deposition - -
G1 A49.946943 C0.000000 X262.448163 Y372.231682 Z39.590404 E15.813835672541 F1200.000000
; PC05 POINT 1114 point-0001114 deposition - -
G1 A49.946943 C0.000000 X262.217798 Y372.534357 Z39.590404 E15.813886544627 F1200.000000
; PC05 POINT 1115 point-0001115 deposition - -
G1 A49.946943 C0.000000 X261.980075 Y372.831288 Z39.590404 E15.813878293677 F1200.000000
; PC05 POINT 1116 point-0001116 deposition - -
G1 A49.946943 C0.000000 X261.735139 Y373.122295 Z39.590404 E15.813834406961 F1200.000000
; PC05 POINT 1117 point-0001117 deposition - -
G1 A49.946943 C0.000000 X261.483137 Y373.407205 Z39.590404 E15.813781325822 F1200.000000
; PC05 POINT 1118 point-0001118 deposition - -
G1 A49.946943 C0.000000 X261.224221 Y373.685844 Z39.590404 E15.813739820559 F1200.000000
; PC05 POINT 1119 point-0001119 deposition - -
G1 A49.946943 C0.000000 X260.958545 Y373.958046 Z39.590404 E15.813725226268 F1200.000000
; PC05 POINT 1120 point-0001120 deposition - -
G1 A49.946943 C0.000000 X260.686270 Y374.223647 Z39.590404 E15.813747624283 F1200.000000
; PC05 POINT 1121 point-0001121 deposition - -
G1 A49.946943 C0.000000 X260.407559 Y374.482488 Z39.590404 E15.813811968128 F1200.000000
; PC05 POINT 1122 point-0001122 deposition - -
G1 A49.946943 C0.000000 X260.122578 Y374.734415 Z39.590404 E15.813918152487 F1200.000000
; PC05 POINT 1123 point-0001123 deposition - -
G1 A49.946943 C0.000000 X259.831499 Y374.979275 Z39.590404 E15.814061023399 F1200.000000
; PC05 POINT 1124 point-0001124 deposition - -
G1 A49.946943 C0.000000 X259.534496 Y375.216921 Z39.590404 E15.814230327545 F1200.000000
; PC05 POINT 1125 point-0001125 deposition - -
G1 A49.946943 C0.000000 X259.231748 Y375.447210 Z39.590404 E15.814410598153 F1200.000000
; PC05 POINT 1126 point-0001126 deposition - -
G1 A49.946943 C0.000000 X258.923436 Y375.670003 Z39.590404 E15.814580974805 F1200.000000
; PC05 POINT 1127 point-0001127 deposition - -
G1 A49.946943 C0.000000 X258.609747 Y375.885166 Z39.590404 E15.814714954145 F1200.000000
; PC05 POINT 1128 point-0001128 deposition - -
G1 A49.946943 C0.000000 X258.290872 Y376.092566 Z39.590404 E15.814780068256 F1200.000000
; PC05 POINT 1129 point-0001129 deposition - -
G1 A49.946943 C0.000000 X257.967004 Y376.292079 Z39.590404 E15.814737487329 F1200.000000
; PC05 POINT 1130 point-0001130 deposition - -
G1 A49.946943 C0.000000 X257.638342 Y376.483582 Z39.590404 E15.814541543074 F1200.000000
; PC05 POINT 1131 point-0001131 deposition - -
G1 A49.946943 C0.000000 X257.305088 Y376.666957 Z39.590404 E15.814139169257 F1200.000000
; PC05 POINT 1132 point-0001132 deposition - -
G1 A49.946943 C0.000000 X256.967449 Y376.842093 Z39.590404 E15.813469255723 F1200.000000
; PC05 POINT 1133 point-0001133 deposition - -
G1 A49.946943 C0.000000 X256.625636 Y377.008881 Z39.590404 E15.812467832999 F1200.000000
; PC05 POINT 1134 point-0001134 deposition - -
G1 A49.946943 C0.000000 X256.279842 Y377.167227 Z39.590404 E15.812045493898 F1200.000000
; PC05 POINT 1135 point-0001135 deposition - -
G1 A49.946943 C0.000000 X255.930266 Y377.317043 Z39.590404 E15.812155638503 F1200.000000
; PC05 POINT 1136 point-0001136 deposition - -
G1 A49.946943 C0.000000 X255.577118 Y377.458237 Z39.590404 E15.812205052646 F1200.000000
; PC05 POINT 1137 point-0001137 deposition - -
G1 A49.946943 C0.000000 X255.220611 Y377.590724 Z39.590404 E15.812213107387 F1200.000000
; PC05 POINT 1138 point-0001138 deposition - -
G1 A49.946943 C0.000000 X254.860961 Y377.714424 Z39.590404 E15.812234785853 F1200.000000
; PC05 POINT 1139 point-0001139 deposition - -
G1 A49.946943 C0.000000 X254.498383 Y377.829263 Z39.590404 E15.812254826251 F1200.000000
; PC05 POINT 1140 point-0001140 deposition - -
G1 A49.946943 C0.000000 X254.133098 Y377.935170 Z39.590404 E15.812238546292 F1200.000000
; PC05 POINT 1141 point-0001141 deposition - -
G1 A49.946943 C0.000000 X253.765324 Y378.032083 Z39.590404 E15.812208358382 F1200.000000
; PC05 POINT 1142 point-0001142 deposition - -
G1 A49.946943 C0.000000 X253.395284 Y378.119943 Z39.590404 E15.812180880666 F1200.000000
; PC05 POINT 1143 point-0001143 deposition - -
G1 A49.946943 C0.000000 X253.023200 Y378.198697 Z39.590404 E15.812167131507 F1200.000000
; PC05 POINT 1144 point-0001144 deposition - -
G1 A49.946943 C0.000000 X252.649295 Y378.268298 Z39.590404 E15.812172664112 F1200.000000
; PC05 POINT 1145 point-0001145 deposition - -
G1 A49.946943 C0.000000 X252.273795 Y378.328704 Z39.590404 E15.812197634288 F1200.000000
; PC05 POINT 1146 point-0001146 deposition - -
G1 A49.946943 C0.000000 X251.896925 Y378.379879 Z39.590404 E15.812236800835 F1200.000000
; PC05 POINT 1147 point-0001147 deposition - -
G1 A49.946943 C0.000000 X251.518911 Y378.421791 Z39.590404 E15.812279458566 F1200.000000
; PC05 POINT 1148 point-0001148 deposition - -
G1 A49.946943 C0.000000 X251.139983 Y378.454416 Z39.590404 E15.812309304432 F1200.000000
; PC05 POINT 1149 point-0001149 deposition - -
G1 A49.946943 C0.000000 X250.760367 Y378.477733 Z39.590404 E15.812304237748 F1200.000000
; PC05 POINT 1150 point-0001150 deposition - -
G1 A49.946943 C0.000000 X250.380296 Y378.491729 Z39.590404 E15.812236095957 F1200.000000
; PC05 POINT 1151 point-0001151 deposition - -
G1 A49.946943 C0.000000 X250.000000 Y378.496395 Z39.590404 E15.812070327913 F1200.000000
; PC05 EVENT event-0000018 retract
; PC05 EVENT_CONTEXT {"extrusion_length_mm":-1.0,"sequence_index":1151}
G1 E-1.000000000000 F3000.000000
; PC05 POINT 1152 point-0001152 depart - -
G1 A49.946943 C0.000000 X250.000000 Y378.496395 Z49.590404 F3000.000000
; PC05 EVENT event-0000019 index_start
; PC05 EVENT_CONTEXT {"sequence_index":1152}
G90
G1 Z20.000000 F3000.000000
; PC05 POINT 1153 point-0001153 travel - -
G1 A67.575276 C0.000000 X250.000000 Y348.397732 Z167.579087 F3000.000000
; PC05 EVENT event-0000020 index_end
; PC05 EVENT_CONTEXT {"sequence_index":1153}
; PC05 POINT 1154 point-0001154 approach - -
G1 A67.575276 C0.000000 X250.000000 Y348.397732 Z157.579087 F3000.000000
; PC05 EVENT event-0000021 prime
; PC05 EVENT_CONTEXT {"extrusion_length_mm":1.0,"sequence_index":1154}
G1 E1.000000000000 F1200.000000
; PC05 POINT 1155 point-0001155 deposition - -
G1 A67.575276 C0.000000 X249.619534 Y348.393056 Z157.579087 E15.819140090421 F1200.000000
; PC05 POINT 1156 point-0001156 deposition - -
G1 A67.575276 C0.000000 X249.239290 Y348.379032 Z157.579087 E15.819464969875 F1200.000000
; PC05 POINT 1157 point-0001157 deposition - -
G1 A67.575276 C0.000000 X248.859501 Y348.355668 Z157.579087 E15.819627531307 F1200.000000
; PC05 POINT 1158 point-0001158 deposition - -
G1 A67.575276 C0.000000 X248.480400 Y348.322978 Z157.579087 E15.819675227507 F1200.000000
; PC05 POINT 1159 point-0001159 deposition - -
G1 A67.575276 C0.000000 X248.102217 Y348.280983 Z157.579087 E15.819648217094 F1200.000000
; PC05 POINT 1160 point-0001160 deposition - -
G1 A67.575276 C0.000000 X247.725183 Y348.229707 Z157.579087 E15.819579823770 F1200.000000
; PC05 POINT 1161 point-0001161 deposition - -
G1 A67.575276 C0.000000 X247.349524 Y348.169183 Z157.579087 E15.819496937963 F1200.000000
; PC05 POINT 1162 point-0001162 deposition - -
G1 A67.575276 C0.000000 X246.975467 Y348.099448 Z157.579087 E15.819420357917 F1200.000000
; PC05 POINT 1163 point-0001163 deposition - -
G1 A67.575276 C0.000000 X246.603237 Y348.020544 Z157.579087 E15.819365067753 F1200.000000
; PC05 POINT 1164 point-0001164 deposition - -
G1 A67.575276 C0.000000 X246.233060 Y347.932519 Z157.579087 E15.819340450542 F1200.000000
; PC05 POINT 1165 point-0001165 deposition - -
G1 A67.575276 C0.000000 X245.865156 Y347.835427 Z157.579087 E15.819350434886 F1200.000000
; PC05 POINT 1166 point-0001166 deposition - -
G1 A67.575276 C0.000000 X245.499747 Y347.729326 Z157.579087 E15.819393574021 F1200.000000
; PC05 POINT 1167 point-0001167 deposition - -
G1 A67.575276 C0.000000 X245.137052 Y347.614282 Z157.579087 E15.819463056929 F1200.000000
; PC05 POINT 1168 point-0001168 deposition - -
G1 A67.575276 C0.000000 X244.777291 Y347.490364 Z157.579087 E15.819546651477 F1200.000000
; PC05 POINT 1169 point-0001169 deposition - -
G1 A67.575276 C0.000000 X244.420680 Y347.357647 Z157.579087 E15.819626580052 F1200.000000
; PC05 POINT 1170 point-0001170 deposition - -
G1 A67.575276 C0.000000 X244.067435 Y347.216212 Z157.579087 E15.819679328697 F1200.000000
; PC05 POINT 1171 point-0001171 deposition - -
G1 A67.575276 C0.000000 X243.717769 Y347.066145 Z157.579087 E15.819675391208 F1200.000000
; PC05 POINT 1172 point-0001172 deposition - -
G1 A67.575276 C0.000000 X243.371895 Y346.907539 Z157.579087 E15.819578950171 F1200.000000
; PC05 POINT 1173 point-0001173 deposition - -
G1 A67.575276 C0.000000 X243.030025 Y346.740492 Z157.579087 E15.819347497369 F1200.000000
; PC05 POINT 1174 point-0001174 deposition - -
G1 A67.575276 C0.000000 X242.692366 Y346.565106 Z157.579087 E15.818997925467 F1200.000000
; PC05 POINT 1175 point-0001175 deposition - -
G1 A67.575276 C0.000000 X242.359116 Y346.381485 Z157.579087 E15.818900410109 F1200.000000
; PC05 POINT 1176 point-0001176 deposition - -
G1 A67.575276 C0.000000 X242.030473 Y346.189740 Z157.579087 E15.818902562268 F1200.000000
; PC05 POINT 1177 point-0001177 deposition - -
G1 A67.575276 C0.000000 X241.706636 Y345.989987 Z157.579087 E15.818899605649 F1200.000000
; PC05 POINT 1178 point-0001178 deposition - -
G1 A67.575276 C0.000000 X241.387798 Y345.782347 Z157.579087 E15.818898917140 F1200.000000
; PC05 POINT 1179 point-0001179 deposition - -
G1 A67.575276 C0.000000 X241.074152 Y345.566945 Z157.579087 E15.818902214184 F1200.000000
; PC05 POINT 1180 point-0001180 deposition - -
G1 A67.575276 C0.000000 X240.765885 Y345.343912 Z157.579087 E15.818905536289 F1200.000000
; PC05 POINT 1181 point-0001181 deposition - -
G1 A67.575276 C0.000000 X240.463184 Y345.113382 Z157.579087 E15.818901432896 F1200.000000
; PC05 POINT 1182 point-0001182 deposition - -
G1 A67.575276 C0.000000 X240.166230 Y344.875495 Z157.579087 E15.818895610746 F1200.000000
; PC05 POINT 1183 point-0001183 deposition - -
G1 A67.575276 C0.000000 X239.875202 Y344.630394 Z157.579087 E15.818895211021 F1200.000000
; PC05 POINT 1184 point-0001184 deposition - -
G1 A67.575276 C0.000000 X239.590274 Y344.378228 Z157.579087 E15.818895486809 F1200.000000
; PC05 POINT 1185 point-0001185 deposition - -
G1 A67.575276 C0.000000 X239.311618 Y344.119148 Z157.579087 E15.818896448935 F1200.000000
; PC05 POINT 1186 point-0001186 deposition - -
G1 A67.575276 C0.000000 X239.039400 Y343.853310 Z157.579087 E15.818909976100 F1200.000000
; PC05 POINT 1187 point-0001187 deposition - -
G1 A67.575276 C0.000000 X238.773784 Y343.580874 Z157.579087 E15.818961552020 F1200.000000
; PC05 POINT 1188 point-0001188 deposition - -
G1 A67.575276 C0.000000 X238.514929 Y343.302004 Z157.579087 E15.819024541004 F1200.000000
; PC05 POINT 1189 point-0001189 deposition - -
G1 A67.575276 C0.000000 X238.262992 Y343.016869 Z157.579087 E15.819049688328 F1200.000000
; PC05 POINT 1190 point-0001190 deposition - -
G1 A67.575276 C0.000000 X238.018123 Y342.725640 Z157.579087 E15.819041725371 F1200.000000
; PC05 POINT 1191 point-0001191 deposition - -
G1 A67.575276 C0.000000 X237.780471 Y342.428494 Z157.579087 E15.819020791690 F1200.000000
; PC05 POINT 1192 point-0001192 deposition - -
G1 A67.575276 C0.000000 X237.550178 Y342.125610 Z157.579087 E15.819001360933 F1200.000000
; PC05 POINT 1193 point-0001193 deposition - -
G1 A67.575276 C0.000000 X237.327383 Y341.817169 Z157.579087 E15.818992414378 F1200.000000
; PC05 POINT 1194 point-0001194 deposition - -
G1 A67.575276 C0.000000 X237.112218 Y341.503357 Z157.579087 E15.818997548470 F1200.000000
; PC05 POINT 1195 point-0001195 deposition - -
G1 A67.575276 C0.000000 X236.904814 Y341.184362 Z157.579087 E15.819015015554 F1200.000000
; PC05 POINT 1196 point-0001196 deposition - -
G1 A67.575276 C0.000000 X236.705294 Y340.860377 Z157.579087 E15.819037697501 F1200.000000
; PC05 POINT 1197 point-0001197 deposition - -
G1 A67.575276 C0.000000 X236.513779 Y340.531596 Z157.579087 E15.819053012390 F1200.000000
; PC05 POINT 1198 point-0001198 deposition - -
G1 A67.575276 C0.000000 X236.330384 Y340.198218 Z157.579087 E15.819042754925 F1200.000000
; PC05 POINT 1199 point-0001199 deposition - -
G1 A67.575276 C0.000000 X236.155220 Y339.860444 Z157.579087 E15.818989370168 F1200.000000
; PC05 POINT 1200 point-0001200 deposition - -
G1 A67.575276 C0.000000 X235.988392 Y339.518477 Z157.579087 E15.818969911672 F1200.000000
; PC05 POINT 1201 point-0001201 deposition - -
G1 A67.575276 C0.000000 X235.830000 Y339.172521 Z157.579087 E15.818986990149 F1200.000000
; PC05 POINT 1202 point-0001202 deposition - -
G1 A67.575276 C0.000000 X235.680139 Y338.822785 Z157.579087 E15.819016907469 F1200.000000
; PC05 POINT 1203 point-0001203 deposition - -
G1 A67.575276 C0.000000 X235.538899 Y338.469478 Z157.579087 E15.819013771641 F1200.000000
; PC05 POINT 1204 point-0001204 deposition - -
G1 A67.575276 C0.000000 X235.406366 Y338.112815 Z157.579087 E15.818997308470 F1200.000000
; PC05 POINT 1205 point-0001205 deposition - -
G1 A67.575276 C0.000000 X235.282619 Y337.753009 Z157.579087 E15.818981511107 F1200.000000
; PC05 POINT 1206 point-0001206 deposition - -
G1 A67.575276 C0.000000 X235.167733 Y337.390277 Z157.579087 E15.818974801917 F1200.000000
; PC05 POINT 1207 point-0001207 deposition - -
G1 A67.575276 C0.000000 X235.061777 Y337.024837 Z157.579087 E15.818980128378 F1200.000000
; PC05 POINT 1208 point-0001208 deposition - -
G1 A67.575276 C0.000000 X234.964814 Y336.656907 Z157.579087 E15.818994992312 F1200.000000
; PC05 POINT 1209 point-0001209 deposition - -
G1 A67.575276 C0.000000 X234.876904 Y336.286710 Z157.579087 E15.819011412185 F1200.000000
; PC05 POINT 1210 point-0001210 deposition - -
G1 A67.575276 C0.000000 X234.798099 Y335.914468 Z157.579087 E15.819015818762 F1200.000000
; PC05 POINT 1211 point-0001211 deposition - -
G1 A67.575276 C0.000000 X234.728447 Y335.540407 Z157.579087 E15.818988884959 F1200.000000
; PC05 POINT 1212 point-0001212 deposition - -
G1 A67.575276 C0.000000 X234.667991 Y335.164750 Z157.579087 E15.818951052492 F1200.000000
; PC05 POINT 1213 point-0001213 deposition - -
G1 A67.575276 C0.000000 X234.616765 Y334.787725 Z157.579087 E15.818916080659 F1200.000000
; PC05 POINT 1214 point-0001214 deposition - -
G1 A67.575276 C0.000000 X234.574803 Y334.409556 Z157.579087 E15.818909877287 F1200.000000
; PC05 POINT 1215 point-0001215 deposition - -
G1 A67.575276 C0.000000 X234.542128 Y334.030472 Z157.579087 E15.818908614279 F1200.000000
; PC05 POINT 1216 point-0001216 deposition - -
G1 A67.575276 C0.000000 X234.518760 Y333.650701 Z157.579087 E15.818908223435 F1200.000000
; PC05 POINT 1217 point-0001217 deposition - -
G1 A67.575276 C0.000000 X234.504715 Y333.270471 Z157.579087 E15.818909124426 F1200.000000
; PC05 POINT 1218 point-0001218 deposition - -
G1 A67.575276 C0.000000 X234.500000 Y332.890011 Z157.579087 E15.818910474490 F1200.000000
; PC05 POINT 1219 point-0001219 deposition - -
G1 A67.575276 C0.000000 X234.504619 Y332.509549 Z157.579087 E15.818944561786 F1200.000000
; PC05 POINT 1220 point-0001220 deposition - -
G1 A67.575276 C0.000000 X234.518569 Y332.129314 Z157.579087 E15.818978191037 F1200.000000
; PC05 POINT 1221 point-0001221 deposition - -
G1 A67.575276 C0.000000 X234.541842 Y331.749534 Z157.579087 E15.819012320835 F1200.000000
; PC05 POINT 1222 point-0001222 deposition - -
G1 A67.575276 C0.000000 X234.574425 Y331.370440 Z157.579087 E15.819012261694 F1200.000000
; PC05 POINT 1223 point-0001223 deposition - -
G1 A67.575276 C0.000000 X234.616297 Y330.992260 Z157.579087 E15.818996967310 F1200.000000
; PC05 POINT 1224 point-0001224 deposition - -
G1 A67.575276 C0.000000 X234.667434 Y330.615221 Z157.579087 E15.818981023635 F1200.000000
; PC05 POINT 1225 point-0001225 deposition - -
G1 A67.575276 C0.000000 X234.727805 Y330.239550 Z157.579087 E15.818973352911 F1200.000000
; PC05 POINT 1226 point-0001226 deposition - -
G1 A67.575276 C0.000000 X234.797374 Y329.865473 Z157.579087 E15.818977318971 F1200.000000
; PC05 POINT 1227 point-0001227 deposition - -
G1 A67.575276 C0.000000 X234.876100 Y329.493215 Z157.579087 E15.818990765185 F1200.000000
; PC05 POINT 1228 point-0001228 deposition - -
G1 A67.575276 C0.000000 X234.963935 Y329.123000 Z157.579087 E15.819005984764 F1200.000000
; PC05 POINT 1229 point-0001229 deposition - -
G1 A67.575276 C0.000000 X235.060827 Y328.755052 Z157.579087 E15.819009623629 F1200.000000
; PC05 POINT 1230 point-0001230 deposition - -
G1 A67.575276 C0.000000 X235.166718 Y328.389592 Z157.579087 E15.818982812038 F1200.000000
; PC05 POINT 1231 point-0001231 deposition - -
G1 A67.575276 C0.000000 X235.281543 Y328.026840 Z157.579087 E15.819004088699 F1200.000000
; PC05 POINT 1232 point-0001232 deposition - -
G1 A67.575276 C0.000000 X235.405234 Y327.667014 Z157.579087 E15.819033384361 F1200.000000
; PC05 POINT 1233 point-0001233 deposition - -
G1 A67.575276 C0.000000 X235.537718 Y327.310330 Z157.579087 E15.819096704364 F1200.000000
; PC05 POINT 1234 point-0001234 deposition - -
G1 A67.575276 C0.000000 X235.678915 Y326.957003 Z157.579087 E15.819134073437 F1200.000000
; PC05 POINT 1235 point-0001235 deposition - -
G1 A67.575276 C0.000000 X235.828738 Y326.607248 Z157.579087 E15.819126851908 F1200.000000
; PC05 POINT 1236 point-0001236 deposition - -
G1 A67.575276 C0.000000 X235.987099 Y326.261274 Z157.579087 E15.819098969236 F1200.000000
; PC05 POINT 1237 point-0001237 deposition - -
G1 A67.575276 C0.000000 X236.153902 Y325.919292 Z157.579087 E15.819068448774 F1200.000000
; PC05 POINT 1238 point-0001238 deposition - -
G1 A67.575276 C0.000000 X236.329046 Y325.581506 Z157.579087 E15.819047623459 F1200.000000
; PC05 POINT 1239 point-0001239 deposition - -
G1 A67.575276 C0.000000 X236.512427 Y325.248121 Z157.579087 E15.819043285547 F1200.000000
; PC05 POINT 1240 point-0001240 deposition - -
G1 A67.575276 C0.000000 X236.703934 Y324.919335 Z157.579087 E15.819056769259 F1200.000000
; PC05 POINT 1241 point-0001241 deposition - -
G1 A67.575276 C0.000000 X236.903452 Y324.595348 Z157.579087 E15.819083965757 F1200.000000
; PC05 POINT 1242 point-0001242 deposition - -
G1 A67.575276 C0.000000 X237.110862 Y324.276354 Z157.579087 E15.819115270322 F1200.000000
; PC05 POINT 1243 point-0001243 deposition - -
G1 A67.575276 C0.000000 X237.326038 Y323.962546 Z157.579087 E15.819135462113 F1200.000000
; PC05 POINT 1244 point-0001244 deposition - -
G1 A67.575276 C0.000000 X237.548851 Y323.654113 Z157.579087 E15.819123517397 F1200.000000
; PC05 POINT 1245 point-0001245 deposition - -
G1 A67.575276 C0.000000 X237.779165 Y323.351244 Z157.579087 E15.819052357624 F1200.000000
; PC05 POINT 1246 point-0001246 deposition - -
G1 A67.575276 C0.000000 X238.016842 Y323.054119 Z157.579087 E15.818970854460 F1200.000000
; PC05 POINT 1247 point-0001247 deposition - -
G1 A67.575276 C0.000000 X238.261740 Y322.762918 Z157.579087 E15.818932675186 F1200.000000
; PC05 POINT 1248 point-0001248 deposition - -
G1 A67.575276 C0.000000 X238.513710 Y322.477816 Z157.579087 E15.818944800276 F1200.000000
; PC05 POINT 1249 point-0001249 deposition - -
G1 A67.575276 C0.000000 X238.772603 Y322.198983 Z157.579087 E15.818941672110 F1200.000000
; PC05 POINT 1250 point-0001250 deposition - -
G1 A67.575276 C0.000000 X239.038261 Y321.926589 Z157.579087 E15.818931518828 F1200.000000
; PC05 POINT 1251 point-0001251 deposition - -
G1 A67.575276 C0.000000 X239.310524 Y321.660798 Z157.579087 E15.818924590030 F1200.000000
; PC05 POINT 1252 point-0001252 deposition - -
G1 A67.575276 C0.000000 X239.589230 Y321.401770 Z157.579087 E15.818925622746 F1200.000000
; PC05 POINT 1253 point-0001253 deposition - -
G1 A67.575276 C0.000000 X239.874209 Y321.149660 Z157.579087 E15.818933813104 F1200.000000
; PC05 POINT 1254 point-0001254 deposition - -
G1 A67.575276 C0.000000 X240.165291 Y320.904621 Z157.579087 E15.818942820322 F1200.000000
; PC05 POINT 1255 point-0001255 deposition - -
G1 A67.575276 C0.000000 X240.462300 Y320.666801 Z157.579087 E15.818940803018 F1200.000000
; PC05 POINT 1256 point-0001256 deposition - -
G1 A67.575276 C0.000000 X240.765056 Y320.436343 Z157.579087 E15.818916795508 F1200.000000
; PC05 POINT 1257 point-0001257 deposition - -
G1 A67.575276 C0.000000 X241.073378 Y320.213387 Z157.579087 E15.818901599798 F1200.000000
; PC05 POINT 1258 point-0001258 deposition - -
G1 A67.575276 C0.000000 X241.387080 Y319.998065 Z157.579087 E15.818902648983 F1200.000000
; PC05 POINT 1259 point-0001259 deposition - -
G1 A67.575276 C0.000000 X241.705973 Y319.790510 Z157.579087 E15.818900151855 F1200.000000
; PC05 POINT 1260 point-0001260 deposition - -
G1 A67.575276 C0.000000 X242.029864 Y319.590844 Z157.579087 E15.818896855834 F1200.000000
; PC05 POINT 1261 point-0001261 deposition - -
G1 A67.575276 C0.000000 X242.358560 Y319.399190 Z157.579087 E15.818897490459 F1200.000000
; PC05 POINT 1262 point-0001262 deposition - -
G1 A67.575276 C0.000000 X242.691860 Y319.215662 Z157.579087 E15.818900997206 F1200.000000
; PC05 POINT 1263 point-0001263 deposition - -
G1 A67.575276 C0.000000 X243.029566 Y319.040371 Z157.579087 E15.818900536913 F1200.000000
; PC05 POINT 1264 point-0001264 deposition - -
G1 A67.575276 C0.000000 X243.371474 Y318.873423 Z157.579087 E15.818953468639 F1200.000000
; PC05 POINT 1265 point-0001265 deposition - -
G1 A67.575276 C0.000000 X243.717383 Y318.714915 Z157.579087 E15.819186208877 F1200.000000
; PC05 POINT 1266 point-0001266 deposition - -
G1 A67.575276 C0.000000 X244.067082 Y318.564946 Z157.579087 E15.819380258299 F1200.000000
; PC05 POINT 1267 point-0001267 deposition - -
G1 A67.575276 C0.000000 X244.420360 Y318.423606 Z157.579087 E15.819457571689 F1200.000000
; PC05 POINT 1268 point-0001268 deposition - -
G1 A67.575276 C0.000000 X244.777001 Y318.290981 Z157.579087 E15.819457165360 F1200.000000
; PC05 POINT 1269 point-0001269 deposition - -
G1 A67.575276 C0.000000 X245.136790 Y318.167152 Z157.579087 E15.819411486297 F1200.000000
; PC05 POINT 1270 point-0001270 deposition - -
G1 A67.575276 C0.000000 X245.499508 Y318.052194 Z157.579087 E15.819346787042 F1200.000000
; PC05 POINT 1271 point-0001271 deposition - -
G1 A67.575276 C0.000000 X245.864938 Y317.946175 Z157.579087 E15.819283439437 F1200.000000
; PC05 POINT 1272 point-0001272 deposition - -
G1 A67.575276 C0.000000 X246.232860 Y317.849160 Z157.579087 E15.819236184908 F1200.000000
; PC05 POINT 1273 point-0001273 deposition - -
G1 A67.575276 C0.000000 X246.603051 Y317.761206 Z157.579087 E15.819214319463 F1200.000000
; PC05 POINT 1274 point-0001274 deposition - -
G1 A67.575276 C0.000000 X246.975291 Y317.682368 Z157.579087 E15.819221812023 F1200.000000
; PC05 POINT 1275 point-0001275 deposition - -
G1 A67.575276 C0.000000 X247.349355 Y317.612691 Z157.579087 E15.819257355262 F1200.000000
; PC05 POINT 1276 point-0001276 deposition - -
G1 A67.575276 C0.000000 X247.725018 Y317.552219 Z157.579087 E15.819314348558 F1200.000000
; PC05 POINT 1277 point-0001277 deposition - -
G1 A67.575276 C0.000000 X248.102054 Y317.500987 Z157.579087 E15.819380813186 F1200.000000
; PC05 POINT 1278 point-0001278 deposition - -
G1 A67.575276 C0.000000 X248.480235 Y317.459027 Z157.579087 E15.819439240383 F1200.000000
; PC05 POINT 1279 point-0001279 deposition - -
G1 A67.575276 C0.000000 X248.859333 Y317.426364 Z157.579087 E15.819466373366 F1200.000000
; PC05 POINT 1280 point-0001280 deposition - -
G1 A67.575276 C0.000000 X249.239118 Y317.403018 Z157.579087 E15.819432924929 F1200.000000
; PC05 POINT 1281 point-0001281 deposition - -
G1 A67.575276 C0.000000 X249.619359 Y317.389004 Z157.579087 E15.819303232676 F1200.000000
; PC05 POINT 1282 point-0001282 deposition - -
G1 A67.575276 C0.000000 X249.999823 Y317.384329 Z157.579087 E15.819040171057 F1200.000000
; PC05 POINT 1283 point-0001283 deposition - -
G1 A67.575276 C0.000000 X250.380293 Y317.388995 Z157.579087 E15.819293019810 F1200.000000
; PC05 POINT 1284 point-0001284 deposition - -
G1 A67.575276 C0.000000 X250.760546 Y317.403002 Z157.579087 E15.819795219087 F1200.000000
; PC05 POINT 1285 point-0001285 deposition - -
G1 A67.575276 C0.000000 X251.140347 Y317.426341 Z157.579087 E15.820085532993 F1200.000000
; PC05 POINT 1286 point-0001286 deposition - -
G1 A67.575276 C0.000000 X251.519464 Y317.458997 Z157.579087 E15.820217060021 F1200.000000
; PC05 POINT 1287 point-0001287 deposition - -
G1 A67.575276 C0.000000 X251.897665 Y317.500952 Z157.579087 E15.820235620311 F1200.000000
; PC05 POINT 1288 point-0001288 deposition - -
G1 A67.575276 C0.000000 X252.274721 Y317.552180 Z157.579087 E15.820180215711 F1200.000000
; PC05 POINT 1289 point-0001289 deposition - -
G1 A67.575276 C0.000000 X252.650403 Y317.612649 Z157.579087 E15.820083437523 F1200.000000
; PC05 POINT 1290 point-0001290 deposition - -
G1 A67.575276 C0.000000 X253.024485 Y317.682323 Z157.579087 E15.819971819154 F1200.000000
; PC05 POINT 1291 point-0001291 deposition - -
G1 A67.575276 C0.000000 X253.396741 Y317.761160 Z157.579087 E15.819866131302 F1200.000000
; PC05 POINT 1292 point-0001292 deposition - -
G1 A67.575276 C0.000000 X253.766947 Y317.849111 Z157.579087 E15.819781617696 F1200.000000
; PC05 POINT 1293 point-0001293 deposition - -
G1 A67.575276 C0.000000 X254.134881 Y317.946125 Z157.579087 E15.819728169851 F1200.000000
; PC05 POINT 1294 point-0001294 deposition - -
G1 A67.575276 C0.000000 X254.500322 Y318.052142 Z157.579087 E15.819710439713 F1200.000000
; PC05 POINT 1295 point-0001295 deposition - -
G1 A67.575276 C0.000000 X254.863051 Y318.167099 Z157.579087 E15.819727889468 F1200.000000
; PC05 POINT 1296 point-0001296 deposition - -
G1 A67.575276 C0.000000 X255.222849 Y318.290927 Z157.579087 E15.819774778252 F1200.000000
; PC05 POINT 1297 point-0001297 deposition - -
G1 A67.575276 C0.000000 X255.579500 Y318.423552 Z157.579087 E15.819840085895 F1200.000000
; PC05 POINT 1298 point-0001298 deposition - -
G1 A67.575276 C0.000000 X255.932789 Y318.564892 Z157.579087 E15.819907374261 F1200.000000
; PC05 POINT 1299 point-0001299 deposition - -
G1 A67.575276 C0.000000 X256.282502 Y318.714864 Z157.579087 E15.819954587171 F1200.000000
; PC05 POINT 1300 point-0001300 deposition - -
G1 A67.575276 C0.000000 X256.628429 Y318.873377 Z157.579087 E15.819953790329 F1200.000000
; PC05 POINT 1301 point-0001301 deposition - -
G1 A67.575276 C0.000000 X256.970358 Y319.040333 Z157.579087 E15.819877490937 F1200.000000
; PC05 POINT 1302 point-0001302 deposition - -
G1 A67.575276 C0.000000 X257.308086 Y319.215633 Z157.579087 E15.819887246063 F1200.000000
; PC05 POINT 1303 point-0001303 deposition - -
G1 A67.575276 C0.000000 X257.641409 Y319.399172 Z157.579087 E15.819925999018 F1200.000000
; PC05 POINT 1304 point-0001304 deposition - -
G1 A67.575276 C0.000000 X257.970125 Y319.590838 Z157.579087 E15.819909862181 F1200.000000
; PC05 POINT 1305 point-0001305 deposition - -
G1 A67.575276 C0.000000 X258.294036 Y319.790515 Z157.579087 E15.819821019757 F1200.000000
; PC05 POINT 1306 point-0001306 deposition - -
G1 A67.575276 C0.000000 X258.612943 Y319.998081 Z157.579087 E15.819635203029 F1200.000000
; PC05 POINT 1307 point-0001307 deposition - -
G1 A67.575276 C0.000000 X258.926653 Y320.213408 Z157.579087 E15.819321432405 F1200.000000
; PC05 POINT 1308 point-0001308 deposition - -
G1 A67.575276 C0.000000 X259.234975 Y320.436366 Z157.579087 E15.818942850514 F1200.000000
; PC05 POINT 1309 point-0001309 deposition - -
G1 A67.575276 C0.000000 X259.537731 Y320.666825 Z157.579087 E15.818909607537 F1200.000000
; PC05 POINT 1310 point-0001310 deposition - -
G1 A67.575276 C0.000000 X259.834739 Y320.904645 Z157.579087 E15.818933615219 F1200.000000
; PC05 POINT 1311 point-0001311 deposition - -
G1 A67.575276 C0.000000 X260.125820 Y321.149685 Z157.579087 E15.818935634803 F1200.000000
; PC05 POINT 1312 point-0001312 deposition - -
G1 A67.575276 C0.000000 X260.410799 Y321.401795 Z157.579087 E15.818926628340 F1200.000000
; PC05 POINT 1313 point-0001313 deposition - -
G1 A67.575276 C0.000000 X260.689503 Y321.660824 Z157.579087 E15.818918437707 F1200.000000
; PC05 POINT 1314 point-0001314 deposition - -
G1 A67.575276 C0.000000 X260.961766 Y321.926616 Z157.579087 E15.818917404199 F1200.000000
; PC05 POINT 1315 point-0001315 deposition - -
G1 A67.575276 C0.000000 X261.227423 Y322.199011 Z157.579087 E15.818924332215 F1200.000000
; PC05 POINT 1316 point-0001316 deposition - -
G1 A67.575276 C0.000000 X261.486315 Y322.477843 Z157.579087 E15.818934485266 F1200.000000
; PC05 POINT 1317 point-0001317 deposition - -
G1 A67.575276 C0.000000 X261.738285 Y322.762947 Z157.579087 E15.818937614300 F1200.000000
; PC05 POINT 1318 point-0001318 deposition - -
G1 A67.575276 C0.000000 X261.983181 Y323.054148 Z157.579087 E15.818925489727 F1200.000000
; PC05 POINT 1319 point-0001319 deposition - -
G1 A67.575276 C0.000000 X262.220857 Y323.351273 Z157.579087 E15.818963668713 F1200.000000
; PC05 POINT 1320 point-0001320 deposition - -
G1 A67.575276 C0.000000 X262.451171 Y323.654143 Z157.579087 E15.819045157662 F1200.000000
; PC05 POINT 1321 point-0001321 deposition - -
G1 A67.575276 C0.000000 X262.673983 Y323.962576 Z157.579087 E15.819116325751 F1200.000000
; PC05 POINT 1322 point-0001322 deposition - -
G1 A67.575276 C0.000000 X262.889158 Y324.276384 Z157.579087 E15.819128275743 F1200.000000
; PC05 POINT 1323 point-0001323 deposition - -
G1 A67.575276 C0.000000 X263.096567 Y324.595378 Z157.579087 E15.819108086743 F1200.000000
; PC05 POINT 1324 point-0001324 deposition - -
G1 A67.575276 C0.000000 X263.296085 Y324.919366 Z157.579087 E15.819076783018 F1200.000000
; PC05 POINT 1325 point-0001325 deposition - -
G1 A67.575276 C0.000000 X263.487591 Y325.248152 Z157.579087 E15.819049585938 F1200.000000
; PC05 POINT 1326 point-0001326 deposition - -
G1 A67.575276 C0.000000 X263.670971 Y325.581538 Z157.579087 E15.819036100750 F1200.000000
; PC05 POINT 1327 point-0001327 deposition - -
G1 A67.575276 C0.000000 X263.846114 Y325.919324 Z157.579087 E15.819040436816 F1200.000000
; PC05 POINT 1328 point-0001328 deposition - -
G1 A67.575276 C0.000000 X264.012916 Y326.261306 Z157.579087 E15.819061260448 F1200.000000
; PC05 POINT 1329 point-0001329 deposition - -
G1 A67.575276 C0.000000 X264.171276 Y326.607280 Z157.579087 E15.819091779942 F1200.000000
; PC05 POINT 1330 point-0001330 deposition - -
G1 A67.575276 C0.000000 X264.321099 Y326.957036 Z157.579087 E15.819119662925 F1200.000000
; PC05 POINT 1331 point-0001331 deposition - -
G1 A67.575276 C0.000000 X264.462294 Y327.310363 Z157.579087 E15.819126886645 F1200.000000
; PC05 POINT 1332 point-0001332 deposition - -
G1 A67.575276 C0.000000 X264.594777 Y327.667047 Z157.579087 E15.819089522268 F1200.000000
; PC05 POINT 1333 point-0001333 deposition - -
G1 A67.575276 C0.000000 X264.718468 Y328.026873 Z157.579087 E15.819026203198 F1200.000000
; PC05 POINT 1334 point-0001334 deposition - -
G1 A67.575276 C0.000000 X264.833292 Y328.389625 Z157.579087 E15.818996914199 F1200.000000
; PC05 POINT 1335 point-0001335 deposition - -
G1 A67.575276 C0.000000 X264.939182 Y328.755085 Z157.579087 E15.818975620644 F1200.000000
; PC05 POINT 1336 point-0001336 deposition - -
G1 A67.575276 C0.000000 X265.036073 Y329.123033 Z157.579087 E15.819002435722 F1200.000000
; PC05 POINT 1337 point-0001337 deposition - -
G1 A67.575276 C0.000000 X265.123907 Y329.493248 Z157.579087 E15.818998799550 F1200.000000
; PC05 POINT 1338 point-0001338 deposition - -
G1 A67.575276 C0.000000 X265.202632 Y329.865506 Z157.579087 E15.818983580897 F1200.000000
; PC05 POINT 1339 point-0001339 deposition - -
G1 A67.575276 C0.000000 X265.272201 Y330.239583 Z157.579087 E15.818970134372 F1200.000000
; PC05 POINT 1340 point-0001340 deposition - -
G1 A67.575276 C0.000000 X265.332571 Y330.615253 Z157.579087 E15.818966167296 F1200.000000
; PC05 POINT 1341 point-0001341 deposition - -
G1 A67.575276 C0.000000 X265.383707 Y330.992293 Z157.579087 E15.818973836833 F1200.000000
; PC05 POINT 1342 point-0001342 deposition - -
G1 A67.575276 C0.000000 X265.425579 Y331.370473 Z157.579087 E15.818989779698 F1200.000000
; PC05 POINT 1343 point-0001343 deposition - -
G1 A67.575276 C0.000000 X265.458160 Y331.749567 Z157.579087 E15.819005074210 F1200.000000
; PC05 POINT 1344 point-0001344 deposition - -
G1 A67.575276 C0.000000 X265.481432 Y332.129346 Z157.579087 E15.819005135002 F1200.000000
; PC05 POINT 1345 point-0001345 deposition - -
G1 A67.575276 C0.000000 X265.495382 Y332.509581 Z157.579087 E15.818971008160 F1200.000000
; PC05 POINT 1346 point-0001346 deposition - -
G1 A67.575276 C0.000000 X265.500000 Y332.890043 Z157.579087 E15.818937380333 F1200.000000
; PC05 POINT 1347 point-0001347 deposition - -
G1 A67.575276 C0.000000 X265.495284 Y333.270503 Z157.579087 E15.818903290952 F1200.000000
; PC05 POINT 1348 point-0001348 deposition - -
G1 A67.575276 C0.000000 X265.481238 Y333.650733 Z157.579087 E15.818901938638 F1200.000000
; PC05 POINT 1349 point-0001349 deposition - -
G1 A67.575276 C0.000000 X265.457870 Y334.030504 Z157.579087 E15.818901037846 F1200.000000
; PC05 POINT 1350 point-0001350 deposition - -
G1 A67.575276 C0.000000 X265.425194 Y334.409588 Z157.579087 E15.818901428476 F1200.000000
; PC05 POINT 1351 point-0001351 deposition - -
G1 A67.575276 C0.000000 X265.383231 Y334.787756 Z157.579087 E15.818902691403 F1200.000000
; PC05 POINT 1352 point-0001352 deposition - -
G1 A67.575276 C0.000000 X265.332005 Y335.164781 Z157.579087 E15.818908893379 F1200.000000
; PC05 POINT 1353 point-0001353 deposition - -
G1 A67.575276 C0.000000 X265.271547 Y335.540437 Z157.579087 E15.818943865761 F1200.000000
; PC05 POINT 1354 point-0001354 deposition - -
G1 A67.575276 C0.000000 X265.201895 Y335.914499 Z157.579087 E15.818981692711 F1200.000000
; PC05 POINT 1355 point-0001355 deposition - -
G1 A67.575276 C0.000000 X265.123089 Y336.286740 Z157.579087 E15.819008631038 F1200.000000
; PC05 POINT 1356 point-0001356 deposition - -
G1 A67.575276 C0.000000 X265.035178 Y336.656937 Z157.579087 E15.819004226888 F1200.000000
; PC05 POINT 1357 point-0001357 deposition - -
G1 A67.575276 C0.000000 X264.938215 Y337.024866 Z157.579087 E15.818987807820 F1200.000000
; PC05 POINT 1358 point-0001358 deposition - -
G1 A67.575276 C0.000000 X264.832258 Y337.390306 Z157.579087 E15.818972943559 F1200.000000
; PC05 POINT 1359 point-0001359 deposition - -
G1 A67.575276 C0.000000 X264.717372 Y337.753038 Z157.579087 E15.818967616122 F1200.000000
; PC05 POINT 1360 point-0001360 deposition - -
G1 A67.575276 C0.000000 X264.593624 Y338.112843 Z157.579087 E15.818974324182 F1200.000000
; PC05 POINT 1361 point-0001361 deposition - -
G1 A67.575276 C0.000000 X264.461090 Y338.469506 Z157.579087 E15.818990120756 F1200.000000
; PC05 POINT 1362 point-0001362 deposition - -
G1 A67.575276 C0.000000 X264.319850 Y338.822812 Z157.579087 E15.819006584002 F1200.000000
; PC05 POINT 1363 point-0001363 deposition - -
G1 A67.575276 C0.000000 X264.169988 Y339.172548 Z157.579087 E15.819009721309 F1200.000000
; PC05 POINT 1364 point-0001364 deposition - -
G1 A67.575276 C0.000000 X264.011595 Y339.518503 Z157.579087 E15.818979807449 F1200.000000
; PC05 POINT 1365 point-0001365 deposition - -
G1 A67.575276 C0.000000 X263.844767 Y339.860470 Z157.579087 E15.818943215461 F1200.000000
; PC05 POINT 1366 point-0001366 deposition - -
G1 A67.575276 C0.000000 X263.669603 Y340.198242 Z157.579087 E15.818935993596 F1200.000000
; PC05 POINT 1367 point-0001367 deposition - -
G1 A67.575276 C0.000000 X263.486209 Y340.531619 Z157.579087 E15.818979185723 F1200.000000
; PC05 POINT 1368 point-0001368 deposition - -
G1 A67.575276 C0.000000 X263.294694 Y340.860398 Z157.579087 E15.818990945699 F1200.000000
; PC05 POINT 1369 point-0001369 deposition - -
G1 A67.575276 C0.000000 X263.095174 Y341.184382 Z157.579087 E15.818984203922 F1200.000000
; PC05 POINT 1370 point-0001370 deposition - -
G1 A67.575276 C0.000000 X262.887770 Y341.503375 Z157.579087 E15.818972569802 F1200.000000
; PC05 POINT 1371 point-0001371 deposition - -
G1 A67.575276 C0.000000 X262.672605 Y341.817186 Z157.579087 E15.818963951085 F1200.000000
; PC05 POINT 1372 point-0001372 deposition - -
G1 A67.575276 C0.000000 X262.449810 Y342.125626 Z157.579087 E15.818960660292 F1200.000000
; PC05 POINT 1373 point-0001373 deposition - -
G1 A67.575276 C0.000000 X262.219517 Y342.428509 Z157.579087 E15.818959503804 F1200.000000
; PC05 POINT 1374 point-0001374 deposition - -
G1 A67.575276 C0.000000 X261.981866 Y342.725654 Z157.579087 E15.818953654286 F1200.000000
; PC05 POINT 1375 point-0001375 deposition - -
G1 A67.575276 C0.000000 X261.736998 Y343.016881 Z157.579087 E15.818968831212 F1200.000000
; PC05 POINT 1376 point-0001376 deposition - -
G1 A67.575276 C0.000000 X261.485061 Y343.302015 Z157.579087 E15.818983133316 F1200.000000
; PC05 POINT 1377 point-0001377 deposition - -
G1 A67.575276 C0.000000 X261.226207 Y343.580883 Z157.579087 E15.818981641532 F1200.000000
; PC05 POINT 1378 point-0001378 deposition - -
G1 A67.575276 C0.000000 X260.960591 Y343.853319 Z157.579087 E15.818958578943 F1200.000000
; PC05 POINT 1379 point-0001379 deposition - -
G1 A67.575276 C0.000000 X260.688373 Y344.119157 Z157.579087 E15.818909648028 F1200.000000
; PC05 POINT 1380 point-0001380 deposition - -
G1 A67.575276 C0.000000 X260.409716 Y344.378237 Z157.579087 E15.818899210631 F1200.000000
; PC05 POINT 1381 point-0001381 deposition - -
G1 A67.575276 C0.000000 X260.124788 Y344.630403 Z157.579087 E15.818901137722 F1200.000000
; PC05 POINT 1382 point-0001382 deposition - -
G1 A67.575276 C0.000000 X259.833759 Y344.875504 Z157.579087 E15.818898681455 F1200.000000
; PC05 POINT 1383 point-0001383 deposition - -
G1 A67.575276 C0.000000 X259.536805 Y345.113390 Z157.579087 E15.818890115473 F1200.000000
; PC05 POINT 1384 point-0001384 deposition - -
G1 A67.575276 C0.000000 X259.234104 Y345.343920 Z157.579087 E15.818894556586 F1200.000000
; PC05 POINT 1385 point-0001385 deposition - -
G1 A67.575276 C0.000000 X258.925838 Y345.566953 Z157.579087 E15.818899446861 F1200.000000
; PC05 POINT 1386 point-0001386 deposition - -
G1 A67.575276 C0.000000 X258.612191 Y345.782354 Z157.579087 E15.818896289328 F1200.000000
; PC05 POINT 1387 point-0001387 deposition - -
G1 A67.575276 C0.000000 X258.293353 Y345.989994 Z157.579087 E15.818892720345 F1200.000000
; PC05 POINT 1388 point-0001388 deposition - -
G1 A67.575276 C0.000000 X257.969516 Y346.189747 Z157.579087 E15.818893080657 F1200.000000
; PC05 POINT 1389 point-0001389 deposition - -
G1 A67.575276 C0.000000 X257.640873 Y346.381491 Z157.579087 E15.818896031733 F1200.000000
; PC05 POINT 1390 point-0001390 deposition - -
G1 A67.575276 C0.000000 X257.307623 Y346.565111 Z157.579087 E15.818894571968 F1200.000000
; PC05 POINT 1391 point-0001391 deposition - -
G1 A67.575276 C0.000000 X256.969965 Y346.740497 Z157.579087 E15.818977453283 F1200.000000
; PC05 POINT 1392 point-0001392 deposition - -
G1 A67.575276 C0.000000 X256.628095 Y346.907543 Z157.579087 E15.819285147905 F1200.000000
; PC05 POINT 1393 point-0001393 deposition - -
G1 A67.575276 C0.000000 X256.282223 Y347.066149 Z157.579087 E15.819531988505 F1200.000000
; PC05 POINT 1394 point-0001394 deposition - -
G1 A67.575276 C0.000000 X255.932558 Y347.216215 Z157.579087 E15.819640119137 F1200.000000
; PC05 POINT 1395 point-0001395 deposition - -
G1 A67.575276 C0.000000 X255.579313 Y347.357650 Z157.579087 E15.819652541890 F1200.000000
; PC05 POINT 1396 point-0001396 deposition - -
G1 A67.575276 C0.000000 X255.222702 Y347.490366 Z157.579087 E15.819605536615 F1200.000000
; PC05 POINT 1397 point-0001397 deposition - -
G1 A67.575276 C0.000000 X254.862941 Y347.614284 Z157.579087 E15.819529043885 F1200.000000
; PC05 POINT 1398 point-0001398 deposition - -
G1 A67.575276 C0.000000 X254.500247 Y347.729328 Z157.579087 E15.819446987494 F1200.000000
; PC05 POINT 1399 point-0001399 deposition - -
G1 A67.575276 C0.000000 X254.134839 Y347.835428 Z157.579087 E15.819377534017 F1200.000000
; PC05 POINT 1400 point-0001400 deposition - -
G1 A67.575276 C0.000000 X253.766935 Y347.932520 Z157.579087 E15.819333287448 F1200.000000
; PC05 POINT 1401 point-0001401 deposition - -
G1 A67.575276 C0.000000 X253.396758 Y348.020545 Z157.579087 E15.819321417409 F1200.000000
; PC05 POINT 1402 point-0001402 deposition - -
G1 A67.575276 C0.000000 X253.024529 Y348.099449 Z157.579087 E15.819343719930 F1200.000000
; PC05 POINT 1403 point-0001403 deposition - -
G1 A67.575276 C0.000000 X252.650472 Y348.169184 Z157.579087 E15.819396610263 F1200.000000
; PC05 POINT 1404 point-0001404 deposition - -
G1 A67.575276 C0.000000 X252.274814 Y348.229708 Z157.579087 E15.819471047728 F1200.000000
; PC05 POINT 1405 point-0001405 deposition - -
G1 A67.575276 C0.000000 X251.897780 Y348.280983 Z157.579087 E15.819552393046 F1200.000000
; PC05 POINT 1406 point-0001406 deposition - -
G1 A67.575276 C0.000000 X251.519598 Y348.322978 Z157.579087 E15.819620199142 F1200.000000
; PC05 POINT 1407 point-0001407 deposition - -
G1 A67.575276 C0.000000 X251.140498 Y348.355668 Z157.579087 E15.819647936872 F1200.000000
; PC05 POINT 1408 point-0001408 deposition - -
G1 A67.575276 C0.000000 X250.760710 Y348.379032 Z157.579087 E15.819602657639 F1200.000000
; PC05 POINT 1409 point-0001409 deposition - -
G1 A67.575276 C0.000000 X250.380466 Y348.393056 Z157.579087 E15.819444595318 F1200.000000
; PC05 POINT 1410 point-0001410 deposition - -
G1 A67.575276 C0.000000 X250.000000 Y348.397732 Z157.579087 E15.819126710429 F1200.000000
; PC05 EVENT event-0000022 retract
; PC05 EVENT_CONTEXT {"extrusion_length_mm":-1.0,"sequence_index":1410}
G1 E-1.000000000000 F3000.000000
; PC05 POINT 1411 point-0001411 depart - -
G1 A67.575276 C0.000000 X250.000000 Y348.397732 Z167.579087 F3000.000000
; PC05 EVENT event-0000023 index_start
; PC05 EVENT_CONTEXT {"sequence_index":1411}
G90
G1 Z20.000000 F3000.000000
; PC05 POINT 1412 point-0001412 travel - -
G1 A70.513331 C0.000000 X250.000000 Y339.870693 Z192.667405 F3000.000000
; PC05 EVENT event-0000024 index_end
; PC05 EVENT_CONTEXT {"sequence_index":1412}
; PC05 POINT 1413 point-0001413 approach - -
G1 A70.513331 C0.000000 X250.000000 Y339.870693 Z182.667405 F3000.000000
; PC05 EVENT event-0000025 prime
; PC05 EVENT_CONTEXT {"extrusion_length_mm":1.0,"sequence_index":1413}
G1 E1.000000000000 F1200.000000
; PC05 POINT 1414 point-0001414 deposition - -
G1 A70.513331 C0.000000 X249.445336 Y339.860764 Z182.667405 E14.912915932792 F1200.000000
; PC05 POINT 1415 point-0001415 deposition - -
G1 A70.513331 C0.000000 X248.898613 Y339.831382 Z182.667405 E14.718245749690 F1200.000000
; PC05 POINT 1416 point-0001416 deposition - -
G1 A70.513331 C0.000000 X248.354189 Y339.782801 Z182.667405 E14.693413888329 F1200.000000
; PC05 POINT 1417 point-0001417 deposition - -
G1 A70.513331 C0.000000 X247.811820 Y339.715063 Z182.667405 E14.693278794806 F1200.000000
; PC05 POINT 1418 point-0001418 deposition - -
G1 A70.513331 C0.000000 X247.272179 Y339.628254 Z182.667405 E14.693152824818 F1200.000000
; PC05 POINT 1419 point-0001419 deposition - -
G1 A70.513331 C0.000000 X246.735938 Y339.522482 Z182.667405 E14.693035979292 F1200.000000
; PC05 POINT 1420 point-0001420 deposition - -
G1 A70.513331 C0.000000 X246.203761 Y339.397877 Z182.667405 E14.692928259083 F1200.000000
; PC05 POINT 1421 point-0001421 deposition - -
G1 A70.513331 C0.000000 X245.676309 Y339.254596 Z182.667405 E14.692829664981 F1200.000000
; PC05 POINT 1422 point-0001422 deposition - -
G1 A70.513331 C0.000000 X245.154239 Y339.092816 Z182.667405 E14.692740197710 F1200.000000
; PC05 POINT 1423 point-0001423 deposition - -
G1 A70.513331 C0.000000 X244.638196 Y338.912739 Z182.667405 E14.692659857925 F1200.000000
; PC05 POINT 1424 point-0001424 deposition - -
G1 A70.513331 C0.000000 X244.128823 Y338.714588 Z182.667405 E14.692588646216 F1200.000000
; PC05 POINT 1425 point-0001425 deposition - -
G1 A70.513331 C0.000000 X243.626752 Y338.498609 Z182.667405 E14.692526563106 F1200.000000
; PC05 POINT 1426 point-0001426 deposition - -
G1 A70.513331 C0.000000 X243.132607 Y338.265071 Z182.667405 E14.692473609048 F1200.000000
; PC05 POINT 1427 point-0001427 deposition - -
G1 A70.513331 C0.000000 X242.647000 Y338.014264 Z182.667405 E14.692429784433 F1200.000000
; PC05 POINT 1428 point-0001428 deposition - -
G1 A70.513331 C0.000000 X242.170534 Y337.746500 Z182.667405 E14.692395089582 F1200.000000
; PC05 POINT 1429 point-0001429 deposition - -
G1 A70.513331 C0.000000 X241.703803 Y337.462111 Z182.667405 E14.692369524748 F1200.000000
; PC05 POINT 1430 point-0001430 deposition - -
G1 A70.513331 C0.000000 X241.247384 Y337.161450 Z182.667405 E14.692353090119 F1200.000000
; PC05 POINT 1431 point-0001431 deposition - -
G1 A70.513331 C0.000000 X240.801845 Y336.844891 Z182.667405 E14.692345785817 F1200.000000
; PC05 POINT 1432 point-0001432 deposition - -
G1 A70.513331 C0.000000 X240.367739 Y336.512827 Z182.667405 E14.692347611894 F1200.000000
; PC05 POINT 1433 point-0001433 deposition - -
G1 A70.513331 C0.000000 X239.945605 Y336.165670 Z182.667405 E14.692358568337 F1200.000000
; PC05 POINT 1434 point-0001434 deposition - -
G1 A70.513331 C0.000000 X239.535967 Y335.803851 Z182.667405 E14.692378655066 F1200.000000
; PC05 POINT 1435 point-0001435 deposition - -
G1 A70.513331 C0.000000 X239.139334 Y335.427819 Z182.667405 E14.692407871933 F1200.000000
; PC05 POINT 1436 point-0001436 deposition - -
G1 A70.513331 C0.000000 X238.756199 Y335.038042 Z182.667405 E14.692446218724 F1200.000000
; PC05 POINT 1437 point-0001437 deposition - -
G1 A70.513331 C0.000000 X238.387037 Y334.635003 Z182.667405 E14.692493695158 F1200.000000
; PC05 POINT 1438 point-0001438 deposition - -
G1 A70.513331 C0.000000 X238.032308 Y334.219202 Z182.667405 E14.692550300887 F1200.000000
; PC05 POINT 1439 point-0001439 deposition - -
G1 A70.513331 C0.000000 X237.692451 Y333.791157 Z182.667405 E14.692616035495 F1200.000000
; PC05 POINT 1440 point-0001440 deposition - -
G1 A70.513331 C0.000000 X237.367888 Y333.351398 Z182.667405 E14.692690898501 F1200.000000
; PC05 POINT 1441 point-0001441 deposition - -
G1 A70.513331 C0.000000 X237.059024 Y332.900471 Z182.667405 E14.692774889355 F1200.000000
; PC05 POINT 1442 point-0001442 deposition - -
G1 A70.513331 C0.000000 X236.766242 Y332.438936 Z182.667405 E14.692868007441 F1200.000000
; PC05 POINT 1443 point-0001443 deposition - -
G1 A70.513331 C0.000000 X236.489905 Y331.967366 Z182.667405 E14.692970252076 F1200.000000
; PC05 POINT 1444 point-0001444 deposition - -
G1 A70.513331 C0.000000 X236.230357 Y331.486347 Z182.667405 E14.693081622511 F1200.000000
; PC05 POINT 1445 point-0001445 deposition - -
G1 A70.513331 C0.000000 X235.987920 Y330.996475 Z182.667405 E14.693202117928 F1200.000000
; PC05 POINT 1446 point-0001446 deposition - -
G1 A70.513331 C0.000000 X235.762897 Y330.498360 Z182.667405 E14.693331737445 F1200.000000
; PC05 POINT 1447 point-0001447 deposition - -
G1 A70.513331 C0.000000 X235.555566 Y329.992618 Z182.667405 E14.693470480109 F1200.000000
; PC05 POINT 1448 point-0001448 deposition - -
G1 A70.513331 C0.000000 X235.364878 Y329.475905 Z182.667405 E14.805996020648 F1200.000000
; PC05 POINT 1449 point-0001449 deposition - -
G1 A70.513331 C0.000000 X235.191563 Y328.948921 Z182.667405 E14.912916398282 F1200.000000
; PC05 POINT 1450 point-0001450 deposition - -
G1 A70.513331 C0.000000 X235.037871 Y328.418324 Z182.667405 E14.849870712829 F1200.000000
; PC05 POINT 1451 point-0001451 deposition - -
G1 A70.513331 C0.000000 X234.904597 Y327.888230 Z182.667405 E14.693499323332 F1200.000000
; PC05 POINT 1452 point-0001452 deposition - -
G1 A70.513331 C0.000000 X234.790089 Y327.353773 Z182.667405 E14.693358756157 F1200.000000
; PC05 POINT 1453 point-0001453 deposition - -
G1 A70.513331 C0.000000 X234.694489 Y326.815618 Z182.667405 E14.693227311933 F1200.000000
; PC05 POINT 1454 point-0001454 deposition - -
G1 A70.513331 C0.000000 X234.617914 Y326.274432 Z182.667405 E14.693104991623 F1200.000000
; PC05 POINT 1455 point-0001455 deposition - -
G1 A70.513331 C0.000000 X234.560460 Y325.730888 Z182.667405 E14.692991796124 F1200.000000
; PC05 POINT 1456 point-0001456 deposition - -
G1 A70.513331 C0.000000 X234.522198 Y325.185661 Z182.667405 E14.692887726267 F1200.000000
; PC05 POINT 1457 point-0001457 deposition - -
G1 A70.513331 C0.000000 X234.503175 Y324.639427 Z182.667405 E14.692792782814 F1200.000000
; PC05 POINT 1458 point-0001458 deposition - -
G1 A70.513331 C0.000000 X234.503414 Y324.092866 Z182.667405 E14.692706966463 F1200.000000
; PC05 POINT 1459 point-0001459 deposition - -
G1 A70.513331 C0.000000 X234.522915 Y323.546655 Z182.667405 E14.692630277842 F1200.000000
; PC05 POINT 1460 point-0001460 deposition - -
G1 A70.513331 C0.000000 X234.561654 Y323.001474 Z182.667405 E14.692562717513 F1200.000000
; PC05 POINT 1461 point-0001461 deposition - -
G1 A70.513331 C0.000000 X234.619582 Y322.457998 Z182.667405 E14.692504285973 F1200.000000
; PC05 POINT 1462 point-0001462 deposition - -
G1 A70.513331 C0.000000 X234.696626 Y321.916904 Z182.667405 E14.692454983650 F1200.000000
; PC05 POINT 1463 point-0001463 deposition - -
G1 A70.513331 C0.000000 X234.792692 Y321.378862 Z182.667405 E14.692414810905 F1200.000000
; PC05 POINT 1464 point-0001464 deposition - -
G1 A70.513331 C0.000000 X234.907660 Y320.844541 Z182.667405 E14.692383768034 F1200.000000
; PC05 POINT 1465 point-0001465 deposition - -
G1 A70.513331 C0.000000 X235.041388 Y320.314605 Z182.667405 E14.692361855263 F1200.000000
; PC05 POINT 1466 point-0001466 deposition - -
G1 A70.513331 C0.000000 X235.193708 Y319.789711 Z182.667405 E14.692349072754 F1200.000000
; PC05 POINT 1467 point-0001467 deposition - -
G1 A70.513331 C0.000000 X235.364431 Y319.270512 Z182.667405 E14.692345420601 F1200.000000
; PC05 POINT 1468 point-0001468 deposition - -
G1 A70.513331 C0.000000 X235.553347 Y318.757651 Z182.667405 E14.692350898830 F1200.000000
; PC05 POINT 1469 point-0001469 deposition - -
G1 A70.513331 C0.000000 X235.760220 Y318.251767 Z182.667405 E14.692365507401 F1200.000000
; PC05 POINT 1470 point-0001470 deposition - -
G1 A70.513331 C0.000000 X235.984793 Y317.753486 Z182.667405 E14.692389246207 F1200.000000
; PC05 POINT 1471 point-0001471 deposition - -
G1 A70.513331 C0.000000 X236.226788 Y317.263429 Z182.667405 E14.692422115073 F1200.000000
; PC05 POINT 1472 point-0001472 deposition - -
G1 A70.513331 C0.000000 X236.485904 Y316.782203 Z182.667405 E14.692464113759 F1200.000000
; PC05 POINT 1473 point-0001473 deposition - -
G1 A70.513331 C0.000000 X236.761819 Y316.310406 Z182.667405 E14.692515241957 F1200.000000
; PC05 POINT 1474 point-0001474 deposition - -
G1 A70.513331 C0.000000 X237.054192 Y315.848624 Z182.667405 E14.692575499290 F1200.000000
; PC05 POINT 1475 point-0001475 deposition - -
G1 A70.513331 C0.000000 X237.362659 Y315.397431 Z182.667405 E14.692644885319 F1200.000000
; PC05 POINT 1476 point-0001476 deposition - -
G1 A70.513331 C0.000000 X237.686836 Y314.957387 Z182.667405 E14.692723399534 F1200.000000
; PC05 POINT 1477 point-0001477 deposition - -
G1 A70.513331 C0.000000 X238.026323 Y314.529039 Z182.667405 E14.692811041358 F1200.000000
; PC05 POINT 1478 point-0001478 deposition - -
G1 A70.513331 C0.000000 X238.380697 Y314.112918 Z182.667405 E14.692907810150 F1200.000000
; PC05 POINT 1479 point-0001479 deposition - -
G1 A70.513331 C0.000000 X238.749519 Y313.709541 Z182.667405 E14.693013705198 F1200.000000
; PC05 POINT 1480 point-0001480 deposition - -
G1 A70.513331 C0.000000 X239.132331 Y313.319411 Z182.667405 E14.693128725728 F1200.000000
; PC05 POINT 1481 point-0001481 deposition - -
G1 A70.513331 C0.000000 X239.528657 Y312.943011 Z182.667405 E14.693252870895 F1200.000000
; PC05 POINT 1482 point-0001482 deposition - -
G1 A70.513331 C0.000000 X239.938006 Y312.580809 Z182.667405 E14.693386139788 F1200.000000
; PC05 POINT 1483 point-0001483 deposition - -
G1 A70.513331 C0.000000 X240.359870 Y312.233255 Z182.667405 E14.693528531431 F1200.000000
; PC05 POINT 1484 point-0001484 deposition - -
G1 A70.513331 C0.000000 X240.799797 Y311.896469 Z182.667405 E14.893745105057 F1200.000000
; PC05 POINT 1485 point-0001485 deposition - -
G1 A70.513331 C0.000000 X241.252078 Y311.575232 Z182.667405 E14.912916243118 F1200.000000
; PC05 POINT 1486 point-0001486 deposition - -
G1 A70.513331 C0.000000 X241.710878 Y311.273469 Z182.667405 E14.762121031833 F1200.000000
; PC05 POINT 1487 point-0001487 deposition - -
G1 A70.513331 C0.000000 X242.177892 Y310.989467 Z182.667405 E14.693442001772 F1200.000000
; PC05 POINT 1488 point-0001488 deposition - -
G1 A70.513331 C0.000000 X242.654621 Y310.722103 Z182.667405 E14.693305083658 F1200.000000
; PC05 POINT 1489 point-0001489 deposition - -
G1 A70.513331 C0.000000 X243.140472 Y310.471709 Z182.667405 E14.693177288887 F1200.000000
; PC05 POINT 1490 point-0001490 deposition - -
G1 A70.513331 C0.000000 X243.634842 Y310.238595 Z182.667405 E14.693058618399 F1200.000000
; PC05 POINT 1491 point-0001491 deposition - -
G1 A70.513331 C0.000000 X244.137116 Y310.023049 Z182.667405 E14.692949073060 F1200.000000
; PC05 POINT 1492 point-0001492 deposition - -
G1 A70.513331 C0.000000 X244.646671 Y309.825341 Z182.667405 E14.692848653677 F1200.000000
; PC05 POINT 1493 point-0001493 deposition - -
G1 A70.513331 C0.000000 X245.162875 Y309.645714 Z182.667405 E14.692757360985 F1200.000000
; PC05 POINT 1494 point-0001494 deposition - -
G1 A70.513331 C0.000000 X245.685085 Y309.484392 Z182.667405 E14.692675195654 F1200.000000
; PC05 POINT 1495 point-0001495 deposition - -
G1 A70.513331 C0.000000 X246.212653 Y309.341575 Z182.667405 E14.692602158286 F1200.000000
; PC05 POINT 1496 point-0001496 deposition - -
G1 A70.513331 C0.000000 X246.744925 Y309.217440 Z182.667405 E14.692538249417 F1200.000000
; PC05 POINT 1497 point-0001497 deposition - -
G1 A70.513331 C0.000000 X247.281238 Y309.112140 Z182.667405 E14.692483469516 F1200.000000
; PC05 POINT 1498 point-0001498 deposition - -
G1 A70.513331 C0.000000 X247.820928 Y309.025808 Z182.667405 E14.692437818985 F1200.000000
; PC05 POINT 1499 point-0001499 deposition - -
G1 A70.513331 C0.000000 X248.363324 Y308.958549 Z182.667405 E14.692401298158 F1200.000000
; PC05 POINT 1500 point-0001500 deposition - -
G1 A70.513331 C0.000000 X248.907752 Y308.910447 Z182.667405 E14.692373907303 F1200.000000
; PC05 POINT 1501 point-0001501 deposition - -
G1 A70.513331 C0.000000 X249.453537 Y308.881562 Z182.667405 E14.692355646622 F1200.000000
; PC05 POINT 1502 point-0001502 deposition - -
G1 A70.513331 C0.000000 X250.000000 Y308.871930 Z182.667405 E14.692346516248 F1200.000000
; PC05 POINT 1503 point-0001503 deposition - -
G1 A70.513331 C0.000000 X250.546463 Y308.881562 Z182.667405 E14.692346516247 F1200.000000
; PC05 POINT 1504 point-0001504 deposition - -
G1 A70.513331 C0.000000 X251.092248 Y308.910447 Z182.667405 E14.692355646622 F1200.000000
; PC05 POINT 1505 point-0001505 deposition - -
G1 A70.513331 C0.000000 X251.636676 Y308.958549 Z182.667405 E14.692373907303 F1200.000000
; PC05 POINT 1506 point-0001506 deposition - -
G1 A70.513331 C0.000000 X252.179072 Y309.025808 Z182.667405 E14.692401298158 F1200.000000
; PC05 POINT 1507 point-0001507 deposition - -
G1 A70.513331 C0.000000 X252.718762 Y309.112140 Z182.667405 E14.692437818984 F1200.000000
; PC05 POINT 1508 point-0001508 deposition - -
G1 A70.513331 C0.000000 X253.255075 Y309.217440 Z182.667405 E14.692483469516 F1200.000000
; PC05 POINT 1509 point-0001509 deposition - -
G1 A70.513331 C0.000000 X253.787347 Y309.341575 Z182.667405 E14.692538249417 F1200.000000
; PC05 POINT 1510 point-0001510 deposition - -
G1 A70.513331 C0.000000 X254.314915 Y309.484392 Z182.667405 E14.692602158285 F1200.000000
; PC05 POINT 1511 point-0001511 deposition - -
G1 A70.513331 C0.000000 X254.837125 Y309.645714 Z182.667405 E14.692675195654 F1200.000000
; PC05 POINT 1512 point-0001512 deposition - -
G1 A70.513331 C0.000000 X255.353329 Y309.825341 Z182.667405 E14.692757360985 F1200.000000
; PC05 POINT 1513 point-0001513 deposition - -
G1 A70.513331 C0.000000 X255.862884 Y310.023049 Z182.667405 E14.692848653677 F1200.000000
; PC05 POINT 1514 point-0001514 deposition - -
G1 A70.513331 C0.000000 X256.365158 Y310.238595 Z182.667405 E14.692949073061 F1200.000000
; PC05 POINT 1515 point-0001515 deposition - -
G1 A70.513331 C0.000000 X256.859528 Y310.471709 Z182.667405 E14.693058618398 F1200.000000
; PC05 POINT 1516 point-0001516 deposition - -
G1 A70.513331 C0.000000 X257.345379 Y310.722103 Z182.667405 E14.693177288888 F1200.000000
; PC05 POINT 1517 point-0001517 deposition - -
G1 A70.513331 C0.000000 X257.822108 Y310.989467 Z182.667405 E14.693305083658 F1200.000000
; PC05 POINT 1518 point-0001518 deposition - -
G1 A70.513331 C0.000000 X258.289122 Y311.273469 Z182.667405 E14.693442001772 F1200.000000
; PC05 POINT 1519 point-0001519 deposition - -
G1 A70.513331 C0.000000 X258.747922 Y311.575232 Z182.667405 E14.762121031822 F1200.000000
; PC05 POINT 1520 point-0001520 deposition - -
G1 A70.513331 C0.000000 X259.200203 Y311.896469 Z182.667405 E14.912916243118 F1200.000000
; PC05 POINT 1521 point-0001521 deposition - -
G1 A70.513331 C0.000000 X259.640130 Y312.233255 Z182.667405 E14.893745105068 F1200.000000
; PC05 POINT 1522 point-0001522 deposition - -
G1 A70.513331 C0.000000 X260.061994 Y312.580809 Z182.667405 E14.693528531431 F1200.000000
; PC05 POINT 1523 point-0001523 deposition - -
G1 A70.513331 C0.000000 X260.471343 Y312.943011 Z182.667405 E14.693386139788 F1200.000000
; PC05 POINT 1524 point-0001524 deposition - -
G1 A70.513331 C0.000000 X260.867669 Y313.319411 Z182.667405 E14.693252870895 F1200.000000
; PC05 POINT 1525 point-0001525 deposition - -
G1 A70.513331 C0.000000 X261.250481 Y313.709541 Z182.667405 E14.693128725728 F1200.000000
; PC05 POINT 1526 point-0001526 deposition - -
G1 A70.513331 C0.000000 X261.619303 Y314.112918 Z182.667405 E14.693013705199 F1200.000000
; PC05 POINT 1527 point-0001527 deposition - -
G1 A70.513331 C0.000000 X261.973677 Y314.529039 Z182.667405 E14.692907810149 F1200.000000
; PC05 POINT 1528 point-0001528 deposition - -
G1 A70.513331 C0.000000 X262.313164 Y314.957387 Z182.667405 E14.692811041358 F1200.000000
; PC05 POINT 1529 point-0001529 deposition - -
G1 A70.513331 C0.000000 X262.637341 Y315.397431 Z182.667405 E14.692723399534 F1200.000000
; PC05 POINT 1530 point-0001530 deposition - -
G1 A70.513331 C0.000000 X262.945808 Y315.848624 Z182.667405 E14.692644885319 F1200.000000
; PC05 POINT 1531 point-0001531 deposition - -
G1 A70.513331 C0.000000 X263.238181 Y316.310406 Z182.667405 E14.692575499291 F1200.000000
; PC05 POINT 1532 point-0001532 deposition - -
G1 A70.513331 C0.000000 X263.514096 Y316.782203 Z182.667405 E14.692515241956 F1200.000000
; PC05 POINT 1533 point-0001533 deposition - -
G1 A70.513331 C0.000000 X263.773212 Y317.263429 Z182.667405 E14.692464113759 F1200.000000
; PC05 POINT 1534 point-0001534 deposition - -
G1 A70.513331 C0.000000 X264.015207 Y317.753486 Z182.667405 E14.692422115073 F1200.000000
; PC05 POINT 1535 point-0001535 deposition - -
G1 A70.513331 C0.000000 X264.239780 Y318.251767 Z182.667405 E14.692389246207 F1200.000000
; PC05 POINT 1536 point-0001536 deposition - -
G1 A70.513331 C0.000000 X264.446653 Y318.757651 Z182.667405 E14.692365507401 F1200.000000
; PC05 POINT 1537 point-0001537 deposition - -
G1 A70.513331 C0.000000 X264.635569 Y319.270512 Z182.667405 E14.692350898830 F1200.000000
; PC05 POINT 1538 point-0001538 deposition - -
G1 A70.513331 C0.000000 X264.806292 Y319.789711 Z182.667405 E14.692345420601 F1200.000000
; PC05 POINT 1539 point-0001539 deposition - -
G1 A70.513331 C0.000000 X264.958612 Y320.314605 Z182.667405 E14.692349072755 F1200.000000
; PC05 POINT 1540 point-0001540 deposition - -
G1 A70.513331 C0.000000 X265.092340 Y320.844541 Z182.667405 E14.692361855263 F1200.000000
; PC05 POINT 1541 point-0001541 deposition - -
G1 A70.513331 C0.000000 X265.207308 Y321.378862 Z182.667405 E14.692383768034 F1200.000000
; PC05 POINT 1542 point-0001542 deposition - -
G1 A70.513331 C0.000000 X265.303374 Y321.916904 Z182.667405 E14.692414810905 F1200.000000
; PC05 POINT 1543 point-0001543 deposition - -
G1 A70.513331 C0.000000 X265.380418 Y322.457998 Z182.667405 E14.692454983650 F1200.000000
; PC05 POINT 1544 point-0001544 deposition - -
G1 A70.513331 C0.000000 X265.438346 Y323.001474 Z182.667405 E14.692504285973 F1200.000000
; PC05 POINT 1545 point-0001545 deposition - -
G1 A70.513331 C0.000000 X265.477085 Y323.546655 Z182.667405 E14.692562717513 F1200.000000
; PC05 POINT 1546 point-0001546 deposition - -
G1 A70.513331 C0.000000 X265.496586 Y324.092866 Z182.667405 E14.692630277842 F1200.000000
; PC05 POINT 1547 point-0001547 deposition - -
G1 A70.513331 C0.000000 X265.496825 Y324.639427 Z182.667405 E14.692706966463 F1200.000000
; PC05 POINT 1548 point-0001548 deposition - -
G1 A70.513331 C0.000000 X265.477802 Y325.185661 Z182.667405 E14.692792782814 F1200.000000
; PC05 POINT 1549 point-0001549 deposition - -
G1 A70.513331 C0.000000 X265.439540 Y325.730888 Z182.667405 E14.692887726267 F1200.000000
; PC05 POINT 1550 point-0001550 deposition - -
G1 A70.513331 C0.000000 X265.382086 Y326.274432 Z182.667405 E14.692991796124 F1200.000000
; PC05 POINT 1551 point-0001551 deposition - -
G1 A70.513331 C0.000000 X265.305511 Y326.815618 Z182.667405 E14.693104991623 F1200.000000
; PC05 POINT 1552 point-0001552 deposition - -
G1 A70.513331 C0.000000 X265.209911 Y327.353773 Z182.667405 E14.693227311933 F1200.000000
; PC05 POINT 1553 point-0001553 deposition - -
G1 A70.513331 C0.000000 X265.095403 Y327.888230 Z182.667405 E14.693358756157 F1200.000000
; PC05 POINT 1554 point-0001554 deposition - -
G1 A70.513331 C0.000000 X264.962129 Y328.418324 Z182.667405 E14.693499323331 F1200.000000
; PC05 POINT 1555 point-0001555 deposition - -
G1 A70.513331 C0.000000 X264.808437 Y328.948921 Z182.667405 E14.849870712819 F1200.000000
; PC05 POINT 1556 point-0001556 deposition - -
G1 A70.513331 C0.000000 X264.635122 Y329.475905 Z182.667405 E14.912916398282 F1200.000000
; PC05 POINT 1557 point-0001557 deposition - -
G1 A70.513331 C0.000000 X264.444434 Y329.992618 Z182.667405 E14.805996020657 F1200.000000
; PC05 POINT 1558 point-0001558 deposition - -
G1 A70.513331 C0.000000 X264.237103 Y330.498360 Z182.667405 E14.693470480109 F1200.000000
; PC05 POINT 1559 point-0001559 deposition - -
G1 A70.513331 C0.000000 X264.012080 Y330.996475 Z182.667405 E14.693331737444 F1200.000000
; PC05 POINT 1560 point-0001560 deposition - -
G1 A70.513331 C0.000000 X263.769643 Y331.486347 Z182.667405 E14.693202117928 F1200.000000
; PC05 POINT 1561 point-0001561 deposition - -
G1 A70.513331 C0.000000 X263.510095 Y331.967366 Z182.667405 E14.693081622511 F1200.000000
; PC05 POINT 1562 point-0001562 deposition - -
G1 A70.513331 C0.000000 X263.233758 Y332.438936 Z182.667405 E14.692970252076 F1200.000000
; PC05 POINT 1563 point-0001563 deposition - -
G1 A70.513331 C0.000000 X262.940976 Y332.900471 Z182.667405 E14.692868007441 F1200.000000
; PC05 POINT 1564 point-0001564 deposition - -
G1 A70.513331 C0.000000 X262.632112 Y333.351398 Z182.667405 E14.692774889354 F1200.000000
; PC05 POINT 1565 point-0001565 deposition - -
G1 A70.513331 C0.000000 X262.307549 Y333.791157 Z182.667405 E14.692690898500 F1200.000000
; PC05 POINT 1566 point-0001566 deposition - -
G1 A70.513331 C0.000000 X261.967692 Y334.219202 Z182.667405 E14.692616035495 F1200.000000
; PC05 POINT 1567 point-0001567 deposition - -
G1 A70.513331 C0.000000 X261.612963 Y334.635003 Z182.667405 E14.692550300887 F1200.000000
; PC05 POINT 1568 point-0001568 deposition - -
G1 A70.513331 C0.000000 X261.243801 Y335.038042 Z182.667405 E14.692493695158 F1200.000000
; PC05 POINT 1569 point-0001569 deposition - -
G1 A70.513331 C0.000000 X260.860666 Y335.427819 Z182.667405 E14.692446218724 F1200.000000
; PC05 POINT 1570 point-0001570 deposition - -
G1 A70.513331 C0.000000 X260.464033 Y335.803851 Z182.667405 E14.692407871933 F1200.000000
; PC05 POINT 1571 point-0001571 deposition - -
G1 A70.513331 C0.000000 X260.054395 Y336.165670 Z182.667405 E14.692378655065 F1200.000000
; PC05 POINT 1572 point-0001572 deposition - -
G1 A70.513331 C0.000000 X259.632261 Y336.512827 Z182.667405 E14.692358568337 F1200.000000
; PC05 POINT 1573 point-0001573 deposition - -
G1 A70.513331 C0.000000 X259.198155 Y336.844891 Z182.667405 E14.692347611893 F1200.000000
; PC05 POINT 1574 point-0001574 deposition - -
G1 A70.513331 C0.000000 X258.752616 Y337.161450 Z182.667405 E14.692345785816 F1200.000000
; PC05 POINT 1575 point-0001575 deposition - -
G1 A70.513331 C0.000000 X258.296197 Y337.462111 Z182.667405 E14.692353090119 F1200.000000
; PC05 POINT 1576 point-0001576 deposition - -
G1 A70.513331 C0.000000 X257.829466 Y337.746500 Z182.667405 E14.692369524747 F1200.000000
; PC05 POINT 1577 point-0001577 deposition - -
G1 A70.513331 C0.000000 X257.353000 Y338.014264 Z182.667405 E14.692395089582 F1200.000000
; PC05 POINT 1578 point-0001578 deposition - -
G1 A70.513331 C0.000000 X256.867393 Y338.265071 Z182.667405 E14.692429784433 F1200.000000
; PC05 POINT 1579 point-0001579 deposition - -
G1 A70.513331 C0.000000 X256.373248 Y338.498609 Z182.667405 E14.692473609048 F1200.000000
; PC05 POINT 1580 point-0001580 deposition - -
G1 A70.513331 C0.000000 X255.871177 Y338.714588 Z182.667405 E14.692526563105 F1200.000000
; PC05 POINT 1581 point-0001581 deposition - -
G1 A70.513331 C0.000000 X255.361804 Y338.912739 Z182.667405 E14.692588646216 F1200.000000
; PC05 POINT 1582 point-0001582 deposition - -
G1 A70.513331 C0.000000 X254.845761 Y339.092816 Z182.667405 E14.692659857924 F1200.000000
; PC05 POINT 1583 point-0001583 deposition - -
G1 A70.513331 C0.000000 X254.323691 Y339.254596 Z182.667405 E14.692740197709 F1200.000000
; PC05 POINT 1584 point-0001584 deposition - -
G1 A70.513331 C0.000000 X253.796239 Y339.397877 Z182.667405 E14.692829664980 F1200.000000
; PC05 POINT 1585 point-0001585 deposition - -
G1 A70.513331 C0.000000 X253.264062 Y339.522482 Z182.667405 E14.692928259082 F1200.000000
; PC05 POINT 1586 point-0001586 deposition - -
G1 A70.513331 C0.000000 X252.727821 Y339.628254 Z182.667405 E14.693035979292 F1200.000000
; PC05 POINT 1587 point-0001587 deposition - -
G1 A70.513331 C0.000000 X252.188180 Y339.715063 Z182.667405 E14.693152824818 F1200.000000
; PC05 POINT 1588 point-0001588 deposition - -
G1 A70.513331 C0.000000 X251.645811 Y339.782801 Z182.667405 E14.693278794805 F1200.000000
; PC05 POINT 1589 point-0001589 deposition - -
G1 A70.513331 C0.000000 X251.101387 Y339.831382 Z182.667405 E14.693413888329 F1200.000000
; PC05 POINT 1590 point-0001590 deposition - -
G1 A70.513331 C0.000000 X250.554664 Y339.860764 Z182.667405 E14.718245749685 F1200.000000
; PC05 POINT 1591 point-0001591 deposition - -
G1 A70.513331 C0.000000 X250.000000 Y339.870693 Z182.667405 E14.912915932805 F1200.000000
G90 ; restore absolute axes
M83 ; restore relative extrusion
G94 ; restore units per minute
M400
M2
