ISO-10303-21;
HEADER;
FILE_DESCRIPTION (( 'STEP AP214' ),
    '1' );
FILE_NAME ('∑Á…»…»“∂.STEP',
    '2026-07-08T07:19:36',
    ( 'Haoge_aimoyu' ),
    ( '' ),
    'SwSTEP 2.0',
    'SolidWorks 2026',
    '' );
FILE_SCHEMA (( 'AUTOMOTIVE_DESIGN' ));
ENDSEC;

DATA;
#1 = CARTESIAN_POINT ( 'NONE',  ( -10.58186042673759175, 13.94363720167054055, 54.51221822676534146 ) ) ;
#2 = CARTESIAN_POINT ( 'NONE',  ( 23.53531303960641452, 37.26805126830780779, 58.69554727732040789 ) ) ;
#3 = CARTESIAN_POINT ( 'NONE',  ( 62.80355352336928831, -32.13405134796948914, 50.02571519731076677 ) ) ;
#4 = EDGE_CURVE ( 'NONE', #2755, #4638, #4415, .T. ) ;
#5 = CARTESIAN_POINT ( 'NONE',  ( -13.74475417966819357, 24.65544488567812920, 53.82321070859740075 ) ) ;
#6 = CARTESIAN_POINT ( 'NONE',  ( -68.28544150225350506, 12.49757649413373706, 58.01889837652213799 ) ) ;
#7 = CARTESIAN_POINT ( 'NONE',  ( -33.53851732847227396, 37.72017546677445665, 53.24996001617717667 ) ) ;
#8 = CARTESIAN_POINT ( 'NONE',  ( 22.66148744885063238, -1.674215153442273119, 51.91300107045440626 ) ) ;
#9 = LINE ( 'NONE', #5251, #1474 ) ;
#10 = ORIENTED_EDGE ( 'NONE', *, *, #832, .F. ) ;
#11 = CARTESIAN_POINT ( 'NONE',  ( 4.287830100746195860, -4.412643754463903889, 64.50000000000000000 ) ) ;
#12 = CARTESIAN_POINT ( 'NONE',  ( -27.58411109020662266, 5.989346158233101569, 57.87440345068839065 ) ) ;
#13 = CARTESIAN_POINT ( 'NONE',  ( 6.345382283113701227, -61.26981023178904451, 55.27352259880636609 ) ) ;
#14 = AXIS2_PLACEMENT_3D ( 'NONE', #2483, #2453, #5875 ) ;
#15 = CARTESIAN_POINT ( 'NONE',  ( 4.287830100746195860, 6.007869066048916018, 64.50000000000000000 ) ) ;
#16 = CARTESIAN_POINT ( 'NONE',  ( -59.61247021316415839, -30.88864961196160763, 51.16883500719630007 ) ) ;
#17 = CARTESIAN_POINT ( 'NONE',  ( 15.33405128368347192, 26.94901571093420856, 57.30309230974528845 ) ) ;
#18 = VERTEX_POINT ( 'NONE', #1028 ) ;
#19 = CARTESIAN_POINT ( 'NONE',  ( 26.02107794387462292, -8.630960110312626554, 52.36591605423883067 ) ) ;
#20 = CARTESIAN_POINT ( 'NONE',  ( -53.51509211491019613, -55.94655431623016284, 52.74116648524223194 ) ) ;
#21 = DIRECTION ( 'NONE',  ( 0.000000000000000000, 0.000000000000000000, 1.000000000000000000 ) ) ;
#22 = CARTESIAN_POINT ( 'NONE',  ( 8.947445293103257313, -3.501555333104967804, 64.99999999999998579 ) ) ;
#23 = CARTESIAN_POINT ( 'NONE',  ( -31.59067948793361325, -25.83998717137193779, 52.16164362712612501 ) ) ;
#24 = CARTESIAN_POINT ( 'NONE',  ( 16.32935832053210845, -29.13294202292570745, 58.83005169012491109 ) ) ;
#25 = CARTESIAN_POINT ( 'NONE',  ( -58.78290804491402355, 59.15019877604041909, 55.11977062885335954 ) ) ;
#26 = CARTESIAN_POINT ( 'NONE',  ( 0.7111483874842023933, -17.48725678253651594, 56.60659872889395672 ) ) ;
#27 = CARTESIAN_POINT ( 'NONE',  ( 17.49597608990051256, -0.5410135878205292181, 53.76503249816904173 ) ) ;
#28 = CARTESIAN_POINT ( 'NONE',  ( 17.03214107675344025, -7.169776451284069374, 50.36176332662137867 ) ) ;
#29 = CARTESIAN_POINT ( 'NONE',  ( -72.57813227676975032, 17.90837032555188202, 56.12483541061571657 ) ) ;
#30 = CARTESIAN_POINT ( 'NONE',  ( 43.78610306564697652, -9.992471266827667620, 52.81619721668504042 ) ) ;
#31 = DIRECTION ( 'NONE',  ( 1.000000000000000000, 0.000000000000000000, 0.000000000000000000 ) ) ;
#32 = CARTESIAN_POINT ( 'NONE',  ( 10.59178727811537613, 15.38583523440722090, 58.53646875197892285 ) ) ;
#33 = CARTESIAN_POINT ( 'NONE',  ( 49.50360239441251053, 54.68501408157781185, 57.87242576151191287 ) ) ;
#34 = CARTESIAN_POINT ( 'NONE',  ( -19.20949937416582287, 40.72128871735834821, 53.49194890577263806 ) ) ;
#35 = AXIS2_PLACEMENT_3D ( 'NONE', #3081, #242, #2161 ) ;
#36 = CARTESIAN_POINT ( 'NONE',  ( -43.30382941753130410, -26.17489873856220584, 49.87550401376276454 ) ) ;
#37 = CARTESIAN_POINT ( 'NONE',  ( -24.09681711239270996, 31.23397487937347705, 52.91436343740357984 ) ) ;
#38 = EDGE_CURVE ( 'NONE', #4004, #1804, #3394, .T. ) ;
#39 = CARTESIAN_POINT ( 'NONE',  ( 27.12731517580316165, -8.051460973795096621, 50.89314544180442823 ) ) ;
#40 = CARTESIAN_POINT ( 'NONE',  ( 8.846928406984323701, -2.340940621712085168, 65.00000000000000000 ) ) ;
#41 = ORIENTED_EDGE ( 'NONE', *, *, #6283, .T. ) ;
#42 = CARTESIAN_POINT ( 'NONE',  ( 80.59357949012856182, 21.42081401781717531, 53.52238726914378475 ) ) ;
#43 = CARTESIAN_POINT ( 'NONE',  ( -19.88321932435868789, 0.1382954345551259678, 58.87329893721378937 ) ) ;
#44 = CARTESIAN_POINT ( 'NONE',  ( -3.593498062369375745, -33.59745295264863074, 54.26646227566343583 ) ) ;
#45 = CARTESIAN_POINT ( 'NONE',  ( 16.48491757230389965, -74.63005563555931587, 57.42299287606109459 ) ) ;
#46 = CARTESIAN_POINT ( 'NONE',  ( 15.03857193965762917, 16.95767467803504402, 56.30194003778078127 ) ) ;
#47 = ORIENTED_EDGE ( 'NONE', *, *, #2348, .F. ) ;
#48 = CARTESIAN_POINT ( 'NONE',  ( 25.48266634347059423, -8.501720698042017688, 52.35796419795440926 ) ) ;
#49 = CARTESIAN_POINT ( 'NONE',  ( -5.362703446055353318, 25.24637243923177010, 50.76934175048897657 ) ) ;
#50 = VECTOR ( 'NONE', #209, 1000.000000000000000 ) ;
#51 = CARTESIAN_POINT ( 'NONE',  ( 7.190127564665340643, -15.95607989526446424, 58.43401185178795032 ) ) ;
#52 = CARTESIAN_POINT ( 'NONE',  ( -25.37275462129832704, -22.37082618599411532, 52.34084988698830188 ) ) ;
#53 = CARTESIAN_POINT ( 'NONE',  ( -49.20837970367733050, 3.124605466452951674, 58.58396237387660932 ) ) ;
#54 = CARTESIAN_POINT ( 'NONE',  ( -8.202024867983467971, 72.13031163079180885, 51.92610995425893350 ) ) ;
#55 = DIRECTION ( 'NONE',  ( -0.000000000000000000, 0.000000000000000000, 1.000000000000000000 ) ) ;
#56 = CARTESIAN_POINT ( 'NONE',  ( 17.40037376221206245, -1.894194832089341807, 53.39484017455575326 ) ) ;
#57 = CARTESIAN_POINT ( 'NONE',  ( -20.94831670365538656, -81.40104923318040164, 55.18254456582696577 ) ) ;
#58 = FACE_OUTER_BOUND ( 'NONE', #3328, .T. ) ;
#59 = CARTESIAN_POINT ( 'NONE',  ( -44.79187963699428821, 69.32218403968704479, 52.52168235462700352 ) ) ;
#60 = CARTESIAN_POINT ( 'NONE',  ( 32.39480368791502229, -9.895698597771280802, 52.47460046933495192 ) ) ;
#61 = CARTESIAN_POINT ( 'NONE',  ( -7.200191522581109282, 15.95153875726279935, 53.43702409989455759 ) ) ;
#62 = CARTESIAN_POINT ( 'NONE',  ( 40.63147264698373107, 50.73414474934094187, 58.15912182121713414 ) ) ;
#63 = CARTESIAN_POINT ( 'NONE',  ( 54.07240106024441673, 52.88004010142260114, 55.97712735475023038 ) ) ;
#64 = CARTESIAN_POINT ( 'NONE',  ( -5.267829352683804700, 33.46113259766282511, 52.13693261833890347 ) ) ;
#65 = VECTOR ( 'NONE', #3332, 1000.000000000000000 ) ;
#66 = CARTESIAN_POINT ( 'NONE',  ( -20.73383651501807634, -14.75341350525781614, 50.22221553648578407 ) ) ;
#67 = CARTESIAN_POINT ( 'NONE',  ( -11.14157188392717579, 16.53119104468126821, 52.59216723177765829 ) ) ;
#68 = CARTESIAN_POINT ( 'NONE',  ( 65.98412345447839300, -30.56845945093173000, 50.21017860522554344 ) ) ;
#69 = CARTESIAN_POINT ( 'NONE',  ( 9.132031763044031081, -3.980691463194621083, 65.00000000000002842 ) ) ;
#70 = ORIENTED_EDGE ( 'NONE', *, *, #4999, .T. ) ;
#71 = CARTESIAN_POINT ( 'NONE',  ( 6.241989348544274563, -15.97125135029748044, 58.19336240065094046 ) ) ;
#72 = CARTESIAN_POINT ( 'NONE',  ( -16.68617580528049871, 3.759038533514999614, 57.85595025635720390 ) ) ;
#73 = CARTESIAN_POINT ( 'NONE',  ( -2.365477289428429497, -61.70580191061450392, 54.59825004819064986 ) ) ;
#74 = EDGE_CURVE ( 'NONE', #981, #2807, #809, .T. ) ;
#75 = CARTESIAN_POINT ( 'NONE',  ( -16.96923293599222760, -81.50152135651704555, 55.40441076134295884 ) ) ;
#76 = CARTESIAN_POINT ( 'NONE',  ( 20.65160351664704663, 23.12979684213348719, 56.29428525618914847 ) ) ;
#77 = ORIENTED_EDGE ( 'NONE', *, *, #3431, .F. ) ;
#78 = CARTESIAN_POINT ( 'NONE',  ( 32.06008109136623574, -10.78803697303616360, 52.34084988698829477 ) ) ;
#79 = CARTESIAN_POINT ( 'NONE',  ( 4.210988376102731578, 61.76292090911389465, 49.45689041229920235 ) ) ;
#80 = FACE_BOUND ( 'NONE', #5257, .T. ) ;
#81 = DIRECTION ( 'NONE',  ( -0.000000000000000000, -0.000000000000000000, 1.000000000000000000 ) ) ;
#82 = CARTESIAN_POINT ( 'NONE',  ( -27.34685772320108299, -23.65293198479204761, 52.29456833121322035 ) ) ;
#83 = CARTESIAN_POINT ( 'NONE',  ( -46.39876710188867293, 2.346149498347610329, 58.64603652315511084 ) ) ;
#84 = B_SPLINE_CURVE_WITH_KNOTS ( 'NONE', 3,
 ( #6118, #5043, #1750, #668 ),
 .UNSPECIFIED., .F., .F.,
 ( 4, 4 ),
 ( 0.5043540070287136912, 0.5059370422916584786 ),
 .UNSPECIFIED. ) ;
#85 = B_SPLINE_SURFACE_WITH_KNOTS ( 'NONE', 1, 3, ( 
 ( #5445, #984, #1073, #1043, #2981, #2473, #3974, #3403, #5922, #2444, #4399, #20, #3916, #5865, #1497, #1012, #3432, #5388, #2951, #4907, #4432, #3943, #1999, #4937, #5478, #4491, #4581, #5124, #2148, #4998, #3131, #197, #5535, #110, #656, #1133, #5028, #2060, #2628, #3614, #1106, #3164, #170, #1230, #626, #4006, #4096, #5091, #6075, #2565 ),
 ( #1582, #751, #1675, #3070, #2660, #3042, #2598, #6042, #3550, #5506, #5568, #1611, #718, #4519, #4130, #4551, #2119, #4615, #139, #1199, #4064, #2088, #1165, #3581, #230, #2181, #5954, #1708, #3649, #4035, #1641, #6012, #3100, #5601, #3522, #5983, #5061, #685, #3715, #1264, #5726, #6207, #2337, #2817, #6106, #5154, #782, #5693, #3776, #3298 ) ),
 .UNSPECIFIED., .F., .F., .F.,
 ( 2, 2 ),
 ( 4, 2, 2, 2, 2, 2, 2, 2, 2, 2, 2, 2, 2, 2, 2, 2, 2, 2, 2, 2, 2, 2, 2, 2, 4 ),
 ( 0.000000000000000000, 1.000000000000000000 ),
 ( 2.501853776554200607E-17, 0.007463620878585058675, 0.01492724175717009306, 0.01865905219646260896, 0.02239086263575512659, 0.02985448351434016184, 0.03358629395363267600, 0.03731810439292519710, 0.04478172527151022542, 0.04851353571080274651, 0.05224534615009526067, 0.05970896702868029593, 0.06717258790726532425, 0.07090439834655784535, 0.07463620878585036644, 0.08209982966443539476, 0.08396573488408165531, 0.08583164010372790198, 0.08956345054302042308, 0.09702707142160546527, 0.1007588818608979864, 0.1026247870805442330, 0.1044906923001904936, 0.1119543131787755219, 0.1194179340573605641 ),
 .UNSPECIFIED. ) ;
#86 = CARTESIAN_POINT ( 'NONE',  ( -41.25219899625960096, 70.83995997359782848, 53.90264542466304931 ) ) ;
#87 = CARTESIAN_POINT ( 'NONE',  ( 1.324865824136755910, -17.45109270621394160, 56.77436521518269075 ) ) ;
#88 = CARTESIAN_POINT ( 'NONE',  ( 16.87535886658961815, -4.638951497120386236, 52.63162901973579721 ) ) ;
#89 = CARTESIAN_POINT ( 'NONE',  ( -3.289720471851030670, -16.82931210813247702, 55.49161409056367944 ) ) ;
#90 = EDGE_CURVE ( 'NONE', #2755, #1359, #3492, .T. ) ;
#91 = CARTESIAN_POINT ( 'NONE',  ( 12.88921374852287194, -6.506544674056476296, 65.00000000000000000 ) ) ;
#92 = CARTESIAN_POINT ( 'NONE',  ( 64.47114943196966408, -30.78608372493234313, 51.75803806829924270 ) ) ;
#93 = CARTESIAN_POINT ( 'NONE',  ( 30.21584695271854670, -6.961997530815400737, 52.81115855238404322 ) ) ;
#94 = CARTESIAN_POINT ( 'NONE',  ( -8.588134757421560295, 15.24919519834199555, 53.86161587903263381 ) ) ;
#95 = CARTESIAN_POINT ( 'NONE',  ( 38.43550706160341690, 49.61396909267497790, 56.63175401432328471 ) ) ;
#96 = LINE ( 'NONE', #5938, #5031 ) ;
#97 = CARTESIAN_POINT ( 'NONE',  ( -9.751610749364379771, 60.97601972443017360, 52.14331686281131795 ) ) ;
#98 = CARTESIAN_POINT ( 'NONE',  ( -72.13207580981479339, 15.42782443265343417, 56.27576660695998356 ) ) ;
#99 = CARTESIAN_POINT ( 'NONE',  ( -40.90480448916309797, 46.05488911232929183, 53.24837382132686514 ) ) ;
#100 = CARTESIAN_POINT ( 'NONE',  ( 16.72800760804125986, -3.567192866266470030, 51.24955032630198559 ) ) ;
#101 = CARTESIAN_POINT ( 'NONE',  ( 8.870119207625597468, -2.962014861885151618, 65.00000000000001421 ) ) ;
#102 = ORIENTED_EDGE ( 'NONE', *, *, #74, .T. ) ;
#103 = CARTESIAN_POINT ( 'NONE',  ( 15.46275115109688514, -26.87540576578354035, 58.88488203381649555 ) ) ;
#104 = CARTESIAN_POINT ( 'NONE',  ( -80.77074392082531062, 23.26234578859143909, 57.54520056702602915 ) ) ;
#105 = CARTESIAN_POINT ( 'NONE',  ( -2.323510242246899171, -22.54667848847108758, 54.27516978722993457 ) ) ;
#106 = CARTESIAN_POINT ( 'NONE',  ( -33.58057763894917258, -75.86410004988752576, 54.39498892624953186 ) ) ;
#107 = CARTESIAN_POINT ( 'NONE',  ( 36.36569199502587679, 35.18300792544811628, 55.95080213228979460 ) ) ;
#108 = ORIENTED_EDGE ( 'NONE', *, *, #4619, .F. ) ;
#109 = CARTESIAN_POINT ( 'NONE',  ( 49.68117523793257106, -29.40532208365302935, 51.33481428111986844 ) ) ;
#110 = CARTESIAN_POINT ( 'NONE',  ( -9.490574332831634763, -81.98719157356002540, 55.83437979752615377 ) ) ;
#111 = CARTESIAN_POINT ( 'NONE',  ( -22.40850148549124654, -20.03665894661181923, 52.37638038156171660 ) ) ;
#112 = CARTESIAN_POINT ( 'NONE',  ( -39.39300357002330344, 0.9740288259642969626, 58.77060325248977790 ) ) ;
#113 = ADVANCED_FACE ( 'NONE', ( #6312, #80, #5446, #597 ), #1939, .T. ) ;
#114 = CARTESIAN_POINT ( 'NONE',  ( 7.282094857986351144, 64.19868636323083422, 50.84782201340048147 ) ) ;
#115 = CARTESIAN_POINT ( 'NONE',  ( 1.518920903776553644, -17.43572982465949650, 56.82748282491488112 ) ) ;
#116 = CARTESIAN_POINT ( 'NONE',  ( 16.90214341525798503, -4.540880350723046632, 52.65936170562967078 ) ) ;
#117 = CARTESIAN_POINT ( 'NONE',  ( -15.12703087118798173, -82.68101078354290223, 55.52006805469225981 ) ) ;
#118 = CARTESIAN_POINT ( 'NONE',  ( 11.51732178050322730, -19.51958060203758549, 57.31032157310517761 ) ) ;
#119 = CARTESIAN_POINT ( 'NONE',  ( 65.65088080253151759, -29.79499224662222900, 51.85143016002240302 ) ) ;
#120 = CARTESIAN_POINT ( 'NONE',  ( 27.05086239956158067, -8.304777346446307718, 52.47154282277533355 ) ) ;
#121 = LINE ( 'NONE', #2455, #3823 ) ;
#122 = CARTESIAN_POINT ( 'NONE',  ( 38.53114312022839272, 49.53958799110771594, 58.22716814807952090 ) ) ;
#123 = CARTESIAN_POINT ( 'NONE',  ( 66.38530559828473088, 44.48921310660060868, 55.10066791549372311 ) ) ;
#124 = CARTESIAN_POINT ( 'NONE',  ( -11.57949842948058183, 37.60776296313613898, 52.81512370361111408 ) ) ;
#125 = CARTESIAN_POINT ( 'NONE',  ( -27.10327213262242196, 0.4090185508292942251, 58.82764461552659441 ) ) ;
#126 = DIRECTION ( 'NONE',  ( -0.000000000000000000, -0.000000000000000000, 1.000000000000000000 ) ) ;
#127 = CARTESIAN_POINT ( 'NONE',  ( -21.65500878150679398, 18.21629225970898602, 53.93190860298786049 ) ) ;
#128 = CARTESIAN_POINT ( 'NONE',  ( 29.09004388952317299, -10.95806924038435248, 50.55387214681690011 ) ) ;
#129 = CARTESIAN_POINT ( 'NONE',  ( 10.89164165016941865, -7.014465882254286910, 64.50000000000000000 ) ) ;
#130 = EDGE_LOOP ( 'NONE', ( #3849, #3966, #2787, #2435, #2524, #4232 ) ) ;
#131 = CARTESIAN_POINT ( 'NONE',  ( 8.396747832143068635, -14.90043687739814970, 58.86410571301635741 ) ) ;
#132 = CARTESIAN_POINT ( 'NONE',  ( -43.24957112953720895, 12.51465335404919621, 57.54303139268696299 ) ) ;
#133 = CARTESIAN_POINT ( 'NONE',  ( -12.52974084838298019, -25.37298400550724509, 52.58249894949519643 ) ) ;
#134 = B_SPLINE_SURFACE_WITH_KNOTS ( 'NONE', 1, 3, ( 
 ( #1063, #3451, #5407, #2972, #3001, #4958, #586, #2523, #3188, #4183, #3639, #5176, #3604, #3218, #4637, #3153, #1285, #4669, #4119, #5653, #1665, #315, #740, #251, #803, #3122, #2711, #5112, #2650, #3671 ),
 ( #2741, #2679, #2201, #4150, #5143, #6096, #1729, #5623, #6160, #3734, #1252, #4604, #1697, #5559, #1190, #4701, #5082, #2261, #4215, #4086, #708, #219, #772, #1758, #1789, #5683, #1313, #6128, #283, #3251 ) ),
 .UNSPECIFIED., .F., .F., .F.,
 ( 2, 2 ),
 ( 4, 2, 2, 2, 2, 2, 2, 2, 2, 2, 2, 2, 2, 2, 4 ),
 ( 0.000000000000000000, 1.000000000000000000 ),
 ( 0.000000000000000000, 0.003254844236611378720, 0.006509688473222757440, 0.009764532709834135293, 0.01301937694644551488, 0.01952906541966827059, 0.02278390965627965017, 0.02603875389289102976, 0.03254844236611378894, 0.03580328660272516506, 0.03905813083933654117, 0.04556781931255930035, 0.04719524143086499535, 0.04882266354917068341, 0.05207750778578205952 ),
 .UNSPECIFIED. ) ;
#135 = B_SPLINE_CURVE_WITH_KNOTS ( 'NONE', 3,
 ( #1839, #5668, #1907, #1329 ),
 .UNSPECIFIED., .F., .F.,
 ( 4, 4 ),
 ( 0.5043540070287136912, 0.5059370422916584786 ),
 .UNSPECIFIED. ) ;
#136 = FACE_OUTER_BOUND ( 'NONE', #2782, .T. ) ;
#137 = CARTESIAN_POINT ( 'NONE',  ( 41.16399883946117200, 45.82277615740832033, 56.28656227614336416 ) ) ;
#138 = ORIENTED_EDGE ( 'NONE', *, *, #954, .F. ) ;
#139 = CARTESIAN_POINT ( 'NONE',  ( -43.50381385557428615, -68.74250929320984937, 52.08817253236095013 ) ) ;
#140 = CARTESIAN_POINT ( 'NONE',  ( -11.33675059904047089, -13.33322637721134996, 53.04806762983391621 ) ) ;
#141 = CARTESIAN_POINT ( 'NONE',  ( -39.05113644001924911, -28.09669313152529568, 51.86493721983338645 ) ) ;
#142 = CARTESIAN_POINT ( 'NONE',  ( -65.22813222032397107, 10.46821776550148542, 58.12520731961568998 ) ) ;
#143 = CARTESIAN_POINT ( 'NONE',  ( -21.74582063589317826, -80.50649422928034937, 53.52238726914378475 ) ) ;
#144 = ADVANCED_BREP_SHAPE_REPRESENTATION ( '\X2\98ce6247624753f6\X0\', ( #2574, #460, #4780, #4706, #1091 ), #482 ) ;
#145 = AXIS2_PLACEMENT_3D ( 'NONE', #1930, #5409, #5886 ) ;
#146 = CARTESIAN_POINT ( 'NONE',  ( 4.287830100746195860, 1.286074194254045899, 65.00000000000000000 ) ) ;
#147 = CARTESIAN_POINT ( 'NONE',  ( -37.61308196444787910, -75.16830437021666000, 54.16997420800088037 ) ) ;
#148 = FACE_OUTER_BOUND ( 'NONE', #2370, .T. ) ;
#149 = CARTESIAN_POINT ( 'NONE',  ( 32.38756386316810421, 45.56444527299142777, 56.82745588964370143 ) ) ;
#150 = EDGE_CURVE ( 'NONE', #4194, #4808, #1553, .T. ) ;
#151 = CARTESIAN_POINT ( 'NONE',  ( 44.87042019115590819, -3.724729906669873358, 53.49194890577263806 ) ) ;
#152 = CARTESIAN_POINT ( 'NONE',  ( -5.780496631813678121, 16.51911520019161017, 53.01970282873327278 ) ) ;
#153 = CARTESIAN_POINT ( 'NONE',  ( -5.481400668484574190, 6.007869066048916018, 65.00000000000000000 ) ) ;
#154 = CARTESIAN_POINT ( 'NONE',  ( -4.691079977061405337, 24.23604182191549938, 52.31100701728235691 ) ) ;
#155 = CARTESIAN_POINT ( 'NONE',  ( 37.36511170755149891, 48.77883154135631116, 58.26479499836512588 ) ) ;
#156 = CARTESIAN_POINT ( 'NONE',  ( -6.171966322975613650, 38.96292150691775191, 52.13958700891121367 ) ) ;
#157 = CARTESIAN_POINT ( 'NONE',  ( 39.13558063205505988, -15.16705984553596132, 52.12185297155323838 ) ) ;
#158 = CARTESIAN_POINT ( 'NONE',  ( -15.25314106155515681, 8.581767475782456245, 56.46558641642185705 ) ) ;
#159 = CARTESIAN_POINT ( 'NONE',  ( -9.923041900417493011, 17.23311519109349987, 52.25446875908276212 ) ) ;
#160 = CARTESIAN_POINT ( 'NONE',  ( 78.56110393946438819, -29.88435377871193666, 50.54702637608357918 ) ) ;
#161 = CARTESIAN_POINT ( 'NONE',  ( 10.11883497729956360, -4.680051066758892375, 65.00000000000000000 ) ) ;
#162 = ORIENTED_EDGE ( 'NONE', *, *, #5710, .T. ) ;
#163 = CARTESIAN_POINT ( 'NONE',  ( 8.611873169866198552, -17.98056613297387685, 58.53892354253414965 ) ) ;
#164 = CARTESIAN_POINT ( 'NONE',  ( -23.86095648318332252, 15.21277874687459963, 56.18520976800528643 ) ) ;
#165 = CARTESIAN_POINT ( 'NONE',  ( -7.454363385888137294, -18.48888513071231543, 52.92955746418236629 ) ) ;
#166 = EDGE_CURVE ( 'NONE', #4965, #1035, #4231, .T. ) ;
#167 = CARTESIAN_POINT ( 'NONE',  ( 16.41721389628763816, -74.67143013456227152, 57.41830490810384902 ) ) ;
#168 = CARTESIAN_POINT ( 'NONE',  ( 38.21658179153445190, 23.80628318008465172, 54.93805947005075296 ) ) ;
#169 = ORIENTED_EDGE ( 'NONE', *, *, #1691, .F. ) ;
#170 = CARTESIAN_POINT ( 'NONE',  ( 7.620154758966900310, -78.92334054978985591, 56.84428599246101044 ) ) ;
#171 = CARTESIAN_POINT ( 'NONE',  ( -32.58938711337824401, -26.44941367586928749, 50.53207451395519456 ) ) ;
#172 = CARTESIAN_POINT ( 'NONE',  ( 12.18303543799182620, 12.57415764766250632, 57.73807286964742502 ) ) ;
#173 = CARTESIAN_POINT ( 'NONE',  ( -60.12892518263935671, 7.552850693001193605, 58.28933056099386079 ) ) ;
#174 = CARTESIAN_POINT ( 'NONE',  ( 4.287830100746195860, 3.728381886561737524, 64.50000000000000000 ) ) ;
#175 = CARTESIAN_POINT ( 'NONE',  ( 11.98928693633682663, -4.293304239928579236, 64.50000000000000000 ) ) ;
#176 = CARTESIAN_POINT ( 'NONE',  ( -27.65541139820535932, -55.21237073278086882, 54.16944247347282726 ) ) ;
#177 = CARTESIAN_POINT ( 'NONE',  ( 7.578865737588224682, -15.77373958445793889, 56.89267839865616594 ) ) ;
#178 = CARTESIAN_POINT ( 'NONE',  ( 64.64370095857806575, -30.64176931920654923, 51.77167629170462249 ) ) ;
#179 = CARTESIAN_POINT ( 'NONE',  ( 31.61210554531761119, -12.16849225660561551, 52.13693261833890347 ) ) ;
#180 =( NAMED_UNIT ( * ) SI_UNIT ( $, .STERADIAN. ) SOLID_ANGLE_UNIT ( ) );
#181 = DIRECTION ( 'NONE',  ( 0.000000000000000000, 0.000000000000000000, 1.000000000000000000 ) ) ;
#182 = CARTESIAN_POINT ( 'NONE',  ( -6.324858658518094146, 42.04063047588683588, 52.10098061387515145 ) ) ;
#183 = CARTESIAN_POINT ( 'NONE',  ( 12.99092656985992811, 21.27766672016027272, 58.78030305560159974 ) ) ;
#184 = CARTESIAN_POINT ( 'NONE',  ( -6.981335920102620385, 30.29062281102239851, 52.47326022028286019 ) ) ;
#185 = CARTESIAN_POINT ( 'NONE',  ( -41.67060711991529587, 1.285935242504251175, 58.73883500521245793 ) ) ;
#186 = CARTESIAN_POINT ( 'NONE',  ( -12.21585267745026826, 12.53087959254381367, 55.10179397773870136 ) ) ;
#187 = CARTESIAN_POINT ( 'NONE',  ( -19.40266532375642683, 34.23497658652343745, 52.23927705081445083 ) ) ;
#188 = CARTESIAN_POINT ( 'NONE',  ( 24.83054957310940125, -18.53719633408828571, 49.21465026286313105 ) ) ;
#189 = CARTESIAN_POINT ( 'NONE',  ( 68.35939908705772439, -27.20912549308934203, 52.07674124734401744 ) ) ;
#190 = ORIENTED_EDGE ( 'NONE', *, *, #2103, .T. ) ;
#191 = CARTESIAN_POINT ( 'NONE',  ( 13.80869555873962362, -42.73638447727478962, 57.88054891585904471 ) ) ;
#192 = CARTESIAN_POINT ( 'NONE',  ( -76.49204349648212542, 34.33395584154649782, 56.87019425404646711 ) ) ;
#193 = CARTESIAN_POINT ( 'NONE',  ( -9.619584547233371197, -23.62701745002001275, 52.92284561929021436 ) ) ;
#194 = CARTESIAN_POINT ( 'NONE',  ( -27.63891478306099359, 5.731248792779497059, 56.29599067658210743 ) ) ;
#195 = CARTESIAN_POINT ( 'NONE',  ( 24.98194515815531247, 13.29195826494028587, 54.60680874277719710 ) ) ;
#196 = VERTEX_POINT ( 'NONE', #1142 ) ;
#197 = CARTESIAN_POINT ( 'NONE',  ( -11.37608514037884078, -81.95618435032626792, 55.72608272601693358 ) ) ;
#198 = CARTESIAN_POINT ( 'NONE',  ( -10.64616495993858081, -13.89143499741633292, 53.29037735611476023 ) ) ;
#199 = CARTESIAN_POINT ( 'NONE',  ( -53.47610491253391274, -27.81603111189825484, 49.57170037200286572 ) ) ;
#200 = CARTESIAN_POINT ( 'NONE',  ( 15.81790432820699088, 7.489819115443312469, 56.02395917361875632 ) ) ;
#201 = CARTESIAN_POINT ( 'NONE',  ( -0.2711442582281620162, -0.9934129852331345933, 64.50000000000000000 ) ) ;
#202 = CARTESIAN_POINT ( 'NONE',  ( -7.549729995407650662, -6.692130933951083271, 64.50000000000000000 ) ) ;
#203 = CARTESIAN_POINT ( 'NONE',  ( 11.53542220003835084, -4.580455994721620350, 64.99999999999998579 ) ) ;
#204 = CARTESIAN_POINT ( 'NONE',  ( -20.10867196870184870, -33.82511669686625311, 53.82863809809740019 ) ) ;
#205 = CARTESIAN_POINT ( 'NONE',  ( 8.846804459720553737, -2.255271959592108466, 64.50000000000000000 ) ) ;
#206 = CARTESIAN_POINT ( 'NONE',  ( 12.57685730613967756, -25.35115881914381930, 56.97008299144305710 ) ) ;
#207 = CARTESIAN_POINT ( 'NONE',  ( 62.28660405352523810, -32.50749679664750147, 51.58879599714438768 ) ) ;
#208 = CARTESIAN_POINT ( 'NONE',  ( 47.25609491377620230, -18.08865394033811924, 52.14155393825112839 ) ) ;
#209 = DIRECTION ( 'NONE',  ( 0.000000000000000000, -1.000000000000000000, 0.000000000000000000 ) ) ;
#210 = CARTESIAN_POINT ( 'NONE',  ( 22.70515002110360570, -70.18212229533121160, 56.27576660695998356 ) ) ;
#211 = CARTESIAN_POINT ( 'NONE',  ( -4.308096130029998250, 23.25307364543875366, 52.27386216971385124 ) ) ;
#212 = CARTESIAN_POINT ( 'NONE',  ( 14.57026045363478417, 24.44216785175042972, 58.82728515349337073 ) ) ;
#213 = CARTESIAN_POINT ( 'NONE',  ( -41.67596193060671084, 1.104967516683510231, 57.14906752735086570 ) ) ;
#214 = CARTESIAN_POINT ( 'NONE',  ( -55.64064539869047366, 5.401380982027359501, 58.42169686852412269 ) ) ;
#215 = CARTESIAN_POINT ( 'NONE',  ( 64.54153860566043477, 33.89880499047300333, 56.19469524285577933 ) ) ;
#216 = CARTESIAN_POINT ( 'NONE',  ( 0.000000000000000000, 0.000000000000000000, 0.000000000000000000 ) ) ;
#217 = CARTESIAN_POINT ( 'NONE',  ( -12.24066733554067099, 25.51410353543855791, 51.90713921848389134 ) ) ;
#218 = CARTESIAN_POINT ( 'NONE',  ( 66.96196219669340621, -50.39508410283510642, 49.20207363733447892 ) ) ;
#219 = CARTESIAN_POINT ( 'NONE',  ( -0.5271204484098568344, 56.47220689539584981, 49.82219913490505547 ) ) ;
#220 = ORIENTED_EDGE ( 'NONE', *, *, #2152, .F. ) ;
#221 = CARTESIAN_POINT ( 'NONE',  ( 14.86089053013122729, -2.441179680035010069, 65.00000000000000000 ) ) ;
#222 = CARTESIAN_POINT ( 'NONE',  ( 20.23958955587488262, -81.58068901229785297, 57.54520056702602915 ) ) ;
#223 = CARTESIAN_POINT ( 'NONE',  ( -15.01169524087415397, 8.290514206884170179, 56.50407694535661562 ) ) ;
#224 = CARTESIAN_POINT ( 'NONE',  ( -19.43230169517071104, -58.45204438061572461, 53.24837382132686514 ) ) ;
#225 = EDGE_CURVE ( 'NONE', #1448, #2328, #4115, .T. ) ;
#226 = CARTESIAN_POINT ( 'NONE',  ( -28.04455750800642377, 3.777480894447909687, 56.63343093668523665 ) ) ;
#227 = CARTESIAN_POINT ( 'NONE',  ( 16.07437423534495835, 5.971748110687375544, 53.95051851167774970 ) ) ;
#228 = CARTESIAN_POINT ( 'NONE',  ( -36.58589682726679371, 72.40195615396184792, 52.01620108401275644 ) ) ;
#229 = ORIENTED_EDGE ( 'NONE', *, *, #549, .T. ) ;
#230 = CARTESIAN_POINT ( 'NONE',  ( -28.89945216312590048, -78.17793614115021228, 53.09145647474797158 ) ) ;
#231 = CARTESIAN_POINT ( 'NONE',  ( -18.46422667575778576, -16.45264532006248004, 50.74516895061358923 ) ) ;
#232 = CARTESIAN_POINT ( 'NONE',  ( 15.95406019278228982, 7.194637012920159336, 55.93527798960045772 ) ) ;
#233 = CARTESIAN_POINT ( 'NONE',  ( -31.34853177618501974, 0.3641165692174250790, 58.83641117077291938 ) ) ;
#234 = CARTESIAN_POINT ( 'NONE',  ( -11.28477551907417364, -81.96881479555533190, 54.12874008612671872 ) ) ;
#235 = CARTESIAN_POINT ( 'NONE',  ( 12.40535775290537757, -3.728663002681519512, 64.49999999999998579 ) ) ;
#236 = CARTESIAN_POINT ( 'NONE',  ( -47.81372299719178898, -69.12878745450717588, 53.49489427029070043 ) ) ;
#237 = CARTESIAN_POINT ( 'NONE',  ( 66.44292909880235243, 44.40544269949245404, 56.69745020171497885 ) ) ;
#238 = ADVANCED_FACE ( 'NONE', ( #854 ), #4303, .T. ) ;
#239 = CARTESIAN_POINT ( 'NONE',  ( 20.23005761649670831, -15.40363134000113021, 50.79247791863767247 ) ) ;
#240 = CARTESIAN_POINT ( 'NONE',  ( 19.63478637698329976, -36.61814823387063456, 58.73802704011211517 ) ) ;
#241 = SURFACE_SIDE_STYLE ('',( #3661 ) ) ;
#242 = DIRECTION ( 'NONE',  ( 0.000000000000000000, 0.000000000000000000, 1.000000000000000000 ) ) ;
#243 = CARTESIAN_POINT ( 'NONE',  ( -6.027920401530246330, 28.84655788219997419, 52.37690324078221238 ) ) ;
#244 = CARTESIAN_POINT ( 'NONE',  ( 14.51944888751552831, 24.34682713541665677, 58.82650178965376142 ) ) ;
#245 = CARTESIAN_POINT ( 'NONE',  ( 3.849244602874802190, 72.79832678371730026, 51.13389251523337720 ) ) ;
#246 = CIRCLE ( 'NONE', #6272, 17.49999999999999645 ) ;
#247 = DIRECTION ( 'NONE',  ( -0.000000000000000000, -0.000000000000000000, 1.000000000000000000 ) ) ;
#248 = CARTESIAN_POINT ( 'NONE',  ( 40.95197247075783054, 29.50557403763315634, 56.86798007615252004 ) ) ;
#249 = CARTESIAN_POINT ( 'NONE',  ( -4.728378227064928829, 19.36500071932731615, 50.90255659793981380 ) ) ;
#250 = CARTESIAN_POINT ( 'NONE',  ( -5.785299831952881888, 71.30397188437633815, 51.77167629170460117 ) ) ;
#251 = CARTESIAN_POINT ( 'NONE',  ( 2.774602085280002850, 60.21404700739893912, 51.16672668235847254 ) ) ;
#252 = VERTEX_POINT ( 'NONE', #336 ) ;
#253 = DIRECTION ( 'NONE',  ( -1.000000000000000000, 0.000000000000000000, -0.000000000000000000 ) ) ;
#254 = CARTESIAN_POINT ( 'NONE',  ( 1.531954582203009840, -17.03665167303592298, 56.84212094344758981 ) ) ;
#255 = CARTESIAN_POINT ( 'NONE',  ( -18.17116790941079785, 13.54845446666980990, 55.84189009651882429 ) ) ;
#256 = CARTESIAN_POINT ( 'NONE',  ( -14.08095658571799014, -17.83324314567150282, 51.57480792967197658 ) ) ;
#257 = CARTESIAN_POINT ( 'NONE',  ( -27.23327205811556695, 7.685016691111083986, 55.95855041647897821 ) ) ;
#258 = CARTESIAN_POINT ( 'NONE',  ( 80.94501272274486325, 22.64658411584249720, 53.58513254496358513 ) ) ;
#259 = CARTESIAN_POINT ( 'NONE',  ( -0.2711442582281620162, 3.728381886561737524, 64.50000000000000000 ) ) ;
#260 = ORIENTED_EDGE ( 'NONE', *, *, #4580, .T. ) ;
#261 = DIRECTION ( 'NONE',  ( -0.000000000000000000, 0.000000000000000000, 1.000000000000000000 ) ) ;
#262 = VECTOR ( 'NONE', #3525, 1000.000000000000000 ) ;
#263 = CARTESIAN_POINT ( 'NONE',  ( 15.24721302085650620, 8.591717781236557272, 56.36258220246405415 ) ) ;
#264 = CARTESIAN_POINT ( 'NONE',  ( -25.39203847007393122, 0.5716361065673981612, 58.78943889928468991 ) ) ;
#265 = LINE ( 'NONE', #3136, #262 ) ;
#266 = CARTESIAN_POINT ( 'NONE',  ( 8.655009827298044911, -6.535594952438401606, 65.00000000000000000 ) ) ;
#267 = CARTESIAN_POINT ( 'NONE',  ( -49.39735391521890051, -53.36854341864229667, 52.81934259813401411 ) ) ;
#268 = CARTESIAN_POINT ( 'NONE',  ( -12.45512927672498016, -12.29501372788532976, 52.63162901973580432 ) ) ;
#269 = CARTESIAN_POINT ( 'NONE',  ( 80.35450605251344314, -6.843317017595235363, 53.47911047773685311 ) ) ;
#270 = B_SPLINE_CURVE_WITH_KNOTS ( 'NONE', 3,
 ( #889, #923, #4724, #5806, #2827, #4305, #4372, #5736, #1366, #2896, #441, #5263, #6314, #407, #5705, #473, #2349, #1877, #3887, #2862, #1334, #3406, #4854, #3820, #1401, #338, #2284, #2384, #4239, #3340, #856, #4340, #1436, #3372, #6184, #1811, #3273, #5229, #2795, #4756, #373, #2317, #111, #1973, #599, #2568, #1108, #3918, #4038, #52, #2002, #2926, #629, #82, #2954, #5418, #3947, #5986, #1046, #3014, #5869, #3043, #4883, #23, #1499, #3463, #506, #5448, #5896, #987, #2447, #4402, #2034, #4521, #3435, #3977, #5001, #141, #5390, #2984, #1015, #4909, #537, #2091, #2537, #4970, #2475, #5955, #4492, #569, #4434, #1614, #1583, #1526, #4940, #2505, #2062, #4464, #5925, #5364, #1555, #3494, #4009, #5480, #3523, #1077, #688 ),
 .UNSPECIFIED., .F., .F.,
 ( 4, 2, 2, 1, 1, 1, 1, 2, 2, 2, 2, 1, 1, 1, 2, 2, 2, 2, 1, 1, 1, 2, 2, 2, 2, 1, 1, 1, 1, 2, 2, 2, 2, 1, 1, 1, 1, 1, 2, 2, 2, 2, 1, 1, 1, 1, 2, 2, 2, 2, 1, 1, 1, 1, 2, 2, 2, 2, 1, 1, 1, 2, 2, 2, 2, 1, 2, 2, 4 ),
 ( 0.000000000000000000, 0.03125000000000371231, 0.04687500000000554418, 0.05468750000000639072, 0.05859375000000686257, 0.06054687500000715400, 0.06152343750000729972, 0.06201171875000736217, 0.06250000000000741074, 0.09375000000001122713, 0.1093750000000130729, 0.1171875000000140027, 0.1210937500000144190, 0.1230468750000146133, 0.1240234375000146827, 0.1250000000000147382, 0.1562500000000172085, 0.1718750000000184852, 0.1796875000000191791, 0.1835937500000195954, 0.1855468750000199285, 0.1865234375000201783, 0.1875000000000204281, 0.2187500000000301426, 0.2343750000000349998, 0.2421875000000373590, 0.2460937500000385247, 0.2480468750000391909, 0.2490234375000395239, 0.2495117187500396072, 0.2500000000000396905, 0.3125000000000523470, 0.3437500000000587308, 0.3593750000000617839, 0.3671875000000633382, 0.3710937500000640599, 0.3730468750000643374, 0.3740234375000645040, 0.3745117187500646150, 0.3750000000000647815, 0.4375000000000617284, 0.4687500000000603961, 0.4843750000000599520, 0.4921875000000598410, 0.4960937500000597855, 0.4980468750000595635, 0.4990234375000592859, 0.5000000000000589528, 0.5625000000000572875, 0.5937500000000563993, 0.6093750000000559552, 0.6171875000000557332, 0.6210937500000555112, 0.6230468750000554001, 0.6240234375000552891, 0.6250000000000551781, 0.6875000000000469624, 0.7187500000000427436, 0.7343750000000407452, 0.7421875000000395239, 0.7460937500000386358, 0.7480468750000381917, 0.7500000000000377476, 0.8125000000000295319, 0.8437500000000255351, 0.8593750000000235367, 0.8671875000000223155, 0.8750000000000210942, 1.000000000000000000 ),
 .UNSPECIFIED. ) ;
#271 = CARTESIAN_POINT ( 'NONE',  ( 16.95998639763203286, 4.313798951288339012, 55.10179397773870136 ) ) ;
#272 = CARTESIAN_POINT ( 'NONE',  ( 18.83000858724966164, -34.54589871896850184, 58.77145122895005613 ) ) ;
#273 = CARTESIAN_POINT ( 'NONE',  ( -5.803766269340653317, 16.51095660631255768, 53.02643048380595303 ) ) ;
#274 = CARTESIAN_POINT ( 'NONE',  ( 23.03335629737986778, -67.80028339655622460, 57.94671040211554214 ) ) ;
#275 = CARTESIAN_POINT ( 'NONE',  ( -6.407661581502850368, 41.54153420686089504, 52.11873060588633422 ) ) ;
#276 = CARTESIAN_POINT ( 'NONE',  ( 18.89217235043457777, 31.43563526186152757, 58.80535598783512796 ) ) ;
#277 = CARTESIAN_POINT ( 'NONE',  ( 4.869054045802231556, 39.02414108062849607, 50.79955944449263683 ) ) ;
#278 = CARTESIAN_POINT ( 'NONE',  ( -15.58865793340897099, 73.80928757708883836, 50.77722547035640588 ) ) ;
#279 = CARTESIAN_POINT ( 'NONE',  ( 20.18542512315716664, 10.43396948252314971, 56.17932499098485266 ) ) ;
#280 = SHAPE_DEFINITION_REPRESENTATION ( #5898, #144 ) ;
#281 = CARTESIAN_POINT ( 'NONE',  ( -6.068771499079204546, 18.93579175300478212, 51.24055101805964085 ) ) ;
#282 = CARTESIAN_POINT ( 'NONE',  ( 26.14282060029972499, -16.81400479751694022, 49.54666824371490463 ) ) ;
#283 = CARTESIAN_POINT ( 'NONE',  ( 6.282125154819386381, 63.55625088630628738, 49.31143996461796775 ) ) ;
#284 = ORIENTED_EDGE ( 'NONE', *, *, #3084, .T. ) ;
#285 = CARTESIAN_POINT ( 'NONE',  ( 14.54109577521713703, -4.602427585147214728, 65.00000000000001421 ) ) ;
#286 = CARTESIAN_POINT ( 'NONE',  ( 4.500794204043209845, -44.68643509281731951, 56.86720896767109679 ) ) ;
#287 = CARTESIAN_POINT ( 'NONE',  ( -30.00859642362462409, 25.60661681236002707, 55.51585101007965051 ) ) ;
#288 = CARTESIAN_POINT ( 'NONE',  ( -28.69896821995966718, -41.67436016822415468, 51.89983131901380631 ) ) ;
#289 = CARTESIAN_POINT ( 'NONE',  ( -16.17682054816283355, 5.687659599592412185, 55.63909770926910880 ) ) ;
#290 = CARTESIAN_POINT ( 'NONE',  ( 26.60327625042313571, 9.645641594105741845, 53.93190860298786049 ) ) ;
#291 = LINE ( 'NONE', #2913, #4622 ) ;
#292 = ORIENTED_EDGE ( 'NONE', *, *, #4414, .T. ) ;
#293 = FACE_OUTER_BOUND ( 'NONE', #2202, .T. ) ;
#294 = CARTESIAN_POINT ( 'NONE',  ( 14.45847681011098551, 9.861417964917080781, 56.77057131884953378 ) ) ;
#295 = CARTESIAN_POINT ( 'NONE',  ( 0.000000000000000000, 0.000000000000000000, 65.00000000000000000 ) ) ;
#296 = ORIENTED_EDGE ( 'NONE', *, *, #2030, .F. ) ;
#297 = CARTESIAN_POINT ( 'NONE',  ( 16.85158407960645732, 4.720719989624080348, 53.55821104768276797 ) ) ;
#298 = CARTESIAN_POINT ( 'NONE',  ( 6.985972207211032625, -4.790694518972637539, 64.50000000000001421 ) ) ;
#299 = CARTESIAN_POINT ( 'NONE',  ( -40.14522748293745025, -20.37980476298433530, 51.13257558955201176 ) ) ;
#300 = CARTESIAN_POINT ( 'NONE',  ( -14.00971042348820639, -10.51551566850574737, 51.98674131831343459 ) ) ;
#301 = CARTESIAN_POINT ( 'NONE',  ( 72.29691482288959037, 37.96722390293521698, 56.19339453665823925 ) ) ;
#302 = CARTESIAN_POINT ( 'NONE',  ( -13.29678528386918934, 1.639699995536096910, 64.50000000000000000 ) ) ;
#303 = CARTESIAN_POINT ( 'NONE',  ( 19.83656910889370906, -37.17472487069881026, 58.72822805945273217 ) ) ;
#304 = ADVANCED_FACE ( 'NONE', ( #2792 ), #4754, .T. ) ;
#305 = CARTESIAN_POINT ( 'NONE',  ( 28.14607637913958271, 42.05162450240924699, 56.96289742240345788 ) ) ;
#306 = CARTESIAN_POINT ( 'NONE',  ( 7.165275016939951946, 64.21173777744853339, 49.25214573503922821 ) ) ;
#307 = CARTESIAN_POINT ( 'NONE',  ( -1.556304198155021190, 54.60700899762453986, 51.52279789478004801 ) ) ;
#308 = CARTESIAN_POINT ( 'NONE',  ( 22.27597156227533048, 35.76633520757709306, 58.72822805945271796 ) ) ;
#309 = CARTESIAN_POINT ( 'NONE',  ( 2.706585018081840044, 50.52511189212994935, 51.13307635450970423 ) ) ;
#310 = AXIS2_PLACEMENT_3D ( 'NONE', #814, #4713, #2751 ) ;
#311 = CARTESIAN_POINT ( 'NONE',  ( 47.57568325474711912, -25.02960675578690797, 51.57349741933571607 ) ) ;
#312 = CARTESIAN_POINT ( 'NONE',  ( 36.44919089292248771, 26.24101966431599919, 56.86720896767109679 ) ) ;
#313 = CARTESIAN_POINT ( 'NONE',  ( -2.409912630580536952, 25.33273589254797997, 50.22221553648578407 ) ) ;
#314 = CARTESIAN_POINT ( 'NONE',  ( 27.04495202753815519, -20.21795978443526565, 49.21313184373556027 ) ) ;
#315 = CARTESIAN_POINT ( 'NONE',  ( -0.3926458758768333612, 56.47312894814837136, 51.41654731458072547 ) ) ;
#316 = ORIENTED_EDGE ( 'NONE', *, *, #6216, .F. ) ;
#317 = CARTESIAN_POINT ( 'NONE',  ( 17.43063716991252932, 25.74077848444492034, 58.55019570516677874 ) ) ;
#318 = CARTESIAN_POINT ( 'NONE',  ( 2.151235517021659049, -22.56399095054535309, 56.85492226666001869 ) ) ;
#319 = CARTESIAN_POINT ( 'NONE',  ( -13.70729539031822064, 18.12252953170465375, 54.49250805540010134 ) ) ;
#320 = CARTESIAN_POINT ( 'NONE',  ( -19.34316704542637666, -24.33385316340726945, 51.56738055213735095 ) ) ;
#321 = CARTESIAN_POINT ( 'NONE',  ( -19.90231836918180619, 1.166997960876632545, 56.97967054101557949 ) ) ;
#322 = CARTESIAN_POINT ( 'NONE',  ( 74.36476930871715751, 39.17725510858047500, 54.59770645642647935 ) ) ;
#323 = CARTESIAN_POINT ( 'NONE',  ( 5.156222560003080879, 65.72734497814994370, 49.41162545501246228 ) ) ;
#324 = ORIENTED_EDGE ( 'NONE', *, *, #3902, .F. ) ;
#325 = LINE ( 'NONE', #4454, #724 ) ;
#326 = CARTESIAN_POINT ( 'NONE',  ( 7.623072995879641489, -30.13539809487150478, 55.95683369544578056 ) ) ;
#327 = LINE ( 'NONE', #3746, #3628 ) ;
#328 = CARTESIAN_POINT ( 'NONE',  ( -13.02662547419907924, -11.86149002751842296, 50.78320816403543603 ) ) ;
#329 = ORIENTED_EDGE ( 'NONE', *, *, #1368, .T. ) ;
#330 = ORIENTED_EDGE ( 'NONE', *, *, #484, .T. ) ;
#331 = DIRECTION ( 'NONE',  ( 0.000000000000000000, 1.000000000000000000, 0.000000000000000000 ) ) ;
#332 = DIRECTION ( 'NONE',  ( 0.000000000000000000, -1.000000000000000000, 0.000000000000000000 ) ) ;
#333 = VECTOR ( 'NONE', #1107, 1000.000000000000000 ) ;
#334 = CARTESIAN_POINT ( 'NONE',  ( -13.43748478460696028, -10.65278230033920615, 52.11501401321113036 ) ) ;
#335 = VECTOR ( 'NONE', #1945, 1000.000000000000000 ) ;
#336 = CARTESIAN_POINT ( 'NONE',  ( -17.49999999999999645, 0.000000000000000000, 0.000000000000000000 ) ) ;
#337 = CARTESIAN_POINT ( 'NONE',  ( 74.36585479376618935, -19.67866550854028418, 52.64960136391685097 ) ) ;
#338 = CARTESIAN_POINT ( 'NONE',  ( -18.64348791643013570, -16.18061534227753384, 52.31100701728234981 ) ) ;
#339 = CARTESIAN_POINT ( 'NONE',  ( 23.52350202018999425, -55.84960205692001978, 58.28933056099386789 ) ) ;
#340 = CARTESIAN_POINT ( 'NONE',  ( 21.96086574168494465, -43.60589611457074000, 57.00445623239560433 ) ) ;
#341 = CARTESIAN_POINT ( 'NONE',  ( 7.282094857986368908, 64.19868636323080580, 50.84782201340048147 ) ) ;
#342 = CARTESIAN_POINT ( 'NONE',  ( 17.50005175128421087, -0.2052457439402673445, 53.85665222022833376 ) ) ;
#343 = EDGE_CURVE ( 'NONE', #2328, #1960, #4338, .T. ) ;
#344 = CARTESIAN_POINT ( 'NONE',  ( 8.900750112130841885, 72.13978675813348218, 50.80016357729127918 ) ) ;
#345 = B_SPLINE_CURVE_WITH_KNOTS ( 'NONE', 3,
 ( #2285, #5164, #3142, #3693, #4240, #857, #1305, #4690, #1812, #5673, #3757, #2191, #1335, #4107, #3660, #6149, #4203, #3240, #5133, #339, #5102, #5230, #1716, #2160, #3626, #5581, #761, #1686, #6185, #5706, #5610, #2796, #794, #3274, #4757, #4171, #1241, #5198, #6054, #6117, #1748, #2669, #3176, #2251, #5643, #1275, #2730, #1209, #730, #4627, #303, #240, #4139, #1779, #2701, #6085, #4658, #272, #3725, #823, #2762, #4725, #3919, #4823, #3309, #24, #924, #3373, #1402, #5333, #1878, #4789, #442, #2955, #3821, #4306, #2385, #6249, #408, #1942, #2350, #1974, #4341, #6315, #5870, #5773, #1500, #3436, #890, #5391, #1016, #4855, #3341, #1470, #5264, #3888, #374, #2448, #2828, #2863, #4272, #5365, #5299, #3788, #6282, #1912, #2318, #6218, #3856, #5807, #2927, #4884 ),
 .UNSPECIFIED., .F., .F.,
 ( 4, 2, 1, 1, 1, 1, 2, 2, 2, 2, 1, 1, 1, 1, 2, 2, 2, 2, 1, 1, 1, 1, 2, 2, 2, 2, 1, 1, 1, 1, 1, 2, 2, 2, 2, 1, 1, 1, 1, 1, 2, 2, 2, 2, 1, 1, 1, 1, 1, 2, 2, 2, 1, 1, 1, 1, 1, 2, 2, 2, 2, 1, 1, 1, 1, 2, 2, 2, 2, 1, 1, 1, 1, 2, 2, 4 ),
 ( 0.000000000000000000, 0.06250000000002202405, 0.09375000000003302913, 0.1093750000000385525, 0.1171875000000413281, 0.1210937500000427020, 0.1230468750000430211, 0.1250000000000433542, 0.1875000000000467681, 0.2187500000000483225, 0.2343750000000492939, 0.2421875000000497657, 0.2460937500000499878, 0.2480468750000499323, 0.2490234375000499323, 0.2500000000000499045, 0.3125000000000637268, 0.3437500000000706102, 0.3593750000000738853, 0.3671875000000754952, 0.3710937500000761613, 0.3730468750000762723, 0.3740234375000763278, 0.3750000000000763833, 0.4375000000000768274, 0.4687500000000771050, 0.4843750000000770495, 0.4921875000000771605, 0.4960937500000771050, 0.4980468750000771050, 0.4990234375000770495, 0.4995117187500772160, 0.5000000000000773825, 0.5625000000000822675, 0.5937500000000848210, 0.6093750000000859313, 0.6171875000000865974, 0.6210937500000868194, 0.6230468750000872635, 0.6240234375000873746, 0.6245117187500871525, 0.6250000000000870415, 0.6875000000000837108, 0.7187500000000820455, 0.7343750000000812683, 0.7421875000000808242, 0.7460937500000804912, 0.7480468750000802691, 0.7490234375000801581, 0.7495117187500801581, 0.7500000000000800471, 0.7812500000000721645, 0.7968750000000680567, 0.8046875000000660583, 0.8085937500000650591, 0.8105468750000646150, 0.8115234375000642819, 0.8120117187500640599, 0.8125000000000639488, 0.8437500000000507372, 0.8593750000000440759, 0.8671875000000407452, 0.8710937500000391909, 0.8730468750000385247, 0.8740234375000381917, 0.8745117187500380806, 0.8750000000000378586, 0.9062500000000329736, 0.9218750000000306422, 0.9296875000000295319, 0.9335937500000289768, 0.9355468750000286438, 0.9365234375000286438, 0.9370117187500284217, 0.9375000000000283107, 1.000000000000000000 ),
 .UNSPECIFIED. ) ;
#346 = CARTESIAN_POINT ( 'NONE',  ( -2.550631437715342731, 6.007869066048916018, 64.50000000000000000 ) ) ;
#347 = CARTESIAN_POINT ( 'NONE',  ( 54.67649490920494060, 28.69984800140021974, 56.19425227943001033 ) ) ;
#348 = LINE ( 'NONE', #2228, #3944 ) ;
#349 = CARTESIAN_POINT ( 'NONE',  ( -1.404644413044336959, 72.88851287878676999, 49.87319817699949454 ) ) ;
#350 = CARTESIAN_POINT ( 'NONE',  ( -34.77473735308450387, 72.88419708275665698, 53.51031388644009468 ) ) ;
#351 = CARTESIAN_POINT ( 'NONE',  ( 82.40707513647330984, 11.58077851695192351, 52.94903657629062366 ) ) ;
#352 = ORIENTED_EDGE ( 'NONE', *, *, #3147, .T. ) ;
#353 = CARTESIAN_POINT ( 'NONE',  ( 56.12614006147337875, 62.28715991052547452, 57.88284797772963230 ) ) ;
#354 = CARTESIAN_POINT ( 'NONE',  ( 3.337352239562384693, -33.62404990680644801, 56.86368557394443002 ) ) ;
#355 = VECTOR ( 'NONE', #4950, 1000.000000000000000 ) ;
#356 = CARTESIAN_POINT ( 'NONE',  ( -15.91821124810657118, 11.91821371984561573, 55.83811538691802667 ) ) ;
#357 = CARTESIAN_POINT ( 'NONE',  ( -26.20272614823344881, -21.46659324491664123, 50.55264954394068155 ) ) ;
#358 = CARTESIAN_POINT ( 'NONE',  ( -55.06869900234219273, -27.39214970759262613, 49.48571190064031100 ) ) ;
#359 = CARTESIAN_POINT ( 'NONE',  ( -23.28132716698264915, 10.27273940602017177, 55.28531409147004894 ) ) ;
#360 = CARTESIAN_POINT ( 'NONE',  ( 50.47223038816112251, -0.4485641584475285604, 52.23745716780651094 ) ) ;
#361 = CARTESIAN_POINT ( 'NONE',  ( -10.71841374496489507, 72.79051109124982588, 50.48009807287471773 ) ) ;
#362 = VERTEX_POINT ( 'NONE', #3306 ) ;
#363 = ADVANCED_FACE ( 'NONE', ( #471 ), #957, .T. ) ;
#364 = CARTESIAN_POINT ( 'NONE',  ( 4.287830100746195860, 3.728381886561737524, 65.00000000000000000 ) ) ;
#365 = CARTESIAN_POINT ( 'NONE',  ( 5.466297668694060086, -30.60109378294711036, 55.61866395453589007 ) ) ;
#366 = CARTESIAN_POINT ( 'NONE',  ( -54.01040826018477503, -27.68273341747083549, 49.54308883841095223 ) ) ;
#367 = CARTESIAN_POINT ( 'NONE',  ( -57.15959370838159259, -47.46253536653145488, 52.19358067906878063 ) ) ;
#368 = VERTEX_POINT ( 'NONE', #1723 ) ;
#369 = CARTESIAN_POINT ( 'NONE',  ( -0.2711442582281620162, -4.412643754463903889, 64.50000000000000000 ) ) ;
#370 = CARTESIAN_POINT ( 'NONE',  ( 7.103707387043455945, -5.029722974789699208, 65.00000000000000000 ) ) ;
#371 = CARTESIAN_POINT ( 'NONE',  ( -27.74264781966084570, -14.01782029123693363, 51.12846819659461772 ) ) ;
#372 = CARTESIAN_POINT ( 'NONE',  ( 62.63914008359628127, 47.56474055292495962, 56.98574821832366410 ) ) ;
#373 = CARTESIAN_POINT ( 'NONE',  ( -22.12586758723548641, -19.78652056870100751, 52.37694781370459651 ) ) ;
#374 = CARTESIAN_POINT ( 'NONE',  ( 11.79339641864509147, -21.69344866831686502, 58.77526198608956065 ) ) ;
#375 = VECTOR ( 'NONE', #436, 1000.000000000000000 ) ;
#376 = CARTESIAN_POINT ( 'NONE',  ( 14.87116343407953245, -1.568372921130570363, 64.50000000000000000 ) ) ;
#377 = DIRECTION ( 'NONE',  ( -1.000000000000000000, 0.000000000000000000, 0.000000000000000000 ) ) ;
#378 = CARTESIAN_POINT ( 'NONE',  ( 12.55128471623089226, -3.021576397892844490, 64.50000000000001421 ) ) ;
#379 = CARTESIAN_POINT ( 'NONE',  ( -17.49999999999999645, 0.000000000000000000, 65.00000000000000000 ) ) ;
#380 = CARTESIAN_POINT ( 'NONE',  ( 41.67647034446029153, -17.12658177721787212, 50.41334836933680208 ) ) ;
#381 = CARTESIAN_POINT ( 'NONE',  ( 30.83433912176782243, 3.944736017965853492, 54.49995533600653630 ) ) ;
#382 = CARTESIAN_POINT ( 'NONE',  ( 2.578275917314289511, 22.49999716567702279, 49.22286619016815479 ) ) ;
#383 = CARTESIAN_POINT ( 'NONE',  ( -66.26472182506091713, 49.22340365918184801, 55.83400966324887094 ) ) ;
#384 = CARTESIAN_POINT ( 'NONE',  ( 76.36641210736851804, 31.67834040840918064, 55.76209679464025726 ) ) ;
#385 = ORIENTED_EDGE ( 'NONE', *, *, #755, .F. ) ;
#386 = CARTESIAN_POINT ( 'NONE',  ( 44.86841896547763042, 57.45893541846832164, 58.22032603312491261 ) ) ;
#387 = CARTESIAN_POINT ( 'NONE',  ( -8.840923260130720607, -20.93213079104527807, 54.49250805540010134 ) ) ;
#388 = CARTESIAN_POINT ( 'NONE',  ( -12.09996211997758842, 12.15130971079061695, 55.15436188686745567 ) ) ;
#389 = CARTESIAN_POINT ( 'NONE',  ( -13.36449094933428761, -14.72360616446801096, 51.24055101805964085 ) ) ;
#390 = CARTESIAN_POINT ( 'NONE',  ( -55.59375270727295515, -27.23463754581126395, 49.45689041229920235 ) ) ;
#391 = CARTESIAN_POINT ( 'NONE',  ( -37.07916496709809451, 13.46635133567257014, 55.61475204588176524 ) ) ;
#392 = EDGE_CURVE ( 'NONE', #4718, #1566, #5707, .T. ) ;
#393 = CARTESIAN_POINT ( 'NONE',  ( 30.99392087395827033, -2.392802092424457960, 51.90547714402151769 ) ) ;
#394 = CARTESIAN_POINT ( 'NONE',  ( 7.555449052978754132, -5.672642076466022587, 64.50000000000000000 ) ) ;
#395 = VERTEX_POINT ( 'NONE', #3758 ) ;
#396 = PLANE ( 'NONE',  #3060 ) ;
#397 = CARTESIAN_POINT ( 'NONE',  ( 27.42234718126005788, -67.54788147419044719, 56.62359714449999615 ) ) ;
#398 = CARTESIAN_POINT ( 'NONE',  ( -41.01822196977069979, -28.55159297997875001, 50.18217224125123010 ) ) ;
#399 = CARTESIAN_POINT ( 'NONE',  ( -59.59572990120718572, -30.27411602171187255, 51.13052536314484797 ) ) ;
#400 = EDGE_LOOP ( 'NONE', ( #6105, #3613 ) ) ;
#401 = ORIENTED_EDGE ( 'NONE', *, *, #1879, .F. ) ;
#402 = CARTESIAN_POINT ( 'NONE',  ( 22.23577955992017863, -7.887716300742295239, 52.27166166732785513 ) ) ;
#403 = CARTESIAN_POINT ( 'NONE',  ( 6.800249637825152682, -4.223597210865658091, 65.00000000000000000 ) ) ;
#404 = CARTESIAN_POINT ( 'NONE',  ( -47.93097672833517464, -38.93315249898227393, 52.14331686281131795 ) ) ;
#405 = CARTESIAN_POINT ( 'NONE',  ( -15.51326709011614646, -11.79353429495285432, 52.01470043876528848 ) ) ;
#406 = CARTESIAN_POINT ( 'NONE',  ( 8.985755361781487593, -3.641770006484708944, 65.00000000000000000 ) ) ;
#407 = CARTESIAN_POINT ( 'NONE',  ( -16.37743478442394718, -13.13791181587245838, 52.13248259579041388 ) ) ;
#408 = CARTESIAN_POINT ( 'NONE',  ( 14.08294985714518788, -25.16328647249317285, 58.82980244122827429 ) ) ;
#409 = FACE_BOUND ( 'NONE', #400, .T. ) ;
#410 = CARTESIAN_POINT ( 'NONE',  ( -4.636881549360114541, 48.33076077597070253, 51.84378984091701170 ) ) ;
#411 = CARTESIAN_POINT ( 'NONE',  ( 17.45534741731369621, 1.267529823173856540, 54.25876084998865423 ) ) ;
#412 = CARTESIAN_POINT ( 'NONE',  ( 50.00967863482316744, -29.78419034948702304, 49.71338345885922649 ) ) ;
#413 = CARTESIAN_POINT ( 'NONE',  ( -72.19950970322253170, 32.77486119485998728, 55.24717974024628120 ) ) ;
#414 = CARTESIAN_POINT ( 'NONE',  ( 22.54821865044901230, 2.809601259340798851, 54.49250805540010134 ) ) ;
#415 = CARTESIAN_POINT ( 'NONE',  ( -1.205890042396961404, 61.73917302876581914, 49.87375673064659054 ) ) ;
#416 = CARTESIAN_POINT ( 'NONE',  ( -48.90994905897197498, 67.01368333402959365, 54.39498892624951765 ) ) ;
#417 = CARTESIAN_POINT ( 'NONE',  ( 56.55753566239597774, -36.18529302102481182, 49.56701239121129277 ) ) ;
#418 = ORIENTED_EDGE ( 'NONE', *, *, #5941, .F. ) ;
#419 = CARTESIAN_POINT ( 'NONE',  ( 21.79223740915232455, 18.05159790898608563, 57.19871082416852204 ) ) ;
#420 = MECHANICAL_DESIGN_GEOMETRIC_PRESENTATION_REPRESENTATION (  '', ( #6122 ), #3572 ) ;
#421 = CARTESIAN_POINT ( 'NONE',  ( -9.073238668282696651, -17.75078951093919599, 54.15136399135295875 ) ) ;
#422 = CARTESIAN_POINT ( 'NONE',  ( -21.60501530080685484, 45.75594873309449895, 53.49271420449851888 ) ) ;
#423 = CARTESIAN_POINT ( 'NONE',  ( -19.37737568827246548, -11.86746156381133233, 49.88906084091610893 ) ) ;
#424 = CARTESIAN_POINT ( 'NONE',  ( -52.25605337076811452, 32.90146438002766160, 54.59825004819064986 ) ) ;
#425 = CARTESIAN_POINT ( 'NONE',  ( 19.73175321605343413, -2.836766480749286057, 51.57854543817946080 ) ) ;
#426 = CARTESIAN_POINT ( 'NONE',  ( 11.77590849046183763, -4.449853826904931253, 65.00000000000001421 ) ) ;
#427 = VERTEX_POINT ( 'NONE', #2253 ) ;
#428 = CARTESIAN_POINT ( 'NONE',  ( 60.78756968273653172, -33.58780092210877655, 49.87406890324733411 ) ) ;
#429 = CARTESIAN_POINT ( 'NONE',  ( -72.71762471870151501, -0.1351313943392883632, 58.89364419336830991 ) ) ;
#430 = CARTESIAN_POINT ( 'NONE',  ( 6.325491981131623476, -18.85189189719736547, 56.30575105492700061 ) ) ;
#431 = ADVANCED_FACE ( 'NONE', ( #3242 ), #858, .T. ) ;
#432 = DIRECTION ( 'NONE',  ( -0.8232733652589354634, -0.5676451057264807476, 0.000000000000000000 ) ) ;
#433 = CARTESIAN_POINT ( 'NONE',  ( -37.69684513146973615, -73.36898537932715669, 54.11863380481280217 ) ) ;
#434 = CARTESIAN_POINT ( 'NONE',  ( 17.29367317090524736, 22.39855879260338156, 56.63343093668523665 ) ) ;
#435 = VERTEX_POINT ( 'NONE', #1781 ) ;
#436 = DIRECTION ( 'NONE',  ( -0.000000000000000000, -0.000000000000000000, 1.000000000000000000 ) ) ;
#437 = CARTESIAN_POINT ( 'NONE',  ( 8.403359906569342286, -6.387199878107151285, 64.50000000000000000 ) ) ;
#438 = CARTESIAN_POINT ( 'NONE',  ( -20.31010475395882864, -10.18295409767331883, 51.12138910476330267 ) ) ;
#439 = CARTESIAN_POINT ( 'NONE',  ( 10.67599115843850477, -4.738284780104929261, 64.50000000000000000 ) ) ;
#440 = CARTESIAN_POINT ( 'NONE',  ( 56.45874848530171874, 51.55343936082936551, 57.41830490810381349 ) ) ;
#441 = CARTESIAN_POINT ( 'NONE',  ( -16.08306718987494222, -12.67993314969337071, 52.09235123304710413 ) ) ;
#442 = CARTESIAN_POINT ( 'NONE',  ( 15.67905278280796288, -27.91515331610555961, 58.83497891372937971 ) ) ;
#443 = PRESENTATION_LAYER_ASSIGNMENT (  '', '', ( #1157 ) ) ;
#444 = CARTESIAN_POINT ( 'NONE',  ( 13.43631290809594780, -23.54118984040199436, 57.25111170324260002 ) ) ;
#445 = CARTESIAN_POINT ( 'NONE',  ( -4.472981817545773175, 48.76160614231387314, 51.82385662616886890 ) ) ;
#446 = CARTESIAN_POINT ( 'NONE',  ( 12.59112428273388495, -2.055137226712317133, 64.50000000000000000 ) ) ;
#447 = CARTESIAN_POINT ( 'NONE',  ( 14.87023819448327622, -2.017021791871689729, 65.00000000000000000 ) ) ;
#448 = CARTESIAN_POINT ( 'NONE',  ( -59.70207199958126409, 58.18110458276488828, 53.59357610256688531 ) ) ;
#449 = CARTESIAN_POINT ( 'NONE',  ( 33.59703653775635956, 4.318128908482115946, 54.50121489827088084 ) ) ;
#450 = CARTESIAN_POINT ( 'NONE',  ( -1.735379264482347361, 17.01726095568137609, 50.23798147566900241 ) ) ;
#451 = CARTESIAN_POINT ( 'NONE',  ( -71.67770599345556093, 35.33854315166558280, 56.69745020171497885 ) ) ;
#452 = CARTESIAN_POINT ( 'NONE',  ( 82.55287720947099217, 6.523144183701838017, 54.26148292612398905 ) ) ;
#453 = CARTESIAN_POINT ( 'NONE',  ( 22.45493751244512382, 21.49485702400736642, 57.53852826079248928 ) ) ;
#454 = CARTESIAN_POINT ( 'NONE',  ( -9.604738076546087910, 17.41250732543941382, 53.81364701626051072 ) ) ;
#455 = CARTESIAN_POINT ( 'NONE',  ( -20.77470708921127951, -9.017146140478812910, 49.22286619016815479 ) ) ;
#456 = CARTESIAN_POINT ( 'NONE',  ( -74.10786019794134916, 39.66065776277094557, 54.93525821858710145 ) ) ;
#457 = CARTESIAN_POINT ( 'NONE',  ( 22.50546813172922000, 3.133764359883764339, 52.92578330653896046 ) ) ;
#458 = CARTESIAN_POINT ( 'NONE',  ( 6.985972207211032625, -4.790694518972637539, 64.50000000000001421 ) ) ;
#459 = VERTEX_POINT ( 'NONE', #2865 ) ;
#460 = MANIFOLD_SOLID_BREP ( '\X2\52065272\X0\1[2]', #4210 ) ;
#461 = CARTESIAN_POINT ( 'NONE',  ( 82.15380479523653889, 14.06130834185530887, 53.09145647474797158 ) ) ;
#462 = CARTESIAN_POINT ( 'NONE',  ( -28.00803613150164040, 4.039298241525336230, 58.21187048649823481 ) ) ;
#463 = CARTESIAN_POINT ( 'NONE',  ( -1.100183847674903959, -31.06618740333128414, 54.60517547258147886 ) ) ;
#464 = FACE_OUTER_BOUND ( 'NONE', #844, .T. ) ;
#465 = CARTESIAN_POINT ( 'NONE',  ( -54.12156317826404006, -54.76682757823143533, 52.66304964535669342 ) ) ;
#466 = CARTESIAN_POINT ( 'NONE',  ( 22.28589942426309278, 38.99030297434095615, 57.29873198985024629 ) ) ;
#467 = ORIENTED_EDGE ( 'NONE', *, *, #5113, .F. ) ;
#468 = CARTESIAN_POINT ( 'NONE',  ( 25.39481575115610212, -8.480820360578928074, 52.35662854295786417 ) ) ;
#469 = LINE ( 'NONE', #4368, #5538 ) ;
#470 = CARTESIAN_POINT ( 'NONE',  ( -4.233115106412402184, 22.19939311130853099, 50.66695857741238740 ) ) ;
#471 = FACE_OUTER_BOUND ( 'NONE', #2821, .T. ) ;
#472 = CARTESIAN_POINT ( 'NONE',  ( 61.59501776869790746, 48.35066767038922819, 57.06214313082134737 ) ) ;
#473 = CARTESIAN_POINT ( 'NONE',  ( -17.14247503029060837, -14.23947488986796550, 52.21100382027303510 ) ) ;
#474 = CARTESIAN_POINT ( 'NONE',  ( -71.15832838157473361, 14.72934863332527122, 57.91010636391871458 ) ) ;
#475 = EDGE_CURVE ( 'NONE', #6074, #4683, #2365, .T. ) ;
#476 = CARTESIAN_POINT ( 'NONE',  ( -21.69359123460582239, 74.31870641549168965, 52.74116648524223194 ) ) ;
#477 = CARTESIAN_POINT ( 'NONE',  ( -1.664989228131619425, -17.42191104338995444, 55.95756370241046795 ) ) ;
#478 = CARTESIAN_POINT ( 'NONE',  ( 11.49714986154942764, 17.79482055041942701, 58.66437912813249511 ) ) ;
#479 = CARTESIAN_POINT ( 'NONE',  ( 51.72339300302723331, -36.13634970000941848, 49.36997746265574705 ) ) ;
#480 = CARTESIAN_POINT ( 'NONE',  ( 38.43550706160341690, 49.61396909267497790, 56.63175401432328471 ) ) ;
#481 = CARTESIAN_POINT ( 'NONE',  ( 33.78619271956971915, -0.4622588202905362209, 53.82611305114953382 ) ) ;
#482 =( GEOMETRIC_REPRESENTATION_CONTEXT ( 3 ) GLOBAL_UNCERTAINTY_ASSIGNED_CONTEXT ( ( #6288 ) ) GLOBAL_UNIT_ASSIGNED_CONTEXT ( ( #2168, #3215, #3636 ) ) REPRESENTATION_CONTEXT ( 'NONE', 'WORKASPACE' ) );
#483 = CARTESIAN_POINT ( 'NONE',  ( 22.70515002110359504, -70.18212229533119739, 56.27576660695997646 ) ) ;
#484 = EDGE_CURVE ( 'NONE', #2890, #981, #3277, .T. ) ;
#485 = CARTESIAN_POINT ( 'NONE',  ( -34.25076664286822847, 73.01070205882503217, 53.47911047773684601 ) ) ;
#486 = CARTESIAN_POINT ( 'NONE',  ( 78.09743829522760450, 28.34462887473004855, 55.54650207301604325 ) ) ;
#487 = ORIENTED_EDGE ( 'NONE', *, *, #863, .T. ) ;
#488 = CARTESIAN_POINT ( 'NONE',  ( -30.48687678968695991, 78.32964530152165139, 53.15739961864777285 ) ) ;
#489 = CARTESIAN_POINT ( 'NONE',  ( -77.12440415725539822, -32.79321829817182987, 49.20207363733447892 ) ) ;
#490 = CARTESIAN_POINT ( 'NONE',  ( -55.60318192669208770, 47.14898807431053740, 53.92294902736882989 ) ) ;
#491 = CARTESIAN_POINT ( 'NONE',  ( 61.21345339727091783, 8.132053674596075865, 52.91091791998442773 ) ) ;
#492 = CARTESIAN_POINT ( 'NONE',  ( -7.549729995407650662, -6.692130933951083271, 65.00000000000000000 ) ) ;
#493 = ORIENTED_EDGE ( 'NONE', *, *, #1645, .F. ) ;
#494 = CARTESIAN_POINT ( 'NONE',  ( 64.96508545225145781, 45.73327563433065279, 55.21051080750252993 ) ) ;
#495 = CARTESIAN_POINT ( 'NONE',  ( -72.19510722954173332, 10.12772294251363370, 58.22032603312491261 ) ) ;
#496 = CARTESIAN_POINT ( 'NONE',  ( 7.473226442982509710, -72.33584744456014448, 55.27314253314647630 ) ) ;
#497 = B_SPLINE_SURFACE_WITH_KNOTS ( 'NONE', 3, 3, ( 
 ( #4498, #3529, #118, #5903, #1532, #3469, #2068, #5424, #4014, #1113, #2990, #1175, #4714 ),
 ( #1866, #3810, #1391, #5069, #206, #2157, #3745, #694, #6208, #4104, #2338, #2818, #5289 ),
 ( #2637, #1683, #5761, #2307, #6051, #846, #3331, #4329, #4778, #1832, #913, #397, #2851 ),
 ( #4811, #430, #1324, #3777, #3299, #3623, #5578, #2373, #6271, #4590, #1901, #3262, #5254 ),
 ( #1206, #5545, #5727, #4293, #3110, #326, #3139, #6239, #5099, #1356, #727, #2666, #2275 ),
 ( #6173, #4227, #1799, #5694, #5220, #365, #2784, #4747, #4262, #880, #5859, #1518, #4361 ),
 ( #4842, #3845, #3938, #4485, #3455, #6304, #2497, #5888, #4902, #5796, #13, #496, #4392 ),
 ( #1068, #1459, #2527, #5321, #1491, #590, #1931, #1426, #5411, #4455, #5439, #3877, #3363 ),
 ( #1038, #2976, #4931, #2438, #2024, #463, #1963, #559, #2917, #4874, #73, #977, #3969 ),
 ( #5917, #5353, #105, #5827, #1547, #3395, #44, #3908, #3486, #3006, #3426, #5384, #4962 ),
 ( #945, #2884, #4424, #2406, #1007, #2946, #527, #2468, #1994, #3126, #1577, #1224, #2084 ),
 ( #5086, #5596, #652, #2623, #2684, #5563, #4642, #3644, #3158, #5501, #4576, #3065, #2055 ),
 ( #712, #1128, #5472, #6008, #5024, #745, #4001, #2592, #5977, #4609, #224, #4124, #3517 ),
 ( #4992, #165, #1101, #193, #6037, #5118, #1703, #5949, #2143, #3036, #1606, #5057, #620 ),
 ( #2561, #2114, #4030, #4515, #133, #3545, #4090, #4546, #4060, #681, #1636, #3608, #1670 ),
 ( #3577, #5530, #1161, #3095, #1194, #2655, #2176, #6070, #3676, #5181, #6101, #2332, #4772 ),
 ( #906, #2716, #6200, #4188, #2777, #3710, #1350, #4286, #4220, #288, #3292, #1826, #874 ),
 ( #840, #4155, #256, #5721, #2301, #320, #2266, #5247, #1734, #1859, #4255, #2236, #6133 ),
 ( #5688, #389, #3771, #4707, #3803, #6167, #3193, #6232, #808, #3256, #1290, #5213, #1763 ),
 ( #1794, #2843, #5658, #2811, #4741, #5148, #5754, #1383, #4674, #3324, #5629, #1258, #5282 ),
 ( #2207, #1318, #3224, #3739, #2746, #777, #357, #2461, #5313, #3931, #5789, #4803, #4895 ),
 ( #6264, #5377, #4417, #66, #4448, #5910, #1000, #3962, #4354, #1483, #2017, #1539, #3357 ),
 ( #3478, #939, #423, #520, #5404, #5432, #2877, #2366, #6297, #36, #1986, #5881, #1451 ),
 ( #1418, #3387, #1512, #3870, #5820, #3448, #1925, #1030, #4835, #1060, #4866, #2430, #2969 ),
 ( #4924, #2910, #455, #3419, #3900, #553, #2489, #4322, #1894, #3837, #2398, #1955, #489 ) ),
 .UNSPECIFIED., .F., .F., .F.,
 ( 4, 3, 3, 3, 3, 3, 3, 3, 4 ),
 ( 4, 3, 3, 3, 4 ),
 ( -0.06556304563082938908, 0.08647668652357537455, 0.2385164186779801243, 0.3905561508323848741, 0.5425958829867896238, 0.6946356151411943181, 0.8466753472955991233, 0.9987150794500039286, 1.150754811604408623 ),
 ( -0.005864202508118646767, 0.1177285902129042161, 0.2413213829339270755, 0.4885069683759727943, 0.9828781392600642874 ),
 .UNSPECIFIED. ) ;
#498 = CARTESIAN_POINT ( 'NONE',  ( -15.08925445686164402, 8.866257924283152292, 56.37600237402958214 ) ) ;
#499 = CARTESIAN_POINT ( 'NONE',  ( -57.01540234537794305, -47.89721572504879532, 52.22090911357604170 ) ) ;
#500 = CARTESIAN_POINT ( 'NONE',  ( 24.18121962124900648, 31.16843224822435587, 56.62778446716791336 ) ) ;
#501 = VERTEX_POINT ( 'NONE', #1845 ) ;
#502 = CARTESIAN_POINT ( 'NONE',  ( 34.55338595931765155, -12.07870825590395825, 52.28399408291202377 ) ) ;
#503 = CARTESIAN_POINT ( 'NONE',  ( 2.648662880905042982, 60.21968090564528353, 49.57170037200286572 ) ) ;
#504 = CARTESIAN_POINT ( 'NONE',  ( -4.744133720181730851, -16.84467854383201413, 55.10179397773870136 ) ) ;
#505 = CARTESIAN_POINT ( 'NONE',  ( 9.276966714887571186, -4.167583349304138984, 64.50000000000000000 ) ) ;
#506 = CARTESIAN_POINT ( 'NONE',  ( -33.24582465397310216, -26.49780351156622871, 52.10098061387515855 ) ) ;
#507 = CARTESIAN_POINT ( 'NONE',  ( -13.52320755951021525, 6.007869066048916018, 65.00000000000000000 ) ) ;
#508 = CARTESIAN_POINT ( 'NONE',  ( -51.16048216207921229, 65.63268163867857652, 54.54640725427003645 ) ) ;
#509 = CARTESIAN_POINT ( 'NONE',  ( -13.29678528386918934, -6.692130933951083271, 65.00000000000000000 ) ) ;
#510 = CARTESIAN_POINT ( 'NONE',  ( 10.67599115843850477, -4.738284780104929261, 64.50000000000000000 ) ) ;
#511 = B_SPLINE_CURVE_WITH_KNOTS ( 'NONE', 3,
 ( #4152, #6098, #1731, #221, #1221, #2059, #5145, #4005, #5953, #5655, #285, #4639, #3673, #2713, #1581, #1287, #5625, #1255, #1791, #3155, #5115, #4703, #774 ),
 .UNSPECIFIED., .F., .F.,
 ( 4, 1, 1, 1, 1, 1, 1, 1, 1, 1, 1, 1, 1, 1, 1, 1, 1, 1, 1, 1, 4 ),
 ( 0.000000000000000000, 0.05854041680844335183, 0.1125675123403486050, 0.1617798781047807000, 0.2064871555823913074, 0.2464570299480985938, 0.2819997074061418862, 0.3132129382361463210, 0.3398064735188106589, 0.3894126122316829419, 0.4404734799435059966, 0.4939547398756060637, 0.5499778768088320335, 0.6064880836267155795, 0.6613185000989839635, 0.7146910989596496622, 0.7679184713297975140, 0.8219387900584592677, 0.8781073740704571362, 0.9372026550360452735, 1.000000000000000000 ),
 .UNSPECIFIED. ) ;
#512 = CARTESIAN_POINT ( 'NONE',  ( -0.2711442582281620162, 1.286074194254045899, 65.00000000000000000 ) ) ;
#513 = CARTESIAN_POINT ( 'NONE',  ( -37.78085244002010512, 72.04666260704185277, 52.08817253236095013 ) ) ;
#514 = EDGE_CURVE ( 'NONE', #5624, #1522, #4692, .T. ) ;
#515 = CARTESIAN_POINT ( 'NONE',  ( 19.24965334272362227, 5.184222676710806610, 55.16342442864925744 ) ) ;
#516 = CARTESIAN_POINT ( 'NONE',  ( -7.571271743410435739, 15.77917023446376277, 53.54867636100720318 ) ) ;
#517 = CARTESIAN_POINT ( 'NONE',  ( 12.10488358115163976, 20.10793432672166858, 57.18055883981502063 ) ) ;
#518 = CARTESIAN_POINT ( 'NONE',  ( 36.52852088357183646, 48.24724425484514256, 58.29181317749906555 ) ) ;
#519 = CARTESIAN_POINT ( 'NONE',  ( -33.98760995864974177, 51.55647418934614734, 54.16944247347282726 ) ) ;
#520 = CARTESIAN_POINT ( 'NONE',  ( -21.77355050897681110, -13.29234602346856242, 49.88608962002313518 ) ) ;
#521 = CARTESIAN_POINT ( 'NONE',  ( -17.33695649651948756, 22.36520168733595071, 52.91990793204146826 ) ) ;
#522 = CARTESIAN_POINT ( 'NONE',  ( 40.77361566702664675, -18.83230900900512239, 50.21285285563457990 ) ) ;
#523 = CARTESIAN_POINT ( 'NONE',  ( 10.77888306621024661, -4.735282319816180419, 65.00000000000000000 ) ) ;
#524 = VERTEX_POINT ( 'NONE', #1880 ) ;
#525 = CARTESIAN_POINT ( 'NONE',  ( 80.99488172665147090, -4.516662004330628477, 52.01620108401275644 ) ) ;
#526 = CARTESIAN_POINT ( 'NONE',  ( -61.60745663020023954, 4.238068155479608912, 58.55737526275413529 ) ) ;
#527 = CARTESIAN_POINT ( 'NONE',  ( -5.968391798373660961, -33.34343225227415530, 53.92900521243421963 ) ) ;
#528 = ADVANCED_FACE ( 'NONE', ( #891, #409 ), #925, .F. ) ;
#529 = AXIS2_PLACEMENT_3D ( 'NONE', #5304, #1917, #3862 ) ;
#530 = CARTESIAN_POINT ( 'NONE',  ( -5.122550421081426997, -81.78157604734320785, 56.08599163209306226 ) ) ;
#531 = CARTESIAN_POINT ( 'NONE',  ( 16.72576989663827618, 29.35649917966744482, 57.30190687792217830 ) ) ;
#532 = ORIENTED_EDGE ( 'NONE', *, *, #1031, .F. ) ;
#533 = CARTESIAN_POINT ( 'NONE',  ( 38.84444423935865132, -14.95619259262800327, 52.13331505736609017 ) ) ;
#534 = B_SPLINE_CURVE_WITH_KNOTS ( 'NONE', 3,
 ( #1387, #4388, #2402, #3390, #877, #2942, #1421, #4838, #2814, #4289, #4357, #3904, #5855, #394, #1487, #6300, #2369, #458, #1455, #909, #3422, #6235, #1862, #5349, #5380, #5823, #3806 ),
 .UNSPECIFIED., .F., .F.,
 ( 4, 1, 1, 1, 1, 1, 1, 1, 1, 1, 1, 1, 1, 1, 1, 1, 1, 1, 1, 1, 1, 1, 1, 1, 4 ),
 ( 0.000000000000000000, 0.04171493243336126672, 0.08230270593995228645, 0.1215718144257365158, 0.1600671244574461693, 0.1979937629052238302, 0.2355661717952775847, 0.2730048805336445228, 0.3100903331095229420, 0.3468461432534286071, 0.3824835718335567458, 0.4172710082891830652, 0.4513316191888082640, 0.4848527413222461502, 0.5180308512419189437, 0.5510685457911258522, 0.5841710000647791778, 0.6194667444415160595, 0.6591579072517056437, 0.7034715469577031977, 0.7528401139219638161, 0.8068443124206159389, 0.8661419381570225617, 0.9305017472849205218, 1.000000000000000000 ),
 .UNSPECIFIED. ) ;
#535 = CARTESIAN_POINT ( 'NONE',  ( -46.46032589003554136, -19.65480471304685040, 50.80028883450233934 ) ) ;
#536 = CARTESIAN_POINT ( 'NONE',  ( 12.59167625459235040, 6.007869066048916018, 64.50000000000000000 ) ) ;
#537 = CARTESIAN_POINT ( 'NONE',  ( -39.99229873980211636, -28.25451895581765172, 51.82385662616884758 ) ) ;
#538 = CARTESIAN_POINT ( 'NONE',  ( -53.46695360500601168, 4.579742292923009828, 58.47848775840218849 ) ) ;
#539 = CARTESIAN_POINT ( 'NONE',  ( -69.54012866197723497, 42.48635833683147212, 56.26543369896402425 ) ) ;
#540 = DIRECTION ( 'NONE',  ( 1.000000000000000000, 0.000000000000000000, 0.000000000000000000 ) ) ;
#541 = CARTESIAN_POINT ( 'NONE',  ( 15.89200466166945702, -7.335963685835889869, 51.84768821584227538 ) ) ;
#542 = CARTESIAN_POINT ( 'NONE',  ( -8.161907791173167226, -44.27846701130631857, 55.51685792969207256 ) ) ;
#543 = CARTESIAN_POINT ( 'NONE',  ( 13.87085032088183389, -5.667341403457395899, 64.50000000000001421 ) ) ;
#544 = PLANE ( 'NONE',  #14 ) ;
#545 = CARTESIAN_POINT ( 'NONE',  ( 38.97987719859292355, -6.062981856495656352, 53.15296643978309987 ) ) ;
#546 = CARTESIAN_POINT ( 'NONE',  ( -7.202653610433461751, 15.95042721880741965, 53.43776124430836916 ) ) ;
#547 = CARTESIAN_POINT ( 'NONE',  ( 13.66911198305217567, 23.40678323180891596, 57.25111170324260002 ) ) ;
#548 = CARTESIAN_POINT ( 'NONE',  ( 31.74390140305061081, 44.84798051656645868, 58.44538197496516574 ) ) ;
#549 = EDGE_CURVE ( 'NONE', #3452, #4718, #6284, .T. ) ;
#550 = B_SPLINE_SURFACE_WITH_KNOTS ( 'NONE', 1, 3, ( 
 ( #2231, #2619, #4572, #2171, #6065, #3704, #5591, #189, #1219, #2139, #6033, #2806, #5242, #5208, #6294, #5848, #3866, #1378, #1821, #5716, #4249, #5749, #452, #2327, #5308, #4864, #6195, #967, #1922, #6259, #486, #6227, #384, #4281, #1481, #2360, #3319, #1854, #4383, #5277, #4351, #867, #5815, #900, #3832, #3797, #2295, #2838, #4798, #3898 ),
 ( #4765, #5784, #417, #3766, #3, #4831, #835, #1345, #3287, #1447, #4316, #2427, #5343, #1888, #1412, #3351, #934, #3383, #2908, #1951, #2772, #4736, #2873, #351, #2395, #4446, #4475, #4020, #2581, #5965, #5014, #2457, #3445, #4505, #3026, #1057, #2102, #3991, #4982, #5401, #123, #4952, #580, #2487, #2995, #640, #1594, #63, #3534, #5375 ) ),
 .UNSPECIFIED., .F., .F., .F.,
 ( 2, 2 ),
 ( 4, 2, 2, 2, 2, 2, 2, 2, 2, 2, 2, 2, 2, 2, 2, 2, 2, 2, 2, 2, 2, 2, 2, 2, 4 ),
 ( 0.000000000000000000, 1.000000000000000000 ),
 ( 2.501853776554200607E-17, 0.007463620878585058675, 0.01492724175717009306, 0.01865905219646260896, 0.02239086263575512659, 0.02985448351434016184, 0.03358629395363267600, 0.03731810439292519710, 0.04478172527151022542, 0.04851353571080274651, 0.05224534615009526067, 0.05970896702868029593, 0.06717258790726532425, 0.07090439834655784535, 0.07463620878585036644, 0.08209982966443539476, 0.08396573488408165531, 0.08583164010372790198, 0.08956345054302042308, 0.09702707142160546527, 0.1007588818608979864, 0.1026247870805442330, 0.1044906923001904936, 0.1119543131787755219, 0.1194179340573605641 ),
 .UNSPECIFIED. ) ;
#551 = CARTESIAN_POINT ( 'NONE',  ( -19.23907436110826197, 34.32717910969705599, 53.82863809809740019 ) ) ;
#552 = CIRCLE ( 'NONE', #4932, 17.49999999999999645 ) ;
#553 = CARTESIAN_POINT ( 'NONE',  ( -28.46895772681498471, -12.23528855319731612, 49.21465026286313105 ) ) ;
#554 = CARTESIAN_POINT ( 'NONE',  ( -30.87223017959787086, 40.09080960565442098, 52.91253839476787846 ) ) ;
#555 = CARTESIAN_POINT ( 'NONE',  ( 32.97966965604436496, -7.348119486817142665, 51.22823526680555517 ) ) ;
#556 = LINE ( 'NONE', #647, #1668 ) ;
#557 = ORIENTED_EDGE ( 'NONE', *, *, #3629, .T. ) ;
#558 = CARTESIAN_POINT ( 'NONE',  ( 75.39141507054117142, 33.40135987818396046, 54.27321375413737314 ) ) ;
#559 = CARTESIAN_POINT ( 'NONE',  ( -1.455445283745465224, -39.42204615240677867, 54.60140707151501260 ) ) ;
#560 = CARTESIAN_POINT ( 'NONE',  ( -20.01496918619170273, -80.89311861509804658, 55.22652533857657886 ) ) ;
#561 = CARTESIAN_POINT ( 'NONE',  ( 19.47364184760704475, 16.47848154858045788, 55.62329482718548235 ) ) ;
#562 = EDGE_CURVE ( 'NONE', #4389, #4614, #5871, .T. ) ;
#563 = ORIENTED_EDGE ( 'NONE', *, *, #5399, .T. ) ;
#564 = CARTESIAN_POINT ( 'NONE',  ( 46.98145564482213388, -24.05549706992212222, 51.62714242529041542 ) ) ;
#565 = CARTESIAN_POINT ( 'NONE',  ( -36.23042455959324570, -15.29534604425028554, 50.79955944449263683 ) ) ;
#566 = AXIS2_PLACEMENT_3D ( 'NONE', #3727, #926, #1370 ) ;
#567 = CARTESIAN_POINT ( 'NONE',  ( 6.589228149877592422, -2.608472788984229851, 65.00000000000001421 ) ) ;
#568 = CARTESIAN_POINT ( 'NONE',  ( 7.182484135277586113, -15.95882488438896551, 58.43180503485903898 ) ) ;
#569 = CARTESIAN_POINT ( 'NONE',  ( -45.56816312997194274, -28.67167621048625747, 51.56820311584990435 ) ) ;
#570 = CARTESIAN_POINT ( 'NONE',  ( -46.42341125807776336, 2.352414054302061519, 58.64551817943234369 ) ) ;
#571 = CARTESIAN_POINT ( 'NONE',  ( 5.271281301984904744, 65.71843830021704491, 51.00746456463616596 ) ) ;
#572 = CARTESIAN_POINT ( 'NONE',  ( 1.305057414118788062, -17.45255314356036891, 56.76894537308306354 ) ) ;
#573 = CARTESIAN_POINT ( 'NONE',  ( -17.45081395375987299, 1.315357261833429936, 56.89488299997911014 ) ) ;
#574 = CARTESIAN_POINT ( 'NONE',  ( -23.05632923162092141, -68.96908155991951617, 54.84470863879021607 ) ) ;
#575 = PLANE ( 'NONE',  #3678 ) ;
#576 = LINE ( 'NONE', #5546, #1892 ) ;
#577 = CARTESIAN_POINT ( 'NONE',  ( 21.17321414239054533, -8.246832375932234172, 52.12795244251434212 ) ) ;
#578 = CARTESIAN_POINT ( 'NONE',  ( -10.22250473278254468, 14.20628579712278139, 54.39080318277034820 ) ) ;
#579 = CARTESIAN_POINT ( 'NONE',  ( 11.00585658364942532, 16.54060395221953428, 58.60591647707461505 ) ) ;
#580 = CARTESIAN_POINT ( 'NONE',  ( 64.48361725186839521, 46.13917894634240469, 55.24717974024628120 ) ) ;
#581 = B_SPLINE_CURVE_WITH_KNOTS ( 'NONE', 3,
 ( #5301, #1814, #3311, #1846, #1337, #5266, #2831, #2353, #2866, #4824, #115, #3466, #2930, #87, #1944, #572, #2540, #1080, #3891, #4011, #26, #3950, #4406, #2419, #2957, #1976, #5957, #960, #3921, #4886, #1558, #3497, #3017, #4857, #6318, #5841, #3438, #477, #5900, #2987, #602, #5335, #2037, #4943, #1473, #5451, #4495 ),
 .UNSPECIFIED., .F., .F.,
 ( 4, 2, 2, 2, 1, 1, 1, 1, 1, 1, 1, 2, 2, 2, 2, 2, 1, 1, 1, 2, 2, 2, 2, 2, 1, 1, 1, 2, 2, 4 ),
 ( 0.000000000000000000, 0.1250000000002092770, 0.2500000000004185541, 0.3750000000006277201, 0.4375000000007326362, 0.4687500000007850942, 0.4843750000008112955, 0.4921875000008242296, 0.4960937500008309464, 0.4980468750008343326, 0.4990234375008359979, 0.4995117187508366086, 0.5000000000008372192, 0.5625000000007466250, 0.5937500000007016610, 0.6093750000006790124, 0.6171875000006675771, 0.6210937500006620260, 0.6230468750006591394, 0.6240234375006575851, 0.6250000000006561418, 0.6875000000005613288, 0.7187500000005138112, 0.7343750000004900524, 0.7421875000004778400, 0.7460937500004717338, 0.7480468750004681810, 0.7490234375004664047, 0.7500000000004647394, 1.000000000000000000 ),
 .UNSPECIFIED. ) ;
#582 = CARTESIAN_POINT ( 'NONE',  ( -3.903195514915437592, 25.20980697847643626, 52.13092693210136019 ) ) ;
#583 = FACE_OUTER_BOUND ( 'NONE', #1935, .T. ) ;
#584 = CARTESIAN_POINT ( 'NONE',  ( -29.85537374812686195, 33.55281864399703551, 53.25075311360233599 ) ) ;
#585 = CARTESIAN_POINT ( 'NONE',  ( 43.82301268297284480, -9.829373656641541501, 51.22487368873380831 ) ) ;
#586 = CARTESIAN_POINT ( 'NONE',  ( -5.078192780671605178, 25.30524419263199576, 52.34278156679738458 ) ) ;
#587 = ORIENTED_EDGE ( 'NONE', *, *, #4539, .F. ) ;
#588 = CARTESIAN_POINT ( 'NONE',  ( 25.87919278136166312, -79.75024306486230330, 57.88284797772963230 ) ) ;
#589 = CARTESIAN_POINT ( 'NONE',  ( -14.38548632086568269, 9.333103696554925222, 56.16646959253830573 ) ) ;
#590 = CARTESIAN_POINT ( 'NONE',  ( 1.104463893258036622, -31.06679258347701378, 54.94278927848866090 ) ) ;
#591 = EDGE_CURVE ( 'NONE', #1191, #1448, #2036, .T. ) ;
#592 = CARTESIAN_POINT ( 'NONE',  ( 12.19459764603106677, -76.99299462583405784, 57.13453335701841951 ) ) ;
#593 = CARTESIAN_POINT ( 'NONE',  ( 28.32567611591583301, 27.45554809466235469, 55.95281541749564980 ) ) ;
#594 = ORIENTED_EDGE ( 'NONE', *, *, #5666, .F. ) ;
#595 = CARTESIAN_POINT ( 'NONE',  ( 39.17985472607334430, -15.22156939499504524, 52.11873060588629869 ) ) ;
#596 = CARTESIAN_POINT ( 'NONE',  ( -6.764004499135863213, 40.36571541707026256, 50.56935057334157335 ) ) ;
#597 = FACE_BOUND ( 'NONE', #3914, .T. ) ;
#598 = CARTESIAN_POINT ( 'NONE',  ( -5.481400668484574190, 6.007869066048916018, 65.00000000000000000 ) ) ;
#599 = CARTESIAN_POINT ( 'NONE',  ( -22.47658596461157288, -20.09621238811761046, 52.37616351044913898 ) ) ;
#600 = CARTESIAN_POINT ( 'NONE',  ( -53.41606946917775645, 4.560432630421211719, 58.47981987122704339 ) ) ;
#601 = CARTESIAN_POINT ( 'NONE',  ( -11.82948696376296560, 73.09618278272844805, 52.15137969820834485 ) ) ;
#602 = CARTESIAN_POINT ( 'NONE',  ( -1.736515502147416123, -17.41491785306387996, 55.93795823719388238 ) ) ;
#603 = CARTESIAN_POINT ( 'NONE',  ( 0.000000000000000000, 0.000000000000000000, 64.50000000000000000 ) ) ;
#604 = CARTESIAN_POINT ( 'NONE',  ( -8.022870554157726986, -72.27687251047126438, 55.85718586193061697 ) ) ;
#605 = FACE_OUTER_BOUND ( 'NONE', #5750, .T. ) ;
#606 = CARTESIAN_POINT ( 'NONE',  ( 64.57191803866388113, -30.70194188680257241, 51.76599811016553332 ) ) ;
#607 = CARTESIAN_POINT ( 'NONE',  ( 83.07890109538575985, -12.76241286884498649, 53.15739961864777285 ) ) ;
#608 = CARTESIAN_POINT ( 'NONE',  ( -9.857777316780392596, 14.46091532382377842, 54.26945693989723196 ) ) ;
#609 = CARTESIAN_POINT ( 'NONE',  ( -1.865277958339352393, 18.33214056019722804, 51.89534009586266450 ) ) ;
#610 = CARTESIAN_POINT ( 'NONE',  ( 41.67980862743338832, 51.25511066146049188, 58.12520731961568998 ) ) ;
#611 = CARTESIAN_POINT ( 'NONE',  ( -1.853448425547623568, 22.59052213894381467, 51.79190401220733264 ) ) ;
#612 = CARTESIAN_POINT ( 'NONE',  ( -55.65374904734036221, 5.266230435699254642, 56.82745588964370143 ) ) ;
#613 = CARTESIAN_POINT ( 'NONE',  ( -15.04184965595204915, 8.946371788248956847, 56.35060345019368810 ) ) ;
#614 = CARTESIAN_POINT ( 'NONE',  ( -46.36720618404380900, 70.10776247681691586, 52.57256229404806902 ) ) ;
#615 = CARTESIAN_POINT ( 'NONE',  ( 29.79320484764376076, -8.867081007884591415, 50.89155573104834218 ) ) ;
#616 = CARTESIAN_POINT ( 'NONE',  ( 8.846804459720553737, 6.007869066048916018, 64.50000000000000000 ) ) ;
#617 = ORIENTED_EDGE ( 'NONE', *, *, #5502, .T. ) ;
#618 = CARTESIAN_POINT ( 'NONE',  ( 42.06853328925991775, -72.52264061830301500, 58.89432888591722559 ) ) ;
#619 = CARTESIAN_POINT ( 'NONE',  ( -19.95070245207967830, 10.87794942704418055, 56.51692912744288577 ) ) ;
#620 = CARTESIAN_POINT ( 'NONE',  ( -32.10732813311893352, -77.67969655345990532, 52.91008421349249602 ) ) ;
#621 = B_SPLINE_CURVE_WITH_KNOTS ( 'NONE', 3,
 ( #4208, #3665, #5616, #1246 ),
 .UNSPECIFIED., .F., .F.,
 ( 4, 4 ),
 ( 0.000000000000000000, 1.000000000000000000 ),
 .UNSPECIFIED. ) ;
#622 = CARTESIAN_POINT ( 'NONE',  ( -2.038501773170026787, -81.42191734924679736, 56.26496555607216266 ) ) ;
#623 = CARTESIAN_POINT ( 'NONE',  ( 31.83757766190613125, 23.12704081384998744, 55.27688058545163585 ) ) ;
#624 = ORIENTED_EDGE ( 'NONE', *, *, #1095, .F. ) ;
#625 = CARTESIAN_POINT ( 'NONE',  ( 28.27131982759543405, 41.96753340181048486, 58.55580491692193590 ) ) ;
#626 = CARTESIAN_POINT ( 'NONE',  ( 9.369919732803779766, -78.24319348838251642, 56.95381147511498199 ) ) ;
#627 = VECTOR ( 'NONE', #3049, 1000.000000000000000 ) ;
#628 = CARTESIAN_POINT ( 'NONE',  ( 6.726032919424259404, -3.881355986052619667, 65.00000000000000000 ) ) ;
#629 = CARTESIAN_POINT ( 'NONE',  ( -26.90893291963822875, -23.38567737752660847, 52.30599123506060977 ) ) ;
#630 = CARTESIAN_POINT ( 'NONE',  ( -39.30677944501029941, 0.9621263056034924377, 58.77181310104169398 ) ) ;
#631 = CARTESIAN_POINT ( 'NONE',  ( -16.87977705427829989, -81.52010817047316493, 53.80701926459656192 ) ) ;
#632 = CARTESIAN_POINT ( 'NONE',  ( 17.43045819855064593, -1.574098590942630382, 53.48256303318750327 ) ) ;
#633 = CARTESIAN_POINT ( 'NONE',  ( -15.50589002939082128, -16.53116206206047067, 52.80352552466549554 ) ) ;
#634 = CARTESIAN_POINT ( 'NONE',  ( 12.88921374852287194, -6.506544674056476296, 64.50000000000000000 ) ) ;
#635 = CARTESIAN_POINT ( 'NONE',  ( -0.2711442582281620162, 3.728381886561737524, 64.50000000000000000 ) ) ;
#636 = CARTESIAN_POINT ( 'NONE',  ( 83.77414756701413978, -6.843505037826331794, 53.49489427029070043 ) ) ;
#637 = CARTESIAN_POINT ( 'NONE',  ( -5.261145297309078650, 16.69371287651010149, 52.87022564120865553 ) ) ;
#638 = CARTESIAN_POINT ( 'NONE',  ( 14.71286849030039079, -25.62390187350639792, 57.26036221288948269 ) ) ;
#639 = CARTESIAN_POINT ( 'NONE',  ( -72.80482351014913434, 20.50246925558750632, 57.57292434007280235 ) ) ;
#640 = CARTESIAN_POINT ( 'NONE',  ( 60.52442806210513027, 49.18613330096953007, 55.53895740161986794 ) ) ;
#641 = ADVANCED_FACE ( 'NONE', ( #6317 ), #2477, .F. ) ;
#642 = CARTESIAN_POINT ( 'NONE',  ( 1.466542568416786985, 25.46535920344804538, 51.12417333647798756 ) ) ;
#643 = CARTESIAN_POINT ( 'NONE',  ( -70.25416894418216884, 13.84833797380473364, 56.35024646408169247 ) ) ;
#644 = CARTESIAN_POINT ( 'NONE',  ( -14.22180988130876500, 10.19975791810408339, 55.94184316168441740 ) ) ;
#645 = CARTESIAN_POINT ( 'NONE',  ( -10.36761025641545331, 43.81387866917906848, 50.88706222600584539 ) ) ;
#646 = CARTESIAN_POINT ( 'NONE',  ( 31.69197815692201203, -11.95892987031846921, 50.55264954394068155 ) ) ;
#647 = CARTESIAN_POINT ( 'NONE',  ( -0.2711442582281620162, -4.412643754463903889, 64.50000000000000000 ) ) ;
#648 = ORIENTED_EDGE ( 'NONE', *, *, #1031, .T. ) ;
#649 = CLOSED_SHELL ( 'NONE', ( #6002, #4490, #2685, #3265, #674, #1253 ) ) ;
#650 = CARTESIAN_POINT ( 'NONE',  ( 19.74720840477028361, -40.46484351415596592, 58.55501974400583265 ) ) ;
#651 = CARTESIAN_POINT ( 'NONE',  ( -21.49487583946920921, 13.73844247422797693, 56.18226737949506600 ) ) ;
#652 = CARTESIAN_POINT ( 'NONE',  ( -5.492810693383872511, -22.04916489780744016, 53.60045532112806654 ) ) ;
#653 = CARTESIAN_POINT ( 'NONE',  ( 9.434826880923109726, -78.21276363608471627, 56.95800855116063843 ) ) ;
#654 = CARTESIAN_POINT ( 'NONE',  ( 67.92681050778639928, 49.15080180817463429, 55.27278240733008374 ) ) ;
#655 = ORIENTED_EDGE ( 'NONE', *, *, #4333, .T. ) ;
#656 = CARTESIAN_POINT ( 'NONE',  ( -8.861244576988163146, -81.98166350451255369, 55.87053817636166997 ) ) ;
#657 = CARTESIAN_POINT ( 'NONE',  ( -7.594631374016787007, -15.76754324309374233, 54.26945693989722486 ) ) ;
#658 = CARTESIAN_POINT ( 'NONE',  ( 15.89588413777599385, 7.322372875578020412, 55.97356841948558070 ) ) ;
#659 = CARTESIAN_POINT ( 'NONE',  ( -62.62042551457494710, 8.904142389290452542, 58.21123981823353688 ) ) ;
#660 = DIRECTION ( 'NONE',  ( 0.000000000000000000, 0.000000000000000000, -1.000000000000000000 ) ) ;
#661 = CIRCLE ( 'NONE', #767, 15.00000000000000000 ) ;
#662 = CARTESIAN_POINT ( 'NONE',  ( 12.58385552751325953, -2.534494138790040818, 64.50000000000000000 ) ) ;
#663 = CARTESIAN_POINT ( 'NONE',  ( -31.69844372170675584, -39.44039983441602004, 53.15483247917457987 ) ) ;
#664 = CARTESIAN_POINT ( 'NONE',  ( 12.10794844020714756, -6.842367880785201528, 65.00000000000001421 ) ) ;
#665 = CARTESIAN_POINT ( 'NONE',  ( 17.41295189680242927, 29.72808867212284412, 57.24455657426958766 ) ) ;
#666 = CARTESIAN_POINT ( 'NONE',  ( 38.35902732031980378, -8.775741678555514014, 52.81512370361111408 ) ) ;
#667 = CARTESIAN_POINT ( 'NONE',  ( -6.561894483121991861, 16.22568666483865840, 53.24745941462272469 ) ) ;
#668 = CARTESIAN_POINT ( 'NONE',  ( 10.22950569678923394, 14.19962616562361113, 58.43180503485904609 ) ) ;
#669 = CARTESIAN_POINT ( 'NONE',  ( -2.413594021207046580, 19.28660309691232300, 52.00180197691181405 ) ) ;
#670 = CARTESIAN_POINT ( 'NONE',  ( 16.33570553088071620, 27.53603467524164472, 58.83497891372935840 ) ) ;
#671 = CARTESIAN_POINT ( 'NONE',  ( -0.5196859779500531129, 33.86934256369382723, 51.46442074261045718 ) ) ;
#672 = CARTESIAN_POINT ( 'NONE',  ( -22.25710311837225674, 0.5605542555166699303, 57.14736516736685701 ) ) ;
#673 = CARTESIAN_POINT ( 'NONE',  ( 17.29643553272870449, -3.349811155890938696, 51.33820974584916286 ) ) ;
#674 = ADVANCED_FACE ( 'NONE', ( #4436 ), #2582, .T. ) ;
#675 = CARTESIAN_POINT ( 'NONE',  ( -13.42473303871073043, 28.03792388594499130, 51.90547714402151769 ) ) ;
#676 = CARTESIAN_POINT ( 'NONE',  ( 6.220994603526106559, 65.00065488101782307, 50.93206490664798025 ) ) ;
#677 = FACE_OUTER_BOUND ( 'NONE', #1738, .T. ) ;
#678 = ORIENTED_EDGE ( 'NONE', *, *, #1169, .F. ) ;
#679 = CARTESIAN_POINT ( 'NONE',  ( 19.67678946731362188, -34.07523863041134859, 58.88895474029599342 ) ) ;
#680 = CARTESIAN_POINT ( 'NONE',  ( -33.31233035499871420, 21.13064815932920126, 56.19077271154683473 ) ) ;
#681 = CARTESIAN_POINT ( 'NONE',  ( -22.55019808108738388, -45.29754307694499715, 52.57508301659921557 ) ) ;
#682 = CARTESIAN_POINT ( 'NONE',  ( -72.20935491909914106, 10.02549144672773096, 56.62359714449999615 ) ) ;
#683 = CARTESIAN_POINT ( 'NONE',  ( 29.23219652169014182, 10.57336380032158374, 53.93026844134385556 ) ) ;
#684 = ORIENTED_EDGE ( 'NONE', *, *, #1717, .F. ) ;
#685 = CARTESIAN_POINT ( 'NONE',  ( -1.930561775247911838, -81.46900502512062303, 54.66817531629113347 ) ) ;
#686 = CARTESIAN_POINT ( 'NONE',  ( -10.99010189706362084, -13.62065711800135048, 53.17093564077953260 ) ) ;
#687 = CARTESIAN_POINT ( 'NONE',  ( -48.64280555497850145, -28.69260314687533509, 49.82219913490505547 ) ) ;
#688 = CARTESIAN_POINT ( 'NONE',  ( -59.23874070914057199, -25.79286404183145720, 50.84782201340048147 ) ) ;
#689 = CARTESIAN_POINT ( 'NONE',  ( -24.79771199033987017, 0.6228858356427584564, 58.77769708745260857 ) ) ;
#690 = CARTESIAN_POINT ( 'NONE',  ( -41.62242993190312745, -70.39434680769637964, 52.23261378884362927 ) ) ;
#691 = CARTESIAN_POINT ( 'NONE',  ( 10.61739671306626676, -7.015927983390279010, 64.50000000000001421 ) ) ;
#692 = CARTESIAN_POINT ( 'NONE',  ( -26.77952889083899990, -28.83202128458038516, 52.81512370361111408 ) ) ;
#693 = CARTESIAN_POINT ( 'NONE',  ( -13.53133784373110515, -11.09950716119784353, 52.19267781670313155 ) ) ;
#694 = CARTESIAN_POINT ( 'NONE',  ( 17.45198263449727705, -35.38041619512853941, 56.96463158651220482 ) ) ;
#695 = CARTESIAN_POINT ( 'NONE',  ( 58.50677149850907455, -35.04883261966428876, 51.30876917853294117 ) ) ;
#696 = CARTESIAN_POINT ( 'NONE',  ( 44.24709573119097428, -24.54673229311907789, 51.46841850548779718 ) ) ;
#697 = CARTESIAN_POINT ( 'NONE',  ( -6.054280922536876552, 16.42084169958756945, 53.09906887572446266 ) ) ;
#698 = CARTESIAN_POINT ( 'NONE',  ( 4.287830100746195860, 3.728381886561737524, 64.50000000000000000 ) ) ;
#699 = CARTESIAN_POINT ( 'NONE',  ( -6.165537465651475202, 29.51340062975720002, 52.37616351044913188 ) ) ;
#700 = CARTESIAN_POINT ( 'NONE',  ( 20.47595116893508305, 33.54586961227526842, 58.77205400546279890 ) ) ;
#701 = EDGE_CURVE ( 'NONE', #3189, #6139, #6093, .T. ) ;
#702 = CARTESIAN_POINT ( 'NONE',  ( -2.506837700775424338, 16.96359433660609994, 52.11501401321113036 ) ) ;
#703 = CARTESIAN_POINT ( 'NONE',  ( 17.97013384489027388, -7.538116248257166419, 52.01470043876528848 ) ) ;
#704 = CARTESIAN_POINT ( 'NONE',  ( 30.98298727565594746, 13.48171391740479841, 55.85072753483828478 ) ) ;
#705 = CARTESIAN_POINT ( 'NONE',  ( -15.95283061147901016, 7.200577361172463497, 56.88819501355081343 ) ) ;
#706 = CARTESIAN_POINT ( 'NONE',  ( -41.20501807997845845, 73.02049552029457402, 52.23502233506575010 ) ) ;
#707 = CARTESIAN_POINT ( 'NONE',  ( 42.48475498927291483, -27.48010363806277923, 49.54015451471740761 ) ) ;
#708 = CARTESIAN_POINT ( 'NONE',  ( -2.252764346176862276, 53.71085777459020250, 49.97974766744359698 ) ) ;
#709 = ORIENTED_EDGE ( 'NONE', *, *, #4956, .F. ) ;
#710 = CARTESIAN_POINT ( 'NONE',  ( -2.362370225065166363, -19.74468218359032079, 55.83811538691803378 ) ) ;
#711 = CARTESIAN_POINT ( 'NONE',  ( -49.35717727637673846, 10.55729569131471202, 57.88122119668172161 ) ) ;
#712 = CARTESIAN_POINT ( 'NONE',  ( -5.206814699661574508, -16.29365500028016456, 53.27595229231178564 ) ) ;
#713 = CARTESIAN_POINT ( 'NONE',  ( -50.47111829867027666, -0.2017948569488722532, 57.29813047006099680 ) ) ;
#714 = CARTESIAN_POINT ( 'NONE',  ( 43.34362507543809784, 12.18813619773716184, 53.58815759504506815 ) ) ;
#715 = CARTESIAN_POINT ( 'NONE',  ( -70.43061811027206431, 40.06884226479633071, 54.81125473223733024 ) ) ;
#716 = ORIENTED_EDGE ( 'NONE', *, *, #863, .F. ) ;
#717 = EDGE_CURVE ( 'NONE', #2403, #5936, #5267, .T. ) ;
#718 = CARTESIAN_POINT ( 'NONE',  ( -52.82944947166313199, -57.10510220316456298, 51.21767649740151285 ) ) ;
#719 = CARTESIAN_POINT ( 'NONE',  ( -8.100078604375267943, -15.51445645401110696, 54.11524240333203295 ) ) ;
#720 = CARTESIAN_POINT ( 'NONE',  ( -29.57585178830926154, -25.12254930799699792, 50.63806070511809310 ) ) ;
#721 = CARTESIAN_POINT ( 'NONE',  ( 22.60681020374956063, -70.21388429319441116, 57.87242576151191287 ) ) ;
#722 = CARTESIAN_POINT ( 'NONE',  ( 9.871026324026601628, 14.45036005285189695, 56.89267839865615883 ) ) ;
#723 = CARTESIAN_POINT ( 'NONE',  ( -51.51135009216829985, -59.24998379138202154, 51.36518512762257416 ) ) ;
#724 = VECTOR ( 'NONE', #6303, 1000.000000000000000 ) ;
#725 = CARTESIAN_POINT ( 'NONE',  ( 12.49661752143377846, -3.405749179366846846, 65.00000000000001421 ) ) ;
#726 = CARTESIAN_POINT ( 'NONE',  ( -22.68532424448230600, -45.23003242765992127, 54.16797247036197405 ) ) ;
#727 = CARTESIAN_POINT ( 'NONE',  ( 14.96072005519197745, -59.91120296324498895, 55.94899402095948204 ) ) ;
#728 = CARTESIAN_POINT ( 'NONE',  ( 67.34932055487294633, 43.54675011683649899, 56.62499728631831175 ) ) ;
#729 = CARTESIAN_POINT ( 'NONE',  ( 30.60182980196460178, -14.32655113977847527, 51.80067668047468032 ) ) ;
#730 = CARTESIAN_POINT ( 'NONE',  ( 20.80948771559877741, -40.08665907348753166, 58.67289213724758667 ) ) ;
#731 = LINE ( 'NONE', #2670, #3310 ) ;
#732 = CARTESIAN_POINT ( 'NONE',  ( 18.07083833783335791, -32.14885846366662037, 57.21880190656658272 ) ) ;
#733 = CARTESIAN_POINT ( 'NONE',  ( -6.816402664790166988, 35.99141324400400777, 52.28332895177032924 ) ) ;
#734 = CARTESIAN_POINT ( 'NONE',  ( 20.61512955277522252, 33.72465217018147143, 58.76889286636345133 ) ) ;
#735 = CARTESIAN_POINT ( 'NONE',  ( 2.423185092557394338, 44.95668922242119692, 51.13257558955201176 ) ) ;
#736 = CARTESIAN_POINT ( 'NONE',  ( 50.00967863482316744, -29.78419034948702304, 49.71338345885922649 ) ) ;
#737 = CARTESIAN_POINT ( 'NONE',  ( 38.30493447914999194, 23.66384662804447458, 56.52938570413367358 ) ) ;
#738 = CARTESIAN_POINT ( 'NONE',  ( -36.04282997591310078, 75.93322856377224639, 51.89748237608343828 ) ) ;
#739 = CARTESIAN_POINT ( 'NONE',  ( -5.750101399097401256, 71.29115446762345698, 51.76940555302295621 ) ) ;
#740 = CARTESIAN_POINT ( 'NONE',  ( 0.9195425254574716156, 58.19969018308486852, 51.30805675499232166 ) ) ;
#741 = ORIENTED_EDGE ( 'NONE', *, *, #6134, .T. ) ;
#742 = FACE_OUTER_BOUND ( 'NONE', #2564, .T. ) ;
#743 = CARTESIAN_POINT ( 'NONE',  ( 7.660563316516377341, -44.36790052237005000, 57.20503223120851999 ) ) ;
#744 = CARTESIAN_POINT ( 'NONE',  ( -23.61595108055309922, 20.21395967392239967, 55.51198738743079986 ) ) ;
#745 = CARTESIAN_POINT ( 'NONE',  ( -9.695282279182874774, -29.45380916288680950, 53.25560057029400696 ) ) ;
#746 = CARTESIAN_POINT ( 'NONE',  ( -30.35679340798414927, 6.319914853233929541, 56.29428525618914847 ) ) ;
#747 = EDGE_CURVE ( 'NONE', #5863, #2410, #4646, .T. ) ;
#748 = CARTESIAN_POINT ( 'NONE',  ( 35.99259443635193634, 15.90632725651968471, 54.26394291306497308 ) ) ;
#749 = CARTESIAN_POINT ( 'NONE',  ( -15.10128623020812277, 9.074087201162114980, 54.66820749924773537 ) ) ;
#750 = EDGE_LOOP ( 'NONE', ( #2742, #5443, #4358, #1830, #5309, #2240 ) ) ;
#751 = CARTESIAN_POINT ( 'NONE',  ( -59.49966175438282789, -28.39825276454615377, 49.41162545501246228 ) ) ;
#752 = CARTESIAN_POINT ( 'NONE',  ( -6.784613824431581008, -16.13597854969129131, 54.51221822676532014 ) ) ;
#753 = CARTESIAN_POINT ( 'NONE',  ( 14.78883442243620294, 9.359500960689979721, 56.60659872889394961 ) ) ;
#754 = CARTESIAN_POINT ( 'NONE',  ( -28.57910958740182394, 0.3930377788598780620, 58.82816307791745913 ) ) ;
#755 = EDGE_CURVE ( 'NONE', #5914, #3514, #291, .T. ) ;
#756 = FACE_OUTER_BOUND ( 'NONE', #4750, .T. ) ;
#757 = CARTESIAN_POINT ( 'NONE',  ( 12.59112428273388495, -2.055137226712317133, 65.00000000000000000 ) ) ;
#758 = CARTESIAN_POINT ( 'NONE',  ( -12.60852149131203426, -15.44070944473600981, 53.13769200714197893 ) ) ;
#759 = CARTESIAN_POINT ( 'NONE',  ( 69.98790676112479048, -25.42817897556341222, 52.22090911357602039 ) ) ;
#760 = CARTESIAN_POINT ( 'NONE',  ( 66.90737489632452650, -50.46772946241903668, 50.79949120277231600 ) ) ;
#761 = CARTESIAN_POINT ( 'NONE',  ( 23.08739218244931379, -50.79746812677681334, 58.42295332259872964 ) ) ;
#762 = CARTESIAN_POINT ( 'NONE',  ( -2.964570790047797111, 17.24847236283137164, 52.22525811920931460 ) ) ;
#763 = DIRECTION ( 'NONE',  ( 0.000000000000000000, -1.000000000000000000, 0.000000000000000000 ) ) ;
#764 = CARTESIAN_POINT ( 'NONE',  ( -6.815731771896667013, 35.89832324876714864, 52.28553778290668674 ) ) ;
#765 = CARTESIAN_POINT ( 'NONE',  ( 25.26762986087306473, 39.04679748411224693, 58.64497260976943238 ) ) ;
#766 = DIRECTION ( 'NONE',  ( 0.000000000000000000, -1.000000000000000000, 0.000000000000000000 ) ) ;
#767 = AXIS2_PLACEMENT_3D ( 'NONE', #3143, #4047, #5042 ) ;
#768 = PLANE ( 'NONE',  #3268 ) ;
#769 = CARTESIAN_POINT ( 'NONE',  ( 21.75658088681000990, 13.32176295972734081, 56.51987023515229680 ) ) ;
#770 = CARTESIAN_POINT ( 'NONE',  ( -15.33042713031258764, 26.95384227038558578, 52.24315060399256794 ) ) ;
#771 = CARTESIAN_POINT ( 'NONE',  ( 1.099793672364054453, 68.19276672095232072, 51.30876917853294827 ) ) ;
#772 = CARTESIAN_POINT ( 'NONE',  ( 0.7890261563960366820, 58.20174730759624993, 49.71338345885922649 ) ) ;
#773 = ORIENTED_EDGE ( 'NONE', *, *, #3618, .T. ) ;
#774 = CARTESIAN_POINT ( 'NONE',  ( 10.72687256869491179, -7.017771959592108644, 65.00000000000000000 ) ) ;
#775 = CARTESIAN_POINT ( 'NONE',  ( 3.747700352906005783, -22.41119204072312598, 57.19291540587715161 ) ) ;
#776 = CARTESIAN_POINT ( 'NONE',  ( -67.55127644649678587, 49.66558534626432220, 55.85759323522263031 ) ) ;
#777 = CARTESIAN_POINT ( 'NONE',  ( -24.03498828336338278, -19.71368238533906592, 50.55387214681690011 ) ) ;
#778 = CARTESIAN_POINT ( 'NONE',  ( -59.36498376505158348, 16.99923785491917982, 55.94899402095948204 ) ) ;
#779 = CARTESIAN_POINT ( 'NONE',  ( 76.75073028183092561, 33.75162238522108282, 54.26018124566753187 ) ) ;
#780 = CARTESIAN_POINT ( 'NONE',  ( -7.103462684218637690, 71.73376934320921805, 50.25338018892970382 ) ) ;
#781 = ORIENTED_EDGE ( 'NONE', *, *, #4566, .F. ) ;
#782 = CARTESIAN_POINT ( 'NONE',  ( 14.53643492571439211, -75.86812933762193722, 55.68417706662734190 ) ) ;
#783 = EDGE_CURVE ( 'NONE', #1191, #3605, #2434, .T. ) ;
#784 = VECTOR ( 'NONE', #126, 1000.000000000000000 ) ;
#785 = CARTESIAN_POINT ( 'NONE',  ( 11.04022422397740399, 13.58878913086310192, 58.15493310839877239 ) ) ;
#786 = CARTESIAN_POINT ( 'NONE',  ( -32.00780961801443425, 0.3789604672679801056, 58.83499408904290107 ) ) ;
#787 = ORIENTED_EDGE ( 'NONE', *, *, #3037, .T. ) ;
#788 = CARTESIAN_POINT ( 'NONE',  ( 19.04100943670184520, -7.589238626922574227, 52.09371036388735376 ) ) ;
#789 = CARTESIAN_POINT ( 'NONE',  ( 7.236235719850034442, -5.254368943996060359, 64.50000000000000000 ) ) ;
#790 = CARTESIAN_POINT ( 'NONE',  ( -26.00815800954647727, -10.91788823361741123, 50.79513397377060357 ) ) ;
#791 = CARTESIAN_POINT ( 'NONE',  ( -13.45532984766182771, -11.19162979691445159, 52.22525811920932171 ) ) ;
#792 = CARTESIAN_POINT ( 'NONE',  ( 82.38782775412117587, 4.038067163283425742, 54.11863380481278796 ) ) ;
#793 = CARTESIAN_POINT ( 'NONE',  ( 17.96005418533784237, -8.537164919854232537, 51.78814716440309951 ) ) ;
#794 = CARTESIAN_POINT ( 'NONE',  ( 22.75858422439684148, -48.53988944583280585, 58.47981987122703629 ) ) ;
#795 = CARTESIAN_POINT ( 'NONE',  ( 4.287830100746195860, 3.728381886561737524, 65.00000000000000000 ) ) ;
#796 = CARTESIAN_POINT ( 'NONE',  ( -5.207306339288239272, 46.68207986218179428, 51.91746991840618364 ) ) ;
#797 = CARTESIAN_POINT ( 'NONE',  ( 16.38915443387289628, 27.62379516332382323, 58.83474493619062429 ) ) ;
#798 = CARTESIAN_POINT ( 'NONE',  ( -68.30518519280828116, 12.38970082809333029, 56.42265605877345536 ) ) ;
#799 = CARTESIAN_POINT ( 'NONE',  ( -1.305895985567025130, 69.43748004062099710, 49.87406890324733411 ) ) ;
#800 = CARTESIAN_POINT ( 'NONE',  ( 24.11723000267759431, 14.80468548613105462, 56.52281134286171493 ) ) ;
#801 = CARTESIAN_POINT ( 'NONE',  ( -9.868119488754356183, 60.95729542985964855, 50.54731122356766093 ) ) ;
#802 = CARTESIAN_POINT ( 'NONE',  ( 1.005566098967551447, 68.24408941628524872, 51.31540441849096368 ) ) ;
#803 = CARTESIAN_POINT ( 'NONE',  ( 3.156297158990576612, 60.60941096035463005, 51.13818293625185873 ) ) ;
#804 = ORIENTED_EDGE ( 'NONE', *, *, #4310, .T. ) ;
#805 = CARTESIAN_POINT ( 'NONE',  ( 50.29791460790371360, -31.07096142162982844, 51.24455409704543740 ) ) ;
#806 = CARTESIAN_POINT ( 'NONE',  ( 10.56069302463789761, -60.84145662938084342, 57.20721799801322049 ) ) ;
#807 = CARTESIAN_POINT ( 'NONE',  ( -20.47911364777140619, 23.28371081878334081, 54.83731853902659026 ) ) ;
#808 = CARTESIAN_POINT ( 'NONE',  ( -30.42399363142768820, -33.03715542550121853, 51.22487368873380831 ) ) ;
#809 = B_SPLINE_CURVE_WITH_KNOTS ( 'NONE', 1,
 ( #2952, #2503 ),
 .UNSPECIFIED., .F., .F.,
 ( 2, 2 ),
 ( 0.000000000000000000, 1.000000000000000000 ),
 .UNSPECIFIED. ) ;
#810 = CARTESIAN_POINT ( 'NONE',  ( -44.60383065479272346, 6.138573526710536576, 56.62671814206787957 ) ) ;
#811 = CARTESIAN_POINT ( 'NONE',  ( 24.53082150030273212, 7.002286832403574302, 53.59753450944779019 ) ) ;
#812 = CARTESIAN_POINT ( 'NONE',  ( -72.13207580981479339, 15.42782443265347503, 56.27576660695999067 ) ) ;
#813 = ORIENTED_EDGE ( 'NONE', *, *, #6079, .T. ) ;
#814 = CARTESIAN_POINT ( 'NONE',  ( -7.760887847971752684, 6.007869066048916018, 64.50000000000000000 ) ) ;
#815 = DIRECTION ( 'NONE',  ( 0.000000000000000000, -0.000000000000000000, -1.000000000000000000 ) ) ;
#816 = CARTESIAN_POINT ( 'NONE',  ( -28.38963900422959696, 0.3992529969856232208, 58.82683162956510614 ) ) ;
#817 = CARTESIAN_POINT ( 'NONE',  ( 19.05143158463680564, -7.589732469773538881, 52.09448097895743501 ) ) ;
#818 = CARTESIAN_POINT ( 'NONE',  ( 6.885202384193852332, -4.525134622505664339, 64.50000000000001421 ) ) ;
#819 = CARTESIAN_POINT ( 'NONE',  ( -61.29315316338091435, -57.51652027330052164, 52.48232694317075442 ) ) ;
#820 = DIRECTION ( 'NONE',  ( -0.000000000000000000, -0.000000000000000000, 1.000000000000000000 ) ) ;
#821 = CARTESIAN_POINT ( 'NONE',  ( 73.94150264301877939, -20.32058814996568685, 52.60424460612309616 ) ) ;
#822 = CARTESIAN_POINT ( 'NONE',  ( -0.2711442582281620162, -4.412643754463903889, 64.50000000000000000 ) ) ;
#823 = CARTESIAN_POINT ( 'NONE',  ( 18.81359969180313030, -34.50562868508519898, 58.77205400546280600 ) ) ;
#824 =( NAMED_UNIT ( * ) PLANE_ANGLE_UNIT ( ) SI_UNIT ( $, .RADIAN. ) );
#825 = CARTESIAN_POINT ( 'NONE',  ( 0.9649576501167685949, 58.15364363084137977, 51.30730408389850794 ) ) ;
#826 = CARTESIAN_POINT ( 'NONE',  ( 11.26806738764283544, -4.671961844228597727, 64.49999999999998579 ) ) ;
#827 = DIRECTION ( 'NONE',  ( -0.000000000000000000, -0.000000000000000000, 1.000000000000000000 ) ) ;
#828 = AXIS2_PLACEMENT_3D ( 'NONE', #4377, #1372, #5270 ) ;
#829 = CARTESIAN_POINT ( 'NONE',  ( 23.48052214450818553, -7.764166702409190712, 50.74516895061358923 ) ) ;
#830 = CARTESIAN_POINT ( 'NONE',  ( 74.40722246915719040, 39.09654520170879977, 56.19511841575300082 ) ) ;
#831 = CARTESIAN_POINT ( 'NONE',  ( -1.950270039436243774, 19.78997474956057800, 50.22889034229827132 ) ) ;
#832 = EDGE_CURVE ( 'NONE', #2336, #435, #2880, .T. ) ;
#833 = CARTESIAN_POINT ( 'NONE',  ( -11.99782001504069839, 73.11983577185011995, 52.16144153564424357 ) ) ;
#834 = B_SPLINE_CURVE_WITH_KNOTS ( 'NONE', 3,
 ( #5467, #3541, #5020, #4542, #1155, #1602, #4988, #2110, #5497, #5435, #1097, #2588, #1632, #4056, #6004, #1515, #1543, #1124, #2080, #2051, #1990, #129, #3573 ),
 .UNSPECIFIED., .F., .F.,
 ( 4, 1, 1, 1, 1, 1, 1, 1, 1, 1, 1, 1, 1, 1, 1, 1, 1, 1, 1, 1, 4 ),
 ( 0.000000000000000000, 0.05854041680844335183, 0.1125675123403486050, 0.1617798781047807000, 0.2064871555823913074, 0.2464570299480985938, 0.2819997074061418862, 0.3132129382361463210, 0.3398064735188106589, 0.3894126122316829419, 0.4404734799435059966, 0.4939547398756060637, 0.5499778768088320335, 0.6064880836267155795, 0.6613185000989839635, 0.7146910989596496622, 0.7679184713297975140, 0.8219387900584592677, 0.8781073740704571362, 0.9372026550360452735, 1.000000000000000000 ),
 .UNSPECIFIED. ) ;
#835 = CARTESIAN_POINT ( 'NONE',  ( 66.60949513930644628, -28.86569112312920637, 50.32955689647991449 ) ) ;
#836 = ORIENTED_EDGE ( 'NONE', *, *, #5831, .T. ) ;
#837 = CARTESIAN_POINT ( 'NONE',  ( 36.24178513900352527, 63.04287600642872746, 58.89364419336830991 ) ) ;
#838 = CARTESIAN_POINT ( 'NONE',  ( 0.6586947029133254361, -25.50263322733204419, 56.51987023515229680 ) ) ;
#839 = CARTESIAN_POINT ( 'NONE',  ( -36.14933220440457262, 26.65232389035762139, 55.85432705346836002 ) ) ;
#840 = CARTESIAN_POINT ( 'NONE',  ( -10.55417850840722060, -13.51443250564330434, 51.58755781399906937 ) ) ;
#841 = CARTESIAN_POINT ( 'NONE',  ( -22.82857744203256445, 16.60265613507561255, 54.26935867288253235 ) ) ;
#842 = CARTESIAN_POINT ( 'NONE',  ( 19.88583649203924253, -0.02295122696760478961, 52.25446875908276212 ) ) ;
#843 = CARTESIAN_POINT ( 'NONE',  ( -71.43156295912417875, 36.46456511581614990, 55.02804281704592171 ) ) ;
#844 = EDGE_LOOP ( 'NONE', ( #41, #4783, #3252, #1863, #108, #1064, #493, #2273 ) ) ;
#845 = PLANE ( 'NONE',  #310 ) ;
#846 = CARTESIAN_POINT ( 'NONE',  ( 11.78730678679441723, -28.76402529586286860, 56.63173681693250927 ) ) ;
#847 = CARTESIAN_POINT ( 'NONE',  ( 0.000000000000000000, 0.000000000000000000, 65.00000000000000000 ) ) ;
#848 = CARTESIAN_POINT ( 'NONE',  ( -59.60431253159214293, -33.23498231834470573, 51.31440136572189914 ) ) ;
#849 = ORIENTED_EDGE ( 'NONE', *, *, #2624, .T. ) ;
#850 = CARTESIAN_POINT ( 'NONE',  ( 18.33515501205106091, -7.562812011908190968, 52.03826237305166558 ) ) ;
#851 = CARTESIAN_POINT ( 'NONE',  ( 8.403359906569342286, -6.387199878107151285, 65.00000000000000000 ) ) ;
#852 = CARTESIAN_POINT ( 'NONE',  ( -29.07186808066132144, -17.38473254074235541, 51.46442074261045718 ) ) ;
#853 = VECTOR ( 'NONE', #3327, 1000.000000000000000 ) ;
#854 = FACE_OUTER_BOUND ( 'NONE', #1156, .T. ) ;
#855 = CARTESIAN_POINT ( 'NONE',  ( 76.37534932297315038, 31.68562099599667903, 55.76221871149186882 ) ) ;
#856 = CARTESIAN_POINT ( 'NONE',  ( -19.95570393626087835, -17.66033013458563872, 52.35469257555028832 ) ) ;
#857 = CARTESIAN_POINT ( 'NONE',  ( 23.39806915216600558, -64.01273794274480622, 58.05863991508202560 ) ) ;
#858 = PLANE ( 'NONE',  #1868 ) ;
#859 = CARTESIAN_POINT ( 'NONE',  ( -6.280814139580527922, 42.29151775095863286, 52.09192198206628177 ) ) ;
#860 = CARTESIAN_POINT ( 'NONE',  ( 12.31245226240434221, -3.913951016332191557, 64.50000000000001421 ) ) ;
#861 = CARTESIAN_POINT ( 'NONE',  ( 2.900904046664499969, 22.46044931310344595, 50.78982186350474848 ) ) ;
#862 = CARTESIAN_POINT ( 'NONE',  ( 51.65437160123305915, -36.23500546805053801, 50.96544219180327673 ) ) ;
#863 = EDGE_CURVE ( 'NONE', #5793, #3549, #9, .T. ) ;
#864 = CARTESIAN_POINT ( 'NONE',  ( 71.25714132238157106, 14.51717394735862321, 54.84470863879021607 ) ) ;
#865 = CARTESIAN_POINT ( 'NONE',  ( 1.010327148600280278, 22.69757749393773949, 49.55456400886723856 ) ) ;
#866 = CARTESIAN_POINT ( 'NONE',  ( -12.52396450124246385, 73.23292790472136460, 52.19358067906877352 ) ) ;
#867 = CARTESIAN_POINT ( 'NONE',  ( 65.02029548899254507, 45.65474326865823684, 56.80762855345262352 ) ) ;
#868 = VERTEX_POINT ( 'NONE', #1959 ) ;
#869 = CARTESIAN_POINT ( 'NONE',  ( 13.43495362325360354, 14.65962606242359989, 57.86495959554348190 ) ) ;
#870 = CARTESIAN_POINT ( 'NONE',  ( -14.28842034540023320, -42.57905789022019150, 54.84208958533108103 ) ) ;
#871 =( GEOMETRIC_REPRESENTATION_CONTEXT ( 3 ) GLOBAL_UNCERTAINTY_ASSIGNED_CONTEXT ( ( #929 ) ) GLOBAL_UNIT_ASSIGNED_CONTEXT ( ( #1178, #1146, #180 ) ) REPRESENTATION_CONTEXT ( 'NONE', 'WORKASPACE' ) );
#872 = CARTESIAN_POINT ( 'NONE',  ( -22.67237667565711590, 16.81534226521287678, 55.84776617424270739 ) ) ;
#873 = CARTESIAN_POINT ( 'NONE',  ( -10.22900592611721926, -14.20077862994270390, 53.43209631701582651 ) ) ;
#874 = CARTESIAN_POINT ( 'NONE',  ( -47.73868993964006791, -69.18062066531035725, 51.89748237608343828 ) ) ;
#875 = CARTESIAN_POINT ( 'NONE',  ( -24.00760456066730697, 8.625427769937434874, 55.62329482718548945 ) ) ;
#876 = CARTESIAN_POINT ( 'NONE',  ( 25.43884146654856693, -1.915269024654346453, 51.91007014446914525 ) ) ;
#877 = CARTESIAN_POINT ( 'NONE',  ( 9.776669176614387169, -6.932939019343873355, 64.49999999999998579 ) ) ;
#878 = ORIENTED_EDGE ( 'NONE', *, *, #392, .F. ) ;
#879 = DIRECTION ( 'NONE',  ( 1.000000000000000000, 0.000000000000000000, 0.000000000000000000 ) ) ;
#880 = CARTESIAN_POINT ( 'NONE',  ( 8.776195574877487360, -49.83308330499429672, 55.61288299626720288 ) ) ;
#881 = CARTESIAN_POINT ( 'NONE',  ( -50.79870479121880322, -28.41755695810900662, 49.71338345885922649 ) ) ;
#882 = CARTESIAN_POINT ( 'NONE',  ( -58.62866059240119654, -41.95783443250503808, 51.85143016002238880 ) ) ;
#883 = ORIENTED_EDGE ( 'NONE', *, *, #5779, .T. ) ;
#884 = CARTESIAN_POINT ( 'NONE',  ( 15.77012044327338103, -7.586389197982929211, 51.77170975937082886 ) ) ;
#885 = LINE ( 'NONE', #6180, #4426 ) ;
#886 = CARTESIAN_POINT ( 'NONE',  ( -33.83875438287317650, -20.27678029459215381, 51.46686606330069225 ) ) ;
#887 = CARTESIAN_POINT ( 'NONE',  ( 9.276966714887571186, -4.167583349304138984, 64.50000000000000000 ) ) ;
#888 = CARTESIAN_POINT ( 'NONE',  ( 63.01682676857535625, 47.27718157723037962, 56.95800855116064554 ) ) ;
#889 = CARTESIAN_POINT ( 'NONE',  ( -14.45506599008581183, -9.864130325623536422, 51.77170975937082176 ) ) ;
#890 = CARTESIAN_POINT ( 'NONE',  ( 12.45140544719711073, -22.64020023104485446, 58.79724350994688820 ) ) ;
#891 = FACE_OUTER_BOUND ( 'NONE', #5469, .T. ) ;
#892 = CARTESIAN_POINT ( 'NONE',  ( -4.944049934991761930, 47.47185268311353212, 51.88263760716173323 ) ) ;
#893 = CARTESIAN_POINT ( 'NONE',  ( 11.98928693633682663, -4.293304239928579236, 64.50000000000000000 ) ) ;
#894 = B_SPLINE_CURVE_WITH_KNOTS ( 'NONE', 3,
 ( #4098, #6046, #785, #3652, #172, #1646, #1677, #6141, #2631, #1167, #5571, #3103, #3585, #4680, #294, #5156, #3616, #1201, #4584, #2242, #753, #2722, #4067, #4196, #3552, #1709, #5064, #263, #2122, #5126, #5507, #5636, #6014, #1137, #200, #2150, #658, #2600, #4617, #3134, #5094, #4554, #2661, #232, #1741, #3685, #1266 ),
 .UNSPECIFIED., .F., .F.,
 ( 4, 2, 2, 2, 1, 1, 1, 1, 1, 1, 1, 2, 2, 2, 2, 2, 1, 1, 1, 2, 2, 2, 2, 2, 1, 1, 1, 2, 2, 4 ),
 ( 0.000000000000000000, 0.1250000000001255662, 0.2500000000002511324, 0.3750000000003766987, 0.4375000000004395928, 0.4687500000004710676, 0.4843750000004867218, 0.4921875000004947154, 0.4960937500004989897, 0.4980468750005010437, 0.4990234375005019873, 0.4995117187505022649, 0.5000000000005025980, 0.5625000000004644063, 0.5937500000004456435, 0.6093750000004364287, 0.6171875000004315437, 0.6210937500004292122, 0.6230468750004278800, 0.6240234375004272138, 0.6250000000004265477, 0.6875000000003754774, 0.7187500000003497203, 0.7343750000003369527, 0.7421875000003299583, 0.7460937500003264056, 0.7480468750003242961, 0.7490234375003230749, 0.7500000000003218537, 1.000000000000000000 ),
 .UNSPECIFIED. ) ;
#895 = CARTESIAN_POINT ( 'NONE',  ( 14.84099104364208443, -2.828579872796636696, 64.50000000000000000 ) ) ;
#896 = DIRECTION ( 'NONE',  ( 0.000000000000000000, -1.000000000000000000, 0.000000000000000000 ) ) ;
#897 = CARTESIAN_POINT ( 'NONE',  ( 22.23884109632577122, 4.381179097093346186, 54.82984564171947284 ) ) ;
#898 = CARTESIAN_POINT ( 'NONE',  ( -6.357644813745868539, 38.93306609425869880, 50.55020433818825865 ) ) ;
#899 = CARTESIAN_POINT ( 'NONE',  ( -22.97369086715168862, 74.38116413682261907, 52.81664136606673310 ) ) ;
#900 = CARTESIAN_POINT ( 'NONE',  ( 63.56761645802635741, 46.85127854331516772, 56.91734584100549910 ) ) ;
#901 = EDGE_CURVE ( 'NONE', #6206, #4004, #5792, .T. ) ;
#902 = EDGE_LOOP ( 'NONE', ( #2943, #5981, #5533, #1929 ) ) ;
#903 = CARTESIAN_POINT ( 'NONE',  ( 60.53115436495023971, 58.31834322370706047, 57.54520056702602915 ) ) ;
#904 = CARTESIAN_POINT ( 'NONE',  ( -6.189112183164552583, -33.30316735181847321, 55.51327526164708814 ) ) ;
#905 = CARTESIAN_POINT ( 'NONE',  ( -7.403316077992120547, 24.34516134121731312, 52.80649248834944132 ) ) ;
#906 = CARTESIAN_POINT ( 'NONE',  ( -9.568614298813631791, -14.23071577445612057, 51.92582988073615269 ) ) ;
#907 = CARTESIAN_POINT ( 'NONE',  ( -18.22048204334156907, 7.965930106451031278, 55.29200854865064940 ) ) ;
#908 = CARTESIAN_POINT ( 'NONE',  ( 71.23650716676047523, 14.61807406609285209, 53.24798123936873395 ) ) ;
#909 = CARTESIAN_POINT ( 'NONE',  ( 6.800249637825152682, -4.223597210865658091, 64.50000000000000000 ) ) ;
#910 = ORIENTED_EDGE ( 'NONE', *, *, #2077, .F. ) ;
#911 = CARTESIAN_POINT ( 'NONE',  ( 67.29502120781032204, 43.62926559672160920, 55.02804281704592171 ) ) ;
#912 = CARTESIAN_POINT ( 'NONE',  ( -25.44467789878878250, 0.08813489385463814385, 58.88014244788298868 ) ) ;
#913 = CARTESIAN_POINT ( 'NONE',  ( 23.24265755383328624, -57.20971062681660158, 56.62413053132724627 ) ) ;
#914 = CARTESIAN_POINT ( 'NONE',  ( -18.46422667575778576, -16.45264532006248004, 50.74516895061358923 ) ) ;
#915 = CARTESIAN_POINT ( 'NONE',  ( -45.73219753155638756, -66.55790449908130313, 53.51031388644009468 ) ) ;
#916 = DIRECTION ( 'NONE',  ( 1.000000000000000000, -0.000000000000000000, 0.000000000000000000 ) ) ;
#917 = ORIENTED_EDGE ( 'NONE', *, *, #4530, .F. ) ;
#918 = LINE ( 'NONE', #2857, #375 ) ;
#919 = LINE ( 'NONE', #2823, #2479 ) ;
#920 = CARTESIAN_POINT ( 'NONE',  ( -36.93268907419834335, -34.58730804721469809, 52.47929845186275344 ) ) ;
#921 = CARTESIAN_POINT ( 'NONE',  ( -19.37588792945206606, -17.05046604969243873, 52.34278156679738458 ) ) ;
#922 = CARTESIAN_POINT ( 'NONE',  ( 9.644659062115540138, -4.480121974436917398, 64.99999999999997158 ) ) ;
#923 = CARTESIAN_POINT ( 'NONE',  ( -14.69051661246151319, -10.31745578032420241, 51.83618007362616709 ) ) ;
#924 = CARTESIAN_POINT ( 'NONE',  ( 16.13145903465836639, -28.75425924190984617, 58.83207272016498024 ) ) ;
#925 = PLANE ( 'NONE',  #4833 ) ;
#926 = DIRECTION ( 'NONE',  ( 0.000000000000000000, 0.000000000000000000, 1.000000000000000000 ) ) ;
#927 = CARTESIAN_POINT ( 'NONE',  ( 12.89037943313345913, 21.06010522960555420, 58.77526198608956065 ) ) ;
#928 = CARTESIAN_POINT ( 'NONE',  ( 14.87116343407953245, -1.568372921130570363, 64.50000000000000000 ) ) ;
#929 = UNCERTAINTY_MEASURE_WITH_UNIT (LENGTH_MEASURE( 1.000000000000000082E-05 ), #1178, 'distance_accuracy_value', 'NONE');
#930 = CARTESIAN_POINT ( 'NONE',  ( 14.87116343407953245, 6.007869066048916018, 64.50000000000000000 ) ) ;
#931 = CARTESIAN_POINT ( 'NONE',  ( 68.66854734881154343, 24.48204809764941103, 55.51967648100544750 ) ) ;
#932 = CARTESIAN_POINT ( 'NONE',  ( 4.683556009321347524, 39.04681640201990689, 49.21009500548041871 ) ) ;
#933 = CARTESIAN_POINT ( 'NONE',  ( -70.70457823199882341, 38.94662038717294195, 56.48073867893213418 ) ) ;
#934 = CARTESIAN_POINT ( 'NONE',  ( 79.99366346256604743, -8.109721346938462361, 51.80036149086982533 ) ) ;
#935 = ORIENTED_EDGE ( 'NONE', *, *, #3953, .F. ) ;
#936 = CARTESIAN_POINT ( 'NONE',  ( 15.40865155698555355, 12.64794736148275867, 57.18917852279842151 ) ) ;
#937 = VECTOR ( 'NONE', #6238, 1000.000000000000000 ) ;
#938 = CARTESIAN_POINT ( 'NONE',  ( -35.96042456982196711, 75.97229249233407700, 53.49489427029070043 ) ) ;
#939 = CARTESIAN_POINT ( 'NONE',  ( -16.97913929265100563, -10.44599968008892787, 49.89286416118513756 ) ) ;
#940 = CARTESIAN_POINT ( 'NONE',  ( -20.10522703849800763, 10.58960176655721064, 54.95023995156724084 ) ) ;
#941 = CARTESIAN_POINT ( 'NONE',  ( 49.43588885366926178, 10.18512027833481959, 53.24996001617717667 ) ) ;
#942 = CARTESIAN_POINT ( 'NONE',  ( 12.56691117760688314, -2.790466606327566712, 65.00000000000000000 ) ) ;
#943 = VERTEX_POINT ( 'NONE', #4807 ) ;
#944 = CARTESIAN_POINT ( 'NONE',  ( 75.23200750611775334, -18.27643407288825372, 51.14420167295647701 ) ) ;
#945 = CARTESIAN_POINT ( 'NONE',  ( -2.865501548815563737, -16.90669049309047267, 53.95051851167774970 ) ) ;
#946 = CARTESIAN_POINT ( 'NONE',  ( -32.58938711337824401, -26.44941367586928749, 50.53207451395519456 ) ) ;
#947 = CARTESIAN_POINT ( 'NONE',  ( -58.87462063881666552, -40.56995044916799031, 51.76599811016552621 ) ) ;
#948 = ORIENTED_EDGE ( 'NONE', *, *, #983, .F. ) ;
#949 = CARTESIAN_POINT ( 'NONE',  ( 47.40575348578391157, -24.76747621943003708, 51.58797621836414038 ) ) ;
#950 = DIRECTION ( 'NONE',  ( 0.5676451057264807476, -0.8232733652589353524, 0.000000000000000000 ) ) ;
#951 = CARTESIAN_POINT ( 'NONE',  ( 3.031253744370514092, 60.61575233082429293, 49.54308883841095223 ) ) ;
#952 = CARTESIAN_POINT ( 'NONE',  ( 10.67599115843850477, -4.738284780104929261, 64.50000000000000000 ) ) ;
#953 = CARTESIAN_POINT ( 'NONE',  ( 8.919138778303132398, -3.340272928943905928, 64.99999999999998579 ) ) ;
#954 = EDGE_CURVE ( 'NONE', #6206, #5381, #534, .T. ) ;
#955 = DIRECTION ( 'NONE',  ( 1.000000000000000000, 0.000000000000000000, 0.000000000000000000 ) ) ;
#956 = DIRECTION ( 'NONE',  ( 0.5676451057264807476, -0.8232733652589353524, 0.000000000000000000 ) ) ;
#957 = B_SPLINE_SURFACE_WITH_KNOTS ( 'NONE', 1, 3, ( 
 ( #2414, #2825, #405, #3818, #4852, #5770, #921, #1399, #2860, #3338, #5296, #4820, #5195, #6279, #1909, #4370, #3722, #3853, #5804, #1776, #5670, #2759, #3237, #2282, #4236, #1613, #2567, #1200, #3133, #5125 ),
 ( #2090, #4037, #5030, #3651, #5093, #231, #5985, #1136, #3102, #5537, #4553, #1232, #720, #3166, #171, #2121, #4066, #6013, #1644, #3584, #5063, #687, #4583, #199, #2149, #358, #390, #2399, #4162, #4499 ) ),
 .UNSPECIFIED., .F., .F., .F.,
 ( 2, 2 ),
 ( 4, 2, 2, 2, 2, 2, 2, 2, 2, 2, 2, 2, 2, 2, 4 ),
 ( 0.000000000000000000, 1.000000000000000000 ),
 ( 0.000000000000000000, 0.003254844236611378720, 0.006509688473222757440, 0.009764532709834135293, 0.01301937694644551488, 0.01952906541966827059, 0.02278390965627965017, 0.02603875389289102976, 0.03254844236611378894, 0.03580328660272516506, 0.03905813083933654117, 0.04556781931255930035, 0.04719524143086499535, 0.04882266354917068341, 0.05207750778578205952 ),
 .UNSPECIFIED. ) ;
#958 = AXIS2_PLACEMENT_3D ( 'NONE', #989, #1501, #4405 ) ;
#959 = CARTESIAN_POINT ( 'NONE',  ( -72.93942188444322028, 25.43844092128536261, 57.28112672232538927 ) ) ;
#960 = CARTESIAN_POINT ( 'NONE',  ( -0.1829606497310061475, -17.50033270359288551, 56.36258220246406125 ) ) ;
#961 = CARTESIAN_POINT ( 'NONE',  ( 16.95998639763203286, 4.313798951288339012, 55.10179397773870136 ) ) ;
#962 = CYLINDRICAL_SURFACE ( 'NONE', #828, 17.49999999999999645 ) ;
#963 = CARTESIAN_POINT ( 'NONE',  ( 47.12009695759820715, 53.91772604052360407, 56.35024646408169247 ) ) ;
#964 = CARTESIAN_POINT ( 'NONE',  ( 28.22461870243848381, -0.4244161544738052072, 53.82321070859740075 ) ) ;
#965 = CARTESIAN_POINT ( 'NONE',  ( -8.610185311257813723, 15.23676434238911703, 53.86852243276823771 ) ) ;
#966 = CARTESIAN_POINT ( 'NONE',  ( -53.20503216362732957, 64.15768204048890766, 54.69040506964518755 ) ) ;
#967 = CARTESIAN_POINT ( 'NONE',  ( 80.61702880140703087, 21.33239228720074010, 55.11977062885335954 ) ) ;
#968 = B_SPLINE_CURVE_WITH_KNOTS ( 'NONE', 3,
 ( #2897, #474, #4555, #2123, #5419, #6015, #1647, #3044, #2506, #5987, #1527, #142, #4068, #659, #3464, #5449, #2476, #2601, #1168, #173, #5956, #1047, #1078, #4435, #3586, #4910, #5540, #1584, #4465, #4971, #1556, #538, #600, #2569, #2985, #4039, #5897, #53, #5002, #2003, #4522, #5481, #2092, #3948, #4941, #570, #3524, #83, #2035, #1109, #3978, #5926, #3495, #3015, #2538, #4493, #112, #2063, #630, #4010, #1615, #3553, #5508, #1138, #3073, #5033, #6078, #1297, #6047, #1710, #2723, #2184, #4133, #786, #233, #1772, #4099, #2753, #3168, #754, #3718, #816, #4230, #5127, #3653, #4197, #5189, #2693, #4652, #264, #5095, #2662, #689, #3686, #2632, #3104, #2243, #5157, #2214, #4164, #4585, #6109, #5604, #6175, #1678, #3617, #1802, #5572, #3232, #1742, #1202, #5637 ),
 .UNSPECIFIED., .F., .F.,
 ( 4, 2, 1, 1, 1, 1, 2, 2, 2, 2, 1, 1, 1, 1, 2, 2, 2, 2, 1, 1, 1, 1, 2, 2, 2, 2, 1, 1, 1, 1, 1, 2, 2, 2, 2, 1, 1, 1, 1, 1, 2, 2, 2, 2, 1, 1, 1, 1, 1, 2, 2, 2, 1, 1, 1, 1, 1, 2, 2, 2, 2, 1, 1, 1, 1, 2, 2, 2, 2, 1, 1, 1, 1, 2, 2, 4 ),
 ( 0.000000000000000000, 0.06249999999998198663, 0.09374999999997328526, 0.1093749999999692468, 0.1171874999999672484, 0.1210937499999659162, 0.1230468749999655831, 0.1249999999999652500, 0.1874999999999505673, 0.2187499999999431843, 0.2343749999999394928, 0.2421874999999374667, 0.2460937499999366340, 0.2480468749999363565, 0.2490234374999362454, 0.2499999999999361067, 0.3124999999999425460, 0.3437499999999457656, 0.3593749999999472089, 0.3671874999999480971, 0.3710937499999484857, 0.3730468749999488742, 0.3740234374999490963, 0.3749999999999493183, 0.4374999999999479861, 0.4687499999999473754, 0.4843749999999472089, 0.4921874999999471534, 0.4960937499999472644, 0.4980468749999473199, 0.4990234374999473754, 0.4995117187499472089, 0.4999999999999470424, 0.5624999999999305000, 0.5937499999999222844, 0.6093749999999180655, 0.6171874999999160671, 0.6210937499999150679, 0.6230468749999144018, 0.6240234374999139577, 0.6245117187499138467, 0.6249999999999136246, 0.6874999999999018563, 0.7187499999998959721, 0.7343749999998928635, 0.7421874999998911981, 0.7460937499998906430, 0.7480468749998901989, 0.7490234374998901989, 0.7495117187498898659, 0.7499999999998896438, 0.7812499999998945288, 0.7968749999998968603, 0.8046874999998981925, 0.8085937499998988587, 0.8105468749998993028, 0.8115234374998995248, 0.8120117187498997469, 0.8124999999998999689, 0.8437499999999145128, 0.8593749999999216183, 0.8671874999999252820, 0.8710937499999271694, 0.8730468749999281686, 0.8740234374999285016, 0.8745117187499287237, 0.8749999999999288347, 0.9062499999999499289, 0.9218749999999604761, 0.9296874999999656941, 0.9335937499999682476, 0.9355468749999695799, 0.9365234374999703570, 0.9370117187499706901, 0.9374999999999709122, 1.000000000000000000 ),
 .UNSPECIFIED. ) ;
#969 = CARTESIAN_POINT ( 'NONE',  ( -22.37315048818748053, 57.55541626642670394, 53.15649288894948654 ) ) ;
#970 = CARTESIAN_POINT ( 'NONE',  ( -72.11041259816225590, 15.52887021161716063, 57.87242576151191997 ) ) ;
#971 = CARTESIAN_POINT ( 'NONE',  ( -61.68310126135184390, 38.85788949174769868, 54.59796835704429441 ) ) ;
#972 = CARTESIAN_POINT ( 'NONE',  ( 28.03731107025523528, 3.831643906623825035, 52.91990793204146826 ) ) ;
#973 = CARTESIAN_POINT ( 'NONE',  ( 10.72687256869491179, -7.017771959592108644, 64.50000000000000000 ) ) ;
#974 = ORIENTED_EDGE ( 'NONE', *, *, #4349, .F. ) ;
#975 = CARTESIAN_POINT ( 'NONE',  ( 73.71042038297952104, 36.03960340948523111, 54.45308968096160385 ) ) ;
#976 = CARTESIAN_POINT ( 'NONE',  ( -50.10384361658051944, 7.067239938024722612, 58.21875669524985142 ) ) ;
#977 = CARTESIAN_POINT ( 'NONE',  ( -2.810368806625617832, -72.84807742241252981, 54.59796835704429441 ) ) ;
#978 = CARTESIAN_POINT ( 'NONE',  ( -15.42867588025649006, 8.263290038336442933, 56.56481277621963955 ) ) ;
#979 = CARTESIAN_POINT ( 'NONE',  ( -58.94128493285560921, -40.18127899269318704, 51.74208063302801719 ) ) ;
#980 = CARTESIAN_POINT ( 'NONE',  ( 40.59854820387484153, 60.55411169008148420, 56.96102576407484719 ) ) ;
#981 = VERTEX_POINT ( 'NONE', #2847 ) ;
#982 = CARTESIAN_POINT ( 'NONE',  ( 30.57366865974222492, -10.12415405099259580, 52.36426300786646948 ) ) ;
#983 = EDGE_CURVE ( 'NONE', #5381, #1804, #1003, .T. ) ;
#984 = CARTESIAN_POINT ( 'NONE',  ( -59.54947771602051887, -28.29415563209597195, 51.00746456463616596 ) ) ;
#985 = DIRECTION ( 'NONE',  ( 1.000000000000000000, 0.000000000000000000, -0.000000000000000000 ) ) ;
#986 = CARTESIAN_POINT ( 'NONE',  ( -2.550631437715342731, -6.692130933951083271, 64.50000000000000000 ) ) ;
#987 = CARTESIAN_POINT ( 'NONE',  ( -33.65707131618110992, -26.64678264826510912, 52.08537612304193232 ) ) ;
#988 = DIRECTION ( 'NONE',  ( -1.000000000000000000, 0.000000000000000000, -0.000000000000000000 ) ) ;
#989 = CARTESIAN_POINT ( 'NONE',  ( 0.000000000000000000, 0.000000000000000000, 64.50000000000000000 ) ) ;
#990 = CARTESIAN_POINT ( 'NONE',  ( -15.57627246335636961, 6.007869066048916018, 65.00000000000000000 ) ) ;
#991 = CARTESIAN_POINT ( 'NONE',  ( 17.00006473508093663, -4.160477726779571839, 52.76651666753969749 ) ) ;
#992 = CARTESIAN_POINT ( 'NONE',  ( 47.08670210249556476, -23.96820622067662754, 50.03130117827907242 ) ) ;
#993 = CARTESIAN_POINT ( 'NONE',  ( -0.2711442582281620162, 3.728381886561737524, 65.00000000000000000 ) ) ;
#994 = CARTESIAN_POINT ( 'NONE',  ( 48.75661268304576623, 13.53405626690970465, 55.18027443959117306 ) ) ;
#995 = AXIS2_PLACEMENT_3D ( 'NONE', #4467, #4375, #1529 ) ;
#996 = CARTESIAN_POINT ( 'NONE',  ( -9.705118568590526351, 14.56601439590766311, 54.21890668359800713 ) ) ;
#997 = CARTESIAN_POINT ( 'NONE',  ( 23.39016338337643930, 37.35954353695674257, 57.10475120395854987 ) ) ;
#998 = FACE_OUTER_BOUND ( 'NONE', #6034, .T. ) ;
#999 = CARTESIAN_POINT ( 'NONE',  ( -13.93847036851215648, 21.36588475452054325, 54.15800197831914886 ) ) ;
#1000 = CARTESIAN_POINT ( 'NONE',  ( -27.57950902977294305, -19.52159628163642324, 50.21637383136014421 ) ) ;
#1001 = CARTESIAN_POINT ( 'NONE',  ( -22.29445953719214302, 21.66323792526632275, 53.59296206552350839 ) ) ;
#1002 = CARTESIAN_POINT ( 'NONE',  ( 61.04891412009867935, -9.285221640807625576, 51.56049452375101083 ) ) ;
#1003 = LINE ( 'NONE', #1928, #1363 ) ;
#1004 = ORIENTED_EDGE ( 'NONE', *, *, #3667, .T. ) ;
#1005 = DIRECTION ( 'NONE',  ( 0.000000000000000000, 0.000000000000000000, 1.000000000000000000 ) ) ;
#1006 = CARTESIAN_POINT ( 'NONE',  ( -28.22541257083572219, 0.06504718653613020263, 58.88314853631950285 ) ) ;
#1007 = CARTESIAN_POINT ( 'NONE',  ( -4.948267468916290213, -27.86193385381451648, 53.93190860298786049 ) ) ;
#1008 = CARTESIAN_POINT ( 'NONE',  ( -20.62587917393866377, -80.75918453038852363, 55.19071695520835164 ) ) ;
#1009 = CARTESIAN_POINT ( 'NONE',  ( 25.06079967686395449, 43.81016803253276493, 57.29813047006099680 ) ) ;
#1010 = ORIENTED_EDGE ( 'NONE', *, *, #3037, .F. ) ;
#1011 = CARTESIAN_POINT ( 'NONE',  ( 39.94875623769233641, -15.86148043054819112, 52.08332413202835198 ) ) ;
#1012 = CARTESIAN_POINT ( 'NONE',  ( -48.69791025085709180, -63.26558507618396021, 53.25371999300850945 ) ) ;
#1013 = CARTESIAN_POINT ( 'NONE',  ( 6.800249637825152682, -4.223597210865658091, 65.00000000000000000 ) ) ;
#1014 = CARTESIAN_POINT ( 'NONE',  ( 60.58059043639530472, 49.05732866331012332, 57.13453335701842661 ) ) ;
#1015 = CARTESIAN_POINT ( 'NONE',  ( -39.90450860796983079, -28.24075202920692718, 51.82771201762817981 ) ) ;
#1016 = CARTESIAN_POINT ( 'NONE',  ( 12.07621444551836376, -22.09588470899991464, 58.78536280186543195 ) ) ;
#1017 = PRODUCT_DEFINITION ( 'Êú', '', #6186, #5271 ) ;
#1018 = CARTESIAN_POINT ( 'NONE',  ( -53.18387047729333972, 64.17511569768514335, 54.68883528262205829 ) ) ;
#1019 = CARTESIAN_POINT ( 'NONE',  ( -12.21585267745026826, 12.53087959254381367, 55.10179397773870136 ) ) ;
#1020 = CARTESIAN_POINT ( 'NONE',  ( 16.56854975646866279, -5.639012001868294988, 52.34623883929813815 ) ) ;
#1021 = CARTESIAN_POINT ( 'NONE',  ( -8.190265504014455189, -24.09290667590907020, 54.83275960910653168 ) ) ;
#1022 = CARTESIAN_POINT ( 'NONE',  ( 14.65137916420342634, -4.286395269333681313, 64.49999999999998579 ) ) ;
#1023 = CARTESIAN_POINT ( 'NONE',  ( -40.15207765232516124, 71.24325509211428198, 52.23261378884362927 ) ) ;
#1024 = CARTESIAN_POINT ( 'NONE',  ( 22.43499946329670536, -3.601300561673629108, 53.14147951347476351 ) ) ;
#1025 = CARTESIAN_POINT ( 'NONE',  ( -7.274283905213737356, 15.91791798679931880, 53.45922645911132776 ) ) ;
#1026 = CARTESIAN_POINT ( 'NONE',  ( -72.89101990776183015, 24.52182204523427345, 57.33544989290987814 ) ) ;
#1027 = CARTESIAN_POINT ( 'NONE',  ( 42.86540196690945947, 51.84425027665231056, 58.08685245267326991 ) ) ;
#1028 = CARTESIAN_POINT ( 'NONE',  ( -7.760887847971752684, -2.349402568566467675, 64.50000000000000000 ) ) ;
#1029 = CARTESIAN_POINT ( 'NONE',  ( -9.585197610524826217, 20.60266904811571820, 53.47968518400643489 ) ) ;
#1030 = CARTESIAN_POINT ( 'NONE',  ( -35.09680824744999228, -18.00637493704534720, 49.54244708413773424 ) ) ;
#1031 = EDGE_CURVE ( 'NONE', #1960, #3767, #3105, .T. ) ;
#1032 = CARTESIAN_POINT ( 'NONE',  ( -37.64929176577378911, 48.94637885811374645, 52.91091791998442773 ) ) ;
#1033 = CARTESIAN_POINT ( 'NONE',  ( 15.60506992269036175, -7.005747949598077895, 50.23798147566900241 ) ) ;
#1034 = CARTESIAN_POINT ( 'NONE',  ( 8.919138778303132398, -3.340272928943905928, 65.00000000000000000 ) ) ;
#1035 = VERTEX_POINT ( 'NONE', #4927 ) ;
#1036 = CARTESIAN_POINT ( 'NONE',  ( 76.62946369058958851, 31.21150512225505125, 54.12874008612671872 ) ) ;
#1037 = CARTESIAN_POINT ( 'NONE',  ( -30.77055540661622857, 4.413900810935614594, 58.21347846590354891 ) ) ;
#1038 = CARTESIAN_POINT ( 'NONE',  ( -0.4590273943071720986, -17.14168121700224745, 54.62538764596472873 ) ) ;
#1039 = CARTESIAN_POINT ( 'NONE',  ( 14.39540396281620538, -75.84510859864985832, 57.28041968779250936 ) ) ;
#1040 = CARTESIAN_POINT ( 'NONE',  ( 44.40426370985949944, 42.91196510832627098, 55.94899402095948204 ) ) ;
#1041 = ORIENTED_EDGE ( 'NONE', *, *, #6216, .T. ) ;
#1042 = CARTESIAN_POINT ( 'NONE',  ( 45.15266591285450204, -21.36203188951409260, 51.77619439544045576 ) ) ;
#1043 = CARTESIAN_POINT ( 'NONE',  ( -59.53835773310109403, -35.75573530718600068, 51.47030750241254538 ) ) ;
#1044 = CARTESIAN_POINT ( 'NONE',  ( 8.403359906569342286, -6.387199878107151285, 65.00000000000000000 ) ) ;
#1045 = DIRECTION ( 'NONE',  ( -0.000000000000000000, -0.000000000000000000, 1.000000000000000000 ) ) ;
#1046 = CARTESIAN_POINT ( 'NONE',  ( -27.77736376923818895, -23.90830061605429080, 52.28288474314943102 ) ) ;
#1047 = CARTESIAN_POINT ( 'NONE',  ( -60.04759962907456128, 7.511004920421591180, 58.29181317749908686 ) ) ;
#1048 = CARTESIAN_POINT ( 'NONE',  ( -26.71610928452768619, 74.18606149276928363, 53.03546304260243005 ) ) ;
#1049 = LINE ( 'NONE', #990, #4140 ) ;
#1050 = CARTESIAN_POINT ( 'NONE',  ( 17.48331056462205879, -0.8326538386288991900, 53.68540553716794506 ) ) ;
#1051 = CARTESIAN_POINT ( 'NONE',  ( -6.756397265584062062, -15.76059088111170503, 54.47972456792471263 ) ) ;
#1052 = CARTESIAN_POINT ( 'NONE',  ( 10.72687256869491179, -7.017771959592108644, 64.50000000000000000 ) ) ;
#1053 = CARTESIAN_POINT ( 'NONE',  ( 53.18172108782373897, -37.88786680396794537, 50.93206490664800157 ) ) ;
#1054 = CARTESIAN_POINT ( 'NONE',  ( 15.94432248538248054, -6.310812036266813863, 52.11501401321113036 ) ) ;
#1055 = CARTESIAN_POINT ( 'NONE',  ( -14.37795573348221723, -9.977134249117931120, 51.27227836730282462 ) ) ;
#1056 = CARTESIAN_POINT ( 'NONE',  ( 26.91284237596094542, 40.73617689450885138, 58.59694213509978766 ) ) ;
#1057 = CARTESIAN_POINT ( 'NONE',  ( 74.40483890631116992, 35.00241544211173306, 54.38131881546944868 ) ) ;
#1058 = B_SPLINE_SURFACE_WITH_KNOTS ( 'NONE', 3, 1, ( 
 ( #1649, #4587 ),
 ( #691, #2125 ),
 ( #3557, #1140 ),
 ( #4101, #6049 ),
 ( #1237, #1680 ),
 ( #1712, #3620 ),
 ( #5575, #1204 ),
 ( #3137, #3655 ),
 ( #5129, #266 ),
 ( #437, #851 ),
 ( #5768, #3235 ),
 ( #3304, #4234 ),
 ( #2858, #4752 ),
 ( #1873, #2344 ),
 ( #4685, #1361 ),
 ( #789, #6244 ),
 ( #2790, #370 ),
 ( #298, #2379 ),
 ( #818, #5259 ),
 ( #2757, #403 ),
 ( #3816, #2314 ),
 ( #4268, #4336 ),
 ( #1807, #1396 ),
 ( #2280, #6277 ),
 ( #3336, #4720 ),
 ( #3269, #5732 ),
 ( #4199, #6213 ) ),
 .UNSPECIFIED., .F., .F., .F.,
 ( 4, 1, 1, 1, 1, 1, 1, 1, 1, 1, 1, 1, 1, 1, 1, 1, 1, 1, 1, 1, 1, 1, 1, 1, 4 ),
 ( 2, 2 ),
 ( 0.000000000000000000, 0.04171493243336126672, 0.08230270593995228645, 0.1215718144257365158, 0.1600671244574461693, 0.1979937629052238302, 0.2355661717952775847, 0.2730048805336445228, 0.3100903331095229420, 0.3468461432534286071, 0.3824835718335567458, 0.4172710082891830652, 0.4513316191888082640, 0.4848527413222461502, 0.5180308512419189437, 0.5510685457911258522, 0.5841710000647791778, 0.6194667444415160595, 0.6591579072517056437, 0.7034715469577031977, 0.7528401139219638161, 0.8068443124206159389, 0.8661419381570225617, 0.9305017472849205218, 1.000000000000000000 ),
 ( 0.000000000000000000, 1.000000000000000000 ),
 .UNSPECIFIED. ) ;
#1059 = CARTESIAN_POINT ( 'NONE',  ( -4.815760867537900225, 30.71023814303536170, 52.13560542305275192 ) ) ;
#1060 = CARTESIAN_POINT ( 'NONE',  ( -45.04084534382810290, -23.05282527523642244, 49.54015451471740761 ) ) ;
#1061 = CARTESIAN_POINT ( 'NONE',  ( -19.02575213018245748, 24.58329273888759658, 52.91823907506450553 ) ) ;
#1062 = CARTESIAN_POINT ( 'NONE',  ( 44.51828827189964244, -6.730421837285843978, 51.56268515146177833 ) ) ;
#1063 = CARTESIAN_POINT ( 'NONE',  ( -1.315454011546714819, 17.45175984360853860, 51.77178954677950173 ) ) ;
#1064 = ORIENTED_EDGE ( 'NONE', *, *, #6134, .F. ) ;
#1065 = CARTESIAN_POINT ( 'NONE',  ( 8.605129620014839276, -26.88321402404751836, 57.87440345068839065 ) ) ;
#1066 = EDGE_CURVE ( 'NONE', #868, #1960, #4261, .T. ) ;
#1067 = CARTESIAN_POINT ( 'NONE',  ( -44.56425420941166493, 23.96721777943190546, 56.53019933216162229 ) ) ;
#1068 = CARTESIAN_POINT ( 'NONE',  ( 0.7572033115339741327, -17.13210811624469088, 54.96302310985986850 ) ) ;
#1069 = CARTESIAN_POINT ( 'NONE',  ( -4.810800443595437237, -81.75248485142293475, 56.10402739110010373 ) ) ;
#1070 = CARTESIAN_POINT ( 'NONE',  ( 26.25344786858241974, 29.31199017144335528, 56.29029994233178513 ) ) ;
#1071 = ORIENTED_EDGE ( 'NONE', *, *, #4649, .T. ) ;
#1072 = CARTESIAN_POINT ( 'NONE',  ( 33.70705715346424114, -11.61098080837462021, 52.30599123506060266 ) ) ;
#1073 = CARTESIAN_POINT ( 'NONE',  ( -59.66838364055828947, -30.78697448926448033, 51.16299458881797335 ) ) ;
#1074 = VECTOR ( 'NONE', #1554, 1000.000000000000000 ) ;
#1075 = CARTESIAN_POINT ( 'NONE',  ( 6.569147026065643935, -1.750710410310339915, 64.99999999999998579 ) ) ;
#1076 = LINE ( 'NONE', #536, #5866 ) ;
#1077 = CARTESIAN_POINT ( 'NONE',  ( -57.21021083443702082, -26.67164753941611366, 50.96701810422849377 ) ) ;
#1078 = CARTESIAN_POINT ( 'NONE',  ( -60.03279718132346687, 7.503400248574491727, 58.29226469782852860 ) ) ;
#1079 = CARTESIAN_POINT ( 'NONE',  ( -65.28809507443351379, 50.83007090234615788, 55.72608272601693358 ) ) ;
#1080 = CARTESIAN_POINT ( 'NONE',  ( 1.297531088626842966, -17.45310303062145607, 56.76688616955556910 ) ) ;
#1081 = CARTESIAN_POINT ( 'NONE',  ( 17.41848244388490841, -1.700305734143583214, 53.44796917040505946 ) ) ;
#1082 = CARTESIAN_POINT ( 'NONE',  ( -17.29802221998988188, -41.56902559005474984, 54.50468419413173393 ) ) ;
#1083 = CARTESIAN_POINT ( 'NONE',  ( 4.287830100746195860, 6.007869066048916018, 65.00000000000000000 ) ) ;
#1084 = APPLICATION_CONTEXT ( 'automotive_design' ) ;
#1085 = CARTESIAN_POINT ( 'NONE',  ( 28.58193338320434762, 42.46463707515654562, 56.94834949069178265 ) ) ;
#1086 = CARTESIAN_POINT ( 'NONE',  ( 50.47067042305513951, -0.5992665709375212257, 53.83034333743024291 ) ) ;
#1087 = CARTESIAN_POINT ( 'NONE',  ( -0.2711442582281620162, -0.9934129852331345933, 65.00000000000000000 ) ) ;
#1088 = CARTESIAN_POINT ( 'NONE',  ( 11.61400578466286326, 18.99493958740199773, 57.14736516736685701 ) ) ;
#1089 = CARTESIAN_POINT ( 'NONE',  ( 43.26678410417586207, 52.04174546087530473, 58.07386850559375802 ) ) ;
#1090 = CARTESIAN_POINT ( 'NONE',  ( -3.702875015418328530, 16.74209506732914576, 52.45263467896870679 ) ) ;
#1091 = AXIS2_PLACEMENT_3D ( 'NONE', #216, #5620, #2198 ) ;
#1092 = CARTESIAN_POINT ( 'NONE',  ( 23.38399389716680332, -8.051040509861975281, 52.31634298045489118 ) ) ;
#1093 = CARTESIAN_POINT ( 'NONE',  ( -15.76947688000984371, 7.590699235125908828, 56.77057131884952668 ) ) ;
#1094 = CARTESIAN_POINT ( 'NONE',  ( -27.95372399311042244, 42.17781593706541088, 52.57508301659921557 ) ) ;
#1095 = EDGE_CURVE ( 'NONE', #196, #3483, #3482, .T. ) ;
#1096 = CARTESIAN_POINT ( 'NONE',  ( 23.14374914559877539, -10.57932238729005014, 50.22221553648578407 ) ) ;
#1097 = CARTESIAN_POINT ( 'NONE',  ( 14.54109577521713703, -4.602427585147214728, 64.50000000000001421 ) ) ;
#1098 = ORIENTED_EDGE ( 'NONE', *, *, #4699, .F. ) ;
#1099 = CARTESIAN_POINT ( 'NONE',  ( 32.04946180978144810, -65.48186469410372013, 58.55775530672372042 ) ) ;
#1100 = CARTESIAN_POINT ( 'NONE',  ( -31.77218521708349996, 11.74412625911979724, 57.20159324862472516 ) ) ;
#1101 = CARTESIAN_POINT ( 'NONE',  ( -8.538814520731088820, -21.05718930608045980, 52.92578330653896046 ) ) ;
#1102 = CARTESIAN_POINT ( 'NONE',  ( 22.60681020374956063, -70.21388429319441116, 57.87242576151191287 ) ) ;
#1103 = CARTESIAN_POINT ( 'NONE',  ( 12.18713640147654687, 12.06131319949269454, 55.97744821977112650 ) ) ;
#1104 = ORIENTED_EDGE ( 'NONE', *, *, #514, .F. ) ;
#1105 = CARTESIAN_POINT ( 'NONE',  ( 11.42829321146166599, 19.57193928370022107, 58.87713635944647450 ) ) ;
#1106 = CARTESIAN_POINT ( 'NONE',  ( 5.240891805233738765, -79.74227065168606998, 56.69781885574521851 ) ) ;
#1107 = DIRECTION ( 'NONE',  ( -0.000000000000000000, -0.000000000000000000, 1.000000000000000000 ) ) ;
#1108 = CARTESIAN_POINT ( 'NONE',  ( -22.49809209871470372, -20.11497156107740381, 52.37608912234610870 ) ) ;
#1109 = CARTESIAN_POINT ( 'NONE',  ( -43.89248151364996886, 1.750925151687100056, 58.69671743481571724 ) ) ;
#1110 = CARTESIAN_POINT ( 'NONE',  ( -52.82944947166313199, -57.10510220316456298, 51.21767649740151285 ) ) ;
#1111 = CARTESIAN_POINT ( 'NONE',  ( 16.11155891456341394, -6.875007292151483540, 51.98674131831343459 ) ) ;
#1112 = CARTESIAN_POINT ( 'NONE',  ( -21.13719019913004615, -22.68669229250907904, 52.81115855238404322 ) ) ;
#1113 = CARTESIAN_POINT ( 'NONE',  ( 25.41031862180611611, -43.60837317558354442, 57.29813047006099680 ) ) ;
#1114 = CARTESIAN_POINT ( 'NONE',  ( 67.93096931628836899, -27.62764525931671500, 52.04074871049365214 ) ) ;
#1115 = CARTESIAN_POINT ( 'NONE',  ( 69.77931377562417481, -21.10866287644564210, 52.48172891477011603 ) ) ;
#1116 = CARTESIAN_POINT ( 'NONE',  ( -1.592871417660563393, 17.43086159698443538, 51.84768821584228959 ) ) ;
#1117 = CARTESIAN_POINT ( 'NONE',  ( -72.87596238158947415, 23.11799077373348155, 57.41830490810384191 ) ) ;
#1118 = CARTESIAN_POINT ( 'NONE',  ( 42.83367160877361357, 51.82851774825826396, 58.08787893572131367 ) ) ;
#1119 = CARTESIAN_POINT ( 'NONE',  ( -14.05250686957367101, 60.13060614733958431, 52.48111103742235883 ) ) ;
#1120 = CARTESIAN_POINT ( 'NONE',  ( -29.54738421168639562, 0.07023306161359557653, 57.26036221288948269 ) ) ;
#1121 = CARTESIAN_POINT ( 'NONE',  ( -16.13325985993738954, 6.793689686917931070, 57.00963557095461454 ) ) ;
#1122 = CARTESIAN_POINT ( 'NONE',  ( -64.09937226197945392, 54.37139016729762631, 53.92265603490859149 ) ) ;
#1123 = CARTESIAN_POINT ( 'NONE',  ( 16.09788327200361735, -5.907779701490535551, 50.57394059460884250 ) ) ;
#1124 = CARTESIAN_POINT ( 'NONE',  ( 12.51152275145721404, -6.695217387646591689, 64.49999999999998579 ) ) ;
#1125 = ORIENTED_EDGE ( 'NONE', *, *, #1416, .T. ) ;
#1126 = CARTESIAN_POINT ( 'NONE',  ( 7.387623477282054374, -30.19397483817335015, 57.53852826079248928 ) ) ;
#1127 = CARTESIAN_POINT ( 'NONE',  ( -20.61660713244523890, 9.418970868008665676, 56.85492226666001869 ) ) ;
#1128 = CARTESIAN_POINT ( 'NONE',  ( -6.117436262634534216, -18.92137400804400116, 53.26688491594975972 ) ) ;
#1129 = B_SPLINE_CURVE_WITH_KNOTS ( 'NONE', 3,
 ( #2041, #177, #1652, #5931 ),
 .UNSPECIFIED., .F., .F.,
 ( 4, 4 ),
 ( 0.000000000000000000, 1.000000000000000000 ),
 .UNSPECIFIED. ) ;
#1130 = CARTESIAN_POINT ( 'NONE',  ( 1.623526469159096708, -80.70527110636170676, 56.48073867893214128 ) ) ;
#1131 = CARTESIAN_POINT ( 'NONE',  ( 18.27419122123696482, 13.40953354134005693, 55.28824202871574300 ) ) ;
#1132 = ORIENTED_EDGE ( 'NONE', *, *, #2816, .F. ) ;
#1133 = CARTESIAN_POINT ( 'NONE',  ( -6.981877450703531274, -81.92984974553959887, 55.97862767029048570 ) ) ;
#1134 = AXIS2_PLACEMENT_3D ( 'NONE', #2735, #4859, #3860 ) ;
#1135 = CARTESIAN_POINT ( 'NONE',  ( -8.912123050321008932, -15.06214047022222680, 53.86161587903265513 ) ) ;
#1136 = CARTESIAN_POINT ( 'NONE',  ( -20.70212766930319148, -18.83707048293657849, 50.79685596645803258 ) ) ;
#1137 = CARTESIAN_POINT ( 'NONE',  ( 15.77046773008443381, 7.589656696278326287, 56.05411230053865523 ) ) ;
#1138 = CARTESIAN_POINT ( 'NONE',  ( -34.85105972019731979, 0.5038476961869015058, 58.82103609898958752 ) ) ;
#1139 = CARTESIAN_POINT ( 'NONE',  ( 4.136541751313817628, -80.09383071253712671, 55.02804281704592171 ) ) ;
#1140 = CARTESIAN_POINT ( 'NONE',  ( 10.40140309572737465, -7.012289856171880054, 65.00000000000001421 ) ) ;
#1141 = CARTESIAN_POINT ( 'NONE',  ( -30.54678549648246744, -32.92364195415998296, 52.81619721668504042 ) ) ;
#1142 = CARTESIAN_POINT ( 'NONE',  ( 4.287830100746195860, -6.692130933951083271, 64.50000000000000000 ) ) ;
#1143 = CARTESIAN_POINT ( 'NONE',  ( -0.2711442582281620162, -4.412643754463903889, 65.00000000000000000 ) ) ;
#1144 = CARTESIAN_POINT ( 'NONE',  ( 69.32254530648896207, -26.16950096286578287, 52.16144153564424357 ) ) ;
#1145 = CARTESIAN_POINT ( 'NONE',  ( 24.78518621972114389, -5.761120874821473947, 52.80649248834944132 ) ) ;
#1146 =( NAMED_UNIT ( * ) PLANE_ANGLE_UNIT ( ) SI_UNIT ( $, .RADIAN. ) );
#1147 = CARTESIAN_POINT ( 'NONE',  ( 20.65923208510688625, -38.93624745715104751, 57.10475120395854987 ) ) ;
#1148 = CARTESIAN_POINT ( 'NONE',  ( -6.779418830313651334, 34.56511848079286153, 52.31487420749117945 ) ) ;
#1149 = CARTESIAN_POINT ( 'NONE',  ( 14.52789787954252887, 24.36270143933769816, 58.82663414168937521 ) ) ;
#1150 = CARTESIAN_POINT ( 'NONE',  ( -2.637437504572551106, 30.89622322546648547, 51.79940175265905111 ) ) ;
#1151 = CARTESIAN_POINT ( 'NONE',  ( -23.46642373514591995, 0.4291695277698539535, 57.18055883981502063 ) ) ;
#1152 = CARTESIAN_POINT ( 'NONE',  ( -14.84305151280104162, 9.280360885856499209, 56.24455469711037381 ) ) ;
#1153 = CARTESIAN_POINT ( 'NONE',  ( -9.103016488651247684, 38.38347937167336710, 50.88791804414665165 ) ) ;
#1154 = CARTESIAN_POINT ( 'NONE',  ( 21.48111059416946489, -13.75513298588871258, 49.55150755271221641 ) ) ;
#1155 = CARTESIAN_POINT ( 'NONE',  ( 14.84099104364208443, -2.828579872796636696, 64.50000000000000000 ) ) ;
#1156 = EDGE_LOOP ( 'NONE', ( #1010, #5592, #4151, #6011 ) ) ;
#1157 = STYLED_ITEM ( 'NONE', ( #4241 ), #460 ) ;
#1158 = CARTESIAN_POINT ( 'NONE',  ( 14.72779018303119081, -36.59638805404325268, 58.21717239462591920 ) ) ;
#1159 = CIRCLE ( 'NONE', #35, 17.49999999999999645 ) ;
#1160 = CARTESIAN_POINT ( 'NONE',  ( -26.52926107266012679, 9.846832247134713612, 57.19871082416852204 ) ) ;
#1161 = CARTESIAN_POINT ( 'NONE',  ( -11.39502151254391471, -19.59388839489079714, 52.25069380780588801 ) ) ;
#1162 = CARTESIAN_POINT ( 'NONE',  ( -28.24317620582228727, 1.783701482683156314, 56.97008299144305710 ) ) ;
#1163 = CARTESIAN_POINT ( 'NONE',  ( 42.95869641963017926, 26.73857567525924495, 54.93731486581636858 ) ) ;
#1164 = ORIENTED_EDGE ( 'NONE', *, *, #2507, .F. ) ;
#1165 = CARTESIAN_POINT ( 'NONE',  ( -35.54398573445114806, -74.79405317373957018, 52.66413812702142394 ) ) ;
#1166 = CARTESIAN_POINT ( 'NONE',  ( -10.34060772541266360, -14.12206829737513303, 53.39484017455575326 ) ) ;
#1167 = CARTESIAN_POINT ( 'NONE',  ( 14.21229822242988128, 10.21526789122475520, 56.88819501355082053 ) ) ;
#1168 = CARTESIAN_POINT ( 'NONE',  ( -60.24279249486362886, 7.611647824943152507, 58.28584840278441703 ) ) ;
#1169 = EDGE_CURVE ( 'NONE', #2341, #1394, #556, .T. ) ;
#1170 = CARTESIAN_POINT ( 'NONE',  ( 9.884871980223575605, 14.44165766034465115, 56.88822207353588567 ) ) ;
#1171 = COLOUR_RGB ( '',0.7921568627450980005, 0.8196078431372548767, 0.9333333333333333481 ) ;
#1172 = CARTESIAN_POINT ( 'NONE',  ( 12.59112428273388495, -2.055137226712317133, 64.50000000000000000 ) ) ;
#1173 = CARTESIAN_POINT ( 'NONE',  ( -13.63282629831346604, -14.47558848422957922, 52.79972030676375283 ) ) ;
#1174 = CARTESIAN_POINT ( 'NONE',  ( -12.32051470995667763, -12.42998519202204122, 52.68363035994709520 ) ) ;
#1175 = CARTESIAN_POINT ( 'NONE',  ( 36.56484777284578058, -62.85609240848100399, 57.29691220524426143 ) ) ;
#1176 = LINE ( 'NONE', #635, #4643 ) ;
#1177 = CARTESIAN_POINT ( 'NONE',  ( 17.35903067145439849, -9.801574868081518233, 51.45215165198781904 ) ) ;
#1178 =( LENGTH_UNIT ( ) NAMED_UNIT ( * ) SI_UNIT ( .MILLI., .METRE. ) );
#1179 = CARTESIAN_POINT ( 'NONE',  ( 13.43631290809594780, -23.54118984040199436, 57.25111170324260002 ) ) ;
#1180 = CARTESIAN_POINT ( 'NONE',  ( -6.169027156317578253, 29.53117702573549508, 52.37611673397395151 ) ) ;
#1181 = CARTESIAN_POINT ( 'NONE',  ( 21.07320429730793165, 34.30536406099049884, 58.75822639309611617 ) ) ;
#1182 = CARTESIAN_POINT ( 'NONE',  ( -0.2622561182094747534, 22.72108676284331708, 51.45585558190032316 ) ) ;
#1183 = CARTESIAN_POINT ( 'NONE',  ( -51.06642116117423313, 3.520361861551673410, 56.94834949069178265 ) ) ;
#1184 = CARTESIAN_POINT ( 'NONE',  ( 67.98009971943299945, 49.07707493456517511, 56.87019425404646711 ) ) ;
#1185 = CARTESIAN_POINT ( 'NONE',  ( -16.27627347027789639, 6.439829845418930887, 57.11374243660547023 ) ) ;
#1186 = CARTESIAN_POINT ( 'NONE',  ( -14.41477060104391761, 36.72064268240902152, 51.56362099031527890 ) ) ;
#1187 = EDGE_CURVE ( 'NONE', #4718, #6206, #834, .T. ) ;
#1188 = CARTESIAN_POINT ( 'NONE',  ( 73.58127519418714257, -40.62914835946335046, 49.87265873945126771 ) ) ;
#1189 = B_SPLINE_CURVE_WITH_KNOTS ( 'NONE', 3,
 ( #3025, #4981, #609, #6088, #669, #4110, #2101, #2131, #6057, #2580, #5074, #4630, #3565, #3596, #5646, #4078, #4533, #2704, #6119, #6026, #4595, #2223, #2642, #211, #1244, #154, #1689, #3631, #1657, #5584, #1212, #1720, #4662, #3210, #3082, #5550, #2672, #1278, #4049, #243, #5168, #5995, #1625, #2193, #699, #1180, #5519, #3663, #5044, #3114, #2162, #1148, #2611, #4176, #3145, #764, #5105, #733, #4142, #5613, #3696, #3179, #5136, #4564, #1751, #275, #182, #859, #3759, #1439, #2799, #4791, #1306, #6251, #1782, #796, #892, #3376, #410, #3243, #5775, #2387, #445, #4693, #3790, #6285, #6152, #5741, #4343, #1914, #5675, #5233, #2765, #2733, #307, #3825, #5201, #4308, #825, #2320, #2254, #1881, #3276, #3858, #3343, #4727, #341 ),
 .UNSPECIFIED., .F., .F.,
 ( 4, 2, 2, 1, 1, 1, 1, 2, 2, 2, 2, 1, 1, 1, 2, 2, 2, 2, 1, 1, 1, 2, 2, 2, 2, 1, 1, 1, 1, 2, 2, 2, 2, 1, 1, 1, 1, 1, 2, 2, 2, 2, 1, 1, 1, 1, 2, 2, 2, 2, 1, 1, 1, 1, 2, 2, 2, 2, 1, 1, 1, 2, 2, 2, 2, 1, 2, 2, 4 ),
 ( 0.000000000000000000, 0.03125000000002666617, 0.04687500000003989170, 0.05468750000004643508, 0.05859375000004962003, 0.06054687500005118822, 0.06152343750005198619, 0.06201171875005237477, 0.06250000000005276335, 0.09375000000007105427, 0.1093750000000802969, 0.1171875000000848210, 0.1210937500000871664, 0.1230468750000883321, 0.1240234375000889011, 0.1250000000000894562, 0.1562500000001018630, 0.1718750000001079414, 0.1796875000001110778, 0.1835937500001127431, 0.1855468750001135758, 0.1865234375001139089, 0.1875000000001142419, 0.2187500000001261213, 0.2343750000001319778, 0.2421875000001347811, 0.2460937500001360856, 0.2480468750001367517, 0.2490234375001370848, 0.2495117187501371681, 0.2500000000001372236, 0.3125000000001331157, 0.3437500000001310063, 0.3593750000001297851, 0.3671875000001289524, 0.3710937500001285638, 0.3730468750001285638, 0.3740234375001283973, 0.3745117187501283418, 0.3750000000001282308, 0.4375000000001266209, 0.4687500000001258438, 0.4843750000001252332, 0.4921875000001247336, 0.4960937500001244560, 0.4980468750001245115, 0.4990234375001243450, 0.5000000000001241229, 0.5625000000001227907, 0.5937500000001220135, 0.6093750000001215694, 0.6171875000001215694, 0.6210937500001213474, 0.6230468750001212364, 0.6240234375001211253, 0.6250000000001211253, 0.6875000000001035838, 0.7187500000000948130, 0.7343750000000902611, 0.7421875000000880407, 0.7460937500000870415, 0.7480468750000863754, 0.7500000000000857092, 0.8125000000000636158, 0.8437500000000525135, 0.8593750000000469624, 0.8671875000000441869, 0.8750000000000414113, 1.000000000000000000 ),
 .UNSPECIFIED. ) ;
#1190 = CARTESIAN_POINT ( 'NONE',  ( -6.611170601817036641, 41.44794397188544366, 50.53207451395519456 ) ) ;
#1191 = VERTEX_POINT ( 'NONE', #616 ) ;
#1192 = CARTESIAN_POINT ( 'NONE',  ( 11.23565001528008445, -19.68316188487322194, 58.87713635944647450 ) ) ;
#1193 = CARTESIAN_POINT ( 'NONE',  ( -78.91930850656859775, 28.92687569792028057, 57.20771838594077963 ) ) ;
#1194 = CARTESIAN_POINT ( 'NONE',  ( -14.25263449854434405, -24.36538232253959535, 52.24481908398954033 ) ) ;
#1195 = CARTESIAN_POINT ( 'NONE',  ( -61.59426971768527892, -0.2153916917001745257, 57.29692743048249781 ) ) ;
#1196 = CARTESIAN_POINT ( 'NONE',  ( 42.37087184817600161, 15.22855838736817802, 53.92552112561573097 ) ) ;
#1197 = CARTESIAN_POINT ( 'NONE',  ( -1.315394092798773285, 17.45049392938140898, 51.77180128508536683 ) ) ;
#1198 = ORIENTED_EDGE ( 'NONE', *, *, #1187, .F. ) ;
#1199 = CARTESIAN_POINT ( 'NONE',  ( -41.62242993190312745, -70.39434680769637964, 52.23261378884362927 ) ) ;
#1200 = CARTESIAN_POINT ( 'NONE',  ( -57.20762104221647348, -26.61649528916377250, 50.96544219180327673 ) ) ;
#1201 = CARTESIAN_POINT ( 'NONE',  ( 14.46606505507189055, 9.850246400261715607, 56.76688616955557620 ) ) ;
#1202 = CARTESIAN_POINT ( 'NONE',  ( -18.51113554552654961, 1.502972711072266820, 58.52758260192953088 ) ) ;
#1203 = CARTESIAN_POINT ( 'NONE',  ( -2.550631437715342731, -6.692130933951083271, 64.50000000000000000 ) ) ;
#1204 = CARTESIAN_POINT ( 'NONE',  ( 9.194955531208687916, -6.774883972373877405, 64.99999999999998579 ) ) ;
#1205 = CARTESIAN_POINT ( 'NONE',  ( -20.71757935457690536, -19.27434535907435986, 52.47154282277533355 ) ) ;
#1206 = CARTESIAN_POINT ( 'NONE',  ( 4.351835433022888111, -16.58502632281112810, 55.97744821977112650 ) ) ;
#1207 = CARTESIAN_POINT ( 'NONE',  ( 81.24042114640904799, 18.90748972239146397, 54.97642388728949925 ) ) ;
#1208 = CARTESIAN_POINT ( 'NONE',  ( 37.72204239038038054, -24.57688445943670530, 51.13257558955201176 ) ) ;
#1209 = CARTESIAN_POINT ( 'NONE',  ( 21.16755848429939135, -41.35558576368699590, 58.64603652315511795 ) ) ;
#1210 = CARTESIAN_POINT ( 'NONE',  ( -4.350755451170060795, 16.95191212000075964, 52.61205503374821291 ) ) ;
#1211 = CARTESIAN_POINT ( 'NONE',  ( 23.14258955339165169, -50.88690288924127714, 58.42169686852412269 ) ) ;
#1212 = CARTESIAN_POINT ( 'NONE',  ( -5.316442567640460304, 26.11231162649587034, 52.35469257555030254 ) ) ;
#1213 = CARTESIAN_POINT ( 'NONE',  ( 15.21736045602198750, 25.62470148106698531, 58.83422787990874525 ) ) ;
#1214 = CARTESIAN_POINT ( 'NONE',  ( -7.760887847971752684, 6.007869066048916018, 64.50000000000000000 ) ) ;
#1215 = CARTESIAN_POINT ( 'NONE',  ( 18.11306463688340429, -7.186086889379221354, 50.46035257284535192 ) ) ;
#1216 = CARTESIAN_POINT ( 'NONE',  ( 18.46537161542357097, 13.14502008253687038, 56.85492226666001869 ) ) ;
#1217 = CARTESIAN_POINT ( 'NONE',  ( -9.309818251168351821, 29.57690669742222767, 51.22946814159284656 ) ) ;
#1218 = CARTESIAN_POINT ( 'NONE',  ( -3.558984156665752074, 70.43739464311089193, 51.62646008821230481 ) ) ;
#1219 = CARTESIAN_POINT ( 'NONE',  ( 69.21789469139525863, -26.30345516700800701, 52.15137969820834485 ) ) ;
#1220 = ORIENTED_EDGE ( 'NONE', *, *, #1169, .T. ) ;
#1221 = CARTESIAN_POINT ( 'NONE',  ( 14.84099104364208443, -2.828579872796636696, 65.00000000000000000 ) ) ;
#1222 = CARTESIAN_POINT ( 'NONE',  ( -3.520181503308167592, -30.80782561999896885, 55.84943537185080942 ) ) ;
#1223 = CARTESIAN_POINT ( 'NONE',  ( -28.11910366685097884, 27.66862437749435699, 55.17851105911304899 ) ) ;
#1224 = CARTESIAN_POINT ( 'NONE',  ( -13.03063047173611366, -71.72826211691848641, 53.92294902736882989 ) ) ;
#1225 = EDGE_CURVE ( 'NONE', #3767, #5414, #4026, .T. ) ;
#1226 = CARTESIAN_POINT ( 'NONE',  ( -82.02420768819779084, 17.37409609212015837, 56.28543599487409210 ) ) ;
#1227 = CARTESIAN_POINT ( 'NONE',  ( 59.46075897139698441, 16.66225686197771338, 53.58582972266929545 ) ) ;
#1228 = CARTESIAN_POINT ( 'NONE',  ( -15.58865793340897099, 73.80928757708883836, 50.77722547035640588 ) ) ;
#1229 = ORIENTED_EDGE ( 'NONE', *, *, #832, .T. ) ;
#1230 = CARTESIAN_POINT ( 'NONE',  ( 8.790589189278177784, -78.47680998233423111, 56.91734584100549910 ) ) ;
#1231 = CARTESIAN_POINT ( 'NONE',  ( -11.62907118016903851, -13.08198085519116027, 52.94290238045646646 ) ) ;
#1232 = CARTESIAN_POINT ( 'NONE',  ( -28.60204563739244321, -24.61871250532562883, 50.66906094903136903 ) ) ;
#1233 = LINE ( 'NONE', #2213, #4660 ) ;
#1234 = CARTESIAN_POINT ( 'NONE',  ( -59.23874070914057199, -25.79286404183145720, 50.84782201340048147 ) ) ;
#1235 = CARTESIAN_POINT ( 'NONE',  ( -28.89945216312590048, -78.17793614115021228, 53.09145647474797158 ) ) ;
#1236 = PRESENTATION_LAYER_ASSIGNMENT (  '', '', ( #6122 ) ) ;
#1237 = CARTESIAN_POINT ( 'NONE',  ( 9.776669176614387169, -6.932939019343873355, 64.49999999999998579 ) ) ;
#1238 = CARTESIAN_POINT ( 'NONE',  ( -41.85312820089271924, -45.19427791412611839, 52.81880196318592624 ) ) ;
#1239 = CARTESIAN_POINT ( 'NONE',  ( 71.66103006110752460, -23.45442652127400507, 52.37493957736081995 ) ) ;
#1240 = CARTESIAN_POINT ( 'NONE',  ( 35.80716677196582509, -27.06778530576890773, 50.80002471875751979 ) ) ;
#1241 = CARTESIAN_POINT ( 'NONE',  ( 22.29693426538996093, -45.95800901781410630, 58.54280071916657135 ) ) ;
#1242 = CARTESIAN_POINT ( 'NONE',  ( -6.206565170273927734, 16.36416712402362350, 53.14340329620961967 ) ) ;
#1243 = DIRECTION ( 'NONE',  ( -0.000000000000000000, -0.000000000000000000, 1.000000000000000000 ) ) ;
#1244 = CARTESIAN_POINT ( 'NONE',  ( -4.504740848942089926, 23.74222023047314778, 52.29416283636071228 ) ) ;
#1245 = CARTESIAN_POINT ( 'NONE',  ( 30.79824390867259254, 44.09412834905035083, 58.47537150000579231 ) ) ;
#1246 = CARTESIAN_POINT ( 'NONE',  ( 15.77012044327338103, -7.586389197982929211, 51.77170975937082886 ) ) ;
#1247 = CARTESIAN_POINT ( 'NONE',  ( 17.03214107675344025, -7.169776451284069374, 50.36176332662137867 ) ) ;
#1248 = CARTESIAN_POINT ( 'NONE',  ( 24.07231350684403992, 8.443761534271342128, 55.50738889126646569 ) ) ;
#1249 = APPLICATION_PROTOCOL_DEFINITION ( 'draft international standard', 'automotive_design', 1998, #1084 ) ;
#1250 = CARTESIAN_POINT ( 'NONE',  ( -14.16746452260275646, 60.10365074835338817, 50.88510946817556402 ) ) ;
#1251 = CARTESIAN_POINT ( 'NONE',  ( 2.275724815644954546, 67.53056187053019244, 51.22513862220942826 ) ) ;
#1252 = CARTESIAN_POINT ( 'NONE',  ( -7.019409599941241140, 33.81031177930771747, 50.74934254293260949 ) ) ;
#1253 = ADVANCED_FACE ( 'NONE', ( #5973 ), #134, .T. ) ;
#1254 = ORIENTED_EDGE ( 'NONE', *, *, #2854, .T. ) ;
#1255 = CARTESIAN_POINT ( 'NONE',  ( 12.51152275145721404, -6.695217387646591689, 64.99999999999998579 ) ) ;
#1256 = CARTESIAN_POINT ( 'NONE',  ( -4.407597689787724704, -39.10308183365340540, 55.85331186081324262 ) ) ;
#1257 = CARTESIAN_POINT ( 'NONE',  ( -14.91363294477493184, 17.06881179159696416, 54.82984564171947284 ) ) ;
#1258 = CARTESIAN_POINT ( 'NONE',  ( -53.09961616777727755, -49.95160748964636355, 50.88500233783391735 ) ) ;
#1259 = CARTESIAN_POINT ( 'NONE',  ( -48.65222464250011569, 13.90210913116920644, 55.95080213228979460 ) ) ;
#1260 = VECTOR ( 'NONE', #5265, 1000.000000000000000 ) ;
#1261 = CARTESIAN_POINT ( 'NONE',  ( 44.74535739257916589, 23.62653405423230879, 54.59972617736814726 ) ) ;
#1262 = CARTESIAN_POINT ( 'NONE',  ( -72.08872122373166746, 33.39477654351197344, 55.21051080750252993 ) ) ;
#1263 = ORIENTED_EDGE ( 'NONE', *, *, #3473, .T. ) ;
#1264 = CARTESIAN_POINT ( 'NONE',  ( 4.136541751313817628, -80.09383071253712671, 55.02804281704592171 ) ) ;
#1265 = CARTESIAN_POINT ( 'NONE',  ( -10.20635984901909055, -14.21705227748233291, 53.43970602761530841 ) ) ;
#1266 = CARTESIAN_POINT ( 'NONE',  ( 16.95998639763203286, 4.313798951288339012, 55.10179397773870136 ) ) ;
#1267 = CARTESIAN_POINT ( 'NONE',  ( -6.308140596761235841, -16.44978051918821649, 53.00321449129046414 ) ) ;
#1268 = CARTESIAN_POINT ( 'NONE',  ( 22.70515002110359504, -70.18212229533119739, 56.27576660695997646 ) ) ;
#1269 = B_SPLINE_CURVE_WITH_KNOTS ( 'NONE', 3,
 ( #2151, #722, #5665, #4618 ),
 .UNSPECIFIED., .F., .F.,
 ( 4, 4 ),
 ( 0.000000000000000000, 1.000000000000000000 ),
 .UNSPECIFIED. ) ;
#1270 = CARTESIAN_POINT ( 'NONE',  ( 11.77590849046183763, -4.449853826904931253, 64.50000000000001421 ) ) ;
#1271 = CARTESIAN_POINT ( 'NONE',  ( -65.21870667950472011, -53.02299454140843693, 52.14443844957490626 ) ) ;
#1272 = CARTESIAN_POINT ( 'NONE',  ( -13.30393358224789147, -11.37128901226358302, 52.28934886536490723 ) ) ;
#1273 = CARTESIAN_POINT ( 'NONE',  ( 73.20512892563230878, 36.70996702902070297, 56.10402739110011794 ) ) ;
#1274 = CARTESIAN_POINT ( 'NONE',  ( 13.52981973682886618, -10.43698276047754980, 50.77750253794508950 ) ) ;
#1275 = CARTESIAN_POINT ( 'NONE',  ( 21.17445529779394775, -41.38006050697878635, 58.64551817943234369 ) ) ;
#1276 = CARTESIAN_POINT ( 'NONE',  ( 18.79115067331249378, 28.18521410961234608, 56.96716902491714052 ) ) ;
#1277 = CARTESIAN_POINT ( 'NONE',  ( 13.19741561067405655, -23.67663146794844664, 58.82764461552659441 ) ) ;
#1278 = CARTESIAN_POINT ( 'NONE',  ( -5.873053658388211140, 28.16278812700480216, 52.37548988944149642 ) ) ;
#1279 = CARTESIAN_POINT ( 'NONE',  ( 17.53430722739770076, 29.43604425617453657, 58.82525001850427770 ) ) ;
#1280 = CARTESIAN_POINT ( 'NONE',  ( 4.426463838702313858, 83.93462487752651668, 51.13368818826410944 ) ) ;
#1281 = CARTESIAN_POINT ( 'NONE',  ( 51.18830117904257548, -34.09773056397767022, 51.08093570455623933 ) ) ;
#1282 = CARTESIAN_POINT ( 'NONE',  ( 41.15625566114270839, 17.98007807367885036, 55.85432705346836002 ) ) ;
#1283 = CARTESIAN_POINT ( 'NONE',  ( -15.04112666135379328, 48.18038139979825019, 51.22418312447697275 ) ) ;
#1284 = CARTESIAN_POINT ( 'NONE',  ( -11.54623192419142619, 73.01620931707472550, 52.13373510872084182 ) ) ;
#1285 = CARTESIAN_POINT ( 'NONE',  ( -5.248619308052409060, 46.76203697805792103, 51.91704112822447570 ) ) ;
#1286 = ORIENTED_EDGE ( 'NONE', *, *, #5369, .F. ) ;
#1287 = CARTESIAN_POINT ( 'NONE',  ( 13.24069999708105172, -6.268731422423846844, 64.99999999999998579 ) ) ;
#1288 = CARTESIAN_POINT ( 'NONE',  ( 17.54352346066768575, -70.76004393898072919, 57.54510740563146243 ) ) ;
#1289 = CARTESIAN_POINT ( 'NONE',  ( -25.74683286157693729, 22.01151205340160644, 55.51327526164708814 ) ) ;
#1290 = CARTESIAN_POINT ( 'NONE',  ( -41.76662551385901878, -45.27425461951082752, 51.22280199596328742 ) ) ;
#1291 = CARTESIAN_POINT ( 'NONE',  ( -18.78367828723090582, 6.676219273313530600, 55.63003255847628026 ) ) ;
#1292 = CARTESIAN_POINT ( 'NONE',  ( 43.98528018833691533, 9.079102783358782958, 53.25075311360233599 ) ) ;
#1293 = CARTESIAN_POINT ( 'NONE',  ( -72.48357980633896602, 30.91800728175754642, 55.35674122148739684 ) ) ;
#1294 = ORIENTED_EDGE ( 'NONE', *, *, #3431, .T. ) ;
#1295 = CARTESIAN_POINT ( 'NONE',  ( -0.2711442582281620162, 3.728381886561737524, 65.00000000000000000 ) ) ;
#1296 = DIRECTION ( 'NONE',  ( 6.798176121864045815E-12, 1.718294971867439693E-13, -1.000000000000000000 ) ) ;
#1297 = CARTESIAN_POINT ( 'NONE',  ( -32.47939173972685012, 0.3911373232499571473, 58.83376588496917492 ) ) ;
#1298 = LINE ( 'NONE', #5731, #5570 ) ;
#1299 = DIRECTION ( 'NONE',  ( -0.000000000000000000, -0.000000000000000000, 1.000000000000000000 ) ) ;
#1300 = CARTESIAN_POINT ( 'NONE',  ( -45.04837903376576946, -42.23513100957611499, 52.48111103742235883 ) ) ;
#1301 = DIRECTION ( 'NONE',  ( 0.000000000000000000, 1.000000000000000000, 0.000000000000000000 ) ) ;
#1302 = CARTESIAN_POINT ( 'NONE',  ( 80.25244497920090225, 22.51705692517535340, 55.19071695520835164 ) ) ;
#1303 = ADVANCED_FACE ( 'NONE', ( #677 ), #550, .T. ) ;
#1304 = CARTESIAN_POINT ( 'NONE',  ( 70.47628548170459339, -45.80074257201200538, 51.13368818826410944 ) ) ;
#1305 = CARTESIAN_POINT ( 'NONE',  ( 23.43608157431328820, -63.49100690471080810, 58.07386850559375091 ) ) ;
#1306 = CARTESIAN_POINT ( 'NONE',  ( -6.046280193807887393, 43.56184283159169013, 52.04541736423445286 ) ) ;
#1307 = CARTESIAN_POINT ( 'NONE',  ( 17.44818570906636523, 1.361805691558608089, 54.28455349648621109 ) ) ;
#1308 = CARTESIAN_POINT ( 'NONE',  ( 3.548910438781478494, 27.98266965871565404, 50.79513397377060357 ) ) ;
#1309 = CARTESIAN_POINT ( 'NONE',  ( 20.26788085187535771, -7.318032916855623959, 50.61303042370089855 ) ) ;
#1310 = CARTESIAN_POINT ( 'NONE',  ( 15.27544805780379100, 7.791644751385903511, 56.16646959253830573 ) ) ;
#1311 = CARTESIAN_POINT ( 'NONE',  ( -0.6606328068969563594, 28.29021137955898624, 49.88311839913016854 ) ) ;
#1312 = CARTESIAN_POINT ( 'NONE',  ( -60.04801111892668075, 57.78003107875405675, 55.22652533857657886 ) ) ;
#1313 = CARTESIAN_POINT ( 'NONE',  ( 4.210988376102731578, 61.76292090911389465, 49.45689041229920235 ) ) ;
#1314 = ORIENTED_EDGE ( 'NONE', *, *, #392, .T. ) ;
#1315 = CARTESIAN_POINT ( 'NONE',  ( 25.16997824103572867, 37.33400588943473508, 58.55501974400583265 ) ) ;
#1316 = CARTESIAN_POINT ( 'NONE',  ( 5.076590434453758682, -50.21823551357389448, 56.86798007615252004 ) ) ;
#1317 = CARTESIAN_POINT ( 'NONE',  ( -32.10985019731960932, 31.56228841558807119, 55.17949497653042101 ) ) ;
#1318 = CARTESIAN_POINT ( 'NONE',  ( -15.34783241465667381, -12.72194186625470635, 50.56491652341140508 ) ) ;
#1319 = CARTESIAN_POINT ( 'NONE',  ( -71.11088282893251744, 44.81315181362884204, 54.59770645642647935 ) ) ;
#1320 = CARTESIAN_POINT ( 'NONE',  ( 58.13047137123136565, 20.83385192030039335, 53.92326174513908654 ) ) ;
#1321 = CARTESIAN_POINT ( 'NONE',  ( -44.79187963699428821, 69.32218403968704479, 52.52168235462700352 ) ) ;
#1322 = ORIENTED_EDGE ( 'NONE', *, *, #2534, .F. ) ;
#1323 = FACE_OUTER_BOUND ( 'NONE', #2881, .T. ) ;
#1324 = CARTESIAN_POINT ( 'NONE',  ( 7.166491090461533986, -21.50262267540089312, 56.30194003778078127 ) ) ;
#1325 = CARTESIAN_POINT ( 'NONE',  ( -17.41198859703473900, 1.759210942721167292, 58.43180116283916448 ) ) ;
#1326 = CARTESIAN_POINT ( 'NONE',  ( -33.98656757052040689, -75.63988005915375368, 54.36838929473730531 ) ) ;
#1327 = ORIENTED_EDGE ( 'NONE', *, *, #2624, .F. ) ;
#1328 = CARTESIAN_POINT ( 'NONE',  ( 22.27167358730268631, -7.892766451779876569, 52.27307501863901962 ) ) ;
#1329 = CARTESIAN_POINT ( 'NONE',  ( -17.41198859703473900, 1.759210942721167292, 58.43180116283916448 ) ) ;
#1330 = ADVANCED_FACE ( 'NONE', ( #998 ), #2073, .T. ) ;
#1331 = CARTESIAN_POINT ( 'NONE',  ( -24.30599764999588785, -14.49099814937368080, 51.46159924297308663 ) ) ;
#1332 = CARTESIAN_POINT ( 'NONE',  ( 9.043329270110087137, -3.801371013890773032, 64.50000000000000000 ) ) ;
#1333 = CARTESIAN_POINT ( 'NONE',  ( 82.49502760841106408, 6.524405532846968114, 54.26153665767156298 ) ) ;
#1334 = CARTESIAN_POINT ( 'NONE',  ( -17.91543965001583416, -15.27006924587695913, 52.26953061190018701 ) ) ;
#1335 = CARTESIAN_POINT ( 'NONE',  ( 23.58894225139576761, -60.49536137488760801, 58.16029019341600304 ) ) ;
#1336 =( NAMED_UNIT ( * ) SI_UNIT ( $, .STERADIAN. ) SOLID_ANGLE_UNIT ( ) );
#1337 = CARTESIAN_POINT ( 'NONE',  ( 4.798022235070117603, -16.83789700833828107, 57.73807286964742502 ) ) ;
#1338 = CARTESIAN_POINT ( 'NONE',  ( 12.40535775290537757, -3.728663002681519512, 64.49999999999998579 ) ) ;
#1339 = CARTESIAN_POINT ( 'NONE',  ( -51.06642116117423313, 3.520361861551673410, 56.94834949069178265 ) ) ;
#1340 = VECTOR ( 'NONE', #1505, 1000.000000000000000 ) ;
#1341 = CARTESIAN_POINT ( 'NONE',  ( 49.10348723822954042, -27.89652317087320199, 51.41654731458072547 ) ) ;
#1342 = CARTESIAN_POINT ( 'NONE',  ( 17.02727071448813945, 2.029083770500418993, 54.47972456792471263 ) ) ;
#1343 = CARTESIAN_POINT ( 'NONE',  ( -4.622801289077752784, 27.91766738271121184, 50.55547155577135499 ) ) ;
#1344 = CARTESIAN_POINT ( 'NONE',  ( -17.37014937834649331, 74.01623045728486261, 52.48547406578757091 ) ) ;
#1345 = CARTESIAN_POINT ( 'NONE',  ( 68.39763863195800297, -27.11283695421238349, 50.48009807287471773 ) ) ;
#1346 = ORIENTED_EDGE ( 'NONE', *, *, #5893, .F. ) ;
#1347 = CARTESIAN_POINT ( 'NONE',  ( 26.39295935858787701, 29.18643836177516704, 57.87967215400536247 ) ) ;
#1348 = CARTESIAN_POINT ( 'NONE',  ( -2.089841104394563942, -16.97703027803658671, 55.82904184155098903 ) ) ;
#1349 = CARTESIAN_POINT ( 'NONE',  ( -16.76993648033762696, 19.13943132817048820, 54.83275960910653168 ) ) ;
#1350 = CARTESIAN_POINT ( 'NONE',  ( -19.16123004859059265, -27.93358041243153167, 51.90419255819287514 ) ) ;
#1351 = CARTESIAN_POINT ( 'NONE',  ( -29.90978316305303863, 15.90157165201618739, 54.94152922733294986 ) ) ;
#1352 = CARTESIAN_POINT ( 'NONE',  ( 72.76734907338752123, 4.436833869202408742, 52.57299127088860047 ) ) ;
#1353 = CARTESIAN_POINT ( 'NONE',  ( 12.52528061535461745, -3.225964898401449510, 64.99999999999998579 ) ) ;
#1354 = ORIENTED_EDGE ( 'NONE', *, *, #3705, .F. ) ;
#1355 = CARTESIAN_POINT ( 'NONE',  ( 4.287830100746195860, -0.9934129852331345933, 64.50000000000000000 ) ) ;
#1356 = CARTESIAN_POINT ( 'NONE',  ( 12.28653264747415186, -49.08511705661695146, 55.95080213228979460 ) ) ;
#1357 = CARTESIAN_POINT ( 'NONE',  ( 7.165275016939951946, 64.21173777744853339, 49.25214573503922821 ) ) ;
#1358 = CARTESIAN_POINT ( 'NONE',  ( -54.22515163985590902, -54.56338667127597120, 52.64960136391687229 ) ) ;
#1359 = VERTEX_POINT ( 'NONE', #5879 ) ;
#1360 = CARTESIAN_POINT ( 'NONE',  ( 20.77996249607788570, -71.80869147368579775, 56.12483541061571657 ) ) ;
#1361 = CARTESIAN_POINT ( 'NONE',  ( 7.386890882897507282, -5.468681656506047872, 64.99999999999998579 ) ) ;
#1362 = CARTESIAN_POINT ( 'NONE',  ( -23.16944763065065160, -16.12410646622342369, 51.79775033233073600 ) ) ;
#1363 = VECTOR ( 'NONE', #5317, 1000.000000000000000 ) ;
#1364 = DIRECTION ( 'NONE',  ( 0.000000000000000000, -0.000000000000000000, 1.000000000000000000 ) ) ;
#1365 = CARTESIAN_POINT ( 'NONE',  ( 62.70355760861880157, 47.51601886090025317, 56.98102748938423190 ) ) ;
#1366 = CARTESIAN_POINT ( 'NONE',  ( -16.03369054893225609, -12.60277492463547944, 52.08551553382710608 ) ) ;
#1367 = DIRECTION ( 'NONE',  ( -0.000000000000000000, 0.000000000000000000, 1.000000000000000000 ) ) ;
#1368 = EDGE_CURVE ( 'NONE', #4063, #524, #96, .T. ) ;
#1369 = SURFACE_STYLE_USAGE ( .BOTH. , #5740 ) ;
#1370 = DIRECTION ( 'NONE',  ( 1.000000000000000000, 0.000000000000000000, 0.000000000000000000 ) ) ;
#1371 = CARTESIAN_POINT ( 'NONE',  ( 17.44378956464034758, 1.417274169509967097, 54.29973272587358224 ) ) ;
#1372 = DIRECTION ( 'NONE',  ( -0.000000000000000000, -0.000000000000000000, -1.000000000000000000 ) ) ;
#1373 = CARTESIAN_POINT ( 'NONE',  ( -69.58894708517237859, 42.40641805350050220, 54.66817531629113347 ) ) ;
#1374 = CARTESIAN_POINT ( 'NONE',  ( 28.25444399475856372, 1.571332377113500600, 54.16090252740754352 ) ) ;
#1375 = B_SPLINE_CURVE_WITH_KNOTS ( 'NONE', 3,
 ( #5355, #2918, #5523, #673, #4875, #4082 ),
 .UNSPECIFIED., .F., .F.,
 ( 4, 2, 4 ),
 ( 0.000000000000000000, 0.5000000000000000000, 1.000000000000000000 ),
 .UNSPECIFIED. ) ;
#1376 = CARTESIAN_POINT ( 'NONE',  ( 5.372613772508666230, 44.56398576898487818, 49.20861852998224606 ) ) ;
#1377 = CARTESIAN_POINT ( 'NONE',  ( -20.36868237829824935, 74.25406239401691266, 52.66304964535667921 ) ) ;
#1378 = CARTESIAN_POINT ( 'NONE',  ( 80.98960391633299594, -4.610549305160058786, 53.61343601611824283 ) ) ;
#1379 = ORIENTED_EDGE ( 'NONE', *, *, #1416, .F. ) ;
#1380 = CARTESIAN_POINT ( 'NONE',  ( 13.29074817231393979, 10.83482251527458651, 57.18016494153856399 ) ) ;
#1381 = CARTESIAN_POINT ( 'NONE',  ( -26.56995366224805366, -79.52293617025706851, 54.84502037062112834 ) ) ;
#1382 = CARTESIAN_POINT ( 'NONE',  ( -13.20546263264830245, 28.14186573164185745, 53.48716689115477863 ) ) ;
#1383 = CARTESIAN_POINT ( 'NONE',  ( -28.68955997717933926, -27.07518321607741640, 50.88791804414665165 ) ) ;
#1384 = EDGE_CURVE ( 'NONE', #368, #1836, #3556, .T. ) ;
#1385 = CARTESIAN_POINT ( 'NONE',  ( -16.95601476060666712, 10.48341582354001211, 54.61635200381209643 ) ) ;
#1386 = CARTESIAN_POINT ( 'NONE',  ( 83.78151991555353106, -6.752607898461328695, 51.89748237608343828 ) ) ;
#1387 = CARTESIAN_POINT ( 'NONE',  ( 10.72687256869491179, -7.017771959592108644, 64.50000000000000000 ) ) ;
#1388 = ORIENTED_EDGE ( 'NONE', *, *, #5269, .F. ) ;
#1389 = CARTESIAN_POINT ( 'NONE',  ( 81.97489131561039244, 0.3985275385848523477, 52.30535316567505788 ) ) ;
#1390 = CARTESIAN_POINT ( 'NONE',  ( -17.44927743574883294, 1.339733934191721820, 56.88821916845706994 ) ) ;
#1391 = CARTESIAN_POINT ( 'NONE',  ( 10.15023436404381840, -20.33116676039067983, 56.97591906942501794 ) ) ;
#1392 = LINE ( 'NONE', #3717, #65 ) ;
#1393 = CARTESIAN_POINT ( 'NONE',  ( -46.10373940964487360, -66.16738504122930919, 53.47911047773685311 ) ) ;
#1394 = VERTEX_POINT ( 'NONE', #2867 ) ;
#1395 = CARTESIAN_POINT ( 'NONE',  ( 6.567317280233374355, -1.568372921130570363, 64.50000000000000000 ) ) ;
#1396 = CARTESIAN_POINT ( 'NONE',  ( 6.620876959175419074, -3.073713628717190005, 64.99999999999997158 ) ) ;
#1397 = CARTESIAN_POINT ( 'NONE',  ( -59.52432326509773475, -41.77547273801834393, 51.80690832098274967 ) ) ;
#1398 = AXIS2_PLACEMENT_3D ( 'NONE', #847, #3811, #4296 ) ;
#1399 = CARTESIAN_POINT ( 'NONE',  ( -20.88199722698031735, -18.63761395627021145, 52.37419204155471419 ) ) ;
#1400 = CARTESIAN_POINT ( 'NONE',  ( 9.869946923284368623, -4.594965054110169866, 64.50000000000000000 ) ) ;
#1401 = CARTESIAN_POINT ( 'NONE',  ( -18.30899543736347468, -15.77233012788599531, 52.29416283636072649 ) ) ;
#1402 = CARTESIAN_POINT ( 'NONE',  ( 15.78584838506212584, -28.11094033343307075, 58.83444628372926388 ) ) ;
#1403 = CARTESIAN_POINT ( 'NONE',  ( 11.36154015399419315, -20.53710385449135956, 57.18055883981502063 ) ) ;
#1404 = CARTESIAN_POINT ( 'NONE',  ( 0.000000000000000000, 0.000000000000000000, 65.00000000000000000 ) ) ;
#1405 = CARTESIAN_POINT ( 'NONE',  ( 17.45032739040194159, 1.334066788565046791, 54.27696379100260060 ) ) ;
#1406 = EDGE_CURVE ( 'NONE', #2328, #4063, #5626, .T. ) ;
#1407 = CARTESIAN_POINT ( 'NONE',  ( 18.11306463688340429, -7.186086889379221354, 50.46035257284535192 ) ) ;
#1408 = PLANE ( 'NONE',  #529 ) ;
#1409 = CARTESIAN_POINT ( 'NONE',  ( 42.42723116800897287, 15.07081401515123886, 55.51685792969207256 ) ) ;
#1410 = CARTESIAN_POINT ( 'NONE',  ( 1.171739301128424504, 25.48075396899812617, 49.55150755271221641 ) ) ;
#1411 = CARTESIAN_POINT ( 'NONE',  ( -69.02903782255802412, 43.62735290039515945, 56.19339453665822504 ) ) ;
#1412 = CARTESIAN_POINT ( 'NONE',  ( 77.62213460315537361, -13.86097689940243782, 51.43838967176840526 ) ) ;
#1413 = ORIENTED_EDGE ( 'NONE', *, *, #5006, .F. ) ;
#1414 = CARTESIAN_POINT ( 'NONE',  ( 30.10644684384892500, 33.32687338563138013, 57.88054891585904471 ) ) ;
#1415 = CARTESIAN_POINT ( 'NONE',  ( -9.892843277860160711, -23.51390262727245073, 54.49541342569286684 ) ) ;
#1416 = EDGE_CURVE ( 'NONE', #5633, #2720, #4173, .T. ) ;
#1417 = CARTESIAN_POINT ( 'NONE',  ( -9.125870327653395009, 23.82165049987470695, 53.14442779738309497 ) ) ;
#1418 = CARTESIAN_POINT ( 'NONE',  ( -15.17024290236152062, -7.989027966067563824, 49.56770595190415207 ) ) ;
#1419 = CARTESIAN_POINT ( 'NONE',  ( -40.72616026338382511, 29.81625515412977734, 54.26224708807917096 ) ) ;
#1420 = CARTESIAN_POINT ( 'NONE',  ( 33.49967725838261856, -5.015419583179317797, 51.56612736486332693 ) ) ;
#1421 = CARTESIAN_POINT ( 'NONE',  ( 9.194955531208687916, -6.774883972373877405, 64.49999999999998579 ) ) ;
#1422 = VERTEX_POINT ( 'NONE', #573 ) ;
#1423 = CARTESIAN_POINT ( 'NONE',  ( 75.86919392947885399, -17.19909420882402884, 51.21767649740151285 ) ) ;
#1424 = EDGE_CURVE ( 'NONE', #5027, #2973, #4975, .T. ) ;
#1425 = CARTESIAN_POINT ( 'NONE',  ( -17.10253077938480004, 0.1784215068913436175, 58.86410571301635741 ) ) ;
#1426 = CARTESIAN_POINT ( 'NONE',  ( 1.342251925830503456, -39.42666843373419994, 54.93900912502151357 ) ) ;
#1427 = CARTESIAN_POINT ( 'NONE',  ( -35.67029007129259810, -27.52959116976231613, 50.41334836933680208 ) ) ;
#1428 = CARTESIAN_POINT ( 'NONE',  ( -57.08746891665055045, -47.68106682443396949, 52.20731486829981094 ) ) ;
#1429 = EDGE_LOOP ( 'NONE', ( #773, #2815, #1805, #4573 ) ) ;
#1430 = CARTESIAN_POINT ( 'NONE',  ( 27.61807594452599091, 35.55876368979458846, 56.62671814206787957 ) ) ;
#1431 = VERTEX_POINT ( 'NONE', #3982 ) ;
#1432 = CARTESIAN_POINT ( 'NONE',  ( 44.33117651466398002, -20.34147496592695958, 51.83309198177946797 ) ) ;
#1433 = CARTESIAN_POINT ( 'NONE',  ( 49.50360239441251053, 54.68501408157781185, 57.87242576151191287 ) ) ;
#1434 = CARTESIAN_POINT ( 'NONE',  ( -0.5271204484098568344, 56.47220689539584981, 49.82219913490505547 ) ) ;
#1435 = CARTESIAN_POINT ( 'NONE',  ( 56.80088558306164259, 51.36544474754115441, 57.39524675482572746 ) ) ;
#1436 = CARTESIAN_POINT ( 'NONE',  ( -20.07920248251313566, -17.79152043864790045, 52.35743326618873539 ) ) ;
#1437 = LINE ( 'NONE', #507, #5762 ) ;
#1438 = CARTESIAN_POINT ( 'NONE',  ( -72.44555310056216513, 31.00700822416241920, 56.95381147511498199 ) ) ;
#1439 = CARTESIAN_POINT ( 'NONE',  ( -6.248255044429212646, 42.47127010092997779, 52.08537612304192521 ) ) ;
#1440 = CARTESIAN_POINT ( 'NONE',  ( 12.16990731948675908, -4.114788652973519589, 64.49999999999998579 ) ) ;
#1441 = CARTESIAN_POINT ( 'NONE',  ( 14.75823501538300242, -3.770835212507497314, 64.99999999999998579 ) ) ;
#1442 = UNCERTAINTY_MEASURE_WITH_UNIT (LENGTH_MEASURE( 1.000000000000000082E-05 ), #3428, 'distance_accuracy_value', 'NONE');
#1443 = CARTESIAN_POINT ( 'NONE',  ( 8.846804459720553737, 6.007869066048916018, 65.00000000000000000 ) ) ;
#1444 = CARTESIAN_POINT ( 'NONE',  ( 22.66292895196923141, -0.3976940833132350805, 53.81739330661859810 ) ) ;
#1445 = CARTESIAN_POINT ( 'NONE',  ( -9.025237434136515802, 14.99489410093997499, 53.99959193667061896 ) ) ;
#1446 = CARTESIAN_POINT ( 'NONE',  ( -46.35049558603887476, 68.47570698225797514, 54.22584806429716764 ) ) ;
#1447 = CARTESIAN_POINT ( 'NONE',  ( 71.71504704369480976, -23.40447000730576121, 50.77722547035640588 ) ) ;
#1448 = VERTEX_POINT ( 'NONE', #3410 ) ;
#1449 = CARTESIAN_POINT ( 'NONE',  ( 31.17233112925925909, 39.85758143018944111, 58.21875669524985142 ) ) ;
#1450 = CARTESIAN_POINT ( 'NONE',  ( -26.39604715408891522, 55.82526876456681464, 53.49424480195028053 ) ) ;
#1451 = CARTESIAN_POINT ( 'NONE',  ( -71.97651221051589232, -43.40867938128781134, 49.87265873945126771 ) ) ;
#1452 = CARTESIAN_POINT ( 'NONE',  ( -58.64314159402196935, 43.00343878302911804, 54.26045869220656215 ) ) ;
#1453 = ADVANCED_FACE ( 'NONE', ( #5929 ), #1559, .F. ) ;
#1454 = CARTESIAN_POINT ( 'NONE',  ( 19.88445564260713283, -1.429191221166137726, 51.91677028638785885 ) ) ;
#1455 = CARTESIAN_POINT ( 'NONE',  ( 6.885202384193852332, -4.525134622505664339, 64.50000000000001421 ) ) ;
#1456 = EDGE_LOOP ( 'NONE', ( #1104, #1413, #3813, #3154 ) ) ;
#1457 = CARTESIAN_POINT ( 'NONE',  ( 78.06606452543240948, 28.43098653841635226, 53.94913993833711174 ) ) ;
#1458 = CARTESIAN_POINT ( 'NONE',  ( -17.09391637123763275, 1.376144146891547404, 58.52981589680160113 ) ) ;
#1459 = CARTESIAN_POINT ( 'NONE',  ( 0.8130227177348973155, -19.91947853400193225, 54.95398453882496881 ) ) ;
#1460 = CARTESIAN_POINT ( 'NONE',  ( 7.564406416504738218, -15.78137907820295283, 56.88822207353589278 ) ) ;
#1461 = CARTESIAN_POINT ( 'NONE',  ( -58.85840112662468471, -40.66220256516949405, 51.77167629170460117 ) ) ;
#1462 = CARTESIAN_POINT ( 'NONE',  ( 30.61060018206568500, 53.44989814891638957, 57.29692743048249781 ) ) ;
#1463 = ORIENTED_EDGE ( 'NONE', *, *, #3822, .T. ) ;
#1464 = CARTESIAN_POINT ( 'NONE',  ( 48.06920911570601618, -25.95570552719319934, 51.52279789478004091 ) ) ;
#1465 = DIRECTION ( 'NONE',  ( -0.000000000000000000, -0.000000000000000000, 1.000000000000000000 ) ) ;
#1466 = CARTESIAN_POINT ( 'NONE',  ( 5.433300338733303647, 62.86194716055251774, 49.36997746265574705 ) ) ;
#1467 = CARTESIAN_POINT ( 'NONE',  ( 9.776669176614387169, -6.932939019343873355, 64.99999999999998579 ) ) ;
#1468 = CARTESIAN_POINT ( 'NONE',  ( 8.889906364889043289, -3.160810373101166970, 64.50000000000000000 ) ) ;
#1469 = CARTESIAN_POINT ( 'NONE',  ( 52.02635862794573285, -38.31117907849575488, 49.25214573503922821 ) ) ;
#1470 = CARTESIAN_POINT ( 'NONE',  ( 11.82341985968377074, -21.73590250843669480, 58.77637507711369125 ) ) ;
#1471 = AXIS2_PLACEMENT_3D ( 'NONE', #6246, #1301, #1364 ) ;
#1472 = CARTESIAN_POINT ( 'NONE',  ( -22.94607436929734234, 74.33316999666048730, 52.81467021169279974 ) ) ;
#1473 = CARTESIAN_POINT ( 'NONE',  ( -2.762580887418218722, -17.31179076006748474, 55.65663770768058782 ) ) ;
#1474 = VECTOR ( 'NONE', #1897, 1000.000000000000000 ) ;
#1475 = CARTESIAN_POINT ( 'NONE',  ( 16.39717818975828934, -6.117941990267045327, 52.20747522000103658 ) ) ;
#1476 = CARTESIAN_POINT ( 'NONE',  ( 20.26788085187535771, -7.318032916855623959, 50.61303042370089855 ) ) ;
#1477 = CARTESIAN_POINT ( 'NONE',  ( -72.13207580981477918, 15.42782443265343417, 56.27576660695997646 ) ) ;
#1478 = CARTESIAN_POINT ( 'NONE',  ( 21.92946354220253369, 5.952756934845893078, 55.16718322803883723 ) ) ;
#1479 = CARTESIAN_POINT ( 'NONE',  ( -8.279456534104975063, 15.42246655176932180, 53.76503249816905594 ) ) ;
#1480 = CARTESIAN_POINT ( 'NONE',  ( 44.88238825882157101, 52.95917517312639688, 56.42265605877345536 ) ) ;
#1481 = CARTESIAN_POINT ( 'NONE',  ( 75.42882552790936757, 33.31676883943777767, 55.87053817636166997 ) ) ;
#1482 = CARTESIAN_POINT ( 'NONE',  ( -24.74773748183428879, 37.61338785928512607, 54.16723746880654033 ) ) ;
#1483 = CARTESIAN_POINT ( 'NONE',  ( -41.25091954385858628, -29.08632294569723342, 50.21207989612543088 ) ) ;
#1484 = CARTESIAN_POINT ( 'NONE',  ( -22.49799767202612344, 25.21020581634427060, 53.25431728757332195 ) ) ;
#1485 = CARTESIAN_POINT ( 'NONE',  ( 50.50392207419796620, 3.119727139879972189, 52.57508301659921557 ) ) ;
#1486 = VECTOR ( 'NONE', #2536, 1000.000000000000000 ) ;
#1487 = CARTESIAN_POINT ( 'NONE',  ( 7.386890882897507282, -5.468681656506047872, 64.49999999999998579 ) ) ;
#1488 = ORIENTED_EDGE ( 'NONE', *, *, #3554, .F. ) ;
#1489 = CARTESIAN_POINT ( 'NONE',  ( 63.51026699897392547, 46.92898992842393113, 55.32026332454689310 ) ) ;
#1490 = CARTESIAN_POINT ( 'NONE',  ( -33.02859771430776448, 7.125590909933987582, 57.87722629356713355 ) ) ;
#1491 = CARTESIAN_POINT ( 'NONE',  ( 1.027166366111681661, -28.28010496922827954, 54.94442675994198311 ) ) ;
#1492 = ADVANCED_FACE ( 'NONE', ( #4887 ), #5491, .T. ) ;
#1493 = DIRECTION ( 'NONE',  ( 0.000000000000000000, -1.000000000000000000, 0.000000000000000000 ) ) ;
#1494 = FACE_OUTER_BOUND ( 'NONE', #750, .T. ) ;
#1495 = VERTEX_POINT ( 'NONE', #2603 ) ;
#1496 = CARTESIAN_POINT ( 'NONE',  ( 38.17342506783896283, -14.43833737367634207, 52.16164362712611080 ) ) ;
#1497 = CARTESIAN_POINT ( 'NONE',  ( -50.88895921718859938, -60.22986007706716549, 53.03546304260243005 ) ) ;
#1498 = CARTESIAN_POINT ( 'NONE',  ( 8.947445293103257313, -3.501555333104967804, 64.50000000000000000 ) ) ;
#1499 = CARTESIAN_POINT ( 'NONE',  ( -32.37466484878794404, -26.16217921085853959, 52.13331505736608307 ) ) ;
#1500 = CARTESIAN_POINT ( 'NONE',  ( 13.12740820959659338, -23.64977672150110521, 58.81481318196955499 ) ) ;
#1501 = DIRECTION ( 'NONE',  ( 0.000000000000000000, 0.000000000000000000, -1.000000000000000000 ) ) ;
#1502 = CARTESIAN_POINT ( 'NONE',  ( 0.000000000000000000, 0.000000000000000000, 0.000000000000000000 ) ) ;
#1503 = CARTESIAN_POINT ( 'NONE',  ( 17.14386334250176347, -3.530080636848211384, 52.94290238045645225 ) ) ;
#1504 = EDGE_CURVE ( 'NONE', #501, #2495, #2424, .T. ) ;
#1505 = DIRECTION ( 'NONE',  ( 1.000000000000000000, 0.000000000000000000, 0.000000000000000000 ) ) ;
#1506 = CARTESIAN_POINT ( 'NONE',  ( 12.59167625459235040, -1.952527568566468030, 64.50000000000000000 ) ) ;
#1507 = CARTESIAN_POINT ( 'NONE',  ( 16.91567071261757960, -2.809307794848874718, 53.12862963349720502 ) ) ;
#1508 = CARTESIAN_POINT ( 'NONE',  ( -9.385874112893354493, 14.77210207104537609, 54.11524240333202584 ) ) ;
#1509 = CARTESIAN_POINT ( 'NONE',  ( -72.89142495353151219, 24.05435800655635958, 57.36301114600966855 ) ) ;
#1510 = CARTESIAN_POINT ( 'NONE',  ( 43.73762264812979339, 52.26969125665338112, 58.05863991508203270 ) ) ;
#1511 = CARTESIAN_POINT ( 'NONE',  ( -10.15305869673116668, 26.41337124980733719, 53.14737608129143354 ) ) ;
#1512 = CARTESIAN_POINT ( 'NONE',  ( -20.16184228841611770, -10.47381977014803311, 49.55456400886723856 ) ) ;
#1513 = CARTESIAN_POINT ( 'NONE',  ( -28.25074558501482613, 27.53419869038429724, 53.58913800686033824 ) ) ;
#1514 = CARTESIAN_POINT ( 'NONE',  ( 19.13477168077380952, -5.587604696323954734, 50.90255659793981380 ) ) ;
#1515 = CARTESIAN_POINT ( 'NONE',  ( 13.24069999708105172, -6.268731422423846844, 64.49999999999998579 ) ) ;
#1516 = ORIENTED_EDGE ( 'NONE', *, *, #4682, .T. ) ;
#1517 = CARTESIAN_POINT ( 'NONE',  ( 69.25439726188662348, -26.20719099604320945, 50.55469448342671512 ) ) ;
#1518 = CARTESIAN_POINT ( 'NONE',  ( 12.58689296528439527, -71.80762081145176978, 55.61075304925470419 ) ) ;
#1519 = B_SPLINE_SURFACE_WITH_KNOTS ( 'NONE', 3, 3, ( 
 ( #1425, #43, #1900, #912, #1006, #1546, #4901, #2883, #5887, #2945, #1962, #429, #3393 ),
 ( #1458, #2372, #5383, #1993, #3844, #5916, #2916, #3876, #3485, #4873, #526, #4841, #3454 ),
 ( #4328, #2467, #6270, #4423, #462, #1037, #2975, #3907, #5795, #976, #5826, #495, #2405 ),
 ( #72, #4360, #2437, #4391, #12, #5858, #1490, #2023, #3425, #711, #1576, #2654, #3516 ),
 ( #4123, #2622, #2083, #3607, #2054, #4029, #5056, #4514, #132, #3094, #2560, #4089, #104 ),
 ( #5500, #3064, #6036, #5471, #1160, #3544, #1100, #2113, #4545, #4575, #5562, #1702, #1193 ),
 ( #3035, #2591, #1127, #5023, #4608, #5085, #3125, #4059, #4991, #5976, #4000, #2142, #192 ),
 ( #223, #2526, #619, #1605, #6007, #1669, #2175, #6069, #5438, #1067, #1635, #3005, #4961 ),
 ( #589, #4484, #5948, #651, #164, #3576, #5529, #680, #5212, #1733, #5687, #3157, #3291 ),
 ( #5720, #356, #255, #2300, #872, #2235, #4219, #4285, #839, #6231, #5246, #2810, #776 ),
 ( #4673, #3643, #6199, #4254, #2715, #744, #1289, #287, #3192, #3675, #1762, #2206, #4771 ),
 ( #388, #2776, #2331, #5628, #1825, #5595, #3770, #1223, #1317, #4154, #6100, #5117, #2683 ),
 ( #4641, #3223, #1257, #1349, #5180, #807, #6166, #4740, #5147, #4187, #6132, #3709, #5657 ),
 ( #2745, #4705, #319, #2265, #1793, #3738, #3255, #4447, #3447, #2909, #5788, #1924, #4834 ),
 ( #3869, #5850, #2364, #999, #2842, #1858, #1954, #2488, #1482, #4321, #519, #3899, #4865 ),
 ( #4353, #454, #2397, #3802, #5, #2938, #4802, #551, #5819, #4923, #6263, #5753, #3418 ),
 ( #5403, #1893, #1029, #3836, #5281, #1382, #5376, #6296, #34, #422, #1450, #4894, #938 ),
 ( #2460, #5312, #4416, #1417, #1511, #3386, #5345, #1985, #3356, #3930, #969, #2876, #488 ),
 ( #5880, #2968, #3323, #905, #2429, #4384, #3535, #124, #4021, #5553, #6028, #2133, #5015 ),
 ( #1090, #4953, #3086, #3567, #1659, #184, #3477, #2519, #4477, #3055, #1119, #3993, #2074 ),
 ( #702, #5967, #4051, #582, #5521, #1059, #64, #156, #2644, #5998, #97, #5046, #2104 ),
 ( #2551, #3027, #611, #2016, #4535, #1150, #2996, #5076, #1596, #3116, #2047, #3961, #1627 ),
 ( #3598, #5939, #1182, #1569, #5431, #5909, #671, #4983, #4567, #3507, #4506, #2613, #5462 ),
 ( #4080, #5492, #1538, #642, #2583, #4664, #2225, #3245, #735, #309, #2706, #245, #1280 ),
 ( #3729, #4729, #861, #2767, #1308, #2674, #1753, #277, #4178, #3761, #4244, #344, #3212 ) ),
 .UNSPECIFIED., .F., .F., .F.,
 ( 4, 3, 3, 3, 3, 3, 3, 3, 4 ),
 ( 4, 3, 3, 3, 4 ),
 ( -0.06556304563082938908, 0.08647668652357537455, 0.2385164186779801243, 0.3905561508323848741, 0.5425958829867896238, 0.6946356151411943181, 0.8466753472955991233, 0.9987150794500039286, 1.150754811604408623 ),
 ( -0.005864202508118646767, 0.1177285902129042161, 0.2413213829339270755, 0.4885069683759727943, 0.9828781392600642874 ),
 .UNSPECIFIED. ) ;
#1520 = CARTESIAN_POINT ( 'NONE',  ( 2.229873880464236180, -80.56142355217056661, 56.51683134961557187 ) ) ;
#1521 = CARTESIAN_POINT ( 'NONE',  ( 26.35239964476401298, 16.48989008086278929, 54.94278927848866090 ) ) ;
#1522 = VERTEX_POINT ( 'NONE', #1744 ) ;
#1523 = CARTESIAN_POINT ( 'NONE',  ( 43.58385535578486270, -19.45425350027470301, 51.88263760716174744 ) ) ;
#1524 = CARTESIAN_POINT ( 'NONE',  ( -31.11890846979236258, -13.10751963255819774, 50.79753380747077784 ) ) ;
#1525 = CARTESIAN_POINT ( 'NONE',  ( 10.72687256869491179, -7.017771959592108644, 65.00000000000000000 ) ) ;
#1526 = CARTESIAN_POINT ( 'NONE',  ( -46.47624115879387574, -28.65249679900141189, 51.52456907232291883 ) ) ;
#1527 = CARTESIAN_POINT ( 'NONE',  ( -66.30164881487101525, 11.18078887642968233, 58.08787893572130656 ) ) ;
#1528 = CARTESIAN_POINT ( 'NONE',  ( -71.67927804243110756, 35.33238988402525393, 56.69781885574521851 ) ) ;
#1529 = DIRECTION ( 'NONE',  ( 0.000000000000000000, -0.000000000000000000, -1.000000000000000000 ) ) ;
#1530 = CARTESIAN_POINT ( 'NONE',  ( 17.41550836374066336, -1.730440770674792406, 53.43970602761530131 ) ) ;
#1531 = CARTESIAN_POINT ( 'NONE',  ( -11.13871658570494816, -60.73820370727482043, 55.51926518200860272 ) ) ;
#1532 = CARTESIAN_POINT ( 'NONE',  ( 14.28412197710145648, -24.34419396763122023, 57.30465367023892043 ) ) ;
#1533 = CARTESIAN_POINT ( 'NONE',  ( 12.10488358115163976, 20.10793432672166858, 57.18055883981502063 ) ) ;
#1534 = CARTESIAN_POINT ( 'NONE',  ( 19.85483146352742878, -1.794352557607372889, 53.47593004116806981 ) ) ;
#1535 = CARTESIAN_POINT ( 'NONE',  ( -7.183732083990871153, 15.95896830245045805, 53.43209631701583362 ) ) ;
#1536 = CARTESIAN_POINT ( 'NONE',  ( 12.37619693283539846, 19.94234311099610224, 58.74873826470501825 ) ) ;
#1537 = CARTESIAN_POINT ( 'NONE',  ( 40.59604863607444258, 50.67630392555680885, 58.16029019341600304 ) ) ;
#1538 = CARTESIAN_POINT ( 'NONE',  ( 1.336355442823578432, 22.68054371928808521, 51.12138910476330267 ) ) ;
#1539 = CARTESIAN_POINT ( 'NONE',  ( -59.46512416630078235, -41.85969743256075049, 50.21017860522554344 ) ) ;
#1540 = CARTESIAN_POINT ( 'NONE',  ( -52.12218993198760586, 50.97076292245858298, 53.58547128382343772 ) ) ;
#1541 = CARTESIAN_POINT ( 'NONE',  ( 29.69992747749301643, -16.28858473541617613, 49.88009811877959976 ) ) ;
#1542 = VECTOR ( 'NONE', #4810, 1000.000000000000000 ) ;
#1543 = CARTESIAN_POINT ( 'NONE',  ( 12.88921374852287194, -6.506544674056476296, 64.50000000000000000 ) ) ;
#1544 = ORIENTED_EDGE ( 'NONE', *, *, #2854, .F. ) ;
#1545 = CARTESIAN_POINT ( 'NONE',  ( 7.730723841556244480, -24.24334115519441823, 57.87153427782239135 ) ) ;
#1546 = CARTESIAN_POINT ( 'NONE',  ( -31.00615970573175062, 0.04656757364494196194, 58.88488203381649555 ) ) ;
#1547 = CARTESIAN_POINT ( 'NONE',  ( -2.964033262256633883, -28.07145606459840792, 54.26935867288253235 ) ) ;
#1548 = CARTESIAN_POINT ( 'NONE',  ( -21.83885876167548545, -80.46928199137197169, 55.11930583807417605 ) ) ;
#1549 = CARTESIAN_POINT ( 'NONE',  ( 38.76861830359233352, 32.51694996892179290, 55.61288299626720288 ) ) ;
#1550 = ORIENTED_EDGE ( 'NONE', *, *, #4619, .T. ) ;
#1551 = CARTESIAN_POINT ( 'NONE',  ( 34.49672577264631457, -12.04656476454001535, 52.28553778290667964 ) ) ;
#1552 = CARTESIAN_POINT ( 'NONE',  ( -6.215838246725921223, 28.42230500678295613, 50.80005238213874463 ) ) ;
#1553 = LINE ( 'NONE', #2924, #2374 ) ;
#1554 = DIRECTION ( 'NONE',  ( -0.000000000000000000, -0.000000000000000000, 1.000000000000000000 ) ) ;
#1555 = CARTESIAN_POINT ( 'NONE',  ( -52.05719921508964632, -28.02379109700987669, 51.24455409704542319 ) ) ;
#1556 = CARTESIAN_POINT ( 'NONE',  ( -53.58575726234544589, 4.624997442335134323, 58.47537150000579942 ) ) ;
#1557 = CARTESIAN_POINT ( 'NONE',  ( -57.00050119750029154, 60.89720007971142479, 54.97687959853782047 ) ) ;
#1558 = CARTESIAN_POINT ( 'NONE',  ( -0.2268604123479071588, -17.49980981608518249, 56.35060345019368100 ) ) ;
#1559 = PLANE ( 'NONE',  #5851 ) ;
#1560 = CARTESIAN_POINT ( 'NONE',  ( -5.135158134454957057, -19.26280014719802125, 55.16342442864925033 ) ) ;
#1561 = DIRECTION ( 'NONE',  ( 0.000000000000000000, -1.000000000000000000, 0.000000000000000000 ) ) ;
#1562 = DIRECTION ( 'NONE',  ( 0.000000000000000000, -1.000000000000000000, 0.000000000000000000 ) ) ;
#1563 = EDGE_CURVE ( 'NONE', #2949, #2973, #4070, .T. ) ;
#1564 = CARTESIAN_POINT ( 'NONE',  ( 25.41491349840620018, -2.210237289555179618, 53.48260203689684289 ) ) ;
#1565 = DIRECTION ( 'NONE',  ( -1.000000000000000000, 0.000000000000000000, 0.000000000000000000 ) ) ;
#1566 = VERTEX_POINT ( 'NONE', #4558 ) ;
#1567 = CARTESIAN_POINT ( 'NONE',  ( 18.80630896328882784, 31.72423430007884093, 57.21880190656658272 ) ) ;
#1568 = CARTESIAN_POINT ( 'NONE',  ( 47.19225831839364815, 53.80680656095979941, 57.94699764050198354 ) ) ;
#1569 = CARTESIAN_POINT ( 'NONE',  ( -0.3294149083811483969, 25.50809863337573091, 51.45872741243670845 ) ) ;
#1570 = DIRECTION ( 'NONE',  ( 0.000000000000000000, 1.000000000000000000, 0.000000000000000000 ) ) ;
#1571 = CARTESIAN_POINT ( 'NONE',  ( -12.40169091109779487, 11.84320273197291229, 53.61327315669729643 ) ) ;
#1572 = CARTESIAN_POINT ( 'NONE',  ( 68.14262090533568994, -25.90912020745092548, 50.54715903345159944 ) ) ;
#1573 = CARTESIAN_POINT ( 'NONE',  ( 8.947445293103257313, -3.501555333104967804, 65.00000000000000000 ) ) ;
#1574 = ORIENTED_EDGE ( 'NONE', *, *, #2962, .F. ) ;
#1575 = CARTESIAN_POINT ( 'NONE',  ( 9.821842302627260324, -17.28852076118979397, 58.87329893721378937 ) ) ;
#1576 = CARTESIAN_POINT ( 'NONE',  ( -60.24124702395289432, 12.85286489065668647, 57.88256575832706829 ) ) ;
#1577 = CARTESIAN_POINT ( 'NONE',  ( -11.02259066395262010, -60.75939090160055400, 53.92326174513908654 ) ) ;
#1578 = CARTESIAN_POINT ( 'NONE',  ( -24.24584415182069819, -79.81001338813234725, 54.97642388728947793 ) ) ;
#1579 = CARTESIAN_POINT ( 'NONE',  ( 21.62237891778820753, 18.25473249539547282, 55.62034554850671952 ) ) ;
#1580 = ORIENTED_EDGE ( 'NONE', *, *, #2118, .F. ) ;
#1581 = CARTESIAN_POINT ( 'NONE',  ( 13.56965427644429845, -5.987592453357337696, 65.00000000000000000 ) ) ;
#1582 = CARTESIAN_POINT ( 'NONE',  ( -59.19163364488523627, -25.90055869895259733, 49.25214573503922821 ) ) ;
#1583 = CARTESIAN_POINT ( 'NONE',  ( -46.40617280511091280, -28.65466756304562423, 51.52795150656299938 ) ) ;
#1584 = CARTESIAN_POINT ( 'NONE',  ( -54.71144113730137803, 5.067034771987604103, 58.44538197496515153 ) ) ;
#1585 = DIRECTION ( 'NONE',  ( 1.000000000000000000, 0.000000000000000000, 0.000000000000000000 ) ) ;
#1586 = B_SPLINE_CURVE_WITH_KNOTS ( 'NONE', 1,
 ( #3751, #1433 ),
 .UNSPECIFIED., .F., .F.,
 ( 2, 2 ),
 ( 0.000000000000000000, 1.000000000000000000 ),
 .UNSPECIFIED. ) ;
#1587 = CARTESIAN_POINT ( 'NONE',  ( 16.79325673181537226, -4.931981974426307147, 52.54861500484249603 ) ) ;
#1588 = CARTESIAN_POINT ( 'NONE',  ( -15.41477245277283359, -59.79629957758172765, 55.18183336571267006 ) ) ;
#1589 = CARTESIAN_POINT ( 'NONE',  ( 4.287830100746195860, -6.692130933951083271, 64.50000000000000000 ) ) ;
#1590 = CARTESIAN_POINT ( 'NONE',  ( 21.79491090510755669, 35.53995800071702149, 57.14906752735086570 ) ) ;
#1591 = CARTESIAN_POINT ( 'NONE',  ( 26.39464790825068974, -10.20244165883526222, 52.13390142168838537 ) ) ;
#1592 = CARTESIAN_POINT ( 'NONE',  ( -2.101848491075100078, 17.39052296065731795, 51.98674131831346301 ) ) ;
#1593 = CARTESIAN_POINT ( 'NONE',  ( -72.48199589662816322, 30.70119939116929331, 56.97181792217681107 ) ) ;
#1594 = CARTESIAN_POINT ( 'NONE',  ( 58.43550988112661315, 50.52298659493924760, 55.68417706662734190 ) ) ;
#1595 = ADVANCED_FACE ( 'NONE', ( #2154 ), #1058, .T. ) ;
#1596 = CARTESIAN_POINT ( 'NONE',  ( -3.911296446985301767, 44.74198631116893665, 51.80420806030695502 ) ) ;
#1597 = AXIS2_PLACEMENT_3D ( 'NONE', #5772, #2761, #3308 ) ;
#1598 = CARTESIAN_POINT ( 'NONE',  ( -51.05585196048513552, 3.668124437369951085, 58.54148984474308293 ) ) ;
#1599 = CARTESIAN_POINT ( 'NONE',  ( -14.45806937002182835, 9.862797335676802390, 56.05411230053866234 ) ) ;
#1600 = CARTESIAN_POINT ( 'NONE',  ( -10.61293269072444545, 13.46891987371768451, 52.93863142792627485 ) ) ;
#1601 = CARTESIAN_POINT ( 'NONE',  ( 47.30986673331693737, -17.94759857575269280, 50.54865577848809721 ) ) ;
#1602 = CARTESIAN_POINT ( 'NONE',  ( 14.82427777033161043, -3.179335567655508843, 64.50000000000001421 ) ) ;
#1603 = ORIENTED_EDGE ( 'NONE', *, *, #1187, .T. ) ;
#1604 = CARTESIAN_POINT ( 'NONE',  ( 18.98971600525893066, -58.59688272372519435, 57.88256575832706829 ) ) ;
#1605 = CARTESIAN_POINT ( 'NONE',  ( -22.41527558972327583, 12.18087026760495029, 56.51987023515229680 ) ) ;
#1606 = CARTESIAN_POINT ( 'NONE',  ( -23.56416163149691201, -57.07843253270935691, 52.91091791998442773 ) ) ;
#1607 = CARTESIAN_POINT ( 'NONE',  ( -4.653148943581495445, -81.73701591796275068, 56.11315349747799530 ) ) ;
#1608 = CARTESIAN_POINT ( 'NONE',  ( 56.05851242766630094, 62.34799953721057619, 56.28543599487409210 ) ) ;
#1609 = ADVANCED_FACE ( 'NONE', ( #5225 ), #5294, .T. ) ;
#1610 = ORIENTED_EDGE ( 'NONE', *, *, #4972, .F. ) ;
#1611 = CARTESIAN_POINT ( 'NONE',  ( -53.44385995077186635, -56.01461264155517483, 51.14420167295647701 ) ) ;
#1612 = CARTESIAN_POINT ( 'NONE',  ( -7.393836832826815808, -15.86284628883217351, 54.33009046929159780 ) ) ;
#1613 = CARTESIAN_POINT ( 'NONE',  ( -55.12365146932318538, -27.28150391563071864, 51.08093570455623933 ) ) ;
#1614 = CARTESIAN_POINT ( 'NONE',  ( -46.30111923068961488, -28.65776435148717383, 51.53301923720525934 ) ) ;
#1615 = CARTESIAN_POINT ( 'NONE',  ( -39.28272178909063683, 0.9588217908895885211, 58.77214941602779419 ) ) ;
#1616 = B_SPLINE_SURFACE_WITH_KNOTS ( 'NONE', 1, 3, ( 
 ( #4504, #3053, #5878, #62, #122, #2072, #5400, #4382, #1056, #2, #1950, #5907, #2965, #5459, #3897, #1536, #4951, #579, #32, #3928 ),
 ( #4474, #5847, #1480, #3504, #95, #4445, #2045, #3415, #5374, #997, #5937, #1567, #2936, #4919, #547, #517, #1088, #2486, #2456, #1983 ) ),
 .UNSPECIFIED., .F., .F., .F.,
 ( 2, 2 ),
 ( 4, 2, 2, 2, 2, 2, 2, 2, 2, 4 ),
 ( 0.000000000000000000, 1.000000000000000000 ),
 ( 0.000000000000000000, 0.007256348058190979951, 0.01451269611638195990, 0.02176904417457294072, 0.02902539223276391980, 0.03628174029095489889, 0.04353808834914588144, 0.05079443640733685705, 0.05442261043643234486, 0.05805078446552783961 ),
 .UNSPECIFIED. ) ;
#1617 = CARTESIAN_POINT ( 'NONE',  ( -5.643998096559664113, -81.85489828003315438, 54.45308968096160385 ) ) ;
#1618 = CARTESIAN_POINT ( 'NONE',  ( 12.59006578892161166, -2.251907563029680759, 64.50000000000000000 ) ) ;
#1619 = CARTESIAN_POINT ( 'NONE',  ( -19.34597530300491997, -27.80595547929235067, 53.48843740388856105 ) ) ;
#1620 = CARTESIAN_POINT ( 'NONE',  ( 14.13760996946858839, -5.322602803030243024, 64.50000000000000000 ) ) ;
#1621 = CARTESIAN_POINT ( 'NONE',  ( 58.17808119099080244, -35.24777048658726386, 51.28499583116590088 ) ) ;
#1622 = CARTESIAN_POINT ( 'NONE',  ( 50.00561005287323013, -7.731457606221168177, 53.15483247917457987 ) ) ;
#1623 = CARTESIAN_POINT ( 'NONE',  ( -2.846786249218999476, 17.26823590045981405, 52.19267781670313866 ) ) ;
#1624 = CARTESIAN_POINT ( 'NONE',  ( -17.45081395375987299, 1.315357261833429936, 56.89488299997911014 ) ) ;
#1625 = CARTESIAN_POINT ( 'NONE',  ( -6.148004911984829235, 29.42466102048267018, 52.37638038156175213 ) ) ;
#1626 = CARTESIAN_POINT ( 'NONE',  ( 25.31126318855663726, 39.09149018770413164, 58.64369691554327346 ) ) ;
#1627 = CARTESIAN_POINT ( 'NONE',  ( -7.411750413207980337, 83.51604776991453605, 51.80725477254758005 ) ) ;
#1628 = CARTESIAN_POINT ( 'NONE',  ( 47.02127144789285751, -24.09621214899108210, 51.62483272447852301 ) ) ;
#1629 = CARTESIAN_POINT ( 'NONE',  ( -0.3076781803570668439, -17.61514323694977691, 54.66822194668655754 ) ) ;
#1630 = CARTESIAN_POINT ( 'NONE',  ( -5.274724161635092834, 16.27047597639637644, 51.24955032630198559 ) ) ;
#1631 = CARTESIAN_POINT ( 'NONE',  ( 61.17669762713806847, -39.64615086146819323, 49.53716055847101529 ) ) ;
#1632 = CARTESIAN_POINT ( 'NONE',  ( 14.13760996946858839, -5.322602803030243024, 64.50000000000000000 ) ) ;
#1633 = ORIENTED_EDGE ( 'NONE', *, *, #4580, .F. ) ;
#1634 = FACE_OUTER_BOUND ( 'NONE', #130, .T. ) ;
#1635 = CARTESIAN_POINT ( 'NONE',  ( -54.40084348679500437, 29.21940726785488707, 56.53182658821751261 ) ) ;
#1636 = CARTESIAN_POINT ( 'NONE',  ( -27.54979754545262693, -55.26513429246181630, 52.57344001851760851 ) ) ;
#1637 = EDGE_CURVE ( 'NONE', #2278, #368, #1586, .T. ) ;
#1638 = CARTESIAN_POINT ( 'NONE',  ( -44.92850183386414642, 2.963910973536508120, 56.96366291245125524 ) ) ;
#1639 = CARTESIAN_POINT ( 'NONE',  ( 32.34640613760907257, 31.31852933400903893, 55.95170618795496154 ) ) ;
#1640 = ORIENTED_EDGE ( 'NONE', *, *, #4602, .T. ) ;
#1641 = CARTESIAN_POINT ( 'NONE',  ( -14.41107566579462684, -81.82268832170775852, 53.94913993833711174 ) ) ;
#1642 = COLOUR_RGB ( '',0.7921568627450980005, 0.8196078431372548767, 0.9333333333333333481 ) ;
#1643 = CARTESIAN_POINT ( 'NONE',  ( -7.587741896871822433, -15.77085728728950009, 54.27154253521227645 ) ) ;
#1644 = CARTESIAN_POINT ( 'NONE',  ( -42.11708753312552034, -28.66729562248413288, 50.13243654230478796 ) ) ;
#1645 = EDGE_CURVE ( 'NONE', #5476, #3714, #135, .T. ) ;
#1646 = CARTESIAN_POINT ( 'NONE',  ( 12.89298505517848170, 11.84638788791430031, 57.46072383602235334 ) ) ;
#1647 = CARTESIAN_POINT ( 'NONE',  ( -66.70286567848934567, 11.44926144383601319, 58.07386850559375091 ) ) ;
#1648 = CARTESIAN_POINT ( 'NONE',  ( -20.53527858912261550, -80.79406330158755623, 53.59357610256688531 ) ) ;
#1649 = CARTESIAN_POINT ( 'NONE',  ( 10.72687256869491179, -7.017771959592108644, 64.50000000000000000 ) ) ;
#1650 = CARTESIAN_POINT ( 'NONE',  ( -13.07787108891945316, -21.82942694305733511, 53.82030200760799943 ) ) ;
#1651 = CARTESIAN_POINT ( 'NONE',  ( -12.10311177081096723, -12.64224906317021890, 52.76651666753966907 ) ) ;
#1652 = CARTESIAN_POINT ( 'NONE',  ( 7.571523053637715606, -15.77726544731110003, 56.89045604625366792 ) ) ;
#1653 = CARTESIAN_POINT ( 'NONE',  ( 14.87116343407953245, 6.007869066048916018, 65.00000000000000000 ) ) ;
#1654 = CARTESIAN_POINT ( 'NONE',  ( 76.03289419902503710, -35.33925974060864661, 51.80725477254758005 ) ) ;
#1655 = CARTESIAN_POINT ( 'NONE',  ( -5.792932581364963696, 16.51475830672069378, 53.02329797815190915 ) ) ;
#1656 = CARTESIAN_POINT ( 'NONE',  ( 7.204976412654131579, -15.94937911858526647, 58.43845624645532411 ) ) ;
#1657 = CARTESIAN_POINT ( 'NONE',  ( -5.178915093605174214, 25.67030586351668120, 52.34666922893021734 ) ) ;
#1658 = CARTESIAN_POINT ( 'NONE',  ( 27.31017756259025475, 41.05340416922889801, 58.58396237387659511 ) ) ;
#1659 = CARTESIAN_POINT ( 'NONE',  ( -6.333283044984511889, 27.57912270552081679, 52.47154282277533355 ) ) ;
#1660 = CARTESIAN_POINT ( 'NONE',  ( -17.41505569761095273, 1.734996952266564918, 58.43845624645532411 ) ) ;
#1661 = CARTESIAN_POINT ( 'NONE',  ( 47.40990053197380405, 39.56655675559616725, 57.20721799801322049 ) ) ;
#1662 = LINE ( 'NONE', #4538, #784 ) ;
#1663 = CARTESIAN_POINT ( 'NONE',  ( -16.43042784667435541, 41.91917949510698804, 51.56268515146177833 ) ) ;
#1664 = CARTESIAN_POINT ( 'NONE',  ( 3.579711398683932178, 66.74847406237718417, 51.13052536314486218 ) ) ;
#1665 = CARTESIAN_POINT ( 'NONE',  ( -2.111566330126994018, 53.71655367890640065, 51.57349741933571607 ) ) ;
#1666 = ORIENTED_EDGE ( 'NONE', *, *, #4144, .F. ) ;
#1667 = CARTESIAN_POINT ( 'NONE',  ( 14.81232118629693240, -30.46489335981387825, 58.55147426580339243 ) ) ;
#1668 = VECTOR ( 'NONE', #3997, 1000.000000000000000 ) ;
#1669 = CARTESIAN_POINT ( 'NONE',  ( -27.34225356988647704, 14.79075903930628044, 56.52448333621163101 ) ) ;
#1670 = CARTESIAN_POINT ( 'NONE',  ( -37.53150021538666437, -75.20905969630156562, 52.57256229404806902 ) ) ;
#1671 = CARTESIAN_POINT ( 'NONE',  ( -83.86600233943160276, 5.642880174425336293, 56.96070432421959140 ) ) ;
#1672 = CARTESIAN_POINT ( 'NONE',  ( 27.45419941385041440, 14.58030654074599575, 54.60517547258147886 ) ) ;
#1673 = CARTESIAN_POINT ( 'NONE',  ( -72.19950970322253170, 32.77486119485998728, 55.24717974024628120 ) ) ;
#1674 = ORIENTED_EDGE ( 'NONE', *, *, #2459, .T. ) ;
#1675 = CARTESIAN_POINT ( 'NONE',  ( -59.61615083078938682, -30.88761614856658611, 49.56701239121129277 ) ) ;
#1676 = CARTESIAN_POINT ( 'NONE',  ( -11.37680161759300823, -13.29902500893016359, 53.03369817996362201 ) ) ;
#1677 = CARTESIAN_POINT ( 'NONE',  ( 13.23228402435400497, 11.46666020328713564, 57.32194238110029971 ) ) ;
#1678 = CARTESIAN_POINT ( 'NONE',  ( -21.15934158322332692, 1.059413576009028191, 58.66437912813250932 ) ) ;
#1679 = CARTESIAN_POINT ( 'NONE',  ( -14.41107566579462684, -81.82268832170775852, 53.94913993833711174 ) ) ;
#1680 = CARTESIAN_POINT ( 'NONE',  ( 9.776669176614387169, -6.932939019343873355, 64.99999999999998579 ) ) ;
#1681 = EDGE_CURVE ( 'NONE', #2773, #2310, #885, .T. ) ;
#1682 = CARTESIAN_POINT ( 'NONE',  ( -18.69652095431878891, -17.35402014746349764, 52.46855717931578056 ) ) ;
#1683 = CARTESIAN_POINT ( 'NONE',  ( 7.658119721962841631, -18.40540064250794927, 56.64316019812272884 ) ) ;
#1684 = CARTESIAN_POINT ( 'NONE',  ( 73.92025456470301492, 35.68201973361632184, 56.03191443010455686 ) ) ;
#1685 = CARTESIAN_POINT ( 'NONE',  ( 33.04021927582758877, -21.54897745301482104, 51.13187268285075504 ) ) ;
#1686 = CARTESIAN_POINT ( 'NONE',  ( 22.96753973425056827, -49.91501528855368974, 58.44538197496515863 ) ) ;
#1687 = CARTESIAN_POINT ( 'NONE',  ( 8.846804459720553737, 6.007869066048916018, 65.00000000000000000 ) ) ;
#1688 = CARTESIAN_POINT ( 'NONE',  ( 10.34856427020958414, -19.71345390694759203, 58.71219798075217255 ) ) ;
#1689 = CARTESIAN_POINT ( 'NONE',  ( -4.960937974258819771, 25.00721497194203380, 52.33200950248830452 ) ) ;
#1690 = CARTESIAN_POINT ( 'NONE',  ( 25.23651248854515217, 39.01487976561482895, 58.64588163555796285 ) ) ;
#1691 = EDGE_CURVE ( 'NONE', #196, #3749, #919, .T. ) ;
#1692 = CARTESIAN_POINT ( 'NONE',  ( -27.10542489114823184, 0.1344066085932626997, 57.25111170324260002 ) ) ;
#1693 = CARTESIAN_POINT ( 'NONE',  ( -64.27047544055174910, 9.705096785113262570, 56.56340469121504810 ) ) ;
#1694 = CARTESIAN_POINT ( 'NONE',  ( 46.24528387289371523, 20.22380843682962492, 55.85513761255200649 ) ) ;
#1695 = CARTESIAN_POINT ( 'NONE',  ( -24.84764723763740690, 43.93451578103245225, 52.23745716780651094 ) ) ;
#1696 = CARTESIAN_POINT ( 'NONE',  ( -1.285398846060173295, 69.43103350073390345, 51.47445707540807547 ) ) ;
#1697 = CARTESIAN_POINT ( 'NONE',  ( -6.968840014397756022, 38.17471364123776567, 50.63806070511809310 ) ) ;
#1698 = EDGE_LOOP ( 'NONE', ( #47, #220, #5662, #3833 ) ) ;
#1699 = PLANE ( 'NONE',  #4041 ) ;
#1700 = CARTESIAN_POINT ( 'NONE',  ( 3.044561947759627518, -30.85865159087802922, 56.86241209240903061 ) ) ;
#1701 = AXIS2_PLACEMENT_3D ( 'NONE', #1743, #331, #2756 ) ;
#1702 = CARTESIAN_POINT ( 'NONE',  ( -68.44518805642748305, 25.10024024147719146, 57.20747821089145191 ) ) ;
#1703 = CARTESIAN_POINT ( 'NONE',  ( -12.85158902047186125, -31.34076842998068813, 52.91694719584419460 ) ) ;
#1704 = CARTESIAN_POINT ( 'NONE',  ( -39.34796130327111996, -0.1902640827478193908, 57.29953601427595089 ) ) ;
#1705 = CARTESIAN_POINT ( 'NONE',  ( 47.62407168919445866, 17.09698956501224743, 53.92476799879018756 ) ) ;
#1706 = CARTESIAN_POINT ( 'NONE',  ( -72.97194480684110829, 25.34514274268327583, 55.68417706662734190 ) ) ;
#1707 = ORIENTED_EDGE ( 'NONE', *, *, #3979, .F. ) ;
#1708 = CARTESIAN_POINT ( 'NONE',  ( -21.74582063589317826, -80.50649422928034937, 53.52238726914378475 ) ) ;
#1709 = CARTESIAN_POINT ( 'NONE',  ( 15.17539454292403711, 8.718218220299322141, 56.40227238544705557 ) ) ;
#1710 = CARTESIAN_POINT ( 'NONE',  ( -32.11748557731255715, 0.3815265046186804843, 58.83474493619059587 ) ) ;
#1711 = PLANE ( 'NONE',  #5274 ) ;
#1712 = CARTESIAN_POINT ( 'NONE',  ( 9.480747853020494276, -6.863973954786521503, 64.50000000000002842 ) ) ;
#1713 = CARTESIAN_POINT ( 'NONE',  ( -32.63363186815267625, -65.19064474767576201, 54.16971822613108856 ) ) ;
#1714 = CARTESIAN_POINT ( 'NONE',  ( 65.03146570718190844, 45.64508617986599148, 56.80676829371049052 ) ) ;
#1715 = CARTESIAN_POINT ( 'NONE',  ( 31.36137051379129304, -23.72879503637809151, 50.79955944449263683 ) ) ;
#1716 = CARTESIAN_POINT ( 'NONE',  ( 23.51826336063400191, -55.74162754355208449, 58.29226469782851439 ) ) ;
#1717 = EDGE_CURVE ( 'NONE', #524, #3452, #4818, .T. ) ;
#1718 = CARTESIAN_POINT ( 'NONE',  ( -5.481400668484574190, 6.007869066048916018, 64.50000000000000000 ) ) ;
#1719 = CARTESIAN_POINT ( 'NONE',  ( 23.39758576864013762, -53.30471440410454420, 58.35844200769091827 ) ) ;
#1720 = CARTESIAN_POINT ( 'NONE',  ( -5.352801998384153492, 26.23296574521588553, 52.35662854295784996 ) ) ;
#1721 = CARTESIAN_POINT ( 'NONE',  ( 20.76638638484442367, 33.91769977154388727, 58.76541435952137249 ) ) ;
#1722 = CARTESIAN_POINT ( 'NONE',  ( 15.77012044327338103, -7.586389197982929211, 51.77170975937082886 ) ) ;
#1723 = CARTESIAN_POINT ( 'NONE',  ( 49.50360239441251053, 54.68501408157781185, 57.87242576151191287 ) ) ;
#1724 = CARTESIAN_POINT ( 'NONE',  ( 24.54535160880576683, -7.978948802369368209, 50.76934175048897657 ) ) ;
#1725 = CARTESIAN_POINT ( 'NONE',  ( 61.97679059990034744, 38.38772005359714257, 56.53225827611387189 ) ) ;
#1726 = CARTESIAN_POINT ( 'NONE',  ( 4.287830100746195860, -4.412643754463903889, 65.00000000000000000 ) ) ;
#1727 = CARTESIAN_POINT ( 'NONE',  ( -5.968759021988103264, 24.80108678652434762, 50.89600339851246247 ) ) ;
#1728 = CARTESIAN_POINT ( 'NONE',  ( 7.282094857986368908, 64.19868636323080580, 50.84782201340048147 ) ) ;
#1729 = CARTESIAN_POINT ( 'NONE',  ( -5.362703446055353318, 25.24637243923177010, 50.76934175048897657 ) ) ;
#1730 = ORIENTED_EDGE ( 'NONE', *, *, #4649, .F. ) ;
#1731 = CARTESIAN_POINT ( 'NONE',  ( 14.87023819448327622, -2.017021791871689729, 65.00000000000000000 ) ) ;
#1732 = CARTESIAN_POINT ( 'NONE',  ( -1.056629927402074731, -22.69807568410431031, 56.17932499098485266 ) ) ;
#1733 = CARTESIAN_POINT ( 'NONE',  ( -42.75324232417117543, 27.06509971656068103, 56.19261487797309940 ) ) ;
#1734 = CARTESIAN_POINT ( 'NONE',  ( -28.08786042522505966, -35.18875765782090070, 51.56268515146177833 ) ) ;
#1735 = CARTESIAN_POINT ( 'NONE',  ( -22.52688744791651487, 2.975510278363442840, 56.63936064481430321 ) ) ;
#1736 = CARTESIAN_POINT ( 'NONE',  ( 24.90110555064747899, 5.242495482828683606, 53.26019006436899872 ) ) ;
#1737 = CARTESIAN_POINT ( 'NONE',  ( -32.97360702722068027, 73.33140537383478375, 51.80036149086982533 ) ) ;
#1738 = EDGE_LOOP ( 'NONE', ( #3260, #2750, #3814, #5436 ) ) ;
#1739 = DIRECTION ( 'NONE',  ( 0.000000000000000000, 0.000000000000000000, 1.000000000000000000 ) ) ;
#1740 = CARTESIAN_POINT ( 'NONE',  ( -8.847177337041232548, -15.10042280804261416, 53.88218530421545438 ) ) ;
#1741 = CARTESIAN_POINT ( 'NONE',  ( 16.37374102692823641, 6.263430151520289257, 55.65663770768058782 ) ) ;
#1742 = CARTESIAN_POINT ( 'NONE',  ( -19.71716484291757610, 1.277764424635488894, 58.60106851691541863 ) ) ;
#1743 = CARTESIAN_POINT ( 'NONE',  ( -5.481400668484574190, -6.692130933951083271, 64.50000000000000000 ) ) ;
#1744 = CARTESIAN_POINT ( 'NONE',  ( 17.49999999999999645, 2.143131898507867854E-15, 0.000000000000000000 ) ) ;
#1745 = CARTESIAN_POINT ( 'NONE',  ( -30.65689666916192735, -24.82654038045793143, 52.13958700891121367 ) ) ;
#1746 = CARTESIAN_POINT ( 'NONE',  ( 80.60787180965941445, 21.32163451841505264, 55.11930583807417605 ) ) ;
#1747 = CARTESIAN_POINT ( 'NONE',  ( 24.68566356904676340, -18.72961066671649277, 50.79652098895984835 ) ) ;
#1748 = CARTESIAN_POINT ( 'NONE',  ( 21.43153874449391338, -42.31570610386233966, 58.62545939797487193 ) ) ;
#1749 = DIRECTION ( 'NONE',  ( 0.000000000000000000, 0.000000000000000000, -1.000000000000000000 ) ) ;
#1750 = CARTESIAN_POINT ( 'NONE',  ( 10.22330675178043258, 14.20487307508320107, 58.43401185178795032 ) ) ;
#1751 = CARTESIAN_POINT ( 'NONE',  ( -6.469779390570450595, 41.11837180348675247, 52.13331505736609728 ) ) ;
#1752 = CARTESIAN_POINT ( 'NONE',  ( 16.35794227541138568, 27.57257920911086657, 58.83488387555891563 ) ) ;
#1753 = CARTESIAN_POINT ( 'NONE',  ( 4.208009252497662445, 33.50352508916198957, 50.79753380747077784 ) ) ;
#1754 = CARTESIAN_POINT ( 'NONE',  ( 51.83089996649940900, -37.31522484597683587, 50.90701421188565945 ) ) ;
#1755 = CARTESIAN_POINT ( 'NONE',  ( 31.94762537217953025, 22.97478275153499183, 56.86623253701523595 ) ) ;
#1756 = CARTESIAN_POINT ( 'NONE',  ( -16.70955296201380591, 70.96142027732128099, 50.88500233783391735 ) ) ;
#1757 = CARTESIAN_POINT ( 'NONE',  ( -10.03924201683053141, 72.64376776126536583, 52.04074871049365214 ) ) ;
#1758 = CARTESIAN_POINT ( 'NONE',  ( 2.648662880905042982, 60.21968090564528353, 49.57170037200286572 ) ) ;
#1759 = EDGE_LOOP ( 'NONE', ( #330, #102, #3040, #5766 ) ) ;
#1760 = CARTESIAN_POINT ( 'NONE',  ( 30.71256741951370373, 53.39133635471052486, 58.89294042011653119 ) ) ;
#1761 = CARTESIAN_POINT ( 'NONE',  ( 0.4468648187455924181, -19.93107284599454943, 56.51315002828789602 ) ) ;
#1762 = CARTESIAN_POINT ( 'NONE',  ( -47.03146909788151220, 40.01551338241318234, 55.51926518200860272 ) ) ;
#1763 = CARTESIAN_POINT ( 'NONE',  ( -56.87579776266753839, -61.60363638594959923, 51.22245141654710210 ) ) ;
#1764 = CARTESIAN_POINT ( 'NONE',  ( -33.07507962473638941, 6.906662470623113670, 56.29295681823668929 ) ) ;
#1765 = CLOSED_SHELL ( 'NONE', ( #6016, #2901, #4189, #4379, #528, #1453, #641, #5966, #5534, #5248, #5468, #431, #2543, #5747, #6115, #6043, #4766, #304, #3479, #5461, #2431, #3186, #1330, #238, #5231, #5354, #1609, #3396, #5315, #3202, #3050, #4294, #5122, #4091, #1492, #3755, #3582, #2528, #5426, #1595, #113, #3002 ) ) ;
#1766 = CARTESIAN_POINT ( 'NONE',  ( 70.20307050711673469, 19.65375912075011300, 53.58547128382343772 ) ) ;
#1767 = CARTESIAN_POINT ( 'NONE',  ( -3.572871967828829209, 70.45649847315826264, 50.02571519731076677 ) ) ;
#1768 = ORIENTED_EDGE ( 'NONE', *, *, #5475, .F. ) ;
#1769 = EDGE_CURVE ( 'NONE', #4638, #5730, #2246, .T. ) ;
#1770 = CARTESIAN_POINT ( 'NONE',  ( -0.2711442582281620162, -4.412643754463903889, 64.50000000000000000 ) ) ;
#1771 = DIRECTION ( 'NONE',  ( -0.000000000000000000, -0.000000000000000000, -1.000000000000000000 ) ) ;
#1772 = CARTESIAN_POINT ( 'NONE',  ( -30.71804916078143322, 0.3598052371462363008, 58.83638904851498097 ) ) ;
#1773 = CARTESIAN_POINT ( 'NONE',  ( 16.28043711441414843, -7.563632690946804793, 51.83618007362618130 ) ) ;
#1774 = CARTESIAN_POINT ( 'NONE',  ( 9.864497665832372419, 14.45519830980486908, 56.89489483420111071 ) ) ;
#1775 = CARTESIAN_POINT ( 'NONE',  ( -30.22245572570816563, -15.29160703181375958, 51.12960302534666823 ) ) ;
#1776 = CARTESIAN_POINT ( 'NONE',  ( -44.37856757995206891, -28.67350951762336919, 51.62483272447852301 ) ) ;
#1777 = CARTESIAN_POINT ( 'NONE',  ( 70.87033490179176454, -24.42511892942958696, 52.30058930968790776 ) ) ;
#1778 = CARTESIAN_POINT ( 'NONE',  ( 14.90356880979525300, -8.481174038461640308, 51.44309284680041827 ) ) ;
#1779 = CARTESIAN_POINT ( 'NONE',  ( 19.17271461423733214, -35.40261229110339514, 58.75822639309611617 ) ) ;
#1780 = CARTESIAN_POINT ( 'NONE',  ( 41.69331803996549013, 72.73904519370034905, 57.29691606070890231 ) ) ;
#1781 = CARTESIAN_POINT ( 'NONE',  ( -13.29678528386918934, 1.639699995536096910, 65.00000000000000000 ) ) ;
#1782 = CARTESIAN_POINT ( 'NONE',  ( -5.368037889433407095, 46.15792517492995017, 51.93993350217176186 ) ) ;
#1783 = CARTESIAN_POINT ( 'NONE',  ( 11.45839169683778991, 17.69613519645905342, 58.65982191857157346 ) ) ;
#1784 = CARTESIAN_POINT ( 'NONE',  ( -62.18471114763413965, 8.479140976347832037, 56.63175401432328471 ) ) ;
#1785 = CARTESIAN_POINT ( 'NONE',  ( -3.572871967828829209, 70.45649847315826264, 50.02571519731076677 ) ) ;
#1786 = CARTESIAN_POINT ( 'NONE',  ( 22.95473370591496121, 16.42814169755856923, 56.86076108351512204 ) ) ;
#1787 = CARTESIAN_POINT ( 'NONE',  ( 1.333151453656568952, 28.26393044405851640, 49.54845109655720137 ) ) ;
#1788 = CARTESIAN_POINT ( 'NONE',  ( -48.77853309602591736, 67.09347848528521752, 54.38617182201853950 ) ) ;
#1789 = CARTESIAN_POINT ( 'NONE',  ( 3.031253744370514092, 60.61575233082429293, 49.54308883841095223 ) ) ;
#1790 = ORIENTED_EDGE ( 'NONE', *, *, #747, .T. ) ;
#1791 = CARTESIAN_POINT ( 'NONE',  ( 12.10794844020714756, -6.842367880785201528, 65.00000000000001421 ) ) ;
#1792 = CARTESIAN_POINT ( 'NONE',  ( 4.737023663507715199, -27.89843015612062160, 57.19871082416852204 ) ) ;
#1793 = CARTESIAN_POINT ( 'NONE',  ( -17.12713536648462664, 22.52628028413798233, 54.49831879598563233 ) ) ;
#1794 = CARTESIAN_POINT ( 'NONE',  ( -12.35238838440494469, -11.89213371461631397, 50.91154283860489471 ) ) ;
#1795 = CARTESIAN_POINT ( 'NONE',  ( -15.21544250481638372, 7.910296754504310357, 54.96302310985986139 ) ) ;
#1796 = CARTESIAN_POINT ( 'NONE',  ( 28.34319796777027634, 12.57683517053379063, 54.26772195696266721 ) ) ;
#1797 = CARTESIAN_POINT ( 'NONE',  ( -51.23278595951748571, 65.57623126128338242, 52.94903657629062366 ) ) ;
#1798 = EDGE_LOOP ( 'NONE', ( #3672, #655, #5758, #741, #1550, #3033 ) ) ;
#1799 = CARTESIAN_POINT ( 'NONE',  ( 4.070052804712809724, -22.35492295628001003, 55.62624410586424517 ) ) ;
#1800 = AXIS2_PLACEMENT_3D ( 'NONE', #202, #2694, #2571 ) ;
#1801 = CYLINDRICAL_SURFACE ( 'NONE', #1398, 15.00000000000000000 ) ;
#1802 = CARTESIAN_POINT ( 'NONE',  ( -21.07194187336615343, 1.072555983897280463, 58.66058471459849244 ) ) ;
#1803 = EDGE_CURVE ( 'NONE', #1522, #252, #552, .T. ) ;
#1804 = VERTEX_POINT ( 'NONE', #5192 ) ;
#1805 = ORIENTED_EDGE ( 'NONE', *, *, #1384, .F. ) ;
#1806 = CARTESIAN_POINT ( 'NONE',  ( 22.05681799880778016, -7.862981852961008933, 52.26448095128140636 ) ) ;
#1807 = CARTESIAN_POINT ( 'NONE',  ( 6.620876959175419074, -3.073713628717190005, 64.49999999999997158 ) ) ;
#1808 = CARTESIAN_POINT ( 'NONE',  ( -36.79204853775513584, -25.75827524040572669, 51.80420806030695502 ) ) ;
#1809 = CARTESIAN_POINT ( 'NONE',  ( 8.985755361781487593, -3.641770006484708944, 64.50000000000001421 ) ) ;
#1810 = CARTESIAN_POINT ( 'NONE',  ( 80.63327161993728964, -5.884020494528488854, 53.53693079580039438 ) ) ;
#1811 = CARTESIAN_POINT ( 'NONE',  ( -20.48516968651827241, -18.21943447809395877, 52.36591605423883067 ) ) ;
#1812 = CARTESIAN_POINT ( 'NONE',  ( 23.46096354435870168, -63.11899543036189897, 58.08469247550888781 ) ) ;
#1813 = CARTESIAN_POINT ( 'NONE',  ( 7.282094857986368908, 64.19868636323080580, 50.84782201340048147 ) ) ;
#1814 = CARTESIAN_POINT ( 'NONE',  ( 6.720453713857110323, -16.16743605475315704, 58.29350043847666996 ) ) ;
#1815 = CARTESIAN_POINT ( 'NONE',  ( 12.59167625459235040, -1.952527568566468030, 64.50000000000000000 ) ) ;
#1816 = CARTESIAN_POINT ( 'NONE',  ( -64.27047544055174910, 9.705096785113262570, 56.56340469121504810 ) ) ;
#1817 = CARTESIAN_POINT ( 'NONE',  ( 50.97915451581469171, -32.93301891335324427, 49.54308883841095223 ) ) ;
#1818 = CARTESIAN_POINT ( 'NONE',  ( 24.96020198435214965, 4.953475347738771184, 54.83275960910653168 ) ) ;
#1819 = CARTESIAN_POINT ( 'NONE',  ( -0.7436355661803546457, 33.86518405377253060, 49.88009811877959976 ) ) ;
#1820 = CARTESIAN_POINT ( 'NONE',  ( -70.88317630144962322, 38.34958434836817531, 56.51683134961556476 ) ) ;
#1821 = CARTESIAN_POINT ( 'NONE',  ( 81.28081616167085599, -3.397843130985050308, 53.68542312588206755 ) ) ;
#1822 = ORIENTED_EDGE ( 'NONE', *, *, #4333, .F. ) ;
#1823 = CARTESIAN_POINT ( 'NONE',  ( 17.50215295637335799, 22.23602167923034401, 58.21187048649823481 ) ) ;
#1824 = CARTESIAN_POINT ( 'NONE',  ( -1.442861614438154083, -33.84265469728242692, 56.18817980802948853 ) ) ;
#1825 = CARTESIAN_POINT ( 'NONE',  ( -20.12534466531601751, 19.89382144535004571, 55.17302835700154873 ) ) ;
#1826 = CARTESIAN_POINT ( 'NONE',  ( -41.39536644300513757, -60.00962169941826829, 51.89785346062458871 ) ) ;
#1827 = CARTESIAN_POINT ( 'NONE',  ( -46.09022394203596207, 20.57508395565350767, 55.27509893104178929 ) ) ;
#1828 = CARTESIAN_POINT ( 'NONE',  ( 19.73902590379325872, 2.788774504136574350, 52.92955746418237339 ) ) ;
#1829 = CARTESIAN_POINT ( 'NONE',  ( 12.40535775290537757, -3.728663002681519512, 64.99999999999998579 ) ) ;
#1830 = ORIENTED_EDGE ( 'NONE', *, *, #717, .F. ) ;
#1831 = CARTESIAN_POINT ( 'NONE',  ( -5.481400668484574190, -6.692130933951083271, 65.00000000000000000 ) ) ;
#1832 = CARTESIAN_POINT ( 'NONE',  ( 19.07138899145549971, -46.86812835327539517, 56.62585560515433514 ) ) ;
#1833 = EDGE_CURVE ( 'NONE', #2172, #1836, #5187, .T. ) ;
#1834 = CARTESIAN_POINT ( 'NONE',  ( -29.57585178830926154, -25.12254930799699792, 50.63806070511809310 ) ) ;
#1835 = CARTESIAN_POINT ( 'NONE',  ( -57.32472529144776985, -46.95033480898395339, 52.16144153564423647 ) ) ;
#1836 = VERTEX_POINT ( 'NONE', #5329 ) ;
#1837 = CARTESIAN_POINT ( 'NONE',  ( 24.40853413282962947, -8.261871867498168598, 52.33829973444127859 ) ) ;
#1838 = B_SPLINE_CURVE_WITH_KNOTS ( 'NONE', 3,
 ( #2893, #4967, #1971, #3011, #470, #1908, #49, #2502, #1552, #4369, #3491, #6311, #3370, #596, #3460, #2923, #4461, #4851, #4880, #5894, #5360, #1434, #5330, #503, #951, #2031, #79, #1466, #2533, #1938 ),
 .UNSPECIFIED., .F., .F.,
 ( 4, 2, 2, 2, 2, 2, 2, 2, 2, 2, 2, 2, 2, 2, 4 ),
 ( 0.000000000000000000, 0.06250000000000000000, 0.1250000000000000000, 0.1874999999999999722, 0.2500000000000000000, 0.3749999999999999445, 0.4375000000000000000, 0.5000000000000000000, 0.6250000000000000000, 0.6875000000000000000, 0.7499999999999998890, 0.8750000000000000000, 0.9062500000000001110, 0.9375000000000000000, 1.000000000000000000 ),
 .UNSPECIFIED. ) ;
#1839 = CARTESIAN_POINT ( 'NONE',  ( -17.41411182555430415, 1.734877796310216214, 58.43846410817654657 ) ) ;
#1840 = CARTESIAN_POINT ( 'NONE',  ( -26.34427619263360398, -21.29264034105704795, 52.13693261833890347 ) ) ;
#1841 = CARTESIAN_POINT ( 'NONE',  ( 10.39097238059721029, -4.727347592408566612, 64.50000000000001421 ) ) ;
#1842 = CARTESIAN_POINT ( 'NONE',  ( 8.846804459720555514, -2.255271959592108910, 65.00000000000000000 ) ) ;
#1843 = CARTESIAN_POINT ( 'NONE',  ( 6.567317280233374355, 6.007869066048916018, 65.00000000000000000 ) ) ;
#1844 = PLANE ( 'NONE',  #1989 ) ;
#1845 = CARTESIAN_POINT ( 'NONE',  ( -72.13207580981477918, 15.42782443265343417, 56.27576660695997646 ) ) ;
#1846 = CARTESIAN_POINT ( 'NONE',  ( 5.287593268378357969, -16.69056528122024474, 57.87741200784856943 ) ) ;
#1847 = CARTESIAN_POINT ( 'NONE',  ( 11.47450306088713567, 17.73720845965835480, 58.66172701503688103 ) ) ;
#1848 = EDGE_CURVE ( 'NONE', #18, #4482, #1937, .T. ) ;
#1849 = CARTESIAN_POINT ( 'NONE',  ( 14.87084688585244585, -1.721867221625457578, 65.00000000000000000 ) ) ;
#1850 = CARTESIAN_POINT ( 'NONE',  ( 21.34179593619672843, -7.433711336357260890, 50.66695857741238740 ) ) ;
#1851 = CARTESIAN_POINT ( 'NONE',  ( 17.12846015128217303, 0.8176510986680965987, 54.14232831846304350 ) ) ;
#1852 = CARTESIAN_POINT ( 'NONE',  ( 2.256291723837287488, 44.96536766456743806, 49.54119972855578879 ) ) ;
#1853 = CARTESIAN_POINT ( 'NONE',  ( -17.98703532704422869, 74.08075283570066460, 52.52215371978704184 ) ) ;
#1854 = CARTESIAN_POINT ( 'NONE',  ( 71.56432996497308352, 38.98033883529556931, 56.26543369896402425 ) ) ;
#1855 = ORIENTED_EDGE ( 'NONE', *, *, #2607, .T. ) ;
#1856 = CARTESIAN_POINT ( 'NONE',  ( 14.47074088949653792, 13.70951288135330515, 57.52751954498401687 ) ) ;
#1857 = CARTESIAN_POINT ( 'NONE',  ( -12.53852533050003082, -37.29982353232396974, 54.84112254095630590 ) ) ;
#1858 = CARTESIAN_POINT ( 'NONE',  ( -17.03376844111209820, 26.00344696601002425, 54.16253416419641553 ) ) ;
#1859 = CARTESIAN_POINT ( 'NONE',  ( -31.58047191040270363, -39.53493833223259912, 51.56195494222485110 ) ) ;
#1860 = CARTESIAN_POINT ( 'NONE',  ( -64.28191913483227893, 34.38859820577350490, 54.93553201703824840 ) ) ;
#1861 = CARTESIAN_POINT ( 'NONE',  ( 44.62693530123574703, 5.970069368980405855, 52.91334863215960382 ) ) ;
#1862 = CARTESIAN_POINT ( 'NONE',  ( 6.620876959175419074, -3.073713628717190005, 64.49999999999997158 ) ) ;
#1863 = ORIENTED_EDGE ( 'NONE', *, *, #701, .T. ) ;
#1864 = CARTESIAN_POINT ( 'NONE',  ( 79.99366346256604743, -8.109721346938462361, 51.80036149086982533 ) ) ;
#1865 = LINE ( 'NONE', #1355, #3889 ) ;
#1866 = CARTESIAN_POINT ( 'NONE',  ( 7.742505117932844350, -15.30191334448091567, 56.98876834531406388 ) ) ;
#1867 = B_SPLINE_SURFACE_WITH_KNOTS ( 'NONE', 3, 3, ( 
 ( #2731, #4396, #2889, #5165, #5799, #17, #531, #5357, #466, #1009, #1462, #4174, #1780 ),
 ( #2441, #1904, #4846, #3694, #5644, #1934, #1276, #3209, #4691, #305, #3848, #980, #2252 ),
 ( #3726, #3241, #2855, #4815, #434, #2409, #4332, #500, #1430, #1966, #3366, #4549, #5413 ),
 ( #3488, #5442, #46, #4062, #3519, #76, #2530, #1070, #3098, #4487, #137, #2978, #1608 ),
 ( #1103, #5951, #6010, #3008, #4964, #2596, #2086, #593, #1639, #107, #1040, #2116, #2057 ),
 ( #4003, #3039, #3971, #561, #1579, #5059, #5919, #2027, #5474, #1549, #2499, #4033, #4458 ),
 ( #1996, #3940, #1131, #3457, #4428, #4934, #4995, #623, #2470, #5890, #3579, #2563, #654 ),
 ( #4517, #5980, #3548, #5532, #5504, #1521, #3067, #5026, #168, #1163, #6072, #5690, #2626 ),
 ( #4612, #3226, #5183, #2748, #195, #1672, #3611, #5120, #2145, #1261, #4676, #2270, #322 ),
 ( #3680, #6169, #6039, #5631, #4222, #1796, #5565, #748, #2657, #4578, #4093, #3742, #779 ),
 ( #227, #3195, #2178, #2238, #290, #683, #3161, #2718, #1196, #1705, #1320, #4127, #3128 ),
 ( #3646, #2687, #4710, #811, #5598, #3258, #5151, #5088, #714, #4645, #1227, #1766, #258 ),
 ( #2209, #4157, #6103, #1736, #4192, #6137, #3712, #5660, #1292, #941, #5284, #908, #1958 ),
 ( #6299, #1828, #457, #2433, #972, #3773, #3903, #6234, #1861, #2779, #491, #6266, #2813 ),
 ( #3805, #5854, #2846, #2879, #5723, #4356, #6203, #5216, #5316, #1485, #4837, #1352, #3872 ),
 ( #1896, #842, #1927, #2401, #3294, #3389, #4387, #4774, #4743, #360, #4806, #2303, #5250 ),
 ( #5822, #1454, #8, #876, #4257, #393, #5348, #2912, #2334, #4868, #4288, #5756, #1386 ),
 ( #3326, #425, #2368, #4324, #3839, #5791, #1420, #3359, #1062, #2079, #1002, #4957, #4480 ),
 ( #100, #2522, #2555, #3539, #4055, #3933, #555, #3511, #585, #3481, #2999, #2587, #3059 ),
 ( #2050, #1514, #5379, #5466, #39, #615, #4419, #1988, #2109, #5883, #5496, #3996, #3450 ),
 ( #1123, #6003, #4510, #5943, #5019, #128, #646, #5406, #4541, #1601, #5434, #1572, #160 ),
 ( #1033, #4987, #2971, #1096, #2941, #4897, #4025, #4926, #522, #2492, #4450, #68, #3421 ),
 ( #2463, #3964, #3031, #2019, #5972, #5912, #1541, #6064, #4214, #5081, #5558, #3638, #1188 ),
 ( #3187, #6032, #3670, #1154, #3090, #282, #2618, #3571, #4084, #707, #3121, #1631, #2260 ),
 ( #2710, #4571, #5142, #5175, #3703, #188, #314, #2649, #4603, #5525, #3217, #2678, #218 ) ),
 .UNSPECIFIED., .F., .F., .F.,
 ( 4, 3, 3, 3, 3, 3, 3, 3, 4 ),
 ( 4, 3, 3, 3, 4 ),
 ( -0.06556304563082938908, 0.08647668652357537455, 0.2385164186779801243, 0.3905561508323848741, 0.5425958829867896238, 0.6946356151411943181, 0.8466753472955991233, 0.9987150794500039286, 1.150754811604408623 ),
 ( -0.005864202508118646767, 0.1177285902129042161, 0.2413213829339270755, 0.4885069683759727943, 0.9828781392600642874 ),
 .UNSPECIFIED. ) ;
#1868 = AXIS2_PLACEMENT_3D ( 'NONE', #2287, #1913, #5167 ) ;
#1869 = CARTESIAN_POINT ( 'NONE',  ( -25.77088411078200991, -22.98414292277146131, 50.74934254293260949 ) ) ;
#1870 = CARTESIAN_POINT ( 'NONE',  ( -51.60792611086547765, -59.23500827361262111, 52.96391442944874228 ) ) ;
#1871 = ORIENTED_EDGE ( 'NONE', *, *, #3677, .T. ) ;
#1872 = DIRECTION ( 'NONE',  ( 0.000000000000000000, -0.000000000000000000, -1.000000000000000000 ) ) ;
#1873 = CARTESIAN_POINT ( 'NONE',  ( 7.555449052978754132, -5.672642076466022587, 64.50000000000000000 ) ) ;
#1874 = CARTESIAN_POINT ( 'NONE',  ( -38.60966350544802594, -23.16214916708825555, 51.46774364464288709 ) ) ;
#1875 = CARTESIAN_POINT ( 'NONE',  ( 9.132031763044031081, -3.980691463194621083, 64.50000000000002842 ) ) ;
#1876 = CARTESIAN_POINT ( 'NONE',  ( 8.846928406984323701, -2.340940621712085168, 64.99999999999998579 ) ) ;
#1877 = CARTESIAN_POINT ( 'NONE',  ( -17.55682781094901657, -14.80144288377939255, 52.24462232241980075 ) ) ;
#1878 = CARTESIAN_POINT ( 'NONE',  ( 15.69958290524283839, -27.95268316870119918, 58.83488387555888721 ) ) ;
#1879 = EDGE_CURVE ( 'NONE', #5793, #18, #2412, .T. ) ;
#1880 = CARTESIAN_POINT ( 'NONE',  ( 12.59167625459235040, 6.007869066048916018, 64.50000000000000000 ) ) ;
#1881 = CARTESIAN_POINT ( 'NONE',  ( 2.033286251119641896, 59.40307064124681347, 51.22337413280342844 ) ) ;
#1882 = CARTESIAN_POINT ( 'NONE',  ( 10.55718032174648080, 15.27962727978705715, 58.52758260192951667 ) ) ;
#1883 = CARTESIAN_POINT ( 'NONE',  ( 47.64134946493670242, -24.90447773476565629, 49.97974766744359698 ) ) ;
#1884 = CARTESIAN_POINT ( 'NONE',  ( -2.550631437715342731, 6.007869066048916018, 65.00000000000000000 ) ) ;
#1885 = CARTESIAN_POINT ( 'NONE',  ( 61.64302135685530715, 3.655896543435159796, 54.16944247347282726 ) ) ;
#1886 = CARTESIAN_POINT ( 'NONE',  ( -1.604762983670680487, 84.03782774075149575, 49.87265873945126771 ) ) ;
#1887 = CARTESIAN_POINT ( 'NONE',  ( -67.15824523658960743, 47.57340635227835435, 55.94188790906513731 ) ) ;
#1888 = CARTESIAN_POINT ( 'NONE',  ( 77.06766618323726448, -14.98514586736025755, 51.36518512762257416 ) ) ;
#1889 = ORIENTED_EDGE ( 'NONE', *, *, #5941, .T. ) ;
#1890 = CARTESIAN_POINT ( 'NONE',  ( 22.68524160213195273, 25.04080921700038687, 57.87722629356713355 ) ) ;
#1891 = CARTESIAN_POINT ( 'NONE',  ( -6.463921242598474670, -18.80581756672233240, 54.82609532168059729 ) ) ;
#1892 = VECTOR ( 'NONE', #5008, 1000.000000000000000 ) ;
#1893 = CARTESIAN_POINT ( 'NONE',  ( -8.373460833529970060, 18.09196471407705431, 53.47593004116806981 ) ) ;
#1894 = CARTESIAN_POINT ( 'NONE',  ( -41.27985065608336868, -17.62917287277797840, 49.20861852998224606 ) ) ;
#1895 = CARTESIAN_POINT ( 'NONE',  ( -31.77158070323063299, 23.21733750173167721, 54.26394291306497308 ) ) ;
#1896 = CARTESIAN_POINT ( 'NONE',  ( 17.10549121637481562, 0.03841567390984161612, 52.26353801707325886 ) ) ;
#1897 = DIRECTION ( 'NONE',  ( -0.000000000000000000, -0.000000000000000000, 1.000000000000000000 ) ) ;
#1898 = ORIENTED_EDGE ( 'NONE', *, *, #3705, .T. ) ;
#1899 = CARTESIAN_POINT ( 'NONE',  ( 81.48647052835589477, 17.77828325826520839, 53.30769127333542912 ) ) ;
#1900 = CARTESIAN_POINT ( 'NONE',  ( -22.66394322674184281, 0.1112226011731460851, 58.87713635944647450 ) ) ;
#1901 = CARTESIAN_POINT ( 'NONE',  ( 19.10168880451263362, -58.56045679503079526, 56.28656227614336416 ) ) ;
#1902 = CARTESIAN_POINT ( 'NONE',  ( -19.18264816275026163, -17.26742363686226511, 50.76934175048897657 ) ) ;
#1903 = CARTESIAN_POINT ( 'NONE',  ( -59.22108105899093999, -38.30086801289462528, 51.62646008821231192 ) ) ;
#1904 = CARTESIAN_POINT ( 'NONE',  ( 10.96180906487453299, 16.65241432147891487, 56.97967054101557949 ) ) ;
#1905 = ORIENTED_EDGE ( 'NONE', *, *, #1681, .T. ) ;
#1906 = CARTESIAN_POINT ( 'NONE',  ( 39.57068331249145388, -15.54282696432040467, 52.10098061387513724 ) ) ;
#1907 = CARTESIAN_POINT ( 'NONE',  ( -17.41343431644583362, 1.751206820181389512, 58.43401185178795032 ) ) ;
#1908 = CARTESIAN_POINT ( 'NONE',  ( -5.016295468750255004, 24.21681202247179598, 50.74516895061358923 ) ) ;
#1909 = CARTESIAN_POINT ( 'NONE',  ( -32.70284944298067842, -26.30887709644581207, 52.12185297155323838 ) ) ;
#1910 = CARTESIAN_POINT ( 'NONE',  ( 10.67599115843850477, -4.738284780104929261, 64.99999999999998579 ) ) ;
#1911 = FACE_OUTER_BOUND ( 'NONE', #2531, .T. ) ;
#1912 = CARTESIAN_POINT ( 'NONE',  ( 9.623621587840728964, -18.80581537635979572, 58.66172701503688103 ) ) ;
#1913 = DIRECTION ( 'NONE',  ( -1.000000000000000000, 0.000000000000000000, -0.000000000000000000 ) ) ;
#1914 = CARTESIAN_POINT ( 'NONE',  ( -2.046318402376812173, 53.79902497959222529, 51.56820311584990435 ) ) ;
#1915 = CARTESIAN_POINT ( 'NONE',  ( 11.53542220003835084, -4.580455994721620350, 64.49999999999998579 ) ) ;
#1916 = CARTESIAN_POINT ( 'NONE',  ( 14.71528548414068993, -4.011933812756470097, 64.50000000000002842 ) ) ;
#1917 = DIRECTION ( 'NONE',  ( -1.000000000000000000, 0.000000000000000000, -0.000000000000000000 ) ) ;
#1918 = EDGE_CURVE ( 'NONE', #4259, #3748, #3280, .T. ) ;
#1919 = CARTESIAN_POINT ( 'NONE',  ( 83.90420212623232032, 5.010267689270522240, 54.16997420800088037 ) ) ;
#1920 = CARTESIAN_POINT ( 'NONE',  ( -2.178108213173720387, 22.56153240396085735, 50.22513609552080993 ) ) ;
#1921 = CARTESIAN_POINT ( 'NONE',  ( -18.91097845755695772, 74.16015598998302494, 52.57692267020238575 ) ) ;
#1922 = CARTESIAN_POINT ( 'NONE',  ( 80.26212278057820981, 22.52486594347405457, 55.19095766710470485 ) ) ;
#1923 = CARTESIAN_POINT ( 'NONE',  ( 40.68422740737811694, 60.49658045194196632, 58.55775530672372042 ) ) ;
#1924 = CARTESIAN_POINT ( 'NONE',  ( -44.35167053045709906, 57.85928914203019957, 54.50721846181760100 ) ) ;
#1925 = CARTESIAN_POINT ( 'NONE',  ( -30.12077981191868048, -15.49102122413519211, 49.54526119052251687 ) ) ;
#1926 = CARTESIAN_POINT ( 'NONE',  ( -68.48067029067942713, 25.00324134307430768, 55.61075304925470419 ) ) ;
#1927 = CARTESIAN_POINT ( 'NONE',  ( 22.66631586516448138, -0.07143390908770556880, 52.25069380780588801 ) ) ;
#1928 = CARTESIAN_POINT ( 'NONE',  ( 6.567317280233374355, -1.568372921130570363, 64.50000000000000000 ) ) ;
#1929 = ORIENTED_EDGE ( 'NONE', *, *, #983, .T. ) ;
#1930 = CARTESIAN_POINT ( 'NONE',  ( 12.59167625459235040, -1.952527568566468030, 64.50000000000000000 ) ) ;
#1931 = CARTESIAN_POINT ( 'NONE',  ( 1.183726570782192233, -33.85341786689607346, 54.94152922733294986 ) ) ;
#1932 = CARTESIAN_POINT ( 'NONE',  ( -15.76515327466642979, 7.599639695157565988, 56.76786141142857645 ) ) ;
#1933 = CARTESIAN_POINT ( 'NONE',  ( -57.03908686499211456, -47.82653431361470098, 52.21646215668554447 ) ) ;
#1934 = CARTESIAN_POINT ( 'NONE',  ( 17.22955205786929511, 25.87578696169657988, 56.96843774411961192 ) ) ;
#1935 = EDGE_LOOP ( 'NONE', ( #4034, #292, #563, #4799, #2180, #1379, #4737, #4702 ) ) ;
#1936 = CARTESIAN_POINT ( 'NONE',  ( 47.96891155940086549, -25.76906330168558412, 51.53301923720525224 ) ) ;
#1937 = LINE ( 'NONE', #3883, #3295 ) ;
#1938 = CARTESIAN_POINT ( 'NONE',  ( 7.165275016939951946, 64.21173777744853339, 49.25214573503922821 ) ) ;
#1939 = PLANE ( 'NONE',  #5946 ) ;
#1940 = CARTESIAN_POINT ( 'NONE',  ( 8.889906364889043289, -3.160810373101166970, 64.99999999999998579 ) ) ;
#1941 = LINE ( 'NONE', #822, #2012 ) ;
#1942 = CARTESIAN_POINT ( 'NONE',  ( 13.94917409256136587, -24.94675380965927047, 58.82816307791744492 ) ) ;
#1943 = CARTESIAN_POINT ( 'NONE',  ( -63.59588781397145141, 53.46205109679033995, 55.54650207301604325 ) ) ;
#1944 = CARTESIAN_POINT ( 'NONE',  ( 1.311000069898864417, -17.45211720004285993, 56.77057131884951957 ) ) ;
#1945 = DIRECTION ( 'NONE',  ( -0.000000000000000000, -0.000000000000000000, 1.000000000000000000 ) ) ;
#1946 = CARTESIAN_POINT ( 'NONE',  ( 52.02635862794573285, -38.31117907849575488, 49.25214573503922821 ) ) ;
#1947 = CARTESIAN_POINT ( 'NONE',  ( -36.58589682726679371, 72.40195615396184792, 52.01620108401275644 ) ) ;
#1948 = CARTESIAN_POINT ( 'NONE',  ( 49.46606977469988209, 10.03752670787712020, 54.84285211860134268 ) ) ;
#1949 = CARTESIAN_POINT ( 'NONE',  ( -9.903451178441043723, 14.42966922822086495, 54.28455349648622530 ) ) ;
#1950 = CARTESIAN_POINT ( 'NONE',  ( 21.94895614758770463, 35.44483673571542681, 58.73883500521245793 ) ) ;
#1951 = CARTESIAN_POINT ( 'NONE',  ( 81.77450758422861554, -0.8489082844173453379, 52.23261378884362927 ) ) ;
#1952 = EDGE_CURVE ( 'NONE', #4614, #5218, #469, .T. ) ;
#1953 = VECTOR ( 'NONE', #5253, 1000.000000000000000 ) ;
#1954 = CARTESIAN_POINT ( 'NONE',  ( -18.57786078651542994, 28.32457739186443746, 54.16378869841049948 ) ) ;
#1955 = CARTESIAN_POINT ( 'NONE',  ( -66.88499190752114032, -28.45618121684180934, 49.20342366528207378 ) ) ;
#1956 = B_SPLINE_CURVE_WITH_KNOTS ( 'NONE', 1,
 ( #1469, #3756 ),
 .UNSPECIFIED., .F., .F.,
 ( 2, 2 ),
 ( 0.000000000000000000, 1.000000000000000000 ),
 .UNSPECIFIED. ) ;
#1957 = CARTESIAN_POINT ( 'NONE',  ( -12.28466251790518626, 15.70011062657588852, 52.92955746418237339 ) ) ;
#1958 = CARTESIAN_POINT ( 'NONE',  ( 82.13563368143353216, 16.84033529082452674, 53.24760837922804058 ) ) ;
#1959 = CARTESIAN_POINT ( 'NONE',  ( 8.846804459720553737, -2.255271959592108466, 65.00000000000000000 ) ) ;
#1960 = VERTEX_POINT ( 'NONE', #5073 ) ;
#1961 = CARTESIAN_POINT ( 'NONE',  ( 74.40483890631116992, 35.00241544211173306, 54.38131881546944868 ) ) ;
#1962 = CARTESIAN_POINT ( 'NONE',  ( -61.59453733493580785, -0.09780457661353689214, 58.89294042011653119 ) ) ;
#1963 = CARTESIAN_POINT ( 'NONE',  ( -1.218604326365090973, -33.85147365302311329, 54.60391933889265914 ) ) ;
#1964 = CARTESIAN_POINT ( 'NONE',  ( -14.28930299512058610, 10.10505304113923941, 55.97356841948560913 ) ) ;
#1965 = CARTESIAN_POINT ( 'NONE',  ( -58.35919683646496026, -43.19601051426165128, 51.92782526929514120 ) ) ;
#1966 = CARTESIAN_POINT ( 'NONE',  ( 31.05329528603827782, 39.95037152869317509, 56.62585560515433514 ) ) ;
#1967 = EDGE_CURVE ( 'NONE', #3123, #4776, #4077, .T. ) ;
#1968 = B_SPLINE_CURVE_WITH_KNOTS ( 'NONE', 3,
 ( #5843, #28, #1407, #1476, #5743, #3411, #1979, #3345, #3378, #3440, #6320, #5395, #4408, #3923, #6254, #5337, #3827, #2801, #5370, #992, #1883, #5810, #412, #2868, #5777, #4760, #4826, #479, #3313, #1946 ),
 .UNSPECIFIED., .F., .F.,
 ( 4, 2, 2, 2, 2, 2, 2, 2, 2, 2, 2, 2, 2, 2, 4 ),
 ( 0.000000000000000000, 0.06250000000000000000, 0.1250000000000000000, 0.1874999999999999722, 0.2500000000000000000, 0.3749999999999999445, 0.4375000000000000000, 0.5000000000000000000, 0.6250000000000000000, 0.6875000000000000000, 0.7499999999999998890, 0.8750000000000000000, 0.9062500000000001110, 0.9375000000000000000, 1.000000000000000000 ),
 .UNSPECIFIED. ) ;
#1969 = ORIENTED_EDGE ( 'NONE', *, *, #1918, .T. ) ;
#1970 = CARTESIAN_POINT ( 'NONE',  ( 28.64212343026321150, -9.417188241639433244, 52.37616351044912477 ) ) ;
#1971 = CARTESIAN_POINT ( 'NONE',  ( -2.833198518436822244, 19.27941756062022449, 50.46035257284535192 ) ) ;
#1972 = CARTESIAN_POINT ( 'NONE',  ( 9.644659062115540138, -4.480121974436917398, 64.49999999999998579 ) ) ;
#1973 = CARTESIAN_POINT ( 'NONE',  ( -22.45612703084303163, -20.07834667598040213, 52.37623202892461904 ) ) ;
#1974 = CARTESIAN_POINT ( 'NONE',  ( 13.84905626418828817, -24.78577508042512889, 58.82683162956509904 ) ) ;
#1975 = DIRECTION ( 'NONE',  ( 0.000000000000000000, -1.000000000000000000, 0.000000000000000000 ) ) ;
#1976 = CARTESIAN_POINT ( 'NONE',  ( -0.03749881694652772851, -17.50138629677362800, 56.40227238544706267 ) ) ;
#1977 = VECTOR ( 'NONE', #3782, 1000.000000000000000 ) ;
#1978 = CARTESIAN_POINT ( 'NONE',  ( 17.23364206661855391, -3.050050626943530574, 53.07614270205873908 ) ) ;
#1979 = CARTESIAN_POINT ( 'NONE',  ( 24.54535160880576683, -7.978948802369368209, 50.76934175048897657 ) ) ;
#1980 = CARTESIAN_POINT ( 'NONE',  ( -63.65498885963766185, 53.39170178329205640, 53.94913993833711174 ) ) ;
#1981 = CARTESIAN_POINT ( 'NONE',  ( 24.37728278264978599, -7.514652035096288429, 52.46855717931578056 ) ) ;
#1982 = CARTESIAN_POINT ( 'NONE',  ( 22.60681020374956063, -70.21388429319441116, 57.87242576151191287 ) ) ;
#1983 = CARTESIAN_POINT ( 'NONE',  ( 9.865095987329794980, 14.45593938379596111, 56.89487708261462728 ) ) ;
#1984 = CARTESIAN_POINT ( 'NONE',  ( 36.92965604159851267, 48.50404893914540594, 58.27886116329585064 ) ) ;
#1985 = CARTESIAN_POINT ( 'NONE',  ( -14.23924228888674648, 36.78905481862722837, 53.15296643978309987 ) ) ;
#1986 = CARTESIAN_POINT ( 'NONE',  ( -52.86474723035562562, -31.91391792526961879, 49.87375673064659054 ) ) ;
#1987 = CARTESIAN_POINT ( 'NONE',  ( -47.10788070727868870, 39.92553898130064027, 53.92326174513908654 ) ) ;
#1988 = CARTESIAN_POINT ( 'NONE',  ( 37.79257646583082675, -11.30829615559572154, 50.88791804414665165 ) ) ;
#1989 = AXIS2_PLACEMENT_3D ( 'NONE', #5737, #988, #1367 ) ;
#1990 = CARTESIAN_POINT ( 'NONE',  ( 11.21146625460857926, -7.008048629288189169, 64.50000000000000000 ) ) ;
#1991 = EDGE_LOOP ( 'NONE', ( #6275, #935, #229, #1314 ) ) ;
#1992 = CARTESIAN_POINT ( 'NONE',  ( 80.23735058870404657, 22.61295871882329322, 53.59357610256688531 ) ) ;
#1993 = CARTESIAN_POINT ( 'NONE',  ( -25.44281662756380058, 1.874288843501832336, 58.54561273598408633 ) ) ;
#1994 = CARTESIAN_POINT ( 'NONE',  ( -7.997117497612782344, -44.30853059469940547, 53.92552112561573097 ) ) ;
#1995 = DIRECTION ( 'NONE',  ( -0.000000000000000000, -0.000000000000000000, -1.000000000000000000 ) ) ;
#1996 = CARTESIAN_POINT ( 'NONE',  ( 13.73615358434460099, 10.19375955455777216, 55.30106040956448510 ) ) ;
#1997 = ORIENTED_EDGE ( 'NONE', *, *, #1717, .T. ) ;
#1998 = CARTESIAN_POINT ( 'NONE',  ( 34.60317868287842913, -12.10705425001352964, 52.28262920477872200 ) ) ;
#1999 = CARTESIAN_POINT ( 'NONE',  ( -35.62723002910135506, -74.75446091075006905, 54.26148292612398905 ) ) ;
#2000 = LINE ( 'NONE', #4908, #6165 ) ;
#2001 = ADVANCED_FACE ( 'NONE', ( #5612 ), #4523, .T. ) ;
#2002 = CARTESIAN_POINT ( 'NONE',  ( -25.83007333331645228, -22.68654897274058868, 52.33142874588539684 ) ) ;
#2003 = CARTESIAN_POINT ( 'NONE',  ( -47.78468732216738601, 2.713857473394230002, 58.61615658905542858 ) ) ;
#2004 = CARTESIAN_POINT ( 'NONE',  ( -36.50194913449652034, 72.44432908656439452, 53.61343601611824283 ) ) ;
#2005 = FACE_OUTER_BOUND ( 'NONE', #2465, .T. ) ;
#2006 = VECTOR ( 'NONE', #4974, 1000.000000000000000 ) ;
#2007 = CARTESIAN_POINT ( 'NONE',  ( 17.41480197791874929, -1.737532608108463217, 53.43776124430839047 ) ) ;
#2008 = CARTESIAN_POINT ( 'NONE',  ( -7.792684350741991395, -18.34883498624664000, 54.48876621471194426 ) ) ;
#2009 = CARTESIAN_POINT ( 'NONE',  ( 12.10794844020714756, -6.842367880785201528, 64.50000000000001421 ) ) ;
#2010 = CARTESIAN_POINT ( 'NONE',  ( -51.23278595951748571, 65.57623126128338242, 52.94903657629062366 ) ) ;
#2011 = CARTESIAN_POINT ( 'NONE',  ( 59.10088590333980108, -17.89547513776309628, 52.48111103742235883 ) ) ;
#2012 = VECTOR ( 'NONE', #5298, 1000.000000000000000 ) ;
#2013 = CARTESIAN_POINT ( 'NONE',  ( -14.29749061436470292, -10.09219426267713438, 50.75775586128239070 ) ) ;
#2014 = CARTESIAN_POINT ( 'NONE',  ( -72.86351772590181497, 26.07709071114145516, 57.24385595671245142 ) ) ;
#2015 = CARTESIAN_POINT ( 'NONE',  ( 37.74300617243032718, 49.01193241545518475, 58.25258113171466334 ) ) ;
#2016 = CARTESIAN_POINT ( 'NONE',  ( -2.116305211648292328, 25.35895280592608358, 51.79482717226903077 ) ) ;
#2017 = CARTESIAN_POINT ( 'NONE',  ( -50.36062693711490823, -35.46930390252062182, 50.21053397710712574 ) ) ;
#2018 = CARTESIAN_POINT ( 'NONE',  ( -12.66175783509769204, 18.86811321298920774, 52.58838654515736266 ) ) ;
#2019 = CARTESIAN_POINT ( 'NONE',  ( 22.39828458670529798, -12.21027485962312653, 49.88608962002313518 ) ) ;
#2020 = CARTESIAN_POINT ( 'NONE',  ( 9.444209250533059929, -4.338149321640131895, 65.00000000000000000 ) ) ;
#2021 = ORIENTED_EDGE ( 'NONE', *, *, #225, .F. ) ;
#2022 = CARTESIAN_POINT ( 'NONE',  ( 25.28027292773283463, -43.68386627447122095, 58.89104883252447564 ) ) ;
#2023 = CARTESIAN_POINT ( 'NONE',  ( -38.47267674657982894, 8.263754104700122838, 57.87967215400536247 ) ) ;
#2024 = CARTESIAN_POINT ( 'NONE',  ( -0.9797990555969766646, -28.28097827538229936, 54.60680874277719710 ) ) ;
#2025 = B_SPLINE_CURVE_WITH_KNOTS ( 'NONE', 3,
 ( #5906, #5373, #2516, #1, #578, #4980, #3503, #1949, #4018, #4411, #3927, #5341, #608, #2485, #996, #1508, #5877, #1445, #3443, #4473, #3896, #5458, #965, #94, #2425, #5846, #2044, #1479, #3381, #3414, #516, #2935, #5398, #1025, #2547, #2964, #5935, #4918, #546, #61, #1535, #3988, #4503, #667, #3532, #1242, #697, #3563, #6024, #2609, #273, #1655, #3627, #152, #5103, #637, #5963, #6055, #2221, #5582, #2099, #1210, #3177, #5611, #5488, #2640, #5134, #5011, #4593, #762, #2702, #4531, #4076, #1623, #1592, #1116, #4659 ),
 .UNSPECIFIED., .F., .F.,
 ( 4, 1, 1, 1, 1, 1, 1, 1, 1, 2, 2, 2, 2, 2, 1, 1, 1, 1, 2, 2, 2, 2, 1, 1, 1, 1, 1, 2, 2, 2, 2, 2, 1, 1, 1, 1, 2, 2, 2, 1, 1, 1, 2, 2, 2, 2, 1, 1, 1, 2, 2, 4 ),
 ( 0.000000000000000000, 0.1249999999998047118, 0.1874999999997072619, 0.2187499999996583289, 0.2343749999996338207, 0.2421874999996210531, 0.2460937499996141697, 0.2480468749996106725, 0.2490234374996090905, 0.2495117187496079525, 0.2499999999996068423, 0.3124999999993059996, 0.3437499999991561195, 0.3593749999990811239, 0.3671874999990436539, 0.3710937499990249466, 0.3730468749990156763, 0.3740234374990110688, 0.3745117187490085708, 0.3749999999990060173, 0.4374999999986827759, 0.4687499999985211829, 0.4843749999984406918, 0.4921874999984005572, 0.4960937499983808507, 0.4980468749983711918, 0.4990234374983663068, 0.4995117187483641419, 0.4999999999983619214, 0.5624999999985620391, 0.5937499999986622923, 0.6093749999987122523, 0.6171874999987371213, 0.6210937499987495558, 0.6230468749987554400, 0.6240234374987586596, 0.6245117187487604360, 0.6249999999987622123, 0.6874999999989751531, 0.7187499999990820676, 0.7343749999991352473, 0.7421874999991618926, 0.7460937499991749933, 0.7499999999991880939, 0.8124999999993949285, 0.8437499999994981792, 0.8593749999995495825, 0.8671874999995753397, 0.8710937499995884403, 0.8730468749995948796, 0.8749999999996014299, 1.000000000000000000 ),
 .UNSPECIFIED. ) ;
#2026 = CARTESIAN_POINT ( 'NONE',  ( 8.485385484056493510, -78.59332647003571992, 56.89829248759525626 ) ) ;
#2027 = CARTESIAN_POINT ( 'NONE',  ( 30.20178483652775370, 25.37832314478489337, 55.61475204588176524 ) ) ;
#2028 = VERTEX_POINT ( 'NONE', #153 ) ;
#2029 = CARTESIAN_POINT ( 'NONE',  ( 27.99581213848862760, -9.202946741384048224, 52.37690324078221238 ) ) ;
#2030 = EDGE_CURVE ( 'NONE', #252, #1522, #1159, .T. ) ;
#2031 = CARTESIAN_POINT ( 'NONE',  ( 3.812051990129686985, 61.38696714318339076, 49.48571190064031100 ) ) ;
#2032 = CARTESIAN_POINT ( 'NONE',  ( 9.480747853020494276, -6.863973954786521503, 65.00000000000002842 ) ) ;
#2033 = CARTESIAN_POINT ( 'NONE',  ( 7.197553230568584759, -15.95273194453817389, 58.43623408489855109 ) ) ;
#2034 = CARTESIAN_POINT ( 'NONE',  ( -34.70252243091938738, -27.01715366203233870, 52.04541736423445286 ) ) ;
#2035 = CARTESIAN_POINT ( 'NONE',  ( -45.12080896828554444, 2.021784535295235496, 58.67289213724758667 ) ) ;
#2036 = LINE ( 'NONE', #4374, #5739 ) ;
#2037 = CARTESIAN_POINT ( 'NONE',  ( -1.746370253693379615, -17.41393170224464271, 55.93525643580705520 ) ) ;
#2038 = CARTESIAN_POINT ( 'NONE',  ( 16.85616426422705771, -4.708091313633328667, 52.61205503374818448 ) ) ;
#2039 = VECTOR ( 'NONE', #4870, 1000.000000000000000 ) ;
#2040 = CARTESIAN_POINT ( 'NONE',  ( -7.171682452665010032, -38.79151524095384218, 55.51585101007965051 ) ) ;
#2041 = CARTESIAN_POINT ( 'NONE',  ( 7.586320120116645249, -15.77050472908561574, 56.89489483420111782 ) ) ;
#2042 = CARTESIAN_POINT ( 'NONE',  ( 59.71580297237784407, -34.30812991398012457, 51.39643518157086532 ) ) ;
#2043 = CARTESIAN_POINT ( 'NONE',  ( 30.97430194981678042, -2.634666757221080680, 53.48716689115477863 ) ) ;
#2044 = CARTESIAN_POINT ( 'NONE',  ( -8.568146649913815693, 15.26043230513628579, 53.85535945339562858 ) ) ;
#2045 = CARTESIAN_POINT ( 'NONE',  ( 32.38756386316810421, 45.56444527299142777, 56.82745588964370143 ) ) ;
#2046 = DIRECTION ( 'NONE',  ( 0.000000000000000000, 1.000000000000000000, 0.000000000000000000 ) ) ;
#2047 = CARTESIAN_POINT ( 'NONE',  ( -5.419808722250482269, 61.35869849156341616, 51.80654254499447120 ) ) ;
#2048 = LINE ( 'NONE', #2134, #3374 ) ;
#2049 = CARTESIAN_POINT ( 'NONE',  ( -16.34873158704134610, 15.78149604755303770, 53.60045532112806654 ) ) ;
#2050 = CARTESIAN_POINT ( 'NONE',  ( 16.47508409426162501, -4.751415280998262602, 50.91154283860489471 ) ) ;
#2051 = CARTESIAN_POINT ( 'NONE',  ( 11.67449774821100306, -6.941245600636925417, 64.50000000000001421 ) ) ;
#2052 = ORIENTED_EDGE ( 'NONE', *, *, #3822, .F. ) ;
#2053 = CARTESIAN_POINT ( 'NONE',  ( 17.28326456736917294, -35.46315240840949201, 58.55403138707661981 ) ) ;
#2054 = CARTESIAN_POINT ( 'NONE',  ( -27.16018604891160493, 7.939394074940866908, 57.53693641487853938 ) ) ;
#2055 = CARTESIAN_POINT ( 'NONE',  ( -20.85998920811206503, -81.42372938547282502, 53.58513254496358513 ) ) ;
#2056 = CARTESIAN_POINT ( 'NONE',  ( -0.2031347567098796547, -81.09378378902860618, 56.37269089668708233 ) ) ;
#2057 = CARTESIAN_POINT ( 'NONE',  ( 60.46782376600317122, 58.38396398230903372, 55.94778876194615691 ) ) ;
#2058 = EDGE_LOOP ( 'NONE', ( #5358, #716, #2558, #4184 ) ) ;
#2059 = CARTESIAN_POINT ( 'NONE',  ( 14.82427777033161043, -3.179335567655508843, 65.00000000000001421 ) ) ;
#2060 = CARTESIAN_POINT ( 'NONE',  ( -2.024201302995833007, -81.46669717212640194, 56.26543369896402425 ) ) ;
#2061 = CARTESIAN_POINT ( 'NONE',  ( 6.985972207211032625, -4.790694518972637539, 65.00000000000001421 ) ) ;
#2062 = CARTESIAN_POINT ( 'NONE',  ( -48.69161906243858340, -28.52806971761011567, 51.41636682523011359 ) ) ;
#2063 = CARTESIAN_POINT ( 'NONE',  ( -39.33263018081584050, 0.9656835694470922160, 58.77145122895007745 ) ) ;
#2064 = B_SPLINE_CURVE_WITH_KNOTS ( 'NONE', 3,
 ( #3279, #6190, #798, #1816, #1784, #5711, #4632, #1339, #5235, #4597, #213, #2256, #3148, #5107, #1692, #4145, #6090, #5170, #2164, #4112 ),
 .UNSPECIFIED., .F., .F.,
 ( 4, 2, 2, 2, 2, 2, 2, 2, 2, 4 ),
 ( 0.000000000000000000, 0.1250000000000000000, 0.2500000000000000000, 0.3750000000000000000, 0.5000000000000000000, 0.6250000000000000000, 0.7500000000000000000, 0.8750000000000000000, 0.9374999999999998890, 1.000000000000000000 ),
 .UNSPECIFIED. ) ;
#2065 = LINE ( 'NONE', #5872, #5781 ) ;
#2066 = CARTESIAN_POINT ( 'NONE',  ( 17.19866652166271237, -3.240552375487562031, 53.02329797815191625 ) ) ;
#2067 = CARTESIAN_POINT ( 'NONE',  ( -18.18087948656341268, -70.59884516917033181, 55.18219881576282404 ) ) ;
#2068 = CARTESIAN_POINT ( 'NONE',  ( 17.06058910744976842, -29.16319121817558013, 57.30190687792217830 ) ) ;
#2069 = LINE ( 'NONE', #1653, #4190 ) ;
#2070 = CARTESIAN_POINT ( 'NONE',  ( 49.21272100368918956, -11.21122527547066383, 52.81706546551866666 ) ) ;
#2071 = CARTESIAN_POINT ( 'NONE',  ( 4.287830100746195860, -6.692130933951083271, 65.00000000000000000 ) ) ;
#2072 = CARTESIAN_POINT ( 'NONE',  ( 34.46444393110852644, 46.91526086492002889, 58.35844200769091827 ) ) ;
#2073 = PLANE ( 'NONE',  #5238 ) ;
#2074 = CARTESIAN_POINT ( 'NONE',  ( -19.16419111227008898, 81.83968785418875314, 52.48232694317075442 ) ) ;
#2075 = CARTESIAN_POINT ( 'NONE',  ( -68.30518519280828116, 12.38970082809333029, 56.42265605877345536 ) ) ;
#2076 = CARTESIAN_POINT ( 'NONE',  ( -15.04611523641984405, 8.939196807915957166, 56.35288094731433262 ) ) ;
#2077 = EDGE_CURVE ( 'NONE', #5624, #395, #4733, .T. ) ;
#2078 = CARTESIAN_POINT ( 'NONE',  ( -44.16031721255240683, 43.16339936654484433, 53.58582972266929545 ) ) ;
#2079 = CARTESIAN_POINT ( 'NONE',  ( 50.02849688796599281, -7.582021771793105103, 51.56195494222485110 ) ) ;
#2080 = CARTESIAN_POINT ( 'NONE',  ( 12.10794844020714756, -6.842367880785201528, 64.50000000000001421 ) ) ;
#2081 = EDGE_LOOP ( 'NONE', ( #5286, #3542, #2620, #4317 ) ) ;
#2082 = CARTESIAN_POINT ( 'NONE',  ( 5.087665038811735485, -16.33017140614365914, 57.85595025635720390 ) ) ;
#2083 = CARTESIAN_POINT ( 'NONE',  ( -21.79290012679375721, 6.428762597252866584, 57.53121715084881060 ) ) ;
#2084 = CARTESIAN_POINT ( 'NONE',  ( -15.03731899296509233, -82.69737982915874852, 53.92265603490859149 ) ) ;
#2085 = CYLINDRICAL_SURFACE ( 'NONE', #3716, 17.49999999999999645 ) ;
#2086 = CARTESIAN_POINT ( 'NONE',  ( 24.29954790888925587, 23.59816530940129553, 55.95549426946240601 ) ) ;
#2087 = ORIENTED_EDGE ( 'NONE', *, *, #1424, .T. ) ;
#2088 = CARTESIAN_POINT ( 'NONE',  ( -37.63883260569166112, -73.45199766873567171, 52.52168235462700352 ) ) ;
#2089 = CARTESIAN_POINT ( 'NONE',  ( -11.40573394029766163, -13.27420593123302339, 53.02329797815192336 ) ) ;
#2090 = CARTESIAN_POINT ( 'NONE',  ( -14.21438119057795113, -10.21007875897271155, 50.22821045322059064 ) ) ;
#2091 = CARTESIAN_POINT ( 'NONE',  ( -40.01106388720307194, -28.25743731329645314, 51.82303194444484262 ) ) ;
#2092 = CARTESIAN_POINT ( 'NONE',  ( -46.63104431287494123, 2.405531739899898991, 58.64113473351416417 ) ) ;
#2093 = CARTESIAN_POINT ( 'NONE',  ( -10.65748370791959054, -81.98637420498943129, 54.16475837536745530 ) ) ;
#2094 = CARTESIAN_POINT ( 'NONE',  ( 12.16990731948675908, -4.114788652973519589, 64.49999999999998579 ) ) ;
#2095 = CARTESIAN_POINT ( 'NONE',  ( -14.47986452277017122, -24.23102873120414102, 53.82321070859740075 ) ) ;
#2096 = CARTESIAN_POINT ( 'NONE',  ( 10.89164165016941865, -7.014465882254286910, 64.50000000000000000 ) ) ;
#2097 = CARTESIAN_POINT ( 'NONE',  ( 57.73415396061561466, -35.51179938440640882, 51.25300023479661604 ) ) ;
#2098 = CARTESIAN_POINT ( 'NONE',  ( 72.65919168023442865, -5.947559776516791352, 53.49457947812896919 ) ) ;
#2099 = CARTESIAN_POINT ( 'NONE',  ( -4.378491485976071296, 16.94476898559575417, 52.61986803428398929 ) ) ;
#2100 = CARTESIAN_POINT ( 'NONE',  ( 19.72165097232743847, -36.73077197821938711, 58.73883500521245793 ) ) ;
#2101 = CARTESIAN_POINT ( 'NONE',  ( -2.719959736161019048, 19.84913332440287803, 52.05599737866297971 ) ) ;
#2102 = CARTESIAN_POINT ( 'NONE',  ( 73.71042038297952104, 36.03960340948523111, 54.45308968096160385 ) ) ;
#2103 = EDGE_CURVE ( 'NONE', #1422, #5476, #2593, .T. ) ;
#2104 = CARTESIAN_POINT ( 'NONE',  ( -13.30990691783058466, 82.99255405712119682, 52.14443844957490626 ) ) ;
#2105 = AXIS2_PLACEMENT_3D ( 'NONE', #4748, #1771, #4779 ) ;
#2106 = CARTESIAN_POINT ( 'NONE',  ( 41.61203266683005353, -17.28185431160392937, 52.00451690984960607 ) ) ;
#2107 = CARTESIAN_POINT ( 'NONE',  ( 5.729826533665984378, -16.66004276750280511, 56.33323075706002214 ) ) ;
#2108 = CARTESIAN_POINT ( 'NONE',  ( -11.27129435262047608, 19.66532230397865177, 52.25069380780588801 ) ) ;
#2109 = CARTESIAN_POINT ( 'NONE',  ( 43.12773709404604716, -12.92832547599724080, 50.88706222600584539 ) ) ;
#2110 = CARTESIAN_POINT ( 'NONE',  ( 14.75823501538300242, -3.770835212507497314, 64.49999999999998579 ) ) ;
#2111 = ORIENTED_EDGE ( 'NONE', *, *, #1384, .T. ) ;
#2112 = CARTESIAN_POINT ( 'NONE',  ( 4.637415984013613546, -19.38678566256288960, 57.52751954498400977 ) ) ;
#2113 = CARTESIAN_POINT ( 'NONE',  ( -37.01443407857064472, 13.64326563483645316, 57.20409804866131509 ) ) ;
#2114 = CARTESIAN_POINT ( 'NONE',  ( -8.745645457544100054, -17.91447981191208427, 52.59216723177765118 ) ) ;
#2115 = CARTESIAN_POINT ( 'NONE',  ( -25.44393248100467986, -0.2064092317832223744, 57.30748762167205257 ) ) ;
#2116 = CARTESIAN_POINT ( 'NONE',  ( 52.43652175025186324, 50.64746903396466848, 55.94838142381779278 ) ) ;
#2117 = ORIENTED_EDGE ( 'NONE', *, *, #1095, .T. ) ;
#2118 = EDGE_CURVE ( 'NONE', #435, #5144, #4661, .T. ) ;
#2119 = CARTESIAN_POINT ( 'NONE',  ( -47.02005643534499058, -65.22168402689581512, 51.80036149086982533 ) ) ;
#2120 = CARTESIAN_POINT ( 'NONE',  ( -7.761979214450546394, -15.68788642509333009, 54.21890668359799292 ) ) ;
#2121 = CARTESIAN_POINT ( 'NONE',  ( -35.67029007129259810, -27.52959116976231613, 50.41334836933680208 ) ) ;
#2122 = CARTESIAN_POINT ( 'NONE',  ( 15.25765262731107974, 8.573147488037641040, 56.35676959637520156 ) ) ;
#2123 = CARTESIAN_POINT ( 'NONE',  ( -68.73290963050729374, 12.87452257172691894, 58.00114532336356632 ) ) ;
#2124 = CARTESIAN_POINT ( 'NONE',  ( -59.23068155553999503, -38.32244712518848218, 50.02571519731076677 ) ) ;
#2125 = CARTESIAN_POINT ( 'NONE',  ( 10.61739671306626676, -7.015927983390279010, 65.00000000000001421 ) ) ;
#2126 = CARTESIAN_POINT ( 'NONE',  ( -22.93060074230533729, -38.61771104289382350, 53.82959318728958920 ) ) ;
#2127 = CARTESIAN_POINT ( 'NONE',  ( 15.00000000000000000, 1.836970198721029589E-15, 62.00000000000000000 ) ) ;
#2128 = CARTESIAN_POINT ( 'NONE',  ( 69.83674960782860808, -25.59866490735657862, 52.20731486829981804 ) ) ;
#2129 = CARTESIAN_POINT ( 'NONE',  ( 23.01964994912690443, -10.84670232751400576, 51.79482717226903077 ) ) ;
#2130 = CARTESIAN_POINT ( 'NONE',  ( -13.29678528386918934, 1.639699995536096910, 65.00000000000000000 ) ) ;
#2131 = CARTESIAN_POINT ( 'NONE',  ( -2.838402925747277372, 20.07368100433819791, 52.07582078196824682 ) ) ;
#2132 = CARTESIAN_POINT ( 'NONE',  ( 12.93829095249386896, 21.16400562154304410, 58.77769708745262278 ) ) ;
#2133 = CARTESIAN_POINT ( 'NONE',  ( -21.51983740590726057, 69.46363507963151562, 52.81934259813401411 ) ) ;
#2134 = CARTESIAN_POINT ( 'NONE',  ( 6.567317280233374355, -1.568372921130570363, 64.50000000000000000 ) ) ;
#2135 = CARTESIAN_POINT ( 'NONE',  ( -14.66996435040763025, 9.547289980839256174, 56.15779771374720752 ) ) ;
#2136 = CARTESIAN_POINT ( 'NONE',  ( -10.12617668239476210, 32.23529147396187966, 51.22823526680555517 ) ) ;
#2137 = EDGE_CURVE ( 'NONE', #1836, #3972, #84, .T. ) ;
#2138 = CARTESIAN_POINT ( 'NONE',  ( 4.287830100746195860, 6.007869066048916018, 64.50000000000000000 ) ) ;
#2139 = CARTESIAN_POINT ( 'NONE',  ( 71.68365351364272442, -23.50061599629765396, 52.37402915538995529 ) ) ;
#2140 = ORIENTED_EDGE ( 'NONE', *, *, #2699, .T. ) ;
#2141 = CARTESIAN_POINT ( 'NONE',  ( 11.09822656127966489, -22.97126996505023655, 58.54561273598408633 ) ) ;
#2142 = CARTESIAN_POINT ( 'NONE',  ( -66.33916205807891231, 29.78992765961074696, 56.86986824350265834 ) ) ;
#2143 = CARTESIAN_POINT ( 'NONE',  ( -17.14323591472568609, -41.63309434840483902, 52.91334863215960382 ) ) ;
#2144 = CARTESIAN_POINT ( 'NONE',  ( -24.55825533521875315, 6.899701203739838640, 55.96153492361311521 ) ) ;
#2145 = CARTESIAN_POINT ( 'NONE',  ( 39.80727075877044996, 21.03763231605479689, 54.60046424195689951 ) ) ;
#2146 = CARTESIAN_POINT ( 'NONE',  ( -32.88701189038798134, 73.37031878380761896, 53.39754509468891541 ) ) ;
#2147 = ORIENTED_EDGE ( 'NONE', *, *, #701, .F. ) ;
#2148 = CARTESIAN_POINT ( 'NONE',  ( -20.62395526640201382, -80.77147026138338504, 55.19095766710470485 ) ) ;
#2149 = CARTESIAN_POINT ( 'NONE',  ( -54.01040826018477503, -27.68273341747083549, 49.54308883841095223 ) ) ;
#2150 = CARTESIAN_POINT ( 'NONE',  ( 15.87779934411337379, 7.361550228230446358, 55.98533980781179764 ) ) ;
#2151 = CARTESIAN_POINT ( 'NONE',  ( 9.864497665832372419, 14.45519830980486908, 56.89489483420111071 ) ) ;
#2152 = EDGE_CURVE ( 'NONE', #5730, #5698, #4563, .T. ) ;
#2153 = CARTESIAN_POINT ( 'NONE',  ( -6.889438486470480072, -81.93768837841008690, 54.38131881546944868 ) ) ;
#2154 = FACE_OUTER_BOUND ( 'NONE', #902, .T. ) ;
#2155 = CARTESIAN_POINT ( 'NONE',  ( -25.75431528559846939, -43.40924944692878285, 53.83034333743024291 ) ) ;
#2156 = CARTESIAN_POINT ( 'NONE',  ( 8.846928406984323701, -2.340940621712085168, 64.50000000000000000 ) ) ;
#2157 = CARTESIAN_POINT ( 'NONE',  ( 13.79431282280861737, -27.85912325878962292, 56.96843774411961192 ) ) ;
#2158 = CARTESIAN_POINT ( 'NONE',  ( 74.77890106392750624, 34.37404327233340950, 55.94188790906514441 ) ) ;
#2159 = CARTESIAN_POINT ( 'NONE',  ( 14.26899613822844159, -9.504988869035672749, 51.10879161060707787 ) ) ;
#2160 = CARTESIAN_POINT ( 'NONE',  ( 23.45421172920466901, -54.44819551815086811, 58.32738940151423890 ) ) ;
#2161 = DIRECTION ( 'NONE',  ( 1.000000000000000000, 0.000000000000000000, 0.000000000000000000 ) ) ;
#2162 = CARTESIAN_POINT ( 'NONE',  ( -6.732091067934735662, 33.71277417463735304, 52.33142874588539684 ) ) ;
#2163 = CARTESIAN_POINT ( 'NONE',  ( 23.46258641831078506, 37.13654145011638974, 58.69671743481568882 ) ) ;
#2164 = CARTESIAN_POINT ( 'NONE',  ( -18.64655870744718413, 1.085861000810925514, 56.98568999657366874 ) ) ;
#2165 = CARTESIAN_POINT ( 'NONE',  ( -29.54567074823327388, 0.3235244491729023508, 58.84028632213153998 ) ) ;
#2166 = VECTOR ( 'NONE', #1975, 1000.000000000000000 ) ;
#2167 = CARTESIAN_POINT ( 'NONE',  ( 33.57261907472638285, 20.71575810174132570, 56.52836702536914970 ) ) ;
#2168 =( LENGTH_UNIT ( ) NAMED_UNIT ( * ) SI_UNIT ( .MILLI., .METRE. ) );
#2169 = CARTESIAN_POINT ( 'NONE',  ( -11.40215148875769557, 28.91860063268890713, 51.56738055213735095 ) ) ;
#2170 = CARTESIAN_POINT ( 'NONE',  ( 1.051802119339500852, 68.21892745068170427, 51.31214940365546084 ) ) ;
#2171 = CARTESIAN_POINT ( 'NONE',  ( 60.73455397356595853, -33.68386264287794063, 51.47030750241254538 ) ) ;
#2172 = VERTEX_POINT ( 'NONE', #4483 ) ;
#2173 = CARTESIAN_POINT ( 'NONE',  ( 50.16144838093979530, -30.68315911356928183, 51.26555190507597359 ) ) ;
#2174 = CARTESIAN_POINT ( 'NONE',  ( 5.227170179869423450, -30.64283747386550871, 57.20034084860644441 ) ) ;
#2175 = CARTESIAN_POINT ( 'NONE',  ( -29.80372981729907522, 16.09946000601109617, 56.52577789926413487 ) ) ;
#2176 = CARTESIAN_POINT ( 'NONE',  ( -17.10067463373635732, -29.14253677552726529, 52.24185941959986224 ) ) ;
#2177 = CARTESIAN_POINT ( 'NONE',  ( -49.38845445999702122, 10.40993297787589533, 56.28832886872206842 ) ) ;
#2178 = CARTESIAN_POINT ( 'NONE',  ( 21.34234334478211892, 7.798850509556579880, 53.93772669080191662 ) ) ;
#2179 = CARTESIAN_POINT ( 'NONE',  ( -47.00155723323668155, 68.17902118465636363, 52.66413812702142394 ) ) ;
#2180 = ORIENTED_EDGE ( 'NONE', *, *, #2816, .T. ) ;
#2181 = CARTESIAN_POINT ( 'NONE',  ( -25.34679032684506694, -79.45849517142067953, 53.30769127333542912 ) ) ;
#2182 = CARTESIAN_POINT ( 'NONE',  ( -10.01416562348935635, -14.35318252623117985, 53.50397477029411419 ) ) ;
#2183 = CARTESIAN_POINT ( 'NONE',  ( -14.21359855465954958, -10.20953970798669985, 50.22821245501211962 ) ) ;
#2184 = CARTESIAN_POINT ( 'NONE',  ( -32.03186068476411208, 0.3795105996802549120, 58.83494119523157195 ) ) ;
#2185 = CARTESIAN_POINT ( 'NONE',  ( 12.33422692151443734, -77.00875890179163719, 55.53895740161986794 ) ) ;
#2186 = AXIS2_PLACEMENT_3D ( 'NONE', #5382, #1005, #3208 ) ;
#2187 = CARTESIAN_POINT ( 'NONE',  ( 12.16990731948675908, -4.114788652973519589, 64.99999999999998579 ) ) ;
#2188 = CARTESIAN_POINT ( 'NONE',  ( -9.923521857703125448, -13.98552937456990897, 53.46688451991444424 ) ) ;
#2189 = CARTESIAN_POINT ( 'NONE',  ( 82.47694958175424063, 5.902853164379940232, 54.22584806429714632 ) ) ;
#2190 = CARTESIAN_POINT ( 'NONE',  ( 22.45924757076520351, -17.06478142509816109, 50.79513397377060357 ) ) ;
#2191 = CARTESIAN_POINT ( 'NONE',  ( 23.54832359289042998, -61.72332842696151545, 58.12520731961569709 ) ) ;
#2192 = CARTESIAN_POINT ( 'NONE',  ( 23.63697013319932339, -58.13874277452576678, 58.22716814807952090 ) ) ;
#2193 = CARTESIAN_POINT ( 'NONE',  ( -6.160294771968215066, 29.48674981731070233, 52.37623202892461194 ) ) ;
#2194 = CARTESIAN_POINT ( 'NONE',  ( 25.57477321487035482, 39.35983629129747641, 58.63596719360329956 ) ) ;
#2195 = CARTESIAN_POINT ( 'NONE',  ( 52.02635862794573285, -38.31117907849575488, 49.25214573503922821 ) ) ;
#2196 = CARTESIAN_POINT ( 'NONE',  ( 5.156222560003080879, 65.72734497814994370, 49.41162545501246228 ) ) ;
#2197 = CARTESIAN_POINT ( 'NONE',  ( 36.06806107909942938, 15.73444934780909854, 55.85331186081324262 ) ) ;
#2198 = DIRECTION ( 'NONE',  ( 1.000000000000000000, 0.000000000000000000, 0.000000000000000000 ) ) ;
#2199 = CARTESIAN_POINT ( 'NONE',  ( -5.346630196960424186, 22.08349900743842653, 50.89886135522049670 ) ) ;
#2200 = CARTESIAN_POINT ( 'NONE',  ( -5.801714885646378939, 71.30993965933510026, 51.77273500069839685 ) ) ;
#2201 = CARTESIAN_POINT ( 'NONE',  ( -2.833198518436822244, 19.27941756062022449, 50.46035257284535192 ) ) ;
#2202 = EDGE_LOOP ( 'NONE', ( #467, #4488, #4421, #4266 ) ) ;
#2203 = FACE_OUTER_BOUND ( 'NONE', #5824, .T. ) ;
#2204 = CARTESIAN_POINT ( 'NONE',  ( -0.9668382248536708801, -19.91166533777078484, 56.17554555276103656 ) ) ;
#2205 = AXIS2_PLACEMENT_3D ( 'NONE', #1203, #6110, #660 ) ;
#2206 = CARTESIAN_POINT ( 'NONE',  ( -55.53634926364221513, 47.22768239622114805, 55.51967648100544750 ) ) ;
#2207 = CARTESIAN_POINT ( 'NONE',  ( -13.16522893745471912, -10.98728600996637184, 50.57394059460884250 ) ) ;
#2208 = CARTESIAN_POINT ( 'NONE',  ( -32.58638459509072760, 9.244943134874786139, 55.95549426946240601 ) ) ;
#2209 = CARTESIAN_POINT ( 'NONE',  ( 16.71412650057273552, 3.637593697434991835, 53.27595229231178564 ) ) ;
#2210 = CARTESIAN_POINT ( 'NONE',  ( -66.31276995167384314, 49.13846322380742748, 54.23705049352262364 ) ) ;
#2211 = ORIENTED_EDGE ( 'NONE', *, *, #5440, .F. ) ;
#2212 = CARTESIAN_POINT ( 'NONE',  ( 6.567317280233374355, 6.007869066048916018, 64.50000000000000000 ) ) ;
#2213 = CARTESIAN_POINT ( 'NONE',  ( -15.57627246335636961, -6.692130933951083271, 64.50000000000000000 ) ) ;
#2214 = CARTESIAN_POINT ( 'NONE',  ( -23.38805311407946519, 0.7638093277163611194, 58.74410716625781248 ) ) ;
#2215 = CARTESIAN_POINT ( 'NONE',  ( -59.19163364488522205, -25.90055869895256890, 49.25214573503922821 ) ) ;
#2216 = CARTESIAN_POINT ( 'NONE',  ( 10.97950486643792800, -4.729428030579197362, 65.00000000000001421 ) ) ;
#2217 = CARTESIAN_POINT ( 'NONE',  ( -20.20028066762077756, -40.23886327509944749, 54.16723746880654033 ) ) ;
#2218 = CARTESIAN_POINT ( 'NONE',  ( 80.57067399720773437, -6.104436700988552289, 53.52367233747460773 ) ) ;
#2219 = CARTESIAN_POINT ( 'NONE',  ( 42.40273791859512897, -27.60652732922582686, 51.13307635450970423 ) ) ;
#2220 = CARTESIAN_POINT ( 'NONE',  ( -2.550631437715342731, 6.007869066048916018, 64.50000000000000000 ) ) ;
#2221 = CARTESIAN_POINT ( 'NONE',  ( -4.518553968357086781, 16.90812575138284757, 52.65936170562967789 ) ) ;
#2222 = CARTESIAN_POINT ( 'NONE',  ( 11.08247727869042443, -20.68927250157261000, 58.74873826470501825 ) ) ;
#2223 = CARTESIAN_POINT ( 'NONE',  ( -4.286927085672432192, 23.20060812221283442, 52.27166166732784092 ) ) ;
#2224 = CARTESIAN_POINT ( 'NONE',  ( 25.93070709277387209, 39.71811004685346091, 58.62545939797486483 ) ) ;
#2225 = CARTESIAN_POINT ( 'NONE',  ( 1.868307708614763696, 33.81921793912059826, 51.12960302534666823 ) ) ;
#2226 = CARTESIAN_POINT ( 'NONE',  ( -18.05289043076534128, 74.11267973718183555, 50.92390633725306515 ) ) ;
#2227 = CARTESIAN_POINT ( 'NONE',  ( 26.69227272712900856, 9.396560965770605733, 55.51032258048013546 ) ) ;
#2228 = CARTESIAN_POINT ( 'NONE',  ( -13.29678528386918934, -6.692130933951083271, 65.00000000000000000 ) ) ;
#2229 = CARTESIAN_POINT ( 'NONE',  ( -12.40635785951976899, 31.51928131592894644, 51.56612736486332693 ) ) ;
#2230 = CARTESIAN_POINT ( 'NONE',  ( 3.055879854027293785, 67.07023839292408240, 51.16883500719630007 ) ) ;
#2231 = CARTESIAN_POINT ( 'NONE',  ( 51.95664585115470402, -38.40582232139914964, 50.84782201340048147 ) ) ;
#2232 = ORIENTED_EDGE ( 'NONE', *, *, #2763, .T. ) ;
#2233 = CARTESIAN_POINT ( 'NONE',  ( 51.95664585115466849, -38.40582232139914964, 50.84782201340048147 ) ) ;
#2234 = CARTESIAN_POINT ( 'NONE',  ( 1.525907649683965417, -50.57738513577413642, 56.53019933216162229 ) ) ;
#2235 = CARTESIAN_POINT ( 'NONE',  ( -24.92026887062601403, 18.45247941779656387, 55.84943537185080942 ) ) ;
#2236 = CARTESIAN_POINT ( 'NONE',  ( -45.54381621374385958, -56.92535094564396303, 51.56023112250365159 ) ) ;
#2237 = CARTESIAN_POINT ( 'NONE',  ( -44.90954258916277553, -0.1949964395732211309, 57.29873198985024629 ) ) ;
#2238 = CARTESIAN_POINT ( 'NONE',  ( 23.97280979760262909, 8.722246051831159974, 53.93481764689488500 ) ) ;
#2239 = CARTESIAN_POINT ( 'NONE',  ( -57.06723629702744205, 60.83466432516351574, 53.37949499349873150 ) ) ;
#2240 = ORIENTED_EDGE ( 'NONE', *, *, #2763, .F. ) ;
#2241 = FILL_AREA_STYLE_COLOUR ( '', #1642 ) ;
#2242 = CARTESIAN_POINT ( 'NONE',  ( 14.58171144751935699, 9.681481561022589943, 56.71106833837086469 ) ) ;
#2243 = CARTESIAN_POINT ( 'NONE',  ( -24.68377585177864120, 0.6333434387114796893, 58.77526198608956776 ) ) ;
#2244 = CARTESIAN_POINT ( 'NONE',  ( 19.56648277743730091, -7.614318664197743836, 52.13248259579041388 ) ) ;
#2245 = VECTOR ( 'NONE', #4378, 1000.000000000000000 ) ;
#2246 = LINE ( 'NONE', #3369, #6045 ) ;
#2247 = CARTESIAN_POINT ( 'NONE',  ( -28.56315042489191924, -12.01360642671215473, 50.79652098895984835 ) ) ;
#2248 = CARTESIAN_POINT ( 'NONE',  ( -14.45506599008581183, -9.864130325623536422, 51.77170975937082176 ) ) ;
#2249 = CARTESIAN_POINT ( 'NONE',  ( 71.53269973586949959, 38.94556435339887202, 56.26496555607219108 ) ) ;
#2250 = CARTESIAN_POINT ( 'NONE',  ( 22.25536887293319310, -12.46876763764426244, 51.45872741243670845 ) ) ;
#2251 = CARTESIAN_POINT ( 'NONE',  ( 21.19859198006337309, -41.46594201701611127, 58.64369691554328057 ) ) ;
#2252 = CARTESIAN_POINT ( 'NONE',  ( 46.81987875127904886, 69.80864845258069806, 56.96070432421959140 ) ) ;
#2253 = CARTESIAN_POINT ( 'NONE',  ( 7.564406416504738218, -15.78137907820295283, 56.88822207353589278 ) ) ;
#2254 = CARTESIAN_POINT ( 'NONE',  ( 1.759284607186370808, 59.09475251863990053, 51.24455409704543740 ) ) ;
#2255 = CARTESIAN_POINT ( 'NONE',  ( 20.50262159356601543, 33.58021514952169184, 58.77145122895007034 ) ) ;
#2256 = CARTESIAN_POINT ( 'NONE',  ( -36.87714730112232786, 0.4246241635880373955, 57.21880190656658272 ) ) ;
#2257 = CARTESIAN_POINT ( 'NONE',  ( 30.81568906738983671, -9.917468756808895947, 50.78700973435833532 ) ) ;
#2258 = CARTESIAN_POINT ( 'NONE',  ( 37.18027887628968386, 13.18489842859409933, 55.51585101007965051 ) ) ;
#2259 = CARTESIAN_POINT ( 'NONE',  ( -7.502352702678037666, 83.50795819551673560, 50.20984255776742344 ) ) ;
#2260 = CARTESIAN_POINT ( 'NONE',  ( 70.52588157446339778, -45.72422874153770778, 49.53627598767891271 ) ) ;
#2261 = CARTESIAN_POINT ( 'NONE',  ( -4.217293854289459354, 49.79861873387978477, 50.18217224125123010 ) ) ;
#2262 = ORIENTED_EDGE ( 'NONE', *, *, #2152, .T. ) ;
#2263 = CARTESIAN_POINT ( 'NONE',  ( 18.97721098003408002, 28.06029311625461631, 58.55147426580339243 ) ) ;
#2264 = CARTESIAN_POINT ( 'NONE',  ( 7.370746898916185508, -72.34636343787445867, 56.86986824350265834 ) ) ;
#2265 = CARTESIAN_POINT ( 'NONE',  ( -15.41721537840142275, 20.32440490792131982, 54.49541342569286684 ) ) ;
#2266 = CARTESIAN_POINT ( 'NONE',  ( -21.09331939886267548, -26.50386173274942792, 51.56612736486332693 ) ) ;
#2267 = ADVANCED_FACE ( 'NONE', ( #1634 ), #3960, .T. ) ;
#2268 = CARTESIAN_POINT ( 'NONE',  ( -39.72513689940649328, 21.19338908723263870, 54.93805947005075296 ) ) ;
#2269 = VECTOR ( 'NONE', #6151, 1000.000000000000000 ) ;
#2270 = CARTESIAN_POINT ( 'NONE',  ( 64.49347006797749771, 33.99018793066541377, 54.59796835704429441 ) ) ;
#2271 = AXIS2_PLACEMENT_3D ( 'NONE', #3720, #5700, #4301 ) ;
#2272 = CARTESIAN_POINT ( 'NONE',  ( -18.05289043076534128, 74.11267973718183555, 50.92390633725306515 ) ) ;
#2273 = ORIENTED_EDGE ( 'NONE', *, *, #2103, .F. ) ;
#2274 = FILL_AREA_STYLE ('',( #2241 ) ) ;
#2275 = CARTESIAN_POINT ( 'NONE',  ( 20.32808409931333671, -81.55865348407380111, 55.94778876194615691 ) ) ;
#2276 = CARTESIAN_POINT ( 'NONE',  ( -21.50651904662063529, -19.59422633087115528, 50.80005238213874463 ) ) ;
#2277 = DIRECTION ( 'NONE',  ( -0.000000000000000000, -0.000000000000000000, -1.000000000000000000 ) ) ;
#2278 = VERTEX_POINT ( 'NONE', #2413 ) ;
#2279 = CARTESIAN_POINT ( 'NONE',  ( 21.17798114754652161, -7.754869578616688131, 52.22501569301304869 ) ) ;
#2280 = CARTESIAN_POINT ( 'NONE',  ( 6.589228149877592422, -2.608472788984229851, 64.50000000000001421 ) ) ;
#2281 = CARTESIAN_POINT ( 'NONE',  ( -20.90334473747845223, -14.51225047841196591, 51.79482717226903077 ) ) ;
#2282 = CARTESIAN_POINT ( 'NONE',  ( -53.53419541571771845, -27.70414761245397273, 51.16672668235847254 ) ) ;
#2283 = CARTESIAN_POINT ( 'NONE',  ( 82.50477481852443873, 7.455961260455792328, 54.31499540564693262 ) ) ;
#2284 = CARTESIAN_POINT ( 'NONE',  ( -19.17641445647087295, -16.79990579827816077, 52.33200950248829741 ) ) ;
#2285 = CARTESIAN_POINT ( 'NONE',  ( 22.60681020374956063, -70.21388429319441116, 57.87242576151191287 ) ) ;
#2286 = VECTOR ( 'NONE', #3906, 1000.000000000000000 ) ;
#2287 = CARTESIAN_POINT ( 'NONE',  ( -5.481400668484574190, 6.007869066048916018, 64.50000000000000000 ) ) ;
#2288 = CARTESIAN_POINT ( 'NONE',  ( -4.744133720181730851, -16.84467854383201413, 55.10179397773870136 ) ) ;
#2289 = CARTESIAN_POINT ( 'NONE',  ( 10.96515887324496674, 16.43668343225438022, 58.60106851691539021 ) ) ;
#2290 = CARTESIAN_POINT ( 'NONE',  ( 14.87116343407953245, 6.007869066048916018, 65.00000000000000000 ) ) ;
#2291 = CARTESIAN_POINT ( 'NONE',  ( -25.55631609106856672, 74.23512965874274983, 51.36518512762257416 ) ) ;
#2292 = CARTESIAN_POINT ( 'NONE',  ( 28.84440626106655969, 17.76105714630348942, 56.52577789926412777 ) ) ;
#2293 = CARTESIAN_POINT ( 'NONE',  ( -0.9213737892728812717, 45.01491207463373456, 49.87637765532084444 ) ) ;
#2294 = CARTESIAN_POINT ( 'NONE',  ( -70.12770947194636051, 40.72281175421696986, 56.37269089668704680 ) ) ;
#2295 = CARTESIAN_POINT ( 'NONE',  ( 58.50004701272388985, 50.44817182863632610, 57.28112672232538927 ) ) ;
#2296 = EDGE_CURVE ( 'NONE', #3189, #6074, #1838, .T. ) ;
#2297 = ORIENTED_EDGE ( 'NONE', *, *, #1691, .T. ) ;
#2298 = CARTESIAN_POINT ( 'NONE',  ( 16.46392178751693791, 15.65882383331422112, 57.53121715084881060 ) ) ;
#2299 = CARTESIAN_POINT ( 'NONE',  ( 5.715380922892249416, -33.38758266129862307, 57.20159324862473227 ) ) ;
#2300 = CARTESIAN_POINT ( 'NONE',  ( -20.42177229253395510, 15.18189836594134157, 55.84482813538076584 ) ) ;
#2301 = CARTESIAN_POINT ( 'NONE',  ( -17.59148124521606604, -22.16507311809410297, 51.56901135750584331 ) ) ;
#2302 = CARTESIAN_POINT ( 'NONE',  ( -56.23390328733775334, 25.13964286199460929, 55.27352259880636609 ) ) ;
#2303 = CARTESIAN_POINT ( 'NONE',  ( 72.71744457904011938, -0.7038971098482146305, 52.23542236575659814 ) ) ;
#2304 = CARTESIAN_POINT ( 'NONE',  ( -26.80710918542522236, 74.15322891200914057, 51.43838967176840526 ) ) ;
#2305 = ORIENTED_EDGE ( 'NONE', *, *, #1952, .F. ) ;
#2306 = LINE ( 'NONE', #364, #5322 ) ;
#2307 = CARTESIAN_POINT ( 'NONE',  ( 9.718730285387495726, -23.58632581216063073, 56.63639579074977348 ) ) ;
#2308 = CARTESIAN_POINT ( 'NONE',  ( -17.28834870598598172, 2.766720076009385298, 58.15493310839876528 ) ) ;
#2309 = CARTESIAN_POINT ( 'NONE',  ( -59.60389814212339843, -33.25119892125257337, 51.31540441849094236 ) ) ;
#2310 = VERTEX_POINT ( 'NONE', #3884 ) ;
#2311 = ADVANCED_FACE ( 'NONE', ( #5835 ), #85, .T. ) ;
#2312 = ORIENTED_EDGE ( 'NONE', *, *, #1225, .T. ) ;
#2313 = CARTESIAN_POINT ( 'NONE',  ( 22.81373628630570494, -7.969890102587043224, 52.29416283636071228 ) ) ;
#2314 = CARTESIAN_POINT ( 'NONE',  ( 6.726032919424259404, -3.881355986052619667, 65.00000000000000000 ) ) ;
#2315 = CARTESIAN_POINT ( 'NONE',  ( -15.80360207784825910, -6.498676220479041810, 50.77750253794508950 ) ) ;
#2316 = CARTESIAN_POINT ( 'NONE',  ( 64.55233589511882997, 46.05023573014227622, 56.84331414142576477 ) ) ;
#2317 = CARTESIAN_POINT ( 'NONE',  ( -22.31369721406224116, -19.95328041468918912, 52.37663099046377368 ) ) ;
#2318 = CARTESIAN_POINT ( 'NONE',  ( 9.607110207647108879, -18.78511496135273617, 58.66058471459847823 ) ) ;
#2319 = CARTESIAN_POINT ( 'NONE',  ( 19.88105102549900138, -36.64492551740024595, 57.14906752735086570 ) ) ;
#2320 = CARTESIAN_POINT ( 'NONE',  ( 1.491671070241668007, 58.78266814530028483, 51.26555190507597359 ) ) ;
#2321 = CARTESIAN_POINT ( 'NONE',  ( 12.61114134453861979, 20.45307998599400534, 58.76085769722800478 ) ) ;
#2322 = FACE_OUTER_BOUND ( 'NONE', #3905, .T. ) ;
#2323 = CARTESIAN_POINT ( 'NONE',  ( 51.25664701221293740, -33.99481743559055502, 49.48571190064031100 ) ) ;
#2324 = CARTESIAN_POINT ( 'NONE',  ( 44.64884328154773385, 5.803986117288634006, 54.50468419413173393 ) ) ;
#2325 = CARTESIAN_POINT ( 'NONE',  ( 2.556090354555547783, 50.53292891329937930, 49.54015451471740761 ) ) ;
#2326 = CARTESIAN_POINT ( 'NONE',  ( -67.58970643890710051, 46.73970400597305996, 55.99587498954274878 ) ) ;
#2327 = CARTESIAN_POINT ( 'NONE',  ( 82.41981069863163611, 11.48993640288269447, 54.54640725427003645 ) ) ;
#2328 = VERTEX_POINT ( 'NONE', #4292 ) ;
#2329 = CARTESIAN_POINT ( 'NONE',  ( 38.01679259024415103, 48.66105199591671493, 58.22013720768730138 ) ) ;
#2330 = CARTESIAN_POINT ( 'NONE',  ( -13.05890893731682922, -31.25495158781198413, 54.50121489827088084 ) ) ;
#2331 = CARTESIAN_POINT ( 'NONE',  ( -16.11997049923164127, 16.01509405148927456, 55.16718322803883723 ) ) ;
#2332 = CARTESIAN_POINT ( 'NONE',  ( -36.96831506829935421, -62.62320574881150037, 52.23542236575659814 ) ) ;
#2333 = CARTESIAN_POINT ( 'NONE',  ( -47.54481387846993812, 17.31613333607291949, 55.61288299626720288 ) ) ;
#2334 = CARTESIAN_POINT ( 'NONE',  ( 44.88397227966979131, -3.557645281565696482, 51.90062476392940027 ) ) ;
#2335 = DIRECTION ( 'NONE',  ( -0.5677975635275848143, 0.8231682251229928138, 0.000000000000000000 ) ) ;
#2336 = VERTEX_POINT ( 'NONE', #5663 ) ;
#2337 = CARTESIAN_POINT ( 'NONE',  ( 7.715892451354087633, -78.91404014120176669, 55.24717974024628120 ) ) ;
#2338 = CARTESIAN_POINT ( 'NONE',  ( 27.23935326117333133, -55.42072937944973887, 56.96136644230784896 ) ) ;
#2339 = DIRECTION ( 'NONE',  ( -0.5677975635275848143, 0.8231682251229928138, 0.000000000000000000 ) ) ;
#2340 = CARTESIAN_POINT ( 'NONE',  ( -59.62119738130054714, -32.24334430369164295, 51.25300023479663736 ) ) ;
#2341 = VERTEX_POINT ( 'NONE', #1770 ) ;
#2342 = ORIENTED_EDGE ( 'NONE', *, *, #3618, .F. ) ;
#2343 = CARTESIAN_POINT ( 'NONE',  ( 25.02794643207766612, -8.395777164123094494, 52.35058751526205612 ) ) ;
#2344 = CARTESIAN_POINT ( 'NONE',  ( 7.555449052978754132, -5.672642076466022587, 65.00000000000000000 ) ) ;
#2345 = CARTESIAN_POINT ( 'NONE',  ( -41.33746145040957032, -28.96319725457159677, 51.80498622186946278 ) ) ;
#2346 = DIRECTION ( 'NONE',  ( 0.000000000000000000, -0.000000000000000000, -1.000000000000000000 ) ) ;
#2347 = CARTESIAN_POINT ( 'NONE',  ( 9.132031763044031081, -3.980691463194621083, 64.50000000000002842 ) ) ;
#2348 = EDGE_CURVE ( 'NONE', #5698, #2336, #4746, .T. ) ;
#2349 = CARTESIAN_POINT ( 'NONE',  ( -17.30490463189050843, -14.46323488533477963, 52.22501569301305580 ) ) ;
#2350 = CARTESIAN_POINT ( 'NONE',  ( 13.88240805636169029, -24.83929961847877976, 58.82728515349338494 ) ) ;
#2351 = AXIS2_PLACEMENT_3D ( 'NONE', #4081, #4568, #3599 ) ;
#2352 = DIRECTION ( 'NONE',  ( 0.000000000000000000, 0.000000000000000000, 1.000000000000000000 ) ) ;
#2353 = CARTESIAN_POINT ( 'NONE',  ( 2.561080492957019228, -17.31558122691282264, 57.11374243660545602 ) ) ;
#2354 = CARTESIAN_POINT ( 'NONE',  ( 17.50014932666102396, 0.2217970209008243432, 53.97316836776945337 ) ) ;
#2355 = CARTESIAN_POINT ( 'NONE',  ( 14.87023819448327622, -2.017021791871689729, 64.50000000000000000 ) ) ;
#2356 = FACE_OUTER_BOUND ( 'NONE', #4282, .T. ) ;
#2357 = CARTESIAN_POINT ( 'NONE',  ( 33.81873396607066695, 1.926610693161209031, 54.16378869841049948 ) ) ;
#2358 = CARTESIAN_POINT ( 'NONE',  ( 3.155687615992067485, 61.66805141076326890, 49.53806408704065944 ) ) ;
#2359 = CARTESIAN_POINT ( 'NONE',  ( -51.17291446726115112, 65.62505276420891676, 54.54724371335677802 ) ) ;
#2360 = CARTESIAN_POINT ( 'NONE',  ( 74.44426993323091324, 34.91844163435114723, 55.97862767029048570 ) ) ;
#2361 = EDGE_LOOP ( 'NONE', ( #2147, #3219, #5153, #709 ) ) ;
#2362 = CARTESIAN_POINT ( 'NONE',  ( 23.92389060647045795, 19.84828090260422329, 57.20034084860644441 ) ) ;
#2363 = CARTESIAN_POINT ( 'NONE',  ( -10.30191933396839765, -20.25329115475474850, 54.15510142923076131 ) ) ;
#2364 = CARTESIAN_POINT ( 'NONE',  ( -12.38890498327597633, 19.04836942833211566, 54.15510142923076131 ) ) ;
#2365 = B_SPLINE_CURVE_WITH_KNOTS ( 'NONE', 1,
 ( #306, #1813 ),
 .UNSPECIFIED., .F., .F.,
 ( 2, 2 ),
 ( 0.000000000000000000, 1.000000000000000000 ),
 .UNSPECIFIED. ) ;
#2366 = CARTESIAN_POINT ( 'NONE',  ( -33.74184262139730350, -20.43765479110550487, 49.87745401737620199 ) ) ;
#2367 = CARTESIAN_POINT ( 'NONE',  ( -13.91224519343711918, 9.951656187703703083, 54.28795307882123922 ) ) ;
#2368 = CARTESIAN_POINT ( 'NONE',  ( 22.48451988887524422, -3.277844539981710881, 51.57480792967197658 ) ) ;
#2369 = CARTESIAN_POINT ( 'NONE',  ( 7.103707387043455945, -5.029722974789699208, 64.50000000000000000 ) ) ;
#2370 = EDGE_LOOP ( 'NONE', ( #2377, #5325, #4767, #6097 ) ) ;
#2371 = CARTESIAN_POINT ( 'NONE',  ( 63.01756964356333413, 47.31361782864809840, 55.35674122148739684 ) ) ;
#2372 = CARTESIAN_POINT ( 'NONE',  ( -19.87756363051460795, 1.532182127213267631, 58.53892354253414965 ) ) ;
#2373 = CARTESIAN_POINT ( 'NONE',  ( 12.25820418965834691, -37.39214787684453967, 56.29029994233178513 ) ) ;
#2374 = VECTOR ( 'NONE', #4881, 1000.000000000000000 ) ;
#2375 = PLANE ( 'NONE',  #5979 ) ;
#2376 = CARTESIAN_POINT ( 'NONE',  ( -43.60089415139301394, -68.74033006256787814, 53.68680293056689834 ) ) ;
#2377 = ORIENTED_EDGE ( 'NONE', *, *, #2607, .F. ) ;
#2378 = FACE_OUTER_BOUND ( 'NONE', #1698, .T. ) ;
#2379 = CARTESIAN_POINT ( 'NONE',  ( 6.985972207211032625, -4.790694518972637539, 65.00000000000001421 ) ) ;
#2380 = EDGE_CURVE ( 'NONE', #5027, #4389, #1865, .T. ) ;
#2381 = CARTESIAN_POINT ( 'NONE',  ( -64.96982264913755500, -33.06561978038923399, 51.13389251523337720 ) ) ;
#2382 = CARTESIAN_POINT ( 'NONE',  ( 8.889906364889043289, -3.160810373101166970, 64.50000000000000000 ) ) ;
#2383 = CARTESIAN_POINT ( 'NONE',  ( 56.38906528008816821, 51.59138521468756977, 57.42299287606110170 ) ) ;
#2384 = CARTESIAN_POINT ( 'NONE',  ( -19.35925798648030138, -17.00747469442086768, 52.33829973444129280 ) ) ;
#2385 = CARTESIAN_POINT ( 'NONE',  ( 14.58296221898562983, -25.99097147399335128, 58.83422787990875236 ) ) ;
#2386 = CARTESIAN_POINT ( 'NONE',  ( 0.000000000000000000, 0.000000000000000000, 0.000000000000000000 ) ) ;
#2387 = CARTESIAN_POINT ( 'NONE',  ( -4.485789108367896461, 48.72843910690058067, 51.82539966928533204 ) ) ;
#2388 = CARTESIAN_POINT ( 'NONE',  ( 17.43454627886976382, 1.528172615751069774, 54.33009046929160490 ) ) ;
#2389 = CARTESIAN_POINT ( 'NONE',  ( 14.86089053013122729, -2.441179680035010069, 65.00000000000000000 ) ) ;
#2390 = UNCERTAINTY_MEASURE_WITH_UNIT (LENGTH_MEASURE( 1.000000000000000082E-05 ), #5674, 'distance_accuracy_value', 'NONE');
#2391 = CARTESIAN_POINT ( 'NONE',  ( -65.67354097173800653, 50.22283873397215359, 54.16475837536745530 ) ) ;
#2392 = CARTESIAN_POINT ( 'NONE',  ( 50.17552686635399795, 6.540997148844533982, 54.50542979761151230 ) ) ;
#2393 = CARTESIAN_POINT ( 'NONE',  ( -13.39994242168540062, 82.97808865028197545, 50.54702637608357918 ) ) ;
#2394 = CARTESIAN_POINT ( 'NONE',  ( -72.04553704328463937, 33.49635825782380039, 56.80676829371049763 ) ) ;
#2395 = CARTESIAN_POINT ( 'NONE',  ( 82.15380479523653889, 14.06130834185530887, 53.09145647474797158 ) ) ;
#2396 = CARTESIAN_POINT ( 'NONE',  ( 24.32950665003907176, 31.05283446713381679, 58.21717239462591920 ) ) ;
#2397 = CARTESIAN_POINT ( 'NONE',  ( -10.98705129690040216, 19.82551923822391515, 53.81739330661859810 ) ) ;
#2398 = CARTESIAN_POINT ( 'NONE',  ( -56.64505094806892771, -24.12039052365155456, 49.20479257904793258 ) ) ;
#2399 = CARTESIAN_POINT ( 'NONE',  ( -57.15669334176008221, -26.72559746054290031, 49.36997746265574705 ) ) ;
#2400 = CARTESIAN_POINT ( 'NONE',  ( -29.23447343396918541, 10.56659424573694572, 55.61866395453589007 ) ) ;
#2401 = CARTESIAN_POINT ( 'NONE',  ( 25.44683658933811188, -0.1159431472058314039, 52.24775644589771417 ) ) ;
#2402 = CARTESIAN_POINT ( 'NONE',  ( 10.40140309572737465, -7.012289856171880054, 64.50000000000001421 ) ) ;
#2403 = VERTEX_POINT ( 'NONE', #1390 ) ;
#2404 = CARTESIAN_POINT ( 'NONE',  ( 76.33102467965768767, 31.76353547101792074, 54.16475837536745530 ) ) ;
#2405 = CARTESIAN_POINT ( 'NONE',  ( -83.23992176484520655, 11.66382052008348857, 58.22049538843324257 ) ) ;
#2406 = CARTESIAN_POINT ( 'NONE',  ( -4.432718239857117659, -25.12218531073192906, 53.93481764689488500 ) ) ;
#2407 = CARTESIAN_POINT ( 'NONE',  ( -20.70212766930319148, -18.83707048293657849, 50.79685596645803258 ) ) ;
#2408 = CARTESIAN_POINT ( 'NONE',  ( -49.41373471001902828, -62.27233252178648115, 53.18234795751956057 ) ) ;
#2409 = CARTESIAN_POINT ( 'NONE',  ( 19.01672322791812064, 24.59011976749620132, 56.63173681693250927 ) ) ;
#2410 = VERTEX_POINT ( 'NONE', #1295 ) ;
#2411 = CARTESIAN_POINT ( 'NONE',  ( 44.17410739089941529, -20.14972317189975115, 51.84378984091699749 ) ) ;
#2412 = LINE ( 'NONE', #6310, #2780 ) ;
#2413 = CARTESIAN_POINT ( 'NONE',  ( 49.42692578871099585, 54.75429786267832100, 56.27576660695997646 ) ) ;
#2414 = CARTESIAN_POINT ( 'NONE',  ( -14.45594035953673462, -9.865096513313940108, 51.77178954677950173 ) ) ;
#2415 = CARTESIAN_POINT ( 'NONE',  ( 57.27739758216869603, 51.09864672452758327, 57.36301114600969697 ) ) ;
#2416 = CARTESIAN_POINT ( 'NONE',  ( -12.51405092401803820, 12.23354456744274543, 53.55820979132739978 ) ) ;
#2417 = DIRECTION ( 'NONE',  ( 0.000000000000000000, 1.000000000000000000, 0.000000000000000000 ) ) ;
#2418 = CARTESIAN_POINT ( 'NONE',  ( -72.80435234505371511, 20.48519075892692598, 57.57394578519146222 ) ) ;
#2419 = CARTESIAN_POINT ( 'NONE',  ( 0.1945418873789954151, -17.50049138470552634, 56.46558641642184995 ) ) ;
#2420 = CARTESIAN_POINT ( 'NONE',  ( 12.49661752143377846, -3.405749179366846846, 64.50000000000001421 ) ) ;
#2421 = DIRECTION ( 'NONE',  ( -0.000000000000000000, -0.000000000000000000, -1.000000000000000000 ) ) ;
#2422 = CARTESIAN_POINT ( 'NONE',  ( 34.35924653432491738, 46.99252011446285593, 56.76376662434831388 ) ) ;
#2423 = CARTESIAN_POINT ( 'NONE',  ( 38.57185740091914994, 7.791230303954464809, 54.84112254095630590 ) ) ;
#2424 = B_SPLINE_CURVE_WITH_KNOTS ( 'NONE', 1,
 ( #2696, #3588 ),
 .UNSPECIFIED., .F., .F.,
 ( 2, 2 ),
 ( 0.000000000000000000, 1.000000000000000000 ),
 .UNSPECIFIED. ) ;
#2425 = CARTESIAN_POINT ( 'NONE',  ( -8.578628135902048868, 15.25454277118282498, 53.85863983010199263 ) ) ;
#2426 = CARTESIAN_POINT ( 'NONE',  ( -48.51277388517460309, 67.25317093308410676, 54.36838929473731241 ) ) ;
#2427 = CARTESIAN_POINT ( 'NONE',  ( 75.23200750611775334, -18.27643407288825372, 51.14420167295647701 ) ) ;
#2428 = CARTESIAN_POINT ( 'NONE',  ( -7.760887847971752684, 6.007869066048916018, 64.50000000000000000 ) ) ;
#2429 = CARTESIAN_POINT ( 'NONE',  ( -8.243170870857840171, 26.99624697766407522, 52.80945945203338709 ) ) ;
#2430 = CARTESIAN_POINT ( 'NONE',  ( -64.92292262187096696, -33.15749883400636122, 49.53716055847101529 ) ) ;
#2431 = ADVANCED_FACE ( 'NONE', ( #1323 ), #396, .T. ) ;
#2432 = CARTESIAN_POINT ( 'NONE',  ( -26.17378134870376627, 29.38408678487888892, 53.25175072213195904 ) ) ;
#2433 = CARTESIAN_POINT ( 'NONE',  ( 25.27138960099222587, 3.482704133253794687, 52.92284561929021436 ) ) ;
#2434 = LINE ( 'NONE', #5757, #2039 ) ;
#2435 = ORIENTED_EDGE ( 'NONE', *, *, #5035, .T. ) ;
#2436 = CARTESIAN_POINT ( 'NONE',  ( 49.42692578871099585, 54.75429786267832100, 56.27576660695997646 ) ) ;
#2437 = CARTESIAN_POINT ( 'NONE',  ( -22.13731137737184795, 4.863988524102077271, 57.86866510495639915 ) ) ;
#2438 = CARTESIAN_POINT ( 'NONE',  ( -0.8548252646464157278, -25.49594924233756643, 54.60971081321757481 ) ) ;
#2439 = CARTESIAN_POINT ( 'NONE',  ( -15.57627246335636961, 6.007869066048916018, 64.50000000000000000 ) ) ;
#2440 = CARTESIAN_POINT ( 'NONE',  ( -46.41802079789598423, -65.82773855354942327, 53.45230693550347922 ) ) ;
#2441 = CARTESIAN_POINT ( 'NONE',  ( 9.380593123862084326, 14.35616279330137068, 56.98876834531406388 ) ) ;
#2442 = ORIENTED_EDGE ( 'NONE', *, *, #3084, .F. ) ;
#2443 = CARTESIAN_POINT ( 'NONE',  ( 34.57767951980638088, -12.09252875186946241, 52.28332895177034345 ) ) ;
#2444 = CARTESIAN_POINT ( 'NONE',  ( -56.19395721419831347, -50.32955698074715656, 52.37402915538995529 ) ) ;
#2445 = CARTESIAN_POINT ( 'NONE',  ( 6.670879433471412767, -3.497639896844530583, 65.00000000000000000 ) ) ;
#2446 = CARTESIAN_POINT ( 'NONE',  ( 8.870119207625597468, -2.962014861885151618, 64.50000000000001421 ) ) ;
#2447 = CARTESIAN_POINT ( 'NONE',  ( -33.69155336365834330, -26.65905700333514972, 52.08406017608873384 ) ) ;
#2448 = CARTESIAN_POINT ( 'NONE',  ( 11.40731618123648161, -21.14810876808376250, 58.76085769722801189 ) ) ;
#2449 = CARTESIAN_POINT ( 'NONE',  ( -6.998255830601009642, 71.74413068049668141, 51.84988499620597935 ) ) ;
#2450 = PLANE ( 'NONE',  #5574 ) ;
#2451 = CARTESIAN_POINT ( 'NONE',  ( 17.41649846105378785, -1.720458701819403968, 53.44244328202364613 ) ) ;
#2452 = CARTESIAN_POINT ( 'NONE',  ( 14.84099104364208443, -2.828579872796636696, 65.00000000000000000 ) ) ;
#2453 = DIRECTION ( 'NONE',  ( -1.000000000000000000, 0.000000000000000000, -0.000000000000000000 ) ) ;
#2454 = CARTESIAN_POINT ( 'NONE',  ( 70.23083313762741398, 19.55431908607819480, 55.18219881576282404 ) ) ;
#2455 = CARTESIAN_POINT ( 'NONE',  ( -13.29678528386918934, -6.692130933951083271, 64.50000000000000000 ) ) ;
#2456 = CARTESIAN_POINT ( 'NONE',  ( 10.26366256540450372, 15.60546303340182206, 56.98568999657366874 ) ) ;
#2457 = CARTESIAN_POINT ( 'NONE',  ( 76.62946369058958851, 31.21150512225505125, 54.12874008612671872 ) ) ;
#2458 = VECTOR ( 'NONE', #4312, 1000.000000000000000 ) ;
#2459 = EDGE_CURVE ( 'NONE', #18, #2755, #3809, .T. ) ;
#2460 = CARTESIAN_POINT ( 'NONE',  ( -6.024903438919874787, 16.05405445660374397, 53.12862963349720502 ) ) ;
#2461 = CARTESIAN_POINT ( 'NONE',  ( -30.53820187797358798, -24.97241496407179895, 50.55020433818825865 ) ) ;
#2462 = CARTESIAN_POINT ( 'NONE',  ( -34.37375435056318906, 29.07997220733157562, 53.92552112561573097 ) ) ;
#2463 = CARTESIAN_POINT ( 'NONE',  ( 15.11225657337710793, -8.103716197705619351, 49.90202235672916231 ) ) ;
#2464 = CARTESIAN_POINT ( 'NONE',  ( 8.847167809843915265, -2.506408757638451945, 65.00000000000000000 ) ) ;
#2465 = EDGE_LOOP ( 'NONE', ( #10, #3735, #5223, #2140 ) ) ;
#2466 = CARTESIAN_POINT ( 'NONE',  ( 73.20990861032254315, -21.42207814381044884, 50.92390633725306515 ) ) ;
#2467 = CARTESIAN_POINT ( 'NONE',  ( -19.71801390982194491, 2.933123429173830399, 58.20239964610296113 ) ) ;
#2468 = CARTESIAN_POINT ( 'NONE',  ( -6.986582182497075522, -38.82528336409533409, 53.92647875461493356 ) ) ;
#2469 = CARTESIAN_POINT ( 'NONE',  ( -6.995497152501984672, -81.91865308381224509, 55.97787929605023294 ) ) ;
#2470 = CARTESIAN_POINT ( 'NONE',  ( 36.35122554030489539, 26.37656054823832719, 55.27588709715949733 ) ) ;
#2471 = ORIENTED_EDGE ( 'NONE', *, *, #5269, .T. ) ;
#2472 = CARTESIAN_POINT ( 'NONE',  ( 41.52346491434209952, -17.26659386391795081, 52.00504625007271642 ) ) ;
#2473 = CARTESIAN_POINT ( 'NONE',  ( -58.63311182643998620, -41.93273267173166374, 51.84988499620597935 ) ) ;
#2474 = CARTESIAN_POINT ( 'NONE',  ( 14.87116343407953245, 6.007869066048916018, 64.50000000000000000 ) ) ;
#2475 = CARTESIAN_POINT ( 'NONE',  ( -43.77531437263995429, -28.63866637963238304, 51.65274655960521955 ) ) ;
#2476 = CARTESIAN_POINT ( 'NONE',  ( -60.92626313551190265, 7.969720183305359917, 58.26479499836511167 ) ) ;
#2477 = PLANE ( 'NONE',  #958 ) ;
#2478 = CARTESIAN_POINT ( 'NONE',  ( -0.2711442582281620162, -4.412643754463903889, 65.00000000000000000 ) ) ;
#2479 = VECTOR ( 'NONE', #4785, 1000.000000000000000 ) ;
#2480 = CARTESIAN_POINT ( 'NONE',  ( 17.49999537393765436, -0.2099834903920812790, 53.85535945339563568 ) ) ;
#2481 = CARTESIAN_POINT ( 'NONE',  ( -9.154177389350426353, -49.76504590996248112, 55.51766034713092068 ) ) ;
#2482 = CARTESIAN_POINT ( 'NONE',  ( 14.54109577521713703, -4.602427585147214728, 65.00000000000001421 ) ) ;
#2483 = CARTESIAN_POINT ( 'NONE',  ( 4.287830100746195860, -4.412643754463903889, 64.50000000000000000 ) ) ;
#2484 = CARTESIAN_POINT ( 'NONE',  ( 61.54412450025331083, -5.052986987349903814, 53.49424480195028053 ) ) ;
#2485 = CARTESIAN_POINT ( 'NONE',  ( -9.825386735579670017, 14.48300938368991631, 54.25876084998864002 ) ) ;
#2486 = CARTESIAN_POINT ( 'NONE',  ( 10.69340870627331164, 16.74371361085633936, 57.04979127913532011 ) ) ;
#2487 = CARTESIAN_POINT ( 'NONE',  ( 63.51026699897392547, 46.92898992842393113, 55.32026332454689310 ) ) ;
#2488 = CARTESIAN_POINT ( 'NONE',  ( -21.66604547732209340, 32.96683824357326387, 54.16629776683866737 ) ) ;
#2489 = CARTESIAN_POINT ( 'NONE',  ( -31.03174279978223637, -13.31263560776173271, 49.21313184373556027 ) ) ;
#2490 = CARTESIAN_POINT ( 'NONE',  ( -15.15769259901970401, 16.85246049687495429, 53.26311931383351350 ) ) ;
#2491 = EDGE_CURVE ( 'NONE', #2773, #459, #5760, .T. ) ;
#2492 = CARTESIAN_POINT ( 'NONE',  ( 45.81495434558141255, -21.18118278160068968, 50.21207989612543088 ) ) ;
#2493 =( GEOMETRIC_REPRESENTATION_CONTEXT ( 3 ) GLOBAL_UNCERTAINTY_ASSIGNED_CONTEXT ( ( #1442 ) ) GLOBAL_UNIT_ASSIGNED_CONTEXT ( ( #3428, #6150, #4365 ) ) REPRESENTATION_CONTEXT ( 'NONE', 'WORKASPACE' ) );
#2494 = CARTESIAN_POINT ( 'NONE',  ( 9.276966714887571186, -4.167583349304138984, 65.00000000000000000 ) ) ;
#2495 = VERTEX_POINT ( 'NONE', #2690 ) ;
#2496 = CARTESIAN_POINT ( 'NONE',  ( 10.50588317512818826, -26.27531992075547862, 58.21187048649823481 ) ) ;
#2497 = CARTESIAN_POINT ( 'NONE',  ( 3.560192530050825699, -33.60118594117327717, 55.27944460615873368 ) ) ;
#2498 = CARTESIAN_POINT ( 'NONE',  ( -13.29678528386918934, 1.639699995536096910, 64.50000000000000000 ) ) ;
#2499 = CARTESIAN_POINT ( 'NONE',  ( 47.33411633262634410, 39.65717407398138050, 55.61121954026512526 ) ) ;
#2500 = ORIENTED_EDGE ( 'NONE', *, *, #3506, .F. ) ;
#2501 = CARTESIAN_POINT ( 'NONE',  ( 47.61448153234910308, -25.12734876910577242, 51.56820311584989724 ) ) ;
#2502 = CARTESIAN_POINT ( 'NONE',  ( -5.962317736449354477, 27.34710371547360452, 50.79685596645803258 ) ) ;
#2503 = CARTESIAN_POINT ( 'NONE',  ( 7.204424187347650665, -15.94858500680227564, 58.43841015998026478 ) ) ;
#2504 = CARTESIAN_POINT ( 'NONE',  ( 7.204424187347650665, -15.94858500680227564, 58.43841015998026478 ) ) ;
#2505 = CARTESIAN_POINT ( 'NONE',  ( -47.61686996589071441, -28.61378480485228692, 51.46943105281186348 ) ) ;
#2506 = CARTESIAN_POINT ( 'NONE',  ( -66.39313527622661582, 11.24170728850601364, 58.08469247550889492 ) ) ;
#2507 = EDGE_CURVE ( 'NONE', #4776, #2410, #2306, .T. ) ;
#2508 = CARTESIAN_POINT ( 'NONE',  ( -3.464964010713274867, 70.46199855638693066, 51.62206709395969995 ) ) ;
#2509 = PLANE ( 'NONE',  #995 ) ;
#2510 = VECTOR ( 'NONE', #3072, 1000.000000000000000 ) ;
#2511 = CARTESIAN_POINT ( 'NONE',  ( 4.287830100746195860, -0.9934129852331345933, 64.50000000000000000 ) ) ;
#2512 = CARTESIAN_POINT ( 'NONE',  ( -4.473361838808349589, -16.55452943612534611, 55.15436188686745567 ) ) ;
#2513 = CARTESIAN_POINT ( 'NONE',  ( 13.87085032088183389, -5.667341403457395899, 65.00000000000001421 ) ) ;
#2514 = CARTESIAN_POINT ( 'NONE',  ( 56.01601850252372827, -36.47435804066510912, 51.13052536314486929 ) ) ;
#2515 = CARTESIAN_POINT ( 'NONE',  ( 23.78393102532061931, -9.224637017383747306, 52.13092693210136019 ) ) ;
#2516 = CARTESIAN_POINT ( 'NONE',  ( -11.28313479880895365, 13.39521247810869831, 54.75501256064081446 ) ) ;
#2517 = FACE_OUTER_BOUND ( 'NONE', #1429, .T. ) ;
#2518 = CARTESIAN_POINT ( 'NONE',  ( 4.287830100746195860, 1.286074194254045899, 64.50000000000000000 ) ) ;
#2519 = CARTESIAN_POINT ( 'NONE',  ( -8.919754570074415412, 38.42647110764504248, 52.47728096743912118 ) ) ;
#2520 = CARTESIAN_POINT ( 'NONE',  ( -41.67596193060671084, 1.104967516683510231, 57.14906752735086570 ) ) ;
#2521 = CARTESIAN_POINT ( 'NONE',  ( -9.632174890085330787, 14.18714325225893269, 52.60124615341036503 ) ) ;
#2522 = CARTESIAN_POINT ( 'NONE',  ( 19.43326244841362183, -4.212185588536621061, 51.24055101805964085 ) ) ;
#2523 = CARTESIAN_POINT ( 'NONE',  ( -5.699648538567114286, 27.40314705845628396, 52.37419204155471419 ) ) ;
#2524 = ORIENTED_EDGE ( 'NONE', *, *, #166, .T. ) ;
#2525 = CARTESIAN_POINT ( 'NONE',  ( 6.704376064901487631, -27.49110812733956166, 57.53693641487853938 ) ) ;
#2526 = CARTESIAN_POINT ( 'NONE',  ( -17.48424781868244438, 9.578540137906282226, 56.51315002828783918 ) ) ;
#2527 = CARTESIAN_POINT ( 'NONE',  ( 0.8817493734500173597, -22.70643824747164530, 54.95023995156724794 ) ) ;
#2528 = ADVANCED_FACE ( 'NONE', ( #3198 ), #4260, .T. ) ;
#2529 = CARTESIAN_POINT ( 'NONE',  ( -5.590347225744471515, -81.82300853591354439, 56.05894401076001543 ) ) ;
#2530 = CARTESIAN_POINT ( 'NONE',  ( 22.51888496729216982, 25.19052795190344085, 56.29295681823668929 ) ) ;
#2531 = EDGE_LOOP ( 'NONE', ( #4120, #3992, #1674, #4459 ) ) ;
#2532 = CARTESIAN_POINT ( 'NONE',  ( 39.86351643037609449, -15.78895326980367031, 52.08734676527294738 ) ) ;
#2533 = CARTESIAN_POINT ( 'NONE',  ( 6.282125154819386381, 63.55625088630628738, 49.31143996461796775 ) ) ;
#2534 = EDGE_CURVE ( 'NONE', #943, #5832, #3159, .T. ) ;
#2535 = CARTESIAN_POINT ( 'NONE',  ( 7.741563084198818778, -5.866712444939659932, 64.99999999999998579 ) ) ;
#2536 = DIRECTION ( 'NONE',  ( 0.000000000000000000, -1.000000000000000000, 0.000000000000000000 ) ) ;
#2537 = CARTESIAN_POINT ( 'NONE',  ( -41.07639524919987650, -28.42233978436644293, 51.77619439544047708 ) ) ;
#2538 = CARTESIAN_POINT ( 'NONE',  ( -39.75678283251289713, 1.025368268306982245, 58.76541435952137959 ) ) ;
#2539 = CARTESIAN_POINT ( 'NONE',  ( -71.38825661680537848, 36.54924540013563927, 56.62521405717382095 ) ) ;
#2540 = CARTESIAN_POINT ( 'NONE',  ( 1.301095601718215589, -17.45284307799533252, 56.76786141142854802 ) ) ;
#2541 = CARTESIAN_POINT ( 'NONE',  ( 17.42246330453234293, -1.659244337144127446, 53.45922645911131355 ) ) ;
#2542 = CARTESIAN_POINT ( 'NONE',  ( -5.208475858998050434, -27.81446674932155005, 55.51032258048013546 ) ) ;
#2543 = ADVANCED_FACE ( 'NONE', ( #293 ), #845, .T. ) ;
#2544 = DIRECTION ( 'NONE',  ( 0.000000000000000000, 1.000000000000000000, 0.000000000000000000 ) ) ;
#2545 = CARTESIAN_POINT ( 'NONE',  ( -17.41198859703473900, 1.759210942721167292, 58.43180116283916448 ) ) ;
#2546 = CARTESIAN_POINT ( 'NONE',  ( 32.93024040858563239, -7.566578913395438200, 52.81248026945973351 ) ) ;
#2547 = CARTESIAN_POINT ( 'NONE',  ( -7.236733261973616216, 15.93500115884944535, 53.44796917040507367 ) ) ;
#2548 = ORIENTED_EDGE ( 'NONE', *, *, #3658, .F. ) ;
#2549 = CARTESIAN_POINT ( 'NONE',  ( -72.88149278062834924, 25.45576876978725167, 57.28041968779250936 ) ) ;
#2550 = CARTESIAN_POINT ( 'NONE',  ( 39.02142626532641145, 49.77880809676825891, 58.21123981823354399 ) ) ;
#2551 = CARTESIAN_POINT ( 'NONE',  ( -1.306854967224026831, 17.05552527608450930, 51.77905343000577432 ) ) ;
#2552 = CARTESIAN_POINT ( 'NONE',  ( 26.58164576554759151, -8.765533102185923298, 52.37419204155471419 ) ) ;
#2553 = CARTESIAN_POINT ( 'NONE',  ( -12.94515998537329082, 11.82212838668528576, 55.37921517591946241 ) ) ;
#2554 = CARTESIAN_POINT ( 'NONE',  ( -20.31040647615457573, 19.70484630997103892, 53.59461369776751383 ) ) ;
#2555 = CARTESIAN_POINT ( 'NONE',  ( 22.14135306612281795, -4.844638234246001041, 51.23683464244624020 ) ) ;
#2556 = VECTOR ( 'NONE', #4195, 1000.000000000000000 ) ;
#2557 = CARTESIAN_POINT ( 'NONE',  ( 9.644659062115540138, -4.480121974436917398, 64.99999999999998579 ) ) ;
#2558 = ORIENTED_EDGE ( 'NONE', *, *, #1879, .T. ) ;
#2559 = CARTESIAN_POINT ( 'NONE',  ( 36.96424299129832036, -75.49167469243832329, 58.55811611231557379 ) ) ;
#2560 = CARTESIAN_POINT ( 'NONE',  ( -59.33239054944445456, 17.11274762571570918, 57.54499430896684231 ) ) ;
#2561 = CARTESIAN_POINT ( 'NONE',  ( -7.470339018542482279, -15.43527977463797818, 52.60124615341036503 ) ) ;
#2562 = CARTESIAN_POINT ( 'NONE',  ( 16.08333723652544478, -74.87373224615531342, 57.39524675482571325 ) ) ;
#2563 = CARTESIAN_POINT ( 'NONE',  ( 58.90806826977329536, 42.63992767013681373, 55.27314253314647630 ) ) ;
#2564 = EDGE_LOOP ( 'NONE', ( #4027, #2111, #5717, #5567, #1125, #617 ) ) ;
#2565 = CARTESIAN_POINT ( 'NONE',  ( 22.60681020374953576, -70.21388429319446800, 57.87242576151193418 ) ) ;
#2566 = CARTESIAN_POINT ( 'NONE',  ( 8.164728054029154691, -6.226736150662890878, 64.99999999999997158 ) ) ;
#2567 = CARTESIAN_POINT ( 'NONE',  ( -55.64768615079455572, -27.12438625419389382, 51.05217627711259354 ) ) ;
#2568 = CARTESIAN_POINT ( 'NONE',  ( -22.49023592978344865, -20.10812274687495460, 52.37611673397392309 ) ) ;
#2569 = CARTESIAN_POINT ( 'NONE',  ( -53.38215377421025210, 4.547578468336908486, 58.48070718500671461 ) ) ;
#2570 = EDGE_CURVE ( 'NONE', #5730, #3881, #4160, .T. ) ;
#2571 = DIRECTION ( 'NONE',  ( -0.5677975635275848143, 0.8231682251229928138, 0.000000000000000000 ) ) ;
#2572 = CARTESIAN_POINT ( 'NONE',  ( 12.49661752143377846, -3.405749179366846846, 64.50000000000001421 ) ) ;
#2573 = CARTESIAN_POINT ( 'NONE',  ( -16.19332080453022726, -23.20732500458598224, 53.48551888978725088 ) ) ;
#2574 = MANIFOLD_SOLID_BREP ( '\X2\52065272\X0\1[1]', #3397 ) ;
#2575 = CARTESIAN_POINT ( 'NONE',  ( 11.21146625460857926, -7.008048629288189169, 64.50000000000000000 ) ) ;
#2576 = CARTESIAN_POINT ( 'NONE',  ( 60.77173824567437777, -33.60232869568309866, 51.47445707540808968 ) ) ;
#2577 = CARTESIAN_POINT ( 'NONE',  ( 27.50102112492494300, -6.359328106932999880, 52.80945945203338709 ) ) ;
#2578 = DIRECTION ( 'NONE',  ( -0.000000000000000000, -0.000000000000000000, 1.000000000000000000 ) ) ;
#2579 = CARTESIAN_POINT ( 'NONE',  ( 16.84902866062467552, -30.05125319846267118, 58.82974545846904846 ) ) ;
#2580 = CARTESIAN_POINT ( 'NONE',  ( -2.926976793253209586, 20.24387081581154391, 52.09030866133690552 ) ) ;
#2581 = CARTESIAN_POINT ( 'NONE',  ( 80.23735058870404657, 22.61295871882329322, 53.59357610256688531 ) ) ;
#2582 = B_SPLINE_SURFACE_WITH_KNOTS ( 'NONE', 1, 3, ( 
 ( #114, #571, #3949, #3496, #2508, #2449, #54, #3980, #601, #5927, #3016, #476, #1472, #4466, #1048, #5392, #2146, #2004, #2986, #3408, #86, #2956, #4911, #508, #1018, #4973, #1557, #25, #5450, #3375, #1943, #1079, #3437, #4094, #4856, #5899, #2929, #539, #3920, #2539, #1528, #4885, #3465, #4494, #1438, #5334, #959, #2418, #3890, #5840 ),
 ( #4744, #323, #2658, #4711, #1767, #780, #6040, #361, #2781, #1228, #2272, #4193, #5184, #4613, #2304, #5632, #1737, #228, #6170, #6138, #4223, #1321, #2179, #1797, #3713, #4158, #2239, #3227, #2688, #3743, #4128, #5691, #3681, #2210, #3259, #5661, #3162, #5217, #715, #843, #6104, #1262, #1673, #6073, #1293, #3196, #1706, #2719, #5152, #812 ) ),
 .UNSPECIFIED., .F., .F., .F.,
 ( 2, 2 ),
 ( 4, 2, 2, 2, 2, 2, 2, 2, 2, 2, 2, 2, 2, 2, 2, 2, 2, 2, 2, 2, 2, 2, 2, 2, 4 ),
 ( 0.000000000000000000, 1.000000000000000000 ),
 ( 2.501853776554200607E-17, 0.007463620878585058675, 0.01492724175717009306, 0.01865905219646260896, 0.02239086263575512659, 0.02985448351434016184, 0.03358629395363267600, 0.03731810439292519710, 0.04478172527151022542, 0.04851353571080274651, 0.05224534615009526067, 0.05970896702868029593, 0.06717258790726532425, 0.07090439834655784535, 0.07463620878585036644, 0.08209982966443539476, 0.08396573488408165531, 0.08583164010372790198, 0.08956345054302042308, 0.09702707142160546527, 0.1007588818608979864, 0.1026247870805442330, 0.1044906923001904936, 0.1119543131787755219, 0.1194179340573605641 ),
 .UNSPECIFIED. ) ;
#2583 = CARTESIAN_POINT ( 'NONE',  ( 1.596729694009995315, 28.25017468760800909, 51.12695756819266535 ) ) ;
#2584 = CARTESIAN_POINT ( 'NONE',  ( 15.77139437108356468, -7.586663330294519447, 51.77178954677950173 ) ) ;
#2585 = CARTESIAN_POINT ( 'NONE',  ( -13.61116013950999282, 11.04836060854734292, 55.65663770768058072 ) ) ;
#2586 = CARTESIAN_POINT ( 'NONE',  ( -16.98225961715555243, 35.60685881626906735, 51.90162338653559715 ) ) ;
#2587 = CARTESIAN_POINT ( 'NONE',  ( 70.93993863746781869, -15.99461957062198891, 51.22261673016878802 ) ) ;
#2588 = CARTESIAN_POINT ( 'NONE',  ( 14.36330449385568997, -4.966325096762054692, 64.50000000000000000 ) ) ;
#2589 = VERTEX_POINT ( 'NONE', #3937 ) ;
#2590 = CARTESIAN_POINT ( 'NONE',  ( 9.444770481023358144, -23.69733503143559261, 58.20899177278111125 ) ) ;
#2591 = CARTESIAN_POINT ( 'NONE',  ( -18.07100865897370667, 8.299425071788553154, 56.85116427554315521 ) ) ;
#2592 = CARTESIAN_POINT ( 'NONE',  ( -12.36047494835967164, -37.35920295351629505, 53.25175072213195904 ) ) ;
#2593 = B_SPLINE_CURVE_WITH_KNOTS ( 'NONE', 1,
 ( #1624, #3564 ),
 .UNSPECIFIED., .F., .F.,
 ( 2, 2 ),
 ( 0.000000000000000000, 1.000000000000000000 ),
 .UNSPECIFIED. ) ;
#2594 = PRESENTATION_LAYER_ASSIGNMENT (  '', '', ( #2905 ) ) ;
#2595 = DIRECTION ( 'NONE',  ( -1.000000000000000000, 0.000000000000000000, 0.000000000000000000 ) ) ;
#2596 = CARTESIAN_POINT ( 'NONE',  ( 22.28648380537596907, 21.66947391677076951, 55.95683369544578056 ) ) ;
#2597 = ORIENTED_EDGE ( 'NONE', *, *, #5552, .T. ) ;
#2598 = CARTESIAN_POINT ( 'NONE',  ( -58.30316938007828753, -43.25266936233060022, 50.32955689647991449 ) ) ;
#2599 = CARTESIAN_POINT ( 'NONE',  ( -9.879526401979592976, -14.44649878598066195, 53.54867636100720318 ) ) ;
#2600 = CARTESIAN_POINT ( 'NONE',  ( 15.92031216011413264, 7.269032553105625460, 55.95756370241046795 ) ) ;
#2601 = CARTESIAN_POINT ( 'NONE',  ( -60.47056658850276989, 7.729995815473628795, 58.27886116329585775 ) ) ;
#2602 = DIRECTION ( 'NONE',  ( 0.000000000000000000, 1.000000000000000000, 0.000000000000000000 ) ) ;
#2603 = CARTESIAN_POINT ( 'NONE',  ( -15.00000000000000000, 0.000000000000000000, 62.00000000000000000 ) ) ;
#2604 = CARTESIAN_POINT ( 'NONE',  ( -10.27730464914003150, -17.02420083370437354, 53.81364701626051072 ) ) ;
#2605 = CARTESIAN_POINT ( 'NONE',  ( 14.13760996946858839, -5.322602803030243024, 65.00000000000000000 ) ) ;
#2606 = CARTESIAN_POINT ( 'NONE',  ( 69.68355820962449343, -25.77039253818956865, 52.19358067906880194 ) ) ;
#2607 = EDGE_CURVE ( 'NONE', #2973, #4614, #325, .T. ) ;
#2608 = DIRECTION ( 'NONE',  ( 0.000000000000000000, -1.000000000000000000, 0.000000000000000000 ) ) ;
#2609 = CARTESIAN_POINT ( 'NONE',  ( -5.828892694501516480, 16.50211171911654162, 53.03369817996362201 ) ) ;
#2610 = CARTESIAN_POINT ( 'NONE',  ( 8.821654924734609438, -17.80165336795842990, 58.60591647707461505 ) ) ;
#2611 = CARTESIAN_POINT ( 'NONE',  ( -6.798124233825806328, 34.99665818590140276, 52.30599123506060266 ) ) ;
#2612 = CARTESIAN_POINT ( 'NONE',  ( 13.19107062504455818, 21.70433231567218968, 58.78943889928468991 ) ) ;
#2613 = CARTESIAN_POINT ( 'NONE',  ( -1.301482401850467152, 72.89044687667413314, 51.46992921939837373 ) ) ;
#2614 = VECTOR ( 'NONE', #2608, 1000.000000000000000 ) ;
#2615 = CARTESIAN_POINT ( 'NONE',  ( 43.12142160973183991, -18.83558083346167322, 51.91704112822447570 ) ) ;
#2616 = CARTESIAN_POINT ( 'NONE',  ( -15.67526470187579513, 7.787391763694966329, 56.71106833837087180 ) ) ;
#2617 = CARTESIAN_POINT ( 'NONE',  ( -21.61822244670686999, 69.43309878826757142, 51.22261673016878802 ) ) ;
#2618 = CARTESIAN_POINT ( 'NONE',  ( 28.47600781662440639, -18.33984988685131512, 49.54526119052251687 ) ) ;
#2619 = CARTESIAN_POINT ( 'NONE',  ( 54.27819641403608131, -37.42428266812085980, 51.00746456463616596 ) ) ;
#2620 = ORIENTED_EDGE ( 'NONE', *, *, #225, .T. ) ;
#2621 = CARTESIAN_POINT ( 'NONE',  ( 15.53570237424605871, -48.02321722609158883, 57.88122119668172161 ) ) ;
#2622 = CARTESIAN_POINT ( 'NONE',  ( -19.10815687351026426, 5.677272781209742547, 57.52751954498400977 ) ) ;
#2623 = CARTESIAN_POINT ( 'NONE',  ( -6.201252468704718801, -24.74545801116542521, 53.59753450944779019 ) ) ;
#2624 = EDGE_CURVE ( 'NONE', #4717, #1191, #3968, .T. ) ;
#2625 = CARTESIAN_POINT ( 'NONE',  ( -83.25250751107887481, 11.57350268247490632, 56.62308322780203440 ) ) ;
#2626 = CARTESIAN_POINT ( 'NONE',  ( 71.40106725233044926, 44.34896067013802679, 54.93525821858710145 ) ) ;
#2627 = EDGE_LOOP ( 'NONE', ( #1730, #5386, #2839, #836 ) ) ;
#2628 = CARTESIAN_POINT ( 'NONE',  ( 0.4204759019609399795, -81.02962397738355094, 56.40848206637134155 ) ) ;
#2629 = B_SPLINE_CURVE_WITH_KNOTS ( 'NONE', 3,
 ( #1728, #676, #5622, #1664, #2230, #1251, #4636, #3603, #4668, #771, #2170, #6127, #802, #4118, #1696, #5590, #1218, #4700, #3152, #5111, #2740, #4182, #739, #250, #2200, #4149, #6095, #1757, #5652, #1284, #833, #866, #2907, #5715, #6159, #6293, #3382, #1344, #1853, #1921, #4350, #3796, #4830, #3733, #1377, #899, #3286, #2837, #5276, #5307, #3865, #485, #350, #5241, #6258, #3318, #6226, #5748, #5342, #5814, #1446, #4797, #4863, #2426, #1788, #416, #2359, #966, #4764, #2805, #5682, #3831, #4280, #1312, #4315, #2771, #3250, #383, #1887, #2326, #5783, #6194, #5207, #4735, #1411, #3350, #2294, #4248, #933, #1820, #3765, #2872, #451, #2394, #3990, #3533, #4412, #4019, #1593, #4892, #5489, #5013, #5964, #2014, #2549, #1026, #1509, #3475, #3958, #1117, #5429, #639, #2994, #3444 ),
 .UNSPECIFIED., .F., .F.,
 ( 4, 2, 2, 1, 1, 1, 1, 2, 2, 2, 2, 1, 1, 1, 1, 2, 2, 2, 2, 1, 1, 2, 2, 2, 2, 1, 1, 2, 2, 2, 2, 1, 1, 1, 2, 2, 2, 2, 1, 1, 2, 2, 2, 2, 2, 2, 2, 2, 1, 1, 2, 2, 2, 1, 2, 2, 2, 2, 1, 1, 2, 2, 2, 2, 1, 1, 2, 2, 4 ),
 ( 0.000000000000000000, 0.03124999999999883427, 0.04687499999999815425, 0.05468749999999790445, 0.05859374999999777955, 0.06054687499999772404, 0.06152343749999768935, 0.06201171874999777262, 0.06249999999999784894, 0.09374999999999721056, 0.1093749999999968081, 0.1171874999999965444, 0.1210937499999963363, 0.1230468749999962946, 0.1240234374999962252, 0.1245117187499961559, 0.1249999999999961142, 0.1562499999999962252, 0.1718749999999962530, 0.1796874999999962252, 0.1835937499999962252, 0.1855468749999962530, 0.1874999999999962530, 0.2187499999999967804, 0.2343749999999970302, 0.2421874999999971412, 0.2460937499999972244, 0.2480468749999972244, 0.2499999999999972244, 0.3124999999999975575, 0.3437499999999976685, 0.3593749999999978906, 0.3671874999999979461, 0.3710937499999979461, 0.3730468749999979461, 0.3749999999999980016, 0.4375000000000013323, 0.4687500000000029421, 0.4843750000000036082, 0.4921875000000038303, 0.4960937500000039413, 0.5000000000000039968, 0.5625000000000057732, 0.5937500000000065503, 0.6093750000000068834, 0.6250000000000072164, 0.6875000000000082157, 0.7187500000000086597, 0.7343750000000088818, 0.7421875000000089928, 0.7460937500000089928, 0.7500000000000091038, 0.7812500000000085487, 0.7968750000000084377, 0.8046875000000084377, 0.8125000000000083267, 0.8437500000000078826, 0.8593750000000078826, 0.8671875000000077716, 0.8710937500000075495, 0.8730468750000075495, 0.8750000000000074385, 0.9062500000000055511, 0.9218750000000046629, 0.9296875000000043299, 0.9335937500000041078, 0.9355468750000041078, 0.9375000000000039968, 1.000000000000000000 ),
 .UNSPECIFIED. ) ;
#2630 = CARTESIAN_POINT ( 'NONE',  ( -8.931848724023767616, -15.05044881474408669, 53.85535945339562858 ) ) ;
#2631 = CARTESIAN_POINT ( 'NONE',  ( 13.95013778426787354, 10.57496804110271249, 57.00963557095462164 ) ) ;
#2632 = CARTESIAN_POINT ( 'NONE',  ( -24.70896095060529873, 0.6310178361105770461, 58.77580442392938664 ) ) ;
#2633 = DIRECTION ( 'NONE',  ( 0.000000000000000000, -0.000000000000000000, 1.000000000000000000 ) ) ;
#2634 = CARTESIAN_POINT ( 'NONE',  ( 12.31245226240434221, -3.913951016332191557, 64.50000000000001421 ) ) ;
#2635 = CARTESIAN_POINT ( 'NONE',  ( -14.65713110531489960, -13.51046752372314863, 52.46174860638552673 ) ) ;
#2636 = CARTESIAN_POINT ( 'NONE',  ( -13.16780252409767193, -11.52927899203412210, 52.34623883929813104 ) ) ;
#2637 = CARTESIAN_POINT ( 'NONE',  ( 6.641711180411326687, -15.80931320066775214, 56.65228358392216279 ) ) ;
#2638 = CARTESIAN_POINT ( 'NONE',  ( 58.58449524780937168, -35.00135766829336603, 51.31440136572190625 ) ) ;
#2639 = CARTESIAN_POINT ( 'NONE',  ( 63.77571988932547242, -35.31810661575558896, 51.46992921939837373 ) ) ;
#2640 = CARTESIAN_POINT ( 'NONE',  ( -3.530994499774683604, 17.14188085370430059, 52.38248934323306116 ) ) ;
#2641 = CARTESIAN_POINT ( 'NONE',  ( 21.82214285572067070, -43.67529363288306143, 58.59694213509978766 ) ) ;
#2642 = CARTESIAN_POINT ( 'NONE',  ( -4.300500540272189198, 23.23421833728898989, 52.27307501863899830 ) ) ;
#2643 = CARTESIAN_POINT ( 'NONE',  ( 16.83618945316807469, 28.34738294507714329, 58.83207272016499445 ) ) ;
#2644 = CARTESIAN_POINT ( 'NONE',  ( -7.068415061751823103, 44.46594861150681055, 52.14067247597103005 ) ) ;
#2645 = CARTESIAN_POINT ( 'NONE',  ( -18.64655870744718413, 1.085861000810925514, 56.98568999657366874 ) ) ;
#2646 = CARTESIAN_POINT ( 'NONE',  ( 39.88528015427644391, 20.88934213220646186, 56.19179617724464748 ) ) ;
#2647 = CARTESIAN_POINT ( 'NONE',  ( -15.17729427015561683, 8.714760914560343963, 56.42381173042611664 ) ) ;
#2648 = CARTESIAN_POINT ( 'NONE',  ( -9.880830870143260114, 20.46253139496809226, 51.91300107045440626 ) ) ;
#2649 = CARTESIAN_POINT ( 'NONE',  ( 31.47375693639566663, -23.57948668512922197, 49.21009500548041871 ) ) ;
#2650 = CARTESIAN_POINT ( 'NONE',  ( 6.400482681295096121, 63.54448849498685092, 50.90701421188565945 ) ) ;
#2651 = EDGE_LOOP ( 'NONE', ( #5920, #5209, #1220, #2788 ) ) ;
#2652 = CARTESIAN_POINT ( 'NONE',  ( 25.19120146534772786, 43.73529170725635851, 58.89104883252447564 ) ) ;
#2653 = CARTESIAN_POINT ( 'NONE',  ( -2.647721795447299797, -22.51092025931724550, 55.84189009651882429 ) ) ;
#2654 = CARTESIAN_POINT ( 'NONE',  ( -71.12343229196794425, 15.15730396158890869, 57.88271671937818752 ) ) ;
#2655 = CARTESIAN_POINT ( 'NONE',  ( -15.67749857059633989, -26.75346048090974094, 52.24315060399256794 ) ) ;
#2656 = CARTESIAN_POINT ( 'NONE',  ( -39.08326393372087182, 5.357334362380547610, 56.62778446716791336 ) ) ;
#2657 = CARTESIAN_POINT ( 'NONE',  ( 41.08907130347322578, 18.13309535171148923, 54.26299268378631524 ) ) ;
#2658 = CARTESIAN_POINT ( 'NONE',  ( 3.058615168393879369, 67.07290916959163951, 49.56701239121129277 ) ) ;
#2659 = ORIENTED_EDGE ( 'NONE', *, *, #4611, .T. ) ;
#2660 = CARTESIAN_POINT ( 'NONE',  ( -59.23068155553999503, -38.32244712518848218, 50.02571519731076677 ) ) ;
#2661 = CARTESIAN_POINT ( 'NONE',  ( 15.95409236075770743, 7.194564847010454400, 55.93525643580706941 ) ) ;
#2662 = CARTESIAN_POINT ( 'NONE',  ( -24.92246319784746333, 0.6116390681170351673, 58.78030305560157842 ) ) ;
#2663 = CARTESIAN_POINT ( 'NONE',  ( -59.49966175438282789, -28.39825276454615377, 49.41162545501246228 ) ) ;
#2664 = CARTESIAN_POINT ( 'NONE',  ( 10.97950486643792800, -4.729428030579197362, 64.50000000000001421 ) ) ;
#2665 = CARTESIAN_POINT ( 'NONE',  ( -19.53259950751371221, -24.18205892034517035, 53.14905688448522625 ) ) ;
#2666 = CARTESIAN_POINT ( 'NONE',  ( 17.64373394567284592, -70.73509443879579806, 55.94838142381779278 ) ) ;
#2667 = CARTESIAN_POINT ( 'NONE',  ( 75.76107894211753546, 32.77523064562169708, 55.83400966324887804 ) ) ;
#2668 = CARTESIAN_POINT ( 'NONE',  ( 57.68258747769991146, -22.04286722544759414, 52.14331686281131795 ) ) ;
#2669 = CARTESIAN_POINT ( 'NONE',  ( 21.29923150962492073, -41.82832144575239397, 58.63596719360330667 ) ) ;
#2670 = CARTESIAN_POINT ( 'NONE',  ( 4.287830100746195860, 6.007869066048916018, 64.50000000000000000 ) ) ;
#2671 = CARTESIAN_POINT ( 'NONE',  ( 23.13407198658378050, -67.76606401432782434, 56.35024646408169247 ) ) ;
#2672 = CARTESIAN_POINT ( 'NONE',  ( -5.676074239310344716, 27.36436142513501224, 52.37109514142445477 ) ) ;
#2673 = CARTESIAN_POINT ( 'NONE',  ( 21.89485342158442904, 35.31329791728356327, 58.73802704011211517 ) ) ;
#2674 = CARTESIAN_POINT ( 'NONE',  ( 3.877486855845377445, 30.74321709342873632, 50.79652098895984835 ) ) ;
#2675 = CARTESIAN_POINT ( 'NONE',  ( 45.88515003343254506, -22.14081992585729353, 50.13243654230478796 ) ) ;
#2676 = CARTESIAN_POINT ( 'NONE',  ( 13.98819585317420611, 9.845037422149806261, 56.84212094344758981 ) ) ;
#2677 = CARTESIAN_POINT ( 'NONE',  ( -22.48321923934037869, 57.51252132186400701, 51.56049452375101083 ) ) ;
#2678 = CARTESIAN_POINT ( 'NONE',  ( 58.08627178223934351, -43.69601151540872053, 49.20342366528207378 ) ) ;
#2679 = CARTESIAN_POINT ( 'NONE',  ( -2.306861992109104254, 18.33515507895097585, 50.36176332662137867 ) ) ;
#2680 = ORIENTED_EDGE ( 'NONE', *, *, #5369, .T. ) ;
#2681 = CARTESIAN_POINT ( 'NONE',  ( 10.06137702173131387, 17.15022532663481769, 58.87329893721378937 ) ) ;
#2682 = CARTESIAN_POINT ( 'NONE',  ( 1.847991380512581161, -19.79966510657403234, 56.85116427554316232 ) ) ;
#2683 = CARTESIAN_POINT ( 'NONE',  ( -60.02121817881403132, 58.84229904847789783, 55.18254456582696577 ) ) ;
#2684 = CARTESIAN_POINT ( 'NONE',  ( -6.909694244025565091, -27.44175112452341025, 53.59461369776751383 ) ) ;
#2685 = ADVANCED_FACE ( 'NONE', ( #5410 ), #1519, .T. ) ;
#2686 = CARTESIAN_POINT ( 'NONE',  ( -22.68242408509799546, 1.375222566567709581, 56.97591906942501794 ) ) ;
#2687 = CARTESIAN_POINT ( 'NONE',  ( 19.15119148978663688, 5.536889084960348484, 53.60421236771714604 ) ) ;
#2688 = CARTESIAN_POINT ( 'NONE',  ( -59.70207199958126409, 58.18110458276488828, 53.59357610256688531 ) ) ;
#2689 = ORIENTED_EDGE ( 'NONE', *, *, #5193, .T. ) ;
#2690 = CARTESIAN_POINT ( 'NONE',  ( -72.11041259816224169, 15.52887021161716063, 57.87242576151191287 ) ) ;
#2691 = CARTESIAN_POINT ( 'NONE',  ( -7.582368627333285538, -15.77344008380930340, 54.27316891539243926 ) ) ;
#2692 = CARTESIAN_POINT ( 'NONE',  ( 8.846804459720553737, -2.255271959592108466, 64.50000000000000000 ) ) ;
#2693 = CARTESIAN_POINT ( 'NONE',  ( -26.13177361412352795, 0.5153207191906526985, 58.80198313861409076 ) ) ;
#2694 = DIRECTION ( 'NONE',  ( 0.8231682251229929248, 0.5677975635275849253, 0.000000000000000000 ) ) ;
#2695 = VECTOR ( 'NONE', #81, 1000.000000000000000 ) ;
#2696 = CARTESIAN_POINT ( 'NONE',  ( -72.13207580981477918, 15.42782443265343417, 56.27576660695997646 ) ) ;
#2697 = CARTESIAN_POINT ( 'NONE',  ( -24.74063490970597812, -30.72607296213132955, 53.15296643978309987 ) ) ;
#2698 = CARTESIAN_POINT ( 'NONE',  ( 81.33131917440744019, -3.389316931538391309, 53.68680293056689834 ) ) ;
#2699 = EDGE_CURVE ( 'NONE', #4452, #435, #5203, .T. ) ;
#2700 = CARTESIAN_POINT ( 'NONE',  ( 40.70334498474073115, -18.98371107076300390, 51.80420806030695502 ) ) ;
#2701 = CARTESIAN_POINT ( 'NONE',  ( 18.99039644766829582, -34.94306803985061549, 58.76541435952137249 ) ) ;
#2702 = CARTESIAN_POINT ( 'NONE',  ( -2.900295912428193290, 17.25934385784435321, 52.20747522000100815 ) ) ;
#2703 = CARTESIAN_POINT ( 'NONE',  ( 14.49265498238765737, -25.74906366440718486, 58.84028632213153998 ) ) ;
#2704 = CARTESIAN_POINT ( 'NONE',  ( -4.040011644542738090, 22.60538033604068531, 52.24462232241980075 ) ) ;
#2705 = CARTESIAN_POINT ( 'NONE',  ( 30.61699978825330959, 43.94637938290360779, 58.48109869087381441 ) ) ;
#2706 = CARTESIAN_POINT ( 'NONE',  ( 3.273384869130731456, 61.66195723154746133, 51.13407788442508917 ) ) ;
#2707 = CARTESIAN_POINT ( 'NONE',  ( 51.90026525942914759, -37.21860541697949998, 49.31143996461796775 ) ) ;
#2708 = CARTESIAN_POINT ( 'NONE',  ( 14.68564353403447420, 8.855252329025026015, 56.50407694535661562 ) ) ;
#2709 = CARTESIAN_POINT ( 'NONE',  ( -30.29443650895376194, 53.63303642462124543, 52.23584222385012055 ) ) ;
#2710 = CARTESIAN_POINT ( 'NONE',  ( 13.78820289194262472, -10.09403303915633998, 49.23619671696108924 ) ) ;
#2711 = CARTESIAN_POINT ( 'NONE',  ( 4.333435517204220488, 61.75450299550848143, 51.05217627711259354 ) ) ;
#2712 = VERTEX_POINT ( 'NONE', #2290 ) ;
#2713 = CARTESIAN_POINT ( 'NONE',  ( 13.87085032088183389, -5.667341403457395899, 65.00000000000001421 ) ) ;
#2714 = CARTESIAN_POINT ( 'NONE',  ( 4.242362008206860047, -25.15481109842187379, 57.19581311502283683 ) ) ;
#2715 = CARTESIAN_POINT ( 'NONE',  ( -21.48379686813090572, 18.41790578355114860, 55.51032258048013546 ) ) ;
#2716 = CARTESIAN_POINT ( 'NONE',  ( -11.17994372569923200, -16.50584811633945037, 51.91677028638785885 ) ) ;
#2717 = CARTESIAN_POINT ( 'NONE',  ( -70.08025569592486193, 20.08762540483168380, 55.94838142381779278 ) ) ;
#2718 = CARTESIAN_POINT ( 'NONE',  ( 37.11697279368436853, 13.36208402637763903, 53.92647875461493356 ) ) ;
#2719 = CARTESIAN_POINT ( 'NONE',  ( -72.83165861109382888, 20.38805291108165818, 55.97712735475023038 ) ) ;
#2720 = VERTEX_POINT ( 'NONE', #1722 ) ;
#2721 = CARTESIAN_POINT ( 'NONE',  ( -0.2711442582281620162, -0.9934129852331345933, 64.50000000000000000 ) ) ;
#2722 = CARTESIAN_POINT ( 'NONE',  ( 14.87055703216640801, 9.229980239890279492, 56.56481277621962533 ) ) ;
#2723 = CARTESIAN_POINT ( 'NONE',  ( -32.05752518065436618, 0.3801039595905488233, 58.83488387555889432 ) ) ;
#2724 = ORIENTED_EDGE ( 'NONE', *, *, #5502, .F. ) ;
#2725 = CARTESIAN_POINT ( 'NONE',  ( 18.99519479404987621, -7.587099148660804815, 52.09030866133691973 ) ) ;
#2726 = CARTESIAN_POINT ( 'NONE',  ( 12.59167625459235040, 6.007869066048916018, 64.50000000000000000 ) ) ;
#2727 = CARTESIAN_POINT ( 'NONE',  ( -50.42828727571843928, -35.37304128290333693, 51.80654254499447120 ) ) ;
#2728 = CARTESIAN_POINT ( 'NONE',  ( 82.49934145569528710, 8.386709126070210019, 54.36838929473731241 ) ) ;
#2729 = CARTESIAN_POINT ( 'NONE',  ( 26.01111238772665857, -17.01692763445266721, 51.12846819659461772 ) ) ;
#2730 = CARTESIAN_POINT ( 'NONE',  ( 21.16962075834513257, -41.36290080081085563, 58.64588163555792732 ) ) ;
#2731 = CARTESIAN_POINT ( 'NONE',  ( 8.332718816866936606, 14.93612007776886941, 57.32300794552850931 ) ) ;
#2732 = CARTESIAN_POINT ( 'NONE',  ( 8.382896142042614684, -16.69132403421262012, 56.98568999657366874 ) ) ;
#2733 = CARTESIAN_POINT ( 'NONE',  ( -1.575669530390323869, 54.57585391542811237, 51.52456907232290462 ) ) ;
#2734 = CARTESIAN_POINT ( 'NONE',  ( 14.62993549484035327, 24.55371603079958831, 58.82816307791745203 ) ) ;
#2735 = CARTESIAN_POINT ( 'NONE',  ( 0.000000000000000000, 0.000000000000000000, 65.00000000000000000 ) ) ;
#2736 = CARTESIAN_POINT ( 'NONE',  ( -21.78814755534546421, 74.29104671444386554, 51.14420167295647701 ) ) ;
#2737 = CARTESIAN_POINT ( 'NONE',  ( 25.89870191283296919, 11.22718303268264606, 55.84776617424270739 ) ) ;
#2738 = CARTESIAN_POINT ( 'NONE',  ( -17.44926652589917282, 1.331602060096676698, 56.89043266335658444 ) ) ;
#2739 = CARTESIAN_POINT ( 'NONE',  ( -3.343608634316953765, 19.65258369724635656, 50.56491652341140508 ) ) ;
#2740 = CARTESIAN_POINT ( 'NONE',  ( -5.574044127158105155, 71.22669508173463271, 51.75803806829924980 ) ) ;
#2741 = CARTESIAN_POINT ( 'NONE',  ( -1.734996984621207439, 17.41505458960256192, 50.22821045322059064 ) ) ;
#2742 = ORIENTED_EDGE ( 'NONE', *, *, #3446, .F. ) ;
#2743 = CARTESIAN_POINT ( 'NONE',  ( 14.34459006628404509, 21.09698112154857697, 58.54561273598408633 ) ) ;
#2744 = CARTESIAN_POINT ( 'NONE',  ( 3.249117942279569515, -19.66825736715351525, 57.18917852279842151 ) ) ;
#2745 = CARTESIAN_POINT ( 'NONE',  ( -10.27087344890401432, 13.73150711061141926, 54.47972456792471263 ) ) ;
#2746 = CARTESIAN_POINT ( 'NONE',  ( -21.86600852329317490, -17.96229704434449204, 50.55547155577135499 ) ) ;
#2747 = CARTESIAN_POINT ( 'NONE',  ( -21.39495758213876186, 7.652692354514683437, 55.62624410586425228 ) ) ;
#2748 = CARTESIAN_POINT ( 'NONE',  ( 22.50755236978609020, 12.00767422618834246, 54.60971081321757481 ) ) ;
#2749 = DIRECTION ( 'NONE',  ( -0.000000000000000000, -0.000000000000000000, 1.000000000000000000 ) ) ;
#2750 = ORIENTED_EDGE ( 'NONE', *, *, #4144, .T. ) ;
#2751 = DIRECTION ( 'NONE',  ( 0.000000000000000000, -0.000000000000000000, -1.000000000000000000 ) ) ;
#2752 = DIRECTION ( 'NONE',  ( -1.000000000000000000, 0.000000000000000000, -6.798176121864045815E-12 ) ) ;
#2753 = CARTESIAN_POINT ( 'NONE',  ( -29.34845750839667033, 0.3727399664463397766, 58.83261529063600648 ) ) ;
#2754 = VERTEX_POINT ( 'NONE', #2195 ) ;
#2755 = VERTEX_POINT ( 'NONE', #1214 ) ;
#2756 = DIRECTION ( 'NONE',  ( 0.000000000000000000, -0.000000000000000000, 1.000000000000000000 ) ) ;
#2757 = CARTESIAN_POINT ( 'NONE',  ( 6.800249637825152682, -4.223597210865658091, 64.50000000000000000 ) ) ;
#2758 = CARTESIAN_POINT ( 'NONE',  ( -25.43819544196242077, -17.73219949258702854, 51.79940175265905111 ) ) ;
#2759 = CARTESIAN_POINT ( 'NONE',  ( -48.71084136235231909, -28.57660577727494200, 51.41654731458072547 ) ) ;
#2760 = CARTESIAN_POINT ( 'NONE',  ( 69.08105176283972071, 41.75865071918939009, 56.48073867893214128 ) ) ;
#2761 = DIRECTION ( 'NONE',  ( 1.000000000000000000, -0.000000000000000000, 0.000000000000000000 ) ) ;
#2762 = CARTESIAN_POINT ( 'NONE',  ( 18.81099686593301712, -34.49924589459370594, 58.77214941602782261 ) ) ;
#2763 = EDGE_CURVE ( 'NONE', #501, #1422, #2064, .T. ) ;
#2764 = CARTESIAN_POINT ( 'NONE',  ( 23.13407198658378050, -67.76606401432782434, 56.35024646408169247 ) ) ;
#2765 = CARTESIAN_POINT ( 'NONE',  ( -1.612583644039720543, 54.51625832315941977, 51.52795150656299228 ) ) ;
#2766 = CARTESIAN_POINT ( 'NONE',  ( 17.49857793553968932, 0.3186378426786814488, 53.99959193667059765 ) ) ;
#2767 = CARTESIAN_POINT ( 'NONE',  ( 3.224907242722989231, 25.22155948590954821, 50.79247791863767247 ) ) ;
#2768 = CARTESIAN_POINT ( 'NONE',  ( 50.82744203162928898, -32.40364979374681553, 49.57170037200286572 ) ) ;
#2769 = CARTESIAN_POINT ( 'NONE',  ( 30.03002950657036152, 15.67177253639248669, 56.18817980802948853 ) ) ;
#2770 = CARTESIAN_POINT ( 'NONE',  ( 3.986790772244319214, 33.53059539219710672, 49.21313184373556027 ) ) ;
#2771 = CARTESIAN_POINT ( 'NONE',  ( -63.60285385558632498, 53.45144392373432396, 55.54722828574321625 ) ) ;
#2772 = CARTESIAN_POINT ( 'NONE',  ( 81.97489131561039244, 0.3985275385848523477, 52.30535316567505788 ) ) ;
#2773 = VERTEX_POINT ( 'NONE', #3633 ) ;
#2774 = CARTESIAN_POINT ( 'NONE',  ( 41.25153101869381089, 45.74401783306895908, 57.88256575832706829 ) ) ;
#2775 = CARTESIAN_POINT ( 'NONE',  ( -1.244174615353611291, -28.27058384646905864, 56.18520976800528643 ) ) ;
#2776 = CARTESIAN_POINT ( 'NONE',  ( -14.11449520826852755, 14.07857747048741004, 55.16342442864925744 ) ) ;
#2777 = CARTESIAN_POINT ( 'NONE',  ( -15.97552814870571325, -23.35778063957194917, 51.90713921848389134 ) ) ;
#2778 = CARTESIAN_POINT ( 'NONE',  ( -25.06345774077682620, 18.25751187931387065, 54.26772195696266721 ) ) ;
#2779 = CARTESIAN_POINT ( 'NONE',  ( 50.15577466658080397, 6.690730804185628600, 52.91253839476787846 ) ) ;
#2780 = VECTOR ( 'NONE', #950, 1000.000000000000114 ) ;
#2781 = CARTESIAN_POINT ( 'NONE',  ( -11.93110546653841020, 73.07966285059499967, 50.55469448342671512 ) ) ;
#2782 = EDGE_LOOP ( 'NONE', ( #3024, #3288, #6066, #4579, #3423, #6129, #3297, #1707 ) ) ;
#2783 =( LENGTH_UNIT ( ) NAMED_UNIT ( * ) SI_UNIT ( .MILLI., .METRE. ) );
#2784 = CARTESIAN_POINT ( 'NONE',  ( 5.936658489319459164, -33.34895401545048088, 55.61735998498451750 ) ) ;
#2785 = CARTESIAN_POINT ( 'NONE',  ( -55.06869900234219273, -27.39214970759262613, 49.48571190064031100 ) ) ;
#2786 = CARTESIAN_POINT ( 'NONE',  ( -59.29562006610080971, -37.68803302749161332, 51.58879599714438058 ) ) ;
#2787 = ORIENTED_EDGE ( 'NONE', *, *, #3979, .T. ) ;
#2788 = ORIENTED_EDGE ( 'NONE', *, *, #4172, .T. ) ;
#2789 = DIRECTION ( 'NONE',  ( 1.000000000000000000, -0.000000000000000000, 0.000000000000000000 ) ) ;
#2790 = CARTESIAN_POINT ( 'NONE',  ( 7.103707387043455945, -5.029722974789699208, 64.50000000000000000 ) ) ;
#2791 = CARTESIAN_POINT ( 'NONE',  ( -35.18207153780280549, -17.83918051296740970, 51.13187268285075504 ) ) ;
#2792 = FACE_OUTER_BOUND ( 'NONE', #3580, .T. ) ;
#2793 = CARTESIAN_POINT ( 'NONE',  ( 74.49024555656271218, -19.48723481578504391, 52.66304964535668631 ) ) ;
#2794 = B_SPLINE_CURVE_WITH_KNOTS ( 'NONE', 3,
 ( #3111, #1053, #4947, #2514, #4015, #2991, #2097, #1621, #5070, #695, #3501, #2638, #4591, #2042, #2576, #207, #5904, #4471, #3530, #5455, #92, #606, #4045, #178, #4500, #119, #5486, #1114, #3561, #5992, #1144, #2606, #2128, #4073, #759, #1777, #1239, #3174, #6147, #5608, #821, #4237, #337, #3657, #2793, #4625, #3723, #6083, #4688, #5131, #3238, #5671, #269, #5704, #2218, #5100, #1810, #2698, #5162, #4656, #792, #2189, #1333, #2283, #4169, #2728, #6052, #6114, #5196, #5641, #4755, #1207, #3754, #1746, #1302, #3272, #4137, #5228, #855, #2667, #2158, #4105, #1684, #3691, #6183, #1273, #3206, #301, #2249, #4201, #3624, #4723, #2760, #5579, #3140, #728, #237, #1714, #2316, #5771, #4304, #888, #5837, #1365, #372, #472, #1014, #4371, #2826, #5363, #2415, #1435, #4270, #440, #2383, #3886, #3917, #5868 ),
 .UNSPECIFIED., .F., .F.,
 ( 4, 2, 2, 1, 1, 1, 1, 2, 2, 2, 2, 1, 1, 1, 1, 2, 2, 2, 2, 1, 1, 2, 2, 2, 2, 1, 1, 2, 2, 2, 2, 2, 1, 1, 2, 2, 2, 2, 2, 1, 2, 2, 2, 2, 2, 2, 2, 2, 2, 1, 2, 2, 2, 2, 2, 2, 2, 2, 1, 1, 2, 2, 2, 2, 1, 1, 2, 2, 4 ),
 ( 0.000000000000000000, 0.03124999999998347849, 0.04687499999997521427, 0.05468749999997112726, 0.05859374999996900396, 0.06054687499996794231, 0.06152343749996735944, 0.06201171874996704719, 0.06249999999996673494, 0.09374999999995695110, 0.1093749999999520939, 0.1171874999999498596, 0.1210937499999485967, 0.1230468749999480971, 0.1240234374999478889, 0.1245117187499477918, 0.1249999999999476807, 0.1562499999999424627, 0.1718749999999396871, 0.1796874999999383271, 0.1835937499999377442, 0.1855468749999374667, 0.1874999999999371614, 0.2187499999999334421, 0.2343749999999315825, 0.2421874999999306666, 0.2460937499999302780, 0.2480468749999301947, 0.2499999999999301115, 0.3124999999999313882, 0.3437499999999319988, 0.3593749999999323874, 0.3671874999999326095, 0.3710937499999327205, 0.3730468749999327760, 0.3749999999999328315, 0.4374999999999363287, 0.4687499999999381051, 0.4843749999999389932, 0.4921874999999393818, 0.4960937499999396039, 0.4999999999999398259, 0.5624999999999434896, 0.5937499999999453770, 0.6093749999999462652, 0.6249999999999472644, 0.6874999999999508171, 0.7187499999999524825, 0.7343749999999534817, 0.7421874999999540368, 0.7460937499999543698, 0.7499999999999547029, 0.7812499999999589217, 0.7968749999999609201, 0.8046874999999619194, 0.8124999999999629186, 0.8437499999999679146, 0.8593749999999704681, 0.8671874999999715783, 0.8710937499999722444, 0.8730468749999724665, 0.8749999999999725775, 0.9062499999999785727, 0.9218749999999815703, 0.9296874999999830136, 0.9335937499999836797, 0.9355468749999841238, 0.9374999999999845679, 1.000000000000000000 ),
 .UNSPECIFIED. ) ;
#2795 = CARTESIAN_POINT ( 'NONE',  ( -21.65589268921105059, -19.35791238495994904, 52.37639250407949731 ) ) ;
#2796 = CARTESIAN_POINT ( 'NONE',  ( 22.76730363404592694, -48.59361123136059746, 58.47848775840221691 ) ) ;
#2797 = STYLED_ITEM ( 'NONE', ( #6086 ), #4706 ) ;
#2798 = CARTESIAN_POINT ( 'NONE',  ( 23.74920408603053801, -58.09311006902235164, 56.63175401432328471 ) ) ;
#2799 = CARTESIAN_POINT ( 'NONE',  ( -6.241643923996323728, 42.50726960755479666, 52.08406017608871963 ) ) ;
#2800 = CARTESIAN_POINT ( 'NONE',  ( 11.54276526917929324, 17.91043091596128889, 58.66963034093670615 ) ) ;
#2801 = CARTESIAN_POINT ( 'NONE',  ( 45.23551582406048510, -21.24702575390081449, 50.18217224125123010 ) ) ;
#2802 = CARTESIAN_POINT ( 'NONE',  ( 15.94937817519926782, -7.204975830629766875, 50.22821045322059064 ) ) ;
#2803 = CARTESIAN_POINT ( 'NONE',  ( 82.15385973809496534, 16.75121323624671987, 54.84502037062112834 ) ) ;
#2804 = CARTESIAN_POINT ( 'NONE',  ( 2.933177736446598516, 25.25730549351557386, 49.21970453441858950 ) ) ;
#2805 = CARTESIAN_POINT ( 'NONE',  ( -56.99457699458811533, 60.90252366574151210, 54.97642388728949214 ) ) ;
#2806 = CARTESIAN_POINT ( 'NONE',  ( 75.20868334951643419, -18.37215209926108628, 52.74116648524223194 ) ) ;
#2807 = VERTEX_POINT ( 'NONE', #6059 ) ;
#2808 = CARTESIAN_POINT ( 'NONE',  ( 20.45580998401006312, 19.55171405239890703, 57.53693641487853938 ) ) ;
#2809 = CARTESIAN_POINT ( 'NONE',  ( -11.27881847081058275, -43.58909019038563315, 55.17949497653042101 ) ) ;
#2810 = CARTESIAN_POINT ( 'NONE',  ( -58.58217242307819106, 43.08644596641062208, 55.85718586193061697 ) ) ;
#2811 = CARTESIAN_POINT ( 'NONE',  ( -18.49399168759852685, -17.56964033537152403, 50.89600339851246247 ) ) ;
#2812 = CARTESIAN_POINT ( 'NONE',  ( -78.95063627435108344, 28.84122742464536771, 55.61030659607307314 ) ) ;
#2813 = CARTESIAN_POINT ( 'NONE',  ( 83.32625464012220107, 11.03408646580655450, 52.91008421349249602 ) ) ;
#2814 = CARTESIAN_POINT ( 'NONE',  ( 8.655009827298044911, -6.535594952438401606, 64.50000000000000000 ) ) ;
#2815 = ORIENTED_EDGE ( 'NONE', *, *, #1833, .T. ) ;
#2816 = EDGE_CURVE ( 'NONE', #6242, #2720, #621, .T. ) ;
#2817 = CARTESIAN_POINT ( 'NONE',  ( 8.886563952471858485, -78.46599958645592210, 55.32026332454689310 ) ) ;
#2818 = CARTESIAN_POINT ( 'NONE',  ( 32.14212492527308740, -65.43642994636360299, 56.96102576407484719 ) ) ;
#2819 = LINE ( 'NONE', #5290, #5166 ) ;
#2820 = CARTESIAN_POINT ( 'NONE',  ( -55.41486117919873067, -52.05110585782125554, 52.48547406578757091 ) ) ;
#2821 = EDGE_LOOP ( 'NONE', ( #587, #1889, #1969, #5692 ) ) ;
#2822 = CARTESIAN_POINT ( 'NONE',  ( 9.884871980223575605, 14.44165766034465115, 56.88822207353588567 ) ) ;
#2823 = CARTESIAN_POINT ( 'NONE',  ( 4.287830100746195860, -6.692130933951083271, 64.50000000000000000 ) ) ;
#2824 = CARTESIAN_POINT ( 'NONE',  ( -20.90177170889255009, -8.717968058199287995, 50.78982186350474848 ) ) ;
#2825 = CARTESIAN_POINT ( 'NONE',  ( -14.96418832822873135, -10.84520714135223507, 51.91130219592787398 ) ) ;
#2826 = CARTESIAN_POINT ( 'NONE',  ( 58.48608881781198221, 50.38933982886319285, 57.28041968779250226 ) ) ;
#2827 = CARTESIAN_POINT ( 'NONE',  ( -15.49589122403013342, -11.73353528524378042, 52.00180197691182826 ) ) ;
#2828 = CARTESIAN_POINT ( 'NONE',  ( 11.03254827558996176, -20.63655280571071060, 58.74410716625782669 ) ) ;
#2829 = B_SPLINE_SURFACE_WITH_KNOTS ( 'NONE', 3, 3, ( 
 ( #3456, #5412, #3970, #2115, #4061, #4709, #5659, #1704, #2237, #713, #1195, #3160, #3645 ),
 ( #5119, #321, #2686, #3127, #1162, #5597, #5087, #6009, #1638, #3225, #4156, #3578, #1671 ),
 ( #5564, #5630, #1735, #5531, #226, #6102, #5058, #2656, #810, #3610, #3097, #682, #2625 ),
 ( #4577, #6136, #4191, #4610, #194, #746, #1764, #5182, #6071, #2177, #5150, #3711, #1226 ),
 ( #4644, #6038, #4126, #2144, #257, #4092, #2208, #3194, #3679, #1259, #778, #2717, #4675 ),
 ( #289, #1291, #2747, #875, #3293, #2400, #6265, #391, #5821, #2333, #5215, #1926, #2812 ),
 ( #5249, #907, #3772, #359, #4287, #4867, #5722, #6202, #6233, #1827, #2302, #3838, #4256 ),
 ( #1795, #3741, #940, #3257, #4221, #4742, #1351, #4773, #2268, #2911, #3871, #1860, #456 ),
 ( #3804, #1385, #5755, #3388, #3325, #6168, #2844, #5283, #5689, #4805, #424, #971, #1319 ),
 ( #2367, #4836, #4355, #6298, #841, #2778, #4323, #1895, #5790, #1419, #3358, #1452, #5347 ),
 ( #5314, #2878, #5853, #3480, #127, #5971, #5378, #4925, #2462, #5882, #1987, #490, #1122 ),
 ( #1571, #3420, #2049, #4024, #2554, #1001, #5495, #1513, #3449, #4386, #2078, #1540, #4418 ),
 ( #5405, #3058, #2490, #4479, #2940, #5942, #1484, #2432, #584, #7, #99, #4896, #5465 ),
 ( #1600, #1957, #5433, #3538, #521, #1061, #3901, #37, #3932, #554, #1032, #2970, #4449 ),
 ( #2521, #67, #2018, #2998, #3963, #3995, #3510, #5911, #4955, #1094, #3030, #4986, #614 ),
 ( #4509, #159, #2108, #3602, #4540, #770, #3185, #187, #5651, #1695, #2709, #6126, #706 ),
 ( #6094, #4667, #2648, #4601, #217, #675, #4570, #2586, #5589, #4054, #5018, #4148, #738 ),
 ( #5080, #6001, #6031, #5557, #5050, #2169, #2229, #1186, #1663, #5141, #2677, #3120, #4181 ),
 ( #1630, #281, #4117, #3637, #6063, #1217, #2136, #3089, #3151, #1283, #4083, #2617, #5110 ),
 ( #4635, #249, #2199, #1727, #3570, #5524, #3669, #1153, #645, #5621, #1250, #1756, #3701 ),
 ( #5306, #2739, #4213, #6158, #1343, #4698, #3795, #898, #4829, #2871, #801, #6225, #2393 ),
 ( #450, #831, #1920, #313, #5240, #6292, #3732, #5174, #3317, #3830, #4348, #5680, #2259 ),
 ( #2836, #5275, #3864, #5782, #1311, #3249, #1819, #4796, #2293, #4247, #415, #349, #1886 ),
 ( #5813, #3284, #865, #1410, #1787, #4763, #4279, #4734, #1852, #2325, #2358, #3349, #3216 ),
 ( #6193, #4314, #382, #2804, #5746, #5206, #2770, #932, #1376, #3764, #5714, #6257, #4891 ) ),
 .UNSPECIFIED., .F., .F., .F.,
 ( 4, 3, 3, 3, 3, 3, 3, 3, 4 ),
 ( 4, 3, 3, 3, 4 ),
 ( -0.06556304563082938908, 0.08647668652357537455, 0.2385164186779801243, 0.3905561508323848741, 0.5425958829867896238, 0.6946356151411943181, 0.8466753472955991233, 0.9987150794500039286, 1.150754811604408623 ),
 ( -0.005864202508118646767, 0.1177285902129042161, 0.2413213829339270755, 0.4885069683759727943, 0.9828781392600642874 ),
 .UNSPECIFIED. ) ;
#2830 = CARTESIAN_POINT ( 'NONE',  ( 23.73037735818138572, -60.51241283737820709, 56.56340469121504810 ) ) ;
#2831 = CARTESIAN_POINT ( 'NONE',  ( 3.314277020433613163, -17.19282421682514439, 57.32194238110029261 ) ) ;
#2832 = CARTESIAN_POINT ( 'NONE',  ( 17.45240869079723467, 1.306627919270096028, 54.26945693989721065 ) ) ;
#2833 = CARTESIAN_POINT ( 'NONE',  ( 14.82427777033161043, -3.179335567655508843, 64.50000000000001421 ) ) ;
#2834 = CARTESIAN_POINT ( 'NONE',  ( -66.31276995167384314, 49.13846322380742748, 54.23705049352262364 ) ) ;
#2835 = CARTESIAN_POINT ( 'NONE',  ( 29.97334465287736904, 8.242418495168655213, 55.17468174204664422 ) ) ;
#2836 = CARTESIAN_POINT ( 'NONE',  ( -0.5381041944158915236, 17.13945619990576219, 49.90202235672916231 ) ) ;
#2837 = CARTESIAN_POINT ( 'NONE',  ( -29.22255456176911537, 73.92971581563469385, 53.18234795751953214 ) ) ;
#2838 = CARTESIAN_POINT ( 'NONE',  ( 54.14287177112730376, 52.80782325742671901, 57.57394578519146222 ) ) ;
#2839 = ORIENTED_EDGE ( 'NONE', *, *, #591, .T. ) ;
#2840 = CARTESIAN_POINT ( 'NONE',  ( 34.47400300071483770, 51.23458842656197021, 58.55737526275413529 ) ) ;
#2841 = CARTESIAN_POINT ( 'NONE',  ( -7.165882417366664647, -27.37597046275637425, 55.17302835700154873 ) ) ;
#2842 = CARTESIAN_POINT ( 'NONE',  ( -15.48803575374833486, 23.68340008070897440, 54.16090252740754352 ) ) ;
#2843 = CARTESIAN_POINT ( 'NONE',  ( -14.40639345370872526, -13.77739602300318111, 50.90255659793981380 ) ) ;
#2844 = CARTESIAN_POINT ( 'NONE',  ( -28.70693397587500684, 17.98107913030548488, 54.60391933889265914 ) ) ;
#2845 = EDGE_CURVE ( 'NONE', #3749, #4194, #3181, .T. ) ;
#2846 = CARTESIAN_POINT ( 'NONE',  ( 22.67114428147833038, 1.531347335266860732, 52.58838654515736266 ) ) ;
#2847 = CARTESIAN_POINT ( 'NONE',  ( 7.586320120116645249, -15.77050472908561574, 56.89489483420111782 ) ) ;
#2848 = ORIENTED_EDGE ( 'NONE', *, *, #3315, .T. ) ;
#2849 = CARTESIAN_POINT ( 'NONE',  ( 66.38530559828473088, 44.48921310660060868, 55.10066791549372311 ) ) ;
#2850 = CARTESIAN_POINT ( 'NONE',  ( 6.567317280233374355, 6.007869066048916018, 64.50000000000000000 ) ) ;
#2851 = CARTESIAN_POINT ( 'NONE',  ( 31.60330642174917415, -77.88553777458641036, 56.62308322780203440 ) ) ;
#2852 = CARTESIAN_POINT ( 'NONE',  ( -15.57627246335636961, 6.007869066048916018, 64.50000000000000000 ) ) ;
#2853 = CARTESIAN_POINT ( 'NONE',  ( -45.41234703461888955, -66.88845136585206319, 53.53693079580038017 ) ) ;
#2854 = EDGE_CURVE ( 'NONE', #6236, #3483, #4695, .T. ) ;
#2855 = CARTESIAN_POINT ( 'NONE',  ( 13.84031121424252930, 18.02110165890691107, 56.63936064481430321 ) ) ;
#2856 = ORIENTED_EDGE ( 'NONE', *, *, #1406, .T. ) ;
#2857 = CARTESIAN_POINT ( 'NONE',  ( 6.567317280233374355, 6.007869066048916018, 64.50000000000000000 ) ) ;
#2858 = CARTESIAN_POINT ( 'NONE',  ( 7.741563084198818778, -5.866712444939659932, 64.49999999999998579 ) ) ;
#2859 = CARTESIAN_POINT ( 'NONE',  ( -28.81842287197202168, -26.93796960702944432, 52.47728096743912118 ) ) ;
#2860 = CARTESIAN_POINT ( 'NONE',  ( -21.67992218234143209, -19.40220287445226077, 52.37901985136947047 ) ) ;
#2861 = CARTESIAN_POINT ( 'NONE',  ( 10.67599115843850477, -4.738284780104929261, 64.50000000000000000 ) ) ;
#2862 = CARTESIAN_POINT ( 'NONE',  ( -17.83795103356423439, -15.17027378713680186, 52.26448095128140636 ) ) ;
#2863 = CARTESIAN_POINT ( 'NONE',  ( 10.48116237558919472, -19.90529485209398786, 58.71511587918180197 ) ) ;
#2864 = VECTOR ( 'NONE', #2421, 1000.000000000000000 ) ;
#2865 = CARTESIAN_POINT ( 'NONE',  ( 4.287830100746195860, 1.286074194254045899, 64.50000000000000000 ) ) ;
#2866 = CARTESIAN_POINT ( 'NONE',  ( 2.183122075669495565, -17.36865772802051566, 57.00963557095462164 ) ) ;
#2867 = CARTESIAN_POINT ( 'NONE',  ( 4.287830100746195860, -4.412643754463903889, 64.50000000000000000 ) ) ;
#2868 = CARTESIAN_POINT ( 'NONE',  ( 50.82744203162928898, -32.40364979374681553, 49.57170037200286572 ) ) ;
#2869 = CARTESIAN_POINT ( 'NONE',  ( -57.06723629702744205, 60.83466432516351574, 53.37949499349873150 ) ) ;
#2870 = CARTESIAN_POINT ( 'NONE',  ( 59.49250071287676178, 16.54856525113329724, 55.18183336571267006 ) ) ;
#2871 = CARTESIAN_POINT ( 'NONE',  ( -8.111857063130766932, 49.94534572858520960, 50.54865577848809721 ) ) ;
#2872 = CARTESIAN_POINT ( 'NONE',  ( -71.38725213086954113, 36.55284746972384369, 56.62499728631831886 ) ) ;
#2873 = CARTESIAN_POINT ( 'NONE',  ( 82.54554296768810673, 6.615031989083783870, 52.66413812702142394 ) ) ;
#2874 = ORIENTED_EDGE ( 'NONE', *, *, #6161, .F. ) ;
#2875 = CARTESIAN_POINT ( 'NONE',  ( 30.32263166963267409, 25.23380740132866151, 57.20409804866132220 ) ) ;
#2876 = CARTESIAN_POINT ( 'NONE',  ( -26.43065621492652539, 67.94228033270407252, 53.15695628149790508 ) ) ;
#2877 = CARTESIAN_POINT ( 'NONE',  ( -28.95629191131243729, -17.57659931835620881, 49.88009811877959976 ) ) ;
#2878 = CARTESIAN_POINT ( 'NONE',  ( -15.31283601628060964, 12.76419615641392014, 53.94147202647273076 ) ) ;
#2879 = CARTESIAN_POINT ( 'NONE',  ( 25.45483171212766038, 1.683382730242682479, 52.58544274732628310 ) ) ;
#2880 = LINE ( 'NONE', #492, #6205 ) ;
#2881 = EDGE_LOOP ( 'NONE', ( #2305, #5021, #557, #162 ) ) ;
#2882 = CARTESIAN_POINT ( 'NONE',  ( 81.77450758422861554, -0.8489082844173453379, 52.23261378884362927 ) ) ;
#2883 = CARTESIAN_POINT ( 'NONE',  ( -39.34841702760988369, -0.002980228405813151876, 58.88895474029599342 ) ) ;
#2884 = CARTESIAN_POINT ( 'NONE',  ( -3.397700122201874784, -19.64340307229127447, 53.94147202647272366 ) ) ;
#2885 = PRODUCT_RELATED_PRODUCT_CATEGORY ( 'part', '', ( #5849 ) ) ;
#2886 = CARTESIAN_POINT ( 'NONE',  ( -59.19163364488522205, -25.90055869895256890, 49.25214573503922821 ) ) ;
#2887 = CARTESIAN_POINT ( 'NONE',  ( -55.16229622367052343, -52.61760594983904582, 52.52215371978704894 ) ) ;
#2888 = ORIENTED_EDGE ( 'NONE', *, *, #1225, .F. ) ;
#2889 = CARTESIAN_POINT ( 'NONE',  ( 11.14579178233078771, 19.73408354649445329, 57.31032157310517761 ) ) ;
#2890 = VERTEX_POINT ( 'NONE', #6121 ) ;
#2891 = CARTESIAN_POINT ( 'NONE',  ( 34.38350522836159939, -11.98269393614434364, 52.28859209108828310 ) ) ;
#2892 = CARTESIAN_POINT ( 'NONE',  ( -59.19163364488522205, -25.90055869895256890, 49.25214573503922821 ) ) ;
#2893 = CARTESIAN_POINT ( 'NONE',  ( -1.734920945295867378, 17.41410733386962661, 50.22821439051159587 ) ) ;
#2894 = DIRECTION ( 'NONE',  ( 0.000000000000000000, -1.000000000000000000, 0.000000000000000000 ) ) ;
#2895 = CARTESIAN_POINT ( 'NONE',  ( 8.859152442374909953, -2.743801357677912556, 64.50000000000001421 ) ) ;
#2896 = CARTESIAN_POINT ( 'NONE',  ( -16.06821800079654494, -12.65677166715064494, 52.09030866133692683 ) ) ;
#2897 = CARTESIAN_POINT ( 'NONE',  ( -72.11041259816224169, 15.52887021161716063, 57.87242576151191287 ) ) ;
#2898 = CARTESIAN_POINT ( 'NONE',  ( -0.2711442582281620162, -0.9934129852331345933, 64.50000000000000000 ) ) ;
#2899 = FACE_OUTER_BOUND ( 'NONE', #4298, .T. ) ;
#2900 = CARTESIAN_POINT ( 'NONE',  ( 17.50140066868010891, -0.01371974143621158305, 53.90891014787452917 ) ) ;
#2901 = ADVANCED_FACE ( 'NONE', ( #3698 ), #5648, .T. ) ;
#2902 = CARTESIAN_POINT ( 'NONE',  ( -4.337528604635843443, -16.95425990176061859, 53.55821104768276797 ) ) ;
#2903 = CARTESIAN_POINT ( 'NONE',  ( 44.88238825882157101, 52.95917517312639688, 56.42265605877345536 ) ) ;
#2904 = CARTESIAN_POINT ( 'NONE',  ( 25.47263415600151504, 1.388127051768138331, 54.15800197831914886 ) ) ;
#2905 = STYLED_ITEM ( 'NONE', ( #3913 ), #4780 ) ;
#2906 = CARTESIAN_POINT ( 'NONE',  ( -14.21359855465954958, -10.20953970798669985, 50.22821245501211962 ) ) ;
#2907 = CARTESIAN_POINT ( 'NONE',  ( -12.74928069117760643, 73.27973173179091759, 52.20731486829981804 ) ) ;
#2908 = CARTESIAN_POINT ( 'NONE',  ( 81.28466629559473233, -3.304153313831476257, 52.08817253236095013 ) ) ;
#2909 = CARTESIAN_POINT ( 'NONE',  ( -30.75243313015757352, 40.18278234010917771, 54.50542979761151230 ) ) ;
#2910 = CARTESIAN_POINT ( 'NONE',  ( -18.20780277355054011, -7.949510390619658473, 49.22685423379570580 ) ) ;
#2911 = CARTESIAN_POINT ( 'NONE',  ( -44.63563400560198602, 23.83403457523409585, 54.93731486581636858 ) ) ;
#2912 = CARTESIAN_POINT ( 'NONE',  ( 39.32757409243274083, -3.096361166014869326, 51.90162338653559715 ) ) ;
#2913 = CARTESIAN_POINT ( 'NONE',  ( -2.550631437715342731, -6.692130933951083271, 65.00000000000000000 ) ) ;
#2914 = ORIENTED_EDGE ( 'NONE', *, *, #2380, .F. ) ;
#2915 = CARTESIAN_POINT ( 'NONE',  ( 69.91594435668088181, 40.96028335533845421, 54.81125473223733024 ) ) ;
#2916 = CARTESIAN_POINT ( 'NONE',  ( -33.78953216633112078, 2.404600243559501749, 58.55147426580339243 ) ) ;
#2917 = CARTESIAN_POINT ( 'NONE',  ( -1.684511358205526443, -44.99292389044804708, 54.60046424195689951 ) ) ;
#2918 = CARTESIAN_POINT ( 'NONE',  ( 17.39999811467596658, 2.761880252155036519, 53.00321449129044993 ) ) ;
#2919 = CARTESIAN_POINT ( 'NONE',  ( -59.02645607825342466, -39.66001852171200426, 51.71001648514656068 ) ) ;
#2920 = FILL_AREA_STYLE_COLOUR ( '', #1171 ) ;
#2921 = ORIENTED_EDGE ( 'NONE', *, *, #3069, .F. ) ;
#2922 = CARTESIAN_POINT ( 'NONE',  ( 42.65795473218747702, -18.43010540673784092, 51.93993350217173344 ) ) ;
#2923 = CARTESIAN_POINT ( 'NONE',  ( -6.006180273167415429, 44.65617294698039785, 50.41334836933680208 ) ) ;
#2924 = CARTESIAN_POINT ( 'NONE',  ( -2.550631437715342731, 6.007869066048916018, 64.50000000000000000 ) ) ;
#2925 = CARTESIAN_POINT ( 'NONE',  ( 9.132031763044031081, -3.980691463194621083, 65.00000000000001421 ) ) ;
#2926 = CARTESIAN_POINT ( 'NONE',  ( -26.54456127402866272, -23.15370817034275319, 52.31487420749117945 ) ) ;
#2927 = CARTESIAN_POINT ( 'NONE',  ( 7.953955223779993311, -16.78259999085920029, 58.52758260192953088 ) ) ;
#2928 = EDGE_CURVE ( 'NONE', #6242, #2754, #1968, .T. ) ;
#2929 = CARTESIAN_POINT ( 'NONE',  ( -68.01445229636813394, 45.89238385060465220, 56.05038690326501438 ) ) ;
#2930 = CARTESIAN_POINT ( 'NONE',  ( 1.352595539583718143, -17.44901455554400371, 56.78195309844568328 ) ) ;
#2931 = DIRECTION ( 'NONE',  ( -1.000000000000000000, 0.000000000000000000, -0.000000000000000000 ) ) ;
#2932 = CARTESIAN_POINT ( 'NONE',  ( 4.287830100746195860, -0.9934129852331345933, 65.00000000000000000 ) ) ;
#2933 = CARTESIAN_POINT ( 'NONE',  ( -47.00155723323668155, 68.17902118465636363, 52.66413812702142394 ) ) ;
#2934 = CARTESIAN_POINT ( 'NONE',  ( 72.28344950713574235, 9.480028808639051618, 54.50721846181760100 ) ) ;
#2935 = CARTESIAN_POINT ( 'NONE',  ( -7.423137881126353754, 15.84911309076223240, 53.50397477029410709 ) ) ;
#2936 = CARTESIAN_POINT ( 'NONE',  ( 17.41295189680242927, 29.72808867212284412, 57.24455657426958766 ) ) ;
#2937 = CARTESIAN_POINT ( 'NONE',  ( 34.40107317014540911, 46.82968813086726101, 58.36041397757144722 ) ) ;
#2938 = CARTESIAN_POINT ( 'NONE',  ( -15.11961553688020032, 27.07265634882594085, 53.82485052767560063 ) ) ;
#2939 = CARTESIAN_POINT ( 'NONE',  ( -62.16811325342789729, 8.599154783418509140, 58.22716814807952090 ) ) ;
#2940 = CARTESIAN_POINT ( 'NONE',  ( -18.82368148633702987, 21.03502399865349659, 53.25726081490449104 ) ) ;
#2941 = CARTESIAN_POINT ( 'NONE',  ( 25.65958397447469963, -11.76417561739983064, 50.21929497745076532 ) ) ;
#2942 = CARTESIAN_POINT ( 'NONE',  ( 9.480747853020494276, -6.863973954786521503, 64.50000000000002842 ) ) ;
#2943 = ORIENTED_EDGE ( 'NONE', *, *, #38, .F. ) ;
#2944 = CARTESIAN_POINT ( 'NONE',  ( 52.02635862794573285, -38.31117907849575488, 49.25214573503922821 ) ) ;
#2945 = CARTESIAN_POINT ( 'NONE',  ( -50.47147439308076144, -0.05142543278479901059, 58.89104883252447564 ) ) ;
#2946 = CARTESIAN_POINT ( 'NONE',  ( -5.459296606311953681, -30.60250669636356236, 53.93026844134385556 ) ) ;
#2947 = CARTESIAN_POINT ( 'NONE',  ( 7.604506045005265058, -78.92908062387014922, 56.84331414142577188 ) ) ;
#2948 = PLANE ( 'NONE',  #4443 ) ;
#2949 = VERTEX_POINT ( 'NONE', #5874 ) ;
#2950 = CARTESIAN_POINT ( 'NONE',  ( 40.74880262472755277, -16.54468916955913471, 52.04541736423446707 ) ) ;
#2951 = CARTESIAN_POINT ( 'NONE',  ( -43.58302655034326278, -68.69233007084702081, 53.68542312588206755 ) ) ;
#2952 = CARTESIAN_POINT ( 'NONE',  ( 7.586320120116645249, -15.77050472908561574, 56.89489483420111782 ) ) ;
#2953 = CARTESIAN_POINT ( 'NONE',  ( 10.39097238059721029, -4.727347592408566612, 65.00000000000000000 ) ) ;
#2954 = CARTESIAN_POINT ( 'NONE',  ( -27.56906996865567905, -23.78564203084393114, 52.28859209108829731 ) ) ;
#2955 = CARTESIAN_POINT ( 'NONE',  ( 15.67571541732326601, -27.90905648233033176, 58.83499408904291528 ) ) ;
#2956 = CARTESIAN_POINT ( 'NONE',  ( -44.71418524032907982, 69.37236277240685922, 54.11900940503903712 ) ) ;
#2957 = CARTESIAN_POINT ( 'NONE',  ( 0.04144279516092812254, -17.50130285594694612, 56.42381173042612375 ) ) ;
#2958 = CARTESIAN_POINT ( 'NONE',  ( 16.38730119701646970, -6.144305405187186153, 52.19979522985797615 ) ) ;
#2959 = CARTESIAN_POINT ( 'NONE',  ( -5.697827048414322526, -30.55899340725078872, 55.51198738743079986 ) ) ;
#2960 = CARTESIAN_POINT ( 'NONE',  ( 14.36330449385568997, -4.966325096762054692, 64.50000000000000000 ) ) ;
#2961 = CARTESIAN_POINT ( 'NONE',  ( -53.25435263211041814, 64.11662779929551448, 53.09145647474797158 ) ) ;
#2962 = EDGE_CURVE ( 'NONE', #395, #252, #5303, .T. ) ;
#2963 = CARTESIAN_POINT ( 'NONE',  ( 27.95117985028830532, -4.413878867419690266, 53.14737608129143354 ) ) ;
#2964 = CARTESIAN_POINT ( 'NONE',  ( -7.218288288589138624, 15.94335946315492158, 53.44244328202362482 ) ) ;
#2965 = CARTESIAN_POINT ( 'NONE',  ( 17.60063435511455765, 29.61731344842447911, 58.82974545846904846 ) ) ;
#2966 = CARTESIAN_POINT ( 'NONE',  ( 32.92827009978863373, 45.75417679997511300, 58.40761096176112943 ) ) ;
#2967 = CARTESIAN_POINT ( 'NONE',  ( 10.72687256869491179, -7.017771959592108644, 65.00000000000000000 ) ) ;
#2968 = CARTESIAN_POINT ( 'NONE',  ( -5.719814212915465212, 19.04416814183488782, 52.79972030676375994 ) ) ;
#2969 = CARTESIAN_POINT ( 'NONE',  ( -74.86128444585412467, -38.21509069700897498, 49.53627598767891271 ) ) ;
#2970 = CARTESIAN_POINT ( 'NONE',  ( -44.43356422604966838, 57.79641277802303989, 52.91049119491402308 ) ) ;
#2971 = CARTESIAN_POINT ( 'NONE',  ( 20.62791431672285114, -9.394469157180267871, 50.22513609552080993 ) ) ;
#2972 = CARTESIAN_POINT ( 'NONE',  ( -3.456031294127020370, 21.27023217313616144, 52.17543079966750241 ) ) ;
#2973 = VERTEX_POINT ( 'NONE', #2932 ) ;
#2974 = CARTESIAN_POINT ( 'NONE',  ( 82.54554296768810673, 6.615031989083783870, 52.66413812702142394 ) ) ;
#2975 = CARTESIAN_POINT ( 'NONE',  ( -33.53280254876761290, 4.790451736260319393, 58.21470977547767234 ) ) ;
#2976 = CARTESIAN_POINT ( 'NONE',  ( -0.6008970413179293146, -19.92604744139933004, 54.61635200381210353 ) ) ;
#2977 = CARTESIAN_POINT ( 'NONE',  ( 18.64675253942663957, -73.30206130562540068, 57.57292434007280235 ) ) ;
#2978 = CARTESIAN_POINT ( 'NONE',  ( 48.61176474404535242, 54.08492953071394993, 56.28598928415889446 ) ) ;
#2979 = EDGE_LOOP ( 'NONE', ( #3798, #169, #3989, #678, #3163, #2914, #4996, #5252, #1354, #6308, #316, #4670 ) ) ;
#2980 = CARTESIAN_POINT ( 'NONE',  ( 45.78787835394862782, -22.22907307278495281, 51.72803470589349217 ) ) ;
#2981 = CARTESIAN_POINT ( 'NONE',  ( -59.28939874589673309, -38.23174613467027427, 51.62206709395969995 ) ) ;
#2982 =( GEOMETRIC_REPRESENTATION_CONTEXT ( 3 ) GLOBAL_UNCERTAINTY_ASSIGNED_CONTEXT ( ( #2390 ) ) GLOBAL_UNIT_ASSIGNED_CONTEXT ( ( #5674, #824, #1336 ) ) REPRESENTATION_CONTEXT ( 'NONE', 'WORKASPACE' ) );
#2983 = CARTESIAN_POINT ( 'NONE',  ( 6.567317280233374355, -1.568372921130570363, 65.00000000000000000 ) ) ;
#2984 = CARTESIAN_POINT ( 'NONE',  ( -39.78182232827010267, -28.22118755838745230, 51.83309198177943955 ) ) ;
#2985 = CARTESIAN_POINT ( 'NONE',  ( -53.36718084406984275, 4.541909912838841379, 58.48109869087380730 ) ) ;
#2986 = CARTESIAN_POINT ( 'NONE',  ( -37.69778961132724504, 72.09017320183258448, 53.68542312588206755 ) ) ;
#2987 = CARTESIAN_POINT ( 'NONE',  ( -1.722344528875152214, -17.41632760405799729, 55.94184316168441740 ) ) ;
#2988 = CARTESIAN_POINT ( 'NONE',  ( 17.20079099651952959, -3.229269276279875811, 53.02643048380593171 ) ) ;
#2989 = CARTESIAN_POINT ( 'NONE',  ( -9.055322856478131399, -26.73582246312800237, 54.83567357649359053 ) ) ;
#2990 = CARTESIAN_POINT ( 'NONE',  ( 30.98366953561934523, -53.23450645721579377, 57.29692743048249781 ) ) ;
#2991 = CARTESIAN_POINT ( 'NONE',  ( 57.34531970389380007, -35.73611643763576495, 51.22513862220944958 ) ) ;
#2992 = CARTESIAN_POINT ( 'NONE',  ( 16.63309393060399088, -3.986785749061167117, 52.79063215623295235 ) ) ;
#2993 = LINE ( 'NONE', #2071, #4536 ) ;
#2994 = CARTESIAN_POINT ( 'NONE',  ( -72.55456916449334415, 18.01311427936663634, 57.72123474584007141 ) ) ;
#2995 = CARTESIAN_POINT ( 'NONE',  ( 63.01756964356333413, 47.31361782864809840, 55.35674122148739684 ) ) ;
#2996 = CARTESIAN_POINT ( 'NONE',  ( -2.893757665316928129, 33.66523758067832262, 51.80067668047468032 ) ) ;
#2997 = CARTESIAN_POINT ( 'NONE',  ( -19.82751150838410581, 1.261049415739033730, 58.60591647707461505 ) ) ;
#2998 = CARTESIAN_POINT ( 'NONE',  ( -14.18526806474579693, 21.20283954663906556, 52.58544274732628310 ) ) ;
#2999 = CARTESIAN_POINT ( 'NONE',  ( 60.09196739483091676, -13.53383141559750236, 51.22280199596328742 ) ) ;
#3000 = AXIS2_PLACEMENT_3D ( 'NONE', #295, #2277, #5697 ) ;
#3001 = CARTESIAN_POINT ( 'NONE',  ( -3.908518781667130071, 22.25913952663761819, 52.23261170240598261 ) ) ;
#3002 = ADVANCED_FACE ( 'NONE', ( #4888 ), #962, .T. ) ;
#3003 = VERTEX_POINT ( 'NONE', #2902 ) ;
#3004 = CARTESIAN_POINT ( 'NONE',  ( 9.475175474267661713, -29.52450395716367737, 57.87600336334801909 ) ) ;
#3005 = CARTESIAN_POINT ( 'NONE',  ( -64.23313605973034157, 34.47961507774429180, 56.53225827611387189 ) ) ;
#3006 = CARTESIAN_POINT ( 'NONE',  ( -5.458554277502945418, -50.17801696375165932, 54.26224708807917096 ) ) ;
#3007 = CARTESIAN_POINT ( 'NONE',  ( -10.74712194426825462, -81.98580323460365094, 55.76221871149184750 ) ) ;
#3008 = CARTESIAN_POINT ( 'NONE',  ( 18.25444418856997331, 17.81822239105441597, 55.96153492361311521 ) ) ;
#3009 = ORIENTED_EDGE ( 'NONE', *, *, #150, .T. ) ;
#3010 = CARTESIAN_POINT ( 'NONE',  ( 34.59387757943731856, -12.10175236629443063, 52.28288474314943812 ) ) ;
#3011 = CARTESIAN_POINT ( 'NONE',  ( -3.796338014209776457, 21.21151615702809679, 50.61303042370089855 ) ) ;
#3012 = CARTESIAN_POINT ( 'NONE',  ( 6.567317280233374355, -1.568372921130570363, 65.00000000000000000 ) ) ;
#3013 = CARTESIAN_POINT ( 'NONE',  ( 7.182484135277586113, -15.95882488438896551, 58.43180503485903898 ) ) ;
#3014 = CARTESIAN_POINT ( 'NONE',  ( -27.78660588694740596, -23.91370466605799194, 52.28262920477872910 ) ) ;
#3015 = CARTESIAN_POINT ( 'NONE',  ( -40.24591891154539525, 1.097248230113191170, 58.75822639309610906 ) ) ;
#3016 = CARTESIAN_POINT ( 'NONE',  ( -17.95568361921520761, 74.13632905495875036, 52.52077884928650775 ) ) ;
#3017 = CARTESIAN_POINT ( 'NONE',  ( -0.9332134854995474127, -17.47820679048473025, 56.15779771374722174 ) ) ;
#3018 = CARTESIAN_POINT ( 'NONE',  ( 16.46406730521618300, -5.936314152057396321, 52.26027535068277530 ) ) ;
#3019 = CARTESIAN_POINT ( 'NONE',  ( -7.848528521000078584, -30.07888715336255459, 55.17468174204664422 ) ) ;
#3020 = DIRECTION ( 'NONE',  ( 0.000000000000000000, -0.000000000000000000, 1.000000000000000000 ) ) ;
#3021 = CARTESIAN_POINT ( 'NONE',  ( -0.2711442582281620162, -0.9934129852331345933, 64.50000000000000000 ) ) ;
#3022 = CARTESIAN_POINT ( 'NONE',  ( 50.42832162752170433, -4.167482266896549881, 53.49271420449851888 ) ) ;
#3023 = CARTESIAN_POINT ( 'NONE',  ( -14.45506599008581183, -9.864130325623536422, 51.77170975937082176 ) ) ;
#3024 = ORIENTED_EDGE ( 'NONE', *, *, #74, .F. ) ;
#3025 = CARTESIAN_POINT ( 'NONE',  ( -1.315394092798773285, 17.45049392938140898, 51.77180128508536683 ) ) ;
#3026 = CARTESIAN_POINT ( 'NONE',  ( 75.39141507054117142, 33.40135987818396046, 54.27321375413737314 ) ) ;
#3027 = CARTESIAN_POINT ( 'NONE',  ( -1.586625395777617298, 19.82244563777472024, 51.78814716440309951 ) ) ;
#3028 = CYLINDRICAL_SURFACE ( 'NONE', #2351, 17.49999999999999645 ) ;
#3029 = CARTESIAN_POINT ( 'NONE',  ( -15.76359614369874151, 7.602856630359879908, 56.76688616955559041 ) ) ;
#3030 = CARTESIAN_POINT ( 'NONE',  ( -34.08611146810392256, 51.49139168971121450, 52.57344001851760851 ) ) ;
#3031 = CARTESIAN_POINT ( 'NONE',  ( 19.96621103683229492, -10.84756882281316948, 49.88906084091610893 ) ) ;
#3032 = CARTESIAN_POINT ( 'NONE',  ( 8.846804459720553737, -2.255271959592108466, 65.00000000000000000 ) ) ;
#3033 = ORIENTED_EDGE ( 'NONE', *, *, #4956, .T. ) ;
#3034 = CARTESIAN_POINT ( 'NONE',  ( 16.83061327687316933, -41.76021497656375203, 58.21806643903112644 ) ) ;
#3035 = CARTESIAN_POINT ( 'NONE',  ( -15.52015043537723216, 7.191614250886246396, 56.84212094344758981 ) ) ;
#3036 = CARTESIAN_POINT ( 'NONE',  ( -19.28354448698275903, -46.78154040983967832, 52.91253839476787846 ) ) ;
#3037 = EDGE_CURVE ( 'NONE', #2310, #2949, #3893, .T. ) ;
#3038 = CARTESIAN_POINT ( 'NONE',  ( 1.319808426013893365, -80.77432938666876794, 56.46270769073406370 ) ) ;
#3039 = CARTESIAN_POINT ( 'NONE',  ( 15.17361463554013135, 12.92903293659983888, 55.63003255847631578 ) ) ;
#3040 = ORIENTED_EDGE ( 'NONE', *, *, #4207, .F. ) ;
#3041 = CARTESIAN_POINT ( 'NONE',  ( 22.43051848826474171, 38.90726938352928244, 58.89010303872844077 ) ) ;
#3042 = CARTESIAN_POINT ( 'NONE',  ( -58.57153521832304222, -42.01866381097302394, 50.25338018892970382 ) ) ;
#3043 = CARTESIAN_POINT ( 'NONE',  ( -29.60181918200446916, -24.92295935215929603, 52.22933905514778985 ) ) ;
#3044 = CARTESIAN_POINT ( 'NONE',  ( -66.48610575132501310, 11.30376468480069008, 58.08145017887639483 ) ) ;
#3045 = CARTESIAN_POINT ( 'NONE',  ( -50.81502541772974979, -60.29225201260622669, 51.43838967176840526 ) ) ;
#3046 = CARTESIAN_POINT ( 'NONE',  ( 17.27506702631558611, -2.807040454310741673, 53.14340329620962677 ) ) ;
#3047 = CARTESIAN_POINT ( 'NONE',  ( -25.66092081698989702, -36.99655881068819951, 53.49194890577263806 ) ) ;
#3048 = CARTESIAN_POINT ( 'NONE',  ( 13.56965427644429845, -5.987592453357337696, 64.50000000000000000 ) ) ;
#3049 = DIRECTION ( 'NONE',  ( -0.000000000000000000, -0.000000000000000000, 1.000000000000000000 ) ) ;
#3050 = ADVANCED_FACE ( 'NONE', ( #2322 ), #5997, .T. ) ;
#3051 = CARTESIAN_POINT ( 'NONE',  ( 39.34774632981027054, -0.5020624128305358758, 53.82863809809740019 ) ) ;
#3052 = CARTESIAN_POINT ( 'NONE',  ( 7.282094857986368908, 64.19868636323080580, 50.84782201340048147 ) ) ;
#3053 = CARTESIAN_POINT ( 'NONE',  ( 47.20008965651177846, 53.84761338622755744, 57.94671040211554214 ) ) ;
#3054 = CARTESIAN_POINT ( 'NONE',  ( 38.50505218819016306, 49.47475811341930552, 58.22794392434304456 ) ) ;
#3055 = CARTESIAN_POINT ( 'NONE',  ( -11.48714288030649300, 49.27830099193518265, 52.47929845186275344 ) ) ;
#3056 = CARTESIAN_POINT ( 'NONE',  ( 35.55466324345655948, -12.64986777044422439, 52.25645113459349034 ) ) ;
#3057 = CARTESIAN_POINT ( 'NONE',  ( -14.31418918093929804, 10.06980247407899220, 55.98533980781182606 ) ) ;
#3058 = CARTESIAN_POINT ( 'NONE',  ( -13.32767243415536917, 14.75854221349571382, 53.26688491594975972 ) ) ;
#3059 = CARTESIAN_POINT ( 'NONE',  ( 81.78821295706558203, -18.45406753000104061, 51.22245141654710210 ) ) ;
#3060 = AXIS2_PLACEMENT_3D ( 'NONE', #2721, #3229, #261 ) ;
#3061 = CARTESIAN_POINT ( 'NONE',  ( 8.985755361781487593, -3.641770006484708944, 65.00000000000001421 ) ) ;
#3062 = ORIENTED_EDGE ( 'NONE', *, *, #3315, .F. ) ;
#3063 = CARTESIAN_POINT ( 'NONE',  ( 7.355182395141547147, -15.49183790110424042, 58.52981589680160113 ) ) ;
#3064 = CARTESIAN_POINT ( 'NONE',  ( -18.65776949926496897, 7.020310005670825859, 57.18917852279846414 ) ) ;
#3065 = CARTESIAN_POINT ( 'NONE',  ( -18.08088057512899383, -70.62452204320820215, 53.58547128382343772 ) ) ;
#3066 = CARTESIAN_POINT ( 'NONE',  ( -9.496357117056534847, -81.99863430480287718, 55.83400966324887804 ) ) ;
#3067 = CARTESIAN_POINT ( 'NONE',  ( 28.72605659227084374, 17.95184621488022003, 54.94152922733294986 ) ) ;
#3068 = EDGE_LOOP ( 'NONE', ( #4745, #1610 ) ) ;
#3069 = EDGE_CURVE ( 'NONE', #981, #427, #1129, .T. ) ;
#3070 = CARTESIAN_POINT ( 'NONE',  ( -59.48167369716904318, -35.84967911851194344, 49.87406890324733411 ) ) ;
#3071 = CARTESIAN_POINT ( 'NONE',  ( -8.921507495009498356, -15.05658128090257186, 53.85863983010197842 ) ) ;
#3072 = DIRECTION ( 'NONE',  ( -0.000000000000000000, -0.000000000000000000, 1.000000000000000000 ) ) ;
#3073 = CARTESIAN_POINT ( 'NONE',  ( -34.25951572646899024, 0.4671333686005441632, 58.82525001850429902 ) ) ;
#3074 = CARTESIAN_POINT ( 'NONE',  ( 5.336135945553002635, -79.73596763940824417, 55.10066791549372311 ) ) ;
#3075 = CARTESIAN_POINT ( 'NONE',  ( 10.67599115843850477, -4.738284780104929261, 65.00000000000000000 ) ) ;
#3076 = CARTESIAN_POINT ( 'NONE',  ( -16.67546255406067246, -15.43369493585263186, 52.46557153585622757 ) ) ;
#3077 = CARTESIAN_POINT ( 'NONE',  ( 10.89164165016941865, -7.014465882254286910, 65.00000000000000000 ) ) ;
#3078 = CARTESIAN_POINT ( 'NONE',  ( 9.864497665832372419, 14.45519830980486908, 56.89489483420111071 ) ) ;
#3079 = CARTESIAN_POINT ( 'NONE',  ( 25.19308965679250534, -4.007589714546659465, 53.14442779738309497 ) ) ;
#3080 = VECTOR ( 'NONE', #1243, 1000.000000000000000 ) ;
#3081 = CARTESIAN_POINT ( 'NONE',  ( 0.000000000000000000, 0.000000000000000000, 0.000000000000000000 ) ) ;
#3082 = CARTESIAN_POINT ( 'NONE',  ( -5.384327297190077743, 26.33868940795469271, 52.35825464011158914 ) ) ;
#3083 = CARTESIAN_POINT ( 'NONE',  ( 14.51579373632454484, 24.33995671906387059, 58.82644423514001630 ) ) ;
#3084 = EDGE_CURVE ( 'NONE', #362, #4776, #5960, .T. ) ;
#3085 = B_SPLINE_CURVE_WITH_KNOTS ( 'NONE', 3,
 ( #2416, #4788, #5332, #3787, #4271, #6248 ),
 .UNSPECIFIED., .F., .F.,
 ( 4, 2, 4 ),
 ( 0.000000000000000000, 0.5000000000000000000, 1.000000000000000000 ),
 .UNSPECIFIED. ) ;
#3086 = CARTESIAN_POINT ( 'NONE',  ( -5.028240611677180283, 22.15822165959901824, 52.46557153585622757 ) ) ;
#3087 = CARTESIAN_POINT ( 'NONE',  ( 24.45408071012382223, -8.254778142939423802, 52.34278156679738458 ) ) ;
#3088 = CARTESIAN_POINT ( 'NONE',  ( -14.20772210706431515, 10.21936685523432864, 55.93525643580706941 ) ) ;
#3089 = CARTESIAN_POINT ( 'NONE',  ( -11.75889354484758265, 37.55206102704119075, 51.22576951723096528 ) ) ;
#3090 = CARTESIAN_POINT ( 'NONE',  ( 23.81070604852293116, -15.28650824798778807, 49.54845109655720137 ) ) ;
#3091 = CARTESIAN_POINT ( 'NONE',  ( 10.39097238059721029, -4.727347592408566612, 65.00000000000001421 ) ) ;
#3092 = VERTEX_POINT ( 'NONE', #2127 ) ;
#3093 = CARTESIAN_POINT ( 'NONE',  ( 12.13989226117100451, -49.12161308396936477, 57.54368569811359180 ) ) ;
#3094 = CARTESIAN_POINT ( 'NONE',  ( -48.61051093617295749, 14.04735144460470053, 57.54368569811359180 ) ) ;
#3095 = CARTESIAN_POINT ( 'NONE',  ( -12.82382800554412938, -21.97963535871519625, 52.24775644589771417 ) ) ;
#3096 = VECTOR ( 'NONE', #31, 1000.000000000000000 ) ;
#3097 = CARTESIAN_POINT ( 'NONE',  ( -61.16639152289631909, 8.476123420326674207, 56.62413053132724627 ) ) ;
#3098 = CARTESIAN_POINT ( 'NONE',  ( 29.98224104106753174, 33.43864651190181547, 56.28921216501142055 ) ) ;
#3099 = ORIENTED_EDGE ( 'NONE', *, *, #755, .T. ) ;
#3100 = CARTESIAN_POINT ( 'NONE',  ( -10.65748370791959054, -81.98637420498943129, 54.16475837536745530 ) ) ;
#3101 = CARTESIAN_POINT ( 'NONE',  ( -7.494499347397121980, -15.81540198600337988, 54.29973272587358224 ) ) ;
#3102 = CARTESIAN_POINT ( 'NONE',  ( -21.50651904662063529, -19.59422633087115528, 50.80005238213874463 ) ) ;
#3103 = CARTESIAN_POINT ( 'NONE',  ( 14.40356562409157704, 9.941775831516855177, 56.79712922003532327 ) ) ;
#3104 = CARTESIAN_POINT ( 'NONE',  ( -24.69124281045509406, 0.6326530228311123549, 58.77542308237129731 ) ) ;
#3105 = B_SPLINE_CURVE_WITH_KNOTS ( 'NONE', 3,
 ( #4898, #523, #4258, #5285, #6267, #426, #4325, #3841, #6204, #1829, #3774, #5724, #1353, #3360, #942, #3296, #4775, #3934, #4511 ),
 .UNSPECIFIED., .F., .F.,
 ( 4, 1, 1, 1, 1, 1, 1, 1, 1, 1, 1, 1, 1, 1, 1, 1, 4 ),
 ( 0.000000000000000000, 0.07883260401047320620, 0.1537102312098454493, 0.2246777586657771886, 0.2948087751910964394, 0.3627147868294588462, 0.4271032430309811279, 0.4886497655514110972, 0.5509002465387018432, 0.5850458333883309381, 0.6252721895341628588, 0.6714658644313025171, 0.7245499928849670201, 0.7832647317228375039, 0.8490731308598450378, 0.9212962952783855242, 1.000000000000000000 ),
 .UNSPECIFIED. ) ;
#3106 = CARTESIAN_POINT ( 'NONE',  ( -44.40898489938432192, -67.88529414963068120, 52.01620108401275644 ) ) ;
#3107 = CARTESIAN_POINT ( 'NONE',  ( 10.77888306621024661, -4.735282319816180419, 64.50000000000000000 ) ) ;
#3108 = CARTESIAN_POINT ( 'NONE',  ( -17.38187014172888567, -18.58404046639569174, 52.80649248834944132 ) ) ;
#3109 = CARTESIAN_POINT ( 'NONE',  ( -12.51641085690629573, -12.23257212670762861, 52.60776280019290141 ) ) ;
#3110 = CARTESIAN_POINT ( 'NONE',  ( 6.961216346048285430, -27.42721377605651867, 55.95855041647897821 ) ) ;
#3111 = CARTESIAN_POINT ( 'NONE',  ( 51.95664585115466849, -38.40582232139914964, 50.84782201340048147 ) ) ;
#3112 = CARTESIAN_POINT ( 'NONE',  ( 27.14753907116280374, -15.14349964408003046, 51.46319808226534320 ) ) ;
#3113 = CARTESIAN_POINT ( 'NONE',  ( 10.64309733370931355, -19.55549384291851212, 57.14736516736685701 ) ) ;
#3114 = CARTESIAN_POINT ( 'NONE',  ( -6.687326470067726625, 33.15886315903046011, 52.34084988698831609 ) ) ;
#3115 = CARTESIAN_POINT ( 'NONE',  ( 20.48661554480673175, 33.55960638752937086, 58.77181310104169398 ) ) ;
#3116 = CARTESIAN_POINT ( 'NONE',  ( -4.414133872073695564, 50.28089037130042982, 51.80498622186946278 ) ) ;
#3117 = CARTESIAN_POINT ( 'NONE',  ( -48.74424666084586022, 2.784280435887045435, 57.00445623239560433 ) ) ;
#3118 = CARTESIAN_POINT ( 'NONE',  ( 23.35879580884554585, 10.09482441266512964, 55.84482813538076584 ) ) ;
#3119 = CARTESIAN_POINT ( 'NONE',  ( -15.05338982868680198, 8.926941033351100785, 56.35676959637519445 ) ) ;
#3120 = CARTESIAN_POINT ( 'NONE',  ( -26.52689193139993407, 67.90477729921387606, 51.56023112250365159 ) ) ;
#3121 = CARTESIAN_POINT ( 'NONE',  ( 51.82825531561006471, -33.56693134723824556, 49.53806408704065944 ) ) ;
#3122 = CARTESIAN_POINT ( 'NONE',  ( 3.935350290281035779, 61.37923447960859846, 51.08093570455623933 ) ) ;
#3123 = VERTEX_POINT ( 'NONE', #5485 ) ;
#3124 = CARTESIAN_POINT ( 'NONE',  ( 5.978131768412390912, -18.96482416761522316, 57.86495959554348190 ) ) ;
#3125 = CARTESIAN_POINT ( 'NONE',  ( -30.78795751719128759, 13.92179313256544759, 56.86368557394443002 ) ) ;
#3126 = CARTESIAN_POINT ( 'NONE',  ( -9.005608553059394339, -49.79215069699979068, 53.92476799879018756 ) ) ;
#3127 = CARTESIAN_POINT ( 'NONE',  ( -25.46280014546013959, 1.579462024625432948, 56.97300103043404107 ) ) ;
#3128 = CARTESIAN_POINT ( 'NONE',  ( 79.13669125494467949, 28.32598966186170131, 53.92265603490859149 ) ) ;
#3129 = CARTESIAN_POINT ( 'NONE',  ( -16.78004795383881387, 5.368230156004652365, 55.77820897623418261 ) ) ;
#3130 = EDGE_LOOP ( 'NONE', ( #1346, #1633, #594, #3334, #5527, #4518, #5123, #3233, #401, #781 ) ) ;
#3131 = CARTESIAN_POINT ( 'NONE',  ( -14.50155048125603763, -81.80667997151974191, 55.54650207301604325 ) ) ;
#3132 = CARTESIAN_POINT ( 'NONE',  ( -8.693041111430430234, -15.18971744403980928, 53.93078719411739286 ) ) ;
#3133 = CARTESIAN_POINT ( 'NONE',  ( -58.23138264779403528, -26.22926364900981255, 50.90701421188565945 ) ) ;
#3134 = CARTESIAN_POINT ( 'NONE',  ( 15.94415441018393054, 7.216569685954044466, 55.94184316168440319 ) ) ;
#3135 = CARTESIAN_POINT ( 'NONE',  ( -8.189585268957650044, -15.59867334232124136, 52.44821290947671599 ) ) ;
#3136 = CARTESIAN_POINT ( 'NONE',  ( -2.550631437715342731, 6.007869066048916018, 65.00000000000000000 ) ) ;
#3137 = CARTESIAN_POINT ( 'NONE',  ( 8.919368139579766819, -6.665220408427577681, 64.50000000000001421 ) ) ;
#3138 = CARTESIAN_POINT ( 'NONE',  ( -8.889822655232725523, -14.61401827131186337, 53.80460641918874387 ) ) ;
#3139 = CARTESIAN_POINT ( 'NONE',  ( 8.286836686201411339, -32.84310844427582055, 55.95549426946240601 ) ) ;
#3140 = CARTESIAN_POINT ( 'NONE',  ( 68.43637048656366062, 42.43739452304387072, 56.53496325371997955 ) ) ;
#3141 = CARTESIAN_POINT ( 'NONE',  ( 45.75159532248358829, -21.31769311672860212, 51.80498622186946278 ) ) ;
#3142 = CARTESIAN_POINT ( 'NONE',  ( 23.00193221910924990, -67.77309784616636534, 57.94699764050197643 ) ) ;
#3143 = CARTESIAN_POINT ( 'NONE',  ( 0.000000000000000000, 0.000000000000000000, 62.00000000000000000 ) ) ;
#3144 = CARTESIAN_POINT ( 'NONE',  ( 8.382896142042614684, -16.69132403421262012, 56.98568999657366874 ) ) ;
#3145 = CARTESIAN_POINT ( 'NONE',  ( -6.814435259705724945, 35.76833596698845952, 52.28859209108829731 ) ) ;
#3146 = CARTESIAN_POINT ( 'NONE',  ( 13.91760332985140458, 23.19355735610966462, 58.81481318196955499 ) ) ;
#3147 = EDGE_CURVE ( 'NONE', #5218, #6236, #3560, .T. ) ;
#3148 = CARTESIAN_POINT ( 'NONE',  ( -34.45175594441599287, 0.2160143614462293193, 57.24455657426958766 ) ) ;
#3149 = CARTESIAN_POINT ( 'NONE',  ( 32.79029371072345356, -10.82616885653607675, 50.74934254293260949 ) ) ;
#3150 = CARTESIAN_POINT ( 'NONE',  ( 27.45060527762887759, 19.70225677424126332, 56.86368557394443002 ) ) ;
#3151 = CARTESIAN_POINT ( 'NONE',  ( -13.39901905154490613, 42.86652908214303181, 51.22487368873380831 ) ) ;
#3152 = CARTESIAN_POINT ( 'NONE',  ( -4.833355515236934075, 70.94841971998987162, 51.71001648514657489 ) ) ;
#3153 = CARTESIAN_POINT ( 'NONE',  ( -5.839491475063976367, 44.67800454838477719, 52.00451690984960607 ) ) ;
#3154 = ORIENTED_EDGE ( 'NONE', *, *, #2030, .T. ) ;
#3155 = CARTESIAN_POINT ( 'NONE',  ( 11.67449774821100306, -6.941245600636925417, 65.00000000000001421 ) ) ;
#3156 = CARTESIAN_POINT ( 'NONE',  ( 6.228182895274854580, -61.28183635508703730, 56.86952229311536655 ) ) ;
#3157 = CARTESIAN_POINT ( 'NONE',  ( -61.62799558251416698, 38.94520953660008900, 56.19469524285577933 ) ) ;
#3158 = CARTESIAN_POINT ( 'NONE',  ( -11.11657696569420040, -43.63074850630613355, 53.58815759504506815 ) ) ;
#3159 = CIRCLE ( 'NONE', #4812, 15.00000000000000000 ) ;
#3160 = CARTESIAN_POINT ( 'NONE',  ( -72.71739669478962753, -0.2380408525544609744, 57.29691220524426143 ) ) ;
#3161 = CARTESIAN_POINT ( 'NONE',  ( 31.86045527902155072, 11.50293720900693550, 53.92900521243421963 ) ) ;
#3162 = CARTESIAN_POINT ( 'NONE',  ( -68.06642228641982229, 45.81529487054856986, 54.45308968096160385 ) ) ;
#3163 = ORIENTED_EDGE ( 'NONE', *, *, #3629, .F. ) ;
#3164 = CARTESIAN_POINT ( 'NONE',  ( 7.028019729418002015, -79.13659928936745303, 56.80762855345262352 ) ) ;
#3165 = CARTESIAN_POINT ( 'NONE',  ( -8.473340501403109570, -15.31353194361853376, 53.99959193667060475 ) ) ;
#3166 = CARTESIAN_POINT ( 'NONE',  ( -31.57573274354796666, -26.04065743609918115, 50.56935057334157335 ) ) ;
#3167 = DIRECTION ( 'NONE',  ( 0.000000000000000000, 1.000000000000000000, 0.000000000000000000 ) ) ;
#3168 = CARTESIAN_POINT ( 'NONE',  ( -28.83352025645699968, 0.3854508997365523326, 58.82980244122828850 ) ) ;
#3169 = EDGE_LOOP ( 'NONE', ( #1488, #5292, #1898, #1905 ) ) ;
#3170 = CARTESIAN_POINT ( 'NONE',  ( -59.48167369716904318, -35.84967911851194344, 49.87406890324733411 ) ) ;
#3171 = CARTESIAN_POINT ( 'NONE',  ( 12.56691117760688314, -2.790466606327566712, 65.00000000000000000 ) ) ;
#3172 = CARTESIAN_POINT ( 'NONE',  ( -15.88580037756911345, -26.63029932480519690, 53.82485052767560063 ) ) ;
#3173 = CARTESIAN_POINT ( 'NONE',  ( -12.48535465979650283, -12.26426934990709050, 52.61986803428398218 ) ) ;
#3174 = CARTESIAN_POINT ( 'NONE',  ( 72.78501055754563254, -21.96512459946322693, 52.48547406578757091 ) ) ;
#3175 = CARTESIAN_POINT ( 'NONE',  ( 40.25172313293860071, -30.40842013235102570, 50.80028883450233934 ) ) ;
#3176 = CARTESIAN_POINT ( 'NONE',  ( 21.23227056007457136, -41.58643484989743655, 58.64113473351418548 ) ) ;
#3177 = CARTESIAN_POINT ( 'NONE',  ( -4.335512786901016824, 16.95581582963803768, 52.60776280019290851 ) ) ;
#3178 = CARTESIAN_POINT ( 'NONE',  ( 19.88105102549900138, -36.64492551740024595, 57.14906752735086570 ) ) ;
#3179 = CARTESIAN_POINT ( 'NONE',  ( -6.783006345454493768, 38.09740708592900660, 52.22933905514776143 ) ) ;
#3180 = CARTESIAN_POINT ( 'NONE',  ( 26.24261317529298765, 40.02582439619630605, 58.61615658905542858 ) ) ;
#3181 = LINE ( 'NONE', #5586, #3987 ) ;
#3182 = CARTESIAN_POINT ( 'NONE',  ( 7.165275016939951946, 64.21173777744853339, 49.25214573503922821 ) ) ;
#3183 = VECTOR ( 'NONE', #820, 1000.000000000000000 ) ;
#3184 = CARTESIAN_POINT ( 'NONE',  ( 18.28058147317174686, 7.826468463744844506, 55.83811538691803378 ) ) ;
#3185 = CARTESIAN_POINT ( 'NONE',  ( -16.68783986146053522, 29.38088704243153515, 52.24185941959986224 ) ) ;
#3186 = ADVANCED_FACE ( 'NONE', ( #148 ), #3590, .T. ) ;
#3187 = CARTESIAN_POINT ( 'NONE',  ( 14.50382262133962996, -9.143301751991801396, 49.56770595190415207 ) ) ;
#3188 = CARTESIAN_POINT ( 'NONE',  ( -5.962839487484267842, 28.47646479920359752, 52.37901985136947047 ) ) ;
#3189 = VERTEX_POINT ( 'NONE', #4946 ) ;
#3190 = CARTESIAN_POINT ( 'NONE',  ( 14.16903880140262650, 24.41140072537243455, 58.88314853631950285 ) ) ;
#3191 = CARTESIAN_POINT ( 'NONE',  ( -5.006923456738102907, -44.63240196403612714, 55.85432705346836002 ) ) ;
#3192 = CARTESIAN_POINT ( 'NONE',  ( -34.26532337683578788, 29.20765299615541366, 55.51685792969207256 ) ) ;
#3193 = CARTESIAN_POINT ( 'NONE',  ( -22.85349297364941279, -24.88717198714454426, 51.22823526680555517 ) ) ;
#3194 = CARTESIAN_POINT ( 'NONE',  ( -37.94004018276085333, 10.80298104842241358, 55.95281541749564980 ) ) ;
#3195 = CARTESIAN_POINT ( 'NONE',  ( 18.71053613848244268, 6.879206915877423612, 53.94147202647272366 ) ) ;
#3196 = CARTESIAN_POINT ( 'NONE',  ( -72.85865498361967241, 27.82262560082271818, 55.53895740161986794 ) ) ;
#3197 = ORIENTED_EDGE ( 'NONE', *, *, #4016, .T. ) ;
#3198 = FACE_OUTER_BOUND ( 'NONE', #5318, .T. ) ;
#3199 = CARTESIAN_POINT ( 'NONE',  ( -10.20983526588215540, -14.21455627677330646, 53.43853842362057804 ) ) ;
#3200 = CARTESIAN_POINT ( 'NONE',  ( -17.10868082978419480, -14.76568177495115819, 50.66695857741238740 ) ) ;
#3201 = CARTESIAN_POINT ( 'NONE',  ( -11.54923932524648400, -13.30424698831735597, 51.33820974584918417 ) ) ;
#3202 = ADVANCED_FACE ( 'NONE', ( #605 ), #575, .T. ) ;
#3203 = CARTESIAN_POINT ( 'NONE',  ( 17.63062304291468152, -7.550110494543749162, 51.97617447014180669 ) ) ;
#3204 = CARTESIAN_POINT ( 'NONE',  ( 12.52528061535461745, -3.225964898401449510, 64.99999999999998579 ) ) ;
#3205 = CARTESIAN_POINT ( 'NONE',  ( -74.90274932040630063, -38.13388230551424130, 51.13368818826410944 ) ) ;
#3206 = CARTESIAN_POINT ( 'NONE',  ( 73.11290668627931666, 36.83876276624741308, 56.11315349747798109 ) ) ;
#3207 = CARTESIAN_POINT ( 'NONE',  ( 18.00086766222820955, -13.74248125490409933, 50.78982186350474848 ) ) ;
#3208 = DIRECTION ( 'NONE',  ( 1.000000000000000000, 0.000000000000000000, -0.000000000000000000 ) ) ;
#3209 = CARTESIAN_POINT ( 'NONE',  ( 21.91434790419888401, 32.80406840544387848, 56.96463158651220482 ) ) ;
#3210 = CARTESIAN_POINT ( 'NONE',  ( -5.378627071350695843, 26.31949675862930960, 52.35796419795439505 ) ) ;
#3211 = CARTESIAN_POINT ( 'NONE',  ( 16.34459616271037063, 27.55064978364976014, 58.83494119523157906 ) ) ;
#3212 = CARTESIAN_POINT ( 'NONE',  ( 10.25264833761376870, 83.17735109195565713, 50.79949120277231600 ) ) ;
#3213 = CARTESIAN_POINT ( 'NONE',  ( 38.33973724268408034, -14.32505798097087890, 50.56935057334157335 ) ) ;
#3214 = CARTESIAN_POINT ( 'NONE',  ( 21.45235428655907128, 7.490962102772077635, 55.50445520205279593 ) ) ;
#3215 =( NAMED_UNIT ( * ) PLANE_ANGLE_UNIT ( ) SI_UNIT ( $, .RADIAN. ) );
#3216 = CARTESIAN_POINT ( 'NONE',  ( 4.335402871391311308, 83.93931943854695987, 49.53627598767891271 ) ) ;
#3217 = CARTESIAN_POINT ( 'NONE',  ( 49.21139641671830134, -36.99585785786548087, 49.20479257904793258 ) ) ;
#3218 = CARTESIAN_POINT ( 'NONE',  ( -6.581319704971020812, 40.39582899924617010, 52.15861036202912260 ) ) ;
#3219 = ORIENTED_EDGE ( 'NONE', *, *, #2296, .T. ) ;
#3220 = CARTESIAN_POINT ( 'NONE',  ( 41.77218248034928649, 72.69373883760212607, 58.89432888591722559 ) ) ;
#3221 = CARTESIAN_POINT ( 'NONE',  ( -0.8899617369380972143, -17.12474844794069639, 56.16646959253830573 ) ) ;
#3222 = VECTOR ( 'NONE', #1493, 1000.000000000000000 ) ;
#3223 = CARTESIAN_POINT ( 'NONE',  ( -13.05435513041789086, 15.00082878751340587, 54.82609532168059729 ) ) ;
#3224 = CARTESIAN_POINT ( 'NONE',  ( -17.52223651882550470, -14.46666492974965301, 50.56121135012551093 ) ) ;
#3225 = CARTESIAN_POINT ( 'NONE',  ( -50.49081327906033323, 3.349404909987857781, 56.96289742240345788 ) ) ;
#3226 = CARTESIAN_POINT ( 'NONE',  ( 17.55691180192460976, 9.442631617859493787, 54.61635200381210353 ) ) ;
#3227 = CARTESIAN_POINT ( 'NONE',  ( -58.84775885423521657, 59.08568021146380289, 53.52238726914378475 ) ) ;
#3228 = EDGE_LOOP ( 'NONE', ( #3935, #3099, #2471, #284, #3361, #3682, #787, #4129, #1855, #3429, #352, #1254 ) ) ;
#3229 = DIRECTION ( 'NONE',  ( -1.000000000000000000, 0.000000000000000000, -0.000000000000000000 ) ) ;
#3230 = ADVANCED_FACE ( 'NONE', ( #58 ), #497, .F. ) ;
#3231 = CARTESIAN_POINT ( 'NONE',  ( -13.52320755951021525, 6.007869066048916018, 64.50000000000000000 ) ) ;
#3232 = CARTESIAN_POINT ( 'NONE',  ( -21.04738454223441479, 1.076266409137594415, 58.65951026572589910 ) ) ;
#3233 = ORIENTED_EDGE ( 'NONE', *, *, #2459, .F. ) ;
#3234 = CARTESIAN_POINT ( 'NONE',  ( 17.90948524523729191, -7.553067811668459086, 52.00180197691179984 ) ) ;
#3235 = CARTESIAN_POINT ( 'NONE',  ( 8.164728054029154691, -6.226736150662890878, 64.99999999999997158 ) ) ;
#3236 = CARTESIAN_POINT ( 'NONE',  ( -39.29328128948655063, -31.88065170880955534, 52.14155393825112839 ) ) ;
#3237 = CARTESIAN_POINT ( 'NONE',  ( -50.86218145366391497, -28.30349790463641213, 51.30805675499232166 ) ) ;
#3238 = CARTESIAN_POINT ( 'NONE',  ( 79.93504330153542980, -8.167575729090483350, 53.39862284782318369 ) ) ;
#3239 = CARTESIAN_POINT ( 'NONE',  ( 78.52861359733583413, -29.96955951571235488, 52.14443844957490626 ) ) ;
#3240 = CARTESIAN_POINT ( 'NONE',  ( 23.54091054690407603, -56.23404475461861551, 58.27886116329586486 ) ) ;
#3241 = CARTESIAN_POINT ( 'NONE',  ( 12.11048466226082887, 15.83482654569648496, 56.64316019812272884 ) ) ;
#3242 = FACE_OUTER_BOUND ( 'NONE', #5060, .T. ) ;
#3243 = CARTESIAN_POINT ( 'NONE',  ( -4.549354186393606447, 48.56266252431463215, 51.83309198177945376 ) ) ;
#3244 = CARTESIAN_POINT ( 'NONE',  ( 11.88302752532798401, 18.75310879011601273, 58.70480786391373584 ) ) ;
#3245 = CARTESIAN_POINT ( 'NONE',  ( 2.141852261975490723, 39.38815796598237995, 51.13187268285075504 ) ) ;
#3246 = CARTESIAN_POINT ( 'NONE',  ( 27.72235729334672527, -8.828078675911648077, 50.80005238213874463 ) ) ;
#3247 = CARTESIAN_POINT ( 'NONE',  ( 25.10513109853692626, 13.05780509959468638, 56.18520976800528643 ) ) ;
#3248 = APPLICATION_PROTOCOL_DEFINITION ( 'draft international standard', 'automotive_design', 1998, #5970 ) ;
#3249 = CARTESIAN_POINT ( 'NONE',  ( -0.7011498831828901768, 31.07771594256912806, 49.88142016948130930 ) ) ;
#3250 = CARTESIAN_POINT ( 'NONE',  ( -65.62822737870484957, 50.30018223860763982, 55.76221871149187592 ) ) ;
#3251 = CARTESIAN_POINT ( 'NONE',  ( 7.165275016939955499, 64.21173777744854760, 49.25214573503922821 ) ) ;
#3252 = ORIENTED_EDGE ( 'NONE', *, *, #5738, .T. ) ;
#3253 = CARTESIAN_POINT ( 'NONE',  ( 49.05184262760330682, -27.90414420066111845, 51.41636682523007806 ) ) ;
#3254 = CARTESIAN_POINT ( 'NONE',  ( 0.9593235562325203025, -33.86051715231426584, 56.52577789926412777 ) ) ;
#3255 = CARTESIAN_POINT ( 'NONE',  ( -20.53812760043939889, 26.93682267933009200, 54.50121489827088084 ) ) ;
#3256 = CARTESIAN_POINT ( 'NONE',  ( -34.20487092557146269, -37.11618849017108346, 51.22418312447697275 ) ) ;
#3257 = CARTESIAN_POINT ( 'NONE',  ( -22.55504977329799488, 11.92005104210290867, 54.94733335575460842 ) ) ;
#3258 = CARTESIAN_POINT ( 'NONE',  ( 29.90814414010310074, 8.475949360219784623, 53.59296206552350839 ) ) ;
#3259 = CARTESIAN_POINT ( 'NONE',  ( -66.62213371072375878, 48.59020073925427141, 54.27321375413737314 ) ) ;
#3260 = ORIENTED_EDGE ( 'NONE', *, *, #5779, .F. ) ;
#3261 = PRESENTATION_STYLE_ASSIGNMENT (( #6172 ) ) ;
#3262 = CARTESIAN_POINT ( 'NONE',  ( 22.53304056346645368, -69.14148795649312262, 56.28598928415889446 ) ) ;
#3263 = CARTESIAN_POINT ( 'NONE',  ( -17.36163719440523323, 2.263634386218924988, 58.29350043847666285 ) ) ;
#3264 = CARTESIAN_POINT ( 'NONE',  ( -59.62104451953828743, -31.79444543289418235, 51.22513862220944247 ) ) ;
#3265 = ADVANCED_FACE ( 'NONE', ( #5346 ), #4476, .T. ) ;
#3266 = ORIENTED_EDGE ( 'NONE', *, *, #2348, .T. ) ;
#3267 = CARTESIAN_POINT ( 'NONE',  ( 16.80873841004764202, -7.550692183057408080, 51.89534009586266450 ) ) ;
#3268 = AXIS2_PLACEMENT_3D ( 'NONE', #346, #6155, #3281 ) ;
#3269 = CARTESIAN_POINT ( 'NONE',  ( 6.569147026065643935, -1.750710410310339915, 64.49999999999998579 ) ) ;
#3270 = CARTESIAN_POINT ( 'NONE',  ( -15.36605989238747050, -7.604818707689978474, 51.10879161060707787 ) ) ;
#3271 = CARTESIAN_POINT ( 'NONE',  ( 9.444209250533059929, -4.338149321640131895, 64.50000000000000000 ) ) ;
#3272 = CARTESIAN_POINT ( 'NONE',  ( 80.06298030511851493, 23.11308753634463642, 55.22652533857657886 ) ) ;
#3273 = CARTESIAN_POINT ( 'NONE',  ( -20.86019503285061205, -18.59780519757680395, 52.37109514142447608 ) ) ;
#3274 = CARTESIAN_POINT ( 'NONE',  ( 22.75275840782245851, -48.50409051136175975, 58.48070718500671461 ) ) ;
#3275 = CARTESIAN_POINT ( 'NONE',  ( 10.64309733370931355, -19.55549384291851212, 57.14736516736685701 ) ) ;
#3276 = CARTESIAN_POINT ( 'NONE',  ( 2.217373563604045916, 59.60776498330452000, 51.20921372583229214 ) ) ;
#3277 = B_SPLINE_CURVE_WITH_KNOTS ( 'NONE', 3,
 ( #5200, #2764, #4307, #2830, #2798, #3857, #3789, #4790, #340, #6250, #2319, #4273, #6187, #6219, #444, #1403, #3275, #3342, #2732, #5232 ),
 .UNSPECIFIED., .F., .F.,
 ( 4, 2, 2, 2, 2, 2, 2, 2, 2, 4 ),
 ( 0.000000000000000000, 0.1250000000000000000, 0.2500000000000000000, 0.3750000000000000000, 0.5000000000000000000, 0.6250000000000000000, 0.7500000000000000000, 0.8750000000000000000, 0.9374999999999998890, 1.000000000000000000 ),
 .UNSPECIFIED. ) ;
#3278 = CARTESIAN_POINT ( 'NONE',  ( 10.67599115843850477, -4.738284780104929261, 64.50000000000000000 ) ) ;
#3279 = CARTESIAN_POINT ( 'NONE',  ( -72.13207580981477918, 15.42782443265343417, 56.27576660695997646 ) ) ;
#3280 = B_SPLINE_CURVE_WITH_KNOTS ( 'NONE', 1,
 ( #2892, #4849 ),
 .UNSPECIFIED., .F., .F.,
 ( 2, 2 ),
 ( 0.000000000000000000, 1.000000000000000000 ),
 .UNSPECIFIED. ) ;
#3281 = DIRECTION ( 'NONE',  ( 0.000000000000000000, -0.000000000000000000, -1.000000000000000000 ) ) ;
#3282 = CARTESIAN_POINT ( 'NONE',  ( 16.80029733663705471, 3.216151747917633141, 54.81704322739608415 ) ) ;
#3283 = CARTESIAN_POINT ( 'NONE',  ( 15.94852002539225566, -7.204567573535531011, 50.22821245501211962 ) ) ;
#3284 = CARTESIAN_POINT ( 'NONE',  ( 0.8449230021965015158, 19.91461053569173245, 49.55845094142464546 ) ) ;
#3285 = ADVANCED_FACE ( 'NONE', ( #583 ), #3028, .F. ) ;
#3286 = CARTESIAN_POINT ( 'NONE',  ( -25.49505890289684373, 74.31127918544615341, 52.96391442944871386 ) ) ;
#3287 = CARTESIAN_POINT ( 'NONE',  ( 69.25439726188662348, -26.20719099604320945, 50.55469448342671512 ) ) ;
#3288 = ORIENTED_EDGE ( 'NONE', *, *, #3069, .T. ) ;
#3289 = CARTESIAN_POINT ( 'NONE',  ( 12.48650680762551701, 11.75091872411756100, 57.51853811206346023 ) ) ;
#3290 = CARTESIAN_POINT ( 'NONE',  ( 0.7626187246893381122, -28.28847659429651173, 56.52281134286171493 ) ) ;
#3291 = CARTESIAN_POINT ( 'NONE',  ( -71.06221257946458536, 44.89027228247668688, 56.19511841575300082 ) ) ;
#3292 = CARTESIAN_POINT ( 'NONE',  ( -35.05090999722936118, -50.83940535233717384, 51.89824442918263969 ) ) ;
#3293 = CARTESIAN_POINT ( 'NONE',  ( -26.62025153919584852, 9.598163185360185423, 55.62034554850672663 ) ) ;
#3294 = CARTESIAN_POINT ( 'NONE',  ( 28.22735731351174593, -0.1604523853239572251, 52.24481908398954033 ) ) ;
#3295 = VECTOR ( 'NONE', #1465, 1000.000000000000000 ) ;
#3296 = CARTESIAN_POINT ( 'NONE',  ( 12.58385552751325953, -2.534494138790040818, 65.00000000000000000 ) ) ;
#3297 = ORIENTED_EDGE ( 'NONE', *, *, #5035, .F. ) ;
#3298 = CARTESIAN_POINT ( 'NONE',  ( 22.70515002110357017, -70.18212229533124003, 56.27576660695999067 ) ) ;
#3299 = CARTESIAN_POINT ( 'NONE',  ( 8.856050341574684737, -26.80162673155379949, 56.29599067658210743 ) ) ;
#3300 = FACE_OUTER_BOUND ( 'NONE', #5684, .T. ) ;
#3301 = CARTESIAN_POINT ( 'NONE',  ( -47.04084971949361460, -65.14199028719336582, 53.39862284782321211 ) ) ;
#3302 = ORIENTED_EDGE ( 'NONE', *, *, #1769, .T. ) ;
#3303 = CARTESIAN_POINT ( 'NONE',  ( 18.75925755084927360, -73.26809301250368378, 55.97712735475023038 ) ) ;
#3304 = CARTESIAN_POINT ( 'NONE',  ( 7.946630858715171719, -6.048855354092207648, 64.50000000000002842 ) ) ;
#3305 = CARTESIAN_POINT ( 'NONE',  ( -18.35013290668558028, -7.614343547647974830, 50.78633942049394534 ) ) ;
#3306 = CARTESIAN_POINT ( 'NONE',  ( 4.287830100746195860, 6.007869066048916018, 65.00000000000000000 ) ) ;
#3307 = FACE_OUTER_BOUND ( 'NONE', #2081, .T. ) ;
#3308 = DIRECTION ( 'NONE',  ( 0.000000000000000000, 0.000000000000000000, -1.000000000000000000 ) ) ;
#3309 = CARTESIAN_POINT ( 'NONE',  ( 16.72520849907116158, -29.90317762477483399, 58.82525001850429192 ) ) ;
#3310 = VECTOR ( 'NONE', #2578, 1000.000000000000000 ) ;
#3311 = CARTESIAN_POINT ( 'NONE',  ( 6.248124482008527103, -16.35550920687236243, 58.15493310839875818 ) ) ;
#3312 = CARTESIAN_POINT ( 'NONE',  ( 12.52528061535461745, -3.225964898401449510, 64.49999999999998579 ) ) ;
#3313 = CARTESIAN_POINT ( 'NONE',  ( 51.90026525942914759, -37.21860541697949998, 49.31143996461796775 ) ) ;
#3314 = CARTESIAN_POINT ( 'NONE',  ( -72.39683095144586389, 31.53700965803260559, 55.32026332454689310 ) ) ;
#3315 = EDGE_CURVE ( 'NONE', #5381, #4717, #2048, .T. ) ;
#3316 = CARTESIAN_POINT ( 'NONE',  ( 32.65599091261987041, 9.000794302910534839, 55.17595818106877914 ) ) ;
#3317 = CARTESIAN_POINT ( 'NONE',  ( -4.077549819795925679, 44.72714147629086767, 50.21285285563457990 ) ) ;
#3318 = CARTESIAN_POINT ( 'NONE',  ( -35.22092458531803061, 72.77247186038110272, 53.53693079580039438 ) ) ;
#3319 = CARTESIAN_POINT ( 'NONE',  ( 73.75119640303408630, 35.95605158783800448, 56.05038690326501438 ) ) ;
#3320 = ORIENTED_EDGE ( 'NONE', *, *, #3506, .T. ) ;
#3321 = CARTESIAN_POINT ( 'NONE',  ( 17.53481145990472001, 14.45119973175011552, 57.19291540587715161 ) ) ;
#3322 = CARTESIAN_POINT ( 'NONE',  ( -8.533078935751333916, -32.78131486753780877, 55.17595818106877914 ) ) ;
#3323 = CARTESIAN_POINT ( 'NONE',  ( -6.563461285126400924, 21.69407570477054747, 52.80352552466549554 ) ) ;
#3324 = CARTESIAN_POINT ( 'NONE',  ( -36.82926994074022531, -34.69743864810956779, 50.88641130672908730 ) ) ;
#3325 = CARTESIAN_POINT ( 'NONE',  ( -24.00214610255833847, 14.98902001044224619, 54.60680874277719710 ) ) ;
#3326 = CARTESIAN_POINT ( 'NONE',  ( 16.98093112182089470, -2.382970451534676126, 51.58755781399906937 ) ) ;
#3327 = DIRECTION ( 'NONE',  ( -0.000000000000000000, -0.000000000000000000, 1.000000000000000000 ) ) ;
#3328 = EDGE_LOOP ( 'NONE', ( #1286, #418, #974, #6228, #2921, #6301 ) ) ;
#3329 = CARTESIAN_POINT ( 'NONE',  ( 71.51950886042031641, 39.06258697162076032, 54.66817531629113347 ) ) ;
#3330 = CARTESIAN_POINT ( 'NONE',  ( -7.760887847971752684, -2.349402568566467675, 64.50000000000000000 ) ) ;
#3331 = CARTESIAN_POINT ( 'NONE',  ( 12.82555262868686086, -31.35127240077678579, 56.63041936701097967 ) ) ;
#3332 = DIRECTION ( 'NONE',  ( -0.000000000000000000, -0.000000000000000000, 1.000000000000000000 ) ) ;
#3333 = CARTESIAN_POINT ( 'NONE',  ( -57.72536083115966221, -45.61664250549191024, 52.07811171221963065 ) ) ;
#3334 = ORIENTED_EDGE ( 'NONE', *, *, #5982, .F. ) ;
#3335 = CARTESIAN_POINT ( 'NONE',  ( 6.567317280233374355, -1.568372921130570363, 64.50000000000000000 ) ) ;
#3336 = CARTESIAN_POINT ( 'NONE',  ( 6.572671233095378263, -2.101904029565504484, 64.49999999999998579 ) ) ;
#3337 = CARTESIAN_POINT ( 'NONE',  ( -22.78691927089021263, -11.46261648174391823, 51.12417333647798756 ) ) ;
#3338 = CARTESIAN_POINT ( 'NONE',  ( -24.15186138089406498, -21.55569302449308822, 52.37016523106601085 ) ) ;
#3339 = CARTESIAN_POINT ( 'NONE',  ( 10.57914046690663490, -4.734568273424810236, 64.50000000000000000 ) ) ;
#3340 = CARTESIAN_POINT ( 'NONE',  ( -19.78492952468279142, -17.47694883267373100, 52.35058751526204901 ) ) ;
#3341 = CARTESIAN_POINT ( 'NONE',  ( 11.85942103784590529, -21.78689145718563225, 58.77769708745258725 ) ) ;
#3342 = CARTESIAN_POINT ( 'NONE',  ( 9.153776987556126343, -17.63262039811059623, 57.04979127913532011 ) ) ;
#3343 = CARTESIAN_POINT ( 'NONE',  ( 3.876550210537897279, 61.41062137850200031, 51.08277336250046829 ) ) ;
#3344 = CARTESIAN_POINT ( 'NONE',  ( 17.50051764761477102, -0.1617429603535093241, 53.86852243276823771 ) ) ;
#3345 = CARTESIAN_POINT ( 'NONE',  ( 26.66444540575270850, -8.510033232536882153, 50.79685596645803258 ) ) ;
#3346 = CARTESIAN_POINT ( 'NONE',  ( -71.43156295912417875, 36.46456511581614990, 55.02804281704592171 ) ) ;
#3347 = CARTESIAN_POINT ( 'NONE',  ( 19.51827637301643037, 3.804988779209107719, 54.82609532168059729 ) ) ;
#3348 = B_SPLINE_CURVE_WITH_KNOTS ( 'NONE', 3,
 ( #6157, #4212, #2738, #4600 ),
 .UNSPECIFIED., .F., .F.,
 ( 4, 4 ),
 ( 0.000000000000000000, 1.000000000000000000 ),
 .UNSPECIFIED. ) ;
#3349 = CARTESIAN_POINT ( 'NONE',  ( 3.746224994733410529, 72.80364969547481735, 49.53716055847101529 ) ) ;
#3350 = CARTESIAN_POINT ( 'NONE',  ( -69.49419796269944527, 42.47635299584858615, 56.26496555607218397 ) ) ;
#3351 = CARTESIAN_POINT ( 'NONE',  ( 79.15108502430773285, -10.44604876976610441, 51.65657630945776901 ) ) ;
#3352 = ADVANCED_FACE ( 'NONE', ( #3536 ), #5034, .T. ) ;
#3353 = EDGE_LOOP ( 'NONE', ( #910, #3780, #3744, #1574 ) ) ;
#3354 = CARTESIAN_POINT ( 'NONE',  ( 15.80010889870235147, 20.02807868519746748, 58.20899177278111125 ) ) ;
#3355 = CARTESIAN_POINT ( 'NONE',  ( -12.00092795810213531, -28.67568899733816323, 54.49995533600653630 ) ) ;
#3356 = CARTESIAN_POINT ( 'NONE',  ( -16.27417425265560169, 41.98007802774287001, 53.15400227428712299 ) ) ;
#3357 = CARTESIAN_POINT ( 'NONE',  ( -68.56883686414717261, -48.25120712642871723, 50.20984255776742344 ) ) ;
#3358 = CARTESIAN_POINT ( 'NONE',  ( -49.68196703902340516, 36.41350168066415449, 54.26075589666486820 ) ) ;
#3359 = CARTESIAN_POINT ( 'NONE',  ( 39.00839470677938436, -5.876763810975043079, 51.56362099031527890 ) ) ;
#3360 = CARTESIAN_POINT ( 'NONE',  ( 12.55128471623089226, -3.021576397892844490, 65.00000000000001421 ) ) ;
#3361 = ORIENTED_EDGE ( 'NONE', *, *, #2507, .T. ) ;
#3362 = CARTESIAN_POINT ( 'NONE',  ( 62.80355352336928831, -32.13405134796948914, 50.02571519731076677 ) ) ;
#3363 = CARTESIAN_POINT ( 'NONE',  ( 2.706792945610887013, -84.00961843290839681, 54.93525821858710145 ) ) ;
#3364 = CARTESIAN_POINT ( 'NONE',  ( -55.59375270727295515, -27.23463754581126395, 49.45689041229920235 ) ) ;
#3365 = CARTESIAN_POINT ( 'NONE',  ( -54.76908980716332564, -53.45746574965636455, 52.57692267020237153 ) ) ;
#3366 = CARTESIAN_POINT ( 'NONE',  ( 37.92373396906285166, 48.73358720649036968, 56.62413053132724627 ) ) ;
#3367 = ORIENTED_EDGE ( 'NONE', *, *, #38, .T. ) ;
#3368 = CARTESIAN_POINT ( 'NONE',  ( 44.40946298325514618, -20.43794216543300735, 51.82771201762818691 ) ) ;
#3369 = CARTESIAN_POINT ( 'NONE',  ( -5.481400668484574190, 6.007869066048916018, 64.50000000000000000 ) ) ;
#3370 = CARTESIAN_POINT ( 'NONE',  ( -6.968840014397756022, 38.17471364123776567, 50.63806070511809310 ) ) ;
#3371 = LINE ( 'NONE', #2983, #5457 ) ;
#3372 = CARTESIAN_POINT ( 'NONE',  ( -20.10403927211974917, -17.81777606058715335, 52.35796419795439505 ) ) ;
#3373 = CARTESIAN_POINT ( 'NONE',  ( 15.90096101156086128, -28.32354700769482037, 58.83376588496916781 ) ) ;
#3374 = VECTOR ( 'NONE', #1570, 1000.000000000000000 ) ;
#3375 = CARTESIAN_POINT ( 'NONE',  ( -62.09755454136836761, 55.44679444332799534, 55.40439193518012928 ) ) ;
#3376 = CARTESIAN_POINT ( 'NONE',  ( -4.806881794226815607, 47.86762276947154504, 51.86493721983340777 ) ) ;
#3377 = CARTESIAN_POINT ( 'NONE',  ( 17.45183399868755103, 1.314251403594310252, 54.27154253521224803 ) ) ;
#3378 = CARTESIAN_POINT ( 'NONE',  ( 27.72235729334672527, -8.828078675911648077, 50.80005238213874463 ) ) ;
#3379 = CARTESIAN_POINT ( 'NONE',  ( -66.62213371072375878, 48.59020073925427141, 54.27321375413737314 ) ) ;
#3380 = CARTESIAN_POINT ( 'NONE',  ( 31.03652987908209226, 1.749952709180006449, 54.16253416419641553 ) ) ;
#3381 = CARTESIAN_POINT ( 'NONE',  ( -8.020555905499630711, 15.55731801053008390, 53.68540553716794506 ) ) ;
#3382 = CARTESIAN_POINT ( 'NONE',  ( -15.51838583193432441, 73.78748575491657391, 52.37493957736081285 ) ) ;
#3383 = CARTESIAN_POINT ( 'NONE',  ( 80.99488172665147090, -4.516662004330628477, 52.01620108401275644 ) ) ;
#3384 = DIRECTION ( 'NONE',  ( -0.000000000000000000, -0.000000000000000000, 1.000000000000000000 ) ) ;
#3385 = CARTESIAN_POINT ( 'NONE',  ( 18.97898147019171233, 20.89386786581462374, 57.87440345068839065 ) ) ;
#3386 = CARTESIAN_POINT ( 'NONE',  ( -11.17597758707402100, 29.00675683562692697, 53.14905688448522625 ) ) ;
#3387 = CARTESIAN_POINT ( 'NONE',  ( -17.66902013148047601, -9.225580483701964596, 49.55845094142464546 ) ) ;
#3388 = CARTESIAN_POINT ( 'NONE',  ( -21.65272710513967880, 13.48827501614943891, 54.60971081321757481 ) ) ;
#3389 = CARTESIAN_POINT ( 'NONE',  ( 31.00792570090904832, -0.2003817894756374507, 52.24315060399256794 ) ) ;
#3390 = CARTESIAN_POINT ( 'NONE',  ( 10.08374658957921177, -6.980211077293699162, 64.50000000000001421 ) ) ;
#3391 = EDGE_LOOP ( 'NONE', ( #1516, #5327, #3489, #1768 ) ) ;
#3392 = CARTESIAN_POINT ( 'NONE',  ( 77.06766618323726448, -14.98514586736025755, 51.36518512762257416 ) ) ;
#3393 = CARTESIAN_POINT ( 'NONE',  ( -83.84071576960957373, -0.1710982192985295303, 58.89432888591722559 ) ) ;
#3394 = B_SPLINE_CURVE_WITH_KNOTS ( 'NONE', 3,
 ( #2967, #4921, #4968, #3461, #1467, #2032, #3433, #5479, #5000, #1044, #2566, #3945, #2535, #3404, #5362, #4938, #5836, #2061, #4008, #1013, #628, #2445, #3975, #567, #5867, #1075, #3012 ),
 .UNSPECIFIED., .F., .F.,
 ( 4, 1, 1, 1, 1, 1, 1, 1, 1, 1, 1, 1, 1, 1, 1, 1, 1, 1, 1, 1, 1, 1, 1, 1, 4 ),
 ( 0.000000000000000000, 0.04171493243336126672, 0.08230270593995228645, 0.1215718144257365158, 0.1600671244574461693, 0.1979937629052238302, 0.2355661717952775847, 0.2730048805336445228, 0.3100903331095229420, 0.3468461432534286071, 0.3824835718335567458, 0.4172710082891830652, 0.4513316191888082640, 0.4848527413222461502, 0.5180308512419189437, 0.5510685457911258522, 0.5841710000647791778, 0.6194667444415160595, 0.6591579072517056437, 0.7034715469577031977, 0.7528401139219638161, 0.8068443124206159389, 0.8661419381570225617, 0.9305017472849205218, 1.000000000000000000 ),
 .UNSPECIFIED. ) ;
#3395 = CARTESIAN_POINT ( 'NONE',  ( -3.279740226993428376, -30.83434704984742325, 54.26772195696266721 ) ) ;
#3396 = ADVANCED_FACE ( 'NONE', ( #3793 ), #768, .T. ) ;
#3397 = CLOSED_SHELL ( 'NONE', ( #3285, #5615, #4804, #1303, #3352, #4922 ) ) ;
#3398 = CARTESIAN_POINT ( 'NONE',  ( -15.78758764589736607, 7.553125179447052417, 56.78195309844567618 ) ) ;
#3399 = CARTESIAN_POINT ( 'NONE',  ( -59.60522525088756396, -33.19857637023880415, 51.31214940365543953 ) ) ;
#3400 = FACE_OUTER_BOUND ( 'NONE', #5243, .T. ) ;
#3401 = ORIENTED_EDGE ( 'NONE', *, *, #5695, .T. ) ;
#3402 = CARTESIAN_POINT ( 'NONE',  ( 25.44750991307572718, -8.493339218263868062, 52.35743326618872118 ) ) ;
#3403 = CARTESIAN_POINT ( 'NONE',  ( -57.74349343530324319, -45.59641345028582293, 52.07674124734401744 ) ) ;
#3404 = CARTESIAN_POINT ( 'NONE',  ( 7.555449052978754132, -5.672642076466022587, 65.00000000000000000 ) ) ;
#3405 = CARTESIAN_POINT ( 'NONE',  ( 9.043329270110087137, -3.801371013890773032, 64.99999999999998579 ) ) ;
#3406 = CARTESIAN_POINT ( 'NONE',  ( -17.94885247424761232, -15.31289182147041572, 52.27166166732784802 ) ) ;
#3407 = FACE_OUTER_BOUND ( 'NONE', #1991, .T. ) ;
#3408 = CARTESIAN_POINT ( 'NONE',  ( -40.07079617011851269, 71.28901989993531174, 53.82989302770214834 ) ) ;
#3409 = CARTESIAN_POINT ( 'NONE',  ( -2.550631437715342731, 6.007869066048916018, 64.50000000000000000 ) ) ;
#3410 = CARTESIAN_POINT ( 'NONE',  ( 8.846804459720553737, -2.255271959592108466, 64.50000000000000000 ) ) ;
#3411 = CARTESIAN_POINT ( 'NONE',  ( 23.48052214450818553, -7.764166702409190712, 50.74516895061358923 ) ) ;
#3412 = CARTESIAN_POINT ( 'NONE',  ( -72.97194480684110829, 25.34514274268327583, 55.68417706662734190 ) ) ;
#3413 = CARTESIAN_POINT ( 'NONE',  ( 79.16737118471709778, 28.24011237349155579, 55.52006805469225981 ) ) ;
#3414 = CARTESIAN_POINT ( 'NONE',  ( -7.677894648841911973, 15.72770406556541367, 53.58098158079311446 ) ) ;
#3415 = CARTESIAN_POINT ( 'NONE',  ( 28.58193338320434762, 42.46463707515654562, 56.94834949069178265 ) ) ;
#3416 = CARTESIAN_POINT ( 'NONE',  ( 36.60542316244914929, 48.29675136391927026, 58.28933056099386789 ) ) ;
#3417 = B_SPLINE_CURVE_WITH_KNOTS ( 'NONE', 3,
 ( #3182, #2196, #5712, #799, #1785, #4665, #6123, #4245, #4696, #278, #2226, #2736, #5678, #2291, #3762, #5236, #5396, #1947, #513, #1023, #4827, #59, #2933, #2010, #2961, #4916, #2869, #3894, #448, #5744, #1980, #4409, #2391, #2834, #3379, #4346, #4441, #1373, #6289, #3346, #3924, #4889, #413, #3314, #5844, #5272, #3412, #6255, #29, #1477 ),
 .UNSPECIFIED., .F., .F.,
 ( 4, 2, 2, 2, 2, 2, 2, 2, 2, 2, 2, 2, 2, 2, 2, 2, 2, 2, 2, 2, 2, 2, 2, 2, 4 ),
 ( 0.000000000000000000, 0.06250000000000000000, 0.1250000000000000278, 0.1562500000000000000, 0.1875000000000000278, 0.2500000000000000555, 0.2812500000000000000, 0.3125000000000000000, 0.3749999999999999445, 0.4062500000000000000, 0.4375000000000000000, 0.5000000000000000000, 0.5625000000000000000, 0.5937500000000000000, 0.6250000000000000000, 0.6875000000000000000, 0.7031250000000000000, 0.7187499999999998890, 0.7499999999999998890, 0.8125000000000000000, 0.8437500000000000000, 0.8593750000000000000, 0.8750000000000000000, 0.9374999999999998890, 1.000000000000000000 ),
 .UNSPECIFIED. ) ;
#3418 = CARTESIAN_POINT ( 'NONE',  ( -41.12577236580305140, 73.06516458664036406, 53.83243423914579040 ) ) ;
#3419 = CARTESIAN_POINT ( 'NONE',  ( -23.34005705675200559, -10.08844631318021001, 49.21970453441858950 ) ) ;
#3420 = CARTESIAN_POINT ( 'NONE',  ( -14.37068235040555209, 13.81697380041553913, 53.60421236771714604 ) ) ;
#3421 = CARTESIAN_POINT ( 'NONE',  ( 76.07118956682576538, -35.25675106908764889, 50.20984255776742344 ) ) ;
#3422 = CARTESIAN_POINT ( 'NONE',  ( 6.726032919424259404, -3.881355986052619667, 64.50000000000000000 ) ) ;
#3423 = ORIENTED_EDGE ( 'NONE', *, *, #4539, .T. ) ;
#3424 = PLANE ( 'NONE',  #2186 ) ;
#3425 = CARTESIAN_POINT ( 'NONE',  ( -43.91514240258866408, 9.409511091643723901, 57.88054891585904471 ) ) ;
#3426 = CARTESIAN_POINT ( 'NONE',  ( -6.694033976690525911, -61.23259640610753252, 54.26075589666486820 ) ) ;
#3427 = CARTESIAN_POINT ( 'NONE',  ( -33.71539024850837762, -75.79018806314122969, 54.38617182201851818 ) ) ;
#3428 =( LENGTH_UNIT ( ) NAMED_UNIT ( * ) SI_UNIT ( .MILLI., .METRE. ) );
#3429 = ORIENTED_EDGE ( 'NONE', *, *, #1952, .T. ) ;
#3430 = CARTESIAN_POINT ( 'NONE',  ( 25.50213777827199735, -8.506380482320501812, 52.35825464011160335 ) ) ;
#3431 = EDGE_CURVE ( 'NONE', #4782, #5144, #6091, .T. ) ;
#3432 = CARTESIAN_POINT ( 'NONE',  ( -47.09705400534569719, -65.16614714354093962, 53.39754509468891541 ) ) ;
#3433 = CARTESIAN_POINT ( 'NONE',  ( 9.194955531208687916, -6.774883972373877405, 64.99999999999998579 ) ) ;
#3434 = CARTESIAN_POINT ( 'NONE',  ( 9.444209250533059929, -4.338149321640131895, 64.50000000000000000 ) ) ;
#3435 = CARTESIAN_POINT ( 'NONE',  ( -37.28991684275376883, -27.72781976819187122, 51.93993350217173344 ) ) ;
#3436 = CARTESIAN_POINT ( 'NONE',  ( 12.61960597314630128, -22.88844015537014087, 58.80198313861409787 ) ) ;
#3437 = CARTESIAN_POINT ( 'NONE',  ( -65.61745359709725278, 50.29608267664867327, 55.76209679464025726 ) ) ;
#3438 = CARTESIAN_POINT ( 'NONE',  ( -1.606581142655402861, -17.42742591671711594, 55.97356841948558781 ) ) ;
#3439 = CARTESIAN_POINT ( 'NONE',  ( 16.85192364380741026, -4.723243702930315813, 52.60776280019291562 ) ) ;
#3440 = CARTESIAN_POINT ( 'NONE',  ( 30.81568906738983671, -9.917468756808895947, 50.78700973435833532 ) ) ;
#3441 = FACE_OUTER_BOUND ( 'NONE', #2627, .T. ) ;
#3442 = CARTESIAN_POINT ( 'NONE',  ( 43.07930498008781939, -13.08875184819868842, 52.47839215908295074 ) ) ;
#3443 = CARTESIAN_POINT ( 'NONE',  ( -8.942156517914197522, 15.04467537645926178, 53.97316836776944626 ) ) ;
#3444 = CARTESIAN_POINT ( 'NONE',  ( -72.11041259816224169, 15.52887021161716063, 57.87242576151191287 ) ) ;
#3445 = CARTESIAN_POINT ( 'NONE',  ( 76.33102467965768767, 31.76353547101792074, 54.16475837536745530 ) ) ;
#3446 = EDGE_CURVE ( 'NONE', #6074, #501, #3417, .T. ) ;
#3447 = CARTESIAN_POINT ( 'NONE',  ( -27.35082106155770987, 35.76503947276643203, 54.50468419413173393 ) ) ;
#3448 = CARTESIAN_POINT ( 'NONE',  ( -27.63276559415302458, -14.23334436768011635, 49.54666824371490463 ) ) ;
#3449 = CARTESIAN_POINT ( 'NONE',  ( -32.22704810974381218, 31.44261230856930922, 53.58815759504506815 ) ) ;
#3450 = CARTESIAN_POINT ( 'NONE',  ( 80.48371496227690614, -24.23586741920207643, 50.88491505643936108 ) ) ;
#3451 = CARTESIAN_POINT ( 'NONE',  ( -1.910130729600993726, 18.38197080993679577, 51.91130219592787398 ) ) ;
#3452 = VERTEX_POINT ( 'NONE', #930 ) ;
#3453 = FACE_OUTER_BOUND ( 'NONE', #6260, .T. ) ;
#3454 = CARTESIAN_POINT ( 'NONE',  ( -83.85982955353152590, 5.733863884094307473, 58.55811611231557379 ) ) ;
#3455 = CARTESIAN_POINT ( 'NONE',  ( 3.012519493759615141, -28.06650032499188541, 55.28238615422435487 ) ) ;
#3456 = CARTESIAN_POINT ( 'NONE',  ( -17.10141882975611338, -0.2517138608848981107, 57.32300794552850931 ) ) ;
#3457 = CARTESIAN_POINT ( 'NONE',  ( 20.53711687556212695, 15.02585105741388283, 55.28531409147004894 ) ) ;
#3458 = ORIENTED_EDGE ( 'NONE', *, *, #6253, .T. ) ;
#3459 = CARTESIAN_POINT ( 'NONE',  ( 44.46528055734822971, -20.50708718649600115, 51.82385662616886179 ) ) ;
#3460 = CARTESIAN_POINT ( 'NONE',  ( -6.611170601817036641, 41.44794397188544366, 50.53207451395519456 ) ) ;
#3461 = CARTESIAN_POINT ( 'NONE',  ( 10.08374658957921177, -6.980211077293699162, 65.00000000000001421 ) ) ;
#3462 = DIRECTION ( 'NONE',  ( 1.000000000000000000, 0.000000000000000000, 0.000000000000000000 ) ) ;
#3463 = CARTESIAN_POINT ( 'NONE',  ( -32.77219314457023813, -26.31996481186564196, 52.11873060588631290 ) ) ;
#3464 = CARTESIAN_POINT ( 'NONE',  ( -62.09892346640637584, 8.608974312309200627, 58.22794392434302324 ) ) ;
#3465 = CARTESIAN_POINT ( 'NONE',  ( -72.15969524713180761, 32.86242267286102958, 56.84428599246101044 ) ) ;
#3466 = CARTESIAN_POINT ( 'NONE',  ( 1.408047616777891919, -17.44474165129800269, 56.79712922003530906 ) ) ;
#3467 = CARTESIAN_POINT ( 'NONE',  ( 17.45953858840441697, -1.214600219304845963, 53.58098158079310736 ) ) ;
#3468 = CARTESIAN_POINT ( 'NONE',  ( -5.809493042970836463, -21.96785098633499800, 55.16718322803883723 ) ) ;
#3469 = CARTESIAN_POINT ( 'NONE',  ( 15.67150657081311671, -26.75418581007045304, 57.30309230974528845 ) ) ;
#3470 = CARTESIAN_POINT ( 'NONE',  ( 10.69340870627331164, 16.74371361085633936, 57.04979127913532011 ) ) ;
#3471 = CARTESIAN_POINT ( 'NONE',  ( 70.91719132112656609, -16.09509166098879263, 52.81934259813401411 ) ) ;
#3472 = VECTOR ( 'NONE', #763, 1000.000000000000000 ) ;
#3473 = EDGE_CURVE ( 'NONE', #459, #5027, #6321, .T. ) ;
#3474 = DIRECTION ( 'NONE',  ( -1.000000000000000000, 0.000000000000000000, 0.000000000000000000 ) ) ;
#3475 = CARTESIAN_POINT ( 'NONE',  ( -72.88422281958719395, 23.50828749861474520, 57.39524675482571325 ) ) ;
#3476 = CARTESIAN_POINT ( 'NONE',  ( 31.39570163171401873, 44.57465409077482832, 58.45645007974177787 ) ) ;
#3477 = CARTESIAN_POINT ( 'NONE',  ( -7.627475470093218135, 33.00257224322994176, 52.47460046933495192 ) ) ;
#3478 = CARTESIAN_POINT ( 'NONE',  ( -14.57415237896110405, -9.035740002200073562, 49.90202235672916231 ) ) ;
#3479 = ADVANCED_FACE ( 'NONE', ( #2356 ), #544, .T. ) ;
#3480 = CARTESIAN_POINT ( 'NONE',  ( -19.54009155774545548, 16.39993925890095028, 53.93481764689488500 ) ) ;
#3481 = CARTESIAN_POINT ( 'NONE',  ( 49.24599758692553308, -11.06419290962686297, 51.22418312447697275 ) ) ;
#3482 = LINE ( 'NONE', #5053, #3593 ) ;
#3483 = VERTEX_POINT ( 'NONE', #4794 ) ;
#3484 = CARTESIAN_POINT ( 'NONE',  ( 30.88196991542185899, -53.29353177809656472, 58.89294042011653119 ) ) ;
#3485 = CARTESIAN_POINT ( 'NONE',  ( -44.91718664580616860, 3.130837624721551471, 58.55501974400583265 ) ) ;
#3486 = CARTESIAN_POINT ( 'NONE',  ( -4.840814427909155171, -44.65072724257372272, 54.26299268378631524 ) ) ;
#3487 = CARTESIAN_POINT ( 'NONE',  ( 5.234776894653158763, -79.74398585115740445, 56.69745020171497174 ) ) ;
#3488 = CARTESIAN_POINT ( 'NONE',  ( 11.27877382971688291, 12.85893020333097603, 56.31486590184664465 ) ) ;
#3489 = ORIENTED_EDGE ( 'NONE', *, *, #5149, .F. ) ;
#3490 = CARTESIAN_POINT ( 'NONE',  ( 28.66912241765195546, -9.426433513630053440, 52.37608912234610870 ) ) ;
#3491 = CARTESIAN_POINT ( 'NONE',  ( -7.019409599941241140, 33.81031177930771747, 50.74934254293260949 ) ) ;
#3492 = LINE ( 'NONE', #4462, #333 ) ;
#3493 = LINE ( 'NONE', #3976, #5047 ) ;
#3494 = CARTESIAN_POINT ( 'NONE',  ( -52.46121136368100935, -27.94065777398841632, 51.22337413280343554 ) ) ;
#3495 = CARTESIAN_POINT ( 'NONE',  ( -40.67117822061833721, 1.164032798460876261, 58.75166930979854385 ) ) ;
#3496 = CARTESIAN_POINT ( 'NONE',  ( -1.196196240464398430, 69.43959795006421132, 51.47030750241254538 ) ) ;
#3497 = CARTESIAN_POINT ( 'NONE',  ( -0.6155025270385832137, -17.49464012269501723, 56.24455469711035960 ) ) ;
#3498 = CARTESIAN_POINT ( 'NONE',  ( 17.45079814539010243, -1.332671448482985133, 53.54867636100721739 ) ) ;
#3499 = CARTESIAN_POINT ( 'NONE',  ( -6.487687730168750555, -24.67191072454568612, 55.17010579252018942 ) ) ;
#3500 = DIRECTION ( 'NONE',  ( 1.000000000000000000, 0.000000000000000000, 0.000000000000000000 ) ) ;
#3501 = CARTESIAN_POINT ( 'NONE',  ( 58.55342313154852008, -35.02035108044265144, 51.31214940365544663 ) ) ;
#3502 = CARTESIAN_POINT ( 'NONE',  ( 61.59357292855430188, -0.6985452219573704546, 53.83184363771155745 ) ) ;
#3503 = CARTESIAN_POINT ( 'NONE',  ( -9.949290217243156320, 14.39812781649352935, 54.29973272587356092 ) ) ;
#3504 = CARTESIAN_POINT ( 'NONE',  ( 40.54009808237017864, 50.80731605226542058, 56.56340469121504810 ) ) ;
#3505 = CARTESIAN_POINT ( 'NONE',  ( 45.51611842396481933, 53.08718453017636563, 58.00114532336355921 ) ) ;
#3506 = EDGE_CURVE ( 'NONE', #4063, #3767, #5371, .T. ) ;
#3507 = CARTESIAN_POINT ( 'NONE',  ( -0.8654541198580499861, 50.59247509345293281, 51.46841850548779718 ) ) ;
#3508 = CARTESIAN_POINT ( 'NONE',  ( 20.14857705339258231, -7.642105189579885050, 52.17543079966750241 ) ) ;
#3509 = CARTESIAN_POINT ( 'NONE',  ( -16.98105767306198999, 4.263739360675902645, 57.73807286964743213 ) ) ;
#3510 = CARTESIAN_POINT ( 'NONE',  ( -18.76510449139539816, 28.20087188881005602, 52.57952628100684933 ) ) ;
#3511 = CARTESIAN_POINT ( 'NONE',  ( 38.40048558630510911, -8.592529983285380979, 51.22576951723096528 ) ) ;
#3512 = PRESENTATION_LAYER_ASSIGNMENT (  '', '', ( #2797 ) ) ;
#3513 = CARTESIAN_POINT ( 'NONE',  ( 9.869946923284368623, -4.594965054110169866, 65.00000000000000000 ) ) ;
#3514 = VERTEX_POINT ( 'NONE', #1884 ) ;
#3515 = CARTESIAN_POINT ( 'NONE',  ( 14.05637376943298200, -24.47644791190838021, 58.88314853631950285 ) ) ;
#3516 = CARTESIAN_POINT ( 'NONE',  ( -82.00533284283525859, 17.46308315433746472, 57.88284797772963230 ) ) ;
#3517 = CARTESIAN_POINT ( 'NONE',  ( -26.48365867061550105, -79.55171296946636517, 53.24760837922804058 ) ) ;
#3518 = CARTESIAN_POINT ( 'NONE',  ( 15.61402737136267582, -75.15300473108335666, 57.36301114600968987 ) ) ;
#3519 = CARTESIAN_POINT ( 'NONE',  ( 18.78286444148623247, 21.07037793877451648, 56.29599067658210743 ) ) ;
#3520 = EDGE_LOOP ( 'NONE', ( #532, #6178, #2856, #3320 ) ) ;
#3521 = CARTESIAN_POINT ( 'NONE',  ( 9.738733976096034084, 14.11569375421281691, 58.52981589680160113 ) ) ;
#3522 = CARTESIAN_POINT ( 'NONE',  ( -8.769281359817357568, -81.99156061743758528, 54.27321375413737314 ) ) ;
#3523 = CARTESIAN_POINT ( 'NONE',  ( -55.12143328123931951, -27.34811972787952428, 51.08277336250046119 ) ) ;
#3524 = CARTESIAN_POINT ( 'NONE',  ( -46.40613324689044816, 2.348021035196359740, 58.64588163555792022 ) ) ;
#3525 = DIRECTION ( 'NONE',  ( 1.000000000000000000, 0.000000000000000000, 0.000000000000000000 ) ) ;
#3526 = AXIS2_PLACEMENT_3D ( 'NONE', #369, #6143, #1872 ) ;
#3527 = CARTESIAN_POINT ( 'NONE',  ( 17.41453355453221263, -1.740220607962640553, 53.43702409989456470 ) ) ;
#3528 = CARTESIAN_POINT ( 'NONE',  ( -37.05698278263010792, -62.57078533647156604, 53.83214885213003242 ) ) ;
#3529 = CARTESIAN_POINT ( 'NONE',  ( 10.13736751778045786, -17.10527202940661695, 57.31398685833438833 ) ) ;
#3530 = CARTESIAN_POINT ( 'NONE',  ( 63.85981159349080372, -31.28840119827754052, 51.71001648514654647 ) ) ;
#3531 = CARTESIAN_POINT ( 'NONE',  ( 72.71638102744223886, -0.8068958091241231756, 53.83214885213003242 ) ) ;
#3532 = CARTESIAN_POINT ( 'NONE',  ( -6.300784131894622497, 16.32803599203734990, 53.17093564077953260 ) ) ;
#3533 = CARTESIAN_POINT ( 'NONE',  ( -72.30651003300297930, 31.94810384492155464, 56.89829248759524205 ) ) ;
#3534 = CARTESIAN_POINT ( 'NONE',  ( 51.79816978069170119, 53.90032114813446640, 56.12483541061571657 ) ) ;
#3535 = CARTESIAN_POINT ( 'NONE',  ( -9.912270645552407444, 32.30171420326181675, 52.81248026945973351 ) ) ;
#3536 = FACE_OUTER_BOUND ( 'NONE', #5725, .T. ) ;
#3537 = CARTESIAN_POINT ( 'NONE',  ( -14.39532578782760375, 9.953797425137556942, 56.02395917361876343 ) ) ;
#3538 = CARTESIAN_POINT ( 'NONE',  ( -15.65180505375878006, 20.14431331676640724, 52.92284561929021436 ) ) ;
#3539 = CARTESIAN_POINT ( 'NONE',  ( 24.85031958191647661, -5.473217632948633060, 51.23395652105068621 ) ) ;
#3540 = B_SPLINE_CURVE_WITH_KNOTS ( 'NONE', 3,
 ( #2906, #2013, #1055, #3023 ),
 .UNSPECIFIED., .F., .F.,
 ( 4, 4 ),
 ( 0.000000000000000000, 1.000000000000000000 ),
 .UNSPECIFIED. ) ;
#3541 = CARTESIAN_POINT ( 'NONE',  ( 14.87084688585244585, -1.721867221625457578, 64.50000000000000000 ) ) ;
#3542 = ORIENTED_EDGE ( 'NONE', *, *, #5831, .F. ) ;
#3543 = CARTESIAN_POINT ( 'NONE',  ( 3.933340729079196851, -16.68909146198983606, 57.51853811206346023 ) ) ;
#3544 = CARTESIAN_POINT ( 'NONE',  ( -29.15106078633992581, 10.79455657126146839, 57.20034084860643731 ) ) ;
#3545 = CARTESIAN_POINT ( 'NONE',  ( -13.78580930594528553, -27.86179916829915371, 52.58082406396361819 ) ) ;
#3546 = B_SPLINE_SURFACE_WITH_KNOTS ( 'NONE', 3, 1, ( 
 ( #5297, #1842 ),
 ( #4882, #1876 ),
 ( #4787, #6313 ),
 ( #2895, #3819 ),
 ( #2446, #4339 ),
 ( #1468, #1940 ),
 ( #3786, #953 ),
 ( #1498, #22 ),
 ( #5331, #406 ),
 ( #5262, #3405 ),
 ( #2347, #2925 ),
 ( #505, #4401 ),
 ( #3434, #4821 ),
 ( #1972, #922 ),
 ( #1400, #4853 ),
 ( #6247, #6280 ),
 ( #5389, #2953 ),
 ( #3339, #5735 ),
 ( #2861, #1910 ) ),
 .UNSPECIFIED., .F., .F., .F.,
 ( 4, 1, 1, 1, 1, 1, 1, 1, 1, 1, 1, 1, 1, 1, 1, 1, 4 ),
 ( 2, 2 ),
 ( 0.000000000000000000, 0.07221874799288185987, 0.1394897657276684688, 0.2003699977303417534, 0.2564327255100086189, 0.3078035215508906908, 0.3536585165318466006, 0.3944199056460608310, 0.4301557059443434916, 0.4966662725087367392, 0.5620176176150516456, 0.6287545482746029757, 0.6974096406803552695, 0.7680791946526321912, 0.8413381260898062930, 0.9183362465478037695, 1.000000000000000000 ),
 ( 0.000000000000000000, 1.000000000000000000 ),
 .UNSPECIFIED. ) ;
#3547 = CARTESIAN_POINT ( 'NONE',  ( 16.28375919082886369, -74.75254988522607391, 57.40907933703689991 ) ) ;
#3548 = CARTESIAN_POINT ( 'NONE',  ( 19.22347766504805122, 12.11683648091467091, 54.95023995156724794 ) ) ;
#3549 = VERTEX_POINT ( 'NONE', #3828 ) ;
#3550 = CARTESIAN_POINT ( 'NONE',  ( -57.32329179534775676, -46.87247185455142073, 50.55469448342671512 ) ) ;
#3551 = CARTESIAN_POINT ( 'NONE',  ( -8.890332336356905785, -15.07502138203549791, 53.86852243276823771 ) ) ;
#3552 = CARTESIAN_POINT ( 'NONE',  ( 15.13585147499469841, 8.786541941386742494, 56.42381173042613085 ) ) ;
#3553 = CARTESIAN_POINT ( 'NONE',  ( -37.94219858491975828, 0.7751851787686637740, 58.79085162930192610 ) ) ;
#3554 = EDGE_CURVE ( 'NONE', #2410, #2310, #5778, .T. ) ;
#3555 = CARTESIAN_POINT ( 'NONE',  ( -47.02005643534499058, -65.22168402689581512, 51.80036149086982533 ) ) ;
#3556 = B_SPLINE_CURVE_WITH_KNOTS ( 'NONE', 3,
 ( #33, #4050, #1568, #3505, #4413, #1510, #1089, #5490, #4534, #1027, #1118, #610, #1537, #2550, #3054, #2015, #155, #1984, #5996, #3416, #5908, #518, #3929, #3959, #2937, #2966, #4920, #548, #3476, #5430, #1245, #5551, #4143, #5075, #2705, #3697, #5585, #1658, #4663, #3180, #2224, #2194, #5520, #1626, #765, #3664, #1690, #3632, #6027, #2163, #308, #2673, #3597, #1181, #1721, #734, #5647, #2255, #3115, #700, #6058, #4206, #276, #6089, #1279, #4177, #2643, #4631, #6120, #797, #1752, #3211, #670, #4596, #5169, #5137, #1213, #3566, #5614, #2734, #212, #4694, #1149, #244, #3083, #4111, #3146, #5106, #5045, #2612, #4565, #183, #2132, #4079, #5302, #6189, #927, #2321, #4792, #5234, #3244, #3760, #6221, #2800, #478, #1847, #3826, #1783, #4344, #2289, #1882, #4275 ),
 .UNSPECIFIED., .F., .F.,
 ( 4, 2, 1, 1, 1, 1, 2, 2, 2, 2, 1, 1, 1, 1, 2, 2, 2, 2, 1, 1, 1, 1, 2, 2, 2, 2, 1, 1, 1, 1, 1, 2, 2, 2, 2, 1, 1, 1, 1, 1, 2, 2, 2, 2, 1, 1, 1, 1, 1, 2, 2, 2, 1, 1, 1, 1, 1, 2, 2, 2, 2, 1, 1, 1, 1, 2, 2, 2, 2, 1, 1, 1, 1, 2, 2, 4 ),
 ( 0.000000000000000000, 0.06249999999998179234, 0.09374999999997292444, 0.1093749999999684142, 0.1171874999999661521, 0.1210937499999647782, 0.1230468749999642508, 0.1249999999999637235, 0.1874999999999480416, 0.2187499999999402978, 0.2343749999999365785, 0.2421874999999349687, 0.2460937499999339972, 0.2480468749999334976, 0.2490234374999332201, 0.2499999999999329425, 0.3124999999999205635, 0.3437499999999142353, 0.3593749999999110711, 0.3671874999999097389, 0.3710937499999090172, 0.3730468749999087397, 0.3740234374999087952, 0.3749999999999088507, 0.4374999999999117373, 0.4687499999999131806, 0.4843749999999139577, 0.4921874999999142908, 0.4960937499999142908, 0.4980468749999144018, 0.4990234374999145128, 0.4995117187499146794, 0.4999999999999147349, 0.5624999999999307221, 0.5937499999999387157, 0.6093749999999424904, 0.6171874999999442668, 0.6210937499999453770, 0.6230468749999459321, 0.6240234374999462652, 0.6245117187499462652, 0.6249999999999463762, 0.6874999999999561462, 0.7187499999999609201, 0.7343749999999632516, 0.7421874999999644729, 0.7460937499999651390, 0.7480468749999653610, 0.7490234374999654721, 0.7495117187499653610, 0.7499999999999653610, 0.7812499999999716893, 0.7968749999999747979, 0.8046874999999763522, 0.8085937499999770184, 0.8105468749999773515, 0.8115234374999775735, 0.8120117187499774625, 0.8124999999999774625, 0.8437499999999814593, 0.8593749999999833467, 0.8671874999999842348, 0.8710937499999846789, 0.8730468749999849010, 0.8740234374999850120, 0.8745117187499850120, 0.8749999999999851230, 0.9062499999999912292, 0.9218749999999943379, 0.9296874999999958922, 0.9335937499999966693, 0.9355468749999970024, 0.9365234374999973355, 0.9370117187499973355, 0.9374999999999974465, 1.000000000000000000 ),
 .UNSPECIFIED. ) ;
#3557 = CARTESIAN_POINT ( 'NONE',  ( 10.40140309572737465, -7.012289856171880054, 64.50000000000001421 ) ) ;
#3558 = CARTESIAN_POINT ( 'NONE',  ( -56.94258873453964753, -61.54187635298834635, 52.81986328090926008 ) ) ;
#3559 = CARTESIAN_POINT ( 'NONE',  ( 8.859152442374909953, -2.743801357677912556, 64.50000000000001421 ) ) ;
#3560 = LINE ( 'NONE', #1143, #4085 ) ;
#3561 = CARTESIAN_POINT ( 'NONE',  ( 68.36785166068895592, -27.18330766966118617, 52.07811171221963065 ) ) ;
#3562 = CARTESIAN_POINT ( 'NONE',  ( 33.75365147306876423, -2.851128333742282805, 53.48843740388856105 ) ) ;
#3563 = CARTESIAN_POINT ( 'NONE',  ( -5.975399707547373040, 16.44979714289164363, 53.07614270205875329 ) ) ;
#3564 = CARTESIAN_POINT ( 'NONE',  ( -17.41411182555430415, 1.734877796310216214, 58.43846410817654657 ) ) ;
#3565 = CARTESIAN_POINT ( 'NONE',  ( -2.952814665566723118, 20.29388996564349412, 52.09448097895743501 ) ) ;
#3566 = CARTESIAN_POINT ( 'NONE',  ( 14.99703103414638683, 25.23013978093664278, 58.83261529063600648 ) ) ;
#3567 = CARTESIAN_POINT ( 'NONE',  ( -5.680761828330846086, 24.86867218255991574, 52.46855717931578056 ) ) ;
#3568 = CARTESIAN_POINT ( 'NONE',  ( -48.73498523168179020, 2.939116738374557780, 58.59694213509978766 ) ) ;
#3569 = CARTESIAN_POINT ( 'NONE',  ( -4.337528604635843443, -16.95425990176061859, 53.55821104768276797 ) ) ;
#3570 = CARTESIAN_POINT ( 'NONE',  ( -6.590887847015781453, 27.51867456561026870, 50.89314544180442823 ) ) ;
#3571 = CARTESIAN_POINT ( 'NONE',  ( 33.14238224927377985, -21.39154006552007203, 49.54244708413773424 ) ) ;
#3572 =( GEOMETRIC_REPRESENTATION_CONTEXT ( 3 ) GLOBAL_UNCERTAINTY_ASSIGNED_CONTEXT ( ( #3861 ) ) GLOBAL_UNIT_ASSIGNED_CONTEXT ( ( #2783, #5320, #5352 ) ) REPRESENTATION_CONTEXT ( 'NONE', 'WORKASPACE' ) );
#3573 = CARTESIAN_POINT ( 'NONE',  ( 10.72687256869491179, -7.017771959592108644, 64.50000000000000000 ) ) ;
#3574 = ORIENTED_EDGE ( 'NONE', *, *, #5006, .T. ) ;
#3575 = CARTESIAN_POINT ( 'NONE',  ( 6.016677202089129928, -24.78934727895324386, 57.53407678286367144 ) ) ;
#3576 = CARTESIAN_POINT ( 'NONE',  ( -26.22458666069893241, 16.69099916167073516, 56.18688335627081898 ) ) ;
#3577 = CARTESIAN_POINT ( 'NONE',  ( -8.519476658678057035, -14.83299777454705115, 52.26353801707325886 ) ) ;
#3578 = CARTESIAN_POINT ( 'NONE',  ( -72.74067312914817762, 4.882318256282641045, 56.96102576407484719 ) ) ;
#3579 = CARTESIAN_POINT ( 'NONE',  ( 49.88852100422400326, 36.13016736979490418, 55.27352259880636609 ) ) ;
#3580 = EDGE_LOOP ( 'NONE', ( #4224, #77, #260, #2659 ) ) ;
#3581 = CARTESIAN_POINT ( 'NONE',  ( -31.17428917695557899, -77.15700977823470907, 52.94903657629062366 ) ) ;
#3582 = ADVANCED_FACE ( 'NONE', ( #3441 ), #1408, .T. ) ;
#3583 = CARTESIAN_POINT ( 'NONE',  ( -10.21214836748520227, -14.21289461069884652, 53.43776124430839047 ) ) ;
#3584 = CARTESIAN_POINT ( 'NONE',  ( -44.30042652149809612, -28.79417709085278076, 50.03130117827907242 ) ) ;
#3585 = CARTESIAN_POINT ( 'NONE',  ( 14.43499210631363106, 9.895889376097088075, 56.78195309844568328 ) ) ;
#3586 = CARTESIAN_POINT ( 'NONE',  ( -57.75623615770631147, 6.377359217360112353, 58.36041397757145432 ) ) ;
#3587 = CARTESIAN_POINT ( 'NONE',  ( 9.466010162775553738, -78.23162511040503375, 55.35674122148739684 ) ) ;
#3588 = CARTESIAN_POINT ( 'NONE',  ( -72.11041259816224169, 15.52887021161716063, 57.87242576151191287 ) ) ;
#3589 = CARTESIAN_POINT ( 'NONE',  ( -14.33631750472097011, -17.62862918826830949, 53.14147951347476351 ) ) ;
#3590 = PLANE ( 'NONE',  #5516 ) ;
#3591 = DIRECTION ( 'NONE',  ( 0.000000000000000000, -1.000000000000000000, 0.000000000000000000 ) ) ;
#3592 = CARTESIAN_POINT ( 'NONE',  ( 25.54860962839979521, -12.00327700668480446, 51.79775033233073600 ) ) ;
#3593 = VECTOR ( 'NONE', #4420, 1000.000000000000000 ) ;
#3594 = FACE_OUTER_BOUND ( 'NONE', #4216, .T. ) ;
#3595 = CARTESIAN_POINT ( 'NONE',  ( 11.36154015399419315, -20.53710385449135956, 57.18055883981502063 ) ) ;
#3596 = CARTESIAN_POINT ( 'NONE',  ( -3.189047993013222282, 20.75223048007030968, 52.13248259579042099 ) ) ;
#3597 = CARTESIAN_POINT ( 'NONE',  ( 21.34367108461426099, 34.64025714166963610, 58.75166930979855096 ) ) ;
#3598 = CARTESIAN_POINT ( 'NONE',  ( -0.1068722336726303374, 17.14745621556291511, 51.44309284680041827 ) ) ;
#3599 = DIRECTION ( 'NONE',  ( -1.000000000000000000, 0.000000000000000000, 0.000000000000000000 ) ) ;
#3600 = CARTESIAN_POINT ( 'NONE',  ( 20.71005266066926609, 14.78658089004771981, 56.85784167508757037 ) ) ;
#3601 = CARTESIAN_POINT ( 'NONE',  ( 10.72687256869491179, -7.017771959592108644, 64.50000000000000000 ) ) ;
#3602 = CARTESIAN_POINT ( 'NONE',  ( -12.62300858379388124, 22.09557850592119621, 52.24775644589771417 ) ) ;
#3603 = CARTESIAN_POINT ( 'NONE',  ( 1.436424072653192496, 68.00758149812523357, 51.28499583116591509 ) ) ;
#3604 = CARTESIAN_POINT ( 'NONE',  ( -6.776755358573877785, 38.20920434704207480, 52.22612276750729166 ) ) ;
#3605 = VERTEX_POINT ( 'NONE', #1443 ) ;
#3606 = CARTESIAN_POINT ( 'NONE',  ( 12.33961005133074096, -25.46750110541777445, 58.54854061640921259 ) ) ;
#3607 = CARTESIAN_POINT ( 'NONE',  ( -24.47654308785267929, 7.184078336096866302, 57.53407678286367144 ) ) ;
#3608 = CARTESIAN_POINT ( 'NONE',  ( -32.54126369359357795, -65.23678979820473955, 52.57299127088860047 ) ) ;
#3609 = COLOUR_RGB ( '',0.7921568627450980005, 0.8196078431372548767, 0.9333333333333333481 ) ;
#3610 = CARTESIAN_POINT ( 'NONE',  ( -50.12468427749391964, 6.917756824582582453, 56.62585560515433514 ) ) ;
#3611 = CARTESIAN_POINT ( 'NONE',  ( 29.92553830224011335, 15.87039452271790729, 54.60391933889265914 ) ) ;
#3612 = CARTESIAN_POINT ( 'NONE',  ( -17.29291482147455383, 3.367937249741035810, 56.33320971472739558 ) ) ;
#3613 = ORIENTED_EDGE ( 'NONE', *, *, #2534, .T. ) ;
#3614 = CARTESIAN_POINT ( 'NONE',  ( 4.041553302734055997, -80.09866646210380736, 56.62521405717382095 ) ) ;
#3615 = CARTESIAN_POINT ( 'NONE',  ( -11.39702472717879722, -13.28168733003258062, 53.02643048380596014 ) ) ;
#3616 = CARTESIAN_POINT ( 'NONE',  ( 14.46405767294819888, 9.853203382837905977, 56.76786141142856223 ) ) ;
#3617 = CARTESIAN_POINT ( 'NONE',  ( -21.09812464872794635, 1.068606916701582366, 58.66172701503689524 ) ) ;
#3618 = EDGE_CURVE ( 'NONE', #2278, #2172, #5701, .T. ) ;
#3619 = CARTESIAN_POINT ( 'NONE',  ( 0.5146737535911896089, -81.02912562013415254, 54.81125473223733024 ) ) ;
#3620 = CARTESIAN_POINT ( 'NONE',  ( 9.480747853020494276, -6.863973954786521503, 65.00000000000002842 ) ) ;
#3621 = CARTESIAN_POINT ( 'NONE',  ( -24.76732821782159633, -23.10687364545847089, 52.47460046933495192 ) ) ;
#3622 = CARTESIAN_POINT ( 'NONE',  ( -11.82660678588655223, -12.90314191872580452, 52.87022564120865553 ) ) ;
#3623 = CARTESIAN_POINT ( 'NONE',  ( 9.705189891337029806, -29.44971169536718492, 56.29428525618914847 ) ) ;
#3624 = CARTESIAN_POINT ( 'NONE',  ( 69.92098004167471004, 40.83909446705009572, 56.40866077545646107 ) ) ;
#3625 = CARTESIAN_POINT ( 'NONE',  ( 51.76412897502462584, -33.66581306880406999, 51.13407788442508917 ) ) ;
#3626 = CARTESIAN_POINT ( 'NONE',  ( 23.35516298756069276, -53.20704734822695769, 58.36041397757145432 ) ) ;
#3627 = CARTESIAN_POINT ( 'NONE',  ( -5.785695621841048464, 16.51729519855017969, 53.02120569031413311 ) ) ;
#3628 = VECTOR ( 'NONE', #5696, 1000.000000000000000 ) ;
#3629 = EDGE_CURVE ( 'NONE', #4389, #2341, #5961, .T. ) ;
#3630 = CARTESIAN_POINT ( 'NONE',  ( 17.03880404761343215, -29.94410303356883318, 57.24455657426958766 ) ) ;
#3631 = CARTESIAN_POINT ( 'NONE',  ( -5.049276146349186867, 25.26934656191916417, 52.33829973444128569 ) ) ;
#3632 = CARTESIAN_POINT ( 'NONE',  ( 25.23120861758913236, 39.00943626533970843, 58.64603652315511795 ) ) ;
#3633 = CARTESIAN_POINT ( 'NONE',  ( -0.2711442582281620162, 1.286074194254045899, 64.50000000000000000 ) ) ;
#3634 = CARTESIAN_POINT ( 'NONE',  ( -44.04273566769861503, 1.748153344164810052, 58.69554727732040789 ) ) ;
#3635 = CARTESIAN_POINT ( 'NONE',  ( 56.42334029639572890, 24.71126916313117050, 55.85675873071930653 ) ) ;
#3636 =( NAMED_UNIT ( * ) SI_UNIT ( $, .STERADIAN. ) SOLID_ANGLE_UNIT ( ) );
#3637 = CARTESIAN_POINT ( 'NONE',  ( -7.685214280383561913, 24.25761686657594041, 51.23395652105068621 ) ) ;
#3638 = CARTESIAN_POINT ( 'NONE',  ( 63.82562600362108896, -35.22779869441252742, 49.87319817699949454 ) ) ;
#3639 = CARTESIAN_POINT ( 'NONE',  ( -6.805391801910564809, 33.85375876494981640, 52.33441578904987779 ) ) ;
#3640 = ORIENTED_EDGE ( 'NONE', *, *, #4972, .T. ) ;
#3641 = CARTESIAN_POINT ( 'NONE',  ( 48.58869952236868528, -26.93052663673523028, 51.46943105281184216 ) ) ;
#3642 = CARTESIAN_POINT ( 'NONE',  ( -3.226325237175830640, -28.04252529789530257, 55.84776617424270739 ) ) ;
#3643 = CARTESIAN_POINT ( 'NONE',  ( -15.07583359447652960, 13.04328830673261308, 55.50068522107502389 ) ) ;
#3644 = CARTESIAN_POINT ( 'NONE',  ( -9.719942746213428464, -38.23296269766610322, 53.58913800686033824 ) ) ;
#3645 = CARTESIAN_POINT ( 'NONE',  ( -83.84052000475162458, -0.2620500061752589205, 57.29691606070890231 ) ) ;
#3646 = CARTESIAN_POINT ( 'NONE',  ( 16.45735988360664948, 4.818578012906962194, 53.61327315669729643 ) ) ;
#3647 = CARTESIAN_POINT ( 'NONE',  ( -1.595187813339637550, 17.42771014800366203, 50.74273681774022293 ) ) ;
#3648 = ORIENTED_EDGE ( 'NONE', *, *, #2928, .T. ) ;
#3649 = CARTESIAN_POINT ( 'NONE',  ( -20.53527858912261550, -80.79406330158755623, 53.59357610256688531 ) ) ;
#3650 = CARTESIAN_POINT ( 'NONE',  ( -11.41572509550070436, -13.26561452973689015, 53.01970282873328699 ) ) ;
#3651 = CARTESIAN_POINT ( 'NONE',  ( -16.47154283766544935, -13.89348324017236358, 50.61303042370089855 ) ) ;
#3652 = CARTESIAN_POINT ( 'NONE',  ( 11.81065690287004699, 12.92447273590541812, 57.87741200784859075 ) ) ;
#3653 = CARTESIAN_POINT ( 'NONE',  ( -28.33691771388532388, 0.4010677722204155637, 58.82644423514002341 ) ) ;
#3654 = CARTESIAN_POINT ( 'NONE',  ( -57.32329179534775676, -46.87247185455142073, 50.55469448342671512 ) ) ;
#3655 = CARTESIAN_POINT ( 'NONE',  ( 8.919368139579766819, -6.665220408427577681, 65.00000000000001421 ) ) ;
#3656 = CARTESIAN_POINT ( 'NONE',  ( -34.31556639795255137, -37.01385394081535907, 52.81706546551866666 ) ) ;
#3657 = CARTESIAN_POINT ( 'NONE',  ( 74.44970095654785780, -19.54983704122076205, 52.65865656029276920 ) ) ;
#3658 = EDGE_CURVE ( 'NONE', #4638, #2028, #5932, .T. ) ;
#3659 = CARTESIAN_POINT ( 'NONE',  ( 42.04284863181433707, -16.11154729778338179, 52.14067247597103005 ) ) ;
#3660 = CARTESIAN_POINT ( 'NONE',  ( 23.59387127821601737, -58.08373242572805850, 58.22794392434304456 ) ) ;
#3661 = SURFACE_STYLE_FILL_AREA ( #5072 ) ;
#3662 = CARTESIAN_POINT ( 'NONE',  ( 22.35123703323790778, -46.04972702832255038, 58.54148984474308293 ) ) ;
#3663 = CARTESIAN_POINT ( 'NONE',  ( -6.361738892244635402, 30.51691989052302745, 52.37340449331178860 ) ) ;
#3664 = CARTESIAN_POINT ( 'NONE',  ( 25.24895596028364508, 39.02764645267704680, 58.64551817943234369 ) ) ;
#3665 = CARTESIAN_POINT ( 'NONE',  ( 15.88884191858822348, -7.335892951071042667, 50.75775586128347783 ) ) ;
#3666 = CARTESIAN_POINT ( 'NONE',  ( 49.16992600338874553, -27.77960374852029091, 49.82219913490505547 ) ) ;
#3667 = EDGE_CURVE ( 'NONE', #2712, #1566, #2069, .T. ) ;
#3668 = CARTESIAN_POINT ( 'NONE',  ( 76.78729682693715120, 33.66832878760017422, 55.85759323522263031 ) ) ;
#3669 = CARTESIAN_POINT ( 'NONE',  ( -7.845995505269756087, 32.95130163199481643, 50.89034316874777630 ) ) ;
#3670 = CARTESIAN_POINT ( 'NONE',  ( 19.15151513981599862, -12.22375772378963710, 49.55456400886723856 ) ) ;
#3671 = CARTESIAN_POINT ( 'NONE',  ( 7.282094857986372460, 64.19868636323080580, 50.84782201340048147 ) ) ;
#3672 = ORIENTED_EDGE ( 'NONE', *, *, #4850, .T. ) ;
#3673 = CARTESIAN_POINT ( 'NONE',  ( 14.13760996946858839, -5.322602803030243024, 65.00000000000000000 ) ) ;
#3674 = CARTESIAN_POINT ( 'NONE',  ( -2.483450000638110389, -61.70115758196211431, 56.19425227943001033 ) ) ;
#3675 = CARTESIAN_POINT ( 'NONE',  ( -38.52070528385102932, 32.81027312490800085, 55.51766034713092068 ) ) ;
#3676 = CARTESIAN_POINT ( 'NONE',  ( -22.78669784011478683, -38.70279252267711456, 52.23826463978470969 ) ) ;
#3677 = EDGE_CURVE ( 'NONE', #4057, #4087, #576, .T. ) ;
#3678 = AXIS2_PLACEMENT_3D ( 'NONE', #1589, #2544, #5039 ) ;
#3679 = CARTESIAN_POINT ( 'NONE',  ( -43.29584508122437825, 12.35354476929421885, 55.95170618795496154 ) ) ;
#3680 = CARTESIAN_POINT ( 'NONE',  ( 15.57450966499850509, 7.072529667342791093, 54.28795307882123922 ) ) ;
#3681 = CARTESIAN_POINT ( 'NONE',  ( -65.67354097173800653, 50.22283873397215359, 54.16475837536745530 ) ) ;
#3682 = ORIENTED_EDGE ( 'NONE', *, *, #3554, .T. ) ;
#3683 = DIRECTION ( 'NONE',  ( 0.000000000000000000, -0.000000000000000000, -1.000000000000000000 ) ) ;
#3684 = CARTESIAN_POINT ( 'NONE',  ( -10.18174918191121670, -14.23469542470575711, 53.44796917040507367 ) ) ;
#3685 = CARTESIAN_POINT ( 'NONE',  ( 16.71084350235718219, 5.299773210044582683, 55.37921517591946952 ) ) ;
#3686 = CARTESIAN_POINT ( 'NONE',  ( -24.73555367632995683, 0.6285692961228724895, 58.77637507711369125 ) ) ;
#3687 = DIRECTION ( 'NONE',  ( -0.000000000000000000, -0.000000000000000000, -1.000000000000000000 ) ) ;
#3688 = CARTESIAN_POINT ( 'NONE',  ( 12.45751961059725588, -3.558121521425606559, 64.50000000000000000 ) ) ;
#3689 = CARTESIAN_POINT ( 'NONE',  ( -19.88073551040502807, -15.98516996109256283, 52.13092693210136019 ) ) ;
#3690 = CARTESIAN_POINT ( 'NONE',  ( -13.07980703806662248, -11.62887136428022039, 52.38248934323307537 ) ) ;
#3691 = CARTESIAN_POINT ( 'NONE',  ( 73.65597761904410845, 36.07012155448652635, 56.05894401075999411 ) ) ;
#3692 = LINE ( 'NONE', #302, #2614 ) ;
#3693 = CARTESIAN_POINT ( 'NONE',  ( 23.21679120654227546, -65.96170710190278896, 58.00114532336356632 ) ) ;
#3694 = CARTESIAN_POINT ( 'NONE',  ( 14.09925431036829835, 21.26170076514198470, 56.97300103043404107 ) ) ;
#3695 = CARTESIAN_POINT ( 'NONE',  ( 20.50742262809204774, -39.01620461247231475, 58.69554727732040789 ) ) ;
#3696 = CARTESIAN_POINT ( 'NONE',  ( -6.821860511803318872, 37.04557666251410808, 52.25813829250940046 ) ) ;
#3697 = CARTESIAN_POINT ( 'NONE',  ( 29.59881365952221444, 43.11326568460431474, 58.51325196525990435 ) ) ;
#3698 = FACE_OUTER_BOUND ( 'NONE', #3353, .T. ) ;
#3699 = CARTESIAN_POINT ( 'NONE',  ( 35.62145325677391128, -12.46074186952075102, 50.66906094903136903 ) ) ;
#3700 = CARTESIAN_POINT ( 'NONE',  ( 64.51106345979745527, 53.88268816683028462, 57.20771838594077963 ) ) ;
#3701 = CARTESIAN_POINT ( 'NONE',  ( -19.25298061335708866, 81.81887545787876093, 50.88491505643936108 ) ) ;
#3702 = B_SPLINE_CURVE_WITH_KNOTS ( 'NONE', 3,
 ( #1325, #3263, #2308, #4263, #3509, #5494, #4023, #1185, #1121, #705, #5017, #5464, #3398, #5969, #1093, #5079, #1932, #3029, #3910, #2616, #4569, #978, #6305, #158, #2647, #4053, #498, #4985, #3119, #2076, #613, #1152, #2135, #1599, #3537, #3057, #1964, #5860, #3878, #644, #5829, #5556, #3088, #5049, #2585, #2553, #186 ),
 .UNSPECIFIED., .F., .F.,
 ( 4, 2, 2, 2, 1, 1, 1, 1, 1, 1, 1, 2, 2, 2, 2, 2, 1, 1, 1, 2, 2, 2, 2, 2, 1, 1, 1, 2, 2, 4 ),
 ( 0.000000000000000000, 0.1250000000002912393, 0.2500000000005824785, 0.3750000000008737455, 0.4375000000010192402, 0.4687500000010921264, 0.4843750000011283197, 0.4921875000011466383, 0.4960937500011555756, 0.4980468750011597945, 0.4990234375011617374, 0.4995117187511624035, 0.5000000000011629586, 0.5625000000010368373, 0.5937500000009737766, 0.6093750000009422463, 0.6171875000009263701, 0.6210937500009183765, 0.6230468750009141576, 0.6240234375009122703, 0.6250000000009102719, 0.6875000000007767120, 0.7187500000007096546, 0.7343750000006761258, 0.7421875000006592504, 0.7460937500006510348, 0.7480468750006467049, 0.7490234375006441514, 0.7500000000006415979, 1.000000000000000000 ),
 .UNSPECIFIED. ) ;
#3703 = CARTESIAN_POINT ( 'NONE',  ( 22.61732746871403066, -16.85486733547244143, 49.21654287866902422 ) ) ;
#3704 = CARTESIAN_POINT ( 'NONE',  ( 65.63136765704146569, -29.81139800876469437, 51.84988499620597935 ) ) ;
#3705 = EDGE_CURVE ( 'NONE', #5863, #2773, #1176, .T. ) ;
#3706 = ORIENTED_EDGE ( 'NONE', *, *, #1368, .F. ) ;
#3707 = CARTESIAN_POINT ( 'NONE',  ( 50.42792511256178045, -31.46241286725816977, 51.22337413280343554 ) ) ;
#3708 = CARTESIAN_POINT ( 'NONE',  ( 0.3260517068396657225, -17.14576653590906119, 56.50407694535660852 ) ) ;
#3709 = CARTESIAN_POINT ( 'NONE',  ( -48.20081209076047202, 54.45190761256144185, 54.84470863879021607 ) ) ;
#3710 = CARTESIAN_POINT ( 'NONE',  ( -17.56918783524739069, -25.64512179352032817, 51.90547714402151769 ) ) ;
#3711 = CARTESIAN_POINT ( 'NONE',  ( -71.14480530751200149, 15.05655842577970738, 56.28598928415889446 ) ) ;
#3712 = CARTESIAN_POINT ( 'NONE',  ( 33.08167750760135561, 6.878734610085958323, 53.25431728757332195 ) ) ;
#3713 = CARTESIAN_POINT ( 'NONE',  ( -53.25435263211041814, 64.11662779929551448, 53.09145647474797158 ) ) ;
#3714 = VERTEX_POINT ( 'NONE', #2545 ) ;
#3715 = CARTESIAN_POINT ( 'NONE',  ( 0.5146737535911896089, -81.02912562013415254, 54.81125473223733024 ) ) ;
#3716 = AXIS2_PLACEMENT_3D ( 'NONE', #4933, #1995, #2595 ) ;
#3717 = CARTESIAN_POINT ( 'NONE',  ( -2.550631437715342731, -6.692130933951083271, 64.50000000000000000 ) ) ;
#3718 = CARTESIAN_POINT ( 'NONE',  ( -28.45266850999657748, 0.3971317667285509945, 58.82728515349337783 ) ) ;
#3719 = CARTESIAN_POINT ( 'NONE',  ( 20.90298450632160865, -7.726081415037999278, 52.21100382027304221 ) ) ;
#3720 = CARTESIAN_POINT ( 'NONE',  ( 4.287830100746195860, 6.007869066048916018, 64.50000000000000000 ) ) ;
#3721 = CARTESIAN_POINT ( 'NONE',  ( -17.72857340950463723, -14.21312513911196440, 52.12795244251434212 ) ) ;
#3722 = CARTESIAN_POINT ( 'NONE',  ( -37.87280230167913686, -27.92645614459602399, 51.91704112822447570 ) ) ;
#3723 = CARTESIAN_POINT ( 'NONE',  ( 77.10298501376274771, -15.07627091183308110, 52.96391442944871386 ) ) ;
#3724 = CARTESIAN_POINT ( 'NONE',  ( 24.70257134854889713, -13.80411235453434671, 51.46159924297308663 ) ) ;
#3725 = CARTESIAN_POINT ( 'NONE',  ( 18.82016390020340069, -34.52173269313255588, 58.77181310104167977 ) ) ;
#3726 = CARTESIAN_POINT ( 'NONE',  ( 10.37041125795721719, 13.65654720716925929, 56.65228358392216279 ) ) ;
#3727 = CARTESIAN_POINT ( 'NONE',  ( 0.000000000000000000, 0.000000000000000000, 62.00000000000000000 ) ) ;
#3728 = CARTESIAN_POINT ( 'NONE',  ( 17.50025780774263851, -0.1870547281196594525, 53.86161587903261960 ) ) ;
#3729 = CARTESIAN_POINT ( 'NONE',  ( 2.273782341019515929, 16.93565898095663869, 50.77750253794508950 ) ) ;
#3730 = CARTESIAN_POINT ( 'NONE',  ( -13.29678528386918934, -6.692130933951083271, 64.50000000000000000 ) ) ;
#3731 = CARTESIAN_POINT ( 'NONE',  ( 26.48029985423664101, 16.28370666858457128, 56.52448333621162391 ) ) ;
#3732 = CARTESIAN_POINT ( 'NONE',  ( -3.116443787434357571, 33.64535358450390845, 50.21637383136014421 ) ) ;
#3733 = CARTESIAN_POINT ( 'NONE',  ( -20.29419496073008489, 74.25025085313565398, 52.65865656029275499 ) ) ;
#3734 = CARTESIAN_POINT ( 'NONE',  ( -6.819064649059646044, 31.64590394588650568, 50.78700973435833532 ) ) ;
#3735 = ORIENTED_EDGE ( 'NONE', *, *, #4031, .F. ) ;
#3736 = CARTESIAN_POINT ( 'NONE',  ( 8.705782947241671010, 14.72201537050692366, 58.86410571301635741 ) ) ;
#3737 = CARTESIAN_POINT ( 'NONE',  ( 0.5547706811373125380, -22.71678986036758019, 56.51692912744288577 ) ) ;
#3738 = CARTESIAN_POINT ( 'NONE',  ( -18.83341116366556989, 24.73095297937251047, 54.49995533600653630 ) ) ;
#3739 = CARTESIAN_POINT ( 'NONE',  ( -19.69412252105933803, -16.21448098704707164, 50.55834145294843296 ) ) ;
#3740 = EDGE_CURVE ( 'NONE', #3775, #368, #2794, .T. ) ;
#3741 = CARTESIAN_POINT ( 'NONE',  ( -17.65728579945223586, 9.255640939588534621, 54.95398453882501855 ) ) ;
#3742 = CARTESIAN_POINT ( 'NONE',  ( 66.56364123320290105, 29.28473098663693364, 54.26045869220656215 ) ) ;
#3743 = CARTESIAN_POINT ( 'NONE',  ( -62.15859606774572654, 55.37836982445953282, 53.80701926459656192 ) ) ;
#3744 = ORIENTED_EDGE ( 'NONE', *, *, #1803, .T. ) ;
#3745 = CARTESIAN_POINT ( 'NONE',  ( 15.01353609337150452, -30.36622090423592368, 56.96716902491714052 ) ) ;
#3746 = CARTESIAN_POINT ( 'NONE',  ( 15.00000000000000000, 1.836970198721029589E-15, 65.00000000000000000 ) ) ;
#3747 = CARTESIAN_POINT ( 'NONE',  ( -14.21359855465954958, -10.20953970798669985, 50.22821245501211962 ) ) ;
#3748 = VERTEX_POINT ( 'NONE', #6215 ) ;
#3749 = VERTEX_POINT ( 'NONE', #986 ) ;
#3750 = CARTESIAN_POINT ( 'NONE',  ( 21.59683945549189588, -7.803937452261187069, 52.24462232241980786 ) ) ;
#3751 = CARTESIAN_POINT ( 'NONE',  ( 49.42692578871099585, 54.75429786267832100, 56.27576660695997646 ) ) ;
#3752 = CARTESIAN_POINT ( 'NONE',  ( -68.62114378581649987, -48.17678802930551285, 51.80725477254758005 ) ) ;
#3753 = CARTESIAN_POINT ( 'NONE',  ( 9.869946923284368623, -4.594965054110169866, 64.50000000000000000 ) ) ;
#3754 = CARTESIAN_POINT ( 'NONE',  ( 80.77445746527499182, 20.72040095897090595, 55.08359173788141305 ) ) ;
#3755 = ADVANCED_FACE ( 'NONE', ( #3307 ), #3546, .T. ) ;
#3756 = CARTESIAN_POINT ( 'NONE',  ( 51.95664585115466849, -38.40582232139914964, 50.84782201340048147 ) ) ;
#3757 = CARTESIAN_POINT ( 'NONE',  ( 23.46797720609722404, -63.00930662468749688, 58.08787893572130656 ) ) ;
#3758 = CARTESIAN_POINT ( 'NONE',  ( -17.49999999999999645, 0.000000000000000000, 65.00000000000000000 ) ) ;
#3759 = CARTESIAN_POINT ( 'NONE',  ( -6.258123584372305537, 42.41729454778592157, 52.08734676527293317 ) ) ;
#3760 = CARTESIAN_POINT ( 'NONE',  ( 11.71684587570840996, 18.34533782472168184, 58.68837779677702571 ) ) ;
#3761 = CARTESIAN_POINT ( 'NONE',  ( 6.208602757097311020, 50.06322484539803241, 50.80028883450233934 ) ) ;
#3762 = CARTESIAN_POINT ( 'NONE',  ( -26.80710918542522236, 74.15322891200914057, 51.43838967176840526 ) ) ;
#3763 = CARTESIAN_POINT ( 'NONE',  ( 27.68156287237852808, 5.525771598384197070, 54.83567357649359053 ) ) ;
#3764 = CARTESIAN_POINT ( 'NONE',  ( 6.059627358789462903, 50.08140663982899099, 49.20734321300414393 ) ) ;
#3765 = CARTESIAN_POINT ( 'NONE',  ( -70.97004697066009271, 38.04893812264648290, 56.53496325371998665 ) ) ;
#3766 = CARTESIAN_POINT ( 'NONE',  ( 60.78756968273653172, -33.58780092210877655, 49.87406890324733411 ) ) ;
#3767 = VERTEX_POINT ( 'NONE', #3854 ) ;
#3768 = CARTESIAN_POINT ( 'NONE',  ( 46.89558656223287159, 69.75781080834460113, 58.55811611231557379 ) ) ;
#3769 = CARTESIAN_POINT ( 'NONE',  ( -1.643512926910438265, -39.41464842635297572, 56.19077271154683473 ) ) ;
#3770 = CARTESIAN_POINT ( 'NONE',  ( -24.12291197686849031, 23.78052056462756525, 55.17595818106877914 ) ) ;
#3771 = CARTESIAN_POINT ( 'NONE',  ( -15.26625631606391131, -16.75265511229976312, 51.23683464244624020 ) ) ;
#3772 = CARTESIAN_POINT ( 'NONE',  ( -20.75009231031838652, 9.121147060535946594, 55.28824202871574300 ) ) ;
#3773 = CARTESIAN_POINT ( 'NONE',  ( 30.80263208563741273, 4.185138301400385785, 52.91823907506450553 ) ) ;
#3774 = CARTESIAN_POINT ( 'NONE',  ( 12.45751961059725588, -3.558121521425606559, 65.00000000000000000 ) ) ;
#3775 = VERTEX_POINT ( 'NONE', #5805 ) ;
#3776 = CARTESIAN_POINT ( 'NONE',  ( 20.77996249607788570, -71.80869147368579775, 56.12483541061571657 ) ) ;
#3777 = CARTESIAN_POINT ( 'NONE',  ( 8.011270716018108473, -24.15212470347734808, 56.29896535718144435 ) ) ;
#3778 = CARTESIAN_POINT ( 'NONE',  ( -48.64280555497850145, -28.69260314687533509, 49.82219913490505547 ) ) ;
#3779 = CARTESIAN_POINT ( 'NONE',  ( -56.58794093423832550, -49.16295093494755974, 52.30058930968790776 ) ) ;
#3780 = ORIENTED_EDGE ( 'NONE', *, *, #514, .T. ) ;
#3781 = CARTESIAN_POINT ( 'NONE',  ( 18.93116851737800843, -7.584195869475966134, 52.08551553382709187 ) ) ;
#3782 = DIRECTION ( 'NONE',  ( 1.000000000000000000, 0.000000000000000000, 0.000000000000000000 ) ) ;
#3783 = EDGE_CURVE ( 'NONE', #1804, #4847, #3371, .T. ) ;
#3784 = CARTESIAN_POINT ( 'NONE',  ( -19.54591027910786138, -11.58766384208905365, 51.45585558190032316 ) ) ;
#3785 = CARTESIAN_POINT ( 'NONE',  ( 9.644659062115540138, -4.480121974436917398, 64.49999999999998579 ) ) ;
#3786 = CARTESIAN_POINT ( 'NONE',  ( 8.919138778303132398, -3.340272928943905928, 64.50000000000000000 ) ) ;
#3787 = CARTESIAN_POINT ( 'NONE',  ( -5.747178587853627896, 16.65406318586344980, 51.33820897623416357 ) ) ;
#3788 = CARTESIAN_POINT ( 'NONE',  ( 9.739505531358931378, -18.95154341101068241, 58.66963034093669904 ) ) ;
#3789 = CARTESIAN_POINT ( 'NONE',  ( 23.26618518417208037, -50.83067570869028629, 56.82745588964370143 ) ) ;
#3790 = CARTESIAN_POINT ( 'NONE',  ( -4.076270663654287141, 49.78437167388076290, 51.77619439544046287 ) ) ;
#3791 = CARTESIAN_POINT ( 'NONE',  ( 12.56691117760688314, -2.790466606327566712, 64.50000000000000000 ) ) ;
#3792 = CARTESIAN_POINT ( 'NONE',  ( 14.86089053013122729, -2.441179680035010069, 64.50000000000000000 ) ) ;
#3793 = FACE_OUTER_BOUND ( 'NONE', #5654, .T. ) ;
#3794 = CARTESIAN_POINT ( 'NONE',  ( 33.12651372518811144, 6.659461605696324504, 54.83858653966983354 ) ) ;
#3795 = CARTESIAN_POINT ( 'NONE',  ( -5.489252008688362494, 33.42552311523528630, 50.55264954394068155 ) ) ;
#3796 = CARTESIAN_POINT ( 'NONE',  ( -19.91040168116857600, 74.22921825660620243, 52.63601075250898020 ) ) ;
#3797 = CARTESIAN_POINT ( 'NONE',  ( 60.58607214844853672, 49.11011674229030177, 57.13596428306953356 ) ) ;
#3798 = ORIENTED_EDGE ( 'NONE', *, *, #2845, .F. ) ;
#3799 = CARTESIAN_POINT ( 'NONE',  ( 15.28099331427414320, 16.73947976223940515, 57.86866510495639915 ) ) ;
#3800 = CARTESIAN_POINT ( 'NONE',  ( -19.42309373619625390, -46.72377948895334754, 54.50542979761151230 ) ) ;
#3801 = VECTOR ( 'NONE', #2749, 1000.000000000000000 ) ;
#3802 = CARTESIAN_POINT ( 'NONE',  ( -12.36590273828429787, 22.24048206195102395, 53.82030200760799943 ) ) ;
#3803 = CARTESIAN_POINT ( 'NONE',  ( -19.06395428700164274, -20.81614335495456558, 51.23107839965513222 ) ) ;
#3804 = CARTESIAN_POINT ( 'NONE',  ( -14.61561770034487751, 8.968369993004179364, 54.62538764596472873 ) ) ;
#3805 = CARTESIAN_POINT ( 'NONE',  ( 17.10251390862788057, 1.248136522379171387, 52.60124615341036503 ) ) ;
#3806 = CARTESIAN_POINT ( 'NONE',  ( 6.567317280233374355, -1.568372921130570363, 64.50000000000000000 ) ) ;
#3807 = ORIENTED_EDGE ( 'NONE', *, *, #783, .T. ) ;
#3808 = CARTESIAN_POINT ( 'NONE',  ( 82.40707513647330984, 11.58077851695192351, 52.94903657629062366 ) ) ;
#3809 = LINE ( 'NONE', #3330, #1953 ) ;
#3810 = CARTESIAN_POINT ( 'NONE',  ( 8.940509304307164840, -17.81941228235540109, 56.97967054101557238 ) ) ;
#3811 = DIRECTION ( 'NONE',  ( -0.000000000000000000, -0.000000000000000000, -1.000000000000000000 ) ) ;
#3812 = CARTESIAN_POINT ( 'NONE',  ( -45.46486459233482691, -66.83450781590489953, 53.53257476294849226 ) ) ;
#3813 = ORIENTED_EDGE ( 'NONE', *, *, #2962, .T. ) ;
#3814 = ORIENTED_EDGE ( 'NONE', *, *, #1637, .T. ) ;
#3815 = CARTESIAN_POINT ( 'NONE',  ( 16.30254481195175487, 6.679443822297661093, 54.11321900989538136 ) ) ;
#3816 = CARTESIAN_POINT ( 'NONE',  ( 6.726032919424259404, -3.881355986052619667, 64.50000000000000000 ) ) ;
#3817 = CARTESIAN_POINT ( 'NONE',  ( -52.92559782310169680, -31.81293006682441060, 51.46976822717762445 ) ) ;
#3818 = CARTESIAN_POINT ( 'NONE',  ( -16.69254575926543183, -13.62812698355616980, 52.17543079966750241 ) ) ;
#3819 = CARTESIAN_POINT ( 'NONE',  ( 8.859152442374909953, -2.743801357677912556, 65.00000000000000000 ) ) ;
#3820 = CARTESIAN_POINT ( 'NONE',  ( -17.98370442800532842, -15.35745751327087127, 52.27386216971385124 ) ) ;
#3821 = CARTESIAN_POINT ( 'NONE',  ( 15.35893168921151819, -27.33068317412859471, 58.83641117077290517 ) ) ;
#3822 = EDGE_CURVE ( 'NONE', #6211, #4087, #2000, .T. ) ;
#3823 = VECTOR ( 'NONE', #1565, 1000.000000000000000 ) ;
#3824 = SURFACE_STYLE_FILL_AREA ( #5774 ) ;
#3825 = CARTESIAN_POINT ( 'NONE',  ( -0.9718295564776212592, 55.54431144158771616, 51.46943105281184216 ) ) ;
#3826 = CARTESIAN_POINT ( 'NONE',  ( 11.46483166571896817, 17.71255897745561114, 58.66058471459848533 ) ) ;
#3827 = CARTESIAN_POINT ( 'NONE',  ( 43.18591445958161046, -18.68789192588726777, 50.32516292660832136 ) ) ;
#3828 = CARTESIAN_POINT ( 'NONE',  ( -13.52320755951021525, 6.007869066048916018, 65.00000000000000000 ) ) ;
#3829 = CARTESIAN_POINT ( 'NONE',  ( 24.61034531244263590, 6.717452976126215169, 55.17010579252018942 ) ) ;
#3830 = CARTESIAN_POINT ( 'NONE',  ( -4.564034801722502088, 50.26750572729815758, 50.21207989612543088 ) ) ;
#3831 = CARTESIAN_POINT ( 'NONE',  ( -58.76901304798376202, 59.14764747295758696, 55.11930583807417605 ) ) ;
#3832 = CARTESIAN_POINT ( 'NONE',  ( 63.07563336775831431, 47.23618526422071540, 56.95381147511498199 ) ) ;
#3833 = ORIENTED_EDGE ( 'NONE', *, *, #4031, .T. ) ;
#3834 = CARTESIAN_POINT ( 'NONE',  ( 48.68832642960197887, 54.01604718839272579, 57.88271671937818752 ) ) ;
#3835 = CARTESIAN_POINT ( 'NONE',  ( -10.94476329558959726, -26.09567446349962694, 54.49831879598563233 ) ) ;
#3836 = CARTESIAN_POINT ( 'NONE',  ( -10.79333510805643748, 23.11507936938150110, 53.48260203689684289 ) ) ;
#3837 = CARTESIAN_POINT ( 'NONE',  ( -46.40158408674521695, -19.79291208973583593, 49.20734321300414393 ) ) ;
#3838 = CARTESIAN_POINT ( 'NONE',  ( -66.38129471275586013, 29.69591977442390629, 55.27314253314647630 ) ) ;
#3839 = CARTESIAN_POINT ( 'NONE',  ( 27.99125701961710533, -4.152133089507435315, 51.56901135750584331 ) ) ;
#3840 = AXIS2_PLACEMENT_3D ( 'NONE', #3335, #2789, #5667 ) ;
#3841 = CARTESIAN_POINT ( 'NONE',  ( 12.16990731948675908, -4.114788652973519589, 64.99999999999998579 ) ) ;
#3842 = ORIENTED_EDGE ( 'NONE', *, *, #6124, .F. ) ;
#3843 = CARTESIAN_POINT ( 'NONE',  ( 54.07240106024441673, 52.88004010142260114, 55.97712735475023038 ) ) ;
#3844 = CARTESIAN_POINT ( 'NONE',  ( -28.22530795386542124, 2.047334775462793299, 58.54854061640921259 ) ) ;
#3845 = CARTESIAN_POINT ( 'NONE',  ( 2.211543184712969179, -19.76236537195747900, 55.29200854865064230 ) ) ;
#3846 = CARTESIAN_POINT ( 'NONE',  ( -37.77714638078741416, -28.05615304471558602, 50.32516292660832136 ) ) ;
#3847 = CARTESIAN_POINT ( 'NONE',  ( -35.59721286816867547, -74.70499236120596720, 54.26153665767157719 ) ) ;
#3848 = CARTESIAN_POINT ( 'NONE',  ( 34.37608290827915170, 51.30033659655962452, 56.96136644230784896 ) ) ;
#3849 = ORIENTED_EDGE ( 'NONE', *, *, #4429, .T. ) ;
#3850 = CARTESIAN_POINT ( 'NONE',  ( 43.03152023178769525, -18.83138035597912818, 51.91746991840616943 ) ) ;
#3851 = CARTESIAN_POINT ( 'NONE',  ( 0.000000000000000000, 0.000000000000000000, 0.000000000000000000 ) ) ;
#3852 = CARTESIAN_POINT ( 'NONE',  ( -41.34497308496200674, -17.47602340918379227, 50.80002471875751979 ) ) ;
#3853 = CARTESIAN_POINT ( 'NONE',  ( -41.10477924985730169, -28.42673333928675206, 51.77494648603955341 ) ) ;
#3854 = CARTESIAN_POINT ( 'NONE',  ( 12.59167625459235040, -1.952527568566468030, 65.00000000000000000 ) ) ;
#3855 = PLANE ( 'NONE',  #1597 ) ;
#3856 = CARTESIAN_POINT ( 'NONE',  ( 9.591618219564283621, -18.76570290136367447, 58.65951026572591331 ) ) ;
#3857 = CARTESIAN_POINT ( 'NONE',  ( 23.51709293981334881, -53.25224041084936033, 56.76376662434831388 ) ) ;
#3858 = CARTESIAN_POINT ( 'NONE',  ( 2.311530170989097854, 59.71121028403829456, 51.20200640528430824 ) ) ;
#3859 = CARTESIAN_POINT ( 'NONE',  ( 17.48595271726868816, 0.7423543829658508786, 54.11524240333204006 ) ) ;
#3860 = DIRECTION ( 'NONE',  ( -1.000000000000000000, 0.000000000000000000, 0.000000000000000000 ) ) ;
#3861 = UNCERTAINTY_MEASURE_WITH_UNIT (LENGTH_MEASURE( 1.000000000000000082E-05 ), #2783, 'distance_accuracy_value', 'NONE');
#3862 = DIRECTION ( 'NONE',  ( -0.000000000000000000, 0.000000000000000000, 1.000000000000000000 ) ) ;
#3863 = CARTESIAN_POINT ( 'NONE',  ( 17.10102240194238377, -0.3918031189139608572, 53.80460641918874387 ) ) ;
#3864 = CARTESIAN_POINT ( 'NONE',  ( -0.5888353485596748982, 22.71503038662458707, 49.88906084091610893 ) ) ;
#3865 = CARTESIAN_POINT ( 'NONE',  ( -33.19777290620139354, 73.24952474190742180, 53.41656887724973046 ) ) ;
#3866 = CARTESIAN_POINT ( 'NONE',  ( 79.98406589573404801, -8.204171640266183729, 53.39754509468891541 ) ) ;
#3867 = CARTESIAN_POINT ( 'NONE',  ( 20.91505417358826335, 26.64503299919035939, 58.21470977547767234 ) ) ;
#3868 = EDGE_CURVE ( 'NONE', #2028, #5698, #4463, .T. ) ;
#3869 = CARTESIAN_POINT ( 'NONE',  ( -9.272336698519776377, 14.42485606938583942, 54.14232831846304350 ) ) ;
#3870 = CARTESIAN_POINT ( 'NONE',  ( -22.65284989529770598, -11.72562098310933543, 49.55150755271221641 ) ) ;
#3871 = CARTESIAN_POINT ( 'NONE',  ( -54.45662821799296438, 29.11532555123701727, 54.93582565734759982 ) ) ;
#3872 = CARTESIAN_POINT ( 'NONE',  ( 83.89870639943076469, 5.101297219485166679, 52.57256229404806902 ) ) ;
#3873 = DIRECTION ( 'NONE',  ( 0.000000000000000000, 1.000000000000000000, 0.000000000000000000 ) ) ;
#3874 = ORIENTED_EDGE ( 'NONE', *, *, #901, .T. ) ;
#3875 = CARTESIAN_POINT ( 'NONE',  ( 71.71504704369480976, -23.40447000730576121, 50.77722547035640588 ) ) ;
#3876 = CARTESIAN_POINT ( 'NONE',  ( -39.35362316764647517, 2.763830028535759098, 58.55403138707661981 ) ) ;
#3877 = CARTESIAN_POINT ( 'NONE',  ( 2.359559920680622813, -72.86407407766851918, 54.93553201703824840 ) ) ;
#3878 = CARTESIAN_POINT ( 'NONE',  ( -14.23916986598111833, 10.17552841247728423, 55.94997443617032928 ) ) ;
#3879 = CARTESIAN_POINT ( 'NONE',  ( -59.60948683461307951, -33.01620249710731514, 51.30086601558279824 ) ) ;
#3880 = FILL_AREA_STYLE ('',( #2920 ) ) ;
#3881 = VERTEX_POINT ( 'NONE', #3946 ) ;
#3882 = CARTESIAN_POINT ( 'NONE',  ( 48.01875644915101304, -25.86159076011358948, 51.52795150656299228 ) ) ;
#3883 = CARTESIAN_POINT ( 'NONE',  ( -7.760887847971752684, -2.349402568566467675, 64.50000000000000000 ) ) ;
#3884 = CARTESIAN_POINT ( 'NONE',  ( -0.2711442582281620162, 1.286074194254045899, 65.00000000000000000 ) ) ;
#3885 = CARTESIAN_POINT ( 'NONE',  ( 0.000000000000000000, 0.000000000000000000, 65.00000000000000000 ) ) ;
#3886 = CARTESIAN_POINT ( 'NONE',  ( 54.15807097072229936, 52.79959205003844858, 57.57292434007280946 ) ) ;
#3887 = CARTESIAN_POINT ( 'NONE',  ( -17.68485961433404086, -14.97118820770323389, 52.25407284942284036 ) ) ;
#3888 = CARTESIAN_POINT ( 'NONE',  ( 11.79772781567489481, -21.69957003627949632, 58.77542308237129021 ) ) ;
#3889 = VECTOR ( 'NONE', #4777, 1000.000000000000000 ) ;
#3890 = CARTESIAN_POINT ( 'NONE',  ( -72.55355510446747758, 18.00744246722963027, 57.72157993214798921 ) ) ;
#3891 = CARTESIAN_POINT ( 'NONE',  ( 1.246271391294140995, -17.45683627865714271, 56.75286174215932533 ) ) ;
#3892 = CARTESIAN_POINT ( 'NONE',  ( 16.38068548387493450, -6.161920442713579860, 52.19466218451824346 ) ) ;
#3893 = LINE ( 'NONE', #512, #1340 ) ;
#3894 = CARTESIAN_POINT ( 'NONE',  ( -58.84775885423521657, 59.08568021146380289, 53.52238726914378475 ) ) ;
#3895 = CARTESIAN_POINT ( 'NONE',  ( 50.51301921858857469, 2.968949125021505431, 54.16797247036197405 ) ) ;
#3896 = CARTESIAN_POINT ( 'NONE',  ( -8.738818689722805289, 15.16351745160512898, 53.90891014787452917 ) ) ;
#3897 = CARTESIAN_POINT ( 'NONE',  ( 13.90585652194826061, 23.26761291711934021, 58.82764461552659441 ) ) ;
#3898 = CARTESIAN_POINT ( 'NONE',  ( 49.50360239441256027, 54.68501408157781185, 57.87242576151193418 ) ) ;
#3899 = CARTESIAN_POINT ( 'NONE',  ( -40.13993850649712414, 60.85687658940767619, 54.16971822613108856 ) ) ;
#3900 = CARTESIAN_POINT ( 'NONE',  ( -25.90540702429273168, -11.15974648588160711, 49.21654287866902422 ) ) ;
#3901 = CARTESIAN_POINT ( 'NONE',  ( -20.71610712425254164, 26.80018678571622459, 52.91694719584419460 ) ) ;
#3902 = EDGE_CURVE ( 'NONE', #524, #5414, #1076, .T. ) ;
#3903 = CARTESIAN_POINT ( 'NONE',  ( 33.56769614472453611, 4.540581644264685579, 52.91694719584419460 ) ) ;
#3904 = CARTESIAN_POINT ( 'NONE',  ( 7.946630858715171719, -6.048855354092207648, 64.50000000000002842 ) ) ;
#3905 = EDGE_LOOP ( 'NONE', ( #5505, #878, #1603, #3874 ) ) ;
#3906 = DIRECTION ( 'NONE',  ( -0.000000000000000000, -0.000000000000000000, 1.000000000000000000 ) ) ;
#3907 = CARTESIAN_POINT ( 'NONE',  ( -39.05729683307038869, 5.543553586909728992, 58.21717239462591920 ) ) ;
#3908 = CARTESIAN_POINT ( 'NONE',  ( -4.221013733121270484, -39.12366475825105994, 54.26394291306497308 ) ) ;
#3909 = AXIS2_PLACEMENT_3D ( 'NONE', #6182, #2894, #2346 ) ;
#3910 = CARTESIAN_POINT ( 'NONE',  ( -15.74119938266990992, 7.649115454458137897, 56.75286174215934665 ) ) ;
#3911 = VECTOR ( 'NONE', #6018, 1000.000000000000000 ) ;
#3912 = CARTESIAN_POINT ( 'NONE',  ( -45.57193425745433046, -66.72403213112171727, 53.52367233747459352 ) ) ;
#3913 = PRESENTATION_STYLE_ASSIGNMENT (( #5326 ) ) ;
#3914 = EDGE_LOOP ( 'NONE', ( #3458, #1871, #2689, #804, #5891, #6041, #4899, #3266, #1229, #5856 ) ) ;
#3915 = CARTESIAN_POINT ( 'NONE',  ( 26.53626927216112463, -8.766556227558069736, 52.37109514142447608 ) ) ;
#3916 = CARTESIAN_POINT ( 'NONE',  ( -52.90137637628629363, -57.03846831926897920, 52.81467021169279974 ) ) ;
#3917 = CARTESIAN_POINT ( 'NONE',  ( 51.87709914944993272, 53.82754291740350538, 57.72123474584007852 ) ) ;
#3918 = CARTESIAN_POINT ( 'NONE',  ( -23.24755842432516317, -20.76788743818896066, 52.37340449331178149 ) ) ;
#3919 = CARTESIAN_POINT ( 'NONE',  ( 17.77797254565653162, -32.07891881908118137, 58.80535598783512086 ) ) ;
#3920 = CARTESIAN_POINT ( 'NONE',  ( -70.38395077449509074, 40.15066917591475715, 56.40848206637134155 ) ) ;
#3921 = CARTESIAN_POINT ( 'NONE',  ( -0.2042627986242780136, -17.50008852138860149, 56.35676959637518735 ) ) ;
#3922 = CARTESIAN_POINT ( 'NONE',  ( 17.21528805659403361, -3.151300826531742150, 53.04806762983390200 ) ) ;
#3923 = CARTESIAN_POINT ( 'NONE',  ( 38.33973724268408034, -14.32505798097087890, 50.56935057334157335 ) ) ;
#3924 = CARTESIAN_POINT ( 'NONE',  ( -71.72144154383778414, 35.24675453280824655, 55.10066791549372311 ) ) ;
#3925 = CARTESIAN_POINT ( 'NONE',  ( 29.72311681084919499, -9.099297146349234922, 52.47326022028286019 ) ) ;
#3926 = MECHANICAL_DESIGN_GEOMETRIC_PRESENTATION_REPRESENTATION (  '', ( #2797 ), #871 ) ;
#3927 = CARTESIAN_POINT ( 'NONE',  ( -9.864092101815662872, 14.45660588369531041, 54.27154253521223382 ) ) ;
#3928 = CARTESIAN_POINT ( 'NONE',  ( 10.21007928495676609, 14.21438216631882767, 58.43845624645532411 ) ) ;
#3929 = CARTESIAN_POINT ( 'NONE',  ( 36.51453382068924469, 48.23822729497804573, 58.29226469782850728 ) ) ;
#3930 = CARTESIAN_POINT ( 'NONE',  ( -18.30716633116622560, 47.17185744063748132, 53.15483247917457987 ) ) ;
#3931 = CARTESIAN_POINT ( 'NONE',  ( -39.19800967018586135, -31.99774715283226101, 50.54865577848809721 ) ) ;
#3932 = CARTESIAN_POINT ( 'NONE',  ( -27.48369938650991529, 35.66302497942475469, 52.91334863215960382 ) ) ;
#3933 = CARTESIAN_POINT ( 'NONE',  ( 30.26926169091399998, -6.725914238583023064, 51.22946814159284656 ) ) ;
#3934 = CARTESIAN_POINT ( 'NONE',  ( 12.59112428273388495, -2.055137226712317133, 65.00000000000000000 ) ) ;
#3935 = ORIENTED_EDGE ( 'NONE', *, *, #4530, .T. ) ;
#3936 = CARTESIAN_POINT ( 'NONE',  ( -15.57627246335636961, 6.007869066048916018, 65.00000000000000000 ) ) ;
#3937 = CARTESIAN_POINT ( 'NONE',  ( -15.57627246335636961, -6.692130933951083271, 64.50000000000000000 ) ) ;
#3938 = CARTESIAN_POINT ( 'NONE',  ( 2.475901089081413708, -22.53068060187582944, 55.28824202871574300 ) ) ;
#3939 = CARTESIAN_POINT ( 'NONE',  ( -7.760887847971752684, -2.349402568566467675, 65.00000000000000000 ) ) ;
#3940 = CARTESIAN_POINT ( 'NONE',  ( 16.00893885862856791, 11.79643526550658450, 55.29200854865064230 ) ) ;
#3941 = VERTEX_POINT ( 'NONE', #3013 ) ;
#3942 = CARTESIAN_POINT ( 'NONE',  ( 32.56216440125140110, -11.02622520189658673, 52.33142874588540394 ) ) ;
#3943 = CARTESIAN_POINT ( 'NONE',  ( -37.72113586128934060, -73.40980171385179176, 54.11900940503903712 ) ) ;
#3944 = VECTOR ( 'NONE', #5239, 1000.000000000000000 ) ;
#3945 = CARTESIAN_POINT ( 'NONE',  ( 7.946630858715171719, -6.048855354092207648, 65.00000000000002842 ) ) ;
#3946 = CARTESIAN_POINT ( 'NONE',  ( -7.549729995407650662, -6.692130933951083271, 64.50000000000000000 ) ) ;
#3947 = CARTESIAN_POINT ( 'NONE',  ( -27.73716117417260918, -23.88475589958552447, 52.28399408291201667 ) ) ;
#3948 = CARTESIAN_POINT ( 'NONE',  ( -46.50985516862018443, 2.374451829312329565, 58.64369691554327346 ) ) ;
#3949 = CARTESIAN_POINT ( 'NONE',  ( 3.171889806912974397, 67.06782328011149730, 51.16299458881797335 ) ) ;
#3950 = CARTESIAN_POINT ( 'NONE',  ( 0.5581188480900840521, -17.49327027822657499, 56.56481277621961823 ) ) ;
#3951 = CARTESIAN_POINT ( 'NONE',  ( 17.35341808275205722, -2.274131809478302291, 53.29037735611475313 ) ) ;
#3952 = CARTESIAN_POINT ( 'NONE',  ( -15.24087317955513043, -30.25118808502541512, 54.16378869841049948 ) ) ;
#3953 = EDGE_CURVE ( 'NONE', #3452, #2712, #5895, .T. ) ;
#3954 = CARTESIAN_POINT ( 'NONE',  ( 13.24069999708105172, -6.268731422423846844, 64.99999999999998579 ) ) ;
#3955 = CARTESIAN_POINT ( 'NONE',  ( 10.26366256540450372, 15.60546303340182206, 56.98568999657366874 ) ) ;
#3956 = CARTESIAN_POINT ( 'NONE',  ( 80.45734427565149360, -24.32316758088775899, 52.48232694317075442 ) ) ;
#3957 = LINE ( 'NONE', #4444, #355 ) ;
#3958 = CARTESIAN_POINT ( 'NONE',  ( -72.87948679368354021, 23.27412581424722404, 57.40907933703689991 ) ) ;
#3959 = CARTESIAN_POINT ( 'NONE',  ( 35.42641464433810228, 47.53604094230579591, 58.32738940151423179 ) ) ;
#3960 = B_SPLINE_SURFACE_WITH_KNOTS ( 'NONE', 3, 3, ( 
 ( #131, #1575, #1192, #4453, #3515, #103, #5055, #679, #4574, #2022, #3484, #5437, #618 ),
 ( #3063, #163, #4088, #2141, #3606, #5022, #1667, #2053, #650, #5470, #4513, #1099, #2559 ),
 ( #71, #3967, #5561, #2590, #2496, #3999, #5947, #1158, #3034, #5915, #4544, #4990, #6035 ),
 ( #2082, #3124, #4028, #1545, #1065, #3004, #5975, #4960, #191, #2621, #1604, #5084, #588 ),
 ( #3543, #2112, #5499, #3575, #2525, #1126, #4058, #5528, #6006, #3093, #4607, #1288, #222 ),
 ( #6164, #2744, #775, #2714, #1792, #2174, #2299, #4704, #743, #4640, #806, #6131, #4739 ),
 ( #254, #2682, #318, #4153, #5686, #1700, #354, #4672, #286, #1316, #3156, #2264, #5146 ),
 ( #3708, #1761, #3737, #838, #3290, #5211, #3254, #5116, #4186, #2234, #5656, #6198, #4252 ),
 ( #3221, #2204, #1732, #5594, #2775, #4218, #1824, #3769, #4122, #6099, #3674, #5179, #5719 ),
 ( #1348, #710, #2653, #6068, #3642, #1222, #5627, #1256, #3191, #4497, #5930, #604, #4284 ),
 ( #89, #4945, #5959, #6230, #2542, #2959, #904, #2040, #542, #2481, #1531, #3983, #117 ),
 ( #2512, #1560, #3468, #3499, #2841, #3019, #3322, #5787, #2809, #4976, #1588, #2067, #57 ),
 ( #5311, #1891, #5245, #1021, #2989, #5752, #4469, #1857, #870, #5423, #4769, #574, #1381 ),
 ( #1051, #2008, #387, #1415, #3835, #3355, #2330, #5453, #1082, #3800, #4013, #4914, #5280 ),
 ( #4801, #421, #2363, #4319, #6262, #4439, #3952, #5902, #2217, #726, #176, #1713, #147 ),
 ( #3138, #2604, #4559, #1650, #2095, #3172, #4071, #204, #2126, #2155, #5038, #3528, #4623 ),
 ( #2188, #6019, #4043, #5990, #2573, #5098, #1619, #5576, #3047, #5130, #4526, #5607, #236 ),
 ( #4136, #758, #3589, #4102, #4167, #2665, #6112, #2697, #4655, #663, #6050, #5543, #5484 ),
 ( #6082, #1173, #633, #3108, #5068, #1112, #5005, #692, #1141, #3656, #1238, #267, #3558 ),
 ( #5511, #2635, #3076, #1682, #1205, #4588, #3621, #2859, #4269, #920, #1300, #6214, #819 ),
 ( #334, #6181, #3721, #3689, #5640, #4819, #1840, #1745, #5669, #3236, #404, #5194, #1271 ),
 ( #4721, #6245, #4686, #2281, #1362, #2758, #4235, #5733, #1808, #2345, #2727, #1397, #3752 ),
 ( #4302, #4200, #3784, #5702, #1331, #4753, #852, #886, #1874, #4337, #3817, #4786, #6145 ),
 ( #3270, #5226, #438, #3337, #5769, #371, #1775, #2791, #299, #5295, #5260, #2381, #3205 ),
 ( #2315, #3305, #2824, #5160, #790, #2247, #1524, #565, #3852, #535, #5803, #6278, #5416 ) ),
 .UNSPECIFIED., .F., .F., .F.,
 ( 4, 3, 3, 3, 3, 3, 3, 3, 4 ),
 ( 4, 3, 3, 3, 4 ),
 ( -0.06556304563082938908, 0.08647668652357537455, 0.2385164186779801243, 0.3905561508323848741, 0.5425958829867896238, 0.6946356151411943181, 0.8466753472955991233, 0.9987150794500039286, 1.150754811604408623 ),
 ( -0.005864202508118646767, 0.1177285902129042161, 0.2413213829339270755, 0.4885069683759727943, 0.9828781392600642874 ),
 .UNSPECIFIED. ) ;
#3961 = CARTESIAN_POINT ( 'NONE',  ( -6.416459013678945666, 72.43731245966090171, 51.80690832098274967 ) ) ;
#3962 = CARTESIAN_POINT ( 'NONE',  ( -32.14002224968544397, -22.70503487758864836, 50.21382917778223032 ) ) ;
#3963 = CARTESIAN_POINT ( 'NONE',  ( -15.70877829439390183, 23.53756588028891983, 52.58249894949519643 ) ) ;
#3964 = CARTESIAN_POINT ( 'NONE',  ( 17.53607073720670328, -9.481366121785775647, 49.89286416118513756 ) ) ;
#3965 = CARTESIAN_POINT ( 'NONE',  ( 10.57914046690663490, -4.734568273424810236, 65.00000000000000000 ) ) ;
#3966 = ORIENTED_EDGE ( 'NONE', *, *, #4207, .T. ) ;
#3967 = CARTESIAN_POINT ( 'NONE',  ( 7.318847552811169166, -18.54286267266755317, 58.20239964610296113 ) ) ;
#3968 = LINE ( 'NONE', #2850, #1542 ) ;
#3969 = CARTESIAN_POINT ( 'NONE',  ( -3.253886479784600994, -83.99040692220864912, 54.59770645642647935 ) ) ;
#3970 = CARTESIAN_POINT ( 'NONE',  ( -22.66311356283410916, -0.2145029444567204402, 57.31032157310517761 ) ) ;
#3971 = CARTESIAN_POINT ( 'NONE',  ( 17.32490477742587842, 14.70223060176544294, 55.62624410586424517 ) ) ;
#3972 = VERTEX_POINT ( 'NONE', #4939 ) ;
#3973 = CARTESIAN_POINT ( 'NONE',  ( 44.47719050276265307, -20.52187910211159405, 51.82303194444486394 ) ) ;
#3974 = CARTESIAN_POINT ( 'NONE',  ( -58.36566982116194424, -43.16831771354157610, 51.92610995425893350 ) ) ;
#3975 = CARTESIAN_POINT ( 'NONE',  ( 6.620876959175419074, -3.073713628717190005, 64.99999999999997158 ) ) ;
#3976 = CARTESIAN_POINT ( 'NONE',  ( 12.59167625459235040, 6.007869066048916018, 65.00000000000000000 ) ) ;
#3977 = CARTESIAN_POINT ( 'NONE',  ( -37.82421389249915933, -27.85069950620243162, 51.91746991840615522 ) ) ;
#3978 = CARTESIAN_POINT ( 'NONE',  ( -42.11254067116915678, 1.408389663122006308, 58.72822805945271085 ) ) ;
#3979 = EDGE_CURVE ( 'NONE', #2807, #3941, #5171, .T. ) ;
#3980 = CARTESIAN_POINT ( 'NONE',  ( -10.61590565175402823, 72.80553894337552379, 52.07674124734401744 ) ) ;
#3981 = DIRECTION ( 'NONE',  ( -1.000000000000000000, 0.000000000000000000, -0.000000000000000000 ) ) ;
#3982 = CARTESIAN_POINT ( 'NONE',  ( -14.21359855465954958, -10.20953970798669985, 50.22821245501211962 ) ) ;
#3983 = CARTESIAN_POINT ( 'NONE',  ( -13.13219808516921816, -71.70973049387002618, 55.51967648100544750 ) ) ;
#3984 = CARTESIAN_POINT ( 'NONE',  ( 14.71528548414068993, -4.011933812756470097, 65.00000000000002842 ) ) ;
#3985 = CARTESIAN_POINT ( 'NONE',  ( 18.80630896328882784, 31.72423430007884093, 57.21880190656658272 ) ) ;
#3986 = CARTESIAN_POINT ( 'NONE',  ( 16.35051714859040217, -5.164263703273459072, 52.45263467896870679 ) ) ;
#3987 = VECTOR ( 'NONE', #6154, 1000.000000000000000 ) ;
#3988 = CARTESIAN_POINT ( 'NONE',  ( -7.059766036799311806, 16.01626312946457986, 53.39484017455574616 ) ) ;
#3989 = ORIENTED_EDGE ( 'NONE', *, *, #4993, .F. ) ;
#3990 = CARTESIAN_POINT ( 'NONE',  ( -72.15684194012412433, 32.87884489372851249, 56.84331414142576477 ) ) ;
#3991 = CARTESIAN_POINT ( 'NONE',  ( 71.51950886042031641, 39.06258697162076032, 54.66817531629113347 ) ) ;
#3992 = ORIENTED_EDGE ( 'NONE', *, *, #1848, .F. ) ;
#3993 = CARTESIAN_POINT ( 'NONE',  ( -16.60901859688799220, 70.98498982655897294, 52.48172891477011603 ) ) ;
#3994 = CARTESIAN_POINT ( 'NONE',  ( -36.87714730112232786, 0.4246241635880373955, 57.21880190656658272 ) ) ;
#3995 = CARTESIAN_POINT ( 'NONE',  ( -17.23612122191444485, 25.86976065482617670, 52.58082406396361819 ) ) ;
#3996 = CARTESIAN_POINT ( 'NONE',  ( 69.80916912979149913, -21.00981278767450888, 50.88500233783391735 ) ) ;
#3997 = DIRECTION ( 'NONE',  ( 1.000000000000000000, 0.000000000000000000, 0.000000000000000000 ) ) ;
#3998 = ORIENTED_EDGE ( 'NONE', *, *, #5051, .T. ) ;
#3999 = CARTESIAN_POINT ( 'NONE',  ( 11.56272747125327172, -28.85503307615400814, 58.21347846590354891 ) ) ;
#4000 = CARTESIAN_POINT ( 'NONE',  ( -56.18571852170342140, 25.24715357082002498, 56.86952229311536655 ) ) ;
#4001 = CARTESIAN_POINT ( 'NONE',  ( -10.58367983557513980, -32.08894042642997135, 53.25431728757332195 ) ) ;
#4002 = CARTESIAN_POINT ( 'NONE',  ( 7.014071336102615462, -79.14144443768921633, 56.80676829371050474 ) ) ;
#4003 = CARTESIAN_POINT ( 'NONE',  ( 13.01406797540676408, 11.16570774737501281, 55.63909770926910170 ) ) ;
#4004 = VERTEX_POINT ( 'NONE', #1525 ) ;
#4005 = CARTESIAN_POINT ( 'NONE',  ( 14.75823501538300242, -3.770835212507497314, 64.99999999999998579 ) ) ;
#4006 = CARTESIAN_POINT ( 'NONE',  ( 12.23757260741825625, -77.02413596721849842, 57.13596428306953356 ) ) ;
#4007 = VECTOR ( 'NONE', #5402, 1000.000000000000000 ) ;
#4008 = CARTESIAN_POINT ( 'NONE',  ( 6.885202384193852332, -4.525134622505664339, 65.00000000000001421 ) ) ;
#4009 = CARTESIAN_POINT ( 'NONE',  ( -52.73052552015610672, -27.88358065589135393, 51.20921372583227793 ) ) ;
#4010 = CARTESIAN_POINT ( 'NONE',  ( -39.28955086073833769, 0.9597590728101796920, 58.77205400546277048 ) ) ;
#4011 = CARTESIAN_POINT ( 'NONE',  ( 1.093553254356429694, -17.46887332471742127, 56.71106833837085048 ) ) ;
#4012 = CARTESIAN_POINT ( 'NONE',  ( 17.41273801010817124, -1.758189672507646684, 53.43209631701584073 ) ) ;
#4013 = CARTESIAN_POINT ( 'NONE',  ( -23.67323676860899440, -57.03328728675054293, 54.50692100457106903 ) ) ;
#4014 = CARTESIAN_POINT ( 'NONE',  ( 22.62364316489949800, -38.79530653476742685, 57.29873198985024629 ) ) ;
#4015 = CARTESIAN_POINT ( 'NONE',  ( 56.55659035913733845, -36.18158878096224385, 51.16883500719630007 ) ) ;
#4016 = EDGE_CURVE ( 'NONE', #5414, #2712, #3493, .T. ) ;
#4017 = CARTESIAN_POINT ( 'NONE',  ( 19.35264051122905116, -4.568579657605158495, 52.79972030676375994 ) ) ;
#4018 = CARTESIAN_POINT ( 'NONE',  ( -9.880499424443291545, 14.44539343016105981, 54.27696379100260060 ) ) ;
#4019 = CARTESIAN_POINT ( 'NONE',  ( -72.45165364949853881, 30.93558205885498680, 56.95800855116065264 ) ) ;
#4020 = CARTESIAN_POINT ( 'NONE',  ( 80.59357949012856182, 21.42081401781717531, 53.52238726914378475 ) ) ;
#4021 = CARTESIAN_POINT ( 'NONE',  ( -13.23931756916425329, 42.91611322098793124, 52.81619721668504042 ) ) ;
#4022 = CARTESIAN_POINT ( 'NONE',  ( -22.24663401485499392, 0.8946074027764289172, 58.71219798075217255 ) ) ;
#4023 = CARTESIAN_POINT ( 'NONE',  ( -16.54656104478764433, 5.726164013538138420, 57.32194238110028550 ) ) ;
#4024 = CARTESIAN_POINT ( 'NONE',  ( -18.32956903159795914, 17.74317117876204009, 53.59753450944779019 ) ) ;
#4025 = CARTESIAN_POINT ( 'NONE',  ( 30.69595281720751601, -14.12375730286732356, 50.21637383136014421 ) ) ;
#4026 = LINE ( 'NONE', #5526, #4108 ) ;
#4027 = ORIENTED_EDGE ( 'NONE', *, *, #3740, .T. ) ;
#4028 = CARTESIAN_POINT ( 'NONE',  ( 6.856318063097649684, -21.60346828634131455, 57.86866510495639915 ) ) ;
#4029 = CARTESIAN_POINT ( 'NONE',  ( -29.84256098972724303, 8.699117814166223539, 57.53852826079248928 ) ) ;
#4030 = CARTESIAN_POINT ( 'NONE',  ( -10.00938644638055308, -20.39946054825593080, 52.58838654515736266 ) ) ;
#4031 = EDGE_CURVE ( 'NONE', #3881, #2336, #4433, .T. ) ;
#4032 = CARTESIAN_POINT ( 'NONE',  ( 4.037931575996528188, -80.09959758655971029, 56.62499728631830465 ) ) ;
#4033 = CARTESIAN_POINT ( 'NONE',  ( 55.89377732539496435, 46.80437946837810159, 55.61075304925470419 ) ) ;
#4034 = ORIENTED_EDGE ( 'NONE', *, *, #1833, .F. ) ;
#4035 = CARTESIAN_POINT ( 'NONE',  ( -16.87977705427829989, -81.52010817047316493, 53.80701926459656192 ) ) ;
#4036 = CARTESIAN_POINT ( 'NONE',  ( -7.544734530625267332, -15.79147491977934337, 54.28455349648621109 ) ) ;
#4037 = CARTESIAN_POINT ( 'NONE',  ( -14.72527908464421920, -11.16537862766682210, 50.36176332662137867 ) ) ;
#4038 = CARTESIAN_POINT ( 'NONE',  ( -24.05460892985794885, -21.41549672072851251, 52.36426300786649080 ) ) ;
#4039 = CARTESIAN_POINT ( 'NONE',  ( -52.13659015273630359, 4.076691708726413843, 58.51325196525989014 ) ) ;
#4040 = CARTESIAN_POINT ( 'NONE',  ( -9.398772478907302386, -81.99777498536671771, 54.23705049352262364 ) ) ;
#4041 = AXIS2_PLACEMENT_3D ( 'NONE', #4121, #253, #6067 ) ;
#4042 = CARTESIAN_POINT ( 'NONE',  ( 12.31245226240434221, -3.913951016332191557, 65.00000000000001421 ) ) ;
#4043 = CARTESIAN_POINT ( 'NONE',  ( -13.04983597616907431, -18.60235915506631699, 53.47968518400643489 ) ) ;
#4044 = CARTESIAN_POINT ( 'NONE',  ( 10.72687256869491179, -7.017771959592108644, 65.00000000000000000 ) ) ;
#4045 = CARTESIAN_POINT ( 'NONE',  ( 64.61500153363138566, -30.66584334785634169, 51.76940555302296332 ) ) ;
#4046 = CARTESIAN_POINT ( 'NONE',  ( 39.31235051957273186, -3.284051486784687501, 53.49097842935614011 ) ) ;
#4047 = DIRECTION ( 'NONE',  ( 0.000000000000000000, 0.000000000000000000, 1.000000000000000000 ) ) ;
#4048 = DIRECTION ( 'NONE',  ( 1.000000000000000000, 0.000000000000000000, 0.000000000000000000 ) ) ;
#4049 = CARTESIAN_POINT ( 'NONE',  ( -5.936497545003065035, 28.43350940296647167, 52.37639250407949731 ) ) ;
#4050 = CARTESIAN_POINT ( 'NONE',  ( 48.33515428844417272, 54.26024575261678962, 57.91010636391872168 ) ) ;
#4051 = CARTESIAN_POINT ( 'NONE',  ( -3.444640732885773549, 22.45995751504430871, 52.12795244251434212 ) ) ;
#4052 = CARTESIAN_POINT ( 'NONE',  ( 45.17066284335711401, -21.38441637768429970, 51.77494648603955341 ) ) ;
#4053 = CARTESIAN_POINT ( 'NONE',  ( -15.13789572597750777, 8.783168076474431984, 56.40227238544706978 ) ) ;
#4054 = CARTESIAN_POINT ( 'NONE',  ( -21.74157048216438781, 45.69121562499949363, 51.89983131901380631 ) ) ;
#4055 = CARTESIAN_POINT ( 'NONE',  ( 27.55928609771013527, -6.101797031651265968, 51.23107839965513222 ) ) ;
#4056 = CARTESIAN_POINT ( 'NONE',  ( 13.87085032088183389, -5.667341403457395899, 64.50000000000001421 ) ) ;
#4057 = VERTEX_POINT ( 'NONE', #5447 ) ;
#4058 = CARTESIAN_POINT ( 'NONE',  ( 8.068963849172206437, -32.89731551841780544, 57.53974281165659477 ) ) ;
#4059 = CARTESIAN_POINT ( 'NONE',  ( -35.87055819534745638, 16.18006378712859217, 56.86623253701523595 ) ) ;
#4060 = CARTESIAN_POINT ( 'NONE',  ( -20.05039834890476058, -40.31374746918658047, 52.57590451564002620 ) ) ;
#4061 = CARTESIAN_POINT ( 'NONE',  ( -28.22475139917525055, -0.1983155191097243086, 57.30465367023892043 ) ) ;
#4062 = CARTESIAN_POINT ( 'NONE',  ( 16.91071819057193082, 19.01402630840478025, 56.29896535718144435 ) ) ;
#4063 = VERTEX_POINT ( 'NONE', #4359 ) ;
#4064 = CARTESIAN_POINT ( 'NONE',  ( -40.64231068528336976, -71.19160212107921382, 52.30535316567505788 ) ) ;
#4065 = CARTESIAN_POINT ( 'NONE',  ( -10.19821017246455419, -14.22290076133540460, 53.44244328202362482 ) ) ;
#4066 = CARTESIAN_POINT ( 'NONE',  ( -37.77714638078741416, -28.05615304471558602, 50.32516292660832136 ) ) ;
#4067 = CARTESIAN_POINT ( 'NONE',  ( 15.00954525088328850, 9.000892026854838690, 56.49169753449292131 ) ) ;
#4068 = CARTESIAN_POINT ( 'NONE',  ( -64.18499088747039139, 9.819057449331275222, 58.16029019341598882 ) ) ;
#4069 = CARTESIAN_POINT ( 'NONE',  ( -40.64231068528336976, -71.19160212107921382, 52.30535316567505788 ) ) ;
#4070 = LINE ( 'NONE', #146, #3911 ) ;
#4071 = CARTESIAN_POINT ( 'NONE',  ( -17.29342424128002520, -29.02857178215888112, 53.82611305114953382 ) ) ;
#4072 = CARTESIAN_POINT ( 'NONE',  ( 4.287830100746195860, -0.9934129852331345933, 64.50000000000000000 ) ) ;
#4073 = CARTESIAN_POINT ( 'NONE',  ( 69.93853712305460135, -25.48403107694277381, 52.21646215668553026 ) ) ;
#4074 = CARTESIAN_POINT ( 'NONE',  ( 35.65422351282347790, -16.65160595357678375, 51.80322653610595296 ) ) ;
#4075 = B_SPLINE_CURVE_WITH_KNOTS ( 'NONE', 3,
 ( #4716, #1267, #3135, #3201, #328, #3747 ),
 .UNSPECIFIED., .F., .F.,
 ( 4, 2, 4 ),
 ( 0.000000000000000000, 0.5000000000000000000, 1.000000000000000000 ),
 .UNSPECIFIED. ) ;
#4076 = CARTESIAN_POINT ( 'NONE',  ( -2.853963102448695999, 17.26704998179550898, 52.19466218451827899 ) ) ;
#4077 = LINE ( 'NONE', #698, #3080 ) ;
#4078 = CARTESIAN_POINT ( 'NONE',  ( -3.760509476030871934, 21.96555630490607669, 52.21100382027304931 ) ) ;
#4079 = CARTESIAN_POINT ( 'NONE',  ( 12.91213381664609727, 21.10733321231399628, 58.77637507711367704 ) ) ;
#4080 = CARTESIAN_POINT ( 'NONE',  ( 1.097063754159146809, 17.10980757672570718, 51.10879161060707787 ) ) ;
#4081 = CARTESIAN_POINT ( 'NONE',  ( 0.000000000000000000, 0.000000000000000000, 65.00000000000000000 ) ) ;
#4082 = CARTESIAN_POINT ( 'NONE',  ( 15.94852002539225566, -7.204567573535531011, 50.22821245501211962 ) ) ;
#4083 = CARTESIAN_POINT ( 'NONE',  ( -18.32534188097156758, 58.80808603510868693, 51.22280199596328742 ) ) ;
#4084 = CARTESIAN_POINT ( 'NONE',  ( 37.81300482610433278, -24.43668978347504606, 49.54119972855578879 ) ) ;
#4085 = VECTOR ( 'NONE', #3500, 1000.000000000000000 ) ;
#4086 = CARTESIAN_POINT ( 'NONE',  ( -2.786275580997119583, 52.76238331152963923, 50.03130117827907242 ) ) ;
#4087 = VERTEX_POINT ( 'NONE', #3936 ) ;
#4088 = CARTESIAN_POINT ( 'NONE',  ( 9.856843071228587050, -20.47503882468269865, 58.54268485555895296 ) ) ;
#4089 = CARTESIAN_POINT ( 'NONE',  ( -70.05175735439416940, 20.18688498066418546, 57.54510740563146243 ) ) ;
#4090 = CARTESIAN_POINT ( 'NONE',  ( -15.04011921888212555, -30.35149313862299181, 52.57952628100684933 ) ) ;
#4091 = ADVANCED_FACE ( 'NONE', ( #3453 ), #6302, .T. ) ;
#4092 = CARTESIAN_POINT ( 'NONE',  ( -29.90955680125566829, 8.465924178100973307, 55.95683369544578056 ) ) ;
#4093 = CARTESIAN_POINT ( 'NONE',  ( 56.37600101571398170, 24.81909472544385764, 54.26075589666486820 ) ) ;
#4094 = CARTESIAN_POINT ( 'NONE',  ( -66.25770352122837892, 49.21267425551704378, 55.83437979752615377 ) ) ;
#4095 = ORIENTED_EDGE ( 'NONE', *, *, #2928, .F. ) ;
#4096 = CARTESIAN_POINT ( 'NONE',  ( 14.43937487171922562, -75.88661274992108474, 57.28112672232538927 ) ) ;
#4097 = CARTESIAN_POINT ( 'NONE',  ( -10.77090960403563180, -13.79561065175598777, 53.24745941462272469 ) ) ;
#4098 = CARTESIAN_POINT ( 'NONE',  ( 10.22950569678923394, 14.19962616562361113, 58.43180503485904609 ) ) ;
#4099 = CARTESIAN_POINT ( 'NONE',  ( -29.80032267500772747, 0.3662699929265736953, 58.83422787990873104 ) ) ;
#4100 = CARTESIAN_POINT ( 'NONE',  ( -55.15701817955676489, -52.69060159337095683, 50.92390633725306515 ) ) ;
#4101 = CARTESIAN_POINT ( 'NONE',  ( 10.08374658957921177, -6.980211077293699162, 64.50000000000001421 ) ) ;
#4102 = CARTESIAN_POINT ( 'NONE',  ( -16.06721932913898243, -19.81406078532788584, 53.14442779738309497 ) ) ;
#4103 = CARTESIAN_POINT ( 'NONE',  ( -12.38358944690079610, -12.36724540065970679, 52.65936170562965657 ) ) ;
#4104 = CARTESIAN_POINT ( 'NONE',  ( 22.34473689992056578, -45.40102941239675260, 56.96289742240345788 ) ) ;
#4105 = CARTESIAN_POINT ( 'NONE',  ( 74.44138319063664255, 34.90104829573801482, 55.97787929605021873 ) ) ;
#4106 = CARTESIAN_POINT ( 'NONE',  ( 21.32037670247360595, -14.00274272170404721, 51.12417333647798756 ) ) ;
#4107 = CARTESIAN_POINT ( 'NONE',  ( 23.59899924924835091, -58.68295048605828157, 58.21123981823355109 ) ) ;
#4108 = VECTOR ( 'NONE', #5884, 1000.000000000000000 ) ;
#4109 = CARTESIAN_POINT ( 'NONE',  ( -5.481400668484574190, -6.692130933951083271, 64.50000000000000000 ) ) ;
#4110 = CARTESIAN_POINT ( 'NONE',  ( -2.617990179666751072, 19.66011602871590469, 52.03826237305165847 ) ) ;
#4111 = CARTESIAN_POINT ( 'NONE',  ( 14.20493298700298190, 23.75530142258656241, 58.82151478427190483 ) ) ;
#4112 = CARTESIAN_POINT ( 'NONE',  ( -17.45081395375987299, 1.315357261833429936, 56.89488299997911014 ) ) ;
#4113 = CARTESIAN_POINT ( 'NONE',  ( -19.84718569382950903, 0.8889067872543919835, 57.04979127913532011 ) ) ;
#4114 = CARTESIAN_POINT ( 'NONE',  ( 15.74746005379452640, 6.678659652739745489, 55.82904184155098903 ) ) ;
#4115 = B_SPLINE_CURVE_WITH_KNOTS ( 'NONE', 3,
 ( #205, #2156, #6146, #3559, #5261, #2382, #5227, #5703, #1809, #1332, #1875, #887, #3271, #3785, #3753, #5734, #1841, #4722, #952 ),
 .UNSPECIFIED., .F., .F.,
 ( 4, 1, 1, 1, 1, 1, 1, 1, 1, 1, 1, 1, 1, 1, 1, 1, 4 ),
 ( 0.000000000000000000, 0.07221874799288185987, 0.1394897657276684688, 0.2003699977303417534, 0.2564327255100086189, 0.3078035215508906908, 0.3536585165318466006, 0.3944199056460608310, 0.4301557059443434916, 0.4966662725087367392, 0.5620176176150516456, 0.6287545482746029757, 0.6974096406803552695, 0.7680791946526321912, 0.8413381260898062930, 0.9183362465478037695, 1.000000000000000000 ),
 .UNSPECIFIED. ) ;
#4116 = PRODUCT_CONTEXT ( 'NONE', #1084, 'mechanical' ) ;
#4117 = CARTESIAN_POINT ( 'NONE',  ( -6.875096750058784068, 21.59729334654589294, 51.23683464244624020 ) ) ;
#4118 = CARTESIAN_POINT ( 'NONE',  ( -0.1461894243446540953, 68.86946733845555002, 51.39643518157085822 ) ) ;
#4119 = CARTESIAN_POINT ( 'NONE',  ( -3.619390355849738672, 50.81886802105779566, 51.72548094054710788 ) ) ;
#4120 = ORIENTED_EDGE ( 'NONE', *, *, #4225, .F. ) ;
#4121 = CARTESIAN_POINT ( 'NONE',  ( -13.29678528386918934, 1.639699995536096910, 64.50000000000000000 ) ) ;
#4122 = CARTESIAN_POINT ( 'NONE',  ( -1.851939122303039920, -44.98633691676592861, 56.19179617724464748 ) ) ;
#4123 = CARTESIAN_POINT ( 'NONE',  ( -16.41984753670474007, 4.938172737872401186, 57.51853811206346023 ) ) ;
#4124 = CARTESIAN_POINT ( 'NONE',  ( -22.95863008774167113, -69.00166191633311996, 53.24798123936873395 ) ) ;
#4125 = VECTOR ( 'NONE', #4242, 1000.000000000000000 ) ;
#4126 = CARTESIAN_POINT ( 'NONE',  ( -21.88323861232193934, 6.114385716368593293, 55.96451943074725222 ) ) ;
#4127 = CARTESIAN_POINT ( 'NONE',  ( 68.63381239842831860, 24.57927404260845705, 53.92294902736882989 ) ) ;
#4128 = CARTESIAN_POINT ( 'NONE',  ( -63.65498885963766185, 53.39170178329205640, 53.94913993833711174 ) ) ;
#4129 = ORIENTED_EDGE ( 'NONE', *, *, #1563, .T. ) ;
#4130 = CARTESIAN_POINT ( 'NONE',  ( -50.81502541772974979, -60.29225201260622669, 51.43838967176840526 ) ) ;
#4131 = CARTESIAN_POINT ( 'NONE',  ( -7.629960681733963135, -15.75053920686364606, 54.25876084998864002 ) ) ;
#4132 = CARTESIAN_POINT ( 'NONE',  ( -14.72527908464421920, -11.16537862766682210, 50.36176332662137867 ) ) ;
#4133 = CARTESIAN_POINT ( 'NONE',  ( -32.01475831368878744, 0.3791186408641373795, 58.83497891372935129 ) ) ;
#4134 = CARTESIAN_POINT ( 'NONE',  ( 14.53643492571439211, -75.86812933762193722, 55.68417706662734190 ) ) ;
#4135 = CARTESIAN_POINT ( 'NONE',  ( 10.77888306621024661, -4.735282319816180419, 65.00000000000000000 ) ) ;
#4136 = CARTESIAN_POINT ( 'NONE',  ( -10.89076727369762310, -13.24474666175476223, 53.12862963349720502 ) ) ;
#4137 = CARTESIAN_POINT ( 'NONE',  ( 79.06700440981961719, 26.05497387295403300, 55.40441076134294462 ) ) ;
#4138 = CARTESIAN_POINT ( 'NONE',  ( 18.97374931113540697, -12.49758962161469533, 51.12138910476330267 ) ) ;
#4139 = CARTESIAN_POINT ( 'NONE',  ( 19.32750713600393411, -35.80428994013021793, 58.75166930979855806 ) ) ;
#4140 = VECTOR ( 'NONE', #540, 1000.000000000000000 ) ;
#4141 = CARTESIAN_POINT ( 'NONE',  ( 23.73037735818138572, -60.51241283737820709, 56.56340469121504810 ) ) ;
#4142 = CARTESIAN_POINT ( 'NONE',  ( -6.816513810198901346, 36.01005298234891683, 52.28288474314944523 ) ) ;
#4143 = CARTESIAN_POINT ( 'NONE',  ( 30.65748524478072667, 43.97945681541196450, 58.47981987122702208 ) ) ;
#4144 = EDGE_CURVE ( 'NONE', #2754, #2278, #6316, .T. ) ;
#4145 = CARTESIAN_POINT ( 'NONE',  ( -23.46642373514591995, 0.4291695277698539535, 57.18055883981502063 ) ) ;
#4146 = CARTESIAN_POINT ( 'NONE',  ( 51.31425063359077399, -34.63011674131438156, 51.05217627711259354 ) ) ;
#4147 = CARTESIAN_POINT ( 'NONE',  ( 55.96003971842499425, 46.72515150293143193, 57.20747821089145191 ) ) ;
#4148 = CARTESIAN_POINT ( 'NONE',  ( -31.27217364168724600, 65.85424978831757414, 51.89785346062458871 ) ) ;
#4149 = CARTESIAN_POINT ( 'NONE',  ( -7.022220210129845874, 71.75282667912757972, 51.85143016002238170 ) ) ;
#4150 = CARTESIAN_POINT ( 'NONE',  ( -3.796338014209776457, 21.21151615702809679, 50.61303042370089855 ) ) ;
#4151 = ORIENTED_EDGE ( 'NONE', *, *, #2491, .T. ) ;
#4152 = CARTESIAN_POINT ( 'NONE',  ( 14.87116343407953245, -1.568372921130570363, 65.00000000000000000 ) ) ;
#4153 = CARTESIAN_POINT ( 'NONE',  ( 2.450528355560092741, -25.32872216287696077, 56.85784167508757037 ) ) ;
#4154 = CARTESIAN_POINT ( 'NONE',  ( -36.09914288491435030, 35.45743705254167111, 55.18027443959117306 ) ) ;
#4155 = CARTESIAN_POINT ( 'NONE',  ( -12.32258844495985350, -15.66981630593283725, 51.57854543817946080 ) ) ;
#4156 = CARTESIAN_POINT ( 'NONE',  ( -61.61543616945270685, 4.120392782890557548, 56.96136644230784896 ) ) ;
#4157 = CARTESIAN_POINT ( 'NONE',  ( 19.44510869678994780, 4.162831794548461417, 53.26688491594975972 ) ) ;
#4158 = CARTESIAN_POINT ( 'NONE',  ( -56.13968020151061467, 61.68021191315609286, 53.30769127333542912 ) ) ;
#4159 = ORIENTED_EDGE ( 'NONE', *, *, #591, .F. ) ;
#4160 = LINE ( 'NONE', #5634, #2556 ) ;
#4161 = CARTESIAN_POINT ( 'NONE',  ( -7.569827965958592308, -15.77946021872598337, 54.27696379100260771 ) ) ;
#4162 = CARTESIAN_POINT ( 'NONE',  ( -58.18239041424806857, -26.33764546932658135, 49.31143996461796775 ) ) ;
#4163 = CARTESIAN_POINT ( 'NONE',  ( -12.51405092401803820, 12.23354456744274543, 53.55820979132739978 ) ) ;
#4164 = CARTESIAN_POINT ( 'NONE',  ( -22.47907219952759306, 0.8756945475971990023, 58.71511587918181618 ) ) ;
#4165 = CARTESIAN_POINT ( 'NONE',  ( -53.44385995077186635, -56.01461264155517483, 51.14420167295647701 ) ) ;
#4166 = CARTESIAN_POINT ( 'NONE',  ( 12.40535775290537757, -3.728663002681519512, 64.99999999999998579 ) ) ;
#4167 = CARTESIAN_POINT ( 'NONE',  ( -17.79812115355699831, -21.99949238238746574, 53.14737608129143354 ) ) ;
#4168 = CARTESIAN_POINT ( 'NONE',  ( -12.50540881305689389, -12.24382080636733505, 52.61205503374819870 ) ) ;
#4169 = CARTESIAN_POINT ( 'NONE',  ( 82.50530629852300990, 7.921546008174795261, 54.34170624387567017 ) ) ;
#4170 = CARTESIAN_POINT ( 'NONE',  ( 17.49999999999999645, 2.143131898507867854E-15, 65.00000000000000000 ) ) ;
#4171 = CARTESIAN_POINT ( 'NONE',  ( 22.53777649321390442, -47.18995739333037420, 58.51325196525990435 ) ) ;
#4172 = EDGE_CURVE ( 'NONE', #1394, #6236, #4390, .T. ) ;
#4173 = B_SPLINE_CURVE_WITH_KNOTS ( 'NONE', 3,
 ( #961, #5776, #6153, #5709, #4243, #2388, #1371, #1307, #1405, #5268, #3377, #4858, #2832, #411, #6286, #3859, #5202, #2766, #2354, #5676, #2900, #4309, #3344, #3728, #4728, #342, #2480, #27, #1050, #3467, #3498, #4496, #632, #2541, #1081, #2451, #1530, #4438, #2007, #3527, #4012, #56, #3951, #4407, #4913, #3046, #5422, #1978, #3922, #4468, #2988, #2066, #5004, #5873, #1503, #5901, #991, #5958, #116, #88, #4944, #2038, #3439, #1587, #4376, #5394, #1020, #5452, #3018, #5842, #1475, #2958, #3892, #5483, #1111, #541, #6319 ),
 .UNSPECIFIED., .F., .F.,
 ( 4, 1, 1, 1, 1, 1, 1, 1, 1, 2, 2, 2, 2, 2, 1, 1, 1, 1, 2, 2, 2, 2, 1, 1, 1, 1, 1, 2, 2, 2, 2, 2, 1, 1, 1, 1, 2, 2, 2, 1, 1, 1, 2, 2, 2, 2, 1, 1, 1, 2, 2, 4 ),
 ( 0.000000000000000000, 0.1250000000002405298, 0.1875000000003606282, 0.2187500000004204415, 0.2343750000004504452, 0.2421875000004652112, 0.2460937500004723444, 0.2480468750004761191, 0.2490234375004782286, 0.2495117187504790890, 0.2500000000004799494, 0.3125000000004432010, 0.3437500000004251044, 0.3593750000004160006, 0.3671875000004114487, 0.3710937500004092282, 0.3730468750004081735, 0.3740234375004077849, 0.3745117187504074519, 0.3750000000004071188, 0.4375000000003452238, 0.4687500000003143596, 0.4843750000002990941, 0.4921875000002914335, 0.4960937500002876588, 0.4980468750002859935, 0.4990234375002852163, 0.4995117187502850498, 0.5000000000002848832, 0.5625000000002207123, 0.5937500000001889600, 0.6093750000001730838, 0.6171875000001650902, 0.6210937500001612044, 0.6230468750001592060, 0.6240234375001583178, 0.6245117187501579847, 0.6250000000001576517, 0.6875000000001373346, 0.7187500000001272316, 0.7343750000001221245, 0.7421875000001195710, 0.7460937500001177947, 0.7500000000001161293, 0.8125000000000909273, 0.8437500000000781597, 0.8593750000000716094, 0.8671875000000682787, 0.8710937500000668354, 0.8730468750000660583, 0.8750000000000651701, 1.000000000000000000 ),
 .UNSPECIFIED. ) ;
#4174 = CARTESIAN_POINT ( 'NONE',  ( 36.15254892194355563, 63.09413326103596376, 57.29691220524426143 ) ) ;
#4175 = CARTESIAN_POINT ( 'NONE',  ( 23.62132186871400563, -60.55495988013105801, 58.15912182121713414 ) ) ;
#4176 = CARTESIAN_POINT ( 'NONE',  ( -6.810611111214686098, 35.50953949436686230, 52.29456833121324166 ) ) ;
#4177 = CARTESIAN_POINT ( 'NONE',  ( 17.06518871856670216, 28.70811014454255172, 58.83005169012493241 ) ) ;
#4178 = CARTESIAN_POINT ( 'NONE',  ( 5.537806312996512048, 44.54380871495283856, 50.80002471875751979 ) ) ;
#4179 = CARTESIAN_POINT ( 'NONE',  ( 36.54469180270724848, -13.05216433324057235, 50.63806070511809310 ) ) ;
#4180 = CARTESIAN_POINT ( 'NONE',  ( 28.44045037393420472, 12.35534620220265012, 55.84943537185080942 ) ) ;
#4181 = CARTESIAN_POINT ( 'NONE',  ( -30.57184977543809268, 78.29653237402349930, 51.55998777665484312 ) ) ;
#4182 = CARTESIAN_POINT ( 'NONE',  ( -5.697297399846694255, 71.27189233597086115, 51.76599811016554042 ) ) ;
#4183 = CARTESIAN_POINT ( 'NONE',  ( -6.591847064942852441, 31.69397201678113873, 52.37016523106601085 ) ) ;
#4184 = ORIENTED_EDGE ( 'NONE', *, *, #1848, .T. ) ;
#4185 = CARTESIAN_POINT ( 'NONE',  ( 15.54340855463475357, 26.82883819213880727, 58.88488203381649555 ) ) ;
#4186 = CARTESIAN_POINT ( 'NONE',  ( 1.341025091570042349, -45.00496966326458903, 56.52938570413367358 ) ) ;
#4187 = CARTESIAN_POINT ( 'NONE',  ( -33.42578800753596369, 37.82010969632542441, 54.84285211860134268 ) ) ;
#4188 = CARTESIAN_POINT ( 'NONE',  ( -14.37809236370649657, -21.07304844054880633, 51.91007014446914525 ) ) ;
#4189 = ADVANCED_FACE ( 'NONE', ( #5857 ), #3424, .F. ) ;
#4190 = VECTOR ( 'NONE', #3591, 1000.000000000000000 ) ;
#4191 = CARTESIAN_POINT ( 'NONE',  ( -22.20506303011922711, 4.544947997366017844, 56.30194003778078127 ) ) ;
#4192 = CARTESIAN_POINT ( 'NONE',  ( 27.62870589521771691, 5.784274360588200992, 53.25726081490449104 ) ) ;
#4193 = CARTESIAN_POINT ( 'NONE',  ( -21.78814755534546421, 74.29104671444386554, 51.14420167295647701 ) ) ;
#4194 = VERTEX_POINT ( 'NONE', #2220 ) ;
#4195 = DIRECTION ( 'NONE',  ( -1.000000000000000000, 0.000000000000000000, 0.000000000000000000 ) ) ;
#4196 = CARTESIAN_POINT ( 'NONE',  ( 15.05859917417615890, 8.918723908923213983, 56.46558641642184995 ) ) ;
#4197 = CARTESIAN_POINT ( 'NONE',  ( -27.67516100001806834, 0.4241821145071220100, 58.82151478427190483 ) ) ;
#4198 = CARTESIAN_POINT ( 'NONE',  ( 20.09081759185685456, -7.650454068891180626, 52.16614771641024362 ) ) ;
#4199 = CARTESIAN_POINT ( 'NONE',  ( 6.567317280233374355, -1.568372921130570363, 64.50000000000000000 ) ) ;
#4200 = CARTESIAN_POINT ( 'NONE',  ( -17.16792816858092863, -10.13257411251189311, 51.45215165198781904 ) ) ;
#4201 = CARTESIAN_POINT ( 'NONE',  ( 70.33084422865620411, 40.37097203481231844, 56.37269089668706812 ) ) ;
#4202 = CARTESIAN_POINT ( 'NONE',  ( 36.82886299213777193, -14.13638112645962686, 52.13958700891121367 ) ) ;
#4203 = CARTESIAN_POINT ( 'NONE',  ( 23.56115142796020478, -56.74855172466123321, 58.26479499836512588 ) ) ;
#4204 = CARTESIAN_POINT ( 'NONE',  ( 6.567317280233374355, 6.007869066048916018, 64.50000000000000000 ) ) ;
#4205 = CARTESIAN_POINT ( 'NONE',  ( 4.287830100746195860, -4.412643754463903889, 64.50000000000000000 ) ) ;
#4206 = CARTESIAN_POINT ( 'NONE',  ( 19.64242934991042944, 32.47131526059035167, 58.79085162930194031 ) ) ;
#4207 = EDGE_CURVE ( 'NONE', #5885, #2807, #345, .T. ) ;
#4208 = CARTESIAN_POINT ( 'NONE',  ( 15.94852002539225566, -7.204567573535531011, 50.22821245501211962 ) ) ;
#4209 = CARTESIAN_POINT ( 'NONE',  ( 51.95664585115467560, -38.40582232139915675, 50.84782201340048147 ) ) ;
#4210 = CLOSED_SHELL ( 'NONE', ( #4456, #2267, #3230, #2311, #363, #2001 ) ) ;
#4211 = CARTESIAN_POINT ( 'NONE',  ( 27.56712261890095661, 14.36565867107668382, 56.18688335627081898 ) ) ;
#4212 = CARTESIAN_POINT ( 'NONE',  ( -17.44988438908560013, 1.323480693423946919, 56.89265487349256034 ) ) ;
#4213 = CARTESIAN_POINT ( 'NONE',  ( -3.767381077787765875, 22.40803442129712764, 50.56121135012551093 ) ) ;
#4214 = CARTESIAN_POINT ( 'NONE',  ( 39.44474430039232971, -21.70952292942505579, 49.87637765532084444 ) ) ;
#4215 = CARTESIAN_POINT ( 'NONE',  ( -3.768062500306697871, 50.80811554834165378, 50.13243654230478796 ) ) ;
#4216 = EDGE_LOOP ( 'NONE', ( #4250, #4647, #4543, #1463 ) ) ;
#4217 = CARTESIAN_POINT ( 'NONE',  ( 12.79866600643214625, 21.99167000453632781, 58.88014244788298868 ) ) ;
#4218 = CARTESIAN_POINT ( 'NONE',  ( -1.342535958202011992, -31.05665783274714897, 56.18688335627081898 ) ) ;
#4219 = CARTESIAN_POINT ( 'NONE',  ( -27.16700037685456337, 20.09119710714591633, 55.85072753483828478 ) ) ;
#4220 = CARTESIAN_POINT ( 'NONE',  ( -25.52299733132482018, -37.09183757616764865, 51.90062476392940027 ) ) ;
#4221 = CARTESIAN_POINT ( 'NONE',  ( -25.00487250809798923, 13.25050031764860670, 54.94442675994197600 ) ) ;
#4222 = CARTESIAN_POINT ( 'NONE',  ( 25.79261070428922409, 11.46879992952301386, 54.26935867288253235 ) ) ;
#4223 = CARTESIAN_POINT ( 'NONE',  ( -41.33258063032670293, 70.79307458249490992, 52.30535316567505788 ) ) ;
#4224 = ORIENTED_EDGE ( 'NONE', *, *, #6253, .F. ) ;
#4225 = EDGE_CURVE ( 'NONE', #4482, #1359, #5839, .T. ) ;
#4226 = SURFACE_SIDE_STYLE ('',( #6140 ) ) ;
#4227 = CARTESIAN_POINT ( 'NONE',  ( 3.610063651691040931, -19.60525220991302575, 55.63003255847631578 ) ) ;
#4228 = CIRCLE ( 'NONE', #566, 15.00000000000000000 ) ;
#4229 = CYLINDRICAL_SURFACE ( 'NONE', #2105, 17.49999999999999645 ) ;
#4230 = CARTESIAN_POINT ( 'NONE',  ( -28.36266729105341966, 0.4001779076013198266, 58.82663414168938232 ) ) ;
#4231 = B_SPLINE_CURVE_WITH_KNOTS ( 'NONE', 3,
 ( #504, #4400, #4582, #752, #5984, #1612, #3101, #4036, #4161, #2691, #1643, #5155, #657, #4131, #2120, #719, #4650, #3165, #5569, #3132, #6107, #1740, #3551, #1135, #3071, #5062, #2630, #4616, #5092, #5635, #2599, #2182, #5029, #4552, #3684, #4065, #1265, #3199, #3583, #5536, #873, #1166, #198, #4097, #686, #4520, #6044, #6076, #140, #1676, #3615, #2089, #5602, #3650, #1231, #3622, #1651, #5544, #1174, #4103, #268, #3173, #4168, #3109, #6113, #4624, #3690, #2636, #1272, #5161, #791, #4589, #4687, #5512, #693, #300, #5577, #2248 ),
 .UNSPECIFIED., .F., .F.,
 ( 4, 1, 1, 1, 1, 1, 1, 1, 1, 2, 2, 2, 2, 2, 1, 1, 1, 1, 2, 2, 2, 2, 1, 1, 1, 1, 1, 2, 2, 2, 2, 2, 1, 1, 1, 1, 2, 2, 2, 2, 1, 1, 2, 2, 2, 2, 1, 1, 1, 2, 2, 4 ),
 ( 0.000000000000000000, 0.1250000000005822010, 0.1875000000008735235, 0.2187500000010187962, 0.2343750000010915158, 0.2421875000011275980, 0.2460937500011453061, 0.2480468750011542989, 0.2490234375011590173, 0.2495117187511613210, 0.2500000000011636248, 0.3125000000013585244, 0.3437500000014559465, 0.3593750000015046298, 0.3671875000015289436, 0.3710937500015412116, 0.3730468750015475399, 0.3740234375015509816, 0.3745117187515524804, 0.3750000000015539792, 0.4375000000017135737, 0.4687500000017936763, 0.4843750000018340884, 0.4921875000018540725, 0.4960937500018641755, 0.4980468750018695601, 0.4990234375018722801, 0.4995117187518739454, 0.5000000000018756108, 0.5625000000016145973, 0.5937500000014845902, 0.6093750000014196422, 0.6171875000013872237, 0.6210937500013709034, 0.6230468750013626877, 0.6240234375013586909, 0.6245117187513569146, 0.6250000000013550272, 0.6875000000011293189, 0.7187500000010168533, 0.7343750000009604539, 0.7421875000009323653, 0.7460937500009183765, 0.7500000000009043877, 0.8125000000006814549, 0.8437500000005696554, 0.8593750000005135892, 0.8671875000004857226, 0.8710937500004719558, 0.8730468750004650724, 0.8750000000004581890, 1.000000000000000000 ),
 .UNSPECIFIED. ) ;
#4232 = ORIENTED_EDGE ( 'NONE', *, *, #5816, .T. ) ;
#4233 = CARTESIAN_POINT ( 'NONE',  ( 18.80351916009571767, -7.578711462295708579, 52.07582078196823971 ) ) ;
#4234 = CARTESIAN_POINT ( 'NONE',  ( 7.946630858715171719, -6.048855354092207648, 65.00000000000002842 ) ) ;
#4235 = CARTESIAN_POINT ( 'NONE',  ( -27.70807213664746271, -19.33868644089969990, 51.80067668047468032 ) ) ;
#4236 = CARTESIAN_POINT ( 'NONE',  ( -54.06743817957327991, -27.57127195859908753, 51.13818293625185873 ) ) ;
#4237 = CARTESIAN_POINT ( 'NONE',  ( 74.23958955386511605, -19.87169547285803617, 52.63601075250896599 ) ) ;
#4238 = B_SPLINE_CURVE_WITH_KNOTS ( 'NONE', 3,
 ( #884, #1773, #3267, #3203, #3234, #850, #5158, #4233, #3781, #2725, #4719, #788, #817, #2244, #4198, #3719, #2279, #3750, #6179, #1806, #5699, #402, #1328, #4751, #2313, #4267, #6212, #1837, #4784, #2343, #4300, #468, #3402, #48, #3430, #19, #3915, #5444, #5921, #2029, #4906, #4431, #6276, #5415, #1970, #5387, #3490, #4879, #982, #78, #3942, #4398, #1072, #5864, #2891, #1551, #502, #2443, #3010, #1998, #4848, #4966, #4460, #1496, #533, #595, #1906, #5892, #2532, #5359, #6309, #1011, #2950, #2472, #2922, #3850, #1523, #5801, #2411, #1432, #3368, #5328, #3459, #3973, #1042, #2980, #4936, #564, #949, #2501, #4367, #1936, #3882, #5833, #1464, #3641, #3253, #109, #5593, #2173, #805, #3707, #5477, #4489, #4671, #5210, #2233 ),
 .UNSPECIFIED., .F., .F.,
 ( 4, 2, 2, 1, 1, 1, 1, 2, 2, 2, 2, 1, 1, 1, 2, 2, 2, 2, 1, 1, 1, 2, 2, 2, 2, 1, 1, 1, 1, 2, 2, 2, 2, 1, 1, 1, 1, 1, 2, 2, 2, 2, 1, 1, 1, 1, 2, 2, 2, 2, 1, 1, 1, 1, 2, 2, 2, 2, 1, 1, 1, 2, 2, 2, 2, 1, 2, 2, 4 ),
 ( 0.000000000000000000, 0.03124999999997463140, 0.04687499999996192629, 0.05468749999995559108, 0.05859374999995242000, 0.06054687499995082406, 0.06152343749995012323, 0.06201171874994985261, 0.06249999999994958200, 0.09374999999992816857, 0.1093749999999175659, 0.1171874999999121675, 0.1210937499999094613, 0.1230468749999081013, 0.1240234374999074213, 0.1249999999999067413, 0.1562499999998874234, 0.1718749999998776534, 0.1796874999998727684, 0.1835937499998703260, 0.1855468749998690214, 0.1865234374998684108, 0.1874999999998677724, 0.2187499999998498423, 0.2343749999998409606, 0.2421874999998365197, 0.2460937499998342992, 0.2480468749998331890, 0.2490234374998327171, 0.2495117187498324396, 0.2499999999998321898, 0.3124999999998187006, 0.3437499999998117617, 0.3593749999998082645, 0.3671874999998067102, 0.3710937499998060995, 0.3730468749998059885, 0.3740234374998058775, 0.3745117187498060440, 0.3749999999998062106, 0.4374999999998337996, 0.4687499999998477884, 0.4843749999998548939, 0.4921874999998584466, 0.4960937499998602229, 0.4980468749998609446, 0.4990234374998612221, 0.4999999999998615552, 0.5624999999998986366, 0.5937499999999170663, 0.6093749999999265032, 0.6171874999999311662, 0.6210937499999334976, 0.6230468749999344968, 0.6240234374999349409, 0.6249999999999353850, 0.6874999999999459321, 0.7187499999999511502, 0.7343749999999540368, 0.7421874999999555911, 0.7460937499999564793, 0.7480468749999567013, 0.7499999999999570344, 0.8124999999999679146, 0.8437499999999732436, 0.8593749999999760192, 0.8671874999999775735, 0.8749999999999791278, 1.000000000000000000 ),
 .UNSPECIFIED. ) ;
#4239 = CARTESIAN_POINT ( 'NONE',  ( -19.64167945391941217, -17.32022496686317581, 52.34666922893019603 ) ) ;
#4240 = CARTESIAN_POINT ( 'NONE',  ( 23.31090106169837028, -65.05934536177205985, 58.02792187183192141 ) ) ;
#4241 = PRESENTATION_STYLE_ASSIGNMENT (( #1369 ) ) ;
#4242 = DIRECTION ( 'NONE',  ( 0.000000000000000000, -1.000000000000000000, 0.000000000000000000 ) ) ;
#4243 = CARTESIAN_POINT ( 'NONE',  ( 17.41425676012164914, 1.749805890335112135, 54.39080318277033399 ) ) ;
#4244 = CARTESIAN_POINT ( 'NONE',  ( 7.550195645298909852, 61.10205710628842724, 50.80081706599198554 ) ) ;
#4245 = CARTESIAN_POINT ( 'NONE',  ( -10.71841374496489507, 72.79051109124982588, 50.48009807287471773 ) ) ;
#4246 = CARTESIAN_POINT ( 'NONE',  ( 20.81888970485811896, 8.962465792647613227, 55.84189009651882429 ) ) ;
#4247 = CARTESIAN_POINT ( 'NONE',  ( -1.016212540314241020, 50.58966572601109846, 49.87550401376276454 ) ) ;
#4248 = CARTESIAN_POINT ( 'NONE',  ( -70.42842020930915226, 39.83929073299747614, 56.42664571484115044 ) ) ;
#4249 = CARTESIAN_POINT ( 'NONE',  ( 81.97530443833834113, 0.3054723059335786028, 53.90264542466304931 ) ) ;
#4250 = ORIENTED_EDGE ( 'NONE', *, *, #3677, .F. ) ;
#4251 = CARTESIAN_POINT ( 'NONE',  ( 52.50823389372632022, 50.57315895831712282, 57.54510740563146243 ) ) ;
#4252 = CARTESIAN_POINT ( 'NONE',  ( 2.615642507327080146, -84.01249768747217672, 56.53267012215216170 ) ) ;
#4253 = VECTOR ( 'NONE', #955, 1000.000000000000000 ) ;
#4254 = CARTESIAN_POINT ( 'NONE',  ( -19.34866874559870453, 16.62535425765470976, 55.50738889126646569 ) ) ;
#4255 = CARTESIAN_POINT ( 'NONE',  ( -38.56569488075799512, -48.22729968105600307, 51.56049452375101083 ) ) ;
#4256 = CARTESIAN_POINT ( 'NONE',  ( -76.52924823614621630, 34.25094259370816019, 55.27278240733008374 ) ) ;
#4257 = CARTESIAN_POINT ( 'NONE',  ( 28.21619548424650503, -2.156322895866420009, 51.90713921848389134 ) ) ;
#4258 = CARTESIAN_POINT ( 'NONE',  ( 10.97950486643792800, -4.729428030579197362, 65.00000000000001421 ) ) ;
#4259 = VERTEX_POINT ( 'NONE', #4403 ) ;
#4260 = PLANE ( 'NONE',  #6023 ) ;
#4261 = B_SPLINE_CURVE_WITH_KNOTS ( 'NONE', 3,
 ( #3032, #40, #2464, #4481, #101, #5944, #1034, #1573, #3061, #5913, #69, #2494, #2020, #2557, #3513, #161, #3091, #3965, #4451 ),
 .UNSPECIFIED., .F., .F.,
 ( 4, 1, 1, 1, 1, 1, 1, 1, 1, 1, 1, 1, 1, 1, 1, 1, 4 ),
 ( 0.000000000000000000, 0.07221874799288185987, 0.1394897657276684688, 0.2003699977303417534, 0.2564327255100086189, 0.3078035215508906908, 0.3536585165318466006, 0.3944199056460608310, 0.4301557059443434916, 0.4966662725087367392, 0.5620176176150516456, 0.6287545482746029757, 0.6974096406803552695, 0.7680791946526321912, 0.8413381260898062930, 0.9183362465478037695, 1.000000000000000000 ),
 .UNSPECIFIED. ) ;
#4262 = CARTESIAN_POINT ( 'NONE',  ( 7.825762350288211877, -44.33905783412490109, 55.61371472426824170 ) ) ;
#4263 = CARTESIAN_POINT ( 'NONE',  ( -17.09825017124844848, 3.766092545314952744, 57.87741200784859785 ) ) ;
#4264 = CARTESIAN_POINT ( 'NONE',  ( -59.56961354803272712, -34.56133742447516255, 51.39643518157087243 ) ) ;
#4265 = ORIENTED_EDGE ( 'NONE', *, *, #1066, .T. ) ;
#4266 = ORIENTED_EDGE ( 'NONE', *, *, #3658, .T. ) ;
#4267 = CARTESIAN_POINT ( 'NONE',  ( 23.33456789349169114, -8.055426479637832315, 52.31100701728234270 ) ) ;
#4268 = CARTESIAN_POINT ( 'NONE',  ( 6.670879433471412767, -3.497639896844530583, 64.50000000000000000 ) ) ;
#4269 = CARTESIAN_POINT ( 'NONE',  ( -32.87484409441463384, -30.76339656603399675, 52.47839215908295074 ) ) ;
#4270 = CARTESIAN_POINT ( 'NONE',  ( 56.59572760285458060, 51.47842407097939343, 57.40907933703687860 ) ) ;
#4271 = CARTESIAN_POINT ( 'NONE',  ( -3.759029452367076640, 17.21213466992552554, 50.78320971472737710 ) ) ;
#4272 = CARTESIAN_POINT ( 'NONE',  ( 10.29915484950964455, -19.66755810586182562, 58.70480786391371453 ) ) ;
#4273 = CARTESIAN_POINT ( 'NONE',  ( 18.07083833783335791, -32.14885846366662037, 57.21880190656658272 ) ) ;
#4274 = DIRECTION ( 'NONE',  ( 0.000000000000000000, 0.000000000000000000, 1.000000000000000000 ) ) ;
#4275 = CARTESIAN_POINT ( 'NONE',  ( 10.20966767663249719, 14.21350686928331264, 58.43841015998027189 ) ) ;
#4276 = CARTESIAN_POINT ( 'NONE',  ( 14.87116343407953245, -1.568372921130570363, 65.00000000000000000 ) ) ;
#4277 = CARTESIAN_POINT ( 'NONE',  ( 47.64134946493670242, -24.90447773476565629, 49.97974766744359698 ) ) ;
#4278 = CARTESIAN_POINT ( 'NONE',  ( 83.33818459372032805, 10.94367628779032486, 54.50749617541528380 ) ) ;
#4279 = CARTESIAN_POINT ( 'NONE',  ( 1.644771995294505462, 33.83087111098663513, 49.54526119052251687 ) ) ;
#4280 = CARTESIAN_POINT ( 'NONE',  ( -59.62656580526208216, 58.24212760521380972, 55.19071695520833032 ) ) ;
#4281 = CARTESIAN_POINT ( 'NONE',  ( 75.74827785406009184, 32.77451731804360691, 55.83437979752615377 ) ) ;
#4282 = EDGE_LOOP ( 'NONE', ( #1544, #4871, #4299, #2117 ) ) ;
#4283 = CARTESIAN_POINT ( 'NONE',  ( 17.12998739223292688, 18.81667381402701622, 57.87153427782239135 ) ) ;
#4284 = CARTESIAN_POINT ( 'NONE',  ( -9.236020380440276512, -83.33391413386385693, 55.85759323522263031 ) ) ;
#4285 = CARTESIAN_POINT ( 'NONE',  ( -31.66046338931166559, 23.36863248584461417, 55.85331186081324262 ) ) ;
#4286 = CARTESIAN_POINT ( 'NONE',  ( -22.34531447527699655, -32.51049765025393867, 51.90162338653559715 ) ) ;
#4287 = CARTESIAN_POINT ( 'NONE',  ( -25.81256202364691532, 11.42433175150439695, 55.28238615422435487 ) ) ;
#4288 = CARTESIAN_POINT ( 'NONE',  ( 61.55367154703324672, -4.935275807193702846, 51.89824442918263969 ) ) ;
#4289 = CARTESIAN_POINT ( 'NONE',  ( 8.403359906569342286, -6.387199878107151285, 64.50000000000000000 ) ) ;
#4290 = ORIENTED_EDGE ( 'NONE', *, *, #4699, .T. ) ;
#4291 = CARTESIAN_POINT ( 'NONE',  ( 66.60949513930644628, -28.86569112312920637, 50.32955689647991449 ) ) ;
#4292 = CARTESIAN_POINT ( 'NONE',  ( 10.67599115843850477, -4.738284780104929261, 64.50000000000000000 ) ) ;
#4293 = CARTESIAN_POINT ( 'NONE',  ( 6.303811146648722108, -24.71792359479406187, 55.96153492361311521 ) ) ;
#4294 = ADVANCED_FACE ( 'NONE', ( #3407 ), #1844, .T. ) ;
#4295 = VECTOR ( 'NONE', #827, 1000.000000000000000 ) ;
#4296 = DIRECTION ( 'NONE',  ( -1.000000000000000000, 0.000000000000000000, 0.000000000000000000 ) ) ;
#4297 = CARTESIAN_POINT ( 'NONE',  ( -52.92913227197238513, -57.08638197805547065, 52.81664136606672599 ) ) ;
#4298 = EDGE_LOOP ( 'NONE', ( #4397, #324, #1997, #5114 ) ) ;
#4299 = ORIENTED_EDGE ( 'NONE', *, *, #4993, .T. ) ;
#4300 = CARTESIAN_POINT ( 'NONE',  ( 25.27214650390149586, -8.451981491910101951, 52.35469257555030254 ) ) ;
#4301 = DIRECTION ( 'NONE',  ( -0.000000000000000000, 0.000000000000000000, 1.000000000000000000 ) ) ;
#4302 = CARTESIAN_POINT ( 'NONE',  ( -14.79669657612250866, -8.666282177101214401, 51.44309284680041827 ) ) ;
#4303 = PLANE ( 'NONE',  #3909 ) ;
#4304 = CARTESIAN_POINT ( 'NONE',  ( 63.45239014771415498, 46.93953183809876606, 56.92582155117155196 ) ) ;
#4305 = CARTESIAN_POINT ( 'NONE',  ( -15.71716483238418149, -12.09730401680762313, 52.03826237305165847 ) ) ;
#4306 = CARTESIAN_POINT ( 'NONE',  ( 15.04742410460752033, -26.78251354650903338, 58.83638904851498808 ) ) ;
#4307 = CARTESIAN_POINT ( 'NONE',  ( 23.42279693398652540, -65.34887600121922446, 56.42265605877345536 ) ) ;
#4308 = CARTESIAN_POINT ( 'NONE',  ( 0.6251683119413344869, 57.72782088774252429, 51.33481428111987555 ) ) ;
#4309 = CARTESIAN_POINT ( 'NONE',  ( 17.50093842817146594, -0.1116689216422735026, 53.88218530421546149 ) ) ;
#4310 = EDGE_CURVE ( 'NONE', #3549, #4482, #1437, .T. ) ;
#4311 = CARTESIAN_POINT ( 'NONE',  ( 14.79193186291421291, -3.492974238695619071, 64.50000000000000000 ) ) ;
#4312 = DIRECTION ( 'NONE',  ( -0.000000000000000000, -0.000000000000000000, 1.000000000000000000 ) ) ;
#4313 = CARTESIAN_POINT ( 'NONE',  ( 39.38314214004780922, 2.279926661123614196, 54.16629776683866737 ) ) ;
#4314 = CARTESIAN_POINT ( 'NONE',  ( 2.219423440850381901, 19.74317494430134090, 49.22685423379570580 ) ) ;
#4315 = CARTESIAN_POINT ( 'NONE',  ( -62.09777147382734341, 55.44654748356361296, 55.40441076134295884 ) ) ;
#4316 = CARTESIAN_POINT ( 'NONE',  ( 73.20990861032254315, -21.42207814381044884, 50.92390633725306515 ) ) ;
#4317 = ORIENTED_EDGE ( 'NONE', *, *, #343, .T. ) ;
#4318 = CARTESIAN_POINT ( 'NONE',  ( 12.39916635701066738, 15.60973924349389463, 58.20239964610295402 ) ) ;
#4319 = CARTESIAN_POINT ( 'NONE',  ( -11.53416378748925730, -22.75401180628852416, 54.15800197831914886 ) ) ;
#4320 = COLOUR_RGB ( '',0.7921568627450980005, 0.8196078431372548767, 0.9333333333333333481 ) ;
#4321 = CARTESIAN_POINT ( 'NONE',  ( -27.82769497410610882, 42.26108330263880219, 54.16797247036197405 ) ) ;
#4322 = CARTESIAN_POINT ( 'NONE',  ( -36.15731294571673970, -15.46732971689056590, 49.21009500548041871 ) ) ;
#4323 = CARTESIAN_POINT ( 'NONE',  ( -27.29949872826142965, 19.91078708678647402, 54.26646227566343583 ) ) ;
#4324 = CARTESIAN_POINT ( 'NONE',  ( 25.23788845424617477, -3.714988814744573098, 51.57190964358890994 ) ) ;
#4325 = CARTESIAN_POINT ( 'NONE',  ( 11.98928693633682663, -4.293304239928579236, 65.00000000000000000 ) ) ;
#4326 = EDGE_LOOP ( 'NONE', ( #5600, #948, #2848, #6005 ) ) ;
#4327 = CARTESIAN_POINT ( 'NONE',  ( 60.52442806210513027, 49.18613330096953007, 55.53895740161986794 ) ) ;
#4328 = CARTESIAN_POINT ( 'NONE',  ( -16.95250407385625735, 2.579904329157598042, 58.19336240065094046 ) ) ;
#4329 = CARTESIAN_POINT ( 'NONE',  ( 14.90204431247174455, -36.52576661060462015, 56.62778446716791336 ) ) ;
#4330 = CARTESIAN_POINT ( 'NONE',  ( -45.38858511875948665, -28.80638003982431883, 49.97974766744359698 ) ) ;
#4331 = CARTESIAN_POINT ( 'NONE',  ( -38.72065559004277446, -72.65554447773169500, 54.04695963311658602 ) ) ;
#4332 = CARTESIAN_POINT ( 'NONE',  ( 20.73822202569508377, 26.78289059440558617, 56.63041936701097967 ) ) ;
#4333 = EDGE_CURVE ( 'NONE', #2495, #5476, #968, .T. ) ;
#4334 = ORIENTED_EDGE ( 'NONE', *, *, #5051, .F. ) ;
#4335 = CARTESIAN_POINT ( 'NONE',  ( 12.59167625459235040, 6.007869066048916018, 65.00000000000000000 ) ) ;
#4336 = CARTESIAN_POINT ( 'NONE',  ( 6.670879433471412767, -3.497639896844530583, 65.00000000000000000 ) ) ;
#4337 = CARTESIAN_POINT ( 'NONE',  ( -43.38164161133259000, -26.04574280033363820, 51.46841850548779718 ) ) ;
#4338 = LINE ( 'NONE', #439, #3183 ) ;
#4339 = CARTESIAN_POINT ( 'NONE',  ( 8.870119207625597468, -2.962014861885151618, 65.00000000000000000 ) ) ;
#4340 = CARTESIAN_POINT ( 'NONE',  ( -20.04201375277179054, -17.75214538463682956, 52.35662854295784996 ) ) ;
#4341 = CARTESIAN_POINT ( 'NONE',  ( 13.83476941151077888, -24.76287934693882775, 58.82663414168937521 ) ) ;
#4342 = DIRECTION ( 'NONE',  ( 1.000000000000000000, 0.000000000000000000, -0.000000000000000000 ) ) ;
#4343 = CARTESIAN_POINT ( 'NONE',  ( -2.253613149238084645, 53.43832491394661588, 51.58797621836414038 ) ) ;
#4344 = CARTESIAN_POINT ( 'NONE',  ( 11.45576632267004946, 17.68943649222621772, 58.65951026572588489 ) ) ;
#4345 = CARTESIAN_POINT ( 'NONE',  ( 14.79193186291421291, -3.492974238695619071, 65.00000000000000000 ) ) ;
#4346 = CARTESIAN_POINT ( 'NONE',  ( -67.51540041984063123, 46.93527293629899333, 54.38131881546944868 ) ) ;
#4347 = CARTESIAN_POINT ( 'NONE',  ( 72.77357037465007750, 4.333768158268542336, 54.16971822613108856 ) ) ;
#4348 = CARTESIAN_POINT ( 'NONE',  ( -5.537004765575657572, 61.34823422931273740, 50.21053397710712574 ) ) ;
#4349 = EDGE_CURVE ( 'NONE', #3003, #1431, #4075, .T. ) ;
#4350 = CARTESIAN_POINT ( 'NONE',  ( -19.37260576379739163, 74.19551375783144920, 52.60424460612308195 ) ) ;
#4351 = CARTESIAN_POINT ( 'NONE',  ( 66.43838623719733505, 44.40988076766144133, 56.69781885574521851 ) ) ;
#4352 = CARTESIAN_POINT ( 'NONE',  ( 26.05680429419119548, 21.64345640217903366, 57.20159324862473227 ) ) ;
#4353 = CARTESIAN_POINT ( 'NONE',  ( -8.211199746709585412, 15.00582139022593786, 53.80460641918874387 ) ) ;
#4354 = CARTESIAN_POINT ( 'NONE',  ( -36.69606584723042886, -25.89483246728553922, 50.21285285563457990 ) ) ;
#4355 = CARTESIAN_POINT ( 'NONE',  ( -18.36424122085256982, 13.28555813997477486, 54.27516978722993457 ) ) ;
#4356 = CARTESIAN_POINT ( 'NONE',  ( 31.02193052785982985, 1.992038513473182171, 52.58082406396361819 ) ) ;
#4357 = CARTESIAN_POINT ( 'NONE',  ( 8.164728054029154691, -6.226736150662890878, 64.49999999999997158 ) ) ;
#4358 = ORIENTED_EDGE ( 'NONE', *, *, #5738, .F. ) ;
#4359 = CARTESIAN_POINT ( 'NONE',  ( 12.59167625459235040, -1.952527568566468030, 64.50000000000000000 ) ) ;
#4360 = CARTESIAN_POINT ( 'NONE',  ( -19.41308539166610458, 4.305198105191786695, 57.86495959554348190 ) ) ;
#4361 = CARTESIAN_POINT ( 'NONE',  ( 14.49808251110864710, -82.79387037085588474, 55.61030659607307314 ) ) ;
#4362 = FACE_OUTER_BOUND ( 'NONE', #3391, .T. ) ;
#4363 = CARTESIAN_POINT ( 'NONE',  ( -34.39239306893529147, -75.41246420562438857, 54.34170624387564885 ) ) ;
#4364 = ORIENTED_EDGE ( 'NONE', *, *, #6079, .F. ) ;
#4365 =( NAMED_UNIT ( * ) SI_UNIT ( $, .STERADIAN. ) SOLID_ANGLE_UNIT ( ) );
#4366 = EDGE_LOOP ( 'NONE', ( #3842, #3640, #5177, #1322 ) ) ;
#4367 = CARTESIAN_POINT ( 'NONE',  ( 47.85181526022690690, -25.55402017196652409, 51.54480248893264616 ) ) ;
#4368 = CARTESIAN_POINT ( 'NONE',  ( -0.2711442582281620162, -0.9934129852331345933, 65.00000000000000000 ) ) ;
#4369 = CARTESIAN_POINT ( 'NONE',  ( -6.819064649059646044, 31.64590394588650568, 50.78700973435833532 ) ) ;
#4370 = CARTESIAN_POINT ( 'NONE',  ( -35.77254119176579650, -27.39615023678062400, 52.00451690984960607 ) ) ;
#4371 = CARTESIAN_POINT ( 'NONE',  ( 59.01518187559016582, 50.06311200415854046, 57.24385595671245852 ) ) ;
#4372 = CARTESIAN_POINT ( 'NONE',  ( -15.82987383395658476, -12.28012089098777615, 52.05599737866297971 ) ) ;
#4373 = CARTESIAN_POINT ( 'NONE',  ( -7.760887847971752684, -2.349402568566467675, 65.00000000000000000 ) ) ;
#4374 = CARTESIAN_POINT ( 'NONE',  ( 8.846804459720553737, 6.007869066048916018, 64.50000000000000000 ) ) ;
#4375 = DIRECTION ( 'NONE',  ( 0.000000000000000000, -1.000000000000000000, 0.000000000000000000 ) ) ;
#4376 = CARTESIAN_POINT ( 'NONE',  ( 16.72794481735895999, -5.151321257748133320, 52.48619884526036827 ) ) ;
#4377 = CARTESIAN_POINT ( 'NONE',  ( 0.000000000000000000, 0.000000000000000000, 65.00000000000000000 ) ) ;
#4378 = DIRECTION ( 'NONE',  ( 0.000000000000000000, -1.000000000000000000, 0.000000000000000000 ) ) ;
#4379 = ADVANCED_FACE ( 'NONE', ( #5065 ), #4681, .F. ) ;
#4380 = CARTESIAN_POINT ( 'NONE',  ( 27.29122708268274167, 7.482149017406536373, 55.17302835700154873 ) ) ;
#4381 = CARTESIAN_POINT ( 'NONE',  ( 16.85158407960645732, 4.720719989624080348, 53.55821104768276797 ) ) ;
#4382 = CARTESIAN_POINT ( 'NONE',  ( 28.70461492724705721, 42.38160259095295856, 58.54148984474308293 ) ) ;
#4383 = CARTESIAN_POINT ( 'NONE',  ( 69.96347487253414954, 40.87895480146944038, 56.40848206637134155 ) ) ;
#4384 = CARTESIAN_POINT ( 'NONE',  ( -9.078656753588321138, 29.64868982332465919, 52.81115855238404322 ) ) ;
#4385 = CARTESIAN_POINT ( 'NONE',  ( -70.23344595389181677, 13.95267001032918941, 57.94671040211554214 ) ) ;
#4386 = CARTESIAN_POINT ( 'NONE',  ( -36.20480447734667706, 35.34954132789448522, 53.58738163758647488 ) ) ;
#4387 = CARTESIAN_POINT ( 'NONE',  ( 33.78851449519702754, -0.2383502669040484800, 52.24185941959986224 ) ) ;
#4388 = CARTESIAN_POINT ( 'NONE',  ( 10.61739671306626676, -7.015927983390279010, 64.50000000000001421 ) ) ;
#4389 = VERTEX_POINT ( 'NONE', #201 ) ;
#4390 = LINE ( 'NONE', #11, #2286 ) ;
#4391 = CARTESIAN_POINT ( 'NONE',  ( -24.86071123378923531, 5.426667341167589420, 57.87153427782239135 ) ) ;
#4392 = CARTESIAN_POINT ( 'NONE',  ( 8.602437728359767277, -83.40174440188214078, 55.27278240733008374 ) ) ;
#4393 = B_SPLINE_CURVE_WITH_KNOTS ( 'NONE', 1,
 ( #483, #1982 ),
 .UNSPECIFIED., .F., .F.,
 ( 2, 2 ),
 ( 0.000000000000000000, 1.000000000000000000 ),
 .UNSPECIFIED. ) ;
#4394 = LINE ( 'NONE', #15, #3222 ) ;
#4395 = CARTESIAN_POINT ( 'NONE',  ( -57.46077619453286189, -46.50743482287430197, 52.13373510872082761 ) ) ;
#4396 = CARTESIAN_POINT ( 'NONE',  ( 9.744916357219199909, 17.33185381260044622, 57.31398685833439544 ) ) ;
#4397 = ORIENTED_EDGE ( 'NONE', *, *, #4016, .F. ) ;
#4398 = CARTESIAN_POINT ( 'NONE',  ( 33.32398010434253166, -11.41141031044991117, 52.31487420749117234 ) ) ;
#4399 = CARTESIAN_POINT ( 'NONE',  ( -55.22610249530881532, -52.61824268403611171, 52.52077884928650775 ) ) ;
#4400 = CARTESIAN_POINT ( 'NONE',  ( -5.233923943947075941, -16.70804634316236559, 54.96308084591898080 ) ) ;
#4401 = CARTESIAN_POINT ( 'NONE',  ( 9.276966714887571186, -4.167583349304138984, 64.99999999999998579 ) ) ;
#4402 = CARTESIAN_POINT ( 'NONE',  ( -33.71082311333077541, -26.66589753615936331, 52.08332413202833777 ) ) ;
#4403 = CARTESIAN_POINT ( 'NONE',  ( -59.19163364488522205, -25.90055869895256890, 49.25214573503922821 ) ) ;
#4404 = VECTOR ( 'NONE', #1561, 1000.000000000000000 ) ;
#4405 = DIRECTION ( 'NONE',  ( -1.000000000000000000, 0.000000000000000000, -0.000000000000000000 ) ) ;
#4406 = CARTESIAN_POINT ( 'NONE',  ( 0.2902285265353726773, -17.49909349994442920, 56.49169753449290710 ) ) ;
#4407 = CARTESIAN_POINT ( 'NONE',  ( 17.33280408715770449, -2.430076013082569375, 53.24745941462273180 ) ) ;
#4408 = CARTESIAN_POINT ( 'NONE',  ( 36.54469180270724848, -13.05216433324057235, 50.63806070511809310 ) ) ;
#4409 = CARTESIAN_POINT ( 'NONE',  ( -65.34468817151532960, 50.75730967330091659, 54.12874008612671872 ) ) ;
#4410 = CARTESIAN_POINT ( 'NONE',  ( 60.06595687977362275, -13.64873329275665803, 52.81880196318592624 ) ) ;
#4411 = CARTESIAN_POINT ( 'NONE',  ( -9.869015503983879611, 14.45324389403346643, 54.27316891539243215 ) ) ;
#4412 = CARTESIAN_POINT ( 'NONE',  ( -72.37702208739874266, 31.48161587971314646, 56.92582155117155196 ) ) ;
#4413 = CARTESIAN_POINT ( 'NONE',  ( 44.68759530603044539, 52.71750518542265240, 58.02792187183193562 ) ) ;
#4414 = EDGE_CURVE ( 'NONE', #2172, #5278, #1269, .T. ) ;
#4415 = LINE ( 'NONE', #2428, #4007 ) ;
#4416 = CARTESIAN_POINT ( 'NONE',  ( -8.098681958575623341, 21.22992974994208026, 53.14147951347476351 ) ) ;
#4417 = CARTESIAN_POINT ( 'NONE',  ( -18.44980610354898332, -13.16706324678049178, 50.22513609552080993 ) ) ;
#4418 = CARTESIAN_POINT ( 'NONE',  ( -60.08502351463263125, 58.77714526963092112, 53.58513254496358513 ) ) ;
#4419 = CARTESIAN_POINT ( 'NONE',  ( 32.45966205370611846, -9.680819390454967532, 50.89034316874777630 ) ) ;
#4420 = DIRECTION ( 'NONE',  ( -0.000000000000000000, -0.000000000000000000, 1.000000000000000000 ) ) ;
#4421 = ORIENTED_EDGE ( 'NONE', *, *, #4, .T. ) ;
#4422 = CARTESIAN_POINT ( 'NONE',  ( 81.21798288480407280, 19.00434419441415912, 53.37949499349873150 ) ) ;
#4423 = CARTESIAN_POINT ( 'NONE',  ( -25.24487937972579132, 3.669256346238312538, 58.20899177278111125 ) ) ;
#4424 = CARTESIAN_POINT ( 'NONE',  ( -3.917169010797944217, -22.38243676764933809, 53.93772669080191662 ) ) ;
#4425 = B_SPLINE_SURFACE_WITH_KNOTS ( 'NONE', 3, 3, ( 
 ( #3736, #2681, #1105, #4217, #3190, #4185, #5685, #6130, #3041, #2652, #1760, #837, #3220 ),
 ( #3521, #5178, #4997, #2743, #4606, #317, #2263, #6163, #1315, #625, #2840, #1923, #3768 ),
 ( #5818, #4318, #5244, #3354, #1823, #5786, #3867, #2396, #5718, #1449, #2329, #386, #4738 ),
 ( #4800, #869, #3799, #4283, #3385, #5751, #1890, #1347, #1414, #6197, #2774, #3834, #353 ),
 ( #3289, #1856, #2298, #6261, #2808, #453, #5310, #4768, #6295, #5344, #6229, #4251, #903 ),
 ( #1380, #936, #3321, #5279, #419, #2362, #4352, #2875, #4832, #5555, #1661, #4147, #3700 ),
 ( #2676, #4732, #1216, #3600, #1786, #5205, #3150, #1755, #312, #248, #6092, #5173, #1184 ),
 ( #2708, #5109, #4666, #769, #800, #3731, #2292, #2167, #737, #5650, #5140, #1725, #5619 ),
 ( #1310, #5679, #279, #6062, #3247, #4211, #2769, #5078, #2646, #4599, #347, #215, #830 ),
 ( #4114, #3184, #4246, #3118, #2737, #4180, #704, #2197, #1282, #1694, #3635, #6156, #3668 ),
 ( #5588, #4634, #3214, #1248, #2227, #6125, #4697, #2258, #1409, #5273, #4890, #931, #3413 ),
 ( #6192, #515, #1478, #3829, #4380, #2835, #3316, #5305, #5780, #994, #2870, #2454, #4828 ),
 ( #3282, #3347, #897, #1818, #3763, #4795, #3794, #2423, #6322, #1948, #5713, #864, #2803 ),
 ( #1342, #6290, #414, #5237, #4762, #381, #449, #5372, #2324, #2392, #5845, #2934, #4278 ),
 ( #1851, #6224, #5745, #2904, #1374, #3380, #2357, #4313, #6256, #3895, #1885, #4347, #1919 ),
 ( #3863, #5812, #1444, #5339, #964, #4861, #481, #3051, #5905, #1086, #3502, #3531, #4529 ),
 ( #4917, #1534, #4501, #1564, #4472, #2043, #3562, #4046, #151, #3022, #2484, #2098, #636 ),
 ( #1507, #5397, #1024, #3079, #2963, #5993, #4979, #545, #5933, #1622, #5041, #5487, #607 ),
 ( #2992, #4017, #5515, #1145, #2577, #93, #2546, #666, #30, #2070, #4410, #3471, #4442 ),
 ( #3986, #5456, #5427, #1981, #120, #3925, #60, #5876, #3442, #5962, #2011, #1115, #3956 ),
 ( #1054, #4948, #577, #2515, #1591, #5009, #179, #4202, #3659, #208, #2668, #5580, #3239 ),
 ( #5163, #793, #4689, #2129, #3592, #5547, #729, #4074, #2700, #3141, #4562, #6022, #1654 ),
 ( #1778, #1177, #5609, #2250, #3724, #3112, #4626, #4592, #5071, #696, #5642, #2639, #6116 ),
 ( #2159, #6148, #4138, #4106, #5672, #2729, #6053, #1685, #1208, #2219, #3625, #5101, #1304 ),
 ( #1274, #4657, #3207, #239, #2190, #1747, #6084, #1715, #1240, #3175, #5197, #5132, #760 ) ),
 .UNSPECIFIED., .F., .F., .F.,
 ( 4, 3, 3, 3, 3, 3, 3, 3, 4 ),
 ( 4, 3, 3, 3, 4 ),
 ( -0.06556304563082938908, 0.08647668652357537455, 0.2385164186779801243, 0.3905561508323848741, 0.5425958829867896238, 0.6946356151411943181, 0.8466753472955991233, 0.9987150794500039286, 1.150754811604408623 ),
 ( -0.005864202508118646767, 0.1177285902129042161, 0.2413213829339270755, 0.4885069683759727943, 0.9828781392600642874 ),
 .UNSPECIFIED. ) ;
#4426 = VECTOR ( 'NONE', #1299, 1000.000000000000000 ) ;
#4427 = CARTESIAN_POINT ( 'NONE',  ( 11.07539760814671759, -77.51818396944096889, 57.06214313082134737 ) ) ;
#4428 = CARTESIAN_POINT ( 'NONE',  ( 22.80004252988728908, 16.64216857348770873, 55.28238615422435487 ) ) ;
#4429 = EDGE_CURVE ( 'NONE', #3748, #5885, #6135, .T. ) ;
#4430 = ORIENTED_EDGE ( 'NONE', *, *, #549, .F. ) ;
#4431 = CARTESIAN_POINT ( 'NONE',  ( 28.43689633498650693, -9.347588432387217594, 52.37663099046377368 ) ) ;
#4432 = CARTESIAN_POINT ( 'NONE',  ( -40.72310544207842042, -71.14543227953086557, 53.90264542466304931 ) ) ;
#4433 = LINE ( 'NONE', #5417, #1074 ) ;
#4434 = CARTESIAN_POINT ( 'NONE',  ( -46.05633826785658158, -28.66387754657288411, 51.54480248893265326 ) ) ;
#4435 = CARTESIAN_POINT ( 'NONE',  ( -58.88062637354296669, 6.912154575845512738, 58.32738940151423890 ) ) ;
#4436 = FACE_OUTER_BOUND ( 'NONE', #4816, .T. ) ;
#4437 = CARTESIAN_POINT ( 'NONE',  ( -0.2711442582281620162, 3.728381886561737524, 64.50000000000000000 ) ) ;
#4438 = CARTESIAN_POINT ( 'NONE',  ( 17.41508447215030841, -1.734698570321459465, 53.43853842362057094 ) ) ;
#4439 = CARTESIAN_POINT ( 'NONE',  ( -14.00276143796989636, -27.75339967518981865, 54.16253416419641553 ) ) ;
#4440 = DIRECTION ( 'NONE',  ( 0.000000000000000000, 1.000000000000000000, 0.000000000000000000 ) ) ;
#4441 = CARTESIAN_POINT ( 'NONE',  ( -68.06642228641982229, 45.81529487054856986, 54.45308968096160385 ) ) ;
#4442 = CARTESIAN_POINT ( 'NONE',  ( 81.76812268551861962, -18.54279022486637274, 52.81986328090926008 ) ) ;
#4443 = AXIS2_PLACEMENT_3D ( 'NONE', #5199, #916, #1749 ) ;
#4444 = CARTESIAN_POINT ( 'NONE',  ( -15.57627246335636961, -6.692130933951083271, 64.50000000000000000 ) ) ;
#4445 = CARTESIAN_POINT ( 'NONE',  ( 34.35924653432491738, 46.99252011446285593, 56.76376662434831388 ) ) ;
#4446 = CARTESIAN_POINT ( 'NONE',  ( 81.48647052835589477, 17.77828325826520839, 53.30769127333542912 ) ) ;
#4447 = CARTESIAN_POINT ( 'NONE',  ( -23.94756047398706045, 31.34856207924525151, 54.50373402279956281 ) ) ;
#4448 = CARTESIAN_POINT ( 'NONE',  ( -23.01786692648716581, -16.33976376373514228, 50.21929497745076532 ) ) ;
#4449 = CARTESIAN_POINT ( 'NONE',  ( -51.21892650700304728, 66.64561008765400629, 52.91008421349249602 ) ) ;
#4450 = CARTESIAN_POINT ( 'NONE',  ( 55.89763170269095127, -25.87893032679183136, 50.21053397710712574 ) ) ;
#4451 = CARTESIAN_POINT ( 'NONE',  ( 10.67599115843850477, -4.738284780104929261, 65.00000000000000000 ) ) ;
#4452 = VERTEX_POINT ( 'NONE', #2498 ) ;
#4453 = CARTESIAN_POINT ( 'NONE',  ( 12.64601189235653322, -22.07980489839080107, 58.88014244788298868 ) ) ;
#4454 = CARTESIAN_POINT ( 'NONE',  ( 4.287830100746195860, -0.9934129852331345933, 65.00000000000000000 ) ) ;
#4455 = CARTESIAN_POINT ( 'NONE',  ( 1.676937585971831624, -50.57261025049299263, 54.93731486581636858 ) ) ;
#4456 = ADVANCED_FACE ( 'NONE', ( #136 ), #2085, .F. ) ;
#4457 = CARTESIAN_POINT ( 'NONE',  ( -7.620655827337840194, -81.94744962461111015, 55.94188790906514441 ) ) ;
#4458 = CARTESIAN_POINT ( 'NONE',  ( 64.45255376324234931, 53.95264294621123469, 55.61030659607307314 ) ) ;
#4459 = ORIENTED_EDGE ( 'NONE', *, *, #90, .T. ) ;
#4460 = CARTESIAN_POINT ( 'NONE',  ( 37.72582127859224954, -14.11029770876231382, 52.17940889070773380 ) ) ;
#4461 = CARTESIAN_POINT ( 'NONE',  ( -5.408768078793899647, 46.74404497060307051, 50.32516292660832136 ) ) ;
#4462 = CARTESIAN_POINT ( 'NONE',  ( -7.760887847971752684, 6.007869066048916018, 64.50000000000000000 ) ) ;
#4463 = LINE ( 'NONE', #598, #1486 ) ;
#4464 = CARTESIAN_POINT ( 'NONE',  ( -50.30634354987350321, -28.32249880408925691, 51.33481428111986844 ) ) ;
#4465 = CARTESIAN_POINT ( 'NONE',  ( -54.30063362337192245, 4.902148137313975695, 58.45645007974176366 ) ) ;
#4466 = CARTESIAN_POINT ( 'NONE',  ( -25.46442922193228853, 74.26669698123723151, 52.96223327498960032 ) ) ;
#4467 = CARTESIAN_POINT ( 'NONE',  ( 12.59167625459235040, 6.007869066048916018, 64.50000000000000000 ) ) ;
#4468 = CARTESIAN_POINT ( 'NONE',  ( 17.20569431209461086, -3.203086710186270558, 53.03369817996363622 ) ) ;
#4469 = CARTESIAN_POINT ( 'NONE',  ( -10.79599393653408157, -32.01813322767489467, 54.83858653966983354 ) ) ;
#4470 = CARTESIAN_POINT ( 'NONE',  ( 12.51152275145721404, -6.695217387646591689, 64.99999999999998579 ) ) ;
#4471 = CARTESIAN_POINT ( 'NONE',  ( 63.50280423028802090, -31.57239021719761141, 51.68227747229158098 ) ) ;
#4472 = CARTESIAN_POINT ( 'NONE',  ( 28.19479341011840035, -2.420164686061112125, 53.48551888978725088 ) ) ;
#4473 = CARTESIAN_POINT ( 'NONE',  ( -8.808160627130815712, 15.12325316066120529, 53.93078719411738575 ) ) ;
#4474 = CARTESIAN_POINT ( 'NONE',  ( 49.42692578871100295, 54.75429786267833521, 56.27576660695998356 ) ) ;
#4475 = CARTESIAN_POINT ( 'NONE',  ( 81.21798288480407280, 19.00434419441415912, 53.37949499349873150 ) ) ;
#4476 = B_SPLINE_SURFACE_WITH_KNOTS ( 'NONE', 1, 3, ( 
 ( #970, #4385, #6, #5852, #2939, #6029, #214, #1598, #3568, #3634, #185, #5587, #4598, #2165, #125, #5522, #4022, #2997, #5554, #1660 ),
 ( #98, #643, #2075, #1693, #4954, #5968, #612, #1183, #3117, #5077, #2520, #3994, #5940, #1120, #4478, #1151, #672, #4113, #2645, #6061 ) ),
 .UNSPECIFIED., .F., .F., .F.,
 ( 2, 2 ),
 ( 4, 2, 2, 2, 2, 2, 2, 2, 2, 4 ),
 ( 0.000000000000000000, 1.000000000000000000 ),
 ( 0.000000000000000000, 0.007256348058190979951, 0.01451269611638195990, 0.02176904417457294072, 0.02902539223276391980, 0.03628174029095489889, 0.04353808834914588144, 0.05079443640733685705, 0.05442261043643234486, 0.05805078446552783961 ),
 .UNSPECIFIED. ) ;
#4477 = CARTESIAN_POINT ( 'NONE',  ( -10.20446088567290488, 43.85214841423298537, 52.47839215908295074 ) ) ;
#4478 = CARTESIAN_POINT ( 'NONE',  ( -27.10542489114823184, 0.1344066085932626997, 57.25111170324260002 ) ) ;
#4479 = CARTESIAN_POINT ( 'NONE',  ( -16.99068704267836694, 18.94374224776422366, 53.26019006436899872 ) ) ;
#4480 = CARTESIAN_POINT ( 'NONE',  ( 83.09271095185424372, -12.67226764080000478, 51.55998777665484312 ) ) ;
#4481 = CARTESIAN_POINT ( 'NONE',  ( 8.859152442374909953, -2.743801357677912556, 65.00000000000001421 ) ) ;
#4482 = VERTEX_POINT ( 'NONE', #3939 ) ;
#4483 = CARTESIAN_POINT ( 'NONE',  ( 9.864497665832372419, 14.45519830980486908, 56.89489483420111071 ) ) ;
#4484 = CARTESIAN_POINT ( 'NONE',  ( -16.76058890173661453, 10.79313913295861838, 56.17554555276102946 ) ) ;
#4485 = CARTESIAN_POINT ( 'NONE',  ( 2.744210291420514203, -25.29859046343385742, 55.28531409147004894 ) ) ;
#4486 = CARTESIAN_POINT ( 'NONE',  ( 13.84833585031154612, -76.14020271529945205, 57.24385595671245852 ) ) ;
#4487 = CARTESIAN_POINT ( 'NONE',  ( 33.70949364053208086, 37.56668972707064569, 56.28832886872206842 ) ) ;
#4488 = ORIENTED_EDGE ( 'NONE', *, *, #90, .F. ) ;
#4489 = CARTESIAN_POINT ( 'NONE',  ( 50.55565991119752312, -31.85744899170941125, 51.20200640528430824 ) ) ;
#4490 = ADVANCED_FACE ( 'NONE', ( #1494 ), #2829, .F. ) ;
#4491 = CARTESIAN_POINT ( 'NONE',  ( -25.43391639924196568, -79.43065380410249077, 54.90507532604074470 ) ) ;
#4492 = CARTESIAN_POINT ( 'NONE',  ( -45.15214033654546455, -28.67084869451634077, 51.58797621836412617 ) ) ;
#4493 = CARTESIAN_POINT ( 'NONE',  ( -39.51397028955874191, 0.9908998099203111254, 58.76889286636344423 ) ) ;
#4494 = CARTESIAN_POINT ( 'NONE',  ( -72.35820564730460092, 31.62553143901969577, 56.91734584100549910 ) ) ;
#4495 = CARTESIAN_POINT ( 'NONE',  ( -4.744133720181730851, -16.84467854383201413, 55.10179397773870136 ) ) ;
#4496 = CARTESIAN_POINT ( 'NONE',  ( 17.43730350461579093, -1.495930564530941531, 53.50397477029409998 ) ) ;
#4497 = CARTESIAN_POINT ( 'NONE',  ( -5.608310068882578214, -50.16149485756356796, 55.85513761255200649 ) ) ;
#4498 = CARTESIAN_POINT ( 'NONE',  ( 8.768700012889114603, -14.68440621688385939, 57.32300794552850931 ) ) ;
#4499 = CARTESIAN_POINT ( 'NONE',  ( -59.19163364488523627, -25.90055869895257246, 49.25214573503922821 ) ) ;
#4500 = CARTESIAN_POINT ( 'NONE',  ( 64.65707673014311752, -30.63053735318285931, 51.77273500069839685 ) ) ;
#4501 = CARTESIAN_POINT ( 'NONE',  ( 22.63503358669399645, -2.000309893049247112, 53.47968518400643489 ) ) ;
#4502 = VECTOR ( 'NONE', #5288, 1000.000000000000000 ) ;
#4503 = CARTESIAN_POINT ( 'NONE',  ( -6.707253122813397361, 16.16556680689473779, 53.29037735611476734 ) ) ;
#4504 = CARTESIAN_POINT ( 'NONE',  ( 49.50360239441251764, 54.68501408157782606, 57.87242576151191997 ) ) ;
#4505 = CARTESIAN_POINT ( 'NONE',  ( 75.71154243058123257, 32.85931176155993683, 54.23705049352262364 ) ) ;
#4506 = CARTESIAN_POINT ( 'NONE',  ( -1.088006695136587432, 61.74137725869665871, 51.46976822717762445 ) ) ;
#4507 = CARTESIAN_POINT ( 'NONE',  ( 27.64276166982586957, -9.074261924751185759, 52.37901985136947047 ) ) ;
#4508 = CARTESIAN_POINT ( 'NONE',  ( -1.315394092798773285, 17.45049392938140898, 51.77180128508536683 ) ) ;
#4509 = CARTESIAN_POINT ( 'NONE',  ( -8.586014557696691085, 14.79458210063732615, 52.26353801707325886 ) ) ;
#4510 = CARTESIAN_POINT ( 'NONE',  ( 21.28961759661340380, -7.941369491547365378, 50.56121135012551093 ) ) ;
#4511 = CARTESIAN_POINT ( 'NONE',  ( 12.59167625459235040, -1.952527568566468030, 65.00000000000000000 ) ) ;
#4512 = VERTEX_POINT ( 'NONE', #4381 ) ;
#4513 = CARTESIAN_POINT ( 'NONE',  ( 27.13345362948517803, -55.47265658204114658, 58.55737526275413529 ) ) ;
#4514 = CARTESIAN_POINT ( 'NONE',  ( -37.88805666008926920, 10.98395462249052024, 57.54217191338480575 ) ) ;
#4515 = CARTESIAN_POINT ( 'NONE',  ( -11.26956364738176575, -22.88622227688158972, 52.58544274732628310 ) ) ;
#4516 = CARTESIAN_POINT ( 'NONE',  ( 9.872703601450391275, -78.02945686006903259, 56.98574821832367121 ) ) ;
#4517 = CARTESIAN_POINT ( 'NONE',  ( 14.45823919328243790, 9.221811361740529733, 54.96302310985986850 ) ) ;
#4518 = ORIENTED_EDGE ( 'NONE', *, *, #1769, .F. ) ;
#4519 = CARTESIAN_POINT ( 'NONE',  ( -51.51135009216829985, -59.24998379138202154, 51.36518512762257416 ) ) ;
#4520 = CARTESIAN_POINT ( 'NONE',  ( -11.06850185604156955, -13.55712666971277436, 53.14340329620959835 ) ) ;
#4521 = CARTESIAN_POINT ( 'NONE',  ( -35.71504138015264829, -27.32707853701295875, 52.00504625007270221 ) ) ;
#4522 = CARTESIAN_POINT ( 'NONE',  ( -47.36224583726797732, 2.597596057009204706, 58.62545939797487193 ) ) ;
#4523 = B_SPLINE_SURFACE_WITH_KNOTS ( 'NONE', 1, 3, ( 
 ( #6087, #274, #6025, #4175, #2192, #1719, #1211, #3662, #2641, #3695, #2100, #5549, #2579, #2703, #1277, #2222, #1688, #2610, #4594, #1656 ),
 ( #210, #2671, #5518, #4141, #5994, #5012, #5104, #5645, #4629, #1147, #3178, #732, #3630, #638, #1179, #3595, #3113, #4532, #3144, #5135 ) ),
 .UNSPECIFIED., .F., .F., .F.,
 ( 2, 2 ),
 ( 4, 2, 2, 2, 2, 2, 2, 2, 2, 4 ),
 ( 0.000000000000000000, 1.000000000000000000 ),
 ( 0.000000000000000000, 0.007256348058190979951, 0.01451269611638195990, 0.02176904417457294072, 0.02902539223276391980, 0.03628174029095489889, 0.04353808834914588144, 0.05079443640733685705, 0.05442261043643234486, 0.05805078446552783961 ),
 .UNSPECIFIED. ) ;
#4524 = CARTESIAN_POINT ( 'NONE',  ( -24.15074658777643535, -79.83900851957706379, 53.37949499349873150 ) ) ;
#4525 = CARTESIAN_POINT ( 'NONE',  ( 11.77590849046183763, -4.449853826904931253, 65.00000000000001421 ) ) ;
#4526 = CARTESIAN_POINT ( 'NONE',  ( -35.14807734616410073, -50.77228177721652003, 53.49424480195028053 ) ) ;
#4527 = CARTESIAN_POINT ( 'NONE',  ( 13.56965427644429845, -5.987592453357337696, 65.00000000000000000 ) ) ;
#4528 = CARTESIAN_POINT ( 'NONE',  ( 11.61400578466286326, 18.99493958740199773, 57.14736516736685701 ) ) ;
#4529 = CARTESIAN_POINT ( 'NONE',  ( 83.83917484662323716, -0.9166186742779025565, 53.83243423914579040 ) ) ;
#4530 = EDGE_CURVE ( 'NONE', #3483, #5914, #2993, .T. ) ;
#4531 = CARTESIAN_POINT ( 'NONE',  ( -2.872526029005928017, 17.26397183867700846, 52.19979522985795484 ) ) ;
#4532 = CARTESIAN_POINT ( 'NONE',  ( 9.153776987556126343, -17.63262039811059623, 57.04979127913532011 ) ) ;
#4533 = CARTESIAN_POINT ( 'NONE',  ( -3.873076515655873742, 22.21810446395157612, 52.22501569301305580 ) ) ;
#4534 = CARTESIAN_POINT ( 'NONE',  ( 42.93217173186768321, 51.87728814185638981, 58.08469247550890913 ) ) ;
#4535 = CARTESIAN_POINT ( 'NONE',  ( -2.379161997748961088, 28.12738347290835250, 51.79775033233073600 ) ) ;
#4536 = VECTOR ( 'NONE', #3474, 1000.000000000000000 ) ;
#4537 = CARTESIAN_POINT ( 'NONE',  ( 38.27447397276495167, -14.49832444469071824, 52.15861036202912260 ) ) ;
#4538 = CARTESIAN_POINT ( 'NONE',  ( 4.287830100746195860, 1.286074194254045899, 64.50000000000000000 ) ) ;
#4539 = EDGE_CURVE ( 'NONE', #1431, #1035, #3540, .T. ) ;
#4540 = CARTESIAN_POINT ( 'NONE',  ( -13.97472281496728641, 24.52583470786374065, 52.24481908398954033 ) ) ;
#4541 = CARTESIAN_POINT ( 'NONE',  ( 42.10248703366096379, -15.95509508858518366, 50.54932805594831535 ) ) ;
#4542 = CARTESIAN_POINT ( 'NONE',  ( 14.86089053013122729, -2.441179680035010069, 64.50000000000000000 ) ) ;
#4543 = ORIENTED_EDGE ( 'NONE', *, *, #5893, .T. ) ;
#4544 = CARTESIAN_POINT ( 'NONE',  ( 23.13331090821699121, -57.25403415151393460, 58.22013720768730138 ) ) ;
#4545 = CARTESIAN_POINT ( 'NONE',  ( -42.25401062321145673, 15.54970782178289923, 57.20503223120851999 ) ) ;
#4546 = CARTESIAN_POINT ( 'NONE',  ( -17.54873904475580559, -35.33088107927066801, 52.57693071509330451 ) ) ;
#4547 = B_SPLINE_CURVE_WITH_KNOTS ( 'NONE', 3,
 ( #2215, #2663, #6048, #3170, #2124, #5096, #5128, #4653, #3654, #5541, #4100, #4165, #1110, #723, #3045, #4556, #3555, #3106, #5066, #690, #4069, #4620, #6080, #5605, #1235, #5003, #4524, #143, #1648, #631, #1679, #234, #2093, #4040, #5988, #2153, #1617, #5509, #3619, #1139, #3074, #5036, #4586, #6017, #3587, #2185, #4134, #3303, #1360, #1268 ),
 .UNSPECIFIED., .F., .F.,
 ( 4, 2, 2, 2, 2, 2, 2, 2, 2, 2, 2, 2, 2, 2, 2, 2, 2, 2, 2, 2, 2, 2, 2, 2, 4 ),
 ( 0.000000000000000000, 0.06250000000000000000, 0.1250000000000000278, 0.1562500000000000000, 0.1875000000000000278, 0.2500000000000000555, 0.2812500000000000000, 0.3125000000000000000, 0.3749999999999999445, 0.4062500000000000000, 0.4375000000000000000, 0.5000000000000000000, 0.5625000000000000000, 0.5937500000000000000, 0.6250000000000000000, 0.6875000000000000000, 0.7031250000000000000, 0.7187499999999998890, 0.7499999999999998890, 0.8125000000000000000, 0.8437500000000000000, 0.8593750000000000000, 0.8750000000000000000, 0.9374999999999998890, 1.000000000000000000 ),
 .UNSPECIFIED. ) ;
#4548 = CARTESIAN_POINT ( 'NONE',  ( -3.267877000331518289, -81.59457680332971563, 56.19339453665822504 ) ) ;
#4549 = CARTESIAN_POINT ( 'NONE',  ( 44.78700773783884870, 57.52239002746322427, 56.62359714449999615 ) ) ;
#4550 = EDGE_LOOP ( 'NONE', ( #385, #4364, #4878, #3998 ) ) ;
#4551 = CARTESIAN_POINT ( 'NONE',  ( -48.62208611594279972, -63.32382598326927337, 51.65657630945776901 ) ) ;
#4552 = CARTESIAN_POINT ( 'NONE',  ( -10.14817939931852919, -14.25867364965507988, 53.45922645911133486 ) ) ;
#4553 = CARTESIAN_POINT ( 'NONE',  ( -25.77088411078200991, -22.98414292277146131, 50.74934254293260949 ) ) ;
#4554 = CARTESIAN_POINT ( 'NONE',  ( 15.95247117190504582, 7.198158776805049897, 55.93633199323544147 ) ) ;
#4555 = CARTESIAN_POINT ( 'NONE',  ( -70.19419053750308990, 13.96629128520713614, 57.94699764050199065 ) ) ;
#4556 = CARTESIAN_POINT ( 'NONE',  ( -48.62208611594279972, -63.32382598326927337, 51.65657630945776901 ) ) ;
#4557 = AXIS2_PLACEMENT_3D ( 'NONE', #4843, #1296, #2752 ) ;
#4558 = CARTESIAN_POINT ( 'NONE',  ( 14.87116343407953245, -1.568372921130570363, 65.00000000000000000 ) ) ;
#4559 = CARTESIAN_POINT ( 'NONE',  ( -11.67587765506873509, -19.42782515491053275, 53.81739330661859810 ) ) ;
#4560 = CARTESIAN_POINT ( 'NONE',  ( 14.65137916420342634, -4.286395269333681313, 64.99999999999998579 ) ) ;
#4561 = CARTESIAN_POINT ( 'NONE',  ( 13.66911198305217567, 23.40678323180891596, 57.25111170324260002 ) ) ;
#4562 = CARTESIAN_POINT ( 'NONE',  ( 55.84809599796930257, -25.98565720865979500, 51.80654254499447120 ) ) ;
#4563 = LINE ( 'NONE', #4109, #5828 ) ;
#4564 = CARTESIAN_POINT ( 'NONE',  ( -6.582745579905106226, 40.27832454504849835, 52.16164362712612501 ) ) ;
#4565 = CARTESIAN_POINT ( 'NONE',  ( 13.09749025432676106, 21.50625084586750901, 58.78536280186543195 ) ) ;
#4566 = EDGE_CURVE ( 'NONE', #6211, #5793, #4862, .T. ) ;
#4567 = CARTESIAN_POINT ( 'NONE',  ( -0.7541778322187816519, 45.01802401083106275, 51.46774364464288709 ) ) ;
#4568 = DIRECTION ( 'NONE',  ( -0.000000000000000000, -0.000000000000000000, -1.000000000000000000 ) ) ;
#4569 = CARTESIAN_POINT ( 'NONE',  ( -15.49998280992040911, 8.127755821846667672, 56.60659872889394961 ) ) ;
#4570 = CARTESIAN_POINT ( 'NONE',  ( -14.61057523152567050, 30.56090219605301428, 51.90419255819287514 ) ) ;
#4571 = CARTESIAN_POINT ( 'NONE',  ( 15.98837933270032252, -11.79366455368161226, 49.22685423379570580 ) ) ;
#4572 = CARTESIAN_POINT ( 'NONE',  ( 56.49649383364578625, -36.28084879084678249, 51.16299458881797335 ) ) ;
#4573 = ORIENTED_EDGE ( 'NONE', *, *, #1637, .F. ) ;
#4574 = CARTESIAN_POINT ( 'NONE',  ( 22.47942443388832245, -38.87903352265853840, 58.89010303872844077 ) ) ;
#4575 = CARTESIAN_POINT ( 'NONE',  ( -47.49287160101157923, 17.45810517245032045, 57.20576082014341779 ) ) ;
#4576 = CARTESIAN_POINT ( 'NONE',  ( -15.30044175884451008, -59.82565622852209941, 53.58582972266929545 ) ) ;
#4577 = CARTESIAN_POINT ( 'NONE',  ( -16.77554713643402451, 3.338239558408589325, 56.31486590184664465 ) ) ;
#4578 = CARTESIAN_POINT ( 'NONE',  ( 46.18471454088680872, 20.36176180962227633, 54.26224708807917096 ) ) ;
#4579 = ORIENTED_EDGE ( 'NONE', *, *, #4349, .T. ) ;
#4580 = EDGE_CURVE ( 'NONE', #4782, #2589, #121, .T. ) ;
#4581 = CARTESIAN_POINT ( 'NONE',  ( -24.23827168962332834, -79.81248210533641441, 54.97687959853782047 ) ) ;
#4582 = CARTESIAN_POINT ( 'NONE',  ( -5.959026895727886242, -16.46908760914715231, 54.75501256064082867 ) ) ;
#4583 = CARTESIAN_POINT ( 'NONE',  ( -50.79870479121880322, -28.41755695810900662, 49.71338345885922649 ) ) ;
#4584 = CARTESIAN_POINT ( 'NONE',  ( 14.49492799137575894, 9.807720824199133602, 56.75286174215932533 ) ) ;
#4585 = CARTESIAN_POINT ( 'NONE',  ( -22.18218237483771915, 0.9144493157459639976, 58.70480786391372874 ) ) ;
#4586 = CARTESIAN_POINT ( 'NONE',  ( 7.715892451354087633, -78.91404014120176669, 55.24717974024628120 ) ) ;
#4587 = CARTESIAN_POINT ( 'NONE',  ( 10.72687256869491179, -7.017771959592108644, 65.00000000000000000 ) ) ;
#4588 = CARTESIAN_POINT ( 'NONE',  ( -22.74178089074638009, -21.19132566467298417, 52.47326022028286019 ) ) ;
#4589 = CARTESIAN_POINT ( 'NONE',  ( -13.49688227732998591, -11.14140186757722439, 52.20747522000100815 ) ) ;
#4590 = CARTESIAN_POINT ( 'NONE',  ( 15.67896081946482489, -47.97662270494617331, 56.28832886872206842 ) ) ;
#4591 = CARTESIAN_POINT ( 'NONE',  ( 58.59833204315633282, -34.99289049503239113, 51.31540441849096368 ) ) ;
#4592 = CARTESIAN_POINT ( 'NONE',  ( 34.47958403350919099, -19.16683078069394242, 51.46686606330069225 ) ) ;
#4593 = CARTESIAN_POINT ( 'NONE',  ( -3.091034792081145177, 17.22645761196273639, 52.26027535068276819 ) ) ;
#4594 = CARTESIAN_POINT ( 'NONE',  ( 8.028630532380592655, -16.86567447153240096, 58.53646875197892285 ) ) ;
#4595 = CARTESIAN_POINT ( 'NONE',  ( -4.266548059468912690, 23.15026047981919888, 52.26953061190020122 ) ) ;
#4596 = CARTESIAN_POINT ( 'NONE',  ( 16.33209420069105633, 27.53009601506256843, 58.83499408904290107 ) ) ;
#4597 = CARTESIAN_POINT ( 'NONE',  ( -44.04939546848348186, 1.576703920194610253, 57.10475120395854987 ) ) ;
#4598 = CARTESIAN_POINT ( 'NONE',  ( -34.44966301573936818, 0.4339397500384267192, 58.82974545846904846 ) ) ;
#4599 = CARTESIAN_POINT ( 'NONE',  ( 44.81568507258593570, 23.49284408860438234, 56.19261487797309940 ) ) ;
#4600 = CARTESIAN_POINT ( 'NONE',  ( -17.44927743574883294, 1.339733934191721820, 56.88821916845706994 ) ) ;
#4601 = CARTESIAN_POINT ( 'NONE',  ( -11.06074910284196555, 22.98831746520332331, 51.91007014446914525 ) ) ;
#4602 = EDGE_CURVE ( 'NONE', #2890, #5885, #4393, .T. ) ;
#4603 = CARTESIAN_POINT ( 'NONE',  ( 35.90723688357502397, -26.93481289620676833, 49.20861852998224606 ) ) ;
#4604 = CARTESIAN_POINT ( 'NONE',  ( -7.019407619381240693, 37.07945437484657702, 50.66906094903136903 ) ) ;
#4605 = ORIENTED_EDGE ( 'NONE', *, *, #3868, .F. ) ;
#4606 = CARTESIAN_POINT ( 'NONE',  ( 15.88569790253458258, 23.42016632995517256, 58.54854061640921259 ) ) ;
#4607 = CARTESIAN_POINT ( 'NONE',  ( 14.84612110230086301, -59.93973129593645410, 57.54499430896684231 ) ) ;
#4608 = CARTESIAN_POINT ( 'NONE',  ( -25.70455490001349830, 11.66531167765021593, 56.86076108351512204 ) ) ;
#4609 = CARTESIAN_POINT ( 'NONE',  ( -15.89737152519686525, -47.90529574510890143, 53.24996001617717667 ) ) ;
#4610 = CARTESIAN_POINT ( 'NONE',  ( -24.92198890659011212, 5.138098395072757008, 56.29896535718144435 ) ) ;
#4611 = EDGE_CURVE ( 'NONE', #2589, #4057, #3957, .T. ) ;
#4612 = CARTESIAN_POINT ( 'NONE',  ( 15.07464509465205005, 8.173311223998208419, 54.62538764596472873 ) ) ;
#4613 = CARTESIAN_POINT ( 'NONE',  ( -25.55631609106856672, 74.23512965874274983, 51.36518512762257416 ) ) ;
#4614 = VERTEX_POINT ( 'NONE', #1087 ) ;
#4615 = CARTESIAN_POINT ( 'NONE',  ( -44.40898489938432192, -67.88529414963068120, 52.01620108401275644 ) ) ;
#4616 = CARTESIAN_POINT ( 'NONE',  ( -9.216519555795469998, -14.88145296394867501, 53.76503249816904884 ) ) ;
#4617 = CARTESIAN_POINT ( 'NONE',  ( 15.93185103512615264, 7.243718626503008018, 55.94997443617030797 ) ) ;
#4618 = CARTESIAN_POINT ( 'NONE',  ( 9.884871980223575605, 14.44165766034465115, 56.88822207353588567 ) ) ;
#4619 = EDGE_CURVE ( 'NONE', #5083, #6139, #2025, .T. ) ;
#4620 = CARTESIAN_POINT ( 'NONE',  ( -37.63883260569166112, -73.45199766873567171, 52.52168235462700352 ) ) ;
#4621 = CARTESIAN_POINT ( 'NONE',  ( 12.56691117760688314, -2.790466606327566712, 64.50000000000000000 ) ) ;
#4622 = VECTOR ( 'NONE', #3873, 1000.000000000000000 ) ;
#4623 = CARTESIAN_POINT ( 'NONE',  ( -42.71340248081983049, -72.14854591236191084, 53.83243423914579040 ) ) ;
#4624 = CARTESIAN_POINT ( 'NONE',  ( -12.82514748094423140, -11.91116453606297476, 52.48619884526035406 ) ) ;
#4625 = CARTESIAN_POINT ( 'NONE',  ( 75.90282313912443612, -17.29478215876672920, 52.81664136606674020 ) ) ;
#4626 = CARTESIAN_POINT ( 'NONE',  ( 29.59155405861159593, -16.48461002295133682, 51.46442074261045718 ) ) ;
#4627 = CARTESIAN_POINT ( 'NONE',  ( 20.42989509533902037, -38.88746660180317605, 58.69671743481570303 ) ) ;
#4628 = FILL_AREA_STYLE_COLOUR ( '', #3609 ) ;
#4629 = CARTESIAN_POINT ( 'NONE',  ( 21.96086574168494465, -43.60589611457074000, 57.00445623239560433 ) ) ;
#4630 = CARTESIAN_POINT ( 'NONE',  ( -2.948031272053652785, 20.28461719934433205, 52.09371036388733955 ) ) ;
#4631 = CARTESIAN_POINT ( 'NONE',  ( 16.57843072816589114, 27.93240968444510486, 58.83376588496917492 ) ) ;
#4632 = CARTESIAN_POINT ( 'NONE',  ( -55.65374904734036221, 5.266230435699254642, 56.82745588964370143 ) ) ;
#4633 = CARTESIAN_POINT ( 'NONE',  ( 51.72339300302723331, -36.13634970000941848, 49.36997746265574705 ) ) ;
#4634 = CARTESIAN_POINT ( 'NONE',  ( 18.83373581975318700, 6.534410722677366223, 55.50068522107502389 ) ) ;
#4635 = CARTESIAN_POINT ( 'NONE',  ( -4.122695709856588842, 16.64354899561466894, 50.91154283860489471 ) ) ;
#4636 = CARTESIAN_POINT ( 'NONE',  ( 1.887043420685353023, 67.75514368809828625, 51.25300023479662315 ) ) ;
#4637 = CARTESIAN_POINT ( 'NONE',  ( -6.432731189074115896, 41.47593694198197767, 52.12185297155323838 ) ) ;
#4638 = VERTEX_POINT ( 'NONE', #1718 ) ;
#4639 = CARTESIAN_POINT ( 'NONE',  ( 14.36330449385568997, -4.966325096762054692, 65.00000000000000000 ) ) ;
#4640 = CARTESIAN_POINT ( 'NONE',  ( 8.627273219223550171, -49.85908589137364544, 57.20576082014341779 ) ) ;
#4641 = CARTESIAN_POINT ( 'NONE',  ( -11.18541778444080137, 12.94140841070101722, 54.81704322739608415 ) ) ;
#4642 = CARTESIAN_POINT ( 'NONE',  ( -8.315770650678418363, -32.83711242287925103, 53.59168737930244930 ) ) ;
#4643 = VECTOR ( 'NONE', #1562, 1000.000000000000000 ) ;
#4644 = CARTESIAN_POINT ( 'NONE',  ( -16.53897183449946340, 4.523713123318564122, 55.97744821977112650 ) ) ;
#4645 = CARTESIAN_POINT ( 'NONE',  ( 48.71600304075772669, 13.67950975248401235, 53.58738163758647488 ) ) ;
#4646 = LINE ( 'NONE', #259, #3801 ) ;
#4647 = ORIENTED_EDGE ( 'NONE', *, *, #4611, .F. ) ;
#4648 = DIRECTION ( 'NONE',  ( 0.000000000000000000, -1.000000000000000000, 0.000000000000000000 ) ) ;
#4649 = EDGE_CURVE ( 'NONE', #3605, #868, #5517, .T. ) ;
#4650 = CARTESIAN_POINT ( 'NONE',  ( -8.236041164315716756, -15.44324004784774118, 54.07337346993276128 ) ) ;
#4651 = CARTESIAN_POINT ( 'NONE',  ( -2.550631437715342731, -6.692130933951083271, 65.00000000000000000 ) ) ;
#4652 = CARTESIAN_POINT ( 'NONE',  ( -25.83269127044971114, 0.5368666854299094515, 58.79724350994689530 ) ) ;
#4653 = CARTESIAN_POINT ( 'NONE',  ( -57.67922488699264960, -45.67767413703709423, 50.48009807287471773 ) ) ;
#4654 = CARTESIAN_POINT ( 'NONE',  ( 11.26806738764283544, -4.671961844228597727, 64.49999999999998579 ) ) ;
#4655 = CARTESIAN_POINT ( 'NONE',  ( -28.21872689855029748, -35.08388734228596917, 53.15400227428712299 ) ) ;
#4656 = CARTESIAN_POINT ( 'NONE',  ( 82.28187503852717555, 2.794700846701263064, 54.04695963311660023 ) ) ;
#4657 = CARTESIAN_POINT ( 'NONE',  ( 15.76928139874813439, -12.08450948618641441, 50.78633942049394534 ) ) ;
#4658 = CARTESIAN_POINT ( 'NONE',  ( 18.85296807770841809, -34.60235623599334076, 58.77060325248977080 ) ) ;
#4659 = CARTESIAN_POINT ( 'NONE',  ( -1.315394092798773285, 17.45049392938140898, 51.77180128508536683 ) ) ;
#4660 = VECTOR ( 'NONE', #3167, 1000.000000000000000 ) ;
#4661 = LINE ( 'NONE', #2130, #3472 ) ;
#4662 = CARTESIAN_POINT ( 'NONE',  ( -5.368307430562446747, 26.28485965691190529, 52.35743326618872118 ) ) ;
#4663 = CARTESIAN_POINT ( 'NONE',  ( 26.87571793936086095, 40.64187394501028905, 58.59715602069088902 ) ) ;
#4664 = CARTESIAN_POINT ( 'NONE',  ( 1.731535431934400071, 31.03474792568971097, 51.12846819659461772 ) ) ;
#4665 = CARTESIAN_POINT ( 'NONE',  ( -7.103462684218637690, 71.73376934320921805, 50.25338018892970382 ) ) ;
#4666 = CARTESIAN_POINT ( 'NONE',  ( 19.39593177094242193, 11.83884043332362523, 56.51692912744288577 ) ) ;
#4667 = CARTESIAN_POINT ( 'NONE',  ( -8.704511916907810232, 17.93503933750572443, 51.91677028638785885 ) ) ;
#4668 = CARTESIAN_POINT ( 'NONE',  ( 1.211873318320681570, 68.13143115388257343, 51.30086601558280535 ) ) ;
#4669 = CARTESIAN_POINT ( 'NONE',  ( -4.065883593499484583, 49.81114971697127203, 51.77494648603955341 ) ) ;
#4670 = ORIENTED_EDGE ( 'NONE', *, *, #150, .F. ) ;
#4671 = CARTESIAN_POINT ( 'NONE',  ( 51.24488307070185300, -34.06250165062228064, 51.08277336250046829 ) ) ;
#4672 = CARTESIAN_POINT ( 'NONE',  ( 3.922932823167899041, -39.15484653866327847, 56.86623253701523595 ) ) ;
#4673 = CARTESIAN_POINT ( 'NONE',  ( -12.92975157793420138, 11.26363755403902545, 55.49161409056367944 ) ) ;
#4674 = CARTESIAN_POINT ( 'NONE',  ( -32.76012683763031674, -30.88555319318152925, 50.88706222600584539 ) ) ;
#4675 = CARTESIAN_POINT ( 'NONE',  ( -80.79590786531670688, 23.17468950176541043, 55.94778876194615691 ) ) ;
#4676 = CARTESIAN_POINT ( 'NONE',  ( 54.62153066019659065, 28.80433753058732904, 54.59825004819064986 ) ) ;
#4677 = CARTESIAN_POINT ( 'NONE',  ( -17.44927743574883294, 1.339733934191721820, 56.88821916845706994 ) ) ;
#4678 = EDGE_LOOP ( 'NONE', ( #2442, #1098, #1041, #5785 ) ) ;
#4679 = CARTESIAN_POINT ( 'NONE',  ( 0.000000000000000000, 0.000000000000000000, 0.000000000000000000 ) ) ;
#4680 = CARTESIAN_POINT ( 'NONE',  ( 14.45065669531018315, 9.872913813415276962, 56.77436521518269075 ) ) ;
#4681 = CYLINDRICAL_SURFACE ( 'NONE', #3000, 15.00000000000000000 ) ;
#4682 = EDGE_CURVE ( 'NONE', #1495, #3092, #661, .T. ) ;
#4683 = VERTEX_POINT ( 'NONE', #3052 ) ;
#4684 = CARTESIAN_POINT ( 'NONE',  ( 11.56310699795958108, 13.29219672118432705, 56.33323075705998662 ) ) ;
#4685 = CARTESIAN_POINT ( 'NONE',  ( 7.386890882897507282, -5.468681656506047872, 64.49999999999998579 ) ) ;
#4686 = CARTESIAN_POINT ( 'NONE',  ( -18.63724184430624931, -12.90039449060050814, 51.79190401220733264 ) ) ;
#4687 = CARTESIAN_POINT ( 'NONE',  ( -13.51477516801042533, -11.11966643348973882, 52.19979522985795484 ) ) ;
#4688 = CARTESIAN_POINT ( 'NONE',  ( 79.10296848860387797, -10.50256026023180844, 53.25474692153687073 ) ) ;
#4689 = CARTESIAN_POINT ( 'NONE',  ( 20.49069026985401720, -9.690127648343205280, 51.79190401220733264 ) ) ;
#4690 = CARTESIAN_POINT ( 'NONE',  ( 23.45370550022400735, -63.23053892174640112, 58.08145017887640904 ) ) ;
#4691 = CARTESIAN_POINT ( 'NONE',  ( 25.03107311456980000, 37.42726845533405822, 56.96366291245125524 ) ) ;
#4692 = LINE ( 'NONE', #5300, #1260 ) ;
#4693 = CARTESIAN_POINT ( 'NONE',  ( -4.466126615559254276, 48.77931641540826746, 51.82303194444485683 ) ) ;
#4694 = CARTESIAN_POINT ( 'NONE',  ( 14.54058274004118978, 24.38652208343971850, 58.82683162956511325 ) ) ;
#4695 = LINE ( 'NONE', #5138, #5617 ) ;
#4696 = CARTESIAN_POINT ( 'NONE',  ( -11.93110546653841020, 73.07966285059499967, 50.55469448342671512 ) ) ;
#4697 = CARTESIAN_POINT ( 'NONE',  ( 31.93594504474152984, 11.29165529841711013, 55.51327526164708814 ) ) ;
#4698 = CARTESIAN_POINT ( 'NONE',  ( -5.055055606159609916, 30.67175162572357650, 50.55387214681690011 ) ) ;
#4699 = EDGE_CURVE ( 'NONE', #4808, #362, #731, .T. ) ;
#4700 = CARTESIAN_POINT ( 'NONE',  ( -4.408910128854916621, 70.78123678357819415, 51.68227747229159519 ) ) ;
#4701 = CARTESIAN_POINT ( 'NONE',  ( -6.006180273167415429, 44.65617294698039785, 50.41334836933680208 ) ) ;
#4702 = ORIENTED_EDGE ( 'NONE', *, *, #2137, .F. ) ;
#4703 = CARTESIAN_POINT ( 'NONE',  ( 10.89164165016941865, -7.014465882254286910, 65.00000000000000000 ) ) ;
#4704 = CARTESIAN_POINT ( 'NONE',  ( 6.691802408937900459, -38.87707303616485888, 57.20409804866132220 ) ) ;
#4705 = CARTESIAN_POINT ( 'NONE',  ( -11.99421505256725418, 15.92308010453939993, 54.48876621471193715 ) ) ;
#4706 = MANIFOLD_SOLID_BREP ( '\X2\52065272\X0\1[4]', #1765 ) ;
#4707 = CARTESIAN_POINT ( 'NONE',  ( -17.16510530153277614, -18.78439923362716257, 51.23395652105068621 ) ) ;
#4708 = AXIS2_PLACEMENT_3D ( 'NONE', #5583, #181, #4048 ) ;
#4709 = CARTESIAN_POINT ( 'NONE',  ( -31.00555785449671475, -0.1948299008635446528, 57.30309230974528845 ) ) ;
#4710 = CARTESIAN_POINT ( 'NONE',  ( 21.84154228042526569, 6.267668850254570323, 53.60045532112806654 ) ) ;
#4711 = CARTESIAN_POINT ( 'NONE',  ( -1.305895985567025130, 69.43748004062099710, 49.87406890324733411 ) ) ;
#4712 = ORIENTED_EDGE ( 'NONE', *, *, #475, .F. ) ;
#4713 = DIRECTION ( 'NONE',  ( 0.000000000000000000, -1.000000000000000000, 0.000000000000000000 ) ) ;
#4714 = CARTESIAN_POINT ( 'NONE',  ( 42.14720196478579339, -72.47699518752450842, 57.29691606070890231 ) ) ;
#4715 = DIRECTION ( 'NONE',  ( 0.5676451057264807476, -0.8232733652589354634, 0.000000000000000000 ) ) ;
#4716 = CARTESIAN_POINT ( 'NONE',  ( -4.337528604635843443, -16.95425990176061859, 53.55821104768276797 ) ) ;
#4717 = VERTEX_POINT ( 'NONE', #4204 ) ;
#4718 = VERTEX_POINT ( 'NONE', #4904 ) ;
#4719 = CARTESIAN_POINT ( 'NONE',  ( 19.02267782086039460, -7.588378182356929180, 52.09235123304710413 ) ) ;
#4720 = CARTESIAN_POINT ( 'NONE',  ( 6.572671233095378263, -2.101904029565504484, 64.99999999999998579 ) ) ;
#4721 = CARTESIAN_POINT ( 'NONE',  ( -14.11709068036473624, -9.659532238720210273, 51.77905343000577432 ) ) ;
#4722 = CARTESIAN_POINT ( 'NONE',  ( 10.57914046690663490, -4.734568273424810236, 64.50000000000000000 ) ) ;
#4723 = CARTESIAN_POINT ( 'NONE',  ( 69.29271700949989565, 41.53015231839147958, 56.46270769073404949 ) ) ;
#4724 = CARTESIAN_POINT ( 'NONE',  ( -14.94346045170816772, -10.78144837713973736, 51.89534009586265739 ) ) ;
#4725 = CARTESIAN_POINT ( 'NONE',  ( 18.29976923500919739, -33.24650043935875487, 58.79085162930194741 ) ) ;
#4726 = FILL_AREA_STYLE_COLOUR ( '', #4320 ) ;
#4727 = CARTESIAN_POINT ( 'NONE',  ( 5.506781087299722266, 62.88131970819419081, 50.96701810422847956 ) ) ;
#4728 = CARTESIAN_POINT ( 'NONE',  ( 17.50013563091162538, -0.1979614902801292708, 53.85863983010198552 ) ) ;
#4729 = CARTESIAN_POINT ( 'NONE',  ( 2.580851507937606204, 19.69885303383445319, 50.78633942049394534 ) ) ;
#4730 = CARTESIAN_POINT ( 'NONE',  ( 52.02635862794573995, -38.31117907849576198, 49.25214573503922821 ) ) ;
#4731 = MECHANICAL_DESIGN_GEOMETRIC_PRESENTATION_REPRESENTATION (  '', ( #1157 ), #2982 ) ;
#4732 = CARTESIAN_POINT ( 'NONE',  ( 16.22301727846111064, 11.50024003478565859, 56.85116427554316232 ) ) ;
#4733 = CIRCLE ( 'NONE', #4708, 17.49999999999999645 ) ;
#4734 = CARTESIAN_POINT ( 'NONE',  ( 1.954425998176483770, 39.39791500256555423, 49.54244708413773424 ) ) ;
#4735 = CARTESIAN_POINT ( 'NONE',  ( -68.45975774269778924, 44.89825315171597708, 56.11315349747800241 ) ) ;
#4736 = CARTESIAN_POINT ( 'NONE',  ( 82.43071224268625485, 4.129813629049203350, 52.52168235462700352 ) ) ;
#4737 = ORIENTED_EDGE ( 'NONE', *, *, #5934, .F. ) ;
#4738 = CARTESIAN_POINT ( 'NONE',  ( 51.72112575799651779, 66.25597659734388856, 58.22049538843324257 ) ) ;
#4739 = CARTESIAN_POINT ( 'NONE',  ( 14.40824504677105189, -82.80956386474983333, 57.20771838594077963 ) ) ;
#4740 = CARTESIAN_POINT ( 'NONE',  ( -26.03333207041902142, 29.50859322836980425, 54.84112254095630590 ) ) ;
#4741 = CARTESIAN_POINT ( 'NONE',  ( -20.53642732878721944, -19.46721359181502464, 50.89314544180442823 ) ) ;
#4742 = CARTESIAN_POINT ( 'NONE',  ( -27.45686353802205559, 14.57690250261453713, 54.94278927848866090 ) ) ;
#4743 = CARTESIAN_POINT ( 'NONE',  ( 44.91095044209418319, -0.3824629365606313502, 52.23826463978470969 ) ) ;
#4744 = CARTESIAN_POINT ( 'NONE',  ( 7.165275016939934183, 64.21173777744856181, 49.25214573503922821 ) ) ;
#4745 = ORIENTED_EDGE ( 'NONE', *, *, #4682, .F. ) ;
#4746 = LINE ( 'NONE', #1831, #937 ) ;
#4747 = CARTESIAN_POINT ( 'NONE',  ( 6.877380130570256433, -38.84467448045722193, 55.61475204588176524 ) ) ;
#4748 = CARTESIAN_POINT ( 'NONE',  ( 0.000000000000000000, 0.000000000000000000, 65.00000000000000000 ) ) ;
#4749 = CARTESIAN_POINT ( 'NONE',  ( -57.89172729945739349, -45.01612250194835241, 52.04074871049366635 ) ) ;
#4750 = EDGE_LOOP ( 'NONE', ( #1164, #5952, #70, #1790 ) ) ;
#4751 = CARTESIAN_POINT ( 'NONE',  ( 22.29180055803546878, -7.895616132167774026, 52.27386216971386546 ) ) ;
#4752 = CARTESIAN_POINT ( 'NONE',  ( 7.741563084198818778, -5.866712444939659932, 64.99999999999998579 ) ) ;
#4753 = CARTESIAN_POINT ( 'NONE',  ( -26.68842492955539569, -15.93870866381745088, 51.46319808226534320 ) ) ;
#4754 = PLANE ( 'NONE',  #1471 ) ;
#4755 = CARTESIAN_POINT ( 'NONE',  ( 81.50599224465614157, 17.68659786936543554, 54.90494458884678863 ) ) ;
#4756 = CARTESIAN_POINT ( 'NONE',  ( -21.96789173695820097, -19.64361114081578563, 52.37690324078221238 ) ) ;
#4757 = CARTESIAN_POINT ( 'NONE',  ( 22.75018105581634842, -48.48828929574206370, 58.48109869087382151 ) ) ;
#4758 = LINE ( 'NONE', #4205, #4125 ) ;
#4759 = CARTESIAN_POINT ( 'NONE',  ( 12.45751961059725588, -3.558121521425606559, 64.50000000000000000 ) ) ;
#4760 = CARTESIAN_POINT ( 'NONE',  ( 51.25664701221293740, -33.99481743559055502, 49.48571190064031100 ) ) ;
#4761 = CARTESIAN_POINT ( 'NONE',  ( 50.91114102058312341, -33.03813900175534002, 51.13818293625185873 ) ) ;
#4762 = CARTESIAN_POINT ( 'NONE',  ( 28.07189866207431450, 3.569394179361859099, 54.49831879598563233 ) ) ;
#4763 = CARTESIAN_POINT ( 'NONE',  ( 1.489944993853516086, 31.04734916519717203, 49.54666824371490463 ) ) ;
#4764 = CARTESIAN_POINT ( 'NONE',  ( -56.07003918371769657, 61.74296090984745433, 54.90494458884676021 ) ) ;
#4765 = CARTESIAN_POINT ( 'NONE',  ( 52.02635862794576838, -38.31117907849575488, 49.25214573503922821 ) ) ;
#4766 = ADVANCED_FACE ( 'NONE', ( #3594 ), #2948, .T. ) ;
#4767 = ORIENTED_EDGE ( 'NONE', *, *, #2380, .T. ) ;
#4768 = CARTESIAN_POINT ( 'NONE',  ( 28.45641206713668581, 27.32004225641651374, 57.54217191338480575 ) ) ;
#4769 = CARTESIAN_POINT ( 'NONE',  ( -19.54400461069091577, -58.41479343216613529, 54.84437718514186599 ) ) ;
#4770 = AXIS2_PLACEMENT_3D ( 'NONE', #1502, #5367, #4912 ) ;
#4771 = CARTESIAN_POINT ( 'NONE',  ( -64.04034031352900058, 54.44089841005195041, 55.52006805469225981 ) ) ;
#4772 = CARTESIAN_POINT ( 'NONE',  ( -42.63509507751336258, -72.19484018080596854, 52.23502233506575010 ) ) ;
#4773 = CARTESIAN_POINT ( 'NONE',  ( -34.81562241311500827, 18.55090995081948790, 54.93900912502151357 ) ) ;
#4774 = CARTESIAN_POINT ( 'NONE',  ( 39.34969208377298600, -0.3142872217608705387, 52.23927705081445083 ) ) ;
#4775 = CARTESIAN_POINT ( 'NONE',  ( 12.59006578892161166, -2.251907563029680759, 65.00000000000000000 ) ) ;
#4776 = VERTEX_POINT ( 'NONE', #795 ) ;
#4777 = DIRECTION ( 'NONE',  ( -1.000000000000000000, 0.000000000000000000, 0.000000000000000000 ) ) ;
#4778 = CARTESIAN_POINT ( 'NONE',  ( 16.98575471026660466, -41.69733721650479197, 56.62671814206787957 ) ) ;
#4779 = DIRECTION ( 'NONE',  ( -1.000000000000000000, 0.000000000000000000, 0.000000000000000000 ) ) ;
#4780 = MANIFOLD_SOLID_BREP ( '\X2\52065272\X0\1[3]', #649 ) ;
#4781 = CARTESIAN_POINT ( 'NONE',  ( -48.64696823443991036, -63.25390009577481010, 53.25474692153688494 ) ) ;
#4782 = VERTEX_POINT ( 'NONE', #4877 ) ;
#4783 = ORIENTED_EDGE ( 'NONE', *, *, #717, .T. ) ;
#4784 = CARTESIAN_POINT ( 'NONE',  ( 24.82059454752473826, -8.350080896653365059, 52.34666922893020313 ) ) ;
#4785 = DIRECTION ( 'NONE',  ( -1.000000000000000000, 0.000000000000000000, 0.000000000000000000 ) ) ;
#4786 = CARTESIAN_POINT ( 'NONE',  ( -62.47423748747449679, -37.57234026091825285, 51.46992921939837373 ) ) ;
#4787 = CARTESIAN_POINT ( 'NONE',  ( 8.847167809843915265, -2.506408757638451945, 64.50000000000000000 ) ) ;
#4788 = CARTESIAN_POINT ( 'NONE',  ( -11.09182272616441978, 13.68792719628351406, 53.00320676075451587 ) ) ;
#4789 = CARTESIAN_POINT ( 'NONE',  ( 15.68726452205361177, -27.93016038332978468, 58.83494119523157906 ) ) ;
#4790 = CARTESIAN_POINT ( 'NONE',  ( 22.48448777796970788, -45.98499893670785355, 56.94834949069178265 ) ) ;
#4791 = CARTESIAN_POINT ( 'NONE',  ( -6.237933124361311421, 42.52737796670779602, 52.08332413202835909 ) ) ;
#4792 = CARTESIAN_POINT ( 'NONE',  ( 12.35550483848943237, 19.87274347799451490, 58.74410716625781248 ) ) ;
#4793 = CARTESIAN_POINT ( 'NONE',  ( 14.82427777033161043, -3.179335567655508843, 65.00000000000001421 ) ) ;
#4794 = CARTESIAN_POINT ( 'NONE',  ( 4.287830100746195860, -6.692130933951083271, 65.00000000000000000 ) ) ;
#4795 = CARTESIAN_POINT ( 'NONE',  ( 30.40384188732259574, 6.093577256567254352, 54.83731853902659026 ) ) ;
#4796 = CARTESIAN_POINT ( 'NONE',  ( -0.8286069321752832506, 39.44012027617932148, 49.87745401737620199 ) ) ;
#4797 = CARTESIAN_POINT ( 'NONE',  ( -47.17147431734376539, 68.03302675141043210, 54.27938095435877131 ) ) ;
#4798 = CARTESIAN_POINT ( 'NONE',  ( 51.87168018604083386, 53.82950062172862715, 57.72157993214798921 ) ) ;
#4799 = ORIENTED_EDGE ( 'NONE', *, *, #6201, .T. ) ;
#4800 = CARTESIAN_POINT ( 'NONE',  ( 11.59851076646872592, 12.57113287262878565, 57.85595025635720390 ) ) ;
#4801 = CARTESIAN_POINT ( 'NONE',  ( -7.856123452762327375, -15.24250716805381778, 54.14232831846304350 ) ) ;
#4802 = CARTESIAN_POINT ( 'NONE',  ( -16.49276847828955539, 29.49083060244964472, 53.82611305114953382 ) ) ;
#4803 = CARTESIAN_POINT ( 'NONE',  ( -56.50926674202530364, -46.05868068074754973, 50.54715903345159944 ) ) ;
#4804 = ADVANCED_FACE ( 'NONE', ( #3400 ), #1867, .F. ) ;
#4805 = CARTESIAN_POINT ( 'NONE',  ( -42.83385739063262321, 26.93734917627162417, 54.59972617736814726 ) ) ;
#4806 = CARTESIAN_POINT ( 'NONE',  ( 61.59479028029499403, -0.5807666022213229251, 52.23584222385012055 ) ) ;
#4807 = CARTESIAN_POINT ( 'NONE',  ( 15.00000000000000000, 1.836970198721029589E-15, 0.000000000000000000 ) ) ;
#4808 = VERTEX_POINT ( 'NONE', #2138 ) ;
#4809 = CARTESIAN_POINT ( 'NONE',  ( 64.48361725186839521, 46.13917894634240469, 55.24717974024628120 ) ) ;
#4810 = DIRECTION ( 'NONE',  ( 1.000000000000000000, 0.000000000000000000, 0.000000000000000000 ) ) ;
#4811 = CARTESIAN_POINT ( 'NONE',  ( 5.496773306717106955, -16.19716976173943834, 56.31486590184664465 ) ) ;
#4812 = AXIS2_PLACEMENT_3D ( 'NONE', #4679, #1739, #879 ) ;
#4813 = FACE_OUTER_BOUND ( 'NONE', #2058, .T. ) ;
#4814 = CARTESIAN_POINT ( 'NONE',  ( -41.71250368761837990, -70.39925937964088121, 53.83134153868927996 ) ) ;
#4815 = CARTESIAN_POINT ( 'NONE',  ( 15.56699219257388833, 20.20983022575514454, 56.63639579074977348 ) ) ;
#4816 = EDGE_LOOP ( 'NONE', ( #4712, #6196, #4905, #5350 ) ) ;
#4817 = FACE_OUTER_BOUND ( 'NONE', #2651, .T. ) ;
#4818 = LINE ( 'NONE', #2726, #1977 ) ;
#4819 = CARTESIAN_POINT ( 'NONE',  ( -24.18796595436944230, -19.52569032135660620, 52.13560542305275192 ) ) ;
#4820 = CARTESIAN_POINT ( 'NONE',  ( -28.73243846544711744, -24.46630770661196763, 52.25645113459349034 ) ) ;
#4821 = CARTESIAN_POINT ( 'NONE',  ( 9.444209250533059929, -4.338149321640131895, 64.99999999999998579 ) ) ;
#4822 = CARTESIAN_POINT ( 'NONE',  ( -5.481400668484574190, -6.692130933951083271, 65.00000000000000000 ) ) ;
#4823 = CARTESIAN_POINT ( 'NONE',  ( 16.98918495556268482, -30.43382691459286349, 58.82103609898960173 ) ) ;
#4824 = CARTESIAN_POINT ( 'NONE',  ( 1.740532389049112671, -17.41584525239709080, 56.88819501355083474 ) ) ;
#4825 = CARTESIAN_POINT ( 'NONE',  ( 11.77590849046183763, -4.449853826904931253, 64.50000000000001421 ) ) ;
#4826 = CARTESIAN_POINT ( 'NONE',  ( 51.38276433117066233, -34.52828336330241399, 49.45689041229920235 ) ) ;
#4827 = CARTESIAN_POINT ( 'NONE',  ( -41.33258063032670293, 70.79307458249490992, 52.30535316567505788 ) ) ;
#4828 = CARTESIAN_POINT ( 'NONE',  ( 80.96953488246960262, 22.55875018470311488, 55.18254456582696577 ) ) ;
#4829 = CARTESIAN_POINT ( 'NONE',  ( -7.233725850318971418, 44.43937087794799368, 50.54932805594831535 ) ) ;
#4830 = CARTESIAN_POINT ( 'NONE',  ( -20.14070315390992150, 74.24205217981666749, 52.64960136391686518 ) ) ;
#4831 = CARTESIAN_POINT ( 'NONE',  ( 65.67499790254213110, -29.71510553223585660, 50.25338018892970382 ) ) ;
#4832 = CARTESIAN_POINT ( 'NONE',  ( 34.59344730669498347, 28.81819270058752025, 57.20503223120851999 ) ) ;
#4833 = AXIS2_PLACEMENT_3D ( 'NONE', #2386, #2352, #4342 ) ;
#4834 = CARTESIAN_POINT ( 'NONE',  ( -51.14659397287937992, 66.70114681954407843, 54.50749617541528380 ) ) ;
#4835 = CARTESIAN_POINT ( 'NONE',  ( -40.06929654994130630, -20.52867788109222857, 49.54119972855578879 ) ) ;
#4836 = CARTESIAN_POINT ( 'NONE',  ( -16.13442538844363838, 11.62380598997696524, 54.27891201514241715 ) ) ;
#4837 = CARTESIAN_POINT ( 'NONE',  ( 61.63590901355673424, 3.773742602751054775, 52.57344001851760851 ) ) ;
#4838 = CARTESIAN_POINT ( 'NONE',  ( 8.919368139579766819, -6.665220408427577681, 64.50000000000001421 ) ) ;
#4839 = ORIENTED_EDGE ( 'NONE', *, *, #3783, .T. ) ;
#4840 = CARTESIAN_POINT ( 'NONE',  ( 82.43071224268625485, 4.129813629049203350, 52.52168235462700352 ) ) ;
#4841 = CARTESIAN_POINT ( 'NONE',  ( -72.73368921715984925, 4.985284242162263624, 58.55775530672372042 ) ) ;
#4842 = CARTESIAN_POINT ( 'NONE',  ( 1.959977942144992547, -16.99273773160599532, 55.30106040956448510 ) ) ;
#4843 = CARTESIAN_POINT ( 'NONE',  ( 9.145727642940903124, -3.987625780429037370, 64.50000000000001421 ) ) ;
#4844 = CARTESIAN_POINT ( 'NONE',  ( -54.56889687922097210, -53.87492560786541418, 52.60424460612309616 ) ) ;
#4845 = EDGE_LOOP ( 'NONE', ( #5817, #2052, #6171, #487 ) ) ;
#4846 = CARTESIAN_POINT ( 'NONE',  ( 12.53218972105409179, 18.95594419382311457, 56.97591906942501794 ) ) ;
#4847 = VERTEX_POINT ( 'NONE', #5052 ) ;
#4848 = CARTESIAN_POINT ( 'NONE',  ( 35.49334074348293200, -12.61488382696113320, 52.25813829250940046 ) ) ;
#4849 = CARTESIAN_POINT ( 'NONE',  ( -59.23874070914057199, -25.79286404183145720, 50.84782201340048147 ) ) ;
#4850 = EDGE_CURVE ( 'NONE', #4683, #2495, #2629, .T. ) ;
#4851 = CARTESIAN_POINT ( 'NONE',  ( -4.217293854289459354, 49.79861873387978477, 50.18217224125123010 ) ) ;
#4852 = CARTESIAN_POINT ( 'NONE',  ( -17.32272090561687250, -14.51444631941123475, 52.23261170240598261 ) ) ;
#4853 = CARTESIAN_POINT ( 'NONE',  ( 9.869946923284368623, -4.594965054110169866, 64.99999999999998579 ) ) ;
#4854 = CARTESIAN_POINT ( 'NONE',  ( -17.97117304703035501, -15.34145188550900407, 52.27307501863901251 ) ) ;
#4855 = CARTESIAN_POINT ( 'NONE',  ( 11.93153662798744818, -21.88930578827713447, 58.78030305560159974 ) ) ;
#4856 = CARTESIAN_POINT ( 'NONE',  ( -66.56758095092115468, 48.66489466507540840, 55.87053817636166997 ) ) ;
#4857 = CARTESIAN_POINT ( 'NONE',  ( -1.312398360062594360, -17.45245403195499279, 56.05411230053864813 ) ) ;
#4858 = CARTESIAN_POINT ( 'NONE',  ( 17.45213323877834810, 1.310288158841889317, 54.27045828066373190 ) ) ;
#4859 = DIRECTION ( 'NONE',  ( -0.000000000000000000, -0.000000000000000000, -1.000000000000000000 ) ) ;
#4860 = CARTESIAN_POINT ( 'NONE',  ( 40.54009808237017864, 50.80731605226542058, 56.56340469121504810 ) ) ;
#4861 = CARTESIAN_POINT ( 'NONE',  ( 31.00541591444943634, -0.4423570240205364490, 53.82485052767560063 ) ) ;
#4862 = LINE ( 'NONE', #5428, #3096 ) ;
#4863 = CARTESIAN_POINT ( 'NONE',  ( -48.11291322958746974, 67.49091819745021326, 54.34170624387565596 ) ) ;
#4864 = CARTESIAN_POINT ( 'NONE',  ( 81.50592223318071206, 17.68890918257843836, 54.90507532604074470 ) ) ;
#4865 = CARTESIAN_POINT ( 'NONE',  ( -46.29112016178414279, 70.15803668094666534, 54.16997420800088037 ) ) ;
#4866 = CARTESIAN_POINT ( 'NONE',  ( -54.98394293160168900, -28.10112006352481018, 49.53806408704065944 ) ) ;
#4867 = CARTESIAN_POINT ( 'NONE',  ( -28.34566848599562050, 12.57174837417574054, 55.28072661651227548 ) ) ;
#4868 = CARTESIAN_POINT ( 'NONE',  ( 50.44053870212427881, -4.016855456775031641, 51.89983131901380631 ) ) ;
#4869 = AXIS2_PLACEMENT_3D ( 'NONE', #3231, #432, #4715 ) ;
#4870 = DIRECTION ( 'NONE',  ( -0.000000000000000000, -0.000000000000000000, 1.000000000000000000 ) ) ;
#4871 = ORIENTED_EDGE ( 'NONE', *, *, #4172, .F. ) ;
#4872 = CARTESIAN_POINT ( 'NONE',  ( 51.79816978069170119, 53.90032114813446640, 56.12483541061571657 ) ) ;
#4873 = CARTESIAN_POINT ( 'NONE',  ( -50.48060997393752558, 3.499914468307570470, 58.55580491692193590 ) ) ;
#4874 = CARTESIAN_POINT ( 'NONE',  ( -1.911500001946494276, -50.56388323050352795, 54.59972617736814726 ) ) ;
#4875 = CARTESIAN_POINT ( 'NONE',  ( 16.78566442766629763, -5.350643572482614907, 50.78320816403542182 ) ) ;
#4876 = CARTESIAN_POINT ( 'NONE',  ( -58.85536184449627228, -40.67940230615193542, 51.77273500069838974 ) ) ;
#4877 = CARTESIAN_POINT ( 'NONE',  ( -13.29678528386918934, -6.692130933951083271, 64.50000000000000000 ) ) ;
#4878 = ORIENTED_EDGE ( 'NONE', *, *, #2845, .T. ) ;
#4879 = CARTESIAN_POINT ( 'NONE',  ( 29.60929731656998598, -9.749032452333910470, 52.37340449331178860 ) ) ;
#4880 = CARTESIAN_POINT ( 'NONE',  ( -3.768062500306697871, 50.80811554834165378, 50.13243654230478796 ) ) ;
#4881 = DIRECTION ( 'NONE',  ( 1.000000000000000000, 0.000000000000000000, 0.000000000000000000 ) ) ;
#4882 = CARTESIAN_POINT ( 'NONE',  ( 8.846928406984323701, -2.340940621712085168, 64.50000000000000000 ) ) ;
#4883 = CARTESIAN_POINT ( 'NONE',  ( -31.08278691004576899, -25.61637075151111631, 52.17940889070772670 ) ) ;
#4884 = CARTESIAN_POINT ( 'NONE',  ( 7.204424187347650665, -15.94858500680227564, 58.43841015998026478 ) ) ;
#4885 = CARTESIAN_POINT ( 'NONE',  ( -72.04831521841059327, 33.48185602070982725, 56.80762855345262352 ) ) ;
#4886 = CARTESIAN_POINT ( 'NONE',  ( -0.2185139068739778700, -17.49991642696567240, 56.35288094731433972 ) ) ;
#4887 = FACE_OUTER_BOUND ( 'NONE', #3520, .T. ) ;
#4888 = FACE_OUTER_BOUND ( 'NONE', #1456, .T. ) ;
#4889 = CARTESIAN_POINT ( 'NONE',  ( -72.08872122373166746, 33.39477654351197344, 55.21051080750252993 ) ) ;
#4890 = CARTESIAN_POINT ( 'NONE',  ( 58.17018568358651720, 20.72269032486211771, 55.51926518200860272 ) ) ;
#4891 = CARTESIAN_POINT ( 'NONE',  ( 10.16244196056258353, 83.18830240100717788, 49.20207363733447892 ) ) ;
#4892 = CARTESIAN_POINT ( 'NONE',  ( -72.50185822454929507, 30.54486436627546908, 56.98102748938424611 ) ) ;
#4893 = DIRECTION ( 'NONE',  ( -1.000000000000000000, 0.000000000000000000, -0.000000000000000000 ) ) ;
#4894 = CARTESIAN_POINT ( 'NONE',  ( -31.17885798312655155, 65.89848570178463660, 53.49457947812896919 ) ) ;
#4895 = CARTESIAN_POINT ( 'NONE',  ( -65.16116151777845289, -53.09373487156962312, 50.54702637608357918 ) ) ;
#4896 = CARTESIAN_POINT ( 'NONE',  ( -48.27787707901863712, 54.38358785024081499, 53.24798123936873395 ) ) ;
#4897 = CARTESIAN_POINT ( 'NONE',  ( 28.17735516448814082, -12.94485680048589593, 50.21764615814910115 ) ) ;
#4898 = CARTESIAN_POINT ( 'NONE',  ( 10.67599115843850477, -4.738284780104929261, 65.00000000000000000 ) ) ;
#4899 = ORIENTED_EDGE ( 'NONE', *, *, #3868, .T. ) ;
#4900 = CARTESIAN_POINT ( 'NONE',  ( 81.28466629559473233, -3.304153313831476257, 52.08817253236095013 ) ) ;
#4901 = CARTESIAN_POINT ( 'NONE',  ( -33.78691214635779971, 0.03005163962802358951, 58.88623960264299484 ) ) ;
#4902 = CARTESIAN_POINT ( 'NONE',  ( 4.667158729080139068, -44.66936505072094121, 55.27588709715949733 ) ) ;
#4903 = CARTESIAN_POINT ( 'NONE',  ( 8.924631939684573467, -78.42114771781133697, 56.92582155117155907 ) ) ;
#4904 = CARTESIAN_POINT ( 'NONE',  ( 14.87116343407953245, -1.568372921130570363, 64.50000000000000000 ) ) ;
#4905 = ORIENTED_EDGE ( 'NONE', *, *, #1504, .T. ) ;
#4906 = CARTESIAN_POINT ( 'NONE',  ( 28.19856325861617208, -9.268303126966001670, 52.37694781370460362 ) ) ;
#4907 = CARTESIAN_POINT ( 'NONE',  ( -41.70270415917879347, -70.34683738315871437, 53.82989302770214834 ) ) ;
#4908 = CARTESIAN_POINT ( 'NONE',  ( -15.57627246335636961, 6.007869066048916018, 64.50000000000000000 ) ) ;
#4909 = CARTESIAN_POINT ( 'NONE',  ( -39.95717159915495387, -28.24902687731662709, 51.82539966928533204 ) ) ;
#4910 = CARTESIAN_POINT ( 'NONE',  ( -56.08841448791731210, 5.639630009105469632, 58.40761096176114364 ) ) ;
#4911 = CARTESIAN_POINT ( 'NONE',  ( -46.92564718036936000, 68.23131672704880657, 54.26148292612398905 ) ) ;
#4912 = DIRECTION ( 'NONE',  ( 1.000000000000000000, 0.000000000000000000, 0.000000000000000000 ) ) ;
#4913 = CARTESIAN_POINT ( 'NONE',  ( 17.29088602895832594, -2.707378874035888838, 53.17093564077952550 ) ) ;
#4914 = CARTESIAN_POINT ( 'NONE',  ( -27.93177897667843013, -67.33931795066868631, 54.50721846181760100 ) ) ;
#4915 = CARTESIAN_POINT ( 'NONE',  ( 14.36330449385568997, -4.966325096762054692, 65.00000000000000000 ) ) ;
#4916 = CARTESIAN_POINT ( 'NONE',  ( -56.13968020151061467, 61.68021191315609286, 53.30769127333542912 ) ) ;
#4917 = CARTESIAN_POINT ( 'NONE',  ( 17.07358465260259450, -1.601257336496018979, 53.46688451991444424 ) ) ;
#4918 = CARTESIAN_POINT ( 'NONE',  ( -7.205249206268078410, 15.94925484709487939, 53.43853842362058515 ) ) ;
#4919 = CARTESIAN_POINT ( 'NONE',  ( 14.83451572138589292, 25.55366881189300088, 57.26036221288948269 ) ) ;
#4920 = CARTESIAN_POINT ( 'NONE',  ( 32.44820175449417121, 45.39300220052392376, 58.42295332259873675 ) ) ;
#4921 = CARTESIAN_POINT ( 'NONE',  ( 10.61739671306626676, -7.015927983390279010, 65.00000000000001421 ) ) ;
#4922 = ADVANCED_FACE ( 'NONE', ( #2517 ), #1616, .T. ) ;
#4923 = CARTESIAN_POINT ( 'NONE',  ( -24.71635513745648183, 44.00851601786664702, 53.83034333743024291 ) ) ;
#4924 = CARTESIAN_POINT ( 'NONE',  ( -15.63579048452018050, -6.893917457378138103, 49.23619671696108924 ) ) ;
#4925 = CARTESIAN_POINT ( 'NONE',  ( -30.13039061118724149, 25.46319933771798816, 53.92647875461493356 ) ) ;
#4926 = CARTESIAN_POINT ( 'NONE',  ( 35.73314812264626994, -16.48155830763017704, 50.21382917778223032 ) ) ;
#4927 = CARTESIAN_POINT ( 'NONE',  ( -14.45506599008581183, -9.864130325623536422, 51.77170975937082176 ) ) ;
#4928 = EDGE_LOOP ( 'NONE', ( #5054, #2680, #1640, #5090 ) ) ;
#4929 = VECTOR ( 'NONE', #4942, 1000.000000000000000 ) ;
#4930 = CARTESIAN_POINT ( 'NONE',  ( 68.39763863195800297, -27.11283695421238349, 50.48009807287471773 ) ) ;
#4931 = CARTESIAN_POINT ( 'NONE',  ( -0.7298514736958547910, -22.71092020929283706, 54.61261288365795252 ) ) ;
#4932 = AXIS2_PLACEMENT_3D ( 'NONE', #3851, #5802, #6144 ) ;
#4933 = CARTESIAN_POINT ( 'NONE',  ( 0.000000000000000000, 0.000000000000000000, 65.00000000000000000 ) ) ;
#4934 = CARTESIAN_POINT ( 'NONE',  ( 25.06028770501954384, 18.26219480903655779, 55.28072661651227548 ) ) ;
#4935 = ORIENTED_EDGE ( 'NONE', *, *, #5666, .T. ) ;
#4936 = CARTESIAN_POINT ( 'NONE',  ( 46.68946980158904836, -23.59120111553985666, 51.65274655960522665 ) ) ;
#4937 = CARTESIAN_POINT ( 'NONE',  ( -31.25932853655217514, -77.12261804156067058, 54.54640725427003645 ) ) ;
#4938 = CARTESIAN_POINT ( 'NONE',  ( 7.236235719850034442, -5.254368943996060359, 65.00000000000000000 ) ) ;
#4939 = CARTESIAN_POINT ( 'NONE',  ( 10.22950569678923394, 14.19962616562361113, 58.43180503485904609 ) ) ;
#4940 = CARTESIAN_POINT ( 'NONE',  ( -46.51290491755064949, -28.65130347043111669, 51.52279789478006933 ) ) ;
#4941 = CARTESIAN_POINT ( 'NONE',  ( -46.44933348810403828, 2.359010610882649406, 58.64497260976943238 ) ) ;
#4942 = DIRECTION ( 'NONE',  ( -0.000000000000000000, -0.000000000000000000, 1.000000000000000000 ) ) ;
#4943 = CARTESIAN_POINT ( 'NONE',  ( -1.746291672194577371, -17.41393992691559234, 55.93527798960045772 ) ) ;
#4944 = CARTESIAN_POINT ( 'NONE',  ( 16.86384614577266916, -4.680499635688566862, 52.61986803428396797 ) ) ;
#4945 = CARTESIAN_POINT ( 'NONE',  ( -3.757902225276662289, -19.57769902940985318, 55.50068522107502389 ) ) ;
#4946 = CARTESIAN_POINT ( 'NONE',  ( -1.734920945295867378, 17.41410733386962661, 50.22821439051159587 ) ) ;
#4947 = CARTESIAN_POINT ( 'NONE',  ( 54.35051805686367743, -37.33587135778288513, 51.01329263939014425 ) ) ;
#4948 = CARTESIAN_POINT ( 'NONE',  ( 18.56107769922127915, -7.272754971626946841, 52.12414267681838709 ) ) ;
#4949 = VECTOR ( 'NONE', #377, 1000.000000000000000 ) ;
#4950 = DIRECTION ( 'NONE',  ( -0.000000000000000000, -0.000000000000000000, 1.000000000000000000 ) ) ;
#4951 = CARTESIAN_POINT ( 'NONE',  ( 11.89806974464532630, 18.81884650417131866, 58.71219798075217255 ) ) ;
#4952 = CARTESIAN_POINT ( 'NONE',  ( 64.96508545225145781, 45.73327563433065279, 55.21051080750252993 ) ) ;
#4953 = CARTESIAN_POINT ( 'NONE',  ( -4.371842539891305002, 19.44868164566348057, 52.46174860638553383 ) ) ;
#4954 = CARTESIAN_POINT ( 'NONE',  ( -62.18471114763413965, 8.479140976347832037, 56.63175401432328471 ) ) ;
#4955 = CARTESIAN_POINT ( 'NONE',  ( -24.88753025561367593, 37.52102806074251617, 52.57590451564002620 ) ) ;
#4956 = EDGE_CURVE ( 'NONE', #6139, #4683, #1189, .T. ) ;
#4957 = CARTESIAN_POINT ( 'NONE',  ( 72.07070814514413826, -10.97942635356947250, 51.56023112250365159 ) ) ;
#4958 = CARTESIAN_POINT ( 'NONE',  ( -4.719591340145086633, 24.27665301181776059, 52.31634298045489118 ) ) ;
#4959 = ORIENTED_EDGE ( 'NONE', *, *, #2699, .F. ) ;
#4960 = CARTESIAN_POINT ( 'NONE',  ( 12.07971738799185069, -37.45019246647498079, 57.87967215400536247 ) ) ;
#4961 = CARTESIAN_POINT ( 'NONE',  ( -74.06477848639565309, 39.74103598517271507, 56.53267012215216170 ) ) ;
#4962 = CARTESIAN_POINT ( 'NONE',  ( -9.145602736374847552, -83.34389337568369172, 54.26018124566753187 ) ) ;
#4963 = CARTESIAN_POINT ( 'NONE',  ( 9.798300615930381596, -78.06088322717512540, 56.98102748938424611 ) ) ;
#4964 = CARTESIAN_POINT ( 'NONE',  ( 20.27205571206721757, 19.74219708494565495, 55.95855041647897821 ) ) ;
#4965 = VERTEX_POINT ( 'NONE', #2288 ) ;
#4966 = CARTESIAN_POINT ( 'NONE',  ( 36.38482552745918497, -13.17444773376953115, 52.22933905514777564 ) ) ;
#4967 = CARTESIAN_POINT ( 'NONE',  ( -2.306861992109104254, 18.33515507895097585, 50.36176332662137867 ) ) ;
#4968 = CARTESIAN_POINT ( 'NONE',  ( 10.40140309572737465, -7.012289856171880054, 65.00000000000001421 ) ) ;
#4969 = DIRECTION ( 'NONE',  ( -0.000000000000000000, -0.000000000000000000, 1.000000000000000000 ) ) ;
#4970 = CARTESIAN_POINT ( 'NONE',  ( -42.14488116058685563, -28.53892930351845436, 51.72803470589349928 ) ) ;
#4971 = CARTESIAN_POINT ( 'NONE',  ( -53.82365942643933465, 4.716307501635773392, 58.46910700225258495 ) ) ;
#4972 = EDGE_CURVE ( 'NONE', #3092, #1495, #4228, .T. ) ;
#4973 = CARTESIAN_POINT ( 'NONE',  ( -56.07200583393853321, 61.74174462152468124, 54.90507532604074470 ) ) ;
#4974 = DIRECTION ( 'NONE',  ( -0.000000000000000000, -0.000000000000000000, 1.000000000000000000 ) ) ;
#4975 = LINE ( 'NONE', #2511, #335 ) ;
#4976 = CARTESIAN_POINT ( 'NONE',  ( -12.65746979813133244, -48.99149331945099561, 55.18027443959117306 ) ) ;
#4977 = CARTESIAN_POINT ( 'NONE',  ( 11.67449774821100306, -6.941245600636925417, 64.50000000000001421 ) ) ;
#4978 = CARTESIAN_POINT ( 'NONE',  ( -5.481400668484574190, 6.007869066048916018, 64.50000000000000000 ) ) ;
#4979 = CARTESIAN_POINT ( 'NONE',  ( 33.46567712925623539, -5.237459229019596485, 53.15036006958452219 ) ) ;
#4980 = CARTESIAN_POINT ( 'NONE',  ( -10.04070944604289295, 14.33467367308123919, 54.33009046929164043 ) ) ;
#4981 = CARTESIAN_POINT ( 'NONE',  ( -1.589920501952522214, 17.88108847127108803, 51.83618007362616709 ) ) ;
#4982 = CARTESIAN_POINT ( 'NONE',  ( 69.91594435668088181, 40.96028335533845421, 54.81125473223733024 ) ) ;
#4983 = CARTESIAN_POINT ( 'NONE',  ( -0.6408296506357530342, 39.44361107528625610, 51.46686606330069225 ) ) ;
#4984 = CARTESIAN_POINT ( 'NONE',  ( 16.87431905782984387, -7.536763668584476328, 51.91130219592787398 ) ) ;
#4985 = CARTESIAN_POINT ( 'NONE',  ( -15.06425237112549453, 8.908614922356470345, 56.36258220246406836 ) ) ;
#4986 = CARTESIAN_POINT ( 'NONE',  ( -40.22608537979369459, 60.79995592900276336, 52.57299127088860047 ) ) ;
#4987 = CARTESIAN_POINT ( 'NONE',  ( 18.11375589309025713, -8.206003976388648979, 50.22889034229827132 ) ) ;
#4988 = CARTESIAN_POINT ( 'NONE',  ( 14.79193186291421291, -3.492974238695619071, 64.50000000000000000 ) ) ;
#4989 = ORIENTED_EDGE ( 'NONE', *, *, #4414, .F. ) ;
#4990 = CARTESIAN_POINT ( 'NONE',  ( 27.32668826406388618, -67.58665836098141710, 58.22032603312491261 ) ) ;
#4991 = CARTESIAN_POINT ( 'NONE',  ( -40.94998509696572597, 18.44541542850165783, 56.86720896767109679 ) ) ;
#4992 = CARTESIAN_POINT ( 'NONE',  ( -6.357960426814311283, -15.92552925568058519, 52.93863142792627485 ) ) ;
#4993 = EDGE_CURVE ( 'NONE', #1394, #196, #4758, .T. ) ;
#4994 = CARTESIAN_POINT ( 'NONE',  ( -25.43595306093827091, -79.42955877921222907, 54.90494458884678153 ) ) ;
#4995 = CARTESIAN_POINT ( 'NONE',  ( 27.31938435731507298, 19.88381014397436886, 55.27944460615873368 ) ) ;
#4996 = ORIENTED_EDGE ( 'NONE', *, *, #3473, .F. ) ;
#4997 = CARTESIAN_POINT ( 'NONE',  ( 12.80348223003350938, 18.77379591314198137, 58.54268485555895296 ) ) ;
#4998 = CARTESIAN_POINT ( 'NONE',  ( -16.96955527565133437, -81.50145696737882872, 55.40439193518012928 ) ) ;
#4999 = EDGE_CURVE ( 'NONE', #3123, #5863, #5708, .T. ) ;
#5000 = CARTESIAN_POINT ( 'NONE',  ( 8.655009827298044911, -6.535594952438401606, 65.00000000000000000 ) ) ;
#5001 = CARTESIAN_POINT ( 'NONE',  ( -38.63980542079278990, -28.01759918283861239, 51.88263760716171902 ) ) ;
#5002 = CARTESIAN_POINT ( 'NONE',  ( -48.63475426346418118, 2.954117507926981023, 58.59715602069090323 ) ) ;
#5003 = CARTESIAN_POINT ( 'NONE',  ( -25.34679032684506694, -79.45849517142067953, 53.30769127333542912 ) ) ;
#5004 = CARTESIAN_POINT ( 'NONE',  ( 17.19724505467173969, -3.248088212196174496, 53.02120569031414021 ) ) ;
#5005 = CARTESIAN_POINT ( 'NONE',  ( -23.01796976303303310, -24.73513528986618226, 52.81248026945973351 ) ) ;
#5006 = EDGE_CURVE ( 'NONE', #395, #5624, #246, .T. ) ;
#5007 = CARTESIAN_POINT ( 'NONE',  ( 12.51152275145721404, -6.695217387646591689, 64.49999999999998579 ) ) ;
#5008 = DIRECTION ( 'NONE',  ( 0.000000000000000000, 1.000000000000000000, 0.000000000000000000 ) ) ;
#5009 = CARTESIAN_POINT ( 'NONE',  ( 29.00372682190753082, -11.18454782167860806, 52.13560542305275192 ) ) ;
#5010 = VECTOR ( 'NONE', #896, 1000.000000000000000 ) ;
#5011 = CARTESIAN_POINT ( 'NONE',  ( -3.195858367271093403, 17.20718895861938336, 52.28934886536492144 ) ) ;
#5012 = CARTESIAN_POINT ( 'NONE',  ( 23.51709293981334881, -53.25224041084936033, 56.76376662434831388 ) ) ;
#5013 = CARTESIAN_POINT ( 'NONE',  ( -72.67041537684470143, 29.16751629905233401, 57.06214313082134026 ) ) ;
#5014 = CARTESIAN_POINT ( 'NONE',  ( 78.06606452543240948, 28.43098653841635226, 53.94913993833711174 ) ) ;
#5015 = CARTESIAN_POINT ( 'NONE',  ( -24.82553395097852444, 80.08466657785520226, 52.81986328090926008 ) ) ;
#5016 = CARTESIAN_POINT ( 'NONE',  ( 36.47851930221629857, -13.23575987776339602, 52.22612276750729166 ) ) ;
#5017 = CARTESIAN_POINT ( 'NONE',  ( -15.85924541356536288, 7.402440823320111996, 56.82748282491488112 ) ) ;
#5018 = CARTESIAN_POINT ( 'NONE',  ( -26.50276154980360133, 55.77468115953126926, 51.89824442918263969 ) ) ;
#5019 = CARTESIAN_POINT ( 'NONE',  ( 26.48880981237109822, -9.955370338366579475, 50.55547155577135499 ) ) ;
#5020 = CARTESIAN_POINT ( 'NONE',  ( 14.87023819448327622, -2.017021791871689729, 64.50000000000000000 ) ) ;
#5021 = ORIENTED_EDGE ( 'NONE', *, *, #562, .F. ) ;
#5022 = CARTESIAN_POINT ( 'NONE',  ( 13.57684949576081301, -27.96576383551607492, 58.55019570516677874 ) ) ;
#5023 = CARTESIAN_POINT ( 'NONE',  ( -23.16058101622936860, 10.54214127282944169, 56.85784167508757037 ) ) ;
#5024 = CARTESIAN_POINT ( 'NONE',  ( -8.805024408880610665, -26.81929835924148620, 53.25726081490449104 ) ) ;
#5025 = CARTESIAN_POINT ( 'NONE',  ( 2.533676484096378356, -80.48633264568969992, 56.53496325371997955 ) ) ;
#5026 = CARTESIAN_POINT ( 'NONE',  ( 33.47337048728450526, 20.87575848291508507, 54.93900912502151357 ) ) ;
#5027 = VERTEX_POINT ( 'NONE', #6220 ) ;
#5028 = CARTESIAN_POINT ( 'NONE',  ( -5.736744106665910614, -81.84843543844201008, 56.05038690326501438 ) ) ;
#5029 = CARTESIAN_POINT ( 'NONE',  ( -10.07843846709299740, -14.30817030407623491, 53.48256303318751037 ) ) ;
#5030 = CARTESIAN_POINT ( 'NONE',  ( -15.27986611844646347, -12.09333067124090988, 50.46035257284535192 ) ) ;
#5031 = VECTOR ( 'NONE', #2046, 1000.000000000000000 ) ;
#5032 = CARTESIAN_POINT ( 'NONE',  ( -0.2711442582281620162, 3.728381886561737524, 64.50000000000000000 ) ) ;
#5033 = CARTESIAN_POINT ( 'NONE',  ( -33.39454703909893141, 0.4248318783834081902, 58.83005169012490398 ) ) ;
#5034 = B_SPLINE_SURFACE_WITH_KNOTS ( 'NONE', 1, 3, ( 
 ( #2584, #4984, #703, #3508, #5463, #1092, #3087, #2552, #4507, #5493, #5048, #3056, #5016, #4537, #157, #2106, #2615, #4052, #5999, #1628, #311, #1341, #5204, #5649, #4761, #1281, #4146, #862, #1754, #4209 ),
 ( #2802, #1247, #1215, #1309, #1850, #829, #1724, #6191, #3246, #2257, #3149, #3699, #4179, #3213, #5108, #380, #5139, #6223, #2675, #5172, #4277, #3666, #736, #2768, #1817, #2323, #5618, #4633, #2707, #4730 ) ),
 .UNSPECIFIED., .F., .F., .F.,
 ( 2, 2 ),
 ( 4, 2, 2, 2, 2, 2, 2, 2, 2, 2, 2, 2, 2, 2, 4 ),
 ( 0.000000000000000000, 1.000000000000000000 ),
 ( 0.000000000000000000, 0.003254844236611378720, 0.006509688473222757440, 0.009764532709834135293, 0.01301937694644551488, 0.01952906541966827059, 0.02278390965627965017, 0.02603875389289102976, 0.03254844236611378894, 0.03580328660272516506, 0.03905813083933654117, 0.04556781931255930035, 0.04719524143086499535, 0.04882266354917068341, 0.05207750778578205952 ),
 .UNSPECIFIED. ) ;
#5035 = EDGE_CURVE ( 'NONE', #3941, #4965, #581, .T. ) ;
#5036 = CARTESIAN_POINT ( 'NONE',  ( 7.123635771480139489, -79.12805217784200806, 55.21051080750252993 ) ) ;
#5037 = CARTESIAN_POINT ( 'NONE',  ( 12.55128471623089226, -3.021576397892844490, 65.00000000000001421 ) ) ;
#5038 = CARTESIAN_POINT ( 'NONE',  ( -31.40174437218473003, -52.99232625499869442, 53.83184363771155745 ) ) ;
#5039 = DIRECTION ( 'NONE',  ( 0.000000000000000000, -0.000000000000000000, 1.000000000000000000 ) ) ;
#5040 = CARTESIAN_POINT ( 'NONE',  ( 26.78338091916074148, 40.82161567868404006, 57.00445623239560433 ) ) ;
#5041 = CARTESIAN_POINT ( 'NONE',  ( 61.03102785620745152, -9.401991447750218001, 53.15649288894948654 ) ) ;
#5042 = DIRECTION ( 'NONE',  ( 1.000000000000000000, 0.000000000000000000, 0.000000000000000000 ) ) ;
#5043 = CARTESIAN_POINT ( 'NONE',  ( 10.21669450844922622, 14.20962991503228245, 58.43623408489855109 ) ) ;
#5044 = CARTESIAN_POINT ( 'NONE',  ( -6.519059729884103760, 31.53965077172128062, 52.36426300786648369 ) ) ;
#5045 = CARTESIAN_POINT ( 'NONE',  ( 13.38128582325249916, 22.10333354561512209, 58.79724350994688109 ) ) ;
#5046 = CARTESIAN_POINT ( 'NONE',  ( -11.53143562550742729, 71.98417804264765607, 52.14388742256713272 ) ) ;
#5047 = VECTOR ( 'NONE', #3462, 1000.000000000000000 ) ;
#5048 = CARTESIAN_POINT ( 'NONE',  ( 32.72091100499202554, -11.03323719931369773, 52.33441578904987779 ) ) ;
#5049 = CARTESIAN_POINT ( 'NONE',  ( -14.20776852058769713, 10.21930291399557156, 55.93527798960045772 ) ) ;
#5050 = CARTESIAN_POINT ( 'NONE',  ( -10.39977577440089895, 26.31720620760171414, 51.56901135750584331 ) ) ;
#5051 = EDGE_CURVE ( 'NONE', #4194, #3514, #5393, .T. ) ;
#5052 = CARTESIAN_POINT ( 'NONE',  ( 6.567317280233374355, 6.007869066048916018, 65.00000000000000000 ) ) ;
#5053 = CARTESIAN_POINT ( 'NONE',  ( 4.287830100746195860, -6.692130933951083271, 64.50000000000000000 ) ) ;
#5054 = ORIENTED_EDGE ( 'NONE', *, *, #1918, .F. ) ;
#5055 = CARTESIAN_POINT ( 'NONE',  ( 16.86743058983579857, -29.27535005399280976, 58.88623960264299484 ) ) ;
#5056 = CARTESIAN_POINT ( 'NONE',  ( -32.52439287984791605, 9.460730083607655772, 57.53974281165659477 ) ) ;
#5057 = CARTESIAN_POINT ( 'NONE',  ( -27.83637960035435199, -67.37880178945805199, 52.91049119491402308 ) ) ;
#5058 = CARTESIAN_POINT ( 'NONE',  ( -33.56377465438204410, 4.568381806371441201, 56.63041936701097967 ) ) ;
#5059 = CARTESIAN_POINT ( 'NONE',  ( 23.76817576527507470, 20.03449953721032983, 55.61866395453589007 ) ) ;
#5060 = EDGE_LOOP ( 'NONE', ( #4605, #2548, #3302, #2262 ) ) ;
#5061 = CARTESIAN_POINT ( 'NONE',  ( -5.643998096559664113, -81.85489828003315438, 54.45308968096160385 ) ) ;
#5062 = CARTESIAN_POINT ( 'NONE',  ( -8.927773903913083231, -15.05286651218430904, 53.85665222022832666 ) ) ;
#5063 = CARTESIAN_POINT ( 'NONE',  ( -45.38858511875948665, -28.80638003982431883, 49.97974766744359698 ) ) ;
#5064 = CARTESIAN_POINT ( 'NONE',  ( 15.22303182736504290, 8.634548721668313220, 56.37600237402957504 ) ) ;
#5065 = FACE_OUTER_BOUND ( 'NONE', #4366, .T. ) ;
#5066 = CARTESIAN_POINT ( 'NONE',  ( -43.50381385557428615, -68.74250929320984937, 52.08817253236095013 ) ) ;
#5067 = CARTESIAN_POINT ( 'NONE',  ( 12.59167625459235040, -1.952527568566468030, 64.50000000000000000 ) ) ;
#5068 = CARTESIAN_POINT ( 'NONE',  ( -19.25785025406695183, -20.63691887073091635, 52.80945945203338709 ) ) ;
#5069 = CARTESIAN_POINT ( 'NONE',  ( 11.36354583509174887, -22.84116278976724956, 56.97300103043404107 ) ) ;
#5070 = CARTESIAN_POINT ( 'NONE',  ( 58.39761351629279318, -35.11522865677500960, 51.30086601558279824 ) ) ;
#5071 = CARTESIAN_POINT ( 'NONE',  ( 39.36384133766711813, -21.85587484374262246, 51.46774364464288709 ) ) ;
#5072 = FILL_AREA_STYLE ('',( #4628 ) ) ;
#5073 = CARTESIAN_POINT ( 'NONE',  ( 10.67599115843850477, -4.738284780104929261, 65.00000000000000000 ) ) ;
#5074 = CARTESIAN_POINT ( 'NONE',  ( -2.939610630985324047, 20.26831133205039492, 52.09235123304708992 ) ) ;
#5075 = CARTESIAN_POINT ( 'NONE',  ( 30.62939536638760529, 43.95651204302526338, 58.48070718500670750 ) ) ;
#5076 = CARTESIAN_POINT ( 'NONE',  ( -3.406397986805681732, 39.20326629110200400, 51.80322653610595296 ) ) ;
#5077 = CARTESIAN_POINT ( 'NONE',  ( -44.04939546848348186, 1.576703920194610253, 57.10475120395854987 ) ) ;
#5078 = CARTESIAN_POINT ( 'NONE',  ( 34.95584328190916779, 18.28400026702409065, 56.19077271154683473 ) ) ;
#5079 = CARTESIAN_POINT ( 'NONE',  ( -15.76688309028059720, 7.596063697756156863, 56.76894537308309197 ) ) ;
#5080 = CARTESIAN_POINT ( 'NONE',  ( -6.426752613413597714, 15.89740295717808394, 51.58755781399906937 ) ) ;
#5081 = CARTESIAN_POINT ( 'NONE',  ( 44.32004195784588774, -24.41476698744868656, 49.87550401376276454 ) ) ;
#5082 = CARTESIAN_POINT ( 'NONE',  ( -5.408768078793899647, 46.74404497060307051, 50.32516292660832136 ) ) ;
#5083 = VERTEX_POINT ( 'NONE', #1019 ) ;
#5084 = CARTESIAN_POINT ( 'NONE',  ( 22.43510586236578774, -69.17335114998107315, 57.88271671937818752 ) ) ;
#5085 = CARTESIAN_POINT ( 'NONE',  ( -28.24665717811320320, 12.79265780528387531, 56.86241209240903061 ) ) ;
#5086 = CARTESIAN_POINT ( 'NONE',  ( -4.055668972508838621, -16.66178074487974570, 53.61327315669729643 ) ) ;
#5087 = CARTESIAN_POINT ( 'NONE',  ( -33.80468676668412087, 2.181006794623819189, 56.96716902491714052 ) ) ;
#5088 = CARTESIAN_POINT ( 'NONE',  ( 37.97068833122830256, 10.69876400728212396, 53.58913800686033824 ) ) ;
#5089 = CARTESIAN_POINT ( 'NONE',  ( -13.93580272825214195, 10.77874327833294998, 54.11320676075452241 ) ) ;
#5090 = ORIENTED_EDGE ( 'NONE', *, *, #4429, .F. ) ;
#5091 = CARTESIAN_POINT ( 'NONE',  ( 18.66148057392625859, -73.29301401635306945, 57.57394578519146222 ) ) ;
#5092 = CARTESIAN_POINT ( 'NONE',  ( -9.462754659122358802, -14.72466417190107180, 53.68540553716793085 ) ) ;
#5093 = CARTESIAN_POINT ( 'NONE',  ( -17.10868082978419480, -14.76568177495115819, 50.66695857741238740 ) ) ;
#5094 = CARTESIAN_POINT ( 'NONE',  ( 15.95001901664613086, 7.203592387606853720, 55.93795823719386107 ) ) ;
#5095 = CARTESIAN_POINT ( 'NONE',  ( -25.17370469984521364, 0.5896338631325580559, 58.78536280186541774 ) ) ;
#5096 = CARTESIAN_POINT ( 'NONE',  ( -58.57153521832304222, -42.01866381097302394, 50.25338018892970382 ) ) ;
#5097 = CARTESIAN_POINT ( 'NONE',  ( 12.45751961059725588, -3.558121521425606559, 65.00000000000000000 ) ) ;
#5098 = CARTESIAN_POINT ( 'NONE',  ( -17.76883931716833231, -25.50719897442057160, 53.48716689115477863 ) ) ;
#5099 = CARTESIAN_POINT ( 'NONE',  ( 10.94943894361523640, -43.67207410330293271, 55.95170618795496154 ) ) ;
#5100 = CARTESIAN_POINT ( 'NONE',  ( 80.61281391417072939, -5.956473808628761191, 53.53257476294849937 ) ) ;
#5101 = CARTESIAN_POINT ( 'NONE',  ( 61.12057804626326885, -39.73270700332781047, 51.13389251523337720 ) ) ;
#5102 = CARTESIAN_POINT ( 'NONE',  ( 23.52085705448998354, -55.79478445202317971, 58.29082045838595860 ) ) ;
#5103 = CARTESIAN_POINT ( 'NONE',  ( -5.514792162332620151, 16.61206149203948002, 52.94290238045646646 ) ) ;
#5104 = CARTESIAN_POINT ( 'NONE',  ( 23.26618518417208037, -50.83067570869028629, 56.82745588964370143 ) ) ;
#5105 = CARTESIAN_POINT ( 'NONE',  ( -6.816224785144838094, 35.96346415548966746, 52.28399408291200245 ) ) ;
#5106 = CARTESIAN_POINT ( 'NONE',  ( 13.51216764097712719, 22.37311943617966392, 58.80198313861408366 ) ) ;
#5107 = CARTESIAN_POINT ( 'NONE',  ( -29.54738421168639562, 0.07023306161359557653, 57.26036221288948269 ) ) ;
#5108 = CARTESIAN_POINT ( 'NONE',  ( 39.20055771519553645, -14.99853029601594656, 50.53207451395519456 ) ) ;
#5109 = CARTESIAN_POINT ( 'NONE',  ( 17.03738299993666772, 10.35253270808855675, 56.51315002828789602 ) ) ;
#5110 = CARTESIAN_POINT ( 'NONE',  ( -24.91241519439759244, 80.05770391595112301, 51.22245141654710210 ) ) ;
#5111 = CARTESIAN_POINT ( 'NONE',  ( -5.327365897794176242, 71.13528957989653634, 51.74208063302801008 ) ) ;
#5112 = CARTESIAN_POINT ( 'NONE',  ( 5.553249440983860197, 62.85150075721451657, 50.96544219180327673 ) ) ;
#5113 = EDGE_CURVE ( 'NONE', #1359, #2028, #2065, .T. ) ;
#5114 = ORIENTED_EDGE ( 'NONE', *, *, #3953, .T. ) ;
#5115 = CARTESIAN_POINT ( 'NONE',  ( 11.21146625460857926, -7.008048629288189169, 65.00000000000000000 ) ) ;
#5116 = CARTESIAN_POINT ( 'NONE',  ( 1.154063237397898956, -39.43262004116169805, 56.52836702536914970 ) ) ;
#5117 = CARTESIAN_POINT ( 'NONE',  ( -52.04995365106384497, 51.04452608309267703, 55.18219881576282404 ) ) ;
#5118 = CARTESIAN_POINT ( 'NONE',  ( -11.77687995545483446, -28.76843104028778697, 52.91823907506450553 ) ) ;
#5119 = CARTESIAN_POINT ( 'NONE',  ( -17.12309824179498463, 0.9457505511796640008, 56.98876834531406388 ) ) ;
#5120 = CARTESIAN_POINT ( 'NONE',  ( 34.86821607901951126, 18.45057048666172861, 54.60140707151501260 ) ) ;
#5121 = CARTESIAN_POINT ( 'NONE',  ( -12.51405092401803820, 12.23354456744274543, 53.55820979132739978 ) ) ;
#5122 = ADVANCED_FACE ( 'NONE', ( #2899 ), #2509, .T. ) ;
#5123 = ORIENTED_EDGE ( 'NONE', *, *, #4, .F. ) ;
#5124 = CARTESIAN_POINT ( 'NONE',  ( -21.83412075649282968, -80.48259106324053391, 55.11977062885335954 ) ) ;
#5125 = CARTESIAN_POINT ( 'NONE',  ( -59.23874070914057910, -25.79286404183146075, 50.84782201340048147 ) ) ;
#5126 = CARTESIAN_POINT ( 'NONE',  ( 15.26462914329382592, 8.560719619049850238, 56.35288094731434683 ) ) ;
#5127 = CARTESIAN_POINT ( 'NONE',  ( -28.34469524457691136, 0.4007980178300935559, 58.82650178965376853 ) ) ;
#5128 = CARTESIAN_POINT ( 'NONE',  ( -58.30316938007828753, -43.25266936233060022, 50.32955689647991449 ) ) ;
#5129 = CARTESIAN_POINT ( 'NONE',  ( 8.655009827298044911, -6.535594952438401606, 64.50000000000000000 ) ) ;
#5130 = CARTESIAN_POINT ( 'NONE',  ( -28.82330632671462922, -41.58846646619763732, 53.49271420449851888 ) ) ;
#5131 = CARTESIAN_POINT ( 'NONE',  ( 79.73545851514755611, -8.753431817039825091, 53.36273078897013278 ) ) ;
#5132 = CARTESIAN_POINT ( 'NONE',  ( 58.02451290007084594, -43.77816908890871161, 50.80016357729127918 ) ) ;
#5133 = CARTESIAN_POINT ( 'NONE',  ( 23.52951586637075110, -55.97761260793792104, 58.28584840278440993 ) ) ;
#5134 = CARTESIAN_POINT ( 'NONE',  ( -3.400747232370879836, 17.16829099390250946, 52.34623883929813815 ) ) ;
#5135 = CARTESIAN_POINT ( 'NONE',  ( 7.586662748270296852, -15.77139342769754826, 56.89487708261462728 ) ) ;
#5136 = CARTESIAN_POINT ( 'NONE',  ( -6.643034368546240742, 39.72666846027364329, 52.17940889070774801 ) ) ;
#5137 = CARTESIAN_POINT ( 'NONE',  ( 15.67062505617379564, 26.42270830936301351, 58.83638904851499518 ) ) ;
#5138 = CARTESIAN_POINT ( 'NONE',  ( 4.287830100746195860, -4.412643754463903889, 65.00000000000000000 ) ) ;
#5139 = CARTESIAN_POINT ( 'NONE',  ( 43.18591445958161046, -18.68789192588726777, 50.32516292660832136 ) ) ;
#5140 = CARTESIAN_POINT ( 'NONE',  ( 52.50517072088324255, 32.50280881293878110, 56.53182658821751261 ) ) ;
#5141 = CARTESIAN_POINT ( 'NONE',  ( -18.44802497756302984, 47.11696010402599200, 51.56195494222485110 ) ) ;
#5142 = CARTESIAN_POINT ( 'NONE',  ( 18.19643117189715653, -13.48285102519815126, 49.22286619016815479 ) ) ;
#5143 = CARTESIAN_POINT ( 'NONE',  ( -4.233115106412402184, 22.19939311130853099, 50.66695857741238740 ) ) ;
#5144 = VERTEX_POINT ( 'NONE', #509 ) ;
#5145 = CARTESIAN_POINT ( 'NONE',  ( 14.79193186291421291, -3.492974238695619071, 65.00000000000000000 ) ) ;
#5146 = CARTESIAN_POINT ( 'NONE',  ( 8.511943777049067350, -83.41103077611100503, 56.87019425404646711 ) ) ;
#5147 = CARTESIAN_POINT ( 'NONE',  ( -29.73033562943865604, 33.66366394417724450, 54.84208958533108103 ) ) ;
#5148 = CARTESIAN_POINT ( 'NONE',  ( -22.57571983406455729, -21.36813175427077738, 50.89155573104834218 ) ) ;
#5149 = EDGE_CURVE ( 'NONE', #5832, #943, #6291, .T. ) ;
#5150 = CARTESIAN_POINT ( 'NONE',  ( -60.26568764397395483, 12.73768063762292790, 56.28656227614336416 ) ) ;
#5151 = CARTESIAN_POINT ( 'NONE',  ( 32.59565887047816801, 9.216887575907231067, 53.59168737930244930 ) ) ;
#5152 = CARTESIAN_POINT ( 'NONE',  ( -72.57813227676975032, 17.90837032555188202, 56.12483541061571657 ) ) ;
#5153 = ORIENTED_EDGE ( 'NONE', *, *, #475, .T. ) ;
#5154 = CARTESIAN_POINT ( 'NONE',  ( 12.33422692151443734, -77.00875890179163719, 55.53895740161986794 ) ) ;
#5155 = CARTESIAN_POINT ( 'NONE',  ( -7.591323787554236979, -15.76913481443375353, 54.27045828066375321 ) ) ;
#5156 = CARTESIAN_POINT ( 'NONE',  ( 14.46182567616179782, 9.856489445804346161, 56.76894537308308486 ) ) ;
#5157 = CARTESIAN_POINT ( 'NONE',  ( -24.01845752577519733, 0.6950287820899082591, 58.76085769722801189 ) ) ;
#5158 = CARTESIAN_POINT ( 'NONE',  ( 18.54983357011773393, -7.569012433415005958, 52.05599737866298682 ) ) ;
#5159 = CARTESIAN_POINT ( 'NONE',  ( 12.59006578892161166, -2.251907563029680759, 65.00000000000000000 ) ) ;
#5160 = CARTESIAN_POINT ( 'NONE',  ( -23.45496485921951191, -9.817928145908350501, 50.79247791863767247 ) ) ;
#5161 = CARTESIAN_POINT ( 'NONE',  ( -13.37303251313492503, -11.29014345990525037, 52.26027535068277530 ) ) ;
#5162 = CARTESIAN_POINT ( 'NONE',  ( 81.82379887418807130, -0.9244581591087663863, 53.83134153868930127 ) ) ;
#5163 = CARTESIAN_POINT ( 'NONE',  ( 15.42394564758886766, -7.395993037364227085, 51.77905343000577432 ) ) ;
#5164 = CARTESIAN_POINT ( 'NONE',  ( 22.82317409313039391, -68.98959438594147286, 57.91010636391871458 ) ) ;
#5165 = CARTESIAN_POINT ( 'NONE',  ( 12.54321060220223139, 22.13829651661779252, 57.30748762167205257 ) ) ;
#5166 = VECTOR ( 'NONE', #2339, 1000.000000000000114 ) ;
#5167 = DIRECTION ( 'NONE',  ( -0.000000000000000000, 0.000000000000000000, 1.000000000000000000 ) ) ;
#5168 = CARTESIAN_POINT ( 'NONE',  ( -6.072695671380510696, 29.05482369566716727, 52.37694781370460362 ) ) ;
#5169 = CARTESIAN_POINT ( 'NONE',  ( 15.98960008697339319, 26.96656660491138169, 58.83641117077290517 ) ) ;
#5170 = CARTESIAN_POINT ( 'NONE',  ( -19.84718569382950903, 0.8889067872543919835, 57.04979127913532011 ) ) ;
#5171 = B_SPLINE_CURVE_WITH_KNOTS ( 'NONE', 3,
 ( #2504, #2033, #51, #568 ),
 .UNSPECIFIED., .F., .F.,
 ( 4, 4 ),
 ( 0.5043540070287136912, 0.5059370422916584786 ),
 .UNSPECIFIED. ) ;
#5172 = CARTESIAN_POINT ( 'NONE',  ( 47.08670210249556476, -23.96820622067662754, 50.03130117827907242 ) ) ;
#5173 = CARTESIAN_POINT ( 'NONE',  ( 58.96841515916267440, 42.55643577826428015, 56.86986824350265834 ) ) ;
#5174 = CARTESIAN_POINT ( 'NONE',  ( -3.593125872960574618, 39.18659318521901014, 50.21382917778223032 ) ) ;
#5175 = CARTESIAN_POINT ( 'NONE',  ( 20.40687932030559537, -15.16885918033529634, 49.21970453441858950 ) ) ;
#5176 = CARTESIAN_POINT ( 'NONE',  ( -6.822224778009220891, 37.11617547705638032, 52.25645113459349034 ) ) ;
#5177 = ORIENTED_EDGE ( 'NONE', *, *, #5475, .T. ) ;
#5178 = CARTESIAN_POINT ( 'NONE',  ( 11.26569046064830637, 16.44838400576076154, 58.53892354253414965 ) ) ;
#5179 = CARTESIAN_POINT ( 'NONE',  ( -2.913543023146235367, -72.84401452707250257, 56.19469524285577933 ) ) ;
#5180 = CARTESIAN_POINT ( 'NONE',  ( -18.62624001590032208, 21.21005086474401224, 54.83567357649359053 ) ) ;
#5181 = CARTESIAN_POINT ( 'NONE',  ( -25.62458315052352376, -43.48595162258457947, 52.23745716780651094 ) ) ;
#5182 = CARTESIAN_POINT ( 'NONE',  ( -38.51165205824086257, 8.080157705401479262, 56.29029994233178513 ) ) ;
#5183 = CARTESIAN_POINT ( 'NONE',  ( 20.03315958141686792, 10.72339018743639727, 54.61261288365795252 ) ) ;
#5184 = CARTESIAN_POINT ( 'NONE',  ( -23.03974445781530633, 74.30419641198903946, 51.21767649740151285 ) ) ;
#5185 = EDGE_LOOP ( 'NONE', ( #3574, #6162 ) ) ;
#5186 = CARTESIAN_POINT ( 'NONE',  ( -0.2711442582281620162, 1.286074194254045899, 64.50000000000000000 ) ) ;
#5187 = B_SPLINE_CURVE_WITH_KNOTS ( 'NONE', 1,
 ( #1774, #5834 ),
 .UNSPECIFIED., .F., .F.,
 ( 2, 2 ),
 ( 0.000000000000000000, 1.000000000000000000 ),
 .UNSPECIFIED. ) ;
#5188 = FACE_OUTER_BOUND ( 'NONE', #4845, .T. ) ;
#5189 = CARTESIAN_POINT ( 'NONE',  ( -27.04501153944809388, 0.4562193653916313263, 58.81481318196956920 ) ) ;
#5190 = ORIENTED_EDGE ( 'NONE', *, *, #5399, .F. ) ;
#5191 = FACE_OUTER_BOUND ( 'NONE', #4326, .T. ) ;
#5192 = CARTESIAN_POINT ( 'NONE',  ( 6.567317280233374355, -1.568372921130570363, 65.00000000000000000 ) ) ;
#5193 = EDGE_CURVE ( 'NONE', #4087, #3549, #1049, .T. ) ;
#5194 = CARTESIAN_POINT ( 'NONE',  ( -56.57440904272095850, -45.97860521511842791, 52.14388742256713272 ) ) ;
#5195 = CARTESIAN_POINT ( 'NONE',  ( -29.70176394364219163, -24.97344446927847983, 52.22612276750729166 ) ) ;
#5196 = CARTESIAN_POINT ( 'NONE',  ( 82.41942005212960964, 11.50451753223268270, 54.54724371335677802 ) ) ;
#5197 = CARTESIAN_POINT ( 'NONE',  ( 49.14083585488415196, -37.08968978551526163, 50.80081706599198554 ) ) ;
#5198 = CARTESIAN_POINT ( 'NONE',  ( 21.89820214108688390, -44.17800963568150507, 58.58396237387659511 ) ) ;
#5199 = CARTESIAN_POINT ( 'NONE',  ( -15.57627246335636961, -6.692130933951083271, 64.50000000000000000 ) ) ;
#5200 = CARTESIAN_POINT ( 'NONE',  ( 22.70515002110359504, -70.18212229533119739, 56.27576660695997646 ) ) ;
#5201 = CARTESIAN_POINT ( 'NONE',  ( -0.3602235651643683201, 56.43221391827145794, 51.41636682523007806 ) ) ;
#5202 = CARTESIAN_POINT ( 'NONE',  ( 17.49225878033520942, 0.5889991490121765372, 54.07337346993277549 ) ) ;
#5203 = LINE ( 'NONE', #5677, #4295 ) ;
#5204 = CARTESIAN_POINT ( 'NONE',  ( 49.94263892820684703, -29.89619227844824323, 51.30805675499232166 ) ) ;
#5205 = CARTESIAN_POINT ( 'NONE',  ( 25.20209523035354948, 18.06599378559439728, 56.86241209240903061 ) ) ;
#5206 = CARTESIAN_POINT ( 'NONE',  ( 3.638408153705805059, 30.77248488728570308, 49.21465026286313105 ) ) ;
#5207 = CARTESIAN_POINT ( 'NONE',  ( -68.39432848203682624, 45.04251782240287838, 56.10402739110012504 ) ) ;
#5208 = CARTESIAN_POINT ( 'NONE',  ( 77.04906085187882070, -15.08050589155373800, 52.96223327498960032 ) ) ;
#5209 = ORIENTED_EDGE ( 'NONE', *, *, #5710, .F. ) ;
#5210 = CARTESIAN_POINT ( 'NONE',  ( 51.70342974713770445, -36.20967216877780714, 50.96701810422847956 ) ) ;
#5211 = CARTESIAN_POINT ( 'NONE',  ( 0.8619537156498312536, -31.07446570789054618, 56.52448333621162391 ) ) ;
#5212 = CARTESIAN_POINT ( 'NONE',  ( -38.03334103197336447, 24.09699478455983268, 56.19179617724464748 ) ) ;
#5213 = CARTESIAN_POINT ( 'NONE',  ( -49.32171619076056857, -53.43847921764515974, 51.22261673016878802 ) ) ;
#5214 = VECTOR ( 'NONE', #247, 1000.000000000000000 ) ;
#5215 = CARTESIAN_POINT ( 'NONE',  ( -58.01117835668254230, 21.16396017275219776, 55.61121954026512526 ) ) ;
#5216 = CARTESIAN_POINT ( 'NONE',  ( 39.37181007511323827, 2.467786722493126472, 52.57693071509330451 ) ) ;
#5217 = CARTESIAN_POINT ( 'NONE',  ( -69.58894708517237859, 42.40641805350050220, 54.66817531629113347 ) ) ;
#5218 = VERTEX_POINT ( 'NONE', #2478 ) ;
#5219 = DIRECTION ( 'NONE',  ( -1.000000000000000000, 0.000000000000000000, 0.000000000000000000 ) ) ;
#5220 = CARTESIAN_POINT ( 'NONE',  ( 4.997872621407549509, -27.85289568075549127, 55.62034554850671952 ) ) ;
#5221 = CARTESIAN_POINT ( 'NONE',  ( -23.99662441833000415, -21.72843518907744098, 50.78700973435833532 ) ) ;
#5222 = CARTESIAN_POINT ( 'NONE',  ( -58.89710530481112016, -40.44061135680199470, 51.75803806829926401 ) ) ;
#5223 = ORIENTED_EDGE ( 'NONE', *, *, #5982, .T. ) ;
#5224 = PLANE ( 'NONE',  #1701 ) ;
#5225 = FACE_OUTER_BOUND ( 'NONE', #4678, .T. ) ;
#5226 = CARTESIAN_POINT ( 'NONE',  ( -17.83510478708146252, -8.899729787087469646, 51.11777439664640355 ) ) ;
#5227 = CARTESIAN_POINT ( 'NONE',  ( 8.919138778303132398, -3.340272928943905928, 64.50000000000000000 ) ) ;
#5228 = CARTESIAN_POINT ( 'NONE',  ( 78.09173523470617795, 28.35596523026029558, 55.54722828574320204 ) ) ;
#5229 = CARTESIAN_POINT ( 'NONE',  ( -21.45316313019074883, -19.16760772945583113, 52.37548988944148931 ) ) ;
#5230 = CARTESIAN_POINT ( 'NONE',  ( 23.51907874550251876, -55.75824917526630031, 58.29181317749905844 ) ) ;
#5231 = ADVANCED_FACE ( 'NONE', ( #5421 ), #2450, .T. ) ;
#5232 = CARTESIAN_POINT ( 'NONE',  ( 7.586320120116645249, -15.77050472908561574, 56.89489483420111782 ) ) ;
#5233 = CARTESIAN_POINT ( 'NONE',  ( -1.667792328710928862, 54.42682765317297111, 51.53301923720525224 ) ) ;
#5234 = CARTESIAN_POINT ( 'NONE',  ( 11.99790982393832017, 19.02960030449694884, 58.71511587918182329 ) ) ;
#5235 = CARTESIAN_POINT ( 'NONE',  ( -48.74424666084586022, 2.784280435887045435, 57.00445623239560433 ) ) ;
#5236 = CARTESIAN_POINT ( 'NONE',  ( -30.52899890836455299, 73.76987475303586450, 51.65657630945776901 ) ) ;
#5237 = CARTESIAN_POINT ( 'NONE',  ( 25.31005865626166340, 3.189497719351328975, 54.49541342569286684 ) ) ;
#5238 = AXIS2_PLACEMENT_3D ( 'NONE', #2518, #4893, #5460 ) ;
#5239 = DIRECTION ( 'NONE',  ( -1.000000000000000000, 0.000000000000000000, 0.000000000000000000 ) ) ;
#5240 = CARTESIAN_POINT ( 'NONE',  ( -2.641717047987353073, 28.10393938113509904, 50.21929497745076532 ) ) ;
#5241 = CARTESIAN_POINT ( 'NONE',  ( -34.99873973975302022, 72.82846883211081490, 53.52367233747460062 ) ) ;
#5242 = CARTESIAN_POINT ( 'NONE',  ( 75.84745074558405520, -17.29470167739104980, 52.81467021169279974 ) ) ;
#5243 = EDGE_LOOP ( 'NONE', ( #1666, #4095, #5945, #5190, #4989, #2342 ) ) ;
#5244 = CARTESIAN_POINT ( 'NONE',  ( 14.09806484103134494, 17.82013569116458740, 58.20611305906398769 ) ) ;
#5245 = CARTESIAN_POINT ( 'NONE',  ( -7.325208151550779867, -21.44999088869013804, 54.82984564171947284 ) ) ;
#5246 = CARTESIAN_POINT ( 'NONE',  ( -49.61225700322415122, 36.50841148148777648, 55.85675873071930653 ) ) ;
#5247 = CARTESIAN_POINT ( 'NONE',  ( -24.59362410573526958, -30.84387887143374130, 51.56362099031527890 ) ) ;
#5248 = ADVANCED_FACE ( 'NONE', ( #2005 ), #5928, .T. ) ;
#5249 = CARTESIAN_POINT ( 'NONE',  ( -15.69613152648960686, 6.798978177048360827, 55.30106040956448510 ) ) ;
#5250 = CARTESIAN_POINT ( 'NONE',  ( 83.84011315749215498, -0.8256553394880788987, 52.23502233506575010 ) ) ;
#5251 = CARTESIAN_POINT ( 'NONE',  ( -13.52320755951021525, 6.007869066048916018, 64.50000000000000000 ) ) ;
#5252 = ORIENTED_EDGE ( 'NONE', *, *, #2491, .F. ) ;
#5253 = DIRECTION ( 'NONE',  ( 0.000000000000000000, 1.000000000000000000, 0.000000000000000000 ) ) ;
#5254 = CARTESIAN_POINT ( 'NONE',  ( 25.96569526053125543, -79.72209562933011284, 56.28543599487409210 ) ) ;
#5255 = CARTESIAN_POINT ( 'NONE',  ( -28.60204563739244321, -24.61871250532562883, 50.66906094903136903 ) ) ;
#5256 = CARTESIAN_POINT ( 'NONE',  ( -59.61450526364352243, -32.75981101153774944, 51.28499583116592220 ) ) ;
#5257 = EDGE_LOOP ( 'NONE', ( #3367, #4839, #3401, #1071, #4265, #648, #2312, #3197, #1004, #2597 ) ) ;
#5258 = CARTESIAN_POINT ( 'NONE',  ( 13.03899134642951374, 11.84789609123331644, 55.77822782026886017 ) ) ;
#5259 = CARTESIAN_POINT ( 'NONE',  ( 6.885202384193852332, -4.525134622505664339, 65.00000000000001421 ) ) ;
#5260 = CARTESIAN_POINT ( 'NONE',  ( -55.03751384415492254, -27.99614416274317819, 51.13407788442508917 ) ) ;
#5261 = CARTESIAN_POINT ( 'NONE',  ( 8.870119207625597468, -2.962014861885151618, 64.50000000000001421 ) ) ;
#5262 = CARTESIAN_POINT ( 'NONE',  ( 9.043329270110087137, -3.801371013890773032, 64.50000000000000000 ) ) ;
#5263 = CARTESIAN_POINT ( 'NONE',  ( -16.09297816464806630, -12.69537857242165657, 52.09371036388733955 ) ) ;
#5264 = CARTESIAN_POINT ( 'NONE',  ( 11.80800299898990069, -21.71409680239711548, 58.77580442392938664 ) ) ;
#5265 = DIRECTION ( 'NONE',  ( -0.000000000000000000, -0.000000000000000000, -1.000000000000000000 ) ) ;
#5266 = CARTESIAN_POINT ( 'NONE',  ( 3.812780326428747202, -17.08884653235485018, 57.46072383602235334 ) ) ;
#5267 = B_SPLINE_CURVE_WITH_KNOTS ( 'NONE', 3,
 ( #4677, #3612, #3129, #749, #5089, #5121 ),
 .UNSPECIFIED., .F., .F.,
 ( 4, 2, 4 ),
 ( 0.000000000000000000, 0.5000000000000001110, 1.000000000000000000 ),
 .UNSPECIFIED. ) ;
#5268 = CARTESIAN_POINT ( 'NONE',  ( 17.45138413131722999, 1.320196189775957318, 54.27316891539245347 ) ) ;
#5269 = EDGE_CURVE ( 'NONE', #3514, #362, #265, .T. ) ;
#5270 = DIRECTION ( 'NONE',  ( -1.000000000000000000, 0.000000000000000000, 0.000000000000000000 ) ) ;
#5271 = PRODUCT_DEFINITION_CONTEXT ( 'detailed design', #5970, 'design' ) ;
#5272 = CARTESIAN_POINT ( 'NONE',  ( -72.85865498361967241, 27.82262560082271818, 55.53895740161986794 ) ) ;
#5273 = CARTESIAN_POINT ( 'NONE',  ( 47.67488267320148765, 16.95477278505486396, 55.51766034713092068 ) ) ;
#5274 = AXIS2_PLACEMENT_3D ( 'NONE', #174, #2602, #2633 ) ;
#5275 = CARTESIAN_POINT ( 'NONE',  ( -0.5569314445555340054, 19.92736580187480300, 49.89286416118513756 ) ) ;
#5276 = CARTESIAN_POINT ( 'NONE',  ( -30.45600025416361234, 73.75646035600708217, 53.25474692153686362 ) ) ;
#5277 = CARTESIAN_POINT ( 'NONE',  ( 67.34670331407129140, 43.54942106196880758, 56.62521405717382095 ) ) ;
#5278 = VERTEX_POINT ( 'NONE', #1170 ) ;
#5279 = CARTESIAN_POINT ( 'NONE',  ( 19.66352443452852228, 16.25139882036809880, 57.19581311502283683 ) ) ;
#5280 = CARTESIAN_POINT ( 'NONE',  ( -32.19159062084072787, -77.64482310733373538, 54.50749617541528380 ) ) ;
#5281 = CARTESIAN_POINT ( 'NONE',  ( -12.00147260558804874, 25.62748969064728399, 53.48551888978725088 ) ) ;
#5282 = CARTESIAN_POINT ( 'NONE',  ( -61.23073434891934852, -57.58300803867621198, 50.88491505643936108 ) ) ;
#5283 = CARTESIAN_POINT ( 'NONE',  ( -33.41277079527402805, 20.97147566574536981, 54.60140707151501260 ) ) ;
#5284 = CARTESIAN_POINT ( 'NONE',  ( 60.33710618433395467, 12.39715526828689462, 53.24837382132686514 ) ) ;
#5285 = CARTESIAN_POINT ( 'NONE',  ( 11.26806738764283544, -4.671961844228597727, 64.99999999999998579 ) ) ;
#5286 = ORIENTED_EDGE ( 'NONE', *, *, #1066, .F. ) ;
#5287 = CARTESIAN_POINT ( 'NONE',  ( 54.34343919438021686, -37.32909221360357321, 49.41162545501246228 ) ) ;
#5288 = DIRECTION ( 'NONE',  ( 1.000000000000000000, 0.000000000000000000, 0.000000000000000000 ) ) ;
#5289 = CARTESIAN_POINT ( 'NONE',  ( 37.04612358815224837, -75.45152862700543039, 56.96070432421959140 ) ) ;
#5290 = CARTESIAN_POINT ( 'NONE',  ( -7.549729995407650662, -6.692130933951083271, 64.50000000000000000 ) ) ;
#5291 = CARTESIAN_POINT ( 'NONE',  ( -59.50907209669978215, -28.40099366719707774, 51.01329263939014425 ) ) ;
#5292 = ORIENTED_EDGE ( 'NONE', *, *, #747, .F. ) ;
#5293 = CARTESIAN_POINT ( 'NONE',  ( 15.40900062467864728, 8.541114498095566887, 54.66822194668654333 ) ) ;
#5294 = PLANE ( 'NONE',  #2271 ) ;
#5295 = CARTESIAN_POINT ( 'NONE',  ( -45.10932293667660531, -22.91858456290394841, 51.13307635450970423 ) ) ;
#5296 = CARTESIAN_POINT ( 'NONE',  ( -25.91551920308125645, -22.82052156563593570, 52.33441578904987779 ) ) ;
#5297 = CARTESIAN_POINT ( 'NONE',  ( 8.846804459720555514, -2.255271959592108910, 64.50000000000001421 ) ) ;
#5298 = DIRECTION ( 'NONE',  ( -0.000000000000000000, -0.000000000000000000, 1.000000000000000000 ) ) ;
#5299 = CARTESIAN_POINT ( 'NONE',  ( 9.894820993783921992, -19.14805443485242975, 58.67992075341701508 ) ) ;
#5300 = CARTESIAN_POINT ( 'NONE',  ( 17.49999999999999645, 2.143131898507867854E-15, 65.00000000000000000 ) ) ;
#5301 = CARTESIAN_POINT ( 'NONE',  ( 7.182484135277586113, -15.95882488438896551, 58.43180503485903898 ) ) ;
#5302 = CARTESIAN_POINT ( 'NONE',  ( 12.90095795161529146, 21.08307896628669909, 58.77580442392937243 ) ) ;
#5303 = LINE ( 'NONE', #379, #2864 ) ;
#5304 = CARTESIAN_POINT ( 'NONE',  ( 8.846804459720553737, 6.007869066048916018, 64.50000000000000000 ) ) ;
#5305 = CARTESIAN_POINT ( 'NONE',  ( 38.02128343210487316, 10.51754591839428876, 55.17851105911304899 ) ) ;
#5306 = CARTESIAN_POINT ( 'NONE',  ( -2.932654334548803199, 16.89506571145698999, 50.57394059460884250 ) ) ;
#5307 = CARTESIAN_POINT ( 'NONE',  ( -32.28703493372164246, 73.42964856503823512, 53.36273078897013278 ) ) ;
#5308 = CARTESIAN_POINT ( 'NONE',  ( 82.16921572364738324, 13.97102505607544032, 54.68883528262205829 ) ) ;
#5309 = ORIENTED_EDGE ( 'NONE', *, *, #6283, .F. ) ;
#5310 = CARTESIAN_POINT ( 'NONE',  ( 24.45542903067564211, 23.43658543481041789, 57.53974281165659477 ) ) ;
#5311 = CARTESIAN_POINT ( 'NONE',  ( -5.614879552196206269, -16.15756015861852646, 54.81704322739608415 ) ) ;
#5312 = CARTESIAN_POINT ( 'NONE',  ( -7.067785885939624535, 18.63965463800629507, 53.13769200714198604 ) ) ;
#5313 = CARTESIAN_POINT ( 'NONE',  ( -34.86876118334171792, -28.48427578936257731, 50.54932805594831535 ) ) ;
#5314 = CARTESIAN_POINT ( 'NONE',  ( -13.20887268652936086, 10.93494238240322680, 53.95051851167774970 ) ) ;
#5315 = ADVANCED_FACE ( 'NONE', ( #5573 ), #5482, .T. ) ;
#5316 = CARTESIAN_POINT ( 'NONE',  ( 44.93792860451858218, 2.792719408444431117, 52.57590451564002620 ) ) ;
#5317 = DIRECTION ( 'NONE',  ( -0.000000000000000000, -0.000000000000000000, 1.000000000000000000 ) ) ;
#5318 = EDGE_LOOP ( 'NONE', ( #5498, #2211, #849, #3807 ) ) ;
#5319 = CARTESIAN_POINT ( 'NONE',  ( 79.15108502430773285, -10.44604876976610441, 51.65657630945776901 ) ) ;
#5320 =( NAMED_UNIT ( * ) PLANE_ANGLE_UNIT ( ) SI_UNIT ( $, .RADIAN. ) );
#5321 = CARTESIAN_POINT ( 'NONE',  ( 0.9544578697808494550, -25.49327160834996064, 54.94733335575461552 ) ) ;
#5322 = VECTOR ( 'NONE', #5219, 1000.000000000000000 ) ;
#5323 = CARTESIAN_POINT ( 'NONE',  ( -53.47610491253391274, -27.81603111189825484, 49.57170037200286572 ) ) ;
#5324 = CARTESIAN_POINT ( 'NONE',  ( -59.09389410143262467, -39.20884656638025945, 51.68227747229159519 ) ) ;
#5325 = ORIENTED_EDGE ( 'NONE', *, *, #1424, .F. ) ;
#5326 = SURFACE_STYLE_USAGE ( .BOTH. , #5862 ) ;
#5327 = ORIENTED_EDGE ( 'NONE', *, *, #6124, .T. ) ;
#5328 = CARTESIAN_POINT ( 'NONE',  ( 44.44296070752315586, -20.47941222958374041, 51.82539966928533204 ) ) ;
#5329 = CARTESIAN_POINT ( 'NONE',  ( 10.20966767663249719, 14.21350686928331264, 58.43841015998027189 ) ) ;
#5330 = CARTESIAN_POINT ( 'NONE',  ( 0.7890261563960366820, 58.20174730759624993, 49.71338345885922649 ) ) ;
#5331 = CARTESIAN_POINT ( 'NONE',  ( 8.985755361781487593, -3.641770006484708944, 64.50000000000001421 ) ) ;
#5332 = CARTESIAN_POINT ( 'NONE',  ( -9.414024471311487119, 14.89174353703970688, 52.44820749924775072 ) ) ;
#5333 = CARTESIAN_POINT ( 'NONE',  ( 15.72833114343956318, -28.00532166794226896, 58.83474493619061008 ) ) ;
#5334 = CARTESIAN_POINT ( 'NONE',  ( -72.82364475586689423, 27.91401922492880061, 57.13596428306953356 ) ) ;
#5335 = CARTESIAN_POINT ( 'NONE',  ( -1.742447224765509839, -17.41432467641120496, 55.93633199323545568 ) ) ;
#5336 = CARTESIAN_POINT ( 'NONE',  ( 12.58385552751325953, -2.534494138790040818, 64.50000000000000000 ) ) ;
#5337 = CARTESIAN_POINT ( 'NONE',  ( 41.67647034446029153, -17.12658177721787212, 50.41334836933680208 ) ) ;
#5338 = CARTESIAN_POINT ( 'NONE',  ( 49.42692578871099585, 54.75429786267832100, 56.27576660695997646 ) ) ;
#5339 = CARTESIAN_POINT ( 'NONE',  ( 25.44377382720385583, -0.4110551188935201439, 53.82030200760799943 ) ) ;
#5340 = B_SPLINE_CURVE_WITH_KNOTS ( 'NONE', 3,
 ( #1460, #2107, #6030, #1629, #6000, #3569 ),
 .UNSPECIFIED., .F., .F.,
 ( 4, 2, 4 ),
 ( 0.000000000000000000, 0.5000000000000000000, 1.000000000000000000 ),
 .UNSPECIFIED. ) ;
#5341 = CARTESIAN_POINT ( 'NONE',  ( -9.860809451224056943, 14.45884665559199078, 54.27045828066376743 ) ) ;
#5342 = CARTESIAN_POINT ( 'NONE',  ( -43.56121944848411687, 69.86084363103094574, 54.04695963311657181 ) ) ;
#5343 = CARTESIAN_POINT ( 'NONE',  ( 75.86919392947885399, -17.19909420882402884, 51.21767649740151285 ) ) ;
#5344 = CARTESIAN_POINT ( 'NONE',  ( 36.47061867500185173, 35.07426163936504082, 57.54368569811359180 ) ) ;
#5345 = CARTESIAN_POINT ( 'NONE',  ( -12.19706582101159498, 31.60085616329369529, 53.15036006958452219 ) ) ;
#5346 = FACE_OUTER_BOUND ( 'NONE', #5800, .T. ) ;
#5347 = CARTESIAN_POINT ( 'NONE',  ( -67.60512754545598568, 49.59227099046323417, 54.26018124566753187 ) ) ;
#5348 = CARTESIAN_POINT ( 'NONE',  ( 33.77180528011642480, -2.627321783621261897, 51.90419255819287514 ) ) ;
#5349 = CARTESIAN_POINT ( 'NONE',  ( 6.589228149877592422, -2.608472788984229851, 64.50000000000001421 ) ) ;
#5350 = ORIENTED_EDGE ( 'NONE', *, *, #4850, .F. ) ;
#5351 = CARTESIAN_POINT ( 'NONE',  ( 75.71154243058123257, 32.85931176155993683, 54.23705049352262364 ) ) ;
#5352 =( NAMED_UNIT ( * ) SI_UNIT ( $, .STERADIAN. ) SOLID_ANGLE_UNIT ( ) );
#5353 = CARTESIAN_POINT ( 'NONE',  ( -1.999298581759902493, -19.78472525684530225, 54.27891201514241715 ) ) ;
#5354 = ADVANCED_FACE ( 'NONE', ( #756 ), #1711, .T. ) ;
#5355 = CARTESIAN_POINT ( 'NONE',  ( 16.85158407960645732, 4.720719989624080348, 53.55821104768276797 ) ) ;
#5356 = CARTESIAN_POINT ( 'NONE',  ( -54.32918787269611016, -54.35752278374777546, 52.63601075250898731 ) ) ;
#5357 = CARTESIAN_POINT ( 'NONE',  ( 19.50920712254788114, 34.17146611713392446, 57.29953601427595089 ) ) ;
#5358 = ORIENTED_EDGE ( 'NONE', *, *, #4310, .F. ) ;
#5359 = CARTESIAN_POINT ( 'NONE',  ( 39.90532636061060145, -15.82448745266465373, 52.08537612304193942 ) ) ;
#5360 = CARTESIAN_POINT ( 'NONE',  ( -2.252764346176862276, 53.71085777459020250, 49.97974766744359698 ) ) ;
#5361 = MECHANICAL_DESIGN_GEOMETRIC_PRESENTATION_REPRESENTATION (  '', ( #2905 ), #2493 ) ;
#5362 = CARTESIAN_POINT ( 'NONE',  ( 7.386890882897507282, -5.468681656506047872, 64.99999999999998579 ) ) ;
#5363 = CARTESIAN_POINT ( 'NONE',  ( 57.68203079213459716, 50.86456392526237380, 57.33544989290987814 ) ) ;
#5364 = CARTESIAN_POINT ( 'NONE',  ( -51.65311945118106962, -28.09950903173076853, 51.26555190507595938 ) ) ;
#5365 = CARTESIAN_POINT ( 'NONE',  ( 10.02910565936224074, -19.31975509295130067, 58.68837779677701860 ) ) ;
#5366 = DIRECTION ( 'NONE',  ( 0.000000000000000000, -1.000000000000000000, 0.000000000000000000 ) ) ;
#5367 = DIRECTION ( 'NONE',  ( 0.000000000000000000, 0.000000000000000000, 1.000000000000000000 ) ) ;
#5368 = DIRECTION ( 'NONE',  ( 0.000000000000000000, 0.000000000000000000, -1.000000000000000000 ) ) ;
#5369 = EDGE_CURVE ( 'NONE', #4259, #2890, #4547, .T. ) ;
#5370 = CARTESIAN_POINT ( 'NONE',  ( 45.88515003343254506, -22.14081992585729353, 50.13243654230478796 ) ) ;
#5371 = LINE ( 'NONE', #1506, #2458 ) ;
#5372 = CARTESIAN_POINT ( 'NONE',  ( 39.12243136973343383, 5.064914689514639967, 54.50373402279956281 ) ) ;
#5373 = CARTESIAN_POINT ( 'NONE',  ( -11.85263060881270114, 12.88673426851504367, 54.96308084591896659 ) ) ;
#5374 = CARTESIAN_POINT ( 'NONE',  ( 26.78338091916074148, 40.82161567868404006, 57.00445623239560433 ) ) ;
#5375 = CARTESIAN_POINT ( 'NONE',  ( 49.42692578871104558, 54.75429786267832100, 56.27576660695999067 ) ) ;
#5376 = CARTESIAN_POINT ( 'NONE',  ( -14.40767617006367907, 30.65708381303485197, 53.48843740388856105 ) ) ;
#5377 = CARTESIAN_POINT ( 'NONE',  ( -16.16348585365383883, -11.58397077317181534, 50.22889034229827132 ) ) ;
#5378 = CARTESIAN_POINT ( 'NONE',  ( -25.89206348064785246, 21.84049504326745961, 53.92900521243421963 ) ) ;
#5379 = CARTESIAN_POINT ( 'NONE',  ( 21.79818624337039168, -6.411431928510291200, 50.89886135522049670 ) ) ;
#5380 = CARTESIAN_POINT ( 'NONE',  ( 6.572671233095378263, -2.101904029565504484, 64.49999999999998579 ) ) ;
#5381 = VERTEX_POINT ( 'NONE', #1395 ) ;
#5382 = CARTESIAN_POINT ( 'NONE',  ( 0.000000000000000000, 0.000000000000000000, 62.00000000000000000 ) ) ;
#5383 = CARTESIAN_POINT ( 'NONE',  ( -22.66032530126217637, 1.701242911540871150, 58.54268485555895296 ) ) ;
#5384 = CARTESIAN_POINT ( 'NONE',  ( -7.920499639180865081, -72.28816976966551522, 54.26045869220656215 ) ) ;
#5385 = CARTESIAN_POINT ( 'NONE',  ( -31.24650558486820273, -77.12957029644101681, 54.54724371335677091 ) ) ;
#5386 = ORIENTED_EDGE ( 'NONE', *, *, #783, .F. ) ;
#5387 = CARTESIAN_POINT ( 'NONE',  ( 28.65926308610119477, -9.423054278860385935, 52.37611673397393020 ) ) ;
#5388 = CARTESIAN_POINT ( 'NONE',  ( -44.48765478183612743, -67.83377978140381970, 53.61343601611824283 ) ) ;
#5389 = CARTESIAN_POINT ( 'NONE',  ( 10.39097238059721029, -4.727347592408566612, 64.50000000000001421 ) ) ;
#5390 = CARTESIAN_POINT ( 'NONE',  ( -39.53722584153899078, -28.18103760407075953, 51.84378984091702591 ) ) ;
#5391 = CARTESIAN_POINT ( 'NONE',  ( 12.20096784502927001, -22.27596842223941564, 58.78943889928471123 ) ) ;
#5392 = CARTESIAN_POINT ( 'NONE',  ( -30.44064873583207387, 73.80641992654895489, 53.25371999300850945 ) ) ;
#5393 = LINE ( 'NONE', #3409, #2006 ) ;
#5394 = CARTESIAN_POINT ( 'NONE',  ( 16.61080153784140379, -5.513009489423999376, 52.38248934323306827 ) ) ;
#5395 = CARTESIAN_POINT ( 'NONE',  ( 35.62145325677391128, -12.46074186952075102, 50.66906094903136903 ) ) ;
#5396 = CARTESIAN_POINT ( 'NONE',  ( -32.97360702722068027, 73.33140537383478375, 51.80036149086982533 ) ) ;
#5397 = CARTESIAN_POINT ( 'NONE',  ( 19.67630737725176360, -3.198945193270164467, 53.13769200714198604 ) ) ;
#5398 = CARTESIAN_POINT ( 'NONE',  ( -7.352019731457563267, 15.88226889501898320, 53.48256303318750327 ) ) ;
#5399 = EDGE_CURVE ( 'NONE', #5278, #4512, #5765, .T. ) ;
#5400 = CARTESIAN_POINT ( 'NONE',  ( 32.49805584529865143, 45.48552190721431288, 58.42169686852412269 ) ) ;
#5401 = CARTESIAN_POINT ( 'NONE',  ( 67.29502120781032204, 43.62926559672160920, 55.02804281704592171 ) ) ;
#5402 = DIRECTION ( 'NONE',  ( 1.000000000000000000, 0.000000000000000000, 0.000000000000000000 ) ) ;
#5403 = CARTESIAN_POINT ( 'NONE',  ( -7.150062794899395335, 15.58678671106603630, 53.46688451991444424 ) ) ;
#5404 = CARTESIAN_POINT ( 'NONE',  ( -24.16972532968115672, -14.71723048312579252, 49.88311839913016854 ) ) ;
#5405 = CARTESIAN_POINT ( 'NONE',  ( -11.50731180091112016, 12.65606130284529840, 53.27595229231178564 ) ) ;
#5406 = CARTESIAN_POINT ( 'NONE',  ( 36.89584669171969011, -13.96065113018670090, 50.55020433818825865 ) ) ;
#5407 = CARTESIAN_POINT ( 'NONE',  ( -2.456866754774008399, 19.33165054321011311, 52.01470043876528848 ) ) ;
#5408 = ORIENTED_EDGE ( 'NONE', *, *, #1563, .F. ) ;
#5409 = DIRECTION ( 'NONE',  ( 1.000000000000000000, -0.000000000000000000, 0.000000000000000000 ) ) ;
#5410 = FACE_OUTER_BOUND ( 'NONE', #1798, .T. ) ;
#5411 = CARTESIAN_POINT ( 'NONE',  ( 1.508555107872067369, -44.99967226731698844, 54.93805947005075296 ) ) ;
#5412 = CARTESIAN_POINT ( 'NONE',  ( -19.88228387499977146, -0.2265817831936840498, 57.31398685833439544 ) ) ;
#5413 = CARTESIAN_POINT ( 'NONE',  ( 51.64920108932943066, 66.31203509211211156, 56.62308322780203440 ) ) ;
#5414 = VERTEX_POINT ( 'NONE', #4335 ) ;
#5415 = CARTESIAN_POINT ( 'NONE',  ( 28.61642180281143411, -9.408403141330149211, 52.37623202892461194 ) ) ;
#5416 = CARTESIAN_POINT ( 'NONE',  ( -77.16002323393767881, -32.70962162953638597, 50.79949120277231600 ) ) ;
#5417 = CARTESIAN_POINT ( 'NONE',  ( -7.549729995407650662, -6.692130933951083271, 64.50000000000000000 ) ) ;
#5418 = CARTESIAN_POINT ( 'NONE',  ( -27.68099400074941840, -23.85175848422695211, 52.28553778290667253 ) ) ;
#5419 = CARTESIAN_POINT ( 'NONE',  ( -67.99849636772898975, 12.34184017634990305, 58.02792187183192851 ) ) ;
#5420 = CARTESIAN_POINT ( 'NONE',  ( 14.87116343407953245, 6.007869066048916018, 64.50000000000000000 ) ) ;
#5421 = FACE_OUTER_BOUND ( 'NONE', #3169, .T. ) ;
#5422 = CARTESIAN_POINT ( 'NONE',  ( 17.24800652463413542, -2.967259769229201982, 53.09906887572445555 ) ) ;
#5423 = CARTESIAN_POINT ( 'NONE',  ( -16.04028176716379406, -47.85763640420217513, 54.84285211860134268 ) ) ;
#5424 = CARTESIAN_POINT ( 'NONE',  ( 19.83875418072307184, -33.98120203438583786, 57.29953601427595089 ) ) ;
#5425 = DIRECTION ( 'NONE',  ( 0.000000000000000000, -1.000000000000000000, 0.000000000000000000 ) ) ;
#5426 = ADVANCED_FACE ( 'NONE', ( #5191 ), #5638, .T. ) ;
#5427 = CARTESIAN_POINT ( 'NONE',  ( 21.70370316573799130, -6.724526723746266477, 52.46557153585622757 ) ) ;
#5428 = CARTESIAN_POINT ( 'NONE',  ( -15.57627246335636961, 6.007869066048916018, 64.50000000000000000 ) ) ;
#5429 = CARTESIAN_POINT ( 'NONE',  ( -72.87398285239224549, 23.03867042087231809, 57.42299287606111591 ) ) ;
#5430 = CARTESIAN_POINT ( 'NONE',  ( 30.99627182169495043, 44.25450263712064469, 58.46910700225259205 ) ) ;
#5431 = CARTESIAN_POINT ( 'NONE',  ( -0.3965736985528220404, 28.29511050390814120, 51.46159924297308663 ) ) ;
#5432 = CARTESIAN_POINT ( 'NONE',  ( -26.56351655627000596, -16.14607158198156256, 49.88142016948130930 ) ) ;
#5433 = CARTESIAN_POINT ( 'NONE',  ( -13.96665361099806546, 17.92342494619687088, 52.92578330653896046 ) ) ;
#5434 = CARTESIAN_POINT ( 'NONE',  ( 57.72462613262889164, -21.93260555008771107, 50.54731122356766093 ) ) ;
#5435 = CARTESIAN_POINT ( 'NONE',  ( 14.65137916420342634, -4.286395269333681313, 64.49999999999998579 ) ) ;
#5436 = ORIENTED_EDGE ( 'NONE', *, *, #3740, .F. ) ;
#5437 = CARTESIAN_POINT ( 'NONE',  ( 36.47583957969767710, -62.90774461208894763, 58.89364419336830991 ) ) ;
#5438 = CARTESIAN_POINT ( 'NONE',  ( -39.64595957072000232, 21.34112303522041643, 56.52938570413367358 ) ) ;
#5439 = CARTESIAN_POINT ( 'NONE',  ( 2.013702542171360133, -61.71848621684500102, 54.93582565734759982 ) ) ;
#5440 = EDGE_CURVE ( 'NONE', #4717, #4847, #918, .T. ) ;
#5441 = CARTESIAN_POINT ( 'NONE',  ( 9.652979348910500690, -78.12184945906405176, 56.97181792217682528 ) ) ;
#5442 = CARTESIAN_POINT ( 'NONE',  ( 13.16347130180506753, 14.90398269569348777, 56.30575105492700061 ) ) ;
#5443 = ORIENTED_EDGE ( 'NONE', *, *, #2296, .F. ) ;
#5444 = CARTESIAN_POINT ( 'NONE',  ( 27.32621678857911718, -8.995180397548823592, 52.37548988944146799 ) ) ;
#5445 = CARTESIAN_POINT ( 'NONE',  ( -59.23874070914059331, -25.79286404183149273, 50.84782201340048147 ) ) ;
#5446 = FACE_BOUND ( 'NONE', #3228, .T. ) ;
#5447 = CARTESIAN_POINT ( 'NONE',  ( -15.57627246335636961, -6.692130933951083271, 65.00000000000000000 ) ) ;
#5448 = CARTESIAN_POINT ( 'NONE',  ( -33.48512166714030514, -26.58510347680469721, 52.09192198206628177 ) ) ;
#5449 = CARTESIAN_POINT ( 'NONE',  ( -61.31708164656529902, 8.180435952790521270, 58.25258113171464913 ) ) ;
#5450 = CARTESIAN_POINT ( 'NONE',  ( -59.63816751417602546, 58.24660431790995574, 55.19095766710470485 ) ) ;
#5451 = CARTESIAN_POINT ( 'NONE',  ( -3.765683516983866941, -17.12190159672971745, 55.37921517591947662 ) ) ;
#5452 = CARTESIAN_POINT ( 'NONE',  ( 16.49979194951908568, -5.835899946355712409, 52.28934886536492144 ) ) ;
#5453 = CARTESIAN_POINT ( 'NONE',  ( -15.17487089574621884, -36.41347676875961525, 54.50373402279956281 ) ) ;
#5454 = CARTESIAN_POINT ( 'NONE',  ( 11.21146625460857926, -7.008048629288189169, 65.00000000000000000 ) ) ;
#5455 = CARTESIAN_POINT ( 'NONE',  ( 64.26865083065024464, -30.95401058720302956, 51.74208063302802429 ) ) ;
#5456 = CARTESIAN_POINT ( 'NONE',  ( 19.02897364520633516, -5.938214121940152523, 52.46174860638553383 ) ) ;
#5457 = VECTOR ( 'NONE', #5924, 1000.000000000000000 ) ;
#5458 = CARTESIAN_POINT ( 'NONE',  ( -8.653761091130173000, 15.21209172968500667, 53.88218530421546859 ) ) ;
#5459 = CARTESIAN_POINT ( 'NONE',  ( 15.05301576584550105, 25.42553921523448679, 58.84028632213153998 ) ) ;
#5460 = DIRECTION ( 'NONE',  ( -0.000000000000000000, 0.000000000000000000, 1.000000000000000000 ) ) ;
#5461 = ADVANCED_FACE ( 'NONE', ( #4817 ), #5767, .T. ) ;
#5462 = CARTESIAN_POINT ( 'NONE',  ( -1.513593908585380232, 84.03954148270787528, 51.47007109552025383 ) ) ;
#5463 = CARTESIAN_POINT ( 'NONE',  ( 21.23123968728414113, -7.744693207226275078, 52.23261170240598261 ) ) ;
#5464 = CARTESIAN_POINT ( 'NONE',  ( -15.81161324086947317, 7.502965819781283408, 56.79712922003530906 ) ) ;
#5465 = CARTESIAN_POINT ( 'NONE',  ( -55.65197501081783571, 62.71137767864246371, 53.24760837922804058 ) ) ;
#5466 = CARTESIAN_POINT ( 'NONE',  ( 24.46275070958677489, -7.231446451152693911, 50.89600339851246247 ) ) ;
#5467 = CARTESIAN_POINT ( 'NONE',  ( 14.87116343407953245, -1.568372921130570363, 64.50000000000000000 ) ) ;
#5468 = ADVANCED_FACE ( 'NONE', ( #2378 ), #5224, .T. ) ;
#5469 = EDGE_LOOP ( 'NONE', ( #296, #5560 ) ) ;
#5470 = CARTESIAN_POINT ( 'NONE',  ( 22.20929014634191390, -45.46744787011769517, 58.55580491692193590 ) ) ;
#5471 = CARTESIAN_POINT ( 'NONE',  ( -23.90588644273546137, 8.903412278053931317, 57.19581311502283683 ) ) ;
#5472 = CARTESIAN_POINT ( 'NONE',  ( -7.015812607057481110, -21.55317710194394820, 53.26311931383351350 ) ) ;
#5473 = CARTESIAN_POINT ( 'NONE',  ( 20.67747001504331905, -71.84065719676954132, 57.72123474584009273 ) ) ;
#5474 = CARTESIAN_POINT ( 'NONE',  ( 34.48586928907533888, 28.94683791639199910, 55.61371472426824170 ) ) ;
#5475 = EDGE_CURVE ( 'NONE', #1495, #5832, #1298, .T. ) ;
#5476 = VERTEX_POINT ( 'NONE', #6243 ) ;
#5477 = CARTESIAN_POINT ( 'NONE',  ( 50.51315195655248402, -31.72418432741292449, 51.20921372583228504 ) ) ;
#5478 = CARTESIAN_POINT ( 'NONE',  ( -28.98534524635381970, -78.14614075375997970, 54.68883528262205829 ) ) ;
#5479 = CARTESIAN_POINT ( 'NONE',  ( 8.919368139579766819, -6.665220408427577681, 65.00000000000001421 ) ) ;
#5480 = CARTESIAN_POINT ( 'NONE',  ( -52.86719008218620530, -27.85376129232864173, 51.20200640528428693 ) ) ;
#5481 = CARTESIAN_POINT ( 'NONE',  ( -46.87400472449544253, 2.468485154455240416, 58.63596719360328535 ) ) ;
#5482 = PLANE ( 'NONE',  #2205 ) ;
#5483 = CARTESIAN_POINT ( 'NONE',  ( 16.37812409295020544, -6.168728739261884364, 52.19267781670311734 ) ) ;
#5484 = CARTESIAN_POINT ( 'NONE',  ( -52.59202430569838072, -65.56723243267617818, 53.15739961864777285 ) ) ;
#5485 = CARTESIAN_POINT ( 'NONE',  ( 4.287830100746195860, 3.728381886561737524, 64.50000000000000000 ) ) ;
#5486 = CARTESIAN_POINT ( 'NONE',  ( 66.58844086572290166, -28.94254174770396304, 51.92782526929516251 ) ) ;
#5487 = CARTESIAN_POINT ( 'NONE',  ( 72.05506886662894317, -11.08152044553194671, 53.15695628149790508 ) ) ;
#5488 = CARTESIAN_POINT ( 'NONE',  ( -3.902797336414629559, 17.06248579381119868, 52.48619884526035406 ) ) ;
#5489 = CARTESIAN_POINT ( 'NONE',  ( -72.51184368504678446, 30.46471630714469825, 56.98574821832367832 ) ) ;
#5490 = CARTESIAN_POINT ( 'NONE',  ( 43.03240025110081035, 51.92677423694618000, 58.08145017887639483 ) ) ;
#5491 = B_SPLINE_SURFACE_WITH_KNOTS ( 'NONE', 3, 1, ( 
 ( #510, #3075 ),
 ( #3107, #4135 ),
 ( #2664, #2216 ),
 ( #4654, #5606 ),
 ( #5989, #203 ),
 ( #1270, #4525 ),
 ( #175, #5542 ),
 ( #2094, #2187 ),
 ( #2634, #4042 ),
 ( #235, #4166 ),
 ( #3688, #5097 ),
 ( #2572, #725 ),
 ( #5510, #3204 ),
 ( #5639, #5037 ),
 ( #4621, #3171 ),
 ( #662, #6111 ),
 ( #1618, #5159 ),
 ( #1172, #757 ),
 ( #5067, #6081 ) ),
 .UNSPECIFIED., .F., .F., .F.,
 ( 4, 1, 1, 1, 1, 1, 1, 1, 1, 1, 1, 1, 1, 1, 1, 1, 4 ),
 ( 2, 2 ),
 ( 0.000000000000000000, 0.07883260401047320620, 0.1537102312098454493, 0.2246777586657771886, 0.2948087751910964394, 0.3627147868294588462, 0.4271032430309811279, 0.4886497655514110972, 0.5509002465387018432, 0.5850458333883309381, 0.6252721895341628588, 0.6714658644313025171, 0.7245499928849670201, 0.7832647317228375039, 0.8490731308598450378, 0.9212962952783855242, 1.000000000000000000 ),
 ( 0.000000000000000000, 1.000000000000000000 ),
 .UNSPECIFIED. ) ;
#5492 = CARTESIAN_POINT ( 'NONE',  ( 1.210160311106003528, 19.89551871831372409, 51.11777439664640355 ) ) ;
#5493 = CARTESIAN_POINT ( 'NONE',  ( 30.74370844583710749, -10.13827899228788354, 52.37016523106601085 ) ) ;
#5494 = CARTESIAN_POINT ( 'NONE',  ( -16.70576538160725732, 5.242458644440681326, 57.46072383602233913 ) ) ;
#5495 = CARTESIAN_POINT ( 'NONE',  ( -24.27988821979970524, 23.62022484697231306, 53.59168737930244930 ) ) ;
#5496 = CARTESIAN_POINT ( 'NONE',  ( 59.13502066956315417, -17.78244119038737736, 50.88510946817556402 ) ) ;
#5497 = CARTESIAN_POINT ( 'NONE',  ( 14.71528548414068993, -4.011933812756470097, 64.50000000000002842 ) ) ;
#5498 = ORIENTED_EDGE ( 'NONE', *, *, #5695, .F. ) ;
#5499 = CARTESIAN_POINT ( 'NONE',  ( 5.328978339276772225, -22.08758643056692250, 57.53121715084881060 ) ) ;
#5500 = CARTESIAN_POINT ( 'NONE',  ( -16.02860562988031035, 6.092714294888322613, 57.18016494153856399 ) ) ;
#5501 = CARTESIAN_POINT ( 'NONE',  ( -12.51119856341096970, -49.02905108037811743, 53.58738163758647488 ) ) ;
#5502 = EDGE_CURVE ( 'NONE', #2720, #3775, #4238, .T. ) ;
#5503 = CARTESIAN_POINT ( 'NONE',  ( 0.4072032551801511580, -80.97289220712011115, 56.40866077545645396 ) ) ;
#5504 = CARTESIAN_POINT ( 'NONE',  ( 23.97770614198637062, 15.02960465157994108, 54.94442675994198311 ) ) ;
#5505 = ORIENTED_EDGE ( 'NONE', *, *, #5552, .F. ) ;
#5506 = CARTESIAN_POINT ( 'NONE',  ( -56.12638911028540178, -50.40481756978268635, 50.77722547035640588 ) ) ;
#5507 = CARTESIAN_POINT ( 'NONE',  ( 15.26871006829995991, 8.553438027836360646, 56.35060345019368810 ) ) ;
#5508 = CARTESIAN_POINT ( 'NONE',  ( -36.67014489609125860, 0.6432835572198909446, 58.80535598783512086 ) ) ;
#5509 = CARTESIAN_POINT ( 'NONE',  ( -1.930561775247911838, -81.46900502512062303, 54.66817531629113347 ) ) ;
#5510 = CARTESIAN_POINT ( 'NONE',  ( 12.52528061535461745, -3.225964898401449510, 64.49999999999998579 ) ) ;
#5511 = CARTESIAN_POINT ( 'NONE',  ( -12.64764213317197772, -11.57783136405560676, 52.45263467896870679 ) ) ;
#5512 = CARTESIAN_POINT ( 'NONE',  ( -13.52672238142614347, -11.10512953908183675, 52.19466218451826478 ) ) ;
#5513 = CARTESIAN_POINT ( 'NONE',  ( 13.24069999708105172, -6.268731422423846844, 64.49999999999998579 ) ) ;
#5514 = CARTESIAN_POINT ( 'NONE',  ( 14.83451572138589292, 25.55366881189300088, 57.26036221288948269 ) ) ;
#5515 = CARTESIAN_POINT ( 'NONE',  ( 22.06935131451734833, -5.162913642709948014, 52.80352552466549554 ) ) ;
#5516 = AXIS2_PLACEMENT_3D ( 'NONE', #4072, #4440, #3020 ) ;
#5517 = LINE ( 'NONE', #1687, #50 ) ;
#5518 = CARTESIAN_POINT ( 'NONE',  ( 23.42279693398652540, -65.34887600121922446, 56.42265605877345536 ) ) ;
#5519 = CARTESIAN_POINT ( 'NONE',  ( -6.171030318937067882, 29.54140507470761179, 52.37608912234611580 ) ) ;
#5520 = CARTESIAN_POINT ( 'NONE',  ( 25.39877375280020644, 39.18090310999786396, 58.64113473351417838 ) ) ;
#5521 = CARTESIAN_POINT ( 'NONE',  ( -4.361750296945101191, 27.95965644190856381, 52.13390142168838537 ) ) ;
#5522 = CARTESIAN_POINT ( 'NONE',  ( -23.45867421152590993, 0.7469293905766737351, 58.74873826470501825 ) ) ;
#5523 = CARTESIAN_POINT ( 'NONE',  ( 17.60364001426413338, 0.7069477817845708500, 52.44821290947670178 ) ) ;
#5524 = CARTESIAN_POINT ( 'NONE',  ( -7.217485013579010733, 30.23521276215554821, 50.89155573104834218 ) ) ;
#5525 = CARTESIAN_POINT ( 'NONE',  ( 40.34195672795611642, -30.28849455009300584, 49.20734321300414393 ) ) ;
#5526 = CARTESIAN_POINT ( 'NONE',  ( 12.59167625459235040, -1.952527568566468030, 65.00000000000000000 ) ) ;
#5527 = ORIENTED_EDGE ( 'NONE', *, *, #2570, .F. ) ;
#5528 = CARTESIAN_POINT ( 'NONE',  ( 9.431644592952510564, -38.30399687890671601, 57.54217191338480575 ) ) ;
#5529 = CARTESIAN_POINT ( 'NONE',  ( -28.58716789213218945, 18.17088216089022268, 56.18817980802948853 ) ) ;
#5530 = CARTESIAN_POINT ( 'NONE',  ( -9.962794591621666029, -17.21016396412576910, 52.25446875908275501 ) ) ;
#5531 = CARTESIAN_POINT ( 'NONE',  ( -25.28572247796146755, 3.376495586405675819, 56.63639579074977348 ) ) ;
#5532 = CARTESIAN_POINT ( 'NONE',  ( 21.60059190351721270, 13.57322056624730600, 54.94733335575461552 ) ) ;
#5533 = ORIENTED_EDGE ( 'NONE', *, *, #954, .T. ) ;
#5534 = ADVANCED_FACE ( 'NONE', ( #2203 ), #1699, .T. ) ;
#5535 = CARTESIAN_POINT ( 'NONE',  ( -10.74895851027117466, -81.97442308505721087, 55.76209679464025726 ) ) ;
#5536 = CARTESIAN_POINT ( 'NONE',  ( -10.21434203195102164, -14.21131814930005710, 53.43702409989456470 ) ) ;
#5537 = CARTESIAN_POINT ( 'NONE',  ( -23.99662441833000415, -21.72843518907744098, 50.78700973435833532 ) ) ;
#5538 = VECTOR ( 'NONE', #6056, 1000.000000000000000 ) ;
#5539 = CARTESIAN_POINT ( 'NONE',  ( -15.00000000000000000, 0.000000000000000000, 0.000000000000000000 ) ) ;
#5540 = CARTESIAN_POINT ( 'NONE',  ( -55.53559393694367685, 5.404465926253306129, 58.42295332259872964 ) ) ;
#5541 = CARTESIAN_POINT ( 'NONE',  ( -56.12638911028540178, -50.40481756978268635, 50.77722547035640588 ) ) ;
#5542 = CARTESIAN_POINT ( 'NONE',  ( 11.98928693633682663, -4.293304239928579236, 65.00000000000000000 ) ) ;
#5543 = CARTESIAN_POINT ( 'NONE',  ( -45.62441265170204474, -56.86075988717168883, 53.15695628149790508 ) ) ;
#5544 = CARTESIAN_POINT ( 'NONE',  ( -12.19198062157066254, -12.55650820534916612, 52.73283125905004454 ) ) ;
#5545 = CARTESIAN_POINT ( 'NONE',  ( 4.992864240300406209, -19.29838315188677811, 55.96834191173127238 ) ) ;
#5546 = CARTESIAN_POINT ( 'NONE',  ( -15.57627246335636961, -6.692130933951083271, 65.00000000000000000 ) ) ;
#5547 = CARTESIAN_POINT ( 'NONE',  ( 28.07563294653516550, -13.16402373287932015, 51.79940175265905111 ) ) ;
#5548 = SURFACE_STYLE_USAGE ( .BOTH. , #241 ) ;
#5549 = CARTESIAN_POINT ( 'NONE',  ( 17.89241674975681207, -32.24829740080931373, 58.80575378363810302 ) ) ;
#5550 = CARTESIAN_POINT ( 'NONE',  ( -5.535908257356188855, 26.85039458840673987, 52.36591605423883067 ) ) ;
#5551 = CARTESIAN_POINT ( 'NONE',  ( 30.69964997095992487, 44.01386893843798020, 58.47848775840219560 ) ) ;
#5552 = EDGE_CURVE ( 'NONE', #1566, #4004, #511, .T. ) ;
#5553 = CARTESIAN_POINT ( 'NONE',  ( -14.89715460573635930, 48.22507921628633198, 52.81706546551866666 ) ) ;
#5554 = CARTESIAN_POINT ( 'NONE',  ( -18.62041781049603273, 1.479839237125310847, 58.53646875197892285 ) ) ;
#5555 = CARTESIAN_POINT ( 'NONE',  ( 38.86559838178791892, 32.40098071892373355, 57.20576082014341779 ) ) ;
#5556 = CARTESIAN_POINT ( 'NONE',  ( -14.21002394713951311, 10.21616589960629184, 55.93633199323544858 ) ) ;
#5557 = CARTESIAN_POINT ( 'NONE',  ( -9.401669538779021451, 23.71414694662753675, 51.57190964358890994 ) ) ;
#5558 = CARTESIAN_POINT ( 'NONE',  ( 54.07063727275300380, -29.82525510349594811, 49.87375673064659054 ) ) ;
#5559 = CARTESIAN_POINT ( 'NONE',  ( -6.764004499135863213, 40.36571541707026256, 50.56935057334157335 ) ) ;
#5560 = ORIENTED_EDGE ( 'NONE', *, *, #1803, .F. ) ;
#5561 = CARTESIAN_POINT ( 'NONE',  ( 8.383657786918528032, -21.11935014211571016, 58.20611305906398769 ) ) ;
#5562 = CARTESIAN_POINT ( 'NONE',  ( -57.97059355661183133, 21.27489987378516290, 57.20721799801322049 ) ) ;
#5563 = CARTESIAN_POINT ( 'NONE',  ( -7.613684602910915089, -30.13918728548583204, 53.59296206552350839 ) ) ;
#5564 = CARTESIAN_POINT ( 'NONE',  ( -17.01212243836858917, 2.152765993498614527, 56.65228358392216279 ) ) ;
#5565 = CARTESIAN_POINT ( 'NONE',  ( 30.89299679063083204, 13.68666586586242317, 54.26646227566343583 ) ) ;
#5566 = CARTESIAN_POINT ( 'NONE',  ( -1.734920945295867378, 17.41410733386962661, 50.22821439051159587 ) ) ;
#5567 = ORIENTED_EDGE ( 'NONE', *, *, #5934, .T. ) ;
#5568 = CARTESIAN_POINT ( 'NONE',  ( -55.15701817955676489, -52.69060159337095683, 50.92390633725306515 ) ) ;
#5569 = CARTESIAN_POINT ( 'NONE',  ( -8.557992808746762492, -15.26647239735996564, 53.97316836776943916 ) ) ;
#5570 = VECTOR ( 'NONE', #3687, 1000.000000000000000 ) ;
#5571 = CARTESIAN_POINT ( 'NONE',  ( 14.34032450978880391, 10.03328900133952928, 56.82748282491487402 ) ) ;
#5572 = CARTESIAN_POINT ( 'NONE',  ( -21.05449847735636126, 1.075190697744880186, 58.65982191857159478 ) ) ;
#5573 = FACE_OUTER_BOUND ( 'NONE', #4550, .T. ) ;
#5574 = AXIS2_PLACEMENT_3D ( 'NONE', #4437, #3981, #55 ) ;
#5575 = CARTESIAN_POINT ( 'NONE',  ( 9.194955531208687916, -6.774883972373877405, 64.49999999999998579 ) ) ;
#5576 = CARTESIAN_POINT ( 'NONE',  ( -22.50024727467810592, -32.40346848903590171, 53.49097842935614011 ) ) ;
#5577 = CARTESIAN_POINT ( 'NONE',  ( -14.29913324400878949, -10.09489791114845048, 51.84768821584226117 ) ) ;
#5578 = CARTESIAN_POINT ( 'NONE',  ( 10.55619465744413610, -32.09719042252630317, 56.29295681823668929 ) ) ;
#5579 = CARTESIAN_POINT ( 'NONE',  ( 68.65330242098536928, 42.21183920380299526, 56.51683134961556476 ) ) ;
#5580 = CARTESIAN_POINT ( 'NONE',  ( 68.10584466822884053, -26.00557282752887645, 52.14388742256713272 ) ) ;
#5581 = CARTESIAN_POINT ( 'NONE',  ( 23.16014438812849718, -51.39380680908020338, 58.40761096176114364 ) ) ;
#5582 = CARTESIAN_POINT ( 'NONE',  ( -4.420229589864542952, 16.93396522500581014, 52.63162901973581143 ) ) ;
#5583 = CARTESIAN_POINT ( 'NONE',  ( 0.000000000000000000, 0.000000000000000000, 65.00000000000000000 ) ) ;
#5584 = CARTESIAN_POINT ( 'NONE',  ( -5.243016907394720150, 25.87272599679694451, 52.35058751526203480 ) ) ;
#5585 = CARTESIAN_POINT ( 'NONE',  ( 28.65233618408614902, 42.28871600924659191, 58.54280071916655714 ) ) ;
#5586 = CARTESIAN_POINT ( 'NONE',  ( -2.550631437715342731, -6.692130933951083271, 64.50000000000000000 ) ) ;
#5587 = CARTESIAN_POINT ( 'NONE',  ( -36.87405315277494822, 0.6288612600172278633, 58.80575378363810302 ) ) ;
#5588 = CARTESIAN_POINT ( 'NONE',  ( 16.21947204978525647, 5.565674554093588355, 55.49161409056367944 ) ) ;
#5589 = CARTESIAN_POINT ( 'NONE',  ( -19.36097494834477928, 40.64948285773361647, 51.90062476392940027 ) ) ;
#5590 = CARTESIAN_POINT ( 'NONE',  ( -2.990983987423962098, 70.19552982413938480, 51.58879599714437347 ) ) ;
#5591 = CARTESIAN_POINT ( 'NONE',  ( 66.56769468914588117, -28.96199391724989880, 51.92610995425893350 ) ) ;
#5592 = ORIENTED_EDGE ( 'NONE', *, *, #1681, .F. ) ;
#5593 = CARTESIAN_POINT ( 'NONE',  ( 49.88005388187766442, -29.91249965399749300, 51.30730408389851505 ) ) ;
#5594 = CARTESIAN_POINT ( 'NONE',  ( -1.150402271377843011, -25.48432976528668448, 56.18226737949506600 ) ) ;
#5595 = CARTESIAN_POINT ( 'NONE',  ( -22.12481613187724250, 21.83646865819417471, 55.17468174204664422 ) ) ;
#5596 = CARTESIAN_POINT ( 'NONE',  ( -4.780509139380931138, -19.35386288537568689, 53.60421236771715314 ) ) ;
#5597 = CARTESIAN_POINT ( 'NONE',  ( -31.02386488067802262, 1.983336297093263312, 56.96843774411961192 ) ) ;
#5598 = CARTESIAN_POINT ( 'NONE',  ( 27.22010072018019855, 7.736904814552577392, 53.59461369776751383 ) ) ;
#5599 = CARTESIAN_POINT ( 'NONE',  ( -1.455336782020713482, 17.43994552782647389, 51.25726318225985523 ) ) ;
#5600 = ORIENTED_EDGE ( 'NONE', *, *, #3783, .F. ) ;
#5601 = CARTESIAN_POINT ( 'NONE',  ( -9.398772478907302386, -81.99777498536671771, 54.23705049352262364 ) ) ;
#5602 = CARTESIAN_POINT ( 'NONE',  ( -11.41154943283060597, -13.26920698635389329, 53.02120569031413311 ) ) ;
#5603 = CARTESIAN_POINT ( 'NONE',  ( -16.47154283766544935, -13.89348324017236358, 50.61303042370089855 ) ) ;
#5604 = CARTESIAN_POINT ( 'NONE',  ( -21.53011207052143661, 1.004860870909854764, 58.67992075341700797 ) ) ;
#5605 = CARTESIAN_POINT ( 'NONE',  ( -31.17428917695557899, -77.15700977823470907, 52.94903657629062366 ) ) ;
#5606 = CARTESIAN_POINT ( 'NONE',  ( 11.26806738764283544, -4.671961844228597727, 64.99999999999998579 ) ) ;
#5607 = CARTESIAN_POINT ( 'NONE',  ( -41.48033369710754670, -59.95092592526736297, 53.49457947812896919 ) ) ;
#5608 = CARTESIAN_POINT ( 'NONE',  ( 73.68006826472073101, -20.70269024032625893, 52.57692267020238575 ) ) ;
#5609 = CARTESIAN_POINT ( 'NONE',  ( 19.80816639731748552, -11.13342292075417816, 51.45585558190032316 ) ) ;
#5610 = CARTESIAN_POINT ( 'NONE',  ( 22.78751335367266151, -48.71912579138508193, 58.47537150000580652 ) ) ;
#5611 = CARTESIAN_POINT ( 'NONE',  ( -4.125406685047411592, 17.00937792923933856, 52.54861500484248182 ) ) ;
#5612 = FACE_OUTER_BOUND ( 'NONE', #1759, .T. ) ;
#5613 = CARTESIAN_POINT ( 'NONE',  ( -6.816572795930812667, 36.02075891607170632, 52.28262920477873621 ) ) ;
#5614 = CARTESIAN_POINT ( 'NONE',  ( 14.75057039931168745, 24.77783557275681048, 58.82980244122827429 ) ) ;
#5615 = ADVANCED_FACE ( 'NONE', ( #742 ), #4425, .T. ) ;
#5616 = CARTESIAN_POINT ( 'NONE',  ( 15.82942958344492723, -7.463107795124949817, 51.27227836730390464 ) ) ;
#5617 = VECTOR ( 'NONE', #766, 1000.000000000000000 ) ;
#5618 = CARTESIAN_POINT ( 'NONE',  ( 51.38276433117066233, -34.52828336330241399, 49.45689041229920235 ) ) ;
#5619 = CARTESIAN_POINT ( 'NONE',  ( 71.44913597906854363, 44.27146170230006561, 56.53267012215216170 ) ) ;
#5620 = DIRECTION ( 'NONE',  ( 0.000000000000000000, 0.000000000000000000, 1.000000000000000000 ) ) ;
#5621 = CARTESIAN_POINT ( 'NONE',  ( -11.63422834514455495, 49.24380269557050838, 50.88641130672908730 ) ) ;
#5622 = CARTESIAN_POINT ( 'NONE',  ( 5.158554039836551475, 65.73686502498017603, 51.01329263939015135 ) ) ;
#5623 = CARTESIAN_POINT ( 'NONE',  ( -5.962317736449354477, 27.34710371547360452, 50.79685596645803258 ) ) ;
#5624 = VERTEX_POINT ( 'NONE', #4170 ) ;
#5625 = CARTESIAN_POINT ( 'NONE',  ( 12.88921374852287194, -6.506544674056476296, 65.00000000000000000 ) ) ;
#5626 = B_SPLINE_CURVE_WITH_KNOTS ( 'NONE', 3,
 ( #3278, #6252, #5809, #826, #1915, #4825, #893, #1440, #860, #1338, #4759, #2420, #3312, #378, #3791, #5336, #5742, #446, #1815 ),
 .UNSPECIFIED., .F., .F.,
 ( 4, 1, 1, 1, 1, 1, 1, 1, 1, 1, 1, 1, 1, 1, 1, 1, 4 ),
 ( 0.000000000000000000, 0.07883260401047320620, 0.1537102312098454493, 0.2246777586657771886, 0.2948087751910964394, 0.3627147868294588462, 0.4271032430309811279, 0.4886497655514110972, 0.5509002465387018432, 0.5850458333883309381, 0.6252721895341628588, 0.6714658644313025171, 0.7245499928849670201, 0.7832647317228375039, 0.8490731308598450378, 0.9212962952783855242, 1.000000000000000000 ),
 .UNSPECIFIED. ) ;
#5627 = CARTESIAN_POINT ( 'NONE',  ( -3.815986898801353000, -33.57291102455045007, 55.85072753483828478 ) ) ;
#5628 = CARTESIAN_POINT ( 'NONE',  ( -18.12265758227383117, 17.95445774841966013, 55.17010579252018942 ) ) ;
#5629 = CARTESIAN_POINT ( 'NONE',  ( -44.96755614696004955, -42.32120955796564488, 50.88510946817556402 ) ) ;
#5630 = CARTESIAN_POINT ( 'NONE',  ( -19.76860438422377797, 2.570574096811626852, 56.64316019812272884 ) ) ;
#5631 = CARTESIAN_POINT ( 'NONE',  ( 23.24018108369435964, 10.36496013900975122, 54.27226423005622991 ) ) ;
#5632 = CARTESIAN_POINT ( 'NONE',  ( -30.52899890836455299, 73.76987475303586450, 51.65657630945776901 ) ) ;
#5633 = VERTEX_POINT ( 'NONE', #271 ) ;
#5634 = CARTESIAN_POINT ( 'NONE',  ( -5.481400668484574190, -6.692130933951083271, 64.50000000000000000 ) ) ;
#5635 = CARTESIAN_POINT ( 'NONE',  ( -9.781643939562421508, -14.51310384626045291, 53.58098158079312157 ) ) ;
#5636 = CARTESIAN_POINT ( 'NONE',  ( 15.45855403983963683, 8.214279236838642362, 56.24455469711035249 ) ) ;
#5637 = CARTESIAN_POINT ( 'NONE',  ( -17.41411182555430415, 1.734877796310216214, 58.43846410817654657 ) ) ;
#5638 = PLANE ( 'NONE',  #3840 ) ;
#5639 = CARTESIAN_POINT ( 'NONE',  ( 12.55128471623089226, -3.021576397892844490, 64.50000000000001421 ) ) ;
#5640 = CARTESIAN_POINT ( 'NONE',  ( -22.03289761130541891, -17.75721478307316303, 52.13390142168838537 ) ) ;
#5641 = CARTESIAN_POINT ( 'NONE',  ( 82.16469857680149858, 13.99806844262574046, 54.69040506964518045 ) ) ;
#5642 = CARTESIAN_POINT ( 'NONE',  ( 54.01360451823869369, -29.92844719187199587, 51.46976822717762445 ) ) ;
#5643 = CARTESIAN_POINT ( 'NONE',  ( 21.18170362723078881, -41.40580809499457615, 58.64497260976943238 ) ) ;
#5644 = CARTESIAN_POINT ( 'NONE',  ( 15.66631889968250846, 23.56745733646085483, 56.97008299144305710 ) ) ;
#5645 = CARTESIAN_POINT ( 'NONE',  ( 22.48448777796970788, -45.98499893670785355, 56.94834949069178265 ) ) ;
#5646 = CARTESIAN_POINT ( 'NONE',  ( -3.419921221782441734, 21.22438545179295488, 52.16614771641024362 ) ) ;
#5647 = CARTESIAN_POINT ( 'NONE',  ( 20.54003549231476811, 33.62832741002930703, 58.77060325248977790 ) ) ;
#5648 = CYLINDRICAL_SURFACE ( 'NONE', #1134, 17.49999999999999645 ) ;
#5649 = CARTESIAN_POINT ( 'NONE',  ( 50.75959333043814325, -32.50989939494476033, 51.16672668235847254 ) ) ;
#5650 = CARTESIAN_POINT ( 'NONE',  ( 43.03834655972774215, 26.61016735634257913, 56.53019933216162229 ) ) ;
#5651 = CARTESIAN_POINT ( 'NONE',  ( -22.12425260197922938, 39.08525545923806277, 52.23826463978470969 ) ) ;
#5652 = CARTESIAN_POINT ( 'NONE',  ( -10.64249082952884962, 72.79995017515345523, 52.07811171221963775 ) ) ;
#5653 = CARTESIAN_POINT ( 'NONE',  ( -2.642703867940441320, 52.76972166661467156, 51.62483272447852301 ) ) ;
#5654 = EDGE_LOOP ( 'NONE', ( #1388, #4334, #3009, #4290 ) ) ;
#5655 = CARTESIAN_POINT ( 'NONE',  ( 14.65137916420342634, -4.286395269333681313, 64.99999999999998579 ) ) ;
#5656 = CARTESIAN_POINT ( 'NONE',  ( 1.895672765911811108, -61.72221608079323119, 56.53182658821751261 ) ) ;
#5657 = CARTESIAN_POINT ( 'NONE',  ( -55.58390607584670562, 62.77172293401098102, 54.84502037062112834 ) ) ;
#5658 = CARTESIAN_POINT ( 'NONE',  ( -16.45155604640983427, -15.67206707892802164, 50.89886135522049670 ) ) ;
#5659 = CARTESIAN_POINT ( 'NONE',  ( -33.78635900408818316, -0.1933079614916362321, 57.30190687792217830 ) ) ;
#5660 = CARTESIAN_POINT ( 'NONE',  ( 38.53425629706354272, 7.975116168637703673, 53.25175072213195904 ) ) ;
#5661 = CARTESIAN_POINT ( 'NONE',  ( -67.51540041984063123, 46.93527293629899333, 54.38131881546944868 ) ) ;
#5662 = ORIENTED_EDGE ( 'NONE', *, *, #2570, .T. ) ;
#5663 = CARTESIAN_POINT ( 'NONE',  ( -7.549729995407650662, -6.692130933951083271, 65.00000000000000000 ) ) ;
#5664 = PLANE ( 'NONE',  #4869 ) ;
#5665 = CARTESIAN_POINT ( 'NONE',  ( 9.877751152802947132, 14.44576403344537852, 56.89045604625366082 ) ) ;
#5666 = EDGE_CURVE ( 'NONE', #4452, #4782, #3692, .T. ) ;
#5667 = DIRECTION ( 'NONE',  ( 0.000000000000000000, 0.000000000000000000, -1.000000000000000000 ) ) ;
#5668 = CARTESIAN_POINT ( 'NONE',  ( -17.41424773901786693, 1.743102029506020001, 58.43623408489855109 ) ) ;
#5669 = CARTESIAN_POINT ( 'NONE',  ( -34.97443357006223863, -28.35440131372320138, 52.14067247597103005 ) ) ;
#5670 = CARTESIAN_POINT ( 'NONE',  ( -45.46411692461976628, -28.68694692311927241, 51.57349741933571607 ) ) ;
#5671 = CARTESIAN_POINT ( 'NONE',  ( 80.21750426000212997, -7.285315927597239671, 53.45230693550346501 ) ) ;
#5672 = CARTESIAN_POINT ( 'NONE',  ( 23.66700409381180492, -15.50789582179339909, 51.12695756819266535 ) ) ;
#5673 = CARTESIAN_POINT ( 'NONE',  ( 23.46573679628427911, -63.04465218510132729, 58.08685245267326991 ) ) ;
#5674 =( LENGTH_UNIT ( ) NAMED_UNIT ( * ) SI_UNIT ( .MILLI., .METRE. ) );
#5675 = CARTESIAN_POINT ( 'NONE',  ( -1.795476992369948288, 54.21789771853963913, 51.54480248893264616 ) ) ;
#5676 = CARTESIAN_POINT ( 'NONE',  ( 17.50120173856130634, 0.06646428337872027636, 53.93078719411737865 ) ) ;
#5677 = CARTESIAN_POINT ( 'NONE',  ( -13.29678528386918934, 1.639699995536096910, 64.50000000000000000 ) ) ;
#5678 = CARTESIAN_POINT ( 'NONE',  ( -23.03974445781530633, 74.30419641198903946, 51.21767649740151285 ) ) ;
#5679 = CARTESIAN_POINT ( 'NONE',  ( 17.72742712659029962, 9.118526204812322788, 56.17554555276103656 ) ) ;
#5680 = CARTESIAN_POINT ( 'NONE',  ( -6.518999288177131923, 72.42815688349280379, 50.21017860522554344 ) ) ;
#5681 = B_SPLINE_CURVE_WITH_KNOTS ( 'NONE', 3,
 ( #2183, #4132, #6077, #5603, #3200, #914, #1902, #2407, #2276, #5221, #1869, #5255, #1834, #5728, #946, #1427, #3846, #398, #6174, #5797, #4330, #3778, #881, #5323, #366, #2785, #3364, #5763, #6209, #2886 ),
 .UNSPECIFIED., .F., .F.,
 ( 4, 2, 2, 2, 2, 2, 2, 2, 2, 2, 2, 2, 2, 2, 4 ),
 ( 0.000000000000000000, 0.06250000000000000000, 0.1250000000000000000, 0.1874999999999999722, 0.2500000000000000000, 0.3749999999999999445, 0.4375000000000000000, 0.5000000000000000000, 0.6250000000000000000, 0.6875000000000000000, 0.7499999999999998890, 0.8750000000000000000, 0.9062500000000001110, 0.9375000000000000000, 1.000000000000000000 ),
 .UNSPECIFIED. ) ;
#5682 = CARTESIAN_POINT ( 'NONE',  ( -58.33162233970518429, 59.59253166234880439, 55.08359173788142016 ) ) ;
#5683 = CARTESIAN_POINT ( 'NONE',  ( 3.812051990129686985, 61.38696714318339076, 49.48571190064031100 ) ) ;
#5684 = EDGE_LOOP ( 'NONE', ( #3062, #138, #1198, #4430, #684, #3706, #5974, #2021, #4159, #1327 ) ) ;
#5685 = CARTESIAN_POINT ( 'NONE',  ( 16.91948155652187324, 29.24529841436501343, 58.88623960264299484 ) ) ;
#5686 = CARTESIAN_POINT ( 'NONE',  ( 2.749821194098526433, -28.09345337520856489, 56.86076108351512204 ) ) ;
#5687 = CARTESIAN_POINT ( 'NONE',  ( -52.19304490856678314, 33.00130958056237773, 56.19425227943001033 ) ) ;
#5688 = CARTESIAN_POINT ( 'NONE',  ( -11.45328344640608265, -12.70328311012980826, 51.24955032630198559 ) ) ;
#5689 = CARTESIAN_POINT ( 'NONE',  ( -38.12275940056488110, 23.95529157439360901, 54.60046424195689951 ) ) ;
#5690 = CARTESIAN_POINT ( 'NONE',  ( 61.92235921415162636, 38.47547587189553298, 54.93553201703824840 ) ) ;
#5691 = CARTESIAN_POINT ( 'NONE',  ( -65.34468817151532960, 50.75730967330091659, 54.12874008612671872 ) ) ;
#5692 = ORIENTED_EDGE ( 'NONE', *, *, #5816, .F. ) ;
#5693 = CARTESIAN_POINT ( 'NONE',  ( 18.75925755084927360, -73.26809301250368378, 55.97712735475023038 ) ) ;
#5694 = CARTESIAN_POINT ( 'NONE',  ( 4.533962713060179617, -25.10390931851775065, 55.62329482718548235 ) ) ;
#5695 = EDGE_CURVE ( 'NONE', #4847, #3605, #5838, .T. ) ;
#5696 = DIRECTION ( 'NONE',  ( -0.000000000000000000, -0.000000000000000000, -1.000000000000000000 ) ) ;
#5697 = DIRECTION ( 'NONE',  ( -1.000000000000000000, 0.000000000000000000, 0.000000000000000000 ) ) ;
#5698 = VERTEX_POINT ( 'NONE', #4822 ) ;
#5699 = CARTESIAN_POINT ( 'NONE',  ( 22.18198770948487564, -7.880191233942115403, 52.26953061190017991 ) ) ;
#5700 = DIRECTION ( 'NONE',  ( -1.000000000000000000, 0.000000000000000000, -0.000000000000000000 ) ) ;
#5701 = B_SPLINE_CURVE_WITH_KNOTS ( 'NONE', 3,
 ( #5338, #963, #2903, #4860, #480, #2422, #149, #1085, #5040, #6021, #1590, #3985, #665, #5514, #4561, #1533, #4528, #3470, #3955, #3078 ),
 .UNSPECIFIED., .F., .F.,
 ( 4, 2, 2, 2, 2, 2, 2, 2, 2, 4 ),
 ( 0.000000000000000000, 0.1250000000000000000, 0.2500000000000000000, 0.3750000000000000000, 0.5000000000000000000, 0.6250000000000000000, 0.7500000000000000000, 0.8750000000000000000, 0.9374999999999998890, 1.000000000000000000 ),
 .UNSPECIFIED. ) ;
#5702 = CARTESIAN_POINT ( 'NONE',  ( -21.92595396455187284, -13.03933099573136722, 51.45872741243670845 ) ) ;
#5703 = CARTESIAN_POINT ( 'NONE',  ( 8.947445293103257313, -3.501555333104967804, 64.50000000000000000 ) ) ;
#5704 = CARTESIAN_POINT ( 'NONE',  ( 80.50693488464122538, -6.326292583674791636, 53.51031388644008047 ) ) ;
#5705 = CARTESIAN_POINT ( 'NONE',  ( -16.67089637007427072, -13.57393138290165879, 52.16614771641023651 ) ) ;
#5706 = CARTESIAN_POINT ( 'NONE',  ( 22.82738760474419948, -48.97081013875605748, 58.46910700225259205 ) ) ;
#5707 = LINE ( 'NONE', #376, #2269 ) ;
#5708 = LINE ( 'NONE', #6188, #4949 ) ;
#5709 = CARTESIAN_POINT ( 'NONE',  ( 17.36647425116922605, 2.192341348020882652, 54.51221822676532724 ) ) ;
#5710 = EDGE_CURVE ( 'NONE', #2341, #5218, #1941, .T. ) ;
#5711 = CARTESIAN_POINT ( 'NONE',  ( -57.87633947413844737, 6.259720296386921845, 56.76376662434831388 ) ) ;
#5712 = CARTESIAN_POINT ( 'NONE',  ( 3.058615168393879369, 67.07290916959163951, 49.56701239121129277 ) ) ;
#5713 = CARTESIAN_POINT ( 'NONE',  ( 60.36069737442164751, 12.28179223154481647, 54.84437718514186599 ) ) ;
#5714 = CARTESIAN_POINT ( 'NONE',  ( 7.433654531351057138, 61.11624838151721661, 49.20479257904793258 ) ) ;
#5715 = CARTESIAN_POINT ( 'NONE',  ( -12.89945025806209422, 73.31056539055784071, 52.21646215668556579 ) ) ;
#5716 = CARTESIAN_POINT ( 'NONE',  ( 81.77350032929764723, -0.9421825167760797815, 53.82989302770214834 ) ) ;
#5717 = ORIENTED_EDGE ( 'NONE', *, *, #2137, .T. ) ;
#5718 = CARTESIAN_POINT ( 'NONE',  ( 27.75010039876681489, 35.45584614732580775, 58.21806643903112644 ) ) ;
#5719 = CARTESIAN_POINT ( 'NONE',  ( -3.345009889692569960, -83.98681748418482584, 56.19511841575300082 ) ) ;
#5720 = CARTESIAN_POINT ( 'NONE',  ( -13.65761894939994292, 10.29837062529697533, 55.82904184155098903 ) ) ;
#5721 = CARTESIAN_POINT ( 'NONE',  ( -15.83621891546702720, -19.99915813188280111, 51.57190964358890994 ) ) ;
#5722 = CARTESIAN_POINT ( 'NONE',  ( -30.87957688736592843, 13.71737579719916944, 55.27944460615873368 ) ) ;
#5723 = CARTESIAN_POINT ( 'NONE',  ( 28.23851914277698683, 1.835418125218504226, 52.58249894949519643 ) ) ;
#5724 = CARTESIAN_POINT ( 'NONE',  ( 12.49661752143377846, -3.405749179366846846, 65.00000000000001421 ) ) ;
#5725 = EDGE_LOOP ( 'NONE', ( #1132, #3648, #883, #2724 ) ) ;
#5726 = CARTESIAN_POINT ( 'NONE',  ( 5.336135945553002635, -79.73596763940824417, 55.10066791549372311 ) ) ;
#5727 = CARTESIAN_POINT ( 'NONE',  ( 5.646405947249159674, -22.00863341353160152, 55.96451943074725222 ) ) ;
#5728 = CARTESIAN_POINT ( 'NONE',  ( -31.57573274354796666, -26.04065743609918115, 50.56935057334157335 ) ) ;
#5729 = CARTESIAN_POINT ( 'NONE',  ( -56.14264422917277386, -50.33305923364220291, 52.37493957736081995 ) ) ;
#5730 = VERTEX_POINT ( 'NONE', #6281 ) ;
#5731 = CARTESIAN_POINT ( 'NONE',  ( -15.00000000000000000, 0.000000000000000000, 65.00000000000000000 ) ) ;
#5732 = CARTESIAN_POINT ( 'NONE',  ( 6.569147026065643935, -1.750710410310339915, 64.99999999999998579 ) ) ;
#5733 = CARTESIAN_POINT ( 'NONE',  ( -32.24782552601755725, -22.55166033752503907, 51.80322653610595296 ) ) ;
#5734 = CARTESIAN_POINT ( 'NONE',  ( 10.11883497729956360, -4.680051066758892375, 64.50000000000000000 ) ) ;
#5735 = CARTESIAN_POINT ( 'NONE',  ( 10.57914046690663490, -4.734568273424810236, 64.99999999999998579 ) ) ;
#5736 = CARTESIAN_POINT ( 'NONE',  ( -15.96511623434830618, -12.49496954204239074, 52.07582078196823261 ) ) ;
#5737 = CARTESIAN_POINT ( 'NONE',  ( 14.87116343407953245, 6.007869066048916018, 64.50000000000000000 ) ) ;
#5738 = EDGE_CURVE ( 'NONE', #5936, #3189, #3085, .T. ) ;
#5739 = VECTOR ( 'NONE', #5366, 1000.000000000000000 ) ;
#5740 = SURFACE_SIDE_STYLE ('',( #3824 ) ) ;
#5741 = CARTESIAN_POINT ( 'NONE',  ( -2.658056259195892057, 52.71488263014889242, 51.62714242529042252 ) ) ;
#5742 = CARTESIAN_POINT ( 'NONE',  ( 12.59006578892161166, -2.251907563029680759, 64.50000000000000000 ) ) ;
#5743 = CARTESIAN_POINT ( 'NONE',  ( 21.34179593619672843, -7.433711336357260890, 50.66695857741238740 ) ) ;
#5744 = CARTESIAN_POINT ( 'NONE',  ( -62.15859606774572654, 55.37836982445953282, 53.80701926459656192 ) ) ;
#5745 = CARTESIAN_POINT ( 'NONE',  ( 22.69082431724446636, 1.204921726422776063, 54.15510142923076131 ) ) ;
#5746 = CARTESIAN_POINT ( 'NONE',  ( 3.288079555578907520, 28.01461382135412492, 49.21654287866902422 ) ) ;
#5747 = ADVANCED_FACE ( 'NONE', ( #1911 ), #3855, .T. ) ;
#5748 = CARTESIAN_POINT ( 'NONE',  ( -40.11129518656941428, 71.32371753875018783, 53.83134153868927285 ) ) ;
#5749 = CARTESIAN_POINT ( 'NONE',  ( 82.43532110161872595, 4.037438941445509855, 54.11900940503903712 ) ) ;
#5750 = EDGE_LOOP ( 'NONE', ( #917, #624, #2297, #813 ) ) ;
#5751 = CARTESIAN_POINT ( 'NONE',  ( 20.83138272390399237, 22.96799464461299678, 57.87600336334801909 ) ) ;
#5752 = CARTESIAN_POINT ( 'NONE',  ( -9.924728239551107833, -29.37728807535036069, 54.83731853902659026 ) ) ;
#5753 = CARTESIAN_POINT ( 'NONE',  ( -35.65939824481183962, 63.37768114559614929, 53.83214885213003242 ) ) ;
#5754 = CARTESIAN_POINT ( 'NONE',  ( -24.61366654843615365, -23.27048224153965705, 50.89034316874777630 ) ) ;
#5755 = CARTESIAN_POINT ( 'NONE',  ( -19.30330810772101913, 11.98753002185663163, 54.61261288365795252 ) ) ;
#5756 = CARTESIAN_POINT ( 'NONE',  ( 72.66754008469268911, -5.844628088898842222, 51.89785346062458871 ) ) ;
#5757 = CARTESIAN_POINT ( 'NONE',  ( 8.846804459720553737, 6.007869066048916018, 64.50000000000000000 ) ) ;
#5758 = ORIENTED_EDGE ( 'NONE', *, *, #1645, .T. ) ;
#5759 = CARTESIAN_POINT ( 'NONE',  ( 79.03837312202416854, 26.14173834601428581, 53.80701926459656192 ) ) ;
#5760 = LINE ( 'NONE', #5186, #4502 ) ;
#5761 = CARTESIAN_POINT ( 'NONE',  ( 8.686576233673907410, -20.99661193727018826, 56.63936064481430321 ) ) ;
#5762 = VECTOR ( 'NONE', #956, 1000.000000000000114 ) ;
#5763 = CARTESIAN_POINT ( 'NONE',  ( -57.15669334176008221, -26.72559746054290031, 49.36997746265574705 ) ) ;
#5764 = CARTESIAN_POINT ( 'NONE',  ( -59.48633939961375461, -35.82870480505056321, 51.47445707540810389 ) ) ;
#5765 = B_SPLINE_CURVE_WITH_KNOTS ( 'NONE', 3,
 ( #2822, #4684, #5258, #5293, #3815, #297 ),
 .UNSPECIFIED., .F., .F.,
 ( 4, 2, 4 ),
 ( 0.000000000000000000, 0.5000000000000000000, 1.000000000000000000 ),
 .UNSPECIFIED. ) ;
#5766 = ORIENTED_EDGE ( 'NONE', *, *, #4602, .F. ) ;
#5767 = PLANE ( 'NONE',  #3526 ) ;
#5768 = CARTESIAN_POINT ( 'NONE',  ( 8.164728054029154691, -6.226736150662890878, 64.49999999999997158 ) ) ;
#5769 = CARTESIAN_POINT ( 'NONE',  ( -25.26373378782159662, -12.74227886581451585, 51.12695756819266535 ) ) ;
#5770 = CARTESIAN_POINT ( 'NONE',  ( -18.66440255702157103, -16.22561250195565918, 52.31634298045489118 ) ) ;
#5771 = CARTESIAN_POINT ( 'NONE',  ( 63.82112454894642184, 46.64522262511477635, 56.89829248759524916 ) ) ;
#5772 = CARTESIAN_POINT ( 'NONE',  ( -7.760887847971752684, -2.349402568566467675, 64.50000000000000000 ) ) ;
#5773 = CARTESIAN_POINT ( 'NONE',  ( 13.47022801301497807, -24.17948353709348908, 58.82151478427190483 ) ) ;
#5774 = FILL_AREA_STYLE ('',( #4726 ) ) ;
#5775 = CARTESIAN_POINT ( 'NONE',  ( -4.504954375284998314, 48.67869419464015124, 51.82771201762817981 ) ) ;
#5776 = CARTESIAN_POINT ( 'NONE',  ( 17.08655455275982504, 3.821312074647453372, 54.96308084591897369 ) ) ;
#5777 = CARTESIAN_POINT ( 'NONE',  ( 50.97915451581469171, -32.93301891335324427, 49.54308883841095223 ) ) ;
#5778 = LINE ( 'NONE', #993, #2245 ) ;
#5779 = EDGE_CURVE ( 'NONE', #2754, #3775, #1956, .T. ) ;
#5780 = CARTESIAN_POINT ( 'NONE',  ( 43.38866866813026490, 12.02680177479791013, 55.17949497653042101 ) ) ;
#5781 = VECTOR ( 'NONE', #1585, 1000.000000000000000 ) ;
#5782 = CARTESIAN_POINT ( 'NONE',  ( -0.6247340777283155733, 25.50262088309178665, 49.88608962002313518 ) ) ;
#5783 = CARTESIAN_POINT ( 'NONE',  ( -68.06563039329959963, 45.75288698142764332, 56.05894401075997990 ) ) ;
#5784 = CARTESIAN_POINT ( 'NONE',  ( 54.34343919438021686, -37.32909221360357321, 49.41162545501246228 ) ) ;
#5785 = ORIENTED_EDGE ( 'NONE', *, *, #1967, .T. ) ;
#5786 = CARTESIAN_POINT ( 'NONE',  ( 19.20782793536286093, 24.44113226521862714, 58.21347846590354891 ) ) ;
#5787 = CARTESIAN_POINT ( 'NONE',  ( -9.902179765253841026, -38.18617029588832423, 55.17851105911304899 ) ) ;
#5788 = CARTESIAN_POINT ( 'NONE',  ( -37.55565726735731147, 49.01826807479466908, 54.50692100457106903 ) ) ;
#5789 = CARTESIAN_POINT ( 'NONE',  ( -47.85650664387417663, -39.02468987977162840, 50.54731122356766093 ) ) ;
#5790 = CARTESIAN_POINT ( 'NONE',  ( -36.24825687556403864, 26.51763189086259231, 54.26299268378631524 ) ) ;
#5791 = CARTESIAN_POINT ( 'NONE',  ( 30.74531853418423566, -4.584747469281454713, 51.56738055213735095 ) ) ;
#5792 = LINE ( 'NONE', #973, #853 ) ;
#5793 = VERTEX_POINT ( 'NONE', #6217 ) ;
#5794 = CARTESIAN_POINT ( 'NONE',  ( 65.67499790254213110, -29.71510553223585660, 50.25338018892970382 ) ) ;
#5795 = CARTESIAN_POINT ( 'NONE',  ( -44.58071367564011211, 6.304368829238253369, 58.21806643903112644 ) ) ;
#5796 = CARTESIAN_POINT ( 'NONE',  ( 5.226566580424659492, -50.20284677774364468, 55.27509893104178929 ) ) ;
#5797 = CARTESIAN_POINT ( 'NONE',  ( -44.30042652149809612, -28.79417709085278076, 50.03130117827907242 ) ) ;
#5798 = CARTESIAN_POINT ( 'NONE',  ( -34.79533554807520801, -75.17921155658456200, 54.31499540564691131 ) ) ;
#5799 = CARTESIAN_POINT ( 'NONE',  ( 13.94062942207367506, 24.54250948674113175, 57.30465367023892043 ) ) ;
#5800 = EDGE_LOOP ( 'NONE', ( #2232, #190, #1822, #6176 ) ) ;
#5801 = CARTESIAN_POINT ( 'NONE',  ( 43.85801823424638712, -19.77092963794602198, 51.86493721983340066 ) ) ;
#5802 = DIRECTION ( 'NONE',  ( 0.000000000000000000, 0.000000000000000000, 1.000000000000000000 ) ) ;
#5803 = CARTESIAN_POINT ( 'NONE',  ( -56.69103150018261061, -24.01236732077297731, 50.80081706599198554 ) ) ;
#5804 = CARTESIAN_POINT ( 'NONE',  ( -42.20073551987968585, -28.54391800490736841, 51.72548094054710788 ) ) ;
#5805 = CARTESIAN_POINT ( 'NONE',  ( 51.95664585115466849, -38.40582232139914964, 50.84782201340048147 ) ) ;
#5806 = CARTESIAN_POINT ( 'NONE',  ( -15.35389901111177657, -11.49351219243946964, 51.97617447014183512 ) ) ;
#5807 = CARTESIAN_POINT ( 'NONE',  ( 8.752005969672524088, -17.71444785688972345, 58.60106851691541152 ) ) ;
#5808 = DIRECTION ( 'NONE',  ( 1.000000000000000000, 0.000000000000000000, 0.000000000000000000 ) ) ;
#5809 = CARTESIAN_POINT ( 'NONE',  ( 10.97950486643792800, -4.729428030579197362, 64.50000000000001421 ) ) ;
#5810 = CARTESIAN_POINT ( 'NONE',  ( 49.16992600338874553, -27.77960374852029091, 49.82219913490505547 ) ) ;
#5811 = CARTESIAN_POINT ( 'NONE',  ( 4.287830100746195860, 1.286074194254045899, 64.50000000000000000 ) ) ;
#5812 = CARTESIAN_POINT ( 'NONE',  ( 19.88204272568621889, -0.3883064917349251521, 53.81364701626051072 ) ) ;
#5813 = CARTESIAN_POINT ( 'NONE',  ( 0.6664202810220057893, 17.13232971805943095, 49.56770595190415207 ) ) ;
#5814 = CARTESIAN_POINT ( 'NONE',  ( -44.69098262265114840, 69.33091821604428162, 54.11863380481279506 ) ) ;
#5815 = CARTESIAN_POINT ( 'NONE',  ( 64.53954048816484601, 46.06091787692943740, 56.84428599246101044 ) ) ;
#5816 = EDGE_CURVE ( 'NONE', #1035, #3748, #270, .T. ) ;
#5817 = ORIENTED_EDGE ( 'NONE', *, *, #5193, .F. ) ;
#5818 = CARTESIAN_POINT ( 'NONE',  ( 10.71051472531193660, 13.39134702114001030, 58.19336240065094046 ) ) ;
#5819 = CARTESIAN_POINT ( 'NONE',  ( -21.97861842800005761, 39.16733828832173714, 53.82959318728958920 ) ) ;
#5820 = CARTESIAN_POINT ( 'NONE',  ( -25.14385750217929782, -12.97742219607063952, 49.54845109655720137 ) ) ;
#5821 = CARTESIAN_POINT ( 'NONE',  ( -42.31163163936363958, 15.39221991773328213, 55.61371472426824170 ) ) ;
#5822 = CARTESIAN_POINT ( 'NONE',  ( 17.10846852412174712, -1.171305174559489126, 51.92582988073615269 ) ) ;
#5823 = CARTESIAN_POINT ( 'NONE',  ( 6.569147026065643935, -1.750710410310339915, 64.49999999999998579 ) ) ;
#5824 = EDGE_LOOP ( 'NONE', ( #1580, #4959, #4935, #1294 ) ) ;
#5825 = CARTESIAN_POINT ( 'NONE',  ( 77.62213460315537361, -13.86097689940243782, 51.43838967176840526 ) ) ;
#5826 = CARTESIAN_POINT ( 'NONE',  ( -61.15010349846133408, 8.592982155597661986, 58.22013720768730138 ) ) ;
#5827 = CARTESIAN_POINT ( 'NONE',  ( -2.643771752251766749, -25.30906727653474775, 54.27226423005622991 ) ) ;
#5828 = VECTOR ( 'NONE', #3384, 1000.000000000000000 ) ;
#5829 = CARTESIAN_POINT ( 'NONE',  ( -14.21350351449871141, 10.21132546545715414, 55.93795823719387528 ) ) ;
#5830 = CARTESIAN_POINT ( 'NONE',  ( -59.60656517087264916, -33.14393410128779038, 51.30876917853293406 ) ) ;
#5831 = EDGE_CURVE ( 'NONE', #1448, #868, #6108, .T. ) ;
#5832 = VERTEX_POINT ( 'NONE', #5539 ) ;
#5833 = CARTESIAN_POINT ( 'NONE',  ( 48.05191068918458797, -25.92335711642649443, 51.52456907232288330 ) ) ;
#5834 = CARTESIAN_POINT ( 'NONE',  ( 10.20966767663249719, 14.21350686928331264, 58.43841015998027189 ) ) ;
#5835 = FACE_OUTER_BOUND ( 'NONE', #4928, .T. ) ;
#5836 = CARTESIAN_POINT ( 'NONE',  ( 7.103707387043455945, -5.029722974789699208, 65.00000000000000000 ) ) ;
#5837 = CARTESIAN_POINT ( 'NONE',  ( 62.82901654771755062, 47.42065006789534465, 56.97181792217681817 ) ) ;
#5838 = LINE ( 'NONE', #1843, #4253 ) ;
#5839 = LINE ( 'NONE', #4373, #6060 ) ;
#5840 = CARTESIAN_POINT ( 'NONE',  ( -72.11041259816227011, 15.52887021161720327, 57.87242576151193418 ) ) ;
#5841 = CARTESIAN_POINT ( 'NONE',  ( -1.563610163174071088, -17.43135270230930445, 55.98533980781180475 ) ) ;
#5842 = CARTESIAN_POINT ( 'NONE',  ( 16.41990063770971631, -6.056842565916836563, 52.22525811920929328 ) ) ;
#5843 = CARTESIAN_POINT ( 'NONE',  ( 15.94852002539225566, -7.204567573535531011, 50.22821245501211962 ) ) ;
#5844 = CARTESIAN_POINT ( 'NONE',  ( -72.48357980633896602, 30.91800728175754642, 55.35674122148739684 ) ) ;
#5845 = CARTESIAN_POINT ( 'NONE',  ( 61.22889403596652613, 8.015019211956332157, 54.50692100457106903 ) ) ;
#5846 = CARTESIAN_POINT ( 'NONE',  ( -8.572277847371053028, 15.25811225612469357, 53.85665222022833376 ) ) ;
#5847 = CARTESIAN_POINT ( 'NONE',  ( 47.12009695759820715, 53.91772604052360407, 56.35024646408169247 ) ) ;
#5848 = CARTESIAN_POINT ( 'NONE',  ( 79.13855898668954580, -10.54083485036451684, 53.25371999300850945 ) ) ;
#5849 = PRODUCT ( '\X2\98ce6247624753f6\X0\', '\X2\98ce6247624753f6\X0\', '', ( #4116 ) ) ;
#5850 = CARTESIAN_POINT ( 'NONE',  ( -10.83601531956220754, 16.73304993680176622, 54.15136399135295875 ) ) ;
#5851 = AXIS2_PLACEMENT_3D ( 'NONE', #603, #5368, #2931 ) ;
#5852 = CARTESIAN_POINT ( 'NONE',  ( -64.25279451569791433, 9.820815130790586878, 58.15912182121713414 ) ) ;
#5853 = CARTESIAN_POINT ( 'NONE',  ( -17.42517433398412052, 14.58358625809291809, 53.93772669080191662 ) ) ;
#5854 = CARTESIAN_POINT ( 'NONE',  ( 19.88721734147135223, 1.383288767230927085, 52.59216723177765829 ) ) ;
#5855 = CARTESIAN_POINT ( 'NONE',  ( 7.741563084198818778, -5.866712444939659932, 64.49999999999998579 ) ) ;
#5856 = ORIENTED_EDGE ( 'NONE', *, *, #2118, .T. ) ;
#5857 = FACE_OUTER_BOUND ( 'NONE', #3068, .T. ) ;
#5858 = CARTESIAN_POINT ( 'NONE',  ( -30.30655819817173224, 6.556509312550919510, 57.87600336334801909 ) ) ;
#5859 = CARTESIAN_POINT ( 'NONE',  ( 10.67706202405604188, -60.82113424673308799, 55.61121954026512526 ) ) ;
#5860 = CARTESIAN_POINT ( 'NONE',  ( -14.25532293198249612, 10.15287849028446843, 55.95756370241047506 ) ) ;
#5861 = CARTESIAN_POINT ( 'NONE',  ( -28.95966641317400914, -78.15575048311397666, 54.69040506964518045 ) ) ;
#5862 = SURFACE_SIDE_STYLE ('',( #6307 ) ) ;
#5863 = VERTEX_POINT ( 'NONE', #5032 ) ;
#5864 = CARTESIAN_POINT ( 'NONE',  ( 34.15746883441601511, -11.85660750957463527, 52.29456833121324166 ) ) ;
#5865 = CARTESIAN_POINT ( 'NONE',  ( -51.58463162994613072, -59.18619108968304232, 52.96223327498960032 ) ) ;
#5866 = VECTOR ( 'NONE', #1045, 1000.000000000000000 ) ;
#5867 = CARTESIAN_POINT ( 'NONE',  ( 6.572671233095378263, -2.101904029565504484, 64.99999999999998579 ) ) ;
#5868 = CARTESIAN_POINT ( 'NONE',  ( 49.50360239441251053, 54.68501408157781185, 57.87242576151191287 ) ) ;
#5869 = CARTESIAN_POINT ( 'NONE',  ( -28.67148023167939996, -24.43069283555278304, 52.25813829250940756 ) ) ;
#5870 = CARTESIAN_POINT ( 'NONE',  ( 13.82112397756066891, -24.74102449128410441, 58.82644423514003762 ) ) ;
#5871 = LINE ( 'NONE', #2898, #4929 ) ;
#5872 = CARTESIAN_POINT ( 'NONE',  ( -7.760887847971752684, 6.007869066048916018, 65.00000000000000000 ) ) ;
#5873 = CARTESIAN_POINT ( 'NONE',  ( 17.19622172731447307, -3.253500670454621879, 53.01970282873327989 ) ) ;
#5874 = CARTESIAN_POINT ( 'NONE',  ( 4.287830100746195860, 1.286074194254045899, 65.00000000000000000 ) ) ;
#5875 = DIRECTION ( 'NONE',  ( -0.000000000000000000, 0.000000000000000000, 1.000000000000000000 ) ) ;
#5876 = CARTESIAN_POINT ( 'NONE',  ( 37.73817744204668401, -11.48850150061537256, 52.47728096743912118 ) ) ;
#5877 = CARTESIAN_POINT ( 'NONE',  ( -9.256217616019423389, 14.85424089883568577, 54.07337346993276128 ) ) ;
#5878 = CARTESIAN_POINT ( 'NONE',  ( 44.96593948078533742, 52.88813880252130417, 58.01889837652213799 ) ) ;
#5879 = CARTESIAN_POINT ( 'NONE',  ( -7.760887847971752684, 6.007869066048916018, 65.00000000000000000 ) ) ;
#5880 = CARTESIAN_POINT ( 'NONE',  ( -4.863889227169101659, 16.39807476196644487, 52.79063215623295235 ) ) ;
#5881 = CARTESIAN_POINT ( 'NONE',  ( -62.42098159057625395, -37.66071418437395835, 49.87319817699949454 ) ) ;
#5882 = CARTESIAN_POINT ( 'NONE',  ( -38.61846313613502701, 32.69516113198793050, 53.92476799879018756 ) ) ;
#5883 = CARTESIAN_POINT ( 'NONE',  ( 48.46349828588508046, -14.54636404746061906, 50.88641130672908730 ) ) ;
#5884 = DIRECTION ( 'NONE',  ( 0.000000000000000000, 1.000000000000000000, 0.000000000000000000 ) ) ;
#5885 = VERTEX_POINT ( 'NONE', #721 ) ;
#5886 = DIRECTION ( 'NONE',  ( 0.000000000000000000, 0.000000000000000000, -1.000000000000000000 ) ) ;
#5887 = CARTESIAN_POINT ( 'NONE',  ( -44.90994292215324180, -0.02823586087043006634, 58.89010303872844077 ) ) ;
#5888 = CARTESIAN_POINT ( 'NONE',  ( 4.109816028200380167, -39.13567145709571093, 55.27688058545163585 ) ) ;
#5889 = CARTESIAN_POINT ( 'NONE',  ( -14.48888137911979435, -81.80740915399401558, 55.54722828574320204 ) ) ;
#5890 = CARTESIAN_POINT ( 'NONE',  ( 40.86365736161125994, 29.62776282209052070, 55.27509893104178929 ) ) ;
#5891 = ORIENTED_EDGE ( 'NONE', *, *, #4225, .T. ) ;
#5892 = CARTESIAN_POINT ( 'NONE',  ( 39.76593580672107464, -15.70641427415369762, 52.09192198206626045 ) ) ;
#5893 = EDGE_CURVE ( 'NONE', #2589, #6211, #1233, .T. ) ;
#5894 = CARTESIAN_POINT ( 'NONE',  ( -2.786275580997119583, 52.76238331152963923, 50.03130117827907242 ) ) ;
#5895 = LINE ( 'NONE', #2474, #2695 ) ;
#5896 = CARTESIAN_POINT ( 'NONE',  ( -33.60539284600352516, -26.62834127798207007, 52.08734676527293317 ) ) ;
#5897 = CARTESIAN_POINT ( 'NONE',  ( -50.94927044947628758, 3.669293008567868775, 58.54280071916657135 ) ) ;
#5898 = PRODUCT_DEFINITION_SHAPE ( 'NONE', 'NONE',  #1017 ) ;
#5899 = CARTESIAN_POINT ( 'NONE',  ( -67.46239248252733489, 47.01140811118909113, 55.97862767029048570 ) ) ;
#5900 = CARTESIAN_POINT ( 'NONE',  ( -1.692681169145028974, -17.41924703898016702, 55.94997443617031507 ) ) ;
#5901 = CARTESIAN_POINT ( 'NONE',  ( 17.08775208319571348, -3.790570957784196171, 52.87022564120863422 ) ) ;
#5902 = CARTESIAN_POINT ( 'NONE',  ( -17.71709666272559502, -35.24676490469661161, 54.16629776683866737 ) ) ;
#5903 = CARTESIAN_POINT ( 'NONE',  ( 12.90072187880234189, -21.93188728483440286, 57.30748762167205257 ) ) ;
#5904 = CARTESIAN_POINT ( 'NONE',  ( 62.78006521565715303, -32.13652663021598954, 51.62646008821231192 ) ) ;
#5905 = CARTESIAN_POINT ( 'NONE',  ( 44.90921917030556187, -0.5496272454275966668, 53.82959318728958920 ) ) ;
#5906 = CARTESIAN_POINT ( 'NONE',  ( -12.21585267745026826, 12.53087959254381367, 55.10179397773870136 ) ) ;
#5907 = CARTESIAN_POINT ( 'NONE',  ( 18.98163640301799049, 31.61943614079233811, 58.80575378363810302 ) ) ;
#5908 = CARTESIAN_POINT ( 'NONE',  ( 36.55927220688386114, 48.26705195398250225, 58.29082045838594439 ) ) ;
#5909 = CARTESIAN_POINT ( 'NONE',  ( -0.4591141416072030967, 31.08220830789760569, 51.46319808226534320 ) ) ;
#5910 = CARTESIAN_POINT ( 'NONE',  ( -25.29925241981669259, -17.92987698366031424, 50.21764615814910115 ) ) ;
#5911 = CARTESIAN_POINT ( 'NONE',  ( -21.82307103035730123, 32.86309435677780755, 52.57693071509330451 ) ) ;
#5912 = CARTESIAN_POINT ( 'NONE',  ( 27.26466643945310153, -14.93164436058743760, 49.88142016948130930 ) ) ;
#5913 = CARTESIAN_POINT ( 'NONE',  ( 9.043329270110087137, -3.801371013890773032, 65.00000000000000000 ) ) ;
#5914 = VERTEX_POINT ( 'NONE', #4651 ) ;
#5915 = CARTESIAN_POINT ( 'NONE',  ( 18.93151248732111114, -46.92482136821381289, 58.21875669524985142 ) ) ;
#5916 = CARTESIAN_POINT ( 'NONE',  ( -31.00748666567343648, 2.224985351071373074, 58.55019570516677874 ) ) ;
#5917 = CARTESIAN_POINT ( 'NONE',  ( -1.662264471561367918, -17.02418585504636184, 54.28795307882123922 ) ) ;
#5918 = CARTESIAN_POINT ( 'NONE',  ( -22.44283512556960147, -80.31293262131909216, 55.08359173788143437 ) ) ;
#5919 = CARTESIAN_POINT ( 'NONE',  ( 25.91271212235930221, 21.81577407306851768, 55.61735998498451750 ) ) ;
#5920 = ORIENTED_EDGE ( 'NONE', *, *, #3147, .F. ) ;
#5921 = CARTESIAN_POINT ( 'NONE',  ( 27.59239023421428527, -9.075597018006375194, 52.37639250407950442 ) ) ;
#5922 = CARTESIAN_POINT ( 'NONE',  ( -57.38840772763184361, -46.79272761572007511, 52.15137969820834485 ) ) ;
#5923 = VECTOR ( 'NONE', #5425, 1000.000000000000000 ) ;
#5924 = DIRECTION ( 'NONE',  ( 0.000000000000000000, 1.000000000000000000, 0.000000000000000000 ) ) ;
#5925 = CARTESIAN_POINT ( 'NONE',  ( -50.84501153199403944, -28.24114397684368072, 51.30730408389851505 ) ) ;
#5926 = CARTESIAN_POINT ( 'NONE',  ( -41.52963979856786381, 1.304850316587354619, 58.73802704011210096 ) ) ;
#5927 = CARTESIAN_POINT ( 'NONE',  ( -15.48969629944396331, 73.83017297704520843, 52.37402915538995529 ) ) ;
#5928 = PLANE ( 'NONE',  #1800 ) ;
#5929 = FACE_OUTER_BOUND ( 'NONE', #3130, .T. ) ;
#5930 = CARTESIAN_POINT ( 'NONE',  ( -6.811083293171530606, -61.21968064461847092, 55.85675873071930653 ) ) ;
#5931 = CARTESIAN_POINT ( 'NONE',  ( 7.564406416504738218, -15.78137907820295283, 56.88822207353589278 ) ) ;
#5932 = LINE ( 'NONE', #4978, #627 ) ;
#5933 = CARTESIAN_POINT ( 'NONE',  ( 44.49290115120612654, -6.896190685456644154, 53.15400227428712299 ) ) ;
#5934 = EDGE_CURVE ( 'NONE', #3972, #5633, #894, .T. ) ;
#5935 = CARTESIAN_POINT ( 'NONE',  ( -7.209148514721488432, 15.94749304815723434, 53.43970602761530841 ) ) ;
#5936 = VERTEX_POINT ( 'NONE', #4163 ) ;
#5937 = CARTESIAN_POINT ( 'NONE',  ( 21.79491090510755669, 35.53995800071702149, 57.14906752735086570 ) ) ;
#5938 = CARTESIAN_POINT ( 'NONE',  ( 12.59167625459235040, -1.952527568566468030, 64.50000000000000000 ) ) ;
#5939 = CARTESIAN_POINT ( 'NONE',  ( -0.1911025028733034370, 19.93414898059350193, 51.45215165198781904 ) ) ;
#5940 = CARTESIAN_POINT ( 'NONE',  ( -34.45175594441599287, 0.2160143614462293193, 57.24455657426958766 ) ) ;
#5941 = EDGE_CURVE ( 'NONE', #1431, #4259, #5681, .T. ) ;
#5942 = CARTESIAN_POINT ( 'NONE',  ( -20.66010583368730025, 23.12326533207696144, 53.25560057029400696 ) ) ;
#5943 = CARTESIAN_POINT ( 'NONE',  ( 23.88921370449225279, -8.948369914956971982, 50.55834145294843296 ) ) ;
#5944 = CARTESIAN_POINT ( 'NONE',  ( 8.889906364889043289, -3.160810373101166970, 65.00000000000000000 ) ) ;
#5945 = ORIENTED_EDGE ( 'NONE', *, *, #6201, .F. ) ;
#5946 = AXIS2_PLACEMENT_3D ( 'NONE', #3885, #21, #985 ) ;
#5947 = CARTESIAN_POINT ( 'NONE',  ( 12.61774837517924297, -31.43548473545042299, 58.21470977547767234 ) ) ;
#5948 = CARTESIAN_POINT ( 'NONE',  ( -19.12879519575509590, 12.26410620158135245, 56.17932499098485266 ) ) ;
#5949 = CARTESIAN_POINT ( 'NONE',  ( -15.00100715050591305, -36.48544320936648688, 52.91436343740357984 ) ) ;
#5950 = CARTESIAN_POINT ( 'NONE',  ( 15.20898911562708555, -75.38638597049606460, 57.33544989290985683 ) ) ;
#5951 = CARTESIAN_POINT ( 'NONE',  ( 14.21645794134930796, 13.97313884569048881, 55.96834191173127238 ) ) ;
#5952 = ORIENTED_EDGE ( 'NONE', *, *, #1967, .F. ) ;
#5953 = CARTESIAN_POINT ( 'NONE',  ( 14.71528548414068993, -4.011933812756470097, 65.00000000000002842 ) ) ;
#5954 = CARTESIAN_POINT ( 'NONE',  ( -24.15074658777643535, -79.83900851957706379, 53.37949499349873150 ) ) ;
#5955 = CARTESIAN_POINT ( 'NONE',  ( -44.32339938562589055, -28.65938556022651085, 51.62714242529040121 ) ) ;
#5956 = CARTESIAN_POINT ( 'NONE',  ( -60.08012926137405429, 7.527732498041108222, 58.29082045838595860 ) ) ;
#5957 = CARTESIAN_POINT ( 'NONE',  ( -0.1337773705033916960, -17.50080664595132873, 56.37600237402958214 ) ) ;
#5958 = CARTESIAN_POINT ( 'NONE',  ( 16.95533573162775909, -4.340227393689892743, 52.71598855480521451 ) ) ;
#5959 = CARTESIAN_POINT ( 'NONE',  ( -4.238813663492524419, -22.32376483453018068, 55.50445520205279593 ) ) ;
#5960 = LINE ( 'NONE', #1083, #4404 ) ;
#5961 = LINE ( 'NONE', #3021, #5923 ) ;
#5962 = CARTESIAN_POINT ( 'NONE',  ( 48.41983195450514188, -14.69099294472015949, 52.47929845186275344 ) ) ;
#5963 = CARTESIAN_POINT ( 'NONE',  ( -4.896952964269870812, 16.80272678994989377, 52.76651666753970460 ) ) ;
#5964 = CARTESIAN_POINT ( 'NONE',  ( -72.77518808242643900, 27.93566596252452783, 57.13453335701841951 ) ) ;
#5965 = CARTESIAN_POINT ( 'NONE',  ( 79.03837312202416854, 26.14173834601428581, 53.80701926459656192 ) ) ;
#5966 = ADVANCED_FACE ( 'NONE', ( #3300 ), #6273, .F. ) ;
#5967 = CARTESIAN_POINT ( 'NONE',  ( -2.982148288681932158, 19.71074229495593855, 52.12414267681838709 ) ) ;
#5968 = CARTESIAN_POINT ( 'NONE',  ( -57.87633947413844737, 6.259720296386921845, 56.76376662434831388 ) ) ;
#5969 = CARTESIAN_POINT ( 'NONE',  ( -15.77552251944693751, 7.578178892798809407, 56.77436521518268364 ) ) ;
#5970 = APPLICATION_CONTEXT ( 'automotive_design' ) ;
#5971 = CARTESIAN_POINT ( 'NONE',  ( -23.77289991537815439, 20.02914289604219533, 53.93026844134385556 ) ) ;
#5972 = CARTESIAN_POINT ( 'NONE',  ( 24.83035813657829749, -13.57298089643308181, 49.88311839913016854 ) ) ;
#5973 = FACE_OUTER_BOUND ( 'NONE', #2361, .T. ) ;
#5974 = ORIENTED_EDGE ( 'NONE', *, *, #1406, .F. ) ;
#5975 = CARTESIAN_POINT ( 'NONE',  ( 10.34335611217572470, -32.16640012693411421, 57.87722629356713355 ) ) ;
#5976 = CARTESIAN_POINT ( 'NONE',  ( -46.02856290521162208, 20.71266147594111473, 56.86798007615252004 ) ) ;
#5977 = CARTESIAN_POINT ( 'NONE',  ( -14.12990644020994502, -42.63192142735548629, 53.25075311360233599 ) ) ;
#5978 = CARTESIAN_POINT ( 'NONE',  ( -6.058591734702492460, -81.85782817405359424, 56.03191443010453554 ) ) ;
#5979 = AXIS2_PLACEMENT_3D ( 'NONE', #2852, #6240, #815 ) ;
#5980 = CARTESIAN_POINT ( 'NONE',  ( 16.84426308171700271, 10.66383759441333012, 54.95398453882496881 ) ) ;
#5981 = ORIENTED_EDGE ( 'NONE', *, *, #901, .F. ) ;
#5982 = EDGE_CURVE ( 'NONE', #3881, #4452, #2819, .T. ) ;
#5983 = CARTESIAN_POINT ( 'NONE',  ( -6.889438486470480072, -81.93768837841008690, 54.38131881546944868 ) ) ;
#5984 = CARTESIAN_POINT ( 'NONE',  ( -7.191752027339043174, -15.95609168745776962, 54.39080318277034110 ) ) ;
#5985 = CARTESIAN_POINT ( 'NONE',  ( -19.18264816275026163, -17.26742363686226511, 50.76934175048897657 ) ) ;
#5986 = CARTESIAN_POINT ( 'NONE',  ( -27.76127685501597853, -23.89888449213436417, 52.28332895177032924 ) ) ;
#5987 = CARTESIAN_POINT ( 'NONE',  ( -66.33113876319394819, 11.20040190844951944, 58.08685245267328412 ) ) ;
#5988 = CARTESIAN_POINT ( 'NONE',  ( -8.769281359817357568, -81.99156061743758528, 54.27321375413737314 ) ) ;
#5989 = CARTESIAN_POINT ( 'NONE',  ( 11.53542220003835084, -4.580455994721620350, 64.49999999999998579 ) ) ;
#5990 = CARTESIAN_POINT ( 'NONE',  ( -14.62157839034964901, -20.90484207982614961, 53.48260203689684289 ) ) ;
#5991 = CARTESIAN_POINT ( 'NONE',  ( 11.67449774821100306, -6.941245600636925417, 65.00000000000001421 ) ) ;
#5992 = CARTESIAN_POINT ( 'NONE',  ( 69.00700811872472684, -26.50877449420007892, 52.13373510872084182 ) ) ;
#5993 = CARTESIAN_POINT ( 'NONE',  ( 30.70857709458789842, -4.824697915281566551, 53.14905688448522625 ) ) ;
#5994 = CARTESIAN_POINT ( 'NONE',  ( 23.74920408603053801, -58.09311006902235164, 56.63175401432328471 ) ) ;
#5995 = CARTESIAN_POINT ( 'NONE',  ( -6.123199120924093464, 29.30086884707658612, 52.37663099046378079 ) ) ;
#5996 = CARTESIAN_POINT ( 'NONE',  ( 36.71327662849270723, 48.36596478299517798, 58.28584840278439572 ) ) ;
#5997 = B_SPLINE_SURFACE_WITH_KNOTS ( 'NONE', 3, 1, ( 
 ( #928, #4276 ),
 ( #6222, #1849 ),
 ( #2355, #447 ),
 ( #3792, #2389 ),
 ( #895, #2452 ),
 ( #2833, #4793 ),
 ( #4311, #4345 ),
 ( #6287, #1441 ),
 ( #1916, #3984 ),
 ( #1022, #4560 ),
 ( #6020, #2482 ),
 ( #2960, #4915 ),
 ( #1620, #2605 ),
 ( #543, #2513 ),
 ( #3048, #4527 ),
 ( #5513, #3954 ),
 ( #634, #91 ),
 ( #5007, #4470 ),
 ( #2009, #664 ),
 ( #4977, #5991 ),
 ( #2575, #5454 ),
 ( #2096, #3077 ),
 ( #1052, #4044 ) ),
 .UNSPECIFIED., .F., .F., .F.,
 ( 4, 1, 1, 1, 1, 1, 1, 1, 1, 1, 1, 1, 1, 1, 1, 1, 1, 1, 1, 1, 4 ),
 ( 2, 2 ),
 ( 0.000000000000000000, 0.05854041680844335183, 0.1125675123403486050, 0.1617798781047807000, 0.2064871555823913074, 0.2464570299480985938, 0.2819997074061418862, 0.3132129382361463210, 0.3398064735188106589, 0.3894126122316829419, 0.4404734799435059966, 0.4939547398756060637, 0.5499778768088320335, 0.6064880836267155795, 0.6613185000989839635, 0.7146910989596496622, 0.7679184713297975140, 0.8219387900584592677, 0.8781073740704571362, 0.9372026550360452735, 1.000000000000000000 ),
 ( 0.000000000000000000, 1.000000000000000000 ),
 .UNSPECIFIED. ) ;
#5998 = CARTESIAN_POINT ( 'NONE',  ( -7.962813624289341696, 49.96930564914792683, 52.14155393825112839 ) ) ;
#5999 = CARTESIAN_POINT ( 'NONE',  ( 45.82012587572975093, -22.27495001615019987, 51.72548094054710788 ) ) ;
#6000 = CARTESIAN_POINT ( 'NONE',  ( -2.366704372715156435, -17.45813986463324596, 54.11321900989539557 ) ) ;
#6001 = CARTESIAN_POINT ( 'NONE',  ( -7.409164771093481150, 18.50658278668224455, 51.57854543817946791 ) ) ;
#6002 = ADVANCED_FACE ( 'NONE', ( #464 ), #4229, .F. ) ;
#6003 = CARTESIAN_POINT ( 'NONE',  ( 18.69144104897380743, -6.930641830991520536, 50.56491652341140508 ) ) ;
#6004 = CARTESIAN_POINT ( 'NONE',  ( 13.56965427644429845, -5.987592453357337696, 64.50000000000000000 ) ) ;
#6005 = ORIENTED_EDGE ( 'NONE', *, *, #5440, .T. ) ;
#6006 = CARTESIAN_POINT ( 'NONE',  ( 10.78677784060607614, -43.71255397798583431, 57.54303139268696299 ) ) ;
#6007 = CARTESIAN_POINT ( 'NONE',  ( -24.87984872736686981, 13.48379110816572002, 56.52281134286171493 ) ) ;
#6008 = CARTESIAN_POINT ( 'NONE',  ( -7.910418507969046331, -24.18623773059271898, 53.26019006436899872 ) ) ;
#6009 = CARTESIAN_POINT ( 'NONE',  ( -39.36633053869631027, 2.576347789684930945, 56.96463158651220482 ) ) ;
#6010 = CARTESIAN_POINT ( 'NONE',  ( 16.23683266507272904, 15.89424769716317876, 55.96451943074725222 ) ) ;
#6011 = ORIENTED_EDGE ( 'NONE', *, *, #6161, .T. ) ;
#6012 = CARTESIAN_POINT ( 'NONE',  ( -11.28477551907417364, -81.96881479555533190, 54.12874008612671872 ) ) ;
#6013 = CARTESIAN_POINT ( 'NONE',  ( -41.01822196977069979, -28.55159297997875001, 50.18217224125123010 ) ) ;
#6014 = CARTESIAN_POINT ( 'NONE',  ( 15.60317783590718754, 7.930916809645605525, 56.15779771374720042 ) ) ;
#6015 = CARTESIAN_POINT ( 'NONE',  ( -67.13569180029600147, 11.74304668609192426, 58.05863991508201138 ) ) ;
#6016 = ADVANCED_FACE ( 'NONE', ( #4362 ), #1801, .F. ) ;
#6017 = CARTESIAN_POINT ( 'NONE',  ( 8.886563952471858485, -78.46599958645592210, 55.32026332454689310 ) ) ;
#6018 = DIRECTION ( 'NONE',  ( 0.000000000000000000, -1.000000000000000000, 0.000000000000000000 ) ) ;
#6019 = CARTESIAN_POINT ( 'NONE',  ( -11.48137062999736102, -16.29761215646954753, 53.47593004116806981 ) ) ;
#6020 = CARTESIAN_POINT ( 'NONE',  ( 14.54109577521713703, -4.602427585147214728, 64.50000000000001421 ) ) ;
#6021 = CARTESIAN_POINT ( 'NONE',  ( 23.39016338337643930, 37.35954353695674257, 57.10475120395854987 ) ) ;
#6022 = CARTESIAN_POINT ( 'NONE',  ( 65.94078227877716358, -30.66183972164223448, 51.80690832098274967 ) ) ;
#6023 = AXIS2_PLACEMENT_3D ( 'NONE', #2212, #4648, #3683 ) ;
#6024 = CARTESIAN_POINT ( 'NONE',  ( -5.878537457553479229, 16.48452720374320180, 53.04806762983393043 ) ) ;
#6025 = CARTESIAN_POINT ( 'NONE',  ( 23.31950202146798290, -65.38571529665452431, 58.01889837652213799 ) ) ;
#6026 = CARTESIAN_POINT ( 'NONE',  ( -4.218866965243404543, 23.03325564009792004, 52.26448095128139926 ) ) ;
#6027 = CARTESIAN_POINT ( 'NONE',  ( 24.31132125268663202, 38.06487453819264033, 58.67289213724759378 ) ) ;
#6028 = CARTESIAN_POINT ( 'NONE',  ( -18.21282867888057666, 58.84301120688314057, 52.81880196318592624 ) ) ;
#6029 = CARTESIAN_POINT ( 'NONE',  ( -57.86202969974885235, 6.389453539184929198, 58.35844200769091827 ) ) ;
#6030 = CARTESIAN_POINT ( 'NONE',  ( 3.741083323191567889, -17.21604579135009416, 55.77822782026888149 ) ) ;
#6031 = CARTESIAN_POINT ( 'NONE',  ( -8.403563303157142172, 21.11108768565335936, 51.57480792967197658 ) ) ;
#6032 = CARTESIAN_POINT ( 'NONE',  ( 16.82409712928414081, -10.68903005198968437, 49.55845094142464546 ) ) ;
#6033 = CARTESIAN_POINT ( 'NONE',  ( 73.18178611452445637, -21.51808637092221232, 52.52077884928650775 ) ) ;
#6034 = EDGE_LOOP ( 'NONE', ( #5408, #2874, #1263, #2087 ) ) ;
#6035 = CARTESIAN_POINT ( 'NONE',  ( 31.51879600684844007, -77.91979711742676784, 58.22049538843324257 ) ) ;
#6036 = CARTESIAN_POINT ( 'NONE',  ( -21.28251181281079596, 7.959992308973148134, 57.19291540587715161 ) ) ;
#6037 = CARTESIAN_POINT ( 'NONE',  ( -10.70035457373565713, -26.19684559395956214, 52.91990793204146826 ) ) ;
#6038 = CARTESIAN_POINT ( 'NONE',  ( -19.20932218164982430, 5.325244306196442068, 55.96834191173127238 ) ) ;
#6039 = CARTESIAN_POINT ( 'NONE',  ( 20.68775146309949520, 9.261120348496488575, 54.27516978722993457 ) ) ;
#6040 = CARTESIAN_POINT ( 'NONE',  ( -8.306325759227698668, 72.11836048546012989, 50.32955689647991449 ) ) ;
#6041 = ORIENTED_EDGE ( 'NONE', *, *, #5113, .T. ) ;
#6042 = CARTESIAN_POINT ( 'NONE',  ( -57.67922488699264960, -45.67767413703709423, 50.48009807287471773 ) ) ;
#6043 = ADVANCED_FACE ( 'NONE', ( #5188 ), #2375, .T. ) ;
#6044 = CARTESIAN_POINT ( 'NONE',  ( -11.19372560209717271, -13.45358193035826133, 53.09906887572446976 ) ) ;
#6045 = VECTOR ( 'NONE', #332, 1000.000000000000000 ) ;
#6046 = CARTESIAN_POINT ( 'NONE',  ( 10.64118348054807051, 13.90380166853435462, 58.29350043847663443 ) ) ;
#6047 = CARTESIAN_POINT ( 'NONE',  ( -32.23771264555269767, 0.3845244449633279937, 58.83444628372927809 ) ) ;
#6048 = CARTESIAN_POINT ( 'NONE',  ( -59.61615083078938682, -30.88761614856658611, 49.56701239121129277 ) ) ;
#6049 = CARTESIAN_POINT ( 'NONE',  ( 10.08374658957921177, -6.980211077293699162, 65.00000000000001421 ) ) ;
#6050 = CARTESIAN_POINT ( 'NONE',  ( -38.65787736801967611, -48.15342481867612889, 53.15649288894948654 ) ) ;
#6051 = CARTESIAN_POINT ( 'NONE',  ( 10.75088433710108227, -26.17603968705107675, 56.63343093668523665 ) ) ;
#6052 = CARTESIAN_POINT ( 'NONE',  ( 82.49392334453453657, 8.696709577856600148, 54.38617182201852529 ) ) ;
#6053 = CARTESIAN_POINT ( 'NONE',  ( 28.35414801709363530, -18.52761090730671967, 51.12960302534666823 ) ) ;
#6054 = CARTESIAN_POINT ( 'NONE',  ( 21.75903632410314970, -43.59599145293690725, 58.59715602069087481 ) ) ;
#6055 = CARTESIAN_POINT ( 'NONE',  ( -4.718920684677153865, 16.85386517012864260, 52.71598855480522161 ) ) ;
#6056 = DIRECTION ( 'NONE',  ( 0.000000000000000000, -1.000000000000000000, 0.000000000000000000 ) ) ;
#6057 = CARTESIAN_POINT ( 'NONE',  ( -2.897477968445617336, 20.18697079411155215, 52.08551553382709898 ) ) ;
#6058 = CARTESIAN_POINT ( 'NONE',  ( 20.47172492315748116, 33.54042410370438176, 58.77214941602780840 ) ) ;
#6059 = CARTESIAN_POINT ( 'NONE',  ( 7.204424187347650665, -15.94858500680227564, 58.43841015998026478 ) ) ;
#6060 = VECTOR ( 'NONE', #2417, 1000.000000000000000 ) ;
#6061 = CARTESIAN_POINT ( 'NONE',  ( -17.45175873560015134, 1.315454043901712833, 56.89487708261462728 ) ) ;
#6062 = CARTESIAN_POINT ( 'NONE',  ( 22.64527811084704823, 11.74588729105891893, 56.18226737949506600 ) ) ;
#6063 = CARTESIAN_POINT ( 'NONE',  ( -8.495331810708339759, 26.91794038660599142, 51.23107839965513222 ) ) ;
#6064 = CARTESIAN_POINT ( 'NONE',  ( 34.57044955357283555, -19.00246548507365674, 49.87745401737620199 ) ) ;
#6065 = CARTESIAN_POINT ( 'NONE',  ( 62.75436275661047603, -32.23025242171637927, 51.62206709395969995 ) ) ;
#6066 = ORIENTED_EDGE ( 'NONE', *, *, #6177, .T. ) ;
#6067 = DIRECTION ( 'NONE',  ( -0.000000000000000000, 0.000000000000000000, 1.000000000000000000 ) ) ;
#6068 = CARTESIAN_POINT ( 'NONE',  ( -2.937023516311564997, -25.27672277860627403, 55.84482813538076584 ) ) ;
#6069 = CARTESIAN_POINT ( 'NONE',  ( -34.72668231212427514, 18.71686193942073473, 56.52836702536915681 ) ) ;
#6070 = CARTESIAN_POINT ( 'NONE',  ( -19.94702676001639929, -33.92068936476231045, 52.23927705081445083 ) ) ;
#6071 = CARTESIAN_POINT ( 'NONE',  ( -43.94983786800855086, 9.246059148002379047, 56.28921216501142055 ) ) ;
#6072 = CARTESIAN_POINT ( 'NONE',  ( 52.44292567582164111, 32.60316066560842785, 54.93582565734759982 ) ) ;
#6073 = CARTESIAN_POINT ( 'NONE',  ( -72.39683095144586389, 31.53700965803260559, 55.32026332454689310 ) ) ;
#6074 = VERTEX_POINT ( 'NONE', #1357 ) ;
#6075 = CARTESIAN_POINT ( 'NONE',  ( 20.68187491842648384, -71.83694308895769609, 57.72157993214798921 ) ) ;
#6076 = CARTESIAN_POINT ( 'NONE',  ( -11.25824235907109738, -13.39974651594800825, 53.07614270205876039 ) ) ;
#6077 = CARTESIAN_POINT ( 'NONE',  ( -15.27986611844646347, -12.09333067124090988, 50.46035257284535192 ) ) ;
#6078 = CARTESIAN_POINT ( 'NONE',  ( -32.96764848782657253, 0.4068762968329280860, 58.83207272016498735 ) ) ;
#6079 = EDGE_CURVE ( 'NONE', #3749, #5914, #1392, .T. ) ;
#6080 = CARTESIAN_POINT ( 'NONE',  ( -35.54398573445114806, -74.79405317373957018, 52.66413812702142394 ) ) ;
#6081 = CARTESIAN_POINT ( 'NONE',  ( 12.59167625459235040, -1.952527568566468030, 65.00000000000000000 ) ) ;
#6082 = CARTESIAN_POINT ( 'NONE',  ( -11.76920470343480041, -12.41128901290518449, 52.79063215623295235 ) ) ;
#6083 = CARTESIAN_POINT ( 'NONE',  ( 78.63628927178852734, -11.65738329384774197, 53.18234795751953925 ) ) ;
#6084 = CARTESIAN_POINT ( 'NONE',  ( 26.91089921729493994, -20.39600545660369235, 50.79753380747077784 ) ) ;
#6085 = CARTESIAN_POINT ( 'NONE',  ( 18.89884073678336307, -34.71555198010149468, 58.76889286636343002 ) ) ;
#6086 = PRESENTATION_STYLE_ASSIGNMENT (( #5548 ) ) ;
#6087 = CARTESIAN_POINT ( 'NONE',  ( 22.60681020374957129, -70.21388429319443958, 57.87242576151191997 ) ) ;
#6088 = CARTESIAN_POINT ( 'NONE',  ( -2.276724031802785042, 19.04362268698331206, 51.97617447014182801 ) ) ;
#6089 = CARTESIAN_POINT ( 'NONE',  ( 17.86187476463450352, 29.92997921840618858, 58.82103609898960173 ) ) ;
#6090 = CARTESIAN_POINT ( 'NONE',  ( -22.25710311837225674, 0.5605542555166699303, 57.14736516736685701 ) ) ;
#6091 = LINE ( 'NONE', #3730, #5214 ) ;
#6092 = CARTESIAN_POINT ( 'NONE',  ( 49.95753562642851620, 36.03468278426746707, 56.86952229311536655 ) ) ;
#6093 = B_SPLINE_CURVE_WITH_KNOTS ( 'NONE', 3,
 ( #5566, #3647, #5599, #1197 ),
 .UNSPECIFIED., .F., .F.,
 ( 4, 4 ),
 ( 0.000000000000000000, 1.000000000000000000 ),
 .UNSPECIFIED. ) ;
#6094 = CARTESIAN_POINT ( 'NONE',  ( -7.539854225308050495, 15.40202094901571783, 51.92582988073615269 ) ) ;
#6095 = CARTESIAN_POINT ( 'NONE',  ( -8.229244029257484883, 72.13855226196595538, 51.92782526929514120 ) ) ;
#6096 = CARTESIAN_POINT ( 'NONE',  ( -5.016295468750255004, 24.21681202247179598, 50.74516895061358923 ) ) ;
#6097 = ORIENTED_EDGE ( 'NONE', *, *, #562, .T. ) ;
#6098 = CARTESIAN_POINT ( 'NONE',  ( 14.87084688585244585, -1.721867221625457578, 65.00000000000000000 ) ) ;
#6099 = CARTESIAN_POINT ( 'NONE',  ( -2.062442748414730076, -50.55794380516465480, 56.19261487797309940 ) ) ;
#6100 = CARTESIAN_POINT ( 'NONE',  ( -44.07772826010385359, 43.24773432644888516, 55.18183336571267006 ) ) ;
#6101 = CARTESIAN_POINT ( 'NONE',  ( -31.30035377134099406, -53.05226982239949507, 52.23584222385012055 ) ) ;
#6102 = CARTESIAN_POINT ( 'NONE',  ( -30.80403001471263380, 4.173905528366886664, 56.63173681693250927 ) ) ;
#6103 = CARTESIAN_POINT ( 'NONE',  ( 22.17350520607724107, 4.700716605069167109, 53.26311931383351350 ) ) ;
#6104 = CARTESIAN_POINT ( 'NONE',  ( -71.72144154383778414, 35.24675453280824655, 55.10066791549372311 ) ) ;
#6105 = ORIENTED_EDGE ( 'NONE', *, *, #5149, .T. ) ;
#6106 = CARTESIAN_POINT ( 'NONE',  ( 9.466010162775553738, -78.23162511040503375, 55.35674122148739684 ) ) ;
#6107 = CARTESIAN_POINT ( 'NONE',  ( -8.762581978957243223, -15.14979771016878551, 53.90891014787454338 ) ) ;
#6108 = LINE ( 'NONE', #2692, #2510 ) ;
#6109 = CARTESIAN_POINT ( 'NONE',  ( -21.74595153507073064, 0.9744172682297693733, 58.68837779677703992 ) ) ;
#6110 = DIRECTION ( 'NONE',  ( 1.000000000000000000, -0.000000000000000000, 0.000000000000000000 ) ) ;
#6111 = CARTESIAN_POINT ( 'NONE',  ( 12.58385552751325953, -2.534494138790040818, 65.00000000000000000 ) ) ;
#6112 = CARTESIAN_POINT ( 'NONE',  ( -21.26861130824446633, -26.36339693427389008, 53.15036006958452219 ) ) ;
#6113 = CARTESIAN_POINT ( 'NONE',  ( -12.66785004676785675, -12.07739595481294081, 52.54861500484248893 ) ) ;
#6114 = CARTESIAN_POINT ( 'NONE',  ( 82.49052669792139625, 8.850416715858493433, 54.39498892624950344 ) ) ;
#6115 = ADVANCED_FACE ( 'NONE', ( #4813 ), #5664, .T. ) ;
#6116 = CARTESIAN_POINT ( 'NONE',  ( 73.53717480071424006, -40.70895996550493834, 51.47007109552025383 ) ) ;
#6117 = CARTESIAN_POINT ( 'NONE',  ( 21.54207414687425626, -42.73968186959022120, 58.61615658905543569 ) ) ;
#6118 = CARTESIAN_POINT ( 'NONE',  ( 10.20966767663249719, 14.21350686928331264, 58.43841015998027189 ) ) ;
#6119 = CARTESIAN_POINT ( 'NONE',  ( -4.122999505541904419, 22.80113179222638564, 52.25407284942284747 ) ) ;
#6120 = CARTESIAN_POINT ( 'NONE',  ( 16.45186426049044925, 27.72641588846997251, 58.83444628372929230 ) ) ;
#6121 = CARTESIAN_POINT ( 'NONE',  ( 22.70515002110359504, -70.18212229533119739, 56.27576660695997646 ) ) ;
#6122 = STYLED_ITEM ( 'NONE', ( #3261 ), #2574 ) ;
#6123 = CARTESIAN_POINT ( 'NONE',  ( -8.306325759227698668, 72.11836048546012989, 50.32955689647991449 ) ) ;
#6124 = EDGE_CURVE ( 'NONE', #3092, #943, #327, .T. ) ;
#6125 = CARTESIAN_POINT ( 'NONE',  ( 29.31377812896745283, 10.34503373332861464, 55.51198738743079986 ) ) ;
#6126 = CARTESIAN_POINT ( 'NONE',  ( -35.74912951074046674, 63.32710285866016875, 52.23542236575659814 ) ) ;
#6127 = CARTESIAN_POINT ( 'NONE',  ( 1.019817283783245987, 68.23633998663832756, 51.31440136572191335 ) ) ;
#6128 = CARTESIAN_POINT ( 'NONE',  ( 5.433300338733303647, 62.86194716055251774, 49.36997746265574705 ) ) ;
#6129 = ORIENTED_EDGE ( 'NONE', *, *, #166, .F. ) ;
#6130 = CARTESIAN_POINT ( 'NONE',  ( 19.67162756029611614, 34.07821885881742929, 58.88895474029599342 ) ) ;
#6131 = CARTESIAN_POINT ( 'NONE',  ( 12.48514833800241419, -71.82539174440799457, 57.20747821089145191 ) ) ;
#6132 = CARTESIAN_POINT ( 'NONE',  ( -40.81669276373057897, 46.13300120062177712, 54.84437718514186599 ) ) ;
#6133 = CARTESIAN_POINT ( 'NONE',  ( -52.52086117641572827, -65.62426473322300069, 51.55998777665484312 ) ) ;
#6134 = EDGE_CURVE ( 'NONE', #3714, #5083, #3702, .T. ) ;
#6135 = B_SPLINE_CURVE_WITH_KNOTS ( 'NONE', 3,
 ( #1234, #6142, #5291, #399, #16, #3264, #2340, #5256, #3879, #5830, #3399, #848, #2309, #4264, #5764, #2786, #1903, #5324, #2919, #979, #5222, #947, #6210, #1461, #4876, #882, #1965, #4749, #3333, #4395, #1835, #367, #1428, #1933, #499, #3779, #5729, #2820, #2887, #3365, #4844, #5356, #1358, #6241, #465, #4297, #1870, #2408, #4781, #6306, #3301, #2440, #1393, #915, #3912, #3812, #2853, #2376, #4814, #4331, #433, #6274, #3847, #5798, #4363, #1326, #3427, #106, #5385, #5861, #4994, #1578, #5918, #1548, #1008, #560, #75, #5889, #3007, #3066, #4457, #2469, #5978, #2529, #530, #1069, #1607, #4548, #622, #2056, #5503, #3038, #1130, #1520, #5025, #4032, #3487, #4002, #2947, #2026, #4903, #653, #5441, #4963, #4516, #4427, #592, #4486, #1039, #5950, #3518, #2562, #3547, #167, #45, #2977, #5473, #1102 ),
 .UNSPECIFIED., .F., .F.,
 ( 4, 2, 2, 1, 1, 1, 1, 2, 2, 2, 2, 1, 1, 1, 1, 2, 2, 2, 2, 1, 1, 2, 2, 2, 2, 1, 1, 2, 2, 2, 2, 2, 1, 1, 2, 2, 2, 2, 2, 1, 2, 2, 2, 2, 2, 2, 2, 2, 2, 1, 2, 2, 2, 2, 2, 2, 2, 2, 1, 1, 2, 2, 2, 2, 1, 1, 2, 2, 4 ),
 ( 0.000000000000000000, 0.03124999999999917427, 0.04687499999999876488, 0.05468749999999859834, 0.05859374999999860528, 0.06054687499999851508, 0.06152343749999847344, 0.06201171874999845957, 0.06249999999999844569, 0.09374999999999596156, 0.1093749999999946154, 0.1171874999999938521, 0.1210937499999934774, 0.1230468749999933803, 0.1240234374999933525, 0.1245117187499934358, 0.1249999999999935191, 0.1562499999999920897, 0.1718749999999914513, 0.1796874999999911737, 0.1835937499999910072, 0.1855468749999910349, 0.1874999999999910905, 0.2187499999999895917, 0.2343749999999888423, 0.2421874999999883427, 0.2460937499999881484, 0.2480468749999880651, 0.2499999999999879818, 0.3124999999999841793, 0.3437499999999823475, 0.3593749999999814593, 0.3671874999999810707, 0.3710937499999810707, 0.3730468749999809597, 0.3749999999999809042, 0.4374999999999829581, 0.4687499999999839573, 0.4843749999999844569, 0.4921874999999845679, 0.4960937499999846234, 0.4999999999999846789, 0.5624999999999851230, 0.5937499999999854561, 0.6093749999999855671, 0.6249999999999856781, 0.6874999999999863443, 0.7187499999999867883, 0.7343749999999868994, 0.7421874999999870104, 0.7460937499999870104, 0.7499999999999870104, 0.7812499999999871214, 0.7968749999999871214, 0.8046874999999871214, 0.8124999999999872324, 0.8437499999999875655, 0.8593749999999876765, 0.8671874999999878986, 0.8710937499999878986, 0.8730468749999878986, 0.8749999999999880096, 0.9062499999999914513, 0.9218749999999932276, 0.9296874999999940048, 0.9335937499999943379, 0.9355468749999945599, 0.9374999999999948930, 1.000000000000000000 ),
 .UNSPECIFIED. ) ;
#6136 = CARTESIAN_POINT ( 'NONE',  ( -19.48896328293680114, 3.947909201504034460, 56.30575105492700061 ) ) ;
#6137 = CARTESIAN_POINT ( 'NONE',  ( 30.35538811287025851, 6.330543830810086092, 53.25560057029400696 ) ) ;
#6138 = CARTESIAN_POINT ( 'NONE',  ( -40.15207765232516124, 71.24325509211428198, 52.23261378884362927 ) ) ;
#6139 = VERTEX_POINT ( 'NONE', #4508 ) ;
#6140 = SURFACE_STYLE_FILL_AREA ( #2274 ) ;
#6141 = CARTESIAN_POINT ( 'NONE',  ( 13.71519297732084830, 10.87575138149402143, 57.11374243660546313 ) ) ;
#6142 = CARTESIAN_POINT ( 'NONE',  ( -59.40271569134936414, -27.11278807704969651, 50.93206490664800157 ) ) ;
#6143 = DIRECTION ( 'NONE',  ( 0.000000000000000000, -1.000000000000000000, 0.000000000000000000 ) ) ;
#6144 = DIRECTION ( 'NONE',  ( 1.000000000000000000, 0.000000000000000000, 0.000000000000000000 ) ) ;
#6145 = CARTESIAN_POINT ( 'NONE',  ( -72.02358089212829384, -43.33058151720259588, 51.47007109552025383 ) ) ;
#6146 = CARTESIAN_POINT ( 'NONE',  ( 8.847167809843915265, -2.506408757638451945, 64.50000000000000000 ) ) ;
#6147 = CARTESIAN_POINT ( 'NONE',  ( 73.14933155071516069, -21.46314688586121378, 52.52215371978702763 ) ) ;
#6148 = CARTESIAN_POINT ( 'NONE',  ( 16.62494447597563152, -10.99578893122617629, 51.11777439664640355 ) ) ;
#6149 = CARTESIAN_POINT ( 'NONE',  ( 23.57407547413475513, -57.19236836824524062, 58.25258113171464913 ) ) ;
#6150 =( NAMED_UNIT ( * ) PLANE_ANGLE_UNIT ( ) SI_UNIT ( $, .RADIAN. ) );
#6151 = DIRECTION ( 'NONE',  ( -0.000000000000000000, -0.000000000000000000, 1.000000000000000000 ) ) ;
#6152 = CARTESIAN_POINT ( 'NONE',  ( -2.914155428948749016, 52.22986749517246352, 51.65274655960524086 ) ) ;
#6153 = CARTESIAN_POINT ( 'NONE',  ( 17.24216169453688607, 3.073875131038590336, 54.75501256064084288 ) ) ;
#6154 = DIRECTION ( 'NONE',  ( 0.000000000000000000, 1.000000000000000000, 0.000000000000000000 ) ) ;
#6155 = DIRECTION ( 'NONE',  ( 0.000000000000000000, -1.000000000000000000, 0.000000000000000000 ) ) ;
#6156 = CARTESIAN_POINT ( 'NONE',  ( 66.60504297723599620, 29.19042654406120363, 55.85718586193061697 ) ) ;
#6157 = CARTESIAN_POINT ( 'NONE',  ( -17.45081395375987299, 1.315357261833429936, 56.89488299997911014 ) ) ;
#6158 = CARTESIAN_POINT ( 'NONE',  ( -4.195091183432759330, 25.16285090200416974, 50.55834145294843296 ) ) ;
#6159 = CARTESIAN_POINT ( 'NONE',  ( -12.97250441574644064, 73.32539470061259124, 52.22090911357602039 ) ) ;
#6160 = CARTESIAN_POINT ( 'NONE',  ( -6.215838246725921223, 28.42230500678295613, 50.80005238213874463 ) ) ;
#6161 = EDGE_CURVE ( 'NONE', #459, #2949, #1662, .T. ) ;
#6162 = ORIENTED_EDGE ( 'NONE', *, *, #2077, .T. ) ;
#6163 = CARTESIAN_POINT ( 'NONE',  ( 22.07035860027717433, 32.69932237987401180, 58.55403138707661981 ) ) ;
#6164 = CARTESIAN_POINT ( 'NONE',  ( 2.737857457566354125, -16.92753681016278478, 57.18016494153857110 ) ) ;
#6165 = VECTOR ( 'NONE', #4969, 1000.000000000000000 ) ;
#6166 = CARTESIAN_POINT ( 'NONE',  ( -22.33051978865394460, 25.35867162197882863, 54.83858653966983354 ) ) ;
#6167 = CARTESIAN_POINT ( 'NONE',  ( -20.95944343974546697, -22.85099245883902341, 51.22946814159284656 ) ) ;
#6168 = CARTESIAN_POINT ( 'NONE',  ( -26.35401556617549446, 16.48588086258554597, 54.60517547258147886 ) ) ;
#6169 = CARTESIAN_POINT ( 'NONE',  ( 18.13372397020352977, 8.160919266868461364, 54.27891201514241715 ) ) ;
#6170 = CARTESIAN_POINT ( 'NONE',  ( -37.78085244002010512, 72.04666260704185277, 52.08817253236095013 ) ) ;
#6171 = ORIENTED_EDGE ( 'NONE', *, *, #4566, .T. ) ;
#6172 = SURFACE_STYLE_USAGE ( .BOTH. , #4226 ) ;
#6173 = CARTESIAN_POINT ( 'NONE',  ( 3.162752572756010849, -16.85336734696729977, 55.63909770926910170 ) ) ;
#6174 = CARTESIAN_POINT ( 'NONE',  ( -42.11708753312552034, -28.66729562248413288, 50.13243654230478796 ) ) ;
#6175 = CARTESIAN_POINT ( 'NONE',  ( -21.28227080053829923, 1.041112495049544950, 58.66963034093670615 ) ) ;
#6176 = ORIENTED_EDGE ( 'NONE', *, *, #1504, .F. ) ;
#6177 = EDGE_CURVE ( 'NONE', #427, #3003, #5340, .T. ) ;
#6178 = ORIENTED_EDGE ( 'NONE', *, *, #343, .F. ) ;
#6179 = CARTESIAN_POINT ( 'NONE',  ( 21.80785911987607051, -7.829943584523024747, 52.25407284942284747 ) ) ;
#6180 = CARTESIAN_POINT ( 'NONE',  ( -0.2711442582281620162, 1.286074194254045899, 64.50000000000000000 ) ) ;
#6181 = CARTESIAN_POINT ( 'NONE',  ( -15.57892941053916402, -12.43798732332886736, 52.12414267681838709 ) ) ;
#6182 = CARTESIAN_POINT ( 'NONE',  ( -0.2711442582281620162, 1.286074194254045899, 64.50000000000000000 ) ) ;
#6183 = CARTESIAN_POINT ( 'NONE',  ( 73.38619762906874655, 36.45452922684874864, 56.08599163209304095 ) ) ;
#6184 = CARTESIAN_POINT ( 'NONE',  ( -20.11781048108176151, -17.83230892563405234, 52.35825464011158914 ) ) ;
#6185 = CARTESIAN_POINT ( 'NONE',  ( 22.90493199165772253, -49.47680222808841677, 58.45645007974177787 ) ) ;
#6186 = PRODUCT_DEFINITION_FORMATION_WITH_SPECIFIED_SOURCE ( '‰ª', '', #5849, .NOT_KNOWN. ) ;
#6187 = CARTESIAN_POINT ( 'NONE',  ( 17.03880404761343215, -29.94410303356883318, 57.24455657426958766 ) ) ;
#6188 = CARTESIAN_POINT ( 'NONE',  ( 4.287830100746195860, 3.728381886561737524, 64.50000000000000000 ) ) ;
#6189 = CARTESIAN_POINT ( 'NONE',  ( 12.89351499478011398, 21.06691701344855616, 58.77542308237129021 ) ) ;
#6190 = CARTESIAN_POINT ( 'NONE',  ( -70.25416894418216884, 13.84833797380473364, 56.35024646408169247 ) ) ;
#6191 = CARTESIAN_POINT ( 'NONE',  ( 26.66444540575270850, -8.510033232536882153, 50.79685596645803258 ) ) ;
#6192 = CARTESIAN_POINT ( 'NONE',  ( 16.57332395878596998, 4.403219725334848178, 55.15436188686745567 ) ) ;
#6193 = CARTESIAN_POINT ( 'NONE',  ( 1.847587592577677462, 16.98795049653453404, 49.23619671696108924 ) ) ;
#6194 = CARTESIAN_POINT ( 'NONE',  ( -68.26364720798726182, 45.32704682049510581, 56.08599163209304805 ) ) ;
#6195 = CARTESIAN_POINT ( 'NONE',  ( 81.23877288712380107, 18.91528202562560423, 54.97687959853782047 ) ) ;
#6196 = ORIENTED_EDGE ( 'NONE', *, *, #3446, .T. ) ;
#6197 = CARTESIAN_POINT ( 'NONE',  ( 33.82147490213055363, 37.46592153477724452, 57.88122119668172161 ) ) ;
#6198 = CARTESIAN_POINT ( 'NONE',  ( 2.256345459829955047, -72.86733513134092277, 56.53225827611387189 ) ) ;
#6199 = CARTESIAN_POINT ( 'NONE',  ( -17.21354062306649979, 14.83280273175826736, 55.50445520205279593 ) ) ;
#6200 = CARTESIAN_POINT ( 'NONE',  ( -12.78065657870727989, -18.78831624152566349, 51.91300107045440626 ) ) ;
#6201 = EDGE_CURVE ( 'NONE', #4512, #6242, #1375, .T. ) ;
#6202 = CARTESIAN_POINT ( 'NONE',  ( -35.94739369010655139, 16.00863064324602547, 55.27688058545163585 ) ) ;
#6203 = CARTESIAN_POINT ( 'NONE',  ( 33.80522371027763029, 2.150621249813163161, 52.57952628100684933 ) ) ;
#6204 = CARTESIAN_POINT ( 'NONE',  ( 12.31245226240434221, -3.913951016332191557, 65.00000000000001421 ) ) ;
#6205 = VECTOR ( 'NONE', #2335, 1000.000000000000114 ) ;
#6206 = VERTEX_POINT ( 'NONE', #3601 ) ;
#6207 = CARTESIAN_POINT ( 'NONE',  ( 7.123635771480139489, -79.12805217784200806, 55.21051080750252993 ) ) ;
#6208 = CARTESIAN_POINT ( 'NONE',  ( 19.89742871929418655, -40.39117942887025947, 56.96366291245125524 ) ) ;
#6209 = CARTESIAN_POINT ( 'NONE',  ( -58.18239041424806857, -26.33764546932658135, 49.31143996461796775 ) ) ;
#6210 = CARTESIAN_POINT ( 'NONE',  ( -58.86490013453352788, -40.62531111976679910, 51.76940555302295621 ) ) ;
#6211 = VERTEX_POINT ( 'NONE', #2439 ) ;
#6212 = CARTESIAN_POINT ( 'NONE',  ( 24.13735243072984460, -8.207309173663745128, 52.33200950248830452 ) ) ;
#6213 = CARTESIAN_POINT ( 'NONE',  ( 6.567317280233374355, -1.568372921130570363, 65.00000000000000000 ) ) ;
#6214 = CARTESIAN_POINT ( 'NONE',  ( -53.17029517873575628, -49.87632695011291162, 52.48172891477011603 ) ) ;
#6215 = CARTESIAN_POINT ( 'NONE',  ( -59.23874070914057199, -25.79286404183145720, 50.84782201340048147 ) ) ;
#6216 = EDGE_CURVE ( 'NONE', #4808, #3123, #4394, .T. ) ;
#6217 = CARTESIAN_POINT ( 'NONE',  ( -13.52320755951021525, 6.007869066048916018, 64.50000000000000000 ) ) ;
#6218 = CARTESIAN_POINT ( 'NONE',  ( 9.596106780518487867, -18.77132589420379105, 58.65982191857162320 ) ) ;
#6219 = CARTESIAN_POINT ( 'NONE',  ( 14.71286849030039079, -25.62390187350639792, 57.26036221288948269 ) ) ;
#6220 = CARTESIAN_POINT ( 'NONE',  ( 4.287830100746195860, -0.9934129852331345933, 64.50000000000000000 ) ) ;
#6221 = CARTESIAN_POINT ( 'NONE',  ( 11.63529107673744356, 18.14319356394272376, 58.67992075341701508 ) ) ;
#6222 = CARTESIAN_POINT ( 'NONE',  ( 14.87084688585244585, -1.721867221625457578, 64.50000000000000000 ) ) ;
#6223 = CARTESIAN_POINT ( 'NONE',  ( 45.23551582406048510, -21.24702575390081449, 50.18217224125123010 ) ) ;
#6224 = CARTESIAN_POINT ( 'NONE',  ( 19.90925398784500899, 1.017739574137521696, 54.15136399135295875 ) ) ;
#6225 = CARTESIAN_POINT ( 'NONE',  ( -11.63335416330992977, 71.96780088819883758, 50.54715903345159944 ) ) ;
#6226 = CARTESIAN_POINT ( 'NONE',  ( -37.73042502301407808, 72.12964699410682101, 53.68680293056689834 ) ) ;
#6227 = CARTESIAN_POINT ( 'NONE',  ( 76.66418021481246114, 31.12611344798073887, 55.72608272601693358 ) ) ;
#6228 = ORIENTED_EDGE ( 'NONE', *, *, #6177, .F. ) ;
#6229 = CARTESIAN_POINT ( 'NONE',  ( 44.48626944714347076, 42.82698367022120323, 57.54499430896684231 ) ) ;
#6230 = CARTESIAN_POINT ( 'NONE',  ( -4.723644761245287427, -25.06911579192586359, 55.50738889126646569 ) ) ;
#6231 = CARTESIAN_POINT ( 'NONE',  ( -40.63697380401109882, 29.93768642073434094, 55.85513761255200649 ) ) ;
#6232 = CARTESIAN_POINT ( 'NONE',  ( -26.64159204145730797, -28.95953104375557885, 51.22576951723096528 ) ) ;
#6233 = CARTESIAN_POINT ( 'NONE',  ( -41.01838426938506643, 18.29280450248296219, 55.27588709715949733 ) ) ;
#6234 = CARTESIAN_POINT ( 'NONE',  ( 39.09782426289878288, 5.251468329993283390, 52.91436343740357984 ) ) ;
#6235 = CARTESIAN_POINT ( 'NONE',  ( 6.670879433471412767, -3.497639896844530583, 64.50000000000000000 ) ) ;
#6236 = VERTEX_POINT ( 'NONE', #1726 ) ;
#6237 = CARTESIAN_POINT ( 'NONE',  ( 56.55753566239597774, -36.18529302102481182, 49.56701239121129277 ) ) ;
#6238 = DIRECTION ( 'NONE',  ( -1.000000000000000000, 0.000000000000000000, 0.000000000000000000 ) ) ;
#6239 = CARTESIAN_POINT ( 'NONE',  ( 9.614364066844947487, -38.25852914308445918, 55.95281541749564980 ) ) ;
#6240 = DIRECTION ( 'NONE',  ( 0.000000000000000000, -1.000000000000000000, 0.000000000000000000 ) ) ;
#6241 = CARTESIAN_POINT ( 'NONE',  ( -54.15550599581742119, -54.70041381191450114, 52.65865656029276920 ) ) ;
#6242 = VERTEX_POINT ( 'NONE', #3283 ) ;
#6243 = CARTESIAN_POINT ( 'NONE',  ( -17.41411182555430415, 1.734877796310216214, 58.43846410817654657 ) ) ;
#6244 = CARTESIAN_POINT ( 'NONE',  ( 7.236235719850034442, -5.254368943996060359, 65.00000000000000000 ) ) ;
#6245 = CARTESIAN_POINT ( 'NONE',  ( -16.37342878956004810, -11.28528071792037935, 51.78814716440309951 ) ) ;
#6246 = CARTESIAN_POINT ( 'NONE',  ( -13.29678528386918934, -6.692130933951083271, 64.50000000000000000 ) ) ;
#6247 = CARTESIAN_POINT ( 'NONE',  ( 10.11883497729956360, -4.680051066758892375, 64.50000000000000000 ) ) ;
#6248 = CARTESIAN_POINT ( 'NONE',  ( -1.734920945295867378, 17.41410733386962661, 50.22821439051159587 ) ) ;
#6249 = CARTESIAN_POINT ( 'NONE',  ( 14.35142647425016982, -25.60287974738277583, 58.83261529063599227 ) ) ;
#6250 = CARTESIAN_POINT ( 'NONE',  ( 20.65923208510688625, -38.93624745715104751, 57.10475120395854987 ) ) ;
#6251 = CARTESIAN_POINT ( 'NONE',  ( -5.808423534189181225, 44.59367240093114759, 52.00504625007271642 ) ) ;
#6252 = CARTESIAN_POINT ( 'NONE',  ( 10.77888306621024661, -4.735282319816180419, 64.50000000000000000 ) ) ;
#6253 = EDGE_CURVE ( 'NONE', #5144, #4057, #348, .T. ) ;
#6254 = CARTESIAN_POINT ( 'NONE',  ( 39.20055771519553645, -14.99853029601594656, 50.53207451395519456 ) ) ;
#6255 = CARTESIAN_POINT ( 'NONE',  ( -72.83165861109382888, 20.38805291108165818, 55.97712735475023038 ) ) ;
#6256 = CARTESIAN_POINT ( 'NONE',  ( 44.94801814945521556, 2.625475415814678470, 54.16723746880654033 ) ) ;
#6257 = CARTESIAN_POINT ( 'NONE',  ( 8.798720125282317284, 72.15219273225075369, 49.20342366528207378 ) ) ;
#6258 = CARTESIAN_POINT ( 'NONE',  ( -35.14794932183554010, 72.79098162453422560, 53.53257476294849937 ) ) ;
#6259 = CARTESIAN_POINT ( 'NONE',  ( 79.06710981701984053, 26.05466252405148353, 55.40439193518012928 ) ) ;
#6260 = EDGE_LOOP ( 'NONE', ( #2888, #2500, #329, #6268 ) ) ;
#6261 = CARTESIAN_POINT ( 'NONE',  ( 18.45986588576349874, 17.60526894285656496, 57.53407678286367144 ) ) ;
#6262 = CARTESIAN_POINT ( 'NONE',  ( -12.76640824101011873, -25.25473245782229981, 54.16090252740754352 ) ) ;
#6263 = CARTESIAN_POINT ( 'NONE',  ( -30.19182855636933382, 53.69087147695648099, 53.83184363771155745 ) ) ;
#6264 = CARTESIAN_POINT ( 'NONE',  ( -13.86969065820791158, -10.01151300608322181, 50.23798147566900241 ) ) ;
#6265 = CARTESIAN_POINT ( 'NONE',  ( -31.84937061167882177, 11.53317994238215327, 55.61735998498451750 ) ) ;
#6266 = CARTESIAN_POINT ( 'NONE',  ( 72.26994382640421577, 9.582389011435587634, 52.91049119491402308 ) ) ;
#6267 = CARTESIAN_POINT ( 'NONE',  ( 11.53542220003835084, -4.580455994721620350, 64.99999999999998579 ) ) ;
#6268 = ORIENTED_EDGE ( 'NONE', *, *, #3902, .T. ) ;
#6269 = CARTESIAN_POINT ( 'NONE',  ( 58.43550988112661315, 50.52298659493924760, 55.68417706662734190 ) ) ;
#6270 = CARTESIAN_POINT ( 'NONE',  ( -22.48172262794994225, 3.299214450951287958, 58.20611305906398769 ) ) ;
#6271 = CARTESIAN_POINT ( 'NONE',  ( 13.96759682694092142, -42.68470565990386234, 56.28921216501142055 ) ) ;
#6272 = AXIS2_PLACEMENT_3D ( 'NONE', #1404, #4274, #5808 ) ;
#6273 = PLANE ( 'NONE',  #4557 ) ;
#6274 = CARTESIAN_POINT ( 'NONE',  ( -36.12645399571508875, -74.37856014663734072, 54.22584806429716053 ) ) ;
#6275 = ORIENTED_EDGE ( 'NONE', *, *, #3667, .F. ) ;
#6276 = CARTESIAN_POINT ( 'NONE',  ( 28.55650639747623742, -9.388002073870698183, 52.37638038156173792 ) ) ;
#6277 = CARTESIAN_POINT ( 'NONE',  ( 6.589228149877592422, -2.608472788984229851, 65.00000000000001421 ) ) ;
#6278 = CARTESIAN_POINT ( 'NONE',  ( -66.92526301220117091, -28.36161766922456096, 50.80016357729127918 ) ) ;
#6279 = CARTESIAN_POINT ( 'NONE',  ( -31.69315426779367684, -25.89750455455524758, 52.15861036202912260 ) ) ;
#6280 = CARTESIAN_POINT ( 'NONE',  ( 10.11883497729956360, -4.680051066758892375, 64.99999999999998579 ) ) ;
#6281 = CARTESIAN_POINT ( 'NONE',  ( -5.481400668484574190, -6.692130933951083271, 64.50000000000000000 ) ) ;
#6282 = CARTESIAN_POINT ( 'NONE',  ( 9.662191721673815792, -18.85423412642831309, 58.66437912813250932 ) ) ;
#6283 = EDGE_CURVE ( 'NONE', #1422, #2403, #3348, .T. ) ;
#6284 = LINE ( 'NONE', #5420, #2166 ) ;
#6285 = CARTESIAN_POINT ( 'NONE',  ( -3.642997193361456443, 50.76800237630364165, 51.72803470589349928 ) ) ;
#6286 = CARTESIAN_POINT ( 'NONE',  ( 17.46709778304112959, 1.121872029185789987, 54.21890668359799292 ) ) ;
#6287 = CARTESIAN_POINT ( 'NONE',  ( 14.75823501538300242, -3.770835212507497314, 64.49999999999998579 ) ) ;
#6288 = UNCERTAINTY_MEASURE_WITH_UNIT (LENGTH_MEASURE( 1.000000000000000082E-05 ), #2168, 'distance_accuracy_value', 'NONE');
#6289 = CARTESIAN_POINT ( 'NONE',  ( -70.43061811027206431, 40.06884226479633071, 54.81125473223733024 ) ) ;
#6290 = CARTESIAN_POINT ( 'NONE',  ( 19.78689940330924202, 2.425754881707409272, 54.48876621471193715 ) ) ;
#6291 = CIRCLE ( 'NONE', #4770, 15.00000000000000000 ) ;
#6292 = CARTESIAN_POINT ( 'NONE',  ( -2.878102744671249269, 30.87473378414635405, 50.21764615814910115 ) ) ;
#6293 = CARTESIAN_POINT ( 'NONE',  ( -14.28239396755299673, 73.58806986437750197, 52.30058930968790065 ) ) ;
#6294 = CARTESIAN_POINT ( 'NONE',  ( 77.60506850171668702, -13.95620141570163852, 53.03546304260243005 ) ) ;
#6295 = CARTESIAN_POINT ( 'NONE',  ( 32.46279328893104577, 31.19790062393695962, 57.54303139268696299 ) ) ;
#6296 = CARTESIAN_POINT ( 'NONE',  ( -16.81210324489443408, 35.68751997582084812, 53.49097842935614011 ) ) ;
#6297 = CARTESIAN_POINT ( 'NONE',  ( -38.52337051111913979, -23.30538914520850113, 49.87637765532084444 ) ) ;
#6298 = CARTESIAN_POINT ( 'NONE',  ( -20.59640933144256891, 14.94410713752519371, 54.27226423005622991 ) ) ;
#6299 = CARTESIAN_POINT ( 'NONE',  ( 16.97089311753881802, 2.456609381963021477, 52.93863142792627485 ) ) ;
#6300 = CARTESIAN_POINT ( 'NONE',  ( 7.236235719850034442, -5.254368943996060359, 64.50000000000000000 ) ) ;
#6301 = ORIENTED_EDGE ( 'NONE', *, *, #484, .F. ) ;
#6302 = PLANE ( 'NONE',  #145 ) ;
#6303 = DIRECTION ( 'NONE',  ( -1.000000000000000000, 0.000000000000000000, 0.000000000000000000 ) ) ;
#6304 = CARTESIAN_POINT ( 'NONE',  ( 3.285380780976048243, -30.83394318321206029, 55.28072661651227548 ) ) ;
#6305 = CARTESIAN_POINT ( 'NONE',  ( -15.29977377741866107, 8.498201473089729063, 56.49169753449294262 ) ) ;
#6306 = CARTESIAN_POINT ( 'NONE',  ( -47.44842358142555838, -64.67621674799789844, 53.36273078897013988 ) ) ;
#6307 = SURFACE_STYLE_FILL_AREA ( #3880 ) ;
#6308 = ORIENTED_EDGE ( 'NONE', *, *, #4999, .F. ) ;
#6309 = CARTESIAN_POINT ( 'NONE',  ( 39.93319728765493437, -15.84821260421941780, 52.08406017608871963 ) ) ;
#6310 = CARTESIAN_POINT ( 'NONE',  ( -13.52320755951021525, 6.007869066048916018, 64.50000000000000000 ) ) ;
#6311 = CARTESIAN_POINT ( 'NONE',  ( -7.019407619381240693, 37.07945437484657702, 50.66906094903136903 ) ) ;
#6312 = FACE_OUTER_BOUND ( 'NONE', #5185, .T. ) ;
#6313 = CARTESIAN_POINT ( 'NONE',  ( 8.847167809843915265, -2.506408757638451945, 64.99999999999998579 ) ) ;
#6314 = CARTESIAN_POINT ( 'NONE',  ( -16.09861691906995773, -12.70415749586986109, 52.09448097895742791 ) ) ;
#6315 = CARTESIAN_POINT ( 'NONE',  ( 13.82524635706125871, -24.74762515324656320, 58.82650178965379695 ) ) ;
#6316 = B_SPLINE_CURVE_WITH_KNOTS ( 'NONE', 3,
 ( #2944, #5287, #6237, #428, #3362, #5794, #4291, #4930, #1517, #3875, #2466, #944, #1423, #3392, #5825, #5319, #1864, #525, #4900, #2882, #1389, #4840, #2974, #3808, #461, #1899, #4422, #42, #1992, #5759, #1457, #1036, #2404, #5351, #558, #1961, #975, #3329, #2915, #911, #2849, #494, #4809, #1489, #2371, #4327, #6269, #3843, #4872, #2436 ),
 .UNSPECIFIED., .F., .F.,
 ( 4, 2, 2, 2, 2, 2, 2, 2, 2, 2, 2, 2, 2, 2, 2, 2, 2, 2, 2, 2, 2, 2, 2, 2, 4 ),
 ( 0.000000000000000000, 0.06250000000000000000, 0.1250000000000000278, 0.1562500000000000000, 0.1875000000000000278, 0.2500000000000000555, 0.2812500000000000000, 0.3125000000000000000, 0.3749999999999999445, 0.4062500000000000000, 0.4375000000000000000, 0.5000000000000000000, 0.5625000000000000000, 0.5937500000000000000, 0.6250000000000000000, 0.6875000000000000000, 0.7031250000000000000, 0.7187499999999998890, 0.7499999999999998890, 0.8125000000000000000, 0.8437500000000000000, 0.8593750000000000000, 0.8750000000000000000, 0.9374999999999998890, 1.000000000000000000 ),
 .UNSPECIFIED. ) ;
#6317 = FACE_OUTER_BOUND ( 'NONE', #2979, .T. ) ;
#6318 = CARTESIAN_POINT ( 'NONE',  ( -1.422578540379374923, -17.44361654058073086, 56.02395917361872790 ) ) ;
#6319 = CARTESIAN_POINT ( 'NONE',  ( 15.77012044327338103, -7.586389197982929211, 51.77170975937082886 ) ) ;
#6320 = CARTESIAN_POINT ( 'NONE',  ( 32.79029371072345356, -10.82616885653607675, 50.74934254293260949 ) ) ;
#6321 = LINE ( 'NONE', #5811, #5010 ) ;
#6322 = CARTESIAN_POINT ( 'NONE',  ( 44.01875597483900293, 8.915393946043272067, 54.84208958533108103 ) ) ;
ENDSEC;
END-ISO-10303-21;
