; 5AxisSclicer R03 Rotary Thin Wall
; reference XYZAC profile; offline simulation only
G21 ; millimetres
G90 ; absolute axes
M82 ; absolute extrusion
G92 E0 ; known initial extrusion position
G93 ; inverse-time coordinated motion
; R03 POINT 1 point-0000001 travel
G1 A90.000000 C90.000000 X-230.000000 Y-255.000000 Z275.300000 F60.000000
; R03 EVENT event-0000001 safe_approach
; R03 POINT 2 point-0000002 approach
G1 A90.000000 C90.000000 X-230.000000 Y-255.000000 Z274.300000 F120.000000
; R03 EVENT event-0000002 index_start
; R03 EVENT event-0000003 prime
G94 ; extrusion actuator feed
G1 E1.0 F120.000000
G93 ; resume inverse-time motion
; R03 POINT 3 point-0000003 deposition
G1 A90.000000 C85.000000 X-206.464287 Y-255.000000 Z293.356442 E1.05353402976140056 F68.754935
; R03 POINT 4 point-0000004 deposition
G1 A90.000000 C80.000000 X-181.357257 Y-255.000000 Z310.289097 E1.107068059522801215 F68.754935
; R03 POINT 5 point-0000005 deposition
G1 A90.000000 C75.000000 X-154.869988 Y-255.000000 Z324.969095 E1.160602089284201805 F68.754935
; R03 POINT 6 point-0000006 deposition
G1 A90.000000 C70.000000 X-127.204066 Y-255.000000 Z337.284714 E1.214136119045602295 F68.754935
; R03 POINT 7 point-0000007 deposition
G1 A90.000000 C65.000000 X-98.570043 Y-255.000000 Z347.142225 E1.267670148807003019 F68.754935
; R03 POINT 8 point-0000008 deposition
G1 A90.000000 C60.000000 X-69.185843 Y-255.000000 Z354.466605 E1.321204178568403579 F68.754935
; R03 POINT 9 point-0000009 deposition
G1 A90.000000 C55.000000 X-39.275097 Y-255.000000 Z359.202112 E1.374738208329804234 F68.754935
; R03 POINT 10 point-0000010 deposition
G1 A90.000000 C50.000000 X-9.065443 Y-255.000000 Z361.312705 E1.428272238091204854 F68.754935
; R03 POINT 11 point-0000011 deposition
G1 A90.000000 C45.000000 X21.213203 Y-255.000000 Z360.782323 E1.481806267852605439 F68.754935
; R03 POINT 12 point-0000012 deposition
G1 A90.000000 C40.000000 X51.330405 Y-255.000000 Z357.615000 E1.535340297614006024 F68.754935
; R03 POINT 13 point-0000013 deposition
G1 A90.000000 C35.000000 X81.056951 Y-255.000000 Z351.834844 E1.588874327375406644 F68.754935
; R03 POINT 14 point-0000014 deposition
G1 A90.000000 C30.000000 X110.166605 Y-255.000000 Z343.485843 E1.642408357136807184 F68.754935
; R03 POINT 15 point-0000015 deposition
G1 A90.000000 C25.000000 X138.437824 Y-255.000000 Z332.631539 E1.695942386898207859 F68.754935
; R03 POINT 16 point-0000016 deposition
G1 A90.000000 C20.000000 X165.655448 Y-255.000000 Z319.354540 E1.749476416659608349 F68.754935
; R03 POINT 17 point-0000017 deposition
G1 A90.000000 C15.000000 X191.612334 Y-255.000000 Z303.755892 E1.803010446421009073 F68.754935
; R03 POINT 18 point-0000018 deposition
G1 A90.000000 C10.000000 X216.110935 Y-255.000000 Z285.954309 E1.856544476182409663 F68.754935
; R03 POINT 19 point-0000019 deposition
G1 A90.000000 C5.000000 X238.964801 Y-255.000000 Z266.085274 E1.910078505943810143 F68.754935
; R03 POINT 20 point-0000020 deposition
G1 A90.000000 C0.000000 X260.000000 Y-255.000000 Z244.300000 E1.963612535705210873 F68.754935
; R03 POINT 21 point-0000021 deposition
G1 A90.000000 C-5.000000 X279.056442 Y-255.000000 Z220.764287 E2.017146565466611528 F68.754935
; R03 POINT 22 point-0000022 deposition
G1 A90.000000 C-10.000000 X295.989097 Y-255.000000 Z195.657257 E2.070680595228012088 F68.754935
; R03 POINT 23 point-0000023 deposition
G1 A90.000000 C-15.000000 X310.669095 Y-255.000000 Z169.169988 E2.124214624989412728 F68.754935
; R03 POINT 24 point-0000024 deposition
G1 A90.000000 C-20.000000 X322.984714 Y-255.000000 Z141.504066 E2.177748654750813244 F68.754935
; R03 POINT 25 point-0000025 deposition
G1 A90.000000 C-25.000000 X332.842225 Y-255.000000 Z112.870043 E2.231282684512213829 F68.754935
; R03 POINT 26 point-0000026 deposition
G1 A90.000000 C-30.000000 X340.166605 Y-255.000000 Z83.485843 E2.284816714273614389 F68.754935
; R03 POINT 27 point-0000027 deposition
G1 A90.000000 C-35.000000 X344.902112 Y-255.000000 Z53.575097 E2.338350744035014879 F68.754935
; R03 POINT 28 point-0000028 deposition
G1 A90.000000 C-40.000000 X347.012705 Y-255.000000 Z23.365443 E2.391884773796415729 F68.754935
; R03 POINT 29 point-0000029 deposition
G1 A90.000000 C-45.000000 X346.482323 Y-255.000000 Z-6.913203 E2.445418803557816314 F68.754935
; R03 POINT 30 point-0000030 deposition
G1 A90.000000 C-50.000000 X343.315000 Y-255.000000 Z-37.030405 E2.498952833319216764 F68.754935
; R03 POINT 31 point-0000031 deposition
G1 A90.000000 C-55.000000 X337.534844 Y-255.000000 Z-66.756951 E2.552486863080617648 F68.754935
; R03 POINT 32 point-0000032 deposition
G1 A90.000000 C-60.000000 X329.185843 Y-255.000000 Z-95.866605 E2.606020892842018188 F68.754935
; R03 POINT 33 point-0000033 deposition
G1 A90.000000 C-65.000000 X318.331539 Y-255.000000 Z-124.137824 E2.659554922603418728 F68.754935
; R03 POINT 34 point-0000034 deposition
G1 A90.000000 C-70.000000 X305.054540 Y-255.000000 Z-151.355448 E2.713088952364819218 F68.754935
; R03 POINT 35 point-0000035 deposition
G1 A90.000000 C-75.000000 X289.455892 Y-255.000000 Z-177.312334 E2.766622982126219734 F68.754935
; R03 POINT 36 point-0000036 deposition
G1 A90.000000 C-80.000000 X271.654309 Y-255.000000 Z-201.810935 E2.820157011887620354 F68.754935
; R03 POINT 37 point-0000037 deposition
G1 A90.000000 C-85.000000 X251.785274 Y-255.000000 Z-224.664801 E2.873691041649021184 F68.754935
; R03 POINT 38 point-0000038 deposition
G1 A90.000000 C-90.000000 X230.000000 Y-255.000000 Z-245.700000 E2.927225071410421744 F68.754935
; R03 POINT 39 point-0000039 deposition
G1 A90.000000 C-95.000000 X206.464287 Y-255.000000 Z-264.756442 E2.980759101171822128 F68.754935
; R03 POINT 40 point-0000040 deposition
G1 A90.000000 C-100.000000 X181.357257 Y-255.000000 Z-281.689097 E3.034293130933223128 F68.754935
; R03 POINT 41 point-0000041 deposition
G1 A90.000000 C-105.000000 X154.869988 Y-255.000000 Z-296.369095 E3.087827160694623352 F68.754935
; R03 POINT 42 point-0000042 deposition
G1 A90.000000 C-110.000000 X127.204066 Y-255.000000 Z-308.684714 E3.141361190456024076 F68.754935
; R03 POINT 43 point-0000043 deposition
G1 A90.000000 C-115.000000 X98.570043 Y-255.000000 Z-318.542225 E3.194895220217424736 F68.754935
; R03 POINT 44 point-0000044 deposition
G1 A90.000000 C-120.000000 X69.185843 Y-255.000000 Z-325.866605 E3.248429249978825460 F68.754935
; R03 POINT 45 point-0000045 deposition
G1 A90.000000 C-125.000000 X39.275097 Y-255.000000 Z-330.602112 E3.301963279740225810 F68.754935
; R03 POINT 46 point-0000046 deposition
G1 A90.000000 C-130.000000 X9.065443 Y-255.000000 Z-332.712705 E3.355497309501626624 F68.754935
; R03 POINT 47 point-0000047 deposition
G1 A90.000000 C-135.000000 X-21.213203 Y-255.000000 Z-332.182323 E3.409031339263027140 F68.754935
; R03 POINT 48 point-0000048 deposition
G1 A90.000000 C-140.000000 X-51.330405 Y-255.000000 Z-329.015000 E3.462565369024427725 F68.754935
; R03 POINT 49 point-0000049 deposition
G1 A90.000000 C-145.000000 X-81.056951 Y-255.000000 Z-323.234844 E3.516099398785828205 F68.754935
; R03 POINT 50 point-0000050 deposition
G1 A90.000000 C-150.000000 X-110.166605 Y-255.000000 Z-314.885843 E3.569633428547228755 F68.754935
; R03 POINT 51 point-0000051 deposition
G1 A90.000000 C-155.000000 X-138.437824 Y-255.000000 Z-304.031539 E3.623167458308629865 F68.754935
; R03 POINT 52 point-0000052 deposition
G1 A90.000000 C-160.000000 X-165.655448 Y-255.000000 Z-290.754540 E3.676701488070029770 F68.754935
; R03 POINT 53 point-0000053 deposition
G1 A90.000000 C-165.000000 X-191.612334 Y-255.000000 Z-275.155892 E3.730235517831430920 F68.754935
; R03 POINT 54 point-0000054 deposition
G1 A90.000000 C-170.000000 X-216.110935 Y-255.000000 Z-257.354309 E3.783769547592831436 F68.754935
; R03 POINT 55 point-0000055 deposition
G1 A90.000000 C-175.000000 X-238.964801 Y-255.000000 Z-237.485274 E3.837303577354231976 F68.754935
; R03 POINT 56 point-0000056 deposition
G1 A90.000000 C-180.000000 X-260.000000 Y-255.000000 Z-215.700000 E3.890837607115632536 F68.754935
; R03 POINT 57 point-0000057 deposition
G1 A90.000000 C-185.000000 X-279.056442 Y-255.000000 Z-192.164287 E3.944371636877033016 F68.754935
; R03 POINT 58 point-0000058 deposition
G1 A90.000000 C-190.000000 X-295.989097 Y-255.000000 Z-167.057257 E3.997905666638433646 F68.754935
; R03 POINT 59 point-0000059 deposition
G1 A90.000000 C-195.000000 X-310.669095 Y-255.000000 Z-140.569988 E4.051439696399834126 F68.754935
; R03 POINT 60 point-0000060 deposition
G1 A90.000000 C-200.000000 X-322.984714 Y-255.000000 Z-112.904066 E4.104973726161235162 F68.754935
; R03 POINT 61 point-0000061 deposition
G1 A90.000000 C-205.000000 X-332.842225 Y-255.000000 Z-84.270043 E4.158507755922635272 F68.754935
; R03 POINT 62 point-0000062 deposition
G1 A90.000000 C-210.000000 X-340.166605 Y-255.000000 Z-54.885843 E4.212041785684036382 F68.754935
; R03 POINT 63 point-0000063 deposition
G1 A90.000000 C-215.000000 X-344.902112 Y-255.000000 Z-24.975097 E4.265575815445436872 F68.754935
; R03 POINT 64 point-0000064 deposition
G1 A90.000000 C-220.000000 X-347.012705 Y-255.000000 Z5.234557 E4.319109845206837492 F68.754935
; R03 POINT 65 point-0000065 deposition
G1 A90.000000 C-225.000000 X-346.482323 Y-255.000000 Z35.513203 E4.372643874968238077 F68.754935
; R03 POINT 66 point-0000066 deposition
G1 A90.000000 C-230.000000 X-343.315000 Y-255.000000 Z65.630405 E4.426177904729638524 F68.754935
; R03 POINT 67 point-0000067 deposition
G1 A90.000000 C-235.000000 X-337.534844 Y-255.000000 Z95.356951 E4.479711934491039024 F68.754935
; R03 POINT 68 point-0000068 deposition
G1 A90.000000 C-240.000000 X-329.185843 Y-255.000000 Z124.466605 E4.533245964252439614 F68.754935
; R03 POINT 69 point-0000069 deposition
G1 A90.000000 C-245.000000 X-318.331539 Y-255.000000 Z152.737824 E4.586779994013840724 F68.754935
; R03 POINT 70 point-0000070 deposition
G1 A90.000000 C-250.000000 X-305.054540 Y-255.000000 Z179.955448 E4.640314023775240604 F68.754935
; R03 POINT 71 point-0000071 deposition
G1 A90.000000 C-255.000000 X-289.455892 Y-255.000000 Z205.912334 E4.693848053536641710 F68.754935
; R03 POINT 72 point-0000072 deposition
G1 A90.000000 C-260.000000 X-271.654309 Y-255.000000 Z230.410935 E4.747382083298042300 F68.754935
; R03 POINT 73 point-0000073 deposition
G1 A90.000000 C-265.000000 X-251.785274 Y-255.000000 Z253.264801 E4.800916113059442780 F68.754935
; R03 POINT 74 point-0000074 deposition
G1 A90.000000 C-270.000000 X-230.000000 Y-255.000000 Z274.300000 E4.854450142820843340 F68.754935
; R03 EVENT event-0000004 index_end
; R03 EVENT event-0000005 retract
G94 ; extrusion actuator feed
G1 E3.854450142820843340 F120.000000
G93 ; resume inverse-time motion
; R03 EVENT event-0000006 safe_depart
; R03 POINT 75 point-0000075 depart
G1 A90.000000 C-270.000000 X-230.000000 Y-255.000000 Z276.100000 F66.666667
; R03 EVENT event-0000007 safe_approach
; R03 POINT 76 point-0000076 approach
G1 A90.000000 C-270.000000 X-230.000000 Y-255.000000 Z275.100000 F120.000000
; R03 EVENT event-0000008 index_start
; R03 EVENT event-0000009 prime
G94 ; extrusion actuator feed
G1 E4.854450142820843340 F120.000000
G93 ; resume inverse-time motion
; R03 POINT 77 point-0000077 deposition
G1 A90.000000 C-265.000000 X-251.785274 Y-255.000000 Z254.064801 E4.911466060696806430 F68.754935
; R03 POINT 78 point-0000078 deposition
G1 A90.000000 C-260.000000 X-271.654309 Y-255.000000 Z231.210935 E4.968481978572769696 F68.754935
; R03 POINT 79 point-0000079 deposition
G1 A90.000000 C-255.000000 X-289.455892 Y-255.000000 Z206.712334 E5.025497896448732896 F68.754935
; R03 POINT 80 point-0000080 deposition
G1 A90.000000 C-250.000000 X-305.054540 Y-255.000000 Z180.755448 E5.082513814324696026 F68.754935
; R03 POINT 81 point-0000081 deposition
G1 A90.000000 C-245.000000 X-318.331539 Y-255.000000 Z153.537824 E5.139529732200659750 F68.754935
; R03 POINT 82 point-0000082 deposition
G1 A90.000000 C-240.000000 X-329.185843 Y-255.000000 Z125.266605 E5.196545650076622926 F68.754935
; R03 POINT 83 point-0000083 deposition
G1 A90.000000 C-235.000000 X-337.534844 Y-255.000000 Z96.156951 E5.253561567952586226 F68.754935
; R03 POINT 84 point-0000084 deposition
G1 A90.000000 C-230.000000 X-343.315000 Y-255.000000 Z66.430405 E5.310577485828549356 F68.754935
; R03 POINT 85 point-0000085 deposition
G1 A90.000000 C-225.000000 X-346.482323 Y-255.000000 Z36.313203 E5.367593403704512346 F68.754935
; R03 POINT 86 point-0000086 deposition
G1 A90.000000 C-220.000000 X-347.012705 Y-255.000000 Z6.034557 E5.424609321580475706 F68.754935
; R03 POINT 87 point-0000087 deposition
G1 A90.000000 C-215.000000 X-344.902112 Y-255.000000 Z-24.175097 E5.481625239456438882 F68.754935
; R03 POINT 88 point-0000088 deposition
G1 A90.000000 C-210.000000 X-340.166605 Y-255.000000 Z-54.085843 E5.538641157332402022 F68.754935
; R03 POINT 89 point-0000089 deposition
G1 A90.000000 C-205.000000 X-332.842225 Y-255.000000 Z-83.470043 E5.595657075208365746 F68.754935
; R03 POINT 90 point-0000090 deposition
G1 A90.000000 C-200.000000 X-322.984714 Y-255.000000 Z-112.104066 E5.652672993084328922 F68.754935
; R03 POINT 91 point-0000091 deposition
G1 A90.000000 C-195.000000 X-310.669095 Y-255.000000 Z-139.769988 E5.709688910960292142 F68.754935
; R03 POINT 92 point-0000092 deposition
G1 A90.000000 C-190.000000 X-295.989097 Y-255.000000 Z-166.257257 E5.766704828836255342 F68.754935
; R03 POINT 93 point-0000093 deposition
G1 A90.000000 C-185.000000 X-279.056442 Y-255.000000 Z-191.364287 E5.823720746712218456 F68.754935
; R03 POINT 94 point-0000094 deposition
G1 A90.000000 C-180.000000 X-260.000000 Y-255.000000 Z-214.900000 E5.880736664588181632 F68.754935
; R03 POINT 95 point-0000095 deposition
G1 A90.000000 C-175.000000 X-238.964801 Y-255.000000 Z-236.685274 E5.937752582464144808 F68.754935
; R03 POINT 96 point-0000096 deposition
G1 A90.000000 C-170.000000 X-216.110935 Y-255.000000 Z-256.554309 E5.994768500340108008 F68.754935
; R03 POINT 97 point-0000097 deposition
G1 A90.000000 C-165.000000 X-191.612334 Y-255.000000 Z-274.355892 E6.051784418216071208 F68.754935
; R03 POINT 98 point-0000098 deposition
G1 A90.000000 C-160.000000 X-165.655448 Y-255.000000 Z-289.954540 E6.108800336092034428 F68.754935
; R03 POINT 99 point-0000099 deposition
G1 A90.000000 C-155.000000 X-138.437824 Y-255.000000 Z-303.231539 E6.165816253967997508 F68.754935
; R03 POINT 100 point-0000100 deposition
G1 A90.000000 C-150.000000 X-110.166605 Y-255.000000 Z-314.085843 E6.222832171843960718 F68.754935
; R03 POINT 101 point-0000101 deposition
G1 A90.000000 C-145.000000 X-81.056951 Y-255.000000 Z-322.434844 E6.279848089719923858 F68.754935
; R03 POINT 102 point-0000102 deposition
G1 A90.000000 C-140.000000 X-51.330405 Y-255.000000 Z-328.215000 E6.336864007595887618 F68.754935
; R03 POINT 103 point-0000103 deposition
G1 A90.000000 C-135.000000 X-21.213203 Y-255.000000 Z-331.382323 E6.393879925471850794 F68.754935
; R03 POINT 104 point-0000104 deposition
G1 A90.000000 C-130.000000 X9.065443 Y-255.000000 Z-331.912705 E6.450895843347814024 F68.754935
; R03 POINT 105 point-0000105 deposition
G1 A90.000000 C-125.000000 X39.275097 Y-255.000000 Z-329.802112 E6.507911761223777429 F68.754935
; R03 POINT 106 point-0000106 deposition
G1 A90.000000 C-120.000000 X69.185843 Y-255.000000 Z-325.066605 E6.564927679099740629 F68.754935
; R03 POINT 107 point-0000107 deposition
G1 A90.000000 C-115.000000 X98.570043 Y-255.000000 Z-317.742225 E6.621943596975703875 F68.754935
; R03 POINT 108 point-0000108 deposition
G1 A90.000000 C-110.000000 X127.204066 Y-255.000000 Z-307.884714 E6.678959514851667025 F68.754935
; R03 POINT 109 point-0000109 deposition
G1 A90.000000 C-105.000000 X154.869988 Y-255.000000 Z-295.569095 E6.735975432727630155 F68.754935
; R03 POINT 110 point-0000110 deposition
G1 A90.000000 C-100.000000 X181.357257 Y-255.000000 Z-280.889097 E6.792991350603593335 F68.754935
; R03 POINT 111 point-0000111 deposition
G1 A90.000000 C-95.000000 X206.464287 Y-255.000000 Z-263.956442 E6.850007268479556785 F68.754935
; R03 POINT 112 point-0000112 deposition
G1 A90.000000 C-90.000000 X230.000000 Y-255.000000 Z-244.900000 E6.907023186355519875 F68.754935
; R03 POINT 113 point-0000113 deposition
G1 A90.000000 C-85.000000 X251.785274 Y-255.000000 Z-223.864801 E6.964039104231483145 F68.754935
; R03 POINT 114 point-0000114 deposition
G1 A90.000000 C-80.000000 X271.654309 Y-255.000000 Z-201.010935 E7.021055022107446595 F68.754935
; R03 POINT 115 point-0000115 deposition
G1 A90.000000 C-75.000000 X289.455892 Y-255.000000 Z-176.512334 E7.078070939983409431 F68.754935
; R03 POINT 116 point-0000116 deposition
G1 A90.000000 C-70.000000 X305.054540 Y-255.000000 Z-150.555448 E7.135086857859372891 F68.754935
; R03 POINT 117 point-0000117 deposition
G1 A90.000000 C-65.000000 X318.331539 Y-255.000000 Z-123.337824 E7.192102775735336071 F68.754935
; R03 POINT 118 point-0000118 deposition
G1 A90.000000 C-60.000000 X329.185843 Y-255.000000 Z-95.066605 E7.249118693611299551 F68.754935
; R03 POINT 119 point-0000119 deposition
G1 A90.000000 C-55.000000 X337.534844 Y-255.000000 Z-65.956951 E7.306134611487262421 F68.754935
; R03 POINT 120 point-0000120 deposition
G1 A90.000000 C-50.000000 X343.315000 Y-255.000000 Z-36.230405 E7.363150529363225901 F68.754935
; R03 POINT 121 point-0000121 deposition
G1 A90.000000 C-45.000000 X346.482323 Y-255.000000 Z-6.113203 E7.420166447239189077 F68.754935
; R03 POINT 122 point-0000122 deposition
G1 A90.000000 C-40.000000 X347.012705 Y-255.000000 Z24.165443 E7.477182365115152253 F68.754935
; R03 POINT 123 point-0000123 deposition
G1 A90.000000 C-35.000000 X344.902112 Y-255.000000 Z54.375097 E7.534198282991115453 F68.754935
; R03 POINT 124 point-0000124 deposition
G1 A90.000000 C-30.000000 X340.166605 Y-255.000000 Z84.285843 E7.591214200867078603 F68.754935
; R03 POINT 125 point-0000125 deposition
G1 A90.000000 C-25.000000 X332.842225 Y-255.000000 Z113.670043 E7.648230118743042363 F68.754935
; R03 POINT 126 point-0000126 deposition
G1 A90.000000 C-20.000000 X322.984714 Y-255.000000 Z142.304066 E7.705246036619004953 F68.754935
; R03 POINT 127 point-0000127 deposition
G1 A90.000000 C-15.000000 X310.669095 Y-255.000000 Z169.969988 E7.762261954494968723 F68.754935
; R03 POINT 128 point-0000128 deposition
G1 A90.000000 C-10.000000 X295.989097 Y-255.000000 Z196.457257 E7.819277872370931903 F68.754935
; R03 POINT 129 point-0000129 deposition
G1 A90.000000 C-5.000000 X279.056442 Y-255.000000 Z221.564287 E7.876293790246895079 F68.754935
; R03 POINT 130 point-0000130 deposition
G1 A90.000000 C0.000000 X260.000000 Y-255.000000 Z245.100000 E7.933309708122858169 F68.754935
; R03 POINT 131 point-0000131 deposition
G1 A90.000000 C5.000000 X238.964801 Y-255.000000 Z266.885274 E7.990325625998821349 F68.754935
; R03 POINT 132 point-0000132 deposition
G1 A90.000000 C10.000000 X216.110935 Y-255.000000 Z286.754309 E8.047341543874784525 F68.754935
; R03 POINT 133 point-0000133 deposition
G1 A90.000000 C15.000000 X191.612334 Y-255.000000 Z304.555892 E8.104357461750747725 F68.754935
; R03 POINT 134 point-0000134 deposition
G1 A90.000000 C20.000000 X165.655448 Y-255.000000 Z320.154540 E8.161373379626711475 F68.754935
; R03 POINT 135 point-0000135 deposition
G1 A90.000000 C25.000000 X138.437824 Y-255.000000 Z333.431539 E8.218389297502674065 F68.754935
; R03 POINT 136 point-0000136 deposition
G1 A90.000000 C30.000000 X110.166605 Y-255.000000 Z344.285843 E8.275405215378637875 F68.754935
; R03 POINT 137 point-0000137 deposition
G1 A90.000000 C35.000000 X81.056951 Y-255.000000 Z352.634844 E8.332421133254601015 F68.754935
; R03 POINT 138 point-0000138 deposition
G1 A90.000000 C40.000000 X51.330405 Y-255.000000 Z358.415000 E8.389437051130564235 F68.754935
; R03 POINT 139 point-0000139 deposition
G1 A90.000000 C45.000000 X21.213203 Y-255.000000 Z361.582323 E8.446452969006527275 F68.754935
; R03 POINT 140 point-0000140 deposition
G1 A90.000000 C50.000000 X-9.065443 Y-255.000000 Z362.112705 E8.503468886882490635 F68.754935
; R03 POINT 141 point-0000141 deposition
G1 A90.000000 C55.000000 X-39.275097 Y-255.000000 Z360.002112 E8.560484804758453725 F68.754935
; R03 POINT 142 point-0000142 deposition
G1 A90.000000 C60.000000 X-69.185843 Y-255.000000 Z355.266605 E8.617500722634416855 F68.754935
; R03 POINT 143 point-0000143 deposition
G1 A90.000000 C65.000000 X-98.570043 Y-255.000000 Z347.942225 E8.674516640510380745 F68.754935
; R03 POINT 144 point-0000144 deposition
G1 A90.000000 C70.000000 X-127.204066 Y-255.000000 Z338.084714 E8.731532558386343335 F68.754935
; R03 POINT 145 point-0000145 deposition
G1 A90.000000 C75.000000 X-154.869988 Y-255.000000 Z325.769095 E8.788548476262306969 F68.754935
; R03 POINT 146 point-0000146 deposition
G1 A90.000000 C80.000000 X-181.357257 Y-255.000000 Z311.089097 E8.845564394138270169 F68.754935
; R03 POINT 147 point-0000147 deposition
G1 A90.000000 C85.000000 X-206.464287 Y-255.000000 Z294.156442 E8.902580312014233435 F68.754935
; R03 POINT 148 point-0000148 deposition
G1 A90.000000 C90.000000 X-230.000000 Y-255.000000 Z275.100000 E8.959596229890196525 F68.754935
; R03 EVENT event-0000010 index_end
; R03 EVENT event-0000011 retract
G94 ; extrusion actuator feed
G1 E7.959596229890196525 F120.000000
G93 ; resume inverse-time motion
; R03 EVENT event-0000012 safe_depart
; R03 POINT 149 point-0000149 depart
G1 A90.000000 C90.000000 X-230.000000 Y-255.000000 Z276.900000 F66.666667
; R03 EVENT event-0000013 safe_approach
; R03 POINT 150 point-0000150 approach
G1 A90.000000 C90.000000 X-230.000000 Y-255.000000 Z275.900000 F120.000000
; R03 EVENT event-0000014 index_start
; R03 EVENT event-0000015 prime
G94 ; extrusion actuator feed
G1 E8.959596229890196525 F120.000000
G93 ; resume inverse-time motion
; R03 POINT 151 point-0000151 deposition
G1 A90.000000 C85.000000 X-206.464287 Y-255.000000 Z294.956442 E9.020094035880722335 F68.754935
; R03 POINT 152 point-0000152 deposition
G1 A90.000000 C80.000000 X-181.357257 Y-255.000000 Z311.889097 E9.080591841871248235 F68.754935
; R03 POINT 153 point-0000153 deposition
G1 A90.000000 C75.000000 X-154.869988 Y-255.000000 Z326.569095 E9.141089647861774169 F68.754935
; R03 POINT 154 point-0000154 deposition
G1 A90.000000 C70.000000 X-127.204066 Y-255.000000 Z338.884714 E9.201587453852300059 F68.754935
; R03 POINT 155 point-0000155 deposition
G1 A90.000000 C65.000000 X-98.570043 Y-255.000000 Z348.742225 E9.262085259842826009 F68.754935
; R03 POINT 156 point-0000156 deposition
G1 A90.000000 C60.000000 X-69.185843 Y-255.000000 Z356.066605 E9.322583065833351769 F68.754935
; R03 POINT 157 point-0000157 deposition
G1 A90.000000 C55.000000 X-39.275097 Y-255.000000 Z360.802112 E9.383080871823877739 F68.754935
; R03 POINT 158 point-0000158 deposition
G1 A90.000000 C50.000000 X-9.065443 Y-255.000000 Z362.912705 E9.443578677814403559 F68.754935
; R03 POINT 159 point-0000159 deposition
G1 A90.000000 C45.000000 X21.213203 Y-255.000000 Z362.382323 E9.504076483804929559 F68.754935
; R03 POINT 160 point-0000160 deposition
G1 A90.000000 C40.000000 X51.330405 Y-255.000000 Z359.215000 E9.564574289795455379 F68.754935
; R03 POINT 161 point-0000161 deposition
G1 A90.000000 C35.000000 X81.056951 Y-255.000000 Z353.434844 E9.625072095785981199 F68.754935
; R03 POINT 162 point-0000162 deposition
G1 A90.000000 C30.000000 X110.166605 Y-255.000000 Z345.085843 E9.685569901776507043 F68.754935
; R03 POINT 163 point-0000163 deposition
G1 A90.000000 C25.000000 X138.437824 Y-255.000000 Z334.231539 E9.746067707767033043 F68.754935
; R03 POINT 164 point-0000164 deposition
G1 A90.000000 C20.000000 X165.655448 Y-255.000000 Z320.954540 E9.806565513757558887 F68.754935
; R03 POINT 165 point-0000165 deposition
G1 A90.000000 C15.000000 X191.612334 Y-255.000000 Z305.355892 E9.867063319748084797 F68.754935
; R03 POINT 166 point-0000166 deposition
G1 A90.000000 C10.000000 X216.110935 Y-255.000000 Z287.554309 E9.927561125738610657 F68.754935
; R03 POINT 167 point-0000167 deposition
G1 A90.000000 C5.000000 X238.964801 Y-255.000000 Z267.685274 E9.988058931729136477 F68.754935
; R03 POINT 168 point-0000168 deposition
G1 A90.000000 C0.000000 X260.000000 Y-255.000000 Z245.900000 E10.048556737719662473 F68.754935
; R03 POINT 169 point-0000169 deposition
G1 A90.000000 C-5.000000 X279.056442 Y-255.000000 Z222.364287 E10.109054543710188373 F68.754935
; R03 POINT 170 point-0000170 deposition
G1 A90.000000 C-10.000000 X295.989097 Y-255.000000 Z197.257257 E10.169552349700714193 F68.754935
; R03 POINT 171 point-0000171 deposition
G1 A90.000000 C-15.000000 X310.669095 Y-255.000000 Z170.769988 E10.230050155691240223 F68.754935
; R03 POINT 172 point-0000172 deposition
G1 A90.000000 C-20.000000 X322.984714 Y-255.000000 Z143.104066 E10.290547961681765983 F68.754935
; R03 POINT 173 point-0000173 deposition
G1 A90.000000 C-25.000000 X332.842225 Y-255.000000 Z114.470043 E10.351045767672291827 F68.754935
; R03 POINT 174 point-0000174 deposition
G1 A90.000000 C-30.000000 X340.166605 Y-255.000000 Z85.085843 E10.411543573662817637 F68.754935
; R03 POINT 175 point-0000175 deposition
G1 A90.000000 C-35.000000 X344.902112 Y-255.000000 Z55.175097 E10.472041379653343447 F68.754935
; R03 POINT 176 point-0000176 deposition
G1 A90.000000 C-40.000000 X347.012705 Y-255.000000 Z24.965443 E10.532539185643869582 F68.754935
; R03 POINT 177 point-0000177 deposition
G1 A90.000000 C-45.000000 X346.482323 Y-255.000000 Z-5.313203 E10.593036991634395472 F68.754935
; R03 POINT 178 point-0000178 deposition
G1 A90.000000 C-50.000000 X343.315000 Y-255.000000 Z-35.430405 E10.653534797624921232 F68.754935
; R03 POINT 179 point-0000179 deposition
G1 A90.000000 C-55.000000 X337.534844 Y-255.000000 Z-65.156951 E10.714032603615447367 F68.754935
; R03 POINT 180 point-0000180 deposition
G1 A90.000000 C-60.000000 X329.185843 Y-255.000000 Z-94.266605 E10.774530409605973211 F68.754935
; R03 POINT 181 point-0000181 deposition
G1 A90.000000 C-65.000000 X318.331539 Y-255.000000 Z-122.537824 E10.835028215596499021 F68.754935
; R03 POINT 182 point-0000182 deposition
G1 A90.000000 C-70.000000 X305.054540 Y-255.000000 Z-149.755448 E10.895526021587024781 F68.754935
; R03 POINT 183 point-0000183 deposition
G1 A90.000000 C-75.000000 X289.455892 Y-255.000000 Z-175.712334 E10.956023827577550591 F68.754935
; R03 POINT 184 point-0000184 deposition
G1 A90.000000 C-80.000000 X271.654309 Y-255.000000 Z-200.210935 E11.016521633568076365 F68.754935
; R03 POINT 185 point-0000185 deposition
G1 A90.000000 C-85.000000 X251.785274 Y-255.000000 Z-223.064801 E11.077019439558602625 F68.754935
; R03 POINT 186 point-0000186 deposition
G1 A90.000000 C-90.000000 X230.000000 Y-255.000000 Z-244.100000 E11.137517245549128435 F68.754935
; R03 POINT 187 point-0000187 deposition
G1 A90.000000 C-95.000000 X206.464287 Y-255.000000 Z-263.156442 E11.198015051539654245 F68.754935
; R03 POINT 188 point-0000188 deposition
G1 A90.000000 C-100.000000 X181.357257 Y-255.000000 Z-280.089097 E11.258512857530180331 F68.754935
; R03 POINT 189 point-0000189 deposition
G1 A90.000000 C-105.000000 X154.869988 Y-255.000000 Z-294.769095 E11.319010663520705721 F68.754935
; R03 POINT 190 point-0000190 deposition
G1 A90.000000 C-110.000000 X127.204066 Y-255.000000 Z-307.084714 E11.379508469511231967 F68.754935
; R03 POINT 191 point-0000191 deposition
G1 A90.000000 C-115.000000 X98.570043 Y-255.000000 Z-316.942225 E11.440006275501757811 F68.754935
; R03 POINT 192 point-0000192 deposition
G1 A90.000000 C-120.000000 X69.185843 Y-255.000000 Z-324.266605 E11.500504081492283861 F68.754935
; R03 POINT 193 point-0000193 deposition
G1 A90.000000 C-125.000000 X39.275097 Y-255.000000 Z-329.002112 E11.561001887482809301 F68.754935
; R03 POINT 194 point-0000194 deposition
G1 A90.000000 C-130.000000 X9.065443 Y-255.000000 Z-331.112705 E11.621499693473335367 F68.754935
; R03 POINT 195 point-0000195 deposition
G1 A90.000000 C-135.000000 X-21.213203 Y-255.000000 Z-330.582323 E11.681997499463861257 F68.754935
; R03 POINT 196 point-0000196 deposition
G1 A90.000000 C-140.000000 X-51.330405 Y-255.000000 Z-327.415000 E11.742495305454387077 F68.754935
; R03 POINT 197 point-0000197 deposition
G1 A90.000000 C-145.000000 X-81.056951 Y-255.000000 Z-321.634844 E11.802993111444912967 F68.754935
; R03 POINT 198 point-0000198 deposition
G1 A90.000000 C-150.000000 X-110.166605 Y-255.000000 Z-313.285843 E11.863490917435438727 F68.754935
; R03 POINT 199 point-0000199 deposition
G1 A90.000000 C-155.000000 X-138.437824 Y-255.000000 Z-302.431539 E11.923988723425965217 F68.754935
; R03 POINT 200 point-0000200 deposition
G1 A90.000000 C-160.000000 X-165.655448 Y-255.000000 Z-289.154540 E11.984486529416490327 F68.754935
; R03 POINT 201 point-0000201 deposition
G1 A90.000000 C-165.000000 X-191.612334 Y-255.000000 Z-273.555892 E12.044984335407016827 F68.754935
; R03 POINT 202 point-0000202 deposition
G1 A90.000000 C-170.000000 X-216.110935 Y-255.000000 Z-255.754309 E12.105482141397542637 F68.754935
; R03 POINT 203 point-0000203 deposition
G1 A90.000000 C-175.000000 X-238.964801 Y-255.000000 Z-235.885274 E12.165979947388068411 F68.754935
; R03 POINT 204 point-0000204 deposition
G1 A90.000000 C-180.000000 X-260.000000 Y-255.000000 Z-214.100000 E12.226477753378594301 F68.754935
; R03 POINT 205 point-0000205 deposition
G1 A90.000000 C-185.000000 X-279.056442 Y-255.000000 Z-190.564287 E12.286975559369120111 F68.754935
; R03 POINT 206 point-0000206 deposition
G1 A90.000000 C-190.000000 X-295.989097 Y-255.000000 Z-165.457257 E12.347473365359645931 F68.754935
; R03 POINT 207 point-0000207 deposition
G1 A90.000000 C-195.000000 X-310.669095 Y-255.000000 Z-138.969988 E12.407971171350171691 F68.754935
; R03 POINT 208 point-0000208 deposition
G1 A90.000000 C-200.000000 X-322.984714 Y-255.000000 Z-111.304066 E12.468468977340698076 F68.754935
; R03 POINT 209 point-0000209 deposition
G1 A90.000000 C-205.000000 X-332.842225 Y-255.000000 Z-82.670043 E12.528966783331223396 F68.754935
; R03 POINT 210 point-0000210 deposition
G1 A90.000000 C-210.000000 X-340.166605 Y-255.000000 Z-53.285843 E12.589464589321749886 F68.754935
; R03 POINT 211 point-0000211 deposition
G1 A90.000000 C-215.000000 X-344.902112 Y-255.000000 Z-23.375097 E12.649962395312275696 F68.754935
; R03 POINT 212 point-0000212 deposition
G1 A90.000000 C-220.000000 X-347.012705 Y-255.000000 Z6.834557 E12.710460201302801262 F68.754935
; R03 POINT 213 point-0000213 deposition
G1 A90.000000 C-225.000000 X-346.482323 Y-255.000000 Z37.113203 E12.770958007293327262 F68.754935
; R03 POINT 214 point-0000214 deposition
G1 A90.000000 C-230.000000 X-343.315000 Y-255.000000 Z67.230405 E12.831455813283853022 F68.754935
; R03 POINT 215 point-0000215 deposition
G1 A90.000000 C-235.000000 X-337.534844 Y-255.000000 Z96.956951 E12.891953619274378952 F68.754935
; R03 POINT 216 point-0000216 deposition
G1 A90.000000 C-240.000000 X-329.185843 Y-255.000000 Z126.066605 E12.952451425264904762 F68.754935
; R03 POINT 217 point-0000217 deposition
G1 A90.000000 C-245.000000 X-318.331539 Y-255.000000 Z154.337824 E13.012949231255431168 F68.754935
; R03 POINT 218 point-0000218 deposition
G1 A90.000000 C-250.000000 X-305.054540 Y-255.000000 Z181.555448 E13.073447037245956262 F68.754935
; R03 POINT 219 point-0000219 deposition
G1 A90.000000 C-255.000000 X-289.455892 Y-255.000000 Z207.512334 E13.133944843236482762 F68.754935
; R03 POINT 220 point-0000220 deposition
G1 A90.000000 C-260.000000 X-271.654309 Y-255.000000 Z232.010935 E13.194442649227008696 F68.754935
; R03 POINT 221 point-0000221 deposition
G1 A90.000000 C-265.000000 X-251.785274 Y-255.000000 Z254.864801 E13.254940455217534422 F68.754935
; R03 POINT 222 point-0000222 deposition
G1 A90.000000 C-270.000000 X-230.000000 Y-255.000000 Z275.900000 E13.315438261208060232 F68.754935
; R03 EVENT event-0000016 index_end
; R03 EVENT event-0000017 retract
G94 ; extrusion actuator feed
G1 E12.315438261208060232 F120.000000
G93 ; resume inverse-time motion
; R03 EVENT event-0000018 safe_depart
; R03 POINT 223 point-0000223 depart
G1 A90.000000 C-270.000000 X-230.000000 Y-255.000000 Z276.900000 F120.000000
; R03 POINT 224 point-0000224 travel
G1 A90.000000 C-270.000000 X-230.000000 Y-255.800000 Z276.900000 F150.000000
; R03 EVENT event-0000019 operation_change
; R03 EVENT event-0000020 safe_approach
; R03 POINT 225 point-0000225 approach
G1 A90.000000 C-270.000000 X-230.000000 Y-255.800000 Z274.300000 F46.153846
; R03 EVENT event-0000021 index_start
; R03 EVENT event-0000022 prime
G94 ; extrusion actuator feed
G1 E13.315438261208060232 F120.000000
G93 ; resume inverse-time motion
; R03 POINT 226 point-0000226 deposition
G1 A90.000000 C-265.000000 X-251.785274 Y-255.800000 Z253.264801 E13.368972290969460792 F68.754935
; R03 POINT 227 point-0000227 deposition
G1 A90.000000 C-260.000000 X-271.654309 Y-255.800000 Z230.410935 E13.422506320730861272 F68.754935
; R03 POINT 228 point-0000228 deposition
G1 A90.000000 C-255.000000 X-289.455892 Y-255.800000 Z205.912334 E13.476040350492261862 F68.754935
; R03 POINT 229 point-0000229 deposition
G1 A90.000000 C-250.000000 X-305.054540 Y-255.800000 Z179.955448 E13.529574380253662352 F68.754935
; R03 POINT 230 point-0000230 deposition
G1 A90.000000 C-245.000000 X-318.331539 Y-255.800000 Z152.737824 E13.583108410015063479 F68.754935
; R03 POINT 231 point-0000231 deposition
G1 A90.000000 C-240.000000 X-329.185843 Y-255.800000 Z124.466605 E13.636642439776463969 F68.754935
; R03 POINT 232 point-0000232 deposition
G1 A90.000000 C-235.000000 X-337.534844 Y-255.800000 Z95.356951 E13.690176469537864559 F68.754935
; R03 POINT 233 point-0000233 deposition
G1 A90.000000 C-230.000000 X-343.315000 Y-255.800000 Z65.630405 E13.743710499299265059 F68.754935
; R03 POINT 234 point-0000234 deposition
G1 A90.000000 C-225.000000 X-346.482323 Y-255.800000 Z35.513203 E13.797244529060665506 F68.754935
; R03 POINT 235 point-0000235 deposition
G1 A90.000000 C-220.000000 X-347.012705 Y-255.800000 Z5.234557 E13.850778558822066091 F68.754935
; R03 POINT 236 point-0000236 deposition
G1 A90.000000 C-215.000000 X-344.902112 Y-255.800000 Z-24.975097 E13.904312588583466711 F68.754935
; R03 POINT 237 point-0000237 deposition
G1 A90.000000 C-210.000000 X-340.166605 Y-255.800000 Z-54.885843 E13.957846618344867201 F68.754935
; R03 POINT 238 point-0000238 deposition
G1 A90.000000 C-205.000000 X-332.842225 Y-255.800000 Z-84.270043 E14.011380648106268311 F68.754935
; R03 POINT 239 point-0000239 deposition
G1 A90.000000 C-200.000000 X-322.984714 Y-255.800000 Z-112.904066 E14.064914677867668896 F68.754935
; R03 POINT 240 point-0000240 deposition
G1 A90.000000 C-195.000000 X-310.669095 Y-255.800000 Z-140.569988 E14.118448707629069446 F68.754935
; R03 POINT 241 point-0000241 deposition
G1 A90.000000 C-190.000000 X-295.989097 Y-255.800000 Z-167.057257 E14.171982737390469926 F68.754935
; R03 POINT 242 point-0000242 deposition
G1 A90.000000 C-185.000000 X-279.056442 Y-255.800000 Z-192.164287 E14.225516767151870556 F68.754935
; R03 POINT 243 point-0000243 deposition
G1 A90.000000 C-180.000000 X-260.000000 Y-255.800000 Z-215.700000 E14.279050796913271036 F68.754935
; R03 POINT 244 point-0000244 deposition
G1 A90.000000 C-175.000000 X-238.964801 Y-255.800000 Z-237.485274 E14.332584826674671596 F68.754935
; R03 POINT 245 point-0000245 deposition
G1 A90.000000 C-170.000000 X-216.110935 Y-255.800000 Z-257.354309 E14.386118856436072136 F68.754935
; R03 POINT 246 point-0000246 deposition
G1 A90.000000 C-165.000000 X-191.612334 Y-255.800000 Z-275.155892 E14.439652886197472652 F68.754935
; R03 POINT 247 point-0000247 deposition
G1 A90.000000 C-160.000000 X-165.655448 Y-255.800000 Z-290.754540 E14.493186915958873192 F68.754935
; R03 POINT 248 point-0000248 deposition
G1 A90.000000 C-155.000000 X-138.437824 Y-255.800000 Z-304.031539 E14.546720945720273732 F68.754935
; R03 POINT 249 point-0000249 deposition
G1 A90.000000 C-150.000000 X-110.166605 Y-255.800000 Z-314.885843 E14.600254975481674338 F68.754935
; R03 POINT 250 point-0000250 deposition
G1 A90.000000 C-145.000000 X-81.056951 Y-255.800000 Z-323.234844 E14.653789005243074788 F68.754935
; R03 POINT 251 point-0000251 deposition
G1 A90.000000 C-140.000000 X-51.330405 Y-255.800000 Z-329.015000 E14.707323035004475878 F68.754935
; R03 POINT 252 point-0000252 deposition
G1 A90.000000 C-135.000000 X-21.213203 Y-255.800000 Z-332.182323 E14.760857064765876463 F68.754935
; R03 POINT 253 point-0000253 deposition
G1 A90.000000 C-130.000000 X9.065443 Y-255.800000 Z-332.712705 E14.814391094527276979 F68.754935
; R03 POINT 254 point-0000254 deposition
G1 A90.000000 C-125.000000 X39.275097 Y-255.800000 Z-330.602112 E14.867925124288677793 F68.754935
; R03 POINT 255 point-0000255 deposition
G1 A90.000000 C-120.000000 X69.185843 Y-255.800000 Z-325.866605 E14.921459154050078333 F68.754935
; R03 POINT 256 point-0000256 deposition
G1 A90.000000 C-115.000000 X98.570043 Y-255.800000 Z-318.542225 E14.974993183811478873 F68.754935
; R03 POINT 257 point-0000257 deposition
G1 A90.000000 C-110.000000 X127.204066 Y-255.800000 Z-308.684714 E15.028527213572879533 F68.754935
; R03 POINT 258 point-0000258 deposition
G1 A90.000000 C-105.000000 X154.869988 Y-255.800000 Z-296.369095 E15.082061243334280049 F68.754935
; R03 POINT 259 point-0000259 deposition
G1 A90.000000 C-100.000000 X181.357257 Y-255.800000 Z-281.689097 E15.135595273095680479 F68.754935
; R03 POINT 260 point-0000260 deposition
G1 A90.000000 C-95.000000 X206.464287 Y-255.800000 Z-264.756442 E15.189129302857081479 F68.754935
; R03 POINT 261 point-0000261 deposition
G1 A90.000000 C-90.000000 X230.000000 Y-255.800000 Z-245.700000 E15.242663332618481863 F68.754935
; R03 POINT 262 point-0000262 deposition
G1 A90.000000 C-85.000000 X251.785274 Y-255.800000 Z-224.664801 E15.296197362379882423 F68.754935
; R03 POINT 263 point-0000263 deposition
G1 A90.000000 C-80.000000 X271.654309 Y-255.800000 Z-201.810935 E15.349731392141283253 F68.754935
; R03 POINT 264 point-0000264 deposition
G1 A90.000000 C-75.000000 X289.455892 Y-255.800000 Z-177.312334 E15.403265421902683513 F68.754935
; R03 POINT 265 point-0000265 deposition
G1 A90.000000 C-70.000000 X305.054540 Y-255.800000 Z-151.355448 E15.456799451664084397 F68.754935
; R03 POINT 266 point-0000266 deposition
G1 A90.000000 C-65.000000 X318.331539 Y-255.800000 Z-124.137824 E15.510333481425484887 F68.754935
; R03 POINT 267 point-0000267 deposition
G1 A90.000000 C-60.000000 X329.185843 Y-255.800000 Z-95.866605 E15.563867511186885771 F68.754935
; R03 POINT 268 point-0000268 deposition
G1 A90.000000 C-55.000000 X337.534844 Y-255.800000 Z-66.756951 E15.617401540948285975 F68.754935
; R03 POINT 269 point-0000269 deposition
G1 A90.000000 C-50.000000 X343.315000 Y-255.800000 Z-37.030405 E15.670935570709686859 F68.754935
; R03 POINT 270 point-0000270 deposition
G1 A90.000000 C-45.000000 X346.482323 Y-255.800000 Z-6.913203 E15.724469600471087309 F68.754935
; R03 POINT 271 point-0000271 deposition
G1 A90.000000 C-40.000000 X347.012705 Y-255.800000 Z23.365443 E15.778003630232487894 F68.754935
; R03 POINT 272 point-0000272 deposition
G1 A90.000000 C-35.000000 X344.902112 Y-255.800000 Z53.575097 E15.831537659993888454 F68.754935
; R03 POINT 273 point-0000273 deposition
G1 A90.000000 C-30.000000 X340.166605 Y-255.800000 Z83.485843 E15.885071689755289004 F68.754935
; R03 POINT 274 point-0000274 deposition
G1 A90.000000 C-25.000000 X332.842225 Y-255.800000 Z112.870043 E15.938605719516690044 F68.754935
; R03 POINT 275 point-0000275 deposition
G1 A90.000000 C-20.000000 X322.984714 Y-255.800000 Z141.504066 E15.992139749278090060 F68.754935
; R03 POINT 276 point-0000276 deposition
G1 A90.000000 C-15.000000 X310.669095 Y-255.800000 Z169.169988 E16.045673779039491166 F68.754935
; R03 POINT 277 point-0000277 deposition
G1 A90.000000 C-10.000000 X295.989097 Y-255.800000 Z195.657257 E16.099207808800891716 F68.754935
; R03 POINT 278 point-0000278 deposition
G1 A90.000000 C-5.000000 X279.056442 Y-255.800000 Z220.764287 E16.152741838562292266 F68.754935
; R03 POINT 279 point-0000279 deposition
G1 A90.000000 C0.000000 X260.000000 Y-255.800000 Z244.300000 E16.206275868323692746 F68.754935
; R03 POINT 280 point-0000280 deposition
G1 A90.000000 C5.000000 X238.964801 Y-255.800000 Z266.085274 E16.259809898085093306 F68.754935
; R03 POINT 281 point-0000281 deposition
G1 A90.000000 C10.000000 X216.110935 Y-255.800000 Z285.954309 E16.313343927846493856 F68.754935
; R03 POINT 282 point-0000282 deposition
G1 A90.000000 C15.000000 X191.612334 Y-255.800000 Z303.755892 E16.366877957607894396 F68.754935
; R03 POINT 283 point-0000283 deposition
G1 A90.000000 C20.000000 X165.655448 Y-255.800000 Z319.354540 E16.420411987369295486 F68.754935
; R03 POINT 284 point-0000284 deposition
G1 A90.000000 C25.000000 X138.437824 Y-255.800000 Z332.631539 E16.473946017130695596 F68.754935
; R03 POINT 285 point-0000285 deposition
G1 A90.000000 C30.000000 X110.166605 Y-255.800000 Z343.485843 E16.527480046892096686 F68.754935
; R03 POINT 286 point-0000286 deposition
G1 A90.000000 C35.000000 X81.056951 Y-255.800000 Z351.834844 E16.581014076653497226 F68.754935
; R03 POINT 287 point-0000287 deposition
G1 A90.000000 C40.000000 X51.330405 Y-255.800000 Z357.615000 E16.634548106414897706 F68.754935
; R03 POINT 288 point-0000288 deposition
G1 A90.000000 C45.000000 X21.213203 Y-255.800000 Z360.782323 E16.688082136176298222 F68.754935
; R03 POINT 289 point-0000289 deposition
G1 A90.000000 C50.000000 X-9.065443 Y-255.800000 Z361.312705 E16.741616165937698807 F68.754935
; R03 POINT 290 point-0000290 deposition
G1 A90.000000 C55.000000 X-39.275097 Y-255.800000 Z359.202112 E16.795150195699099357 F68.754935
; R03 POINT 291 point-0000291 deposition
G1 A90.000000 C60.000000 X-69.185843 Y-255.800000 Z354.466605 E16.848684225460499927 F68.754935
; R03 POINT 292 point-0000292 deposition
G1 A90.000000 C65.000000 X-98.570043 Y-255.800000 Z347.142225 E16.902218255221900967 F68.754935
; R03 POINT 293 point-0000293 deposition
G1 A90.000000 C70.000000 X-127.204066 Y-255.800000 Z337.284714 E16.955752284983300917 F68.754935
; R03 POINT 294 point-0000294 deposition
G1 A90.000000 C75.000000 X-154.869988 Y-255.800000 Z324.969095 E17.009286314744702023 F68.754935
; R03 POINT 295 point-0000295 deposition
G1 A90.000000 C80.000000 X-181.357257 Y-255.800000 Z310.289097 E17.062820344506102613 F68.754935
; R03 POINT 296 point-0000296 deposition
G1 A90.000000 C85.000000 X-206.464287 Y-255.800000 Z293.356442 E17.116354374267503093 F68.754935
; R03 POINT 297 point-0000297 deposition
G1 A90.000000 C90.000000 X-230.000000 Y-255.800000 Z274.300000 E17.169888404028903653 F68.754935
; R03 EVENT event-0000023 index_end
; R03 EVENT event-0000024 retract
G94 ; extrusion actuator feed
G1 E16.169888404028903653 F120.000000
G93 ; resume inverse-time motion
; R03 EVENT event-0000025 safe_depart
; R03 POINT 298 point-0000298 depart
G1 A90.000000 C90.000000 X-230.000000 Y-255.800000 Z276.100000 F66.666667
; R03 EVENT event-0000026 safe_approach
; R03 POINT 299 point-0000299 approach
G1 A90.000000 C90.000000 X-230.000000 Y-255.800000 Z275.100000 F120.000000
; R03 EVENT event-0000027 index_start
; R03 EVENT event-0000028 prime
G94 ; extrusion actuator feed
G1 E17.169888404028903653 F120.000000
G93 ; resume inverse-time motion
; R03 POINT 300 point-0000300 deposition
G1 A90.000000 C85.000000 X-206.464287 Y-255.800000 Z294.156442 E17.226904321904866923 F68.754935
; R03 POINT 301 point-0000301 deposition
G1 A90.000000 C80.000000 X-181.357257 Y-255.800000 Z311.089097 E17.283920239780830189 F68.754935
; R03 POINT 302 point-0000302 deposition
G1 A90.000000 C75.000000 X-154.869988 Y-255.800000 Z325.769095 E17.340936157656793389 F68.754935
; R03 POINT 303 point-0000303 deposition
G1 A90.000000 C70.000000 X-127.204066 Y-255.800000 Z338.084714 E17.397952075532756609 F68.754935
; R03 POINT 304 point-0000304 deposition
G1 A90.000000 C65.000000 X-98.570043 Y-255.800000 Z347.942225 E17.454967993408719919 F68.754935
; R03 POINT 305 point-0000305 deposition
G1 A90.000000 C60.000000 X-69.185843 Y-255.800000 Z355.266605 E17.511983911284682999 F68.754935
; R03 POINT 306 point-0000306 deposition
G1 A90.000000 C55.000000 X-39.275097 Y-255.800000 Z360.002112 E17.568999829160646309 F68.754935
; R03 POINT 307 point-0000307 deposition
G1 A90.000000 C50.000000 X-9.065443 Y-255.800000 Z362.112705 E17.626015747036609485 F68.754935
; R03 POINT 308 point-0000308 deposition
G1 A90.000000 C45.000000 X21.213203 Y-255.800000 Z361.582323 E17.683031664912572895 F68.754935
; R03 POINT 309 point-0000309 deposition
G1 A90.000000 C40.000000 X51.330405 Y-255.800000 Z358.415000 E17.740047582788536009 F68.754935
; R03 POINT 310 point-0000310 deposition
G1 A90.000000 C35.000000 X81.056951 Y-255.800000 Z352.634844 E17.797063500664499369 F68.754935
; R03 POINT 311 point-0000311 deposition
G1 A90.000000 C30.000000 X110.166605 Y-255.800000 Z344.285843 E17.854079418540462509 F68.754935
; R03 POINT 312 point-0000312 deposition
G1 A90.000000 C25.000000 X138.437824 Y-255.800000 Z333.431539 E17.911095336416425799 F68.754935
; R03 POINT 313 point-0000313 deposition
G1 A90.000000 C20.000000 X165.655448 Y-255.800000 Z320.154540 E17.968111254292388979 F68.754935
; R03 POINT 314 point-0000314 deposition
G1 A90.000000 C15.000000 X191.612334 Y-255.800000 Z304.555892 E18.025127172168352279 F68.754935
; R03 POINT 315 point-0000315 deposition
G1 A90.000000 C10.000000 X216.110935 Y-255.800000 Z286.754309 E18.082143090044315459 F68.754935
; R03 POINT 316 point-0000316 deposition
G1 A90.000000 C5.000000 X238.964801 Y-255.800000 Z266.885274 E18.139159007920278639 F68.754935
; R03 POINT 317 point-0000317 deposition
G1 A90.000000 C0.000000 X260.000000 Y-255.800000 Z245.100000 E18.196174925796241999 F68.754935
; R03 POINT 318 point-0000318 deposition
G1 A90.000000 C-5.000000 X279.056442 Y-255.800000 Z221.564287 E18.253190843672205269 F68.754935
; R03 POINT 319 point-0000319 deposition
G1 A90.000000 C-10.000000 X295.989097 Y-255.800000 Z196.457257 E18.310206761548168449 F68.754935
; R03 POINT 320 point-0000320 deposition
G1 A90.000000 C-15.000000 X310.669095 Y-255.800000 Z169.969988 E18.367222679424131759 F68.754935
; R03 POINT 321 point-0000321 deposition
G1 A90.000000 C-20.000000 X322.984714 Y-255.800000 Z142.304066 E18.424238597300094935 F68.754935
; R03 POINT 322 point-0000322 deposition
G1 A90.000000 C-25.000000 X332.842225 Y-255.800000 Z113.670043 E18.481254515176058085 F68.754935
; R03 POINT 323 point-0000323 deposition
G1 A90.000000 C-30.000000 X340.166605 Y-255.800000 Z84.285843 E18.538270433052021295 F68.754935
; R03 POINT 324 point-0000324 deposition
G1 A90.000000 C-35.000000 X344.902112 Y-255.800000 Z54.375097 E18.595286350927984435 F68.754935
; R03 POINT 325 point-0000325 deposition
G1 A90.000000 C-40.000000 X347.012705 Y-255.800000 Z24.165443 E18.652302268803947915 F68.754935
; R03 POINT 326 point-0000326 deposition
G1 A90.000000 C-45.000000 X346.482323 Y-255.800000 Z-6.113203 E18.709318186679911091 F68.754935
; R03 POINT 327 point-0000327 deposition
G1 A90.000000 C-50.000000 X343.315000 Y-255.800000 Z-36.230405 E18.766334104555874267 F68.754935
; R03 POINT 328 point-0000328 deposition
G1 A90.000000 C-55.000000 X337.534844 Y-255.800000 Z-65.956951 E18.823350022431837747 F68.754935
; R03 POINT 329 point-0000329 deposition
G1 A90.000000 C-60.000000 X329.185843 Y-255.800000 Z-95.066605 E18.880365940307800947 F68.754935
; R03 POINT 330 point-0000330 deposition
G1 A90.000000 C-65.000000 X318.331539 Y-255.800000 Z-123.337824 E18.937381858183764123 F68.754935
; R03 POINT 331 point-0000331 deposition
G1 A90.000000 C-70.000000 X305.054540 Y-255.800000 Z-150.555448 E18.994397776059727303 F68.754935
; R03 POINT 332 point-0000332 deposition
G1 A90.000000 C-75.000000 X289.455892 Y-255.800000 Z-176.512334 E19.051413693935690417 F68.754935
; R03 POINT 333 point-0000333 deposition
G1 A90.000000 C-80.000000 X271.654309 Y-255.800000 Z-201.010935 E19.108429611811653617 F68.754935
; R03 POINT 334 point-0000334 deposition
G1 A90.000000 C-85.000000 X251.785274 Y-255.800000 Z-223.864801 E19.165445529687617067 F68.754935
; R03 POINT 335 point-0000335 deposition
G1 A90.000000 C-90.000000 X230.000000 Y-255.800000 Z-244.900000 E19.222461447563580337 F68.754935
; R03 POINT 336 point-0000336 deposition
G1 A90.000000 C-95.000000 X206.464287 Y-255.800000 Z-263.956442 E19.279477365439543427 F68.754935
; R03 POINT 337 point-0000337 deposition
G1 A90.000000 C-100.000000 X181.357257 Y-255.800000 Z-280.889097 E19.336493283315506877 F68.754935
; R03 POINT 338 point-0000338 deposition
G1 A90.000000 C-105.000000 X154.869988 Y-255.800000 Z-295.569095 E19.393509201191469692 F68.754935
; R03 POINT 339 point-0000339 deposition
G1 A90.000000 C-110.000000 X127.204066 Y-255.800000 Z-307.884714 E19.450525119067433187 F68.754935
; R03 POINT 340 point-0000340 deposition
G1 A90.000000 C-115.000000 X98.570043 Y-255.800000 Z-317.742225 E19.507541036943396337 F68.754935
; R03 POINT 341 point-0000341 deposition
G1 A90.000000 C-120.000000 X69.185843 Y-255.800000 Z-325.066605 E19.564556954819359817 F68.754935
; R03 POINT 342 point-0000342 deposition
G1 A90.000000 C-125.000000 X39.275097 Y-255.800000 Z-329.802112 E19.621572872695322771 F68.754935
; R03 POINT 343 point-0000343 deposition
G1 A90.000000 C-130.000000 X9.065443 Y-255.800000 Z-331.912705 E19.678588790571286176 F68.754935
; R03 POINT 344 point-0000344 deposition
G1 A90.000000 C-135.000000 X-21.213203 Y-255.800000 Z-331.382323 E19.735604708447249406 F68.754935
; R03 POINT 345 point-0000345 deposition
G1 A90.000000 C-140.000000 X-51.330405 Y-255.800000 Z-328.215000 E19.792620626323212582 F68.754935
; R03 POINT 346 point-0000346 deposition
G1 A90.000000 C-145.000000 X-81.056951 Y-255.800000 Z-322.434844 E19.849636544199175758 F68.754935
; R03 POINT 347 point-0000347 deposition
G1 A90.000000 C-150.000000 X-110.166605 Y-255.800000 Z-314.085843 E19.906652462075138838 F68.754935
; R03 POINT 348 point-0000348 deposition
G1 A90.000000 C-155.000000 X-138.437824 Y-255.800000 Z-303.231539 E19.963668379951102728 F68.754935
; R03 POINT 349 point-0000349 deposition
G1 A90.000000 C-160.000000 X-165.655448 Y-255.800000 Z-289.954540 E20.020684297827065318 F68.754935
; R03 POINT 350 point-0000350 deposition
G1 A90.000000 C-165.000000 X-191.612334 Y-255.800000 Z-274.355892 E20.077700215703029042 F68.754935
; R03 POINT 351 point-0000351 deposition
G1 A90.000000 C-170.000000 X-216.110935 Y-255.800000 Z-256.554309 E20.134716133578992242 F68.754935
; R03 POINT 352 point-0000352 deposition
G1 A90.000000 C-175.000000 X-238.964801 Y-255.800000 Z-236.685274 E20.191732051454955442 F68.754935
; R03 POINT 353 point-0000353 deposition
G1 A90.000000 C-180.000000 X-260.000000 Y-255.800000 Z-214.900000 E20.248747969330918618 F68.754935
; R03 POINT 354 point-0000354 deposition
G1 A90.000000 C-185.000000 X-279.056442 Y-255.800000 Z-191.364287 E20.305763887206881794 F68.754935
; R03 POINT 355 point-0000355 deposition
G1 A90.000000 C-190.000000 X-295.989097 Y-255.800000 Z-166.257257 E20.362779805082844908 F68.754935
; R03 POINT 356 point-0000356 deposition
G1 A90.000000 C-195.000000 X-310.669095 Y-255.800000 Z-139.769988 E20.419795722958808108 F68.754935
; R03 POINT 357 point-0000357 deposition
G1 A90.000000 C-200.000000 X-322.984714 Y-255.800000 Z-112.104066 E20.476811640834771832 F68.754935
; R03 POINT 358 point-0000358 deposition
G1 A90.000000 C-205.000000 X-332.842225 Y-255.800000 Z-83.470043 E20.533827558710734512 F68.754935
; R03 POINT 359 point-0000359 deposition
G1 A90.000000 C-210.000000 X-340.166605 Y-255.800000 Z-54.085843 E20.590843476586698236 F68.754935
; R03 POINT 360 point-0000360 deposition
G1 A90.000000 C-215.000000 X-344.902112 Y-255.800000 Z-24.175097 E20.647859394462661376 F68.754935
; R03 POINT 361 point-0000361 deposition
G1 A90.000000 C-220.000000 X-347.012705 Y-255.800000 Z6.034557 E20.704875312338624552 F68.754935
; R03 POINT 362 point-0000362 deposition
G1 A90.000000 C-225.000000 X-346.482323 Y-255.800000 Z36.313203 E20.761891230214587912 F68.754935
; R03 POINT 363 point-0000363 deposition
G1 A90.000000 C-230.000000 X-343.315000 Y-255.800000 Z66.430405 E20.818907148090550902 F68.754935
; R03 POINT 364 point-0000364 deposition
G1 A90.000000 C-235.000000 X-337.534844 Y-255.800000 Z96.156951 E20.875923065966514032 F68.754935
; R03 POINT 365 point-0000365 deposition
G1 A90.000000 C-240.000000 X-329.185843 Y-255.800000 Z125.266605 E20.932938983842477332 F68.754935
; R03 POINT 366 point-0000366 deposition
G1 A90.000000 C-245.000000 X-318.331539 Y-255.800000 Z153.537824 E20.989954901718441056 F68.754935
; R03 POINT 367 point-0000367 deposition
G1 A90.000000 C-250.000000 X-305.054540 Y-255.800000 Z180.755448 E21.046970819594403646 F68.754935
; R03 POINT 368 point-0000368 deposition
G1 A90.000000 C-255.000000 X-289.455892 Y-255.800000 Z206.712334 E21.103986737470367336 F68.754935
; R03 POINT 369 point-0000369 deposition
G1 A90.000000 C-260.000000 X-271.654309 Y-255.800000 Z231.210935 E21.161002655346330536 F68.754935
; R03 POINT 370 point-0000370 deposition
G1 A90.000000 C-265.000000 X-251.785274 Y-255.800000 Z254.064801 E21.218018573222293802 F68.754935
; R03 POINT 371 point-0000371 deposition
G1 A90.000000 C-270.000000 X-230.000000 Y-255.800000 Z275.100000 E21.275034491098256892 F68.754935
; R03 EVENT event-0000029 index_end
; R03 EVENT event-0000030 retract
G94 ; extrusion actuator feed
G1 E20.275034491098256892 F120.000000
G93 ; resume inverse-time motion
; R03 EVENT event-0000031 safe_depart
; R03 POINT 372 point-0000372 depart
G1 A90.000000 C-270.000000 X-230.000000 Y-255.800000 Z276.900000 F66.666667
; R03 EVENT event-0000032 safe_approach
; R03 POINT 373 point-0000373 approach
G1 A90.000000 C-270.000000 X-230.000000 Y-255.800000 Z275.900000 F120.000000
; R03 EVENT event-0000033 index_start
; R03 EVENT event-0000034 prime
G94 ; extrusion actuator feed
G1 E21.275034491098256892 F120.000000
G93 ; resume inverse-time motion
; R03 POINT 374 point-0000374 deposition
G1 A90.000000 C-265.000000 X-251.785274 Y-255.800000 Z254.864801 E21.335532297088782702 F68.754935
; R03 POINT 375 point-0000375 deposition
G1 A90.000000 C-260.000000 X-271.654309 Y-255.800000 Z232.010935 E21.396030103079308428 F68.754935
; R03 POINT 376 point-0000376 deposition
G1 A90.000000 C-255.000000 X-289.455892 Y-255.800000 Z207.512334 E21.456527909069834362 F68.754935
; R03 POINT 377 point-0000377 deposition
G1 A90.000000 C-250.000000 X-305.054540 Y-255.800000 Z181.555448 E21.517025715060360082 F68.754935
; R03 POINT 378 point-0000378 deposition
G1 A90.000000 C-245.000000 X-318.331539 Y-255.800000 Z154.337824 E21.577523521050886522 F68.754935
; R03 POINT 379 point-0000379 deposition
G1 A90.000000 C-240.000000 X-329.185843 Y-255.800000 Z126.066605 E21.638021327041412382 F68.754935
; R03 POINT 380 point-0000380 deposition
G1 A90.000000 C-235.000000 X-337.534844 Y-255.800000 Z96.956951 E21.698519133031938192 F68.754935
; R03 POINT 381 point-0000381 deposition
G1 A90.000000 C-230.000000 X-343.315000 Y-255.800000 Z67.230405 E21.759016939022464122 F68.754935
; R03 POINT 382 point-0000382 deposition
G1 A90.000000 C-225.000000 X-346.482323 Y-255.800000 Z37.113203 E21.819514745012989882 F68.754935
; R03 POINT 383 point-0000383 deposition
G1 A90.000000 C-220.000000 X-347.012705 Y-255.800000 Z6.834557 E21.880012551003515882 F68.754935
; R03 POINT 384 point-0000384 deposition
G1 A90.000000 C-215.000000 X-344.902112 Y-255.800000 Z-23.375097 E21.940510356994041448 F68.754935
; R03 POINT 385 point-0000385 deposition
G1 A90.000000 C-210.000000 X-340.166605 Y-255.800000 Z-53.285843 E22.001008162984567258 F68.754935
; R03 POINT 386 point-0000386 deposition
G1 A90.000000 C-205.000000 X-332.842225 Y-255.800000 Z-82.670043 E22.061505968975093748 F68.754935
; R03 POINT 387 point-0000387 deposition
G1 A90.000000 C-200.000000 X-322.984714 Y-255.800000 Z-111.304066 E22.122003774965619558 F68.754935
; R03 POINT 388 point-0000388 deposition
G1 A90.000000 C-195.000000 X-310.669095 Y-255.800000 Z-138.969988 E22.182501580956145448 F68.754935
; R03 POINT 389 point-0000389 deposition
G1 A90.000000 C-190.000000 X-295.989097 Y-255.800000 Z-165.457257 E22.242999386946671208 F68.754935
; R03 POINT 390 point-0000390 deposition
G1 A90.000000 C-185.000000 X-279.056442 Y-255.800000 Z-190.564287 E22.303497192937197028 F68.754935
; R03 POINT 391 point-0000391 deposition
G1 A90.000000 C-180.000000 X-260.000000 Y-255.800000 Z-214.100000 E22.363994998927722838 F68.754935
; R03 POINT 392 point-0000392 deposition
G1 A90.000000 C-175.000000 X-238.964801 Y-255.800000 Z-235.885274 E22.424492804918248728 F68.754935
; R03 POINT 393 point-0000393 deposition
G1 A90.000000 C-170.000000 X-216.110935 Y-255.800000 Z-255.754309 E22.484990610908774502 F68.754935
; R03 POINT 394 point-0000394 deposition
G1 A90.000000 C-165.000000 X-191.612334 Y-255.800000 Z-273.555892 E22.545488416899300312 F68.754935
; R03 POINT 395 point-0000395 deposition
G1 A90.000000 C-160.000000 X-165.655448 Y-255.800000 Z-289.154540 E22.605986222889826156 F68.754935
; R03 POINT 396 point-0000396 deposition
G1 A90.000000 C-155.000000 X-138.437824 Y-255.800000 Z-302.431539 E22.666484028880351930 F68.754935
; R03 POINT 397 point-0000397 deposition
G1 A90.000000 C-150.000000 X-110.166605 Y-255.800000 Z-313.285843 E22.726981834870877910 F68.754935
; R03 POINT 398 point-0000398 deposition
G1 A90.000000 C-145.000000 X-81.056951 Y-255.800000 Z-321.634844 E22.787479640861403510 F68.754935
; R03 POINT 399 point-0000399 deposition
G1 A90.000000 C-140.000000 X-51.330405 Y-255.800000 Z-327.415000 E22.847977446851930050 F68.754935
; R03 POINT 400 point-0000400 deposition
G1 A90.000000 C-135.000000 X-21.213203 Y-255.800000 Z-330.582323 E22.908475252842455870 F68.754935
; R03 POINT 401 point-0000401 deposition
G1 A90.000000 C-130.000000 X9.065443 Y-255.800000 Z-331.112705 E22.968973058832981760 F68.754935
; R03 POINT 402 point-0000402 deposition
G1 A90.000000 C-125.000000 X39.275097 Y-255.800000 Z-329.002112 E23.029470864823507826 F68.754935
; R03 POINT 403 point-0000403 deposition
G1 A90.000000 C-120.000000 X69.185843 Y-255.800000 Z-324.266605 E23.089968670814033636 F68.754935
; R03 POINT 404 point-0000404 deposition
G1 A90.000000 C-115.000000 X98.570043 Y-255.800000 Z-316.942225 E23.150466476804559341 F68.754935
; R03 POINT 405 point-0000405 deposition
G1 A90.000000 C-110.000000 X127.204066 Y-255.800000 Z-307.084714 E23.210964282795085185 F68.754935
; R03 POINT 406 point-0000406 deposition
G1 A90.000000 C-105.000000 X154.869988 Y-255.800000 Z-294.769095 E23.271462088785611075 F68.754935
; R03 POINT 407 point-0000407 deposition
G1 A90.000000 C-100.000000 X181.357257 Y-255.800000 Z-280.089097 E23.331959894776136835 F68.754935
; R03 POINT 408 point-0000408 deposition
G1 A90.000000 C-95.000000 X206.464287 Y-255.800000 Z-263.156442 E23.392457700766662921 F68.754935
; R03 POINT 409 point-0000409 deposition
G1 A90.000000 C-90.000000 X230.000000 Y-255.800000 Z-244.100000 E23.452955506757188731 F68.754935
; R03 POINT 410 point-0000410 deposition
G1 A90.000000 C-85.000000 X251.785274 Y-255.800000 Z-223.064801 E23.513453312747714541 F68.754935
; R03 POINT 411 point-0000411 deposition
G1 A90.000000 C-80.000000 X271.654309 Y-255.800000 Z-200.210935 E23.573951118738240801 F68.754935
; R03 POINT 412 point-0000412 deposition
G1 A90.000000 C-75.000000 X289.455892 Y-255.800000 Z-175.712334 E23.634448924728766231 F68.754935
; R03 POINT 413 point-0000413 deposition
G1 A90.000000 C-70.000000 X305.054540 Y-255.800000 Z-149.755448 E23.694946730719292401 F68.754935
; R03 POINT 414 point-0000414 deposition
G1 A90.000000 C-65.000000 X318.331539 Y-255.800000 Z-122.537824 E23.755444536709818161 F68.754935
; R03 POINT 415 point-0000415 deposition
G1 A90.000000 C-60.000000 X329.185843 Y-255.800000 Z-94.266605 E23.815942342700344296 F68.754935
; R03 POINT 416 point-0000416 deposition
G1 A90.000000 C-55.000000 X337.534844 Y-255.800000 Z-65.156951 E23.876440148690869826 F68.754935
; R03 POINT 417 point-0000417 deposition
G1 A90.000000 C-50.000000 X343.315000 Y-255.800000 Z-35.430405 E23.936937954681395961 F68.754935
; R03 POINT 418 point-0000418 deposition
G1 A90.000000 C-45.000000 X346.482323 Y-255.800000 Z-5.313203 E23.997435760671921721 F68.754935
; R03 POINT 419 point-0000419 deposition
G1 A90.000000 C-40.000000 X347.012705 Y-255.800000 Z24.965443 E24.057933566662447611 F68.754935
; R03 POINT 420 point-0000420 deposition
G1 A90.000000 C-35.000000 X344.902112 Y-255.800000 Z55.175097 E24.118431372652973421 F68.754935
; R03 POINT 421 point-0000421 deposition
G1 A90.000000 C-30.000000 X340.166605 Y-255.800000 Z85.085843 E24.178929178643499281 F68.754935
; R03 POINT 422 point-0000422 deposition
G1 A90.000000 C-25.000000 X332.842225 Y-255.800000 Z114.470043 E24.239426984634025687 F68.754935
; R03 POINT 423 point-0000423 deposition
G1 A90.000000 C-20.000000 X322.984714 Y-255.800000 Z143.104066 E24.299924790624550897 F68.754935
; R03 POINT 424 point-0000424 deposition
G1 A90.000000 C-15.000000 X310.669095 Y-255.800000 Z170.769988 E24.360422596615077327 F68.754935
; R03 POINT 425 point-0000425 deposition
G1 A90.000000 C-10.000000 X295.989097 Y-255.800000 Z197.257257 E24.420920402605603087 F68.754935
; R03 POINT 426 point-0000426 deposition
G1 A90.000000 C-5.000000 X279.056442 Y-255.800000 Z222.364287 E24.481418208596128897 F68.754935
; R03 POINT 427 point-0000427 deposition
G1 A90.000000 C0.000000 X260.000000 Y-255.800000 Z245.900000 E24.541916014586654707 F68.754935
; R03 POINT 428 point-0000428 deposition
G1 A90.000000 C5.000000 X238.964801 Y-255.800000 Z267.685274 E24.602413820577180607 F68.754935
; R03 POINT 429 point-0000429 deposition
G1 A90.000000 C10.000000 X216.110935 Y-255.800000 Z287.554309 E24.662911626567706417 F68.754935
; R03 POINT 430 point-0000430 deposition
G1 A90.000000 C15.000000 X191.612334 Y-255.800000 Z305.355892 E24.723409432558232191 F68.754935
; R03 POINT 431 point-0000431 deposition
G1 A90.000000 C20.000000 X165.655448 Y-255.800000 Z320.954540 E24.783907238548758631 F68.754935
; R03 POINT 432 point-0000432 deposition
G1 A90.000000 C25.000000 X138.437824 Y-255.800000 Z334.231539 E24.844405044539283795 F68.754935
; R03 POINT 433 point-0000433 deposition
G1 A90.000000 C30.000000 X110.166605 Y-255.800000 Z345.085843 E24.904902850529810159 F68.754935
; R03 POINT 434 point-0000434 deposition
G1 A90.000000 C35.000000 X81.056951 Y-255.800000 Z353.434844 E24.965400656520336003 F68.754935
; R03 POINT 435 point-0000435 deposition
G1 A90.000000 C40.000000 X51.330405 Y-255.800000 Z359.215000 E25.025898462510861953 F68.754935
; R03 POINT 436 point-0000436 deposition
G1 A90.000000 C45.000000 X21.213203 Y-255.800000 Z362.382323 E25.086396268501387573 F68.754935
; R03 POINT 437 point-0000437 deposition
G1 A90.000000 C50.000000 X-9.065443 Y-255.800000 Z362.912705 E25.146894074491913523 F68.754935
; R03 POINT 438 point-0000438 deposition
G1 A90.000000 C55.000000 X-39.275097 Y-255.800000 Z360.802112 E25.207391880482439343 F68.754935
; R03 POINT 439 point-0000439 deposition
G1 A90.000000 C60.000000 X-69.185843 Y-255.800000 Z356.066605 E25.267889686472965153 F68.754935
; R03 POINT 440 point-0000440 deposition
G1 A90.000000 C65.000000 X-98.570043 Y-255.800000 Z348.742225 E25.328387492463491643 F68.754935
; R03 POINT 441 point-0000441 deposition
G1 A90.000000 C70.000000 X-127.204066 Y-255.800000 Z338.884714 E25.388885298454016753 F68.754935
; R03 POINT 442 point-0000442 deposition
G1 A90.000000 C75.000000 X-154.869988 Y-255.800000 Z326.569095 E25.449383104444543159 F68.754935
; R03 POINT 443 point-0000443 deposition
G1 A90.000000 C80.000000 X-181.357257 Y-255.800000 Z311.889097 E25.509880910435068919 F68.754935
; R03 POINT 444 point-0000444 deposition
G1 A90.000000 C85.000000 X-206.464287 Y-255.800000 Z294.956442 E25.570378716425594819 F68.754935
; R03 POINT 445 point-0000445 deposition
G1 A90.000000 C90.000000 X-230.000000 Y-255.800000 Z275.900000 E25.630876522416120629 F68.754935
; R03 EVENT event-0000035 index_end
; R03 EVENT event-0000036 retract
G94 ; extrusion actuator feed
G1 E24.630876522416120629 F120.000000
G93 ; resume inverse-time motion
; R03 EVENT event-0000037 safe_depart
; R03 POINT 446 point-0000446 depart
G1 A90.000000 C90.000000 X-230.000000 Y-255.800000 Z276.900000 F120.000000
; R03 POINT 447 point-0000447 travel
G1 A90.000000 C90.000000 X-230.000000 Y-256.600000 Z276.900000 F150.000000
; R03 EVENT event-0000038 operation_change
; R03 EVENT event-0000039 safe_approach
; R03 POINT 448 point-0000448 approach
G1 A90.000000 C90.000000 X-230.000000 Y-256.600000 Z274.300000 F46.153846
; R03 EVENT event-0000040 index_start
; R03 EVENT event-0000041 prime
G94 ; extrusion actuator feed
G1 E25.630876522416120629 F120.000000
G93 ; resume inverse-time motion
; R03 POINT 449 point-0000449 deposition
G1 A90.000000 C85.000000 X-206.464287 Y-256.600000 Z293.356442 E25.684410552177521189 F68.754935
; R03 POINT 450 point-0000450 deposition
G1 A90.000000 C80.000000 X-181.357257 Y-256.600000 Z310.289097 E25.737944581938921844 F68.754935
; R03 POINT 451 point-0000451 deposition
G1 A90.000000 C75.000000 X-154.869988 Y-256.600000 Z324.969095 E25.791478611700322434 F68.754935
; R03 POINT 452 point-0000452 deposition
G1 A90.000000 C70.000000 X-127.204066 Y-256.600000 Z337.284714 E25.845012641461722924 F68.754935
; R03 POINT 453 point-0000453 deposition
G1 A90.000000 C65.000000 X-98.570043 Y-256.600000 Z347.142225 E25.898546671223123648 F68.754935
; R03 POINT 454 point-0000454 deposition
G1 A90.000000 C60.000000 X-69.185843 Y-256.600000 Z354.466605 E25.952080700984524208 F68.754935
; R03 POINT 455 point-0000455 deposition
G1 A90.000000 C55.000000 X-39.275097 Y-256.600000 Z359.202112 E26.005614730745924863 F68.754935
; R03 POINT 456 point-0000456 deposition
G1 A90.000000 C50.000000 X-9.065443 Y-256.600000 Z361.312705 E26.059148760507325483 F68.754935
; R03 POINT 457 point-0000457 deposition
G1 A90.000000 C45.000000 X21.213203 Y-256.600000 Z360.782323 E26.112682790268726068 F68.754935
; R03 POINT 458 point-0000458 deposition
G1 A90.000000 C40.000000 X51.330405 Y-256.600000 Z357.615000 E26.166216820030126653 F68.754935
; R03 POINT 459 point-0000459 deposition
G1 A90.000000 C35.000000 X81.056951 Y-256.600000 Z351.834844 E26.219750849791527273 F68.754935
; R03 POINT 460 point-0000460 deposition
G1 A90.000000 C30.000000 X110.166605 Y-256.600000 Z343.485843 E26.273284879552927813 F68.754935
; R03 POINT 461 point-0000461 deposition
G1 A90.000000 C25.000000 X138.437824 Y-256.600000 Z332.631539 E26.326818909314328488 F68.754935
; R03 POINT 462 point-0000462 deposition
G1 A90.000000 C20.000000 X165.655448 Y-256.600000 Z319.354540 E26.380352939075728978 F68.754935
; R03 POINT 463 point-0000463 deposition
G1 A90.000000 C15.000000 X191.612334 Y-256.600000 Z303.755892 E26.433886968837129702 F68.754935
; R03 POINT 464 point-0000464 deposition
G1 A90.000000 C10.000000 X216.110935 Y-256.600000 Z285.954309 E26.487420998598530292 F68.754935
; R03 POINT 465 point-0000465 deposition
G1 A90.000000 C5.000000 X238.964801 Y-256.600000 Z266.085274 E26.540955028359930772 F68.754935
; R03 POINT 466 point-0000466 deposition
G1 A90.000000 C0.000000 X260.000000 Y-256.600000 Z244.300000 E26.594489058121331502 F68.754935
; R03 POINT 467 point-0000467 deposition
G1 A90.000000 C-5.000000 X279.056442 Y-256.600000 Z220.764287 E26.648023087882732157 F68.754935
; R03 POINT 468 point-0000468 deposition
G1 A90.000000 C-10.000000 X295.989097 Y-256.600000 Z195.657257 E26.701557117644132717 F68.754935
; R03 POINT 469 point-0000469 deposition
G1 A90.000000 C-15.000000 X310.669095 Y-256.600000 Z169.169988 E26.755091147405533357 F68.754935
; R03 POINT 470 point-0000470 deposition
G1 A90.000000 C-20.000000 X322.984714 Y-256.600000 Z141.504066 E26.808625177166933873 F68.754935
; R03 POINT 471 point-0000471 deposition
G1 A90.000000 C-25.000000 X332.842225 Y-256.600000 Z112.870043 E26.862159206928334458 F68.754935
; R03 POINT 472 point-0000472 deposition
G1 A90.000000 C-30.000000 X340.166605 Y-256.600000 Z83.485843 E26.915693236689735018 F68.754935
; R03 POINT 473 point-0000473 deposition
G1 A90.000000 C-35.000000 X344.902112 Y-256.600000 Z53.575097 E26.969227266451135508 F68.754935
; R03 POINT 474 point-0000474 deposition
G1 A90.000000 C-40.000000 X347.012705 Y-256.600000 Z23.365443 E27.022761296212536358 F68.754935
; R03 POINT 475 point-0000475 deposition
G1 A90.000000 C-45.000000 X346.482323 Y-256.600000 Z-6.913203 E27.076295325973936943 F68.754935
; R03 POINT 476 point-0000476 deposition
G1 A90.000000 C-50.000000 X343.315000 Y-256.600000 Z-37.030405 E27.129829355735337393 F68.754935
; R03 POINT 477 point-0000477 deposition
G1 A90.000000 C-55.000000 X337.534844 Y-256.600000 Z-66.756951 E27.183363385496738277 F68.754935
; R03 POINT 478 point-0000478 deposition
G1 A90.000000 C-60.000000 X329.185843 Y-256.600000 Z-95.866605 E27.236897415258138817 F68.754935
; R03 POINT 479 point-0000479 deposition
G1 A90.000000 C-65.000000 X318.331539 Y-256.600000 Z-124.137824 E27.290431445019539357 F68.754935
; R03 POINT 480 point-0000480 deposition
G1 A90.000000 C-70.000000 X305.054540 Y-256.600000 Z-151.355448 E27.343965474780939847 F68.754935
; R03 POINT 481 point-0000481 deposition
G1 A90.000000 C-75.000000 X289.455892 Y-256.600000 Z-177.312334 E27.397499504542340363 F68.754935
; R03 POINT 482 point-0000482 deposition
G1 A90.000000 C-80.000000 X271.654309 Y-256.600000 Z-201.810935 E27.451033534303740983 F68.754935
; R03 POINT 483 point-0000483 deposition
G1 A90.000000 C-85.000000 X251.785274 Y-256.600000 Z-224.664801 E27.504567564065141813 F68.754935
; R03 POINT 484 point-0000484 deposition
G1 A90.000000 C-90.000000 X230.000000 Y-256.600000 Z-245.700000 E27.558101593826542373 F68.754935
; R03 POINT 485 point-0000485 deposition
G1 A90.000000 C-95.000000 X206.464287 Y-256.600000 Z-264.756442 E27.611635623587942757 F68.754935
; R03 POINT 486 point-0000486 deposition
G1 A90.000000 C-100.000000 X181.357257 Y-256.600000 Z-281.689097 E27.665169653349343757 F68.754935
; R03 POINT 487 point-0000487 deposition
G1 A90.000000 C-105.000000 X154.869988 Y-256.600000 Z-296.369095 E27.718703683110743981 F68.754935
; R03 POINT 488 point-0000488 deposition
G1 A90.000000 C-110.000000 X127.204066 Y-256.600000 Z-308.684714 E27.772237712872144705 F68.754935
; R03 POINT 489 point-0000489 deposition
G1 A90.000000 C-115.000000 X98.570043 Y-256.600000 Z-318.542225 E27.825771742633545365 F68.754935
; R03 POINT 490 point-0000490 deposition
G1 A90.000000 C-120.000000 X69.185843 Y-256.600000 Z-325.866605 E27.879305772394946089 F68.754935
; R03 POINT 491 point-0000491 deposition
G1 A90.000000 C-125.000000 X39.275097 Y-256.600000 Z-330.602112 E27.932839802156346439 F68.754935
; R03 POINT 492 point-0000492 deposition
G1 A90.000000 C-130.000000 X9.065443 Y-256.600000 Z-332.712705 E27.986373831917747253 F68.754935
; R03 POINT 493 point-0000493 deposition
G1 A90.000000 C-135.000000 X-21.213203 Y-256.600000 Z-332.182323 E28.039907861679147769 F68.754935
; R03 POINT 494 point-0000494 deposition
G1 A90.000000 C-140.000000 X-51.330405 Y-256.600000 Z-329.015000 E28.093441891440548354 F68.754935
; R03 POINT 495 point-0000495 deposition
G1 A90.000000 C-145.000000 X-81.056951 Y-256.600000 Z-323.234844 E28.146975921201948834 F68.754935
; R03 POINT 496 point-0000496 deposition
G1 A90.000000 C-150.000000 X-110.166605 Y-256.600000 Z-314.885843 E28.200509950963349384 F68.754935
; R03 POINT 497 point-0000497 deposition
G1 A90.000000 C-155.000000 X-138.437824 Y-256.600000 Z-304.031539 E28.254043980724750494 F68.754935
; R03 POINT 498 point-0000498 deposition
G1 A90.000000 C-160.000000 X-165.655448 Y-256.600000 Z-290.754540 E28.307578010486150399 F68.754935
; R03 POINT 499 point-0000499 deposition
G1 A90.000000 C-165.000000 X-191.612334 Y-256.600000 Z-275.155892 E28.361112040247551549 F68.754935
; R03 POINT 500 point-0000500 deposition
G1 A90.000000 C-170.000000 X-216.110935 Y-256.600000 Z-257.354309 E28.414646070008952065 F68.754935
; R03 POINT 501 point-0000501 deposition
G1 A90.000000 C-175.000000 X-238.964801 Y-256.600000 Z-237.485274 E28.468180099770352605 F68.754935
; R03 POINT 502 point-0000502 deposition
G1 A90.000000 C-180.000000 X-260.000000 Y-256.600000 Z-215.700000 E28.521714129531753165 F68.754935
; R03 POINT 503 point-0000503 deposition
G1 A90.000000 C-185.000000 X-279.056442 Y-256.600000 Z-192.164287 E28.575248159293153645 F68.754935
; R03 POINT 504 point-0000504 deposition
G1 A90.000000 C-190.000000 X-295.989097 Y-256.600000 Z-167.057257 E28.628782189054554275 F68.754935
; R03 POINT 505 point-0000505 deposition
G1 A90.000000 C-195.000000 X-310.669095 Y-256.600000 Z-140.569988 E28.682316218815954755 F68.754935
; R03 POINT 506 point-0000506 deposition
G1 A90.000000 C-200.000000 X-322.984714 Y-256.600000 Z-112.904066 E28.735850248577355791 F68.754935
; R03 POINT 507 point-0000507 deposition
G1 A90.000000 C-205.000000 X-332.842225 Y-256.600000 Z-84.270043 E28.789384278338755901 F68.754935
; R03 POINT 508 point-0000508 deposition
G1 A90.000000 C-210.000000 X-340.166605 Y-256.600000 Z-54.885843 E28.842918308100157011 F68.754935
; R03 POINT 509 point-0000509 deposition
G1 A90.000000 C-215.000000 X-344.902112 Y-256.600000 Z-24.975097 E28.896452337861557501 F68.754935
; R03 POINT 510 point-0000510 deposition
G1 A90.000000 C-220.000000 X-347.012705 Y-256.600000 Z5.234557 E28.949986367622958121 F68.754935
; R03 POINT 511 point-0000511 deposition
G1 A90.000000 C-225.000000 X-346.482323 Y-256.600000 Z35.513203 E29.003520397384358706 F68.754935
; R03 POINT 512 point-0000512 deposition
G1 A90.000000 C-230.000000 X-343.315000 Y-256.600000 Z65.630405 E29.057054427145759153 F68.754935
; R03 POINT 513 point-0000513 deposition
G1 A90.000000 C-235.000000 X-337.534844 Y-256.600000 Z95.356951 E29.110588456907159653 F68.754935
; R03 POINT 514 point-0000514 deposition
G1 A90.000000 C-240.000000 X-329.185843 Y-256.600000 Z124.466605 E29.164122486668560243 F68.754935
; R03 POINT 515 point-0000515 deposition
G1 A90.000000 C-245.000000 X-318.331539 Y-256.600000 Z152.737824 E29.217656516429961353 F68.754935
; R03 POINT 516 point-0000516 deposition
G1 A90.000000 C-250.000000 X-305.054540 Y-256.600000 Z179.955448 E29.271190546191361233 F68.754935
; R03 POINT 517 point-0000517 deposition
G1 A90.000000 C-255.000000 X-289.455892 Y-256.600000 Z205.912334 E29.324724575952762339 F68.754935
; R03 POINT 518 point-0000518 deposition
G1 A90.000000 C-260.000000 X-271.654309 Y-256.600000 Z230.410935 E29.378258605714162929 F68.754935
; R03 POINT 519 point-0000519 deposition
G1 A90.000000 C-265.000000 X-251.785274 Y-256.600000 Z253.264801 E29.431792635475563409 F68.754935
; R03 POINT 520 point-0000520 deposition
G1 A90.000000 C-270.000000 X-230.000000 Y-256.600000 Z274.300000 E29.485326665236963969 F68.754935
; R03 EVENT event-0000042 index_end
; R03 EVENT event-0000043 retract
G94 ; extrusion actuator feed
G1 E28.485326665236963969 F120.000000
G93 ; resume inverse-time motion
; R03 EVENT event-0000044 safe_depart
; R03 POINT 521 point-0000521 depart
G1 A90.000000 C-270.000000 X-230.000000 Y-256.600000 Z276.100000 F66.666667
; R03 EVENT event-0000045 safe_approach
; R03 POINT 522 point-0000522 approach
G1 A90.000000 C-270.000000 X-230.000000 Y-256.600000 Z275.100000 F120.000000
; R03 EVENT event-0000046 index_start
; R03 EVENT event-0000047 prime
G94 ; extrusion actuator feed
G1 E29.485326665236963969 F120.000000
G93 ; resume inverse-time motion
; R03 POINT 523 point-0000523 deposition
G1 A90.000000 C-265.000000 X-251.785274 Y-256.600000 Z254.064801 E29.542342583112927059 F68.754935
; R03 POINT 524 point-0000524 deposition
G1 A90.000000 C-260.000000 X-271.654309 Y-256.600000 Z231.210935 E29.599358500988890325 F68.754935
; R03 POINT 525 point-0000525 deposition
G1 A90.000000 C-255.000000 X-289.455892 Y-256.600000 Z206.712334 E29.656374418864853525 F68.754935
; R03 POINT 526 point-0000526 deposition
G1 A90.000000 C-250.000000 X-305.054540 Y-256.600000 Z180.755448 E29.713390336740816655 F68.754935
; R03 POINT 527 point-0000527 deposition
G1 A90.000000 C-245.000000 X-318.331539 Y-256.600000 Z153.537824 E29.770406254616780379 F68.754935
; R03 POINT 528 point-0000528 deposition
G1 A90.000000 C-240.000000 X-329.185843 Y-256.600000 Z125.266605 E29.827422172492743555 F68.754935
; R03 POINT 529 point-0000529 deposition
G1 A90.000000 C-235.000000 X-337.534844 Y-256.600000 Z96.156951 E29.884438090368706855 F68.754935
; R03 POINT 530 point-0000530 deposition
G1 A90.000000 C-230.000000 X-343.315000 Y-256.600000 Z66.430405 E29.941454008244669985 F68.754935
; R03 POINT 531 point-0000531 deposition
G1 A90.000000 C-225.000000 X-346.482323 Y-256.600000 Z36.313203 E29.998469926120632975 F68.754935
; R03 POINT 532 point-0000532 deposition
G1 A90.000000 C-220.000000 X-347.012705 Y-256.600000 Z6.034557 E30.055485843996596335 F68.754935
; R03 POINT 533 point-0000533 deposition
G1 A90.000000 C-215.000000 X-344.902112 Y-256.600000 Z-24.175097 E30.112501761872559511 F68.754935
; R03 POINT 534 point-0000534 deposition
G1 A90.000000 C-210.000000 X-340.166605 Y-256.600000 Z-54.085843 E30.169517679748522651 F68.754935
; R03 POINT 535 point-0000535 deposition
G1 A90.000000 C-205.000000 X-332.842225 Y-256.600000 Z-83.470043 E30.226533597624486375 F68.754935
; R03 POINT 536 point-0000536 deposition
G1 A90.000000 C-200.000000 X-322.984714 Y-256.600000 Z-112.104066 E30.283549515500449551 F68.754935
; R03 POINT 537 point-0000537 deposition
G1 A90.000000 C-195.000000 X-310.669095 Y-256.600000 Z-139.769988 E30.340565433376412771 F68.754935
; R03 POINT 538 point-0000538 deposition
G1 A90.000000 C-190.000000 X-295.989097 Y-256.600000 Z-166.257257 E30.397581351252375971 F68.754935
; R03 POINT 539 point-0000539 deposition
G1 A90.000000 C-185.000000 X-279.056442 Y-256.600000 Z-191.364287 E30.454597269128339085 F68.754935
; R03 POINT 540 point-0000540 deposition
G1 A90.000000 C-180.000000 X-260.000000 Y-256.600000 Z-214.900000 E30.511613187004302261 F68.754935
; R03 POINT 541 point-0000541 deposition
G1 A90.000000 C-175.000000 X-238.964801 Y-256.600000 Z-236.685274 E30.568629104880265437 F68.754935
; R03 POINT 542 point-0000542 deposition
G1 A90.000000 C-170.000000 X-216.110935 Y-256.600000 Z-256.554309 E30.625645022756228637 F68.754935
; R03 POINT 543 point-0000543 deposition
G1 A90.000000 C-165.000000 X-191.612334 Y-256.600000 Z-274.355892 E30.682660940632191837 F68.754935
; R03 POINT 544 point-0000544 deposition
G1 A90.000000 C-160.000000 X-165.655448 Y-256.600000 Z-289.954540 E30.739676858508155057 F68.754935
; R03 POINT 545 point-0000545 deposition
G1 A90.000000 C-155.000000 X-138.437824 Y-256.600000 Z-303.231539 E30.796692776384118137 F68.754935
; R03 POINT 546 point-0000546 deposition
G1 A90.000000 C-150.000000 X-110.166605 Y-256.600000 Z-314.085843 E30.853708694260081347 F68.754935
; R03 POINT 547 point-0000547 deposition
G1 A90.000000 C-145.000000 X-81.056951 Y-256.600000 Z-322.434844 E30.910724612136044487 F68.754935
; R03 POINT 548 point-0000548 deposition
G1 A90.000000 C-140.000000 X-51.330405 Y-256.600000 Z-328.215000 E30.967740530012008247 F68.754935
; R03 POINT 549 point-0000549 deposition
G1 A90.000000 C-135.000000 X-21.213203 Y-256.600000 Z-331.382323 E31.024756447887971423 F68.754935
; R03 POINT 550 point-0000550 deposition
G1 A90.000000 C-130.000000 X9.065443 Y-256.600000 Z-331.912705 E31.081772365763934653 F68.754935
; R03 POINT 551 point-0000551 deposition
G1 A90.000000 C-125.000000 X39.275097 Y-256.600000 Z-329.802112 E31.138788283639898058 F68.754935
; R03 POINT 552 point-0000552 deposition
G1 A90.000000 C-120.000000 X69.185843 Y-256.600000 Z-325.066605 E31.195804201515861258 F68.754935
; R03 POINT 553 point-0000553 deposition
G1 A90.000000 C-115.000000 X98.570043 Y-256.600000 Z-317.742225 E31.252820119391824504 F68.754935
; R03 POINT 554 point-0000554 deposition
G1 A90.000000 C-110.000000 X127.204066 Y-256.600000 Z-307.884714 E31.309836037267787654 F68.754935
; R03 POINT 555 point-0000555 deposition
G1 A90.000000 C-105.000000 X154.869988 Y-256.600000 Z-295.569095 E31.366851955143750784 F68.754935
; R03 POINT 556 point-0000556 deposition
G1 A90.000000 C-100.000000 X181.357257 Y-256.600000 Z-280.889097 E31.423867873019713964 F68.754935
; R03 POINT 557 point-0000557 deposition
G1 A90.000000 C-95.000000 X206.464287 Y-256.600000 Z-263.956442 E31.480883790895677414 F68.754935
; R03 POINT 558 point-0000558 deposition
G1 A90.000000 C-90.000000 X230.000000 Y-256.600000 Z-244.900000 E31.537899708771640504 F68.754935
; R03 POINT 559 point-0000559 deposition
G1 A90.000000 C-85.000000 X251.785274 Y-256.600000 Z-223.864801 E31.594915626647603774 F68.754935
; R03 POINT 560 point-0000560 deposition
G1 A90.000000 C-80.000000 X271.654309 Y-256.600000 Z-201.010935 E31.651931544523567224 F68.754935
; R03 POINT 561 point-0000561 deposition
G1 A90.000000 C-75.000000 X289.455892 Y-256.600000 Z-176.512334 E31.708947462399530060 F68.754935
; R03 POINT 562 point-0000562 deposition
G1 A90.000000 C-70.000000 X305.054540 Y-256.600000 Z-150.555448 E31.765963380275493520 F68.754935
; R03 POINT 563 point-0000563 deposition
G1 A90.000000 C-65.000000 X318.331539 Y-256.600000 Z-123.337824 E31.822979298151456700 F68.754935
; R03 POINT 564 point-0000564 deposition
G1 A90.000000 C-60.000000 X329.185843 Y-256.600000 Z-95.066605 E31.879995216027420180 F68.754935
; R03 POINT 565 point-0000565 deposition
G1 A90.000000 C-55.000000 X337.534844 Y-256.600000 Z-65.956951 E31.937011133903383050 F68.754935
; R03 POINT 566 point-0000566 deposition
G1 A90.000000 C-50.000000 X343.315000 Y-256.600000 Z-36.230405 E31.994027051779346530 F68.754935
; R03 POINT 567 point-0000567 deposition
G1 A90.000000 C-45.000000 X346.482323 Y-256.600000 Z-6.113203 E32.051042969655309706 F68.754935
; R03 POINT 568 point-0000568 deposition
G1 A90.000000 C-40.000000 X347.012705 Y-256.600000 Z24.165443 E32.108058887531272882 F68.754935
; R03 POINT 569 point-0000569 deposition
G1 A90.000000 C-35.000000 X344.902112 Y-256.600000 Z54.375097 E32.165074805407236082 F68.754935
; R03 POINT 570 point-0000570 deposition
G1 A90.000000 C-30.000000 X340.166605 Y-256.600000 Z84.285843 E32.222090723283199232 F68.754935
; R03 POINT 571 point-0000571 deposition
G1 A90.000000 C-25.000000 X332.842225 Y-256.600000 Z113.670043 E32.279106641159162992 F68.754935
; R03 POINT 572 point-0000572 deposition
G1 A90.000000 C-20.000000 X322.984714 Y-256.600000 Z142.304066 E32.336122559035125582 F68.754935
; R03 POINT 573 point-0000573 deposition
G1 A90.000000 C-15.000000 X310.669095 Y-256.600000 Z169.969988 E32.393138476911089352 F68.754935
; R03 POINT 574 point-0000574 deposition
G1 A90.000000 C-10.000000 X295.989097 Y-256.600000 Z196.457257 E32.450154394787052532 F68.754935
; R03 POINT 575 point-0000575 deposition
G1 A90.000000 C-5.000000 X279.056442 Y-256.600000 Z221.564287 E32.507170312663015708 F68.754935
; R03 POINT 576 point-0000576 deposition
G1 A90.000000 C0.000000 X260.000000 Y-256.600000 Z245.100000 E32.564186230538978798 F68.754935
; R03 POINT 577 point-0000577 deposition
G1 A90.000000 C5.000000 X238.964801 Y-256.600000 Z266.885274 E32.621202148414941978 F68.754935
; R03 POINT 578 point-0000578 deposition
G1 A90.000000 C10.000000 X216.110935 Y-256.600000 Z286.754309 E32.678218066290905154 F68.754935
; R03 POINT 579 point-0000579 deposition
G1 A90.000000 C15.000000 X191.612334 Y-256.600000 Z304.555892 E32.735233984166868354 F68.754935
; R03 POINT 580 point-0000580 deposition
G1 A90.000000 C20.000000 X165.655448 Y-256.600000 Z320.154540 E32.792249902042832104 F68.754935
; R03 POINT 581 point-0000581 deposition
G1 A90.000000 C25.000000 X138.437824 Y-256.600000 Z333.431539 E32.849265819918794694 F68.754935
; R03 POINT 582 point-0000582 deposition
G1 A90.000000 C30.000000 X110.166605 Y-256.600000 Z344.285843 E32.906281737794758504 F68.754935
; R03 POINT 583 point-0000583 deposition
G1 A90.000000 C35.000000 X81.056951 Y-256.600000 Z352.634844 E32.963297655670721644 F68.754935
; R03 POINT 584 point-0000584 deposition
G1 A90.000000 C40.000000 X51.330405 Y-256.600000 Z358.415000 E33.020313573546684864 F68.754935
; R03 POINT 585 point-0000585 deposition
G1 A90.000000 C45.000000 X21.213203 Y-256.600000 Z361.582323 E33.077329491422647904 F68.754935
; R03 POINT 586 point-0000586 deposition
G1 A90.000000 C50.000000 X-9.065443 Y-256.600000 Z362.112705 E33.134345409298611264 F68.754935
; R03 POINT 587 point-0000587 deposition
G1 A90.000000 C55.000000 X-39.275097 Y-256.600000 Z360.002112 E33.191361327174574354 F68.754935
; R03 POINT 588 point-0000588 deposition
G1 A90.000000 C60.000000 X-69.185843 Y-256.600000 Z355.266605 E33.248377245050537484 F68.754935
; R03 POINT 589 point-0000589 deposition
G1 A90.000000 C65.000000 X-98.570043 Y-256.600000 Z347.942225 E33.305393162926501374 F68.754935
; R03 POINT 590 point-0000590 deposition
G1 A90.000000 C70.000000 X-127.204066 Y-256.600000 Z338.084714 E33.362409080802463964 F68.754935
; R03 POINT 591 point-0000591 deposition
G1 A90.000000 C75.000000 X-154.869988 Y-256.600000 Z325.769095 E33.419424998678427598 F68.754935
; R03 POINT 592 point-0000592 deposition
G1 A90.000000 C80.000000 X-181.357257 Y-256.600000 Z311.089097 E33.476440916554390798 F68.754935
; R03 POINT 593 point-0000593 deposition
G1 A90.000000 C85.000000 X-206.464287 Y-256.600000 Z294.156442 E33.533456834430354064 F68.754935
; R03 POINT 594 point-0000594 deposition
G1 A90.000000 C90.000000 X-230.000000 Y-256.600000 Z275.100000 E33.590472752306317154 F68.754935
; R03 EVENT event-0000048 index_end
; R03 EVENT event-0000049 retract
G94 ; extrusion actuator feed
G1 E32.590472752306317154 F120.000000
G93 ; resume inverse-time motion
; R03 EVENT event-0000050 safe_depart
; R03 POINT 595 point-0000595 depart
G1 A90.000000 C90.000000 X-230.000000 Y-256.600000 Z276.900000 F66.666667
; R03 EVENT event-0000051 safe_approach
; R03 POINT 596 point-0000596 approach
G1 A90.000000 C90.000000 X-230.000000 Y-256.600000 Z275.900000 F120.000000
; R03 EVENT event-0000052 index_start
; R03 EVENT event-0000053 prime
G94 ; extrusion actuator feed
G1 E33.590472752306317154 F120.000000
G93 ; resume inverse-time motion
; R03 POINT 597 point-0000597 deposition
G1 A90.000000 C85.000000 X-206.464287 Y-256.600000 Z294.956442 E33.650970558296842964 F68.754935
; R03 POINT 598 point-0000598 deposition
G1 A90.000000 C80.000000 X-181.357257 Y-256.600000 Z311.889097 E33.711468364287368864 F68.754935
; R03 POINT 599 point-0000599 deposition
G1 A90.000000 C75.000000 X-154.869988 Y-256.600000 Z326.569095 E33.771966170277894798 F68.754935
; R03 POINT 600 point-0000600 deposition
G1 A90.000000 C70.000000 X-127.204066 Y-256.600000 Z338.884714 E33.832463976268420688 F68.754935
; R03 POINT 601 point-0000601 deposition
G1 A90.000000 C65.000000 X-98.570043 Y-256.600000 Z348.742225 E33.892961782258946638 F68.754935
; R03 POINT 602 point-0000602 deposition
G1 A90.000000 C60.000000 X-69.185843 Y-256.600000 Z356.066605 E33.953459588249472398 F68.754935
; R03 POINT 603 point-0000603 deposition
G1 A90.000000 C55.000000 X-39.275097 Y-256.600000 Z360.802112 E34.013957394239998368 F68.754935
; R03 POINT 604 point-0000604 deposition
G1 A90.000000 C50.000000 X-9.065443 Y-256.600000 Z362.912705 E34.074455200230524188 F68.754935
; R03 POINT 605 point-0000605 deposition
G1 A90.000000 C45.000000 X21.213203 Y-256.600000 Z362.382323 E34.134953006221050188 F68.754935
; R03 POINT 606 point-0000606 deposition
G1 A90.000000 C40.000000 X51.330405 Y-256.600000 Z359.215000 E34.195450812211576008 F68.754935
; R03 POINT 607 point-0000607 deposition
G1 A90.000000 C35.000000 X81.056951 Y-256.600000 Z353.434844 E34.255948618202101828 F68.754935
; R03 POINT 608 point-0000608 deposition
G1 A90.000000 C30.000000 X110.166605 Y-256.600000 Z345.085843 E34.316446424192627672 F68.754935
; R03 POINT 609 point-0000609 deposition
G1 A90.000000 C25.000000 X138.437824 Y-256.600000 Z334.231539 E34.376944230183153672 F68.754935
; R03 POINT 610 point-0000610 deposition
G1 A90.000000 C20.000000 X165.655448 Y-256.600000 Z320.954540 E34.437442036173679516 F68.754935
; R03 POINT 611 point-0000611 deposition
G1 A90.000000 C15.000000 X191.612334 Y-256.600000 Z305.355892 E34.497939842164205426 F68.754935
; R03 POINT 612 point-0000612 deposition
G1 A90.000000 C10.000000 X216.110935 Y-256.600000 Z287.554309 E34.558437648154731286 F68.754935
; R03 POINT 613 point-0000613 deposition
G1 A90.000000 C5.000000 X238.964801 Y-256.600000 Z267.685274 E34.618935454145257106 F68.754935
; R03 POINT 614 point-0000614 deposition
G1 A90.000000 C0.000000 X260.000000 Y-256.600000 Z245.900000 E34.679433260135783102 F68.754935
; R03 POINT 615 point-0000615 deposition
G1 A90.000000 C-5.000000 X279.056442 Y-256.600000 Z222.364287 E34.739931066126309002 F68.754935
; R03 POINT 616 point-0000616 deposition
G1 A90.000000 C-10.000000 X295.989097 Y-256.600000 Z197.257257 E34.800428872116834822 F68.754935
; R03 POINT 617 point-0000617 deposition
G1 A90.000000 C-15.000000 X310.669095 Y-256.600000 Z170.769988 E34.860926678107360852 F68.754935
; R03 POINT 618 point-0000618 deposition
G1 A90.000000 C-20.000000 X322.984714 Y-256.600000 Z143.104066 E34.921424484097886612 F68.754935
; R03 POINT 619 point-0000619 deposition
G1 A90.000000 C-25.000000 X332.842225 Y-256.600000 Z114.470043 E34.981922290088412456 F68.754935
; R03 POINT 620 point-0000620 deposition
G1 A90.000000 C-30.000000 X340.166605 Y-256.600000 Z85.085843 E35.042420096078938266 F68.754935
; R03 POINT 621 point-0000621 deposition
G1 A90.000000 C-35.000000 X344.902112 Y-256.600000 Z55.175097 E35.102917902069464076 F68.754935
; R03 POINT 622 point-0000622 deposition
G1 A90.000000 C-40.000000 X347.012705 Y-256.600000 Z24.965443 E35.163415708059990211 F68.754935
; R03 POINT 623 point-0000623 deposition
G1 A90.000000 C-45.000000 X346.482323 Y-256.600000 Z-5.313203 E35.223913514050516101 F68.754935
; R03 POINT 624 point-0000624 deposition
G1 A90.000000 C-50.000000 X343.315000 Y-256.600000 Z-35.430405 E35.284411320041041861 F68.754935
; R03 POINT 625 point-0000625 deposition
G1 A90.000000 C-55.000000 X337.534844 Y-256.600000 Z-65.156951 E35.344909126031567996 F68.754935
; R03 POINT 626 point-0000626 deposition
G1 A90.000000 C-60.000000 X329.185843 Y-256.600000 Z-94.266605 E35.405406932022093840 F68.754935
; R03 POINT 627 point-0000627 deposition
G1 A90.000000 C-65.000000 X318.331539 Y-256.600000 Z-122.537824 E35.465904738012619650 F68.754935
; R03 POINT 628 point-0000628 deposition
G1 A90.000000 C-70.000000 X305.054540 Y-256.600000 Z-149.755448 E35.526402544003145410 F68.754935
; R03 POINT 629 point-0000629 deposition
G1 A90.000000 C-75.000000 X289.455892 Y-256.600000 Z-175.712334 E35.586900349993671220 F68.754935
; R03 POINT 630 point-0000630 deposition
G1 A90.000000 C-80.000000 X271.654309 Y-256.600000 Z-200.210935 E35.647398155984196994 F68.754935
; R03 POINT 631 point-0000631 deposition
G1 A90.000000 C-85.000000 X251.785274 Y-256.600000 Z-223.064801 E35.707895961974723254 F68.754935
; R03 POINT 632 point-0000632 deposition
G1 A90.000000 C-90.000000 X230.000000 Y-256.600000 Z-244.100000 E35.768393767965249064 F68.754935
; R03 POINT 633 point-0000633 deposition
G1 A90.000000 C-95.000000 X206.464287 Y-256.600000 Z-263.156442 E35.828891573955774874 F68.754935
; R03 POINT 634 point-0000634 deposition
G1 A90.000000 C-100.000000 X181.357257 Y-256.600000 Z-280.089097 E35.889389379946300960 F68.754935
; R03 POINT 635 point-0000635 deposition
G1 A90.000000 C-105.000000 X154.869988 Y-256.600000 Z-294.769095 E35.949887185936826350 F68.754935
; R03 POINT 636 point-0000636 deposition
G1 A90.000000 C-110.000000 X127.204066 Y-256.600000 Z-307.084714 E36.010384991927352596 F68.754935
; R03 POINT 637 point-0000637 deposition
G1 A90.000000 C-115.000000 X98.570043 Y-256.600000 Z-316.942225 E36.070882797917878440 F68.754935
; R03 POINT 638 point-0000638 deposition
G1 A90.000000 C-120.000000 X69.185843 Y-256.600000 Z-324.266605 E36.131380603908404490 F68.754935
; R03 POINT 639 point-0000639 deposition
G1 A90.000000 C-125.000000 X39.275097 Y-256.600000 Z-329.002112 E36.191878409898929930 F68.754935
; R03 POINT 640 point-0000640 deposition
G1 A90.000000 C-130.000000 X9.065443 Y-256.600000 Z-331.112705 E36.252376215889455996 F68.754935
; R03 POINT 641 point-0000641 deposition
G1 A90.000000 C-135.000000 X-21.213203 Y-256.600000 Z-330.582323 E36.312874021879981886 F68.754935
; R03 POINT 642 point-0000642 deposition
G1 A90.000000 C-140.000000 X-51.330405 Y-256.600000 Z-327.415000 E36.373371827870507706 F68.754935
; R03 POINT 643 point-0000643 deposition
G1 A90.000000 C-145.000000 X-81.056951 Y-256.600000 Z-321.634844 E36.433869633861033596 F68.754935
; R03 POINT 644 point-0000644 deposition
G1 A90.000000 C-150.000000 X-110.166605 Y-256.600000 Z-313.285843 E36.494367439851559356 F68.754935
; R03 POINT 645 point-0000645 deposition
G1 A90.000000 C-155.000000 X-138.437824 Y-256.600000 Z-302.431539 E36.554865245842085846 F68.754935
; R03 POINT 646 point-0000646 deposition
G1 A90.000000 C-160.000000 X-165.655448 Y-256.600000 Z-289.154540 E36.615363051832610956 F68.754935
; R03 POINT 647 point-0000647 deposition
G1 A90.000000 C-165.000000 X-191.612334 Y-256.600000 Z-273.555892 E36.675860857823137456 F68.754935
; R03 POINT 648 point-0000648 deposition
G1 A90.000000 C-170.000000 X-216.110935 Y-256.600000 Z-255.754309 E36.736358663813663266 F68.754935
; R03 POINT 649 point-0000649 deposition
G1 A90.000000 C-175.000000 X-238.964801 Y-256.600000 Z-235.885274 E36.796856469804189040 F68.754935
; R03 POINT 650 point-0000650 deposition
G1 A90.000000 C-180.000000 X-260.000000 Y-256.600000 Z-214.100000 E36.857354275794714930 F68.754935
; R03 POINT 651 point-0000651 deposition
G1 A90.000000 C-185.000000 X-279.056442 Y-256.600000 Z-190.564287 E36.917852081785240740 F68.754935
; R03 POINT 652 point-0000652 deposition
G1 A90.000000 C-190.000000 X-295.989097 Y-256.600000 Z-165.457257 E36.978349887775766560 F68.754935
; R03 POINT 653 point-0000653 deposition
G1 A90.000000 C-195.000000 X-310.669095 Y-256.600000 Z-138.969988 E37.038847693766292320 F68.754935
; R03 POINT 654 point-0000654 deposition
G1 A90.000000 C-200.000000 X-322.984714 Y-256.600000 Z-111.304066 E37.099345499756818705 F68.754935
; R03 POINT 655 point-0000655 deposition
G1 A90.000000 C-205.000000 X-332.842225 Y-256.600000 Z-82.670043 E37.159843305747344025 F68.754935
; R03 POINT 656 point-0000656 deposition
G1 A90.000000 C-210.000000 X-340.166605 Y-256.600000 Z-53.285843 E37.220341111737870515 F68.754935
; R03 POINT 657 point-0000657 deposition
G1 A90.000000 C-215.000000 X-344.902112 Y-256.600000 Z-23.375097 E37.280838917728396325 F68.754935
; R03 POINT 658 point-0000658 deposition
G1 A90.000000 C-220.000000 X-347.012705 Y-256.600000 Z6.834557 E37.341336723718921891 F68.754935
; R03 POINT 659 point-0000659 deposition
G1 A90.000000 C-225.000000 X-346.482323 Y-256.600000 Z37.113203 E37.401834529709447891 F68.754935
; R03 POINT 660 point-0000660 deposition
G1 A90.000000 C-230.000000 X-343.315000 Y-256.600000 Z67.230405 E37.462332335699973651 F68.754935
; R03 POINT 661 point-0000661 deposition
G1 A90.000000 C-235.000000 X-337.534844 Y-256.600000 Z96.956951 E37.522830141690499581 F68.754935
; R03 POINT 662 point-0000662 deposition
G1 A90.000000 C-240.000000 X-329.185843 Y-256.600000 Z126.066605 E37.583327947681025391 F68.754935
; R03 POINT 663 point-0000663 deposition
G1 A90.000000 C-245.000000 X-318.331539 Y-256.600000 Z154.337824 E37.643825753671551797 F68.754935
; R03 POINT 664 point-0000664 deposition
G1 A90.000000 C-250.000000 X-305.054540 Y-256.600000 Z181.555448 E37.704323559662076891 F68.754935
; R03 POINT 665 point-0000665 deposition
G1 A90.000000 C-255.000000 X-289.455892 Y-256.600000 Z207.512334 E37.764821365652603391 F68.754935
; R03 POINT 666 point-0000666 deposition
G1 A90.000000 C-260.000000 X-271.654309 Y-256.600000 Z232.010935 E37.825319171643129325 F68.754935
; R03 POINT 667 point-0000667 deposition
G1 A90.000000 C-265.000000 X-251.785274 Y-256.600000 Z254.864801 E37.885816977633655051 F68.754935
; R03 POINT 668 point-0000668 deposition
G1 A90.000000 C-270.000000 X-230.000000 Y-256.600000 Z275.900000 E37.946314783624180861 F68.754935
; R03 EVENT event-0000054 index_end
; R03 EVENT event-0000055 retract
G94 ; extrusion actuator feed
G1 E36.946314783624180861 F120.000000
G93 ; resume inverse-time motion
; R03 EVENT event-0000056 safe_depart
; R03 POINT 669 point-0000669 depart
G1 A90.000000 C-270.000000 X-230.000000 Y-256.600000 Z276.900000 F120.000000
; R03 POINT 670 point-0000670 travel
G1 A90.000000 C-270.000000 X-230.000000 Y-257.400000 Z276.900000 F150.000000
; R03 EVENT event-0000057 operation_change
; R03 EVENT event-0000058 safe_approach
; R03 POINT 671 point-0000671 approach
G1 A90.000000 C-270.000000 X-230.000000 Y-257.400000 Z274.300000 F46.153846
; R03 EVENT event-0000059 index_start
; R03 EVENT event-0000060 prime
G94 ; extrusion actuator feed
G1 E37.946314783624180861 F120.000000
G93 ; resume inverse-time motion
; R03 POINT 672 point-0000672 deposition
G1 A90.000000 C-265.000000 X-251.785274 Y-257.400000 Z253.264801 E37.999848813385581421 F68.754935
; R03 POINT 673 point-0000673 deposition
G1 A90.000000 C-260.000000 X-271.654309 Y-257.400000 Z230.410935 E38.053382843146981901 F68.754935
; R03 POINT 674 point-0000674 deposition
G1 A90.000000 C-255.000000 X-289.455892 Y-257.400000 Z205.912334 E38.106916872908382491 F68.754935
; R03 POINT 675 point-0000675 deposition
G1 A90.000000 C-250.000000 X-305.054540 Y-257.400000 Z179.955448 E38.160450902669782981 F68.754935
; R03 POINT 676 point-0000676 deposition
G1 A90.000000 C-245.000000 X-318.331539 Y-257.400000 Z152.737824 E38.213984932431184108 F68.754935
; R03 POINT 677 point-0000677 deposition
G1 A90.000000 C-240.000000 X-329.185843 Y-257.400000 Z124.466605 E38.267518962192584598 F68.754935
; R03 POINT 678 point-0000678 deposition
G1 A90.000000 C-235.000000 X-337.534844 Y-257.400000 Z95.356951 E38.321052991953985188 F68.754935
; R03 POINT 679 point-0000679 deposition
G1 A90.000000 C-230.000000 X-343.315000 Y-257.400000 Z65.630405 E38.374587021715385688 F68.754935
; R03 POINT 680 point-0000680 deposition
G1 A90.000000 C-225.000000 X-346.482323 Y-257.400000 Z35.513203 E38.428121051476786135 F68.754935
; R03 POINT 681 point-0000681 deposition
G1 A90.000000 C-220.000000 X-347.012705 Y-257.400000 Z5.234557 E38.481655081238186720 F68.754935
; R03 POINT 682 point-0000682 deposition
G1 A90.000000 C-215.000000 X-344.902112 Y-257.400000 Z-24.975097 E38.535189110999587340 F68.754935
; R03 POINT 683 point-0000683 deposition
G1 A90.000000 C-210.000000 X-340.166605 Y-257.400000 Z-54.885843 E38.588723140760987830 F68.754935
; R03 POINT 684 point-0000684 deposition
G1 A90.000000 C-205.000000 X-332.842225 Y-257.400000 Z-84.270043 E38.642257170522388940 F68.754935
; R03 POINT 685 point-0000685 deposition
G1 A90.000000 C-200.000000 X-322.984714 Y-257.400000 Z-112.904066 E38.695791200283789525 F68.754935
; R03 POINT 686 point-0000686 deposition
G1 A90.000000 C-195.000000 X-310.669095 Y-257.400000 Z-140.569988 E38.749325230045190075 F68.754935
; R03 POINT 687 point-0000687 deposition
G1 A90.000000 C-190.000000 X-295.989097 Y-257.400000 Z-167.057257 E38.802859259806590555 F68.754935
; R03 POINT 688 point-0000688 deposition
G1 A90.000000 C-185.000000 X-279.056442 Y-257.400000 Z-192.164287 E38.856393289567991185 F68.754935
; R03 POINT 689 point-0000689 deposition
G1 A90.000000 C-180.000000 X-260.000000 Y-257.400000 Z-215.700000 E38.909927319329391665 F68.754935
; R03 POINT 690 point-0000690 deposition
G1 A90.000000 C-175.000000 X-238.964801 Y-257.400000 Z-237.485274 E38.963461349090792225 F68.754935
; R03 POINT 691 point-0000691 deposition
G1 A90.000000 C-170.000000 X-216.110935 Y-257.400000 Z-257.354309 E39.016995378852192765 F68.754935
; R03 POINT 692 point-0000692 deposition
G1 A90.000000 C-165.000000 X-191.612334 Y-257.400000 Z-275.155892 E39.070529408613593281 F68.754935
; R03 POINT 693 point-0000693 deposition
G1 A90.000000 C-160.000000 X-165.655448 Y-257.400000 Z-290.754540 E39.124063438374993821 F68.754935
; R03 POINT 694 point-0000694 deposition
G1 A90.000000 C-155.000000 X-138.437824 Y-257.400000 Z-304.031539 E39.177597468136394361 F68.754935
; R03 POINT 695 point-0000695 deposition
G1 A90.000000 C-150.000000 X-110.166605 Y-257.400000 Z-314.885843 E39.231131497897794967 F68.754935
; R03 POINT 696 point-0000696 deposition
G1 A90.000000 C-145.000000 X-81.056951 Y-257.400000 Z-323.234844 E39.284665527659195417 F68.754935
; R03 POINT 697 point-0000697 deposition
G1 A90.000000 C-140.000000 X-51.330405 Y-257.400000 Z-329.015000 E39.338199557420596507 F68.754935
; R03 POINT 698 point-0000698 deposition
G1 A90.000000 C-135.000000 X-21.213203 Y-257.400000 Z-332.182323 E39.391733587181997092 F68.754935
; R03 POINT 699 point-0000699 deposition
G1 A90.000000 C-130.000000 X9.065443 Y-257.400000 Z-332.712705 E39.445267616943397608 F68.754935
; R03 POINT 700 point-0000700 deposition
G1 A90.000000 C-125.000000 X39.275097 Y-257.400000 Z-330.602112 E39.498801646704798422 F68.754935
; R03 POINT 701 point-0000701 deposition
G1 A90.000000 C-120.000000 X69.185843 Y-257.400000 Z-325.866605 E39.552335676466198962 F68.754935
; R03 POINT 702 point-0000702 deposition
G1 A90.000000 C-115.000000 X98.570043 Y-257.400000 Z-318.542225 E39.605869706227599502 F68.754935
; R03 POINT 703 point-0000703 deposition
G1 A90.000000 C-110.000000 X127.204066 Y-257.400000 Z-308.684714 E39.659403735989000162 F68.754935
; R03 POINT 704 point-0000704 deposition
G1 A90.000000 C-105.000000 X154.869988 Y-257.400000 Z-296.369095 E39.712937765750400678 F68.754935
; R03 POINT 705 point-0000705 deposition
G1 A90.000000 C-100.000000 X181.357257 Y-257.400000 Z-281.689097 E39.766471795511801108 F68.754935
; R03 POINT 706 point-0000706 deposition
G1 A90.000000 C-95.000000 X206.464287 Y-257.400000 Z-264.756442 E39.820005825273202108 F68.754935
; R03 POINT 707 point-0000707 deposition
G1 A90.000000 C-90.000000 X230.000000 Y-257.400000 Z-245.700000 E39.873539855034602492 F68.754935
; R03 POINT 708 point-0000708 deposition
G1 A90.000000 C-85.000000 X251.785274 Y-257.400000 Z-224.664801 E39.927073884796003052 F68.754935
; R03 POINT 709 point-0000709 deposition
G1 A90.000000 C-80.000000 X271.654309 Y-257.400000 Z-201.810935 E39.980607914557403882 F68.754935
; R03 POINT 710 point-0000710 deposition
G1 A90.000000 C-75.000000 X289.455892 Y-257.400000 Z-177.312334 E40.034141944318804142 F68.754935
; R03 POINT 711 point-0000711 deposition
G1 A90.000000 C-70.000000 X305.054540 Y-257.400000 Z-151.355448 E40.087675974080205026 F68.754935
; R03 POINT 712 point-0000712 deposition
G1 A90.000000 C-65.000000 X318.331539 Y-257.400000 Z-124.137824 E40.141210003841605516 F68.754935
; R03 POINT 713 point-0000713 deposition
G1 A90.000000 C-60.000000 X329.185843 Y-257.400000 Z-95.866605 E40.194744033603006400 F68.754935
; R03 POINT 714 point-0000714 deposition
G1 A90.000000 C-55.000000 X337.534844 Y-257.400000 Z-66.756951 E40.248278063364406604 F68.754935
; R03 POINT 715 point-0000715 deposition
G1 A90.000000 C-50.000000 X343.315000 Y-257.400000 Z-37.030405 E40.301812093125807488 F68.754935
; R03 POINT 716 point-0000716 deposition
G1 A90.000000 C-45.000000 X346.482323 Y-257.400000 Z-6.913203 E40.355346122887207938 F68.754935
; R03 POINT 717 point-0000717 deposition
G1 A90.000000 C-40.000000 X347.012705 Y-257.400000 Z23.365443 E40.408880152648608523 F68.754935
; R03 POINT 718 point-0000718 deposition
G1 A90.000000 C-35.000000 X344.902112 Y-257.400000 Z53.575097 E40.462414182410009083 F68.754935
; R03 POINT 719 point-0000719 deposition
G1 A90.000000 C-30.000000 X340.166605 Y-257.400000 Z83.485843 E40.515948212171409633 F68.754935
; R03 POINT 720 point-0000720 deposition
G1 A90.000000 C-25.000000 X332.842225 Y-257.400000 Z112.870043 E40.569482241932810673 F68.754935
; R03 POINT 721 point-0000721 deposition
G1 A90.000000 C-20.000000 X322.984714 Y-257.400000 Z141.504066 E40.623016271694210689 F68.754935
; R03 POINT 722 point-0000722 deposition
G1 A90.000000 C-15.000000 X310.669095 Y-257.400000 Z169.169988 E40.676550301455611795 F68.754935
; R03 POINT 723 point-0000723 deposition
G1 A90.000000 C-10.000000 X295.989097 Y-257.400000 Z195.657257 E40.730084331217012345 F68.754935
; R03 POINT 724 point-0000724 deposition
G1 A90.000000 C-5.000000 X279.056442 Y-257.400000 Z220.764287 E40.783618360978412895 F68.754935
; R03 POINT 725 point-0000725 deposition
G1 A90.000000 C0.000000 X260.000000 Y-257.400000 Z244.300000 E40.837152390739813375 F68.754935
; R03 POINT 726 point-0000726 deposition
G1 A90.000000 C5.000000 X238.964801 Y-257.400000 Z266.085274 E40.890686420501213935 F68.754935
; R03 POINT 727 point-0000727 deposition
G1 A90.000000 C10.000000 X216.110935 Y-257.400000 Z285.954309 E40.944220450262614485 F68.754935
; R03 POINT 728 point-0000728 deposition
G1 A90.000000 C15.000000 X191.612334 Y-257.400000 Z303.755892 E40.997754480024015025 F68.754935
; R03 POINT 729 point-0000729 deposition
G1 A90.000000 C20.000000 X165.655448 Y-257.400000 Z319.354540 E41.051288509785416115 F68.754935
; R03 POINT 730 point-0000730 deposition
G1 A90.000000 C25.000000 X138.437824 Y-257.400000 Z332.631539 E41.104822539546816225 F68.754935
; R03 POINT 731 point-0000731 deposition
G1 A90.000000 C30.000000 X110.166605 Y-257.400000 Z343.485843 E41.158356569308217315 F68.754935
; R03 POINT 732 point-0000732 deposition
G1 A90.000000 C35.000000 X81.056951 Y-257.400000 Z351.834844 E41.211890599069617855 F68.754935
; R03 POINT 733 point-0000733 deposition
G1 A90.000000 C40.000000 X51.330405 Y-257.400000 Z357.615000 E41.265424628831018335 F68.754935
; R03 POINT 734 point-0000734 deposition
G1 A90.000000 C45.000000 X21.213203 Y-257.400000 Z360.782323 E41.318958658592418851 F68.754935
; R03 POINT 735 point-0000735 deposition
G1 A90.000000 C50.000000 X-9.065443 Y-257.400000 Z361.312705 E41.372492688353819436 F68.754935
; R03 POINT 736 point-0000736 deposition
G1 A90.000000 C55.000000 X-39.275097 Y-257.400000 Z359.202112 E41.426026718115219986 F68.754935
; R03 POINT 737 point-0000737 deposition
G1 A90.000000 C60.000000 X-69.185843 Y-257.400000 Z354.466605 E41.479560747876620556 F68.754935
; R03 POINT 738 point-0000738 deposition
G1 A90.000000 C65.000000 X-98.570043 Y-257.400000 Z347.142225 E41.533094777638021596 F68.754935
; R03 POINT 739 point-0000739 deposition
G1 A90.000000 C70.000000 X-127.204066 Y-257.400000 Z337.284714 E41.586628807399421546 F68.754935
; R03 POINT 740 point-0000740 deposition
G1 A90.000000 C75.000000 X-154.869988 Y-257.400000 Z324.969095 E41.640162837160822652 F68.754935
; R03 POINT 741 point-0000741 deposition
G1 A90.000000 C80.000000 X-181.357257 Y-257.400000 Z310.289097 E41.693696866922223242 F68.754935
; R03 POINT 742 point-0000742 deposition
G1 A90.000000 C85.000000 X-206.464287 Y-257.400000 Z293.356442 E41.747230896683623722 F68.754935
; R03 POINT 743 point-0000743 deposition
G1 A90.000000 C90.000000 X-230.000000 Y-257.400000 Z274.300000 E41.800764926445024282 F68.754935
; R03 EVENT event-0000061 index_end
; R03 EVENT event-0000062 retract
G94 ; extrusion actuator feed
G1 E40.800764926445024282 F120.000000
G93 ; resume inverse-time motion
; R03 EVENT event-0000063 safe_depart
; R03 POINT 744 point-0000744 depart
G1 A90.000000 C90.000000 X-230.000000 Y-257.400000 Z276.100000 F66.666667
; R03 EVENT event-0000064 safe_approach
; R03 POINT 745 point-0000745 approach
G1 A90.000000 C90.000000 X-230.000000 Y-257.400000 Z275.100000 F120.000000
; R03 EVENT event-0000065 index_start
; R03 EVENT event-0000066 prime
G94 ; extrusion actuator feed
G1 E41.800764926445024282 F120.000000
G93 ; resume inverse-time motion
; R03 POINT 746 point-0000746 deposition
G1 A90.000000 C85.000000 X-206.464287 Y-257.400000 Z294.156442 E41.857780844320987552 F68.754935
; R03 POINT 747 point-0000747 deposition
G1 A90.000000 C80.000000 X-181.357257 Y-257.400000 Z311.089097 E41.914796762196950818 F68.754935
; R03 POINT 748 point-0000748 deposition
G1 A90.000000 C75.000000 X-154.869988 Y-257.400000 Z325.769095 E41.971812680072914018 F68.754935
; R03 POINT 749 point-0000749 deposition
G1 A90.000000 C70.000000 X-127.204066 Y-257.400000 Z338.084714 E42.028828597948877238 F68.754935
; R03 POINT 750 point-0000750 deposition
G1 A90.000000 C65.000000 X-98.570043 Y-257.400000 Z347.942225 E42.085844515824840548 F68.754935
; R03 POINT 751 point-0000751 deposition
G1 A90.000000 C60.000000 X-69.185843 Y-257.400000 Z355.266605 E42.142860433700803628 F68.754935
; R03 POINT 752 point-0000752 deposition
G1 A90.000000 C55.000000 X-39.275097 Y-257.400000 Z360.002112 E42.199876351576766938 F68.754935
; R03 POINT 753 point-0000753 deposition
G1 A90.000000 C50.000000 X-9.065443 Y-257.400000 Z362.112705 E42.256892269452730114 F68.754935
; R03 POINT 754 point-0000754 deposition
G1 A90.000000 C45.000000 X21.213203 Y-257.400000 Z361.582323 E42.313908187328693524 F68.754935
; R03 POINT 755 point-0000755 deposition
G1 A90.000000 C40.000000 X51.330405 Y-257.400000 Z358.415000 E42.370924105204656638 F68.754935
; R03 POINT 756 point-0000756 deposition
G1 A90.000000 C35.000000 X81.056951 Y-257.400000 Z352.634844 E42.427940023080619998 F68.754935
; R03 POINT 757 point-0000757 deposition
G1 A90.000000 C30.000000 X110.166605 Y-257.400000 Z344.285843 E42.484955940956583138 F68.754935
; R03 POINT 758 point-0000758 deposition
G1 A90.000000 C25.000000 X138.437824 Y-257.400000 Z333.431539 E42.541971858832546428 F68.754935
; R03 POINT 759 point-0000759 deposition
G1 A90.000000 C20.000000 X165.655448 Y-257.400000 Z320.154540 E42.598987776708509608 F68.754935
; R03 POINT 760 point-0000760 deposition
G1 A90.000000 C15.000000 X191.612334 Y-257.400000 Z304.555892 E42.656003694584472908 F68.754935
; R03 POINT 761 point-0000761 deposition
G1 A90.000000 C10.000000 X216.110935 Y-257.400000 Z286.754309 E42.713019612460436088 F68.754935
; R03 POINT 762 point-0000762 deposition
G1 A90.000000 C5.000000 X238.964801 Y-257.400000 Z266.885274 E42.770035530336399268 F68.754935
; R03 POINT 763 point-0000763 deposition
G1 A90.000000 C0.000000 X260.000000 Y-257.400000 Z245.100000 E42.827051448212362628 F68.754935
; R03 POINT 764 point-0000764 deposition
G1 A90.000000 C-5.000000 X279.056442 Y-257.400000 Z221.564287 E42.884067366088325898 F68.754935
; R03 POINT 765 point-0000765 deposition
G1 A90.000000 C-10.000000 X295.989097 Y-257.400000 Z196.457257 E42.941083283964289078 F68.754935
; R03 POINT 766 point-0000766 deposition
G1 A90.000000 C-15.000000 X310.669095 Y-257.400000 Z169.969988 E42.998099201840252388 F68.754935
; R03 POINT 767 point-0000767 deposition
G1 A90.000000 C-20.000000 X322.984714 Y-257.400000 Z142.304066 E43.055115119716215564 F68.754935
; R03 POINT 768 point-0000768 deposition
G1 A90.000000 C-25.000000 X332.842225 Y-257.400000 Z113.670043 E43.112131037592178714 F68.754935
; R03 POINT 769 point-0000769 deposition
G1 A90.000000 C-30.000000 X340.166605 Y-257.400000 Z84.285843 E43.169146955468141924 F68.754935
; R03 POINT 770 point-0000770 deposition
G1 A90.000000 C-35.000000 X344.902112 Y-257.400000 Z54.375097 E43.226162873344105064 F68.754935
; R03 POINT 771 point-0000771 deposition
G1 A90.000000 C-40.000000 X347.012705 Y-257.400000 Z24.165443 E43.283178791220068544 F68.754935
; R03 POINT 772 point-0000772 deposition
G1 A90.000000 C-45.000000 X346.482323 Y-257.400000 Z-6.113203 E43.340194709096031720 F68.754935
; R03 POINT 773 point-0000773 deposition
G1 A90.000000 C-50.000000 X343.315000 Y-257.400000 Z-36.230405 E43.397210626971994896 F68.754935
; R03 POINT 774 point-0000774 deposition
G1 A90.000000 C-55.000000 X337.534844 Y-257.400000 Z-65.956951 E43.454226544847958376 F68.754935
; R03 POINT 775 point-0000775 deposition
G1 A90.000000 C-60.000000 X329.185843 Y-257.400000 Z-95.066605 E43.511242462723921576 F68.754935
; R03 POINT 776 point-0000776 deposition
G1 A90.000000 C-65.000000 X318.331539 Y-257.400000 Z-123.337824 E43.568258380599884752 F68.754935
; R03 POINT 777 point-0000777 deposition
G1 A90.000000 C-70.000000 X305.054540 Y-257.400000 Z-150.555448 E43.625274298475847932 F68.754935
; R03 POINT 778 point-0000778 deposition
G1 A90.000000 C-75.000000 X289.455892 Y-257.400000 Z-176.512334 E43.682290216351811046 F68.754935
; R03 POINT 779 point-0000779 deposition
G1 A90.000000 C-80.000000 X271.654309 Y-257.400000 Z-201.010935 E43.739306134227774246 F68.754935
; R03 POINT 780 point-0000780 deposition
G1 A90.000000 C-85.000000 X251.785274 Y-257.400000 Z-223.864801 E43.796322052103737696 F68.754935
; R03 POINT 781 point-0000781 deposition
G1 A90.000000 C-90.000000 X230.000000 Y-257.400000 Z-244.900000 E43.853337969979700966 F68.754935
; R03 POINT 782 point-0000782 deposition
G1 A90.000000 C-95.000000 X206.464287 Y-257.400000 Z-263.956442 E43.910353887855664056 F68.754935
; R03 POINT 783 point-0000783 deposition
G1 A90.000000 C-100.000000 X181.357257 Y-257.400000 Z-280.889097 E43.967369805731627506 F68.754935
; R03 POINT 784 point-0000784 deposition
G1 A90.000000 C-105.000000 X154.869988 Y-257.400000 Z-295.569095 E44.024385723607590321 F68.754935
; R03 POINT 785 point-0000785 deposition
G1 A90.000000 C-110.000000 X127.204066 Y-257.400000 Z-307.884714 E44.081401641483553816 F68.754935
; R03 POINT 786 point-0000786 deposition
G1 A90.000000 C-115.000000 X98.570043 Y-257.400000 Z-317.742225 E44.138417559359516966 F68.754935
; R03 POINT 787 point-0000787 deposition
G1 A90.000000 C-120.000000 X69.185843 Y-257.400000 Z-325.066605 E44.195433477235480446 F68.754935
; R03 POINT 788 point-0000788 deposition
G1 A90.000000 C-125.000000 X39.275097 Y-257.400000 Z-329.802112 E44.252449395111443400 F68.754935
; R03 POINT 789 point-0000789 deposition
G1 A90.000000 C-130.000000 X9.065443 Y-257.400000 Z-331.912705 E44.309465312987406805 F68.754935
; R03 POINT 790 point-0000790 deposition
G1 A90.000000 C-135.000000 X-21.213203 Y-257.400000 Z-331.382323 E44.366481230863370035 F68.754935
; R03 POINT 791 point-0000791 deposition
G1 A90.000000 C-140.000000 X-51.330405 Y-257.400000 Z-328.215000 E44.423497148739333211 F68.754935
; R03 POINT 792 point-0000792 deposition
G1 A90.000000 C-145.000000 X-81.056951 Y-257.400000 Z-322.434844 E44.480513066615296387 F68.754935
; R03 POINT 793 point-0000793 deposition
G1 A90.000000 C-150.000000 X-110.166605 Y-257.400000 Z-314.085843 E44.537528984491259467 F68.754935
; R03 POINT 794 point-0000794 deposition
G1 A90.000000 C-155.000000 X-138.437824 Y-257.400000 Z-303.231539 E44.594544902367223357 F68.754935
; R03 POINT 795 point-0000795 deposition
G1 A90.000000 C-160.000000 X-165.655448 Y-257.400000 Z-289.954540 E44.651560820243185947 F68.754935
; R03 POINT 796 point-0000796 deposition
G1 A90.000000 C-165.000000 X-191.612334 Y-257.400000 Z-274.355892 E44.708576738119149671 F68.754935
; R03 POINT 797 point-0000797 deposition
G1 A90.000000 C-170.000000 X-216.110935 Y-257.400000 Z-256.554309 E44.765592655995112871 F68.754935
; R03 POINT 798 point-0000798 deposition
G1 A90.000000 C-175.000000 X-238.964801 Y-257.400000 Z-236.685274 E44.822608573871076071 F68.754935
; R03 POINT 799 point-0000799 deposition
G1 A90.000000 C-180.000000 X-260.000000 Y-257.400000 Z-214.900000 E44.879624491747039247 F68.754935
; R03 POINT 800 point-0000800 deposition
G1 A90.000000 C-185.000000 X-279.056442 Y-257.400000 Z-191.364287 E44.936640409623002423 F68.754935
; R03 POINT 801 point-0000801 deposition
G1 A90.000000 C-190.000000 X-295.989097 Y-257.400000 Z-166.257257 E44.993656327498965537 F68.754935
; R03 POINT 802 point-0000802 deposition
G1 A90.000000 C-195.000000 X-310.669095 Y-257.400000 Z-139.769988 E45.050672245374928737 F68.754935
; R03 POINT 803 point-0000803 deposition
G1 A90.000000 C-200.000000 X-322.984714 Y-257.400000 Z-112.104066 E45.107688163250892461 F68.754935
; R03 POINT 804 point-0000804 deposition
G1 A90.000000 C-205.000000 X-332.842225 Y-257.400000 Z-83.470043 E45.164704081126855141 F68.754935
; R03 POINT 805 point-0000805 deposition
G1 A90.000000 C-210.000000 X-340.166605 Y-257.400000 Z-54.085843 E45.221719999002818865 F68.754935
; R03 POINT 806 point-0000806 deposition
G1 A90.000000 C-215.000000 X-344.902112 Y-257.400000 Z-24.175097 E45.278735916878782005 F68.754935
; R03 POINT 807 point-0000807 deposition
G1 A90.000000 C-220.000000 X-347.012705 Y-257.400000 Z6.034557 E45.335751834754745181 F68.754935
; R03 POINT 808 point-0000808 deposition
G1 A90.000000 C-225.000000 X-346.482323 Y-257.400000 Z36.313203 E45.392767752630708541 F68.754935
; R03 POINT 809 point-0000809 deposition
G1 A90.000000 C-230.000000 X-343.315000 Y-257.400000 Z66.430405 E45.449783670506671531 F68.754935
; R03 POINT 810 point-0000810 deposition
G1 A90.000000 C-235.000000 X-337.534844 Y-257.400000 Z96.156951 E45.506799588382634661 F68.754935
; R03 POINT 811 point-0000811 deposition
G1 A90.000000 C-240.000000 X-329.185843 Y-257.400000 Z125.266605 E45.563815506258597961 F68.754935
; R03 POINT 812 point-0000812 deposition
G1 A90.000000 C-245.000000 X-318.331539 Y-257.400000 Z153.537824 E45.620831424134561685 F68.754935
; R03 POINT 813 point-0000813 deposition
G1 A90.000000 C-250.000000 X-305.054540 Y-257.400000 Z180.755448 E45.677847342010524275 F68.754935
; R03 POINT 814 point-0000814 deposition
G1 A90.000000 C-255.000000 X-289.455892 Y-257.400000 Z206.712334 E45.734863259886487965 F68.754935
; R03 POINT 815 point-0000815 deposition
G1 A90.000000 C-260.000000 X-271.654309 Y-257.400000 Z231.210935 E45.791879177762451165 F68.754935
; R03 POINT 816 point-0000816 deposition
G1 A90.000000 C-265.000000 X-251.785274 Y-257.400000 Z254.064801 E45.848895095638414431 F68.754935
; R03 POINT 817 point-0000817 deposition
G1 A90.000000 C-270.000000 X-230.000000 Y-257.400000 Z275.100000 E45.905911013514377521 F68.754935
; R03 EVENT event-0000067 index_end
; R03 EVENT event-0000068 retract
G94 ; extrusion actuator feed
G1 E44.905911013514377521 F120.000000
G93 ; resume inverse-time motion
; R03 EVENT event-0000069 safe_depart
; R03 POINT 818 point-0000818 depart
G1 A90.000000 C-270.000000 X-230.000000 Y-257.400000 Z276.900000 F66.666667
; R03 EVENT event-0000070 safe_approach
; R03 POINT 819 point-0000819 approach
G1 A90.000000 C-270.000000 X-230.000000 Y-257.400000 Z275.900000 F120.000000
; R03 EVENT event-0000071 index_start
; R03 EVENT event-0000072 prime
G94 ; extrusion actuator feed
G1 E45.905911013514377521 F120.000000
G93 ; resume inverse-time motion
; R03 POINT 820 point-0000820 deposition
G1 A90.000000 C-265.000000 X-251.785274 Y-257.400000 Z254.864801 E45.966408819504903331 F68.754935
; R03 POINT 821 point-0000821 deposition
G1 A90.000000 C-260.000000 X-271.654309 Y-257.400000 Z232.010935 E46.026906625495429057 F68.754935
; R03 POINT 822 point-0000822 deposition
G1 A90.000000 C-255.000000 X-289.455892 Y-257.400000 Z207.512334 E46.087404431485954991 F68.754935
; R03 POINT 823 point-0000823 deposition
G1 A90.000000 C-250.000000 X-305.054540 Y-257.400000 Z181.555448 E46.147902237476480711 F68.754935
; R03 POINT 824 point-0000824 deposition
G1 A90.000000 C-245.000000 X-318.331539 Y-257.400000 Z154.337824 E46.208400043467007151 F68.754935
; R03 POINT 825 point-0000825 deposition
G1 A90.000000 C-240.000000 X-329.185843 Y-257.400000 Z126.066605 E46.268897849457533011 F68.754935
; R03 POINT 826 point-0000826 deposition
G1 A90.000000 C-235.000000 X-337.534844 Y-257.400000 Z96.956951 E46.329395655448058821 F68.754935
; R03 POINT 827 point-0000827 deposition
G1 A90.000000 C-230.000000 X-343.315000 Y-257.400000 Z67.230405 E46.389893461438584751 F68.754935
; R03 POINT 828 point-0000828 deposition
G1 A90.000000 C-225.000000 X-346.482323 Y-257.400000 Z37.113203 E46.450391267429110511 F68.754935
; R03 POINT 829 point-0000829 deposition
G1 A90.000000 C-220.000000 X-347.012705 Y-257.400000 Z6.834557 E46.510889073419636511 F68.754935
; R03 POINT 830 point-0000830 deposition
G1 A90.000000 C-215.000000 X-344.902112 Y-257.400000 Z-23.375097 E46.571386879410162077 F68.754935
; R03 POINT 831 point-0000831 deposition
G1 A90.000000 C-210.000000 X-340.166605 Y-257.400000 Z-53.285843 E46.631884685400687887 F68.754935
; R03 POINT 832 point-0000832 deposition
G1 A90.000000 C-205.000000 X-332.842225 Y-257.400000 Z-82.670043 E46.692382491391214377 F68.754935
; R03 POINT 833 point-0000833 deposition
G1 A90.000000 C-200.000000 X-322.984714 Y-257.400000 Z-111.304066 E46.752880297381740187 F68.754935
; R03 POINT 834 point-0000834 deposition
G1 A90.000000 C-195.000000 X-310.669095 Y-257.400000 Z-138.969988 E46.813378103372266077 F68.754935
; R03 POINT 835 point-0000835 deposition
G1 A90.000000 C-190.000000 X-295.989097 Y-257.400000 Z-165.457257 E46.873875909362791837 F68.754935
; R03 POINT 836 point-0000836 deposition
G1 A90.000000 C-185.000000 X-279.056442 Y-257.400000 Z-190.564287 E46.934373715353317657 F68.754935
; R03 POINT 837 point-0000837 deposition
G1 A90.000000 C-180.000000 X-260.000000 Y-257.400000 Z-214.100000 E46.994871521343843467 F68.754935
; R03 POINT 838 point-0000838 deposition
G1 A90.000000 C-175.000000 X-238.964801 Y-257.400000 Z-235.885274 E47.055369327334369357 F68.754935
; R03 POINT 839 point-0000839 deposition
G1 A90.000000 C-170.000000 X-216.110935 Y-257.400000 Z-255.754309 E47.115867133324895131 F68.754935
; R03 POINT 840 point-0000840 deposition
G1 A90.000000 C-165.000000 X-191.612334 Y-257.400000 Z-273.555892 E47.176364939315420941 F68.754935
; R03 POINT 841 point-0000841 deposition
G1 A90.000000 C-160.000000 X-165.655448 Y-257.400000 Z-289.154540 E47.236862745305946785 F68.754935
; R03 POINT 842 point-0000842 deposition
G1 A90.000000 C-155.000000 X-138.437824 Y-257.400000 Z-302.431539 E47.297360551296472559 F68.754935
; R03 POINT 843 point-0000843 deposition
G1 A90.000000 C-150.000000 X-110.166605 Y-257.400000 Z-313.285843 E47.357858357286998539 F68.754935
; R03 POINT 844 point-0000844 deposition
G1 A90.000000 C-145.000000 X-81.056951 Y-257.400000 Z-321.634844 E47.418356163277524139 F68.754935
; R03 POINT 845 point-0000845 deposition
G1 A90.000000 C-140.000000 X-51.330405 Y-257.400000 Z-327.415000 E47.478853969268050679 F68.754935
; R03 POINT 846 point-0000846 deposition
G1 A90.000000 C-135.000000 X-21.213203 Y-257.400000 Z-330.582323 E47.539351775258576499 F68.754935
; R03 POINT 847 point-0000847 deposition
G1 A90.000000 C-130.000000 X9.065443 Y-257.400000 Z-331.112705 E47.599849581249102389 F68.754935
; R03 POINT 848 point-0000848 deposition
G1 A90.000000 C-125.000000 X39.275097 Y-257.400000 Z-329.002112 E47.660347387239628455 F68.754935
; R03 POINT 849 point-0000849 deposition
G1 A90.000000 C-120.000000 X69.185843 Y-257.400000 Z-324.266605 E47.720845193230154265 F68.754935
; R03 POINT 850 point-0000850 deposition
G1 A90.000000 C-115.000000 X98.570043 Y-257.400000 Z-316.942225 E47.781342999220679970 F68.754935
; R03 POINT 851 point-0000851 deposition
G1 A90.000000 C-110.000000 X127.204066 Y-257.400000 Z-307.084714 E47.841840805211205814 F68.754935
; R03 POINT 852 point-0000852 deposition
G1 A90.000000 C-105.000000 X154.869988 Y-257.400000 Z-294.769095 E47.902338611201731704 F68.754935
; R03 POINT 853 point-0000853 deposition
G1 A90.000000 C-100.000000 X181.357257 Y-257.400000 Z-280.089097 E47.962836417192257464 F68.754935
; R03 POINT 854 point-0000854 deposition
G1 A90.000000 C-95.000000 X206.464287 Y-257.400000 Z-263.156442 E48.023334223182783550 F68.754935
; R03 POINT 855 point-0000855 deposition
G1 A90.000000 C-90.000000 X230.000000 Y-257.400000 Z-244.100000 E48.083832029173309360 F68.754935
; R03 POINT 856 point-0000856 deposition
G1 A90.000000 C-85.000000 X251.785274 Y-257.400000 Z-223.064801 E48.144329835163835170 F68.754935
; R03 POINT 857 point-0000857 deposition
G1 A90.000000 C-80.000000 X271.654309 Y-257.400000 Z-200.210935 E48.204827641154361430 F68.754935
; R03 POINT 858 point-0000858 deposition
G1 A90.000000 C-75.000000 X289.455892 Y-257.400000 Z-175.712334 E48.265325447144886860 F68.754935
; R03 POINT 859 point-0000859 deposition
G1 A90.000000 C-70.000000 X305.054540 Y-257.400000 Z-149.755448 E48.325823253135413030 F68.754935
; R03 POINT 860 point-0000860 deposition
G1 A90.000000 C-65.000000 X318.331539 Y-257.400000 Z-122.537824 E48.386321059125938790 F68.754935
; R03 POINT 861 point-0000861 deposition
G1 A90.000000 C-60.000000 X329.185843 Y-257.400000 Z-94.266605 E48.446818865116464925 F68.754935
; R03 POINT 862 point-0000862 deposition
G1 A90.000000 C-55.000000 X337.534844 Y-257.400000 Z-65.156951 E48.507316671106990455 F68.754935
; R03 POINT 863 point-0000863 deposition
G1 A90.000000 C-50.000000 X343.315000 Y-257.400000 Z-35.430405 E48.567814477097516590 F68.754935
; R03 POINT 864 point-0000864 deposition
G1 A90.000000 C-45.000000 X346.482323 Y-257.400000 Z-5.313203 E48.628312283088042350 F68.754935
; R03 POINT 865 point-0000865 deposition
G1 A90.000000 C-40.000000 X347.012705 Y-257.400000 Z24.965443 E48.688810089078568240 F68.754935
; R03 POINT 866 point-0000866 deposition
G1 A90.000000 C-35.000000 X344.902112 Y-257.400000 Z55.175097 E48.749307895069094050 F68.754935
; R03 POINT 867 point-0000867 deposition
G1 A90.000000 C-30.000000 X340.166605 Y-257.400000 Z85.085843 E48.809805701059619910 F68.754935
; R03 POINT 868 point-0000868 deposition
G1 A90.000000 C-25.000000 X332.842225 Y-257.400000 Z114.470043 E48.870303507050146316 F68.754935
; R03 POINT 869 point-0000869 deposition
G1 A90.000000 C-20.000000 X322.984714 Y-257.400000 Z143.104066 E48.930801313040671526 F68.754935
; R03 POINT 870 point-0000870 deposition
G1 A90.000000 C-15.000000 X310.669095 Y-257.400000 Z170.769988 E48.991299119031197956 F68.754935
; R03 POINT 871 point-0000871 deposition
G1 A90.000000 C-10.000000 X295.989097 Y-257.400000 Z197.257257 E49.051796925021723716 F68.754935
; R03 POINT 872 point-0000872 deposition
G1 A90.000000 C-5.000000 X279.056442 Y-257.400000 Z222.364287 E49.112294731012249526 F68.754935
; R03 POINT 873 point-0000873 deposition
G1 A90.000000 C0.000000 X260.000000 Y-257.400000 Z245.900000 E49.172792537002775336 F68.754935
; R03 POINT 874 point-0000874 deposition
G1 A90.000000 C5.000000 X238.964801 Y-257.400000 Z267.685274 E49.233290342993301236 F68.754935
; R03 POINT 875 point-0000875 deposition
G1 A90.000000 C10.000000 X216.110935 Y-257.400000 Z287.554309 E49.293788148983827046 F68.754935
; R03 POINT 876 point-0000876 deposition
G1 A90.000000 C15.000000 X191.612334 Y-257.400000 Z305.355892 E49.354285954974352820 F68.754935
; R03 POINT 877 point-0000877 deposition
G1 A90.000000 C20.000000 X165.655448 Y-257.400000 Z320.954540 E49.414783760964879260 F68.754935
; R03 POINT 878 point-0000878 deposition
G1 A90.000000 C25.000000 X138.437824 Y-257.400000 Z334.231539 E49.475281566955404424 F68.754935
; R03 POINT 879 point-0000879 deposition
G1 A90.000000 C30.000000 X110.166605 Y-257.400000 Z345.085843 E49.535779372945930788 F68.754935
; R03 POINT 880 point-0000880 deposition
G1 A90.000000 C35.000000 X81.056951 Y-257.400000 Z353.434844 E49.596277178936456632 F68.754935
; R03 POINT 881 point-0000881 deposition
G1 A90.000000 C40.000000 X51.330405 Y-257.400000 Z359.215000 E49.656774984926982582 F68.754935
; R03 POINT 882 point-0000882 deposition
G1 A90.000000 C45.000000 X21.213203 Y-257.400000 Z362.382323 E49.717272790917508202 F68.754935
; R03 POINT 883 point-0000883 deposition
G1 A90.000000 C50.000000 X-9.065443 Y-257.400000 Z362.912705 E49.777770596908034152 F68.754935
; R03 POINT 884 point-0000884 deposition
G1 A90.000000 C55.000000 X-39.275097 Y-257.400000 Z360.802112 E49.838268402898559972 F68.754935
; R03 POINT 885 point-0000885 deposition
G1 A90.000000 C60.000000 X-69.185843 Y-257.400000 Z356.066605 E49.898766208889085782 F68.754935
; R03 POINT 886 point-0000886 deposition
G1 A90.000000 C65.000000 X-98.570043 Y-257.400000 Z348.742225 E49.959264014879612272 F68.754935
; R03 POINT 887 point-0000887 deposition
G1 A90.000000 C70.000000 X-127.204066 Y-257.400000 Z338.884714 E50.019761820870137382 F68.754935
; R03 POINT 888 point-0000888 deposition
G1 A90.000000 C75.000000 X-154.869988 Y-257.400000 Z326.569095 E50.080259626860663788 F68.754935
; R03 POINT 889 point-0000889 deposition
G1 A90.000000 C80.000000 X-181.357257 Y-257.400000 Z311.889097 E50.140757432851189548 F68.754935
; R03 POINT 890 point-0000890 deposition
G1 A90.000000 C85.000000 X-206.464287 Y-257.400000 Z294.956442 E50.201255238841715448 F68.754935
; R03 POINT 891 point-0000891 deposition
G1 A90.000000 C90.000000 X-230.000000 Y-257.400000 Z275.900000 E50.261753044832241258 F68.754935
; R03 EVENT event-0000073 index_end
; R03 EVENT event-0000074 retract
G94 ; extrusion actuator feed
G1 E49.261753044832241258 F120.000000
G93 ; resume inverse-time motion
; R03 EVENT event-0000075 safe_depart
; R03 POINT 892 point-0000892 depart
G1 A90.000000 C90.000000 X-230.000000 Y-257.400000 Z276.900000 F120.000000
; R03 EVENT event-0000076 finish
G94 ; restore units-per-minute mode
M400 ; finish queued motion
M2
