; 5AxisSclicer P02 Planar Zigzag
; reference XYZAC profile; offline simulation only
G21 ; millimetres
G90 ; absolute axes
M82 ; absolute extrusion
; P02 POINT 1 point-0000001 approach
G1 A0.000000 C0.000000 X250.000000 Y266.003361 Z272.000000 F100.000
; P02 EVENT event-0000001 prime
G1 E1.000000 F100.000
; P02 POINT 2 point-0000002 deposition
G1 A0.000000 C0.000000 X248.431928 Y265.926323 Z272.000000 E1.234977 F100.000
; P02 POINT 3 point-0000003 deposition
G1 A0.000000 C0.000000 X246.878961 Y265.695953 Z272.000000 E1.469954 F100.000
; P02 POINT 4 point-0000004 deposition
G1 A0.000000 C0.000000 X245.356050 Y265.314472 Z272.000000 E1.704932 F100.000
; P02 POINT 5 point-0000005 deposition
G1 A0.000000 C0.000000 X243.877871 Y264.785565 Z272.000000 E1.939908 F100.000
; P02 POINT 6 point-0000006 deposition
G1 A0.000000 C0.000000 X242.458641 Y264.114326 Z272.000000 E2.174885 F100.000
; P02 POINT 7 point-0000007 deposition
G1 A0.000000 C0.000000 X241.111932 Y263.307163 Z272.000000 E2.409879 F100.000
; P02 POINT 8 point-0000008 deposition
G1 A0.000000 C0.000000 X239.850818 Y262.371901 Z272.000000 E2.644872 F100.000
; P02 POINT 9 point-0000009 deposition
G1 A0.000000 C0.000000 X238.687459 Y261.317572 Z272.000000 E2.879861 F100.000
; P02 POINT 10 point-0000010 deposition
G1 A0.000000 C0.000000 X237.633008 Y260.154295 Z272.000000 E3.114852 F100.000
; P02 POINT 11 point-0000011 deposition
G1 A0.000000 C0.000000 X236.697614 Y258.893257 Z272.000000 E3.349848 F100.000
; P02 POINT 12 point-0000012 deposition
G1 A0.000000 C0.000000 X235.890301 Y257.546621 Z272.000000 E3.584845 F100.000
; P02 POINT 13 point-0000013 deposition
G1 A0.000000 C0.000000 X235.218666 Y256.126929 Z272.000000 E3.819909 F100.000
; P02 POINT 14 point-0000014 deposition
G1 A0.000000 C0.000000 X234.689414 Y254.648174 Z272.000000 E4.054984 F100.000
; P02 POINT 15 point-0000015 deposition
G1 A0.000000 C0.000000 X234.307704 Y253.124797 Z272.000000 E4.290037 F100.000
; P02 POINT 16 point-0000016 deposition
G1 A0.000000 C0.000000 X234.077169 Y251.571450 Z272.000000 E4.525074 F100.000
; P02 POINT 17 point-0000017 deposition
G1 A0.000000 C0.000000 X234.000000 Y250.002967 Z272.000000 E4.760114 F100.000
; P02 POINT 18 point-0000018 deposition
G1 A0.000000 C0.000000 X234.076959 Y248.434338 Z272.000000 E4.995174 F100.000
; P02 POINT 19 point-0000019 deposition
G1 A0.000000 C0.000000 X234.307342 Y246.880698 Z272.000000 E5.230251 F100.000
; P02 POINT 20 point-0000020 deposition
G1 A0.000000 C0.000000 X234.688877 Y245.357311 Z272.000000 E5.465299 F100.000
; P02 POINT 21 point-0000021 deposition
G1 A0.000000 C0.000000 X235.217837 Y243.878835 Z272.000000 E5.700320 F100.000
; P02 POINT 22 point-0000022 deposition
G1 A0.000000 C0.000000 X235.889340 Y242.459003 Z272.000000 E5.935395 F100.000
; P02 POINT 23 point-0000023 deposition
G1 A0.000000 C0.000000 X236.696785 Y241.111885 Z272.000000 E6.170463 F100.000
; P02 POINT 24 point-0000024 deposition
G1 A0.000000 C0.000000 X237.632315 Y239.850534 Z272.000000 E6.405509 F100.000
; P02 POINT 25 point-0000025 deposition
G1 A0.000000 C0.000000 X238.686942 Y238.687019 Z272.000000 E6.640545 F100.000
; P02 POINT 26 point-0000026 deposition
G1 A0.000000 C0.000000 X239.850601 Y237.632447 Z272.000000 E6.875591 F100.000
; P02 POINT 27 point-0000027 deposition
G1 A0.000000 C0.000000 X241.112163 Y236.696948 Z272.000000 E7.110659 F100.000
; P02 POINT 28 point-0000028 deposition
G1 A0.000000 C0.000000 X242.459406 Y235.889623 Z272.000000 E7.345734 F100.000
; P02 POINT 29 point-0000029 deposition
G1 A0.000000 C0.000000 X243.878957 Y235.218427 Z272.000000 E7.580752 F100.000
; P02 POINT 30 point-0000030 deposition
G1 A0.000000 C0.000000 X245.357234 Y234.689681 Z272.000000 E7.815734 F100.000
; P02 POINT 31 point-0000031 deposition
G1 A0.000000 C0.000000 X246.880208 Y234.308367 Z272.000000 E8.050714 F100.000
; P02 POINT 32 point-0000032 deposition
G1 A0.000000 C0.000000 X248.433222 Y234.078151 Z272.000000 E8.285695 F100.000
; P02 POINT 33 point-0000033 deposition
G1 A0.000000 C0.000000 X250.001327 Y234.001252 Z272.000000 E8.520676 F100.000
; P02 POINT 34 point-0000034 deposition
G1 A0.000000 C0.000000 X251.569538 Y234.078423 Z272.000000 E8.755675 F100.000
; P02 POINT 35 point-0000035 deposition
G1 A0.000000 C0.000000 X253.122731 Y234.308951 Z272.000000 E8.990689 F100.000
; P02 POINT 36 point-0000036 deposition
G1 A0.000000 C0.000000 X254.645787 Y234.690598 Z272.000000 E9.225694 F100.000
; P02 POINT 37 point-0000037 deposition
G1 A0.000000 C0.000000 X256.124066 Y235.219679 Z272.000000 E9.460692 F100.000
; P02 POINT 38 point-0000038 deposition
G1 A0.000000 C0.000000 X257.543410 Y235.891128 Z272.000000 E9.695698 F100.000
; P02 POINT 39 point-0000039 deposition
G1 A0.000000 C0.000000 X258.890153 Y236.698496 Z272.000000 E9.930713 F100.000
; P02 POINT 40 point-0000040 deposition
G1 A0.000000 C0.000000 X260.151171 Y237.633902 Z272.000000 E10.165707 F100.000
; P02 POINT 41 point-0000041 deposition
G1 A0.000000 C0.000000 X261.314403 Y238.688365 Z272.000000 E10.400695 F100.000
; P02 POINT 42 point-0000042 deposition
G1 A0.000000 C0.000000 X262.368684 Y239.851751 Z272.000000 E10.635681 F100.000
; P02 POINT 43 point-0000043 deposition
G1 A0.000000 C0.000000 X263.303860 Y241.112850 Z272.000000 E10.870665 F100.000
; P02 POINT 44 point-0000044 deposition
G1 A0.000000 C0.000000 X264.110953 Y242.459551 Z272.000000 E11.105653 F100.000
; P02 POINT 45 point-0000045 deposition
G1 A0.000000 C0.000000 X264.782170 Y243.878852 Z272.000000 E11.340638 F100.000
; P02 POINT 46 point-0000046 deposition
G1 A0.000000 C0.000000 X265.311128 Y245.357329 Z272.000000 E11.575659 F100.000
; P02 POINT 47 point-0000047 deposition
G1 A0.000000 C0.000000 X265.692652 Y246.880672 Z272.000000 E11.810701 F100.000
; P02 POINT 48 point-0000048 deposition
G1 A0.000000 C0.000000 X265.923006 Y248.433986 Z272.000000 E12.045729 F100.000
; P02 POINT 49 point-0000049 deposition
G1 A0.000000 C0.000000 X266.000000 Y250.002317 Z272.000000 E12.280744 F100.000
; P02 POINT 50 point-0000050 deposition
G1 A0.000000 C0.000000 X265.922908 Y251.570666 Z272.000000 E12.515764 F100.000
; P02 POINT 51 point-0000051 deposition
G1 A0.000000 C0.000000 X265.692452 Y253.124012 Z272.000000 E12.750798 F100.000
; P02 POINT 52 point-0000052 deposition
G1 A0.000000 C0.000000 X265.310844 Y254.647323 Z272.000000 E12.985839 F100.000
; P02 POINT 53 point-0000053 deposition
G1 A0.000000 C0.000000 X264.781858 Y256.125663 Z272.000000 E13.220841 F100.000
; P02 POINT 54 point-0000054 deposition
G1 A0.000000 C0.000000 X264.110443 Y257.545229 Z272.000000 E13.455875 F100.000
; P02 POINT 55 point-0000055 deposition
G1 A0.000000 C0.000000 X263.303094 Y258.892197 Z272.000000 E13.690917 F100.000
; P02 POINT 56 point-0000056 deposition
G1 A0.000000 C0.000000 X262.367675 Y260.153462 Z272.000000 E13.925942 F100.000
; P02 POINT 57 point-0000057 deposition
G1 A0.000000 C0.000000 X261.313186 Y261.316927 Z272.000000 E14.160958 F100.000
; P02 POINT 58 point-0000058 deposition
G1 A0.000000 C0.000000 X260.149706 Y262.371470 Z272.000000 E14.395982 F100.000
; P02 POINT 59 point-0000059 deposition
G1 A0.000000 C0.000000 X258.888375 Y263.306958 Z272.000000 E14.631021 F100.000
; P02 POINT 60 point-0000060 deposition
G1 A0.000000 C0.000000 X257.541425 Y264.114291 Z272.000000 E14.866060 F100.000
; P02 POINT 61 point-0000061 deposition
G1 A0.000000 C0.000000 X256.122131 Y264.785564 Z272.000000 E15.101047 F100.000
; P02 POINT 62 point-0000062 deposition
G1 A0.000000 C0.000000 X254.643951 Y265.314472 Z272.000000 E15.336023 F100.000
; P02 POINT 63 point-0000063 deposition
G1 A0.000000 C0.000000 X253.121040 Y265.695953 Z272.000000 E15.571001 F100.000
; P02 POINT 64 point-0000064 deposition
G1 A0.000000 C0.000000 X251.568072 Y265.926323 Z272.000000 E15.805978 F100.000
; P02 POINT 65 point-0000065 deposition
G1 A0.000000 C0.000000 X250.000000 Y266.003361 Z272.000000 E16.040955 F100.000
; P02 EVENT event-0000002 retract
G1 E15.040955 F100.000
; P02 POINT 66 point-0000066 travel
G1 A0.000000 C0.000000 X250.000000 Y265.003193 Z272.000000 F100.000
; P02 EVENT event-0000003 prime
G1 E16.040955 F100.000
; P02 POINT 67 point-0000067 deposition
G1 A0.000000 C0.000000 X251.469986 Y264.930979 Z272.000000 E16.261234 F100.000
; P02 POINT 68 point-0000068 deposition
G1 A0.000000 C0.000000 X252.925815 Y264.715034 Z272.000000 E16.481513 F100.000
; P02 POINT 69 point-0000069 deposition
G1 A0.000000 C0.000000 X254.353472 Y264.357440 Z272.000000 E16.701792 F100.000
; P02 POINT 70 point-0000070 deposition
G1 A0.000000 C0.000000 X255.739200 Y263.861649 Z272.000000 E16.922070 F100.000
; P02 POINT 71 point-0000071 deposition
G1 A0.000000 C0.000000 X257.069685 Y263.232429 Z272.000000 E17.142351 F100.000
; P02 POINT 72 point-0000072 deposition
G1 A0.000000 C0.000000 X258.332154 Y262.475814 Z272.000000 E17.362641 F100.000
; P02 POINT 73 point-0000073 deposition
G1 A0.000000 C0.000000 X259.514380 Y261.599132 Z272.000000 E17.582928 F100.000
; P02 POINT 74 point-0000074 deposition
G1 A0.000000 C0.000000 X260.605000 Y260.610821 Z272.000000 E17.803214 F100.000
; P02 POINT 75 point-0000075 deposition
G1 A0.000000 C0.000000 X261.593542 Y259.520373 Z272.000000 E18.023504 F100.000
; P02 POINT 76 point-0000076 deposition
G1 A0.000000 C0.000000 X262.470450 Y258.338333 Z272.000000 E18.243789 F100.000
; P02 POINT 77 point-0000077 deposition
G1 A0.000000 C0.000000 X263.227329 Y257.076025 Z272.000000 E18.464079 F100.000
; P02 POINT 78 point-0000078 deposition
G1 A0.000000 C0.000000 X263.856865 Y255.745638 Z272.000000 E18.684367 F100.000
; P02 POINT 79 point-0000079 deposition
G1 A0.000000 C0.000000 X264.353005 Y254.359979 Z272.000000 E18.904652 F100.000
; P02 POINT 80 point-0000080 deposition
G1 A0.000000 C0.000000 X264.710983 Y252.932348 Z272.000000 E19.124942 F100.000
; P02 POINT 81 point-0000081 deposition
G1 A0.000000 C0.000000 X264.927341 Y251.476522 Z272.000000 E19.345229 F100.000
; P02 POINT 82 point-0000082 deposition
G1 A0.000000 C0.000000 X264.999999 Y250.005806 Z272.000000 E19.565621 F100.000
; P02 POINT 83 point-0000083 deposition
G1 A0.000000 C0.000000 X264.928073 Y248.534562 Z272.000000 E19.786086 F100.000
; P02 POINT 84 point-0000084 deposition
G1 A0.000000 C0.000000 X264.712218 Y247.077534 Z272.000000 E20.006540 F100.000
; P02 POINT 85 point-0000085 deposition
G1 A0.000000 C0.000000 X264.354582 Y245.648925 Z272.000000 E20.226959 F100.000
; P02 POINT 86 point-0000086 deposition
G1 A0.000000 C0.000000 X263.858655 Y244.262431 Z272.000000 E20.447352 F100.000
; P02 POINT 87 point-0000087 deposition
G1 A0.000000 C0.000000 X263.229182 Y242.931247 Z272.000000 E20.667743 F100.000
; P02 POINT 88 point-0000088 deposition
G1 A0.000000 C0.000000 X262.472135 Y241.668057 Z272.000000 E20.888159 F100.000
; P02 POINT 89 point-0000089 deposition
G1 A0.000000 C0.000000 X261.594721 Y240.485004 Z272.000000 E21.108611 F100.000
; P02 POINT 90 point-0000090 deposition
G1 A0.000000 C0.000000 X260.605441 Y239.393637 Z272.000000 E21.329077 F100.000
; P02 POINT 91 point-0000091 deposition
G1 A0.000000 C0.000000 X259.514215 Y238.404832 Z272.000000 E21.549480 F100.000
; P02 POINT 92 point-0000092 deposition
G1 A0.000000 C0.000000 X258.331866 Y237.528174 Z272.000000 E21.769780 F100.000
; P02 POINT 93 point-0000093 deposition
G1 A0.000000 C0.000000 X257.069205 Y236.771572 Z272.000000 E21.990094 F100.000
; P02 POINT 94 point-0000094 deposition
G1 A0.000000 C0.000000 X255.738514 Y236.142394 Z272.000000 E22.210399 F100.000
; P02 POINT 95 point-0000095 deposition
G1 A0.000000 C0.000000 X254.352604 Y235.646684 Z272.000000 E22.430699 F100.000
; P02 POINT 96 point-0000096 deposition
G1 A0.000000 C0.000000 X252.924748 Y235.289186 Z272.000000 E22.651004 F100.000
; P02 POINT 97 point-0000097 deposition
G1 A0.000000 C0.000000 X251.468668 Y235.073352 Z272.000000 E22.871317 F100.000
; P02 POINT 98 point-0000098 deposition
G1 A0.000000 C0.000000 X249.998538 Y235.001277 Z272.000000 E23.091617 F100.000
; P02 POINT 99 point-0000099 deposition
G1 A0.000000 C0.000000 X248.528531 Y235.073627 Z272.000000 E23.311900 F100.000
; P02 POINT 100 point-0000100 deposition
G1 A0.000000 C0.000000 X247.072694 Y235.289695 Z272.000000 E23.532183 F100.000
; P02 POINT 101 point-0000101 deposition
G1 A0.000000 C0.000000 X245.645043 Y235.647397 Z272.000000 E23.752465 F100.000
; P02 POINT 102 point-0000102 deposition
G1 A0.000000 C0.000000 X244.259311 Y236.143295 Z272.000000 E23.972749 F100.000
; P02 POINT 103 point-0000103 deposition
G1 A0.000000 C0.000000 X242.928681 Y236.772701 Z272.000000 E24.193061 F100.000
; P02 POINT 104 point-0000104 deposition
G1 A0.000000 C0.000000 X241.665830 Y237.529713 Z272.000000 E24.413431 F100.000
; P02 POINT 105 point-0000105 deposition
G1 A0.000000 C0.000000 X240.483300 Y238.406871 Z272.000000 E24.633797 F100.000
; P02 POINT 106 point-0000106 deposition
G1 A0.000000 C0.000000 X239.392562 Y239.395635 Z272.000000 E24.854141 F100.000
; P02 POINT 107 point-0000107 deposition
G1 A0.000000 C0.000000 X238.404049 Y240.486503 Z272.000000 E25.074475 F100.000
; P02 POINT 108 point-0000108 deposition
G1 A0.000000 C0.000000 X237.527193 Y241.669062 Z272.000000 E25.294818 F100.000
; P02 POINT 109 point-0000109 deposition
G1 A0.000000 C0.000000 X236.770414 Y242.932001 Z272.000000 E25.515181 F100.000
; P02 POINT 110 point-0000110 deposition
G1 A0.000000 C0.000000 X236.141068 Y244.263100 Z272.000000 E25.735553 F100.000
; P02 POINT 111 point-0000111 deposition
G1 A0.000000 C0.000000 X235.645342 Y245.649175 Z272.000000 E25.955876 F100.000
; P02 POINT 112 point-0000112 deposition
G1 A0.000000 C0.000000 X235.287835 Y247.077271 Z272.000000 E26.176216 F100.000
; P02 POINT 113 point-0000113 deposition
G1 A0.000000 C0.000000 X235.072009 Y248.533733 Z272.000000 E26.396586 F100.000
; P02 POINT 114 point-0000114 deposition
G1 A0.000000 C0.000000 X235.000000 Y250.004240 Z272.000000 E26.616941 F100.000
; P02 POINT 115 point-0000115 deposition
G1 A0.000000 C0.000000 X235.072469 Y251.474598 Z272.000000 E26.837278 F100.000
; P02 POINT 116 point-0000116 deposition
G1 A0.000000 C0.000000 X235.288699 Y252.930751 Z272.000000 E27.057611 F100.000
; P02 POINT 117 point-0000117 deposition
G1 A0.000000 C0.000000 X235.646636 Y254.358796 Z272.000000 E27.277959 F100.000
; P02 POINT 118 point-0000118 deposition
G1 A0.000000 C0.000000 X236.142871 Y255.745002 Z272.000000 E27.498327 F100.000
; P02 POINT 119 point-0000119 deposition
G1 A0.000000 C0.000000 X236.772571 Y257.075838 Z272.000000 E27.718686 F100.000
; P02 POINT 120 point-0000120 deposition
G1 A0.000000 C0.000000 X237.529457 Y258.338194 Z272.000000 E27.938982 F100.000
; P02 POINT 121 point-0000121 deposition
G1 A0.000000 C0.000000 X238.406400 Y259.520302 Z272.000000 E28.159278 F100.000
; P02 POINT 122 point-0000122 deposition
G1 A0.000000 C0.000000 X239.394942 Y260.610764 Z272.000000 E28.379570 F100.000
; P02 POINT 123 point-0000123 deposition
G1 A0.000000 C0.000000 X240.485573 Y261.599094 Z272.000000 E28.599859 F100.000
; P02 POINT 124 point-0000124 deposition
G1 A0.000000 C0.000000 X241.667835 Y262.475807 Z272.000000 E28.820153 F100.000
; P02 POINT 125 point-0000125 deposition
G1 A0.000000 C0.000000 X242.930323 Y263.232433 Z272.000000 E29.040447 F100.000
; P02 POINT 126 point-0000126 deposition
G1 A0.000000 C0.000000 X244.260794 Y263.861647 Z272.000000 E29.260725 F100.000
; P02 POINT 127 point-0000127 deposition
G1 A0.000000 C0.000000 X245.646523 Y264.357439 Z272.000000 E29.481003 F100.000
; P02 POINT 128 point-0000128 deposition
G1 A0.000000 C0.000000 X247.074182 Y264.715034 Z272.000000 E29.701283 F100.000
; P02 POINT 129 point-0000129 deposition
G1 A0.000000 C0.000000 X248.530012 Y264.930979 Z272.000000 E29.921562 F100.000
; P02 POINT 130 point-0000130 deposition
G1 A0.000000 C0.000000 X250.000000 Y265.003193 Z272.000000 E30.141841 F100.000
; P02 EVENT event-0000004 retract
G1 E29.141841 F100.000
; P02 POINT 131 point-0000131 travel
G1 A0.000000 C0.000000 X246.928201 Y234.301252 Z272.000000 F100.000
; P02 EVENT event-0000005 prime
G1 E30.141841 F100.000
; P02 POINT 132 point-0000132 deposition
G1 A0.000000 C0.000000 X253.070859 Y234.301252 Z272.000000 E31.061216 F100.000
; P02 EVENT event-0000006 retract
G1 E30.061216 F100.000
; P02 POINT 133 point-0000133 travel
G1 A0.000000 C0.000000 X255.234366 Y234.901252 Z272.000000 F100.000
; P02 EVENT event-0000007 prime
G1 E31.061216 F100.000
; P02 POINT 134 point-0000134 deposition
G1 A0.000000 C0.000000 X244.765720 Y234.901252 Z272.000000 E32.628065 F100.000
; P02 EVENT event-0000008 retract
G1 E31.628065 F100.000
; P02 POINT 135 point-0000135 travel
G1 A0.000000 C0.000000 X243.280793 Y235.501252 Z272.000000 F100.000
; P02 EVENT event-0000009 prime
G1 E32.628065 F100.000
; P02 POINT 136 point-0000136 deposition
G1 A0.000000 C0.000000 X246.228332 Y235.501252 Z272.000000 E33.069225 F100.000
; P02 EVENT event-0000010 retract
G1 E32.069225 F100.000
; P02 POINT 137 point-0000137 travel
G1 A0.000000 C0.000000 X256.719270 Y235.501252 Z272.000000 F100.000
; P02 EVENT event-0000011 prime
G1 E33.069225 F100.000
; P02 POINT 138 point-0000138 deposition
G1 A0.000000 C0.000000 X253.771747 Y235.501252 Z272.000000 E33.510383 F100.000
; P02 EVENT event-0000012 retract
G1 E32.510383 F100.000
; P02 POINT 139 point-0000139 travel
G1 A0.000000 C0.000000 X242.106245 Y236.101252 Z272.000000 F100.000
; P02 EVENT event-0000013 prime
G1 E33.510383 F100.000
; P02 POINT 140 point-0000140 deposition
G1 A0.000000 C0.000000 X244.376796 Y236.101252 Z272.000000 E33.850217 F100.000
; P02 EVENT event-0000014 retract
G1 E32.850217 F100.000
; P02 POINT 141 point-0000141 travel
G1 A0.000000 C0.000000 X257.893911 Y236.101252 Z272.000000 F100.000
; P02 EVENT event-0000015 prime
G1 E33.850217 F100.000
; P02 POINT 142 point-0000142 deposition
G1 A0.000000 C0.000000 X255.623488 Y236.101252 Z272.000000 E34.190033 F100.000
; P02 EVENT event-0000016 retract
G1 E33.190033 F100.000
; P02 POINT 143 point-0000143 travel
G1 A0.000000 C0.000000 X241.106359 Y236.701252 Z272.000000 F100.000
; P02 EVENT event-0000017 prime
G1 E34.190033 F100.000
; P02 POINT 144 point-0000144 deposition
G1 A0.000000 C0.000000 X243.079733 Y236.701252 Z272.000000 E34.485389 F100.000
; P02 EVENT event-0000018 retract
G1 E33.485389 F100.000
; P02 POINT 145 point-0000145 travel
G1 A0.000000 C0.000000 X258.893869 Y236.701252 Z272.000000 F100.000
; P02 EVENT event-0000019 prime
G1 E34.485389 F100.000
; P02 POINT 146 point-0000146 deposition
G1 A0.000000 C0.000000 X256.920481 Y236.701252 Z272.000000 E34.780747 F100.000
; P02 EVENT event-0000020 retract
G1 E33.780747 F100.000
; P02 POINT 147 point-0000147 travel
G1 A0.000000 C0.000000 X240.297233 Y237.301252 Z272.000000 F100.000
; P02 EVENT event-0000021 prime
G1 E34.780747 F100.000
; P02 POINT 148 point-0000148 deposition
G1 A0.000000 C0.000000 X242.046950 Y237.301252 Z272.000000 E35.042628 F100.000
; P02 EVENT event-0000022 retract
G1 E34.042628 F100.000
; P02 POINT 149 point-0000149 travel
G1 A0.000000 C0.000000 X259.702727 Y237.301252 Z272.000000 F100.000
; P02 EVENT event-0000023 prime
G1 E35.042628 F100.000
; P02 POINT 150 point-0000150 deposition
G1 A0.000000 C0.000000 X257.953166 Y237.301252 Z272.000000 E35.304486 F100.000
; P02 EVENT event-0000024 retract
G1 E34.304486 F100.000
; P02 POINT 151 point-0000151 travel
G1 A0.000000 C0.000000 X239.553991 Y237.901252 Z272.000000 F100.000
; P02 EVENT event-0000025 prime
G1 E35.304486 F100.000
; P02 POINT 152 point-0000152 deposition
G1 A0.000000 C0.000000 X241.164944 Y237.901252 Z272.000000 E35.545598 F100.000
; P02 EVENT event-0000026 retract
G1 E34.545598 F100.000
; P02 POINT 153 point-0000153 travel
G1 A0.000000 C0.000000 X260.446099 Y237.901252 Z272.000000 F100.000
; P02 EVENT event-0000027 prime
G1 E35.545598 F100.000
; P02 POINT 154 point-0000154 deposition
G1 A0.000000 C0.000000 X258.835037 Y237.901252 Z272.000000 E35.786727 F100.000
; P02 EVENT event-0000028 retract
G1 E34.786727 F100.000
; P02 POINT 155 point-0000155 travel
G1 A0.000000 C0.000000 X238.891926 Y238.501252 Z272.000000 F100.000
; P02 EVENT event-0000029 prime
G1 E35.786727 F100.000
; P02 POINT 156 point-0000156 deposition
G1 A0.000000 C0.000000 X240.379185 Y238.501252 Z272.000000 E36.009326 F100.000
; P02 EVENT event-0000030 retract
G1 E35.009326 F100.000
; P02 POINT 157 point-0000157 travel
G1 A0.000000 C0.000000 X261.107989 Y238.501252 Z272.000000 F100.000
; P02 EVENT event-0000031 prime
G1 E36.009326 F100.000
; P02 POINT 158 point-0000158 deposition
G1 A0.000000 C0.000000 X259.620623 Y238.501252 Z272.000000 E36.231941 F100.000
; P02 EVENT event-0000032 retract
G1 E35.231941 F100.000
; P02 POINT 159 point-0000159 travel
G1 A0.000000 C0.000000 X238.311476 Y239.101252 Z272.000000 F100.000
; P02 EVENT event-0000033 prime
G1 E36.231941 F100.000
; P02 POINT 160 point-0000160 deposition
G1 A0.000000 C0.000000 X239.717305 Y239.101252 Z272.000000 E36.442352 F100.000
; P02 EVENT event-0000034 retract
G1 E35.442352 F100.000
; P02 POINT 161 point-0000161 travel
G1 A0.000000 C0.000000 X261.688569 Y239.101252 Z272.000000 F100.000
; P02 EVENT event-0000035 prime
G1 E36.442352 F100.000
; P02 POINT 162 point-0000162 deposition
G1 A0.000000 C0.000000 X260.282770 Y239.101252 Z272.000000 E36.652759 F100.000
; P02 EVENT event-0000036 retract
G1 E35.652759 F100.000
; P02 POINT 163 point-0000163 travel
G1 A0.000000 C0.000000 X237.767626 Y239.701252 Z272.000000 F100.000
; P02 EVENT event-0000037 prime
G1 E36.652759 F100.000
; P02 POINT 164 point-0000164 deposition
G1 A0.000000 C0.000000 X239.115620 Y239.701252 Z272.000000 E36.854514 F100.000
; P02 EVENT event-0000038 retract
G1 E35.854514 F100.000
; P02 POINT 165 point-0000165 travel
G1 A0.000000 C0.000000 X262.232299 Y239.701252 Z272.000000 F100.000
; P02 EVENT event-0000039 prime
G1 E36.854514 F100.000
; P02 POINT 166 point-0000166 deposition
G1 A0.000000 C0.000000 X260.884281 Y239.701252 Z272.000000 E37.056273 F100.000
; P02 EVENT event-0000040 retract
G1 E36.056273 F100.000
; P02 POINT 167 point-0000167 travel
G1 A0.000000 C0.000000 X237.298022 Y240.301252 Z272.000000 F100.000
; P02 EVENT event-0000041 prime
G1 E37.056273 F100.000
; P02 POINT 168 point-0000168 deposition
G1 A0.000000 C0.000000 X238.571918 Y240.301252 Z272.000000 E37.246938 F100.000
; P02 EVENT event-0000042 retract
G1 E36.246938 F100.000
; P02 POINT 169 point-0000169 travel
G1 A0.000000 C0.000000 X262.702014 Y240.301252 Z272.000000 F100.000
; P02 EVENT event-0000043 prime
G1 E37.246938 F100.000
; P02 POINT 170 point-0000170 deposition
G1 A0.000000 C0.000000 X261.428157 Y240.301252 Z272.000000 E37.437597 F100.000
; P02 EVENT event-0000044 retract
G1 E36.437597 F100.000
; P02 POINT 171 point-0000171 travel
G1 A0.000000 C0.000000 X236.853009 Y240.901252 Z272.000000 F100.000
; P02 EVENT event-0000045 prime
G1 E37.437597 F100.000
; P02 POINT 172 point-0000172 deposition
G1 A0.000000 C0.000000 X238.096517 Y240.901252 Z272.000000 E37.623713 F100.000
; P02 EVENT event-0000046 retract
G1 E36.623713 F100.000
; P02 POINT 173 point-0000173 travel
G1 A0.000000 C0.000000 X263.146949 Y240.901252 Z272.000000 F100.000
; P02 EVENT event-0000047 prime
G1 E37.623713 F100.000
; P02 POINT 174 point-0000174 deposition
G1 A0.000000 C0.000000 X261.903433 Y240.901252 Z272.000000 E37.809831 F100.000
; P02 EVENT event-0000048 retract
G1 E36.809831 F100.000
; P02 POINT 175 point-0000175 travel
G1 A0.000000 C0.000000 X236.463403 Y241.501252 Z272.000000 F100.000
; P02 EVENT event-0000049 prime
G1 E37.809831 F100.000
; P02 POINT 176 point-0000176 deposition
G1 A0.000000 C0.000000 X237.651622 Y241.501252 Z272.000000 E37.987672 F100.000
; P02 EVENT event-0000050 retract
G1 E36.987672 F100.000
; P02 POINT 177 point-0000177 travel
G1 A0.000000 C0.000000 X263.536634 Y241.501252 Z272.000000 F100.000
; P02 EVENT event-0000051 prime
G1 E37.987672 F100.000
; P02 POINT 178 point-0000178 deposition
G1 A0.000000 C0.000000 X262.348424 Y241.501252 Z272.000000 E38.165512 F100.000
; P02 EVENT event-0000052 retract
G1 E37.165512 F100.000
; P02 POINT 179 point-0000179 travel
G1 A0.000000 C0.000000 X236.103771 Y242.101252 Z272.000000 F100.000
; P02 EVENT event-0000053 prime
G1 E38.165512 F100.000
; P02 POINT 180 point-0000180 deposition
G1 A0.000000 C0.000000 X237.268216 Y242.101252 Z272.000000 E38.339796 F100.000
; P02 EVENT event-0000054 retract
G1 E37.339796 F100.000
; P02 POINT 181 point-0000181 travel
G1 A0.000000 C0.000000 X263.896220 Y242.101252 Z272.000000 F100.000
; P02 EVENT event-0000055 prime
G1 E38.339796 F100.000
; P02 POINT 182 point-0000182 deposition
G1 A0.000000 C0.000000 X262.731755 Y242.101252 Z272.000000 E38.514082 F100.000
; P02 EVENT event-0000056 retract
G1 E37.514082 F100.000
; P02 POINT 183 point-0000183 travel
G1 A0.000000 C0.000000 X235.774770 Y242.701252 Z272.000000 F100.000
; P02 EVENT event-0000057 prime
G1 E38.514082 F100.000
; P02 POINT 184 point-0000184 deposition
G1 A0.000000 C0.000000 X236.908684 Y242.701252 Z272.000000 E38.683796 F100.000
; P02 EVENT event-0000058 retract
G1 E37.683796 F100.000
; P02 POINT 185 point-0000185 travel
G1 A0.000000 C0.000000 X264.225258 Y242.701252 Z272.000000 F100.000
; P02 EVENT event-0000059 prime
G1 E38.683796 F100.000
; P02 POINT 186 point-0000186 deposition
G1 A0.000000 C0.000000 X263.091343 Y242.701252 Z272.000000 E38.853509 F100.000
; P02 EVENT event-0000060 retract
G1 E37.853509 F100.000
; P02 POINT 187 point-0000187 travel
G1 A0.000000 C0.000000 X235.491003 Y243.301252 Z272.000000 F100.000
; P02 EVENT event-0000061 prime
G1 E38.853509 F100.000
; P02 POINT 188 point-0000188 deposition
G1 A0.000000 C0.000000 X236.595832 Y243.301252 Z272.000000 E39.018870 F100.000
; P02 EVENT event-0000062 retract
G1 E38.018870 F100.000
; P02 POINT 189 point-0000189 travel
G1 A0.000000 C0.000000 X264.509011 Y243.301252 Z272.000000 F100.000
; P02 EVENT event-0000063 prime
G1 E39.018870 F100.000
; P02 POINT 190 point-0000190 deposition
G1 A0.000000 C0.000000 X263.404146 Y243.301252 Z272.000000 E39.184236 F100.000
; P02 EVENT event-0000064 retract
G1 E38.184236 F100.000
; P02 POINT 191 point-0000191 travel
G1 A0.000000 C0.000000 X235.209817 Y243.901252 Z272.000000 F100.000
; P02 EVENT event-0000065 prime
G1 E39.184236 F100.000
; P02 POINT 192 point-0000192 deposition
G1 A0.000000 C0.000000 X236.312151 Y243.901252 Z272.000000 E39.349222 F100.000
; P02 EVENT event-0000066 retract
G1 E38.349222 F100.000
; P02 POINT 193 point-0000193 travel
G1 A0.000000 C0.000000 X264.790184 Y243.901252 Z272.000000 F100.000
; P02 EVENT event-0000067 prime
G1 E39.349222 F100.000
; P02 POINT 194 point-0000194 deposition
G1 A0.000000 C0.000000 X263.687865 Y243.901252 Z272.000000 E39.514207 F100.000
; P02 EVENT event-0000068 retract
G1 E38.514207 F100.000
; P02 POINT 195 point-0000195 travel
G1 A0.000000 C0.000000 X234.995153 Y244.501252 Z272.000000 F100.000
; P02 EVENT event-0000069 prime
G1 E39.514207 F100.000
; P02 POINT 196 point-0000196 deposition
G1 A0.000000 C0.000000 X236.055894 Y244.501252 Z272.000000 E39.672969 F100.000
; P02 EVENT event-0000070 retract
G1 E38.672969 F100.000
; P02 POINT 197 point-0000197 travel
G1 A0.000000 C0.000000 X265.004847 Y244.501252 Z272.000000 F100.000
; P02 EVENT event-0000071 prime
G1 E39.672969 F100.000
; P02 POINT 198 point-0000198 deposition
G1 A0.000000 C0.000000 X263.944077 Y244.501252 Z272.000000 E39.831735 F100.000
; P02 EVENT event-0000072 retract
G1 E38.831735 F100.000
; P02 POINT 199 point-0000199 travel
G1 A0.000000 C0.000000 X234.780488 Y245.101252 Z272.000000 F100.000
; P02 EVENT event-0000073 prime
G1 E39.831735 F100.000
; P02 POINT 200 point-0000200 deposition
G1 A0.000000 C0.000000 X235.841305 Y245.101252 Z272.000000 E39.990508 F100.000
; P02 EVENT event-0000074 retract
G1 E38.990508 F100.000
; P02 POINT 201 point-0000201 travel
G1 A0.000000 C0.000000 X265.219511 Y245.101252 Z272.000000 F100.000
; P02 EVENT event-0000075 prime
G1 E39.990508 F100.000
; P02 POINT 202 point-0000202 deposition
G1 A0.000000 C0.000000 X264.158688 Y245.101252 Z272.000000 E40.149282 F100.000
; P02 EVENT event-0000076 retract
G1 E39.149282 F100.000
; P02 POINT 203 point-0000203 travel
G1 A0.000000 C0.000000 X234.602737 Y245.701252 Z272.000000 F100.000
; P02 EVENT event-0000077 prime
G1 E40.149282 F100.000
; P02 POINT 204 point-0000204 deposition
G1 A0.000000 C0.000000 X235.632305 Y245.701252 Z272.000000 E40.303378 F100.000
; P02 EVENT event-0000078 retract
G1 E39.303378 F100.000
; P02 POINT 205 point-0000205 travel
G1 A0.000000 C0.000000 X265.397264 Y245.701252 Z272.000000 F100.000
; P02 EVENT event-0000079 prime
G1 E40.303378 F100.000
; P02 POINT 206 point-0000206 deposition
G1 A0.000000 C0.000000 X264.367681 Y245.701252 Z272.000000 E40.457476 F100.000
; P02 EVENT event-0000080 retract
G1 E39.457476 F100.000
; P02 POINT 207 point-0000207 travel
G1 A0.000000 C0.000000 X234.452466 Y246.301252 Z272.000000 F100.000
; P02 EVENT event-0000081 prime
G1 E40.457476 F100.000
; P02 POINT 208 point-0000208 deposition
G1 A0.000000 C0.000000 X235.482102 Y246.301252 Z272.000000 E40.611583 F100.000
; P02 EVENT event-0000082 retract
G1 E39.611583 F100.000
; P02 POINT 209 point-0000209 travel
G1 A0.000000 C0.000000 X265.547536 Y246.301252 Z272.000000 F100.000
; P02 EVENT event-0000083 prime
G1 E40.611583 F100.000
; P02 POINT 210 point-0000210 deposition
G1 A0.000000 C0.000000 X264.517884 Y246.301252 Z272.000000 E40.765691 F100.000
; P02 EVENT event-0000084 retract
G1 E39.765691 F100.000
; P02 POINT 211 point-0000211 travel
G1 A0.000000 C0.000000 X234.304295 Y246.901252 Z272.000000 F100.000
; P02 EVENT event-0000085 prime
G1 E40.765691 F100.000
; P02 POINT 212 point-0000212 deposition
G1 A0.000000 C0.000000 X235.331899 Y246.901252 Z272.000000 E40.919493 F100.000
; P02 EVENT event-0000086 retract
G1 E39.919493 F100.000
; P02 POINT 213 point-0000213 travel
G1 A0.000000 C0.000000 X265.695704 Y246.901252 Z272.000000 F100.000
; P02 EVENT event-0000087 prime
G1 E40.919493 F100.000
; P02 POINT 214 point-0000214 deposition
G1 A0.000000 C0.000000 X264.668088 Y246.901252 Z272.000000 E41.073298 F100.000
; P02 EVENT event-0000088 retract
G1 E40.073298 F100.000
; P02 POINT 215 point-0000215 travel
G1 A0.000000 C0.000000 X234.215323 Y247.501252 Z272.000000 F100.000
; P02 EVENT event-0000089 prime
G1 E41.073298 F100.000
; P02 POINT 216 point-0000216 deposition
G1 A0.000000 C0.000000 X235.225007 Y247.501252 Z272.000000 E41.224418 F100.000
; P02 EVENT event-0000090 retract
G1 E40.224418 F100.000
; P02 POINT 217 point-0000217 travel
G1 A0.000000 C0.000000 X265.784683 Y247.501252 Z272.000000 F100.000
; P02 EVENT event-0000091 prime
G1 E41.224418 F100.000
; P02 POINT 218 point-0000218 deposition
G1 A0.000000 C0.000000 X264.774990 Y247.501252 Z272.000000 E41.375539 F100.000
; P02 EVENT event-0000092 retract
G1 E40.375539 F100.000
; P02 POINT 219 point-0000219 travel
G1 A0.000000 C0.000000 X234.126351 Y248.101252 Z272.000000 F100.000
; P02 EVENT event-0000093 prime
G1 E41.375539 F100.000
; P02 POINT 220 point-0000220 deposition
G1 A0.000000 C0.000000 X235.136096 Y248.101252 Z272.000000 E41.526668 F100.000
; P02 EVENT event-0000094 retract
G1 E40.526668 F100.000
; P02 POINT 221 point-0000221 travel
G1 A0.000000 C0.000000 X265.873662 Y248.101252 Z272.000000 F100.000
; P02 EVENT event-0000095 prime
G1 E41.526668 F100.000
; P02 POINT 222 point-0000222 deposition
G1 A0.000000 C0.000000 X264.863879 Y248.101252 Z272.000000 E41.677803 F100.000
; P02 EVENT event-0000096 retract
G1 E40.677803 F100.000
; P02 POINT 223 point-0000223 travel
G1 A0.000000 C0.000000 X234.063864 Y248.701252 Z272.000000 F100.000
; P02 EVENT event-0000097 prime
G1 E41.677803 F100.000
; P02 POINT 224 point-0000224 deposition
G1 A0.000000 C0.000000 X235.063806 Y248.701252 Z272.000000 E41.827465 F100.000
; P02 EVENT event-0000098 retract
G1 E40.827465 F100.000
; P02 POINT 225 point-0000225 travel
G1 A0.000000 C0.000000 X265.936127 Y248.701252 Z272.000000 F100.000
; P02 EVENT event-0000099 prime
G1 E41.827465 F100.000
; P02 POINT 226 point-0000226 deposition
G1 A0.000000 C0.000000 X264.936222 Y248.701252 Z272.000000 E41.977121 F100.000
; P02 EVENT event-0000100 retract
G1 E40.977121 F100.000
; P02 POINT 227 point-0000227 travel
G1 A0.000000 C0.000000 X234.034427 Y249.301252 Z272.000000 F100.000
; P02 EVENT event-0000101 prime
G1 E41.977121 F100.000
; P02 POINT 228 point-0000228 deposition
G1 A0.000000 C0.000000 X235.034424 Y249.301252 Z272.000000 E42.126791 F100.000
; P02 EVENT event-0000102 retract
G1 E41.126791 F100.000
; P02 POINT 229 point-0000229 travel
G1 A0.000000 C0.000000 X265.965583 Y249.301252 Z272.000000 F100.000
; P02 EVENT event-0000103 prime
G1 E42.126791 F100.000
; P02 POINT 230 point-0000230 deposition
G1 A0.000000 C0.000000 X264.965555 Y249.301252 Z272.000000 E42.276466 F100.000
; P02 EVENT event-0000104 retract
G1 E41.276466 F100.000
; P02 POINT 231 point-0000231 travel
G1 A0.000000 C0.000000 X234.004990 Y249.901252 Z272.000000 F100.000
; P02 EVENT event-0000105 prime
G1 E42.276466 F100.000
; P02 POINT 232 point-0000232 deposition
G1 A0.000000 C0.000000 X235.005043 Y249.901252 Z272.000000 E42.426145 F100.000
; P02 EVENT event-0000106 retract
G1 E41.426145 F100.000
; P02 POINT 233 point-0000233 travel
G1 A0.000000 C0.000000 X265.995038 Y249.901252 Z272.000000 F100.000
; P02 EVENT event-0000107 prime
G1 E42.426145 F100.000
; P02 POINT 234 point-0000234 deposition
G1 A0.000000 C0.000000 X264.994888 Y249.901252 Z272.000000 E42.575838 F100.000
; P02 EVENT event-0000108 retract
G1 E41.575838 F100.000
; P02 POINT 235 point-0000235 travel
G1 A0.000000 C0.000000 X234.024516 Y250.501252 Z272.000000 F100.000
; P02 EVENT event-0000109 prime
G1 E42.575838 F100.000
; P02 POINT 236 point-0000236 deposition
G1 A0.000000 C0.000000 X235.024496 Y250.501252 Z272.000000 E42.725506 F100.000
; P02 EVENT event-0000110 retract
G1 E41.725506 F100.000
; P02 POINT 237 point-0000237 travel
G1 A0.000000 C0.000000 X265.975475 Y250.501252 Z272.000000 F100.000
; P02 EVENT event-0000111 prime
G1 E42.725506 F100.000
; P02 POINT 238 point-0000238 deposition
G1 A0.000000 C0.000000 X264.975523 Y250.501252 Z272.000000 E42.875169 F100.000
; P02 EVENT event-0000112 retract
G1 E41.875169 F100.000
; P02 POINT 239 point-0000239 travel
G1 A0.000000 C0.000000 X234.054035 Y251.101252 Z272.000000 F100.000
; P02 EVENT event-0000113 prime
G1 E42.875169 F100.000
; P02 POINT 240 point-0000240 deposition
G1 A0.000000 C0.000000 X235.054068 Y251.101252 Z272.000000 E43.024845 F100.000
; P02 EVENT event-0000114 retract
G1 E42.024845 F100.000
; P02 POINT 241 point-0000241 travel
G1 A0.000000 C0.000000 X265.945982 Y251.101252 Z272.000000 F100.000
; P02 EVENT event-0000115 prime
G1 E43.024845 F100.000
; P02 POINT 242 point-0000242 deposition
G1 A0.000000 C0.000000 X264.945880 Y251.101252 Z272.000000 E43.174530 F100.000
; P02 EVENT event-0000116 retract
G1 E42.174530 F100.000
; P02 POINT 243 point-0000243 travel
G1 A0.000000 C0.000000 X234.096433 Y251.701252 Z272.000000 F100.000
; P02 EVENT event-0000117 prime
G1 E43.174530 F100.000
; P02 POINT 244 point-0000244 deposition
G1 A0.000000 C0.000000 X235.106126 Y251.701252 Z272.000000 E43.325652 F100.000
; P02 EVENT event-0000118 retract
G1 E42.325652 F100.000
; P02 POINT 245 point-0000245 travel
G1 A0.000000 C0.000000 X265.903534 Y251.701252 Z272.000000 F100.000
; P02 EVENT event-0000119 prime
G1 E43.325652 F100.000
; P02 POINT 246 point-0000246 deposition
G1 A0.000000 C0.000000 X264.893942 Y251.701252 Z272.000000 E43.476758 F100.000
; P02 EVENT event-0000120 retract
G1 E42.476758 F100.000
; P02 POINT 247 point-0000247 travel
G1 A0.000000 C0.000000 X234.185480 Y252.301252 Z272.000000 F100.000
; P02 EVENT event-0000121 prime
G1 E43.476758 F100.000
; P02 POINT 248 point-0000248 deposition
G1 A0.000000 C0.000000 X235.195223 Y252.301252 Z272.000000 E43.627887 F100.000
; P02 EVENT event-0000122 retract
G1 E42.627887 F100.000
; P02 POINT 249 point-0000249 travel
G1 A0.000000 C0.000000 X265.814518 Y252.301252 Z272.000000 F100.000
; P02 EVENT event-0000123 prime
G1 E43.627887 F100.000
; P02 POINT 250 point-0000250 deposition
G1 A0.000000 C0.000000 X264.804773 Y252.301252 Z272.000000 E43.779016 F100.000
; P02 EVENT event-0000124 retract
G1 E42.779016 F100.000
; P02 POINT 251 point-0000251 travel
G1 A0.000000 C0.000000 X234.274527 Y252.901252 Z272.000000 F100.000
; P02 EVENT event-0000125 prime
G1 E43.779016 F100.000
; P02 POINT 252 point-0000252 deposition
G1 A0.000000 C0.000000 X235.284319 Y252.901252 Z272.000000 E43.930152 F100.000
; P02 EVENT event-0000126 retract
G1 E42.930152 F100.000
; P02 POINT 253 point-0000253 travel
G1 A0.000000 C0.000000 X265.725501 Y252.901252 Z272.000000 F100.000
; P02 EVENT event-0000127 prime
G1 E43.930152 F100.000
; P02 POINT 254 point-0000254 deposition
G1 A0.000000 C0.000000 X264.715604 Y252.901252 Z272.000000 E44.081304 F100.000
; P02 EVENT event-0000128 retract
G1 E43.081304 F100.000
; P02 POINT 255 point-0000255 travel
G1 A0.000000 C0.000000 X234.402032 Y253.501252 Z272.000000 F100.000
; P02 EVENT event-0000129 prime
G1 E44.081304 F100.000
; P02 POINT 256 point-0000256 deposition
G1 A0.000000 C0.000000 X235.431694 Y253.501252 Z272.000000 E44.235414 F100.000
; P02 EVENT event-0000130 retract
G1 E43.235414 F100.000
; P02 POINT 257 point-0000257 travel
G1 A0.000000 C0.000000 X265.597949 Y253.501252 Z272.000000 F100.000
; P02 EVENT event-0000131 prime
G1 E44.235414 F100.000
; P02 POINT 258 point-0000258 deposition
G1 A0.000000 C0.000000 X264.568330 Y253.501252 Z272.000000 E44.389518 F100.000
; P02 EVENT event-0000132 retract
G1 E43.389518 F100.000
; P02 POINT 259 point-0000259 travel
G1 A0.000000 C0.000000 X234.552373 Y254.101252 Z272.000000 F100.000
; P02 EVENT event-0000133 prime
G1 E44.389518 F100.000
; P02 POINT 260 point-0000260 deposition
G1 A0.000000 C0.000000 X235.582083 Y254.101252 Z272.000000 E44.543635 F100.000
; P02 EVENT event-0000134 retract
G1 E43.543635 F100.000
; P02 POINT 261 point-0000261 travel
G1 A0.000000 C0.000000 X265.447641 Y254.101252 Z272.000000 F100.000
; P02 EVENT event-0000135 prime
G1 E44.543635 F100.000
; P02 POINT 262 point-0000262 deposition
G1 A0.000000 C0.000000 X264.417881 Y254.101252 Z272.000000 E44.697760 F100.000
; P02 EVENT event-0000136 retract
G1 E43.697760 F100.000
; P02 POINT 263 point-0000263 travel
G1 A0.000000 C0.000000 X234.708411 Y254.701252 Z272.000000 F100.000
; P02 EVENT event-0000137 prime
G1 E44.697760 F100.000
; P02 POINT 264 point-0000264 deposition
G1 A0.000000 C0.000000 X235.769229 Y254.701252 Z272.000000 E44.856533 F100.000
; P02 EVENT event-0000138 retract
G1 E43.856533 F100.000
; P02 POINT 265 point-0000265 travel
G1 A0.000000 C0.000000 X265.291547 Y254.701252 Z272.000000 F100.000
; P02 EVENT event-0000139 prime
G1 E44.856533 F100.000
; P02 POINT 266 point-0000266 deposition
G1 A0.000000 C0.000000 X264.230811 Y254.701252 Z272.000000 E45.015294 F100.000
; P02 EVENT event-0000140 retract
G1 E44.015294 F100.000
; P02 POINT 267 point-0000267 travel
G1 A0.000000 C0.000000 X234.923153 Y255.301252 Z272.000000 F100.000
; P02 EVENT event-0000141 prime
G1 E45.015294 F100.000
; P02 POINT 268 point-0000268 deposition
G1 A0.000000 C0.000000 X235.984017 Y255.301252 Z272.000000 E45.174074 F100.000
; P02 EVENT event-0000142 retract
G1 E44.174074 F100.000
; P02 POINT 269 point-0000269 travel
G1 A0.000000 C0.000000 X265.076852 Y255.301252 Z272.000000 F100.000
; P02 EVENT event-0000143 prime
G1 E45.174074 F100.000
; P02 POINT 270 point-0000270 deposition
G1 A0.000000 C0.000000 X264.015979 Y255.301252 Z272.000000 E45.332856 F100.000
; P02 EVENT event-0000144 retract
G1 E44.332856 F100.000
; P02 POINT 271 point-0000271 travel
G1 A0.000000 C0.000000 X235.137895 Y255.901252 Z272.000000 F100.000
; P02 EVENT event-0000145 prime
G1 E45.332856 F100.000
; P02 POINT 272 point-0000272 deposition
G1 A0.000000 C0.000000 X236.216802 Y255.901252 Z272.000000 E45.494337 F100.000
; P02 EVENT event-0000146 retract
G1 E44.494337 F100.000
; P02 POINT 273 point-0000273 travel
G1 A0.000000 C0.000000 X264.862158 Y255.901252 Z272.000000 F100.000
; P02 EVENT event-0000147 prime
G1 E45.494337 F100.000
; P02 POINT 274 point-0000274 deposition
G1 A0.000000 C0.000000 X263.783229 Y255.901252 Z272.000000 E45.655820 F100.000
; P02 EVENT event-0000148 retract
G1 E44.655820 F100.000
; P02 POINT 275 point-0000275 travel
G1 A0.000000 C0.000000 X235.395753 Y256.501252 Z272.000000 F100.000
; P02 EVENT event-0000149 prime
G1 E45.655820 F100.000
; P02 POINT 276 point-0000276 deposition
G1 A0.000000 C0.000000 X236.500699 Y256.501252 Z272.000000 E45.821199 F100.000
; P02 EVENT event-0000150 retract
G1 E44.821199 F100.000
; P02 POINT 277 point-0000277 travel
G1 A0.000000 C0.000000 X264.604215 Y256.501252 Z272.000000 F100.000
; P02 EVENT event-0000151 prime
G1 E45.821199 F100.000
; P02 POINT 278 point-0000278 deposition
G1 A0.000000 C0.000000 X263.499310 Y256.501252 Z272.000000 E45.986570 F100.000
; P02 EVENT event-0000152 retract
G1 E44.986570 F100.000
; P02 POINT 279 point-0000279 travel
G1 A0.000000 C0.000000 X235.679604 Y257.101252 Z272.000000 F100.000
; P02 EVENT event-0000153 prime
G1 E45.986570 F100.000
; P02 POINT 280 point-0000280 deposition
G1 A0.000000 C0.000000 X236.787809 Y257.101252 Z272.000000 E46.152436 F100.000
; P02 EVENT event-0000154 retract
G1 E45.152436 F100.000
; P02 POINT 281 point-0000281 travel
G1 A0.000000 C0.000000 X264.320432 Y257.101252 Z272.000000 F100.000
; P02 EVENT event-0000155 prime
G1 E46.152436 F100.000
; P02 POINT 282 point-0000282 deposition
G1 A0.000000 C0.000000 X263.212203 Y257.101252 Z272.000000 E46.318305 F100.000
; P02 EVENT event-0000156 retract
G1 E45.318305 F100.000
; P02 POINT 283 point-0000283 travel
G1 A0.000000 C0.000000 X235.983003 Y257.701252 Z272.000000 F100.000
; P02 EVENT event-0000157 prime
G1 E46.318305 F100.000
; P02 POINT 284 point-0000284 deposition
G1 A0.000000 C0.000000 X237.147558 Y257.701252 Z272.000000 E46.492605 F100.000
; P02 EVENT event-0000158 retract
G1 E45.492605 F100.000
; P02 POINT 285 point-0000285 travel
G1 A0.000000 C0.000000 X264.016926 Y257.701252 Z272.000000 F100.000
; P02 EVENT event-0000159 prime
G1 E46.492605 F100.000
; P02 POINT 286 point-0000286 deposition
G1 A0.000000 C0.000000 X262.852443 Y257.701252 Z272.000000 E46.666894 F100.000
; P02 EVENT event-0000160 retract
G1 E45.666894 F100.000
; P02 POINT 287 point-0000287 travel
G1 A0.000000 C0.000000 X236.342705 Y258.301252 Z272.000000 F100.000
; P02 EVENT event-0000161 prime
G1 E46.666894 F100.000
; P02 POINT 288 point-0000288 deposition
G1 A0.000000 C0.000000 X237.507307 Y258.301252 Z272.000000 E46.841201 F100.000
; P02 EVENT event-0000162 retract
G1 E45.841201 F100.000
; P02 POINT 289 point-0000289 travel
G1 A0.000000 C0.000000 X263.657296 Y258.301252 Z272.000000 F100.000
; P02 EVENT event-0000163 prime
G1 E46.841201 F100.000
; P02 POINT 290 point-0000290 deposition
G1 A0.000000 C0.000000 X262.492684 Y258.301252 Z272.000000 E47.015509 F100.000
; P02 EVENT event-0000164 retract
G1 E46.015509 F100.000
; P02 POINT 291 point-0000291 travel
G1 A0.000000 C0.000000 X236.703544 Y258.901252 Z272.000000 F100.000
; P02 EVENT event-0000165 prime
G1 E47.015509 F100.000
; P02 POINT 292 point-0000292 deposition
G1 A0.000000 C0.000000 X237.947160 Y258.901252 Z272.000000 E47.201642 F100.000
; P02 EVENT event-0000166 retract
G1 E46.201642 F100.000
; P02 POINT 293 point-0000293 travel
G1 A0.000000 C0.000000 X263.296379 Y258.901252 Z272.000000 F100.000
; P02 EVENT event-0000167 prime
G1 E47.201642 F100.000
; P02 POINT 294 point-0000294 deposition
G1 A0.000000 C0.000000 X262.052843 Y258.901252 Z272.000000 E47.387762 F100.000
; P02 EVENT event-0000168 retract
G1 E46.387762 F100.000
; P02 POINT 295 point-0000295 travel
G1 A0.000000 C0.000000 X237.148604 Y259.501252 Z272.000000 F100.000
; P02 EVENT event-0000169 prime
G1 E47.387762 F100.000
; P02 POINT 296 point-0000296 deposition
G1 A0.000000 C0.000000 X238.392268 Y259.501252 Z272.000000 E47.573902 F100.000
; P02 EVENT event-0000170 retract
G1 E46.573902 F100.000
; P02 POINT 297 point-0000297 travel
G1 A0.000000 C0.000000 X262.851388 Y259.501252 Z272.000000 F100.000
; P02 EVENT event-0000171 prime
G1 E47.573902 F100.000
; P02 POINT 298 point-0000298 deposition
G1 A0.000000 C0.000000 X261.607727 Y259.501252 Z272.000000 E47.760042 F100.000
; P02 EVENT event-0000172 retract
G1 E46.760042 F100.000
; P02 POINT 299 point-0000299 travel
G1 A0.000000 C0.000000 X237.593663 Y260.101252 Z272.000000 F100.000
; P02 EVENT event-0000173 prime
G1 E47.760042 F100.000
; P02 POINT 300 point-0000300 deposition
G1 A0.000000 C0.000000 X238.933052 Y260.101252 Z272.000000 E47.960509 F100.000
; P02 EVENT event-0000174 retract
G1 E46.960509 F100.000
; P02 POINT 301 point-0000301 travel
G1 A0.000000 C0.000000 X262.406397 Y260.101252 Z272.000000 F100.000
; P02 EVENT event-0000175 prime
G1 E47.960509 F100.000
; P02 POINT 302 point-0000302 deposition
G1 A0.000000 C0.000000 X261.066948 Y260.101252 Z272.000000 E48.160985 F100.000
; P02 EVENT event-0000176 retract
G1 E47.160985 F100.000
; P02 POINT 303 point-0000303 travel
G1 A0.000000 C0.000000 X238.128797 Y260.701252 Z272.000000 F100.000
; P02 EVENT event-0000177 prime
G1 E48.160985 F100.000
; P02 POINT 304 point-0000304 deposition
G1 A0.000000 C0.000000 X239.494797 Y260.701252 Z272.000000 E48.365435 F100.000
; P02 EVENT event-0000178 retract
G1 E47.365435 F100.000
; P02 POINT 305 point-0000305 travel
G1 A0.000000 C0.000000 X261.871194 Y260.701252 Z272.000000 F100.000
; P02 EVENT event-0000179 prime
G1 E48.365435 F100.000
; P02 POINT 306 point-0000306 deposition
G1 A0.000000 C0.000000 X260.505208 Y260.701252 Z272.000000 E48.569883 F100.000
; P02 EVENT event-0000180 retract
G1 E47.569883 F100.000
; P02 POINT 307 point-0000307 travel
G1 A0.000000 C0.000000 X238.672666 Y261.301252 Z272.000000 F100.000
; P02 EVENT event-0000181 prime
G1 E48.569883 F100.000
; P02 POINT 308 point-0000308 deposition
G1 A0.000000 C0.000000 X240.156903 Y261.301252 Z272.000000 E48.792030 F100.000
; P02 EVENT event-0000182 retract
G1 E47.792030 F100.000
; P02 POINT 309 point-0000309 travel
G1 A0.000000 C0.000000 X261.327393 Y261.301252 Z272.000000 F100.000
; P02 EVENT event-0000183 prime
G1 E48.792030 F100.000
; P02 POINT 310 point-0000310 deposition
G1 A0.000000 C0.000000 X259.843096 Y261.301252 Z272.000000 E49.014185 F100.000
; P02 EVENT event-0000184 retract
G1 E48.014185 F100.000
; P02 POINT 311 point-0000311 travel
G1 A0.000000 C0.000000 X239.331499 Y261.901252 Z272.000000 F100.000
; P02 EVENT event-0000185 prime
G1 E49.014185 F100.000
; P02 POINT 312 point-0000312 deposition
G1 A0.000000 C0.000000 X240.893039 Y261.901252 Z272.000000 E49.247902 F100.000
; P02 EVENT event-0000186 retract
G1 E48.247902 F100.000
; P02 POINT 313 point-0000313 travel
G1 A0.000000 C0.000000 X260.668499 Y261.901252 Z272.000000 F100.000
; P02 EVENT event-0000187 prime
G1 E49.247902 F100.000
; P02 POINT 314 point-0000314 deposition
G1 A0.000000 C0.000000 X259.106964 Y261.901252 Z272.000000 E49.481618 F100.000
; P02 EVENT event-0000188 retract
G1 E48.481618 F100.000
; P02 POINT 315 point-0000315 travel
G1 A0.000000 C0.000000 X240.025237 Y262.501252 Z272.000000 F100.000
; P02 EVENT event-0000189 prime
G1 E49.481618 F100.000
; P02 POINT 316 point-0000316 deposition
G1 A0.000000 C0.000000 X241.710293 Y262.501252 Z272.000000 E49.733821 F100.000
; P02 EVENT event-0000190 retract
G1 E48.733821 F100.000
; P02 POINT 317 point-0000317 travel
G1 A0.000000 C0.000000 X259.974719 Y262.501252 Z272.000000 F100.000
; P02 EVENT event-0000191 prime
G1 E49.733821 F100.000
; P02 POINT 318 point-0000318 deposition
G1 A0.000000 C0.000000 X258.289708 Y262.501252 Z272.000000 E49.986018 F100.000
; P02 EVENT event-0000192 retract
G1 E48.986018 F100.000
; P02 POINT 319 point-0000319 travel
G1 A0.000000 C0.000000 X240.834281 Y263.101252 Z272.000000 F100.000
; P02 EVENT event-0000193 prime
G1 E49.986018 F100.000
; P02 POINT 320 point-0000320 deposition
G1 A0.000000 C0.000000 X242.711438 Y263.101252 Z272.000000 E50.266973 F100.000
; P02 EVENT event-0000194 retract
G1 E49.266973 F100.000
; P02 POINT 321 point-0000321 travel
G1 A0.000000 C0.000000 X259.165730 Y263.101252 Z272.000000 F100.000
; P02 EVENT event-0000195 prime
G1 E50.266973 F100.000
; P02 POINT 322 point-0000322 deposition
G1 A0.000000 C0.000000 X257.288563 Y263.101252 Z272.000000 E50.547930 F100.000
; P02 EVENT event-0000196 retract
G1 E49.547930 F100.000
; P02 POINT 323 point-0000323 travel
G1 A0.000000 C0.000000 X241.769450 Y263.701252 Z272.000000 F100.000
; P02 EVENT event-0000197 prime
G1 E50.547930 F100.000
; P02 POINT 324 point-0000324 deposition
G1 A0.000000 C0.000000 X243.921640 Y263.701252 Z272.000000 E50.870049 F100.000
; P02 EVENT event-0000198 retract
G1 E49.870049 F100.000
; P02 POINT 325 point-0000325 travel
G1 A0.000000 C0.000000 X258.230536 Y263.701252 Z272.000000 F100.000
; P02 EVENT event-0000199 prime
G1 E50.870049 F100.000
; P02 POINT 326 point-0000326 deposition
G1 A0.000000 C0.000000 X256.078359 Y263.701252 Z272.000000 E51.192167 F100.000
; P02 EVENT event-0000200 retract
G1 E50.192167 F100.000
; P02 POINT 327 point-0000327 travel
G1 A0.000000 C0.000000 X242.853867 Y264.301252 Z272.000000 F100.000
; P02 EVENT event-0000201 prime
G1 E51.192167 F100.000
; P02 POINT 328 point-0000328 deposition
G1 A0.000000 C0.000000 X245.489483 Y264.301252 Z272.000000 E51.586641 F100.000
; P02 EVENT event-0000202 retract
G1 E50.586641 F100.000
; P02 POINT 329 point-0000329 travel
G1 A0.000000 C0.000000 X257.146126 Y264.301252 Z272.000000 F100.000
; P02 EVENT event-0000203 prime
G1 E51.586641 F100.000
; P02 POINT 330 point-0000330 deposition
G1 A0.000000 C0.000000 X254.510517 Y264.301252 Z272.000000 E51.981114 F100.000
; P02 EVENT event-0000204 retract
G1 E50.981114 F100.000
; P02 POINT 331 point-0000331 travel
G1 A0.000000 C0.000000 X244.201191 Y264.901252 Z272.000000 F100.000
; P02 EVENT event-0000205 prime
G1 E51.981114 F100.000
; P02 POINT 332 point-0000332 deposition
G1 A0.000000 C0.000000 X248.329604 Y264.901252 Z272.000000 E52.599016 F100.000
; P02 EVENT event-0000206 retract
G1 E51.599016 F100.000
; P02 POINT 333 point-0000333 travel
G1 A0.000000 C0.000000 X255.798809 Y264.901252 Z272.000000 F100.000
; P02 EVENT event-0000207 prime
G1 E52.599016 F100.000
; P02 POINT 334 point-0000334 deposition
G1 A0.000000 C0.000000 X251.670395 Y264.901252 Z272.000000 E53.216919 F100.000
; P02 EVENT event-0000208 retract
G1 E52.216919 F100.000
; P02 POINT 335 point-0000335 travel
G1 A0.000000 C0.000000 X246.101695 Y265.501252 Z272.000000 F100.000
; P02 EVENT event-0000209 prime
G1 E53.216919 F100.000
; P02 POINT 336 point-0000336 deposition
G1 A0.000000 C0.000000 X253.898305 Y265.501252 Z272.000000 E54.383842 F100.000
; P02 EVENT event-0000210 retract
G1 E53.383842 F100.000
; P02 POINT 337 point-0000337 travel
G1 A0.000000 C0.000000 X250.000000 Y266.024135 Z272.600000 F100.000
; P02 EVENT event-0000211 prime
G1 E54.383842 F100.000
; P02 POINT 338 point-0000338 deposition
G1 A0.000000 C0.000000 X248.431349 Y265.946956 Z272.600000 E54.618907 F100.000
; P02 POINT 339 point-0000339 deposition
G1 A0.000000 C0.000000 X246.877844 Y265.716173 Z272.600000 E54.853973 F100.000
; P02 POINT 340 point-0000340 deposition
G1 A0.000000 C0.000000 X245.354502 Y265.334048 Z272.600000 E55.089036 F100.000
; P02 POINT 341 point-0000341 deposition
G1 A0.000000 C0.000000 X243.875980 Y264.804302 Z272.600000 E55.324103 F100.000
; P02 POINT 342 point-0000342 deposition
G1 A0.000000 C0.000000 X242.456564 Y264.132107 Z272.600000 E55.559166 F100.000
; P02 POINT 343 point-0000343 deposition
G1 A0.000000 C0.000000 X241.109926 Y263.324010 Z272.600000 E55.794223 F100.000
; P02 POINT 344 point-0000344 deposition
G1 A0.000000 C0.000000 X239.848972 Y262.387821 Z272.600000 E56.029280 F100.000
; P02 POINT 345 point-0000345 deposition
G1 A0.000000 C0.000000 X238.685814 Y261.332586 Z272.600000 E56.264337 F100.000
; P02 POINT 346 point-0000346 deposition
G1 A0.000000 C0.000000 X237.631613 Y260.168473 Z272.600000 E56.499396 F100.000
; P02 POINT 347 point-0000347 deposition
G1 A0.000000 C0.000000 X236.696502 Y258.906705 Z272.600000 E56.734455 F100.000
; P02 POINT 348 point-0000348 deposition
G1 A0.000000 C0.000000 X235.889460 Y257.559417 Z272.600000 E56.969514 F100.000
; P02 POINT 349 point-0000349 deposition
G1 A0.000000 C0.000000 X235.218244 Y256.139574 Z272.600000 E57.204572 F100.000
; P02 POINT 350 point-0000350 deposition
G1 A0.000000 C0.000000 X234.689308 Y254.660821 Z272.600000 E57.439631 F100.000
; P02 POINT 351 point-0000351 deposition
G1 A0.000000 C0.000000 X234.307743 Y253.137371 Z272.600000 E57.674689 F100.000
; P02 POINT 352 point-0000352 deposition
G1 A0.000000 C0.000000 X234.077231 Y251.583882 Z272.600000 E57.909747 F100.000
; P02 POINT 353 point-0000353 deposition
G1 A0.000000 C0.000000 X234.000000 Y250.015286 Z272.600000 E58.144804 F100.000
; P02 POINT 354 point-0000354 deposition
G1 A0.000000 C0.000000 X234.076808 Y248.446659 Z272.600000 E58.379862 F100.000
; P02 POINT 355 point-0000355 deposition
G1 A0.000000 C0.000000 X234.306933 Y246.893107 Z272.600000 E58.614921 F100.000
; P02 POINT 356 point-0000356 deposition
G1 A0.000000 C0.000000 X234.688175 Y245.369579 Z272.600000 E58.849979 F100.000
; P02 POINT 357 point-0000357 deposition
G1 A0.000000 C0.000000 X235.216884 Y243.890731 Z272.600000 E59.085039 F100.000
; P02 POINT 358 point-0000358 deposition
G1 A0.000000 C0.000000 X235.887979 Y242.470822 Z272.600000 E59.320099 F100.000
; P02 POINT 359 point-0000359 deposition
G1 A0.000000 C0.000000 X236.695014 Y241.123524 Z272.600000 E59.555159 F100.000
; P02 POINT 360 point-0000360 deposition
G1 A0.000000 C0.000000 X237.630221 Y239.861823 Z272.600000 E59.790218 F100.000
; P02 POINT 361 point-0000361 deposition
G1 A0.000000 C0.000000 X238.684598 Y238.697882 Z272.600000 E60.025276 F100.000
; P02 POINT 362 point-0000362 deposition
G1 A0.000000 C0.000000 X239.847999 Y237.642911 Z272.600000 E60.260333 F100.000
; P02 POINT 363 point-0000363 deposition
G1 A0.000000 C0.000000 X241.109221 Y236.707081 Z272.600000 E60.495390 F100.000
; P02 POINT 364 point-0000364 deposition
G1 A0.000000 C0.000000 X242.456116 Y235.899413 Z272.600000 E60.730447 F100.000
; P02 POINT 365 point-0000365 deposition
G1 A0.000000 C0.000000 X243.875735 Y235.227685 Z272.600000 E60.965508 F100.000
; P02 POINT 366 point-0000366 deposition
G1 A0.000000 C0.000000 X245.354405 Y234.698380 Z272.600000 E61.200573 F100.000
; P02 POINT 367 point-0000367 deposition
G1 A0.000000 C0.000000 X246.877831 Y234.316621 Z272.600000 E61.435635 F100.000
; P02 POINT 368 point-0000368 deposition
G1 A0.000000 C0.000000 X248.431362 Y234.086080 Z272.600000 E61.670700 F100.000
; P02 POINT 369 point-0000369 deposition
G1 A0.000000 C0.000000 X250.000007 Y234.008987 Z272.600000 E61.905763 F100.000
; P02 POINT 370 point-0000370 deposition
G1 A0.000000 C0.000000 X251.568657 Y234.086082 Z272.600000 E62.140827 F100.000
; P02 POINT 371 point-0000371 deposition
G1 A0.000000 C0.000000 X253.122188 Y234.316624 Z272.600000 E62.375892 F100.000
; P02 POINT 372 point-0000372 deposition
G1 A0.000000 C0.000000 X254.645616 Y234.698386 Z272.600000 E62.610954 F100.000
; P02 POINT 373 point-0000373 deposition
G1 A0.000000 C0.000000 X256.124287 Y235.227694 Z272.600000 E62.846020 F100.000
; P02 POINT 374 point-0000374 deposition
G1 A0.000000 C0.000000 X257.543906 Y235.899425 Z272.600000 E63.081081 F100.000
; P02 POINT 375 point-0000375 deposition
G1 A0.000000 C0.000000 X258.890800 Y236.707095 Z272.600000 E63.316138 F100.000
; P02 POINT 376 point-0000376 deposition
G1 A0.000000 C0.000000 X260.152020 Y237.642926 Z272.600000 E63.551195 F100.000
; P02 POINT 377 point-0000377 deposition
G1 A0.000000 C0.000000 X261.315419 Y238.697899 Z272.600000 E63.786252 F100.000
; P02 POINT 378 point-0000378 deposition
G1 A0.000000 C0.000000 X262.369794 Y239.861841 Z272.600000 E64.021310 F100.000
; P02 POINT 379 point-0000379 deposition
G1 A0.000000 C0.000000 X263.304999 Y241.123543 Z272.600000 E64.256369 F100.000
; P02 POINT 380 point-0000380 deposition
G1 A0.000000 C0.000000 X264.112031 Y242.470843 Z272.600000 E64.491429 F100.000
; P02 POINT 381 point-0000381 deposition
G1 A0.000000 C0.000000 X264.783125 Y243.890752 Z272.600000 E64.726488 F100.000
; P02 POINT 382 point-0000382 deposition
G1 A0.000000 C0.000000 X265.311832 Y245.369600 Z272.600000 E64.961549 F100.000
; P02 POINT 383 point-0000383 deposition
G1 A0.000000 C0.000000 X265.693072 Y246.893129 Z272.600000 E65.196607 F100.000
; P02 POINT 384 point-0000384 deposition
G1 A0.000000 C0.000000 X265.923194 Y248.446681 Z272.600000 E65.431665 F100.000
; P02 POINT 385 point-0000385 deposition
G1 A0.000000 C0.000000 X266.000000 Y250.015307 Z272.600000 E65.666724 F100.000
; P02 POINT 386 point-0000386 deposition
G1 A0.000000 C0.000000 X265.922767 Y251.583904 Z272.600000 E65.901781 F100.000
; P02 POINT 387 point-0000387 deposition
G1 A0.000000 C0.000000 X265.692253 Y253.137392 Z272.600000 E66.136838 F100.000
; P02 POINT 388 point-0000388 deposition
G1 A0.000000 C0.000000 X265.310686 Y254.660841 Z272.600000 E66.371897 F100.000
; P02 POINT 389 point-0000389 deposition
G1 A0.000000 C0.000000 X264.781748 Y256.139593 Z272.600000 E66.606955 F100.000
; P02 POINT 390 point-0000390 deposition
G1 A0.000000 C0.000000 X264.110531 Y257.559435 Z272.600000 E66.842013 F100.000
; P02 POINT 391 point-0000391 deposition
G1 A0.000000 C0.000000 X263.303486 Y258.906722 Z272.600000 E67.077073 F100.000
; P02 POINT 392 point-0000392 deposition
G1 A0.000000 C0.000000 X262.368375 Y260.168488 Z272.600000 E67.312131 F100.000
; P02 POINT 393 point-0000393 deposition
G1 A0.000000 C0.000000 X261.314172 Y261.332600 Z272.600000 E67.547190 F100.000
; P02 POINT 394 point-0000394 deposition
G1 A0.000000 C0.000000 X260.151013 Y262.387833 Z272.600000 E67.782247 F100.000
; P02 POINT 395 point-0000395 deposition
G1 A0.000000 C0.000000 X258.890058 Y263.324021 Z272.600000 E68.017304 F100.000
; P02 POINT 396 point-0000396 deposition
G1 A0.000000 C0.000000 X257.543419 Y264.132116 Z272.600000 E68.252361 F100.000
; P02 POINT 397 point-0000397 deposition
G1 A0.000000 C0.000000 X256.124009 Y264.804307 Z272.600000 E68.487423 F100.000
; P02 POINT 398 point-0000398 deposition
G1 A0.000000 C0.000000 X254.645489 Y265.334051 Z272.600000 E68.722490 F100.000
; P02 POINT 399 point-0000399 deposition
G1 A0.000000 C0.000000 X253.122149 Y265.716174 Z272.600000 E68.957553 F100.000
; P02 POINT 400 point-0000400 deposition
G1 A0.000000 C0.000000 X251.568648 Y265.946956 Z272.600000 E69.192618 F100.000
; P02 POINT 401 point-0000401 deposition
G1 A0.000000 C0.000000 X250.000000 Y266.024135 Z272.600000 E69.427682 F100.000
; P02 EVENT event-0000212 retract
G1 E68.427682 F100.000
; P02 POINT 402 point-0000402 travel
G1 A0.000000 C0.000000 X250.000000 Y265.022927 Z272.600000 F100.000
; P02 EVENT event-0000213 prime
G1 E69.427682 F100.000
; P02 POINT 403 point-0000403 deposition
G1 A0.000000 C0.000000 X251.470596 Y264.950582 Z272.600000 E69.648053 F100.000
; P02 POINT 404 point-0000404 deposition
G1 A0.000000 C0.000000 X252.926998 Y264.734252 Z272.600000 E69.868426 F100.000
; P02 POINT 405 point-0000405 deposition
G1 A0.000000 C0.000000 X254.355126 Y264.376054 Z272.600000 E70.088795 F100.000
; P02 POINT 406 point-0000406 deposition
G1 A0.000000 C0.000000 X255.741242 Y263.879470 Z272.600000 E70.309168 F100.000
; P02 POINT 407 point-0000407 deposition
G1 A0.000000 C0.000000 X257.071962 Y263.249338 Z272.600000 E70.529539 F100.000
; P02 POINT 408 point-0000408 deposition
G1 A0.000000 C0.000000 X258.334444 Y262.491800 Z272.600000 E70.749902 F100.000
; P02 POINT 409 point-0000409 deposition
G1 A0.000000 C0.000000 X259.516600 Y261.614170 Z272.600000 E70.970265 F100.000
; P02 POINT 410 point-0000410 deposition
G1 A0.000000 C0.000000 X260.607071 Y260.624926 Z272.600000 E71.190628 F100.000
; P02 POINT 411 point-0000411 deposition
G1 A0.000000 C0.000000 X261.595384 Y259.533611 Z272.600000 E71.410991 F100.000
; P02 POINT 412 point-0000412 deposition
G1 A0.000000 C0.000000 X262.472050 Y258.350736 Z272.600000 E71.631355 F100.000
; P02 POINT 413 point-0000413 deposition
G1 A0.000000 C0.000000 X263.228648 Y257.087685 Z272.600000 E71.851718 F100.000
; P02 POINT 414 point-0000414 deposition
G1 A0.000000 C0.000000 X263.857909 Y255.756605 Z272.600000 E72.072082 F100.000
; P02 POINT 415 point-0000415 deposition
G1 A0.000000 C0.000000 X264.353783 Y254.370291 Z272.600000 E72.292447 F100.000
; P02 POINT 416 point-0000416 deposition
G1 A0.000000 C0.000000 X264.711495 Y252.942077 Z272.600000 E72.512811 F100.000
; P02 POINT 417 point-0000417 deposition
G1 A0.000000 C0.000000 X264.927597 Y251.485696 Z272.600000 E72.733175 F100.000
; P02 POINT 418 point-0000418 deposition
G1 A0.000000 C0.000000 X265.000000 Y250.015156 Z272.600000 E72.953538 F100.000
; P02 POINT 419 point-0000419 deposition
G1 A0.000000 C0.000000 X264.927995 Y248.544591 Z272.600000 E73.173903 F100.000
; P02 POINT 420 point-0000420 deposition
G1 A0.000000 C0.000000 X264.712261 Y247.088154 Z272.600000 E73.394267 F100.000
; P02 POINT 421 point-0000421 deposition
G1 A0.000000 C0.000000 X264.354859 Y245.659862 Z272.600000 E73.614631 F100.000
; P02 POINT 422 point-0000422 deposition
G1 A0.000000 C0.000000 X263.859214 Y244.273466 Z272.600000 E73.834996 F100.000
; P02 POINT 423 point-0000423 deposition
G1 A0.000000 C0.000000 X263.230084 Y242.942311 Z272.600000 E74.055362 F100.000
; P02 POINT 424 point-0000424 deposition
G1 A0.000000 C0.000000 X262.473518 Y241.679230 Z272.600000 E74.275727 F100.000
; P02 POINT 425 point-0000425 deposition
G1 A0.000000 C0.000000 X261.596788 Y240.496385 Z272.600000 E74.496092 F100.000
; P02 POINT 426 point-0000426 deposition
G1 A0.000000 C0.000000 X260.608343 Y239.405189 Z272.600000 E74.716456 F100.000
; P02 POINT 427 point-0000427 deposition
G1 A0.000000 C0.000000 X259.517688 Y238.416148 Z272.600000 E74.936819 F100.000
; P02 POINT 428 point-0000428 deposition
G1 A0.000000 C0.000000 X258.335306 Y237.538782 Z272.600000 E75.157185 F100.000
; P02 POINT 429 point-0000429 deposition
G1 A0.000000 C0.000000 X257.072466 Y236.781494 Z272.600000 E75.377575 F100.000
; P02 POINT 430 point-0000430 deposition
G1 A0.000000 C0.000000 X255.741463 Y236.151690 Z272.600000 E75.597963 F100.000
; P02 POINT 431 point-0000431 deposition
G1 A0.000000 C0.000000 X254.355165 Y235.655453 Z272.600000 E75.818344 F100.000
; P02 POINT 432 point-0000432 deposition
G1 A0.000000 C0.000000 X252.926876 Y235.297544 Z272.600000 E76.038727 F100.000
; P02 POINT 433 point-0000433 deposition
G1 A0.000000 C0.000000 X251.470319 Y235.081415 Z272.600000 E76.259117 F100.000
; P02 POINT 434 point-0000434 deposition
G1 A0.000000 C0.000000 X249.999639 Y235.009166 Z272.600000 E76.479500 F100.000
; P02 POINT 435 point-0000435 deposition
G1 A0.000000 C0.000000 X248.529060 Y235.081476 Z272.600000 E76.699869 F100.000
; P02 POINT 436 point-0000436 deposition
G1 A0.000000 C0.000000 X247.072657 Y235.297637 Z272.600000 E76.920237 F100.000
; P02 POINT 437 point-0000437 deposition
G1 A0.000000 C0.000000 X245.644476 Y235.655562 Z272.600000 E77.140605 F100.000
; P02 POINT 438 point-0000438 deposition
G1 A0.000000 C0.000000 X244.258258 Y236.151805 Z272.600000 E77.360974 F100.000
; P02 POINT 439 point-0000439 deposition
G1 A0.000000 C0.000000 X242.927405 Y236.781563 Z272.600000 E77.581339 F100.000
; P02 POINT 440 point-0000440 deposition
G1 A0.000000 C0.000000 X241.664720 Y237.538764 Z272.600000 E77.801702 F100.000
; P02 POINT 441 point-0000441 deposition
G1 A0.000000 C0.000000 X240.482354 Y238.416114 Z272.600000 E78.022066 F100.000
; P02 POINT 442 point-0000442 deposition
G1 A0.000000 C0.000000 X239.391694 Y239.405152 Z272.600000 E78.242429 F100.000
; P02 POINT 443 point-0000443 deposition
G1 A0.000000 C0.000000 X238.403244 Y240.496346 Z272.600000 E78.462793 F100.000
; P02 POINT 444 point-0000444 deposition
G1 A0.000000 C0.000000 X237.526510 Y241.679189 Z272.600000 E78.683158 F100.000
; P02 POINT 445 point-0000445 deposition
G1 A0.000000 C0.000000 X236.769939 Y242.942268 Z272.600000 E78.903524 F100.000
; P02 POINT 446 point-0000446 deposition
G1 A0.000000 C0.000000 X236.140804 Y244.273421 Z272.600000 E79.123889 F100.000
; P02 POINT 447 point-0000447 deposition
G1 A0.000000 C0.000000 X235.645155 Y245.659817 Z272.600000 E79.344254 F100.000
; P02 POINT 448 point-0000448 deposition
G1 A0.000000 C0.000000 X235.287748 Y247.088109 Z272.600000 E79.564619 F100.000
; P02 POINT 449 point-0000449 deposition
G1 A0.000000 C0.000000 X235.072009 Y248.544547 Z272.600000 E79.784983 F100.000
; P02 POINT 450 point-0000450 deposition
G1 A0.000000 C0.000000 X235.000000 Y250.015113 Z272.600000 E80.005348 F100.000
; P02 POINT 451 point-0000451 deposition
G1 A0.000000 C0.000000 X235.072399 Y251.485654 Z272.600000 E80.225711 F100.000
; P02 POINT 452 point-0000452 deposition
G1 A0.000000 C0.000000 X235.288497 Y252.942037 Z272.600000 E80.446075 F100.000
; P02 POINT 453 point-0000453 deposition
G1 A0.000000 C0.000000 X235.646206 Y254.370253 Z272.600000 E80.666440 F100.000
; P02 POINT 454 point-0000454 deposition
G1 A0.000000 C0.000000 X236.142077 Y255.756569 Z272.600000 E80.886804 F100.000
; P02 POINT 455 point-0000455 deposition
G1 A0.000000 C0.000000 X236.771336 Y257.087655 Z272.600000 E81.107169 F100.000
; P02 POINT 456 point-0000456 deposition
G1 A0.000000 C0.000000 X237.527937 Y258.350716 Z272.600000 E81.327534 F100.000
; P02 POINT 457 point-0000457 deposition
G1 A0.000000 C0.000000 X238.404606 Y259.533599 Z272.600000 E81.547899 F100.000
; P02 POINT 458 point-0000458 deposition
G1 A0.000000 C0.000000 X239.392924 Y260.624921 Z272.600000 E81.768264 F100.000
; P02 POINT 459 point-0000459 deposition
G1 A0.000000 C0.000000 X240.483394 Y261.614165 Z272.600000 E81.988627 F100.000
; P02 POINT 460 point-0000460 deposition
G1 A0.000000 C0.000000 X241.665550 Y262.491796 Z272.600000 E82.208990 F100.000
; P02 POINT 461 point-0000461 deposition
G1 A0.000000 C0.000000 X242.928033 Y263.249335 Z272.600000 E82.429353 F100.000
; P02 POINT 462 point-0000462 deposition
G1 A0.000000 C0.000000 X244.258754 Y263.879468 Z272.600000 E82.649724 F100.000
; P02 POINT 463 point-0000463 deposition
G1 A0.000000 C0.000000 X245.644871 Y264.376053 Z272.600000 E82.870097 F100.000
; P02 POINT 464 point-0000464 deposition
G1 A0.000000 C0.000000 X247.073000 Y264.734251 Z272.600000 E83.090467 F100.000
; P02 POINT 465 point-0000465 deposition
G1 A0.000000 C0.000000 X248.529403 Y264.950582 Z272.600000 E83.310839 F100.000
; P02 POINT 466 point-0000466 deposition
G1 A0.000000 C0.000000 X250.000000 Y265.022927 Z272.600000 E83.531210 F100.000
; P02 EVENT event-0000214 retract
G1 E82.531210 F100.000
; P02 POINT 467 point-0000467 travel
G1 A0.000000 C0.000000 X246.929274 Y234.308987 Z272.600000 F100.000
; P02 EVENT event-0000215 prime
G1 E83.531210 F100.000
; P02 POINT 468 point-0000468 deposition
G1 A0.000000 C0.000000 X253.070720 Y234.308987 Z272.600000 E84.450404 F100.000
; P02 EVENT event-0000216 retract
G1 E83.450404 F100.000
; P02 POINT 469 point-0000469 travel
G1 A0.000000 C0.000000 X255.233948 Y234.908987 Z272.600000 F100.000
; P02 EVENT event-0000217 prime
G1 E84.450404 F100.000
; P02 POINT 470 point-0000470 deposition
G1 A0.000000 C0.000000 X244.766053 Y234.908987 Z272.600000 E86.017140 F100.000
; P02 EVENT event-0000218 retract
G1 E85.017140 F100.000
; P02 POINT 471 point-0000471 travel
G1 A0.000000 C0.000000 X243.281237 Y235.508987 Z272.600000 F100.000
; P02 EVENT event-0000219 prime
G1 E86.017140 F100.000
; P02 POINT 472 point-0000472 deposition
G1 A0.000000 C0.000000 X246.229336 Y235.508987 Z272.600000 E86.458384 F100.000
; P02 EVENT event-0000220 retract
G1 E85.458384 F100.000
; P02 POINT 473 point-0000473 travel
G1 A0.000000 C0.000000 X256.718763 Y235.508987 Z272.600000 F100.000
; P02 EVENT event-0000221 prime
G1 E86.458384 F100.000
; P02 POINT 474 point-0000474 deposition
G1 A0.000000 C0.000000 X253.770669 Y235.508987 Z272.600000 E86.899627 F100.000
; P02 EVENT event-0000222 retract
G1 E85.899627 F100.000
; P02 POINT 475 point-0000475 travel
G1 A0.000000 C0.000000 X242.106624 Y236.108987 Z272.600000 F100.000
; P02 EVENT event-0000223 prime
G1 E86.899627 F100.000
; P02 POINT 476 point-0000476 deposition
G1 A0.000000 C0.000000 X244.377869 Y236.108987 Z272.600000 E87.239565 F100.000
; P02 EVENT event-0000224 retract
G1 E86.239565 F100.000
; P02 POINT 477 point-0000477 travel
G1 A0.000000 C0.000000 X257.893377 Y236.108987 Z272.600000 F100.000
; P02 EVENT event-0000225 prime
G1 E87.239565 F100.000
; P02 POINT 478 point-0000478 deposition
G1 A0.000000 C0.000000 X255.622167 Y236.108987 Z272.600000 E87.579499 F100.000
; P02 EVENT event-0000226 retract
G1 E86.579499 F100.000
; P02 POINT 479 point-0000479 travel
G1 A0.000000 C0.000000 X241.106653 Y236.708987 Z272.600000 F100.000
; P02 EVENT event-0000227 prime
G1 E87.579499 F100.000
; P02 POINT 480 point-0000480 deposition
G1 A0.000000 C0.000000 X243.080779 Y236.708987 Z272.600000 E87.874968 F100.000
; P02 EVENT event-0000228 retract
G1 E86.874968 F100.000
; P02 POINT 481 point-0000481 travel
G1 A0.000000 C0.000000 X258.893349 Y236.708987 Z272.600000 F100.000
; P02 EVENT event-0000229 prime
G1 E87.874968 F100.000
; P02 POINT 482 point-0000482 deposition
G1 A0.000000 C0.000000 X256.919232 Y236.708987 Z272.600000 E88.170435 F100.000
; P02 EVENT event-0000230 retract
G1 E87.170435 F100.000
; P02 POINT 483 point-0000483 travel
G1 A0.000000 C0.000000 X240.298030 Y237.308987 Z272.600000 F100.000
; P02 EVENT event-0000231 prime
G1 E88.170435 F100.000
; P02 POINT 484 point-0000484 deposition
G1 A0.000000 C0.000000 X242.047890 Y237.308987 Z272.600000 E88.432337 F100.000
; P02 EVENT event-0000232 retract
G1 E87.432337 F100.000
; P02 POINT 485 point-0000485 travel
G1 A0.000000 C0.000000 X259.701969 Y237.308987 Z272.600000 F100.000
; P02 EVENT event-0000233 prime
G1 E88.432337 F100.000
; P02 POINT 486 point-0000486 deposition
G1 A0.000000 C0.000000 X257.952103 Y237.308987 Z272.600000 E88.694241 F100.000
; P02 EVENT event-0000234 retract
G1 E87.694241 F100.000
; P02 POINT 487 point-0000487 travel
G1 A0.000000 C0.000000 X239.554576 Y237.908987 Z272.600000 F100.000
; P02 EVENT event-0000235 prime
G1 E88.694241 F100.000
; P02 POINT 488 point-0000488 deposition
G1 A0.000000 C0.000000 X241.165787 Y237.908987 Z272.600000 E88.935392 F100.000
; P02 EVENT event-0000236 retract
G1 E87.935392 F100.000
; P02 POINT 489 point-0000489 travel
G1 A0.000000 C0.000000 X260.445425 Y237.908987 Z272.600000 F100.000
; P02 EVENT event-0000237 prime
G1 E88.935392 F100.000
; P02 POINT 490 point-0000490 deposition
G1 A0.000000 C0.000000 X258.834212 Y237.908987 Z272.600000 E89.176543 F100.000
; P02 EVENT event-0000238 retract
G1 E88.176543 F100.000
; P02 POINT 491 point-0000491 travel
G1 A0.000000 C0.000000 X238.892908 Y238.508987 Z272.600000 F100.000
; P02 EVENT event-0000239 prime
G1 E89.176543 F100.000
; P02 POINT 492 point-0000492 deposition
G1 A0.000000 C0.000000 X240.379939 Y238.508987 Z272.600000 E89.399108 F100.000
; P02 EVENT event-0000240 retract
G1 E88.399108 F100.000
; P02 POINT 493 point-0000493 travel
G1 A0.000000 C0.000000 X261.107091 Y238.508987 Z272.600000 F100.000
; P02 EVENT event-0000241 prime
G1 E89.399108 F100.000
; P02 POINT 494 point-0000494 deposition
G1 A0.000000 C0.000000 X259.620065 Y238.508987 Z272.600000 E89.621672 F100.000
; P02 EVENT event-0000242 retract
G1 E88.621672 F100.000
; P02 POINT 495 point-0000495 travel
G1 A0.000000 C0.000000 X238.312191 Y239.108987 Z272.600000 F100.000
; P02 EVENT event-0000243 prime
G1 E89.621672 F100.000
; P02 POINT 496 point-0000496 deposition
G1 A0.000000 C0.000000 X239.718290 Y239.108987 Z272.600000 E89.832124 F100.000
; P02 EVENT event-0000244 retract
G1 E88.832124 F100.000
; P02 POINT 497 point-0000497 travel
G1 A0.000000 C0.000000 X261.687809 Y239.108987 Z272.600000 F100.000
; P02 EVENT event-0000245 prime
G1 E89.832124 F100.000
; P02 POINT 498 point-0000498 deposition
G1 A0.000000 C0.000000 X260.281708 Y239.108987 Z272.600000 E90.042576 F100.000
; P02 EVENT event-0000246 retract
G1 E89.042576 F100.000
; P02 POINT 499 point-0000499 travel
G1 A0.000000 C0.000000 X237.768671 Y239.708987 Z272.600000 F100.000
; P02 EVENT event-0000247 prime
G1 E90.042576 F100.000
; P02 POINT 500 point-0000500 deposition
G1 A0.000000 C0.000000 X239.116468 Y239.708987 Z272.600000 E90.244301 F100.000
; P02 EVENT event-0000248 retract
G1 E89.244301 F100.000
; P02 POINT 501 point-0000501 travel
G1 A0.000000 C0.000000 X262.231328 Y239.708987 Z272.600000 F100.000
; P02 EVENT event-0000249 prime
G1 E90.244301 F100.000
; P02 POINT 502 point-0000502 deposition
G1 A0.000000 C0.000000 X260.883533 Y239.708987 Z272.600000 E90.446027 F100.000
; P02 EVENT event-0000250 retract
G1 E89.446027 F100.000
; P02 POINT 503 point-0000503 travel
G1 A0.000000 C0.000000 X237.298771 Y240.308987 Z272.600000 F100.000
; P02 EVENT event-0000251 prime
G1 E90.446027 F100.000
; P02 POINT 504 point-0000504 deposition
G1 A0.000000 C0.000000 X238.572962 Y240.308987 Z272.600000 E90.636736 F100.000
; P02 EVENT event-0000252 retract
G1 E89.636736 F100.000
; P02 POINT 505 point-0000505 travel
G1 A0.000000 C0.000000 X262.701229 Y240.308987 Z272.600000 F100.000
; P02 EVENT event-0000253 prime
G1 E90.636736 F100.000
; P02 POINT 506 point-0000506 deposition
G1 A0.000000 C0.000000 X261.427036 Y240.308987 Z272.600000 E90.827445 F100.000
; P02 EVENT event-0000254 retract
G1 E89.827445 F100.000
; P02 POINT 507 point-0000507 travel
G1 A0.000000 C0.000000 X236.854035 Y240.908987 Z272.600000 F100.000
; P02 EVENT event-0000255 prime
G1 E90.827445 F100.000
; P02 POINT 508 point-0000508 deposition
G1 A0.000000 C0.000000 X238.097391 Y240.908987 Z272.600000 E91.013539 F100.000
; P02 EVENT event-0000256 retract
G1 E90.013539 F100.000
; P02 POINT 509 point-0000509 travel
G1 A0.000000 C0.000000 X263.145964 Y240.908987 Z272.600000 F100.000
; P02 EVENT event-0000257 prime
G1 E91.013539 F100.000
; P02 POINT 510 point-0000510 deposition
G1 A0.000000 C0.000000 X261.902610 Y240.908987 Z272.600000 E91.199632 F100.000
; P02 EVENT event-0000258 retract
G1 E90.199632 F100.000
; P02 POINT 511 point-0000511 travel
G1 A0.000000 C0.000000 X236.464121 Y241.508987 Z272.600000 F100.000
; P02 EVENT event-0000259 prime
G1 E91.199632 F100.000
; P02 POINT 512 point-0000512 deposition
G1 A0.000000 C0.000000 X237.652665 Y241.508987 Z272.600000 E91.377522 F100.000
; P02 EVENT event-0000260 retract
G1 E90.377522 F100.000
; P02 POINT 513 point-0000513 travel
G1 A0.000000 C0.000000 X263.535880 Y241.508987 Z272.600000 F100.000
; P02 EVENT event-0000261 prime
G1 E91.377522 F100.000
; P02 POINT 514 point-0000514 deposition
G1 A0.000000 C0.000000 X262.347333 Y241.508987 Z272.600000 E91.555413 F100.000
; P02 EVENT event-0000262 retract
G1 E90.555413 F100.000
; P02 POINT 515 point-0000515 travel
G1 A0.000000 C0.000000 X236.104720 Y242.108987 Z272.600000 F100.000
; P02 EVENT event-0000263 prime
G1 E91.555413 F100.000
; P02 POINT 516 point-0000516 deposition
G1 A0.000000 C0.000000 X237.269065 Y242.108987 Z272.600000 E91.729681 F100.000
; P02 EVENT event-0000264 retract
G1 E90.729681 F100.000
; P02 POINT 517 point-0000517 travel
G1 A0.000000 C0.000000 X263.895280 Y242.108987 Z272.600000 F100.000
; P02 EVENT event-0000265 prime
G1 E91.729681 F100.000
; P02 POINT 518 point-0000518 deposition
G1 A0.000000 C0.000000 X262.730936 Y242.108987 Z272.600000 E91.903949 F100.000
; P02 EVENT event-0000266 retract
G1 E90.903949 F100.000
; P02 POINT 519 point-0000519 travel
G1 A0.000000 C0.000000 X235.775415 Y242.708987 Z272.600000 F100.000
; P02 EVENT event-0000267 prime
G1 E91.903949 F100.000
; P02 POINT 520 point-0000520 deposition
G1 A0.000000 C0.000000 X236.909672 Y242.708987 Z272.600000 E92.073714 F100.000
; P02 EVENT event-0000268 retract
G1 E91.073714 F100.000
; P02 POINT 521 point-0000521 travel
G1 A0.000000 C0.000000 X264.224586 Y242.708987 Z272.600000 F100.000
; P02 EVENT event-0000269 prime
G1 E92.073714 F100.000
; P02 POINT 522 point-0000522 deposition
G1 A0.000000 C0.000000 X263.090326 Y242.708987 Z272.600000 E92.243480 F100.000
; P02 EVENT event-0000270 retract
G1 E91.243480 F100.000
; P02 POINT 523 point-0000523 travel
G1 A0.000000 C0.000000 X235.491836 Y243.308987 Z272.600000 F100.000
; P02 EVENT event-0000271 prime
G1 E92.243480 F100.000
; P02 POINT 524 point-0000524 deposition
G1 A0.000000 C0.000000 X236.596619 Y243.308987 Z272.600000 E92.408833 F100.000
; P02 EVENT event-0000272 retract
G1 E91.408833 F100.000
; P02 POINT 525 point-0000525 travel
G1 A0.000000 C0.000000 X264.508164 Y243.308987 Z272.600000 F100.000
; P02 EVENT event-0000273 prime
G1 E92.408833 F100.000
; P02 POINT 526 point-0000526 deposition
G1 A0.000000 C0.000000 X263.403382 Y243.308987 Z272.600000 E92.574187 F100.000
; P02 EVENT event-0000274 retract
G1 E91.574187 F100.000
; P02 POINT 527 point-0000527 travel
G1 A0.000000 C0.000000 X235.210357 Y243.908987 Z272.600000 F100.000
; P02 EVENT event-0000275 prime
G1 E92.574187 F100.000
; P02 POINT 528 point-0000528 deposition
G1 A0.000000 C0.000000 X236.313045 Y243.908987 Z272.600000 E92.739227 F100.000
; P02 EVENT event-0000276 retract
G1 E91.739227 F100.000
; P02 POINT 529 point-0000529 travel
G1 A0.000000 C0.000000 X264.789644 Y243.908987 Z272.600000 F100.000
; P02 EVENT event-0000277 prime
G1 E92.739227 F100.000
; P02 POINT 530 point-0000530 deposition
G1 A0.000000 C0.000000 X263.686954 Y243.908987 Z272.600000 E92.904267 F100.000
; P02 EVENT event-0000278 retract
G1 E91.904267 F100.000
; P02 POINT 531 point-0000531 travel
G1 A0.000000 C0.000000 X234.995849 Y244.508987 Z272.600000 F100.000
; P02 EVENT event-0000279 prime
G1 E92.904267 F100.000
; P02 POINT 532 point-0000532 deposition
G1 A0.000000 C0.000000 X236.056587 Y244.508987 Z272.600000 E93.063028 F100.000
; P02 EVENT event-0000280 retract
G1 E92.063028 F100.000
; P02 POINT 533 point-0000533 travel
G1 A0.000000 C0.000000 X265.004151 Y244.508987 Z272.600000 F100.000
; P02 EVENT event-0000281 prime
G1 E93.063028 F100.000
; P02 POINT 534 point-0000534 deposition
G1 A0.000000 C0.000000 X263.943414 Y244.508987 Z272.600000 E93.221789 F100.000
; P02 EVENT event-0000282 retract
G1 E92.221789 F100.000
; P02 POINT 535 point-0000535 travel
G1 A0.000000 C0.000000 X234.781340 Y245.108987 Z272.600000 F100.000
; P02 EVENT event-0000283 prime
G1 E93.221789 F100.000
; P02 POINT 536 point-0000536 deposition
G1 A0.000000 C0.000000 X235.842082 Y245.108987 Z272.600000 E93.380551 F100.000
; P02 EVENT event-0000284 retract
G1 E92.380551 F100.000
; P02 POINT 537 point-0000537 travel
G1 A0.000000 C0.000000 X265.218659 Y245.108987 Z272.600000 F100.000
; P02 EVENT event-0000285 prime
G1 E93.380551 F100.000
; P02 POINT 538 point-0000538 deposition
G1 A0.000000 C0.000000 X264.157918 Y245.108987 Z272.600000 E93.539313 F100.000
; P02 EVENT event-0000286 retract
G1 E92.539313 F100.000
; P02 POINT 539 point-0000539 travel
G1 A0.000000 C0.000000 X234.603243 Y245.708987 Z272.600000 F100.000
; P02 EVENT event-0000287 prime
G1 E93.539313 F100.000
; P02 POINT 540 point-0000540 deposition
G1 A0.000000 C0.000000 X235.632851 Y245.708987 Z272.600000 E93.693415 F100.000
; P02 EVENT event-0000288 retract
G1 E92.693415 F100.000
; P02 POINT 541 point-0000541 travel
G1 A0.000000 C0.000000 X265.396758 Y245.708987 Z272.600000 F100.000
; P02 EVENT event-0000289 prime
G1 E93.693415 F100.000
; P02 POINT 542 point-0000542 deposition
G1 A0.000000 C0.000000 X264.367151 Y245.708987 Z272.600000 E93.847517 F100.000
; P02 EVENT event-0000290 retract
G1 E92.847517 F100.000
; P02 POINT 543 point-0000543 travel
G1 A0.000000 C0.000000 X234.453101 Y246.308987 Z272.600000 F100.000
; P02 EVENT event-0000291 prime
G1 E93.847517 F100.000
; P02 POINT 544 point-0000544 deposition
G1 A0.000000 C0.000000 X235.482711 Y246.308987 Z272.600000 E94.001619 F100.000
; P02 EVENT event-0000292 retract
G1 E93.001619 F100.000
; P02 POINT 545 point-0000545 travel
G1 A0.000000 C0.000000 X265.546899 Y246.308987 Z272.600000 F100.000
; P02 EVENT event-0000293 prime
G1 E94.001619 F100.000
; P02 POINT 546 point-0000546 deposition
G1 A0.000000 C0.000000 X264.517289 Y246.308987 Z272.600000 E94.155722 F100.000
; P02 EVENT event-0000294 retract
G1 E93.155722 F100.000
; P02 POINT 547 point-0000547 travel
G1 A0.000000 C0.000000 X234.304581 Y246.908987 Z272.600000 F100.000
; P02 EVENT event-0000295 prime
G1 E94.155722 F100.000
; P02 POINT 548 point-0000548 deposition
G1 A0.000000 C0.000000 X235.332571 Y246.908987 Z272.600000 E94.309581 F100.000
; P02 EVENT event-0000296 retract
G1 E93.309581 F100.000
; P02 POINT 549 point-0000549 travel
G1 A0.000000 C0.000000 X265.695420 Y246.908987 Z272.600000 F100.000
; P02 EVENT event-0000297 prime
G1 E94.309581 F100.000
; P02 POINT 550 point-0000550 deposition
G1 A0.000000 C0.000000 X264.667428 Y246.908987 Z272.600000 E94.463442 F100.000
; P02 EVENT event-0000298 retract
G1 E93.463442 F100.000
; P02 POINT 551 point-0000551 travel
G1 A0.000000 C0.000000 X234.215704 Y247.508987 Z272.600000 F100.000
; P02 EVENT event-0000299 prime
G1 E94.463442 F100.000
; P02 POINT 552 point-0000552 deposition
G1 A0.000000 C0.000000 X235.225404 Y247.508987 Z272.600000 E94.614564 F100.000
; P02 EVENT event-0000300 retract
G1 E93.614564 F100.000
; P02 POINT 553 point-0000553 travel
G1 A0.000000 C0.000000 X265.784296 Y247.508987 Z272.600000 F100.000
; P02 EVENT event-0000301 prime
G1 E94.614564 F100.000
; P02 POINT 554 point-0000554 deposition
G1 A0.000000 C0.000000 X264.774597 Y247.508987 Z272.600000 E94.765687 F100.000
; P02 EVENT event-0000302 retract
G1 E93.765687 F100.000
; P02 POINT 555 point-0000555 travel
G1 A0.000000 C0.000000 X234.126827 Y248.108987 Z272.600000 F100.000
; P02 EVENT event-0000303 prime
G1 E94.765687 F100.000
; P02 POINT 556 point-0000556 deposition
G1 A0.000000 C0.000000 X235.136528 Y248.108987 Z272.600000 E94.916809 F100.000
; P02 EVENT event-0000304 retract
G1 E93.916809 F100.000
; P02 POINT 557 point-0000557 travel
G1 A0.000000 C0.000000 X265.873172 Y248.108987 Z272.600000 F100.000
; P02 EVENT event-0000305 prime
G1 E94.916809 F100.000
; P02 POINT 558 point-0000558 deposition
G1 A0.000000 C0.000000 X264.863471 Y248.108987 Z272.600000 E95.067932 F100.000
; P02 EVENT event-0000306 retract
G1 E94.067932 F100.000
; P02 POINT 559 point-0000559 travel
G1 A0.000000 C0.000000 X234.063963 Y248.708987 Z272.600000 F100.000
; P02 EVENT event-0000307 prime
G1 E95.067932 F100.000
; P02 POINT 560 point-0000560 deposition
G1 A0.000000 C0.000000 X235.063957 Y248.708987 Z272.600000 E95.217601 F100.000
; P02 EVENT event-0000308 retract
G1 E94.217601 F100.000
; P02 POINT 561 point-0000561 travel
G1 A0.000000 C0.000000 X265.936037 Y248.708987 Z272.600000 F100.000
; P02 EVENT event-0000309 prime
G1 E95.217601 F100.000
; P02 POINT 562 point-0000562 deposition
G1 A0.000000 C0.000000 X264.936045 Y248.708987 Z272.600000 E95.367271 F100.000
; P02 EVENT event-0000310 retract
G1 E94.367271 F100.000
; P02 POINT 563 point-0000563 travel
G1 A0.000000 C0.000000 X234.034584 Y249.308987 Z272.600000 F100.000
; P02 EVENT event-0000311 prime
G1 E95.367271 F100.000
; P02 POINT 564 point-0000564 deposition
G1 A0.000000 C0.000000 X235.034577 Y249.308987 Z272.600000 E95.516940 F100.000
; P02 EVENT event-0000312 retract
G1 E94.516940 F100.000
; P02 POINT 565 point-0000565 travel
G1 A0.000000 C0.000000 X265.965416 Y249.308987 Z272.600000 F100.000
; P02 EVENT event-0000313 prime
G1 E95.516940 F100.000
; P02 POINT 566 point-0000566 deposition
G1 A0.000000 C0.000000 X264.965423 Y249.308987 Z272.600000 E95.666610 F100.000
; P02 EVENT event-0000314 retract
G1 E94.666610 F100.000
; P02 POINT 567 point-0000567 travel
G1 A0.000000 C0.000000 X234.005205 Y249.908987 Z272.600000 F100.000
; P02 EVENT event-0000315 prime
G1 E95.666610 F100.000
; P02 POINT 568 point-0000568 deposition
G1 A0.000000 C0.000000 X235.005197 Y249.908987 Z272.600000 E95.816279 F100.000
; P02 EVENT event-0000316 retract
G1 E94.816279 F100.000
; P02 POINT 569 point-0000569 travel
G1 A0.000000 C0.000000 X265.994794 Y249.908987 Z272.600000 F100.000
; P02 EVENT event-0000317 prime
G1 E95.816279 F100.000
; P02 POINT 570 point-0000570 deposition
G1 A0.000000 C0.000000 X264.994801 Y249.908987 Z272.600000 E95.965949 F100.000
; P02 EVENT event-0000318 retract
G1 E94.965949 F100.000
; P02 POINT 571 point-0000571 travel
G1 A0.000000 C0.000000 X234.024308 Y250.508987 Z272.600000 F100.000
; P02 EVENT event-0000319 prime
G1 E95.965949 F100.000
; P02 POINT 572 point-0000572 deposition
G1 A0.000000 C0.000000 X235.024315 Y250.508987 Z272.600000 E96.115620 F100.000
; P02 EVENT event-0000320 retract
G1 E95.115620 F100.000
; P02 POINT 573 point-0000573 travel
G1 A0.000000 C0.000000 X265.975692 Y250.508987 Z272.600000 F100.000
; P02 EVENT event-0000321 prime
G1 E96.115620 F100.000
; P02 POINT 574 point-0000574 deposition
G1 A0.000000 C0.000000 X264.975686 Y250.508987 Z272.600000 E96.265292 F100.000
; P02 EVENT event-0000322 retract
G1 E95.265292 F100.000
; P02 POINT 575 point-0000575 travel
G1 A0.000000 C0.000000 X234.053849 Y251.108987 Z272.600000 F100.000
; P02 EVENT event-0000323 prime
G1 E96.265292 F100.000
; P02 POINT 576 point-0000576 deposition
G1 A0.000000 C0.000000 X235.053855 Y251.108987 Z272.600000 E96.414963 F100.000
; P02 EVENT event-0000324 retract
G1 E95.414963 F100.000
; P02 POINT 577 point-0000577 travel
G1 A0.000000 C0.000000 X265.946150 Y251.108987 Z272.600000 F100.000
; P02 EVENT event-0000325 prime
G1 E96.414963 F100.000
; P02 POINT 578 point-0000578 deposition
G1 A0.000000 C0.000000 X264.946144 Y251.108987 Z272.600000 E96.564635 F100.000
; P02 EVENT event-0000326 retract
G1 E95.564635 F100.000
; P02 POINT 579 point-0000579 travel
G1 A0.000000 C0.000000 X234.095795 Y251.708987 Z272.600000 F100.000
; P02 EVENT event-0000327 prime
G1 E96.564635 F100.000
; P02 POINT 580 point-0000580 deposition
G1 A0.000000 C0.000000 X235.105537 Y251.708987 Z272.600000 E96.715764 F100.000
; P02 EVENT event-0000328 retract
G1 E95.715764 F100.000
; P02 POINT 581 point-0000581 travel
G1 A0.000000 C0.000000 X265.904206 Y251.708987 Z272.600000 F100.000
; P02 EVENT event-0000329 prime
G1 E96.715764 F100.000
; P02 POINT 582 point-0000582 deposition
G1 A0.000000 C0.000000 X264.894464 Y251.708987 Z272.600000 E96.866892 F100.000
; P02 EVENT event-0000330 retract
G1 E95.866892 F100.000
; P02 POINT 583 point-0000583 travel
G1 A0.000000 C0.000000 X234.184825 Y252.308987 Z272.600000 F100.000
; P02 EVENT event-0000331 prime
G1 E96.866892 F100.000
; P02 POINT 584 point-0000584 deposition
G1 A0.000000 C0.000000 X235.194565 Y252.308987 Z272.600000 E97.018021 F100.000
; P02 EVENT event-0000332 retract
G1 E96.018021 F100.000
; P02 POINT 585 point-0000585 travel
G1 A0.000000 C0.000000 X265.815175 Y252.308987 Z272.600000 F100.000
; P02 EVENT event-0000333 prime
G1 E97.018021 F100.000
; P02 POINT 586 point-0000586 deposition
G1 A0.000000 C0.000000 X264.805434 Y252.308987 Z272.600000 E97.169149 F100.000
; P02 EVENT event-0000334 retract
G1 E96.169149 F100.000
; P02 POINT 587 point-0000587 travel
G1 A0.000000 C0.000000 X234.273855 Y252.908987 Z272.600000 F100.000
; P02 EVENT event-0000335 prime
G1 E97.169149 F100.000
; P02 POINT 588 point-0000588 deposition
G1 A0.000000 C0.000000 X235.283593 Y252.908987 Z272.600000 E97.320278 F100.000
; P02 EVENT event-0000336 retract
G1 E96.320278 F100.000
; P02 POINT 589 point-0000589 travel
G1 A0.000000 C0.000000 X265.726145 Y252.908987 Z272.600000 F100.000
; P02 EVENT event-0000337 prime
G1 E97.320278 F100.000
; P02 POINT 590 point-0000590 deposition
G1 A0.000000 C0.000000 X264.716405 Y252.908987 Z272.600000 E97.471406 F100.000
; P02 EVENT event-0000338 retract
G1 E96.471406 F100.000
; P02 POINT 591 point-0000591 travel
G1 A0.000000 C0.000000 X234.400818 Y253.508987 Z272.600000 F100.000
; P02 EVENT event-0000339 prime
G1 E97.471406 F100.000
; P02 POINT 592 point-0000592 deposition
G1 A0.000000 C0.000000 X235.430495 Y253.508987 Z272.600000 E97.625518 F100.000
; P02 EVENT event-0000340 retract
G1 E96.625518 F100.000
; P02 POINT 593 point-0000593 travel
G1 A0.000000 C0.000000 X265.599182 Y253.508987 Z272.600000 F100.000
; P02 EVENT event-0000341 prime
G1 E97.625518 F100.000
; P02 POINT 594 point-0000594 deposition
G1 A0.000000 C0.000000 X264.569506 Y253.508987 Z272.600000 E97.779631 F100.000
; P02 EVENT event-0000342 retract
G1 E96.779631 F100.000
; P02 POINT 595 point-0000595 travel
G1 A0.000000 C0.000000 X234.551095 Y254.108987 Z272.600000 F100.000
; P02 EVENT event-0000343 prime
G1 E97.779631 F100.000
; P02 POINT 596 point-0000596 deposition
G1 A0.000000 C0.000000 X235.580770 Y254.108987 Z272.600000 E97.933743 F100.000
; P02 EVENT event-0000344 retract
G1 E96.933743 F100.000
; P02 POINT 597 point-0000597 travel
G1 A0.000000 C0.000000 X265.448905 Y254.108987 Z272.600000 F100.000
; P02 EVENT event-0000345 prime
G1 E97.933743 F100.000
; P02 POINT 598 point-0000598 deposition
G1 A0.000000 C0.000000 X264.419229 Y254.108987 Z272.600000 E98.087855 F100.000
; P02 EVENT event-0000346 retract
G1 E97.087855 F100.000
; P02 POINT 599 point-0000599 travel
G1 A0.000000 C0.000000 X234.706536 Y254.708987 Z272.600000 F100.000
; P02 EVENT event-0000347 prime
G1 E98.087855 F100.000
; P02 POINT 600 point-0000600 deposition
G1 A0.000000 C0.000000 X235.767367 Y254.708987 Z272.600000 E98.246630 F100.000
; P02 EVENT event-0000348 retract
G1 E97.246630 F100.000
; P02 POINT 601 point-0000601 travel
G1 A0.000000 C0.000000 X265.293465 Y254.708987 Z272.600000 F100.000
; P02 EVENT event-0000349 prime
G1 E98.246630 F100.000
; P02 POINT 602 point-0000602 deposition
G1 A0.000000 C0.000000 X264.232634 Y254.708987 Z272.600000 E98.405405 F100.000
; P02 EVENT event-0000350 retract
G1 E97.405405 F100.000
; P02 POINT 603 point-0000603 travel
G1 A0.000000 C0.000000 X234.921151 Y255.308987 Z272.600000 F100.000
; P02 EVENT event-0000351 prime
G1 E98.405405 F100.000
; P02 POINT 604 point-0000604 deposition
G1 A0.000000 C0.000000 X235.981981 Y255.308987 Z272.600000 E98.564180 F100.000
; P02 EVENT event-0000352 retract
G1 E97.564180 F100.000
; P02 POINT 605 point-0000605 travel
G1 A0.000000 C0.000000 X265.078849 Y255.308987 Z272.600000 F100.000
; P02 EVENT event-0000353 prime
G1 E98.564180 F100.000
; P02 POINT 606 point-0000606 deposition
G1 A0.000000 C0.000000 X264.018018 Y255.308987 Z272.600000 E98.722955 F100.000
; P02 EVENT event-0000354 retract
G1 E97.722955 F100.000
; P02 POINT 607 point-0000607 travel
G1 A0.000000 C0.000000 X235.135765 Y255.908987 Z272.600000 F100.000
; P02 EVENT event-0000355 prime
G1 E98.722955 F100.000
; P02 POINT 608 point-0000608 deposition
G1 A0.000000 C0.000000 X236.214131 Y255.908987 Z272.600000 E98.884355 F100.000
; P02 EVENT event-0000356 retract
G1 E97.884355 F100.000
; P02 POINT 609 point-0000609 travel
G1 A0.000000 C0.000000 X264.864234 Y255.908987 Z272.600000 F100.000
; P02 EVENT event-0000357 prime
G1 E98.884355 F100.000
; P02 POINT 610 point-0000610 deposition
G1 A0.000000 C0.000000 X263.785871 Y255.908987 Z272.600000 E99.045754 F100.000
; P02 EVENT event-0000358 retract
G1 E98.045754 F100.000
; P02 POINT 611 point-0000611 travel
G1 A0.000000 C0.000000 X235.392880 Y256.508987 Z272.600000 F100.000
; P02 EVENT event-0000359 prime
G1 E99.045754 F100.000
; P02 POINT 612 point-0000612 deposition
G1 A0.000000 C0.000000 X236.497776 Y256.508987 Z272.600000 E99.211125 F100.000
; P02 EVENT event-0000360 retract
G1 E98.211125 F100.000
; P02 POINT 613 point-0000613 travel
G1 A0.000000 C0.000000 X264.607121 Y256.508987 Z272.600000 F100.000
; P02 EVENT event-0000361 prime
G1 E99.211125 F100.000
; P02 POINT 614 point-0000614 deposition
G1 A0.000000 C0.000000 X263.502224 Y256.508987 Z272.600000 E99.376495 F100.000
; P02 EVENT event-0000362 retract
G1 E98.376495 F100.000
; P02 POINT 615 point-0000615 travel
G1 A0.000000 C0.000000 X235.676523 Y257.108987 Z272.600000 F100.000
; P02 EVENT event-0000363 prime
G1 E99.376495 F100.000
; P02 POINT 616 point-0000616 deposition
G1 A0.000000 C0.000000 X236.784114 Y257.108987 Z272.600000 E99.542269 F100.000
; P02 EVENT event-0000364 retract
G1 E98.542269 F100.000
; P02 POINT 617 point-0000617 travel
G1 A0.000000 C0.000000 X264.323476 Y257.108987 Z272.600000 F100.000
; P02 EVENT event-0000365 prime
G1 E99.542269 F100.000
; P02 POINT 618 point-0000618 deposition
G1 A0.000000 C0.000000 X263.215887 Y257.108987 Z272.600000 E99.708042 F100.000
; P02 EVENT event-0000366 retract
G1 E98.708042 F100.000
; P02 POINT 619 point-0000619 travel
G1 A0.000000 C0.000000 X235.979054 Y257.708987 Z272.600000 F100.000
; P02 EVENT event-0000367 prime
G1 E99.708042 F100.000
; P02 POINT 620 point-0000620 deposition
G1 A0.000000 C0.000000 X237.143527 Y257.708987 Z272.600000 E99.882330 F100.000
; P02 EVENT event-0000368 retract
G1 E98.882330 F100.000
; P02 POINT 621 point-0000621 travel
G1 A0.000000 C0.000000 X264.020947 Y257.708987 Z272.600000 F100.000
; P02 EVENT event-0000369 prime
G1 E99.882330 F100.000
; P02 POINT 622 point-0000622 deposition
G1 A0.000000 C0.000000 X262.856473 Y257.708987 Z272.600000 E100.056618 F100.000
; P02 EVENT event-0000370 retract
G1 E99.056618 F100.000
; P02 POINT 623 point-0000623 travel
G1 A0.000000 C0.000000 X236.338461 Y258.308987 Z272.600000 F100.000
; P02 EVENT event-0000371 prime
G1 E100.056618 F100.000
; P02 POINT 624 point-0000624 deposition
G1 A0.000000 C0.000000 X237.502940 Y258.308987 Z272.600000 E100.230906 F100.000
; P02 EVENT event-0000372 retract
G1 E99.230906 F100.000
; P02 POINT 625 point-0000625 travel
G1 A0.000000 C0.000000 X263.661538 Y258.308987 Z272.600000 F100.000
; P02 EVENT event-0000373 prime
G1 E100.230906 F100.000
; P02 POINT 626 point-0000626 deposition
G1 A0.000000 C0.000000 X262.497059 Y258.308987 Z272.600000 E100.405194 F100.000
; P02 EVENT event-0000374 retract
G1 E99.405194 F100.000
; P02 POINT 627 point-0000627 travel
G1 A0.000000 C0.000000 X236.698193 Y258.908987 Z272.600000 F100.000
; P02 EVENT event-0000375 prime
G1 E100.405194 F100.000
; P02 POINT 628 point-0000628 deposition
G1 A0.000000 C0.000000 X237.941687 Y258.908987 Z272.600000 E100.591309 F100.000
; P02 EVENT event-0000376 retract
G1 E99.591309 F100.000
; P02 POINT 629 point-0000629 travel
G1 A0.000000 C0.000000 X263.301808 Y258.908987 Z272.600000 F100.000
; P02 EVENT event-0000377 prime
G1 E100.591309 F100.000
; P02 POINT 630 point-0000630 deposition
G1 A0.000000 C0.000000 X262.058313 Y258.908987 Z272.600000 E100.777423 F100.000
; P02 EVENT event-0000378 retract
G1 E99.777423 F100.000
; P02 POINT 631 point-0000631 travel
G1 A0.000000 C0.000000 X237.142860 Y259.508987 Z272.600000 F100.000
; P02 EVENT event-0000379 prime
G1 E100.777423 F100.000
; P02 POINT 632 point-0000632 deposition
G1 A0.000000 C0.000000 X238.386365 Y259.508987 Z272.600000 E100.963539 F100.000
; P02 EVENT event-0000380 retract
G1 E99.963539 F100.000
; P02 POINT 633 point-0000633 travel
G1 A0.000000 C0.000000 X262.857140 Y259.508987 Z272.600000 F100.000
; P02 EVENT event-0000381 prime
G1 E100.963539 F100.000
; P02 POINT 634 point-0000634 deposition
G1 A0.000000 C0.000000 X261.613634 Y259.508987 Z272.600000 E101.149656 F100.000
; P02 EVENT event-0000382 retract
G1 E100.149656 F100.000
; P02 POINT 635 point-0000635 travel
G1 A0.000000 C0.000000 X237.587527 Y260.108987 Z272.600000 F100.000
; P02 EVENT event-0000383 prime
G1 E101.149656 F100.000
; P02 POINT 636 point-0000636 deposition
G1 A0.000000 C0.000000 X238.925686 Y260.108987 Z272.600000 E101.349939 F100.000
; P02 EVENT event-0000384 retract
G1 E100.349939 F100.000
; P02 POINT 637 point-0000637 travel
G1 A0.000000 C0.000000 X262.412472 Y260.108987 Z272.600000 F100.000
; P02 EVENT event-0000385 prime
G1 E101.349939 F100.000
; P02 POINT 638 point-0000638 deposition
G1 A0.000000 C0.000000 X261.074314 Y260.108987 Z272.600000 E101.550222 F100.000
; P02 EVENT event-0000386 retract
G1 E100.550222 F100.000
; P02 POINT 639 point-0000639 travel
G1 A0.000000 C0.000000 X238.121093 Y260.708987 Z272.600000 F100.000
; P02 EVENT event-0000387 prime
G1 E101.550222 F100.000
; P02 POINT 640 point-0000640 deposition
G1 A0.000000 C0.000000 X239.485592 Y260.708987 Z272.600000 E101.754447 F100.000
; P02 EVENT event-0000388 retract
G1 E100.754447 F100.000
; P02 POINT 641 point-0000641 travel
G1 A0.000000 C0.000000 X261.878907 Y260.708987 Z272.600000 F100.000
; P02 EVENT event-0000389 prime
G1 E101.754447 F100.000
; P02 POINT 642 point-0000642 deposition
G1 A0.000000 C0.000000 X260.514409 Y260.708987 Z272.600000 E101.958672 F100.000
; P02 EVENT event-0000390 retract
G1 E100.958672 F100.000
; P02 POINT 643 point-0000643 travel
G1 A0.000000 C0.000000 X238.664443 Y261.308987 Z272.600000 F100.000
; P02 EVENT event-0000391 prime
G1 E101.958672 F100.000
; P02 POINT 644 point-0000644 deposition
G1 A0.000000 C0.000000 X240.146988 Y261.308987 Z272.600000 E102.180566 F100.000
; P02 EVENT event-0000392 retract
G1 E101.180566 F100.000
; P02 POINT 645 point-0000645 travel
G1 A0.000000 C0.000000 X261.335556 Y261.308987 Z272.600000 F100.000
; P02 EVENT event-0000393 prime
G1 E102.180566 F100.000
; P02 POINT 646 point-0000646 deposition
G1 A0.000000 C0.000000 X259.853012 Y261.308987 Z272.600000 E102.402459 F100.000
; P02 EVENT event-0000394 retract
G1 E101.402459 F100.000
; P02 POINT 647 point-0000647 travel
G1 A0.000000 C0.000000 X239.321165 Y261.908987 Z272.600000 F100.000
; P02 EVENT event-0000395 prime
G1 E102.402459 F100.000
; P02 POINT 648 point-0000648 deposition
G1 A0.000000 C0.000000 X240.880514 Y261.908987 Z272.600000 E102.635848 F100.000
; P02 EVENT event-0000396 retract
G1 E101.635848 F100.000
; P02 POINT 649 point-0000649 travel
G1 A0.000000 C0.000000 X260.678835 Y261.908987 Z272.600000 F100.000
; P02 EVENT event-0000397 prime
G1 E102.635848 F100.000
; P02 POINT 650 point-0000650 deposition
G1 A0.000000 C0.000000 X259.119486 Y261.908987 Z272.600000 E102.869237 F100.000
; P02 EVENT event-0000398 retract
G1 E101.869237 F100.000
; P02 POINT 651 point-0000651 travel
G1 A0.000000 C0.000000 X240.012170 Y262.508987 Z272.600000 F100.000
; P02 EVENT event-0000399 prime
G1 E102.869237 F100.000
; P02 POINT 652 point-0000652 deposition
G1 A0.000000 C0.000000 X241.694199 Y262.508987 Z272.600000 E103.120987 F100.000
; P02 EVENT event-0000400 retract
G1 E102.120987 F100.000
; P02 POINT 653 point-0000653 travel
G1 A0.000000 C0.000000 X259.987831 Y262.508987 Z272.600000 F100.000
; P02 EVENT event-0000401 prime
G1 E103.120987 F100.000
; P02 POINT 654 point-0000654 deposition
G1 A0.000000 C0.000000 X258.305802 Y262.508987 Z272.600000 E103.372737 F100.000
; P02 EVENT event-0000402 retract
G1 E102.372737 F100.000
; P02 POINT 655 point-0000655 travel
G1 A0.000000 C0.000000 X240.820310 Y263.108987 Z272.600000 F100.000
; P02 EVENT event-0000403 prime
G1 E103.372737 F100.000
; P02 POINT 656 point-0000656 deposition
G1 A0.000000 C0.000000 X242.694134 Y263.108987 Z272.600000 E103.653194 F100.000
; P02 EVENT event-0000404 retract
G1 E102.653194 F100.000
; P02 POINT 657 point-0000657 travel
G1 A0.000000 C0.000000 X259.179689 Y263.108987 Z272.600000 F100.000
; P02 EVENT event-0000405 prime
G1 E103.653194 F100.000
; P02 POINT 658 point-0000658 deposition
G1 A0.000000 C0.000000 X257.305866 Y263.108987 Z272.600000 E103.933650 F100.000
; P02 EVENT event-0000406 retract
G1 E102.933650 F100.000
; P02 POINT 659 point-0000659 travel
G1 A0.000000 C0.000000 X241.751462 Y263.708987 Z272.600000 F100.000
; P02 EVENT event-0000407 prime
G1 E103.933650 F100.000
; P02 POINT 660 point-0000660 deposition
G1 A0.000000 C0.000000 X243.898730 Y263.708987 Z272.600000 E104.255033 F100.000
; P02 EVENT event-0000408 retract
G1 E103.255033 F100.000
; P02 POINT 661 point-0000661 travel
G1 A0.000000 C0.000000 X258.248538 Y263.708987 Z272.600000 F100.000
; P02 EVENT event-0000409 prime
G1 E104.255033 F100.000
; P02 POINT 662 point-0000662 deposition
G1 A0.000000 C0.000000 X256.101270 Y263.708987 Z272.600000 E104.576416 F100.000
; P02 EVENT event-0000410 retract
G1 E103.576416 F100.000
; P02 POINT 663 point-0000663 travel
G1 A0.000000 C0.000000 X242.830064 Y264.308987 Z272.600000 F100.000
; P02 EVENT event-0000411 prime
G1 E104.576416 F100.000
; P02 POINT 664 point-0000664 deposition
G1 A0.000000 C0.000000 X245.457669 Y264.308987 Z272.600000 E104.969691 F100.000
; P02 EVENT event-0000412 retract
G1 E103.969691 F100.000
; P02 POINT 665 point-0000665 travel
G1 A0.000000 C0.000000 X257.169937 Y264.308987 Z272.600000 F100.000
; P02 EVENT event-0000413 prime
G1 E104.969691 F100.000
; P02 POINT 666 point-0000666 deposition
G1 A0.000000 C0.000000 X254.542331 Y264.308987 Z272.600000 E105.362966 F100.000
; P02 EVENT event-0000414 retract
G1 E104.362966 F100.000
; P02 POINT 667 point-0000667 travel
G1 A0.000000 C0.000000 X244.168155 Y264.908987 Z272.600000 F100.000
; P02 EVENT event-0000415 prime
G1 E105.362966 F100.000
; P02 POINT 668 point-0000668 deposition
G1 A0.000000 C0.000000 X248.249372 Y264.908987 Z272.600000 E105.973805 F100.000
; P02 EVENT event-0000416 retract
G1 E104.973805 F100.000
; P02 POINT 669 point-0000669 travel
G1 A0.000000 C0.000000 X255.831846 Y264.908987 Z272.600000 F100.000
; P02 EVENT event-0000417 prime
G1 E105.973805 F100.000
; P02 POINT 670 point-0000670 deposition
G1 A0.000000 C0.000000 X251.750628 Y264.908987 Z272.600000 E106.584643 F100.000
; P02 EVENT event-0000418 retract
G1 E105.584643 F100.000
; P02 POINT 671 point-0000671 travel
G1 A0.000000 C0.000000 X246.051894 Y265.508987 Z272.600000 F100.000
; P02 EVENT event-0000419 prime
G1 E106.584643 F100.000
; P02 POINT 672 point-0000672 deposition
G1 A0.000000 C0.000000 X253.948106 Y265.508987 Z272.600000 E107.766474 F100.000
; P02 EVENT event-0000420 retract
G1 E106.766474 F100.000
; P02 POINT 673 point-0000673 travel
G1 A0.000000 C0.000000 X250.000000 Y266.063933 Z273.200000 F100.000
; P02 EVENT event-0000421 prime
G1 E107.766474 F100.000
; P02 POINT 674 point-0000674 deposition
G1 A0.000000 C0.000000 X248.431168 Y265.986575 Z273.200000 E108.001567 F100.000
; P02 POINT 675 point-0000675 deposition
G1 A0.000000 C0.000000 X246.877555 Y265.755277 Z273.200000 E108.236660 F100.000
; P02 POINT 676 point-0000676 deposition
G1 A0.000000 C0.000000 X245.354205 Y265.372357 Z273.200000 E108.471754 F100.000
; P02 POINT 677 point-0000677 deposition
G1 A0.000000 C0.000000 X243.875849 Y264.841638 Z273.200000 E108.706846 F100.000
; P02 POINT 678 point-0000678 deposition
G1 A0.000000 C0.000000 X242.456704 Y264.168366 Z273.200000 E108.941942 F100.000
; P02 POINT 679 point-0000679 deposition
G1 A0.000000 C0.000000 X241.110305 Y263.359096 Z273.200000 E109.177059 F100.000
; P02 POINT 680 point-0000680 deposition
G1 A0.000000 C0.000000 X239.849689 Y262.421799 Z273.200000 E109.412174 F100.000
; P02 POINT 681 point-0000681 deposition
G1 A0.000000 C0.000000 X238.686934 Y261.365606 Z273.200000 E109.647283 F100.000
; P02 POINT 682 point-0000682 deposition
G1 A0.000000 C0.000000 X237.633100 Y260.200688 Z273.200000 E109.882394 F100.000
; P02 POINT 683 point-0000683 deposition
G1 A0.000000 C0.000000 X236.698237 Y258.938234 Z273.200000 E110.117513 F100.000
; P02 POINT 684 point-0000684 deposition
G1 A0.000000 C0.000000 X235.891349 Y257.590462 Z273.200000 E110.352623 F100.000
; P02 POINT 685 point-0000685 deposition
G1 A0.000000 C0.000000 X235.219939 Y256.169822 Z273.200000 E110.587801 F100.000
; P02 POINT 686 point-0000686 deposition
G1 A0.000000 C0.000000 X234.690601 Y254.689961 Z273.200000 E110.823036 F100.000
; P02 POINT 687 point-0000687 deposition
G1 A0.000000 C0.000000 X234.308625 Y253.165489 Z273.200000 E111.058258 F100.000
; P02 POINT 688 point-0000688 deposition
G1 A0.000000 C0.000000 X234.077693 Y251.611146 Z273.200000 E111.293451 F100.000
; P02 POINT 689 point-0000689 deposition
G1 A0.000000 C0.000000 X234.000002 Y250.041770 Z273.200000 E111.528628 F100.000
; P02 POINT 690 point-0000690 deposition
G1 A0.000000 C0.000000 X234.076321 Y248.472273 Z273.200000 E111.763813 F100.000
; P02 POINT 691 point-0000691 deposition
G1 A0.000000 C0.000000 X234.305999 Y246.917617 Z273.200000 E111.999025 F100.000
; P02 POINT 692 point-0000692 deposition
G1 A0.000000 C0.000000 X234.686909 Y245.392800 Z273.200000 E112.234259 F100.000
; P02 POINT 693 point-0000693 deposition
G1 A0.000000 C0.000000 X235.215337 Y243.912827 Z273.200000 E112.469463 F100.000
; P02 POINT 694 point-0000694 deposition
G1 A0.000000 C0.000000 X235.886088 Y242.492108 Z273.200000 E112.704611 F100.000
; P02 POINT 695 point-0000695 deposition
G1 A0.000000 C0.000000 X236.693167 Y241.143489 Z273.200000 E112.939844 F100.000
; P02 POINT 696 point-0000696 deposition
G1 A0.000000 C0.000000 X237.628634 Y239.880475 Z273.200000 E113.175084 F100.000
; P02 POINT 697 point-0000697 deposition
G1 A0.000000 C0.000000 X238.683338 Y238.715439 Z273.200000 E113.410296 F100.000
; P02 POINT 698 point-0000698 deposition
G1 A0.000000 C0.000000 X239.847106 Y237.659577 Z273.200000 E113.645484 F100.000
; P02 POINT 699 point-0000699 deposition
G1 A0.000000 C0.000000 X241.108822 Y236.722972 Z273.200000 E113.880669 F100.000
; P02 POINT 700 point-0000700 deposition
G1 A0.000000 C0.000000 X242.456463 Y235.914595 Z273.200000 E114.115876 F100.000
; P02 POINT 701 point-0000701 deposition
G1 A0.000000 C0.000000 X243.877102 Y235.242278 Z273.200000 E114.351113 F100.000
; P02 POINT 702 point-0000702 deposition
G1 A0.000000 C0.000000 X245.356872 Y234.712631 Z273.200000 E114.586350 F100.000
; P02 POINT 703 point-0000703 deposition
G1 A0.000000 C0.000000 X246.880921 Y234.330893 Z273.200000 E114.821502 F100.000
; P02 POINT 704 point-0000704 deposition
G1 A0.000000 C0.000000 X248.434715 Y234.100570 Z273.200000 E115.056601 F100.000
; P02 POINT 705 point-0000705 deposition
G1 A0.000000 C0.000000 X250.003609 Y234.023784 Z273.200000 E115.291699 F100.000
; P02 POINT 706 point-0000706 deposition
G1 A0.000000 C0.000000 X251.572644 Y234.101295 Z273.200000 E115.526824 F100.000
; P02 POINT 707 point-0000707 deposition
G1 A0.000000 C0.000000 X253.126579 Y234.332386 Z273.200000 E115.761960 F100.000
; P02 POINT 708 point-0000708 deposition
G1 A0.000000 C0.000000 X254.650278 Y234.714802 Z273.200000 E115.997086 F100.000
; P02 POINT 709 point-0000709 deposition
G1 A0.000000 C0.000000 X256.129084 Y235.244843 Z273.200000 E116.232208 F100.000
; P02 POINT 710 point-0000710 deposition
G1 A0.000000 C0.000000 X257.548808 Y235.917416 Z273.200000 E116.467337 F100.000
; P02 POINT 711 point-0000711 deposition
G1 A0.000000 C0.000000 X258.895757 Y236.726036 Z273.200000 E116.702474 F100.000
; P02 POINT 712 point-0000712 deposition
G1 A0.000000 C0.000000 X260.156786 Y237.662775 Z273.200000 E116.937589 F100.000
; P02 POINT 713 point-0000713 deposition
G1 A0.000000 C0.000000 X261.319857 Y238.718639 Z273.200000 E117.172700 F100.000
; P02 POINT 714 point-0000714 deposition
G1 A0.000000 C0.000000 X262.373794 Y239.883439 Z273.200000 E117.407808 F100.000
; P02 POINT 715 point-0000715 deposition
G1 A0.000000 C0.000000 X263.308463 Y241.145932 Z273.200000 E117.642915 F100.000
; P02 POINT 716 point-0000716 deposition
G1 A0.000000 C0.000000 X264.114909 Y242.493978 Z273.200000 E117.878026 F100.000
; P02 POINT 717 point-0000717 deposition
G1 A0.000000 C0.000000 X264.785372 Y243.914541 Z273.200000 E118.113133 F100.000
; P02 POINT 718 point-0000718 deposition
G1 A0.000000 C0.000000 X265.313507 Y245.394175 Z273.200000 E118.348276 F100.000
; P02 POINT 719 point-0000719 deposition
G1 A0.000000 C0.000000 X265.694188 Y246.918559 Z273.200000 E118.583438 F100.000
; P02 POINT 720 point-0000720 deposition
G1 A0.000000 C0.000000 X265.923731 Y248.472807 Z273.200000 E118.818586 F100.000
; P02 POINT 721 point-0000721 deposition
G1 A0.000000 C0.000000 X265.999998 Y250.041983 Z273.200000 E119.053723 F100.000
; P02 POINT 722 point-0000722 deposition
G1 A0.000000 C0.000000 X265.922310 Y251.611117 Z273.200000 E119.288864 F100.000
; P02 POINT 723 point-0000723 deposition
G1 A0.000000 C0.000000 X265.691428 Y253.165222 Z273.200000 E119.524021 F100.000
; P02 POINT 724 point-0000724 deposition
G1 A0.000000 C0.000000 X265.309596 Y254.689313 Z273.200000 E119.759182 F100.000
; P02 POINT 725 point-0000725 deposition
G1 A0.000000 C0.000000 X264.780606 Y256.168506 Z273.200000 E119.994305 F100.000
; P02 POINT 726 point-0000726 deposition
G1 A0.000000 C0.000000 X264.109409 Y257.589044 Z273.200000 E120.229456 F100.000
; P02 POINT 727 point-0000727 deposition
G1 A0.000000 C0.000000 X263.302472 Y258.937171 Z273.200000 E120.464615 F100.000
; P02 POINT 728 point-0000728 deposition
G1 A0.000000 C0.000000 X262.367605 Y260.199828 Z273.200000 E120.699759 F100.000
; P02 POINT 729 point-0000729 deposition
G1 A0.000000 C0.000000 X261.313742 Y261.364928 Z273.200000 E120.934894 F100.000
; P02 POINT 730 point-0000730 deposition
G1 A0.000000 C0.000000 X260.150885 Y262.421327 Z273.200000 E121.170035 F100.000
; P02 POINT 731 point-0000731 deposition
G1 A0.000000 C0.000000 X258.890087 Y263.358834 Z273.200000 E121.405190 F100.000
; P02 POINT 732 point-0000732 deposition
G1 A0.000000 C0.000000 X257.543489 Y264.168263 Z273.200000 E121.640345 F100.000
; P02 POINT 733 point-0000733 deposition
G1 A0.000000 C0.000000 X256.124275 Y264.841586 Z273.200000 E121.875453 F100.000
; P02 POINT 734 point-0000734 deposition
G1 A0.000000 C0.000000 X254.645891 Y265.372328 Z273.200000 E122.110551 F100.000
; P02 POINT 735 point-0000735 deposition
G1 A0.000000 C0.000000 X253.122511 Y265.755264 Z273.200000 E122.345649 F100.000
; P02 POINT 736 point-0000736 deposition
G1 A0.000000 C0.000000 X251.568865 Y265.986571 Z273.200000 E122.580747 F100.000
; P02 POINT 737 point-0000737 deposition
G1 A0.000000 C0.000000 X250.000000 Y266.063933 Z273.200000 E122.815846 F100.000
; P02 EVENT event-0000422 retract
G1 E121.815846 F100.000
; P02 POINT 738 point-0000738 travel
G1 A0.000000 C0.000000 X250.000000 Y265.060727 Z273.200000 F100.000
; P02 EVENT event-0000423 prime
G1 E122.815846 F100.000
; P02 POINT 739 point-0000739 deposition
G1 A0.000000 C0.000000 X251.471117 Y264.988193 Z273.200000 E123.036296 F100.000
; P02 POINT 740 point-0000740 deposition
G1 A0.000000 C0.000000 X252.927972 Y264.771318 Z273.200000 E123.256747 F100.000
; P02 POINT 741 point-0000741 deposition
G1 A0.000000 C0.000000 X254.356431 Y264.412269 Z273.200000 E123.477196 F100.000
; P02 POINT 742 point-0000742 deposition
G1 A0.000000 C0.000000 X255.742725 Y263.914603 Z273.200000 E123.697648 F100.000
; P02 POINT 743 point-0000743 deposition
G1 A0.000000 C0.000000 X257.073453 Y263.283251 Z273.200000 E123.918098 F100.000
; P02 POINT 744 point-0000744 deposition
G1 A0.000000 C0.000000 X258.335787 Y262.524443 Z273.200000 E124.138540 F100.000
; P02 POINT 745 point-0000745 deposition
G1 A0.000000 C0.000000 X259.517675 Y261.645567 Z273.200000 E124.358982 F100.000
; P02 POINT 746 point-0000746 deposition
G1 A0.000000 C0.000000 X260.607805 Y260.655160 Z273.200000 E124.579425 F100.000
; P02 POINT 747 point-0000747 deposition
G1 A0.000000 C0.000000 X261.595754 Y259.562801 Z273.200000 E124.799867 F100.000
; P02 POINT 748 point-0000748 deposition
G1 A0.000000 C0.000000 X262.472080 Y258.379015 Z273.200000 E125.020310 F100.000
; P02 POINT 749 point-0000749 deposition
G1 A0.000000 C0.000000 X263.228404 Y257.115182 Z273.200000 E125.240753 F100.000
; P02 POINT 750 point-0000750 deposition
G1 A0.000000 C0.000000 X263.857488 Y255.783431 Z273.200000 E125.461197 F100.000
; P02 POINT 751 point-0000751 deposition
G1 A0.000000 C0.000000 X264.353298 Y254.396531 Z273.200000 E125.681641 F100.000
; P02 POINT 752 point-0000752 deposition
G1 A0.000000 C0.000000 X264.711064 Y252.967783 Z273.200000 E125.902085 F100.000
; P02 POINT 753 point-0000753 deposition
G1 A0.000000 C0.000000 X264.927333 Y251.510890 Z273.200000 E126.122528 F100.000
; P02 POINT 754 point-0000754 deposition
G1 A0.000000 C0.000000 X264.999999 Y250.039833 Z273.200000 E126.342971 F100.000
; P02 POINT 755 point-0000755 deposition
G1 A0.000000 C0.000000 X264.928332 Y248.568720 Z273.200000 E126.563414 F100.000
; P02 POINT 756 point-0000756 deposition
G1 A0.000000 C0.000000 X264.712982 Y247.111691 Z273.200000 E126.783857 F100.000
; P02 POINT 757 point-0000757 deposition
G1 A0.000000 C0.000000 X264.355982 Y245.682753 Z273.200000 E127.004301 F100.000
; P02 POINT 758 point-0000758 deposition
G1 A0.000000 C0.000000 X263.860729 Y244.295655 Z273.200000 E127.224745 F100.000
; P02 POINT 759 point-0000759 deposition
G1 A0.000000 C0.000000 X263.231951 Y242.963750 Z273.200000 E127.445190 F100.000
; P02 POINT 760 point-0000760 deposition
G1 A0.000000 C0.000000 X262.475675 Y241.699880 Z273.200000 E127.665634 F100.000
; P02 POINT 761 point-0000761 deposition
G1 A0.000000 C0.000000 X261.599153 Y240.516225 Z273.200000 E127.886078 F100.000
; P02 POINT 762 point-0000762 deposition
G1 A0.000000 C0.000000 X260.610818 Y239.424217 Z273.200000 E128.106521 F100.000
; P02 POINT 763 point-0000763 deposition
G1 A0.000000 C0.000000 X259.520170 Y238.434385 Z273.200000 E128.326963 F100.000
; P02 POINT 764 point-0000764 deposition
G1 A0.000000 C0.000000 X258.337687 Y237.556272 Z273.200000 E128.547408 F100.000
; P02 POINT 765 point-0000765 deposition
G1 A0.000000 C0.000000 X257.074639 Y236.798305 Z273.200000 E128.767877 F100.000
; P02 POINT 766 point-0000766 deposition
G1 A0.000000 C0.000000 X255.743332 Y236.167911 Z273.200000 E128.988344 F100.000
; P02 POINT 767 point-0000767 deposition
G1 A0.000000 C0.000000 X254.356646 Y235.671194 Z273.200000 E129.208803 F100.000
; P02 POINT 768 point-0000768 deposition
G1 A0.000000 C0.000000 X252.927903 Y235.312929 Z273.200000 E129.429265 F100.000
; P02 POINT 769 point-0000769 deposition
G1 A0.000000 C0.000000 X251.470846 Y235.096582 Z273.200000 E129.649734 F100.000
; P02 POINT 770 point-0000770 deposition
G1 A0.000000 C0.000000 X249.999642 Y235.024260 Z273.200000 E129.870196 F100.000
; P02 POINT 771 point-0000771 deposition
G1 A0.000000 C0.000000 X248.528541 Y235.096642 Z273.200000 E130.090643 F100.000
; P02 POINT 772 point-0000772 deposition
G1 A0.000000 C0.000000 X247.071638 Y235.313021 Z273.200000 E130.311090 F100.000
; P02 POINT 773 point-0000773 deposition
G1 A0.000000 C0.000000 X245.643002 Y235.671300 Z273.200000 E130.531537 F100.000
; P02 POINT 774 point-0000774 deposition
G1 A0.000000 C0.000000 X244.256397 Y236.168023 Z273.200000 E130.751985 F100.000
; P02 POINT 775 point-0000775 deposition
G1 A0.000000 C0.000000 X242.925240 Y236.798370 Z273.200000 E130.972429 F100.000
; P02 POINT 776 point-0000776 deposition
G1 A0.000000 C0.000000 X241.662348 Y237.556249 Z273.200000 E131.192871 F100.000
; P02 POINT 777 point-0000777 deposition
G1 A0.000000 C0.000000 X240.479879 Y238.434344 Z273.200000 E131.413313 F100.000
; P02 POINT 778 point-0000778 deposition
G1 A0.000000 C0.000000 X239.389225 Y239.424173 Z273.200000 E131.633755 F100.000
; P02 POINT 779 point-0000779 deposition
G1 A0.000000 C0.000000 X238.400885 Y240.516178 Z273.200000 E131.854198 F100.000
; P02 POINT 780 point-0000780 deposition
G1 A0.000000 C0.000000 X237.524358 Y241.699831 Z273.200000 E132.074643 F100.000
; P02 POINT 781 point-0000781 deposition
G1 A0.000000 C0.000000 X236.768076 Y242.963699 Z273.200000 E132.295087 F100.000
; P02 POINT 782 point-0000782 deposition
G1 A0.000000 C0.000000 X236.139293 Y244.295604 Z273.200000 E132.515532 F100.000
; P02 POINT 783 point-0000783 deposition
G1 A0.000000 C0.000000 X235.644034 Y245.682701 Z273.200000 E132.735976 F100.000
; P02 POINT 784 point-0000784 deposition
G1 A0.000000 C0.000000 X235.287028 Y247.111640 Z273.200000 E132.956420 F100.000
; P02 POINT 785 point-0000785 deposition
G1 A0.000000 C0.000000 X235.071673 Y248.568670 Z273.200000 E133.176864 F100.000
; P02 POINT 786 point-0000786 deposition
G1 A0.000000 C0.000000 X235.000001 Y250.039783 Z273.200000 E133.397307 F100.000
; P02 POINT 787 point-0000787 deposition
G1 A0.000000 C0.000000 X235.072663 Y251.510843 Z273.200000 E133.617750 F100.000
; P02 POINT 788 point-0000788 deposition
G1 A0.000000 C0.000000 X235.288927 Y252.967738 Z273.200000 E133.838194 F100.000
; P02 POINT 789 point-0000789 deposition
G1 A0.000000 C0.000000 X235.646689 Y254.396488 Z273.200000 E134.058638 F100.000
; P02 POINT 790 point-0000790 deposition
G1 A0.000000 C0.000000 X236.142496 Y255.783391 Z273.200000 E134.279082 F100.000
; P02 POINT 791 point-0000791 deposition
G1 A0.000000 C0.000000 X236.771578 Y257.115148 Z273.200000 E134.499526 F100.000
; P02 POINT 792 point-0000792 deposition
G1 A0.000000 C0.000000 X237.527904 Y258.378992 Z273.200000 E134.719971 F100.000
; P02 POINT 793 point-0000793 deposition
G1 A0.000000 C0.000000 X238.404234 Y259.562786 Z273.200000 E134.940415 F100.000
; P02 POINT 794 point-0000794 deposition
G1 A0.000000 C0.000000 X239.392187 Y260.655153 Z273.200000 E135.160859 F100.000
; P02 POINT 795 point-0000795 deposition
G1 A0.000000 C0.000000 X240.482316 Y261.645560 Z273.200000 E135.381301 F100.000
; P02 POINT 796 point-0000796 deposition
G1 A0.000000 C0.000000 X241.664205 Y262.524437 Z273.200000 E135.601743 F100.000
; P02 POINT 797 point-0000797 deposition
G1 A0.000000 C0.000000 X242.926540 Y263.283247 Z273.200000 E135.822185 F100.000
; P02 POINT 798 point-0000798 deposition
G1 A0.000000 C0.000000 X244.257269 Y263.914601 Z273.200000 E136.042636 F100.000
; P02 POINT 799 point-0000799 deposition
G1 A0.000000 C0.000000 X245.643565 Y264.412267 Z273.200000 E136.263088 F100.000
; P02 POINT 800 point-0000800 deposition
G1 A0.000000 C0.000000 X247.072025 Y264.771317 Z273.200000 E136.483537 F100.000
; P02 POINT 801 point-0000801 deposition
G1 A0.000000 C0.000000 X248.528882 Y264.988193 Z273.200000 E136.703989 F100.000
; P02 POINT 802 point-0000802 deposition
G1 A0.000000 C0.000000 X250.000000 Y265.060727 Z273.200000 E136.924439 F100.000
; P02 EVENT event-0000424 retract
G1 E135.924439 F100.000
; P02 POINT 803 point-0000803 travel
G1 A0.000000 C0.000000 X246.928878 Y234.323784 Z273.200000 F100.000
; P02 EVENT event-0000425 prime
G1 E136.924439 F100.000
; P02 POINT 804 point-0000804 deposition
G1 A0.000000 C0.000000 X253.068737 Y234.323784 Z273.200000 E137.843396 F100.000
; P02 EVENT event-0000426 retract
G1 E136.843396 F100.000
; P02 POINT 805 point-0000805 travel
G1 A0.000000 C0.000000 X255.233334 Y234.923784 Z273.200000 F100.000
; P02 EVENT event-0000427 prime
G1 E137.843396 F100.000
; P02 POINT 806 point-0000806 deposition
G1 A0.000000 C0.000000 X244.766936 Y234.923784 Z273.200000 E139.409908 F100.000
; P02 EVENT event-0000428 retract
G1 E138.409908 F100.000
; P02 POINT 807 point-0000807 travel
G1 A0.000000 C0.000000 X243.282266 Y235.523784 Z273.200000 F100.000
; P02 EVENT event-0000429 prime
G1 E139.409908 F100.000
; P02 POINT 808 point-0000808 deposition
G1 A0.000000 C0.000000 X246.231221 Y235.523784 Z273.200000 E139.851280 F100.000
; P02 EVENT event-0000430 retract
G1 E138.851280 F100.000
; P02 POINT 809 point-0000809 travel
G1 A0.000000 C0.000000 X256.717897 Y235.523784 Z273.200000 F100.000
; P02 EVENT event-0000431 prime
G1 E139.851280 F100.000
; P02 POINT 810 point-0000810 deposition
G1 A0.000000 C0.000000 X253.768783 Y235.523784 Z273.200000 E140.292676 F100.000
; P02 EVENT event-0000432 retract
G1 E139.292676 F100.000
; P02 POINT 811 point-0000811 travel
G1 A0.000000 C0.000000 X242.107725 Y236.123784 Z273.200000 F100.000
; P02 EVENT event-0000433 prime
G1 E140.292676 F100.000
; P02 POINT 812 point-0000812 deposition
G1 A0.000000 C0.000000 X244.379891 Y236.123784 Z273.200000 E140.632752 F100.000
; P02 EVENT event-0000434 retract
G1 E139.632752 F100.000
; P02 POINT 813 point-0000813 travel
G1 A0.000000 C0.000000 X257.892564 Y236.123784 Z273.200000 F100.000
; P02 EVENT event-0000435 prime
G1 E140.632752 F100.000
; P02 POINT 814 point-0000814 deposition
G1 A0.000000 C0.000000 X255.620143 Y236.123784 Z273.200000 E140.972867 F100.000
; P02 EVENT event-0000436 retract
G1 E139.972867 F100.000
; P02 POINT 815 point-0000815 travel
G1 A0.000000 C0.000000 X241.107728 Y236.723784 Z273.200000 F100.000
; P02 EVENT event-0000437 prime
G1 E140.972867 F100.000
; P02 POINT 816 point-0000816 deposition
G1 A0.000000 C0.000000 X243.082749 Y236.723784 Z273.200000 E141.268469 F100.000
; P02 EVENT event-0000438 retract
G1 E140.268469 F100.000
; P02 POINT 817 point-0000817 travel
G1 A0.000000 C0.000000 X258.892007 Y236.723784 Z273.200000 F100.000
; P02 EVENT event-0000439 prime
G1 E141.268469 F100.000
; P02 POINT 818 point-0000818 deposition
G1 A0.000000 C0.000000 X256.917261 Y236.723784 Z273.200000 E141.564031 F100.000
; P02 EVENT event-0000440 retract
G1 E140.564031 F100.000
; P02 POINT 819 point-0000819 travel
G1 A0.000000 C0.000000 X240.299458 Y237.323784 Z273.200000 F100.000
; P02 EVENT event-0000441 prime
G1 E141.564031 F100.000
; P02 POINT 820 point-0000820 deposition
G1 A0.000000 C0.000000 X242.049716 Y237.323784 Z273.200000 E141.825993 F100.000
; P02 EVENT event-0000442 retract
G1 E140.825993 F100.000
; P02 POINT 821 point-0000821 travel
G1 A0.000000 C0.000000 X259.700440 Y237.323784 Z273.200000 F100.000
; P02 EVENT event-0000443 prime
G1 E141.825993 F100.000
; P02 POINT 822 point-0000822 deposition
G1 A0.000000 C0.000000 X257.950277 Y237.323784 Z273.200000 E142.087941 F100.000
; P02 EVENT event-0000444 retract
G1 E141.087941 F100.000
; P02 POINT 823 point-0000823 travel
G1 A0.000000 C0.000000 X239.555898 Y237.923784 Z273.200000 F100.000
; P02 EVENT event-0000445 prime
G1 E142.087941 F100.000
; P02 POINT 824 point-0000824 deposition
G1 A0.000000 C0.000000 X241.167414 Y237.923784 Z273.200000 E142.329137 F100.000
; P02 EVENT event-0000446 retract
G1 E141.329137 F100.000
; P02 POINT 825 point-0000825 travel
G1 A0.000000 C0.000000 X260.444296 Y237.923784 Z273.200000 F100.000
; P02 EVENT event-0000447 prime
G1 E142.329137 F100.000
; P02 POINT 826 point-0000826 deposition
G1 A0.000000 C0.000000 X258.832585 Y237.923784 Z273.200000 E142.570363 F100.000
; P02 EVENT event-0000448 retract
G1 E141.570363 F100.000
; P02 POINT 827 point-0000827 travel
G1 A0.000000 C0.000000 X238.894580 Y238.523784 Z273.200000 F100.000
; P02 EVENT event-0000449 prime
G1 E142.570363 F100.000
; P02 POINT 828 point-0000828 deposition
G1 A0.000000 C0.000000 X240.381329 Y238.523784 Z273.200000 E142.792886 F100.000
; P02 EVENT event-0000450 retract
G1 E141.792886 F100.000
; P02 POINT 829 point-0000829 travel
G1 A0.000000 C0.000000 X261.105218 Y238.523784 Z273.200000 F100.000
; P02 EVENT event-0000451 prime
G1 E142.792886 F100.000
; P02 POINT 830 point-0000830 deposition
G1 A0.000000 C0.000000 X259.618675 Y238.523784 Z273.200000 E143.015378 F100.000
; P02 EVENT event-0000452 retract
G1 E142.015378 F100.000
; P02 POINT 831 point-0000831 travel
G1 A0.000000 C0.000000 X238.313664 Y239.123784 Z273.200000 F100.000
; P02 EVENT event-0000453 prime
G1 E143.015378 F100.000
; P02 POINT 832 point-0000832 deposition
G1 A0.000000 C0.000000 X239.720212 Y239.123784 Z273.200000 E143.225896 F100.000
; P02 EVENT event-0000454 retract
G1 E142.225896 F100.000
; P02 POINT 833 point-0000833 travel
G1 A0.000000 C0.000000 X261.686442 Y239.123784 Z273.200000 F100.000
; P02 EVENT event-0000455 prime
G1 E143.225896 F100.000
; P02 POINT 834 point-0000834 deposition
G1 A0.000000 C0.000000 X260.279786 Y239.123784 Z273.200000 E143.436431 F100.000
; P02 EVENT event-0000456 retract
G1 E142.436431 F100.000
; P02 POINT 835 point-0000835 travel
G1 A0.000000 C0.000000 X237.770486 Y239.723784 Z273.200000 F100.000
; P02 EVENT event-0000457 prime
G1 E143.436431 F100.000
; P02 POINT 836 point-0000836 deposition
G1 A0.000000 C0.000000 X239.118057 Y239.723784 Z273.200000 E143.638123 F100.000
; P02 EVENT event-0000458 retract
G1 E142.638123 F100.000
; P02 POINT 837 point-0000837 travel
G1 A0.000000 C0.000000 X262.229335 Y239.723784 Z273.200000 F100.000
; P02 EVENT event-0000459 prime
G1 E143.638123 F100.000
; P02 POINT 838 point-0000838 deposition
G1 A0.000000 C0.000000 X260.881945 Y239.723784 Z273.200000 E143.839788 F100.000
; P02 EVENT event-0000460 retract
G1 E142.839788 F100.000
; P02 POINT 839 point-0000839 travel
G1 A0.000000 C0.000000 X237.300292 Y240.323784 Z273.200000 F100.000
; P02 EVENT event-0000461 prime
G1 E143.839788 F100.000
; P02 POINT 840 point-0000840 deposition
G1 A0.000000 C0.000000 X238.575015 Y240.323784 Z273.200000 E144.030577 F100.000
; P02 EVENT event-0000462 retract
G1 E143.030577 F100.000
; P02 POINT 841 point-0000841 travel
G1 A0.000000 C0.000000 X262.699798 Y240.323784 Z273.200000 F100.000
; P02 EVENT event-0000463 prime
G1 E144.030577 F100.000
; P02 POINT 842 point-0000842 deposition
G1 A0.000000 C0.000000 X261.424982 Y240.323784 Z273.200000 E144.221379 F100.000
; P02 EVENT event-0000464 retract
G1 E143.221379 F100.000
; P02 POINT 843 point-0000843 travel
G1 A0.000000 C0.000000 X236.855894 Y240.923784 Z273.200000 F100.000
; P02 EVENT event-0000465 prime
G1 E144.221379 F100.000
; P02 POINT 844 point-0000844 deposition
G1 A0.000000 C0.000000 X238.099042 Y240.923784 Z273.200000 E144.407442 F100.000
; P02 EVENT event-0000466 retract
G1 E143.407442 F100.000
; P02 POINT 845 point-0000845 travel
G1 A0.000000 C0.000000 X263.143999 Y240.923784 Z273.200000 F100.000
; P02 EVENT event-0000467 prime
G1 E144.407442 F100.000
; P02 POINT 846 point-0000846 deposition
G1 A0.000000 C0.000000 X261.900959 Y240.923784 Z273.200000 E144.593488 F100.000
; P02 EVENT event-0000468 retract
G1 E143.593488 F100.000
; P02 POINT 847 point-0000847 travel
G1 A0.000000 C0.000000 X236.465580 Y241.523784 Z273.200000 F100.000
; P02 EVENT event-0000469 prime
G1 E144.593488 F100.000
; P02 POINT 848 point-0000848 deposition
G1 A0.000000 C0.000000 X237.654726 Y241.523784 Z273.200000 E144.771468 F100.000
; P02 EVENT event-0000470 retract
G1 E143.771468 F100.000
; P02 POINT 849 point-0000849 travel
G1 A0.000000 C0.000000 X263.534507 Y241.523784 Z273.200000 F100.000
; P02 EVENT event-0000471 prime
G1 E144.771468 F100.000
; P02 POINT 850 point-0000850 deposition
G1 A0.000000 C0.000000 X262.345272 Y241.523784 Z273.200000 E144.949462 F100.000
; P02 EVENT event-0000472 retract
G1 E143.949462 F100.000
; P02 POINT 851 point-0000851 travel
G1 A0.000000 C0.000000 X236.106511 Y242.123784 Z273.200000 F100.000
; P02 EVENT event-0000473 prime
G1 E144.949462 F100.000
; P02 POINT 852 point-0000852 deposition
G1 A0.000000 C0.000000 X237.270670 Y242.123784 Z273.200000 E145.123702 F100.000
; P02 EVENT event-0000474 retract
G1 E144.123702 F100.000
; P02 POINT 853 point-0000853 travel
G1 A0.000000 C0.000000 X263.893447 Y242.123784 Z273.200000 F100.000
; P02 EVENT event-0000475 prime
G1 E145.123702 F100.000
; P02 POINT 854 point-0000854 deposition
G1 A0.000000 C0.000000 X262.729331 Y242.123784 Z273.200000 E145.297936 F100.000
; P02 EVENT event-0000476 retract
G1 E144.297936 F100.000
; P02 POINT 855 point-0000855 travel
G1 A0.000000 C0.000000 X235.776709 Y242.723784 Z273.200000 F100.000
; P02 EVENT event-0000477 prime
G1 E145.297936 F100.000
; P02 POINT 856 point-0000856 deposition
G1 A0.000000 C0.000000 X236.911638 Y242.723784 Z273.200000 E145.467802 F100.000
; P02 EVENT event-0000478 retract
G1 E144.467802 F100.000
; P02 POINT 857 point-0000857 travel
G1 A0.000000 C0.000000 X264.223371 Y242.723784 Z273.200000 F100.000
; P02 EVENT event-0000479 prime
G1 E145.467802 F100.000
; P02 POINT 858 point-0000858 deposition
G1 A0.000000 C0.000000 X263.088360 Y242.723784 Z273.200000 E145.637680 F100.000
; P02 EVENT event-0000480 retract
G1 E144.637680 F100.000
; P02 POINT 859 point-0000859 travel
G1 A0.000000 C0.000000 X235.493437 Y243.323784 Z273.200000 F100.000
; P02 EVENT event-0000481 prime
G1 E145.637680 F100.000
; P02 POINT 860 point-0000860 deposition
G1 A0.000000 C0.000000 X236.598083 Y243.323784 Z273.200000 E145.803013 F100.000
; P02 EVENT event-0000482 retract
G1 E144.803013 F100.000
; P02 POINT 861 point-0000861 travel
G1 A0.000000 C0.000000 X264.506552 Y243.323784 Z273.200000 F100.000
; P02 EVENT event-0000483 prime
G1 E145.803013 F100.000
; P02 POINT 862 point-0000862 deposition
G1 A0.000000 C0.000000 X263.401919 Y243.323784 Z273.200000 E145.968344 F100.000
; P02 EVENT event-0000484 retract
G1 E144.968344 F100.000
; P02 POINT 863 point-0000863 travel
G1 A0.000000 C0.000000 X235.211425 Y243.923784 Z273.200000 F100.000
; P02 EVENT event-0000485 prime
G1 E145.968344 F100.000
; P02 POINT 864 point-0000864 deposition
G1 A0.000000 C0.000000 X236.314826 Y243.923784 Z273.200000 E146.133491 F100.000
; P02 EVENT event-0000486 retract
G1 E145.133491 F100.000
; P02 POINT 865 point-0000865 travel
G1 A0.000000 C0.000000 X264.788671 Y243.923784 Z273.200000 F100.000
; P02 EVENT event-0000487 prime
G1 E146.133491 F100.000
; P02 POINT 866 point-0000866 deposition
G1 A0.000000 C0.000000 X263.685172 Y243.923784 Z273.200000 E146.298652 F100.000
; P02 EVENT event-0000488 retract
G1 E145.298652 F100.000
; P02 POINT 867 point-0000867 travel
G1 A0.000000 C0.000000 X234.997193 Y244.523784 Z273.200000 F100.000
; P02 EVENT event-0000489 prime
G1 E146.298652 F100.000
; P02 POINT 868 point-0000868 deposition
G1 A0.000000 C0.000000 X236.057822 Y244.523784 Z273.200000 E146.457397 F100.000
; P02 EVENT event-0000490 retract
G1 E145.457397 F100.000
; P02 POINT 869 point-0000869 travel
G1 A0.000000 C0.000000 X265.002833 Y244.523784 Z273.200000 F100.000
; P02 EVENT event-0000491 prime
G1 E146.457397 F100.000
; P02 POINT 870 point-0000870 deposition
G1 A0.000000 C0.000000 X263.942180 Y244.523784 Z273.200000 E146.616145 F100.000
; P02 EVENT event-0000492 retract
G1 E145.616145 F100.000
; P02 POINT 871 point-0000871 travel
G1 A0.000000 C0.000000 X234.782962 Y245.123784 Z273.200000 F100.000
; P02 EVENT event-0000493 prime
G1 E146.616145 F100.000
; P02 POINT 872 point-0000872 deposition
G1 A0.000000 C0.000000 X235.843594 Y245.123784 Z273.200000 E146.774891 F100.000
; P02 EVENT event-0000494 retract
G1 E145.774891 F100.000
; P02 POINT 873 point-0000873 travel
G1 A0.000000 C0.000000 X265.216995 Y245.123784 Z273.200000 F100.000
; P02 EVENT event-0000495 prime
G1 E146.774891 F100.000
; P02 POINT 874 point-0000874 deposition
G1 A0.000000 C0.000000 X264.156406 Y245.123784 Z273.200000 E146.933630 F100.000
; P02 EVENT event-0000496 retract
G1 E145.933630 F100.000
; P02 POINT 875 point-0000875 travel
G1 A0.000000 C0.000000 X234.604227 Y245.723784 Z273.200000 F100.000
; P02 EVENT event-0000497 prime
G1 E146.933630 F100.000
; P02 POINT 876 point-0000876 deposition
G1 A0.000000 C0.000000 X235.633770 Y245.723784 Z273.200000 E147.087722 F100.000
; P02 EVENT event-0000498 retract
G1 E146.087722 F100.000
; P02 POINT 877 point-0000877 travel
G1 A0.000000 C0.000000 X265.395820 Y245.723784 Z273.200000 F100.000
; P02 EVENT event-0000499 prime
G1 E147.087722 F100.000
; P02 POINT 878 point-0000878 deposition
G1 A0.000000 C0.000000 X264.366233 Y245.723784 Z273.200000 E147.241821 F100.000
; P02 EVENT event-0000500 retract
G1 E146.241821 F100.000
; P02 POINT 879 point-0000879 travel
G1 A0.000000 C0.000000 X234.454342 Y246.323784 Z273.200000 F100.000
; P02 EVENT event-0000501 prime
G1 E147.241821 F100.000
; P02 POINT 880 point-0000880 deposition
G1 A0.000000 C0.000000 X235.483866 Y246.323784 Z273.200000 E147.395910 F100.000
; P02 EVENT event-0000502 retract
G1 E146.395910 F100.000
; P02 POINT 881 point-0000881 travel
G1 A0.000000 C0.000000 X265.545656 Y246.323784 Z273.200000 F100.000
; P02 EVENT event-0000503 prime
G1 E147.395910 F100.000
; P02 POINT 882 point-0000882 deposition
G1 A0.000000 C0.000000 X264.516134 Y246.323784 Z273.200000 E147.550000 F100.000
; P02 EVENT event-0000504 retract
G1 E146.550000 F100.000
; P02 POINT 883 point-0000883 travel
G1 A0.000000 C0.000000 X234.305088 Y246.923784 Z273.200000 F100.000
; P02 EVENT event-0000505 prime
G1 E147.550000 F100.000
; P02 POINT 884 point-0000884 deposition
G1 A0.000000 C0.000000 X235.333962 Y246.923784 Z273.200000 E147.703992 F100.000
; P02 EVENT event-0000506 retract
G1 E146.703992 F100.000
; P02 POINT 885 point-0000885 travel
G1 A0.000000 C0.000000 X265.694960 Y246.923784 Z273.200000 F100.000
; P02 EVENT event-0000507 prime
G1 E147.703992 F100.000
; P02 POINT 886 point-0000886 deposition
G1 A0.000000 C0.000000 X264.666036 Y246.923784 Z273.200000 E147.857991 F100.000
; P02 EVENT event-0000508 retract
G1 E146.857991 F100.000
; P02 POINT 887 point-0000887 travel
G1 A0.000000 C0.000000 X234.216446 Y247.523784 Z273.200000 F100.000
; P02 EVENT event-0000509 prime
G1 E147.857991 F100.000
; P02 POINT 888 point-0000888 deposition
G1 A0.000000 C0.000000 X235.226112 Y247.523784 Z273.200000 E148.009109 F100.000
; P02 EVENT event-0000510 retract
G1 E147.009109 F100.000
; P02 POINT 889 point-0000889 travel
G1 A0.000000 C0.000000 X265.783572 Y247.523784 Z273.200000 F100.000
; P02 EVENT event-0000511 prime
G1 E148.009109 F100.000
; P02 POINT 890 point-0000890 deposition
G1 A0.000000 C0.000000 X264.773889 Y247.523784 Z273.200000 E148.160229 F100.000
; P02 EVENT event-0000512 retract
G1 E147.160229 F100.000
; P02 POINT 891 point-0000891 travel
G1 A0.000000 C0.000000 X234.127805 Y248.123784 Z273.200000 F100.000
; P02 EVENT event-0000513 prime
G1 E148.160229 F100.000
; P02 POINT 892 point-0000892 deposition
G1 A0.000000 C0.000000 X235.137429 Y248.123784 Z273.200000 E148.311340 F100.000
; P02 EVENT event-0000514 retract
G1 E147.311340 F100.000
; P02 POINT 893 point-0000893 travel
G1 A0.000000 C0.000000 X265.872185 Y248.123784 Z273.200000 F100.000
; P02 EVENT event-0000515 prime
G1 E148.311340 F100.000
; P02 POINT 894 point-0000894 deposition
G1 A0.000000 C0.000000 X264.862570 Y248.123784 Z273.200000 E148.462449 F100.000
; P02 EVENT event-0000516 retract
G1 E147.462449 F100.000
; P02 POINT 895 point-0000895 travel
G1 A0.000000 C0.000000 X234.064091 Y248.723784 Z273.200000 F100.000
; P02 EVENT event-0000517 prime
G1 E148.462449 F100.000
; P02 POINT 896 point-0000896 deposition
G1 A0.000000 C0.000000 X235.064116 Y248.723784 Z273.200000 E148.612124 F100.000
; P02 EVENT event-0000518 retract
G1 E147.612124 F100.000
; P02 POINT 897 point-0000897 travel
G1 A0.000000 C0.000000 X265.935930 Y248.723784 Z273.200000 F100.000
; P02 EVENT event-0000519 prime
G1 E148.612124 F100.000
; P02 POINT 898 point-0000898 deposition
G1 A0.000000 C0.000000 X264.935886 Y248.723784 Z273.200000 E148.761801 F100.000
; P02 EVENT event-0000520 retract
G1 E147.761801 F100.000
; P02 POINT 899 point-0000899 travel
G1 A0.000000 C0.000000 X234.034915 Y249.323784 Z273.200000 F100.000
; P02 EVENT event-0000521 prime
G1 E148.761801 F100.000
; P02 POINT 900 point-0000900 deposition
G1 A0.000000 C0.000000 X235.034884 Y249.323784 Z273.200000 E148.911467 F100.000
; P02 EVENT event-0000522 retract
G1 E147.911467 F100.000
; P02 POINT 901 point-0000901 travel
G1 A0.000000 C0.000000 X265.965092 Y249.323784 Z273.200000 F100.000
; P02 EVENT event-0000523 prime
G1 E148.911467 F100.000
; P02 POINT 902 point-0000902 deposition
G1 A0.000000 C0.000000 X264.965116 Y249.323784 Z273.200000 E149.061134 F100.000
; P02 EVENT event-0000524 retract
G1 E148.061134 F100.000
; P02 POINT 903 point-0000903 travel
G1 A0.000000 C0.000000 X234.005739 Y249.923784 Z273.200000 F100.000
; P02 EVENT event-0000525 prime
G1 E149.061134 F100.000
; P02 POINT 904 point-0000904 deposition
G1 A0.000000 C0.000000 X235.005652 Y249.923784 Z273.200000 E149.210792 F100.000
; P02 EVENT event-0000526 retract
G1 E148.210792 F100.000
; P02 POINT 905 point-0000905 travel
G1 A0.000000 C0.000000 X265.994253 Y249.923784 Z273.200000 F100.000
; P02 EVENT event-0000527 prime
G1 E149.210792 F100.000
; P02 POINT 906 point-0000906 deposition
G1 A0.000000 C0.000000 X264.994346 Y249.923784 Z273.200000 E149.360448 F100.000
; P02 EVENT event-0000528 retract
G1 E148.360448 F100.000
; P02 POINT 907 point-0000907 travel
G1 A0.000000 C0.000000 X234.023863 Y250.523784 Z273.200000 F100.000
; P02 EVENT event-0000529 prime
G1 E149.360448 F100.000
; P02 POINT 908 point-0000908 deposition
G1 A0.000000 C0.000000 X235.023908 Y250.523784 Z273.200000 E149.510126 F100.000
; P02 EVENT event-0000530 retract
G1 E148.510126 F100.000
; P02 POINT 909 point-0000909 travel
G1 A0.000000 C0.000000 X265.976144 Y250.523784 Z273.200000 F100.000
; P02 EVENT event-0000531 prime
G1 E149.510126 F100.000
; P02 POINT 910 point-0000910 deposition
G1 A0.000000 C0.000000 X264.976093 Y250.523784 Z273.200000 E149.659804 F100.000
; P02 EVENT event-0000532 retract
G1 E148.659804 F100.000
; P02 POINT 911 point-0000911 travel
G1 A0.000000 C0.000000 X234.053566 Y251.123784 Z273.200000 F100.000
; P02 EVENT event-0000533 prime
G1 E149.659804 F100.000
; P02 POINT 912 point-0000912 deposition
G1 A0.000000 C0.000000 X235.053544 Y251.123784 Z273.200000 E149.809471 F100.000
; P02 EVENT event-0000534 retract
G1 E148.809471 F100.000
; P02 POINT 913 point-0000913 travel
G1 A0.000000 C0.000000 X265.946438 Y251.123784 Z273.200000 F100.000
; P02 EVENT event-0000535 prime
G1 E149.809471 F100.000
; P02 POINT 914 point-0000914 deposition
G1 A0.000000 C0.000000 X264.946455 Y251.123784 Z273.200000 E149.959139 F100.000
; P02 EVENT event-0000536 retract
G1 E148.959139 F100.000
; P02 POINT 915 point-0000915 travel
G1 A0.000000 C0.000000 X234.094428 Y251.723784 Z273.200000 F100.000
; P02 EVENT event-0000537 prime
G1 E149.959139 F100.000
; P02 POINT 916 point-0000916 deposition
G1 A0.000000 C0.000000 X235.104272 Y251.723784 Z273.200000 E150.110283 F100.000
; P02 EVENT event-0000538 retract
G1 E149.110283 F100.000
; P02 POINT 917 point-0000917 travel
G1 A0.000000 C0.000000 X265.905572 Y251.723784 Z273.200000 F100.000
; P02 EVENT event-0000539 prime
G1 E150.110283 F100.000
; P02 POINT 918 point-0000918 deposition
G1 A0.000000 C0.000000 X264.895730 Y251.723784 Z273.200000 E150.261427 F100.000
; P02 EVENT event-0000540 retract
G1 E149.261427 F100.000
; P02 POINT 919 point-0000919 travel
G1 A0.000000 C0.000000 X234.183571 Y252.323784 Z273.200000 F100.000
; P02 EVENT event-0000541 prime
G1 E150.261427 F100.000
; P02 POINT 920 point-0000920 deposition
G1 A0.000000 C0.000000 X235.193337 Y252.323784 Z273.200000 E150.412559 F100.000
; P02 EVENT event-0000542 retract
G1 E149.412559 F100.000
; P02 POINT 921 point-0000921 travel
G1 A0.000000 C0.000000 X265.816434 Y252.323784 Z273.200000 F100.000
; P02 EVENT event-0000543 prime
G1 E150.412559 F100.000
; P02 POINT 922 point-0000922 deposition
G1 A0.000000 C0.000000 X264.806663 Y252.323784 Z273.200000 E150.563692 F100.000
; P02 EVENT event-0000544 retract
G1 E149.563692 F100.000
; P02 POINT 923 point-0000923 travel
G1 A0.000000 C0.000000 X234.272714 Y252.923784 Z273.200000 F100.000
; P02 EVENT event-0000545 prime
G1 E150.563692 F100.000
; P02 POINT 924 point-0000924 deposition
G1 A0.000000 C0.000000 X235.282402 Y252.923784 Z273.200000 E150.714813 F100.000
; P02 EVENT event-0000546 retract
G1 E149.714813 F100.000
; P02 POINT 925 point-0000925 travel
G1 A0.000000 C0.000000 X265.727297 Y252.923784 Z273.200000 F100.000
; P02 EVENT event-0000547 prime
G1 E150.714813 F100.000
; P02 POINT 926 point-0000926 deposition
G1 A0.000000 C0.000000 X264.717596 Y252.923784 Z273.200000 E150.865935 F100.000
; P02 EVENT event-0000548 retract
G1 E149.865935 F100.000
; P02 POINT 927 point-0000927 travel
G1 A0.000000 C0.000000 X234.398400 Y253.523784 Z273.200000 F100.000
; P02 EVENT event-0000549 prime
G1 E150.865935 F100.000
; P02 POINT 928 point-0000928 deposition
G1 A0.000000 C0.000000 X235.428162 Y253.523784 Z273.200000 E151.020061 F100.000
; P02 EVENT event-0000550 retract
G1 E150.020061 F100.000
; P02 POINT 929 point-0000929 travel
G1 A0.000000 C0.000000 X265.601597 Y253.523784 Z273.200000 F100.000
; P02 EVENT event-0000551 prime
G1 E151.020061 F100.000
; P02 POINT 930 point-0000930 deposition
G1 A0.000000 C0.000000 X264.571838 Y253.523784 Z273.200000 E151.174185 F100.000
; P02 EVENT event-0000552 retract
G1 E150.174185 F100.000
; P02 POINT 931 point-0000931 travel
G1 A0.000000 C0.000000 X234.548738 Y254.123784 Z273.200000 F100.000
; P02 EVENT event-0000553 prime
G1 E151.174185 F100.000
; P02 POINT 932 point-0000932 deposition
G1 A0.000000 C0.000000 X235.578404 Y254.123784 Z273.200000 E151.328296 F100.000
; P02 EVENT event-0000554 retract
G1 E150.328296 F100.000
; P02 POINT 933 point-0000933 travel
G1 A0.000000 C0.000000 X265.451278 Y254.123784 Z273.200000 F100.000
; P02 EVENT event-0000555 prime
G1 E151.328296 F100.000
; P02 POINT 934 point-0000934 deposition
G1 A0.000000 C0.000000 X264.421595 Y254.123784 Z273.200000 E151.482409 F100.000
; P02 EVENT event-0000556 retract
G1 E150.482409 F100.000
; P02 POINT 935 point-0000935 travel
G1 A0.000000 C0.000000 X234.702699 Y254.723784 Z273.200000 F100.000
; P02 EVENT event-0000557 prime
G1 E151.482409 F100.000
; P02 POINT 936 point-0000936 deposition
G1 A0.000000 C0.000000 X235.763695 Y254.723784 Z273.200000 E151.641209 F100.000
; P02 EVENT event-0000558 retract
G1 E150.641209 F100.000
; P02 POINT 937 point-0000937 travel
G1 A0.000000 C0.000000 X265.297268 Y254.723784 Z273.200000 F100.000
; P02 EVENT event-0000559 prime
G1 E151.641209 F100.000
; P02 POINT 938 point-0000938 deposition
G1 A0.000000 C0.000000 X264.236306 Y254.723784 Z273.200000 E151.800004 F100.000
; P02 EVENT event-0000560 retract
G1 E150.800004 F100.000
; P02 POINT 939 point-0000939 travel
G1 A0.000000 C0.000000 X234.917316 Y255.323784 Z273.200000 F100.000
; P02 EVENT event-0000561 prime
G1 E151.800004 F100.000
; P02 POINT 940 point-0000940 deposition
G1 A0.000000 C0.000000 X235.978190 Y255.323784 Z273.200000 E151.958786 F100.000
; P02 EVENT event-0000562 retract
G1 E150.958786 F100.000
; P02 POINT 941 point-0000941 travel
G1 A0.000000 C0.000000 X265.082696 Y255.323784 Z273.200000 F100.000
; P02 EVENT event-0000563 prime
G1 E151.958786 F100.000
; P02 POINT 942 point-0000942 deposition
G1 A0.000000 C0.000000 X264.021809 Y255.323784 Z273.200000 E152.117569 F100.000
; P02 EVENT event-0000564 retract
G1 E151.117569 F100.000
; P02 POINT 943 point-0000943 travel
G1 A0.000000 C0.000000 X235.131933 Y255.923784 Z273.200000 F100.000
; P02 EVENT event-0000565 prime
G1 E152.117569 F100.000
; P02 POINT 944 point-0000944 deposition
G1 A0.000000 C0.000000 X236.208813 Y255.923784 Z273.200000 E152.278746 F100.000
; P02 EVENT event-0000566 retract
G1 E151.278746 F100.000
; P02 POINT 945 point-0000945 travel
G1 A0.000000 C0.000000 X264.868123 Y255.923784 Z273.200000 F100.000
; P02 EVENT event-0000567 prime
G1 E152.278746 F100.000
; P02 POINT 946 point-0000946 deposition
G1 A0.000000 C0.000000 X263.791189 Y255.923784 Z273.200000 E152.439932 F100.000
; P02 EVENT event-0000568 retract
G1 E151.439932 F100.000
; P02 POINT 947 point-0000947 travel
G1 A0.000000 C0.000000 X235.387225 Y256.523784 Z273.200000 F100.000
; P02 EVENT event-0000569 prime
G1 E152.439932 F100.000
; P02 POINT 948 point-0000948 deposition
G1 A0.000000 C0.000000 X236.492235 Y256.523784 Z273.200000 E152.605319 F100.000
; P02 EVENT event-0000570 retract
G1 E151.605319 F100.000
; P02 POINT 949 point-0000949 travel
G1 A0.000000 C0.000000 X264.612738 Y256.523784 Z273.200000 F100.000
; P02 EVENT event-0000571 prime
G1 E152.605319 F100.000
; P02 POINT 950 point-0000950 deposition
G1 A0.000000 C0.000000 X263.507765 Y256.523784 Z273.200000 E152.770701 F100.000
; P02 EVENT event-0000572 retract
G1 E151.770701 F100.000
; P02 POINT 951 point-0000951 travel
G1 A0.000000 C0.000000 X235.670792 Y257.123784 Z273.200000 F100.000
; P02 EVENT event-0000573 prime
G1 E152.770701 F100.000
; P02 POINT 952 point-0000952 deposition
G1 A0.000000 C0.000000 X236.776746 Y257.123784 Z273.200000 E152.936230 F100.000
; P02 EVENT event-0000574 retract
G1 E151.936230 F100.000
; P02 POINT 953 point-0000953 travel
G1 A0.000000 C0.000000 X264.329241 Y257.123784 Z273.200000 F100.000
; P02 EVENT event-0000575 prime
G1 E152.936230 F100.000
; P02 POINT 954 point-0000954 deposition
G1 A0.000000 C0.000000 X263.223256 Y257.123784 Z273.200000 E153.101764 F100.000
; P02 EVENT event-0000576 retract
G1 E152.101764 F100.000
; P02 POINT 955 point-0000955 travel
G1 A0.000000 C0.000000 X235.971166 Y257.723784 Z273.200000 F100.000
; P02 EVENT event-0000577 prime
G1 E153.101764 F100.000
; P02 POINT 956 point-0000956 deposition
G1 A0.000000 C0.000000 X237.135806 Y257.723784 Z273.200000 E153.276076 F100.000
; P02 EVENT event-0000578 retract
G1 E152.276076 F100.000
; P02 POINT 957 point-0000957 travel
G1 A0.000000 C0.000000 X264.028758 Y257.723784 Z273.200000 F100.000
; P02 EVENT event-0000579 prime
G1 E153.276076 F100.000
; P02 POINT 958 point-0000958 deposition
G1 A0.000000 C0.000000 X262.864194 Y257.723784 Z273.200000 E153.450377 F100.000
; P02 EVENT event-0000580 retract
G1 E152.450377 F100.000
; P02 POINT 959 point-0000959 travel
G1 A0.000000 C0.000000 X236.330376 Y258.323784 Z273.200000 F100.000
; P02 EVENT event-0000581 prime
G1 E153.450377 F100.000
; P02 POINT 960 point-0000960 deposition
G1 A0.000000 C0.000000 X237.494866 Y258.323784 Z273.200000 E153.624667 F100.000
; P02 EVENT event-0000582 retract
G1 E152.624667 F100.000
; P02 POINT 961 point-0000961 travel
G1 A0.000000 C0.000000 X263.669621 Y258.323784 Z273.200000 F100.000
; P02 EVENT event-0000583 prime
G1 E153.624667 F100.000
; P02 POINT 962 point-0000962 deposition
G1 A0.000000 C0.000000 X262.505132 Y258.323784 Z273.200000 E153.798957 F100.000
; P02 EVENT event-0000584 retract
G1 E152.798957 F100.000
; P02 POINT 963 point-0000963 travel
G1 A0.000000 C0.000000 X236.689587 Y258.923784 Z273.200000 F100.000
; P02 EVENT event-0000585 prime
G1 E153.798957 F100.000
; P02 POINT 964 point-0000964 deposition
G1 A0.000000 C0.000000 X237.931199 Y258.923784 Z273.200000 E153.984790 F100.000
; P02 EVENT event-0000586 retract
G1 E152.984790 F100.000
; P02 POINT 965 point-0000965 travel
G1 A0.000000 C0.000000 X263.310485 Y258.923784 Z273.200000 F100.000
; P02 EVENT event-0000587 prime
G1 E153.984790 F100.000
; P02 POINT 966 point-0000966 deposition
G1 A0.000000 C0.000000 X262.068801 Y258.923784 Z273.200000 E154.170633 F100.000
; P02 EVENT event-0000588 retract
G1 E153.170633 F100.000
; P02 POINT 967 point-0000967 travel
G1 A0.000000 C0.000000 X237.131844 Y259.523784 Z273.200000 F100.000
; P02 EVENT event-0000589 prime
G1 E154.170633 F100.000
; P02 POINT 968 point-0000968 deposition
G1 A0.000000 C0.000000 X238.375362 Y259.523784 Z273.200000 E154.356751 F100.000
; P02 EVENT event-0000590 retract
G1 E153.356751 F100.000
; P02 POINT 969 point-0000969 travel
G1 A0.000000 C0.000000 X262.868145 Y259.523784 Z273.200000 F100.000
; P02 EVENT event-0000591 prime
G1 E154.356751 F100.000
; P02 POINT 970 point-0000970 deposition
G1 A0.000000 C0.000000 X261.624637 Y259.523784 Z273.200000 E154.542868 F100.000
; P02 EVENT event-0000592 retract
G1 E153.542868 F100.000
; P02 POINT 971 point-0000971 travel
G1 A0.000000 C0.000000 X237.576151 Y260.123784 Z273.200000 F100.000
; P02 EVENT event-0000593 prime
G1 E154.542868 F100.000
; P02 POINT 972 point-0000972 deposition
G1 A0.000000 C0.000000 X238.911609 Y260.123784 Z273.200000 E154.742747 F100.000
; P02 EVENT event-0000594 retract
G1 E153.742747 F100.000
; P02 POINT 973 point-0000973 travel
G1 A0.000000 C0.000000 X262.423908 Y260.123784 Z273.200000 F100.000
; P02 EVENT event-0000595 prime
G1 E154.742747 F100.000
; P02 POINT 974 point-0000974 deposition
G1 A0.000000 C0.000000 X261.088391 Y260.123784 Z273.200000 E154.942634 F100.000
; P02 EVENT event-0000596 retract
G1 E153.942634 F100.000
; P02 POINT 975 point-0000975 travel
G1 A0.000000 C0.000000 X238.106315 Y260.723784 Z273.200000 F100.000
; P02 EVENT event-0000597 prime
G1 E154.942634 F100.000
; P02 POINT 976 point-0000976 deposition
G1 A0.000000 C0.000000 X239.467729 Y260.723784 Z273.200000 E155.146398 F100.000
; P02 EVENT event-0000598 retract
G1 E154.146398 F100.000
; P02 POINT 977 point-0000977 travel
G1 A0.000000 C0.000000 X261.893673 Y260.723784 Z273.200000 F100.000
; P02 EVENT event-0000599 prime
G1 E155.146398 F100.000
; P02 POINT 978 point-0000978 deposition
G1 A0.000000 C0.000000 X260.532272 Y260.723784 Z273.200000 E155.350160 F100.000
; P02 EVENT event-0000600 retract
G1 E154.350160 F100.000
; P02 POINT 979 point-0000979 travel
G1 A0.000000 C0.000000 X238.649100 Y261.323784 Z273.200000 F100.000
; P02 EVENT event-0000601 prime
G1 E155.350160 F100.000
; P02 POINT 980 point-0000980 deposition
G1 A0.000000 C0.000000 X240.128142 Y261.323784 Z273.200000 E155.571529 F100.000
; P02 EVENT event-0000602 retract
G1 E154.571529 F100.000
; P02 POINT 981 point-0000981 travel
G1 A0.000000 C0.000000 X261.350958 Y261.323784 Z273.200000 F100.000
; P02 EVENT event-0000603 prime
G1 E155.571529 F100.000
; P02 POINT 982 point-0000982 deposition
G1 A0.000000 C0.000000 X259.871858 Y261.323784 Z273.200000 E155.792906 F100.000
; P02 EVENT event-0000604 retract
G1 E154.792906 F100.000
; P02 POINT 983 point-0000983 travel
G1 A0.000000 C0.000000 X239.301428 Y261.923784 Z273.200000 F100.000
; P02 EVENT event-0000605 prime
G1 E155.792906 F100.000
; P02 POINT 984 point-0000984 deposition
G1 A0.000000 C0.000000 X240.856464 Y261.923784 Z273.200000 E156.025650 F100.000
; P02 EVENT event-0000606 retract
G1 E155.025650 F100.000
; P02 POINT 985 point-0000985 travel
G1 A0.000000 C0.000000 X260.698567 Y261.923784 Z273.200000 F100.000
; P02 EVENT event-0000607 prime
G1 E156.025650 F100.000
; P02 POINT 986 point-0000986 deposition
G1 A0.000000 C0.000000 X259.143536 Y261.923784 Z273.200000 E156.258392 F100.000
; P02 EVENT event-0000608 retract
G1 E155.258392 F100.000
; P02 POINT 987 point-0000987 travel
G1 A0.000000 C0.000000 X239.986854 Y262.523784 Z273.200000 F100.000
; P02 EVENT event-0000609 prime
G1 E156.258392 F100.000
; P02 POINT 988 point-0000988 deposition
G1 A0.000000 C0.000000 X241.663326 Y262.523784 Z273.200000 E156.509311 F100.000
; P02 EVENT event-0000610 retract
G1 E155.509311 F100.000
; P02 POINT 989 point-0000989 travel
G1 A0.000000 C0.000000 X260.013096 Y262.523784 Z273.200000 F100.000
; P02 EVENT event-0000611 prime
G1 E156.509311 F100.000
; P02 POINT 990 point-0000990 deposition
G1 A0.000000 C0.000000 X258.336673 Y262.523784 Z273.200000 E156.760222 F100.000
; P02 EVENT event-0000612 retract
G1 E155.760222 F100.000
; P02 POINT 991 point-0000991 travel
G1 A0.000000 C0.000000 X240.793822 Y263.123784 Z273.200000 F100.000
; P02 EVENT event-0000613 prime
G1 E156.760222 F100.000
; P02 POINT 992 point-0000992 deposition
G1 A0.000000 C0.000000 X242.661262 Y263.123784 Z273.200000 E157.039723 F100.000
; P02 EVENT event-0000614 retract
G1 E156.039723 F100.000
; P02 POINT 993 point-0000993 travel
G1 A0.000000 C0.000000 X259.206192 Y263.123784 Z273.200000 F100.000
; P02 EVENT event-0000615 prime
G1 E157.039723 F100.000
; P02 POINT 994 point-0000994 deposition
G1 A0.000000 C0.000000 X257.338738 Y263.123784 Z273.200000 E157.319226 F100.000
; P02 EVENT event-0000616 retract
G1 E156.319226 F100.000
; P02 POINT 995 point-0000995 travel
G1 A0.000000 C0.000000 X241.717044 Y263.723784 Z273.200000 F100.000
; P02 EVENT event-0000617 prime
G1 E157.319226 F100.000
; P02 POINT 996 point-0000996 deposition
G1 A0.000000 C0.000000 X243.855077 Y263.723784 Z273.200000 E157.639227 F100.000
; P02 EVENT event-0000618 retract
G1 E156.639227 F100.000
; P02 POINT 997 point-0000997 travel
G1 A0.000000 C0.000000 X258.282941 Y263.723784 Z273.200000 F100.000
; P02 EVENT event-0000619 prime
G1 E157.639227 F100.000
; P02 POINT 998 point-0000998 deposition
G1 A0.000000 C0.000000 X256.144922 Y263.723784 Z273.200000 E157.959225 F100.000
; P02 EVENT event-0000620 retract
G1 E156.959225 F100.000
; P02 POINT 999 point-0000999 travel
G1 A0.000000 C0.000000 X242.784300 Y264.323784 Z273.200000 F100.000
; P02 EVENT event-0000621 prime
G1 E157.959225 F100.000
; P02 POINT 1000 point-0001000 deposition
G1 A0.000000 C0.000000 X245.397086 Y264.323784 Z273.200000 E158.350283 F100.000
; P02 EVENT event-0000622 retract
G1 E157.350283 F100.000
; P02 POINT 1001 point-0001001 travel
G1 A0.000000 C0.000000 X257.215685 Y264.323784 Z273.200000 F100.000
; P02 EVENT event-0000623 prime
G1 E158.350283 F100.000
; P02 POINT 1002 point-0001002 deposition
G1 A0.000000 C0.000000 X254.602913 Y264.323784 Z273.200000 E158.741338 F100.000
; P02 EVENT event-0000624 retract
G1 E157.741338 F100.000
; P02 POINT 1003 point-0001003 travel
G1 A0.000000 C0.000000 X244.104674 Y264.923784 Z273.200000 F100.000
; P02 EVENT event-0000625 prime
G1 E158.741338 F100.000
; P02 POINT 1004 point-0001004 deposition
G1 A0.000000 C0.000000 X248.096216 Y264.923784 Z273.200000 E159.338754 F100.000
; P02 EVENT event-0000626 retract
G1 E158.338754 F100.000
; P02 POINT 1005 point-0001005 travel
G1 A0.000000 C0.000000 X255.895311 Y264.923784 Z273.200000 F100.000
; P02 EVENT event-0000627 prime
G1 E159.338754 F100.000
; P02 POINT 1006 point-0001006 deposition
G1 A0.000000 C0.000000 X251.903784 Y264.923784 Z273.200000 E159.936168 F100.000
; P02 EVENT event-0000628 retract
G1 E158.936168 F100.000
; P02 POINT 1007 point-0001007 travel
G1 A0.000000 C0.000000 X245.956620 Y265.523784 Z273.200000 F100.000
; P02 EVENT event-0000629 prime
G1 E159.936168 F100.000
; P02 POINT 1008 point-0001008 deposition
G1 A0.000000 C0.000000 X254.043373 Y265.523784 Z273.200000 E161.146518 F100.000
M400 ; finish queued motion
M2
