; 5AxisSclicer T08 Tube Thin-Wall Indexed
; reference XYZAC profile; offline simulation only
G21 ; millimetres
G90 ; absolute axes
M82 ; absolute extrusion
; T08 POINT 1 point-0000001 approach
G1 A90.000000 C0.000000 X250.000000 Y290.000000 Z267.500000 F3000.000
; T08 EVENT event-0000001 prime
G1 E1.000000 F1200.000
; T08 POINT 2 point-0000002 deposition
G1 A90.000000 C-2.812500 X261.965783 Y290.000000 Z254.931945 E32.629477 F1200.000
; T08 POINT 3 point-0000003 deposition
G1 A90.000000 C-5.625000 X273.300467 Y290.000000 Z241.791897 E64.258955 F1200.000
; T08 POINT 4 point-0000004 deposition
G1 A90.000000 C-8.437500 X283.976746 Y290.000000 Z228.111509 E95.888432 F1200.000
; T08 POINT 5 point-0000005 deposition
G1 A90.000000 C-11.250000 X293.968901 Y290.000000 Z213.923740 E127.517909 F1200.000
; T08 POINT 6 point-0000006 deposition
G1 A90.000000 C-14.062500 X303.252858 Y290.000000 Z199.262768 E159.147386 F1200.000
; T08 POINT 7 point-0000007 deposition
G1 A90.000000 C-16.875000 X311.806253 Y290.000000 Z184.163915 E190.776864 F1200.000
; T08 POINT 8 point-0000008 deposition
G1 A90.000000 C-19.687500 X319.608480 Y290.000000 Z168.663553 E222.406341 F1200.000
; T08 POINT 9 point-0000009 deposition
G1 A90.000000 C-22.500000 X326.640741 Y290.000000 Z152.799025 E254.035818 F1200.000
; T08 POINT 10 point-0000010 deposition
G1 A90.000000 C-25.312500 X332.886097 Y290.000000 Z136.608550 E285.665295 F1200.000
; T08 POINT 11 point-0000011 deposition
G1 A90.000000 C-28.125000 X338.329500 Y290.000000 Z120.131132 E317.294773 F1200.000
; T08 POINT 12 point-0000012 deposition
G1 A90.000000 C-30.937500 X342.957839 Y290.000000 Z103.406466 E348.924250 F1200.000
; T08 POINT 13 point-0000013 deposition
G1 A90.000000 C-33.750000 X346.759961 Y290.000000 Z86.474845 E380.553727 F1200.000
; T08 POINT 14 point-0000014 deposition
G1 A90.000000 C-36.562500 X349.726709 Y290.000000 Z69.377057 E412.183205 F1200.000
; T08 POINT 15 point-0000015 deposition
G1 A90.000000 C-39.375000 X351.850934 Y290.000000 Z52.154292 E443.812682 F1200.000
; T08 POINT 16 point-0000016 deposition
G1 A90.000000 C-42.187500 X353.127520 Y290.000000 Z34.848043 E475.442159 F1200.000
; T08 POINT 17 point-0000017 deposition
G1 A90.000000 C-45.000000 X353.553391 Y290.000000 Z17.500000 E507.071636 F1200.000
; T08 POINT 18 point-0000018 deposition
G1 A90.000000 C-47.812500 X353.127520 Y290.000000 Z0.151957 E538.701114 F1200.000
; T08 POINT 19 point-0000019 deposition
G1 A90.000000 C-50.625000 X351.850934 Y290.000000 Z-17.154292 E570.330591 F1200.000
; T08 POINT 20 point-0000020 deposition
G1 A90.000000 C-53.437500 X349.726709 Y290.000000 Z-34.377057 E601.960068 F1200.000
; T08 POINT 21 point-0000021 deposition
G1 A90.000000 C-56.250000 X346.759961 Y290.000000 Z-51.474845 E633.589546 F1200.000
; T08 POINT 22 point-0000022 deposition
G1 A90.000000 C-59.062500 X342.957839 Y290.000000 Z-68.406466 E665.219023 F1200.000
; T08 POINT 23 point-0000023 deposition
G1 A90.000000 C-61.875000 X338.329500 Y290.000000 Z-85.131132 E696.848500 F1200.000
; T08 POINT 24 point-0000024 deposition
G1 A90.000000 C-64.687500 X332.886097 Y290.000000 Z-101.608550 E728.477977 F1200.000
; T08 POINT 25 point-0000025 deposition
G1 A90.000000 C-67.500000 X326.640741 Y290.000000 Z-117.799025 E760.107455 F1200.000
; T08 POINT 26 point-0000026 deposition
G1 A90.000000 C-70.312500 X319.608480 Y290.000000 Z-133.663553 E791.736932 F1200.000
; T08 POINT 27 point-0000027 deposition
G1 A90.000000 C-73.125000 X311.806253 Y290.000000 Z-149.163915 E823.366409 F1200.000
; T08 POINT 28 point-0000028 deposition
G1 A90.000000 C-75.937500 X303.252858 Y290.000000 Z-164.262768 E854.995886 F1200.000
; T08 POINT 29 point-0000029 deposition
G1 A90.000000 C-78.750000 X293.968901 Y290.000000 Z-178.923740 E886.625364 F1200.000
; T08 POINT 30 point-0000030 deposition
G1 A90.000000 C-81.562500 X283.976746 Y290.000000 Z-193.111509 E918.254841 F1200.000
; T08 POINT 31 point-0000031 deposition
G1 A90.000000 C-84.375000 X273.300467 Y290.000000 Z-206.791897 E949.884318 F1200.000
; T08 POINT 32 point-0000032 deposition
G1 A90.000000 C-87.187500 X261.965783 Y290.000000 Z-219.931945 E981.513796 F1200.000
; T08 POINT 33 point-0000033 deposition
G1 A90.000000 C-90.000000 X250.000000 Y290.000000 Z-232.500000 E1013.143273 F1200.000
; T08 POINT 34 point-0000034 deposition
G1 A90.000000 C-92.812500 X237.431945 Y290.000000 Z-244.465783 E1044.772750 F1200.000
; T08 POINT 35 point-0000035 deposition
G1 A90.000000 C-95.625000 X224.291897 Y290.000000 Z-255.800467 E1076.402227 F1200.000
; T08 POINT 36 point-0000036 deposition
G1 A90.000000 C-98.437500 X210.611509 Y290.000000 Z-266.476746 E1108.031705 F1200.000
; T08 POINT 37 point-0000037 deposition
G1 A90.000000 C-101.250000 X196.423740 Y290.000000 Z-276.468901 E1139.661182 F1200.000
; T08 POINT 38 point-0000038 deposition
G1 A90.000000 C-104.062500 X181.762768 Y290.000000 Z-285.752858 E1171.290659 F1200.000
; T08 POINT 39 point-0000039 deposition
G1 A90.000000 C-106.875000 X166.663915 Y290.000000 Z-294.306253 E1202.920136 F1200.000
; T08 POINT 40 point-0000040 deposition
G1 A90.000000 C-109.687500 X151.163553 Y290.000000 Z-302.108480 E1234.549614 F1200.000
; T08 POINT 41 point-0000041 deposition
G1 A90.000000 C-112.500000 X135.299025 Y290.000000 Z-309.140741 E1266.179091 F1200.000
; T08 POINT 42 point-0000042 deposition
G1 A90.000000 C-115.312500 X119.108550 Y290.000000 Z-315.386097 E1297.808568 F1200.000
; T08 POINT 43 point-0000043 deposition
G1 A90.000000 C-118.125000 X102.631132 Y290.000000 Z-320.829500 E1329.438046 F1200.000
; T08 POINT 44 point-0000044 deposition
G1 A90.000000 C-120.937500 X85.906466 Y290.000000 Z-325.457839 E1361.067523 F1200.000
; T08 POINT 45 point-0000045 deposition
G1 A90.000000 C-123.750000 X68.974845 Y290.000000 Z-329.259961 E1392.697000 F1200.000
; T08 POINT 46 point-0000046 deposition
G1 A90.000000 C-126.562500 X51.877057 Y290.000000 Z-332.226709 E1424.326477 F1200.000
; T08 POINT 47 point-0000047 deposition
G1 A90.000000 C-129.375000 X34.654292 Y290.000000 Z-334.350934 E1455.955955 F1200.000
; T08 POINT 48 point-0000048 deposition
G1 A90.000000 C-132.187500 X17.348043 Y290.000000 Z-335.627520 E1487.585432 F1200.000
; T08 POINT 49 point-0000049 deposition
G1 A90.000000 C-135.000000 X0.000000 Y290.000000 Z-336.053391 E1519.214909 F1200.000
; T08 POINT 50 point-0000050 deposition
G1 A90.000000 C-137.812500 X-17.348043 Y290.000000 Z-335.627520 E1550.844387 F1200.000
; T08 POINT 51 point-0000051 deposition
G1 A90.000000 C-140.625000 X-34.654292 Y290.000000 Z-334.350934 E1582.473864 F1200.000
; T08 POINT 52 point-0000052 deposition
G1 A90.000000 C-143.437500 X-51.877057 Y290.000000 Z-332.226709 E1614.103341 F1200.000
; T08 POINT 53 point-0000053 deposition
G1 A90.000000 C-146.250000 X-68.974845 Y290.000000 Z-329.259961 E1645.732818 F1200.000
; T08 POINT 54 point-0000054 deposition
G1 A90.000000 C-149.062500 X-85.906466 Y290.000000 Z-325.457839 E1677.362296 F1200.000
; T08 POINT 55 point-0000055 deposition
G1 A90.000000 C-151.875000 X-102.631132 Y290.000000 Z-320.829500 E1708.991773 F1200.000
; T08 POINT 56 point-0000056 deposition
G1 A90.000000 C-154.687500 X-119.108550 Y290.000000 Z-315.386097 E1740.621250 F1200.000
; T08 POINT 57 point-0000057 deposition
G1 A90.000000 C-157.500000 X-135.299025 Y290.000000 Z-309.140741 E1772.250727 F1200.000
; T08 POINT 58 point-0000058 deposition
G1 A90.000000 C-160.312500 X-151.163553 Y290.000000 Z-302.108480 E1803.880205 F1200.000
; T08 POINT 59 point-0000059 deposition
G1 A90.000000 C-163.125000 X-166.663915 Y290.000000 Z-294.306253 E1835.509682 F1200.000
; T08 POINT 60 point-0000060 deposition
G1 A90.000000 C-165.937500 X-181.762768 Y290.000000 Z-285.752858 E1867.139159 F1200.000
; T08 POINT 61 point-0000061 deposition
G1 A90.000000 C-168.750000 X-196.423740 Y290.000000 Z-276.468901 E1898.768637 F1200.000
; T08 POINT 62 point-0000062 deposition
G1 A90.000000 C-171.562500 X-210.611509 Y290.000000 Z-266.476746 E1930.398114 F1200.000
; T08 POINT 63 point-0000063 deposition
G1 A90.000000 C-174.375000 X-224.291897 Y290.000000 Z-255.800467 E1962.027591 F1200.000
; T08 POINT 64 point-0000064 deposition
G1 A90.000000 C-177.187500 X-237.431945 Y290.000000 Z-244.465783 E1993.657068 F1200.000
; T08 POINT 65 point-0000065 deposition
G1 A90.000000 C-180.000000 X-250.000000 Y290.000000 Z-232.500000 E2025.286546 F1200.000
; T08 POINT 66 point-0000066 deposition
G1 A90.000000 C-182.812500 X-261.965783 Y290.000000 Z-219.931945 E2056.916023 F1200.000
; T08 POINT 67 point-0000067 deposition
G1 A90.000000 C-185.625000 X-273.300467 Y290.000000 Z-206.791897 E2088.545500 F1200.000
; T08 POINT 68 point-0000068 deposition
G1 A90.000000 C-188.437500 X-283.976746 Y290.000000 Z-193.111509 E2120.174978 F1200.000
; T08 POINT 69 point-0000069 deposition
G1 A90.000000 C-191.250000 X-293.968901 Y290.000000 Z-178.923740 E2151.804455 F1200.000
; T08 POINT 70 point-0000070 deposition
G1 A90.000000 C-194.062500 X-303.252858 Y290.000000 Z-164.262768 E2183.433932 F1200.000
; T08 POINT 71 point-0000071 deposition
G1 A90.000000 C-196.875000 X-311.806253 Y290.000000 Z-149.163915 E2215.063409 F1200.000
; T08 POINT 72 point-0000072 deposition
G1 A90.000000 C-199.687500 X-319.608480 Y290.000000 Z-133.663553 E2246.692887 F1200.000
; T08 POINT 73 point-0000073 deposition
G1 A90.000000 C-202.500000 X-326.640741 Y290.000000 Z-117.799025 E2278.322364 F1200.000
; T08 POINT 74 point-0000074 deposition
G1 A90.000000 C-205.312500 X-332.886097 Y290.000000 Z-101.608550 E2309.951841 F1200.000
; T08 POINT 75 point-0000075 deposition
G1 A90.000000 C-208.125000 X-338.329500 Y290.000000 Z-85.131132 E2341.581318 F1200.000
; T08 POINT 76 point-0000076 deposition
G1 A90.000000 C-210.937500 X-342.957839 Y290.000000 Z-68.406466 E2373.210796 F1200.000
; T08 POINT 77 point-0000077 deposition
G1 A90.000000 C-213.750000 X-346.759961 Y290.000000 Z-51.474845 E2404.840273 F1200.000
; T08 POINT 78 point-0000078 deposition
G1 A90.000000 C-216.562500 X-349.726709 Y290.000000 Z-34.377057 E2436.469750 F1200.000
; T08 POINT 79 point-0000079 deposition
G1 A90.000000 C-219.375000 X-351.850934 Y290.000000 Z-17.154292 E2468.099228 F1200.000
; T08 POINT 80 point-0000080 deposition
G1 A90.000000 C-222.187500 X-353.127520 Y290.000000 Z0.151957 E2499.728705 F1200.000
; T08 POINT 81 point-0000081 deposition
G1 A90.000000 C-225.000000 X-353.553391 Y290.000000 Z17.500000 E2531.358182 F1200.000
; T08 POINT 82 point-0000082 deposition
G1 A90.000000 C-227.812500 X-353.127520 Y290.000000 Z34.848043 E2562.987659 F1200.000
; T08 POINT 83 point-0000083 deposition
G1 A90.000000 C-230.625000 X-351.850934 Y290.000000 Z52.154292 E2594.617137 F1200.000
; T08 POINT 84 point-0000084 deposition
G1 A90.000000 C-233.437500 X-349.726709 Y290.000000 Z69.377057 E2626.246614 F1200.000
; T08 POINT 85 point-0000085 deposition
G1 A90.000000 C-236.250000 X-346.759961 Y290.000000 Z86.474845 E2657.876091 F1200.000
; T08 POINT 86 point-0000086 deposition
G1 A90.000000 C-239.062500 X-342.957839 Y290.000000 Z103.406466 E2689.505568 F1200.000
; T08 POINT 87 point-0000087 deposition
G1 A90.000000 C-241.875000 X-338.329500 Y290.000000 Z120.131132 E2721.135046 F1200.000
; T08 POINT 88 point-0000088 deposition
G1 A90.000000 C-244.687500 X-332.886097 Y290.000000 Z136.608550 E2752.764523 F1200.000
; T08 POINT 89 point-0000089 deposition
G1 A90.000000 C-247.500000 X-326.640741 Y290.000000 Z152.799025 E2784.394000 F1200.000
; T08 POINT 90 point-0000090 deposition
G1 A90.000000 C-250.312500 X-319.608480 Y290.000000 Z168.663553 E2816.023478 F1200.000
; T08 POINT 91 point-0000091 deposition
G1 A90.000000 C-253.125000 X-311.806253 Y290.000000 Z184.163915 E2847.652955 F1200.000
; T08 POINT 92 point-0000092 deposition
G1 A90.000000 C-255.937500 X-303.252858 Y290.000000 Z199.262768 E2879.282432 F1200.000
; T08 POINT 93 point-0000093 deposition
G1 A90.000000 C-258.750000 X-293.968901 Y290.000000 Z213.923740 E2910.911909 F1200.000
; T08 POINT 94 point-0000094 deposition
G1 A90.000000 C-261.562500 X-283.976746 Y290.000000 Z228.111509 E2942.541387 F1200.000
; T08 POINT 95 point-0000095 deposition
G1 A90.000000 C-264.375000 X-273.300467 Y290.000000 Z241.791897 E2974.170864 F1200.000
; T08 POINT 96 point-0000096 deposition
G1 A90.000000 C-267.187500 X-261.965783 Y290.000000 Z254.931945 E3005.800341 F1200.000
; T08 POINT 97 point-0000097 deposition
G1 A90.000000 C-270.000000 X-250.000000 Y290.000000 Z267.500000 E3037.429819 F1200.000
; T08 POINT 98 point-0000098 deposition
G1 A90.000000 C-272.812500 X-237.431945 Y290.000000 Z279.465783 E3069.059296 F1200.000
; T08 POINT 99 point-0000099 deposition
G1 A90.000000 C-275.625000 X-224.291897 Y290.000000 Z290.800467 E3100.688773 F1200.000
; T08 POINT 100 point-0000100 deposition
G1 A90.000000 C-278.437500 X-210.611509 Y290.000000 Z301.476746 E3132.318250 F1200.000
; T08 POINT 101 point-0000101 deposition
G1 A90.000000 C-281.250000 X-196.423740 Y290.000000 Z311.468901 E3163.947728 F1200.000
; T08 POINT 102 point-0000102 deposition
G1 A90.000000 C-284.062500 X-181.762768 Y290.000000 Z320.752858 E3195.577205 F1200.000
; T08 POINT 103 point-0000103 deposition
G1 A90.000000 C-286.875000 X-166.663915 Y290.000000 Z329.306253 E3227.206682 F1200.000
; T08 POINT 104 point-0000104 deposition
G1 A90.000000 C-289.687500 X-151.163553 Y290.000000 Z337.108480 E3258.836159 F1200.000
; T08 POINT 105 point-0000105 deposition
G1 A90.000000 C-292.500000 X-135.299025 Y290.000000 Z344.140741 E3290.465637 F1200.000
; T08 POINT 106 point-0000106 deposition
G1 A90.000000 C-295.312500 X-119.108550 Y290.000000 Z350.386097 E3322.095114 F1200.000
; T08 POINT 107 point-0000107 deposition
G1 A90.000000 C-298.125000 X-102.631132 Y290.000000 Z355.829500 E3353.724591 F1200.000
; T08 POINT 108 point-0000108 deposition
G1 A90.000000 C-300.937500 X-85.906466 Y290.000000 Z360.457839 E3385.354069 F1200.000
; T08 POINT 109 point-0000109 deposition
G1 A90.000000 C-303.750000 X-68.974845 Y290.000000 Z364.259961 E3416.983546 F1200.000
; T08 POINT 110 point-0000110 deposition
G1 A90.000000 C-306.562500 X-51.877057 Y290.000000 Z367.226709 E3448.613023 F1200.000
; T08 POINT 111 point-0000111 deposition
G1 A90.000000 C-309.375000 X-34.654292 Y290.000000 Z369.350934 E3480.242500 F1200.000
; T08 POINT 112 point-0000112 deposition
G1 A90.000000 C-312.187500 X-17.348043 Y290.000000 Z370.627520 E3511.871978 F1200.000
; T08 POINT 113 point-0000113 deposition
G1 A90.000000 C-315.000000 X-0.000000 Y290.000000 Z371.053391 E3543.501455 F1200.000
; T08 POINT 114 point-0000114 deposition
G1 A90.000000 C-317.812500 X17.348043 Y290.000000 Z370.627520 E3575.130932 F1200.000
; T08 POINT 115 point-0000115 deposition
G1 A90.000000 C-320.625000 X34.654292 Y290.000000 Z369.350934 E3606.760409 F1200.000
; T08 POINT 116 point-0000116 deposition
G1 A90.000000 C-323.437500 X51.877057 Y290.000000 Z367.226709 E3638.389887 F1200.000
; T08 POINT 117 point-0000117 deposition
G1 A90.000000 C-326.250000 X68.974845 Y290.000000 Z364.259961 E3670.019364 F1200.000
; T08 POINT 118 point-0000118 deposition
G1 A90.000000 C-329.062500 X85.906466 Y290.000000 Z360.457839 E3701.648841 F1200.000
; T08 POINT 119 point-0000119 deposition
G1 A90.000000 C-331.875000 X102.631132 Y290.000000 Z355.829500 E3733.278319 F1200.000
; T08 POINT 120 point-0000120 deposition
G1 A90.000000 C-334.687500 X119.108550 Y290.000000 Z350.386097 E3764.907796 F1200.000
; T08 POINT 121 point-0000121 deposition
G1 A90.000000 C-337.500000 X135.299025 Y290.000000 Z344.140741 E3796.537273 F1200.000
; T08 POINT 122 point-0000122 deposition
G1 A90.000000 C-340.312500 X151.163553 Y290.000000 Z337.108480 E3828.166750 F1200.000
; T08 POINT 123 point-0000123 deposition
G1 A90.000000 C-343.125000 X166.663915 Y290.000000 Z329.306253 E3859.796228 F1200.000
; T08 POINT 124 point-0000124 deposition
G1 A90.000000 C-345.937500 X181.762768 Y290.000000 Z320.752858 E3891.425705 F1200.000
; T08 POINT 125 point-0000125 deposition
G1 A90.000000 C-348.750000 X196.423740 Y290.000000 Z311.468901 E3923.055182 F1200.000
; T08 POINT 126 point-0000126 deposition
G1 A90.000000 C-351.562500 X210.611509 Y290.000000 Z301.476746 E3954.684660 F1200.000
; T08 POINT 127 point-0000127 deposition
G1 A90.000000 C-354.375000 X224.291897 Y290.000000 Z290.800467 E3986.314137 F1200.000
; T08 POINT 128 point-0000128 deposition
G1 A90.000000 C-357.187500 X237.431945 Y290.000000 Z279.465783 E4017.943614 F1200.000
; T08 POINT 129 point-0000129 deposition
G1 A90.000000 C-360.000000 X250.000000 Y290.000000 Z267.500000 E4049.573091 F1200.000
; T08 EVENT event-0000002 retract
G1 E4048.573091 F3000.000
; T08 POINT 130 point-0000130 depart
G1 A90.000000 C-360.000000 X250.000000 Y290.000000 Z277.500000 F3000.000
; T08 EVENT event-0000003 index_start
; T08 POINT 131 point-0000131 travel
G1 A92.938055 C-360.000000 X250.000000 Y266.817794 Z291.543536 F3000.000
; T08 EVENT event-0000004 index_end
; T08 POINT 132 point-0000132 approach
G1 A92.938055 C-360.000000 X250.000000 Y266.817794 Z281.543536 F3000.000
; T08 EVENT event-0000005 prime
G1 E4049.573091 F1200.000
; T08 POINT 133 point-0000133 deposition
G1 A92.937824 C-360.719710 X253.181446 Y266.980855 Z278.386524 E4055.134752 F1200.000
; T08 POINT 134 point-0000134 deposition
G1 A92.937130 C-361.439412 X256.322922 Y267.148044 Z275.188245 E4060.696414 F1200.000
; T08 POINT 135 point-0000135 deposition
G1 A92.935973 C-362.159101 X259.423909 Y267.319254 Z271.949234 E4066.258078 F1200.000
; T08 POINT 136 point-0000136 deposition
G1 A92.934354 C-362.878769 X262.483900 Y267.494376 Z268.670030 E4071.819745 F1200.000
; T08 POINT 137 point-0000137 deposition
G1 A92.932273 C-363.598409 X265.502393 Y267.673297 Z265.351183 E4077.381416 F1200.000
; T08 POINT 138 point-0000138 deposition
G1 A92.929730 C-364.318014 X268.478895 Y267.855902 Z261.993249 E4082.943092 F1200.000
; T08 POINT 139 point-0000139 deposition
G1 A92.926726 C-365.037577 X271.412924 Y268.042075 Z258.596791 E4088.504773 F1200.000
; T08 POINT 140 point-0000140 deposition
G1 A92.923262 C-365.757092 X274.304002 Y268.231695 Z255.162380 E4094.066462 F1200.000
; T08 POINT 141 point-0000141 deposition
G1 A92.919338 C-366.476551 X277.151663 Y268.424641 Z251.690595 E4099.628159 F1200.000
; T08 POINT 142 point-0000142 deposition
G1 A92.914954 C-367.195947 X279.955448 Y268.620790 Z248.182020 E4105.189865 F1200.000
; T08 POINT 143 point-0000143 deposition
G1 A92.910112 C-367.915274 X282.714909 Y268.820014 Z244.637247 E4110.751581 F1200.000
; T08 POINT 144 point-0000144 deposition
G1 A92.904813 C-368.634524 X285.429604 Y269.022186 Z241.056874 E4116.313308 F1200.000
; T08 POINT 145 point-0000145 deposition
G1 A92.899058 C-369.353691 X288.099102 Y269.227176 Z237.441506 E4121.875046 F1200.000
; T08 POINT 146 point-0000146 deposition
G1 A92.892847 C-370.072768 X290.722980 Y269.434853 Z233.791755 E4127.436798 F1200.000
; T08 POINT 147 point-0000147 deposition
G1 A92.886182 C-370.791748 X293.300825 Y269.645084 Z230.108238 E4132.998564 F1200.000
; T08 POINT 148 point-0000148 deposition
G1 A92.879065 C-371.510624 X295.832234 Y269.857733 Z226.391579 E4138.560344 F1200.000
; T08 POINT 149 point-0000149 deposition
G1 A92.927181 C-364.935443 X269.579338 Y268.009176 Z259.054044 E4146.772452 F1200.000
; T08 POINT 150 point-0000150 deposition
G1 A92.923785 C-365.654266 X272.473525 Y268.197218 Z255.633862 E4152.334276 F1200.000
; T08 POINT 151 point-0000151 deposition
G1 A92.919930 C-366.373197 X275.325135 Y268.388643 Z252.175515 E4157.896122 F1200.000
; T08 POINT 152 point-0000152 deposition
G1 A92.915614 C-367.092228 X278.133679 Y268.583328 Z248.679559 E4163.457989 F1200.000
; T08 POINT 153 point-0000153 deposition
G1 A92.910840 C-367.811352 X280.898678 Y268.781151 Z245.146557 E4169.019880 F1200.000
; T08 POINT 154 point-0000154 deposition
G1 A92.905607 C-368.530563 X283.619661 Y268.981986 Z241.577083 E4174.581794 F1200.000
; T08 POINT 155 point-0000155 deposition
G1 A92.899917 C-369.249854 X286.296165 Y269.185706 Z237.971714 E4180.143734 F1200.000
; T08 POINT 156 point-0000156 deposition
G1 A92.893769 C-369.969218 X288.927735 Y269.392182 Z234.331037 E4185.705699 F1200.000
; T08 POINT 157 point-0000157 deposition
G1 A92.887166 C-370.688647 X291.513926 Y269.601283 Z230.655646 E4191.267692 F1200.000
; T08 POINT 158 point-0000158 deposition
G1 A92.880107 C-371.408136 X294.054301 Y269.812875 Z226.946142 E4196.829712 F1200.000
; T08 POINT 159 point-0000159 deposition
G1 A92.872595 C-372.127677 X296.548431 Y270.026825 Z223.203131 E4202.391760 F1200.000
; T08 POINT 160 point-0000160 deposition
G1 A92.864629 C-372.847263 X298.995896 Y270.242995 Z219.427228 E4207.953838 F1200.000
; T08 POINT 161 point-0000161 deposition
G1 A92.856212 C-373.566887 X301.396286 Y270.461248 Z215.619055 E4213.515946 F1200.000
; T08 POINT 162 point-0000162 deposition
G1 A92.847344 C-374.286542 X303.749200 Y270.681444 Z211.779238 E4219.078086 F1200.000
; T08 POINT 163 point-0000163 deposition
G1 A92.838028 C-375.006222 X306.054246 Y270.903444 Z207.908411 E4224.640257 F1200.000
; T08 POINT 164 point-0000164 deposition
G1 A92.828264 C-375.725918 X308.311041 Y271.127105 Z204.007214 E4230.202461 F1200.000
; T08 POINT 165 point-0000165 deposition
G1 A92.818054 C-376.445626 X310.519211 Y271.352284 Z200.076293 E4235.764700 F1200.000
; T08 POINT 166 point-0000166 deposition
G1 A92.807400 C-377.165336 X312.678393 Y271.578838 Z196.116299 E4241.326972 F1200.000
; T08 POINT 167 point-0000167 deposition
G1 A92.796304 C-377.885043 X314.788232 Y271.806622 Z192.127891 E4246.889280 F1200.000
; T08 POINT 168 point-0000168 deposition
G1 A92.784767 C-378.604739 X316.848384 Y272.035490 Z188.111732 E4252.451625 F1200.000
; T08 POINT 169 point-0000169 deposition
G1 A92.772791 C-379.324418 X318.858515 Y272.265296 Z184.068489 E4258.014006 F1200.000
; T08 POINT 170 point-0000170 deposition
G1 A92.760379 C-380.044072 X320.818299 Y272.495893 Z179.998837 E4263.576425 F1200.000
; T08 POINT 171 point-0000171 deposition
G1 A92.747533 C-380.763695 X322.727422 Y272.727134 Z175.903455 E4269.138883 F1200.000
; T08 POINT 172 point-0000172 deposition
G1 A92.734254 C-381.483279 X324.585578 Y272.958870 Z171.783026 E4274.701380 F1200.000
; T08 POINT 173 point-0000173 deposition
G1 A92.720545 C-382.202818 X326.392473 Y273.190954 Z167.638239 E4280.263917 F1200.000
; T08 POINT 174 point-0000174 deposition
G1 A92.706408 C-382.922305 X328.147823 Y273.423238 Z163.469787 E4285.826495 F1200.000
; T08 POINT 175 point-0000175 deposition
G1 A92.691846 C-383.641732 X329.851353 Y273.655573 Z159.278367 E4291.389114 F1200.000
; T08 POINT 176 point-0000176 deposition
G1 A92.676862 C-384.361093 X331.502799 Y273.887811 Z155.064682 E4296.951776 F1200.000
; T08 POINT 177 point-0000177 deposition
G1 A92.661457 C-385.080381 X333.101907 Y274.119803 Z150.829437 E4302.514481 F1200.000
; T08 POINT 178 point-0000178 deposition
G1 A92.645635 C-385.799589 X334.648435 Y274.351402 Z146.573342 E4308.077229 F1200.000
; T08 POINT 179 point-0000179 deposition
G1 A92.629398 C-386.518710 X336.142148 Y274.582461 Z142.297111 E4313.640022 F1200.000
; T08 POINT 180 point-0000180 deposition
G1 A92.612749 C-387.237738 X337.582825 Y274.812832 Z138.001460 E4319.202860 F1200.000
; T08 POINT 181 point-0000181 deposition
G1 A92.595691 C-387.956664 X338.970255 Y275.042369 Z133.687111 E4324.765743 F1200.000
; T08 POINT 182 point-0000182 deposition
G1 A92.578228 C-388.675484 X340.304235 Y275.270926 Z129.354786 E4330.328673 F1200.000
; T08 POINT 183 point-0000183 deposition
G1 A92.722524 C-382.100305 X324.718332 Y273.130487 Z168.204968 E4338.542535 F1200.000
; T08 POINT 184 point-0000184 deposition
G1 A92.708461 C-382.819185 X326.479362 Y273.361704 Z164.048955 E4344.105587 F1200.000
; T08 POINT 185 point-0000185 deposition
G1 A92.693969 C-383.538168 X328.189130 Y273.593052 Z159.868974 E4349.668689 F1200.000
; T08 POINT 186 point-0000186 deposition
G1 A92.679051 C-384.257249 X329.847336 Y273.824381 Z155.665706 E4355.231844 F1200.000
; T08 POINT 187 point-0000187 deposition
G1 A92.663709 C-384.976419 X331.453691 Y274.055544 Z151.439841 E4360.795050 F1200.000
; T08 POINT 188 point-0000188 deposition
G1 A92.647947 C-385.695672 X333.007915 Y274.286394 Z147.192071 E4366.358311 F1200.000
; T08 POINT 189 point-0000189 deposition
G1 A92.631765 C-386.415002 X334.509737 Y274.516783 Z142.923095 E4371.921624 F1200.000
; T08 POINT 190 point-0000190 deposition
G1 A92.615167 C-387.134400 X335.958899 Y274.746562 Z138.633617 E4377.484992 F1200.000
; T08 POINT 191 point-0000191 deposition
G1 A92.598156 C-387.853862 X337.355150 Y274.975586 Z134.324342 E4383.048414 F1200.000
; T08 POINT 192 point-0000192 deposition
G1 A92.580733 C-388.573378 X338.698250 Y275.203707 Z129.995984 E4388.611892 F1200.000
; T08 POINT 193 point-0000193 deposition
G1 A92.562903 C-389.292943 X339.987973 Y275.430780 Z125.649259 E4394.175425 F1200.000
; T08 POINT 194 point-0000194 deposition
G1 A92.544667 C-390.012550 X341.224097 Y275.656658 Z121.284885 E4399.739013 F1200.000
; T08 POINT 195 point-0000195 deposition
G1 A92.526029 C-390.732191 X342.406417 Y275.881198 Z116.903587 E4405.302659 F1200.000
; T08 POINT 196 point-0000196 deposition
G1 A92.506991 C-391.451860 X343.534733 Y276.104256 Z112.506092 E4410.866361 F1200.000
; T08 POINT 197 point-0000197 deposition
G1 A92.487558 C-392.171549 X344.608860 Y276.325687 Z108.093132 E4416.430120 F1200.000
; T08 POINT 198 point-0000198 deposition
G1 A92.467731 C-392.891252 X345.628620 Y276.545352 Z103.665440 E4421.993937 F1200.000
; T08 POINT 199 point-0000199 deposition
G1 A92.447515 C-393.610962 X346.593848 Y276.763109 Z99.223753 E4427.557811 F1200.000
; T08 POINT 200 point-0000200 deposition
G1 A92.426912 C-394.330671 X347.504388 Y276.978818 Z94.768813 E4433.121744 F1200.000
; T08 POINT 201 point-0000201 deposition
G1 A92.405927 C-395.050374 X348.360098 Y277.192343 Z90.301361 E4438.685736 F1200.000
; T08 POINT 202 point-0000202 deposition
G1 A92.384562 C-395.770062 X349.160842 Y277.403546 Z85.822144 E4444.249787 F1200.000
; T08 POINT 203 point-0000203 deposition
G1 A92.362822 C-396.489729 X349.906499 Y277.612292 Z81.331910 E4449.813896 F1200.000
; T08 POINT 204 point-0000204 deposition
G1 A92.340709 C-397.209367 X350.596957 Y277.818448 Z76.831408 E4455.378065 F1200.000
; T08 POINT 205 point-0000205 deposition
G1 A92.318227 C-397.928971 X351.232115 Y278.021883 Z72.321392 E4460.942294 F1200.000
; T08 POINT 206 point-0000206 deposition
G1 A92.295382 C-398.648533 X351.811882 Y278.222467 Z67.802614 E4466.506583 F1200.000
; T08 POINT 207 point-0000207 deposition
G1 A92.272175 C-399.368045 X352.336179 Y278.420073 Z63.275832 E4472.070932 F1200.000
; T08 POINT 208 point-0000208 deposition
G1 A92.248611 C-400.087502 X352.804939 Y278.614574 Z58.741801 E4477.635341 F1200.000
; T08 POINT 209 point-0000209 deposition
G1 A92.224695 C-400.806896 X353.218104 Y278.805847 Z54.201281 E4483.199811 F1200.000
; T08 POINT 210 point-0000210 deposition
G1 A92.200430 C-401.526220 X353.575627 Y278.993771 Z49.655032 E4488.764342 F1200.000
; T08 POINT 211 point-0000211 deposition
G1 A92.175820 C-402.245467 X353.877473 Y279.178227 Z45.103813 E4494.328933 F1200.000
; T08 POINT 212 point-0000212 deposition
G1 A92.150870 C-402.964631 X354.123619 Y279.359098 Z40.548385 E4499.893585 F1200.000
; T08 POINT 213 point-0000213 deposition
G1 A92.125583 C-403.683704 X354.314049 Y279.536270 Z35.989512 E4505.458299 F1200.000
; T08 POINT 214 point-0000214 deposition
G1 A92.099965 C-404.402680 X354.448762 Y279.709632 Z31.427954 E4511.023074 F1200.000
; T08 POINT 215 point-0000215 deposition
G1 A92.074019 C-405.121552 X354.527765 Y279.879074 Z26.864474 E4516.587909 F1200.000
; T08 POINT 216 point-0000216 deposition
G1 A92.047751 C-405.840313 X354.551078 Y280.044490 Z22.299834 E4522.152807 F1200.000
; T08 POINT 217 point-0000217 deposition
G1 A92.275514 C-399.265197 X350.844678 Y278.345925 Z63.900489 E4530.369602 F1200.000
; T08 POINT 218 point-0000218 deposition
G1 A92.252019 C-399.984131 X351.320880 Y278.540024 Z59.376361 E4535.934657 F1200.000
; T08 POINT 219 point-0000219 deposition
G1 A92.228165 C-400.703166 X351.741716 Y278.730970 Z54.844625 E4541.499776 F1200.000
; T08 POINT 220 point-0000220 deposition
G1 A92.203957 C-401.422294 X352.107101 Y278.918638 Z50.306035 E4547.064959 F1200.000
; T08 POINT 221 point-0000221 deposition
G1 A92.179398 C-402.141508 X352.416962 Y279.102908 Z45.761344 E4552.630207 F1200.000
; T08 POINT 222 point-0000222 deposition
G1 A92.154493 C-402.860802 X352.671234 Y279.283660 Z41.211311 E4558.195519 F1200.000
; T08 POINT 223 point-0000223 deposition
G1 A92.129245 C-403.580168 X352.869865 Y279.460778 Z36.656694 E4563.760895 F1200.000
; T08 POINT 224 point-0000224 deposition
G1 A92.103659 C-404.299600 X353.012813 Y279.634146 Z32.098252 E4569.326335 F1200.000
; T08 POINT 225 point-0000225 deposition
G1 A92.077738 C-405.019091 X353.100047 Y279.803653 Z27.536747 E4574.891839 F1200.000
; T08 POINT 226 point-0000226 deposition
G1 A92.051487 C-405.738633 X353.131546 Y279.969190 Z22.972942 E4580.457407 F1200.000
; T08 POINT 227 point-0000227 deposition
G1 A92.024910 C-406.458221 X353.107302 Y280.130649 Z18.407600 E4586.023038 F1200.000
; T08 POINT 228 point-0000228 deposition
G1 A91.998012 C-407.177846 X353.027316 Y280.287927 Z13.841485 E4591.588733 F1200.000
; T08 POINT 229 point-0000229 deposition
G1 A91.970796 C-407.897502 X352.891601 Y280.440921 Z9.275362 E4597.154491 F1200.000
; T08 POINT 230 point-0000230 deposition
G1 A91.943269 C-408.617183 X352.700181 Y280.589535 Z4.709997 E4602.720312 F1200.000
; T08 POINT 231 point-0000231 deposition
G1 A91.915433 C-409.336880 X352.453090 Y280.733671 Z0.146154 E4608.286196 F1200.000
; T08 POINT 232 point-0000232 deposition
G1 A91.887294 C-410.056587 X352.150375 Y280.873238 Z-4.415401 E4613.852142 F1200.000
; T08 POINT 233 point-0000233 deposition
G1 A91.858857 C-410.776298 X351.792091 Y281.008146 Z-8.973902 E4619.418150 F1200.000
; T08 POINT 234 point-0000234 deposition
G1 A91.830125 C-411.496005 X351.378306 Y281.138308 Z-13.528584 E4624.984220 F1200.000
; T08 POINT 235 point-0000235 deposition
G1 A91.801105 C-412.215700 X350.909099 Y281.263642 Z-18.078685 E4630.550352 F1200.000
; T08 POINT 236 point-0000236 deposition
G1 A91.771800 C-412.935378 X350.384558 Y281.384067 Z-22.623439 E4636.116545 F1200.000
; T08 POINT 237 point-0000237 deposition
G1 A91.742216 C-413.655032 X349.804785 Y281.499506 Z-27.162084 E4641.682799 F1200.000
; T08 POINT 238 point-0000238 deposition
G1 A91.712358 C-414.374653 X349.169889 Y281.609887 Z-31.693860 E4647.249114 F1200.000
; T08 POINT 239 point-0000239 deposition
G1 A91.682230 C-415.094236 X348.479992 Y281.715139 Z-36.218006 E4652.815488 F1200.000
; T08 POINT 240 point-0000240 deposition
G1 A91.651839 C-415.813773 X347.735228 Y281.815196 Z-40.733764 E4658.381923 F1200.000
; T08 POINT 241 point-0000241 deposition
G1 A91.621188 C-416.533257 X346.935739 Y281.909996 Z-45.240376 E4663.948417 F1200.000
; T08 POINT 242 point-0000242 deposition
G1 A91.590283 C-417.252682 X346.081679 Y281.999478 Z-49.737089 E4669.514969 F1200.000
; T08 POINT 243 point-0000243 deposition
G1 A91.559130 C-417.972041 X345.173213 Y282.083586 Z-54.223150 E4675.081581 F1200.000
; T08 POINT 244 point-0000244 deposition
G1 A91.527733 C-418.691326 X344.210516 Y282.162270 Z-58.697807 E4680.648250 F1200.000
; T08 POINT 245 point-0000245 deposition
G1 A91.496099 C-419.410531 X343.193774 Y282.235479 Z-63.160314 E4686.214976 F1200.000
; T08 POINT 246 point-0000246 deposition
G1 A91.464232 C-420.129648 X342.123182 Y282.303170 Z-67.609925 E4691.781760 F1200.000
; T08 POINT 247 point-0000247 deposition
G1 A91.432137 C-420.848672 X340.998947 Y282.365302 Z-72.045898 E4697.348600 F1200.000
; T08 POINT 248 point-0000248 deposition
G1 A91.399821 C-421.567595 X339.821287 Y282.421836 Z-76.467494 E4702.915495 F1200.000
; T08 POINT 249 point-0000249 deposition
G1 A91.367288 C-422.286410 X338.590429 Y282.472740 Z-80.873977 E4708.482447 F1200.000
; T08 POINT 250 point-0000250 deposition
G1 A91.656186 C-415.711233 X346.424859 Y281.741075 Z-40.116233 E4716.702261 F1200.000
; T08 POINT 251 point-0000251 deposition
G1 A91.625598 C-416.430117 X345.633657 Y281.836029 Z-44.614796 E4722.269351 F1200.000
; T08 POINT 252 point-0000252 deposition
G1 A91.594748 C-417.149105 X344.787809 Y281.925714 Z-49.104591 E4727.836497 F1200.000
; T08 POINT 253 point-0000253 deposition
G1 A91.563643 C-417.868189 X343.887441 Y282.010071 Z-53.584861 E4733.403699 F1200.000
; T08 POINT 254 point-0000254 deposition
G1 A91.532287 C-418.587362 X342.932691 Y282.089044 Z-58.054850 E4738.970956 F1200.000
; T08 POINT 255 point-0000255 deposition
G1 A91.500684 C-419.306618 X341.923704 Y282.162579 Z-62.513803 E4744.538267 F1200.000
; T08 POINT 256 point-0000256 deposition
G1 A91.468841 C-420.025951 X340.860640 Y282.230628 Z-66.960967 E4750.105632 F1200.000
; T08 POINT 257 point-0000257 deposition
G1 A91.099911 C-428.032242 X326.859012 Y282.674507 Z-115.494675 E4753.020034 F1200.000
; T08 POINT 258 point-0000258 deposition
G1 A90.719222 C-435.842180 X307.058446 Y282.427432 Z-160.627279 E4755.934463 F1200.000
; T08 POINT 259 point-0000259 deposition
G1 A91.619296 C-416.577468 X344.377652 Y281.808293 Z-45.638613 E4768.858645 F1200.000
; T08 POINT 260 point-0000260 deposition
G1 A91.262926 C-424.561394 X333.249384 Y282.545668 Z-94.671982 E4771.773127 F1200.000
; T08 POINT 261 point-0000261 deposition
G1 A91.199045 C-425.932655 X330.199122 Y282.580879 Z-102.923913 E4792.291184 F1200.000
; T08 POINT 262 point-0000262 deposition
G1 A91.134470 C-427.304002 X326.959554 Y282.594940 Z-111.108576 E4812.809484 F1200.000
; T08 POINT 263 point-0000263 deposition
G1 A91.069236 C-428.675494 X323.532315 Y282.587811 Z-119.221578 E4833.327815 F1200.000
; T08 POINT 264 point-0000264 deposition
G1 A91.003377 C-430.047182 X319.919127 Y282.559496 Z-127.258508 E4853.846061 F1200.000
; T08 POINT 265 point-0000265 deposition
G1 A90.936929 C-431.419111 X316.121808 Y282.510045 Z-135.214950 E4874.364183 F1200.000
; T08 POINT 266 point-0000266 deposition
G1 A90.869928 C-432.791322 X312.142272 Y282.439556 Z-143.086481 E4894.882193 F1200.000
; T08 POINT 267 point-0000267 deposition
G1 A90.802409 C-434.163845 X307.982539 Y282.348170 Z-150.868677 E4915.400141 F1200.000
; T08 POINT 268 point-0000268 deposition
G1 A90.734411 C-435.536708 X303.644732 Y282.236077 Z-158.557115 E4935.918089 F1200.000
; T08 POINT 269 point-0000269 deposition
G1 A90.665972 C-436.909929 X299.131091 Y282.103514 Z-166.147373 E4956.436098 F1200.000
; T08 POINT 270 point-0000270 deposition
G1 A90.597130 C-438.283520 X294.443970 Y281.950764 Z-173.635036 E4976.954207 F1200.000
; T08 POINT 271 point-0000271 deposition
G1 A90.527924 C-439.657484 X289.585854 Y281.778158 Z-181.015693 E4997.472413 F1200.000
; T08 POINT 272 point-0000272 deposition
G1 A90.458394 C-441.031814 X284.559356 Y281.586075 Z-188.284939 E5017.990652 F1200.000
; T08 POINT 273 point-0000273 deposition
G1 A90.388581 C-442.406495 X279.367234 Y281.374939 Z-195.438383 E5038.508775 F1200.000
; T08 POINT 274 point-0000274 deposition
G1 A90.318514 C-443.781761 X274.011448 Y281.145185 Z-202.472957 E5059.026625 F1200.000
; T08 POINT 275 point-0000275 deposition
G1 A90.248181 C-445.158618 X268.491075 Y280.897144 Z-209.389394 E5079.544211 F1200.000
; T08 POINT 276 point-0000276 deposition
G1 A90.177648 C-446.536550 X262.810675 Y280.631419 Z-216.180703 E5100.061675 F1200.000
; T08 POINT 277 point-0000277 deposition
G1 A90.106978 C-447.915169 X256.974618 Y280.348657 Z-222.840787 E5120.579133 F1200.000
; T08 POINT 278 point-0000278 deposition
G1 A90.036201 C-449.294631 X250.985368 Y280.049453 Z-229.366274 E5141.096545 F1200.000
; T08 POINT 279 point-0000279 deposition
G1 A89.965355 C-450.675049 X244.845598 Y279.734446 Z-235.753601 E5161.613912 F1200.000
; T08 POINT 280 point-0000280 deposition
G1 A89.894476 C-452.056492 X238.558204 Y279.404317 Z-241.999046 E5182.131255 F1200.000
; T08 POINT 281 point-0000281 deposition
G1 A89.823605 C-453.438992 X232.126327 Y279.059793 Z-248.098754 E5202.648593 F1200.000
; T08 POINT 282 point-0000282 deposition
G1 A89.752783 C-454.822539 X225.553372 Y278.701645 Z-254.048766 E5223.165925 F1200.000
; T08 POINT 283 point-0000283 deposition
G1 A89.682055 C-456.207084 X218.843025 Y278.330689 Z-259.845037 E5243.683206 F1200.000
; T08 POINT 284 point-0000284 deposition
G1 A89.611450 C-457.592892 X211.997631 Y277.947697 Z-265.484865 E5264.200462 F1200.000
; T08 POINT 285 point-0000285 deposition
G1 A89.540994 C-458.980260 X205.019376 Y277.553451 Z-270.965625 E5284.717749 F1200.000
; T08 POINT 286 point-0000286 deposition
G1 A89.470755 C-460.368697 X197.914228 Y277.148976 Z-276.281711 E5305.235110 F1200.000
; T08 POINT 287 point-0000287 deposition
G1 A89.400769 C-461.758303 X190.685534 Y276.735173 Z-281.429957 E5325.752447 F1200.000
; T08 POINT 288 point-0000288 deposition
G1 A89.331071 C-463.149230 X183.336434 Y276.312948 Z-286.407413 E5346.269703 F1200.000
; T08 POINT 289 point-0000289 deposition
G1 A89.261699 C-464.541593 X175.870293 Y275.883241 Z-291.211020 E5366.786872 F1200.000
; T08 POINT 290 point-0000290 deposition
G1 A89.192689 C-465.935475 X168.290702 Y275.447022 Z-295.837642 E5387.303981 F1200.000
; T08 POINT 291 point-0000291 deposition
G1 A89.124083 C-467.330923 X160.601490 Y275.005292 Z-300.284094 E5407.821067 F1200.000
; T08 POINT 292 point-0000292 deposition
G1 A89.055921 C-468.727955 X152.806726 Y274.559078 Z-304.547165 E5428.338161 F1200.000
; T08 POINT 293 point-0000293 deposition
G1 A87.845754 C-497.132121 X-9.483100 Y266.649279 Z-346.523725 E5438.846259 F1200.000
; T08 POINT 294 point-0000294 deposition
G1 A87.797650 C-498.530319 X-18.212019 Y266.353103 Z-346.294373 E5459.363385 F1200.000
; T08 POINT 295 point-0000295 deposition
G1 A87.750917 C-499.926780 X-26.917981 Y266.074471 Z-345.850100 E5479.880470 F1200.000
; T08 POINT 296 point-0000296 deposition
G1 A87.705567 C-501.321830 X-35.597840 Y265.813918 Z-345.191857 E5500.397550 F1200.000
; T08 POINT 297 point-0000297 deposition
G1 A87.661612 C-502.715804 X-44.248537 Y265.571947 Z-344.320514 E5520.914589 F1200.000
; T08 POINT 298 point-0000298 deposition
G1 A87.619079 C-504.108522 X-52.864029 Y265.349104 Z-343.237255 E5541.431627 F1200.000
; T08 POINT 299 point-0000299 deposition
G1 A87.577993 C-505.499931 X-61.439061 Y265.145863 Z-341.943380 E5561.948697 F1200.000
; T08 POINT 300 point-0000300 deposition
G1 A87.538368 C-506.890140 X-69.969372 Y264.962629 Z-340.440163 E5582.465791 F1200.000
; T08 POINT 301 point-0000301 deposition
G1 A87.500225 C-508.279213 X-78.450468 Y264.799767 Z-338.728989 E5602.982917 F1200.000
; T08 POINT 302 point-0000302 deposition
G1 A87.463579 C-509.667165 X-86.877629 Y264.657601 Z-336.811383 E5623.500084 F1200.000
; T08 POINT 303 point-0000303 deposition
G1 A87.428450 C-511.053968 X-95.245933 Y264.536411 Z-334.689047 E5644.017275 F1200.000
; T08 POINT 304 point-0000304 deposition
G1 A87.394855 C-512.439653 X-103.550846 Y264.436418 Z-332.363713 E5664.534469 F1200.000
; T08 POINT 305 point-0000305 deposition
G1 A87.362803 C-513.824407 X-111.788768 Y264.357793 Z-329.836913 E5685.051670 F1200.000
; T08 POINT 306 point-0000306 deposition
G1 A87.332312 C-515.208200 X-119.954907 Y264.300670 Z-327.110615 E5705.568891 F1200.000
; T08 POINT 307 point-0000307 deposition
G1 A87.303395 C-516.591084 X-128.044993 Y264.265130 Z-324.186738 E5726.086131 F1200.000
; T08 POINT 308 point-0000308 deposition
G1 A87.276063 C-517.973121 X-136.054849 Y264.251210 Z-321.067256 E5746.603394 F1200.000
; T08 POINT 309 point-0000309 deposition
G1 A87.250330 C-519.354332 X-143.980145 Y264.258896 Z-317.754304 E5767.120679 F1200.000
; T08 POINT 310 point-0000310 deposition
G1 A87.226202 C-520.735087 X-151.818433 Y264.288141 Z-314.249226 E5787.638099 F1200.000
; T08 POINT 311 point-0000311 deposition
G1 A87.203686 C-522.115593 X-159.566398 Y264.338860 Z-310.553693 E5808.155823 F1200.000
; T08 POINT 312 point-0000312 deposition
G1 A87.182806 C-523.495135 X-167.215971 Y264.410873 Z-306.671992 E5828.673838 F1200.000
; T08 POINT 313 point-0000313 deposition
G1 A87.163569 C-524.873831 X-174.763573 Y264.503975 Z-302.606425 E5849.191937 F1200.000
; T08 POINT 314 point-0000314 deposition
G1 A87.145980 C-526.251831 X-182.205828 Y264.617923 Z-298.359221 E5869.709991 F1200.000
; T08 POINT 315 point-0000315 deposition
G1 A87.130045 C-527.629264 X-189.539276 Y264.752433 Z-293.932701 E5890.227951 F1200.000
; T08 POINT 316 point-0000316 deposition
G1 A87.115772 C-529.006235 X-196.760394 Y264.907179 Z-289.329280 E5910.745826 F1200.000
; T08 POINT 317 point-0000317 deposition
G1 A87.103165 C-530.382832 X-203.865601 Y265.081794 Z-284.551483 E5931.263659 F1200.000
; T08 POINT 318 point-0000318 deposition
G1 A87.092230 C-531.759125 X-210.851278 Y265.275867 Z-279.601948 E5951.781512 F1200.000
; T08 POINT 319 point-0000319 deposition
G1 A87.082971 C-533.135165 X-217.713772 Y265.488946 Z-274.483439 E5972.299444 F1200.000
; T08 POINT 320 point-0000320 deposition
G1 A87.075393 C-534.510985 X-224.449408 Y265.720532 Z-269.198854 E5992.817490 F1200.000
; T08 POINT 321 point-0000321 deposition
G1 A87.069500 C-535.886603 X-231.054500 Y265.970086 Z-263.751235 E6013.335643 F1200.000
; T08 POINT 322 point-0000322 deposition
G1 A87.065293 C-537.262019 X-237.525353 Y266.237025 Z-258.143778 E6033.853834 F1200.000
; T08 POINT 323 point-0000323 deposition
G1 A87.062774 C-538.637212 X-243.858275 Y266.520723 Z-252.379846 E6054.371906 F1200.000
; T08 POINT 324 point-0000324 deposition
G1 A87.061945 C-540.012165 X-250.049671 Y266.820515 Z-246.462886 E6074.889599 F1200.000
; T08 POINT 325 point-0000325 deposition
G1 A87.062803 C-541.386688 X-256.095365 Y267.135660 Z-240.397214 E6095.407605 F1200.000
; T08 POINT 326 point-0000326 deposition
G1 A87.065347 C-542.760220 X-261.989913 Y267.465282 Z-234.189004 E6115.926366 F1200.000
; T08 POINT 327 point-0000327 deposition
G1 A87.069573 C-544.133227 X-267.732058 Y267.808715 Z-227.839932 E6136.445462 F1200.000
; T08 POINT 328 point-0000328 deposition
G1 A87.075477 C-545.506097 X-273.320147 Y268.165260 Z-221.351924 E6156.964615 F1200.000
; T08 POINT 329 point-0000329 deposition
G1 A87.083059 C-546.879143 X-278.752181 Y268.534182 Z-214.727188 E6177.483658 F1200.000
; T08 POINT 330 point-0000330 deposition
G1 A87.092316 C-548.252605 X-284.025866 Y268.914708 Z-207.968239 E6198.002516 F1200.000
; T08 POINT 331 point-0000331 deposition
G1 A87.103246 C-549.626658 X-289.138661 Y269.306027 Z-201.077921 E6218.521184 F1200.000
; T08 POINT 332 point-0000332 deposition
G1 A87.115847 C-551.001411 X-294.087822 Y269.707286 Z-194.059430 E6239.039703 F1200.000
; T08 POINT 333 point-0000333 deposition
G1 A87.130113 C-552.376910 X-298.870448 Y270.117594 Z-186.916336 E6259.558144 F1200.000
; T08 POINT 334 point-0000334 deposition
G1 A87.146040 C-553.753137 X-303.483520 Y270.536015 Z-179.652614 E6280.076586 F1200.000
; T08 POINT 335 point-0000335 deposition
G1 A87.163620 C-555.130013 X-307.923937 Y270.961577 Z-172.272668 E6300.595096 F1200.000
; T08 POINT 336 point-0000336 deposition
G1 A87.182843 C-556.507390 X-312.188560 Y271.393263 Z-164.781369 E6321.113715 F1200.000
; T08 POINT 337 point-0000337 deposition
G1 A87.203696 C-557.885055 X-316.274243 Y271.830020 Z-157.184090 E6341.632431 F1200.000
; T08 POINT 338 point-0000338 deposition
G1 A87.226165 C-559.262718 X-320.177876 Y272.270755 Z-149.486755 E6362.151164 F1200.000
; T08 POINT 339 point-0000339 deposition
G1 A87.250230 C-560.640075 X-323.896565 Y272.714358 Z-141.695533 E6382.669762 F1200.000
; T08 POINT 340 point-0000340 deposition
G1 A87.275889 C-562.017783 X-327.429758 Y273.160018 Z-133.811137 E6403.188345 F1200.000
; T08 POINT 341 point-0000341 deposition
G1 A87.303140 C-563.396386 X-330.776415 Y273.606881 Z-125.834847 E6423.706883 F1200.000
; T08 POINT 342 point-0000342 deposition
G1 A87.331981 C-564.776384 X-333.935225 Y274.054079 Z-117.768109 E6444.225201 F1200.000
; T08 POINT 343 point-0000343 deposition
G1 A87.362417 C-566.158505 X-336.905086 Y274.500804 Z-109.610960 E6464.743056 F1200.000
; T08 POINT 344 point-0000344 deposition
G1 A87.394447 C-567.543151 X-339.684074 Y274.946140 Z-101.365327 E6485.260314 F1200.000
; T08 POINT 345 point-0000345 deposition
G1 A87.428026 C-568.928895 X-342.267509 Y275.388592 Z-93.044289 E6505.777504 F1200.000
; T08 POINT 346 point-0000346 deposition
G1 A87.463138 C-570.315767 X-344.653517 Y275.827134 Z-84.652324 E6526.294695 F1200.000
; T08 POINT 347 point-0000347 deposition
G1 A87.499767 C-571.703778 X-346.840282 Y276.260732 Z-76.194118 E6546.811856 F1200.000
; T08 POINT 348 point-0000348 deposition
G1 A87.537894 C-573.092907 X-348.826070 Y276.688356 Z-67.674578 E6567.328976 F1200.000
; T08 POINT 349 point-0000349 deposition
G1 A87.577503 C-574.483179 X-350.609306 Y277.108996 Z-59.098423 E6587.846064 F1200.000
; T08 POINT 350 point-0000350 deposition
G1 A87.618574 C-575.874656 X-352.188544 Y277.521664 Z-50.470165 E6608.363131 F1200.000
; T08 POINT 351 point-0000351 deposition
G1 A87.661092 C-577.267443 X-353.562441 Y277.925399 Z-41.794097 E6628.880166 F1200.000
; T08 POINT 352 point-0000352 deposition
G1 A87.705033 C-578.661493 X-354.729646 Y278.319212 Z-33.075531 E6649.397197 F1200.000
; T08 POINT 353 point-0000353 deposition
G1 A87.750369 C-580.056601 X-355.688910 Y278.702094 Z-24.320829 E6669.914264 F1200.000
; T08 POINT 354 point-0000354 deposition
G1 A87.797091 C-581.453186 X-356.439305 Y279.073219 Z-15.532436 E6690.431365 F1200.000
; T08 POINT 355 point-0000355 deposition
G1 A87.845182 C-582.851474 X-356.979774 Y279.431726 Z-6.714048 E6710.948494 F1200.000
; T08 POINT 356 point-0000356 deposition
G1 A89.055125 C-611.255657 X-313.393470 Y282.362009 Z168.821914 E6721.456591 F1200.000
; T08 POINT 357 point-0000357 deposition
G1 A89.123277 C-612.652625 X-309.598148 Y282.302908 Z176.867396 E6741.973678 F1200.000
; T08 POINT 358 point-0000358 deposition
G1 A89.191874 C-614.048013 X-305.621994 Y282.222549 Z184.808343 E6762.490759 F1200.000
; T08 POINT 359 point-0000359 deposition
G1 A89.260876 C-615.441845 X-301.467975 Y282.121191 Z192.640469 E6783.007864 F1200.000
; T08 POINT 360 point-0000360 deposition
G1 A89.330242 C-616.834172 X-297.139046 Y281.999142 Z200.359719 E6803.525032 F1200.000
; T08 POINT 361 point-0000361 deposition
G1 A89.399934 C-618.225070 X-292.638122 Y281.856747 Z207.962260 E6824.042289 F1200.000
; T08 POINT 362 point-0000362 deposition
G1 A89.469914 C-619.614648 X-287.968056 Y281.694393 Z215.444482 E6844.559629 F1200.000
; T08 POINT 363 point-0000363 deposition
G1 A89.540148 C-621.003044 X-283.131612 Y281.512499 Z222.802990 E6865.076991 F1200.000
; T08 POINT 364 point-0000364 deposition
G1 A89.610597 C-622.390349 X-278.131751 Y281.311528 Z230.034209 E6885.594267 F1200.000
; T08 POINT 365 point-0000365 deposition
G1 A89.681197 C-623.776091 X-272.973819 Y281.092086 Z237.131777 E6906.111499 F1200.000
; T08 POINT 366 point-0000366 deposition
G1 A89.751923 C-625.160645 X-267.659850 Y280.854678 Z244.093792 E6926.628781 F1200.000
; T08 POINT 367 point-0000367 deposition
G1 A89.822742 C-626.544178 X-262.192698 Y280.599875 Z250.917295 E6947.146105 F1200.000
; T08 POINT 368 point-0000368 deposition
G1 A89.893611 C-627.926654 X-256.576123 Y280.328320 Z257.598401 E6967.663433 F1200.000
; T08 POINT 369 point-0000369 deposition
G1 A89.964489 C-629.308071 X-250.813804 Y280.040688 Z264.133512 E6988.180768 F1200.000
; T08 POINT 370 point-0000370 deposition
G1 A90.035334 C-630.688470 X-244.909320 Y279.737679 Z270.519300 E7008.698129 F1200.000
; T08 POINT 371 point-0000371 deposition
G1 A90.106110 C-632.067925 X-238.866120 Y279.420017 Z276.752691 E7029.215536 F1200.000
; T08 POINT 372 point-0000372 deposition
G1 A90.176783 C-633.446550 X-232.687502 Y279.088442 Z282.830846 E7049.732986 F1200.000
; T08 POINT 373 point-0000373 deposition
G1 A90.247317 C-634.824502 X-226.376582 Y278.743709 Z288.751151 E7070.250436 F1200.000
; T08 POINT 374 point-0000374 deposition
G1 A90.317666 C-636.201618 X-219.938089 Y278.386686 Z294.509733 E7090.767907 F1200.000
; T08 POINT 375 point-0000375 deposition
G1 A90.387784 C-637.577841 X-213.376338 Y278.018240 Z300.103310 E7111.285416 F1200.000
; T08 POINT 376 point-0000376 deposition
G1 A90.457668 C-638.953869 X-206.691767 Y277.639043 Z305.531637 E7131.803102 F1200.000
; T08 POINT 377 point-0000377 deposition
G1 A90.527271 C-640.329582 X-199.888971 Y277.250015 Z310.791206 E7152.320866 F1200.000
; T08 POINT 378 point-0000378 deposition
G1 A90.596543 C-641.704801 X-192.972989 Y276.852119 Z315.878445 E7172.838630 F1200.000
; T08 POINT 379 point-0000379 deposition
G1 A90.665440 C-643.079436 X-185.948497 Y276.446318 Z320.790278 E7193.356367 F1200.000
; T08 POINT 380 point-0000380 deposition
G1 A90.733924 C-644.453478 X-178.819782 Y276.033562 Z325.524072 E7213.874085 F1200.000
; T08 POINT 381 point-0000381 deposition
G1 A90.801958 C-645.827005 X-171.590701 Y275.614789 Z330.077581 E7234.391802 F1200.000
; T08 POINT 382 point-0000382 deposition
G1 A90.869511 C-647.200182 X-164.264649 Y275.190921 Z334.448899 E7254.909526 F1200.000
; T08 POINT 383 point-0000383 deposition
G1 A90.936558 C-648.573261 X-156.844504 Y274.762854 Z338.636408 E7275.427241 F1200.000
; T08 POINT 384 point-0000384 deposition
G1 A91.003068 C-649.946403 X-149.333673 Y274.331527 Z342.638203 E7295.944948 F1200.000
; T08 POINT 385 point-0000385 deposition
G1 A91.068998 C-651.319511 X-141.737088 Y273.897965 Z346.451713 E7316.462707 F1200.000
; T08 POINT 386 point-0000386 deposition
G1 A91.134309 C-652.692594 X-134.059136 Y273.463168 Z350.074791 E7336.980488 F1200.000
; T08 POINT 387 point-0000387 deposition
G1 A91.198960 C-654.065532 X-126.305011 Y273.028178 Z353.505094 E7357.498232 F1200.000
; T08 POINT 388 point-0000388 deposition
G1 A91.262901 C-655.438072 X-118.480785 Y272.594083 Z356.740150 E7378.015831 F1200.000
; T08 POINT 389 point-0000389 deposition
G1 A91.619274 C-663.422007 X-68.976465 Y270.015830 Z371.509656 E7380.930314 F1200.000
; T08 POINT 390 point-0000390 deposition
G1 A90.719222 C-644.157820 X-184.761630 Y276.341833 Z324.147364 E7393.854302 F1200.000
; T08 POINT 391 point-0000391 deposition
G1 A91.099911 C-651.967758 X-139.816626 Y273.773425 Z348.117141 E7396.768731 F1200.000
; T08 POINT 392 point-0000392 deposition
G1 A91.468841 C-659.974049 X-91.056787 Y271.128179 Z366.022602 E7399.683133 F1200.000
; T08 POINT 393 point-0000393 deposition
G1 A91.500684 C-660.693382 X-86.701909 Y270.902520 Z367.294347 E7405.250497 F1200.000
; T08 POINT 394 point-0000394 deposition
G1 A91.532287 C-661.412638 X-82.333746 Y270.678497 Z368.510490 E7410.817809 F1200.000
; T08 POINT 395 point-0000395 deposition
G1 A91.563643 C-662.131811 X-77.953025 Y270.456251 Z369.670848 E7416.385065 F1200.000
; T08 POINT 396 point-0000396 deposition
G1 A91.594748 C-662.850895 X-73.560477 Y270.235924 Z370.775252 E7421.952267 F1200.000
; T08 POINT 397 point-0000397 deposition
G1 A91.625598 C-663.569883 X-69.156832 Y270.017656 Z371.823544 E7427.519413 F1200.000
; T08 POINT 398 point-0000398 deposition
G1 A91.656186 C-664.288767 X-64.742822 Y269.801585 Z372.815576 E7433.086503 F1200.000
; T08 POINT 399 point-0000399 deposition
G1 A91.367288 C-657.713590 X-106.064409 Y271.910685 Z361.641665 E7441.306318 F1200.000
; T08 POINT 400 point-0000400 deposition
G1 A91.399821 C-658.432405 X-101.760466 Y271.680635 Z363.091003 E7446.873269 F1200.000
; T08 POINT 401 point-0000401 deposition
G1 A91.432137 C-659.151328 X-97.439973 Y271.451698 Z364.485795 E7452.440165 F1200.000
; T08 POINT 402 point-0000402 deposition
G1 A91.464232 C-659.870352 X-93.103637 Y271.224022 Z365.825790 E7458.007005 F1200.000
; T08 POINT 403 point-0000403 deposition
G1 A91.496099 C-660.589469 X-88.752169 Y270.997751 Z367.110744 E7463.573788 F1200.000
; T08 POINT 404 point-0000404 deposition
G1 A91.527733 C-661.308674 X-84.386283 Y270.773032 Z368.340427 E7469.140515 F1200.000
; T08 POINT 405 point-0000405 deposition
G1 A91.559130 C-662.027959 X-80.006696 Y270.550007 Z369.514617 E7474.707184 F1200.000
; T08 POINT 406 point-0000406 deposition
G1 A91.590283 C-662.747318 X-75.614129 Y270.328820 Z370.633105 E7480.273795 F1200.000
; T08 POINT 407 point-0000407 deposition
G1 A91.621188 C-663.466743 X-71.209307 Y270.109612 Z371.695692 E7485.840348 F1200.000
; T08 POINT 408 point-0000408 deposition
G1 A91.651839 C-664.186227 X-66.792954 Y269.892525 Z372.702191 E7491.406842 F1200.000
; T08 POINT 409 point-0000409 deposition
G1 A91.682230 C-664.905764 X-62.365801 Y269.677697 Z373.652424 E7496.973276 F1200.000
; T08 POINT 410 point-0000410 deposition
G1 A91.712358 C-665.625347 X-57.928579 Y269.465265 Z374.546226 E7502.539651 F1200.000
; T08 POINT 411 point-0000411 deposition
G1 A91.742216 C-666.344968 X-53.482021 Y269.255367 Z375.383442 E7508.105965 F1200.000
; T08 POINT 412 point-0000412 deposition
G1 A91.771800 C-667.064622 X-49.026864 Y269.048136 Z376.163929 E7513.672219 F1200.000
; T08 POINT 413 point-0000413 deposition
G1 A91.801105 C-667.784300 X-44.563844 Y268.843705 Z376.887555 E7519.238412 F1200.000
; T08 POINT 414 point-0000414 deposition
G1 A91.830125 C-668.503995 X-40.093702 Y268.642206 Z377.554198 E7524.804544 F1200.000
; T08 POINT 415 point-0000415 deposition
G1 A91.858857 C-669.223702 X-35.617178 Y268.443766 Z378.163749 E7530.370614 F1200.000
; T08 POINT 416 point-0000416 deposition
G1 A91.887294 C-669.943413 X-31.135014 Y268.248513 Z378.716110 E7535.936623 F1200.000
; T08 POINT 417 point-0000417 deposition
G1 A91.915433 C-670.663120 X-26.647953 Y268.056572 Z379.211193 E7541.502569 F1200.000
; T08 POINT 418 point-0000418 deposition
G1 A91.943269 C-671.382817 X-22.156740 Y267.868064 Z379.648922 E7547.068453 F1200.000
; T08 POINT 419 point-0000419 deposition
G1 A91.970796 C-672.102498 X-17.662119 Y267.683111 Z380.029233 E7552.634274 F1200.000
; T08 POINT 420 point-0000420 deposition
G1 A91.998012 C-672.822154 X-13.164837 Y267.501830 Z380.352073 E7558.200031 F1200.000
; T08 POINT 421 point-0000421 deposition
G1 A92.024910 C-673.541779 X-8.665638 Y267.324335 Z380.617399 E7563.765726 F1200.000
; T08 POINT 422 point-0000422 deposition
G1 A92.051487 C-674.261367 X-4.165270 Y267.150741 Z380.825182 E7569.331358 F1200.000
; T08 POINT 423 point-0000423 deposition
G1 A92.077738 C-674.980909 X0.335522 Y266.981158 Z380.975401 E7574.896925 F1200.000
; T08 POINT 424 point-0000424 deposition
G1 A92.103659 C-675.700400 X4.835992 Y266.815691 Z381.068050 E7580.462429 F1200.000
; T08 POINT 425 point-0000425 deposition
G1 A92.129245 C-676.419832 X9.335394 Y266.654447 Z381.103131 E7586.027869 F1200.000
; T08 POINT 426 point-0000426 deposition
G1 A92.154493 C-677.139198 X13.832984 Y266.497527 Z381.080658 E7591.593246 F1200.000
; T08 POINT 427 point-0000427 deposition
G1 A92.179398 C-677.858492 X18.328016 Y266.345029 Z381.000659 E7597.158558 F1200.000
; T08 POINT 428 point-0000428 deposition
G1 A92.203957 C-678.577706 X22.819747 Y266.197050 Z380.863169 E7602.723805 F1200.000
; T08 POINT 429 point-0000429 deposition
G1 A92.228165 C-679.296834 X27.307436 Y266.053683 Z380.668238 E7608.288989 F1200.000
; T08 POINT 430 point-0000430 deposition
G1 A92.252019 C-680.015869 X31.790341 Y265.915016 Z380.415925 E7613.854108 F1200.000
; T08 POINT 431 point-0000431 deposition
G1 A92.275514 C-680.734803 X36.267723 Y265.781136 Z380.106299 E7619.419163 F1200.000
; T08 POINT 432 point-0000432 deposition
G1 A92.047751 C-674.159687 X-6.220821 Y267.227266 Z380.771242 E7627.635958 F1200.000
; T08 POINT 433 point-0000433 deposition
G1 A92.074019 C-674.878448 X-1.725228 Y267.056661 Z380.935025 E7633.200855 F1200.000
; T08 POINT 434 point-0000434 deposition
G1 A92.099965 C-675.597320 X2.771213 Y266.890102 Z381.041382 E7638.765691 F1200.000
; T08 POINT 435 point-0000435 deposition
G1 A92.125583 C-676.316296 X7.267758 Y266.727697 Z381.090276 E7644.330466 F1200.000
; T08 POINT 436 point-0000436 deposition
G1 A92.150870 C-677.035369 X11.763664 Y266.569552 Z381.081679 E7649.895179 F1200.000
; T08 POINT 437 point-0000437 deposition
G1 A92.175820 C-677.754533 X16.258185 Y266.415767 Z381.015577 E7655.459831 F1200.000
; T08 POINT 438 point-0000438 deposition
G1 A92.200430 C-678.473780 X20.750579 Y266.266443 Z380.891966 E7661.024423 F1200.000
; T08 POINT 439 point-0000439 deposition
G1 A92.224695 C-679.193104 X25.240100 Y266.121676 Z380.710852 E7666.588953 F1200.000
; T08 POINT 440 point-0000440 deposition
G1 A92.248611 C-679.912498 X29.726004 Y265.981560 Z380.472255 E7672.153423 F1200.000
; T08 POINT 441 point-0000441 deposition
G1 A92.272175 C-680.631955 X34.207547 Y265.846184 Z380.176203 E7677.717833 F1200.000
; T08 POINT 442 point-0000442 deposition
G1 A92.295382 C-681.351467 X38.683984 Y265.715636 Z379.822739 E7683.282182 F1200.000
; T08 POINT 443 point-0000443 deposition
G1 A92.318227 C-682.071029 X43.154573 Y265.590000 Z379.411914 E7688.846470 F1200.000
; T08 POINT 444 point-0000444 deposition
G1 A92.340709 C-682.790633 X47.618573 Y265.469358 Z378.943791 E7694.410699 F1200.000
; T08 POINT 445 point-0000445 deposition
G1 A92.362822 C-683.510271 X52.075241 Y265.353786 Z378.418445 E7699.974868 F1200.000
; T08 POINT 446 point-0000446 deposition
G1 A92.384562 C-684.229938 X56.523838 Y265.243358 Z377.835962 E7705.538978 F1200.000
; T08 POINT 447 point-0000447 deposition
G1 A92.405927 C-684.949626 X60.963626 Y265.138146 Z377.196439 E7711.103028 F1200.000
; T08 POINT 448 point-0000448 deposition
G1 A92.426912 C-685.669329 X65.393867 Y265.038217 Z376.499983 E7716.667020 F1200.000
; T08 POINT 449 point-0000449 deposition
G1 A92.447515 C-686.389038 X69.813828 Y264.943634 Z375.746714 E7722.230953 F1200.000
; T08 POINT 450 point-0000450 deposition
G1 A92.467731 C-687.108748 X74.222774 Y264.854458 Z374.936762 E7727.794828 F1200.000
; T08 POINT 451 point-0000451 deposition
G1 A92.487558 C-687.828451 X78.619975 Y264.770744 Z374.070268 E7733.358645 F1200.000
; T08 POINT 452 point-0000452 deposition
G1 A92.506991 C-688.548140 X83.004703 Y264.692547 Z373.147383 E7738.922404 F1200.000
; T08 POINT 453 point-0000453 deposition
G1 A92.526029 C-689.267809 X87.376231 Y264.619916 Z372.168272 E7744.486106 F1200.000
; T08 POINT 454 point-0000454 deposition
G1 A92.544667 C-689.987450 X91.733836 Y264.552895 Z371.133108 E7750.049751 F1200.000
; T08 POINT 455 point-0000455 deposition
G1 A92.562903 C-690.707057 X96.076798 Y264.491526 Z370.042075 E7755.613340 F1200.000
; T08 POINT 456 point-0000456 deposition
G1 A92.580733 C-691.426622 X100.404400 Y264.435849 Z368.895369 E7761.176873 F1200.000
; T08 POINT 457 point-0000457 deposition
G1 A92.598156 C-692.146138 X104.715927 Y264.385896 Z367.693197 E7766.740350 F1200.000
; T08 POINT 458 point-0000458 deposition
G1 A92.615167 C-692.865600 X109.010668 Y264.341699 Z366.435774 E7772.303773 F1200.000
; T08 POINT 459 point-0000459 deposition
G1 A92.631765 C-693.584998 X113.287918 Y264.303283 Z365.123330 E7777.867140 F1200.000
; T08 POINT 460 point-0000460 deposition
G1 A92.647947 C-694.304328 X117.546972 Y264.270672 Z363.756100 E7783.430454 F1200.000
; T08 POINT 461 point-0000461 deposition
G1 A92.663709 C-695.023581 X121.787132 Y264.243884 Z362.334334 E7788.993714 F1200.000
; T08 POINT 462 point-0000462 deposition
G1 A92.679051 C-695.742751 X126.007701 Y264.222934 Z360.858291 E7794.556921 F1200.000
; T08 POINT 463 point-0000463 deposition
G1 A92.693969 C-696.461832 X130.207990 Y264.207834 Z359.328239 E7800.120076 F1200.000
; T08 POINT 464 point-0000464 deposition
G1 A92.708461 C-697.180815 X134.387311 Y264.198591 Z357.744457 E7805.683178 F1200.000
; T08 POINT 465 point-0000465 deposition
G1 A92.722524 C-697.899695 X138.544983 Y264.195207 Z356.107235 E7811.246229 F1200.000
; T08 POINT 466 point-0000466 deposition
G1 A92.578228 C-691.324516 X98.371548 Y264.478331 Z369.035986 E7819.460092 F1200.000
; T08 POINT 467 point-0000467 deposition
G1 A92.595691 C-692.043336 X102.680957 Y264.426811 Z367.848416 E7825.023022 F1200.000
; T08 POINT 468 point-0000468 deposition
G1 A92.612749 C-692.762262 X106.974732 Y264.381016 Z366.605388 E7830.585905 F1200.000
; T08 POINT 469 point-0000469 deposition
G1 A92.629398 C-693.481290 X111.252154 Y264.340975 Z365.307089 E7836.148743 F1200.000
; T08 POINT 470 point-0000470 deposition
G1 A92.645635 C-694.200411 X115.512511 Y264.306716 Z363.953717 E7841.711535 F1200.000
; T08 POINT 471 point-0000471 deposition
G1 A92.661457 C-694.919619 X119.755091 Y264.278262 Z362.545481 E7847.274284 F1200.000
; T08 POINT 472 point-0000472 deposition
G1 A92.676862 C-695.638907 X123.979186 Y264.255634 Z361.082601 E7852.836988 F1200.000
; T08 POINT 473 point-0000473 deposition
G1 A92.691846 C-696.358268 X128.184090 Y264.238846 Z359.565307 E7858.399650 F1200.000
; T08 POINT 474 point-0000474 deposition
G1 A92.706408 C-697.077695 X132.369103 Y264.227912 Z357.993839 E7863.962270 F1200.000
; T08 POINT 475 point-0000475 deposition
G1 A92.720545 C-697.797182 X136.533525 Y264.222838 Z356.368450 E7869.524847 F1200.000
; T08 POINT 476 point-0000476 deposition
G1 A92.734254 C-698.516721 X140.676664 Y264.223629 Z354.689401 E7875.087385 F1200.000
; T08 POINT 477 point-0000477 deposition
G1 A92.747533 C-699.236305 X144.797827 Y264.230286 Z352.956964 E7880.649882 F1200.000
; T08 POINT 478 point-0000478 deposition
G1 A92.760379 C-699.955928 X148.896330 Y264.242804 Z351.171423 E7886.212339 F1200.000
; T08 POINT 479 point-0000479 deposition
G1 A92.772791 C-700.675582 X152.971489 Y264.261176 Z349.333069 E7891.774758 F1200.000
; T08 POINT 480 point-0000480 deposition
G1 A92.784767 C-701.395261 X157.022627 Y264.285392 Z347.442208 E7897.337140 F1200.000
; T08 POINT 481 point-0000481 deposition
G1 A92.796304 C-702.114957 X161.049071 Y264.315434 Z345.499151 E7902.899484 F1200.000
; T08 POINT 482 point-0000482 deposition
G1 A92.807400 C-702.834664 X165.050152 Y264.351285 Z343.504222 E7908.461792 F1200.000
; T08 POINT 483 point-0000483 deposition
G1 A92.818054 C-703.554374 X169.025208 Y264.392920 Z341.457755 E7914.024065 F1200.000
; T08 POINT 484 point-0000484 deposition
G1 A92.828264 C-704.274082 X172.973579 Y264.440314 Z339.360093 E7919.586303 F1200.000
; T08 POINT 485 point-0000485 deposition
G1 A92.838028 C-704.993778 X176.894612 Y264.493436 Z337.211590 E7925.148507 F1200.000
; T08 POINT 486 point-0000486 deposition
G1 A92.847344 C-705.713458 X180.787660 Y264.552250 Z335.012608 E7930.710679 F1200.000
; T08 POINT 487 point-0000487 deposition
G1 A92.856212 C-706.433113 X184.652081 Y264.616719 Z332.763520 E7936.272818 F1200.000
; T08 POINT 488 point-0000488 deposition
G1 A92.864629 C-707.152737 X188.487239 Y264.686800 Z330.464709 E7941.834927 F1200.000
; T08 POINT 489 point-0000489 deposition
G1 A92.872595 C-707.872323 X192.292503 Y264.762449 Z328.116564 E7947.397005 F1200.000
; T08 POINT 490 point-0000490 deposition
G1 A92.880107 C-708.591864 X196.067248 Y264.843614 Z325.719489 E7952.959053 F1200.000
; T08 POINT 491 point-0000491 deposition
G1 A92.887166 C-709.311353 X199.810856 Y264.930244 Z323.273892 E7958.521073 F1200.000
; T08 POINT 492 point-0000492 deposition
G1 A92.893769 C-710.030782 X203.522716 Y265.022282 Z320.780193 E7964.083065 F1200.000
; T08 POINT 493 point-0000493 deposition
G1 A92.899917 C-710.750146 X207.202223 Y265.119667 Z318.238821 E7969.645031 F1200.000
; T08 POINT 494 point-0000494 deposition
G1 A92.905607 C-711.469437 X210.848777 Y265.222335 Z315.650212 E7975.206970 F1200.000
; T08 POINT 495 point-0000495 deposition
G1 A92.910840 C-712.188648 X214.461788 Y265.330220 Z313.014813 E7980.768885 F1200.000
; T08 POINT 496 point-0000496 deposition
G1 A92.915614 C-712.907772 X218.040669 Y265.443250 Z310.333078 E7986.330775 F1200.000
; T08 POINT 497 point-0000497 deposition
G1 A92.919930 C-713.626803 X221.584843 Y265.561352 Z307.605471 E7991.892643 F1200.000
; T08 POINT 498 point-0000498 deposition
G1 A92.923785 C-714.345734 X225.093740 Y265.684448 Z304.832464 E7997.454488 F1200.000
; T08 POINT 499 point-0000499 deposition
G1 A92.927181 C-715.064557 X228.566796 Y265.812458 Z302.014535 E8003.016312 F1200.000
; T08 POINT 500 point-0000500 deposition
G1 A92.879065 C-708.489376 X194.111626 Y264.846241 Z326.040455 E8011.228421 F1200.000
; T08 POINT 501 point-0000501 deposition
G1 A92.886182 C-709.208252 X197.856289 Y264.931126 Z323.609403 E8016.790201 F1200.000
; T08 POINT 502 point-0000502 deposition
G1 A92.892847 C-709.927232 X201.570229 Y265.021435 Z321.129708 E8022.351967 F1200.000
; T08 POINT 503 point-0000503 deposition
G1 A92.899058 C-710.646309 X205.252821 Y265.117113 Z318.601764 E8027.913718 F1200.000
; T08 POINT 504 point-0000504 deposition
G1 A92.904813 C-711.365476 X208.903445 Y265.218101 Z316.025974 E8033.475457 F1200.000
; T08 POINT 505 point-0000505 deposition
G1 A92.910112 C-712.084726 X212.521485 Y265.324336 Z313.402748 E8039.037184 F1200.000
; T08 POINT 506 point-0000506 deposition
G1 A92.914954 C-712.804053 X216.106334 Y265.435751 Z310.732510 E8044.598899 F1200.000
; T08 POINT 507 point-0000507 deposition
G1 A92.919338 C-713.523449 X219.657388 Y265.552276 Z308.015688 E8050.160605 F1200.000
; T08 POINT 508 point-0000508 deposition
G1 A92.923262 C-714.242908 X223.174053 Y265.673839 Z305.252722 E8055.722302 F1200.000
; T08 POINT 509 point-0000509 deposition
G1 A92.926726 C-714.962423 X226.655738 Y265.800362 Z302.444062 E8061.283991 F1200.000
; T08 POINT 510 point-0000510 deposition
G1 A92.929730 C-715.681986 X230.101860 Y265.931765 Z299.590165 E8066.845673 F1200.000
; T08 POINT 511 point-0000511 deposition
G1 A92.932273 C-716.401591 X233.511843 Y266.067966 Z296.691498 E8072.407349 F1200.000
; T08 POINT 512 point-0000512 deposition
G1 A92.934354 C-717.121231 X236.885118 Y266.208878 Z293.748535 E8077.969020 F1200.000
; T08 POINT 513 point-0000513 deposition
G1 A92.935973 C-717.840899 X240.221123 Y266.354411 Z290.761761 E8083.530687 F1200.000
; T08 POINT 514 point-0000514 deposition
G1 A92.937130 C-718.560588 X243.519302 Y266.504472 Z287.731668 E8089.092350 F1200.000
; T08 POINT 515 point-0000515 deposition
G1 A92.937824 C-719.280290 X246.779108 Y266.658966 Z284.658756 E8094.654012 F1200.000
; T08 POINT 516 point-0000516 deposition
G1 A92.938055 C-720.000000 X250.000000 Y266.817794 Z281.543536 E8100.215673 F1200.000
; T08 EVENT event-0000006 retract
G1 E8099.215673 F3000.000
; T08 POINT 517 point-0000517 depart
G1 A92.938055 C-720.000000 X250.000000 Y266.817794 Z291.543536 F3000.000
; T08 EVENT event-0000007 index_start
; T08 POINT 518 point-0000518 travel
G1 A104.690277 C-720.000000 X250.000000 Y197.535248 Z339.329621 F3000.000
; T08 EVENT event-0000008 index_end
; T08 POINT 519 point-0000519 approach
G1 A104.690277 C-720.000000 X250.000000 Y197.535248 Z329.329621 F3000.000
; T08 EVENT event-0000009 prime
G1 E8100.215673 F1200.000
; T08 POINT 520 point-0000520 deposition
G1 A104.672250 C-722.902129 X262.413240 Y200.921056 Z316.710562 E8131.860018 F1200.000
; T08 POINT 521 point-0000521 deposition
G1 A104.618222 C-725.803262 X274.149434 Y204.632165 Z303.373379 E8163.505044 F1200.000
; T08 POINT 522 point-0000522 deposition
G1 A104.528345 C-728.702574 X285.176211 Y208.631115 Z289.349532 E8195.149977 F1200.000
; T08 POINT 523 point-0000523 deposition
G1 A104.402871 C-731.599263 X295.463972 Y212.877544 Z274.672015 E8226.794597 F1200.000
; T08 POINT 524 point-0000524 deposition
G1 A104.242146 C-734.492538 X304.985960 Y217.328614 Z259.375405 E8258.439019 F1200.000
; T08 POINT 525 point-0000525 deposition
G1 A104.046616 C-737.381609 X313.718329 Y221.939463 Z243.495928 E8290.083505 F1200.000
; T08 POINT 526 point-0000526 deposition
G1 A103.816823 C-740.265674 X321.640212 Y226.663663 Z227.071542 E8321.728279 F1200.000
; T08 POINT 527 point-0000527 deposition
G1 A103.553412 C-743.143909 X328.733789 Y231.453711 Z210.142035 E8353.373348 F1200.000
; T08 POINT 528 point-0000528 deposition
G1 A103.257135 C-746.015454 X334.984348 Y236.261517 Z192.749133 E8385.018315 F1200.000
; T08 POINT 529 point-0000529 deposition
G1 A102.928807 C-748.879757 X340.381089 Y241.039533 Z174.934329 E8416.662313 F1200.000
; T08 POINT 530 point-0000530 deposition
G1 A102.569205 C-751.737240 X344.917766 Y245.742356 Z156.734341 E8448.305817 F1200.000
; T08 POINT 531 point-0000531 deposition
G1 A102.179369 C-754.586807 X348.587757 Y250.322960 Z138.196874 E8479.949320 F1200.000
; T08 POINT 532 point-0000532 deposition
G1 A101.760338 C-757.428114 X351.388845 Y254.737044 Z119.366357 E8511.592839 F1200.000
; T08 POINT 533 point-0000533 deposition
G1 A101.313224 C-760.260863 X353.321475 Y258.942254 Z100.288266 E8543.236350 F1200.000
; T08 POINT 534 point-0000534 deposition
G1 A100.839193 C-763.084910 X354.388701 Y262.898750 Z81.008258 E8574.879859 F1200.000
; T08 POINT 535 point-0000535 deposition
G1 A100.339469 C-765.900177 X354.595878 Y266.569415 Z61.572689 E8606.523387 F1200.000
; T08 POINT 536 point-0000536 deposition
G1 A99.815301 C-768.706825 X353.950486 Y269.920388 Z42.027261 E8638.167094 F1200.000
; T08 POINT 537 point-0000537 deposition
G1 A99.268105 C-771.504473 X352.462036 Y272.920419 Z22.422378 E8669.810907 F1200.000
; T08 POINT 538 point-0000538 deposition
G1 A98.699219 C-774.293484 X350.141896 Y275.542698 Z2.804024 E8701.454656 F1200.000
; T08 POINT 539 point-0000539 deposition
G1 A98.110028 C-777.074225 X347.002853 Y277.764041 Z-16.781222 E8733.098377 F1200.000
; T08 POINT 540 point-0000540 deposition
G1 A97.501981 C-779.846999 X343.059137 Y279.565033 Z-36.285844 E8764.742160 F1200.000
; T08 POINT 541 point-0000541 deposition
G1 A96.876594 C-782.612028 X338.326481 Y280.930240 Z-55.661427 E8796.385988 F1200.000
; T08 POINT 542 point-0000542 deposition
G1 A96.235373 C-785.369772 X332.821589 Y281.848507 Z-74.861042 E8828.029683 F1200.000
; T08 POINT 543 point-0000543 deposition
G1 A95.579778 C-788.121040 X326.561484 Y282.312877 Z-93.840159 E8859.673418 F1200.000
; T08 POINT 544 point-0000544 deposition
G1 A94.911437 C-790.866078 X319.565213 Y282.320367 Z-112.550474 E8891.317162 F1200.000
; T08 POINT 545 point-0000545 deposition
G1 A94.231863 C-793.605730 X311.851443 Y281.872247 Z-130.948103 E8922.960856 F1200.000
; T08 POINT 546 point-0000546 deposition
G1 A93.542622 C-796.340720 X303.439752 Y280.973769 Z-148.988739 E8954.604568 F1200.000
; T08 POINT 547 point-0000547 deposition
G1 A92.845340 C-799.071631 X294.350833 Y279.634231 Z-166.627769 E8986.248322 F1200.000
; T08 POINT 548 point-0000548 deposition
G1 A92.141656 C-801.799065 X284.606111 Y277.866900 Z-183.821541 E9017.891993 F1200.000
; T08 POINT 549 point-0000549 deposition
G1 A91.433063 C-804.524238 X274.225512 Y275.688392 Z-200.531162 E9049.535560 F1200.000
; T08 POINT 550 point-0000550 deposition
G1 A90.721221 C-807.247762 X263.231493 Y273.119242 Z-216.714954 E9081.179118 F1200.000
; T08 POINT 551 point-0000551 deposition
G1 A90.007742 C-809.970467 X251.646375 Y270.183274 Z-232.333815 E9112.822682 F1200.000
; T08 POINT 552 point-0000552 deposition
G1 A89.294185 C-812.693396 X239.492134 Y266.907271 Z-247.351119 E9144.466359 F1200.000
; T08 POINT 553 point-0000553 deposition
G1 A88.582290 C-815.416897 X226.794295 Y263.321815 Z-261.727915 E9176.110125 F1200.000
; T08 POINT 554 point-0000554 deposition
G1 A87.873620 C-818.141985 X213.576247 Y259.459505 Z-275.430592 E9207.753841 F1200.000
; T08 POINT 555 point-0000555 deposition
G1 A87.169740 C-820.869646 X199.862017 Y255.355382 Z-288.426914 E9239.397530 F1200.000
; T08 POINT 556 point-0000556 deposition
G1 A86.472261 C-823.600642 X185.677334 Y251.046983 Z-300.685280 E9271.041265 F1200.000
; T08 POINT 557 point-0000557 deposition
G1 A85.782845 C-826.335483 X171.049983 Y246.574166 Z-312.174999 E9302.684989 F1200.000
; T08 POINT 558 point-0000558 deposition
G1 A85.102935 C-829.075479 X156.004434 Y241.977111 Z-322.870689 E9334.328750 F1200.000
; T08 POINT 559 point-0000559 deposition
G1 A84.434199 C-831.820974 X140.570935 Y237.298786 Z-332.744991 E9365.972704 F1200.000
; T08 POINT 560 point-0000560 deposition
G1 A83.778271 C-834.572307 X124.780817 Y232.583110 Z-341.773114 E9397.616652 F1200.000
; T08 POINT 561 point-0000561 deposition
G1 A83.136620 C-837.330396 X108.663229 Y227.873587 Z-349.934473 E9429.260486 F1200.000
; T08 POINT 562 point-0000562 deposition
G1 A82.510739 C-840.095931 X92.249432 Y223.214255 Z-357.209772 E9460.904301 F1200.000
; T08 POINT 563 point-0000563 deposition
G1 A81.902143 C-842.869360 X75.573040 Y218.649337 Z-363.581284 E9492.548213 F1200.000
; T08 POINT 564 point-0000564 deposition
G1 A81.312361 C-845.650867 X58.670273 Y214.222845 Z-369.033159 E9524.192183 F1200.000
; T08 POINT 565 point-0000565 deposition
G1 A80.742887 C-848.440550 X41.578915 Y209.977825 Z-373.552077 E9555.835916 F1200.000
; T08 POINT 566 point-0000566 deposition
G1 A80.194986 C-851.239408 X24.332453 Y205.954589 Z-377.128393 E9587.479500 F1200.000
; T08 POINT 567 point-0000567 deposition
G1 A79.670123 C-854.047202 X6.972621 Y202.193406 Z-379.752855 E9619.123078 F1200.000
; T08 POINT 568 point-0000568 deposition
G1 A79.169611 C-856.864152 X-10.460574 Y198.731624 Z-381.419319 E9650.766630 F1200.000
; T08 POINT 569 point-0000569 deposition
G1 A78.694740 C-859.690274 X-27.925072 Y195.604202 Z-382.123784 E9682.410207 F1200.000
; T08 POINT 570 point-0000570 deposition
G1 A78.246771 C-862.525365 X-45.376713 Y192.843271 Z-381.864600 E9714.053763 F1200.000
; T08 POINT 571 point-0000571 deposition
G1 A77.826859 C-865.369419 X-62.771853 Y190.477354 Z-380.642444 E9745.697264 F1200.000
; T08 POINT 572 point-0000572 deposition
G1 A77.436138 C-868.222110 X-80.064431 Y188.531519 Z-378.460312 E9777.340756 F1200.000
; T08 POINT 573 point-0000573 deposition
G1 A77.075660 C-871.083127 X-97.208116 Y187.026743 Z-375.323478 E9808.984248 F1200.000
; T08 POINT 574 point-0000574 deposition
G1 A76.746394 C-873.952168 X-114.156451 Y185.979700 Z-371.239314 E9840.627794 F1200.000
; T08 POINT 575 point-0000575 deposition
G1 A76.449220 C-876.829074 X-130.863723 Y185.402583 Z-366.216880 E9872.272054 F1200.000
; T08 POINT 576 point-0000576 deposition
G1 A76.185050 C-879.712466 X-147.277721 Y185.302994 Z-360.269577 E9903.916664 F1200.000
; T08 POINT 577 point-0000577 deposition
G1 A75.954608 C-882.601803 X-163.351491 Y185.683337 Z-353.411708 E9935.561116 F1200.000
; T08 POINT 578 point-0000578 deposition
G1 A75.758532 C-885.496459 X-179.038357 Y186.541112 Z-345.659651 E9967.205328 F1200.000
; T08 POINT 579 point-0000579 deposition
G1 A75.597377 C-888.395721 X-194.292163 Y187.868860 Z-337.031884 E9998.849455 F1200.000
; T08 POINT 580 point-0000580 deposition
G1 A75.471604 C-891.298781 X-209.067543 Y189.654170 Z-327.549036 E10030.493717 F1200.000
; T08 POINT 581 point-0000581 deposition
G1 A75.381580 C-894.204734 X-223.320193 Y191.879737 Z-317.233949 E10062.138228 F1200.000
; T08 POINT 582 point-0000582 deposition
G1 A75.327568 C-897.112568 X-237.007160 Y194.523472 Z-306.111778 E10093.782818 F1200.000
; T08 POINT 583 point-0000583 deposition
G1 A75.309724 C-900.021152 X-250.087118 Y197.558662 Z-294.210123 E10125.426851 F1200.000
; T08 POINT 584 point-0000584 deposition
G1 A75.328072 C-902.927958 X-262.515806 Y200.952644 Z-281.564853 E10157.071631 F1200.000
; T08 POINT 585 point-0000585 deposition
G1 A75.382492 C-905.831935 X-274.258360 Y204.670262 Z-268.208203 E10188.717630 F1200.000
; T08 POINT 586 point-0000586 deposition
G1 A75.472802 C-908.733382 X-285.287386 Y208.674947 Z-254.167490 E10220.363742 F1200.000
; T08 POINT 587 point-0000587 deposition
G1 A75.598762 C-911.632234 X-295.576028 Y212.927128 Z-239.472451 E10252.009492 F1200.000
; T08 POINT 588 point-0000588 deposition
G1 A75.760047 C-914.528086 X-305.098550 Y217.384453 Z-224.155626 E10283.654833 F1200.000
; T08 POINT 589 point-0000589 deposition
G1 A75.956232 C-917.420210 X-313.830884 Y222.002087 Z-208.252720 E10315.299965 F1200.000
; T08 POINT 590 point-0000590 deposition
G1 A76.186766 C-920.307547 X-321.751160 Y226.733088 Z-191.802992 E10346.945164 F1200.000
; T08 POINT 591 point-0000591 deposition
G1 A76.450953 C-923.188694 X-328.840206 Y231.528850 Z-174.849676 E10378.590609 F1200.000
; T08 POINT 592 point-0000592 deposition
G1 A76.747925 C-926.061865 X-335.082074 Y236.339603 Z-157.440489 E10410.236217 F1200.000
; T08 POINT 593 point-0000593 deposition
G1 A77.076696 C-928.925481 X-340.465540 Y241.116049 Z-139.624113 E10441.881682 F1200.000
; T08 POINT 594 point-0000594 deposition
G1 A77.436512 C-931.780733 X-344.986867 Y245.814100 Z-121.433378 E10473.527219 F1200.000
; T08 POINT 595 point-0000595 deposition
G1 A77.826600 C-934.628760 X-348.643174 Y250.390494 Z-102.901868 E10505.172374 F1200.000
; T08 POINT 596 point-0000596 deposition
G1 A78.246297 C-937.471537 X-351.432951 Y254.804334 Z-84.058203 E10536.816331 F1200.000
; T08 POINT 597 point-0000597 deposition
G1 A78.694242 C-940.306671 X-353.353431 Y259.009714 Z-64.961091 E10568.459870 F1200.000
; T08 POINT 598 point-0000598 deposition
G1 A79.169090 C-943.132836 X-354.406911 Y262.964956 Z-45.664164 E10600.103429 F1200.000
; T08 POINT 599 point-0000599 deposition
G1 A79.669581 C-945.949829 X-354.599069 Y266.632815 Z-26.214825 E10631.746963 F1200.000
; T08 POINT 600 point-0000600 deposition
G1 A80.194426 C-948.757666 X-353.937802 Y269.979365 Z-6.659951 E10663.390523 F1200.000
; T08 POINT 601 point-0000601 deposition
G1 A80.742310 C-951.556567 X-352.432833 Y272.974176 Z12.954110 E10695.034090 F1200.000
; T08 POINT 602 point-0000602 deposition
G1 A81.311770 C-954.346292 X-350.096173 Y275.589930 Z32.577060 E10726.677805 F1200.000
; T08 POINT 603 point-0000603 deposition
G1 A81.901539 C-957.127840 X-346.940098 Y277.804122 Z52.166705 E10758.321757 F1200.000
; T08 POINT 604 point-0000604 deposition
G1 A82.510124 C-959.901310 X-342.979187 Y279.597250 Z71.674049 E10789.965651 F1200.000
; T08 POINT 605 point-0000605 deposition
G1 A83.135996 C-962.666885 X-338.229502 Y280.954003 Z91.050350 E10821.609448 F1200.000
; T08 POINT 606 point-0000606 deposition
G1 A83.777640 C-965.425013 X-332.707950 Y281.863377 Z110.248594 E10853.253265 F1200.000
; T08 POINT 607 point-0000607 deposition
G1 A84.433562 C-968.176386 X-326.431908 Y282.318539 Z129.223444 E10884.897195 F1200.000
; T08 POINT 608 point-0000608 deposition
G1 A85.102295 C-970.921919 X-319.418891 Y282.316681 Z147.931194 E10916.541131 F1200.000
; T08 POINT 609 point-0000609 deposition
G1 A85.782203 C-973.661953 X-311.688802 Y281.859097 Z166.324478 E10948.184875 F1200.000
; T08 POINT 610 point-0000610 deposition
G1 A86.471619 C-976.396830 X-303.262661 Y280.951370 Z184.356530 E10979.828581 F1200.000
; T08 POINT 611 point-0000611 deposition
G1 A87.169100 C-979.127861 X-294.158934 Y279.602683 Z201.987600 E11011.472298 F1200.000
; T08 POINT 612 point-0000612 deposition
G1 A87.872984 C-981.855558 X-284.399351 Y277.826375 Z219.173382 E11043.115969 F1200.000
; T08 POINT 613 point-0000613 deposition
G1 A88.581658 C-984.580680 X-274.005451 Y275.639460 Z235.872172 E11074.759668 F1200.000
; T08 POINT 614 point-0000614 deposition
G1 A89.293559 C-987.304214 X-262.998391 Y273.062312 Z252.044684 E11106.403416 F1200.000
; T08 POINT 615 point-0000615 deposition
G1 A90.007124 C-990.027176 X-251.399606 Y270.118582 Z267.652859 E11138.047075 F1200.000
; T08 POINT 616 point-0000616 deposition
G1 A90.720613 C-992.749913 X-239.234198 Y266.835934 Z282.656193 E11169.690621 F1200.000
; T08 POINT 617 point-0000617 deposition
G1 A91.432465 C-995.473468 X-226.524750 Y263.244238 Z297.019676 E11201.334161 F1200.000
; T08 POINT 618 point-0000618 deposition
G1 A92.141070 C-998.198672 X-213.295396 Y259.376334 Z310.708652 E11232.977711 F1200.000
; T08 POINT 619 point-0000619 deposition
G1 A92.844767 C-1000.926135 X-199.572080 Y255.267881 Z323.689152 E11264.621364 F1200.000
; T08 POINT 620 point-0000620 deposition
G1 A93.542063 C-1003.657076 X-185.378194 Y250.955769 Z335.931868 E11296.265101 F1200.000
; T08 POINT 621 point-0000621 deposition
G1 A94.231318 C-1006.392095 X-170.741091 Y246.479737 Z347.406418 E11327.908795 F1200.000
; T08 POINT 622 point-0000622 deposition
G1 A94.910909 C-1009.131776 X-155.689097 Y241.881174 Z358.084531 E11359.552471 F1200.000
; T08 POINT 623 point-0000623 deposition
G1 A95.579268 C-1011.876842 X-140.250599 Y237.202471 Z367.940675 E11391.196197 F1200.000
; T08 POINT 624 point-0000624 deposition
G1 A96.234881 C-1014.628138 X-124.454075 Y232.486685 Z376.951801 E11422.839915 F1200.000
; T08 POINT 625 point-0000625 deposition
G1 A96.876160 C-1017.386082 X-108.331452 Y227.778155 Z385.095618 E11454.483528 F1200.000
; T08 POINT 626 point-0000626 deposition
G1 A97.501632 C-1020.151431 X-91.913545 Y223.120766 Z392.353153 E11486.127230 F1200.000
; T08 POINT 627 point-0000627 deposition
G1 A98.109742 C-1022.924449 X-75.235190 Y218.559034 Z398.706375 E11517.770916 F1200.000
; T08 POINT 628 point-0000628 deposition
G1 A98.698977 C-1025.705354 X-58.332531 Y214.136857 Z404.139788 E11549.414570 F1200.000
; T08 POINT 629 point-0000629 deposition
G1 A99.267930 C-1028.494647 X-41.240922 Y209.896596 Z408.640896 E11581.058209 F1200.000
; T08 POINT 630 point-0000630 deposition
G1 A99.815203 C-1031.292659 X-23.997732 Y205.879436 Z412.199142 E11612.701883 F1200.000
; T08 POINT 631 point-0000631 deposition
G1 A100.339396 C-1034.099423 X-6.643179 Y202.125124 Z414.805993 E11644.345541 F1200.000
; T08 POINT 632 point-0000632 deposition
G1 A100.839122 C-1036.914677 X10.779729 Y198.671427 Z416.455329 E11675.989069 F1200.000
; T08 POINT 633 point-0000633 deposition
G1 A101.313152 C-1039.738693 X28.230638 Y195.552676 Z417.143876 E11707.632582 F1200.000
; T08 POINT 634 point-0000634 deposition
G1 A101.760274 C-1042.571468 X45.666721 Y192.800537 Z416.870365 E11739.276077 F1200.000
; T08 POINT 635 point-0000635 deposition
G1 A102.179314 C-1045.412806 X63.043327 Y190.443460 Z415.635803 E11770.919579 F1200.000
; T08 POINT 636 point-0000636 deposition
G1 A102.569158 C-1048.262404 X80.314685 Y188.506200 Z413.443557 E11802.563066 F1200.000
; T08 POINT 637 point-0000637 deposition
G1 A102.928768 C-1051.119919 X97.434503 Y187.009451 Z410.299291 E11834.206552 F1200.000
; T08 POINT 638 point-0000638 deposition
G1 A103.257104 C-1053.984254 X114.351746 Y185.969825 Z406.212005 E11865.850532 F1200.000
; T08 POINT 639 point-0000639 deposition
G1 A103.553387 C-1056.855830 X131.024920 Y185.398722 Z401.190750 E11897.495481 F1200.000
; T08 POINT 640 point-0000640 deposition
G1 A103.816803 C-1059.734098 X147.406749 Y185.303420 Z395.247596 E11929.140531 F1200.000
; T08 POINT 641 point-0000641 deposition
G1 A104.046601 C-1062.618195 X163.448675 Y185.686317 Z388.397368 E11960.785287 F1200.000
; T08 POINT 642 point-0000642 deposition
G1 A104.242136 C-1065.507298 X179.103241 Y186.544767 Z380.657003 E11992.429755 F1200.000
; T08 POINT 643 point-0000643 deposition
G1 A104.402865 C-1068.400606 X194.324230 Y187.871139 Z372.045415 E12024.074160 F1200.000
; T08 POINT 644 point-0000644 deposition
G1 A104.528342 C-1071.297327 X209.066814 Y189.652914 Z362.583389 E12055.718761 F1200.000
; T08 POINT 645 point-0000645 deposition
G1 A104.618220 C-1074.196672 X223.287709 Y191.872815 Z352.293523 E12087.363677 F1200.000
; T08 POINT 646 point-0000646 deposition
G1 A104.672250 C-1077.097838 X236.945338 Y194.508996 Z341.200205 E12119.008685 F1200.000
; T08 POINT 647 point-0000647 deposition
G1 A104.690277 C-1080.000000 X250.000000 Y197.535248 Z329.329621 E12150.653011 F1200.000
; T08 EVENT event-0000010 retract
G1 E12149.653011 F3000.000
; T08 POINT 648 point-0000648 depart
G1 A104.690277 C-1080.000000 X250.000000 Y197.535248 Z339.329621 F3000.000
; T08 EVENT event-0000011 index_start
; T08 POINT 649 point-0000649 travel
G1 A122.318610 C-1080.000000 X250.000000 Y83.943032 Z383.246431 F3000.000
; T08 EVENT event-0000012 index_end
; T08 POINT 650 point-0000650 approach
G1 A122.318610 C-1080.000000 X250.000000 Y83.943032 Z373.246431 F3000.000
; T08 EVENT event-0000013 prime
G1 E12150.653011 F1200.000
; T08 POINT 651 point-0000651 deposition
G1 A122.275254 C-1083.315747 X264.371610 Y92.161995 Z360.595315 E12182.282424 F1200.000
; T08 POINT 652 point-0000652 deposition
G1 A122.145468 C-1086.624135 X277.828904 Y101.270122 Z347.127573 E12213.912225 F1200.000
; T08 POINT 653 point-0000653 deposition
G1 A121.929928 C-1089.920031 X290.314600 Y111.154051 Z332.871527 E12245.541964 F1200.000
; T08 POINT 654 point-0000654 deposition
G1 A121.629693 C-1093.198028 X301.780072 Y121.689672 Z317.858827 E12277.171548 F1200.000
; T08 POINT 655 point-0000655 deposition
G1 A121.246245 C-1096.452557 X312.186702 Y132.744192 Z302.125036 E12308.801055 F1200.000
; T08 POINT 656 point-0000656 deposition
G1 A120.781537 C-1099.677985 X321.506798 Y144.178494 Z285.710247 E12340.430550 F1200.000
; T08 POINT 657 point-0000657 deposition
G1 A120.237922 C-1102.869216 X329.725535 Y155.851686 Z268.656798 E12372.060085 F1200.000
; T08 POINT 658 point-0000658 deposition
G1 A119.617958 C-1106.022510 X336.842064 Y167.626866 Z251.004849 E12403.689770 F1200.000
; T08 POINT 659 point-0000659 deposition
G1 A118.924375 C-1109.135052 X342.866349 Y179.372028 Z232.794134 E12435.319467 F1200.000
; T08 POINT 660 point-0000660 deposition
G1 A118.159665 C-1112.206225 X347.819561 Y190.966849 Z214.055676 E12466.949031 F1200.000
; T08 POINT 661 point-0000661 deposition
G1 A117.326287 C-1115.236040 X351.728010 Y202.297859 Z194.819974 E12498.579275 F1200.000
; T08 POINT 662 point-0000662 deposition
G1 A116.428237 C-1118.220018 X354.616447 Y213.240149 Z175.151228 E12530.209859 F1200.000
; T08 POINT 663 point-0000663 deposition
G1 A115.469324 C-1121.156063 X356.519804 Y223.685354 Z155.105486 E12561.840327 F1200.000
; T08 POINT 664 point-0000664 deposition
G1 A114.453201 C-1124.043615 X357.478582 Y233.539260 Z134.734074 E12593.470517 F1200.000
; T08 POINT 665 point-0000665 deposition
G1 A113.383351 C-1126.883221 X357.535962 Y242.720398 Z114.085136 E12625.100471 F1200.000
; T08 POINT 666 point-0000666 deposition
G1 A112.263127 C-1129.676167 X356.735794 Y251.158591 Z93.205297 E12656.730355 F1200.000
; T08 POINT 667 point-0000667 deposition
G1 A111.095836 C-1132.424094 X355.121367 Y258.793477 Z72.141843 E12688.360408 F1200.000
; T08 POINT 668 point-0000668 deposition
G1 A109.884776 C-1135.128853 X352.734760 Y265.573902 Z50.943477 E12719.990818 F1200.000
; T08 POINT 669 point-0000669 deposition
G1 A108.633124 C-1137.792701 X349.616158 Y271.458195 Z29.658368 E12751.621462 F1200.000
; T08 POINT 670 point-0000670 deposition
G1 A107.344420 C-1140.417255 X345.804541 Y276.411624 Z8.342213 E12783.252111 F1200.000
; T08 POINT 671 point-0000671 deposition
G1 A106.022671 C-1143.003421 X341.338588 Y280.407368 Z-12.941136 E12814.882263 F1200.000
; T08 POINT 672 point-0000672 deposition
G1 A104.669995 C-1145.555855 X336.249166 Y283.432953 Z-34.157165 E12846.512761 F1200.000
; T08 POINT 673 point-0000673 deposition
G1 A103.284071 C-1148.086943 X330.545979 Y285.486321 Z-55.335637 E12878.147342 F1200.000
; T08 POINT 674 point-0000674 deposition
G1 A101.870248 C-1150.594604 X324.260855 Y286.552066 Z-76.384446 E12909.784158 F1200.000
; T08 POINT 675 point-0000675 deposition
G1 A100.433647 C-1153.077758 X317.425480 Y286.628842 Z-97.217944 E12941.421673 F1200.000
; T08 POINT 676 point-0000676 deposition
G1 A98.978438 C-1155.537306 X310.067168 Y285.727274 Z-117.766689 E12973.058850 F1200.000
; T08 POINT 677 point-0000677 deposition
G1 A97.508240 C-1157.975189 X302.209326 Y283.866713 Z-137.970434 E13004.695213 F1200.000
; T08 POINT 678 point-0000678 deposition
G1 A96.026124 C-1160.394251 X293.870737 Y281.073085 Z-157.777405 E13036.330653 F1200.000
; T08 POINT 679 point-0000679 deposition
G1 A94.534608 C-1162.798163 X285.064939 Y277.376948 Z-177.143685 E13067.965240 F1200.000
; T08 POINT 680 point-0000680 deposition
G1 A93.035855 C-1165.191064 X275.800847 Y272.812354 Z-196.030008 E13099.599200 F1200.000
; T08 POINT 681 point-0000681 deposition
G1 A91.532054 C-1167.576973 X266.084800 Y267.417183 Z-214.396858 E13131.233002 F1200.000
; T08 POINT 682 point-0000682 deposition
G1 A90.025212 C-1169.960146 X255.919477 Y261.232378 Z-232.207115 E13162.867070 F1200.000
; T08 POINT 683 point-0000683 deposition
G1 A88.517423 C-1172.344698 X245.305547 Y254.302684 Z-249.423016 E13194.501797 F1200.000
; T08 POINT 684 point-0000684 deposition
G1 A87.011013 C-1174.734388 X234.243026 Y246.677644 Z-266.004798 E13226.137492 F1200.000
; T08 POINT 685 point-0000685 deposition
G1 A85.508399 C-1177.132894 X222.730617 Y238.411271 Z-281.912952 E13257.774111 F1200.000
; T08 POINT 686 point-0000686 deposition
G1 A84.012591 C-1179.543001 X210.769909 Y229.565139 Z-297.103456 E13289.411416 F1200.000
; T08 POINT 687 point-0000687 deposition
G1 A82.527261 C-1181.966450 X198.367082 Y220.209806 Z-311.528599 E13321.048830 F1200.000
; T08 POINT 688 point-0000688 deposition
G1 A81.056765 C-1184.403806 X185.534588 Y210.425821 Z-325.138459 E13352.685222 F1200.000
; T08 POINT 689 point-0000689 deposition
G1 A79.606245 C-1186.854116 X172.293857 Y200.304996 Z-337.881855 E13384.318733 F1200.000
; T08 POINT 690 point-0000690 deposition
G1 A78.178670 C-1189.319829 X158.650047 Y189.929578 Z-349.732394 E13415.949496 F1200.000
; T08 POINT 691 point-0000691 deposition
G1 A76.767389 C-1191.820542 X144.515042 Y179.313657 Z-360.739531 E13447.584073 F1200.000
; T08 POINT 692 point-0000692 deposition
G1 A75.377486 C-1194.356102 X129.903700 Y168.554939 Z-370.853356 E13479.220942 F1200.000
; T08 POINT 693 point-0000693 deposition
G1 A74.014370 C-1196.925484 X114.838614 Y157.759303 Z-380.028616 E13510.858522 F1200.000
; T08 POINT 694 point-0000694 deposition
G1 A72.682589 C-1199.528884 X99.338527 Y147.030555 Z-388.232919 E13542.495870 F1200.000
; T08 POINT 695 point-0000695 deposition
G1 A71.385954 C-1202.167621 X83.418469 Y136.469706 Z-395.443867 E13574.132452 F1200.000
; T08 POINT 696 point-0000696 deposition
G1 A70.127656 C-1204.844070 X67.089852 Y126.174702 Z-401.646350 E13605.767958 F1200.000
; T08 POINT 697 point-0000697 deposition
G1 A68.910893 C-1207.560491 X50.367432 Y116.244563 Z-406.828001 E13637.402565 F1200.000
; T08 POINT 698 point-0000698 deposition
G1 A67.738691 C-1210.319430 X33.267309 Y106.777350 Z-410.979553 E13669.036602 F1200.000
; T08 POINT 699 point-0000699 deposition
G1 A66.614016 C-1213.123546 X15.808342 Y97.870440 Z-414.093637 E13700.670463 F1200.000
; T08 POINT 700 point-0000700 deposition
G1 A65.539936 C-1215.975222 X-1.985093 Y89.621163 Z-416.163835 E13732.304588 F1200.000
; T08 POINT 701 point-0000701 deposition
G1 A64.519618 C-1218.876535 X-20.082421 Y82.125933 Z-417.184625 E13763.939317 F1200.000
; T08 POINT 702 point-0000702 deposition
G1 A63.556490 C-1221.828676 X-38.442970 Y75.480283 Z-417.151399 E13795.574922 F1200.000
; T08 POINT 703 point-0000703 deposition
G1 A62.654196 C-1224.831777 X-57.014737 Y69.776879 Z-416.061386 E13827.211474 F1200.000
; T08 POINT 704 point-0000704 deposition
G1 A61.816580 C-1227.884552 X-75.732307 Y65.103195 Z-413.914890 E13858.848757 F1200.000
; T08 POINT 705 point-0000705 deposition
G1 A61.047929 C-1230.982572 X-94.507393 Y61.539421 Z-410.718663 E13890.486593 F1200.000
; T08 POINT 706 point-0000706 deposition
G1 A60.352130 C-1234.120501 X-113.243355 Y59.150285 Z-406.486331 E13922.123811 F1200.000
; T08 POINT 707 point-0000707 deposition
G1 A59.732748 C-1237.291198 X-131.831643 Y57.982494 Z-401.239990 E13953.758249 F1200.000
; T08 POINT 708 point-0000708 deposition
G1 A59.192594 C-1240.487256 X-150.162610 Y58.061112 Z-395.008277 E13985.388454 F1200.000
; T08 POINT 709 point-0000709 deposition
G1 A58.731821 C-1243.715802 X-168.205534 Y59.398495 Z-387.790283 E14017.018105 F1200.000
; T08 POINT 710 point-0000710 deposition
G1 A58.352500 C-1246.973149 X-185.868026 Y61.996076 Z-379.601748 E14048.647726 F1200.000
; T08 POINT 711 point-0000711 deposition
G1 A58.056552 C-1250.253721 X-203.049303 Y65.836330 Z-370.463655 E14080.277425 F1200.000
; T08 POINT 712 point-0000712 deposition
G1 A57.845443 C-1253.551947 X-219.652078 Y70.883027 Z-360.398240 E14111.907301 F1200.000
; T08 POINT 713 point-0000713 deposition
G1 A57.720212 C-1256.862354 X-235.584301 Y77.082199 Z-349.428335 E14143.537271 F1200.000
; T08 POINT 714 point-0000714 deposition
G1 A57.681517 C-1260.179687 X-250.760809 Y84.363590 Z-337.576696 E14175.166883 F1200.000
; T08 POINT 715 point-0000715 deposition
G1 A57.729660 C-1263.498594 X-265.103027 Y92.641360 Z-324.867103 E14206.797429 F1200.000
; T08 POINT 716 point-0000716 deposition
G1 A57.864506 C-1266.812097 X-278.534482 Y101.810938 Z-311.331260 E14238.430431 F1200.000
; T08 POINT 717 point-0000717 deposition
G1 A58.085387 C-1270.113239 X-290.989603 Y111.753907 Z-297.004023 E14270.064084 F1200.000
; T08 POINT 718 point-0000718 deposition
G1 A58.391152 C-1273.395587 X-302.416318 Y122.341941 Z-281.921714 E14301.697390 F1200.000
; T08 POINT 719 point-0000719 deposition
G1 A58.780206 C-1276.653285 X-312.776198 Y133.439945 Z-266.121961 E14333.329988 F1200.000
; T08 POINT 720 point-0000720 deposition
G1 A59.250574 C-1279.881132 X-322.044224 Y144.909169 Z-249.643535 E14364.961953 F1200.000
; T08 POINT 721 point-0000721 deposition
G1 A59.799946 C-1283.074620 X-330.208123 Y156.610161 Z-232.526189 E14396.593626 F1200.000
; T08 POINT 722 point-0000722 deposition
G1 A60.425741 C-1286.229977 X-337.267368 Y168.405443 Z-214.810518 E14428.225450 F1200.000
; T08 POINT 723 point-0000723 deposition
G1 A61.125156 C-1289.344181 X-343.231874 Y180.161825 Z-196.537827 E14459.857813 F1200.000
; T08 POINT 724 point-0000724 deposition
G1 A61.895225 C-1292.414956 X-348.120524 Y191.752329 Z-177.750004 E14491.490886 F1200.000
; T08 POINT 725 point-0000725 deposition
G1 A62.732869 C-1295.440762 X-351.959572 Y203.057683 Z-158.489380 E14523.124455 F1200.000
; T08 POINT 726 point-0000726 deposition
G1 A63.634946 C-1298.420768 X-354.781024 Y213.967404 Z-138.798603 E14554.757730 F1200.000
; T08 POINT 727 point-0000727 deposition
G1 A64.598199 C-1301.354536 X-356.620993 Y224.379540 Z-118.722446 E14586.389234 F1200.000
; T08 POINT 728 point-0000728 deposition
G1 A65.617589 C-1304.237407 X-357.519115 Y234.186557 Z-98.340827 E14618.018809 F1200.000
; T08 POINT 729 point-0000729 deposition
G1 A66.690815 C-1307.073451 X-357.519498 Y243.319597 Z-77.677716 E14649.648540 F1200.000
; T08 POINT 730 point-0000730 deposition
G1 A67.814475 C-1309.863663 X-356.665021 Y251.707596 Z-56.781495 E14681.278479 F1200.000
; T08 POINT 731 point-0000731 deposition
G1 A68.984736 C-1312.608380 X-354.999399 Y259.286868 Z-35.709396 E14712.908330 F1200.000
; T08 POINT 732 point-0000732 deposition
G1 A70.198115 C-1315.309156 X-352.565439 Y266.006616 Z-14.512966 E14744.537988 F1200.000
; T08 POINT 733 point-0000733 deposition
G1 A71.451155 C-1317.967793 X-349.404552 Y271.825649 Z6.755410 E14776.167681 F1200.000
; T08 POINT 734 point-0000734 deposition
G1 A72.740842 C-1320.587128 X-345.554751 Y276.713313 Z28.049458 E14807.797462 F1200.000
; T08 POINT 735 point-0000735 deposition
G1 A74.064262 C-1323.170165 X-341.050970 Y280.646620 Z49.322722 E14839.427344 F1200.000
; T08 POINT 736 point-0000736 deposition
G1 A75.418284 C-1325.719471 X-335.926286 Y283.609248 Z70.523783 E14871.057360 F1200.000
; T08 POINT 737 point-0000737 deposition
G1 A76.799517 C-1328.237169 X-330.212514 Y285.592165 Z91.596335 E14902.687381 F1200.000
; T08 POINT 738 point-0000738 deposition
G1 A78.204338 C-1330.725039 X-323.940484 Y286.594347 Z112.480372 E14934.316987 F1200.000
; T08 POINT 739 point-0000739 deposition
G1 A79.633099 C-1333.191721 X-317.117810 Y286.620840 Z133.173108 E14965.948288 F1200.000
; T08 POINT 740 point-0000740 deposition
G1 A81.083340 C-1335.640631 X-309.761680 Y285.677798 Z153.627248 E14997.581394 F1200.000
; T08 POINT 741 point-0000741 deposition
G1 A82.550260 C-1338.071346 X-301.900320 Y283.781135 Z173.763131 E15029.215140 F1200.000
; T08 POINT 742 point-0000742 deposition
G1 A84.030131 C-1340.485421 X-293.555113 Y280.955089 Z193.518307 E15060.848670 F1200.000
; T08 POINT 743 point-0000743 deposition
G1 A85.519688 C-1342.885200 X-284.743173 Y277.230329 Z212.838031 E15092.481640 F1200.000
; T08 POINT 744 point-0000744 deposition
G1 A87.016106 C-1345.273712 X-275.477015 Y272.642362 Z231.674456 E15124.114036 F1200.000
; T08 POINT 745 point-0000745 deposition
G1 A88.516997 C-1347.654628 X-265.764197 Y267.230111 Z249.986022 E15155.745985 F1200.000
; T08 POINT 746 point-0000746 deposition
G1 A90.020307 C-1350.032099 X-255.607597 Y261.035097 Z267.735772 E15187.377655 F1200.000
; T08 POINT 747 point-0000747 deposition
G1 A91.523796 C-1352.409953 X-245.009101 Y254.103247 Z284.885027 E15219.009442 F1200.000
; T08 POINT 748 point-0000748 deposition
G1 A93.025271 C-1354.792100 X-233.968133 Y246.484004 Z301.396485 E15250.641646 F1200.000
; T08 POINT 749 point-0000749 deposition
G1 A94.522368 C-1357.182214 X-222.483474 Y238.231474 Z317.232061 E15282.274451 F1200.000
; T08 POINT 750 point-0000750 deposition
G1 A96.012297 C-1359.583336 X-210.555857 Y229.406359 Z332.350813 E15313.907927 F1200.000
; T08 POINT 751 point-0000751 deposition
G1 A97.492083 C-1361.998247 X-198.186667 Y220.075017 Z346.712303 E15345.541684 F1200.000
; T08 POINT 752 point-0000752 deposition
G1 A98.958080 C-1364.428635 X-185.383046 Y210.313012 Z360.272757 E15377.175000 F1200.000
; T08 POINT 753 point-0000753 deposition
G1 A100.405807 C-1366.874694 X-172.161148 Y200.207073 Z372.985369 E15408.806714 F1200.000
; T08 POINT 754 point-0000754 deposition
G1 A101.832508 C-1369.339376 X-158.522328 Y189.836107 Z384.823110 E15440.436847 F1200.000
; T08 POINT 755 point-0000755 deposition
G1 A103.240959 C-1371.835543 X-144.408930 Y179.238191 Z395.803369 E15472.069296 F1200.000
; T08 POINT 756 point-0000756 deposition
G1 A104.626541 C-1374.363565 X-129.835414 Y168.509498 Z405.882668 E15503.702888 F1200.000
; T08 POINT 757 point-0000757 deposition
G1 A105.984714 C-1376.923726 X-114.819060 Y157.750393 Z415.024024 E15535.336642 F1200.000
; T08 POINT 758 point-0000758 deposition
G1 A107.311670 C-1379.517442 X-99.372521 Y147.058919 Z423.200791 E15566.969977 F1200.000
; T08 POINT 759 point-0000759 deposition
G1 A108.603989 C-1382.146713 X-83.506939 Y136.532398 Z430.392841 E15598.602710 F1200.000
; T08 POINT 760 point-0000760 deposition
G1 A109.858584 C-1384.814113 X-67.232113 Y126.267067 Z436.585071 E15630.234863 F1200.000
; T08 POINT 761 point-0000761 deposition
G1 A111.072452 C-1387.522353 X-50.559430 Y116.359542 Z441.765184 E15661.866660 F1200.000
; T08 POINT 762 point-0000762 deposition
G1 A112.242602 C-1390.274171 X-33.502988 Y106.906857 Z445.922880 E15693.498400 F1200.000
; T08 POINT 763 point-0000763 deposition
G1 A113.365944 C-1393.072060 X-16.081792 Y98.006880 Z449.049137 E15725.130403 F1200.000
; T08 POINT 764 point-0000764 deposition
G1 A114.439208 C-1395.918008 X1.678116 Y89.758175 Z451.136051 E15756.762925 F1200.000
; T08 POINT 765 point-0000765 deposition
G1 A115.458927 C-1398.813310 X19.741968 Y82.259110 Z452.177174 E15788.396054 F1200.000
; T08 POINT 766 point-0000766 deposition
G1 A116.421348 C-1401.758040 X38.062615 Y75.607083 Z452.168183 E15820.029685 F1200.000
; T08 POINT 767 point-0000767 deposition
G1 A117.322503 C-1404.750827 X56.579062 Y69.895879 Z451.108325 E15851.663371 F1200.000
; T08 POINT 768 point-0000768 deposition
G1 A118.158231 C-1407.788306 X75.213436 Y65.212725 Z449.002331 E15883.296240 F1200.000
; T08 POINT 769 point-0000769 deposition
G1 A118.924060 C-1410.863614 X93.862577 Y61.634943 Z445.864275 E15914.927189 F1200.000
; T08 POINT 770 point-0000770 deposition
G1 A119.617704 C-1413.976281 X112.461371 Y59.215732 Z441.706925 E15946.556930 F1200.000
; T08 POINT 771 point-0000771 deposition
G1 A120.237724 C-1417.129707 X130.965136 Y57.996754 Z436.535102 E15978.186661 F1200.000
; T08 POINT 772 point-0000772 deposition
G1 A120.781389 C-1420.321074 X149.287654 Y58.013961 Z430.360259 E16009.816241 F1200.000
; T08 POINT 773 point-0000773 deposition
G1 A121.246141 C-1423.546651 X167.336044 Y59.287866 Z423.196352 E16041.445784 F1200.000
; T08 POINT 774 point-0000774 deposition
G1 A121.629626 C-1426.801333 X185.009753 Y61.821151 Z415.061522 E16073.075338 F1200.000
; T08 POINT 775 point-0000775 deposition
G1 A121.929890 C-1430.079486 X202.207384 Y65.597265 Z405.976803 E16104.704971 F1200.000
; T08 POINT 776 point-0000776 deposition
G1 A122.145451 C-1433.375541 X218.831554 Y70.580920 Z395.964382 E16136.334758 F1200.000
; T08 POINT 777 point-0000777 deposition
G1 A122.275250 C-1436.684090 X234.790565 Y76.719180 Z385.046847 E16167.964608 F1200.000
; T08 POINT 778 point-0000778 deposition
G1 A122.318610 C-1440.000000 X250.000000 Y83.943032 Z373.246431 E16199.594069 F1200.000
; T08 EVENT event-0000014 retract
G1 E16198.594069 F3000.000
; T08 POINT 779 point-0000779 depart
G1 A122.318610 C-1440.000000 X250.000000 Y83.943032 Z383.246431 F3000.000
; T08 EVENT event-0000015 index_start
; T08 POINT 780 point-0000780 travel
G1 A139.946943 C-1440.000000 X250.000000 Y-37.590404 Z390.496395 F3000.000
; T08 EVENT event-0000016 index_end
; T08 POINT 781 point-0000781 approach
G1 A139.946943 C-1440.000000 X250.000000 Y-37.590404 Z380.496395 F3000.000
; T08 EVENT event-0000017 prime
G1 E16199.594069 F1200.000
; T08 POINT 782 point-0000782 deposition
G1 A139.864836 C-1444.367892 X269.255917 Y-21.930943 Z367.785613 E16231.215843 F1200.000
; T08 POINT 783 point-0000783 deposition
G1 A139.619545 C-1448.706271 X286.833701 Y-4.385890 Z354.230238 E16262.837769 F1200.000
; T08 POINT 784 point-0000784 deposition
G1 A139.214098 C-1452.987153 X302.567736 Y14.676468 Z339.862838 E16294.459597 F1200.000
; T08 POINT 785 point-0000785 deposition
G1 A138.653336 C-1457.185276 X316.358487 Y34.860953 Z324.717942 E16326.081355 F1200.000
; T08 POINT 786 point-0000786 deposition
G1 A137.943654 C-1461.279050 X328.172109 Y55.767236 Z308.832056 E16357.703170 F1200.000
; T08 POINT 787 point-0000787 deposition
G1 A137.092688 C-1465.251132 X338.034370 Y77.009161 Z292.243706 E16389.325090 F1200.000
; T08 POINT 788 point-0000788 deposition
G1 A136.108981 C-1469.088631 X346.020537 Y98.229853 Z274.993505 E16420.946909 F1200.000
; T08 POINT 789 point-0000789 deposition
G1 A135.001489 C-1472.783500 X352.244078 Y119.114853 Z257.121585 E16452.568451 F1200.000
; T08 POINT 790 point-0000790 deposition
G1 A133.779519 C-1476.331239 X356.842031 Y139.392096 Z238.671646 E16484.189982 F1200.000
; T08 POINT 791 point-0000791 deposition
G1 A132.452323 C-1479.730958 X359.965031 Y158.836219 Z219.688242 E16515.811515 F1200.000
; T08 POINT 792 point-0000792 deposition
G1 A131.028379 C-1482.985830 X361.768151 Y177.272596 Z200.209831 E16547.433564 F1200.000
; T08 POINT 793 point-0000793 deposition
G1 A129.515771 C-1486.100868 X362.401132 Y194.563380 Z180.276784 E16579.061706 F1200.000
; T08 POINT 794 point-0000794 deposition
G1 A127.924161 C-1489.078820 X362.004694 Y210.583092 Z159.956941 E16610.694548 F1200.000
; T08 POINT 795 point-0000795 deposition
G1 A126.261168 C-1491.927125 X360.710524 Y225.256224 Z139.298299 E16642.329020 F1200.000
; T08 POINT 796 point-0000796 deposition
G1 A124.533823 C-1494.653937 X358.636373 Y238.531219 Z118.349508 E16673.963225 F1200.000
; T08 POINT 797 point-0000797 deposition
G1 A122.748577 C-1497.267790 X355.885656 Y250.375730 Z97.159825 E16705.596173 F1200.000
; T08 POINT 798 point-0000798 deposition
G1 A120.911330 C-1499.777339 X352.547827 Y260.772577 Z75.779076 E16737.227561 F1200.000
; T08 POINT 799 point-0000799 deposition
G1 A119.027471 C-1502.191170 X348.699232 Y269.716445 Z54.257625 E16768.857578 F1200.000
; T08 POINT 800 point-0000800 deposition
G1 A117.101922 C-1504.517671 X344.404220 Y277.211242 Z32.646351 E16800.486743 F1200.000
; T08 POINT 801 point-0000801 deposition
G1 A115.139194 C-1506.764941 X339.716374 Y283.268064 Z10.996625 E16832.115749 F1200.000
; T08 POINT 802 point-0000802 deposition
G1 A113.143436 C-1508.940735 X334.679736 Y287.903667 Z-10.639704 E16863.745323 F1200.000
; T08 POINT 803 point-0000803 deposition
G1 A111.118490 C-1511.052435 X329.329982 Y291.139373 Z-32.210320 E16895.376074 F1200.000
; T08 POINT 804 point-0000804 deposition
G1 A109.067950 C-1513.107041 X323.695514 Y293.000312 Z-53.662454 E16927.008355 F1200.000
; T08 POINT 805 point-0000805 deposition
G1 A106.995209 C-1515.111166 X317.798439 Y293.514966 Z-74.942889 E16958.642096 F1200.000
; T08 POINT 806 point-0000806 deposition
G1 A104.903524 C-1517.071044 X311.655457 Y292.714944 Z-95.997960 E16990.276627 F1200.000
; T08 POINT 807 point-0000807 deposition
G1 A102.796063 C-1518.992539 X305.278652 Y290.634960 Z-116.773558 E17021.910473 F1200.000
; T08 POINT 808 point-0000808 deposition
G1 A100.675977 C-1520.881152 X298.676214 Y287.312992 Z-137.215119 E17053.541104 F1200.000
; T08 POINT 809 point-0000809 deposition
G1 A98.544822 C-1522.743430 X291.848165 Y282.787119 Z-157.282807 E17085.165623 F1200.000
; T08 POINT 810 point-0000810 deposition
G1 A96.401918 C-1524.587487 X284.783768 Y277.089578 Z-176.956060 E17116.793678 F1200.000
; T08 POINT 811 point-0000811 deposition
G1 A94.253345 C-1526.415381 X277.489920 Y270.270331 Z-196.151887 E17148.426597 F1200.000
; T08 POINT 812 point-0000812 deposition
G1 A92.101123 C-1528.232558 X269.958761 Y262.374814 Z-214.826365 E17180.061245 F1200.000
; T08 POINT 813 point-0000813 deposition
G1 A89.947233 C-1530.044360 X262.179477 Y253.450333 Z-232.936573 E17211.695674 F1200.000
; T08 POINT 814 point-0000814 deposition
G1 A87.793649 C-1531.856075 X254.138438 Y243.546307 Z-250.440653 E17243.328859 F1200.000
; T08 POINT 815 point-0000815 deposition
G1 A85.642362 C-1533.672969 X245.819285 Y232.714546 Z-267.297879 E17274.960468 F1200.000
; T08 POINT 816 point-0000816 deposition
G1 A83.495413 C-1535.500327 X237.202992 Y221.009585 Z-283.468716 E17306.590674 F1200.000
; T08 POINT 817 point-0000817 deposition
G1 A81.354915 C-1537.343489 X228.267898 Y208.489066 Z-298.914895 E17338.219988 F1200.000
; T08 POINT 818 point-0000818 deposition
G1 A79.223094 C-1539.207879 X218.989724 Y195.214189 Z-313.599485 E17369.849101 F1200.000
; T08 POINT 819 point-0000819 deposition
G1 A77.102311 C-1541.099038 X209.341598 Y181.250224 Z-327.486978 E17401.478745 F1200.000
; T08 POINT 820 point-0000820 deposition
G1 A74.995106 C-1543.022648 X199.294101 Y166.667102 Z-340.543398 E17433.109547 F1200.000
; T08 POINT 821 point-0000821 deposition
G1 A72.904234 C-1544.984551 X188.815348 Y151.540093 Z-352.736416 E17464.741880 F1200.000
; T08 POINT 822 point-0000822 deposition
G1 A70.832703 C-1546.990757 X177.871151 Y135.950565 Z-364.035500 E17496.375708 F1200.000
; T08 POINT 823 point-0000823 deposition
G1 A68.783822 C-1549.047442 X166.425294 Y119.986851 Z-374.412092 E17528.010403 F1200.000
; T08 POINT 824 point-0000824 deposition
G1 A66.761248 C-1551.160925 X154.439972 Y103.745198 Z-383.839824 E17559.644547 F1200.000
; T08 POINT 825 point-0000825 deposition
G1 A64.769038 C-1553.337621 X141.876468 Y87.330797 Z-392.294786 E17591.275679 F1200.000
; T08 POINT 826 point-0000826 deposition
G1 A62.809849 C-1555.586141 X128.683752 Y70.843615 Z-399.762514 E17622.900979 F1200.000
; T08 POINT 827 point-0000827 deposition
G1 A60.881410 C-1557.922263 X114.769277 Y54.348244 Z-406.245388 E17654.531288 F1200.000
; T08 POINT 828 point-0000828 deposition
G1 A58.995861 C-1560.345525 X100.134152 Y38.036290 Z-411.698649 E17686.169741 F1200.000
; T08 POINT 829 point-0000829 deposition
G1 A57.158101 C-1562.864291 X84.732534 Y22.049473 Z-416.110757 E17717.811856 F1200.000
; T08 POINT 830 point-0000830 deposition
G1 A55.373495 C-1565.487101 X68.520991 Y6.542427 Z-419.472488 E17749.454644 F1200.000
; T08 POINT 831 point-0000831 deposition
G1 A53.647917 C-1568.222529 X51.460859 Y-8.316228 Z-421.776904 E17781.096297 F1200.000
; T08 POINT 832 point-0000832 deposition
G1 A51.987788 C-1571.078994 X33.521281 Y-22.343164 Z-423.019334 E17812.735915 F1200.000
; T08 POINT 833 point-0000833 deposition
G1 A50.400096 C-1574.064497 X14.683033 Y-35.340216 Z-423.197371 E17844.373295 F1200.000
; T08 POINT 834 point-0000834 deposition
G1 A48.892408 C-1577.186277 X-5.056838 Y-47.095182 Z-422.310884 E17876.008742 F1200.000
; T08 POINT 835 point-0000835 deposition
G1 A47.472846 C-1580.450389 X-25.679601 Y-57.383946 Z-420.362027 E17907.642909 F1200.000
; T08 POINT 836 point-0000836 deposition
G1 A46.150036 C-1583.861181 X-47.138869 Y-65.974399 Z-417.355280 E17939.276651 F1200.000
; T08 POINT 837 point-0000837 deposition
G1 A44.933010 C-1587.420702 X-69.354471 Y-72.632615 Z-413.297495 E17970.910885 F1200.000
; T08 POINT 838 point-0000838 deposition
G1 A43.831060 C-1591.128056 X-92.206830 Y-77.131639 Z-408.197966 E18002.546456 F1200.000
; T08 POINT 839 point-0000839 deposition
G1 A42.853526 C-1594.978760 X-115.532775 Y-79.263010 Z-402.068512 E18034.183998 F1200.000
; T08 POINT 840 point-0000840 deposition
G1 A42.009533 C-1598.964168 X-139.123947 Y-78.850710 Z-394.923601 E18065.823786 F1200.000
; T08 POINT 841 point-0000841 deposition
G1 A41.307663 C-1603.071056 X-162.728958 Y-75.766649 Z-386.780485 E18097.465575 F1200.000
; T08 POINT 842 point-0000842 deposition
G1 A40.755590 C-1607.281466 X-186.060278 Y-69.946146 Z-377.659384 E18129.108411 F1200.000
; T08 POINT 843 point-0000843 deposition
G1 A40.359702 C-1611.572891 X-208.806230 Y-61.401287 Z-367.583715 E18160.750411 F1200.000
; T08 POINT 844 point-0000844 deposition
G1 A40.124726 C-1615.918866 X-230.647549 Y-50.229804 Z-356.580375 E18192.388495 F1200.000
; T08 POINT 845 point-0000845 deposition
G1 A40.053418 C-1620.289932 X-251.276965 Y-36.617394 Z-344.680104 E18224.018061 F1200.000
; T08 POINT 846 point-0000846 deposition
G1 A40.146417 C-1624.657206 X-270.428730 Y-20.823532 Z-331.911036 E18255.641405 F1200.000
; T08 POINT 847 point-0000847 deposition
G1 A40.402521 C-1628.993429 X-287.890736 Y-3.165328 Z-318.298051 E18287.267400 F1200.000
; T08 POINT 848 point-0000848 deposition
G1 A40.818585 C-1633.270442 X-303.500054 Y15.985371 Z-303.874666 E18318.894182 F1200.000
; T08 POINT 849 point-0000849 deposition
G1 A41.389633 C-1637.463012 X-317.160906 Y36.231401 Z-288.676151 E18350.520638 F1200.000
; T08 POINT 850 point-0000850 deposition
G1 A42.109156 C-1641.549764 X-328.843645 Y57.172314 Z-272.739408 E18382.146331 F1200.000
; T08 POINT 851 point-0000851 deposition
G1 A42.969445 C-1645.513720 X-338.578053 Y78.423659 Z-256.102902 E18413.771294 F1200.000
; T08 POINT 852 point-0000852 deposition
G1 A43.961946 C-1649.342463 X-346.442745 Y99.631805 Z-238.806617 E18445.395856 F1200.000
; T08 POINT 853 point-0000853 deposition
G1 A45.077603 C-1653.027962 X-352.552686 Y120.483596 Z-220.892023 E18477.020483 F1200.000
; T08 POINT 854 point-0000854 deposition
G1 A46.307151 C-1656.566161 X-357.046619 Y140.711064 Z-202.402067 E18508.645619 F1200.000
; T08 POINT 855 point-0000855 deposition
G1 A47.641361 C-1659.956419 X-360.075740 Y160.092035 Z-183.381167 E18540.271532 F1200.000
; T08 POINT 856 point-0000856 deposition
G1 A49.071229 C-1663.200880 X-361.794381 Y178.447748 Z-163.875239 E18571.898145 F1200.000
; T08 POINT 857 point-0000857 deposition
G1 A50.588103 C-1666.303853 X-362.352961 Y195.638631 Z-143.931721 E18603.524860 F1200.000
; T08 POINT 858 point-0000858 deposition
G1 A52.183766 C-1669.271231 X-361.893131 Y211.559169 Z-123.599635 E18635.150346 F1200.000
; T08 POINT 859 point-0000859 deposition
G1 A53.849561 C-1672.108516 X-360.546074 Y226.125494 Z-102.940720 E18666.773476 F1200.000
; T08 POINT 860 point-0000860 deposition
G1 A55.570418 C-1674.811899 X-358.443199 Y239.234687 Z-82.099932 E18698.402181 F1200.000
; T08 POINT 861 point-0000861 deposition
G1 A57.340897 C-1677.393983 X-355.692049 Y250.887285 Z-61.108906 E18730.035499 F1200.000
; T08 POINT 862 point-0000862 deposition
G1 A59.158317 C-1679.869282 X-352.377657 Y261.102306 Z-39.976322 E18761.670715 F1200.000
; T08 POINT 863 point-0000863 deposition
G1 A61.019985 C-1682.250121 X-348.569496 Y269.894849 Z-18.720320 E18793.306137 F1200.000
; T08 POINT 864 point-0000864 deposition
G1 A62.923079 C-1684.547042 X-344.324797 Y277.277570 Z2.631888 E18824.940837 F1200.000
; T08 POINT 865 point-0000865 deposition
G1 A64.864540 C-1686.769109 X-339.691121 Y283.262236 Z24.044300 E18856.574427 F1200.000
; T08 POINT 866 point-0000866 deposition
G1 A66.840982 C-1688.924129 X-334.708409 Y287.861317 Z45.472300 E18888.206864 F1200.000
; T08 POINT 867 point-0000867 deposition
G1 A68.848587 C-1691.018796 X-329.410703 Y291.089680 Z66.862738 E18919.838271 F1200.000
; T08 POINT 868 point-0000868 deposition
G1 A70.882995 C-1693.058771 X-323.827673 Y292.966396 Z88.153911 E18951.468764 F1200.000
; T08 POINT 869 point-0000869 deposition
G1 A72.939287 C-1695.048831 X-317.985680 Y293.516700 Z109.276693 E18983.098336 F1200.000
; T08 POINT 870 point-0000870 deposition
G1 A75.018067 C-1696.998585 X-311.889154 Y292.768099 Z130.216440 E19014.729709 F1200.000
; T08 POINT 871 point-0000871 deposition
G1 A77.115948 C-1698.913257 X-305.550209 Y290.748400 Z150.915139 E19046.363518 F1200.000
; T08 POINT 872 point-0000872 deposition
G1 A79.226763 C-1700.795359 X-298.986757 Y287.495637 Z171.287643 E19077.998869 F1200.000
; T08 POINT 873 point-0000873 deposition
G1 A81.345815 C-1702.648618 X-292.209379 Y283.054586 Z191.265009 E19109.635267 F1200.000
; T08 POINT 874 point-0000874 deposition
G1 A83.469796 C-1704.477755 X-285.221388 Y277.472636 Z210.792898 E19141.272423 F1200.000
; T08 POINT 875 point-0000875 deposition
G1 A85.596748 C-1706.288379 X-278.018709 Y270.796231 Z229.830196 E19172.910059 F1200.000
; T08 POINT 876 point-0000876 deposition
G1 A87.726057 C-1708.086984 X-270.589482 Y263.067650 Z248.347778 E19204.547722 F1200.000
; T08 POINT 877 point-0000877 deposition
G1 A89.858493 C-1709.881037 X-262.913289 Y254.321965 Z266.327377 E19236.184583 F1200.000
; T08 POINT 878 point-0000878 deposition
G1 A91.996296 C-1711.679164 X-254.959891 Y244.583963 Z283.760495 E19267.819223 F1200.000
; T08 POINT 879 point-0000879 deposition
G1 A94.143316 C-1713.491443 X-246.687297 Y233.864887 Z300.647254 E19299.449384 F1200.000
; T08 POINT 880 point-0000880 deposition
G1 A96.297800 C-1715.323509 X-238.070922 Y222.202479 Z316.940194 E19331.075201 F1200.000
; T08 POINT 881 point-0000881 deposition
G1 A98.446371 C-1717.171282 X-229.134157 Y209.711006 Z332.510018 E19362.701925 F1200.000
; T08 POINT 882 point-0000882 deposition
G1 A100.586651 C-1719.040121 X-219.853146 Y196.452413 Z347.317964 E19394.328988 F1200.000
; T08 POINT 883 point-0000883 deposition
G1 A102.715241 C-1720.934703 X-210.205801 Y182.499172 Z361.321213 E19425.955494 F1200.000
; T08 POINT 884 point-0000884 deposition
G1 A104.827181 C-1722.858478 X-200.175464 Y167.939981 Z374.471553 E19457.580235 F1200.000
; T08 POINT 885 point-0000885 deposition
G1 A106.919670 C-1724.817027 X-189.732909 Y152.853664 Z386.739544 E19489.203317 F1200.000
; T08 POINT 886 point-0000886 deposition
G1 A108.997728 C-1726.823934 X-178.801621 Y137.260956 Z398.140609 E19520.828852 F1200.000
; T08 POINT 887 point-0000887 deposition
G1 A111.055666 C-1728.883433 X-167.355512 Y121.265793 Z408.628697 E19552.455759 F1200.000
; T08 POINT 888 point-0000888 deposition
G1 A113.088144 C-1731.000392 X-155.364917 Y104.977129 Z418.166611 E19584.082953 F1200.000
; T08 POINT 889 point-0000889 deposition
G1 A115.091002 C-1733.181292 X-142.790758 Y88.501153 Z426.728669 E19615.709602 F1200.000
; T08 POINT 890 point-0000890 deposition
G1 A117.060700 C-1735.433913 X-129.586219 Y71.944959 Z434.296005 E19647.335126 F1200.000
; T08 POINT 891 point-0000891 deposition
G1 A118.991366 C-1737.763972 X-115.717880 Y55.442768 Z440.845348 E19678.960510 F1200.000
; T08 POINT 892 point-0000892 deposition
G1 A120.879320 C-1740.180375 X-101.134161 Y39.117019 Z446.366009 E19710.585745 F1200.000
; T08 POINT 893 point-0000893 deposition
G1 A122.720690 C-1742.692833 X-85.780390 Y23.099435 Z450.848707 E19742.210829 F1200.000
; T08 POINT 894 point-0000894 deposition
G1 A124.510631 C-1745.310858 X-69.606255 Y7.539281 Z454.283537 E19773.836008 F1200.000
; T08 POINT 895 point-0000895 deposition
G1 A126.243338 C-1748.043602 X-52.568610 Y-7.395683 Z456.661136 E19805.461606 F1200.000
; T08 POINT 896 point-0000896 deposition
G1 A127.912070 C-1750.899567 X-34.635259 Y-21.518832 Z457.973775 E19837.087866 F1200.000
; T08 POINT 897 point-0000897 deposition
G1 A129.509181 C-1753.886216 X-15.789833 Y-34.625280 Z458.216472 E19868.714781 F1200.000
; T08 POINT 898 point-0000898 deposition
G1 A131.026188 C-1757.009425 X3.962218 Y-46.493977 Z457.388135 E19900.341917 F1200.000
; T08 POINT 899 point-0000899 deposition
G1 A132.453876 C-1760.272794 X24.586636 Y-56.891929 Z455.492833 E19931.968217 F1200.000
; T08 POINT 900 point-0000900 deposition
G1 A133.782474 C-1763.676807 X46.012763 Y-65.581240 Z452.541206 E19963.591773 F1200.000
; T08 POINT 901 point-0000901 deposition
G1 A135.003846 C-1767.223821 X68.164133 Y-72.339539 Z448.544659 E19995.213594 F1200.000
; T08 POINT 902 point-0000902 deposition
G1 A136.110573 C-1770.917098 X90.950004 Y-76.954574 Z443.510412 E20026.835632 F1200.000
; T08 POINT 903 point-0000903 deposition
G1 A137.093829 C-1774.753718 X114.219024 Y-79.220400 Z437.448688 E20058.457742 F1200.000
; T08 POINT 904 point-0000904 deposition
G1 A137.944516 C-1778.725400 X137.766750 Y-78.959343 Z430.373527 E20090.079808 F1200.000
; T08 POINT 905 point-0000905 deposition
G1 A138.653945 C-1782.818696 X161.341905 Y-76.040887 Z422.302993 E20121.701776 F1200.000
; T08 POINT 906 point-0000906 deposition
G1 A139.214454 C-1787.015968 X184.660057 Y-70.397262 Z413.257345 E20153.323766 F1200.000
; T08 POINT 907 point-0000907 deposition
G1 A139.619689 C-1791.295624 X207.415132 Y-62.035046 Z403.258606 E20184.945902 F1200.000
; T08 POINT 908 point-0000908 deposition
G1 A139.864859 C-1795.632734 X229.295059 Y-51.042443 Z392.330167 E20216.568135 F1200.000
; T08 POINT 909 point-0000909 deposition
G1 A139.946943 C-1800.000000 X250.000000 Y-37.590404 Z380.496395 E20248.190061 F1200.000
; T08 EVENT event-0000018 retract
G1 E20247.190061 F3000.000
; T08 POINT 910 point-0000910 depart
G1 A139.946943 C-1800.000000 X250.000000 Y-37.590404 Z390.496395 F3000.000
; T08 EVENT event-0000019 index_start
; T08 POINT 911 point-0000911 travel
G1 A157.575276 C-1800.000000 X250.000000 Y-155.579087 Z360.397732 F3000.000
; T08 EVENT event-0000020 index_end
; T08 POINT 912 point-0000912 approach
G1 A157.575276 C-1800.000000 X250.000000 Y-155.579087 Z350.397732 F3000.000
; T08 EVENT event-0000021 prime
G1 E20248.190061 F1200.000
; T08 POINT 913 point-0000913 deposition
G1 A157.408871 C-1807.332942 X282.518707 Y-123.106418 Z337.739505 E20279.826278 F1200.000
; T08 POINT 914 point-0000914 deposition
G1 A156.916873 C-1814.466592 X309.723125 Y-86.391360 Z324.310995 E20311.463192 F1200.000
; T08 POINT 915 point-0000915 deposition
G1 A156.119439 C-1821.234152 X331.105029 Y-47.466757 Z310.144308 E20343.100032 F1200.000
; T08 POINT 916 point-0000916 deposition
G1 A155.045876 C-1827.521444 X346.840402 Y-8.217467 Z295.273196 E20374.736561 F1200.000
; T08 POINT 917 point-0000917 deposition
G1 A153.730066 C-1833.270592 X357.580884 Y29.880828 Z279.733068 E20406.372879 F1200.000
; T08 POINT 918 point-0000918 deposition
G1 A152.206459 C-1838.471102 X364.199961 Y65.839874 Z263.561009 E20438.009236 F1200.000
; T08 POINT 919 point-0000919 deposition
G1 A150.507341 C-1843.145538 X367.591770 Y99.104092 Z246.795827 E20469.645860 F1200.000
; T08 POINT 920 point-0000920 deposition
G1 A148.661403 C-1847.335627 X368.554055 Y129.439095 Z229.478113 E20501.282780 F1200.000
; T08 POINT 921 point-0000921 deposition
G1 A146.693296 C-1851.091557 X367.741984 Y156.818835 Z211.650324 E20532.919650 F1200.000
; T08 POINT 922 point-0000922 deposition
G1 A144.623645 C-1854.465139 X365.665643 Y181.337857 Z193.355764 E20564.555611 F1200.000
; T08 POINT 923 point-0000923 deposition
G1 A142.468947 C-1857.506383 X362.707423 Y203.154577 Z174.633953 E20596.191031 F1200.000
; T08 POINT 924 point-0000924 deposition
G1 A140.243474 C-1860.259469 X359.148167 Y222.438022 Z155.532647 E20627.826447 F1200.000
; T08 POINT 925 point-0000925 deposition
G1 A137.958665 C-1862.763928 X355.189969 Y239.360327 Z136.097730 E20659.461873 F1200.000
; T08 POINT 926 point-0000926 deposition
G1 A135.623926 C-1865.054108 X350.976285 Y254.081725 Z116.376142 E20691.097289 F1200.000
; T08 POINT 927 point-0000927 deposition
G1 A133.246952 C-1867.159653 X346.607450 Y266.746647 Z96.415133 E20722.732700 F1200.000
; T08 POINT 928 point-0000928 deposition
G1 A130.834111 C-1869.105972 X342.152584 Y277.482344 Z76.262667 E20754.368126 F1200.000
; T08 POINT 929 point-0000929 deposition
G1 A128.390552 C-1870.914938 X337.658041 Y286.400427 Z55.966032 E20786.003733 F1200.000
; T08 POINT 930 point-0000930 deposition
G1 A125.921122 C-1872.604916 X333.154934 Y293.596114 Z35.577601 E20817.639445 F1200.000
; T08 POINT 931 point-0000931 deposition
G1 A123.429377 C-1874.192105 X328.661725 Y299.154726 Z15.145060 E20849.275088 F1200.000
; T08 POINT 932 point-0000932 deposition
G1 A120.918371 C-1875.690437 X324.188604 Y303.150627 Z-5.283228 E20880.910699 F1200.000
; T08 POINT 933 point-0000933 deposition
G1 A118.390821 C-1877.111927 X319.739923 Y305.649261 Z-25.657830 E20912.546373 F1200.000
; T08 POINT 934 point-0000934 deposition
G1 A115.849224 C-1878.466986 X315.315875 Y306.709164 Z-45.928263 E20944.182090 F1200.000
; T08 POINT 935 point-0000935 deposition
G1 A113.295604 C-1879.764851 X310.913160 Y306.383700 Z-66.045609 E20975.817671 F1200.000
; T08 POINT 936 point-0000936 deposition
G1 A110.731456 C-1881.013838 X306.525623 Y304.721714 Z-85.963507 E21007.453296 F1200.000
; T08 POINT 937 point-0000937 deposition
G1 A108.158694 C-1882.221077 X302.146266 Y301.768855 Z-105.631207 E21039.088928 F1200.000
; T08 POINT 938 point-0000938 deposition
G1 A105.578536 C-1883.393240 X297.765792 Y297.568087 Z-125.002680 E21070.724506 F1200.000
; T08 POINT 939 point-0000939 deposition
G1 A102.992211 C-1884.536336 X293.373917 Y292.160483 Z-144.031458 E21102.360102 F1200.000
; T08 POINT 940 point-0000940 deposition
G1 A100.400997 C-1885.655827 X288.959535 Y285.586177 Z-162.670739 E21133.995750 F1200.000
; T08 POINT 941 point-0000941 deposition
G1 A97.806156 C-1886.756780 X284.510637 Y277.884900 Z-180.874295 E21165.631311 F1200.000
; T08 POINT 942 point-0000942 deposition
G1 A95.208305 C-1887.844213 X280.013266 Y269.094330 Z-198.600982 E21197.266758 F1200.000
; T08 POINT 943 point-0000943 deposition
G1 A92.608580 C-1888.922696 X275.453291 Y259.253492 Z-215.806802 E21228.902195 F1200.000
; T08 POINT 944 point-0000944 deposition
G1 A90.007924 C-1889.996730 X270.815133 Y248.401154 Z-232.450191 E21260.537635 F1200.000
; T08 POINT 945 point-0000945 deposition
G1 A87.407074 C-1891.070830 X266.081543 Y236.575590 Z-248.492106 E21292.173178 F1200.000
; T08 POINT 946 point-0000946 deposition
G1 A84.807354 C-1892.149266 X261.234743 Y223.818174 Z-263.891360 E21323.808822 F1200.000
; T08 POINT 947 point-0000947 deposition
G1 A82.209545 C-1893.236608 X256.254224 Y210.168638 Z-278.611826 E21355.444420 F1200.000
; T08 POINT 948 point-0000948 deposition
G1 A79.614463 C-1894.337559 X251.117359 Y195.667322 Z-292.618839 E21387.079990 F1200.000
; T08 POINT 949 point-0000949 deposition
G1 A77.023151 C-1895.456958 X245.799378 Y180.356364 Z-305.878385 E21418.715605 F1200.000
; T08 POINT 950 point-0000950 deposition
G1 A74.436916 C-1896.599842 X240.273025 Y164.280231 Z-318.357364 E21450.351217 F1200.000
; T08 POINT 951 point-0000951 deposition
G1 A71.856371 C-1897.771974 X234.506014 Y147.479915 Z-330.028241 E21481.986873 F1200.000
; T08 POINT 952 point-0000952 deposition
G1 A69.283146 C-1898.979188 X228.463826 Y130.003269 Z-340.861073 E21513.622722 F1200.000
; T08 POINT 953 point-0000953 deposition
G1 A66.718927 C-1900.227926 X222.107097 Y111.899714 Z-350.828675 E21545.258566 F1200.000
; T08 POINT 954 point-0000954 deposition
G1 A64.164991 C-1901.525623 X215.389405 Y93.216850 Z-359.908290 E21576.894300 F1200.000
; T08 POINT 955 point-0000955 deposition
G1 A61.622979 C-1902.880525 X208.257758 Y74.005670 Z-368.078432 E21608.530018 F1200.000
; T08 POINT 956 point-0000956 deposition
G1 A59.094948 C-1904.301857 X200.651383 Y54.321498 Z-375.319181 E21640.165835 F1200.000
; T08 POINT 957 point-0000957 deposition
G1 A56.583441 C-1905.800003 X192.500345 Y34.225207 Z-381.612495 E21671.801712 F1200.000
; T08 POINT 958 point-0000958 deposition
G1 A54.091370 C-1907.386848 X183.723271 Y13.783221 Z-386.942947 E21703.437352 F1200.000
; T08 POINT 959 point-0000959 deposition
G1 A51.621245 C-1909.076678 X174.221855 Y-6.937771 Z-391.299118 E21735.072847 F1200.000
; T08 POINT 960 point-0000960 deposition
G1 A49.177175 C-1910.885320 X163.884716 Y-27.853132 Z-394.669729 E21766.708337 F1200.000
; T08 POINT 961 point-0000961 deposition
G1 A46.763493 C-1912.831534 X152.579204 Y-48.868728 Z-397.046842 E21798.343805 F1200.000
; T08 POINT 962 point-0000962 deposition
G1 A44.385499 C-1914.937123 X140.150061 Y-69.871316 Z-398.424718 E21829.979298 F1200.000
; T08 POINT 963 point-0000963 deposition
G1 A42.049690 C-1917.227428 X126.416219 Y-90.721507 Z-398.800028 E21861.614772 F1200.000
; T08 POINT 964 point-0000964 deposition
G1 A39.763661 C-1919.732242 X111.165647 Y-111.247297 Z-398.171931 E21893.250193 F1200.000
; T08 POINT 965 point-0000965 deposition
G1 A37.536872 C-1922.485947 X94.155699 Y-131.227406 Z-396.541952 E21924.885607 F1200.000
; T08 POINT 966 point-0000966 deposition
G1 A35.380765 C-1925.528189 X75.112225 Y-150.376440 Z-393.914019 E21956.521022 F1200.000
; T08 POINT 967 point-0000967 deposition
G1 A33.309243 C-1928.903978 X53.735400 Y-168.322594 Z-390.294274 E21988.156492 F1200.000
; T08 POINT 968 point-0000968 deposition
G1 A31.339139 C-1932.663248 X29.714184 Y-184.581185 Z-385.690690 E22019.792675 F1200.000
; T08 POINT 969 point-0000969 deposition
G1 A29.491629 C-1936.857027 X2.770285 Y-198.519120 Z-380.115513 E22051.429206 F1200.000
; T08 POINT 970 point-0000970 deposition
G1 A27.791234 C-1941.535937 X-27.301407 Y-209.343570 Z-373.582163 E22083.065580 F1200.000
; T08 POINT 971 point-0000971 deposition
G1 A26.266631 C-1946.742094 X-60.539050 Y-216.093453 Z-366.106241 E22114.701716 F1200.000
; T08 POINT 972 point-0000972 deposition
G1 A24.950187 C-1952.498317 X-96.695892 Y-217.682221 Z-357.705558 E22146.337768 F1200.000
; T08 POINT 973 point-0000973 deposition
G1 A23.876502 C-1958.794093 X-135.112486 Y-213.017072 Z-348.400187 E22177.973955 F1200.000
; T08 POINT 974 point-0000974 deposition
G1 A23.079624 C-1965.571104 X-174.631421 Y-201.213350 Z-338.212533 E22209.610391 F1200.000
; T08 POINT 975 point-0000975 deposition
G1 A22.588983 C-1972.714224 X-213.633336 Y-181.877062 Z-327.167433 E22241.246906 F1200.000
; T08 POINT 976 point-0000976 deposition
G1 A22.424733 C-1980.055279 X-250.255269 Y-155.355960 Z-315.292297 E22272.882866 F1200.000
; T08 POINT 977 point-0000977 deposition
G1 A22.593761 C-1987.390381 X-282.750492 Y-122.830750 Z-302.622940 E22304.519570 F1200.000
; T08 POINT 978 point-0000978 deposition
G1 A23.088119 C-1994.520133 X-309.905441 Y-86.099311 Z-289.191748 E22336.157488 F1200.000
; T08 POINT 979 point-0000979 deposition
G1 A23.887369 C-2001.281417 X-331.235504 Y-47.183245 Z-275.026273 E22367.795519 F1200.000
; T08 POINT 980 point-0000980 deposition
G1 A24.962327 C-2007.562559 X-346.927943 Y-7.952888 Z-260.156546 E22399.433190 F1200.000
; T08 POINT 981 point-0000981 deposition
G1 A26.279386 C-2013.306860 X-357.636367 Y30.126493 Z-244.615484 E22431.070453 F1200.000
; T08 POINT 982 point-0000982 deposition
G1 A27.804307 C-2018.503923 X-364.231888 Y66.070395 Z-228.439289 E22462.707508 F1200.000
; T08 POINT 983 point-0000983 deposition
G1 A29.504795 C-2023.175734 X-367.605766 Y99.321277 Z-211.667859 E22494.344626 F1200.000
; T08 POINT 984 point-0000984 deposition
G1 A31.351840 C-2027.363086 X-368.554250 Y129.639286 Z-194.345246 E22525.981989 F1200.000
; T08 POINT 985 point-0000985 deposition
G1 A33.320095 C-2031.115096 X-367.732865 Y156.991442 Z-176.520196 E22557.619514 F1200.000
; T08 POINT 986 point-0000986 deposition
G1 A35.388150 C-2034.482978 X-365.653156 Y181.468998 Z-158.242616 E22589.256894 F1200.000
; T08 POINT 987 point-0000987 deposition
G1 A37.540136 C-2037.518354 X-362.696433 Y203.242909 Z-139.546313 E22620.894346 F1200.000
; T08 POINT 988 point-0000988 deposition
G1 A39.763337 C-2040.267382 X-359.139968 Y222.496907 Z-120.465864 E22652.531419 F1200.000
; T08 POINT 989 point-0000989 deposition
G1 A42.048303 C-2042.771138 X-355.180784 Y239.412549 Z-101.030730 E22684.167300 F1200.000
; T08 POINT 990 point-0000990 deposition
G1 A44.384106 C-2045.061581 X-350.964579 Y254.132852 Z-81.301218 E22715.802760 F1200.000
; T08 POINT 991 point-0000991 deposition
G1 A46.762097 C-2047.167289 X-346.593481 Y266.795193 Z-61.332726 E22747.438239 F1200.000
; T08 POINT 992 point-0000992 deposition
G1 A49.175782 C-2049.113605 X-342.136842 Y277.526582 Z-41.174295 E22779.073692 F1200.000
; T08 POINT 993 point-0000993 deposition
G1 A51.619857 C-2050.922335 X-337.641245 Y286.438564 Z-20.874506 E22810.709168 F1200.000
; T08 POINT 994 point-0000994 deposition
G1 A54.089990 C-2052.612242 X-333.136862 Y293.628499 Z-0.481459 E22842.344648 F1200.000
; T08 POINT 995 point-0000995 deposition
G1 A56.582071 C-2054.199154 X-328.643153 Y299.180308 Z19.952568 E22873.980274 F1200.000
; T08 POINT 996 point-0000996 deposition
G1 A59.093590 C-2055.697358 X-324.169193 Y303.169532 Z40.383644 E22905.616136 F1200.000
; T08 POINT 997 point-0000997 deposition
G1 A61.621635 C-2057.118740 X-319.719694 Y305.661200 Z60.760728 E22937.251939 F1200.000
; T08 POINT 998 point-0000998 deposition
G1 A64.163662 C-2058.473686 X-315.294963 Y306.713960 Z81.032928 E22968.887642 F1200.000
; T08 POINT 999 point-0000999 deposition
G1 A66.717614 C-2059.771421 X-310.891739 Y306.381301 Z101.151081 E23000.523362 F1200.000
; T08 POINT 1000 point-0001000 deposition
G1 A69.281851 C-2061.020193 X-306.504053 Y304.712236 Z121.067701 E23032.159192 F1200.000
; T08 POINT 1001 point-0001001 deposition
G1 A71.855095 C-2062.227437 X-302.123814 Y301.751889 Z140.736948 E23063.795027 F1200.000
; T08 POINT 1002 point-0001002 deposition
G1 A74.435658 C-2063.399595 X-297.742526 Y297.543546 Z160.109131 E23095.430668 F1200.000
; T08 POINT 1003 point-0001003 deposition
G1 A77.021913 C-2064.542502 X-293.350616 Y292.129413 Z179.134879 E23127.066265 F1200.000
; T08 POINT 1004 point-0001004 deposition
G1 A79.613245 C-2065.661920 X-288.935788 Y285.548304 Z197.772360 E23158.701867 F1200.000
; T08 POINT 1005 point-0001005 deposition
G1 A82.208349 C-2066.762888 X-284.486147 Y277.839949 Z215.974920 E23190.337423 F1200.000
; T08 POINT 1006 point-0001006 deposition
G1 A84.806179 C-2067.850244 X-279.988423 Y269.043285 Z233.698455 E23221.973006 F1200.000
; T08 POINT 1007 point-0001007 deposition
G1 A87.405921 C-2068.928693 X-275.427931 Y259.196403 Z250.901237 E23253.608636 F1200.000
; T08 POINT 1008 point-0001008 deposition
G1 A90.006794 C-2070.002804 X-270.788770 Y248.337272 Z267.542697 E23285.244164 F1200.000
; T08 POINT 1009 point-0001009 deposition
G1 A92.607472 C-2071.076846 X-266.054769 Y236.506794 Z283.580092 E23316.879590 F1200.000
; T08 POINT 1010 point-0001010 deposition
G1 A95.207220 C-2072.155335 X-261.207101 Y223.743827 Z298.975939 E23348.515013 F1200.000
; T08 POINT 1011 point-0001011 deposition
G1 A97.805095 C-2073.242773 X-256.225514 Y210.088728 Z313.693067 E23380.150445 F1200.000
; T08 POINT 1012 point-0001012 deposition
G1 A100.399960 C-2074.343729 X-251.088009 Y195.583659 Z327.695090 E23411.785991 F1200.000
; T08 POINT 1013 point-0001013 deposition
G1 A102.991197 C-2075.463222 X-245.768927 Y180.268340 Z340.950367 E23443.421625 F1200.000
; T08 POINT 1014 point-0001014 deposition
G1 A105.577547 C-2076.606317 X-240.240904 Y164.186908 Z353.425900 E23475.057207 F1200.000
; T08 POINT 1015 point-0001015 deposition
G1 A108.157730 C-2077.778478 X-234.473048 Y147.384516 Z365.091073 E23506.692770 F1200.000
; T08 POINT 1016 point-0001016 deposition
G1 A110.730518 C-2078.985714 X-228.430051 Y129.906727 Z375.918022 E23538.328388 F1200.000
; T08 POINT 1017 point-0001017 deposition
G1 A113.294691 C-2080.234695 X-222.071377 Y111.799658 Z385.881399 E23569.963999 F1200.000
; T08 POINT 1018 point-0001018 deposition
G1 A115.848501 C-2081.532638 X-215.351669 Y93.114091 Z394.956462 E23601.599500 F1200.000
; T08 POINT 1019 point-0001019 deposition
G1 A118.390401 C-2082.887843 X-208.217609 Y73.900255 Z403.122099 E23633.235091 F1200.000
; T08 POINT 1020 point-0001020 deposition
G1 A120.918175 C-2084.309450 X-200.608881 Y54.214774 Z410.357958 E23664.870669 F1200.000
; T08 POINT 1021 point-0001021 deposition
G1 A123.429330 C-2085.807866 X-192.455486 Y34.118333 Z416.646264 E23696.506215 F1200.000
; T08 POINT 1022 point-0001022 deposition
G1 A125.921326 C-2087.395219 X-183.674704 Y13.674317 Z421.972428 E23728.141749 F1200.000
; T08 POINT 1023 point-0001023 deposition
G1 A128.391077 C-2089.085435 X-174.170092 Y-7.046030 Z426.323809 E23759.777322 F1200.000
; T08 POINT 1024 point-0001024 deposition
G1 A130.834727 C-2090.894502 X-163.829449 Y-27.959967 Z429.689770 E23791.412882 F1200.000
; T08 POINT 1025 point-0001025 deposition
G1 A133.247540 C-2092.840844 X-152.522122 Y-48.969716 Z432.062102 E23823.048311 F1200.000
; T08 POINT 1026 point-0001026 deposition
G1 A135.624471 C-2094.946399 X-140.092089 Y-69.964187 Z433.435704 E23854.683731 F1200.000
; T08 POINT 1027 point-0001027 deposition
G1 A137.959215 C-2097.236642 X-126.357533 Y-90.805643 Z433.807486 E23886.319134 F1200.000
; T08 POINT 1028 point-0001028 deposition
G1 A140.244035 C-2099.741184 X-111.107551 Y-111.320846 Z433.176687 E23917.954548 F1200.000
; T08 POINT 1029 point-0001029 deposition
G1 A142.469514 C-2102.494365 X-94.099834 Y-131.288894 Z431.545005 E23949.589952 F1200.000
; T08 POINT 1030 point-0001030 deposition
G1 A144.624213 C-2105.535721 X-75.061009 Y-150.424558 Z428.916548 E23981.225359 F1200.000
; T08 POINT 1031 point-0001031 deposition
G1 A146.693721 C-2108.909191 X-53.698252 Y-168.351891 Z425.298729 E24012.861238 F1200.000
; T08 POINT 1032 point-0001032 deposition
G1 A148.661696 C-2112.664981 X-29.698795 Y-184.591794 Z420.699507 E24044.498026 F1200.000
; T08 POINT 1033 point-0001033 deposition
G1 A150.507572 C-2116.855038 X-2.778502 Y-198.517227 Z415.129792 E24076.134898 F1200.000
; T08 POINT 1034 point-0001034 deposition
G1 A152.206654 C-2121.529493 X27.264943 Y-209.335295 Z408.603334 E24107.771488 F1200.000
; T08 POINT 1035 point-0001035 deposition
G1 A153.730225 C-2126.730017 X60.467575 Y-216.086870 Z401.136173 E24139.407812 F1200.000
; T08 POINT 1036 point-0001036 deposition
G1 A155.045990 C-2132.479127 X96.582183 Y-217.689087 Z392.746509 E24171.044090 F1200.000
; T08 POINT 1037 point-0001037 deposition
G1 A156.119504 C-2138.766300 X134.951765 Y-213.053453 Z383.454598 E24202.680569 F1200.000
; T08 POINT 1038 point-0001038 deposition
G1 A156.916898 C-2145.533670 X174.425122 Y-201.298022 Z373.282696 E24234.317354 F1200.000
; T08 POINT 1039 point-0001039 deposition
G1 A157.408874 C-2152.667127 X213.392274 Y-182.026909 Z362.255018 E24265.954215 F1200.000
; T08 POINT 1040 point-0001040 deposition
G1 A157.575276 C-2160.000000 X250.000000 Y-155.579087 Z350.397732 E24297.590398 F1200.000
; T08 EVENT event-0000022 retract
G1 E24296.590398 F3000.000
; T08 POINT 1041 point-0001041 depart
G1 A157.575276 C-2160.000000 X250.000000 Y-155.579087 Z360.397732 F3000.000
; T08 EVENT event-0000023 index_start
; T08 POINT 1042 point-0001042 travel
G1 A160.513331 C-2160.000000 X250.000000 Y-180.667405 Z351.870693 F3000.000
; T08 EVENT event-0000024 index_end
; T08 POINT 1043 point-0001043 approach
G1 A160.513331 C-2160.000000 X250.000000 Y-180.667405 Z341.870693 F3000.000
; T08 EVENT event-0000025 prime
G1 E24297.590398 F1200.000
; T08 POINT 1044 point-0001044 deposition
G1 A160.319223 C-2168.377631 X287.912468 Y-142.472591 Z329.213056 E24329.219875 F1200.000
; T08 POINT 1045 point-0001045 deposition
G1 A159.748071 C-2176.449186 X318.636207 Y-99.209201 Z315.804475 E24360.849353 F1200.000
; T08 POINT 1046 point-0001046 deposition
G1 A158.830413 C-2183.973226 X341.601118 Y-53.935366 Z301.677252 E24392.478830 F1200.000
; T08 POINT 1047 point-0001047 deposition
G1 A157.608875 C-2190.806880 X357.369880 Y-9.278836 Z286.865421 E24424.108307 F1200.000
; T08 POINT 1048 point-0001048 deposition
G1 A156.130150 C-2196.902457 X367.156102 Y32.952628 Z271.404665 E24455.737784 F1200.000
; T08 POINT 1049 point-0001049 deposition
G1 A154.438938 C-2202.281710 X372.346267 Y71.771477 Z255.332231 E24487.367262 F1200.000
; T08 POINT 1050 point-0001050 deposition
G1 A152.574640 C-2207.006143 X374.200373 Y106.805999 Z238.686838 E24518.996739 F1200.000
; T08 POINT 1051 point-0001051 deposition
G1 A150.570263 C-2211.153716 X373.732059 Y138.064850 Z221.508586 E24550.626216 F1200.000
; T08 POINT 1052 point-0001052 deposition
G1 A148.452642 C-2214.804241 X371.699824 Y165.753212 Z203.838860 E24582.255694 F1200.000
; T08 POINT 1053 point-0001053 deposition
G1 A146.243239 C-2218.031781 X368.646314 Y190.154957 Z185.720228 E24613.885171 F1200.000
; T08 POINT 1054 point-0001054 deposition
G1 A143.959097 C-2220.901562 X364.948671 Y211.566849 Z167.196338 E24645.514648 F1200.000
; T08 POINT 1055 point-0001055 deposition
G1 A141.613733 C-2223.469382 X360.863815 Y230.266440 Z148.311816 E24677.144125 F1200.000
; T08 POINT 1056 point-0001056 deposition
G1 A139.217896 C-2225.782228 X356.563979 Y246.499316 Z129.112158 E24708.773603 F1200.000
; T08 POINT 1057 point-0001057 deposition
G1 A136.780177 C-2227.879361 X352.162783 Y260.476460 Z109.643616 E24740.403080 F1200.000
; T08 POINT 1058 point-0001058 deposition
G1 A134.307487 C-2229.793503 X347.733673 Y272.376395 Z89.953091 E24772.032557 F1200.000
; T08 POINT 1059 point-0001059 deposition
G1 A131.805428 C-2231.551945 X343.322706 Y282.349212 Z70.088022 E24803.662034 F1200.000
; T08 POINT 1060 point-0001060 deposition
G1 A129.278576 C-2233.177513 X338.957322 Y290.521041 Z50.096262 E24835.291512 F1200.000
; T08 POINT 1061 point-0001061 deposition
G1 A126.730702 C-2234.689384 X334.652320 Y296.998287 Z30.025976 E24866.920989 F1200.000
; T08 POINT 1062 point-0001062 deposition
G1 A124.164937 C-2236.103759 X330.413933 Y301.871360 Z9.925513 E24898.550466 F1200.000
; T08 POINT 1063 point-0001063 deposition
G1 A121.583909 C-2237.434407 X326.242585 Y305.217858 Z-10.156701 E24930.179944 F1200.000
; T08 POINT 1064 point-0001064 deposition
G1 A118.989838 C-2238.693116 X322.134770 Y307.105195 Z-30.172289 E24961.809421 F1200.000
; T08 POINT 1065 point-0001065 deposition
G1 A116.384620 C-2239.890053 X318.084313 Y307.592772 Z-50.073030 E24993.438898 F1200.000
; T08 POINT 1066 point-0001066 deposition
G1 A113.769887 C-2241.034059 X314.083214 Y306.733736 Z-69.810981 E25025.068375 F1200.000
; T08 POINT 1067 point-0001067 deposition
G1 A111.147062 C-2242.132887 X310.122210 Y304.576407 Z-89.338593 E25056.697853 F1200.000
; T08 POINT 1068 point-0001068 deposition
G1 A108.517392 C-2243.193405 X306.191123 Y301.165435 Z-108.608821 E25088.327330 F1200.000
; T08 POINT 1069 point-0001069 deposition
G1 A105.881991 C-2244.221757 X302.279081 Y296.542728 Z-127.575242 E25119.956807 F1200.000
; T08 POINT 1070 point-0001070 deposition
G1 A103.241858 C-2245.223500 X298.374627 Y290.748199 Z-146.192164 E25151.586285 F1200.000
; T08 POINT 1071 point-0001071 deposition
G1 A100.597903 C-2246.203722 X294.465759 Y283.820371 Z-164.414737 E25183.215762 F1200.000
; T08 POINT 1072 point-0001072 deposition
G1 A97.950969 C-2247.167142 X290.539906 Y275.796855 Z-182.199062 E25214.845239 F1200.000
; T08 POINT 1073 point-0001073 deposition
G1 A95.301844 C-2248.118195 X286.583870 Y266.714731 Z-199.502294 E25246.474716 F1200.000
; T08 POINT 1074 point-0001074 deposition
G1 A92.651279 C-2249.061115 X282.583716 Y256.610849 Z-216.282749 E25278.104194 F1200.000
; T08 POINT 1075 point-0001075 deposition
G1 A90.000000 C-2250.000000 X278.524634 Y245.522068 Z-232.500000 E25309.733671 F1200.000
; T08 POINT 1076 point-0001076 deposition
G1 A87.348721 C-2250.938885 X274.390764 Y233.485436 Z-248.114980 E25341.363148 F1200.000
; T08 POINT 1077 point-0001077 deposition
G1 A84.698156 C-2251.881805 X270.164978 Y220.538330 Z-263.090069 E25372.992625 F1200.000
; T08 POINT 1078 point-0001078 deposition
G1 A82.049031 C-2252.832858 X265.828625 Y206.718562 Z-277.389193 E25404.622103 F1200.000
; T08 POINT 1079 point-0001079 deposition
G1 A79.402097 C-2253.796278 X261.361216 Y192.064458 Z-290.977903 E25436.251580 F1200.000
; T08 POINT 1080 point-0001080 deposition
G1 A76.758142 C-2254.776500 X256.740062 Y176.614922 Z-303.823463 E25467.881057 F1200.000
; T08 POINT 1081 point-0001081 deposition
G1 A74.118009 C-2255.778243 X251.939826 Y160.409492 Z-315.894926 E25499.510535 F1200.000
; T08 POINT 1082 point-0001082 deposition
G1 A71.482608 C-2256.806595 X246.931992 Y143.488396 Z-327.163212 E25531.140012 F1200.000
; T08 POINT 1083 point-0001083 deposition
G1 A68.852938 C-2257.867113 X241.684218 Y125.892626 Z-337.601173 E25562.769489 F1200.000
; T08 POINT 1084 point-0001084 deposition
G1 A66.230113 C-2258.965941 X236.159556 Y107.664042 Z-347.183665 E25594.398966 F1200.000
; T08 POINT 1085 point-0001085 deposition
G1 A63.615380 C-2260.109947 X230.315497 Y88.845530 Z-355.887602 E25626.028444 F1200.000
; T08 POINT 1086 point-0001086 deposition
G1 A61.010162 C-2261.306884 X224.102790 Y69.481251 Z-363.692016 E25657.657921 F1200.000
; T08 POINT 1087 point-0001087 deposition
G1 A58.416091 C-2262.565593 X217.464007 Y49.617012 Z-370.578105 E25689.287398 F1200.000
; T08 POINT 1088 point-0001088 deposition
G1 A55.835063 C-2263.896241 X210.331751 Y29.300847 Z-376.529279 E25720.916875 F1200.000
; T08 POINT 1089 point-0001089 deposition
G1 A53.269298 C-2265.310616 X202.626440 Y8.583868 Z-381.531203 E25752.546353 F1200.000
; T08 POINT 1090 point-0001090 deposition
G1 A50.721424 C-2266.822487 X194.253572 Y-12.478434 Z-385.571825 E25784.175830 F1200.000
; T08 POINT 1091 point-0001091 deposition
G1 A48.194572 C-2268.448055 X185.100322 Y-33.824281 Z-388.641412 E25815.805307 F1200.000
; T08 POINT 1092 point-0001092 deposition
G1 A45.692513 C-2270.206497 X175.031365 Y-55.382748 Z-390.732569 E25847.434785 F1200.000
; T08 POINT 1093 point-0001093 deposition
G1 A43.219823 C-2272.120639 X163.883787 Y-77.069551 Z-391.840258 E25879.064262 F1200.000
; T08 POINT 1094 point-0001094 deposition
G1 A40.782104 C-2274.217772 X151.461011 Y-98.780798 Z-391.961810 E25910.693739 F1200.000
; T08 POINT 1095 point-0001095 deposition
G1 A38.386267 C-2276.530618 X137.525823 Y-120.383771 Z-391.096933 E25942.323216 F1200.000
; T08 POINT 1096 point-0001096 deposition
G1 A36.040903 C-2279.098438 X121.792892 Y-141.703386 Z-389.247710 E25973.952694 F1200.000
; T08 POINT 1097 point-0001097 deposition
G1 A33.756761 C-2281.968219 X103.921923 Y-162.502491 Z-386.418596 E26005.582171 F1200.000
; T08 POINT 1098 point-0001098 deposition
G1 A31.547358 C-2285.195759 X83.513911 Y-182.453680 Z-382.616407 E26037.211648 F1200.000
; T08 POINT 1099 point-0001099 deposition
G1 A29.429737 C-2288.846284 X60.115480 Y-201.100286 Z-377.850303 E26068.841126 F1200.000
; T08 POINT 1100 point-0001100 deposition
G1 A27.425360 C-2292.993857 X33.240401 Y-217.805467 Z-372.131764 E26100.470603 F1200.000
; T08 POINT 1101 point-0001101 deposition
G1 A25.561062 C-2297.718290 X2.423318 Y-231.693039 Z-365.474569 E26132.100080 F1200.000
; T08 POINT 1102 point-0001102 deposition
G1 A23.869850 C-2303.097543 X-32.673355 Y-241.595297 Z-357.894755 E26163.729557 F1200.000
; T08 POINT 1103 point-0001103 deposition
G1 A22.391125 C-2309.193120 X-72.079322 Y-246.045228 Z-349.410582 E26195.359035 F1200.000
; T08 POINT 1104 point-0001104 deposition
G1 A21.169587 C-2316.026774 X-115.266594 Y-243.380441 Z-340.042489 E26226.988512 F1200.000
; T08 POINT 1105 point-0001105 deposition
G1 A20.251929 C-2323.550814 X-160.899413 Y-232.038974 Z-329.813045 E26258.617989 F1200.000
; T08 POINT 1106 point-0001106 deposition
G1 A19.680777 C-2331.622369 X-206.752177 Y-211.065445 Z-318.746893 E26290.247466 F1200.000
; T08 POINT 1107 point-0001107 deposition
G1 A19.486669 C-2340.000000 X-250.000000 Y-180.667405 Z-306.870693 E26321.876944 F1200.000
; T08 POINT 1108 point-0001108 deposition
G1 A19.680777 C-2348.377631 X-287.912468 Y-142.472591 Z-294.213056 E26353.506421 F1200.000
; T08 POINT 1109 point-0001109 deposition
G1 A20.251929 C-2356.449186 X-318.636207 Y-99.209201 Z-280.804475 E26385.135898 F1200.000
; T08 POINT 1110 point-0001110 deposition
G1 A21.169587 C-2363.973226 X-341.601118 Y-53.935366 Z-266.677252 E26416.765376 F1200.000
; T08 POINT 1111 point-0001111 deposition
G1 A22.391125 C-2370.806880 X-357.369880 Y-9.278836 Z-251.865421 E26448.394853 F1200.000
; T08 POINT 1112 point-0001112 deposition
G1 A23.869850 C-2376.902457 X-367.156102 Y32.952628 Z-236.404665 E26480.024330 F1200.000
; T08 POINT 1113 point-0001113 deposition
G1 A25.561062 C-2382.281710 X-372.346267 Y71.771477 Z-220.332231 E26511.653807 F1200.000
; T08 POINT 1114 point-0001114 deposition
G1 A27.425360 C-2387.006143 X-374.200373 Y106.805999 Z-203.686838 E26543.283285 F1200.000
; T08 POINT 1115 point-0001115 deposition
G1 A29.429737 C-2391.153716 X-373.732059 Y138.064850 Z-186.508586 E26574.912762 F1200.000
; T08 POINT 1116 point-0001116 deposition
G1 A31.547358 C-2394.804241 X-371.699824 Y165.753212 Z-168.838860 E26606.542239 F1200.000
; T08 POINT 1117 point-0001117 deposition
G1 A33.756761 C-2398.031781 X-368.646314 Y190.154957 Z-150.720228 E26638.171717 F1200.000
; T08 POINT 1118 point-0001118 deposition
G1 A36.040903 C-2400.901562 X-364.948671 Y211.566849 Z-132.196338 E26669.801194 F1200.000
; T08 POINT 1119 point-0001119 deposition
G1 A38.386267 C-2403.469382 X-360.863815 Y230.266440 Z-113.311816 E26701.430671 F1200.000
; T08 POINT 1120 point-0001120 deposition
G1 A40.782104 C-2405.782228 X-356.563979 Y246.499316 Z-94.112158 E26733.060148 F1200.000
; T08 POINT 1121 point-0001121 deposition
G1 A43.219823 C-2407.879361 X-352.162783 Y260.476460 Z-74.643616 E26764.689626 F1200.000
; T08 POINT 1122 point-0001122 deposition
G1 A45.692513 C-2409.793503 X-347.733673 Y272.376395 Z-54.953091 E26796.319103 F1200.000
; T08 POINT 1123 point-0001123 deposition
G1 A48.194572 C-2411.551945 X-343.322706 Y282.349212 Z-35.088022 E26827.948580 F1200.000
; T08 POINT 1124 point-0001124 deposition
G1 A50.721424 C-2413.177513 X-338.957322 Y290.521041 Z-15.096262 E26859.578057 F1200.000
; T08 POINT 1125 point-0001125 deposition
G1 A53.269298 C-2414.689384 X-334.652320 Y296.998287 Z4.974024 E26891.207535 F1200.000
; T08 POINT 1126 point-0001126 deposition
G1 A55.835063 C-2416.103759 X-330.413933 Y301.871360 Z25.074487 E26922.837012 F1200.000
; T08 POINT 1127 point-0001127 deposition
G1 A58.416091 C-2417.434407 X-326.242585 Y305.217858 Z45.156701 E26954.466489 F1200.000
; T08 POINT 1128 point-0001128 deposition
G1 A61.010162 C-2418.693116 X-322.134770 Y307.105195 Z65.172289 E26986.095967 F1200.000
; T08 POINT 1129 point-0001129 deposition
G1 A63.615380 C-2419.890053 X-318.084313 Y307.592772 Z85.073030 E27017.725444 F1200.000
; T08 POINT 1130 point-0001130 deposition
G1 A66.230113 C-2421.034059 X-314.083214 Y306.733736 Z104.810981 E27049.354921 F1200.000
; T08 POINT 1131 point-0001131 deposition
G1 A68.852938 C-2422.132887 X-310.122210 Y304.576407 Z124.338593 E27080.984398 F1200.000
; T08 POINT 1132 point-0001132 deposition
G1 A71.482608 C-2423.193405 X-306.191123 Y301.165435 Z143.608821 E27112.613876 F1200.000
; T08 POINT 1133 point-0001133 deposition
G1 A74.118009 C-2424.221757 X-302.279081 Y296.542728 Z162.575242 E27144.243353 F1200.000
; T08 POINT 1134 point-0001134 deposition
G1 A76.758142 C-2425.223500 X-298.374627 Y290.748199 Z181.192164 E27175.872830 F1200.000
; T08 POINT 1135 point-0001135 deposition
G1 A79.402097 C-2426.203722 X-294.465759 Y283.820371 Z199.414737 E27207.502307 F1200.000
; T08 POINT 1136 point-0001136 deposition
G1 A82.049031 C-2427.167142 X-290.539906 Y275.796855 Z217.199062 E27239.131785 F1200.000
; T08 POINT 1137 point-0001137 deposition
G1 A84.698156 C-2428.118195 X-286.583870 Y266.714731 Z234.502294 E27270.761262 F1200.000
; T08 POINT 1138 point-0001138 deposition
G1 A87.348721 C-2429.061115 X-282.583716 Y256.610849 Z251.282749 E27302.390739 F1200.000
; T08 POINT 1139 point-0001139 deposition
G1 A90.000000 C-2430.000000 X-278.524634 Y245.522068 Z267.500000 E27334.020217 F1200.000
; T08 POINT 1140 point-0001140 deposition
G1 A92.651279 C-2430.938885 X-274.390764 Y233.485436 Z283.114980 E27365.649694 F1200.000
; T08 POINT 1141 point-0001141 deposition
G1 A95.301844 C-2431.881805 X-270.164978 Y220.538330 Z298.090069 E27397.279171 F1200.000
; T08 POINT 1142 point-0001142 deposition
G1 A97.950969 C-2432.832858 X-265.828625 Y206.718562 Z312.389193 E27428.908648 F1200.000
; T08 POINT 1143 point-0001143 deposition
G1 A100.597903 C-2433.796278 X-261.361216 Y192.064458 Z325.977903 E27460.538126 F1200.000
; T08 POINT 1144 point-0001144 deposition
G1 A103.241858 C-2434.776500 X-256.740062 Y176.614922 Z338.823463 E27492.167603 F1200.000
; T08 POINT 1145 point-0001145 deposition
G1 A105.881991 C-2435.778243 X-251.939826 Y160.409492 Z350.894926 E27523.797080 F1200.000
; T08 POINT 1146 point-0001146 deposition
G1 A108.517392 C-2436.806595 X-246.931992 Y143.488396 Z362.163212 E27555.426558 F1200.000
; T08 POINT 1147 point-0001147 deposition
G1 A111.147062 C-2437.867113 X-241.684218 Y125.892626 Z372.601173 E27587.056035 F1200.000
; T08 POINT 1148 point-0001148 deposition
G1 A113.769887 C-2438.965941 X-236.159556 Y107.664042 Z382.183665 E27618.685512 F1200.000
; T08 POINT 1149 point-0001149 deposition
G1 A116.384620 C-2440.109947 X-230.315497 Y88.845530 Z390.887602 E27650.314989 F1200.000
; T08 POINT 1150 point-0001150 deposition
G1 A118.989838 C-2441.306884 X-224.102790 Y69.481251 Z398.692016 E27681.944467 F1200.000
; T08 POINT 1151 point-0001151 deposition
G1 A121.583909 C-2442.565593 X-217.464007 Y49.617012 Z405.578105 E27713.573944 F1200.000
; T08 POINT 1152 point-0001152 deposition
G1 A124.164937 C-2443.896241 X-210.331751 Y29.300847 Z411.529279 E27745.203421 F1200.000
; T08 POINT 1153 point-0001153 deposition
G1 A126.730702 C-2445.310616 X-202.626440 Y8.583868 Z416.531203 E27776.832898 F1200.000
; T08 POINT 1154 point-0001154 deposition
G1 A129.278576 C-2446.822487 X-194.253572 Y-12.478434 Z420.571825 E27808.462376 F1200.000
; T08 POINT 1155 point-0001155 deposition
G1 A131.805428 C-2448.448055 X-185.100322 Y-33.824281 Z423.641412 E27840.091853 F1200.000
; T08 POINT 1156 point-0001156 deposition
G1 A134.307487 C-2450.206497 X-175.031365 Y-55.382748 Z425.732569 E27871.721330 F1200.000
; T08 POINT 1157 point-0001157 deposition
G1 A136.780177 C-2452.120639 X-163.883787 Y-77.069551 Z426.840258 E27903.350808 F1200.000
; T08 POINT 1158 point-0001158 deposition
G1 A139.217896 C-2454.217772 X-151.461011 Y-98.780798 Z426.961810 E27934.980285 F1200.000
; T08 POINT 1159 point-0001159 deposition
G1 A141.613733 C-2456.530618 X-137.525823 Y-120.383771 Z426.096933 E27966.609762 F1200.000
; T08 POINT 1160 point-0001160 deposition
G1 A143.959097 C-2459.098438 X-121.792892 Y-141.703386 Z424.247710 E27998.239239 F1200.000
; T08 POINT 1161 point-0001161 deposition
G1 A146.243239 C-2461.968219 X-103.921923 Y-162.502491 Z421.418596 E28029.868717 F1200.000
; T08 POINT 1162 point-0001162 deposition
G1 A148.452642 C-2465.195759 X-83.513911 Y-182.453680 Z417.616407 E28061.498194 F1200.000
; T08 POINT 1163 point-0001163 deposition
G1 A150.570263 C-2468.846284 X-60.115480 Y-201.100286 Z412.850303 E28093.127671 F1200.000
; T08 POINT 1164 point-0001164 deposition
G1 A152.574640 C-2472.993857 X-33.240401 Y-217.805467 Z407.131764 E28124.757148 F1200.000
; T08 POINT 1165 point-0001165 deposition
G1 A154.438938 C-2477.718290 X-2.423318 Y-231.693039 Z400.474569 E28156.386626 F1200.000
; T08 POINT 1166 point-0001166 deposition
G1 A156.130150 C-2483.097543 X32.673355 Y-241.595297 Z392.894755 E28188.016103 F1200.000
; T08 POINT 1167 point-0001167 deposition
G1 A157.608875 C-2489.193120 X72.079322 Y-246.045228 Z384.410582 E28219.645580 F1200.000
; T08 POINT 1168 point-0001168 deposition
G1 A158.830413 C-2496.026774 X115.266594 Y-243.380441 Z375.042489 E28251.275058 F1200.000
; T08 POINT 1169 point-0001169 deposition
G1 A159.748071 C-2503.550814 X160.899413 Y-232.038974 Z364.813045 E28282.904535 F1200.000
; T08 POINT 1170 point-0001170 deposition
G1 A160.319223 C-2511.622369 X206.752177 Y-211.065445 Z353.746893 E28314.534012 F1200.000
; T08 POINT 1171 point-0001171 deposition
G1 A160.513331 C-2520.000000 X250.000000 Y-180.667405 Z341.870693 E28346.163489 F1200.000
M400 ; finish queued motion
M2
