point_id,time_s,X,Y,Z,A,C
point-0000001,0.0,250.0,265.5,-288.0,0.0,0.0
point-0000002,0.02773765640468826,249.44533574226182,265.4900705328658,-288.0,0.0,0.0
point-0000003,0.05511323106254718,248.89861317011434,265.4606891740876,-288.0,0.0,0.0
point-0000004,0.0824426190697693,248.35418868321875,265.4121077207521,-288.0,0.0,0.0
point-0000005,0.10977175580636293,247.81181951604083,265.34437019495067,-288.0,0.0,0.0
point-0000006,0.13710065824188317,247.2721791370209,265.2575610671857,-288.0,0.0,0.0
point-0000007,0.16442934334760265,246.7359376164789,265.1517884644484,-288.0,0.0,0.0
point-0000008,0.19175782809638378,246.20376079641164,265.02718403575966,-288.0,0.0,0.0
point-0000009,0.21908612946256426,245.67630946554064,264.88390278860317,-288.0,0.0,0.0
point-0000010,0.24641426442182338,245.15423854062993,264.722122896455,-288.0,0.0,0.0
point-0000011,0.2737422499510613,244.6381962550853,264.54204547764755,-288.0,0.0,0.0
point-0000012,0.30107010302827325,244.12882335583768,264.34389434584165,-288.0,0.0,0.0
point-0000013,0.32839784063242966,243.6267523095034,264.1279157324156,-288.0,0.0,0.0
point-0000014,0.35572547974334295,243.13260651880165,263.89437798111555,-288.0,0.0,0.0
point-0000015,0.3830530373415516,242.6469995501983,263.6435712153431,-288.0,0.0,0.0
point-0000016,0.41038053040819084,242.17053437372942,263.37580697849404,-288.0,0.0,0.0
point-0000017,0.4377079759248694,241.703802615945,263.0914178477906,-288.0,0.0,0.0
point-0000018,0.4650353908735429,241.24738382689503,262.79075702208667,-288.0,0.0,0.0
point-0000019,0.49236279223639207,240.80184476206455,262.4741978841543,-288.0,0.0,0.0
point-0000020,0.5196901969957008,240.36773868014453,262.1421335379928,-288.0,0.0,0.0
point-0000021,0.5470176221337246,239.9456046575068,261.79497632173275,-288.0,0.0,0.0
point-0000022,0.5743450846325674,239.53596692022992,261.4331572967369,-288.0,0.0,0.0
point-0000023,0.6016726014740669,239.1393341945018,261.0571257135282,-288.0,0.0,0.0
point-0000024,0.6290001896396519,238.75619907620177,260.66734845520705,-288.0,0.0,0.0
point-0000025,0.656327866110236,238.38703742044157,260.2643094590432,-288.0,0.0,0.0
point-0000026,0.6836556478660819,238.0323077518195,259.848509116959,-288.0,0.0,0.0
point-0000027,0.7109835518866792,237.6924506961171,259.4204636556434,-288.0,0.0,0.0
point-0000028,0.7383115951506247,237.36788843414084,258.9807044970631,-288.0,0.0,0.0
point-0000029,0.7656397946354878,237.05902417838382,258.5297776001613,-288.0,0.0,0.0
point-0000030,0.7929681673177014,236.76624167315515,258.0682427845567,-288.0,0.0,0.0
point-0000031,0.8202967301724174,236.4899047187947,257.5966730370787,-288.0,0.0,0.0
point-0000032,0.8476255001733993,236.23035672056164,257.1156538019957,-288.0,0.0,0.0
point-0000033,0.8749544942928891,235.9879202627553,256.62578225581285,-288.0,0.0,0.0
point-0000034,0.902283729501488,235.76289670859458,256.12766656753587,-288.0,0.0,0.0
point-0000035,0.9296132227680268,235.55556582635162,255.62192514531432,-288.0,0.0,0.0
point-0000036,0.9571520107690364,235.36487835696335,255.1052122396848,-288.0,0.0,0.0
point-0000037,0.9848896680395242,235.1915625121046,254.57822773302172,-288.0,0.0,0.0
point-0000038,1.0125100618875622,235.0378710204925,254.04763053369408,-288.0,0.0,0.0
point-0000039,1.039839608801785,234.90459719889665,253.51753644554375,-288.0,0.0,0.0
point-0000040,1.0671688942645239,234.79008910843584,252.98307986659597,-288.0,0.0,0.0
point-0000041,1.0944979352442432,234.69448858142954,252.44492456226033,-288.0,0.0,0.0
point-0000042,1.1218267487111986,234.61791399266477,251.90373887272284,-288.0,0.0,0.0
point-0000043,1.1491553516373139,234.5604601132191,251.36019488472007,-288.0,0.0,0.0
point-0000044,1.176483760996056,234.52219799349763,250.81496759869523,-288.0,0.0,0.0
point-0000045,1.2038119937623157,234.50317487562756,250.26873409236552,-288.0,0.0,0.0
point-0000046,1.2311400669122734,234.503414135319,249.72217268173486,-288.0,0.0,0.0
point-0000047,1.2584679974232837,234.52291525326194,249.17596208058836,-288.0,0.0,0.0
point-0000048,1.2857958022737472,234.56165381609554,248.6307805595079,-288.0,0.0,0.0
point-0000049,1.3131234984429858,234.6195815469467,248.0873051054479,-288.0,0.0,0.0
point-0000050,1.3404511029111164,234.6966263655012,247.54621058291,-288.0,0.0,0.0
point-0000051,1.3677786326589323,234.7926924775315,247.00816889775308,-288.0,0.0,0.0
point-0000052,1.3951061046677722,234.90766049377106,246.47384816467275,-288.0,0.0,0.0
point-0000053,1.4224335359193978,235.0413875779878,245.94391187937816,-288.0,0.0,0.0
point-0000054,1.4497609433958707,235.19370762407317,245.41901809649002,-288.0,0.0,0.0
point-0000055,1.4770883440794305,235.36443146192843,244.89981861417527,-288.0,0.0,0.0
point-0000056,1.504415754952359,235.55334709189293,244.38695816652674,-288.0,0.0,0.0
point-0000057,1.5317431929968708,235.76021994742516,243.88107362468483,-288.0,0.0,0.0
point-0000058,1.5590706751949759,235.9847931857116,243.3827932076899,-288.0,0.0,0.0
point-0000059,1.5863982185283625,236.22678800584433,242.89273570403938,-288.0,0.0,0.0
point-0000060,1.6137258399782723,236.48590399417446,242.41150970491265,-288.0,0.0,0.0
point-0000061,1.6410535565253683,236.7618194964144,241.93971285001103,-288.0,0.0,0.0
point-0000062,1.668381385149624,237.05419201602962,241.47793108694484,-288.0,0.0,0.0
point-0000063,1.6957093428301846,237.36265863842738,241.02673794508348,-288.0,0.0,0.0
point-0000064,1.7230374465452492,237.68683648041892,240.58669382476572,-288.0,0.0,0.0
point-0000065,1.7503657132719506,238.0263231643997,240.15834530274887,-288.0,0.0,0.0
point-0000066,1.7776941599862202,238.3806973166618,239.7422244547559,-288.0,0.0,0.0
point-0000067,1.8050228036626739,238.74951908922355,239.33884819595744,-288.0,0.0,0.0
point-0000068,1.8323516612744786,239.13233070453123,238.94871764020456,-288.0,0.0,0.0
point-0000069,1.8596807497932373,239.52865702236085,238.5723174788044,-288.0,0.0,0.0
point-0000070,1.8870100861888552,239.93800612821911,238.21011537960703,-288.0,0.0,0.0
point-0000071,1.914339687429425,240.3598699425174,237.86256140714647,-288.0,0.0,0.0
point-0000072,1.9420416865666155,240.79979709727957,237.52577601408194,-288.0,0.0,0.0
point-0000073,1.9697793435485036,241.2520778877044,237.20453913489362,-288.0,0.0,0.0
point-0000074,1.9972365251507211,241.71087786213562,236.9027754656477,-288.0,0.0,0.0
point-0000075,2.0245659654482546,242.17789230633068,236.61877400138428,-288.0,0.0,0.0
point-0000076,2.0518951510814674,242.6546211146231,236.35141020747432,-288.0,0.0,0.0
point-0000077,2.079224099019554,243.140472109128,236.10101578002107,-288.0,0.0,0.0
point-0000078,2.1065528262334525,243.6348418076514,235.86790135825666,-288.0,0.0,0.0
point-0000079,2.1338813496957196,244.13711617168744,235.65235614006966,-288.0,0.0,0.0
point-0000080,2.1612096863804084,244.64667136746357,235.45464752407574,-288.0,0.0,0.0
point-0000081,2.1885378532629365,245.16287453909254,235.2750207786732,-288.0,0.0,0.0
point-0000082,2.2158658673199714,245.68508459287577,235.1136987384917,-288.0,0.0,0.0
point-0000083,2.2431937455293003,246.21265299178808,234.97088152860903,-288.0,0.0,0.0
point-0000084,2.2705215048697083,246.7449245591622,234.84674631687602,-288.0,0.0,0.0
point-0000085,2.297849162320848,247.28123829057927,234.74144709465554,-288.0,0.0,0.0
point-0000086,2.3251767348631245,247.82092817296223,234.65511448624588,-288.0,0.0,0.0
point-0000087,2.352504239477562,248.36332400985924,234.58785558722403,-288.0,0.0,0.0
point-0000088,2.379831693145685,248.9077522518975,234.53975383190792,-288.0,0.0,0.0
point-0000089,2.4071591128493908,249.4535368313809,234.51086889010185,-288.0,0.0,0.0
point-0000090,2.434486515570824,249.99999999999991,234.5012365932517,-288.0,0.0,0.0
point-0000091,2.4618139182922585,250.54646316861897,234.51086889010185,-288.0,0.0,0.0
point-0000092,2.489141337995964,251.09224774810235,234.53975383190792,-288.0,0.0,0.0
point-0000093,2.5164687916640855,251.6366759901406,234.587855587224,-288.0,0.0,0.0
point-0000094,2.543796296278523,252.1790718270376,234.65511448624585,-288.0,0.0,0.0
point-0000095,2.5711238688207994,252.71876170942056,234.7414470946555,-288.0,0.0,0.0
point-0000096,2.5984515262719405,253.25507544083766,234.84674631687597,-288.0,0.0,0.0
point-0000097,2.625779285612347,253.78734700821175,234.97088152860897,-288.0,0.0,0.0
point-0000098,2.6531071638216774,254.3149154071241,235.11369873849165,-288.0,0.0,0.0
point-0000099,2.6804351778787128,254.83712546090732,235.27502077867317,-288.0,0.0,0.0
point-0000100,2.7077633447612404,255.3533286325363,235.45464752407568,-288.0,0.0,0.0
point-0000101,2.735091681445929,255.86288382831242,235.6523561400696,-288.0,0.0,0.0
point-0000102,2.762420204908197,256.3651581923485,235.86790135825657,-288.0,0.0,0.0
point-0000103,2.7897489321220945,256.85952789087185,236.101015780021,-288.0,0.0,0.0
point-0000104,2.8170778800601814,257.34537888537676,236.35141020747426,-288.0,0.0,0.0
point-0000105,2.844407065693394,257.8221076936692,236.61877400138422,-288.0,0.0,0.0
point-0000106,2.8717365059909272,258.28912213786424,236.9027754656476,-288.0,0.0,0.0
point-0000107,2.8991936875931468,258.7479221122955,237.20453913489357,-288.0,0.0,0.0
point-0000108,2.926931344575035,259.2002029027203,237.52577601408188,-288.0,0.0,0.0
point-0000109,2.9546333437122234,259.64013005748245,237.8625614071464,-288.0,0.0,0.0
point-0000110,2.981962944952793,260.06199387178077,238.21011537960692,-288.0,0.0,0.0
point-0000111,3.009292281348411,260.47134297763904,238.57231747880428,-288.0,0.0,0.0
point-0000112,3.0366213698671696,260.86766929546866,238.94871764020445,-288.0,0.0,0.0
point-0000113,3.063950227478974,261.25048091077633,239.33884819595733,-288.0,0.0,0.0
point-0000114,3.0912788711554287,261.6193026833381,239.74222445475579,-288.0,0.0,0.0
point-0000115,3.118607317869698,261.9736768356002,240.15834530274876,-288.0,0.0,0.0
point-0000116,3.1459355845963994,262.313163519581,240.5866938247656,-288.0,0.0,0.0
point-0000117,3.1732636883114647,262.63734136157257,241.02673794508337,-288.0,0.0,0.0
point-0000118,3.200591645992025,262.9458079839703,241.47793108694472,-288.0,0.0,0.0
point-0000119,3.2279194746162787,263.2381805035855,241.9397128500109,-288.0,0.0,0.0
point-0000120,3.255247191163377,263.5140960058255,242.41150970491253,-288.0,0.0,0.0
point-0000121,3.282574812613285,263.7732119941556,242.89273570403924,-288.0,0.0,0.0
point-0000122,3.309902355946672,264.0152068142883,243.38279320768976,-288.0,0.0,0.0
point-0000123,3.337229838144777,264.23978005257476,243.8810736246847,-288.0,0.0,0.0
point-0000124,3.3645572761892892,264.446652908107,244.3869581665266,-288.0,0.0,0.0
point-0000125,3.3918846870622184,264.63556853807154,244.89981861417513,-288.0,0.0,0.0
point-0000126,3.4192120877457777,264.8062923759268,245.41901809648988,-288.0,0.0,0.0
point-0000127,3.446539495222251,264.95861242201215,245.94391187937802,-288.0,0.0,0.0
point-0000128,3.4738669264738764,265.0923395062289,246.4738481646726,-288.0,0.0,0.0
point-0000129,3.501194398482716,265.20730752246845,247.00816889775294,-288.0,0.0,0.0
point-0000130,3.5285219282305307,265.30337363449877,247.54621058290982,-288.0,0.0,0.0
point-0000131,3.5558495326986623,265.38041845305327,248.08730510544777,-288.0,0.0,0.0
point-0000132,3.5831772288679,265.43834618390446,248.63078055950774,-288.0,0.0,0.0
point-0000133,3.6105050337183635,265.47708474673806,249.1759620805882,-288.0,0.0,0.0
point-0000134,3.6378329642293754,265.49658586468104,249.72217268173472,-288.0,0.0,0.0
point-0000135,3.6651610373793333,265.49682512437244,250.26873409236538,-288.0,0.0,0.0
point-0000136,3.692489270145592,265.4778020065024,250.81496759869506,-288.0,0.0,0.0
point-0000137,3.7198176795043354,265.4395398867809,251.36019488471993,-288.0,0.0,0.0
point-0000138,3.7471462824304504,265.38208600733526,251.9037388727227,-288.0,0.0,0.0
point-0000139,3.774475095897404,265.3055114185705,252.44492456226016,-288.0,0.0,0.0
point-0000140,3.801804136877124,265.20991089156416,252.9830798665958,-288.0,0.0,0.0
point-0000141,3.829133422339864,265.0954028011034,253.5175364455436,-288.0,0.0,0.0
point-0000142,3.856462969254086,264.9621289795075,254.0476305336939,-288.0,0.0,0.0
point-0000143,3.884083363102129,264.8084374878954,254.57822773302166,-288.0,0.0,0.0
point-0000144,3.911821020372618,264.63512164303665,255.10521223968476,-288.0,0.0,0.0
point-0000145,3.9393598083736205,264.4444341736484,255.62192514531415,-288.0,0.0,0.0
point-0000146,3.966689301640159,264.23710329140545,256.1276665675357,-288.0,0.0,0.0
point-0000147,3.9940185368487597,264.0120797372448,256.62578225581274,-288.0,0.0,0.0
point-0000148,4.02134753096825,263.7696432794384,257.11565380199556,-288.0,0.0,0.0
point-0000149,4.048676300969231,263.5100952812054,257.5966730370786,-288.0,0.0,0.0
point-0000150,4.076004863823948,263.2337583268449,258.06824278455656,-288.0,0.0,0.0
point-0000151,4.10333323650616,262.9409758216163,258.5297776001612,-288.0,0.0,0.0
point-0000152,4.130661435991024,262.63211156585925,258.98070449706296,-288.0,0.0,0.0
point-0000153,4.157989479254969,262.307549303883,259.4204636556433,-288.0,0.0,0.0
point-0000154,4.185317383275566,261.9676922481806,259.8485091169589,-288.0,0.0,0.0
point-0000155,4.212645165031411,261.61296257955854,260.2643094590431,-288.0,0.0,0.0
point-0000156,4.239972841501995,261.24380092379835,260.66734845520693,-288.0,0.0,0.0
point-0000157,4.267300429667579,260.86066580549834,261.0571257135281,-288.0,0.0,0.0
point-0000158,4.294627946509078,260.4640330797702,261.4331572967368,-288.0,0.0,0.0
point-0000159,4.321955409007923,260.0543953424933,261.79497632173263,-288.0,0.0,0.0
point-0000160,4.349282834145945,259.6322613198556,262.14213353799266,-288.0,0.0,0.0
point-0000161,4.376610238905252,259.1981552379356,262.4741978841542,-288.0,0.0,0.0
point-0000162,4.403937640268105,258.7526161731051,262.7907570220866,-288.0,0.0,0.0
point-0000163,4.431265055216777,258.2961973840551,263.09141784779047,-288.0,0.0,0.0
point-0000164,4.458592500733453,257.82946562627075,263.3758069784939,-288.0,0.0,0.0
point-0000165,4.485919993800094,257.35300044980187,263.64357121534306,-288.0,0.0,0.0
point-0000166,4.513247551398301,256.8673934811985,263.89437798111544,-288.0,0.0,0.0
point-0000167,4.540575190509216,256.3732476904968,264.12791573241554,-288.0,0.0,0.0
point-0000168,4.567902928113371,255.8711766441625,264.34389434584153,-288.0,0.0,0.0
point-0000169,4.595230781190584,255.36180374491488,264.5420454776475,-288.0,0.0,0.0
point-0000170,4.6225587667198225,254.84576145937024,264.72212289645495,-288.0,0.0,0.0
point-0000171,4.64988690167908,254.32369053445956,264.8839027886031,-288.0,0.0,0.0
point-0000172,4.677215203045261,253.79623920358856,265.0271840357596,-288.0,0.0,0.0
point-0000173,4.704543687794042,253.2640623835213,265.1517884644484,-288.0,0.0,0.0
point-0000174,4.731872372899761,252.72782086297929,265.25756106718563,-288.0,0.0,0.0
point-0000175,4.759201275335282,252.18818048395937,265.34437019495067,-288.0,0.0,0.0
point-0000176,4.786530412071875,251.64581131678145,265.4121077207521,-288.0,0.0,0.0
point-0000177,4.813859800079097,251.10138682988585,265.4606891740876,-288.0,0.0,0.0
point-0000178,4.841235374736966,250.55466425773818,265.4900705328658,-288.0,0.0,0.0
point-0000179,4.868973031141654,250.0,265.5,-288.0,0.0,0.0
point-0000180,5.068973031141654,250.0,265.5,-278.0,0.0,0.0
point-0000181,5.611056261649939,250.0,279.5435359808431,-254.81779412673353,0.05127874169078486,0.0
point-0000182,5.811056261649939,250.0,279.54353598084316,-264.81779412673353,0.05127874169078486,0.0
point-0000183,5.837809748495697,249.46501021699476,279.53428636233946,-264.8177941267336,0.05127874169078486,0.0
point-0000184,5.864944827572997,248.92305154957657,279.50589957980173,-264.81779412673353,0.05127874169078486,0.0
point-0000185,5.89210208839443,248.3819796057833,279.4584877904545,-264.81779412673353,0.05127874169078486,0.0
point-0000186,5.919259452463665,247.8429008782033,279.3921319712198,-264.81779412673353,0.05127874169078486,0.0
point-0000187,5.9464170289252,247.30647621583995,279.3069136321488,-264.8177941267335,0.05127874169078486,0.0
point-0000188,5.973574925014151,246.77336322149446,279.2029373692265,-264.81779412673353,0.05127874169078486,0.0
point-0000189,6.000733245600495,246.24421544939483,279.0803307376348,-264.8177941267336,0.05127874169078486,0.0
point-0000190,6.027892092744976,245.7196816076075,278.9392440972087,-264.8177941267335,0.05127874169078486,0.0
point-0000191,6.055051565268825,245.2004047661785,278.7798504302547,-264.81779412673353,0.05127874169078486,0.0
point-0000192,6.082211758339455,244.68702157194537,278.6023451319323,-264.8177941267335,0.05127874169078486,0.0
point-0000193,6.109372763074118,244.18016147095642,278.40694577342765,-264.81779412673353,0.05127874169078486,0.0
point-0000194,6.136534666163514,243.68044593942685,278.19389183818305,-264.81779412673353,0.05127874169078486,0.0
point-0000195,6.163697549517164,243.18848772415416,277.96344443147314,-264.81779412673353,0.05127874169078486,0.0
point-0000196,6.1908614899323045,242.7048900933065,277.715885963653,-264.81779412673353,0.05127874169078486,0.0
point-0000197,6.218026558787888,242.23024609848937,277.4515198074312,-264.81779412673353,0.05127874169078486,0.0
point-0000198,6.245192821765226,241.7651378489844,277.1706699295534,-264.81779412673353,0.05127874169078486,0.0
point-0000199,6.272360338596587,241.3101357990438,276.87368049731253,-264.8177941267336,0.05127874169078486,0.0
point-0000200,6.299529162842997,240.865798049111,276.5609154603318,-264.81779412673353,0.05127874169078486,0.0
point-0000201,6.326699341702288,240.4326696618256,276.23275810809673,-264.81779412673353,0.05127874169078486,0.0
point-0000202,6.353870915848368,240.01128199365445,275.8896106037438,-264.81779412673353,0.05127874169078486,0.0
point-0000203,6.381043919302391,239.60215204297737,275.53189349464236,-264.81779412673353,0.05127874169078486,0.0
point-0000204,6.408218379336522,239.20578181543726,275.1600452003361,-264.81779412673353,0.05127874169078486,0.0
point-0000205,6.435394316410716,238.82265770734793,274.77452147843957,-264.81779412673353,0.05127874169078486,0.0
point-0000206,6.462571744142771,238.45324990793273,274.37579486911477,-264.8177941267335,0.05127874169078486,0.0
point-0000207,6.489750669311794,238.0980118211481,273.96435411878133,-264.81779412673353,0.05127874169078486,0.0
point-0000208,6.516931091895078,237.75737950782369,273.54070358373906,-264.8177941267335,0.05127874169078486,0.0
point-0000209,6.544113005138106,237.4317711488286,273.1053626144137,-264.81779412673353,0.05127874169078486,0.0
point-0000210,6.571296395657398,237.1215865299498,272.6588649209586,-264.81779412673353,0.05127874169078486,0.0
point-0000211,6.598481243575608,236.8272065491435,272.20175792097393,-264.81779412673353,0.05127874169078486,0.0
point-0000212,6.625667522688258,236.54899274679445,271.7346020701288,-264.81779412673353,0.05127874169078486,0.0
point-0000213,6.652855200661205,236.2872868595907,271.2579701764969,-264.81779412673353,0.05127874169078486,0.0
point-0000214,6.6795234594150825,236.0468752422923,270.7818602477478,-264.8177941267335,0.05127874169078486,0.0
point-0000215,6.704199314174398,235.8392718687806,270.3341326938183,-264.81779412673353,0.05127874169078486,0.0
point-0000216,6.728875461499363,235.64599224354876,269.8800315099489,-264.8177941267335,0.05127874169078486,0.0
point-0000217,6.753491075883653,235.4676722489614,269.4211487709656,-264.81779412673353,0.05127874169078486,0.0
point-0000218,6.777965352660438,235.30491947600038,268.95951295737206,-264.8177941267335,0.05127874169078486,0.0
point-0000219,6.802439426793439,235.15679001442925,268.49298344653516,-264.8177941267335,0.05127874169078486,0.0
point-0000220,6.826913304953406,235.02343110503597,268.02202305949504,-264.8177941267335,0.05127874169078486,0.0
point-0000221,6.851387031060799,234.90497527348845,267.54709830355546,-264.81779412673353,0.05127874169078486,0.0
point-0000222,6.875860664166202,234.80154039348298,267.0686793317855,-264.8177941267335,0.05127874169078486,0.0
point-0000223,6.9003342566552135,234.71322968004898,266.5872399175078,-264.81779412673353,0.05127874169078486,0.0
point-0000224,6.92480783223693,234.64013161343897,266.1032574453464,-264.8177941267335,0.05127874169078486,0.0
point-0000225,6.949281363177568,234.58231979360372,265.6172129204639,-264.81779412673353,0.05127874169078486,0.0
point-0000226,6.973754746249788,234.53985272481927,265.1295909975885,-264.81779412673353,0.05127874169078486,0.0
point-0000227,6.998227776883529,234.5127735296079,264.64088003132446,-264.81779412673353,0.05127874169078486,0.0
point-0000228,7.022700351898559,234.50110952638556,264.1515675318159,-264.81779412673353,0.05127874169078486,0.0
point-0000229,7.047172916799427,234.50487268125664,263.66213070055335,-264.81779412673353,0.05127874169078486,0.0
point-0000230,7.071645393046486,234.5240603736208,263.17305742390977,-264.81779412673353,0.05127874169078486,0.0
point-0000231,7.096117716154928,234.5586544357486,262.6848350460991,-264.8177941267335,0.05127874169078486,0.0
point-0000232,7.120589882866958,234.6086213105401,262.1979489312261,-264.8177941267335,0.05127874169078486,0.0
point-0000233,7.145061926420861,234.67391227582178,261.7128824861547,-264.8177941267335,0.05127874169078486,0.0
point-0000234,7.169533883944084,234.7544634621489,261.23011733788,-264.81779412673353,0.05127874169078486,0.0
point-0000235,7.194005773124542,234.8501958190077,260.7501333174434,-264.8177941267335,0.05127874169078486,0.0
point-0000236,7.218477568536249,234.96101500788748,260.2734084327929,-264.81779412673353,0.05127874169078486,0.0
point-0000237,7.242949177065735,235.08681122079796,259.80041883203455,-264.81779412673353,0.05127874169078486,0.0
point-0000238,7.267420732096809,235.22746084405725,259.33163264864965,-264.8177941267335,0.05127874169078486,0.0
point-0000239,7.291892419562463,235.38282612238368,258.867513024784,-264.8177941267335,0.05127874169078486,0.0
point-0000240,7.316364049994331,235.55275238480343,258.4085257224132,-264.81779412673353,0.05127874169078486,0.0
point-0000241,7.340835531807534,235.73707066506844,257.9551294934768,-264.8177941267335,0.05127874169078486,0.0
point-0000242,7.365306852945552,235.93559809985248,257.5077760750993,-264.8177941267335,0.05127874169078486,0.0
point-0000243,7.389778047440884,236.14813802116277,257.0669104199834,-264.8177941267335,0.05127874169078486,0.0
point-0000244,7.414249170317436,236.37448003391555,256.632970752289,-264.8177941267335,0.05127874169078486,0.0
point-0000245,7.438720274466602,236.6144000439761,256.2063885631574,-264.8177941267335,0.05127874169078486,0.0
point-0000246,7.4631913876021505,236.86766022211464,255.7875885710295,-264.8177941267335,0.05127874169078486,0.0
point-0000247,7.487662488729148,237.1340089021862,255.37698864802508,-264.8177941267335,0.05127874169078486,0.0
point-0000248,7.512133483570472,237.41318041158442,254.97499971316498,-264.8177941267335,0.05127874169078486,0.0
point-0000249,7.536604188621006,237.70489495743405,254.5820254315538,-264.8177941267335,0.05127874169078486,0.0
point-0000250,7.561074788616326,238.00886451186858,254.19845455723035,-264.8177941267335,0.05127874169078486,0.0
point-0000251,7.585545382506723,238.32478798854814,253.82466806333017,-264.8177941267335,0.05127874169078486,0.0
point-0000252,7.610015927035459,238.6523505855392,253.46103945490447,-264.8177941267335,0.05127874169078486,0.0
point-0000253,7.634486418816494,238.99122633341577,253.10793151856856,-264.81779412673353,0.05127874169078486,0.0
point-0000254,7.6589568835422215,239.34107836554168,252.76569620014774,-264.8177941267335,0.05127874169078486,0.0
point-0000255,7.683427351087438,239.70155889384017,252.43467459742334,-264.8177941267334,0.05127874169078486,0.0
point-0000256,7.707897827913682,240.07230913215741,252.1151969687399,-264.8177941267335,0.05127874169078486,0.0
point-0000257,7.732368269781331,240.45295921604597,251.80758272375954,-264.8177941267334,0.05127874169078486,0.0
point-0000258,7.756838647580998,240.8431295784651,251.51213925344229,-264.81779412673353,0.05127874169078486,0.0
point-0000259,7.781309039795648,241.24243281119735,251.2291605150447,-264.8177941267335,0.05127874169078486,0.0
point-0000260,7.805779434650768,241.65047093650773,250.95892917334027,-264.81779412673353,0.05127874169078486,0.0
point-0000261,7.830249841123812,242.06683755458454,250.70171495030104,-264.8177941267335,0.05127874169078486,0.0
point-0000262,7.8547202764685835,242.4911180661019,250.4577745273867,-264.8177941267335,0.05127874169078486,0.0
point-0000263,7.879190736548527,242.92288956208822,250.22735156441775,-264.8177941267335,0.05127874169078486,0.0
point-0000264,7.903661501667357,243.361726776976,250.01067383822075,-264.8177941267335,0.05127874169078486,0.0
point-0000265,7.92813284433827,243.80719749734237,249.80795609814066,-264.8177941267335,0.05127874169078486,0.0
point-0000266,7.952604421142343,244.25885160891167,249.619404269686,-264.8177941267335,0.05127874169078486,0.0
point-0000267,7.977076025414349,244.71623503880903,249.44520850534718,-264.8177941267334,0.05127874169078486,0.0
point-0000268,8.001547559770554,245.17888984781325,249.28554346470264,-264.8177941267335,0.05127874169078486,0.0
point-0000269,8.026019008527863,245.646354294545,249.14056859531343,-264.8177941267335,0.05127874169078486,0.0
point-0000270,8.050490412947621,246.11816290761877,249.01042833889917,-264.8177941267335,0.05127874169078486,0.0
point-0000271,8.074961847897608,246.5938465456818,248.89525226549972,-264.8177941267334,0.05127874169078486,0.0
point-0000272,8.099433399376053,247.07293244350444,248.7951551366081,-264.8177941267335,0.05127874169078486,0.0
point-0000273,8.12390514233232,247.55494424215806,248.71023689777942,-264.8177941267335,0.05127874169078486,0.0
point-0000274,8.148377118216338,248.03940200127502,248.64058260072207,-264.81779412673353,0.05127874169078486,0.0
point-0000275,8.172849311693033,248.52582219143775,248.5862622543832,-264.8177941267335,0.05127874169078486,0.0
point-0000276,8.197321625968808,249.01371766488282,248.54733060406193,-264.8177941267334,0.05127874169078486,0.0
point-0000277,8.22198586919172,249.5064393143055,248.52376508489178,-264.8177941267334,0.05127874169078486,0.0
point-0000278,8.246661287747468,249.9998850279664,248.5159012416676,-264.8177941267335,0.05127874169078486,0.0
point-0000279,8.27133708080371,250.4933383460745,248.52375796044203,-264.81779412673353,0.05127874169078486,0.0
point-0000280,8.29601254057317,250.98628439389353,248.54732742953456,-264.8177941267335,0.05127874169078486,0.0
point-0000281,8.320484843387028,251.47417959852083,248.58625956673433,-264.8177941267335,0.05127874169078486,0.0
point-0000282,8.344956973241388,251.96059846908733,248.6405802644497,-264.8177941267335,0.05127874169078486,0.0
point-0000283,8.36942886389647,252.44505448042875,248.71023474003383,-264.8177941267335,0.05127874169078486,0.0
point-0000284,8.393900523669537,252.92706458384177,248.79515301266852,-264.8177941267335,0.05127874169078486,0.0
point-0000285,8.418372010506355,253.40614917067293,248.89525009485692,-264.8177941267335,0.05127874169078486,0.0
point-0000286,8.44284340846672,253.88183206034074,249.01042611549977,-264.8177941267335,0.05127874169078486,0.0
point-0000287,8.467314805078324,254.35364051072582,249.14056637442908,-264.8177941267335,0.05127874169078486,0.0
point-0000288,8.491786269005944,254.82110524911343,249.28554132767462,-264.8177941267335,0.05127874169078486,0.0
point-0000289,8.51625782748258,255.28376052224044,249.4452065022054,-264.8177941267335,0.05127874169078486,0.0
point-0000290,8.540729442955389,255.7411441644685,249.61940233844095,-264.8177941267334,0.05127874169078486,0.0
point-0000291,8.565200988412387,256.1927976836655,249.8079539584779,-264.8177941267335,0.05127874169078486,0.0
point-0000292,8.589672220875634,256.63826636500886,250.01067085774957,-264.8177941267335,0.05127874169078486,0.0
point-0000293,8.614142806585749,257.07710035677746,250.22734700702966,-264.8177941267335,0.05127874169078486,0.0
point-0000294,8.638613166652604,257.50887013216095,250.45776894562476,-264.8177941267335,0.05127874169078486,0.0
point-0000295,8.663083497516828,257.93314893631987,250.70170814580243,-264.8177941267334,0.05127874169078486,0.0
point-0000296,8.687553810472714,258.34951416195076,250.958921064119,-264.8177941267335,0.05127874169078486,0.0
point-0000297,8.71202413799053,258.75755148400054,251.22915117966156,-264.8177941267335,0.05127874169078486,0.0
point-0000298,8.736494500225772,259.1568546519083,251.5121289725507,-264.8177941267335,0.05127874169078486,0.0
point-0000299,8.760964876679234,259.54702540711213,251.80757187954515,-264.8177941267335,0.05127874169078486,0.0
point-0000300,8.785435329182675,259.92767608386697,252.11518572932334,-264.8177941267335,0.05127874169078486,0.0
point-0000301,8.809905804602915,260.2984267456109,252.43466282354674,-264.81779412673353,0.05127874169078486,0.0
point-0000302,8.834376267897051,260.65890766896285,252.76568387035678,-264.8177941267335,0.05127874169078486,0.0
point-0000303,8.858846730999609,261.0087601478122,253.10791868568748,-264.8177941267335,0.05127874169078486,0.0
point-0000304,8.883317225466053,261.3476364168048,253.46102619635042,-264.8177941267335,0.05127874169078486,0.0
point-0000305,8.907787774857887,261.6751995794763,253.824654426107,-264.8177941267335,0.05127874169078486,0.0
point-0000306,8.932258369567617,261.9911235845191,254.19844049489083,-264.8177941267335,0.05127874169078486,0.0
point-0000307,8.956728956258257,262.2950935001844,254.58201074342958,-264.8177941267335,0.05127874169078486,0.0
point-0000308,8.981199710518622,262.5868091631042,254.97498542153969,-264.8177941267335,0.05127874169078486,0.0
point-0000309,9.005670724712196,262.86598141893506,255.37697430924575,-264.8177941267335,0.05127874169078486,0.0
point-0000310,9.030141823348108,263.13233060395464,255.7875738453132,-264.8177941267335,0.05127874169078486,0.0
point-0000311,9.054612925882946,263.3855912185493,256.20637332573716,-264.8177941267335,0.05127874169078486,0.0
point-0000312,9.079084020877652,263.62551170075386,256.63295503926304,-264.81779412673353,0.05127874169078486,0.0
point-0000313,9.103555141615,263.85185426856236,257.06689436918674,-264.8177941267335,0.05127874169078486,0.0
point-0000314,9.128026342685002,264.06439482960786,257.5077598618643,-264.81779412673353,0.05127874169078486,0.0
point-0000315,9.152497676979879,264.2629229563656,257.9551132610407,-264.81779412673353,0.05127874169078486,0.0
point-0000316,9.176969172533354,264.44724192531066,258.40850950665435,-264.8177941267335,0.05127874169078486,0.0
point-0000317,9.201440807496917,264.61716880748924,258.8674966762234,-264.81779412673353,0.05127874169078486,0.0
point-0000318,9.225912476544403,264.7725345700646,259.33161574953033,-264.8177941267335,0.05127874169078486,0.0
point-0000319,9.250383993367167,264.91318459802636,259.80040101367274,-264.8177941267335,0.05127874169078486,0.0
point-0000320,9.27485562818245,265.03898157677844,260.273390954739,-264.81779412673353,0.05127874169078486,0.0
point-0000321,9.299327428884114,265.1498014171997,260.75011579655217,-264.8177941267335,0.05127874169078486,0.0
point-0000322,9.323799315064129,265.24553439481923,261.2300996319874,-264.8177941267335,0.05127874169078486,0.0
point-0000323,9.348271269925274,265.3260862114206,261.7128646211204,-264.8177941267335,0.05127874169078486,0.0
point-0000324,9.372743315880623,265.3913778260669,262.1979310272476,-264.8177941267335,0.05127874169078486,0.0
point-0000325,9.397215490970753,265.44134536038996,262.68481724287756,-264.8177941267335,0.05127874169078486,0.0
point-0000326,9.421687825537406,265.4759400767914,263.1730398040666,-264.81779412673353,0.05127874169078486,0.0
point-0000327,9.446160313448217,265.49512841712334,263.6621132887427,-264.81779412673353,0.05127874169078486,0.0
point-0000328,9.470632887390463,265.4988921969677,264.1515502960325,-264.81779412673353,0.05127874169078486,0.0
point-0000329,9.495105521190581,265.4872286845855,264.640863983277,-264.8177941267335,0.05127874169078486,0.0
point-0000330,9.519578668691313,265.46014976236626,265.1295773055923,-264.8177941267335,0.05127874169078486,0.0
point-0000331,9.544052137847855,265.41768286183594,265.6172009713242,-264.81779412673353,0.05127874169078486,0.0
point-0000332,9.568525731202985,265.3598711696883,266.10324676848325,-264.81779412673353,0.05127874169078486,0.0
point-0000333,9.592999352643464,265.286773225812,266.5872301867589,-264.8177941267335,0.05127874169078486,0.0
point-0000334,9.617472981977587,265.19846263390866,267.06867037252584,-264.8177941267335,0.05127874169078486,0.0
point-0000335,9.64194665106945,265.0950278450104,267.5470901003515,-264.81779412673353,0.05127874169078486,0.0
point-0000336,9.66642042101238,264.97657201183114,268.0220157594536,-264.81779412673353,0.05127874169078486,0.0
point-0000337,9.690894356713988,264.8432129299306,268.4929772937271,-264.81779412673353,0.05127874169078486,0.0
point-0000338,9.715368502994789,264.69508307268126,268.9595081928762,-264.8177941267335,0.05127874169078486,0.0
point-0000339,9.739842859860556,264.5323297315282,269.4211455045622,-264.8177941267335,0.05127874169078486,0.0
point-0000340,9.764460114329058,264.3539968189759,269.88005841495743,-264.81779412673353,0.05127874169078486,0.0
point-0000341,9.789135592482747,264.16072177786253,270.33414700469285,-264.8177941267335,0.05127874169078486,0.0
point-0000342,9.813810897532337,263.9531227308906,270.78186444618075,-264.8177941267335,0.05127874169078486,0.0
point-0000343,9.840478923220193,263.7127131404093,271.2579701764969,-264.81779412673353,0.05127874169078486,0.0
point-0000344,9.867666601193136,263.45100725320555,271.73460207012874,-264.81779412673353,0.05127874169078486,0.0
point-0000345,9.894852880305788,263.1727934508565,272.20175792097393,-264.81779412673353,0.05127874169078486,0.0
point-0000346,9.922037728223998,262.8784134700502,272.6588649209586,-264.81779412673353,0.05127874169078486,0.0
point-0000347,9.949221118743289,262.5682288511714,273.1053626144137,-264.81779412673353,0.05127874169078486,0.0
point-0000348,9.976403031986315,262.24262049217634,273.54070358373906,-264.8177941267335,0.05127874169078486,0.0
point-0000349,10.003583454569599,261.9019881788519,273.96435411878133,-264.81779412673353,0.05127874169078486,0.0
point-0000350,10.030762379738622,261.54675009206727,274.37579486911477,-264.8177941267335,0.05127874169078486,0.0
point-0000351,10.057939807470676,261.1773422926521,274.77452147843957,-264.81779412673353,0.05127874169078486,0.0
point-0000352,10.085115744544872,260.79421818456274,275.1600452003361,-264.81779412673353,0.05127874169078486,0.0
point-0000353,10.112290204579004,260.39784795702263,275.53189349464236,-264.81779412673353,0.05127874169078486,0.0
point-0000354,10.139463208033026,259.98871800634555,275.8896106037438,-264.81779412673353,0.05127874169078486,0.0
point-0000355,10.166634782179106,259.56733033817443,276.23275810809673,-264.81779412673353,0.05127874169078486,0.0
point-0000356,10.1938049610384,259.134201950889,276.5609154603318,-264.81779412673353,0.05127874169078486,0.0
point-0000357,10.220973785284809,258.6898642009562,276.87368049731253,-264.8177941267336,0.05127874169078486,0.0
point-0000358,10.24814130211617,258.2348621510156,277.1706699295534,-264.81779412673353,0.05127874169078486,0.0
point-0000359,10.275307565093508,257.7697539015106,277.45151980743117,-264.81779412673353,0.05127874169078486,0.0
point-0000360,10.302472633949092,257.29510990669354,277.715885963653,-264.81779412673353,0.05127874169078486,0.0
point-0000361,10.329636574364233,256.81151227584587,277.96344443147314,-264.81779412673353,0.05127874169078486,0.0
point-0000362,10.356799457717887,256.3195540605731,278.19389183818305,-264.81779412673353,0.05127874169078486,0.0
point-0000363,10.383961360807282,255.81983852904358,278.40694577342765,-264.81779412673353,0.05127874169078486,0.0
point-0000364,10.411122365541944,255.31297842805463,278.6023451319323,-264.8177941267335,0.05127874169078486,0.0
point-0000365,10.438282558612574,254.7995952338215,278.7798504302547,-264.81779412673353,0.05127874169078486,0.0
point-0000366,10.465442031136424,254.2803183923925,278.9392440972087,-264.8177941267335,0.05127874169078486,0.0
point-0000367,10.492600878280905,253.75578455060517,279.0803307376349,-264.8177941267336,0.05127874169078486,0.0
point-0000368,10.519759198867249,253.22663677850554,279.2029373692265,-264.81779412673353,0.05127874169078486,0.0
point-0000369,10.5469170949562,252.69352378416005,279.3069136321488,-264.8177941267335,0.05127874169078486,0.0
point-0000370,10.574074671417735,252.1570991217967,279.3921319712198,-264.81779412673353,0.05127874169078486,0.0
point-0000371,10.60123203548697,251.6180203942167,279.4584877904545,-264.81779412673353,0.05127874169078486,0.0
point-0000372,10.628389296308402,251.07694845042343,279.50589957980173,-264.81779412673353,0.05127874169078486,0.0
point-0000373,10.655524375385703,250.53498978300524,279.53428636233946,-264.8177941267336,0.05127874169078486,0.0
point-0000374,10.68227786223146,250.0,279.54353598084316,-264.81779412673353,0.05127874169078486,0.0
point-0000375,10.88227786223146,250.0,279.5435359808431,-254.81779412673353,0.05127874169078486,0.0
point-0000376,12.565558130317953,250.0,327.3296213439686,-185.53524799863987,0.2563937084539355,0.0
point-0000377,12.765558130317952,250.0,327.3296213439686,-195.53524799863982,0.2563937084539355,0.0
point-0000378,12.78458776997597,249.61943603675098,327.32493689290266,-195.53524799863987,0.2563937084539355,0.0
point-0000379,12.80361779778589,249.239094929054,327.3108860860088,-195.53524799863987,0.2563937084539355,0.0
point-0000380,12.822648015490195,248.85921112120363,327.2874773935547,-195.53524799863987,0.2563937084539355,0.0
point-0000381,12.841678284056119,248.48001756409607,327.2547253718675,-195.53524799863982,0.2563937084539355,0.0
point-0000382,12.860708514374526,248.1017457381401,327.2126505328712,-195.53524799863987,0.2563937084539355,0.0
point-0000383,12.879738658545943,247.72462567227993,327.16127922960186,-195.53524799863985,0.2563937084539355,0.0
point-0000384,12.898768701684652,247.3488859591305,327.10064355770123,-195.53524799863985,0.2563937084539355,0.0
point-0000385,12.917798654168033,246.97475376622458,327.0307812728882,-195.53524799863987,0.2563937084539355,0.0
point-0000386,12.936828544255178,246.60245484337213,326.95173572440865,-195.53524799863985,0.2563937084539355,0.0
point-0000387,12.955858410996267,246.23221352613172,326.86355580446354,-195.53524799863982,0.2563937084539355,0.0
point-0000388,12.974888297352214,245.86425273539416,326.76629591361495,-195.53524799863982,0.2563937084539355,0.0
point-0000389,12.99391824344278,245.4987939730781,326.66001594216993,-195.53524799863987,0.2563937084539355,0.0
point-0000390,13.012948279840566,245.13605731393793,326.5447812675435,-195.53524799863987,0.2563937084539355,0.0
point-0000391,13.031978420828231,244.77626139348354,326.4206627675987,-195.53524799863982,0.2563937084539355,0.0
point-0000392,13.051008657536686,244.41962339201243,326.28773684996554,-195.53524799863987,0.2563937084539355,0.0
point-0000393,13.070038950883163,244.0663590147539,326.1460854973376,-195.53524799863982,0.2563937084539355,0.0
point-0000394,13.089069224229714,243.71668246812516,325.9957963287473,-195.53524799863985,0.2563937084539355,0.0
point-0000395,13.108099355684963,243.37080643209976,325.83696267681864,-195.53524799863985,0.2563937084539355,0.0
point-0000396,13.12712916997481,243.02894202868814,325.669683680999,-195.53524799863987,0.2563937084539355,0.0
point-0000397,13.146158593198262,242.69129590647648,325.49406285238706,-195.53524799863987,0.2563937084539355,0.0
point-0000398,13.16518791209196,242.3580657014017,325.3102052404994,-195.53524799863982,0.2563937084539355,0.0
point-0000399,13.184217233561949,242.02944962216523,325.11822216126967,-195.5352479986399,0.2563937084539355,0.0
point-0000400,13.203246552660845,241.70564501920836,324.9182307283257,-195.5352479986399,0.2563937084539355,0.0
point-0000401,13.222275872553828,241.38684613487857,324.7103526929639,-195.53524799863987,0.2563937084539355,0.0
point-0000402,13.241305197849332,241.07324410342923,324.4947144441496,-195.53524799863982,0.2563937084539355,0.0
point-0000403,13.260334527898834,240.7650269510199,324.27144700851727,-195.5352479986399,0.2563937084539355,0.0
point-0000404,13.279363852963002,240.46237955111178,324.04068601465576,-195.53524799863982,0.2563937084539355,0.0
point-0000405,13.29839317173192,240.16548324931517,323.8025713886809,-195.53524799863982,0.2563937084539355,0.0
point-0000406,13.317422491033707,239.87451577645498,323.55724726232336,-195.53524799863987,0.2563937084539355,0.0
point-0000407,13.336451811717357,239.58965137064644,323.3048620635184,-195.53524799863985,0.2563937084539355,0.0
point-0000408,13.355481134561753,239.31106058866422,323.04556835483834,-195.53524799863982,0.2563937084539355,0.0
point-0000409,13.374510474236958,239.03891001229755,322.7795225483068,-195.53524799863982,0.2563937084539355,0.0
point-0000410,13.393539874981041,238.7733619665209,322.50688456038915,-195.53524799863985,0.2563937084539355,0.0
point-0000411,13.412569350212236,238.51457529506,322.22781856514064,-195.53524799863987,0.2563937084539355,0.0
point-0000412,13.4315988557223,238.26270556787708,321.9424933603097,-195.53524799863987,0.2563937084539355,0.0
point-0000413,13.45062835286135,238.01790408698818,321.6510813847482,-195.53524799863987,0.2563937084539355,0.0
point-0000414,13.469657826424694,237.78031758830562,321.3537583259671,-195.53524799863987,0.2563937084539355,0.0
point-0000415,13.488687278070019,237.55008827975914,321.0507030876772,-195.53524799863985,0.2563937084539355,0.0
point-0000416,13.507716719933752,237.32735386642042,320.7420977666396,-195.53524799863985,0.2563937084539355,0.0
point-0000417,13.52674616836826,237.1122475626313,320.4281276388267,-195.53524799863982,0.2563937084539355,0.0
point-0000418,13.54577563772083,236.9048980911349,320.1089811548945,-195.53524799863985,0.2563937084539355,0.0
point-0000419,13.564805134074915,236.7054296692106,319.78484994496387,-195.53524799863987,0.2563937084539355,0.0
point-0000420,13.583834648874396,236.51396198181217,319.4559288327139,-195.53524799863985,0.2563937084539355,0.0
point-0000421,13.602864152352446,236.3306101417094,319.1224158587843,-195.53524799863987,0.2563937084539355,0.0
point-0000422,13.62189359402774,236.1554845706499,318.7845121823461,-195.53524799863985,0.2563937084539355,0.0
point-0000423,13.640923011194916,235.98868995933944,318.4424200241098,-195.53524799863982,0.2563937084539355,0.0
point-0000424,13.659952447274767,235.8303260582183,318.0963439489059,-195.53524799863985,0.2563937084539355,0.0
point-0000425,13.678981918662359,235.6804878856731,317.7464913591416,-195.53524799863982,0.2563937084539355,0.0
point-0000426,13.698011387036178,235.53926581033653,317.3930729214877,-195.53524799863982,0.2563937084539355,0.0
point-0000427,13.717040837008884,235.40674484726736,317.0363010323867,-195.53524799863987,0.2563937084539355,0.0
point-0000428,13.736070269380601,235.283004698934,316.6763898013222,-195.53524799863987,0.2563937084539355,0.0
point-0000429,13.755099694568326,235.16811978092417,316.31355503892485,-195.53524799863987,0.2563937084539355,0.0
point-0000430,13.774129126133554,235.06215923238102,315.94801424991397,-195.53524799863987,0.2563937084539355,0.0
point-0000431,13.793158574329372,234.9651869111656,315.57998663087835,-195.53524799863987,0.2563937084539355,0.0
point-0000432,13.812188039588374,234.87726137374537,315.2096930728912,-195.53524799863982,0.2563937084539355,0.0
point-0000433,13.831217505872699,234.79843583980914,314.8373561689639,-195.53524799863982,0.2563937084539355,0.0
point-0000434,13.850246936695454,234.72875813184828,314.4632001694282,-195.53524799863982,0.2563937084539355,0.0
point-0000435,13.869276337405784,234.66827041037743,314.0874496243734,-195.53524799863987,0.2563937084539355,0.0
point-0000436,13.888305695029963,234.61700939257895,313.7103304274478,-195.53524799863982,0.2563937084539355,0.0
point-0000437,13.907335044836245,234.57500615805532,313.33206836232694,-195.53524799863982,0.2563937084539355,0.0
point-0000438,13.926364393343366,234.5422863514095,312.95289049364885,-195.53524799863985,0.2563937084539355,0.0
point-0000439,13.945393741265375,234.51887007322824,312.5730245819762,-195.53524799863982,0.2563937084539355,0.0
point-0000440,13.964423088983104,234.50477184549953,312.192698840276,-195.53524799863982,0.2563937084539355,0.0
point-0000441,13.983452445993844,234.50000060732614,311.812141608597,-195.53524799863985,0.2563937084539355,0.0
point-0000442,14.002481849279508,234.5045597276741,311.43158085104966,-195.53524799863985,0.2563937084539355,0.0
point-0000443,14.021511286917436,234.51844700655394,311.05124554870235,-195.53524799863985,0.2563937084539355,0.0
point-0000444,14.040540762138006,234.54165463166922,310.6713642817193,-195.5352479986399,0.2563937084539355,0.0
point-0000445,14.059570235478285,234.57416911379877,310.2921662454702,-195.53524799863985,0.2563937084539355,0.0
point-0000446,14.078599689727103,234.61597134480843,309.91387981287477,-195.53524799863987,0.2563937084539355,0.0
point-0000447,14.097629124824678,234.66703664570719,309.536732500678,-195.53524799863982,0.2563937084539355,0.0
point-0000448,14.11665855107629,234.72733479784478,309.16095097075004,-195.53524799863982,0.2563937084539355,0.0
point-0000449,14.135687982482645,234.79683005795232,308.7867610287657,-195.53524799863987,0.2563937084539355,0.0
point-0000450,14.15471743010635,234.87548115702566,308.414387620263,-195.53524799863985,0.2563937084539355,0.0
point-0000451,14.173746895393684,234.9632412830522,308.04405482408026,-195.53524799863987,0.2563937084539355,0.0
point-0000452,14.192776363371044,235.06005804758053,307.67598584317204,-195.53524799863987,0.2563937084539355,0.0
point-0000453,14.211805795904398,235.16587343768722,307.3104029876753,-195.53524799863985,0.2563937084539355,0.0
point-0000454,14.23083525093283,235.28062454262144,306.9475252570441,-195.53524799863985,0.2563937084539355,0.0
point-0000455,14.24986474160359,235.40424286475923,306.58757093145925,-195.5352479986398,0.2563937084539355,0.0
point-0000456,14.268894308067416,235.5366547726541,306.2307560683045,-195.53524799863982,0.2563937084539355,0.0
point-0000457,14.28792391974682,235.6777808560343,305.8772962023263,-195.53524799863985,0.2563937084539355,0.0
point-0000458,14.306953522465314,235.8275361934471,305.52740528966086,-195.53524799863985,0.2563937084539355,0.0
point-0000459,14.325983090994281,235.98583079832264,305.1812946001022,-195.53524799863987,0.2563937084539355,0.0
point-0000460,14.345012621931504,236.15256967405605,304.83917274111707,-195.53524799863982,0.2563937084539355,0.0
point-0000461,14.364042126838076,236.32765285468295,304.50124567404896,-195.53524799863985,0.2563937084539355,0.0
point-0000462,14.383071625554232,236.51097543114898,304.1677167225123,-195.53524799863985,0.2563937084539355,0.0
point-0000463,14.402101139613448,236.7024275631736,303.83878657297413,-195.53524799863987,0.2563937084539355,0.0
point-0000464,14.421130685673123,236.90189447670744,303.5146532675268,-195.53524799863985,0.2563937084539355,0.0
point-0000465,14.440160268880385,237.10925644698398,303.1955121888486,-195.53524799863982,0.2563937084539355,0.0
point-0000466,14.459189876091738,237.32438876716475,302.8815560373545,-195.53524799863982,0.2563937084539355,0.0
point-0000467,14.478219468866545,237.547161702579,302.57297480053523,-195.53524799863985,0.2563937084539355,0.0
point-0000468,14.497248976155829,237.77744043055685,302.26995571448606,-195.53524799863987,0.2563937084539355,0.0
point-0000469,14.516278384201792,238.0150862132282,301.9726817159419,-195.53524799863982,0.2563937084539355,0.0
point-0000470,14.535307745550924,238.25995667802056,301.681331252042,-195.53524799863985,0.2563937084539355,0.0
point-0000471,14.554337120927777,238.51190525926575,301.39607914722626,-195.53524799863982,0.2563937084539355,0.0
point-0000472,14.57336649209852,238.77078011166037,301.1170977900369,-195.53524799863985,0.2563937084539355,0.0
point-0000473,14.592395850456986,239.0364253302187,300.84455566545597,-195.53524799863982,0.2563937084539355,0.0
point-0000474,14.611425199836603,239.30868107625926,300.57861720664926,-195.53524799863987,0.2563937084539355,0.0
point-0000475,14.63045454985009,239.5873835814307,300.3194427897299,-195.5352479986398,0.2563937084539355,0.0
point-0000476,14.649483909193648,239.87236515173754,300.06718872852184,-195.53524799863985,0.2563937084539355,0.0
point-0000477,14.668513278954606,240.16345417156623,299.822007269323,-195.53524799863985,0.2563937084539355,0.0
point-0000478,14.687542645961496,240.46047510771083,299.5840465856693,-195.53524799863987,0.2563937084539355,0.0
point-0000479,14.706571983625953,240.76324862805103,299.35345067902745,-195.53524799863985,0.2563937084539355,0.0
point-0000480,14.725601302415383,241.07159248146905,299.13035864085657,-195.53524799863985,0.2563937084539355,0.0
point-0000481,14.744630621999148,241.38532118137448,298.9149049233577,-195.53524799863982,0.2563937084539355,0.0
point-0000482,14.763659938180128,241.70424560020822,298.7072196691921,-195.53524799863982,0.2563937084539355,0.0
point-0000483,14.782689249949831,242.0281735183151,298.50742831191565,-195.53524799863982,0.2563937084539355,0.0
point-0000484,14.801718562060831,242.3569097758444,298.31565146046387,-195.53524799863987,0.2563937084539355,0.0
point-0000485,14.820747878028628,242.69025627274993,298.13200489915187,-195.53524799863982,0.2563937084539355,0.0
point-0000486,14.839777193143869,243.02801196879003,297.95659958767436,-195.53524799863987,0.2563937084539355,0.0
point-0000487,14.858806571101239,243.36997439005563,297.7895409374346,-195.53524799863985,0.2563937084539355,0.0
point-0000488,14.877836229458895,243.71594137202152,297.6309281817273,-195.53524799863985,0.2563937084539355,0.0
point-0000489,14.896866122839873,244.0657036242648,297.48085785240715,-195.53524799863985,0.2563937084539355,0.0
point-0000490,14.91589610991214,244.41904771741815,297.3394219481186,-195.53524799863982,0.2563937084539355,0.0
point-0000491,14.934926096549894,244.77575882670078,297.2067066849135,-195.53524799863985,0.2563937084539355,0.0
point-0000492,14.953956027888687,245.13562076220975,297.0827925934009,-195.53524799863982,0.2563937084539355,0.0
point-0000493,14.972985880834004,245.49841599554875,296.967754600048,-195.53524799863982,0.2563937084539355,0.0
point-0000494,14.992015656949375,245.86392568279462,296.8616620926316,-195.53524799863987,0.2563937084539355,0.0
point-0000495,15.011045375647273,246.23192968380192,296.7645789698396,-195.53524799863987,0.2563937084539355,0.0
point-0000496,15.030075067603777,246.602206577845,296.67656367502343,-195.53524799863985,0.2563937084539355,0.0
point-0000497,15.049104768316441,246.97453367559797,296.5976692141007,-195.53524799863982,0.2563937084539355,0.0
point-0000498,15.068134511723654,247.34868702745229,296.5279431576086,-195.5352479986398,0.2563937084539355,0.0
point-0000499,15.087164323803425,247.7244414281724,296.46742762690764,-195.53524799863982,0.2563937084539355,0.0
point-0000500,15.106194216069593,248.10157041788884,296.416159264536,-195.53524799863985,0.2563937084539355,0.0
point-0000501,15.125224178884299,248.47984627942924,296.3741691887143,-195.53524799863985,0.2563937084539355,0.0
point-0000502,15.144254174506795,248.85904003198715,296.3414829320009,-195.53524799863987,0.2563937084539355,0.0
point-0000503,15.163284129800687,249.2389214211285,296.3181203640977,-195.53524799863982,0.2563937084539355,0.0
point-0000504,15.182313928524172,249.61925890513592,296.30409559880667,-195.53524799863982,0.2563937084539355,0.0
point-0000505,15.201343409548421,249.9998197660512,296.29941688527265,-195.53524799863985,0.2563937084539355,0.0
point-0000506,15.220373195848623,250.380386839689,296.30408690832246,-195.53524799863987,0.2563937084539355,0.0
point-0000507,15.239403588507377,250.76073650916865,296.3181035707384,-195.53524799863987,0.2563937084539355,0.0
point-0000508,15.258434331553723,251.14063412803065,296.3414589029214,-195.53524799863985,0.2563937084539355,0.0
point-0000509,15.27746523320331,251.51984660511692,296.3741389313885,-195.53524799863985,0.2563937084539355,0.0
point-0000510,15.296496157055781,251.8981423820473,296.4161238123347,-195.53524799863987,0.2563937084539355,0.0
point-0000511,15.315527013848742,252.27529141405532,296.4673879495565,-195.53524799863985,0.2563937084539355,0.0
point-0000512,15.334557753705061,252.65106515426692,296.52790009675806,-195.53524799863987,0.2563937084539355,0.0
point-0000513,15.353588358806817,253.0252365415053,296.59762344426576,-195.53524799863982,0.2563937084539355,0.0
point-0000514,15.372618836426325,253.3975799917051,296.67651569017085,-195.53524799863987,0.2563937084539355,0.0
point-0000515,15.391649212242365,253.7678713930196,296.76452909592496,-195.53524799863987,0.2563937084539355,0.0
point-0000516,15.410679523867774,254.1358881047038,296.8616105264109,-195.53524799863982,0.2563937084539355,0.0
point-0000517,15.429709814513275,254.5014089598573,296.96770147451093,-195.5352479986398,0.2563937084539355,0.0
point-0000518,15.448740126711533,254.86421427210945,297.0827380701962,-195.53524799863987,0.2563937084539355,0.0
point-0000519,15.467770496025087,255.22408584633126,297.2066510741596,-195.53524799863982,0.2563937084539355,0.0
point-0000520,15.486800944662017,255.58080699345638,297.33936585601475,-195.53524799863982,0.2563937084539355,0.0
point-0000521,15.505831474923811,255.93416254949472,297.48080235708454,-195.53524799863987,0.2563937084539355,0.0
point-0000522,15.524862062411248,256.2839388988228,297.6308750378014,-195.53524799863985,0.2563937084539355,0.0
point-0000523,15.543892648915632,256.62992400183276,297.78949280974234,-195.53524799863982,0.2563937084539355,0.0
point-0000524,15.562923143286076,256.97190757630915,297.9565590276972,-195.53524799863982,0.2563937084539355,0.0
point-0000525,15.581953650481084,257.30968530953214,298.1319736353513,-195.53524799863987,0.2563937084539355,0.0
point-0000526,15.600984204495537,257.64305412217715,298.3156310043689,-195.53524799863982,0.2563937084539355,0.0
point-0000527,15.620014738860567,257.9718118486614,298.50741956650006,-195.53524799863987,0.2563937084539355,0.0
point-0000528,15.639045165518061,258.29575882041905,298.7072225069077,-195.53524799863985,0.2563937084539355,0.0
point-0000529,15.658075367018977,258.61469789483675,298.9149177029903,-195.53524799863985,0.2563937084539355,0.0
point-0000530,15.67710518840914,258.92843448726575,299.130377656178,-195.53524799863985,0.2563937084539355,0.0
point-0000531,15.696134553598661,259.2367786121654,299.3534709022576,-195.53524799863985,0.2563937084539355,0.0
point-0000532,15.715163880587959,259.5395514595001,299.5840673401812,-195.53524799863987,0.2563937084539355,0.0
point-0000533,15.734193236919443,259.83657171308147,299.8220285343258,-195.53524799863985,0.2563937084539355,0.0
point-0000534,15.753222596008166,260.12766004145794,300.06721048311897,-195.53524799863987,0.2563937084539355,0.0
point-0000535,15.772251944680661,260.4126409120095,300.31946501286905,-195.53524799863987,0.2563937084539355,0.0
point-0000536,15.791281284022864,260.69134270971796,300.57863987714865,-195.53524799863982,0.2563937084539355,0.0
point-0000537,15.81031062273022,260.9635977411924,300.8445787620312,-195.53524799863987,0.2563937084539355,0.0
point-0000538,15.829339970415356,261.22924223869535,301.1171212913273,-195.53524799863987,0.2563937084539355,0.0
point-0000539,15.848369330912272,261.4881163641684,301.39610303182155,-195.53524799863982,0.2563937084539355,0.0
point-0000540,15.867398695616076,261.74006421325794,301.68135549850905,-195.53524799863987,0.2563937084539355,0.0
point-0000541,15.88642804629397,261.98493394128934,301.9727063028373,-195.53524799863985,0.2563937084539355,0.0
point-0000542,15.905457443670125,262.22257898319907,302.26998062035494,-195.5352479986399,0.2563937084539355,0.0
point-0000543,15.924486940267322,262.4528569667316,302.5730000035589,-195.53524799863982,0.2563937084539355,0.0
point-0000544,15.943516522360904,262.67562915503476,302.88158151626044,-195.53524799863982,0.2563937084539355,0.0
point-0000545,15.9625461188981,262.89076072598766,303.19553792235325,-195.53524799863985,0.2563937084539355,0.0
point-0000546,15.98157569143513,263.0981219454762,303.5146792343595,-195.53524799863987,0.2563937084539355,0.0
point-0000547,16.000605226826014,263.2975881072251,303.83881275190174,-195.53524799863985,0.2563937084539355,0.0
point-0000548,16.019634730216005,263.48903948703594,304.16774309236365,-195.53524799863987,0.2563937084539355,0.0
point-0000549,16.038664218261264,263.672361311431,304.5012722137404,-195.5352479986398,0.2563937084539355,0.0
point-0000550,16.057693712494654,263.8474437407037,304.8391994296781,-195.53524799863982,0.2563937084539355,0.0
point-0000551,16.076723232756457,264.0141818663742,305.18132141670264,-195.53524799863982,0.2563937084539355,0.0
point-0000552,16.095752790608454,264.17247572305183,305.52743221363784,-195.53524799863985,0.2563937084539355,0.0
point-0000553,16.114782382649818,264.3222303147033,305.87732321321283,-195.53524799863982,0.2563937084539355,0.0
point-0000554,16.133811983654045,264.46335565532655,306.2307831458587,-195.53524799863982,0.2563937084539355,0.0
point-0000555,16.152841539447532,264.5957668240313,306.5875980556947,-195.53524799863987,0.2563937084539355,0.0
point-0000556,16.171871019453,264.71938441107557,306.94755240819615,-195.53524799863985,0.2563937084539355,0.0
point-0000557,16.19090046382606,264.8341347855551,307.3104301463061,-195.53524799863985,0.2563937084539355,0.0
point-0000558,16.20992988567846,264.9399494501616,307.67601298940576,-195.53524799863985,0.2563937084539355,0.0
point-0000559,16.22895934297968,265.03676549483674,308.0440819388773,-195.53524799863982,0.2563937084539355,0.0
point-0000560,16.247988797594733,265.1245249071456,308.4144146848365,-195.53524799863987,0.2563937084539355,0.0
point-0000561,16.26701823454779,265.2031752991112,308.78678802456943,-195.53524799863985,0.2563937084539355,0.0
point-0000562,16.286047655283525,265.2726698591909,309.16097787950184,-195.53524799863985,0.2563937084539355,0.0
point-0000563,16.305077070863494,265.33296731884474,309.53675930438254,-195.53524799863982,0.2563937084539355,0.0
point-0000564,16.324106495287975,265.3840319352606,309.9139064938472,-195.53524799863982,0.2563937084539355,0.0
point-0000565,16.343135938862403,265.42583349023624,310.29219278635935,-195.53524799863982,0.2563937084539355,0.0
point-0000566,16.3621654015278,265.45834730521807,310.67139066553176,-195.53524799863987,0.2563937084539355,0.0
point-0000567,16.381194866074438,265.4815542724976,311.0512717588259,-195.53524799863987,0.2563937084539355,0.0
point-0000568,16.400224293041212,265.49544090326526,311.4316068712721,-195.53524799863987,0.2563937084539355,0.0
point-0000569,16.41925368565946,265.4999993856169,311.81216742309846,-195.53524799863982,0.2563937084539355,0.0
point-0000570,16.438283032003664,265.4952275199439,312.19272443356215,-195.53524799863987,0.2563937084539355,0.0
point-0000571,16.45731236904904,265.4811286755888,312.5730499388105,-195.53524799863982,0.2563937084539355,0.0
point-0000572,16.476341706299262,265.45771179201387,312.9529155993232,-195.53524799863985,0.2563937084539355,0.0
point-0000573,16.495371044134462,265.4249913915546,313.33209320252814,-195.53524799863982,0.2563937084539355,0.0
point-0000574,16.514400383268534,265.3829875751308,313.7103549882766,-195.53524799863987,0.2563937084539355,0.0
point-0000575,16.533429730220018,265.331725987665,314.0874738923513,-195.53524799863987,0.2563937084539355,0.0
point-0000576,16.552459120258003,265.27123770906115,314.46322413152444,-195.53524799863982,0.2563937084539355,0.0
point-0000577,16.571488540402814,265.20155945681836,314.8373798124695,-195.53524799863987,0.2563937084539355,0.0
point-0000578,16.590517996011165,265.12273339170434,315.20971638569154,-195.53524799863985,0.2563937084539355,0.0
point-0000579,16.609547450597194,265.034807336467,315.5800096013289,-195.53524799863985,0.2563937084539355,0.0
point-0000580,16.628576888121394,264.937834511049,315.94803686679364,-195.53524799863985,0.2563937084539355,0.0
point-0000581,16.647606309015135,264.8318734721576,316.3135772914494,-195.53524799863987,0.2563937084539355,0.0
point-0000582,16.666635723530714,264.7169880778787,316.67641167915775,-195.53524799863985,0.2563937084539355,0.0
point-0000583,16.68566514522924,264.5932474675644,317.0363225256617,-195.53524799863982,0.2563937084539355,0.0
point-0000584,16.704694584527783,264.4607260569948,317.3930940208059,-195.53524799863982,0.2563937084539355,0.0
point-0000585,16.723724042226998,264.31950354881246,317.74651205559354,-195.53524799863987,0.2563937084539355,0.0
point-0000586,16.742753502940545,264.16966495823135,318.09636423408045,-195.53524799863985,0.2563937084539355,0.0
point-0000587,16.761782928348442,264.01130065401924,318.44243989010573,-195.53524799863982,0.2563937084539355,0.0
point-0000588,16.78081231197397,263.8445058493161,318.7845312077259,-195.53524799863987,0.2563937084539355,0.0
point-0000589,16.799841688964516,263.66938041744964,319.1224334991844,-195.53524799863987,0.2563937084539355,0.0
point-0000590,16.818871115882168,263.48602891000473,319.4559449086495,-195.53524799863987,0.2563937084539355,0.0
point-0000591,16.837900555902973,263.2945616132433,319.7848645177837,-195.53524799863987,0.2563937084539355,0.0
point-0000592,16.85692998751179,263.0950935361439,320.1089944194592,-195.53524799863985,0.2563937084539355,0.0
point-0000593,16.87595940503432,262.88774431315795,320.4281398286785,-195.53524799863987,0.2563937084539355,0.0
point-0000594,16.894988811974308,262.67263817962584,320.74210906715894,-195.53524799863985,0.2563937084539355,0.0
point-0000595,16.914018214481626,262.44990395382155,321.0507135528191,-195.53524799863987,0.2563937084539355,0.0
point-0000596,16.93304761493058,262.21967502562507,321.353767794169,-195.53524799863987,0.2563937084539355,0.0
point-0000597,16.952077007685144,261.9820893260559,321.65108942271837,-195.53524799863987,0.2563937084539355,0.0
point-0000598,16.971106417331264,261.7372887898166,321.9424999064846,-195.53524799863987,0.2563937084539355,0.0
point-0000599,16.99013584283946,261.4854199804834,322.2278237872831,-195.53524799863985,0.2563937084539355,0.0
point-0000600,17.0091652656892,261.2266339090389,322.5068889101917,-195.53524799863985,0.2563937084539355,0.0
point-0000601,17.02819466071237,260.96108583910114,322.7795267148546,-195.53524799863985,0.2563937084539355,0.0
point-0000602,17.047223997741256,260.68893519396755,323.04557237532845,-195.53524799863985,0.2563937084539355,0.0
point-0000603,17.06625332150721,260.4103442939927,323.3048659842875,-195.53524799863985,0.2563937084539355,0.0
point-0000604,17.085282646494175,260.12547972772666,323.55725113177016,-195.53524799863987,0.2563937084539355,0.0
point-0000605,17.104311967637827,259.834512138953,323.8025751777961,-195.53524799863985,0.2563937084539355,0.0
point-0000606,17.12334127790424,259.5376158811049,324.04068958677203,-195.53524799863982,0.2563937084539355,0.0
point-0000607,17.14237059263701,259.2349685607973,324.27145034424643,-195.53524799863982,0.2563937084539355,0.0
point-0000608,17.161399912355957,258.92675149671277,324.49471754961587,-195.53524799863987,0.2563937084539355,0.0
point-0000609,17.180429227321486,258.61314956206377,324.71035557457276,-195.53524799863982,0.2563937084539355,0.0
point-0000610,17.199458536884194,258.29435078276214,324.91823339274765,-195.53524799863987,0.2563937084539355,0.0
point-0000611,17.21848784565231,257.97054629279455,325.11822461543943,-195.53524799863987,0.2563937084539355,0.0
point-0000612,17.237517156791526,257.6419303342224,325.31020749161587,-195.5352479986399,0.2563937084539355,0.0
point-0000613,17.25654646535569,257.30870025718167,325.494064907913,-195.53524799863982,0.2563937084539355,0.0
point-0000614,17.27557587813739,256.97105427212114,325.66968554764253,-195.53524799863985,0.2563937084539355,0.0
point-0000615,17.29460568167326,256.6291900183724,325.83696435997206,-195.53524799863987,0.2563937084539355,0.0
point-0000616,17.313635802143743,256.28331414287163,325.99579783501747,-195.53524799863987,0.2563937084539355,0.0
point-0000617,17.33266606438055,255.93363776546525,326.1460868346303,-195.53524799863982,0.2563937084539355,0.0
point-0000618,17.35169634656928,255.58037356442952,326.28773802714096,-195.53524799863987,0.2563937084539355,0.0
point-0000619,17.37072657212568,255.2237357448622,326.42066379418884,-195.53524799863987,0.2563937084539355,0.0
point-0000620,17.38975670200229,254.86394001097403,326.5447821535243,-195.53524799863985,0.2563937084539355,0.0
point-0000621,17.408786727351174,254.5012035422795,326.6600166977838,-195.53524799863987,0.2563937084539355,0.0
point-0000622,17.42781666246552,254.13574497368765,326.76629654923886,-195.53524799863985,0.2563937084539355,0.0
point-0000623,17.446846537920635,253.76778437949218,326.8635563305166,-195.53524799863982,0.2563937084539355,0.0
point-0000624,17.465876393833195,253.39754326126135,326.9517361512938,-195.53524799863982,0.2563937084539355,0.0
point-0000625,17.48490627315656,253.02524453962738,327.03078161096397,-195.53524799863985,0.2563937084539355,0.0
point-0000626,17.503936214929453,252.6511125499755,327.10064381727744,-195.53524799863985,0.2563937084539355,0.0
point-0000627,17.522966247395424,252.27537304203264,327.16127942095386,-195.53524799863985,0.2563937084539355,0.0
point-0000628,17.541996380911346,251.89825318335582,327.2126506662676,-195.53524799863982,0.2563937084539355,0.0
point-0000629,17.56102660056448,251.51998156671988,327.25472545760715,-195.53524799863985,0.2563937084539355,0.0
point-0000630,17.58005685841961,251.1407882214051,327.2874774420057,-195.53524799863987,0.2563937084539355,0.0
point-0000631,17.599087065320308,250.76090462838445,327.3108861076461,-195.53524799863987,0.2563937084539355,0.0
point-0000632,17.618117082171647,250.3805637394101,327.3249368983382,-195.53524799863987,0.2563937084539355,0.0
point-0000633,17.63714671063522,250.0,327.3296213439686,-195.53524799863982,0.2563937084539355,0.0
point-0000634,17.83714671063522,250.0,327.3296213439686,-185.53524799863987,0.2563937084539355,0.0
point-0000635,20.272870637385683,250.0,371.2464312079346,-71.94303246547057,0.5640661585986584,0.0
point-0000636,20.472870637385682,250.0,371.2464312079346,-81.9430324654706,0.5640661585986584,0.0
point-0000637,20.491891368337395,249.6196140536731,371.2417606392365,-81.94303246547057,0.5640661585986584,0.0
point-0000638,20.510912331216534,249.23945282895104,371.2277515437038,-81.9430324654706,0.5640661585986584,0.0
point-0000639,20.52993340049803,248.85974806407202,371.20441225980863,-81.94303246547057,0.5640661585986584,0.0
point-0000640,20.548954492976932,248.4807303682759,371.17175694003066,-81.94303246547054,0.5640661585986584,0.0
point-0000641,20.56797555984019,248.10262923468278,371.12980546065046,-81.94303246547057,0.5640661585986584,0.0
point-0000642,20.58699657913562,247.72567305003597,371.0785833475412,-81.94303246547057,0.5640661585986584,0.0
point-0000643,20.606017548563663,247.3500891013091,371.0181217179586,-81.9430324654706,0.5640661585986584,0.0
point-0000644,20.62503847851504,246.97610357917748,370.9484572383293,-81.9430324654706,0.5640661585986584,0.0
point-0000645,20.644059385275703,246.60394157835364,370.869632098038,-81.94303246547057,0.5640661585986584,0.0
point-0000646,20.663080284319303,246.23382709478707,370.78169399921285,-81.9430324654706,0.5640661585986584,0.0
point-0000647,20.682101183606743,245.8659830197282,370.68469616250894,-81.9430324654706,0.5640661585986584,0.0
point-0000648,20.701122076812418,245.50063113065661,370.5786973488907,-81.94303246547062,0.5640661585986584,0.0
point-0000649,20.720142971106974,245.1379914204432,370.46376167782984,-81.94303246547057,0.5640661585986584,0.0
point-0000650,20.739163915831014,244.77828143140914,370.33995836984843,-81.9430324654706,0.5640661585986584,0.0
point-0000651,20.758184908109417,244.4217179237477,370.20736227674536,-81.94303246547057,0.5640661585986584,0.0
point-0000652,20.777205935856887,244.06851591035442,370.066053620383,-81.9430324654706,0.5640661585986584,0.0
point-0000653,20.796226972526316,243.71888861094808,369.9161180145326,-81.9430324654706,0.5640661585986584,0.0
point-0000654,20.815247969899755,243.37304743781652,369.7576465047931,-81.9430324654706,0.5640661585986584,0.0
point-0000655,20.834268856915052,243.03120186814527,369.5907355595689,-81.9430324654706,0.5640661585986584,0.0
point-0000656,20.853289842778818,242.69355395101238,369.4154841819776,-81.94303246547062,0.5640661585986584,0.0
point-0000657,20.872311083255674,242.36030429503572,369.2319965733965,-81.94303246547057,0.5640661585986584,0.0
point-0000658,20.891332534092108,242.03165442187802,369.04038368854117,-81.94303246547057,0.5640661585986584,0.0
point-0000659,20.91035407759076,241.70780428653586,368.8407622050597,-81.94303246547062,0.5640661585986584,0.0
point-0000660,20.929375632832908,241.38895021831115,368.6332533890817,-81.9430324654706,0.5640661585986584,0.0
point-0000661,20.94839714795217,241.075284962573,368.4179830420395,-81.94303246547057,0.5640661585986584,0.0
point-0000662,20.967418592693523,240.76699771697042,368.1950814533998,-81.94303246547062,0.5640661585986584,0.0
point-0000663,20.986439951243703,240.46427416209653,367.96468335930535,-81.9430324654706,0.5640661585986584,0.0
point-0000664,21.005461217968872,240.16729644444962,367.72692787492434,-81.94303246547057,0.5640661585986584,0.0
point-0000665,21.02448241290874,239.87624284140153,367.48195819735406,-81.94303246547057,0.5640661585986584,0.0
point-0000666,21.043503558315344,239.59128804544895,367.22992178471634,-81.94303246547057,0.5640661585986584,0.0
point-0000667,21.062524681967016,239.31260302322403,366.9709702132278,-81.9430324654706,0.5640661585986584,0.0
point-0000668,21.081545814278602,239.0403549634121,366.70525912257744,-81.94303246547062,0.5640661585986584,0.0
point-0000669,21.100566987062976,238.77470720355413,366.4329481361674,-81.94303246547054,0.5640661585986584,0.0
point-0000670,21.11958827394318,238.5158185961045,366.15420016619385,-81.94303246547057,0.5640661585986584,0.0
point-0000671,21.13860967279825,238.26384502591512,365.8691830339238,-81.9430324654706,0.5640661585986584,0.0
point-0000672,21.15763116311553,238.01893845446708,365.5780686082803,-81.9430324654706,0.5640661585986584,0.0
point-0000673,21.17665272510366,237.7812465572591,365.28103243171415,-81.9430324654706,0.5640661585986584,0.0
point-0000674,21.19567433276884,237.5509127170672,364.97825372485113,-81.94303246547057,0.5640661585986584,0.0
point-0000675,21.214695946908567,237.3280760051507,364.66991540155266,-81.9430324654706,0.5640661585986584,0.0
point-0000676,21.23371750794786,237.11287115040338,364.35620409438985,-81.94303246547057,0.5640661585986584,0.0
point-0000677,21.25273892854401,236.905428496451,364.03731019052924,-81.94303246547057,0.5640661585986584,0.0
point-0000678,21.271760085887685,236.70587394669406,363.7134278780321,-81.94303246547057,0.5640661585986584,0.0
point-0000679,21.290780956138892,236.51432749090523,363.38475272332755,-81.9430324654706,0.5640661585986584,0.0
point-0000680,21.30980307998171,236.33088949370782,363.0514555895553,-81.94303246547057,0.5640661585986584,0.0
point-0000681,21.328826563393715,236.1556710061794,362.71373432863294,-81.9430324654706,0.5640661585986584,0.0
point-0000682,21.347850986116246,235.9887828728101,362.37179893281854,-81.9430324654706,0.5640661585986584,0.0
point-0000683,21.366876065911008,235.8303291064493,362.0258598219841,-81.9430324654706,0.5640661585986584,0.0
point-0000684,21.385901579721615,235.68040771388644,361.6761290021311,-81.94303246547057,0.5640661585986584,0.0
point-0000685,21.40492728918552,235.5391112933363,361.3228212470766,-81.94303246547057,0.5640661585986584,0.0
point-0000686,21.423953015089857,235.40652643058746,360.9661525595742,-81.9430324654706,0.5640661585986584,0.0
point-0000687,21.442978628566635,235.2827338288437,360.606340137581,-81.94303246547057,0.5640661585986584,0.0
point-0000688,21.462004042905736,235.1678084186688,360.24360234467,-81.94303246547054,0.5640661585986584,0.0
point-0000689,21.481029205881207,235.06181944900433,359.87815868443397,-81.94303246547062,0.5640661585986584,0.0
point-0000690,21.500054092491325,234.96483056014262,359.51022977873544,-81.9430324654706,0.5640661585986584,0.0
point-0000691,21.51907869801827,234.87689983945015,359.1400373496653,-81.9430324654706,0.5640661585986584,0.0
point-0000692,21.53810303131834,234.79807986054885,358.767804205076,-81.94303246547057,0.5640661585986584,0.0
point-0000693,21.557127108258552,234.7284177065762,358.39375422756666,-81.94303246547057,0.5640661585986584,0.0
point-0000694,21.576150945220345,234.66795497805722,358.0181123668009,-81.9430324654706,0.5640661585986584,0.0
point-0000695,21.59517457845473,234.6167277232366,357.641104121615,-81.9430324654706,0.5640661585986584,0.0
point-0000696,21.614198103618794,234.5747663820306,357.2629546145265,-81.94303246547057,0.5640661585986584,0.0
point-0000697,21.63322158057577,234.5420960583251,356.8838903453556,-81.9430324654706,0.5640661585986584,0.0
point-0000698,21.652245073277413,234.51873638167456,356.50413827447966,-81.94303246547057,0.5640661585986584,0.0
point-0000699,21.67126864698177,234.50470149859296,356.12392574884313,-81.9430324654706,0.5640661585986584,0.0
point-0000700,21.69029236221229,234.50000006649034,355.7434804925907,-81.9430324654706,0.5640661585986584,0.0
point-0000701,21.709316268885512,234.5046352411874,355.3630305941808,-81.94303246547057,0.5640661585986584,0.0
point-0000702,21.728340443597645,234.51860468606932,354.98280363038054,-81.94303246547057,0.5640661585986584,0.0
point-0000703,21.747364920404113,234.54190052575038,354.6030279189962,-81.9430324654706,0.5640661585986584,0.0
point-0000704,21.766389690781494,234.5745092534485,354.2239323821684,-81.9430324654706,0.5640661585986584,0.0
point-0000705,21.78541474162151,234.61641172485437,353.84574564697516,-81.9430324654706,0.5640661585986584,0.0
point-0000706,21.80444004838051,234.66758313706794,353.46869604084657,-81.94303246547057,0.5640661585986584,0.0
point-0000707,21.82346556809937,234.7279929908956,353.09301158576545,-81.94303246547057,0.5640661585986584,0.0
point-0000708,21.842491232207138,234.79760503581943,352.7189199912352,-81.9430324654706,0.5640661585986584,0.0
point-0000709,21.86151693901642,234.87637719686393,352.3466486460024,-81.94303246547062,0.5640661585986584,0.0
point-0000710,21.880542545812556,234.964261482497,351.97642460852876,-81.9430324654706,0.5640661585986584,0.0
point-0000711,21.899567860433123,235.0612038726162,351.6084745962138,-81.94303246547057,0.5640661585986584,0.0
point-0000712,21.91859263222824,235.16714418558274,351.2430249733777,-81.9430324654706,0.5640661585986584,0.0
point-0000713,21.93761654228685,235.2820159231793,350.8803017380194,-81.9430324654706,0.5640661585986584,0.0
point-0000714,21.956639251706267,235.4057464888392,350.52052939808243,-81.94303246547057,0.5640661585986584,0.0
point-0000715,21.975660526660572,235.53825810041644,350.16392845423604,-81.9430324654706,0.5640661585986584,0.0
point-0000716,21.994682566190672,235.67948589716306,349.8106723083872,-81.94303246547057,0.5640661585986584,0.0
point-0000717,22.013706016176133,235.82935117567305,349.4609623456512,-81.9430324654706,0.5640661585986584,0.0
point-0000718,22.0327304689124,235.98776216360395,349.1150174372213,-81.9430324654706,0.5640661585986584,0.0
point-0000719,22.0517555941397,236.15462188121944,348.7730525404804,-81.94303246547057,0.5640661585986584,0.0
point-0000720,22.070781128270607,236.32982828072966,348.4352788038501,-81.9430324654706,0.5640661585986584,0.0
point-0000721,22.08980686445881,236.51327436673003,348.10190365700737,-81.94303246547057,0.5640661585986584,0.0
point-0000722,22.108832643383842,236.70484829866362,347.77313088732416,-81.94303246547057,0.5640661585986584,0.0
point-0000723,22.12785834463277,236.90443347617125,347.4491607033185,-81.94303246547057,0.5640661585986584,0.0
point-0000724,22.146883878565774,237.11190860813232,347.13018978584785,-81.9430324654706,0.5640661585986584,0.0
point-0000725,22.165909178559044,237.3271477661388,346.8164113277054,-81.9430324654706,0.5640661585986584,0.0
point-0000726,22.184934193524633,237.5500204230837,346.50801506222433,-81.94303246547062,0.5640661585986584,0.0
point-0000727,22.20395888061343,237.78039147748405,346.20518728142287,-81.9430324654706,0.5640661585986584,0.0
point-0000728,22.222983214245147,238.01812147241216,345.9081105950878,-81.9430324654706,0.5640661585986584,0.0
point-0000729,22.24200729101497,238.26306808337245,345.61696225393376,-81.94303246547057,0.5640661585986584,0.0
point-0000730,22.261031152716182,238.5150840323279,345.33191684161704,-81.94303246547057,0.5640661585986584,0.0
point-0000731,22.28005483929863,238.77401784263378,345.05314535391545,-81.94303246547057,0.5640661585986584,0.0
point-0000732,22.29907840651316,239.0397141619862,344.7808148383486,-81.94303246547057,0.5640661585986584,0.0
point-0000733,22.318101919798558,239.31201378003655,344.5150883980053,-81.9430324654706,0.5640661585986584,0.0
point-0000734,22.337125448191784,239.59075364133142,344.2561251907026,-81.94303246547057,0.5640661585986584,0.0
point-0000735,22.356149058252804,239.87576685371155,344.0040804235079,-81.9430324654706,0.5640661585986584,0.0
point-0000736,22.375172807995796,240.1668826922412,343.75910534258986,-81.9430324654706,0.5640661585986584,0.0
point-0000737,22.394196740818458,240.46392659867885,343.52134721830237,-81.94303246547057,0.5640661585986584,0.0
point-0000738,22.4132208937843,240.76672039659167,343.29094914024483,-81.9430324654706,0.5640661585986584,0.0
point-0000739,22.432245319323275,241.07508270339198,343.06804962346655,-81.9430324654706,0.5640661585986584,0.0
point-0000740,22.45127003329666,241.38882822348393,342.8527831715288,-81.94303246547057,0.5640661585986584,0.0
point-0000741,22.470295037086085,241.70776817664236,342.64527988491784,-81.94303246547057,0.5640661585986584,0.0
point-0000742,22.48932031286199,242.03171030418918,342.4456653931089,-81.94303246547057,0.5640661585986584,0.0
point-0000743,22.508345816589777,242.36045883853,342.2540608054625,-81.94303246547057,0.5640661585986584,0.0
point-0000744,22.52737147135698,242.693814477298,342.07058264918794,-81.94303246547057,0.5640661585986584,0.0
point-0000745,22.546397330408094,243.0315773844438,341.89534126249634,-81.94303246547057,0.5640661585986584,0.0
point-0000746,22.56542329497455,243.37354234729418,341.7284434037433,-81.94303246547057,0.5640661585986584,0.0
point-0000747,22.584449079079235,243.71949810272648,341.5699921506638,-81.94303246547057,0.5640661585986584,0.0
point-0000748,22.60347437579519,244.06923036373792,341.4200851406213,-81.94303246547057,0.5640661585986584,0.0
point-0000749,22.622498846851457,244.42252176248093,341.2788145238517,-81.94303246547057,0.5640661585986584,0.0
point-0000750,22.64152211180495,244.77915178157144,341.14626689739316,-81.94303246547057,0.5640661585986584,0.0
point-0000751,22.660543762839158,245.138897170048,341.0225230543273,-81.94303246547057,0.5640661585986584,0.0
point-0000752,22.679564756254415,245.50155872818783,340.90764977436663,-81.9430324654706,0.5640661585986584,0.0
point-0000753,22.698585752512066,245.8669304183708,340.80171183278634,-81.9430324654706,0.5640661585986584,0.0
point-0000754,22.71760673445468,246.23479179808297,340.7047731565999,-81.9430324654706,0.5640661585986584,0.0
point-0000755,22.736627704257447,246.60492129254814,340.6168921334945,-81.9430324654706,0.5640661585986584,0.0
point-0000756,22.755648676682323,246.97709620776163,340.5381216486603,-81.94303246547057,0.5640661585986584,0.0
point-0000757,22.774669672483025,247.35109274031913,340.46850910571675,-81.9430324654706,0.5640661585986584,0.0
point-0000758,22.793690711880704,247.72668598404087,340.4080964317337,-81.9430324654706,0.5640661585986584,0.0
point-0000759,22.812711808029682,248.10364993339093,340.35692006635,-81.94303246547057,0.5640661585986584,0.0
point-0000760,22.83173296039264,248.4817574836916,340.31501093498775,-81.9430324654706,0.5640661585986584,0.0
point-0000761,22.850754147945327,248.86078042813327,340.2823944061625,-81.94303246547057,0.5640661585986584,0.0
point-0000762,22.86977532213214,249.240489451579,340.2590902328905,-81.94303246547057,0.5640661585986584,0.0
point-0000763,22.888796399495668,249.62065412116485,340.2451124781913,-81.94303246547057,0.5640661585986584,0.0
point-0000764,22.90781725390584,250.00104287369484,340.24046942468686,-81.94303246547057,0.5640661585986584,0.0
point-0000765,22.926838244993554,250.3814337309021,340.24516373365765,-81.9430324654706,0.5640661585986584,0.0
point-0000766,22.945860308085777,250.7616162054617,340.259193692728,-81.9430324654706,0.5640661585986584,0.0
point-0000767,22.964883103261364,251.14135438958175,340.28255190409254,-81.9430324654706,0.5640661585986584,0.0
point-0000768,22.983906317517594,251.52041316800785,340.3152247483747,-81.94303246547057,0.5640661585986584,0.0
point-0000769,23.00292971131243,251.89855931302048,340.3571925646321,-81.94303246547057,0.5640661585986584,0.0
point-0000770,23.021953109190047,252.27556145020964,340.40842980966795,-81.94303246547057,0.5640661585986584,0.0
point-0000771,23.040976391116303,252.65119002929242,340.4689051986668,-81.9430324654706,0.5640661585986584,0.0
point-0000772,23.059999484435437,253.0252172998129,340.53858182802253,-81.9430324654706,0.5640661585986584,0.0
point-0000773,23.079022356363136,253.3974172915953,340.6174172811402,-81.9430324654706,0.5640661585986584,0.0
point-0000774,23.098045006934502,253.76756579985283,340.70536371790035,-81.9430324654706,0.5640661585986584,0.0
point-0000775,23.117067462328574,254.13544037488558,340.80236794838675,-81.9430324654706,0.5640661585986584,0.0
point-0000776,23.136089768493996,254.50082031633218,340.90837149138827,-81.94303246547057,0.5640661585986584,0.0
point-0000777,23.15511198500267,254.8634866719717,341.0233106180957,-81.94303246547054,0.5640661585986584,0.0
point-0000778,23.174134179060314,255.22322224110263,341.14711638132474,-81.94303246547057,0.5640661585986584,0.0
point-0000779,23.193156419604303,255.57981158255768,341.27971463050636,-81.9430324654706,0.5640661585986584,0.0
point-0000780,23.21217877142023,255.93304102744474,341.4210260125968,-81.9430324654706,0.5640661585986584,0.0
point-0000781,23.231201289209114,256.2826986967346,341.5709659589692,-81.9430324654706,0.5640661585986584,0.0
point-0000782,23.250224011537295,256.6285745238483,341.7294446582586,-81.94303246547057,0.5640661585986584,0.0
point-0000783,23.269246954600472,256.9704602824274,341.89636701504384,-81.9430324654706,0.5640661585986584,0.0
point-0000784,23.288270105732526,257.3081496195032,342.0716325941587,-81.94303246547057,0.5640661585986584,0.0
point-0000785,23.30729341658818,257.6414380943094,342.2551355503357,-81.9430324654706,0.5640661585986584,0.0
point-0000786,23.326316795926882,257.9701232230182,342.446764542796,-81.9430324654706,0.5640661585986584,0.0
point-0000787,23.34534010192274,258.294004529706,342.6464026343092,-81.9430324654706,0.5640661585986584,0.0
point-0000788,23.364363133922936,258.6128836038912,342.85392717415687,-81.9430324654706,0.5640661585986584,0.0
point-0000789,23.383385623573886,258.9265641650143,343.0692096643452,-81.9430324654706,0.5640661585986584,0.0
point-0000790,23.40240734077711,259.2348539916575,343.2921169834985,-81.94303246547057,0.5640661585986584,0.0
point-0000791,23.421428484924686,259.53757120119275,343.52251633446184,-81.94303246547057,0.5640661585986584,0.0
point-0000792,23.440449226849477,259.83453663659066,343.76027036602966,-81.9430324654706,0.5640661585986584,0.0
point-0000793,23.459470194470235,260.1255813277315,344.00524357160674,-81.9430324654706,0.5640661585986584,0.0
point-0000794,23.47849129978902,260.41052846869763,344.2572874286526,-81.9430324654706,0.5640661585986584,0.0
point-0000795,23.497512460871402,260.68920512212145,344.5162491061365,-81.94303246547057,0.5640661585986584,0.0
point-0000796,23.516533624241674,260.96144264591186,344.78197188089223,-81.9430324654706,0.5640661585986584,0.0
point-0000797,23.535554757477836,261.22707665252324,345.0542951784022,-81.9430324654706,0.5640661585986584,0.0
point-0000798,23.554575842072417,261.4859469747831,345.33305460858304,-81.94303246547057,0.5640661585986584,0.0
point-0000799,23.573596866541386,261.73789763827784,345.61808199657264,-81.9430324654706,0.5640661585986584,0.0
point-0000800,23.592617828570038,261.98277695465015,345.9092055425307,-81.9430324654706,0.5640661585986584,0.0
point-0000801,23.61163882358826,262.22043872343073,346.2062513037417,-81.94303246547057,0.5640661585986584,0.0
point-0000802,23.630659856174116,262.45073987580844,346.50904042419745,-81.94303246547057,0.5640661585986584,0.0
point-0000803,23.64968091141413,262.67354154021666,346.817390282823,-81.9430324654706,0.5640661585986584,0.0
point-0000804,23.668701989148936,262.88870955205067,347.13111513992044,-81.94303246547057,0.5640661585986584,0.0
point-0000805,23.68772309721016,263.0961144335388,347.4500261555433,-81.94303246547057,0.5640661585986584,0.0
point-0000806,23.70674424474772,263.29563138706,347.7739313989647,-81.94303246547057,0.5640661585986584,0.0
point-0000807,23.725765435568498,263.4871403019087,348.10263584923825,-81.9430324654706,0.5640661585986584,0.0
point-0000808,23.74478666140729,263.67052577450636,348.4359413868524,-81.9430324654706,0.5640661585986584,0.0
point-0000809,23.76380789505147,263.84567714206,348.77364677647876,-81.94303246547057,0.5640661585986584,0.0
point-0000810,23.78282908324174,264.01248852966745,349.1155476408128,-81.94303246547057,0.5640661585986584,0.0
point-0000811,23.80185013927317,264.17085891086964,349.4614364255084,-81.94303246547057,0.5640661585986584,0.0
point-0000812,23.820871005138837,264.32069271714914,349.8111036470315,-81.94303246547057,0.5640661585986584,0.0
point-0000813,23.839892596812085,264.46190664650527,350.1643556902942,-81.94303246547057,0.5640661585986584,0.0
point-0000814,23.858914967061903,264.59441510544934,350.520981174909,-81.94303246547062,0.5640661585986584,0.0
point-0000815,23.87793784414319,264.7181355931765,350.8807605265907,-81.9430324654706,0.5640661585986584,0.0
point-0000816,23.896961100506505,264.8329922338642,351.2434748289771,-81.9430324654706,0.5640661585986584,0.0
point-0000817,23.91598453710619,264.93891434255113,351.60890192555894,-81.9430324654706,0.5640661585986584,0.0
point-0000818,23.93500800292714,265.0358372226467,351.97681884016106,-81.9430324654706,0.5640661585986584,0.0
point-0000819,23.95403139380539,265.12370209154955,352.3470019367705,-81.9430324654706,0.5640661585986584,0.0
point-0000820,23.973054644468174,265.20245597619675,352.71922693856993,-81.94303246547057,0.5640661585986584,0.0
point-0000821,23.992077721048293,265.2720516272122,353.09326894475237,-81.94303246547057,0.5640661585986584,0.0
point-0000822,24.01110061397809,265.33244745085705,353.4689024451935,-81.94303246547057,0.5640661585986584,0.0
point-0000823,24.030123331172852,265.3836074580792,353.8459013330563,-81.9430324654706,0.5640661585986584,0.0
point-0000824,24.049145891417886,265.4255012300488,354.2240389153998,-81.94303246547057,0.5640661585986584,0.0
point-0000825,24.06816831787765,265.45810389965783,354.60308792186356,-81.9430324654706,0.5640661585986584,0.0
point-0000826,24.08719063164905,265.48139614855455,354.9828205114953,-81.94303246547057,0.5640661585986584,0.0
point-0000827,24.10621284699872,265.4953642200659,355.36300831206484,-81.94303246547057,0.5640661585986584,0.0
point-0000828,24.12523503642462,265.49999994232275,355.74342385630706,-81.94303246547057,0.5640661585986584,0.0
point-0000829,24.14425726675974,265.49530062894496,356.1238394385625,-81.94303246547057,0.5640661585986584,0.0
point-0000830,24.163279581901605,265.48126909697453,356.50402689949874,-81.94303246547057,0.5640661585986584,0.0
point-0000831,24.182302024316048,265.4579136960085,356.8837581879252,-81.9430324654706,0.5640661585986584,0.0
point-0000832,24.201324628755618,265.4252483242258,357.2628053688302,-81.9430324654706,0.5640661585986584,0.0
point-0000833,24.22034741588539,265.3832924516641,357.6409406314432,-81.94303246547057,0.5640661585986584,0.0
point-0000834,24.239370398057293,265.33207111716047,358.0179365401434,-81.94303246547057,0.5640661585986584,0.0
point-0000835,24.258393603688845,265.2716148589165,358.39356665320577,-81.94303246547057,0.5640661585986584,0.0
point-0000836,24.27741697538891,265.2019600538821,358.76760365200556,-81.94303246547054,0.5640661585986584,0.0
point-0000837,24.2964404356405,265.12314881241093,359.1398207985683,-81.94303246547057,0.5640661585986584,0.0
point-0000838,24.3154638901282,265.0352289847588,359.5099921537052,-81.9430324654706,0.5640661585986584,0.0
point-0000839,24.334487219938516,264.9382542118778,359.8778925807959,-81.94303246547054,0.5640661585986584,0.0
point-0000840,24.353510273460813,264.8322839950886,360.24329775218587,-81.9430324654706,0.5640661585986584,0.0
point-0000841,24.3725328578861,264.71738378557086,360.6059841582444,-81.94303246547062,0.5640661585986584,0.0
point-0000842,24.391554730194006,264.5936250947035,360.96572911911824,-81.9430324654706,0.5640661585986584,0.0
point-0000843,24.410575716072856,264.4610847010093,361.32231319834887,-81.94303246547057,0.5640661585986584,0.0
point-0000844,24.429597286120863,264.31983237543,361.6755494243435,-81.94303246547057,0.5640661585986584,0.0
point-0000845,24.4486196900149,264.169950345042,362.0252294451195,-81.94303246547057,0.5640661585986584,0.0
point-0000846,24.467642626532175,264.01153029754244,362.37113685187217,-81.9430324654706,0.5640661585986584,0.0
point-0000847,24.48666589168209,263.8446687188863,362.71305944596907,-81.9430324654706,0.5640661585986584,0.0
point-0000848,24.505689342588546,263.66946698714725,363.0507886673163,-81.94303246547057,0.5640661585986584,0.0
point-0000849,24.524712830783713,263.4860317976989,363.38411849273956,-81.94303246547057,0.5640661585986584,0.0
point-0000850,24.543736252626594,263.29447457154856,363.71284643580873,-81.94303246547057,0.5640661585986584,0.0
point-0000851,24.562759541468342,263.0949113879086,364.0367735002509,-81.9430324654706,0.5640661585986584,0.0
point-0000852,24.581782660146764,262.8874629251629,364.35570414005485,-81.94303246547057,0.5640661585986584,0.0
point-0000853,24.600805593784596,262.67225440950966,364.66944622595673,-81.94303246547057,0.5640661585986584,0.0
point-0000854,24.61982834286072,262.44941557071894,364.97781101786995,-81.94303246547054,0.5640661585986584,0.0
point-0000855,24.63885091652828,262.219080604511,365.28061314289073,-81.94303246547057,0.5640661585986584,0.0
point-0000856,24.657873328354594,261.98138811405215,365.5776706131812,-81.94303246547057,0.5640661585986584,0.0
point-0000857,24.676895636180262,261.73648052616534,365.86880554993957,-81.94303246547057,0.5640661585986584,0.0
point-0000858,24.695917884674998,261.4845047146597,366.15384338169923,-81.94303246547057,0.5640661585986584,0.0
point-0000859,24.714940114478377,261.22561177243756,366.4326130628782,-81.94303246547062,0.5640661585986584,0.0
point-0000860,24.733962374047145,260.9599567769599,366.704947355648,-81.94303246547057,0.5640661585986584,0.0
point-0000861,24.752984713536016,260.68769878574216,366.97068283703885,-81.94303246547062,0.5640661585986584,0.0
point-0000862,24.77200717863644,260.4090008368954,367.22965991074875,-81.94303246547054,0.5640661585986584,0.0
point-0000863,24.791029804361635,260.12402995475674,367.48172282377936,-81.94303246547057,0.5640661585986584,0.0
point-0000864,24.810052608764963,259.83295716071984,367.7267196880827,-81.94303246547057,0.5640661585986584,0.0
point-0000865,24.82907559388657,259.53595737782473,367.9645026019664,-81.94303246547057,0.5640661585986584,0.0
point-0000866,24.848098768381536,259.23320901572174,368.19492807015575,-81.9430324654706,0.5640661585986584,0.0
point-0000867,24.86712209934359,258.92489463172143,368.41785650929086,-81.9430324654706,0.5640661585986584,0.0
point-0000868,24.886145532771664,258.6112005331508,368.6331526315944,-81.94303246547062,0.5640661585986584,0.0
point-0000869,24.90516899083324,258.2923167478134,368.8406855545177,-81.9430324654706,0.5640661585986584,0.0
point-0000870,24.924192364198493,257.9684370721141,369.0403288598061,-81.9430324654706,0.5640661585986584,0.0
point-0000871,24.943215503966563,257.63975912704103,369.23196066060325,-81.94303246547062,0.5640661585986584,0.0
point-0000872,24.962238213139443,257.3064844226552,369.4154636772731,-81.9430324654706,0.5640661585986584,0.0
point-0000873,24.981260355708773,256.96881632780236,369.590726396896,-81.9430324654706,0.5640661585986584,0.0
point-0000874,25.000281751854033,256.62696177302513,369.75764214781253,-81.9430324654706,0.5640661585986584,0.0
point-0000875,25.01930277484184,256.2811202351626,369.9161140913544,-81.94303246547057,0.5640661585986584,0.0
point-0000876,25.038323839191772,255.93149251773534,370.06605012707746,-81.94303246547057,0.5640661585986584,0.0
point-0000877,25.057344894531337,255.578290073193,370.2073591914067,-81.9430324654706,0.5640661585986584,0.0
point-0000878,25.07636591351983,255.22172613630366,370.3399556629066,-81.9430324654706,0.5640661585986584,0.0
point-0000879,25.09538688464324,254.8620157098638,370.4637593223902,-81.9430324654706,0.5640661585986584,0.0
point-0000880,25.114407806870165,254.49937552043178,370.578695330472,-81.9430324654706,0.5640661585986584,0.0
point-0000881,25.13342872896266,254.1340231220769,370.6846944621469,-81.9430324654706,0.5640661585986584,0.0
point-0000882,25.15244965711491,253.7661785268955,370.7816925905055,-81.9430324654706,0.5640661585986584,0.0
point-0000883,25.171470585033134,253.39606351273548,370.86963095438296,-81.9430324654706,0.5640661585986584,0.0
point-0000884,25.19049152069742,253.02390097146193,370.94845633285206,-81.94303246547057,0.5640661585986584,0.0
point-0000885,25.209512479591034,252.64991489983228,371.01812102347816,-81.94303246547057,0.5640661585986584,0.0
point-0000886,25.22853347800209,252.27433039352331,371.0785828365671,-81.94303246547057,0.5640661585986584,0.0
point-0000887,25.24755452631722,251.8973736443096,371.1298051054048,-81.94303246547057,0.5640661585986584,0.0
point-0000888,25.266575622226817,251.51927194039393,371.1717567124888,-81.94303246547054,0.5640661585986584,0.0
point-0000889,25.285596743762063,251.1402536698895,371.2044121317517,-81.94303246547057,0.5640661585986584,0.0
point-0000890,25.304617842085207,250.76054832745342,371.2277514867766,-81.94303246547057,0.5640661585986584,0.0
point-0000891,25.32363883395628,250.38038652407243,371.2417606250047,-81.9430324654706,0.5640661585986584,0.0
point-0000892,25.34265959380183,250.0,371.2464312079346,-81.9430324654706,0.5640661585986584,0.0
point-0000893,25.54265959380183,250.0,371.2464312079346,-71.94303246547057,0.5640661585986584,0.0
point-0000894,27.977649389212896,250.0,378.4963951714776,49.590404422973506,0.8717386087433815,0.0
point-0000895,28.1776493892129,250.0,378.4963951714776,39.59040442297345,0.8717386087433815,0.0
point-0000896,28.196665579384376,249.61970482190608,378.49172901956763,39.590404422973535,0.8717386087433815,0.0
point-0000897,28.2156818915479,249.239636183455,378.4777332564171,39.59040442297348,0.8717386087433815,0.0
point-0000898,28.234698240699736,248.86002462990893,378.45441625746446,39.590404422973535,0.8717386087433815,0.0
point-0000899,28.25371457708562,248.4810997234204,378.42179210906033,39.590404422973535,0.8717386087433815,0.0
point-0000900,28.272730878808325,248.10309005122957,378.3798805329301,39.590404422973506,0.8717386087433815,0.0
point-0000901,28.29174714476443,247.7262232310364,378.32870682676344,39.590404422973535,0.8717386087433815,0.0
point-0000902,28.31076338783263,247.35072591354714,378.2683018209284,39.590404422973506,0.8717386087433815,0.0
point-0000903,28.329779628233933,246.97682378219508,378.1987018513131,39.590404422973506,0.8717386087433815,0.0
point-0000904,28.348795886982952,246.6047415500361,378.11994874829213,39.590404422973535,0.8717386087433815,0.0
point-0000905,28.36781217934879,246.23470295381856,378.03208984181975,39.59040442297348,0.8717386087433815,0.0
point-0000906,28.38682850824397,245.86693074522762,377.9351779826487,39.590404422973535,0.8717386087433815,0.0
point-0000907,28.40584485746039,245.50164667930414,377.8292715796753,39.590404422973506,0.8717386087433815,0.0
point-0000908,28.42486118467242,245.13907150003794,377.71443465340997,39.590404422973506,0.8717386087433815,0.0
point-0000909,28.443877414136644,244.77942492299061,377.5907369055219,39.590404422973506,0.8717386087433815,0.0
point-0000910,28.462893528420402,244.42292376038168,377.4582530874924,39.590404422973506,0.8717386087433815,0.0
point-0000911,28.481909637544298,244.06978055171902,377.3170623064187,39.59040442297348,0.8717386087433815,0.0
point-0000912,28.50092574431154,243.72020785190756,377.1672495760524,39.59040442297348,0.8717386087433815,0.0
point-0000913,28.51994184752152,243.37441614469736,377.0089051169083,39.590404422973506,0.8717386087433815,0.0
point-0000914,28.53895795166201,243.03261353132677,376.84212424220794,39.590404422973535,0.8717386087433815,0.0
point-0000915,28.5579740599876,242.69500573052258,376.66700735788095,39.590404422973506,0.8717386087433815,0.0
point-0000916,28.576990167605253,242.3617960784999,376.48365996256433,39.590404422973506,0.8717386087433815,0.0
point-0000917,28.59600689330861,242.0331745665878,376.2921860883692,39.59040442297348,0.8717386087433815,0.0
point-0000918,28.61502597104825,241.70931020263262,376.09268169998,39.590404422973506,0.8717386087433815,0.0
point-0000919,28.634047055276206,241.39040557992266,375.8852678631779,39.590404422973506,0.8717386087433815,0.0
point-0000920,28.653069525232613,241.0766645488299,375.6700742045682,39.59040442297348,0.8717386087433815,0.0
point-0000921,28.672092872369216,240.768285440425,375.44723475561165,39.590404422973506,0.8717386087433815,0.0
point-0000922,28.691116687518367,240.4654612562853,375.21688777683454,39.590404422973506,0.8717386087433815,0.0
point-0000923,28.71014064931669,240.16837983633388,374.979175600198,39.590404422973506,0.8717386087433815,0.0
point-0000924,28.729164513731227,239.87722400643878,374.7342444882029,39.590404422973506,0.8717386087433815,0.0
point-0000925,28.748188104547715,239.5921717073639,374.4822445084144,39.590404422973506,0.8717386087433815,0.0
point-0000926,28.76721130469265,239.3133961065218,374.2233294221856,39.59040442297348,0.8717386087433815,0.0
point-0000927,28.786234048271766,239.04106569383978,373.95765658646627,39.590404422973506,0.8717386087433815,0.0
point-0000928,28.805256313218354,238.7753443629093,373.6853868676802,39.590404422973535,0.8717386087433815,0.0
point-0000929,28.824278114454557,238.51639147845086,373.4066845667595,39.590404422973506,0.8717386087433815,0.0
point-0000930,28.843299497477744,238.26436193098496,373.1217173545226,39.590404422973506,0.8717386087433815,0.0
point-0000931,28.862320532292067,238.01940617946053,372.830656216687,39.590404422973535,0.8717386087433815,0.0
point-0000932,28.881341307612054,237.78167028245258,372.5336754079077,39.590404422973506,0.8717386087433815,0.0
point-0000933,28.90036192527101,237.55129591840017,372.23095241433316,39.590404422973506,0.8717386087433815,0.0
point-0000934,28.919382494771224,237.32842039521728,371.9226679242742,39.59040442297348,0.8717386087433815,0.0
point-0000935,28.93840312791639,237.11317664946725,371.6090058066816,39.59040442297348,0.8717386087433815,0.0
point-0000936,28.957423933468533,236.90569323515408,371.29015309722797,39.59040442297348,0.8717386087433815,0.0
point-0000937,28.976445011772174,236.70609430204146,370.9662999918953,39.59040442297348,0.8717386087433815,0.0
point-0000938,28.995466449287893,236.51449956327284,370.637639848066,39.590404422973506,0.8717386087433815,0.0
point-0000939,29.01448831297524,236.33102425192396,370.30436919322005,39.590404422973506,0.8717386087433815,0.0
point-0000940,29.033510644461593,236.15577906598105,369.96668774144257,39.590404422973506,0.8717386087433815,0.0
point-0000941,29.052533453928934,235.98887010109706,369.6247984180444,39.590404422973506,0.8717386087433815,0.0
point-0000942,29.071556713644604,235.83039877033835,369.27890739270333,39.590404422973535,0.8717386087433815,0.0
point-0000943,29.09058035105508,235.6804617099952,368.929224121634,39.590404422973535,0.8717386087433815,0.0
point-0000944,29.109604241353793,235.53915067038892,368.57596139939403,39.590404422973506,0.8717386087433815,0.0
point-0000945,29.12862819942485,235.40655239046845,368.21933542103875,39.590404422973535,0.8717386087433815,0.0
point-0000946,29.147651971054607,235.28274845485026,367.85956585543613,39.59040442297348,0.8717386087433815,0.0
point-0000947,29.16667522329246,235.16781513181417,367.4968759306548,39.59040442297348,0.8717386087433815,0.0
point-0000948,29.18569753383074,235.0618231906292,367.1314925324417,39.590404422973535,0.8717386087433815,0.0
point-0000949,29.204718379261937,234.964837696443,366.7636463169053,39.590404422973535,0.8717386087433815,0.0
point-0000950,29.223737122059376,234.87691778082794,366.3935718386225,39.590404422973535,0.8717386087433815,0.0
point-0000951,29.242754184029152,234.7981117459187,366.0214843929235,39.590404422973506,0.8717386087433815,0.0
point-0000952,29.261773179056938,234.7284522584695,365.64753730501525,39.590404422973506,0.8717386087433815,0.0
point-0000953,29.280794241171503,234.6679836663225,365.2719525995889,39.590404422973506,0.8717386087433815,0.0
point-0000954,29.299816737910025,234.61674695087527,364.89496857889696,39.590404422973506,0.8717386087433815,0.0
point-0000955,29.31884015038841,234.57477609885441,364.5168223948493,39.59040442297348,0.8717386087433815,0.0
point-0000956,29.33786406034083,234.5420983628189,364.13775007256936,39.590404422973506,0.8717386087433815,0.0
point-0000957,29.35688813842904,234.51873449325475,363.75798652976744,39.590404422973506,0.8717386087433815,0.0
point-0000958,29.375912133668145,234.5046989444903,363.37776559226677,39.59040442297348,0.8717386087433815,0.0
point-0000959,29.39493586382754,234.50000005649255,362.9973200059833,39.590404422973535,0.8717386087433815,0.0
point-0000960,29.413959206677408,234.5046402144367,362.61688144562476,39.590404422973535,0.8717386087433815,0.0
point-0000961,29.43298209196257,234.51861598777054,362.23668052033827,39.590404422973506,0.8717386087433815,0.0
point-0000962,29.45200449399611,234.54191825032893,361.8569467764994,39.590404422973506,0.8717386087433815,0.0
point-0000963,29.47102642477503,234.57453228288236,361.47790869780044,39.590404422973535,0.8717386087433815,0.0
point-0000964,29.490047927529364,234.6164378593364,361.0997937027588,39.590404422973506,0.8717386087433815,0.0
point-0000965,29.50906907062405,234.66760931762886,360.7228281397326,39.590404422973506,0.8717386087433815,0.0
point-0000966,29.528089941740053,234.72801561620363,360.34723727949086,39.590404422973506,0.8717386087433815,0.0
point-0000967,29.54711064226686,234.7976203767703,359.9732453053542,39.590404422973535,0.8717386087433815,0.0
point-0000968,29.566131281843248,234.87638191389058,359.6010753008826,39.59040442297348,0.8717386087433815,0.0
point-0000969,29.58515197298644,234.96425325176315,359.2309492350531,39.59040442297348,0.8717386087433815,0.0
point-0000970,29.60417282575196,235.06118212841028,358.8630879448323,39.590404422973506,0.8717386087433815,0.0
point-0000971,29.623193942366996,235.16711098729985,358.4977111150148,39.590404422973535,0.8717386087433815,0.0
point-0000972,29.64221541177969,235.2819769562685,358.1350372551625,39.59040442297348,0.8717386087433815,0.0
point-0000973,29.66123730406473,235.40571181344194,357.77528367344064,39.59040442297348,0.8717386087433815,0.0
point-0000974,29.680259664622277,235.53824193968023,357.4186664471156,39.590404422973506,0.8717386087433815,0.0
point-0000975,29.699282508102964,235.67948825690658,357.0654003894391,39.590404422973506,0.8717386087433815,0.0
point-0000976,29.71830581198568,235.82936615150922,356.7156990126115,39.590404422973506,0.8717386087433815,0.0
point-0000977,29.737329509728223,235.98778538183802,356.3697744864762,39.590404422973535,0.8717386087433815,0.0
point-0000978,29.756353483402737,236.1546499686469,356.0278375925666,39.590404422973535,0.8717386087433815,0.0
point-0000979,29.775377555718972,236.32985806716624,355.69009767308626,39.590404422973506,0.8717386087433815,0.0
point-0000980,29.794401481328528,236.5133018193189,355.3567625743713,39.590404422973506,0.8717386087433815,0.0
point-0000981,29.81342493729266,236.70486718442572,355.0280385843445,39.590404422973535,0.8717386087433815,0.0
point-0000982,29.83244751258495,236.904433746577,354.704130363437,39.590404422973506,0.8717386087433815,0.0
point-0000983,29.85146869648845,237.11187449667784,354.3852408684173,39.590404422973535,0.8717386087433815,0.0
point-0000984,29.870487865734805,237.3270555870059,354.0715712685294,39.59040442297348,0.8717386087433815,0.0
point-0000985,29.889505440632824,237.54985000221862,353.76330205087913,39.590404422973535,0.8717386087433815,0.0
point-0000986,29.908525180764904,237.78016795501227,353.460558188022,39.590404422973506,0.8717386087433815,0.0
point-0000987,29.92754820935494,238.01788750119636,353.16350656951613,39.590404422973535,0.8717386087433815,0.0
point-0000988,29.9465736520976,238.26285777123528,352.87234243123874,39.590404422973506,0.8717386087433815,0.0
point-0000989,29.965600775416394,238.514924008724,352.5872544086322,39.590404422973506,0.8717386087433815,0.0
point-0000990,29.984628971734615,238.77392776415945,352.3084247891147,39.590404422973506,0.8717386087433815,0.0
point-0000991,30.00365774538451,239.03970706000783,352.0360297514472,39.590404422973535,0.8717386087433815,0.0
point-0000992,30.022686699939516,239.31209653983316,351.7702395788239,39.590404422973535,0.8717386087433815,0.0
point-0000993,30.041715526804783,239.59092760271423,351.5112188477618,39.590404422973506,0.8717386087433815,0.0
point-0000994,30.060743994913235,239.8760285241013,351.25912659471544,39.59040442297348,0.8717386087433815,0.0
point-0000995,30.07977194138684,240.16722456418898,351.0141164621939,39.590404422973506,0.8717386087433815,0.0
point-0000996,30.0987992630345,240.4643380648068,350.77633682600947,39.590404422973506,0.8717386087433815,0.0
point-0000997,30.117825908569472,240.76718853575304,350.5459309051371,39.590404422973506,0.8717386087433815,0.0
point-0000998,30.136851871440218,241.075592731423,350.3230368555154,39.590404422973506,0.8717386087433815,0.0
point-0000999,30.155877183178543,241.38936471850735,350.10778784897343,39.590404422973506,0.8717386087433815,0.0
point-0001000,30.174901907178498,241.70831593546094,349.900312138314,39.590404422973506,0.8717386087433815,0.0
point-0001001,30.1939261328277,242.03225524436738,349.70073310944093,39.590404422973506,0.8717386087433815,0.0
point-0001002,30.21294996992021,242.36098897574948,349.5091693212644,39.590404422973506,0.8717386087433815,0.0
point-0001003,30.23197354328634,242.69432096680063,349.32573453397333,39.590404422973506,0.8717386087433815,0.0
point-0001004,30.250996987579835,243.0320525934364,349.15053772611134,39.590404422973506,0.8717386087433815,0.0
point-0001005,30.270020442166636,243.37398279649162,348.9836831007483,39.59040442297348,0.8717386087433815,0.0
point-0001006,30.289044046062084,243.71990810231145,348.82527008088624,39.590404422973506,0.8717386087433815,0.0
point-0001007,30.308067932864535,244.0696226379112,348.67539329409374,39.590404422973506,0.8717386087433815,0.0
point-0001008,30.32709222563336,244.42291814080383,348.5341425462109,39.590404422973506,0.8717386087433815,0.0
point-0001009,30.34611703165781,244.77958396351835,348.4016027838205,39.590404422973506,0.8717386087433815,0.0
point-0001010,30.365142437060545,245.13940707275862,348.27785404503084,39.590404422973506,0.8717386087433815,0.0
point-0001011,30.38416850117566,245.50217204307503,348.1629713979672,39.590404422973506,0.8717386087433815,0.0
point-0001012,30.403195250635708,245.86766104484815,348.057024866221,39.590404422973506,0.8717386087433815,0.0
point-0001013,30.42222267309585,246.23565382630645,347.96007934035595,39.590404422973506,0.8717386087433815,0.0
point-0001014,30.441250710515813,246.6059276892269,347.87219447442203,39.590404422973506,0.8717386087433815,0.0
point-0001015,30.460279251911686,246.97825745789032,347.7934245662792,39.590404422973506,0.8717386087433815,0.0
point-0001016,30.47930812548012,247.35241544078946,347.72381842038527,39.590404422973506,0.8717386087433815,0.0
point-0001017,30.498337089987313,247.7281713845117,347.6634191915506,39.59040442297348,0.8717386087433815,0.0
point-0001018,30.517365825304086,248.10529241914392,347.61226420801773,39.590404422973506,0.8717386087433815,0.0
point-0001019,30.536393921956822,248.4835429944708,347.5703847720711,39.590404422973506,0.8717386087433815,0.0
point-0001020,30.555420869552165,248.86268480616405,347.5378059362366,39.59040442297348,0.8717386087433815,0.0
point-0001021,30.57444604392111,249.24247671108344,347.51454625297924,39.590404422973506,0.8717386087433815,0.0
point-0001022,30.59346869281583,249.62267463073619,347.5006174956603,39.590404422973506,0.8717386087433815,0.0
point-0001023,30.612487919980396,250.00303144186609,347.4960243483674,39.59040442297348,0.8717386087433815,0.0
point-0001024,30.631504580058646,250.38333509760312,347.50076498606256,39.590404422973506,0.8717386087433815,0.0
point-0001025,30.650522310512915,250.76342933012515,347.5148363419312,39.590404422973506,0.8717386087433815,0.0
point-0001026,30.66954086022498,251.14308019140927,347.53823114448096,39.590404422973506,0.8717386087433815,0.0
point-0001027,30.688559890742475,251.5220522370036,347.5709358442688,39.590404422973535,0.8717386087433815,0.0
point-0001028,30.707579140747782,251.9001119825286,347.61293080967334,39.590404422973535,0.8717386087433815,0.0
point-0001029,30.726598416264753,252.27702786261875,347.66419049960643,39.59040442297348,0.8717386087433815,0.0
point-0001030,30.74561758169548,252.65257019648996,347.72468361444714,39.590404422973506,0.8717386087433815,0.0
point-0001031,30.764636551568646,253.0265111596657,347.79437322682793,39.590404422973535,0.8717386087433815,0.0
point-0001032,30.783655282891136,253.39862476145495,347.87321689372783,39.590404422973506,0.8717386087433815,0.0
point-0001033,30.802673768004052,253.76868682783606,347.9611667511572,39.590404422973506,0.8717386087433815,0.0
point-0001034,30.821692027852656,254.13647498946028,348.0581695925419,39.590404422973535,0.8717386087433815,0.0
point-0001035,30.840710105587046,254.50176867455016,348.1641669317444,39.590404422973535,0.8717386087433815,0.0
point-0001036,30.859728060416593,254.86434910652733,348.27909505148335,39.59040442297348,0.8717386087433815,0.0
point-0001037,30.87874596164608,255.2239993062654,348.40288503774303,39.590404422973506,0.8717386087433815,0.0
point-0001038,30.897763882825142,255.58050409892394,348.535462800587,39.590404422973506,0.8717386087433815,0.0
point-0001039,30.916781895944915,255.93365012537953,348.6767490816202,39.590404422973506,0.8717386087433815,0.0
point-0001040,30.9358000656168,256.28322585833115,348.8266594481689,39.590404422973506,0.8717386087433815,0.0
point-0001041,30.954818443167806,256.62902162321654,348.9851042740749,39.590404422973506,0.8717386087433815,0.0
point-0001042,30.973837060585243,256.9708296241373,349.1519887068266,39.590404422973506,0.8717386087433815,0.0
point-0001043,30.9928559242404,257.30844397505126,349.3272126205778,39.590404422973506,0.8717386087433815,0.0
point-0001044,31.011875008316423,257.6416607365495,349.5106705544291,39.590404422973506,0.8717386087433815,0.0
point-0001045,31.030894247860072,257.97027795859816,349.70225163517694,39.590404422973506,0.8717386087433815,0.0
point-0001046,31.049913531369963,258.29409572968285,349.90183948355855,39.590404422973506,0.8717386087433815,0.0
point-0001047,31.06893269282626,258.6129162328573,350.1093121028505,39.590404422973506,0.8717386087433815,0.0
point-0001048,31.087951503057482,258.9265438092542,350.3245417485034,39.590404422973506,0.8717386087433815,0.0
point-0001049,31.106969660330492,259.234785029681,350.5473947773233,39.59040442297348,0.8717386087433815,0.0
point-0001050,31.12598678003884,259.5374487749793,350.7777314745356,39.590404422973506,0.8717386087433815,0.0
point-0001051,31.14500379447055,259.8343681367927,351.0154237708741,39.590404422973506,0.8717386087433815,0.0
point-0001052,31.1640232581696,260.12540312222876,351.2603617977544,39.590404422973506,0.8717386087433815,0.0
point-0001053,31.18304463358408,260.41036817878074,351.5123935529118,39.590404422973506,0.8717386087433815,0.0
point-0001054,31.202067371481693,260.6890818285561,351.7713617445444,39.590404422973506,0.8717386087433815,0.0
point-0001055,31.221091022552937,260.96136842947703,352.0371054688185,39.590404422973506,0.8717386087433815,0.0
point-0001056,31.240115225178002,261.2270579884384,352.30946033377734,39.590404422973506,0.8717386087433815,0.0
point-0001057,31.259139694281206,261.48598599597676,352.588258570457,39.590404422973506,0.8717386087433815,0.0
point-0001058,31.278164211146937,261.7379932812944,352.87332913178636,39.590404422973535,0.8717386087433815,0.0
point-0001059,31.297188614075385,261.9829258865509,353.16449777981677,39.590404422973506,0.8717386087433815,0.0
point-0001060,31.316212789760904,262.2206349594117,353.4615871617964,39.59040442297348,0.8717386087433815,0.0
point-0001061,31.335236665280803,262.4509766629133,353.76441687557394,39.590404422973535,0.8717386087433815,0.0
point-0001062,31.354260200587525,262.6738121017786,354.07280352478585,39.590404422973506,0.8717386087433815,0.0
point-0001063,31.373283381402487,262.8890072643888,354.3865607642508,39.590404422973506,0.8717386087433815,0.0
point-0001064,31.39230621241521,263.0964329796916,354.7054993359642,39.590404422973506,0.8717386087433815,0.0
point-0001065,31.411328710696797,263.2959648883971,355.0294270960551,39.590404422973506,0.8717386087433815,0.0
point-0001066,31.430350899242164,263.48748342788707,355.35814903303805,39.590404422973506,0.8717386087433815,0.0
point-0001067,31.449372800560653,263.67087383033487,355.6914672776605,39.590404422973506,0.8717386087433815,0.0
point-0001068,31.468394430239755,263.84602613360795,356.0291811046171,39.590404422973535,0.8717386087433815,0.0
point-0001069,31.4874157904115,264.0128352045959,356.3710869263714,39.590404422973535,0.8717386087433815,0.0
point-0001070,31.506436863055733,264.17120077468047,356.71697827929404,39.590404422973506,0.8717386087433815,0.0
point-0001071,31.525457673538728,264.3210280268296,357.0666471041633,39.590404422973506,0.8717386087433815,0.0
point-0001072,31.54447923783972,264.4622343817864,357.4199015856671,39.590404422973506,0.8717386087433815,0.0
point-0001073,31.56350172186778,264.5947348744875,357.77653245768056,39.590404422973506,0.8717386087433815,0.0
point-0001074,31.582524927110843,264.71844717208745,358.1363215660627,39.590404422973535,0.8717386087433815,0.0
point-0001075,31.601548701783244,264.8332948592961,358.4990495769157,39.590404422973506,0.8717386087433815,0.0
point-0001076,31.620572932281405,264.9392073379674,358.86449599608073,39.59040442297348,0.8717386087433815,0.0
point-0001077,31.63959753513645,265.0361197460427,359.23243918555147,39.590404422973506,0.8717386087433815,0.0
point-0001078,31.658622449362806,265.12397289507686,359.60265637684984,39.590404422973506,0.8717386087433815,0.0
point-0001079,31.677647629105532,265.2027132257428,359.9749236813823,39.590404422973535,0.8717386087433815,0.0
point-0001080,31.69667303649138,265.2722927808735,360.349016097754,39.59040442297348,0.8717386087433815,0.0
point-0001081,31.71569863459075,265.33266919576533,360.72470751599553,39.590404422973506,0.8717386087433815,0.0
point-0001082,31.734724380398163,265.3838057056302,361.1017707186156,39.590404422973535,0.8717386087433815,0.0
point-0001083,31.753750217739018,265.4256711702496,361.47997737836727,39.59040442297348,0.8717386087433815,0.0
point-0001084,31.772776070009407,265.4582401160474,361.85909805257995,39.590404422973506,0.8717386087433815,0.0
point-0001085,31.79180183265361,265.4814927959634,362.2389021738769,39.590404422973506,0.8717386087433815,0.0
point-0001086,31.81082736528145,265.4954152676723,362.61915803706734,39.590404422973535,0.8717386087433815,0.0
point-0001087,31.829852483323744,265.49999949086015,362.99963278196776,39.590404422973506,0.8717386087433815,0.0
point-0001088,31.848876949119887,265.49524344443245,363.3800923718769,39.590404422973535,0.8717386087433815,0.0
point-0001089,31.867900462326343,265.4811512646928,363.7603015673952,39.590404422973506,0.8717386087433815,0.0
point-0001090,31.886922649528966,265.45773340569707,364.1400238952464,39.590404422973506,0.8717386087433815,0.0
point-0001091,31.905943052935864,265.42500682315034,364.5190216117293,39.590404422973506,0.8717386087433815,0.0
point-0001092,31.924961643904368,265.38299389932405,364.89706610011984,39.590404422973506,0.8717386087433815,0.0
point-0001093,31.943980419398176,265.3317167262329,365.2739695095411,39.59040442297348,0.8717386087433815,0.0
point-0001094,31.962999536660405,265.2712053900837,365.64950793203764,39.590404422973506,0.8717386087433815,0.0
point-0001095,31.98201887598911,265.2014963076565,366.0234527825535,39.59040442297348,0.8717386087433815,0.0
point-0001096,32.001038318958706,265.12263165963304,366.3955764873099,39.590404422973506,0.8717386087433815,0.0
point-0001097,32.02005774035714,265.03465940271525,366.76565247700023,39.59040442297356,0.8717386087433815,0.0
point-0001098,32.039077000023255,264.9376332994126,367.13345518304897,39.590404422973506,0.8717386087433815,0.0
point-0001099,32.058095934491654,264.8316129663505,367.498760036976,39.59040442297348,0.8717386087433815,0.0
point-0001100,32.0771143483453,264.7166639420454,367.86134347291136,39.59040442297348,0.8717386087433815,0.0
point-0001101,32.09613200516864,264.5928577751819,368.2209829332975,39.59040442297348,0.8717386087433815,0.0
point-0001102,32.11514874800258,264.46027119844337,368.5774593040062,39.590404422973506,0.8717386087433815,0.0
point-0001103,32.13416608058036,264.3189737876313,368.93058621751936,39.590404422973506,0.8717386087433815,0.0
point-0001104,32.15318428602819,264.16904752112487,369.28015591013286,39.590404422973535,0.8717386087433815,0.0
point-0001105,32.172203106874996,264.010583699765,369.62595272313314,39.59040442297348,0.8717386087433815,0.0
point-0001106,32.19122233141246,263.84367882901864,369.96776425735015,39.590404422973535,0.8717386087433815,0.0
point-0001107,32.21024178444628,263.6684345394782,370.30538131329627,39.590404422973506,0.8717386087433815,0.0
point-0001108,32.22926131850456,263.4849575252195,370.63859784283284,39.590404422973535,0.8717386087433815,0.0
point-0001109,32.24828080539276,263.2933594991837,370.96721091167717,39.590404422973506,0.8717386087433815,0.0
point-0001110,32.26730012799171,263.0937571648154,371.2910206721291,39.590404422973506,0.8717386087433815,0.0
point-0001111,32.2863191722026,262.8862722032573,371.60983034545404,39.590404422973535,0.8717386087433815,0.0
point-0001112,32.30533781894982,262.67103127546886,371.92344621342465,39.590404422973506,0.8717386087433815,0.0
point-0001113,32.32435618511172,262.44816307573745,372.23168162043635,39.590404422973535,0.8717386087433815,0.0
point-0001114,32.34337461245447,262.2177979382668,372.53435658615814,39.590404422973535,0.8717386087433815,0.0
point-0001115,32.36239302987428,261.9800754142244,372.8312876926874,39.590404422973506,0.8717386087433815,0.0
point-0001116,32.381411394514146,261.7351392196796,373.12229548988836,39.590404422973506,0.8717386087433815,0.0
point-0001117,32.400429695316454,261.48313704859214,373.4072046191384,39.590404422973506,0.8717386087433815,0.0
point-0001118,32.41944794620283,261.2242205196458,373.68584377243394,39.590404422973506,0.8717386087433815,0.0
point-0001119,32.438466179537514,260.95854513321416,373.95804566205527,39.590404422973506,0.8717386087433815,0.0
point-0001120,32.45748443980897,260.686270238364,374.22364700078583,39.590404422973506,0.8717386087433815,0.0
point-0001121,32.47650277746297,260.4075590098689,374.48248849274444,39.59040442297356,0.8717386087433815,0.0
point-0001122,32.49552124281862,260.1225784352728,374.73441483494895,39.590404422973506,0.8717386087433815,0.0
point-0001123,32.51453987999668,259.8314993121106,374.9792747297938,39.59040442297348,0.8717386087433815,0.0
point-0001124,32.53355872078684,259.5344962554604,375.2169209086838,39.590404422973506,0.8717386087433815,0.0
point-0001125,32.55257777837782,259.2317477160685,375.4472101671297,39.590404422973535,0.8717386087433815,0.0
point-0001126,32.57159704087073,258.92343600935715,375.67000341167363,39.590404422973506,0.8717386087433815,0.0
point-0001127,32.590616464492676,258.60974735568936,375.885165719071,39.590404422973506,0.8717386087433815,0.0
point-0001128,32.60963596642352,258.2908719323364,376.0925664082223,39.590404422973506,0.8717386087433815,0.0
point-0001129,32.6286554171448,257.9670039376569,376.29207912540573,39.59040442297348,0.8717386087433815,0.0
point-0001130,32.64767463221549,257.6383416680664,376.4835819434261,39.590404422973535,0.8717386087433815,0.0
point-0001131,32.66669336337496,257.30508760844225,376.66695747535584,39.590404422973535,0.8717386087433815,0.0
point-0001132,32.685711288868994,256.9674485366768,376.8420930036074,39.59040442297345,0.8717386087433815,0.0
point-0001133,32.70472801001106,256.625635514428,377.00888068606366,39.590404422973506,0.8717386087433815,0.0
point-0001134,32.72374422323084,256.2798423797318,377.1672273124407,39.590404422973506,0.8717386087433815,0.0
point-0001135,32.742760568915024,255.93026579801062,377.317043115293,39.59040442297348,0.8717386087433815,0.0
point-0001136,32.76177697402668,255.57711752271572,377.4582371697163,39.590404422973506,0.8717386087433815,0.0
point-0001137,32.780793388825295,255.22061107816532,377.5907240283524,39.590404422973535,0.8717386087433815,0.0
point-0001138,32.79980982969532,254.8609607915546,377.7144239907053,39.590404422973535,0.8717386087433815,0.0
point-0001139,32.81882629466675,254.49838322725384,377.82926251154925,39.590404422973506,0.8717386087433815,0.0
point-0001140,32.83784274005924,254.13309752037856,377.9351701623531,39.590404422973506,0.8717386087433815,0.0
point-0001141,32.8568591491465,253.76532393887825,378.03208310565867,39.590404422973506,0.8717386087433815,0.0
point-0001142,32.87587552518794,253.39528386674863,378.1199430403169,39.59040442297348,0.8717386087433815,0.0
point-0001143,32.89489188469408,253.02319979054025,378.1986971626146,39.590404422973535,0.8717386087433815,0.0
point-0001144,32.913908250853964,252.6492952890265,378.2682981433434,39.59040442297348,0.8717386087433815,0.0
point-0001145,32.932924647044,252.2737950260318,378.32870412080774,39.59040442297348,0.8717386087433815,0.0
point-0001146,32.95194109033732,251.89692474641905,378.37987870977486,39.590404422973506,0.8717386087433815,0.0
point-0001147,32.970957584932584,251.51891127523743,378.4217910263639,39.590404422973506,0.8717386087433815,0.0
point-0001148,32.98997411542171,251.13998252002946,378.4544157288764,39.590404422973506,0.8717386087433815,0.0
point-0001149,33.008990639817426,250.76036747629814,378.47773307456737,39.590404422973506,0.8717386087433815,0.0
point-0001150,33.02800708226304,250.38029623613366,378.49172899235583,39.590404422973506,0.8717386087433815,0.0
point-0001151,33.047023325349215,250.0,378.4963951714776,39.59040442297345,0.8717386087433815,0.0
point-0001152,33.24702332534922,250.0,378.4963951714776,49.590404422973506,0.8717386087433815,0.0
point-0001153,35.682367955845876,250.0,348.39773152579744,167.5790865919275,1.1794110588881046,0.0
point-0001154,35.88236795584588,250.0,348.39773152579744,157.5790865919275,1.1794110588881046,0.0
point-0001155,35.90139270131787,249.61953381723947,348.39305607018036,157.57908659192748,1.1794110588881046,0.0
point-0001156,35.92041783750319,249.23928961473928,348.37903219008354,157.57908659192748,1.1794110588881046,0.0
point-0001157,35.93944316919154,248.8595009614873,348.3556681749795,157.57908659192748,1.1794110588881046,0.0
point-0001158,35.9584685582413,248.48039999541473,348.32297828478886,157.57908659192753,1.1794110588881046,0.0
point-0001159,35.977493914807226,248.10221744462075,348.2809826271655,157.57908659192748,1.1794110588881046,0.0
point-0001160,35.99651918912054,247.7251826447424,348.22970705052853,157.57908659192753,1.1794110588881046,0.0
point-0001161,36.01554436375199,247.3495235524697,348.1691830528439,157.5790865919275,1.1794110588881046,0.0
point-0001162,36.03456944628515,246.97546675520573,348.09944770615414,157.5790865919275,1.1794110588881046,0.0
point-0001163,36.053594462324085,246.60323747687215,348.02054359685684,157.5790865919275,1.1794110588881046,0.0
point-0001164,36.07261944875736,246.23305957985966,347.9325187817313,157.57908659192748,1.1794110588881046,0.0
point-0001165,36.09164444719821,245.8651555631237,347.83542675971444,157.57908659192753,1.1794110588881046,0.0
point-0001166,36.11066949751996,245.4997465564253,347.72932645942444,157.57908659192748,1.1794110588881046,0.0
point-0001167,36.12969463140469,245.1370523107172,347.6142822424336,157.57908659192748,1.1794110588881046,0.0
point-0001168,36.14871986582365,244.77729118467488,347.49036392228965,157.5790865919275,1.1794110588881046,0.0
point-0001169,36.16774519636799,244.42068012737315,347.357646799285,157.57908659192748,1.1794110588881046,0.0
point-0001170,36.18677059035,244.0674346571074,347.21621171097564,157.57908659192748,1.1794110588881046,0.0
point-0001171,36.20579597959663,243.7177688363605,347.06614509844746,157.5790865919275,1.1794110588881046,0.0
point-0001172,36.22482125285932,243.37189524291452,346.907539088332,157.57908659192748,1.1794110588881046,0.0
point-0001173,36.2438462477674,243.03002493710773,346.74049159057006,157.5790865919275,1.1794110588881046,0.0
point-0001174,36.262870822265995,242.69236601404162,346.56510565722635,157.57908659192748,1.1794110588881046,0.0
point-0001175,36.28189527948863,242.35911608857245,346.38148518935543,157.5790865919275,1.1794110588881046,0.0
point-0001176,36.30091973929954,242.03047348108637,346.18974039807415,157.57908659192753,1.1794110588881046,0.0
point-0001177,36.31994419555469,241.70663595585134,345.98998747175926,157.57908659192748,1.1794110588881046,0.0
point-0001178,36.33896865098182,241.38779819930846,345.78234728604787,157.57908659192748,1.1794110588881046,0.0
point-0001179,36.3579931103741,241.07415182007225,345.5669454038381,157.57908659192748,1.1794110588881046,0.0
point-0001180,36.37701757376169,240.76588534893042,345.3439120752882,157.57908659192748,1.1794110588881046,0.0
point-0001181,36.39604203221437,240.46318419709897,345.1133822064057,157.5790865919275,1.1794110588881046,0.0
point-0001182,36.415066483665086,240.16623029531513,344.8754950873435,157.57908659192748,1.1794110588881046,0.0
point-0001183,36.43409093463509,239.8752019657047,344.63039428104514,157.57908659192748,1.1794110588881046,0.0
point-0001184,36.453115385936755,239.5902740453185,344.3782277108653,157.57908659192748,1.1794110588881046,0.0
point-0001185,36.47213983839552,239.31161769456327,344.1191475018062,157.57908659192753,1.1794110588881046,0.0
point-0001186,36.4911643071226,239.0394000945239,343.8533096896577,157.5790865919275,1.1794110588881046,0.0
point-0001187,36.510188837877,238.77378415068407,343.58087386501614,157.5790865919275,1.1794110588881046,0.0
point-0001188,36.52921344438453,238.51492929653676,343.30200395701075,157.57908659192748,1.1794110588881046,0.0
point-0001189,36.54823808113526,238.2629916997189,343.01686860545203,157.5790865919275,1.1794110588881046,0.0
point-0001190,36.567262708309414,238.01812323857246,342.725640151516,157.57908659192748,1.1794110588881046,0.0
point-0001191,36.58628731030787,237.78047119229996,342.4284942321728,157.57908659192753,1.1794110588881046,0.0
point-0001192,36.60531188893809,237.5501782800518,342.12560974694566,157.57908659192748,1.1794110588881046,0.0
point-0001193,36.62433645680883,237.32738268681211,341.8171688341272,157.57908659192748,1.1794110588881046,0.0
point-0001194,36.643361030854024,237.11221807608428,341.5033568564545,157.57908659192748,1.1794110588881046,0.0
point-0001195,36.66238562590586,236.90481358937475,341.1843623962404,157.57908659192748,1.1794110588881046,0.0
point-0001196,36.681410248235935,236.7052938324766,340.86037725996397,157.57908659192745,1.1794110588881046,0.0
point-0001197,36.70043488898432,236.51377884855148,340.53159649231753,157.57908659192748,1.1794110588881046,0.0
point-0001198,36.71945951739666,236.33038407801098,340.19821839971183,157.57908659192748,1.1794110588881046,0.0
point-0001199,36.7384840816063,236.1552202349073,339.86044444361715,157.57908659192748,1.1794110588881046,0.0
point-0001200,36.75750862241436,235.98839221984977,339.5184770846851,157.57908659192748,1.1794110588881046,0.0
point-0001201,36.7765331837617,235.82999998565296,339.1725212003161,157.57908659192748,1.1794110588881046,0.0
point-0001202,36.795557781088824,235.6801387277657,338.8227845497229,157.57908659192748,1.1794110588881046,0.0
point-0001203,36.81458237464468,235.53889895651466,338.46947817983533,157.57908659192753,1.1794110588881046,0.0
point-0001204,36.83360694840125,235.40636578387833,338.1128148640898,157.57908659192748,1.1794110588881046,0.0
point-0001205,36.85263150315926,235.2826189679864,337.7530090844629,157.57908659192748,1.1794110588881046,0.0
point-0001206,36.871656049848525,235.1677329420944,337.3902770184037,157.57908659192748,1.1794110588881046,0.0
point-0001207,36.89068060294361,235.0617768280342,337.02483653066275,157.57908659192748,1.1794110588881046,0.0
point-0001208,36.90970517391467,234.9648144341397,336.65690717001934,157.57908659192753,1.1794110588881046,0.0
point-0001209,36.92872976463295,234.8769042376483,336.2867101709067,157.57908659192748,1.1794110588881046,0.0
point-0001210,36.947754360650755,234.79809935157763,335.9144684599343,157.57908659192748,1.1794110588881046,0.0
point-0001211,36.966778924276866,234.7284474760776,335.5404066673052,157.57908659192748,1.1794110588881046,0.0
point-0001212,36.9858034424041,234.66799067296873,335.16475005422984,157.57908659192748,1.1794110588881046,0.0
point-0001213,37.00482791847278,234.61676541217204,334.7877245265379,157.57908659192748,1.1794110588881046,0.0
point-0001214,37.02385238708103,234.57480256851528,334.4095562014725,157.57908659192748,1.1794110588881046,0.0
point-0001215,37.04287685417034,234.54212756144878,334.03047245989814,157.5790865919275,1.1794110588881046,0.0
point-0001216,37.061901320789595,234.51876024660476,333.65070134375594,157.5790865919275,1.1794110588881046,0.0
point-0001217,37.08092578849242,234.50471488169305,333.2704713130181,157.57908659192753,1.1794110588881046,0.0
point-0001218,37.09995025781889,234.50000012549947,332.8900111385773,157.5790865919275,1.1794110588881046,0.0
point-0001219,37.118974768140134,234.50461904630518,332.5095489686367,157.5790865919275,1.1794110588881046,0.0
point-0001220,37.137999318905294,234.51856914053212,332.1293137682705,157.57908659192748,1.1794110588881046,0.0
point-0001221,37.15702391071635,234.54184228595665,331.7495343610708,157.57908659192748,1.1794110588881046,0.0
point-0001222,37.176048502456275,234.57442467112992,331.37044014517613,157.57908659192753,1.1794110588881046,0.0
point-0001223,37.195073075802554,234.6162968569819,330.9922596638512,157.57908659192748,1.1794110588881046,0.0
point-0001224,37.21409762997431,234.66743382739466,330.6152205745903,157.57908659192748,1.1794110588881046,0.0
point-0001225,37.23312217492094,234.72780502285602,330.23954965086966,157.57908659192753,1.1794110588881046,0.0
point-0001226,37.25214672463733,234.7973743578904,329.8654727812462,157.57908659192748,1.1794110588881046,0.0
point-0001227,37.27117129052467,234.87610022226656,329.4932149658024,157.57908659192753,1.1794110588881046,0.0
point-0001228,37.29019587471571,234.96393546598227,329.1230003099362,157.57908659192753,1.1794110588881046,0.0
point-0001229,37.30922046328299,235.06082736802605,328.7550520154978,157.5790865919275,1.1794110588881046,0.0
point-0001230,37.32824501960556,235.16671759097966,328.38959236247024,157.57908659192748,1.1794110588881046,0.0
point-0001231,37.34726960151631,235.28154289759092,328.02684033185824,157.57908659192753,1.1794110588881046,0.0
point-0001232,37.36629421865922,235.4052344463704,327.6670142297835,157.5790865919275,1.1794110588881046,0.0
point-0001233,37.38531891195336,235.53771829350626,327.3103300386248,157.57908659192748,1.1794110588881046,0.0
point-0001234,37.404343650189084,235.6789147148831,326.9570032259351,157.5790865919275,1.1794110588881046,0.0
point-0001235,37.42336837973989,235.82873849272562,326.6072476407252,157.5790865919275,1.1794110588881046,0.0
point-0001236,37.44239307575786,235.9870993539835,326.26127443214955,157.57908659192748,1.1794110588881046,0.0
point-0001237,37.461417735070675,236.1539020259857,325.9192920738321,157.57908659192748,1.1794110588881046,0.0
point-0001238,37.48044236933811,236.3290462777078,325.5815063803924,157.57908659192748,1.1794110588881046,0.0
point-0001239,37.49946699838859,236.51242694665225,325.24812051617357,157.57908659192748,1.1794110588881046,0.0
point-0001240,37.51849164365514,236.7039339513418,324.91933499617306,157.57908659192748,1.1794110588881046,0.0
point-0001241,37.53751632162931,236.90345228942587,324.5953476791735,157.57908659192748,1.1794110588881046,0.0
point-0001242,37.556541037251634,237.11086202139975,324.2763537530768,157.57908659192748,1.1794110588881046,0.0
point-0001243,37.57556577715743,237.32603823993728,323.96254571243867,157.5790865919275,1.1794110588881046,0.0
point-0001244,37.594590502698026,237.548851024836,323.6541133282057,157.57908659192748,1.1794110588881046,0.0
point-0001245,37.61361514265896,237.77916538357584,323.3512436096541,157.57908659192748,1.1794110588881046,0.0
point-0001246,37.63263968460085,238.01684244333512,323.0541192355214,157.57908659192748,1.1794110588881046,0.0
point-0001247,37.65166418062679,238.26173969184174,322.7629184159995,157.57908659192748,1.1794110588881046,0.0
point-0001248,37.67068869123486,238.51371044267313,322.47781572875147,157.57908659192748,1.1794110588881046,0.0
point-0001249,37.68971319808086,238.77260274744037,322.19898330806524,157.57908659192748,1.1794110588881046,0.0
point-0001250,37.70873769271611,239.03826061820223,321.92658937613396,157.57908659192748,1.1794110588881046,0.0
point-0001251,37.72776217901851,239.31052414852772,321.660798101479,157.57908659192748,1.1794110588881046,0.0
point-0001252,37.7467866665629,239.58922951788676,321.401769594127,157.57908659192748,1.1794110588881046,0.0
point-0001253,37.765811163957345,239.87420899604092,321.14965990078804,157.5790865919275,1.1794110588881046,0.0
point-0001254,37.784835672184236,240.16529094743404,320.9046210000331,157.57908659192748,1.1794110588881046,0.0
point-0001255,37.80386017798504,240.4622998355831,320.66680079747175,157.5790865919275,1.1794110588881046,0.0
point-0001256,37.82288465491342,240.76505634487256,320.43634302467524,157.57908659192753,1.1794110588881046,0.0
point-0001257,37.84190911356683,241.07337825660798,320.213386505224,157.57908659192748,1.1794110588881046,0.0
point-0001258,37.86093357348202,241.3870801281361,319.9980654290942,157.57908659192748,1.1794110588881046,0.0
point-0001259,37.87995803039407,241.7059728922968,319.7905096792696,157.57908659192748,1.1794110588881046,0.0
point-0001260,37.89898248334219,242.02986440708523,319.59084443282416,157.57908659192748,1.1794110588881046,0.0
point-0001261,37.91800693705353,242.35855960401568,319.3991900482647,157.57908659192748,1.1794110588881046,0.0
point-0001262,37.937031394982235,242.69186048812176,319.2156620655305,157.57908659192745,1.1794110588881046,0.0
point-0001263,37.956055852357366,243.0295661379563,319.0403712059938,157.5790865919275,1.1794110588881046,0.0
point-0001264,37.97508037339036,243.37147422218413,318.87342264459363,157.5790865919275,1.1794110588881046,0.0
point-0001265,37.99410517432629,243.71738269921246,318.71491540254874,157.57908659192748,1.1794110588881046,0.0
point-0001266,38.013130208634,244.0670824155733,318.56494580382633,157.57908659192748,1.1794110588881046,0.0
point-0001267,38.03215533592196,244.42036012892072,318.42360563055195,157.57908659192748,1.1794110588881046,0.0
point-0001268,38.051180462721256,244.77700120842027,318.29098089566054,157.57908659192748,1.1794110588881046,0.0
point-0001269,38.070205534585035,245.13678966491256,318.16715193966195,157.5790865919275,1.1794110588881046,0.0
point-0001270,38.08923052863884,245.49950817743232,318.0521935116351,157.5790865919275,1.1794110588881046,0.0
point-0001271,38.108255446508224,245.8649381160836,317.94617483445023,157.57908659192748,1.1794110588881046,0.0
point-0001272,38.12728030754737,246.23285956127086,317.8491596542208,157.57908659192748,1.1794110588881046,0.0
point-0001273,38.146305142290245,246.60305131928573,317.7612062739826,157.57908659192748,1.1794110588881046,0.0
point-0001274,38.16532998604398,246.97529093424995,317.68236757160315,157.57908659192748,1.1794110588881046,0.0
point-0001275,38.184354872543466,247.34935469641394,317.61269100191817,157.57908659192748,1.1794110588881046,0.0
point-0001276,38.20337982758542,247.72501764681147,317.55221858309756,157.57908659192748,1.1794110588881046,0.0
point-0001277,38.22240486256047,248.10205357827013,317.5009868672399,157.57908659192748,1.1794110588881046,0.0
point-0001278,38.241429967802446,248.48023503277756,317.45902689519517,157.57908659192745,1.1794110588881046,0.0
point-0001279,38.26045510567566,248.85933329520392,317.42636413561684,157.57908659192748,1.1794110588881046,0.0
point-0001280,38.279480203322414,249.2391183833798,317.4030184082415,157.5790865919275,1.1794110588881046,0.0
point-0001281,38.29850514499596,249.6193590345304,317.38900379139835,157.57908659192748,1.1794110588881046,0.0
point-0001282,38.31752977030083,249.9998228159557,317.3843285138819,157.5790865919275,1.1794110588881046,0.0
point-0001283,38.33655469969196,250.38029278437762,317.3889952540771,157.5790865919275,1.1794110588881046,0.0
point-0001284,38.3555802330485,250.76054557022954,317.40300191864134,157.57908659192748,1.1794110588881046,0.0
point-0001285,38.37460611554843,251.14034682077013,317.4263405571676,157.57908659192748,1.1794110588881046,0.0
point-0001286,38.39363215622815,251.5194637304714,317.45899723117276,157.57908659192748,1.1794110588881046,0.0
point-0001287,38.412658219229236,251.89766501864545,317.5009521468796,157.57908659192748,1.1794110588881046,0.0
point-0001288,38.43168421559848,252.27472091041267,317.5521797724404,157.57908659192748,1.1794110588881046,0.0
point-0001289,38.45071009557831,252.65040312109423,317.6126489396267,157.57908659192748,1.1794110588881046,0.0
point-0001290,38.469735841321324,253.02448484411192,317.68232293000494,157.57908659192748,1.1794110588881046,0.0
point-0001291,38.4887614599598,253.39674074247847,317.76115954562215,157.57908659192753,1.1794110588881046,0.0
point-0001292,38.50778697695875,253.7669469439616,317.8491111642222,157.57908659192748,1.1794110588881046,0.0
point-0001293,38.52681242967913,254.1348810400046,317.9461247790158,157.57908659192748,1.1794110588881046,0.0
point-0001294,38.54583786107653,254.50032208848643,318.05214202302494,157.5790865919275,1.1794110588881046,0.0
point-0001295,38.56486331345971,254.86305062040523,318.16709917802615,157.57908659192753,1.1794110588881046,0.0
point-0001296,38.58388882223327,255.22284865056704,318.29092716811226,157.57908659192748,1.1794110588881046,0.0
point-0001297,38.60291440954847,255.57949969236392,318.423551537896,157.57908659192748,1.1794110588881046,0.0
point-0001298,38.621940077787414,255.93278877672404,318.564892415378,157.5790865919275,1.1794110588881046,0.0
point-0001299,38.64096580280654,256.28250247531673,318.7148644594994,157.57908659192748,1.1794110588881046,0.0
point-0001300,38.65999152686735,256.628428928096,318.87337679240375,157.5790865919275,1.1794110588881046,0.0
point-0001301,38.67901715916739,256.9703580178206,319.04033298835515,157.57908659192748,1.1794110588881046,0.0
point-0001302,38.698042803199336,257.30808555228356,319.21563320169724,157.5790865919275,1.1794110588881046,0.0
point-0001303,38.717068493837175,257.6414086014909,319.3991720438148,157.57908659192748,1.1794110588881046,0.0
point-0001304,38.736094165068195,257.9701251275057,319.5908381906459,157.57908659192748,1.1794110588881046,0.0
point-0001305,38.75511972945368,258.29403557774026,319.7905150804037,157.5790865919275,1.1794110588881046,0.0
point-0001306,38.77414507036836,258.6129429137722,319.99808085261316,157.57908659192748,1.1794110588881046,0.0
point-0001307,38.79317003392965,258.9266526432245,320.2134082801514,157.57908659192748,1.1794110588881046,0.0
point-0001308,38.81219454219285,259.2349748093549,320.4363661410473,157.57908659192753,1.1794110588881046,0.0
point-0001309,38.83121901047669,259.53773060555886,320.66682456518936,157.5790865919275,1.1794110588881046,0.0
point-0001310,38.850243507633145,259.8347387675082,320.90464539808227,157.5790865919275,1.1794110588881046,0.0
point-0001311,38.86926800721844,260.12581998022983,321.1496849079349,157.57908659192748,1.1794110588881046,0.0
point-0001312,38.88829249597219,260.4107987078191,321.4017951888801,157.57908659192748,1.1794110588881046,0.0
point-0001313,38.90731697487555,260.68950331531045,321.66082426211483,157.5790865919275,1.1794110588881046,0.0
point-0001314,38.92634145253597,260.9617660730679,321.926616080723,157.57908659192753,1.1794110588881046,0.0
point-0001315,38.94536593852831,261.227423161176,322.19901053449735,157.5790865919275,1.1794110588881046,0.0
point-0001316,38.96439043673112,261.48631467382984,322.47784345476197,157.57908659192748,1.1794110588881046,0.0
point-0001317,38.98341493869704,261.7382846237266,322.76294661919457,157.57908659192748,1.1794110588881046,0.0
point-0001318,39.002439426081445,261.98318106309557,323.054147893368,157.57908659192748,1.1794110588881046,0.0
point-0001319,39.021463959381464,262.22085730612326,323.3512726994911,157.57908659192748,1.1794110588881046,0.0
point-0001320,39.04048859068343,262.45117084095426,323.65414282701107,157.57908659192753,1.1794110588881046,0.0
point-0001321,39.05951330757505,262.6739827957259,323.96257559753553,157.57908659192748,1.1794110588881046,0.0
point-0001322,39.078538038838225,262.8891581784909,324.27638400167143,157.57908659192748,1.1794110588881046,0.0
point-0001323,39.09756274582128,263.0965670696304,324.59537826837965,157.57908659192748,1.1794110588881046,0.0
point-0001324,39.11658741515719,263.2960845624109,324.9193659030371,157.57908659192748,1.1794110588881046,0.0
point-0001325,39.13561205178478,263.48759071792836,325.24815171770024,157.5790865919275,1.1794110588881046,0.0
point-0001326,39.154636672194535,263.6709705344391,325.5815378535706,157.57908659192753,1.1794110588881046,0.0
point-0001327,39.17366129781902,263.8461139310778,325.91932379566197,157.57908659192748,1.1794110588881046,0.0
point-0001328,39.192685948486854,264.01291574596235,326.2613063796695,157.57908659192748,1.1794110588881046,0.0
point-0001329,39.21171063585869,264.17127574868573,326.6072797910407,157.57908659192748,1.1794110588881046,0.0
point-0001330,39.23073535676374,264.32109866719486,326.9570355562475,157.5790865919275,1.1794110588881046,0.0
point-0001331,39.249760086356325,264.4622942290565,327.31036252626103,157.5790865919275,1.1794110588881046,0.0
point-0001332,39.26878477101298,264.59477721711016,327.66704685222794,157.57908659192748,1.1794110588881046,0.0
point-0001333,39.28780937951954,264.71846790779523,328.0268730666272,157.57908659192748,1.1794110588881046,0.0
point-0001334,39.30683395280194,264.8332923579193,328.3896251873443,157.5790865919275,1.1794110588881046,0.0
point-0001335,39.32585850047584,264.93918172640986,328.7550849078598,157.57908659192753,1.1794110588881046,0.0
point-0001336,39.34488308039865,265.03607277673416,329.12303324779737,157.57908659192748,1.1794110588881046,0.0
point-0001337,39.36390765594846,265.12390717203124,329.49324792733194,157.57908659192748,1.1794110588881046,0.0
point-0001338,39.38293221319569,265.20263219183596,329.86550574476223,157.57908659192745,1.1794110588881046,0.0
point-0001339,39.40195675427157,265.2722006866907,330.2395825948651,157.57908659192753,1.1794110588881046,0.0
point-0001340,39.42098129057649,265.33257104690557,330.61525347775915,157.5790865919275,1.1794110588881046,0.0
point-0001341,39.44000583610511,265.38370718754146,330.99229250511445,157.57908659192748,1.1794110588881046,0.0
point-0001342,39.459030400807265,265.4255785496162,331.3704729037084,157.57908659192748,1.1794110588881046,0.0
point-0001343,39.478054983903235,265.4581601175338,331.7495670163271,157.5790865919275,1.1794110588881046,0.0
point-0001344,39.49707956707231,265.48143245273616,332.12934630001314,157.5790865919275,1.1794110588881046,0.0
point-0001345,39.516104109199055,265.4953817442745,332.509581356943,157.5790865919275,1.1794110588881046,0.0
point-0001346,39.535128610883596,265.4999998704091,332.8900433637834,157.57908659192748,1.1794110588881046,0.0
point-0001347,39.55415307157085,265.4952843280418,333.27050335568333,157.57908659192748,1.1794110588881046,0.0
point-0001348,39.57317753063175,265.48123818592546,333.6507331847547,157.57908659192753,1.1794110588881046,0.0
point-0001349,39.59220198860933,265.4578701033061,334.0305040804944,157.5790865919275,1.1794110588881046,0.0
point-0001350,39.611226447056694,265.4251943383424,334.40958758326155,157.57908659192748,1.1794110588881046,0.0
point-0001351,39.630250907022905,265.38323074710325,334.78775565147026,157.5790865919275,1.1794110588881046,0.0
point-0001352,39.64927537444787,265.33200474946943,335.164780904587,157.5790865919275,1.1794110588881046,0.0
point-0001353,39.66829988393205,265.27154722067604,335.54043722578723,157.57908659192753,1.1794110588881046,0.0
point-0001354,39.68732443890847,265.2018946310745,335.9144987094795,157.57908659192748,1.1794110588881046,0.0
point-0001355,39.70634902628203,265.1230890428334,336.28674009508245,157.57908659192753,1.1794110588881046,0.0
point-0001356,39.725373608358964,265.0351781564863,336.65693675274235,157.57908659192748,1.1794110588881046,0.0
point-0001357,39.744398170689664,264.9382150854232,337.02486575621975,157.5790865919275,1.1794110588881046,0.0
point-0001358,39.763422715143996,264.8322583072408,337.39030587147136,157.57908659192748,1.1794110588881046,0.0
point-0001359,39.78244725319133,264.7173716306181,337.7530375501271,157.57908659192748,1.1794110588881046,0.0
point-0001360,39.80147179930605,264.5936241777166,338.1128429278647,157.5790865919275,1.1794110588881046,0.0
point-0001361,39.82049636441838,264.46109038210454,338.4695058276818,157.57908659192748,1.1794110588881046,0.0
point-0001362,39.83952094933009,264.3198500022057,338.82281176806646,157.57908659192748,1.1794110588881046,0.0
point-0001363,39.858545538014845,264.16998815027296,339.1725479760647,157.57908659192748,1.1794110588881046,0.0
point-0001364,39.87757009072397,264.01159533688565,339.51850340524624,157.57908659192748,1.1794110588881046,0.0
point-0001365,39.896594599426074,263.84476695854755,339.8604698724965,157.57908659192748,1.1794110588881046,0.0
point-0001366,39.915619099442864,263.66960309480345,340.1982423716639,157.5790865919275,1.1794110588881046,0.0
point-0001367,39.93464365140427,263.486208501922,340.5316188168949,157.57908659192748,1.1794110588881046,0.0
point-0001368,39.953668217508714,263.29469375451475,340.8603979946273,157.57908659192748,1.1794110588881046,0.0
point-0001369,39.972692775505216,263.09517418679366,341.1843817363201,157.57908659192748,1.1794110588881046,0.0
point-0001370,39.99171731951005,262.8877697907263,341.50337503770544,157.57908659192748,1.1794110588881046,0.0
point-0001371,40.01074185314967,262.6726051912746,341.81718604328796,157.57908659192748,1.1794110588881046,0.0
point-0001372,40.02976638283164,262.4498096283719,342.1256260358293,157.5790865919275,1.1794110588881046,0.0
point-0001373,40.04879091112277,262.2195169456367,342.428509430816,157.57908659192748,1.1794110588881046,0.0
point-0001374,40.067815432379035,261.9818655591562,342.7256538100592,157.57908659192748,1.1794110588881046,0.0
point-0001375,40.08683997188769,261.7369979072809,343.01688065372514,157.57908659192748,1.1794110588881046,0.0
point-0001376,40.10586452859664,261.4850610946877,343.3020145620019,157.5790865919275,1.1794110588881046,0.0
point-0001377,40.124889083511505,261.2262066999859,343.5808834886091,157.57908659192748,1.1794110588881046,0.0
point-0001378,40.14391361069036,260.96059057572074,343.8533190374679,157.57908659192745,1.1794110588881046,0.0
point-0001379,40.162938079022894,260.68837275073525,344.1191566079774,157.57908659192748,1.1794110588881046,0.0
point-0001380,40.181962534802985,260.4097161238441,344.3782366175904,157.57908659192748,1.1794110588881046,0.0
point-0001381,40.200986992900674,260.1247878837221,344.63040303158186,157.57908659192748,1.1794110588881046,0.0
point-0001382,40.22001144804435,259.8337592828832,344.87550364541084,157.57908659192748,1.1794110588881046,0.0
point-0001383,40.239035892886236,259.5368052797698,345.1133904265729,157.57908659192748,1.1794110588881046,0.0
point-0001384,40.25806034306918,259.23410406217477,345.34391993611973,157.5790865919275,1.1794110588881046,0.0
point-0001385,40.27708479913338,258.9258375210515,345.56695291807364,157.5790865919275,1.1794110588881046,0.0
point-0001386,40.29610925140019,258.6121910794504,345.78235445774277,157.57908659192748,1.1794110588881046,0.0
point-0001387,40.3151336993748,258.29335327636227,345.9899942988557,157.5790865919275,1.1794110588881046,0.0
point-0001388,40.33415814778273,257.9695157211849,346.18974687768065,157.5790865919275,1.1794110588881046,0.0
point-0001389,40.353182599739746,257.6408730937229,346.3814913230261,157.5790865919275,1.1794110588881046,0.0
point-0001390,40.372207049941196,257.30762314418763,346.56511145624046,157.5790865919275,1.1794110588881046,0.0
point-0001391,40.39123159981911,256.96996452305433,346.740496902607,157.57908659192753,1.1794110588881046,0.0
point-0001392,40.410256519743164,256.62809544578636,346.9075434986652,157.57908659192748,1.1794110588881046,0.0
point-0001393,40.429281736527834,256.28222277913795,347.06614881997245,157.57908659192748,1.1794110588881046,0.0
point-0001394,40.44830708335483,255.9325576529908,347.2162148997888,157.5790865919275,1.1794110588881046,0.0
point-0001395,40.46733244512193,255.57931270767762,347.3576495658306,157.5790865919275,1.1794110588881046,0.0
point-0001396,40.486357750358565,255.22270206114047,347.4903663413912,157.57908659192748,1.1794110588881046,0.0
point-0001397,40.50538296360191,254.86294127993105,347.6142843622176,157.57908659192748,1.1794110588881046,0.0
point-0001398,40.52440807816088,254.50024735405364,347.729328309144,157.57908659192748,1.1794110588881046,0.0
point-0001399,40.54343310919226,254.1348386756501,347.835428356483,157.57908659192748,1.1794110588881046,0.0
point-0001400,40.562458087010896,253.76693502152747,347.9325201361719,157.5790865919275,1.1794110588881046,0.0
point-0001401,40.58148305055415,253.39675753952787,348.02054471767735,157.5790865919275,1.1794110588881046,0.0
point-0001402,40.60050804091932,253.02452873874066,348.0994486036557,157.5790865919275,1.1794110588881046,0.0
point-0001403,40.619533094892574,252.6504724835571,348.16918374137055,157.57908659192753,1.1794110588881046,0.0
point-0001404,40.63855823838737,252.2748139915673,348.22970754986727,157.57908659192748,1.1794110588881046,0.0
point-0001405,40.65758347971137,251.89777983529947,348.28098296290364,157.57908659192748,1.1794110588881046,0.0
point-0001406,40.67660880258176,251.51959794780169,348.32297848763756,157.5790865919275,1.1794110588881046,0.0
point-0001407,40.695634158810684,251.14049763206597,348.3556682790717,157.5790865919275,1.1794110588881046,0.0
point-0001408,40.71465946058495,250.76070957429454,348.37903223025495,157.57908659192748,1.1794110588881046,0.0
point-0001409,40.73368457226699,250.38046586100873,348.39305607823974,157.57908659192748,1.1794110588881046,0.0
point-0001410,40.75270930164765,250.0,348.39773152579744,157.5790865919275,1.1794110588881046,0.0
point-0001411,40.95270930164765,250.0,348.39773152579744,167.5790865919275,1.1794110588881046,0.0
point-0001412,41.48266556253806,250.0,339.8706932237718,192.66740486833146,1.230689800578889,0.0
point-0001413,41.68266556253806,250.0,339.8706932237718,182.6674048683315,1.230689800578889,0.0
point-0001414,41.71040321894275,249.44533574226182,339.86076375663754,182.66740486833152,1.230689800578889,0.0
point-0001415,41.73777879360062,248.89861317011415,339.83138239785933,182.6674048683315,1.230689800578889,0.0
point-0001416,41.76510818160784,248.35418868321855,339.7828009445239,182.66740486833146,1.230689800578889,0.0
point-0001417,41.79243731834444,247.81181951604063,339.7150634187225,182.66740486833152,1.230689800578889,0.0
point-0001418,41.81976622077996,247.27217913702071,339.6282542909574,182.66740486833152,1.230689800578889,0.0
point-0001419,41.84709490588568,246.7359376164787,339.5224816882201,182.66740486833152,1.230689800578889,0.0
point-0001420,41.87442339063446,246.20376079641144,339.3978772595314,182.66740486833152,1.230689800578889,0.0
point-0001421,41.901751692000644,245.67630946554044,339.2545960123749,182.66740486833152,1.230689800578889,0.0
point-0001422,41.9290798269599,245.15423854062976,339.09281612022676,182.6674048683315,1.230689800578889,0.0
point-0001423,41.95640781248914,244.63819625508512,338.9127387014193,182.66740486833152,1.230689800578889,0.0
point-0001424,41.98373566556635,244.1288233558375,338.7145875696134,182.66740486833154,1.230689800578889,0.0
point-0001425,42.0110634031705,243.62675230950322,338.49860895618735,182.6674048683315,1.230689800578889,0.0
point-0001426,42.03839104228142,243.13260651880148,338.2650712048873,182.66740486833152,1.230689800578889,0.0
point-0001427,42.06571859987963,242.64699955019813,338.0142644391148,182.66740486833152,1.230689800578889,0.0
point-0001428,42.09304609294627,242.17053437372925,337.74650020226574,182.66740486833152,1.230689800578889,0.0
point-0001429,42.12037353846294,241.70380261594485,337.4621110715623,182.66740486833152,1.230689800578889,0.0
point-0001430,42.147700953411615,241.2473838268949,337.16145024585836,182.66740486833152,1.230689800578889,0.0
point-0001431,42.17502835477447,240.80184476206438,336.844891107926,182.66740486833152,1.230689800578889,0.0
point-0001432,42.20235575953377,240.36773868014438,336.5128267617645,182.66740486833152,1.230689800578889,0.0
point-0001433,42.2296831846718,239.94560465750664,336.16566954550444,182.66740486833152,1.230689800578889,0.0
point-0001434,42.257010647170645,239.53596692022978,335.80385052050855,182.66740486833152,1.230689800578889,0.0
point-0001435,42.28433816401214,239.13933419450166,335.4278189372999,182.66740486833152,1.230689800578889,0.0
point-0001436,42.311665752177724,238.75619907620165,335.0380416789787,182.66740486833146,1.230689800578889,0.0
point-0001437,42.33899342864831,238.38703742044146,334.63500268281484,182.66740486833146,1.230689800578889,0.0
point-0001438,42.36632121040415,238.0323077518194,334.2192023407307,182.6674048683315,1.230689800578889,0.0
point-0001439,42.39364911442475,237.69245069611702,333.7911568794151,182.66740486833146,1.230689800578889,0.0
point-0001440,42.4209771576887,237.36788843414072,333.3513977208347,182.66740486833152,1.230689800578889,0.0
point-0001441,42.44830535717356,237.0590241783837,332.90047082393295,182.66740486833152,1.230689800578889,0.0
point-0001442,42.47563372985577,236.76624167315506,332.43893600832837,182.66740486833157,1.230689800578889,0.0
point-0001443,42.50296229271049,236.4899047187946,331.9673662608503,182.66740486833152,1.230689800578889,0.0
point-0001444,42.53029106271147,236.23035672056156,331.4863470257674,182.66740486833154,1.230689800578889,0.0
point-0001445,42.55762005683096,235.9879202627552,330.9964754795845,182.66740486833152,1.230689800578889,0.0
point-0001446,42.58494929203956,235.76289670859452,330.4983597913075,182.66740486833152,1.230689800578889,0.0
point-0001447,42.6122787853061,235.55556582635157,329.99261836908596,182.66740486833152,1.230689800578889,0.0
point-0001448,42.639817573307106,235.36487835696332,329.47590546345657,182.66740486833152,1.230689800578889,0.0
point-0001449,42.66755523057759,235.1915625121046,328.9489209567935,182.66740486833146,1.230689800578889,0.0
point-0001450,42.69517562442564,235.03787102049247,328.4183237574657,182.66740486833152,1.230689800578889,0.0
point-0001451,42.72250517133986,234.9045971988966,327.88822966931536,182.66740486833157,1.230689800578889,0.0
point-0001452,42.7498344568026,234.7900891084358,327.35377309036755,182.66740486833154,1.230689800578889,0.0
point-0001453,42.777163497782325,234.6944885814295,326.8156177860319,182.66740486833152,1.230689800578889,0.0
point-0001454,42.80449231124928,234.61791399266474,326.2744320964945,182.66740486833154,1.230689800578889,0.0
point-0001455,42.831820914175395,234.5604601132191,325.7308881084917,182.6674048683315,1.230689800578889,0.0
point-0001456,42.85914932353414,234.5221979934976,325.18566082246684,182.66740486833154,1.230689800578889,0.0
point-0001457,42.8864775563004,234.50317487562754,324.63942731613713,182.66740486833157,1.230689800578889,0.0
point-0001458,42.91380562945036,234.503414135319,324.09286590550647,182.66740486833152,1.230689800578889,0.0
point-0001459,42.94113355996137,234.52291525326197,323.54665530435994,182.66740486833157,1.230689800578889,0.0
point-0001460,42.96846136481183,234.56165381609554,323.00147378327955,182.66740486833157,1.230689800578889,0.0
point-0001461,42.99578906098107,234.61958154694673,322.45799832921955,182.66740486833157,1.230689800578889,0.0
point-0001462,43.0231166654492,234.69662636550123,321.9169038066816,182.66740486833157,1.230689800578889,0.0
point-0001463,43.05044419519702,234.79269247753155,321.3788621215247,182.66740486833152,1.230689800578889,0.0
point-0001464,43.07777166720586,234.90766049377112,320.8445413884444,182.66740486833152,1.230689800578889,0.0
point-0001465,43.10509909845749,235.04138757798785,320.3146051031498,182.66740486833157,1.230689800578889,0.0
point-0001466,43.13242650593396,235.19370762407323,319.7897113202617,182.66740486833157,1.230689800578889,0.0
point-0001467,43.15975390661752,235.3644314619285,319.27051183794686,182.66740486833152,1.230689800578889,0.0
point-0001468,43.187081317490446,235.553347091893,318.75765139029835,182.66740486833157,1.230689800578889,0.0
point-0001469,43.214408755534954,235.76021994742524,318.2517668484565,182.66740486833157,1.230689800578889,0.0
point-0001470,43.241736237733065,235.98479318571168,317.7534864314615,182.66740486833152,1.230689800578889,0.0
point-0001471,43.26906378106645,236.2267880058444,317.26342892781105,182.66740486833152,1.230689800578889,0.0
point-0001472,43.29639140251636,236.48590399417455,316.7822029286843,182.66740486833152,1.230689800578889,0.0
point-0001473,43.32371911906346,236.76181949641452,316.3104060737827,182.66740486833152,1.230689800578889,0.0
point-0001474,43.35104694768772,237.05419201602973,315.8486243107165,182.66740486833157,1.230689800578889,0.0
point-0001475,43.37837490536828,237.36265863842746,315.3974311688551,182.66740486833152,1.230689800578889,0.0
point-0001476,43.405703009083346,237.68683648041903,314.9573870485374,182.6674048683315,1.230689800578889,0.0
point-0001477,43.433031275810045,238.02632316439983,314.52903852652054,182.66740486833152,1.230689800578889,0.0
point-0001478,43.460359722524316,238.38069731666195,314.1129176785276,182.66740486833152,1.230689800578889,0.0
point-0001479,43.48768836620077,238.74951908922367,313.70954141972913,182.66740486833154,1.230689800578889,0.0
point-0001480,43.51501722381258,239.13233070453137,313.3194108639762,182.66740486833154,1.230689800578889,0.0
point-0001481,43.54234631233133,239.528657022361,312.9430107025761,182.66740486833157,1.230689800578889,0.0
point-0001482,43.56967564872695,239.93800612821929,312.5808086033787,182.66740486833157,1.230689800578889,0.0
point-0001483,43.597005249967516,240.35986994251755,312.23325463091817,182.66740486833152,1.230689800578889,0.0
point-0001484,43.6247072491047,240.7997970972796,311.8964692378537,182.66740486833157,1.230689800578889,0.0
point-0001485,43.652444906086586,241.25207788770442,311.5752323586654,182.66740486833152,1.230689800578889,0.0
point-0001486,43.67990208768881,241.71087786213576,311.27346868941936,182.66740486833157,1.230689800578889,0.0
point-0001487,43.707231527986345,242.17789230633085,310.989467225156,182.66740486833154,1.230689800578889,0.0
point-0001488,43.73456071361956,242.65462111462327,310.722103431246,182.66740486833157,1.230689800578889,0.0
point-0001489,43.761889661557646,243.14047210912818,310.4717090037928,182.66740486833157,1.230689800578889,0.0
point-0001490,43.789218388771545,243.63484180765158,310.2385945820284,182.66740486833154,1.230689800578889,0.0
point-0001491,43.81654691223381,244.13711617168764,310.0230493638414,182.66740486833154,1.230689800578889,0.0
point-0001492,43.8438752489185,244.64667136746374,309.82534074784746,182.66740486833152,1.230689800578889,0.0
point-0001493,43.87120341580103,245.1628745390927,309.64571400244495,182.66740486833157,1.230689800578889,0.0
point-0001494,43.89853142985806,245.68508459287597,309.48439196226343,182.66740486833157,1.230689800578889,0.0
point-0001495,43.92585930806739,246.21265299178827,309.3415747523808,182.66740486833152,1.230689800578889,0.0
point-0001496,43.9531870674078,246.74492455916237,309.2174395406478,182.66740486833157,1.230689800578889,0.0
point-0001497,43.980514724858935,247.28123829057947,309.1121403184273,182.66740486833154,1.230689800578889,0.0
point-0001498,44.00784229740121,247.82092817296243,309.02580771001766,182.66740486833157,1.230689800578889,0.0
point-0001499,44.03516980201565,248.36332400985944,308.9585488109958,182.66740486833157,1.230689800578889,0.0
point-0001500,44.06249725568377,248.9077522518977,308.9104470556797,182.66740486833157,1.230689800578889,0.0
point-0001501,44.089824675387476,249.45353683138106,308.88156211387366,182.66740486833152,1.230689800578889,0.0
point-0001502,44.11715207810891,250.0000000000001,308.8719298170235,182.66740486833154,1.230689800578889,0.0
point-0001503,44.14447948083034,250.54646316861917,308.88156211387366,182.66740486833157,1.230689800578889,0.0
point-0001504,44.171806900534044,251.09224774810252,308.9104470556797,182.66740486833157,1.230689800578889,0.0
point-0001505,44.199134354202165,251.6366759901408,308.9585488109958,182.66740486833154,1.230689800578889,0.0
point-0001506,44.226461858816606,252.1790718270378,309.0258077100177,182.66740486833154,1.230689800578889,0.0
point-0001507,44.25378943135888,252.71876170942076,309.11214031842735,182.66740486833154,1.230689800578889,0.0
point-0001508,44.28111708881002,253.25507544083786,309.21743954064783,182.66740486833157,1.230689800578889,0.0
point-0001509,44.30844484815043,253.78734700821195,309.34157475238084,182.66740486833152,1.230689800578889,0.0
point-0001510,44.33577272635976,254.31491540712426,309.48439196226354,182.66740486833152,1.230689800578889,0.0
point-0001511,44.36310074041679,254.8371254609075,309.64571400244506,182.66740486833157,1.230689800578889,0.0
point-0001512,44.39042890729932,255.3533286325365,309.8253407478476,182.66740486833154,1.230689800578889,0.0
point-0001513,44.417757243984006,255.8628838283126,310.0230493638415,182.66740486833157,1.230689800578889,0.0
point-0001514,44.44508576744627,256.36515819234864,310.2385945820285,182.66740486833152,1.230689800578889,0.0
point-0001515,44.47241449466017,256.859527890872,310.47170900379285,182.66740486833152,1.230689800578889,0.0
point-0001516,44.49974344259826,257.34537888537693,310.7221034312461,182.66740486833157,1.230689800578889,0.0
point-0001517,44.52707262823147,257.82210769366935,310.98946722515615,182.66740486833157,1.230689800578889,0.0
point-0001518,44.554402068529,258.2891221378644,311.2734686894195,182.66740486833154,1.230689800578889,0.0
point-0001519,44.58185925013121,258.74792211229544,311.5752323586653,182.6674048683315,1.230689800578889,0.0
point-0001520,44.609596907113094,259.20020290272026,311.8964692378536,182.66740486833152,1.230689800578889,0.0
point-0001521,44.6372989062503,259.6401300574826,312.23325463091834,182.66740486833154,1.230689800578889,0.0
point-0001522,44.66462850749087,260.0619938717809,312.58080860337884,182.66740486833152,1.230689800578889,0.0
point-0001523,44.691957843886485,260.4713429776392,312.9430107025762,182.66740486833157,1.230689800578889,0.0
point-0001524,44.71928693240525,260.86766929546883,313.3194108639764,182.66740486833157,1.230689800578889,0.0
point-0001525,44.74661579001705,261.2504809107765,313.70954141972925,182.66740486833154,1.230689800578889,0.0
point-0001526,44.77394443369351,261.6193026833382,314.11291767852777,182.66740486833152,1.230689800578889,0.0
point-0001527,44.80127288040778,261.9736768356003,314.5290385265207,182.66740486833152,1.230689800578889,0.0
point-0001528,44.82860114713448,262.3131635195811,314.95738704853756,182.6674048683315,1.230689800578889,0.0
point-0001529,44.85592925084954,262.6373413615727,315.39743116885535,182.66740486833157,1.230689800578889,0.0
point-0001530,44.883257208530104,262.94580798397044,315.8486243107167,182.66740486833152,1.230689800578889,0.0
point-0001531,44.910585037154355,263.2381805035856,316.3104060737829,182.66740486833152,1.230689800578889,0.0
point-0001532,44.937912753701454,263.5140960058256,316.7822029286845,182.66740486833157,1.230689800578889,0.0
point-0001533,44.96524037515136,263.7732119941557,317.2634289278112,182.66740486833152,1.230689800578889,0.0
point-0001534,44.992567918484745,264.01520681428843,317.75348643146174,182.66740486833152,1.230689800578889,0.0
point-0001535,45.019895400682856,264.2397800525749,318.2517668484567,182.66740486833157,1.230689800578889,0.0
point-0001536,45.047222838727365,264.44665290810707,318.75765139029863,182.66740486833154,1.230689800578889,0.0
point-0001537,45.07455024960029,264.6355685380716,319.27051183794714,182.66740486833154,1.230689800578889,0.0
point-0001538,45.10187765028385,264.80629237592683,319.78971132026186,182.66740486833157,1.230689800578889,0.0
point-0001539,45.12920505776033,264.9586124220122,320.31460510315003,182.66740486833152,1.230689800578889,0.0
point-0001540,45.15653248901196,265.09233950622894,320.8445413884446,182.66740486833152,1.230689800578889,0.0
point-0001541,45.183859961020794,265.2073075224685,321.3788621215249,182.66740486833152,1.230689800578889,0.0
point-0001542,45.21118749076861,265.30337363449877,321.91690380668183,182.66740486833157,1.230689800578889,0.0
point-0001543,45.23851509523674,265.38041845305327,322.4579983292198,182.66740486833157,1.230689800578889,0.0
point-0001544,45.26584279140598,265.43834618390446,323.0014737832797,182.66740486833154,1.230689800578889,0.0
point-0001545,45.293170596256445,265.47708474673806,323.54665530436023,182.66740486833157,1.230689800578889,0.0
point-0001546,45.32049852676746,265.49658586468104,324.09286590550676,182.66740486833152,1.230689800578889,0.0
point-0001547,45.34782659991741,265.49682512437244,324.63942731613736,182.66740486833152,1.230689800578889,0.0
point-0001548,45.37515483268367,265.4778020065024,325.18566082246707,182.66740486833152,1.230689800578889,0.0
point-0001549,45.402483242042415,265.4395398867809,325.73088810849197,182.66740486833152,1.230689800578889,0.0
point-0001550,45.429811844968526,265.3820860073352,326.2744320964947,182.66740486833152,1.230689800578889,0.0
point-0001551,45.45714065843548,265.30551141857046,326.81561778603213,182.6674048683315,1.230689800578889,0.0
point-0001552,45.4844696994152,265.20991089156416,327.3537730903678,182.66740486833146,1.230689800578889,0.0
point-0001553,45.51179898487794,265.0954028011033,327.8882296693156,182.66740486833157,1.230689800578889,0.0
point-0001554,45.539128531792166,264.9621289795075,328.4183237574659,182.66740486833152,1.230689800578889,0.0
point-0001555,45.56674892564019,264.80843748789545,328.9489209567933,182.66740486833146,1.230689800578889,0.0
point-0001556,45.594486582910676,264.63512164303677,329.47590546345634,182.66740486833152,1.230689800578889,0.0
point-0001557,45.62202537091169,264.4444341736484,329.992618369086,182.6674048683315,1.230689800578889,0.0
point-0001558,45.649354864178235,264.23710329140545,330.4983597913076,182.66740486833152,1.230689800578889,0.0
point-0001559,45.67668409938683,264.01207973724473,330.9964754795846,182.66740486833152,1.230689800578889,0.0
point-0001560,45.70401309350632,263.7696432794384,331.4863470257674,182.66740486833152,1.230689800578889,0.0
point-0001561,45.7313418635073,263.51009528120534,331.96736626085044,182.66740486833146,1.230689800578889,0.0
point-0001562,45.758670426362016,263.2337583268449,332.43893600832837,182.66740486833154,1.230689800578889,0.0
point-0001563,45.78599879904423,262.94097582161623,332.900470823933,182.66740486833152,1.230689800578889,0.0
point-0001564,45.81332699852909,262.63211156585925,333.35139772083477,182.66740486833152,1.230689800578889,0.0
point-0001565,45.840655041793035,262.307549303883,333.7911568794151,182.66740486833146,1.230689800578889,0.0
point-0001566,45.86798294581363,261.9676922481806,334.2192023407307,182.66740486833152,1.230689800578889,0.0
point-0001567,45.89531072756947,261.61296257955854,334.63500268281484,182.66740486833146,1.230689800578889,0.0
point-0001568,45.92263840404006,261.24380092379835,335.0380416789787,182.66740486833146,1.230689800578889,0.0
point-0001569,45.94996599220564,260.86066580549834,335.4278189372999,182.66740486833152,1.230689800578889,0.0
point-0001570,45.977293509047136,260.4640330797703,335.80385052050855,182.66740486833152,1.230689800578889,0.0
point-0001571,46.00462097154598,260.05439534249336,336.16566954550444,182.66740486833152,1.230689800578889,0.0
point-0001572,46.031948396684,259.6322613198557,336.51282676176436,182.66740486833154,1.230689800578889,0.0
point-0001573,46.05927580144331,259.1981552379357,336.84489110792595,182.66740486833146,1.230689800578889,0.0
point-0001574,46.08660320280616,258.7526161731052,337.1614502458583,182.66740486833152,1.230689800578889,0.0
point-0001575,46.11393061775483,258.29619738405523,337.4621110715622,182.66740486833152,1.230689800578889,0.0
point-0001576,46.14125806327151,257.82946562627086,337.7465002022657,182.66740486833152,1.230689800578889,0.0
point-0001577,46.168585556338144,257.353000449802,338.01426443911475,182.66740486833152,1.230689800578889,0.0
point-0001578,46.19591311393635,256.86739348119863,338.2650712048872,182.66740486833146,1.230689800578889,0.0
point-0001579,46.223240753047264,256.37324769049695,338.4986089561873,182.66740486833152,1.230689800578889,0.0
point-0001580,46.25056849065142,255.87117664416266,338.7145875696133,182.66740486833152,1.230689800578889,0.0
point-0001581,46.27789634372863,255.36180374491508,338.91273870141924,182.66740486833152,1.230689800578889,0.0
point-0001582,46.30522432925787,254.84576145937044,339.0928161202267,182.66740486833152,1.230689800578889,0.0
point-0001583,46.33255246421712,254.32369053445976,339.25459601237486,182.66740486833146,1.230689800578889,0.0
point-0001584,46.359880765583306,253.79623920358878,339.39787725953136,182.66740486833152,1.230689800578889,0.0
point-0001585,46.387209250332084,253.26406238352152,339.5224816882201,182.66740486833152,1.230689800578889,0.0
point-0001586,46.4145379354378,252.72782086297954,339.6282542909574,182.66740486833152,1.230689800578889,0.0
point-0001587,46.44186683787332,252.18818048395966,339.7150634187224,182.66740486833152,1.230689800578889,0.0
point-0001588,46.46919597460992,251.64581131678173,339.78280094452384,182.66740486833146,1.230689800578889,0.0
point-0001589,46.49652536261714,251.10138682988614,339.83138239785933,182.6674048683315,1.230689800578889,0.0
point-0001590,46.523900937275,250.55466425773866,339.86076375663754,182.66740486833152,1.230689800578889,0.0
point-0001591,46.55163859367971,250.0,339.8706932237718,182.6674048683315,1.230689800578889,0.0
