; 5AxisSclicer T08 Tube Thin-Wall Indexed
; MACHINE_PROFILE {"id":"builtin.machine.own_ac_fdm.v1","name":"\u81ea\u6709 AC \u4e94\u8f74\u6253\u5370\u673a / Own AC FDM","reference_only":true,"version":1}
; CONTROLLER_AXIS_MAP {"A":"A","C":"C","X":"X","Y":"Y","Z":"Z"}
G21 ; millimetres
G90 ; absolute axes
M82 ; absolute extrusion
G92 E0 ; known initial extrusion position
; T08 POINT 1 point-0000001 approach
G1 A0.000000 C0.000000 X250.000000 Y265.500000 Z-288.000000 F3000.000000
; T08 EVENT event-0000001 prime
G1 E1.0 F1200.000000
; T08 POINT 2 point-0000002 deposition
G1 A0.000000 C0.000000 X249.445336 Y265.490071 Z-288.000000 E24.063954947086668 F1200.000000
; T08 POINT 3 point-0000003 deposition
G1 A0.000000 C0.000000 X248.898613 Y265.460689 Z-288.000000 E46.826837699240298 F1200.000000
; T08 POINT 4 point-0000004 deposition
G1 A0.000000 C0.000000 X248.354189 Y265.412108 Z-288.000000 E69.551316095456118 F1200.000000
; T08 POINT 5 point-0000005 deposition
G1 A0.000000 C0.000000 X247.811820 Y265.344370 Z-288.000000 E92.275585559297115 F1200.000000
; T08 POINT 6 point-0000006 deposition
G1 A0.000000 C0.000000 X247.272179 Y265.257561 Z-288.000000 E114.999660201004085 F1200.000000
; T08 POINT 7 point-0000007 deposition
G1 A0.000000 C0.000000 X246.735938 Y265.151788 Z-288.000000 E137.723554132246891 F1200.000000
; T08 POINT 8 point-0000008 deposition
G1 A0.000000 C0.000000 X246.203761 Y265.027184 Z-288.000000 E160.447281466020469 F1200.000000
; T08 POINT 9 point-0000009 deposition
G1 A0.000000 C0.000000 X245.676309 Y264.883903 Z-288.000000 E183.170856316541869 F1200.000000
; T08 POINT 10 point-0000010 deposition
G1 A0.000000 C0.000000 X245.154239 Y264.722123 Z-288.000000 E205.894292799146094 F1200.000000
; T08 POINT 11 point-0000011 deposition
G1 A0.000000 C0.000000 X244.638196 Y264.542045 Z-288.000000 E228.617605030183171 F1200.000000
; T08 POINT 12 point-0000012 deposition
G1 A0.000000 C0.000000 X244.128823 Y264.343894 Z-288.000000 E251.340807126914551 F1200.000000
; T08 POINT 13 point-0000013 deposition
G1 A0.000000 C0.000000 X243.626752 Y264.127916 Z-288.000000 E274.063913207409121 F1200.000000
; T08 POINT 14 point-0000014 deposition
G1 A0.000000 C0.000000 X243.132607 Y263.894378 Z-288.000000 E296.786937390440335 F1200.000000
; T08 POINT 15 point-0000015 deposition
G1 A0.000000 C0.000000 X242.647000 Y263.643571 Z-288.000000 E319.509893795382331 F1200.000000
; T08 POINT 16 point-0000016 deposition
G1 A0.000000 C0.000000 X242.170534 Y263.375807 Z-288.000000 E342.232796542106188 F1200.000000
; T08 POINT 17 point-0000017 deposition
G1 A0.000000 C0.000000 X241.703803 Y263.091418 Z-288.000000 E364.955659750876391 F1200.000000
; T08 POINT 18 point-0000018 deposition
G1 A0.000000 C0.000000 X241.247384 Y262.790757 Z-288.000000 E387.678497542248076 F1200.000000
; T08 POINT 19 point-0000019 deposition
G1 A0.000000 C0.000000 X240.801845 Y262.474198 Z-288.000000 E410.401324036962128 F1200.000000
; T08 POINT 20 point-0000020 deposition
G1 A0.000000 C0.000000 X240.367739 Y262.142134 Z-288.000000 E433.124153355842500 F1200.000000
; T08 POINT 21 point-0000021 deposition
G1 A0.000000 C0.000000 X239.945605 Y261.794976 Z-288.000000 E455.846999619692860 F1200.000000
; T08 POINT 22 point-0000022 deposition
G1 A0.000000 C0.000000 X239.535967 Y261.433157 Z-288.000000 E478.569876949191888 F1200.000000
; T08 POINT 23 point-0000023 deposition
G1 A0.000000 C0.000000 X239.139334 Y261.057126 Z-288.000000 E501.292799464790904 F1200.000000
; T08 POINT 24 point-0000024 deposition
G1 A0.000000 C0.000000 X238.756199 Y260.667348 Z-288.000000 E524.015781286609524 F1200.000000
; T08 POINT 25 point-0000025 deposition
G1 A0.000000 C0.000000 X238.387037 Y260.264309 Z-288.000000 E546.738836534332627 F1200.000000
; T08 POINT 26 point-0000026 deposition
G1 A0.000000 C0.000000 X238.032308 Y259.848509 Z-288.000000 E569.461979327106274 F1200.000000
; T08 POINT 27 point-0000027 deposition
G1 A0.000000 C0.000000 X237.692451 Y259.420464 Z-288.000000 E592.185223783434527 F1200.000000
; T08 POINT 28 point-0000028 deposition
G1 A0.000000 C0.000000 X237.367888 Y258.980704 Z-288.000000 E614.908584021075889 F1200.000000
; T08 POINT 29 point-0000029 deposition
G1 A0.000000 C0.000000 X237.059024 Y258.529778 Z-288.000000 E637.632074156939375 F1200.000000
; T08 POINT 30 point-0000030 deposition
G1 A0.000000 C0.000000 X236.766242 Y258.068243 Z-288.000000 E660.355708306981719 F1200.000000
; T08 POINT 31 point-0000031 deposition
G1 A0.000000 C0.000000 X236.489905 Y257.596673 Z-288.000000 E683.079500586103067 F1200.000000
; T08 POINT 32 point-0000032 deposition
G1 A0.000000 C0.000000 X236.230357 Y257.115654 Z-288.000000 E705.803465108044045 F1200.000000
; T08 POINT 33 point-0000033 deposition
G1 A0.000000 C0.000000 X235.987920 Y256.625782 Z-288.000000 E728.527615985282052 F1200.000000
; T08 POINT 34 point-0000034 deposition
G1 A0.000000 C0.000000 X235.762897 Y256.127667 Z-288.000000 E751.251967328927422 F1200.000000
; T08 POINT 35 point-0000035 deposition
G1 A0.000000 C0.000000 X235.555566 Y255.621925 Z-288.000000 E773.976533248621057 F1200.000000
; T08 POINT 36 point-0000036 deposition
G1 A0.000000 C0.000000 X235.364878 Y255.105212 Z-288.000000 E796.875128446637551 F1200.000000
; T08 POINT 37 point-0000037 deposition
G1 A0.000000 C0.000000 X235.191563 Y254.578228 Z-288.000000 E819.939084113638991 F1200.000000
; T08 POINT 38 point-0000038 deposition
G1 A0.000000 C0.000000 X235.037871 Y254.047631 Z-288.000000 E842.905534848974227 F1200.000000
; T08 POINT 39 point-0000039 deposition
G1 A0.000000 C0.000000 X234.904597 Y253.517536 Z-288.000000 E865.630145376897597 F1200.000000
; T08 POINT 40 point-0000040 deposition
G1 A0.000000 C0.000000 X234.790089 Y252.983080 Z-288.000000 E888.354538507030411 F1200.000000
; T08 POINT 41 point-0000041 deposition
G1 A0.000000 C0.000000 X234.694489 Y252.444925 Z-288.000000 E911.078728348706465 F1200.000000
; T08 POINT 42 point-0000042 deposition
G1 A0.000000 C0.000000 X234.617914 Y251.903739 Z-288.000000 E933.802729012750908 F1200.000000
; T08 POINT 43 point-0000043 deposition
G1 A0.000000 C0.000000 X234.560460 Y251.360195 Z-288.000000 E956.526554611375920 F1200.000000
; T08 POINT 44 point-0000044 deposition
G1 A0.000000 C0.000000 X234.522198 Y250.814968 Z-288.000000 E979.250219258077616 F1200.000000
; T08 POINT 45 point-0000045 deposition
G1 A0.000000 C0.000000 X234.503175 Y250.268734 Z-288.000000 E1001.973737067532766 F1200.000000
; T08 POINT 46 point-0000046 deposition
G1 A0.000000 C0.000000 X234.503414 Y249.722173 Z-288.000000 E1024.697122155494749 F1200.000000
; T08 POINT 47 point-0000047 deposition
G1 A0.000000 C0.000000 X234.522915 Y249.175962 Z-288.000000 E1047.420388638690667 F1200.000000
; T08 POINT 48 point-0000048 deposition
G1 A0.000000 C0.000000 X234.561654 Y248.630781 Z-288.000000 E1070.143550634717222 F1200.000000
; T08 POINT 49 point-0000049 deposition
G1 A0.000000 C0.000000 X234.619582 Y248.087305 Z-288.000000 E1092.866622261937710 F1200.000000
; T08 POINT 50 point-0000050 deposition
G1 A0.000000 C0.000000 X234.696626 Y247.546211 Z-288.000000 E1115.589617639378325 F1200.000000
; T08 POINT 51 point-0000051 deposition
G1 A0.000000 C0.000000 X234.792692 Y247.008169 Z-288.000000 E1138.312550886624065 F1200.000000
; T08 POINT 52 point-0000052 deposition
G1 A0.000000 C0.000000 X234.907660 Y246.473848 Z-288.000000 E1161.035436123716119 F1200.000000
; T08 POINT 53 point-0000053 deposition
G1 A0.000000 C0.000000 X235.041388 Y245.943912 Z-288.000000 E1183.758287471047629 F1200.000000
; T08 POINT 54 point-0000054 deposition
G1 A0.000000 C0.000000 X235.193708 Y245.419018 Z-288.000000 E1206.481119049260219 F1200.000000
; T08 POINT 55 point-0000055 deposition
G1 A0.000000 C0.000000 X235.364431 Y244.899819 Z-288.000000 E1229.203944979140911 F1200.000000
; T08 POINT 56 point-0000056 deposition
G1 A0.000000 C0.000000 X235.553347 Y244.386958 Z-288.000000 E1251.926779381517556 F1200.000000
; T08 POINT 57 point-0000057 deposition
G1 A0.000000 C0.000000 X235.760220 Y243.881074 Z-288.000000 E1274.649636377156264 F1200.000000
; T08 POINT 58 point-0000058 deposition
G1 A0.000000 C0.000000 X235.984793 Y243.382793 Z-288.000000 E1297.372530086657510 F1200.000000
; T08 POINT 59 point-0000059 deposition
G1 A0.000000 C0.000000 X236.226788 Y242.892736 Z-288.000000 E1320.095474630351963 F1200.000000
; T08 POINT 60 point-0000060 deposition
G1 A0.000000 C0.000000 X236.485904 Y242.411510 Z-288.000000 E1342.818484128198059 F1200.000000
; T08 POINT 61 point-0000061 deposition
G1 A0.000000 C0.000000 X236.761819 Y241.939713 Z-288.000000 E1365.541572699677464 F1200.000000
; T08 POINT 62 point-0000062 deposition
G1 A0.000000 C0.000000 X237.054192 Y241.477931 Z-288.000000 E1388.264754463691820 F1200.000000
; T08 POINT 63 point-0000063 deposition
G1 A0.000000 C0.000000 X237.362659 Y241.026738 Z-288.000000 E1410.988043538459608 F1200.000000
; T08 POINT 64 point-0000064 deposition
G1 A0.000000 C0.000000 X237.686836 Y240.586694 Z-288.000000 E1433.711454041411604 F1200.000000
; T08 POINT 65 point-0000065 deposition
G1 A0.000000 C0.000000 X238.026323 Y240.158345 Z-288.000000 E1456.435000089088928 F1200.000000
; T08 POINT 66 point-0000066 deposition
G1 A0.000000 C0.000000 X238.380697 Y239.742224 Z-288.000000 E1479.158695797037074 F1200.000000
; T08 POINT 67 point-0000067 deposition
G1 A0.000000 C0.000000 X238.749519 Y239.338848 Z-288.000000 E1501.882555279705814 F1200.000000
; T08 POINT 68 point-0000068 deposition
G1 A0.000000 C0.000000 X239.132331 Y238.948718 Z-288.000000 E1524.606592650342437 F1200.000000
; T08 POINT 69 point-0000069 deposition
G1 A0.000000 C0.000000 X239.528657 Y238.572317 Z-288.000000 E1547.330822020890177 F1200.000000
; T08 POINT 70 point-0000070 deposition
G1 A0.000000 C0.000000 X239.938006 Y238.210115 Z-288.000000 E1570.055257501883822 F1200.000000
; T08 POINT 71 point-0000071 deposition
G1 A0.000000 C0.000000 X240.359870 Y237.862561 Z-288.000000 E1592.779913202347099 F1200.000000
; T08 POINT 72 point-0000072 deposition
G1 A0.000000 C0.000000 X240.799797 Y237.525776 Z-288.000000 E1615.814219011125029 F1200.000000
; T08 POINT 73 point-0000073 deposition
G1 A0.000000 C0.000000 X241.252078 Y237.204539 Z-288.000000 E1638.878174438154783 F1200.000000
; T08 POINT 74 point-0000074 deposition
G1 A0.000000 C0.000000 X241.710878 Y236.902775 Z-288.000000 E1661.708913640060353 F1200.000000
; T08 POINT 75 point-0000075 deposition
G1 A0.000000 C0.000000 X242.177892 Y236.618774 Z-288.000000 E1684.433435515847053 F1200.000000
; T08 POINT 76 point-0000076 deposition
G1 A0.000000 C0.000000 X242.654621 Y236.351410 Z-288.000000 E1707.157745637391320 F1200.000000
; T08 POINT 77 point-0000077 deposition
G1 A0.000000 C0.000000 X243.140472 Y236.101016 Z-288.000000 E1729.881858114635795 F1200.000000
; T08 POINT 78 point-0000078 deposition
G1 A0.000000 C0.000000 X243.634842 Y235.867901 Z-288.000000 E1752.605787058972650 F1200.000000
; T08 POINT 79 point-0000079 deposition
G1 A0.000000 C0.000000 X244.137116 Y235.652356 Z-288.000000 E1775.329546583140358 F1200.000000
; T08 POINT 80 point-0000080 deposition
G1 A0.000000 C0.000000 X244.646671 Y235.454648 Z-288.000000 E1798.053150801119658 F1200.000000
; T08 POINT 81 point-0000081 deposition
G1 A0.000000 C0.000000 X245.162875 Y235.275021 Z-288.000000 E1820.776613828030266 F1200.000000
; T08 POINT 82 point-0000082 deposition
G1 A0.000000 C0.000000 X245.685085 Y235.113699 Z-288.000000 E1843.499949780027556 F1200.000000
; T08 POINT 83 point-0000083 deposition
G1 A0.000000 C0.000000 X246.212653 Y234.970882 Z-288.000000 E1866.223172774198856 F1200.000000
; T08 POINT 84 point-0000084 deposition
G1 A0.000000 C0.000000 X246.744925 Y234.846746 Z-288.000000 E1888.946296928459960 F1200.000000
; T08 POINT 85 point-0000085 deposition
G1 A0.000000 C0.000000 X247.281238 Y234.741447 Z-288.000000 E1911.669336361451725 F1200.000000
; T08 POINT 86 point-0000086 deposition
G1 A0.000000 C0.000000 X247.820928 Y234.655114 Z-288.000000 E1934.392305192436203 F1200.000000
; T08 POINT 87 point-0000087 deposition
G1 A0.000000 C0.000000 X248.363324 Y234.587856 Z-288.000000 E1957.115217541193590 F1200.000000
; T08 POINT 88 point-0000088 deposition
G1 A0.000000 C0.000000 X248.907752 Y234.539754 Z-288.000000 E1979.838087527918012 F1200.000000
; T08 POINT 89 point-0000089 deposition
G1 A0.000000 C0.000000 X249.453537 Y234.510869 Z-288.000000 E2002.560929273114534 F1200.000000
; T08 POINT 90 point-0000090 deposition
G1 A0.000000 C0.000000 X250.000000 Y234.501237 Z-288.000000 E2025.283756897495261 F1200.000000
; T08 POINT 91 point-0000091 deposition
G1 A0.000000 C0.000000 X250.546463 Y234.510869 Z-288.000000 E2048.006584521876056 F1200.000000
; T08 POINT 92 point-0000092 deposition
G1 A0.000000 C0.000000 X251.092248 Y234.539754 Z-288.000000 E2070.729426267072636 F1200.000000
; T08 POINT 93 point-0000093 deposition
G1 A0.000000 C0.000000 X251.636676 Y234.587856 Z-288.000000 E2093.452296253796991 F1200.000000
; T08 POINT 94 point-0000094 deposition
G1 A0.000000 C0.000000 X252.179072 Y234.655114 Z-288.000000 E2116.175208602554314 F1200.000000
; T08 POINT 95 point-0000095 deposition
G1 A0.000000 C0.000000 X252.718762 Y234.741447 Z-288.000000 E2138.898177433538852 F1200.000000
; T08 POINT 96 point-0000096 deposition
G1 A0.000000 C0.000000 X253.255075 Y234.846746 Z-288.000000 E2161.621216866530628 F1200.000000
; T08 POINT 97 point-0000097 deposition
G1 A0.000000 C0.000000 X253.787347 Y234.970882 Z-288.000000 E2184.344341020791748 F1200.000000
; T08 POINT 98 point-0000098 deposition
G1 A0.000000 C0.000000 X254.314915 Y235.113699 Z-288.000000 E2207.067564014962993 F1200.000000
; T08 POINT 99 point-0000099 deposition
G1 A0.000000 C0.000000 X254.837125 Y235.275021 Z-288.000000 E2229.790899966960321 F1200.000000
; T08 POINT 100 point-0000100 deposition
G1 A0.000000 C0.000000 X255.353329 Y235.454648 Z-288.000000 E2252.514362993870991 F1200.000000
; T08 POINT 101 point-0000101 deposition
G1 A0.000000 C0.000000 X255.862884 Y235.652356 Z-288.000000 E2275.237967211850117 F1200.000000
; T08 POINT 102 point-0000102 deposition
G1 A0.000000 C0.000000 X256.365158 Y235.867901 Z-288.000000 E2297.961726736017903 F1200.000000
; T08 POINT 103 point-0000103 deposition
G1 A0.000000 C0.000000 X256.859528 Y236.101016 Z-288.000000 E2320.685655680354793 F1200.000000
; T08 POINT 104 point-0000104 deposition
G1 A0.000000 C0.000000 X257.345379 Y236.351410 Z-288.000000 E2343.409768157599300 F1200.000000
; T08 POINT 105 point-0000105 deposition
G1 A0.000000 C0.000000 X257.822108 Y236.618774 Z-288.000000 E2366.134078279143490 F1200.000000
; T08 POINT 106 point-0000106 deposition
G1 A0.000000 C0.000000 X258.289122 Y236.902775 Z-288.000000 E2388.858600154930310 F1200.000000
; T08 POINT 107 point-0000107 deposition
G1 A0.000000 C0.000000 X258.747922 Y237.204539 Z-288.000000 E2411.689339356838053 F1200.000000
; T08 POINT 108 point-0000108 deposition
G1 A0.000000 C0.000000 X259.200203 Y237.525776 Z-288.000000 E2434.753294783867823 F1200.000000
; T08 POINT 109 point-0000109 deposition
G1 A0.000000 C0.000000 X259.640130 Y237.862561 Z-288.000000 E2457.787600592643403 F1200.000000
; T08 POINT 110 point-0000110 deposition
G1 A0.000000 C0.000000 X260.061994 Y238.210115 Z-288.000000 E2480.512256293106801 F1200.000000
; T08 POINT 111 point-0000111 deposition
G1 A0.000000 C0.000000 X260.471343 Y238.572317 Z-288.000000 E2503.236691774100411 F1200.000000
; T08 POINT 112 point-0000112 deposition
G1 A0.000000 C0.000000 X260.867669 Y238.948718 Z-288.000000 E2525.960921144648047 F1200.000000
; T08 POINT 113 point-0000113 deposition
G1 A0.000000 C0.000000 X261.250481 Y239.338848 Z-288.000000 E2548.684958515284769 F1200.000000
; T08 POINT 114 point-0000114 deposition
G1 A0.000000 C0.000000 X261.619303 Y239.742224 Z-288.000000 E2571.408817997953549 F1200.000000
; T08 POINT 115 point-0000115 deposition
G1 A0.000000 C0.000000 X261.973677 Y240.158345 Z-288.000000 E2594.132513705901943 F1200.000000
; T08 POINT 116 point-0000116 deposition
G1 A0.000000 C0.000000 X262.313164 Y240.586694 Z-288.000000 E2616.856059753579183 F1200.000000
; T08 POINT 117 point-0000117 deposition
G1 A0.000000 C0.000000 X262.637341 Y241.026738 Z-288.000000 E2639.579470256531253 F1200.000000
; T08 POINT 118 point-0000118 deposition
G1 A0.000000 C0.000000 X262.945808 Y241.477931 Z-288.000000 E2662.302759331299041 F1200.000000
; T08 POINT 119 point-0000119 deposition
G1 A0.000000 C0.000000 X263.238181 Y241.939713 Z-288.000000 E2685.025941095313311 F1200.000000
; T08 POINT 120 point-0000120 deposition
G1 A0.000000 C0.000000 X263.514096 Y242.411510 Z-288.000000 E2707.749029666792766 F1200.000000
; T08 POINT 121 point-0000121 deposition
G1 A0.000000 C0.000000 X263.773212 Y242.892736 Z-288.000000 E2730.472039164638841 F1200.000000
; T08 POINT 122 point-0000122 deposition
G1 A0.000000 C0.000000 X264.015207 Y243.382793 Z-288.000000 E2753.194983708333394 F1200.000000
; T08 POINT 123 point-0000123 deposition
G1 A0.000000 C0.000000 X264.239780 Y243.881074 Z-288.000000 E2775.917877417834402 F1200.000000
; T08 POINT 124 point-0000124 deposition
G1 A0.000000 C0.000000 X264.446653 Y244.386958 Z-288.000000 E2798.640734413473124 F1200.000000
; T08 POINT 125 point-0000125 deposition
G1 A0.000000 C0.000000 X264.635569 Y244.899819 Z-288.000000 E2821.363568815849779 F1200.000000
; T08 POINT 126 point-0000126 deposition
G1 A0.000000 C0.000000 X264.806292 Y245.419018 Z-288.000000 E2844.086394745730289 F1200.000000
; T08 POINT 127 point-0000127 deposition
G1 A0.000000 C0.000000 X264.958612 Y245.943912 Z-288.000000 E2866.809226323942994 F1200.000000
; T08 POINT 128 point-0000128 deposition
G1 A0.000000 C0.000000 X265.092340 Y246.473848 Z-288.000000 E2889.532077671274504 F1200.000000
; T08 POINT 129 point-0000129 deposition
G1 A0.000000 C0.000000 X265.207308 Y247.008169 Z-288.000000 E2912.254962908366654 F1200.000000
; T08 POINT 130 point-0000130 deposition
G1 A0.000000 C0.000000 X265.303374 Y247.546211 Z-288.000000 E2934.977896155612304 F1200.000000
; T08 POINT 131 point-0000131 deposition
G1 A0.000000 C0.000000 X265.380418 Y248.087305 Z-288.000000 E2957.700891533052887 F1200.000000
; T08 POINT 132 point-0000132 deposition
G1 A0.000000 C0.000000 X265.438346 Y248.630781 Z-288.000000 E2980.423963160273377 F1200.000000
; T08 POINT 133 point-0000133 deposition
G1 A0.000000 C0.000000 X265.477085 Y249.175962 Z-288.000000 E3003.147125156299999 F1200.000000
; T08 POINT 134 point-0000134 deposition
G1 A0.000000 C0.000000 X265.496586 Y249.722173 Z-288.000000 E3025.870391639495853 F1200.000000
; T08 POINT 135 point-0000135 deposition
G1 A0.000000 C0.000000 X265.496825 Y250.268734 Z-288.000000 E3048.593776727457843 F1200.000000
; T08 POINT 136 point-0000136 deposition
G1 A0.000000 C0.000000 X265.477802 Y250.814968 Z-288.000000 E3071.317294536912935 F1200.000000
; T08 POINT 137 point-0000137 deposition
G1 A0.000000 C0.000000 X265.439540 Y251.360195 Z-288.000000 E3094.040959183614770 F1200.000000
; T08 POINT 138 point-0000138 deposition
G1 A0.000000 C0.000000 X265.382086 Y251.903739 Z-288.000000 E3116.764784782239710 F1200.000000
; T08 POINT 139 point-0000139 deposition
G1 A0.000000 C0.000000 X265.305511 Y252.444925 Z-288.000000 E3139.488785446284030 F1200.000000
; T08 POINT 140 point-0000140 deposition
G1 A0.000000 C0.000000 X265.209911 Y252.983080 Z-288.000000 E3162.212975287960237 F1200.000000
; T08 POINT 141 point-0000141 deposition
G1 A0.000000 C0.000000 X265.095403 Y253.517536 Z-288.000000 E3184.937368418092991 F1200.000000
; T08 POINT 142 point-0000142 deposition
G1 A0.000000 C0.000000 X264.962129 Y254.047631 Z-288.000000 E3207.661978946016361 F1200.000000
; T08 POINT 143 point-0000143 deposition
G1 A0.000000 C0.000000 X264.808437 Y254.578228 Z-288.000000 E3230.628429681356276 F1200.000000
; T08 POINT 144 point-0000144 deposition
G1 A0.000000 C0.000000 X264.635122 Y255.105212 Z-288.000000 E3253.692385348357738 F1200.000000
; T08 POINT 145 point-0000145 deposition
G1 A0.000000 C0.000000 X264.444434 Y255.621925 Z-288.000000 E3276.590980546369448 F1200.000000
; T08 POINT 146 point-0000146 deposition
G1 A0.000000 C0.000000 X264.237103 Y256.127667 Z-288.000000 E3299.315546466063211 F1200.000000
; T08 POINT 147 point-0000147 deposition
G1 A0.000000 C0.000000 X264.012080 Y256.625782 Z-288.000000 E3322.039897809708561 F1200.000000
; T08 POINT 148 point-0000148 deposition
G1 A0.000000 C0.000000 X263.769643 Y257.115654 Z-288.000000 E3344.764048686946471 F1200.000000
; T08 POINT 149 point-0000149 deposition
G1 A0.000000 C0.000000 X263.510095 Y257.596673 Z-288.000000 E3367.488013208887506 F1200.000000
; T08 POINT 150 point-0000150 deposition
G1 A0.000000 C0.000000 X263.233758 Y258.068243 Z-288.000000 E3390.211805488008868 F1200.000000
; T08 POINT 151 point-0000151 deposition
G1 A0.000000 C0.000000 X262.940976 Y258.529778 Z-288.000000 E3412.935439638051155 F1200.000000
; T08 POINT 152 point-0000152 deposition
G1 A0.000000 C0.000000 X262.632112 Y258.980704 Z-288.000000 E3435.658929773914623 F1200.000000
; T08 POINT 153 point-0000153 deposition
G1 A0.000000 C0.000000 X262.307549 Y259.420464 Z-288.000000 E3458.382290011555911 F1200.000000
; T08 POINT 154 point-0000154 deposition
G1 A0.000000 C0.000000 X261.967692 Y259.848509 Z-288.000000 E3481.105534467884041 F1200.000000
; T08 POINT 155 point-0000155 deposition
G1 A0.000000 C0.000000 X261.612963 Y260.264309 Z-288.000000 E3503.828677260657553 F1200.000000
; T08 POINT 156 point-0000156 deposition
G1 A0.000000 C0.000000 X261.243801 Y260.667348 Z-288.000000 E3526.551732508380720 F1200.000000
; T08 POINT 157 point-0000157 deposition
G1 A0.000000 C0.000000 X260.860666 Y261.057126 Z-288.000000 E3549.274714330199140 F1200.000000
; T08 POINT 158 point-0000158 deposition
G1 A0.000000 C0.000000 X260.464033 Y261.433157 Z-288.000000 E3571.997636845798100 F1200.000000
; T08 POINT 159 point-0000159 deposition
G1 A0.000000 C0.000000 X260.054395 Y261.794976 Z-288.000000 E3594.720514175297100 F1200.000000
; T08 POINT 160 point-0000160 deposition
G1 A0.000000 C0.000000 X259.632261 Y262.142134 Z-288.000000 E3617.443360439147280 F1200.000000
; T08 POINT 161 point-0000161 deposition
G1 A0.000000 C0.000000 X259.198155 Y262.474198 Z-288.000000 E3640.166189758027670 F1200.000000
; T08 POINT 162 point-0000162 deposition
G1 A0.000000 C0.000000 X258.752616 Y262.790757 Z-288.000000 E3662.889016252741600 F1200.000000
; T08 POINT 163 point-0000163 deposition
G1 A0.000000 C0.000000 X258.296197 Y263.091418 Z-288.000000 E3685.611854044113224 F1200.000000
; T08 POINT 164 point-0000164 deposition
G1 A0.000000 C0.000000 X257.829466 Y263.375807 Z-288.000000 E3708.334717252883420 F1200.000000
; T08 POINT 165 point-0000165 deposition
G1 A0.000000 C0.000000 X257.353000 Y263.643571 Z-288.000000 E3731.057619999607228 F1200.000000
; T08 POINT 166 point-0000166 deposition
G1 A0.000000 C0.000000 X256.867393 Y263.894378 Z-288.000000 E3753.780576404549032 F1200.000000
; T08 POINT 167 point-0000167 deposition
G1 A0.000000 C0.000000 X256.373248 Y264.127916 Z-288.000000 E3776.503600587580239 F1200.000000
; T08 POINT 168 point-0000168 deposition
G1 A0.000000 C0.000000 X255.871177 Y264.343894 Z-288.000000 E3799.226706668074759 F1200.000000
; T08 POINT 169 point-0000169 deposition
G1 A0.000000 C0.000000 X255.361804 Y264.542045 Z-288.000000 E3821.949908764806076 F1200.000000
; T08 POINT 170 point-0000170 deposition
G1 A0.000000 C0.000000 X254.845761 Y264.722123 Z-288.000000 E3844.673220995842994 F1200.000000
; T08 POINT 171 point-0000171 deposition
G1 A0.000000 C0.000000 X254.323691 Y264.883903 Z-288.000000 E3867.396657478447162 F1200.000000
; T08 POINT 172 point-0000172 deposition
G1 A0.000000 C0.000000 X253.796239 Y265.027184 Z-288.000000 E3890.120232328968386 F1200.000000
; T08 POINT 173 point-0000173 deposition
G1 A0.000000 C0.000000 X253.264062 Y265.151788 Z-288.000000 E3912.843959662741996 F1200.000000
; T08 POINT 174 point-0000174 deposition
G1 A0.000000 C0.000000 X252.727821 Y265.257561 Z-288.000000 E3935.567853593984696 F1200.000000
; T08 POINT 175 point-0000175 deposition
G1 A0.000000 C0.000000 X252.188180 Y265.344370 Z-288.000000 E3958.291928235691626 F1200.000000
; T08 POINT 176 point-0000176 deposition
G1 A0.000000 C0.000000 X251.645811 Y265.412108 Z-288.000000 E3981.016197699532536 F1200.000000
; T08 POINT 177 point-0000177 deposition
G1 A0.000000 C0.000000 X251.101387 Y265.460689 Z-288.000000 E4003.740676095748451 F1200.000000
; T08 POINT 178 point-0000178 deposition
G1 A0.000000 C0.000000 X250.554664 Y265.490071 Z-288.000000 E4026.503558847910927 F1200.000000
; T08 POINT 179 point-0000179 deposition
G1 A0.000000 C0.000000 X250.000000 Y265.500000 Z-288.000000 E4049.567513794996934 F1200.000000
; T08 EVENT event-0000002 retract
G1 E4048.567513794996934 F3000.000000
; T08 POINT 180 point-0000180 depart
G1 A0.000000 C0.000000 X250.000000 Y265.500000 Z-278.000000 F3000.000000
; T08 EVENT event-0000003 index_start
; T08 POINT 181 point-0000181 travel
G1 A2.938055 C0.000000 X250.000000 Y279.543536 Z-254.817794 F3000.000000
; T08 EVENT event-0000004 index_end
; T08 POINT 182 point-0000182 approach
G1 A2.938055 C0.000000 X250.000000 Y279.543536 Z-264.817794 F3000.000000
; T08 EVENT event-0000005 prime
G1 E4049.567513794996934 F1200.000000
; T08 POINT 183 point-0000183 deposition
G1 A2.938055 C0.000000 X249.465010 Y279.534286 Z-264.817794 E4071.813128431124852 F1200.000000
; T08 POINT 184 point-0000184 deposition
G1 A2.938055 C0.000000 X248.923052 Y279.505900 Z-264.817794 E4094.376038296095206 F1200.000000
; T08 POINT 185 point-0000185 deposition
G1 A2.938055 C0.000000 X248.381980 Y279.458488 Z-264.817794 E4116.957392356199292 F1200.000000
; T08 POINT 186 point-0000186 deposition
G1 A2.938055 C0.000000 X247.842901 Y279.392132 Z-264.817794 E4139.538832267200035 F1200.000000
; T08 POINT 187 point-0000187 deposition
G1 A2.938055 C0.000000 X247.306476 Y279.306914 Z-264.817794 E4162.120448783115360 F1200.000000
; T08 POINT 188 point-0000188 deposition
G1 A2.938055 C0.000000 X246.773363 Y279.202937 Z-264.817794 E4184.702331070305248 F1200.000000
; T08 POINT 189 point-0000189 deposition
G1 A2.938055 C0.000000 X246.244215 Y279.080331 Z-264.817794 E4207.284566328512091 F1200.000000
; T08 POINT 190 point-0000190 deposition
G1 A2.938055 C0.000000 X245.719682 Y278.939244 Z-264.817794 E4229.867239421586755 F1200.000000
; T08 POINT 191 point-0000191 deposition
G1 A2.938055 C0.000000 X245.200405 Y278.779850 Z-264.817794 E4252.450432519718765 F1200.000000
; T08 POINT 192 point-0000192 deposition
G1 A2.938055 C0.000000 X244.687022 Y278.602345 Z-264.817794 E4275.034224754930287 F1200.000000
; T08 POINT 193 point-0000193 deposition
G1 A2.938055 C0.000000 X244.180161 Y278.406946 Z-264.817794 E4297.618691891525630 F1200.000000
; T08 POINT 194 point-0000194 deposition
G1 A2.938055 C0.000000 X243.680446 Y278.193892 Z-264.817794 E4320.203906013114430 F1200.000000
; T08 POINT 195 point-0000195 deposition
G1 A2.938055 C0.000000 X243.188488 Y277.963444 Z-264.817794 E4342.789935227741260 F1200.000000
; T08 POINT 196 point-0000196 deposition
G1 A2.938055 C0.000000 X242.704890 Y277.715886 Z-264.817794 E4365.376843392564613 F1200.000000
; T08 POINT 197 point-0000197 deposition
G1 A2.938055 C0.000000 X242.230246 Y277.451520 Z-264.817794 E4387.964689859427133 F1200.000000
; T08 POINT 198 point-0000198 deposition
G1 A2.938055 C0.000000 X241.765138 Y277.170670 Z-264.817794 E4410.553529242559841 F1200.000000
; T08 POINT 199 point-0000199 deposition
G1 A2.938055 C0.000000 X241.310136 Y276.873680 Z-264.817794 E4433.143411209545611 F1200.000000
; T08 POINT 200 point-0000200 deposition
G1 A2.938055 C0.000000 X240.865798 Y276.560915 Z-264.817794 E4455.734380296556991 F1200.000000
; T08 POINT 201 point-0000201 deposition
G1 A2.938055 C0.000000 X240.432670 Y276.232758 Z-264.817794 E4478.326475748756546 F1200.000000
; T08 POINT 202 point-0000202 deposition
G1 A2.938055 C0.000000 X240.011282 Y275.889611 Z-264.817794 E4500.919731386628544 F1200.000000
; T08 POINT 203 point-0000203 deposition
G1 A2.938055 C0.000000 X239.602152 Y275.531893 Z-264.817794 E4523.514175498879332 F1200.000000
; T08 POINT 204 point-0000204 deposition
G1 A2.938055 C0.000000 X239.205782 Y275.160045 Z-264.817794 E4546.109830762410727 F1200.000000
; T08 POINT 205 point-0000205 deposition
G1 A2.938055 C0.000000 X238.822658 Y274.774521 Z-264.817794 E4568.706714189741593 F1200.000000
; T08 POINT 206 point-0000206 deposition
G1 A2.938055 C0.000000 X238.453250 Y274.375795 Z-264.817794 E4591.304837104113603 F1200.000000
; T08 POINT 207 point-0000207 deposition
G1 A2.938055 C0.000000 X238.098012 Y273.964354 Z-264.817794 E4613.904205142382591 F1200.000000
; T08 POINT 208 point-0000208 deposition
G1 A2.938055 C0.000000 X237.757380 Y273.540704 Z-264.817794 E4636.504818285663327 F1200.000000
; T08 POINT 209 point-0000209 deposition
G1 A2.938055 C0.000000 X237.431771 Y273.105363 Z-264.817794 E4659.106670917554642 F1200.000000
; T08 POINT 210 point-0000210 deposition
G1 A2.938055 C0.000000 X237.121587 Y272.658865 Z-264.817794 E4681.709751909645622 F1200.000000
; T08 POINT 211 point-0000211 deposition
G1 A2.938055 C0.000000 X236.827207 Y272.201758 Z-264.817794 E4704.314044733861089 F1200.000000
; T08 POINT 212 point-0000212 deposition
G1 A2.938055 C0.000000 X236.548993 Y271.734602 Z-264.817794 E4726.919527601084454 F1200.000000
; T08 POINT 213 point-0000213 deposition
G1 A2.938055 C0.000000 X236.287287 Y271.257970 Z-264.817794 E4749.526173625362802 F1200.000000
; T08 POINT 214 point-0000214 deposition
G1 A2.938055 C0.000000 X236.046875 Y270.781860 Z-264.817794 E4771.700920815351286 F1200.000000
; T08 POINT 215 point-0000215 deposition
G1 A2.938055 C0.000000 X235.839272 Y270.334133 Z-264.817794 E4792.218977357198139 F1200.000000
; T08 POINT 216 point-0000216 deposition
G1 A2.938055 C0.000000 X235.645992 Y269.880032 Z-264.817794 E4812.737277168366379 F1200.000000
; T08 POINT 217 point-0000217 deposition
G1 A2.938055 C0.000000 X235.467672 Y269.421149 Z-264.817794 E4833.205243634999537 F1200.000000
; T08 POINT 218 point-0000218 deposition
G1 A2.938055 C0.000000 X235.304919 Y268.959513 Z-264.817794 E4853.555687403813597 F1200.000000
; T08 POINT 219 point-0000219 deposition
G1 A2.938055 C0.000000 X235.156790 Y268.492983 Z-264.817794 E4873.905962673636619 F1200.000000
; T08 POINT 220 point-0000220 deposition
G1 A2.938055 C0.000000 X235.023431 Y268.022023 Z-264.817794 E4894.256074991220199 F1200.000000
; T08 POINT 221 point-0000221 deposition
G1 A2.938055 C0.000000 X234.904975 Y267.547098 Z-264.817794 E4914.606060876578123 F1200.000000
; T08 POINT 222 point-0000222 deposition
G1 A2.938055 C0.000000 X234.801540 Y267.068679 Z-264.817794 E4934.955969430463703 F1200.000000
; T08 POINT 223 point-0000223 deposition
G1 A2.938055 C0.000000 X234.713230 Y266.587240 Z-264.817794 E4955.305844211681823 F1200.000000
; T08 POINT 224 point-0000224 deposition
G1 A2.938055 C0.000000 X234.640132 Y266.103257 Z-264.817794 E4975.655704934428055 F1200.000000
; T08 POINT 225 point-0000225 deposition
G1 A2.938055 C0.000000 X234.582320 Y265.617213 Z-264.817794 E4996.005528537968477 F1200.000000
; T08 POINT 226 point-0000226 deposition
G1 A2.938055 C0.000000 X234.539853 Y265.129591 Z-264.817794 E5016.355229188418687 F1200.000000
; T08 POINT 227 point-0000227 deposition
G1 A2.938055 C0.000000 X234.512774 Y264.640880 Z-264.817794 E5036.704636785084109 F1200.000000
; T08 POINT 228 point-0000228 deposition
G1 A2.938055 C0.000000 X234.501110 Y264.151568 Z-264.817794 E5057.053665533253114 F1200.000000
; T08 POINT 229 point-0000229 deposition
G1 A2.938055 C0.000000 X234.504873 Y263.662131 Z-264.817794 E5077.402685871463414 F1200.000000
; T08 POINT 230 point-0000230 deposition
G1 A2.938055 C0.000000 X234.524060 Y263.173057 Z-264.817794 E5097.751632493729988 F1200.000000
; T08 POINT 231 point-0000231 deposition
G1 A2.938055 C0.000000 X234.558654 Y262.684835 Z-264.817794 E5118.100451780719871 F1200.000000
; T08 POINT 232 point-0000232 deposition
G1 A2.938055 C0.000000 X234.608621 Y262.197949 Z-264.817794 E5138.449141023567224 F1200.000000
; T08 POINT 233 point-0000233 deposition
G1 A2.938055 C0.000000 X234.673912 Y261.712882 Z-264.817794 E5158.797727860017089 F1200.000000
; T08 POINT 234 point-0000234 deposition
G1 A2.938055 C0.000000 X234.754463 Y261.230117 Z-264.817794 E5179.146243161660755 F1200.000000
; T08 POINT 235 point-0000235 deposition
G1 A2.938055 C0.000000 X234.850196 Y260.750133 Z-264.817794 E5199.494701636068380 F1200.000000
; T08 POINT 236 point-0000236 deposition
G1 A2.938055 C0.000000 X234.961015 Y260.273408 Z-264.817794 E5219.843082141444383 F1200.000000
; T08 POINT 237 point-0000237 deposition
G1 A2.938055 C0.000000 X235.086811 Y259.800419 Z-264.817794 E5240.191307253620919 F1200.000000
; T08 POINT 238 point-0000238 deposition
G1 A2.938055 C0.000000 X235.227461 Y259.331633 Z-264.817794 E5260.539487881685221 F1200.000000
; T08 POINT 239 point-0000239 deposition
G1 A2.938055 C0.000000 X235.382826 Y258.867513 Z-264.817794 E5280.887778629552474 F1200.000000
; T08 POINT 240 point-0000240 deposition
G1 A2.938055 C0.000000 X235.552752 Y258.408526 Z-264.817794 E5301.236021953634057 F1200.000000
; T08 POINT 241 point-0000241 deposition
G1 A2.938055 C0.000000 X235.737071 Y257.955129 Z-264.817794 E5321.584141700792233 F1200.000000
; T08 POINT 242 point-0000242 deposition
G1 A2.938055 C0.000000 X235.935598 Y257.507776 Z-264.817794 E5341.932127845992620 F1200.000000
; T08 POINT 243 point-0000243 deposition
G1 A2.938055 C0.000000 X236.148138 Y257.066910 Z-264.817794 E5362.280008687371608 F1200.000000
; T08 POINT 244 point-0000244 deposition
G1 A2.938055 C0.000000 X236.374480 Y256.632971 Z-264.817794 E5382.627829977492748 F1200.000000
; T08 POINT 245 point-0000245 deposition
G1 A2.938055 C0.000000 X236.614400 Y256.206389 Z-264.817794 E5402.975635695730656 F1200.000000
; T08 POINT 246 point-0000246 deposition
G1 A2.938055 C0.000000 X236.867660 Y255.787589 Z-264.817794 E5423.323448886175416 F1200.000000
; T08 POINT 247 point-0000247 deposition
G1 A2.938055 C0.000000 X237.134009 Y255.376989 Z-264.817794 E5443.671252091468954 F1200.000000
; T08 POINT 248 point-0000248 deposition
G1 A2.938055 C0.000000 X237.413180 Y254.975000 Z-264.817794 E5464.018966919867342 F1200.000000
; T08 POINT 249 point-0000249 deposition
G1 A2.938055 C0.000000 X237.704895 Y254.582025 Z-264.817794 E5484.366440786242502 F1200.000000
; T08 POINT 250 point-0000250 deposition
G1 A2.938055 C0.000000 X238.008865 Y254.198455 Z-264.817794 E5504.713827298855522 F1200.000000
; T08 POINT 251 point-0000251 deposition
G1 A2.938055 C0.000000 X238.324788 Y253.824668 Z-264.817794 E5525.061208735203042 F1200.000000
; T08 POINT 252 point-0000252 deposition
G1 A2.938055 C0.000000 X238.652351 Y253.461039 Z-264.817794 E5545.408549127164907 F1200.000000
; T08 POINT 253 point-0000253 deposition
G1 A2.938055 C0.000000 X238.991226 Y253.107932 Z-264.817794 E5565.755845659233714 F1200.000000
; T08 POINT 254 point-0000254 deposition
G1 A2.938055 C0.000000 X239.341078 Y252.765696 Z-264.817794 E5586.103119694723844 F1200.000000
; T08 POINT 255 point-0000255 deposition
G1 A2.938055 C0.000000 X239.701559 Y252.434675 Z-264.817794 E5606.450396074627157 F1200.000000
; T08 POINT 256 point-0000256 deposition
G1 A2.938055 C0.000000 X240.072309 Y252.115197 Z-264.817794 E5626.797680171736331 F1200.000000
; T08 POINT 257 point-0000257 deposition
G1 A2.938055 C0.000000 X240.452959 Y251.807583 Z-264.817794 E5647.144935200657133 F1200.000000
; T08 POINT 258 point-0000258 deposition
G1 A2.938055 C0.000000 X240.843130 Y251.512139 Z-264.817794 E5667.492136956832666 F1200.000000
; T08 POINT 259 point-0000259 deposition
G1 A2.938055 C0.000000 X241.242433 Y251.229161 Z-264.817794 E5687.839350699116358 F1200.000000
; T08 POINT 260 point-0000260 deposition
G1 A2.938055 C0.000000 X241.650471 Y250.958929 Z-264.817794 E5708.186566636959610 F1200.000000
; T08 POINT 261 point-0000261 deposition
G1 A2.938055 C0.000000 X242.066838 Y250.701715 Z-264.817794 E5728.533792235146747 F1200.000000
; T08 POINT 262 point-0000262 deposition
G1 A2.938055 C0.000000 X242.491118 Y250.457775 Z-264.817794 E5748.881041840271317 F1200.000000
; T08 POINT 263 point-0000263 deposition
G1 A2.938055 C0.000000 X242.922890 Y250.227352 Z-264.817794 E5769.228312012775833 F1200.000000
; T08 POINT 264 point-0000264 deposition
G1 A2.938055 C0.000000 X243.361727 Y250.010674 Z-264.817794 E5789.575835826144303 F1200.000000
; T08 POINT 265 point-0000265 deposition
G1 A2.938055 C0.000000 X243.807197 Y249.807956 Z-264.817794 E5809.923839876019543 F1200.000000
; T08 POINT 266 point-0000266 deposition
G1 A2.938055 C0.000000 X244.258852 Y249.619404 Z-264.817794 E5830.272038608407913 F1200.000000
; T08 POINT 267 point-0000267 deposition
G1 A2.938055 C0.000000 X244.716235 Y249.445209 Z-264.817794 E5850.620260180474267 F1200.000000
; T08 POINT 268 point-0000268 deposition
G1 A2.938055 C0.000000 X245.178890 Y249.285543 Z-264.817794 E5870.968423617316997 F1200.000000
; T08 POINT 269 point-0000269 deposition
G1 A2.938055 C0.000000 X245.646354 Y249.140569 Z-264.817794 E5891.316515878388213 F1200.000000
; T08 POINT 270 point-0000270 deposition
G1 A2.938055 C0.000000 X246.118163 Y249.010428 Z-264.817794 E5911.664571272637003 F1200.000000
; T08 POINT 271 point-0000271 deposition
G1 A2.938055 C0.000000 X246.593847 Y248.895252 Z-264.817794 E5932.012652052874449 F1200.000000
; T08 POINT 272 point-0000272 deposition
G1 A2.938055 C0.000000 X247.072932 Y248.795155 Z-264.817794 E5952.360829726918669 F1200.000000
; T08 POINT 273 point-0000273 deposition
G1 A2.938055 C0.000000 X247.554944 Y248.710237 Z-264.817794 E5972.709166615417259 F1200.000000
; T08 POINT 274 point-0000274 deposition
G1 A2.938055 C0.000000 X248.039402 Y248.640583 Z-264.817794 E5993.057697184127064 F1200.000000
; T08 POINT 275 point-0000275 deposition
G1 A2.938055 C0.000000 X248.525822 Y248.586262 Z-264.817794 E6013.406408681882787 F1200.000000
; T08 POINT 276 point-0000276 deposition
G1 A2.938055 C0.000000 X249.013718 Y248.547331 Z-264.817794 E6033.755220624480724 F1200.000000
; T08 POINT 277 point-0000277 deposition
G1 A2.938055 C0.000000 X249.506439 Y248.523765 Z-264.817794 E6054.263622134605254 F1200.000000
; T08 POINT 278 point-0000278 deposition
G1 A2.938055 C0.000000 X249.999885 Y248.515901 Z-264.817794 E6074.781315971712944 F1200.000000
; T08 POINT 279 point-0000279 deposition
G1 A2.938055 C0.000000 X250.493338 Y248.523758 Z-264.817794 E6095.299321207245297 F1200.000000
; T08 POINT 280 point-0000280 deposition
G1 A2.938055 C0.000000 X250.986284 Y248.547327 Z-264.817794 E6115.817049313693387 F1200.000000
; T08 POINT 281 point-0000281 deposition
G1 A2.938055 C0.000000 X251.474180 Y248.586260 Z-264.817794 E6136.165851725669262 F1200.000000
; T08 POINT 282 point-0000282 deposition
G1 A2.938055 C0.000000 X251.960598 Y248.640580 Z-264.817794 E6156.514510321238247 F1200.000000
; T08 POINT 283 point-0000283 deposition
G1 A2.938055 C0.000000 X252.445054 Y248.710235 Z-264.817794 E6176.862970021800595 F1200.000000
; T08 POINT 284 point-0000284 deposition
G1 A2.938055 C0.000000 X252.927065 Y248.795153 Z-264.817794 E6197.211237743187762 F1200.000000
; T08 POINT 285 point-0000285 deposition
G1 A2.938055 C0.000000 X253.406149 Y248.895250 Z-264.817794 E6217.559361667498762 F1200.000000
; T08 POINT 286 point-0000286 deposition
G1 A2.938055 C0.000000 X253.881832 Y249.010426 Z-264.817794 E6237.907411690741102 F1200.000000
; T08 POINT 287 point-0000287 deposition
G1 A2.938055 C0.000000 X254.353641 Y249.140566 Z-264.817794 E6258.255460592482812 F1200.000000
; T08 POINT 288 point-0000288 deposition
G1 A2.938055 C0.000000 X254.821105 Y249.285541 Z-264.817794 E6278.603565467719679 F1200.000000
; T08 POINT 289 point-0000289 deposition
G1 A2.938055 C0.000000 X255.283761 Y249.445207 Z-264.817794 E6298.951748960782419 F1200.000000
; T08 POINT 290 point-0000290 deposition
G1 A2.938055 C0.000000 X255.741144 Y249.619402 Z-264.817794 E6319.299979846355229 F1200.000000
; T08 POINT 291 point-0000291 deposition
G1 A2.938055 C0.000000 X256.192798 Y249.807954 Z-264.817794 E6339.648152513545761 F1200.000000
; T08 POINT 292 point-0000292 deposition
G1 A2.938055 C0.000000 X256.638266 Y250.010671 Z-264.817794 E6359.996064925374111 F1200.000000
; T08 POINT 293 point-0000293 deposition
G1 A2.938055 C0.000000 X257.077100 Y250.227347 Z-264.817794 E6380.343439559789841 F1200.000000
; T08 POINT 294 point-0000294 deposition
G1 A2.938055 C0.000000 X257.508870 Y250.457769 Z-264.817794 E6400.690626571074185 F1200.000000
; T08 POINT 295 point-0000295 deposition
G1 A2.938055 C0.000000 X257.933149 Y250.701708 Z-264.817794 E6421.037789300272239 F1200.000000
; T08 POINT 296 point-0000296 deposition
G1 A2.938055 C0.000000 X258.349514 Y250.958921 Z-264.817794 E6441.384937138626531 F1200.000000
; T08 POINT 297 point-0000297 deposition
G1 A2.938055 C0.000000 X258.757551 Y251.229151 Z-264.817794 E6461.732097085274643 F1200.000000
; T08 POINT 298 point-0000298 deposition
G1 A2.938055 C0.000000 X259.156855 Y251.512129 Z-264.817794 E6482.079285899578378 F1200.000000
; T08 POINT 299 point-0000299 deposition
G1 A2.938055 C0.000000 X259.547025 Y251.807572 Z-264.817794 E6502.426486536382418 F1200.000000
; T08 POINT 300 point-0000300 deposition
G1 A2.938055 C0.000000 X259.927676 Y252.115186 Z-264.817794 E6522.773750408999888 F1200.000000
; T08 POINT 301 point-0000301 deposition
G1 A2.938055 C0.000000 X260.298427 Y252.434663 Z-264.817794 E6543.121033337010385 F1200.000000
; T08 POINT 302 point-0000302 deposition
G1 A2.938055 C0.000000 X260.658908 Y252.765684 Z-264.817794 E6563.468306182127585 F1200.000000
; T08 POINT 303 point-0000303 deposition
G1 A2.938055 C0.000000 X261.008760 Y253.107919 Z-264.817794 E6583.815578867945835 F1200.000000
; T08 POINT 304 point-0000304 deposition
G1 A2.938055 C0.000000 X261.347636 Y253.461026 Z-264.817794 E6604.162877632942159 F1200.000000
; T08 POINT 305 point-0000305 deposition
G1 A2.938055 C0.000000 X261.675200 Y253.824654 Z-264.817794 E6624.510222068585919 F1200.000000
; T08 POINT 306 point-0000306 deposition
G1 A2.938055 C0.000000 X261.991124 Y254.198440 Z-264.817794 E6644.857604186210677 F1200.000000
; T08 POINT 307 point-0000307 deposition
G1 A2.938055 C0.000000 X262.295094 Y254.582011 Z-264.817794 E6665.204979635937151 F1200.000000
; T08 POINT 308 point-0000308 deposition
G1 A2.938055 C0.000000 X262.586809 Y254.974985 Z-264.817794 E6685.552494420455959 F1200.000000
; T08 POINT 309 point-0000309 deposition
G1 A2.938055 C0.000000 X262.865981 Y255.376974 Z-264.817794 E6705.900225340315115 F1200.000000
; T08 POINT 310 point-0000310 deposition
G1 A2.938055 C0.000000 X263.132331 Y255.787574 Z-264.817794 E6726.248026474262765 F1200.000000
; T08 POINT 311 point-0000311 deposition
G1 A2.938055 C0.000000 X263.385591 Y256.206373 Z-264.817794 E6746.595830850180700 F1200.000000
; T08 POINT 312 point-0000312 deposition
G1 A2.938055 C0.000000 X263.625512 Y256.632955 Z-264.817794 E6766.943628956453363 F1200.000000
; T08 POINT 313 point-0000313 deposition
G1 A2.938055 C0.000000 X263.851854 Y257.066894 Z-264.817794 E6787.291448467822505 F1200.000000
; T08 POINT 314 point-0000314 deposition
G1 A2.938055 C0.000000 X264.064395 Y257.507760 Z-264.817794 E6807.639334776059591 F1200.000000
; T08 POINT 315 point-0000315 deposition
G1 A2.938055 C0.000000 X264.262923 Y257.955113 Z-264.817794 E6827.987331861233386 F1200.000000
; T08 POINT 316 point-0000316 deposition
G1 A2.938055 C0.000000 X264.447242 Y258.408510 Z-264.817794 E6848.335463033473669 F1200.000000
; T08 POINT 317 point-0000317 deposition
G1 A2.938055 C0.000000 X264.617169 Y258.867497 Z-264.817794 E6868.683710125675399 F1200.000000
; T08 POINT 318 point-0000318 deposition
G1 A2.938055 C0.000000 X264.772535 Y259.331616 Z-264.817794 E6889.031985558772944 F1200.000000
; T08 POINT 319 point-0000319 deposition
G1 A2.938055 C0.000000 X264.913185 Y259.800401 Z-264.817794 E6909.380134416499894 F1200.000000
; T08 POINT 320 point-0000320 deposition
G1 A2.938055 C0.000000 X265.038982 Y260.273391 Z-264.817794 E6929.728381385405450 F1200.000000
; T08 POINT 321 point-0000321 deposition
G1 A2.938055 C0.000000 X265.149801 Y260.750116 Z-264.817794 E6950.076766289394344 F1200.000000
; T08 POINT 322 point-0000322 deposition
G1 A2.938055 C0.000000 X265.245534 Y261.230100 Z-264.817794 E6970.425222268923468 F1200.000000
; T08 POINT 323 point-0000323 deposition
G1 A2.938055 C0.000000 X265.326086 Y261.712865 Z-264.817794 E6990.773735357042228 F1200.000000
; T08 POINT 324 point-0000324 deposition
G1 A2.938055 C0.000000 X265.391378 Y262.197931 Z-264.817794 E7011.122324190301790 F1200.000000
; T08 POINT 325 point-0000325 deposition
G1 A2.938055 C0.000000 X265.441345 Y262.684817 Z-264.817794 E7031.471020399565593 F1200.000000
; T08 POINT 326 point-0000326 deposition
G1 A2.938055 C0.000000 X265.475940 Y263.173040 Z-264.817794 E7051.819849214097989 F1200.000000
; T08 POINT 327 point-0000327 deposition
G1 A2.938055 C0.000000 X265.495128 Y263.662113 Z-264.817794 E7072.168805534815569 F1200.000000
; T08 POINT 328 point-0000328 deposition
G1 A2.938055 C0.000000 X265.498892 Y264.151550 Z-264.817794 E7092.517833390960416 F1200.000000
; T08 POINT 329 point-0000329 deposition
G1 A2.938055 C0.000000 X265.487229 Y264.640864 Z-264.817794 E7112.866911019129024 F1200.000000
; T08 POINT 330 point-0000330 deposition
G1 A2.938055 C0.000000 X265.460150 Y265.129577 Z-264.817794 E7133.216415791092924 F1200.000000
; T08 POINT 331 point-0000331 deposition
G1 A2.938055 C0.000000 X265.417683 Y265.617201 Z-264.817794 E7153.566188020948036 F1200.000000
; T08 POINT 332 point-0000332 deposition
G1 A2.938055 C0.000000 X265.359871 Y266.103247 Z-264.817794 E7173.916063522348166 F1200.000000
; T08 POINT 333 point-0000333 deposition
G1 A2.938055 C0.000000 X265.286773 Y266.587230 Z-264.817794 E7194.265962376812046 F1200.000000
; T08 POINT 334 point-0000334 deposition
G1 A2.938055 C0.000000 X265.198463 Y267.068670 Z-264.817794 E7214.615867794864511 F1200.000000
; T08 POINT 335 point-0000335 deposition
G1 A2.938055 C0.000000 X265.095028 Y267.547090 Z-264.817794 E7234.965806271615219 F1200.000000
; T08 POINT 336 point-0000336 deposition
G1 A2.938055 C0.000000 X264.976572 Y268.022016 Z-264.817794 E7255.315828606365939 F1200.000000
; T08 POINT 337 point-0000337 deposition
G1 A2.938055 C0.000000 X264.843213 Y268.492977 Z-264.817794 E7275.665988770020199 F1200.000000
; T08 POINT 338 point-0000338 deposition
G1 A2.938055 C0.000000 X264.695083 Y268.959508 Z-264.817794 E7296.016324030982304 F1200.000000
; T08 POINT 339 point-0000339 deposition
G1 A2.938055 C0.000000 X264.532330 Y269.421146 Z-264.817794 E7316.366834394052914 F1200.000000
; T08 POINT 340 point-0000340 deposition
G1 A2.938055 C0.000000 X264.353997 Y269.880058 Z-264.817794 E7336.836164596244844 F1200.000000
; T08 POINT 341 point-0000341 deposition
G1 A2.938055 C0.000000 X264.160722 Y270.334147 Z-264.817794 E7357.353907989240858 F1200.000000
; T08 POINT 342 point-0000342 deposition
G1 A2.938055 C0.000000 X263.953123 Y270.781864 Z-264.817794 E7377.871507445595610 F1200.000000
; T08 POINT 343 point-0000343 deposition
G1 A2.938055 C0.000000 X263.712713 Y271.257970 Z-264.817794 E7400.046060840398097 F1200.000000
; T08 POINT 344 point-0000344 deposition
G1 A2.938055 C0.000000 X263.451007 Y271.734602 Z-264.817794 E7422.652706864675379 F1200.000000
; T08 POINT 345 point-0000345 deposition
G1 A2.938055 C0.000000 X263.172793 Y272.201758 Z-264.817794 E7445.258189731899079 F1200.000000
; T08 POINT 346 point-0000346 deposition
G1 A2.938055 C0.000000 X262.878413 Y272.658865 Z-264.817794 E7467.862482556114719 F1200.000000
; T08 POINT 347 point-0000347 deposition
G1 A2.938055 C0.000000 X262.568229 Y273.105363 Z-264.817794 E7490.465563548205179 F1200.000000
; T08 POINT 348 point-0000348 deposition
G1 A2.938055 C0.000000 X262.242620 Y273.540704 Z-264.817794 E7513.067416180096906 F1200.000000
; T08 POINT 349 point-0000349 deposition
G1 A2.938055 C0.000000 X261.901988 Y273.964354 Z-264.817794 E7535.668029323377642 F1200.000000
; T08 POINT 350 point-0000350 deposition
G1 A2.938055 C0.000000 X261.546750 Y274.375795 Z-264.817794 E7558.267397361646367 F1200.000000
; T08 POINT 351 point-0000351 deposition
G1 A2.938055 C0.000000 X261.177342 Y274.774521 Z-264.817794 E7580.865520276018483 F1200.000000
; T08 POINT 352 point-0000352 deposition
G1 A2.938055 C0.000000 X260.794218 Y275.160045 Z-264.817794 E7603.462403703349615 F1200.000000
; T08 POINT 353 point-0000353 deposition
G1 A2.938055 C0.000000 X260.397848 Y275.531893 Z-264.817794 E7626.058058966880685 F1200.000000
; T08 POINT 354 point-0000354 deposition
G1 A2.938055 C0.000000 X259.988718 Y275.889611 Z-264.817794 E7648.652503079131579 F1200.000000
; T08 POINT 355 point-0000355 deposition
G1 A2.938055 C0.000000 X259.567330 Y276.232758 Z-264.817794 E7671.245758717003836 F1200.000000
; T08 POINT 356 point-0000356 deposition
G1 A2.938055 C0.000000 X259.134202 Y276.560915 Z-264.817794 E7693.837854169202846 F1200.000000
; T08 POINT 357 point-0000357 deposition
G1 A2.938055 C0.000000 X258.689864 Y276.873680 Z-264.817794 E7716.428823256214532 F1200.000000
; T08 POINT 358 point-0000358 deposition
G1 A2.938055 C0.000000 X258.234862 Y277.170670 Z-264.817794 E7739.018705223200652 F1200.000000
; T08 POINT 359 point-0000359 deposition
G1 A2.938055 C0.000000 X257.769754 Y277.451520 Z-264.817794 E7761.607544606332892 F1200.000000
; T08 POINT 360 point-0000360 deposition
G1 A2.938055 C0.000000 X257.295110 Y277.715886 Z-264.817794 E7784.195391073195475 F1200.000000
; T08 POINT 361 point-0000361 deposition
G1 A2.938055 C0.000000 X256.811512 Y277.963444 Z-264.817794 E7806.782299238019090 F1200.000000
; T08 POINT 362 point-0000362 deposition
G1 A2.938055 C0.000000 X256.319554 Y278.193892 Z-264.817794 E7829.368328452645526 F1200.000000
; T08 POINT 363 point-0000363 deposition
G1 A2.938055 C0.000000 X255.819839 Y278.406946 Z-264.817794 E7851.953542574234651 F1200.000000
; T08 POINT 364 point-0000364 deposition
G1 A2.938055 C0.000000 X255.312978 Y278.602345 Z-264.817794 E7874.538009710830086 F1200.000000
; T08 POINT 365 point-0000365 deposition
G1 A2.938055 C0.000000 X254.799595 Y278.779850 Z-264.817794 E7897.121801946041210 F1200.000000
; T08 POINT 366 point-0000366 deposition
G1 A2.938055 C0.000000 X254.280318 Y278.939244 Z-264.817794 E7919.704995044173395 F1200.000000
; T08 POINT 367 point-0000367 deposition
G1 A2.938055 C0.000000 X253.755785 Y279.080331 Z-264.817794 E7942.287668137248368 F1200.000000
; T08 POINT 368 point-0000368 deposition
G1 A2.938055 C0.000000 X253.226637 Y279.202937 Z-264.817794 E7964.869903395454696 F1200.000000
; T08 POINT 369 point-0000369 deposition
G1 A2.938055 C0.000000 X252.693524 Y279.306914 Z-264.817794 E7987.451785682644851 F1200.000000
; T08 POINT 370 point-0000370 deposition
G1 A2.938055 C0.000000 X252.157099 Y279.392132 Z-264.817794 E8010.033402198560375 F1200.000000
; T08 POINT 371 point-0000371 deposition
G1 A2.938055 C0.000000 X251.618020 Y279.458488 Z-264.817794 E8032.614842109560815 F1200.000000
; T08 POINT 372 point-0000372 deposition
G1 A2.938055 C0.000000 X251.076948 Y279.505900 Z-264.817794 E8055.196196169665025 F1200.000000
; T08 POINT 373 point-0000373 deposition
G1 A2.938055 C0.000000 X250.534990 Y279.534286 Z-264.817794 E8077.759106034635395 F1200.000000
; T08 POINT 374 point-0000374 deposition
G1 A2.938055 C0.000000 X250.000000 Y279.543536 Z-264.817794 E8100.004720670763278 F1200.000000
; T08 EVENT event-0000006 retract
G1 E8099.004720670763278 F3000.000000
; T08 POINT 375 point-0000375 depart
G1 A2.938055 C0.000000 X250.000000 Y279.543536 Z-254.817794 F3000.000000
; T08 EVENT event-0000007 index_start
; T08 POINT 376 point-0000376 travel
G1 A14.690277 C0.000000 X250.000000 Y327.329621 Z-185.535248 F3000.000000
; T08 EVENT event-0000008 index_end
; T08 POINT 377 point-0000377 approach
G1 A14.690277 C0.000000 X250.000000 Y327.329621 Z-195.535248 F3000.000000
; T08 EVENT event-0000009 prime
G1 E8100.004720670763278 F1200.000000
; T08 POINT 378 point-0000378 deposition
G1 A14.690277 C0.000000 X249.619436 Y327.324937 Z-195.535248 E8115.827930293390691 F1200.000000
; T08 POINT 379 point-0000379 deposition
G1 A14.690277 C0.000000 X249.239095 Y327.310886 Z-195.535248 E8131.651462665635507 F1200.000000
; T08 POINT 380 point-0000380 deposition
G1 A14.690277 C0.000000 X248.859211 Y327.287477 Z-195.535248 E8147.475152935703218 F1200.000000
; T08 POINT 381 point-0000381 deposition
G1 A14.690277 C0.000000 X248.480018 Y327.254725 Z-195.535248 E8163.298885497378264 F1200.000000
; T08 POINT 382 point-0000382 deposition
G1 A14.690277 C0.000000 X248.101746 Y327.212651 Z-195.535248 E8179.122586256113709 F1200.000000
; T08 POINT 383 point-0000383 deposition
G1 A14.690277 C0.000000 X247.724626 Y327.161279 Z-195.535248 E8194.946215383335809 F1200.000000
; T08 POINT 384 point-0000384 deposition
G1 A14.690277 C0.000000 X247.348886 Y327.100644 Z-195.535248 E8210.769760501520573 F1200.000000
; T08 POINT 385 point-0000385 deposition
G1 A14.690277 C0.000000 X246.974754 Y327.030781 Z-195.535248 E8226.593230239493707 F1200.000000
; T08 POINT 386 point-0000386 deposition
G1 A14.690277 C0.000000 X246.602455 Y326.951736 Z-195.535248 E8242.416648094786298 F1200.000000
; T08 POINT 387 point-0000387 deposition
G1 A14.690277 C0.000000 X246.232214 Y326.863556 Z-195.535248 E8258.240046537753873 F1200.000000
; T08 POINT 388 point-0000388 deposition
G1 A14.690277 C0.000000 X245.864253 Y326.766296 Z-195.535248 E8274.063461290542840 F1200.000000
; T08 POINT 389 point-0000389 deposition
G1 A14.690277 C0.000000 X245.498794 Y326.660016 Z-195.535248 E8289.886925712868282 F1200.000000
; T08 POINT 390 point-0000390 deposition
G1 A14.690277 C0.000000 X245.136057 Y326.544781 Z-195.535248 E8305.710465225953704 F1200.000000
; T08 POINT 391 point-0000391 deposition
G1 A14.690277 C0.000000 X244.776261 Y326.420663 Z-195.535248 E8321.534091705876192 F1200.000000
; T08 POINT 392 point-0000392 deposition
G1 A14.690277 C0.000000 X244.419623 Y326.287737 Z-195.535248 E8337.357797777957430 F1200.000000
; T08 POINT 393 point-0000393 deposition
G1 A14.690277 C0.000000 X244.066359 Y326.146085 Z-195.535248 E8353.181550944745581 F1200.000000
; T08 POINT 394 point-0000394 deposition
G1 A14.690277 C0.000000 X243.716682 Y325.995796 Z-195.535248 E8369.005287481528121 F1200.000000
; T08 POINT 395 point-0000395 deposition
G1 A14.690277 C0.000000 X243.370806 Y325.836963 Z-195.535248 E8384.828906035213624 F1200.000000
; T08 POINT 396 point-0000396 deposition
G1 A14.690277 C0.000000 X243.028942 Y325.669684 Z-195.535248 E8400.652260864797965 F1200.000000
; T08 POINT 397 point-0000397 deposition
G1 A14.690277 C0.000000 X242.691296 Y325.494063 Z-195.535248 E8416.475290521353317 F1200.000000
; T08 POINT 398 point-0000398 deposition
G1 A14.690277 C0.000000 X242.358066 Y325.310205 Z-195.535248 E8432.298233427367085 F1200.000000
; T08 POINT 399 point-0000399 deposition
G1 A14.690277 C0.000000 X242.029450 Y325.118222 Z-195.535248 E8448.121178475573529 F1200.000000
; T08 POINT 400 point-0000400 deposition
G1 A14.690277 C0.000000 X241.705645 Y324.918231 Z-195.535248 E8463.944121552208654 F1200.000000
; T08 POINT 401 point-0000401 deposition
G1 A14.690277 C0.000000 X241.386846 Y324.710353 Z-195.535248 E8479.767065289132629 F1200.000000
; T08 POINT 402 point-0000402 deposition
G1 A14.690277 C0.000000 X241.073244 Y324.494714 Z-195.535248 E8495.590013518267939 F1200.000000
; T08 POINT 403 point-0000403 deposition
G1 A14.690277 C0.000000 X240.765027 Y324.271447 Z-195.535248 E8511.412965700369985 F1200.000000
; T08 POINT 404 point-0000404 deposition
G1 A14.690277 C0.000000 X240.462380 Y324.040686 Z-195.535248 E8527.235913737148775 F1200.000000
; T08 POINT 405 point-0000405 deposition
G1 A14.690277 C0.000000 X240.165483 Y323.802571 Z-195.535248 E8543.058856539407134 F1200.000000
; T08 POINT 406 point-0000406 deposition
G1 A14.690277 C0.000000 X239.874516 Y323.557247 Z-195.535248 E8558.881799784746432 F1200.000000
; T08 POINT 407 point-0000407 deposition
G1 A14.690277 C0.000000 X239.589651 Y323.304862 Z-195.535248 E8574.704744179113492 F1200.000000
; T08 POINT 408 point-0000408 deposition
G1 A14.690277 C0.000000 X239.311061 Y323.045568 Z-195.535248 E8590.527690370143597 F1200.000000
; T08 POINT 409 point-0000409 deposition
G1 A14.690277 C0.000000 X239.038910 Y322.779523 Z-195.535248 E8606.350650556050157 F1200.000000
; T08 POINT 410 point-0000410 deposition
G1 A14.690277 C0.000000 X238.773362 Y322.506885 Z-195.535248 E8622.173661520935407 F1200.000000
; T08 POINT 411 point-0000411 deposition
G1 A14.690277 C0.000000 X238.514575 Y322.227819 Z-195.535248 E8637.996734422103773 F1200.000000
; T08 POINT 412 point-0000412 deposition
G1 A14.690277 C0.000000 X238.262706 Y321.942493 Z-195.535248 E8653.819832500254457 F1200.000000
; T08 POINT 413 point-0000413 deposition
G1 A14.690277 C0.000000 X238.017904 Y321.651081 Z-195.535248 E8669.642923617881201 F1200.000000
; T08 POINT 414 point-0000414 deposition
G1 A14.690277 C0.000000 X237.780318 Y321.353758 Z-195.535248 E8685.465995132225113 F1200.000000
; T08 POINT 415 point-0000415 deposition
G1 A14.690277 C0.000000 X237.550088 Y321.050703 Z-195.535248 E8701.289048421665846 F1200.000000
; T08 POINT 416 point-0000416 deposition
G1 A14.690277 C0.000000 X237.327354 Y320.742098 Z-195.535248 E8717.112093577678836 F1200.000000
; T08 POINT 417 point-0000417 deposition
G1 A14.690277 C0.000000 X237.112248 Y320.428128 Z-195.535248 E8732.935144197312566 F1200.000000
; T08 POINT 418 point-0000418 deposition
G1 A14.690277 C0.000000 X236.904898 Y320.108981 Z-195.535248 E8748.758212210385491 F1200.000000
; T08 POINT 419 point-0000419 deposition
G1 A14.690277 C0.000000 X236.705430 Y319.784850 Z-195.535248 E8764.581302675308349 F1200.000000
; T08 POINT 420 point-0000420 deposition
G1 A14.690277 C0.000000 X236.513962 Y319.455929 Z-195.535248 E8780.404408477641500 F1200.000000
; T08 POINT 421 point-0000421 deposition
G1 A14.690277 C0.000000 X236.330610 Y319.122416 Z-195.535248 E8796.227504866166378 F1200.000000
; T08 POINT 422 point-0000422 deposition
G1 A14.690277 C0.000000 X236.155485 Y318.784512 Z-195.535248 E8812.050549865491750 F1200.000000
; T08 POINT 423 point-0000423 deposition
G1 A14.690277 C0.000000 X235.988690 Y318.442420 Z-195.535248 E8827.873574486231430 F1200.000000
; T08 POINT 424 point-0000424 deposition
G1 A14.690277 C0.000000 X235.830326 Y318.096344 Z-195.535248 E8843.696614832926736 F1200.000000
; T08 POINT 425 point-0000425 deposition
G1 A14.690277 C0.000000 X235.680488 Y317.746491 Z-195.535248 E8859.519684538125661 F1200.000000
; T08 POINT 426 point-0000426 deposition
G1 A14.690277 C0.000000 X235.539266 Y317.393073 Z-195.535248 E8875.342751737366543 F1200.000000
; T08 POINT 427 point-0000427 deposition
G1 A14.690277 C0.000000 X235.406745 Y317.036301 Z-195.535248 E8891.165803636015963 F1200.000000
; T08 POINT 428 point-0000428 deposition
G1 A14.690277 C0.000000 X235.283005 Y316.676390 Z-195.535248 E8906.988840899383228 F1200.000000
; T08 POINT 429 point-0000429 deposition
G1 A14.690277 C0.000000 X235.168120 Y316.313555 Z-195.535248 E8922.811872189242259 F1200.000000
; T08 POINT 430 point-0000430 deposition
G1 A14.690277 C0.000000 X235.062159 Y315.948014 Z-195.535248 E8938.634908782008334 F1200.000000
; T08 POINT 431 point-0000431 deposition
G1 A14.690277 C0.000000 X234.965187 Y315.579987 Z-195.535248 E8954.457959203172767 F1200.000000
; T08 POINT 432 point-0000432 deposition
G1 A14.690277 C0.000000 X234.877261 Y315.209693 Z-195.535248 E8970.281023812429988 F1200.000000
; T08 POINT 433 point-0000433 deposition
G1 A14.690277 C0.000000 X234.798436 Y314.837356 Z-195.535248 E8986.104089274247383 F1200.000000
; T08 POINT 434 point-0000434 deposition
G1 A14.690277 C0.000000 X234.728758 Y314.463200 Z-195.535248 E9001.927125249649932 F1200.000000
; T08 POINT 435 point-0000435 deposition
G1 A14.690277 C0.000000 X234.668270 Y314.087450 Z-195.535248 E9017.750136186468297 F1200.000000
; T08 POINT 436 point-0000436 deposition
G1 A14.690277 C0.000000 X234.617009 Y313.710330 Z-195.535248 E9033.573111297006237 F1200.000000
; T08 POINT 437 point-0000437 deposition
G1 A14.690277 C0.000000 X234.575006 Y313.332068 Z-195.535248 E9049.396079906937087 F1200.000000
; T08 POINT 438 point-0000438 deposition
G1 A14.690277 C0.000000 X234.542286 Y312.952890 Z-195.535248 E9065.219047436610702 F1200.000000
; T08 POINT 439 point-0000439 deposition
G1 A14.690277 C0.000000 X234.518870 Y312.573025 Z-195.535248 E9081.042014479762652 F1200.000000
; T08 POINT 440 point-0000440 deposition
G1 A14.690277 C0.000000 X234.504772 Y312.192699 Z-195.535248 E9096.864981353054302 F1200.000000
; T08 POINT 441 point-0000441 deposition
G1 A14.690277 C0.000000 X234.500001 Y311.812142 Z-195.535248 E9112.687955953516315 F1200.000000
; T08 POINT 442 point-0000442 deposition
G1 A14.690277 C0.000000 X234.504560 Y311.431581 Z-195.535248 E9128.510969031733877 F1200.000000
; T08 POINT 443 point-0000443 deposition
G1 A14.690277 C0.000000 X234.518447 Y311.051246 Z-195.535248 E9144.334010673975057 F1200.000000
; T08 POINT 444 point-0000444 deposition
G1 A14.690277 C0.000000 X234.541655 Y310.671364 Z-195.535248 E9160.157083566308569 F1200.000000
; T08 POINT 445 point-0000445 deposition
G1 A14.690277 C0.000000 X234.574169 Y310.292166 Z-195.535248 E9175.980154895177114 F1200.000000
; T08 POINT 446 point-0000446 deposition
G1 A14.690277 C0.000000 X234.615971 Y309.913880 Z-195.535248 E9191.803210349427842 F1200.000000
; T08 POINT 447 point-0000447 deposition
G1 A14.690277 C0.000000 X234.667037 Y309.536733 Z-195.535248 E9207.626249879356133 F1200.000000
; T08 POINT 448 point-0000448 deposition
G1 A14.690277 C0.000000 X234.727335 Y309.160951 Z-195.535248 E9223.449282053838160 F1200.000000
; T08 POINT 449 point-0000449 deposition
G1 A14.690277 C0.000000 X234.796830 Y308.786761 Z-195.535248 E9239.272318514504318 F1200.000000
; T08 POINT 450 point-0000450 deposition
G1 A14.690277 C0.000000 X234.875481 Y308.414388 Z-195.535248 E9255.095368459953316 F1200.000000
; T08 POINT 451 point-0000451 deposition
G1 A14.690277 C0.000000 X234.963241 Y308.044055 Z-195.535248 E9270.918433092768452 F1200.000000
; T08 POINT 452 point-0000452 deposition
G1 A14.690277 C0.000000 X235.060058 Y307.675986 Z-195.535248 E9286.741499962349196 F1200.000000
; T08 POINT 453 point-0000453 deposition
G1 A14.690277 C0.000000 X235.165873 Y307.310403 Z-195.535248 E9302.564537360120796 F1200.000000
; T08 POINT 454 point-0000454 deposition
G1 A14.690277 C0.000000 X235.280625 Y306.947525 Z-195.535248 E9318.387593462626330 F1200.000000
; T08 POINT 455 point-0000455 deposition
G1 A14.690277 C0.000000 X235.404243 Y306.587571 Z-195.535248 E9334.210679201844278 F1200.000000
; T08 POINT 456 point-0000456 deposition
G1 A14.690277 C0.000000 X235.536655 Y306.230756 Z-195.535248 E9350.033827963256086 F1200.000000
; T08 POINT 457 point-0000457 deposition
G1 A14.690277 C0.000000 X235.677781 Y305.877296 Z-195.535248 E9365.857014321573321 F1200.000000
; T08 POINT 458 point-0000458 deposition
G1 A14.690277 C0.000000 X235.827536 Y305.527405 Z-195.535248 E9381.680193228860783 F1200.000000
; T08 POINT 459 point-0000459 deposition
G1 A14.690277 C0.000000 X235.985831 Y305.181295 Z-195.535248 E9397.503343707443866 F1200.000000
; T08 POINT 460 point-0000460 deposition
G1 A14.690277 C0.000000 X236.152570 Y304.839173 Z-195.535248 E9413.326462928365806 F1200.000000
; T08 POINT 461 point-0000461 deposition
G1 A14.690277 C0.000000 X236.327653 Y304.501246 Z-195.535248 E9429.149560504707075 F1200.000000
; T08 POINT 462 point-0000462 deposition
G1 A14.690277 C0.000000 X236.510975 Y304.167717 Z-195.535248 E9444.972652933703935 F1200.000000
; T08 POINT 463 point-0000463 deposition
G1 A14.690277 C0.000000 X236.702428 Y303.838787 Z-195.535248 E9460.795758120504153 F1200.000000
; T08 POINT 464 point-0000464 deposition
G1 A14.690277 C0.000000 X236.901894 Y303.514653 Z-195.535248 E9476.618889915794861 F1200.000000
; T08 POINT 465 point-0000465 deposition
G1 A14.690277 C0.000000 X237.109256 Y303.195512 Z-195.535248 E9492.442052599426093 F1200.000000
; T08 POINT 466 point-0000466 deposition
G1 A14.690277 C0.000000 X237.324389 Y302.881556 Z-195.535248 E9508.265235242543233 F1200.000000
; T08 POINT 467 point-0000467 deposition
G1 A14.690277 C0.000000 X237.547162 Y302.572975 Z-195.535248 E9524.088405881625459 F1200.000000
; T08 POINT 468 point-0000468 deposition
G1 A14.690277 C0.000000 X237.777440 Y302.269956 Z-195.535248 E9539.911505439203195 F1200.000000
; T08 POINT 469 point-0000469 deposition
G1 A14.690277 C0.000000 X238.015086 Y301.972682 Z-195.535248 E9555.734522475625056 F1200.000000
; T08 POINT 470 point-0000470 deposition
G1 A14.690277 C0.000000 X238.259957 Y301.681331 Z-195.535248 E9571.557500683473823 F1200.000000
; T08 POINT 471 point-0000471 deposition
G1 A14.690277 C0.000000 X238.511905 Y301.396079 Z-195.535248 E9587.380490555421863 F1200.000000
; T08 POINT 472 point-0000472 deposition
G1 A14.690277 C0.000000 X238.770780 Y301.117098 Z-195.535248 E9603.203476929973416 F1200.000000
; T08 POINT 473 point-0000473 deposition
G1 A14.690277 C0.000000 X239.036425 Y300.844556 Z-195.535248 E9619.026452651075699 F1200.000000
; T08 POINT 474 point-0000474 deposition
G1 A14.690277 C0.000000 X239.308681 Y300.578617 Z-195.535248 E9634.849420906232083 F1200.000000
; T08 POINT 475 point-0000475 deposition
G1 A14.690277 C0.000000 X239.587384 Y300.319443 Z-195.535248 E9650.672389688454060 F1200.000000
; T08 POINT 476 point-0000476 deposition
G1 A14.690277 C0.000000 X239.872365 Y300.067189 Z-195.535248 E9666.495366228664510 F1200.000000
; T08 POINT 477 point-0000477 deposition
G1 A14.690277 C0.000000 X240.163454 Y299.822007 Z-195.535248 E9682.318351430974166 F1200.000000
; T08 POINT 478 point-0000478 deposition
G1 A14.690277 C0.000000 X240.460475 Y299.584047 Z-195.535248 E9698.141334343268591 F1200.000000
; T08 POINT 479 point-0000479 deposition
G1 A14.690277 C0.000000 X240.763249 Y299.353451 Z-195.535248 E9713.964292857231381 F1200.000000
; T08 POINT 480 point-0000480 deposition
G1 A14.690277 C0.000000 X241.071592 Y299.130359 Z-195.535248 E9729.787235676544945 F1200.000000
; T08 POINT 481 point-0000481 deposition
G1 A14.690277 C0.000000 X241.385321 Y298.914905 Z-195.535248 E9745.610179156350829 F1200.000000
; T08 POINT 482 point-0000482 deposition
G1 A14.690277 C0.000000 X241.704246 Y298.707220 Z-195.535248 E9761.433119806729461 F1200.000000
; T08 POINT 483 point-0000483 deposition
G1 A14.690277 C0.000000 X242.028174 Y298.507428 Z-195.535248 E9777.256056789116259 F1200.000000
; T08 POINT 484 point-0000484 deposition
G1 A14.690277 C0.000000 X242.356910 Y298.315651 Z-195.535248 E9793.078994055291919 F1200.000000
; T08 POINT 485 point-0000485 deposition
G1 A14.690277 C0.000000 X242.690256 Y298.132005 Z-195.535248 E9808.901934528409023 F1200.000000
; T08 POINT 486 point-0000486 deposition
G1 A14.690277 C0.000000 X243.028012 Y297.956600 Z-195.535248 E9824.724874292622684 F1200.000000
; T08 POINT 487 point-0000487 deposition
G1 A14.690277 C0.000000 X243.369974 Y297.789541 Z-195.535248 E9840.547866310278681 F1200.000000
; T08 POINT 488 point-0000488 deposition
G1 A14.690277 C0.000000 X243.715941 Y297.630928 Z-195.535248 E9856.371091481718442 F1200.000000
; T08 POINT 489 point-0000489 deposition
G1 A14.690277 C0.000000 X244.065704 Y297.480858 Z-195.535248 E9872.194512075844149 F1200.000000
; T08 POINT 490 point-0000490 deposition
G1 A14.690277 C0.000000 X244.419048 Y297.339422 Z-195.535248 E9888.018010574592289 F1200.000000
; T08 POINT 491 point-0000491 deposition
G1 A14.690277 C0.000000 X244.775759 Y297.206707 Z-195.535248 E9903.841508712043142 F1200.000000
; T08 POINT 492 point-0000492 deposition
G1 A14.690277 C0.000000 X245.135621 Y297.082793 Z-195.535248 E9919.664960868220684 F1200.000000
; T08 POINT 493 point-0000493 deposition
G1 A14.690277 C0.000000 X245.498416 Y296.967755 Z-195.535248 E9935.488347839957225 F1200.000000
; T08 POINT 494 point-0000494 deposition
G1 A14.690277 C0.000000 X245.863926 Y296.861662 Z-195.535248 E9951.311670927335863 F1200.000000
; T08 POINT 495 point-0000495 deposition
G1 A14.690277 C0.000000 X246.231930 Y296.764579 Z-195.535248 E9967.134946271889623 F1200.000000
; T08 POINT 496 point-0000496 deposition
G1 A14.690277 C0.000000 X246.602207 Y296.676564 Z-195.535248 E9982.958199380885322 F1200.000000
; T08 POINT 497 point-0000497 deposition
G1 A14.690277 C0.000000 X246.974534 Y296.597669 Z-195.535248 E9998.781459770657408 F1200.000000
; T08 POINT 498 point-0000498 deposition
G1 A14.690277 C0.000000 X247.348687 Y296.527943 Z-195.535248 E10014.604755661092401 F1200.000000
; T08 POINT 499 point-0000499 deposition
G1 A14.690277 C0.000000 X247.724441 Y296.467428 Z-195.535248 E10030.428108652989653 F1200.000000
; T08 POINT 500 point-0000500 deposition
G1 A14.690277 C0.000000 X248.101570 Y296.416159 Z-195.535248 E10046.251528320148631 F1200.000000
; T08 POINT 501 point-0000501 deposition
G1 A14.690277 C0.000000 X248.479846 Y296.374169 Z-195.535248 E10062.075006648654408 F1200.000000
; T08 POINT 502 point-0000502 deposition
G1 A14.690277 C0.000000 X248.859040 Y296.341483 Z-195.535248 E10077.898512256947462 F1200.000000
; T08 POINT 503 point-0000503 deposition
G1 A14.690277 C0.000000 X249.238921 Y296.318120 Z-195.535248 E10093.721984331868899 F1200.000000
; T08 POINT 504 point-0000504 deposition
G1 A14.690277 C0.000000 X249.619259 Y296.304096 Z-195.535248 E10109.545326217970675 F1200.000000
; T08 POINT 505 point-0000505 deposition
G1 A14.690277 C0.000000 X249.999820 Y296.299417 Z-195.535248 E10125.368403936083925 F1200.000000
; T08 POINT 506 point-0000506 deposition
G1 A14.690277 C0.000000 X250.380387 Y296.304087 Z-195.535248 E10141.191735492183198 F1200.000000
; T08 POINT 507 point-0000507 deposition
G1 A14.690277 C0.000000 X250.760737 Y296.318104 Z-195.535248 E10157.015571237466653 F1200.000000
; T08 POINT 508 point-0000508 deposition
G1 A14.690277 C0.000000 X251.140634 Y296.341459 Z-195.535248 E10172.839698331212823 F1200.000000
; T08 POINT 509 point-0000509 deposition
G1 A14.690277 C0.000000 X251.519847 Y296.374139 Z-195.535248 E10188.663957304092073 F1200.000000
; T08 POINT 510 point-0000510 deposition
G1 A14.690277 C0.000000 X251.898142 Y296.416124 Z-195.535248 E10204.488234738743824 F1200.000000
; T08 POINT 511 point-0000511 deposition
G1 A14.690277 C0.000000 X252.275291 Y296.467388 Z-195.535248 E10220.312456413185876 F1200.000000
; T08 POINT 512 point-0000512 deposition
G1 A14.690277 C0.000000 X252.651065 Y296.527900 Z-195.535248 E10236.136580854416261 F1200.000000
; T08 POINT 513 point-0000513 deposition
G1 A14.690277 C0.000000 X253.025237 Y296.597623 Z-195.535248 E10251.960593246770499 F1200.000000
; T08 POINT 514 point-0000514 deposition
G1 A14.690277 C0.000000 X253.397580 Y296.676516 Z-195.535248 E10267.784499637206631 F1200.000000
; T08 POINT 515 point-0000515 deposition
G1 A14.690277 C0.000000 X253.767871 Y296.764529 Z-195.535248 E10283.608321377715299 F1200.000000
; T08 POINT 516 point-0000516 deposition
G1 A14.690277 C0.000000 X254.135888 Y296.861611 Z-195.535248 E10299.432089743496876 F1200.000000
; T08 POINT 517 point-0000517 deposition
G1 A14.690277 C0.000000 X254.501409 Y296.967701 Z-195.535248 E10315.255840664414009 F1200.000000
; T08 POINT 518 point-0000518 deposition
G1 A14.690277 C0.000000 X254.864214 Y297.082738 Z-195.535248 E10331.079609506521141 F1200.000000
; T08 POINT 519 point-0000519 deposition
G1 A14.690277 C0.000000 X255.224086 Y297.206651 Z-195.535248 E10346.903425840192515 F1200.000000
; T08 POINT 520 point-0000520 deposition
G1 A14.690277 C0.000000 X255.580807 Y297.339366 Z-195.535248 E10362.727308131515363 F1200.000000
; T08 POINT 521 point-0000521 deposition
G1 A14.690277 C0.000000 X255.934163 Y297.480802 Z-195.535248 E10378.551258294190957 F1200.000000
; T08 POINT 522 point-0000522 deposition
G1 A14.690277 C0.000000 X256.283939 Y297.630875 Z-195.535248 E10394.375256040180533 F1200.000000
; T08 POINT 523 point-0000523 deposition
G1 A14.690277 C0.000000 X256.629924 Y297.789493 Z-195.535248 E10410.199252968758856 F1200.000000
; T08 POINT 524 point-0000524 deposition
G1 A14.690277 C0.000000 X256.971908 Y297.956559 Z-195.535248 E10426.023173287653332 F1200.000000
; T08 POINT 525 point-0000525 deposition
G1 A14.690277 C0.000000 X257.309685 Y298.131974 Z-195.535248 E10441.847104270219525 F1200.000000
; T08 POINT 526 point-0000526 deposition
G1 A14.690277 C0.000000 X257.643054 Y298.315631 Z-195.535248 E10457.671074183309632 F1200.000000
; T08 POINT 527 point-0000527 deposition
G1 A14.690277 C0.000000 X257.971812 Y298.507420 Z-195.535248 E10473.495027757836234 F1200.000000
; T08 POINT 528 point-0000528 deposition
G1 A14.690277 C0.000000 X258.295759 Y298.707223 Z-195.535248 E10489.318891773187664 F1200.000000
; T08 POINT 529 point-0000529 deposition
G1 A14.690277 C0.000000 X258.614698 Y298.914918 Z-195.535248 E10505.142568570081400 F1200.000000
; T08 POINT 530 point-0000530 deposition
G1 A14.690277 C0.000000 X258.928434 Y299.130378 Z-195.535248 E10520.965929303601236 F1200.000000
; T08 POINT 531 point-0000531 deposition
G1 A14.690277 C0.000000 X259.236779 Y299.353471 Z-195.535248 E10536.788910704746671 F1200.000000
; T08 POINT 532 point-0000532 deposition
G1 A14.690277 C0.000000 X259.539551 Y299.584067 Z-195.535248 E10552.611860342277357 F1200.000000
; T08 POINT 533 point-0000533 deposition
G1 A14.690277 C0.000000 X259.836572 Y299.822029 Z-195.535248 E10568.434834377938694 F1200.000000
; T08 POINT 534 point-0000534 deposition
G1 A14.690277 C0.000000 X260.127660 Y300.067210 Z-195.535248 E10584.257810706250066 F1200.000000
; T08 POINT 535 point-0000535 deposition
G1 A14.690277 C0.000000 X260.412641 Y300.319465 Z-195.535248 E10600.080778373434956 F1200.000000
; T08 POINT 536 point-0000536 deposition
G1 A14.690277 C0.000000 X260.691343 Y300.578640 Z-195.535248 E10615.903738282447966 F1200.000000
; T08 POINT 537 point-0000537 deposition
G1 A14.690277 C0.000000 X260.963598 Y300.844579 Z-195.535248 E10631.726697663584339 F1200.000000
; T08 POINT 538 point-0000538 deposition
G1 A14.690277 C0.000000 X261.229242 Y301.117121 Z-195.535248 E10647.549664509774551 F1200.000000
; T08 POINT 539 point-0000539 deposition
G1 A14.690277 C0.000000 X261.488116 Y301.396103 Z-195.535248 E10663.372642009003305 F1200.000000
; T08 POINT 540 point-0000540 deposition
G1 A14.690277 C0.000000 X261.740064 Y301.681355 Z-195.535248 E10679.195623006274130 F1200.000000
; T08 POINT 541 point-0000541 deposition
G1 A14.690277 C0.000000 X261.984934 Y301.972706 Z-195.535248 E10695.018592340953016 F1200.000000
; T08 POINT 542 point-0000542 deposition
G1 A14.690277 C0.000000 X262.222579 Y302.269981 Z-195.535248 E10710.841600505393226 F1200.000000
; T08 POINT 543 point-0000543 deposition
G1 A14.690277 C0.000000 X262.452857 Y302.573000 Z-195.535248 E10726.664691172467509 F1200.000000
; T08 POINT 544 point-0000544 deposition
G1 A14.690277 C0.000000 X262.675629 Y302.881582 Z-195.535248 E10742.487852930073701 F1200.000000
; T08 POINT 545 point-0000545 deposition
G1 A14.690277 C0.000000 X262.890761 Y303.195538 Z-195.535248 E10758.311026697591079 F1200.000000
; T08 POINT 546 point-0000546 deposition
G1 A14.690277 C0.000000 X263.098122 Y303.514679 Z-195.535248 E10774.134180508891399 F1200.000000
; T08 POINT 547 point-0000547 deposition
G1 A14.690277 C0.000000 X263.297588 Y303.838813 Z-195.535248 E10789.957303433044082 F1200.000000
; T08 POINT 548 point-0000548 deposition
G1 A14.690277 C0.000000 X263.489039 Y304.167743 Z-195.535248 E10805.780399748346765 F1200.000000
; T08 POINT 549 point-0000549 deposition
G1 A14.690277 C0.000000 X263.672361 Y304.501272 Z-195.535248 E10821.603483304455685 F1200.000000
; T08 POINT 550 point-0000550 deposition
G1 A14.690277 C0.000000 X263.847444 Y304.839199 Z-195.535248 E10837.426572006013207 F1200.000000
; T08 POINT 551 point-0000551 deposition
G1 A14.690277 C0.000000 X264.014182 Y305.181321 Z-195.535248 E10853.249682350284563 F1200.000000
; T08 POINT 552 point-0000552 deposition
G1 A14.690277 C0.000000 X264.172476 Y305.527432 Z-195.535248 E10869.072823950930307 F1200.000000
; T08 POINT 553 point-0000553 deposition
G1 A14.690277 C0.000000 X264.322230 Y305.877323 Z-195.535248 E10884.895993980147861 F1200.000000
; T08 POINT 554 point-0000554 deposition
G1 A14.690277 C0.000000 X264.463356 Y306.230783 Z-195.535248 E10900.719171462019770 F1200.000000
; T08 POINT 555 point-0000555 deposition
G1 A14.690277 C0.000000 X264.595767 Y306.587598 Z-195.535248 E10916.542311351008231 F1200.000000
; T08 POINT 556 point-0000556 deposition
G1 A14.690277 C0.000000 X264.719384 Y306.947552 Z-195.535248 E10932.365388222002743 F1200.000000
; T08 POINT 557 point-0000557 deposition
G1 A14.690277 C0.000000 X264.834135 Y307.310430 Z-195.535248 E10948.188435464530999 F1200.000000
; T08 POINT 558 point-0000558 deposition
G1 A14.690277 C0.000000 X264.939949 Y307.676013 Z-195.535248 E10964.011463981050539 F1200.000000
; T08 POINT 559 point-0000559 deposition
G1 A14.690277 C0.000000 X265.036765 Y308.044082 Z-195.535248 E10979.834521973387404 F1200.000000
; T08 POINT 560 point-0000560 deposition
G1 A14.690277 C0.000000 X265.124525 Y308.414415 Z-195.535248 E10995.657577732162118 F1200.000000
; T08 POINT 561 point-0000561 deposition
G1 A14.690277 C0.000000 X265.203175 Y308.786788 Z-195.535248 E11011.480618804934574 F1200.000000
; T08 POINT 562 point-0000562 deposition
G1 A14.690277 C0.000000 X265.272670 Y309.160978 Z-195.535248 E11027.303646392939420 F1200.000000
; T08 POINT 563 point-0000563 deposition
G1 A14.690277 C0.000000 X265.332967 Y309.536759 Z-195.535248 E11043.126669693916073 F1200.000000
; T08 POINT 564 point-0000564 deposition
G1 A14.690277 C0.000000 X265.384032 Y309.913906 Z-195.535248 E11058.949700349128820 F1200.000000
; T08 POINT 565 point-0000565 deposition
G1 A14.690277 C0.000000 X265.425833 Y310.292193 Z-195.535248 E11074.772746927591706 F1200.000000
; T08 POINT 566 point-0000566 deposition
G1 A14.690277 C0.000000 X265.458347 Y310.671391 Z-195.535248 E11090.595809380259242 F1200.000000
; T08 POINT 567 point-0000567 deposition
G1 A14.690277 C0.000000 X265.481554 Y311.051272 Z-195.535248 E11106.418873397183592 F1200.000000
; T08 POINT 568 point-0000568 deposition
G1 A14.690277 C0.000000 X265.495441 Y311.431607 Z-195.535248 E11122.241906166323550 F1200.000000
; T08 POINT 569 point-0000569 deposition
G1 A14.690277 C0.000000 X265.499999 Y311.812167 Z-195.535248 E11138.064910374545710 F1200.000000
; T08 POINT 570 point-0000570 deposition
G1 A14.690277 C0.000000 X265.495228 Y312.192724 Z-195.535248 E11153.887876105747069 F1200.000000
; T08 POINT 571 point-0000571 deposition
G1 A14.690277 C0.000000 X265.481129 Y312.573050 Z-195.535248 E11169.710834104941356 F1200.000000
; T08 POINT 572 point-0000572 deposition
G1 A14.690277 C0.000000 X265.457712 Y312.952916 Z-195.535248 E11185.533792274466973 F1200.000000
; T08 POINT 573 point-0000573 deposition
G1 A14.690277 C0.000000 X265.424991 Y313.332093 Z-195.535248 E11201.356750930401289 F1200.000000
; T08 POINT 574 point-0000574 deposition
G1 A14.690277 C0.000000 X265.382988 Y313.710355 Z-195.535248 E11217.179710666352762 F1200.000000
; T08 POINT 575 point-0000575 deposition
G1 A14.690277 C0.000000 X265.331726 Y314.087474 Z-195.535248 E11233.002676902510757 F1200.000000
; T08 POINT 576 point-0000576 deposition
G1 A14.690277 C0.000000 X265.271238 Y314.463224 Z-195.535248 E11248.825678965240442 F1200.000000
; T08 POINT 577 point-0000577 deposition
G1 A14.690277 C0.000000 X265.201559 Y314.837380 Z-195.535248 E11264.648706061893104 F1200.000000
; T08 POINT 578 point-0000578 deposition
G1 A14.690277 C0.000000 X265.122733 Y315.209716 Z-195.535248 E11280.471762646602836 F1200.000000
; T08 POINT 579 point-0000579 deposition
G1 A14.690277 C0.000000 X265.034807 Y315.580010 Z-195.535248 E11296.294818381244803 F1200.000000
; T08 POINT 580 point-0000580 deposition
G1 A14.690277 C0.000000 X264.937835 Y315.948037 Z-195.535248 E11312.117859928922882 F1200.000000
; T08 POINT 581 point-0000581 deposition
G1 A14.690277 C0.000000 X264.831873 Y316.313577 Z-195.535248 E11327.940887648315473 F1200.000000
; T08 POINT 582 point-0000582 deposition
G1 A14.690277 C0.000000 X264.716988 Y316.676412 Z-195.535248 E11343.763910064247180 F1200.000000
; T08 POINT 583 point-0000583 deposition
G1 A14.690277 C0.000000 X264.593247 Y317.036323 Z-195.535248 E11359.586938452822335 F1200.000000
; T08 POINT 584 point-0000584 deposition
G1 A14.690277 C0.000000 X264.460726 Y317.393094 Z-195.535248 E11375.409981475870555 F1200.000000
; T08 POINT 585 point-0000585 deposition
G1 A14.690277 C0.000000 X264.319504 Y317.746512 Z-195.535248 E11391.233039799138928 F1200.000000
; T08 POINT 586 point-0000586 deposition
G1 A14.690277 C0.000000 X264.169665 Y318.096364 Z-195.535248 E11407.056100628834559 F1200.000000
; T08 POINT 587 point-0000587 deposition
G1 A14.690277 C0.000000 X264.011301 Y318.442440 Z-195.535248 E11422.879132101765175 F1200.000000
; T08 POINT 588 point-0000588 deposition
G1 A14.690277 C0.000000 X263.844506 Y318.784531 Z-195.535248 E11438.702128832516178 F1200.000000
; T08 POINT 589 point-0000589 deposition
G1 A14.690277 C0.000000 X263.669380 Y319.122433 Z-195.535248 E11454.525120046253465 F1200.000000
; T08 POINT 590 point-0000590 deposition
G1 A14.690277 C0.000000 X263.486029 Y319.455945 Z-195.535248 E11470.348152774549388 F1200.000000
; T08 POINT 591 point-0000591 deposition
G1 A14.690277 C0.000000 X263.294562 Y319.784865 Z-195.535248 E11486.171196398159455 F1200.000000
; T08 POINT 592 point-0000592 deposition
G1 A14.690277 C0.000000 X263.095094 Y320.108994 Z-195.535248 E11501.994233027174915 F1200.000000
; T08 POINT 593 point-0000593 deposition
G1 A14.690277 C0.000000 X262.887744 Y320.428140 Z-195.535248 E11517.817257943392346 F1200.000000
; T08 POINT 594 point-0000594 deposition
G1 A14.690277 C0.000000 X262.672638 Y320.742109 Z-195.535248 E11533.640274060195086 F1200.000000
; T08 POINT 595 point-0000595 deposition
G1 A14.690277 C0.000000 X262.449904 Y321.050714 Z-195.535248 E11549.463286491216259 F1200.000000
; T08 POINT 596 point-0000596 deposition
G1 A14.690277 C0.000000 X262.219675 Y321.353768 Z-195.535248 E11565.286297210701477 F1200.000000
; T08 POINT 597 point-0000597 deposition
G1 A14.690277 C0.000000 X261.982089 Y321.651089 Z-195.535248 E11581.109301532272344 F1200.000000
; T08 POINT 598 point-0000598 deposition
G1 A14.690277 C0.000000 X261.737289 Y321.942500 Z-195.535248 E11596.932319899229707 F1200.000000
; T08 POINT 599 point-0000599 deposition
G1 A14.690277 C0.000000 X261.485420 Y322.227824 Z-195.535248 E11612.755351455562179 F1200.000000
; T08 POINT 600 point-0000600 deposition
G1 A14.690277 C0.000000 X261.226634 Y322.506889 Z-195.535248 E11628.578380801372837 F1200.000000
; T08 POINT 601 point-0000601 deposition
G1 A14.690277 C0.000000 X260.961086 Y322.779527 Z-195.535248 E11644.401387009296563 F1200.000000
; T08 POINT 602 point-0000602 deposition
G1 A14.690277 C0.000000 X260.688935 Y323.045572 Z-195.535248 E11660.224344994781260 F1200.000000
; T08 POINT 603 point-0000603 deposition
G1 A14.690277 C0.000000 X260.410344 Y323.304866 Z-195.535248 E11676.047291952092637 F1200.000000
; T08 POINT 604 point-0000604 deposition
G1 A14.690277 C0.000000 X260.125480 Y323.557251 Z-195.535248 E11691.870239924675607 F1200.000000
; T08 POINT 605 point-0000605 deposition
G1 A14.690277 C0.000000 X259.834512 Y323.802575 Z-195.535248 E11707.693184701529988 F1200.000000
; T08 POINT 606 point-0000606 deposition
G1 A14.690277 C0.000000 X259.537616 Y324.040690 Z-195.535248 E11723.516120433927710 F1200.000000
; T08 POINT 607 point-0000607 deposition
G1 A14.690277 C0.000000 X259.234969 Y324.271450 Z-195.535248 E11739.339059880115632 F1200.000000
; T08 POINT 608 point-0000608 deposition
G1 A14.690277 C0.000000 X258.926751 Y324.494718 Z-195.535248 E11755.162003472324585 F1200.000000
; T08 POINT 609 point-0000609 deposition
G1 A14.690277 C0.000000 X258.613150 Y324.710356 Z-195.535248 E11770.984943112052865 F1200.000000
; T08 POINT 610 point-0000610 deposition
G1 A14.690277 C0.000000 X258.294351 Y324.918233 Z-195.535248 E11786.807878259316079 F1200.000000
; T08 POINT 611 point-0000611 deposition
G1 A14.690277 C0.000000 X257.970546 Y325.118225 Z-195.535248 E11802.630812745873826 F1200.000000
; T08 POINT 612 point-0000612 deposition
G1 A14.690277 C0.000000 X257.641930 Y325.310207 Z-195.535248 E11818.453749204010294 F1200.000000
; T08 POINT 613 point-0000613 deposition
G1 A14.690277 C0.000000 X257.308700 Y325.494065 Z-195.535248 E11834.276683520979390 F1200.000000
; T08 POINT 614 point-0000614 deposition
G1 A14.690277 C0.000000 X256.971054 Y325.669686 Z-195.535248 E11850.099704495181433 F1200.000000
; T08 POINT 615 point-0000615 deposition
G1 A14.690277 C0.000000 X256.629190 Y325.836964 Z-195.535248 E11865.923050382796540 F1200.000000
; T08 POINT 616 point-0000616 deposition
G1 A14.690277 C0.000000 X256.283314 Y325.995798 Z-195.535248 E11881.746659802613050 F1200.000000
; T08 POINT 617 point-0000617 deposition
G1 A14.690277 C0.000000 X255.933638 Y326.146087 Z-195.535248 E11897.570387101606669 F1200.000000
; T08 POINT 618 point-0000618 deposition
G1 A14.690277 C0.000000 X255.580374 Y326.287738 Z-195.535248 E11913.394130990693367 F1200.000000
; T08 POINT 619 point-0000619 deposition
G1 A14.690277 C0.000000 X255.223736 Y326.420664 Z-195.535248 E11929.217827789803897 F1200.000000
; T08 POINT 620 point-0000620 deposition
G1 A14.690277 C0.000000 X254.863940 Y326.544782 Z-195.535248 E11945.041445030845333 F1200.000000
; T08 POINT 621 point-0000621 deposition
G1 A14.690277 C0.000000 X254.501204 Y326.660017 Z-195.535248 E11960.864975356731741 F1200.000000
; T08 POINT 622 point-0000622 deposition
G1 A14.690277 C0.000000 X254.135745 Y326.766297 Z-195.535248 E11976.688430652295944 F1200.000000
; T08 POINT 623 point-0000623 deposition
G1 A14.690277 C0.000000 X253.767784 Y326.863556 Z-195.535248 E11992.511836341005362 F1200.000000
; T08 POINT 624 point-0000624 deposition
G1 A14.690277 C0.000000 X253.397543 Y326.951736 Z-195.535248 E12008.335225780014355 F1200.000000
; T08 POINT 625 point-0000625 deposition
G1 A14.690277 C0.000000 X253.025245 Y327.030782 Z-195.535248 E12024.158634685189695 F1200.000000
; T08 POINT 626 point-0000626 deposition
G1 A14.690277 C0.000000 X252.651113 Y327.100644 Z-195.535248 E12039.982095517355815 F1200.000000
; T08 POINT 627 point-0000627 deposition
G1 A14.690277 C0.000000 X252.275373 Y327.161279 Z-195.535248 E12055.805631761120701 F1200.000000
; T08 POINT 628 point-0000628 deposition
G1 A14.690277 C0.000000 X251.898253 Y327.212651 Z-195.535248 E12071.629252028263036 F1200.000000
; T08 POINT 629 point-0000629 deposition
G1 A14.690277 C0.000000 X251.519982 Y327.254725 Z-195.535248 E12087.452943918789437 F1200.000000
; T08 POINT 630 point-0000630 deposition
G1 A14.690277 C0.000000 X251.140788 Y327.287477 Z-195.535248 E12103.276667574399804 F1200.000000
; T08 POINT 631 point-0000631 deposition
G1 A14.690277 C0.000000 X250.760905 Y327.310886 Z-195.535248 E12119.100348861231515 F1200.000000
; T08 POINT 632 point-0000632 deposition
G1 A14.690277 C0.000000 X250.380564 Y327.324937 Z-195.535248 E12134.923872121377796 F1200.000000
; T08 POINT 633 point-0000633 deposition
G1 A14.690277 C0.000000 X250.000000 Y327.329621 Z-195.535248 E12150.747072435787756 F1200.000000
; T08 EVENT event-0000010 retract
G1 E12149.747072435787756 F3000.000000
; T08 POINT 634 point-0000634 depart
G1 A14.690277 C0.000000 X250.000000 Y327.329621 Z-185.535248 F3000.000000
; T08 EVENT event-0000011 index_start
; T08 POINT 635 point-0000635 travel
G1 A32.318610 C0.000000 X250.000000 Y371.246431 Z-71.943032 F3000.000000
; T08 EVENT event-0000012 index_end
; T08 POINT 636 point-0000636 approach
G1 A32.318610 C0.000000 X250.000000 Y371.246431 Z-81.943032 F3000.000000
; T08 EVENT event-0000013 prime
G1 E12150.747072435787756 F1200.000000
; T08 POINT 637 point-0000637 deposition
G1 A32.318610 C0.000000 X249.619614 Y371.241761 Z-81.943032 E12166.562874439045443 F1200.000000
; T08 POINT 638 point-0000638 deposition
G1 A32.318610 C0.000000 X249.239453 Y371.227752 Z-81.943032 E12182.378869290740836 F1200.000000
; T08 POINT 639 point-0000639 deposition
G1 A32.318610 C0.000000 X248.859748 Y371.204412 Z-81.943032 E12198.194952616354394 F1200.000000
; T08 POINT 640 point-0000640 deposition
G1 A32.318610 C0.000000 X248.480730 Y371.171757 Z-81.943032 E12214.011055230692484 F1200.000000
; T08 POINT 641 point-0000641 deposition
G1 A32.318610 C0.000000 X248.102629 Y371.129805 Z-81.943032 E12229.827136545533544 F1200.000000
; T08 POINT 642 point-0000642 deposition
G1 A32.318610 C0.000000 X247.725673 Y371.078583 Z-81.943032 E12245.643178307566825 F1200.000000
; T08 POINT 643 point-0000643 deposition
G1 A32.318610 C0.000000 X247.350089 Y371.018122 Z-81.943032 E12261.459178604700455 F1200.000000
; T08 POINT 644 point-0000644 deposition
G1 A32.318610 C0.000000 X246.976104 Y370.948457 Z-81.943032 E12277.275146076850883 F1200.000000
; T08 POINT 645 point-0000645 deposition
G1 A32.318610 C0.000000 X246.603942 Y370.869632 Z-81.943032 E12293.091094265844540 F1200.000000
; T08 POINT 646 point-0000646 deposition
G1 A32.318610 C0.000000 X246.233827 Y370.781694 Z-81.943032 E12308.907036038074486 F1200.000000
; T08 POINT 647 point-0000647 deposition
G1 A32.318610 C0.000000 X245.865983 Y370.684696 Z-81.943032 E12324.722978013057077 F1200.000000
; T08 POINT 648 point-0000648 deposition
G1 A32.318610 C0.000000 X245.500631 Y370.578697 Z-81.943032 E12340.538914931030747 F1200.000000
; T08 POINT 649 point-0000649 deposition
G1 A32.318610 C0.000000 X245.137991 Y370.463762 Z-81.943032 E12356.354852754414657 F1200.000000
; T08 POINT 650 point-0000650 deposition
G1 A32.318610 C0.000000 X244.778281 Y370.339958 Z-81.943032 E12372.170832510087142 F1200.000000
; T08 POINT 651 point-0000651 deposition
G1 A32.318610 C0.000000 X244.421718 Y370.207362 Z-81.943032 E12387.986851807368512 F1200.000000
; T08 POINT 652 point-0000652 deposition
G1 A32.318610 C0.000000 X244.068516 Y370.066054 Z-81.943032 E12403.802900597301783 F1200.000000
; T08 POINT 653 point-0000653 deposition
G1 A32.318610 C0.000000 X243.718889 Y369.916118 Z-81.943032 E12419.618956805872993 F1200.000000
; T08 POINT 654 point-0000654 deposition
G1 A32.318610 C0.000000 X243.373047 Y369.757647 Z-81.943032 E12435.434980339692966 F1200.000000
; T08 POINT 655 point-0000655 deposition
G1 A32.318610 C0.000000 X243.031202 Y369.590736 Z-81.943032 E12451.250912110350801 F1200.000000
; T08 POINT 656 point-0000656 deposition
G1 A32.318610 C0.000000 X242.693554 Y369.415484 Z-81.943032 E12467.066926073841549 F1200.000000
; T08 POINT 657 point-0000657 deposition
G1 A32.318610 C0.000000 X242.360304 Y369.231997 Z-81.943032 E12482.883151748976417 F1200.000000
; T08 POINT 658 point-0000658 deposition
G1 A32.318610 C0.000000 X242.031654 Y369.040384 Z-81.943032 E12498.699552338810987 F1200.000000
; T08 POINT 659 point-0000659 deposition
G1 A32.318610 C0.000000 X241.707804 Y368.840762 Z-81.943032 E12514.516029977593202 F1200.000000
; T08 POINT 660 point-0000660 deposition
G1 A32.318610 C0.000000 X241.388950 Y368.633253 Z-81.943032 E12530.332517381131721 F1200.000000
; T08 POINT 661 point-0000661 deposition
G1 A32.318610 C0.000000 X241.075285 Y368.417983 Z-81.943032 E12546.148971422357768 F1200.000000
; T08 POINT 662 point-0000662 deposition
G1 A32.318610 C0.000000 X240.766998 Y368.195081 Z-81.943032 E12561.965366944109391 F1200.000000
; T08 POINT 663 point-0000663 deposition
G1 A32.318610 C0.000000 X240.464274 Y367.964683 Z-81.943032 E12577.781690797613146 F1200.000000
; T08 POINT 664 point-0000664 deposition
G1 A32.318610 C0.000000 X240.167296 Y367.726928 Z-81.943032 E12593.597938298309576 F1200.000000
; T08 POINT 665 point-0000665 deposition
G1 A32.318610 C0.000000 X239.876243 Y367.481958 Z-81.943032 E12609.414126109283855 F1200.000000
; T08 POINT 666 point-0000666 deposition
G1 A32.318610 C0.000000 X239.591288 Y367.229922 Z-81.943032 E12625.230272733180887 F1200.000000
; T08 POINT 667 point-0000667 deposition
G1 A32.318610 C0.000000 X239.312603 Y366.970970 Z-81.943032 E12641.046401267783317 F1200.000000
; T08 POINT 668 point-0000668 deposition
G1 A32.318610 C0.000000 X239.040355 Y366.705259 Z-81.943032 E12656.862537003131527 F1200.000000
; T08 POINT 669 point-0000669 deposition
G1 A32.318610 C0.000000 X238.774707 Y366.432948 Z-81.943032 E12672.678706391738562 F1200.000000
; T08 POINT 670 point-0000670 deposition
G1 A32.318610 C0.000000 X238.515819 Y366.154200 Z-81.943032 E12688.494970651412443 F1200.000000
; T08 POINT 671 point-0000671 deposition
G1 A32.318610 C0.000000 X238.263845 Y365.869183 Z-81.943032 E12704.311328018566633 F1200.000000
; T08 POINT 672 point-0000672 deposition
G1 A32.318610 C0.000000 X238.018938 Y365.578069 Z-81.943032 E12720.127761436856103 F1200.000000
; T08 POINT 673 point-0000673 deposition
G1 A32.318610 C0.000000 X237.781247 Y365.281032 Z-81.943032 E12735.944254449704393 F1200.000000
; T08 POINT 674 point-0000674 deposition
G1 A32.318610 C0.000000 X237.550913 Y364.978254 Z-81.943032 E12751.760785443170843 F1200.000000
; T08 POINT 675 point-0000675 deposition
G1 A32.318610 C0.000000 X237.328076 Y364.669915 Z-81.943032 E12767.577321820243208 F1200.000000
; T08 POINT 676 point-0000676 deposition
G1 A32.318610 C0.000000 X237.112871 Y364.356204 Z-81.943032 E12783.393814044125495 F1200.000000
; T08 POINT 677 point-0000677 deposition
G1 A32.318610 C0.000000 X236.905428 Y364.037310 Z-81.943032 E12799.210189489062189 F1200.000000
; T08 POINT 678 point-0000678 deposition
G1 A32.318610 C0.000000 X236.705874 Y363.713428 Z-81.943032 E12815.026346038677419 F1200.000000
; T08 POINT 679 point-0000679 deposition
G1 A32.318610 C0.000000 X236.514327 Y363.384753 Z-81.943032 E12830.842263869938499 F1200.000000
; T08 POINT 680 point-0000680 deposition
G1 A32.318610 C0.000000 X236.330889 Y363.051456 Z-81.943032 E12846.659224066849921 F1200.000000
; T08 POINT 681 point-0000681 deposition
G1 A32.318610 C0.000000 X236.155671 Y362.713734 Z-81.943032 E12862.477314750136344 F1200.000000
; T08 POINT 682 point-0000682 deposition
G1 A32.318610 C0.000000 X235.988783 Y362.371799 Z-81.943032 E12878.296186473295689 F1200.000000
; T08 POINT 683 point-0000683 deposition
G1 A32.318610 C0.000000 X235.830329 Y362.025860 Z-81.943032 E12894.115604554230955 F1200.000000
; T08 POINT 684 point-0000684 deposition
G1 A32.318610 C0.000000 X235.680408 Y361.676129 Z-81.943032 E12909.935383520805851 F1200.000000
; T08 POINT 685 point-0000685 deposition
G1 A32.318610 C0.000000 X235.539111 Y361.322821 Z-81.943032 E12925.755325173759398 F1200.000000
; T08 POINT 686 point-0000686 deposition
G1 A32.318610 C0.000000 X235.406526 Y360.966153 Z-81.943032 E12941.575280496993277 F1200.000000
; T08 POINT 687 point-0000687 deposition
G1 A32.318610 C0.000000 X235.282734 Y360.606340 Z-81.943032 E12957.395142336325729 F1200.000000
; T08 POINT 688 point-0000688 deposition
G1 A32.318610 C0.000000 X235.167808 Y360.243602 Z-81.943032 E12973.214838592007451 F1200.000000
; T08 POINT 689 point-0000689 deposition
G1 A32.318610 C0.000000 X235.061819 Y359.878159 Z-81.943032 E12989.034325837982956 F1200.000000
; T08 POINT 690 point-0000690 deposition
G1 A32.318610 C0.000000 X234.964831 Y359.510230 Z-81.943032 E13004.853583285234703 F1200.000000
; T08 POINT 691 point-0000691 deposition
G1 A32.318610 C0.000000 X234.876900 Y359.140037 Z-81.943032 E13020.672607010880280 F1200.000000
; T08 POINT 692 point-0000692 deposition
G1 A32.318610 C0.000000 X234.798080 Y358.767804 Z-81.943032 E13036.491404378957312 F1200.000000
; T08 POINT 693 point-0000693 deposition
G1 A32.318610 C0.000000 X234.728418 Y358.393754 Z-81.943032 E13052.309988582949663 F1200.000000
; T08 POINT 694 point-0000694 deposition
G1 A32.318610 C0.000000 X234.667955 Y358.018112 Z-81.943032 E13068.128373244075136 F1200.000000
; T08 POINT 695 point-0000695 deposition
G1 A32.318610 C0.000000 X234.616728 Y357.641104 Z-81.943032 E13083.946588505174129 F1200.000000
; T08 POINT 696 point-0000696 deposition
G1 A32.318610 C0.000000 X234.574766 Y357.262955 Z-81.943032 E13099.764713905432549 F1200.000000
; T08 POINT 697 point-0000697 deposition
G1 A32.318610 C0.000000 X234.542096 Y356.883890 Z-81.943032 E13115.582799221342066 F1200.000000
; T08 POINT 698 point-0000698 deposition
G1 A32.318610 C0.000000 X234.518736 Y356.504138 Z-81.943032 E13131.400897628993045 F1200.000000
; T08 POINT 699 point-0000699 deposition
G1 A32.318610 C0.000000 X234.504701 Y356.123926 Z-81.943032 E13147.219063390671764 F1200.000000
; T08 POINT 700 point-0000700 deposition
G1 A32.318610 C0.000000 X234.500000 Y355.743480 Z-81.943032 E13163.037346831831743 F1200.000000
; T08 POINT 701 point-0000701 deposition
G1 A32.318610 C0.000000 X234.504635 Y355.363031 Z-81.943032 E13178.855789458248603 F1200.000000
; T08 POINT 702 point-0000702 deposition
G1 A32.318610 C0.000000 X234.518605 Y354.982804 Z-81.943032 E13194.674454959918964 F1200.000000
; T08 POINT 703 point-0000703 deposition
G1 A32.318610 C0.000000 X234.541901 Y354.603028 Z-81.943032 E13210.493371654052797 F1200.000000
; T08 POINT 704 point-0000704 deposition
G1 A32.318610 C0.000000 X234.574509 Y354.223932 Z-81.943032 E13226.312532453393835 F1200.000000
; T08 POINT 705 point-0000705 deposition
G1 A32.318610 C0.000000 X234.616412 Y353.845746 Z-81.943032 E13242.131926458356615 F1200.000000
; T08 POINT 706 point-0000706 deposition
G1 A32.318610 C0.000000 X234.667583 Y353.468696 Z-81.943032 E13257.951533260823528 F1200.000000
; T08 POINT 707 point-0000707 deposition
G1 A32.318610 C0.000000 X234.727993 Y353.093012 Z-81.943032 E13273.771317140131983 F1200.000000
; T08 POINT 708 point-0000708 deposition
G1 A32.318610 C0.000000 X234.797605 Y352.718920 Z-81.943032 E13289.591221079307496 F1200.000000
; T08 POINT 709 point-0000709 deposition
G1 A32.318610 C0.000000 X234.876377 Y352.346649 Z-81.943032 E13305.411160524930981 F1200.000000
; T08 POINT 710 point-0000710 deposition
G1 A32.318610 C0.000000 X234.964261 Y351.976425 Z-81.943032 E13321.231016809292214 F1200.000000
; T08 POINT 711 point-0000711 deposition
G1 A32.318610 C0.000000 X235.061204 Y351.608475 Z-81.943032 E13337.050630148675921 F1200.000000
; T08 POINT 712 point-0000712 deposition
G1 A32.318610 C0.000000 X235.167144 Y351.243025 Z-81.943032 E13352.869792126864871 F1200.000000
; T08 POINT 713 point-0000713 deposition
G1 A32.318610 C0.000000 X235.282016 Y350.880302 Z-81.943032 E13368.688237568243316 F1200.000000
; T08 POINT 714 point-0000714 deposition
G1 A32.318610 C0.000000 X235.405746 Y350.520529 Z-81.943032 E13384.505684674074720 F1200.000000
; T08 POINT 715 point-0000715 deposition
G1 A32.318610 C0.000000 X235.538258 Y350.163928 Z-81.943032 E13400.321939017329198 F1200.000000
; T08 POINT 716 point-0000716 deposition
G1 A32.318610 C0.000000 X235.679486 Y349.810672 Z-81.943032 E13416.138829107933457 F1200.000000
; T08 POINT 717 point-0000717 deposition
G1 A32.318610 C0.000000 X235.829351 Y349.460962 Z-81.943032 E13431.956891996932532 F1200.000000
; T08 POINT 718 point-0000718 deposition
G1 A32.318610 C0.000000 X235.987762 Y349.115017 Z-81.943032 E13447.775788676611789 F1200.000000
; T08 POINT 719 point-0000719 deposition
G1 A32.318610 C0.000000 X236.154622 Y348.773053 Z-81.943032 E13463.595244534852055 F1200.000000
; T08 POINT 720 point-0000720 deposition
G1 A32.318610 C0.000000 X236.329828 Y348.435279 Z-81.943032 E13479.415040397829019 F1200.000000
; T08 POINT 721 point-0000721 deposition
G1 A32.318610 C0.000000 X236.513274 Y348.101904 Z-81.943032 E13495.235004272126995 F1200.000000
; T08 POINT 722 point-0000722 deposition
G1 A32.318610 C0.000000 X236.704848 Y347.773131 Z-81.943032 E13511.055003682243614 F1200.000000
; T08 POINT 723 point-0000723 deposition
G1 A32.318610 C0.000000 X236.904433 Y347.449161 Z-81.943032 E13526.874938504415921 F1200.000000
; T08 POINT 724 point-0000724 deposition
G1 A32.318610 C0.000000 X237.111909 Y347.130190 Z-81.943032 E13542.694734202835281 F1200.000000
; T08 POINT 725 point-0000725 deposition
G1 A32.318610 C0.000000 X237.327148 Y346.816411 Z-81.943032 E13558.514335379573184 F1200.000000
; T08 POINT 726 point-0000726 deposition
G1 A32.318610 C0.000000 X237.550020 Y346.508015 Z-81.943032 E13574.333699554833618 F1200.000000
; T08 POINT 727 point-0000727 deposition
G1 A32.318610 C0.000000 X237.780391 Y346.205187 Z-81.943032 E13590.152791099433965 F1200.000000
; T08 POINT 728 point-0000728 deposition
G1 A32.318610 C0.000000 X238.018121 Y345.908111 Z-81.943032 E13605.971588743277074 F1200.000000
; T08 POINT 729 point-0000729 deposition
G1 A32.318610 C0.000000 X238.263068 Y345.616962 Z-81.943032 E13621.790172805592871 F1200.000000
; T08 POINT 730 point-0000730 deposition
G1 A32.318610 C0.000000 X238.515084 Y345.331917 Z-81.943032 E13637.608578037627453 F1200.000000
; T08 POINT 731 point-0000731 deposition
G1 A32.318610 C0.000000 X238.774018 Y345.053145 Z-81.943032 E13653.426837657821207 F1200.000000
; T08 POINT 732 point-0000732 deposition
G1 A32.318610 C0.000000 X239.039714 Y344.780815 Z-81.943032 E13669.244998023189767 F1200.000000
; T08 POINT 733 point-0000733 deposition
G1 A32.318610 C0.000000 X239.312014 Y344.515088 Z-81.943032 E13685.063113546300464 F1200.000000
; T08 POINT 734 point-0000734 deposition
G1 A32.318610 C0.000000 X239.590754 Y344.256125 Z-81.943032 E13700.881241631622167 F1200.000000
; T08 POINT 735 point-0000735 deposition
G1 A32.318610 C0.000000 X239.875767 Y344.004080 Z-81.943032 E13716.699437623988531 F1200.000000
; T08 POINT 736 point-0000736 deposition
G1 A32.318610 C0.000000 X240.166883 Y343.759105 Z-81.943032 E13732.517749762387513 F1200.000000
; T08 POINT 737 point-0000737 deposition
G1 A32.318610 C0.000000 X240.463927 Y343.521347 Z-81.943032 E13748.336214132150251 F1200.000000
; T08 POINT 738 point-0000738 deposition
G1 A32.318610 C0.000000 X240.766720 Y343.290949 Z-81.943032 E13764.154861551707685 F1200.000000
; T08 POINT 739 point-0000739 deposition
G1 A32.318610 C0.000000 X241.075083 Y343.068050 Z-81.943032 E13779.973735616747803 F1200.000000
; T08 POINT 740 point-0000740 deposition
G1 A32.318610 C0.000000 X241.388828 Y342.852783 Z-81.943032 E13795.792849515973691 F1200.000000
; T08 POINT 741 point-0000741 deposition
G1 A32.318610 C0.000000 X241.707768 Y342.645280 Z-81.943032 E13811.612204398214013 F1200.000000
; T08 POINT 742 point-0000742 deposition
G1 A32.318610 C0.000000 X242.031710 Y342.445665 Z-81.943032 E13827.431785438133788 F1200.000000
; T08 POINT 743 point-0000743 deposition
G1 A32.318610 C0.000000 X242.360459 Y342.254061 Z-81.943032 E13843.251556020808132 F1200.000000
; T08 POINT 744 point-0000744 deposition
G1 A32.318610 C0.000000 X242.693814 Y342.070583 Z-81.943032 E13859.071452193271287 F1200.000000
; T08 POINT 745 point-0000745 deposition
G1 A32.318610 C0.000000 X243.031577 Y341.895341 Z-81.943032 E13874.891518228497304 F1200.000000
; T08 POINT 746 point-0000746 deposition
G1 A32.318610 C0.000000 X243.373542 Y341.728443 Z-81.943032 E13890.711672000082487 F1200.000000
; T08 POINT 747 point-0000747 deposition
G1 A32.318610 C0.000000 X243.719498 Y341.569992 Z-81.943032 E13906.531675717096375 F1200.000000
; T08 POINT 748 point-0000748 deposition
G1 A32.318610 C0.000000 X244.069230 Y341.420085 Z-81.943032 E13922.351274168734903 F1200.000000
; T08 POINT 749 point-0000749 deposition
G1 A32.318610 C0.000000 X244.422522 Y341.278815 Z-81.943032 E13938.170186081555050 F1200.000000
; T08 POINT 750 point-0000750 deposition
G1 A32.318610 C0.000000 X244.779152 Y341.146267 Z-81.943032 E13953.988095115846358 F1200.000000
; T08 POINT 751 point-0000751 deposition
G1 A32.318610 C0.000000 X245.138897 Y341.022523 Z-81.943032 E13969.804662170805996 F1200.000000
; T08 POINT 752 point-0000752 deposition
G1 A32.318610 C0.000000 X245.501559 Y340.907650 Z-81.943032 E13985.620682413389251 F1200.000000
; T08 POINT 753 point-0000753 deposition
G1 A32.318610 C0.000000 X245.866930 Y340.801712 Z-81.943032 E14001.436705019430399 F1200.000000
; T08 POINT 754 point-0000754 deposition
G1 A32.318610 C0.000000 X246.234792 Y340.704773 Z-81.943032 E14017.252715722471271 F1200.000000
; T08 POINT 755 point-0000755 deposition
G1 A32.318610 C0.000000 X246.604921 Y340.616892 Z-81.943032 E14033.068716331187109 F1200.000000
; T08 POINT 756 point-0000756 deposition
G1 A32.318610 C0.000000 X246.977096 Y340.538122 Z-81.943032 E14048.884719120196045 F1200.000000
; T08 POINT 757 point-0000757 deposition
G1 A32.318610 C0.000000 X247.351093 Y340.468509 Z-81.943032 E14064.700741346281212 F1200.000000
; T08 POINT 758 point-0000758 deposition
G1 A32.318610 C0.000000 X247.726686 Y340.408096 Z-81.943032 E14080.516799823400429 F1200.000000
; T08 POINT 759 point-0000759 deposition
G1 A32.318610 C0.000000 X248.103650 Y340.356920 Z-81.943032 E14096.332905489417298 F1200.000000
; T08 POINT 760 point-0000760 deposition
G1 A32.318610 C0.000000 X248.481757 Y340.315011 Z-81.943032 E14112.149057897547570 F1200.000000
; T08 POINT 761 point-0000761 deposition
G1 A32.318610 C0.000000 X248.860780 Y340.282394 Z-81.943032 E14127.965239566058566 F1200.000000
; T08 POINT 762 point-0000762 deposition
G1 A32.318610 C0.000000 X249.240489 Y340.259090 Z-81.943032 E14143.781410120797759 F1200.000000
; T08 POINT 763 point-0000763 deposition
G1 A32.318610 C0.000000 X249.620654 Y340.245112 Z-81.943032 E14159.597500166650323 F1200.000000
; T08 POINT 764 point-0000764 deposition
G1 A32.318610 C0.000000 X250.001043 Y340.240469 Z-81.943032 E14175.413404826033315 F1200.000000
; T08 POINT 765 point-0000765 deposition
G1 A32.318610 C0.000000 X250.381434 Y340.245164 Z-81.943032 E14191.229423133256292 F1200.000000
; T08 POINT 766 point-0000766 deposition
G1 A32.318610 C0.000000 X250.761616 Y340.259194 Z-81.943032 E14207.046332815845325 F1200.000000
; T08 POINT 767 point-0000767 deposition
G1 A32.318610 C0.000000 X251.141354 Y340.282552 Z-81.943032 E14222.863851228223911 F1200.000000
; T08 POINT 768 point-0000768 deposition
G1 A32.318610 C0.000000 X251.520413 Y340.315225 Z-81.943032 E14238.681718107572191 F1200.000000
; T08 POINT 769 point-0000769 deposition
G1 A32.318610 C0.000000 X251.898559 Y340.357193 Z-81.943032 E14254.499734273874564 F1200.000000
; T08 POINT 770 point-0000770 deposition
G1 A32.318610 C0.000000 X252.275561 Y340.408430 Z-81.943032 E14270.317753835026064 F1200.000000
; T08 POINT 771 point-0000771 deposition
G1 A32.318610 C0.000000 X252.651190 Y340.468905 Z-81.943032 E14286.135676982228466 F1200.000000
; T08 POINT 772 point-0000772 deposition
G1 A32.318610 C0.000000 X253.025217 Y340.538582 Z-81.943032 E14301.953443301972405 F1200.000000
; T08 POINT 773 point-0000773 deposition
G1 A32.318610 C0.000000 X253.397417 Y340.617417 Z-81.943032 E14317.771025533993540 F1200.000000
; T08 POINT 774 point-0000774 deposition
G1 A32.318610 C0.000000 X253.767566 Y340.705364 Z-81.943032 E14333.588423707472296 F1200.000000
; T08 POINT 775 point-0000775 deposition
G1 A32.318610 C0.000000 X254.135440 Y340.802368 Z-81.943032 E14349.405659590372568 F1200.000000
; T08 POINT 776 point-0000776 deposition
G1 A32.318610 C0.000000 X254.500820 Y340.908371 Z-81.943032 E14365.222771389146721 F1200.000000
; T08 POINT 777 point-0000777 deposition
G1 A32.318610 C0.000000 X254.863487 Y341.023311 Z-81.943032 E14381.039808638033192 F1200.000000
; T08 POINT 778 point-0000778 deposition
G1 A32.318610 C0.000000 X255.223222 Y341.147116 Z-81.943032 E14396.856827218813032 F1200.000000
; T08 POINT 779 point-0000779 deposition
G1 A32.318610 C0.000000 X255.579812 Y341.279715 Z-81.943032 E14412.673884453146770 F1200.000000
; T08 POINT 780 point-0000780 deposition
G1 A32.318610 C0.000000 X255.933041 Y341.421026 Z-81.943032 E14428.491034210470212 F1200.000000
; T08 POINT 781 point-0000781 deposition
G1 A32.318610 C0.000000 X256.282699 Y341.570966 Z-81.943032 E14444.308321974869320 F1200.000000
; T08 POINT 782 point-0000782 deposition
G1 A32.318610 C0.000000 X256.628575 Y341.729445 Z-81.943032 E14460.125779814382525 F1200.000000
; T08 POINT 783 point-0000783 deposition
G1 A32.318610 C0.000000 X256.970460 Y341.896367 Z-81.943032 E14475.943421195792367 F1200.000000
; T08 POINT 784 point-0000784 deposition
G1 A32.318610 C0.000000 X257.308150 Y342.071633 Z-81.943032 E14491.761235587172364 F1200.000000
; T08 POINT 785 point-0000785 deposition
G1 A32.318610 C0.000000 X257.641438 Y342.255136 Z-81.943032 E14507.579182789270894 F1200.000000
; T08 POINT 786 point-0000786 deposition
G1 A32.318610 C0.000000 X257.970123 Y342.446765 Z-81.943032 E14523.397186935251796 F1200.000000
; T08 POINT 787 point-0000787 deposition
G1 A32.318610 C0.000000 X258.294005 Y342.646403 Z-81.943032 E14539.215130096409134 F1200.000000
; T08 POINT 788 point-0000788 deposition
G1 A32.318610 C0.000000 X258.612884 Y342.853927 Z-81.943032 E14555.032845429252051 F1200.000000
; T08 POINT 789 point-0000789 deposition
G1 A32.318610 C0.000000 X258.926564 Y343.069210 Z-81.943032 E14570.850109796860904 F1200.000000
; T08 POINT 790 point-0000790 deposition
G1 A32.318610 C0.000000 X259.234854 Y343.292117 Z-81.943032 E14586.666731871580115 F1200.000000
; T08 POINT 791 point-0000791 deposition
G1 A32.318610 C0.000000 X259.537571 Y343.522516 Z-81.943032 E14602.482877448595298 F1200.000000
; T08 POINT 792 point-0000792 deposition
G1 A32.318610 C0.000000 X259.834537 Y343.760270 Z-81.943032 E14618.298688576005138 F1200.000000
; T08 POINT 793 point-0000793 deposition
G1 A32.318610 C0.000000 X260.125581 Y344.005244 Z-81.943032 E14634.114687370374638 F1200.000000
; T08 POINT 794 point-0000794 deposition
G1 A32.318610 C0.000000 X260.410528 Y344.257287 Z-81.943032 E14649.930800661118422 F1200.000000
; T08 POINT 795 point-0000795 deposition
G1 A32.318610 C0.000000 X260.689205 Y344.516249 Z-81.943032 E14665.746960319479250 F1200.000000
; T08 POINT 796 point-0000796 deposition
G1 A32.318610 C0.000000 X260.961443 Y344.781972 Z-81.943032 E14681.563121880227653 F1200.000000
; T08 POINT 797 point-0000797 deposition
G1 A32.318610 C0.000000 X261.227077 Y345.054295 Z-81.943032 E14697.379258384363925 F1200.000000
; T08 POINT 798 point-0000798 deposition
G1 A32.318610 C0.000000 X261.485947 Y345.333055 Z-81.943032 E14713.195354442858711 F1200.000000
; T08 POINT 799 point-0000799 deposition
G1 A32.318610 C0.000000 X261.737898 Y345.618082 Z-81.943032 E14729.011400506705466 F1200.000000
; T08 POINT 800 point-0000800 deposition
G1 A32.318610 C0.000000 X261.982777 Y345.909206 Z-81.943032 E14744.827394651216686 F1200.000000
; T08 POINT 801 point-0000801 deposition
G1 A32.318610 C0.000000 X262.220439 Y346.206251 Z-81.943032 E14760.643416226672230 F1200.000000
; T08 POINT 802 point-0000802 deposition
G1 A32.318610 C0.000000 X262.450740 Y346.509040 Z-81.943032 E14776.459469039739656 F1200.000000
; T08 POINT 803 point-0000803 deposition
G1 A32.318610 C0.000000 X262.673542 Y346.817390 Z-81.943032 E14792.275540689814766 F1200.000000
; T08 POINT 804 point-0000804 deposition
G1 A32.318610 C0.000000 X262.888710 Y347.131115 Z-81.943032 E14808.091631044384236 F1200.000000
; T08 POINT 805 point-0000805 deposition
G1 A32.318610 C0.000000 X263.096114 Y347.450026 Z-81.943032 E14823.907746615474691 F1200.000000
; T08 POINT 806 point-0000806 deposition
G1 A32.318610 C0.000000 X263.295631 Y347.773931 Z-81.943032 E14839.723895011271134 F1200.000000
; T08 POINT 807 point-0000807 deposition
G1 A32.318610 C0.000000 X263.487140 Y348.102636 Z-81.943032 E14855.540079397206776 F1200.000000
; T08 POINT 808 point-0000808 deposition
G1 A32.318610 C0.000000 X263.670526 Y348.435941 Z-81.943032 E14871.356292900743833 F1200.000000
; T08 POINT 809 point-0000809 deposition
G1 A32.318610 C0.000000 X263.845677 Y348.773647 Z-81.943032 E14887.172512894486060 F1200.000000
; T08 POINT 810 point-0000810 deposition
G1 A32.318610 C0.000000 X264.012489 Y349.115548 Z-81.943032 E14902.988695093147550 F1200.000000
; T08 POINT 811 point-0000811 deposition
G1 A32.318610 C0.000000 X264.170859 Y349.461436 Z-81.943032 E14918.804767401289858 F1200.000000
; T08 POINT 812 point-0000812 deposition
G1 A32.318610 C0.000000 X264.320693 Y349.811104 Z-81.943032 E14934.620681585957564 F1200.000000
; T08 POINT 813 point-0000813 deposition
G1 A32.318610 C0.000000 X264.461907 Y350.164356 Z-81.943032 E14950.437199282075759 F1200.000000
; T08 POINT 814 point-0000814 deposition
G1 A32.318610 C0.000000 X264.594415 Y350.520981 Z-81.943032 E14966.254364367243475 F1200.000000
; T08 POINT 815 point-0000815 deposition
G1 A32.318610 C0.000000 X264.718136 Y350.880761 Z-81.943032 E14982.071950884487622 F1200.000000
; T08 POINT 816 point-0000816 deposition
G1 A32.318610 C0.000000 X264.832992 Y351.243475 Z-81.943032 E14997.889852776020637 F1200.000000
; T08 POINT 817 point-0000817 deposition
G1 A32.318610 C0.000000 X264.938914 Y351.608902 Z-81.943032 E15013.707904534702907 F1200.000000
; T08 POINT 818 point-0000818 deposition
G1 A32.318610 C0.000000 X265.035837 Y351.976819 Z-81.943032 E15029.525980590963870 F1200.000000
; T08 POINT 819 point-0000819 deposition
G1 A32.318610 C0.000000 X265.123702 Y352.347002 Z-81.943032 E15045.343994332116759 F1200.000000
; T08 POINT 820 point-0000820 deposition
G1 A32.318610 C0.000000 X265.202456 Y352.719227 Z-81.943032 E15061.161891483637303 F1200.000000
; T08 POINT 821 point-0000821 deposition
G1 A32.318610 C0.000000 X265.272052 Y353.093269 Z-81.943032 E15076.979643884835594 F1200.000000
; T08 POINT 822 point-0000822 deposition
G1 A32.318610 C0.000000 X265.332447 Y353.468902 Z-81.943032 E15092.797243580169297 F1200.000000
; T08 POINT 823 point-0000823 deposition
G1 A32.318610 C0.000000 X265.383607 Y353.845901 Z-81.943032 E15108.614697151227314 F1200.000000
; T08 POINT 824 point-0000824 deposition
G1 A32.318610 C0.000000 X265.425501 Y354.224039 Z-81.943032 E15124.432020218062026 F1200.000000
; T08 POINT 825 point-0000825 deposition
G1 A32.318610 C0.000000 X265.458104 Y354.603088 Z-81.943032 E15140.249232041986236 F1200.000000
; T08 POINT 826 point-0000826 deposition
G1 A32.318610 C0.000000 X265.481396 Y354.982821 Z-81.943032 E15156.066350165160316 F1200.000000
; T08 POINT 827 point-0000827 deposition
G1 A32.318610 C0.000000 X265.495364 Y355.363008 Z-81.943032 E15171.883386450328600 F1200.000000
; T08 POINT 828 point-0000828 deposition
G1 A32.318610 C0.000000 X265.500000 Y355.743424 Z-81.943032 E15187.700401179798772 F1200.000000
; T08 POINT 829 point-0000829 deposition
G1 A32.318610 C0.000000 X265.495301 Y356.123839 Z-81.943032 E15203.517449925422823 F1200.000000
; T08 POINT 830 point-0000830 deposition
G1 A32.318610 C0.000000 X265.481269 Y356.504027 Z-81.943032 E15219.334569188141896 F1200.000000
; T08 POINT 831 point-0000831 deposition
G1 A32.318610 C0.000000 X265.457914 Y356.883758 Z-81.943032 E15235.151794278435841 F1200.000000
; T08 POINT 832 point-0000832 deposition
G1 A32.318610 C0.000000 X265.425248 Y357.262805 Z-81.943032 E15250.969154093174929 F1200.000000
; T08 POINT 833 point-0000833 deposition
G1 A32.318610 C0.000000 X265.383292 Y357.640941 Z-81.943032 E15266.786665815424609 F1200.000000
; T08 POINT 834 point-0000834 deposition
G1 A32.318610 C0.000000 X265.332071 Y358.017937 Z-81.943032 E15282.604339715876577 F1200.000000
; T08 POINT 835 point-0000835 deposition
G1 A32.318610 C0.000000 X265.271615 Y358.393567 Z-81.943032 E15298.422199423775517 F1200.000000
; T08 POINT 836 point-0000836 deposition
G1 A32.318610 C0.000000 X265.201960 Y358.767604 Z-81.943032 E15314.240197218201768 F1200.000000
; T08 POINT 837 point-0000837 deposition
G1 A32.318610 C0.000000 X265.123149 Y359.139821 Z-81.943032 E15330.058268643518939 F1200.000000
; T08 POINT 838 point-0000838 deposition
G1 A32.318610 C0.000000 X265.035229 Y359.509992 Z-81.943032 E15345.876335276151833 F1200.000000
; T08 POINT 839 point-0000839 deposition
G1 A32.318610 C0.000000 X264.938254 Y359.877893 Z-81.943032 E15361.694298239110420 F1200.000000
; T08 POINT 840 point-0000840 deposition
G1 A32.318610 C0.000000 X264.832284 Y360.243298 Z-81.943032 E15377.512031467652981 F1200.000000
; T08 POINT 841 point-0000841 deposition
G1 A32.318610 C0.000000 X264.717384 Y360.605984 Z-81.943032 E15393.329374640445711 F1200.000000
; T08 POINT 842 point-0000842 deposition
G1 A32.318610 C0.000000 X264.593625 Y360.965729 Z-81.943032 E15409.146125685232391 F1200.000000
; T08 POINT 843 point-0000843 deposition
G1 A32.318610 C0.000000 X264.461085 Y361.322313 Z-81.943032 E15424.962139661265476 F1200.000000
; T08 POINT 844 point-0000844 deposition
G1 A32.318610 C0.000000 X264.319832 Y361.675549 Z-81.943032 E15440.778639375926427 F1200.000000
; T08 POINT 845 point-0000845 deposition
G1 A32.318610 C0.000000 X264.169950 Y362.025229 Z-81.943032 E15456.595832436372295 F1200.000000
; T08 POINT 846 point-0000846 deposition
G1 A32.318610 C0.000000 X264.011530 Y362.371137 Z-81.943032 E15472.413468374844201 F1200.000000
; T08 POINT 847 point-0000847 deposition
G1 A32.318610 C0.000000 X263.844669 Y362.713059 Z-81.943032 E15488.231377572460971 F1200.000000
; T08 POINT 848 point-0000848 deposition
G1 A32.318610 C0.000000 X263.669467 Y363.050789 Z-81.943032 E15504.049441227272904 F1200.000000
; T08 POINT 849 point-0000849 deposition
G1 A32.318610 C0.000000 X263.486032 Y363.384118 Z-81.943032 E15519.867535887771319 F1200.000000
; T08 POINT 850 point-0000850 deposition
G1 A32.318610 C0.000000 X263.294475 Y363.712846 Z-81.943032 E15535.685575376121192 F1200.000000
; T08 POINT 851 point-0000851 deposition
G1 A32.318610 C0.000000 X263.094911 Y364.036774 Z-81.943032 E15551.503504273578204 F1200.000000
; T08 POINT 852 point-0000852 deposition
G1 A32.318610 C0.000000 X262.887463 Y364.355704 Z-81.943032 E15567.321291679659377 F1200.000000
; T08 POINT 853 point-0000853 deposition
G1 A32.318610 C0.000000 X262.672254 Y364.669446 Z-81.943032 E15583.138925223860625 F1200.000000
; T08 POINT 854 point-0000854 deposition
G1 A32.318610 C0.000000 X262.449416 Y364.977811 Z-81.943032 E15598.956405304379082 F1200.000000
; T08 POINT 855 point-0000855 deposition
G1 A32.318610 C0.000000 X262.219081 Y365.280613 Z-81.943032 E15614.773739532087196 F1200.000000
; T08 POINT 856 point-0000856 deposition
G1 A32.318610 C0.000000 X261.981388 Y365.577671 Z-81.943032 E15630.590939188247725 F1200.000000
; T08 POINT 857 point-0000857 deposition
G1 A32.318610 C0.000000 X261.736481 Y365.868806 Z-81.943032 E15646.408052367526428 F1200.000000
; T08 POINT 858 point-0000858 deposition
G1 A32.318610 C0.000000 X261.484505 Y366.153843 Z-81.943032 E15662.225116212927929 F1200.000000
; T08 POINT 859 point-0000859 deposition
G1 A32.318610 C0.000000 X261.225612 Y366.432613 Z-81.943032 E15678.042164516409779 F1200.000000
; T08 POINT 860 point-0000860 deposition
G1 A32.318610 C0.000000 X260.959957 Y366.704947 Z-81.943032 E15693.859237569912427 F1200.000000
; T08 POINT 861 point-0000861 deposition
G1 A32.318610 C0.000000 X260.687699 Y366.970683 Z-81.943032 E15709.676377077248521 F1200.000000
; T08 POINT 862 point-0000862 deposition
G1 A32.318610 C0.000000 X260.409001 Y367.229660 Z-81.943032 E15725.493621031014951 F1200.000000
; T08 POINT 863 point-0000863 deposition
G1 A32.318610 C0.000000 X260.124030 Y367.481723 Z-81.943032 E15741.310998544819694 F1200.000000
; T08 POINT 864 point-0000864 deposition
G1 A32.318610 C0.000000 X259.832957 Y367.726720 Z-81.943032 E15757.128524630098236 F1200.000000
; T08 POINT 865 point-0000865 deposition
G1 A32.318610 C0.000000 X259.535957 Y367.964503 Z-81.943032 E15772.946200983231539 F1200.000000
; T08 POINT 866 point-0000866 deposition
G1 A32.318610 C0.000000 X259.233209 Y368.194928 Z-81.943032 E15788.764034800954071 F1200.000000
; T08 POINT 867 point-0000867 deposition
G1 A32.318610 C0.000000 X258.924895 Y368.417857 Z-81.943032 E15804.581998721586714 F1200.000000
; T08 POINT 868 point-0000868 deposition
G1 A32.318610 C0.000000 X258.611201 Y368.633153 Z-81.943032 E15820.400047843065948 F1200.000000
; T08 POINT 869 point-0000869 deposition
G1 A32.318610 C0.000000 X258.292317 Y368.840686 Z-81.943032 E15836.218117447379162 F1200.000000
; T08 POINT 870 point-0000870 deposition
G1 A32.318610 C0.000000 X257.968437 Y369.040329 Z-81.943032 E15852.036116626420785 F1200.000000
; T08 POINT 871 point-0000871 deposition
G1 A32.318610 C0.000000 X257.639759 Y369.231961 Z-81.943032 E15867.853921568612566 F1200.000000
; T08 POINT 872 point-0000872 deposition
G1 A32.318610 C0.000000 X257.306484 Y369.415464 Z-81.943032 E15883.671368469450440 F1200.000000
; T08 POINT 873 point-0000873 deposition
G1 A32.318610 C0.000000 X256.968816 Y369.590726 Z-81.943032 E15899.488344237523167 F1200.000000
; T08 POINT 874 point-0000874 deposition
G1 A32.318610 C0.000000 X256.626962 Y369.757642 Z-81.943032 E15915.304699351459503 F1200.000000
; T08 POINT 875 point-0000875 deposition
G1 A32.318610 C0.000000 X256.281120 Y369.916114 Z-81.943032 E15931.120744183716753 F1200.000000
; T08 POINT 876 point-0000876 deposition
G1 A32.318610 C0.000000 X255.931493 Y370.066050 Z-81.943032 E15946.936823408721273 F1200.000000
; T08 POINT 877 point-0000877 deposition
G1 A32.318610 C0.000000 X255.578290 Y370.207359 Z-81.943032 E15962.752895141572566 F1200.000000
; T08 POINT 878 point-0000878 deposition
G1 A32.318610 C0.000000 X255.221726 Y370.339956 Z-81.943032 E15978.568936648386180 F1200.000000
; T08 POINT 879 point-0000879 deposition
G1 A32.318610 C0.000000 X254.862016 Y370.463759 Z-81.943032 E15994.384938355222656 F1200.000000
; T08 POINT 880 point-0000880 deposition
G1 A32.318610 C0.000000 X254.499376 Y370.578695 Z-81.943032 E16010.200899404463418 F1200.000000
; T08 POINT 881 point-0000881 deposition
G1 A32.318610 C0.000000 X254.134023 Y370.684694 Z-81.943032 E16026.016860341926805 F1200.000000
; T08 POINT 882 point-0000882 deposition
G1 A32.318610 C0.000000 X253.766179 Y370.781693 Z-81.943032 E16041.832826318098436 F1200.000000
; T08 POINT 883 point-0000883 deposition
G1 A32.318610 C0.000000 X253.396064 Y370.869631 Z-81.943032 E16057.648792099677106 F1200.000000
; T08 POINT 884 point-0000884 deposition
G1 A32.318610 C0.000000 X253.023901 Y370.948456 Z-81.943032 E16073.464764322132004 F1200.000000
; T08 POINT 885 point-0000885 deposition
G1 A32.318610 C0.000000 X252.649915 Y371.018121 Z-81.943032 E16089.280755859848345 F1200.000000
; T08 POINT 886 point-0000886 deposition
G1 A32.318610 C0.000000 X252.274330 Y371.078583 Z-81.943032 E16105.096780256453313 F1200.000000
; T08 POINT 887 point-0000887 deposition
G1 A32.318610 C0.000000 X251.897374 Y371.129805 Z-81.943032 E16120.912846148467599 F1200.000000
; T08 POINT 888 point-0000888 deposition
G1 A32.318610 C0.000000 X251.519272 Y371.171757 Z-81.943032 E16136.728951615439131 F1200.000000
; T08 POINT 889 point-0000889 deposition
G1 A32.318610 C0.000000 X251.140254 Y371.204412 Z-81.943032 E16152.545078390222436 F1200.000000
; T08 POINT 890 point-0000890 deposition
G1 A32.318610 C0.000000 X250.760548 Y371.227751 Z-81.943032 E16168.361185864065391 F1200.000000
; T08 POINT 891 point-0000891 deposition
G1 A32.318610 C0.000000 X250.380387 Y371.241761 Z-81.943032 E16184.177204822652718 F1200.000000
; T08 POINT 892 point-0000892 deposition
G1 A32.318610 C0.000000 X250.000000 Y371.246431 Z-81.943032 E16199.993030851232428 F1200.000000
; T08 EVENT event-0000014 retract
G1 E16198.993030851232428 F3000.000000
; T08 POINT 893 point-0000893 depart
G1 A32.318610 C0.000000 X250.000000 Y371.246431 Z-71.943032 F3000.000000
; T08 EVENT event-0000015 index_start
; T08 POINT 894 point-0000894 travel
G1 A49.946943 C0.000000 X250.000000 Y378.496395 Z49.590404 F3000.000000
; T08 EVENT event-0000016 index_end
; T08 POINT 895 point-0000895 approach
G1 A49.946943 C0.000000 X250.000000 Y378.496395 Z39.590404 F3000.000000
; T08 EVENT event-0000017 prime
G1 E16199.993030851232428 F1200.000000
; T08 POINT 896 point-0000896 deposition
G1 A49.946943 C0.000000 X249.619705 Y378.491729 Z39.590404 E16215.805057180395574 F1200.000000
; T08 POINT 897 point-0000897 deposition
G1 A49.946943 C0.000000 X249.239636 Y378.477733 Z39.590404 E16231.617184946355574 F1200.000000
; T08 POINT 898 point-0000898 deposition
G1 A49.946943 C0.000000 X248.860025 Y378.454416 Z39.590404 E16247.429343468221451 F1200.000000
; T08 POINT 899 point-0000899 deposition
G1 A49.946943 C0.000000 X248.481100 Y378.421792 Z39.590404 E16263.241491375156721 F1200.000000
; T08 POINT 900 point-0000900 deposition
G1 A49.946943 C0.000000 X248.103090 Y378.379881 Z39.590404 E16279.053610459538271 F1200.000000
; T08 POINT 901 point-0000901 deposition
G1 A49.946943 C0.000000 X247.726223 Y378.328707 Z39.590404 E16294.865699803873806 F1200.000000
; T08 POINT 902 point-0000902 deposition
G1 A49.946943 C0.000000 X247.350726 Y378.268302 Z39.590404 E16310.677770116840447 F1200.000000
; T08 POINT 903 point-0000903 deposition
G1 A49.946943 C0.000000 X246.976824 Y378.198702 Z39.590404 E16326.489838212273033 F1200.000000
; T08 POINT 904 point-0000904 deposition
G1 A49.946943 C0.000000 X246.604742 Y378.119949 Z39.590404 E16342.301921563891617 F1200.000000
; T08 POINT 905 point-0000905 deposition
G1 A49.946943 C0.000000 X246.234703 Y378.032090 Z39.590404 E16358.114032868007242 F1200.000000
; T08 POINT 906 point-0000906 deposition
G1 A49.946943 C0.000000 X245.866931 Y377.935178 Z39.590404 E16373.926174546394628 F1200.000000
; T08 POINT 907 point-0000907 deposition
G1 A49.946943 C0.000000 X245.501647 Y377.829272 Z39.590404 E16389.738333121964764 F1200.000000
; T08 POINT 908 point-0000908 deposition
G1 A49.946943 C0.000000 X245.139072 Y377.714435 Z39.590404 E16405.550473400808264 F1200.000000
; T08 POINT 909 point-0000909 deposition
G1 A49.946943 C0.000000 X244.779425 Y377.590737 Z39.590404 E16421.362532402022992 F1200.000000
; T08 POINT 910 point-0000910 deposition
G1 A49.946943 C0.000000 X244.422924 Y377.458253 Z39.590404 E16437.174495630291065 F1200.000000
; T08 POINT 911 point-0000911 deposition
G1 A49.946943 C0.000000 X244.069781 Y377.317062 Z39.590404 E16452.986454568116095 F1200.000000
; T08 POINT 912 point-0000912 deposition
G1 A49.946943 C0.000000 X243.720208 Y377.167250 Z39.590404 E16468.798411546373029 F1200.000000
; T08 POINT 913 point-0000913 deposition
G1 A49.946943 C0.000000 X243.374416 Y377.008905 Z39.590404 E16484.610365566754929 F1200.000000
; T08 POINT 914 point-0000914 deposition
G1 A49.946943 C0.000000 X243.032614 Y376.842124 Z39.590404 E16500.422320360859196 F1200.000000
; T08 POINT 915 point-0000915 deposition
G1 A49.946943 C0.000000 X242.695006 Y376.667007 Z39.590404 E16516.234278634889652 F1200.000000
; T08 POINT 916 point-0000916 deposition
G1 A49.946943 C0.000000 X242.361796 Y376.483660 Z39.590404 E16532.046236320268538 F1200.000000
; T08 POINT 917 point-0000917 deposition
G1 A49.946943 C0.000000 X242.033175 Y376.292186 Z39.590404 E16547.858707945995793 F1200.000000
; T08 POINT 918 point-0000918 deposition
G1 A49.946943 C0.000000 X241.709310 Y376.092682 Z39.590404 E16563.673135297836592 F1200.000000
; T08 POINT 919 point-0000919 deposition
G1 A49.946943 C0.000000 X241.390406 Y375.885268 Z39.590404 E16579.489231051481361 F1200.000000
; T08 POINT 920 point-0000920 deposition
G1 A49.946943 C0.000000 X241.076665 Y375.670074 Z39.590404 E16595.306479043012959 F1200.000000
; T08 POINT 921 point-0000921 deposition
G1 A49.946943 C0.000000 X240.768285 Y375.447235 Z39.590404 E16611.124456412841354 F1200.000000
; T08 POINT 922 point-0000922 deposition
G1 A49.946943 C0.000000 X240.465461 Y375.216888 Z39.590404 E16626.942822936679615 F1200.000000
; T08 POINT 923 point-0000923 deposition
G1 A49.946943 C0.000000 X240.168380 Y374.979176 Z39.590404 E16642.761311399803784 F1200.000000
; T08 POINT 924 point-0000924 deposition
G1 A49.946943 C0.000000 X239.877224 Y374.734244 Z39.590404 E16658.579718887978128 F1200.000000
; T08 POINT 925 point-0000925 deposition
G1 A49.946943 C0.000000 X239.592172 Y374.482245 Z39.590404 E16674.397898878454158 F1200.000000
; T08 POINT 926 point-0000926 deposition
G1 A49.946943 C0.000000 X239.313396 Y374.223329 Z39.590404 E16690.215754024213177 F1200.000000
; T08 POINT 927 point-0000927 deposition
G1 A49.946943 C0.000000 X239.041066 Y373.957657 Z39.590404 E16706.033229533951752 F1200.000000
; T08 POINT 928 point-0000928 deposition
G1 A49.946943 C0.000000 X238.775344 Y373.685387 Z39.590404 E16721.850307059128185 F1200.000000
; T08 POINT 929 point-0000929 deposition
G1 A49.946943 C0.000000 X238.516391 Y373.406685 Z39.590404 E16737.666999007553395 F1200.000000
; T08 POINT 930 point-0000930 deposition
G1 A49.946943 C0.000000 X238.264362 Y373.121717 Z39.590404 E16753.483343210446128 F1200.000000
; T08 POINT 931 point-0000931 deposition
G1 A49.946943 C0.000000 X238.019406 Y372.830656 Z39.590404 E16769.299397876486843 F1200.000000
; T08 POINT 932 point-0000932 deposition
G1 A49.946943 C0.000000 X237.781670 Y372.533675 Z39.590404 E16785.115236772115836 F1200.000000
; T08 POINT 933 point-0000933 deposition
G1 A49.946943 C0.000000 X237.551296 Y372.230952 Z39.590404 E16800.930944572065556 F1200.000000
; T08 POINT 934 point-0000934 deposition
G1 A49.946943 C0.000000 X237.328420 Y371.922668 Z39.590404 E16816.746612327854791 F1200.000000
; T08 POINT 935 point-0000935 deposition
G1 A49.946943 C0.000000 X237.113177 Y371.609006 Z39.590404 E16832.562333004639839 F1200.000000
; T08 POINT 936 point-0000936 deposition
G1 A49.946943 C0.000000 X236.905693 Y371.290153 Z39.590404 E16848.378197038406552 F1200.000000
; T08 POINT 937 point-0000937 deposition
G1 A49.946943 C0.000000 X236.706094 Y370.966300 Z39.590404 E16864.194287865964268 F1200.000000
; T08 POINT 938 point-0000938 deposition
G1 A49.946943 C0.000000 X236.514500 Y370.637640 Z39.590404 E16880.010677379579011 F1200.000000
; T08 POINT 939 point-0000939 deposition
G1 A49.946943 C0.000000 X236.331024 Y370.304369 Z39.590404 E16895.827421256340354 F1200.000000
; T08 POINT 940 point-0000940 deposition
G1 A49.946943 C0.000000 X236.155779 Y369.966688 Z39.590404 E16911.644554109556025 F1200.000000
; T08 POINT 941 point-0000941 deposition
G1 A49.946943 C0.000000 X235.988870 Y369.624798 Z39.590404 E16927.462084405578591 F1200.000000
; T08 POINT 942 point-0000942 deposition
G1 A49.946943 C0.000000 X235.830399 Y369.278907 Z39.590404 E16943.279989084603444 F1200.000000
; T08 POINT 943 point-0000943 deposition
G1 A49.946943 C0.000000 X235.680462 Y368.929224 Z39.590404 E16959.098207818135642 F1200.000000
; T08 POINT 944 point-0000944 deposition
G1 A49.946943 C0.000000 X235.539151 Y368.575961 Z39.590404 E16974.916636829091865 F1200.000000
; T08 POINT 945 point-0000945 deposition
G1 A49.946943 C0.000000 X235.406552 Y368.219335 Z39.590404 E16990.735122192976325 F1200.000000
; T08 POINT 946 point-0000946 deposition
G1 A49.946943 C0.000000 X235.282748 Y367.859566 Z39.590404 E17006.553452530293640 F1200.000000
; T08 POINT 947 point-0000947 deposition
G1 A49.946943 C0.000000 X235.167815 Y367.496876 Z39.590404 E17022.371350991492010 F1200.000000
; T08 POINT 948 point-0000948 deposition
G1 A49.946943 C0.000000 X235.061823 Y367.131493 Z39.590404 E17038.188466426314358 F1200.000000
; T08 POINT 949 point-0000949 deposition
G1 A49.946943 C0.000000 X234.964838 Y366.763646 Z39.590404 E17054.004363619649881 F1200.000000
; T08 POINT 950 point-0000950 deposition
G1 A49.946943 C0.000000 X234.876918 Y366.393572 Z39.590404 E17069.818512465916900 F1200.000000
; T08 POINT 951 point-0000951 deposition
G1 A49.946943 C0.000000 X234.798112 Y366.021484 Z39.590404 E17085.631263698305178 F1200.000000
; T08 POINT 952 point-0000952 deposition
G1 A49.946943 C0.000000 X234.728452 Y365.647537 Z39.590404 E17101.445622274955318 F1200.000000
; T08 POINT 953 point-0000953 deposition
G1 A49.946943 C0.000000 X234.667984 Y365.271953 Z39.590404 E17117.261699641244882 F1200.000000
; T08 POINT 954 point-0000954 deposition
G1 A49.946943 C0.000000 X234.616747 Y364.894969 Z39.590404 E17133.078969902196276 F1200.000000
; T08 POINT 955 point-0000955 deposition
G1 A49.946943 C0.000000 X234.574776 Y364.516822 Z39.590404 E17148.897001603939439 F1200.000000
; T08 POINT 956 point-0000956 deposition
G1 A49.946943 C0.000000 X234.542098 Y364.137750 Z39.590404 E17164.715446957019669 F1200.000000
; T08 POINT 957 point-0000957 deposition
G1 A49.946943 C0.000000 X234.518734 Y363.757987 Z39.590404 E17180.534032115572153 F1200.000000
; T08 POINT 958 point-0000958 deposition
G1 A49.946943 C0.000000 X234.504699 Y363.377766 Z39.590404 E17196.352548384817835 F1200.000000
; T08 POINT 959 point-0000959 deposition
G1 A49.946943 C0.000000 X234.500000 Y362.997320 Z39.590404 E17212.170844239390245 F1200.000000
; T08 POINT 960 point-0000960 deposition
G1 A49.946943 C0.000000 X234.504640 Y362.616881 Z39.590404 E17227.988818044781267 F1200.000000
; T08 POINT 961 point-0000961 deposition
G1 A49.946943 C0.000000 X234.518616 Y362.236681 Z39.590404 E17243.806411383575375 F1200.000000
; T08 POINT 962 point-0000962 deposition
G1 A49.946943 C0.000000 X234.541918 Y361.856947 Z39.590404 E17259.623602897012295 F1200.000000
; T08 POINT 963 point-0000963 deposition
G1 A49.946943 C0.000000 X234.574532 Y361.477909 Z39.590404 E17275.440402560646083 F1200.000000
; T08 POINT 964 point-0000964 deposition
G1 A49.946943 C0.000000 X234.616438 Y361.099794 Z39.590404 E17291.256846320389306 F1200.000000
; T08 POINT 965 point-0000965 deposition
G1 A49.946943 C0.000000 X234.667609 Y360.722828 Z39.590404 E17307.072991021922903 F1200.000000
; T08 POINT 966 point-0000966 deposition
G1 A49.946943 C0.000000 X234.728016 Y360.347237 Z39.590404 E17322.888909572261363 F1200.000000
; T08 POINT 967 point-0000967 deposition
G1 A49.946943 C0.000000 X234.797620 Y359.973245 Z39.590404 E17338.704686277106993 F1200.000000
; T08 POINT 968 point-0000968 deposition
G1 A49.946943 C0.000000 X234.876382 Y359.601075 Z39.590404 E17354.520412301470810 F1200.000000
; T08 POINT 969 point-0000969 deposition
G1 A49.946943 C0.000000 X234.964253 Y359.230949 Z39.590404 E17370.336181203813110 F1200.000000
; T08 POINT 970 point-0000970 deposition
G1 A49.946943 C0.000000 X235.061182 Y358.863088 Z39.590404 E17386.152084495665264 F1200.000000
; T08 POINT 971 point-0000971 deposition
G1 A49.946943 C0.000000 X235.167111 Y358.497711 Z39.590404 E17401.968207179276490 F1200.000000
; T08 POINT 972 point-0000972 deposition
G1 A49.946943 C0.000000 X235.281977 Y358.135037 Z39.590404 E17417.784623215334590 F1200.000000
; T08 POINT 973 point-0000973 deposition
G1 A49.946943 C0.000000 X235.405712 Y357.775284 Z39.590404 E17433.601390871172577 F1200.000000
; T08 POINT 974 point-0000974 deposition
G1 A49.946943 C0.000000 X235.538242 Y357.418666 Z39.590404 E17449.418547897186452 F1200.000000
; T08 POINT 975 point-0000975 deposition
G1 A49.946943 C0.000000 X235.679488 Y357.065400 Z39.590404 E17465.236106475418533 F1200.000000
; T08 POINT 976 point-0000976 deposition
G1 A49.946943 C0.000000 X235.829366 Y356.715699 Z39.590404 E17481.054047879491530 F1200.000000
; T08 POINT 977 point-0000977 deposition
G1 A49.946943 C0.000000 X235.987785 Y356.369774 Z39.590404 E17496.872316779341020 F1200.000000
; T08 POINT 978 point-0000978 deposition
G1 A49.946943 C0.000000 X236.154650 Y356.027838 Z39.590404 E17512.690815117557366 F1200.000000
; T08 POINT 979 point-0000979 deposition
G1 A49.946943 C0.000000 X236.329858 Y355.690098 Z39.590404 E17528.509395476697022 F1200.000000
; T08 POINT 980 point-0000980 deposition
G1 A49.946943 C0.000000 X236.513302 Y355.356763 Z39.590404 E17544.327853848736413 F1200.000000
; T08 POINT 981 point-0000981 deposition
G1 A49.946943 C0.000000 X236.704867 Y355.028039 Z39.590404 E17560.145921709018603 F1200.000000
; T08 POINT 982 point-0000982 deposition
G1 A49.946943 C0.000000 X236.904434 Y354.704130 Z39.590404 E17575.963257287692581 F1200.000000
; T08 POINT 983 point-0000983 deposition
G1 A49.946943 C0.000000 X237.111874 Y354.385241 Z39.590404 E17591.779435921893453 F1200.000000
; T08 POINT 984 point-0000984 deposition
G1 A49.946943 C0.000000 X237.327056 Y354.071571 Z39.590404 E17607.593939361873186 F1200.000000
; T08 POINT 985 point-0000985 deposition
G1 A49.946943 C0.000000 X237.549850 Y353.763302 Z39.590404 E17623.407117095830335 F1200.000000
; T08 POINT 986 point-0000986 deposition
G1 A49.946943 C0.000000 X237.780168 Y353.460558 Z39.590404 E17639.222095229214103 F1200.000000
; T08 POINT 987 point-0000987 deposition
G1 A49.946943 C0.000000 X238.017888 Y353.163507 Z39.590404 E17655.039807726498354 F1200.000000
; T08 POINT 988 point-0000988 deposition
G1 A49.946943 C0.000000 X238.262858 Y352.872342 Z39.590404 E17670.859527599836752 F1200.000000
; T08 POINT 989 point-0000989 deposition
G1 A49.946943 C0.000000 X238.514924 Y352.587254 Z39.590404 E17686.680644877903619 F1200.000000
; T08 POINT 990 point-0000990 deposition
G1 A49.946943 C0.000000 X238.773928 Y352.308425 Z39.590404 E17702.502654358620184 F1200.000000
; T08 POINT 991 point-0000991 deposition
G1 A49.946943 C0.000000 X239.039707 Y352.036030 Z39.590404 E17718.325143892568539 F1200.000000
; T08 POINT 992 point-0000992 deposition
G1 A49.946943 C0.000000 X239.312097 Y351.770240 Z39.590404 E17734.147783849731441 F1200.000000
; T08 POINT 993 point-0000993 deposition
G1 A49.946943 C0.000000 X239.590928 Y351.511219 Z39.590404 E17749.970317632442649 F1200.000000
; T08 POINT 994 point-0000994 deposition
G1 A49.946943 C0.000000 X239.876029 Y351.259127 Z39.590404 E17765.792553107651482 F1200.000000
; T08 POINT 995 point-0000995 deposition
G1 A49.946943 C0.000000 X240.167225 Y351.014116 Z39.590404 E17781.614354841724831 F1200.000000
; T08 POINT 996 point-0000996 deposition
G1 A49.946943 C0.000000 X240.464338 Y350.776337 Z39.590404 E17797.435637030911798 F1200.000000
; T08 POINT 997 point-0000997 deposition
G1 A49.946943 C0.000000 X240.767189 Y350.545931 Z39.590404 E17813.256357030120699 F1200.000000
; T08 POINT 998 point-0000998 deposition
G1 A49.946943 C0.000000 X241.075593 Y350.323037 Z39.590404 E17829.076509391716596 F1200.000000
; T08 POINT 999 point-0000999 deposition
G1 A49.946943 C0.000000 X241.389365 Y350.107788 Z39.590404 E17844.896120334507564 F1200.000000
; T08 POINT 1000 point-0001000 deposition
G1 A49.946943 C0.000000 X241.708316 Y349.900312 Z39.590404 E17860.715242570861485 F1200.000000
; T08 POINT 1001 point-0001001 deposition
G1 A49.946943 C0.000000 X242.032255 Y349.700733 Z39.590404 E17876.533950426881235 F1200.000000
; T08 POINT 1002 point-0001002 deposition
G1 A49.946943 C0.000000 X242.360989 Y349.509169 Z39.590404 E17892.352335196698448 F1200.000000
; T08 POINT 1003 point-0001003 deposition
G1 A49.946943 C0.000000 X242.694321 Y349.325735 Z39.590404 E17908.170500677142247 F1200.000000
; T08 POINT 1004 point-0001004 deposition
G1 A49.946943 C0.000000 X243.032053 Y349.150538 Z39.590404 E17923.988558833252164 F1200.000000
; T08 POINT 1005 point-0001005 deposition
G1 A49.946943 C0.000000 X243.373983 Y348.983683 Z39.590404 E17939.806625548281391 F1200.000000
; T08 POINT 1006 point-0001006 deposition
G1 A49.946943 C0.000000 X243.719908 Y348.825270 Z39.590404 E17955.624816413954411 F1200.000000
; T08 POINT 1007 point-0001007 deposition
G1 A49.946943 C0.000000 X244.069623 Y348.675393 Z39.590404 E17971.443242517757587 F1200.000000
; T08 POINT 1008 point-0001008 deposition
G1 A49.946943 C0.000000 X244.422918 Y348.534143 Z39.590404 E17987.262006183970667 F1200.000000
; T08 POINT 1009 point-0001009 deposition
G1 A49.946943 C0.000000 X244.779584 Y348.401603 Z39.590404 E18003.081196623964347 F1200.000000
; T08 POINT 1010 point-0001010 deposition
G1 A49.946943 C0.000000 X245.139407 Y348.277854 Z39.590404 E18018.900885449028294 F1200.000000
; T08 POINT 1011 point-0001011 deposition
G1 A49.946943 C0.000000 X245.502172 Y348.162971 Z39.590404 E18034.721121995663580 F1200.000000
; T08 POINT 1012 point-0001012 deposition
G1 A49.946943 C0.000000 X245.867661 Y348.057025 Z39.590404 E18050.541928408920432 F1200.000000
; T08 POINT 1013 point-0001013 deposition
G1 A49.946943 C0.000000 X246.235654 Y347.960079 Z39.590404 E18066.363294424027672 F1200.000000
; T08 POINT 1014 point-0001014 deposition
G1 A49.946943 C0.000000 X246.605928 Y347.872194 Z39.590404 E18082.185171780306375 F1200.000000
; T08 POINT 1015 point-0001015 deposition
G1 A49.946943 C0.000000 X246.978257 Y347.793425 Z39.590404 E18098.007468194253045 F1200.000000
; T08 POINT 1016 point-0001016 deposition
G1 A49.946943 C0.000000 X247.352415 Y347.723818 Z39.590404 E18113.830040810804672 F1200.000000
; T08 POINT 1017 point-0001017 deposition
G1 A49.946943 C0.000000 X247.728171 Y347.663419 Z39.590404 E18129.652689043243602 F1200.000000
; T08 POINT 1018 point-0001018 deposition
G1 A49.946943 C0.000000 X248.105292 Y347.612264 Z39.590404 E18145.475146703072572 F1200.000000
; T08 POINT 1019 point-0001019 deposition
G1 A49.946943 C0.000000 X248.483543 Y347.570385 Z39.590404 E18161.297073311597712 F1200.000000
; T08 POINT 1020 point-0001020 deposition
G1 A49.946943 C0.000000 X248.862685 Y347.537806 Z39.590404 E18177.118044475022708 F1200.000000
; T08 POINT 1021 point-0001021 deposition
G1 A49.946943 C0.000000 X249.242477 Y347.514546 Z39.590404 E18192.937541194711840 F1200.000000
; T08 POINT 1022 point-0001022 deposition
G1 A49.946943 C0.000000 X249.622675 Y347.500617 Z39.590404 E18208.754937974056028 F1200.000000
; T08 POINT 1023 point-0001023 deposition
G1 A49.946943 C0.000000 X250.003031 Y347.496024 Z39.590404 E18224.569489573225988 F1200.000000
; T08 POINT 1024 point-0001024 deposition
G1 A49.946943 C0.000000 X250.383335 Y347.500765 Z39.590404 E18240.381906631456642 F1200.000000
; T08 POINT 1025 point-0001025 deposition
G1 A49.946943 C0.000000 X250.763429 Y347.514836 Z39.590404 E18256.195213710960480 F1200.000000
; T08 POINT 1026 point-0001026 deposition
G1 A49.946943 C0.000000 X251.143080 Y347.538231 Z39.590404 E18272.009202006086725 F1200.000000
; T08 POINT 1027 point-0001027 deposition
G1 A49.946943 C0.000000 X251.522052 Y347.570936 Z39.590404 E18287.823590092552140 F1200.000000
; T08 POINT 1028 point-0001028 deposition
G1 A49.946943 C0.000000 X251.900112 Y347.612931 Z39.590404 E18303.638160683874553 F1200.000000
; T08 POINT 1029 point-0001029 deposition
G1 A49.946943 C0.000000 X252.277028 Y347.664190 Z39.590404 E18319.452752488229834 F1200.000000
; T08 POINT 1030 point-0001030 deposition
G1 A49.946943 C0.000000 X252.652570 Y347.724684 Z39.590404 E18335.267252755504171 F1200.000000
; T08 POINT 1031 point-0001031 deposition
G1 A49.946943 C0.000000 X253.026511 Y347.794373 Z39.590404 E18351.081590416005931 F1200.000000
; T08 POINT 1032 point-0001032 deposition
G1 A49.946943 C0.000000 X253.398625 Y347.873217 Z39.590404 E18366.895729720812975 F1200.000000
; T08 POINT 1033 point-0001033 deposition
G1 A49.946943 C0.000000 X253.768687 Y347.961167 Z39.590404 E18382.709664301529756 F1200.000000
; T08 POINT 1034 point-0001034 deposition
G1 A49.946943 C0.000000 X254.136475 Y348.058170 Z39.590404 E18398.523411574211510 F1200.000000
; T08 POINT 1035 point-0001035 deposition
G1 A49.946943 C0.000000 X254.501769 Y348.164167 Z39.590404 E18414.337007418309348 F1200.000000
; T08 POINT 1036 point-0001036 deposition
G1 A49.946943 C0.000000 X254.864349 Y348.279095 Z39.590404 E18430.150501066614425 F1200.000000
; T08 POINT 1037 point-0001037 deposition
G1 A49.946943 C0.000000 X255.223999 Y348.402885 Z39.590404 E18445.963950146288419 F1200.000000
; T08 POINT 1038 point-0001038 deposition
G1 A49.946943 C0.000000 X255.580504 Y348.535463 Z39.590404 E18461.777415814100865 F1200.000000
; T08 POINT 1039 point-0001039 deposition
G1 A49.946943 C0.000000 X255.933650 Y348.676749 Z39.590404 E18477.590957930926235 F1200.000000
; T08 POINT 1040 point-0001040 deposition
G1 A49.946943 C0.000000 X256.283226 Y348.826659 Z39.590404 E18493.404630221359987 F1200.000000
; T08 POINT 1041 point-0001041 deposition
G1 A49.946943 C0.000000 X256.629022 Y348.985104 Z39.590404 E18509.218475363984000 F1200.000000
; T08 POINT 1042 point-0001042 deposition
G1 A49.946943 C0.000000 X256.970830 Y349.151989 Z39.590404 E18525.032519956356442 F1200.000000
; T08 POINT 1043 point-0001043 deposition
G1 A49.946943 C0.000000 X257.308444 Y349.327213 Z39.590404 E18540.846769296221512 F1200.000000
; T08 POINT 1044 point-0001044 deposition
G1 A49.946943 C0.000000 X257.641661 Y349.510671 Z39.590404 E18556.661201916786347 F1200.000000
; T08 POINT 1045 point-0001045 deposition
G1 A49.946943 C0.000000 X257.970278 Y349.702252 Z39.590404 E18572.475763809201777 F1200.000000
; T08 POINT 1046 point-0001046 deposition
G1 A49.946943 C0.000000 X258.294096 Y349.901839 Z39.590404 E18588.290362259699232 F1200.000000
; T08 POINT 1047 point-0001047 deposition
G1 A49.946943 C0.000000 X258.612916 Y350.109312 Z39.590404 E18604.104859222219008 F1200.000000
; T08 POINT 1048 point-0001048 deposition
G1 A49.946943 C0.000000 X258.926544 Y350.324542 Z39.590404 E18619.919064139905960 F1200.000000
; T08 POINT 1049 point-0001049 deposition
G1 A49.946943 C0.000000 X259.234785 Y350.547395 Z39.590404 E18635.732726120632104 F1200.000000
; T08 POINT 1050 point-0001050 deposition
G1 A49.946943 C0.000000 X259.537449 Y350.777731 Z39.590404 E18651.545525362840702 F1200.000000
; T08 POINT 1051 point-0001051 deposition
G1 A49.946943 C0.000000 X259.834368 Y351.015424 Z39.590404 E18667.358237067169870 F1200.000000
; T08 POINT 1052 point-0001052 deposition
G1 A49.946943 C0.000000 X260.125403 Y351.260362 Z39.590404 E18683.172985345560409 F1200.000000
; T08 POINT 1053 point-0001053 deposition
G1 A49.946943 C0.000000 X260.410368 Y351.512394 Z39.590404 E18698.989323221781426 F1200.000000
; T08 POINT 1054 point-0001054 deposition
G1 A49.946943 C0.000000 X260.689082 Y351.771362 Z39.590404 E18714.806794007331437 F1200.000000
; T08 POINT 1055 point-0001055 deposition
G1 A49.946943 C0.000000 X260.961368 Y352.037105 Z39.590404 E18730.625024099838806 F1200.000000
; T08 POINT 1056 point-0001056 deposition
G1 A49.946943 C0.000000 X261.227058 Y352.309460 Z39.590404 E18746.443712811211029 F1200.000000
; T08 POINT 1057 point-0001057 deposition
G1 A49.946943 C0.000000 X261.485986 Y352.588259 Z39.590404 E18762.262623100053986 F1200.000000
; T08 POINT 1058 point-0001058 deposition
G1 A49.946943 C0.000000 X261.737993 Y352.873329 Z39.590404 E18778.081573103600149 F1200.000000
; T08 POINT 1059 point-0001059 deposition
G1 A49.946943 C0.000000 X261.982926 Y353.164498 Z39.590404 E18793.900428367911894 F1200.000000
; T08 POINT 1060 point-0001060 deposition
G1 A49.946943 C0.000000 X262.220635 Y353.461587 Z39.590404 E18809.719094678959724 F1200.000000
; T08 POINT 1061 point-0001061 deposition
G1 A49.946943 C0.000000 X262.450977 Y353.764417 Z39.590404 E18825.537511401278614 F1200.000000
; T08 POINT 1062 point-0001062 deposition
G1 A49.946943 C0.000000 X262.673812 Y354.072804 Z39.590404 E18841.355645235192959 F1200.000000
; T08 POINT 1063 point-0001063 deposition
G1 A49.946943 C0.000000 X262.889007 Y354.386561 Z39.590404 E18857.173484308013302 F1200.000000
; T08 POINT 1064 point-0001064 deposition
G1 A49.946943 C0.000000 X263.096433 Y354.705499 Z39.590404 E18872.991032519091453 F1200.000000
; T08 POINT 1065 point-0001065 deposition
G1 A49.946943 C0.000000 X263.295965 Y355.029427 Z39.590404 E18888.808304063106885 F1200.000000
; T08 POINT 1066 point-0001066 deposition
G1 A49.946943 C0.000000 X263.487483 Y355.358149 Z39.590404 E18904.625318060409122 F1200.000000
; T08 POINT 1067 point-0001067 deposition
G1 A49.946943 C0.000000 X263.670874 Y355.691467 Z39.590404 E18920.442093227593131 F1200.000000
; T08 POINT 1068 point-0001068 deposition
G1 A49.946943 C0.000000 X263.846026 Y356.029181 Z39.590404 E18936.258642525709843 F1200.000000
; T08 POINT 1069 point-0001069 deposition
G1 A49.946943 C0.000000 X264.012835 Y356.371087 Z39.590404 E18952.074967727551461 F1200.000000
; T08 POINT 1070 point-0001070 deposition
G1 A49.946943 C0.000000 X264.171201 Y356.716978 Z39.590404 E18967.891053849295186 F1200.000000
; T08 POINT 1071 point-0001071 deposition
G1 A49.946943 C0.000000 X264.321028 Y357.066647 Z39.590404 E18983.706921983079181 F1200.000000
; T08 POINT 1072 point-0001072 deposition
G1 A49.946943 C0.000000 X264.462234 Y357.419902 Z39.590404 E18999.523416919078579 F1200.000000
; T08 POINT 1073 point-0001073 deposition
G1 A49.946943 C0.000000 X264.594735 Y357.776532 Z39.590404 E19015.340676611236711 F1200.000000
; T08 POINT 1074 point-0001074 deposition
G1 A49.946943 C0.000000 X264.718447 Y358.136322 Z39.590404 E19031.158535996105881 F1200.000000
; T08 POINT 1075 point-0001075 deposition
G1 A49.946943 C0.000000 X264.833295 Y358.499050 Z39.590404 E19046.976868863392383 F1200.000000
; T08 POINT 1076 point-0001076 deposition
G1 A49.946943 C0.000000 X264.939207 Y358.864496 Z39.590404 E19062.795580751339115 F1200.000000
; T08 POINT 1077 point-0001077 deposition
G1 A49.946943 C0.000000 X265.036120 Y359.232439 Z39.590404 E19078.614602255285407 F1200.000000
; T08 POINT 1078 point-0001078 deposition
G1 A49.946943 C0.000000 X265.123973 Y359.602656 Z39.590404 E19094.433882665535717 F1200.000000
; T08 POINT 1079 point-0001079 deposition
G1 A49.946943 C0.000000 X265.202713 Y359.974924 Z39.590404 E19110.253383853539327 F1200.000000
; T08 POINT 1080 point-0001080 deposition
G1 A49.946943 C0.000000 X265.272293 Y360.349016 Z39.590404 E19126.073074327572660 F1200.000000
; T08 POINT 1081 point-0001081 deposition
G1 A49.946943 C0.000000 X265.332669 Y360.724708 Z39.590404 E19141.892923380541434 F1200.000000
; T08 POINT 1082 point-0001082 deposition
G1 A49.946943 C0.000000 X265.383806 Y361.101771 Z39.590404 E19157.712895253240086 F1200.000000
; T08 POINT 1083 point-0001083 deposition
G1 A49.946943 C0.000000 X265.425671 Y361.479977 Z39.590404 E19173.532943236311657 F1200.000000
; T08 POINT 1084 point-0001084 deposition
G1 A49.946943 C0.000000 X265.458240 Y361.859098 Z39.590404 E19189.353003633338784 F1200.000000
; T08 POINT 1085 point-0001085 deposition
G1 A49.946943 C0.000000 X265.481493 Y362.238902 Z39.590404 E19205.172989505892709 F1200.000000
; T08 POINT 1086 point-0001086 deposition
G1 A49.946943 C0.000000 X265.495415 Y362.619158 Z39.590404 E19220.992784119060664 F1200.000000
; T08 POINT 1087 point-0001087 deposition
G1 A49.946943 C0.000000 X265.499999 Y362.999633 Z39.590404 E19236.812234002946255 F1200.000000
; T08 POINT 1088 point-0001088 deposition
G1 A49.946943 C0.000000 X265.495243 Y363.380092 Z39.590404 E19252.631141541959745 F1200.000000
; T08 POINT 1089 point-0001089 deposition
G1 A49.946943 C0.000000 X265.481151 Y363.760302 Z39.590404 E19268.449256999428866 F1200.000000
; T08 POINT 1090 point-0001090 deposition
G1 A49.946943 C0.000000 X265.457733 Y364.140024 Z39.590404 E19284.266269880236892 F1200.000000
; T08 POINT 1091 point-0001091 deposition
G1 A49.946943 C0.000000 X265.425007 Y364.519022 Z39.590404 E19300.081799528876157 F1200.000000
; T08 POINT 1092 point-0001092 deposition
G1 A49.946943 C0.000000 X265.382994 Y364.897066 Z39.590404 E19315.895822128870239 F1200.000000
; T08 POINT 1093 point-0001093 deposition
G1 A49.946943 C0.000000 X265.331717 Y365.273970 Z39.590404 E19331.709998162278119 F1200.000000
; T08 POINT 1094 point-0001094 deposition
G1 A49.946943 C0.000000 X265.271205 Y365.649508 Z39.590404 E19347.524458377283406 F1200.000000
; T08 POINT 1095 point-0001095 deposition
G1 A49.946943 C0.000000 X265.201496 Y366.023453 Z39.590404 E19363.339103241311030 F1200.000000
; T08 POINT 1096 point-0001096 deposition
G1 A49.946943 C0.000000 X265.122632 Y366.395576 Z39.590404 E19379.153834283089750 F1200.000000
; T08 POINT 1097 point-0001097 deposition
G1 A49.946943 C0.000000 X265.034659 Y366.765652 Z39.590404 E19394.968547388380281 F1200.000000
; T08 POINT 1098 point-0001098 deposition
G1 A49.946943 C0.000000 X264.937633 Y367.133455 Z39.590404 E19410.783126012696115 F1200.000000
; T08 POINT 1099 point-0001099 deposition
G1 A49.946943 C0.000000 X264.831613 Y367.498760 Z39.590404 E19426.597434234009995 F1200.000000
; T08 POINT 1100 point-0001100 deposition
G1 A49.946943 C0.000000 X264.716664 Y367.861343 Z39.590404 E19442.411309562401271 F1200.000000
; T08 POINT 1101 point-0001101 deposition
G1 A49.946943 C0.000000 X264.592858 Y368.220983 Z39.590404 E19458.224555417545165 F1200.000000
; T08 POINT 1102 point-0001102 deposition
G1 A49.946943 C0.000000 X264.460271 Y368.577459 Z39.590404 E19474.037041287410384 F1200.000000
; T08 POINT 1103 point-0001103 deposition
G1 A49.946943 C0.000000 X264.318974 Y368.930586 Z39.590404 E19489.850017531267902 F1200.000000
; T08 POINT 1104 point-0001104 deposition
G1 A49.946943 C0.000000 X264.169048 Y369.280156 Z39.590404 E19505.663719569527434 F1200.000000
; T08 POINT 1105 point-0001105 deposition
G1 A49.946943 C0.000000 X264.010584 Y369.625953 Z39.590404 E19521.477933314106804 F1200.000000
; T08 POINT 1106 point-0001106 deposition
G1 A49.946943 C0.000000 X263.843679 Y369.967764 Z39.590404 E19537.292482728831911 F1200.000000
; T08 POINT 1107 point-0001107 deposition
G1 A49.946943 C0.000000 X263.668435 Y370.305381 Z39.590404 E19553.107222139047291 F1200.000000
; T08 POINT 1108 point-0001108 deposition
G1 A49.946943 C0.000000 X263.484958 Y370.638598 Z39.590404 E19568.922028921376157 F1200.000000
; T08 POINT 1109 point-0001109 deposition
G1 A49.946943 C0.000000 X263.293359 Y370.967211 Z39.590404 E19584.736796481621770 F1200.000000
; T08 POINT 1110 point-0001110 deposition
G1 A49.946943 C0.000000 X263.093757 Y371.291021 Z39.590404 E19600.551427434805609 F1200.000000
; T08 POINT 1111 point-0001111 deposition
G1 A49.946943 C0.000000 X262.886272 Y371.609830 Z39.590404 E19616.365826907373609 F1200.000000
; T08 POINT 1112 point-0001112 deposition
G1 A49.946943 C0.000000 X262.671031 Y371.923446 Z39.590404 E19632.179895887559009 F1200.000000
; T08 POINT 1113 point-0001113 deposition
G1 A49.946943 C0.000000 X262.448163 Y372.231682 Z39.590404 E19647.993731560099682 F1200.000000
; T08 POINT 1114 point-0001114 deposition
G1 A49.946943 C0.000000 X262.217798 Y372.534357 Z39.590404 E19663.807618104726410 F1200.000000
; T08 POINT 1115 point-0001115 deposition
G1 A49.946943 C0.000000 X261.980075 Y372.831288 Z39.590404 E19679.621496398403074 F1200.000000
; T08 POINT 1116 point-0001116 deposition
G1 A49.946943 C0.000000 X261.735139 Y373.122295 Z39.590404 E19695.435330805364456 F1200.000000
; T08 POINT 1117 point-0001117 deposition
G1 A49.946943 C0.000000 X261.483137 Y373.407205 Z39.590404 E19711.249112131186834 F1200.000000
; T08 POINT 1118 point-0001118 deposition
G1 A49.946943 C0.000000 X261.224221 Y373.685844 Z39.590404 E19727.062851951746021 F1200.000000
; T08 POINT 1119 point-0001119 deposition
G1 A49.946943 C0.000000 X260.958545 Y373.958046 Z39.590404 E19742.876577178013527 F1200.000000
; T08 POINT 1120 point-0001120 deposition
G1 A49.946943 C0.000000 X260.686270 Y374.223647 Z39.590404 E19758.690324802296111 F1200.000000
; T08 POINT 1121 point-0001121 deposition
G1 A49.946943 C0.000000 X260.407559 Y374.482488 Z39.590404 E19774.504136770424117 F1200.000000
; T08 POINT 1122 point-0001122 deposition
G1 A49.946943 C0.000000 X260.122578 Y374.734415 Z39.590404 E19790.318054922910684 F1200.000000
; T08 POINT 1123 point-0001123 deposition
G1 A49.946943 C0.000000 X259.831499 Y374.979275 Z39.590404 E19806.132115946309971 F1200.000000
; T08 POINT 1124 point-0001124 deposition
G1 A49.946943 C0.000000 X259.534496 Y375.216921 Z39.590404 E19821.946346273855175 F1200.000000
; T08 POINT 1125 point-0001125 deposition
G1 A49.946943 C0.000000 X259.231748 Y375.447210 Z39.590404 E19837.760756872007953 F1200.000000
; T08 POINT 1126 point-0001126 deposition
G1 A49.946943 C0.000000 X258.923436 Y375.670003 Z39.590404 E19853.575337846813453 F1200.000000
; T08 POINT 1127 point-0001127 deposition
G1 A49.946943 C0.000000 X258.609747 Y375.885166 Z39.590404 E19869.390052800958524 F1200.000000
; T08 POINT 1128 point-0001128 deposition
G1 A49.946943 C0.000000 X258.290872 Y376.092566 Z39.590404 E19885.204832869214317 F1200.000000
; T08 POINT 1129 point-0001129 deposition
G1 A49.946943 C0.000000 X257.967004 Y376.292079 Z39.590404 E19901.019570356543475 F1200.000000
; T08 POINT 1130 point-0001130 deposition
G1 A49.946943 C0.000000 X257.638342 Y376.483582 Z39.590404 E19916.834111899616990 F1200.000000
; T08 POINT 1131 point-0001131 deposition
G1 A49.946943 C0.000000 X257.305088 Y376.666957 Z39.590404 E19932.648251068873965 F1200.000000
; T08 POINT 1132 point-0001132 deposition
G1 A49.946943 C0.000000 X256.967449 Y376.842093 Z39.590404 E19948.461720324596885 F1200.000000
; T08 POINT 1133 point-0001133 deposition
G1 A49.946943 C0.000000 X256.625636 Y377.008881 Z39.590404 E19964.274188157596213 F1200.000000
; T08 POINT 1134 point-0001134 deposition
G1 A49.946943 C0.000000 X256.279842 Y377.167227 Z39.590404 E19980.086233651493733 F1200.000000
; T08 POINT 1135 point-0001135 deposition
G1 A49.946943 C0.000000 X255.930266 Y377.317043 Z39.590404 E19995.898389289996476 F1200.000000
; T08 POINT 1136 point-0001136 deposition
G1 A49.946943 C0.000000 X255.577118 Y377.458237 Z39.590404 E20011.710594342642750 F1200.000000
; T08 POINT 1137 point-0001137 deposition
G1 A49.946943 C0.000000 X255.220611 Y377.590724 Z39.590404 E20027.522807450029635 F1200.000000
; T08 POINT 1138 point-0001138 deposition
G1 A49.946943 C0.000000 X254.860961 Y377.714424 Z39.590404 E20043.335042235882799 F1200.000000
; T08 POINT 1139 point-0001139 deposition
G1 A49.946943 C0.000000 X254.498383 Y377.829263 Z39.590404 E20059.147297062134283 F1200.000000
; T08 POINT 1140 point-0001140 deposition
G1 A49.946943 C0.000000 X254.133098 Y377.935170 Z39.590404 E20074.959535608425913 F1200.000000
; T08 POINT 1141 point-0001141 deposition
G1 A49.946943 C0.000000 X253.765324 Y378.032083 Z39.590404 E20090.771743966807568 F1200.000000
; T08 POINT 1142 point-0001142 deposition
G1 A49.946943 C0.000000 X253.395284 Y378.119943 Z39.590404 E20106.583924847473542 F1200.000000
; T08 POINT 1143 point-0001143 deposition
G1 A49.946943 C0.000000 X253.023200 Y378.198697 Z39.590404 E20122.396091978980840 F1200.000000
; T08 POINT 1144 point-0001144 deposition
G1 A49.946943 C0.000000 X252.649295 Y378.268298 Z39.590404 E20138.208264643092722 F1200.000000
; T08 POINT 1145 point-0001145 deposition
G1 A49.946943 C0.000000 X252.273795 Y378.328704 Z39.590404 E20154.020462277380245 F1200.000000
; T08 POINT 1146 point-0001146 deposition
G1 A49.946943 C0.000000 X251.896925 Y378.379879 Z39.590404 E20169.832699078215176 F1200.000000
; T08 POINT 1147 point-0001147 deposition
G1 A49.946943 C0.000000 X251.518911 Y378.421791 Z39.590404 E20185.644978536780829 F1200.000000
; T08 POINT 1148 point-0001148 deposition
G1 A49.946943 C0.000000 X251.139983 Y378.454416 Z39.590404 E20201.457287841213297 F1200.000000
; T08 POINT 1149 point-0001149 deposition
G1 A49.946943 C0.000000 X250.760367 Y378.477733 Z39.590404 E20217.269592078961230 F1200.000000
; T08 POINT 1150 point-0001150 deposition
G1 A49.946943 C0.000000 X250.380296 Y378.491729 Z39.590404 E20233.081828174918043 F1200.000000
; T08 POINT 1151 point-0001151 deposition
G1 A49.946943 C0.000000 X250.000000 Y378.496395 Z39.590404 E20248.893898502830684 F1200.000000
; T08 EVENT event-0000018 retract
G1 E20247.893898502830684 F3000.000000
; T08 POINT 1152 point-0001152 depart
G1 A49.946943 C0.000000 X250.000000 Y378.496395 Z49.590404 F3000.000000
; T08 EVENT event-0000019 index_start
; T08 POINT 1153 point-0001153 travel
G1 A67.575276 C0.000000 X250.000000 Y348.397732 Z167.579087 F3000.000000
; T08 EVENT event-0000020 index_end
; T08 POINT 1154 point-0001154 approach
G1 A67.575276 C0.000000 X250.000000 Y348.397732 Z157.579087 F3000.000000
; T08 EVENT event-0000021 prime
G1 E20248.893898502830684 F1200.000000
; T08 POINT 1155 point-0001155 deposition
G1 A67.575276 C0.000000 X249.619534 Y348.393056 Z157.579087 E20264.713038593252149 F1200.000000
; T08 POINT 1156 point-0001156 deposition
G1 A67.575276 C0.000000 X249.239290 Y348.379032 Z157.579087 E20280.532503563126789 F1200.000000
; T08 POINT 1157 point-0001157 deposition
G1 A67.575276 C0.000000 X248.859501 Y348.355668 Z157.579087 E20296.352131094433514 F1200.000000
; T08 POINT 1158 point-0001158 deposition
G1 A67.575276 C0.000000 X248.480400 Y348.322978 Z157.579087 E20312.171806321940718 F1200.000000
; T08 POINT 1159 point-0001159 deposition
G1 A67.575276 C0.000000 X248.102217 Y348.280983 Z157.579087 E20327.991454539034646 F1200.000000
; T08 POINT 1160 point-0001160 deposition
G1 A67.575276 C0.000000 X247.725183 Y348.229707 Z157.579087 E20343.811034362804188 F1200.000000
; T08 POINT 1161 point-0001161 deposition
G1 A67.575276 C0.000000 X247.349524 Y348.169183 Z157.579087 E20359.630531300767434 F1200.000000
; T08 POINT 1162 point-0001162 deposition
G1 A67.575276 C0.000000 X246.975467 Y348.099448 Z157.579087 E20375.449951658684550 F1200.000000
; T08 POINT 1163 point-0001163 deposition
G1 A67.575276 C0.000000 X246.603237 Y348.020544 Z157.579087 E20391.269316726437355 F1200.000000
; T08 POINT 1164 point-0001164 deposition
G1 A67.575276 C0.000000 X246.233060 Y347.932519 Z157.579087 E20407.088657176979073 F1200.000000
; T08 POINT 1165 point-0001165 deposition
G1 A67.575276 C0.000000 X245.865156 Y347.835427 Z157.579087 E20422.908007611865527 F1200.000000
; T08 POINT 1166 point-0001166 deposition
G1 A67.575276 C0.000000 X245.499747 Y347.729326 Z157.579087 E20438.727401185886397 F1200.000000
; T08 POINT 1167 point-0001167 deposition
G1 A67.575276 C0.000000 X245.137052 Y347.614282 Z157.579087 E20454.546864242815336 F1200.000000
; T08 POINT 1168 point-0001168 deposition
G1 A67.575276 C0.000000 X244.777291 Y347.490364 Z157.579087 E20470.366410894292010 F1200.000000
; T08 POINT 1169 point-0001169 deposition
G1 A67.575276 C0.000000 X244.420680 Y347.357647 Z157.579087 E20486.186037474344204 F1200.000000
; T08 POINT 1170 point-0001170 deposition
G1 A67.575276 C0.000000 X244.067435 Y347.216212 Z157.579087 E20502.005716803040924 F1200.000000
; T08 POINT 1171 point-0001171 deposition
G1 A67.575276 C0.000000 X243.717769 Y347.066145 Z157.579087 E20517.825392194248574 F1200.000000
; T08 POINT 1172 point-0001172 deposition
G1 A67.575276 C0.000000 X243.371895 Y346.907539 Z157.579087 E20533.644971144419790 F1200.000000
; T08 POINT 1173 point-0001173 deposition
G1 A67.575276 C0.000000 X243.030025 Y346.740492 Z157.579087 E20549.464318641788783 F1200.000000
; T08 POINT 1174 point-0001174 deposition
G1 A67.575276 C0.000000 X242.692366 Y346.565106 Z157.579087 E20565.283316567255577 F1200.000000
; T08 POINT 1175 point-0001175 deposition
G1 A67.575276 C0.000000 X242.359116 Y346.381485 Z157.579087 E20581.102216977364918 F1200.000000
; T08 POINT 1176 point-0001176 deposition
G1 A67.575276 C0.000000 X242.030473 Y346.189740 Z157.579087 E20596.921119539632915 F1200.000000
; T08 POINT 1177 point-0001177 deposition
G1 A67.575276 C0.000000 X241.706636 Y345.989987 Z157.579087 E20612.740019145281723 F1200.000000
; T08 POINT 1178 point-0001178 deposition
G1 A67.575276 C0.000000 X241.387798 Y345.782347 Z157.579087 E20628.558918062422151 F1200.000000
; T08 POINT 1179 point-0001179 deposition
G1 A67.575276 C0.000000 X241.074152 Y345.566945 Z157.579087 E20644.377820276605991 F1200.000000
; T08 POINT 1180 point-0001180 deposition
G1 A67.575276 C0.000000 X240.765885 Y345.343912 Z157.579087 E20660.196725812895289 F1200.000000
; T08 POINT 1181 point-0001181 deposition
G1 A67.575276 C0.000000 X240.463184 Y345.113382 Z157.579087 E20676.015627245791581 F1200.000000
; T08 POINT 1182 point-0001182 deposition
G1 A67.575276 C0.000000 X240.166230 Y344.875495 Z157.579087 E20691.834522856537354 F1200.000000
; T08 POINT 1183 point-0001183 deposition
G1 A67.575276 C0.000000 X239.875202 Y344.630394 Z157.579087 E20707.653418067558266 F1200.000000
; T08 POINT 1184 point-0001184 deposition
G1 A67.575276 C0.000000 X239.590274 Y344.378228 Z157.579087 E20723.472313554367703 F1200.000000
; T08 POINT 1185 point-0001185 deposition
G1 A67.575276 C0.000000 X239.311618 Y344.119148 Z157.579087 E20739.291210003302712 F1200.000000
; T08 POINT 1186 point-0001186 deposition
G1 A67.575276 C0.000000 X239.039400 Y343.853310 Z157.579087 E20755.110119979402435 F1200.000000
; T08 POINT 1187 point-0001187 deposition
G1 A67.575276 C0.000000 X238.773784 Y343.580874 Z157.579087 E20770.929081531422921 F1200.000000
; T08 POINT 1188 point-0001188 deposition
G1 A67.575276 C0.000000 X238.514929 Y343.302004 Z157.579087 E20786.748106072426831 F1200.000000
; T08 POINT 1189 point-0001189 deposition
G1 A67.575276 C0.000000 X238.262992 Y343.016869 Z157.579087 E20802.567155760755208 F1200.000000
; T08 POINT 1190 point-0001190 deposition
G1 A67.575276 C0.000000 X238.018123 Y342.725640 Z157.579087 E20818.386197486125996 F1200.000000
; T08 POINT 1191 point-0001191 deposition
G1 A67.575276 C0.000000 X237.780471 Y342.428494 Z157.579087 E20834.205218277816244 F1200.000000
; T08 POINT 1192 point-0001192 deposition
G1 A67.575276 C0.000000 X237.550178 Y342.125610 Z157.579087 E20850.024219638749514 F1200.000000
; T08 POINT 1193 point-0001193 deposition
G1 A67.575276 C0.000000 X237.327383 Y341.817169 Z157.579087 E20865.843212053127610 F1200.000000
; T08 POINT 1194 point-0001194 deposition
G1 A67.575276 C0.000000 X237.112218 Y341.503357 Z157.579087 E20881.662209601597482 F1200.000000
; T08 POINT 1195 point-0001195 deposition
G1 A67.575276 C0.000000 X236.904814 Y341.184362 Z157.579087 E20897.481224617151568 F1200.000000
; T08 POINT 1196 point-0001196 deposition
G1 A67.575276 C0.000000 X236.705294 Y340.860377 Z157.579087 E20913.300262314652958 F1200.000000
; T08 POINT 1197 point-0001197 deposition
G1 A67.575276 C0.000000 X236.513779 Y340.531596 Z157.579087 E20929.119315327043088 F1200.000000
; T08 POINT 1198 point-0001198 deposition
G1 A67.575276 C0.000000 X236.330384 Y340.198218 Z157.579087 E20944.938358081968566 F1200.000000
; T08 POINT 1199 point-0001199 deposition
G1 A67.575276 C0.000000 X236.155220 Y339.860444 Z157.579087 E20960.757347452136200 F1200.000000
; T08 POINT 1200 point-0001200 deposition
G1 A67.575276 C0.000000 X235.988392 Y339.518477 Z157.579087 E20976.576317363808313 F1200.000000
; T08 POINT 1201 point-0001201 deposition
G1 A67.575276 C0.000000 X235.830000 Y339.172521 Z157.579087 E20992.395304353957720 F1200.000000
; T08 POINT 1202 point-0001202 deposition
G1 A67.575276 C0.000000 X235.680139 Y338.822785 Z157.579087 E21008.214321261426648 F1200.000000
; T08 POINT 1203 point-0001203 deposition
G1 A67.575276 C0.000000 X235.538899 Y338.469478 Z157.579087 E21024.033335033067980 F1200.000000
; T08 POINT 1204 point-0001204 deposition
G1 A67.575276 C0.000000 X235.406366 Y338.112815 Z157.579087 E21039.852332341537711 F1200.000000
; T08 POINT 1205 point-0001205 deposition
G1 A67.575276 C0.000000 X235.282619 Y337.753009 Z157.579087 E21055.671313852644684 F1200.000000
; T08 POINT 1206 point-0001206 deposition
G1 A67.575276 C0.000000 X235.167733 Y337.390277 Z157.579087 E21071.490288654561255 F1200.000000
; T08 POINT 1207 point-0001207 deposition
G1 A67.575276 C0.000000 X235.061777 Y337.024837 Z157.579087 E21087.309268782939658 F1200.000000
; T08 POINT 1208 point-0001208 deposition
G1 A67.575276 C0.000000 X234.964814 Y336.656907 Z157.579087 E21103.128263775251648 F1200.000000
; T08 POINT 1209 point-0001209 deposition
G1 A67.575276 C0.000000 X234.876904 Y336.286710 Z157.579087 E21118.947275187437119 F1200.000000
; T08 POINT 1210 point-0001210 deposition
G1 A67.575276 C0.000000 X234.798099 Y335.914468 Z157.579087 E21134.766291006199239 F1200.000000
; T08 POINT 1211 point-0001211 deposition
G1 A67.575276 C0.000000 X234.728447 Y335.540407 Z157.579087 E21150.585279891158643 F1200.000000
; T08 POINT 1212 point-0001212 deposition
G1 A67.575276 C0.000000 X234.667991 Y335.164750 Z157.579087 E21166.404230943650395 F1200.000000
; T08 POINT 1213 point-0001213 deposition
G1 A67.575276 C0.000000 X234.616765 Y334.787725 Z157.579087 E21182.223147024309775 F1200.000000
; T08 POINT 1214 point-0001214 deposition
G1 A67.575276 C0.000000 X234.574803 Y334.409556 Z157.579087 E21198.042056901597120 F1200.000000
; T08 POINT 1215 point-0001215 deposition
G1 A67.575276 C0.000000 X234.542128 Y334.030472 Z157.579087 E21213.860965515876129 F1200.000000
; T08 POINT 1216 point-0001216 deposition
G1 A67.575276 C0.000000 X234.518760 Y333.650701 Z157.579087 E21229.679873739311299 F1200.000000
; T08 POINT 1217 point-0001217 deposition
G1 A67.575276 C0.000000 X234.504715 Y333.270471 Z157.579087 E21245.498782863736853 F1200.000000
; T08 POINT 1218 point-0001218 deposition
G1 A67.575276 C0.000000 X234.500000 Y332.890011 Z157.579087 E21261.317693338227228 F1200.000000
; T08 POINT 1219 point-0001219 deposition
G1 A67.575276 C0.000000 X234.504619 Y332.509549 Z157.579087 E21277.136637900013678 F1200.000000
; T08 POINT 1220 point-0001220 deposition
G1 A67.575276 C0.000000 X234.518569 Y332.129314 Z157.579087 E21292.955616091050389 F1200.000000
; T08 POINT 1221 point-0001221 deposition
G1 A67.575276 C0.000000 X234.541842 Y331.749534 Z157.579087 E21308.774628411885338 F1200.000000
; T08 POINT 1222 point-0001222 deposition
G1 A67.575276 C0.000000 X234.574425 Y331.370440 Z157.579087 E21324.593640673579264 F1200.000000
; T08 POINT 1223 point-0001223 deposition
G1 A67.575276 C0.000000 X234.616297 Y330.992260 Z157.579087 E21340.412637640889569 F1200.000000
; T08 POINT 1224 point-0001224 deposition
G1 A67.575276 C0.000000 X234.667434 Y330.615221 Z157.579087 E21356.231618664524964 F1200.000000
; T08 POINT 1225 point-0001225 deposition
G1 A67.575276 C0.000000 X234.727805 Y330.239550 Z157.579087 E21372.050592017435887 F1200.000000
; T08 POINT 1226 point-0001226 deposition
G1 A67.575276 C0.000000 X234.797374 Y329.865473 Z157.579087 E21387.869569336406807 F1200.000000
; T08 POINT 1227 point-0001227 deposition
G1 A67.575276 C0.000000 X234.876100 Y329.493215 Z157.579087 E21403.688560101591780 F1200.000000
; T08 POINT 1228 point-0001228 deposition
G1 A67.575276 C0.000000 X234.963935 Y329.123000 Z157.579087 E21419.507566086355388 F1200.000000
; T08 POINT 1229 point-0001229 deposition
G1 A67.575276 C0.000000 X235.060827 Y328.755052 Z157.579087 E21435.326575709983930 F1200.000000
; T08 POINT 1230 point-0001230 deposition
G1 A67.575276 C0.000000 X235.166718 Y328.389592 Z157.579087 E21451.145558522021947 F1200.000000
; T08 POINT 1231 point-0001231 deposition
G1 A67.575276 C0.000000 X235.281543 Y328.026840 Z157.579087 E21466.964562610720531 F1200.000000
; T08 POINT 1232 point-0001232 deposition
G1 A67.575276 C0.000000 X235.405234 Y327.667014 Z157.579087 E21482.783595995081569 F1200.000000
; T08 POINT 1233 point-0001233 deposition
G1 A67.575276 C0.000000 X235.537718 Y327.310330 Z157.579087 E21498.602692699445946 F1200.000000
; T08 POINT 1234 point-0001234 deposition
G1 A67.575276 C0.000000 X235.678915 Y326.957003 Z157.579087 E21514.421826772883387 F1200.000000
; T08 POINT 1235 point-0001235 deposition
G1 A67.575276 C0.000000 X235.828738 Y326.607248 Z157.579087 E21530.240953624791274 F1200.000000
; T08 POINT 1236 point-0001236 deposition
G1 A67.575276 C0.000000 X235.987099 Y326.261274 Z157.579087 E21546.060052594027683 F1200.000000
; T08 POINT 1237 point-0001237 deposition
G1 A67.575276 C0.000000 X236.153902 Y325.919292 Z157.579087 E21561.879121042801803 F1200.000000
; T08 POINT 1238 point-0001238 deposition
G1 A67.575276 C0.000000 X236.329046 Y325.581506 Z157.579087 E21577.698168666261097 F1200.000000
; T08 POINT 1239 point-0001239 deposition
G1 A67.575276 C0.000000 X236.512427 Y325.248121 Z157.579087 E21593.517211951807817 F1200.000000
; T08 POINT 1240 point-0001240 deposition
G1 A67.575276 C0.000000 X236.703934 Y324.919335 Z157.579087 E21609.336268721066403 F1200.000000
; T08 POINT 1241 point-0001241 deposition
G1 A67.575276 C0.000000 X236.903452 Y324.595348 Z157.579087 E21625.155352686823901 F1200.000000
; T08 POINT 1242 point-0001242 deposition
G1 A67.575276 C0.000000 X237.110862 Y324.276354 Z157.579087 E21640.974467957146229 F1200.000000
; T08 POINT 1243 point-0001243 deposition
G1 A67.575276 C0.000000 X237.326038 Y323.962546 Z157.579087 E21656.793603419258905 F1200.000000
; T08 POINT 1244 point-0001244 deposition
G1 A67.575276 C0.000000 X237.548851 Y323.654113 Z157.579087 E21672.612726936656103 F1200.000000
; T08 POINT 1245 point-0001245 deposition
G1 A67.575276 C0.000000 X237.779165 Y323.351244 Z157.579087 E21688.431779294280470 F1200.000000
; T08 POINT 1246 point-0001246 deposition
G1 A67.575276 C0.000000 X238.016842 Y323.054119 Z157.579087 E21704.250750148740937 F1200.000000
; T08 POINT 1247 point-0001247 deposition
G1 A67.575276 C0.000000 X238.261740 Y322.762918 Z157.579087 E21720.069682823927239 F1200.000000
; T08 POINT 1248 point-0001248 deposition
G1 A67.575276 C0.000000 X238.513710 Y322.477816 Z157.579087 E21735.888627624203097 F1200.000000
; T08 POINT 1249 point-0001249 deposition
G1 A67.575276 C0.000000 X238.772603 Y322.198983 Z157.579087 E21751.707569296312793 F1200.000000
; T08 POINT 1250 point-0001250 deposition
G1 A67.575276 C0.000000 X239.038261 Y321.926589 Z157.579087 E21767.526500815140420 F1200.000000
; T08 POINT 1251 point-0001251 deposition
G1 A67.575276 C0.000000 X239.310524 Y321.660798 Z157.579087 E21783.345425405170300 F1200.000000
; T08 POINT 1252 point-0001252 deposition
G1 A67.575276 C0.000000 X239.589230 Y321.401770 Z157.579087 E21799.164351027915961 F1200.000000
; T08 POINT 1253 point-0001253 deposition
G1 A67.575276 C0.000000 X239.874209 Y321.149660 Z157.579087 E21814.983284841019886 F1200.000000
; T08 POINT 1254 point-0001254 deposition
G1 A67.575276 C0.000000 X240.165291 Y320.904621 Z157.579087 E21830.802227661342026 F1200.000000
; T08 POINT 1255 point-0001255 deposition
G1 A67.575276 C0.000000 X240.462300 Y320.666801 Z157.579087 E21846.621168464360483 F1200.000000
; T08 POINT 1256 point-0001256 deposition
G1 A67.575276 C0.000000 X240.765056 Y320.436343 Z157.579087 E21862.440085259868659 F1200.000000
; T08 POINT 1257 point-0001257 deposition
G1 A67.575276 C0.000000 X241.073378 Y320.213387 Z157.579087 E21878.258986859667004 F1200.000000
; T08 POINT 1258 point-0001258 deposition
G1 A67.575276 C0.000000 X241.387080 Y319.998065 Z157.579087 E21894.077889508649645 F1200.000000
; T08 POINT 1259 point-0001259 deposition
G1 A67.575276 C0.000000 X241.705973 Y319.790510 Z157.579087 E21909.896789660504569 F1200.000000
; T08 POINT 1260 point-0001260 deposition
G1 A67.575276 C0.000000 X242.029864 Y319.590844 Z157.579087 E21925.715686516338118 F1200.000000
; T08 POINT 1261 point-0001261 deposition
G1 A67.575276 C0.000000 X242.358560 Y319.399190 Z157.579087 E21941.534584006797187 F1200.000000
; T08 POINT 1262 point-0001262 deposition
G1 A67.575276 C0.000000 X242.691860 Y319.215662 Z157.579087 E21957.353485004003193 F1200.000000
; T08 POINT 1263 point-0001263 deposition
G1 A67.575276 C0.000000 X243.029566 Y319.040371 Z157.579087 E21973.172385540916430 F1200.000000
; T08 POINT 1264 point-0001264 deposition
G1 A67.575276 C0.000000 X243.371474 Y318.873423 Z157.579087 E21988.991339009555850 F1200.000000
; T08 POINT 1265 point-0001265 deposition
G1 A67.575276 C0.000000 X243.717383 Y318.714915 Z157.579087 E22004.810525218432760 F1200.000000
; T08 POINT 1266 point-0001266 deposition
G1 A67.575276 C0.000000 X244.067082 Y318.564946 Z157.579087 E22020.629905476731444 F1200.000000
; T08 POINT 1267 point-0001267 deposition
G1 A67.575276 C0.000000 X244.420360 Y318.423606 Z157.579087 E22036.449363048420233 F1200.000000
; T08 POINT 1268 point-0001268 deposition
G1 A67.575276 C0.000000 X244.777001 Y318.290981 Z157.579087 E22052.268820213779888 F1200.000000
; T08 POINT 1269 point-0001269 deposition
G1 A67.575276 C0.000000 X245.136790 Y318.167152 Z157.579087 E22068.088231700076936 F1200.000000
; T08 POINT 1270 point-0001270 deposition
G1 A67.575276 C0.000000 X245.499508 Y318.052194 Z157.579087 E22083.907578487118896 F1200.000000
; T08 POINT 1271 point-0001271 deposition
G1 A67.575276 C0.000000 X245.864938 Y317.946175 Z157.579087 E22099.726861926555636 F1200.000000
; T08 POINT 1272 point-0001272 deposition
G1 A67.575276 C0.000000 X246.232860 Y317.849160 Z157.579087 E22115.546098111464112 F1200.000000
; T08 POINT 1273 point-0001273 deposition
G1 A67.575276 C0.000000 X246.603051 Y317.761206 Z157.579087 E22131.365312430927386 F1200.000000
; T08 POINT 1274 point-0001274 deposition
G1 A67.575276 C0.000000 X246.975291 Y317.682368 Z157.579087 E22147.184534242950349 F1200.000000
; T08 POINT 1275 point-0001275 deposition
G1 A67.575276 C0.000000 X247.349355 Y317.612691 Z157.579087 E22163.003791598212361 F1200.000000
; T08 POINT 1276 point-0001276 deposition
G1 A67.575276 C0.000000 X247.725018 Y317.552219 Z157.579087 E22178.823105946769926 F1200.000000
; T08 POINT 1277 point-0001277 deposition
G1 A67.575276 C0.000000 X248.102054 Y317.500987 Z157.579087 E22194.642486759956270 F1200.000000
; T08 POINT 1278 point-0001278 deposition
G1 A67.575276 C0.000000 X248.480235 Y317.459027 Z157.579087 E22210.461926000339481 F1200.000000
; T08 POINT 1279 point-0001279 deposition
G1 A67.575276 C0.000000 X248.859333 Y317.426364 Z157.579087 E22226.281392373705882 F1200.000000
; T08 POINT 1280 point-0001280 deposition
G1 A67.575276 C0.000000 X249.239118 Y317.403018 Z157.579087 E22242.100825298635093 F1200.000000
; T08 POINT 1281 point-0001281 deposition
G1 A67.575276 C0.000000 X249.619359 Y317.389004 Z157.579087 E22257.920128531311394 F1200.000000
; T08 POINT 1282 point-0001282 deposition
G1 A67.575276 C0.000000 X249.999823 Y317.384329 Z157.579087 E22273.739168702368597 F1200.000000
; T08 POINT 1283 point-0001283 deposition
G1 A67.575276 C0.000000 X250.380293 Y317.388995 Z157.579087 E22289.558461722178493 F1200.000000
; T08 POINT 1284 point-0001284 deposition
G1 A67.575276 C0.000000 X250.760546 Y317.403002 Z157.579087 E22305.378256941265419 F1200.000000
; T08 POINT 1285 point-0001285 deposition
G1 A67.575276 C0.000000 X251.140347 Y317.426341 Z157.579087 E22321.198342474258706 F1200.000000
; T08 POINT 1286 point-0001286 deposition
G1 A67.575276 C0.000000 X251.519464 Y317.458997 Z157.579087 E22337.018559534279851 F1200.000000
; T08 POINT 1287 point-0001287 deposition
G1 A67.575276 C0.000000 X251.897665 Y317.500952 Z157.579087 E22352.838795154591225 F1200.000000
; T08 POINT 1288 point-0001288 deposition
G1 A67.575276 C0.000000 X252.274721 Y317.552180 Z157.579087 E22368.658975370302545 F1200.000000
; T08 POINT 1289 point-0001289 deposition
G1 A67.575276 C0.000000 X252.650403 Y317.612649 Z157.579087 E22384.479058807825468 F1200.000000
; T08 POINT 1290 point-0001290 deposition
G1 A67.575276 C0.000000 X253.024485 Y317.682323 Z157.579087 E22400.299030626979632 F1200.000000
; T08 POINT 1291 point-0001291 deposition
G1 A67.575276 C0.000000 X253.396741 Y317.761160 Z157.579087 E22416.118896758281756 F1200.000000
; T08 POINT 1292 point-0001292 deposition
G1 A67.575276 C0.000000 X253.766947 Y317.849111 Z157.579087 E22431.938678375977371 F1200.000000
; T08 POINT 1293 point-0001293 deposition
G1 A67.575276 C0.000000 X254.134881 Y317.946125 Z157.579087 E22447.758406545828633 F1200.000000
; T08 POINT 1294 point-0001294 deposition
G1 A67.575276 C0.000000 X254.500322 Y318.052142 Z157.579087 E22463.578116985541884 F1200.000000
; T08 POINT 1295 point-0001295 deposition
G1 A67.575276 C0.000000 X254.863051 Y318.167099 Z157.579087 E22479.397844875009412 F1200.000000
; T08 POINT 1296 point-0001296 deposition
G1 A67.575276 C0.000000 X255.222849 Y318.290927 Z157.579087 E22495.217619653261672 F1200.000000
; T08 POINT 1297 point-0001297 deposition
G1 A67.575276 C0.000000 X255.579500 Y318.423552 Z157.579087 E22511.037459739157003 F1200.000000
; T08 POINT 1298 point-0001298 deposition
G1 A67.575276 C0.000000 X255.932789 Y318.564892 Z157.579087 E22526.857367113418198 F1200.000000
; T08 POINT 1299 point-0001299 deposition
G1 A67.575276 C0.000000 X256.282502 Y318.714864 Z157.579087 E22542.677321700589423 F1200.000000
; T08 POINT 1300 point-0001300 deposition
G1 A67.575276 C0.000000 X256.628429 Y318.873377 Z157.579087 E22558.497275490918539 F1200.000000
; T08 POINT 1301 point-0001301 deposition
G1 A67.575276 C0.000000 X256.970358 Y319.040333 Z157.579087 E22574.317152981855054 F1200.000000
; T08 POINT 1302 point-0001302 deposition
G1 A67.575276 C0.000000 X257.308086 Y319.215633 Z157.579087 E22590.137040227918360 F1200.000000
; T08 POINT 1303 point-0001303 deposition
G1 A67.575276 C0.000000 X257.641409 Y319.399172 Z157.579087 E22605.956966226936831 F1200.000000
; T08 POINT 1304 point-0001304 deposition
G1 A67.575276 C0.000000 X257.970125 Y319.590838 Z157.579087 E22621.776876089117621 F1200.000000
; T08 POINT 1305 point-0001305 deposition
G1 A67.575276 C0.000000 X258.294036 Y319.790515 Z157.579087 E22637.596697108874469 F1200.000000
; T08 POINT 1306 point-0001306 deposition
G1 A67.575276 C0.000000 X258.612943 Y319.998081 Z157.579087 E22653.416332311903759 F1200.000000
; T08 POINT 1307 point-0001307 deposition
G1 A67.575276 C0.000000 X258.926653 Y320.213408 Z157.579087 E22669.235653744308831 F1200.000000
; T08 POINT 1308 point-0001308 deposition
G1 A67.575276 C0.000000 X259.234975 Y320.436366 Z157.579087 E22685.054596594823165 F1200.000000
; T08 POINT 1309 point-0001309 deposition
G1 A67.575276 C0.000000 X259.537731 Y320.666825 Z157.579087 E22700.873506202359998 F1200.000000
; T08 POINT 1310 point-0001310 deposition
G1 A67.575276 C0.000000 X259.834739 Y320.904645 Z157.579087 E22716.692439817579423 F1200.000000
; T08 POINT 1311 point-0001311 deposition
G1 A67.575276 C0.000000 X260.125820 Y321.149685 Z157.579087 E22732.511375452382275 F1200.000000
; T08 POINT 1312 point-0001312 deposition
G1 A67.575276 C0.000000 X260.410799 Y321.401795 Z157.579087 E22748.330302080721802 F1200.000000
; T08 POINT 1313 point-0001313 deposition
G1 A67.575276 C0.000000 X260.689503 Y321.660824 Z157.579087 E22764.149220518428619 F1200.000000
; T08 POINT 1314 point-0001314 deposition
G1 A67.575276 C0.000000 X260.961766 Y321.926616 Z157.579087 E22779.968137922627246 F1200.000000
; T08 POINT 1315 point-0001315 deposition
G1 A67.575276 C0.000000 X261.227423 Y322.199011 Z157.579087 E22795.787062254842407 F1200.000000
; T08 POINT 1316 point-0001316 deposition
G1 A67.575276 C0.000000 X261.486315 Y322.477843 Z157.579087 E22811.605996740108722 F1200.000000
; T08 POINT 1317 point-0001317 deposition
G1 A67.575276 C0.000000 X261.738285 Y322.762947 Z157.579087 E22827.424934354409034 F1200.000000
; T08 POINT 1318 point-0001318 deposition
G1 A67.575276 C0.000000 X261.983181 Y323.054148 Z157.579087 E22843.243859844136214 F1200.000000
; T08 POINT 1319 point-0001319 deposition
G1 A67.575276 C0.000000 X262.220857 Y323.351273 Z157.579087 E22859.062823512849664 F1200.000000
; T08 POINT 1320 point-0001320 deposition
G1 A67.575276 C0.000000 X262.451171 Y323.654143 Z157.579087 E22874.881868670511216 F1200.000000
; T08 POINT 1321 point-0001321 deposition
G1 A67.575276 C0.000000 X262.673983 Y323.962576 Z157.579087 E22890.700984996261954 F1200.000000
; T08 POINT 1322 point-0001322 deposition
G1 A67.575276 C0.000000 X262.889158 Y324.276384 Z157.579087 E22906.520113272004690 F1200.000000
; T08 POINT 1323 point-0001323 deposition
G1 A67.575276 C0.000000 X263.096567 Y324.595378 Z157.579087 E22922.339221358747404 F1200.000000
; T08 POINT 1324 point-0001324 deposition
G1 A67.575276 C0.000000 X263.296085 Y324.919366 Z157.579087 E22938.158298141765299 F1200.000000
; T08 POINT 1325 point-0001325 deposition
G1 A67.575276 C0.000000 X263.487591 Y325.248152 Z157.579087 E22953.977347727703640 F1200.000000
; T08 POINT 1326 point-0001326 deposition
G1 A67.575276 C0.000000 X263.670971 Y325.581538 Z157.579087 E22969.796383828453263 F1200.000000
; T08 POINT 1327 point-0001327 deposition
G1 A67.575276 C0.000000 X263.846114 Y325.919324 Z157.579087 E22985.615424265269557 F1200.000000
; T08 POINT 1328 point-0001328 deposition
G1 A67.575276 C0.000000 X264.012916 Y326.261306 Z157.579087 E23001.434485525718016 F1200.000000
; T08 POINT 1329 point-0001329 deposition
G1 A67.575276 C0.000000 X264.171276 Y326.607280 Z157.579087 E23017.253577305659666 F1200.000000
; T08 POINT 1330 point-0001330 deposition
G1 A67.575276 C0.000000 X264.321099 Y326.957036 Z157.579087 E23033.072696968584701 F1200.000000
; T08 POINT 1331 point-0001331 deposition
G1 A67.575276 C0.000000 X264.462294 Y327.310363 Z157.579087 E23048.891823855229385 F1200.000000
; T08 POINT 1332 point-0001332 deposition
G1 A67.575276 C0.000000 X264.594777 Y327.667047 Z157.579087 E23064.710913377497209 F1200.000000
; T08 POINT 1333 point-0001333 deposition
G1 A67.575276 C0.000000 X264.718468 Y328.026873 Z157.579087 E23080.529939580695111 F1200.000000
; T08 POINT 1334 point-0001334 deposition
G1 A67.575276 C0.000000 X264.833292 Y328.389625 Z157.579087 E23096.348936494894512 F1200.000000
; T08 POINT 1335 point-0001335 deposition
G1 A67.575276 C0.000000 X264.939182 Y328.755085 Z157.579087 E23112.167912115538393 F1200.000000
; T08 POINT 1336 point-0001336 deposition
G1 A67.575276 C0.000000 X265.036073 Y329.123033 Z157.579087 E23127.986914551260269 F1200.000000
; T08 POINT 1337 point-0001337 deposition
G1 A67.575276 C0.000000 X265.123907 Y329.493248 Z157.579087 E23143.805913350810489 F1200.000000
; T08 POINT 1338 point-0001338 deposition
G1 A67.575276 C0.000000 X265.202632 Y329.865506 Z157.579087 E23159.624896931707907 F1200.000000
; T08 POINT 1339 point-0001339 deposition
G1 A67.575276 C0.000000 X265.272201 Y330.239583 Z157.579087 E23175.443867066080297 F1200.000000
; T08 POINT 1340 point-0001340 deposition
G1 A67.575276 C0.000000 X265.332571 Y330.615253 Z157.579087 E23191.262833233376305 F1200.000000
; T08 POINT 1341 point-0001341 deposition
G1 A67.575276 C0.000000 X265.383707 Y330.992293 Z157.579087 E23207.081807070209462 F1200.000000
; T08 POINT 1342 point-0001342 deposition
G1 A67.575276 C0.000000 X265.425579 Y331.370473 Z157.579087 E23222.900796849907452 F1200.000000
; T08 POINT 1343 point-0001343 deposition
G1 A67.575276 C0.000000 X265.458160 Y331.749567 Z157.579087 E23238.719801924117449 F1200.000000
; T08 POINT 1344 point-0001344 deposition
G1 A67.575276 C0.000000 X265.481432 Y332.129346 Z157.579087 E23254.538807059119704 F1200.000000
; T08 POINT 1345 point-0001345 deposition
G1 A67.575276 C0.000000 X265.495382 Y332.509581 Z157.579087 E23270.357778067279504 F1200.000000
; T08 POINT 1346 point-0001346 deposition
G1 A67.575276 C0.000000 X265.500000 Y332.890043 Z157.579087 E23286.176715447612537 F1200.000000
; T08 POINT 1347 point-0001347 deposition
G1 A67.575276 C0.000000 X265.495284 Y333.270503 Z157.579087 E23301.995618738564897 F1200.000000
; T08 POINT 1348 point-0001348 deposition
G1 A67.575276 C0.000000 X265.481238 Y333.650733 Z157.579087 E23317.814520677202545 F1200.000000
; T08 POINT 1349 point-0001349 deposition
G1 A67.575276 C0.000000 X265.457870 Y334.030504 Z157.579087 E23333.633421715048977 F1200.000000
; T08 POINT 1350 point-0001350 deposition
G1 A67.575276 C0.000000 X265.425194 Y334.409588 Z157.579087 E23349.452323143525286 F1200.000000
; T08 POINT 1351 point-0001351 deposition
G1 A67.575276 C0.000000 X265.383231 Y334.787756 Z157.579087 E23365.271225834928695 F1200.000000
; T08 POINT 1352 point-0001352 deposition
G1 A67.575276 C0.000000 X265.332005 Y335.164781 Z157.579087 E23381.090134728307462 F1200.000000
; T08 POINT 1353 point-0001353 deposition
G1 A67.575276 C0.000000 X265.271547 Y335.540437 Z157.579087 E23396.909078594068703 F1200.000000
; T08 POINT 1354 point-0001354 deposition
G1 A67.575276 C0.000000 X265.201895 Y335.914499 Z157.579087 E23412.728060286779393 F1200.000000
; T08 POINT 1355 point-0001355 deposition
G1 A67.575276 C0.000000 X265.123089 Y336.286740 Z157.579087 E23428.547068917817397 F1200.000000
; T08 POINT 1356 point-0001356 deposition
G1 A67.575276 C0.000000 X265.035178 Y336.656937 Z157.579087 E23444.366073144704951 F1200.000000
; T08 POINT 1357 point-0001357 deposition
G1 A67.575276 C0.000000 X264.938215 Y337.024866 Z157.579087 E23460.185060952524519 F1200.000000
; T08 POINT 1358 point-0001358 deposition
G1 A67.575276 C0.000000 X264.832258 Y337.390306 Z157.579087 E23476.004033896083562 F1200.000000
; T08 POINT 1359 point-0001359 deposition
G1 A67.575276 C0.000000 X264.717372 Y337.753038 Z157.579087 E23491.823001512205969 F1200.000000
; T08 POINT 1360 point-0001360 deposition
G1 A67.575276 C0.000000 X264.593624 Y338.112843 Z157.579087 E23507.641975836387506 F1200.000000
; T08 POINT 1361 point-0001361 deposition
G1 A67.575276 C0.000000 X264.461090 Y338.469506 Z157.579087 E23523.460965957143980 F1200.000000
; T08 POINT 1362 point-0001362 deposition
G1 A67.575276 C0.000000 X264.319850 Y338.822812 Z157.579087 E23539.279972541146318 F1200.000000
; T08 POINT 1363 point-0001363 deposition
G1 A67.575276 C0.000000 X264.169988 Y339.172548 Z157.579087 E23555.098982262455785 F1200.000000
; T08 POINT 1364 point-0001364 deposition
G1 A67.575276 C0.000000 X264.011595 Y339.518503 Z157.579087 E23570.917962069904503 F1200.000000
; T08 POINT 1365 point-0001365 deposition
G1 A67.575276 C0.000000 X263.844767 Y339.860470 Z157.579087 E23586.736905285365348 F1200.000000
; T08 POINT 1366 point-0001366 deposition
G1 A67.575276 C0.000000 X263.669603 Y340.198242 Z157.579087 E23602.555841278960913 F1200.000000
; T08 POINT 1367 point-0001367 deposition
G1 A67.575276 C0.000000 X263.486209 Y340.531619 Z157.579087 E23618.374820464683917 F1200.000000
; T08 POINT 1368 point-0001368 deposition
G1 A67.575276 C0.000000 X263.294694 Y340.860398 Z157.579087 E23634.193811410383122 F1200.000000
; T08 POINT 1369 point-0001369 deposition
G1 A67.575276 C0.000000 X263.095174 Y341.184382 Z157.579087 E23650.012795614305155 F1200.000000
; T08 POINT 1370 point-0001370 deposition
G1 A67.575276 C0.000000 X262.887770 Y341.503375 Z157.579087 E23665.831768184107197 F1200.000000
; T08 POINT 1371 point-0001371 deposition
G1 A67.575276 C0.000000 X262.672605 Y341.817186 Z157.579087 E23681.650732135192155 F1200.000000
; T08 POINT 1372 point-0001372 deposition
G1 A67.575276 C0.000000 X262.449810 Y342.125626 Z157.579087 E23697.469692795484423 F1200.000000
; T08 POINT 1373 point-0001373 deposition
G1 A67.575276 C0.000000 X262.219517 Y342.428509 Z157.579087 E23713.288652299288616 F1200.000000
; T08 POINT 1374 point-0001374 deposition
G1 A67.575276 C0.000000 X261.981866 Y342.725654 Z157.579087 E23729.107605953574728 F1200.000000
; T08 POINT 1375 point-0001375 deposition
G1 A67.575276 C0.000000 X261.736998 Y343.016881 Z157.579087 E23744.926574784786945 F1200.000000
; T08 POINT 1376 point-0001376 deposition
G1 A67.575276 C0.000000 X261.485061 Y343.302015 Z157.579087 E23760.745557918103216 F1200.000000
; T08 POINT 1377 point-0001377 deposition
G1 A67.575276 C0.000000 X261.226207 Y343.580883 Z157.579087 E23776.564539559635342 F1200.000000
; T08 POINT 1378 point-0001378 deposition
G1 A67.575276 C0.000000 X260.960591 Y343.853319 Z157.579087 E23792.383498138578030 F1200.000000
; T08 POINT 1379 point-0001379 deposition
G1 A67.575276 C0.000000 X260.688373 Y344.119157 Z157.579087 E23808.202407786605990 F1200.000000
; T08 POINT 1380 point-0001380 deposition
G1 A67.575276 C0.000000 X260.409716 Y344.378237 Z157.579087 E23824.021306997236502 F1200.000000
; T08 POINT 1381 point-0001381 deposition
G1 A67.575276 C0.000000 X260.124788 Y344.630403 Z157.579087 E23839.840208134958558 F1200.000000
; T08 POINT 1382 point-0001382 deposition
G1 A67.575276 C0.000000 X259.833759 Y344.875504 Z157.579087 E23855.659106816413840 F1200.000000
; T08 POINT 1383 point-0001383 deposition
G1 A67.575276 C0.000000 X259.536805 Y345.113390 Z157.579087 E23871.477996931886582 F1200.000000
; T08 POINT 1384 point-0001384 deposition
G1 A67.575276 C0.000000 X259.234104 Y345.343920 Z157.579087 E23887.296891488472618 F1200.000000
; T08 POINT 1385 point-0001385 deposition
G1 A67.575276 C0.000000 X258.925838 Y345.566953 Z157.579087 E23903.115790935333696 F1200.000000
; T08 POINT 1386 point-0001386 deposition
G1 A67.575276 C0.000000 X258.612191 Y345.782354 Z157.579087 E23918.934687224662039 F1200.000000
; T08 POINT 1387 point-0001387 deposition
G1 A67.575276 C0.000000 X258.293353 Y345.989994 Z157.579087 E23934.753579945007163 F1200.000000
; T08 POINT 1388 point-0001388 deposition
G1 A67.575276 C0.000000 X257.969516 Y346.189747 Z157.579087 E23950.572473025664281 F1200.000000
; T08 POINT 1389 point-0001389 deposition
G1 A67.575276 C0.000000 X257.640873 Y346.381491 Z157.579087 E23966.391369057397201 F1200.000000
; T08 POINT 1390 point-0001390 deposition
G1 A67.575276 C0.000000 X257.307623 Y346.565111 Z157.579087 E23982.210263629365189 F1200.000000
; T08 POINT 1391 point-0001391 deposition
G1 A67.575276 C0.000000 X256.969965 Y346.740497 Z157.579087 E23998.029241082648074 F1200.000000
; T08 POINT 1392 point-0001392 deposition
G1 A67.575276 C0.000000 X256.628095 Y346.907543 Z157.579087 E24013.848526230552624 F1200.000000
; T08 POINT 1393 point-0001393 deposition
G1 A67.575276 C0.000000 X256.282223 Y347.066149 Z157.579087 E24029.668058219057438 F1200.000000
; T08 POINT 1394 point-0001394 deposition
G1 A67.575276 C0.000000 X255.932558 Y347.216215 Z157.579087 E24045.487698338194646 F1200.000000
; T08 POINT 1395 point-0001395 deposition
G1 A67.575276 C0.000000 X255.579313 Y347.357650 Z157.579087 E24061.307350880085002 F1200.000000
; T08 POINT 1396 point-0001396 deposition
G1 A67.575276 C0.000000 X255.222702 Y347.490366 Z157.579087 E24077.126956416699754 F1200.000000
; T08 POINT 1397 point-0001397 deposition
G1 A67.575276 C0.000000 X254.862941 Y347.614284 Z157.579087 E24092.946485460584256 F1200.000000
; T08 POINT 1398 point-0001398 deposition
G1 A67.575276 C0.000000 X254.500247 Y347.729328 Z157.579087 E24108.765932448078042 F1200.000000
; T08 POINT 1399 point-0001399 deposition
G1 A67.575276 C0.000000 X254.134839 Y347.835428 Z157.579087 E24124.585309982095348 F1200.000000
; T08 POINT 1400 point-0001400 deposition
G1 A67.575276 C0.000000 X253.766935 Y347.932520 Z157.579087 E24140.404643269543419 F1200.000000
; T08 POINT 1401 point-0001401 deposition
G1 A67.575276 C0.000000 X253.396758 Y348.020545 Z157.579087 E24156.223964686952668 F1200.000000
; T08 POINT 1402 point-0001402 deposition
G1 A67.575276 C0.000000 X253.024529 Y348.099449 Z157.579087 E24172.043308406882451 F1200.000000
; T08 POINT 1403 point-0001403 deposition
G1 A67.575276 C0.000000 X252.650472 Y348.169184 Z157.579087 E24187.862705017145511 F1200.000000
; T08 POINT 1404 point-0001404 deposition
G1 A67.575276 C0.000000 X252.274814 Y348.229708 Z157.579087 E24203.682176064873679 F1200.000000
; T08 POINT 1405 point-0001405 deposition
G1 A67.575276 C0.000000 X251.897780 Y348.280983 Z157.579087 E24219.501728457919907 F1200.000000
; T08 POINT 1406 point-0001406 deposition
G1 A67.575276 C0.000000 X251.519598 Y348.322978 Z157.579087 E24235.321348657061816 F1200.000000
; T08 POINT 1407 point-0001407 deposition
G1 A67.575276 C0.000000 X251.140498 Y348.355668 Z157.579087 E24251.140996593934146 F1200.000000
; T08 POINT 1408 point-0001408 deposition
G1 A67.575276 C0.000000 X250.760710 Y348.379032 Z157.579087 E24266.960599251572973 F1200.000000
; T08 POINT 1409 point-0001409 deposition
G1 A67.575276 C0.000000 X250.380466 Y348.393056 Z157.579087 E24282.780043846890890 F1200.000000
; T08 POINT 1410 point-0001410 deposition
G1 A67.575276 C0.000000 X250.000000 Y348.397732 Z157.579087 E24298.599170557319849 F1200.000000
; T08 EVENT event-0000022 retract
G1 E24297.599170557319849 F3000.000000
; T08 POINT 1411 point-0001411 depart
G1 A67.575276 C0.000000 X250.000000 Y348.397732 Z167.579087 F3000.000000
; T08 EVENT event-0000023 index_start
; T08 POINT 1412 point-0001412 travel
G1 A70.513331 C0.000000 X250.000000 Y339.870693 Z192.667405 F3000.000000
; T08 EVENT event-0000024 index_end
; T08 POINT 1413 point-0001413 approach
G1 A70.513331 C0.000000 X250.000000 Y339.870693 Z182.667405 F3000.000000
; T08 EVENT event-0000025 prime
G1 E24298.599170557319849 F1200.000000
; T08 POINT 1414 point-0001414 deposition
G1 A70.513331 C0.000000 X249.445336 Y339.860764 Z182.667405 E24313.512086490111744 F1200.000000
; T08 POINT 1415 point-0001415 deposition
G1 A70.513331 C0.000000 X248.898613 Y339.831382 Z182.667405 E24328.230332239802148 F1200.000000
; T08 POINT 1416 point-0001416 deposition
G1 A70.513331 C0.000000 X248.354189 Y339.782801 Z182.667405 E24342.923746128131248 F1200.000000
; T08 POINT 1417 point-0001417 deposition
G1 A70.513331 C0.000000 X247.811820 Y339.715063 Z182.667405 E24357.617024922936825 F1200.000000
; T08 POINT 1418 point-0001418 deposition
G1 A70.513331 C0.000000 X247.272179 Y339.628254 Z182.667405 E24372.310177747755253 F1200.000000
; T08 POINT 1419 point-0001419 deposition
G1 A70.513331 C0.000000 X246.735938 Y339.522482 Z182.667405 E24387.003213727047197 F1200.000000
; T08 POINT 1420 point-0001420 deposition
G1 A70.513331 C0.000000 X246.203761 Y339.397877 Z182.667405 E24401.696141986130020 F1200.000000
; T08 POINT 1421 point-0001421 deposition
G1 A70.513331 C0.000000 X245.676309 Y339.254596 Z182.667405 E24416.388971651110771 F1200.000000
; T08 POINT 1422 point-0001422 deposition
G1 A70.513331 C0.000000 X245.154239 Y339.092816 Z182.667405 E24431.081711848820295 F1200.000000
; T08 POINT 1423 point-0001423 deposition
G1 A70.513331 C0.000000 X244.638196 Y338.912739 Z182.667405 E24445.774371706745230 F1200.000000
; T08 POINT 1424 point-0001424 deposition
G1 A70.513331 C0.000000 X244.128823 Y338.714588 Z182.667405 E24460.466960352961058 F1200.000000
; T08 POINT 1425 point-0001425 deposition
G1 A70.513331 C0.000000 X243.626752 Y338.498609 Z182.667405 E24475.159486916066578 F1200.000000
; T08 POINT 1426 point-0001426 deposition
G1 A70.513331 C0.000000 X243.132607 Y338.265071 Z182.667405 E24489.851960525114901 F1200.000000
; T08 POINT 1427 point-0001427 deposition
G1 A70.513331 C0.000000 X242.647000 Y338.014264 Z182.667405 E24504.544390309548229 F1200.000000
; T08 POINT 1428 point-0001428 deposition
G1 A70.513331 C0.000000 X242.170534 Y337.746500 Z182.667405 E24519.236785399129737 F1200.000000
; T08 POINT 1429 point-0001429 deposition
G1 A70.513331 C0.000000 X241.703803 Y337.462111 Z182.667405 E24533.929154923877338 F1200.000000
; T08 POINT 1430 point-0001430 deposition
G1 A70.513331 C0.000000 X241.247384 Y337.161450 Z182.667405 E24548.621508013996772 F1200.000000
; T08 POINT 1431 point-0001431 deposition
G1 A70.513331 C0.000000 X240.801845 Y336.844891 Z182.667405 E24563.313853799813374 F1200.000000
; T08 POINT 1432 point-0001432 deposition
G1 A70.513331 C0.000000 X240.367739 Y336.512827 Z182.667405 E24578.006201411707108 F1200.000000
; T08 POINT 1433 point-0001433 deposition
G1 A70.513331 C0.000000 X239.945605 Y336.165670 Z182.667405 E24592.698559980043855 F1200.000000
; T08 POINT 1434 point-0001434 deposition
G1 A70.513331 C0.000000 X239.535967 Y335.803851 Z182.667405 E24607.390938635109451 F1200.000000
; T08 POINT 1435 point-0001435 deposition
G1 A70.513331 C0.000000 X239.139334 Y335.427819 Z182.667405 E24622.083346507042277 F1200.000000
; T08 POINT 1436 point-0001436 deposition
G1 A70.513331 C0.000000 X238.756199 Y335.038042 Z182.667405 E24636.775792725766555 F1200.000000
; T08 POINT 1437 point-0001437 deposition
G1 A70.513331 C0.000000 X238.387037 Y334.635003 Z182.667405 E24651.468286420924974 F1200.000000
; T08 POINT 1438 point-0001438 deposition
G1 A70.513331 C0.000000 X238.032308 Y334.219202 Z182.667405 E24666.160836721812101 F1200.000000
; T08 POINT 1439 point-0001439 deposition
G1 A70.513331 C0.000000 X237.692451 Y333.791157 Z182.667405 E24680.853452757307449 F1200.000000
; T08 POINT 1440 point-0001440 deposition
G1 A70.513331 C0.000000 X237.367888 Y333.351398 Z182.667405 E24695.546143655808599 F1200.000000
; T08 POINT 1441 point-0001441 deposition
G1 A70.513331 C0.000000 X237.059024 Y332.900471 Z182.667405 E24710.238918545163304 F1200.000000
; T08 POINT 1442 point-0001442 deposition
G1 A70.513331 C0.000000 X236.766242 Y332.438936 Z182.667405 E24724.931786552604439 F1200.000000
; T08 POINT 1443 point-0001443 deposition
G1 A70.513331 C0.000000 X236.489905 Y331.967366 Z182.667405 E24739.624756804680627 F1200.000000
; T08 POINT 1444 point-0001444 deposition
G1 A70.513331 C0.000000 X236.230357 Y331.486347 Z182.667405 E24754.317838427191507 F1200.000000
; T08 POINT 1445 point-0001445 deposition
G1 A70.513331 C0.000000 X235.987920 Y330.996475 Z182.667405 E24769.011040545119807 F1200.000000
; T08 POINT 1446 point-0001446 deposition
G1 A70.513331 C0.000000 X235.762897 Y330.498360 Z182.667405 E24783.704372282564492 F1200.000000
; T08 POINT 1447 point-0001447 deposition
G1 A70.513331 C0.000000 X235.555566 Y329.992618 Z182.667405 E24798.397842762673942 F1200.000000
; T08 POINT 1448 point-0001448 deposition
G1 A70.513331 C0.000000 X235.364878 Y329.475905 Z182.667405 E24813.203838783321939 F1200.000000
; T08 POINT 1449 point-0001449 deposition
G1 A70.513331 C0.000000 X235.191563 Y328.948921 Z182.667405 E24828.116755181603714 F1200.000000
; T08 POINT 1450 point-0001450 deposition
G1 A70.513331 C0.000000 X235.037871 Y328.418324 Z182.667405 E24842.966625894432951 F1200.000000
; T08 POINT 1451 point-0001451 deposition
G1 A70.513331 C0.000000 X234.904597 Y327.888230 Z182.667405 E24857.660125217764633 F1200.000000
; T08 POINT 1452 point-0001452 deposition
G1 A70.513331 C0.000000 X234.790089 Y327.353773 Z182.667405 E24872.353483973921825 F1200.000000
; T08 POINT 1453 point-0001453 deposition
G1 A70.513331 C0.000000 X234.694489 Y326.815618 Z182.667405 E24887.046711285855000 F1200.000000
; T08 POINT 1454 point-0001454 deposition
G1 A70.513331 C0.000000 X234.617914 Y326.274432 Z182.667405 E24901.739816277478182 F1200.000000
; T08 POINT 1455 point-0001455 deposition
G1 A70.513331 C0.000000 X234.560460 Y325.730888 Z182.667405 E24916.432808073602638 F1200.000000
; T08 POINT 1456 point-0001456 deposition
G1 A70.513331 C0.000000 X234.522198 Y325.185661 Z182.667405 E24931.125695799869495 F1200.000000
; T08 POINT 1457 point-0001457 deposition
G1 A70.513331 C0.000000 X234.503175 Y324.639427 Z182.667405 E24945.818488582683894 F1200.000000
; T08 POINT 1458 point-0001458 deposition
G1 A70.513331 C0.000000 X234.503414 Y324.092866 Z182.667405 E24960.511195549146602 F1200.000000
; T08 POINT 1459 point-0001459 deposition
G1 A70.513331 C0.000000 X234.522915 Y323.546655 Z182.667405 E24975.203825826988115 F1200.000000
; T08 POINT 1460 point-0001460 deposition
G1 A70.513331 C0.000000 X234.561654 Y323.001474 Z182.667405 E24989.896388544501213 F1200.000000
; T08 POINT 1461 point-0001461 deposition
G1 A70.513331 C0.000000 X234.619582 Y322.457998 Z182.667405 E25004.588892830474183 F1200.000000
; T08 POINT 1462 point-0001462 deposition
G1 A70.513331 C0.000000 X234.696626 Y321.916904 Z182.667405 E25019.281347814124011 F1200.000000
; T08 POINT 1463 point-0001463 deposition
G1 A70.513331 C0.000000 X234.792692 Y321.378862 Z182.667405 E25033.973762625029028 F1200.000000
; T08 POINT 1464 point-0001464 deposition
G1 A70.513331 C0.000000 X234.907660 Y320.844541 Z182.667405 E25048.666146393063003 F1200.000000
; T08 POINT 1465 point-0001465 deposition
G1 A70.513331 C0.000000 X235.041388 Y320.314605 Z182.667405 E25063.358508248326423 F1200.000000
; T08 POINT 1466 point-0001466 deposition
G1 A70.513331 C0.000000 X235.193708 Y319.789711 Z182.667405 E25078.050857321080871 F1200.000000
; T08 POINT 1467 point-0001467 deposition
G1 A70.513331 C0.000000 X235.364431 Y319.270512 Z182.667405 E25092.743202741682328 F1200.000000
; T08 POINT 1468 point-0001468 deposition
G1 A70.513331 C0.000000 X235.553347 Y318.757651 Z182.667405 E25107.435553640512333 F1200.000000
; T08 POINT 1469 point-0001469 deposition
G1 A70.513331 C0.000000 X235.760220 Y318.251767 Z182.667405 E25122.127919147913024 F1200.000000
; T08 POINT 1470 point-0001470 deposition
G1 A70.513331 C0.000000 X235.984793 Y317.753486 Z182.667405 E25136.820308394119527 F1200.000000
; T08 POINT 1471 point-0001471 deposition
G1 A70.513331 C0.000000 X236.226788 Y317.263429 Z182.667405 E25151.512730509192204 F1200.000000
; T08 POINT 1472 point-0001472 deposition
G1 A70.513331 C0.000000 X236.485904 Y316.782203 Z182.667405 E25166.205194622950797 F1200.000000
; T08 POINT 1473 point-0001473 deposition
G1 A70.513331 C0.000000 X236.761819 Y316.310406 Z182.667405 E25180.897709864907343 F1200.000000
; T08 POINT 1474 point-0001474 deposition
G1 A70.513331 C0.000000 X237.054192 Y315.848624 Z182.667405 E25195.590285364197648 F1200.000000
; T08 POINT 1475 point-0001475 deposition
G1 A70.513331 C0.000000 X237.362659 Y315.397431 Z182.667405 E25210.282930249517023 F1200.000000
; T08 POINT 1476 point-0001476 deposition
G1 A70.513331 C0.000000 X237.686836 Y314.957387 Z182.667405 E25224.975653649050859 F1200.000000
; T08 POINT 1477 point-0001477 deposition
G1 A70.513331 C0.000000 X238.026323 Y314.529039 Z182.667405 E25239.668464690409069 F1200.000000
; T08 POINT 1478 point-0001478 deposition
G1 A70.513331 C0.000000 X238.380697 Y314.112918 Z182.667405 E25254.361372500558663 F1200.000000
; T08 POINT 1479 point-0001479 deposition
G1 A70.513331 C0.000000 X238.749519 Y313.709541 Z182.667405 E25269.054386205757141 F1200.000000
; T08 POINT 1480 point-0001480 deposition
G1 A70.513331 C0.000000 X239.132331 Y313.319411 Z182.667405 E25283.747514931485296 F1200.000000
; T08 POINT 1481 point-0001481 deposition
G1 A70.513331 C0.000000 X239.528657 Y312.943011 Z182.667405 E25298.440767802379836 F1200.000000
; T08 POINT 1482 point-0001482 deposition
G1 A70.513331 C0.000000 X239.938006 Y312.580809 Z182.667405 E25313.134153942167786 F1200.000000
; T08 POINT 1483 point-0001483 deposition
G1 A70.513331 C0.000000 X240.359870 Y312.233255 Z182.667405 E25327.827682473599091 F1200.000000
; T08 POINT 1484 point-0001484 deposition
G1 A70.513331 C0.000000 X240.799797 Y311.896469 Z182.667405 E25342.721427578656266 F1200.000000
; T08 POINT 1485 point-0001485 deposition
G1 A70.513331 C0.000000 X241.252078 Y311.575232 Z182.667405 E25357.634343821774582 F1200.000000
; T08 POINT 1486 point-0001486 deposition
G1 A70.513331 C0.000000 X241.710878 Y311.273469 Z182.667405 E25372.396464853607311 F1200.000000
; T08 POINT 1487 point-0001487 deposition
G1 A70.513331 C0.000000 X242.177892 Y310.989467 Z182.667405 E25387.089906855379258 F1200.000000
; T08 POINT 1488 point-0001488 deposition
G1 A70.513331 C0.000000 X242.654621 Y310.722103 Z182.667405 E25401.783211939037704 F1200.000000
; T08 POINT 1489 point-0001489 deposition
G1 A70.513331 C0.000000 X243.140472 Y310.471709 Z182.667405 E25416.476389227925166 F1200.000000
; T08 POINT 1490 point-0001490 deposition
G1 A70.513331 C0.000000 X243.634842 Y310.238595 Z182.667405 E25431.169447846323733 F1200.000000
; T08 POINT 1491 point-0001491 deposition
G1 A70.513331 C0.000000 X244.137116 Y310.023049 Z182.667405 E25445.862396919383928 F1200.000000
; T08 POINT 1492 point-0001492 deposition
G1 A70.513331 C0.000000 X244.646671 Y309.825341 Z182.667405 E25460.555245573060699 F1200.000000
; T08 POINT 1493 point-0001493 deposition
G1 A70.513331 C0.000000 X245.162875 Y309.645714 Z182.667405 E25475.248002934045781 F1200.000000
; T08 POINT 1494 point-0001494 deposition
G1 A70.513331 C0.000000 X245.685085 Y309.484392 Z182.667405 E25489.940678129699514 F1200.000000
; T08 POINT 1495 point-0001495 deposition
G1 A70.513331 C0.000000 X246.212653 Y309.341575 Z182.667405 E25504.633280287985094 F1200.000000
; T08 POINT 1496 point-0001496 deposition
G1 A70.513331 C0.000000 X246.744925 Y309.217440 Z182.667405 E25519.325818537401764 F1200.000000
; T08 POINT 1497 point-0001497 deposition
G1 A70.513331 C0.000000 X247.281238 Y309.112140 Z182.667405 E25534.018302006917889 F1200.000000
; T08 POINT 1498 point-0001498 deposition
G1 A70.513331 C0.000000 X247.820928 Y309.025808 Z182.667405 E25548.710739825902424 F1200.000000
; T08 POINT 1499 point-0001499 deposition
G1 A70.513331 C0.000000 X248.363324 Y308.958549 Z182.667405 E25563.403141124059937 F1200.000000
; T08 POINT 1500 point-0001500 deposition
G1 A70.513331 C0.000000 X248.907752 Y308.910447 Z182.667405 E25578.095515031363071 F1200.000000
; T08 POINT 1501 point-0001501 deposition
G1 A70.513331 C0.000000 X249.453537 Y308.881562 Z182.667405 E25592.787870677984776 F1200.000000
; T08 POINT 1502 point-0001502 deposition
G1 A70.513331 C0.000000 X250.000000 Y308.871930 Z182.667405 E25607.480217194232564 F1200.000000
; T08 POINT 1503 point-0001503 deposition
G1 A70.513331 C0.000000 X250.546463 Y308.881562 Z182.667405 E25622.172563710480022 F1200.000000
; T08 POINT 1504 point-0001504 deposition
G1 A70.513331 C0.000000 X251.092248 Y308.910447 Z182.667405 E25636.864919357101722 F1200.000000
; T08 POINT 1505 point-0001505 deposition
G1 A70.513331 C0.000000 X251.636676 Y308.958549 Z182.667405 E25651.557293264404884 F1200.000000
; T08 POINT 1506 point-0001506 deposition
G1 A70.513331 C0.000000 X252.179072 Y309.025808 Z182.667405 E25666.249694562562779 F1200.000000
; T08 POINT 1507 point-0001507 deposition
G1 A70.513331 C0.000000 X252.718762 Y309.112140 Z182.667405 E25680.942132381546907 F1200.000000
; T08 POINT 1508 point-0001508 deposition
G1 A70.513331 C0.000000 X253.255075 Y309.217440 Z182.667405 E25695.634615851062997 F1200.000000
; T08 POINT 1509 point-0001509 deposition
G1 A70.513331 C0.000000 X253.787347 Y309.341575 Z182.667405 E25710.327154100480116 F1200.000000
; T08 POINT 1510 point-0001510 deposition
G1 A70.513331 C0.000000 X254.314915 Y309.484392 Z182.667405 E25725.019756258765351 F1200.000000
; T08 POINT 1511 point-0001511 deposition
G1 A70.513331 C0.000000 X254.837125 Y309.645714 Z182.667405 E25739.712431454419064 F1200.000000
; T08 POINT 1512 point-0001512 deposition
G1 A70.513331 C0.000000 X255.353329 Y309.825341 Z182.667405 E25754.405188815404159 F1200.000000
; T08 POINT 1513 point-0001513 deposition
G1 A70.513331 C0.000000 X255.862884 Y310.023049 Z182.667405 E25769.098037469080854 F1200.000000
; T08 POINT 1514 point-0001514 deposition
G1 A70.513331 C0.000000 X256.365158 Y310.238595 Z182.667405 E25783.790986542141480 F1200.000000
; T08 POINT 1515 point-0001515 deposition
G1 A70.513331 C0.000000 X256.859528 Y310.471709 Z182.667405 E25798.484045160539440 F1200.000000
; T08 POINT 1516 point-0001516 deposition
G1 A70.513331 C0.000000 X257.345379 Y310.722103 Z182.667405 E25813.177222449427140 F1200.000000
; T08 POINT 1517 point-0001517 deposition
G1 A70.513331 C0.000000 X257.822108 Y310.989467 Z182.667405 E25827.870527533085497 F1200.000000
; T08 POINT 1518 point-0001518 deposition
G1 A70.513331 C0.000000 X258.289122 Y311.273469 Z182.667405 E25842.563969534857769 F1200.000000
; T08 POINT 1519 point-0001519 deposition
G1 A70.513331 C0.000000 X258.747922 Y311.575232 Z182.667405 E25857.326090566679541 F1200.000000
; T08 POINT 1520 point-0001520 deposition
G1 A70.513331 C0.000000 X259.200203 Y311.896469 Z182.667405 E25872.239006809797724 F1200.000000
; T08 POINT 1521 point-0001521 deposition
G1 A70.513331 C0.000000 X259.640130 Y312.233255 Z182.667405 E25887.132751914865891 F1200.000000
; T08 POINT 1522 point-0001522 deposition
G1 A70.513331 C0.000000 X260.061994 Y312.580809 Z182.667405 E25901.826280446296901 F1200.000000
; T08 POINT 1523 point-0001523 deposition
G1 A70.513331 C0.000000 X260.471343 Y312.943011 Z182.667405 E25916.519666586084858 F1200.000000
; T08 POINT 1524 point-0001524 deposition
G1 A70.513331 C0.000000 X260.867669 Y313.319411 Z182.667405 E25931.212919456979634 F1200.000000
; T08 POINT 1525 point-0001525 deposition
G1 A70.513331 C0.000000 X261.250481 Y313.709541 Z182.667405 E25945.906048182707366 F1200.000000
; T08 POINT 1526 point-0001526 deposition
G1 A70.513331 C0.000000 X261.619303 Y314.112918 Z182.667405 E25960.599061887906359 F1200.000000
; T08 POINT 1527 point-0001527 deposition
G1 A70.513331 C0.000000 X261.973677 Y314.529039 Z182.667405 E25975.291969698055775 F1200.000000
; T08 POINT 1528 point-0001528 deposition
G1 A70.513331 C0.000000 X262.313164 Y314.957387 Z182.667405 E25989.984780739413925 F1200.000000
; T08 POINT 1529 point-0001529 deposition
G1 A70.513331 C0.000000 X262.637341 Y315.397431 Z182.667405 E26004.677504138947731 F1200.000000
; T08 POINT 1530 point-0001530 deposition
G1 A70.513331 C0.000000 X262.945808 Y315.848624 Z182.667405 E26019.370149024267171 F1200.000000
; T08 POINT 1531 point-0001531 deposition
G1 A70.513331 C0.000000 X263.238181 Y316.310406 Z182.667405 E26034.062724523557756 F1200.000000
; T08 POINT 1532 point-0001532 deposition
G1 A70.513331 C0.000000 X263.514096 Y316.782203 Z182.667405 E26048.755239765513849 F1200.000000
; T08 POINT 1533 point-0001533 deposition
G1 A70.513331 C0.000000 X263.773212 Y317.263429 Z182.667405 E26063.447703879272668 F1200.000000
; T08 POINT 1534 point-0001534 deposition
G1 A70.513331 C0.000000 X264.015207 Y317.753486 Z182.667405 E26078.140125994345242 F1200.000000
; T08 POINT 1535 point-0001535 deposition
G1 A70.513331 C0.000000 X264.239780 Y318.251767 Z182.667405 E26092.832515240551882 F1200.000000
; T08 POINT 1536 point-0001536 deposition
G1 A70.513331 C0.000000 X264.446653 Y318.757651 Z182.667405 E26107.524880747952649 F1200.000000
; T08 POINT 1537 point-0001537 deposition
G1 A70.513331 C0.000000 X264.635569 Y319.270512 Z182.667405 E26122.217231646782619 F1200.000000
; T08 POINT 1538 point-0001538 deposition
G1 A70.513331 C0.000000 X264.806292 Y319.789711 Z182.667405 E26136.909577067383634 F1200.000000
; T08 POINT 1539 point-0001539 deposition
G1 A70.513331 C0.000000 X264.958612 Y320.314605 Z182.667405 E26151.601926140138590 F1200.000000
; T08 POINT 1540 point-0001540 deposition
G1 A70.513331 C0.000000 X265.092340 Y320.844541 Z182.667405 E26166.294287995401983 F1200.000000
; T08 POINT 1541 point-0001541 deposition
G1 A70.513331 C0.000000 X265.207308 Y321.378862 Z182.667405 E26180.986671763435669 F1200.000000
; T08 POINT 1542 point-0001542 deposition
G1 A70.513331 C0.000000 X265.303374 Y321.916904 Z182.667405 E26195.679086574341029 F1200.000000
; T08 POINT 1543 point-0001543 deposition
G1 A70.513331 C0.000000 X265.380418 Y322.457998 Z182.667405 E26210.371541557990644 F1200.000000
; T08 POINT 1544 point-0001544 deposition
G1 A70.513331 C0.000000 X265.438346 Y323.001474 Z182.667405 E26225.064045843963766 F1200.000000
; T08 POINT 1545 point-0001545 deposition
G1 A70.513331 C0.000000 X265.477085 Y323.546655 Z182.667405 E26239.756608561476669 F1200.000000
; T08 POINT 1546 point-0001546 deposition
G1 A70.513331 C0.000000 X265.496586 Y324.092866 Z182.667405 E26254.449238839318169 F1200.000000
; T08 POINT 1547 point-0001547 deposition
G1 A70.513331 C0.000000 X265.496825 Y324.639427 Z182.667405 E26269.141945805780911 F1200.000000
; T08 POINT 1548 point-0001548 deposition
G1 A70.513331 C0.000000 X265.477802 Y325.185661 Z182.667405 E26283.834738588595315 F1200.000000
; T08 POINT 1549 point-0001549 deposition
G1 A70.513331 C0.000000 X265.439540 Y325.730888 Z182.667405 E26298.527626314862332 F1200.000000
; T08 POINT 1550 point-0001550 deposition
G1 A70.513331 C0.000000 X265.382086 Y326.274432 Z182.667405 E26313.220618110986815 F1200.000000
; T08 POINT 1551 point-0001551 deposition
G1 A70.513331 C0.000000 X265.305511 Y326.815618 Z182.667405 E26327.913723102609599 F1200.000000
; T08 POINT 1552 point-0001552 deposition
G1 A70.513331 C0.000000 X265.209911 Y327.353773 Z182.667405 E26342.606950414542243 F1200.000000
; T08 POINT 1553 point-0001553 deposition
G1 A70.513331 C0.000000 X265.095403 Y327.888230 Z182.667405 E26357.300309170699043 F1200.000000
; T08 POINT 1554 point-0001554 deposition
G1 A70.513331 C0.000000 X264.962129 Y328.418324 Z182.667405 E26371.993808494030409 F1200.000000
; T08 POINT 1555 point-0001555 deposition
G1 A70.513331 C0.000000 X264.808437 Y328.948921 Z182.667405 E26386.843679206849623 F1200.000000
; T08 POINT 1556 point-0001556 deposition
G1 A70.513331 C0.000000 X264.635122 Y329.475905 Z182.667405 E26401.756595605131149 F1200.000000
; T08 POINT 1557 point-0001557 deposition
G1 A70.513331 C0.000000 X264.444434 Y329.992618 Z182.667405 E26416.562591625788330 F1200.000000
; T08 POINT 1558 point-0001558 deposition
G1 A70.513331 C0.000000 X264.237103 Y330.498360 Z182.667405 E26431.256062105897184 F1200.000000
; T08 POINT 1559 point-0001559 deposition
G1 A70.513331 C0.000000 X264.012080 Y330.996475 Z182.667405 E26445.949393843341494 F1200.000000
; T08 POINT 1560 point-0001560 deposition
G1 A70.513331 C0.000000 X263.769643 Y331.486347 Z182.667405 E26460.642595961269232 F1200.000000
; T08 POINT 1561 point-0001561 deposition
G1 A70.513331 C0.000000 X263.510095 Y331.967366 Z182.667405 E26475.335677583780062 F1200.000000
; T08 POINT 1562 point-0001562 deposition
G1 A70.513331 C0.000000 X263.233758 Y332.438936 Z182.667405 E26490.028647835856021 F1200.000000
; T08 POINT 1563 point-0001563 deposition
G1 A70.513331 C0.000000 X262.940976 Y332.900471 Z182.667405 E26504.721515843296594 F1200.000000
; T08 POINT 1564 point-0001564 deposition
G1 A70.513331 C0.000000 X262.632112 Y333.351398 Z182.667405 E26519.414290732651019 F1200.000000
; T08 POINT 1565 point-0001565 deposition
G1 A70.513331 C0.000000 X262.307549 Y333.791157 Z182.667405 E26534.106981631151453 F1200.000000
; T08 POINT 1566 point-0001566 deposition
G1 A70.513331 C0.000000 X261.967692 Y334.219202 Z182.667405 E26548.799597666646854 F1200.000000
; T08 POINT 1567 point-0001567 deposition
G1 A70.513331 C0.000000 X261.612963 Y334.635003 Z182.667405 E26563.492147967533640 F1200.000000
; T08 POINT 1568 point-0001568 deposition
G1 A70.513331 C0.000000 X261.243801 Y335.038042 Z182.667405 E26578.184641662691751 F1200.000000
; T08 POINT 1569 point-0001569 deposition
G1 A70.513331 C0.000000 X260.860666 Y335.427819 Z182.667405 E26592.877087881415421 F1200.000000
; T08 POINT 1570 point-0001570 deposition
G1 A70.513331 C0.000000 X260.464033 Y335.803851 Z182.667405 E26607.569495753347939 F1200.000000
; T08 POINT 1571 point-0001571 deposition
G1 A70.513331 C0.000000 X260.054395 Y336.165670 Z182.667405 E26622.261874408413157 F1200.000000
; T08 POINT 1572 point-0001572 deposition
G1 A70.513331 C0.000000 X259.632261 Y336.512827 Z182.667405 E26636.954232976749686 F1200.000000
; T08 POINT 1573 point-0001573 deposition
G1 A70.513331 C0.000000 X259.198155 Y336.844891 Z182.667405 E26651.646580588642858 F1200.000000
; T08 POINT 1574 point-0001574 deposition
G1 A70.513331 C0.000000 X258.752616 Y337.161450 Z182.667405 E26666.338926374458968 F1200.000000
; T08 POINT 1575 point-0001575 deposition
G1 A70.513331 C0.000000 X258.296197 Y337.462111 Z182.667405 E26681.031279464578248 F1200.000000
; T08 POINT 1576 point-0001576 deposition
G1 A70.513331 C0.000000 X257.829466 Y337.746500 Z182.667405 E26695.723648989325194 F1200.000000
; T08 POINT 1577 point-0001577 deposition
G1 A70.513331 C0.000000 X257.353000 Y338.014264 Z182.667405 E26710.416044078906714 F1200.000000
; T08 POINT 1578 point-0001578 deposition
G1 A70.513331 C0.000000 X256.867393 Y338.265071 Z182.667405 E26725.108473863339386 F1200.000000
; T08 POINT 1579 point-0001579 deposition
G1 A70.513331 C0.000000 X256.373248 Y338.498609 Z182.667405 E26739.800947472387476 F1200.000000
; T08 POINT 1580 point-0001580 deposition
G1 A70.513331 C0.000000 X255.871177 Y338.714588 Z182.667405 E26754.493474035492494 F1200.000000
; T08 POINT 1581 point-0001581 deposition
G1 A70.513331 C0.000000 X255.361804 Y338.912739 Z182.667405 E26769.186062681708166 F1200.000000
; T08 POINT 1582 point-0001582 deposition
G1 A70.513331 C0.000000 X254.845761 Y339.092816 Z182.667405 E26783.878722539632410 F1200.000000
; T08 POINT 1583 point-0001583 deposition
G1 A70.513331 C0.000000 X254.323691 Y339.254596 Z182.667405 E26798.571462737341854 F1200.000000
; T08 POINT 1584 point-0001584 deposition
G1 A70.513331 C0.000000 X253.796239 Y339.397877 Z182.667405 E26813.264292402322174 F1200.000000
; T08 POINT 1585 point-0001585 deposition
G1 A70.513331 C0.000000 X253.264062 Y339.522482 Z182.667405 E26827.957220661404407 F1200.000000
; T08 POINT 1586 point-0001586 deposition
G1 A70.513331 C0.000000 X252.727821 Y339.628254 Z182.667405 E26842.650256640696221 F1200.000000
; T08 POINT 1587 point-0001587 deposition
G1 A70.513331 C0.000000 X252.188180 Y339.715063 Z182.667405 E26857.343409465514319 F1200.000000
; T08 POINT 1588 point-0001588 deposition
G1 A70.513331 C0.000000 X251.645811 Y339.782801 Z182.667405 E26872.036688260319125 F1200.000000
; T08 POINT 1589 point-0001589 deposition
G1 A70.513331 C0.000000 X251.101387 Y339.831382 Z182.667405 E26886.730102148648290 F1200.000000
; T08 POINT 1590 point-0001590 deposition
G1 A70.513331 C0.000000 X250.554664 Y339.860764 Z182.667405 E26901.448347898333060 F1200.000000
; T08 POINT 1591 point-0001591 deposition
G1 A70.513331 C0.000000 X250.000000 Y339.870693 Z182.667405 E26916.361263831138125 F1200.000000
M400 ; finish queued motion
M2
