source_point_id,time_s,X,Y,Z,A_rad,C_rad
point-0000001,0.000000000,234.200241283,250.002953101,272.000000000,0.000000000,0.000000000
point-0000002,0.930517387,234.276237265,248.453953902,272.000000000,0.000000000,0.000000000
point-0000003,1.861102332,234.503737755,246.919754863,272.000000000,0.000000000,0.000000000
point-0000004,2.791573649,234.880497976,245.415431928,272.000000000,0.000000000,0.000000000
point-0000005,3.721932796,235.402837871,243.955460359,272.000000000,0.000000000,0.000000000
point-0000006,4.652511037,236.065937677,242.553395040,272.000000000,0.000000000,0.000000000
point-0000007,5.583060768,236.863277328,241.223135443,272.000000000,0.000000000,0.000000000
point-0000008,6.513521109,237.787099568,239.977570716,272.000000000,0.000000000,0.000000000
point-0000009,7.443940364,238.828528085,238.828617591,272.000000000,0.000000000,0.000000000
point-0000010,8.374400986,239.977623668,237.787243592,272.000000000,0.000000000,0.000000000
point-0000011,9.304950778,241.223397054,236.863452433,272.000000000,0.000000000,0.000000000
point-0000012,10.235527784,242.553779900,236.066230002,272.000000000,0.000000000,0.000000000
point-0000013,11.165875703,243.955564402,235.403434310,272.000000000,0.000000000,0.000000000
point-0000014,12.096081512,245.415340369,234.881306367,272.000000000,0.000000000,0.000000000
point-0000015,13.026282192,246.919252872,234.504764016,272.000000000,0.000000000,0.000000000
point-0000016,13.956483975,248.452830971,234.277429743,272.000000000,0.000000000,0.000000000
point-0000017,14.886688083,250.001310331,234.201493286,272.000000000,0.000000000,0.000000000
point-0000018,15.816962839,251.549894392,234.277698209,272.000000000,0.000000000,0.000000000
point-0000019,16.747296834,253.083649440,234.505341360,272.000000000,0.000000000,0.000000000
point-0000020,17.677592531,254.587643115,234.882211407,272.000000000,0.000000000,0.000000000
point-0000021,18.607866567,256.047421214,235.404670939,272.000000000,0.000000000,0.000000000
point-0000022,19.538168136,257.449001952,236.067716788,272.000000000,0.000000000,0.000000000
point-0000023,20.468503677,258.778890638,236.864980874,272.000000000,0.000000000,0.000000000
point-0000024,21.398761163,260.024126128,237.788679473,272.000000000,0.000000000,0.000000000
point-0000025,22.328991187,261.172800428,238.829945990,272.000000000,0.000000000,0.000000000
point-0000026,23.259216504,262.213887033,239.978772766,272.000000000,0.000000000,0.000000000
point-0000027,24.189432053,263.137359800,241.224088728,272.000000000,0.000000000,0.000000000
point-0000028,25.119662617,263.934351889,242.553936465,272.000000000,0.000000000,0.000000000
point-0000029,26.049882413,264.597168288,243.955474965,272.000000000,0.000000000,0.000000000
point-0000030,26.980243590,265.119507618,245.415450331,272.000000000,0.000000000,0.000000000
point-0000031,27.910688170,265.496257350,246.919729955,272.000000000,0.000000000,0.000000000
point-0000032,28.841078905,265.723728589,248.453606109,272.000000000,0.000000000,0.000000000
point-0000033,29.771420761,265.799758826,250.002310724,272.000000000,0.000000000,0.000000000
point-0000034,30.701776656,265.723631694,251.551034005,272.000000000,0.000000000,0.000000000
point-0000035,31.632195096,265.496059722,253.084941898,272.000000000,0.000000000,0.000000000
point-0000036,32.562635030,265.119226014,254.589192504,272.000000000,0.000000000,0.000000000
point-0000037,33.492924888,264.596860507,256.049032258,272.000000000,0.000000000,0.000000000
point-0000038,34.423338919,263.933846596,257.450835451,272.000000000,0.000000000,0.000000000
point-0000039,35.353784475,263.136600241,258.780948545,272.000000000,0.000000000,0.000000000
point-0000040,36.284166298,262.212886326,260.026430684,272.000000000,0.000000000,0.000000000
point-0000041,37.214509888,261.171593047,261.175336186,272.000000000,0.000000000,0.000000000
point-0000042,38.144881859,260.022672450,262.216683243,272.000000000,0.000000000,0.000000000
point-0000043,39.075318649,258.777125631,263.140463738,272.000000000,0.000000000,0.000000000
point-0000044,40.005749396,257.447031521,263.937693755,272.000000000,0.000000000,0.000000000
point-0000045,40.935978762,256.045501572,264.600565542,272.000000000,0.000000000,0.000000000
point-0000046,41.866161733,254.585823222,265.122853354,272.000000000,0.000000000,0.000000000
point-0000047,42.796349743,253.081973446,265.499559253,272.000000000,0.000000000,0.000000000
point-0000048,43.726535947,251.548444219,265.727046079,272.000000000,0.000000000,0.000000000
point-0000049,44.656723034,249.999999998,265.803119816,272.000000000,0.000000000,0.000000000
point-0000050,45.586909792,248.451556327,265.727046132,272.000000000,0.000000000,0.000000000
point-0000051,46.517095568,246.918027790,265.499559499,272.000000000,0.000000000,0.000000000
point-0000052,47.447283499,245.414178111,265.122853759,272.000000000,0.000000000,0.000000000
point-0000053,48.377466091,243.954500294,264.600566329,272.000000000,0.000000000,0.000000000
point-0000054,49.307653293,242.553032297,263.937727919,272.000000000,0.000000000,0.000000000
point-0000055,50.237908857,241.223177570,263.140666441,272.000000000,0.000000000,0.000000000
point-0000056,51.168162727,239.977845382,262.217108329,272.000000000,0.000000000,0.000000000
point-0000057,52.098396189,238.829044103,261.175973375,272.000000000,0.000000000,0.000000000
point-0000058,53.028642296,237.787788487,260.027253017,272.000000000,0.000000000,0.000000000
point-0000059,53.958907191,236.864099169,258.781995268,272.000000000,0.000000000,0.000000000
point-0000060,54.889172514,236.066888688,257.452210893,272.000000000,0.000000000,0.000000000
point-0000061,55.819710028,235.403657639,256.050282745,272.000000000,0.000000000,0.000000000
point-0000062,56.750285902,234.881028491,254.590031040,272.000000000,0.000000000,0.000000000
point-0000063,57.680777555,234.504094458,253.085716707,272.000000000,0.000000000,0.000000000
point-0000064,58.611203063,234.276444635,251.551808457,272.000000000,0.000000000,0.000000000
point-0000065,59.541640353,234.200241283,250.002953101,272.000000000,0.000000000,0.000000000
point-0000066,59.901496575,234.800000203,250.004271727,272.000000000,0.000000000,0.000000000
point-0000067,59.902478334,234.800007156,250.005907979,272.000000000,0.000000000,0.000000000
point-0000068,59.903460094,234.800027496,250.007544119,272.000000000,0.000000000,0.000000000
point-0000069,59.904441854,234.800061220,250.009180037,272.000000000,0.000000000,0.000000000
point-0000070,59.905423613,234.800108327,250.010815625,272.000000000,0.000000000,0.000000000
point-0000071,59.906405373,234.800168814,250.012450773,272.000000000,0.000000000,0.000000000
point-0000072,59.907387133,234.800242677,250.014085371,272.000000000,0.000000000,0.000000000
point-0000073,60.790672871,234.872711734,251.484443472,272.000000000,0.000000000,0.000000000
point-0000074,60.791654569,234.872798961,251.486077308,272.000000000,0.000000000,0.000000000
point-0000075,60.792636267,234.872899551,251.487710376,272.000000000,0.000000000,0.000000000
point-0000076,60.793617965,234.873013498,251.489342567,272.000000000,0.000000000,0.000000000
point-0000077,60.794599663,234.873140793,251.490973771,272.000000000,0.000000000,0.000000000
point-0000078,60.795581361,234.873281428,251.492603879,272.000000000,0.000000000,0.000000000
point-0000079,60.796563059,234.873435395,251.494232782,272.000000000,0.000000000,0.000000000
point-0000080,60.797544757,234.873602681,251.495860371,272.000000000,0.000000000,0.000000000
point-0000081,60.798526455,234.873783277,251.497486537,272.000000000,0.000000000,0.000000000
point-0000082,60.799508153,234.873977171,251.499111171,272.000000000,0.000000000,0.000000000
point-0000083,60.800489851,234.874184348,251.500734164,272.000000000,0.000000000,0.000000000
point-0000084,60.801471549,234.874404796,251.502355409,272.000000000,0.000000000,0.000000000
point-0000085,60.802453247,234.874638499,251.503974795,272.000000000,0.000000000,0.000000000
point-0000086,61.685725391,235.090868727,252.960128115,272.000000000,0.000000000,0.000000000
point-0000087,61.686707104,235.091115675,252.961745560,272.000000000,0.000000000,0.000000000
point-0000088,61.687688816,235.091375846,252.963360930,272.000000000,0.000000000,0.000000000
point-0000089,61.688670529,235.091649223,252.964974118,272.000000000,0.000000000,0.000000000
point-0000090,61.689652241,235.091935789,252.966585015,272.000000000,0.000000000,0.000000000
point-0000091,61.690633954,235.092235523,252.968193515,272.000000000,0.000000000,0.000000000
point-0000092,61.691615667,235.092548407,252.969799508,272.000000000,0.000000000,0.000000000
point-0000093,61.692597379,235.092874418,252.971402888,272.000000000,0.000000000,0.000000000
point-0000094,61.693579092,235.093213536,252.973003547,272.000000000,0.000000000,0.000000000
point-0000095,61.694560805,235.093565737,252.974601378,272.000000000,0.000000000,0.000000000
point-0000096,61.695542517,235.093930998,252.976196275,272.000000000,0.000000000,0.000000000
point-0000097,61.696524230,235.094309294,252.977788130,272.000000000,0.000000000,0.000000000
point-0000098,61.697505943,235.094700600,252.979376837,272.000000000,0.000000000,0.000000000
point-0000099,62.580837775,235.452637177,254.407421763,272.000000000,0.000000000,0.000000000
point-0000100,62.581819556,235.453041496,254.409007326,272.000000000,0.000000000,0.000000000
point-0000101,62.582801337,235.453458774,254.410589528,272.000000000,0.000000000,0.000000000
point-0000102,62.583783118,235.453888982,254.412168263,272.000000000,0.000000000,0.000000000
point-0000103,62.584764899,235.454332092,254.413743425,272.000000000,0.000000000,0.000000000
point-0000104,62.585746680,235.454788075,254.415314910,272.000000000,0.000000000,0.000000000
point-0000105,62.586728461,235.455256899,254.416882611,272.000000000,0.000000000,0.000000000
point-0000106,62.587710242,235.455738534,254.418446424,272.000000000,0.000000000,0.000000000
point-0000107,62.588692023,235.456232946,254.420006244,272.000000000,0.000000000,0.000000000
point-0000108,62.589673804,235.456740104,254.421561967,272.000000000,0.000000000,0.000000000
point-0000109,62.590655585,235.457259973,254.423113489,272.000000000,0.000000000,0.000000000
point-0000110,62.591637366,235.457792518,254.424660705,272.000000000,0.000000000,0.000000000
point-0000111,62.592619147,235.458337704,254.426203513,272.000000000,0.000000000,0.000000000
point-0000112,63.476029133,235.954572495,255.812408940,272.000000000,0.000000000,0.000000000
point-0000113,63.477010934,235.955130296,255.813947267,272.000000000,0.000000000,0.000000000
point-0000114,63.477992735,235.955700665,255.815480979,272.000000000,0.000000000,0.000000000
point-0000115,63.478974536,235.956283562,255.817009973,272.000000000,0.000000000,0.000000000
point-0000116,63.479956337,235.956878950,255.818534147,272.000000000,0.000000000,0.000000000
point-0000117,63.480938138,235.957486788,255.820053398,272.000000000,0.000000000,0.000000000
point-0000118,63.481919939,235.958107036,255.821567626,272.000000000,0.000000000,0.000000000
point-0000119,63.482901740,235.958739652,255.823076728,272.000000000,0.000000000,0.000000000
point-0000120,63.483883541,235.959384594,255.824580604,272.000000000,0.000000000,0.000000000
point-0000121,63.484865342,235.960041818,255.826079153,272.000000000,0.000000000,0.000000000
point-0000122,63.485847143,235.960711280,255.827572274,272.000000000,0.000000000,0.000000000
point-0000123,63.486828944,235.961392936,255.829059869,272.000000000,0.000000000,0.000000000
point-0000124,63.487810745,235.962086741,255.830541836,272.000000000,0.000000000,0.000000000
point-0000125,64.371186525,236.591786991,257.161377729,272.000000000,0.000000000,0.000000000
point-0000126,64.372168168,236.592492782,257.162853734,272.000000000,0.000000000,0.000000000
point-0000127,64.373149811,236.593210624,257.164323915,272.000000000,0.000000000,0.000000000
point-0000128,64.374131454,236.593940468,257.165788174,272.000000000,0.000000000,0.000000000
point-0000129,64.375113097,236.594682266,257.167246415,272.000000000,0.000000000,0.000000000
point-0000130,64.376094739,236.595435968,257.168698539,272.000000000,0.000000000,0.000000000
point-0000131,64.377076382,236.596201524,257.170144448,272.000000000,0.000000000,0.000000000
point-0000132,64.378058025,236.596978882,257.171584047,272.000000000,0.000000000,0.000000000
point-0000133,64.379039668,236.597767990,257.173017238,272.000000000,0.000000000,0.000000000
point-0000134,64.380021311,236.598568796,257.174443926,272.000000000,0.000000000,0.000000000
point-0000135,64.381002954,236.599381246,257.175864016,272.000000000,0.000000000,0.000000000
point-0000136,64.381984596,236.600205285,257.177277412,272.000000000,0.000000000,0.000000000
point-0000137,64.382966239,236.601040859,257.178684020,272.000000000,0.000000000,0.000000000
point-0000138,65.266091951,237.357926440,258.441040437,272.000000000,0.000000000,0.000000000
point-0000139,65.267073459,237.358773375,258.442439972,272.000000000,0.000000000,0.000000000
point-0000140,65.268054967,237.359631729,258.443832532,272.000000000,0.000000000,0.000000000
point-0000141,65.269036475,237.360501444,258.445218025,272.000000000,0.000000000,0.000000000
point-0000142,65.270017983,237.361382463,258.446596358,272.000000000,0.000000000,0.000000000
point-0000143,65.270999492,237.362274725,258.447967439,272.000000000,0.000000000,0.000000000
point-0000144,65.271981000,237.363178172,258.449331176,272.000000000,0.000000000,0.000000000
point-0000145,65.272962508,237.364092743,258.450687478,272.000000000,0.000000000,0.000000000
point-0000146,65.273944016,237.365018376,258.452036254,272.000000000,0.000000000,0.000000000
point-0000147,65.274925524,237.365955011,258.453377415,272.000000000,0.000000000,0.000000000
point-0000148,65.275907032,237.366902584,258.454710869,272.000000000,0.000000000,0.000000000
point-0000149,65.276888541,237.367861031,258.456036529,272.000000000,0.000000000,0.000000000
point-0000150,65.277870049,237.368830290,258.457354304,272.000000000,0.000000000,0.000000000
point-0000151,66.160993494,238.245773582,259.639462103,272.000000000,0.000000000,0.000000000
point-0000152,66.161975005,238.246753590,259.640771912,272.000000000,0.000000000,0.000000000
point-0000153,66.162956517,238.247744278,259.642073661,272.000000000,0.000000000,0.000000000
point-0000154,66.163938028,238.248745580,259.643367264,272.000000000,0.000000000,0.000000000
point-0000155,66.164919540,238.249757429,259.644652633,272.000000000,0.000000000,0.000000000
point-0000156,66.165901051,238.250779758,259.645929683,272.000000000,0.000000000,0.000000000
point-0000157,66.166882563,238.251812498,259.647198329,272.000000000,0.000000000,0.000000000
point-0000158,66.167864074,238.252855580,259.648458486,272.000000000,0.000000000,0.000000000
point-0000159,66.168845586,238.253908934,259.649710068,272.000000000,0.000000000,0.000000000
point-0000160,66.169827098,238.254972489,259.650952993,272.000000000,0.000000000,0.000000000
point-0000161,66.170808609,238.256046176,259.652187178,272.000000000,0.000000000,0.000000000
point-0000162,66.171790121,238.257129921,259.653412539,272.000000000,0.000000000,0.000000000
point-0000163,66.172771632,238.258223652,259.654628996,272.000000000,0.000000000,0.000000000
point-0000164,67.055877711,239.246766155,260.745090780,272.000000000,0.000000000,0.000000000
point-0000165,67.056859227,239.247869804,260.746298255,272.000000000,0.000000000,0.000000000
point-0000166,67.057840743,239.248983293,260.747496663,272.000000000,0.000000000,0.000000000
point-0000167,67.058822260,239.250106547,260.748685924,272.000000000,0.000000000,0.000000000
point-0000168,67.059803776,239.251239490,260.749865957,272.000000000,0.000000000,0.000000000
point-0000169,67.060785292,239.252382048,260.751036685,272.000000000,0.000000000,0.000000000
point-0000170,67.061766809,239.253534142,260.752198028,272.000000000,0.000000000,0.000000000
point-0000171,67.062748325,239.254695697,260.753349909,272.000000000,0.000000000,0.000000000
point-0000172,67.063729841,239.255866635,260.754492250,272.000000000,0.000000000,0.000000000
point-0000173,67.064711357,239.257046877,260.755624976,272.000000000,0.000000000,0.000000000
point-0000174,67.065692874,239.258236344,260.756748011,272.000000000,0.000000000,0.000000000
point-0000175,67.066674390,239.259434957,260.757861279,272.000000000,0.000000000,0.000000000
point-0000176,67.067655906,239.260642636,260.758964707,272.000000000,0.000000000,0.000000000
point-0000177,67.950751626,240.351273590,261.747294856,272.000000000,0.000000000,0.000000000
point-0000178,67.951733177,240.352490297,261.748388407,272.000000000,0.000000000,0.000000000
point-0000179,67.952714728,240.353715907,261.749471970,272.000000000,0.000000000,0.000000000
point-0000180,67.953696279,240.354950340,261.750545471,272.000000000,0.000000000,0.000000000
point-0000181,67.954677831,240.356193512,261.751608839,272.000000000,0.000000000,0.000000000
point-0000182,67.955659382,240.357445341,261.752662003,272.000000000,0.000000000,0.000000000
point-0000183,67.956640933,240.358705742,261.753704893,272.000000000,0.000000000,0.000000000
point-0000184,67.957622484,240.359974631,261.754737438,272.000000000,0.000000000,0.000000000
point-0000185,67.958604035,240.361251924,261.755759570,272.000000000,0.000000000,0.000000000
point-0000186,67.959585586,240.362537534,261.756771220,272.000000000,0.000000000,0.000000000
point-0000187,67.960567137,240.363831376,261.757772320,272.000000000,0.000000000,0.000000000
point-0000188,67.961548688,240.365133363,261.758762804,272.000000000,0.000000000,0.000000000
point-0000189,67.962530239,240.366443409,261.759742605,272.000000000,0.000000000,0.000000000
point-0000190,68.845645577,241.548705238,262.636455543,272.000000000,0.000000000,0.000000000
point-0000191,68.846627174,241.550023316,262.637424641,272.000000000,0.000000000,0.000000000
point-0000192,68.847608770,241.551349276,262.638382925,272.000000000,0.000000000,0.000000000
point-0000193,68.848590367,241.552683031,262.639330330,272.000000000,0.000000000,0.000000000
point-0000194,68.849571964,241.554024491,262.640266793,272.000000000,0.000000000,0.000000000
point-0000195,68.850553561,241.555373567,262.641192253,272.000000000,0.000000000,0.000000000
point-0000196,68.851535158,241.556730167,262.642106645,272.000000000,0.000000000,0.000000000
point-0000197,68.852516755,241.558094202,262.643009911,272.000000000,0.000000000,0.000000000
point-0000198,68.853498352,241.559465579,262.643901989,272.000000000,0.000000000,0.000000000
point-0000199,68.854479949,241.560844208,262.644782819,272.000000000,0.000000000,0.000000000
point-0000200,68.855461546,241.562229996,262.645652342,272.000000000,0.000000000,0.000000000
point-0000201,68.856443142,241.563622850,262.646510501,272.000000000,0.000000000,0.000000000
point-0000202,68.857424739,241.565022677,262.647357237,272.000000000,0.000000000,0.000000000
point-0000203,69.740538112,242.827510475,263.403983652,272.000000000,0.000000000,0.000000000
point-0000204,69.741519715,242.828917190,263.404818915,272.000000000,0.000000000,0.000000000
point-0000205,69.742501319,242.830330692,263.405642644,272.000000000,0.000000000,0.000000000
point-0000206,69.743482922,242.831750883,263.406454782,272.000000000,0.000000000,0.000000000
point-0000207,69.744464525,242.833177671,263.407255276,272.000000000,0.000000000,0.000000000
point-0000208,69.745446129,242.834610959,263.408044073,272.000000000,0.000000000,0.000000000
point-0000209,69.746427732,242.836050651,263.408821119,272.000000000,0.000000000,0.000000000
point-0000210,69.747409335,242.837496652,263.409586362,272.000000000,0.000000000,0.000000000
point-0000211,69.748390938,242.838948863,263.410339751,272.000000000,0.000000000,0.000000000
point-0000212,69.749372542,242.840407189,263.411081236,272.000000000,0.000000000,0.000000000
point-0000213,69.750354145,242.841871531,263.411810767,272.000000000,0.000000000,0.000000000
point-0000214,69.751335748,242.843341792,263.412528296,272.000000000,0.000000000,0.000000000
point-0000215,69.752317352,242.844817873,263.413233774,272.000000000,0.000000000,0.000000000
point-0000216,70.635370372,244.175288958,264.042447228,272.000000000,0.000000000,0.000000000
point-0000217,70.636351984,244.176770774,264.043140614,272.000000000,0.000000000,0.000000000
point-0000218,70.637333596,244.178258211,264.043821855,272.000000000,0.000000000,0.000000000
point-0000219,70.638315208,244.179751172,264.044490907,272.000000000,0.000000000,0.000000000
point-0000220,70.639296820,244.181249556,264.045147723,272.000000000,0.000000000,0.000000000
point-0000221,70.640278432,244.182753262,264.045792261,272.000000000,0.000000000,0.000000000
point-0000222,70.641260044,244.184262190,264.046424477,272.000000000,0.000000000,0.000000000
point-0000223,70.642241656,244.185776239,264.047044329,272.000000000,0.000000000,0.000000000
point-0000224,70.643223268,244.187295308,264.047651775,272.000000000,0.000000000,0.000000000
point-0000225,70.644204880,244.188819295,264.048246774,272.000000000,0.000000000,0.000000000
point-0000226,70.645186492,244.190348099,264.048829288,272.000000000,0.000000000,0.000000000
point-0000227,70.646168104,244.191881616,264.049399276,272.000000000,0.000000000,0.000000000
point-0000228,70.647149716,244.193419744,264.049956701,272.000000000,0.000000000,0.000000000
point-0000229,71.530201007,245.579148644,264.545748807,272.000000000,0.000000000,0.000000000
point-0000230,71.531182661,245.580691348,264.546293655,272.000000000,0.000000000,0.000000000
point-0000231,71.532164316,245.582238458,264.546825864,272.000000000,0.000000000,0.000000000
point-0000232,71.533145971,245.583789869,264.547345400,272.000000000,0.000000000,0.000000000
point-0000233,71.534127626,245.585345478,264.547852228,272.000000000,0.000000000,0.000000000
point-0000234,71.535109281,245.586905182,264.548346313,272.000000000,0.000000000,0.000000000
point-0000235,71.536090935,245.588468875,264.548827622,272.000000000,0.000000000,0.000000000
point-0000236,71.537072590,245.590036453,264.549296124,272.000000000,0.000000000,0.000000000
point-0000237,71.538054245,245.591607811,264.549751787,272.000000000,0.000000000,0.000000000
point-0000238,71.539035900,245.593182844,264.550194580,272.000000000,0.000000000,0.000000000
point-0000239,71.540017554,245.594761446,264.550624474,272.000000000,0.000000000,0.000000000
point-0000240,71.540999209,245.596343513,264.551041440,272.000000000,0.000000000,0.000000000
point-0000241,71.541980864,245.597928937,264.551445450,272.000000000,0.000000000,0.000000000
point-0000242,72.425038041,247.025587588,264.909040258,272.000000000,0.000000000,0.000000000
point-0000243,72.426019731,247.027176322,264.909431300,272.000000000,0.000000000,0.000000000
point-0000244,72.427001422,247.028768203,264.909809331,272.000000000,0.000000000,0.000000000
point-0000245,72.427983112,247.030363122,264.910174327,272.000000000,0.000000000,0.000000000
point-0000246,72.428964803,247.031960974,264.910526263,272.000000000,0.000000000,0.000000000
point-0000247,72.429946493,247.033561651,264.910865116,272.000000000,0.000000000,0.000000000
point-0000248,72.430928184,247.035165047,264.911190862,272.000000000,0.000000000,0.000000000
point-0000249,72.431909874,247.036771054,264.911503482,272.000000000,0.000000000,0.000000000
point-0000250,72.432891565,247.038379565,264.911802952,272.000000000,0.000000000,0.000000000
point-0000251,72.433873255,247.039990472,264.912089254,272.000000000,0.000000000,0.000000000
point-0000252,72.434854946,247.041603667,264.912362367,272.000000000,0.000000000,0.000000000
point-0000253,72.435836636,247.043219042,264.912622275,272.000000000,0.000000000,0.000000000
point-0000254,72.436818327,247.044836490,264.912868959,272.000000000,0.000000000,0.000000000
point-0000255,73.319873605,248.500666688,265.128814296,272.000000000,0.000000000,0.000000000
point-0000256,73.320855317,248.502286135,265.129047745,272.000000000,0.000000000,0.000000000
point-0000257,73.321837029,248.503907438,265.129267938,272.000000000,0.000000000,0.000000000
point-0000258,73.322818742,248.505530489,265.129474859,272.000000000,0.000000000,0.000000000
point-0000259,73.323800454,248.507155177,265.129668496,272.000000000,0.000000000,0.000000000
point-0000260,73.324782166,248.508781396,265.129848835,272.000000000,0.000000000,0.000000000
point-0000261,73.325763878,248.510409035,265.130015864,272.000000000,0.000000000,0.000000000
point-0000262,73.326745591,248.512037986,265.130169572,272.000000000,0.000000000,0.000000000
point-0000263,73.327727303,248.513668140,265.130309948,272.000000000,0.000000000,0.000000000
point-0000264,73.328709015,248.515299388,265.130436984,272.000000000,0.000000000,0.000000000
point-0000265,73.329690727,248.516931621,265.130550670,272.000000000,0.000000000,0.000000000
point-0000266,73.330672440,248.518564729,265.130651000,272.000000000,0.000000000,0.000000000
point-0000267,73.331654152,248.520198603,265.130737966,272.000000000,0.000000000,0.000000000
point-0000268,74.214710642,249.990186708,265.202952061,272.000000000,0.000000000,0.000000000
point-0000269,74.215692362,249.991821252,265.203025658,272.000000000,0.000000000,0.000000000
point-0000270,74.216674082,249.993456343,265.203085881,272.000000000,0.000000000,0.000000000
point-0000271,74.217655802,249.995091873,265.203132724,272.000000000,0.000000000,0.000000000
point-0000272,74.218637522,249.996727731,265.203166187,272.000000000,0.000000000,0.000000000
point-0000273,74.219619242,249.998363808,265.203186265,272.000000000,0.000000000,0.000000000
point-0000274,74.220600963,249.999999994,265.203192958,272.000000000,0.000000000,0.000000000
point-0000275,74.221582683,250.001636181,265.203186265,272.000000000,0.000000000,0.000000000
point-0000276,74.222564403,250.003272257,265.203166187,272.000000000,0.000000000,0.000000000
point-0000277,74.223546123,250.004908115,265.203132725,272.000000000,0.000000000,0.000000000
point-0000278,74.224527843,250.006543645,265.203085881,272.000000000,0.000000000,0.000000000
point-0000279,74.225509563,250.008178736,265.203025659,272.000000000,0.000000000,0.000000000
point-0000280,74.226491283,250.009813280,265.202952062,272.000000000,0.000000000,0.000000000
point-0000281,75.109546705,251.479799612,265.130738141,272.000000000,0.000000000,0.000000000
point-0000282,75.110528417,251.481433484,265.130651175,272.000000000,0.000000000,0.000000000
point-0000283,75.111510128,251.483066590,265.130550846,272.000000000,0.000000000,0.000000000
point-0000284,75.112491839,251.484698821,265.130437160,272.000000000,0.000000000,0.000000000
point-0000285,75.113473550,251.486330068,265.130310124,272.000000000,0.000000000,0.000000000
point-0000286,75.114455261,251.487960220,265.130169748,272.000000000,0.000000000,0.000000000
point-0000287,75.115436973,251.489589169,265.130016041,272.000000000,0.000000000,0.000000000
point-0000288,75.116418684,251.491216807,265.129849012,272.000000000,0.000000000,0.000000000
point-0000289,75.117400395,251.492843023,265.129668674,272.000000000,0.000000000,0.000000000
point-0000290,75.118382106,251.494467710,265.129475037,272.000000000,0.000000000,0.000000000
point-0000291,75.119363817,251.496090759,265.129268116,272.000000000,0.000000000,0.000000000
point-0000292,75.120345528,251.497712060,265.129047924,272.000000000,0.000000000,0.000000000
point-0000293,75.121327240,251.499331506,265.128814476,272.000000000,0.000000000,0.000000000
point-0000294,76.004381637,252.955160289,264.912869598,272.000000000,0.000000000,0.000000000
point-0000295,76.005363326,252.956777734,264.912622914,272.000000000,0.000000000,0.000000000
point-0000296,76.006345016,252.958393108,264.912363008,272.000000000,0.000000000,0.000000000
point-0000297,76.007326705,252.960006301,264.912089895,272.000000000,0.000000000,0.000000000
point-0000298,76.008308394,252.961617205,264.911803594,272.000000000,0.000000000,0.000000000
point-0000299,76.009290083,252.963225714,264.911504124,272.000000000,0.000000000,0.000000000
point-0000300,76.010271772,252.964831719,264.911191506,272.000000000,0.000000000,0.000000000
point-0000301,76.011253462,252.966435113,264.910865760,272.000000000,0.000000000,0.000000000
point-0000302,76.012235151,252.968035789,264.910526908,272.000000000,0.000000000,0.000000000
point-0000303,76.013216840,252.969633638,264.910174972,272.000000000,0.000000000,0.000000000
point-0000304,76.014198529,252.971228556,264.909809977,272.000000000,0.000000000,0.000000000
point-0000305,76.015180218,252.972820434,264.909431947,272.000000000,0.000000000,0.000000000
point-0000306,76.016161908,252.974409166,264.909040907,272.000000000,0.000000000,0.000000000
point-0000307,76.899217625,254.402065564,264.551447115,272.000000000,0.000000000,0.000000000
point-0000308,76.900199279,254.403650987,264.551043106,272.000000000,0.000000000,0.000000000
point-0000309,76.901180932,254.405233052,264.550626141,272.000000000,0.000000000,0.000000000
point-0000310,76.902162586,254.406811652,264.550196248,272.000000000,0.000000000,0.000000000
point-0000311,76.903144240,254.408386684,264.549753456,272.000000000,0.000000000,0.000000000
point-0000312,76.904125893,254.409958040,264.549297794,272.000000000,0.000000000,0.000000000
point-0000313,76.905107547,254.411525616,264.548829294,272.000000000,0.000000000,0.000000000
point-0000314,76.906089200,254.413089308,264.548347985,272.000000000,0.000000000,0.000000000
point-0000315,76.907070854,254.414649009,264.547853901,272.000000000,0.000000000,0.000000000
point-0000316,76.908052508,254.416204617,264.547347075,272.000000000,0.000000000,0.000000000
point-0000317,76.909034161,254.417756027,264.546827540,272.000000000,0.000000000,0.000000000
point-0000318,76.910015815,254.419303134,264.546295332,272.000000000,0.000000000,0.000000000
point-0000319,76.910997468,254.420845837,264.545750485,272.000000000,0.000000000,0.000000000
point-0000320,77.794048105,255.806573914,264.049959321,272.000000000,0.000000000,0.000000000
point-0000321,77.795029721,255.808112051,264.049401894,272.000000000,0.000000000,0.000000000
point-0000322,77.796011338,255.809645575,264.048831903,272.000000000,0.000000000,0.000000000
point-0000323,77.796992955,255.811174387,264.048249387,272.000000000,0.000000000,0.000000000
point-0000324,77.797974572,255.812698382,264.047654385,272.000000000,0.000000000,0.000000000
point-0000325,77.798956189,255.814217458,264.047046936,272.000000000,0.000000000,0.000000000
point-0000326,77.799937806,255.815731515,264.046427082,272.000000000,0.000000000,0.000000000
point-0000327,77.800919423,255.817240451,264.045794863,272.000000000,0.000000000,0.000000000
point-0000328,77.801901040,255.818744165,264.045150322,272.000000000,0.000000000,0.000000000
point-0000329,77.802882657,255.820242556,264.044493502,272.000000000,0.000000000,0.000000000
point-0000330,77.803864274,255.821735524,264.043824447,272.000000000,0.000000000,0.000000000
point-0000331,77.804845890,255.823222969,264.043143202,272.000000000,0.000000000,0.000000000
point-0000332,77.805827507,255.824704792,264.042449813,272.000000000,0.000000000,0.000000000
point-0000333,78.688889992,257.155190089,263.413229511,272.000000000,0.000000000,0.000000000
point-0000334,78.689871594,257.156666167,263.412524035,272.000000000,0.000000000,0.000000000
point-0000335,78.690853195,257.158136424,263.411806508,272.000000000,0.000000000,0.000000000
point-0000336,78.691834796,257.159600763,263.411076978,272.000000000,0.000000000,0.000000000
point-0000337,78.692816397,257.161059086,263.410335495,272.000000000,0.000000000,0.000000000
point-0000338,78.693797998,257.162511294,263.409582107,272.000000000,0.000000000,0.000000000
point-0000339,78.694779599,257.163957291,263.408816866,272.000000000,0.000000000,0.000000000
point-0000340,78.695761200,257.165396980,263.408039822,272.000000000,0.000000000,0.000000000
point-0000341,78.696742801,257.166830265,263.407251027,272.000000000,0.000000000,0.000000000
point-0000342,78.697724403,257.168257049,263.406450535,272.000000000,0.000000000,0.000000000
point-0000343,78.698706004,257.169677238,263.405638398,272.000000000,0.000000000,0.000000000
point-0000344,78.699687605,257.171090736,263.404814672,272.000000000,0.000000000,0.000000000
point-0000345,78.700669206,257.172497449,263.403979410,272.000000000,0.000000000,0.000000000
point-0000346,79.583769484,258.434966632,262.647364391,272.000000000,0.000000000,0.000000000
point-0000347,79.584751058,258.436366426,262.646517675,272.000000000,0.000000000,0.000000000
point-0000348,79.585732632,258.437759248,262.645659537,272.000000000,0.000000000,0.000000000
point-0000349,79.586714206,258.439145004,262.644790034,272.000000000,0.000000000,0.000000000
point-0000350,79.587695780,258.440523602,262.643909226,272.000000000,0.000000000,0.000000000
point-0000351,79.588677354,258.441894948,262.643017171,272.000000000,0.000000000,0.000000000
point-0000352,79.589658928,258.443258952,262.642113928,272.000000000,0.000000000,0.000000000
point-0000353,79.590640502,258.444615522,262.641199558,272.000000000,0.000000000,0.000000000
point-0000354,79.591622076,258.445964567,262.640274123,272.000000000,0.000000000,0.000000000
point-0000355,79.592603649,258.447305998,262.639337683,272.000000000,0.000000000,0.000000000
point-0000356,79.593585223,258.448639724,262.638390303,272.000000000,0.000000000,0.000000000
point-0000357,79.594566797,258.449965655,262.637432045,272.000000000,0.000000000,0.000000000
point-0000358,79.595548371,258.451283704,262.636462973,272.000000000,0.000000000,0.000000000
point-0000359,80.478635062,259.633509314,261.759781347,272.000000000,0.000000000,0.000000000
point-0000360,80.479616590,259.634819331,261.758801572,272.000000000,0.000000000,0.000000000
point-0000361,80.480598118,259.636121291,261.757811115,272.000000000,0.000000000,0.000000000
point-0000362,80.481579646,259.637415105,261.756810042,272.000000000,0.000000000,0.000000000
point-0000363,80.482561174,259.638700689,261.755798420,272.000000000,0.000000000,0.000000000
point-0000364,80.483542702,259.639977954,261.754776317,272.000000000,0.000000000,0.000000000
point-0000365,80.484524230,259.641246817,261.753743800,272.000000000,0.000000000,0.000000000
point-0000366,80.485505758,259.642507193,261.752700940,272.000000000,0.000000000,0.000000000
point-0000367,80.486487286,259.643758996,261.751647806,272.000000000,0.000000000,0.000000000
point-0000368,80.487468814,259.645002143,261.750584467,272.000000000,0.000000000,0.000000000
point-0000369,80.488450342,259.646236551,261.749510997,272.000000000,0.000000000,0.000000000
point-0000370,80.489431870,259.647462138,261.748427465,272.000000000,0.000000000,0.000000000
point-0000371,80.490413398,259.648678822,261.747333945,272.000000000,0.000000000,0.000000000
point-0000372,81.373497040,260.739299544,260.759022483,272.000000000,0.000000000,0.000000000
point-0000373,81.374478547,260.740507216,260.757919072,272.000000000,0.000000000,0.000000000
point-0000374,81.375460053,260.741705823,260.756805821,272.000000000,0.000000000,0.000000000
point-0000375,81.376441560,260.742895284,260.755682803,272.000000000,0.000000000,0.000000000
point-0000376,81.377423067,260.744075520,260.754550094,272.000000000,0.000000000,0.000000000
point-0000377,81.378404573,260.745246452,260.753407769,272.000000000,0.000000000,0.000000000
point-0000378,81.379386080,260.746408001,260.752255906,272.000000000,0.000000000,0.000000000
point-0000379,81.380367587,260.747560091,260.751094580,272.000000000,0.000000000,0.000000000
point-0000380,81.381349093,260.748702643,260.749923871,272.000000000,0.000000000,0.000000000
point-0000381,81.382330600,260.749835582,260.748743855,272.000000000,0.000000000,0.000000000
point-0000382,81.383312106,260.750958831,260.747554612,272.000000000,0.000000000,0.000000000
point-0000383,81.384293613,260.752072316,260.746356222,272.000000000,0.000000000,0.000000000
point-0000384,81.385275120,260.753175961,260.745148765,272.000000000,0.000000000,0.000000000
point-0000385,82.268374735,261.741717453,259.654700603,272.000000000,0.000000000,0.000000000
point-0000386,82.269356217,261.742811158,259.653484190,272.000000000,0.000000000,0.000000000
point-0000387,82.270337699,261.743894878,259.652258872,272.000000000,0.000000000,0.000000000
point-0000388,82.271319181,261.744968540,259.651024731,272.000000000,0.000000000,0.000000000
point-0000389,82.272300663,261.746032072,259.649781850,272.000000000,0.000000000,0.000000000
point-0000390,82.273282145,261.747085403,259.648530313,272.000000000,0.000000000,0.000000000
point-0000391,82.274263628,261.748128462,259.647270201,272.000000000,0.000000000,0.000000000
point-0000392,82.275245110,261.749161180,259.646001601,272.000000000,0.000000000,0.000000000
point-0000393,82.276226592,261.750183488,259.644724597,272.000000000,0.000000000,0.000000000
point-0000394,82.277208074,261.751195317,259.643439274,272.000000000,0.000000000,0.000000000
point-0000395,82.278189556,261.752196599,259.642145719,272.000000000,0.000000000,0.000000000
point-0000396,82.279171038,261.753187268,259.640844017,272.000000000,0.000000000,0.000000000
point-0000397,82.280152520,261.754167258,259.639534256,272.000000000,0.000000000,0.000000000
point-0000398,83.163230718,262.631075851,258.457494613,272.000000000,0.000000000,0.000000000
point-0000399,83.164212186,262.632045082,258.456176899,272.000000000,0.000000000,0.000000000
point-0000400,83.165193654,262.633003503,258.454851302,272.000000000,0.000000000,0.000000000
point-0000401,83.166175122,262.633951050,258.453517911,272.000000000,0.000000000,0.000000000
point-0000402,83.167156591,262.634887659,258.452176815,272.000000000,0.000000000,0.000000000
point-0000403,83.168138059,262.635813269,258.450828102,272.000000000,0.000000000,0.000000000
point-0000404,83.169119527,262.636727817,258.449471865,272.000000000,0.000000000,0.000000000
point-0000405,83.170100996,262.637631242,258.448108193,272.000000000,0.000000000,0.000000000
point-0000406,83.171082464,262.638523483,258.446737178,272.000000000,0.000000000,0.000000000
point-0000407,83.172063932,262.639404482,258.445358911,272.000000000,0.000000000,0.000000000
point-0000408,83.173045400,262.640274178,258.443973484,272.000000000,0.000000000,0.000000000
point-0000409,83.174026869,262.641132514,258.442580991,272.000000000,0.000000000,0.000000000
point-0000410,83.175008337,262.641979432,258.441181525,272.000000000,0.000000000,0.000000000
point-0000411,84.058106931,263.398857733,257.178873440,272.000000000,0.000000000,0.000000000
point-0000412,84.059088400,263.399693178,257.177467092,272.000000000,0.000000000,0.000000000
point-0000413,84.060069869,263.400517092,257.176053958,272.000000000,0.000000000,0.000000000
point-0000414,84.061051338,263.401329421,257.174634133,272.000000000,0.000000000,0.000000000
point-0000415,84.062032807,263.402130110,257.173207712,272.000000000,0.000000000,0.000000000
point-0000416,84.063014276,263.402919106,257.171774789,272.000000000,0.000000000,0.000000000
point-0000417,84.063995745,263.403696356,257.170335461,272.000000000,0.000000000,0.000000000
point-0000418,84.064977214,263.404461808,257.168889825,272.000000000,0.000000000,0.000000000
point-0000419,84.065958683,263.405215411,257.167437976,272.000000000,0.000000000,0.000000000
point-0000420,84.066940152,263.405957114,257.165980012,272.000000000,0.000000000,0.000000000
point-0000421,84.067921621,263.406686868,257.164516031,272.000000000,0.000000000,0.000000000
point-0000422,84.068903090,263.407404624,257.163046130,272.000000000,0.000000000,0.000000000
point-0000423,84.069884560,263.408110333,257.161570408,272.000000000,0.000000000,0.000000000
point-0000424,84.952974637,264.037646865,255.831183834,272.000000000,0.000000000,0.000000000
point-0000425,84.953956097,264.038340475,255.829702404,272.000000000,0.000000000,0.000000000
point-0000426,84.954937556,264.039021945,255.828215350,272.000000000,0.000000000,0.000000000
point-0000427,84.955919015,264.039691230,255.826722773,272.000000000,0.000000000,0.000000000
point-0000428,84.956900475,264.040348285,255.825224772,272.000000000,0.000000000,0.000000000
point-0000429,84.957881934,264.040993067,255.823721447,272.000000000,0.000000000,0.000000000
point-0000430,84.958863394,264.041625532,255.822212898,272.000000000,0.000000000,0.000000000
point-0000431,84.959844853,264.042245637,255.820699228,272.000000000,0.000000000,0.000000000
point-0000432,84.960826312,264.042853342,255.819180536,272.000000000,0.000000000,0.000000000
point-0000433,84.961807772,264.043448605,255.817656925,272.000000000,0.000000000,0.000000000
point-0000434,84.962789231,264.044031387,255.816128497,272.000000000,0.000000000,0.000000000
point-0000435,84.963770691,264.044601649,255.814595353,272.000000000,0.000000000,0.000000000
point-0000436,84.964752150,264.045159353,255.813057596,272.000000000,0.000000000,0.000000000
point-0000437,85.847834243,264.541298893,254.427398524,272.000000000,0.000000000,0.000000000
point-0000438,85.848815711,264.541844006,254.425856243,272.000000000,0.000000000,0.000000000
point-0000439,85.849797179,264.542376487,254.424309556,272.000000000,0.000000000,0.000000000
point-0000440,85.850778648,264.542896300,254.422758565,272.000000000,0.000000000,0.000000000
point-0000441,85.851760116,264.543403410,254.421203374,272.000000000,0.000000000,0.000000000
point-0000442,85.852741585,264.543897783,254.419644088,272.000000000,0.000000000,0.000000000
point-0000443,85.853723053,264.544379387,254.418080811,272.000000000,0.000000000,0.000000000
point-0000444,85.854704521,264.544848189,254.416513647,272.000000000,0.000000000,0.000000000
point-0000445,85.855685990,264.545304158,254.414942701,272.000000000,0.000000000,0.000000000
point-0000446,85.856667458,264.545747263,254.413368078,272.000000000,0.000000000,0.000000000
point-0000447,85.857648927,264.546177475,254.411789884,272.000000000,0.000000000,0.000000000
point-0000448,85.858630395,264.546594764,254.410208224,272.000000000,0.000000000,0.000000000
point-0000449,85.859611863,264.546999104,254.408623204,272.000000000,0.000000000,0.000000000
point-0000450,86.742709127,264.904976888,252.980991655,272.000000000,0.000000000,0.000000000
point-0000451,86.743690607,264.905368254,252.979403362,272.000000000,0.000000000,0.000000000
point-0000452,86.744672087,264.905746618,252.977811921,272.000000000,0.000000000,0.000000000
point-0000453,86.745653567,264.906111952,252.976217439,272.000000000,0.000000000,0.000000000
point-0000454,86.746635048,264.906464233,252.974620022,272.000000000,0.000000000,0.000000000
point-0000455,86.747616528,264.906803437,252.973019777,272.000000000,0.000000000,0.000000000
point-0000456,86.748598008,264.907129541,252.971416811,272.000000000,0.000000000,0.000000000
point-0000457,86.749579488,264.907442524,252.969811232,272.000000000,0.000000000,0.000000000
point-0000458,86.750560969,264.907742364,252.968203146,272.000000000,0.000000000,0.000000000
point-0000459,86.751542449,264.908029042,252.966592662,272.000000000,0.000000000,0.000000000
point-0000460,86.752523929,264.908302539,252.964979888,272.000000000,0.000000000,0.000000000
point-0000461,86.753505409,264.908562835,252.963364930,272.000000000,0.000000000,0.000000000
point-0000462,86.754486890,264.908809914,252.961747897,272.000000000,0.000000000,0.000000000
point-0000463,87.637575800,265.125168066,251.505922322,272.000000000,0.000000000,0.000000000
point-0000464,87.638557519,265.125401967,251.504302929,272.000000000,0.000000000,0.000000000
point-0000465,87.639539237,265.125622611,251.502681677,272.000000000,0.000000000,0.000000000
point-0000466,87.640520956,265.125829985,251.501058674,272.000000000,0.000000000,0.000000000
point-0000467,87.641502675,265.126024074,251.499434028,272.000000000,0.000000000,0.000000000
point-0000468,87.642484393,265.126204866,251.497807849,272.000000000,0.000000000,0.000000000
point-0000469,87.643466112,265.126372348,251.496180246,272.000000000,0.000000000,0.000000000
point-0000470,87.644447831,265.126526509,251.494551327,272.000000000,0.000000000,0.000000000
point-0000471,87.645429549,265.126667338,251.492921201,272.000000000,0.000000000,0.000000000
point-0000472,87.646411268,265.126794828,251.491289977,272.000000000,0.000000000,0.000000000
point-0000473,87.647392987,265.126908968,251.489657766,272.000000000,0.000000000,0.000000000
point-0000474,87.648374705,265.127009751,251.488024675,272.000000000,0.000000000,0.000000000
point-0000475,87.649356424,265.127097170,251.486390814,272.000000000,0.000000000,0.000000000
point-0000476,88.532862507,265.199755811,250.015674380,272.000000000,0.000000000,0.000000000
point-0000477,88.533844633,265.199829889,250.014039181,272.000000000,0.000000000,0.000000000
point-0000478,88.534826759,265.199890582,250.012403430,272.000000000,0.000000000,0.000000000
point-0000479,88.535808884,265.199937885,250.010767237,272.000000000,0.000000000,0.000000000
point-0000480,88.536791010,265.199971796,250.009130712,272.000000000,0.000000000,0.000000000
point-0000481,88.537773136,265.199992311,250.007493965,272.000000000,0.000000000,0.000000000
point-0000482,88.538755262,265.199999430,250.005857104,272.000000000,0.000000000,0.000000000
point-0000483,88.539737388,265.199993152,250.004220239,272.000000000,0.000000000,0.000000000
point-0000484,88.540719513,265.199973478,250.002583481,272.000000000,0.000000000,0.000000000
point-0000485,88.541701639,265.199940409,250.000946939,272.000000000,0.000000000,0.000000000
point-0000486,88.542683765,265.199893947,249.999310722,272.000000000,0.000000000,0.000000000
point-0000487,88.543665891,265.199834095,249.997674941,272.000000000,0.000000000,0.000000000
point-0000488,88.544648017,265.199760858,249.996039703,272.000000000,0.000000000,0.000000000
point-0000489,89.428448400,265.127834245,248.524796201,272.000000000,0.000000000,0.000000000
point-0000490,89.429430681,265.127747612,248.523161359,272.000000000,0.000000000,0.000000000
point-0000491,89.430412962,265.127647600,248.521527282,272.000000000,0.000000000,0.000000000
point-0000492,89.431395243,265.127534215,248.519894077,272.000000000,0.000000000,0.000000000
point-0000493,89.432377525,265.127407465,248.518261856,272.000000000,0.000000000,0.000000000
point-0000494,89.433359806,265.127267358,248.516630727,272.000000000,0.000000000,0.000000000
point-0000495,89.434342087,265.127113905,248.515000800,272.000000000,0.000000000,0.000000000
point-0000496,89.435324368,265.126947114,248.513372183,272.000000000,0.000000000,0.000000000
point-0000497,89.436306649,265.126766998,248.511744986,272.000000000,0.000000000,0.000000000
point-0000498,89.437288930,265.126573569,248.510119318,272.000000000,0.000000000,0.000000000
point-0000499,89.438271211,265.126366839,248.508495287,272.000000000,0.000000000,0.000000000
point-0000500,89.439253493,265.126146822,248.506873004,272.000000000,0.000000000,0.000000000
point-0000501,89.440235774,265.125913533,248.505252575,272.000000000,0.000000000,0.000000000
point-0000502,90.323994288,264.910058285,247.048224154,272.000000000,0.000000000,0.000000000
point-0000503,90.324976478,264.909811763,247.046605839,272.000000000,0.000000000,0.000000000
point-0000504,90.325958669,264.909552003,247.044989595,272.000000000,0.000000000,0.000000000
point-0000505,90.326940860,264.909279024,247.043375532,272.000000000,0.000000000,0.000000000
point-0000506,90.327923050,264.908992843,247.041763757,272.000000000,0.000000000,0.000000000
point-0000507,90.328905241,264.908693479,247.040154379,272.000000000,0.000000000,0.000000000
point-0000508,90.329887431,264.908380953,247.038547504,272.000000000,0.000000000,0.000000000
point-0000509,90.330869622,264.908055286,247.036943242,272.000000000,0.000000000,0.000000000
point-0000510,90.331851813,264.907716498,247.035341699,272.000000000,0.000000000,0.000000000
point-0000511,90.332834003,264.907364614,247.033742982,272.000000000,0.000000000,0.000000000
point-0000512,90.333816194,264.906999656,247.032147199,272.000000000,0.000000000,0.000000000
point-0000513,90.334798384,264.906621649,247.030554457,272.000000000,0.000000000,0.000000000
point-0000514,90.335780575,264.906230618,247.028964861,272.000000000,0.000000000,0.000000000
point-0000515,91.219396916,264.548594881,245.600355744,272.000000000,0.000000000,0.000000000
point-0000516,91.220378983,264.548190905,245.598769604,272.000000000,0.000000000,0.000000000
point-0000517,91.221361049,264.547773962,245.597186822,272.000000000,0.000000000,0.000000000
point-0000518,91.222343115,264.547344079,245.595607506,272.000000000,0.000000000,0.000000000
point-0000519,91.223325181,264.546901286,245.594031760,272.000000000,0.000000000,0.000000000
point-0000520,91.224307248,264.546445612,245.592459691,272.000000000,0.000000000,0.000000000
point-0000521,91.225289314,264.545977088,245.590891404,272.000000000,0.000000000,0.000000000
point-0000522,91.226271380,264.545495745,245.589327004,272.000000000,0.000000000,0.000000000
point-0000523,91.227253447,264.545001615,245.587766595,272.000000000,0.000000000,0.000000000
point-0000524,91.228235513,264.544494732,245.586210282,272.000000000,0.000000000,0.000000000
point-0000525,91.229217579,264.543975129,245.584658170,272.000000000,0.000000000,0.000000000
point-0000526,91.230199645,264.543442842,245.583110362,272.000000000,0.000000000,0.000000000
point-0000527,91.231181712,264.542897905,245.581566962,272.000000000,0.000000000,0.000000000
point-0000528,92.114692528,264.046970776,244.195072959,272.000000000,0.000000000,0.000000000
point-0000529,92.115674547,264.046413254,244.193534145,272.000000000,0.000000000,0.000000000
point-0000530,92.116656565,264.045843158,244.191999945,272.000000000,0.000000000,0.000000000
point-0000531,92.117638584,264.045260526,244.190470461,272.000000000,0.000000000,0.000000000
point-0000532,92.118620602,264.044665397,244.188945797,272.000000000,0.000000000,0.000000000
point-0000533,92.119602621,264.044057811,244.187426054,272.000000000,0.000000000,0.000000000
point-0000534,92.120584640,264.043437808,244.185911334,272.000000000,0.000000000,0.000000000
point-0000535,92.121566658,264.042805431,244.184401739,272.000000000,0.000000000,0.000000000
point-0000536,92.122548677,264.042160722,244.182897369,272.000000000,0.000000000,0.000000000
point-0000537,92.123530695,264.041503723,244.181398325,272.000000000,0.000000000,0.000000000
point-0000538,92.124512714,264.040834478,244.179904708,272.000000000,0.000000000,0.000000000
point-0000539,92.125494733,264.040153034,244.178416618,272.000000000,0.000000000,0.000000000
point-0000540,92.126476751,264.039459434,244.176934155,272.000000000,0.000000000,0.000000000
point-0000541,93.009982777,263.409987138,242.845750299,272.000000000,0.000000000,0.000000000
point-0000542,93.010964859,263.409281385,242.844273466,272.000000000,0.000000000,0.000000000
point-0000543,93.011946941,263.408563568,242.842802458,272.000000000,0.000000000,0.000000000
point-0000544,93.012929022,263.407833737,242.841337375,272.000000000,0.000000000,0.000000000
point-0000545,93.013911104,263.407091941,242.839878313,272.000000000,0.000000000,0.000000000
point-0000546,93.014893186,263.406338228,242.838425371,272.000000000,0.000000000,0.000000000
point-0000547,93.015875268,263.405572649,242.836978646,272.000000000,0.000000000,0.000000000
point-0000548,93.016857349,263.404795257,242.835538235,272.000000000,0.000000000,0.000000000
point-0000549,93.017839431,263.404006102,242.834104234,272.000000000,0.000000000,0.000000000
point-0000550,93.018821513,263.403205238,242.832676740,272.000000000,0.000000000,0.000000000
point-0000551,93.019803594,263.402392718,242.831255847,272.000000000,0.000000000,0.000000000
point-0000552,93.020785676,263.401568597,242.829841652,272.000000000,0.000000000,0.000000000
point-0000553,93.021767758,263.400732929,242.828434249,272.000000000,0.000000000,0.000000000
point-0000554,93.905372258,262.643685976,241.565244194,272.000000000,0.000000000,0.000000000
point-0000555,93.906354485,262.642838693,241.563843471,272.000000000,0.000000000,0.000000000
point-0000556,93.907336712,262.641979973,241.562449730,272.000000000,0.000000000,0.000000000
point-0000557,93.908318938,262.641109873,241.561063064,272.000000000,0.000000000,0.000000000
point-0000558,93.909301165,262.640228453,241.559683567,272.000000000,0.000000000,0.000000000
point-0000559,93.910283392,262.639335771,241.558311331,272.000000000,0.000000000,0.000000000
point-0000560,93.911265618,262.638431887,241.556946447,272.000000000,0.000000000,0.000000000
point-0000561,93.912247845,262.637516862,241.555589007,272.000000000,0.000000000,0.000000000
point-0000562,93.913230071,262.636590756,241.554239103,272.000000000,0.000000000,0.000000000
point-0000563,93.914212298,262.635653632,241.552896824,272.000000000,0.000000000,0.000000000
point-0000564,93.915194525,262.634705553,241.551562260,272.000000000,0.000000000,0.000000000
point-0000565,93.916176751,262.633746581,241.550235501,272.000000000,0.000000000,0.000000000
point-0000566,93.917158978,262.632776783,241.548916636,272.000000000,0.000000000,0.000000000
point-0000567,94.800906601,261.755361868,240.365863424,272.000000000,0.000000000,0.000000000
point-0000568,94.801888951,261.754381182,240.364552377,272.000000000,0.000000000,0.000000000
point-0000569,94.802871301,261.753389798,240.363249402,272.000000000,0.000000000,0.000000000
point-0000570,94.803853651,261.752387780,240.361954587,272.000000000,0.000000000,0.000000000
point-0000571,94.804836001,261.751375196,240.360668017,272.000000000,0.000000000,0.000000000
point-0000572,94.805818351,261.750352114,240.359389780,272.000000000,0.000000000,0.000000000
point-0000573,94.806800701,261.749318602,240.358119961,272.000000000,0.000000000,0.000000000
point-0000574,94.807783050,261.748274730,240.356858645,272.000000000,0.000000000,0.000000000
point-0000575,94.808765400,261.747220568,240.355605916,272.000000000,0.000000000,0.000000000
point-0000576,94.809747750,261.746156185,240.354361859,272.000000000,0.000000000,0.000000000
point-0000577,94.810730100,261.745081655,240.353126557,272.000000000,0.000000000,0.000000000
point-0000578,94.811712450,261.743997048,240.351900093,272.000000000,0.000000000,0.000000000
point-0000579,94.812694800,261.742902437,240.350682548,272.000000000,0.000000000,0.000000000
point-0000580,95.696500110,260.753622428,239.259316369,272.000000000,0.000000000,0.000000000
point-0000581,95.697482358,260.752518002,239.258107951,272.000000000,0.000000000,0.000000000
point-0000582,95.698464607,260.751403722,239.256908613,272.000000000,0.000000000,0.000000000
point-0000583,95.699446855,260.750279661,239.255718436,272.000000000,0.000000000,0.000000000
point-0000584,95.700429103,260.749145897,239.254537500,272.000000000,0.000000000,0.000000000
point-0000585,95.701411351,260.748002504,239.253365884,272.000000000,0.000000000,0.000000000
point-0000586,95.702393600,260.746849559,239.252203666,272.000000000,0.000000000,0.000000000
point-0000587,95.703375848,260.745687140,239.251050924,272.000000000,0.000000000,0.000000000
point-0000588,95.704358096,260.744515324,239.249907735,272.000000000,0.000000000,0.000000000
point-0000589,95.705340344,260.743334190,239.248774177,272.000000000,0.000000000,0.000000000
point-0000590,95.706322593,260.742143817,239.247650324,272.000000000,0.000000000,0.000000000
point-0000591,95.707304841,260.740944285,239.246536253,272.000000000,0.000000000,0.000000000
point-0000592,95.708287089,260.739735674,239.245432037,272.000000000,0.000000000,0.000000000
point-0000593,96.591838464,259.648510567,238.256626604,272.000000000,0.000000000,0.000000000
point-0000594,96.592820349,259.647293410,238.255532721,272.000000000,0.000000000,0.000000000
point-0000595,96.593802234,259.646067343,238.254448833,272.000000000,0.000000000,0.000000000
point-0000596,96.594784120,259.644832448,238.253375014,272.000000000,0.000000000,0.000000000
point-0000597,96.595766005,259.643588808,238.252311336,272.000000000,0.000000000,0.000000000
point-0000598,96.596747890,259.642336507,238.251257869,272.000000000,0.000000000,0.000000000
point-0000599,96.597729775,259.641075628,238.250214683,272.000000000,0.000000000,0.000000000
point-0000600,96.598711661,259.639806255,238.249181850,272.000000000,0.000000000,0.000000000
point-0000601,96.599693546,259.638528474,238.248159437,272.000000000,0.000000000,0.000000000
point-0000602,96.600675431,259.637242369,238.247147514,272.000000000,0.000000000,0.000000000
point-0000603,96.601657317,259.635948029,238.246146149,272.000000000,0.000000000,0.000000000
point-0000604,96.602639202,259.634645537,238.245155407,272.000000000,0.000000000,0.000000000
point-0000605,96.603621087,259.633334983,238.244175356,272.000000000,0.000000000,0.000000000
point-0000606,97.486758884,258.450985935,237.367517197,272.000000000,0.000000000,0.000000000
point-0000607,97.487740578,258.449667663,237.366548090,272.000000000,0.000000000,0.000000000
point-0000608,97.488722272,258.448341508,237.365589799,272.000000000,0.000000000,0.000000000
point-0000609,97.489703966,258.447007557,237.364642390,272.000000000,0.000000000,0.000000000
point-0000610,97.490685660,258.445665901,237.363705925,272.000000000,0.000000000,0.000000000
point-0000611,97.491667354,258.444316628,237.362780467,272.000000000,0.000000000,0.000000000
point-0000612,97.492649048,258.442959830,237.361866078,272.000000000,0.000000000,0.000000000
point-0000613,97.493630742,258.441595597,237.360962820,272.000000000,0.000000000,0.000000000
point-0000614,97.494612436,258.440224020,237.360070751,272.000000000,0.000000000,0.000000000
point-0000615,97.495594130,258.438845191,237.359189934,272.000000000,0.000000000,0.000000000
point-0000616,97.496575824,258.437459203,237.358320425,272.000000000,0.000000000,0.000000000
point-0000617,97.497557518,258.436066147,237.357462284,272.000000000,0.000000000,0.000000000
point-0000618,97.498539212,258.434666119,237.356615568,272.000000000,0.000000000,0.000000000
point-0000619,98.381734209,257.172004957,236.600013795,272.000000000,0.000000000,0.000000000
point-0000620,98.382715923,257.170598020,236.599178544,272.000000000,0.000000000,0.000000000
point-0000621,98.383697636,257.169184297,236.598354831,272.000000000,0.000000000,0.000000000
point-0000622,98.384679350,257.167763883,236.597542711,272.000000000,0.000000000,0.000000000
point-0000623,98.385661064,257.166336872,236.596742238,272.000000000,0.000000000,0.000000000
point-0000624,98.386642777,257.164903361,236.595953466,272.000000000,0.000000000,0.000000000
point-0000625,98.387624491,257.163463444,236.595176448,272.000000000,0.000000000,0.000000000
point-0000626,98.388606205,257.162017220,236.594411236,272.000000000,0.000000000,0.000000000
point-0000627,98.389587918,257.160564783,236.593657881,272.000000000,0.000000000,0.000000000
point-0000628,98.390569632,257.159106232,236.592916433,272.000000000,0.000000000,0.000000000
point-0000629,98.391551346,257.157641664,236.592186942,272.000000000,0.000000000,0.000000000
point-0000630,98.392533059,257.156171177,236.591469457,272.000000000,0.000000000,0.000000000
point-0000631,98.393514773,257.154694870,236.590764026,272.000000000,0.000000000,0.000000000
point-0000632,99.276677859,255.824003875,235.961586504,272.000000000,0.000000000,0.000000000
point-0000633,99.277659545,255.822521888,235.960893193,272.000000000,0.000000000,0.000000000
point-0000634,99.278641231,255.821034279,235.960212030,272.000000000,0.000000000,0.000000000
point-0000635,99.279622917,255.819541147,235.959543058,272.000000000,0.000000000,0.000000000
point-0000636,99.280604604,255.818042592,235.958886324,272.000000000,0.000000000,0.000000000
point-0000637,99.281586290,255.816538715,235.958241871,272.000000000,0.000000000,0.000000000
point-0000638,99.282567976,255.815029616,235.957609742,272.000000000,0.000000000,0.000000000
point-0000639,99.283549662,255.813515397,235.956989980,272.000000000,0.000000000,0.000000000
point-0000640,99.284531348,255.811996158,235.956382625,272.000000000,0.000000000,0.000000000
point-0000641,99.285513034,255.810472001,235.955787720,272.000000000,0.000000000,0.000000000
point-0000642,99.286494721,255.808943029,235.955205303,272.000000000,0.000000000,0.000000000
point-0000643,99.287476407,255.807409343,235.954635413,272.000000000,0.000000000,0.000000000
point-0000644,99.288458093,255.805871047,235.954078089,272.000000000,0.000000000,0.000000000
point-0000645,100.171595302,254.419961034,235.458367129,272.000000000,0.000000000,0.000000000
point-0000646,100.172576989,254.418418229,235.457822408,272.000000000,0.000000000,0.000000000
point-0000647,100.173558676,254.416871019,235.457290326,272.000000000,0.000000000,0.000000000
point-0000648,100.174540363,254.415319508,235.456770919,272.000000000,0.000000000,0.000000000
point-0000649,100.175522050,254.413763801,235.456264221,272.000000000,0.000000000,0.000000000
point-0000650,100.176503737,254.412204000,235.455770268,272.000000000,0.000000000,0.000000000
point-0000651,100.177485423,254.410640210,235.455289091,272.000000000,0.000000000,0.000000000
point-0000652,100.178467110,254.409072536,235.454820723,272.000000000,0.000000000,0.000000000
point-0000653,100.179448797,254.407501083,235.454365195,272.000000000,0.000000000,0.000000000
point-0000654,100.180430484,254.405925957,235.453922538,272.000000000,0.000000000,0.000000000
point-0000655,100.181412171,254.404347261,235.453492781,272.000000000,0.000000000,0.000000000
point-0000656,100.182393857,254.402765103,235.453075954,272.000000000,0.000000000,0.000000000
point-0000657,100.183375544,254.401179588,235.452672083,272.000000000,0.000000000,0.000000000
point-0000658,101.066533327,252.973323758,235.095174412,272.000000000,0.000000000,0.000000000
point-0000659,101.067515047,252.971734937,235.094783513,272.000000000,0.000000000,0.000000000
point-0000660,101.068496768,252.970142971,235.094405624,272.000000000,0.000000000,0.000000000
point-0000661,101.069478489,252.968547967,235.094040772,272.000000000,0.000000000,0.000000000
point-0000662,101.070460210,252.966950032,235.093688981,272.000000000,0.000000000,0.000000000
point-0000663,101.071441931,252.965349272,235.093350274,272.000000000,0.000000000,0.000000000
point-0000664,101.072423651,252.963745794,235.093024674,272.000000000,0.000000000,0.000000000
point-0000665,101.073405372,252.962139707,235.092712203,272.000000000,0.000000000,0.000000000
point-0000666,101.074387093,252.960531117,235.092412882,272.000000000,0.000000000,0.000000000
point-0000667,101.075368814,252.958920132,235.092126730,272.000000000,0.000000000,0.000000000
point-0000668,101.076350535,252.957306860,235.091853768,272.000000000,0.000000000,0.000000000
point-0000669,101.077332255,252.955691409,235.091594012,272.000000000,0.000000000,0.000000000
point-0000670,101.078313976,252.954073887,235.091347482,272.000000000,0.000000000,0.000000000
point-0000671,101.961507733,251.497993886,234.875513295,272.000000000,0.000000000,0.000000000
point-0000672,101.962489444,251.496374417,234.875280008,272.000000000,0.000000000,0.000000000
point-0000673,101.963471155,251.494753094,234.875059977,272.000000000,0.000000000,0.000000000
point-0000674,101.964452866,251.493130026,234.874853217,272.000000000,0.000000000,0.000000000
point-0000675,101.965434577,251.491505320,234.874659743,272.000000000,0.000000000,0.000000000
point-0000676,101.966416288,251.489879085,234.874479566,272.000000000,0.000000000,0.000000000
point-0000677,101.967397999,251.488251431,234.874312699,272.000000000,0.000000000,0.000000000
point-0000678,101.968379710,251.486622467,234.874159154,272.000000000,0.000000000,0.000000000
point-0000679,101.969361421,251.484992301,234.874018940,272.000000000,0.000000000,0.000000000
point-0000680,101.970343132,251.483361042,234.873892066,272.000000000,0.000000000,0.000000000
point-0000681,101.971324844,251.481728800,234.873778543,272.000000000,0.000000000,0.000000000
point-0000682,101.972306555,251.480095684,234.873678376,272.000000000,0.000000000,0.000000000
point-0000683,101.973288266,251.478461803,234.873591572,272.000000000,0.000000000,0.000000000
point-0000684,102.856425801,250.008331609,234.801517091,272.000000000,0.000000000,0.000000000
point-0000685,102.857407445,250.006697185,234.801443661,272.000000000,0.000000000,0.000000000
point-0000686,102.858389089,250.005062214,234.801383605,272.000000000,0.000000000,0.000000000
point-0000687,102.859370733,250.003426807,234.801336924,272.000000000,0.000000000,0.000000000
point-0000688,102.860352377,250.001791073,234.801303624,272.000000000,0.000000000,0.000000000
point-0000689,102.861334020,250.000155121,234.801283705,272.000000000,0.000000000,0.000000000
point-0000690,102.862315664,249.998519061,234.801277170,272.000000000,0.000000000,0.000000000
point-0000691,102.863297308,249.996883002,234.801284018,272.000000000,0.000000000,0.000000000
point-0000692,102.864278952,249.995247054,234.801304250,272.000000000,0.000000000,0.000000000
point-0000693,102.865260596,249.993611326,234.801337863,272.000000000,0.000000000,0.000000000
point-0000694,102.866242240,249.991975928,234.801384856,272.000000000,0.000000000,0.000000000
point-0000695,102.867223884,249.990340969,234.801445226,272.000000000,0.000000000,0.000000000
point-0000696,102.868205528,249.988706558,234.801518968,272.000000000,0.000000000,0.000000000
point-0000697,103.751277686,248.518699008,234.873869291,272.000000000,0.000000000,0.000000000
point-0000698,103.752259292,248.517065319,234.873956397,272.000000000,0.000000000,0.000000000
point-0000699,103.753240898,248.515432397,234.874056864,272.000000000,0.000000000,0.000000000
point-0000700,103.754222503,248.513800351,234.874170684,272.000000000,0.000000000,0.000000000
point-0000701,103.755204109,248.512169291,234.874297851,272.000000000,0.000000000,0.000000000
point-0000702,103.756185715,248.510539326,234.874438355,272.000000000,0.000000000,0.000000000
point-0000703,103.757167321,248.508910565,234.874592188,272.000000000,0.000000000,0.000000000
point-0000704,103.758148927,248.507283117,234.874759339,272.000000000,0.000000000,0.000000000
point-0000705,103.759130532,248.505657090,234.874939796,272.000000000,0.000000000,0.000000000
point-0000706,103.760112138,248.504032594,234.875133549,272.000000000,0.000000000,0.000000000
point-0000707,103.761093744,248.502409737,234.875340583,272.000000000,0.000000000,0.000000000
point-0000708,103.762075350,248.500788628,234.875560886,272.000000000,0.000000000,0.000000000
point-0000709,103.763056956,248.499169375,234.875794441,272.000000000,0.000000000,0.000000000
point-0000710,104.646126772,247.043332739,235.091861483,272.000000000,0.000000000,0.000000000
point-0000711,104.647108374,247.041715457,235.092108275,272.000000000,0.000000000,0.000000000
point-0000712,104.648089976,247.040100248,235.092368289,272.000000000,0.000000000,0.000000000
point-0000713,104.649071578,247.038487220,235.092641506,272.000000000,0.000000000,0.000000000
point-0000714,104.650053180,247.036876481,235.092927908,272.000000000,0.000000000,0.000000000
point-0000715,104.651034782,247.035268139,235.093227476,272.000000000,0.000000000,0.000000000
point-0000716,104.652016384,247.033662300,235.093540191,272.000000000,0.000000000,0.000000000
point-0000717,104.652997986,247.032059074,235.093866031,272.000000000,0.000000000,0.000000000
point-0000718,104.653979588,247.030458566,235.094204974,272.000000000,0.000000000,0.000000000
point-0000719,104.654961190,247.028860885,235.094556998,272.000000000,0.000000000,0.000000000
point-0000720,104.655942792,247.027266137,235.094922080,272.000000000,0.000000000,0.000000000
point-0000721,104.656924393,247.025674428,235.095300194,272.000000000,0.000000000,0.000000000
point-0000722,104.657905995,247.024085865,235.095691315,272.000000000,0.000000000,0.000000000
point-0000723,105.540974190,245.596435260,235.453393808,272.000000000,0.000000000,0.000000000
point-0000724,105.541955792,245.594849950,235.453797910,272.000000000,0.000000000,0.000000000
point-0000725,105.542937395,245.593267998,235.454214967,272.000000000,0.000000000,0.000000000
point-0000726,105.543918997,245.591689511,235.454644951,272.000000000,0.000000000,0.000000000
point-0000727,105.544900599,245.590114594,235.455087832,272.000000000,0.000000000,0.000000000
point-0000728,105.545882201,245.588543352,235.455543580,272.000000000,0.000000000,0.000000000
point-0000729,105.546863803,245.586975890,235.456012167,272.000000000,0.000000000,0.000000000
point-0000730,105.547845405,245.585412315,235.456493559,272.000000000,0.000000000,0.000000000
point-0000731,105.548827008,245.583852729,235.456987725,272.000000000,0.000000000,0.000000000
point-0000732,105.549808610,245.582297238,235.457494632,272.000000000,0.000000000,0.000000000
point-0000733,105.550790212,245.580745945,235.458014246,272.000000000,0.000000000,0.000000000
point-0000734,105.551771814,245.579198954,235.458546532,272.000000000,0.000000000,0.000000000
point-0000735,105.552753416,245.577656370,235.459091454,272.000000000,0.000000000,0.000000000
point-0000736,106.435827975,244.191924201,235.954989529,272.000000000,0.000000000,0.000000000
point-0000737,106.436809640,244.190386026,235.955547088,272.000000000,0.000000000,0.000000000
point-0000738,106.437791306,244.188852464,235.956117211,272.000000000,0.000000000,0.000000000
point-0000739,106.438772971,244.187323617,235.956699861,272.000000000,0.000000000,0.000000000
point-0000740,106.439754637,244.185799588,235.957294997,272.000000000,0.000000000,0.000000000
point-0000741,106.440736302,244.184280478,235.957902581,272.000000000,0.000000000,0.000000000
point-0000742,106.441717968,244.182766389,235.958522572,272.000000000,0.000000000,0.000000000
point-0000743,106.442699633,244.181257423,235.959154928,272.000000000,0.000000000,0.000000000
point-0000744,106.443681299,244.179753680,235.959799607,272.000000000,0.000000000,0.000000000
point-0000745,106.444662964,244.178255261,235.960456565,272.000000000,0.000000000,0.000000000
point-0000746,106.445644630,244.176762267,235.961125760,272.000000000,0.000000000,0.000000000
point-0000747,106.446626296,244.175274797,235.961807145,272.000000000,0.000000000,0.000000000
point-0000748,106.447607961,244.173792951,235.962500676,272.000000000,0.000000000,0.000000000
point-0000749,107.330796563,242.843163153,236.591907075,272.000000000,0.000000000,0.000000000
point-0000750,107.331778415,242.841686749,236.592612840,272.000000000,0.000000000,0.000000000
point-0000751,107.332760268,242.840216169,236.593330662,272.000000000,0.000000000,0.000000000
point-0000752,107.333742120,242.838751512,236.594060492,272.000000000,0.000000000,0.000000000
point-0000753,107.334723973,242.837292875,236.594802281,272.000000000,0.000000000,0.000000000
point-0000754,107.335705825,242.835840357,236.595555981,272.000000000,0.000000000,0.000000000
point-0000755,107.336687678,242.834394053,236.596321539,272.000000000,0.000000000,0.000000000
point-0000756,107.337669530,242.832954062,236.597098906,272.000000000,0.000000000,0.000000000
point-0000757,107.338651383,242.831520480,236.597888029,272.000000000,0.000000000,0.000000000
point-0000758,107.339633235,242.830093402,236.598688855,272.000000000,0.000000000,0.000000000
point-0000759,107.340615088,242.828672924,236.599501330,272.000000000,0.000000000,0.000000000
point-0000760,107.341596940,242.827259142,236.600325401,272.000000000,0.000000000,0.000000000
point-0000761,107.342578793,242.825852150,236.601161012,272.000000000,0.000000000,0.000000000
point-0000762,108.225998220,241.563000486,237.358172549,272.000000000,0.000000000,0.000000000
point-0000763,108.226980187,241.561600216,237.359019743,272.000000000,0.000000000,0.000000000
point-0000764,108.227962153,241.560206925,237.359878367,272.000000000,0.000000000,0.000000000
point-0000765,108.228944120,241.558820706,237.360748363,272.000000000,0.000000000,0.000000000
point-0000766,108.229926086,241.557441653,237.361629674,272.000000000,0.000000000,0.000000000
point-0000767,108.230908053,241.556069858,237.362522240,272.000000000,0.000000000,0.000000000
point-0000768,108.231890020,241.554705413,237.363426002,272.000000000,0.000000000,0.000000000
point-0000769,108.232871986,241.553348409,237.364340898,272.000000000,0.000000000,0.000000000
point-0000770,108.233853953,241.551998938,237.365266869,272.000000000,0.000000000,0.000000000
point-0000771,108.234835919,241.550657088,237.366203851,272.000000000,0.000000000,0.000000000
point-0000772,108.235817886,241.549322951,237.367151782,272.000000000,0.000000000,0.000000000
point-0000773,108.236799852,241.547996615,237.368110598,272.000000000,0.000000000,0.000000000
point-0000774,108.237781819,241.546678170,237.369080236,272.000000000,0.000000000,0.000000000
point-0000775,109.121184996,240.364148779,238.246237733,272.000000000,0.000000000,0.000000000
point-0000776,109.122166899,240.362838396,238.247218064,272.000000000,0.000000000,0.000000000
point-0000777,109.123148802,240.361536079,238.248209084,272.000000000,0.000000000,0.000000000
point-0000778,109.124130706,240.360241915,238.249210727,272.000000000,0.000000000,0.000000000
point-0000779,109.125112609,240.358955989,238.250222925,272.000000000,0.000000000,0.000000000
point-0000780,109.126094512,240.357678389,238.251245612,272.000000000,0.000000000,0.000000000
point-0000781,109.127076416,240.356409200,238.252278719,272.000000000,0.000000000,0.000000000
point-0000782,109.128058319,240.355148507,238.253322176,272.000000000,0.000000000,0.000000000
point-0000783,109.129040222,240.353896394,238.254375914,272.000000000,0.000000000,0.000000000
point-0000784,109.130022126,240.352652945,238.255439862,272.000000000,0.000000000,0.000000000
point-0000785,109.131004029,240.351418243,238.256513949,272.000000000,0.000000000,0.000000000
point-0000786,109.131985932,240.350192371,238.257598102,272.000000000,0.000000000,0.000000000
point-0000787,109.132967836,240.348975412,238.258692250,272.000000000,0.000000000,0.000000000
point-0000788,110.016286478,239.258236738,239.247456794,272.000000000,0.000000000,0.000000000
point-0000789,110.017268302,239.257028869,239.248560774,272.000000000,0.000000000,0.000000000
point-0000790,110.018250127,239.255830073,239.249674599,272.000000000,0.000000000,0.000000000
point-0000791,110.019231951,239.254640430,239.250798196,272.000000000,0.000000000,0.000000000
point-0000792,110.020213775,239.253460020,239.251931488,272.000000000,0.000000000,0.000000000
point-0000793,110.021195600,239.252288921,239.253074400,272.000000000,0.000000000,0.000000000
point-0000794,110.022177424,239.251127213,239.254226856,272.000000000,0.000000000,0.000000000
point-0000795,110.023159248,239.249974973,239.255388778,272.000000000,0.000000000,0.000000000
point-0000796,110.024141073,239.248832279,239.256560088,272.000000000,0.000000000,0.000000000
point-0000797,110.025122897,239.247699206,239.257740709,272.000000000,0.000000000,0.000000000
point-0000798,110.026104721,239.246575830,239.258930561,272.000000000,0.000000000,0.000000000
point-0000799,110.027086546,239.245462227,239.260129564,272.000000000,0.000000000,0.000000000
point-0000800,110.028068370,239.244358472,239.261337638,272.000000000,0.000000000,0.000000000
point-0000801,110.911343303,238.255845452,240.352205960,272.000000000,0.000000000,0.000000000
point-0000802,110.912325113,238.254751634,240.353423006,272.000000000,0.000000000,0.000000000
point-0000803,110.913306923,238.253667809,240.354648962,272.000000000,0.000000000,0.000000000
point-0000804,110.914288733,238.252594051,240.355883743,272.000000000,0.000000000,0.000000000
point-0000805,110.915270543,238.251530432,240.357127269,272.000000000,0.000000000,0.000000000
point-0000806,110.916252353,238.250477022,240.358379455,272.000000000,0.000000000,0.000000000
point-0000807,110.917234163,238.249433893,240.359640218,272.000000000,0.000000000,0.000000000
point-0000808,110.918215974,238.248401114,240.360909474,272.000000000,0.000000000,0.000000000
point-0000809,110.919197784,238.247378754,240.362187136,272.000000000,0.000000000,0.000000000
point-0000810,110.920179594,238.246366881,240.363473121,272.000000000,0.000000000,0.000000000
point-0000811,110.921161404,238.245365564,240.364767341,272.000000000,0.000000000,0.000000000
point-0000812,110.922143214,238.244374870,240.366069711,272.000000000,0.000000000,0.000000000
point-0000813,110.923125024,238.243394864,240.367380142,272.000000000,0.000000000,0.000000000
point-0000814,111.806434121,237.366539390,241.549938306,272.000000000,0.000000000,0.000000000
point-0000815,111.807415986,237.365570084,241.551256786,272.000000000,0.000000000,0.000000000
point-0000816,111.808397852,237.364611599,241.552583153,272.000000000,0.000000000,0.000000000
point-0000817,111.809379717,237.363663998,241.553917318,272.000000000,0.000000000,0.000000000
point-0000818,111.810361583,237.362727345,241.555259192,272.000000000,0.000000000,0.000000000
point-0000819,111.811343448,237.361801703,241.556608685,272.000000000,0.000000000,0.000000000
point-0000820,111.812325313,237.360887134,241.557965706,272.000000000,0.000000000,0.000000000
point-0000821,111.813307179,237.359983699,241.559330166,272.000000000,0.000000000,0.000000000
point-0000822,111.814289044,237.359091458,241.560701971,272.000000000,0.000000000,0.000000000
point-0000823,111.815270910,237.358210471,241.562081031,272.000000000,0.000000000,0.000000000
point-0000824,111.816252775,237.357340798,241.563467253,272.000000000,0.000000000,0.000000000
point-0000825,111.817234641,237.356482496,241.564860545,272.000000000,0.000000000,0.000000000
point-0000826,111.818216506,237.355635622,241.566260812,272.000000000,0.000000000,0.000000000
point-0000827,112.701609360,236.598856882,242.829200363,272.000000000,0.000000000,0.000000000
point-0000828,112.702591281,236.598021447,242.830607592,272.000000000,0.000000000,0.000000000
point-0000829,112.703573201,236.597197556,242.832021611,272.000000000,0.000000000,0.000000000
point-0000830,112.704555122,236.596385262,242.833442323,272.000000000,0.000000000,0.000000000
point-0000831,112.705537043,236.595584621,242.834869635,272.000000000,0.000000000,0.000000000
point-0000832,112.706518963,236.594795685,242.836303450,272.000000000,0.000000000,0.000000000
point-0000833,112.707500884,236.594018508,242.837743673,272.000000000,0.000000000,0.000000000
point-0000834,112.708482805,236.593253142,242.839190207,272.000000000,0.000000000,0.000000000
point-0000835,112.709464725,236.592499639,242.840642955,272.000000000,0.000000000,0.000000000
point-0000836,112.710446646,236.591758047,242.842101820,272.000000000,0.000000000,0.000000000
point-0000837,112.711428567,236.591028418,242.843566704,272.000000000,0.000000000,0.000000000
point-0000838,112.712410487,236.590310800,242.845037510,272.000000000,0.000000000,0.000000000
point-0000839,112.713392408,236.589605240,242.846514138,272.000000000,0.000000000,0.000000000
point-0000840,113.596819898,235.960259035,244.177612825,272.000000000,0.000000000,0.000000000
point-0000841,113.597801718,235.959565653,244.179095025,272.000000000,0.000000000,0.000000000
point-0000842,113.598783537,235.958884421,244.180582848,272.000000000,0.000000000,0.000000000
point-0000843,113.599765357,235.958215385,244.182076194,272.000000000,0.000000000,0.000000000
point-0000844,113.600747177,235.957558589,244.183574965,272.000000000,0.000000000,0.000000000
point-0000845,113.601728997,235.956914078,244.185079060,272.000000000,0.000000000,0.000000000
point-0000846,113.602710816,235.956281895,244.186588377,272.000000000,0.000000000,0.000000000
point-0000847,113.603692636,235.955662081,244.188102816,272.000000000,0.000000000,0.000000000
point-0000848,113.604674456,235.955054680,244.189622276,272.000000000,0.000000000,0.000000000
point-0000849,113.605656276,235.954459730,244.191146654,272.000000000,0.000000000,0.000000000
point-0000850,113.606638095,235.953877272,244.192675849,272.000000000,0.000000000,0.000000000
point-0000851,113.607619915,235.953307346,244.194209759,272.000000000,0.000000000,0.000000000
point-0000852,113.608601735,235.952749989,244.195748280,272.000000000,0.000000000,0.000000000
point-0000853,114.491835075,235.457024080,245.581823103,272.000000000,0.000000000,0.000000000
point-0000854,114.492816811,235.456479375,245.583366001,272.000000000,0.000000000,0.000000000
point-0000855,114.493798547,235.455947311,245.584913303,272.000000000,0.000000000,0.000000000
point-0000856,114.494780282,235.455427923,245.586464906,272.000000000,0.000000000,0.000000000
point-0000857,114.495762018,235.454921247,245.588020707,272.000000000,0.000000000,0.000000000
point-0000858,114.496743754,235.454427315,245.589580601,272.000000000,0.000000000,0.000000000
point-0000859,114.497725490,235.453946162,245.591144483,272.000000000,0.000000000,0.000000000
point-0000860,114.498707226,235.453477819,245.592712250,272.000000000,0.000000000,0.000000000
point-0000861,114.499688962,235.453022317,245.594283795,272.000000000,0.000000000,0.000000000
point-0000862,114.500670697,235.452579688,245.595859015,272.000000000,0.000000000,0.000000000
point-0000863,114.501652433,235.452149961,245.597437802,272.000000000,0.000000000,0.000000000
point-0000864,114.502634169,235.451733164,245.599020053,272.000000000,0.000000000,0.000000000
point-0000865,114.503615905,235.451329325,245.600605661,272.000000000,0.000000000,0.000000000
point-0000866,115.386914978,235.093821655,247.028701739,272.000000000,0.000000000,0.000000000
point-0000867,115.387896804,235.093430766,247.030290744,272.000000000,0.000000000,0.000000000
point-0000868,115.388878630,235.093052892,247.031882894,272.000000000,0.000000000,0.000000000
point-0000869,115.389860457,235.092688057,247.033478083,272.000000000,0.000000000,0.000000000
point-0000870,115.390842283,235.092336285,247.035076203,272.000000000,0.000000000,0.000000000
point-0000871,115.391824109,235.091997601,247.036677147,272.000000000,0.000000000,0.000000000
point-0000872,115.392805936,235.091672027,247.038280809,272.000000000,0.000000000,0.000000000
point-0000873,115.393787762,235.091359585,247.039887081,272.000000000,0.000000000,0.000000000
point-0000874,115.394769589,235.091060295,247.041495856,272.000000000,0.000000000,0.000000000
point-0000875,115.395751415,235.090774178,247.043107026,272.000000000,0.000000000,0.000000000
point-0000876,115.396733241,235.090501253,247.044720483,272.000000000,0.000000000,0.000000000
point-0000877,115.397715068,235.090241538,247.046336118,272.000000000,0.000000000,0.000000000
point-0000878,115.398696894,235.089995051,247.047953825,272.000000000,0.000000000,0.000000000
point-0000879,116.282116811,234.874169103,248.504416097,272.000000000,0.000000000,0.000000000
point-0000880,116.283098658,234.873935854,248.506035802,272.000000000,0.000000000,0.000000000
point-0000881,116.284080506,234.873715866,248.507657361,272.000000000,0.000000000,0.000000000
point-0000882,116.285062354,234.873509153,248.509280665,272.000000000,0.000000000,0.000000000
point-0000883,116.286044202,234.873315729,248.510905606,272.000000000,0.000000000,0.000000000
point-0000884,116.287026049,234.873135606,248.512532076,272.000000000,0.000000000,0.000000000
point-0000885,116.288007897,234.872968798,248.514159965,272.000000000,0.000000000,0.000000000
point-0000886,116.288989745,234.872815314,248.515789164,272.000000000,0.000000000,0.000000000
point-0000887,116.289971593,234.872675165,248.517419564,272.000000000,0.000000000,0.000000000
point-0000888,116.290953440,234.872548361,248.519051057,272.000000000,0.000000000,0.000000000
point-0000889,116.291935288,234.872434910,248.520683532,272.000000000,0.000000000,0.000000000
point-0000890,116.292917136,234.872334820,248.522316881,272.000000000,0.000000000,0.000000000
point-0000891,116.293898984,234.872248097,248.523950995,272.000000000,0.000000000,0.000000000
point-0000892,117.177260403,234.800239562,249.994458007,272.000000000,0.000000000,0.000000000
point-0000893,117.178242163,234.800166218,249.996092629,272.000000000,0.000000000,0.000000000
point-0000894,117.179223922,234.800106250,249.997727796,272.000000000,0.000000000,0.000000000
point-0000895,117.180205682,234.800059662,249.999363398,272.000000000,0.000000000,0.000000000
point-0000896,117.181187442,234.800026457,250.000999328,272.000000000,0.000000000,0.000000000
point-0000897,117.182169201,234.800006637,250.002635474,272.000000000,0.000000000,0.000000000
point-0000898,117.183150961,234.800000203,250.004271727,272.000000000,0.000000000,0.000000000
point-0000899,117.328986379,234.606784172,250.151734460,272.000000000,0.000000000,0.000000000
point-0000900,117.448374957,234.407803209,250.151734460,272.000000000,0.000000000,0.000000000
point-0000901,117.748433875,234.417713098,249.651734460,272.000000000,0.000000000,0.000000000
point-0000902,117.867875561,234.616782575,249.651734460,272.000000000,0.000000000,0.000000000
point-0000903,118.168235032,234.641266829,249.151734460,272.000000000,0.000000000,0.000000000
point-0000904,118.287648868,234.442243770,249.151734460,272.000000000,0.000000000,0.000000000
point-0000905,118.588009703,234.466774442,248.651734460,272.000000000,0.000000000,0.000000000
point-0000906,118.707395688,234.665751084,248.651734460,272.000000000,0.000000000,0.000000000
point-0000907,119.009441795,234.724247295,248.151734460,272.000000000,0.000000000,0.000000000
point-0000908,119.130046682,234.523239149,248.151734460,272.000000000,0.000000000,0.000000000
point-0000909,119.433327065,234.597382231,247.651734460,272.000000000,0.000000000,0.000000000
point-0000910,119.553901622,234.798339825,247.651734460,272.000000000,0.000000000,0.000000000
point-0000911,119.857177557,234.872432354,247.151734460,272.000000000,0.000000000,0.000000000
point-0000912,119.977721782,234.671525312,247.151734460,272.000000000,0.000000000,0.000000000
point-0000913,120.284329172,234.777041127,246.651734460,272.000000000,0.000000000,0.000000000
point-0000914,120.407316149,234.982019422,246.651734460,272.000000000,0.000000000,0.000000000
point-0000915,120.711108451,234.902266972,246.151734460,272.000000000,0.000000000,0.000000000
point-0000916,120.834061521,235.107188756,246.151734460,272.000000000,0.000000000,0.000000000
point-0000917,121.137848485,235.027492817,245.651734460,272.000000000,0.000000000,0.000000000
point-0000918,121.260767648,235.232358090,245.651734460,272.000000000,0.000000000,0.000000000
point-0000919,121.561985642,235.187256979,245.151734460,272.000000000,0.000000000,0.000000000
point-0000920,121.688694108,235.398437755,245.151734460,272.000000000,0.000000000,0.000000000
point-0000921,121.989319189,235.366143988,244.651734460,272.000000000,0.000000000,0.000000000
point-0000922,122.115989637,235.577261402,244.651734460,272.000000000,0.000000000,0.000000000
point-0000923,122.416612270,235.545030997,244.151734460,272.000000000,0.000000000,0.000000000
point-0000924,122.543244700,235.756085048,244.151734460,272.000000000,0.000000000,0.000000000
point-0000925,122.843325960,235.767723390,243.651734460,272.000000000,0.000000000,0.000000000
point-0000926,122.975292585,235.987667764,243.651734460,272.000000000,0.000000000,0.000000000
point-0000927,123.275456447,236.004195899,243.151734460,272.000000000,0.000000000,0.000000000
point-0000928,123.407380186,236.224068796,243.151734460,272.000000000,0.000000000,0.000000000
point-0000929,123.707545468,236.240668407,242.651734460,272.000000000,0.000000000,0.000000000
point-0000930,123.846368516,236.472040153,242.651734460,272.000000000,0.000000000,0.000000000
point-0000931,124.149115865,236.539862580,242.151734460,272.000000000,0.000000000,0.000000000
point-0000932,124.288188433,236.771650194,242.151734460,272.000000000,0.000000000,0.000000000
point-0000933,124.590942497,236.839555833,241.651734460,272.000000000,0.000000000,0.000000000
point-0000934,124.729965139,237.071260235,241.651734460,272.000000000,0.000000000,0.000000000
point-0000935,125.035218569,237.165240972,241.151734460,272.000000000,0.000000000,0.000000000
point-0000936,125.183766667,237.412821136,241.151734460,272.000000000,0.000000000,0.000000000
point-0000937,125.492748698,237.536085705,240.651734460,272.000000000,0.000000000,0.000000000
point-0000938,125.641237064,237.783566314,240.651734460,272.000000000,0.000000000,0.000000000
point-0000939,125.950233398,237.906930439,240.151734460,272.000000000,0.000000000,0.000000000
point-0000940,126.106639468,238.167607222,240.151734460,272.000000000,0.000000000,0.000000000
point-0000941,126.426467673,238.352374953,239.651734460,272.000000000,0.000000000,0.000000000
point-0000942,126.587458275,238.620692622,239.651734460,272.000000000,0.000000000,0.000000000
point-0000943,126.907311897,238.805582527,239.151734460,272.000000000,0.000000000,0.000000000
point-0000944,127.068229194,239.073778022,239.151734460,272.000000000,0.000000000,0.000000000
point-0000945,127.403040861,239.321539400,238.651734460,272.000000000,0.000000000,0.000000000
point-0000946,127.580684617,239.617612328,238.651734460,272.000000000,0.000000000,0.000000000
point-0000947,127.917623955,239.873260292,238.151734460,272.000000000,0.000000000,0.000000000
point-0000948,128.095175039,240.169178765,238.151734460,272.000000000,0.000000000,0.000000000
point-0000949,128.453622145,240.496135812,237.651734460,272.000000000,0.000000000,0.000000000
point-0000950,128.653889340,240.829914470,237.651734460,272.000000000,0.000000000,0.000000000
point-0000951,129.016845130,241.170408008,237.151734460,272.000000000,0.000000000,0.000000000
point-0000952,129.225632894,241.518387615,237.151734460,272.000000000,0.000000000,0.000000000
point-0000953,129.628203659,241.965797508,236.651734460,272.000000000,0.000000000,0.000000000
point-0000954,129.860219711,242.352490929,236.651734460,272.000000000,0.000000000,0.000000000
point-0000955,130.279566650,242.840832382,236.151734460,272.000000000,0.000000000,0.000000000
point-0000956,130.558665432,243.305997019,236.151734460,272.000000000,0.000000000,0.000000000
point-0000957,131.023747031,243.898310969,235.651734460,272.000000000,0.000000000,0.000000000
point-0000958,131.352210925,244.445750793,235.651734460,272.000000000,0.000000000,0.000000000
point-0000959,131.922007925,245.253127583,235.151734460,272.000000000,0.000000000,0.000000000
point-0000960,132.356631842,245.977500777,235.151734460,272.000000000,0.000000000,0.000000000
point-0000961,133.200308657,247.291729077,234.651734460,272.000000000,0.000000000,0.000000000
point-0000962,134.203379483,248.963513787,234.651734460,272.000000000,0.000000000,0.000000000
point-0000963,135.447791460,251.037533749,234.651734460,272.000000000,0.000000000,0.000000000
point-0000964,136.449896852,252.707709401,234.651734460,272.000000000,0.000000000,0.000000000
point-0000965,137.293994829,254.022688695,235.151734460,272.000000000,0.000000000,0.000000000
point-0000966,137.728690690,254.747181797,235.151734460,272.000000000,0.000000000,0.000000000
point-0000967,138.298422192,255.554430182,235.651734460,272.000000000,0.000000000,0.000000000
point-0000968,138.626955677,256.101985991,235.651734460,272.000000000,0.000000000,0.000000000
point-0000969,139.091924442,256.694053819,236.151734460,272.000000000,0.000000000,0.000000000
point-0000970,139.370839320,257.158911948,236.151734460,272.000000000,0.000000000,0.000000000
point-0000971,139.790258403,257.647425475,236.651734460,272.000000000,0.000000000,0.000000000
point-0000972,140.022330088,258.034211615,236.651734460,272.000000000,0.000000000,0.000000000
point-0000973,140.424994139,258.481854634,237.151734460,272.000000000,0.000000000,0.000000000
point-0000974,140.633738628,258.829762117,237.151734460,272.000000000,0.000000000,0.000000000
point-0000975,140.996644194,259.170106917,237.651734460,272.000000000,0.000000000,0.000000000
point-0000976,141.196866473,259.503810714,237.651734460,272.000000000,0.000000000,0.000000000
point-0000977,141.555260214,259.830605222,238.151734460,272.000000000,0.000000000,0.000000000
point-0000978,141.733002661,260.126842634,238.151734460,272.000000000,0.000000000,0.000000000
point-0000979,142.069915842,260.382394821,238.651734460,272.000000000,0.000000000,0.000000000
point-0000980,142.247529859,260.678418182,238.651734460,272.000000000,0.000000000,0.000000000
point-0000981,142.582304948,260.926042228,239.151734460,272.000000000,0.000000000,0.000000000
point-0000982,142.743382490,261.194504797,239.151734460,272.000000000,0.000000000,0.000000000
point-0000983,143.063210655,261.379272330,239.651734460,272.000000000,0.000000000,0.000000000
point-0000984,143.224215300,261.647613406,239.651734460,272.000000000,0.000000000,0.000000000
point-0000985,143.544068740,261.832502431,240.151734460,272.000000000,0.000000000,0.000000000
point-0000986,143.700461771,262.093157483,240.151734460,272.000000000,0.000000000,0.000000000
point-0000987,144.009437893,262.216380904,240.651734460,272.000000000,0.000000000,0.000000000
point-0000988,144.157970940,262.463935983,240.651734460,272.000000000,0.000000000,0.000000000
point-0000989,144.466953952,262.587207383,241.151734460,272.000000000,0.000000000,0.000000000
point-0000990,144.615458212,262.834714482,241.151734460,272.000000000,0.000000000,0.000000000
point-0000991,144.920710868,262.928688240,241.651734460,272.000000000,0.000000000,0.000000000
point-0000992,145.059789112,263.160485313,241.651734460,272.000000000,0.000000000,0.000000000
point-0000993,145.362539469,263.228345030,242.151734460,272.000000000,0.000000000,0.000000000
point-0000994,145.501616874,263.460140705,242.151734460,272.000000000,0.000000000,0.000000000
point-0000995,145.804367344,263.528001820,242.651734460,272.000000000,0.000000000,0.000000000
point-0000996,145.943185129,263.759364795,242.651734460,272.000000000,0.000000000,0.000000000
point-0000997,146.243349329,263.775909966,243.151734460,272.000000000,0.000000000,0.000000000
point-0000998,146.375298400,263.995825084,243.151734460,272.000000000,0.000000000,0.000000000
point-0000999,146.675462065,264.012343233,243.651734460,272.000000000,0.000000000,0.000000000
point-0001000,146.807427349,264.232285374,243.651734460,272.000000000,0.000000000,0.000000000
point-0001001,147.107507974,264.243878132,244.151734460,272.000000000,0.000000000,0.000000000
point-0001002,147.234162954,264.454969766,244.151734460,272.000000000,0.000000000,0.000000000
point-0001003,147.534786324,264.422720279,244.651734460,272.000000000,0.000000000,0.000000000
point-0001004,147.661467827,264.633856117,244.651734460,272.000000000,0.000000000,0.000000000
point-0001005,147.962092905,264.601562426,245.151734460,272.000000000,0.000000000,0.000000000
point-0001006,148.088800930,264.812742467,245.151734460,272.000000000,0.000000000,0.000000000
point-0001007,148.390019608,264.767628654,245.651734460,272.000000000,0.000000000,0.000000000
point-0001008,148.512947343,264.972508212,245.651734460,272.000000000,0.000000000,0.000000000
point-0001009,148.816735668,264.892797860,246.151734460,272.000000000,0.000000000,0.000000000
point-0001010,148.939697457,265.097734176,246.151734460,272.000000000,0.000000000,0.000000000
point-0001011,149.243491145,265.017967066,246.651734460,272.000000000,0.000000000,0.000000000
point-0001012,149.366486990,265.222960140,246.651734460,272.000000000,0.000000000,0.000000000
point-0001013,149.671897094,265.127575946,247.151734460,272.000000000,0.000000000,0.000000000
point-0001014,149.792437095,265.328475947,247.151734460,272.000000000,0.000000000,0.000000000
point-0001015,150.095718013,265.402625101,247.651734460,272.000000000,0.000000000,0.000000000
point-0001016,150.216303229,265.201649740,247.651734460,272.000000000,0.000000000,0.000000000
point-0001017,150.519577517,265.275723535,248.151734460,272.000000000,0.000000000,0.000000000
point-0001018,150.640207950,265.476774256,248.151734460,272.000000000,0.000000000,0.000000000
point-0001019,150.942113194,265.533214398,248.651734460,272.000000000,0.000000000,0.000000000
point-0001020,151.061474489,265.334278907,248.651734460,272.000000000,0.000000000,0.000000000
point-0001021,151.361832785,265.358723063,249.151734460,272.000000000,0.000000000,0.000000000
point-0001022,151.481255424,265.557760795,249.151734460,272.000000000,0.000000000,0.000000000
point-0001023,151.781616722,265.582307192,249.651734460,272.000000000,0.000000000,0.000000000
point-0001024,151.901100706,265.383167219,249.651734460,272.000000000,0.000000000,0.000000000
point-0001025,152.201162035,265.393277880,250.151734460,272.000000000,0.000000000,0.000000000
point-0001026,152.320498785,265.592172463,250.151734460,272.000000000,0.000000000,0.000000000
point-0001027,152.620860995,265.567595080,250.651734460,272.000000000,0.000000000,0.000000000
point-0001028,152.740272385,265.368576096,250.651734460,272.000000000,0.000000000,0.000000000
point-0001029,153.040638269,265.343874311,251.151734460,272.000000000,0.000000000,0.000000000
point-0001030,153.160124300,265.543017696,251.151734460,272.000000000,0.000000000,0.000000000
point-0001031,153.460923249,265.506502567,251.651734460,272.000000000,0.000000000,0.000000000
point-0001032,153.581407955,265.305694724,251.651734460,272.000000000,0.000000000,0.000000000
point-0001033,153.884702843,265.231387006,252.151734460,272.000000000,0.000000000,0.000000000
point-0001034,154.005263906,265.432322112,252.151734460,272.000000000,0.000000000,0.000000000
point-0001035,154.308547579,265.358141656,252.651734460,272.000000000,0.000000000,0.000000000
point-0001036,154.429185000,265.157079289,252.651734460,272.000000000,0.000000000,0.000000000
point-0001037,154.733871602,265.068354913,253.151734460,272.000000000,0.000000000,0.000000000
point-0001038,154.856746959,265.273147175,253.151734460,272.000000000,0.000000000,0.000000000
point-0001039,155.166017213,265.147890883,253.651734460,272.000000000,0.000000000,0.000000000
point-0001040,155.288963621,264.942980203,253.651734460,272.000000000,0.000000000,0.000000000
point-0001041,155.592746662,265.022634590,254.151734460,272.000000000,0.000000000,0.000000000
point-0001042,155.715764120,264.817605492,254.151734460,272.000000000,0.000000000,0.000000000
point-0001043,156.018431471,264.884428750,254.651734460,272.000000000,0.000000000,0.000000000
point-0001044,156.145043667,264.673408423,254.651734460,272.000000000,0.000000000,0.000000000
point-0001045,156.445661600,264.705516817,255.151734460,272.000000000,0.000000000,0.000000000
point-0001046,156.572342569,264.494381868,255.151734460,272.000000000,0.000000000,0.000000000
point-0001047,156.872964917,264.526604883,255.651734460,272.000000000,0.000000000,0.000000000
point-0001048,156.999714659,264.315355314,255.651734460,272.000000000,0.000000000,0.000000000
point-0001049,157.299796609,264.327043031,256.151734460,272.000000000,0.000000000,0.000000000
point-0001050,157.431687783,264.107224409,256.151734460,272.000000000,0.000000000,0.000000000
point-0001051,157.731854419,264.090556941,256.651734460,272.000000000,0.000000000,0.000000000
point-0001052,157.863813399,263.870625309,256.651734460,272.000000000,0.000000000,0.000000000
point-0001053,158.163977784,263.854070852,257.151734460,272.000000000,0.000000000,0.000000000
point-0001054,158.296004570,263.634026209,257.151734460,272.000000000,0.000000000,0.000000000
point-0001055,158.597734278,263.580256721,257.651734460,272.000000000,0.000000000,0.000000000
point-0001056,158.736771710,263.348527668,257.651734460,272.000000000,0.000000000,0.000000000
point-0001057,159.039530338,263.280565530,258.151734460,272.000000000,0.000000000,0.000000000
point-0001058,159.178632668,263.048728313,258.151734460,272.000000000,0.000000000,0.000000000
point-0001059,159.481382562,262.980874339,258.651734460,272.000000000,0.000000000,0.000000000
point-0001060,159.628304980,262.736003642,258.651734460,272.000000000,0.000000000,0.000000000
point-0001061,159.937306354,262.612604462,259.151734460,272.000000000,0.000000000,0.000000000
point-0001062,160.085825014,262.365073361,259.151734460,272.000000000,0.000000000,0.000000000
point-0001063,160.394811378,262.241778624,259.651734460,272.000000000,0.000000000,0.000000000
point-0001064,160.543392705,261.994143080,259.651734460,272.000000000,0.000000000,0.000000000
point-0001065,160.859257878,261.829397423,260.151734460,272.000000000,0.000000000,0.000000000
point-0001066,161.020246281,261.561083418,260.151734460,272.000000000,0.000000000,0.000000000
point-0001067,161.340092328,261.376229919,260.651734460,272.000000000,0.000000000,0.000000000
point-0001068,161.501144049,261.107810384,260.651734460,272.000000000,0.000000000,0.000000000
point-0001069,161.826064391,260.899822479,261.151734460,272.000000000,0.000000000,0.000000000
point-0001070,162.003691753,260.603776876,261.151734460,272.000000000,0.000000000,0.000000000
point-0001071,162.340619504,260.348171332,261.651734460,272.000000000,0.000000000,0.000000000
point-0001072,162.518311953,260.052017252,261.651734460,272.000000000,0.000000000,0.000000000
point-0001073,162.861421209,259.774508685,262.151734460,272.000000000,0.000000000,0.000000000
point-0001074,163.061694371,259.440720082,262.151734460,272.000000000,0.000000000,0.000000000
point-0001075,163.424608022,259.100351335,262.651734460,272.000000000,0.000000000,0.000000000
point-0001076,163.624943768,258.766458425,262.651734460,272.000000000,0.000000000,0.000000000
point-0001077,164.008070276,258.369295147,263.151734460,272.000000000,0.000000000,0.000000000
point-0001078,164.240180559,257.982444675,263.151734460,272.000000000,0.000000000,0.000000000
point-0001079,164.642726055,257.535097938,263.651734460,272.000000000,0.000000000,0.000000000
point-0001080,164.892577082,257.118679560,263.651734460,272.000000000,0.000000000,0.000000000
point-0001081,165.357504774,256.526701337,264.151734460,272.000000000,0.000000000,0.000000000
point-0001082,165.636667348,256.061430379,264.151734460,272.000000000,0.000000000,0.000000000
point-0001083,166.178795635,255.308836570,264.651734460,272.000000000,0.000000000,0.000000000
point-0001084,166.533105358,254.718320364,264.651734460,272.000000000,0.000000000,0.000000000
point-0001085,167.242220720,253.647437295,265.151734460,272.000000000,0.000000000,0.000000000
point-0001086,167.805943884,252.707898689,265.151734460,272.000000000,0.000000000,0.000000000
point-0001087,171.055421851,247.292102078,265.151734460,272.000000000,0.000000000,0.000000000
point-0001088,171.619145453,246.352562740,265.151734460,272.000000000,0.000000000,0.000000000
point-0001089,172.328261122,245.281679108,264.651734460,272.000000000,0.000000000,0.000000000
point-0001090,172.682570582,244.691163342,264.651734460,272.000000000,0.000000000,0.000000000
point-0001091,173.224699231,243.938568807,264.151734460,272.000000000,0.000000000,0.000000000
point-0001092,173.503863287,243.473295380,264.151734460,272.000000000,0.000000000,0.000000000
point-0001093,173.968789944,242.881319413,263.651734460,272.000000000,0.000000000,0.000000000
point-0001094,174.218639865,242.464902878,263.651734460,272.000000000,0.000000000,0.000000000
point-0001095,174.621185260,242.017556395,263.151734460,272.000000000,0.000000000,0.000000000
point-0001096,174.853311431,241.630679444,263.151734460,272.000000000,0.000000000,0.000000000
point-0001097,175.236428473,241.233541532,262.651734460,272.000000000,0.000000000,0.000000000
point-0001098,175.436764430,240.899648270,262.651734460,272.000000000,0.000000000,0.000000000
point-0001099,175.799676805,240.559283301,262.151734460,272.000000000,0.000000000,0.000000000
point-0001100,175.999979913,240.225444789,262.151734460,272.000000000,0.000000000,0.000000000
point-0001101,176.343076173,239.947980858,261.651734460,272.000000000,0.000000000,0.000000000
point-0001102,176.520765762,239.651831543,261.651734460,272.000000000,0.000000000,0.000000000
point-0001103,176.857693379,239.396226490,261.151734460,272.000000000,0.000000000,0.000000000
point-0001104,177.035354086,239.100125313,261.151734460,272.000000000,0.000000000,0.000000000
point-0001105,177.360263078,238.892186665,260.651734460,272.000000000,0.000000000,0.000000000
point-0001106,177.521303748,238.623785549,260.651734460,272.000000000,0.000000000,0.000000000
point-0001107,177.841152545,238.438918831,260.151734460,272.000000000,0.000000000,0.000000000
point-0001108,178.002167004,238.170561399,260.151734460,272.000000000,0.000000000,0.000000000
point-0001109,178.318025234,238.005852721,259.651734460,272.000000000,0.000000000,0.000000000
point-0001110,178.466582603,237.758257106,259.651734460,272.000000000,0.000000000,0.000000000
point-0001111,178.775573740,237.634929150,259.151734460,272.000000000,0.000000000,0.000000000
point-0001112,178.924106636,237.387374323,259.151734460,272.000000000,0.000000000,0.000000000
point-0001113,179.233103634,237.264005579,258.651734460,272.000000000,0.000000000,0.000000000
point-0001114,179.379990367,237.019194359,258.651734460,272.000000000,0.000000000,0.000000000
point-0001115,179.682746032,236.951268896,258.151734460,272.000000000,0.000000000,0.000000000
point-0001116,179.821841825,236.719442573,258.151734460,272.000000000,0.000000000,0.000000000
point-0001117,180.124600639,236.651478135,257.651734460,272.000000000,0.000000000,0.000000000
point-0001118,180.263673048,236.419690788,257.651734460,272.000000000,0.000000000,0.000000000
point-0001119,180.565399903,236.365965788,257.151734460,272.000000000,0.000000000,0.000000000
point-0001120,180.697385583,236.145989655,257.151734460,272.000000000,0.000000000,0.000000000
point-0001121,180.997550965,236.129385059,256.651734460,272.000000000,0.000000000,0.000000000
point-0001122,181.129513680,235.909447200,256.651734460,272.000000000,0.000000000,0.000000000
point-0001123,181.429679825,235.892804331,256.151734460,272.000000000,0.000000000,0.000000000
point-0001124,181.561619576,235.672904746,256.151734460,272.000000000,0.000000000,0.000000000
point-0001125,181.861701988,235.684625303,255.651734460,272.000000000,0.000000000,0.000000000
point-0001126,181.988413500,235.473439449,255.651734460,272.000000000,0.000000000,0.000000000
point-0001127,182.289034787,235.505634952,255.151734460,272.000000000,0.000000000,0.000000000
point-0001128,182.415723128,235.294487716,255.151734460,272.000000000,0.000000000,0.000000000
point-0001129,182.716342927,235.326644601,254.651734460,272.000000000,0.000000000,0.000000000
point-0001130,182.843008099,235.115535982,254.651734460,272.000000000,0.000000000,0.000000000
point-0001131,183.145675742,235.182362920,254.151734460,272.000000000,0.000000000,0.000000000
point-0001132,183.268660695,234.977387998,254.151734460,272.000000000,0.000000000,0.000000000
point-0001133,183.572443410,235.057038930,253.651734460,272.000000000,0.000000000,0.000000000
point-0001134,183.695404568,234.852103666,253.651734460,272.000000000,0.000000000,0.000000000
point-0001135,183.999183540,234.931714939,253.151734460,272.000000000,0.000000000,0.000000000
point-0001136,184.122120904,234.726819333,253.151734460,272.000000000,0.000000000,0.000000000
point-0001137,184.426419226,234.641877050,252.651734460,272.000000000,0.000000000,0.000000000
point-0001138,184.547021626,234.842881051,252.651734460,272.000000000,0.000000000,0.000000000
point-0001139,184.850311168,234.768633983,252.151734460,272.000000000,0.000000000,0.000000000
point-0001140,184.970888816,234.567671235,252.151734460,272.000000000,0.000000000,0.000000000
point-0001141,185.274174723,234.493465421,251.651734460,272.000000000,0.000000000,0.000000000
point-0001142,185.394727620,234.694386916,251.651734460,272.000000000,0.000000000,0.000000000
point-0001143,185.695607203,234.656070844,251.151734460,272.000000000,0.000000000,0.000000000
point-0001144,185.815047912,234.457002996,251.151734460,272.000000000,0.000000000,0.000000000
point-0001145,186.115410786,234.432403103,250.651734460,272.000000000,0.000000000,0.000000000
point-0001146,186.234825429,234.631427508,250.651734460,272.000000000,0.000000000,0.000000000
point-0001147,186.757301046,234.200241097,250.009583233,272.400000000,0.000000000,0.000000000
point-0001148,187.687737953,234.276171759,248.460715125,272.400000000,0.000000000,0.000000000
point-0001149,188.618172378,234.503510579,246.926745727,272.400000000,0.000000000,0.000000000
point-0001150,189.548606775,234.880078829,245.422438158,272.400000000,0.000000000,0.000000000
point-0001151,190.479046948,235.402264071,243.962267847,272.400000000,0.000000000,0.000000000
point-0001152,191.409483442,236.065042139,242.560311720,272.400000000,0.000000000,0.000000000
point-0001153,192.339921972,236.862042043,241.230064590,272.400000000,0.000000000,0.000000000
point-0001154,193.270354337,237.785587042,239.984352328,272.400000000,0.000000000,0.000000000
point-0001155,194.200782430,238.826787444,238.835172601,272.400000000,0.000000000,0.000000000
point-0001156,195.131210301,239.975622803,237.793592795,272.400000000,0.000000000,0.000000000
point-0001157,196.061635626,241.221026914,236.869651986,272.400000000,0.000000000,0.000000000
point-0001158,196.992060763,242.551007990,236.072251596,272.400000000,0.000000000,0.000000000
point-0001159,197.922527731,243.952819962,235.409049920,272.400000000,0.000000000,0.000000000
point-0001160,198.852995828,245.412901361,234.886477994,272.400000000,0.000000000,0.000000000
point-0001161,199.783451009,246.917161653,234.509578382,272.400000000,0.000000000,0.000000000
point-0001162,200.713919129,248.451148438,234.281973957,272.400000000,0.000000000,0.000000000
point-0001163,201.644384579,250.000055432,234.205865154,272.400000000,0.000000000,0.000000000
point-0001164,202.574832931,251.548933499,234.281982022,272.400000000,0.000000000,0.000000000
point-0001165,203.505285810,253.082894154,234.509589480,272.400000000,0.000000000,0.000000000
point-0001166,204.435730975,254.587137096,234.886489653,272.400000000,0.000000000,0.000000000
point-0001167,205.366187202,256.047198866,235.409057717,272.400000000,0.000000000,0.000000000
point-0001168,206.296627600,257.448970882,236.072240300,272.400000000,0.000000000,0.000000000
point-0001169,207.227052831,258.778953294,236.869638766,272.400000000,0.000000000,0.000000000
point-0001170,208.157479122,260.024360024,237.793578746,272.400000000,0.000000000,0.000000000
point-0001171,209.087907263,261.173197197,238.835157222,272.400000000,0.000000000,0.000000000
point-0001172,210.018336083,262.214399952,239.984336453,272.400000000,0.000000000,0.000000000
point-0001173,210.948771806,263.137949669,241.230052183,272.400000000,0.000000000,0.000000000
point-0001174,211.879211226,263.934951529,242.560299871,272.400000000,0.000000000,0.000000000
point-0001175,212.809649748,264.597732083,243.962258560,272.400000000,0.000000000,0.000000000
point-0001176,213.740091060,265.119918806,245.422430358,272.400000000,0.000000000,0.000000000
point-0001177,214.670525871,265.496487966,246.926738411,272.400000000,0.000000000,0.000000000
point-0001178,215.600960437,265.723827533,248.460707935,272.400000000,0.000000000,0.000000000
point-0001179,216.531397411,265.799758904,250.009576121,272.400000000,0.000000000,0.000000000
point-0001180,217.461829691,265.723560986,251.558423384,272.400000000,0.000000000,0.000000000
point-0001181,218.392263322,265.495976749,253.092355052,272.400000000,0.000000000,0.000000000
point-0001182,219.322702577,265.119201765,254.596619202,272.400000000,0.000000000,0.000000000
point-0001183,220.253140841,264.596869425,256.056733521,272.400000000,0.000000000,0.000000000
point-0001184,221.183579716,263.934008397,257.458654815,272.400000000,0.000000000,0.000000000
point-0001185,222.114021209,263.136994585,258.788899368,272.400000000,0.000000000,0.000000000
point-0001186,223.044459893,262.213497589,260.034660327,272.400000000,0.000000000,0.000000000
point-0001187,223.974899618,261.172392257,261.183952343,272.400000000,0.000000000,0.000000000
point-0001188,224.905330488,260.023698323,262.225695556,272.400000000,0.000000000,0.000000000
point-0001189,225.835759530,258.778450673,263.149857620,272.400000000,0.000000000,0.000000000
point-0001190,226.766186142,257.448623514,263.947519448,272.400000000,0.000000000,0.000000000
point-0001191,227.696635103,256.046971118,264.610988177,272.400000000,0.000000000,0.000000000
point-0001192,228.627094522,254.586999726,265.133824463,272.400000000,0.000000000,0.000000000
point-0001193,229.557538933,253.082813136,265.510944306,272.400000000,0.000000000,0.000000000
point-0001194,230.487990976,251.548875206,265.738695383,272.400000000,0.000000000,0.000000000
point-0001195,231.418438993,249.999999999,265.814859035,272.400000000,0.000000000,0.000000000
point-0001196,232.348886849,248.451125057,265.738695409,272.400000000,0.000000000,0.000000000
point-0001197,233.279338723,246.917187401,265.510944413,272.400000000,0.000000000,0.000000000
point-0001198,234.209782974,245.413001054,265.133824700,272.400000000,0.000000000,0.000000000
point-0001199,235.140242245,243.953029863,264.610988584,272.400000000,0.000000000,0.000000000
point-0001200,236.070691042,242.551377663,263.947520078,272.400000000,0.000000000,0.000000000
point-0001201,237.001117466,241.221550697,263.149858536,272.400000000,0.000000000,0.000000000
point-0001202,237.931546321,239.976303193,262.225696800,272.400000000,0.000000000,0.000000000
point-0001203,238.861977004,238.827609350,261.183953951,272.400000000,0.000000000,0.000000000
point-0001204,239.792416541,237.786504052,260.034662327,272.400000000,0.000000000,0.000000000
point-0001205,240.722855037,236.863007026,258.788901779,272.400000000,0.000000000,0.000000000
point-0001206,241.653296344,236.065993116,257.458657646,272.400000000,0.000000000,0.000000000
point-0001207,242.583734678,235.403132149,256.056737321,272.400000000,0.000000000,0.000000000
point-0001208,243.514172351,234.880799714,254.596624082,272.400000000,0.000000000,0.000000000
point-0001209,244.444610920,234.504024469,253.092361178,272.400000000,0.000000000,0.000000000
point-0001210,245.375044047,234.276439709,251.558430436,272.400000000,0.000000000,0.000000000
point-0001211,246.305476311,234.200241097,250.009583233,272.400000000,0.000000000,0.000000000
point-0001212,246.665331692,234.800000062,250.009527090,272.400000000,0.000000000,0.000000000
point-0001213,246.666313094,234.800006893,250.011162745,272.400000000,0.000000000,0.000000000
point-0001214,246.667294495,234.800027099,250.012798289,272.400000000,0.000000000,0.000000000
point-0001215,246.668275897,234.800060681,250.014433614,272.400000000,0.000000000,0.000000000
point-0001216,246.669257298,234.800107636,250.016068609,272.400000000,0.000000000,0.000000000
point-0001217,246.670238700,234.800167961,250.017703165,272.400000000,0.000000000,0.000000000
point-0001218,246.671220101,234.800241652,250.019337173,272.400000000,0.000000000,0.000000000
point-0001219,247.554541183,234.872581162,251.489760630,272.400000000,0.000000000,0.000000000
point-0001220,247.555522528,234.872668208,251.491393888,272.400000000,0.000000000,0.000000000
point-0001221,247.556503874,234.872768608,251.493026380,272.400000000,0.000000000,0.000000000
point-0001222,247.557485220,234.872882354,251.494657997,272.400000000,0.000000000,0.000000000
point-0001223,247.558466566,234.873009440,251.496288628,272.400000000,0.000000000,0.000000000
point-0001224,247.559447912,234.873149857,251.497918166,272.400000000,0.000000000,0.000000000
point-0001225,247.560429258,234.873303595,251.499546501,272.400000000,0.000000000,0.000000000
point-0001226,247.561410603,234.873470644,251.501173524,272.400000000,0.000000000,0.000000000
point-0001227,247.562391949,234.873650993,251.502799127,272.400000000,0.000000000,0.000000000
point-0001228,247.563373295,234.873844630,251.504423201,272.400000000,0.000000000,0.000000000
point-0001229,247.564354641,234.874051542,251.506045636,272.400000000,0.000000000,0.000000000
point-0001230,247.565335987,234.874271715,251.507666326,272.400000000,0.000000000,0.000000000
point-0001231,247.566317333,234.874505134,251.509285160,272.400000000,0.000000000,0.000000000
point-0001232,248.449641538,235.090565654,252.965551390,272.400000000,0.000000000,0.000000000
point-0001233,248.450622839,235.090812292,252.967168186,272.400000000,0.000000000,0.000000000
point-0001234,248.451604139,235.091072143,252.968782912,272.400000000,0.000000000,0.000000000
point-0001235,248.452585439,235.091345190,252.970395458,272.400000000,0.000000000,0.000000000
point-0001236,248.453566739,235.091631414,252.972005718,272.400000000,0.000000000,0.000000000
point-0001237,248.454548039,235.091930796,252.973613584,272.400000000,0.000000000,0.000000000
point-0001238,248.455529339,235.092243317,252.975218947,272.400000000,0.000000000,0.000000000
point-0001239,248.456510640,235.092568955,252.976821702,272.400000000,0.000000000,0.000000000
point-0001240,248.457491940,235.092907688,252.978421739,272.400000000,0.000000000,0.000000000
point-0001241,248.458473240,235.093259494,252.980018954,272.400000000,0.000000000,0.000000000
point-0001242,248.459454540,235.093624350,252.981613238,272.400000000,0.000000000,0.000000000
point-0001243,248.460435840,235.094002230,252.983204485,272.400000000,0.000000000,0.000000000
point-0001244,248.461417141,235.094393111,252.984792589,272.400000000,0.000000000,0.000000000
point-0001245,249.344743200,235.452089521,254.412887773,272.400000000,0.000000000,0.000000000
point-0001246,249.345724464,235.452493360,254.414472569,272.400000000,0.000000000,0.000000000
point-0001247,249.346705729,235.452910144,254.416054010,272.400000000,0.000000000,0.000000000
point-0001248,249.347686993,235.453339846,254.417631990,272.400000000,0.000000000,0.000000000
point-0001249,249.348668257,235.453782437,254.419206404,272.400000000,0.000000000,0.000000000
point-0001250,249.349649521,235.454237887,254.420777146,272.400000000,0.000000000,0.000000000
point-0001251,249.350630785,235.454706167,254.422344111,272.400000000,0.000000000,0.000000000
point-0001252,249.351612049,235.455187244,254.423907194,272.400000000,0.000000000,0.000000000
point-0001253,249.352593314,235.455681086,254.425466291,272.400000000,0.000000000,0.000000000
point-0001254,249.353574578,235.456187661,254.427021298,272.400000000,0.000000000,0.000000000
point-0001255,249.354555842,235.456706934,254.428572111,272.400000000,0.000000000,0.000000000
point-0001256,249.355537106,235.457238872,254.430118626,272.400000000,0.000000000,0.000000000
point-0001257,249.356518370,235.457783437,254.431660739,272.400000000,0.000000000,0.000000000
point-0001258,250.239844877,235.953668850,255.817843421,272.400000000,0.000000000,0.000000000
point-0001259,250.240826120,235.954225995,255.819380996,272.400000000,0.000000000,0.000000000
point-0001260,250.241807363,235.954795694,255.820913965,272.400000000,0.000000000,0.000000000
point-0001261,250.242788606,235.955377909,255.822442224,272.400000000,0.000000000,0.000000000
point-0001262,250.243769849,235.955972602,255.823965670,272.400000000,0.000000000,0.000000000
point-0001263,250.244751092,235.956579731,255.825484204,272.400000000,0.000000000,0.000000000
point-0001264,250.245732334,235.957199257,255.826997722,272.400000000,0.000000000,0.000000000
point-0001265,250.246713577,235.957831139,255.828506123,272.400000000,0.000000000,0.000000000
point-0001266,250.247694820,235.958475333,255.830009307,272.400000000,0.000000000,0.000000000
point-0001267,250.248676063,235.959131798,255.831507174,272.400000000,0.000000000,0.000000000
point-0001268,250.249657306,235.959800488,255.832999622,272.400000000,0.000000000,0.000000000
point-0001269,250.250638549,235.960481360,255.834486553,272.400000000,0.000000000,0.000000000
point-0001270,250.251619792,235.961174368,255.835967866,272.400000000,0.000000000,0.000000000
point-0001271,251.134945818,236.590474463,257.166901298,272.400000000,0.000000000,0.000000000
point-0001272,251.135927062,236.591179561,257.168376897,272.400000000,0.000000000,0.000000000
point-0001273,251.136908306,236.591896702,257.169846681,272.400000000,0.000000000,0.000000000
point-0001274,251.137889550,236.592625837,257.171310552,272.400000000,0.000000000,0.000000000
point-0001275,251.138870795,236.593366917,257.172768413,272.400000000,0.000000000,0.000000000
point-0001276,251.139852039,236.594119893,257.174220164,272.400000000,0.000000000,0.000000000
point-0001277,251.140833283,236.594884716,257.175665710,272.400000000,0.000000000,0.000000000
point-0001278,251.141814527,236.595661333,257.177104954,272.400000000,0.000000000,0.000000000
point-0001279,251.142795772,236.596449692,257.178537799,272.400000000,0.000000000,0.000000000
point-0001280,251.143777016,236.597249742,257.179964150,272.400000000,0.000000000,0.000000000
point-0001281,251.144758260,236.598061428,257.181383911,272.400000000,0.000000000,0.000000000
point-0001282,251.145739504,236.598884696,257.182796988,272.400000000,0.000000000,0.000000000
point-0001283,251.146720749,236.599719491,257.184203286,272.400000000,0.000000000,0.000000000
point-0001284,252.030048904,237.356382214,258.447086648,272.400000000,0.000000000,0.000000000
point-0001285,252.031030176,237.357228505,258.448486112,272.400000000,0.000000000,0.000000000
point-0001286,252.032011449,237.358086211,258.449878609,272.400000000,0.000000000,0.000000000
point-0001287,252.032992721,237.358955275,258.451264046,272.400000000,0.000000000,0.000000000
point-0001288,252.033973993,237.359835640,258.452642330,272.400000000,0.000000000,0.000000000
point-0001289,252.034955265,237.360727245,258.454013369,272.400000000,0.000000000,0.000000000
point-0001290,252.035936537,237.361630032,258.455377072,272.400000000,0.000000000,0.000000000
point-0001291,252.036917809,237.362543940,258.456733346,272.400000000,0.000000000,0.000000000
point-0001292,252.037899081,237.363468908,258.458082102,272.400000000,0.000000000,0.000000000
point-0001293,252.038880354,237.364404874,258.459423250,272.400000000,0.000000000,0.000000000
point-0001294,252.039861626,237.365351775,258.460756698,272.400000000,0.000000000,0.000000000
point-0001295,252.040842898,237.366309549,258.462082360,272.400000000,0.000000000,0.000000000
point-0001296,252.041824170,237.367278131,258.463400145,272.400000000,0.000000000,0.000000000
point-0001297,252.925150969,238.244024264,259.646076103,272.400000000,0.000000000,0.000000000
point-0001298,252.926132300,238.245003648,259.647386002,272.400000000,0.000000000,0.000000000
point-0001299,252.927113630,238.245993712,259.648687848,272.400000000,0.000000000,0.000000000
point-0001300,252.928094961,238.246994388,259.649981553,272.400000000,0.000000000,0.000000000
point-0001301,252.929076291,238.248005610,259.651267032,272.400000000,0.000000000,0.000000000
point-0001302,252.930057622,238.249027311,259.652544199,272.400000000,0.000000000,0.000000000
point-0001303,252.931038953,238.250059422,259.653812968,272.400000000,0.000000000,0.000000000
point-0001304,252.932020283,238.251101873,259.655073254,272.400000000,0.000000000,0.000000000
point-0001305,252.933001614,238.252154597,259.656324973,272.400000000,0.000000000,0.000000000
point-0001306,252.933982945,238.253217521,259.657568042,272.400000000,0.000000000,0.000000000
point-0001307,252.934964275,238.254290575,259.658802376,272.400000000,0.000000000,0.000000000
point-0001308,252.935945606,238.255373687,259.660027895,272.400000000,0.000000000,0.000000000
point-0001309,252.936926936,238.256466785,259.661244515,272.400000000,0.000000000,0.000000000
point-0001310,253.820253281,239.244867945,260.752329811,272.400000000,0.000000000,0.000000000
point-0001311,253.821234703,239.245971058,260.753537563,272.400000000,0.000000000,0.000000000
point-0001312,253.822216125,239.247084012,260.754736253,272.400000000,0.000000000,0.000000000
point-0001313,253.823197547,239.248206733,260.755925801,272.400000000,0.000000000,0.000000000
point-0001314,253.824178969,239.249339144,260.757106127,272.400000000,0.000000000,0.000000000
point-0001315,253.825160391,239.250481171,260.758277151,272.400000000,0.000000000,0.000000000
point-0001316,253.826141812,239.251632737,260.759438797,272.400000000,0.000000000,0.000000000
point-0001317,253.827123234,239.252793765,260.760590986,272.400000000,0.000000000,0.000000000
point-0001318,253.828104656,239.253964177,260.761733641,272.400000000,0.000000000,0.000000000
point-0001319,253.829086078,239.255143895,260.762866686,272.400000000,0.000000000,0.000000000
point-0001320,253.830067500,239.256332840,260.763990044,272.400000000,0.000000000,0.000000000
point-0001321,253.831048922,239.257530933,260.765103641,272.400000000,0.000000000,0.000000000
point-0001322,253.832030344,239.258738093,260.766207403,272.400000000,0.000000000,0.000000000
point-0001323,254.715350800,240.349285671,261.755187210,272.400000000,0.000000000,0.000000000
point-0001324,254.716332349,240.350501976,261.756281203,272.400000000,0.000000000,0.000000000
point-0001325,254.717313899,240.351727189,261.757365211,272.400000000,0.000000000,0.000000000
point-0001326,254.718295448,240.352961228,261.758439161,272.400000000,0.000000000,0.000000000
point-0001327,254.719276997,240.354204010,261.759502981,272.400000000,0.000000000,0.000000000
point-0001328,254.720258547,240.355455451,261.760556600,272.400000000,0.000000000,0.000000000
point-0001329,254.721240096,240.356715469,261.761599948,272.400000000,0.000000000,0.000000000
point-0001330,254.722221645,240.357983979,261.762632954,272.400000000,0.000000000,0.000000000
point-0001331,254.723203194,240.359260896,261.763655550,272.400000000,0.000000000,0.000000000
point-0001332,254.724184744,240.360546134,261.764667668,272.400000000,0.000000000,0.000000000
point-0001333,254.725166293,240.361839608,261.765669239,272.400000000,0.000000000,0.000000000
point-0001334,254.726147842,240.363141232,261.766660196,272.400000000,0.000000000,0.000000000
point-0001335,254.727129392,240.364450917,261.767640474,272.400000000,0.000000000,0.000000000
point-0001336,255.610450192,241.546667477,262.644989190,272.400000000,0.000000000,0.000000000
point-0001337,255.611431904,241.547985355,262.645958882,272.400000000,0.000000000,0.000000000
point-0001338,255.612413616,241.549311123,262.646917761,272.400000000,0.000000000,0.000000000
point-0001339,255.613395328,241.550644690,262.647865761,272.400000000,0.000000000,0.000000000
point-0001340,255.614377040,241.551985968,262.648802820,272.400000000,0.000000000,0.000000000
point-0001341,255.615358751,241.553334868,262.649728874,272.400000000,0.000000000,0.000000000
point-0001342,255.616340463,241.554691298,262.650643863,272.400000000,0.000000000,0.000000000
point-0001343,255.617322175,241.556055168,262.651547724,272.400000000,0.000000000,0.000000000
point-0001344,255.618303887,241.557426387,262.652440397,272.400000000,0.000000000,0.000000000
point-0001345,255.619285599,241.558804863,262.653321822,272.400000000,0.000000000,0.000000000
point-0001346,255.620267311,241.560190504,262.654191941,272.400000000,0.000000000,0.000000000
point-0001347,255.621249023,241.561583216,262.655050695,272.400000000,0.000000000,0.000000000
point-0001348,255.622230735,241.562982908,262.655898027,272.400000000,0.000000000,0.000000000
point-0001349,256.505551372,242.825499253,263.413148606,272.400000000,0.000000000,0.000000000
point-0001350,256.506533286,242.826906120,263.413984630,272.400000000,0.000000000,0.000000000
point-0001351,256.507515200,242.828319781,263.414809114,272.400000000,0.000000000,0.000000000
point-0001352,256.508497115,242.829740141,263.415622003,272.400000000,0.000000000,0.000000000
point-0001353,256.509479029,242.831167105,263.416423243,272.400000000,0.000000000,0.000000000
point-0001354,256.510460944,242.832600577,263.417212780,272.400000000,0.000000000,0.000000000
point-0001355,256.511442858,242.834040461,263.417990561,272.400000000,0.000000000,0.000000000
point-0001356,256.512424772,242.835486662,263.418756533,272.400000000,0.000000000,0.000000000
point-0001357,256.513406687,242.836939082,263.419510647,272.400000000,0.000000000,0.000000000
point-0001358,256.514388601,242.838397624,263.420252851,272.400000000,0.000000000,0.000000000
point-0001359,256.515370516,242.839862190,263.420983095,272.400000000,0.000000000,0.000000000
point-0001360,256.516352430,242.841332682,263.421701331,272.400000000,0.000000000,0.000000000
point-0001361,256.517334344,242.842809002,263.422407511,272.400000000,0.000000000,0.000000000
point-0001362,257.400686370,244.173527482,264.052263315,272.400000000,0.000000000,0.000000000
point-0001363,257.401668499,244.175009855,264.052957541,272.400000000,0.000000000,0.000000000
point-0001364,257.402650628,244.176497861,264.053639612,272.400000000,0.000000000,0.000000000
point-0001365,257.403632757,244.177991399,264.054309481,272.400000000,0.000000000,0.000000000
point-0001366,257.404614886,244.179490370,264.054967105,272.400000000,0.000000000,0.000000000
point-0001367,257.405597015,244.180994673,264.055612439,272.400000000,0.000000000,0.000000000
point-0001368,257.406579144,244.182504206,264.056245439,272.400000000,0.000000000,0.000000000
point-0001369,257.407561273,244.184018870,264.056866063,272.400000000,0.000000000,0.000000000
point-0001370,257.408543402,244.185538563,264.057474270,272.400000000,0.000000000,0.000000000
point-0001371,257.409525531,244.187063183,264.058070019,272.400000000,0.000000000,0.000000000
point-0001372,257.410507660,244.188592627,264.058653270,272.400000000,0.000000000,0.000000000
point-0001373,257.411489789,244.190126793,264.059223984,272.400000000,0.000000000,0.000000000
point-0001374,257.412471918,244.191665579,264.059782123,272.400000000,0.000000000,0.000000000
point-0001375,258.295830553,245.577742381,264.556122262,272.400000000,0.000000000,0.000000000
point-0001376,258.296812861,245.579285967,264.556667887,272.400000000,0.000000000,0.000000000
point-0001377,258.297795170,245.580833967,264.557200858,272.400000000,0.000000000,0.000000000
point-0001378,258.298777479,245.582386278,264.557721139,272.400000000,0.000000000,0.000000000
point-0001379,258.299759787,245.583942795,264.558228696,272.400000000,0.000000000,0.000000000
point-0001380,258.300742096,245.585503416,264.558723495,272.400000000,0.000000000,0.000000000
point-0001381,258.301724405,245.587068034,264.559205502,272.400000000,0.000000000,0.000000000
point-0001382,258.302706713,245.588636546,264.559674685,272.400000000,0.000000000,0.000000000
point-0001383,258.303689022,245.590208846,264.560131013,272.400000000,0.000000000,0.000000000
point-0001384,258.304671331,245.591784829,264.560574455,272.400000000,0.000000000,0.000000000
point-0001385,258.305653639,245.593364388,264.561004982,272.400000000,0.000000000,0.000000000
point-0001386,258.306635948,245.594947420,264.561422564,272.400000000,0.000000000,0.000000000
point-0001387,258.307618257,245.596533816,264.561827173,272.400000000,0.000000000,0.000000000
point-0001388,259.190964950,247.024587000,264.919832674,272.400000000,0.000000000,0.000000000
point-0001389,259.191947409,247.026176898,264.920224343,272.400000000,0.000000000,0.000000000
point-0001390,259.192929867,247.027769950,264.920602982,272.400000000,0.000000000,0.000000000
point-0001391,259.193912326,247.029366048,264.920968566,272.400000000,0.000000000,0.000000000
point-0001392,259.194894785,247.030965086,264.921321070,272.400000000,0.000000000,0.000000000
point-0001393,259.195877243,247.032566956,264.921660471,272.400000000,0.000000000,0.000000000
point-0001394,259.196859702,247.034171551,264.921986746,272.400000000,0.000000000,0.000000000
point-0001395,259.197842161,247.035778763,264.922299873,272.400000000,0.000000000,0.000000000
point-0001396,259.198824620,247.037388486,264.922599831,272.400000000,0.000000000,0.000000000
point-0001397,259.199807078,247.039000610,264.922886601,272.400000000,0.000000000,0.000000000
point-0001398,259.200789537,247.040615028,264.923160162,272.400000000,0.000000000,0.000000000
point-0001399,259.201771996,247.042231631,264.923420496,272.400000000,0.000000000,0.000000000
point-0001400,259.202754454,247.043850312,264.923667586,272.400000000,0.000000000,0.000000000
point-0001401,260.086111744,248.500150609,265.139874156,272.400000000,0.000000000,0.000000000
point-0001402,260.087094306,248.501771429,265.140108010,272.400000000,0.000000000,0.000000000
point-0001403,260.088076868,248.503394109,265.140328584,272.400000000,0.000000000,0.000000000
point-0001404,260.089059430,248.505018541,265.140535865,272.400000000,0.000000000,0.000000000
point-0001405,260.090041992,248.506644616,265.140729839,272.400000000,0.000000000,0.000000000
point-0001406,260.091024554,248.508272224,265.140910491,272.400000000,0.000000000,0.000000000
point-0001407,260.092007116,248.509901257,265.141077811,272.400000000,0.000000000,0.000000000
point-0001408,260.092989678,248.511531606,265.141231786,272.400000000,0.000000000,0.000000000
point-0001409,260.093972240,248.513163160,265.141372408,272.400000000,0.000000000,0.000000000
point-0001410,260.094954802,248.514795812,265.141499665,272.400000000,0.000000000,0.000000000
point-0001411,260.095937364,248.516429450,265.141613550,272.400000000,0.000000000,0.000000000
point-0001412,260.096919926,248.518063966,265.141714055,272.400000000,0.000000000,0.000000000
point-0001413,260.097902488,248.519699251,265.141801174,272.400000000,0.000000000,0.000000000
point-0001414,260.981255605,249.990177980,265.214103776,272.400000000,0.000000000,0.000000000
point-0001415,260.982238199,249.991813976,265.214177504,272.400000000,0.000000000,0.000000000
point-0001416,260.983220793,249.993450521,265.214237834,272.400000000,0.000000000,0.000000000
point-0001417,260.984203387,249.995087506,265.214284761,272.400000000,0.000000000,0.000000000
point-0001418,260.985185981,249.996724820,265.214318283,272.400000000,0.000000000,0.000000000
point-0001419,260.986168575,249.998362353,265.214338397,272.400000000,0.000000000,0.000000000
point-0001420,260.987151170,249.999999996,265.214345102,272.400000000,0.000000000,0.000000000
point-0001421,260.988133764,250.001637640,265.214338397,272.400000000,0.000000000,0.000000000
point-0001422,260.989116358,250.003275173,265.214318283,272.400000000,0.000000000,0.000000000
point-0001423,260.990098952,250.004912487,265.214284762,272.400000000,0.000000000,0.000000000
point-0001424,260.991081546,250.006549471,265.214237834,272.400000000,0.000000000,0.000000000
point-0001425,260.992064141,250.008186017,265.214177505,272.400000000,0.000000000,0.000000000
point-0001426,260.993046735,250.009822013,265.214103777,272.400000000,0.000000000,0.000000000
point-0001427,261.876399211,251.480299679,265.141801279,272.400000000,0.000000000,0.000000000
point-0001428,261.877381773,251.481934962,265.141714161,272.400000000,0.000000000,0.000000000
point-0001429,261.878364334,251.483569477,265.141613656,272.400000000,0.000000000,0.000000000
point-0001430,261.879346895,251.485203115,265.141499771,272.400000000,0.000000000,0.000000000
point-0001431,261.880329456,251.486835765,265.141372513,272.400000000,0.000000000,0.000000000
point-0001432,261.881312018,251.488467318,265.141231892,272.400000000,0.000000000,0.000000000
point-0001433,261.882294579,251.490097665,265.141077917,272.400000000,0.000000000,0.000000000
point-0001434,261.883277140,251.491726697,265.140910597,272.400000000,0.000000000,0.000000000
point-0001435,261.884259702,251.493354305,265.140729945,272.400000000,0.000000000,0.000000000
point-0001436,261.885242263,251.494980378,265.140535972,272.400000000,0.000000000,0.000000000
point-0001437,261.886224824,251.496604809,265.140328692,272.400000000,0.000000000,0.000000000
point-0001438,261.887207385,251.498227488,265.140108117,272.400000000,0.000000000,0.000000000
point-0001439,261.888189947,251.499848307,265.139874264,272.400000000,0.000000000,0.000000000
point-0001440,262.771546608,252.956147591,264.923668003,272.400000000,0.000000000,0.000000000
point-0001441,262.772529066,252.957766271,264.923420913,272.400000000,0.000000000,0.000000000
point-0001442,262.773511524,252.959382873,264.923160579,272.400000000,0.000000000,0.000000000
point-0001443,262.774493982,252.960997290,264.922887018,272.400000000,0.000000000,0.000000000
point-0001444,262.775476440,252.962609413,264.922600249,272.400000000,0.000000000,0.000000000
point-0001445,262.776458898,252.964219134,264.922300292,272.400000000,0.000000000,0.000000000
point-0001446,262.777441356,252.965826346,264.921987165,272.400000000,0.000000000,0.000000000
point-0001447,262.778423814,252.967430940,264.921660890,272.400000000,0.000000000,0.000000000
point-0001448,262.779406272,252.969032809,264.921321490,272.400000000,0.000000000,0.000000000
point-0001449,262.780388730,252.970631845,264.920968986,272.400000000,0.000000000,0.000000000
point-0001450,262.781371188,252.972227942,264.920603403,272.400000000,0.000000000,0.000000000
point-0001451,262.782353646,252.973820993,264.920224764,272.400000000,0.000000000,0.000000000
point-0001452,262.783336104,252.975410890,264.919833096,272.400000000,0.000000000,0.000000000
point-0001453,263.666682161,254.403463109,264.561828105,272.400000000,0.000000000,0.000000000
point-0001454,263.667664469,254.405049504,264.561423496,272.400000000,0.000000000,0.000000000
point-0001455,263.668646777,254.406632534,264.561005914,272.400000000,0.000000000,0.000000000
point-0001456,263.669629085,254.408212093,264.560575389,272.400000000,0.000000000,0.000000000
point-0001457,263.670611393,254.409788074,264.560131947,272.400000000,0.000000000,0.000000000
point-0001458,263.671593701,254.411360373,264.559675620,272.400000000,0.000000000,0.000000000
point-0001459,263.672576009,254.412928884,264.559206438,272.400000000,0.000000000,0.000000000
point-0001460,263.673558317,254.414493501,264.558724431,272.400000000,0.000000000,0.000000000
point-0001461,263.674540625,254.416054121,264.558229633,272.400000000,0.000000000,0.000000000
point-0001462,263.675522933,254.417610638,264.557722077,272.400000000,0.000000000,0.000000000
point-0001463,263.676505241,254.419162948,264.557201796,272.400000000,0.000000000,0.000000000
point-0001464,263.677487549,254.420710947,264.556668826,272.400000000,0.000000000,0.000000000
point-0001465,263.678469857,254.422254531,264.556123202,272.400000000,0.000000000,0.000000000
point-0001466,264.561827842,255.808330438,264.059783771,272.400000000,0.000000000,0.000000000
point-0001467,264.562809971,255.809869223,264.059225633,272.400000000,0.000000000,0.000000000
point-0001468,264.563792099,255.811403389,264.058654920,272.400000000,0.000000000,0.000000000
point-0001469,264.564774227,255.812932832,264.058071670,272.400000000,0.000000000,0.000000000
point-0001470,264.565756355,255.814457451,264.057475922,272.400000000,0.000000000,0.000000000
point-0001471,264.566738484,255.815977143,264.056867715,272.400000000,0.000000000,0.000000000
point-0001472,264.567720612,255.817491806,264.056247092,272.400000000,0.000000000,0.000000000
point-0001473,264.568702740,255.819001339,264.055614093,272.400000000,0.000000000,0.000000000
point-0001474,264.569684869,255.820505640,264.054968760,272.400000000,0.000000000,0.000000000
point-0001475,264.570666997,255.822004610,264.054311138,272.400000000,0.000000000,0.000000000
point-0001476,264.571649125,255.823498147,264.053641269,272.400000000,0.000000000,0.000000000
point-0001477,264.572631253,255.824986152,264.052959199,272.400000000,0.000000000,0.000000000
point-0001478,264.573613382,255.826468525,264.052264974,272.400000000,0.000000000,0.000000000
point-0001479,265.456964769,257.157186243,263.422410051,272.400000000,0.000000000,0.000000000
point-0001480,265.457946682,257.158662562,263.421703872,272.400000000,0.000000000,0.000000000
point-0001481,265.458928596,257.160133054,263.420985637,272.400000000,0.000000000,0.000000000
point-0001482,265.459910510,257.161597619,263.420255393,272.400000000,0.000000000,0.000000000
point-0001483,265.460892424,257.163056160,263.419513191,272.400000000,0.000000000,0.000000000
point-0001484,265.461874337,257.164508579,263.418759078,272.400000000,0.000000000,0.000000000
point-0001485,265.462856251,257.165954779,263.417993106,272.400000000,0.000000000,0.000000000
point-0001486,265.463838165,257.167394663,263.417215326,272.400000000,0.000000000,0.000000000
point-0001487,265.464820078,257.168828135,263.416425791,272.400000000,0.000000000,0.000000000
point-0001488,265.465801992,257.170255098,263.415624552,272.400000000,0.000000000,0.000000000
point-0001489,265.466783906,257.171675457,263.414811664,272.400000000,0.000000000,0.000000000
point-0001490,265.467765820,257.173089117,263.413987181,272.400000000,0.000000000,0.000000000
point-0001491,265.468747733,257.174495983,263.413151159,272.400000000,0.000000000,0.000000000
point-0001492,266.352067759,258.437011751,262.655901594,272.400000000,0.000000000,0.000000000
point-0001493,266.353049471,258.438411442,262.655054263,272.400000000,0.000000000,0.000000000
point-0001494,266.354031182,258.439804154,262.654195510,272.400000000,0.000000000,0.000000000
point-0001495,266.355012893,258.441189794,262.653325392,272.400000000,0.000000000,0.000000000
point-0001496,266.355994605,258.442568270,262.652443968,272.400000000,0.000000000,0.000000000
point-0001497,266.356976316,258.443939488,262.651551296,272.400000000,0.000000000,0.000000000
point-0001498,266.357958028,258.445303358,262.650647436,272.400000000,0.000000000,0.000000000
point-0001499,266.358939739,258.446659788,262.649732449,272.400000000,0.000000000,0.000000000
point-0001500,266.359921450,258.448008687,262.648806395,272.400000000,0.000000000,0.000000000
point-0001501,266.360903162,258.449349964,262.647869338,272.400000000,0.000000000,0.000000000
point-0001502,266.361884873,258.450683532,262.646921339,272.400000000,0.000000000,0.000000000
point-0001503,266.362866584,258.452009299,262.645962462,272.400000000,0.000000000,0.000000000
point-0001504,266.363848296,258.453327177,262.644992771,272.400000000,0.000000000,0.000000000
point-0001505,267.247168531,259.635543377,261.767645149,272.400000000,0.000000000,0.000000000
point-0001506,267.248150080,259.636853062,261.766664872,272.400000000,0.000000000,0.000000000
point-0001507,267.249131629,259.638154685,261.765673915,272.400000000,0.000000000,0.000000000
point-0001508,267.250113178,259.639448160,261.764672345,272.400000000,0.000000000,0.000000000
point-0001509,267.251094727,259.640733398,261.763660228,272.400000000,0.000000000,0.000000000
point-0001510,267.252076277,259.642010316,261.762637633,272.400000000,0.000000000,0.000000000
point-0001511,267.253057826,259.643278826,261.761604627,272.400000000,0.000000000,0.000000000
point-0001512,267.254039375,259.644538844,261.760561280,272.400000000,0.000000000,0.000000000
point-0001513,267.255020924,259.645790286,261.759507662,272.400000000,0.000000000,0.000000000
point-0001514,267.256002473,259.647033068,261.758443842,272.400000000,0.000000000,0.000000000
point-0001515,267.256984022,259.648267107,261.757369893,272.400000000,0.000000000,0.000000000
point-0001516,267.257965571,259.649492320,261.756285886,272.400000000,0.000000000,0.000000000
point-0001517,267.258947121,259.650708626,261.755191894,272.400000000,0.000000000,0.000000000
point-0001518,268.142268128,260.741257346,260.766211980,272.400000000,0.000000000,0.000000000
point-0001519,268.143249547,260.742464504,260.765108222,272.400000000,0.000000000,0.000000000
point-0001520,268.144230967,260.743662594,260.763994628,272.400000000,0.000000000,0.000000000
point-0001521,268.145212386,260.744851537,260.762871273,272.400000000,0.000000000,0.000000000
point-0001522,268.146193806,260.746031253,260.761738231,272.400000000,0.000000000,0.000000000
point-0001523,268.147175225,260.747201663,260.760595580,272.400000000,0.000000000,0.000000000
point-0001524,268.148156645,260.748362689,260.759443394,272.400000000,0.000000000,0.000000000
point-0001525,268.149138065,260.749514253,260.758281752,272.400000000,0.000000000,0.000000000
point-0001526,268.150119484,260.750656278,260.757110730,272.400000000,0.000000000,0.000000000
point-0001527,268.151100904,260.751788687,260.755930408,272.400000000,0.000000000,0.000000000
point-0001528,268.152082323,260.752911406,260.754740864,272.400000000,0.000000000,0.000000000
point-0001529,268.153063743,260.754024358,260.753542178,272.400000000,0.000000000,0.000000000
point-0001530,268.154045162,260.755127470,260.752334429,272.400000000,0.000000000,0.000000000
point-0001531,269.037366340,261.743523612,259.661256208,272.400000000,0.000000000,0.000000000
point-0001532,269.038347665,261.744616704,259.660039596,272.400000000,0.000000000,0.000000000
point-0001533,269.039328989,261.745699811,259.658814086,272.400000000,0.000000000,0.000000000
point-0001534,269.040310314,261.746772860,259.657579759,272.400000000,0.000000000,0.000000000
point-0001535,269.041291639,261.747835779,259.656336699,272.400000000,0.000000000,0.000000000
point-0001536,269.042272964,261.748888497,259.655084988,272.400000000,0.000000000,0.000000000
point-0001537,269.043254289,261.749930944,259.653824711,272.400000000,0.000000000,0.000000000
point-0001538,269.044235614,261.750963050,259.652555950,272.400000000,0.000000000,0.000000000
point-0001539,269.045216938,261.751984746,259.651278792,272.400000000,0.000000000,0.000000000
point-0001540,269.046198263,261.752995964,259.649993322,272.400000000,0.000000000,0.000000000
point-0001541,269.047179588,261.753996636,259.648699625,272.400000000,0.000000000,0.000000000
point-0001542,269.048160913,261.754986695,259.647397788,272.400000000,0.000000000,0.000000000
point-0001543,269.049142238,261.755966075,259.646087898,272.400000000,0.000000000,0.000000000
point-0001544,269.932464190,262.632708907,258.463419550,272.400000000,0.000000000,0.000000000
point-0001545,269.933445456,262.633677485,258.462101774,272.400000000,0.000000000,0.000000000
point-0001546,269.934426722,262.634635255,258.460776122,272.400000000,0.000000000,0.000000000
point-0001547,269.935407989,262.635582153,258.459442682,272.400000000,0.000000000,0.000000000
point-0001548,269.936389255,262.636518116,258.458101544,272.400000000,0.000000000,0.000000000
point-0001549,269.937370522,262.637443080,258.456752797,272.400000000,0.000000000,0.000000000
point-0001550,269.938351788,262.638356985,258.455396532,272.400000000,0.000000000,0.000000000
point-0001551,269.939333054,262.639259769,258.454032839,272.400000000,0.000000000,0.000000000
point-0001552,269.940314321,262.640151371,258.452661809,272.400000000,0.000000000,0.000000000
point-0001553,269.941295587,262.641031732,258.451283535,272.400000000,0.000000000,0.000000000
point-0001554,269.942276853,262.641900794,258.449898107,272.400000000,0.000000000,0.000000000
point-0001555,269.943258120,262.642758498,258.448505620,272.400000000,0.000000000,0.000000000
point-0001556,269.944239386,262.643604786,258.447106166,272.400000000,0.000000000,0.000000000
point-0001557,270.827561320,263.400264518,257.184233100,272.400000000,0.000000000,0.000000000
point-0001558,270.828542559,263.401099311,257.182826811,272.400000000,0.000000000,0.000000000
point-0001559,270.829523798,263.401922578,257.181413744,272.400000000,0.000000000,0.000000000
point-0001560,270.830505037,263.402734262,257.179993992,272.400000000,0.000000000,0.000000000
point-0001561,270.831486275,263.403534310,257.178567651,272.400000000,0.000000000,0.000000000
point-0001562,270.832467514,263.404322668,257.177134815,272.400000000,0.000000000,0.000000000
point-0001563,270.833448753,263.405099284,257.175695581,272.400000000,0.000000000,0.000000000
point-0001564,270.834429992,263.405864105,257.174250044,272.400000000,0.000000000,0.000000000
point-0001565,270.835411231,263.406617081,257.172798303,272.400000000,0.000000000,0.000000000
point-0001566,270.836392470,263.407358160,257.171340452,272.400000000,0.000000000,0.000000000
point-0001567,270.837373708,263.408087294,257.169876591,272.400000000,0.000000000,0.000000000
point-0001568,270.838354947,263.408804434,257.168406816,272.400000000,0.000000000,0.000000000
point-0001569,270.839336186,263.409509532,257.166931227,272.400000000,0.000000000,0.000000000
point-0001570,271.722659684,264.038811012,255.836003110,272.400000000,0.000000000,0.000000000
point-0001571,271.723640925,264.039504022,255.834521801,272.400000000,0.000000000,0.000000000
point-0001572,271.724622167,264.040184896,255.833034874,272.400000000,0.000000000,0.000000000
point-0001573,271.725603408,264.040853589,255.831542429,272.400000000,0.000000000,0.000000000
point-0001574,271.726584650,264.041510057,255.830044567,272.400000000,0.000000000,0.000000000
point-0001575,271.727565891,264.042154254,255.828541386,272.400000000,0.000000000,0.000000000
point-0001576,271.728547133,264.042786138,255.827032989,272.400000000,0.000000000,0.000000000
point-0001577,271.729528374,264.043405667,255.825519475,272.400000000,0.000000000,0.000000000
point-0001578,271.730509615,264.044012799,255.824000945,272.400000000,0.000000000,0.000000000
point-0001579,271.731490857,264.044607495,255.822477502,272.400000000,0.000000000,0.000000000
point-0001580,271.732472098,264.045189713,255.820949247,272.400000000,0.000000000,0.000000000
point-0001581,271.733453340,264.045759415,255.819416283,272.400000000,0.000000000,0.000000000
point-0001582,271.734434581,264.046316563,255.817878711,272.400000000,0.000000000,0.000000000
point-0001583,272.617760468,264.542205155,254.431698264,272.400000000,0.000000000,0.000000000
point-0001584,272.618741731,264.542749724,254.430156153,272.400000000,0.000000000,0.000000000
point-0001585,272.619722995,264.543281665,254.428609641,272.400000000,0.000000000,0.000000000
point-0001586,272.620704258,264.543800942,254.427058831,272.400000000,0.000000000,0.000000000
point-0001587,272.621685522,264.544307521,254.425503826,272.400000000,0.000000000,0.000000000
point-0001588,272.622666785,264.544801367,254.423944731,272.400000000,0.000000000,0.000000000
point-0001589,272.623648049,264.545282447,254.422381650,272.400000000,0.000000000,0.000000000
point-0001590,272.624629312,264.545750730,254.420814687,272.400000000,0.000000000,0.000000000
point-0001591,272.625610576,264.546206184,254.419243948,272.400000000,0.000000000,0.000000000
point-0001592,272.626591839,264.546648779,254.417669537,272.400000000,0.000000000,0.000000000
point-0001593,272.627573102,264.547078485,254.416091559,272.400000000,0.000000000,0.000000000
point-0001594,272.628554366,264.547495273,254.414510120,272.400000000,0.000000000,0.000000000
point-0001595,272.629535629,264.547899116,254.412925326,272.400000000,0.000000000,0.000000000
point-0001596,273.512861069,264.905599008,252.984832079,272.400000000,0.000000000,0.000000000
point-0001597,273.513842369,264.905989892,252.983243977,272.400000000,0.000000000,0.000000000
point-0001598,273.514823668,264.906367776,252.981652732,272.400000000,0.000000000,0.000000000
point-0001599,273.515804968,264.906732636,252.980058450,272.400000000,0.000000000,0.000000000
point-0001600,273.516786267,264.907084446,252.978461238,272.400000000,0.000000000,0.000000000
point-0001601,273.517767567,264.907423183,252.976861202,272.400000000,0.000000000,0.000000000
point-0001602,273.518748866,264.907748825,252.975258450,272.400000000,0.000000000,0.000000000
point-0001603,273.519730166,264.908061350,252.973653088,272.400000000,0.000000000,0.000000000
point-0001604,273.520711465,264.908360736,252.972045225,272.400000000,0.000000000,0.000000000
point-0001605,273.521692765,264.908646964,252.970434967,272.400000000,0.000000000,0.000000000
point-0001606,273.522674064,264.908920015,252.968822422,272.400000000,0.000000000,0.000000000
point-0001607,273.523655364,264.909179870,252.967207698,272.400000000,0.000000000,0.000000000
point-0001608,273.524636663,264.909426513,252.965590903,272.400000000,0.000000000,0.000000000
point-0001609,274.407960249,265.125490788,251.509326276,272.400000000,0.000000000,0.000000000
point-0001610,274.408941594,265.125724211,251.507707443,272.400000000,0.000000000,0.000000000
point-0001611,274.409922939,265.125944388,251.506086755,272.400000000,0.000000000,0.000000000
point-0001612,274.410904284,265.126151304,251.504464321,272.400000000,0.000000000,0.000000000
point-0001613,274.411885629,265.126344945,251.502840250,272.400000000,0.000000000,0.000000000
point-0001614,274.412866975,265.126525299,251.501214648,272.400000000,0.000000000,0.000000000
point-0001615,274.413848320,265.126692352,251.499587627,272.400000000,0.000000000,0.000000000
point-0001616,274.414829665,265.126846095,251.497959293,272.400000000,0.000000000,0.000000000
point-0001617,274.415811010,265.126986516,251.496329757,272.400000000,0.000000000,0.000000000
point-0001618,274.416792355,265.127113606,251.494699127,272.400000000,0.000000000,0.000000000
point-0001619,274.417773700,265.127227357,251.493067512,272.400000000,0.000000000,0.000000000
point-0001620,274.418755045,265.127327761,251.491435021,272.400000000,0.000000000,0.000000000
point-0001621,274.419736391,265.127414812,251.489801764,272.400000000,0.000000000,0.000000000
point-0001622,275.303056852,265.199758318,250.019379539,272.400000000,0.000000000,0.000000000
point-0001623,275.304038253,265.199832013,250.017745532,272.400000000,0.000000000,0.000000000
point-0001624,275.305019654,265.199892342,250.016110977,272.400000000,0.000000000,0.000000000
point-0001625,275.306001054,265.199939301,250.014475983,272.400000000,0.000000000,0.000000000
point-0001626,275.306982455,265.199972888,250.012840660,272.400000000,0.000000000,0.000000000
point-0001627,275.307963856,265.199993099,250.011205117,272.400000000,0.000000000,0.000000000
point-0001628,275.308945257,265.199999934,250.009569463,272.400000000,0.000000000,0.000000000
point-0001629,275.309926658,265.199993391,250.007933808,272.400000000,0.000000000,0.000000000
point-0001630,275.310908058,265.199973472,250.006298261,272.400000000,0.000000000,0.000000000
point-0001631,275.311889459,265.199940178,250.004662932,272.400000000,0.000000000,0.000000000
point-0001632,275.312870860,265.199893511,250.003027930,272.400000000,0.000000000,0.000000000
point-0001633,275.313852261,265.199833473,250.001393364,272.400000000,0.000000000,0.000000000
point-0001634,275.314833662,265.199760070,249.999759344,272.400000000,0.000000000,0.000000000
point-0001635,276.198157582,265.127678965,248.529318460,272.400000000,0.000000000,0.000000000
point-0001636,276.199139045,265.127592195,248.527684992,272.400000000,0.000000000,0.000000000
point-0001637,276.200120507,265.127492068,248.526052288,272.400000000,0.000000000,0.000000000
point-0001638,276.201101970,265.127378591,248.524420458,272.400000000,0.000000000,0.000000000
point-0001639,276.202083432,265.127251771,248.522789611,272.400000000,0.000000000,0.000000000
point-0001640,276.203064895,265.127111617,248.521159855,272.400000000,0.000000000,0.000000000
point-0001641,276.204046357,265.126958139,248.519531301,272.400000000,0.000000000,0.000000000
point-0001642,276.205027820,265.126791346,248.517904056,272.400000000,0.000000000,0.000000000
point-0001643,276.206009283,265.126611249,248.516278229,272.400000000,0.000000000,0.000000000
point-0001644,276.206990745,265.126417862,248.514653930,272.400000000,0.000000000,0.000000000
point-0001645,276.207972208,265.126211196,248.513031267,272.400000000,0.000000000,0.000000000
point-0001646,276.208953670,265.125991265,248.511410348,272.400000000,0.000000000,0.000000000
point-0001647,276.209935133,265.125758085,248.509791283,272.400000000,0.000000000,0.000000000
point-0001648,277.093260126,264.909936527,247.053488292,272.400000000,0.000000000,0.000000000
point-0001649,277.094241650,264.909690097,247.051871087,272.400000000,0.000000000,0.000000000
point-0001650,277.095223174,264.909430447,247.050255952,272.400000000,0.000000000,0.000000000
point-0001651,277.096204697,264.909157596,247.048642994,272.400000000,0.000000000,0.000000000
point-0001652,277.097186221,264.908871560,247.047032322,272.400000000,0.000000000,0.000000000
point-0001653,277.098167745,264.908572361,247.045424044,272.400000000,0.000000000,0.000000000
point-0001654,277.099149268,264.908260016,247.043818267,272.400000000,0.000000000,0.000000000
point-0001655,277.100130792,264.907934548,247.042215098,272.400000000,0.000000000,0.000000000
point-0001656,277.101112316,264.907595978,247.040614645,272.400000000,0.000000000,0.000000000
point-0001657,277.102093839,264.907244329,247.039017015,272.400000000,0.000000000,0.000000000
point-0001658,277.103075363,264.906879624,247.037422314,272.400000000,0.000000000,0.000000000
point-0001659,277.104056887,264.906501887,247.035830650,272.400000000,0.000000000,0.000000000
point-0001660,277.105038410,264.906111145,247.034242128,272.400000000,0.000000000,0.000000000
point-0001661,277.988364122,264.548617485,245.606096774,272.400000000,0.000000000,0.000000000
point-0001662,277.989345706,264.548213738,245.604511405,272.400000000,0.000000000,0.000000000
point-0001663,277.990327290,264.547797036,245.602929392,272.400000000,0.000000000,0.000000000
point-0001664,277.991308873,264.547367407,245.601350840,272.400000000,0.000000000,0.000000000
point-0001665,277.992290457,264.546924881,245.599775855,272.400000000,0.000000000,0.000000000
point-0001666,277.993272041,264.546469486,245.598204542,272.400000000,0.000000000,0.000000000
point-0001667,277.994253624,264.546001254,245.596637007,272.400000000,0.000000000,0.000000000
point-0001668,277.995235208,264.545520215,245.595073355,272.400000000,0.000000000,0.000000000
point-0001669,277.996216792,264.545026402,245.593513690,272.400000000,0.000000000,0.000000000
point-0001670,277.997198375,264.544519848,245.591958116,272.400000000,0.000000000,0.000000000
point-0001671,277.998179959,264.544000586,245.590406738,272.400000000,0.000000000,0.000000000
point-0001672,277.999161543,264.543468652,245.588859659,272.400000000,0.000000000,0.000000000
point-0001673,278.000143127,264.542924080,245.587316983,272.400000000,0.000000000,0.000000000
point-0001674,278.883469588,264.047191060,244.201079874,272.400000000,0.000000000,0.000000000
point-0001675,278.884451232,264.046633854,244.199541611,272.400000000,0.000000000,0.000000000
point-0001676,278.885432875,264.046064083,244.198007957,272.400000000,0.000000000,0.000000000
point-0001677,278.886414518,264.045481786,244.196479016,272.400000000,0.000000000,0.000000000
point-0001678,278.887396161,264.044887001,244.194954889,272.400000000,0.000000000,0.000000000
point-0001679,278.888377805,264.044279768,244.193435679,272.400000000,0.000000000,0.000000000
point-0001680,278.889359448,264.043660127,244.191921486,272.400000000,0.000000000,0.000000000
point-0001681,278.890341091,264.043028121,244.190412414,272.400000000,0.000000000,0.000000000
point-0001682,278.891322734,264.042383792,244.188908562,272.400000000,0.000000000,0.000000000
point-0001683,278.892304378,264.041727181,244.187410031,272.400000000,0.000000000,0.000000000
point-0001684,278.893286021,264.041058335,244.185916921,272.400000000,0.000000000,0.000000000
point-0001685,278.894267664,264.040377297,244.184429333,272.400000000,0.000000000,0.000000000
point-0001686,278.895249308,264.039684113,244.182947365,272.400000000,0.000000000,0.000000000
point-0001687,279.778579963,263.410473733,242.851962983,272.400000000,0.000000000,0.000000000
point-0001688,279.779561660,263.409768410,242.850486654,272.400000000,0.000000000,0.000000000
point-0001689,279.780543358,263.409051033,242.849016145,272.400000000,0.000000000,0.000000000
point-0001690,279.781525055,263.408321649,242.847551553,272.400000000,0.000000000,0.000000000
point-0001691,279.782506753,263.407580309,242.846092978,272.400000000,0.000000000,0.000000000
point-0001692,279.783488450,263.406827062,242.844640515,272.400000000,0.000000000,0.000000000
point-0001693,279.784470148,263.406061957,242.843194264,272.400000000,0.000000000,0.000000000
point-0001694,279.785451845,263.405285047,242.841754320,272.400000000,0.000000000,0.000000000
point-0001695,279.786433543,263.404496383,242.840320780,272.400000000,0.000000000,0.000000000
point-0001696,279.787415240,263.403696018,242.838893740,272.400000000,0.000000000,0.000000000
point-0001697,279.788396938,263.402884005,242.837473296,272.400000000,0.000000000,0.000000000
point-0001698,279.789378635,263.402060399,242.836059541,272.400000000,0.000000000,0.000000000
point-0001699,279.790360333,263.401225255,242.834652572,272.400000000,0.000000000,0.000000000
point-0001700,280.673688271,262.644593732,241.571750939,272.400000000,0.000000000,0.000000000
point-0001701,280.674670018,262.643747063,241.570350779,272.400000000,0.000000000,0.000000000
point-0001702,280.675651765,262.642888968,241.568957592,272.400000000,0.000000000,0.000000000
point-0001703,280.676633512,262.642019503,241.567571472,272.400000000,0.000000000,0.000000000
point-0001704,280.677615259,262.641138728,241.566192512,272.400000000,0.000000000,0.000000000
point-0001705,280.678597005,262.640246701,241.564820803,272.400000000,0.000000000,0.000000000
point-0001706,280.679578752,262.639343481,241.563456439,272.400000000,0.000000000,0.000000000
point-0001707,280.680560499,262.638429129,241.562099509,272.400000000,0.000000000,0.000000000
point-0001708,280.681542246,262.637503707,241.560750105,272.400000000,0.000000000,0.000000000
point-0001709,280.682523993,262.636567276,241.559408318,272.400000000,0.000000000,0.000000000
point-0001710,280.683505740,262.635619899,241.558074236,272.400000000,0.000000000,0.000000000
point-0001711,280.684487487,262.634661639,241.556747950,272.400000000,0.000000000,0.000000000
point-0001712,280.685469234,262.633692561,241.555429548,272.400000000,0.000000000,0.000000000
point-0001713,281.568799833,261.756915553,240.372768594,272.400000000,0.000000000,0.000000000
point-0001714,281.569781621,261.755935679,240.371458109,272.400000000,0.000000000,0.000000000
point-0001715,281.570763409,261.754945117,240.370155684,272.400000000,0.000000000,0.000000000
point-0001716,281.571745198,261.753943932,240.368861408,272.400000000,0.000000000,0.000000000
point-0001717,281.572726986,261.752932192,240.367575366,272.400000000,0.000000000,0.000000000
point-0001718,281.573708774,261.751909963,240.366297644,272.400000000,0.000000000,0.000000000
point-0001719,281.574690562,261.750877315,240.365028329,272.400000000,0.000000000,0.000000000
point-0001720,281.575672351,261.749834317,240.363767505,272.400000000,0.000000000,0.000000000
point-0001721,281.576654139,261.748781039,240.362515256,272.400000000,0.000000000,0.000000000
point-0001722,281.577635927,261.747717550,240.361271667,272.400000000,0.000000000,0.000000000
point-0001723,281.578617715,261.746643922,240.360036820,272.400000000,0.000000000,0.000000000
point-0001724,281.579599504,261.745560228,240.358810799,272.400000000,0.000000000,0.000000000
point-0001725,281.580581292,261.744466539,240.357593684,272.400000000,0.000000000,0.000000000
point-0001726,282.463903025,260.755995605,239.266581971,272.400000000,0.000000000,0.000000000
point-0001727,282.464884849,260.754891955,239.265373802,272.400000000,0.000000000,0.000000000
point-0001728,282.465866672,260.753778457,239.264174703,272.400000000,0.000000000,0.000000000
point-0001729,282.466848496,260.752655186,239.262984755,272.400000000,0.000000000,0.000000000
point-0001730,282.467830319,260.751522216,239.261804038,272.400000000,0.000000000,0.000000000
point-0001731,282.468812143,260.750379623,239.260632629,272.400000000,0.000000000,0.000000000
point-0001732,282.469793966,260.749227485,239.259470608,272.400000000,0.000000000,0.000000000
point-0001733,282.470775790,260.748065878,239.258318053,272.400000000,0.000000000,0.000000000
point-0001734,282.471757614,260.746894879,239.257175040,272.400000000,0.000000000,0.000000000
point-0001735,282.472739437,260.745714568,239.256041646,272.400000000,0.000000000,0.000000000
point-0001736,282.473721261,260.744525024,239.254917948,272.400000000,0.000000000,0.000000000
point-0001737,282.474703084,260.743326325,239.253804019,272.400000000,0.000000000,0.000000000
point-0001738,282.475684908,260.742118553,239.252699935,272.400000000,0.000000000,0.000000000
point-0001739,283.359006225,259.651462270,238.263837875,272.400000000,0.000000000,0.000000000
point-0001740,283.359988090,259.650245452,238.262743663,272.400000000,0.000000000,0.000000000
point-0001741,283.360969956,259.649019722,238.261659444,272.400000000,0.000000000,0.000000000
point-0001742,283.361951821,259.647785162,238.260585291,272.400000000,0.000000000,0.000000000
point-0001743,283.362933687,259.646541854,238.259521275,272.400000000,0.000000000,0.000000000
point-0001744,283.363915552,259.645289882,238.258467467,272.400000000,0.000000000,0.000000000
point-0001745,283.364897418,259.644029330,238.257423939,272.400000000,0.000000000,0.000000000
point-0001746,283.365879284,259.642760281,238.256390760,272.400000000,0.000000000,0.000000000
point-0001747,283.366861149,259.641482821,238.255367998,272.400000000,0.000000000,0.000000000
point-0001748,283.367843015,259.640197036,238.254355723,272.400000000,0.000000000,0.000000000
point-0001749,283.368824880,259.638903011,238.253354003,272.400000000,0.000000000,0.000000000
point-0001750,283.369806746,259.637600833,238.252362904,272.400000000,0.000000000,0.000000000
point-0001751,283.370788611,259.636290589,238.251382493,272.400000000,0.000000000,0.000000000
point-0001752,284.254123224,258.453932309,237.374186138,272.400000000,0.000000000,0.000000000
point-0001753,284.255105178,258.452613967,237.373216392,272.400000000,0.000000000,0.000000000
point-0001754,284.256087133,258.451287734,237.372257467,272.400000000,0.000000000,0.000000000
point-0001755,284.257069088,258.449953699,237.371309427,272.400000000,0.000000000,0.000000000
point-0001756,284.258051042,258.448611951,237.370372335,272.400000000,0.000000000,0.000000000
point-0001757,284.259032997,258.447262580,237.369446253,272.400000000,0.000000000,0.000000000
point-0001758,284.260014952,258.445905676,237.368531244,272.400000000,0.000000000,0.000000000
point-0001759,284.260996906,258.444541329,237.367627369,272.400000000,0.000000000,0.000000000
point-0001760,284.261978861,258.443169633,237.366734689,272.400000000,0.000000000,0.000000000
point-0001761,284.262960816,258.441790677,237.365853263,272.400000000,0.000000000,0.000000000
point-0001762,284.263942770,258.440404555,237.364983150,272.400000000,0.000000000,0.000000000
point-0001763,284.264924725,258.439011359,237.364124409,272.400000000,0.000000000,0.000000000
point-0001764,284.265906680,258.437611183,237.363277097,272.400000000,0.000000000,0.000000000
point-0001765,285.149333660,257.174818096,236.606143372,272.400000000,0.000000000,0.000000000
point-0001766,285.150315689,257.173410926,236.605307483,272.400000000,0.000000000,0.000000000
point-0001767,285.151297718,257.171996964,236.604483137,272.400000000,0.000000000,0.000000000
point-0001768,285.152279747,257.170576302,236.603670391,272.400000000,0.000000000,0.000000000
point-0001769,285.153261776,257.169149037,236.602869297,272.400000000,0.000000000,0.000000000
point-0001770,285.154243805,257.167715263,236.602079911,272.400000000,0.000000000,0.000000000
point-0001771,285.155225834,257.166275078,236.601302284,272.400000000,0.000000000,0.000000000
point-0001772,285.156207864,257.164828578,236.600536469,272.400000000,0.000000000,0.000000000
point-0001773,285.157189893,257.163375859,236.599782517,272.400000000,0.000000000,0.000000000
point-0001774,285.158171922,257.161917018,236.599040478,272.400000000,0.000000000,0.000000000
point-0001775,285.159153951,257.160452154,236.598310403,272.400000000,0.000000000,0.000000000
point-0001776,285.160135980,257.158981364,236.597592340,272.400000000,0.000000000,0.000000000
point-0001777,285.161118009,257.157504748,236.596886338,272.400000000,0.000000000,0.000000000
point-0001778,286.044539228,255.826571059,235.967215713,272.400000000,0.000000000,0.000000000
point-0001779,286.045521258,255.825088712,235.966521817,272.400000000,0.000000000,0.000000000
point-0001780,286.046503288,255.823600737,235.965840075,272.400000000,0.000000000,0.000000000
point-0001781,286.047485318,255.822107232,235.965170533,272.400000000,0.000000000,0.000000000
point-0001782,286.048467348,255.820608299,235.964513235,272.400000000,0.000000000,0.000000000
point-0001783,286.049449378,255.819104036,235.963868226,272.400000000,0.000000000,0.000000000
point-0001784,286.050431409,255.817594545,235.963235549,272.400000000,0.000000000,0.000000000
point-0001785,286.051413439,255.816079928,235.962615246,272.400000000,0.000000000,0.000000000
point-0001786,286.052395469,255.814560285,235.962007358,272.400000000,0.000000000,0.000000000
point-0001787,286.053377499,255.813035718,235.961411927,272.400000000,0.000000000,0.000000000
point-0001788,286.054359529,255.811506329,235.960828992,272.400000000,0.000000000,0.000000000
point-0001789,286.055341560,255.809972221,235.960258593,272.400000000,0.000000000,0.000000000
point-0001790,286.056323590,255.808433497,235.959700767,272.400000000,0.000000000,0.000000000
point-0001791,286.939714690,254.422223212,235.463572945,272.400000000,0.000000000,0.000000000
point-0001792,286.940696723,254.420679972,235.463027728,272.400000000,0.000000000,0.000000000
point-0001793,286.941678755,254.419132320,235.462495159,272.400000000,0.000000000,0.000000000
point-0001794,286.942660787,254.417580363,235.461975274,272.400000000,0.000000000,0.000000000
point-0001795,286.943642819,254.416024203,235.461468106,272.400000000,0.000000000,0.000000000
point-0001796,286.944624851,254.414463944,235.460973690,272.400000000,0.000000000,0.000000000
point-0001797,286.945606884,254.412899692,235.460492059,272.400000000,0.000000000,0.000000000
point-0001798,286.946588916,254.411331551,235.460023245,272.400000000,0.000000000,0.000000000
point-0001799,286.947570948,254.409759626,235.459567280,272.400000000,0.000000000,0.000000000
point-0001800,286.948552980,254.408184022,235.459124194,272.400000000,0.000000000,0.000000000
point-0001801,286.949535012,254.406604844,235.458694017,272.400000000,0.000000000,0.000000000
point-0001802,286.950517045,254.405022199,235.458276777,272.400000000,0.000000000,0.000000000
point-0001803,286.951499077,254.403436193,235.457872503,272.400000000,0.000000000,0.000000000
point-0001804,287.834897410,252.975249888,235.100044132,272.400000000,0.000000000,0.000000000
point-0001805,287.835879478,252.973660569,235.099652837,272.400000000,0.000000000,0.000000000
point-0001806,287.836861546,252.972068101,235.099274562,272.400000000,0.000000000,0.000000000
point-0001807,287.837843613,252.970472590,235.098909331,272.400000000,0.000000000,0.000000000
point-0001808,287.838825681,252.968874144,235.098557171,272.400000000,0.000000000,0.000000000
point-0001809,287.839807749,252.967272869,235.098218103,272.400000000,0.000000000,0.000000000
point-0001810,287.840789817,252.965668873,235.097892152,272.400000000,0.000000000,0.000000000
point-0001811,287.841771885,252.964062263,235.097579338,272.400000000,0.000000000,0.000000000
point-0001812,287.842753953,252.962453147,235.097279683,272.400000000,0.000000000,0.000000000
point-0001813,287.843736020,252.960841632,235.096993207,272.400000000,0.000000000,0.000000000
point-0001814,287.844718088,252.959227827,235.096719929,272.400000000,0.000000000,0.000000000
point-0001815,287.845700156,252.957611840,235.096459867,272.400000000,0.000000000,0.000000000
point-0001816,287.846682224,252.955993778,235.096213038,272.400000000,0.000000000,0.000000000
point-0001817,288.730113066,251.499550696,234.880133515,272.400000000,0.000000000,0.000000000
point-0001818,288.731095140,251.497930658,234.879899936,272.400000000,0.000000000,0.000000000
point-0001819,288.732077214,251.496308762,234.879679622,272.400000000,0.000000000,0.000000000
point-0001820,288.733059288,251.494685118,234.879472589,272.400000000,0.000000000,0.000000000
point-0001821,288.734041362,251.493059834,234.879278851,272.400000000,0.000000000,0.000000000
point-0001822,288.735023437,251.491433019,234.879098421,272.400000000,0.000000000,0.000000000
point-0001823,288.736005511,251.489804782,234.878931310,272.400000000,0.000000000,0.000000000
point-0001824,288.736987585,251.488175232,234.878777530,272.400000000,0.000000000,0.000000000
point-0001825,288.737969659,251.486544478,234.878637091,272.400000000,0.000000000,0.000000000
point-0001826,288.738951733,251.484912629,234.878510003,272.400000000,0.000000000,0.000000000
point-0001827,288.739933807,251.483279795,234.878396274,272.400000000,0.000000000,0.000000000
point-0001828,288.740915881,251.481646084,234.878295912,272.400000000,0.000000000,0.000000000
point-0001829,288.741897956,251.480011607,234.878208923,272.400000000,0.000000000,0.000000000
point-0001830,289.625298643,250.009450018,234.805977144,272.400000000,0.000000000,0.000000000
point-0001831,289.626280670,250.007814961,234.805903537,272.400000000,0.000000000,0.000000000
point-0001832,289.627262698,250.006179357,234.805843314,272.400000000,0.000000000,0.000000000
point-0001833,289.628244726,250.004543314,234.805796477,272.400000000,0.000000000,0.000000000
point-0001834,289.629226754,250.002906943,234.805763031,272.400000000,0.000000000,0.000000000
point-0001835,289.630208781,250.001270353,234.805742977,272.400000000,0.000000000,0.000000000
point-0001836,289.631190809,249.999633654,234.805736317,272.400000000,0.000000000,0.000000000
point-0001837,289.632172837,249.997996955,234.805743051,272.400000000,0.000000000,0.000000000
point-0001838,289.633154864,249.996360366,234.805763178,272.400000000,0.000000000,0.000000000
point-0001839,289.634136892,249.994723996,234.805796698,272.400000000,0.000000000,0.000000000
point-0001840,289.635118920,249.993087956,234.805843608,272.400000000,0.000000000,0.000000000
point-0001841,289.636100948,249.991452354,234.805903905,272.400000000,0.000000000,0.000000000
point-0001842,289.637082975,249.989817300,234.805977585,272.400000000,0.000000000,0.000000000
point-0001843,290.520424468,248.519357497,234.878270599,272.400000000,0.000000000,0.000000000
point-0001844,290.521406461,248.517723158,234.878357654,272.400000000,0.000000000,0.000000000
point-0001845,290.522388454,248.516089587,234.878458080,272.400000000,0.000000000,0.000000000
point-0001846,290.523370447,248.514456893,234.878571870,272.400000000,0.000000000,0.000000000
point-0001847,290.524352440,248.512825184,234.878699017,272.400000000,0.000000000,0.000000000
point-0001848,290.525334433,248.511194570,234.878839512,272.400000000,0.000000000,0.000000000
point-0001849,290.526316426,248.509565161,234.878993347,272.400000000,0.000000000,0.000000000
point-0001850,290.527298419,248.507937065,234.879160510,272.400000000,0.000000000,0.000000000
point-0001851,290.528280412,248.506310392,234.879340990,272.400000000,0.000000000,0.000000000
point-0001852,290.529262405,248.504685250,234.879534776,272.400000000,0.000000000,0.000000000
point-0001853,290.530244399,248.503061748,234.879741854,272.400000000,0.000000000,0.000000000
point-0001854,290.531226392,248.501439995,234.879962211,272.400000000,0.000000000,0.000000000
point-0001855,290.532208385,248.499820099,234.880195832,272.400000000,0.000000000,0.000000000
point-0001856,291.415551195,247.043530104,235.096307449,272.400000000,0.000000000,0.000000000
point-0001857,291.416533179,247.041912189,235.096554316,272.400000000,0.000000000,0.000000000
point-0001858,291.417515163,247.040296349,235.096814413,272.400000000,0.000000000,0.000000000
point-0001859,291.418497148,247.038682691,235.097087725,272.400000000,0.000000000,0.000000000
point-0001860,291.419479132,247.037071324,235.097374232,272.400000000,0.000000000,0.000000000
point-0001861,291.420461116,247.035462355,235.097673916,272.400000000,0.000000000,0.000000000
point-0001862,291.421443100,247.033855892,235.097986756,272.400000000,0.000000000,0.000000000
point-0001863,291.422425084,247.032252044,235.098312732,272.400000000,0.000000000,0.000000000
point-0001864,291.423407068,247.030650916,235.098651821,272.400000000,0.000000000,0.000000000
point-0001865,291.424389052,247.029052617,235.099004001,272.400000000,0.000000000,0.000000000
point-0001866,291.425371036,247.027457253,235.099369248,272.400000000,0.000000000,0.000000000
point-0001867,291.426353020,247.025864931,235.099747538,272.400000000,0.000000000,0.000000000
point-0001868,291.427335005,247.024275759,235.100138845,272.400000000,0.000000000,0.000000000
point-0001869,292.310672931,245.596197295,235.457983380,272.400000000,0.000000000,0.000000000
point-0001870,292.311654906,245.594611392,235.458387676,272.400000000,0.000000000,0.000000000
point-0001871,292.312636881,245.593028851,235.458804935,272.400000000,0.000000000,0.000000000
point-0001872,292.313618856,245.591449777,235.459235130,272.400000000,0.000000000,0.000000000
point-0001873,292.314600831,245.589874276,235.459678233,272.400000000,0.000000000,0.000000000
point-0001874,292.315582807,245.588302454,235.460134213,272.400000000,0.000000000,0.000000000
point-0001875,292.316564782,245.586734416,235.460603040,272.400000000,0.000000000,0.000000000
point-0001876,292.317546757,245.585170266,235.461084682,272.400000000,0.000000000,0.000000000
point-0001877,292.318528732,245.583610111,235.461579109,272.400000000,0.000000000,0.000000000
point-0001878,292.319510708,245.582054053,235.462086285,272.400000000,0.000000000,0.000000000
point-0001879,292.320492683,245.580502198,235.462606178,272.400000000,0.000000000,0.000000000
point-0001880,292.321474658,245.578954650,235.463138752,272.400000000,0.000000000,0.000000000
point-0001881,292.322456633,245.577411511,235.463683972,272.400000000,0.000000000,0.000000000
point-0001882,293.205803876,244.191281337,235.959818705,272.400000000,0.000000000,0.000000000
point-0001883,293.206785830,244.189742745,235.960376522,272.400000000,0.000000000,0.000000000
point-0001884,293.207767783,244.188208770,235.960946910,272.400000000,0.000000000,0.000000000
point-0001885,293.208749736,244.186679513,235.961529832,272.400000000,0.000000000,0.000000000
point-0001886,293.209731690,244.185155077,235.962125248,272.400000000,0.000000000,0.000000000
point-0001887,293.210713643,244.183635565,235.962733118,272.400000000,0.000000000,0.000000000
point-0001888,293.211695597,244.182121078,235.963353402,272.400000000,0.000000000,0.000000000
point-0001889,293.212677550,244.180611717,235.963986058,272.400000000,0.000000000,0.000000000
point-0001890,293.213659504,244.179107583,235.964631043,272.400000000,0.000000000,0.000000000
point-0001891,293.214641457,244.177608778,235.965288316,272.400000000,0.000000000,0.000000000
point-0001892,293.215623411,244.176115401,235.965957830,272.400000000,0.000000000,0.000000000
point-0001893,293.216605364,244.174627553,235.966639543,272.400000000,0.000000000,0.000000000
point-0001894,293.217587318,244.173145333,235.967333407,272.400000000,0.000000000,0.000000000
point-0001895,294.100915396,242.842361464,236.596957721,272.400000000,0.000000000,0.000000000
point-0001896,294.101897313,242.840885026,236.597663665,272.400000000,0.000000000,0.000000000
point-0001897,294.102879231,242.839414413,236.598381667,272.400000000,0.000000000,0.000000000
point-0001898,294.103861149,242.837949724,236.599111678,272.400000000,0.000000000,0.000000000
point-0001899,294.104843067,242.836491058,236.599853649,272.400000000,0.000000000,0.000000000
point-0001900,294.105824984,242.835038512,236.600607531,272.400000000,0.000000000,0.000000000
point-0001901,294.106806902,242.833592183,236.601373274,272.400000000,0.000000000,0.000000000
point-0001902,294.107788820,242.832152168,236.602150826,272.400000000,0.000000000,0.000000000
point-0001903,294.108770737,242.830718564,236.602940134,272.400000000,0.000000000,0.000000000
point-0001904,294.109752655,242.829291466,236.603741147,272.400000000,0.000000000,0.000000000
point-0001905,294.110734573,242.827870971,236.604553811,272.400000000,0.000000000,0.000000000
point-0001906,294.111716491,242.826457173,236.605378070,272.400000000,0.000000000,0.000000000
point-0001907,294.112698408,242.825050167,236.606213871,272.400000000,0.000000000,0.000000000
point-0001908,294.996018746,241.562412503,237.363261178,272.400000000,0.000000000,0.000000000
point-0001909,294.997000634,241.561012424,237.364108438,272.400000000,0.000000000,0.000000000
point-0001910,294.997982523,241.559619325,237.364967126,272.400000000,0.000000000,0.000000000
point-0001911,294.998964411,241.558233298,237.365837183,272.400000000,0.000000000,0.000000000
point-0001912,294.999946300,241.556854437,237.366718553,272.400000000,0.000000000,0.000000000
point-0001913,295.000928189,241.555482834,237.367611175,272.400000000,0.000000000,0.000000000
point-0001914,295.001910077,241.554118580,237.368514991,272.400000000,0.000000000,0.000000000
point-0001915,295.002891966,241.552761768,237.369429938,272.400000000,0.000000000,0.000000000
point-0001916,295.003873855,241.551412487,237.370355958,272.400000000,0.000000000,0.000000000
point-0001917,295.004855743,241.550070828,237.371292986,272.400000000,0.000000000,0.000000000
point-0001918,295.005837632,241.548736882,237.372240961,272.400000000,0.000000000,0.000000000
point-0001919,295.006819520,241.547410736,237.373199819,272.400000000,0.000000000,0.000000000
point-0001920,295.007801409,241.546092481,237.374169496,272.400000000,0.000000000,0.000000000
point-0001921,295.891122959,240.363749353,238.251349736,272.400000000,0.000000000,0.000000000
point-0001922,295.892104817,240.362439117,238.252330136,272.400000000,0.000000000,0.000000000
point-0001923,295.893086675,240.361136946,238.253321224,272.400000000,0.000000000,0.000000000
point-0001924,295.894068534,240.359842927,238.254322934,272.400000000,0.000000000,0.000000000
point-0001925,295.895050392,240.358557148,238.255335197,272.400000000,0.000000000,0.000000000
point-0001926,295.896032251,240.357279695,238.256357947,272.400000000,0.000000000,0.000000000
point-0001927,295.897014109,240.356010652,238.257391116,272.400000000,0.000000000,0.000000000
point-0001928,295.897995967,240.354750106,238.258434633,272.400000000,0.000000000,0.000000000
point-0001929,295.898977826,240.353498139,238.259488429,272.400000000,0.000000000,0.000000000
point-0001930,295.899959684,240.352254837,238.260552433,272.400000000,0.000000000,0.000000000
point-0001931,295.900941543,240.351020283,238.261626574,272.400000000,0.000000000,0.000000000
point-0001932,295.901923401,240.349794558,238.262710781,272.400000000,0.000000000,0.000000000
point-0001933,295.902905259,240.348577745,238.263804981,272.400000000,0.000000000,0.000000000
point-0001934,296.786227196,239.257917361,239.252664056,272.400000000,0.000000000,0.000000000
point-0001935,296.787209020,239.256709584,239.253768136,272.400000000,0.000000000,0.000000000
point-0001936,296.788190845,239.255510881,239.254882061,272.400000000,0.000000000,0.000000000
point-0001937,296.789172669,239.254321331,239.256005757,272.400000000,0.000000000,0.000000000
point-0001938,296.790154493,239.253141016,239.257139147,272.400000000,0.000000000,0.000000000
point-0001939,296.791136317,239.251970013,239.258282157,272.400000000,0.000000000,0.000000000
point-0001940,296.792118142,239.250808401,239.259434710,272.400000000,0.000000000,0.000000000
point-0001941,296.793099966,239.249656258,239.260596727,272.400000000,0.000000000,0.000000000
point-0001942,296.794081790,239.248513661,239.261768133,272.400000000,0.000000000,0.000000000
point-0001943,296.795063615,239.247380686,239.262948848,272.400000000,0.000000000,0.000000000
point-0001944,296.796045439,239.246257410,239.264138793,272.400000000,0.000000000,0.000000000
point-0001945,296.797027263,239.245143907,239.265337889,272.400000000,0.000000000,0.000000000
point-0001946,296.798009087,239.244040252,239.266546055,272.400000000,0.000000000,0.000000000
point-0001947,297.681331440,238.255565019,240.357555267,272.400000000,0.000000000,0.000000000
point-0001948,297.682313229,238.254471326,240.358772379,272.400000000,0.000000000,0.000000000
point-0001949,297.683295018,238.253387626,240.359998398,272.400000000,0.000000000,0.000000000
point-0001950,297.684276807,238.252313994,240.361233242,272.400000000,0.000000000,0.000000000
point-0001951,297.685258596,238.251250500,240.362476829,272.400000000,0.000000000,0.000000000
point-0001952,297.686240385,238.250197217,240.363729075,272.400000000,0.000000000,0.000000000
point-0001953,297.687222174,238.249154214,240.364989896,272.400000000,0.000000000,0.000000000
point-0001954,297.688203963,238.248121561,240.366259209,272.400000000,0.000000000,0.000000000
point-0001955,297.689185752,238.247099328,240.367536928,272.400000000,0.000000000,0.000000000
point-0001956,297.690167541,238.246087582,240.368822967,272.400000000,0.000000000,0.000000000
point-0001957,297.691149330,238.245086393,240.370117242,272.400000000,0.000000000,0.000000000
point-0001958,297.692131119,238.244095826,240.371419664,272.400000000,0.000000000,0.000000000
point-0001959,297.693112908,238.243115947,240.372730146,272.400000000,0.000000000,0.000000000
point-0001960,298.576444127,237.366334497,241.555389094,272.400000000,0.000000000,0.000000000
point-0001961,298.577425875,237.365365414,241.556707494,272.400000000,0.000000000,0.000000000
point-0001962,298.578407622,237.364407149,241.558033778,272.400000000,0.000000000,0.000000000
point-0001963,298.579389370,237.363459767,241.559367857,272.400000000,0.000000000,0.000000000
point-0001964,298.580371117,237.362523331,241.560709643,272.400000000,0.000000000,0.000000000
point-0001965,298.581352865,237.361597904,241.562059045,272.400000000,0.000000000,0.000000000
point-0001966,298.582334612,237.360683547,241.563415972,272.400000000,0.000000000,0.000000000
point-0001967,298.583316360,237.359780322,241.564780335,272.400000000,0.000000000,0.000000000
point-0001968,298.584298108,237.358888290,241.566152041,272.400000000,0.000000000,0.000000000
point-0001969,298.585279855,237.358007509,241.567531000,272.400000000,0.000000000,0.000000000
point-0001970,298.586261603,237.357138040,241.568917118,272.400000000,0.000000000,0.000000000
point-0001971,298.587243350,237.356279940,241.570310303,272.400000000,0.000000000,0.000000000
point-0001972,298.588225098,237.355433266,241.571710462,272.400000000,0.000000000,0.000000000
point-0001973,299.471553656,236.598797212,242.834610585,272.400000000,0.000000000,0.000000000
point-0001974,299.472535354,236.597962064,242.836017553,272.400000000,0.000000000,0.000000000
point-0001975,299.473517052,236.597138453,242.837431305,272.400000000,0.000000000,0.000000000
point-0001976,299.474498751,236.596326435,242.838851748,272.400000000,0.000000000,0.000000000
point-0001977,299.475480449,236.595526065,242.840278787,272.400000000,0.000000000,0.000000000
point-0001978,299.476462147,236.594737396,242.841712325,272.400000000,0.000000000,0.000000000
point-0001979,299.477443845,236.593960480,242.843152268,272.400000000,0.000000000,0.000000000
point-0001980,299.478425543,236.593195371,242.844598518,272.400000000,0.000000000,0.000000000
point-0001981,299.479407242,236.592442118,242.846050979,272.400000000,0.000000000,0.000000000
point-0001982,299.480388940,236.591700773,242.847509553,272.400000000,0.000000000,0.000000000
point-0001983,299.481370638,236.590971385,242.848974143,272.400000000,0.000000000,0.000000000
point-0001984,299.482352336,236.590254002,242.850444651,272.400000000,0.000000000,0.000000000
point-0001985,299.483334034,236.589548674,242.851920979,272.400000000,0.000000000,0.000000000
point-0001986,300.366665310,235.960333730,244.182904347,272.400000000,0.000000000,0.000000000
point-0001987,300.367646953,235.959640541,244.184386313,272.400000000,0.000000000,0.000000000
point-0001988,300.368628597,235.958959498,244.185873900,272.400000000,0.000000000,0.000000000
point-0001989,300.369610241,235.958290646,244.187367009,272.400000000,0.000000000,0.000000000
point-0001990,300.370591885,235.957634031,244.188865539,272.400000000,0.000000000,0.000000000
point-0001991,300.371573529,235.956989696,244.190369390,272.400000000,0.000000000,0.000000000
point-0001992,300.372555173,235.956357685,244.191878462,272.400000000,0.000000000,0.000000000
point-0001993,300.373536817,235.955738040,244.193392653,272.400000000,0.000000000,0.000000000
point-0001994,300.374518461,235.955130802,244.194911863,272.400000000,0.000000000,0.000000000
point-0001995,300.375500105,235.954536011,244.196435989,272.400000000,0.000000000,0.000000000
point-0001996,300.376481749,235.953953709,244.197964930,272.400000000,0.000000000,0.000000000
point-0001997,300.377463393,235.953383933,244.199498582,272.400000000,0.000000000,0.000000000
point-0001998,300.378445037,235.952826722,244.201036845,272.400000000,0.000000000,0.000000000
point-0001999,301.261772119,235.457089156,245.587273425,272.400000000,0.000000000,0.000000000
point-0002000,301.262753703,235.456544579,245.588816101,272.400000000,0.000000000,0.000000000
point-0002001,301.263735287,235.456012640,245.590363179,272.400000000,0.000000000,0.000000000
point-0002002,301.264716872,235.455493373,245.591914557,272.400000000,0.000000000,0.000000000
point-0002003,301.265698456,235.454986814,245.593470130,272.400000000,0.000000000,0.000000000
point-0002004,301.266680041,235.454492996,245.595029795,272.400000000,0.000000000,0.000000000
point-0002005,301.267661625,235.454011952,245.596593447,272.400000000,0.000000000,0.000000000
point-0002006,301.268643209,235.453543715,245.598160982,272.400000000,0.000000000,0.000000000
point-0002007,301.269624794,235.453088315,245.599732294,272.400000000,0.000000000,0.000000000
point-0002008,301.270606378,235.452645784,245.601307279,272.400000000,0.000000000,0.000000000
point-0002009,301.271587963,235.452216150,245.602885831,272.400000000,0.000000000,0.000000000
point-0002010,301.272569547,235.451799443,245.604467844,272.400000000,0.000000000,0.000000000
point-0002011,301.273551131,235.451395691,245.606053213,272.400000000,0.000000000,0.000000000
point-0002012,302.156877463,235.093897554,247.034198512,272.400000000,0.000000000,0.000000000
point-0002013,302.157858987,235.093506807,247.035787033,272.400000000,0.000000000,0.000000000
point-0002014,302.158840512,235.093129065,247.037378697,272.400000000,0.000000000,0.000000000
point-0002015,302.159822036,235.092764355,247.038973398,272.400000000,0.000000000,0.000000000
point-0002016,302.160803560,235.092412701,247.040571028,272.400000000,0.000000000,0.000000000
point-0002017,302.161785085,235.092074126,247.042171481,272.400000000,0.000000000,0.000000000
point-0002018,302.162766609,235.091748653,247.043774650,272.400000000,0.000000000,0.000000000
point-0002019,302.163748134,235.091436304,247.045380428,272.400000000,0.000000000,0.000000000
point-0002020,302.164729658,235.091137099,247.046988707,272.400000000,0.000000000,0.000000000
point-0002021,302.165711182,235.090851059,247.048599379,272.400000000,0.000000000,0.000000000
point-0002022,302.166692707,235.090578202,247.050212336,272.400000000,0.000000000,0.000000000
point-0002023,302.167674231,235.090318548,247.051827472,272.400000000,0.000000000,0.000000000
point-0002024,302.168655755,235.090072113,247.053444678,272.400000000,0.000000000,0.000000000
point-0002025,303.051981369,234.874246195,248.509748067,272.400000000,0.000000000,0.000000000
point-0002026,303.052962832,234.874013010,248.511367133,272.400000000,0.000000000,0.000000000
point-0002027,303.053944295,234.873793074,248.512988052,272.400000000,0.000000000,0.000000000
point-0002028,303.054925759,234.873586404,248.514610715,272.400000000,0.000000000,0.000000000
point-0002029,303.055907222,234.873393011,248.516235015,272.400000000,0.000000000,0.000000000
point-0002030,303.056888685,234.873212910,248.517860842,272.400000000,0.000000000,0.000000000
point-0002031,303.057870148,234.873046112,248.519488088,272.400000000,0.000000000,0.000000000
point-0002032,303.058851612,234.872892629,248.521116643,272.400000000,0.000000000,0.000000000
point-0002033,303.059833075,234.872752470,248.522746400,272.400000000,0.000000000,0.000000000
point-0002034,303.060814538,234.872625646,248.524377248,272.400000000,0.000000000,0.000000000
point-0002035,303.061796001,234.872512164,248.526009079,272.400000000,0.000000000,0.000000000
point-0002036,303.062777465,234.872412032,248.527641783,272.400000000,0.000000000,0.000000000
point-0002037,303.063758928,234.872325257,248.529275252,272.400000000,0.000000000,0.000000000
point-0002038,303.947083468,234.800239954,249.999716965,272.400000000,0.000000000,0.000000000
point-0002039,303.948064870,234.800166546,250.001350986,272.400000000,0.000000000,0.000000000
point-0002040,303.949046271,234.800106504,250.002985553,272.400000000,0.000000000,0.000000000
point-0002041,303.950027673,234.800059832,250.004620556,272.400000000,0.000000000,0.000000000
point-0002042,303.951009074,234.800026533,250.006255886,272.400000000,0.000000000,0.000000000
point-0002043,303.951990476,234.800006609,250.007891434,272.400000000,0.000000000,0.000000000
point-0002044,303.952971877,234.800000062,250.009527090,272.400000000,0.000000000,0.000000000
point-0002045,304.098512985,234.606728324,250.156106484,272.400000000,0.000000000,0.000000000
point-0002046,304.217935087,234.407691487,250.156106484,272.400000000,0.000000000,0.000000000
point-0002047,304.517996510,234.417809886,249.656106484,272.400000000,0.000000000,0.000000000
point-0002048,304.637417310,234.616844553,249.656106484,272.400000000,0.000000000,0.000000000
point-0002049,304.937777581,234.641355998,249.156106484,272.400000000,0.000000000,0.000000000
point-0002050,305.057198251,234.442321548,249.156106484,272.400000000,0.000000000,0.000000000
point-0002051,305.357558527,234.466833210,248.656106484,272.400000000,0.000000000,0.000000000
point-0002052,305.476979068,234.665867444,248.656106484,272.400000000,0.000000000,0.000000000
point-0002053,305.779032726,234.724471873,248.156106484,272.400000000,0.000000000,0.000000000
point-0002054,305.899615762,234.523500147,248.156106484,272.400000000,0.000000000,0.000000000
point-0002055,306.202892485,234.597601631,247.656106484,272.400000000,0.000000000,0.000000000
point-0002056,306.323474992,234.798572476,247.656106484,272.400000000,0.000000000,0.000000000
point-0002057,306.626751638,234.872673079,247.156106484,272.400000000,0.000000000,0.000000000
point-0002058,306.747333615,234.671703116,247.156106484,272.400000000,0.000000000,0.000000000
point-0002059,307.053967170,234.777429925,246.656106484,272.400000000,0.000000000,0.000000000
point-0002060,307.176932323,234.982371846,246.656106484,272.400000000,0.000000000,0.000000000
point-0002061,307.480727098,234.902593242,246.156106484,272.400000000,0.000000000,0.000000000
point-0002062,307.603691270,235.107533529,246.156106484,272.400000000,0.000000000,0.000000000
point-0002063,307.907485891,235.027756558,245.656106484,272.400000000,0.000000000,0.000000000
point-0002064,308.030449083,235.232695211,245.656106484,272.400000000,0.000000000,0.000000000
point-0002065,308.331659832,235.187728690,245.156106484,272.400000000,0.000000000,0.000000000
point-0002066,308.458348433,235.398876358,245.156106484,272.400000000,0.000000000,0.000000000
point-0002067,308.758975224,235.366538395,244.656106484,272.400000000,0.000000000,0.000000000
point-0002068,308.885662193,235.577683342,244.656106484,272.400000000,0.000000000,0.000000000
point-0002069,309.186288879,235.545348099,244.156106484,272.400000000,0.000000000,0.000000000
point-0002070,309.312974216,235.756490327,244.156106484,272.400000000,0.000000000,0.000000000
point-0002071,309.613056840,235.768225976,243.656106484,272.400000000,0.000000000,0.000000000
point-0002072,309.745012307,235.988151756,243.656106484,272.400000000,0.000000000,0.000000000
point-0002073,310.045174633,236.004602156,243.156106484,272.400000000,0.000000000,0.000000000
point-0002074,310.177127715,236.224523960,243.156106484,272.400000000,0.000000000,0.000000000
point-0002075,310.477290119,236.240978336,242.656106484,272.400000000,0.000000000,0.000000000
point-0002076,310.616260391,236.472595456,242.656106484,272.400000000,0.000000000,0.000000000
point-0002077,310.919003527,236.540365631,242.156106484,272.400000000,0.000000000,0.000000000
point-0002078,311.058079164,236.772158358,242.156106484,272.400000000,0.000000000,0.000000000
point-0002079,311.360822740,236.839933992,241.656106484,272.400000000,0.000000000,0.000000000
point-0002080,311.499895102,237.071721261,241.656106484,272.400000000,0.000000000,0.000000000
point-0002081,311.805164098,237.165842345,241.156106484,272.400000000,0.000000000,0.000000000
point-0002082,311.953687229,237.413380897,241.156106484,272.400000000,0.000000000,0.000000000
point-0002083,312.262652954,237.536531880,240.656106484,272.400000000,0.000000000,0.000000000
point-0002084,312.411171738,237.784063186,240.656106484,272.400000000,0.000000000,0.000000000
point-0002085,312.720138503,237.907221415,240.156106484,272.400000000,0.000000000,0.000000000
point-0002086,312.876726968,238.168202191,240.156106484,272.400000000,0.000000000,0.000000000
point-0002087,313.196534818,238.352872026,239.656106484,272.400000000,0.000000000,0.000000000
point-0002088,313.357538660,238.621211762,239.656106484,272.400000000,0.000000000,0.000000000
point-0002089,313.677348462,238.805890982,239.156106484,272.400000000,0.000000000,0.000000000
point-0002090,313.838346673,239.074221334,239.156106484,272.400000000,0.000000000,0.000000000
point-0002091,314.173177452,239.322054449,238.656106484,272.400000000,0.000000000,0.000000000
point-0002092,314.350823711,239.618131546,238.656106484,272.400000000,0.000000000,0.000000000
point-0002093,314.687698036,239.873541407,238.156106484,272.400000000,0.000000000,0.000000000
point-0002094,314.865336593,240.169605670,238.156106484,272.400000000,0.000000000,0.000000000
point-0002095,315.223801523,240.496616991,237.656106484,272.400000000,0.000000000,0.000000000
point-0002096,315.424074424,240.830405159,237.656106484,272.400000000,0.000000000,0.000000000
point-0002097,315.786922665,241.170580139,237.156106484,272.400000000,0.000000000,0.000000000
point-0002098,315.995963902,241.518982201,237.156106484,272.400000000,0.000000000,0.000000000
point-0002099,316.398433682,241.966139654,236.656106484,272.400000000,0.000000000,0.000000000
point-0002100,316.630492748,242.352904765,236.656106484,272.400000000,0.000000000,0.000000000
point-0002101,317.049915797,242.841427748,236.156106484,272.400000000,0.000000000,0.000000000
point-0002102,317.328961164,243.306503360,236.156106484,272.400000000,0.000000000,0.000000000
point-0002103,317.793796324,243.898279700,235.656106484,272.400000000,0.000000000,0.000000000
point-0002104,318.122622987,244.446324140,235.656106484,272.400000000,0.000000000,0.000000000
point-0002105,318.692098057,245.253069754,235.156106484,272.400000000,0.000000000,0.000000000
point-0002106,319.127109705,245.978089168,235.156106484,272.400000000,0.000000000,0.000000000
point-0002107,319.970778500,247.292303166,234.656106484,272.400000000,0.000000000,0.000000000
point-0002108,320.974557592,248.965268319,234.656106484,272.400000000,0.000000000,0.000000000
point-0002109,322.216359719,251.034938531,234.656106484,272.400000000,0.000000000,0.000000000
point-0002110,323.220009608,252.707688345,234.656106484,272.400000000,0.000000000,0.000000000
point-0002111,324.063696662,254.021934903,235.156106484,272.400000000,0.000000000,0.000000000
point-0002112,324.498696570,254.746934750,235.156106484,272.400000000,0.000000000,0.000000000
point-0002113,325.068180172,255.553697094,235.656106484,272.400000000,0.000000000,0.000000000
point-0002114,325.396995528,256.101722687,235.656106484,272.400000000,0.000000000,0.000000000
point-0002115,325.861827597,256.693492285,236.156106484,272.400000000,0.000000000,0.000000000
point-0002116,326.140877191,257.158574942,236.156106484,272.400000000,0.000000000,0.000000000
point-0002117,326.560294561,257.647084382,236.656106484,272.400000000,0.000000000,0.000000000
point-0002118,326.792360178,258.033860409,236.656106484,272.400000000,0.000000000,0.000000000
point-0002119,327.194828574,258.481014403,237.156106484,272.400000000,0.000000000,0.000000000
point-0002120,327.403870971,258.829418398,237.156106484,272.400000000,0.000000000,0.000000000
point-0002121,327.766719383,259.169593885,237.656106484,272.400000000,0.000000000,0.000000000
point-0002122,327.966993192,259.503383567,237.656106484,272.400000000,0.000000000,0.000000000
point-0002123,328.325459065,259.830397763,238.156106484,272.400000000,0.000000000,0.000000000
point-0002124,328.503094962,260.126457590,238.156106484,272.400000000,0.000000000,0.000000000
point-0002125,328.839969477,260.381868148,238.656106484,272.400000000,0.000000000,0.000000000
point-0002126,329.017616263,260.677946124,238.656106484,272.400000000,0.000000000,0.000000000
point-0002127,329.352447735,260.925781839,239.156106484,272.400000000,0.000000000,0.000000000
point-0002128,329.513443460,261.194108048,239.156106484,272.400000000,0.000000000,0.000000000
point-0002129,329.833253498,261.378788402,239.656106484,272.400000000,0.000000000,0.000000000
point-0002130,329.994257391,261.647128224,239.656106484,272.400000000,0.000000000,0.000000000
point-0002131,330.314064598,261.831794965,240.156106484,272.400000000,0.000000000,0.000000000
point-0002132,330.470654082,262.092777439,240.156106484,272.400000000,0.000000000,0.000000000
point-0002133,330.779621152,262.215937793,240.656106484,272.400000000,0.000000000,0.000000000
point-0002134,330.928139178,262.463467836,240.656106484,272.400000000,0.000000000,0.000000000
point-0002135,331.237104724,262.586617575,241.156106484,272.400000000,0.000000000,0.000000000
point-0002136,331.385629120,262.834158233,241.156106484,272.400000000,0.000000000,0.000000000
point-0002137,331.690898267,262.928280680,241.656106484,272.400000000,0.000000000,0.000000000
point-0002138,331.829969188,263.160065548,241.656106484,272.400000000,0.000000000,0.000000000
point-0002139,332.132712785,263.227841431,242.156106484,272.400000000,0.000000000,0.000000000
point-0002140,332.271788636,263.459634518,242.156106484,272.400000000,0.000000000,0.000000000
point-0002141,332.574531571,263.527402183,242.656106484,272.400000000,0.000000000,0.000000000
point-0002142,332.713502827,263.759020943,242.656106484,272.400000000,0.000000000,0.000000000
point-0002143,333.013665266,263.775477114,243.156106484,272.400000000,0.000000000,0.000000000
point-0002144,333.145617544,263.995397577,243.156106484,272.400000000,0.000000000,0.000000000
point-0002145,333.445779859,264.011847423,243.656106484,272.400000000,0.000000000,0.000000000
point-0002146,333.577735933,264.231774212,243.656106484,272.400000000,0.000000000,0.000000000
point-0002147,333.877818587,264.243511991,244.156106484,272.400000000,0.000000000,0.000000000
point-0002148,334.004502267,264.454651459,244.156106484,272.400000000,0.000000000,0.000000000
point-0002149,334.305128913,264.422317268,244.656106484,272.400000000,0.000000000,0.000000000
point-0002150,334.431815445,264.633461488,244.656106484,272.400000000,0.000000000,0.000000000
point-0002151,334.732442275,264.601122545,245.156106484,272.400000000,0.000000000,0.000000000
point-0002152,334.859131658,264.812271517,245.156106484,272.400000000,0.000000000,0.000000000
point-0002153,335.160342313,264.767306750,245.656106484,272.400000000,0.000000000,0.000000000
point-0002154,335.283304139,264.972243126,245.656106484,272.400000000,0.000000000,0.000000000
point-0002155,335.587098693,264.892466860,246.156106484,272.400000000,0.000000000,0.000000000
point-0002156,335.710062600,265.097406705,246.156106484,272.400000000,0.000000000,0.000000000
point-0002157,336.013857482,265.017626971,246.656106484,272.400000000,0.000000000,0.000000000
point-0002158,336.136823470,265.222570284,246.656106484,272.400000000,0.000000000,0.000000000
point-0002159,336.442217551,265.127328707,247.156106484,272.400000000,0.000000000,0.000000000
point-0002160,336.562798292,265.328296609,247.156106484,272.400000000,0.000000000,0.000000000
point-0002161,336.866075036,265.402398331,247.656106484,272.400000000,0.000000000,0.000000000
point-0002162,336.986657334,265.201427834,247.656106484,272.400000000,0.000000000,0.000000000
point-0002163,337.289933850,265.275526960,248.156106484,272.400000000,0.000000000,0.000000000
point-0002164,337.410517706,265.476500053,248.156106484,272.400000000,0.000000000,0.000000000
point-0002165,337.712438212,265.533166520,248.656106484,272.400000000,0.000000000,0.000000000
point-0002166,337.831857559,265.334134275,248.656106484,272.400000000,0.000000000,0.000000000
point-0002167,338.132217788,265.358644306,249.156106484,272.400000000,0.000000000,0.000000000
point-0002168,338.251638250,265.557678409,249.156106484,272.400000000,0.000000000,0.000000000
point-0002169,338.551998533,265.582190298,249.656106484,272.400000000,0.000000000,0.000000000
point-0002170,338.671420109,265.383154338,249.656106484,272.400000000,0.000000000,0.000000000
point-0002171,338.971481540,265.393273379,250.156106484,272.400000000,0.000000000,0.000000000
point-0002172,339.090902453,265.592308234,250.156106484,272.400000000,0.000000000,0.000000000
point-0002173,339.391265279,265.567709967,250.656106484,272.400000000,0.000000000,0.000000000
point-0002174,339.510686973,265.368673810,250.656106484,272.400000000,0.000000000,0.000000000
point-0002175,339.811049837,265.344074241,251.156106484,272.400000000,0.000000000,0.000000000
point-0002176,339.930472312,265.543111700,251.156106484,272.400000000,0.000000000,0.000000000
point-0002177,340.231258974,265.506878793,251.656106484,272.400000000,0.000000000,0.000000000
point-0002178,340.351844733,265.305902528,251.656106484,272.400000000,0.000000000,0.000000000
point-0002179,340.655128755,265.231718115,252.156106484,272.400000000,0.000000000,0.000000000
point-0002180,340.775715180,265.432695490,252.156106484,272.400000000,0.000000000,0.000000000
point-0002181,341.078999104,265.358512186,252.656106484,272.400000000,0.000000000,0.000000000
point-0002182,341.199586195,265.157533701,252.656106484,272.400000000,0.000000000,0.000000000
point-0002183,341.504265648,265.068877546,253.156106484,272.400000000,0.000000000,0.000000000
point-0002184,341.627237531,265.273830683,253.156106484,272.400000000,0.000000000,0.000000000
point-0002185,341.936504774,265.148595038,253.656106484,272.400000000,0.000000000,0.000000000
point-0002186,342.059477399,264.943640663,253.656106484,272.400000000,0.000000000,0.000000000
point-0002187,342.363266516,265.023359392,254.156106484,272.400000000,0.000000000,0.000000000
point-0002188,342.486239882,264.818403781,254.156106484,272.400000000,0.000000000,0.000000000
point-0002189,342.788929687,264.885508955,254.656106484,272.400000000,0.000000000,0.000000000
point-0002190,342.915632034,264.674338375,254.656106484,272.400000000,0.000000000,0.000000000
point-0002191,343.216257497,264.706642021,255.156106484,272.400000000,0.000000000,0.000000000
point-0002192,343.342960906,264.495469674,255.156106484,272.400000000,0.000000000,0.000000000
point-0002193,343.643586438,264.527775088,255.656106484,272.400000000,0.000000000,0.000000000
point-0002194,343.770290907,264.316600973,255.656106484,272.400000000,0.000000000,0.000000000
point-0002195,344.070378061,264.328654114,256.156106484,272.400000000,0.000000000,0.000000000
point-0002196,344.202358455,264.108686791,256.156106484,272.400000000,0.000000000,0.000000000
point-0002197,344.502520660,264.092242473,256.656106484,272.400000000,0.000000000,0.000000000
point-0002198,344.634502785,263.872272265,256.656106484,272.400000000,0.000000000,0.000000000
point-0002199,344.934664933,263.855830831,257.156106484,272.400000000,0.000000000,0.000000000
point-0002200,345.066648789,263.635857739,257.156106484,272.400000000,0.000000000,0.000000000
point-0002201,345.368348678,263.582555072,257.656106484,272.400000000,0.000000000,0.000000000
point-0002202,345.507468015,263.350689509,257.656106484,272.400000000,0.000000000,0.000000000
point-0002203,345.810206192,263.282980903,258.156106484,272.400000000,0.000000000,0.000000000
point-0002204,345.949328246,263.051110814,258.156106484,272.400000000,0.000000000,0.000000000
point-0002205,346.252066059,262.983406734,258.656106484,272.400000000,0.000000000,0.000000000
point-0002206,346.398813264,262.738828059,258.656106484,272.400000000,0.000000000,0.000000000
point-0002207,346.707758715,262.615818438,259.156106484,272.400000000,0.000000000,0.000000000
point-0002208,346.856350752,262.368165044,259.156106484,272.400000000,0.000000000,0.000000000
point-0002209,347.165295166,262.245162660,259.656106484,272.400000000,0.000000000,0.000000000
point-0002210,347.313891545,261.997502028,259.656106484,272.400000000,0.000000000,0.000000000
point-0002211,347.629594054,261.833624754,260.156106484,272.400000000,0.000000000,0.000000000
point-0002212,347.790705383,261.565105871,260.156106484,272.400000000,0.000000000,0.000000000
point-0002213,348.110460178,261.380691419,260.656106484,272.400000000,0.000000000,0.000000000
point-0002214,348.271578311,261.112161196,260.656106484,272.400000000,0.000000000,0.000000000
point-0002215,348.596221054,260.905380915,261.156106484,272.400000000,0.000000000,0.000000000
point-0002216,348.774024582,260.609041702,261.156106484,272.400000000,0.000000000,0.000000000
point-0002217,349.110785300,260.354048341,261.656106484,272.400000000,0.000000000,0.000000000
point-0002218,349.288599456,260.057691414,261.656106484,272.400000000,0.000000000,0.000000000
point-0002219,349.631218238,259.781871273,262.156106484,272.400000000,0.000000000,0.000000000
point-0002220,349.831721867,259.447698558,262.156106484,272.400000000,0.000000000,0.000000000
point-0002221,350.194357429,259.108154131,262.656106484,272.400000000,0.000000000,0.000000000
point-0002222,350.394877449,258.773954098,262.656106484,272.400000000,0.000000000,0.000000000
point-0002223,350.777099602,258.379218691,263.156106484,272.400000000,0.000000000,0.000000000
point-0002224,351.009503393,257.991879040,263.156106484,272.400000000,0.000000000,0.000000000
point-0002225,351.411605881,257.545640405,263.656106484,272.400000000,0.000000000,0.000000000
point-0002226,351.660428217,257.130936513,263.656106484,272.400000000,0.000000000,0.000000000
point-0002227,352.124652794,256.540493039,264.156106484,272.400000000,0.000000000,0.000000000
point-0002228,352.404207771,256.074568078,264.156106484,272.400000000,0.000000000,0.000000000
point-0002229,352.943443148,255.327769742,264.656106484,272.400000000,0.000000000,0.000000000
point-0002230,353.298330923,254.736290117,264.656106484,272.400000000,0.000000000,0.000000000
point-0002231,354.001848423,253.675712610,265.156106484,272.400000000,0.000000000,0.000000000
point-0002232,354.555825632,252.752417262,265.156106484,272.400000000,0.000000000,0.000000000
point-0002233,357.858726024,247.247583276,265.156106484,272.400000000,0.000000000,0.000000000
point-0002234,358.412703559,246.324287383,265.156106484,272.400000000,0.000000000,0.000000000
point-0002235,359.116221203,245.263709613,264.656106484,272.400000000,0.000000000,0.000000000
point-0002236,359.471108835,244.672230225,264.656106484,272.400000000,0.000000000,0.000000000
point-0002237,360.010344372,243.925431568,264.156106484,272.400000000,0.000000000,0.000000000
point-0002238,360.289899132,243.459506969,264.156106484,272.400000000,0.000000000,0.000000000
point-0002239,360.754123475,242.869064006,263.656106484,272.400000000,0.000000000,0.000000000
point-0002240,361.002946071,242.454359680,263.656106484,272.400000000,0.000000000,0.000000000
point-0002241,361.405048544,242.008121082,263.156106484,272.400000000,0.000000000,0.000000000
point-0002242,361.637452465,241.620781215,263.156106484,272.400000000,0.000000000,0.000000000
point-0002243,362.019674707,241.226045570,262.656106484,272.400000000,0.000000000,0.000000000
point-0002244,362.220194510,240.891845898,262.656106484,272.400000000,0.000000000,0.000000000
point-0002245,362.582829979,240.552301745,262.156106484,272.400000000,0.000000000,0.000000000
point-0002246,362.783333870,240.218128595,262.156106484,272.400000000,0.000000000,0.000000000
point-0002247,363.125952695,239.942308304,261.656106484,272.400000000,0.000000000,0.000000000
point-0002248,363.303766671,239.645951677,261.656106484,272.400000000,0.000000000,0.000000000
point-0002249,363.640527330,239.390958534,261.156106484,272.400000000,0.000000000,0.000000000
point-0002250,363.818331078,239.094618955,261.156106484,272.400000000,0.000000000,0.000000000
point-0002251,364.142973815,238.887838696,260.656106484,272.400000000,0.000000000,0.000000000
point-0002252,364.304091860,238.619308621,260.656106484,272.400000000,0.000000000,0.000000000
point-0002253,364.623846553,238.434894659,260.156106484,272.400000000,0.000000000,0.000000000
point-0002254,364.784958260,238.166375146,260.156106484,272.400000000,0.000000000,0.000000000
point-0002255,365.100660881,238.002497270,259.656106484,272.400000000,0.000000000,0.000000000
point-0002256,365.249256787,237.754837428,259.656106484,272.400000000,0.000000000,0.000000000
point-0002257,365.558201172,237.631835245,259.156106484,272.400000000,0.000000000,0.000000000
point-0002258,365.706793410,237.384181515,259.156106484,272.400000000,0.000000000,0.000000000
point-0002259,366.015738671,237.261173219,258.656106484,272.400000000,0.000000000,0.000000000
point-0002260,366.162486549,237.016593423,258.656106484,272.400000000,0.000000000,0.000000000
point-0002261,366.465224400,236.948888872,258.156106484,272.400000000,0.000000000,0.000000000
point-0002262,366.604346249,236.717019123,258.156106484,272.400000000,0.000000000,0.000000000
point-0002263,366.907084352,236.649311435,257.656106484,272.400000000,0.000000000,0.000000000
point-0002264,367.046204319,236.417444823,257.656106484,272.400000000,0.000000000,0.000000000
point-0002265,367.347904300,236.364140690,257.156106484,272.400000000,0.000000000,0.000000000
point-0002266,367.479887146,236.144169281,257.156106484,272.400000000,0.000000000,0.000000000
point-0002267,367.780049299,236.127727628,256.656106484,272.400000000,0.000000000,0.000000000
point-0002268,367.912031376,235.907757498,256.656106484,272.400000000,0.000000000,0.000000000
point-0002269,368.212193554,235.891314566,256.156106484,272.400000000,0.000000000,0.000000000
point-0002270,368.344174865,235.671345715,256.156106484,272.400000000,0.000000000,0.000000000
point-0002271,368.644262003,235.683397722,255.656106484,272.400000000,0.000000000,0.000000000
point-0002272,368.770965626,235.472225016,255.656106484,272.400000000,0.000000000,0.000000000
point-0002273,369.071591159,235.504530456,255.156106484,272.400000000,0.000000000,0.000000000
point-0002274,369.198294682,235.293357919,255.156106484,272.400000000,0.000000000,0.000000000
point-0002275,369.498920208,235.325663190,254.656106484,272.400000000,0.000000000,0.000000000
point-0002276,369.625623629,235.114490821,254.656106484,272.400000000,0.000000000,0.000000000
point-0002277,369.928313363,235.181595110,254.156106484,272.400000000,0.000000000,0.000000000
point-0002278,370.051285999,234.976640716,254.156106484,272.400000000,0.000000000,0.000000000
point-0002279,370.355075132,235.056359617,253.656106484,272.400000000,0.000000000,0.000000000
point-0002280,370.478047974,234.851404880,253.656106484,272.400000000,0.000000000,0.000000000
point-0002281,370.781837139,234.931124123,253.156106484,272.400000000,0.000000000,0.000000000
point-0002282,370.904810187,234.726169044,253.156106484,272.400000000,0.000000000,0.000000000
point-0002283,371.209082302,234.641487948,252.656106484,272.400000000,0.000000000,0.000000000
point-0002284,371.329668687,234.842465257,252.656106484,272.400000000,0.000000000,0.000000000
point-0002285,371.632952588,234.768282214,252.156106484,272.400000000,0.000000000,0.000000000
point-0002286,371.753539260,234.567304429,252.156106484,272.400000000,0.000000000,0.000000000
point-0002287,372.056823203,234.493120910,251.656106484,272.400000000,0.000000000,0.000000000
point-0002288,372.177410160,234.694099172,251.656106484,272.400000000,0.000000000,0.000000000
point-0002289,372.478283263,234.655924704,251.156106484,272.400000000,0.000000000,0.000000000
point-0002290,372.597705003,234.456888471,251.156106484,272.400000000,0.000000000,0.000000000
point-0002291,372.898067835,234.432289979,250.656106484,272.400000000,0.000000000,0.000000000
point-0002292,373.017489756,234.631326514,250.656106484,272.400000000,0.000000000,0.000000000
point-0002293,373.536245297,234.200241144,250.022319680,272.800000000,0.000000000,0.000000000
point-0002294,374.466864764,234.275980314,248.473137565,272.800000000,0.000000000,0.000000000
point-0002295,375.397480394,234.503105925,246.938831284,272.800000000,0.000000000,0.000000000
point-0002296,376.328095252,234.879455143,245.434158867,272.800000000,0.000000000,0.000000000
point-0002297,377.258715105,235.401431102,243.973595708,272.800000000,0.000000000,0.000000000
point-0002298,378.189331179,236.064024515,242.571221268,272.800000000,0.000000000,0.000000000
point-0002299,379.119947172,236.860875173,241.240539971,272.800000000,0.000000000,0.000000000
point-0002300,380.050558644,237.784319599,239.994381593,272.800000000,0.000000000,0.000000000
point-0002301,380.981162425,238.825470011,238.844761496,272.800000000,0.000000000,0.000000000
point-0002302,381.911764832,239.974311850,237.802755800,272.800000000,0.000000000,0.000000000
point-0002303,382.842364793,241.219781269,236.878414560,272.800000000,0.000000000,0.000000000
point-0002304,383.772963177,242.549882405,236.080652933,272.800000000,0.000000000,0.000000000
point-0002305,384.703576787,243.951825197,235.417156307,272.800000000,0.000000000,0.000000000
point-0002306,385.634206708,245.412103219,234.894333401,272.800000000,0.000000000,0.000000000
point-0002307,386.564824840,246.916596603,234.517246674,272.800000000,0.000000000,0.000000000
point-0002308,387.495450392,248.450831517,234.289526818,272.800000000,0.000000000,0.000000000
point-0002309,388.426072817,249.999998360,234.213375420,272.800000000,0.000000000,0.000000000
point-0002310,389.356697918,251.549169660,234.289526934,272.800000000,0.000000000,0.000000000
point-0002311,390.287324129,253.083405637,234.517247122,272.800000000,0.000000000,0.000000000
point-0002312,391.217943233,254.587900519,234.894334535,272.800000000,0.000000000,0.000000000
point-0002313,392.148574719,256.048180824,235.417158804,272.800000000,0.000000000,0.000000000
point-0002314,393.079188837,257.450124091,236.080656407,272.800000000,0.000000000,0.000000000
point-0002315,394.009787061,258.780224632,236.878418505,272.800000000,0.000000000,0.000000000
point-0002316,394.940386864,260.025693430,237.802760137,272.800000000,0.000000000,0.000000000
point-0002317,395.870989111,261.174534632,238.844766142,272.800000000,0.000000000,0.000000000
point-0002318,396.801592734,262.215684398,239.994386468,272.800000000,0.000000000,0.000000000
point-0002319,397.732204047,263.139128180,241.240544993,272.800000000,0.000000000,0.000000000
point-0002320,398.662819881,263.935978205,242.571226361,272.800000000,0.000000000,0.000000000
point-0002321,399.593435796,264.598571004,243.973600798,272.800000000,0.000000000,0.000000000
point-0002322,400.524055491,265.120546378,245.434163886,272.800000000,0.000000000,0.000000000
point-0002323,401.454670190,265.496895045,246.938836168,272.800000000,0.000000000,0.000000000
point-0002324,402.385285662,265.724020147,248.473142257,272.800000000,0.000000000,0.000000000
point-0002325,403.315904971,265.799758855,250.022324130,272.800000000,0.000000000,0.000000000
point-0002326,404.246520185,265.723404950,251.571468972,272.800000000,0.000000000,0.000000000
point-0002327,405.177137265,265.495714454,253.105693970,272.800000000,0.000000000,0.000000000
point-0002328,406.107760570,265.118892469,254.610262572,272.800000000,0.000000000,0.000000000
point-0002329,407.038383636,264.596576941,256.070710018,272.800000000,0.000000000,0.000000000
point-0002330,407.969007666,263.933795335,257.473010192,272.800000000,0.000000000,0.000000000
point-0002331,408.899634978,263.136914943,258.803695671,272.800000000,0.000000000,0.000000000
point-0002332,409.830258587,262.213591309,260.049968728,272.800000000,0.000000000,0.000000000
point-0002333,410.760882243,261.172677636,261.199847863,272.800000000,0.000000000,0.000000000
point-0002334,411.691494551,260.024168840,262.242245187,272.800000000,0.000000000,0.000000000
point-0002335,412.622102115,258.779072031,263.167109524,272.800000000,0.000000000,0.000000000
point-0002336,413.552703957,257.449335538,263.965489999,272.800000000,0.000000000,0.000000000
point-0002337,414.483321598,256.047698841,264.629648694,272.800000000,0.000000000,0.000000000
point-0002338,415.413949603,254.587649415,265.153100185,272.800000000,0.000000000,0.000000000
point-0002339,416.344558798,253.083301567,265.530705915,272.800000000,0.000000000,0.000000000
point-0002340,417.275172050,251.549138338,265.758768851,272.800000000,0.000000000,0.000000000
point-0002341,418.205780929,250.000000001,265.835040197,272.800000000,0.000000000,0.000000000
point-0002342,419.136389996,248.450861353,265.758768821,272.800000000,0.000000000,0.000000000
point-0002343,420.067003424,246.916697842,265.530705797,272.800000000,0.000000000,0.000000000
point-0002344,420.997612803,245.412349713,265.153099920,272.800000000,0.000000000,0.000000000
point-0002345,421.928241005,243.952300015,264.629648218,272.800000000,0.000000000,0.000000000
point-0002346,422.858858824,242.550663106,263.965489273,272.800000000,0.000000000,0.000000000
point-0002347,423.789460825,241.220926471,263.167108522,272.800000000,0.000000000,0.000000000
point-0002348,424.720068548,239.975829562,262.242243874,272.800000000,0.000000000,0.000000000
point-0002349,425.650681014,238.827320716,261.199846213,272.800000000,0.000000000,0.000000000
point-0002350,426.581304829,237.786407045,260.049966720,272.800000000,0.000000000,0.000000000
point-0002351,427.511928597,236.863083469,258.803693291,272.800000000,0.000000000,0.000000000
point-0002352,428.442556068,236.066203193,257.473007434,272.800000000,0.000000000,0.000000000
point-0002353,429.373180256,235.403421762,256.070706884,272.800000000,0.000000000,0.000000000
point-0002354,430.303803481,234.881106470,254.610259073,272.800000000,0.000000000,0.000000000
point-0002355,431.234426944,234.504284781,253.105690125,272.800000000,0.000000000,0.000000000
point-0002356,432.165044183,234.276594639,251.571464806,272.800000000,0.000000000,0.000000000
point-0002357,433.095659556,234.200241144,250.022319680,272.800000000,0.000000000,0.000000000
point-0002358,433.455515074,234.800000286,250.022063305,272.800000000,0.000000000,0.000000000
point-0002359,433.456496041,234.800007279,250.023698234,272.800000000,0.000000000,0.000000000
point-0002360,433.457477007,234.800027636,250.025333052,272.800000000,0.000000000,0.000000000
point-0002361,433.458457974,234.800061357,250.026967648,272.800000000,0.000000000,0.000000000
point-0002362,433.459438941,234.800108439,250.028601915,272.800000000,0.000000000,0.000000000
point-0002363,433.460419907,234.800168879,250.030235742,272.800000000,0.000000000,0.000000000
point-0002364,433.461400874,234.800242673,250.031869020,272.800000000,0.000000000,0.000000000
point-0002365,434.344883400,234.872715219,251.502555326,272.800000000,0.000000000,0.000000000
point-0002366,434.345864237,234.872802350,251.504187730,272.800000000,0.000000000,0.000000000
point-0002367,434.346845074,234.872902820,251.505819368,272.800000000,0.000000000,0.000000000
point-0002368,434.347825911,234.873016623,251.507450131,272.800000000,0.000000000,0.000000000
point-0002369,434.348806748,234.873143752,251.509079908,272.800000000,0.000000000,0.000000000
point-0002370,434.349787585,234.873284197,251.510708592,272.800000000,0.000000000,0.000000000
point-0002371,434.350768422,234.873437950,251.512336074,272.800000000,0.000000000,0.000000000
point-0002372,434.351749259,234.873605001,251.513962245,272.800000000,0.000000000,0.000000000
point-0002373,434.352730096,234.873785337,251.515586996,272.800000000,0.000000000,0.000000000
point-0002374,434.353710933,234.873978947,251.517210218,272.800000000,0.000000000,0.000000000
point-0002375,434.354691770,234.874185818,251.518831804,272.800000000,0.000000000,0.000000000
point-0002376,434.355672607,234.874405937,251.520451645,272.800000000,0.000000000,0.000000000
point-0002377,434.356653444,234.874639288,251.522069633,272.800000000,0.000000000,0.000000000
point-0002378,435.240139152,235.090783858,252.978595509,272.800000000,0.000000000,0.000000000
point-0002379,435.241119879,235.091030397,252.980211354,272.800000000,0.000000000,0.000000000
point-0002380,435.242100606,235.091290134,252.981825130,272.800000000,0.000000000,0.000000000
point-0002381,435.243081332,235.091563052,252.983436729,272.800000000,0.000000000,0.000000000
point-0002382,435.244062059,235.091849131,252.985046043,272.800000000,0.000000000,0.000000000
point-0002383,435.245042785,235.092148353,252.986652966,272.800000000,0.000000000,0.000000000
point-0002384,435.246023512,235.092460697,252.988257390,272.800000000,0.000000000,0.000000000
point-0002385,435.247004239,235.092786144,252.989859208,272.800000000,0.000000000,0.000000000
point-0002386,435.247984965,235.093124671,252.991458312,272.800000000,0.000000000,0.000000000
point-0002387,435.248965692,235.093476256,252.993054596,272.800000000,0.000000000,0.000000000
point-0002388,435.249946418,235.093840874,252.994647954,272.800000000,0.000000000,0.000000000
point-0002389,435.250927145,235.094218503,252.996238278,272.800000000,0.000000000,0.000000000
point-0002390,435.251907872,235.094609116,252.997825464,272.800000000,0.000000000,0.000000000
point-0002391,436.135395458,235.452332693,254.426191370,272.800000000,0.000000000,0.000000000
point-0002392,436.136376099,235.452736229,254.427775171,272.800000000,0.000000000,0.000000000
point-0002393,436.137356739,235.453152694,254.429355622,272.800000000,0.000000000,0.000000000
point-0002394,436.138337380,235.453582060,254.430932616,272.800000000,0.000000000,0.000000000
point-0002395,436.139318021,235.454024299,254.432506050,272.800000000,0.000000000,0.000000000
point-0002396,436.140298662,235.454479382,254.434075816,272.800000000,0.000000000,0.000000000
point-0002397,436.141279303,235.454947277,254.435641812,272.800000000,0.000000000,0.000000000
point-0002398,436.142259943,235.455427954,254.437203931,272.800000000,0.000000000,0.000000000
point-0002399,436.143240584,235.455921380,254.438762071,272.800000000,0.000000000,0.000000000
point-0002400,436.144221225,235.456427523,254.440316126,272.800000000,0.000000000,0.000000000
point-0002401,436.145201866,235.456946348,254.441865993,272.800000000,0.000000000,0.000000000
point-0002402,436.146182507,235.457477822,254.443411568,272.800000000,0.000000000,0.000000000
point-0002403,436.147163147,235.458021908,254.444952749,272.800000000,0.000000000,0.000000000
point-0002404,437.030651227,235.953874477,255.831433174,272.800000000,0.000000000,0.000000000
point-0002405,437.031631818,235.954431111,255.832969779,272.800000000,0.000000000,0.000000000
point-0002406,437.032612409,235.955000283,255.834501785,272.800000000,0.000000000,0.000000000
point-0002407,437.033593000,235.955581955,255.836029088,272.800000000,0.000000000,0.000000000
point-0002408,437.034573591,235.956176087,255.837551588,272.800000000,0.000000000,0.000000000
point-0002409,437.035554183,235.956782641,255.839069181,272.800000000,0.000000000,0.000000000
point-0002410,437.036534774,235.957401576,255.840581767,272.800000000,0.000000000,0.000000000
point-0002411,437.037515365,235.958032850,255.842089245,272.800000000,0.000000000,0.000000000
point-0002412,437.038495956,235.958676422,255.843591515,272.800000000,0.000000000,0.000000000
point-0002413,437.039476547,235.959332248,255.845088475,272.800000000,0.000000000,0.000000000
point-0002414,437.040457139,235.960000284,255.846580026,272.800000000,0.000000000,0.000000000
point-0002415,437.041437730,235.960680487,255.848066068,272.800000000,0.000000000,0.000000000
point-0002416,437.042418321,235.961372810,255.849546503,272.800000000,0.000000000,0.000000000
point-0002417,437.925905859,236.590582577,257.180820385,272.800000000,0.000000000,0.000000000
point-0002418,437.926886451,236.591286975,257.182295115,272.800000000,0.000000000,0.000000000
point-0002419,437.927867044,236.592003401,257.183764040,272.800000000,0.000000000,0.000000000
point-0002420,437.928847637,236.592731806,257.185227061,272.800000000,0.000000000,0.000000000
point-0002421,437.929828229,236.593472142,257.186684082,272.800000000,0.000000000,0.000000000
point-0002422,437.930808822,236.594224359,257.188135004,272.800000000,0.000000000,0.000000000
point-0002423,437.931789414,236.594988407,257.189579730,272.800000000,0.000000000,0.000000000
point-0002424,437.932770007,236.595764236,257.191018166,272.800000000,0.000000000,0.000000000
point-0002425,437.933750600,236.596551793,257.192450213,272.800000000,0.000000000,0.000000000
point-0002426,437.934731192,236.597351025,257.193875777,272.800000000,0.000000000,0.000000000
point-0002427,437.935711785,236.598161880,257.195294762,272.800000000,0.000000000,0.000000000
point-0002428,437.936692378,236.598984303,257.196707075,272.800000000,0.000000000,0.000000000
point-0002429,437.937672970,236.599818240,257.198112619,272.800000000,0.000000000,0.000000000
point-0002430,438.821162493,237.356341983,258.461392734,272.800000000,0.000000000,0.000000000
point-0002431,438.822143150,237.357187433,258.462791509,272.800000000,0.000000000,0.000000000
point-0002432,438.823123807,237.358044285,258.464183327,272.800000000,0.000000000,0.000000000
point-0002433,438.824104463,237.358912483,258.465568097,272.800000000,0.000000000,0.000000000
point-0002434,438.825085120,237.359791968,258.466945726,272.800000000,0.000000000,0.000000000
point-0002435,438.826065777,237.360682682,258.468316121,272.800000000,0.000000000,0.000000000
point-0002436,438.827046434,237.361584565,258.469679192,272.800000000,0.000000000,0.000000000
point-0002437,438.828027091,237.362497557,258.471034847,272.800000000,0.000000000,0.000000000
point-0002438,438.829007747,237.363421597,258.472382995,272.800000000,0.000000000,0.000000000
point-0002439,438.829988404,237.364356624,258.473723548,272.800000000,0.000000000,0.000000000
point-0002440,438.830969061,237.365302574,258.475056414,272.800000000,0.000000000,0.000000000
point-0002441,438.831949718,237.366259385,258.476381506,272.800000000,0.000000000,0.000000000
point-0002442,438.832930375,237.367226993,258.477698734,272.800000000,0.000000000,0.000000000
point-0002443,439.716418449,238.243800795,259.660836969,272.800000000,0.000000000,0.000000000
point-0002444,439.717399243,238.244779273,259.662146429,272.800000000,0.000000000,0.000000000
point-0002445,439.718380037,238.245768420,259.663447848,272.800000000,0.000000000,0.000000000
point-0002446,439.719360832,238.246768172,259.664741138,272.800000000,0.000000000,0.000000000
point-0002447,439.720341626,238.247778460,259.666026215,272.800000000,0.000000000,0.000000000
point-0002448,439.721322420,238.248799218,259.667302991,272.800000000,0.000000000,0.000000000
point-0002449,439.722303214,238.249830378,259.668571382,272.800000000,0.000000000,0.000000000
point-0002450,439.723284009,238.250871869,259.669831302,272.800000000,0.000000000,0.000000000
point-0002451,439.724264803,238.251923624,259.671082668,272.800000000,0.000000000,0.000000000
point-0002452,439.725245597,238.252985571,259.672325396,272.800000000,0.000000000,0.000000000
point-0002453,439.726226392,238.254057639,259.673559403,272.800000000,0.000000000,0.000000000
point-0002454,439.727207186,238.255139758,259.674784606,272.800000000,0.000000000,0.000000000
point-0002455,439.728187980,238.256231854,259.676000924,272.800000000,0.000000000,0.000000000
point-0002456,440.611675427,239.244448065,260.767615945,272.800000000,0.000000000,0.000000000
point-0002457,440.612656438,239.245550311,260.768823563,272.800000000,0.000000000,0.000000000
point-0002458,440.613637450,239.246662393,260.770022130,272.800000000,0.000000000,0.000000000
point-0002459,440.614618462,239.247784236,260.771211566,272.800000000,0.000000000,0.000000000
point-0002460,440.615599474,239.248915766,260.772391791,272.800000000,0.000000000,0.000000000
point-0002461,440.616580486,239.250056906,260.773562726,272.800000000,0.000000000,0.000000000
point-0002462,440.617561497,239.251207580,260.774724293,272.800000000,0.000000000,0.000000000
point-0002463,440.618542509,239.252367711,260.775876414,272.800000000,0.000000000,0.000000000
point-0002464,440.619523521,239.253537223,260.777019013,272.800000000,0.000000000,0.000000000
point-0002465,440.620504533,239.254716036,260.778152013,272.800000000,0.000000000,0.000000000
point-0002466,440.621485545,239.255904072,260.779275339,272.800000000,0.000000000,0.000000000
point-0002467,440.622466556,239.257101252,260.780388914,272.800000000,0.000000000,0.000000000
point-0002468,440.623447568,239.258307495,260.781492665,272.800000000,0.000000000,0.000000000
point-0002469,441.506929004,240.348682189,261.771062349,272.800000000,0.000000000,0.000000000
point-0002470,441.507910317,240.349897790,261.772156537,272.800000000,0.000000000,0.000000000
point-0002471,441.508891631,240.351122297,261.773240748,272.800000000,0.000000000,0.000000000
point-0002472,441.509872944,240.352355630,261.774314909,272.800000000,0.000000000,0.000000000
point-0002473,441.510854257,240.353597706,261.775378948,272.800000000,0.000000000,0.000000000
point-0002474,441.511835570,240.354848442,261.776432795,272.800000000,0.000000000,0.000000000
point-0002475,441.512816883,240.356107753,261.777476378,272.800000000,0.000000000,0.000000000
point-0002476,441.513798196,240.357375557,261.778509629,272.800000000,0.000000000,0.000000000
point-0002477,441.514779509,240.358651767,261.779532477,272.800000000,0.000000000,0.000000000
point-0002478,441.515760823,240.359936299,261.780544855,272.800000000,0.000000000,0.000000000
point-0002479,441.516742136,240.361229067,261.781546695,272.800000000,0.000000000,0.000000000
point-0002480,441.517723449,240.362529984,261.782537929,272.800000000,0.000000000,0.000000000
point-0002481,441.518704762,240.363838964,261.783518493,272.800000000,0.000000000,0.000000000
point-0002482,442.402186272,241.545920184,262.661498836,272.800000000,0.000000000,0.000000000
point-0002483,442.403167964,241.547237649,262.662469035,272.800000000,0.000000000,0.000000000
point-0002484,442.404149657,241.548563007,262.663428424,272.800000000,0.000000000,0.000000000
point-0002485,442.405131349,241.549896169,262.664376938,272.800000000,0.000000000,0.000000000
point-0002486,442.406113042,241.551237046,262.665314515,272.800000000,0.000000000,0.000000000
point-0002487,442.407094735,241.552585549,262.666241090,272.800000000,0.000000000,0.000000000
point-0002488,442.408076427,241.553941586,262.667156603,272.800000000,0.000000000,0.000000000
point-0002489,442.409058120,241.555305067,262.668060993,272.800000000,0.000000000,0.000000000
point-0002490,442.410039812,241.556675901,262.668954197,272.800000000,0.000000000,0.000000000
point-0002491,442.411021505,241.558053997,262.669836157,272.800000000,0.000000000,0.000000000
point-0002492,442.412003197,241.559439261,262.670706814,272.800000000,0.000000000,0.000000000
point-0002493,442.412984890,241.560831602,262.671566110,272.800000000,0.000000000,0.000000000
point-0002494,442.413966583,241.562230925,262.672413986,272.800000000,0.000000000,0.000000000
point-0002495,443.297447617,242.824672574,263.430308601,272.800000000,0.000000000,0.000000000
point-0002496,443.298429760,242.826079434,263.431145382,272.800000000,0.000000000,0.000000000
point-0002497,443.299411903,242.827493095,263.431970621,272.800000000,0.000000000,0.000000000
point-0002498,443.300394046,242.828913464,263.432784263,272.800000000,0.000000000,0.000000000
point-0002499,443.301376190,242.830340443,263.433586252,272.800000000,0.000000000,0.000000000
point-0002500,443.302358333,242.831773939,263.434376536,272.800000000,0.000000000,0.000000000
point-0002501,443.303340476,242.833213855,263.435155060,272.800000000,0.000000000,0.000000000
point-0002502,443.304322619,242.834660095,263.435921774,272.800000000,0.000000000,0.000000000
point-0002503,443.305304762,242.836112561,263.436676625,272.800000000,0.000000000,0.000000000
point-0002504,443.306286905,242.837571157,263.437419564,272.800000000,0.000000000,0.000000000
point-0002505,443.307269048,242.839035784,263.438150539,272.800000000,0.000000000,0.000000000
point-0002506,443.308251191,242.840506345,263.438869503,272.800000000,0.000000000,0.000000000
point-0002507,443.309233334,242.841982741,263.439576407,272.800000000,0.000000000,0.000000000
point-0002508,444.192746828,244.172706040,264.070050818,272.800000000,0.000000000,0.000000000
point-0002509,444.193729445,244.174188890,264.070745948,272.800000000,0.000000000,0.000000000
point-0002510,444.194712063,244.175677381,264.071428912,272.800000000,0.000000000,0.000000000
point-0002511,444.195694681,244.177171416,264.072099665,272.800000000,0.000000000,0.000000000
point-0002512,444.196677298,244.178670892,264.072758161,272.800000000,0.000000000,0.000000000
point-0002513,444.197659916,244.180175711,264.073404358,272.800000000,0.000000000,0.000000000
point-0002514,444.198642533,244.181685770,264.074038210,272.800000000,0.000000000,0.000000000
point-0002515,444.199625151,244.183200969,264.074659676,272.800000000,0.000000000,0.000000000
point-0002516,444.200607768,244.184721206,264.075268715,272.800000000,0.000000000,0.000000000
point-0002517,444.201590386,244.186246379,264.075865284,272.800000000,0.000000000,0.000000000
point-0002518,444.202573004,244.187776386,264.076449345,272.800000000,0.000000000,0.000000000
point-0002519,444.203555621,244.189311124,264.077020858,272.800000000,0.000000000,0.000000000
point-0002520,444.204538239,244.190850490,264.077579785,272.800000000,0.000000000,0.000000000
point-0002521,445.088058795,245.577017736,264.574467613,272.800000000,0.000000000,0.000000000
point-0002522,445.089041836,245.578562295,264.575014149,272.800000000,0.000000000,0.000000000
point-0002523,445.090024878,245.580111279,264.575548014,272.800000000,0.000000000,0.000000000
point-0002524,445.091007920,245.581664585,264.576069172,272.800000000,0.000000000,0.000000000
point-0002525,445.091990962,245.583222108,264.576577588,272.800000000,0.000000000,0.000000000
point-0002526,445.092974004,245.584783744,264.577073227,272.800000000,0.000000000,0.000000000
point-0002527,445.093957045,245.586349387,264.577556057,272.800000000,0.000000000,0.000000000
point-0002528,445.094940087,245.587918933,264.578026045,272.800000000,0.000000000,0.000000000
point-0002529,445.095923129,245.589492277,264.578483160,272.800000000,0.000000000,0.000000000
point-0002530,445.096906171,245.591069313,264.578927371,272.800000000,0.000000000,0.000000000
point-0002531,445.097889213,245.592649934,264.579358647,272.800000000,0.000000000,0.000000000
point-0002532,445.098872254,245.594234036,264.579776961,272.800000000,0.000000000,0.000000000
point-0002533,445.099855296,245.595821511,264.580182284,272.800000000,0.000000000,0.000000000
point-0002534,445.983363020,247.024043260,264.938618890,272.800000000,0.000000000,0.000000000
point-0002535,445.984346414,247.025634572,264.939011333,272.800000000,0.000000000,0.000000000
point-0002536,445.985329808,247.027229046,264.939390722,272.800000000,0.000000000,0.000000000
point-0002537,445.986313201,247.028826577,264.939757032,272.800000000,0.000000000,0.000000000
point-0002538,445.987296595,247.030427055,264.940110238,272.800000000,0.000000000,0.000000000
point-0002539,445.988279988,247.032030374,264.940450316,272.800000000,0.000000000,0.000000000
point-0002540,445.989263382,247.033636427,264.940777244,272.800000000,0.000000000,0.000000000
point-0002541,445.990246775,247.035245104,264.941091000,272.800000000,0.000000000,0.000000000
point-0002542,445.991230169,247.036856299,264.941391562,272.800000000,0.000000000,0.000000000
point-0002543,445.992213562,247.038469902,264.941678911,272.800000000,0.000000000,0.000000000
point-0002544,445.993196956,247.040085806,264.941953026,272.800000000,0.000000000,0.000000000
point-0002545,445.994180349,247.041703903,264.942213891,272.800000000,0.000000000,0.000000000
point-0002546,445.995163743,247.043324082,264.942461486,272.800000000,0.000000000,0.000000000
point-0002547,446.878681835,248.499854285,265.158944334,272.800000000,0.000000000,0.000000000
point-0002548,446.879665466,248.501476831,265.159178698,272.800000000,0.000000000,0.000000000
point-0002549,446.880649097,248.503101243,265.159399756,272.800000000,0.000000000,0.000000000
point-0002550,446.881632727,248.504727413,265.159607490,272.800000000,0.000000000,0.000000000
point-0002551,446.882616358,248.506355231,265.159801888,272.800000000,0.000000000,0.000000000
point-0002552,446.883599989,248.507984587,265.159982937,272.800000000,0.000000000,0.000000000
point-0002553,446.884583620,248.509615373,265.160150624,272.800000000,0.000000000,0.000000000
point-0002554,446.885567250,248.511247479,265.160304938,272.800000000,0.000000000,0.000000000
point-0002555,446.886550881,248.512880794,265.160445869,272.800000000,0.000000000,0.000000000
point-0002556,446.887534512,248.514515210,265.160573407,272.800000000,0.000000000,0.000000000
point-0002557,446.888518142,248.516150617,265.160687544,272.800000000,0.000000000,0.000000000
point-0002558,446.889501773,248.517786904,265.160788271,272.800000000,0.000000000,0.000000000
point-0002559,446.890485404,248.519423962,265.160875583,272.800000000,0.000000000,0.000000000
point-0002560,447.773999624,249.990166836,265.233273420,272.800000000,0.000000000,0.000000000
point-0002561,447.774983334,249.991804686,265.233347315,272.800000000,0.000000000,0.000000000
point-0002562,447.775967044,249.993443087,265.233407782,272.800000000,0.000000000,0.000000000
point-0002563,447.776950754,249.995081929,265.233454816,272.800000000,0.000000000,0.000000000
point-0002564,447.777934463,249.996721101,265.233488414,272.800000000,0.000000000,0.000000000
point-0002565,447.778918173,249.998360493,265.233508574,272.800000000,0.000000000,0.000000000
point-0002566,447.779901883,249.999999996,265.233515294,272.800000000,0.000000000,0.000000000
point-0002567,447.780885593,250.001639498,265.233508574,272.800000000,0.000000000,0.000000000
point-0002568,447.781869303,250.003278891,265.233488414,272.800000000,0.000000000,0.000000000
point-0002569,447.782853013,250.004918063,265.233454816,272.800000000,0.000000000,0.000000000
point-0002570,447.783836722,250.006556904,265.233407783,272.800000000,0.000000000,0.000000000
point-0002571,447.784820432,250.008195305,265.233347316,272.800000000,0.000000000,0.000000000
point-0002572,447.785804142,250.009833156,265.233273420,272.800000000,0.000000000,0.000000000
point-0002573,448.669317598,251.480574761,265.160875709,272.800000000,0.000000000,0.000000000
point-0002574,448.670301228,251.482211817,265.160788397,272.800000000,0.000000000,0.000000000
point-0002575,448.671284858,251.483848103,265.160687670,272.800000000,0.000000000,0.000000000
point-0002576,448.672268488,251.485483508,265.160573533,272.800000000,0.000000000,0.000000000
point-0002577,448.673252118,251.487117923,265.160445995,272.800000000,0.000000000,0.000000000
point-0002578,448.674235747,251.488751237,265.160305065,272.800000000,0.000000000,0.000000000
point-0002579,448.675219377,251.490383341,265.160150751,272.800000000,0.000000000,0.000000000
point-0002580,448.676203007,251.492014126,265.159983064,272.800000000,0.000000000,0.000000000
point-0002581,448.677186637,251.493643481,265.159802016,272.800000000,0.000000000,0.000000000
point-0002582,448.678170267,251.495271297,265.159607618,272.800000000,0.000000000,0.000000000
point-0002583,448.679153897,251.496897465,265.159399884,272.800000000,0.000000000,0.000000000
point-0002584,448.680137527,251.498521876,265.159178827,272.800000000,0.000000000,0.000000000
point-0002585,448.681121156,251.500144421,265.158944462,272.800000000,0.000000000,0.000000000
point-0002586,449.564638497,252.956673411,264.942461985,272.800000000,0.000000000,0.000000000
point-0002587,449.565621889,252.958293589,264.942214390,272.800000000,0.000000000,0.000000000
point-0002588,449.566605282,252.959911684,264.941953526,272.800000000,0.000000000,0.000000000
point-0002589,449.567588675,252.961527587,264.941679411,272.800000000,0.000000000,0.000000000
point-0002590,449.568572068,252.963141189,264.941392063,272.800000000,0.000000000,0.000000000
point-0002591,449.569555460,252.964752383,264.941091501,272.800000000,0.000000000,0.000000000
point-0002592,449.570538853,252.966361059,264.940777746,272.800000000,0.000000000,0.000000000
point-0002593,449.571522246,252.967967110,264.940450818,272.800000000,0.000000000,0.000000000
point-0002594,449.572505638,252.969570428,264.940110740,272.800000000,0.000000000,0.000000000
point-0002595,449.573489031,252.971170905,264.939757535,272.800000000,0.000000000,0.000000000
point-0002596,449.574472424,252.972768434,264.939391226,272.800000000,0.000000000,0.000000000
point-0002597,449.575455817,252.974362907,264.939011837,272.800000000,0.000000000,0.000000000
point-0002598,449.576439209,252.975954218,264.938619395,272.800000000,0.000000000,0.000000000
point-0002599,450.459946173,254.404174813,264.580183399,272.800000000,0.000000000,0.000000000
point-0002600,450.460929214,254.405762287,264.579778077,272.800000000,0.000000000,0.000000000
point-0002601,450.461912255,254.407346388,264.579359764,272.800000000,0.000000000,0.000000000
point-0002602,450.462895296,254.408927008,264.578928488,272.800000000,0.000000000,0.000000000
point-0002603,450.463878337,254.410504042,264.578484278,272.800000000,0.000000000,0.000000000
point-0002604,450.464861378,254.412077385,264.578027164,272.800000000,0.000000000,0.000000000
point-0002605,450.465844419,254.413646930,264.577557176,272.800000000,0.000000000,0.000000000
point-0002606,450.466827460,254.415212572,264.577074347,272.800000000,0.000000000,0.000000000
point-0002607,450.467810501,254.416774206,264.576578709,272.800000000,0.000000000,0.000000000
point-0002608,450.468793542,254.418331728,264.576070294,272.800000000,0.000000000,0.000000000
point-0002609,450.469776583,254.419885033,264.575549137,272.800000000,0.000000000,0.000000000
point-0002610,450.470759624,254.421434016,264.575015273,272.800000000,0.000000000,0.000000000
point-0002611,450.471742665,254.422978574,264.574468738,272.800000000,0.000000000,0.000000000
point-0002612,451.355262448,255.809144755,264.077581755,272.800000000,0.000000000,0.000000000
point-0002613,451.356245065,255.810684120,264.077022829,272.800000000,0.000000000,0.000000000
point-0002614,451.357227681,255.812218857,264.076451317,272.800000000,0.000000000,0.000000000
point-0002615,451.358210298,255.813748862,264.075867257,272.800000000,0.000000000,0.000000000
point-0002616,451.359192915,255.815274034,264.075270689,272.800000000,0.000000000,0.000000000
point-0002617,451.360175531,255.816794270,264.074661652,272.800000000,0.000000000,0.000000000
point-0002618,451.361158148,255.818309468,264.074040186,272.800000000,0.000000000,0.000000000
point-0002619,451.362140765,255.819819526,264.073406335,272.800000000,0.000000000,0.000000000
point-0002620,451.363123382,255.821324343,264.072760140,272.800000000,0.000000000,0.000000000
point-0002621,451.364105998,255.822823819,264.072101644,272.800000000,0.000000000,0.000000000
point-0002622,451.365088615,255.824317852,264.071430892,272.800000000,0.000000000,0.000000000
point-0002623,451.366071232,255.825806343,264.070747929,272.800000000,0.000000000,0.000000000
point-0002624,451.367053848,255.827289192,264.070052801,272.800000000,0.000000000,0.000000000
point-0002625,452.250566580,257.158011583,263.439579442,272.800000000,0.000000000,0.000000000
point-0002626,452.251548722,257.159487978,263.438872539,272.800000000,0.000000000,0.000000000
point-0002627,452.252530864,257.160958538,263.438153576,272.800000000,0.000000000,0.000000000
point-0002628,452.253513006,257.162423164,263.437422602,272.800000000,0.000000000,0.000000000
point-0002629,452.254495149,257.163881759,263.436679665,272.800000000,0.000000000,0.000000000
point-0002630,452.255477291,257.165334224,263.435924815,272.800000000,0.000000000,0.000000000
point-0002631,452.256459433,257.166780463,263.435158103,272.800000000,0.000000000,0.000000000
point-0002632,452.257441575,257.168220378,263.434379579,272.800000000,0.000000000,0.000000000
point-0002633,452.258423718,257.169653873,263.433589297,272.800000000,0.000000000,0.000000000
point-0002634,452.259405860,257.171080852,263.432787309,272.800000000,0.000000000,0.000000000
point-0002635,452.260388002,257.172501219,263.431973669,272.800000000,0.000000000,0.000000000
point-0002636,452.261370144,257.173914880,263.431148431,272.800000000,0.000000000,0.000000000
point-0002637,452.262352287,257.175321739,263.430311651,272.800000000,0.000000000,0.000000000
point-0002638,453.145832587,258.437762690,262.672418253,272.800000000,0.000000000,0.000000000
point-0002639,453.146814278,258.439162013,262.671570378,272.800000000,0.000000000,0.000000000
point-0002640,453.147795970,258.440554353,262.670711084,272.800000000,0.000000000,0.000000000
point-0002641,453.148777662,258.441939617,262.669840428,272.800000000,0.000000000,0.000000000
point-0002642,453.149759354,258.443317711,262.668958470,272.800000000,0.000000000,0.000000000
point-0002643,453.150741046,258.444688545,262.668065266,272.800000000,0.000000000,0.000000000
point-0002644,453.151722737,258.446052026,262.667160879,272.800000000,0.000000000,0.000000000
point-0002645,453.152704429,258.447408062,262.666245367,272.800000000,0.000000000,0.000000000
point-0002646,453.153686121,258.448756564,262.665318793,272.800000000,0.000000000,0.000000000
point-0002647,453.154667813,258.450097441,262.664381218,272.800000000,0.000000000,0.000000000
point-0002648,453.155649505,258.451430602,262.663432705,272.800000000,0.000000000,0.000000000
point-0002649,453.156631197,258.452755960,262.662473318,272.800000000,0.000000000,0.000000000
point-0002650,453.157612888,258.454073424,262.661503120,272.800000000,0.000000000,0.000000000
point-0002651,454.041093708,259.636154195,261.783524101,272.800000000,0.000000000,0.000000000
point-0002652,454.042075021,259.637463175,261.782543539,272.800000000,0.000000000,0.000000000
point-0002653,454.043056333,259.638764092,261.781552306,272.800000000,0.000000000,0.000000000
point-0002654,454.044037646,259.640056861,261.780550467,272.800000000,0.000000000,0.000000000
point-0002655,454.045018959,259.641341393,261.779538090,272.800000000,0.000000000,0.000000000
point-0002656,454.046000272,259.642617603,261.778515243,272.800000000,0.000000000,0.000000000
point-0002657,454.046981585,259.643885407,261.777481993,272.800000000,0.000000000,0.000000000
point-0002658,454.047962897,259.645144719,261.776438411,272.800000000,0.000000000,0.000000000
point-0002659,454.048944210,259.646395454,261.775384565,272.800000000,0.000000000,0.000000000
point-0002660,454.049925523,259.647637530,261.774320527,272.800000000,0.000000000,0.000000000
point-0002661,454.050906836,259.648870864,261.773246367,272.800000000,0.000000000,0.000000000
point-0002662,454.051888149,259.650095372,261.772162158,272.800000000,0.000000000,0.000000000
point-0002663,454.052869462,259.651310972,261.771067971,272.800000000,0.000000000,0.000000000
point-0002664,454.936351288,260.741686715,260.781498475,272.800000000,0.000000000,0.000000000
point-0002665,454.937332297,260.742892956,260.780394727,272.800000000,0.000000000,0.000000000
point-0002666,454.938313306,260.744090133,260.779281155,272.800000000,0.000000000,0.000000000
point-0002667,454.939294316,260.745278167,260.778157834,272.800000000,0.000000000,0.000000000
point-0002668,454.940275325,260.746456978,260.777024837,272.800000000,0.000000000,0.000000000
point-0002669,454.941256335,260.747626487,260.775882242,272.800000000,0.000000000,0.000000000
point-0002670,454.942237344,260.748786617,260.774730124,272.800000000,0.000000000,0.000000000
point-0002671,454.943218353,260.749937289,260.773568561,272.800000000,0.000000000,0.000000000
point-0002672,454.944199363,260.751078427,260.772397629,272.800000000,0.000000000,0.000000000
point-0002673,454.945180372,260.752209954,260.771217408,272.800000000,0.000000000,0.000000000
point-0002674,454.946161381,260.753331796,260.770027977,272.800000000,0.000000000,0.000000000
point-0002675,454.947142391,260.754443876,260.768829413,272.800000000,0.000000000,0.000000000
point-0002676,454.948123400,260.755546121,260.767621799,272.800000000,0.000000000,0.000000000
point-0002677,455.831605634,261.743757394,259.676014026,272.800000000,0.000000000,0.000000000
point-0002678,455.832586423,261.744849484,259.674797716,272.800000000,0.000000000,0.000000000
point-0002679,455.833567211,261.745931598,259.673572520,272.800000000,0.000000000,0.000000000
point-0002680,455.834548000,261.747003661,259.672338522,272.800000000,0.000000000,0.000000000
point-0002681,455.835528788,261.748065603,259.671095802,272.800000000,0.000000000,0.000000000
point-0002682,455.836509577,261.749117352,259.669844445,272.800000000,0.000000000,0.000000000
point-0002683,455.837490365,261.750158839,259.668584533,272.800000000,0.000000000,0.000000000
point-0002684,455.838471154,261.751189994,259.667316151,272.800000000,0.000000000,0.000000000
point-0002685,455.839451942,261.752210747,259.666039384,272.800000000,0.000000000,0.000000000
point-0002686,455.840432731,261.753221031,259.664754317,272.800000000,0.000000000,0.000000000
point-0002687,455.841413519,261.754220778,259.663461035,272.800000000,0.000000000,0.000000000
point-0002688,455.842394308,261.755209922,259.662159625,272.800000000,0.000000000,0.000000000
point-0002689,455.843375096,261.756188396,259.660850174,272.800000000,0.000000000,0.000000000
point-0002690,456.726858270,262.632758993,258.477719728,272.800000000,0.000000000,0.000000000
point-0002691,456.727838921,262.633726597,258.476402509,272.800000000,0.000000000,0.000000000
point-0002692,456.728819572,262.634683404,258.475077427,272.800000000,0.000000000,0.000000000
point-0002693,456.729800223,262.635629351,258.473744570,272.800000000,0.000000000,0.000000000
point-0002694,456.730780875,262.636564374,258.472404027,272.800000000,0.000000000,0.000000000
point-0002695,456.731761526,262.637488411,258.471055887,272.800000000,0.000000000,0.000000000
point-0002696,456.732742177,262.638401400,258.469700242,272.800000000,0.000000000,0.000000000
point-0002697,456.733722828,262.639303281,258.468337181,272.800000000,0.000000000,0.000000000
point-0002698,456.734703479,262.640193992,258.466966795,272.800000000,0.000000000,0.000000000
point-0002699,456.735684130,262.641073474,258.465589176,272.800000000,0.000000000,0.000000000
point-0002700,456.736664781,262.641941670,258.464204416,272.800000000,0.000000000,0.000000000
point-0002701,456.737645432,262.642798520,258.462812607,272.800000000,0.000000000,0.000000000
point-0002702,456.738626083,262.643643967,258.461413842,272.800000000,0.000000000,0.000000000
point-0002703,457.622109362,263.400164857,257.198144148,272.800000000,0.000000000,0.000000000
point-0002704,457.623089949,263.400998791,257.196738613,272.800000000,0.000000000,0.000000000
point-0002705,457.624070536,263.401821212,257.195326311,272.800000000,0.000000000,0.000000000
point-0002706,457.625051123,263.402632066,257.193907335,272.800000000,0.000000000,0.000000000
point-0002707,457.626031710,263.403431297,257.192481781,272.800000000,0.000000000,0.000000000
point-0002708,457.627012297,263.404218852,257.191049743,272.800000000,0.000000000,0.000000000
point-0002709,457.627992884,263.404994680,257.189611318,272.800000000,0.000000000,0.000000000
point-0002710,457.628973471,263.405758727,257.188166601,272.800000000,0.000000000,0.000000000
point-0002711,457.629954059,263.406510943,257.186715689,272.800000000,0.000000000,0.000000000
point-0002712,457.630934646,263.407251278,257.185258679,272.800000000,0.000000000,0.000000000
point-0002713,457.631915233,263.407979683,257.183795667,272.800000000,0.000000000,0.000000000
point-0002714,457.632895820,263.408696108,257.182326753,272.800000000,0.000000000,0.000000000
point-0002715,457.633876407,263.409400506,257.180852033,272.800000000,0.000000000,0.000000000
point-0002716,458.517361316,264.038611765,255.849583701,272.800000000,0.000000000,0.000000000
point-0002717,458.518341906,264.039304090,255.848103271,272.800000000,0.000000000,0.000000000
point-0002718,458.519322495,264.039984295,255.846617233,272.800000000,0.000000000,0.000000000
point-0002719,458.520303085,264.040652334,255.845125686,272.800000000,0.000000000,0.000000000
point-0002720,458.521283674,264.041308163,255.843628730,272.800000000,0.000000000,0.000000000
point-0002721,458.522264264,264.041951737,255.842126464,272.800000000,0.000000000,0.000000000
point-0002722,458.523244853,264.042583014,255.840618990,272.800000000,0.000000000,0.000000000
point-0002723,458.524225443,264.043201952,255.839106408,272.800000000,0.000000000,0.000000000
point-0002724,458.525206032,264.043808509,255.837588819,272.800000000,0.000000000,0.000000000
point-0002725,458.526186622,264.044402645,255.836066324,272.800000000,0.000000000,0.000000000
point-0002726,458.527167212,264.044984320,255.834539025,272.800000000,0.000000000,0.000000000
point-0002727,458.528147801,264.045553495,255.833007023,272.800000000,0.000000000,0.000000000
point-0002728,458.529128391,264.046110132,255.831470422,272.800000000,0.000000000,0.000000000
point-0002729,459.412615712,264.541966004,254.444992519,272.800000000,0.000000000,0.000000000
point-0002730,459.413596352,264.542510094,254.443451341,272.800000000,0.000000000,0.000000000
point-0002731,459.414576992,264.543041572,254.441905769,272.800000000,0.000000000,0.000000000
point-0002732,459.415557632,264.543560401,254.440355904,272.800000000,0.000000000,0.000000000
point-0002733,459.416538272,264.544066547,254.438801852,272.800000000,0.000000000,0.000000000
point-0002734,459.417518912,264.544559978,254.437243715,272.800000000,0.000000000,0.000000000
point-0002735,459.418499552,264.545040658,254.435681598,272.800000000,0.000000000,0.000000000
point-0002736,459.419480192,264.545508557,254.434115606,272.800000000,0.000000000,0.000000000
point-0002737,459.420460832,264.545963643,254.432545841,272.800000000,0.000000000,0.000000000
point-0002738,459.421441472,264.546405886,254.430972411,272.800000000,0.000000000,0.000000000
point-0002739,459.422422112,264.546835257,254.429395419,272.800000000,0.000000000,0.000000000
point-0002740,459.423402752,264.547251726,254.427814970,272.800000000,0.000000000,0.000000000
point-0002741,459.424383392,264.547655265,254.426231171,272.800000000,0.000000000,0.000000000
point-0002742,460.307870220,264.905382498,252.997867482,272.800000000,0.000000000,0.000000000
point-0002743,460.308850946,264.905773115,252.996280300,272.800000000,0.000000000,0.000000000
point-0002744,460.309831672,264.906150748,252.994689978,272.800000000,0.000000000,0.000000000
point-0002745,460.310812398,264.906515370,252.993096622,272.800000000,0.000000000,0.000000000
point-0002746,460.311793124,264.906866959,252.991500341,272.800000000,0.000000000,0.000000000
point-0002747,460.312773849,264.907205490,252.989901239,272.800000000,0.000000000,0.000000000
point-0002748,460.313754575,264.907530941,252.988299423,272.800000000,0.000000000,0.000000000
point-0002749,460.314735301,264.907843290,252.986695002,272.800000000,0.000000000,0.000000000
point-0002750,460.315716027,264.908142516,252.985088081,272.800000000,0.000000000,0.000000000
point-0002751,460.316696752,264.908428600,252.983478768,272.800000000,0.000000000,0.000000000
point-0002752,460.317677478,264.908701521,252.981867171,272.800000000,0.000000000,0.000000000
point-0002753,460.318658204,264.908961263,252.980253398,272.800000000,0.000000000,0.000000000
point-0002754,460.319638930,264.909207807,252.978637556,272.800000000,0.000000000,0.000000000
point-0002755,461.203123881,265.125356354,251.522113546,272.800000000,0.000000000,0.000000000
point-0002756,461.204104717,265.125589710,251.520495560,272.800000000,0.000000000,0.000000000
point-0002757,461.205085553,265.125809833,251.518875721,272.800000000,0.000000000,0.000000000
point-0002758,461.206066389,265.126016708,251.517254137,272.800000000,0.000000000,0.000000000
point-0002759,461.207047225,265.126210323,251.515630917,272.800000000,0.000000000,0.000000000
point-0002760,461.208028061,265.126390664,251.514006168,272.800000000,0.000000000,0.000000000
point-0002761,461.209008898,265.126557719,251.512379999,272.800000000,0.000000000,0.000000000
point-0002762,461.209989734,265.126711476,251.510752519,272.800000000,0.000000000,0.000000000
point-0002763,461.210970570,265.126851926,251.509123837,272.800000000,0.000000000,0.000000000
point-0002764,461.211951406,265.126979060,251.507494061,272.800000000,0.000000000,0.000000000
point-0002765,461.212932242,265.127092868,251.505863300,272.800000000,0.000000000,0.000000000
point-0002766,461.213913078,265.127193343,251.504231664,272.800000000,0.000000000,0.000000000
point-0002767,461.214893915,265.127280478,251.502599261,272.800000000,0.000000000,0.000000000
point-0002768,462.098375683,265.199757289,250.031914429,272.800000000,0.000000000,0.000000000
point-0002769,462.099356648,265.199831088,250.030281153,272.800000000,0.000000000,0.000000000
point-0002770,462.100337614,265.199891533,250.028647328,272.800000000,0.000000000,0.000000000
point-0002771,462.101318580,265.199938620,250.027013063,272.800000000,0.000000000,0.000000000
point-0002772,462.102299546,265.199972345,250.025378468,272.800000000,0.000000000,0.000000000
point-0002773,462.103280512,265.199992708,250.023743652,272.800000000,0.000000000,0.000000000
point-0002774,462.104261477,265.199999706,250.022108724,272.800000000,0.000000000,0.000000000
point-0002775,462.105242443,265.199993338,250.020473793,272.800000000,0.000000000,0.000000000
point-0002776,462.106223409,265.199973606,250.018838969,272.800000000,0.000000000,0.000000000
point-0002777,462.107204375,265.199940510,250.017204361,272.800000000,0.000000000,0.000000000
point-0002778,462.108185340,265.199894053,250.015570078,272.800000000,0.000000000,0.000000000
point-0002779,462.109166306,265.199834238,250.013936230,272.800000000,0.000000000,0.000000000
point-0002780,462.110147272,265.199761069,250.012302925,272.800000000,0.000000000,0.000000000
point-0002781,462.993632384,265.127850887,248.541584699,272.800000000,0.000000000,0.000000000
point-0002782,462.994613490,265.127764355,248.539951813,272.800000000,0.000000000,0.000000000
point-0002783,462.995594597,265.127664476,248.538319689,272.800000000,0.000000000,0.000000000
point-0002784,462.996575703,265.127551256,248.536688436,272.800000000,0.000000000,0.000000000
point-0002785,462.997556810,265.127424703,248.535058163,272.800000000,0.000000000,0.000000000
point-0002786,462.998537916,265.127284826,248.533428979,272.800000000,0.000000000,0.000000000
point-0002787,462.999519022,265.127131634,248.531800994,272.800000000,0.000000000,0.000000000
point-0002788,463.000500129,265.126965136,248.530174315,272.800000000,0.000000000,0.000000000
point-0002789,463.001481235,265.126785344,248.528549052,272.800000000,0.000000000,0.000000000
point-0002790,463.002462341,265.126592271,248.526925313,272.800000000,0.000000000,0.000000000
point-0002791,463.003443448,265.126385929,248.525303207,272.800000000,0.000000000,0.000000000
point-0002792,463.004424554,265.126166332,248.523682843,272.800000000,0.000000000,0.000000000
point-0002793,463.005405661,265.125933494,248.522064327,272.800000000,0.000000000,0.000000000
point-0002794,463.888891734,264.910306765,247.065461084,272.800000000,0.000000000,0.000000000
point-0002795,463.889872982,264.910060665,247.063844294,272.800000000,0.000000000,0.000000000
point-0002796,463.890854230,264.909801354,247.062229570,272.800000000,0.000000000,0.000000000
point-0002797,463.891835478,264.909528848,247.060617021,272.800000000,0.000000000,0.000000000
point-0002798,463.892816725,264.909243165,247.059006753,272.800000000,0.000000000,0.000000000
point-0002799,463.893797973,264.908944324,247.057398876,272.800000000,0.000000000,0.000000000
point-0002800,463.894779221,264.908632346,247.055793496,272.800000000,0.000000000,0.000000000
point-0002801,463.895760468,264.908307251,247.054190721,272.800000000,0.000000000,0.000000000
point-0002802,463.896741716,264.907969061,247.052590658,272.800000000,0.000000000,0.000000000
point-0002803,463.897722964,264.907617799,247.050993413,272.800000000,0.000000000,0.000000000
point-0002804,463.898704212,264.907253487,247.049399094,272.800000000,0.000000000,0.000000000
point-0002805,463.899685459,264.906876151,247.047807808,272.800000000,0.000000000,0.000000000
point-0002806,463.900666707,264.906485816,247.046219660,272.800000000,0.000000000,0.000000000
point-0002807,464.784153339,264.549196110,245.617746803,272.800000000,0.000000000,0.000000000
point-0002808,464.785134725,264.548792744,245.616161676,272.800000000,0.000000000,0.000000000
point-0002809,464.786116112,264.548376428,245.614579901,272.800000000,0.000000000,0.000000000
point-0002810,464.787097499,264.547947189,245.613001583,272.800000000,0.000000000,0.000000000
point-0002811,464.788078885,264.547505057,245.611426828,272.800000000,0.000000000,0.000000000
point-0002812,464.789060272,264.547050062,245.609855742,272.800000000,0.000000000,0.000000000
point-0002813,464.790041659,264.546582233,245.608288430,272.800000000,0.000000000,0.000000000
point-0002814,464.791023045,264.546101602,245.606724996,272.800000000,0.000000000,0.000000000
point-0002815,464.792004432,264.545608201,245.605165544,272.800000000,0.000000000,0.000000000
point-0002816,464.792985819,264.545102063,245.603610180,272.800000000,0.000000000,0.000000000
point-0002817,464.793967205,264.544583222,245.602059008,272.800000000,0.000000000,0.000000000
point-0002818,464.794948592,264.544051712,245.600512130,272.800000000,0.000000000,0.000000000
point-0002819,464.795929979,264.543507570,245.598969651,272.800000000,0.000000000,0.000000000
point-0002820,465.679417250,264.047972812,244.212377037,272.800000000,0.000000000,0.000000000
point-0002821,465.680398772,264.047415996,244.210838848,272.800000000,0.000000000,0.000000000
point-0002822,465.681380294,264.046846617,244.209305265,272.800000000,0.000000000,0.000000000
point-0002823,465.682361816,264.046264713,244.207776390,272.800000000,0.000000000,0.000000000
point-0002824,465.683343338,264.045670324,244.206252325,272.800000000,0.000000000,0.000000000
point-0002825,465.684324860,264.045063489,244.204733174,272.800000000,0.000000000,0.000000000
point-0002826,465.685306382,264.044444249,244.203219036,272.800000000,0.000000000,0.000000000
point-0002827,465.686287904,264.043812645,244.201710014,272.800000000,0.000000000,0.000000000
point-0002828,465.687269426,264.043168719,244.200206209,272.800000000,0.000000000,0.000000000
point-0002829,465.688250948,264.042512515,244.198707721,272.800000000,0.000000000,0.000000000
point-0002830,465.689232470,264.041844076,244.197214650,272.800000000,0.000000000,0.000000000
point-0002831,465.690213992,264.041163447,244.195727097,272.800000000,0.000000000,0.000000000
point-0002832,465.691195514,264.040470674,244.194245160,272.800000000,0.000000000,0.000000000
point-0002833,466.574686891,263.411438970,242.862880054,272.800000000,0.000000000,0.000000000
point-0002834,466.575668539,263.410734008,242.861403645,272.800000000,0.000000000,0.000000000
point-0002835,466.576650186,263.410016993,242.859933053,272.800000000,0.000000000,0.000000000
point-0002836,466.577631834,263.409287971,242.858468375,272.800000000,0.000000000,0.000000000
point-0002837,466.578613481,263.408546992,242.857009709,272.800000000,0.000000000,0.000000000
point-0002838,466.579595129,263.407794105,242.855557154,272.800000000,0.000000000,0.000000000
point-0002839,466.580576776,263.407029361,242.854110806,272.800000000,0.000000000,0.000000000
point-0002840,466.581558424,263.406252812,242.852670763,272.800000000,0.000000000,0.000000000
point-0002841,466.582540071,263.405464508,242.851237120,272.800000000,0.000000000,0.000000000
point-0002842,466.583521718,263.404664503,242.849809973,272.800000000,0.000000000,0.000000000
point-0002843,466.584503366,263.403852850,242.848389419,272.800000000,0.000000000,0.000000000
point-0002844,466.585485013,263.403029604,242.846975552,272.800000000,0.000000000,0.000000000
point-0002845,466.586466661,263.402194819,242.845568466,272.800000000,0.000000000,0.000000000
point-0002846,467.469955153,262.645710264,241.582266887,272.800000000,0.000000000,0.000000000
point-0002847,467.470936915,262.644863897,241.580866513,272.800000000,0.000000000,0.000000000
point-0002848,467.471918678,262.644006101,241.579473111,272.800000000,0.000000000,0.000000000
point-0002849,467.472900441,262.643136934,241.578086773,272.800000000,0.000000000,0.000000000
point-0002850,467.473882203,262.642256455,241.576707593,272.800000000,0.000000000,0.000000000
point-0002851,467.474863966,262.641364721,241.575335662,272.800000000,0.000000000,0.000000000
point-0002852,467.475845728,262.640461793,241.573971073,272.800000000,0.000000000,0.000000000
point-0002853,467.476827491,262.639547731,241.572613916,272.800000000,0.000000000,0.000000000
point-0002854,467.477809254,262.638622597,241.571264284,272.800000000,0.000000000,0.000000000
point-0002855,467.478791016,262.637686451,241.569922265,272.800000000,0.000000000,0.000000000
point-0002856,467.479772779,262.636739358,241.568587949,272.800000000,0.000000000,0.000000000
point-0002857,467.480754541,262.635781380,241.567261427,272.800000000,0.000000000,0.000000000
point-0002858,467.481736304,262.634812581,241.565942787,272.800000000,0.000000000,0.000000000
point-0002859,468.365227347,261.758140879,240.382870932,272.800000000,0.000000000,0.000000000
point-0002860,468.366209211,261.757161223,240.381560127,272.800000000,0.000000000,0.000000000
point-0002861,468.367191075,261.756170874,240.380257382,272.800000000,0.000000000,0.000000000
point-0002862,468.368172939,261.755169900,240.378962784,272.800000000,0.000000000,0.000000000
point-0002863,468.369154803,261.754158366,240.377676419,272.800000000,0.000000000,0.000000000
point-0002864,468.370136667,261.753136341,240.376398373,272.800000000,0.000000000,0.000000000
point-0002865,468.371118530,261.752103893,240.375128733,272.800000000,0.000000000,0.000000000
point-0002866,468.372100394,261.751061092,240.373867583,272.800000000,0.000000000,0.000000000
point-0002867,468.373082258,261.750008006,240.372615007,272.800000000,0.000000000,0.000000000
point-0002868,468.374064122,261.748944707,240.371371090,272.800000000,0.000000000,0.000000000
point-0002869,468.375045986,261.747871266,240.370135915,272.800000000,0.000000000,0.000000000
point-0002870,468.376027850,261.746787754,240.368909563,272.800000000,0.000000000,0.000000000
point-0002871,468.377009713,261.745694244,240.367692119,272.800000000,0.000000000,0.000000000
point-0002872,469.260491768,260.757279718,239.276268784,272.800000000,0.000000000,0.000000000
point-0002873,469.261473721,260.756176183,239.275060219,272.800000000,0.000000000,0.000000000
point-0002874,469.262455674,260.755062796,239.273860724,272.800000000,0.000000000,0.000000000
point-0002875,469.263437627,260.753939631,239.272670379,272.800000000,0.000000000,0.000000000
point-0002876,469.264419579,260.752806762,239.271489266,272.800000000,0.000000000,0.000000000
point-0002877,469.265401532,260.751664267,239.270317462,272.800000000,0.000000000,0.000000000
point-0002878,469.266383485,260.750512222,239.269155046,272.800000000,0.000000000,0.000000000
point-0002879,469.267365437,260.749350703,239.268002096,272.800000000,0.000000000,0.000000000
point-0002880,469.268347390,260.748179788,239.266858689,272.800000000,0.000000000,0.000000000
point-0002881,469.269329343,260.746999557,239.265724902,272.800000000,0.000000000,0.000000000
point-0002882,469.270311295,260.745810087,239.264600811,272.800000000,0.000000000,0.000000000
point-0002883,469.271293248,260.744611459,239.263486490,272.800000000,0.000000000,0.000000000
point-0002884,469.272275201,260.743403752,239.262382016,272.800000000,0.000000000,0.000000000
point-0002885,470.155756724,259.652750625,238.273118999,272.800000000,0.000000000,0.000000000
point-0002886,470.156738766,259.651533811,238.272024344,272.800000000,0.000000000,0.000000000
point-0002887,470.157720807,259.650308079,238.270939685,272.800000000,0.000000000,0.000000000
point-0002888,470.158702849,259.649073511,238.269865092,272.800000000,0.000000000,0.000000000
point-0002889,470.159684891,259.647830191,238.268800639,272.800000000,0.000000000,0.000000000
point-0002890,470.160666933,259.646578202,238.267746396,272.800000000,0.000000000,0.000000000
point-0002891,470.161648974,259.645317626,238.266702435,272.800000000,0.000000000,0.000000000
point-0002892,470.162631016,259.644048550,238.265668824,272.800000000,0.000000000,0.000000000
point-0002893,470.163613058,259.642771058,238.264645633,272.800000000,0.000000000,0.000000000
point-0002894,470.164595100,259.641485234,238.263632932,272.800000000,0.000000000,0.000000000
point-0002895,470.165577142,259.640191167,238.262630787,272.800000000,0.000000000,0.000000000
point-0002896,470.166559183,259.638888941,238.261639265,272.800000000,0.000000000,0.000000000
point-0002897,470.167541225,259.637578645,238.260658434,272.800000000,0.000000000,0.000000000
point-0002898,471.051035931,258.455168889,237.383083690,272.800000000,0.000000000,0.000000000
point-0002899,471.052018102,258.453850435,237.382113486,272.800000000,0.000000000,0.000000000
point-0002900,471.053000274,258.452524085,237.381154107,272.800000000,0.000000000,0.000000000
point-0002901,471.053982446,258.451189927,237.380205616,272.800000000,0.000000000,0.000000000
point-0002902,471.054964618,258.449848050,237.379268075,272.800000000,0.000000000,0.000000000
point-0002903,471.055946789,258.448498544,237.378341550,272.800000000,0.000000000,0.000000000
point-0002904,471.056928961,258.447141501,237.377426100,272.800000000,0.000000000,0.000000000
point-0002905,471.057911133,258.445777010,237.376521788,272.800000000,0.000000000,0.000000000
point-0002906,471.058893304,258.444405164,237.375628675,272.800000000,0.000000000,0.000000000
point-0002907,471.059875476,258.443026053,237.374746819,272.800000000,0.000000000,0.000000000
point-0002908,471.060857648,258.441639772,237.373876281,272.800000000,0.000000000,0.000000000
point-0002909,471.061839820,258.440246411,237.373017118,272.800000000,0.000000000,0.000000000
point-0002910,471.062821991,258.438846065,237.372169388,272.800000000,0.000000000,0.000000000
point-0002911,471.946409387,257.175947763,236.614691256,272.800000000,0.000000000,0.000000000
point-0002912,471.947391668,257.174540369,236.613854924,272.800000000,0.000000000,0.000000000
point-0002913,471.948373949,257.173126177,236.613030140,272.800000000,0.000000000,0.000000000
point-0002914,471.949356230,257.171705280,236.612216960,272.800000000,0.000000000,0.000000000
point-0002915,471.950338510,257.170277775,236.611415437,272.800000000,0.000000000,0.000000000
point-0002916,471.951320791,257.168843756,236.610625627,272.800000000,0.000000000,0.000000000
point-0002917,471.952303072,257.167403321,236.609847582,272.800000000,0.000000000,0.000000000
point-0002918,471.953285352,257.165956565,236.609081353,272.800000000,0.000000000,0.000000000
point-0002919,471.954267633,257.164503585,236.608326993,272.800000000,0.000000000,0.000000000
point-0002920,471.955249914,257.163044479,236.607584551,272.800000000,0.000000000,0.000000000
point-0002921,471.956232194,257.161579345,236.606854078,272.800000000,0.000000000,0.000000000
point-0002922,471.957214475,257.160108281,236.606135623,272.800000000,0.000000000,0.000000000
point-0002923,471.958196756,257.158631384,236.605429233,272.800000000,0.000000000,0.000000000
point-0002924,472.841778397,255.827543362,235.975459656,272.800000000,0.000000000,0.000000000
point-0002925,472.842760706,255.826060690,235.974765359,272.800000000,0.000000000,0.000000000
point-0002926,472.843743016,255.824572383,235.974083222,272.800000000,0.000000000,0.000000000
point-0002927,472.844725325,255.823078543,235.973413291,272.800000000,0.000000000,0.000000000
point-0002928,472.845707635,255.821579269,235.972755610,272.800000000,0.000000000,0.000000000
point-0002929,472.846689944,255.820074661,235.972110225,272.800000000,0.000000000,0.000000000
point-0002930,472.847672254,255.818564821,235.971477178,272.800000000,0.000000000,0.000000000
point-0002931,472.848654563,255.817049849,235.970856511,272.800000000,0.000000000,0.000000000
point-0002932,472.849636873,255.815529847,235.970248266,272.800000000,0.000000000,0.000000000
point-0002933,472.850619182,255.814004918,235.969652484,272.800000000,0.000000000,0.000000000
point-0002934,472.851601492,255.812475162,235.969069205,272.800000000,0.000000000,0.000000000
point-0002935,472.852583801,255.810940683,235.968498468,272.800000000,0.000000000,0.000000000
point-0002936,472.853566111,255.809401583,235.967940311,272.800000000,0.000000000,0.000000000
point-0002937,473.737117439,254.422994837,235.471568954,272.800000000,0.000000000,0.000000000
point-0002938,473.738099772,254.421451183,235.471023401,272.800000000,0.000000000,0.000000000
point-0002939,473.739082105,254.419903115,235.470490504,272.800000000,0.000000000,0.000000000
point-0002940,473.740064438,254.418350736,235.469970296,272.800000000,0.000000000,0.000000000
point-0002941,473.741046771,254.416794151,235.469462814,272.800000000,0.000000000,0.000000000
point-0002942,473.742029104,254.415233464,235.468968092,272.800000000,0.000000000,0.000000000
point-0002943,473.743011437,254.413668780,235.468486162,272.800000000,0.000000000,0.000000000
point-0002944,473.743993770,254.412100202,235.468017056,272.800000000,0.000000000,0.000000000
point-0002945,473.744976103,254.410527838,235.467560807,272.800000000,0.000000000,0.000000000
point-0002946,473.745958436,254.408951791,235.467117444,272.800000000,0.000000000,0.000000000
point-0002947,473.746940769,254.407372167,235.466686998,272.800000000,0.000000000,0.000000000
point-0002948,473.747923102,254.405789073,235.466269497,272.800000000,0.000000000,0.000000000
point-0002949,473.748905435,254.404202614,235.465864969,272.800000000,0.000000000,0.000000000
point-0002950,474.632463923,252.975786265,235.107856488,272.800000000,0.000000000,0.000000000
point-0002951,474.633446307,252.974196465,235.107464941,272.800000000,0.000000000,0.000000000
point-0002952,474.634428691,252.972603513,235.107086421,272.800000000,0.000000000,0.000000000
point-0002953,474.635411075,252.971007515,235.106720955,272.800000000,0.000000000,0.000000000
point-0002954,474.636393459,252.969408580,235.106368567,272.800000000,0.000000000,0.000000000
point-0002955,474.637375843,252.967806813,235.106029280,272.800000000,0.000000000,0.000000000
point-0002956,474.638358226,252.966202322,235.105703118,272.800000000,0.000000000,0.000000000
point-0002957,474.639340610,252.964595215,235.105390101,272.800000000,0.000000000,0.000000000
point-0002958,474.640322994,252.962985599,235.105090252,272.800000000,0.000000000,0.000000000
point-0002959,474.641305378,252.961373582,235.104803589,272.800000000,0.000000000,0.000000000
point-0002960,474.642287762,252.959759273,235.104530133,272.800000000,0.000000000,0.000000000
point-0002961,474.643270146,252.958142779,235.104269902,272.800000000,0.000000000,0.000000000
point-0002962,474.644252530,252.956524209,235.104022912,272.800000000,0.000000000,0.000000000
point-0002963,475.527843605,251.499827567,234.887832731,272.800000000,0.000000000,0.000000000
point-0002964,475.528826005,251.498207004,234.887598996,272.800000000,0.000000000,0.000000000
point-0002965,475.529808404,251.496584581,234.887378537,272.800000000,0.000000000,0.000000000
point-0002966,475.530790804,251.494960408,234.887171367,272.800000000,0.000000000,0.000000000
point-0002967,475.531773203,251.493334594,234.886977500,272.800000000,0.000000000,0.000000000
point-0002968,475.532755603,251.491707246,234.886796950,272.800000000,0.000000000,0.000000000
point-0002969,475.533738002,251.490078476,234.886629728,272.800000000,0.000000000,0.000000000
point-0002970,475.534720402,251.488448390,234.886475846,272.800000000,0.000000000,0.000000000
point-0002971,475.535702801,251.486817100,234.886335314,272.800000000,0.000000000,0.000000000
point-0002972,475.536685201,251.485184714,234.886208141,272.800000000,0.000000000,0.000000000
point-0002973,475.537667600,251.483551341,234.886094336,272.800000000,0.000000000,0.000000000
point-0002974,475.538650000,251.481917092,234.885993907,272.800000000,0.000000000,0.000000000
point-0002975,475.539632399,251.480282075,234.885906860,272.800000000,0.000000000,0.000000000
point-0002976,476.423193267,250.009455033,234.813637673,272.800000000,0.000000000,0.000000000
point-0002977,476.424175623,250.007819430,234.813564018,272.800000000,0.000000000,0.000000000
point-0002978,476.425157979,250.006183280,234.813503754,272.800000000,0.000000000,0.000000000
point-0002979,476.426140335,250.004546691,234.813456886,272.800000000,0.000000000,0.000000000
point-0002980,476.427122691,250.002909773,234.813423417,272.800000000,0.000000000,0.000000000
point-0002981,476.428105047,250.001272636,234.813403349,272.800000000,0.000000000,0.000000000
point-0002982,476.429087403,249.999635390,234.813396684,272.800000000,0.000000000,0.000000000
point-0002983,476.430069759,249.997998144,234.813403422,272.800000000,0.000000000,0.000000000
point-0002984,476.431052115,249.996361008,234.813423563,272.800000000,0.000000000,0.000000000
point-0002985,476.432034471,249.994724091,234.813457105,272.800000000,0.000000000,0.000000000
point-0002986,476.433016827,249.993087504,234.813504046,272.800000000,0.000000000,0.000000000
point-0002987,476.433999183,249.991451357,234.813564383,272.800000000,0.000000000,0.000000000
point-0002988,476.434981539,249.989815758,234.813638112,272.800000000,0.000000000,0.000000000
point-0002989,477.318483055,248.519090750,234.885968193,272.800000000,0.000000000,0.000000000
point-0002990,477.319465373,248.517455872,234.886055305,272.800000000,0.000000000,0.000000000
point-0002991,477.320447691,248.515821762,234.886155797,272.800000000,0.000000000,0.000000000
point-0002992,477.321430009,248.514188530,234.886269663,272.800000000,0.000000000,0.000000000
point-0002993,477.322412327,248.512556284,234.886396894,272.800000000,0.000000000,0.000000000
point-0002994,477.323394645,248.510925135,234.886537482,272.800000000,0.000000000,0.000000000
point-0002995,477.324376963,248.509295191,234.886691419,272.800000000,0.000000000,0.000000000
point-0002996,477.325359282,248.507666562,234.886858692,272.800000000,0.000000000,0.000000000
point-0002997,477.326341600,248.506039356,234.887039292,272.800000000,0.000000000,0.000000000
point-0002998,477.327323918,248.504413684,234.887233206,272.800000000,0.000000000,0.000000000
point-0002999,477.328306236,248.502789653,234.887440421,272.800000000,0.000000000,0.000000000
point-0003000,477.329288554,248.501167373,234.887660923,272.800000000,0.000000000,0.000000000
point-0003001,477.330270872,248.499546952,234.887894698,272.800000000,0.000000000,0.000000000
point-0003002,478.213773715,247.043003678,235.104116561,272.800000000,0.000000000,0.000000000
point-0003003,478.214756015,247.041385256,235.104363588,272.800000000,0.000000000,0.000000000
point-0003004,478.215738315,247.039768909,235.104623855,272.800000000,0.000000000,0.000000000
point-0003005,478.216720615,247.038154747,235.104897344,272.800000000,0.000000000,0.000000000
point-0003006,478.217702915,247.036542878,235.105184036,272.800000000,0.000000000,0.000000000
point-0003007,478.218685215,247.034933410,235.105483914,272.800000000,0.000000000,0.000000000
point-0003008,478.219667515,247.033326450,235.105796957,272.800000000,0.000000000,0.000000000
point-0003009,478.220649815,247.031722107,235.106123143,272.800000000,0.000000000,0.000000000
point-0003010,478.221632115,247.030120487,235.106462451,272.800000000,0.000000000,0.000000000
point-0003011,478.222614415,247.028521699,235.106814858,272.800000000,0.000000000,0.000000000
point-0003012,478.223596715,247.026925849,235.107180340,272.800000000,0.000000000,0.000000000
point-0003013,478.224579015,247.025333044,235.107558874,272.800000000,0.000000000,0.000000000
point-0003014,478.225561316,247.023743391,235.107950433,272.800000000,0.000000000,0.000000000
point-0003015,479.109059298,245.595434949,235.465974650,272.800000000,0.000000000,0.000000000
point-0003016,479.110041573,245.593848594,235.466379199,272.800000000,0.000000000,0.000000000
point-0003017,479.111023849,245.592265603,235.466796719,272.800000000,0.000000000,0.000000000
point-0003018,479.112006125,245.590686083,235.467227183,272.800000000,0.000000000,0.000000000
point-0003019,479.112988401,245.589110139,235.467670562,272.800000000,0.000000000,0.000000000
point-0003020,479.113970677,245.587537877,235.468126825,272.800000000,0.000000000,0.000000000
point-0003021,479.114952953,245.585969403,235.468595944,272.800000000,0.000000000,0.000000000
point-0003022,479.115935229,245.584404822,235.469077885,272.800000000,0.000000000,0.000000000
point-0003023,479.116917505,245.582844238,235.469572618,272.800000000,0.000000000,0.000000000
point-0003024,479.117899780,245.581287755,235.470080108,272.800000000,0.000000000,0.000000000
point-0003025,479.118882056,245.579735480,235.470600321,272.800000000,0.000000000,0.000000000
point-0003026,479.119864332,245.578187514,235.471133224,272.800000000,0.000000000,0.000000000
point-0003027,479.120846608,245.576643962,235.471678780,272.800000000,0.000000000,0.000000000
point-0003028,480.004353983,244.190317338,235.968056600,272.800000000,0.000000000,0.000000000
point-0003029,480.005336216,244.188778371,235.968614748,272.800000000,0.000000000,0.000000000
point-0003030,480.006318448,244.187244024,235.969185473,272.800000000,0.000000000,0.000000000
point-0003031,480.007300681,244.185714401,235.969768738,272.800000000,0.000000000,0.000000000
point-0003032,480.008282914,244.184189603,235.970364504,272.800000000,0.000000000,0.000000000
point-0003033,480.009265146,244.182669732,235.970972731,272.800000000,0.000000000,0.000000000
point-0003034,480.010247379,244.181154891,235.971593378,272.800000000,0.000000000,0.000000000
point-0003035,480.011229611,244.179645180,235.972226403,272.800000000,0.000000000,0.000000000
point-0003036,480.012211844,244.178140702,235.972871765,272.800000000,0.000000000,0.000000000
point-0003037,480.013194076,244.176641556,235.973529419,272.800000000,0.000000000,0.000000000
point-0003038,480.014176309,244.175147844,235.974199322,272.800000000,0.000000000,0.000000000
point-0003039,480.015158542,244.173659665,235.974881429,272.800000000,0.000000000,0.000000000
point-0003040,480.016140774,244.172177119,235.975575694,272.800000000,0.000000000,0.000000000
point-0003041,480.899628946,242.841239214,236.605498300,272.800000000,0.000000000,0.000000000
point-0003042,480.900611115,242.839762496,236.606204631,272.800000000,0.000000000,0.000000000
point-0003043,480.901593284,242.838291608,236.606923024,272.800000000,0.000000000,0.000000000
point-0003044,480.902575453,242.836826650,236.607653432,272.800000000,0.000000000,0.000000000
point-0003045,480.903557622,242.835367718,236.608395806,272.800000000,0.000000000,0.000000000
point-0003046,480.904539791,242.833914912,236.609150096,272.800000000,0.000000000,0.000000000
point-0003047,480.905521960,242.832468328,236.609916251,272.800000000,0.000000000,0.000000000
point-0003048,480.906504129,242.831028063,236.610694221,272.800000000,0.000000000,0.000000000
point-0003049,480.907486298,242.829594214,236.611483952,272.800000000,0.000000000,0.000000000
point-0003050,480.908468467,242.828166877,236.612285393,272.800000000,0.000000000,0.000000000
point-0003051,480.909450636,242.826746146,236.613098489,272.800000000,0.000000000,0.000000000
point-0003052,480.910432804,242.825332119,236.613923186,272.800000000,0.000000000,0.000000000
point-0003053,480.911414973,242.823924888,236.614759429,272.800000000,0.000000000,0.000000000
point-0003054,481.794895468,241.561182108,237.372150466,272.800000000,0.000000000,0.000000000
point-0003055,481.795877574,241.559781859,237.372998144,272.800000000,0.000000000,0.000000000
point-0003056,481.796859679,241.558388595,237.373857253,272.800000000,0.000000000,0.000000000
point-0003057,481.797841785,241.557002408,237.374727736,272.800000000,0.000000000,0.000000000
point-0003058,481.798823890,241.555623392,237.375609534,272.800000000,0.000000000,0.000000000
point-0003059,481.799805996,241.554251639,237.376502589,272.800000000,0.000000000,0.000000000
point-0003060,481.800788102,241.552887241,237.377406841,272.800000000,0.000000000,0.000000000
point-0003061,481.801770207,241.551530288,237.378322229,272.800000000,0.000000000,0.000000000
point-0003062,481.802752313,241.550180873,237.379248692,272.800000000,0.000000000,0.000000000
point-0003063,481.803734419,241.548839086,237.380186167,272.800000000,0.000000000,0.000000000
point-0003064,481.804716524,241.547505016,237.381134593,272.800000000,0.000000000,0.000000000
point-0003065,481.805698630,241.546178752,237.382093905,272.800000000,0.000000000,0.000000000
point-0003066,481.806680736,241.544860385,237.383064039,272.800000000,0.000000000,0.000000000
point-0003067,482.690162533,240.362465267,238.260622408,272.800000000,0.000000000,0.000000000
point-0003068,482.691144568,240.361154977,238.261603228,272.800000000,0.000000000,0.000000000
point-0003069,482.692126602,240.359852758,238.262594738,272.800000000,0.000000000,0.000000000
point-0003070,482.693108637,240.358558696,238.263596872,272.800000000,0.000000000,0.000000000
point-0003071,482.694090672,240.357272879,238.264609563,272.800000000,0.000000000,0.000000000
point-0003072,482.695072707,240.355995392,238.265632742,272.800000000,0.000000000,0.000000000
point-0003073,482.696054742,240.354726322,238.266666341,272.800000000,0.000000000,0.000000000
point-0003074,482.697036776,240.353465752,238.267710291,272.800000000,0.000000000,0.000000000
point-0003075,482.698018811,240.352213768,238.268764521,272.800000000,0.000000000,0.000000000
point-0003076,482.699000846,240.350970453,238.269828963,272.800000000,0.000000000,0.000000000
point-0003077,482.699982881,240.349735890,238.270903543,272.800000000,0.000000000,0.000000000
point-0003078,482.700964915,240.348510163,238.271988191,272.800000000,0.000000000,0.000000000
point-0003079,482.701946950,240.347293353,238.273082833,272.800000000,0.000000000,0.000000000
point-0003080,483.585429231,239.256635626,239.262342658,272.800000000,0.000000000,0.000000000
point-0003081,483.586411184,239.255427915,239.263447129,272.800000000,0.000000000,0.000000000
point-0003082,483.587393138,239.254229281,239.264561446,272.800000000,0.000000000,0.000000000
point-0003083,483.588375091,239.253039806,239.265685534,272.800000000,0.000000000,0.000000000
point-0003084,483.589357045,239.251859570,239.266819318,272.800000000,0.000000000,0.000000000
point-0003085,483.590338999,239.250688650,239.267962721,272.800000000,0.000000000,0.000000000
point-0003086,483.591320952,239.249527126,239.269115668,272.800000000,0.000000000,0.000000000
point-0003087,483.592302906,239.248375075,239.270278080,272.800000000,0.000000000,0.000000000
point-0003088,483.593284859,239.247232575,239.271449881,272.800000000,0.000000000,0.000000000
point-0003089,483.594266813,239.246099701,239.272630992,272.800000000,0.000000000,0.000000000
point-0003090,483.595248766,239.244976530,239.273821333,272.800000000,0.000000000,0.000000000
point-0003091,483.596230720,239.243863138,239.275020825,272.800000000,0.000000000,0.000000000
point-0003092,483.597212673,239.242759598,239.276229388,272.800000000,0.000000000,0.000000000
point-0003093,484.480695486,238.254340273,240.367650080,272.800000000,0.000000000,0.000000000
point-0003094,484.481677351,238.253246758,240.368867522,272.800000000,0.000000000,0.000000000
point-0003095,484.482659215,238.252163241,240.370093870,272.800000000,0.000000000,0.000000000
point-0003096,484.483641080,238.251089794,240.371329043,272.800000000,0.000000000,0.000000000
point-0003097,484.484622945,238.250026490,240.372572957,272.800000000,0.000000000,0.000000000
point-0003098,484.485604809,238.248973399,240.373825530,272.800000000,0.000000000,0.000000000
point-0003099,484.486586674,238.247930592,240.375086678,272.800000000,0.000000000,0.000000000
point-0003100,484.487568539,238.246898139,240.376356316,272.800000000,0.000000000,0.000000000
point-0003101,484.488550403,238.245876108,240.377634358,272.800000000,0.000000000,0.000000000
point-0003102,484.489532268,238.244864569,240.378920721,272.800000000,0.000000000,0.000000000
point-0003103,484.490514133,238.243863589,240.380215317,272.800000000,0.000000000,0.000000000
point-0003104,484.491495997,238.242873235,240.381518060,272.800000000,0.000000000,0.000000000
point-0003105,484.492477862,238.241893574,240.382828862,272.800000000,0.000000000,0.000000000
point-0003106,485.375969663,237.365216937,241.565898633,272.800000000,0.000000000,0.000000000
point-0003107,485.376951427,237.364248133,241.567217271,272.800000000,0.000000000,0.000000000
point-0003108,485.377933190,237.363290149,241.568543790,272.800000000,0.000000000,0.000000000
point-0003109,485.378914953,237.362343051,241.569878103,272.800000000,0.000000000,0.000000000
point-0003110,485.379896717,237.361406900,241.571220120,272.800000000,0.000000000,0.000000000
point-0003111,485.380878480,237.360481760,241.572569751,272.800000000,0.000000000,0.000000000
point-0003112,485.381860244,237.359567692,241.573926906,272.800000000,0.000000000,0.000000000
point-0003113,485.382842007,237.358664759,241.575291493,272.800000000,0.000000000,0.000000000
point-0003114,485.383823771,237.357773020,241.576663422,272.800000000,0.000000000,0.000000000
point-0003115,485.384805534,237.356892535,241.578042600,272.800000000,0.000000000,0.000000000
point-0003116,485.385787298,237.356023362,241.579428936,272.800000000,0.000000000,0.000000000
point-0003117,485.386769061,237.355165561,241.580822336,272.800000000,0.000000000,0.000000000
point-0003118,485.387750825,237.354319189,241.582222708,272.800000000,0.000000000,0.000000000
point-0003119,486.271240074,236.597829625,242.845522761,272.800000000,0.000000000,0.000000000
point-0003120,486.272221722,236.596994835,242.846929845,272.800000000,0.000000000,0.000000000
point-0003121,486.273203371,236.596171583,242.848343710,272.800000000,0.000000000,0.000000000
point-0003122,486.274185019,236.595359925,242.849764263,272.800000000,0.000000000,0.000000000
point-0003123,486.275166667,236.594559914,242.851191408,272.800000000,0.000000000,0.000000000
point-0003124,486.276148315,236.593771605,242.852625049,272.800000000,0.000000000,0.000000000
point-0003125,486.277129964,236.592995050,242.854065091,272.800000000,0.000000000,0.000000000
point-0003126,486.278111612,236.592230300,242.855511438,272.800000000,0.000000000,0.000000000
point-0003127,486.279093260,236.591477408,242.856963992,272.800000000,0.000000000,0.000000000
point-0003128,486.280074909,236.590736424,242.858422656,272.800000000,0.000000000,0.000000000
point-0003129,486.281056557,236.590007396,242.859887333,272.800000000,0.000000000,0.000000000
point-0003130,486.282038205,236.589290375,242.861357924,272.800000000,0.000000000,0.000000000
point-0003131,486.283019854,236.588585407,242.862834332,272.800000000,0.000000000,0.000000000
point-0003132,487.166511989,235.959548683,244.194198463,272.800000000,0.000000000,0.000000000
point-0003133,487.167493512,235.958855904,244.195680398,272.800000000,0.000000000,0.000000000
point-0003134,487.168475035,235.958175270,244.197167951,272.800000000,0.000000000,0.000000000
point-0003135,487.169456558,235.957506825,244.198661020,272.800000000,0.000000000,0.000000000
point-0003136,487.170438080,235.956850616,244.200159508,272.800000000,0.000000000,0.000000000
point-0003137,487.171419603,235.956206684,244.201663312,272.800000000,0.000000000,0.000000000
point-0003138,487.172401126,235.955575075,244.203172333,272.800000000,0.000000000,0.000000000
point-0003139,487.173382649,235.954955829,244.204686470,272.800000000,0.000000000,0.000000000
point-0003140,487.174364172,235.954348988,244.206205621,272.800000000,0.000000000,0.000000000
point-0003141,487.175345695,235.953754593,244.207729684,272.800000000,0.000000000,0.000000000
point-0003142,487.176327217,235.953172684,244.209258559,272.800000000,0.000000000,0.000000000
point-0003143,487.177308740,235.952603300,244.210792142,272.800000000,0.000000000,0.000000000
point-0003144,487.178290263,235.952046478,244.212330330,272.800000000,0.000000000,0.000000000
point-0003145,488.061778292,235.456506746,245.598922507,272.800000000,0.000000000,0.000000000
point-0003146,488.062759679,235.455962598,245.600464986,272.800000000,0.000000000,0.000000000
point-0003147,488.063741067,235.455431083,245.602011863,272.800000000,0.000000000,0.000000000
point-0003148,488.064722454,235.454912237,245.603563035,272.800000000,0.000000000,0.000000000
point-0003149,488.065703842,235.454406093,245.605118399,272.800000000,0.000000000,0.000000000
point-0003150,488.066685229,235.453912687,245.606677850,272.800000000,0.000000000,0.000000000
point-0003151,488.067666617,235.453432050,245.608241284,272.800000000,0.000000000,0.000000000
point-0003152,488.068648004,235.452964216,245.609808596,272.800000000,0.000000000,0.000000000
point-0003153,488.069629392,235.452509215,245.611379682,272.800000000,0.000000000,0.000000000
point-0003154,488.070610779,235.452067077,245.612954437,272.800000000,0.000000000,0.000000000
point-0003155,488.071592167,235.451637833,245.614532755,272.800000000,0.000000000,0.000000000
point-0003156,488.072573554,235.451221512,245.616114530,272.800000000,0.000000000,0.000000000
point-0003157,488.073554942,235.450818140,245.617699657,272.800000000,0.000000000,0.000000000
point-0003158,488.957042331,235.093523562,247.046172596,272.800000000,0.000000000,0.000000000
point-0003159,488.958023580,235.093133221,247.047760744,272.800000000,0.000000000,0.000000000
point-0003160,488.959004828,235.092755880,247.049352031,272.800000000,0.000000000,0.000000000
point-0003161,488.959986077,235.092391563,247.050946350,272.800000000,0.000000000,0.000000000
point-0003162,488.960967325,235.092040295,247.052543595,272.800000000,0.000000000,0.000000000
point-0003163,488.961948574,235.091702100,247.054143659,272.800000000,0.000000000,0.000000000
point-0003164,488.962929822,235.091377000,247.055746434,272.800000000,0.000000000,0.000000000
point-0003165,488.963911071,235.091065016,247.057351814,272.800000000,0.000000000,0.000000000
point-0003166,488.964892319,235.090766170,247.058959692,272.800000000,0.000000000,0.000000000
point-0003167,488.965873568,235.090480482,247.060569960,272.800000000,0.000000000,0.000000000
point-0003168,488.966854817,235.090207970,247.062182510,272.800000000,0.000000000,0.000000000
point-0003169,488.967836065,235.089948654,247.063797234,272.800000000,0.000000000,0.000000000
point-0003170,488.968817314,235.089702549,247.065414025,272.800000000,0.000000000,0.000000000
point-0003171,489.852304145,234.874071102,248.522017847,272.800000000,0.000000000,0.000000000
point-0003172,489.853285252,234.873838259,248.523636363,272.800000000,0.000000000,0.000000000
point-0003173,489.854266360,234.873618657,248.525256728,272.800000000,0.000000000,0.000000000
point-0003174,489.855247467,234.873412309,248.526878835,272.800000000,0.000000000,0.000000000
point-0003175,489.856228574,234.873219231,248.528502574,272.800000000,0.000000000,0.000000000
point-0003176,489.857209681,234.873039434,248.530127838,272.800000000,0.000000000,0.000000000
point-0003177,489.858190788,234.872872932,248.531754518,272.800000000,0.000000000,0.000000000
point-0003178,489.859171896,234.872719734,248.533382504,272.800000000,0.000000000,0.000000000
point-0003179,489.860153003,234.872579851,248.535011689,272.800000000,0.000000000,0.000000000
point-0003180,489.861134110,234.872453294,248.536641963,272.800000000,0.000000000,0.000000000
point-0003181,489.862115217,234.872340069,248.538273217,272.800000000,0.000000000,0.000000000
point-0003182,489.863096325,234.872240185,248.539905342,272.800000000,0.000000000,0.000000000
point-0003183,489.864077432,234.872153648,248.541538229,272.800000000,0.000000000,0.000000000
point-0003184,490.747563301,234.800238952,250.012257499,272.800000000,0.000000000,0.000000000
point-0003185,490.748544268,234.800165778,250.013890805,272.800000000,0.000000000,0.000000000
point-0003186,490.749525235,234.800105958,250.015524654,272.800000000,0.000000000,0.000000000
point-0003187,490.750506201,234.800059496,250.017158938,272.800000000,0.000000000,0.000000000
point-0003188,490.751487168,234.800026395,250.018793548,272.800000000,0.000000000,0.000000000
point-0003189,490.752468134,234.800006658,250.020428373,272.800000000,0.000000000,0.000000000
point-0003190,490.753449101,234.800000286,250.022063305,272.800000000,0.000000000,0.000000000
point-0003191,490.897302497,234.606492266,250.163616909,272.800000000,0.000000000,0.000000000
point-0003192,491.016728991,234.407448110,250.163616909,272.800000000,0.000000000,0.000000000
point-0003193,491.316796003,234.418016921,249.663616909,272.800000000,0.000000000,0.000000000
point-0003194,491.436214469,234.617047698,249.663616909,272.800000000,0.000000000,0.000000000
point-0003195,491.736572902,234.641496516,249.163616909,272.800000000,0.000000000,0.000000000
point-0003196,491.855993725,234.442461810,249.163616909,272.800000000,0.000000000,0.000000000
point-0003197,492.156352042,234.466906699,248.663616909,272.800000000,0.000000000,0.000000000
point-0003198,492.275775223,234.665945334,248.663616909,272.800000000,0.000000000,0.000000000
point-0003199,492.577856799,234.724948126,248.163616909,272.800000000,0.000000000,0.000000000
point-0003200,492.698438534,234.523978567,248.163616909,272.800000000,0.000000000,0.000000000
point-0003201,493.001707719,234.597994301,247.663616909,272.800000000,0.000000000,0.000000000
point-0003202,493.122291152,234.798966690,247.663616909,272.800000000,0.000000000,0.000000000
point-0003203,493.425560586,234.872985254,247.163616909,272.800000000,0.000000000,0.000000000
point-0003204,493.546145717,234.672010036,247.163616909,272.800000000,0.000000000,0.000000000
point-0003205,493.852824892,234.778103767,246.663616909,272.800000000,0.000000000,0.000000000
point-0003206,493.975791695,234.983048439,246.663616909,272.800000000,0.000000000,0.000000000
point-0003207,494.279596487,234.903163951,246.163616909,272.800000000,0.000000000,0.000000000
point-0003208,494.402564214,235.108110163,246.163616909,272.800000000,0.000000000,0.000000000
point-0003209,494.706369152,235.028224134,245.663616909,272.800000000,0.000000000,0.000000000
point-0003210,494.829337804,235.233171888,245.663616909,272.800000000,0.000000000,0.000000000
point-0003211,495.130531181,235.188529771,245.163616909,272.800000000,0.000000000,0.000000000
point-0003212,495.257225962,235.399687739,245.163616909,272.800000000,0.000000000,0.000000000
point-0003213,495.557857799,235.367219736,244.663616909,272.800000000,0.000000000,0.000000000
point-0003214,495.684552476,235.578377530,244.663616909,272.800000000,0.000000000,0.000000000
point-0003215,495.985184306,235.545909701,244.163616909,272.800000000,0.000000000,0.000000000
point-0003216,496.111878878,235.757067321,244.163616909,272.800000000,0.000000000,0.000000000
point-0003217,496.411965591,235.769089877,243.663616909,272.800000000,0.000000000,0.000000000
point-0003218,496.543933061,235.989035661,243.663616909,272.800000000,0.000000000,0.000000000
point-0003219,496.844092316,236.005329712,243.163616909,272.800000000,0.000000000,0.000000000
point-0003220,496.976058489,236.225273332,243.163616909,272.800000000,0.000000000,0.000000000
point-0003221,497.276222580,236.241812994,242.663616909,272.800000000,0.000000000,0.000000000
point-0003222,497.415319839,236.473641759,242.663616909,272.800000000,0.000000000,0.000000000
point-0003223,497.718048135,236.541227534,242.163616909,272.800000000,0.000000000,0.000000000
point-0003224,497.857142724,236.773051849,242.163616909,272.800000000,0.000000000,0.000000000
point-0003225,498.159871378,236.840642075,241.663616909,272.800000000,0.000000000,0.000000000
point-0003226,498.298963296,237.072461938,241.663616909,272.800000000,0.000000000,0.000000000
point-0003227,498.604257047,237.166805786,241.163616909,272.800000000,0.000000000,0.000000000
point-0003228,498.752806843,237.414388781,241.163616909,272.800000000,0.000000000,0.000000000
point-0003229,499.061741385,237.537322264,240.663616909,272.800000000,0.000000000,0.000000000
point-0003230,499.210286857,237.784898052,240.663616909,272.800000000,0.000000000,0.000000000
point-0003231,499.519222431,237.907838742,240.163616909,272.800000000,0.000000000,0.000000000
point-0003232,499.676094113,238.169291546,240.163616909,272.800000000,0.000000000,0.000000000
point-0003233,499.995848727,238.353705129,239.663616909,272.800000000,0.000000000,0.000000000
point-0003234,500.156888478,238.622104715,239.663616909,272.800000000,0.000000000,0.000000000
point-0003235,500.476645275,238.806528811,239.163616909,272.800000000,0.000000000,0.000000000
point-0003236,500.637678718,239.074917883,239.163616909,272.800000000,0.000000000,0.000000000
point-0003237,500.972544709,239.322883111,238.663616909,272.800000000,0.000000000,0.000000000
point-0003238,501.150238044,239.619038669,238.663616909,272.800000000,0.000000000,0.000000000
point-0003239,501.487030318,239.874147775,238.163616909,272.800000000,0.000000000,0.000000000
point-0003240,501.664714482,240.170288048,238.163616909,272.800000000,0.000000000,0.000000000
point-0003241,502.023205808,240.497379739,237.663616909,272.800000000,0.000000000,0.000000000
point-0003242,502.223539239,240.831268790,237.663616909,272.800000000,0.000000000,0.000000000
point-0003243,502.586266857,241.171086247,237.163616909,272.800000000,0.000000000,0.000000000
point-0003244,502.795632304,241.520028659,237.163616909,272.800000000,0.000000000,0.000000000
point-0003245,503.197927233,241.966748835,236.663616909,272.800000000,0.000000000,0.000000000
point-0003246,503.430063225,242.353642155,236.663616909,272.800000000,0.000000000,0.000000000
point-0003247,503.849464270,242.842112662,236.163616909,272.800000000,0.000000000,0.000000000
point-0003248,504.128613260,243.307360977,236.163616909,272.800000000,0.000000000,0.000000000
point-0003249,504.593199176,243.898593385,235.663616909,272.800000000,0.000000000,0.000000000
point-0003250,504.922410934,244.447279648,235.663616909,272.800000000,0.000000000,0.000000000
point-0003251,505.491523140,245.253313669,235.163616909,272.800000000,0.000000000,0.000000000
point-0003252,505.926993947,245.979098347,235.163616909,272.800000000,0.000000000,0.000000000
point-0003253,506.770309464,247.292682356,234.663616909,272.800000000,0.000000000,0.000000000
point-0003254,507.775893636,248.968655976,234.663616909,272.800000000,0.000000000,0.000000000
point-0003255,509.013627724,251.031546122,234.663616909,272.800000000,0.000000000,0.000000000
point-0003256,510.019090331,252.707317135,234.663616909,272.800000000,0.000000000,0.000000000
point-0003257,510.862419322,254.020925171,235.163616909,272.800000000,0.000000000,0.000000000
point-0003258,511.297876218,254.746686665,235.163616909,272.800000000,0.000000000,0.000000000
point-0003259,511.866998836,255.552741106,235.663616909,272.800000000,0.000000000,0.000000000
point-0003260,512.196198494,256.101407201,235.663616909,272.800000000,0.000000000,0.000000000
point-0003261,512.660782055,256.692634470,236.163616909,272.800000000,0.000000000,0.000000000
point-0003262,512.939933410,257.157886727,236.163616909,272.800000000,0.000000000,0.000000000
point-0003263,513.359330231,257.646347159,236.663616909,272.800000000,0.000000000,0.000000000
point-0003264,513.591472629,258.033251156,236.663616909,272.800000000,0.000000000,0.000000000
point-0003265,513.993766011,258.479967463,237.163616909,272.800000000,0.000000000,0.000000000
point-0003266,514.203134043,258.828914183,237.163616909,272.800000000,0.000000000,0.000000000
point-0003267,514.565861201,259.168730274,237.663616909,272.800000000,0.000000000,0.000000000
point-0003268,514.766195079,259.502620070,237.663616909,272.800000000,0.000000000,0.000000000
point-0003269,515.124687712,259.829715741,238.163616909,272.800000000,0.000000000,0.000000000
point-0003270,515.302369782,260.125852525,238.163616909,272.800000000,0.000000000,0.000000000
point-0003271,515.639161889,260.380961015,238.663616909,272.800000000,0.000000000,0.000000000
point-0003272,515.816855311,260.677116719,238.663616909,272.800000000,0.000000000,0.000000000
point-0003273,516.151722278,260.925085612,239.163616909,272.800000000,0.000000000,0.000000000
point-0003274,516.312753803,261.193471487,239.163616909,272.800000000,0.000000000,0.000000000
point-0003275,516.632510580,261.377895486,239.663616909,272.800000000,0.000000000,0.000000000
point-0003276,516.793550168,261.646294799,239.663616909,272.800000000,0.000000000,0.000000000
point-0003277,517.113304154,261.830705361,240.163616909,272.800000000,0.000000000,0.000000000
point-0003278,517.270177905,262.092161612,240.163616909,272.800000000,0.000000000,0.000000000
point-0003279,517.579113584,262.215103036,240.663616909,272.800000000,0.000000000,0.000000000
point-0003280,517.727658435,262.462677788,240.663616909,272.800000000,0.000000000,0.000000000
point-0003281,518.036592733,262.585609569,241.163616909,272.800000000,0.000000000,0.000000000
point-0003282,518.185143369,262.833193963,241.163616909,272.800000000,0.000000000,0.000000000
point-0003283,518.490437385,262.927540196,241.663616909,272.800000000,0.000000000,0.000000000
point-0003284,518.629528132,263.159358108,241.663616909,272.800000000,0.000000000,0.000000000
point-0003285,518.932256755,263.226947942,242.163616909,272.800000000,0.000000000,0.000000000
point-0003286,519.071351426,263.458772395,242.163616909,272.800000000,0.000000000,0.000000000
point-0003287,519.374079523,263.526355687,242.663616909,272.800000000,0.000000000,0.000000000
point-0003288,519.513178120,263.758186681,242.663616909,272.800000000,0.000000000,0.000000000
point-0003289,519.813342241,263.774727853,243.163616909,272.800000000,0.000000000,0.000000000
point-0003290,519.945307757,263.994670380,243.163616909,272.800000000,0.000000000,0.000000000
point-0003291,520.245466994,264.010963466,243.663616909,272.800000000,0.000000000,0.000000000
point-0003292,520.377434912,264.230909997,243.663616909,272.800000000,0.000000000,0.000000000
point-0003293,520.677521663,264.242935208,244.163616909,272.800000000,0.000000000,0.000000000
point-0003294,520.804214861,264.454090539,244.163616909,272.800000000,0.000000000,0.000000000
point-0003295,521.104846675,264.421623149,244.663616909,272.800000000,0.000000000,0.000000000
point-0003296,521.231540972,264.632780312,244.663616909,272.800000000,0.000000000,0.000000000
point-0003297,521.532172857,264.600311090,245.163616909,272.800000000,0.000000000,0.000000000
point-0003298,521.658868254,264.811470085,245.163616909,272.800000000,0.000000000,0.000000000
point-0003299,521.960061510,264.766830250,245.663616909,272.800000000,0.000000000,0.000000000
point-0003300,522.083029002,264.971776069,245.663616909,272.800000000,0.000000000,0.000000000
point-0003301,522.386833917,264.891890276,246.163616909,272.800000000,0.000000000,0.000000000
point-0003302,522.509801400,265.096836081,246.163616909,272.800000000,0.000000000,0.000000000
point-0003303,522.813606313,265.016950302,246.663616909,272.800000000,0.000000000,0.000000000
point-0003304,522.936573788,265.221896093,246.663616909,272.800000000,0.000000000,0.000000000
point-0003305,523.241927282,265.127016688,247.163616909,272.800000000,0.000000000,0.000000000
point-0003306,523.362511359,265.327990150,247.163616909,272.800000000,0.000000000,0.000000000
point-0003307,523.665780530,265.402005728,247.663616909,272.800000000,0.000000000,0.000000000
point-0003308,523.786363770,265.201033662,247.663616909,272.800000000,0.000000000,0.000000000
point-0003309,524.089633063,265.275050636,248.163616909,272.800000000,0.000000000,0.000000000
point-0003310,524.210215465,265.476021305,248.163616909,272.800000000,0.000000000,0.000000000
point-0003311,524.512163480,265.533093480,248.663616909,272.800000000,0.000000000,0.000000000
point-0003312,524.631585651,265.334056529,248.663616909,272.800000000,0.000000000,0.000000000
point-0003313,524.931944039,265.358503830,249.163616909,272.800000000,0.000000000,0.000000000
point-0003314,525.051364675,265.557538224,249.163616909,272.800000000,0.000000000,0.000000000
point-0003315,525.351722989,265.581982967,249.663616909,272.800000000,0.000000000,0.000000000
point-0003316,525.471142091,265.382951130,249.663616909,272.800000000,0.000000000,0.000000000
point-0003317,525.771208972,265.393509574,250.163616909,272.800000000,0.000000000,0.000000000
point-0003318,525.890634468,265.592552067,250.163616909,272.800000000,0.000000000,0.000000000
point-0003319,526.190998639,265.567908179,250.663616909,272.800000000,0.000000000,0.000000000
point-0003320,526.310422100,265.368869077,250.663616909,272.800000000,0.000000000,0.000000000
point-0003321,526.610786172,265.344228580,251.163616909,272.800000000,0.000000000,0.000000000
point-0003322,526.730207598,265.543264290,251.163616909,272.800000000,0.000000000,0.000000000
point-0003323,527.030972400,265.507539022,251.663616909,272.800000000,0.000000000,0.000000000
point-0003324,527.151567320,265.306547488,251.663616909,272.800000000,0.000000000,0.000000000
point-0003325,527.454852726,265.232347356,252.163616909,272.800000000,0.000000000,0.000000000
point-0003326,527.575445476,265.433335272,252.163616909,272.800000000,0.000000000,0.000000000
point-0003327,527.878731200,265.359131522,252.663616909,272.800000000,0.000000000,0.000000000
point-0003328,527.999321779,265.158147224,252.663616909,272.800000000,0.000000000,0.000000000
point-0003329,528.303943047,265.070048211,253.163616909,272.800000000,0.000000000,0.000000000
point-0003330,528.426932318,265.275030329,253.163616909,272.800000000,0.000000000,0.000000000
point-0003331,528.736198144,265.149804406,253.663616909,272.800000000,0.000000000,0.000000000
point-0003332,528.859185505,264.944825470,253.663616909,272.800000000,0.000000000,0.000000000
point-0003333,529.162977861,265.024578483,254.163616909,272.800000000,0.000000000,0.000000000
point-0003334,529.285963313,264.819602729,254.163616909,272.800000000,0.000000000,0.000000000
point-0003335,529.588709026,264.887404860,254.663616909,272.800000000,0.000000000,0.000000000
point-0003336,529.715441844,264.676183496,254.663616909,272.800000000,0.000000000,0.000000000
point-0003337,530.016071079,264.708584483,255.163616909,272.800000000,0.000000000,0.000000000
point-0003338,530.142802787,264.497364969,255.163616909,272.800000000,0.000000000,0.000000000
point-0003339,530.443431949,264.529764105,255.663616909,272.800000000,0.000000000,0.000000000
point-0003340,530.570162547,264.318546442,255.663616909,272.800000000,0.000000000,0.000000000
point-0003341,530.870262460,264.331451831,256.163616909,272.800000000,0.000000000,0.000000000
point-0003342,531.002293077,264.111400802,256.163616909,272.800000000,0.000000000,0.000000000
point-0003343,531.302451832,264.095132383,256.663616909,272.800000000,0.000000000,0.000000000
point-0003344,531.434482915,263.875080578,256.663616909,272.800000000,0.000000000,0.000000000
point-0003345,531.734641655,263.858812935,257.163616909,272.800000000,0.000000000,0.000000000
point-0003346,531.866673202,263.638760355,257.163616909,272.800000000,0.000000000,0.000000000
point-0003347,532.168305517,263.586530811,257.663616909,272.800000000,0.000000000,0.000000000
point-0003348,532.307504250,263.354532922,257.663616909,272.800000000,0.000000000,0.000000000
point-0003349,532.610219791,263.287106039,258.163616909,272.800000000,0.000000000,0.000000000
point-0003350,532.749421471,263.055103238,258.163616909,272.800000000,0.000000000,0.000000000
point-0003351,533.052136618,262.987681267,258.663616909,272.800000000,0.000000000,0.000000000
point-0003352,533.198380996,262.743940637,258.663616909,272.800000000,0.000000000,0.000000000
point-0003353,533.507266139,262.621352441,259.163616909,272.800000000,0.000000000,0.000000000
point-0003354,533.655980495,262.373495181,259.163616909,272.800000000,0.000000000,0.000000000
point-0003355,533.964863990,262.250918519,259.663616909,272.800000000,0.000000000,0.000000000
point-0003356,534.113585267,262.003049724,259.663616909,272.800000000,0.000000000,0.000000000
point-0003357,534.428959381,261.840938378,260.163616909,272.800000000,0.000000000,0.000000000
point-0003358,534.590250339,261.572120115,260.163616909,272.800000000,0.000000000,0.000000000
point-0003359,534.909877842,261.388319645,260.663616909,272.800000000,0.000000000,0.000000000
point-0003360,535.071181722,261.119479846,260.663616909,272.800000000,0.000000000,0.000000000
point-0003361,535.395297315,260.915009541,261.163616909,272.800000000,0.000000000,0.000000000
point-0003362,535.573358812,260.618240379,261.163616909,272.800000000,0.000000000,0.000000000
point-0003363,535.909884134,260.364111736,261.663616909,272.800000000,0.000000000,0.000000000
point-0003364,536.087967585,260.067305984,261.663616909,272.800000000,0.000000000,0.000000000
point-0003365,536.429682379,259.794618738,262.163616909,272.800000000,0.000000000,0.000000000
point-0003366,536.630554151,259.459832451,262.163616909,272.800000000,0.000000000,0.000000000
point-0003367,536.992783461,259.121494714,262.663616909,272.800000000,0.000000000,0.000000000
point-0003368,537.193690506,258.786649638,262.663616909,272.800000000,0.000000000,0.000000000
point-0003369,537.574268571,258.396351806,263.163616909,272.800000000,0.000000000,0.000000000
point-0003370,537.807201722,258.008129887,263.163616909,272.800000000,0.000000000,0.000000000
point-0003371,538.208629991,257.563580630,263.663616909,272.800000000,0.000000000,0.000000000
point-0003372,538.455423520,257.152258082,263.663616909,272.800000000,0.000000000,0.000000000
point-0003373,538.918582511,256.564143743,264.163616909,272.800000000,0.000000000,0.000000000
point-0003374,539.198915473,256.096922140,264.163616909,272.800000000,0.000000000,0.000000000
point-0003375,539.733073540,255.360329307,264.663616909,272.800000000,0.000000000,0.000000000
point-0003376,540.089080004,254.766985201,264.663616909,272.800000000,0.000000000,0.000000000
point-0003377,540.782928284,253.724251832,265.163616909,272.800000000,0.000000000,0.000000000
point-0003378,541.320006550,252.829121388,265.163616909,272.800000000,0.000000000,0.000000000
point-0003379,544.714951791,247.170879321,265.163616909,272.800000000,0.000000000,0.000000000
point-0003380,545.252030471,246.275748187,265.163616909,272.800000000,0.000000000,0.000000000
point-0003381,545.945878922,245.233014504,264.663616909,272.800000000,0.000000000,0.000000000
point-0003382,546.301885179,244.639670741,264.663616909,272.800000000,0.000000000,0.000000000
point-0003383,546.836043470,243.903077458,264.163616909,272.800000000,0.000000000,0.000000000
point-0003384,547.116376193,243.435856252,264.163616909,272.800000000,0.000000000,0.000000000
point-0003385,547.579534890,242.847742558,263.663616909,272.800000000,0.000000000,0.000000000
point-0003386,547.826328859,242.436419275,263.663616909,272.800000000,0.000000000,0.000000000
point-0003387,548.227757026,241.991870275,263.163616909,272.800000000,0.000000000,0.000000000
point-0003388,548.460690211,241.603648299,263.163616909,272.800000000,0.000000000,0.000000000
point-0003389,548.841268456,241.213349979,262.663616909,272.800000000,0.000000000,0.000000000
point-0003390,549.042175290,240.878505256,262.663616909,272.800000000,0.000000000,0.000000000
point-0003391,549.404404463,240.540167926,262.163616909,272.800000000,0.000000000,0.000000000
point-0003392,549.605276376,240.205381404,262.163616909,272.800000000,0.000000000,0.000000000
point-0003393,549.946991302,239.932693696,261.663616909,272.800000000,0.000000000,0.000000000
point-0003394,550.125074572,239.635888246,261.663616909,272.800000000,0.000000000,0.000000000
point-0003395,550.461599803,239.381759936,261.163616909,272.800000000,0.000000000,0.000000000
point-0003396,550.639661408,239.084990595,261.163616909,272.800000000,0.000000000,0.000000000
point-0003397,550.963777069,238.880519993,260.663616909,272.800000000,0.000000000,0.000000000
point-0003398,551.125080876,238.611680314,260.663616909,272.800000000,0.000000000,0.000000000
point-0003399,551.444708250,238.427880468,260.163616909,272.800000000,0.000000000,0.000000000
point-0003400,551.605999496,238.159061724,260.163616909,272.800000000,0.000000000,0.000000000
point-0003401,551.921373773,237.996949502,259.663616909,272.800000000,0.000000000,0.000000000
point-0003402,552.070094637,237.749081394,259.663616909,272.800000000,0.000000000,0.000000000
point-0003403,552.378978076,237.626505130,259.163616909,272.800000000,0.000000000,0.000000000
point-0003404,552.527692591,237.378647606,259.163616909,272.800000000,0.000000000,0.000000000
point-0003405,552.836577541,237.256060758,258.663616909,272.800000000,0.000000000,0.000000000
point-0003406,552.982822849,237.012318579,258.663616909,272.800000000,0.000000000,0.000000000
point-0003407,553.285538010,236.944896426,258.163616909,272.800000000,0.000000000,0.000000000
point-0003408,553.424739504,236.712893936,258.163616909,272.800000000,0.000000000,0.000000000
point-0003409,553.727454962,236.645468083,257.663616909,272.800000000,0.000000000,0.000000000
point-0003410,553.866654237,236.413469292,257.663616909,272.800000000,0.000000000,0.000000000
point-0003411,554.168286660,236.361238003,257.163616909,272.800000000,0.000000000,0.000000000
point-0003412,554.300317290,236.141186952,257.163616909,272.800000000,0.000000000,0.000000000
point-0003413,554.600476030,236.124919325,256.663616909,272.800000000,0.000000000,0.000000000
point-0003414,554.732507047,235.904867630,256.663616909,272.800000000,0.000000000,0.000000000
point-0003415,555.032665773,235.888600647,256.163616909,272.800000000,0.000000000,0.000000000
point-0003416,555.164697177,235.668548308,256.163616909,272.800000000,0.000000000,0.000000000
point-0003417,555.464797067,235.681452201,255.663616909,272.800000000,0.000000000,0.000000000
point-0003418,555.591526905,235.470235804,255.663616909,272.800000000,0.000000000,0.000000000
point-0003419,555.892156077,235.502635191,255.163616909,272.800000000,0.000000000,0.000000000
point-0003420,556.018887861,235.291415552,255.163616909,272.800000000,0.000000000,0.000000000
point-0003421,556.319517159,235.323818181,254.663616909,272.800000000,0.000000000,0.000000000
point-0003422,556.446250888,235.112595300,254.663616909,272.800000000,0.000000000,0.000000000
point-0003423,556.748996494,235.180396115,254.163616909,272.800000000,0.000000000,0.000000000
point-0003424,556.871981302,234.975421434,254.163616909,272.800000000,0.000000000,0.000000000
point-0003425,557.175773696,235.055174847,253.663616909,272.800000000,0.000000000,0.000000000
point-0003426,557.298761222,234.850195638,253.663616909,272.800000000,0.000000000,0.000000000
point-0003427,557.602554044,234.929953580,253.163616909,272.800000000,0.000000000,0.000000000
point-0003428,557.725544287,234.724969842,253.163616909,272.800000000,0.000000000,0.000000000
point-0003429,558.029758519,234.640868392,252.663616909,272.800000000,0.000000000,0.000000000
point-0003430,558.150348496,234.841851686,252.663616909,272.800000000,0.000000000,0.000000000
point-0003431,558.453633773,234.767653014,252.163616909,272.800000000,0.000000000,0.000000000
point-0003432,558.574226718,234.566664773,252.163616909,272.800000000,0.000000000,0.000000000
point-0003433,558.877512431,234.492461154,251.663616909,272.800000000,0.000000000,0.000000000
point-0003434,558.998108344,234.693454343,251.663616909,272.800000000,0.000000000,0.000000000
point-0003435,559.298959189,234.655770311,251.163616909,272.800000000,0.000000000,0.000000000
point-0003436,559.418380008,234.456735613,251.163616909,272.800000000,0.000000000,0.000000000
point-0003437,559.718744176,234.432091862,250.663616909,272.800000000,0.000000000,0.000000000
point-0003438,559.838167832,234.631131289,250.663616909,272.800000000,0.000000000,0.000000000
point-0003439,560.351673737,234.200242143,250.041682760,273.200000000,0.000000000,0.000000000
point-0003440,561.282707293,234.275608112,248.491791481,273.200000000,0.000000000,0.000000000
point-0003441,562.213843160,234.502416046,246.956561730,273.200000000,0.000000000,0.000000000
point-0003442,563.145062228,234.878565795,245.450801452,273.200000000,0.000000000,0.000000000
point-0003443,564.076163925,235.400387685,243.989330485,273.200000000,0.000000000,0.000000000
point-0003444,565.007033320,236.062749840,242.586379899,273.200000000,0.000000000,0.000000000
point-0003445,565.938242486,236.859734913,241.254626838,273.200000000,0.000000000,0.000000000
point-0003446,566.869477424,237.783500277,240.007413022,273.200000000,0.000000000,0.000000000
point-0003447,567.800598181,238.825007602,238.856953741,273.200000000,0.000000000,0.000000000
point-0003448,568.731620324,239.974211500,237.814305970,273.200000000,0.000000000,0.000000000
point-0003449,569.662632869,241.220135377,236.889423261,273.200000000,0.000000000,0.000000000
point-0003450,570.593729681,242.550907391,236.091165125,273.200000000,0.000000000,0.000000000
point-0003451,571.524941622,243.953762264,235.427264545,273.200000000,0.000000000,0.000000000
point-0003452,572.456157237,245.415007820,234.904248098,273.200000000,0.000000000,0.000000000
point-0003453,573.387032660,246.919975292,234.527289140,273.200000000,0.000000000,0.000000000
point-0003454,574.317694933,248.454313724,234.299850042,273.200000000,0.000000000,0.000000000
point-0003455,575.248357335,250.003563319,234.224025808,273.200000000,0.000000000,0.000000000
point-0003456,576.179124481,251.552952477,234.300566432,273.200000000,0.000000000,0.000000000
point-0003457,577.109937224,253.087431842,234.528763888,273.200000000,0.000000000,0.000000000
point-0003458,578.040709636,254.592054455,234.906392342,273.200000000,0.000000000,0.000000000
point-0003459,578.971464607,256.052345481,235.429796950,273.200000000,0.000000000,0.000000000
point-0003460,579.902251852,257.454297546,236.093950217,273.200000000,0.000000000,0.000000000
point-0003461,580.833071608,258.784386930,236.892448497,273.200000000,0.000000000,0.000000000
point-0003462,581.763804577,260.029631809,237.817464004,273.200000000,0.000000000,0.000000000
point-0003463,582.694522248,261.178148508,238.860113892,273.200000000,0.000000000,0.000000000
point-0003464,583.625234219,262.218898405,240.010339773,273.200000000,0.000000000,0.000000000
point-0003465,584.555939421,263.141874697,241.257039293,273.200000000,0.000000000,0.000000000
point-0003466,585.486663481,263.938234433,242.588224331,273.200000000,0.000000000,0.000000000
point-0003467,586.417377966,264.600312306,243.991023607,273.200000000,0.000000000,0.000000000
point-0003468,587.348232346,265.121845416,245.452159995,273.200000000,0.000000000,0.000000000
point-0003469,588.279168724,265.497768359,246.957491297,273.200000000,0.000000000,0.000000000
point-0003470,589.210054259,265.724443663,248.492318893,273.200000000,0.000000000,0.000000000
point-0003471,590.140896063,265.799757841,250.041892725,273.200000000,0.000000000,0.000000000
point-0003472,591.071757080,265.723039653,251.591429743,273.200000000,0.000000000,0.000000000
point-0003473,592.002684053,265.495040749,253.126131097,273.200000000,0.000000000,0.000000000
point-0003474,592.933633174,265.117974274,254.631198261,273.200000000,0.000000000,0.000000000
point-0003475,593.864430237,264.595586843,256.091927974,273.200000000,0.000000000,0.000000000
point-0003476,594.795340766,263.932766364,257.494737910,273.200000000,0.000000000,0.000000000
point-0003477,595.726281359,263.135900121,258.826040422,273.200000000,0.000000000,0.000000000
point-0003478,596.657160664,262.212702302,260.072936972,273.200000000,0.000000000,0.000000000
point-0003479,597.587999523,261.171998233,261.223489492,273.200000000,0.000000000,0.000000000
point-0003480,598.518857212,260.023667626,262.266691417,273.200000000,0.000000000,0.000000000
point-0003481,599.449766172,258.778630938,263.192478776,273.200000000,0.000000000,0.000000000
point-0003482,600.380661215,257.448878530,263.991781688,273.200000000,0.000000000,0.000000000
point-0003483,601.311361800,256.047436366,264.656673344,273.200000000,0.000000000,0.000000000
point-0003484,602.242008414,254.587582843,265.180762738,273.200000000,0.000000000,0.000000000
point-0003485,603.172650082,253.083311533,265.558895330,273.200000000,0.000000000,0.000000000
point-0003486,604.103282629,251.549166605,265.787299813,273.200000000,0.000000000,0.000000000
point-0003487,605.033912030,249.999999894,265.863690318,273.200000000,0.000000000,0.000000000
point-0003488,605.964521415,248.450866423,265.787303089,273.200000000,0.000000000,0.000000000
point-0003489,606.895134084,246.916753542,265.558908332,273.200000000,0.000000000,0.000000000
point-0003490,607.825755877,245.412512369,265.180791731,273.200000000,0.000000000,0.000000000
point-0003491,608.756382807,243.952685867,264.656724161,273.200000000,0.000000000,0.000000000
point-0003492,609.687033337,242.551311745,263.991883717,273.200000000,0.000000000,0.000000000
point-0003493,610.617778569,241.221756066,263.192738172,273.200000000,0.000000000,0.000000000
point-0003494,611.548526974,239.976899012,262.267157689,273.200000000,0.000000000,0.000000000
point-0003495,612.479257871,238.828669543,261.224158709,273.200000000,0.000000000,0.000000000
point-0003496,613.410005171,237.787993567,260.073786546,273.200000000,0.000000000,0.000000000
point-0003497,614.340786343,236.864800245,258.827090173,273.200000000,0.000000000,0.000000000
point-0003498,615.271530292,236.067982556,257.496140572,273.200000000,0.000000000,0.000000000
point-0003499,616.202549818,235.404951885,256.093229040,273.200000000,0.000000000,0.000000000
point-0003500,617.133790964,234.882219519,254.631836642,273.200000000,0.000000000,0.000000000
point-0003501,618.064978908,234.505011809,253.126394523,273.200000000,0.000000000,0.000000000
point-0003502,618.996049299,234.276963293,251.591458886,273.200000000,0.000000000,0.000000000
point-0003503,619.927053694,234.200242143,250.041682760,273.200000000,0.000000000,0.000000000
point-0003504,620.286910620,234.800000889,250.039850766,273.200000000,0.000000000,0.000000000
point-0003505,620.287890970,234.800008113,250.041484666,273.200000000,0.000000000,0.000000000
point-0003506,620.288871320,234.800028685,250.043118453,273.200000000,0.000000000,0.000000000
point-0003507,620.289851670,234.800062603,250.044752018,273.200000000,0.000000000,0.000000000
point-0003508,620.290832020,234.800109865,250.046385250,273.200000000,0.000000000,0.000000000
point-0003509,620.291812369,234.800170469,250.048018043,273.200000000,0.000000000,0.000000000
point-0003510,620.292792719,234.800244410,250.049650285,273.200000000,0.000000000,0.000000000
point-0003511,621.176504557,234.872906073,251.520709912,273.200000000,0.000000000,0.000000000
point-0003512,621.177484672,234.872993323,251.522341106,273.200000000,0.000000000,0.000000000
point-0003513,621.178464787,234.873093894,251.523971533,273.200000000,0.000000000,0.000000000
point-0003514,621.179444903,234.873207778,251.525601084,273.200000000,0.000000000,0.000000000
point-0003515,621.180425018,234.873334967,251.527229650,273.200000000,0.000000000,0.000000000
point-0003516,621.181405133,234.873475453,251.528857123,273.200000000,0.000000000,0.000000000
point-0003517,621.182385249,234.873629228,251.530483395,273.200000000,0.000000000,0.000000000
point-0003518,621.183365364,234.873796280,251.532108356,273.200000000,0.000000000,0.000000000
point-0003519,621.184345480,234.873976598,251.533731899,273.200000000,0.000000000,0.000000000
point-0003520,621.185325595,234.874170171,251.535353915,273.200000000,0.000000000,0.000000000
point-0003521,621.186305710,234.874376985,251.536974296,273.200000000,0.000000000,0.000000000
point-0003522,621.187285826,234.874597026,251.538592933,273.200000000,0.000000000,0.000000000
point-0003523,621.188265941,234.874830281,251.540209720,273.200000000,0.000000000,0.000000000
point-0003524,622.071981044,235.091094500,252.997104351,273.200000000,0.000000000,0.000000000
point-0003525,622.072960958,235.091340900,252.998718845,273.200000000,0.000000000,0.000000000
point-0003526,622.073940871,235.091600476,253.000331273,273.200000000,0.000000000,0.000000000
point-0003527,622.074920784,235.091873209,253.001941528,273.200000000,0.000000000,0.000000000
point-0003528,622.075900697,235.092159083,253.003549503,273.200000000,0.000000000,0.000000000
point-0003529,622.076880610,235.092458078,253.005155089,273.200000000,0.000000000,0.000000000
point-0003530,622.077860523,235.092770174,253.006758180,273.200000000,0.000000000,0.000000000
point-0003531,622.078840436,235.093095350,253.008358669,273.200000000,0.000000000,0.000000000
point-0003532,622.079820349,235.093433584,253.009956449,273.200000000,0.000000000,0.000000000
point-0003533,622.080800262,235.093784855,253.011551414,273.200000000,0.000000000,0.000000000
point-0003534,622.081780176,235.094149138,253.013143458,273.200000000,0.000000000,0.000000000
point-0003535,622.082760089,235.094526409,253.014732474,273.200000000,0.000000000,0.000000000
point-0003536,622.083740002,235.094916644,253.016318356,273.200000000,0.000000000,0.000000000
point-0003537,622.967457017,235.452679189,254.445068692,273.200000000,0.000000000,0.000000000
point-0003538,622.968436773,235.453082295,254.446651082,273.200000000,0.000000000,0.000000000
point-0003539,622.969416530,235.453498307,254.448230128,273.200000000,0.000000000,0.000000000
point-0003540,622.970396286,235.453927198,254.449805725,273.200000000,0.000000000,0.000000000
point-0003541,622.971376043,235.454368938,254.451377768,273.200000000,0.000000000,0.000000000
point-0003542,622.972355800,235.454823499,254.452946151,273.200000000,0.000000000,0.000000000
point-0003543,622.973335556,235.455290850,254.454510771,273.200000000,0.000000000,0.000000000
point-0003544,622.974315313,235.455770959,254.456071523,273.200000000,0.000000000,0.000000000
point-0003545,622.975295069,235.456263796,254.457628304,273.200000000,0.000000000,0.000000000
point-0003546,622.976274826,235.456769327,254.459181008,273.200000000,0.000000000,0.000000000
point-0003547,622.977254582,235.457287517,254.460729533,273.200000000,0.000000000,0.000000000
point-0003548,622.978234339,235.457818334,254.462273776,273.200000000,0.000000000,0.000000000
point-0003549,622.979214095,235.458361741,254.463813634,273.200000000,0.000000000,0.000000000
point-0003550,623.862931669,235.954168131,255.850716778,273.200000000,0.000000000,0.000000000
point-0003551,623.863911336,235.954724040,255.852252006,273.200000000,0.000000000,0.000000000
point-0003552,623.864891002,235.955292464,255.853782645,273.200000000,0.000000000,0.000000000
point-0003553,623.865870669,235.955873365,255.855308593,273.200000000,0.000000000,0.000000000
point-0003554,623.866850335,235.956466705,255.856829747,273.200000000,0.000000000,0.000000000
point-0003555,623.867830001,235.957072443,255.858346007,273.200000000,0.000000000,0.000000000
point-0003556,623.868809668,235.957690539,255.859857271,273.200000000,0.000000000,0.000000000
point-0003557,623.869789334,235.958320953,255.861363438,273.200000000,0.000000000,0.000000000
point-0003558,623.870769001,235.958963641,255.862864409,273.200000000,0.000000000,0.000000000
point-0003559,623.871748667,235.959618562,255.864360083,273.200000000,0.000000000,0.000000000
point-0003560,623.872728334,235.960285671,255.865850361,273.200000000,0.000000000,0.000000000
point-0003561,623.873708000,235.960964925,255.867335142,273.200000000,0.000000000,0.000000000
point-0003562,623.874687666,235.961656277,255.868814329,273.200000000,0.000000000,0.000000000
point-0003563,624.758404613,236.590738255,257.200571473,273.200000000,0.000000000,0.000000000
point-0003564,624.759384281,236.591441661,257.202044969,273.200000000,0.000000000,0.000000000
point-0003565,624.760363948,236.592157073,257.203512673,273.200000000,0.000000000,0.000000000
point-0003566,624.761343616,236.592884443,257.204974488,273.200000000,0.000000000,0.000000000
point-0003567,624.762323284,236.593623723,257.206430315,273.200000000,0.000000000,0.000000000
point-0003568,624.763302952,236.594374864,257.207880059,273.200000000,0.000000000,0.000000000
point-0003569,624.764282619,236.595137814,257.209323622,273.200000000,0.000000000,0.000000000
point-0003570,624.765262287,236.595912525,257.210760909,273.200000000,0.000000000,0.000000000
point-0003571,624.766241955,236.596698943,257.212191823,273.200000000,0.000000000,0.000000000
point-0003572,624.767221623,236.597497017,257.213616269,273.200000000,0.000000000,0.000000000
point-0003573,624.768201290,236.598306694,257.215034153,273.200000000,0.000000000,0.000000000
point-0003574,624.769180958,236.599127918,257.216445379,273.200000000,0.000000000,0.000000000
point-0003575,624.770160626,236.599960636,257.217849854,273.200000000,0.000000000,0.000000000
point-0003576,625.653879351,237.356287449,258.481693085,273.200000000,0.000000000,0.000000000
point-0003577,625.654859134,237.357131705,258.483090879,273.200000000,0.000000000,0.000000000
point-0003578,625.655838917,237.357987346,258.484481733,273.200000000,0.000000000,0.000000000
point-0003579,625.656818700,237.358854315,258.485865554,273.200000000,0.000000000,0.000000000
point-0003580,625.657798483,237.359732553,258.487242251,273.200000000,0.000000000,0.000000000
point-0003581,625.658778266,237.360622002,258.488611731,273.200000000,0.000000000,0.000000000
point-0003582,625.659758049,237.361522603,258.489973903,273.200000000,0.000000000,0.000000000
point-0003583,625.660737831,237.362434296,258.491328677,273.200000000,0.000000000,0.000000000
point-0003584,625.661717614,237.363357020,258.492675961,273.200000000,0.000000000,0.000000000
point-0003585,625.662697397,237.364290713,258.494015667,273.200000000,0.000000000,0.000000000
point-0003586,625.663677180,237.365235314,258.495347705,273.200000000,0.000000000,0.000000000
point-0003587,625.664656963,237.366190759,258.496671986,273.200000000,0.000000000,0.000000000
point-0003588,625.665636746,237.367156985,258.497988422,273.200000000,0.000000000,0.000000000
point-0003589,626.549353893,238.243486351,259.681782769,273.200000000,0.000000000,0.000000000
point-0003590,626.550333925,238.244463543,259.683091603,273.200000000,0.000000000,0.000000000
point-0003591,626.551313957,238.245451391,259.684392414,273.200000000,0.000000000,0.000000000
point-0003592,626.552293989,238.246449830,259.685685113,273.200000000,0.000000000,0.000000000
point-0003593,626.553274020,238.247458792,259.686969615,273.200000000,0.000000000,0.000000000
point-0003594,626.554254052,238.248478212,259.688245834,273.200000000,0.000000000,0.000000000
point-0003595,626.555234084,238.249508020,259.689513685,273.200000000,0.000000000,0.000000000
point-0003596,626.556214116,238.250548148,259.690773083,273.200000000,0.000000000,0.000000000
point-0003597,626.557194148,238.251598527,259.692023945,273.200000000,0.000000000,0.000000000
point-0003598,626.558174179,238.252659086,259.693266187,273.200000000,0.000000000,0.000000000
point-0003599,626.559154211,238.253729755,259.694499726,273.200000000,0.000000000,0.000000000
point-0003600,626.560134243,238.254810463,259.695724480,273.200000000,0.000000000,0.000000000
point-0003601,626.561114275,238.255901137,259.696940367,273.200000000,0.000000000,0.000000000
point-0003602,627.444830549,239.243854770,260.789307313,273.200000000,0.000000000,0.000000000
point-0003603,627.445810977,239.244955785,260.790514738,273.200000000,0.000000000,0.000000000
point-0003604,627.446791405,239.246066627,260.791713127,273.200000000,0.000000000,0.000000000
point-0003605,627.447771833,239.247187223,260.792902400,273.200000000,0.000000000,0.000000000
point-0003606,627.448752260,239.248317499,260.794082479,273.200000000,0.000000000,0.000000000
point-0003607,627.449732688,239.249457378,260.795253283,273.200000000,0.000000000,0.000000000
point-0003608,627.450713116,239.250606785,260.796414735,273.200000000,0.000000000,0.000000000
point-0003609,627.451693544,239.251765642,260.797566758,273.200000000,0.000000000,0.000000000
point-0003610,627.452673972,239.252933874,260.798709274,273.200000000,0.000000000,0.000000000
point-0003611,627.453654399,239.254111400,260.799842207,273.200000000,0.000000000,0.000000000
point-0003612,627.454634827,239.255298144,260.800965482,273.200000000,0.000000000,0.000000000
point-0003613,627.455615255,239.256494026,260.802079024,273.200000000,0.000000000,0.000000000
point-0003614,627.456595683,239.257698965,260.803182758,273.200000000,0.000000000,0.000000000
point-0003615,628.340305775,240.347827942,261.793589941,273.200000000,0.000000000,0.000000000
point-0003616,628.341286750,240.349042540,261.794684402,273.200000000,0.000000000,0.000000000
point-0003617,628.342267726,240.350266044,261.795768897,273.200000000,0.000000000,0.000000000
point-0003618,628.343248702,240.351498372,261.796843354,273.200000000,0.000000000,0.000000000
point-0003619,628.344229677,240.352739443,261.797907702,273.200000000,0.000000000,0.000000000
point-0003620,628.345210653,240.353989173,261.798961868,273.200000000,0.000000000,0.000000000
point-0003621,628.346191628,240.355247478,261.800005783,273.200000000,0.000000000,0.000000000
point-0003622,628.347172604,240.356514276,261.801039377,273.200000000,0.000000000,0.000000000
point-0003623,628.348153579,240.357789480,261.802062580,273.200000000,0.000000000,0.000000000
point-0003624,628.349134555,240.359073007,261.803075325,273.200000000,0.000000000,0.000000000
point-0003625,628.350115531,240.360364769,261.804077544,273.200000000,0.000000000,0.000000000
point-0003626,628.351096506,240.361664681,261.805069169,273.200000000,0.000000000,0.000000000
point-0003627,628.352077482,240.362972656,261.806050135,273.200000000,0.000000000,0.000000000
point-0003628,629.235787264,241.544861212,262.684927541,273.200000000,0.000000000,0.000000000
point-0003629,629.236768927,241.546178086,262.685898457,273.200000000,0.000000000,0.000000000
point-0003630,629.237750589,241.547502859,262.686858568,273.200000000,0.000000000,0.000000000
point-0003631,629.238732252,241.548835442,262.687807810,273.200000000,0.000000000,0.000000000
point-0003632,629.239713914,241.550175746,262.688746119,273.200000000,0.000000000,0.000000000
point-0003633,629.240695577,241.551523680,262.689673432,273.200000000,0.000000000,0.000000000
point-0003634,629.241677239,241.552879155,262.690589688,273.200000000,0.000000000,0.000000000
point-0003635,629.242658902,241.554242080,262.691494824,273.200000000,0.000000000,0.000000000
point-0003636,629.243640564,241.555612364,262.692388781,273.200000000,0.000000000,0.000000000
point-0003637,629.244622227,241.556989915,262.693271498,273.200000000,0.000000000,0.000000000
point-0003638,629.245603889,241.558374641,262.694142917,273.200000000,0.000000000,0.000000000
point-0003639,629.246585552,241.559766450,262.695002979,273.200000000,0.000000000,0.000000000
point-0003640,629.247567214,241.561165247,262.695851626,273.200000000,0.000000000,0.000000000
point-0003641,630.131276080,242.823500171,263.454661283,273.200000000,0.000000000,0.000000000
point-0003642,630.132258545,242.824907016,263.455499139,273.200000000,0.000000000,0.000000000
point-0003643,630.133241011,242.826320675,263.456325450,273.200000000,0.000000000,0.000000000
point-0003644,630.134223477,242.827741051,263.457140159,273.200000000,0.000000000,0.000000000
point-0003645,630.135205942,242.829168049,263.457943211,273.200000000,0.000000000,0.000000000
point-0003646,630.136188408,242.830601575,263.458734554,273.200000000,0.000000000,0.000000000
point-0003647,630.137170874,242.832041531,263.459514134,273.200000000,0.000000000,0.000000000
point-0003648,630.138153339,242.833487822,263.460281899,273.200000000,0.000000000,0.000000000
point-0003649,630.139135805,242.834940349,263.461037796,273.200000000,0.000000000,0.000000000
point-0003650,630.140118271,242.836399017,263.461781777,273.200000000,0.000000000,0.000000000
point-0003651,630.141100736,242.837863727,263.462513790,273.200000000,0.000000000,0.000000000
point-0003652,630.142083202,242.839334381,263.463233787,273.200000000,0.000000000,0.000000000
point-0003653,630.143065668,242.840810881,263.463941719,273.200000000,0.000000000,0.000000000
point-0003654,631.026808516,244.171540343,264.095295419,273.200000000,0.000000000,0.000000000
point-0003655,631.027791826,244.173023866,264.095991832,273.200000000,0.000000000,0.000000000
point-0003656,631.028775136,244.174513045,264.096676065,273.200000000,0.000000000,0.000000000
point-0003657,631.029758447,244.176007780,264.097348073,273.200000000,0.000000000,0.000000000
point-0003658,631.030741757,244.177507973,264.098007811,273.200000000,0.000000000,0.000000000
point-0003659,631.031725067,244.179013521,264.098655233,273.200000000,0.000000000,0.000000000
point-0003660,631.032708377,244.180524323,264.099290296,273.200000000,0.000000000,0.000000000
point-0003661,631.033691687,244.182040279,264.099912959,273.200000000,0.000000000,0.000000000
point-0003662,631.034674997,244.183561285,264.100523179,273.200000000,0.000000000,0.000000000
point-0003663,631.035658307,244.185087241,264.101120915,273.200000000,0.000000000,0.000000000
point-0003664,631.036641617,244.186618044,264.101706126,273.200000000,0.000000000,0.000000000
point-0003665,631.037624927,244.188153591,264.102278775,273.200000000,0.000000000,0.000000000
point-0003666,631.038608237,244.189693778,264.102838821,273.200000000,0.000000000,0.000000000
point-0003667,631.922358806,245.575988917,264.600505463,273.200000000,0.000000000,0.000000000
point-0003668,631.923342889,245.577534857,264.601053296,273.200000000,0.000000000,0.000000000
point-0003669,631.924326972,245.579085239,264.601588432,273.200000000,0.000000000,0.000000000
point-0003670,631.925311055,245.580639957,264.602110836,273.200000000,0.000000000,0.000000000
point-0003671,631.926295137,245.582198906,264.602620473,273.200000000,0.000000000,0.000000000
point-0003672,631.927279220,245.583761982,264.603117309,273.200000000,0.000000000,0.000000000
point-0003673,631.928263303,245.585329081,264.603601310,273.200000000,0.000000000,0.000000000
point-0003674,631.929247386,245.586900095,264.604072443,273.200000000,0.000000000,0.000000000
point-0003675,631.930231469,245.588474921,264.604530677,273.200000000,0.000000000,0.000000000
point-0003676,631.931215552,245.590053451,264.604975982,273.200000000,0.000000000,0.000000000
point-0003677,631.932199635,245.591635580,264.605408326,273.200000000,0.000000000,0.000000000
point-0003678,631.933183718,245.593221201,264.605827681,273.200000000,0.000000000,0.000000000
point-0003679,631.934167801,245.594810208,264.606234019,273.200000000,0.000000000,0.000000000
point-0003680,632.817904265,247.023271005,264.965283872,273.200000000,0.000000000,0.000000000
point-0003681,632.818888987,247.024864327,264.965677417,273.200000000,0.000000000,0.000000000
point-0003682,632.819873710,247.026460825,264.966057874,273.200000000,0.000000000,0.000000000
point-0003683,632.820858432,247.028060391,264.966425217,273.200000000,0.000000000,0.000000000
point-0003684,632.821843155,247.029662917,264.966779422,273.200000000,0.000000000,0.000000000
point-0003685,632.822827878,247.031268296,264.967120465,273.200000000,0.000000000,0.000000000
point-0003686,632.823812600,247.032876419,264.967448323,273.200000000,0.000000000,0.000000000
point-0003687,632.824797323,247.034487179,264.967762974,273.200000000,0.000000000,0.000000000
point-0003688,632.825782046,247.036100467,264.968064396,273.200000000,0.000000000,0.000000000
point-0003689,632.826766768,247.037716173,264.968352569,273.200000000,0.000000000,0.000000000
point-0003690,632.827751491,247.039334190,264.968627475,273.200000000,0.000000000,0.000000000
point-0003691,632.828736214,247.040954409,264.968889093,273.200000000,0.000000000,0.000000000
point-0003692,632.829720936,247.042576719,264.969137408,273.200000000,0.000000000,0.000000000
point-0003693,633.713467437,248.499433316,265.186013363,273.200000000,0.000000000,0.000000000
point-0003694,633.714452588,248.501058317,265.186248456,273.200000000,0.000000000,0.000000000
point-0003695,633.715437739,248.502685193,265.186470201,273.200000000,0.000000000,0.000000000
point-0003696,633.716422890,248.504313835,265.186678582,273.200000000,0.000000000,0.000000000
point-0003697,633.717408041,248.505944132,265.186873585,273.200000000,0.000000000,0.000000000
point-0003698,633.718393192,248.507575975,265.187055199,273.200000000,0.000000000,0.000000000
point-0003699,633.719378343,248.509209255,265.187223409,273.200000000,0.000000000,0.000000000
point-0003700,633.720363494,248.510843860,265.187378205,273.200000000,0.000000000,0.000000000
point-0003701,633.721348645,248.512479681,265.187519577,273.200000000,0.000000000,0.000000000
point-0003702,633.722333796,248.514116607,265.187647515,273.200000000,0.000000000,0.000000000
point-0003703,633.723318947,248.515754529,265.187762010,273.200000000,0.000000000,0.000000000
point-0003704,633.724304098,248.517393335,265.187863054,273.200000000,0.000000000,0.000000000
point-0003705,633.725289249,248.519032916,265.187950641,273.200000000,0.000000000,0.000000000
point-0003706,634.609032312,249.990150979,265.260484005,273.200000000,0.000000000,0.000000000
point-0003707,634.610017609,249.991791467,265.260558139,273.200000000,0.000000000,0.000000000
point-0003708,634.611002906,249.993432509,265.260618801,273.200000000,0.000000000,0.000000000
point-0003709,634.611988204,249.995073993,265.260665987,273.200000000,0.000000000,0.000000000
point-0003710,634.612973501,249.996715809,265.260699693,273.200000000,0.000000000,0.000000000
point-0003711,634.613958798,249.998357846,265.260719918,273.200000000,0.000000000,0.000000000
point-0003712,634.614944095,249.999999995,265.260726660,273.200000000,0.000000000,0.000000000
point-0003713,634.615929393,250.001642143,265.260719918,273.200000000,0.000000000,0.000000000
point-0003714,634.616914690,250.003284181,265.260699693,273.200000000,0.000000000,0.000000000
point-0003715,634.617899987,250.004925997,265.260665987,273.200000000,0.000000000,0.000000000
point-0003716,634.618885285,250.006567481,265.260618801,273.200000000,0.000000000,0.000000000
point-0003717,634.619870582,250.008208522,265.260558139,273.200000000,0.000000000,0.000000000
point-0003718,634.620855879,250.009849010,265.260484005,273.200000000,0.000000000,0.000000000
point-0003719,635.504598001,251.480965512,265.187950796,273.200000000,0.000000000,0.000000000
point-0003720,635.505583151,251.482605091,265.187863209,273.200000000,0.000000000,0.000000000
point-0003721,635.506568301,251.484243895,265.187762165,273.200000000,0.000000000,0.000000000
point-0003722,635.507553451,251.485881815,265.187647670,273.200000000,0.000000000,0.000000000
point-0003723,635.508538601,251.487518740,265.187519733,273.200000000,0.000000000,0.000000000
point-0003724,635.509523751,251.489154559,265.187378361,273.200000000,0.000000000,0.000000000
point-0003725,635.510508901,251.490789163,265.187223565,273.200000000,0.000000000,0.000000000
point-0003726,635.511494051,251.492422440,265.187055355,273.200000000,0.000000000,0.000000000
point-0003727,635.512479201,251.494054282,265.186873743,273.200000000,0.000000000,0.000000000
point-0003728,635.513464351,251.495684577,265.186678739,273.200000000,0.000000000,0.000000000
point-0003729,635.514449501,251.497313217,265.186470359,273.200000000,0.000000000,0.000000000
point-0003730,635.515434651,251.498940092,265.186248615,273.200000000,0.000000000,0.000000000
point-0003731,635.516419801,251.500565091,265.186013522,273.200000000,0.000000000,0.000000000
point-0003732,636.400165373,252.957420192,264.969138023,273.200000000,0.000000000,0.000000000
point-0003733,636.401150095,252.959042501,264.968889709,273.200000000,0.000000000,0.000000000
point-0003734,636.402134817,252.960662717,264.968628091,273.200000000,0.000000000,0.000000000
point-0003735,636.403119538,252.962280733,264.968353186,273.200000000,0.000000000,0.000000000
point-0003736,636.404104260,252.963896438,264.968065013,273.200000000,0.000000000,0.000000000
point-0003737,636.405088981,252.965509724,264.967763592,273.200000000,0.000000000,0.000000000
point-0003738,636.406073703,252.967120482,264.967448942,273.200000000,0.000000000,0.000000000
point-0003739,636.407058425,252.968728604,264.967121085,273.200000000,0.000000000,0.000000000
point-0003740,636.408043146,252.970333981,264.966780042,273.200000000,0.000000000,0.000000000
point-0003741,636.409027868,252.971936506,264.966425838,273.200000000,0.000000000,0.000000000
point-0003742,636.410012589,252.973536070,264.966058495,273.200000000,0.000000000,0.000000000
point-0003743,636.410997311,252.975132566,264.965678039,273.200000000,0.000000000,0.000000000
point-0003744,636.411982033,252.976725886,264.965284495,273.200000000,0.000000000,0.000000000
point-0003745,637.295717559,254.405185263,264.606235395,273.200000000,0.000000000,0.000000000
point-0003746,637.296701641,254.406774268,264.605829058,273.200000000,0.000000000,0.000000000
point-0003747,637.297685723,254.408359888,264.605409703,273.200000000,0.000000000,0.000000000
point-0003748,637.298669805,254.409942015,264.604977360,273.200000000,0.000000000,0.000000000
point-0003749,637.299653887,254.411520544,264.604532057,273.200000000,0.000000000,0.000000000
point-0003750,637.300637969,254.413095368,264.604073823,273.200000000,0.000000000,0.000000000
point-0003751,637.301622051,254.414666381,264.603602691,273.200000000,0.000000000,0.000000000
point-0003752,637.302606133,254.416233478,264.603118691,273.200000000,0.000000000,0.000000000
point-0003753,637.303590215,254.417796552,264.602621857,273.200000000,0.000000000,0.000000000
point-0003754,637.304574297,254.419355500,264.602112221,273.200000000,0.000000000,0.000000000
point-0003755,637.305558378,254.420910217,264.601589817,273.200000000,0.000000000,0.000000000
point-0003756,637.306542460,254.422460597,264.601054682,273.200000000,0.000000000,0.000000000
point-0003757,637.307526542,254.424006536,264.600506851,273.200000000,0.000000000,0.000000000
point-0003758,638.191276161,255.810300368,264.102841250,273.200000000,0.000000000,0.000000000
point-0003759,638.192259471,255.811840554,264.102281205,273.200000000,0.000000000,0.000000000
point-0003760,638.193242780,255.813376099,264.101708558,273.200000000,0.000000000,0.000000000
point-0003761,638.194226089,255.814906900,264.101123347,273.200000000,0.000000000,0.000000000
point-0003762,638.195209398,255.816432855,264.100525612,273.200000000,0.000000000,0.000000000
point-0003763,638.196192707,255.817953860,264.099915394,273.200000000,0.000000000,0.000000000
point-0003764,638.197176016,255.819469815,264.099292733,273.200000000,0.000000000,0.000000000
point-0003765,638.198159325,255.820980616,264.098657670,273.200000000,0.000000000,0.000000000
point-0003766,638.199142634,255.822486162,264.098010249,273.200000000,0.000000000,0.000000000
point-0003767,638.200125943,255.823986353,264.097350514,273.200000000,0.000000000,0.000000000
point-0003768,638.201109252,255.825481088,264.096678507,273.200000000,0.000000000,0.000000000
point-0003769,638.202092561,255.826970266,264.095994275,273.200000000,0.000000000,0.000000000
point-0003770,638.203075870,255.828453787,264.095297863,273.200000000,0.000000000,0.000000000
point-0003771,639.086817780,257.159182133,263.463945460,273.200000000,0.000000000,0.000000000
point-0003772,639.087800245,257.160658631,263.463237529,273.200000000,0.000000000,0.000000000
point-0003773,639.088782710,257.162129284,263.462517533,273.200000000,0.000000000,0.000000000
point-0003774,639.089765174,257.163593993,263.461785522,273.200000000,0.000000000,0.000000000
point-0003775,639.090747639,257.165052659,263.461041543,273.200000000,0.000000000,0.000000000
point-0003776,639.091730103,257.166505186,263.460285646,273.200000000,0.000000000,0.000000000
point-0003777,639.092712568,257.167951475,263.459517883,273.200000000,0.000000000,0.000000000
point-0003778,639.093695033,257.169391431,263.458738305,273.200000000,0.000000000,0.000000000
point-0003779,639.094677497,257.170824955,263.457946964,273.200000000,0.000000000,0.000000000
point-0003780,639.095659962,257.172251953,263.457143913,273.200000000,0.000000000,0.000000000
point-0003781,639.096642427,257.173672328,263.456329206,273.200000000,0.000000000,0.000000000
point-0003782,639.097624891,257.175085985,263.455502897,273.200000000,0.000000000,0.000000000
point-0003783,639.098607356,257.176492830,263.454665042,273.200000000,0.000000000,0.000000000
point-0003784,639.982315310,258.438826885,262.695856891,273.200000000,0.000000000,0.000000000
point-0003785,639.983296971,258.440225682,262.695008245,273.200000000,0.000000000,0.000000000
point-0003786,639.984278633,258.441617489,262.694148185,273.200000000,0.000000000,0.000000000
point-0003787,639.985260294,258.443002214,262.693276768,273.200000000,0.000000000,0.000000000
point-0003788,639.986241956,258.444379765,262.692394052,273.200000000,0.000000000,0.000000000
point-0003789,639.987223617,258.445750048,262.691500097,273.200000000,0.000000000,0.000000000
point-0003790,639.988205279,258.447112972,262.690594963,273.200000000,0.000000000,0.000000000
point-0003791,639.989186941,258.448468447,262.689678709,273.200000000,0.000000000,0.000000000
point-0003792,639.990168602,258.449816380,262.688751397,273.200000000,0.000000000,0.000000000
point-0003793,639.991150264,258.451156683,262.687813090,273.200000000,0.000000000,0.000000000
point-0003794,639.992131925,258.452489265,262.686863850,273.200000000,0.000000000,0.000000000
point-0003795,639.993113587,258.453814038,262.685903741,273.200000000,0.000000000,0.000000000
point-0003796,639.994095248,258.455130911,262.684932827,273.200000000,0.000000000,0.000000000
point-0003797,640.877804162,259.637018892,261.806057073,273.200000000,0.000000000,0.000000000
point-0003798,640.878785137,259.638326867,261.805076109,273.200000000,0.000000000,0.000000000
point-0003799,640.879766112,259.639626779,261.804084485,273.200000000,0.000000000,0.000000000
point-0003800,640.880747087,259.640918541,261.803082268,273.200000000,0.000000000,0.000000000
point-0003801,640.881728062,259.642202068,261.802069525,273.200000000,0.000000000,0.000000000
point-0003802,640.882709037,259.643477272,261.801046322,273.200000000,0.000000000,0.000000000
point-0003803,640.883690012,259.644744069,261.800012730,273.200000000,0.000000000,0.000000000
point-0003804,640.884670987,259.646002375,261.798968817,273.200000000,0.000000000,0.000000000
point-0003805,640.885651962,259.647252105,261.797914652,273.200000000,0.000000000,0.000000000
point-0003806,640.886632937,259.648493176,261.796850306,273.200000000,0.000000000,0.000000000
point-0003807,640.887613912,259.649725504,261.795775850,273.200000000,0.000000000,0.000000000
point-0003808,640.888594887,259.650949008,261.794691356,273.200000000,0.000000000,0.000000000
point-0003809,640.889575862,259.652163606,261.793596897,273.200000000,0.000000000,0.000000000
point-0003810,641.773286116,260.742293499,260.803190322,273.200000000,0.000000000,0.000000000
point-0003811,641.774266541,260.743498436,260.802086592,273.200000000,0.000000000,0.000000000
point-0003812,641.775246966,260.744694315,260.800973054,273.200000000,0.000000000,0.000000000
point-0003813,641.776227391,260.745881057,260.799849783,273.200000000,0.000000000,0.000000000
point-0003814,641.777207816,260.747058581,260.798716853,273.200000000,0.000000000,0.000000000
point-0003815,641.778188242,260.748226810,260.797574341,273.200000000,0.000000000,0.000000000
point-0003816,641.779168667,260.749385666,260.796422323,273.200000000,0.000000000,0.000000000
point-0003817,641.780149092,260.750535071,260.795260875,273.200000000,0.000000000,0.000000000
point-0003818,641.781129517,260.751674948,260.794090074,273.200000000,0.000000000,0.000000000
point-0003819,641.782109942,260.752805221,260.792910000,273.200000000,0.000000000,0.000000000
point-0003820,641.783090368,260.753925816,260.791720731,273.200000000,0.000000000,0.000000000
point-0003821,641.784070793,260.755036656,260.790522346,273.200000000,0.000000000,0.000000000
point-0003822,641.785051218,260.756137669,260.789314925,273.200000000,0.000000000,0.000000000
point-0003823,642.668762217,261.744086478,259.696955472,273.200000000,0.000000000,0.000000000
point-0003824,642.669742242,261.745177147,259.695739593,273.200000000,0.000000000,0.000000000
point-0003825,642.670722268,261.746257849,259.694514848,273.200000000,0.000000000,0.000000000
point-0003826,642.671702294,261.747328513,259.693281318,273.200000000,0.000000000,0.000000000
point-0003827,642.672682320,261.748389067,259.692039085,273.200000000,0.000000000,0.000000000
point-0003828,642.673662346,261.749439441,259.690788231,273.200000000,0.000000000,0.000000000
point-0003829,642.674642372,261.750479565,259.689528842,273.200000000,0.000000000,0.000000000
point-0003830,642.675622398,261.751509368,259.688261000,273.200000000,0.000000000,0.000000000
point-0003831,642.676602424,261.752528783,259.686984790,273.200000000,0.000000000,0.000000000
point-0003832,642.677582450,261.753537741,259.685700297,273.200000000,0.000000000,0.000000000
point-0003833,642.678562475,261.754536176,259.684407607,273.200000000,0.000000000,0.000000000
point-0003834,642.679542501,261.755524020,259.683106806,273.200000000,0.000000000,0.000000000
point-0003835,642.680522527,261.756501208,259.681797981,273.200000000,0.000000000,0.000000000
point-0003836,643.564234700,262.632827505,258.498011678,273.200000000,0.000000000,0.000000000
point-0003837,643.565214477,262.633793727,258.496695252,273.200000000,0.000000000,0.000000000
point-0003838,643.566194254,262.634749169,258.495370980,273.200000000,0.000000000,0.000000000
point-0003839,643.567174032,262.635693767,258.494038951,273.200000000,0.000000000,0.000000000
point-0003840,643.568153809,262.636627457,258.492699255,273.200000000,0.000000000,0.000000000
point-0003841,643.569133586,262.637550178,258.491351980,273.200000000,0.000000000,0.000000000
point-0003842,643.570113363,262.638461868,258.489997216,273.200000000,0.000000000,0.000000000
point-0003843,643.571093140,262.639362467,258.488635053,273.200000000,0.000000000,0.000000000
point-0003844,643.572072917,262.640251913,258.487265583,273.200000000,0.000000000,0.000000000
point-0003845,643.573052694,262.641130149,258.485888896,273.200000000,0.000000000,0.000000000
point-0003846,643.574032471,262.641997115,258.484505084,273.200000000,0.000000000,0.000000000
point-0003847,643.575012249,262.642852754,258.483114240,273.200000000,0.000000000,0.000000000
point-0003848,643.575992026,262.643697008,258.481716457,273.200000000,0.000000000,0.000000000
point-0003849,644.459704475,263.400021161,257.217883824,273.200000000,0.000000000,0.000000000
point-0003850,644.460684138,263.400853878,257.216479359,273.200000000,0.000000000,0.000000000
point-0003851,644.461663800,263.401675101,257.215068143,273.200000000,0.000000000,0.000000000
point-0003852,644.462643462,263.402484776,257.213650269,273.200000000,0.000000000,0.000000000
point-0003853,644.463623124,263.403282848,257.212225833,273.200000000,0.000000000,0.000000000
point-0003854,644.464602786,263.404069265,257.210794929,273.200000000,0.000000000,0.000000000
point-0003855,644.465582448,263.404843975,257.209357653,273.200000000,0.000000000,0.000000000
point-0003856,644.466562110,263.405606925,257.207914100,273.200000000,0.000000000,0.000000000
point-0003857,644.467541772,263.406358065,257.206464366,273.200000000,0.000000000,0.000000000
point-0003858,644.468521434,263.407097344,257.205008549,273.200000000,0.000000000,0.000000000
point-0003859,644.469501096,263.407824714,257.203546745,273.200000000,0.000000000,0.000000000
point-0003860,644.470480758,263.408540125,257.202079051,273.200000000,0.000000000,0.000000000
point-0003861,644.471460420,263.409243531,257.200605566,273.200000000,0.000000000,0.000000000
point-0003862,645.355174594,264.038327152,255.868854308,273.200000000,0.000000000,0.000000000
point-0003863,645.356154259,264.039018507,255.867375126,273.200000000,0.000000000,0.000000000
point-0003864,645.357133923,264.039697764,255.865890349,273.200000000,0.000000000,0.000000000
point-0003865,645.358113588,264.040364876,255.864400076,273.200000000,0.000000000,0.000000000
point-0003866,645.359093253,264.041019799,255.862904406,273.200000000,0.000000000,0.000000000
point-0003867,645.360072917,264.041662491,255.861403440,273.200000000,0.000000000,0.000000000
point-0003868,645.361052582,264.042292907,255.859897277,273.200000000,0.000000000,0.000000000
point-0003869,645.362032246,264.042911007,255.858386018,273.200000000,0.000000000,0.000000000
point-0003870,645.363011911,264.043516748,255.856869762,273.200000000,0.000000000,0.000000000
point-0003871,645.363991576,264.044110091,255.855348613,273.200000000,0.000000000,0.000000000
point-0003872,645.364971240,264.044690995,255.853822670,273.200000000,0.000000000,0.000000000
point-0003873,645.365950905,264.045259423,255.852292035,273.200000000,0.000000000,0.000000000
point-0003874,645.366930570,264.045815336,255.850756811,273.200000000,0.000000000,0.000000000
point-0003875,646.250647190,264.541625204,254.463856598,273.200000000,0.000000000,0.000000000
point-0003876,646.251626946,264.542168615,254.462316744,273.200000000,0.000000000,0.000000000
point-0003877,646.252606701,264.542699436,254.460772504,273.200000000,0.000000000,0.000000000
point-0003878,646.253586457,264.543217631,254.459223982,273.200000000,0.000000000,0.000000000
point-0003879,646.254566212,264.543723165,254.457671281,273.200000000,0.000000000,0.000000000
point-0003880,646.255545968,264.544216006,254.456114504,273.200000000,0.000000000,0.000000000
point-0003881,646.256525723,264.544696120,254.454553755,273.200000000,0.000000000,0.000000000
point-0003882,646.257505478,264.545163475,254.452989138,273.200000000,0.000000000,0.000000000
point-0003883,646.258485234,264.545618039,254.451420757,273.200000000,0.000000000,0.000000000
point-0003884,646.259464989,264.546059784,254.449848718,273.200000000,0.000000000,0.000000000
point-0003885,646.260444745,264.546488679,254.448273124,273.200000000,0.000000000,0.000000000
point-0003886,646.261424500,264.546904696,254.446694081,273.200000000,0.000000000,0.000000000
point-0003887,646.262404256,264.547307806,254.445111694,273.200000000,0.000000000,0.000000000
point-0003888,647.146120318,264.905074252,253.016363972,273.200000000,0.000000000,0.000000000
point-0003889,647.147100230,264.905464490,253.014778093,273.200000000,0.000000000,0.000000000
point-0003890,647.148080142,264.905841766,253.013189080,273.200000000,0.000000000,0.000000000
point-0003891,647.149060054,264.906206054,253.011597039,273.200000000,0.000000000,0.000000000
point-0003892,647.150039966,264.906557329,253.010002077,273.200000000,0.000000000,0.000000000
point-0003893,647.151019878,264.906895568,253.008404299,273.200000000,0.000000000,0.000000000
point-0003894,647.151999790,264.907220748,253.006803813,273.200000000,0.000000000,0.000000000
point-0003895,647.152979702,264.907532849,253.005200725,273.200000000,0.000000000,0.000000000
point-0003896,647.153959614,264.907831848,253.003595141,273.200000000,0.000000000,0.000000000
point-0003897,647.154939526,264.908117727,253.001987170,273.200000000,0.000000000,0.000000000
point-0003898,647.155919438,264.908390465,253.000376917,273.200000000,0.000000000,0.000000000
point-0003899,647.156899350,264.908650045,252.998764491,273.200000000,0.000000000,0.000000000
point-0003900,647.157879262,264.908896450,252.997150000,273.200000000,0.000000000,0.000000000
point-0003901,648.041593412,265.125164962,251.540257612,273.200000000,0.000000000,0.000000000
point-0003902,648.042573526,265.125398222,251.538640828,273.200000000,0.000000000,0.000000000
point-0003903,648.043553641,265.125618268,251.537022193,273.200000000,0.000000000,0.000000000
point-0003904,648.044533755,265.125825087,251.535401815,273.200000000,0.000000000,0.000000000
point-0003905,648.045513869,265.126018665,251.533779802,273.200000000,0.000000000,0.000000000
point-0003906,648.046493984,265.126198988,251.532156261,273.200000000,0.000000000,0.000000000
point-0003907,648.047474098,265.126366045,251.530531302,273.200000000,0.000000000,0.000000000
point-0003908,648.048454212,265.126519824,251.528905033,273.200000000,0.000000000,0.000000000
point-0003909,648.049434327,265.126660315,251.527277562,273.200000000,0.000000000,0.000000000
point-0003910,648.050414441,265.126787510,251.525648997,273.200000000,0.000000000,0.000000000
point-0003911,648.051394555,265.126901399,251.524019448,273.200000000,0.000000000,0.000000000
point-0003912,648.052374669,265.127001974,251.522389024,273.200000000,0.000000000,0.000000000
point-0003913,648.053354784,265.127089230,251.520757832,273.200000000,0.000000000,0.000000000
point-0003914,648.937065668,265.199755542,250.049700026,273.200000000,0.000000000,0.000000000
point-0003915,648.938046017,265.199829488,250.048067785,273.200000000,0.000000000,0.000000000
point-0003916,648.939026365,265.199890096,250.046434995,273.200000000,0.000000000,0.000000000
point-0003917,648.940006714,265.199937364,250.044801764,273.200000000,0.000000000,0.000000000
point-0003918,648.940987063,265.199971288,250.043168202,273.200000000,0.000000000,0.000000000
point-0003919,648.941967412,265.199991865,250.041534417,273.200000000,0.000000000,0.000000000
point-0003920,648.942947760,265.199999094,250.039900518,273.200000000,0.000000000,0.000000000
point-0003921,648.943928109,265.199992975,250.038266615,273.200000000,0.000000000,0.000000000
point-0003922,648.944908458,265.199973507,250.036632816,273.200000000,0.000000000,0.000000000
point-0003923,648.945888807,265.199940693,250.034999231,273.200000000,0.000000000,0.000000000
point-0003924,648.946869156,265.199894535,250.033365968,273.200000000,0.000000000,0.000000000
point-0003925,648.947849504,265.199835035,250.031733137,273.200000000,0.000000000,0.000000000
point-0003926,648.948829853,265.199762198,250.030100847,273.200000000,0.000000000,0.000000000
point-0003927,649.832543918,265.128094858,248.558988727,273.200000000,0.000000000,0.000000000
point-0003928,649.833524519,265.128008664,248.557356666,273.200000000,0.000000000,0.000000000
point-0003929,649.834505120,265.127909136,248.555725364,273.200000000,0.000000000,0.000000000
point-0003930,649.835485721,265.127796282,248.554094930,273.200000000,0.000000000,0.000000000
point-0003931,649.836466323,265.127670108,248.552465472,273.200000000,0.000000000,0.000000000
point-0003932,649.837446924,265.127530623,248.550837100,273.200000000,0.000000000,0.000000000
point-0003933,649.838427525,265.127377836,248.549209922,273.200000000,0.000000000,0.000000000
point-0003934,649.839408126,265.127211758,248.547584047,273.200000000,0.000000000,0.000000000
point-0003935,649.840388727,265.127032399,248.545959583,273.200000000,0.000000000,0.000000000
point-0003936,649.841369329,265.126839772,248.544336639,273.200000000,0.000000000,0.000000000
point-0003937,649.842349930,265.126633889,248.542715324,273.200000000,0.000000000,0.000000000
point-0003938,649.843330531,265.126414764,248.541095745,273.200000000,0.000000000,0.000000000
point-0003939,649.844311132,265.126182412,248.539478010,273.200000000,0.000000000,0.000000000
point-0003940,650.728026001,264.910832417,247.082448359,273.200000000,0.000000000,0.000000000
point-0003941,650.729006857,264.910586788,247.080832157,273.200000000,0.000000000,0.000000000
point-0003942,650.729987714,264.910327956,247.079218017,273.200000000,0.000000000,0.000000000
point-0003943,650.730968570,264.910055940,247.077606047,273.200000000,0.000000000,0.000000000
point-0003944,650.731949426,264.909770757,247.075996354,273.200000000,0.000000000,0.000000000
point-0003945,650.732930282,264.909472426,247.074389045,273.200000000,0.000000000,0.000000000
point-0003946,650.733911138,264.909160967,247.072784229,273.200000000,0.000000000,0.000000000
point-0003947,650.734891995,264.908836401,247.071182012,273.200000000,0.000000000,0.000000000
point-0003948,650.735872851,264.908498751,247.069582502,273.200000000,0.000000000,0.000000000
point-0003949,650.736853707,264.908148037,247.067985805,273.200000000,0.000000000,0.000000000
point-0003950,650.737834563,264.907784284,247.066392028,273.200000000,0.000000000,0.000000000
point-0003951,650.738815419,264.907407516,247.064801277,273.200000000,0.000000000,0.000000000
point-0003952,650.739796276,264.907017759,247.063213659,273.200000000,0.000000000,0.000000000
point-0003953,651.623511476,264.550017717,245.634275724,273.200000000,0.000000000,0.000000000
point-0003954,651.624492583,264.549614891,245.632690940,273.200000000,0.000000000,0.000000000
point-0003955,651.625473690,264.549199122,245.631109503,273.200000000,0.000000000,0.000000000
point-0003956,651.626454797,264.548770437,245.629531518,273.200000000,0.000000000,0.000000000
point-0003957,651.627435904,264.548328865,245.627957090,273.200000000,0.000000000,0.000000000
point-0003958,651.628417011,264.547874435,245.626386325,273.200000000,0.000000000,0.000000000
point-0003959,651.629398118,264.547407179,245.624819328,273.200000000,0.000000000,0.000000000
point-0003960,651.630379225,264.546927126,245.623256203,273.200000000,0.000000000,0.000000000
point-0003961,651.631360332,264.546434310,245.621697056,273.200000000,0.000000000,0.000000000
point-0003962,651.632341439,264.545928763,245.620141990,273.200000000,0.000000000,0.000000000
point-0003963,651.633322546,264.545410519,245.618591109,273.200000000,0.000000000,0.000000000
point-0003964,651.634303653,264.544879612,245.617044517,273.200000000,0.000000000,0.000000000
point-0003965,651.635284761,264.544336078,245.615502317,273.200000000,0.000000000,0.000000000
point-0003966,652.519000442,264.049082894,244.228404881,273.200000000,0.000000000,0.000000000
point-0003967,652.519981792,264.048526630,244.226866796,273.200000000,0.000000000,0.000000000
point-0003968,652.520963142,264.047957807,244.225333312,273.200000000,0.000000000,0.000000000
point-0003969,652.521944492,264.047376463,244.223804532,273.200000000,0.000000000,0.000000000
point-0003970,652.522925842,264.046782636,244.222280556,273.200000000,0.000000000,0.000000000
point-0003971,652.523907192,264.046176366,244.220761488,273.200000000,0.000000000,0.000000000
point-0003972,652.524888541,264.045557693,244.219247428,273.200000000,0.000000000,0.000000000
point-0003973,652.525869891,264.044926659,244.217738479,273.200000000,0.000000000,0.000000000
point-0003974,652.526851241,264.044283307,244.216234740,273.200000000,0.000000000,0.000000000
point-0003975,652.527832591,264.043627678,244.214736313,273.200000000,0.000000000,0.000000000
point-0003976,652.528813941,264.042959818,244.213243298,273.200000000,0.000000000,0.000000000
point-0003977,652.529795291,264.042279770,244.211755794,273.200000000,0.000000000,0.000000000
point-0003978,652.530776641,264.041587581,244.210273901,273.200000000,0.000000000,0.000000000
point-0003979,653.414496307,263.412809640,242.878368169,273.200000000,0.000000000,0.000000000
point-0003980,653.415477883,263.412105191,242.876891647,273.200000000,0.000000000,0.000000000
point-0003981,653.416459459,263.411388688,242.875420936,273.200000000,0.000000000,0.000000000
point-0003982,653.417441036,263.410660179,242.873956135,273.200000000,0.000000000,0.000000000
point-0003983,653.418422612,263.409919713,242.872497342,273.200000000,0.000000000,0.000000000
point-0003984,653.419404188,263.409167338,242.871044655,273.200000000,0.000000000,0.000000000
point-0003985,653.420385765,263.408403107,242.869598171,273.200000000,0.000000000,0.000000000
point-0003986,653.421367341,263.407627069,242.868157986,273.200000000,0.000000000,0.000000000
point-0003987,653.422348917,263.406839277,242.866724197,273.200000000,0.000000000,0.000000000
point-0003988,653.423330494,263.406039783,242.865296900,273.200000000,0.000000000,0.000000000
point-0003989,653.424312070,263.405228641,242.863876190,273.200000000,0.000000000,0.000000000
point-0003990,653.425293647,263.404405905,242.862462163,273.200000000,0.000000000,0.000000000
point-0003991,653.426275223,263.403571630,242.861054913,273.200000000,0.000000000,0.000000000
point-0003992,654.309991763,262.647295821,241.597185406,273.200000000,0.000000000,0.000000000
point-0003993,654.310973548,262.646449882,241.595784730,273.200000000,0.000000000,0.000000000
point-0003994,654.311955333,262.645592512,241.594391023,273.200000000,0.000000000,0.000000000
point-0003995,654.312937118,262.644723769,241.593004376,273.200000000,0.000000000,0.000000000
point-0003996,654.313918903,262.643843709,241.591624884,273.200000000,0.000000000,0.000000000
point-0003997,654.314900687,262.642952393,241.590252638,273.200000000,0.000000000,0.000000000
point-0003998,654.315882472,262.642049879,241.588887730,273.200000000,0.000000000,0.000000000
point-0003999,654.316864257,262.641136229,241.587530251,273.200000000,0.000000000,0.000000000
point-0004000,654.317846042,262.640211503,241.586180293,273.200000000,0.000000000,0.000000000
point-0004001,654.318827827,262.639275764,241.584837946,273.200000000,0.000000000,0.000000000
point-0004002,654.319809612,262.638329073,241.583503300,273.200000000,0.000000000,0.000000000
point-0004003,654.320791397,262.637371495,241.582176443,273.200000000,0.000000000,0.000000000
point-0004004,654.321773181,262.636403093,241.580857466,273.200000000,0.000000000,0.000000000
point-0004005,655.205492118,261.759880984,240.397202115,273.200000000,0.000000000,0.000000000
point-0004006,655.206474089,261.758901637,240.395890857,273.200000000,0.000000000,0.000000000
point-0004007,655.207456060,261.757911592,240.394587656,273.200000000,0.000000000,0.000000000
point-0004008,655.208438031,261.756910917,240.393292601,273.200000000,0.000000000,0.000000000
point-0004009,655.209420002,261.755899677,240.392005778,273.200000000,0.000000000,0.000000000
point-0004010,655.210401973,261.754877942,240.390727272,273.200000000,0.000000000,0.000000000
point-0004011,655.211383944,261.753845778,240.389457171,273.200000000,0.000000000,0.000000000
point-0004012,655.212365915,261.752803256,240.388195558,273.200000000,0.000000000,0.000000000
point-0004013,655.213347886,261.751750444,240.386942518,273.200000000,0.000000000,0.000000000
point-0004014,655.214329857,261.750687415,240.385698136,273.200000000,0.000000000,0.000000000
point-0004015,655.215311828,261.749614238,240.384462494,273.200000000,0.000000000,0.000000000
point-0004016,655.216293799,261.748530986,240.383235675,273.200000000,0.000000000,0.000000000
point-0004017,655.217275770,261.747437731,240.382017762,273.200000000,0.000000000,0.000000000
point-0004018,656.100985545,260.759103363,239.290009889,273.200000000,0.000000000,0.000000000
point-0004019,656.101967681,260.757999993,239.288800760,273.200000000,0.000000000,0.000000000
point-0004020,656.102949816,260.756886763,239.287600702,273.200000000,0.000000000,0.000000000
point-0004021,656.103931952,260.755763749,239.286409796,273.200000000,0.000000000,0.000000000
point-0004022,656.104914088,260.754631026,239.285228120,273.200000000,0.000000000,0.000000000
point-0004023,656.105896224,260.753488669,239.284055755,273.200000000,0.000000000,0.000000000
point-0004024,656.106878360,260.752336755,239.282892779,273.200000000,0.000000000,0.000000000
point-0004025,656.107860496,260.751175362,239.281739269,273.200000000,0.000000000,0.000000000
point-0004026,656.108842632,260.750004567,239.280595303,273.200000000,0.000000000,0.000000000
point-0004027,656.109824768,260.748824448,239.279460958,273.200000000,0.000000000,0.000000000
point-0004028,656.110806904,260.747635085,239.278336309,273.200000000,0.000000000,0.000000000
point-0004029,656.111789039,260.746436557,239.277221432,273.200000000,0.000000000,0.000000000
point-0004030,656.112771175,260.745228945,239.276116402,273.200000000,0.000000000,0.000000000
point-0004031,656.996480254,259.654580353,238.286283968,273.200000000,0.000000000,0.000000000
point-0004032,656.997462546,259.653363543,238.285188685,273.200000000,0.000000000,0.000000000
point-0004033,656.998444837,259.652137809,238.284103400,273.200000000,0.000000000,0.000000000
point-0004034,656.999427129,259.650903231,238.283028184,273.200000000,0.000000000,0.000000000
point-0004035,657.000409421,259.649659894,238.281963110,273.200000000,0.000000000,0.000000000
point-0004036,657.001391713,259.648407880,238.280908249,273.200000000,0.000000000,0.000000000
point-0004037,657.002374005,259.647147273,238.279863673,273.200000000,0.000000000,0.000000000
point-0004038,657.003356297,259.645878158,238.278829450,273.200000000,0.000000000,0.000000000
point-0004039,657.004338589,259.644600619,238.277805651,273.200000000,0.000000000,0.000000000
point-0004040,657.005320880,259.643314743,238.276792343,273.200000000,0.000000000,0.000000000
point-0004041,657.006303172,259.642020615,238.275789595,273.200000000,0.000000000,0.000000000
point-0004042,657.007285464,259.640718322,238.274797474,273.200000000,0.000000000,0.000000000
point-0004043,657.008267756,259.639407952,238.273816046,273.200000000,0.000000000,0.000000000
point-0004044,657.891989856,258.456925139,237.395703910,273.200000000,0.000000000,0.000000000
point-0004045,657.892972335,258.455606526,237.394733057,273.200000000,0.000000000,0.000000000
point-0004046,657.893954815,258.454280009,237.393773033,273.200000000,0.000000000,0.000000000
point-0004047,657.894937295,258.452945676,237.392823901,273.200000000,0.000000000,0.000000000
point-0004048,657.895919775,258.451603617,237.391885725,273.200000000,0.000000000,0.000000000
point-0004049,657.896902255,258.450253922,237.390958568,273.200000000,0.000000000,0.000000000
point-0004050,657.897884735,258.448896681,237.390042493,273.200000000,0.000000000,0.000000000
point-0004051,657.898867214,258.447531985,237.389137561,273.200000000,0.000000000,0.000000000
point-0004052,657.899849694,258.446159927,237.388243832,273.200000000,0.000000000,0.000000000
point-0004053,657.900832174,258.444780597,237.387361367,273.200000000,0.000000000,0.000000000
point-0004054,657.901814654,258.443394088,237.386490224,273.200000000,0.000000000,0.000000000
point-0004055,657.902797134,258.442000494,237.385630462,273.200000000,0.000000000,0.000000000
point-0004056,657.903779614,258.440599907,237.384782138,273.200000000,0.000000000,0.000000000
point-0004057,658.787594862,257.177552216,236.626814856,273.200000000,0.000000000,0.000000000
point-0004058,658.788577500,257.176144504,236.625977895,273.200000000,0.000000000,0.000000000
point-0004059,658.789560138,257.174729985,236.625152488,273.200000000,0.000000000,0.000000000
point-0004060,658.790542775,257.173308755,236.624338692,273.200000000,0.000000000,0.000000000
point-0004061,658.791525413,257.171880909,236.623536562,273.200000000,0.000000000,0.000000000
point-0004062,658.792508051,257.170446543,236.622746150,273.200000000,0.000000000,0.000000000
point-0004063,658.793490689,257.169005752,236.621967510,273.200000000,0.000000000,0.000000000
point-0004064,658.794473326,257.167558633,236.621200694,273.200000000,0.000000000,0.000000000
point-0004065,658.795455964,257.166105284,236.620445754,273.200000000,0.000000000,0.000000000
point-0004066,658.796438602,257.164645802,236.619702740,273.200000000,0.000000000,0.000000000
point-0004067,658.797421240,257.163180285,236.618971702,273.200000000,0.000000000,0.000000000
point-0004068,658.798403877,257.161708830,236.618252689,273.200000000,0.000000000,0.000000000
point-0004069,658.799386515,257.160231537,236.617545749,273.200000000,0.000000000,0.000000000
point-0004070,659.683196020,255.828924346,235.987151562,273.200000000,0.000000000,0.000000000
point-0004071,659.684178726,255.827441211,235.986456695,273.200000000,0.000000000,0.000000000
point-0004072,659.685161432,255.825952434,235.985773997,273.200000000,0.000000000,0.000000000
point-0004073,659.686144138,255.824458117,235.985103513,273.200000000,0.000000000,0.000000000
point-0004074,659.687126844,255.822958360,235.984445290,273.200000000,0.000000000,0.000000000
point-0004075,659.688109550,255.821453262,235.983799370,273.200000000,0.000000000,0.000000000
point-0004076,659.689092256,255.819942926,235.983165797,273.200000000,0.000000000,0.000000000
point-0004077,659.690074962,255.818427451,235.982544614,273.200000000,0.000000000,0.000000000
point-0004078,659.691057668,255.816906941,235.981935862,273.200000000,0.000000000,0.000000000
point-0004079,659.692040374,255.815381496,235.981339582,273.200000000,0.000000000,0.000000000
point-0004080,659.693023080,255.813851220,235.980755814,273.200000000,0.000000000,0.000000000
point-0004081,659.694005787,255.812316214,235.980184598,273.200000000,0.000000000,0.000000000
point-0004082,659.694988493,255.810776582,235.979625971,273.200000000,0.000000000,0.000000000
point-0004083,660.578767406,254.424090813,235.482908701,273.200000000,0.000000000,0.000000000
point-0004084,660.579750166,254.422546573,235.482362671,273.200000000,0.000000000,0.000000000
point-0004085,660.580732926,254.420997913,235.481829307,273.200000000,0.000000000,0.000000000
point-0004086,660.581715686,254.419444937,235.481308643,273.200000000,0.000000000,0.000000000
point-0004087,660.582698446,254.417887749,235.480800715,273.200000000,0.000000000,0.000000000
point-0004088,660.583681206,254.416326453,235.480305557,273.200000000,0.000000000,0.000000000
point-0004089,660.584663966,254.414761155,235.479823201,273.200000000,0.000000000,0.000000000
point-0004090,660.585646726,254.413191959,235.479353682,273.200000000,0.000000000,0.000000000
point-0004091,660.586629486,254.411618970,235.478897028,273.200000000,0.000000000,0.000000000
point-0004092,660.587612246,254.410042295,235.478453273,273.200000000,0.000000000,0.000000000
point-0004093,660.588595006,254.408462038,235.478022444,273.200000000,0.000000000,0.000000000
point-0004094,660.589577766,254.406878305,235.477604572,273.200000000,0.000000000,0.000000000
point-0004095,660.590560526,254.405291204,235.477199684,273.200000000,0.000000000,0.000000000
point-0004096,661.474346497,252.976548120,235.118935372,273.200000000,0.000000000,0.000000000
point-0004097,661.475329329,252.974957638,235.118543467,273.200000000,0.000000000,0.000000000
point-0004098,661.476312162,252.973363999,235.118164601,273.200000000,0.000000000,0.000000000
point-0004099,661.477294995,252.971767311,235.117798800,273.200000000,0.000000000,0.000000000
point-0004100,661.478277828,252.970167681,235.117446089,273.200000000,0.000000000,0.000000000
point-0004101,661.479260661,252.968565215,235.117106490,273.200000000,0.000000000,0.000000000
point-0004102,661.480243493,252.966960022,235.116780028,273.200000000,0.000000000,0.000000000
point-0004103,661.481226326,252.965352209,235.116466723,273.200000000,0.000000000,0.000000000
point-0004104,661.482209159,252.963741883,235.116166597,273.200000000,0.000000000,0.000000000
point-0004105,661.483191992,252.962129154,235.115879670,273.200000000,0.000000000,0.000000000
point-0004106,661.484174825,252.960514129,235.115605962,273.200000000,0.000000000,0.000000000
point-0004107,661.485157657,252.958896916,235.115345490,273.200000000,0.000000000,0.000000000
point-0004108,661.486140490,252.957277624,235.115098272,273.200000000,0.000000000,0.000000000
point-0004109,662.369959159,251.500220837,234.898750905,273.200000000,0.000000000,0.000000000
point-0004110,662.370942020,251.498599527,234.898516951,273.200000000,0.000000000,0.000000000
point-0004111,662.371924882,251.496976356,234.898296284,273.200000000,0.000000000,0.000000000
point-0004112,662.372907743,251.495351431,234.898088919,273.200000000,0.000000000,0.000000000
point-0004113,662.373890604,251.493724863,234.897894870,273.200000000,0.000000000,0.000000000
point-0004114,662.374873466,251.492096760,234.897714150,273.200000000,0.000000000,0.000000000
point-0004115,662.375856327,251.490467232,234.897546770,273.200000000,0.000000000,0.000000000
point-0004116,662.376839188,251.488836387,234.897392743,273.200000000,0.000000000,0.000000000
point-0004117,662.377822050,251.487204335,234.897252078,273.200000000,0.000000000,0.000000000
point-0004118,662.378804911,251.485571186,234.897124785,273.200000000,0.000000000,0.000000000
point-0004119,662.379787773,251.483937049,234.897010873,273.200000000,0.000000000,0.000000000
point-0004120,662.380770634,251.482302034,234.896910349,273.200000000,0.000000000,0.000000000
point-0004121,662.381753495,251.480666251,234.896823219,273.200000000,0.000000000,0.000000000
point-0004122,663.265541884,250.009462163,234.824500896,273.200000000,0.000000000,0.000000000
point-0004123,663.266524706,250.007825786,234.824427170,273.200000000,0.000000000,0.000000000
point-0004124,663.267507528,250.006188861,234.824366849,273.200000000,0.000000000,0.000000000
point-0004125,663.268490350,250.004551496,234.824319936,273.200000000,0.000000000,0.000000000
point-0004126,663.269473172,250.002913802,234.824286435,273.200000000,0.000000000,0.000000000
point-0004127,663.270455994,250.001275888,234.824266348,273.200000000,0.000000000,0.000000000
point-0004128,663.271438816,249.999637865,234.824259677,273.200000000,0.000000000,0.000000000
point-0004129,663.272421638,249.997999842,234.824266421,273.200000000,0.000000000,0.000000000
point-0004130,663.273404460,249.996361929,234.824286580,273.200000000,0.000000000,0.000000000
point-0004131,663.274387282,249.994724237,234.824320154,273.200000000,0.000000000,0.000000000
point-0004132,663.275370104,249.993086874,234.824367140,273.200000000,0.000000000,0.000000000
point-0004133,663.276352926,249.991449951,234.824427534,273.200000000,0.000000000,0.000000000
point-0004134,663.277335748,249.989813577,234.824501332,273.200000000,0.000000000,0.000000000
point-0004135,664.161064558,248.518711877,234.896884061,273.200000000,0.000000000,0.000000000
point-0004136,664.162047338,248.517076233,234.896971256,273.200000000,0.000000000,0.000000000
point-0004137,664.163030118,248.515441358,234.897071842,273.200000000,0.000000000,0.000000000
point-0004138,664.164012898,248.513807362,234.897185815,273.200000000,0.000000000,0.000000000
point-0004139,664.164995677,248.512174354,234.897313166,273.200000000,0.000000000,0.000000000
point-0004140,664.165978457,248.510542444,234.897453886,273.200000000,0.000000000,0.000000000
point-0004141,664.166961237,248.508911741,234.897607967,273.200000000,0.000000000,0.000000000
point-0004142,664.167944017,248.507282354,234.897775398,273.200000000,0.000000000,0.000000000
point-0004143,664.168926796,248.505654394,234.897956167,273.200000000,0.000000000,0.000000000
point-0004144,664.169909576,248.504027968,234.898150263,273.200000000,0.000000000,0.000000000
point-0004145,664.170892356,248.502403187,234.898357672,273.200000000,0.000000000,0.000000000
point-0004146,664.171875136,248.500780158,234.898578381,273.200000000,0.000000000,0.000000000
point-0004147,664.172857916,248.499158992,234.898812375,273.200000000,0.000000000,0.000000000
point-0004148,665.056588066,247.042255970,235.115190833,273.200000000,0.000000000,0.000000000
point-0004149,665.057570815,247.040636825,235.115438088,273.200000000,0.000000000,0.000000000
point-0004150,665.058553563,247.039019760,235.115698594,273.200000000,0.000000000,0.000000000
point-0004151,665.059536312,247.037404883,235.115972335,273.200000000,0.000000000,0.000000000
point-0004152,665.060519061,247.035792301,235.116259292,273.200000000,0.000000000,0.000000000
point-0004153,665.061501809,247.034182123,235.116559445,273.200000000,0.000000000,0.000000000
point-0004154,665.062484558,247.032574458,235.116872775,273.200000000,0.000000000,0.000000000
point-0004155,665.063467307,247.030969413,235.117199261,273.200000000,0.000000000,0.000000000
point-0004156,665.064450055,247.029367095,235.117538879,273.200000000,0.000000000,0.000000000
point-0004157,665.065432804,247.027767612,235.117891609,273.200000000,0.000000000,0.000000000
point-0004158,665.066415552,247.026171071,235.118257426,273.200000000,0.000000000,0.000000000
point-0004159,665.067398301,247.024577580,235.118636305,273.200000000,0.000000000,0.000000000
point-0004160,665.068381050,247.022987245,235.119028222,273.200000000,0.000000000,0.000000000
point-0004161,665.952106374,245.594352162,235.477307660,273.200000000,0.000000000,0.000000000
point-0004162,665.953089077,245.592765164,235.477712569,273.200000000,0.000000000,0.000000000
point-0004163,665.954071779,245.591181536,235.478130460,273.200000000,0.000000000,0.000000000
point-0004164,665.955054482,245.589601382,235.478561305,273.200000000,0.000000000,0.000000000
point-0004165,665.956037185,245.588024810,235.479005076,273.200000000,0.000000000,0.000000000
point-0004166,665.957019887,245.586451924,235.479461743,273.200000000,0.000000000,0.000000000
point-0004167,665.958002590,245.584882832,235.479931275,273.200000000,0.000000000,0.000000000
point-0004168,665.958985293,245.583317636,235.480413641,273.200000000,0.000000000,0.000000000
point-0004169,665.959967996,245.581756444,235.480908808,273.200000000,0.000000000,0.000000000
point-0004170,665.960950698,245.580199359,235.481416743,273.200000000,0.000000000,0.000000000
point-0004171,665.961933401,245.578646485,235.481937413,273.200000000,0.000000000,0.000000000
point-0004172,665.962916104,245.577097927,235.482470782,273.200000000,0.000000000,0.000000000
point-0004173,665.963898807,245.575553790,235.483016814,273.200000000,0.000000000,0.000000000
point-0004174,666.847633633,244.188948159,235.979739909,273.200000000,0.000000000,0.000000000
point-0004175,666.848616262,244.187408660,235.980298526,273.200000000,0.000000000,0.000000000
point-0004176,666.849598890,244.185873787,235.980869730,273.200000000,0.000000000,0.000000000
point-0004177,666.850581519,244.184343643,235.981453483,273.200000000,0.000000000,0.000000000
point-0004178,666.851564148,244.182818330,235.982049746,273.200000000,0.000000000,0.000000000
point-0004179,666.852546777,244.181297951,235.982658479,273.200000000,0.000000000,0.000000000
point-0004180,666.853529405,244.179782607,235.983279642,273.200000000,0.000000000,0.000000000
point-0004181,666.854512034,244.178272400,235.983913192,273.200000000,0.000000000,0.000000000
point-0004182,666.855494663,244.176767432,235.984559087,273.200000000,0.000000000,0.000000000
point-0004183,666.856477292,244.175267804,235.985217284,273.200000000,0.000000000,0.000000000
point-0004184,666.857459921,244.173773615,235.985887738,273.200000000,0.000000000,0.000000000
point-0004185,666.858442549,244.172284966,235.986570405,273.200000000,0.000000000,0.000000000
point-0004186,666.859425178,244.170801958,235.987265239,273.200000000,0.000000000,0.000000000
point-0004187,667.743140747,242.839645305,236.617611516,273.200000000,0.000000000,0.000000000
point-0004188,667.744123273,242.838168190,236.618318396,273.200000000,0.000000000,0.000000000
point-0004189,667.745105798,242.836696913,236.619037346,273.200000000,0.000000000,0.000000000
point-0004190,667.746088324,242.835231572,236.619768318,273.200000000,0.000000000,0.000000000
point-0004191,667.747070849,242.833772265,236.620511263,273.200000000,0.000000000,0.000000000
point-0004192,667.748053375,242.832319089,236.621266132,273.200000000,0.000000000,0.000000000
point-0004193,667.749035900,242.830872143,236.622032873,273.200000000,0.000000000,0.000000000
point-0004194,667.750018426,242.829431523,236.622811436,273.200000000,0.000000000,0.000000000
point-0004195,667.751000951,242.827997326,236.623601768,273.200000000,0.000000000,0.000000000
point-0004196,667.751983477,242.826569649,236.624403816,273.200000000,0.000000000,0.000000000
point-0004197,667.752966002,242.825148585,236.625217527,273.200000000,0.000000000,0.000000000
point-0004198,667.753948528,242.823734232,236.626042845,273.200000000,0.000000000,0.000000000
point-0004199,667.754931053,242.822326684,236.626879716,273.200000000,0.000000000,0.000000000
point-0004200,668.638639034,241.559434650,237.384758941,273.200000000,0.000000000,0.000000000
point-0004201,668.639621447,241.558034160,237.385607211,273.200000000,0.000000000,0.000000000
point-0004202,668.640603861,241.556640661,237.386466919,273.200000000,0.000000000,0.000000000
point-0004203,668.641586275,241.555254247,237.387338005,273.200000000,0.000000000,0.000000000
point-0004204,668.642568688,241.553875012,237.388220413,273.200000000,0.000000000,0.000000000
point-0004205,668.643551102,241.552503046,237.389114083,273.200000000,0.000000000,0.000000000
point-0004206,668.644533516,241.551138442,237.390018954,273.200000000,0.000000000,0.000000000
point-0004207,668.645515929,241.549781292,237.390934967,273.200000000,0.000000000,0.000000000
point-0004208,668.646498343,241.548431687,237.391862059,273.200000000,0.000000000,0.000000000
point-0004209,668.647480757,241.547089717,237.392800170,273.200000000,0.000000000,0.000000000
point-0004210,668.648463170,241.545755472,237.393749235,273.200000000,0.000000000,0.000000000
point-0004211,668.649445584,241.544429041,237.394709192,273.200000000,0.000000000,0.000000000
point-0004212,668.650427998,241.543110514,237.395679975,273.200000000,0.000000000,0.000000000
point-0004213,669.534137409,240.360641606,238.273775366,273.200000000,0.000000000,0.000000000
point-0004214,669.535119695,240.359331241,238.274756783,273.200000000,0.000000000,0.000000000
point-0004215,669.536101980,240.358028954,238.275748892,273.200000000,0.000000000,0.000000000
point-0004216,669.537084265,240.356734832,238.276751628,273.200000000,0.000000000,0.000000000
point-0004217,669.538066550,240.355448960,238.277764924,273.200000000,0.000000000,0.000000000
point-0004218,669.539048835,240.354171427,238.278788712,273.200000000,0.000000000,0.000000000
point-0004219,669.540031120,240.352902316,238.279822923,273.200000000,0.000000000,0.000000000
point-0004220,669.541013405,240.351641714,238.280867487,273.200000000,0.000000000,0.000000000
point-0004221,669.541995690,240.350389704,238.281922336,273.200000000,0.000000000,0.000000000
point-0004222,669.542977975,240.349146371,238.282987398,273.200000000,0.000000000,0.000000000
point-0004223,669.543960260,240.347911798,238.284062601,273.200000000,0.000000000,0.000000000
point-0004224,669.544942546,240.346686068,238.285147874,273.200000000,0.000000000,0.000000000
point-0004225,669.545924831,240.345469262,238.286243144,273.200000000,0.000000000,0.000000000
point-0004226,670.429634862,239.254815361,239.276072093,273.200000000,0.000000000,0.000000000
point-0004227,670.430616999,239.253607743,239.277177119,273.200000000,0.000000000,0.000000000
point-0004228,670.431599136,239.252409209,239.278291993,273.200000000,0.000000000,0.000000000
point-0004229,670.432581273,239.251219840,239.279416638,273.200000000,0.000000000,0.000000000
point-0004230,670.433563410,239.250039715,239.280550979,273.200000000,0.000000000,0.000000000
point-0004231,670.434545547,239.248868914,239.281694941,273.200000000,0.000000000,0.000000000
point-0004232,670.435527684,239.247707515,239.282848448,273.200000000,0.000000000,0.000000000
point-0004233,670.436509821,239.246555595,239.284011421,273.200000000,0.000000000,0.000000000
point-0004234,670.437491958,239.245413233,239.285183782,273.200000000,0.000000000,0.000000000
point-0004235,670.438474095,239.244280503,239.286365454,273.200000000,0.000000000,0.000000000
point-0004236,670.439456232,239.243157483,239.287556358,273.200000000,0.000000000,0.000000000
point-0004237,670.440438369,239.242044247,239.288756412,273.200000000,0.000000000,0.000000000
point-0004238,670.441420506,239.240940870,239.289965538,273.200000000,0.000000000,0.000000000
point-0004239,671.325131234,238.252600995,240.381970568,273.200000000,0.000000000,0.000000000
point-0004240,671.326113206,238.251507734,240.383188479,273.200000000,0.000000000,0.000000000
point-0004241,671.327095178,238.250424475,240.384415295,273.200000000,0.000000000,0.000000000
point-0004242,671.328077150,238.249351292,240.385650934,273.200000000,0.000000000,0.000000000
point-0004243,671.329059122,238.248288256,240.386895313,273.200000000,0.000000000,0.000000000
point-0004244,671.330041094,238.247235439,240.388148350,273.200000000,0.000000000,0.000000000
point-0004245,671.331023066,238.246192910,240.389409960,273.200000000,0.000000000,0.000000000
point-0004246,671.332005039,238.245160741,240.390680059,273.200000000,0.000000000,0.000000000
point-0004247,671.332987011,238.244138999,240.391958561,273.200000000,0.000000000,0.000000000
point-0004248,671.333968983,238.243127753,240.393245382,273.200000000,0.000000000,0.000000000
point-0004249,671.334950955,238.242127071,240.394540435,273.200000000,0.000000000,0.000000000
point-0004250,671.335932927,238.241137020,240.395843632,273.200000000,0.000000000,0.000000000
point-0004251,671.336914899,238.240157667,240.397154888,273.200000000,0.000000000,0.000000000
point-0004252,672.220634789,237.363629924,241.580808044,273.200000000,0.000000000,0.000000000
point-0004253,672.221616575,237.362661516,241.582127019,273.200000000,0.000000000,0.000000000
point-0004254,672.222598361,237.361703931,241.583453874,273.200000000,0.000000000,0.000000000
point-0004255,672.223580147,237.360757234,241.584788518,273.200000000,0.000000000,0.000000000
point-0004256,672.224561933,237.359821489,241.586130863,273.200000000,0.000000000,0.000000000
point-0004257,672.225543718,237.358896756,241.587480818,273.200000000,0.000000000,0.000000000
point-0004258,672.226525504,237.357983100,241.588838295,273.200000000,0.000000000,0.000000000
point-0004259,672.227507290,237.357080580,241.590203200,273.200000000,0.000000000,0.000000000
point-0004260,672.228489076,237.356189257,241.591575445,273.200000000,0.000000000,0.000000000
point-0004261,672.229470862,237.355309192,241.592954935,273.200000000,0.000000000,0.000000000
point-0004262,672.230452648,237.354440441,241.594341580,273.200000000,0.000000000,0.000000000
point-0004263,672.231434434,237.353583065,241.595735286,273.200000000,0.000000000,0.000000000
point-0004264,672.232416220,237.352737120,241.597135959,273.200000000,0.000000000,0.000000000
point-0004265,673.116133714,236.596455624,242.861003915,273.200000000,0.000000000,0.000000000
point-0004266,673.117115291,236.595621343,242.862411164,273.200000000,0.000000000,0.000000000
point-0004267,673.118096868,236.594798600,242.863825189,273.200000000,0.000000000,0.000000000
point-0004268,673.119078446,236.593987452,242.865245897,273.200000000,0.000000000,0.000000000
point-0004269,673.120060023,236.593187952,242.866673193,273.200000000,0.000000000,0.000000000
point-0004270,673.121041601,236.592400153,242.868106980,273.200000000,0.000000000,0.000000000
point-0004271,673.122023178,236.591624109,242.869547164,273.200000000,0.000000000,0.000000000
point-0004272,673.123004756,236.590859871,242.870993647,273.200000000,0.000000000,0.000000000
point-0004273,673.123986333,236.590107491,242.872446333,273.200000000,0.000000000,0.000000000
point-0004274,673.124967910,236.589367018,242.873905125,273.200000000,0.000000000,0.000000000
point-0004275,673.125949488,236.588638503,242.875369924,273.200000000,0.000000000,0.000000000
point-0004276,673.126931065,236.587921994,242.876840634,273.200000000,0.000000000,0.000000000
point-0004277,673.127912643,236.587217538,242.878317156,273.200000000,0.000000000,0.000000000
point-0004278,674.011633262,235.958433928,244.210221968,273.200000000,0.000000000,0.000000000
point-0004279,674.012614613,235.957741732,244.211703860,273.200000000,0.000000000,0.000000000
point-0004280,674.013595964,235.957061678,244.213191363,273.200000000,0.000000000,0.000000000
point-0004281,674.014577315,235.956393811,244.214684377,273.200000000,0.000000000,0.000000000
point-0004282,674.015558666,235.955738177,244.216182803,273.200000000,0.000000000,0.000000000
point-0004283,674.016540017,235.955094818,244.217686541,273.200000000,0.000000000,0.000000000
point-0004284,674.017521368,235.954463778,244.219195490,273.200000000,0.000000000,0.000000000
point-0004285,674.018502719,235.953845099,244.220709549,273.200000000,0.000000000,0.000000000
point-0004286,674.019484070,235.953238823,244.222228617,273.200000000,0.000000000,0.000000000
point-0004287,674.020465421,235.952644989,244.223752592,273.200000000,0.000000000,0.000000000
point-0004288,674.021446771,235.952063639,244.225281372,273.200000000,0.000000000,0.000000000
point-0004289,674.022428122,235.951494810,244.226814856,273.200000000,0.000000000,0.000000000
point-0004290,674.023409473,235.950938540,244.228352939,273.200000000,0.000000000,0.000000000
point-0004291,674.907126108,235.455679771,245.615450070,273.200000000,0.000000000,0.000000000
point-0004292,674.908107217,235.455136231,245.616992269,273.200000000,0.000000000,0.000000000
point-0004293,674.909088325,235.454605319,245.618538861,273.200000000,0.000000000,0.000000000
point-0004294,674.910069433,235.454087068,245.620089742,273.200000000,0.000000000,0.000000000
point-0004295,674.911050541,235.453581515,245.621644808,273.200000000,0.000000000,0.000000000
point-0004296,674.912031649,235.453088693,245.623203955,273.200000000,0.000000000,0.000000000
point-0004297,674.913012757,235.452608634,245.624767079,273.200000000,0.000000000,0.000000000
point-0004298,674.913993865,235.452141371,245.626334076,273.200000000,0.000000000,0.000000000
point-0004299,674.914974973,235.451686935,245.627904841,273.200000000,0.000000000,0.000000000
point-0004300,674.915956082,235.451245357,245.629479269,273.200000000,0.000000000,0.000000000
point-0004301,674.916937190,235.450816666,245.631057255,273.200000000,0.000000000,0.000000000
point-0004302,674.917918298,235.450400891,245.632638692,273.200000000,0.000000000,0.000000000
point-0004303,674.918899406,235.449998059,245.634223477,273.200000000,0.000000000,0.000000000
point-0004304,675.802615560,235.092992583,247.063161692,273.200000000,0.000000000,0.000000000
point-0004305,675.803596417,235.092602819,247.064749310,273.200000000,0.000000000,0.000000000
point-0004306,675.804577274,235.092226045,247.066340061,273.200000000,0.000000000,0.000000000
point-0004307,675.805558131,235.091862286,247.067933839,273.200000000,0.000000000,0.000000000
point-0004308,675.806538989,235.091511567,247.069530536,273.200000000,0.000000000,0.000000000
point-0004309,675.807519846,235.091173910,247.071130047,273.200000000,0.000000000,0.000000000
point-0004310,675.808500703,235.090849339,247.072732265,273.200000000,0.000000000,0.000000000
point-0004311,675.809481560,235.090537874,247.074337081,273.200000000,0.000000000,0.000000000
point-0004312,675.810462418,235.090239537,247.075944390,273.200000000,0.000000000,0.000000000
point-0004313,675.811443275,235.089954348,247.077554084,273.200000000,0.000000000,0.000000000
point-0004314,675.812424132,235.089682326,247.079166055,273.200000000,0.000000000,0.000000000
point-0004315,675.813404990,235.089423488,247.080780196,273.200000000,0.000000000,0.000000000
point-0004316,675.814385847,235.089177853,247.082396399,273.200000000,0.000000000,0.000000000
point-0004317,676.698101669,234.873822633,248.539426885,273.200000000,0.000000000,0.000000000
point-0004318,676.699082271,234.873590275,248.541044620,273.200000000,0.000000000,0.000000000
point-0004319,676.700062874,234.873371145,248.542664200,273.200000000,0.000000000,0.000000000
point-0004320,676.701043476,234.873165256,248.544285517,273.200000000,0.000000000,0.000000000
point-0004321,676.702024078,234.872972623,248.545908462,273.200000000,0.000000000,0.000000000
point-0004322,676.703004681,234.872793259,248.547532927,273.200000000,0.000000000,0.000000000
point-0004323,676.703985283,234.872627174,248.549158803,273.200000000,0.000000000,0.000000000
point-0004324,676.704965885,234.872474382,248.550785982,273.200000000,0.000000000,0.000000000
point-0004325,676.705946487,234.872334891,248.552414356,273.200000000,0.000000000,0.000000000
point-0004326,676.706927090,234.872208712,248.554043815,273.200000000,0.000000000,0.000000000
point-0004327,676.707907692,234.872095852,248.555674250,273.200000000,0.000000000,0.000000000
point-0004328,676.708888294,234.871996319,248.557305554,273.200000000,0.000000000,0.000000000
point-0004329,676.709868897,234.871910120,248.558937616,273.200000000,0.000000000,0.000000000
point-0004330,677.593583914,234.800237818,250.030051085,273.200000000,0.000000000,0.000000000
point-0004331,677.594564264,234.800164975,250.031683377,273.200000000,0.000000000,0.000000000
point-0004332,677.595544614,234.800105470,250.033316210,273.200000000,0.000000000,0.000000000
point-0004333,677.596524964,234.800059306,250.034949474,273.200000000,0.000000000,0.000000000
point-0004334,677.597505314,234.800026486,250.036583061,273.200000000,0.000000000,0.000000000
point-0004335,677.598485664,234.800007014,250.038216861,273.200000000,0.000000000,0.000000000
point-0004336,677.599466014,234.800000889,250.039850766,273.200000000,0.000000000,0.000000000
point-0004337,677.740999527,234.606155933,250.174267441,273.200000000,0.000000000,0.000000000
point-0004338,677.860462712,234.407050625,250.174267441,273.200000000,0.000000000,0.000000000
point-0004339,678.160539235,234.418344622,249.674267441,273.200000000,0.000000000,0.000000000
point-0004340,678.279933037,234.617334292,249.674267441,273.200000000,0.000000000,0.000000000
point-0004341,678.580288868,234.641694174,249.174267441,273.200000000,0.000000000,0.000000000
point-0004342,678.699710615,234.442657930,249.174267441,273.200000000,0.000000000,0.000000000
point-0004343,679.000065087,234.466971239,248.674267441,273.200000000,0.000000000,0.000000000
point-0004344,679.119514778,234.666054057,248.674267441,273.200000000,0.000000000,0.000000000
point-0004345,679.421636276,234.725621926,248.174267441,273.200000000,0.000000000,0.000000000
point-0004346,679.542196342,234.524688482,248.174267441,273.200000000,0.000000000,0.000000000
point-0004347,679.845452538,234.598556231,247.674267441,273.200000000,0.000000000,0.000000000
point-0004348,679.966033213,234.799524024,247.674267441,273.200000000,0.000000000,0.000000000
point-0004349,680.269292421,234.873426122,247.174267441,273.200000000,0.000000000,0.000000000
point-0004350,680.389893706,234.672423981,247.174267441,273.200000000,0.000000000,0.000000000
point-0004351,680.696643227,234.779081123,246.674267441,273.200000000,0.000000000,0.000000000
point-0004352,680.819598329,234.984006293,246.674267441,273.200000000,0.000000000,0.000000000
point-0004353,681.123416108,234.903984719,246.174267441,273.200000000,0.000000000,0.000000000
point-0004354,681.246380958,235.108926137,246.174267441,273.200000000,0.000000000,0.000000000
point-0004355,681.550200278,235.028888316,245.674267441,273.200000000,0.000000000,0.000000000
point-0004356,681.673174877,235.233845980,245.674267441,273.200000000,0.000000000,0.000000000
point-0004357,681.974343548,235.189669295,245.174267441,273.200000000,0.000000000,0.000000000
point-0004358,682.101044000,235.400836715,245.174267441,273.200000000,0.000000000,0.000000000
point-0004359,682.401682588,235.368195554,244.674267441,273.200000000,0.000000000,0.000000000
point-0004360,682.528381362,235.579360179,244.674267441,273.200000000,0.000000000,0.000000000
point-0004361,682.829019841,235.546721814,244.174267441,273.200000000,0.000000000,0.000000000
point-0004362,682.955716938,235.757883643,244.174267441,273.200000000,0.000000000,0.000000000
point-0004363,683.255809497,235.770304944,243.674267441,273.200000000,0.000000000,0.000000000
point-0004364,683.387799011,235.990287468,243.674267441,273.200000000,0.000000000,0.000000000
point-0004365,683.687954070,236.006365344,243.174267441,273.200000000,0.000000000,0.000000000
point-0004366,683.819935395,236.226334220,243.174267441,273.200000000,0.000000000,0.000000000
point-0004367,684.120106673,236.243232246,242.674267441,273.200000000,0.000000000,0.000000000
point-0004368,684.259241722,236.475123995,242.674267441,273.200000000,0.000000000,0.000000000
point-0004369,684.561949683,236.542456290,242.174267441,273.200000000,0.000000000,0.000000000
point-0004370,684.701066250,236.774317235,242.174267441,273.200000000,0.000000000,0.000000000
point-0004371,685.003776678,236.841680334,241.674267441,273.200000000,0.000000000,0.000000000
point-0004372,685.142874763,237.073510475,241.674267441,273.200000000,0.000000000,0.000000000
point-0004373,685.448200144,237.168138227,241.174267441,273.200000000,0.000000000,0.000000000
point-0004374,685.596807116,237.415816513,241.174267441,273.200000000,0.000000000,0.000000000
point-0004375,685.905701564,237.538469822,240.674267441,273.200000000,0.000000000,0.000000000
point-0004376,686.054267836,237.786080276,240.674267441,273.200000000,0.000000000,0.000000000
point-0004377,686.363171984,237.908801417,240.174267441,273.200000000,0.000000000,0.000000000
point-0004378,686.520392089,238.170834925,240.174267441,273.200000000,0.000000000,0.000000000
point-0004379,686.840069906,238.354878300,239.674267441,273.200000000,0.000000000,0.000000000
point-0004380,687.001164574,238.623369413,239.674267441,273.200000000,0.000000000,0.000000000
point-0004381,687.320866027,238.807526795,239.174267441,273.200000000,0.000000000,0.000000000
point-0004382,687.481892291,239.075903902,239.174267441,273.200000000,0.000000000,0.000000000
point-0004383,687.816796043,239.324010753,238.674267441,273.200000000,0.000000000,0.000000000
point-0004384,687.994583718,239.620323544,238.674267441,273.200000000,0.000000000,0.000000000
point-0004385,688.331287935,239.875109566,238.174267441,273.200000000,0.000000000,0.000000000
point-0004386,688.508974618,240.171254037,238.174267441,273.200000000,0.000000000,0.000000000
point-0004387,688.867484476,240.498402143,237.674267441,273.200000000,0.000000000,0.000000000
point-0004388,689.067938405,240.832492025,237.674267441,273.200000000,0.000000000,0.000000000
point-0004389,689.430548170,241.171959917,237.174267441,273.200000000,0.000000000,0.000000000
point-0004390,689.640279025,241.521511341,237.174267441,273.200000000,0.000000000,0.000000000
point-0004391,690.042331224,241.967624091,236.674267441,273.200000000,0.000000000,0.000000000
point-0004392,690.274568569,242.354686333,236.674267441,273.200000000,0.000000000,0.000000000
point-0004393,690.693842638,242.842853952,236.174267441,273.200000000,0.000000000,0.000000000
point-0004394,690.973275715,243.308575748,236.174267441,273.200000000,0.000000000,0.000000000
point-0004395,691.437664942,243.899378766,235.674267441,273.200000000,0.000000000,0.000000000
point-0004396,691.767217617,244.448633224,235.674267441,273.200000000,0.000000000,0.000000000
point-0004397,692.336038757,245.254096323,235.174267441,273.200000000,0.000000000,0.000000000
point-0004398,692.771897628,245.980527774,235.174267441,273.200000000,0.000000000,0.000000000
point-0004399,693.614259164,247.292410389,234.674267441,273.200000000,0.000000000,0.000000000
point-0004400,694.622884860,248.973453215,234.674267441,273.200000000,0.000000000,0.000000000
point-0004401,695.854858252,251.026742203,234.674267441,273.200000000,0.000000000,0.000000000
point-0004402,696.862526153,252.706188704,234.674267441,273.200000000,0.000000000,0.000000000
point-0004403,697.705685925,254.019494965,235.174267441,273.200000000,0.000000000,0.000000000
point-0004404,698.141988031,254.746665141,235.174267441,273.200000000,0.000000000,0.000000000
point-0004405,698.710431285,255.551386855,235.674267441,273.200000000,0.000000000,0.000000000
point-0004406,699.040343208,256.101240060,235.674267441,273.200000000,0.000000000,0.000000000
point-0004407,699.504446866,256.691419423,236.174267441,273.200000000,0.000000000,0.000000000
point-0004408,699.783605152,257.156683234,236.174267441,273.200000000,0.000000000,0.000000000
point-0004409,700.203068878,257.645303223,236.674267441,273.200000000,0.000000000,0.000000000
point-0004410,700.435316959,258.032383358,236.674267441,273.200000000,0.000000000,0.000000000
point-0004411,700.837364362,258.478484101,237.174267441,273.200000000,0.000000000,0.000000000
point-0004412,701.047298659,258.828374596,237.174267441,273.200000000,0.000000000,0.000000000
point-0004413,701.409795420,259.167507074,237.674267441,273.200000000,0.000000000,0.000000000
point-0004414,701.610172367,259.501468652,237.674267441,273.200000000,0.000000000,0.000000000
point-0004415,701.968726088,259.828750262,238.174267441,273.200000000,0.000000000,0.000000000
point-0004416,702.146544898,260.125114945,238.174267441,273.200000000,0.000000000,0.000000000
point-0004417,702.483187889,260.379676133,238.674267441,273.200000000,0.000000000,0.000000000
point-0004418,702.660912066,260.675883095,238.674267441,273.200000000,0.000000000,0.000000000
point-0004419,702.995845190,260.924100055,239.174267441,273.200000000,0.000000000,0.000000000
point-0004420,703.156994957,261.192683001,239.174267441,273.200000000,0.000000000,0.000000000
point-0004421,703.476652979,261.376630843,239.674267441,273.200000000,0.000000000,0.000000000
point-0004422,703.637730930,261.645094094,239.674267441,273.200000000,0.000000000,0.000000000
point-0004423,703.957413756,261.829161631,240.174267441,273.200000000,0.000000000,0.000000000
point-0004424,704.114765672,262.091414826,240.174267441,273.200000000,0.000000000,0.000000000
point-0004425,704.423639096,262.213920973,240.674267441,273.200000000,0.000000000,0.000000000
point-0004426,704.572236150,262.461582728,240.674267441,273.200000000,0.000000000,0.000000000
point-0004427,704.881122828,262.584181669,241.174267441,273.200000000,0.000000000,0.000000000
point-0004428,705.029664205,262.831750631,241.174267441,273.200000000,0.000000000,0.000000000
point-0004429,705.335002263,262.926491938,241.674267441,273.200000000,0.000000000,0.000000000
point-0004430,705.474157967,263.158418111,241.674267441,273.200000000,0.000000000,0.000000000
point-0004431,705.776860498,263.225682560,242.174267441,273.200000000,0.000000000,0.000000000
point-0004432,705.915971934,263.457534955,242.174267441,273.200000000,0.000000000,0.000000000
point-0004433,706.218680370,263.524873183,242.674267441,273.200000000,0.000000000,0.000000000
point-0004434,706.357747540,263.756651799,242.674267441,273.200000000,0.000000000,0.000000000
point-0004435,706.657921202,263.773667128,243.174267441,273.200000000,0.000000000,0.000000000
point-0004436,706.789924226,263.993672168,243.174267441,273.200000000,0.000000000,0.000000000
point-0004437,707.090078545,264.009711589,243.674267441,273.200000000,0.000000000,0.000000000
point-0004438,707.222045614,264.229656704,243.674267441,273.200000000,0.000000000,0.000000000
point-0004439,707.522138788,264.242119192,244.174267441,273.200000000,0.000000000,0.000000000
point-0004440,707.648883394,264.453360202,244.174267441,273.200000000,0.000000000,0.000000000
point-0004441,707.949525051,264.420640603,244.674267441,273.200000000,0.000000000,0.000000000
point-0004442,708.076237801,264.631828521,244.674267441,273.200000000,0.000000000,0.000000000
point-0004443,708.376877380,264.599162015,245.174267441,273.200000000,0.000000000,0.000000000
point-0004444,708.503558275,264.810296840,245.174267441,273.200000000,0.000000000,0.000000000
point-0004445,708.804725033,264.766156410,245.674267441,273.200000000,0.000000000,0.000000000
point-0004446,708.927733019,264.971169720,245.674267441,273.200000000,0.000000000,0.000000000
point-0004447,709.231557796,264.891074377,246.174267441,273.200000000,0.000000000,0.000000000
point-0004448,709.354533316,265.096033577,246.174267441,273.200000000,0.000000000,0.000000000
point-0004449,709.658352959,265.015992343,246.674267441,273.200000000,0.000000000,0.000000000
point-0004450,709.781296013,265.220897433,246.674267441,273.200000000,0.000000000,0.000000000
point-0004451,710.086587265,265.126576044,247.174267441,273.200000000,0.000000000,0.000000000
point-0004452,710.207210127,265.327614147,247.174267441,273.200000000,0.000000000,0.000000000
point-0004453,710.510464231,265.401458045,247.674267441,273.200000000,0.000000000,0.000000000
point-0004454,710.631053223,265.200476392,247.674267441,273.200000000,0.000000000,0.000000000
point-0004455,710.934312278,265.274376739,248.174267441,273.200000000,0.000000000,0.000000000
point-0004456,711.054867400,265.475301943,248.174267441,273.200000000,0.000000000,0.000000000
point-0004457,711.356861733,265.533050849,248.674267441,273.200000000,0.000000000,0.000000000
point-0004458,711.476323434,265.333948014,248.674267441,273.200000000,0.000000000,0.000000000
point-0004459,711.776679216,265.358306232,249.174267441,273.200000000,0.000000000,0.000000000
point-0004460,711.896106933,265.557352427,249.174267441,273.200000000,0.000000000,0.000000000
point-0004461,712.196461064,265.581654005,249.674267441,273.200000000,0.000000000,0.000000000
point-0004462,712.315854796,265.382664451,249.674267441,273.200000000,0.000000000,0.000000000
point-0004463,712.615929805,265.393846106,250.174267441,273.200000000,0.000000000,0.000000000
point-0004464,712.735397504,265.592958939,250.174267441,273.200000000,0.000000000,0.000000000
point-0004465,713.035764971,265.568203742,250.674267441,273.200000000,0.000000000,0.000000000
point-0004466,713.155198748,265.369147447,250.674267441,273.200000000,0.000000000,0.000000000
point-0004467,713.455564539,265.344448787,251.174267441,273.200000000,0.000000000,0.000000000
point-0004468,713.574964394,265.543448545,251.174267441,273.200000000,0.000000000,0.000000000
point-0004469,713.875694750,265.508538053,251.674267441,273.200000000,0.000000000,0.000000000
point-0004470,713.996339513,265.307463448,251.674267441,273.200000000,0.000000000,0.000000000
point-0004471,714.299626893,265.233240907,252.174267441,273.200000000,0.000000000,0.000000000
point-0004472,714.420236464,265.434256858,252.174267441,273.200000000,0.000000000,0.000000000
point-0004473,714.723529013,265.359975662,252.674267441,273.200000000,0.000000000,0.000000000
point-0004474,714.844103391,265.159018365,252.674267441,273.200000000,0.000000000,0.000000000
point-0004475,715.148642771,265.071709308,253.174267441,273.200000000,0.000000000,0.000000000
point-0004476,715.271697190,265.276800007,253.174267441,273.200000000,0.000000000,0.000000000
point-0004477,715.580968810,265.151534343,253.674267441,273.200000000,0.000000000,0.000000000
point-0004478,715.703985514,264.946506503,253.674267441,273.200000000,0.000000000,0.000000000
point-0004479,716.007778736,265.026268679,254.174267441,273.200000000,0.000000000,0.000000000
point-0004480,716.130757725,264.821303698,254.174267441,273.200000000,0.000000000,0.000000000
point-0004481,716.433589672,264.890167252,254.674267441,273.200000000,0.000000000,0.000000000
point-0004482,716.560409728,264.678800491,254.674267441,273.200000000,0.000000000,0.000000000
point-0004483,716.861045004,264.711356817,255.174267441,273.200000000,0.000000000,0.000000000
point-0004484,716.987827295,264.500053000,255.174267441,273.200000000,0.000000000,0.000000000
point-0004485,717.288460119,264.532546382,255.674267441,273.200000000,0.000000000,0.000000000
point-0004486,717.415204644,264.321305508,255.674267441,273.200000000,0.000000000,0.000000000
point-0004487,717.715325177,264.335480477,256.174267441,273.200000000,0.000000000,0.000000000
point-0004488,717.847463963,264.115249169,256.174267441,273.200000000,0.000000000,0.000000000
point-0004489,718.147617833,264.099233049,256.674267441,273.200000000,0.000000000,0.000000000
point-0004490,718.279720125,263.879062562,256.674267441,273.200000000,0.000000000,0.000000000
point-0004491,718.579875166,263.862985620,257.174267441,273.200000000,0.000000000,0.000000000
point-0004492,718.711940965,263.642875955,257.174267441,273.200000000,0.000000000,0.000000000
point-0004493,719.013476846,263.592216752,257.674267441,273.200000000,0.000000000,0.000000000
point-0004494,719.152817857,263.359981733,257.674267441,273.200000000,0.000000000,0.000000000
point-0004495,719.455502914,263.292936072,258.174267441,273.200000000,0.000000000,0.000000000
point-0004496,719.594806604,263.060763255,258.174267441,273.200000000,0.000000000,0.000000000
point-0004497,719.897496623,262.993655392,258.674267441,273.200000000,0.000000000,0.000000000
point-0004498,720.042977244,262.751187689,258.674267441,273.200000000,0.000000000,0.000000000
point-0004499,720.351773697,262.629221740,259.174267441,273.200000000,0.000000000,0.000000000
point-0004500,720.500676347,262.381050657,259.174267441,273.200000000,0.000000000,0.000000000
point-0004501,720.809481505,262.259023499,259.674267441,273.200000000,0.000000000,0.000000000
point-0004502,720.958347429,262.010913625,259.674267441,273.200000000,0.000000000,0.000000000
point-0004503,721.273250250,261.851367514,260.174267441,273.200000000,0.000000000,0.000000000
point-0004504,721.434833826,261.582061553,260.174267441,273.200000000,0.000000000,0.000000000
point-0004505,721.754287024,261.399104774,260.674267441,273.200000000,0.000000000,0.000000000
point-0004506,721.915838153,261.129852893,260.674267441,273.200000000,0.000000000,0.000000000
point-0004507,722.239195608,260.928744551,261.174267441,273.200000000,0.000000000,0.000000000
point-0004508,722.417676565,260.631276288,261.174267441,273.200000000,0.000000000,0.000000000
point-0004509,722.753873727,260.378357048,261.674267441,273.200000000,0.000000000,0.000000000
point-0004510,722.932328964,260.080931652,261.674267441,273.200000000,0.000000000,0.000000000
point-0004511,723.272747522,259.812785782,262.174267441,273.200000000,0.000000000,0.000000000
point-0004512,723.474203320,259.477026118,262.174267441,273.200000000,0.000000000,0.000000000
point-0004513,723.835869703,259.140365342,262.674267441,273.200000000,0.000000000,0.000000000
point-0004514,724.037305000,258.804639847,262.674267441,273.200000000,0.000000000,0.000000000
point-0004515,724.415541533,258.420716841,263.174267441,273.200000000,0.000000000,0.000000000
point-0004516,724.649278528,258.031155182,263.174267441,273.200000000,0.000000000,0.000000000
point-0004517,725.049794821,257.588896770,263.674267441,273.200000000,0.000000000,0.000000000
point-0004518,725.293654339,257.182464241,263.674267441,273.200000000,0.000000000,0.000000000
point-0004519,725.755307936,256.597646976,264.174267441,273.200000000,0.000000000,0.000000000
point-0004520,726.036740352,256.128592949,264.174267441,273.200000000,0.000000000,0.000000000
point-0004521,726.563715697,255.406514518,264.674267441,273.200000000,0.000000000,0.000000000
point-0004522,726.921342669,254.810469565,264.674267441,273.200000000,0.000000000,0.000000000
point-0004523,727.601533760,253.793038267,265.174267441,273.200000000,0.000000000,0.000000000
point-0004524,728.114695650,252.937768450,265.174267441,273.200000000,0.000000000,0.000000000
point-0004525,731.640017196,247.062232541,265.174267441,273.200000000,0.000000000,0.000000000
point-0004526,732.153181798,246.206958203,265.174267441,273.200000000,0.000000000,0.000000000
point-0004527,732.833371158,245.189530120,264.674267441,273.200000000,0.000000000,0.000000000
point-0004528,733.191001576,244.593479424,264.674267441,273.200000000,0.000000000,0.000000000
point-0004529,733.717974158,243.871406593,264.174267441,273.200000000,0.000000000,0.000000000
point-0004530,733.999408093,243.402350035,264.174267441,273.200000000,0.000000000,0.000000000
point-0004531,734.461059952,242.817536581,263.674267441,273.200000000,0.000000000,0.000000000
point-0004532,734.704914784,242.411111861,263.674267441,273.200000000,0.000000000,0.000000000
point-0004533,735.105434418,241.968845047,263.174267441,273.200000000,0.000000000,0.000000000
point-0004534,735.339190799,241.579251077,263.174267441,273.200000000,0.000000000,0.000000000
point-0004535,735.717415773,241.195359705,262.674267441,273.200000000,0.000000000,0.000000000
point-0004536,735.918850782,240.859634690,262.674267441,273.200000000,0.000000000,0.000000000
point-0004537,736.280517011,240.522974371,262.174267441,273.200000000,0.000000000,0.000000000
point-0004538,736.482005037,240.187160995,262.174267441,273.200000000,0.000000000,0.000000000
point-0004539,736.822408608,239.919067981,261.674267441,273.200000000,0.000000000,0.000000000
point-0004540,737.000862886,239.621644184,261.674267441,273.200000000,0.000000000,0.000000000
point-0004541,737.337060263,239.368724145,261.174267441,273.200000000,0.000000000,0.000000000
point-0004542,737.515575907,239.071198071,261.174267441,273.200000000,0.000000000,0.000000000
point-0004543,737.838920568,238.870146876,260.674267441,273.200000000,0.000000000,0.000000000
point-0004544,738.000463369,238.600908875,260.674267441,273.200000000,0.000000000,0.000000000
point-0004545,738.319919245,238.417939110,260.174267441,273.200000000,0.000000000,0.000000000
point-0004546,738.481530247,238.148587440,260.174267441,273.200000000,0.000000000,0.000000000
point-0004547,738.796425011,237.989085504,259.674267441,273.200000000,0.000000000,0.000000000
point-0004548,738.945269705,237.741011014,259.674267441,273.200000000,0.000000000,0.000000000
point-0004549,739.254079724,237.618949691,259.174267441,273.200000000,0.000000000,0.000000000
point-0004550,739.402996458,237.370755135,259.174267441,273.200000000,0.000000000,0.000000000
point-0004551,739.711789400,237.248813877,258.674267441,273.200000000,0.000000000,0.000000000
point-0004552,739.857231420,237.006410510,258.674267441,273.200000000,0.000000000,0.000000000
point-0004553,740.159926730,236.939236384,258.174267441,273.200000000,0.000000000,0.000000000
point-0004554,740.299227332,236.707068714,258.174267441,273.200000000,0.000000000,0.000000000
point-0004555,740.601912683,236.640019363,257.674267441,273.200000000,0.000000000,0.000000000
point-0004556,740.741288150,236.407726918,257.674267441,273.200000000,0.000000000,0.000000000
point-0004557,741.042820731,236.357122306,257.174267441,273.200000000,0.000000000,0.000000000
point-0004558,741.174850186,236.137073216,257.174267441,273.200000000,0.000000000,0.000000000
point-0004559,741.475006365,236.120937361,256.674267441,273.200000000,0.000000000,0.000000000
point-0004560,741.607107991,235.900767983,256.674267441,273.200000000,0.000000000,0.000000000
point-0004561,741.907261851,235.884752415,256.174267441,273.200000000,0.000000000,0.000000000
point-0004562,742.039435649,235.664462751,256.174267441,273.200000000,0.000000000,0.000000000
point-0004563,742.339557125,235.678693066,255.674267441,273.200000000,0.000000000,0.000000000
point-0004564,742.466272313,235.467501086,255.674267441,273.200000000,0.000000000,0.000000000
point-0004565,742.766903300,235.499947206,255.174267441,273.200000000,0.000000000,0.000000000
point-0004566,742.893679393,235.288653719,255.174267441,273.200000000,0.000000000,0.000000000
point-0004567,743.194314329,235.321201346,254.674267441,273.200000000,0.000000000,0.000000000
point-0004568,743.321151326,235.109806352,254.674267441,273.200000000,0.000000000,0.000000000
point-0004569,743.623985335,235.178695083,254.174267441,273.200000000,0.000000000,0.000000000
point-0004570,743.746950986,234.973752331,254.174267441,273.200000000,0.000000000,0.000000000
point-0004571,744.050742258,235.053493872,253.674267441,273.200000000,0.000000000,0.000000000
point-0004572,744.173756006,234.848470958,253.674267441,273.200000000,0.000000000,0.000000000
point-0004573,744.477554856,234.928292661,253.174267441,273.200000000,0.000000000,0.000000000
point-0004574,744.600616701,234.723189586,253.174267441,273.200000000,0.000000000,0.000000000
point-0004575,744.904737344,234.640033683,252.674267441,273.200000000,0.000000000,0.000000000
point-0004576,745.025305422,234.840980480,252.674267441,273.200000000,0.000000000,0.000000000
point-0004577,745.328592663,234.766759526,252.174267441,273.200000000,0.000000000,0.000000000
point-0004578,745.449199780,234.565747664,252.174267441,273.200000000,0.000000000,0.000000000
point-0004579,745.752492754,234.491461645,251.674267441,273.200000000,0.000000000,0.000000000
point-0004580,745.873138910,234.692538572,251.674267441,273.200000000,0.000000000,0.000000000
point-0004581,746.173958682,234.655550031,251.174267441,273.200000000,0.000000000,0.000000000
point-0004582,746.293355526,234.456555291,251.174267441,273.200000000,0.000000000,0.000000000
point-0004583,746.593722907,234.431802958,250.674267441,273.200000000,0.000000000,0.000000000
point-0004584,746.713152922,234.630852982,250.674267441,273.200000000,0.000000000,0.000000000
