; 5AxisSclicer P02 Planar Zigzag
; reference XYZAC profile; offline simulation only
G21 ; millimetres
G90 ; absolute axes
M82 ; absolute extrusion
G92 E0 ; known initial extrusion position
; P02 POINT 1 point-0000001 approach
G1 A0.000000 C0.000000 X234.200241 Y250.002953 Z272.000000 F100.000000
; P02 EVENT event-0000001 prime
G1 E1.0 F100.000000
; P02 POINT 2 point-0000002 deposition
G1 A0.000000 C0.000000 X234.276237 Y248.453954 Z272.000000 E1.1031637798527034 F100.000000
; P02 POINT 3 point-0000003 deposition
G1 A0.000000 C0.000000 X234.503738 Y246.919755 Z272.000000 E1.20633504962397328 F100.000000
; P02 POINT 4 point-0000004 deposition
G1 A0.000000 C0.000000 X234.880498 Y245.415432 Z272.000000 E1.30949372182774760 F100.000000
; P02 POINT 5 point-0000005 deposition
G1 A0.000000 C0.000000 X235.402838 Y243.955460 Z272.000000 E1.41263995803969977 F100.000000
; P02 POINT 6 point-0000006 deposition
G1 A0.000000 C0.000000 X236.065938 Y242.553395 Z272.000000 E1.51581048466989050 F100.000000
; P02 POINT 7 point-0000007 deposition
G1 A0.000000 C0.000000 X236.863277 Y241.223135 Z272.000000 E1.61897785035728912 F100.000000
; P02 POINT 8 point-0000008 deposition
G1 A0.000000 C0.000000 X237.787100 Y239.977571 Z272.000000 E1.72213530574641862 F100.000000
; P02 POINT 9 point-0000009 deposition
G1 A0.000000 C0.000000 X238.828528 Y238.828618 Z272.000000 E1.82528820595448152 F100.000000
; P02 POINT 10 point-0000010 deposition
G1 A0.000000 C0.000000 X239.977624 Y237.787244 Z272.000000 E1.92844569239454906 F100.000000
; P02 POINT 11 point-0000011 deposition
G1 A0.000000 C0.000000 X241.223397 Y236.863452 Z272.000000 E2.03161306493568046 F100.000000
; P02 POINT 12 point-0000012 deposition
G1 A0.000000 C0.000000 X242.553780 Y236.066230 Z272.000000 E2.13478345451282796 F100.000000
; P02 POINT 13 point-0000013 deposition
G1 A0.000000 C0.000000 X243.955564 Y235.403434 Z272.000000 E2.23792844598348102 F100.000000
; P02 POINT 14 point-0000014 deposition
G1 A0.000000 C0.000000 X245.415340 Y234.881306 Z272.000000 E2.34105768204655859 F100.000000
; P02 POINT 15 point-0000015 deposition
G1 A0.000000 C0.000000 X246.919253 Y234.504764 Z272.000000 E2.44418634947659924 F100.000000
; P02 POINT 16 point-0000016 deposition
G1 A0.000000 C0.000000 X248.452831 Y234.277430 Z272.000000 E2.54731513922237041 F100.000000
; P02 POINT 17 point-0000017 deposition
G1 A0.000000 C0.000000 X250.001310 Y234.201493 Z272.000000 E2.65044418672588088 F100.000000
; P02 POINT 18 point-0000018 deposition
G1 A0.000000 C0.000000 X251.549894 Y234.277698 Z272.000000 E2.75358106684568061 F100.000000
; P02 POINT 19 point-0000019 deposition
G1 A0.000000 C0.000000 X253.083649 Y234.505341 Z272.000000 E2.85672451454696808 F100.000000
; P02 POINT 20 point-0000020 deposition
G1 A0.000000 C0.000000 X254.587643 Y234.882211 Z272.000000 E2.95986371619741438 F100.000000
; P02 POINT 21 point-0000021 deposition
G1 A0.000000 C0.000000 X256.047421 Y235.404671 Z272.000000 E3.06300051642712777 F100.000000
; P02 POINT 22 point-0000022 deposition
G1 A0.000000 C0.000000 X257.449002 Y236.067717 Z272.000000 E3.16614036920400384 F100.000000
; P02 POINT 23 point-0000023 deposition
G1 A0.000000 C0.000000 X258.778891 Y236.864981 Z272.000000 E3.26928398832021543 F100.000000
; P02 POINT 24 point-0000024 deposition
G1 A0.000000 C0.000000 X260.024126 Y237.788679 Z272.000000 E3.37241895365241658 F100.000000
; P02 POINT 25 point-0000025 deposition
G1 A0.000000 C0.000000 X261.172800 Y238.829946 Z272.000000 E3.47555087443625762 F100.000000
; P02 POINT 26 point-0000026 deposition
G1 A0.000000 C0.000000 X262.213887 Y239.978773 Z272.000000 E3.57868227334634618 F100.000000
; P02 POINT 27 point-0000027 deposition
G1 A0.000000 C0.000000 X263.137360 Y241.224089 Z272.000000 E3.68181258929191382 F100.000000
; P02 POINT 28 point-0000028 deposition
G1 A0.000000 C0.000000 X263.934352 Y242.553936 Z272.000000 E3.78494456982489548 F100.000000
; P02 POINT 29 point-0000029 deposition
G1 A0.000000 C0.000000 X264.597168 Y243.955475 Z272.000000 E3.88807535659674138 F100.000000
; P02 POINT 30 point-0000030 deposition
G1 A0.000000 C0.000000 X265.119508 Y245.415450 Z272.000000 E3.99122181794108605 F100.000000
; P02 POINT 31 point-0000031 deposition
G1 A0.000000 C0.000000 X265.496257 Y246.919730 Z272.000000 E4.09437752592282341 F100.000000
; P02 POINT 32 point-0000032 deposition
G1 A0.000000 C0.000000 X265.723729 Y248.453606 Z272.000000 E4.19752726419904504 F100.000000
; P02 POINT 33 point-0000033 deposition
G1 A0.000000 C0.000000 X265.799759 Y250.002311 Z272.000000 E4.30067158342160612 F100.000000
; P02 POINT 34 point-0000034 deposition
G1 A0.000000 C0.000000 X265.723632 Y251.551034 Z272.000000 E4.40381745914954009 F100.000000
; P02 POINT 35 point-0000035 deposition
G1 A0.000000 C0.000000 X265.496060 Y253.084942 Z272.000000 E4.50697026896750775 F100.000000
; P02 POINT 36 point-0000036 deposition
G1 A0.000000 C0.000000 X265.119226 Y254.589193 Z272.000000 E4.61012546185575347 F100.000000
; P02 POINT 37 point-0000037 deposition
G1 A0.000000 C0.000000 X264.596861 Y256.049032 Z272.000000 E4.71326401616708630 F100.000000
; P02 POINT 38 point-0000038 deposition
G1 A0.000000 C0.000000 X263.933847 Y257.450835 Z272.000000 E4.81641633726195032 F100.000000
; P02 POINT 39 point-0000039 deposition
G1 A0.000000 C0.000000 X263.136600 Y258.780949 Z272.000000 E4.91957215343367423 F100.000000
; P02 POINT 40 point-0000040 deposition
G1 A0.000000 C0.000000 X262.212886 Y260.026431 Z272.000000 E5.02272090368453531 F100.000000
; P02 POINT 41 point-0000041 deposition
G1 A0.000000 C0.000000 X261.171593 Y261.175336 Z272.000000 E5.12586541517228738 F100.000000
; P02 POINT 42 point-0000042 deposition
G1 A0.000000 C0.000000 X260.022672 Y262.216683 Z272.000000 E5.22901307312215482 F100.000000
; P02 POINT 43 point-0000043 deposition
G1 A0.000000 C0.000000 X258.777126 Y263.140464 Z272.000000 E5.33216791747674410 F100.000000
; P02 POINT 44 point-0000044 deposition
G1 A0.000000 C0.000000 X257.447032 Y263.937694 Z272.000000 E5.43532209181106492 F100.000000
; P02 POINT 45 point-0000045 deposition
G1 A0.000000 C0.000000 X256.045502 Y264.600566 Z272.000000 E5.53845393957893269 F100.000000
; P02 POINT 46 point-0000046 deposition
G1 A0.000000 C0.000000 X254.585823 Y265.122853 Z272.000000 E5.64158064370836285 F100.000000
; P02 POINT 47 point-0000047 deposition
G1 A0.000000 C0.000000 X253.081973 Y265.499559 Z272.000000 E5.74470790650055305 F100.000000
; P02 POINT 48 point-0000048 deposition
G1 A0.000000 C0.000000 X251.548444 Y265.727046 Z272.000000 E5.84783496894904251 F100.000000
; P02 POINT 49 point-0000049 deposition
G1 A0.000000 C0.000000 X250.000000 Y265.803120 Z272.000000 E5.95096212948364075 F100.000000
; P02 POINT 50 point-0000050 deposition
G1 A0.000000 C0.000000 X248.451556 Y265.727046 Z272.000000 E6.05408925335912262 F100.000000
; P02 POINT 51 point-0000051 deposition
G1 A0.000000 C0.000000 X246.918028 Y265.499559 Z272.000000 E6.15721626853180585 F100.000000
; P02 POINT 52 point-0000052 deposition
G1 A0.000000 C0.000000 X245.414178 Y265.122854 Z272.000000 E6.26034352247105622 F100.000000
; P02 POINT 53 point-0000053 deposition
G1 A0.000000 C0.000000 X243.954500 Y264.600566 Z272.000000 E6.36347018462975387 F100.000000
; P02 POINT 54 point-0000054 deposition
G1 A0.000000 C0.000000 X242.553032 Y263.937728 Z272.000000 E6.46659735774089845 F100.000000
; P02 POINT 55 point-0000055 deposition
G1 A0.000000 C0.000000 X241.223178 Y263.140666 Z272.000000 E6.56973211002076145 F100.000000
; P02 POINT 56 point-0000056 deposition
G1 A0.000000 C0.000000 X239.977845 Y262.217108 Z272.000000 E6.67286667456322161 F100.000000
; P02 POINT 57 point-0000057 deposition
G1 A0.000000 C0.000000 X238.829044 Y261.175973 Z272.000000 E6.77599897648243309 F100.000000
; P02 POINT 58 point-0000058 deposition
G1 A0.000000 C0.000000 X237.787788 Y260.027253 Z272.000000 E6.87913268024780023 F100.000000
; P02 POINT 59 point-0000059 deposition
G1 A0.000000 C0.000000 X236.864099 Y258.781995 Z272.000000 E6.98226846702382891 F100.000000
; P02 POINT 60 point-0000060 deposition
G1 A0.000000 C0.000000 X236.066889 Y257.452211 Z272.000000 E7.08540430133145205 F100.000000
; P02 POINT 61 point-0000061 deposition
G1 A0.000000 C0.000000 X235.403658 Y256.050283 Z272.000000 E7.18857031259599239 F100.000000
; P02 POINT 62 point-0000062 deposition
G1 A0.000000 C0.000000 X234.881028 Y254.590031 Z272.000000 E7.29174057663857742 F100.000000
; P02 POINT 63 point-0000063 deposition
G1 A0.000000 C0.000000 X234.504094 Y253.085717 Z272.000000 E7.39490150345219808 F100.000000
; P02 POINT 64 point-0000064 deposition
G1 A0.000000 C0.000000 X234.276445 Y251.551808 Z272.000000 E7.49805509692776308 F100.000000
; P02 POINT 65 point-0000065 deposition
G1 A0.000000 C0.000000 X234.200241 Y250.002953 Z272.000000 E7.60120999665801589 F100.000000
; P02 EVENT event-0000002 retract
G1 E6.60120999665801589 F100.000000
; P02 POINT 66 point-0000066 travel
G1 A0.000000 C0.000000 X234.800000 Y250.004272 Z272.000000 F100.000000
; P02 EVENT event-0000003 prime
G1 E7.60120999665801589 F100.000000
; P02 POINT 67 point-0000067 deposition
G1 A0.000000 C0.000000 X234.800007 Y250.005908 Z272.000000 E7.60131884152753458854 F100.000000
; P02 POINT 68 point-0000068 deposition
G1 A0.000000 C0.000000 X234.800027 Y250.007544 Z272.000000 E7.60142768639705328360 F100.000000
; P02 POINT 69 point-0000069 deposition
G1 A0.000000 C0.000000 X234.800061 Y250.009180 Z272.000000 E7.60153653126657198308 F100.000000
; P02 POINT 70 point-0000070 deposition
G1 A0.000000 C0.000000 X234.800108 Y250.010816 Z272.000000 E7.60164537613609067852 F100.000000
; P02 POINT 71 point-0000071 deposition
G1 A0.000000 C0.000000 X234.800169 Y250.012451 Z272.000000 E7.60175422100560937504 F100.000000
; P02 POINT 72 point-0000072 deposition
G1 A0.000000 C0.000000 X234.800243 Y250.014085 Z272.000000 E7.60186306587512807242 F100.000000
; P02 POINT 73 point-0000073 deposition
G1 A0.000000 C0.000000 X234.872712 Y251.484443 Z272.000000 E7.69979040896172814242 F100.000000
; P02 POINT 74 point-0000074 deposition
G1 A0.000000 C0.000000 X234.872799 Y251.486077 Z272.000000 E7.69989924698820044004 F100.000000
; P02 POINT 75 point-0000075 deposition
G1 A0.000000 C0.000000 X234.872900 Y251.487710 Z272.000000 E7.70000808501467274273 F100.000000
; P02 POINT 76 point-0000076 deposition
G1 A0.000000 C0.000000 X234.873013 Y251.489343 Z272.000000 E7.70011692304114504621 F100.000000
; P02 POINT 77 point-0000077 deposition
G1 A0.000000 C0.000000 X234.873141 Y251.490974 Z272.000000 E7.70022576106761733864 F100.000000
; P02 POINT 78 point-0000078 deposition
G1 A0.000000 C0.000000 X234.873281 Y251.492604 Z272.000000 E7.70033459909408964684 F100.000000
; P02 POINT 79 point-0000079 deposition
G1 A0.000000 C0.000000 X234.873435 Y251.494233 Z272.000000 E7.70044343712056194034 F100.000000
; P02 POINT 80 point-0000080 deposition
G1 A0.000000 C0.000000 X234.873603 Y251.495860 Z272.000000 E7.70055227514703424198 F100.000000
; P02 POINT 81 point-0000081 deposition
G1 A0.000000 C0.000000 X234.873783 Y251.497487 Z272.000000 E7.70066111317350654177 F100.000000
; P02 POINT 82 point-0000082 deposition
G1 A0.000000 C0.000000 X234.873977 Y251.499111 Z272.000000 E7.70076995119997885596 F100.000000
; P02 POINT 83 point-0000083 deposition
G1 A0.000000 C0.000000 X234.874184 Y251.500734 Z272.000000 E7.70087878922645115120 F100.000000
; P02 POINT 84 point-0000084 deposition
G1 A0.000000 C0.000000 X234.874405 Y251.502355 Z272.000000 E7.70098762725292345148 F100.000000
; P02 POINT 85 point-0000085 deposition
G1 A0.000000 C0.000000 X234.874638 Y251.503975 Z272.000000 E7.70109646527939575882 F100.000000
; P02 POINT 86 point-0000086 deposition
G1 A0.000000 C0.000000 X235.090869 Y252.960128 Z272.000000 E7.79902230126795124882 F100.000000
; P02 POINT 87 point-0000087 deposition
G1 A0.000000 C0.000000 X235.091116 Y252.961746 Z272.000000 E7.79913114091971535164 F100.000000
; P02 POINT 88 point-0000088 deposition
G1 A0.000000 C0.000000 X235.091376 Y252.963361 Z272.000000 E7.79923998057147942536 F100.000000
; P02 POINT 89 point-0000089 deposition
G1 A0.000000 C0.000000 X235.091649 Y252.964974 Z272.000000 E7.79934882022324353678 F100.000000
; P02 POINT 90 point-0000090 deposition
G1 A0.000000 C0.000000 X235.091936 Y252.966585 Z272.000000 E7.79945765987500766315 F100.000000
; P02 POINT 91 point-0000091 deposition
G1 A0.000000 C0.000000 X235.092236 Y252.968194 Z272.000000 E7.79956649952677174693 F100.000000
; P02 POINT 92 point-0000092 deposition
G1 A0.000000 C0.000000 X235.092548 Y252.969800 Z272.000000 E7.79967533917853587786 F100.000000
; P02 POINT 93 point-0000093 deposition
G1 A0.000000 C0.000000 X235.092874 Y252.971403 Z272.000000 E7.79978417883029995543 F100.000000
; P02 POINT 94 point-0000094 deposition
G1 A0.000000 C0.000000 X235.093214 Y252.973004 Z272.000000 E7.79989301848206404982 F100.000000
; P02 POINT 95 point-0000095 deposition
G1 A0.000000 C0.000000 X235.093566 Y252.974601 Z272.000000 E7.80000185813382816130 F100.000000
; P02 POINT 96 point-0000096 deposition
G1 A0.000000 C0.000000 X235.093931 Y252.976196 Z272.000000 E7.80011069778559228084 F100.000000
; P02 POINT 97 point-0000097 deposition
G1 A0.000000 C0.000000 X235.094309 Y252.977788 Z272.000000 E7.80021953743735638084 F100.000000
; P02 POINT 98 point-0000098 deposition
G1 A0.000000 C0.000000 X235.094701 Y252.979377 Z272.000000 E7.80032837708912045334 F100.000000
; P02 POINT 99 point-0000099 deposition
G1 A0.000000 C0.000000 X235.452637 Y254.407422 Z272.000000 E7.89826083054026084334 F100.000000
; P02 POINT 100 point-0000100 deposition
G1 A0.000000 C0.000000 X235.453041 Y254.409007 Z272.000000 E7.89836967776964141347 F100.000000
; P02 POINT 101 point-0000101 deposition
G1 A0.000000 C0.000000 X235.453459 Y254.410590 Z272.000000 E7.89847852499902202576 F100.000000
; P02 POINT 102 point-0000102 deposition
G1 A0.000000 C0.000000 X235.453889 Y254.412168 Z272.000000 E7.89858737222840253240 F100.000000
; P02 POINT 103 point-0000103 deposition
G1 A0.000000 C0.000000 X235.454332 Y254.413743 Z272.000000 E7.89869621945778309651 F100.000000
; P02 POINT 104 point-0000104 deposition
G1 A0.000000 C0.000000 X235.454788 Y254.415315 Z272.000000 E7.89880506668716367804 F100.000000
; P02 POINT 105 point-0000105 deposition
G1 A0.000000 C0.000000 X235.455257 Y254.416883 Z272.000000 E7.89891391391654429673 F100.000000
; P02 POINT 106 point-0000106 deposition
G1 A0.000000 C0.000000 X235.455739 Y254.418446 Z272.000000 E7.89902276114592482437 F100.000000
; P02 POINT 107 point-0000107 deposition
G1 A0.000000 C0.000000 X235.456233 Y254.420006 Z272.000000 E7.89913160837530540961 F100.000000
; P02 POINT 108 point-0000108 deposition
G1 A0.000000 C0.000000 X235.456740 Y254.421562 Z272.000000 E7.89924045560468597252 F100.000000
; P02 POINT 109 point-0000109 deposition
G1 A0.000000 C0.000000 X235.457260 Y254.423113 Z272.000000 E7.89934930283406654102 F100.000000
; P02 POINT 110 point-0000110 deposition
G1 A0.000000 C0.000000 X235.457793 Y254.424661 Z272.000000 E7.89945815006344711806 F100.000000
; P02 POINT 111 point-0000111 deposition
G1 A0.000000 C0.000000 X235.458338 Y254.426204 Z272.000000 E7.89956699729282775163 F100.000000
; P02 POINT 112 point-0000112 deposition
G1 A0.000000 C0.000000 X235.954572 Y255.812409 Z272.000000 E7.99750811542510622163 F100.000000
; P02 POINT 113 point-0000113 deposition
G1 A0.000000 C0.000000 X235.955130 Y255.813947 Z272.000000 E7.99761696487034660771 F100.000000
; P02 POINT 114 point-0000114 deposition
G1 A0.000000 C0.000000 X235.955701 Y255.815481 Z272.000000 E7.99772581431558703038 F100.000000
; P02 POINT 115 point-0000115 deposition
G1 A0.000000 C0.000000 X235.956284 Y255.817010 Z272.000000 E7.99783466376082746981 F100.000000
; P02 POINT 116 point-0000116 deposition
G1 A0.000000 C0.000000 X235.956879 Y255.818534 Z272.000000 E7.99794351320606795729 F100.000000
; P02 POINT 117 point-0000117 deposition
G1 A0.000000 C0.000000 X235.957487 Y255.820053 Z272.000000 E7.99805236265130836899 F100.000000
; P02 POINT 118 point-0000118 deposition
G1 A0.000000 C0.000000 X235.958107 Y255.821568 Z272.000000 E7.99816121209654880249 F100.000000
; P02 POINT 119 point-0000119 deposition
G1 A0.000000 C0.000000 X235.958740 Y255.823077 Z272.000000 E7.99827006154178926239 F100.000000
; P02 POINT 120 point-0000120 deposition
G1 A0.000000 C0.000000 X235.959385 Y255.824581 Z272.000000 E7.99837891098702963595 F100.000000
; P02 POINT 121 point-0000121 deposition
G1 A0.000000 C0.000000 X235.960042 Y255.826079 Z272.000000 E7.99848776043227004721 F100.000000
; P02 POINT 122 point-0000122 deposition
G1 A0.000000 C0.000000 X235.960711 Y255.827572 Z272.000000 E7.99859660987751052153 F100.000000
; P02 POINT 123 point-0000123 deposition
G1 A0.000000 C0.000000 X235.961393 Y255.829060 Z272.000000 E7.99870545932275095943 F100.000000
; P02 POINT 124 point-0000124 deposition
G1 A0.000000 C0.000000 X235.962087 Y255.830542 Z272.000000 E7.99881430876799137654 F100.000000
; P02 POINT 125 point-0000125 deposition
G1 A0.000000 C0.000000 X236.591787 Y257.161378 Z272.000000 E8.09675163457243242654 F100.000000
; P02 POINT 126 point-0000126 deposition
G1 A0.000000 C0.000000 X236.592493 Y257.162854 Z272.000000 E8.09686046648321444172 F100.000000
; P02 POINT 127 point-0000127 deposition
G1 A0.000000 C0.000000 X236.593211 Y257.164324 Z272.000000 E8.09696929839399639283 F100.000000
; P02 POINT 128 point-0000128 deposition
G1 A0.000000 C0.000000 X236.593940 Y257.165788 Z272.000000 E8.09707813030477839557 F100.000000
; P02 POINT 129 point-0000129 deposition
G1 A0.000000 C0.000000 X236.594682 Y257.167246 Z272.000000 E8.09718696221556034875 F100.000000
; P02 POINT 130 point-0000130 deposition
G1 A0.000000 C0.000000 X236.595436 Y257.168699 Z272.000000 E8.09729579412634238646 F100.000000
; P02 POINT 131 point-0000131 deposition
G1 A0.000000 C0.000000 X236.596202 Y257.170144 Z272.000000 E8.09740462603712433104 F100.000000
; P02 POINT 132 point-0000132 deposition
G1 A0.000000 C0.000000 X236.596979 Y257.171584 Z272.000000 E8.09751345794790631458 F100.000000
; P02 POINT 133 point-0000133 deposition
G1 A0.000000 C0.000000 X236.597768 Y257.173017 Z272.000000 E8.09762228985868830433 F100.000000
; P02 POINT 134 point-0000134 deposition
G1 A0.000000 C0.000000 X236.598569 Y257.174444 Z272.000000 E8.09773112176947026567 F100.000000
; P02 POINT 135 point-0000135 deposition
G1 A0.000000 C0.000000 X236.599381 Y257.175864 Z272.000000 E8.09783995368025225875 F100.000000
; P02 POINT 136 point-0000136 deposition
G1 A0.000000 C0.000000 X236.600205 Y257.177277 Z272.000000 E8.09794878559103423314 F100.000000
; P02 POINT 137 point-0000137 deposition
G1 A0.000000 C0.000000 X236.601041 Y257.178684 Z272.000000 E8.09805761750181617098 F100.000000
; P02 POINT 138 point-0000138 deposition
G1 A0.000000 C0.000000 X237.357926 Y258.441040 Z272.000000 E8.19596721893069578098 F100.000000
; P02 POINT 139 point-0000139 deposition
G1 A0.000000 C0.000000 X237.358773 Y258.442440 Z272.000000 E8.19607603591026507760 F100.000000
; P02 POINT 140 point-0000140 deposition
G1 A0.000000 C0.000000 X237.359632 Y258.443833 Z272.000000 E8.19618485288983446350 F100.000000
; P02 POINT 141 point-0000141 deposition
G1 A0.000000 C0.000000 X237.360501 Y258.445218 Z272.000000 E8.19629366986940364736 F100.000000
; P02 POINT 142 point-0000142 deposition
G1 A0.000000 C0.000000 X237.361382 Y258.446596 Z272.000000 E8.19640248684897298153 F100.000000
; P02 POINT 143 point-0000143 deposition
G1 A0.000000 C0.000000 X237.362275 Y258.447967 Z272.000000 E8.19651130382854231063 F100.000000
; P02 POINT 144 point-0000144 deposition
G1 A0.000000 C0.000000 X237.363178 Y258.449331 Z272.000000 E8.19662012080811160123 F100.000000
; P02 POINT 145 point-0000145 deposition
G1 A0.000000 C0.000000 X237.364093 Y258.450687 Z272.000000 E8.19672893778768095396 F100.000000
; P02 POINT 146 point-0000146 deposition
G1 A0.000000 C0.000000 X237.365018 Y258.452036 Z272.000000 E8.19683775476725029251 F100.000000
; P02 POINT 147 point-0000147 deposition
G1 A0.000000 C0.000000 X237.365955 Y258.453377 Z272.000000 E8.19694657174681958293 F100.000000
; P02 POINT 148 point-0000148 deposition
G1 A0.000000 C0.000000 X237.366903 Y258.454711 Z272.000000 E8.19705538872638888657 F100.000000
; P02 POINT 149 point-0000149 deposition
G1 A0.000000 C0.000000 X237.367861 Y258.456037 Z272.000000 E8.19716420570595820331 F100.000000
; P02 POINT 150 point-0000150 deposition
G1 A0.000000 C0.000000 X237.368830 Y258.457354 Z272.000000 E8.19727302268552750294 F100.000000
; P02 POINT 151 point-0000151 deposition
G1 A0.000000 C0.000000 X238.245774 Y259.639462 Z272.000000 E8.29518237281699117294 F100.000000
; P02 POINT 152 point-0000152 deposition
G1 A0.000000 C0.000000 X238.246754 Y259.640772 Z272.000000 E8.29529119017263026587 F100.000000
; P02 POINT 153 point-0000153 deposition
G1 A0.000000 C0.000000 X238.247744 Y259.642074 Z272.000000 E8.29540000752826930790 F100.000000
; P02 POINT 154 point-0000154 deposition
G1 A0.000000 C0.000000 X238.248746 Y259.643367 Z272.000000 E8.29550882488390835579 F100.000000
; P02 POINT 155 point-0000155 deposition
G1 A0.000000 C0.000000 X238.249757 Y259.644653 Z272.000000 E8.29561764223954744698 F100.000000
; P02 POINT 156 point-0000156 deposition
G1 A0.000000 C0.000000 X238.250780 Y259.645930 Z272.000000 E8.29572645959518655890 F100.000000
; P02 POINT 157 point-0000157 deposition
G1 A0.000000 C0.000000 X238.251812 Y259.647198 Z272.000000 E8.29583527695082554444 F100.000000
; P02 POINT 158 point-0000158 deposition
G1 A0.000000 C0.000000 X238.252856 Y259.648458 Z272.000000 E8.29594409430646467653 F100.000000
; P02 POINT 159 point-0000159 deposition
G1 A0.000000 C0.000000 X238.253909 Y259.649710 Z272.000000 E8.29605291166210375570 F100.000000
; P02 POINT 160 point-0000160 deposition
G1 A0.000000 C0.000000 X238.254972 Y259.650953 Z272.000000 E8.29616172901774286850 F100.000000
; P02 POINT 161 point-0000161 deposition
G1 A0.000000 C0.000000 X238.256046 Y259.652187 Z272.000000 E8.29627054637338190972 F100.000000
; P02 POINT 162 point-0000162 deposition
G1 A0.000000 C0.000000 X238.257130 Y259.653413 Z272.000000 E8.29637936372902099660 F100.000000
; P02 POINT 163 point-0000163 deposition
G1 A0.000000 C0.000000 X238.258224 Y259.654629 Z272.000000 E8.29648818108466004000 F100.000000
; P02 POINT 164 point-0000164 deposition
G1 A0.000000 C0.000000 X239.246766 Y260.745091 Z272.000000 E8.39439560585713166000 F100.000000
; P02 POINT 165 point-0000165 deposition
G1 A0.000000 C0.000000 X239.247870 Y260.746298 Z272.000000 E8.39450442373967880645 F100.000000
; P02 POINT 166 point-0000166 deposition
G1 A0.000000 C0.000000 X239.248983 Y260.747497 Z272.000000 E8.39461324162222597360 F100.000000
; P02 POINT 167 point-0000167 deposition
G1 A0.000000 C0.000000 X239.250107 Y260.748686 Z272.000000 E8.39472205950477314847 F100.000000
; P02 POINT 168 point-0000168 deposition
G1 A0.000000 C0.000000 X239.251239 Y260.749866 Z272.000000 E8.39483087738732026590 F100.000000
; P02 POINT 169 point-0000169 deposition
G1 A0.000000 C0.000000 X239.252382 Y260.751037 Z272.000000 E8.39493969526986740766 F100.000000
; P02 POINT 170 point-0000170 deposition
G1 A0.000000 C0.000000 X239.253534 Y260.752198 Z272.000000 E8.39504851315241457765 F100.000000
; P02 POINT 171 point-0000171 deposition
G1 A0.000000 C0.000000 X239.254696 Y260.753350 Z272.000000 E8.39515733103496172434 F100.000000
; P02 POINT 172 point-0000172 deposition
G1 A0.000000 C0.000000 X239.255867 Y260.754492 Z272.000000 E8.39526614891750891396 F100.000000
; P02 POINT 173 point-0000173 deposition
G1 A0.000000 C0.000000 X239.257047 Y260.755625 Z272.000000 E8.39537496680005599756 F100.000000
; P02 POINT 174 point-0000174 deposition
G1 A0.000000 C0.000000 X239.258236 Y260.756748 Z272.000000 E8.39548378468260314878 F100.000000
; P02 POINT 175 point-0000175 deposition
G1 A0.000000 C0.000000 X239.259435 Y260.757861 Z272.000000 E8.39559260256515037523 F100.000000
; P02 POINT 176 point-0000176 deposition
G1 A0.000000 C0.000000 X239.260643 Y260.758965 Z272.000000 E8.39570142044769756017 F100.000000
; P02 POINT 177 point-0000177 deposition
G1 A0.000000 C0.000000 X240.351274 Y261.747295 Z272.000000 E8.49360769677508873017 F100.000000
; P02 POINT 178 point-0000178 deposition
G1 A0.000000 C0.000000 X240.352490 Y261.748388 Z272.000000 E8.49371651851523326992 F100.000000
; P02 POINT 179 point-0000179 deposition
G1 A0.000000 C0.000000 X240.353716 Y261.749472 Z272.000000 E8.49382534025537775428 F100.000000
; P02 POINT 180 point-0000180 deposition
G1 A0.000000 C0.000000 X240.354950 Y261.750545 Z272.000000 E8.49393416199552229516 F100.000000
; P02 POINT 181 point-0000181 deposition
G1 A0.000000 C0.000000 X240.356194 Y261.751609 Z272.000000 E8.49404298373566679123 F100.000000
; P02 POINT 182 point-0000182 deposition
G1 A0.000000 C0.000000 X240.357445 Y261.752662 Z272.000000 E8.49415180547581125630 F100.000000
; P02 POINT 183 point-0000183 deposition
G1 A0.000000 C0.000000 X240.358706 Y261.753705 Z272.000000 E8.49426062721595581817 F100.000000
; P02 POINT 184 point-0000184 deposition
G1 A0.000000 C0.000000 X240.359975 Y261.754737 Z272.000000 E8.49436944895610037001 F100.000000
; P02 POINT 185 point-0000185 deposition
G1 A0.000000 C0.000000 X240.361252 Y261.755760 Z272.000000 E8.49447827069624494511 F100.000000
; P02 POINT 186 point-0000186 deposition
G1 A0.000000 C0.000000 X240.362538 Y261.756771 Z272.000000 E8.49458709243638942968 F100.000000
; P02 POINT 187 point-0000187 deposition
G1 A0.000000 C0.000000 X240.363831 Y261.757772 Z272.000000 E8.49469591417653393612 F100.000000
; P02 POINT 188 point-0000188 deposition
G1 A0.000000 C0.000000 X240.365133 Y261.758763 Z272.000000 E8.49480473591667849037 F100.000000
; P02 POINT 189 point-0000189 deposition
G1 A0.000000 C0.000000 X240.366443 Y261.759743 Z272.000000 E8.49491355765682304919 F100.000000
; P02 POINT 190 point-0000190 deposition
G1 A0.000000 C0.000000 X241.548705 Y262.636456 Z272.000000 E8.59282200893505229919 F100.000000
; P02 POINT 191 point-0000191 deposition
G1 A0.000000 C0.000000 X241.550023 Y262.637425 Z272.000000 E8.59293083575148008683 F100.000000
; P02 POINT 192 point-0000192 deposition
G1 A0.000000 C0.000000 X241.551349 Y262.638383 Z272.000000 E8.59303966256790788078 F100.000000
; P02 POINT 193 point-0000193 deposition
G1 A0.000000 C0.000000 X241.552683 Y262.639330 Z272.000000 E8.59314848938433569130 F100.000000
; P02 POINT 194 point-0000194 deposition
G1 A0.000000 C0.000000 X241.554024 Y262.640267 Z272.000000 E8.59325731620076341800 F100.000000
; P02 POINT 195 point-0000195 deposition
G1 A0.000000 C0.000000 X241.555374 Y262.641192 Z272.000000 E8.59336614301719116813 F100.000000
; P02 POINT 196 point-0000196 deposition
G1 A0.000000 C0.000000 X241.556730 Y262.642107 Z272.000000 E8.59347496983361899583 F100.000000
; P02 POINT 197 point-0000197 deposition
G1 A0.000000 C0.000000 X241.558094 Y262.643010 Z272.000000 E8.59358379665004674074 F100.000000
; P02 POINT 198 point-0000198 deposition
G1 A0.000000 C0.000000 X241.559466 Y262.643902 Z272.000000 E8.59369262346647448277 F100.000000
; P02 POINT 199 point-0000199 deposition
G1 A0.000000 C0.000000 X241.560844 Y262.644783 Z272.000000 E8.59380145028290223579 F100.000000
; P02 POINT 200 point-0000200 deposition
G1 A0.000000 C0.000000 X241.562230 Y262.645652 Z272.000000 E8.59391027709932998592 F100.000000
; P02 POINT 201 point-0000201 deposition
G1 A0.000000 C0.000000 X241.563623 Y262.646511 Z272.000000 E8.59401910391575778782 F100.000000
; P02 POINT 202 point-0000202 deposition
G1 A0.000000 C0.000000 X241.565023 Y262.647357 Z272.000000 E8.59412793073218558898 F100.000000
; P02 POINT 203 point-0000203 deposition
G1 A0.000000 C0.000000 X242.827510 Y263.403984 Z272.000000 E8.69203616418996491898 F100.000000
; P02 POINT 204 point-0000204 deposition
G1 A0.000000 C0.000000 X242.828917 Y263.404819 Z272.000000 E8.69214499171783570178 F100.000000
; P02 POINT 205 point-0000205 deposition
G1 A0.000000 C0.000000 X242.830331 Y263.405643 Z272.000000 E8.69225381924570658138 F100.000000
; P02 POINT 206 point-0000206 deposition
G1 A0.000000 C0.000000 X242.831751 Y263.406455 Z272.000000 E8.69236264677357738088 F100.000000
; P02 POINT 207 point-0000207 deposition
G1 A0.000000 C0.000000 X242.833178 Y263.407255 Z272.000000 E8.69247147430144818208 F100.000000
; P02 POINT 208 point-0000208 deposition
G1 A0.000000 C0.000000 X242.834611 Y263.408044 Z272.000000 E8.69258030182931900892 F100.000000
; P02 POINT 209 point-0000209 deposition
G1 A0.000000 C0.000000 X242.836051 Y263.408821 Z272.000000 E8.69268912935718978082 F100.000000
; P02 POINT 210 point-0000210 deposition
G1 A0.000000 C0.000000 X242.837497 Y263.409586 Z272.000000 E8.69279795688506066181 F100.000000
; P02 POINT 211 point-0000211 deposition
G1 A0.000000 C0.000000 X242.838949 Y263.410340 Z272.000000 E8.69290678441293146841 F100.000000
; P02 POINT 212 point-0000212 deposition
G1 A0.000000 C0.000000 X242.840407 Y263.411081 Z272.000000 E8.69301561194080230841 F100.000000
; P02 POINT 213 point-0000213 deposition
G1 A0.000000 C0.000000 X242.841872 Y263.411811 Z272.000000 E8.69312443946867311661 F100.000000
; P02 POINT 214 point-0000214 deposition
G1 A0.000000 C0.000000 X242.843342 Y263.412528 Z272.000000 E8.69323326699654390595 F100.000000
; P02 POINT 215 point-0000215 deposition
G1 A0.000000 C0.000000 X242.844818 Y263.413234 Z272.000000 E8.69334209452441473463 F100.000000
; P02 POINT 216 point-0000216 deposition
G1 A0.000000 C0.000000 X244.175289 Y264.042447 Z272.000000 E8.79124363687361699463 F100.000000
; P02 POINT 217 point-0000217 deposition
G1 A0.000000 C0.000000 X244.176771 Y264.043141 Z272.000000 E8.79135246536383423043 F100.000000
; P02 POINT 218 point-0000218 deposition
G1 A0.000000 C0.000000 X244.178258 Y264.043822 Z272.000000 E8.79146129385405149536 F100.000000
; P02 POINT 219 point-0000219 deposition
G1 A0.000000 C0.000000 X244.179751 Y264.044491 Z272.000000 E8.79157012234426875495 F100.000000
; P02 POINT 220 point-0000220 deposition
G1 A0.000000 C0.000000 X244.181250 Y264.045148 Z272.000000 E8.79167895083448595403 F100.000000
; P02 POINT 221 point-0000221 deposition
G1 A0.000000 C0.000000 X244.182753 Y264.045792 Z272.000000 E8.79178777932470319948 F100.000000
; P02 POINT 222 point-0000222 deposition
G1 A0.000000 C0.000000 X244.184262 Y264.046424 Z272.000000 E8.79189660781492040822 F100.000000
; P02 POINT 223 point-0000223 deposition
G1 A0.000000 C0.000000 X244.185776 Y264.047044 Z272.000000 E8.79200543630513766683 F100.000000
; P02 POINT 224 point-0000224 deposition
G1 A0.000000 C0.000000 X244.187295 Y264.047652 Z272.000000 E8.79211426479535494431 F100.000000
; P02 POINT 225 point-0000225 deposition
G1 A0.000000 C0.000000 X244.188819 Y264.048247 Z272.000000 E8.79222309328557218124 F100.000000
; P02 POINT 226 point-0000226 deposition
G1 A0.000000 C0.000000 X244.190348 Y264.048829 Z272.000000 E8.79233192177578941917 F100.000000
; P02 POINT 227 point-0000227 deposition
G1 A0.000000 C0.000000 X244.191882 Y264.049399 Z272.000000 E8.79244075026600666453 F100.000000
; P02 POINT 228 point-0000228 deposition
G1 A0.000000 C0.000000 X244.193420 Y264.049957 Z272.000000 E8.79254957875622394438 F100.000000
; P02 POINT 229 point-0000229 deposition
G1 A0.000000 C0.000000 X245.579149 Y264.545749 Z272.000000 E8.89045092940628801438 F100.000000
; P02 POINT 230 point-0000230 deposition
G1 A0.000000 C0.000000 X245.580691 Y264.546294 Z272.000000 E8.89055976263960929422 F100.000000
; P02 POINT 231 point-0000231 deposition
G1 A0.000000 C0.000000 X245.582238 Y264.546826 Z272.000000 E8.89066859587293058337 F100.000000
; P02 POINT 232 point-0000232 deposition
G1 A0.000000 C0.000000 X245.583790 Y264.547345 Z272.000000 E8.89077742910625177735 F100.000000
; P02 POINT 233 point-0000233 deposition
G1 A0.000000 C0.000000 X245.585345 Y264.547852 Z272.000000 E8.89088626233957303751 F100.000000
; P02 POINT 234 point-0000234 deposition
G1 A0.000000 C0.000000 X245.586905 Y264.548346 Z272.000000 E8.89099509557289432751 F100.000000
; P02 POINT 235 point-0000235 deposition
G1 A0.000000 C0.000000 X245.588469 Y264.548828 Z272.000000 E8.89110392880621552353 F100.000000
; P02 POINT 236 point-0000236 deposition
G1 A0.000000 C0.000000 X245.590036 Y264.549296 Z272.000000 E8.89121276203953679617 F100.000000
; P02 POINT 237 point-0000237 deposition
G1 A0.000000 C0.000000 X245.591608 Y264.549752 Z272.000000 E8.89132159527285807381 F100.000000
; P02 POINT 238 point-0000238 deposition
G1 A0.000000 C0.000000 X245.593183 Y264.550195 Z272.000000 E8.89143042850617933030 F100.000000
; P02 POINT 239 point-0000239 deposition
G1 A0.000000 C0.000000 X245.594761 Y264.550624 Z272.000000 E8.89153926173950056871 F100.000000
; P02 POINT 240 point-0000240 deposition
G1 A0.000000 C0.000000 X245.596344 Y264.551041 Z272.000000 E8.89164809497282182799 F100.000000
; P02 POINT 241 point-0000241 deposition
G1 A0.000000 C0.000000 X245.597929 Y264.551445 Z272.000000 E8.89175692820614306035 F100.000000
; P02 POINT 242 point-0000242 deposition
G1 A0.000000 C0.000000 X247.025588 Y264.909040 Z272.000000 E8.98965893141008873035 F100.000000
; P02 POINT 243 point-0000243 deposition
G1 A0.000000 C0.000000 X247.027176 Y264.909431 Z272.000000 E8.98976776860606086165 F100.000000
; P02 POINT 244 point-0000244 deposition
G1 A0.000000 C0.000000 X247.028768 Y264.909809 Z272.000000 E8.98987660580203301572 F100.000000
; P02 POINT 245 point-0000245 deposition
G1 A0.000000 C0.000000 X247.030363 Y264.910174 Z272.000000 E8.98998544299800519438 F100.000000
; P02 POINT 246 point-0000246 deposition
G1 A0.000000 C0.000000 X247.031961 Y264.910526 Z272.000000 E8.99009428019397735934 F100.000000
; P02 POINT 247 point-0000247 deposition
G1 A0.000000 C0.000000 X247.033562 Y264.910865 Z272.000000 E8.99020311738994951413 F100.000000
; P02 POINT 248 point-0000248 deposition
G1 A0.000000 C0.000000 X247.035165 Y264.911191 Z272.000000 E8.99031195458592170767 F100.000000
; P02 POINT 249 point-0000249 deposition
G1 A0.000000 C0.000000 X247.036771 Y264.911503 Z272.000000 E8.99042079178189386508 F100.000000
; P02 POINT 250 point-0000250 deposition
G1 A0.000000 C0.000000 X247.038380 Y264.911803 Z272.000000 E8.99052962897786599495 F100.000000
; P02 POINT 251 point-0000251 deposition
G1 A0.000000 C0.000000 X247.039990 Y264.912089 Z272.000000 E8.99063846617383817866 F100.000000
; P02 POINT 252 point-0000252 deposition
G1 A0.000000 C0.000000 X247.041604 Y264.912362 Z272.000000 E8.99074730336981032115 F100.000000
; P02 POINT 253 point-0000253 deposition
G1 A0.000000 C0.000000 X247.043219 Y264.912622 Z272.000000 E8.99085614056578249093 F100.000000
; P02 POINT 254 point-0000254 deposition
G1 A0.000000 C0.000000 X247.044836 Y264.912869 Z272.000000 E8.99096497776175468794 F100.000000
; P02 POINT 255 point-0000255 deposition
G1 A0.000000 C0.000000 X248.500667 Y265.128814 Z272.000000 E9.08886677039887787794 F100.000000
; P02 POINT 256 point-0000256 deposition
G1 A0.000000 C0.000000 X248.502286 Y265.129048 Z272.000000 E9.08897561000705139881 F100.000000
; P02 POINT 257 point-0000257 deposition
G1 A0.000000 C0.000000 X248.503907 Y265.129268 Z272.000000 E9.08908444961522492811 F100.000000
; P02 POINT 258 point-0000258 deposition
G1 A0.000000 C0.000000 X248.505530 Y265.129475 Z272.000000 E9.08919328922339847107 F100.000000
; P02 POINT 259 point-0000259 deposition
G1 A0.000000 C0.000000 X248.507155 Y265.129668 Z272.000000 E9.08930212883157198504 F100.000000
; P02 POINT 260 point-0000260 deposition
G1 A0.000000 C0.000000 X248.508781 Y265.129849 Z272.000000 E9.08941096843974551233 F100.000000
; P02 POINT 261 point-0000261 deposition
G1 A0.000000 C0.000000 X248.510409 Y265.130016 Z272.000000 E9.08951980804791904947 F100.000000
; P02 POINT 262 point-0000262 deposition
G1 A0.000000 C0.000000 X248.512038 Y265.130170 Z272.000000 E9.08962864765609256908 F100.000000
; P02 POINT 263 point-0000263 deposition
G1 A0.000000 C0.000000 X248.513668 Y265.130310 Z272.000000 E9.08973748726426608970 F100.000000
; P02 POINT 264 point-0000264 deposition
G1 A0.000000 C0.000000 X248.515299 Y265.130437 Z272.000000 E9.08984632687243960707 F100.000000
; P02 POINT 265 point-0000265 deposition
G1 A0.000000 C0.000000 X248.516932 Y265.130551 Z272.000000 E9.08995516648061313711 F100.000000
; P02 POINT 266 point-0000266 deposition
G1 A0.000000 C0.000000 X248.518565 Y265.130651 Z272.000000 E9.09006400608878666023 F100.000000
; P02 POINT 267 point-0000267 deposition
G1 A0.000000 C0.000000 X248.520199 Y265.130738 Z272.000000 E9.09017284569696019058 F100.000000
; P02 POINT 268 point-0000268 deposition
G1 A0.000000 C0.000000 X249.990187 Y265.202952 Z272.000000 E9.18807477275319897058 F100.000000
; P02 POINT 269 point-0000269 deposition
G1 A0.000000 C0.000000 X249.991821 Y265.203026 Z272.000000 E9.18818361322848809555 F100.000000
; P02 POINT 270 point-0000270 deposition
G1 A0.000000 C0.000000 X249.993456 Y265.203086 Z272.000000 E9.18829245370377721532 F100.000000
; P02 POINT 271 point-0000271 deposition
G1 A0.000000 C0.000000 X249.995092 Y265.203133 Z272.000000 E9.18840129417906633815 F100.000000
; P02 POINT 272 point-0000272 deposition
G1 A0.000000 C0.000000 X249.996728 Y265.203166 Z272.000000 E9.18851013465435546384 F100.000000
; P02 POINT 273 point-0000273 deposition
G1 A0.000000 C0.000000 X249.998364 Y265.203186 Z272.000000 E9.18861897512964458507 F100.000000
; P02 POINT 274 point-0000274 deposition
G1 A0.000000 C0.000000 X250.000000 Y265.203193 Z272.000000 E9.18872781560493370895 F100.000000
; P02 POINT 275 point-0000275 deposition
G1 A0.000000 C0.000000 X250.001636 Y265.203186 Z272.000000 E9.18883665608022283310 F100.000000
; P02 POINT 276 point-0000276 deposition
G1 A0.000000 C0.000000 X250.003272 Y265.203166 Z272.000000 E9.18894549655551195391 F100.000000
; P02 POINT 277 point-0000277 deposition
G1 A0.000000 C0.000000 X250.004908 Y265.203133 Z272.000000 E9.18905433703080107826 F100.000000
; P02 POINT 278 point-0000278 deposition
G1 A0.000000 C0.000000 X250.006544 Y265.203086 Z272.000000 E9.18916317750609020269 F100.000000
; P02 POINT 279 point-0000279 deposition
G1 A0.000000 C0.000000 X250.008179 Y265.203026 Z272.000000 E9.18927201798137932579 F100.000000
; P02 POINT 280 point-0000280 deposition
G1 A0.000000 C0.000000 X250.009813 Y265.202952 Z272.000000 E9.18938085845666844811 F100.000000
; P02 POINT 281 point-0000281 deposition
G1 A0.000000 C0.000000 X251.479800 Y265.130738 Z272.000000 E9.28728266713026619811 F100.000000
; P02 POINT 282 point-0000282 deposition
G1 A0.000000 C0.000000 X251.481433 Y265.130651 Z272.000000 E9.28739150661819370023 F100.000000
; P02 POINT 283 point-0000283 deposition
G1 A0.000000 C0.000000 X251.483067 Y265.130551 Z272.000000 E9.28750034610612121367 F100.000000
; P02 POINT 284 point-0000284 deposition
G1 A0.000000 C0.000000 X251.484699 Y265.130437 Z272.000000 E9.28760918559404871973 F100.000000
; P02 POINT 285 point-0000285 deposition
G1 A0.000000 C0.000000 X251.486330 Y265.130310 Z272.000000 E9.28771802508197624612 F100.000000
; P02 POINT 286 point-0000286 deposition
G1 A0.000000 C0.000000 X251.487960 Y265.130170 Z272.000000 E9.28782686456990375434 F100.000000
; P02 POINT 287 point-0000287 deposition
G1 A0.000000 C0.000000 X251.489589 Y265.130016 Z272.000000 E9.28793570405783127359 F100.000000
; P02 POINT 288 point-0000288 deposition
G1 A0.000000 C0.000000 X251.491217 Y265.129849 Z272.000000 E9.28804454354575877065 F100.000000
; P02 POINT 289 point-0000289 deposition
G1 A0.000000 C0.000000 X251.492843 Y265.129669 Z272.000000 E9.28815338303368628043 F100.000000
; P02 POINT 290 point-0000290 deposition
G1 A0.000000 C0.000000 X251.494468 Y265.129475 Z272.000000 E9.28826222252161381550 F100.000000
; P02 POINT 291 point-0000291 deposition
G1 A0.000000 C0.000000 X251.496091 Y265.129268 Z272.000000 E9.28837106200954130801 F100.000000
; P02 POINT 292 point-0000292 deposition
G1 A0.000000 C0.000000 X251.497712 Y265.129048 Z272.000000 E9.28847990149746883095 F100.000000
; P02 POINT 293 point-0000293 deposition
G1 A0.000000 C0.000000 X251.499332 Y265.128814 Z272.000000 E9.28858874098539634082 F100.000000
; P02 POINT 294 point-0000294 deposition
G1 A0.000000 C0.000000 X252.955160 Y264.912870 Z272.000000 E9.38649043604480745082 F100.000000
; P02 POINT 295 point-0000295 deposition
G1 A0.000000 C0.000000 X252.956778 Y264.912623 Z272.000000 E9.38659927309643383068 F100.000000
; P02 POINT 296 point-0000296 deposition
G1 A0.000000 C0.000000 X252.958393 Y264.912363 Z272.000000 E9.38670811014806021686 F100.000000
; P02 POINT 297 point-0000297 deposition
G1 A0.000000 C0.000000 X252.960006 Y264.912090 Z272.000000 E9.38681694719968661556 F100.000000
; P02 POINT 298 point-0000298 deposition
G1 A0.000000 C0.000000 X252.961617 Y264.911804 Z272.000000 E9.38692578425131297442 F100.000000
; P02 POINT 299 point-0000299 deposition
G1 A0.000000 C0.000000 X252.963226 Y264.911504 Z272.000000 E9.38703462130293936706 F100.000000
; P02 POINT 300 point-0000300 deposition
G1 A0.000000 C0.000000 X252.964832 Y264.911192 Z272.000000 E9.38714345835456574658 F100.000000
; P02 POINT 301 point-0000301 deposition
G1 A0.000000 C0.000000 X252.966435 Y264.910866 Z272.000000 E9.38725229540619212875 F100.000000
; P02 POINT 302 point-0000302 deposition
G1 A0.000000 C0.000000 X252.968036 Y264.910527 Z272.000000 E9.38736113245781852295 F100.000000
; P02 POINT 303 point-0000303 deposition
G1 A0.000000 C0.000000 X252.969634 Y264.910175 Z272.000000 E9.38746996950944492372 F100.000000
; P02 POINT 304 point-0000304 deposition
G1 A0.000000 C0.000000 X252.971229 Y264.909810 Z272.000000 E9.38757880656107128989 F100.000000
; P02 POINT 305 point-0000305 deposition
G1 A0.000000 C0.000000 X252.972820 Y264.909432 Z272.000000 E9.38768764361269768159 F100.000000
; P02 POINT 306 point-0000306 deposition
G1 A0.000000 C0.000000 X252.974409 Y264.909041 Z272.000000 E9.38779648066432407406 F100.000000
; P02 POINT 307 point-0000307 deposition
G1 A0.000000 C0.000000 X254.402066 Y264.551447 Z272.000000 E9.48569832205922500406 F100.000000
; P02 POINT 308 point-0000308 deposition
G1 A0.000000 C0.000000 X254.403651 Y264.551043 Z272.000000 E9.48580715516410326337 F100.000000
; P02 POINT 309 point-0000309 deposition
G1 A0.000000 C0.000000 X254.405233 Y264.550626 Z272.000000 E9.48591598826898153913 F100.000000
; P02 POINT 310 point-0000310 deposition
G1 A0.000000 C0.000000 X254.406812 Y264.550196 Z272.000000 E9.48602482137385979409 F100.000000
; P02 POINT 311 point-0000311 deposition
G1 A0.000000 C0.000000 X254.408387 Y264.549753 Z272.000000 E9.48613365447873807053 F100.000000
; P02 POINT 312 point-0000312 deposition
G1 A0.000000 C0.000000 X254.409958 Y264.549298 Z272.000000 E9.48624248758361628502 F100.000000
; P02 POINT 313 point-0000313 deposition
G1 A0.000000 C0.000000 X254.411526 Y264.548829 Z272.000000 E9.48635132068849453174 F100.000000
; P02 POINT 314 point-0000314 deposition
G1 A0.000000 C0.000000 X254.413089 Y264.548348 Z272.000000 E9.48646015379337277891 F100.000000
; P02 POINT 315 point-0000315 deposition
G1 A0.000000 C0.000000 X254.414649 Y264.547854 Z272.000000 E9.48656898689825103144 F100.000000
; P02 POINT 316 point-0000316 deposition
G1 A0.000000 C0.000000 X254.416205 Y264.547347 Z272.000000 E9.48667782000312929343 F100.000000
; P02 POINT 317 point-0000317 deposition
G1 A0.000000 C0.000000 X254.417756 Y264.546828 Z272.000000 E9.48678665310800756133 F100.000000
; P02 POINT 318 point-0000318 deposition
G1 A0.000000 C0.000000 X254.419303 Y264.546295 Z272.000000 E9.48689548621288580985 F100.000000
; P02 POINT 319 point-0000319 deposition
G1 A0.000000 C0.000000 X254.420846 Y264.545750 Z272.000000 E9.48700431931776403917 F100.000000
; P02 POINT 320 point-0000320 deposition
G1 A0.000000 C0.000000 X255.806574 Y264.049959 Z272.000000 E9.58490559735035461917 F100.000000
; P02 POINT 321 point-0000321 deposition
G1 A0.000000 C0.000000 X255.808112 Y264.049402 Z272.000000 E9.58501442638573754120 F100.000000
; P02 POINT 322 point-0000322 deposition
G1 A0.000000 C0.000000 X255.809646 Y264.048832 Z272.000000 E9.58512325542112044957 F100.000000
; P02 POINT 323 point-0000323 deposition
G1 A0.000000 C0.000000 X255.811174 Y264.048249 Z272.000000 E9.58523208445650332370 F100.000000
; P02 POINT 324 point-0000324 deposition
G1 A0.000000 C0.000000 X255.812698 Y264.047654 Z272.000000 E9.58534091349188623654 F100.000000
; P02 POINT 325 point-0000325 deposition
G1 A0.000000 C0.000000 X255.814217 Y264.047047 Z272.000000 E9.58544974252726911070 F100.000000
; P02 POINT 326 point-0000326 deposition
G1 A0.000000 C0.000000 X255.815732 Y264.046427 Z272.000000 E9.58555857156265200791 F100.000000
; P02 POINT 327 point-0000327 deposition
G1 A0.000000 C0.000000 X255.817240 Y264.045795 Z272.000000 E9.58566740059803490495 F100.000000
; P02 POINT 328 point-0000328 deposition
G1 A0.000000 C0.000000 X255.818744 Y264.045150 Z272.000000 E9.58577622963341778145 F100.000000
; P02 POINT 329 point-0000329 deposition
G1 A0.000000 C0.000000 X255.820243 Y264.044494 Z272.000000 E9.58588505866880073237 F100.000000
; P02 POINT 330 point-0000330 deposition
G1 A0.000000 C0.000000 X255.821736 Y264.043824 Z272.000000 E9.58599388770418355714 F100.000000
; P02 POINT 331 point-0000331 deposition
G1 A0.000000 C0.000000 X255.823223 Y264.043143 Z272.000000 E9.58610271673956649694 F100.000000
; P02 POINT 332 point-0000332 deposition
G1 A0.000000 C0.000000 X255.824705 Y264.042450 Z272.000000 E9.58621154577494936236 F100.000000
; P02 POINT 333 point-0000333 deposition
G1 A0.000000 C0.000000 X257.155190 Y263.413230 Z272.000000 E9.68411413746437009236 F100.000000
; P02 POINT 334 point-0000334 deposition
G1 A0.000000 C0.000000 X257.156666 Y263.412524 Z272.000000 E9.68422296475127670894 F100.000000
; P02 POINT 335 point-0000335 deposition
G1 A0.000000 C0.000000 X257.158136 Y263.411807 Z272.000000 E9.68433179203818335964 F100.000000
; P02 POINT 336 point-0000336 deposition
G1 A0.000000 C0.000000 X257.159601 Y263.411077 Z272.000000 E9.68444061932509003787 F100.000000
; P02 POINT 337 point-0000337 deposition
G1 A0.000000 C0.000000 X257.161059 Y263.410335 Z272.000000 E9.68454944661199658006 F100.000000
; P02 POINT 338 point-0000338 deposition
G1 A0.000000 C0.000000 X257.162511 Y263.409582 Z272.000000 E9.68465827389890327607 F100.000000
; P02 POINT 339 point-0000339 deposition
G1 A0.000000 C0.000000 X257.163957 Y263.408817 Z272.000000 E9.68476710118580990029 F100.000000
; P02 POINT 340 point-0000340 deposition
G1 A0.000000 C0.000000 X257.165397 Y263.408040 Z272.000000 E9.68487592847271647933 F100.000000
; P02 POINT 341 point-0000341 deposition
G1 A0.000000 C0.000000 X257.166830 Y263.407251 Z272.000000 E9.68498475575962314124 F100.000000
; P02 POINT 342 point-0000342 deposition
G1 A0.000000 C0.000000 X257.168257 Y263.406451 Z272.000000 E9.68509358304652979279 F100.000000
; P02 POINT 343 point-0000343 deposition
G1 A0.000000 C0.000000 X257.169677 Y263.405638 Z272.000000 E9.68520241033343640814 F100.000000
; P02 POINT 344 point-0000344 deposition
G1 A0.000000 C0.000000 X257.171091 Y263.404815 Z272.000000 E9.68531123762034300514 F100.000000
; P02 POINT 345 point-0000345 deposition
G1 A0.000000 C0.000000 X257.172497 Y263.403979 Z272.000000 E9.68542006490724966349 F100.000000
; P02 POINT 346 point-0000346 deposition
G1 A0.000000 C0.000000 X258.434967 Y262.647364 Z272.000000 E9.78332684657235027349 F100.000000
; P02 POINT 347 point-0000347 deposition
G1 A0.000000 C0.000000 X258.436366 Y262.646518 Z272.000000 E9.78343567084831075345 F100.000000
; P02 POINT 348 point-0000348 deposition
G1 A0.000000 C0.000000 X258.437759 Y262.645660 Z272.000000 E9.78354449512427140162 F100.000000
; P02 POINT 349 point-0000349 deposition
G1 A0.000000 C0.000000 X258.439145 Y262.644790 Z272.000000 E9.78365331940023192537 F100.000000
; P02 POINT 350 point-0000350 deposition
G1 A0.000000 C0.000000 X258.440524 Y262.643909 Z272.000000 E9.78376214367619250470 F100.000000
; P02 POINT 351 point-0000351 deposition
G1 A0.000000 C0.000000 X258.441895 Y262.643017 Z272.000000 E9.78387096795215312971 F100.000000
; P02 POINT 352 point-0000352 deposition
G1 A0.000000 C0.000000 X258.443259 Y262.642114 Z272.000000 E9.78397979222811369466 F100.000000
; P02 POINT 353 point-0000353 deposition
G1 A0.000000 C0.000000 X258.444616 Y262.641200 Z272.000000 E9.78408861650407421457 F100.000000
; P02 POINT 354 point-0000354 deposition
G1 A0.000000 C0.000000 X258.445965 Y262.640274 Z272.000000 E9.78419744078003483980 F100.000000
; P02 POINT 355 point-0000355 deposition
G1 A0.000000 C0.000000 X258.447306 Y262.639338 Z272.000000 E9.78430626505599542072 F100.000000
; P02 POINT 356 point-0000356 deposition
G1 A0.000000 C0.000000 X258.448640 Y262.638390 Z272.000000 E9.78441508933195599026 F100.000000
; P02 POINT 357 point-0000357 deposition
G1 A0.000000 C0.000000 X258.449966 Y262.637432 Z272.000000 E9.78452391360791650321 F100.000000
; P02 POINT 358 point-0000358 deposition
G1 A0.000000 C0.000000 X258.451284 Y262.636463 Z272.000000 E9.78463273788387715351 F100.000000
; P02 POINT 359 point-0000359 deposition
G1 A0.000000 C0.000000 X259.633509 Y261.759781 Z272.000000 E9.88253801319424859351 F100.000000
; P02 POINT 360 point-0000360 deposition
G1 A0.000000 C0.000000 X259.634819 Y261.758802 Z272.000000 E9.88264683237399695199 F100.000000
; P02 POINT 361 point-0000361 deposition
G1 A0.000000 C0.000000 X259.636121 Y261.757811 Z272.000000 E9.88275565155374541360 F100.000000
; P02 POINT 362 point-0000362 deposition
G1 A0.000000 C0.000000 X259.637415 Y261.756810 Z272.000000 E9.88286447073349390629 F100.000000
; P02 POINT 363 point-0000363 deposition
G1 A0.000000 C0.000000 X259.638701 Y261.755798 Z272.000000 E9.88297328991324232979 F100.000000
; P02 POINT 364 point-0000364 deposition
G1 A0.000000 C0.000000 X259.639978 Y261.754776 Z272.000000 E9.88308210909299078627 F100.000000
; P02 POINT 365 point-0000365 deposition
G1 A0.000000 C0.000000 X259.641247 Y261.753744 Z272.000000 E9.88319092827273918912 F100.000000
; P02 POINT 366 point-0000366 deposition
G1 A0.000000 C0.000000 X259.642507 Y261.752701 Z272.000000 E9.88329974745248762150 F100.000000
; P02 POINT 367 point-0000367 deposition
G1 A0.000000 C0.000000 X259.643759 Y261.751648 Z272.000000 E9.88340856663223601606 F100.000000
; P02 POINT 368 point-0000368 deposition
G1 A0.000000 C0.000000 X259.645002 Y261.750584 Z272.000000 E9.88351738581198452602 F100.000000
; P02 POINT 369 point-0000369 deposition
G1 A0.000000 C0.000000 X259.646237 Y261.749511 Z272.000000 E9.88362620499173294885 F100.000000
; P02 POINT 370 point-0000370 deposition
G1 A0.000000 C0.000000 X259.647462 Y261.748427 Z272.000000 E9.88373502417148132140 F100.000000
; P02 POINT 371 point-0000371 deposition
G1 A0.000000 C0.000000 X259.648679 Y261.747334 Z272.000000 E9.88384384335122985818 F100.000000
; P02 POINT 372 point-0000372 deposition
G1 A0.000000 C0.000000 X260.739300 Y260.759022 Z272.000000 E9.98174878064490945818 F100.000000
; P02 POINT 373 point-0000373 deposition
G1 A0.000000 C0.000000 X260.740507 Y260.757919 Z272.000000 E9.98185759745552165360 F100.000000
; P02 POINT 374 point-0000374 deposition
G1 A0.000000 C0.000000 X260.741706 Y260.756806 Z272.000000 E9.98196641426613380598 F100.000000
; P02 POINT 375 point-0000375 deposition
G1 A0.000000 C0.000000 X260.742895 Y260.755683 Z272.000000 E9.98207523107674590573 F100.000000
; P02 POINT 376 point-0000376 deposition
G1 A0.000000 C0.000000 X260.744076 Y260.754550 Z272.000000 E9.98218404788735810825 F100.000000
; P02 POINT 377 point-0000377 deposition
G1 A0.000000 C0.000000 X260.745246 Y260.753408 Z272.000000 E9.98229286469797023649 F100.000000
; P02 POINT 378 point-0000378 deposition
G1 A0.000000 C0.000000 X260.746408 Y260.752256 Z272.000000 E9.98240168150858237835 F100.000000
; P02 POINT 379 point-0000379 deposition
G1 A0.000000 C0.000000 X260.747560 Y260.751095 Z272.000000 E9.98251049831919454242 F100.000000
; P02 POINT 380 point-0000380 deposition
G1 A0.000000 C0.000000 X260.748703 Y260.749924 Z272.000000 E9.98261931512980676342 F100.000000
; P02 POINT 381 point-0000381 deposition
G1 A0.000000 C0.000000 X260.749836 Y260.748744 Z272.000000 E9.98272813194041887853 F100.000000
; P02 POINT 382 point-0000382 deposition
G1 A0.000000 C0.000000 X260.750959 Y260.747555 Z272.000000 E9.98283694875103099503 F100.000000
; P02 POINT 383 point-0000383 deposition
G1 A0.000000 C0.000000 X260.752072 Y260.746356 Z272.000000 E9.98294576556164313411 F100.000000
; P02 POINT 384 point-0000384 deposition
G1 A0.000000 C0.000000 X260.753176 Y260.745149 Z272.000000 E9.98305458237225533258 F100.000000
; P02 POINT 385 point-0000385 deposition
G1 A0.000000 C0.000000 X261.741717 Y259.654701 Z272.000000 E10.08096129059289511258 F100.000000
; P02 POINT 386 point-0000386 deposition
G1 A0.000000 C0.000000 X261.742811 Y259.653484 Z272.000000 E10.08107010467943828367 F100.000000
; P02 POINT 387 point-0000387 deposition
G1 A0.000000 C0.000000 X261.743895 Y259.652259 Z272.000000 E10.08117891876598136124 F100.000000
; P02 POINT 388 point-0000388 deposition
G1 A0.000000 C0.000000 X261.744969 Y259.651025 Z272.000000 E10.08128773285252458946 F100.000000
; P02 POINT 389 point-0000389 deposition
G1 A0.000000 C0.000000 X261.746032 Y259.649782 Z272.000000 E10.08139654693906764561 F100.000000
; P02 POINT 390 point-0000390 deposition
G1 A0.000000 C0.000000 X261.747085 Y259.648530 Z272.000000 E10.08150536102561072598 F100.000000
; P02 POINT 391 point-0000391 deposition
G1 A0.000000 C0.000000 X261.748128 Y259.647270 Z272.000000 E10.08161417511215397593 F100.000000
; P02 POINT 392 point-0000392 deposition
G1 A0.000000 C0.000000 X261.749161 Y259.646002 Z272.000000 E10.08172298919869702899 F100.000000
; P02 POINT 393 point-0000393 deposition
G1 A0.000000 C0.000000 X261.750183 Y259.644725 Z272.000000 E10.08183180328524019743 F100.000000
; P02 POINT 394 point-0000394 deposition
G1 A0.000000 C0.000000 X261.751195 Y259.643439 Z272.000000 E10.08194061737178334126 F100.000000
; P02 POINT 395 point-0000395 deposition
G1 A0.000000 C0.000000 X261.752197 Y259.642146 Z272.000000 E10.08204943145832642923 F100.000000
; P02 POINT 396 point-0000396 deposition
G1 A0.000000 C0.000000 X261.753187 Y259.640844 Z272.000000 E10.08215824554486958308 F100.000000
; P02 POINT 397 point-0000397 deposition
G1 A0.000000 C0.000000 X261.754167 Y259.639534 Z272.000000 E10.08226705963141266296 F100.000000
; P02 POINT 398 point-0000398 deposition
G1 A0.000000 C0.000000 X262.631076 Y258.457495 Z272.000000 E10.18017139334349476296 F100.000000
; P02 POINT 399 point-0000399 deposition
G1 A0.000000 C0.000000 X262.632045 Y258.456177 Z272.000000 E10.18028020590148455186 F100.000000
; P02 POINT 400 point-0000400 deposition
G1 A0.000000 C0.000000 X262.633004 Y258.454851 Z272.000000 E10.18038901845947430751 F100.000000
; P02 POINT 401 point-0000401 deposition
G1 A0.000000 C0.000000 X262.633951 Y258.453518 Z272.000000 E10.18049783101746398997 F100.000000
; P02 POINT 402 point-0000402 deposition
G1 A0.000000 C0.000000 X262.634888 Y258.452177 Z272.000000 E10.18060664357545367790 F100.000000
; P02 POINT 403 point-0000403 deposition
G1 A0.000000 C0.000000 X262.635813 Y258.450828 Z272.000000 E10.18071545613344352560 F100.000000
; P02 POINT 404 point-0000404 deposition
G1 A0.000000 C0.000000 X262.636728 Y258.449472 Z272.000000 E10.18082426869143321857 F100.000000
; P02 POINT 405 point-0000405 deposition
G1 A0.000000 C0.000000 X262.637631 Y258.448108 Z272.000000 E10.18093308124942295851 F100.000000
; P02 POINT 406 point-0000406 deposition
G1 A0.000000 C0.000000 X262.638523 Y258.446737 Z272.000000 E10.18104189380741263216 F100.000000
; P02 POINT 407 point-0000407 deposition
G1 A0.000000 C0.000000 X262.639404 Y258.445359 Z272.000000 E10.18115070636540238743 F100.000000
; P02 POINT 408 point-0000408 deposition
G1 A0.000000 C0.000000 X262.640274 Y258.443973 Z272.000000 E10.18125951892339215242 F100.000000
; P02 POINT 409 point-0000409 deposition
G1 A0.000000 C0.000000 X262.641133 Y258.442581 Z272.000000 E10.18136833148138190851 F100.000000
; P02 POINT 410 point-0000410 deposition
G1 A0.000000 C0.000000 X262.641979 Y258.441182 Z272.000000 E10.18147714403937161459 F100.000000
; P02 POINT 411 point-0000411 deposition
G1 A0.000000 C0.000000 X263.398858 Y257.178873 Z272.000000 E10.27938373900798369459 F100.000000
; P02 POINT 412 point-0000412 deposition
G1 A0.000000 C0.000000 X263.399693 Y257.177467 Z272.000000 E10.27949255165316946407 F100.000000
; P02 POINT 413 point-0000413 deposition
G1 A0.000000 C0.000000 X263.400517 Y257.176054 Z272.000000 E10.27960136429835528972 F100.000000
; P02 POINT 414 point-0000414 deposition
G1 A0.000000 C0.000000 X263.401329 Y257.174634 Z272.000000 E10.27971017694354100900 F100.000000
; P02 POINT 415 point-0000415 deposition
G1 A0.000000 C0.000000 X263.402130 Y257.173208 Z272.000000 E10.27981898958872683328 F100.000000
; P02 POINT 416 point-0000416 deposition
G1 A0.000000 C0.000000 X263.402919 Y257.171775 Z272.000000 E10.27992780223391262723 F100.000000
; P02 POINT 417 point-0000417 deposition
G1 A0.000000 C0.000000 X263.403696 Y257.170335 Z272.000000 E10.28003661487909842201 F100.000000
; P02 POINT 418 point-0000418 deposition
G1 A0.000000 C0.000000 X263.404462 Y257.168890 Z272.000000 E10.28014542752428414886 F100.000000
; P02 POINT 419 point-0000419 deposition
G1 A0.000000 C0.000000 X263.405215 Y257.167438 Z272.000000 E10.28025424016946996485 F100.000000
; P02 POINT 420 point-0000420 deposition
G1 A0.000000 C0.000000 X263.405957 Y257.165980 Z272.000000 E10.28036305281465573847 F100.000000
; P02 POINT 421 point-0000421 deposition
G1 A0.000000 C0.000000 X263.406687 Y257.164516 Z272.000000 E10.28047186545984151190 F100.000000
; P02 POINT 422 point-0000422 deposition
G1 A0.000000 C0.000000 X263.407405 Y257.163046 Z272.000000 E10.28058067810502734050 F100.000000
; P02 POINT 423 point-0000423 deposition
G1 A0.000000 C0.000000 X263.408110 Y257.161570 Z272.000000 E10.28068949075021312032 F100.000000
; P02 POINT 424 point-0000424 deposition
G1 A0.000000 C0.000000 X264.037647 Y255.831184 Z272.000000 E10.37859514155906717032 F100.000000
; P02 POINT 425 point-0000425 deposition
G1 A0.000000 C0.000000 X264.038340 Y255.829702 Z272.000000 E10.37870395313206852423 F100.000000
; P02 POINT 426 point-0000426 deposition
G1 A0.000000 C0.000000 X264.039022 Y255.828215 Z272.000000 E10.37881276470506996295 F100.000000
; P02 POINT 427 point-0000427 deposition
G1 A0.000000 C0.000000 X264.039691 Y255.826723 Z272.000000 E10.37892157627807130972 F100.000000
; P02 POINT 428 point-0000428 deposition
G1 A0.000000 C0.000000 X264.040348 Y255.825225 Z272.000000 E10.37903038785107268424 F100.000000
; P02 POINT 429 point-0000429 deposition
G1 A0.000000 C0.000000 X264.040993 Y255.823721 Z272.000000 E10.37913919942407407294 F100.000000
; P02 POINT 430 point-0000430 deposition
G1 A0.000000 C0.000000 X264.041626 Y255.822213 Z272.000000 E10.37924801099707541292 F100.000000
; P02 POINT 431 point-0000431 deposition
G1 A0.000000 C0.000000 X264.042246 Y255.820699 Z272.000000 E10.37935682257007683257 F100.000000
; P02 POINT 432 point-0000432 deposition
G1 A0.000000 C0.000000 X264.042853 Y255.819181 Z272.000000 E10.37946563414307819620 F100.000000
; P02 POINT 433 point-0000433 deposition
G1 A0.000000 C0.000000 X264.043449 Y255.817657 Z272.000000 E10.37957444571607954815 F100.000000
; P02 POINT 434 point-0000434 deposition
G1 A0.000000 C0.000000 X264.044031 Y255.816128 Z272.000000 E10.37968325728908094826 F100.000000
; P02 POINT 435 point-0000435 deposition
G1 A0.000000 C0.000000 X264.044602 Y255.814595 Z272.000000 E10.37979206886208234898 F100.000000
; P02 POINT 436 point-0000436 deposition
G1 A0.000000 C0.000000 X264.045159 Y255.813058 Z272.000000 E10.37990088043508370343 F100.000000
; P02 POINT 437 point-0000437 deposition
G1 A0.000000 C0.000000 X264.541299 Y254.427399 Z272.000000 E10.47780564595241802343 F100.000000
; P02 POINT 438 point-0000438 deposition
G1 A0.000000 C0.000000 X264.541844 Y254.425856 Z272.000000 E10.47791445852541397692 F100.000000
; P02 POINT 439 point-0000439 deposition
G1 A0.000000 C0.000000 X264.542376 Y254.424310 Z272.000000 E10.47802327109840995583 F100.000000
; P02 POINT 440 point-0000440 deposition
G1 A0.000000 C0.000000 X264.542896 Y254.422759 Z272.000000 E10.47813208367140592969 F100.000000
; P02 POINT 441 point-0000441 deposition
G1 A0.000000 C0.000000 X264.543403 Y254.421203 Z272.000000 E10.47824089624440186343 F100.000000
; P02 POINT 442 point-0000442 deposition
G1 A0.000000 C0.000000 X264.543898 Y254.419644 Z272.000000 E10.47834970881739781430 F100.000000
; P02 POINT 443 point-0000443 deposition
G1 A0.000000 C0.000000 X264.544379 Y254.418081 Z272.000000 E10.47845852139039379431 F100.000000
; P02 POINT 444 point-0000444 deposition
G1 A0.000000 C0.000000 X264.544848 Y254.416514 Z272.000000 E10.47856733396338973743 F100.000000
; P02 POINT 445 point-0000445 deposition
G1 A0.000000 C0.000000 X264.545304 Y254.414943 Z272.000000 E10.47867614653638567559 F100.000000
; P02 POINT 446 point-0000446 deposition
G1 A0.000000 C0.000000 X264.545747 Y254.413368 Z272.000000 E10.47878495910938164160 F100.000000
; P02 POINT 447 point-0000447 deposition
G1 A0.000000 C0.000000 X264.546177 Y254.411790 Z272.000000 E10.47889377168237760265 F100.000000
; P02 POINT 448 point-0000448 deposition
G1 A0.000000 C0.000000 X264.546595 Y254.410208 Z272.000000 E10.47900258425537354992 F100.000000
; P02 POINT 449 point-0000449 deposition
G1 A0.000000 C0.000000 X264.546999 Y254.408623 Z272.000000 E10.47911139682836953238 F100.000000
; P02 POINT 450 point-0000450 deposition
G1 A0.000000 C0.000000 X264.904977 Y252.980992 Z272.000000 E10.57701784426252858238 F100.000000
; P02 POINT 451 point-0000451 deposition
G1 A0.000000 C0.000000 X264.905368 Y252.979403 Z272.000000 E10.57712665814914118418 F100.000000
; P02 POINT 452 point-0000452 deposition
G1 A0.000000 C0.000000 X264.905747 Y252.977812 Z272.000000 E10.57723547203575374041 F100.000000
; P02 POINT 453 point-0000453 deposition
G1 A0.000000 C0.000000 X264.906112 Y252.976217 Z272.000000 E10.57734428592236625545 F100.000000
; P02 POINT 454 point-0000454 deposition
G1 A0.000000 C0.000000 X264.906464 Y252.974620 Z272.000000 E10.57745309980897883270 F100.000000
; P02 POINT 455 point-0000455 deposition
G1 A0.000000 C0.000000 X264.906803 Y252.973020 Z272.000000 E10.57756191369559137871 F100.000000
; P02 POINT 456 point-0000456 deposition
G1 A0.000000 C0.000000 X264.907130 Y252.971417 Z272.000000 E10.57767072758220391237 F100.000000
; P02 POINT 457 point-0000457 deposition
G1 A0.000000 C0.000000 X264.907443 Y252.969811 Z272.000000 E10.57777954146881647391 F100.000000
; P02 POINT 458 point-0000458 deposition
G1 A0.000000 C0.000000 X264.907742 Y252.968203 Z272.000000 E10.57788835535542901442 F100.000000
; P02 POINT 459 point-0000459 deposition
G1 A0.000000 C0.000000 X264.908029 Y252.966593 Z272.000000 E10.57799716924204155859 F100.000000
; P02 POINT 460 point-0000460 deposition
G1 A0.000000 C0.000000 X264.908303 Y252.964980 Z272.000000 E10.57810598312865412322 F100.000000
; P02 POINT 461 point-0000461 deposition
G1 A0.000000 C0.000000 X264.908563 Y252.963365 Z272.000000 E10.57821479701526668514 F100.000000
; P02 POINT 462 point-0000462 deposition
G1 A0.000000 C0.000000 X264.908810 Y252.961748 Z272.000000 E10.57832361090187920454 F100.000000
; P02 POINT 463 point-0000463 deposition
G1 A0.000000 C0.000000 X265.125168 Y251.505922 Z272.000000 E10.67622913228222197454 F100.000000
; P02 POINT 464 point-0000464 deposition
G1 A0.000000 C0.000000 X265.125402 Y251.504303 Z272.000000 E10.67633797260160366251 F100.000000
; P02 POINT 465 point-0000465 deposition
G1 A0.000000 C0.000000 X265.125623 Y251.502682 Z272.000000 E10.67644681292098533798 F100.000000
; P02 POINT 466 point-0000466 deposition
G1 A0.000000 C0.000000 X265.125830 Y251.501059 Z272.000000 E10.67655565324036702963 F100.000000
; P02 POINT 467 point-0000467 deposition
G1 A0.000000 C0.000000 X265.126024 Y251.499434 Z272.000000 E10.67666449355974871849 F100.000000
; P02 POINT 468 point-0000468 deposition
G1 A0.000000 C0.000000 X265.126205 Y251.497808 Z272.000000 E10.67677333387913040194 F100.000000
; P02 POINT 469 point-0000469 deposition
G1 A0.000000 C0.000000 X265.126372 Y251.496180 Z272.000000 E10.67688217419851208859 F100.000000
; P02 POINT 470 point-0000470 deposition
G1 A0.000000 C0.000000 X265.126527 Y251.494551 Z272.000000 E10.67699101451789377299 F100.000000
; P02 POINT 471 point-0000471 deposition
G1 A0.000000 C0.000000 X265.126667 Y251.492921 Z272.000000 E10.67709985483727546316 F100.000000
; P02 POINT 472 point-0000472 deposition
G1 A0.000000 C0.000000 X265.126795 Y251.491290 Z272.000000 E10.67720869515665714562 F100.000000
; P02 POINT 473 point-0000473 deposition
G1 A0.000000 C0.000000 X265.126909 Y251.489658 Z272.000000 E10.67731753547603883580 F100.000000
; P02 POINT 474 point-0000474 deposition
G1 A0.000000 C0.000000 X265.127010 Y251.488025 Z272.000000 E10.67742637579542052985 F100.000000
; P02 POINT 475 point-0000475 deposition
G1 A0.000000 C0.000000 X265.127097 Y251.486391 Z272.000000 E10.67753521611480221636 F100.000000
; P02 POINT 476 point-0000476 deposition
G1 A0.000000 C0.000000 X265.199756 Y250.015674 Z272.000000 E10.77548698821883081636 F100.000000
; P02 POINT 477 point-0000477 deposition
G1 A0.000000 C0.000000 X265.199830 Y250.014039 Z272.000000 E10.77559587367481420601 F100.000000
; P02 POINT 478 point-0000478 deposition
G1 A0.000000 C0.000000 X265.199891 Y250.012403 Z272.000000 E10.77570475913079760436 F100.000000
; P02 POINT 479 point-0000479 deposition
G1 A0.000000 C0.000000 X265.199938 Y250.010767 Z272.000000 E10.77581364458678099820 F100.000000
; P02 POINT 480 point-0000480 deposition
G1 A0.000000 C0.000000 X265.199972 Y250.009131 Z272.000000 E10.77592253004276439537 F100.000000
; P02 POINT 481 point-0000481 deposition
G1 A0.000000 C0.000000 X265.199992 Y250.007494 Z272.000000 E10.77603141549874779161 F100.000000
; P02 POINT 482 point-0000482 deposition
G1 A0.000000 C0.000000 X265.199999 Y250.005857 Z272.000000 E10.77614030095473118823 F100.000000
; P02 POINT 483 point-0000483 deposition
G1 A0.000000 C0.000000 X265.199993 Y250.004220 Z272.000000 E10.77624918641071458474 F100.000000
; P02 POINT 484 point-0000484 deposition
G1 A0.000000 C0.000000 X265.199973 Y250.002583 Z272.000000 E10.77635807186669798211 F100.000000
; P02 POINT 485 point-0000485 deposition
G1 A0.000000 C0.000000 X265.199940 Y250.000947 Z272.000000 E10.77646695732268137877 F100.000000
; P02 POINT 486 point-0000486 deposition
G1 A0.000000 C0.000000 X265.199894 Y249.999311 Z272.000000 E10.77657584277866477320 F100.000000
; P02 POINT 487 point-0000487 deposition
G1 A0.000000 C0.000000 X265.199834 Y249.997675 Z272.000000 E10.77668472823464816835 F100.000000
; P02 POINT 488 point-0000488 deposition
G1 A0.000000 C0.000000 X265.199761 Y249.996040 Z272.000000 E10.77679361369063156327 F100.000000
; P02 POINT 489 point-0000489 deposition
G1 A0.000000 C0.000000 X265.127834 Y248.524796 Z272.000000 E10.87477801404168752327 F100.000000
; P02 POINT 490 point-0000490 deposition
G1 A0.000000 C0.000000 X265.127748 Y248.523161 Z272.000000 E10.87488691672017035343 F100.000000
; P02 POINT 491 point-0000491 deposition
G1 A0.000000 C0.000000 X265.127648 Y248.521527 Z272.000000 E10.87499581939865320713 F100.000000
; P02 POINT 492 point-0000492 deposition
G1 A0.000000 C0.000000 X265.127534 Y248.519894 Z272.000000 E10.87510472207713603441 F100.000000
; P02 POINT 493 point-0000493 deposition
G1 A0.000000 C0.000000 X265.127407 Y248.518262 Z272.000000 E10.87521362475561887722 F100.000000
; P02 POINT 494 point-0000494 deposition
G1 A0.000000 C0.000000 X265.127267 Y248.516631 Z272.000000 E10.87532252743410173110 F100.000000
; P02 POINT 495 point-0000495 deposition
G1 A0.000000 C0.000000 X265.127114 Y248.515001 Z272.000000 E10.87543143011258457407 F100.000000
; P02 POINT 496 point-0000496 deposition
G1 A0.000000 C0.000000 X265.126947 Y248.513372 Z272.000000 E10.87554033279106741361 F100.000000
; P02 POINT 497 point-0000497 deposition
G1 A0.000000 C0.000000 X265.126767 Y248.511745 Z272.000000 E10.87564923546955026097 F100.000000
; P02 POINT 498 point-0000498 deposition
G1 A0.000000 C0.000000 X265.126574 Y248.510119 Z272.000000 E10.87575813814803310238 F100.000000
; P02 POINT 499 point-0000499 deposition
G1 A0.000000 C0.000000 X265.126367 Y248.508495 Z272.000000 E10.87586704082651593832 F100.000000
; P02 POINT 500 point-0000500 deposition
G1 A0.000000 C0.000000 X265.126147 Y248.506873 Z272.000000 E10.87597594350499879238 F100.000000
; P02 POINT 501 point-0000501 deposition
G1 A0.000000 C0.000000 X265.125914 Y248.505253 Z272.000000 E10.87608484618348161940 F100.000000
; P02 POINT 502 point-0000502 deposition
G1 A0.000000 C0.000000 X264.910058 Y247.048224 Z272.000000 E10.97406460459672544940 F100.000000
; P02 POINT 503 point-0000503 deposition
G1 A0.000000 C0.000000 X264.909812 Y247.046606 Z272.000000 E10.97417349723653520399 F100.000000
; P02 POINT 504 point-0000504 deposition
G1 A0.000000 C0.000000 X264.909552 Y247.044990 Z272.000000 E10.97428238987634492479 F100.000000
; P02 POINT 505 point-0000505 deposition
G1 A0.000000 C0.000000 X264.909279 Y247.043376 Z272.000000 E10.97439128251615466007 F100.000000
; P02 POINT 506 point-0000506 deposition
G1 A0.000000 C0.000000 X264.908993 Y247.041764 Z272.000000 E10.97450017515596441685 F100.000000
; P02 POINT 507 point-0000507 deposition
G1 A0.000000 C0.000000 X264.908693 Y247.040154 Z272.000000 E10.97460906779577414370 F100.000000
; P02 POINT 508 point-0000508 deposition
G1 A0.000000 C0.000000 X264.908381 Y247.038548 Z272.000000 E10.97471796043558391901 F100.000000
; P02 POINT 509 point-0000509 deposition
G1 A0.000000 C0.000000 X264.908055 Y247.036943 Z272.000000 E10.97482685307539365048 F100.000000
; P02 POINT 510 point-0000510 deposition
G1 A0.000000 C0.000000 X264.907716 Y247.035342 Z272.000000 E10.97493574571520338341 F100.000000
; P02 POINT 511 point-0000511 deposition
G1 A0.000000 C0.000000 X264.907365 Y247.033743 Z272.000000 E10.97504463835501310849 F100.000000
; P02 POINT 512 point-0000512 deposition
G1 A0.000000 C0.000000 X264.907000 Y247.032147 Z272.000000 E10.97515353099482287365 F100.000000
; P02 POINT 513 point-0000513 deposition
G1 A0.000000 C0.000000 X264.906622 Y247.030554 Z272.000000 E10.97526242363463262402 F100.000000
; P02 POINT 514 point-0000514 deposition
G1 A0.000000 C0.000000 X264.906231 Y247.028965 Z272.000000 E10.97537131627444232486 F100.000000
; P02 POINT 515 point-0000515 deposition
G1 A0.000000 C0.000000 X264.548595 Y245.600356 Z272.000000 E11.07333531240574030486 F100.000000
; P02 POINT 516 point-0000516 deposition
G1 A0.000000 C0.000000 X264.548191 Y245.598770 Z272.000000 E11.07344419126483478899 F100.000000
; P02 POINT 517 point-0000517 deposition
G1 A0.000000 C0.000000 X264.547774 Y245.597187 Z272.000000 E11.07355307012392931697 F100.000000
; P02 POINT 518 point-0000518 deposition
G1 A0.000000 C0.000000 X264.547344 Y245.595608 Z272.000000 E11.07366194898302385617 F100.000000
; P02 POINT 519 point-0000519 deposition
G1 A0.000000 C0.000000 X264.546901 Y245.594032 Z272.000000 E11.07377082784211835354 F100.000000
; P02 POINT 520 point-0000520 deposition
G1 A0.000000 C0.000000 X264.546446 Y245.592460 Z272.000000 E11.07387970670121289425 F100.000000
; P02 POINT 521 point-0000521 deposition
G1 A0.000000 C0.000000 X264.545977 Y245.590891 Z272.000000 E11.07398858556030741316 F100.000000
; P02 POINT 522 point-0000522 deposition
G1 A0.000000 C0.000000 X264.545496 Y245.589327 Z272.000000 E11.07409746441940198652 F100.000000
; P02 POINT 523 point-0000523 deposition
G1 A0.000000 C0.000000 X264.545002 Y245.587767 Z272.000000 E11.07420634327849648254 F100.000000
; P02 POINT 524 point-0000524 deposition
G1 A0.000000 C0.000000 X264.544495 Y245.586210 Z272.000000 E11.07431522213759097880 F100.000000
; P02 POINT 525 point-0000525 deposition
G1 A0.000000 C0.000000 X264.543975 Y245.584658 Z272.000000 E11.07442410099668553116 F100.000000
; P02 POINT 526 point-0000526 deposition
G1 A0.000000 C0.000000 X264.543443 Y245.583110 Z272.000000 E11.07453297985578005201 F100.000000
; P02 POINT 527 point-0000527 deposition
G1 A0.000000 C0.000000 X264.542898 Y245.581567 Z272.000000 E11.07464185871487460164 F100.000000
; P02 POINT 528 point-0000528 deposition
G1 A0.000000 C0.000000 X264.046971 Y244.195073 Z272.000000 E11.17259415557672384164 F100.000000
; P02 POINT 529 point-0000529 deposition
G1 A0.000000 C0.000000 X264.046413 Y244.193534 Z272.000000 E11.17270302914792595356 F100.000000
; P02 POINT 530 point-0000530 deposition
G1 A0.000000 C0.000000 X264.045843 Y244.192000 Z272.000000 E11.17281190271912810801 F100.000000
; P02 POINT 531 point-0000531 deposition
G1 A0.000000 C0.000000 X264.045261 Y244.190470 Z272.000000 E11.17292077629033021779 F100.000000
; P02 POINT 532 point-0000532 deposition
G1 A0.000000 C0.000000 X264.044665 Y244.188946 Z272.000000 E11.17302964986153232601 F100.000000
; P02 POINT 533 point-0000533 deposition
G1 A0.000000 C0.000000 X264.044058 Y244.187426 Z272.000000 E11.17313852343273450144 F100.000000
; P02 POINT 534 point-0000534 deposition
G1 A0.000000 C0.000000 X264.043438 Y244.185911 Z272.000000 E11.17324739700393662054 F100.000000
; P02 POINT 535 point-0000535 deposition
G1 A0.000000 C0.000000 X264.042805 Y244.184402 Z272.000000 E11.17335627057513876489 F100.000000
; P02 POINT 536 point-0000536 deposition
G1 A0.000000 C0.000000 X264.042161 Y244.182897 Z272.000000 E11.17346514414634087841 F100.000000
; P02 POINT 537 point-0000537 deposition
G1 A0.000000 C0.000000 X264.041504 Y244.181398 Z272.000000 E11.17357401771754299529 F100.000000
; P02 POINT 538 point-0000538 deposition
G1 A0.000000 C0.000000 X264.040834 Y244.179905 Z272.000000 E11.17368289128874515051 F100.000000
; P02 POINT 539 point-0000539 deposition
G1 A0.000000 C0.000000 X264.040153 Y244.178417 Z272.000000 E11.17379176485994727523 F100.000000
; P02 POINT 540 point-0000540 deposition
G1 A0.000000 C0.000000 X264.039459 Y244.176934 Z272.000000 E11.17390063843114940933 F100.000000
; P02 POINT 541 point-0000541 deposition
G1 A0.000000 C0.000000 X263.409987 Y242.845750 Z272.000000 E11.27185240424633085933 F100.000000
; P02 POINT 542 point-0000542 deposition
G1 A0.000000 C0.000000 X263.409281 Y242.844273 Z272.000000 E11.27196128481485314122 F100.000000
; P02 POINT 543 point-0000543 deposition
G1 A0.000000 C0.000000 X263.408564 Y242.842802 Z272.000000 E11.27207016538337540914 F100.000000
; P02 POINT 544 point-0000544 deposition
G1 A0.000000 C0.000000 X263.407834 Y242.841337 Z272.000000 E11.27217904595189765988 F100.000000
; P02 POINT 545 point-0000545 deposition
G1 A0.000000 C0.000000 X263.407092 Y242.839878 Z272.000000 E11.27228792652041991965 F100.000000
; P02 POINT 546 point-0000546 deposition
G1 A0.000000 C0.000000 X263.406338 Y242.838425 Z272.000000 E11.27239680708894218489 F100.000000
; P02 POINT 547 point-0000547 deposition
G1 A0.000000 C0.000000 X263.405573 Y242.836979 Z272.000000 E11.27250568765746443743 F100.000000
; P02 POINT 548 point-0000548 deposition
G1 A0.000000 C0.000000 X263.404795 Y242.835538 Z272.000000 E11.27261456822598668091 F100.000000
; P02 POINT 549 point-0000549 deposition
G1 A0.000000 C0.000000 X263.404006 Y242.834104 Z272.000000 E11.27272344879450897423 F100.000000
; P02 POINT 550 point-0000550 deposition
G1 A0.000000 C0.000000 X263.403205 Y242.832677 Z272.000000 E11.27283232936303117802 F100.000000
; P02 POINT 551 point-0000551 deposition
G1 A0.000000 C0.000000 X263.402393 Y242.831256 Z272.000000 E11.27294120993155345343 F100.000000
; P02 POINT 552 point-0000552 deposition
G1 A0.000000 C0.000000 X263.401569 Y242.829842 Z272.000000 E11.27305009050007573288 F100.000000
; P02 POINT 553 point-0000553 deposition
G1 A0.000000 C0.000000 X263.400733 Y242.828434 Z272.000000 E11.27315897106859796090 F100.000000
; P02 POINT 554 point-0000554 deposition
G1 A0.000000 C0.000000 X262.643686 Y241.565244 Z272.000000 E11.37112165444185874090 F100.000000
; P02 POINT 555 point-0000555 deposition
G1 A0.000000 C0.000000 X262.642839 Y241.563843 Z272.000000 E11.37123055107646254421 F100.000000
; P02 POINT 556 point-0000556 deposition
G1 A0.000000 C0.000000 X262.641980 Y241.562450 Z272.000000 E11.37133944771106638078 F100.000000
; P02 POINT 557 point-0000557 deposition
G1 A0.000000 C0.000000 X262.641110 Y241.561063 Z272.000000 E11.37144834434567022968 F100.000000
; P02 POINT 558 point-0000558 deposition
G1 A0.000000 C0.000000 X262.640228 Y241.559684 Z272.000000 E11.37155724098027405388 F100.000000
; P02 POINT 559 point-0000559 deposition
G1 A0.000000 C0.000000 X262.639336 Y241.558311 Z272.000000 E11.37166613761487782997 F100.000000
; P02 POINT 560 point-0000560 deposition
G1 A0.000000 C0.000000 X262.638432 Y241.556946 Z272.000000 E11.37177503424948159603 F100.000000
; P02 POINT 561 point-0000561 deposition
G1 A0.000000 C0.000000 X262.637517 Y241.555589 Z272.000000 E11.37188393088408545507 F100.000000
; P02 POINT 562 point-0000562 deposition
G1 A0.000000 C0.000000 X262.636591 Y241.554239 Z272.000000 E11.37199282751868928160 F100.000000
; P02 POINT 563 point-0000563 deposition
G1 A0.000000 C0.000000 X262.635654 Y241.552897 Z272.000000 E11.37210172415329308640 F100.000000
; P02 POINT 564 point-0000564 deposition
G1 A0.000000 C0.000000 X262.634706 Y241.551562 Z272.000000 E11.37221062078789699354 F100.000000
; P02 POINT 565 point-0000565 deposition
G1 A0.000000 C0.000000 X262.633747 Y241.550236 Z272.000000 E11.37231951742250073187 F100.000000
; P02 POINT 566 point-0000566 deposition
G1 A0.000000 C0.000000 X262.632777 Y241.548917 Z272.000000 E11.37242841405710454577 F100.000000
; P02 POINT 567 point-0000567 deposition
G1 A0.000000 C0.000000 X261.755362 Y240.365863 Z272.000000 E11.47040696501557749577 F100.000000
; P02 POINT 568 point-0000568 deposition
G1 A0.000000 C0.000000 X261.754381 Y240.364552 Z272.000000 E11.47051587532051969621 F100.000000
; P02 POINT 569 point-0000569 deposition
G1 A0.000000 C0.000000 X261.753390 Y240.363249 Z272.000000 E11.47062478562546194533 F100.000000
; P02 POINT 570 point-0000570 deposition
G1 A0.000000 C0.000000 X261.752388 Y240.361955 Z272.000000 E11.47073369593040412940 F100.000000
; P02 POINT 571 point-0000571 deposition
G1 A0.000000 C0.000000 X261.751375 Y240.360668 Z272.000000 E11.47084260623534636085 F100.000000
; P02 POINT 572 point-0000572 deposition
G1 A0.000000 C0.000000 X261.750352 Y240.359390 Z272.000000 E11.47095151654028851364 F100.000000
; P02 POINT 573 point-0000573 deposition
G1 A0.000000 C0.000000 X261.749319 Y240.358120 Z272.000000 E11.47106042684523081074 F100.000000
; P02 POINT 574 point-0000574 deposition
G1 A0.000000 C0.000000 X261.748275 Y240.356859 Z272.000000 E11.47116933715017294802 F100.000000
; P02 POINT 575 point-0000575 deposition
G1 A0.000000 C0.000000 X261.747221 Y240.355606 Z272.000000 E11.47127824745511506858 F100.000000
; P02 POINT 576 point-0000576 deposition
G1 A0.000000 C0.000000 X261.746156 Y240.354362 Z272.000000 E11.47138715776005737535 F100.000000
; P02 POINT 577 point-0000577 deposition
G1 A0.000000 C0.000000 X261.745082 Y240.353127 Z272.000000 E11.47149606806499956844 F100.000000
; P02 POINT 578 point-0000578 deposition
G1 A0.000000 C0.000000 X261.743997 Y240.351900 Z272.000000 E11.47160497836994180200 F100.000000
; P02 POINT 579 point-0000579 deposition
G1 A0.000000 C0.000000 X261.742902 Y240.350683 Z272.000000 E11.47171388867488399197 F100.000000
; P02 POINT 580 point-0000580 deposition
G1 A0.000000 C0.000000 X260.753622 Y239.259316 Z272.000000 E11.56969883522577308197 F100.000000
; P02 POINT 581 point-0000581 deposition
G1 A0.000000 C0.000000 X260.752518 Y239.258108 Z272.000000 E11.56980773425808327112 F100.000000
; P02 POINT 582 point-0000582 deposition
G1 A0.000000 C0.000000 X260.751404 Y239.256909 Z272.000000 E11.56991663329039349726 F100.000000
; P02 POINT 583 point-0000583 deposition
G1 A0.000000 C0.000000 X260.750280 Y239.255718 Z272.000000 E11.57002553232270377163 F100.000000
; P02 POINT 584 point-0000584 deposition
G1 A0.000000 C0.000000 X260.749146 Y239.254538 Z272.000000 E11.57013443135501391816 F100.000000
; P02 POINT 585 point-0000585 deposition
G1 A0.000000 C0.000000 X260.748003 Y239.253366 Z272.000000 E11.57024333038732412608 F100.000000
; P02 POINT 586 point-0000586 deposition
G1 A0.000000 C0.000000 X260.746850 Y239.252204 Z272.000000 E11.57035222941963439301 F100.000000
; P02 POINT 587 point-0000587 deposition
G1 A0.000000 C0.000000 X260.745687 Y239.251051 Z272.000000 E11.57046112845194458662 F100.000000
; P02 POINT 588 point-0000588 deposition
G1 A0.000000 C0.000000 X260.744515 Y239.249908 Z272.000000 E11.57057002748425479613 F100.000000
; P02 POINT 589 point-0000589 deposition
G1 A0.000000 C0.000000 X260.743334 Y239.248774 Z272.000000 E11.57067892651656502044 F100.000000
; P02 POINT 590 point-0000590 deposition
G1 A0.000000 C0.000000 X260.742144 Y239.247650 Z272.000000 E11.57078782554887530369 F100.000000
; P02 POINT 591 point-0000591 deposition
G1 A0.000000 C0.000000 X260.740944 Y239.246536 Z272.000000 E11.57089672458118552799 F100.000000
; P02 POINT 592 point-0000592 deposition
G1 A0.000000 C0.000000 X260.739736 Y239.245432 Z272.000000 E11.57100562361349570585 F100.000000
; P02 POINT 593 point-0000593 deposition
G1 A0.000000 C0.000000 X259.648511 Y238.256627 Z272.000000 E11.66896241705869409585 F100.000000
; P02 POINT 594 point-0000594 deposition
G1 A0.000000 C0.000000 X259.647293 Y238.255533 Z272.000000 E11.66907127584938125718 F100.000000
; P02 POINT 595 point-0000595 deposition
G1 A0.000000 C0.000000 X259.646067 Y238.254449 Z272.000000 E11.66918013464006834295 F100.000000
; P02 POINT 596 point-0000596 deposition
G1 A0.000000 C0.000000 X259.644832 Y238.253375 Z272.000000 E11.66928899343075545278 F100.000000
; P02 POINT 597 point-0000597 deposition
G1 A0.000000 C0.000000 X259.643589 Y238.252311 Z272.000000 E11.66939785222144262068 F100.000000
; P02 POINT 598 point-0000598 deposition
G1 A0.000000 C0.000000 X259.642337 Y238.251258 Z272.000000 E11.66950671101212974890 F100.000000
; P02 POINT 599 point-0000599 deposition
G1 A0.000000 C0.000000 X259.641076 Y238.250215 Z272.000000 E11.66961556980281683927 F100.000000
; P02 POINT 600 point-0000600 deposition
G1 A0.000000 C0.000000 X259.639806 Y238.249182 Z272.000000 E11.66972442859350393082 F100.000000
; P02 POINT 601 point-0000601 deposition
G1 A0.000000 C0.000000 X259.638528 Y238.248159 Z272.000000 E11.66983328738419105297 F100.000000
; P02 POINT 602 point-0000602 deposition
G1 A0.000000 C0.000000 X259.637242 Y238.247148 Z272.000000 E11.66994214617487816133 F100.000000
; P02 POINT 603 point-0000603 deposition
G1 A0.000000 C0.000000 X259.635948 Y238.246146 Z272.000000 E11.67005100496556526949 F100.000000
; P02 POINT 604 point-0000604 deposition
G1 A0.000000 C0.000000 X259.634646 Y238.245155 Z272.000000 E11.67015986375625241999 F100.000000
; P02 POINT 605 point-0000605 deposition
G1 A0.000000 C0.000000 X259.633335 Y238.244175 Z272.000000 E11.67026872254693954532 F100.000000
; P02 POINT 606 point-0000606 deposition
G1 A0.000000 C0.000000 X258.450986 Y237.367517 Z272.000000 E11.76817966383881017532 F100.000000
; P02 POINT 607 point-0000607 deposition
G1 A0.000000 C0.000000 X258.449668 Y237.366548 Z272.000000 E11.76828850142367264755 F100.000000
; P02 POINT 608 point-0000608 deposition
G1 A0.000000 C0.000000 X258.448342 Y237.365590 Z272.000000 E11.76839733900853512211 F100.000000
; P02 POINT 609 point-0000609 deposition
G1 A0.000000 C0.000000 X258.447008 Y237.364642 Z272.000000 E11.76850617659339751170 F100.000000
; P02 POINT 610 point-0000610 deposition
G1 A0.000000 C0.000000 X258.445666 Y237.363706 Z272.000000 E11.76861501417826005569 F100.000000
; P02 POINT 611 point-0000611 deposition
G1 A0.000000 C0.000000 X258.444317 Y237.362780 Z272.000000 E11.76872385176312248817 F100.000000
; P02 POINT 612 point-0000612 deposition
G1 A0.000000 C0.000000 X258.442960 Y237.361866 Z272.000000 E11.76883268934798495240 F100.000000
; P02 POINT 613 point-0000613 deposition
G1 A0.000000 C0.000000 X258.441596 Y237.360963 Z272.000000 E11.76894152693284753211 F100.000000
; P02 POINT 614 point-0000614 deposition
G1 A0.000000 C0.000000 X258.440224 Y237.360071 Z272.000000 E11.76905036451770990671 F100.000000
; P02 POINT 615 point-0000615 deposition
G1 A0.000000 C0.000000 X258.438845 Y237.359190 Z272.000000 E11.76915920210257238161 F100.000000
; P02 POINT 616 point-0000616 deposition
G1 A0.000000 C0.000000 X258.437459 Y237.358320 Z272.000000 E11.76926803968743488413 F100.000000
; P02 POINT 617 point-0000617 deposition
G1 A0.000000 C0.000000 X258.436066 Y237.357462 Z272.000000 E11.76937687727229737093 F100.000000
; P02 POINT 618 point-0000618 deposition
G1 A0.000000 C0.000000 X258.434666 Y237.356616 Z272.000000 E11.76948571485715988241 F100.000000
; P02 POINT 619 point-0000619 deposition
G1 A0.000000 C0.000000 X257.172005 Y236.600014 Z272.000000 E11.86740299775417925241 F100.000000
; P02 POINT 620 point-0000620 deposition
G1 A0.000000 C0.000000 X257.170598 Y236.599179 Z272.000000 E11.86751183751869822936 F100.000000
; P02 POINT 621 point-0000621 deposition
G1 A0.000000 C0.000000 X257.169184 Y236.598355 Z272.000000 E11.86762067728321717480 F100.000000
; P02 POINT 622 point-0000622 deposition
G1 A0.000000 C0.000000 X257.167764 Y236.597543 Z272.000000 E11.86772951704773608734 F100.000000
; P02 POINT 623 point-0000623 deposition
G1 A0.000000 C0.000000 X257.166337 Y236.596742 Z272.000000 E11.86783835681225505376 F100.000000
; P02 POINT 624 point-0000624 deposition
G1 A0.000000 C0.000000 X257.164903 Y236.595953 Z272.000000 E11.86794719657677398363 F100.000000
; P02 POINT 625 point-0000625 deposition
G1 A0.000000 C0.000000 X257.163463 Y236.595176 Z272.000000 E11.86805603634129292069 F100.000000
; P02 POINT 626 point-0000626 deposition
G1 A0.000000 C0.000000 X257.162017 Y236.594411 Z272.000000 E11.86816487610581185829 F100.000000
; P02 POINT 627 point-0000627 deposition
G1 A0.000000 C0.000000 X257.160565 Y236.593658 Z272.000000 E11.86827371587033076611 F100.000000
; P02 POINT 628 point-0000628 deposition
G1 A0.000000 C0.000000 X257.159106 Y236.592916 Z272.000000 E11.86838255563484979116 F100.000000
; P02 POINT 629 point-0000629 deposition
G1 A0.000000 C0.000000 X257.157642 Y236.592187 Z272.000000 E11.86849139539936868344 F100.000000
; P02 POINT 630 point-0000630 deposition
G1 A0.000000 C0.000000 X257.156171 Y236.591469 Z272.000000 E11.86860023516388761734 F100.000000
; P02 POINT 631 point-0000631 deposition
G1 A0.000000 C0.000000 X257.154695 Y236.590764 Z272.000000 E11.86870907492840656547 F100.000000
; P02 POINT 632 point-0000632 deposition
G1 A0.000000 C0.000000 X255.824004 Y235.961587 Z272.000000 E11.96662281994284223547 F100.000000
; P02 POINT 633 point-0000633 deposition
G1 A0.000000 C0.000000 X255.822522 Y235.960893 Z272.000000 E11.96673165665749237575 F100.000000
; P02 POINT 634 point-0000634 deposition
G1 A0.000000 C0.000000 X255.821034 Y235.960212 Z272.000000 E11.96684049337214251034 F100.000000
; P02 POINT 635 point-0000635 deposition
G1 A0.000000 C0.000000 X255.819541 Y235.959543 Z272.000000 E11.96694933008679256647 F100.000000
; P02 POINT 636 point-0000636 deposition
G1 A0.000000 C0.000000 X255.818043 Y235.958886 Z272.000000 E11.96705816680144267275 F100.000000
; P02 POINT 637 point-0000637 deposition
G1 A0.000000 C0.000000 X255.816539 Y235.958242 Z272.000000 E11.96716700351609284790 F100.000000
; P02 POINT 638 point-0000638 deposition
G1 A0.000000 C0.000000 X255.815030 Y235.957610 Z272.000000 E11.96727584023074296061 F100.000000
; P02 POINT 639 point-0000639 deposition
G1 A0.000000 C0.000000 X255.813515 Y235.956990 Z272.000000 E11.96738467694539306305 F100.000000
; P02 POINT 640 point-0000640 deposition
G1 A0.000000 C0.000000 X255.811996 Y235.956383 Z272.000000 E11.96749351366004318826 F100.000000
; P02 POINT 641 point-0000641 deposition
G1 A0.000000 C0.000000 X255.810472 Y235.955788 Z272.000000 E11.96760235037469328833 F100.000000
; P02 POINT 642 point-0000642 deposition
G1 A0.000000 C0.000000 X255.808943 Y235.955205 Z272.000000 E11.96771118708934341151 F100.000000
; P02 POINT 643 point-0000643 deposition
G1 A0.000000 C0.000000 X255.807409 Y235.954635 Z272.000000 E11.96782002380399354149 F100.000000
; P02 POINT 644 point-0000644 deposition
G1 A0.000000 C0.000000 X255.805871 Y235.954078 Z272.000000 E11.96792886051864365049 F100.000000
; P02 POINT 645 point-0000645 deposition
G1 A0.000000 C0.000000 X254.419961 Y235.458367 Z272.000000 E12.06583973669755628049 F100.000000
; P02 POINT 646 point-0000646 deposition
G1 A0.000000 C0.000000 X254.418418 Y235.457822 Z272.000000 E12.06594857348389076735 F100.000000
; P02 POINT 647 point-0000647 deposition
G1 A0.000000 C0.000000 X254.416871 Y235.457290 Z272.000000 E12.06605741027022531131 F100.000000
; P02 POINT 648 point-0000648 deposition
G1 A0.000000 C0.000000 X254.415320 Y235.456771 Z272.000000 E12.06616624705655981458 F100.000000
; P02 POINT 649 point-0000649 deposition
G1 A0.000000 C0.000000 X254.413764 Y235.456264 Z272.000000 E12.06627508384289434397 F100.000000
; P02 POINT 650 point-0000650 deposition
G1 A0.000000 C0.000000 X254.412204 Y235.455770 Z272.000000 E12.06638392062922883541 F100.000000
; P02 POINT 651 point-0000651 deposition
G1 A0.000000 C0.000000 X254.410640 Y235.455289 Z272.000000 E12.06649275741556333077 F100.000000
; P02 POINT 652 point-0000652 deposition
G1 A0.000000 C0.000000 X254.409073 Y235.454821 Z272.000000 E12.06660159420189781867 F100.000000
; P02 POINT 653 point-0000653 deposition
G1 A0.000000 C0.000000 X254.407501 Y235.454365 Z272.000000 E12.06671043098823233055 F100.000000
; P02 POINT 654 point-0000654 deposition
G1 A0.000000 C0.000000 X254.405926 Y235.453923 Z272.000000 E12.06681926777456687853 F100.000000
; P02 POINT 655 point-0000655 deposition
G1 A0.000000 C0.000000 X254.404347 Y235.453493 Z272.000000 E12.06692810456090136247 F100.000000
; P02 POINT 656 point-0000656 deposition
G1 A0.000000 C0.000000 X254.402765 Y235.453076 Z272.000000 E12.06703694134723586877 F100.000000
; P02 POINT 657 point-0000657 deposition
G1 A0.000000 C0.000000 X254.401180 Y235.452672 Z272.000000 E12.06714577813357037588 F100.000000
; P02 POINT 658 point-0000658 deposition
G1 A0.000000 C0.000000 X252.973324 Y235.095174 Z272.000000 E12.16505893515828391588 F100.000000
; P02 POINT 659 point-0000659 deposition
G1 A0.000000 C0.000000 X252.971735 Y235.094784 Z272.000000 E12.16516777571335671356 F100.000000
; P02 POINT 660 point-0000660 deposition
G1 A0.000000 C0.000000 X252.970143 Y235.094406 Z272.000000 E12.16527661626842949917 F100.000000
; P02 POINT 661 point-0000661 deposition
G1 A0.000000 C0.000000 X252.968548 Y235.094041 Z272.000000 E12.16538545682350225395 F100.000000
; P02 POINT 662 point-0000662 deposition
G1 A0.000000 C0.000000 X252.966950 Y235.093689 Z272.000000 E12.16549429737857503532 F100.000000
; P02 POINT 663 point-0000663 deposition
G1 A0.000000 C0.000000 X252.965349 Y235.093350 Z272.000000 E12.16560313793364780979 F100.000000
; P02 POINT 664 point-0000664 deposition
G1 A0.000000 C0.000000 X252.963746 Y235.093025 Z272.000000 E12.16571197848872056749 F100.000000
; P02 POINT 665 point-0000665 deposition
G1 A0.000000 C0.000000 X252.962140 Y235.092712 Z272.000000 E12.16582081904379334369 F100.000000
; P02 POINT 666 point-0000666 deposition
G1 A0.000000 C0.000000 X252.960531 Y235.092413 Z272.000000 E12.16592965959886609324 F100.000000
; P02 POINT 667 point-0000667 deposition
G1 A0.000000 C0.000000 X252.958920 Y235.092127 Z272.000000 E12.16603850015393887066 F100.000000
; P02 POINT 668 point-0000668 deposition
G1 A0.000000 C0.000000 X252.957307 Y235.091854 Z272.000000 E12.16614734070901164390 F100.000000
; P02 POINT 669 point-0000669 deposition
G1 A0.000000 C0.000000 X252.955691 Y235.091594 Z272.000000 E12.16625618126408439640 F100.000000
; P02 POINT 670 point-0000670 deposition
G1 A0.000000 C0.000000 X252.954074 Y235.091347 Z272.000000 E12.16636502181915715798 F100.000000
; P02 POINT 671 point-0000671 deposition
G1 A0.000000 C0.000000 X251.497994 Y234.875513 Z272.000000 E12.26428216720072202798 F100.000000
; P02 POINT 672 point-0000672 deposition
G1 A0.000000 C0.000000 X251.496374 Y234.875280 Z272.000000 E12.26439100667779116048 F100.000000
; P02 POINT 673 point-0000673 deposition
G1 A0.000000 C0.000000 X251.494753 Y234.875060 Z272.000000 E12.26449984615486029719 F100.000000
; P02 POINT 674 point-0000674 deposition
G1 A0.000000 C0.000000 X251.493130 Y234.874853 Z272.000000 E12.26460868563192942764 F100.000000
; P02 POINT 675 point-0000675 deposition
G1 A0.000000 C0.000000 X251.491505 Y234.874660 Z272.000000 E12.26471752510899857846 F100.000000
; P02 POINT 676 point-0000676 deposition
G1 A0.000000 C0.000000 X251.489879 Y234.874480 Z272.000000 E12.26482636458606772054 F100.000000
; P02 POINT 677 point-0000677 deposition
G1 A0.000000 C0.000000 X251.488251 Y234.874313 Z272.000000 E12.26493520406313685459 F100.000000
; P02 POINT 678 point-0000678 deposition
G1 A0.000000 C0.000000 X251.486622 Y234.874159 Z272.000000 E12.26504404354020599432 F100.000000
; P02 POINT 679 point-0000679 deposition
G1 A0.000000 C0.000000 X251.484992 Y234.874019 Z272.000000 E12.26515288301727513815 F100.000000
; P02 POINT 680 point-0000680 deposition
G1 A0.000000 C0.000000 X251.483361 Y234.873892 Z272.000000 E12.26526172249434428365 F100.000000
; P02 POINT 681 point-0000681 deposition
G1 A0.000000 C0.000000 X251.481729 Y234.873779 Z272.000000 E12.26537056197141342340 F100.000000
; P02 POINT 682 point-0000682 deposition
G1 A0.000000 C0.000000 X251.480096 Y234.873678 Z272.000000 E12.26547940144848257091 F100.000000
; P02 POINT 683 point-0000683 deposition
G1 A0.000000 C0.000000 X251.478462 Y234.873592 Z272.000000 E12.26558824092555169311 F100.000000
; P02 POINT 684 point-0000684 deposition
G1 A0.000000 C0.000000 X250.008332 Y234.801517 Z272.000000 E12.36349915319578224311 F100.000000
; P02 POINT 685 point-0000685 deposition
G1 A0.000000 C0.000000 X250.006697 Y234.801444 Z272.000000 E12.36360798522786466336 F100.000000
; P02 POINT 686 point-0000686 deposition
G1 A0.000000 C0.000000 X250.005062 Y234.801384 Z272.000000 E12.36371681725994708090 F100.000000
; P02 POINT 687 point-0000687 deposition
G1 A0.000000 C0.000000 X250.003427 Y234.801337 Z272.000000 E12.36382564929202949846 F100.000000
; P02 POINT 688 point-0000688 deposition
G1 A0.000000 C0.000000 X250.001791 Y234.801304 Z272.000000 E12.36393448132411191834 F100.000000
; P02 POINT 689 point-0000689 deposition
G1 A0.000000 C0.000000 X250.000155 Y234.801284 Z272.000000 E12.36404331335619433372 F100.000000
; P02 POINT 690 point-0000690 deposition
G1 A0.000000 C0.000000 X249.998519 Y234.801277 Z272.000000 E12.36415214538827675226 F100.000000
; P02 POINT 691 point-0000691 deposition
G1 A0.000000 C0.000000 X249.996883 Y234.801284 Z272.000000 E12.36426097742035917118 F100.000000
; P02 POINT 692 point-0000692 deposition
G1 A0.000000 C0.000000 X249.995247 Y234.801304 Z272.000000 E12.36436980945244158678 F100.000000
; P02 POINT 693 point-0000693 deposition
G1 A0.000000 C0.000000 X249.993611 Y234.801338 Z272.000000 E12.36447864148452400471 F100.000000
; P02 POINT 694 point-0000694 deposition
G1 A0.000000 C0.000000 X249.991976 Y234.801385 Z272.000000 E12.36458747351660642507 F100.000000
; P02 POINT 695 point-0000695 deposition
G1 A0.000000 C0.000000 X249.990341 Y234.801445 Z272.000000 E12.36469630554868884056 F100.000000
; P02 POINT 696 point-0000696 deposition
G1 A0.000000 C0.000000 X249.988707 Y234.801519 Z272.000000 E12.36480513758077125776 F100.000000
; P02 POINT 697 point-0000697 deposition
G1 A0.000000 C0.000000 X248.518699 Y234.873869 Z272.000000 E12.46270880168631056776 F100.000000
; P02 POINT 698 point-0000698 deposition
G1 A0.000000 C0.000000 X248.517065 Y234.873956 Z272.000000 E12.46281762949209539895 F100.000000
; P02 POINT 699 point-0000699 deposition
G1 A0.000000 C0.000000 X248.515432 Y234.874057 Z272.000000 E12.46292645729788021184 F100.000000
; P02 POINT 700 point-0000700 deposition
G1 A0.000000 C0.000000 X248.513800 Y234.874171 Z272.000000 E12.46303528510366503511 F100.000000
; P02 POINT 701 point-0000701 deposition
G1 A0.000000 C0.000000 X248.512169 Y234.874298 Z272.000000 E12.46314411290944987238 F100.000000
; P02 POINT 702 point-0000702 deposition
G1 A0.000000 C0.000000 X248.510539 Y234.874438 Z272.000000 E12.46325294071523469487 F100.000000
; P02 POINT 703 point-0000703 deposition
G1 A0.000000 C0.000000 X248.508911 Y234.874592 Z272.000000 E12.46336176852101951952 F100.000000
; P02 POINT 704 point-0000704 deposition
G1 A0.000000 C0.000000 X248.507283 Y234.874759 Z272.000000 E12.46347059632680433732 F100.000000
; P02 POINT 705 point-0000705 deposition
G1 A0.000000 C0.000000 X248.505657 Y234.874940 Z272.000000 E12.46357942413258916646 F100.000000
; P02 POINT 706 point-0000706 deposition
G1 A0.000000 C0.000000 X248.504033 Y234.875134 Z272.000000 E12.46368825193837399072 F100.000000
; P02 POINT 707 point-0000707 deposition
G1 A0.000000 C0.000000 X248.502410 Y234.875341 Z272.000000 E12.46379707974415881445 F100.000000
; P02 POINT 708 point-0000708 deposition
G1 A0.000000 C0.000000 X248.500789 Y234.875561 Z272.000000 E12.46390590754994363622 F100.000000
; P02 POINT 709 point-0000709 deposition
G1 A0.000000 C0.000000 X248.499169 Y234.875794 Z272.000000 E12.46401473535572845266 F100.000000
; P02 POINT 710 point-0000710 deposition
G1 A0.000000 C0.000000 X247.043333 Y235.091861 Z272.000000 E12.56191813981432661266 F100.000000
; P02 POINT 711 point-0000711 deposition
G1 A0.000000 C0.000000 X247.041715 Y235.092108 Z272.000000 E12.56202696719547779533 F100.000000
; P02 POINT 712 point-0000712 deposition
G1 A0.000000 C0.000000 X247.040100 Y235.092368 Z272.000000 E12.56213579457662894740 F100.000000
; P02 POINT 713 point-0000713 deposition
G1 A0.000000 C0.000000 X247.038487 Y235.092642 Z272.000000 E12.56224462195778012150 F100.000000
; P02 POINT 714 point-0000714 deposition
G1 A0.000000 C0.000000 X247.036876 Y235.092928 Z272.000000 E12.56235344933893128201 F100.000000
; P02 POINT 715 point-0000715 deposition
G1 A0.000000 C0.000000 X247.035268 Y235.093227 Z272.000000 E12.56246227672008244404 F100.000000
; P02 POINT 716 point-0000716 deposition
G1 A0.000000 C0.000000 X247.033662 Y235.093540 Z272.000000 E12.56257110410123360219 F100.000000
; P02 POINT 717 point-0000717 deposition
G1 A0.000000 C0.000000 X247.032059 Y235.093866 Z272.000000 E12.56267993148238477479 F100.000000
; P02 POINT 718 point-0000718 deposition
G1 A0.000000 C0.000000 X247.030459 Y235.094205 Z272.000000 E12.56278875886353592667 F100.000000
; P02 POINT 719 point-0000719 deposition
G1 A0.000000 C0.000000 X247.028861 Y235.094557 Z272.000000 E12.56289758624468708908 F100.000000
; P02 POINT 720 point-0000720 deposition
G1 A0.000000 C0.000000 X247.027266 Y235.094922 Z272.000000 E12.56300641362583825778 F100.000000
; P02 POINT 721 point-0000721 deposition
G1 A0.000000 C0.000000 X247.025674 Y235.095300 Z272.000000 E12.56311524100698942355 F100.000000
; P02 POINT 722 point-0000722 deposition
G1 A0.000000 C0.000000 X247.024086 Y235.095691 Z272.000000 E12.56322406838814060685 F100.000000
; P02 POINT 723 point-0000723 deposition
G1 A0.000000 C0.000000 X245.596435 Y235.453394 Z272.000000 E12.66112729309685929685 F100.000000
; P02 POINT 724 point-0000724 deposition
G1 A0.000000 C0.000000 X245.594850 Y235.453798 Z272.000000 E12.66123612050073807220 F100.000000
; P02 POINT 725 point-0000725 deposition
G1 A0.000000 C0.000000 X245.593268 Y235.454215 Z272.000000 E12.66134494790461691070 F100.000000
; P02 POINT 726 point-0000726 deposition
G1 A0.000000 C0.000000 X245.591690 Y235.454645 Z272.000000 E12.66145377530849571537 F100.000000
; P02 POINT 727 point-0000727 deposition
G1 A0.000000 C0.000000 X245.590115 Y235.455088 Z272.000000 E12.66156260271237459029 F100.000000
; P02 POINT 728 point-0000728 deposition
G1 A0.000000 C0.000000 X245.588543 Y235.455544 Z272.000000 E12.66167143011625336627 F100.000000
; P02 POINT 729 point-0000729 deposition
G1 A0.000000 C0.000000 X245.586976 Y235.456012 Z272.000000 E12.66178025752013222780 F100.000000
; P02 POINT 730 point-0000730 deposition
G1 A0.000000 C0.000000 X245.585412 Y235.456494 Z272.000000 E12.66188908492401103364 F100.000000
; P02 POINT 731 point-0000731 deposition
G1 A0.000000 C0.000000 X245.583853 Y235.456988 Z272.000000 E12.66199791232788989557 F100.000000
; P02 POINT 732 point-0000732 deposition
G1 A0.000000 C0.000000 X245.582297 Y235.457495 Z272.000000 E12.66210673973176868465 F100.000000
; P02 POINT 733 point-0000733 deposition
G1 A0.000000 C0.000000 X245.580746 Y235.458014 Z272.000000 E12.66221556713564752588 F100.000000
; P02 POINT 734 point-0000734 deposition
G1 A0.000000 C0.000000 X245.579199 Y235.458547 Z272.000000 E12.66232439453952633535 F100.000000
; P02 POINT 735 point-0000735 deposition
G1 A0.000000 C0.000000 X245.577656 Y235.459091 Z272.000000 E12.66243322194340520378 F100.000000
; P02 POINT 736 point-0000736 deposition
G1 A0.000000 C0.000000 X244.191924 Y235.954990 Z272.000000 E12.76033715215905231378 F100.000000
; P02 POINT 737 point-0000737 deposition
G1 A0.000000 C0.000000 X244.190386 Y235.955547 Z272.000000 E12.76044598658576303859 F100.000000
; P02 POINT 738 point-0000738 deposition
G1 A0.000000 C0.000000 X244.188852 Y235.956117 Z272.000000 E12.76055482101247369804 F100.000000
; P02 POINT 739 point-0000739 deposition
G1 A0.000000 C0.000000 X244.187324 Y235.956700 Z272.000000 E12.76066365543918434330 F100.000000
; P02 POINT 740 point-0000740 deposition
G1 A0.000000 C0.000000 X244.185800 Y235.957295 Z272.000000 E12.76077248986589499401 F100.000000
; P02 POINT 741 point-0000741 deposition
G1 A0.000000 C0.000000 X244.184280 Y235.957903 Z272.000000 E12.76088132429260568912 F100.000000
; P02 POINT 742 point-0000742 deposition
G1 A0.000000 C0.000000 X244.182766 Y235.958523 Z272.000000 E12.76099015871931635758 F100.000000
; P02 POINT 743 point-0000743 deposition
G1 A0.000000 C0.000000 X244.181257 Y235.959155 Z272.000000 E12.76109899314602705647 F100.000000
; P02 POINT 744 point-0000744 deposition
G1 A0.000000 C0.000000 X244.179754 Y235.959800 Z272.000000 E12.76120782757273770864 F100.000000
; P02 POINT 745 point-0000745 deposition
G1 A0.000000 C0.000000 X244.178255 Y235.960457 Z272.000000 E12.76131666199944841544 F100.000000
; P02 POINT 746 point-0000746 deposition
G1 A0.000000 C0.000000 X244.176762 Y235.961126 Z272.000000 E12.76142549642615904426 F100.000000
; P02 POINT 747 point-0000747 deposition
G1 A0.000000 C0.000000 X244.175275 Y235.961807 Z272.000000 E12.76153433085286972417 F100.000000
; P02 POINT 748 point-0000748 deposition
G1 A0.000000 C0.000000 X244.173793 Y235.962501 Z272.000000 E12.76164316527958040619 F100.000000
; P02 POINT 749 point-0000749 deposition
G1 A0.000000 C0.000000 X242.843163 Y236.591907 Z272.000000 E12.85955973915113018619 F100.000000
; P02 POINT 750 point-0000750 deposition
G1 A0.000000 C0.000000 X242.841687 Y236.592613 Z272.000000 E12.85966859430795747843 F100.000000
; P02 POINT 751 point-0000751 deposition
G1 A0.000000 C0.000000 X242.840216 Y236.593331 Z272.000000 E12.85977744946478479347 F100.000000
; P02 POINT 752 point-0000752 deposition
G1 A0.000000 C0.000000 X242.838752 Y236.594060 Z272.000000 E12.85988630462161207867 F100.000000
; P02 POINT 753 point-0000753 deposition
G1 A0.000000 C0.000000 X242.837293 Y236.594802 Z272.000000 E12.85999515977843939177 F100.000000
; P02 POINT 754 point-0000754 deposition
G1 A0.000000 C0.000000 X242.835840 Y236.595556 Z272.000000 E12.86010401493526672729 F100.000000
; P02 POINT 755 point-0000755 deposition
G1 A0.000000 C0.000000 X242.834394 Y236.596322 Z272.000000 E12.86021287009209401017 F100.000000
; P02 POINT 756 point-0000756 deposition
G1 A0.000000 C0.000000 X242.832954 Y236.597099 Z272.000000 E12.86032172524892135605 F100.000000
; P02 POINT 757 point-0000757 deposition
G1 A0.000000 C0.000000 X242.831520 Y236.597888 Z272.000000 E12.86043058040574863741 F100.000000
; P02 POINT 758 point-0000758 deposition
G1 A0.000000 C0.000000 X242.830093 Y236.598689 Z272.000000 E12.86053943556257594728 F100.000000
; P02 POINT 759 point-0000759 deposition
G1 A0.000000 C0.000000 X242.828673 Y236.599501 Z272.000000 E12.86064829071940325005 F100.000000
; P02 POINT 760 point-0000760 deposition
G1 A0.000000 C0.000000 X242.827259 Y236.600325 Z272.000000 E12.86075714587623057302 F100.000000
; P02 POINT 761 point-0000761 deposition
G1 A0.000000 C0.000000 X242.825852 Y236.601161 Z272.000000 E12.86086600103305788929 F100.000000
; P02 POINT 762 point-0000762 deposition
G1 A0.000000 C0.000000 X241.563000 Y237.358173 Z272.000000 E12.95880816589139173929 F100.000000
; P02 POINT 763 point-0000763 deposition
G1 A0.000000 C0.000000 X241.561600 Y237.359020 Z272.000000 E12.95891703369274316960 F100.000000
; P02 POINT 764 point-0000764 deposition
G1 A0.000000 C0.000000 X241.560207 Y237.359878 Z272.000000 E12.95902590149409458257 F100.000000
; P02 POINT 765 point-0000765 deposition
G1 A0.000000 C0.000000 X241.558821 Y237.360748 Z272.000000 E12.95913476929544605378 F100.000000
; P02 POINT 766 point-0000766 deposition
G1 A0.000000 C0.000000 X241.557442 Y237.361630 Z272.000000 E12.95924363709679745891 F100.000000
; P02 POINT 767 point-0000767 deposition
G1 A0.000000 C0.000000 X241.556070 Y237.362522 Z272.000000 E12.95935250489814887090 F100.000000
; P02 POINT 768 point-0000768 deposition
G1 A0.000000 C0.000000 X241.554705 Y237.363426 Z272.000000 E12.95946137269950022933 F100.000000
; P02 POINT 769 point-0000769 deposition
G1 A0.000000 C0.000000 X241.553348 Y237.364341 Z272.000000 E12.95957024050085167940 F100.000000
; P02 POINT 770 point-0000770 deposition
G1 A0.000000 C0.000000 X241.551999 Y237.365267 Z272.000000 E12.95967910830220307824 F100.000000
; P02 POINT 771 point-0000771 deposition
G1 A0.000000 C0.000000 X241.550657 Y237.366204 Z272.000000 E12.95978797610355447708 F100.000000
; P02 POINT 772 point-0000772 deposition
G1 A0.000000 C0.000000 X241.549323 Y237.367152 Z272.000000 E12.95989684390490590348 F100.000000
; P02 POINT 773 point-0000773 deposition
G1 A0.000000 C0.000000 X241.547997 Y237.368111 Z272.000000 E12.96000571170625742619 F100.000000
; P02 POINT 774 point-0000774 deposition
G1 A0.000000 C0.000000 X241.546678 Y237.369080 Z272.000000 E12.96011457950760883818 F100.000000
; P02 POINT 775 point-0000775 deposition
G1 A0.000000 C0.000000 X240.364149 Y238.246238 Z272.000000 E13.05805494271757149818 F100.000000
; P02 POINT 776 point-0000776 deposition
G1 A0.000000 C0.000000 X240.362838 Y238.247218 Z272.000000 E13.05816380350917402301 F100.000000
; P02 POINT 777 point-0000777 deposition
G1 A0.000000 C0.000000 X240.361536 Y238.248209 Z272.000000 E13.05827266430077661845 F100.000000
; P02 POINT 778 point-0000778 deposition
G1 A0.000000 C0.000000 X240.360242 Y238.249211 Z272.000000 E13.05838152509237918539 F100.000000
; P02 POINT 779 point-0000779 deposition
G1 A0.000000 C0.000000 X240.358956 Y238.250223 Z272.000000 E13.05849038588398169068 F100.000000
; P02 POINT 780 point-0000780 deposition
G1 A0.000000 C0.000000 X240.357678 Y238.251246 Z272.000000 E13.05859924667558427931 F100.000000
; P02 POINT 781 point-0000781 deposition
G1 A0.000000 C0.000000 X240.356409 Y238.252279 Z272.000000 E13.05870810746718685839 F100.000000
; P02 POINT 782 point-0000782 deposition
G1 A0.000000 C0.000000 X240.355149 Y238.253322 Z272.000000 E13.05881696825878946191 F100.000000
; P02 POINT 783 point-0000783 deposition
G1 A0.000000 C0.000000 X240.353896 Y238.254376 Z272.000000 E13.05892582905039194043 F100.000000
; P02 POINT 784 point-0000784 deposition
G1 A0.000000 C0.000000 X240.352653 Y238.255440 Z272.000000 E13.05903468984199446049 F100.000000
; P02 POINT 785 point-0000785 deposition
G1 A0.000000 C0.000000 X240.351418 Y238.256514 Z272.000000 E13.05914355063359703761 F100.000000
; P02 POINT 786 point-0000786 deposition
G1 A0.000000 C0.000000 X240.350192 Y238.257598 Z272.000000 E13.05925241142519958018 F100.000000
; P02 POINT 787 point-0000787 deposition
G1 A0.000000 C0.000000 X240.348975 Y238.258692 Z272.000000 E13.05936127221680216286 F100.000000
; P02 POINT 788 point-0000788 deposition
G1 A0.000000 C0.000000 X239.258237 Y239.247457 Z272.000000 E13.15729226331277393286 F100.000000
; P02 POINT 789 point-0000789 deposition
G1 A0.000000 C0.000000 X239.257029 Y239.248561 Z272.000000 E13.15740111534646534600 F100.000000
; P02 POINT 790 point-0000790 deposition
G1 A0.000000 C0.000000 X239.255830 Y239.249675 Z272.000000 E13.15750996738015684175 F100.000000
; P02 POINT 791 point-0000791 deposition
G1 A0.000000 C0.000000 X239.254640 Y239.250798 Z272.000000 E13.15761881941384817582 F100.000000
; P02 POINT 792 point-0000792 deposition
G1 A0.000000 C0.000000 X239.253460 Y239.251931 Z272.000000 E13.15772767144753964448 F100.000000
; P02 POINT 793 point-0000793 deposition
G1 A0.000000 C0.000000 X239.252289 Y239.253074 Z272.000000 E13.15783652348123108394 F100.000000
; P02 POINT 794 point-0000794 deposition
G1 A0.000000 C0.000000 X239.251127 Y239.254227 Z272.000000 E13.15794537551492255290 F100.000000
; P02 POINT 795 point-0000795 deposition
G1 A0.000000 C0.000000 X239.249975 Y239.255389 Z272.000000 E13.15805422754861401435 F100.000000
; P02 POINT 796 point-0000796 deposition
G1 A0.000000 C0.000000 X239.248832 Y239.256560 Z272.000000 E13.15816307958230540918 F100.000000
; P02 POINT 797 point-0000797 deposition
G1 A0.000000 C0.000000 X239.247699 Y239.257741 Z272.000000 E13.15827193161599689545 F100.000000
; P02 POINT 798 point-0000798 deposition
G1 A0.000000 C0.000000 X239.246576 Y239.258931 Z272.000000 E13.15838078364968828695 F100.000000
; P02 POINT 799 point-0000799 deposition
G1 A0.000000 C0.000000 X239.245462 Y239.260130 Z272.000000 E13.15848963568337981036 F100.000000
; P02 POINT 800 point-0000800 deposition
G1 A0.000000 C0.000000 X239.244358 Y239.261338 Z272.000000 E13.15859848771707119645 F100.000000
; P02 POINT 801 point-0000801 deposition
G1 A0.000000 C0.000000 X238.255845 Y240.352206 Z272.000000 E13.25652463285745537645 F100.000000
; P02 POINT 802 point-0000802 deposition
G1 A0.000000 C0.000000 X238.254752 Y240.353423 Z272.000000 E13.25663348331627993081 F100.000000
; P02 POINT 803 point-0000803 deposition
G1 A0.000000 C0.000000 X238.253668 Y240.354649 Z272.000000 E13.25674233377510434836 F100.000000
; P02 POINT 804 point-0000804 deposition
G1 A0.000000 C0.000000 X238.252594 Y240.355884 Z272.000000 E13.25685118423392881119 F100.000000
; P02 POINT 805 point-0000805 deposition
G1 A0.000000 C0.000000 X238.251530 Y240.357127 Z272.000000 E13.25696003469275328539 F100.000000
; P02 POINT 806 point-0000806 deposition
G1 A0.000000 C0.000000 X238.250477 Y240.358379 Z272.000000 E13.25706888515157781939 F100.000000
; P02 POINT 807 point-0000807 deposition
G1 A0.000000 C0.000000 X238.249434 Y240.359640 Z272.000000 E13.25717773561040228342 F100.000000
; P02 POINT 808 point-0000808 deposition
G1 A0.000000 C0.000000 X238.248401 Y240.360909 Z272.000000 E13.25728658606922676752 F100.000000
; P02 POINT 809 point-0000809 deposition
G1 A0.000000 C0.000000 X238.247379 Y240.362187 Z272.000000 E13.25739543652805124870 F100.000000
; P02 POINT 810 point-0000810 deposition
G1 A0.000000 C0.000000 X238.246367 Y240.363473 Z272.000000 E13.25750428698687574214 F100.000000
; P02 POINT 811 point-0000811 deposition
G1 A0.000000 C0.000000 X238.245366 Y240.364767 Z272.000000 E13.25761313744570023745 F100.000000
; P02 POINT 812 point-0000812 deposition
G1 A0.000000 C0.000000 X238.244375 Y240.366070 Z272.000000 E13.25772198790452470529 F100.000000
; P02 POINT 813 point-0000813 deposition
G1 A0.000000 C0.000000 X238.243395 Y240.367380 Z272.000000 E13.25783083836334916104 F100.000000
; P02 POINT 814 point-0000814 deposition
G1 A0.000000 C0.000000 X237.366539 Y241.549938 Z272.000000 E13.35576077114178939104 F100.000000
; P02 POINT 815 point-0000815 deposition
G1 A0.000000 C0.000000 X237.365570 Y241.551257 Z272.000000 E13.35586962773531908404 F100.000000
; P02 POINT 816 point-0000816 deposition
G1 A0.000000 C0.000000 X237.364612 Y241.552583 Z272.000000 E13.35597848432884870094 F100.000000
; P02 POINT 817 point-0000817 deposition
G1 A0.000000 C0.000000 X237.363664 Y241.553917 Z272.000000 E13.35608734092237827948 F100.000000
; P02 POINT 818 point-0000818 deposition
G1 A0.000000 C0.000000 X237.362727 Y241.555259 Z272.000000 E13.35619619751590793533 F100.000000
; P02 POINT 819 point-0000819 deposition
G1 A0.000000 C0.000000 X237.361802 Y241.556609 Z272.000000 E13.35630505410943762252 F100.000000
; P02 POINT 820 point-0000820 deposition
G1 A0.000000 C0.000000 X237.360887 Y241.557966 Z272.000000 E13.35641391070296723179 F100.000000
; P02 POINT 821 point-0000821 deposition
G1 A0.000000 C0.000000 X237.359984 Y241.559330 Z272.000000 E13.35652276729649690364 F100.000000
; P02 POINT 822 point-0000822 deposition
G1 A0.000000 C0.000000 X237.359091 Y241.560702 Z272.000000 E13.35663162389002652188 F100.000000
; P02 POINT 823 point-0000823 deposition
G1 A0.000000 C0.000000 X237.358210 Y241.562081 Z272.000000 E13.35674048048355622794 F100.000000
; P02 POINT 824 point-0000824 deposition
G1 A0.000000 C0.000000 X237.357341 Y241.563467 Z272.000000 E13.35684933707708583219 F100.000000
; P02 POINT 825 point-0000825 deposition
G1 A0.000000 C0.000000 X237.356482 Y241.564861 Z272.000000 E13.35695819367061550564 F100.000000
; P02 POINT 826 point-0000826 deposition
G1 A0.000000 C0.000000 X237.355636 Y241.566261 Z272.000000 E13.35706705026414508905 F100.000000
; P02 POINT 827 point-0000827 deposition
G1 A0.000000 C0.000000 X236.598857 Y242.829200 Z272.000000 E13.45500626895290360905 F100.000000
; P02 POINT 828 point-0000828 deposition
G1 A0.000000 C0.000000 X236.598021 Y242.830608 Z272.000000 E13.45511513166930247032 F100.000000
; P02 POINT 829 point-0000829 deposition
G1 A0.000000 C0.000000 X236.597198 Y242.832022 Z272.000000 E13.45522399438570119204 F100.000000
; P02 POINT 830 point-0000830 deposition
G1 A0.000000 C0.000000 X236.596385 Y242.833442 Z272.000000 E13.45533285710210001394 F100.000000
; P02 POINT 831 point-0000831 deposition
G1 A0.000000 C0.000000 X236.595585 Y242.834870 Z272.000000 E13.45544171981849884758 F100.000000
; P02 POINT 832 point-0000832 deposition
G1 A0.000000 C0.000000 X236.594796 Y242.836303 Z272.000000 E13.45555058253489769157 F100.000000
; P02 POINT 833 point-0000833 deposition
G1 A0.000000 C0.000000 X236.594019 Y242.837744 Z272.000000 E13.45565944525129644186 F100.000000
; P02 POINT 834 point-0000834 deposition
G1 A0.000000 C0.000000 X236.593253 Y242.839190 Z272.000000 E13.45576830796769532991 F100.000000
; P02 POINT 835 point-0000835 deposition
G1 A0.000000 C0.000000 X236.592500 Y242.840643 Z272.000000 E13.45587717068409407411 F100.000000
; P02 POINT 836 point-0000836 deposition
G1 A0.000000 C0.000000 X236.591758 Y242.842102 Z272.000000 E13.45598603340049289769 F100.000000
; P02 POINT 837 point-0000837 deposition
G1 A0.000000 C0.000000 X236.591028 Y242.843567 Z272.000000 E13.45609489611689174702 F100.000000
; P02 POINT 838 point-0000838 deposition
G1 A0.000000 C0.000000 X236.590311 Y242.845038 Z272.000000 E13.45620375883329054840 F100.000000
; P02 POINT 839 point-0000839 deposition
G1 A0.000000 C0.000000 X236.589605 Y242.846514 Z272.000000 E13.45631262154968933387 F100.000000
; P02 POINT 840 point-0000840 deposition
G1 A0.000000 C0.000000 X235.960259 Y244.177613 Z272.000000 E13.55425568025763614387 F100.000000
; P02 POINT 841 point-0000841 deposition
G1 A0.000000 C0.000000 X235.959566 Y244.179095 Z272.000000 E13.55436453178196547066 F100.000000
; P02 POINT 842 point-0000842 deposition
G1 A0.000000 C0.000000 X235.958884 Y244.180583 Z272.000000 E13.55447338330629479696 F100.000000
; P02 POINT 843 point-0000843 deposition
G1 A0.000000 C0.000000 X235.958215 Y244.182076 Z272.000000 E13.55458223483062413076 F100.000000
; P02 POINT 844 point-0000844 deposition
G1 A0.000000 C0.000000 X235.957559 Y244.183575 Z272.000000 E13.55469108635495349316 F100.000000
; P02 POINT 845 point-0000845 deposition
G1 A0.000000 C0.000000 X235.956914 Y244.185079 Z272.000000 E13.55479993787928278346 F100.000000
; P02 POINT 846 point-0000846 deposition
G1 A0.000000 C0.000000 X235.956282 Y244.186588 Z272.000000 E13.55490878940361211469 F100.000000
; P02 POINT 847 point-0000847 deposition
G1 A0.000000 C0.000000 X235.955662 Y244.188103 Z272.000000 E13.55501764092794142648 F100.000000
; P02 POINT 848 point-0000848 deposition
G1 A0.000000 C0.000000 X235.955055 Y244.189622 Z272.000000 E13.55512649245227077873 F100.000000
; P02 POINT 849 point-0000849 deposition
G1 A0.000000 C0.000000 X235.954460 Y244.191147 Z272.000000 E13.55523534397660009626 F100.000000
; P02 POINT 850 point-0000850 deposition
G1 A0.000000 C0.000000 X235.953877 Y244.192676 Z272.000000 E13.55534419550092942753 F100.000000
; P02 POINT 851 point-0000851 deposition
G1 A0.000000 C0.000000 X235.953307 Y244.194210 Z272.000000 E13.55545304702525875258 F100.000000
; P02 POINT 852 point-0000852 deposition
G1 A0.000000 C0.000000 X235.952750 Y244.195748 Z272.000000 E13.55556189854958807881 F100.000000
; P02 POINT 853 point-0000853 deposition
G1 A0.000000 C0.000000 X235.457024 Y245.581823 Z272.000000 E13.65348343243511262881 F100.000000
; P02 POINT 854 point-0000854 deposition
G1 A0.000000 C0.000000 X235.456479 Y245.583366 Z272.000000 E13.65359227465681454354 F100.000000
; P02 POINT 855 point-0000855 deposition
G1 A0.000000 C0.000000 X235.455947 Y245.584913 Z272.000000 E13.65370111687851639035 F100.000000
; P02 POINT 856 point-0000856 deposition
G1 A0.000000 C0.000000 X235.455428 Y245.586465 Z272.000000 E13.65380995910021835668 F100.000000
; P02 POINT 857 point-0000857 deposition
G1 A0.000000 C0.000000 X235.454921 Y245.588021 Z272.000000 E13.65391880132192025539 F100.000000
; P02 POINT 858 point-0000858 deposition
G1 A0.000000 C0.000000 X235.454427 Y245.589581 Z272.000000 E13.65402764354362215079 F100.000000
; P02 POINT 859 point-0000859 deposition
G1 A0.000000 C0.000000 X235.453946 Y245.591144 Z272.000000 E13.65413648576532402879 F100.000000
; P02 POINT 860 point-0000860 deposition
G1 A0.000000 C0.000000 X235.453478 Y245.592712 Z272.000000 E13.65424532798702592356 F100.000000
; P02 POINT 861 point-0000861 deposition
G1 A0.000000 C0.000000 X235.453022 Y245.594284 Z272.000000 E13.65435417020872782162 F100.000000
; P02 POINT 862 point-0000862 deposition
G1 A0.000000 C0.000000 X235.452580 Y245.595859 Z272.000000 E13.65446301243042974702 F100.000000
; P02 POINT 863 point-0000863 deposition
G1 A0.000000 C0.000000 X235.452150 Y245.597438 Z272.000000 E13.65457185465213161197 F100.000000
; P02 POINT 864 point-0000864 deposition
G1 A0.000000 C0.000000 X235.451733 Y245.599020 Z272.000000 E13.65468069687383350308 F100.000000
; P02 POINT 865 point-0000865 deposition
G1 A0.000000 C0.000000 X235.451329 Y245.600606 Z272.000000 E13.65478953909553544690 F100.000000
; P02 POINT 866 point-0000866 deposition
G1 A0.000000 C0.000000 X235.093822 Y247.028702 Z272.000000 E13.75271836058295056690 F100.000000
; P02 POINT 867 point-0000867 deposition
G1 A0.000000 C0.000000 X235.093431 Y247.030291 Z272.000000 E13.75282721284169659238 F100.000000
; P02 POINT 868 point-0000868 deposition
G1 A0.000000 C0.000000 X235.093053 Y247.031883 Z272.000000 E13.75293606510044271403 F100.000000
; P02 POINT 869 point-0000869 deposition
G1 A0.000000 C0.000000 X235.092688 Y247.033478 Z272.000000 E13.75304491735918875889 F100.000000
; P02 POINT 870 point-0000870 deposition
G1 A0.000000 C0.000000 X235.092336 Y247.035076 Z272.000000 E13.75315376961793485990 F100.000000
; P02 POINT 871 point-0000871 deposition
G1 A0.000000 C0.000000 X235.091998 Y247.036677 Z272.000000 E13.75326262187668095753 F100.000000
; P02 POINT 872 point-0000872 deposition
G1 A0.000000 C0.000000 X235.091672 Y247.038281 Z272.000000 E13.75337147413542701495 F100.000000
; P02 POINT 873 point-0000873 deposition
G1 A0.000000 C0.000000 X235.091360 Y247.039887 Z272.000000 E13.75348032639417311445 F100.000000
; P02 POINT 874 point-0000874 deposition
G1 A0.000000 C0.000000 X235.091060 Y247.041496 Z272.000000 E13.75358917865291920155 F100.000000
; P02 POINT 875 point-0000875 deposition
G1 A0.000000 C0.000000 X235.090774 Y247.043107 Z272.000000 E13.75369803091166527040 F100.000000
; P02 POINT 876 point-0000876 deposition
G1 A0.000000 C0.000000 X235.090501 Y247.044720 Z272.000000 E13.75380688317041135104 F100.000000
; P02 POINT 877 point-0000877 deposition
G1 A0.000000 C0.000000 X235.090242 Y247.046336 Z272.000000 E13.75391573542915747208 F100.000000
; P02 POINT 878 point-0000878 deposition
G1 A0.000000 C0.000000 X235.089995 Y247.047954 Z272.000000 E13.75402458768790353600 F100.000000
; P02 POINT 879 point-0000879 deposition
G1 A0.000000 C0.000000 X234.874169 Y248.504416 Z272.000000 E13.85196680676741555600 F100.000000
; P02 POINT 880 point-0000880 deposition
G1 A0.000000 C0.000000 X234.873936 Y248.506036 Z272.000000 E13.85207566139701527677 F100.000000
; P02 POINT 881 point-0000881 deposition
G1 A0.000000 C0.000000 X234.873716 Y248.507657 Z272.000000 E13.85218451602661501267 F100.000000
; P02 POINT 882 point-0000882 deposition
G1 A0.000000 C0.000000 X234.873509 Y248.509281 Z272.000000 E13.85229337065621474086 F100.000000
; P02 POINT 883 point-0000883 deposition
G1 A0.000000 C0.000000 X234.873316 Y248.510906 Z272.000000 E13.85240222528581446319 F100.000000
; P02 POINT 884 point-0000884 deposition
G1 A0.000000 C0.000000 X234.873136 Y248.512532 Z272.000000 E13.85251107991541419403 F100.000000
; P02 POINT 885 point-0000885 deposition
G1 A0.000000 C0.000000 X234.872969 Y248.514160 Z272.000000 E13.85261993454501393101 F100.000000
; P02 POINT 886 point-0000886 deposition
G1 A0.000000 C0.000000 X234.872815 Y248.515789 Z272.000000 E13.85272878917461365881 F100.000000
; P02 POINT 887 point-0000887 deposition
G1 A0.000000 C0.000000 X234.872675 Y248.517420 Z272.000000 E13.85283764380421337951 F100.000000
; P02 POINT 888 point-0000888 deposition
G1 A0.000000 C0.000000 X234.872548 Y248.519051 Z272.000000 E13.85294649843381311348 F100.000000
; P02 POINT 889 point-0000889 deposition
G1 A0.000000 C0.000000 X234.872435 Y248.520684 Z272.000000 E13.85305535306341284759 F100.000000
; P02 POINT 890 point-0000890 deposition
G1 A0.000000 C0.000000 X234.872335 Y248.522317 Z272.000000 E13.85316420769301257618 F100.000000
; P02 POINT 891 point-0000891 deposition
G1 A0.000000 C0.000000 X234.872248 Y248.523951 Z272.000000 E13.85327306232261231042 F100.000000
; P02 POINT 892 point-0000892 deposition
G1 A0.000000 C0.000000 X234.800240 Y249.994458 Z272.000000 E13.95120879598416469042 F100.000000
; P02 POINT 893 point-0000893 deposition
G1 A0.000000 C0.000000 X234.800166 Y249.996093 Z272.000000 E13.95131764085368337822 F100.000000
; P02 POINT 894 point-0000894 deposition
G1 A0.000000 C0.000000 X234.800106 Y249.997728 Z272.000000 E13.95142648572320207292 F100.000000
; P02 POINT 895 point-0000895 deposition
G1 A0.000000 C0.000000 X234.800060 Y249.999363 Z272.000000 E13.95153533059272076741 F100.000000
; P02 POINT 896 point-0000896 deposition
G1 A0.000000 C0.000000 X234.800026 Y250.000999 Z272.000000 E13.95164417546223946625 F100.000000
; P02 POINT 897 point-0000897 deposition
G1 A0.000000 C0.000000 X234.800007 Y250.002635 Z272.000000 E13.95175302033175816561 F100.000000
; P02 POINT 898 point-0000898 deposition
G1 A0.000000 C0.000000 X234.800000 Y250.004272 Z272.000000 E13.95186186520127686091 F100.000000
; P02 EVENT event-0000004 retract
G1 E12.95186186520127686091 F100.000000
; P02 POINT 899 point-0000899 travel
G1 A0.000000 C0.000000 X234.606784 Y250.151734 Z272.000000 F100.000000
; P02 EVENT event-0000005 prime
G1 E13.95186186520127686091 F100.000000
; P02 POINT 900 point-0000900 deposition
G1 A0.000000 C0.000000 X234.407803 Y250.151734 Z272.000000 E13.96509813256092873091 F100.000000
; P02 EVENT event-0000006 retract
G1 E12.96509813256092873091 F100.000000
; P02 POINT 901 point-0000901 travel
G1 A0.000000 C0.000000 X234.417713 Y249.651734 Z272.000000 F100.000000
; P02 EVENT event-0000007 prime
G1 E13.96509813256092873091 F100.000000
; P02 POINT 902 point-0000902 deposition
G1 A0.000000 C0.000000 X234.616783 Y249.651734 Z272.000000 E13.97834028791325801491 F100.000000
; P02 EVENT event-0000008 retract
G1 E12.97834028791325801491 F100.000000
; P02 POINT 903 point-0000903 travel
G1 A0.000000 C0.000000 X234.641267 Y249.151734 Z272.000000 F100.000000
; P02 EVENT event-0000009 prime
G1 E13.97834028791325801491 F100.000000
; P02 POINT 904 point-0000904 deposition
G1 A0.000000 C0.000000 X234.442244 Y249.151734 Z272.000000 E13.99157935555812675891 F100.000000
; P02 EVENT event-0000010 retract
G1 E12.99157935555812675891 F100.000000
; P02 POINT 905 point-0000905 travel
G1 A0.000000 C0.000000 X234.466774 Y248.651734 Z272.000000 F100.000000
; P02 EVENT event-0000011 prime
G1 E13.99157935555812675891 F100.000000
; P02 POINT 906 point-0000906 deposition
G1 A0.000000 C0.000000 X234.665751 Y248.651734 Z272.000000 E14.00481533549553519991 F100.000000
; P02 EVENT event-0000012 retract
G1 E13.00481533549553519991 F100.000000
; P02 POINT 907 point-0000907 travel
G1 A0.000000 C0.000000 X234.724247 Y248.151734 Z272.000000 F100.000000
; P02 EVENT event-0000013 prime
G1 E14.00481533549553519991 F100.000000
; P02 POINT 908 point-0000908 deposition
G1 A0.000000 C0.000000 X234.523239 Y248.151734 Z272.000000 E14.01818645166167778591 F100.000000
; P02 EVENT event-0000014 retract
G1 E13.01818645166167778591 F100.000000
; P02 POINT 909 point-0000909 travel
G1 A0.000000 C0.000000 X234.597382 Y247.651734 Z272.000000 F100.000000
; P02 EVENT event-0000015 prime
G1 E14.01818645166167778591 F100.000000
; P02 POINT 910 point-0000910 deposition
G1 A0.000000 C0.000000 X234.798340 Y247.651734 Z272.000000 E14.03155420509384865091 F100.000000
; P02 EVENT event-0000016 retract
G1 E13.03155420509384865091 F100.000000
; P02 POINT 911 point-0000911 travel
G1 A0.000000 C0.000000 X234.872432 Y247.151734 Z272.000000 F100.000000
; P02 EVENT event-0000017 prime
G1 E14.03155420509384865091 F100.000000
; P02 POINT 912 point-0000912 deposition
G1 A0.000000 C0.000000 X234.671525 Y247.151734 Z272.000000 E14.04491859579204767791 F100.000000
; P02 EVENT event-0000018 retract
G1 E13.04491859579204767791 F100.000000
; P02 POINT 913 point-0000913 travel
G1 A0.000000 C0.000000 X234.777041 Y246.651734 Z272.000000 F100.000000
; P02 EVENT event-0000019 prime
G1 E14.04491859579204767791 F100.000000
; P02 POINT 914 point-0000914 deposition
G1 A0.000000 C0.000000 X234.982019 Y246.651734 Z272.000000 E14.05855380728431585491 F100.000000
; P02 EVENT event-0000020 retract
G1 E13.05855380728431585491 F100.000000
; P02 POINT 915 point-0000915 travel
G1 A0.000000 C0.000000 X234.902267 Y246.151734 Z272.000000 F100.000000
; P02 EVENT event-0000021 prime
G1 E14.05855380728431585491 F100.000000
; P02 POINT 916 point-0000916 deposition
G1 A0.000000 C0.000000 X235.107189 Y246.151734 Z272.000000 E14.07218525965806075891 F100.000000
; P02 EVENT event-0000022 retract
G1 E13.07218525965806075891 F100.000000
; P02 POINT 917 point-0000917 travel
G1 A0.000000 C0.000000 X235.027493 Y245.651734 Z272.000000 F100.000000
; P02 EVENT event-0000023 prime
G1 E14.07218525965806075891 F100.000000
; P02 POINT 918 point-0000918 deposition
G1 A0.000000 C0.000000 X235.232358 Y245.651734 Z272.000000 E14.08581295291328249991 F100.000000
; P02 EVENT event-0000024 retract
G1 E13.08581295291328249991 F100.000000
; P02 POINT 919 point-0000919 travel
G1 A0.000000 C0.000000 X235.187257 Y245.151734 Z272.000000 F100.000000
; P02 EVENT event-0000025 prime
G1 E14.08581295291328249991 F100.000000
; P02 POINT 920 point-0000920 deposition
G1 A0.000000 C0.000000 X235.398438 Y245.151734 Z272.000000 E14.09986075517521711591 F100.000000
; P02 EVENT event-0000026 retract
G1 E13.09986075517521711591 F100.000000
; P02 POINT 921 point-0000921 travel
G1 A0.000000 C0.000000 X235.366144 Y244.651734 Z272.000000 F100.000000
; P02 EVENT event-0000027 prime
G1 E14.09986075517521711591 F100.000000
; P02 POINT 922 point-0000922 deposition
G1 A0.000000 C0.000000 X235.577261 Y244.651734 Z272.000000 E14.11390434253128421291 F100.000000
; P02 EVENT event-0000028 retract
G1 E13.11390434253128421291 F100.000000
; P02 POINT 923 point-0000923 travel
G1 A0.000000 C0.000000 X235.545031 Y244.151734 Z272.000000 F100.000000
; P02 EVENT event-0000029 prime
G1 E14.11390434253128421291 F100.000000
; P02 POINT 924 point-0000924 deposition
G1 A0.000000 C0.000000 X235.756085 Y244.151734 Z272.000000 E14.12794371498148390791 F100.000000
; P02 EVENT event-0000030 retract
G1 E13.12794371498148390791 F100.000000
; P02 POINT 925 point-0000925 travel
G1 A0.000000 C0.000000 X235.767723 Y243.651734 Z272.000000 F100.000000
; P02 EVENT event-0000031 prime
G1 E14.12794371498148390791 F100.000000
; P02 POINT 926 point-0000926 deposition
G1 A0.000000 C0.000000 X235.987668 Y243.651734 Z272.000000 E14.14257447416173260291 F100.000000
; P02 EVENT event-0000032 retract
G1 E13.14257447416173260291 F100.000000
; P02 POINT 927 point-0000927 travel
G1 A0.000000 C0.000000 X236.004196 Y243.151734 Z272.000000 F100.000000
; P02 EVENT event-0000033 prime
G1 E14.14257447416173260291 F100.000000
; P02 POINT 928 point-0000928 deposition
G1 A0.000000 C0.000000 X236.224069 Y243.151734 Z272.000000 E14.15720047866379864391 F100.000000
; P02 EVENT event-0000034 retract
G1 E13.15720047866379864391 F100.000000
; P02 POINT 929 point-0000929 travel
G1 A0.000000 C0.000000 X236.240668 Y242.651734 Z272.000000 F100.000000
; P02 EVENT event-0000035 prime
G1 E14.15720047866379864391 F100.000000
; P02 POINT 930 point-0000930 deposition
G1 A0.000000 C0.000000 X236.472040 Y242.651734 Z272.000000 E14.17259138969233766591 F100.000000
; P02 EVENT event-0000036 retract
G1 E13.17259138969233766591 F100.000000
; P02 POINT 931 point-0000931 travel
G1 A0.000000 C0.000000 X236.539863 Y242.151734 Z272.000000 F100.000000
; P02 EVENT event-0000037 prime
G1 E14.17259138969233766591 F100.000000
; P02 POINT 932 point-0000932 deposition
G1 A0.000000 C0.000000 X236.771650 Y242.151734 Z272.000000 E14.18800996438616061391 F100.000000
; P02 EVENT event-0000038 retract
G1 E13.18800996438616061391 F100.000000
; P02 POINT 933 point-0000933 travel
G1 A0.000000 C0.000000 X236.839556 Y241.651734 Z272.000000 F100.000000
; P02 EVENT event-0000039 prime
G1 E14.18800996438616061391 F100.000000
; P02 POINT 934 point-0000934 deposition
G1 A0.000000 C0.000000 X237.071260 Y241.651734 Z272.000000 E14.20342300380785202691 F100.000000
; P02 EVENT event-0000040 retract
G1 E13.20342300380785202691 F100.000000
; P02 POINT 935 point-0000935 travel
G1 A0.000000 C0.000000 X237.165241 Y241.151734 Z272.000000 F100.000000
; P02 EVENT event-0000041 prime
G1 E14.20342300380785202691 F100.000000
; P02 POINT 936 point-0000936 deposition
G1 A0.000000 C0.000000 X237.412821 Y241.151734 Z272.000000 E14.21989210322295621491 F100.000000
; P02 EVENT event-0000042 retract
G1 E13.21989210322295621491 F100.000000
; P02 POINT 937 point-0000937 travel
G1 A0.000000 C0.000000 X237.536086 Y240.651734 Z272.000000 F100.000000
; P02 EVENT event-0000043 prime
G1 E14.21989210322295621491 F100.000000
; P02 POINT 938 point-0000938 deposition
G1 A0.000000 C0.000000 X237.783566 Y240.651734 Z272.000000 E14.23635458016454772091 F100.000000
; P02 EVENT event-0000044 retract
G1 E13.23635458016454772091 F100.000000
; P02 POINT 939 point-0000939 travel
G1 A0.000000 C0.000000 X237.906930 Y240.151734 Z272.000000 F100.000000
; P02 EVENT event-0000045 prime
G1 E14.23635458016454772091 F100.000000
; P02 POINT 940 point-0000940 deposition
G1 A0.000000 C0.000000 X238.167607 Y240.151734 Z272.000000 E14.25369487016886974391 F100.000000
; P02 EVENT event-0000046 retract
G1 E13.25369487016886974391 F100.000000
; P02 POINT 941 point-0000941 travel
G1 A0.000000 C0.000000 X238.352375 Y239.651734 Z272.000000 F100.000000
; P02 EVENT event-0000047 prime
G1 E14.25369487016886974391 F100.000000
; P02 POINT 942 point-0000942 deposition
G1 A0.000000 C0.000000 X238.620693 Y239.651734 Z272.000000 E14.27154343397789601791 F100.000000
; P02 EVENT event-0000048 retract
G1 E13.27154343397789601791 F100.000000
; P02 POINT 943 point-0000943 travel
G1 A0.000000 C0.000000 X238.805583 Y239.151734 Z272.000000 F100.000000
; P02 EVENT event-0000049 prime
G1 E14.27154343397789601791 F100.000000
; P02 POINT 944 point-0000944 deposition
G1 A0.000000 C0.000000 X239.073778 Y239.151734 Z272.000000 E14.28938387070491698291 F100.000000
; P02 EVENT event-0000050 retract
G1 E13.28938387070491698291 F100.000000
; P02 POINT 945 point-0000945 travel
G1 A0.000000 C0.000000 X239.321539 Y238.651734 Z272.000000 F100.000000
; P02 EVENT event-0000051 prime
G1 E14.28938387070491698291 F100.000000
; P02 POINT 946 point-0000946 deposition
G1 A0.000000 C0.000000 X239.617612 Y238.651734 Z272.000000 E14.30907872180495169291 F100.000000
; P02 EVENT event-0000052 retract
G1 E13.30907872180495169291 F100.000000
; P02 POINT 947 point-0000947 travel
G1 A0.000000 C0.000000 X239.873260 Y238.151734 Z272.000000 F100.000000
; P02 EVENT event-0000053 prime
G1 E14.30907872180495169291 F100.000000
; P02 POINT 948 point-0000948 deposition
G1 A0.000000 C0.000000 X240.169179 Y238.151734 Z272.000000 E14.32876329857464653291 F100.000000
; P02 EVENT event-0000054 retract
G1 E13.32876329857464653291 F100.000000
; P02 POINT 949 point-0000949 travel
G1 A0.000000 C0.000000 X240.496136 Y237.651734 Z272.000000 F100.000000
; P02 EVENT event-0000055 prime
G1 E14.32876329857464653291 F100.000000
; P02 POINT 950 point-0000950 deposition
G1 A0.000000 C0.000000 X240.829914 Y237.651734 Z272.000000 E14.35096634505419360591 F100.000000
; P02 EVENT event-0000056 retract
G1 E13.35096634505419360591 F100.000000
; P02 POINT 951 point-0000951 travel
G1 A0.000000 C0.000000 X241.170408 Y237.151734 Z272.000000 F100.000000
; P02 EVENT event-0000057 prime
G1 E14.35096634505419360591 F100.000000
; P02 POINT 952 point-0000952 deposition
G1 A0.000000 C0.000000 X241.518388 Y237.151734 Z272.000000 E14.37411404250121736991 F100.000000
; P02 EVENT event-0000058 retract
G1 E13.37411404250121736991 F100.000000
; P02 POINT 953 point-0000953 travel
G1 A0.000000 C0.000000 X241.965798 Y236.651734 Z272.000000 F100.000000
; P02 EVENT event-0000059 prime
G1 E14.37411404250121736991 F100.000000
; P02 POINT 954 point-0000954 deposition
G1 A0.000000 C0.000000 X242.352491 Y236.651734 Z272.000000 E14.39983699329973812791 F100.000000
; P02 EVENT event-0000060 retract
G1 E13.39983699329973812791 F100.000000
; P02 POINT 955 point-0000955 travel
G1 A0.000000 C0.000000 X242.840832 Y236.151734 Z272.000000 F100.000000
; P02 EVENT event-0000061 prime
G1 E14.39983699329973812791 F100.000000
; P02 POINT 956 point-0000956 deposition
G1 A0.000000 C0.000000 X243.305997 Y236.151734 Z272.000000 E14.43077987055216266791 F100.000000
; P02 EVENT event-0000062 retract
G1 E13.43077987055216266791 F100.000000
; P02 POINT 957 point-0000957 travel
G1 A0.000000 C0.000000 X243.898311 Y235.651734 Z272.000000 F100.000000
; P02 EVENT event-0000063 prime
G1 E14.43077987055216266791 F100.000000
; P02 POINT 958 point-0000958 deposition
G1 A0.000000 C0.000000 X244.445751 Y235.651734 Z272.000000 E14.46719571551693174791 F100.000000
; P02 EVENT event-0000064 retract
G1 E13.46719571551693174791 F100.000000
; P02 POINT 959 point-0000959 travel
G1 A0.000000 C0.000000 X245.253128 Y235.151734 Z272.000000 F100.000000
; P02 EVENT event-0000065 prime
G1 E14.46719571551693174791 F100.000000
; P02 POINT 960 point-0000960 deposition
G1 A0.000000 C0.000000 X245.977501 Y235.151734 Z272.000000 E14.51538121604204061291 F100.000000
; P02 EVENT event-0000066 retract
G1 E13.51538121604204061291 F100.000000
; P02 POINT 961 point-0000961 travel
G1 A0.000000 C0.000000 X247.291729 Y234.651734 Z272.000000 F100.000000
; P02 EVENT event-0000067 prime
G1 E14.51538121604204061291 F100.000000
; P02 POINT 962 point-0000962 deposition
G1 A0.000000 C0.000000 X248.963514 Y234.651734 Z272.000000 E14.62658878649320450291 F100.000000
; P02 EVENT event-0000068 retract
G1 E13.62658878649320450291 F100.000000
; P02 POINT 963 point-0000963 travel
G1 A0.000000 C0.000000 X251.037534 Y234.651734 Z272.000000 F100.000000
; P02 EVENT event-0000069 prime
G1 E14.62658878649320450291 F100.000000
; P02 POINT 964 point-0000964 deposition
G1 A0.000000 C0.000000 X252.707709 Y234.651734 Z272.000000 E14.73768932200843441291 F100.000000
; P02 EVENT event-0000070 retract
G1 E13.73768932200843441291 F100.000000
; P02 POINT 965 point-0000965 travel
G1 A0.000000 C0.000000 X254.022689 Y235.151734 Z272.000000 F100.000000
; P02 EVENT event-0000071 prime
G1 E14.73768932200843441291 F100.000000
; P02 POINT 966 point-0000966 deposition
G1 A0.000000 C0.000000 X254.747182 Y235.151734 Z272.000000 E14.78588279882671805291 F100.000000
; P02 EVENT event-0000072 retract
G1 E13.78588279882671805291 F100.000000
; P02 POINT 967 point-0000967 travel
G1 A0.000000 C0.000000 X255.554430 Y235.651734 Z272.000000 F100.000000
; P02 EVENT event-0000073 prime
G1 E14.78588279882671805291 F100.000000
; P02 POINT 968 point-0000968 deposition
G1 A0.000000 C0.000000 X256.101986 Y235.651734 Z272.000000 E14.82230635913085781291 F100.000000
; P02 EVENT event-0000074 retract
G1 E13.82230635913085781291 F100.000000
; P02 POINT 969 point-0000969 travel
G1 A0.000000 C0.000000 X256.694054 Y236.151734 Z272.000000 F100.000000
; P02 EVENT event-0000075 prime
G1 E14.82230635913085781291 F100.000000
; P02 POINT 970 point-0000970 deposition
G1 A0.000000 C0.000000 X257.158912 Y236.151734 Z272.000000 E14.85322884739444523291 F100.000000
; P02 EVENT event-0000076 retract
G1 E13.85322884739444523291 F100.000000
; P02 POINT 971 point-0000971 travel
G1 A0.000000 C0.000000 X257.647425 Y236.651734 Z272.000000 F100.000000
; P02 EVENT event-0000077 prime
G1 E14.85322884739444523291 F100.000000
; P02 POINT 972 point-0000972 deposition
G1 A0.000000 C0.000000 X258.034212 Y236.651734 Z272.000000 E14.87895796590143662891 F100.000000
; P02 EVENT event-0000078 retract
G1 E13.87895796590143662891 F100.000000
; P02 POINT 973 point-0000973 travel
G1 A0.000000 C0.000000 X258.481855 Y237.151734 Z272.000000 F100.000000
; P02 EVENT event-0000079 prime
G1 E14.87895796590143662891 F100.000000
; P02 POINT 974 point-0000974 deposition
G1 A0.000000 C0.000000 X258.829762 Y237.151734 Z272.000000 E14.90210086561181985491 F100.000000
; P02 EVENT event-0000080 retract
G1 E13.90210086561181985491 F100.000000
; P02 POINT 975 point-0000975 travel
G1 A0.000000 C0.000000 X259.170107 Y237.651734 Z272.000000 F100.000000
; P02 EVENT event-0000081 prime
G1 E14.90210086561181985491 F100.000000
; P02 POINT 976 point-0000976 deposition
G1 A0.000000 C0.000000 X259.503811 Y237.651734 Z272.000000 E14.92429893232010077691 F100.000000
; P02 EVENT event-0000082 retract
G1 E13.92429893232010077691 F100.000000
; P02 POINT 977 point-0000977 travel
G1 A0.000000 C0.000000 X259.830605 Y238.151734 Z272.000000 F100.000000
; P02 EVENT event-0000083 prime
G1 E14.92429893232010077691 F100.000000
; P02 POINT 978 point-0000978 deposition
G1 A0.000000 C0.000000 X260.126843 Y238.151734 Z272.000000 E14.94400472497251167991 F100.000000
; P02 EVENT event-0000084 retract
G1 E13.94400472497251167991 F100.000000
; P02 POINT 979 point-0000979 travel
G1 A0.000000 C0.000000 X260.382395 Y238.651734 Z272.000000 F100.000000
; P02 EVENT event-0000085 prime
G1 E14.94400472497251167991 F100.000000
; P02 POINT 980 point-0000980 deposition
G1 A0.000000 C0.000000 X260.678418 Y238.651734 Z272.000000 E14.96369627895109894991 F100.000000
; P02 EVENT event-0000086 retract
G1 E13.96369627895109894991 F100.000000
; P02 POINT 981 point-0000981 travel
G1 A0.000000 C0.000000 X260.926042 Y239.151734 Z272.000000 F100.000000
; P02 EVENT event-0000087 prime
G1 E14.96369627895109894991 F100.000000
; P02 POINT 982 point-0000982 deposition
G1 A0.000000 C0.000000 X261.194505 Y239.151734 Z272.000000 E14.98155448158012791991 F100.000000
; P02 EVENT event-0000088 retract
G1 E13.98155448158012791991 F100.000000
; P02 POINT 983 point-0000983 travel
G1 A0.000000 C0.000000 X261.379272 Y239.651734 Z272.000000 F100.000000
; P02 EVENT event-0000089 prime
G1 E14.98155448158012791991 F100.000000
; P02 POINT 984 point-0000984 deposition
G1 A0.000000 C0.000000 X261.647613 Y239.651734 Z272.000000 E14.99940460246777401591 F100.000000
; P02 EVENT event-0000090 retract
G1 E13.99940460246777401591 F100.000000
; P02 POINT 985 point-0000985 travel
G1 A0.000000 C0.000000 X261.832502 Y240.151734 Z272.000000 F100.000000
; P02 EVENT event-0000091 prime
G1 E14.99940460246777401591 F100.000000
; P02 POINT 986 point-0000986 deposition
G1 A0.000000 C0.000000 X262.093157 Y240.151734 Z272.000000 E15.01674344692739497791 F100.000000
; P02 EVENT event-0000092 retract
G1 E14.01674344692739497791 F100.000000
; P02 POINT 987 point-0000987 travel
G1 A0.000000 C0.000000 X262.216381 Y240.651734 Z272.000000 F100.000000
; P02 EVENT event-0000093 prime
G1 E15.01674344692739497791 F100.000000
; P02 POINT 988 point-0000988 deposition
G1 A0.000000 C0.000000 X262.463936 Y240.651734 Z272.000000 E15.03321087762935964791 F100.000000
; P02 EVENT event-0000094 retract
G1 E14.03321087762935964791 F100.000000
; P02 POINT 989 point-0000989 travel
G1 A0.000000 C0.000000 X262.587207 Y241.151734 Z272.000000 F100.000000
; P02 EVENT event-0000095 prime
G1 E15.03321087762935964791 F100.000000
; P02 POINT 990 point-0000990 deposition
G1 A0.000000 C0.000000 X262.834714 Y241.151734 Z272.000000 E15.04967511669648683191 F100.000000
; P02 EVENT event-0000096 retract
G1 E14.04967511669648683191 F100.000000
; P02 POINT 991 point-0000991 travel
G1 A0.000000 C0.000000 X262.928688 Y241.651734 Z272.000000 F100.000000
; P02 EVENT event-0000097 prime
G1 E15.04967511669648683191 F100.000000
; P02 POINT 992 point-0000992 deposition
G1 A0.000000 C0.000000 X263.160485 Y241.651734 Z272.000000 E15.06509432058458736691 F100.000000
; P02 EVENT event-0000098 retract
G1 E14.06509432058458736691 F100.000000
; P02 POINT 993 point-0000993 travel
G1 A0.000000 C0.000000 X263.228345 Y242.151734 Z272.000000 F100.000000
; P02 EVENT event-0000099 prime
G1 E15.06509432058458736691 F100.000000
; P02 POINT 994 point-0000994 deposition
G1 A0.000000 C0.000000 X263.460141 Y242.151734 Z272.000000 E15.08051343147000500391 F100.000000
; P02 EVENT event-0000100 retract
G1 E14.08051343147000500391 F100.000000
; P02 POINT 995 point-0000995 travel
G1 A0.000000 C0.000000 X263.528002 Y242.651734 Z272.000000 F100.000000
; P02 EVENT event-0000101 prime
G1 E15.08051343147000500391 F100.000000
; P02 POINT 996 point-0000996 deposition
G1 A0.000000 C0.000000 X263.759365 Y242.651734 Z272.000000 E15.09590375903388612991 F100.000000
; P02 EVENT event-0000102 retract
G1 E14.09590375903388612991 F100.000000
; P02 POINT 997 point-0000997 travel
G1 A0.000000 C0.000000 X263.775910 Y243.151734 Z272.000000 F100.000000
; P02 EVENT event-0000103 prime
G1 E15.09590375903388612991 F100.000000
; P02 POINT 998 point-0000998 deposition
G1 A0.000000 C0.000000 X263.995825 Y243.151734 Z272.000000 E15.11053257206079304891 F100.000000
; P02 EVENT event-0000104 retract
G1 E14.11053257206079304891 F100.000000
; P02 POINT 999 point-0000999 travel
G1 A0.000000 C0.000000 X264.012343 Y243.651734 Z272.000000 F100.000000
; P02 EVENT event-0000105 prime
G1 E15.11053257206079304891 F100.000000
; P02 POINT 1000 point-0001000 deposition
G1 A0.000000 C0.000000 X264.232285 Y243.651734 Z272.000000 E15.12516318264752121191 F100.000000
; P02 EVENT event-0000106 retract
G1 E14.12516318264752121191 F100.000000
; P02 POINT 1001 point-0001001 travel
G1 A0.000000 C0.000000 X264.243878 Y244.151734 Z272.000000 F100.000000
; P02 EVENT event-0000107 prime
G1 E15.12516318264752121191 F100.000000
; P02 POINT 1002 point-0001002 deposition
G1 A0.000000 C0.000000 X264.454970 Y244.151734 Z272.000000 E15.13920505519812561591 F100.000000
; P02 EVENT event-0000108 retract
G1 E14.13920505519812561591 F100.000000
; P02 POINT 1003 point-0001003 travel
G1 A0.000000 C0.000000 X264.422720 Y244.651734 Z272.000000 F100.000000
; P02 EVENT event-0000109 prime
G1 E15.13920505519812561591 F100.000000
; P02 POINT 1004 point-0001004 deposition
G1 A0.000000 C0.000000 X264.633856 Y244.651734 Z272.000000 E15.15324986815322671191 F100.000000
; P02 EVENT event-0000110 retract
G1 E14.15324986815322671191 F100.000000
; P02 POINT 1005 point-0001005 travel
G1 A0.000000 C0.000000 X264.601562 Y245.151734 Z272.000000 F100.000000
; P02 EVENT event-0000111 prime
G1 E15.15324986815322671191 F100.000000
; P02 POINT 1006 point-0001006 deposition
G1 A0.000000 C0.000000 X264.812742 Y245.151734 Z272.000000 E15.16729762151282426591 F100.000000
; P02 EVENT event-0000112 retract
G1 E14.16729762151282426591 F100.000000
; P02 POINT 1007 point-0001007 travel
G1 A0.000000 C0.000000 X264.767629 Y245.651734 Z272.000000 F100.000000
; P02 EVENT event-0000113 prime
G1 E15.16729762151282426591 F100.000000
; P02 POINT 1008 point-0001008 deposition
G1 A0.000000 C0.000000 X264.972508 Y245.651734 Z272.000000 E15.18092626499835010191 F100.000000
; P02 EVENT event-0000114 retract
G1 E14.18092626499835010191 F100.000000
; P02 POINT 1009 point-0001009 travel
G1 A0.000000 C0.000000 X264.892798 Y246.151734 Z272.000000 F100.000000
; P02 EVENT event-0000115 prime
G1 E15.18092626499835010191 F100.000000
; P02 POINT 1010 point-0001010 deposition
G1 A0.000000 C0.000000 X265.097734 Y246.151734 Z272.000000 E15.19455868406113329691 F100.000000
; P02 EVENT event-0000116 retract
G1 E14.19455868406113329691 F100.000000
; P02 POINT 1011 point-0001011 travel
G1 A0.000000 C0.000000 X265.017967 Y246.651734 Z272.000000 F100.000000
; P02 EVENT event-0000117 prime
G1 E15.19455868406113329691 F100.000000
; P02 POINT 1012 point-0001012 deposition
G1 A0.000000 C0.000000 X265.222960 Y246.651734 Z272.000000 E15.20819487870117360991 F100.000000
; P02 EVENT event-0000118 retract
G1 E14.20819487870117360991 F100.000000
; P02 POINT 1013 point-0001013 travel
G1 A0.000000 C0.000000 X265.127576 Y247.151734 Z272.000000 F100.000000
; P02 EVENT event-0000119 prime
G1 E15.20819487870117360991 F100.000000
; P02 POINT 1014 point-0001014 deposition
G1 A0.000000 C0.000000 X265.328476 Y247.151734 Z272.000000 E15.22155880104542606491 F100.000000
; P02 EVENT event-0000120 retract
G1 E14.22155880104542606491 F100.000000
; P02 POINT 1015 point-0001015 travel
G1 A0.000000 C0.000000 X265.402625 Y247.651734 Z272.000000 F100.000000
; P02 EVENT event-0000121 prime
G1 E15.22155880104542606491 F100.000000
; P02 POINT 1016 point-0001016 deposition
G1 A0.000000 C0.000000 X265.201650 Y247.651734 Z272.000000 E15.23492773634815724491 F100.000000
; P02 EVENT event-0000122 retract
G1 E14.23492773634815724491 F100.000000
; P02 POINT 1017 point-0001017 travel
G1 A0.000000 C0.000000 X265.275724 Y248.151734 Z272.000000 F100.000000
; P02 EVENT event-0000123 prime
G1 E15.23492773634815724491 F100.000000
; P02 POINT 1018 point-0001018 deposition
G1 A0.000000 C0.000000 X265.476774 Y248.151734 Z272.000000 E15.24830168460936727291 F100.000000
; P02 EVENT event-0000124 retract
G1 E14.24830168460936727291 F100.000000
; P02 POINT 1019 point-0001019 travel
G1 A0.000000 C0.000000 X265.533214 Y248.651734 Z272.000000 F100.000000
; P02 EVENT event-0000125 prime
G1 E15.24830168460936727291 F100.000000
; P02 POINT 1020 point-0001020 deposition
G1 A0.000000 C0.000000 X265.334279 Y248.651734 Z272.000000 E15.26153492725769634791 F100.000000
; P02 EVENT event-0000126 retract
G1 E14.26153492725769634791 F100.000000
; P02 POINT 1021 point-0001021 travel
G1 A0.000000 C0.000000 X265.358723 Y249.151734 Z272.000000 F100.000000
; P02 EVENT event-0000127 prime
G1 E15.26153492725769634791 F100.000000
; P02 POINT 1022 point-0001022 deposition
G1 A0.000000 C0.000000 X265.557761 Y249.151734 Z272.000000 E15.27477497097582975991 F100.000000
; P02 EVENT event-0000128 retract
G1 E14.27477497097582975991 F100.000000
; P02 POINT 1023 point-0001023 travel
G1 A0.000000 C0.000000 X265.582307 Y249.651734 Z272.000000 F100.000000
; P02 EVENT event-0000129 prime
G1 E15.27477497097582975991 F100.000000
; P02 POINT 1024 point-0001024 deposition
G1 A0.000000 C0.000000 X265.383167 Y249.651734 Z272.000000 E15.28802181576376750991 F100.000000
; P02 EVENT event-0000130 retract
G1 E14.28802181576376750991 F100.000000
; P02 POINT 1025 point-0001025 travel
G1 A0.000000 C0.000000 X265.393278 Y250.151734 Z272.000000 F100.000000
; P02 EVENT event-0000131 prime
G1 E15.28802181576376750991 F100.000000
; P02 POINT 1026 point-0001026 deposition
G1 A0.000000 C0.000000 X265.592172 Y250.151734 Z272.000000 E15.30125233715003004391 F100.000000
; P02 EVENT event-0000132 retract
G1 E14.30125233715003004391 F100.000000
; P02 POINT 1027 point-0001027 travel
G1 A0.000000 C0.000000 X265.567595 Y250.651734 Z272.000000 F100.000000
; P02 EVENT event-0000133 prime
G1 E15.30125233715003004391 F100.000000
; P02 POINT 1028 point-0001028 deposition
G1 A0.000000 C0.000000 X265.368576 Y250.651734 Z272.000000 E15.31449113372905526991 F100.000000
; P02 EVENT event-0000134 retract
G1 E14.31449113372905526991 F100.000000
; P02 POINT 1029 point-0001029 travel
G1 A0.000000 C0.000000 X265.343874 Y251.151734 Z272.000000 F100.000000
; P02 EVENT event-0000135 prime
G1 E15.31449113372905526991 F100.000000
; P02 POINT 1030 point-0001030 deposition
G1 A0.000000 C0.000000 X265.543018 Y251.151734 Z272.000000 E15.32773820550084318591 F100.000000
; P02 EVENT event-0000136 retract
G1 E14.32773820550084318591 F100.000000
; P02 POINT 1031 point-0001031 travel
G1 A0.000000 C0.000000 X265.506503 Y251.651734 Z272.000000 F100.000000
; P02 EVENT event-0000137 prime
G1 E15.32773820550084318591 F100.000000
; P02 POINT 1032 point-0001032 deposition
G1 A0.000000 C0.000000 X265.305695 Y251.651734 Z272.000000 E15.34109599743570448491 F100.000000
; P02 EVENT event-0000138 retract
G1 E14.34109599743570448491 F100.000000
; P02 POINT 1033 point-0001033 travel
G1 A0.000000 C0.000000 X265.231387 Y252.151734 Z272.000000 F100.000000
; P02 EVENT event-0000139 prime
G1 E15.34109599743570448491 F100.000000
; P02 POINT 1034 point-0001034 deposition
G1 A0.000000 C0.000000 X265.432322 Y252.151734 Z272.000000 E15.35446225490699374191 F100.000000
; P02 EVENT event-0000140 retract
G1 E14.35446225490699374191 F100.000000
; P02 POINT 1035 point-0001035 travel
G1 A0.000000 C0.000000 X265.358142 Y252.651734 Z272.000000 F100.000000
; P02 EVENT event-0000141 prime
G1 E15.35446225490699374191 F100.000000
; P02 POINT 1036 point-0001036 deposition
G1 A0.000000 C0.000000 X265.157079 Y252.651734 Z272.000000 E15.36783697791471106991 F100.000000
; P02 EVENT event-0000142 retract
G1 E14.36783697791471106991 F100.000000
; P02 POINT 1037 point-0001037 travel
G1 A0.000000 C0.000000 X265.068355 Y253.151734 Z272.000000 F100.000000
; P02 EVENT event-0000143 prime
G1 E15.36783697791471106991 F100.000000
; P02 POINT 1038 point-0001038 deposition
G1 A0.000000 C0.000000 X265.273147 Y253.151734 Z272.000000 E15.38145981450315193591 F100.000000
; P02 EVENT event-0000144 retract
G1 E14.38145981450315193591 F100.000000
; P02 POINT 1039 point-0001039 travel
G1 A0.000000 C0.000000 X265.147891 Y253.651734 Z272.000000 F100.000000
; P02 EVENT event-0000145 prime
G1 E15.38145981450315193591 F100.000000
; P02 POINT 1040 point-0001040 deposition
G1 A0.000000 C0.000000 X264.942980 Y253.651734 Z272.000000 E15.39509052828358256291 F100.000000
; P02 EVENT event-0000146 retract
G1 E14.39509052828358256291 F100.000000
; P02 POINT 1041 point-0001041 travel
G1 A0.000000 C0.000000 X265.022635 Y254.151734 Z272.000000 F100.000000
; P02 EVENT event-0000147 prime
G1 E15.39509052828358256291 F100.000000
; P02 POINT 1042 point-0001042 deposition
G1 A0.000000 C0.000000 X264.817605 Y254.151734 Z272.000000 E15.40872911925600295091 F100.000000
; P02 EVENT event-0000148 retract
G1 E14.40872911925600295091 F100.000000
; P02 POINT 1043 point-0001043 travel
G1 A0.000000 C0.000000 X264.884429 Y254.651734 Z272.000000 F100.000000
; P02 EVENT event-0000149 prime
G1 E15.40872911925600295091 F100.000000
; P02 POINT 1044 point-0001044 deposition
G1 A0.000000 C0.000000 X264.673408 Y254.651734 Z272.000000 E15.42276624841758321591 F100.000000
; P02 EVENT event-0000150 retract
G1 E14.42276624841758321591 F100.000000
; P02 POINT 1045 point-0001045 travel
G1 A0.000000 C0.000000 X264.705517 Y255.151734 Z272.000000 F100.000000
; P02 EVENT event-0000151 prime
G1 E15.42276624841758321591 F100.000000
; P02 POINT 1046 point-0001046 deposition
G1 A0.000000 C0.000000 X264.494382 Y255.151734 Z272.000000 E15.43681100219511123591 F100.000000
; P02 EVENT event-0000152 retract
G1 E14.43681100219511123591 F100.000000
; P02 POINT 1047 point-0001047 travel
G1 A0.000000 C0.000000 X264.526605 Y255.651734 Z272.000000 F100.000000
; P02 EVENT event-0000153 prime
G1 E15.43681100219511123591 F100.000000
; P02 POINT 1048 point-0001048 deposition
G1 A0.000000 C0.000000 X264.315355 Y255.651734 Z272.000000 E15.45086338058858689291 F100.000000
; P02 EVENT event-0000154 retract
G1 E14.45086338058858689291 F100.000000
; P02 POINT 1049 point-0001049 travel
G1 A0.000000 C0.000000 X264.327043 Y256.151734 Z272.000000 F100.000000
; P02 EVENT event-0000155 prime
G1 E15.45086338058858689291 F100.000000
; P02 POINT 1050 point-0001050 deposition
G1 A0.000000 C0.000000 X264.107224 Y256.151734 Z272.000000 E15.46548577472772876291 F100.000000
; P02 EVENT event-0000156 retract
G1 E14.46548577472772876291 F100.000000
; P02 POINT 1051 point-0001051 travel
G1 A0.000000 C0.000000 X264.090557 Y256.651734 Z272.000000 F100.000000
; P02 EVENT event-0000157 prime
G1 E15.46548577472772876291 F100.000000
; P02 POINT 1052 point-0001052 deposition
G1 A0.000000 C0.000000 X263.870625 Y256.651734 Z272.000000 E15.48011568633759215291 F100.000000
; P02 EVENT event-0000158 retract
G1 E14.48011568633759215291 F100.000000
; P02 POINT 1053 point-0001053 travel
G1 A0.000000 C0.000000 X263.854071 Y257.151734 Z272.000000 F100.000000
; P02 EVENT event-0000159 prime
G1 E15.48011568633759215291 F100.000000
; P02 POINT 1054 point-0001054 deposition
G1 A0.000000 C0.000000 X263.634026 Y257.151734 Z272.000000 E15.49475311541817705791 F100.000000
; P02 EVENT event-0000160 retract
G1 E14.49475311541817705791 F100.000000
; P02 POINT 1055 point-0001055 travel
G1 A0.000000 C0.000000 X263.580257 Y257.651734 Z272.000000 F100.000000
; P02 EVENT event-0000161 prime
G1 E15.49475311541817705791 F100.000000
; P02 POINT 1056 point-0001056 deposition
G1 A0.000000 C0.000000 X263.348528 Y257.651734 Z272.000000 E15.51016779461517195291 F100.000000
; P02 EVENT event-0000162 retract
G1 E14.51016779461517195291 F100.000000
; P02 POINT 1057 point-0001057 travel
G1 A0.000000 C0.000000 X263.280566 Y258.151734 Z272.000000 F100.000000
; P02 EVENT event-0000163 prime
G1 E15.51016779461517195291 F100.000000
; P02 POINT 1058 point-0001058 deposition
G1 A0.000000 C0.000000 X263.048728 Y258.151734 Z272.000000 E15.52558966895935261791 F100.000000
; P02 EVENT event-0000164 retract
G1 E14.52558966895935261791 F100.000000
; P02 POINT 1059 point-0001059 travel
G1 A0.000000 C0.000000 X262.980874 Y258.651734 Z272.000000 F100.000000
; P02 EVENT event-0000165 prime
G1 E15.52558966895935261791 F100.000000
; P02 POINT 1060 point-0001060 deposition
G1 A0.000000 C0.000000 X262.736004 Y258.651734 Z272.000000 E15.54187853389268432491 F100.000000
; P02 EVENT event-0000166 retract
G1 E14.54187853389268432491 F100.000000
; P02 POINT 1061 point-0001061 travel
G1 A0.000000 C0.000000 X262.612604 Y259.151734 Z272.000000 F100.000000
; P02 EVENT event-0000167 prime
G1 E15.54187853389268432491 F100.000000
; P02 POINT 1062 point-0001062 deposition
G1 A0.000000 C0.000000 X262.365073 Y259.151734 Z272.000000 E15.55834436958514082791 F100.000000
; P02 EVENT event-0000168 retract
G1 E14.55834436958514082791 F100.000000
; P02 POINT 1063 point-0001063 travel
G1 A0.000000 C0.000000 X262.241779 Y259.651734 Z272.000000 F100.000000
; P02 EVENT event-0000169 prime
G1 E15.55834436958514082791 F100.000000
; P02 POINT 1064 point-0001064 deposition
G1 A0.000000 C0.000000 X261.994143 Y259.651734 Z272.000000 E15.57481715286892142791 F100.000000
; P02 EVENT event-0000170 retract
G1 E14.57481715286892142791 F100.000000
; P02 POINT 1065 point-0001065 travel
G1 A0.000000 C0.000000 X261.829397 Y260.151734 Z272.000000 F100.000000
; P02 EVENT event-0000171 prime
G1 E15.57481715286892142791 F100.000000
; P02 POINT 1066 point-0001066 deposition
G1 A0.000000 C0.000000 X261.561083 Y260.151734 Z272.000000 E15.59266547300653099091 F100.000000
; P02 EVENT event-0000172 retract
G1 E14.59266547300653099091 F100.000000
; P02 POINT 1067 point-0001067 travel
G1 A0.000000 C0.000000 X261.376230 Y260.651734 Z272.000000 F100.000000
; P02 EVENT event-0000173 prime
G1 E15.59266547300653099091 F100.000000
; P02 POINT 1068 point-0001068 deposition
G1 A0.000000 C0.000000 X261.107810 Y260.651734 Z272.000000 E15.61052081293309847491 F100.000000
; P02 EVENT event-0000174 retract
G1 E14.61052081293309847491 F100.000000
; P02 POINT 1069 point-0001069 travel
G1 A0.000000 C0.000000 X260.899822 Y261.151734 Z272.000000 F100.000000
; P02 EVENT event-0000175 prime
G1 E15.61052081293309847491 F100.000000
; P02 POINT 1070 point-0001070 deposition
G1 A0.000000 C0.000000 X260.603777 Y261.151734 Z272.000000 E15.63021384640855194491 F100.000000
; P02 EVENT event-0000176 retract
G1 E14.63021384640855194491 F100.000000
; P02 POINT 1071 point-0001071 travel
G1 A0.000000 C0.000000 X260.348171 Y261.651734 Z272.000000 F100.000000
; P02 EVENT event-0000177 prime
G1 E15.63021384640855194491 F100.000000
; P02 POINT 1072 point-0001072 deposition
G1 A0.000000 C0.000000 X260.052017 Y261.651734 Z272.000000 E15.64991409584853023091 F100.000000
; P02 EVENT event-0000178 retract
G1 E14.64991409584853023091 F100.000000
; P02 POINT 1073 point-0001073 travel
G1 A0.000000 C0.000000 X259.774509 Y262.151734 Z272.000000 F100.000000
; P02 EVENT event-0000179 prime
G1 E15.64991409584853023091 F100.000000
; P02 POINT 1074 point-0001074 deposition
G1 A0.000000 C0.000000 X259.440720 Y262.151734 Z272.000000 E15.67211780385881113091 F100.000000
; P02 EVENT event-0000180 retract
G1 E14.67211780385881113091 F100.000000
; P02 POINT 1075 point-0001075 travel
G1 A0.000000 C0.000000 X259.100351 Y262.651734 Z272.000000 F100.000000
; P02 EVENT event-0000181 prime
G1 E15.67211780385881113091 F100.000000
; P02 POINT 1076 point-0001076 deposition
G1 A0.000000 C0.000000 X258.766458 Y262.651734 Z272.000000 E15.69432845036453881091 F100.000000
; P02 EVENT event-0000182 retract
G1 E14.69432845036453881091 F100.000000
; P02 POINT 1077 point-0001077 travel
G1 A0.000000 C0.000000 X258.369295 Y263.151734 Z272.000000 F100.000000
; P02 EVENT event-0000183 prime
G1 E15.69432845036453881091 F100.000000
; P02 POINT 1078 point-0001078 deposition
G1 A0.000000 C0.000000 X257.982445 Y263.151734 Z272.000000 E15.72006184823522408291 F100.000000
; P02 EVENT event-0000184 retract
G1 E14.72006184823522408291 F100.000000
; P02 POINT 1079 point-0001079 travel
G1 A0.000000 C0.000000 X257.535098 Y263.651734 Z272.000000 F100.000000
; P02 EVENT event-0000185 prime
G1 E15.72006184823522408291 F100.000000
; P02 POINT 1080 point-0001080 deposition
G1 A0.000000 C0.000000 X257.118680 Y263.651734 Z272.000000 E15.74776211121679375591 F100.000000
; P02 EVENT event-0000186 retract
G1 E14.74776211121679375591 F100.000000
; P02 POINT 1081 point-0001081 travel
G1 A0.000000 C0.000000 X256.526701 Y264.151734 Z272.000000 F100.000000
; P02 EVENT event-0000187 prime
G1 E15.74776211121679375591 F100.000000
; P02 POINT 1082 point-0001082 deposition
G1 A0.000000 C0.000000 X256.061430 Y264.151734 Z272.000000 E15.77871206095395125891 F100.000000
; P02 EVENT event-0000188 retract
G1 E14.77871206095395125891 F100.000000
; P02 POINT 1083 point-0001083 travel
G1 A0.000000 C0.000000 X255.308837 Y264.651734 Z272.000000 F100.000000
; P02 EVENT event-0000189 prime
G1 E15.77871206095395125891 F100.000000
; P02 POINT 1084 point-0001084 deposition
G1 A0.000000 C0.000000 X254.718320 Y264.651734 Z272.000000 E15.81799335843385614491 F100.000000
; P02 EVENT event-0000190 retract
G1 E14.81799335843385614491 F100.000000
; P02 POINT 1085 point-0001085 travel
G1 A0.000000 C0.000000 X253.647437 Y265.151734 Z272.000000 F100.000000
; P02 EVENT event-0000191 prime
G1 E15.81799335843385614491 F100.000000
; P02 POINT 1086 point-0001086 deposition
G1 A0.000000 C0.000000 X252.707899 Y265.151734 Z272.000000 E15.88049172024061872091 F100.000000
; P02 EVENT event-0000192 retract
G1 E14.88049172024061872091 F100.000000
; P02 POINT 1087 point-0001087 travel
G1 A0.000000 C0.000000 X247.292102 Y265.151734 Z272.000000 F100.000000
; P02 EVENT event-0000193 prime
G1 E15.88049172024061872091 F100.000000
; P02 POINT 1088 point-0001088 deposition
G1 A0.000000 C0.000000 X246.352563 Y265.151734 Z272.000000 E15.94299013074284375091 F100.000000
; P02 EVENT event-0000194 retract
G1 E14.94299013074284375091 F100.000000
; P02 POINT 1089 point-0001089 travel
G1 A0.000000 C0.000000 X245.281679 Y264.651734 Z272.000000 F100.000000
; P02 EVENT event-0000195 prime
G1 E15.94299013074284375091 F100.000000
; P02 POINT 1090 point-0001090 deposition
G1 A0.000000 C0.000000 X244.691163 Y264.651734 Z272.000000 E15.98227139903942087591 F100.000000
; P02 EVENT event-0000196 retract
G1 E14.98227139903942087591 F100.000000
; P02 POINT 1091 point-0001091 travel
G1 A0.000000 C0.000000 X243.938569 Y264.151734 Z272.000000 F100.000000
; P02 EVENT event-0000197 prime
G1 E15.98227139903942087591 F100.000000
; P02 POINT 1092 point-0001092 deposition
G1 A0.000000 C0.000000 X243.473295 Y264.151734 Z272.000000 E16.01322151307177960391 F100.000000
; P02 EVENT event-0000198 retract
G1 E15.01322151307177960391 F100.000000
; P02 POINT 1093 point-0001093 travel
G1 A0.000000 C0.000000 X242.881319 Y263.651734 Z272.000000 F100.000000
; P02 EVENT event-0000199 prime
G1 E16.01322151307177960391 F100.000000
; P02 POINT 1094 point-0001094 deposition
G1 A0.000000 C0.000000 X242.464903 Y263.651734 Z272.000000 E16.04092165344996668791 F100.000000
; P02 EVENT event-0000200 retract
G1 E15.04092165344996668791 F100.000000
; P02 POINT 1095 point-0001095 travel
G1 A0.000000 C0.000000 X242.017556 Y263.151734 Z272.000000 F100.000000
; P02 EVENT event-0000201 prime
G1 E16.04092165344996668791 F100.000000
; P02 POINT 1096 point-0001096 deposition
G1 A0.000000 C0.000000 X241.630679 Y263.151734 Z272.000000 E16.06665681273135818491 F100.000000
; P02 EVENT event-0000202 retract
G1 E15.06665681273135818491 F100.000000
; P02 POINT 1097 point-0001097 travel
G1 A0.000000 C0.000000 X241.233542 Y262.651734 Z272.000000 F100.000000
; P02 EVENT event-0000203 prime
G1 E16.06665681273135818491 F100.000000
; P02 POINT 1098 point-0001098 deposition
G1 A0.000000 C0.000000 X240.899648 Y262.651734 Z272.000000 E16.08886748266308354491 F100.000000
; P02 EVENT event-0000204 retract
G1 E15.08886748266308354491 F100.000000
; P02 POINT 1099 point-0001099 travel
G1 A0.000000 C0.000000 X240.559283 Y262.151734 Z272.000000 F100.000000
; P02 EVENT event-0000205 prime
G1 E16.08886748266308354491 F100.000000
; P02 POINT 1100 point-0001100 deposition
G1 A0.000000 C0.000000 X240.225445 Y262.151734 Z272.000000 E16.11107451066684414091 F100.000000
; P02 EVENT event-0000206 retract
G1 E15.11107451066684414091 F100.000000
; P02 POINT 1101 point-0001101 travel
G1 A0.000000 C0.000000 X239.947981 Y261.651734 Z272.000000 F100.000000
; P02 EVENT event-0000207 prime
G1 E16.11107451066684414091 F100.000000
; P02 POINT 1102 point-0001102 deposition
G1 A0.000000 C0.000000 X239.651832 Y261.651734 Z272.000000 E16.13077444308184033491 F100.000000
; P02 EVENT event-0000208 retract
G1 E15.13077444308184033491 F100.000000
; P02 POINT 1103 point-0001103 travel
G1 A0.000000 C0.000000 X239.396226 Y261.151734 Z272.000000 F100.000000
; P02 EVENT event-0000209 prime
G1 E16.13077444308184033491 F100.000000
; P02 POINT 1104 point-0001104 deposition
G1 A0.000000 C0.000000 X239.100125 Y261.151734 Z272.000000 E16.15047117334584701891 F100.000000
; P02 EVENT event-0000210 retract
G1 E15.15047117334584701891 F100.000000
; P02 POINT 1105 point-0001105 travel
G1 A0.000000 C0.000000 X238.892187 Y260.651734 Z272.000000 F100.000000
; P02 EVENT event-0000211 prime
G1 E16.15047117334584701891 F100.000000
; P02 POINT 1106 point-0001106 deposition
G1 A0.000000 C0.000000 X238.623786 Y260.651734 Z272.000000 E16.16832528808734187091 F100.000000
; P02 EVENT event-0000212 retract
G1 E15.16832528808734187091 F100.000000
; P02 POINT 1107 point-0001107 travel
G1 A0.000000 C0.000000 X238.438919 Y260.151734 Z272.000000 F100.000000
; P02 EVENT event-0000213 prime
G1 E16.16832528808734187091 F100.000000
; P02 POINT 1108 point-0001108 deposition
G1 A0.000000 C0.000000 X238.170561 Y260.151734 Z272.000000 E16.18617649690700870891 F100.000000
; P02 EVENT event-0000214 retract
G1 E15.18617649690700870891 F100.000000
; P02 POINT 1109 point-0001109 travel
G1 A0.000000 C0.000000 X238.005853 Y259.651734 Z272.000000 F100.000000
; P02 EVENT event-0000215 prime
G1 E16.18617649690700870891 F100.000000
; P02 POINT 1110 point-0001110 deposition
G1 A0.000000 C0.000000 X237.758257 Y259.651734 Z272.000000 E16.20264662412833863891 F100.000000
; P02 EVENT event-0000216 retract
G1 E15.20264662412833863891 F100.000000
; P02 POINT 1111 point-0001111 travel
G1 A0.000000 C0.000000 X237.634929 Y259.151734 Z272.000000 F100.000000
; P02 EVENT event-0000217 prime
G1 E16.20264662412833863891 F100.000000
; P02 POINT 1112 point-0001112 deposition
G1 A0.000000 C0.000000 X237.387374 Y259.151734 Z272.000000 E16.21911403809459898191 F100.000000
; P02 EVENT event-0000218 retract
G1 E15.21911403809459898191 F100.000000
; P02 POINT 1113 point-0001113 travel
G1 A0.000000 C0.000000 X237.264006 Y258.651734 Z272.000000 F100.000000
; P02 EVENT event-0000219 prime
G1 E16.21911403809459898191 F100.000000
; P02 POINT 1114 point-0001114 deposition
G1 A0.000000 C0.000000 X237.019194 Y258.651734 Z272.000000 E16.23539894660458572991 F100.000000
; P02 EVENT event-0000220 retract
G1 E15.23539894660458572991 F100.000000
; P02 POINT 1115 point-0001115 travel
G1 A0.000000 C0.000000 X236.951269 Y258.151734 Z272.000000 F100.000000
; P02 EVENT event-0000221 prime
G1 E16.23539894660458572991 F100.000000
; P02 POINT 1116 point-0001116 deposition
G1 A0.000000 C0.000000 X236.719443 Y258.151734 Z272.000000 E16.25082009621147132591 F100.000000
; P02 EVENT event-0000222 retract
G1 E15.25082009621147132591 F100.000000
; P02 POINT 1117 point-0001117 travel
G1 A0.000000 C0.000000 X236.651478 Y257.651734 Z272.000000 F100.000000
; P02 EVENT event-0000223 prime
G1 E16.25082009621147132591 F100.000000
; P02 POINT 1118 point-0001118 deposition
G1 A0.000000 C0.000000 X236.419691 Y257.651734 Z272.000000 E16.26623865315403761991 F100.000000
; P02 EVENT event-0000224 retract
G1 E15.26623865315403761991 F100.000000
; P02 POINT 1119 point-0001119 travel
G1 A0.000000 C0.000000 X236.365966 Y257.151734 Z272.000000 F100.000000
; P02 EVENT event-0000225 prime
G1 E16.26623865315403761991 F100.000000
; P02 POINT 1120 point-0001120 deposition
G1 A0.000000 C0.000000 X236.145990 Y257.151734 Z272.000000 E16.28087152495216114291 F100.000000
; P02 EVENT event-0000226 retract
G1 E15.28087152495216114291 F100.000000
; P02 POINT 1121 point-0001121 travel
G1 A0.000000 C0.000000 X236.129385 Y256.651734 Z272.000000 F100.000000
; P02 EVENT event-0000227 prime
G1 E16.28087152495216114291 F100.000000
; P02 POINT 1122 point-0001122 deposition
G1 A0.000000 C0.000000 X235.909447 Y256.651734 Z272.000000 E16.29550185073718610891 F100.000000
; P02 EVENT event-0000228 retract
G1 E15.29550185073718610891 F100.000000
; P02 POINT 1123 point-0001123 travel
G1 A0.000000 C0.000000 X235.892804 Y256.151734 Z272.000000 F100.000000
; P02 EVENT event-0000229 prime
G1 E16.29550185073718610891 F100.000000
; P02 POINT 1124 point-0001124 deposition
G1 A0.000000 C0.000000 X235.672905 Y256.151734 Z272.000000 E16.31012963050911252091 F100.000000
; P02 EVENT event-0000230 retract
G1 E15.31012963050911252091 F100.000000
; P02 POINT 1125 point-0001125 travel
G1 A0.000000 C0.000000 X235.684625 Y255.651734 Z272.000000 F100.000000
; P02 EVENT event-0000231 prime
G1 E16.31012963050911252091 F100.000000
; P02 POINT 1126 point-0001126 deposition
G1 A0.000000 C0.000000 X235.473439 Y255.651734 Z272.000000 E16.32417777052890672591 F100.000000
; P02 EVENT event-0000232 retract
G1 E15.32417777052890672591 F100.000000
; P02 POINT 1127 point-0001127 travel
G1 A0.000000 C0.000000 X235.505635 Y255.151734 Z272.000000 F100.000000
; P02 EVENT event-0000233 prime
G1 E16.32417777052890672591 F100.000000
; P02 POINT 1128 point-0001128 deposition
G1 A0.000000 C0.000000 X235.294488 Y255.151734 Z272.000000 E16.33822334171736463791 F100.000000
; P02 EVENT event-0000234 retract
G1 E15.33822334171736463791 F100.000000
; P02 POINT 1129 point-0001129 travel
G1 A0.000000 C0.000000 X235.326645 Y254.651734 Z272.000000 F100.000000
; P02 EVENT event-0000235 prime
G1 E16.33822334171736463791 F100.000000
; P02 POINT 1130 point-0001130 deposition
G1 A0.000000 C0.000000 X235.115536 Y254.651734 Z272.000000 E16.35226634407448625391 F100.000000
; P02 EVENT event-0000236 retract
G1 E15.35226634407448625391 F100.000000
; P02 POINT 1131 point-0001131 travel
G1 A0.000000 C0.000000 X235.182363 Y254.151734 Z272.000000 F100.000000
; P02 EVENT event-0000237 prime
G1 E16.35226634407448625391 F100.000000
; P02 POINT 1132 point-0001132 deposition
G1 A0.000000 C0.000000 X234.977388 Y254.151734 Z272.000000 E16.36590133126497968191 F100.000000
; P02 EVENT event-0000238 retract
G1 E15.36590133126497968191 F100.000000
; P02 POINT 1133 point-0001133 travel
G1 A0.000000 C0.000000 X235.057039 Y253.651734 Z272.000000 F100.000000
; P02 EVENT event-0000239 prime
G1 E16.36590133126497968191 F100.000000
; P02 POINT 1134 point-0001134 deposition
G1 A0.000000 C0.000000 X234.852104 Y253.651734 Z272.000000 E16.37953368038172747191 F100.000000
; P02 EVENT event-0000240 retract
G1 E15.37953368038172747191 F100.000000
; P02 POINT 1135 point-0001135 travel
G1 A0.000000 C0.000000 X234.931715 Y253.151734 Z272.000000 F100.000000
; P02 EVENT event-0000241 prime
G1 E16.37953368038172747191 F100.000000
; P02 POINT 1136 point-0001136 deposition
G1 A0.000000 C0.000000 X234.726819 Y253.151734 Z272.000000 E16.39316339142472962291 F100.000000
; P02 EVENT event-0000242 retract
G1 E15.39316339142472962291 F100.000000
; P02 POINT 1137 point-0001137 travel
G1 A0.000000 C0.000000 X234.641877 Y252.651734 Z272.000000 F100.000000
; P02 EVENT event-0000243 prime
G1 E16.39316339142472962291 F100.000000
; P02 POINT 1138 point-0001138 deposition
G1 A0.000000 C0.000000 X234.842881 Y252.651734 Z272.000000 E16.40653423185436559091 F100.000000
; P02 EVENT event-0000244 retract
G1 E15.40653423185436559091 F100.000000
; P02 POINT 1139 point-0001139 travel
G1 A0.000000 C0.000000 X234.768634 Y252.151734 Z272.000000 F100.000000
; P02 EVENT event-0000245 prime
G1 E16.40653423185436559091 F100.000000
; P02 POINT 1140 point-0001140 deposition
G1 A0.000000 C0.000000 X234.567671 Y252.151734 Z272.000000 E16.41990232813167470891 F100.000000
; P02 EVENT event-0000246 retract
G1 E15.41990232813167470891 F100.000000
; P02 POINT 1141 point-0001141 travel
G1 A0.000000 C0.000000 X234.493465 Y251.651734 Z272.000000 F100.000000
; P02 EVENT event-0000247 prime
G1 E16.41990232813167470891 F100.000000
; P02 POINT 1142 point-0001142 deposition
G1 A0.000000 C0.000000 X234.694387 Y251.651734 Z272.000000 E16.43326768025665697691 F100.000000
; P02 EVENT event-0000248 retract
G1 E15.43326768025665697691 F100.000000
; P02 POINT 1143 point-0001143 travel
G1 A0.000000 C0.000000 X234.656071 Y251.151734 Z272.000000 F100.000000
; P02 EVENT event-0000249 prime
G1 E16.43326768025665697691 F100.000000
; P02 POINT 1144 point-0001144 deposition
G1 A0.000000 C0.000000 X234.457003 Y251.151734 Z272.000000 E16.44650972728009839191 F100.000000
; P02 EVENT event-0000250 retract
G1 E15.44650972728009839191 F100.000000
; P02 POINT 1145 point-0001145 travel
G1 A0.000000 C0.000000 X234.432403 Y250.651734 Z272.000000 F100.000000
; P02 EVENT event-0000251 prime
G1 E16.44650972728009839191 F100.000000
; P02 POINT 1146 point-0001146 deposition
G1 A0.000000 C0.000000 X234.631428 Y250.651734 Z272.000000 E16.45974888447164503691 F100.000000
; P02 EVENT event-0000252 retract
G1 E15.45974888447164503691 F100.000000
; P02 POINT 1147 point-0001147 travel
G1 A0.000000 C0.000000 X234.200241 Y250.009583 Z272.400000 F100.000000
; P02 EVENT event-0000253 prime
G1 E16.45974888447164503691 F100.000000
; P02 POINT 1148 point-0001148 deposition
G1 A0.000000 C0.000000 X234.276172 Y248.460715 Z272.400000 E16.56290374172364247691 F100.000000
; P02 POINT 1149 point-0001149 deposition
G1 A0.000000 C0.000000 X234.503511 Y246.926746 Z272.400000 E16.66605832380816515691 F100.000000
; P02 POINT 1150 point-0001150 deposition
G1 A0.000000 C0.000000 X234.880079 Y245.422438 Z272.400000 E16.76921290279001086691 F100.000000
; P02 POINT 1151 point-0001151 deposition
G1 A0.000000 C0.000000 X235.402264 Y243.962268 Z272.400000 E16.87236812210315907691 F100.000000
; P02 POINT 1152 point-0001152 deposition
G1 A0.000000 C0.000000 X236.065042 Y242.560312 Z272.400000 E16.97552293362298303691 F100.000000
; P02 POINT 1153 point-0001153 deposition
G1 A0.000000 C0.000000 X236.862042 Y241.230065 Z272.400000 E17.07867797082853389691 F100.000000
; P02 POINT 1154 point-0001154 deposition
G1 A0.000000 C0.000000 X237.785587 Y239.984352 Z272.400000 E17.18183232450820322691 F100.000000
; P02 POINT 1155 point-0001155 deposition
G1 A0.000000 C0.000000 X238.826787 Y238.835173 Z272.400000 E17.28498620456163067691 F100.000000
; P02 POINT 1156 point-0001156 deposition
G1 A0.000000 C0.000000 X239.975623 Y237.793593 Z272.400000 E17.38814006003535218691 F100.000000
; P02 POINT 1157 point-0001157 deposition
G1 A0.000000 C0.000000 X241.221027 Y236.869652 Z272.400000 E17.49129363326897125691 F100.000000
; P02 POINT 1158 point-0001158 deposition
G1 A0.000000 C0.000000 X242.551008 Y236.072252 Z272.400000 E17.59444718566185383691 F100.000000
; P02 POINT 1159 point-0001159 deposition
G1 A0.000000 C0.000000 X243.952820 Y235.409050 Z272.400000 E17.69760537560958006691 F100.000000
; P02 POINT 1160 point-0001160 deposition
G1 A0.000000 C0.000000 X245.412901 Y234.886478 Z272.400000 E17.80076369083681478691 F100.000000
; P02 POINT 1161 point-0001161 deposition
G1 A0.000000 C0.000000 X246.917162 Y234.509578 Z272.400000 E17.90392057407092589691 F100.000000
; P02 POINT 1162 point-0001162 deposition
G1 A0.000000 C0.000000 X248.451148 Y234.281974 Z272.400000 E18.00707889181882266691 F100.000000
; P02 POINT 1163 point-0001163 deposition
G1 A0.000000 C0.000000 X250.000055 Y234.205865 Z272.400000 E18.11023691357284477691 F100.000000
; P02 POINT 1164 point-0001164 deposition
G1 A0.000000 C0.000000 X251.548933 Y234.281982 Z272.400000 E18.21339303969366313691 F100.000000
; P02 POINT 1165 point-0001165 deposition
G1 A0.000000 C0.000000 X253.082894 Y234.509589 Z272.400000 E18.31654966776744919691 F100.000000
; P02 POINT 1166 point-0001166 deposition
G1 A0.000000 C0.000000 X254.587137 Y234.886490 Z272.400000 E18.41970544060305838691 F100.000000
; P02 POINT 1167 point-0001167 deposition
G1 A0.000000 C0.000000 X256.047199 Y235.409058 Z272.400000 E18.52286243981648450691 F100.000000
; P02 POINT 1168 point-0001168 deposition
G1 A0.000000 C0.000000 X257.448971 Y236.072240 Z272.400000 E18.62601768405977795691 F100.000000
; P02 POINT 1169 point-0001169 deposition
G1 A0.000000 C0.000000 X258.778953 Y236.869639 Z272.400000 E18.72917124683506669691 F100.000000
; P02 POINT 1170 point-0001170 deposition
G1 A0.000000 C0.000000 X260.024360 Y237.793579 Z272.400000 E18.83232492719764012691 F100.000000
; P02 POINT 1171 point-0001171 deposition
G1 A0.000000 C0.000000 X261.173197 Y238.835157 Z272.400000 E18.93547881256857238691 F100.000000
; P02 POINT 1172 point-0001172 deposition
G1 A0.000000 C0.000000 X262.214400 Y239.984336 Z272.400000 E19.03863277328747563691 F100.000000
; P02 POINT 1173 point-0001173 deposition
G1 A0.000000 C0.000000 X263.137950 Y241.230052 Z272.400000 E19.14178749924227339691 F100.000000
; P02 POINT 1174 point-0001174 deposition
G1 A0.000000 C0.000000 X263.934952 Y242.560300 Z272.400000 E19.24494263513591949691 F100.000000
; P02 POINT 1175 point-0001175 deposition
G1 A0.000000 C0.000000 X264.597732 Y243.962259 Z272.400000 E19.34809767137517433691 F100.000000
; P02 POINT 1176 point-0001176 deposition
G1 A0.000000 C0.000000 X265.119919 Y245.422430 Z272.400000 E19.45125301701732036691 F100.000000
; P02 POINT 1177 point-0001177 deposition
G1 A0.000000 C0.000000 X265.496488 Y246.926738 Z272.400000 E19.55440764197177117691 F100.000000
; P02 POINT 1178 point-0001178 deposition
G1 A0.000000 C0.000000 X265.723828 Y248.460708 Z272.400000 E19.65756223962698017691 F100.000000
; P02 POINT 1179 point-0001179 deposition
G1 A0.000000 C0.000000 X265.799759 Y250.009576 Z272.400000 E19.76071710438770403691 F100.000000
; P02 POINT 1180 point-0001180 deposition
G1 A0.000000 C0.000000 X265.723561 Y251.558423 Z272.400000 E19.86387144863441201691 F100.000000
; P02 POINT 1181 point-0001181 deposition
G1 A0.000000 C0.000000 X265.495977 Y253.092355 Z272.400000 E19.96702594268145750691 F100.000000
; P02 POINT 1182 point-0001182 deposition
G1 A0.000000 C0.000000 X265.119202 Y254.596619 Z272.400000 E20.07018106027754307691 F100.000000
; P02 POINT 1183 point-0001183 deposition
G1 A0.000000 C0.000000 X264.596869 Y256.056734 Z272.400000 E20.17333606803933962691 F100.000000
; P02 POINT 1184 point-0001184 deposition
G1 A0.000000 C0.000000 X263.934008 Y257.458655 Z272.400000 E20.27649114345001676691 F100.000000
; P02 POINT 1185 point-0001185 deposition
G1 A0.000000 C0.000000 X263.136995 Y258.788899 Z272.400000 E20.37964650916264123691 F100.000000
; P02 POINT 1186 point-0001186 deposition
G1 A0.000000 C0.000000 X262.213498 Y260.034660 Z272.400000 E20.48280156344042279691 F100.000000
; P02 POINT 1187 point-0001187 deposition
G1 A0.000000 C0.000000 X261.172392 Y261.183952 Z272.400000 E20.58595673308555541691 F100.000000
; P02 POINT 1188 point-0001188 deposition
G1 A0.000000 C0.000000 X260.023698 Y262.225696 Z272.400000 E20.68911092107393056691 F100.000000
; P02 POINT 1189 point-0001189 deposition
G1 A0.000000 C0.000000 X258.778451 Y263.149858 Z272.400000 E20.79226490638098660691 F100.000000
; P02 POINT 1190 point-0001190 deposition
G1 A0.000000 C0.000000 X257.448624 Y263.947519 Z272.400000 E20.89541862222292375691 F100.000000
; P02 POINT 1191 point-0001191 deposition
G1 A0.000000 C0.000000 X256.046971 Y264.610988 Z272.400000 E20.99857481588423597691 F100.000000
; P02 POINT 1192 point-0001192 deposition
G1 A0.000000 C0.000000 X254.587000 Y265.133824 Z272.400000 E21.10173216894139135691 F100.000000
; P02 POINT 1193 point-0001193 deposition
G1 A0.000000 C0.000000 X253.082813 Y265.510944 Z272.400000 E21.20488785817094733691 F100.000000
; P02 POINT 1194 point-0001194 deposition
G1 A0.000000 C0.000000 X251.548875 Y265.738695 Z272.400000 E21.30804439359679579691 F100.000000
; P02 POINT 1195 point-0001195 deposition
G1 A0.000000 C0.000000 X250.000000 Y265.814859 Z272.400000 E21.41120048248933234691 F100.000000
; P02 POINT 1196 point-0001196 deposition
G1 A0.000000 C0.000000 X248.451125 Y265.738695 Z272.400000 E21.51435655371438321691 F100.000000
; P02 POINT 1197 point-0001197 deposition
G1 A0.000000 C0.000000 X246.917187 Y265.510944 Z272.400000 E21.61751307034265089691 F100.000000
; P02 POINT 1198 point-0001198 deposition
G1 A0.000000 C0.000000 X245.413001 Y265.133825 Z272.400000 E21.72066874177444583691 F100.000000
; P02 POINT 1199 point-0001199 deposition
G1 A0.000000 C0.000000 X243.953030 Y264.610989 Z272.400000 E21.82382607841432931691 F100.000000
; P02 POINT 1200 point-0001200 deposition
G1 A0.000000 C0.000000 X242.551378 Y263.947520 Z272.400000 E21.92698225396383864691 F100.000000
; P02 POINT 1201 point-0001201 deposition
G1 A0.000000 C0.000000 X241.221551 Y263.149859 Z272.400000 E22.03013594901151688691 F100.000000
; P02 POINT 1202 point-0001202 deposition
G1 A0.000000 C0.000000 X239.976303 Y262.225697 Z272.400000 E22.13328991353563981691 F100.000000
; P02 POINT 1203 point-0001203 deposition
G1 A0.000000 C0.000000 X238.827609 Y261.183954 Z272.400000 E22.23644408072545395691 F100.000000
; P02 POINT 1204 point-0001204 deposition
G1 A0.000000 C0.000000 X237.786504 Y260.034662 Z272.400000 E22.33959922956625915691 F100.000000
; P02 POINT 1205 point-0001205 deposition
G1 A0.000000 C0.000000 X236.863007 Y258.788902 Z272.400000 E22.44275426306272729691 F100.000000
; P02 POINT 1206 point-0001206 deposition
G1 A0.000000 C0.000000 X236.065993 Y257.458658 Z272.400000 E22.54590960812262898691 F100.000000
; P02 POINT 1207 point-0001207 deposition
G1 A0.000000 C0.000000 X235.403132 Y256.056737 Z272.400000 E22.64906462357568001691 F100.000000
; P02 POINT 1208 point-0001208 deposition
G1 A0.000000 C0.000000 X234.880800 Y254.596624 Z272.400000 E22.75221956580199334691 F100.000000
; P02 POINT 1209 point-0001209 deposition
G1 A0.000000 C0.000000 X234.504024 Y253.092361 Z272.400000 E22.85537460724492644691 F100.000000
; P02 POINT 1210 point-0001210 deposition
G1 A0.000000 C0.000000 X234.276440 Y251.558430 Z272.400000 E22.95852904542878058691 F100.000000
; P02 POINT 1211 point-0001211 deposition
G1 A0.000000 C0.000000 X234.200241 Y250.009583 Z272.400000 E23.06168338800047184691 F100.000000
; P02 EVENT event-0000254 retract
G1 E22.06168338800047184691 F100.000000
; P02 POINT 1212 point-0001212 travel
G1 A0.000000 C0.000000 X234.800000 Y250.009527 Z272.400000 F100.000000
; P02 EVENT event-0000255 prime
G1 E23.06168338800047184691 F100.000000
; P02 POINT 1213 point-0001213 deposition
G1 A0.000000 C0.000000 X234.800007 Y250.011163 Z272.400000 E23.06179219315480464011 F100.000000
; P02 POINT 1214 point-0001214 deposition
G1 A0.000000 C0.000000 X234.800027 Y250.012798 Z272.400000 E23.06190099830913743051 F100.000000
; P02 POINT 1215 point-0001215 deposition
G1 A0.000000 C0.000000 X234.800061 Y250.014434 Z272.400000 E23.06200980346347022346 F100.000000
; P02 POINT 1216 point-0001216 deposition
G1 A0.000000 C0.000000 X234.800108 Y250.016069 Z272.400000 E23.06211860861780301510 F100.000000
; P02 POINT 1217 point-0001217 deposition
G1 A0.000000 C0.000000 X234.800168 Y250.017703 Z272.400000 E23.06222741377213580346 F100.000000
; P02 POINT 1218 point-0001218 deposition
G1 A0.000000 C0.000000 X234.800242 Y250.019337 Z272.400000 E23.06233621892646860058 F100.000000
; P02 POINT 1219 point-0001219 deposition
G1 A0.000000 C0.000000 X234.872581 Y251.489761 Z272.400000 E23.16026748043648915058 F100.000000
; P02 POINT 1220 point-0001220 deposition
G1 A0.000000 C0.000000 X234.872668 Y251.491394 Z272.400000 E23.16037627942143796734 F100.000000
; P02 POINT 1221 point-0001221 deposition
G1 A0.000000 C0.000000 X234.872769 Y251.493026 Z272.400000 E23.16048507840638678235 F100.000000
; P02 POINT 1222 point-0001222 deposition
G1 A0.000000 C0.000000 X234.872882 Y251.494658 Z272.400000 E23.16059387739133558683 F100.000000
; P02 POINT 1223 point-0001223 deposition
G1 A0.000000 C0.000000 X234.873009 Y251.496289 Z272.400000 E23.16070267637628439791 F100.000000
; P02 POINT 1224 point-0001224 deposition
G1 A0.000000 C0.000000 X234.873150 Y251.497918 Z272.400000 E23.16081147536123321098 F100.000000
; P02 POINT 1225 point-0001225 deposition
G1 A0.000000 C0.000000 X234.873304 Y251.499547 Z272.400000 E23.16092027434618202995 F100.000000
; P02 POINT 1226 point-0001226 deposition
G1 A0.000000 C0.000000 X234.873471 Y251.501174 Z272.400000 E23.16102907333113082729 F100.000000
; P02 POINT 1227 point-0001227 deposition
G1 A0.000000 C0.000000 X234.873651 Y251.502799 Z272.400000 E23.16113787231607964109 F100.000000
; P02 POINT 1228 point-0001228 deposition
G1 A0.000000 C0.000000 X234.873845 Y251.504423 Z272.400000 E23.16124667130102845114 F100.000000
; P02 POINT 1229 point-0001229 deposition
G1 A0.000000 C0.000000 X234.874052 Y251.506046 Z272.400000 E23.16135547028597727020 F100.000000
; P02 POINT 1230 point-0001230 deposition
G1 A0.000000 C0.000000 X234.874272 Y251.507666 Z272.400000 E23.16146426927092606927 F100.000000
; P02 POINT 1231 point-0001231 deposition
G1 A0.000000 C0.000000 X234.874505 Y251.509285 Z272.400000 E23.16157306825587488520 F100.000000
; P02 POINT 1232 point-0001232 deposition
G1 A0.000000 C0.000000 X235.090566 Y252.965551 Z272.400000 E23.25950467616258284520 F100.000000
; P02 POINT 1233 point-0001233 deposition
G1 A0.000000 C0.000000 X235.090812 Y252.967168 Z272.400000 E23.25961347008330393650 F100.000000
; P02 POINT 1234 point-0001234 deposition
G1 A0.000000 C0.000000 X235.091072 Y252.968783 Z272.400000 E23.25972226400402507763 F100.000000
; P02 POINT 1235 point-0001235 deposition
G1 A0.000000 C0.000000 X235.091345 Y252.970395 Z272.400000 E23.25983105792474619497 F100.000000
; P02 POINT 1236 point-0001236 deposition
G1 A0.000000 C0.000000 X235.091631 Y252.972006 Z272.400000 E23.25993985184546732074 F100.000000
; P02 POINT 1237 point-0001237 deposition
G1 A0.000000 C0.000000 X235.091931 Y252.973614 Z272.400000 E23.26004864576618845167 F100.000000
; P02 POINT 1238 point-0001238 deposition
G1 A0.000000 C0.000000 X235.092243 Y252.975219 Z272.400000 E23.26015743968690959053 F100.000000
; P02 POINT 1239 point-0001239 deposition
G1 A0.000000 C0.000000 X235.092569 Y252.976822 Z272.400000 E23.26026623360763071024 F100.000000
; P02 POINT 1240 point-0001240 deposition
G1 A0.000000 C0.000000 X235.092908 Y252.978422 Z272.400000 E23.26037502752835184541 F100.000000
; P02 POINT 1241 point-0001241 deposition
G1 A0.000000 C0.000000 X235.093259 Y252.980019 Z272.400000 E23.26048382144907298031 F100.000000
; P02 POINT 1242 point-0001242 deposition
G1 A0.000000 C0.000000 X235.093624 Y252.981613 Z272.400000 E23.26059261536979411174 F100.000000
; P02 POINT 1243 point-0001243 deposition
G1 A0.000000 C0.000000 X235.094002 Y252.983204 Z272.400000 E23.26070140929051521585 F100.000000
; P02 POINT 1244 point-0001244 deposition
G1 A0.000000 C0.000000 X235.094393 Y252.984793 Z272.400000 E23.26081020321123634875 F100.000000
; P02 POINT 1245 point-0001245 deposition
G1 A0.000000 C0.000000 X235.452090 Y254.412888 Z272.400000 E23.35874201666673854875 F100.000000
; P02 POINT 1246 point-0001246 deposition
G1 A0.000000 C0.000000 X235.452493 Y254.414473 Z272.400000 E23.35885080659462835869 F100.000000
; P02 POINT 1247 point-0001247 deposition
G1 A0.000000 C0.000000 X235.452910 Y254.416054 Z272.400000 E23.35895959652251821092 F100.000000
; P02 POINT 1248 point-0001248 deposition
G1 A0.000000 C0.000000 X235.453340 Y254.417632 Z272.400000 E23.35906838645040800049 F100.000000
; P02 POINT 1249 point-0001249 deposition
G1 A0.000000 C0.000000 X235.453782 Y254.419206 Z272.400000 E23.35917717637829780727 F100.000000
; P02 POINT 1250 point-0001250 deposition
G1 A0.000000 C0.000000 X235.454238 Y254.420777 Z272.400000 E23.35928596630618761976 F100.000000
; P02 POINT 1251 point-0001251 deposition
G1 A0.000000 C0.000000 X235.454706 Y254.422344 Z272.400000 E23.35939475623407744962 F100.000000
; P02 POINT 1252 point-0001252 deposition
G1 A0.000000 C0.000000 X235.455187 Y254.423907 Z272.400000 E23.35950354616196726551 F100.000000
; P02 POINT 1253 point-0001253 deposition
G1 A0.000000 C0.000000 X235.455681 Y254.425466 Z272.400000 E23.35961233608985707528 F100.000000
; P02 POINT 1254 point-0001254 deposition
G1 A0.000000 C0.000000 X235.456188 Y254.427021 Z272.400000 E23.35972112601774687729 F100.000000
; P02 POINT 1255 point-0001255 deposition
G1 A0.000000 C0.000000 X235.456707 Y254.428572 Z272.400000 E23.35982991594563671463 F100.000000
; P02 POINT 1256 point-0001256 deposition
G1 A0.000000 C0.000000 X235.457239 Y254.430119 Z272.400000 E23.35993870587352654589 F100.000000
; P02 POINT 1257 point-0001257 deposition
G1 A0.000000 C0.000000 X235.457783 Y254.431661 Z272.400000 E23.36004749580141634254 F100.000000
; P02 POINT 1258 point-0001258 deposition
G1 A0.000000 C0.000000 X235.953669 Y255.817843 Z272.400000 E23.45797935879518436254 F100.000000
; P02 POINT 1259 point-0001259 deposition
G1 A0.000000 C0.000000 X235.954226 Y255.819381 Z272.400000 E23.45808814637360906197 F100.000000
; P02 POINT 1260 point-0001260 deposition
G1 A0.000000 C0.000000 X235.954796 Y255.820914 Z272.400000 E23.45819693395203374647 F100.000000
; P02 POINT 1261 point-0001261 deposition
G1 A0.000000 C0.000000 X235.955378 Y255.822442 Z272.400000 E23.45830572153045848084 F100.000000
; P02 POINT 1262 point-0001262 deposition
G1 A0.000000 C0.000000 X235.955973 Y255.823966 Z272.400000 E23.45841450910888318390 F100.000000
; P02 POINT 1263 point-0001263 deposition
G1 A0.000000 C0.000000 X235.956580 Y255.825484 Z272.400000 E23.45852329668730786980 F100.000000
; P02 POINT 1264 point-0001264 deposition
G1 A0.000000 C0.000000 X235.957199 Y255.826998 Z272.400000 E23.45863208426573259486 F100.000000
; P02 POINT 1265 point-0001265 deposition
G1 A0.000000 C0.000000 X235.957831 Y255.828506 Z272.400000 E23.45874087184415729075 F100.000000
; P02 POINT 1266 point-0001266 deposition
G1 A0.000000 C0.000000 X235.958475 Y255.830009 Z272.400000 E23.45884965942258194030 F100.000000
; P02 POINT 1267 point-0001267 deposition
G1 A0.000000 C0.000000 X235.959132 Y255.831507 Z272.400000 E23.45895844700100664703 F100.000000
; P02 POINT 1268 point-0001268 deposition
G1 A0.000000 C0.000000 X235.959800 Y255.833000 Z272.400000 E23.45906723457943140442 F100.000000
; P02 POINT 1269 point-0001269 deposition
G1 A0.000000 C0.000000 X235.960481 Y255.834487 Z272.400000 E23.45917602215785606782 F100.000000
; P02 POINT 1270 point-0001270 deposition
G1 A0.000000 C0.000000 X235.961174 Y255.835968 Z272.400000 E23.45928480973628077703 F100.000000
; P02 POINT 1271 point-0001271 deposition
G1 A0.000000 C0.000000 X236.590474 Y257.166901 Z272.400000 E23.55721661939460966703 F100.000000
; P02 POINT 1272 point-0001272 deposition
G1 A0.000000 C0.000000 X236.591180 Y257.168377 Z272.400000 E23.55732540711494267589 F100.000000
; P02 POINT 1273 point-0001273 deposition
G1 A0.000000 C0.000000 X236.591897 Y257.169847 Z272.400000 E23.55743419483527563271 F100.000000
; P02 POINT 1274 point-0001274 deposition
G1 A0.000000 C0.000000 X236.592626 Y257.171311 Z272.400000 E23.55754298255560868896 F100.000000
; P02 POINT 1275 point-0001275 deposition
G1 A0.000000 C0.000000 X236.593367 Y257.172768 Z272.400000 E23.55765177027594167943 F100.000000
; P02 POINT 1276 point-0001276 deposition
G1 A0.000000 C0.000000 X236.594120 Y257.174220 Z272.400000 E23.55776055799627471814 F100.000000
; P02 POINT 1277 point-0001277 deposition
G1 A0.000000 C0.000000 X236.594885 Y257.175666 Z272.400000 E23.55786934571660768958 F100.000000
; P02 POINT 1278 point-0001278 deposition
G1 A0.000000 C0.000000 X236.595661 Y257.177105 Z272.400000 E23.55797813343694069586 F100.000000
; P02 POINT 1279 point-0001279 deposition
G1 A0.000000 C0.000000 X236.596450 Y257.178538 Z272.400000 E23.55808692115727376728 F100.000000
; P02 POINT 1280 point-0001280 deposition
G1 A0.000000 C0.000000 X236.597250 Y257.179964 Z272.400000 E23.55819570887760674242 F100.000000
; P02 POINT 1281 point-0001281 deposition
G1 A0.000000 C0.000000 X236.598061 Y257.181384 Z272.400000 E23.55830449659793971749 F100.000000
; P02 POINT 1282 point-0001282 deposition
G1 A0.000000 C0.000000 X236.598885 Y257.182797 Z272.400000 E23.55841328431827277115 F100.000000
; P02 POINT 1283 point-0001283 deposition
G1 A0.000000 C0.000000 X236.599719 Y257.184203 Z272.400000 E23.55852207203860575677 F100.000000
; P02 POINT 1284 point-0001284 deposition
G1 A0.000000 C0.000000 X237.356382 Y258.447087 Z272.400000 E23.65645411786098850677 F100.000000
; P02 POINT 1285 point-0001285 deposition
G1 A0.000000 C0.000000 X237.357229 Y258.448486 Z272.400000 E23.65656290867279596680 F100.000000
; P02 POINT 1286 point-0001286 deposition
G1 A0.000000 C0.000000 X237.358086 Y258.449879 Z272.400000 E23.65667169948460349780 F100.000000
; P02 POINT 1287 point-0001287 deposition
G1 A0.000000 C0.000000 X237.358955 Y258.451264 Z272.400000 E23.65678049029641098971 F100.000000
; P02 POINT 1288 point-0001288 deposition
G1 A0.000000 C0.000000 X237.359836 Y258.452642 Z272.400000 E23.65688928110821843154 F100.000000
; P02 POINT 1289 point-0001289 deposition
G1 A0.000000 C0.000000 X237.360727 Y258.454013 Z272.400000 E23.65699807192002587519 F100.000000
; P02 POINT 1290 point-0001290 deposition
G1 A0.000000 C0.000000 X237.361630 Y258.455377 Z272.400000 E23.65710686273183344806 F100.000000
; P02 POINT 1291 point-0001291 deposition
G1 A0.000000 C0.000000 X237.362544 Y258.456733 Z272.400000 E23.65721565354364089438 F100.000000
; P02 POINT 1292 point-0001292 deposition
G1 A0.000000 C0.000000 X237.363469 Y258.458082 Z272.400000 E23.65732444435544838088 F100.000000
; P02 POINT 1293 point-0001293 deposition
G1 A0.000000 C0.000000 X237.364405 Y258.459423 Z272.400000 E23.65743323516725585416 F100.000000
; P02 POINT 1294 point-0001294 deposition
G1 A0.000000 C0.000000 X237.365352 Y258.460757 Z272.400000 E23.65754202597906332561 F100.000000
; P02 POINT 1295 point-0001295 deposition
G1 A0.000000 C0.000000 X237.366310 Y258.462082 Z272.400000 E23.65765081679087075915 F100.000000
; P02 POINT 1296 point-0001296 deposition
G1 A0.000000 C0.000000 X237.367278 Y258.463400 Z272.400000 E23.65775960760267825534 F100.000000
; P02 POINT 1297 point-0001297 deposition
G1 A0.000000 C0.000000 X238.244024 Y259.646076 Z272.400000 E23.75569150302499502534 F100.000000
; P02 POINT 1298 point-0001298 deposition
G1 A0.000000 C0.000000 X238.245004 Y259.647386 Z272.400000 E23.75580030032139016845 F100.000000
; P02 POINT 1299 point-0001299 deposition
G1 A0.000000 C0.000000 X238.245994 Y259.648688 Z272.400000 E23.75590909761778531964 F100.000000
; P02 POINT 1300 point-0001300 deposition
G1 A0.000000 C0.000000 X238.246994 Y259.649982 Z272.400000 E23.75601789491418044594 F100.000000
; P02 POINT 1301 point-0001301 deposition
G1 A0.000000 C0.000000 X238.248006 Y259.651267 Z272.400000 E23.75612669221057551599 F100.000000
; P02 POINT 1302 point-0001302 deposition
G1 A0.000000 C0.000000 X238.249027 Y259.652544 Z272.400000 E23.75623548950697064560 F100.000000
; P02 POINT 1303 point-0001303 deposition
G1 A0.000000 C0.000000 X238.250059 Y259.653813 Z272.400000 E23.75634428680336583684 F100.000000
; P02 POINT 1304 point-0001304 deposition
G1 A0.000000 C0.000000 X238.251102 Y259.655073 Z272.400000 E23.75645308409976095774 F100.000000
; P02 POINT 1305 point-0001305 deposition
G1 A0.000000 C0.000000 X238.252155 Y259.656325 Z272.400000 E23.75656188139615609174 F100.000000
; P02 POINT 1306 point-0001306 deposition
G1 A0.000000 C0.000000 X238.253218 Y259.657568 Z272.400000 E23.75667067869255126024 F100.000000
; P02 POINT 1307 point-0001307 deposition
G1 A0.000000 C0.000000 X238.254291 Y259.658802 Z272.400000 E23.75677947598894637951 F100.000000
; P02 POINT 1308 point-0001308 deposition
G1 A0.000000 C0.000000 X238.255374 Y259.660028 Z272.400000 E23.75688827328534148587 F100.000000
; P02 POINT 1309 point-0001309 deposition
G1 A0.000000 C0.000000 X238.256467 Y259.661245 Z272.400000 E23.75699707058173660793 F100.000000
; P02 POINT 1310 point-0001310 deposition
G1 A0.000000 C0.000000 X239.244868 Y260.752330 Z272.400000 E23.85492891562900335793 F100.000000
; P02 POINT 1311 point-0001311 deposition
G1 A0.000000 C0.000000 X239.245971 Y260.753538 Z272.400000 E23.85503772304554839007 F100.000000
; P02 POINT 1312 point-0001312 deposition
G1 A0.000000 C0.000000 X239.247084 Y260.754736 Z272.400000 E23.85514653046209342045 F100.000000
; P02 POINT 1313 point-0001313 deposition
G1 A0.000000 C0.000000 X239.248207 Y260.755926 Z272.400000 E23.85525533787863843100 F100.000000
; P02 POINT 1314 point-0001314 deposition
G1 A0.000000 C0.000000 X239.249339 Y260.757106 Z272.400000 E23.85536414529518349000 F100.000000
; P02 POINT 1315 point-0001315 deposition
G1 A0.000000 C0.000000 X239.250481 Y260.758277 Z272.400000 E23.85547295271172849068 F100.000000
; P02 POINT 1316 point-0001316 deposition
G1 A0.000000 C0.000000 X239.251633 Y260.759439 Z272.400000 E23.85558176012827357784 F100.000000
; P02 POINT 1317 point-0001317 deposition
G1 A0.000000 C0.000000 X239.252794 Y260.760591 Z272.400000 E23.85569056754481858887 F100.000000
; P02 POINT 1318 point-0001318 deposition
G1 A0.000000 C0.000000 X239.253964 Y260.761734 Z272.400000 E23.85579937496136362002 F100.000000
; P02 POINT 1319 point-0001319 deposition
G1 A0.000000 C0.000000 X239.255144 Y260.762867 Z272.400000 E23.85590818237790859138 F100.000000
; P02 POINT 1320 point-0001320 deposition
G1 A0.000000 C0.000000 X239.256333 Y260.763990 Z272.400000 E23.85601698979445368303 F100.000000
; P02 POINT 1321 point-0001321 deposition
G1 A0.000000 C0.000000 X239.257531 Y260.765104 Z272.400000 E23.85612579721099866611 F100.000000
; P02 POINT 1322 point-0001322 deposition
G1 A0.000000 C0.000000 X239.258738 Y260.766207 Z272.400000 E23.85623460462754366625 F100.000000
; P02 POINT 1323 point-0001323 deposition
G1 A0.000000 C0.000000 X240.349286 Y261.755187 Z272.400000 E23.95416579682980291625 F100.000000
; P02 POINT 1324 point-0001324 deposition
G1 A0.000000 C0.000000 X240.350502 Y261.756281 Z272.400000 E23.95427461837143693032 F100.000000
; P02 POINT 1325 point-0001325 deposition
G1 A0.000000 C0.000000 X240.351727 Y261.757365 Z272.400000 E23.95438343991307083197 F100.000000
; P02 POINT 1326 point-0001326 deposition
G1 A0.000000 C0.000000 X240.352961 Y261.758439 Z272.400000 E23.95449226145470467885 F100.000000
; P02 POINT 1327 point-0001327 deposition
G1 A0.000000 C0.000000 X240.354204 Y261.759503 Z272.400000 E23.95460108299633855803 F100.000000
; P02 POINT 1328 point-0001328 deposition
G1 A0.000000 C0.000000 X240.355455 Y261.760557 Z272.400000 E23.95470990453797250862 F100.000000
; P02 POINT 1329 point-0001329 deposition
G1 A0.000000 C0.000000 X240.356715 Y261.761600 Z272.400000 E23.95481872607960645542 F100.000000
; P02 POINT 1330 point-0001330 deposition
G1 A0.000000 C0.000000 X240.357984 Y261.762633 Z272.400000 E23.95492754762124036131 F100.000000
; P02 POINT 1331 point-0001331 deposition
G1 A0.000000 C0.000000 X240.359261 Y261.763656 Z272.400000 E23.95503636916287424101 F100.000000
; P02 POINT 1332 point-0001332 deposition
G1 A0.000000 C0.000000 X240.360546 Y261.764668 Z272.400000 E23.95514519070450820374 F100.000000
; P02 POINT 1333 point-0001333 deposition
G1 A0.000000 C0.000000 X240.361840 Y261.765669 Z272.400000 E23.95525401224614215148 F100.000000
; P02 POINT 1334 point-0001334 deposition
G1 A0.000000 C0.000000 X240.363141 Y261.766660 Z272.400000 E23.95536283378777605676 F100.000000
; P02 POINT 1335 point-0001335 deposition
G1 A0.000000 C0.000000 X240.364451 Y261.767640 Z272.400000 E23.95547165532940998568 F100.000000
; P02 POINT 1336 point-0001336 deposition
G1 A0.000000 C0.000000 X241.546667 Y262.644989 Z272.400000 E24.05340288563085598568 F100.000000
; P02 POINT 1337 point-0001337 deposition
G1 A0.000000 C0.000000 X241.547985 Y262.645959 Z272.400000 E24.05351172520918693614 F100.000000
; P02 POINT 1338 point-0001338 deposition
G1 A0.000000 C0.000000 X241.549311 Y262.646918 Z272.400000 E24.05362056478751794619 F100.000000
; P02 POINT 1339 point-0001339 deposition
G1 A0.000000 C0.000000 X241.550645 Y262.647866 Z272.400000 E24.05372940436584901926 F100.000000
; P02 POINT 1340 point-0001340 deposition
G1 A0.000000 C0.000000 X241.551986 Y262.648803 Z272.400000 E24.05383824394417997964 F100.000000
; P02 POINT 1341 point-0001341 deposition
G1 A0.000000 C0.000000 X241.553335 Y262.649729 Z272.400000 E24.05394708352251103806 F100.000000
; P02 POINT 1342 point-0001342 deposition
G1 A0.000000 C0.000000 X241.554691 Y262.650644 Z272.400000 E24.05405592310084211123 F100.000000
; P02 POINT 1343 point-0001343 deposition
G1 A0.000000 C0.000000 X241.556055 Y262.651548 Z272.400000 E24.05416476267917313752 F100.000000
; P02 POINT 1344 point-0001344 deposition
G1 A0.000000 C0.000000 X241.557426 Y262.652440 Z272.400000 E24.05427360225750411238 F100.000000
; P02 POINT 1345 point-0001345 deposition
G1 A0.000000 C0.000000 X241.558805 Y262.653322 Z272.400000 E24.05438244183583509259 F100.000000
; P02 POINT 1346 point-0001346 deposition
G1 A0.000000 C0.000000 X241.560191 Y262.654192 Z272.400000 E24.05449128141416609325 F100.000000
; P02 POINT 1347 point-0001347 deposition
G1 A0.000000 C0.000000 X241.561583 Y262.655051 Z272.400000 E24.05460012099249714854 F100.000000
; P02 POINT 1348 point-0001348 deposition
G1 A0.000000 C0.000000 X241.562983 Y262.655898 Z272.400000 E24.05470896057082816025 F100.000000
; P02 POINT 1349 point-0001349 deposition
G1 A0.000000 C0.000000 X242.825499 Y263.413149 Z272.400000 E24.15264017273220108025 F100.000000
; P02 POINT 1350 point-0001350 deposition
G1 A0.000000 C0.000000 X242.826906 Y263.413985 Z272.400000 E24.15274903475128545672 F100.000000
; P02 POINT 1351 point-0001351 deposition
G1 A0.000000 C0.000000 X242.828320 Y263.414809 Z272.400000 E24.15285789677036986591 F100.000000
; P02 POINT 1352 point-0001352 deposition
G1 A0.000000 C0.000000 X242.829740 Y263.415622 Z272.400000 E24.15296675878945435811 F100.000000
; P02 POINT 1353 point-0001353 deposition
G1 A0.000000 C0.000000 X242.831167 Y263.416423 Z272.400000 E24.15307562080853873920 F100.000000
; P02 POINT 1354 point-0001354 deposition
G1 A0.000000 C0.000000 X242.832601 Y263.417213 Z272.400000 E24.15318448282762314172 F100.000000
; P02 POINT 1355 point-0001355 deposition
G1 A0.000000 C0.000000 X242.834040 Y263.417991 Z272.400000 E24.15329334484670760590 F100.000000
; P02 POINT 1356 point-0001356 deposition
G1 A0.000000 C0.000000 X242.835487 Y263.418757 Z272.400000 E24.15340220686579198187 F100.000000
; P02 POINT 1357 point-0001357 deposition
G1 A0.000000 C0.000000 X242.836939 Y263.419511 Z272.400000 E24.15351106888487643474 F100.000000
; P02 POINT 1358 point-0001358 deposition
G1 A0.000000 C0.000000 X242.838398 Y263.420253 Z272.400000 E24.15361993090396087305 F100.000000
; P02 POINT 1359 point-0001359 deposition
G1 A0.000000 C0.000000 X242.839862 Y263.420983 Z272.400000 E24.15372879292304526112 F100.000000
; P02 POINT 1360 point-0001360 deposition
G1 A0.000000 C0.000000 X242.841333 Y263.421701 Z272.400000 E24.15383765494212972628 F100.000000
; P02 POINT 1361 point-0001361 deposition
G1 A0.000000 C0.000000 X242.842809 Y263.422408 Z272.400000 E24.15394651696121412563 F100.000000
; P02 POINT 1362 point-0001362 deposition
G1 A0.000000 C0.000000 X244.173527 Y264.052263 Z272.400000 E24.25188120921608337563 F100.000000
; P02 POINT 1363 point-0001363 deposition
G1 A0.000000 C0.000000 X244.175010 Y264.052958 Z272.400000 E24.25199009502659012488 F100.000000
; P02 POINT 1364 point-0001364 deposition
G1 A0.000000 C0.000000 X244.176498 Y264.053640 Z272.400000 E24.25209898083709688026 F100.000000
; P02 POINT 1365 point-0001365 deposition
G1 A0.000000 C0.000000 X244.177991 Y264.054309 Z272.400000 E24.25220786664760365399 F100.000000
; P02 POINT 1366 point-0001366 deposition
G1 A0.000000 C0.000000 X244.179490 Y264.054967 Z272.400000 E24.25231675245811034197 F100.000000
; P02 POINT 1367 point-0001367 deposition
G1 A0.000000 C0.000000 X244.180995 Y264.055612 Z272.400000 E24.25242563826861712238 F100.000000
; P02 POINT 1368 point-0001368 deposition
G1 A0.000000 C0.000000 X244.182504 Y264.056245 Z272.400000 E24.25253452407912386555 F100.000000
; P02 POINT 1369 point-0001369 deposition
G1 A0.000000 C0.000000 X244.184019 Y264.056866 Z272.400000 E24.25264340988963061093 F100.000000
; P02 POINT 1370 point-0001370 deposition
G1 A0.000000 C0.000000 X244.185539 Y264.057474 Z272.400000 E24.25275229570013731807 F100.000000
; P02 POINT 1371 point-0001371 deposition
G1 A0.000000 C0.000000 X244.187063 Y264.058070 Z272.400000 E24.25286118151064407957 F100.000000
; P02 POINT 1372 point-0001372 deposition
G1 A0.000000 C0.000000 X244.188593 Y264.058653 Z272.400000 E24.25297006732115081877 F100.000000
; P02 POINT 1373 point-0001373 deposition
G1 A0.000000 C0.000000 X244.190127 Y264.059224 Z272.400000 E24.25307895313165754124 F100.000000
; P02 POINT 1374 point-0001374 deposition
G1 A0.000000 C0.000000 X244.191666 Y264.059782 Z272.400000 E24.25318783894216427816 F100.000000
; P02 POINT 1375 point-0001375 deposition
G1 A0.000000 C0.000000 X245.577742 Y264.556122 Z272.400000 E24.35112326382090107816 F100.000000
; P02 POINT 1376 point-0001376 deposition
G1 A0.000000 C0.000000 X245.579286 Y264.556668 Z272.400000 E24.35123216955123225132 F100.000000
; P02 POINT 1377 point-0001377 deposition
G1 A0.000000 C0.000000 X245.580834 Y264.557201 Z272.400000 E24.35134107528156351051 F100.000000
; P02 POINT 1378 point-0001378 deposition
G1 A0.000000 C0.000000 X245.582386 Y264.557721 Z272.400000 E24.35144998101189468271 F100.000000
; P02 POINT 1379 point-0001379 deposition
G1 A0.000000 C0.000000 X245.583943 Y264.558229 Z272.400000 E24.35155888674222589318 F100.000000
; P02 POINT 1380 point-0001380 deposition
G1 A0.000000 C0.000000 X245.585503 Y264.558723 Z272.400000 E24.35166779247255704967 F100.000000
; P02 POINT 1381 point-0001381 deposition
G1 A0.000000 C0.000000 X245.587068 Y264.559206 Z272.400000 E24.35177669820288828211 F100.000000
; P02 POINT 1382 point-0001382 deposition
G1 A0.000000 C0.000000 X245.588637 Y264.559675 Z272.400000 E24.35188560393321949552 F100.000000
; P02 POINT 1383 point-0001383 deposition
G1 A0.000000 C0.000000 X245.590209 Y264.560131 Z272.400000 E24.35199450966355063893 F100.000000
; P02 POINT 1384 point-0001384 deposition
G1 A0.000000 C0.000000 X245.591785 Y264.560574 Z272.400000 E24.35210341539388184601 F100.000000
; P02 POINT 1385 point-0001385 deposition
G1 A0.000000 C0.000000 X245.593364 Y264.561005 Z272.400000 E24.35221232112421309132 F100.000000
; P02 POINT 1386 point-0001386 deposition
G1 A0.000000 C0.000000 X245.594947 Y264.561423 Z272.400000 E24.35232122685454422684 F100.000000
; P02 POINT 1387 point-0001387 deposition
G1 A0.000000 C0.000000 X245.596534 Y264.561827 Z272.400000 E24.35243013258487546387 F100.000000
; P02 POINT 1388 point-0001388 deposition
G1 A0.000000 C0.000000 X247.024587 Y264.919833 Z272.400000 E24.45036423363246231387 F100.000000
; P02 POINT 1389 point-0001389 deposition
G1 A0.000000 C0.000000 X247.026177 Y264.920224 Z272.400000 E24.45047315599658681893 F100.000000
; P02 POINT 1390 point-0001390 deposition
G1 A0.000000 C0.000000 X247.027770 Y264.920603 Z272.400000 E24.45058207836071135434 F100.000000
; P02 POINT 1391 point-0001391 deposition
G1 A0.000000 C0.000000 X247.029366 Y264.920969 Z272.400000 E24.45069100072483590267 F100.000000
; P02 POINT 1392 point-0001392 deposition
G1 A0.000000 C0.000000 X247.030965 Y264.921321 Z272.400000 E24.45079992308896043907 F100.000000
; P02 POINT 1393 point-0001393 deposition
G1 A0.000000 C0.000000 X247.032567 Y264.921660 Z272.400000 E24.45090884545308496592 F100.000000
; P02 POINT 1394 point-0001394 deposition
G1 A0.000000 C0.000000 X247.034172 Y264.921987 Z272.400000 E24.45101776781720948678 F100.000000
; P02 POINT 1395 point-0001395 deposition
G1 A0.000000 C0.000000 X247.035779 Y264.922300 Z272.400000 E24.45112669018133403270 F100.000000
; P02 POINT 1396 point-0001396 deposition
G1 A0.000000 C0.000000 X247.037388 Y264.922600 Z272.400000 E24.45123561254545857871 F100.000000
; P02 POINT 1397 point-0001397 deposition
G1 A0.000000 C0.000000 X247.039001 Y264.922887 Z272.400000 E24.45134453490958309083 F100.000000
; P02 POINT 1398 point-0001398 deposition
G1 A0.000000 C0.000000 X247.040615 Y264.923160 Z272.400000 E24.45145345727370763222 F100.000000
; P02 POINT 1399 point-0001399 deposition
G1 A0.000000 C0.000000 X247.042232 Y264.923420 Z272.400000 E24.45156237963783217083 F100.000000
; P02 POINT 1400 point-0001400 deposition
G1 A0.000000 C0.000000 X247.043850 Y264.923668 Z272.400000 E24.45167130200195669713 F100.000000
; P02 POINT 1401 point-0001401 deposition
G1 A0.000000 C0.000000 X248.500151 Y265.139874 Z272.400000 E24.54960657781558862713 F100.000000
; P02 POINT 1402 point-0001402 deposition
G1 A0.000000 C0.000000 X248.501771 Y265.140108 Z272.400000 E24.54971551162927125076 F100.000000
; P02 POINT 1403 point-0001403 deposition
G1 A0.000000 C0.000000 X248.503394 Y265.140329 Z272.400000 E24.54982444544295386124 F100.000000
; P02 POINT 1404 point-0001404 deposition
G1 A0.000000 C0.000000 X248.505019 Y265.140536 Z272.400000 E24.54993337925663649452 F100.000000
; P02 POINT 1405 point-0001405 deposition
G1 A0.000000 C0.000000 X248.506645 Y265.140730 Z272.400000 E24.55004231307031912496 F100.000000
; P02 POINT 1406 point-0001406 deposition
G1 A0.000000 C0.000000 X248.508272 Y265.140910 Z272.400000 E24.55015124688400174639 F100.000000
; P02 POINT 1407 point-0001407 deposition
G1 A0.000000 C0.000000 X248.509901 Y265.141078 Z272.400000 E24.55026018069768438549 F100.000000
; P02 POINT 1408 point-0001408 deposition
G1 A0.000000 C0.000000 X248.511532 Y265.141232 Z272.400000 E24.55036911451136700510 F100.000000
; P02 POINT 1409 point-0001409 deposition
G1 A0.000000 C0.000000 X248.513163 Y265.141372 Z272.400000 E24.55047804832504962962 F100.000000
; P02 POINT 1410 point-0001410 deposition
G1 A0.000000 C0.000000 X248.514796 Y265.141500 Z272.400000 E24.55058698213873226576 F100.000000
; P02 POINT 1411 point-0001411 deposition
G1 A0.000000 C0.000000 X248.516429 Y265.141614 Z272.400000 E24.55069591595241490010 F100.000000
; P02 POINT 1412 point-0001412 deposition
G1 A0.000000 C0.000000 X248.518064 Y265.141714 Z272.400000 E24.55080484976609752906 F100.000000
; P02 POINT 1413 point-0001413 deposition
G1 A0.000000 C0.000000 X248.519699 Y265.141801 Z272.400000 E24.55091378357978014925 F100.000000
; P02 POINT 1414 point-0001414 deposition
G1 A0.000000 C0.000000 X249.990178 Y265.214104 Z272.400000 E24.64884859678388259925 F100.000000
; P02 POINT 1415 point-0001415 deposition
G1 A0.000000 C0.000000 X249.991814 Y265.214178 Z272.400000 E24.64895753416716046573 F100.000000
; P02 POINT 1416 point-0001416 deposition
G1 A0.000000 C0.000000 X249.993451 Y265.214238 Z272.400000 E24.64906647155043834938 F100.000000
; P02 POINT 1417 point-0001417 deposition
G1 A0.000000 C0.000000 X249.995088 Y265.214285 Z272.400000 E24.64917540893371622730 F100.000000
; P02 POINT 1418 point-0001418 deposition
G1 A0.000000 C0.000000 X249.996725 Y265.214318 Z272.400000 E24.64928434631699410663 F100.000000
; P02 POINT 1419 point-0001419 deposition
G1 A0.000000 C0.000000 X249.998362 Y265.214338 Z272.400000 E24.64939328370027198890 F100.000000
; P02 POINT 1420 point-0001420 deposition
G1 A0.000000 C0.000000 X250.000000 Y265.214345 Z272.400000 E24.64950222108354986746 F100.000000
; P02 POINT 1421 point-0001421 deposition
G1 A0.000000 C0.000000 X250.001638 Y265.214338 Z272.400000 E24.64961115846682774584 F100.000000
; P02 POINT 1422 point-0001422 deposition
G1 A0.000000 C0.000000 X250.003275 Y265.214318 Z272.400000 E24.64972009585010562776 F100.000000
; P02 POINT 1423 point-0001423 deposition
G1 A0.000000 C0.000000 X250.004912 Y265.214285 Z272.400000 E24.64982903323338350760 F100.000000
; P02 POINT 1424 point-0001424 deposition
G1 A0.000000 C0.000000 X250.006549 Y265.214238 Z272.400000 E24.64993797061666138762 F100.000000
; P02 POINT 1425 point-0001425 deposition
G1 A0.000000 C0.000000 X250.008186 Y265.214178 Z272.400000 E24.65004690799993926668 F100.000000
; P02 POINT 1426 point-0001426 deposition
G1 A0.000000 C0.000000 X250.009822 Y265.214104 Z272.400000 E24.65015584538321714941 F100.000000
; P02 POINT 1427 point-0001427 deposition
G1 A0.000000 C0.000000 X251.480300 Y265.141801 Z272.400000 E24.74809058760851917941 F100.000000
; P02 POINT 1428 point-0001428 deposition
G1 A0.000000 C0.000000 X251.481935 Y265.141714 Z272.400000 E24.74819952134363232169 F100.000000
; P02 POINT 1429 point-0001429 deposition
G1 A0.000000 C0.000000 X251.483569 Y265.141614 Z272.400000 E24.74830845507874546656 F100.000000
; P02 POINT 1430 point-0001430 deposition
G1 A0.000000 C0.000000 X251.485203 Y265.141500 Z272.400000 E24.74841738881385863275 F100.000000
; P02 POINT 1431 point-0001431 deposition
G1 A0.000000 C0.000000 X251.486836 Y265.141373 Z272.400000 E24.74852632254897177514 F100.000000
; P02 POINT 1432 point-0001432 deposition
G1 A0.000000 C0.000000 X251.488467 Y265.141232 Z272.400000 E24.74863525628408492806 F100.000000
; P02 POINT 1433 point-0001433 deposition
G1 A0.000000 C0.000000 X251.490098 Y265.141078 Z272.400000 E24.74874419001919807712 F100.000000
; P02 POINT 1434 point-0001434 deposition
G1 A0.000000 C0.000000 X251.491727 Y265.140911 Z272.400000 E24.74885312375431122655 F100.000000
; P02 POINT 1435 point-0001435 deposition
G1 A0.000000 C0.000000 X251.493354 Y265.140730 Z272.400000 E24.74896205748942437954 F100.000000
; P02 POINT 1436 point-0001436 deposition
G1 A0.000000 C0.000000 X251.494980 Y265.140536 Z272.400000 E24.74907099122453752836 F100.000000
; P02 POINT 1437 point-0001437 deposition
G1 A0.000000 C0.000000 X251.496605 Y265.140329 Z272.400000 E24.74917992495965068802 F100.000000
; P02 POINT 1438 point-0001438 deposition
G1 A0.000000 C0.000000 X251.498227 Y265.140108 Z272.400000 E24.74928885869476383213 F100.000000
; P02 POINT 1439 point-0001439 deposition
G1 A0.000000 C0.000000 X251.499848 Y265.139874 Z272.400000 E24.74939779242987698554 F100.000000
; P02 POINT 1440 point-0001440 deposition
G1 A0.000000 C0.000000 X252.956148 Y264.923668 Z272.400000 E24.84733299859306265554 F100.000000
; P02 POINT 1441 point-0001441 deposition
G1 A0.000000 C0.000000 X252.957766 Y264.923421 Z272.400000 E24.84744192087962175448 F100.000000
; P02 POINT 1442 point-0001442 deposition
G1 A0.000000 C0.000000 X252.959383 Y264.923161 Z272.400000 E24.84755084316618083620 F100.000000
; P02 POINT 1443 point-0001443 deposition
G1 A0.000000 C0.000000 X252.960997 Y264.922887 Z272.400000 E24.84765976545273993740 F100.000000
; P02 POINT 1444 point-0001444 deposition
G1 A0.000000 C0.000000 X252.962609 Y264.922600 Z272.400000 E24.84776868773929899081 F100.000000
; P02 POINT 1445 point-0001445 deposition
G1 A0.000000 C0.000000 X252.964219 Y264.922300 Z272.400000 E24.84787761002585808218 F100.000000
; P02 POINT 1446 point-0001446 deposition
G1 A0.000000 C0.000000 X252.965826 Y264.921987 Z272.400000 E24.84798653231241717080 F100.000000
; P02 POINT 1447 point-0001447 deposition
G1 A0.000000 C0.000000 X252.967431 Y264.921661 Z272.400000 E24.84809545459897624847 F100.000000
; P02 POINT 1448 point-0001448 deposition
G1 A0.000000 C0.000000 X252.969033 Y264.921321 Z272.400000 E24.84820437688553533698 F100.000000
; P02 POINT 1449 point-0001449 deposition
G1 A0.000000 C0.000000 X252.970632 Y264.920969 Z272.400000 E24.84831329917209443393 F100.000000
; P02 POINT 1450 point-0001450 deposition
G1 A0.000000 C0.000000 X252.972228 Y264.920603 Z272.400000 E24.84842222145865350787 F100.000000
; P02 POINT 1451 point-0001451 deposition
G1 A0.000000 C0.000000 X252.973821 Y264.920225 Z272.400000 E24.84853114374521259306 F100.000000
; P02 POINT 1452 point-0001452 deposition
G1 A0.000000 C0.000000 X252.975411 Y264.919833 Z272.400000 E24.84864006603177167926 F100.000000
; P02 POINT 1453 point-0001453 deposition
G1 A0.000000 C0.000000 X254.403463 Y264.561828 Z272.400000 E24.94657409656004357926 F100.000000
; P02 POINT 1454 point-0001454 deposition
G1 A0.000000 C0.000000 X254.405050 Y264.561423 Z272.400000 E24.94668300221072751120 F100.000000
; P02 POINT 1455 point-0001455 deposition
G1 A0.000000 C0.000000 X254.406633 Y264.561006 Z272.400000 E24.94679190786141140478 F100.000000
; P02 POINT 1456 point-0001456 deposition
G1 A0.000000 C0.000000 X254.408212 Y264.560575 Z272.400000 E24.94690081351209526645 F100.000000
; P02 POINT 1457 point-0001457 deposition
G1 A0.000000 C0.000000 X254.409788 Y264.560132 Z272.400000 E24.94700971916277916548 F100.000000
; P02 POINT 1458 point-0001458 deposition
G1 A0.000000 C0.000000 X254.411360 Y264.559676 Z272.400000 E24.94711862481346308065 F100.000000
; P02 POINT 1459 point-0001459 deposition
G1 A0.000000 C0.000000 X254.412929 Y264.559206 Z272.400000 E24.94722753046414701425 F100.000000
; P02 POINT 1460 point-0001460 deposition
G1 A0.000000 C0.000000 X254.414494 Y264.558724 Z272.400000 E24.94733643611483089393 F100.000000
; P02 POINT 1461 point-0001461 deposition
G1 A0.000000 C0.000000 X254.416054 Y264.558230 Z272.400000 E24.94744534176551481248 F100.000000
; P02 POINT 1462 point-0001462 deposition
G1 A0.000000 C0.000000 X254.417611 Y264.557722 Z272.400000 E24.94755424741619867707 F100.000000
; P02 POINT 1463 point-0001463 deposition
G1 A0.000000 C0.000000 X254.419163 Y264.557202 Z272.400000 E24.94766315306688260745 F100.000000
; P02 POINT 1464 point-0001464 deposition
G1 A0.000000 C0.000000 X254.420711 Y264.556669 Z272.400000 E24.94777205871756646986 F100.000000
; P02 POINT 1465 point-0001465 deposition
G1 A0.000000 C0.000000 X254.422255 Y264.556123 Z272.400000 E24.94788096436825039224 F100.000000
; P02 POINT 1466 point-0001466 deposition
G1 A0.000000 C0.000000 X255.808330 Y264.059784 Z272.400000 E25.04581631733768884224 F100.000000
; P02 POINT 1467 point-0001467 deposition
G1 A0.000000 C0.000000 X255.809869 Y264.059226 Z272.400000 E25.04592520306916405309 F100.000000
; P02 POINT 1468 point-0001468 deposition
G1 A0.000000 C0.000000 X255.811403 Y264.058655 Z272.400000 E25.04603408880063915175 F100.000000
; P02 POINT 1469 point-0001469 deposition
G1 A0.000000 C0.000000 X255.812933 Y264.058072 Z272.400000 E25.04614297453211433765 F100.000000
; P02 POINT 1470 point-0001470 deposition
G1 A0.000000 C0.000000 X255.814457 Y264.057476 Z272.400000 E25.04625186026358951316 F100.000000
; P02 POINT 1471 point-0001471 deposition
G1 A0.000000 C0.000000 X255.815977 Y264.056868 Z272.400000 E25.04636074599506469155 F100.000000
; P02 POINT 1472 point-0001472 deposition
G1 A0.000000 C0.000000 X255.817492 Y264.056247 Z272.400000 E25.04646963172653986082 F100.000000
; P02 POINT 1473 point-0001473 deposition
G1 A0.000000 C0.000000 X255.819001 Y264.055614 Z272.400000 E25.04657851745801505898 F100.000000
; P02 POINT 1474 point-0001474 deposition
G1 A0.000000 C0.000000 X255.820506 Y264.054969 Z272.400000 E25.04668740318949020842 F100.000000
; P02 POINT 1475 point-0001475 deposition
G1 A0.000000 C0.000000 X255.822005 Y264.054311 Z272.400000 E25.04679628892096535645 F100.000000
; P02 POINT 1476 point-0001476 deposition
G1 A0.000000 C0.000000 X255.823498 Y264.053641 Z272.400000 E25.04690517465244056701 F100.000000
; P02 POINT 1477 point-0001477 deposition
G1 A0.000000 C0.000000 X255.824986 Y264.052959 Z272.400000 E25.04701406038391568097 F100.000000
; P02 POINT 1478 point-0001478 deposition
G1 A0.000000 C0.000000 X255.826469 Y264.052265 Z272.400000 E25.04712294611539082553 F100.000000
; P02 POINT 1479 point-0001479 deposition
G1 A0.000000 C0.000000 X257.157186 Y263.422410 Z272.400000 E25.14505756754205162553 F100.000000
; P02 POINT 1480 point-0001480 deposition
G1 A0.000000 C0.000000 X257.158663 Y263.421704 Z272.400000 E25.14516642948408234666 F100.000000
; P02 POINT 1481 point-0001481 deposition
G1 A0.000000 C0.000000 X257.160133 Y263.420986 Z272.400000 E25.14527529142611305702 F100.000000
; P02 POINT 1482 point-0001482 deposition
G1 A0.000000 C0.000000 X257.161598 Y263.420255 Z272.400000 E25.14538415336814375694 F100.000000
; P02 POINT 1483 point-0001483 deposition
G1 A0.000000 C0.000000 X257.163056 Y263.419513 Z272.400000 E25.14549301531017447159 F100.000000
; P02 POINT 1484 point-0001484 deposition
G1 A0.000000 C0.000000 X257.164509 Y263.418759 Z272.400000 E25.14560187725220518771 F100.000000
; P02 POINT 1485 point-0001485 deposition
G1 A0.000000 C0.000000 X257.165955 Y263.417993 Z272.400000 E25.14571073919423591534 F100.000000
; P02 POINT 1486 point-0001486 deposition
G1 A0.000000 C0.000000 X257.167395 Y263.417215 Z272.400000 E25.14581960113626662391 F100.000000
; P02 POINT 1487 point-0001487 deposition
G1 A0.000000 C0.000000 X257.168828 Y263.416426 Z272.400000 E25.14592846307829731096 F100.000000
; P02 POINT 1488 point-0001488 deposition
G1 A0.000000 C0.000000 X257.170255 Y263.415625 Z272.400000 E25.14603732502032804094 F100.000000
; P02 POINT 1489 point-0001489 deposition
G1 A0.000000 C0.000000 X257.171675 Y263.414812 Z272.400000 E25.14614618696235871530 F100.000000
; P02 POINT 1490 point-0001490 deposition
G1 A0.000000 C0.000000 X257.173089 Y263.413987 Z272.400000 E25.14625504890438939004 F100.000000
; P02 POINT 1491 point-0001491 deposition
G1 A0.000000 C0.000000 X257.174496 Y263.413151 Z272.400000 E25.14636391084642011900 F100.000000
; P02 POINT 1492 point-0001492 deposition
G1 A0.000000 C0.000000 X258.437012 Y262.655902 Z272.400000 E25.24429505536336403900 F100.000000
; P02 POINT 1493 point-0001493 deposition
G1 A0.000000 C0.000000 X258.438411 Y262.655054 Z272.400000 E25.24440389487249043400 F100.000000
; P02 POINT 1494 point-0001494 deposition
G1 A0.000000 C0.000000 X258.439804 Y262.654196 Z272.400000 E25.24451273438161664876 F100.000000
; P02 POINT 1495 point-0001495 deposition
G1 A0.000000 C0.000000 X258.441190 Y262.653325 Z272.400000 E25.24462157389074305256 F100.000000
; P02 POINT 1496 point-0001496 deposition
G1 A0.000000 C0.000000 X258.442568 Y262.652444 Z272.400000 E25.24473041339986924316 F100.000000
; P02 POINT 1497 point-0001497 deposition
G1 A0.000000 C0.000000 X258.443939 Y262.651551 Z272.400000 E25.24483925290899557604 F100.000000
; P02 POINT 1498 point-0001498 deposition
G1 A0.000000 C0.000000 X258.445303 Y262.650647 Z272.400000 E25.24494809241812188088 F100.000000
; P02 POINT 1499 point-0001499 deposition
G1 A0.000000 C0.000000 X258.446660 Y262.649732 Z272.400000 E25.24505693192724814462 F100.000000
; P02 POINT 1500 point-0001500 deposition
G1 A0.000000 C0.000000 X258.448009 Y262.648806 Z272.400000 E25.24516577143637442104 F100.000000
; P02 POINT 1501 point-0001501 deposition
G1 A0.000000 C0.000000 X258.449350 Y262.647869 Z272.400000 E25.24527461094550073914 F100.000000
; P02 POINT 1502 point-0001502 deposition
G1 A0.000000 C0.000000 X258.450684 Y262.646921 Z272.400000 E25.24538345045462698331 F100.000000
; P02 POINT 1503 point-0001503 deposition
G1 A0.000000 C0.000000 X258.452009 Y262.645962 Z272.400000 E25.24549228996375325029 F100.000000
; P02 POINT 1504 point-0001504 deposition
G1 A0.000000 C0.000000 X258.453327 Y262.644993 Z272.400000 E25.24560112947287963557 F100.000000
; P02 POINT 1505 point-0001505 deposition
G1 A0.000000 C0.000000 X259.635543 Y261.767645 Z272.400000 E25.34353229715659836557 F100.000000
; P02 POINT 1506 point-0001506 deposition
G1 A0.000000 C0.000000 X259.636853 Y261.766665 Z272.400000 E25.34364111868016548991 F100.000000
; P02 POINT 1507 point-0001507 deposition
G1 A0.000000 C0.000000 X259.638155 Y261.765674 Z272.400000 E25.34374994020373254511 F100.000000
; P02 POINT 1508 point-0001508 deposition
G1 A0.000000 C0.000000 X259.639448 Y261.764672 Z272.400000 E25.34385876172729968437 F100.000000
; P02 POINT 1509 point-0001509 deposition
G1 A0.000000 C0.000000 X259.640733 Y261.763660 Z272.400000 E25.34396758325086675081 F100.000000
; P02 POINT 1510 point-0001510 deposition
G1 A0.000000 C0.000000 X259.642010 Y261.762638 Z272.400000 E25.34407640477443381240 F100.000000
; P02 POINT 1511 point-0001511 deposition
G1 A0.000000 C0.000000 X259.643279 Y261.761605 Z272.400000 E25.34418522629800084254 F100.000000
; P02 POINT 1512 point-0001512 deposition
G1 A0.000000 C0.000000 X259.644539 Y261.760561 Z272.400000 E25.34429404782156785552 F100.000000
; P02 POINT 1513 point-0001513 deposition
G1 A0.000000 C0.000000 X259.645790 Y261.759508 Z272.400000 E25.34440286934513488338 F100.000000
; P02 POINT 1514 point-0001514 deposition
G1 A0.000000 C0.000000 X259.647033 Y261.758444 Z272.400000 E25.34451169086870205429 F100.000000
; P02 POINT 1515 point-0001515 deposition
G1 A0.000000 C0.000000 X259.648267 Y261.757370 Z272.400000 E25.34462051239226912362 F100.000000
; P02 POINT 1516 point-0001516 deposition
G1 A0.000000 C0.000000 X259.649492 Y261.756286 Z272.400000 E25.34472933391583608837 F100.000000
; P02 POINT 1517 point-0001517 deposition
G1 A0.000000 C0.000000 X259.650709 Y261.755192 Z272.400000 E25.34483815543940317960 F100.000000
; P02 POINT 1518 point-0001518 deposition
G1 A0.000000 C0.000000 X260.741257 Y260.766212 Z272.400000 E25.44276940871818412960 F100.000000
; P02 POINT 1519 point-0001519 deposition
G1 A0.000000 C0.000000 X260.742465 Y260.765108 Z272.400000 E25.44287821587657561696 F100.000000
; P02 POINT 1520 point-0001520 deposition
G1 A0.000000 C0.000000 X260.743663 Y260.763995 Z272.400000 E25.44298702303496697644 F100.000000
; P02 POINT 1521 point-0001521 deposition
G1 A0.000000 C0.000000 X260.744852 Y260.762871 Z272.400000 E25.44309583019335849266 F100.000000
; P02 POINT 1522 point-0001522 deposition
G1 A0.000000 C0.000000 X260.746031 Y260.761738 Z272.400000 E25.44320463735174992855 F100.000000
; P02 POINT 1523 point-0001523 deposition
G1 A0.000000 C0.000000 X260.747202 Y260.760596 Z272.400000 E25.44331344451014132062 F100.000000
; P02 POINT 1524 point-0001524 deposition
G1 A0.000000 C0.000000 X260.748363 Y260.759443 Z272.400000 E25.44342225166853279546 F100.000000
; P02 POINT 1525 point-0001525 deposition
G1 A0.000000 C0.000000 X260.749514 Y260.758282 Z272.400000 E25.44353105882692418438 F100.000000
; P02 POINT 1526 point-0001526 deposition
G1 A0.000000 C0.000000 X260.750656 Y260.757111 Z272.400000 E25.44363986598531567840 F100.000000
; P02 POINT 1527 point-0001527 deposition
G1 A0.000000 C0.000000 X260.751789 Y260.755930 Z272.400000 E25.44374867314370715226 F100.000000
; P02 POINT 1528 point-0001528 deposition
G1 A0.000000 C0.000000 X260.752911 Y260.754741 Z272.400000 E25.44385748030209860896 F100.000000
; P02 POINT 1529 point-0001529 deposition
G1 A0.000000 C0.000000 X260.754024 Y260.753542 Z272.400000 E25.44396628746049001671 F100.000000
; P02 POINT 1530 point-0001530 deposition
G1 A0.000000 C0.000000 X260.755127 Y260.752334 Z272.400000 E25.44407509461888142251 F100.000000
; P02 POINT 1531 point-0001531 deposition
G1 A0.000000 C0.000000 X261.743524 Y259.661256 Z272.400000 E25.54200636677028722251 F100.000000
; P02 POINT 1532 point-0001532 deposition
G1 A0.000000 C0.000000 X261.744617 Y259.660040 Z272.400000 E25.54211516342694358661 F100.000000
; P02 POINT 1533 point-0001533 deposition
G1 A0.000000 C0.000000 X261.745700 Y259.658814 Z272.400000 E25.54222396008360006221 F100.000000
; P02 POINT 1534 point-0001534 deposition
G1 A0.000000 C0.000000 X261.746773 Y259.657580 Z272.400000 E25.54233275674025642566 F100.000000
; P02 POINT 1535 point-0001535 deposition
G1 A0.000000 C0.000000 X261.747836 Y259.656337 Z272.400000 E25.54244155339691283970 F100.000000
; P02 POINT 1536 point-0001536 deposition
G1 A0.000000 C0.000000 X261.748888 Y259.655085 Z272.400000 E25.54255035005356918787 F100.000000
; P02 POINT 1537 point-0001537 deposition
G1 A0.000000 C0.000000 X261.749931 Y259.653825 Z272.400000 E25.54265914671022568427 F100.000000
; P02 POINT 1538 point-0001538 deposition
G1 A0.000000 C0.000000 X261.750963 Y259.652556 Z272.400000 E25.54276794336688197967 F100.000000
; P02 POINT 1539 point-0001539 deposition
G1 A0.000000 C0.000000 X261.751985 Y259.651279 Z272.400000 E25.54287674002353851533 F100.000000
; P02 POINT 1540 point-0001540 deposition
G1 A0.000000 C0.000000 X261.752996 Y259.649993 Z272.400000 E25.54298553668019483159 F100.000000
; P02 POINT 1541 point-0001541 deposition
G1 A0.000000 C0.000000 X261.753997 Y259.648700 Z272.400000 E25.54309433333685131793 F100.000000
; P02 POINT 1542 point-0001542 deposition
G1 A0.000000 C0.000000 X261.754987 Y259.647398 Z272.400000 E25.54320312999350759796 F100.000000
; P02 POINT 1543 point-0001543 deposition
G1 A0.000000 C0.000000 X261.755966 Y259.646088 Z272.400000 E25.54331192665016400880 F100.000000
; P02 POINT 1544 point-0001544 deposition
G1 A0.000000 C0.000000 X262.632709 Y258.463420 Z272.400000 E25.64124328466066970880 F100.000000
; P02 POINT 1545 point-0001545 deposition
G1 A0.000000 C0.000000 X262.633677 Y258.462102 Z272.400000 E25.64135207483591915852 F100.000000
; P02 POINT 1546 point-0001546 deposition
G1 A0.000000 C0.000000 X262.634635 Y258.460776 Z272.400000 E25.64146086501116848691 F100.000000
; P02 POINT 1547 point-0001547 deposition
G1 A0.000000 C0.000000 X262.635582 Y258.459443 Z272.400000 E25.64156965518641786517 F100.000000
; P02 POINT 1548 point-0001548 deposition
G1 A0.000000 C0.000000 X262.636518 Y258.458102 Z272.400000 E25.64167844536166720034 F100.000000
; P02 POINT 1549 point-0001549 deposition
G1 A0.000000 C0.000000 X262.637443 Y258.456753 Z272.400000 E25.64178723553691655627 F100.000000
; P02 POINT 1550 point-0001550 deposition
G1 A0.000000 C0.000000 X262.638357 Y258.455397 Z272.400000 E25.64189602571216583456 F100.000000
; P02 POINT 1551 point-0001551 deposition
G1 A0.000000 C0.000000 X262.639260 Y258.454033 Z272.400000 E25.64200481588741520164 F100.000000
; P02 POINT 1552 point-0001552 deposition
G1 A0.000000 C0.000000 X262.640151 Y258.452662 Z272.400000 E25.64211360606266455993 F100.000000
; P02 POINT 1553 point-0001553 deposition
G1 A0.000000 C0.000000 X262.641032 Y258.451284 Z272.400000 E25.64222239623791393761 F100.000000
; P02 POINT 1554 point-0001554 deposition
G1 A0.000000 C0.000000 X262.641901 Y258.449898 Z272.400000 E25.64233118641316331013 F100.000000
; P02 POINT 1555 point-0001555 deposition
G1 A0.000000 C0.000000 X262.642758 Y258.448506 Z272.400000 E25.64243997658841259651 F100.000000
; P02 POINT 1556 point-0001556 deposition
G1 A0.000000 C0.000000 X262.643605 Y258.447106 Z272.400000 E25.64254876676366198602 F100.000000
; P02 POINT 1557 point-0001557 deposition
G1 A0.000000 C0.000000 X263.400265 Y257.184233 Z272.400000 E25.74048012279450025602 F100.000000
; P02 POINT 1558 point-0001558 deposition
G1 A0.000000 C0.000000 X263.401099 Y257.182827 Z272.400000 E25.74058890991432968522 F100.000000
; P02 POINT 1559 point-0001559 deposition
G1 A0.000000 C0.000000 X263.401923 Y257.181414 Z272.400000 E25.74069769703415910086 F100.000000
; P02 POINT 1560 point-0001560 deposition
G1 A0.000000 C0.000000 X263.402734 Y257.179994 Z272.400000 E25.74080648415398860299 F100.000000
; P02 POINT 1561 point-0001561 deposition
G1 A0.000000 C0.000000 X263.403534 Y257.178568 Z272.400000 E25.74091527127381805201 F100.000000
; P02 POINT 1562 point-0001562 deposition
G1 A0.000000 C0.000000 X263.404323 Y257.177135 Z272.400000 E25.74102405839364759697 F100.000000
; P02 POINT 1563 point-0001563 deposition
G1 A0.000000 C0.000000 X263.405099 Y257.175696 Z272.400000 E25.74113284551347703280 F100.000000
; P02 POINT 1564 point-0001564 deposition
G1 A0.000000 C0.000000 X263.405864 Y257.174250 Z272.400000 E25.74124163263330653506 F100.000000
; P02 POINT 1565 point-0001565 deposition
G1 A0.000000 C0.000000 X263.406617 Y257.172798 Z272.400000 E25.74135041975313601057 F100.000000
; P02 POINT 1566 point-0001566 deposition
G1 A0.000000 C0.000000 X263.407358 Y257.171340 Z272.400000 E25.74145920687296547094 F100.000000
; P02 POINT 1567 point-0001567 deposition
G1 A0.000000 C0.000000 X263.408087 Y257.169877 Z272.400000 E25.74156799399279495266 F100.000000
; P02 POINT 1568 point-0001568 deposition
G1 A0.000000 C0.000000 X263.408804 Y257.168407 Z272.400000 E25.74167678111262445090 F100.000000
; P02 POINT 1569 point-0001569 deposition
G1 A0.000000 C0.000000 X263.409510 Y257.166931 Z272.400000 E25.74178556823245389858 F100.000000
; P02 POINT 1570 point-0001570 deposition
G1 A0.000000 C0.000000 X264.038811 Y255.836003 Z272.400000 E25.83971709764667395858 F100.000000
; P02 POINT 1571 point-0001571 deposition
G1 A0.000000 C0.000000 X264.039504 Y255.834522 Z272.400000 E25.83982588505733681717 F100.000000
; P02 POINT 1572 point-0001572 deposition
G1 A0.000000 C0.000000 X264.040185 Y255.833035 Z272.400000 E25.83993467246799969555 F100.000000
; P02 POINT 1573 point-0001573 deposition
G1 A0.000000 C0.000000 X264.040854 Y255.831542 Z272.400000 E25.84004345987866262063 F100.000000
; P02 POINT 1574 point-0001574 deposition
G1 A0.000000 C0.000000 X264.041510 Y255.830045 Z272.400000 E25.84015224728932550492 F100.000000
; P02 POINT 1575 point-0001575 deposition
G1 A0.000000 C0.000000 X264.042154 Y255.828541 Z272.400000 E25.84026103469998838075 F100.000000
; P02 POINT 1576 point-0001576 deposition
G1 A0.000000 C0.000000 X264.042786 Y255.827033 Z272.400000 E25.84036982211065121432 F100.000000
; P02 POINT 1577 point-0001577 deposition
G1 A0.000000 C0.000000 X264.043406 Y255.825519 Z272.400000 E25.84047860952131409878 F100.000000
; P02 POINT 1578 point-0001578 deposition
G1 A0.000000 C0.000000 X264.044013 Y255.824001 Z272.400000 E25.84058739693197693974 F100.000000
; P02 POINT 1579 point-0001579 deposition
G1 A0.000000 C0.000000 X264.044607 Y255.822478 Z272.400000 E25.84069618434263979299 F100.000000
; P02 POINT 1580 point-0001580 deposition
G1 A0.000000 C0.000000 X264.045190 Y255.820949 Z272.400000 E25.84080497175330269145 F100.000000
; P02 POINT 1581 point-0001581 deposition
G1 A0.000000 C0.000000 X264.045759 Y255.819416 Z272.400000 E25.84091375916396559453 F100.000000
; P02 POINT 1582 point-0001582 deposition
G1 A0.000000 C0.000000 X264.046317 Y255.817879 Z272.400000 E25.84102254657462848053 F100.000000
; P02 POINT 1583 point-0001583 deposition
G1 A0.000000 C0.000000 X264.542205 Y254.431698 Z272.400000 E25.93895434083210043053 F100.000000
; P02 POINT 1584 point-0001584 deposition
G1 A0.000000 C0.000000 X264.542750 Y254.430156 Z272.400000 E25.93906313068349043309 F100.000000
; P02 POINT 1585 point-0001585 deposition
G1 A0.000000 C0.000000 X264.543282 Y254.428610 Z272.400000 E25.93917192053488041348 F100.000000
; P02 POINT 1586 point-0001586 deposition
G1 A0.000000 C0.000000 X264.543801 Y254.427059 Z272.400000 E25.93928071038627041791 F100.000000
; P02 POINT 1587 point-0001587 deposition
G1 A0.000000 C0.000000 X264.544308 Y254.425504 Z272.400000 E25.93938950023766037450 F100.000000
; P02 POINT 1588 point-0001588 deposition
G1 A0.000000 C0.000000 X264.544801 Y254.423945 Z272.400000 E25.93949829008905037104 F100.000000
; P02 POINT 1589 point-0001589 deposition
G1 A0.000000 C0.000000 X264.545282 Y254.422382 Z272.400000 E25.93960707994044034684 F100.000000
; P02 POINT 1590 point-0001590 deposition
G1 A0.000000 C0.000000 X264.545751 Y254.420815 Z272.400000 E25.93971586979183029224 F100.000000
; P02 POINT 1591 point-0001591 deposition
G1 A0.000000 C0.000000 X264.546206 Y254.419244 Z272.400000 E25.93982465964322029932 F100.000000
; P02 POINT 1592 point-0001592 deposition
G1 A0.000000 C0.000000 X264.546649 Y254.417670 Z272.400000 E25.93993344949461022532 F100.000000
; P02 POINT 1593 point-0001593 deposition
G1 A0.000000 C0.000000 X264.547078 Y254.416092 Z272.400000 E25.94004223934600021350 F100.000000
; P02 POINT 1594 point-0001594 deposition
G1 A0.000000 C0.000000 X264.547495 Y254.414510 Z272.400000 E25.94015102919739019929 F100.000000
; P02 POINT 1595 point-0001595 deposition
G1 A0.000000 C0.000000 X264.547899 Y254.412925 Z272.400000 E25.94025981904878016951 F100.000000
; P02 POINT 1596 point-0001596 deposition
G1 A0.000000 C0.000000 X264.905599 Y252.984832 Z272.400000 E26.03819156377941484951 F100.000000
; P02 POINT 1597 point-0001597 deposition
G1 A0.000000 C0.000000 X264.905990 Y252.983244 Z272.400000 E26.03830035762358746817 F100.000000
; P02 POINT 1598 point-0001598 deposition
G1 A0.000000 C0.000000 X264.906368 Y252.981653 Z272.400000 E26.03840915146776003022 F100.000000
; P02 POINT 1599 point-0001599 deposition
G1 A0.000000 C0.000000 X264.906733 Y252.980058 Z272.400000 E26.03851794531193262409 F100.000000
; P02 POINT 1600 point-0001600 deposition
G1 A0.000000 C0.000000 X264.907084 Y252.978461 Z272.400000 E26.03862673915610518755 F100.000000
; P02 POINT 1601 point-0001601 deposition
G1 A0.000000 C0.000000 X264.907423 Y252.976861 Z272.400000 E26.03873553300027774734 F100.000000
; P02 POINT 1602 point-0001602 deposition
G1 A0.000000 C0.000000 X264.907749 Y252.975258 Z272.400000 E26.03884432684445034538 F100.000000
; P02 POINT 1603 point-0001603 deposition
G1 A0.000000 C0.000000 X264.908061 Y252.973653 Z272.400000 E26.03895312068862291313 F100.000000
; P02 POINT 1604 point-0001604 deposition
G1 A0.000000 C0.000000 X264.908361 Y252.972045 Z272.400000 E26.03906191453279547376 F100.000000
; P02 POINT 1605 point-0001605 deposition
G1 A0.000000 C0.000000 X264.908647 Y252.970435 Z272.400000 E26.03917070837696804980 F100.000000
; P02 POINT 1606 point-0001606 deposition
G1 A0.000000 C0.000000 X264.908920 Y252.968822 Z272.400000 E26.03927950222114061267 F100.000000
; P02 POINT 1607 point-0001607 deposition
G1 A0.000000 C0.000000 X264.909180 Y252.967208 Z272.400000 E26.03938829606531319313 F100.000000
; P02 POINT 1608 point-0001608 deposition
G1 A0.000000 C0.000000 X264.909427 Y252.965591 Z272.400000 E26.03949708990948576570 F100.000000
; P02 POINT 1609 point-0001609 deposition
G1 A0.000000 C0.000000 X265.125491 Y251.509326 Z272.400000 E26.13742862907468483570 F100.000000
; P02 POINT 1610 point-0001610 deposition
G1 A0.000000 C0.000000 X265.125724 Y251.507707 Z272.400000 E26.13753742798304851397 F100.000000
; P02 POINT 1611 point-0001611 deposition
G1 A0.000000 C0.000000 X265.125944 Y251.506087 Z272.400000 E26.13764622689141222829 F100.000000
; P02 POINT 1612 point-0001612 deposition
G1 A0.000000 C0.000000 X265.126151 Y251.504464 Z272.400000 E26.13775502579977591735 F100.000000
; P02 POINT 1613 point-0001613 deposition
G1 A0.000000 C0.000000 X265.126345 Y251.502840 Z272.400000 E26.13786382470813963123 F100.000000
; P02 POINT 1614 point-0001614 deposition
G1 A0.000000 C0.000000 X265.126525 Y251.501215 Z272.400000 E26.13797262361650334160 F100.000000
; P02 POINT 1615 point-0001615 deposition
G1 A0.000000 C0.000000 X265.126692 Y251.499588 Z272.400000 E26.13808142252486703657 F100.000000
; P02 POINT 1616 point-0001616 deposition
G1 A0.000000 C0.000000 X265.126846 Y251.497959 Z272.400000 E26.13819022143323074287 F100.000000
; P02 POINT 1617 point-0001617 deposition
G1 A0.000000 C0.000000 X265.126987 Y251.496330 Z272.400000 E26.13829902034159443632 F100.000000
; P02 POINT 1618 point-0001618 deposition
G1 A0.000000 C0.000000 X265.127114 Y251.494699 Z272.400000 E26.13840781924995815037 F100.000000
; P02 POINT 1619 point-0001619 deposition
G1 A0.000000 C0.000000 X265.127227 Y251.493068 Z272.400000 E26.13851661815832184272 F100.000000
; P02 POINT 1620 point-0001620 deposition
G1 A0.000000 C0.000000 X265.127328 Y251.491435 Z272.400000 E26.13862541706668554681 F100.000000
; P02 POINT 1621 point-0001621 deposition
G1 A0.000000 C0.000000 X265.127415 Y251.489802 Z272.400000 E26.13873421597504925940 F100.000000
; P02 POINT 1622 point-0001622 deposition
G1 A0.000000 C0.000000 X265.199758 Y250.019380 Z272.400000 E26.23666540875624955940 F100.000000
; P02 POINT 1623 point-0001623 deposition
G1 A0.000000 C0.000000 X265.199832 Y250.017746 Z272.400000 E26.23677421383398507340 F100.000000
; P02 POINT 1624 point-0001624 deposition
G1 A0.000000 C0.000000 X265.199892 Y250.016111 Z272.400000 E26.23688301891172059220 F100.000000
; P02 POINT 1625 point-0001625 deposition
G1 A0.000000 C0.000000 X265.199939 Y250.014476 Z272.400000 E26.23699182398945611170 F100.000000
; P02 POINT 1626 point-0001626 deposition
G1 A0.000000 C0.000000 X265.199973 Y250.012841 Z272.400000 E26.23710062906719163274 F100.000000
; P02 POINT 1627 point-0001627 deposition
G1 A0.000000 C0.000000 X265.199993 Y250.011205 Z272.400000 E26.23720943414492715562 F100.000000
; P02 POINT 1628 point-0001628 deposition
G1 A0.000000 C0.000000 X265.200000 Y250.009569 Z272.400000 E26.23731823922266267445 F100.000000
; P02 POINT 1629 point-0001629 deposition
G1 A0.000000 C0.000000 X265.199993 Y250.007934 Z272.400000 E26.23742704430039819634 F100.000000
; P02 POINT 1630 point-0001630 deposition
G1 A0.000000 C0.000000 X265.199973 Y250.006298 Z272.400000 E26.23753584937813371643 F100.000000
; P02 POINT 1631 point-0001631 deposition
G1 A0.000000 C0.000000 X265.199940 Y250.004663 Z272.400000 E26.23764465445586923855 F100.000000
; P02 POINT 1632 point-0001632 deposition
G1 A0.000000 C0.000000 X265.199894 Y250.003028 Z272.400000 E26.23775345953360475695 F100.000000
; P02 POINT 1633 point-0001633 deposition
G1 A0.000000 C0.000000 X265.199833 Y250.001393 Z272.400000 E26.23786226461134027663 F100.000000
; P02 POINT 1634 point-0001634 deposition
G1 A0.000000 C0.000000 X265.199760 Y249.999759 Z272.400000 E26.23797106968907579729 F100.000000
; P02 POINT 1635 point-0001635 deposition
G1 A0.000000 C0.000000 X265.127679 Y248.529318 Z272.400000 E26.33590264598177445729 F100.000000
; P02 POINT 1636 point-0001636 deposition
G1 A0.000000 C0.000000 X265.127592 Y248.527685 Z272.400000 E26.33601145790418032168 F100.000000
; P02 POINT 1637 point-0001637 deposition
G1 A0.000000 C0.000000 X265.127492 Y248.526052 Z272.400000 E26.33612026982658620141 F100.000000
; P02 POINT 1638 point-0001638 deposition
G1 A0.000000 C0.000000 X265.127379 Y248.524420 Z272.400000 E26.33622908174899206134 F100.000000
; P02 POINT 1639 point-0001639 deposition
G1 A0.000000 C0.000000 X265.127252 Y248.522790 Z272.400000 E26.33633789367139795404 F100.000000
; P02 POINT 1640 point-0001640 deposition
G1 A0.000000 C0.000000 X265.127112 Y248.521160 Z272.400000 E26.33644670559380382147 F100.000000
; P02 POINT 1641 point-0001641 deposition
G1 A0.000000 C0.000000 X265.126958 Y248.519531 Z272.400000 E26.33655551751620968696 F100.000000
; P02 POINT 1642 point-0001642 deposition
G1 A0.000000 C0.000000 X265.126791 Y248.517904 Z272.400000 E26.33666432943861556622 F100.000000
; P02 POINT 1643 point-0001643 deposition
G1 A0.000000 C0.000000 X265.126611 Y248.516278 Z272.400000 E26.33677314136102144428 F100.000000
; P02 POINT 1644 point-0001644 deposition
G1 A0.000000 C0.000000 X265.126418 Y248.514654 Z272.400000 E26.33688195328342732173 F100.000000
; P02 POINT 1645 point-0001645 deposition
G1 A0.000000 C0.000000 X265.126211 Y248.513031 Z272.400000 E26.33699076520583318623 F100.000000
; P02 POINT 1646 point-0001646 deposition
G1 A0.000000 C0.000000 X265.125991 Y248.511410 Z272.400000 E26.33709957712823907122 F100.000000
; P02 POINT 1647 point-0001647 deposition
G1 A0.000000 C0.000000 X265.125758 Y248.509791 Z272.400000 E26.33720838905064494577 F100.000000
; P02 POINT 1648 point-0001648 deposition
G1 A0.000000 C0.000000 X264.909937 Y247.053488 Z272.400000 E26.43514008430661828577 F100.000000
; P02 POINT 1649 point-0001649 deposition
G1 A0.000000 C0.000000 X264.909690 Y247.051871 Z272.400000 E26.43524890300682333144 F100.000000
; P02 POINT 1650 point-0001650 deposition
G1 A0.000000 C0.000000 X264.909430 Y247.050256 Z272.400000 E26.43535772170702833896 F100.000000
; P02 POINT 1651 point-0001651 deposition
G1 A0.000000 C0.000000 X264.909158 Y247.048643 Z272.400000 E26.43546654040723337526 F100.000000
; P02 POINT 1652 point-0001652 deposition
G1 A0.000000 C0.000000 X264.908872 Y247.047032 Z272.400000 E26.43557535910743840406 F100.000000
; P02 POINT 1653 point-0001653 deposition
G1 A0.000000 C0.000000 X264.908572 Y247.045424 Z272.400000 E26.43568417780764343727 F100.000000
; P02 POINT 1654 point-0001654 deposition
G1 A0.000000 C0.000000 X264.908260 Y247.043818 Z272.400000 E26.43579299650784846182 F100.000000
; P02 POINT 1655 point-0001655 deposition
G1 A0.000000 C0.000000 X264.907935 Y247.042215 Z272.400000 E26.43590181520805348695 F100.000000
; P02 POINT 1656 point-0001656 deposition
G1 A0.000000 C0.000000 X264.907596 Y247.040615 Z272.400000 E26.43601063390825852475 F100.000000
; P02 POINT 1657 point-0001657 deposition
G1 A0.000000 C0.000000 X264.907244 Y247.039017 Z272.400000 E26.43611945260846353519 F100.000000
; P02 POINT 1658 point-0001658 deposition
G1 A0.000000 C0.000000 X264.906880 Y247.037422 Z272.400000 E26.43622827130866857083 F100.000000
; P02 POINT 1659 point-0001659 deposition
G1 A0.000000 C0.000000 X264.906502 Y247.035831 Z272.400000 E26.43633709000887360489 F100.000000
; P02 POINT 1660 point-0001660 deposition
G1 A0.000000 C0.000000 X264.906111 Y247.034242 Z272.400000 E26.43644590870907862495 F100.000000
; P02 POINT 1661 point-0001661 deposition
G1 A0.000000 C0.000000 X264.548617 Y245.606097 Z272.400000 E26.53437768357279795495 F100.000000
; P02 POINT 1662 point-0001662 deposition
G1 A0.000000 C0.000000 X264.548214 Y245.604511 Z272.400000 E26.53448650892849669701 F100.000000
; P02 POINT 1663 point-0001663 deposition
G1 A0.000000 C0.000000 X264.547797 Y245.602929 Z272.400000 E26.53459533428419541657 F100.000000
; P02 POINT 1664 point-0001664 deposition
G1 A0.000000 C0.000000 X264.547367 Y245.601351 Z272.400000 E26.53470415963989423281 F100.000000
; P02 POINT 1665 point-0001665 deposition
G1 A0.000000 C0.000000 X264.546925 Y245.599776 Z272.400000 E26.53481298499559296457 F100.000000
; P02 POINT 1666 point-0001666 deposition
G1 A0.000000 C0.000000 X264.546469 Y245.598205 Z272.400000 E26.53492181035129170294 F100.000000
; P02 POINT 1667 point-0001667 deposition
G1 A0.000000 C0.000000 X264.546001 Y245.596637 Z272.400000 E26.53503063570699050304 F100.000000
; P02 POINT 1668 point-0001668 deposition
G1 A0.000000 C0.000000 X264.545520 Y245.595073 Z272.400000 E26.53513946106268929573 F100.000000
; P02 POINT 1669 point-0001669 deposition
G1 A0.000000 C0.000000 X264.545026 Y245.593514 Z272.400000 E26.53524828641838805840 F100.000000
; P02 POINT 1670 point-0001670 deposition
G1 A0.000000 C0.000000 X264.544520 Y245.591958 Z272.400000 E26.53535711177408677248 F100.000000
; P02 POINT 1671 point-0001671 deposition
G1 A0.000000 C0.000000 X264.544001 Y245.590407 Z272.400000 E26.53546593712978557438 F100.000000
; P02 POINT 1672 point-0001672 deposition
G1 A0.000000 C0.000000 X264.543469 Y245.588860 Z272.400000 E26.53557476248548433153 F100.000000
; P02 POINT 1673 point-0001673 deposition
G1 A0.000000 C0.000000 X264.542924 Y245.587317 Z272.400000 E26.53568358784118310529 F100.000000
; P02 POINT 1674 point-0001674 deposition
G1 A0.000000 C0.000000 X264.047191 Y244.201080 Z272.400000 E26.63361544585867526529 F100.000000
; P02 POINT 1675 point-0001675 deposition
G1 A0.000000 C0.000000 X264.046634 Y244.199542 Z272.400000 E26.63372427781819260854 F100.000000
; P02 POINT 1676 point-0001676 deposition
G1 A0.000000 C0.000000 X264.046064 Y244.198008 Z272.400000 E26.63383310977770999890 F100.000000
; P02 POINT 1677 point-0001677 deposition
G1 A0.000000 C0.000000 X264.045482 Y244.196479 Z272.400000 E26.63394194173722736086 F100.000000
; P02 POINT 1678 point-0001678 deposition
G1 A0.000000 C0.000000 X264.044887 Y244.194955 Z272.400000 E26.63405077369674473397 F100.000000
; P02 POINT 1679 point-0001679 deposition
G1 A0.000000 C0.000000 X264.044280 Y244.193436 Z272.400000 E26.63415960565626208500 F100.000000
; P02 POINT 1680 point-0001680 deposition
G1 A0.000000 C0.000000 X264.043660 Y244.191921 Z272.400000 E26.63426843761577945464 F100.000000
; P02 POINT 1681 point-0001681 deposition
G1 A0.000000 C0.000000 X264.043028 Y244.190412 Z272.400000 E26.63437726957529677586 F100.000000
; P02 POINT 1682 point-0001682 deposition
G1 A0.000000 C0.000000 X264.042384 Y244.188909 Z272.400000 E26.63448610153481415716 F100.000000
; P02 POINT 1683 point-0001683 deposition
G1 A0.000000 C0.000000 X264.041727 Y244.187410 Z272.400000 E26.63459493349433152658 F100.000000
; P02 POINT 1684 point-0001684 deposition
G1 A0.000000 C0.000000 X264.041058 Y244.185917 Z272.400000 E26.63470376545384889767 F100.000000
; P02 POINT 1685 point-0001685 deposition
G1 A0.000000 C0.000000 X264.040377 Y244.184429 Z272.400000 E26.63481259741336628014 F100.000000
; P02 POINT 1686 point-0001686 deposition
G1 A0.000000 C0.000000 X264.039684 Y244.182947 Z272.400000 E26.63492142937288363901 F100.000000
; P02 POINT 1687 point-0001687 deposition
G1 A0.000000 C0.000000 X263.410474 Y242.851963 Z272.400000 E26.73285375229265836901 F100.000000
; P02 POINT 1688 point-0001688 deposition
G1 A0.000000 C0.000000 X263.409768 Y242.850487 Z272.400000 E26.73296259026618990351 F100.000000
; P02 POINT 1689 point-0001689 deposition
G1 A0.000000 C0.000000 X263.409051 Y242.849016 Z272.400000 E26.73307142823972150517 F100.000000
; P02 POINT 1690 point-0001690 deposition
G1 A0.000000 C0.000000 X263.408322 Y242.847552 Z272.400000 E26.73318026621325304361 F100.000000
; P02 POINT 1691 point-0001691 deposition
G1 A0.000000 C0.000000 X263.407580 Y242.846093 Z272.400000 E26.73328910418678459469 F100.000000
; P02 POINT 1692 point-0001692 deposition
G1 A0.000000 C0.000000 X263.406827 Y242.844641 Z272.400000 E26.73339794216031618186 F100.000000
; P02 POINT 1693 point-0001693 deposition
G1 A0.000000 C0.000000 X263.406062 Y242.843194 Z272.400000 E26.73350678013384772641 F100.000000
; P02 POINT 1694 point-0001694 deposition
G1 A0.000000 C0.000000 X263.405285 Y242.841754 Z272.400000 E26.73361561810737927154 F100.000000
; P02 POINT 1695 point-0001695 deposition
G1 A0.000000 C0.000000 X263.404496 Y242.840321 Z272.400000 E26.73372445608091083057 F100.000000
; P02 POINT 1696 point-0001696 deposition
G1 A0.000000 C0.000000 X263.403696 Y242.838894 Z272.400000 E26.73383329405444241911 F100.000000
; P02 POINT 1697 point-0001697 deposition
G1 A0.000000 C0.000000 X263.402884 Y242.837473 Z272.400000 E26.73394213202797395638 F100.000000
; P02 POINT 1698 point-0001698 deposition
G1 A0.000000 C0.000000 X263.402060 Y242.836060 Z272.400000 E26.73405097000150554931 F100.000000
; P02 POINT 1699 point-0001699 deposition
G1 A0.000000 C0.000000 X263.401225 Y242.834653 Z272.400000 E26.73415980797503706762 F100.000000
; P02 POINT 1700 point-0001700 deposition
G1 A0.000000 C0.000000 X262.644594 Y241.571751 Z272.400000 E26.83209182969979139762 F100.000000
; P02 POINT 1701 point-0001701 deposition
G1 A0.000000 C0.000000 X262.643747 Y241.570351 Z272.400000 E26.83220067314450232208 F100.000000
; P02 POINT 1702 point-0001702 deposition
G1 A0.000000 C0.000000 X262.642889 Y241.568958 Z272.400000 E26.83230951658921329545 F100.000000
; P02 POINT 1703 point-0001703 deposition
G1 A0.000000 C0.000000 X262.642020 Y241.567571 Z272.400000 E26.83241836003392420222 F100.000000
; P02 POINT 1704 point-0001704 deposition
G1 A0.000000 C0.000000 X262.641139 Y241.566193 Z272.400000 E26.83252720347863503758 F100.000000
; P02 POINT 1705 point-0001705 deposition
G1 A0.000000 C0.000000 X262.640247 Y241.564821 Z272.400000 E26.83263604692334593923 F100.000000
; P02 POINT 1706 point-0001706 deposition
G1 A0.000000 C0.000000 X262.639343 Y241.563456 Z272.400000 E26.83274489036805692684 F100.000000
; P02 POINT 1707 point-0001707 deposition
G1 A0.000000 C0.000000 X262.638429 Y241.562100 Z272.400000 E26.83285373381276785368 F100.000000
; P02 POINT 1708 point-0001708 deposition
G1 A0.000000 C0.000000 X262.637504 Y241.560750 Z272.400000 E26.83296257725747881066 F100.000000
; P02 POINT 1709 point-0001709 deposition
G1 A0.000000 C0.000000 X262.636567 Y241.559408 Z272.400000 E26.83307142070218972319 F100.000000
; P02 POINT 1710 point-0001710 deposition
G1 A0.000000 C0.000000 X262.635620 Y241.558074 Z272.400000 E26.83318026414690066032 F100.000000
; P02 POINT 1711 point-0001711 deposition
G1 A0.000000 C0.000000 X262.634662 Y241.556748 Z272.400000 E26.83328910759161153828 F100.000000
; P02 POINT 1712 point-0001712 deposition
G1 A0.000000 C0.000000 X262.633693 Y241.555430 Z272.400000 E26.83339795103632243572 F100.000000
; P02 POINT 1713 point-0001713 deposition
G1 A0.000000 C0.000000 X261.756916 Y240.372769 Z272.400000 E26.93133026777698784572 F100.000000
; P02 POINT 1714 point-0001714 deposition
G1 A0.000000 C0.000000 X261.755936 Y240.371458 Z272.400000 E26.93143911580995125277 F100.000000
; P02 POINT 1715 point-0001715 deposition
G1 A0.000000 C0.000000 X261.754945 Y240.370156 Z272.400000 E26.93154796384291460378 F100.000000
; P02 POINT 1716 point-0001716 deposition
G1 A0.000000 C0.000000 X261.753944 Y240.368861 Z272.400000 E26.93165681187587801479 F100.000000
; P02 POINT 1717 point-0001717 deposition
G1 A0.000000 C0.000000 X261.752932 Y240.367575 Z272.400000 E26.93176565990884132818 F100.000000
; P02 POINT 1718 point-0001718 deposition
G1 A0.000000 C0.000000 X261.751910 Y240.366298 Z272.400000 E26.93187450794180477391 F100.000000
; P02 POINT 1719 point-0001719 deposition
G1 A0.000000 C0.000000 X261.750877 Y240.365028 Z272.400000 E26.93198335597476812526 F100.000000
; P02 POINT 1720 point-0001720 deposition
G1 A0.000000 C0.000000 X261.749834 Y240.363768 Z272.400000 E26.93209220400773151715 F100.000000
; P02 POINT 1721 point-0001721 deposition
G1 A0.000000 C0.000000 X261.748781 Y240.362515 Z272.400000 E26.93220105204069489539 F100.000000
; P02 POINT 1722 point-0001722 deposition
G1 A0.000000 C0.000000 X261.747718 Y240.361272 Z272.400000 E26.93230990007365822663 F100.000000
; P02 POINT 1723 point-0001723 deposition
G1 A0.000000 C0.000000 X261.746644 Y240.360037 Z272.400000 E26.93241874810662166236 F100.000000
; P02 POINT 1724 point-0001724 deposition
G1 A0.000000 C0.000000 X261.745560 Y240.358811 Z272.400000 E26.93252759613958499295 F100.000000
; P02 POINT 1725 point-0001725 deposition
G1 A0.000000 C0.000000 X261.744467 Y240.357594 Z272.400000 E26.93263644417254847811 F100.000000
; P02 POINT 1726 point-0001726 deposition
G1 A0.000000 C0.000000 X260.755996 Y239.266582 Z272.400000 E27.03056777796017310811 F100.000000
; P02 POINT 1727 point-0001727 deposition
G1 A0.000000 C0.000000 X260.754892 Y239.265374 Z272.400000 E27.03067662990846424199 F100.000000
; P02 POINT 1728 point-0001728 deposition
G1 A0.000000 C0.000000 X260.753778 Y239.264175 Z272.400000 E27.03078548185675535956 F100.000000
; P02 POINT 1729 point-0001729 deposition
G1 A0.000000 C0.000000 X260.752655 Y239.262985 Z272.400000 E27.03089433380504643124 F100.000000
; P02 POINT 1730 point-0001730 deposition
G1 A0.000000 C0.000000 X260.751522 Y239.261804 Z272.400000 E27.03100318575333756287 F100.000000
; P02 POINT 1731 point-0001731 deposition
G1 A0.000000 C0.000000 X260.750380 Y239.260633 Z272.400000 E27.03111203770162875480 F100.000000
; P02 POINT 1732 point-0001732 deposition
G1 A0.000000 C0.000000 X260.749227 Y239.259471 Z272.400000 E27.03122088964991983439 F100.000000
; P02 POINT 1733 point-0001733 deposition
G1 A0.000000 C0.000000 X260.748066 Y239.258318 Z272.400000 E27.03132974159821097612 F100.000000
; P02 POINT 1734 point-0001734 deposition
G1 A0.000000 C0.000000 X260.746895 Y239.257175 Z272.400000 E27.03143859354650211003 F100.000000
; P02 POINT 1735 point-0001735 deposition
G1 A0.000000 C0.000000 X260.745715 Y239.256042 Z272.400000 E27.03154744549479325026 F100.000000
; P02 POINT 1736 point-0001736 deposition
G1 A0.000000 C0.000000 X260.744525 Y239.254918 Z272.400000 E27.03165629744308433842 F100.000000
; P02 POINT 1737 point-0001737 deposition
G1 A0.000000 C0.000000 X260.743326 Y239.253804 Z272.400000 E27.03176514939137543715 F100.000000
; P02 POINT 1738 point-0001738 deposition
G1 A0.000000 C0.000000 X260.742119 Y239.252700 Z272.400000 E27.03187400133966663340 F100.000000
; P02 POINT 1739 point-0001739 deposition
G1 A0.000000 C0.000000 X259.651462 Y238.263838 Z272.400000 E27.12980528895929020340 F100.000000
; P02 POINT 1740 point-0001740 deposition
G1 A0.000000 C0.000000 X259.650245 Y238.262744 Z272.400000 E27.12991414556235836371 F100.000000
; P02 POINT 1741 point-0001741 deposition
G1 A0.000000 C0.000000 X259.649020 Y238.261659 Z272.400000 E27.13002300216542651943 F100.000000
; P02 POINT 1742 point-0001742 deposition
G1 A0.000000 C0.000000 X259.647785 Y238.260585 Z272.400000 E27.13013185876849476294 F100.000000
; P02 POINT 1743 point-0001743 deposition
G1 A0.000000 C0.000000 X259.646542 Y238.259521 Z272.400000 E27.13024071537156295235 F100.000000
; P02 POINT 1744 point-0001744 deposition
G1 A0.000000 C0.000000 X259.645290 Y238.258467 Z272.400000 E27.13034957197463111833 F100.000000
; P02 POINT 1745 point-0001745 deposition
G1 A0.000000 C0.000000 X259.644029 Y238.257424 Z272.400000 E27.13045842857769938720 F100.000000
; P02 POINT 1746 point-0001746 deposition
G1 A0.000000 C0.000000 X259.642760 Y238.256391 Z272.400000 E27.13056728518076756165 F100.000000
; P02 POINT 1747 point-0001747 deposition
G1 A0.000000 C0.000000 X259.641483 Y238.255368 Z272.400000 E27.13067614178383577929 F100.000000
; P02 POINT 1748 point-0001748 deposition
G1 A0.000000 C0.000000 X259.640197 Y238.254356 Z272.400000 E27.13078499838690402730 F100.000000
; P02 POINT 1749 point-0001749 deposition
G1 A0.000000 C0.000000 X259.638903 Y238.253354 Z272.400000 E27.13089385498997217847 F100.000000
; P02 POINT 1750 point-0001750 deposition
G1 A0.000000 C0.000000 X259.637601 Y238.252363 Z272.400000 E27.13100271159304044001 F100.000000
; P02 POINT 1751 point-0001751 deposition
G1 A0.000000 C0.000000 X259.636291 Y238.251382 Z272.400000 E27.13111156819610856944 F100.000000
; P02 POINT 1752 point-0001752 deposition
G1 A0.000000 C0.000000 X258.453932 Y237.374186 Z272.400000 E27.22904432987274945944 F100.000000
; P02 POINT 1753 point-0001753 deposition
G1 A0.000000 C0.000000 X258.452614 Y237.373216 Z272.400000 E27.22915319635307016462 F100.000000
; P02 POINT 1754 point-0001754 deposition
G1 A0.000000 C0.000000 X258.451288 Y237.372257 Z272.400000 E27.22926206283339084996 F100.000000
; P02 POINT 1755 point-0001755 deposition
G1 A0.000000 C0.000000 X258.449954 Y237.371309 Z272.400000 E27.22937092931371138401 F100.000000
; P02 POINT 1756 point-0001756 deposition
G1 A0.000000 C0.000000 X258.448612 Y237.370372 Z272.400000 E27.22947979579403203888 F100.000000
; P02 POINT 1757 point-0001757 deposition
G1 A0.000000 C0.000000 X258.447263 Y237.369446 Z272.400000 E27.22958866227435271099 F100.000000
; P02 POINT 1758 point-0001758 deposition
G1 A0.000000 C0.000000 X258.445906 Y237.368531 Z272.400000 E27.22969752875467338533 F100.000000
; P02 POINT 1759 point-0001759 deposition
G1 A0.000000 C0.000000 X258.444541 Y237.367627 Z272.400000 E27.22980639523499403170 F100.000000
; P02 POINT 1760 point-0001760 deposition
G1 A0.000000 C0.000000 X258.443170 Y237.366735 Z272.400000 E27.22991526171531457045 F100.000000
; P02 POINT 1761 point-0001761 deposition
G1 A0.000000 C0.000000 X258.441791 Y237.365853 Z272.400000 E27.23002412819563532025 F100.000000
; P02 POINT 1762 point-0001762 deposition
G1 A0.000000 C0.000000 X258.440405 Y237.364983 Z272.400000 E27.23013299467595593160 F100.000000
; P02 POINT 1763 point-0001763 deposition
G1 A0.000000 C0.000000 X258.439011 Y237.364124 Z272.400000 E27.23024186115627662027 F100.000000
; P02 POINT 1764 point-0001764 deposition
G1 A0.000000 C0.000000 X258.437611 Y237.363277 Z272.400000 E27.23035072763659727358 F100.000000
; P02 POINT 1765 point-0001765 deposition
G1 A0.000000 C0.000000 X257.174818 Y236.606143 Z272.400000 E27.32829372984613910358 F100.000000
; P02 POINT 1766 point-0001766 deposition
G1 A0.000000 C0.000000 X257.173411 Y236.605307 Z272.400000 E27.32840260458421270133 F100.000000
; P02 POINT 1767 point-0001767 deposition
G1 A0.000000 C0.000000 X257.171997 Y236.604483 Z272.400000 E27.32851147932228631568 F100.000000
; P02 POINT 1768 point-0001768 deposition
G1 A0.000000 C0.000000 X257.170576 Y236.603670 Z272.400000 E27.32862035406035992465 F100.000000
; P02 POINT 1769 point-0001769 deposition
G1 A0.000000 C0.000000 X257.169149 Y236.602869 Z272.400000 E27.32872922879843349932 F100.000000
; P02 POINT 1770 point-0001770 deposition
G1 A0.000000 C0.000000 X257.167715 Y236.602080 Z272.400000 E27.32883810353650712682 F100.000000
; P02 POINT 1771 point-0001771 deposition
G1 A0.000000 C0.000000 X257.166275 Y236.601302 Z272.400000 E27.32894697827458070339 F100.000000
; P02 POINT 1772 point-0001772 deposition
G1 A0.000000 C0.000000 X257.164829 Y236.600536 Z272.400000 E27.32905585301265433884 F100.000000
; P02 POINT 1773 point-0001773 deposition
G1 A0.000000 C0.000000 X257.163376 Y236.599783 Z272.400000 E27.32916472775072792823 F100.000000
; P02 POINT 1774 point-0001774 deposition
G1 A0.000000 C0.000000 X257.161917 Y236.599040 Z272.400000 E27.32927360248880151729 F100.000000
; P02 POINT 1775 point-0001775 deposition
G1 A0.000000 C0.000000 X257.160452 Y236.598310 Z272.400000 E27.32938247722687511576 F100.000000
; P02 POINT 1776 point-0001776 deposition
G1 A0.000000 C0.000000 X257.158981 Y236.597592 Z272.400000 E27.32949135196494872841 F100.000000
; P02 POINT 1777 point-0001777 deposition
G1 A0.000000 C0.000000 X257.157505 Y236.596886 Z272.400000 E27.32960022670302232334 F100.000000
; P02 POINT 1778 point-0001778 deposition
G1 A0.000000 C0.000000 X255.826571 Y235.967216 Z272.400000 E27.42754259011075957334 F100.000000
; P02 POINT 1779 point-0001779 deposition
G1 A0.000000 C0.000000 X255.825089 Y235.966522 Z272.400000 E27.42765146496556112782 F100.000000
; P02 POINT 1780 point-0001780 deposition
G1 A0.000000 C0.000000 X255.823601 Y235.965840 Z272.400000 E27.42776033982036265847 F100.000000
; P02 POINT 1781 point-0001781 deposition
G1 A0.000000 C0.000000 X255.822107 Y235.965171 Z272.400000 E27.42786921467516418762 F100.000000
; P02 POINT 1782 point-0001782 deposition
G1 A0.000000 C0.000000 X255.820608 Y235.964513 Z272.400000 E27.42797808952996568315 F100.000000
; P02 POINT 1783 point-0001783 deposition
G1 A0.000000 C0.000000 X255.819104 Y235.963868 Z272.400000 E27.42808696438476720241 F100.000000
; P02 POINT 1784 point-0001784 deposition
G1 A0.000000 C0.000000 X255.817595 Y235.963236 Z272.400000 E27.42819583923956871596 F100.000000
; P02 POINT 1785 point-0001785 deposition
G1 A0.000000 C0.000000 X255.816080 Y235.962615 Z272.400000 E27.42830471409437025464 F100.000000
; P02 POINT 1786 point-0001786 deposition
G1 A0.000000 C0.000000 X255.814560 Y235.962007 Z272.400000 E27.42841358894917182054 F100.000000
; P02 POINT 1787 point-0001787 deposition
G1 A0.000000 C0.000000 X255.813036 Y235.961412 Z272.400000 E27.42852246380397328076 F100.000000
; P02 POINT 1788 point-0001788 deposition
G1 A0.000000 C0.000000 X255.811506 Y235.960829 Z272.400000 E27.42863133865877480646 F100.000000
; P02 POINT 1789 point-0001789 deposition
G1 A0.000000 C0.000000 X255.809972 Y235.960259 Z272.400000 E27.42874021351357637563 F100.000000
; P02 POINT 1790 point-0001790 deposition
G1 A0.000000 C0.000000 X255.808433 Y235.959701 Z272.400000 E27.42884908836837788963 F100.000000
; P02 POINT 1791 point-0001791 deposition
G1 A0.000000 C0.000000 X254.422223 Y235.463573 Z272.400000 E27.52678811273362034963 F100.000000
; P02 POINT 1792 point-0001792 deposition
G1 A0.000000 C0.000000 X254.420680 Y235.463028 Z272.400000 E27.52689698781168024240 F100.000000
; P02 POINT 1793 point-0001793 deposition
G1 A0.000000 C0.000000 X254.419132 Y235.462495 Z272.400000 E27.52700586288974015277 F100.000000
; P02 POINT 1794 point-0001794 deposition
G1 A0.000000 C0.000000 X254.417580 Y235.461975 Z272.400000 E27.52711473796780011780 F100.000000
; P02 POINT 1795 point-0001795 deposition
G1 A0.000000 C0.000000 X254.416024 Y235.461468 Z272.400000 E27.52722361304586002022 F100.000000
; P02 POINT 1796 point-0001796 deposition
G1 A0.000000 C0.000000 X254.414464 Y235.460974 Z272.400000 E27.52733248812391990727 F100.000000
; P02 POINT 1797 point-0001797 deposition
G1 A0.000000 C0.000000 X254.412900 Y235.460492 Z272.400000 E27.52744136320197978959 F100.000000
; P02 POINT 1798 point-0001798 deposition
G1 A0.000000 C0.000000 X254.411332 Y235.460023 Z272.400000 E27.52755023828003972291 F100.000000
; P02 POINT 1799 point-0001799 deposition
G1 A0.000000 C0.000000 X254.409760 Y235.459567 Z272.400000 E27.52765911335809963674 F100.000000
; P02 POINT 1800 point-0001800 deposition
G1 A0.000000 C0.000000 X254.408184 Y235.459124 Z272.400000 E27.52776798843615953644 F100.000000
; P02 POINT 1801 point-0001801 deposition
G1 A0.000000 C0.000000 X254.406605 Y235.458694 Z272.400000 E27.52787686351421947080 F100.000000
; P02 POINT 1802 point-0001802 deposition
G1 A0.000000 C0.000000 X254.405022 Y235.458277 Z272.400000 E27.52798573859227941778 F100.000000
; P02 POINT 1803 point-0001803 deposition
G1 A0.000000 C0.000000 X254.403436 Y235.457873 Z272.400000 E27.52809461367033933029 F100.000000
; P02 POINT 1804 point-0001804 deposition
G1 A0.000000 C0.000000 X252.975250 Y235.100044 Z272.400000 E27.62603443987277430029 F100.000000
; P02 POINT 1805 point-0001805 deposition
G1 A0.000000 C0.000000 X252.973661 Y235.099653 Z272.400000 E27.62614331890073229393 F100.000000
; P02 POINT 1806 point-0001806 deposition
G1 A0.000000 C0.000000 X252.972068 Y235.099275 Z272.400000 E27.62625219792869027704 F100.000000
; P02 POINT 1807 point-0001807 deposition
G1 A0.000000 C0.000000 X252.970473 Y235.098909 Z272.400000 E27.62636107695664826701 F100.000000
; P02 POINT 1808 point-0001808 deposition
G1 A0.000000 C0.000000 X252.968874 Y235.098557 Z272.400000 E27.62646995598460627235 F100.000000
; P02 POINT 1809 point-0001809 deposition
G1 A0.000000 C0.000000 X252.967273 Y235.098218 Z272.400000 E27.62657883501256424101 F100.000000
; P02 POINT 1810 point-0001810 deposition
G1 A0.000000 C0.000000 X252.965669 Y235.097892 Z272.400000 E27.62668771404052224098 F100.000000
; P02 POINT 1811 point-0001811 deposition
G1 A0.000000 C0.000000 X252.964062 Y235.097579 Z272.400000 E27.62679659306848021616 F100.000000
; P02 POINT 1812 point-0001812 deposition
G1 A0.000000 C0.000000 X252.962453 Y235.097280 Z272.400000 E27.62690547209643819404 F100.000000
; P02 POINT 1813 point-0001813 deposition
G1 A0.000000 C0.000000 X252.960842 Y235.096993 Z272.400000 E27.62701435112439615719 F100.000000
; P02 POINT 1814 point-0001814 deposition
G1 A0.000000 C0.000000 X252.959228 Y235.096720 Z272.400000 E27.62712323015235417602 F100.000000
; P02 POINT 1815 point-0001815 deposition
G1 A0.000000 C0.000000 X252.957612 Y235.096460 Z272.400000 E27.62723210918031214672 F100.000000
; P02 POINT 1816 point-0001816 deposition
G1 A0.000000 C0.000000 X252.955994 Y235.096213 Z272.400000 E27.62734098820827012819 F100.000000
; P02 POINT 1817 point-0001817 deposition
G1 A0.000000 C0.000000 X251.499551 Y234.880134 Z272.400000 E27.72528441856451991819 F100.000000
; P02 POINT 1818 point-0001818 deposition
G1 A0.000000 C0.000000 X251.497931 Y234.879900 Z272.400000 E27.72539329829385411844 F100.000000
; P02 POINT 1819 point-0001819 deposition
G1 A0.000000 C0.000000 X251.496309 Y234.879680 Z272.400000 E27.72550217802318832861 F100.000000
; P02 POINT 1820 point-0001820 deposition
G1 A0.000000 C0.000000 X251.494685 Y234.879473 Z272.400000 E27.72561105775252255622 F100.000000
; P02 POINT 1821 point-0001821 deposition
G1 A0.000000 C0.000000 X251.493060 Y234.879279 Z272.400000 E27.72571993748185677286 F100.000000
; P02 POINT 1822 point-0001822 deposition
G1 A0.000000 C0.000000 X251.491433 Y234.879098 Z272.400000 E27.72582881721119097592 F100.000000
; P02 POINT 1823 point-0001823 deposition
G1 A0.000000 C0.000000 X251.489805 Y234.878931 Z272.400000 E27.72593769694052519186 F100.000000
; P02 POINT 1824 point-0001824 deposition
G1 A0.000000 C0.000000 X251.488175 Y234.878778 Z272.400000 E27.72604657666985941865 F100.000000
; P02 POINT 1825 point-0001825 deposition
G1 A0.000000 C0.000000 X251.486544 Y234.878637 Z272.400000 E27.72615545639919363464 F100.000000
; P02 POINT 1826 point-0001826 deposition
G1 A0.000000 C0.000000 X251.484913 Y234.878510 Z272.400000 E27.72626433612852784699 F100.000000
; P02 POINT 1827 point-0001827 deposition
G1 A0.000000 C0.000000 X251.483280 Y234.878396 Z272.400000 E27.72637321585786205928 F100.000000
; P02 POINT 1828 point-0001828 deposition
G1 A0.000000 C0.000000 X251.481646 Y234.878296 Z272.400000 E27.72648209558719626526 F100.000000
; P02 POINT 1829 point-0001829 deposition
G1 A0.000000 C0.000000 X251.480012 Y234.878209 Z272.400000 E27.72659097531653048056 F100.000000
; P02 POINT 1830 point-0001830 deposition
G1 A0.000000 C0.000000 X250.009450 Y234.805977 Z272.400000 E27.82453106249773208056 F100.000000
; P02 POINT 1831 point-0001831 deposition
G1 A0.000000 C0.000000 X250.007815 Y234.805904 Z272.400000 E27.82463993707933155281 F100.000000
; P02 POINT 1832 point-0001832 deposition
G1 A0.000000 C0.000000 X250.006179 Y234.805843 Z272.400000 E27.82474881166093102452 F100.000000
; P02 POINT 1833 point-0001833 deposition
G1 A0.000000 C0.000000 X250.004543 Y234.805796 Z272.400000 E27.82485768624253049803 F100.000000
; P02 POINT 1834 point-0001834 deposition
G1 A0.000000 C0.000000 X250.002907 Y234.805763 Z272.400000 E27.82496656082412997253 F100.000000
; P02 POINT 1835 point-0001835 deposition
G1 A0.000000 C0.000000 X250.001270 Y234.805743 Z272.400000 E27.82507543540572944374 F100.000000
; P02 POINT 1836 point-0001836 deposition
G1 A0.000000 C0.000000 X249.999634 Y234.805736 Z272.400000 E27.82518430998732891802 F100.000000
; P02 POINT 1837 point-0001837 deposition
G1 A0.000000 C0.000000 X249.997997 Y234.805743 Z272.400000 E27.82529318456892839194 F100.000000
; P02 POINT 1838 point-0001838 deposition
G1 A0.000000 C0.000000 X249.996360 Y234.805763 Z272.400000 E27.82540205915052786395 F100.000000
; P02 POINT 1839 point-0001839 deposition
G1 A0.000000 C0.000000 X249.994724 Y234.805797 Z272.400000 E27.82551093373212733818 F100.000000
; P02 POINT 1840 point-0001840 deposition
G1 A0.000000 C0.000000 X249.993088 Y234.805844 Z272.400000 E27.82561980831372680932 F100.000000
; P02 POINT 1841 point-0001841 deposition
G1 A0.000000 C0.000000 X249.991452 Y234.805904 Z272.400000 E27.82572868289532628267 F100.000000
; P02 POINT 1842 point-0001842 deposition
G1 A0.000000 C0.000000 X249.989817 Y234.805978 Z272.400000 E27.82583755747692575720 F100.000000
; P02 POINT 1843 point-0001843 deposition
G1 A0.000000 C0.000000 X248.519357 Y234.878271 Z272.400000 E27.92377108195858182720 F100.000000
; P02 POINT 1844 point-0001844 deposition
G1 A0.000000 C0.000000 X248.517723 Y234.878358 Z272.400000 E27.92387995269534350021 F100.000000
; P02 POINT 1845 point-0001845 deposition
G1 A0.000000 C0.000000 X248.516090 Y234.878458 Z272.400000 E27.92398882343210517403 F100.000000
; P02 POINT 1846 point-0001846 deposition
G1 A0.000000 C0.000000 X248.514457 Y234.878572 Z272.400000 E27.92409769416886684939 F100.000000
; P02 POINT 1847 point-0001847 deposition
G1 A0.000000 C0.000000 X248.512825 Y234.878699 Z272.400000 E27.92420656490562852361 F100.000000
; P02 POINT 1848 point-0001848 deposition
G1 A0.000000 C0.000000 X248.511195 Y234.878840 Z272.400000 E27.92431543564239021501 F100.000000
; P02 POINT 1849 point-0001849 deposition
G1 A0.000000 C0.000000 X248.509565 Y234.878993 Z272.400000 E27.92442430637915188905 F100.000000
; P02 POINT 1850 point-0001850 deposition
G1 A0.000000 C0.000000 X248.507937 Y234.879161 Z272.400000 E27.92453317711591356381 F100.000000
; P02 POINT 1851 point-0001851 deposition
G1 A0.000000 C0.000000 X248.506310 Y234.879341 Z272.400000 E27.92464204785267524430 F100.000000
; P02 POINT 1852 point-0001852 deposition
G1 A0.000000 C0.000000 X248.504685 Y234.879535 Z272.400000 E27.92475091858943691269 F100.000000
; P02 POINT 1853 point-0001853 deposition
G1 A0.000000 C0.000000 X248.503062 Y234.879742 Z272.400000 E27.92485978932619859471 F100.000000
; P02 POINT 1854 point-0001854 deposition
G1 A0.000000 C0.000000 X248.501440 Y234.879962 Z272.400000 E27.92496866006296027381 F100.000000
; P02 POINT 1855 point-0001855 deposition
G1 A0.000000 C0.000000 X248.499820 Y234.880196 Z272.400000 E27.92507753079972195632 F100.000000
; P02 POINT 1856 point-0001856 deposition
G1 A0.000000 C0.000000 X247.043530 Y235.096307 Z272.400000 E28.02301120137927193632 F100.000000
; P02 POINT 1857 point-0001857 deposition
G1 A0.000000 C0.000000 X247.041912 Y235.096554 Z272.400000 E28.02312007112590927706 F100.000000
; P02 POINT 1858 point-0001858 deposition
G1 A0.000000 C0.000000 X247.040296 Y235.096814 Z272.400000 E28.02322894087254661988 F100.000000
; P02 POINT 1859 point-0001859 deposition
G1 A0.000000 C0.000000 X247.038683 Y235.097088 Z272.400000 E28.02333781061918396094 F100.000000
; P02 POINT 1860 point-0001860 deposition
G1 A0.000000 C0.000000 X247.037071 Y235.097374 Z272.400000 E28.02344668036582129746 F100.000000
; P02 POINT 1861 point-0001861 deposition
G1 A0.000000 C0.000000 X247.035462 Y235.097674 Z272.400000 E28.02355555011245864526 F100.000000
; P02 POINT 1862 point-0001862 deposition
G1 A0.000000 C0.000000 X247.033856 Y235.097987 Z272.400000 E28.02366441985909597897 F100.000000
; P02 POINT 1863 point-0001863 deposition
G1 A0.000000 C0.000000 X247.032252 Y235.098313 Z272.400000 E28.02377328960573331866 F100.000000
; P02 POINT 1864 point-0001864 deposition
G1 A0.000000 C0.000000 X247.030651 Y235.098652 Z272.400000 E28.02388215935237066012 F100.000000
; P02 POINT 1865 point-0001865 deposition
G1 A0.000000 C0.000000 X247.029053 Y235.099004 Z272.400000 E28.02399102909900799302 F100.000000
; P02 POINT 1866 point-0001866 deposition
G1 A0.000000 C0.000000 X247.027457 Y235.099369 Z272.400000 E28.02409989884564531235 F100.000000
; P02 POINT 1867 point-0001867 deposition
G1 A0.000000 C0.000000 X247.025865 Y235.099748 Z272.400000 E28.02420876859228267634 F100.000000
; P02 POINT 1868 point-0001868 deposition
G1 A0.000000 C0.000000 X247.024276 Y235.100139 Z272.400000 E28.02431763833892000777 F100.000000
; P02 POINT 1869 point-0001869 deposition
G1 A0.000000 C0.000000 X245.596197 Y235.457983 Z272.400000 E28.12225076737887467777 F100.000000
; P02 POINT 1870 point-0001870 deposition
G1 A0.000000 C0.000000 X245.594611 Y235.458388 Z272.400000 E28.12235963614075384773 F100.000000
; P02 POINT 1871 point-0001871 deposition
G1 A0.000000 C0.000000 X245.593029 Y235.458805 Z272.400000 E28.12246850490263306337 F100.000000
; P02 POINT 1872 point-0001872 deposition
G1 A0.000000 C0.000000 X245.591450 Y235.459235 Z272.400000 E28.12257737366451225260 F100.000000
; P02 POINT 1873 point-0001873 deposition
G1 A0.000000 C0.000000 X245.589874 Y235.459678 Z272.400000 E28.12268624242639144972 F100.000000
; P02 POINT 1874 point-0001874 deposition
G1 A0.000000 C0.000000 X245.588302 Y235.460134 Z272.400000 E28.12279511118827070402 F100.000000
; P02 POINT 1875 point-0001875 deposition
G1 A0.000000 C0.000000 X245.586734 Y235.460603 Z272.400000 E28.12290397995014992129 F100.000000
; P02 POINT 1876 point-0001876 deposition
G1 A0.000000 C0.000000 X245.585170 Y235.461085 Z272.400000 E28.12301284871202910331 F100.000000
; P02 POINT 1877 point-0001877 deposition
G1 A0.000000 C0.000000 X245.583610 Y235.461579 Z272.400000 E28.12312171747390830868 F100.000000
; P02 POINT 1878 point-0001878 deposition
G1 A0.000000 C0.000000 X245.582054 Y235.462086 Z272.400000 E28.12323058623578756114 F100.000000
; P02 POINT 1879 point-0001879 deposition
G1 A0.000000 C0.000000 X245.580502 Y235.462606 Z272.400000 E28.12333945499766678216 F100.000000
; P02 POINT 1880 point-0001880 deposition
G1 A0.000000 C0.000000 X245.578955 Y235.463139 Z272.400000 E28.12344832375954592778 F100.000000
; P02 POINT 1881 point-0001881 deposition
G1 A0.000000 C0.000000 X245.577412 Y235.463684 Z272.400000 E28.12355719252142515841 F100.000000
; P02 POINT 1882 point-0001882 deposition
G1 A0.000000 C0.000000 X244.191281 Y235.959819 Z272.400000 E28.22149135447703548841 F100.000000
; P02 POINT 1883 point-0001883 deposition
G1 A0.000000 C0.000000 X244.189743 Y235.960377 Z272.400000 E28.22160022082861392341 F100.000000
; P02 POINT 1884 point-0001884 deposition
G1 A0.000000 C0.000000 X244.188209 Y235.960947 Z272.400000 E28.22170908718019231353 F100.000000
; P02 POINT 1885 point-0001885 deposition
G1 A0.000000 C0.000000 X244.186680 Y235.961530 Z272.400000 E28.22181795353177076796 F100.000000
; P02 POINT 1886 point-0001886 deposition
G1 A0.000000 C0.000000 X244.185155 Y235.962125 Z272.400000 E28.22192681988334915574 F100.000000
; P02 POINT 1887 point-0001887 deposition
G1 A0.000000 C0.000000 X244.183636 Y235.962733 Z272.400000 E28.22203568623492753949 F100.000000
; P02 POINT 1888 point-0001888 deposition
G1 A0.000000 C0.000000 X244.182121 Y235.963353 Z272.400000 E28.22214455258650598960 F100.000000
; P02 POINT 1889 point-0001889 deposition
G1 A0.000000 C0.000000 X244.180612 Y235.963986 Z272.400000 E28.22225341893808439927 F100.000000
; P02 POINT 1890 point-0001890 deposition
G1 A0.000000 C0.000000 X244.179108 Y235.964631 Z272.400000 E28.22236228528966281733 F100.000000
; P02 POINT 1891 point-0001891 deposition
G1 A0.000000 C0.000000 X244.177609 Y235.965288 Z272.400000 E28.22247115164124123358 F100.000000
; P02 POINT 1892 point-0001892 deposition
G1 A0.000000 C0.000000 X244.176115 Y235.965958 Z272.400000 E28.22258001799281963011 F100.000000
; P02 POINT 1893 point-0001893 deposition
G1 A0.000000 C0.000000 X244.174628 Y235.966640 Z272.400000 E28.22268888434439805279 F100.000000
; P02 POINT 1894 point-0001894 deposition
G1 A0.000000 C0.000000 X244.173145 Y235.967333 Z272.400000 E28.22279775069597649040 F100.000000
; P02 POINT 1895 point-0001895 deposition
G1 A0.000000 C0.000000 X242.842361 Y236.596958 Z272.400000 E28.32072978790157995040 F100.000000
; P02 POINT 1896 point-0001896 deposition
G1 A0.000000 C0.000000 X242.840885 Y236.597664 Z272.400000 E28.32083865028731470499 F100.000000
; P02 POINT 1897 point-0001897 deposition
G1 A0.000000 C0.000000 X242.839414 Y236.598382 Z272.400000 E28.32094751267304936740 F100.000000
; P02 POINT 1898 point-0001898 deposition
G1 A0.000000 C0.000000 X242.837950 Y236.599112 Z272.400000 E28.32105637505878407243 F100.000000
; P02 POINT 1899 point-0001899 deposition
G1 A0.000000 C0.000000 X242.836491 Y236.599854 Z272.400000 E28.32116523744451874305 F100.000000
; P02 POINT 1900 point-0001900 deposition
G1 A0.000000 C0.000000 X242.835039 Y236.600608 Z272.400000 E28.32127409983025349615 F100.000000
; P02 POINT 1901 point-0001901 deposition
G1 A0.000000 C0.000000 X242.833592 Y236.601373 Z272.400000 E28.32138296221598815192 F100.000000
; P02 POINT 1902 point-0001902 deposition
G1 A0.000000 C0.000000 X242.832152 Y236.602151 Z272.400000 E28.32149182460172286335 F100.000000
; P02 POINT 1903 point-0001903 deposition
G1 A0.000000 C0.000000 X242.830719 Y236.602940 Z272.400000 E28.32160068698745758463 F100.000000
; P02 POINT 1904 point-0001904 deposition
G1 A0.000000 C0.000000 X242.829291 Y236.603741 Z272.400000 E28.32170954937319230461 F100.000000
; P02 POINT 1905 point-0001905 deposition
G1 A0.000000 C0.000000 X242.827871 Y236.604554 Z272.400000 E28.32181841175892696588 F100.000000
; P02 POINT 1906 point-0001906 deposition
G1 A0.000000 C0.000000 X242.826457 Y236.605378 Z272.400000 E28.32192727414466166350 F100.000000
; P02 POINT 1907 point-0001907 deposition
G1 A0.000000 C0.000000 X242.825050 Y236.606214 Z272.400000 E28.32203613653039636884 F100.000000
; P02 POINT 1908 point-0001908 deposition
G1 A0.000000 C0.000000 X241.562413 Y237.363261 Z272.400000 E28.41996731555084615884 F100.000000
; P02 POINT 1909 point-0001909 deposition
G1 A0.000000 C0.000000 X241.561012 Y237.364108 Z272.400000 E28.42007617471109326042 F100.000000
; P02 POINT 1910 point-0001910 deposition
G1 A0.000000 C0.000000 X241.559619 Y237.364967 Z272.400000 E28.42018503387134030111 F100.000000
; P02 POINT 1911 point-0001911 deposition
G1 A0.000000 C0.000000 X241.558233 Y237.365837 Z272.400000 E28.42029389303158745153 F100.000000
; P02 POINT 1912 point-0001912 deposition
G1 A0.000000 C0.000000 X241.556854 Y237.366719 Z272.400000 E28.42040275219183451816 F100.000000
; P02 POINT 1913 point-0001913 deposition
G1 A0.000000 C0.000000 X241.555483 Y237.367611 Z272.400000 E28.42051161135208158900 F100.000000
; P02 POINT 1914 point-0001914 deposition
G1 A0.000000 C0.000000 X241.554119 Y237.368515 Z272.400000 E28.42062047051232867192 F100.000000
; P02 POINT 1915 point-0001915 deposition
G1 A0.000000 C0.000000 X241.552762 Y237.369430 Z272.400000 E28.42072932967257588336 F100.000000
; P02 POINT 1916 point-0001916 deposition
G1 A0.000000 C0.000000 X241.551412 Y237.370356 Z272.400000 E28.42083818883282288082 F100.000000
; P02 POINT 1917 point-0001917 deposition
G1 A0.000000 C0.000000 X241.550071 Y237.371293 Z272.400000 E28.42094704799306996785 F100.000000
; P02 POINT 1918 point-0001918 deposition
G1 A0.000000 C0.000000 X241.548737 Y237.372241 Z272.400000 E28.42105590715331711541 F100.000000
; P02 POINT 1919 point-0001919 deposition
G1 A0.000000 C0.000000 X241.547411 Y237.373200 Z272.400000 E28.42116476631356422991 F100.000000
; P02 POINT 1920 point-0001920 deposition
G1 A0.000000 C0.000000 X241.546092 Y237.374169 Z272.400000 E28.42127362547381127678 F100.000000
; P02 POINT 1921 point-0001921 deposition
G1 A0.000000 C0.000000 X240.363749 Y238.251350 Z272.400000 E28.51920493890625597678 F100.000000
; P02 POINT 1922 point-0001922 deposition
G1 A0.000000 C0.000000 X240.362439 Y238.252330 Z272.400000 E28.51931379471664537802 F100.000000
; P02 POINT 1923 point-0001923 deposition
G1 A0.000000 C0.000000 X240.361137 Y238.253321 Z272.400000 E28.51942265052703474888 F100.000000
; P02 POINT 1924 point-0001924 deposition
G1 A0.000000 C0.000000 X240.359843 Y238.254323 Z272.400000 E28.51953150633742411600 F100.000000
; P02 POINT 1925 point-0001925 deposition
G1 A0.000000 C0.000000 X240.358557 Y238.255335 Z272.400000 E28.51964036214781353676 F100.000000
; P02 POINT 1926 point-0001926 deposition
G1 A0.000000 C0.000000 X240.357280 Y238.256358 Z272.400000 E28.51974921795820296748 F100.000000
; P02 POINT 1927 point-0001927 deposition
G1 A0.000000 C0.000000 X240.356011 Y238.257391 Z272.400000 E28.51985807376859236441 F100.000000
; P02 POINT 1928 point-0001928 deposition
G1 A0.000000 C0.000000 X240.354750 Y238.258435 Z272.400000 E28.51996692957898179662 F100.000000
; P02 POINT 1929 point-0001929 deposition
G1 A0.000000 C0.000000 X240.353498 Y238.259488 Z272.400000 E28.52007578538937116169 F100.000000
; P02 POINT 1930 point-0001930 deposition
G1 A0.000000 C0.000000 X240.352255 Y238.260552 Z272.400000 E28.52018464119976051943 F100.000000
; P02 POINT 1931 point-0001931 deposition
G1 A0.000000 C0.000000 X240.351020 Y238.261627 Z272.400000 E28.52029349701014997754 F100.000000
; P02 POINT 1932 point-0001932 deposition
G1 A0.000000 C0.000000 X240.349795 Y238.262711 Z272.400000 E28.52040235282053930416 F100.000000
; P02 POINT 1933 point-0001933 deposition
G1 A0.000000 C0.000000 X240.348578 Y238.263805 Z272.400000 E28.52051120863092871881 F100.000000
; P02 POINT 1934 point-0001934 deposition
G1 A0.000000 C0.000000 X239.257917 Y239.252664 Z272.400000 E28.61844256497855981881 F100.000000
; P02 POINT 1935 point-0001935 deposition
G1 A0.000000 C0.000000 X239.256710 Y239.253768 Z272.400000 E28.61855141700344426871 F100.000000
; P02 POINT 1936 point-0001936 deposition
G1 A0.000000 C0.000000 X239.255511 Y239.254882 Z272.400000 E28.61866026902832879636 F100.000000
; P02 POINT 1937 point-0001937 deposition
G1 A0.000000 C0.000000 X239.254321 Y239.256006 Z272.400000 E28.61876912105321327379 F100.000000
; P02 POINT 1938 point-0001938 deposition
G1 A0.000000 C0.000000 X239.253141 Y239.257139 Z272.400000 E28.61887797307809771835 F100.000000
; P02 POINT 1939 point-0001939 deposition
G1 A0.000000 C0.000000 X239.251970 Y239.258282 Z272.400000 E28.61898682510298226088 F100.000000
; P02 POINT 1940 point-0001940 deposition
G1 A0.000000 C0.000000 X239.250808 Y239.259435 Z272.400000 E28.61909567712786670619 F100.000000
; P02 POINT 1941 point-0001941 deposition
G1 A0.000000 C0.000000 X239.249656 Y239.260597 Z272.400000 E28.61920452915275123309 F100.000000
; P02 POINT 1942 point-0001942 deposition
G1 A0.000000 C0.000000 X239.248514 Y239.261768 Z272.400000 E28.61931338117763562596 F100.000000
; P02 POINT 1943 point-0001943 deposition
G1 A0.000000 C0.000000 X239.247381 Y239.262949 Z272.400000 E28.61942223320252010638 F100.000000
; P02 POINT 1944 point-0001944 deposition
G1 A0.000000 C0.000000 X239.246257 Y239.264139 Z272.400000 E28.61953108522740459302 F100.000000
; P02 POINT 1945 point-0001945 deposition
G1 A0.000000 C0.000000 X239.245144 Y239.265338 Z272.400000 E28.61963993725228905434 F100.000000
; P02 POINT 1946 point-0001946 deposition
G1 A0.000000 C0.000000 X239.244040 Y239.266546 Z272.400000 E28.61974878927717351570 F100.000000
; P02 POINT 1947 point-0001947 deposition
G1 A0.000000 C0.000000 X238.255565 Y240.357555 Z272.400000 E28.71768019179566466570 F100.000000
; P02 POINT 1948 point-0001948 deposition
G1 A0.000000 C0.000000 X238.254471 Y240.358772 Z272.400000 E28.71778903990524546714 F100.000000
; P02 POINT 1949 point-0001949 deposition
G1 A0.000000 C0.000000 X238.253388 Y240.359998 Z272.400000 E28.71789788801482634211 F100.000000
; P02 POINT 1950 point-0001950 deposition
G1 A0.000000 C0.000000 X238.252314 Y240.361233 Z272.400000 E28.71800673612440717541 F100.000000
; P02 POINT 1951 point-0001951 deposition
G1 A0.000000 C0.000000 X238.251251 Y240.362477 Z272.400000 E28.71811558423398805620 F100.000000
; P02 POINT 1952 point-0001952 deposition
G1 A0.000000 C0.000000 X238.250197 Y240.363729 Z272.400000 E28.71822443234356887290 F100.000000
; P02 POINT 1953 point-0001953 deposition
G1 A0.000000 C0.000000 X238.249154 Y240.364990 Z272.400000 E28.71833328045314961792 F100.000000
; P02 POINT 1954 point-0001954 deposition
G1 A0.000000 C0.000000 X238.248122 Y240.366259 Z272.400000 E28.71844212856273048956 F100.000000
; P02 POINT 1955 point-0001955 deposition
G1 A0.000000 C0.000000 X238.247099 Y240.367537 Z272.400000 E28.71855097667231131116 F100.000000
; P02 POINT 1956 point-0001956 deposition
G1 A0.000000 C0.000000 X238.246088 Y240.368823 Z272.400000 E28.71865982478189221873 F100.000000
; P02 POINT 1957 point-0001957 deposition
G1 A0.000000 C0.000000 X238.245086 Y240.370117 Z272.400000 E28.71876867289147300486 F100.000000
; P02 POINT 1958 point-0001958 deposition
G1 A0.000000 C0.000000 X238.244096 Y240.371420 Z272.400000 E28.71887752100105387064 F100.000000
; P02 POINT 1959 point-0001959 deposition
G1 A0.000000 C0.000000 X238.243116 Y240.372730 Z272.400000 E28.71898636911063465454 F100.000000
; P02 POINT 1960 point-0001960 deposition
G1 A0.000000 C0.000000 X237.366334 Y241.555389 Z272.400000 E28.81691875459288089454 F100.000000
; P02 POINT 1961 point-0001961 deposition
G1 A0.000000 C0.000000 X237.365365 Y241.556707 Z272.400000 E28.81702759811421477595 F100.000000
; P02 POINT 1962 point-0001962 deposition
G1 A0.000000 C0.000000 X237.364407 Y241.558034 Z272.400000 E28.81713644163554876937 F100.000000
; P02 POINT 1963 point-0001963 deposition
G1 A0.000000 C0.000000 X237.363460 Y241.559368 Z272.400000 E28.81724528515688275889 F100.000000
; P02 POINT 1964 point-0001964 deposition
G1 A0.000000 C0.000000 X237.362523 Y241.560710 Z272.400000 E28.81735412867821667126 F100.000000
; P02 POINT 1965 point-0001965 deposition
G1 A0.000000 C0.000000 X237.361598 Y241.562059 Z272.400000 E28.81746297219955061121 F100.000000
; P02 POINT 1966 point-0001966 deposition
G1 A0.000000 C0.000000 X237.360684 Y241.563416 Z272.400000 E28.81757181572088456965 F100.000000
; P02 POINT 1967 point-0001967 deposition
G1 A0.000000 C0.000000 X237.359780 Y241.564780 Z272.400000 E28.81768065924221860435 F100.000000
; P02 POINT 1968 point-0001968 deposition
G1 A0.000000 C0.000000 X237.358888 Y241.566152 Z272.400000 E28.81778950276355249423 F100.000000
; P02 POINT 1969 point-0001969 deposition
G1 A0.000000 C0.000000 X237.358008 Y241.567531 Z272.400000 E28.81789834628488644211 F100.000000
; P02 POINT 1970 point-0001970 deposition
G1 A0.000000 C0.000000 X237.357138 Y241.568917 Z272.400000 E28.81800718980622036323 F100.000000
; P02 POINT 1971 point-0001971 deposition
G1 A0.000000 C0.000000 X237.356280 Y241.570310 Z272.400000 E28.81811603332755434380 F100.000000
; P02 POINT 1972 point-0001972 deposition
G1 A0.000000 C0.000000 X237.355433 Y241.571710 Z272.400000 E28.81822487684888830310 F100.000000
; P02 POINT 1973 point-0001973 deposition
G1 A0.000000 C0.000000 X236.598797 Y242.834611 Z272.400000 E28.91615696729901754310 F100.000000
; P02 POINT 1974 point-0001974 deposition
G1 A0.000000 C0.000000 X236.597962 Y242.836018 Z272.400000 E28.91626580534917825340 F100.000000
; P02 POINT 1975 point-0001975 deposition
G1 A0.000000 C0.000000 X236.597138 Y242.837431 Z272.400000 E28.91637464339933890374 F100.000000
; P02 POINT 1976 point-0001976 deposition
G1 A0.000000 C0.000000 X236.596326 Y242.838852 Z272.400000 E28.91648348144949962203 F100.000000
; P02 POINT 1977 point-0001977 deposition
G1 A0.000000 C0.000000 X236.595526 Y242.840279 Z272.400000 E28.91659231949966027263 F100.000000
; P02 POINT 1978 point-0001978 deposition
G1 A0.000000 C0.000000 X236.594737 Y242.841712 Z272.400000 E28.91670115754982094670 F100.000000
; P02 POINT 1979 point-0001979 deposition
G1 A0.000000 C0.000000 X236.593960 Y242.843152 Z272.400000 E28.91680999559998160479 F100.000000
; P02 POINT 1980 point-0001980 deposition
G1 A0.000000 C0.000000 X236.593195 Y242.844599 Z272.400000 E28.91691883365014228761 F100.000000
; P02 POINT 1981 point-0001981 deposition
G1 A0.000000 C0.000000 X236.592442 Y242.846051 Z272.400000 E28.91702767170030299104 F100.000000
; P02 POINT 1982 point-0001982 deposition
G1 A0.000000 C0.000000 X236.591701 Y242.847510 Z272.400000 E28.91713650975046368015 F100.000000
; P02 POINT 1983 point-0001983 deposition
G1 A0.000000 C0.000000 X236.590971 Y242.848974 Z272.400000 E28.91724534780062428775 F100.000000
; P02 POINT 1984 point-0001984 deposition
G1 A0.000000 C0.000000 X236.590254 Y242.850445 Z272.400000 E28.91735418585078498785 F100.000000
; P02 POINT 1985 point-0001985 deposition
G1 A0.000000 C0.000000 X236.589549 Y242.851921 Z272.400000 E28.91746302390094566231 F100.000000
; P02 POINT 1986 point-0001986 deposition
G1 A0.000000 C0.000000 X235.960334 Y244.182904 Z272.400000 E29.01539541555937709231 F100.000000
; P02 POINT 1987 point-0001987 deposition
G1 A0.000000 C0.000000 X235.959641 Y244.184386 Z272.400000 E29.01550424759552556199 F100.000000
; P02 POINT 1988 point-0001988 deposition
G1 A0.000000 C0.000000 X235.958959 Y244.185874 Z272.400000 E29.01561307963167413634 F100.000000
; P02 POINT 1989 point-0001989 deposition
G1 A0.000000 C0.000000 X235.958291 Y244.187367 Z272.400000 E29.01572191166782259867 F100.000000
; P02 POINT 1990 point-0001990 deposition
G1 A0.000000 C0.000000 X235.957634 Y244.188866 Z272.400000 E29.01583074370397115949 F100.000000
; P02 POINT 1991 point-0001991 deposition
G1 A0.000000 C0.000000 X235.956990 Y244.190369 Z272.400000 E29.01593957574011964160 F100.000000
; P02 POINT 1992 point-0001992 deposition
G1 A0.000000 C0.000000 X235.956358 Y244.191878 Z272.400000 E29.01604840777626815448 F100.000000
; P02 POINT 1993 point-0001993 deposition
G1 A0.000000 C0.000000 X235.955738 Y244.193393 Z272.400000 E29.01615723981241668862 F100.000000
; P02 POINT 1994 point-0001994 deposition
G1 A0.000000 C0.000000 X235.955131 Y244.194912 Z272.400000 E29.01626607184856517771 F100.000000
; P02 POINT 1995 point-0001995 deposition
G1 A0.000000 C0.000000 X235.954536 Y244.196436 Z272.400000 E29.01637490388471367061 F100.000000
; P02 POINT 1996 point-0001996 deposition
G1 A0.000000 C0.000000 X235.953954 Y244.197965 Z272.400000 E29.01648373592086220218 F100.000000
; P02 POINT 1997 point-0001997 deposition
G1 A0.000000 C0.000000 X235.953384 Y244.199499 Z272.400000 E29.01659256795701068969 F100.000000
; P02 POINT 1998 point-0001998 deposition
G1 A0.000000 C0.000000 X235.952827 Y244.201037 Z272.400000 E29.01670139999315917154 F100.000000
; P02 POINT 1999 point-0001999 deposition
G1 A0.000000 C0.000000 X235.457089 Y245.587273 Z272.400000 E29.11463332673095619154 F100.000000
; P02 POINT 2000 point-0002000 deposition
G1 A0.000000 C0.000000 X235.456545 Y245.588816 Z272.400000 E29.11474215216328011435 F100.000000
; P02 POINT 2001 point-0002001 deposition
G1 A0.000000 C0.000000 X235.456013 Y245.590363 Z272.400000 E29.11485097759560401605 F100.000000
; P02 POINT 2002 point-0002002 deposition
G1 A0.000000 C0.000000 X235.455493 Y245.591915 Z272.400000 E29.11495980302792792432 F100.000000
; P02 POINT 2003 point-0002003 deposition
G1 A0.000000 C0.000000 X235.454987 Y245.593470 Z272.400000 E29.11506862846025189002 F100.000000
; P02 POINT 2004 point-0002004 deposition
G1 A0.000000 C0.000000 X235.454493 Y245.595030 Z272.400000 E29.11517745389257577426 F100.000000
; P02 POINT 2005 point-0002005 deposition
G1 A0.000000 C0.000000 X235.454012 Y245.596593 Z272.400000 E29.11528627932489970802 F100.000000
; P02 POINT 2006 point-0002006 deposition
G1 A0.000000 C0.000000 X235.453544 Y245.598161 Z272.400000 E29.11539510475722365262 F100.000000
; P02 POINT 2007 point-0002007 deposition
G1 A0.000000 C0.000000 X235.453088 Y245.599732 Z272.400000 E29.11550393018954755440 F100.000000
; P02 POINT 2008 point-0002008 deposition
G1 A0.000000 C0.000000 X235.452646 Y245.601307 Z272.400000 E29.11561275562187148605 F100.000000
; P02 POINT 2009 point-0002009 deposition
G1 A0.000000 C0.000000 X235.452216 Y245.602886 Z272.400000 E29.11572158105419540115 F100.000000
; P02 POINT 2010 point-0002010 deposition
G1 A0.000000 C0.000000 X235.451799 Y245.604468 Z272.400000 E29.11583040648651934906 F100.000000
; P02 POINT 2011 point-0002011 deposition
G1 A0.000000 C0.000000 X235.451396 Y245.606053 Z272.400000 E29.11593923191884325134 F100.000000
; P02 POINT 2012 point-0002012 deposition
G1 A0.000000 C0.000000 X235.093898 Y247.034199 Z272.400000 E29.21387107550804299134 F100.000000
; P02 POINT 2013 point-0002013 deposition
G1 A0.000000 C0.000000 X235.093507 Y247.035787 Z272.400000 E29.21397989428487785579 F100.000000
; P02 POINT 2014 point-0002014 deposition
G1 A0.000000 C0.000000 X235.093129 Y247.037379 Z272.400000 E29.21408871306171275675 F100.000000
; P02 POINT 2015 point-0002015 deposition
G1 A0.000000 C0.000000 X235.092764 Y247.038973 Z272.400000 E29.21419753183854766886 F100.000000
; P02 POINT 2016 point-0002016 deposition
G1 A0.000000 C0.000000 X235.092413 Y247.040571 Z272.400000 E29.21430635061538255749 F100.000000
; P02 POINT 2017 point-0002017 deposition
G1 A0.000000 C0.000000 X235.092074 Y247.042171 Z272.400000 E29.21441516939221748554 F100.000000
; P02 POINT 2018 point-0002018 deposition
G1 A0.000000 C0.000000 X235.091749 Y247.043775 Z272.400000 E29.21452398816905237956 F100.000000
; P02 POINT 2019 point-0002019 deposition
G1 A0.000000 C0.000000 X235.091436 Y247.045380 Z272.400000 E29.21463280694588728209 F100.000000
; P02 POINT 2020 point-0002020 deposition
G1 A0.000000 C0.000000 X235.091137 Y247.046989 Z272.400000 E29.21474162572272218689 F100.000000
; P02 POINT 2021 point-0002021 deposition
G1 A0.000000 C0.000000 X235.090851 Y247.048599 Z272.400000 E29.21485044449955708686 F100.000000
; P02 POINT 2022 point-0002022 deposition
G1 A0.000000 C0.000000 X235.090578 Y247.050212 Z272.400000 E29.21495926327639200206 F100.000000
; P02 POINT 2023 point-0002023 deposition
G1 A0.000000 C0.000000 X235.090319 Y247.051827 Z272.400000 E29.21506808205322690846 F100.000000
; P02 POINT 2024 point-0002024 deposition
G1 A0.000000 C0.000000 X235.090072 Y247.053445 Z272.400000 E29.21517690083006179588 F100.000000
; P02 POINT 2025 point-0002025 deposition
G1 A0.000000 C0.000000 X234.874246 Y248.509748 Z272.400000 E29.31310866482095035588 F100.000000
; P02 POINT 2026 point-0002026 deposition
G1 A0.000000 C0.000000 X234.874013 Y248.511367 Z272.400000 E29.31321747681997316501 F100.000000
; P02 POINT 2027 point-0002027 deposition
G1 A0.000000 C0.000000 X234.873793 Y248.512988 Z272.400000 E29.31332628881899600170 F100.000000
; P02 POINT 2028 point-0002028 deposition
G1 A0.000000 C0.000000 X234.873586 Y248.514611 Z272.400000 E29.31343510081801880463 F100.000000
; P02 POINT 2029 point-0002029 deposition
G1 A0.000000 C0.000000 X234.873393 Y248.516235 Z272.400000 E29.31354391281704163334 F100.000000
; P02 POINT 2030 point-0002030 deposition
G1 A0.000000 C0.000000 X234.873213 Y248.517861 Z272.400000 E29.31365272481606445225 F100.000000
; P02 POINT 2031 point-0002031 deposition
G1 A0.000000 C0.000000 X234.873046 Y248.519488 Z272.400000 E29.31376153681508727418 F100.000000
; P02 POINT 2032 point-0002032 deposition
G1 A0.000000 C0.000000 X234.872893 Y248.521117 Z272.400000 E29.31387034881411010138 F100.000000
; P02 POINT 2033 point-0002033 deposition
G1 A0.000000 C0.000000 X234.872752 Y248.522746 Z272.400000 E29.31397916081313292144 F100.000000
; P02 POINT 2034 point-0002034 deposition
G1 A0.000000 C0.000000 X234.872626 Y248.524377 Z272.400000 E29.31408797281215574267 F100.000000
; P02 POINT 2035 point-0002035 deposition
G1 A0.000000 C0.000000 X234.872512 Y248.526009 Z272.400000 E29.31419678481117854917 F100.000000
; P02 POINT 2036 point-0002036 deposition
G1 A0.000000 C0.000000 X234.872412 Y248.527642 Z272.400000 E29.31430559681020138582 F100.000000
; P02 POINT 2037 point-0002037 deposition
G1 A0.000000 C0.000000 X234.872325 Y248.529275 Z272.400000 E29.31441440880922419786 F100.000000
; P02 POINT 2038 point-0002038 deposition
G1 A0.000000 C0.000000 X234.800240 Y249.999717 Z272.400000 E29.41234605382039646786 F100.000000
; P02 POINT 2039 point-0002039 deposition
G1 A0.000000 C0.000000 X234.800167 Y250.001351 Z272.400000 E29.41245485897472924762 F100.000000
; P02 POINT 2040 point-0002040 deposition
G1 A0.000000 C0.000000 X234.800107 Y250.002986 Z272.400000 E29.41256366412906203870 F100.000000
; P02 POINT 2041 point-0002041 deposition
G1 A0.000000 C0.000000 X234.800060 Y250.004621 Z272.400000 E29.41267246928339483175 F100.000000
; P02 POINT 2042 point-0002042 deposition
G1 A0.000000 C0.000000 X234.800027 Y250.006256 Z272.400000 E29.41278127443772762432 F100.000000
; P02 POINT 2043 point-0002043 deposition
G1 A0.000000 C0.000000 X234.800007 Y250.007891 Z272.400000 E29.41289007959206041455 F100.000000
; P02 POINT 2044 point-0002044 deposition
G1 A0.000000 C0.000000 X234.800000 Y250.009527 Z272.400000 E29.41299888474639320784 F100.000000
; P02 EVENT event-0000256 retract
G1 E28.41299888474639320784 F100.000000
; P02 POINT 2045 point-0002045 travel
G1 A0.000000 C0.000000 X234.606728 Y250.156106 Z272.400000 F100.000000
; P02 EVENT event-0000257 prime
G1 E29.41299888474639320784 F100.000000
; P02 POINT 2046 point-0002046 deposition
G1 A0.000000 C0.000000 X234.407691 Y250.156106 Z272.400000 E29.42623886894623207184 F100.000000
; P02 EVENT event-0000258 retract
G1 E28.42623886894623207184 F100.000000
; P02 POINT 2047 point-0002047 travel
G1 A0.000000 C0.000000 X234.417810 Y249.656106 Z272.400000 F100.000000
; P02 EVENT event-0000259 prime
G1 E29.42623886894623207184 F100.000000
; P02 POINT 2048 point-0002048 deposition
G1 A0.000000 C0.000000 X234.616845 Y249.656106 Z272.400000 E29.43947870873008433184 F100.000000
; P02 EVENT event-0000260 retract
G1 E28.43947870873008433184 F100.000000
; P02 POINT 2049 point-0002049 travel
G1 A0.000000 C0.000000 X234.641356 Y249.156106 Z272.400000 F100.000000
; P02 EVENT event-0000261 prime
G1 E29.43947870873008433184 F100.000000
; P02 POINT 2050 point-0002050 deposition
G1 A0.000000 C0.000000 X234.442322 Y249.156106 Z272.400000 E29.45271853411642651084 F100.000000
; P02 EVENT event-0000262 retract
G1 E28.45271853411642651084 F100.000000
; P02 POINT 2051 point-0002051 travel
G1 A0.000000 C0.000000 X234.466833 Y248.656106 Z272.400000 F100.000000
; P02 EVENT event-0000263 prime
G1 E29.45271853411642651084 F100.000000
; P02 POINT 2052 point-0002052 deposition
G1 A0.000000 C0.000000 X234.665867 Y248.656106 Z272.400000 E29.46595834510525861284 F100.000000
; P02 EVENT event-0000264 retract
G1 E28.46595834510525861284 F100.000000
; P02 POINT 2053 point-0002053 travel
G1 A0.000000 C0.000000 X234.724472 Y248.156106 Z272.400000 F100.000000
; P02 EVENT event-0000265 prime
G1 E29.46595834510525861284 F100.000000
; P02 POINT 2054 point-0002054 deposition
G1 A0.000000 C0.000000 X234.523500 Y248.156106 Z272.400000 E29.47932703865359974884 F100.000000
; P02 EVENT event-0000266 retract
G1 E28.47932703865359974884 F100.000000
; P02 POINT 2055 point-0002055 travel
G1 A0.000000 C0.000000 X234.597602 Y247.656106 Z272.400000 F100.000000
; P02 EVENT event-0000267 prime
G1 E29.47932703865359974884 F100.000000
; P02 POINT 2056 point-0002056 deposition
G1 A0.000000 C0.000000 X234.798572 Y247.656106 Z272.400000 E29.49269567353323993684 F100.000000
; P02 EVENT event-0000268 retract
G1 E28.49269567353323993684 F100.000000
; P02 POINT 2057 point-0002057 travel
G1 A0.000000 C0.000000 X234.872673 Y247.156106 Z272.400000 F100.000000
; P02 EVENT event-0000269 prime
G1 E29.49269567353323993684 F100.000000
; P02 POINT 2058 point-0002058 deposition
G1 A0.000000 C0.000000 X234.671703 Y247.156106 Z272.400000 E29.50606424974417918184 F100.000000
; P02 EVENT event-0000270 retract
G1 E28.50606424974417918184 F100.000000
; P02 POINT 2059 point-0002059 travel
G1 A0.000000 C0.000000 X234.777430 Y246.656106 Z272.400000 F100.000000
; P02 EVENT event-0000271 prime
G1 E29.50606424974417918184 F100.000000
; P02 POINT 2060 point-0002060 deposition
G1 A0.000000 C0.000000 X234.982372 Y246.656106 Z272.400000 E29.51969704171064999484 F100.000000
; P02 EVENT event-0000272 retract
G1 E28.51969704171064999484 F100.000000
; P02 POINT 2061 point-0002061 travel
G1 A0.000000 C0.000000 X234.902593 Y246.156106 Z272.400000 F100.000000
; P02 EVENT event-0000273 prime
G1 E29.51969704171064999484 F100.000000
; P02 POINT 2062 point-0002062 deposition
G1 A0.000000 C0.000000 X235.107534 Y246.156106 Z272.400000 E29.53332972496940768184 F100.000000
; P02 EVENT event-0000274 retract
G1 E28.53332972496940768184 F100.000000
; P02 POINT 2063 point-0002063 travel
G1 A0.000000 C0.000000 X235.027757 Y245.656106 Z272.400000 F100.000000
; P02 EVENT event-0000275 prime
G1 E29.53332972496940768184 F100.000000
; P02 POINT 2064 point-0002064 deposition
G1 A0.000000 C0.000000 X235.232695 Y245.656106 Z272.400000 E29.54696229952045235884 F100.000000
; P02 EVENT event-0000276 retract
G1 E28.54696229952045235884 F100.000000
; P02 POINT 2065 point-0002065 travel
G1 A0.000000 C0.000000 X235.187729 Y245.156106 Z272.400000 F100.000000
; P02 EVENT event-0000277 prime
G1 E29.54696229952045235884 F100.000000
; P02 POINT 2066 point-0002066 deposition
G1 A0.000000 C0.000000 X235.398876 Y245.156106 Z272.400000 E29.56100789937177646484 F100.000000
; P02 EVENT event-0000278 retract
G1 E28.56100789937177646484 F100.000000
; P02 POINT 2067 point-0002067 travel
G1 A0.000000 C0.000000 X235.366538 Y244.656106 Z272.400000 F100.000000
; P02 EVENT event-0000279 prime
G1 E29.56100789937177646484 F100.000000
; P02 POINT 2068 point-0002068 deposition
G1 A0.000000 C0.000000 X235.577683 Y244.656106 Z272.400000 E29.57505331832434253984 F100.000000
; P02 EVENT event-0000280 retract
G1 E28.57505331832434253984 F100.000000
; P02 POINT 2069 point-0002069 travel
G1 A0.000000 C0.000000 X235.545348 Y244.156106 Z272.400000 F100.000000
; P02 EVENT event-0000281 prime
G1 E29.57505331832434253984 F100.000000
; P02 POINT 2070 point-0002070 deposition
G1 A0.000000 C0.000000 X235.756490 Y244.156106 Z272.400000 E29.58909855637815070984 F100.000000
; P02 EVENT event-0000282 retract
G1 E28.58909855637815070984 F100.000000
; P02 POINT 2071 point-0002071 travel
G1 A0.000000 C0.000000 X235.768226 Y243.656106 Z272.400000 F100.000000
; P02 EVENT event-0000283 prime
G1 E29.58909855637815070984 F100.000000
; P02 POINT 2072 point-0002072 deposition
G1 A0.000000 C0.000000 X235.988152 Y243.656106 Z272.400000 E29.60372807863037720184 F100.000000
; P02 EVENT event-0000284 retract
G1 E28.60372807863037720184 F100.000000
; P02 POINT 2073 point-0002073 travel
G1 A0.000000 C0.000000 X236.004602 Y243.156106 Z272.400000 F100.000000
; P02 EVENT event-0000285 prime
G1 E29.60372807863037720184 F100.000000
; P02 POINT 2074 point-0002074 deposition
G1 A0.000000 C0.000000 X236.224524 Y243.156106 Z272.400000 E29.61835733638938761484 F100.000000
; P02 EVENT event-0000286 retract
G1 E28.61835733638938761484 F100.000000
; P02 POINT 2075 point-0002075 travel
G1 A0.000000 C0.000000 X236.240978 Y242.656106 Z272.400000 F100.000000
; P02 EVENT event-0000287 prime
G1 E29.61835733638938761484 F100.000000
; P02 POINT 2076 point-0002076 deposition
G1 A0.000000 C0.000000 X236.472595 Y242.656106 Z272.400000 E29.63376456973587223984 F100.000000
; P02 EVENT event-0000288 retract
G1 E28.63376456973587223984 F100.000000
; P02 POINT 2077 point-0002077 travel
G1 A0.000000 C0.000000 X236.540366 Y242.156106 Z272.400000 F100.000000
; P02 EVENT event-0000289 prime
G1 E29.63376456973587223984 F100.000000
; P02 POINT 2078 point-0002078 deposition
G1 A0.000000 C0.000000 X236.772158 Y242.156106 Z272.400000 E29.64918348454928416884 F100.000000
; P02 EVENT event-0000290 retract
G1 E28.64918348454928416884 F100.000000
; P02 POINT 2079 point-0002079 travel
G1 A0.000000 C0.000000 X236.839934 Y241.656106 Z272.400000 F100.000000
; P02 EVENT event-0000291 prime
G1 E29.64918348454928416884 F100.000000
; P02 POINT 2080 point-0002080 deposition
G1 A0.000000 C0.000000 X237.071721 Y241.656106 Z272.400000 E29.66460203628720507984 F100.000000
; P02 EVENT event-0000292 retract
G1 E28.66460203628720507984 F100.000000
; P02 POINT 2081 point-0002081 travel
G1 A0.000000 C0.000000 X237.165842 Y241.156106 Z272.400000 F100.000000
; P02 EVENT event-0000293 prime
G1 E29.66460203628720507984 F100.000000
; P02 POINT 2082 point-0002082 deposition
G1 A0.000000 C0.000000 X237.413381 Y241.156106 Z272.400000 E29.68106836762317244584 F100.000000
; P02 EVENT event-0000294 retract
G1 E28.68106836762317244584 F100.000000
; P02 POINT 2083 point-0002083 travel
G1 A0.000000 C0.000000 X237.536532 Y240.656106 Z272.400000 F100.000000
; P02 EVENT event-0000295 prime
G1 E29.68106836762317244584 F100.000000
; P02 POINT 2084 point-0002084 deposition
G1 A0.000000 C0.000000 X237.784063 Y240.656106 Z272.400000 E29.69753421691440179584 F100.000000
; P02 EVENT event-0000296 retract
G1 E28.69753421691440179584 F100.000000
; P02 POINT 2085 point-0002085 travel
G1 A0.000000 C0.000000 X237.907221 Y240.156106 Z272.400000 F100.000000
; P02 EVENT event-0000297 prime
G1 E29.69753421691440179584 F100.000000
; P02 POINT 2086 point-0002086 deposition
G1 A0.000000 C0.000000 X238.168202 Y240.156106 Z272.400000 E29.71489472856123837884 F100.000000
; P02 EVENT event-0000298 retract
G1 E28.71489472856123837884 F100.000000
; P02 POINT 2087 point-0002087 travel
G1 A0.000000 C0.000000 X238.352872 Y239.656106 Z272.400000 F100.000000
; P02 EVENT event-0000299 prime
G1 E29.71489472856123837884 F100.000000
; P02 POINT 2088 point-0002088 deposition
G1 A0.000000 C0.000000 X238.621212 Y239.656106 Z272.400000 E29.73274476031462105684 F100.000000
; P02 EVENT event-0000300 retract
G1 E28.73274476031462105684 F100.000000
; P02 POINT 2089 point-0002089 travel
G1 A0.000000 C0.000000 X238.805891 Y239.156106 Z272.400000 F100.000000
; P02 EVENT event-0000301 prime
G1 E29.73274476031462105684 F100.000000
; P02 POINT 2090 point-0002090 deposition
G1 A0.000000 C0.000000 X239.074221 Y239.156106 Z272.400000 E29.75059416780165274084 F100.000000
; P02 EVENT event-0000302 retract
G1 E28.75059416780165274084 F100.000000
; P02 POINT 2091 point-0002091 travel
G1 A0.000000 C0.000000 X239.322054 Y238.656106 Z272.400000 F100.000000
; P02 EVENT event-0000303 prime
G1 E29.75059416780165274084 F100.000000
; P02 POINT 2092 point-0002092 deposition
G1 A0.000000 C0.000000 X239.618132 Y238.656106 Z272.400000 E29.77028929626839941584 F100.000000
; P02 EVENT event-0000304 retract
G1 E28.77028929626839941584 F100.000000
; P02 POINT 2093 point-0002093 travel
G1 A0.000000 C0.000000 X239.873541 Y238.156106 Z272.400000 F100.000000
; P02 EVENT event-0000305 prime
G1 E29.77028929626839941584 F100.000000
; P02 POINT 2094 point-0002094 deposition
G1 A0.000000 C0.000000 X240.169606 Y238.156106 Z272.400000 E29.78998357098940728184 F100.000000
; P02 EVENT event-0000306 retract
G1 E28.78998357098940728184 F100.000000
; P02 POINT 2095 point-0002095 travel
G1 A0.000000 C0.000000 X240.496617 Y237.656106 Z272.400000 F100.000000
; P02 EVENT event-0000307 prime
G1 E29.78998357098940728184 F100.000000
; P02 POINT 2096 point-0002096 deposition
G1 A0.000000 C0.000000 X240.830405 Y237.656106 Z272.400000 E29.81218725006333757484 F100.000000
; P02 EVENT event-0000308 retract
G1 E28.81218725006333757484 F100.000000
; P02 POINT 2097 point-0002097 travel
G1 A0.000000 C0.000000 X241.170580 Y237.156106 Z272.400000 F100.000000
; P02 EVENT event-0000309 prime
G1 E29.81218725006333757484 F100.000000
; P02 POINT 2098 point-0002098 deposition
G1 A0.000000 C0.000000 X241.518982 Y237.156106 Z272.400000 E29.83536304933076402784 F100.000000
; P02 EVENT event-0000310 retract
G1 E28.83536304933076402784 F100.000000
; P02 POINT 2099 point-0002099 travel
G1 A0.000000 C0.000000 X241.966140 Y236.656106 Z272.400000 F100.000000
; P02 EVENT event-0000311 prime
G1 E29.83536304933076402784 F100.000000
; P02 POINT 2100 point-0002100 deposition
G1 A0.000000 C0.000000 X242.352905 Y236.656106 Z272.400000 E29.86109076900609293784 F100.000000
; P02 EVENT event-0000312 retract
G1 E28.86109076900609293784 F100.000000
; P02 POINT 2101 point-0002101 travel
G1 A0.000000 C0.000000 X242.841428 Y236.156106 Z272.400000 F100.000000
; P02 EVENT event-0000313 prime
G1 E29.86109076900609293784 F100.000000
; P02 POINT 2102 point-0002102 deposition
G1 A0.000000 C0.000000 X243.306503 Y236.156106 Z272.400000 E29.89202772434248153784 F100.000000
; P02 EVENT event-0000314 retract
G1 E28.89202772434248153784 F100.000000
; P02 POINT 2103 point-0002103 travel
G1 A0.000000 C0.000000 X243.898280 Y235.656106 Z272.400000 F100.000000
; P02 EVENT event-0000315 prime
G1 E29.89202772434248153784 F100.000000
; P02 POINT 2104 point-0002104 deposition
G1 A0.000000 C0.000000 X244.446324 Y235.656106 Z272.400000 E29.92848378849609937784 F100.000000
; P02 EVENT event-0000316 retract
G1 E28.92848378849609937784 F100.000000
; P02 POINT 2105 point-0002105 travel
G1 A0.000000 C0.000000 X245.253070 Y235.156106 Z272.400000 F100.000000
; P02 EVENT event-0000317 prime
G1 E29.92848378849609937784 F100.000000
; P02 POINT 2106 point-0002106 deposition
G1 A0.000000 C0.000000 X245.978089 Y235.156106 Z272.400000 E29.97671227569007201784 F100.000000
; P02 EVENT event-0000318 retract
G1 E28.97671227569007201784 F100.000000
; P02 POINT 2107 point-0002107 travel
G1 A0.000000 C0.000000 X247.292303 Y234.656106 Z272.400000 F100.000000
; P02 EVENT event-0000319 prime
G1 E29.97671227569007201784 F100.000000
; P02 POINT 2108 point-0002108 deposition
G1 A0.000000 C0.000000 X248.965268 Y234.656106 Z272.400000 E30.08799836955341921784 F100.000000
; P02 EVENT event-0000320 retract
G1 E29.08799836955341921784 F100.000000
; P02 POINT 2109 point-0002109 travel
G1 A0.000000 C0.000000 X251.034939 Y234.656106 Z272.400000 F100.000000
; P02 EVENT event-0000321 prime
G1 E30.08799836955341921784 F100.000000
; P02 POINT 2110 point-0002110 deposition
G1 A0.000000 C0.000000 X252.707688 Y234.656106 Z272.400000 E30.19927013894934932784 F100.000000
; P02 EVENT event-0000322 retract
G1 E29.19927013894934932784 F100.000000
; P02 POINT 2111 point-0002111 travel
G1 A0.000000 C0.000000 X254.021935 Y235.156106 Z272.400000 F100.000000
; P02 EVENT event-0000323 prime
G1 E30.19927013894934932784 F100.000000
; P02 POINT 2112 point-0002112 deposition
G1 A0.000000 C0.000000 X254.746935 Y235.156106 Z272.400000 E30.24749732461703261784 F100.000000
; P02 EVENT event-0000324 retract
G1 E29.24749732461703261784 F100.000000
; P02 POINT 2113 point-0002113 travel
G1 A0.000000 C0.000000 X255.553697 Y235.656106 Z272.400000 F100.000000
; P02 EVENT event-0000325 prime
G1 E30.24749732461703261784 F100.000000
; P02 POINT 2114 point-0002114 deposition
G1 A0.000000 C0.000000 X256.101723 Y235.656106 Z272.400000 E30.28395213511651433784 F100.000000
; P02 EVENT event-0000326 retract
G1 E29.28395213511651433784 F100.000000
; P02 POINT 2115 point-0002115 travel
G1 A0.000000 C0.000000 X256.693492 Y236.156106 Z272.400000 F100.000000
; P02 EVENT event-0000327 prime
G1 E30.28395213511651433784 F100.000000
; P02 POINT 2116 point-0002116 deposition
G1 A0.000000 C0.000000 X257.158575 Y236.156106 Z272.400000 E30.31488955909087784984 F100.000000
; P02 EVENT event-0000328 retract
G1 E29.31488955909087784984 F100.000000
; P02 POINT 2117 point-0002117 travel
G1 A0.000000 C0.000000 X257.647084 Y236.656106 Z272.400000 F100.000000
; P02 EVENT event-0000329 prime
G1 E30.31488955909087784984 F100.000000
; P02 POINT 2118 point-0002118 deposition
G1 A0.000000 C0.000000 X258.033860 Y236.656106 Z272.400000 E30.34061800490509544484 F100.000000
; P02 EVENT event-0000330 retract
G1 E29.34061800490509544484 F100.000000
; P02 POINT 2119 point-0002119 travel
G1 A0.000000 C0.000000 X258.481014 Y237.156106 Z272.400000 F100.000000
; P02 EVENT event-0000331 prime
G1 E30.34061800490509544484 F100.000000
; P02 POINT 2120 point-0002120 deposition
G1 A0.000000 C0.000000 X258.829418 Y237.156106 Z272.400000 E30.36379393273318923884 F100.000000
; P02 EVENT event-0000332 retract
G1 E29.36379393273318923884 F100.000000
; P02 POINT 2121 point-0002121 travel
G1 A0.000000 C0.000000 X259.169594 Y237.656106 Z272.400000 F100.000000
; P02 EVENT event-0000333 prime
G1 E30.36379393273318923884 F100.000000
; P02 POINT 2122 point-0002122 deposition
G1 A0.000000 C0.000000 X259.503384 Y237.656106 Z272.400000 E30.38599771249870590584 F100.000000
; P02 EVENT event-0000334 retract
G1 E29.38599771249870590584 F100.000000
; P02 POINT 2123 point-0002123 travel
G1 A0.000000 C0.000000 X259.830398 Y238.156106 Z272.400000 F100.000000
; P02 EVENT event-0000335 prime
G1 E30.38599771249870590584 F100.000000
; P02 POINT 2124 point-0002124 deposition
G1 A0.000000 C0.000000 X260.126458 Y238.156106 Z272.400000 E30.40569169217687507284 F100.000000
; P02 EVENT event-0000336 retract
G1 E29.40569169217687507284 F100.000000
; P02 POINT 2125 point-0002125 travel
G1 A0.000000 C0.000000 X260.381868 Y238.656106 Z272.400000 F100.000000
; P02 EVENT event-0000337 prime
G1 E30.40569169217687507284 F100.000000
; P02 POINT 2126 point-0002126 deposition
G1 A0.000000 C0.000000 X260.677946 Y238.656106 Z272.400000 E30.42538687910742500484 F100.000000
; P02 EVENT event-0000338 retract
G1 E29.42538687910742500484 F100.000000
; P02 POINT 2127 point-0002127 travel
G1 A0.000000 C0.000000 X260.925782 Y239.156106 Z272.400000 F100.000000
; P02 EVENT event-0000339 prime
G1 E30.42538687910742500484 F100.000000
; P02 POINT 2128 point-0002128 deposition
G1 A0.000000 C0.000000 X261.194108 Y239.156106 Z272.400000 E30.44323601096877193484 F100.000000
; P02 EVENT event-0000340 retract
G1 E29.44323601096877193484 F100.000000
; P02 POINT 2129 point-0002129 travel
G1 A0.000000 C0.000000 X261.378788 Y239.656106 Z272.400000 F100.000000
; P02 EVENT event-0000341 prime
G1 E30.44323601096877193484 F100.000000
; P02 POINT 2130 point-0002130 deposition
G1 A0.000000 C0.000000 X261.647128 Y239.656106 Z272.400000 E30.46108604836851636984 F100.000000
; P02 EVENT event-0000342 retract
G1 E29.46108604836851636984 F100.000000
; P02 POINT 2131 point-0002131 travel
G1 A0.000000 C0.000000 X261.831795 Y240.156106 Z272.400000 F100.000000
; P02 EVENT event-0000343 prime
G1 E30.46108604836851636984 F100.000000
; P02 POINT 2132 point-0002132 deposition
G1 A0.000000 C0.000000 X262.092777 Y240.156106 Z272.400000 E30.47844667300409572484 F100.000000
; P02 EVENT event-0000344 retract
G1 E29.47844667300409572484 F100.000000
; P02 POINT 2133 point-0002133 travel
G1 A0.000000 C0.000000 X262.215938 Y240.656106 Z272.400000 F100.000000
; P02 EVENT event-0000345 prime
G1 E30.47844667300409572484 F100.000000
; P02 POINT 2134 point-0002134 deposition
G1 A0.000000 C0.000000 X262.463468 Y240.656106 Z272.400000 E30.49491243832671667284 F100.000000
; P02 EVENT event-0000346 retract
G1 E29.49491243832671667284 F100.000000
; P02 POINT 2135 point-0002135 travel
G1 A0.000000 C0.000000 X262.586618 Y241.156106 Z272.400000 F100.000000
; P02 EVENT event-0000347 prime
G1 E30.49491243832671667284 F100.000000
; P02 POINT 2136 point-0002136 deposition
G1 A0.000000 C0.000000 X262.834158 Y241.156106 Z272.400000 E30.51137890978677938284 F100.000000
; P02 EVENT event-0000348 retract
G1 E29.51137890978677938284 F100.000000
; P02 POINT 2137 point-0002137 travel
G1 A0.000000 C0.000000 X262.928281 Y241.656106 Z272.400000 F100.000000
; P02 EVENT event-0000349 prime
G1 E30.51137890978677938284 F100.000000
; P02 POINT 2138 point-0002138 deposition
G1 A0.000000 C0.000000 X263.160066 Y241.656106 Z272.400000 E30.52679730177652573684 F100.000000
; P02 EVENT event-0000350 retract
G1 E29.52679730177652573684 F100.000000
; P02 POINT 2139 point-0002139 travel
G1 A0.000000 C0.000000 X263.227841 Y242.156106 Z272.400000 F100.000000
; P02 EVENT event-0000351 prime
G1 E30.52679730177652573684 F100.000000
; P02 POINT 2140 point-0002140 deposition
G1 A0.000000 C0.000000 X263.459635 Y242.156106 Z272.400000 E30.54221624049697435784 F100.000000
; P02 EVENT event-0000352 retract
G1 E29.54221624049697435784 F100.000000
; P02 POINT 2141 point-0002141 travel
G1 A0.000000 C0.000000 X263.527402 Y242.656106 Z272.400000 F100.000000
; P02 EVENT event-0000353 prime
G1 E30.54221624049697435784 F100.000000
; P02 POINT 2142 point-0002142 deposition
G1 A0.000000 C0.000000 X263.759021 Y242.656106 Z272.400000 E30.55762358298146831084 F100.000000
; P02 EVENT event-0000354 retract
G1 E29.55762358298146831084 F100.000000
; P02 POINT 2143 point-0002143 travel
G1 A0.000000 C0.000000 X263.775477 Y243.156106 Z272.400000 F100.000000
; P02 EVENT event-0000355 prime
G1 E30.55762358298146831084 F100.000000
; P02 POINT 2144 point-0002144 deposition
G1 A0.000000 C0.000000 X263.995398 Y243.156106 Z272.400000 E30.57225275162246163684 F100.000000
; P02 EVENT event-0000356 retract
G1 E29.57225275162246163684 F100.000000
; P02 POINT 2145 point-0002145 travel
G1 A0.000000 C0.000000 X264.011847 Y243.656106 Z272.400000 F100.000000
; P02 EVENT event-0000357 prime
G1 E30.57225275162246163684 F100.000000
; P02 POINT 2146 point-0002146 deposition
G1 A0.000000 C0.000000 X264.231774 Y243.656106 Z272.400000 E30.58688234105549889584 F100.000000
; P02 EVENT event-0000358 retract
G1 E29.58688234105549889584 F100.000000
; P02 POINT 2147 point-0002147 travel
G1 A0.000000 C0.000000 X264.243512 Y244.156106 Z272.400000 F100.000000
; P02 EVENT event-0000359 prime
G1 E30.58688234105549889584 F100.000000
; P02 POINT 2148 point-0002148 deposition
G1 A0.000000 C0.000000 X264.454651 Y244.156106 Z272.400000 E30.60092739550203094084 F100.000000
; P02 EVENT event-0000360 retract
G1 E29.60092739550203094084 F100.000000
; P02 POINT 2149 point-0002149 travel
G1 A0.000000 C0.000000 X264.422317 Y244.656106 Z272.400000 F100.000000
; P02 EVENT event-0000361 prime
G1 E30.60092739550203094084 F100.000000
; P02 POINT 2150 point-0002150 deposition
G1 A0.000000 C0.000000 X264.633461 Y244.656106 Z272.400000 E30.61497276606451429084 F100.000000
; P02 EVENT event-0000362 retract
G1 E29.61497276606451429084 F100.000000
; P02 POINT 2151 point-0002151 travel
G1 A0.000000 C0.000000 X264.601123 Y245.156106 Z272.400000 F100.000000
; P02 EVENT event-0000363 prime
G1 E30.61497276606451429084 F100.000000
; P02 POINT 2152 point-0002152 deposition
G1 A0.000000 C0.000000 X264.812272 Y245.156106 Z272.400000 E30.62901845274294894484 F100.000000
; P02 EVENT event-0000364 retract
G1 E29.62901845274294894484 F100.000000
; P02 POINT 2153 point-0002153 travel
G1 A0.000000 C0.000000 X264.767307 Y245.656106 Z272.400000 F100.000000
; P02 EVENT event-0000365 prime
G1 E30.62901845274294894484 F100.000000
; P02 POINT 2154 point-0002154 deposition
G1 A0.000000 C0.000000 X264.972243 Y245.656106 Z272.400000 E30.64265087583054534184 F100.000000
; P02 EVENT event-0000366 retract
G1 E29.64265087583054534184 F100.000000
; P02 POINT 2155 point-0002155 travel
G1 A0.000000 C0.000000 X264.892467 Y246.156106 Z272.400000 F100.000000
; P02 EVENT event-0000367 prime
G1 E30.64265087583054534184 F100.000000
; P02 POINT 2156 point-0002156 deposition
G1 A0.000000 C0.000000 X265.097407 Y246.156106 Z272.400000 E30.65628352967309125884 F100.000000
; P02 EVENT event-0000368 retract
G1 E29.65628352967309125884 F100.000000
; P02 POINT 2157 point-0002157 travel
G1 A0.000000 C0.000000 X265.017627 Y246.656106 Z272.400000 F100.000000
; P02 EVENT event-0000369 prime
G1 E30.65628352967309125884 F100.000000
; P02 POINT 2158 point-0002158 deposition
G1 A0.000000 C0.000000 X265.222570 Y246.656106 Z272.400000 E30.66991641427058669684 F100.000000
; P02 EVENT event-0000370 retract
G1 E29.66991641427058669684 F100.000000
; P02 POINT 2159 point-0002159 travel
G1 A0.000000 C0.000000 X265.127329 Y247.156106 Z272.400000 F100.000000
; P02 EVENT event-0000371 prime
G1 E30.66991641427058669684 F100.000000
; P02 POINT 2160 point-0002160 deposition
G1 A0.000000 C0.000000 X265.328297 Y247.156106 Z272.400000 E30.68328485334102831384 F100.000000
; P02 EVENT event-0000372 retract
G1 E29.68328485334102831384 F100.000000
; P02 POINT 2161 point-0002161 travel
G1 A0.000000 C0.000000 X265.402398 Y247.656106 Z272.400000 F100.000000
; P02 EVENT event-0000373 prime
G1 E30.68328485334102831384 F100.000000
; P02 POINT 2162 point-0002162 deposition
G1 A0.000000 C0.000000 X265.201428 Y247.656106 Z272.400000 E30.69665346510749998684 F100.000000
; P02 EVENT event-0000374 retract
G1 E29.69665346510749998684 F100.000000
; P02 POINT 2163 point-0002163 travel
G1 A0.000000 C0.000000 X265.275527 Y248.156106 Z272.400000 F100.000000
; P02 EVENT event-0000375 prime
G1 E30.69665346510749998684 F100.000000
; P02 POINT 2164 point-0002164 deposition
G1 A0.000000 C0.000000 X265.476500 Y248.156106 Z272.400000 E30.71002224957000183084 F100.000000
; P02 EVENT event-0000376 retract
G1 E29.71002224957000183084 F100.000000
; P02 POINT 2165 point-0002165 travel
G1 A0.000000 C0.000000 X265.533167 Y248.656106 Z272.400000 F100.000000
; P02 EVENT event-0000377 prime
G1 E30.71002224957000183084 F100.000000
; P02 POINT 2166 point-0002166 deposition
G1 A0.000000 C0.000000 X265.334134 Y248.656106 Z272.400000 E30.72326192827649630784 F100.000000
; P02 EVENT event-0000378 retract
G1 E29.72326192827649630784 F100.000000
; P02 POINT 2167 point-0002167 travel
G1 A0.000000 C0.000000 X265.358644 Y249.156106 Z272.400000 F100.000000
; P02 EVENT event-0000379 prime
G1 E30.72326192827649630784 F100.000000
; P02 POINT 2168 point-0002168 deposition
G1 A0.000000 C0.000000 X265.557678 Y249.156106 Z272.400000 E30.73650173055181936884 F100.000000
; P02 EVENT event-0000380 retract
G1 E29.73650173055181936884 F100.000000
; P02 POINT 2169 point-0002169 travel
G1 A0.000000 C0.000000 X265.582190 Y249.656106 Z272.400000 F100.000000
; P02 EVENT event-0000381 prime
G1 E30.73650173055181936884 F100.000000
; P02 POINT 2170 point-0002170 deposition
G1 A0.000000 C0.000000 X265.383154 Y249.656106 Z272.400000 E30.74974165639597125084 F100.000000
; P02 EVENT event-0000382 retract
G1 E29.74974165639597125084 F100.000000
; P02 POINT 2171 point-0002171 travel
G1 A0.000000 C0.000000 X265.393273 Y250.156106 Z272.400000 F100.000000
; P02 EVENT event-0000383 prime
G1 E30.74974165639597125084 F100.000000
; P02 POINT 2172 point-0002172 deposition
G1 A0.000000 C0.000000 X265.592308 Y250.156106 Z272.400000 E30.76298150873604869984 F100.000000
; P02 EVENT event-0000384 retract
G1 E29.76298150873604869984 F100.000000
; P02 POINT 2173 point-0002173 travel
G1 A0.000000 C0.000000 X265.567710 Y250.656106 Z272.400000 F100.000000
; P02 EVENT event-0000385 prime
G1 E30.76298150873604869984 F100.000000
; P02 POINT 2174 point-0002174 deposition
G1 A0.000000 C0.000000 X265.368674 Y250.656106 Z272.400000 E30.77622144765582877484 F100.000000
; P02 EVENT event-0000386 retract
G1 E29.77622144765582877484 F100.000000
; P02 POINT 2175 point-0002175 travel
G1 A0.000000 C0.000000 X265.344074 Y251.156106 Z272.400000 F100.000000
; P02 EVENT event-0000387 prime
G1 E30.77622144765582877484 F100.000000
; P02 POINT 2176 point-0002176 deposition
G1 A0.000000 C0.000000 X265.543112 Y251.156106 Z272.400000 E30.78946147315531147484 F100.000000
; P02 EVENT event-0000388 retract
G1 E29.78946147315531147484 F100.000000
; P02 POINT 2177 point-0002177 travel
G1 A0.000000 C0.000000 X265.506879 Y251.656106 Z272.400000 F100.000000
; P02 EVENT event-0000389 prime
G1 E30.78946147315531147484 F100.000000
; P02 POINT 2178 point-0002178 deposition
G1 A0.000000 C0.000000 X265.305903 Y251.656106 Z272.400000 E30.80283046858684835084 F100.000000
; P02 EVENT event-0000390 retract
G1 E29.80283046858684835084 F100.000000
; P02 POINT 2179 point-0002179 travel
G1 A0.000000 C0.000000 X265.231718 Y252.156106 Z272.400000 F100.000000
; P02 EVENT event-0000391 prime
G1 E30.80283046858684835084 F100.000000
; P02 POINT 2180 point-0002180 deposition
G1 A0.000000 C0.000000 X265.432695 Y252.156106 Z272.400000 E30.81619953786491234684 F100.000000
; P02 EVENT event-0000392 retract
G1 E29.81619953786491234684 F100.000000
; P02 POINT 2181 point-0002181 travel
G1 A0.000000 C0.000000 X265.358512 Y252.656106 Z272.400000 F100.000000
; P02 EVENT event-0000393 prime
G1 E30.81619953786491234684 F100.000000
; P02 POINT 2182 point-0002182 deposition
G1 A0.000000 C0.000000 X265.157534 Y252.656106 Z272.400000 E30.82956868098950358384 F100.000000
; P02 EVENT event-0000394 retract
G1 E29.82956868098950358384 F100.000000
; P02 POINT 2183 point-0002183 travel
G1 A0.000000 C0.000000 X265.068878 Y253.156106 Z272.400000 F100.000000
; P02 EVENT event-0000395 prime
G1 E30.82956868098950358384 F100.000000
; P02 POINT 2184 point-0002184 deposition
G1 A0.000000 C0.000000 X265.273831 Y253.156106 Z272.400000 E30.84320221905171819284 F100.000000
; P02 EVENT event-0000396 retract
G1 E29.84320221905171819284 F100.000000
; P02 POINT 2185 point-0002185 travel
G1 A0.000000 C0.000000 X265.148595 Y253.656106 Z272.400000 F100.000000
; P02 EVENT event-0000397 prime
G1 E30.84320221905171819284 F100.000000
; P02 POINT 2186 point-0002186 deposition
G1 A0.000000 C0.000000 X264.943641 Y253.656106 Z272.400000 E30.85683583939484447584 F100.000000
; P02 EVENT event-0000398 retract
G1 E29.85683583939484447584 F100.000000
; P02 POINT 2187 point-0002187 travel
G1 A0.000000 C0.000000 X265.023359 Y254.156106 Z272.400000 F100.000000
; P02 EVENT event-0000399 prime
G1 E30.85683583939484447584 F100.000000
; P02 POINT 2188 point-0002188 deposition
G1 A0.000000 C0.000000 X264.818404 Y254.156106 Z272.400000 E30.87046954201888243184 F100.000000
; P02 EVENT event-0000400 retract
G1 E29.87046954201888243184 F100.000000
; P02 POINT 2189 point-0002189 travel
G1 A0.000000 C0.000000 X264.885509 Y254.656106 Z272.400000 F100.000000
; P02 EVENT event-0000401 prime
G1 E30.87046954201888243184 F100.000000
; P02 POINT 2190 point-0002190 deposition
G1 A0.000000 C0.000000 X264.674338 Y254.656106 Z272.400000 E30.88451666598978335084 F100.000000
; P02 EVENT event-0000402 retract
G1 E29.88451666598978335084 F100.000000
; P02 POINT 2191 point-0002191 travel
G1 A0.000000 C0.000000 X264.706642 Y255.156106 Z272.400000 F100.000000
; P02 EVENT event-0000403 prime
G1 E30.88451666598978335084 F100.000000
; P02 POINT 2192 point-0002192 deposition
G1 A0.000000 C0.000000 X264.495470 Y255.156106 Z272.400000 E30.89856390756317953084 F100.000000
; P02 EVENT event-0000404 retract
G1 E29.89856390756317953084 F100.000000
; P02 POINT 2193 point-0002193 travel
G1 A0.000000 C0.000000 X264.527775 Y255.656106 Z272.400000 F100.000000
; P02 EVENT event-0000405 prime
G1 E30.89856390756317953084 F100.000000
; P02 POINT 2194 point-0002194 deposition
G1 A0.000000 C0.000000 X264.316601 Y255.656106 Z272.400000 E30.91261126673907097484 F100.000000
; P02 EVENT event-0000406 retract
G1 E29.91261126673907097484 F100.000000
; P02 POINT 2195 point-0002195 travel
G1 A0.000000 C0.000000 X264.328654 Y256.156106 Z272.400000 F100.000000
; P02 EVENT event-0000407 prime
G1 E30.91261126673907097484 F100.000000
; P02 POINT 2196 point-0002196 deposition
G1 A0.000000 C0.000000 X264.108687 Y256.156106 Z272.400000 E30.92724355245934036784 F100.000000
; P02 EVENT event-0000408 retract
G1 E29.92724355245934036784 F100.000000
; P02 POINT 2197 point-0002197 travel
G1 A0.000000 C0.000000 X264.092242 Y256.656106 Z272.400000 F100.000000
; P02 EVENT event-0000409 prime
G1 E30.92724355245934036784 F100.000000
; P02 POINT 2198 point-0002198 deposition
G1 A0.000000 C0.000000 X263.872272 Y256.656106 Z272.400000 E30.94187603009258870484 F100.000000
; P02 EVENT event-0000410 retract
G1 E29.94187603009258870484 F100.000000
; P02 POINT 2199 point-0002199 travel
G1 A0.000000 C0.000000 X263.855831 Y257.156106 Z272.400000 F100.000000
; P02 EVENT event-0000411 prime
G1 E30.94187603009258870484 F100.000000
; P02 POINT 2200 point-0002200 deposition
G1 A0.000000 C0.000000 X263.635858 Y257.156106 Z272.400000 E30.95650869963881598984 F100.000000
; P02 EVENT event-0000412 retract
G1 E29.95650869963881598984 F100.000000
; P02 POINT 2201 point-0002201 travel
G1 A0.000000 C0.000000 X263.582555 Y257.656106 Z272.400000 F100.000000
; P02 EVENT event-0000413 prime
G1 E30.95650869963881598984 F100.000000
; P02 POINT 2202 point-0002202 deposition
G1 A0.000000 C0.000000 X263.350690 Y257.656106 Z272.400000 E30.97193245948419358284 F100.000000
; P02 EVENT event-0000414 retract
G1 E29.97193245948419358284 F100.000000
; P02 POINT 2203 point-0002203 travel
G1 A0.000000 C0.000000 X263.282981 Y258.156106 Z272.400000 F100.000000
; P02 EVENT event-0000415 prime
G1 E30.97193245948419358284 F100.000000
; P02 POINT 2204 point-0002204 deposition
G1 A0.000000 C0.000000 X263.051111 Y258.156106 Z272.400000 E30.98735652045926618684 F100.000000
; P02 EVENT event-0000416 retract
G1 E29.98735652045926618684 F100.000000
; P02 POINT 2205 point-0002205 travel
G1 A0.000000 C0.000000 X262.983407 Y258.656106 Z272.400000 F100.000000
; P02 EVENT event-0000417 prime
G1 E30.98735652045926618684 F100.000000
; P02 POINT 2206 point-0002206 deposition
G1 A0.000000 C0.000000 X262.738828 Y258.656106 Z272.400000 E31.00362595997066872184 F100.000000
; P02 EVENT event-0000418 retract
G1 E30.00362595997066872184 F100.000000
; P02 POINT 2207 point-0002207 travel
G1 A0.000000 C0.000000 X262.615818 Y259.156106 Z272.400000 F100.000000
; P02 EVENT event-0000419 prime
G1 E31.00362595997066872184 F100.000000
; P02 POINT 2208 point-0002208 deposition
G1 A0.000000 C0.000000 X262.368165 Y259.156106 Z272.400000 E31.02009993064682669584 F100.000000
; P02 EVENT event-0000420 retract
G1 E30.02009993064682669584 F100.000000
; P02 POINT 2209 point-0002209 travel
G1 A0.000000 C0.000000 X262.245163 Y259.656106 Z272.400000 F100.000000
; P02 EVENT event-0000421 prime
G1 E31.02009993064682669584 F100.000000
; P02 POINT 2210 point-0002210 deposition
G1 A0.000000 C0.000000 X261.997502 Y259.656106 Z272.400000 E31.03657438274795790084 F100.000000
; P02 EVENT event-0000422 retract
G1 E30.03657438274795790084 F100.000000
; P02 POINT 2211 point-0002211 travel
G1 A0.000000 C0.000000 X261.833625 Y260.156106 Z272.400000 F100.000000
; P02 EVENT event-0000423 prime
G1 E31.03657438274795790084 F100.000000
; P02 POINT 2212 point-0002212 deposition
G1 A0.000000 C0.000000 X261.565106 Y260.156106 Z272.400000 E31.05443633135100620884 F100.000000
; P02 EVENT event-0000424 retract
G1 E30.05443633135100620884 F100.000000
; P02 POINT 2213 point-0002213 travel
G1 A0.000000 C0.000000 X261.380691 Y260.656106 Z272.400000 F100.000000
; P02 EVENT event-0000425 prime
G1 E31.05443633135100620884 F100.000000
; P02 POINT 2214 point-0002214 deposition
G1 A0.000000 C0.000000 X261.112161 Y260.656106 Z272.400000 E31.07229903431835104884 F100.000000
; P02 EVENT event-0000426 retract
G1 E30.07229903431835104884 F100.000000
; P02 POINT 2215 point-0002215 travel
G1 A0.000000 C0.000000 X260.905381 Y261.156106 Z272.400000 F100.000000
; P02 EVENT event-0000427 prime
G1 E31.07229903431835104884 F100.000000
; P02 POINT 2216 point-0002216 deposition
G1 A0.000000 C0.000000 X260.609042 Y261.156106 Z272.400000 E31.09201159878654310884 F100.000000
; P02 EVENT event-0000428 retract
G1 E30.09201159878654310884 F100.000000
; P02 POINT 2217 point-0002217 travel
G1 A0.000000 C0.000000 X260.354048 Y261.656106 Z272.400000 F100.000000
; P02 EVENT event-0000429 prime
G1 E31.09201159878654310884 F100.000000
; P02 POINT 2218 point-0002218 deposition
G1 A0.000000 C0.000000 X260.057691 Y261.656106 Z272.400000 E31.11172534159443529884 F100.000000
; P02 EVENT event-0000430 retract
G1 E30.11172534159443529884 F100.000000
; P02 POINT 2219 point-0002219 travel
G1 A0.000000 C0.000000 X259.781871 Y262.156106 Z272.400000 F100.000000
; P02 EVENT event-0000431 prime
G1 E31.11172534159443529884 F100.000000
; P02 POINT 2220 point-0002220 deposition
G1 A0.000000 C0.000000 X259.447699 Y262.156106 Z272.400000 E31.13395460086794108384 F100.000000
; P02 EVENT event-0000432 retract
G1 E30.13395460086794108384 F100.000000
; P02 POINT 2221 point-0002221 travel
G1 A0.000000 C0.000000 X259.108154 Y262.656106 Z272.400000 F100.000000
; P02 EVENT event-0000433 prime
G1 E31.13395460086794108384 F100.000000
; P02 POINT 2222 point-0002222 deposition
G1 A0.000000 C0.000000 X258.773954 Y262.656106 Z272.400000 E31.15618567732054881384 F100.000000
; P02 EVENT event-0000434 retract
G1 E30.15618567732054881384 F100.000000
; P02 POINT 2223 point-0002223 travel
G1 A0.000000 C0.000000 X258.379219 Y263.156106 Z272.400000 F100.000000
; P02 EVENT event-0000435 prime
G1 E31.15618567732054881384 F100.000000
; P02 POINT 2224 point-0002224 deposition
G1 A0.000000 C0.000000 X257.991879 Y263.156106 Z272.400000 E31.18195161554861724384 F100.000000
; P02 EVENT event-0000436 retract
G1 E30.18195161554861724384 F100.000000
; P02 POINT 2225 point-0002225 travel
G1 A0.000000 C0.000000 X257.545640 Y263.656106 Z272.400000 F100.000000
; P02 EVENT event-0000437 prime
G1 E31.18195161554861724384 F100.000000
; P02 POINT 2226 point-0002226 deposition
G1 A0.000000 C0.000000 X257.130937 Y263.656106 Z272.400000 E31.20953783044148600384 F100.000000
; P02 EVENT event-0000438 retract
G1 E30.20953783044148600384 F100.000000
; P02 POINT 2227 point-0002227 travel
G1 A0.000000 C0.000000 X256.540493 Y264.156106 Z272.400000 F100.000000
; P02 EVENT event-0000439 prime
G1 E31.20953783044148600384 F100.000000
; P02 POINT 2228 point-0002228 deposition
G1 A0.000000 C0.000000 X256.074568 Y264.156106 Z272.400000 E31.24053128469195368384 F100.000000
; P02 EVENT event-0000440 retract
G1 E30.24053128469195368384 F100.000000
; P02 POINT 2229 point-0002229 travel
G1 A0.000000 C0.000000 X255.327770 Y264.656106 Z272.400000 F100.000000
; P02 EVENT event-0000441 prime
G1 E31.24053128469195368384 F100.000000
; P02 POINT 2230 point-0002230 deposition
G1 A0.000000 C0.000000 X254.736290 Y264.656106 Z272.400000 E31.27987666911313812984 F100.000000
; P02 EVENT event-0000442 retract
G1 E30.27987666911313812984 F100.000000
; P02 POINT 2231 point-0002231 travel
G1 A0.000000 C0.000000 X253.675713 Y265.156106 Z272.400000 F100.000000
; P02 EVENT event-0000443 prime
G1 E31.27987666911313812984 F100.000000
; P02 POINT 2232 point-0002232 deposition
G1 A0.000000 C0.000000 X252.752417 Y265.156106 Z272.400000 E31.34129452505070948384 F100.000000
; P02 EVENT event-0000444 retract
G1 E30.34129452505070948384 F100.000000
; P02 POINT 2233 point-0002233 travel
G1 A0.000000 C0.000000 X247.247583 Y265.156106 Z272.400000 F100.000000
; P02 EVENT event-0000445 prime
G1 E31.34129452505070948384 F100.000000
; P02 POINT 2234 point-0002234 deposition
G1 A0.000000 C0.000000 X246.324287 Y265.156106 Z272.400000 E31.40271241724856573384 F100.000000
; P02 EVENT event-0000446 retract
G1 E30.40271241724856573384 F100.000000
; P02 POINT 2235 point-0002235 travel
G1 A0.000000 C0.000000 X245.263710 Y264.656106 Z272.400000 F100.000000
; P02 EVENT event-0000447 prime
G1 E31.40271241724856573384 F100.000000
; P02 POINT 2236 point-0002236 deposition
G1 A0.000000 C0.000000 X244.672230 Y264.656106 Z272.400000 E31.44205778586657078384 F100.000000
; P02 EVENT event-0000448 retract
G1 E30.44205778586657078384 F100.000000
; P02 POINT 2237 point-0002237 travel
G1 A0.000000 C0.000000 X243.925432 Y264.156106 Z272.400000 F100.000000
; P02 EVENT event-0000449 prime
G1 E31.44205778586657078384 F100.000000
; P02 POINT 2238 point-0002238 deposition
G1 A0.000000 C0.000000 X243.459507 Y264.156106 Z272.400000 E31.47305121600765334884 F100.000000
; P02 EVENT event-0000450 retract
G1 E30.47305121600765334884 F100.000000
; P02 POINT 2239 point-0002239 travel
G1 A0.000000 C0.000000 X242.869064 Y263.656106 Z272.400000 F100.000000
; P02 EVENT event-0000451 prime
G1 E31.47305121600765334884 F100.000000
; P02 POINT 2240 point-0002240 deposition
G1 A0.000000 C0.000000 X242.454360 Y263.656106 Z272.400000 E31.50063745978895849884 F100.000000
; P02 EVENT event-0000452 retract
G1 E30.50063745978895849884 F100.000000
; P02 POINT 2241 point-0002241 travel
G1 A0.000000 C0.000000 X242.008121 Y263.156106 Z272.400000 F100.000000
; P02 EVENT event-0000453 prime
G1 E31.50063745978895849884 F100.000000
; P02 POINT 2242 point-0002242 deposition
G1 A0.000000 C0.000000 X241.620781 Y263.156106 Z272.400000 E31.52640341238065161184 F100.000000
; P02 EVENT event-0000454 retract
G1 E30.52640341238065161184 F100.000000
; P02 POINT 2243 point-0002243 travel
G1 A0.000000 C0.000000 X241.226046 Y262.656106 Z272.400000 F100.000000
; P02 EVENT event-0000455 prime
G1 E31.52640341238065161184 F100.000000
; P02 POINT 2244 point-0002244 deposition
G1 A0.000000 C0.000000 X240.891846 Y262.656106 Z272.400000 E31.54863446483785330584 F100.000000
; P02 EVENT event-0000456 retract
G1 E30.54863446483785330584 F100.000000
; P02 POINT 2245 point-0002245 travel
G1 A0.000000 C0.000000 X240.552302 Y262.156106 Z272.400000 F100.000000
; P02 EVENT event-0000457 prime
G1 E31.54863446483785330584 F100.000000
; P02 POINT 2246 point-0002246 deposition
G1 A0.000000 C0.000000 X240.218129 Y262.156106 Z272.400000 E31.57086375308326705584 F100.000000
; P02 EVENT event-0000458 retract
G1 E30.57086375308326705584 F100.000000
; P02 POINT 2247 point-0002247 travel
G1 A0.000000 C0.000000 X239.942308 Y261.656106 Z272.400000 F100.000000
; P02 EVENT event-0000459 prime
G1 E31.57086375308326705584 F100.000000
; P02 POINT 2248 point-0002248 deposition
G1 A0.000000 C0.000000 X239.645952 Y261.656106 Z272.400000 E31.59057747593351822384 F100.000000
; P02 EVENT event-0000460 retract
G1 E30.59057747593351822384 F100.000000
; P02 POINT 2249 point-0002249 travel
G1 A0.000000 C0.000000 X239.390959 Y261.156106 Z272.400000 F100.000000
; P02 EVENT event-0000461 prime
G1 E31.59057747593351822384 F100.000000
; P02 POINT 2250 point-0002250 deposition
G1 A0.000000 C0.000000 X239.094619 Y261.156106 Z272.400000 E31.61029006478783073984 F100.000000
; P02 EVENT event-0000462 retract
G1 E30.61029006478783073984 F100.000000
; P02 POINT 2251 point-0002251 travel
G1 A0.000000 C0.000000 X238.887839 Y260.656106 Z272.400000 F100.000000
; P02 EVENT event-0000463 prime
G1 E31.61029006478783073984 F100.000000
; P02 POINT 2252 point-0002252 deposition
G1 A0.000000 C0.000000 X238.619309 Y260.656106 Z272.400000 E31.62815275791218310384 F100.000000
; P02 EVENT event-0000464 retract
G1 E30.62815275791218310384 F100.000000
; P02 POINT 2253 point-0002253 travel
G1 A0.000000 C0.000000 X238.434895 Y260.156106 Z272.400000 F100.000000
; P02 EVENT event-0000465 prime
G1 E31.62815275791218310384 F100.000000
; P02 POINT 2254 point-0002254 deposition
G1 A0.000000 C0.000000 X238.166375 Y260.156106 Z272.400000 E31.64601474840394499384 F100.000000
; P02 EVENT event-0000466 retract
G1 E30.64601474840394499384 F100.000000
; P02 POINT 2255 point-0002255 travel
G1 A0.000000 C0.000000 X238.002497 Y259.656106 Z272.400000 F100.000000
; P02 EVENT event-0000467 prime
G1 E31.64601474840394499384 F100.000000
; P02 POINT 2256 point-0002256 deposition
G1 A0.000000 C0.000000 X237.754837 Y259.656106 Z272.400000 E31.66248914799125370384 F100.000000
; P02 EVENT event-0000468 retract
G1 E30.66248914799125370384 F100.000000
; P02 POINT 2257 point-0002257 travel
G1 A0.000000 C0.000000 X237.631835 Y259.156106 Z272.400000 F100.000000
; P02 EVENT event-0000469 prime
G1 E31.66248914799125370384 F100.000000
; P02 POINT 2258 point-0002258 deposition
G1 A0.000000 C0.000000 X237.384182 Y259.156106 Z272.400000 E31.67896314094245154684 F100.000000
; P02 EVENT event-0000470 retract
G1 E30.67896314094245154684 F100.000000
; P02 POINT 2259 point-0002259 travel
G1 A0.000000 C0.000000 X237.261173 Y258.656106 Z272.400000 F100.000000
; P02 EVENT event-0000471 prime
G1 E31.67896314094245154684 F100.000000
; P02 POINT 2260 point-0002260 deposition
G1 A0.000000 C0.000000 X237.016593 Y258.656106 Z272.400000 E31.69523265499457673184 F100.000000
; P02 EVENT event-0000472 retract
G1 E30.69523265499457673184 F100.000000
; P02 POINT 2261 point-0002261 travel
G1 A0.000000 C0.000000 X236.948889 Y258.156106 Z272.400000 F100.000000
; P02 EVENT event-0000473 prime
G1 E31.69523265499457673184 F100.000000
; P02 POINT 2262 point-0002262 deposition
G1 A0.000000 C0.000000 X236.717019 Y258.156106 Z272.400000 E31.71065669328291708584 F100.000000
; P02 EVENT event-0000474 retract
G1 E30.71065669328291708584 F100.000000
; P02 POINT 2263 point-0002263 travel
G1 A0.000000 C0.000000 X236.649311 Y257.656106 Z272.400000 F100.000000
; P02 EVENT event-0000475 prime
G1 E31.71065669328291708584 F100.000000
; P02 POINT 2264 point-0002264 deposition
G1 A0.000000 C0.000000 X236.417445 Y257.656106 Z272.400000 E31.72608052287878516584 F100.000000
; P02 EVENT event-0000476 retract
G1 E30.72608052287878516584 F100.000000
; P02 POINT 2265 point-0002265 travel
G1 A0.000000 C0.000000 X236.364141 Y257.156106 Z272.400000 F100.000000
; P02 EVENT event-0000477 prime
G1 E31.72608052287878516584 F100.000000
; P02 POINT 2266 point-0002266 deposition
G1 A0.000000 C0.000000 X236.144169 Y257.156106 Z272.400000 E31.74071308039772510984 F100.000000
; P02 EVENT event-0000478 retract
G1 E30.74071308039772510984 F100.000000
; P02 POINT 2267 point-0002267 travel
G1 A0.000000 C0.000000 X236.127728 Y256.656106 Z272.400000 F100.000000
; P02 EVENT event-0000479 prime
G1 E31.74071308039772510984 F100.000000
; P02 POINT 2268 point-0002268 deposition
G1 A0.000000 C0.000000 X235.907757 Y256.656106 Z272.400000 E31.75534555283378632184 F100.000000
; P02 EVENT event-0000480 retract
G1 E30.75534555283378632184 F100.000000
; P02 POINT 2269 point-0002269 travel
G1 A0.000000 C0.000000 X235.891315 Y256.156106 Z272.400000 F100.000000
; P02 EVENT event-0000481 prime
G1 E31.75534555283378632184 F100.000000
; P02 POINT 2270 point-0002270 deposition
G1 A0.000000 C0.000000 X235.671346 Y256.156106 Z272.400000 E31.76997794018696891784 F100.000000
; P02 EVENT event-0000482 retract
G1 E30.76997794018696891784 F100.000000
; P02 POINT 2271 point-0002271 travel
G1 A0.000000 C0.000000 X235.683398 Y255.656106 Z272.400000 F100.000000
; P02 EVENT event-0000483 prime
G1 E31.76997794018696891784 F100.000000
; P02 POINT 2272 point-0002272 deposition
G1 A0.000000 C0.000000 X235.472225 Y255.656106 Z272.400000 E31.78402520562064723784 F100.000000
; P02 EVENT event-0000484 retract
G1 E30.78402520562064723784 F100.000000
; P02 POINT 2273 point-0002273 travel
G1 A0.000000 C0.000000 X235.504530 Y255.156106 Z272.400000 F100.000000
; P02 EVENT event-0000485 prime
G1 E31.78402520562064723784 F100.000000
; P02 POINT 2274 point-0002274 deposition
G1 A0.000000 C0.000000 X235.293358 Y255.156106 Z272.400000 E31.79807245985421039284 F100.000000
; P02 EVENT event-0000486 retract
G1 E30.79807245985421039284 F100.000000
; P02 POINT 2275 point-0002275 travel
G1 A0.000000 C0.000000 X235.325663 Y254.656106 Z272.400000 F100.000000
; P02 EVENT event-0000487 prime
G1 E31.79807245985421039284 F100.000000
; P02 POINT 2276 point-0002276 deposition
G1 A0.000000 C0.000000 X235.114491 Y254.656106 Z272.400000 E31.81211970288765850484 F100.000000
; P02 EVENT event-0000488 retract
G1 E30.81211970288765850484 F100.000000
; P02 POINT 2277 point-0002277 travel
G1 A0.000000 C0.000000 X235.181595 Y254.156106 Z272.400000 F100.000000
; P02 EVENT event-0000489 prime
G1 E31.81211970288765850484 F100.000000
; P02 POINT 2278 point-0002278 deposition
G1 A0.000000 C0.000000 X234.976641 Y254.156106 Z272.400000 E31.82575332455923705284 F100.000000
; P02 EVENT event-0000490 retract
G1 E30.82575332455923705284 F100.000000
; P02 POINT 2279 point-0002279 travel
G1 A0.000000 C0.000000 X235.056360 Y253.656106 Z272.400000 F100.000000
; P02 EVENT event-0000491 prime
G1 E31.82575332455923705284 F100.000000
; P02 POINT 2280 point-0002280 deposition
G1 A0.000000 C0.000000 X234.851405 Y253.656106 Z272.400000 E31.83938696902041943184 F100.000000
; P02 EVENT event-0000492 retract
G1 E30.83938696902041943184 F100.000000
; P02 POINT 2281 point-0002281 travel
G1 A0.000000 C0.000000 X234.931124 Y253.156106 Z272.400000 F100.000000
; P02 EVENT event-0000493 prime
G1 E31.83938696902041943184 F100.000000
; P02 POINT 2282 point-0002282 deposition
G1 A0.000000 C0.000000 X234.726169 Y253.156106 Z272.400000 E31.85302063627120575584 F100.000000
; P02 EVENT event-0000494 retract
G1 E30.85302063627120575584 F100.000000
; P02 POINT 2283 point-0002283 travel
G1 A0.000000 C0.000000 X234.641488 Y252.656106 Z272.400000 F100.000000
; P02 EVENT event-0000495 prime
G1 E31.85302063627120575584 F100.000000
; P02 POINT 2284 point-0002284 deposition
G1 A0.000000 C0.000000 X234.842465 Y252.656106 Z272.400000 E31.86638970118442917084 F100.000000
; P02 EVENT event-0000496 retract
G1 E30.86638970118442917084 F100.000000
; P02 POINT 2285 point-0002285 travel
G1 A0.000000 C0.000000 X234.768282 Y252.156106 Z272.400000 F100.000000
; P02 EVENT event-0000497 prime
G1 E31.86638970118442917084 F100.000000
; P02 POINT 2286 point-0002286 deposition
G1 A0.000000 C0.000000 X234.567304 Y252.156106 Z272.400000 E31.87975879777493584984 F100.000000
; P02 EVENT event-0000498 retract
G1 E30.87975879777493584984 F100.000000
; P02 POINT 2287 point-0002287 travel
G1 A0.000000 C0.000000 X234.493121 Y251.656106 Z272.400000 F100.000000
; P02 EVENT event-0000499 prime
G1 E31.87975879777493584984 F100.000000
; P02 POINT 2288 point-0002288 deposition
G1 A0.000000 C0.000000 X234.694099 Y251.656106 Z272.400000 E31.89312792604272578884 F100.000000
; P02 EVENT event-0000500 retract
G1 E30.89312792604272578884 F100.000000
; P02 POINT 2289 point-0002289 travel
G1 A0.000000 C0.000000 X234.655925 Y251.156106 Z272.400000 F100.000000
; P02 EVENT event-0000501 prime
G1 E31.89312792604272578884 F100.000000
; P02 POINT 2290 point-0002290 deposition
G1 A0.000000 C0.000000 X234.456888 Y251.156106 Z272.400000 E31.90636786996942573884 F100.000000
; P02 EVENT event-0000502 retract
G1 E30.90636786996942573884 F100.000000
; P02 POINT 2291 point-0002291 travel
G1 A0.000000 C0.000000 X234.432290 Y250.656106 Z272.400000 F100.000000
; P02 EVENT event-0000503 prime
G1 E31.90636786996942573884 F100.000000
; P02 POINT 2292 point-0002292 deposition
G1 A0.000000 C0.000000 X234.631327 Y250.656106 Z272.400000 E31.91960783403269508684 F100.000000
; P02 EVENT event-0000504 retract
G1 E30.91960783403269508684 F100.000000
; P02 POINT 2293 point-0002293 travel
G1 A0.000000 C0.000000 X234.200241 Y250.022320 Z272.800000 F100.000000
; P02 EVENT event-0000505 prime
G1 E31.91960783403269508684 F100.000000
; P02 POINT 2294 point-0002294 deposition
G1 A0.000000 C0.000000 X234.275980 Y248.473138 Z272.800000 E32.02278293125273900684 F100.000000
; P02 POINT 2295 point-0002295 deposition
G1 A0.000000 C0.000000 X234.503106 Y246.938831 Z272.800000 E32.12595760299853255684 F100.000000
; P02 POINT 2296 point-0002296 deposition
G1 A0.000000 C0.000000 X234.879455 Y245.434159 Z272.800000 E32.22913218918546262684 F100.000000
; P02 POINT 2297 point-0002297 deposition
G1 A0.000000 C0.000000 X235.401431 Y243.973596 Z272.800000 E32.33230732918430250684 F100.000000
; P02 POINT 2298 point-0002298 deposition
G1 A0.000000 C0.000000 X236.064025 Y242.571221 Z272.800000 E32.43548205010927067684 F100.000000
; P02 POINT 2299 point-0002299 deposition
G1 A0.000000 C0.000000 X236.860875 Y241.240540 Z272.800000 E32.53865676211993484684 F100.000000
; P02 POINT 2300 point-0002300 deposition
G1 A0.000000 C0.000000 X237.784320 Y239.994382 Z272.800000 E32.64183097291305784684 F100.000000
; P02 POINT 2301 point-0002301 deposition
G1 A0.000000 C0.000000 X238.825470 Y238.844761 Z272.800000 E32.74500433103798999684 F100.000000
; P02 POINT 2302 point-0002302 deposition
G1 A0.000000 C0.000000 X239.974312 Y237.802756 Z272.800000 E32.84817753675370265684 F100.000000
; P02 POINT 2303 point-0002303 deposition
G1 A0.000000 C0.000000 X241.219781 Y236.878415 Z272.800000 E32.95135047140296675684 F100.000000
; P02 POINT 2304 point-0002304 deposition
G1 A0.000000 C0.000000 X242.549882 Y236.080653 Z272.800000 E33.05452323116892111684 F100.000000
; P02 POINT 2305 point-0002305 deposition
G1 A0.000000 C0.000000 X243.951825 Y235.417156 Z272.800000 E33.15769767897972735684 F100.000000
; P02 POINT 2306 point-0002306 deposition
G1 A0.000000 C0.000000 X245.412103 Y234.894333 Z272.800000 E33.26087393511881306684 F100.000000
; P02 POINT 2307 point-0002307 deposition
G1 A0.000000 C0.000000 X246.916597 Y234.517247 Z272.800000 E33.36404888425988114684 F100.000000
; P02 POINT 2308 point-0002308 deposition
G1 A0.000000 C0.000000 X248.450832 Y234.289527 Z272.800000 E33.46722465602348655684 F100.000000
; P02 POINT 2309 point-0002309 deposition
G1 A0.000000 C0.000000 X249.999998 Y234.213375 Z272.800000 E33.57040008119357680684 F100.000000
; P02 POINT 2310 point-0002310 deposition
G1 A0.000000 C0.000000 X251.549170 Y234.289527 Z272.800000 E33.67357580293962294684 F100.000000
; P02 POINT 2311 point-0002311 deposition
G1 A0.000000 C0.000000 X253.083406 Y234.517247 Z272.800000 E33.77675164783098776684 F100.000000
; P02 POINT 2312 point-0002312 deposition
G1 A0.000000 C0.000000 X254.587901 Y234.894335 Z272.800000 E33.87992670473231003684 F100.000000
; P02 POINT 2313 point-0002313 deposition
G1 A0.000000 C0.000000 X256.048181 Y235.417159 Z272.800000 E33.98310313445377915684 F100.000000
; P02 POINT 2314 point-0002314 deposition
G1 A0.000000 C0.000000 X257.450124 Y236.080656 Z272.800000 E34.08627763859788180684 F100.000000
; P02 POINT 2315 point-0002315 deposition
G1 A0.000000 C0.000000 X258.780225 Y236.878419 Z272.800000 E34.18945038053550054684 F100.000000
; P02 POINT 2316 point-0002316 deposition
G1 A0.000000 C0.000000 X260.025693 Y237.802760 Z272.800000 E34.29262329758297358684 F100.000000
; P02 POINT 2317 point-0002317 deposition
G1 A0.000000 C0.000000 X261.174535 Y238.844766 Z272.800000 E34.39579648571827706684 F100.000000
; P02 POINT 2318 point-0002318 deposition
G1 A0.000000 C0.000000 X262.215684 Y239.994386 Z272.800000 E34.49896982625080599684 F100.000000
; P02 POINT 2319 point-0002319 deposition
G1 A0.000000 C0.000000 X263.139128 Y241.240545 Z272.800000 E34.60214401938781023684 F100.000000
; P02 POINT 2320 point-0002320 deposition
G1 A0.000000 C0.000000 X263.935978 Y242.571226 Z272.800000 E34.70531871384142597684 F100.000000
; P02 POINT 2321 point-0002321 deposition
G1 A0.000000 C0.000000 X264.598571 Y243.973601 Z272.800000 E34.80849341714814824684 F100.000000
; P02 POINT 2322 point-0002322 deposition
G1 A0.000000 C0.000000 X265.120546 Y245.434164 Z272.800000 E34.91166853962303478684 F100.000000
; P02 POINT 2323 point-0002323 deposition
G1 A0.000000 C0.000000 X265.496895 Y246.938836 Z272.800000 E35.01484310819215303684 F100.000000
; P02 POINT 2324 point-0002324 deposition
G1 A0.000000 C0.000000 X265.724020 Y248.473142 Z272.800000 E35.11801776235116607684 F100.000000
; P02 POINT 2325 point-0002325 deposition
G1 A0.000000 C0.000000 X265.799759 Y250.022324 Z272.800000 E35.22119284198581950684 F100.000000
; P02 POINT 2326 point-0002326 deposition
G1 A0.000000 C0.000000 X265.723405 Y251.571469 Z272.800000 E35.32436746767768435684 F100.000000
; P02 POINT 2327 point-0002327 deposition
G1 A0.000000 C0.000000 X265.495714 Y253.105694 Z272.800000 E35.42754230025301185684 F100.000000
; P02 POINT 2328 point-0002328 deposition
G1 A0.000000 C0.000000 X265.118892 Y254.610263 Z272.800000 E35.53071782284050506684 F100.000000
; P02 POINT 2329 point-0002329 deposition
G1 A0.000000 C0.000000 X264.596577 Y256.070710 Z272.800000 E35.63389331903461329684 F100.000000
; P02 POINT 2330 point-0002330 deposition
G1 A0.000000 C0.000000 X263.933795 Y257.473010 Z272.800000 E35.73706892209118075684 F100.000000
; P02 POINT 2331 point-0002331 deposition
G1 A0.000000 C0.000000 X263.136915 Y258.803696 Z272.800000 E35.84024488896188570684 F100.000000
; P02 POINT 2332 point-0002332 deposition
G1 A0.000000 C0.000000 X262.213591 Y260.049969 Z272.800000 E35.94342044542803400684 F100.000000
; P02 POINT 2333 point-0002333 deposition
G1 A0.000000 C0.000000 X261.172678 Y261.199848 Z272.800000 E36.04659600697851799684 F100.000000
; P02 POINT 2334 point-0002334 deposition
G1 A0.000000 C0.000000 X260.024169 Y262.242245 Z272.800000 E36.14977031045040680684 F100.000000
; P02 POINT 2335 point-0002335 deposition
G1 A0.000000 C0.000000 X258.779072 Y263.167110 Z272.800000 E36.25294408800742872684 F100.000000
; P02 POINT 2336 point-0002336 deposition
G1 A0.000000 C0.000000 X257.449336 Y263.965490 Z272.800000 E36.35611723111361178684 F100.000000
; P02 POINT 2337 point-0002337 deposition
G1 A0.000000 C0.000000 X256.047699 Y264.629649 Z272.800000 E36.45929212581483349684 F100.000000
; P02 POINT 2338 point-0002338 deposition
G1 A0.000000 C0.000000 X254.587649 Y265.153100 Z272.800000 E36.56246816960498351684 F100.000000
; P02 POINT 2339 point-0002339 deposition
G1 A0.000000 C0.000000 X253.083302 Y265.530706 Z272.800000 E36.66564212784912478684 F100.000000
; P02 POINT 2340 point-0002340 deposition
G1 A0.000000 C0.000000 X251.549138 Y265.758769 Z272.800000 E36.76881653600874450684 F100.000000
; P02 POINT 2341 point-0002341 deposition
G1 A0.000000 C0.000000 X250.000000 Y265.835040 Z272.800000 E36.87199045936155409684 F100.000000
; P02 POINT 2342 point-0002342 deposition
G1 A0.000000 C0.000000 X248.450861 Y265.758769 Z272.800000 E36.97516440345439620684 F100.000000
; P02 POINT 2343 point-0002343 deposition
G1 A0.000000 C0.000000 X246.916698 Y265.530706 Z272.800000 E37.07833883104233211684 F100.000000
; P02 POINT 2344 point-0002344 deposition
G1 A0.000000 C0.000000 X245.412350 Y265.153100 Z272.800000 E37.18151280979181209684 F100.000000
; P02 POINT 2345 point-0002345 deposition
G1 A0.000000 C0.000000 X243.952300 Y264.629648 Z272.800000 E37.28468887539292557684 F100.000000
; P02 POINT 2346 point-0002346 deposition
G1 A0.000000 C0.000000 X242.550663 Y263.965489 Z272.800000 E37.38786378992652299684 F100.000000
; P02 POINT 2347 point-0002347 deposition
G1 A0.000000 C0.000000 X241.220926 Y263.167109 Z272.800000 E37.49103695061314972684 F100.000000
; P02 POINT 2348 point-0002348 deposition
G1 A0.000000 C0.000000 X239.975830 Y262.242244 Z272.800000 E37.59421074576079770684 F100.000000
; P02 POINT 2349 point-0002349 deposition
G1 A0.000000 C0.000000 X238.827321 Y261.199846 Z272.800000 E37.69738506680575780684 F100.000000
; P02 POINT 2350 point-0002350 deposition
G1 A0.000000 C0.000000 X237.786407 Y260.049967 Z272.800000 E37.80056064594061977684 F100.000000
; P02 POINT 2351 point-0002351 deposition
G1 A0.000000 C0.000000 X236.863083 Y258.803693 Z272.800000 E37.90373621999887720684 F100.000000
; P02 POINT 2352 point-0002352 deposition
G1 A0.000000 C0.000000 X236.066203 Y257.473007 Z272.800000 E38.00691220446802625684 F100.000000
; P02 POINT 2353 point-0002353 deposition
G1 A0.000000 C0.000000 X235.403422 Y256.070707 Z272.800000 E38.11008782511495317684 F100.000000
; P02 POINT 2354 point-0002354 deposition
G1 A0.000000 C0.000000 X234.881106 Y254.610259 Z272.800000 E38.21326333890751586684 F100.000000
; P02 POINT 2355 point-0002355 deposition
G1 A0.000000 C0.000000 X234.504285 Y253.105690 Z272.800000 E38.31643887908870101684 F100.000000
; P02 POINT 2356 point-0002356 deposition
G1 A0.000000 C0.000000 X234.276595 Y251.571465 Z272.800000 E38.41961372926896208684 F100.000000
; P02 POINT 2357 point-0002357 deposition
G1 A0.000000 C0.000000 X234.200241 Y250.022320 Z272.800000 E38.52278837253324599684 F100.000000
; P02 EVENT event-0000506 retract
G1 E37.52278837253324599684 F100.000000
; P02 POINT 2358 point-0002358 travel
G1 A0.000000 C0.000000 X234.800000 Y250.022063 Z272.800000 F100.000000
; P02 EVENT event-0000507 prime
G1 E38.52278837253324599684 F100.000000
; P02 POINT 2359 point-0002359 deposition
G1 A0.000000 C0.000000 X234.800007 Y250.023698 Z272.800000 E38.52289712947509503854 F100.000000
; P02 POINT 2360 point-0002360 deposition
G1 A0.000000 C0.000000 X234.800028 Y250.025333 Z272.800000 E38.52300588641694408109 F100.000000
; P02 POINT 2361 point-0002361 deposition
G1 A0.000000 C0.000000 X234.800061 Y250.026968 Z272.800000 E38.52311464335879312107 F100.000000
; P02 POINT 2362 point-0002362 deposition
G1 A0.000000 C0.000000 X234.800108 Y250.028602 Z272.800000 E38.52322340030064216497 F100.000000
; P02 POINT 2363 point-0002363 deposition
G1 A0.000000 C0.000000 X234.800169 Y250.030236 Z272.800000 E38.52333215724249120949 F100.000000
; P02 POINT 2364 point-0002364 deposition
G1 A0.000000 C0.000000 X234.800243 Y250.031869 Z272.800000 E38.52344091418434024933 F100.000000
; P02 POINT 2365 point-0002365 deposition
G1 A0.000000 C0.000000 X234.872715 Y251.502555 Z272.800000 E38.62139007455315013933 F100.000000
; P02 POINT 2366 point-0002366 deposition
G1 A0.000000 C0.000000 X234.872802 Y251.504188 Z272.800000 E38.62149881712493027869 F100.000000
; P02 POINT 2367 point-0002367 deposition
G1 A0.000000 C0.000000 X234.872903 Y251.505819 Z272.800000 E38.62160755969671043106 F100.000000
; P02 POINT 2368 point-0002368 deposition
G1 A0.000000 C0.000000 X234.873017 Y251.507450 Z272.800000 E38.62171630226849059767 F100.000000
; P02 POINT 2369 point-0002369 deposition
G1 A0.000000 C0.000000 X234.873144 Y251.509080 Z272.800000 E38.62182504484027074117 F100.000000
; P02 POINT 2370 point-0002370 deposition
G1 A0.000000 C0.000000 X234.873284 Y251.510709 Z272.800000 E38.62193378741205089484 F100.000000
; P02 POINT 2371 point-0002371 deposition
G1 A0.000000 C0.000000 X234.873438 Y251.512336 Z272.800000 E38.62204252998383105079 F100.000000
; P02 POINT 2372 point-0002372 deposition
G1 A0.000000 C0.000000 X234.873605 Y251.513962 Z272.800000 E38.62215127255561121240 F100.000000
; P02 POINT 2373 point-0002373 deposition
G1 A0.000000 C0.000000 X234.873785 Y251.515587 Z272.800000 E38.62226001512739135875 F100.000000
; P02 POINT 2374 point-0002374 deposition
G1 A0.000000 C0.000000 X234.873979 Y251.517210 Z272.800000 E38.62236875769917152169 F100.000000
; P02 POINT 2375 point-0002375 deposition
G1 A0.000000 C0.000000 X234.874186 Y251.518832 Z272.800000 E38.62247750027095167083 F100.000000
; P02 POINT 2376 point-0002376 deposition
G1 A0.000000 C0.000000 X234.874406 Y251.520452 Z272.800000 E38.62258624284273182187 F100.000000
; P02 POINT 2377 point-0002377 deposition
G1 A0.000000 C0.000000 X234.874639 Y251.522070 Z272.800000 E38.62269498541451197002 F100.000000
; P02 POINT 2378 point-0002378 deposition
G1 A0.000000 C0.000000 X235.090784 Y252.978596 Z272.800000 E38.72064449868426919002 F100.000000
; P02 POINT 2379 point-0002379 deposition
G1 A0.000000 C0.000000 X235.091030 Y252.980211 Z272.800000 E38.72075322901513242112 F100.000000
; P02 POINT 2380 point-0002380 deposition
G1 A0.000000 C0.000000 X235.091290 Y252.981825 Z272.800000 E38.72086195934599562874 F100.000000
; P02 POINT 2381 point-0002381 deposition
G1 A0.000000 C0.000000 X235.091563 Y252.983437 Z272.800000 E38.72097068967685886011 F100.000000
; P02 POINT 2382 point-0002382 deposition
G1 A0.000000 C0.000000 X235.091849 Y252.985046 Z272.800000 E38.72107942000772207877 F100.000000
; P02 POINT 2383 point-0002383 deposition
G1 A0.000000 C0.000000 X235.092148 Y252.986653 Z272.800000 E38.72118815033858527676 F100.000000
; P02 POINT 2384 point-0002384 deposition
G1 A0.000000 C0.000000 X235.092461 Y252.988257 Z272.800000 E38.72129688066944852958 F100.000000
; P02 POINT 2385 point-0002385 deposition
G1 A0.000000 C0.000000 X235.092786 Y252.989859 Z272.800000 E38.72140561100031170949 F100.000000
; P02 POINT 2386 point-0002386 deposition
G1 A0.000000 C0.000000 X235.093125 Y252.991458 Z272.800000 E38.72151434133117494266 F100.000000
; P02 POINT 2387 point-0002387 deposition
G1 A0.000000 C0.000000 X235.093476 Y252.993055 Z272.800000 E38.72162307166203815705 F100.000000
; P02 POINT 2388 point-0002388 deposition
G1 A0.000000 C0.000000 X235.093841 Y252.994648 Z272.800000 E38.72173180199290138395 F100.000000
; P02 POINT 2389 point-0002389 deposition
G1 A0.000000 C0.000000 X235.094219 Y252.996238 Z272.800000 E38.72184053232376459965 F100.000000
; P02 POINT 2390 point-0002390 deposition
G1 A0.000000 C0.000000 X235.094609 Y252.997825 Z272.800000 E38.72194926265462782359 F100.000000
; P02 POINT 2391 point-0002391 deposition
G1 A0.000000 C0.000000 X235.452333 Y254.426191 Z272.800000 E38.81989898408646155359 F100.000000
; P02 POINT 2392 point-0002392 deposition
G1 A0.000000 C0.000000 X235.452736 Y254.427775 Z272.800000 E38.82000770490362391631 F100.000000
; P02 POINT 2393 point-0002393 deposition
G1 A0.000000 C0.000000 X235.453153 Y254.429356 Z272.800000 E38.82011642572078626656 F100.000000
; P02 POINT 2394 point-0002394 deposition
G1 A0.000000 C0.000000 X235.453582 Y254.430933 Z272.800000 E38.82022514653794866155 F100.000000
; P02 POINT 2395 point-0002395 deposition
G1 A0.000000 C0.000000 X235.454024 Y254.432506 Z272.800000 E38.82033386735511101145 F100.000000
; P02 POINT 2396 point-0002396 deposition
G1 A0.000000 C0.000000 X235.454479 Y254.434076 Z272.800000 E38.82044258817227330833 F100.000000
; P02 POINT 2397 point-0002397 deposition
G1 A0.000000 C0.000000 X235.454947 Y254.435642 Z272.800000 E38.82055130898943569332 F100.000000
; P02 POINT 2398 point-0002398 deposition
G1 A0.000000 C0.000000 X235.455428 Y254.437204 Z272.800000 E38.82066002980659804937 F100.000000
; P02 POINT 2399 point-0002399 deposition
G1 A0.000000 C0.000000 X235.455921 Y254.438762 Z272.800000 E38.82076875062376045669 F100.000000
; P02 POINT 2400 point-0002400 deposition
G1 A0.000000 C0.000000 X235.456428 Y254.440316 Z272.800000 E38.82087747144092278029 F100.000000
; P02 POINT 2401 point-0002401 deposition
G1 A0.000000 C0.000000 X235.456946 Y254.441866 Z272.800000 E38.82098619225808513561 F100.000000
; P02 POINT 2402 point-0002402 deposition
G1 A0.000000 C0.000000 X235.457478 Y254.443412 Z272.800000 E38.82109491307524748623 F100.000000
; P02 POINT 2403 point-0002403 deposition
G1 A0.000000 C0.000000 X235.458022 Y254.444953 Z272.800000 E38.82120363389240986222 F100.000000
; P02 POINT 2404 point-0002404 deposition
G1 A0.000000 C0.000000 X235.953874 Y255.831433 Z272.800000 E38.91915340999266049222 F100.000000
; P02 POINT 2405 point-0002405 deposition
G1 A0.000000 C0.000000 X235.954431 Y255.832970 Z272.800000 E38.91926212531053007097 F100.000000
; P02 POINT 2406 point-0002406 deposition
G1 A0.000000 C0.000000 X235.955000 Y255.834502 Z272.800000 E38.91937084062839971507 F100.000000
; P02 POINT 2407 point-0002407 deposition
G1 A0.000000 C0.000000 X235.955582 Y255.836029 Z272.800000 E38.91947955594626929553 F100.000000
; P02 POINT 2408 point-0002408 deposition
G1 A0.000000 C0.000000 X235.956176 Y255.837552 Z272.800000 E38.91958827126413895030 F100.000000
; P02 POINT 2409 point-0002409 deposition
G1 A0.000000 C0.000000 X235.956783 Y255.839069 Z272.800000 E38.91969698658200851172 F100.000000
; P02 POINT 2410 point-0002410 deposition
G1 A0.000000 C0.000000 X235.957402 Y255.840582 Z272.800000 E38.91980570189987815881 F100.000000
; P02 POINT 2411 point-0002411 deposition
G1 A0.000000 C0.000000 X235.958033 Y255.842089 Z272.800000 E38.91991441721774776306 F100.000000
; P02 POINT 2412 point-0002412 deposition
G1 A0.000000 C0.000000 X235.958676 Y255.843592 Z272.800000 E38.92002313253561741738 F100.000000
; P02 POINT 2413 point-0002413 deposition
G1 A0.000000 C0.000000 X235.959332 Y255.845088 Z272.800000 E38.92013184785348698285 F100.000000
; P02 POINT 2414 point-0002414 deposition
G1 A0.000000 C0.000000 X235.960000 Y255.846580 Z272.800000 E38.92024056317135656396 F100.000000
; P02 POINT 2415 point-0002415 deposition
G1 A0.000000 C0.000000 X235.960680 Y255.848066 Z272.800000 E38.92034927848922623329 F100.000000
; P02 POINT 2416 point-0002416 deposition
G1 A0.000000 C0.000000 X235.961373 Y255.849547 Z272.800000 E38.92045799380709579460 F100.000000
; P02 POINT 2417 point-0002417 deposition
G1 A0.000000 C0.000000 X236.590583 Y257.180820 Z272.800000 E39.01840770985585475460 F100.000000
; P02 POINT 2418 point-0002418 deposition
G1 A0.000000 C0.000000 X236.591287 Y257.182295 Z272.800000 E39.01851642533551644702 F100.000000
; P02 POINT 2419 point-0002419 deposition
G1 A0.000000 C0.000000 X236.592003 Y257.183764 Z272.800000 E39.01862514081517814808 F100.000000
; P02 POINT 2420 point-0002420 deposition
G1 A0.000000 C0.000000 X236.592732 Y257.185227 Z272.800000 E39.01873385629483988860 F100.000000
; P02 POINT 2421 point-0002421 deposition
G1 A0.000000 C0.000000 X236.593472 Y257.186684 Z272.800000 E39.01884257177450162937 F100.000000
; P02 POINT 2422 point-0002422 deposition
G1 A0.000000 C0.000000 X236.594224 Y257.188135 Z272.800000 E39.01895128725416329569 F100.000000
; P02 POINT 2423 point-0002423 deposition
G1 A0.000000 C0.000000 X236.594988 Y257.189580 Z272.800000 E39.01906000273382505009 F100.000000
; P02 POINT 2424 point-0002424 deposition
G1 A0.000000 C0.000000 X236.595764 Y257.191018 Z272.800000 E39.01916871821348673429 F100.000000
; P02 POINT 2425 point-0002425 deposition
G1 A0.000000 C0.000000 X236.596552 Y257.192450 Z272.800000 E39.01927743369314847587 F100.000000
; P02 POINT 2426 point-0002426 deposition
G1 A0.000000 C0.000000 X236.597351 Y257.193876 Z272.800000 E39.01938614917281016491 F100.000000
; P02 POINT 2427 point-0002427 deposition
G1 A0.000000 C0.000000 X236.598162 Y257.195295 Z272.800000 E39.01949486465247191473 F100.000000
; P02 POINT 2428 point-0002428 deposition
G1 A0.000000 C0.000000 X236.598984 Y257.196707 Z272.800000 E39.01960358013213360026 F100.000000
; P02 POINT 2429 point-0002429 deposition
G1 A0.000000 C0.000000 X236.599818 Y257.198113 Z272.800000 E39.01971229561179530213 F100.000000
; P02 POINT 2430 point-0002430 deposition
G1 A0.000000 C0.000000 X237.356342 Y258.461393 Z272.800000 E39.11766223173029874213 F100.000000
; P02 POINT 2431 point-0002431 deposition
G1 A0.000000 C0.000000 X237.357187 Y258.462792 Z272.800000 E39.11777095432313043213 F100.000000
; P02 POINT 2432 point-0002432 deposition
G1 A0.000000 C0.000000 X237.358044 Y258.464183 Z272.800000 E39.11787967691596215895 F100.000000
; P02 POINT 2433 point-0002433 deposition
G1 A0.000000 C0.000000 X237.358912 Y258.465568 Z272.800000 E39.11798839950879389947 F100.000000
; P02 POINT 2434 point-0002434 deposition
G1 A0.000000 C0.000000 X237.359792 Y258.466946 Z272.800000 E39.11809712210162551464 F100.000000
; P02 POINT 2435 point-0002435 deposition
G1 A0.000000 C0.000000 X237.360683 Y258.468316 Z272.800000 E39.11820584469445727348 F100.000000
; P02 POINT 2436 point-0002436 deposition
G1 A0.000000 C0.000000 X237.361585 Y258.469679 Z272.800000 E39.11831456728728892484 F100.000000
; P02 POINT 2437 point-0002437 deposition
G1 A0.000000 C0.000000 X237.362498 Y258.471035 Z272.800000 E39.11842328988012067113 F100.000000
; P02 POINT 2438 point-0002438 deposition
G1 A0.000000 C0.000000 X237.363422 Y258.472383 Z272.800000 E39.11853201247295234652 F100.000000
; P02 POINT 2439 point-0002439 deposition
G1 A0.000000 C0.000000 X237.364357 Y258.473724 Z272.800000 E39.11864073506578407330 F100.000000
; P02 POINT 2440 point-0002440 deposition
G1 A0.000000 C0.000000 X237.365303 Y258.475056 Z272.800000 E39.11874945765861579647 F100.000000
; P02 POINT 2441 point-0002441 deposition
G1 A0.000000 C0.000000 X237.366259 Y258.476382 Z272.800000 E39.11885818025144756020 F100.000000
; P02 POINT 2442 point-0002442 deposition
G1 A0.000000 C0.000000 X237.367227 Y258.477699 Z272.800000 E39.11896690284427920176 F100.000000
; P02 POINT 2443 point-0002443 deposition
G1 A0.000000 C0.000000 X238.243801 Y259.660837 Z272.800000 E39.21691667835292233176 F100.000000
; P02 POINT 2444 point-0002444 deposition
G1 A0.000000 C0.000000 X238.244779 Y259.662146 Z272.800000 E39.21702541618918243578 F100.000000
; P02 POINT 2445 point-0002445 deposition
G1 A0.000000 C0.000000 X238.245768 Y259.663448 Z272.800000 E39.21713415402544238816 F100.000000
; P02 POINT 2446 point-0002446 deposition
G1 A0.000000 C0.000000 X238.246768 Y259.664741 Z272.800000 E39.21724289186170241832 F100.000000
; P02 POINT 2447 point-0002447 deposition
G1 A0.000000 C0.000000 X238.247778 Y259.666026 Z272.800000 E39.21735162969796249186 F100.000000
; P02 POINT 2448 point-0002448 deposition
G1 A0.000000 C0.000000 X238.248799 Y259.667303 Z272.800000 E39.21746036753422249711 F100.000000
; P02 POINT 2449 point-0002449 deposition
G1 A0.000000 C0.000000 X238.249830 Y259.668571 Z272.800000 E39.21756910537048258808 F100.000000
; P02 POINT 2450 point-0002450 deposition
G1 A0.000000 C0.000000 X238.250872 Y259.669831 Z272.800000 E39.21767784320674262875 F100.000000
; P02 POINT 2451 point-0002451 deposition
G1 A0.000000 C0.000000 X238.251924 Y259.671083 Z272.800000 E39.21778658104300260931 F100.000000
; P02 POINT 2452 point-0002452 deposition
G1 A0.000000 C0.000000 X238.252986 Y259.672325 Z272.800000 E39.21789531887926273309 F100.000000
; P02 POINT 2453 point-0002453 deposition
G1 A0.000000 C0.000000 X238.254058 Y259.673559 Z272.800000 E39.21800405671552277858 F100.000000
; P02 POINT 2454 point-0002454 deposition
G1 A0.000000 C0.000000 X238.255140 Y259.674785 Z272.800000 E39.21811279455178279993 F100.000000
; P02 POINT 2455 point-0002455 deposition
G1 A0.000000 C0.000000 X238.256232 Y259.676001 Z272.800000 E39.21822153238804281633 F100.000000
; P02 POINT 2456 point-0002456 deposition
G1 A0.000000 C0.000000 X239.244448 Y260.767616 Z272.800000 E39.31617123830640852633 F100.000000
; P02 POINT 2457 point-0002457 deposition
G1 A0.000000 C0.000000 X239.245550 Y260.768824 Z272.800000 E39.31628000025572293879 F100.000000
; P02 POINT 2458 point-0002458 deposition
G1 A0.000000 C0.000000 X239.246662 Y260.770022 Z272.800000 E39.31638876220503742449 F100.000000
; P02 POINT 2459 point-0002459 deposition
G1 A0.000000 C0.000000 X239.247784 Y260.771212 Z272.800000 E39.31649752415435181399 F100.000000
; P02 POINT 2460 point-0002460 deposition
G1 A0.000000 C0.000000 X239.248916 Y260.772392 Z272.800000 E39.31660628610366628294 F100.000000
; P02 POINT 2461 point-0002461 deposition
G1 A0.000000 C0.000000 X239.250057 Y260.773563 Z272.800000 E39.31671504805298065394 F100.000000
; P02 POINT 2462 point-0002462 deposition
G1 A0.000000 C0.000000 X239.251208 Y260.774724 Z272.800000 E39.31682381000229515614 F100.000000
; P02 POINT 2463 point-0002463 deposition
G1 A0.000000 C0.000000 X239.252368 Y260.775876 Z272.800000 E39.31693257195160954807 F100.000000
; P02 POINT 2464 point-0002464 deposition
G1 A0.000000 C0.000000 X239.253537 Y260.777019 Z272.800000 E39.31704133390092395139 F100.000000
; P02 POINT 2465 point-0002465 deposition
G1 A0.000000 C0.000000 X239.254716 Y260.778152 Z272.800000 E39.31715009585023842712 F100.000000
; P02 POINT 2466 point-0002466 deposition
G1 A0.000000 C0.000000 X239.255904 Y260.779275 Z272.800000 E39.31725885779955284259 F100.000000
; P02 POINT 2467 point-0002467 deposition
G1 A0.000000 C0.000000 X239.257101 Y260.780389 Z272.800000 E39.31736761974886720991 F100.000000
; P02 POINT 2468 point-0002468 deposition
G1 A0.000000 C0.000000 X239.258307 Y260.781493 Z272.800000 E39.31747638169818170007 F100.000000
; P02 POINT 2469 point-0002469 deposition
G1 A0.000000 C0.000000 X240.348682 Y261.771062 Z272.800000 E39.41542542128047167007 F100.000000
; P02 POINT 2470 point-0002470 deposition
G1 A0.000000 C0.000000 X240.349898 Y261.772157 Z272.800000 E39.41553421664117811486 F100.000000
; P02 POINT 2471 point-0002471 deposition
G1 A0.000000 C0.000000 X240.351122 Y261.773241 Z272.800000 E39.41564301200188454620 F100.000000
; P02 POINT 2472 point-0002472 deposition
G1 A0.000000 C0.000000 X240.352356 Y261.774315 Z272.800000 E39.41575180736259089492 F100.000000
; P02 POINT 2473 point-0002473 deposition
G1 A0.000000 C0.000000 X240.353598 Y261.775379 Z272.800000 E39.41586060272329733428 F100.000000
; P02 POINT 2474 point-0002474 deposition
G1 A0.000000 C0.000000 X240.354848 Y261.776433 Z272.800000 E39.41596939808400381989 F100.000000
; P02 POINT 2475 point-0002475 deposition
G1 A0.000000 C0.000000 X240.356108 Y261.777476 Z272.800000 E39.41607819344471022747 F100.000000
; P02 POINT 2476 point-0002476 deposition
G1 A0.000000 C0.000000 X240.357376 Y261.778510 Z272.800000 E39.41618698880541658105 F100.000000
; P02 POINT 2477 point-0002477 deposition
G1 A0.000000 C0.000000 X240.358652 Y261.779532 Z272.800000 E39.41629578416612303095 F100.000000
; P02 POINT 2478 point-0002478 deposition
G1 A0.000000 C0.000000 X240.359936 Y261.780545 Z272.800000 E39.41640457952682951286 F100.000000
; P02 POINT 2479 point-0002479 deposition
G1 A0.000000 C0.000000 X240.361229 Y261.781547 Z272.800000 E39.41651337488753597140 F100.000000
; P02 POINT 2480 point-0002480 deposition
G1 A0.000000 C0.000000 X240.362530 Y261.782538 Z272.800000 E39.41662217024824228991 F100.000000
; P02 POINT 2481 point-0002481 deposition
G1 A0.000000 C0.000000 X240.363839 Y261.783518 Z272.800000 E39.41673096560894877566 F100.000000
; P02 POINT 2482 point-0002482 deposition
G1 A0.000000 C0.000000 X241.545920 Y262.661499 Z272.800000 E39.51468001333675182566 F100.000000
; P02 POINT 2483 point-0002483 deposition
G1 A0.000000 C0.000000 X241.547238 Y262.662469 Z272.800000 E39.51478885076181983651 F100.000000
; P02 POINT 2484 point-0002484 deposition
G1 A0.000000 C0.000000 X241.548563 Y262.663428 Z272.800000 E39.51489768818688771711 F100.000000
; P02 POINT 2485 point-0002485 deposition
G1 A0.000000 C0.000000 X241.549896 Y262.664377 Z272.800000 E39.51500652561195567279 F100.000000
; P02 POINT 2486 point-0002486 deposition
G1 A0.000000 C0.000000 X241.551237 Y262.665315 Z272.800000 E39.51511536303702371147 F100.000000
; P02 POINT 2487 point-0002487 deposition
G1 A0.000000 C0.000000 X241.552586 Y262.666241 Z272.800000 E39.51522420046209175243 F100.000000
; P02 POINT 2488 point-0002488 deposition
G1 A0.000000 C0.000000 X241.553942 Y262.667157 Z272.800000 E39.51533303788715973829 F100.000000
; P02 POINT 2489 point-0002489 deposition
G1 A0.000000 C0.000000 X241.555305 Y262.668061 Z272.800000 E39.51544187531222775946 F100.000000
; P02 POINT 2490 point-0002490 deposition
G1 A0.000000 C0.000000 X241.556676 Y262.668954 Z272.800000 E39.51555071273729568523 F100.000000
; P02 POINT 2491 point-0002491 deposition
G1 A0.000000 C0.000000 X241.558054 Y262.669836 Z272.800000 E39.51565955016236360662 F100.000000
; P02 POINT 2492 point-0002492 deposition
G1 A0.000000 C0.000000 X241.559439 Y262.670707 Z272.800000 E39.51576838758743155656 F100.000000
; P02 POINT 2493 point-0002493 deposition
G1 A0.000000 C0.000000 X241.560832 Y262.671566 Z272.800000 E39.51587722501249960065 F100.000000
; P02 POINT 2494 point-0002494 deposition
G1 A0.000000 C0.000000 X241.562231 Y262.672414 Z272.800000 E39.51598606243756768125 F100.000000
; P02 POINT 2495 point-0002495 deposition
G1 A0.000000 C0.000000 X242.824673 Y263.430309 Z272.800000 E39.61393505752056948125 F100.000000
; P02 POINT 2496 point-0002496 deposition
G1 A0.000000 C0.000000 X242.826079 Y263.431145 Z272.800000 E39.61404394489279784753 F100.000000
; P02 POINT 2497 point-0002497 deposition
G1 A0.000000 C0.000000 X242.827493 Y263.431971 Z272.800000 E39.61415283226502629745 F100.000000
; P02 POINT 2498 point-0002498 deposition
G1 A0.000000 C0.000000 X242.828913 Y263.432784 Z272.800000 E39.61426171963725465612 F100.000000
; P02 POINT 2499 point-0002499 deposition
G1 A0.000000 C0.000000 X242.830340 Y263.433586 Z272.800000 E39.61437060700948302769 F100.000000
; P02 POINT 2500 point-0002500 deposition
G1 A0.000000 C0.000000 X242.831774 Y263.434377 Z272.800000 E39.61447949438171145623 F100.000000
; P02 POINT 2501 point-0002501 deposition
G1 A0.000000 C0.000000 X242.833214 Y263.435155 Z272.800000 E39.61458838175393979434 F100.000000
; P02 POINT 2502 point-0002502 deposition
G1 A0.000000 C0.000000 X242.834660 Y263.435922 Z272.800000 E39.61469726912616817644 F100.000000
; P02 POINT 2503 point-0002503 deposition
G1 A0.000000 C0.000000 X242.836113 Y263.436677 Z272.800000 E39.61480615649839658078 F100.000000
; P02 POINT 2504 point-0002504 deposition
G1 A0.000000 C0.000000 X242.837571 Y263.437420 Z272.800000 E39.61491504387062495360 F100.000000
; P02 POINT 2505 point-0002505 deposition
G1 A0.000000 C0.000000 X242.839036 Y263.438151 Z272.800000 E39.61502393124285328720 F100.000000
; P02 POINT 2506 point-0002506 deposition
G1 A0.000000 C0.000000 X242.840506 Y263.438870 Z272.800000 E39.61513281861508167994 F100.000000
; P02 POINT 2507 point-0002507 deposition
G1 A0.000000 C0.000000 X242.841983 Y263.439576 Z272.800000 E39.61524170598731007468 F100.000000
; P02 POINT 2508 point-0002508 deposition
G1 A0.000000 C0.000000 X244.172706 Y264.070051 Z272.800000 E39.71319429970189956468 F100.000000
; P02 POINT 2509 point-0002509 deposition
G1 A0.000000 C0.000000 X244.174189 Y264.070746 Z272.800000 E39.71330323967858640167 F100.000000
; P02 POINT 2510 point-0002510 deposition
G1 A0.000000 C0.000000 X244.175677 Y264.071429 Z272.800000 E39.71341217965527327105 F100.000000
; P02 POINT 2511 point-0002511 deposition
G1 A0.000000 C0.000000 X244.177171 Y264.072100 Z272.800000 E39.71352111963196013600 F100.000000
; P02 POINT 2512 point-0002512 deposition
G1 A0.000000 C0.000000 X244.178671 Y264.072758 Z272.800000 E39.71363005960864699168 F100.000000
; P02 POINT 2513 point-0002513 deposition
G1 A0.000000 C0.000000 X244.180176 Y264.073404 Z272.800000 E39.71373899958533379341 F100.000000
; P02 POINT 2514 point-0002514 deposition
G1 A0.000000 C0.000000 X244.181686 Y264.074038 Z272.800000 E39.71384793956202063817 F100.000000
; P02 POINT 2515 point-0002515 deposition
G1 A0.000000 C0.000000 X244.183201 Y264.074660 Z272.800000 E39.71395687953870753029 F100.000000
; P02 POINT 2516 point-0002516 deposition
G1 A0.000000 C0.000000 X244.184721 Y264.075269 Z272.800000 E39.71406581951539435160 F100.000000
; P02 POINT 2517 point-0002517 deposition
G1 A0.000000 C0.000000 X244.186246 Y264.075865 Z272.800000 E39.71417475949208124423 F100.000000
; P02 POINT 2518 point-0002518 deposition
G1 A0.000000 C0.000000 X244.187776 Y264.076449 Z272.800000 E39.71428369946876807203 F100.000000
; P02 POINT 2519 point-0002519 deposition
G1 A0.000000 C0.000000 X244.189311 Y264.077021 Z272.800000 E39.71439263944545495156 F100.000000
; P02 POINT 2520 point-0002520 deposition
G1 A0.000000 C0.000000 X244.190850 Y264.077580 Z272.800000 E39.71450157942214176577 F100.000000
; P02 POINT 2521 point-0002521 deposition
G1 A0.000000 C0.000000 X245.577018 Y264.574468 Z272.800000 E39.81245495610970179577 F100.000000
; P02 POINT 2522 point-0002522 deposition
G1 A0.000000 C0.000000 X245.578562 Y264.575014 Z272.800000 E39.81256394311887415723 F100.000000
; P02 POINT 2523 point-0002523 deposition
G1 A0.000000 C0.000000 X245.580111 Y264.575548 Z272.800000 E39.81267293012804651866 F100.000000
; P02 POINT 2524 point-0002524 deposition
G1 A0.000000 C0.000000 X245.581665 Y264.576069 Z272.800000 E39.81278191713721886182 F100.000000
; P02 POINT 2525 point-0002525 deposition
G1 A0.000000 C0.000000 X245.583222 Y264.576578 Z272.800000 E39.81289090414639122130 F100.000000
; P02 POINT 2526 point-0002526 deposition
G1 A0.000000 C0.000000 X245.584784 Y264.577073 Z272.800000 E39.81299989115556357151 F100.000000
; P02 POINT 2527 point-0002527 deposition
G1 A0.000000 C0.000000 X245.586349 Y264.577556 Z272.800000 E39.81310887816473589979 F100.000000
; P02 POINT 2528 point-0002528 deposition
G1 A0.000000 C0.000000 X245.587919 Y264.578026 Z272.800000 E39.81321786517390827182 F100.000000
; P02 POINT 2529 point-0002529 deposition
G1 A0.000000 C0.000000 X245.589492 Y264.578483 Z272.800000 E39.81332685218308059097 F100.000000
; P02 POINT 2530 point-0002530 deposition
G1 A0.000000 C0.000000 X245.591069 Y264.578927 Z272.800000 E39.81343583919225294158 F100.000000
; P02 POINT 2531 point-0002531 deposition
G1 A0.000000 C0.000000 X245.592650 Y264.579359 Z272.800000 E39.81354482620142532269 F100.000000
; P02 POINT 2532 point-0002532 deposition
G1 A0.000000 C0.000000 X245.594234 Y264.579777 Z272.800000 E39.81365381321059765168 F100.000000
; P02 POINT 2533 point-0002533 deposition
G1 A0.000000 C0.000000 X245.595822 Y264.580182 Z272.800000 E39.81376280021976997846 F100.000000
; P02 POINT 2534 point-0002534 deposition
G1 A0.000000 C0.000000 X247.024043 Y264.938619 Z272.800000 E39.91171475429845121846 F100.000000
; P02 POINT 2535 point-0002535 deposition
G1 A0.000000 C0.000000 X247.025635 Y264.939011 Z272.800000 E39.91182378030567532120 F100.000000
; P02 POINT 2536 point-0002536 deposition
G1 A0.000000 C0.000000 X247.027229 Y264.939391 Z272.800000 E39.91193280631289946823 F100.000000
; P02 POINT 2537 point-0002537 deposition
G1 A0.000000 C0.000000 X247.028827 Y264.939757 Z272.800000 E39.91204183232012361727 F100.000000
; P02 POINT 2538 point-0002538 deposition
G1 A0.000000 C0.000000 X247.030427 Y264.940110 Z272.800000 E39.91215085832734776624 F100.000000
; P02 POINT 2539 point-0002539 deposition
G1 A0.000000 C0.000000 X247.032030 Y264.940450 Z272.800000 E39.91225988433457188852 F100.000000
; P02 POINT 2540 point-0002540 deposition
G1 A0.000000 C0.000000 X247.033636 Y264.940777 Z272.800000 E39.91236891034179603967 F100.000000
; P02 POINT 2541 point-0002541 deposition
G1 A0.000000 C0.000000 X247.035245 Y264.941091 Z272.800000 E39.91247793634902015623 F100.000000
; P02 POINT 2542 point-0002542 deposition
G1 A0.000000 C0.000000 X247.036856 Y264.941392 Z272.800000 E39.91258696235624431305 F100.000000
; P02 POINT 2543 point-0002543 deposition
G1 A0.000000 C0.000000 X247.038470 Y264.941679 Z272.800000 E39.91269598836346845241 F100.000000
; P02 POINT 2544 point-0002544 deposition
G1 A0.000000 C0.000000 X247.040086 Y264.941953 Z272.800000 E39.91280501437069260505 F100.000000
; P02 POINT 2545 point-0002545 deposition
G1 A0.000000 C0.000000 X247.041704 Y264.942214 Z272.800000 E39.91291404037791672254 F100.000000
; P02 POINT 2546 point-0002546 deposition
G1 A0.000000 C0.000000 X247.043324 Y264.942461 Z272.800000 E39.91302306638514088947 F100.000000
; P02 POINT 2547 point-0002547 deposition
G1 A0.000000 C0.000000 X248.499854 Y265.158944 Z272.800000 E40.01097616994962759947 F100.000000
; P02 POINT 2548 point-0002548 deposition
G1 A0.000000 C0.000000 X248.501477 Y265.159179 Z272.800000 E40.01108522224847708616 F100.000000
; P02 POINT 2549 point-0002549 deposition
G1 A0.000000 C0.000000 X248.503101 Y265.159400 Z272.800000 E40.01119427454732658151 F100.000000
; P02 POINT 2550 point-0002550 deposition
G1 A0.000000 C0.000000 X248.504727 Y265.159607 Z272.800000 E40.01130332684617608899 F100.000000
; P02 POINT 2551 point-0002551 deposition
G1 A0.000000 C0.000000 X248.506355 Y265.159802 Z272.800000 E40.01141237914502559630 F100.000000
; P02 POINT 2552 point-0002552 deposition
G1 A0.000000 C0.000000 X248.507985 Y265.159983 Z272.800000 E40.01152143144387509059 F100.000000
; P02 POINT 2553 point-0002553 deposition
G1 A0.000000 C0.000000 X248.509615 Y265.160151 Z272.800000 E40.01163048374272457985 F100.000000
; P02 POINT 2554 point-0002554 deposition
G1 A0.000000 C0.000000 X248.511247 Y265.160305 Z272.800000 E40.01173953604157407941 F100.000000
; P02 POINT 2555 point-0002555 deposition
G1 A0.000000 C0.000000 X248.512881 Y265.160446 Z272.800000 E40.01184858834042356326 F100.000000
; P02 POINT 2556 point-0002556 deposition
G1 A0.000000 C0.000000 X248.514515 Y265.160573 Z272.800000 E40.01195764063927307723 F100.000000
; P02 POINT 2557 point-0002557 deposition
G1 A0.000000 C0.000000 X248.516151 Y265.160688 Z272.800000 E40.01206669293812256146 F100.000000
; P02 POINT 2558 point-0002558 deposition
G1 A0.000000 C0.000000 X248.517787 Y265.160788 Z272.800000 E40.01217574523697206562 F100.000000
; P02 POINT 2559 point-0002559 deposition
G1 A0.000000 C0.000000 X248.519424 Y265.160876 Z272.800000 E40.01228479753582156072 F100.000000
; P02 POINT 2560 point-0002560 deposition
G1 A0.000000 C0.000000 X249.990167 Y265.233273 Z272.800000 E40.11023747182171725072 F100.000000
; P02 POINT 2561 point-0002561 deposition
G1 A0.000000 C0.000000 X249.991805 Y265.233347 Z272.800000 E40.11034653289435231687 F100.000000
; P02 POINT 2562 point-0002562 deposition
G1 A0.000000 C0.000000 X249.993443 Y265.233408 Z272.800000 E40.11045559396698740139 F100.000000
; P02 POINT 2563 point-0002563 deposition
G1 A0.000000 C0.000000 X249.995082 Y265.233455 Z272.800000 E40.11056465503962248810 F100.000000
; P02 POINT 2564 point-0002564 deposition
G1 A0.000000 C0.000000 X249.996721 Y265.233488 Z272.800000 E40.11067371611225757427 F100.000000
; P02 POINT 2565 point-0002565 deposition
G1 A0.000000 C0.000000 X249.998360 Y265.233509 Z272.800000 E40.11078277718489265744 F100.000000
; P02 POINT 2566 point-0002566 deposition
G1 A0.000000 C0.000000 X250.000000 Y265.233515 Z272.800000 E40.11089183825752774334 F100.000000
; P02 POINT 2567 point-0002567 deposition
G1 A0.000000 C0.000000 X250.001639 Y265.233509 Z272.800000 E40.11100089933016282955 F100.000000
; P02 POINT 2568 point-0002568 deposition
G1 A0.000000 C0.000000 X250.003279 Y265.233488 Z272.800000 E40.11110996040279791233 F100.000000
; P02 POINT 2569 point-0002569 deposition
G1 A0.000000 C0.000000 X250.004918 Y265.233455 Z272.800000 E40.11121902147543299939 F100.000000
; P02 POINT 2570 point-0002570 deposition
G1 A0.000000 C0.000000 X250.006557 Y265.233408 Z272.800000 E40.11132808254806808472 F100.000000
; P02 POINT 2571 point-0002571 deposition
G1 A0.000000 C0.000000 X250.008195 Y265.233347 Z272.800000 E40.11143714362070316924 F100.000000
; P02 POINT 2572 point-0002572 deposition
G1 A0.000000 C0.000000 X250.009833 Y265.233273 Z272.800000 E40.11154620469333825349 F100.000000
; P02 POINT 2573 point-0002573 deposition
G1 A0.000000 C0.000000 X251.480575 Y265.160876 Z272.800000 E40.20949879425115041349 F100.000000
; P02 POINT 2574 point-0002574 deposition
G1 A0.000000 C0.000000 X251.482212 Y265.160788 Z272.800000 E40.20960784645605925417 F100.000000
; P02 POINT 2575 point-0002575 deposition
G1 A0.000000 C0.000000 X251.483848 Y265.160688 Z272.800000 E40.20971689866096806728 F100.000000
; P02 POINT 2576 point-0002576 deposition
G1 A0.000000 C0.000000 X251.485484 Y265.160574 Z272.800000 E40.20982595086587689124 F100.000000
; P02 POINT 2577 point-0002577 deposition
G1 A0.000000 C0.000000 X251.487118 Y265.160446 Z272.800000 E40.20993500307078571017 F100.000000
; P02 POINT 2578 point-0002578 deposition
G1 A0.000000 C0.000000 X251.488751 Y265.160305 Z272.800000 E40.21004405527569453643 F100.000000
; P02 POINT 2579 point-0002579 deposition
G1 A0.000000 C0.000000 X251.490383 Y265.160151 Z272.800000 E40.21015310748060334950 F100.000000
; P02 POINT 2580 point-0002580 deposition
G1 A0.000000 C0.000000 X251.492014 Y265.159983 Z272.800000 E40.21026215968551218126 F100.000000
; P02 POINT 2581 point-0002581 deposition
G1 A0.000000 C0.000000 X251.493643 Y265.159802 Z272.800000 E40.21037121189042100497 F100.000000
; P02 POINT 2582 point-0002582 deposition
G1 A0.000000 C0.000000 X251.495271 Y265.159608 Z272.800000 E40.21048026409532982242 F100.000000
; P02 POINT 2583 point-0002583 deposition
G1 A0.000000 C0.000000 X251.496897 Y265.159400 Z272.800000 E40.21058931630023864613 F100.000000
; P02 POINT 2584 point-0002584 deposition
G1 A0.000000 C0.000000 X251.498522 Y265.159179 Z272.800000 E40.21069836850514746671 F100.000000
; P02 POINT 2585 point-0002585 deposition
G1 A0.000000 C0.000000 X251.500144 Y265.158944 Z272.800000 E40.21080742071005628516 F100.000000
; P02 POINT 2586 point-0002586 deposition
G1 A0.000000 C0.000000 X252.956673 Y264.942462 Z272.800000 E40.30876044089339511516 F100.000000
; P02 POINT 2587 point-0002587 deposition
G1 A0.000000 C0.000000 X252.958294 Y264.942214 Z272.800000 E40.30886946680772334757 F100.000000
; P02 POINT 2588 point-0002588 deposition
G1 A0.000000 C0.000000 X252.959912 Y264.941954 Z272.800000 E40.30897849272205158477 F100.000000
; P02 POINT 2589 point-0002589 deposition
G1 A0.000000 C0.000000 X252.961528 Y264.941679 Z272.800000 E40.30908751863637984049 F100.000000
; P02 POINT 2590 point-0002590 deposition
G1 A0.000000 C0.000000 X252.963141 Y264.941392 Z272.800000 E40.30919654455070809948 F100.000000
; P02 POINT 2591 point-0002591 deposition
G1 A0.000000 C0.000000 X252.964752 Y264.941092 Z272.800000 E40.30930557046503635806 F100.000000
; P02 POINT 2592 point-0002592 deposition
G1 A0.000000 C0.000000 X252.966361 Y264.940778 Z272.800000 E40.30941459637936460526 F100.000000
; P02 POINT 2593 point-0002593 deposition
G1 A0.000000 C0.000000 X252.967967 Y264.940451 Z272.800000 E40.30952362229369284392 F100.000000
; P02 POINT 2594 point-0002594 deposition
G1 A0.000000 C0.000000 X252.969570 Y264.940111 Z272.800000 E40.30963264820802109289 F100.000000
; P02 POINT 2595 point-0002595 deposition
G1 A0.000000 C0.000000 X252.971171 Y264.939758 Z272.800000 E40.30974167412234934011 F100.000000
; P02 POINT 2596 point-0002596 deposition
G1 A0.000000 C0.000000 X252.972768 Y264.939391 Z272.800000 E40.30985070003667758488 F100.000000
; P02 POINT 2597 point-0002597 deposition
G1 A0.000000 C0.000000 X252.974363 Y264.939012 Z272.800000 E40.30995972595100585299 F100.000000
; P02 POINT 2598 point-0002598 deposition
G1 A0.000000 C0.000000 X252.975954 Y264.938619 Z272.800000 E40.31006875186533408869 F100.000000
; P02 POINT 2599 point-0002599 deposition
G1 A0.000000 C0.000000 X254.404175 Y264.580183 Z272.800000 E40.40802062166354553869 F100.000000
; P02 POINT 2600 point-0002600 deposition
G1 A0.000000 C0.000000 X254.405762 Y264.579778 Z272.800000 E40.40812960857777891755 F100.000000
; P02 POINT 2601 point-0002601 deposition
G1 A0.000000 C0.000000 X254.407346 Y264.579360 Z272.800000 E40.40823859549201224702 F100.000000
; P02 POINT 2602 point-0002602 deposition
G1 A0.000000 C0.000000 X254.408927 Y264.578928 Z272.800000 E40.40834758240624562534 F100.000000
; P02 POINT 2603 point-0002603 deposition
G1 A0.000000 C0.000000 X254.410504 Y264.578484 Z272.800000 E40.40845656932047896111 F100.000000
; P02 POINT 2604 point-0002604 deposition
G1 A0.000000 C0.000000 X254.412077 Y264.578027 Z272.800000 E40.40856555623471231180 F100.000000
; P02 POINT 2605 point-0002605 deposition
G1 A0.000000 C0.000000 X254.413647 Y264.577557 Z272.800000 E40.40867454314894570407 F100.000000
; P02 POINT 2606 point-0002606 deposition
G1 A0.000000 C0.000000 X254.415213 Y264.577074 Z272.800000 E40.40878353006317905397 F100.000000
; P02 POINT 2607 point-0002607 deposition
G1 A0.000000 C0.000000 X254.416774 Y264.576579 Z272.800000 E40.40889251697741238697 F100.000000
; P02 POINT 2608 point-0002608 deposition
G1 A0.000000 C0.000000 X254.418332 Y264.576070 Z272.800000 E40.40900150389164577386 F100.000000
; P02 POINT 2609 point-0002609 deposition
G1 A0.000000 C0.000000 X254.419885 Y264.575549 Z272.800000 E40.40911049080587910262 F100.000000
; P02 POINT 2610 point-0002610 deposition
G1 A0.000000 C0.000000 X254.421434 Y264.575015 Z272.800000 E40.40921947772011248720 F100.000000
; P02 POINT 2611 point-0002611 deposition
G1 A0.000000 C0.000000 X254.422979 Y264.574469 Z272.800000 E40.40932846463434591012 F100.000000
; P02 POINT 2612 point-0002612 deposition
G1 A0.000000 C0.000000 X255.809145 Y264.077582 Z272.800000 E40.50728175566429939012 F100.000000
; P02 POINT 2613 point-0002613 deposition
G1 A0.000000 C0.000000 X255.810684 Y264.077023 Z272.800000 E40.50739069554675762910 F100.000000
; P02 POINT 2614 point-0002614 deposition
G1 A0.000000 C0.000000 X255.812219 Y264.076451 Z272.800000 E40.50749963542921584160 F100.000000
; P02 POINT 2615 point-0002615 deposition
G1 A0.000000 C0.000000 X255.813749 Y264.075867 Z272.800000 E40.50760857531167403600 F100.000000
; P02 POINT 2616 point-0002616 deposition
G1 A0.000000 C0.000000 X255.815274 Y264.075271 Z272.800000 E40.50771751519413227984 F100.000000
; P02 POINT 2617 point-0002617 deposition
G1 A0.000000 C0.000000 X255.816794 Y264.074662 Z272.800000 E40.50782645507659052168 F100.000000
; P02 POINT 2618 point-0002618 deposition
G1 A0.000000 C0.000000 X255.818309 Y264.074040 Z272.800000 E40.50793539495904875402 F100.000000
; P02 POINT 2619 point-0002619 deposition
G1 A0.000000 C0.000000 X255.819820 Y264.073406 Z272.800000 E40.50804433484150703136 F100.000000
; P02 POINT 2620 point-0002620 deposition
G1 A0.000000 C0.000000 X255.821324 Y264.072760 Z272.800000 E40.50815327472396527172 F100.000000
; P02 POINT 2621 point-0002621 deposition
G1 A0.000000 C0.000000 X255.822824 Y264.072102 Z272.800000 E40.50826221460642352436 F100.000000
; P02 POINT 2622 point-0002622 deposition
G1 A0.000000 C0.000000 X255.824318 Y264.071431 Z272.800000 E40.50837115448888175275 F100.000000
; P02 POINT 2623 point-0002623 deposition
G1 A0.000000 C0.000000 X255.825806 Y264.070748 Z272.800000 E40.50848009437133999224 F100.000000
; P02 POINT 2624 point-0002624 deposition
G1 A0.000000 C0.000000 X255.827289 Y264.070053 Z272.800000 E40.50858903425379818454 F100.000000
; P02 POINT 2625 point-0002625 deposition
G1 A0.000000 C0.000000 X257.158012 Y263.439579 Z272.800000 E40.60654154342139926454 F100.000000
; P02 POINT 2626 point-0002626 deposition
G1 A0.000000 C0.000000 X257.159488 Y263.438873 Z272.800000 E40.60665043070139429953 F100.000000
; P02 POINT 2627 point-0002627 deposition
G1 A0.000000 C0.000000 X257.160959 Y263.438154 Z272.800000 E40.60675931798138923352 F100.000000
; P02 POINT 2628 point-0002628 deposition
G1 A0.000000 C0.000000 X257.162423 Y263.437423 Z272.800000 E40.60686820526138420779 F100.000000
; P02 POINT 2629 point-0002629 deposition
G1 A0.000000 C0.000000 X257.163882 Y263.436680 Z272.800000 E40.60697709254137922752 F100.000000
; P02 POINT 2630 point-0002630 deposition
G1 A0.000000 C0.000000 X257.165334 Y263.435925 Z272.800000 E40.60708597982137421315 F100.000000
; P02 POINT 2631 point-0002631 deposition
G1 A0.000000 C0.000000 X257.166780 Y263.435158 Z272.800000 E40.60719486710136917708 F100.000000
; P02 POINT 2632 point-0002632 deposition
G1 A0.000000 C0.000000 X257.168220 Y263.434380 Z272.800000 E40.60730375438136418347 F100.000000
; P02 POINT 2633 point-0002633 deposition
G1 A0.000000 C0.000000 X257.169654 Y263.433589 Z272.800000 E40.60741264166135917537 F100.000000
; P02 POINT 2634 point-0002634 deposition
G1 A0.000000 C0.000000 X257.171081 Y263.432787 Z272.800000 E40.60752152894135416226 F100.000000
; P02 POINT 2635 point-0002635 deposition
G1 A0.000000 C0.000000 X257.172501 Y263.431974 Z272.800000 E40.60763041622134911296 F100.000000
; P02 POINT 2636 point-0002636 deposition
G1 A0.000000 C0.000000 X257.173915 Y263.431148 Z272.800000 E40.60773930350134414777 F100.000000
; P02 POINT 2637 point-0002637 deposition
G1 A0.000000 C0.000000 X257.175322 Y263.430312 Z272.800000 E40.60784819078133909114 F100.000000
; P02 POINT 2638 point-0002638 deposition
G1 A0.000000 C0.000000 X258.437763 Y262.672418 Z272.800000 E40.70579710441401253114 F100.000000
; P02 POINT 2639 point-0002639 deposition
G1 A0.000000 C0.000000 X258.439162 Y262.671570 Z272.800000 E40.70590594175500925851 F100.000000
; P02 POINT 2640 point-0002640 deposition
G1 A0.000000 C0.000000 X258.440554 Y262.670711 Z272.800000 E40.70601477909600612272 F100.000000
; P02 POINT 2641 point-0002641 deposition
G1 A0.000000 C0.000000 X258.441940 Y262.669840 Z272.800000 E40.70612361643700288926 F100.000000
; P02 POINT 2642 point-0002642 deposition
G1 A0.000000 C0.000000 X258.443318 Y262.668958 Z272.800000 E40.70623245377799963590 F100.000000
; P02 POINT 2643 point-0002643 deposition
G1 A0.000000 C0.000000 X258.444689 Y262.668065 Z272.800000 E40.70634129111899645585 F100.000000
; P02 POINT 2644 point-0002644 deposition
G1 A0.000000 C0.000000 X258.446052 Y262.667161 Z272.800000 E40.70645012845999330769 F100.000000
; P02 POINT 2645 point-0002645 deposition
G1 A0.000000 C0.000000 X258.447408 Y262.666245 Z272.800000 E40.70655896580099001681 F100.000000
; P02 POINT 2646 point-0002646 deposition
G1 A0.000000 C0.000000 X258.448757 Y262.665319 Z272.800000 E40.70666780314198682475 F100.000000
; P02 POINT 2647 point-0002647 deposition
G1 A0.000000 C0.000000 X258.450097 Y262.664381 Z272.800000 E40.70677664048298359621 F100.000000
; P02 POINT 2648 point-0002648 deposition
G1 A0.000000 C0.000000 X258.451431 Y262.663433 Z272.800000 E40.70688547782398043588 F100.000000
; P02 POINT 2649 point-0002649 deposition
G1 A0.000000 C0.000000 X258.452756 Y262.662473 Z272.800000 E40.70699431516497720959 F100.000000
; P02 POINT 2650 point-0002650 deposition
G1 A0.000000 C0.000000 X258.454073 Y262.661503 Z272.800000 E40.70710315250597398300 F100.000000
; P02 POINT 2651 point-0002651 deposition
G1 A0.000000 C0.000000 X259.636154 Y261.783524 Z272.800000 E40.80505212370725669300 F100.000000
; P02 POINT 2652 point-0002652 deposition
G1 A0.000000 C0.000000 X259.637463 Y261.782544 Z272.800000 E40.80516091903157050602 F100.000000
; P02 POINT 2653 point-0002653 deposition
G1 A0.000000 C0.000000 X259.638764 Y261.781552 Z272.800000 E40.80526971435588423566 F100.000000
; P02 POINT 2654 point-0002654 deposition
G1 A0.000000 C0.000000 X259.640057 Y261.780550 Z272.800000 E40.80537850968019802952 F100.000000
; P02 POINT 2655 point-0002655 deposition
G1 A0.000000 C0.000000 X259.641341 Y261.779538 Z272.800000 E40.80548730500451184139 F100.000000
; P02 POINT 2656 point-0002656 deposition
G1 A0.000000 C0.000000 X259.642618 Y261.778515 Z272.800000 E40.80559610032882561467 F100.000000
; P02 POINT 2657 point-0002657 deposition
G1 A0.000000 C0.000000 X259.643885 Y261.777482 Z272.800000 E40.80570489565313925804 F100.000000
; P02 POINT 2658 point-0002658 deposition
G1 A0.000000 C0.000000 X259.645145 Y261.776438 Z272.800000 E40.80581369097745302124 F100.000000
; P02 POINT 2659 point-0002659 deposition
G1 A0.000000 C0.000000 X259.646395 Y261.775385 Z272.800000 E40.80592248630176680265 F100.000000
; P02 POINT 2660 point-0002660 deposition
G1 A0.000000 C0.000000 X259.647638 Y261.774321 Z272.800000 E40.80603128162608062747 F100.000000
; P02 POINT 2661 point-0002661 deposition
G1 A0.000000 C0.000000 X259.648871 Y261.773246 Z272.800000 E40.80614007695039445473 F100.000000
; P02 POINT 2662 point-0002662 deposition
G1 A0.000000 C0.000000 X259.650095 Y261.772162 Z272.800000 E40.80624887227470816173 F100.000000
; P02 POINT 2663 point-0002663 deposition
G1 A0.000000 C0.000000 X259.651311 Y261.771068 Z272.800000 E40.80635766759902191590 F100.000000
; P02 POINT 2664 point-0002664 deposition
G1 A0.000000 C0.000000 X260.741687 Y260.781498 Z272.800000 E40.90430675042068575590 F100.000000
; P02 POINT 2665 point-0002665 deposition
G1 A0.000000 C0.000000 X260.742893 Y260.780395 Z272.800000 E40.90441551209981989706 F100.000000
; P02 POINT 2666 point-0002666 deposition
G1 A0.000000 C0.000000 X260.744090 Y260.779281 Z272.800000 E40.90452427377895398233 F100.000000
; P02 POINT 2667 point-0002667 deposition
G1 A0.000000 C0.000000 X260.745278 Y260.778158 Z272.800000 E40.90463303545808803533 F100.000000
; P02 POINT 2668 point-0002668 deposition
G1 A0.000000 C0.000000 X260.746457 Y260.777025 Z272.800000 E40.90474179713722209827 F100.000000
; P02 POINT 2669 point-0002669 deposition
G1 A0.000000 C0.000000 X260.747626 Y260.775882 Z272.800000 E40.90485055881635618156 F100.000000
; P02 POINT 2670 point-0002670 deposition
G1 A0.000000 C0.000000 X260.748787 Y260.774730 Z272.800000 E40.90495932049549026900 F100.000000
; P02 POINT 2671 point-0002671 deposition
G1 A0.000000 C0.000000 X260.749937 Y260.773569 Z272.800000 E40.90506808217462435302 F100.000000
; P02 POINT 2672 point-0002672 deposition
G1 A0.000000 C0.000000 X260.751078 Y260.772398 Z272.800000 E40.90517684385375835586 F100.000000
; P02 POINT 2673 point-0002673 deposition
G1 A0.000000 C0.000000 X260.752210 Y260.771217 Z272.800000 E40.90528560553289247166 F100.000000
; P02 POINT 2674 point-0002674 deposition
G1 A0.000000 C0.000000 X260.753332 Y260.770028 Z272.800000 E40.90539436721202661769 F100.000000
; P02 POINT 2675 point-0002675 deposition
G1 A0.000000 C0.000000 X260.754444 Y260.768829 Z272.800000 E40.90550312889116071979 F100.000000
; P02 POINT 2676 point-0002676 deposition
G1 A0.000000 C0.000000 X260.755546 Y260.767622 Z272.800000 E40.90561189057029473877 F100.000000
; P02 POINT 2677 point-0002677 deposition
G1 A0.000000 C0.000000 X261.743757 Y259.676014 Z272.800000 E41.00356101865215411877 F100.000000
; P02 POINT 2678 point-0002678 deposition
G1 A0.000000 C0.000000 X261.744849 Y259.674798 Z272.800000 E41.00366975584181036260 F100.000000
; P02 POINT 2679 point-0002679 deposition
G1 A0.000000 C0.000000 X261.745932 Y259.673573 Z272.800000 E41.00377849303146658021 F100.000000
; P02 POINT 2680 point-0002680 deposition
G1 A0.000000 C0.000000 X261.747004 Y259.672339 Z272.800000 E41.00388723022112277904 F100.000000
; P02 POINT 2681 point-0002681 deposition
G1 A0.000000 C0.000000 X261.748066 Y259.671096 Z272.800000 E41.00399596741077897598 F100.000000
; P02 POINT 2682 point-0002682 deposition
G1 A0.000000 C0.000000 X261.749117 Y259.669844 Z272.800000 E41.00410470460043518483 F100.000000
; P02 POINT 2683 point-0002683 deposition
G1 A0.000000 C0.000000 X261.750159 Y259.668585 Z272.800000 E41.00421344179009139745 F100.000000
; P02 POINT 2684 point-0002684 deposition
G1 A0.000000 C0.000000 X261.751190 Y259.667316 Z272.800000 E41.00432217897974760484 F100.000000
; P02 POINT 2685 point-0002685 deposition
G1 A0.000000 C0.000000 X261.752211 Y259.666039 Z272.800000 E41.00443091616940377724 F100.000000
; P02 POINT 2686 point-0002686 deposition
G1 A0.000000 C0.000000 X261.753221 Y259.664754 Z272.800000 E41.00453965335906009049 F100.000000
; P02 POINT 2687 point-0002687 deposition
G1 A0.000000 C0.000000 X261.754221 Y259.663461 Z272.800000 E41.00464839054871623688 F100.000000
; P02 POINT 2688 point-0002688 deposition
G1 A0.000000 C0.000000 X261.755210 Y259.662160 Z272.800000 E41.00475712773837243190 F100.000000
; P02 POINT 2689 point-0002689 deposition
G1 A0.000000 C0.000000 X261.756188 Y259.660850 Z272.800000 E41.00486586492802869976 F100.000000
; P02 POINT 2690 point-0002690 deposition
G1 A0.000000 C0.000000 X262.632759 Y258.477720 Z272.800000 E41.10281509721221976976 F100.000000
; P02 POINT 2691 point-0002691 deposition
G1 A0.000000 C0.000000 X262.633727 Y258.476403 Z272.800000 E41.10292381916991004606 F100.000000
; P02 POINT 2692 point-0002692 deposition
G1 A0.000000 C0.000000 X262.634683 Y258.475077 Z272.800000 E41.10303254112760041777 F100.000000
; P02 POINT 2693 point-0002693 deposition
G1 A0.000000 C0.000000 X262.635629 Y258.473745 Z272.800000 E41.10314126308529068484 F100.000000
; P02 POINT 2694 point-0002694 deposition
G1 A0.000000 C0.000000 X262.636564 Y258.472404 Z272.800000 E41.10324998504298108000 F100.000000
; P02 POINT 2695 point-0002695 deposition
G1 A0.000000 C0.000000 X262.637488 Y258.471056 Z272.800000 E41.10335870700067144838 F100.000000
; P02 POINT 2696 point-0002696 deposition
G1 A0.000000 C0.000000 X262.638401 Y258.469700 Z272.800000 E41.10346742895836167531 F100.000000
; P02 POINT 2697 point-0002697 deposition
G1 A0.000000 C0.000000 X262.639303 Y258.468337 Z272.800000 E41.10357615091605197238 F100.000000
; P02 POINT 2698 point-0002698 deposition
G1 A0.000000 C0.000000 X262.640194 Y258.466967 Z272.800000 E41.10368487287374236343 F100.000000
; P02 POINT 2699 point-0002699 deposition
G1 A0.000000 C0.000000 X262.641073 Y258.465589 Z272.800000 E41.10379359483143269079 F100.000000
; P02 POINT 2700 point-0002700 deposition
G1 A0.000000 C0.000000 X262.641942 Y258.464204 Z272.800000 E41.10390231678912299419 F100.000000
; P02 POINT 2701 point-0002701 deposition
G1 A0.000000 C0.000000 X262.642799 Y258.462813 Z272.800000 E41.10401103874681333615 F100.000000
; P02 POINT 2702 point-0002702 deposition
G1 A0.000000 C0.000000 X262.643644 Y258.461414 Z272.800000 E41.10411976070450371959 F100.000000
; P02 POINT 2703 point-0002703 deposition
G1 A0.000000 C0.000000 X263.400165 Y257.198144 Z272.800000 E41.20206900455336545959 F100.000000
; P02 POINT 2704 point-0002704 deposition
G1 A0.000000 C0.000000 X263.400999 Y257.196739 Z272.800000 E41.20217771941967329619 F100.000000
; P02 POINT 2705 point-0002705 deposition
G1 A0.000000 C0.000000 X263.401821 Y257.195326 Z272.800000 E41.20228643428598115334 F100.000000
; P02 POINT 2706 point-0002706 deposition
G1 A0.000000 C0.000000 X263.402632 Y257.193907 Z272.800000 E41.20239514915228900765 F100.000000
; P02 POINT 2707 point-0002707 deposition
G1 A0.000000 C0.000000 X263.403431 Y257.192482 Z272.800000 E41.20250386401859692581 F100.000000
; P02 POINT 2708 point-0002708 deposition
G1 A0.000000 C0.000000 X263.404219 Y257.191050 Z272.800000 E41.20261257888490483281 F100.000000
; P02 POINT 2709 point-0002709 deposition
G1 A0.000000 C0.000000 X263.404995 Y257.189611 Z272.800000 E41.20272129375121266983 F100.000000
; P02 POINT 2710 point-0002710 deposition
G1 A0.000000 C0.000000 X263.405759 Y257.188167 Z272.800000 E41.20283000861752059475 F100.000000
; P02 POINT 2711 point-0002711 deposition
G1 A0.000000 C0.000000 X263.406511 Y257.186716 Z272.800000 E41.20293872348382841586 F100.000000
; P02 POINT 2712 point-0002712 deposition
G1 A0.000000 C0.000000 X263.407251 Y257.185259 Z272.800000 E41.20304743835013631678 F100.000000
; P02 POINT 2713 point-0002713 deposition
G1 A0.000000 C0.000000 X263.407980 Y257.183796 Z272.800000 E41.20315615321644416328 F100.000000
; P02 POINT 2714 point-0002714 deposition
G1 A0.000000 C0.000000 X263.408696 Y257.182327 Z272.800000 E41.20326486808275209629 F100.000000
; P02 POINT 2715 point-0002715 deposition
G1 A0.000000 C0.000000 X263.409401 Y257.180852 Z272.800000 E41.20337358294905995655 F100.000000
; P02 POINT 2716 point-0002716 deposition
G1 A0.000000 C0.000000 X264.038612 Y255.849584 Z272.800000 E41.30132300755937298655 F100.000000
; P02 POINT 2717 point-0002717 deposition
G1 A0.000000 C0.000000 X264.039304 Y255.848103 Z272.800000 E41.30143172269690123599 F100.000000
; P02 POINT 2718 point-0002718 deposition
G1 A0.000000 C0.000000 X264.039984 Y255.846617 Z272.800000 E41.30154043783442953869 F100.000000
; P02 POINT 2719 point-0002719 deposition
G1 A0.000000 C0.000000 X264.040652 Y255.845126 Z272.800000 E41.30164915297195783417 F100.000000
; P02 POINT 2720 point-0002720 deposition
G1 A0.000000 C0.000000 X264.041308 Y255.843629 Z272.800000 E41.30175786810948604931 F100.000000
; P02 POINT 2721 point-0002721 deposition
G1 A0.000000 C0.000000 X264.041952 Y255.842126 Z272.800000 E41.30186658324701433832 F100.000000
; P02 POINT 2722 point-0002722 deposition
G1 A0.000000 C0.000000 X264.042583 Y255.840619 Z272.800000 E41.30197529838454263473 F100.000000
; P02 POINT 2723 point-0002723 deposition
G1 A0.000000 C0.000000 X264.043202 Y255.839106 Z272.800000 E41.30208401352207088353 F100.000000
; P02 POINT 2724 point-0002724 deposition
G1 A0.000000 C0.000000 X264.043809 Y255.837589 Z272.800000 E41.30219272865959916258 F100.000000
; P02 POINT 2725 point-0002725 deposition
G1 A0.000000 C0.000000 X264.044403 Y255.836066 Z272.800000 E41.30230144379712744918 F100.000000
; P02 POINT 2726 point-0002726 deposition
G1 A0.000000 C0.000000 X264.044984 Y255.834539 Z272.800000 E41.30241015893465569706 F100.000000
; P02 POINT 2727 point-0002727 deposition
G1 A0.000000 C0.000000 X264.045553 Y255.833007 Z272.800000 E41.30251887407218402601 F100.000000
; P02 POINT 2728 point-0002728 deposition
G1 A0.000000 C0.000000 X264.046110 Y255.831470 Z272.800000 E41.30262758920971226624 F100.000000
; P02 POINT 2729 point-0002729 deposition
G1 A0.000000 C0.000000 X264.541966 Y254.444993 Z272.800000 E41.40057728131538510624 F100.000000
; P02 POINT 2730 point-0002730 deposition
G1 A0.000000 C0.000000 X264.542510 Y254.443451 Z272.800000 E41.40068600203902756168 F100.000000
; P02 POINT 2731 point-0002731 deposition
G1 A0.000000 C0.000000 X264.543042 Y254.441906 Z272.800000 E41.40079472276266993866 F100.000000
; P02 POINT 2732 point-0002732 deposition
G1 A0.000000 C0.000000 X264.543560 Y254.440356 Z272.800000 E41.40090344348631238625 F100.000000
; P02 POINT 2733 point-0002733 deposition
G1 A0.000000 C0.000000 X264.544067 Y254.438802 Z272.800000 E41.40101216420995480722 F100.000000
; P02 POINT 2734 point-0002734 deposition
G1 A0.000000 C0.000000 X264.544560 Y254.437244 Z272.800000 E41.40112088493359723458 F100.000000
; P02 POINT 2735 point-0002735 deposition
G1 A0.000000 C0.000000 X264.545041 Y254.435682 Z272.800000 E41.40122960565723966450 F100.000000
; P02 POINT 2736 point-0002736 deposition
G1 A0.000000 C0.000000 X264.545509 Y254.434116 Z272.800000 E41.40133832638088205423 F100.000000
; P02 POINT 2737 point-0002737 deposition
G1 A0.000000 C0.000000 X264.545964 Y254.432546 Z272.800000 E41.40144704710452451816 F100.000000
; P02 POINT 2738 point-0002738 deposition
G1 A0.000000 C0.000000 X264.546406 Y254.430972 Z272.800000 E41.40155576782816695042 F100.000000
; P02 POINT 2739 point-0002739 deposition
G1 A0.000000 C0.000000 X264.546835 Y254.429395 Z272.800000 E41.40166448855180935806 F100.000000
; P02 POINT 2740 point-0002740 deposition
G1 A0.000000 C0.000000 X264.547252 Y254.427815 Z272.800000 E41.40177320927545178559 F100.000000
; P02 POINT 2741 point-0002741 deposition
G1 A0.000000 C0.000000 X264.547655 Y254.426231 Z272.800000 E41.40188192999909418977 F100.000000
; P02 POINT 2742 point-0002742 deposition
G1 A0.000000 C0.000000 X264.905382 Y252.997867 Z272.800000 E41.49983156744230632977 F100.000000
; P02 POINT 2743 point-0002743 deposition
G1 A0.000000 C0.000000 X264.905773 Y252.996280 Z272.800000 E41.49994029767953342808 F100.000000
; P02 POINT 2744 point-0002744 deposition
G1 A0.000000 C0.000000 X264.906151 Y252.994690 Z272.800000 E41.50004902791676053839 F100.000000
; P02 POINT 2745 point-0002745 deposition
G1 A0.000000 C0.000000 X264.906515 Y252.993097 Z272.800000 E41.50015775815398761411 F100.000000
; P02 POINT 2746 point-0002746 deposition
G1 A0.000000 C0.000000 X264.906867 Y252.991500 Z272.800000 E41.50026648839121473609 F100.000000
; P02 POINT 2747 point-0002747 deposition
G1 A0.000000 C0.000000 X264.907205 Y252.989901 Z272.800000 E41.50037521862844185779 F100.000000
; P02 POINT 2748 point-0002748 deposition
G1 A0.000000 C0.000000 X264.907531 Y252.988299 Z272.800000 E41.50048394886566893312 F100.000000
; P02 POINT 2749 point-0002749 deposition
G1 A0.000000 C0.000000 X264.907843 Y252.986695 Z272.800000 E41.50059267910289604664 F100.000000
; P02 POINT 2750 point-0002750 deposition
G1 A0.000000 C0.000000 X264.908143 Y252.985088 Z272.800000 E41.50070140934012314784 F100.000000
; P02 POINT 2751 point-0002751 deposition
G1 A0.000000 C0.000000 X264.908429 Y252.983479 Z272.800000 E41.50081013957735024575 F100.000000
; P02 POINT 2752 point-0002752 deposition
G1 A0.000000 C0.000000 X264.908702 Y252.981867 Z272.800000 E41.50091886981457735131 F100.000000
; P02 POINT 2753 point-0002753 deposition
G1 A0.000000 C0.000000 X264.908961 Y252.980253 Z272.800000 E41.50102760005180443412 F100.000000
; P02 POINT 2754 point-0002754 deposition
G1 A0.000000 C0.000000 X264.909208 Y252.978638 Z272.800000 E41.50113633028903155400 F100.000000
; P02 POINT 2755 point-0002755 deposition
G1 A0.000000 C0.000000 X265.125356 Y251.522114 Z272.800000 E41.59908575956272518400 F100.000000
; P02 POINT 2756 point-0002756 deposition
G1 A0.000000 C0.000000 X265.125590 Y251.520496 Z272.800000 E41.59919450204078094830 F100.000000
; P02 POINT 2757 point-0002757 deposition
G1 A0.000000 C0.000000 X265.125810 Y251.518876 Z272.800000 E41.59930324451883667572 F100.000000
; P02 POINT 2758 point-0002758 deposition
G1 A0.000000 C0.000000 X265.126017 Y251.517254 Z272.800000 E41.59941198699689241065 F100.000000
; P02 POINT 2759 point-0002759 deposition
G1 A0.000000 C0.000000 X265.126210 Y251.515631 Z272.800000 E41.59952072947494814932 F100.000000
; P02 POINT 2760 point-0002760 deposition
G1 A0.000000 C0.000000 X265.126391 Y251.514006 Z272.800000 E41.59962947195300388120 F100.000000
; P02 POINT 2761 point-0002761 deposition
G1 A0.000000 C0.000000 X265.126558 Y251.512380 Z272.800000 E41.59973821443105962796 F100.000000
; P02 POINT 2762 point-0002762 deposition
G1 A0.000000 C0.000000 X265.126711 Y251.510753 Z272.800000 E41.59984695690911535779 F100.000000
; P02 POINT 2763 point-0002763 deposition
G1 A0.000000 C0.000000 X265.126852 Y251.509124 Z272.800000 E41.59995569938717109039 F100.000000
; P02 POINT 2764 point-0002764 deposition
G1 A0.000000 C0.000000 X265.126979 Y251.507494 Z272.800000 E41.60006444186522682723 F100.000000
; P02 POINT 2765 point-0002765 deposition
G1 A0.000000 C0.000000 X265.127093 Y251.505863 Z272.800000 E41.60017318434328255983 F100.000000
; P02 POINT 2766 point-0002766 deposition
G1 A0.000000 C0.000000 X265.127193 Y251.504232 Z272.800000 E41.60028192682133830045 F100.000000
; P02 POINT 2767 point-0002767 deposition
G1 A0.000000 C0.000000 X265.127280 Y251.502599 Z272.800000 E41.60039066929939403664 F100.000000
; P02 POINT 2768 point-0002768 deposition
G1 A0.000000 C0.000000 X265.199757 Y250.031914 Z272.800000 E41.69833974568048683664 F100.000000
; P02 POINT 2769 point-0002769 deposition
G1 A0.000000 C0.000000 X265.199831 Y250.030281 Z272.800000 E41.69844850252855400286 F100.000000
; P02 POINT 2770 point-0002770 deposition
G1 A0.000000 C0.000000 X265.199892 Y250.028647 Z272.800000 E41.69855725937662118451 F100.000000
; P02 POINT 2771 point-0002771 deposition
G1 A0.000000 C0.000000 X265.199939 Y250.027013 Z272.800000 E41.69866601622468836538 F100.000000
; P02 POINT 2772 point-0002772 deposition
G1 A0.000000 C0.000000 X265.199972 Y250.025378 Z272.800000 E41.69877477307275554755 F100.000000
; P02 POINT 2773 point-0002773 deposition
G1 A0.000000 C0.000000 X265.199993 Y250.023744 Z272.800000 E41.69888352992082272890 F100.000000
; P02 POINT 2774 point-0002774 deposition
G1 A0.000000 C0.000000 X265.200000 Y250.022109 Z272.800000 E41.69899228676888991025 F100.000000
; P02 POINT 2775 point-0002775 deposition
G1 A0.000000 C0.000000 X265.199993 Y250.020474 Z272.800000 E41.69910104361695709197 F100.000000
; P02 POINT 2776 point-0002776 deposition
G1 A0.000000 C0.000000 X265.199974 Y250.018839 Z272.800000 E41.69920980046502427288 F100.000000
; P02 POINT 2777 point-0002777 deposition
G1 A0.000000 C0.000000 X265.199941 Y250.017204 Z272.800000 E41.69931855731309145521 F100.000000
; P02 POINT 2778 point-0002778 deposition
G1 A0.000000 C0.000000 X265.199894 Y250.015570 Z272.800000 E41.69942731416115863662 F100.000000
; P02 POINT 2779 point-0002779 deposition
G1 A0.000000 C0.000000 X265.199834 Y250.013936 Z272.800000 E41.69953607100922581497 F100.000000
; P02 POINT 2780 point-0002780 deposition
G1 A0.000000 C0.000000 X265.199761 Y250.012303 Z272.800000 E41.69964482785729299863 F100.000000
; P02 POINT 2781 point-0002781 deposition
G1 A0.000000 C0.000000 X265.127851 Y248.541585 Z272.800000 E41.79759427497108273863 F100.000000
; P02 POINT 2782 point-0002782 deposition
G1 A0.000000 C0.000000 X265.127764 Y248.539952 Z272.800000 E41.79770304740808645102 F100.000000
; P02 POINT 2783 point-0002783 deposition
G1 A0.000000 C0.000000 X265.127664 Y248.538320 Z272.800000 E41.79781181984509016843 F100.000000
; P02 POINT 2784 point-0002784 deposition
G1 A0.000000 C0.000000 X265.127551 Y248.536688 Z272.800000 E41.79792059228209389136 F100.000000
; P02 POINT 2785 point-0002785 deposition
G1 A0.000000 C0.000000 X265.127425 Y248.535058 Z272.800000 E41.79802936471909760361 F100.000000
; P02 POINT 2786 point-0002786 deposition
G1 A0.000000 C0.000000 X265.127285 Y248.533429 Z272.800000 E41.79813813715610131345 F100.000000
; P02 POINT 2787 point-0002787 deposition
G1 A0.000000 C0.000000 X265.127132 Y248.531801 Z272.800000 E41.79824690959310502707 F100.000000
; P02 POINT 2788 point-0002788 deposition
G1 A0.000000 C0.000000 X265.126965 Y248.530174 Z272.800000 E41.79835568203010874194 F100.000000
; P02 POINT 2789 point-0002789 deposition
G1 A0.000000 C0.000000 X265.126785 Y248.528549 Z272.800000 E41.79846445446711245376 F100.000000
; P02 POINT 2790 point-0002790 deposition
G1 A0.000000 C0.000000 X265.126592 Y248.526925 Z272.800000 E41.79857322690411616096 F100.000000
; P02 POINT 2791 point-0002791 deposition
G1 A0.000000 C0.000000 X265.126386 Y248.525303 Z272.800000 E41.79868199934111987023 F100.000000
; P02 POINT 2792 point-0002792 deposition
G1 A0.000000 C0.000000 X265.126166 Y248.523683 Z272.800000 E41.79879077177812358333 F100.000000
; P02 POINT 2793 point-0002793 deposition
G1 A0.000000 C0.000000 X265.125933 Y248.522064 Z272.800000 E41.79889954421512729641 F100.000000
; P02 POINT 2794 point-0002794 deposition
G1 A0.000000 C0.000000 X264.910307 Y247.065461 Z272.800000 E41.89684909796452831641 F100.000000
; P02 POINT 2795 point-0002795 deposition
G1 A0.000000 C0.000000 X264.910061 Y247.063844 Z272.800000 E41.89695788606874269451 F100.000000
; P02 POINT 2796 point-0002796 deposition
G1 A0.000000 C0.000000 X264.909801 Y247.062230 Z272.800000 E41.89706667417295711183 F100.000000
; P02 POINT 2797 point-0002797 deposition
G1 A0.000000 C0.000000 X264.909529 Y247.060617 Z272.800000 E41.89717546227717149838 F100.000000
; P02 POINT 2798 point-0002798 deposition
G1 A0.000000 C0.000000 X264.909243 Y247.059007 Z272.800000 E41.89728425038138591761 F100.000000
; P02 POINT 2799 point-0002799 deposition
G1 A0.000000 C0.000000 X264.908944 Y247.057399 Z272.800000 E41.89739303848560030980 F100.000000
; P02 POINT 2800 point-0002800 deposition
G1 A0.000000 C0.000000 X264.908632 Y247.055793 Z272.800000 E41.89750182658981471064 F100.000000
; P02 POINT 2801 point-0002801 deposition
G1 A0.000000 C0.000000 X264.908307 Y247.054191 Z272.800000 E41.89761061469402912456 F100.000000
; P02 POINT 2802 point-0002802 deposition
G1 A0.000000 C0.000000 X264.907969 Y247.052591 Z272.800000 E41.89771940279824353395 F100.000000
; P02 POINT 2803 point-0002803 deposition
G1 A0.000000 C0.000000 X264.907618 Y247.050993 Z272.800000 E41.89782819090245795451 F100.000000
; P02 POINT 2804 point-0002804 deposition
G1 A0.000000 C0.000000 X264.907253 Y247.049399 Z272.800000 E41.89793697900667235470 F100.000000
; P02 POINT 2805 point-0002805 deposition
G1 A0.000000 C0.000000 X264.906876 Y247.047808 Z272.800000 E41.89804576711088675804 F100.000000
; P02 POINT 2806 point-0002806 deposition
G1 A0.000000 C0.000000 X264.906486 Y247.046220 Z272.800000 E41.89815455521510114408 F100.000000
; P02 POINT 2807 point-0002807 deposition
G1 A0.000000 C0.000000 X264.549196 Y245.617747 Z272.800000 E41.99610417083841104408 F100.000000
; P02 POINT 2808 point-0002808 deposition
G1 A0.000000 C0.000000 X264.548793 Y245.616162 Z272.800000 E41.99621297434733407041 F100.000000
; P02 POINT 2809 point-0002809 deposition
G1 A0.000000 C0.000000 X264.548376 Y245.614580 Z272.800000 E41.99632177785625712910 F100.000000
; P02 POINT 2810 point-0002810 deposition
G1 A0.000000 C0.000000 X264.547947 Y245.613002 Z272.800000 E41.99643058136518018748 F100.000000
; P02 POINT 2811 point-0002811 deposition
G1 A0.000000 C0.000000 X264.547505 Y245.611427 Z272.800000 E41.99653938487410329056 F100.000000
; P02 POINT 2812 point-0002812 deposition
G1 A0.000000 C0.000000 X264.547050 Y245.609856 Z272.800000 E41.99664818838302632852 F100.000000
; P02 POINT 2813 point-0002813 deposition
G1 A0.000000 C0.000000 X264.546582 Y245.608288 Z272.800000 E41.99675699189194941918 F100.000000
; P02 POINT 2814 point-0002814 deposition
G1 A0.000000 C0.000000 X264.546102 Y245.606725 Z272.800000 E41.99686579540087244968 F100.000000
; P02 POINT 2815 point-0002815 deposition
G1 A0.000000 C0.000000 X264.545608 Y245.605166 Z272.800000 E41.99697459890979549858 F100.000000
; P02 POINT 2816 point-0002816 deposition
G1 A0.000000 C0.000000 X264.545102 Y245.603610 Z272.800000 E41.99708340241871855131 F100.000000
; P02 POINT 2817 point-0002817 deposition
G1 A0.000000 C0.000000 X264.544583 Y245.602059 Z272.800000 E41.99719220592764162525 F100.000000
; P02 POINT 2818 point-0002818 deposition
G1 A0.000000 C0.000000 X264.544052 Y245.600512 Z272.800000 E41.99730100943656470845 F100.000000
; P02 POINT 2819 point-0002819 deposition
G1 A0.000000 C0.000000 X264.543508 Y245.598970 Z272.800000 E41.99740981294548774208 F100.000000
; P02 POINT 2820 point-0002820 deposition
G1 A0.000000 C0.000000 X264.047973 Y244.212377 Z272.800000 E42.09535949942591016208 F100.000000
; P02 POINT 2821 point-0002821 deposition
G1 A0.000000 C0.000000 X264.047416 Y244.210839 Z272.800000 E42.09546831793975956074 F100.000000
; P02 POINT 2822 point-0002822 deposition
G1 A0.000000 C0.000000 X264.046847 Y244.209305 Z272.800000 E42.09557713645360898762 F100.000000
; P02 POINT 2823 point-0002823 deposition
G1 A0.000000 C0.000000 X264.046265 Y244.207776 Z272.800000 E42.09568595496745838189 F100.000000
; P02 POINT 2824 point-0002824 deposition
G1 A0.000000 C0.000000 X264.045670 Y244.206252 Z272.800000 E42.09579477348130782182 F100.000000
; P02 POINT 2825 point-0002825 deposition
G1 A0.000000 C0.000000 X264.045063 Y244.204733 Z272.800000 E42.09590359199515722674 F100.000000
; P02 POINT 2826 point-0002826 deposition
G1 A0.000000 C0.000000 X264.044444 Y244.203219 Z272.800000 E42.09601241050900660735 F100.000000
; P02 POINT 2827 point-0002827 deposition
G1 A0.000000 C0.000000 X264.043813 Y244.201710 Z272.800000 E42.09612122902285607915 F100.000000
; P02 POINT 2828 point-0002828 deposition
G1 A0.000000 C0.000000 X264.043169 Y244.200206 Z272.800000 E42.09623004753670546012 F100.000000
; P02 POINT 2829 point-0002829 deposition
G1 A0.000000 C0.000000 X264.042513 Y244.198708 Z272.800000 E42.09633886605055489247 F100.000000
; P02 POINT 2830 point-0002830 deposition
G1 A0.000000 C0.000000 X264.041844 Y244.197215 Z272.800000 E42.09644768456440432172 F100.000000
; P02 POINT 2831 point-0002831 deposition
G1 A0.000000 C0.000000 X264.041163 Y244.195727 Z272.800000 E42.09655650307825373125 F100.000000
; P02 POINT 2832 point-0002832 deposition
G1 A0.000000 C0.000000 X264.040471 Y244.194245 Z272.800000 E42.09666532159210316176 F100.000000
; P02 POINT 2833 point-0002833 deposition
G1 A0.000000 C0.000000 X263.411439 Y242.862880 Z272.800000 E42.19461546337895550176 F100.000000
; P02 POINT 2834 point-0002834 deposition
G1 A0.000000 C0.000000 X263.410734 Y242.861404 Z272.800000 E42.19472429580267391111 F100.000000
; P02 POINT 2835 point-0002835 deposition
G1 A0.000000 C0.000000 X263.410017 Y242.859933 Z272.800000 E42.19483312822639236734 F100.000000
; P02 POINT 2836 point-0002836 deposition
G1 A0.000000 C0.000000 X263.409288 Y242.858468 Z272.800000 E42.19494196065011081118 F100.000000
; P02 POINT 2837 point-0002837 deposition
G1 A0.000000 C0.000000 X263.408547 Y242.857010 Z272.800000 E42.19505079307382922458 F100.000000
; P02 POINT 2838 point-0002838 deposition
G1 A0.000000 C0.000000 X263.407794 Y242.855557 Z272.800000 E42.19515962549754770847 F100.000000
; P02 POINT 2839 point-0002839 deposition
G1 A0.000000 C0.000000 X263.407029 Y242.854111 Z272.800000 E42.19526845792126613468 F100.000000
; P02 POINT 2840 point-0002840 deposition
G1 A0.000000 C0.000000 X263.406253 Y242.852671 Z272.800000 E42.19537729034498460053 F100.000000
; P02 POINT 2841 point-0002841 deposition
G1 A0.000000 C0.000000 X263.405465 Y242.851237 Z272.800000 E42.19548612276870306878 F100.000000
; P02 POINT 2842 point-0002842 deposition
G1 A0.000000 C0.000000 X263.404665 Y242.849810 Z272.800000 E42.19559495519242148856 F100.000000
; P02 POINT 2843 point-0002843 deposition
G1 A0.000000 C0.000000 X263.403853 Y242.848389 Z272.800000 E42.19570378761613991477 F100.000000
; P02 POINT 2844 point-0002844 deposition
G1 A0.000000 C0.000000 X263.403030 Y242.846976 Z272.800000 E42.19581262003985835712 F100.000000
; P02 POINT 2845 point-0002845 deposition
G1 A0.000000 C0.000000 X263.402195 Y242.845568 Z272.800000 E42.19592145246357679825 F100.000000
; P02 POINT 2846 point-0002846 deposition
G1 A0.000000 C0.000000 X262.645710 Y241.582267 Z272.800000 E42.29387127429810925825 F100.000000
; P02 POINT 2847 point-0002847 deposition
G1 A0.000000 C0.000000 X262.644864 Y241.580867 Z272.800000 E42.29398011948745748033 F100.000000
; P02 POINT 2848 point-0002848 deposition
G1 A0.000000 C0.000000 X262.644006 Y241.579473 Z272.800000 E42.29408896467680557733 F100.000000
; P02 POINT 2849 point-0002849 deposition
G1 A0.000000 C0.000000 X262.643137 Y241.578087 Z272.800000 E42.29419780986615366335 F100.000000
; P02 POINT 2850 point-0002850 deposition
G1 A0.000000 C0.000000 X262.642256 Y241.576708 Z272.800000 E42.29430665505550171160 F100.000000
; P02 POINT 2851 point-0002851 deposition
G1 A0.000000 C0.000000 X262.641365 Y241.575336 Z272.800000 E42.29441550024484981808 F100.000000
; P02 POINT 2852 point-0002852 deposition
G1 A0.000000 C0.000000 X262.640462 Y241.573971 Z272.800000 E42.29452434543419794968 F100.000000
; P02 POINT 2853 point-0002853 deposition
G1 A0.000000 C0.000000 X262.639548 Y241.572614 Z272.800000 E42.29463319062354610618 F100.000000
; P02 POINT 2854 point-0002854 deposition
G1 A0.000000 C0.000000 X262.638623 Y241.571264 Z272.800000 E42.29474203581289420214 F100.000000
; P02 POINT 2855 point-0002855 deposition
G1 A0.000000 C0.000000 X262.637686 Y241.569922 Z272.800000 E42.29485088100224227618 F100.000000
; P02 POINT 2856 point-0002856 deposition
G1 A0.000000 C0.000000 X262.636739 Y241.568588 Z272.800000 E42.29495972619159039734 F100.000000
; P02 POINT 2857 point-0002857 deposition
G1 A0.000000 C0.000000 X262.635781 Y241.567261 Z272.800000 E42.29506857138093853631 F100.000000
; P02 POINT 2858 point-0002858 deposition
G1 A0.000000 C0.000000 X262.634813 Y241.565943 Z272.800000 E42.29517741657028662459 F100.000000
; P02 POINT 2859 point-0002859 deposition
G1 A0.000000 C0.000000 X261.758141 Y240.382871 Z272.800000 E42.39312752130092432459 F100.000000
; P02 POINT 2860 point-0002860 deposition
G1 A0.000000 C0.000000 X261.757161 Y240.381560 Z272.800000 E42.39323637771309586994 F100.000000
; P02 POINT 2861 point-0002861 deposition
G1 A0.000000 C0.000000 X261.756171 Y240.380257 Z272.800000 E42.39334523412526743864 F100.000000
; P02 POINT 2862 point-0002862 deposition
G1 A0.000000 C0.000000 X261.755170 Y240.378963 Z272.800000 E42.39345409053743901065 F100.000000
; P02 POINT 2863 point-0002863 deposition
G1 A0.000000 C0.000000 X261.754158 Y240.377676 Z272.800000 E42.39356294694961058778 F100.000000
; P02 POINT 2864 point-0002864 deposition
G1 A0.000000 C0.000000 X261.753136 Y240.376398 Z272.800000 E42.39367180336178208707 F100.000000
; P02 POINT 2865 point-0002865 deposition
G1 A0.000000 C0.000000 X261.752104 Y240.375129 Z272.800000 E42.39378065977395368235 F100.000000
; P02 POINT 2866 point-0002866 deposition
G1 A0.000000 C0.000000 X261.751061 Y240.373868 Z272.800000 E42.39388951618612519547 F100.000000
; P02 POINT 2867 point-0002867 deposition
G1 A0.000000 C0.000000 X261.750008 Y240.372615 Z272.800000 E42.39399837259829681867 F100.000000
; P02 POINT 2868 point-0002868 deposition
G1 A0.000000 C0.000000 X261.748945 Y240.371371 Z272.800000 E42.39410722901046842357 F100.000000
; P02 POINT 2869 point-0002869 deposition
G1 A0.000000 C0.000000 X261.747871 Y240.370136 Z272.800000 E42.39421608542263991691 F100.000000
; P02 POINT 2870 point-0002870 deposition
G1 A0.000000 C0.000000 X261.746788 Y240.368910 Z272.800000 E42.39432494183481147049 F100.000000
; P02 POINT 2871 point-0002871 deposition
G1 A0.000000 C0.000000 X261.745694 Y240.367692 Z272.800000 E42.39443379824698314117 F100.000000
; P02 POINT 2872 point-0002872 deposition
G1 A0.000000 C0.000000 X260.757280 Y239.276269 Z272.800000 E42.49238290645418597117 F100.000000
; P02 POINT 2873 point-0002873 deposition
G1 A0.000000 C0.000000 X260.756176 Y239.275060 Z272.800000 E42.49249177271727591081 F100.000000
; P02 POINT 2874 point-0002874 deposition
G1 A0.000000 C0.000000 X260.755063 Y239.273861 Z272.800000 E42.49260063898036597385 F100.000000
; P02 POINT 2875 point-0002875 deposition
G1 A0.000000 C0.000000 X260.753940 Y239.272670 Z272.800000 E42.49270950524345599589 F100.000000
; P02 POINT 2876 point-0002876 deposition
G1 A0.000000 C0.000000 X260.752807 Y239.271489 Z272.800000 E42.49281837150654604139 F100.000000
; P02 POINT 2877 point-0002877 deposition
G1 A0.000000 C0.000000 X260.751664 Y239.270317 Z272.800000 E42.49292723776963607857 F100.000000
; P02 POINT 2878 point-0002878 deposition
G1 A0.000000 C0.000000 X260.750512 Y239.269155 Z272.800000 E42.49303610403272610198 F100.000000
; P02 POINT 2879 point-0002879 deposition
G1 A0.000000 C0.000000 X260.749351 Y239.268002 Z272.800000 E42.49314497029581608496 F100.000000
; P02 POINT 2880 point-0002880 deposition
G1 A0.000000 C0.000000 X260.748180 Y239.266859 Z272.800000 E42.49325383655890615219 F100.000000
; P02 POINT 2881 point-0002881 deposition
G1 A0.000000 C0.000000 X260.747000 Y239.265725 Z272.800000 E42.49336270282199615874 F100.000000
; P02 POINT 2882 point-0002882 deposition
G1 A0.000000 C0.000000 X260.745810 Y239.264601 Z272.800000 E42.49347156908508624244 F100.000000
; P02 POINT 2883 point-0002883 deposition
G1 A0.000000 C0.000000 X260.744611 Y239.263486 Z272.800000 E42.49358043534817622954 F100.000000
; P02 POINT 2884 point-0002884 deposition
G1 A0.000000 C0.000000 X260.743404 Y239.262382 Z272.800000 E42.49368930161126627959 F100.000000
; P02 POINT 2885 point-0002885 deposition
G1 A0.000000 C0.000000 X259.652751 Y238.273119 Z272.800000 E42.59163835083838870959 F100.000000
; P02 POINT 2886 point-0002886 deposition
G1 A0.000000 C0.000000 X259.651534 Y238.272024 Z272.800000 E42.59174722697830276113 F100.000000
; P02 POINT 2887 point-0002887 deposition
G1 A0.000000 C0.000000 X259.650308 Y238.270940 Z272.800000 E42.59185610311821682511 F100.000000
; P02 POINT 2888 point-0002888 deposition
G1 A0.000000 C0.000000 X259.649074 Y238.269865 Z272.800000 E42.59196497925813095133 F100.000000
; P02 POINT 2889 point-0002889 deposition
G1 A0.000000 C0.000000 X259.647830 Y238.268801 Z272.800000 E42.59207385539804504529 F100.000000
; P02 POINT 2890 point-0002890 deposition
G1 A0.000000 C0.000000 X259.646578 Y238.267746 Z272.800000 E42.59218273153795911475 F100.000000
; P02 POINT 2891 point-0002891 deposition
G1 A0.000000 C0.000000 X259.645318 Y238.266702 Z272.800000 E42.59229160767787329108 F100.000000
; P02 POINT 2892 point-0002892 deposition
G1 A0.000000 C0.000000 X259.644049 Y238.265669 Z272.800000 E42.59240048381778732980 F100.000000
; P02 POINT 2893 point-0002893 deposition
G1 A0.000000 C0.000000 X259.642771 Y238.264646 Z272.800000 E42.59250935995770144443 F100.000000
; P02 POINT 2894 point-0002894 deposition
G1 A0.000000 C0.000000 X259.641485 Y238.263633 Z272.800000 E42.59261823609761551738 F100.000000
; P02 POINT 2895 point-0002895 deposition
G1 A0.000000 C0.000000 X259.640191 Y238.262631 Z272.800000 E42.59272711223752958321 F100.000000
; P02 POINT 2896 point-0002896 deposition
G1 A0.000000 C0.000000 X259.638889 Y238.261639 Z272.800000 E42.59283598837744370383 F100.000000
; P02 POINT 2897 point-0002897 deposition
G1 A0.000000 C0.000000 X259.637579 Y238.260658 Z272.800000 E42.59294486451735784489 F100.000000
; P02 POINT 2898 point-0002898 deposition
G1 A0.000000 C0.000000 X258.455169 Y237.383084 Z272.800000 E42.69089537525569138489 F100.000000
; P02 POINT 2899 point-0002899 deposition
G1 A0.000000 C0.000000 X258.453850 Y237.382113 Z272.800000 E42.69100426580261331724 F100.000000
; P02 POINT 2900 point-0002900 deposition
G1 A0.000000 C0.000000 X258.452524 Y237.381154 Z272.800000 E42.69111315634953531772 F100.000000
; P02 POINT 2901 point-0002901 deposition
G1 A0.000000 C0.000000 X258.451190 Y237.380206 Z272.800000 E42.69122204689645723957 F100.000000
; P02 POINT 2902 point-0002902 deposition
G1 A0.000000 C0.000000 X258.449848 Y237.379268 Z272.800000 E42.69133093744337922150 F100.000000
; P02 POINT 2903 point-0002903 deposition
G1 A0.000000 C0.000000 X258.448499 Y237.378342 Z272.800000 E42.69143982799030129850 F100.000000
; P02 POINT 2904 point-0002904 deposition
G1 A0.000000 C0.000000 X258.447142 Y237.377426 Z272.800000 E42.69154871853722323436 F100.000000
; P02 POINT 2905 point-0002905 deposition
G1 A0.000000 C0.000000 X258.445777 Y237.376522 Z272.800000 E42.69165760908414522710 F100.000000
; P02 POINT 2906 point-0002906 deposition
G1 A0.000000 C0.000000 X258.444405 Y237.375629 Z272.800000 E42.69176649963106723356 F100.000000
; P02 POINT 2907 point-0002907 deposition
G1 A0.000000 C0.000000 X258.443026 Y237.374747 Z272.800000 E42.69187539017798923870 F100.000000
; P02 POINT 2908 point-0002908 deposition
G1 A0.000000 C0.000000 X258.441640 Y237.373876 Z272.800000 E42.69198428072491112732 F100.000000
; P02 POINT 2909 point-0002909 deposition
G1 A0.000000 C0.000000 X258.440246 Y237.373017 Z272.800000 E42.69209317127183316694 F100.000000
; P02 POINT 2910 point-0002910 deposition
G1 A0.000000 C0.000000 X258.438846 Y237.372169 Z272.800000 E42.69220206181875511042 F100.000000
; P02 POINT 2911 point-0002911 deposition
G1 A0.000000 C0.000000 X257.175948 Y236.614691 Z272.800000 E42.79016284889046809042 F100.000000
; P02 POINT 2912 point-0002912 deposition
G1 A0.000000 C0.000000 X257.174540 Y236.613855 Z272.800000 E42.79027175151660650813 F100.000000
; P02 POINT 2913 point-0002913 deposition
G1 A0.000000 C0.000000 X257.173126 Y236.613030 Z272.800000 E42.79038065414274493688 F100.000000
; P02 POINT 2914 point-0002914 deposition
G1 A0.000000 C0.000000 X257.171705 Y236.612217 Z272.800000 E42.79048955676888333079 F100.000000
; P02 POINT 2915 point-0002915 deposition
G1 A0.000000 C0.000000 X257.170278 Y236.611415 Z272.800000 E42.79059845939502176331 F100.000000
; P02 POINT 2916 point-0002916 deposition
G1 A0.000000 C0.000000 X257.168844 Y236.610626 Z272.800000 E42.79070736202116015449 F100.000000
; P02 POINT 2917 point-0002917 deposition
G1 A0.000000 C0.000000 X257.167403 Y236.609848 Z272.800000 E42.79081626464729861230 F100.000000
; P02 POINT 2918 point-0002918 deposition
G1 A0.000000 C0.000000 X257.165957 Y236.609081 Z272.800000 E42.79092516727343699934 F100.000000
; P02 POINT 2919 point-0002919 deposition
G1 A0.000000 C0.000000 X257.164504 Y236.608327 Z272.800000 E42.79103406989957541908 F100.000000
; P02 POINT 2920 point-0002920 deposition
G1 A0.000000 C0.000000 X257.163044 Y236.607585 Z272.800000 E42.79114297252571384698 F100.000000
; P02 POINT 2921 point-0002921 deposition
G1 A0.000000 C0.000000 X257.161579 Y236.606854 Z272.800000 E42.79125187515185221927 F100.000000
; P02 POINT 2922 point-0002922 deposition
G1 A0.000000 C0.000000 X257.160108 Y236.606136 Z272.800000 E42.79136077777799063202 F100.000000
; P02 POINT 2923 point-0002923 deposition
G1 A0.000000 C0.000000 X257.158631 Y236.605429 Z272.800000 E42.79146968040412910731 F100.000000
; P02 POINT 2924 point-0002924 deposition
G1 A0.000000 C0.000000 X255.827543 Y235.975460 Z272.800000 E42.88942982943318574731 F100.000000
; P02 POINT 2925 point-0002925 deposition
G1 A0.000000 C0.000000 X255.826061 Y235.974765 Z272.800000 E42.88953873525743304785 F100.000000
; P02 POINT 2926 point-0002926 deposition
G1 A0.000000 C0.000000 X255.824572 Y235.974083 Z272.800000 E42.88964764108168048599 F100.000000
; P02 POINT 2927 point-0002927 deposition
G1 A0.000000 C0.000000 X255.823079 Y235.973413 Z272.800000 E42.88975654690592783897 F100.000000
; P02 POINT 2928 point-0002928 deposition
G1 A0.000000 C0.000000 X255.821579 Y235.972756 Z272.800000 E42.88986545273017520913 F100.000000
; P02 POINT 2929 point-0002929 deposition
G1 A0.000000 C0.000000 X255.820075 Y235.972110 Z272.800000 E42.88997435855442259248 F100.000000
; P02 POINT 2930 point-0002930 deposition
G1 A0.000000 C0.000000 X255.818565 Y235.971477 Z272.800000 E42.89008326437866991205 F100.000000
; P02 POINT 2931 point-0002931 deposition
G1 A0.000000 C0.000000 X255.817050 Y235.970857 Z272.800000 E42.89019217020291732729 F100.000000
; P02 POINT 2932 point-0002932 deposition
G1 A0.000000 C0.000000 X255.815530 Y235.970248 Z272.800000 E42.89030107602716471179 F100.000000
; P02 POINT 2933 point-0002933 deposition
G1 A0.000000 C0.000000 X255.814005 Y235.969652 Z272.800000 E42.89040998185141207844 F100.000000
; P02 POINT 2934 point-0002934 deposition
G1 A0.000000 C0.000000 X255.812475 Y235.969069 Z272.800000 E42.89051888767565945488 F100.000000
; P02 POINT 2935 point-0002935 deposition
G1 A0.000000 C0.000000 X255.810941 Y235.968498 Z272.800000 E42.89062779349990683125 F100.000000
; P02 POINT 2936 point-0002936 deposition
G1 A0.000000 C0.000000 X255.809402 Y235.967940 Z272.800000 E42.89073669932415414498 F100.000000
; P02 POINT 2937 point-0002937 deposition
G1 A0.000000 C0.000000 X254.422995 Y235.471569 Z272.800000 E42.98869348762385794498 F100.000000
; P02 POINT 2938 point-0002938 deposition
G1 A0.000000 C0.000000 X254.421451 Y235.471023 Z272.800000 E42.98880239604703251133 F100.000000
; P02 POINT 2939 point-0002939 deposition
G1 A0.000000 C0.000000 X254.419903 Y235.470491 Z272.800000 E42.98891130447020717673 F100.000000
; P02 POINT 2940 point-0002940 deposition
G1 A0.000000 C0.000000 X254.418351 Y235.469970 Z272.800000 E42.98902021289338180107 F100.000000
; P02 POINT 2941 point-0002941 deposition
G1 A0.000000 C0.000000 X254.416794 Y235.469463 Z272.800000 E42.98912912131655638547 F100.000000
; P02 POINT 2942 point-0002942 deposition
G1 A0.000000 C0.000000 X254.415233 Y235.468968 Z272.800000 E42.98923802973973102014 F100.000000
; P02 POINT 2943 point-0002943 deposition
G1 A0.000000 C0.000000 X254.413669 Y235.468486 Z272.800000 E42.98934693816290562239 F100.000000
; P02 POINT 2944 point-0002944 deposition
G1 A0.000000 C0.000000 X254.412100 Y235.468017 Z272.800000 E42.98945584658608024937 F100.000000
; P02 POINT 2945 point-0002945 deposition
G1 A0.000000 C0.000000 X254.410528 Y235.467561 Z272.800000 E42.98956475500925487245 F100.000000
; P02 POINT 2946 point-0002946 deposition
G1 A0.000000 C0.000000 X254.408952 Y235.467117 Z272.800000 E42.98967366343242948954 F100.000000
; P02 POINT 2947 point-0002947 deposition
G1 A0.000000 C0.000000 X254.407372 Y235.466687 Z272.800000 E42.98978257185560409393 F100.000000
; P02 POINT 2948 point-0002948 deposition
G1 A0.000000 C0.000000 X254.405789 Y235.466269 Z272.800000 E42.98989148027877870613 F100.000000
; P02 POINT 2949 point-0002949 deposition
G1 A0.000000 C0.000000 X254.404203 Y235.465865 Z272.800000 E42.99000038870195334573 F100.000000
; P02 POINT 2950 point-0002950 deposition
G1 A0.000000 C0.000000 X252.975786 Y235.107856 Z272.800000 E43.08795797083897282573 F100.000000
; P02 POINT 2951 point-0002951 deposition
G1 A0.000000 C0.000000 X252.974196 Y235.107465 Z272.800000 E43.08806688491539506647 F100.000000
; P02 POINT 2952 point-0002952 deposition
G1 A0.000000 C0.000000 X252.972604 Y235.107086 Z272.800000 E43.08817579899181731767 F100.000000
; P02 POINT 2953 point-0002953 deposition
G1 A0.000000 C0.000000 X252.971008 Y235.106721 Z272.800000 E43.08828471306823954385 F100.000000
; P02 POINT 2954 point-0002954 deposition
G1 A0.000000 C0.000000 X252.969409 Y235.106369 Z272.800000 E43.08839362714466179930 F100.000000
; P02 POINT 2955 point-0002955 deposition
G1 A0.000000 C0.000000 X252.967807 Y235.106029 Z272.800000 E43.08850254122108403690 F100.000000
; P02 POINT 2956 point-0002956 deposition
G1 A0.000000 C0.000000 X252.966202 Y235.105703 Z272.800000 E43.08861145529750628471 F100.000000
; P02 POINT 2957 point-0002957 deposition
G1 A0.000000 C0.000000 X252.964595 Y235.105390 Z272.800000 E43.08872036937392851725 F100.000000
; P02 POINT 2958 point-0002958 deposition
G1 A0.000000 C0.000000 X252.962986 Y235.105090 Z272.800000 E43.08882928345035074949 F100.000000
; P02 POINT 2959 point-0002959 deposition
G1 A0.000000 C0.000000 X252.961374 Y235.104804 Z272.800000 E43.08893819752677298573 F100.000000
; P02 POINT 2960 point-0002960 deposition
G1 A0.000000 C0.000000 X252.959759 Y235.104530 Z272.800000 E43.08904711160319523231 F100.000000
; P02 POINT 2961 point-0002961 deposition
G1 A0.000000 C0.000000 X252.958143 Y235.104270 Z272.800000 E43.08915602567961748607 F100.000000
; P02 POINT 2962 point-0002962 deposition
G1 A0.000000 C0.000000 X252.956524 Y235.104023 Z272.800000 E43.08926493975603969115 F100.000000
; P02 POINT 2963 point-0002963 deposition
G1 A0.000000 C0.000000 X251.499828 Y234.887833 Z272.800000 E43.18722613471186898115 F100.000000
; P02 POINT 2964 point-0002964 deposition
G1 A0.000000 C0.000000 X251.498207 Y234.887599 Z272.800000 E43.18733505050903883941 F100.000000
; P02 POINT 2965 point-0002965 deposition
G1 A0.000000 C0.000000 X251.496585 Y234.887379 Z272.800000 E43.18744396630620871758 F100.000000
; P02 POINT 2966 point-0002966 deposition
G1 A0.000000 C0.000000 X251.494960 Y234.887171 Z272.800000 E43.18755288210337858234 F100.000000
; P02 POINT 2967 point-0002967 deposition
G1 A0.000000 C0.000000 X251.493335 Y234.886977 Z272.800000 E43.18766179790054843203 F100.000000
; P02 POINT 2968 point-0002968 deposition
G1 A0.000000 C0.000000 X251.491707 Y234.886797 Z272.800000 E43.18777071369771830321 F100.000000
; P02 POINT 2969 point-0002969 deposition
G1 A0.000000 C0.000000 X251.490078 Y234.886630 Z272.800000 E43.18787962949488816358 F100.000000
; P02 POINT 2970 point-0002970 deposition
G1 A0.000000 C0.000000 X251.488448 Y234.886476 Z272.800000 E43.18798854529205801702 F100.000000
; P02 POINT 2971 point-0002971 deposition
G1 A0.000000 C0.000000 X251.486817 Y234.886335 Z272.800000 E43.18809746108922789084 F100.000000
; P02 POINT 2972 point-0002972 deposition
G1 A0.000000 C0.000000 X251.485185 Y234.886208 Z272.800000 E43.18820637688639774938 F100.000000
; P02 POINT 2973 point-0002973 deposition
G1 A0.000000 C0.000000 X251.483551 Y234.886094 Z272.800000 E43.18831529268356760666 F100.000000
; P02 POINT 2974 point-0002974 deposition
G1 A0.000000 C0.000000 X251.481917 Y234.885994 Z272.800000 E43.18842420848073747417 F100.000000
; P02 POINT 2975 point-0002975 deposition
G1 A0.000000 C0.000000 X251.480282 Y234.885907 Z272.800000 E43.18853312427790734119 F100.000000
; P02 POINT 2976 point-0002976 deposition
G1 A0.000000 C0.000000 X250.009455 Y234.813638 Z272.800000 E43.28649097028563519119 F100.000000
; P02 POINT 2977 point-0002977 deposition
G1 A0.000000 C0.000000 X250.007819 Y234.813564 Z272.800000 E43.28659988126020340278 F100.000000
; P02 POINT 2978 point-0002978 deposition
G1 A0.000000 C0.000000 X250.006183 Y234.813504 Z272.800000 E43.28670879223477161084 F100.000000
; P02 POINT 2979 point-0002979 deposition
G1 A0.000000 C0.000000 X250.004547 Y234.813457 Z272.800000 E43.28681770320933982278 F100.000000
; P02 POINT 2980 point-0002980 deposition
G1 A0.000000 C0.000000 X250.002910 Y234.813423 Z272.800000 E43.28692661418390803476 F100.000000
; P02 POINT 2981 point-0002981 deposition
G1 A0.000000 C0.000000 X250.001273 Y234.813403 Z272.800000 E43.28703552515847624679 F100.000000
; P02 POINT 2982 point-0002982 deposition
G1 A0.000000 C0.000000 X249.999635 Y234.813397 Z272.800000 E43.28714443613304446175 F100.000000
; P02 POINT 2983 point-0002983 deposition
G1 A0.000000 C0.000000 X249.997998 Y234.813403 Z272.800000 E43.28725334710761267340 F100.000000
; P02 POINT 2984 point-0002984 deposition
G1 A0.000000 C0.000000 X249.996361 Y234.813424 Z272.800000 E43.28736225808218088551 F100.000000
; P02 POINT 2985 point-0002985 deposition
G1 A0.000000 C0.000000 X249.994724 Y234.813457 Z272.800000 E43.28747116905674909625 F100.000000
; P02 POINT 2986 point-0002986 deposition
G1 A0.000000 C0.000000 X249.993088 Y234.813504 Z272.800000 E43.28758008003131730992 F100.000000
; P02 POINT 2987 point-0002987 deposition
G1 A0.000000 C0.000000 X249.991451 Y234.813564 Z272.800000 E43.28768899100588552123 F100.000000
; P02 POINT 2988 point-0002988 deposition
G1 A0.000000 C0.000000 X249.989816 Y234.813638 Z272.800000 E43.28779790198045373107 F100.000000
; P02 POINT 2989 point-0002989 deposition
G1 A0.000000 C0.000000 X248.519091 Y234.885968 Z272.800000 E43.38574916770396003107 F100.000000
; P02 POINT 2990 point-0002990 deposition
G1 A0.000000 C0.000000 X248.517456 Y234.886055 Z272.800000 E43.38585807448486259226 F100.000000
; P02 POINT 2991 point-0002991 deposition
G1 A0.000000 C0.000000 X248.515822 Y234.886156 Z272.800000 E43.38596698126576515298 F100.000000
; P02 POINT 2992 point-0002992 deposition
G1 A0.000000 C0.000000 X248.514189 Y234.886270 Z272.800000 E43.38607588804666771879 F100.000000
; P02 POINT 2993 point-0002993 deposition
G1 A0.000000 C0.000000 X248.512556 Y234.886397 Z272.800000 E43.38618479482757027771 F100.000000
; P02 POINT 2994 point-0002994 deposition
G1 A0.000000 C0.000000 X248.510925 Y234.886537 Z272.800000 E43.38629370160847284014 F100.000000
; P02 POINT 2995 point-0002995 deposition
G1 A0.000000 C0.000000 X248.509295 Y234.886691 Z272.800000 E43.38640260838937541068 F100.000000
; P02 POINT 2996 point-0002996 deposition
G1 A0.000000 C0.000000 X248.507667 Y234.886859 Z272.800000 E43.38651151517027797697 F100.000000
; P02 POINT 2997 point-0002997 deposition
G1 A0.000000 C0.000000 X248.506039 Y234.887039 Z272.800000 E43.38662042195118054982 F100.000000
; P02 POINT 2998 point-0002998 deposition
G1 A0.000000 C0.000000 X248.504414 Y234.887233 Z272.800000 E43.38672932873208311312 F100.000000
; P02 POINT 2999 point-0002999 deposition
G1 A0.000000 C0.000000 X248.502790 Y234.887440 Z272.800000 E43.38683823551298565977 F100.000000
; P02 POINT 3000 point-0003000 deposition
G1 A0.000000 C0.000000 X248.501167 Y234.887661 Z272.800000 E43.38694714229388822437 F100.000000
; P02 POINT 3001 point-0003001 deposition
G1 A0.000000 C0.000000 X248.499547 Y234.887895 Z272.800000 E43.38705604907479079956 F100.000000
; P02 POINT 3002 point-0003002 deposition
G1 A0.000000 C0.000000 X247.043004 Y235.104117 Z272.800000 E43.48500746193560162956 F100.000000
; P02 POINT 3003 point-0003003 deposition
G1 A0.000000 C0.000000 X247.041385 Y235.104364 Z272.800000 E43.48511636671019732239 F100.000000
; P02 POINT 3004 point-0003004 deposition
G1 A0.000000 C0.000000 X247.039769 Y235.104624 Z272.800000 E43.48522527148479299921 F100.000000
; P02 POINT 3005 point-0003005 deposition
G1 A0.000000 C0.000000 X247.038155 Y235.104897 Z272.800000 E43.48533417625938869916 F100.000000
; P02 POINT 3006 point-0003006 deposition
G1 A0.000000 C0.000000 X247.036543 Y235.105184 Z272.800000 E43.48544308103398439560 F100.000000
; P02 POINT 3007 point-0003007 deposition
G1 A0.000000 C0.000000 X247.034933 Y235.105484 Z272.800000 E43.48555198580858010927 F100.000000
; P02 POINT 3008 point-0003008 deposition
G1 A0.000000 C0.000000 X247.033326 Y235.105797 Z272.800000 E43.48566089058317577246 F100.000000
; P02 POINT 3009 point-0003009 deposition
G1 A0.000000 C0.000000 X247.031722 Y235.106123 Z272.800000 E43.48576979535777148050 F100.000000
; P02 POINT 3010 point-0003010 deposition
G1 A0.000000 C0.000000 X247.030120 Y235.106462 Z272.800000 E43.48587870013236716531 F100.000000
; P02 POINT 3011 point-0003011 deposition
G1 A0.000000 C0.000000 X247.028522 Y235.106815 Z272.800000 E43.48598760490696285692 F100.000000
; P02 POINT 3012 point-0003012 deposition
G1 A0.000000 C0.000000 X247.026926 Y235.107180 Z272.800000 E43.48609650968155854860 F100.000000
; P02 POINT 3013 point-0003013 deposition
G1 A0.000000 C0.000000 X247.025333 Y235.107559 Z272.800000 E43.48620541445615422267 F100.000000
; P02 POINT 3014 point-0003014 deposition
G1 A0.000000 C0.000000 X247.023743 Y235.107950 Z272.800000 E43.48631431923074994040 F100.000000
; P02 POINT 3015 point-0003015 deposition
G1 A0.000000 C0.000000 X245.595435 Y235.465975 Z272.800000 E43.58426519320821353040 F100.000000
; P02 POINT 3016 point-0003016 deposition
G1 A0.000000 C0.000000 X245.593849 Y235.466379 Z272.800000 E43.58437409530221077987 F100.000000
; P02 POINT 3017 point-0003017 deposition
G1 A0.000000 C0.000000 X245.592266 Y235.466797 Z272.800000 E43.58448299739620800518 F100.000000
; P02 POINT 3018 point-0003018 deposition
G1 A0.000000 C0.000000 X245.590686 Y235.467227 Z272.800000 E43.58459189949020520250 F100.000000
; P02 POINT 3019 point-0003019 deposition
G1 A0.000000 C0.000000 X245.589110 Y235.467671 Z272.800000 E43.58470080158420243624 F100.000000
; P02 POINT 3020 point-0003020 deposition
G1 A0.000000 C0.000000 X245.587538 Y235.468127 Z272.800000 E43.58480970367819963642 F100.000000
; P02 POINT 3021 point-0003021 deposition
G1 A0.000000 C0.000000 X245.585969 Y235.468596 Z272.800000 E43.58491860577219688249 F100.000000
; P02 POINT 3022 point-0003022 deposition
G1 A0.000000 C0.000000 X245.584405 Y235.469078 Z272.800000 E43.58502750786619406949 F100.000000
; P02 POINT 3023 point-0003023 deposition
G1 A0.000000 C0.000000 X245.582844 Y235.469573 Z272.800000 E43.58513640996019132987 F100.000000
; P02 POINT 3024 point-0003024 deposition
G1 A0.000000 C0.000000 X245.581288 Y235.470080 Z272.800000 E43.58524531205418846972 F100.000000
; P02 POINT 3025 point-0003025 deposition
G1 A0.000000 C0.000000 X245.579735 Y235.470600 Z272.800000 E43.58535421414818569077 F100.000000
; P02 POINT 3026 point-0003026 deposition
G1 A0.000000 C0.000000 X245.578188 Y235.471133 Z272.800000 E43.58546311624218295340 F100.000000
; P02 POINT 3027 point-0003027 deposition
G1 A0.000000 C0.000000 X245.576644 Y235.471679 Z272.800000 E43.58557201833618015248 F100.000000
; P02 POINT 3028 point-0003028 deposition
G1 A0.000000 C0.000000 X244.190317 Y235.968057 Z272.800000 E43.68352393372076883248 F100.000000
; P02 POINT 3029 point-0003029 deposition
G1 A0.000000 C0.000000 X244.188778 Y235.968615 Z272.800000 E43.68363283101435356993 F100.000000
; P02 POINT 3030 point-0003030 deposition
G1 A0.000000 C0.000000 X244.187244 Y235.969185 Z272.800000 E43.68374172830793835528 F100.000000
; P02 POINT 3031 point-0003031 deposition
G1 A0.000000 C0.000000 X244.185714 Y235.969769 Z272.800000 E43.68385062560152304702 F100.000000
; P02 POINT 3032 point-0003032 deposition
G1 A0.000000 C0.000000 X244.184190 Y235.970365 Z272.800000 E43.68395952289510785383 F100.000000
; P02 POINT 3033 point-0003033 deposition
G1 A0.000000 C0.000000 X244.182670 Y235.970973 Z272.800000 E43.68406842018869256199 F100.000000
; P02 POINT 3034 point-0003034 deposition
G1 A0.000000 C0.000000 X244.181155 Y235.971593 Z272.800000 E43.68417731748227734507 F100.000000
; P02 POINT 3035 point-0003035 deposition
G1 A0.000000 C0.000000 X244.179645 Y235.972226 Z272.800000 E43.68428621477586204273 F100.000000
; P02 POINT 3036 point-0003036 deposition
G1 A0.000000 C0.000000 X244.178141 Y235.972872 Z272.800000 E43.68439511206944680391 F100.000000
; P02 POINT 3037 point-0003037 deposition
G1 A0.000000 C0.000000 X244.176642 Y235.973529 Z272.800000 E43.68450400936303153763 F100.000000
; P02 POINT 3038 point-0003038 deposition
G1 A0.000000 C0.000000 X244.175148 Y235.974199 Z272.800000 E43.68461290665661632779 F100.000000
; P02 POINT 3039 point-0003039 deposition
G1 A0.000000 C0.000000 X244.173660 Y235.974881 Z272.800000 E43.68472180395020104359 F100.000000
; P02 POINT 3040 point-0003040 deposition
G1 A0.000000 C0.000000 X244.172177 Y235.975576 Z272.800000 E43.68483070124378577340 F100.000000
; P02 POINT 3041 point-0003041 deposition
G1 A0.000000 C0.000000 X242.841239 Y236.605498 Z272.800000 E43.78278048765182595340 F100.000000
; P02 POINT 3042 point-0003042 deposition
G1 A0.000000 C0.000000 X242.839762 Y236.606205 Z272.800000 E43.78288937788752395406 F100.000000
; P02 POINT 3043 point-0003043 deposition
G1 A0.000000 C0.000000 X242.838292 Y236.606923 Z272.800000 E43.78299826812322189513 F100.000000
; P02 POINT 3044 point-0003044 deposition
G1 A0.000000 C0.000000 X242.836827 Y236.607653 Z272.800000 E43.78310715835891987336 F100.000000
; P02 POINT 3045 point-0003045 deposition
G1 A0.000000 C0.000000 X242.835368 Y236.608396 Z272.800000 E43.78321604859461783656 F100.000000
; P02 POINT 3046 point-0003046 deposition
G1 A0.000000 C0.000000 X242.833915 Y236.609150 Z272.800000 E43.78332493883031578200 F100.000000
; P02 POINT 3047 point-0003047 deposition
G1 A0.000000 C0.000000 X242.832468 Y236.609916 Z272.800000 E43.78343382906601381286 F100.000000
; P02 POINT 3048 point-0003048 deposition
G1 A0.000000 C0.000000 X242.831028 Y236.610694 Z272.800000 E43.78354271930171175853 F100.000000
; P02 POINT 3049 point-0003049 deposition
G1 A0.000000 C0.000000 X242.829594 Y236.611484 Z272.800000 E43.78365160953740972996 F100.000000
; P02 POINT 3050 point-0003050 deposition
G1 A0.000000 C0.000000 X242.828167 Y236.612285 Z272.800000 E43.78376049977310771424 F100.000000
; P02 POINT 3051 point-0003051 deposition
G1 A0.000000 C0.000000 X242.826746 Y236.613098 Z272.800000 E43.78386939000880568134 F100.000000
; P02 POINT 3052 point-0003052 deposition
G1 A0.000000 C0.000000 X242.825332 Y236.613923 Z272.800000 E43.78397828024450362275 F100.000000
; P02 POINT 3053 point-0003053 deposition
G1 A0.000000 C0.000000 X242.823925 Y236.614759 Z272.800000 E43.78408717048020162604 F100.000000
; P02 POINT 3054 point-0003054 deposition
G1 A0.000000 C0.000000 X241.561182 Y237.372150 Z272.800000 E43.88203610567418924604 F100.000000
; P02 POINT 3055 point-0003055 deposition
G1 A0.000000 C0.000000 X241.559782 Y237.372998 Z272.800000 E43.88214498889499054438 F100.000000
; P02 POINT 3056 point-0003056 deposition
G1 A0.000000 C0.000000 X241.558389 Y237.373857 Z272.800000 E43.88225387211579181873 F100.000000
; P02 POINT 3057 point-0003057 deposition
G1 A0.000000 C0.000000 X241.557002 Y237.374728 Z272.800000 E43.88236275533659303584 F100.000000
; P02 POINT 3058 point-0003058 deposition
G1 A0.000000 C0.000000 X241.555623 Y237.375610 Z272.800000 E43.88247163855739431883 F100.000000
; P02 POINT 3059 point-0003059 deposition
G1 A0.000000 C0.000000 X241.554252 Y237.376503 Z272.800000 E43.88258052177819556869 F100.000000
; P02 POINT 3060 point-0003060 deposition
G1 A0.000000 C0.000000 X241.552887 Y237.377407 Z272.800000 E43.88268940499899676077 F100.000000
; P02 POINT 3061 point-0003061 deposition
G1 A0.000000 C0.000000 X241.551530 Y237.378322 Z272.800000 E43.88279828821979810802 F100.000000
; P02 POINT 3062 point-0003062 deposition
G1 A0.000000 C0.000000 X241.550181 Y237.379249 Z272.800000 E43.88290717144059931605 F100.000000
; P02 POINT 3063 point-0003063 deposition
G1 A0.000000 C0.000000 X241.548839 Y237.380186 Z272.800000 E43.88301605466140060869 F100.000000
; P02 POINT 3064 point-0003064 deposition
G1 A0.000000 C0.000000 X241.547505 Y237.381135 Z272.800000 E43.88312493788220186569 F100.000000
; P02 POINT 3065 point-0003065 deposition
G1 A0.000000 C0.000000 X241.546179 Y237.382094 Z272.800000 E43.88323382110300310506 F100.000000
; P02 POINT 3066 point-0003066 deposition
G1 A0.000000 C0.000000 X241.544860 Y237.383064 Z272.800000 E43.88334270432380436891 F100.000000
; P02 POINT 3067 point-0003067 deposition
G1 A0.000000 C0.000000 X240.362465 Y238.260622 Z272.800000 E43.98129178394294008891 F100.000000
; P02 POINT 3068 point-0003068 deposition
G1 A0.000000 C0.000000 X240.361155 Y238.261603 Z272.800000 E43.98140065930813176662 F100.000000
; P02 POINT 3069 point-0003069 deposition
G1 A0.000000 C0.000000 X240.359853 Y238.262595 Z272.800000 E43.98150953467332346086 F100.000000
; P02 POINT 3070 point-0003070 deposition
G1 A0.000000 C0.000000 X240.358559 Y238.263597 Z272.800000 E43.98161841003851517683 F100.000000
; P02 POINT 3071 point-0003071 deposition
G1 A0.000000 C0.000000 X240.357273 Y238.264610 Z272.800000 E43.98172728540370689479 F100.000000
; P02 POINT 3072 point-0003072 deposition
G1 A0.000000 C0.000000 X240.355995 Y238.265633 Z272.800000 E43.98183616076889859389 F100.000000
; P02 POINT 3073 point-0003073 deposition
G1 A0.000000 C0.000000 X240.354726 Y238.266666 Z272.800000 E43.98194503613409039715 F100.000000
; P02 POINT 3074 point-0003074 deposition
G1 A0.000000 C0.000000 X240.353466 Y238.267710 Z272.800000 E43.98205391149928211580 F100.000000
; P02 POINT 3075 point-0003075 deposition
G1 A0.000000 C0.000000 X240.352214 Y238.268765 Z272.800000 E43.98216278686447382057 F100.000000
; P02 POINT 3076 point-0003076 deposition
G1 A0.000000 C0.000000 X240.350970 Y238.269829 Z272.800000 E43.98227166222966550914 F100.000000
; P02 POINT 3077 point-0003077 deposition
G1 A0.000000 C0.000000 X240.349736 Y238.270904 Z272.800000 E43.98238053759485724213 F100.000000
; P02 POINT 3078 point-0003078 deposition
G1 A0.000000 C0.000000 X240.348510 Y238.271988 Z272.800000 E43.98248941296004895100 F100.000000
; P02 POINT 3079 point-0003079 deposition
G1 A0.000000 C0.000000 X240.347293 Y238.273083 Z272.800000 E43.98259828832524071351 F100.000000
; P02 POINT 3080 point-0003080 deposition
G1 A0.000000 C0.000000 X239.256636 Y239.262343 Z272.800000 E44.08054742153912764351 F100.000000
; P02 POINT 3081 point-0003081 deposition
G1 A0.000000 C0.000000 X239.255428 Y239.263447 Z272.800000 E44.08065628789600345109 F100.000000
; P02 POINT 3082 point-0003082 deposition
G1 A0.000000 C0.000000 X239.254229 Y239.264561 Z272.800000 E44.08076515425287915586 F100.000000
; P02 POINT 3083 point-0003083 deposition
G1 A0.000000 C0.000000 X239.253040 Y239.265686 Z272.800000 E44.08087402060975486594 F100.000000
; P02 POINT 3084 point-0003084 deposition
G1 A0.000000 C0.000000 X239.251860 Y239.266819 Z272.800000 E44.08098288696663069594 F100.000000
; P02 POINT 3085 point-0003085 deposition
G1 A0.000000 C0.000000 X239.250689 Y239.267963 Z272.800000 E44.08109175332350644285 F100.000000
; P02 POINT 3086 point-0003086 deposition
G1 A0.000000 C0.000000 X239.249527 Y239.269116 Z272.800000 E44.08120061968038227038 F100.000000
; P02 POINT 3087 point-0003087 deposition
G1 A0.000000 C0.000000 X239.248375 Y239.270278 Z272.800000 E44.08130948603725799214 F100.000000
; P02 POINT 3088 point-0003088 deposition
G1 A0.000000 C0.000000 X239.247233 Y239.271450 Z272.800000 E44.08141835239413374166 F100.000000
; P02 POINT 3089 point-0003089 deposition
G1 A0.000000 C0.000000 X239.246100 Y239.272631 Z272.800000 E44.08152721875100955124 F100.000000
; P02 POINT 3090 point-0003090 deposition
G1 A0.000000 C0.000000 X239.244977 Y239.273821 Z272.800000 E44.08163608510788540307 F100.000000
; P02 POINT 3091 point-0003091 deposition
G1 A0.000000 C0.000000 X239.243863 Y239.275021 Z272.800000 E44.08174495146476106677 F100.000000
; P02 POINT 3092 point-0003092 deposition
G1 A0.000000 C0.000000 X239.242760 Y239.276229 Z272.800000 E44.08185381782163680907 F100.000000
; P02 POINT 3093 point-0003093 deposition
G1 A0.000000 C0.000000 X238.254340 Y240.367650 Z272.800000 E44.17980301001738720907 F100.000000
; P02 POINT 3094 point-0003094 deposition
G1 A0.000000 C0.000000 X238.253247 Y240.368868 Z272.800000 E44.17991186652338105290 F100.000000
; P02 POINT 3095 point-0003095 deposition
G1 A0.000000 C0.000000 X238.252163 Y240.370094 Z272.800000 E44.18002072302937471793 F100.000000
; P02 POINT 3096 point-0003096 deposition
G1 A0.000000 C0.000000 X238.251090 Y240.371329 Z272.800000 E44.18012957953536841389 F100.000000
; P02 POINT 3097 point-0003097 deposition
G1 A0.000000 C0.000000 X238.250026 Y240.372573 Z272.800000 E44.18023843604136219114 F100.000000
; P02 POINT 3098 point-0003098 deposition
G1 A0.000000 C0.000000 X238.248973 Y240.373826 Z272.800000 E44.18034729254735582694 F100.000000
; P02 POINT 3099 point-0003099 deposition
G1 A0.000000 C0.000000 X238.247931 Y240.375087 Z272.800000 E44.18045614905334958573 F100.000000
; P02 POINT 3100 point-0003100 deposition
G1 A0.000000 C0.000000 X238.246898 Y240.376356 Z272.800000 E44.18056500555934332922 F100.000000
; P02 POINT 3101 point-0003101 deposition
G1 A0.000000 C0.000000 X238.245876 Y240.377634 Z272.800000 E44.18067386206533698752 F100.000000
; P02 POINT 3102 point-0003102 deposition
G1 A0.000000 C0.000000 X238.244865 Y240.378921 Z272.800000 E44.18078271857133075939 F100.000000
; P02 POINT 3103 point-0003103 deposition
G1 A0.000000 C0.000000 X238.243864 Y240.380215 Z272.800000 E44.18089157507732448679 F100.000000
; P02 POINT 3104 point-0003104 deposition
G1 A0.000000 C0.000000 X238.242873 Y240.381518 Z272.800000 E44.18100043158331824864 F100.000000
; P02 POINT 3105 point-0003105 deposition
G1 A0.000000 C0.000000 X238.241894 Y240.382829 Z272.800000 E44.18110928808931195979 F100.000000
; P02 POINT 3106 point-0003106 deposition
G1 A0.000000 C0.000000 X237.365217 Y241.565899 Z272.800000 E44.27905947681689927979 F100.000000
; P02 POINT 3107 point-0003107 deposition
G1 A0.000000 C0.000000 X237.364248 Y241.567217 Z272.800000 E44.27916832210009062514 F100.000000
; P02 POINT 3108 point-0003108 deposition
G1 A0.000000 C0.000000 X237.363290 Y241.568544 Z272.800000 E44.27927716738328208466 F100.000000
; P02 POINT 3109 point-0003109 deposition
G1 A0.000000 C0.000000 X237.362343 Y241.569878 Z272.800000 E44.27938601266647351007 F100.000000
; P02 POINT 3110 point-0003110 deposition
G1 A0.000000 C0.000000 X237.361407 Y241.571220 Z272.800000 E44.27949485794966498871 F100.000000
; P02 POINT 3111 point-0003111 deposition
G1 A0.000000 C0.000000 X237.360482 Y241.572570 Z272.800000 E44.27960370323285641443 F100.000000
; P02 POINT 3112 point-0003112 deposition
G1 A0.000000 C0.000000 X237.359568 Y241.573927 Z272.800000 E44.27971254851604778488 F100.000000
; P02 POINT 3113 point-0003113 deposition
G1 A0.000000 C0.000000 X237.358665 Y241.575291 Z272.800000 E44.27982139379923925581 F100.000000
; P02 POINT 3114 point-0003114 deposition
G1 A0.000000 C0.000000 X237.357773 Y241.576663 Z272.800000 E44.27993023908243071944 F100.000000
; P02 POINT 3115 point-0003115 deposition
G1 A0.000000 C0.000000 X237.356893 Y241.578043 Z272.800000 E44.28003908436562213951 F100.000000
; P02 POINT 3116 point-0003116 deposition
G1 A0.000000 C0.000000 X237.356023 Y241.579429 Z272.800000 E44.28014792964881354909 F100.000000
; P02 POINT 3117 point-0003117 deposition
G1 A0.000000 C0.000000 X237.355166 Y241.580822 Z272.800000 E44.28025677493200504225 F100.000000
; P02 POINT 3118 point-0003118 deposition
G1 A0.000000 C0.000000 X237.354319 Y241.582223 Z272.800000 E44.28036562021519640635 F100.000000
; P02 POINT 3119 point-0003119 deposition
G1 A0.000000 C0.000000 X236.597830 Y242.845523 Z272.800000 E44.37831552603631001635 F100.000000
; P02 POINT 3120 point-0003120 deposition
G1 A0.000000 C0.000000 X236.596995 Y242.846930 Z272.800000 E44.37842435855388848930 F100.000000
; P02 POINT 3121 point-0003121 deposition
G1 A0.000000 C0.000000 X236.596172 Y242.848344 Z272.800000 E44.37853319107146688741 F100.000000
; P02 POINT 3122 point-0003122 deposition
G1 A0.000000 C0.000000 X236.595360 Y242.849764 Z272.800000 E44.37864202358904526004 F100.000000
; P02 POINT 3123 point-0003123 deposition
G1 A0.000000 C0.000000 X236.594560 Y242.851191 Z272.800000 E44.37875085610662363483 F100.000000
; P02 POINT 3124 point-0003124 deposition
G1 A0.000000 C0.000000 X236.593772 Y242.852625 Z272.800000 E44.37885968862420198901 F100.000000
; P02 POINT 3125 point-0003125 deposition
G1 A0.000000 C0.000000 X236.592995 Y242.854065 Z272.800000 E44.37896852114178042533 F100.000000
; P02 POINT 3126 point-0003126 deposition
G1 A0.000000 C0.000000 X236.592230 Y242.855511 Z272.800000 E44.37907735365935880238 F100.000000
; P02 POINT 3127 point-0003127 deposition
G1 A0.000000 C0.000000 X236.591477 Y242.856964 Z272.800000 E44.37918618617693719912 F100.000000
; P02 POINT 3128 point-0003128 deposition
G1 A0.000000 C0.000000 X236.590736 Y242.858423 Z272.800000 E44.37929501869451558430 F100.000000
; P02 POINT 3129 point-0003129 deposition
G1 A0.000000 C0.000000 X236.590007 Y242.859887 Z272.800000 E44.37940385121209398172 F100.000000
; P02 POINT 3130 point-0003130 deposition
G1 A0.000000 C0.000000 X236.589290 Y242.861358 Z272.800000 E44.37951268372967234441 F100.000000
; P02 POINT 3131 point-0003131 deposition
G1 A0.000000 C0.000000 X236.588585 Y242.862834 Z272.800000 E44.37962151624725077882 F100.000000
; P02 POINT 3132 point-0003132 deposition
G1 A0.000000 C0.000000 X235.959549 Y244.194198 Z272.800000 E44.47757174202943498882 F100.000000
; P02 POINT 3133 point-0003133 deposition
G1 A0.000000 C0.000000 X235.958856 Y244.195680 Z272.800000 E44.47768056063715185892 F100.000000
; P02 POINT 3134 point-0003134 deposition
G1 A0.000000 C0.000000 X235.958175 Y244.197168 Z272.800000 E44.47778937924486877243 F100.000000
; P02 POINT 3135 point-0003135 deposition
G1 A0.000000 C0.000000 X235.957507 Y244.198661 Z272.800000 E44.47789819785258558097 F100.000000
; P02 POINT 3136 point-0003136 deposition
G1 A0.000000 C0.000000 X235.956851 Y244.200160 Z272.800000 E44.47800701646030246358 F100.000000
; P02 POINT 3137 point-0003137 deposition
G1 A0.000000 C0.000000 X235.956207 Y244.201663 Z272.800000 E44.47811583506801929987 F100.000000
; P02 POINT 3138 point-0003138 deposition
G1 A0.000000 C0.000000 X235.955575 Y244.203172 Z272.800000 E44.47822465367573621236 F100.000000
; P02 POINT 3139 point-0003139 deposition
G1 A0.000000 C0.000000 X235.954956 Y244.204686 Z272.800000 E44.47833347228345305752 F100.000000
; P02 POINT 3140 point-0003140 deposition
G1 A0.000000 C0.000000 X235.954349 Y244.206206 Z272.800000 E44.47844229089116995299 F100.000000
; P02 POINT 3141 point-0003141 deposition
G1 A0.000000 C0.000000 X235.953755 Y244.207730 Z272.800000 E44.47855110949888681307 F100.000000
; P02 POINT 3142 point-0003142 deposition
G1 A0.000000 C0.000000 X235.953173 Y244.209259 Z272.800000 E44.47865992810660365727 F100.000000
; P02 POINT 3143 point-0003143 deposition
G1 A0.000000 C0.000000 X235.952603 Y244.210792 Z272.800000 E44.47876874671432051848 F100.000000
; P02 POINT 3144 point-0003144 deposition
G1 A0.000000 C0.000000 X235.952046 Y244.212330 Z272.800000 E44.47887756532203738832 F100.000000
; P02 POINT 3145 point-0003145 deposition
G1 A0.000000 C0.000000 X235.456507 Y245.598923 Z272.800000 E44.57682733578572656832 F100.000000
; P02 POINT 3146 point-0003146 deposition
G1 A0.000000 C0.000000 X235.455963 Y245.600465 Z272.800000 E44.57693613938851309127 F100.000000
; P02 POINT 3147 point-0003147 deposition
G1 A0.000000 C0.000000 X235.455431 Y245.602012 Z272.800000 E44.57704494299129968805 F100.000000
; P02 POINT 3148 point-0003148 deposition
G1 A0.000000 C0.000000 X235.454912 Y245.603563 Z272.800000 E44.57715374659408620885 F100.000000
; P02 POINT 3149 point-0003149 deposition
G1 A0.000000 C0.000000 X235.454406 Y245.605118 Z272.800000 E44.57726255019687274957 F100.000000
; P02 POINT 3150 point-0003150 deposition
G1 A0.000000 C0.000000 X235.453913 Y245.606678 Z272.800000 E44.57737135379965930930 F100.000000
; P02 POINT 3151 point-0003151 deposition
G1 A0.000000 C0.000000 X235.453432 Y245.608241 Z272.800000 E44.57748015740244584388 F100.000000
; P02 POINT 3152 point-0003152 deposition
G1 A0.000000 C0.000000 X235.452964 Y245.609809 Z272.800000 E44.57758896100523241944 F100.000000
; P02 POINT 3153 point-0003153 deposition
G1 A0.000000 C0.000000 X235.452509 Y245.611380 Z272.800000 E44.57769776460801893355 F100.000000
; P02 POINT 3154 point-0003154 deposition
G1 A0.000000 C0.000000 X235.452067 Y245.612954 Z272.800000 E44.57780656821080545833 F100.000000
; P02 POINT 3155 point-0003155 deposition
G1 A0.000000 C0.000000 X235.451638 Y245.614533 Z272.800000 E44.57791537181359204454 F100.000000
; P02 POINT 3156 point-0003156 deposition
G1 A0.000000 C0.000000 X235.451222 Y245.616115 Z272.800000 E44.57802417541637856932 F100.000000
; P02 POINT 3157 point-0003157 deposition
G1 A0.000000 C0.000000 X235.450818 Y245.617700 Z272.800000 E44.57813297901916508644 F100.000000
; P02 POINT 3158 point-0003158 deposition
G1 A0.000000 C0.000000 X235.093524 Y247.046173 Z272.800000 E44.67608267862946341644 F100.000000
; P02 POINT 3159 point-0003159 deposition
G1 A0.000000 C0.000000 X235.093133 Y247.047761 Z272.800000 E44.67619146682753471439 F100.000000
; P02 POINT 3160 point-0003160 deposition
G1 A0.000000 C0.000000 X235.092756 Y247.049352 Z272.800000 E44.67630025502560602722 F100.000000
; P02 POINT 3161 point-0003161 deposition
G1 A0.000000 C0.000000 X235.092392 Y247.050946 Z272.800000 E44.67640904322367732479 F100.000000
; P02 POINT 3162 point-0003162 deposition
G1 A0.000000 C0.000000 X235.092040 Y247.052544 Z272.800000 E44.67651783142174863831 F100.000000
; P02 POINT 3163 point-0003163 deposition
G1 A0.000000 C0.000000 X235.091702 Y247.054144 Z272.800000 E44.67662661961981997960 F100.000000
; P02 POINT 3164 point-0003164 deposition
G1 A0.000000 C0.000000 X235.091377 Y247.055746 Z272.800000 E44.67673540781789127768 F100.000000
; P02 POINT 3165 point-0003165 deposition
G1 A0.000000 C0.000000 X235.091065 Y247.057352 Z272.800000 E44.67684419601596260040 F100.000000
; P02 POINT 3166 point-0003166 deposition
G1 A0.000000 C0.000000 X235.090766 Y247.058960 Z272.800000 E44.67695298421403392748 F100.000000
; P02 POINT 3167 point-0003167 deposition
G1 A0.000000 C0.000000 X235.090480 Y247.060570 Z272.800000 E44.67706177241210522698 F100.000000
; P02 POINT 3168 point-0003168 deposition
G1 A0.000000 C0.000000 X235.090208 Y247.062183 Z272.800000 E44.67717056061017655921 F100.000000
; P02 POINT 3169 point-0003169 deposition
G1 A0.000000 C0.000000 X235.089949 Y247.063797 Z272.800000 E44.67727934880824785294 F100.000000
; P02 POINT 3170 point-0003170 deposition
G1 A0.000000 C0.000000 X235.089703 Y247.065414 Z272.800000 E44.67738813700631916612 F100.000000
; P02 POINT 3171 point-0003171 deposition
G1 A0.000000 C0.000000 X234.874071 Y248.522018 Z272.800000 E44.77533777474821113612 F100.000000
; P02 POINT 3172 point-0003172 deposition
G1 A0.000000 C0.000000 X234.873838 Y248.523636 Z272.800000 E44.77544654727904346592 F100.000000
; P02 POINT 3173 point-0003173 deposition
G1 A0.000000 C0.000000 X234.873619 Y248.525257 Z272.800000 E44.77555531980987580137 F100.000000
; P02 POINT 3174 point-0003174 deposition
G1 A0.000000 C0.000000 X234.873412 Y248.526879 Z272.800000 E44.77566409234070811957 F100.000000
; P02 POINT 3175 point-0003175 deposition
G1 A0.000000 C0.000000 X234.873219 Y248.528503 Z272.800000 E44.77577286487154044471 F100.000000
; P02 POINT 3176 point-0003176 deposition
G1 A0.000000 C0.000000 X234.873039 Y248.530128 Z272.800000 E44.77588163740237278043 F100.000000
; P02 POINT 3177 point-0003177 deposition
G1 A0.000000 C0.000000 X234.872873 Y248.531755 Z272.800000 E44.77599040993320512078 F100.000000
; P02 POINT 3178 point-0003178 deposition
G1 A0.000000 C0.000000 X234.872720 Y248.533383 Z272.800000 E44.77609918246403745327 F100.000000
; P02 POINT 3179 point-0003179 deposition
G1 A0.000000 C0.000000 X234.872580 Y248.535012 Z272.800000 E44.77620795499486978170 F100.000000
; P02 POINT 3180 point-0003180 deposition
G1 A0.000000 C0.000000 X234.872453 Y248.536642 Z272.800000 E44.77631672752570209491 F100.000000
; P02 POINT 3181 point-0003181 deposition
G1 A0.000000 C0.000000 X234.872340 Y248.538273 Z272.800000 E44.77642550005653443280 F100.000000
; P02 POINT 3182 point-0003182 deposition
G1 A0.000000 C0.000000 X234.872240 Y248.539905 Z272.800000 E44.77653427258736676438 F100.000000
; P02 POINT 3183 point-0003183 deposition
G1 A0.000000 C0.000000 X234.872154 Y248.541538 Z272.800000 E44.77664304511819909422 F100.000000
; P02 POINT 3184 point-0003184 deposition
G1 A0.000000 C0.000000 X234.800239 Y250.012257 Z272.800000 E44.87459257621462985422 F100.000000
; P02 POINT 3185 point-0003185 deposition
G1 A0.000000 C0.000000 X234.800166 Y250.013891 Z272.800000 E44.87470133315647888104 F100.000000
; P02 POINT 3186 point-0003186 deposition
G1 A0.000000 C0.000000 X234.800106 Y250.015525 Z272.800000 E44.87481009009832792302 F100.000000
; P02 POINT 3187 point-0003187 deposition
G1 A0.000000 C0.000000 X234.800059 Y250.017159 Z272.800000 E44.87491884704017697048 F100.000000
; P02 POINT 3188 point-0003188 deposition
G1 A0.000000 C0.000000 X234.800026 Y250.018794 Z272.800000 E44.87502760398202601028 F100.000000
; P02 POINT 3189 point-0003189 deposition
G1 A0.000000 C0.000000 X234.800007 Y250.020428 Z272.800000 E44.87513636092387505213 F100.000000
; P02 POINT 3190 point-0003190 deposition
G1 A0.000000 C0.000000 X234.800000 Y250.022063 Z272.800000 E44.87524511786572409417 F100.000000
; P02 EVENT event-0000508 retract
G1 E43.87524511786572409417 F100.000000
; P02 POINT 3191 point-0003191 travel
G1 A0.000000 C0.000000 X234.606492 Y250.163617 Z272.800000 F100.000000
; P02 EVENT event-0000509 prime
G1 E44.87524511786572409417 F100.000000
; P02 POINT 3192 point-0003192 deposition
G1 A0.000000 C0.000000 X234.407448 Y250.163617 Z272.800000 E44.88848558890066322917 F100.000000
; P02 EVENT event-0000510 retract
G1 E43.88848558890066322917 F100.000000
; P02 POINT 3193 point-0003193 travel
G1 A0.000000 C0.000000 X234.418017 Y249.663617 Z272.800000 F100.000000
; P02 EVENT event-0000511 prime
G1 E44.88848558890066322917 F100.000000
; P02 POINT 3194 point-0003194 deposition
G1 A0.000000 C0.000000 X234.617048 Y249.663617 Z272.800000 E44.90172516990369874017 F100.000000
; P02 EVENT event-0000512 retract
G1 E43.90172516990369874017 F100.000000
; P02 POINT 3195 point-0003195 travel
G1 A0.000000 C0.000000 X234.641497 Y249.163617 Z272.800000 F100.000000
; P02 EVENT event-0000513 prime
G1 E44.90172516990369874017 F100.000000
; P02 POINT 3196 point-0003196 deposition
G1 A0.000000 C0.000000 X234.442462 Y249.163617 Z272.800000 E44.91496501227344160817 F100.000000
; P02 EVENT event-0000514 retract
G1 E43.91496501227344160817 F100.000000
; P02 POINT 3197 point-0003197 travel
G1 A0.000000 C0.000000 X234.466907 Y248.663617 Z272.800000 F100.000000
; P02 EVENT event-0000515 prime
G1 E44.91496501227344160817 F100.000000
; P02 POINT 3198 point-0003198 deposition
G1 A0.000000 C0.000000 X234.665945 Y248.663617 Z272.800000 E44.92820511600989194817 F100.000000
; P02 EVENT event-0000516 retract
G1 E43.92820511600989194817 F100.000000
; P02 POINT 3199 point-0003199 travel
G1 A0.000000 C0.000000 X234.724948 Y248.163617 Z272.800000 F100.000000
; P02 EVENT event-0000517 prime
G1 E44.92820511600989194817 F100.000000
; P02 POINT 3200 point-0003200 deposition
G1 A0.000000 C0.000000 X234.523979 Y248.163617 Z272.800000 E44.94157366532322558517 F100.000000
; P02 EVENT event-0000518 retract
G1 E43.94157366532322558517 F100.000000
; P02 POINT 3201 point-0003201 travel
G1 A0.000000 C0.000000 X234.597994 Y247.663617 Z272.800000 F100.000000
; P02 EVENT event-0000519 prime
G1 E44.94157366532322558517 F100.000000
; P02 POINT 3202 point-0003202 deposition
G1 A0.000000 C0.000000 X234.798967 Y247.663617 Z272.800000 E44.95494240288947338117 F100.000000
; P02 EVENT event-0000520 retract
G1 E43.95494240288947338117 F100.000000
; P02 POINT 3203 point-0003203 travel
G1 A0.000000 C0.000000 X234.872985 Y247.163617 Z272.800000 F100.000000
; P02 EVENT event-0000521 prime
G1 E44.95494240288947338117 F100.000000
; P02 POINT 3204 point-0003204 deposition
G1 A0.000000 C0.000000 X234.672010 Y247.163617 Z272.800000 E44.96831132870863509517 F100.000000
; P02 EVENT event-0000522 retract
G1 E43.96831132870863509517 F100.000000
; P02 POINT 3205 point-0003205 travel
G1 A0.000000 C0.000000 X234.778104 Y246.663617 Z272.800000 F100.000000
; P02 EVENT event-0000523 prime
G1 E44.96831132870863509517 F100.000000
; P02 POINT 3206 point-0003206 deposition
G1 A0.000000 C0.000000 X234.983048 Y246.663617 Z272.800000 E44.98194430363154822017 F100.000000
; P02 EVENT event-0000524 retract
G1 E43.98194430363154822017 F100.000000
; P02 POINT 3207 point-0003207 travel
G1 A0.000000 C0.000000 X234.903164 Y246.163617 Z272.800000 F100.000000
; P02 EVENT event-0000525 prime
G1 E44.98194430363154822017 F100.000000
; P02 POINT 3208 point-0003208 deposition
G1 A0.000000 C0.000000 X235.108110 Y246.163617 Z272.800000 E44.99557738104502479817 F100.000000
; P02 EVENT event-0000526 retract
G1 E43.99557738104502479817 F100.000000
; P02 POINT 3209 point-0003209 travel
G1 A0.000000 C0.000000 X235.028224 Y245.663617 Z272.800000 F100.000000
; P02 EVENT event-0000527 prime
G1 E44.99557738104502479817 F100.000000
; P02 POINT 3210 point-0003210 deposition
G1 A0.000000 C0.000000 X235.233172 Y245.663617 Z272.800000 E45.00921056094906494517 F100.000000
; P02 EVENT event-0000528 retract
G1 E44.00921056094906494517 F100.000000
; P02 POINT 3211 point-0003211 travel
G1 A0.000000 C0.000000 X235.188530 Y245.163617 Z272.800000 F100.000000
; P02 EVENT event-0000529 prime
G1 E45.00921056094906494517 F100.000000
; P02 POINT 3212 point-0003212 deposition
G1 A0.000000 C0.000000 X235.399688 Y245.163617 Z272.800000 E45.02325684601483448117 F100.000000
; P02 EVENT event-0000530 retract
G1 E44.02325684601483448117 F100.000000
; P02 POINT 3213 point-0003213 travel
G1 A0.000000 C0.000000 X235.367220 Y244.663617 Z272.800000 F100.000000
; P02 EVENT event-0000531 prime
G1 E45.02325684601483448117 F100.000000
; P02 POINT 3214 point-0003214 deposition
G1 A0.000000 C0.000000 X235.578378 Y244.663617 Z272.800000 E45.03730311949918180017 F100.000000
; P02 EVENT event-0000532 retract
G1 E44.03730311949918180017 F100.000000
; P02 POINT 3215 point-0003215 travel
G1 A0.000000 C0.000000 X235.545910 Y244.163617 Z272.800000 F100.000000
; P02 EVENT event-0000533 prime
G1 E45.03730311949918180017 F100.000000
; P02 POINT 3216 point-0003216 deposition
G1 A0.000000 C0.000000 X235.757067 Y244.163617 Z272.800000 E45.05134938140210702217 F100.000000
; P02 EVENT event-0000534 retract
G1 E44.05134938140210702217 F100.000000
; P02 POINT 3217 point-0003217 travel
G1 A0.000000 C0.000000 X235.769090 Y243.663617 Z272.800000 F100.000000
; P02 EVENT event-0000535 prime
G1 E45.05134938140210702217 F100.000000
; P02 POINT 3218 point-0003218 deposition
G1 A0.000000 C0.000000 X235.989036 Y243.663617 Z272.800000 E45.06598023433516883517 F100.000000
; P02 EVENT event-0000536 retract
G1 E44.06598023433516883517 F100.000000
; P02 POINT 3219 point-0003219 travel
G1 A0.000000 C0.000000 X236.005330 Y243.163617 Z272.800000 F100.000000
; P02 EVENT event-0000537 prime
G1 E45.06598023433516883517 F100.000000
; P02 POINT 3220 point-0003220 deposition
G1 A0.000000 C0.000000 X236.225273 Y243.163617 Z272.800000 E45.08061094335491151917 F100.000000
; P02 EVENT event-0000538 retract
G1 E44.08061094335491151917 F100.000000
; P02 POINT 3221 point-0003221 travel
G1 A0.000000 C0.000000 X236.241813 Y242.663617 Z272.800000 F100.000000
; P02 EVENT event-0000539 prime
G1 E45.08061094335491151917 F100.000000
; P02 POINT 3222 point-0003222 deposition
G1 A0.000000 C0.000000 X236.473642 Y242.663617 Z272.800000 E45.09603225544946284717 F100.000000
; P02 EVENT event-0000540 retract
G1 E44.09603225544946284717 F100.000000
; P02 POINT 3223 point-0003223 travel
G1 A0.000000 C0.000000 X236.541228 Y242.163617 Z272.800000 F100.000000
; P02 EVENT event-0000541 prime
G1 E45.09603225544946284717 F100.000000
; P02 POINT 3224 point-0003224 deposition
G1 A0.000000 C0.000000 X236.773052 Y242.163617 Z272.800000 E45.11145327144900905317 F100.000000
; P02 EVENT event-0000542 retract
G1 E44.11145327144900905317 F100.000000
; P02 POINT 3225 point-0003225 travel
G1 A0.000000 C0.000000 X236.840642 Y241.663617 Z272.800000 F100.000000
; P02 EVENT event-0000543 prime
G1 E45.11145327144900905317 F100.000000
; P02 POINT 3226 point-0003226 deposition
G1 A0.000000 C0.000000 X237.072462 Y241.663617 Z272.800000 E45.12687399135355025617 F100.000000
; P02 EVENT event-0000544 retract
G1 E44.12687399135355025617 F100.000000
; P02 POINT 3227 point-0003227 travel
G1 A0.000000 C0.000000 X237.166806 Y241.163617 Z272.800000 F100.000000
; P02 EVENT event-0000545 prime
G1 E45.12687399135355025617 F100.000000
; P02 POINT 3228 point-0003228 deposition
G1 A0.000000 C0.000000 X237.414389 Y241.163617 Z272.800000 E45.14334327902488238417 F100.000000
; P02 EVENT event-0000546 retract
G1 E44.14334327902488238417 F100.000000
; P02 POINT 3229 point-0003229 travel
G1 A0.000000 C0.000000 X237.537322 Y240.663617 Z272.800000 F100.000000
; P02 EVENT event-0000547 prime
G1 E45.14334327902488238417 F100.000000
; P02 POINT 3230 point-0003230 deposition
G1 A0.000000 C0.000000 X237.784898 Y240.663617 Z272.800000 E45.15981208728632624217 F100.000000
; P02 EVENT event-0000548 retract
G1 E44.15981208728632624217 F100.000000
; P02 POINT 3231 point-0003231 travel
G1 A0.000000 C0.000000 X237.907839 Y240.163617 Z272.800000 F100.000000
; P02 EVENT event-0000549 prime
G1 E45.15981208728632624217 F100.000000
; P02 POINT 3232 point-0003232 deposition
G1 A0.000000 C0.000000 X238.169292 Y240.163617 Z272.800000 E45.17720399838209160617 F100.000000
; P02 EVENT event-0000550 retract
G1 E44.17720399838209160617 F100.000000
; P02 POINT 3233 point-0003233 travel
G1 A0.000000 C0.000000 X238.353705 Y239.663617 Z272.800000 F100.000000
; P02 EVENT event-0000551 prime
G1 E45.17720399838209160617 F100.000000
; P02 POINT 3234 point-0003234 deposition
G1 A0.000000 C0.000000 X238.622105 Y239.663617 Z272.800000 E45.19505801131834372917 F100.000000
; P02 EVENT event-0000552 retract
G1 E44.19505801131834372917 F100.000000
; P02 POINT 3235 point-0003235 travel
G1 A0.000000 C0.000000 X238.806529 Y239.163617 Z272.800000 F100.000000
; P02 EVENT event-0000553 prime
G1 E45.19505801131834372917 F100.000000
; P02 POINT 3236 point-0003236 deposition
G1 A0.000000 C0.000000 X239.074918 Y239.163617 Z272.800000 E45.21291132487499668417 F100.000000
; P02 EVENT event-0000554 retract
G1 E44.21291132487499668417 F100.000000
; P02 POINT 3237 point-0003237 travel
G1 A0.000000 C0.000000 X239.322883 Y238.663617 Z272.800000 F100.000000
; P02 EVENT event-0000555 prime
G1 E45.21291132487499668417 F100.000000
; P02 POINT 3238 point-0003238 deposition
G1 A0.000000 C0.000000 X239.619039 Y238.663617 Z272.800000 E45.23261167262798688917 F100.000000
; P02 EVENT event-0000556 retract
G1 E44.23261167262798688917 F100.000000
; P02 POINT 3239 point-0003239 travel
G1 A0.000000 C0.000000 X239.874148 Y238.163617 Z272.800000 F100.000000
; P02 EVENT event-0000557 prime
G1 E45.23261167262798688917 F100.000000
; P02 POINT 3240 point-0003240 deposition
G1 A0.000000 C0.000000 X240.170288 Y238.163617 Z272.800000 E45.25231100356483732917 F100.000000
; P02 EVENT event-0000558 retract
G1 E44.25231100356483732917 F100.000000
; P02 POINT 3241 point-0003241 travel
G1 A0.000000 C0.000000 X240.497380 Y237.663617 Z272.800000 F100.000000
; P02 EVENT event-0000559 prime
G1 E45.25231100356483732917 F100.000000
; P02 POINT 3242 point-0003242 deposition
G1 A0.000000 C0.000000 X240.831269 Y237.663617 Z272.800000 E45.27452139339963338517 F100.000000
; P02 EVENT event-0000560 retract
G1 E44.27452139339963338517 F100.000000
; P02 POINT 3243 point-0003243 travel
G1 A0.000000 C0.000000 X241.171086 Y237.163617 Z272.800000 F100.000000
; P02 EVENT event-0000561 prime
G1 E45.27452139339963338517 F100.000000
; P02 POINT 3244 point-0003244 deposition
G1 A0.000000 C0.000000 X241.520029 Y237.163617 Z272.800000 E45.29773313685348357217 F100.000000
; P02 EVENT event-0000562 retract
G1 E44.29773313685348357217 F100.000000
; P02 POINT 3245 point-0003245 travel
G1 A0.000000 C0.000000 X241.966749 Y236.663617 Z272.800000 F100.000000
; P02 EVENT event-0000563 prime
G1 E45.29773313685348357217 F100.000000
; P02 POINT 3246 point-0003246 deposition
G1 A0.000000 C0.000000 X242.353642 Y236.663617 Z272.800000 E45.32346938493260635217 F100.000000
; P02 EVENT event-0000564 retract
G1 E44.32346938493260635217 F100.000000
; P02 POINT 3247 point-0003247 travel
G1 A0.000000 C0.000000 X242.842113 Y236.163617 Z272.800000 F100.000000
; P02 EVENT event-0000565 prime
G1 E45.32346938493260635217 F100.000000
; P02 POINT 3248 point-0003248 deposition
G1 A0.000000 C0.000000 X243.307361 Y236.163617 Z272.800000 E45.35441782855694553617 F100.000000
; P02 EVENT event-0000566 retract
G1 E44.35441782855694553617 F100.000000
; P02 POINT 3249 point-0003249 travel
G1 A0.000000 C0.000000 X243.898593 Y235.663617 Z272.800000 F100.000000
; P02 EVENT event-0000567 prime
G1 E45.35441782855694553617 F100.000000
; P02 POINT 3250 point-0003250 deposition
G1 A0.000000 C0.000000 X244.447280 Y235.663617 Z272.800000 E45.39091658702234431617 F100.000000
; P02 EVENT event-0000568 retract
G1 E44.39091658702234431617 F100.000000
; P02 POINT 3251 point-0003251 travel
G1 A0.000000 C0.000000 X245.253314 Y235.163617 Z272.800000 F100.000000
; P02 EVENT event-0000569 prime
G1 E45.39091658702234431617 F100.000000
; P02 POINT 3252 point-0003252 deposition
G1 A0.000000 C0.000000 X245.979098 Y235.163617 Z272.800000 E45.43919597980438572617 F100.000000
; P02 EVENT event-0000570 retract
G1 E44.43919597980438572617 F100.000000
; P02 POINT 3253 point-0003253 travel
G1 A0.000000 C0.000000 X247.292682 Y234.663617 Z272.800000 F100.000000
; P02 EVENT event-0000571 prime
G1 E45.43919597980438572617 F100.000000
; P02 POINT 3254 point-0003254 deposition
G1 A0.000000 C0.000000 X248.968656 Y234.663617 Z272.800000 E45.55068219771043601617 F100.000000
; P02 EVENT event-0000572 retract
G1 E44.55068219771043601617 F100.000000
; P02 POINT 3255 point-0003255 travel
G1 A0.000000 C0.000000 X251.031546 Y234.663617 Z272.800000 F100.000000
; P02 EVENT event-0000573 prime
G1 E45.55068219771043601617 F100.000000
; P02 POINT 3256 point-0003256 deposition
G1 A0.000000 C0.000000 X252.707317 Y234.663617 Z272.800000 E45.66215493808377633617 F100.000000
; P02 EVENT event-0000574 retract
G1 E44.66215493808377633617 F100.000000
; P02 POINT 3257 point-0003257 travel
G1 A0.000000 C0.000000 X254.020925 Y235.163617 Z272.800000 F100.000000
; P02 EVENT event-0000575 prime
G1 E45.66215493808377633617 F100.000000
; P02 POINT 3258 point-0003258 deposition
G1 A0.000000 C0.000000 X254.746687 Y235.163617 Z272.800000 E45.71043278865942787617 F100.000000
; P02 EVENT event-0000576 retract
G1 E44.71043278865942787617 F100.000000
; P02 POINT 3259 point-0003259 travel
G1 A0.000000 C0.000000 X255.552741 Y235.663617 Z272.800000 F100.000000
; P02 EVENT event-0000577 prime
G1 E45.71043278865942787617 F100.000000
; P02 POINT 3260 point-0003260 deposition
G1 A0.000000 C0.000000 X256.101407 Y235.663617 Z272.800000 E45.74693020549900313617 F100.000000
; P02 EVENT event-0000578 retract
G1 E44.74693020549900313617 F100.000000
; P02 POINT 3261 point-0003261 travel
G1 A0.000000 C0.000000 X256.692634 Y236.163617 Z272.800000 F100.000000
; P02 EVENT event-0000579 prime
G1 E45.74693020549900313617 F100.000000
; P02 POINT 3262 point-0003262 deposition
G1 A0.000000 C0.000000 X257.157887 Y236.163617 Z272.800000 E45.77787891132228957817 F100.000000
; P02 EVENT event-0000580 retract
G1 E44.77787891132228957817 F100.000000
; P02 POINT 3263 point-0003263 travel
G1 A0.000000 C0.000000 X257.646347 Y236.663617 Z272.800000 F100.000000
; P02 EVENT event-0000581 prime
G1 E45.77787891132228957817 F100.000000
; P02 POINT 3264 point-0003264 deposition
G1 A0.000000 C0.000000 X258.033251 Y236.663617 Z272.800000 E45.80361586965987902117 F100.000000
; P02 EVENT event-0000582 retract
G1 E44.80361586965987902117 F100.000000
; P02 POINT 3265 point-0003265 travel
G1 A0.000000 C0.000000 X258.479967 Y237.163617 Z272.800000 F100.000000
; P02 EVENT event-0000583 prime
G1 E45.80361586965987902117 F100.000000
; P02 POINT 3266 point-0003266 deposition
G1 A0.000000 C0.000000 X258.828914 Y237.163617 Z272.800000 E45.82682789969047222817 F100.000000
; P02 EVENT event-0000584 retract
G1 E44.82682789969047222817 F100.000000
; P02 POINT 3267 point-0003267 travel
G1 A0.000000 C0.000000 X259.168730 Y237.663617 Z272.800000 F100.000000
; P02 EVENT event-0000585 prime
G1 E45.82682789969047222817 F100.000000
; P02 POINT 3268 point-0003268 deposition
G1 A0.000000 C0.000000 X259.502620 Y237.663617 Z272.800000 E45.84903833908358140817 F100.000000
; P02 EVENT event-0000586 retract
G1 E44.84903833908358140817 F100.000000
; P02 POINT 3269 point-0003269 travel
G1 A0.000000 C0.000000 X259.829716 Y238.163617 Z272.800000 F100.000000
; P02 EVENT event-0000587 prime
G1 E45.84903833908358140817 F100.000000
; P02 POINT 3270 point-0003270 deposition
G1 A0.000000 C0.000000 X260.125853 Y238.163617 Z272.800000 E45.86873743793894029817 F100.000000
; P02 EVENT event-0000588 retract
G1 E44.86873743793894029817 F100.000000
; P02 POINT 3271 point-0003271 travel
G1 A0.000000 C0.000000 X260.380961 Y238.663617 Z272.800000 F100.000000
; P02 EVENT event-0000589 prime
G1 E45.86873743793894029817 F100.000000
; P02 POINT 3272 point-0003272 deposition
G1 A0.000000 C0.000000 X260.677117 Y238.663617 Z272.800000 E45.88843779531995998417 F100.000000
; P02 EVENT event-0000590 retract
G1 E44.88843779531995998417 F100.000000
; P02 POINT 3273 point-0003273 travel
G1 A0.000000 C0.000000 X260.925086 Y239.163617 Z272.800000 F100.000000
; P02 EVENT event-0000591 prime
G1 E45.88843779531995998417 F100.000000
; P02 POINT 3274 point-0003274 deposition
G1 A0.000000 C0.000000 X261.193471 Y239.163617 Z272.800000 E45.90629089623419707417 F100.000000
; P02 EVENT event-0000592 retract
G1 E44.90629089623419707417 F100.000000
; P02 POINT 3275 point-0003275 travel
G1 A0.000000 C0.000000 X261.377895 Y239.663617 Z272.800000 F100.000000
; P02 EVENT event-0000593 prime
G1 E45.90629089623419707417 F100.000000
; P02 POINT 3276 point-0003276 deposition
G1 A0.000000 C0.000000 X261.646295 Y239.663617 Z272.800000 E45.92414489100115358817 F100.000000
; P02 EVENT event-0000594 retract
G1 E44.92414489100115358817 F100.000000
; P02 POINT 3277 point-0003277 travel
G1 A0.000000 C0.000000 X261.830705 Y240.163617 Z272.800000 F100.000000
; P02 EVENT event-0000595 prime
G1 E45.92414489100115358817 F100.000000
; P02 POINT 3278 point-0003278 deposition
G1 A0.000000 C0.000000 X262.092162 Y240.163617 Z272.800000 E45.94153703148328496117 F100.000000
; P02 EVENT event-0000596 retract
G1 E44.94153703148328496117 F100.000000
; P02 POINT 3279 point-0003279 travel
G1 A0.000000 C0.000000 X262.215103 Y240.663617 Z272.800000 F100.000000
; P02 EVENT event-0000597 prime
G1 E45.94153703148328496117 F100.000000
; P02 POINT 3280 point-0003280 deposition
G1 A0.000000 C0.000000 X262.462678 Y240.663617 Z272.800000 E45.95800577082351935117 F100.000000
; P02 EVENT event-0000598 retract
G1 E44.95800577082351935117 F100.000000
; P02 POINT 3281 point-0003281 travel
G1 A0.000000 C0.000000 X262.585610 Y241.163617 Z272.800000 F100.000000
; P02 EVENT event-0000599 prime
G1 E45.95800577082351935117 F100.000000
; P02 POINT 3282 point-0003282 deposition
G1 A0.000000 C0.000000 X262.833194 Y241.163617 Z272.800000 E45.97447515159416525417 F100.000000
; P02 EVENT event-0000600 retract
G1 E44.97447515159416525417 F100.000000
; P02 POINT 3283 point-0003283 travel
G1 A0.000000 C0.000000 X262.927540 Y241.663617 Z272.800000 F100.000000
; P02 EVENT event-0000601 prime
G1 E45.97447515159416525417 F100.000000
; P02 POINT 3284 point-0003284 deposition
G1 A0.000000 C0.000000 X263.159358 Y241.663617 Z272.800000 E45.98989574169957609517 F100.000000
; P02 EVENT event-0000602 retract
G1 E44.98989574169957609517 F100.000000
; P02 POINT 3285 point-0003285 travel
G1 A0.000000 C0.000000 X263.226948 Y242.163617 Z272.800000 F100.000000
; P02 EVENT event-0000603 prime
G1 E45.98989574169957609517 F100.000000
; P02 POINT 3286 point-0003286 deposition
G1 A0.000000 C0.000000 X263.458772 Y242.163617 Z272.800000 E46.00531676692857970817 F100.000000
; P02 EVENT event-0000604 retract
G1 E45.00531676692857970817 F100.000000
; P02 POINT 3287 point-0003287 travel
G1 A0.000000 C0.000000 X263.526356 Y242.663617 Z272.800000 F100.000000
; P02 EVENT event-0000605 prime
G1 E46.00531676692857970817 F100.000000
; P02 POINT 3288 point-0003288 deposition
G1 A0.000000 C0.000000 X263.758187 Y242.663617 Z272.800000 E46.02073822728117597117 F100.000000
; P02 EVENT event-0000606 retract
G1 E45.02073822728117597117 F100.000000
; P02 POINT 3289 point-0003289 travel
G1 A0.000000 C0.000000 X263.774728 Y243.163617 Z272.800000 F100.000000
; P02 EVENT event-0000607 prime
G1 E46.02073822728117597117 F100.000000
; P02 POINT 3290 point-0003290 deposition
G1 A0.000000 C0.000000 X263.994670 Y243.163617 Z272.800000 E46.03536886359803902117 F100.000000
; P02 EVENT event-0000608 retract
G1 E45.03536886359803902117 F100.000000
; P02 POINT 3291 point-0003291 travel
G1 A0.000000 C0.000000 X264.010963 Y243.663617 Z272.800000 F100.000000
; P02 EVENT event-0000609 prime
G1 E46.03536886359803902117 F100.000000
; P02 POINT 3292 point-0003292 deposition
G1 A0.000000 C0.000000 X264.230910 Y243.663617 Z272.800000 E46.04999976624466751417 F100.000000
; P02 EVENT event-0000610 retract
G1 E45.04999976624466751417 F100.000000
; P02 POINT 3293 point-0003293 travel
G1 A0.000000 C0.000000 X264.242935 Y244.163617 Z272.800000 F100.000000
; P02 EVENT event-0000611 prime
G1 E46.04999976624466751417 F100.000000
; P02 POINT 3294 point-0003294 deposition
G1 A0.000000 C0.000000 X264.454091 Y244.163617 Z272.800000 E46.06404587584332628017 F100.000000
; P02 EVENT event-0000612 retract
G1 E45.06404587584332628017 F100.000000
; P02 POINT 3295 point-0003295 travel
G1 A0.000000 C0.000000 X264.421623 Y244.663617 Z272.800000 F100.000000
; P02 EVENT event-0000613 prime
G1 E46.06404587584332628017 F100.000000
; P02 POINT 3296 point-0003296 deposition
G1 A0.000000 C0.000000 X264.632780 Y244.663617 Z272.800000 E46.07809210733494107517 F100.000000
; P02 EVENT event-0000614 retract
G1 E45.07809210733494107517 F100.000000
; P02 POINT 3297 point-0003297 travel
G1 A0.000000 C0.000000 X264.600311 Y245.163617 Z272.800000 F100.000000
; P02 EVENT event-0000615 prime
G1 E46.07809210733494107517 F100.000000
; P02 POINT 3298 point-0003298 deposition
G1 A0.000000 C0.000000 X264.811470 Y245.163617 Z272.800000 E46.09213846071951189517 F100.000000
; P02 EVENT event-0000616 retract
G1 E45.09213846071951189517 F100.000000
; P02 POINT 3299 point-0003299 travel
G1 A0.000000 C0.000000 X264.766830 Y245.663617 Z272.800000 F100.000000
; P02 EVENT event-0000617 prime
G1 E46.09213846071951189517 F100.000000
; P02 POINT 3300 point-0003300 deposition
G1 A0.000000 C0.000000 X264.971776 Y245.663617 Z272.800000 E46.10577151196984966317 F100.000000
; P02 EVENT event-0000618 retract
G1 E45.10577151196984966317 F100.000000
; P02 POINT 3301 point-0003301 travel
G1 A0.000000 C0.000000 X264.891890 Y246.163617 Z272.800000 F100.000000
; P02 EVENT event-0000619 prime
G1 E46.10577151196984966317 F100.000000
; P02 POINT 3302 point-0003302 deposition
G1 A0.000000 C0.000000 X265.096836 Y246.163617 Z272.800000 E46.11940456226828789817 F100.000000
; P02 EVENT event-0000620 retract
G1 E45.11940456226828789817 F100.000000
; P02 POINT 3303 point-0003303 travel
G1 A0.000000 C0.000000 X265.016950 Y246.663617 Z272.800000 F100.000000
; P02 EVENT event-0000621 prime
G1 E46.11940456226828789817 F100.000000
; P02 POINT 3304 point-0003304 deposition
G1 A0.000000 C0.000000 X265.221896 Y246.663617 Z272.800000 E46.13303761161482672117 F100.000000
; P02 EVENT event-0000622 retract
G1 E45.13303761161482672117 F100.000000
; P02 POINT 3305 point-0003305 travel
G1 A0.000000 C0.000000 X265.127017 Y247.163617 Z272.800000 F100.000000
; P02 EVENT event-0000623 prime
G1 E46.13303761161482672117 F100.000000
; P02 POINT 3306 point-0003306 deposition
G1 A0.000000 C0.000000 X265.327990 Y247.163617 Z272.800000 E46.14640642060342767717 F100.000000
; P02 EVENT event-0000624 retract
G1 E45.14640642060342767717 F100.000000
; P02 POINT 3307 point-0003307 travel
G1 A0.000000 C0.000000 X265.402006 Y247.663617 Z272.800000 F100.000000
; P02 EVENT event-0000625 prime
G1 E46.14640642060342767717 F100.000000
; P02 POINT 3308 point-0003308 deposition
G1 A0.000000 C0.000000 X265.201034 Y247.663617 Z272.800000 E46.15977513668723836617 F100.000000
; P02 EVENT event-0000626 retract
G1 E45.15977513668723836617 F100.000000
; P02 POINT 3309 point-0003309 travel
G1 A0.000000 C0.000000 X265.275051 Y248.163617 Z272.800000 F100.000000
; P02 EVENT event-0000627 prime
G1 E46.15977513668723836617 F100.000000
; P02 POINT 3310 point-0003310 deposition
G1 A0.000000 C0.000000 X265.476021 Y248.163617 Z272.800000 E46.17314375986625902317 F100.000000
; P02 EVENT event-0000628 retract
G1 E45.17314375986625902317 F100.000000
; P02 POINT 3311 point-0003311 travel
G1 A0.000000 C0.000000 X265.533093 Y248.663617 Z272.800000 F100.000000
; P02 EVENT event-0000629 prime
G1 E46.17314375986625902317 F100.000000
; P02 POINT 3312 point-0003312 deposition
G1 A0.000000 C0.000000 X265.334057 Y248.663617 Z272.800000 E46.18638375162403127717 F100.000000
; P02 EVENT event-0000630 retract
G1 E45.18638375162403127717 F100.000000
; P02 POINT 3313 point-0003313 travel
G1 A0.000000 C0.000000 X265.358504 Y249.163617 Z272.800000 F100.000000
; P02 EVENT event-0000631 prime
G1 E46.18638375162403127717 F100.000000
; P02 POINT 3314 point-0003314 deposition
G1 A0.000000 C0.000000 X265.557538 Y249.163617 Z272.800000 E46.19962357327949195717 F100.000000
; P02 EVENT event-0000632 retract
G1 E45.19962357327949195717 F100.000000
; P02 POINT 3315 point-0003315 travel
G1 A0.000000 C0.000000 X265.581983 Y249.663617 Z272.800000 F100.000000
; P02 EVENT event-0000633 prime
G1 E46.19962357327949195717 F100.000000
; P02 POINT 3316 point-0003316 deposition
G1 A0.000000 C0.000000 X265.382951 Y249.663617 Z272.800000 E46.21286322483264129917 F100.000000
; P02 EVENT event-0000634 retract
G1 E45.21286322483264129917 F100.000000
; P02 POINT 3317 point-0003317 travel
G1 A0.000000 C0.000000 X265.393510 Y250.163617 Z272.800000 F100.000000
; P02 EVENT event-0000635 prime
G1 E46.21286322483264129917 F100.000000
; P02 POINT 3318 point-0003318 deposition
G1 A0.000000 C0.000000 X265.592552 Y250.163617 Z272.800000 E46.22610358521545524917 F100.000000
; P02 EVENT event-0000636 retract
G1 E45.22610358521545524917 F100.000000
; P02 POINT 3319 point-0003319 travel
G1 A0.000000 C0.000000 X265.567908 Y250.663617 Z272.800000 F100.000000
; P02 EVENT event-0000637 prime
G1 E46.22610358521545524917 F100.000000
; P02 POINT 3320 point-0003320 deposition
G1 A0.000000 C0.000000 X265.368869 Y250.663617 Z272.800000 E46.23934372001826661717 F100.000000
; P02 EVENT event-0000638 retract
G1 E45.23934372001826661717 F100.000000
; P02 POINT 3321 point-0003321 travel
G1 A0.000000 C0.000000 X265.344229 Y251.163617 Z272.800000 F100.000000
; P02 EVENT event-0000639 prime
G1 E46.23934372001826661717 F100.000000
; P02 POINT 3322 point-0003322 deposition
G1 A0.000000 C0.000000 X265.543264 Y251.163617 Z272.800000 E46.25258362924107540017 F100.000000
; P02 EVENT event-0000640 retract
G1 E45.25258362924107540017 F100.000000
; P02 POINT 3323 point-0003323 travel
G1 A0.000000 C0.000000 X265.507539 Y251.663617 Z272.800000 F100.000000
; P02 EVENT event-0000641 prime
G1 E46.25258362924107540017 F100.000000
; P02 POINT 3324 point-0003324 deposition
G1 A0.000000 C0.000000 X265.306547 Y251.663617 Z272.800000 E46.26595364034699741717 F100.000000
; P02 EVENT event-0000642 retract
G1 E45.26595364034699741717 F100.000000
; P02 POINT 3325 point-0003325 travel
G1 A0.000000 C0.000000 X265.232347 Y252.163617 Z272.800000 F100.000000
; P02 EVENT event-0000643 prime
G1 E46.26595364034699741717 F100.000000
; P02 POINT 3326 point-0003326 deposition
G1 A0.000000 C0.000000 X265.433335 Y252.163617 Z272.800000 E46.27932341078222449717 F100.000000
; P02 EVENT event-0000644 retract
G1 E45.27932341078222449717 F100.000000
; P02 POINT 3327 point-0003327 travel
G1 A0.000000 C0.000000 X265.359132 Y252.663617 Z272.800000 F100.000000
; P02 EVENT event-0000645 prime
G1 E46.27932341078222449717 F100.000000
; P02 POINT 3328 point-0003328 deposition
G1 A0.000000 C0.000000 X265.158147 Y252.663617 Z272.800000 E46.29269294054675687317 F100.000000
; P02 EVENT event-0000646 retract
G1 E45.29269294054675687317 F100.000000
; P02 POINT 3329 point-0003329 travel
G1 A0.000000 C0.000000 X265.070048 Y253.163617 Z272.800000 F100.000000
; P02 EVENT event-0000647 prime
G1 E46.29269294054675687317 F100.000000
; P02 POINT 3330 point-0003330 deposition
G1 A0.000000 C0.000000 X265.275030 Y253.163617 Z272.800000 E46.30632840637955119317 F100.000000
; P02 EVENT event-0000648 retract
G1 E45.30632840637955119317 F100.000000
; P02 POINT 3331 point-0003331 travel
G1 A0.000000 C0.000000 X265.149804 Y253.663617 Z272.800000 F100.000000
; P02 EVENT event-0000649 prime
G1 E46.30632840637955119317 F100.000000
; P02 POINT 3332 point-0003332 deposition
G1 A0.000000 C0.000000 X264.944825 Y253.663617 Z272.800000 E46.31996366052788873117 F100.000000
; P02 EVENT event-0000650 retract
G1 E45.31996366052788873117 F100.000000
; P02 POINT 3333 point-0003333 travel
G1 A0.000000 C0.000000 X265.024578 Y254.163617 Z272.800000 F100.000000
; P02 EVENT event-0000651 prime
G1 E46.31996366052788873117 F100.000000
; P02 POINT 3334 point-0003334 deposition
G1 A0.000000 C0.000000 X264.819603 Y254.163617 Z272.800000 E46.33359870299176936617 F100.000000
; P02 EVENT event-0000652 retract
G1 E45.33359870299176936617 F100.000000
; P02 POINT 3335 point-0003335 travel
G1 A0.000000 C0.000000 X264.887405 Y254.663617 Z272.800000 F100.000000
; P02 EVENT event-0000653 prime
G1 E46.33359870299176936617 F100.000000
; P02 POINT 3336 point-0003336 deposition
G1 A0.000000 C0.000000 X264.676183 Y254.663617 Z272.800000 E46.34764920518526598917 F100.000000
; P02 EVENT event-0000654 retract
G1 E45.34764920518526598917 F100.000000
; P02 POINT 3337 point-0003337 travel
G1 A0.000000 C0.000000 X264.708584 Y255.163617 Z272.800000 F100.000000
; P02 EVENT event-0000655 prime
G1 E46.34764920518526598917 F100.000000
; P02 POINT 3338 point-0003338 deposition
G1 A0.000000 C0.000000 X264.497365 Y255.163617 Z272.800000 E46.36169958426768840517 F100.000000
; P02 EVENT event-0000656 retract
G1 E45.36169958426768840517 F100.000000
; P02 POINT 3339 point-0003339 travel
G1 A0.000000 C0.000000 X264.529764 Y255.663617 Z272.800000 F100.000000
; P02 EVENT event-0000657 prime
G1 E46.36169958426768840517 F100.000000
; P02 POINT 3340 point-0003340 deposition
G1 A0.000000 C0.000000 X264.318546 Y255.663617 Z272.800000 E46.37574984023903662017 F100.000000
; P02 EVENT event-0000658 retract
G1 E45.37574984023903662017 F100.000000
; P02 POINT 3341 point-0003341 travel
G1 A0.000000 C0.000000 X264.331452 Y256.163617 Z272.800000 F100.000000
; P02 EVENT event-0000659 prime
G1 E46.37574984023903662017 F100.000000
; P02 POINT 3342 point-0003342 deposition
G1 A0.000000 C0.000000 X264.111401 Y256.163617 Z272.800000 E46.39038769414531849217 F100.000000
; P02 EVENT event-0000660 retract
G1 E45.39038769414531849217 F100.000000
; P02 POINT 3343 point-0003343 travel
G1 A0.000000 C0.000000 X264.095132 Y256.663617 Z272.800000 F100.000000
; P02 EVENT event-0000661 prime
G1 E46.39038769414531849217 F100.000000
; P02 POINT 3344 point-0003344 deposition
G1 A0.000000 C0.000000 X263.875081 Y256.663617 Z272.800000 E46.40502559961240526217 F100.000000
; P02 EVENT event-0000662 retract
G1 E45.40502559961240526217 F100.000000
; P02 POINT 3345 point-0003345 travel
G1 A0.000000 C0.000000 X263.858813 Y257.163617 Z272.800000 F100.000000
; P02 EVENT event-0000663 prime
G1 E46.40502559961240526217 F100.000000
; P02 POINT 3346 point-0003346 deposition
G1 A0.000000 C0.000000 X263.638760 Y257.163617 Z272.800000 E46.41966355664029692817 F100.000000
; P02 EVENT event-0000664 retract
G1 E45.41966355664029692817 F100.000000
; P02 POINT 3347 point-0003347 travel
G1 A0.000000 C0.000000 X263.586531 Y257.663617 Z272.800000 F100.000000
; P02 EVENT event-0000665 prime
G1 E46.41966355664029692817 F100.000000
; P02 POINT 3348 point-0003348 deposition
G1 A0.000000 C0.000000 X263.354533 Y257.663617 Z272.800000 E46.43509611889174215617 F100.000000
; P02 EVENT event-0000666 retract
G1 E45.43509611889174215617 F100.000000
; P02 POINT 3349 point-0003349 travel
G1 A0.000000 C0.000000 X263.287106 Y258.163617 Z272.800000 F100.000000
; P02 EVENT event-0000667 prime
G1 E46.43509611889174215617 F100.000000
; P02 POINT 3350 point-0003350 deposition
G1 A0.000000 C0.000000 X263.055103 Y258.163617 Z272.800000 E46.45052900786343341317 F100.000000
; P02 EVENT event-0000668 retract
G1 E45.45052900786343341317 F100.000000
; P02 POINT 3351 point-0003351 travel
G1 A0.000000 C0.000000 X262.987681 Y258.663617 Z272.800000 F100.000000
; P02 EVENT event-0000669 prime
G1 E46.45052900786343341317 F100.000000
; P02 POINT 3352 point-0003352 deposition
G1 A0.000000 C0.000000 X262.743941 Y258.663617 Z272.800000 E46.46674270038233091617 F100.000000
; P02 EVENT event-0000670 retract
G1 E45.46674270038233091617 F100.000000
; P02 POINT 3353 point-0003353 travel
G1 A0.000000 C0.000000 X262.621352 Y259.163617 Z272.800000 F100.000000
; P02 EVENT event-0000671 prime
G1 E46.46674270038233091617 F100.000000
; P02 POINT 3354 point-0003354 deposition
G1 A0.000000 C0.000000 X262.373495 Y259.163617 Z272.800000 E46.48323023227361178117 F100.000000
; P02 EVENT event-0000672 retract
G1 E45.48323023227361178117 F100.000000
; P02 POINT 3355 point-0003355 travel
G1 A0.000000 C0.000000 X262.250919 Y259.663617 Z272.800000 F100.000000
; P02 EVENT event-0000673 prime
G1 E46.48323023227361178117 F100.000000
; P02 POINT 3356 point-0003356 deposition
G1 A0.000000 C0.000000 X262.003050 Y259.663617 Z272.800000 E46.49971853143444321717 F100.000000
; P02 EVENT event-0000674 retract
G1 E45.49971853143444321717 F100.000000
; P02 POINT 3357 point-0003357 travel
G1 A0.000000 C0.000000 X261.840938 Y260.163617 Z272.800000 F100.000000
; P02 EVENT event-0000675 prime
G1 E46.49971853143444321717 F100.000000
; P02 POINT 3358 point-0003358 deposition
G1 A0.000000 C0.000000 X261.572120 Y260.163617 Z272.800000 E46.51760039489330194017 F100.000000
; P02 EVENT event-0000676 retract
G1 E45.51760039489330194017 F100.000000
; P02 POINT 3359 point-0003359 travel
G1 A0.000000 C0.000000 X261.388320 Y260.663617 Z272.800000 F100.000000
; P02 EVENT event-0000677 prime
G1 E46.51760039489330194017 F100.000000
; P02 POINT 3360 point-0003360 deposition
G1 A0.000000 C0.000000 X261.119480 Y260.663617 Z272.800000 E46.53548369098192723517 F100.000000
; P02 EVENT event-0000678 retract
G1 E45.53548369098192723517 F100.000000
; P02 POINT 3361 point-0003361 travel
G1 A0.000000 C0.000000 X260.915010 Y261.163617 Z272.800000 F100.000000
; P02 EVENT event-0000679 prime
G1 E46.53548369098192723517 F100.000000
; P02 POINT 3362 point-0003362 deposition
G1 A0.000000 C0.000000 X260.618240 Y261.163617 Z272.800000 E46.55522485577013568017 F100.000000
; P02 EVENT event-0000680 retract
G1 E45.55522485577013568017 F100.000000
; P02 POINT 3363 point-0003363 travel
G1 A0.000000 C0.000000 X260.364112 Y261.663617 Z272.800000 F100.000000
; P02 EVENT event-0000681 prime
G1 E46.55522485577013568017 F100.000000
; P02 POINT 3364 point-0003364 deposition
G1 A0.000000 C0.000000 X260.067306 Y261.663617 Z272.800000 E46.57496845451601725017 F100.000000
; P02 EVENT event-0000682 retract
G1 E45.57496845451601725017 F100.000000
; P02 POINT 3365 point-0003365 travel
G1 A0.000000 C0.000000 X259.794619 Y262.163617 Z272.800000 F100.000000
; P02 EVENT event-0000683 prime
G1 E46.57496845451601725017 F100.000000
; P02 POINT 3366 point-0003366 deposition
G1 A0.000000 C0.000000 X259.459832 Y262.163617 Z272.800000 E46.59723852875898794017 F100.000000
; P02 EVENT event-0000684 retract
G1 E45.59723852875898794017 F100.000000
; P02 POINT 3367 point-0003367 travel
G1 A0.000000 C0.000000 X259.121495 Y262.663617 Z272.800000 F100.000000
; P02 EVENT event-0000685 prime
G1 E46.59723852875898794017 F100.000000
; P02 POINT 3368 point-0003368 deposition
G1 A0.000000 C0.000000 X258.786650 Y262.663617 Z272.800000 E46.61951251365044762717 F100.000000
; P02 EVENT event-0000686 retract
G1 E45.61951251365044762717 F100.000000
; P02 POINT 3369 point-0003369 travel
G1 A0.000000 C0.000000 X258.396352 Y263.163617 Z272.800000 F100.000000
; P02 EVENT event-0000687 prime
G1 E46.61951251365044762717 F100.000000
; P02 POINT 3370 point-0003370 deposition
G1 A0.000000 C0.000000 X258.008130 Y263.163617 Z272.800000 E46.64533714049494173017 F100.000000
; P02 EVENT event-0000688 retract
G1 E45.64533714049494173017 F100.000000
; P02 POINT 3371 point-0003371 travel
G1 A0.000000 C0.000000 X257.563581 Y263.663617 Z272.800000 F100.000000
; P02 EVENT event-0000689 prime
G1 E46.64533714049494173017 F100.000000
; P02 POINT 3372 point-0003372 deposition
G1 A0.000000 C0.000000 X257.152258 Y263.663617 Z272.800000 E46.67269842751184155317 F100.000000
; P02 EVENT event-0000690 retract
G1 E45.67269842751184155317 F100.000000
; P02 POINT 3373 point-0003373 travel
G1 A0.000000 C0.000000 X256.564144 Y264.163617 Z272.800000 F100.000000
; P02 EVENT event-0000691 prime
G1 E46.67269842751184155317 F100.000000
; P02 POINT 3374 point-0003374 deposition
G1 A0.000000 C0.000000 X256.096922 Y264.163617 Z272.800000 E46.70377813472191070317 F100.000000
; P02 EVENT event-0000692 retract
G1 E45.70377813472191070317 F100.000000
; P02 POINT 3375 point-0003375 travel
G1 A0.000000 C0.000000 X255.360329 Y264.663617 Z272.800000 F100.000000
; P02 EVENT event-0000693 prime
G1 E46.70377813472191070317 F100.000000
; P02 POINT 3376 point-0003376 deposition
G1 A0.000000 C0.000000 X254.766985 Y264.663617 Z272.800000 E46.74324754489788492817 F100.000000
; P02 EVENT event-0000694 retract
G1 E45.74324754489788492817 F100.000000
; P02 POINT 3377 point-0003377 travel
G1 A0.000000 C0.000000 X253.724252 Y265.163617 Z272.800000 F100.000000
; P02 EVENT event-0000695 prime
G1 E46.74324754489788492817 F100.000000
; P02 POINT 3378 point-0003378 deposition
G1 A0.000000 C0.000000 X252.829121 Y265.163617 Z272.800000 E46.80279186375430300817 F100.000000
; P02 EVENT event-0000696 retract
G1 E45.80279186375430300817 F100.000000
; P02 POINT 3379 point-0003379 travel
G1 A0.000000 C0.000000 X247.170879 Y265.163617 Z272.800000 F100.000000
; P02 EVENT event-0000697 prime
G1 E46.80279186375430300817 F100.000000
; P02 POINT 3380 point-0003380 deposition
G1 A0.000000 C0.000000 X246.275748 Y265.163617 Z272.800000 E46.86233622856528446817 F100.000000
; P02 EVENT event-0000698 retract
G1 E45.86233622856528446817 F100.000000
; P02 POINT 3381 point-0003381 travel
G1 A0.000000 C0.000000 X245.233015 Y264.663617 Z272.800000 F100.000000
; P02 EVENT event-0000699 prime
G1 E46.86233622856528446817 F100.000000
; P02 POINT 3382 point-0003382 deposition
G1 A0.000000 C0.000000 X244.639671 Y264.663617 Z272.800000 E46.90180561591511001317 F100.000000
; P02 EVENT event-0000700 retract
G1 E45.90180561591511001317 F100.000000
; P02 POINT 3383 point-0003383 travel
G1 A0.000000 C0.000000 X243.903077 Y264.163617 Z272.800000 F100.000000
; P02 EVENT event-0000701 prime
G1 E46.90180561591511001317 F100.000000
; P02 POINT 3384 point-0003384 deposition
G1 A0.000000 C0.000000 X243.435856 Y264.163617 Z272.800000 E46.93288529672983017817 F100.000000
; P02 EVENT event-0000702 retract
G1 E45.93288529672983017817 F100.000000
; P02 POINT 3385 point-0003385 travel
G1 A0.000000 C0.000000 X242.847743 Y263.663617 Z272.800000 F100.000000
; P02 EVENT event-0000703 prime
G1 E46.93288529672983017817 F100.000000
; P02 POINT 3386 point-0003386 deposition
G1 A0.000000 C0.000000 X242.436419 Y263.663617 Z272.800000 E46.96024663255024696817 F100.000000
; P02 EVENT event-0000704 retract
G1 E45.96024663255024696817 F100.000000
; P02 POINT 3387 point-0003387 travel
G1 A0.000000 C0.000000 X241.991870 Y263.163617 Z272.800000 F100.000000
; P02 EVENT event-0000705 prime
G1 E46.96024663255024696817 F100.000000
; P02 POINT 3388 point-0003388 deposition
G1 A0.000000 C0.000000 X241.603648 Y263.163617 Z272.800000 E46.98607126320650411217 F100.000000
; P02 EVENT event-0000706 retract
G1 E45.98607126320650411217 F100.000000
; P02 POINT 3389 point-0003389 travel
G1 A0.000000 C0.000000 X241.213350 Y262.663617 Z272.800000 F100.000000
; P02 EVENT event-0000707 prime
G1 E46.98607126320650411217 F100.000000
; P02 POINT 3390 point-0003390 deposition
G1 A0.000000 C0.000000 X240.878505 Y262.663617 Z272.800000 E47.00834522460836662217 F100.000000
; P02 EVENT event-0000708 retract
G1 E46.00834522460836662217 F100.000000
; P02 POINT 3391 point-0003391 travel
G1 A0.000000 C0.000000 X240.540168 Y262.163617 Z272.800000 F100.000000
; P02 EVENT event-0000709 prime
G1 E47.00834522460836662217 F100.000000
; P02 POINT 3392 point-0003392 deposition
G1 A0.000000 C0.000000 X240.205381 Y262.163617 Z272.800000 E47.03061531449265330417 F100.000000
; P02 EVENT event-0000710 retract
G1 E46.03061531449265330417 F100.000000
; P02 POINT 3393 point-0003393 travel
G1 A0.000000 C0.000000 X239.932694 Y261.663617 Z272.800000 F100.000000
; P02 EVENT event-0000711 prime
G1 E47.03061531449265330417 F100.000000
; P02 POINT 3394 point-0003394 deposition
G1 A0.000000 C0.000000 X239.635888 Y261.663617 Z272.800000 E47.05035889315301622917 F100.000000
; P02 EVENT event-0000712 retract
G1 E46.05035889315301622917 F100.000000
; P02 POINT 3395 point-0003395 travel
G1 A0.000000 C0.000000 X239.381760 Y261.163617 Z272.800000 F100.000000
; P02 EVENT event-0000713 prime
G1 E47.05035889315301622917 F100.000000
; P02 POINT 3396 point-0003396 deposition
G1 A0.000000 C0.000000 X239.084991 Y261.163617 Z272.800000 E47.07010006984723771917 F100.000000
; P02 EVENT event-0000714 retract
G1 E46.07010006984723771917 F100.000000
; P02 POINT 3397 point-0003397 travel
G1 A0.000000 C0.000000 X238.880520 Y260.663617 Z272.800000 F100.000000
; P02 EVENT event-0000715 prime
G1 E47.07010006984723771917 F100.000000
; P02 POINT 3398 point-0003398 deposition
G1 A0.000000 C0.000000 X238.611680 Y260.663617 Z272.800000 E47.08798335790705799917 F100.000000
; P02 EVENT event-0000716 retract
G1 E46.08798335790705799917 F100.000000
; P02 POINT 3399 point-0003399 travel
G1 A0.000000 C0.000000 X238.427880 Y260.163617 Z272.800000 F100.000000
; P02 EVENT event-0000717 prime
G1 E47.08798335790705799917 F100.000000
; P02 POINT 3400 point-0003400 deposition
G1 A0.000000 C0.000000 X238.159062 Y260.163617 Z272.800000 E47.10586525336548862417 F100.000000
; P02 EVENT event-0000718 retract
G1 E46.10586525336548862417 F100.000000
; P02 POINT 3401 point-0003401 travel
G1 A0.000000 C0.000000 X237.996950 Y259.663617 Z272.800000 F100.000000
; P02 EVENT event-0000719 prime
G1 E47.10586525336548862417 F100.000000
; P02 POINT 3402 point-0003402 deposition
G1 A0.000000 C0.000000 X237.749081 Y259.663617 Z272.800000 E47.12235350685110165117 F100.000000
; P02 EVENT event-0000720 retract
G1 E46.12235350685110165117 F100.000000
; P02 POINT 3403 point-0003403 travel
G1 A0.000000 C0.000000 X237.626505 Y259.163617 Z272.800000 F100.000000
; P02 EVENT event-0000721 prime
G1 E47.12235350685110165117 F100.000000
; P02 POINT 3404 point-0003404 deposition
G1 A0.000000 C0.000000 X237.378648 Y259.163617 Z272.800000 E47.13884105632791665117 F100.000000
; P02 EVENT event-0000722 retract
G1 E46.13884105632791665117 F100.000000
; P02 POINT 3405 point-0003405 travel
G1 A0.000000 C0.000000 X237.256061 Y258.663617 Z272.800000 F100.000000
; P02 EVENT event-0000723 prime
G1 E47.13884105632791665117 F100.000000
; P02 POINT 3406 point-0003406 deposition
G1 A0.000000 C0.000000 X237.012319 Y258.663617 Z272.800000 E47.15505485191200088317 F100.000000
; P02 EVENT event-0000724 retract
G1 E46.15505485191200088317 F100.000000
; P02 POINT 3407 point-0003407 travel
G1 A0.000000 C0.000000 X236.944896 Y258.163617 Z272.800000 F100.000000
; P02 EVENT event-0000725 prime
G1 E47.15505485191200088317 F100.000000
; P02 POINT 3408 point-0003408 deposition
G1 A0.000000 C0.000000 X236.712894 Y258.163617 Z272.800000 E47.17048772024903884017 F100.000000
; P02 EVENT event-0000726 retract
G1 E46.17048772024903884017 F100.000000
; P02 POINT 3409 point-0003409 travel
G1 A0.000000 C0.000000 X236.645468 Y257.663617 Z272.800000 F100.000000
; P02 EVENT event-0000727 prime
G1 E47.17048772024903884017 F100.000000
; P02 POINT 3410 point-0003410 deposition
G1 A0.000000 C0.000000 X236.413469 Y257.663617 Z272.800000 E47.18592034248711881417 F100.000000
; P02 EVENT event-0000728 retract
G1 E46.18592034248711881417 F100.000000
; P02 POINT 3411 point-0003411 travel
G1 A0.000000 C0.000000 X236.361238 Y257.163617 Z272.800000 F100.000000
; P02 EVENT event-0000729 prime
G1 E47.18592034248711881417 F100.000000
; P02 POINT 3412 point-0003412 deposition
G1 A0.000000 C0.000000 X236.141187 Y257.163617 Z272.800000 E47.20055819780794917617 F100.000000
; P02 EVENT event-0000730 retract
G1 E46.20055819780794917617 F100.000000
; P02 POINT 3413 point-0003413 travel
G1 A0.000000 C0.000000 X236.124919 Y256.663617 Z272.800000 F100.000000
; P02 EVENT event-0000731 prime
G1 E47.20055819780794917617 F100.000000
; P02 POINT 3414 point-0003414 deposition
G1 A0.000000 C0.000000 X235.904868 Y256.663617 Z272.800000 E47.21519609599427214217 F100.000000
; P02 EVENT event-0000732 retract
G1 E46.21519609599427214217 F100.000000
; P02 POINT 3415 point-0003415 travel
G1 A0.000000 C0.000000 X235.888601 Y256.163617 Z272.800000 F100.000000
; P02 EVENT event-0000733 prime
G1 E47.21519609599427214217 F100.000000
; P02 POINT 3416 point-0003416 deposition
G1 A0.000000 C0.000000 X235.668548 Y256.163617 Z272.800000 E47.22983403704608770917 F100.000000
; P02 EVENT event-0000734 retract
G1 E46.22983403704608770917 F100.000000
; P02 POINT 3417 point-0003417 travel
G1 A0.000000 C0.000000 X235.681452 Y255.663617 Z272.800000 F100.000000
; P02 EVENT event-0000735 prime
G1 E47.22983403704608770917 F100.000000
; P02 POINT 3418 point-0003418 deposition
G1 A0.000000 C0.000000 X235.470236 Y255.663617 Z272.800000 E47.24388420884575935617 F100.000000
; P02 EVENT event-0000736 retract
G1 E46.24388420884575935617 F100.000000
; P02 POINT 3419 point-0003419 travel
G1 A0.000000 C0.000000 X235.502635 Y255.163617 Z272.800000 F100.000000
; P02 EVENT event-0000737 prime
G1 E47.24388420884575935617 F100.000000
; P02 POINT 3420 point-0003420 deposition
G1 A0.000000 C0.000000 X235.291416 Y255.163617 Z272.800000 E47.25793459628696788317 F100.000000
; P02 EVENT event-0000738 retract
G1 E46.25793459628696788317 F100.000000
; P02 POINT 3421 point-0003421 travel
G1 A0.000000 C0.000000 X235.323818 Y254.663617 Z272.800000 F100.000000
; P02 EVENT event-0000739 prime
G1 E47.25793459628696788317 F100.000000
; P02 POINT 3422 point-0003422 deposition
G1 A0.000000 C0.000000 X235.112595 Y254.663617 Z272.800000 E47.27198519936971328717 F100.000000
; P02 EVENT event-0000740 retract
G1 E46.27198519936971328717 F100.000000
; P02 POINT 3423 point-0003423 travel
G1 A0.000000 C0.000000 X235.180396 Y254.163617 Z272.800000 F100.000000
; P02 EVENT event-0000741 prime
G1 E47.27198519936971328717 F100.000000
; P02 POINT 3424 point-0003424 deposition
G1 A0.000000 C0.000000 X234.975421 Y254.163617 Z272.800000 E47.28562017048845946417 F100.000000
; P02 EVENT event-0000742 retract
G1 E46.28562017048845946417 F100.000000
; P02 POINT 3425 point-0003425 travel
G1 A0.000000 C0.000000 X235.055175 Y253.663617 Z272.800000 F100.000000
; P02 EVENT event-0000743 prime
G1 E47.28562017048845946417 F100.000000
; P02 POINT 3426 point-0003426 deposition
G1 A0.000000 C0.000000 X234.850196 Y253.663617 Z272.800000 E47.29925544286405724317 F100.000000
; P02 EVENT event-0000744 retract
G1 E46.29925544286405724317 F100.000000
; P02 POINT 3427 point-0003427 travel
G1 A0.000000 C0.000000 X234.929954 Y253.163617 Z272.800000 F100.000000
; P02 EVENT event-0000745 prime
G1 E47.29925544286405724317 F100.000000
; P02 POINT 3428 point-0003428 deposition
G1 A0.000000 C0.000000 X234.724970 Y253.163617 Z272.800000 E47.31289101649650662217 F100.000000
; P02 EVENT event-0000746 retract
G1 E46.31289101649650662217 F100.000000
; P02 POINT 3429 point-0003429 travel
G1 A0.000000 C0.000000 X234.640868 Y252.663617 Z272.800000 F100.000000
; P02 EVENT event-0000747 prime
G1 E47.31289101649650662217 F100.000000
; P02 POINT 3430 point-0003430 deposition
G1 A0.000000 C0.000000 X234.841852 Y252.663617 Z272.800000 E47.32626047948384649017 F100.000000
; P02 EVENT event-0000748 retract
G1 E46.32626047948384649017 F100.000000
; P02 POINT 3431 point-0003431 travel
G1 A0.000000 C0.000000 X234.767653 Y252.163617 Z272.800000 F100.000000
; P02 EVENT event-0000749 prime
G1 E47.32626047948384649017 F100.000000
; P02 POINT 3432 point-0003432 deposition
G1 A0.000000 C0.000000 X234.566665 Y252.163617 Z272.800000 E47.33963027158468006417 F100.000000
; P02 EVENT event-0000750 retract
G1 E46.33963027158468006417 F100.000000
; P02 POINT 3433 point-0003433 travel
G1 A0.000000 C0.000000 X234.492461 Y251.663617 Z272.800000 F100.000000
; P02 EVENT event-0000751 prime
G1 E47.33963027158468006417 F100.000000
; P02 POINT 3434 point-0003434 deposition
G1 A0.000000 C0.000000 X234.693454 Y251.663617 Z272.800000 E47.35300039279900746617 F100.000000
; P02 EVENT event-0000752 retract
G1 E46.35300039279900746617 F100.000000
; P02 POINT 3435 point-0003435 travel
G1 A0.000000 C0.000000 X234.655770 Y251.163617 Z272.800000 F100.000000
; P02 EVENT event-0000753 prime
G1 E47.35300039279900746617 F100.000000
; P02 POINT 3436 point-0003436 deposition
G1 A0.000000 C0.000000 X234.456736 Y251.163617 Z272.800000 E47.36624023466071444617 F100.000000
; P02 EVENT event-0000754 retract
G1 E46.36624023466071444617 F100.000000
; P02 POINT 3437 point-0003437 travel
G1 A0.000000 C0.000000 X234.432092 Y250.663617 Z272.800000 F100.000000
; P02 EVENT event-0000755 prime
G1 E47.36624023466071444617 F100.000000
; P02 POINT 3438 point-0003438 deposition
G1 A0.000000 C0.000000 X234.631131 Y250.663617 Z272.800000 E47.37948039110903750317 F100.000000
; P02 EVENT event-0000756 retract
G1 E46.37948039110903750317 F100.000000
; P02 POINT 3439 point-0003439 travel
G1 A0.000000 C0.000000 X234.200242 Y250.041683 Z273.200000 F100.000000
; P02 EVENT event-0000757 prime
G1 E47.37948039110903750317 F100.000000
; P02 POINT 3440 point-0003440 deposition
G1 A0.000000 C0.000000 X234.275608 Y248.491791 Z273.200000 E47.48270139709321649317 F100.000000
; P02 POINT 3441 point-0003441 deposition
G1 A0.000000 C0.000000 X234.502416 Y246.956562 Z273.200000 E47.58593374598802873317 F100.000000
; P02 POINT 3442 point-0003442 deposition
G1 A0.000000 C0.000000 X234.878566 Y245.450801 Z273.200000 E47.68917531919824219317 F100.000000
; P02 POINT 3443 point-0003443 deposition
G1 A0.000000 C0.000000 X235.400388 Y243.989330 Z273.200000 E47.79240387981440434317 F100.000000
; P02 POINT 3444 point-0003444 deposition
G1 A0.000000 C0.000000 X236.062750 Y242.586380 Z273.200000 E47.89560668575811070317 F100.000000
; P02 POINT 3445 point-0003445 deposition
G1 A0.000000 C0.000000 X236.859735 Y241.254627 Z273.200000 E47.99884716118343264317 F100.000000
; P02 POINT 3446 point-0003446 deposition
G1 A0.000000 C0.000000 X237.783500 Y240.007413 Z273.200000 E48.10209049385432280317 F100.000000
; P02 POINT 3447 point-0003447 deposition
G1 A0.000000 C0.000000 X238.825008 Y238.856954 Z273.200000 E48.20532116758015010317 F100.000000
; P02 POINT 3448 point-0003448 deposition
G1 A0.000000 C0.000000 X239.974212 Y237.814306 Z273.200000 E48.30854090826906212317 F100.000000
; P02 POINT 3449 point-0003449 deposition
G1 A0.000000 C0.000000 X241.220135 Y236.889423 Z273.200000 E48.41175958489279485317 F100.000000
; P02 POINT 3450 point-0003450 deposition
G1 A0.000000 C0.000000 X242.550907 Y236.091165 Z273.200000 E48.51498760391955929317 F100.000000
; P02 POINT 3451 point-0003451 deposition
G1 A0.000000 C0.000000 X243.953762 Y235.427265 Z273.200000 E48.61822838696024204317 F100.000000
; P02 POINT 3452 point-0003452 deposition
G1 A0.000000 C0.000000 X245.415008 Y234.904248 Z273.200000 E48.72146957729055516317 F100.000000
; P02 POINT 3453 point-0003453 deposition
G1 A0.000000 C0.000000 X246.919975 Y234.527289 Z273.200000 E48.82467305155867200317 F100.000000
; P02 POINT 3454 point-0003454 deposition
G1 A0.000000 C0.000000 X248.454314 Y234.299850 Z273.200000 E48.92785289457582634317 F100.000000
; P02 POINT 3455 point-0003455 deposition
G1 A0.000000 C0.000000 X250.003563 Y234.224026 Z273.200000 E49.03103275171970313317 F100.000000
; P02 POINT 3456 point-0003456 deposition
G1 A0.000000 C0.000000 X251.552952 Y234.300566 Z273.200000 E49.13422422173130261317 F100.000000
; P02 POINT 3457 point-0003457 deposition
G1 A0.000000 C0.000000 X253.087432 Y234.528764 Z273.200000 E49.23742074674425000317 F100.000000
; P02 POINT 3458 point-0003458 deposition
G1 A0.000000 C0.000000 X254.592054 Y234.906392 Z273.200000 E49.34061280056252580317 F100.000000
; P02 POINT 3459 point-0003459 deposition
G1 A0.000000 C0.000000 X256.052345 Y235.429797 Z273.200000 E49.44380292058417348317 F100.000000
; P02 POINT 3460 point-0003460 deposition
G1 A0.000000 C0.000000 X257.454298 Y236.093950 Z273.200000 E49.54699661884062658317 F100.000000
; P02 POINT 3461 point-0003461 deposition
G1 A0.000000 C0.000000 X258.784387 Y236.892448 Z273.200000 E49.65019392145273918317 F100.000000
; P02 POINT 3462 point-0003462 deposition
G1 A0.000000 C0.000000 X260.029632 Y237.817464 Z273.200000 E49.75338160225333043317 F100.000000
; P02 POINT 3463 point-0003463 deposition
G1 A0.000000 C0.000000 X261.178149 Y238.860114 Z273.200000 E49.85656758700217678317 F100.000000
; P02 POINT 3464 point-0003464 deposition
G1 A0.000000 C0.000000 X262.218898 Y240.010340 Z273.200000 E49.95975293981085130317 F100.000000
; P02 POINT 3465 point-0003465 deposition
G1 A0.000000 C0.000000 X263.141875 Y241.257039 Z273.200000 E50.06293754222897697317 F100.000000
; P02 POINT 3466 point-0003466 deposition
G1 A0.000000 C0.000000 X263.938234 Y242.588224 Z273.200000 E50.16612423534554682317 F100.000000
; P02 POINT 3467 point-0003467 deposition
G1 A0.000000 C0.000000 X264.600312 Y243.991024 Z273.200000 E50.26930986678800952317 F100.000000
; P02 POINT 3468 point-0003468 deposition
G1 A0.000000 C0.000000 X265.121845 Y245.452160 Z273.200000 E50.37251100818615557317 F100.000000
; P02 POINT 3469 point-0003469 deposition
G1 A0.000000 C0.000000 X265.497768 Y246.957491 Z273.200000 E50.47572124035706121317 F100.000000
; P02 POINT 3470 point-0003470 deposition
G1 A0.000000 C0.000000 X265.724444 Y248.492319 Z273.200000 E50.57892583567774903317 F100.000000
; P02 POINT 3471 point-0003471 deposition
G1 A0.000000 C0.000000 X265.799758 Y250.041893 Z273.200000 E50.68212558268595081317 F100.000000
; P02 POINT 3472 point-0003472 deposition
G1 A0.000000 C0.000000 X265.723040 Y251.591430 Z273.200000 E50.78532745982304904317 F100.000000
; P02 POINT 3473 point-0003473 deposition
G1 A0.000000 C0.000000 X265.495041 Y253.126131 Z273.200000 E50.88853664928571108317 F100.000000
; P02 POINT 3474 point-0003474 deposition
G1 A0.000000 C0.000000 X265.117974 Y254.631198 Z273.200000 E50.99174829423126511317 F100.000000
; P02 POINT 3475 point-0003475 deposition
G1 A0.000000 C0.000000 X264.595587 Y256.091928 Z273.200000 E51.09494308091426597317 F100.000000
; P02 POINT 3476 point-0003476 deposition
G1 A0.000000 C0.000000 X263.932766 Y257.494738 Z273.200000 E51.19815044732957556317 F100.000000
; P02 POINT 3477 point-0003477 deposition
G1 A0.000000 C0.000000 X263.135900 Y258.826040 Z273.200000 E51.30136114681949936317 F100.000000
; P02 POINT 3478 point-0003478 deposition
G1 A0.000000 C0.000000 X262.212702 Y260.072937 Z273.200000 E51.40456505140779404317 F100.000000
; P02 POINT 3479 point-0003479 deposition
G1 A0.000000 C0.000000 X261.171998 Y261.223489 Z273.200000 E51.50776447191972784317 F100.000000
; P02 POINT 3480 point-0003480 deposition
G1 A0.000000 C0.000000 X260.023668 Y262.266691 Z273.200000 E51.61096598010216843317 F100.000000
; P02 POINT 3481 point-0003481 deposition
G1 A0.000000 C0.000000 X258.778631 Y263.192479 Z273.200000 E51.71417317253721142317 F100.000000
; P02 POINT 3482 point-0003482 deposition
G1 A0.000000 C0.000000 X257.448879 Y263.991782 Z273.200000 E51.81737882199619110317 F100.000000
; P02 POINT 3483 point-0003483 deposition
G1 A0.000000 C0.000000 X256.047436 Y264.656673 Z273.200000 E51.92056291248823432317 F100.000000
; P02 POINT 3484 point-0003484 deposition
G1 A0.000000 C0.000000 X254.587583 Y265.180763 Z273.200000 E52.02374101932787019317 F100.000000
; P02 POINT 3485 point-0003485 deposition
G1 A0.000000 C0.000000 X253.083312 Y265.558895 Z273.200000 E52.12691857792745549317 F100.000000
; P02 POINT 3486 point-0003486 deposition
G1 A0.000000 C0.000000 X251.549167 Y265.787300 Z273.200000 E52.23009512517072263317 F100.000000
; P02 POINT 3487 point-0003487 deposition
G1 A0.000000 C0.000000 X250.000000 Y265.863690 Z273.200000 E52.33327132372613004317 F100.000000
; P02 POINT 3488 point-0003488 deposition
G1 A0.000000 C0.000000 X248.450866 Y265.787303 Z273.200000 E52.43644530311220876317 F100.000000
; P02 POINT 3489 point-0003489 deposition
G1 A0.000000 C0.000000 X246.916754 Y265.558908 Z273.200000 E52.53961964656830152317 F100.000000
; P02 POINT 3490 point-0003490 deposition
G1 A0.000000 C0.000000 X245.412512 Y265.180792 Z273.200000 E52.64279500158293138317 F100.000000
; P02 POINT 3491 point-0003491 deposition
G1 A0.000000 C0.000000 X243.952686 Y264.656724 Z273.200000 E52.74597092621124260317 F100.000000
; P02 POINT 3492 point-0003492 deposition
G1 A0.000000 C0.000000 X242.551312 Y263.991884 Z273.200000 E52.84914946722904905317 F100.000000
; P02 POINT 3493 point-0003493 deposition
G1 A0.000000 C0.000000 X241.221756 Y263.192738 Z273.200000 E52.95233850756416456317 F100.000000
; P02 POINT 3494 point-0003494 deposition
G1 A0.000000 C0.000000 X239.976899 Y262.267158 Z273.200000 E53.05552789971035632317 F100.000000
; P02 POINT 3495 point-0003495 deposition
G1 A0.000000 C0.000000 X238.828670 Y261.224159 Z273.200000 E53.15871535083457842317 F100.000000
; P02 POINT 3496 point-0003496 deposition
G1 A0.000000 C0.000000 X237.787994 Y260.073787 Z273.200000 E53.26190462042718271317 F100.000000
; P02 POINT 3497 point-0003497 deposition
G1 A0.000000 C0.000000 X236.864800 Y258.827090 Z273.200000 E53.36509764544776108317 F100.000000
; P02 POINT 3498 point-0003498 deposition
G1 A0.000000 C0.000000 X236.067983 Y257.496141 Z273.200000 E53.46828654350992287317 F100.000000
; P02 POINT 3499 point-0003499 deposition
G1 A0.000000 C0.000000 X235.404952 Y256.093229 Z273.200000 E53.57150599403197804317 F100.000000
; P02 POINT 3500 point-0003500 deposition
G1 A0.000000 C0.000000 X234.882220 Y254.631837 Z273.200000 E53.67475001497850632317 F100.000000
; P02 POINT 3501 point-0003501 deposition
G1 A0.000000 C0.000000 X234.505012 Y253.126395 Z273.200000 E53.77798813751767756317 F100.000000
; P02 POINT 3502 point-0003502 deposition
G1 A0.000000 C0.000000 X234.276963 Y251.591459 Z273.200000 E53.88121322733237116317 F100.000000
; P02 POINT 3503 point-0003503 deposition
G1 A0.000000 C0.000000 X234.200242 Y250.041683 Z273.200000 E53.98443100036564551317 F100.000000
; P02 EVENT event-0000758 retract
G1 E52.98443100036564551317 F100.000000
; P02 POINT 3504 point-0003504 travel
G1 A0.000000 C0.000000 X234.800001 Y250.039851 Z273.200000 F100.000000
; P02 EVENT event-0000759 prime
G1 E53.98443100036564551317 F100.000000
; P02 POINT 3505 point-0003505 deposition
G1 A0.000000 C0.000000 X234.800008 Y250.041485 Z273.200000 E53.98453968892780301226 F100.000000
; P02 POINT 3506 point-0003506 deposition
G1 A0.000000 C0.000000 X234.800029 Y250.043118 Z273.200000 E53.98464837748996051261 F100.000000
; P02 POINT 3507 point-0003507 deposition
G1 A0.000000 C0.000000 X234.800063 Y250.044752 Z273.200000 E53.98475706605211801160 F100.000000
; P02 POINT 3508 point-0003508 deposition
G1 A0.000000 C0.000000 X234.800110 Y250.046385 Z273.200000 E53.98486575461427550994 F100.000000
; P02 POINT 3509 point-0003509 deposition
G1 A0.000000 C0.000000 X234.800170 Y250.048018 Z273.200000 E53.98497444317643300893 F100.000000
; P02 POINT 3510 point-0003510 deposition
G1 A0.000000 C0.000000 X234.800244 Y250.049650 Z273.200000 E53.98508313173859051193 F100.000000
; P02 POINT 3511 point-0003511 deposition
G1 A0.000000 C0.000000 X234.872906 Y251.520710 Z273.200000 E54.08305771525622002193 F100.000000
; P02 POINT 3512 point-0003512 deposition
G1 A0.000000 C0.000000 X234.872993 Y251.522341 Z273.200000 E54.08316637781985172203 F100.000000
; P02 POINT 3513 point-0003513 deposition
G1 A0.000000 C0.000000 X234.873094 Y251.523972 Z273.200000 E54.08327504038348342299 F100.000000
; P02 POINT 3514 point-0003514 deposition
G1 A0.000000 C0.000000 X234.873208 Y251.525601 Z273.200000 E54.08338370294711512104 F100.000000
; P02 POINT 3515 point-0003515 deposition
G1 A0.000000 C0.000000 X234.873335 Y251.527230 Z273.200000 E54.08349236551074682456 F100.000000
; P02 POINT 3516 point-0003516 deposition
G1 A0.000000 C0.000000 X234.873475 Y251.528857 Z273.200000 E54.08360102807437853002 F100.000000
; P02 POINT 3517 point-0003517 deposition
G1 A0.000000 C0.000000 X234.873629 Y251.530483 Z273.200000 E54.08370969063801022687 F100.000000
; P02 POINT 3518 point-0003518 deposition
G1 A0.000000 C0.000000 X234.873796 Y251.532108 Z273.200000 E54.08381835320164193524 F100.000000
; P02 POINT 3519 point-0003519 deposition
G1 A0.000000 C0.000000 X234.873977 Y251.533732 Z273.200000 E54.08392701576527363642 F100.000000
; P02 POINT 3520 point-0003520 deposition
G1 A0.000000 C0.000000 X234.874170 Y251.535354 Z273.200000 E54.08403567832890533898 F100.000000
; P02 POINT 3521 point-0003521 deposition
G1 A0.000000 C0.000000 X234.874377 Y251.536974 Z273.200000 E54.08414434089253704352 F100.000000
; P02 POINT 3522 point-0003522 deposition
G1 A0.000000 C0.000000 X234.874597 Y251.538593 Z273.200000 E54.08425300345616874693 F100.000000
; P02 POINT 3523 point-0003523 deposition
G1 A0.000000 C0.000000 X234.874830 Y251.540210 Z273.200000 E54.08436166601980045469 F100.000000
; P02 POINT 3524 point-0003524 deposition
G1 A0.000000 C0.000000 X235.091095 Y252.997104 Z273.200000 E54.18233661164204910469 F100.000000
; P02 POINT 3525 point-0003525 deposition
G1 A0.000000 C0.000000 X235.091341 Y252.998719 Z273.200000 E54.18244525178289971853 F100.000000
; P02 POINT 3526 point-0003526 deposition
G1 A0.000000 C0.000000 X235.091600 Y253.000331 Z273.200000 E54.18255389192375036867 F100.000000
; P02 POINT 3527 point-0003527 deposition
G1 A0.000000 C0.000000 X235.091873 Y253.001942 Z273.200000 E54.18266253206460099087 F100.000000
; P02 POINT 3528 point-0003528 deposition
G1 A0.000000 C0.000000 X235.092159 Y253.003550 Z273.200000 E54.18277117220545160739 F100.000000
; P02 POINT 3529 point-0003529 deposition
G1 A0.000000 C0.000000 X235.092458 Y253.005155 Z273.200000 E54.18287981234630226450 F100.000000
; P02 POINT 3530 point-0003530 deposition
G1 A0.000000 C0.000000 X235.092770 Y253.006758 Z273.200000 E54.18298845248715290210 F100.000000
; P02 POINT 3531 point-0003531 deposition
G1 A0.000000 C0.000000 X235.093095 Y253.008359 Z273.200000 E54.18309709262800352304 F100.000000
; P02 POINT 3532 point-0003532 deposition
G1 A0.000000 C0.000000 X235.093434 Y253.009956 Z273.200000 E54.18320573276885412389 F100.000000
; P02 POINT 3533 point-0003533 deposition
G1 A0.000000 C0.000000 X235.093785 Y253.011551 Z273.200000 E54.18331437290970479239 F100.000000
; P02 POINT 3534 point-0003534 deposition
G1 A0.000000 C0.000000 X235.094149 Y253.013143 Z273.200000 E54.18342301305055542649 F100.000000
; P02 POINT 3535 point-0003535 deposition
G1 A0.000000 C0.000000 X235.094526 Y253.014732 Z273.200000 E54.18353165319140602192 F100.000000
; P02 POINT 3536 point-0003536 deposition
G1 A0.000000 C0.000000 X235.094917 Y253.016318 Z273.200000 E54.18364029333225669222 F100.000000
; P02 POINT 3537 point-0003537 deposition
G1 A0.000000 C0.000000 X235.452679 Y254.445069 Z273.200000 E54.28161545087937735222 F100.000000
; P02 POINT 3538 point-0003538 deposition
G1 A0.000000 C0.000000 X235.453082 Y254.446651 Z273.200000 E54.28172407366333082766 F100.000000
; P02 POINT 3539 point-0003539 deposition
G1 A0.000000 C0.000000 X235.453498 Y254.448230 Z273.200000 E54.28183269644728429209 F100.000000
; P02 POINT 3540 point-0003540 deposition
G1 A0.000000 C0.000000 X235.453927 Y254.449806 Z273.200000 E54.28194131923123776701 F100.000000
; P02 POINT 3541 point-0003541 deposition
G1 A0.000000 C0.000000 X235.454369 Y254.451378 Z273.200000 E54.28204994201519127267 F100.000000
; P02 POINT 3542 point-0003542 deposition
G1 A0.000000 C0.000000 X235.454823 Y254.452946 Z273.200000 E54.28215856479914475507 F100.000000
; P02 POINT 3543 point-0003543 deposition
G1 A0.000000 C0.000000 X235.455291 Y254.454511 Z273.200000 E54.28226718758309822837 F100.000000
; P02 POINT 3544 point-0003544 deposition
G1 A0.000000 C0.000000 X235.455771 Y254.456072 Z273.200000 E54.28237581036705166659 F100.000000
; P02 POINT 3545 point-0003545 deposition
G1 A0.000000 C0.000000 X235.456264 Y254.457628 Z273.200000 E54.28248443315100512201 F100.000000
; P02 POINT 3546 point-0003546 deposition
G1 A0.000000 C0.000000 X235.456769 Y254.459181 Z273.200000 E54.28259305593495861825 F100.000000
; P02 POINT 3547 point-0003547 deposition
G1 A0.000000 C0.000000 X235.457288 Y254.460730 Z273.200000 E54.28270167871891209450 F100.000000
; P02 POINT 3548 point-0003548 deposition
G1 A0.000000 C0.000000 X235.457818 Y254.462274 Z273.200000 E54.28281030150286552792 F100.000000
; P02 POINT 3549 point-0003549 deposition
G1 A0.000000 C0.000000 X235.458362 Y254.463814 Z273.200000 E54.28291892428681902222 F100.000000
; P02 POINT 3550 point-0003550 deposition
G1 A0.000000 C0.000000 X235.954168 Y255.850717 Z273.200000 E54.38089414378975587222 F100.000000
; P02 POINT 3551 point-0003551 deposition
G1 A0.000000 C0.000000 X235.954724 Y255.852252 Z273.200000 E54.38100275658051241380 F100.000000
; P02 POINT 3552 point-0003552 deposition
G1 A0.000000 C0.000000 X235.955292 Y255.853783 Z273.200000 E54.38111136937126891527 F100.000000
; P02 POINT 3553 point-0003553 deposition
G1 A0.000000 C0.000000 X235.955873 Y255.855309 Z273.200000 E54.38121998216202542792 F100.000000
; P02 POINT 3554 point-0003554 deposition
G1 A0.000000 C0.000000 X235.956467 Y255.856830 Z273.200000 E54.38132859495278199001 F100.000000
; P02 POINT 3555 point-0003555 deposition
G1 A0.000000 C0.000000 X235.957072 Y255.858346 Z273.200000 E54.38143720774353847908 F100.000000
; P02 POINT 3556 point-0003556 deposition
G1 A0.000000 C0.000000 X235.957691 Y255.859857 Z273.200000 E54.38154582053429500719 F100.000000
; P02 POINT 3557 point-0003557 deposition
G1 A0.000000 C0.000000 X235.958321 Y255.861363 Z273.200000 E54.38165443332505153102 F100.000000
; P02 POINT 3558 point-0003558 deposition
G1 A0.000000 C0.000000 X235.958964 Y255.862864 Z273.200000 E54.38176304611580811109 F100.000000
; P02 POINT 3559 point-0003559 deposition
G1 A0.000000 C0.000000 X235.959619 Y255.864360 Z273.200000 E54.38187165890656459921 F100.000000
; P02 POINT 3560 point-0003560 deposition
G1 A0.000000 C0.000000 X235.960286 Y255.865850 Z273.200000 E54.38198027169732110259 F100.000000
; P02 POINT 3561 point-0003561 deposition
G1 A0.000000 C0.000000 X235.960965 Y255.867335 Z273.200000 E54.38208888448807765972 F100.000000
; P02 POINT 3562 point-0003562 deposition
G1 A0.000000 C0.000000 X235.961656 Y255.868814 Z273.200000 E54.38219749727883417184 F100.000000
; P02 POINT 3563 point-0003563 deposition
G1 A0.000000 C0.000000 X236.590738 Y257.200571 Z273.200000 E54.48017264721756520184 F100.000000
; P02 POINT 3564 point-0003564 deposition
G1 A0.000000 C0.000000 X236.591442 Y257.202045 Z273.200000 E54.48028126015605738522 F100.000000
; P02 POINT 3565 point-0003565 deposition
G1 A0.000000 C0.000000 X236.592157 Y257.203513 Z273.200000 E54.48038987309454951627 F100.000000
; P02 POINT 3566 point-0003566 deposition
G1 A0.000000 C0.000000 X236.592884 Y257.204974 Z273.200000 E54.48049848603304163546 F100.000000
; P02 POINT 3567 point-0003567 deposition
G1 A0.000000 C0.000000 X236.593624 Y257.206430 Z273.200000 E54.48060709897153383226 F100.000000
; P02 POINT 3568 point-0003568 deposition
G1 A0.000000 C0.000000 X236.594375 Y257.207880 Z273.200000 E54.48071571191002597450 F100.000000
; P02 POINT 3569 point-0003569 deposition
G1 A0.000000 C0.000000 X236.595138 Y257.209324 Z273.200000 E54.48082432484851814373 F100.000000
; P02 POINT 3570 point-0003570 deposition
G1 A0.000000 C0.000000 X236.595913 Y257.210761 Z273.200000 E54.48093293778701031347 F100.000000
; P02 POINT 3571 point-0003571 deposition
G1 A0.000000 C0.000000 X236.596699 Y257.212192 Z273.200000 E54.48104155072550245718 F100.000000
; P02 POINT 3572 point-0003572 deposition
G1 A0.000000 C0.000000 X236.597497 Y257.213616 Z273.200000 E54.48115016366399463233 F100.000000
; P02 POINT 3573 point-0003573 deposition
G1 A0.000000 C0.000000 X236.598307 Y257.215034 Z273.200000 E54.48125877660248681607 F100.000000
; P02 POINT 3574 point-0003574 deposition
G1 A0.000000 C0.000000 X236.599128 Y257.216445 Z273.200000 E54.48136738954097893282 F100.000000
; P02 POINT 3575 point-0003575 deposition
G1 A0.000000 C0.000000 X236.599961 Y257.217850 Z273.200000 E54.48147600247947109760 F100.000000
; P02 POINT 3576 point-0003576 deposition
G1 A0.000000 C0.000000 X237.356287 Y258.481693 Z273.200000 E54.57945134967893233760 F100.000000
; P02 POINT 3577 point-0003577 deposition
G1 A0.000000 C0.000000 X237.357132 Y258.483091 Z273.200000 E54.57955997537781963492 F100.000000
; P02 POINT 3578 point-0003578 deposition
G1 A0.000000 C0.000000 X237.357987 Y258.484482 Z273.200000 E54.57966860107670692185 F100.000000
; P02 POINT 3579 point-0003579 deposition
G1 A0.000000 C0.000000 X237.358854 Y258.485866 Z273.200000 E54.57977722677559413772 F100.000000
; P02 POINT 3580 point-0003580 deposition
G1 A0.000000 C0.000000 X237.359733 Y258.487242 Z273.200000 E54.57988585247448136351 F100.000000
; P02 POINT 3581 point-0003581 deposition
G1 A0.000000 C0.000000 X237.360622 Y258.488612 Z273.200000 E54.57999447817336864409 F100.000000
; P02 POINT 3582 point-0003582 deposition
G1 A0.000000 C0.000000 X237.361523 Y258.489974 Z273.200000 E54.58010310387225587749 F100.000000
; P02 POINT 3583 point-0003583 deposition
G1 A0.000000 C0.000000 X237.362434 Y258.491329 Z273.200000 E54.58021172957114309647 F100.000000
; P02 POINT 3584 point-0003584 deposition
G1 A0.000000 C0.000000 X237.363357 Y258.492676 Z273.200000 E54.58032035527003049390 F100.000000
; P02 POINT 3585 point-0003585 deposition
G1 A0.000000 C0.000000 X237.364291 Y258.494016 Z273.200000 E54.58042898096891769304 F100.000000
; P02 POINT 3586 point-0003586 deposition
G1 A0.000000 C0.000000 X237.365235 Y258.495348 Z273.200000 E54.58053760666780498278 F100.000000
; P02 POINT 3587 point-0003587 deposition
G1 A0.000000 C0.000000 X237.366191 Y258.496672 Z273.200000 E54.58064623236669222731 F100.000000
; P02 POINT 3588 point-0003588 deposition
G1 A0.000000 C0.000000 X237.367157 Y258.497988 Z273.200000 E54.58075485806557942706 F100.000000
; P02 POINT 3589 point-0003589 deposition
G1 A0.000000 C0.000000 X238.243486 Y259.681783 Z273.200000 E54.67873003030580506706 F100.000000
; P02 POINT 3590 point-0003590 deposition
G1 A0.000000 C0.000000 X238.244464 Y259.683092 Z273.200000 E54.67883868360623949858 F100.000000
; P02 POINT 3591 point-0003591 deposition
G1 A0.000000 C0.000000 X238.245451 Y259.684392 Z273.200000 E54.67894733690667382090 F100.000000
; P02 POINT 3592 point-0003592 deposition
G1 A0.000000 C0.000000 X238.246450 Y259.685685 Z273.200000 E54.67905599020710822255 F100.000000
; P02 POINT 3593 point-0003593 deposition
G1 A0.000000 C0.000000 X238.247459 Y259.686970 Z273.200000 E54.67916464350754259842 F100.000000
; P02 POINT 3594 point-0003594 deposition
G1 A0.000000 C0.000000 X238.248478 Y259.688246 Z273.200000 E54.67927329680797697970 F100.000000
; P02 POINT 3595 point-0003595 deposition
G1 A0.000000 C0.000000 X238.249508 Y259.689514 Z273.200000 E54.67938195010841136039 F100.000000
; P02 POINT 3596 point-0003596 deposition
G1 A0.000000 C0.000000 X238.250548 Y259.690773 Z273.200000 E54.67949060340884577335 F100.000000
; P02 POINT 3597 point-0003597 deposition
G1 A0.000000 C0.000000 X238.251599 Y259.692024 Z273.200000 E54.67959925670928005954 F100.000000
; P02 POINT 3598 point-0003598 deposition
G1 A0.000000 C0.000000 X238.252659 Y259.693266 Z273.200000 E54.67970791000971452369 F100.000000
; P02 POINT 3599 point-0003599 deposition
G1 A0.000000 C0.000000 X238.253730 Y259.694500 Z273.200000 E54.67981656331014878317 F100.000000
; P02 POINT 3600 point-0003600 deposition
G1 A0.000000 C0.000000 X238.254810 Y259.695724 Z273.200000 E54.67992521661058322620 F100.000000
; P02 POINT 3601 point-0003601 deposition
G1 A0.000000 C0.000000 X238.255901 Y259.696940 Z273.200000 E54.68003386991101763507 F100.000000
; P02 POINT 3602 point-0003602 deposition
G1 A0.000000 C0.000000 X239.243855 Y260.789307 Z273.200000 E54.77800894535075301507 F100.000000
; P02 POINT 3603 point-0003603 deposition
G1 A0.000000 C0.000000 X239.244956 Y260.790515 Z273.200000 E54.77811764255167920718 F100.000000
; P02 POINT 3604 point-0003604 deposition
G1 A0.000000 C0.000000 X239.246067 Y260.791713 Z273.200000 E54.77822633975260549057 F100.000000
; P02 POINT 3605 point-0003605 deposition
G1 A0.000000 C0.000000 X239.247187 Y260.792902 Z273.200000 E54.77833503695353169962 F100.000000
; P02 POINT 3606 point-0003606 deposition
G1 A0.000000 C0.000000 X239.248317 Y260.794082 Z273.200000 E54.77844373415445789687 F100.000000
; P02 POINT 3607 point-0003607 deposition
G1 A0.000000 C0.000000 X239.249457 Y260.795253 Z273.200000 E54.77855243135538415082 F100.000000
; P02 POINT 3608 point-0003608 deposition
G1 A0.000000 C0.000000 X239.250607 Y260.796415 Z273.200000 E54.77866112855631043910 F100.000000
; P02 POINT 3609 point-0003609 deposition
G1 A0.000000 C0.000000 X239.251766 Y260.797567 Z273.200000 E54.77876982575723661650 F100.000000
; P02 POINT 3610 point-0003610 deposition
G1 A0.000000 C0.000000 X239.252934 Y260.798709 Z273.200000 E54.77887852295816286076 F100.000000
; P02 POINT 3611 point-0003611 deposition
G1 A0.000000 C0.000000 X239.254111 Y260.799842 Z273.200000 E54.77898722015908910898 F100.000000
; P02 POINT 3612 point-0003612 deposition
G1 A0.000000 C0.000000 X239.255298 Y260.800965 Z273.200000 E54.77909591736001536147 F100.000000
; P02 POINT 3613 point-0003613 deposition
G1 A0.000000 C0.000000 X239.256494 Y260.802079 Z273.200000 E54.77920461456094160145 F100.000000
; P02 POINT 3614 point-0003614 deposition
G1 A0.000000 C0.000000 X239.257699 Y260.803183 Z273.200000 E54.77931331176186778748 F100.000000
; P02 POINT 3615 point-0003615 deposition
G1 A0.000000 C0.000000 X240.347828 Y261.793590 Z273.200000 E54.87728770178665325748 F100.000000
; P02 POINT 3616 point-0003616 deposition
G1 A0.000000 C0.000000 X240.349043 Y261.794684 Z273.200000 E54.87739645972004016800 F100.000000
; P02 POINT 3617 point-0003617 deposition
G1 A0.000000 C0.000000 X240.350266 Y261.795769 Z273.200000 E54.87750521765342711604 F100.000000
; P02 POINT 3618 point-0003618 deposition
G1 A0.000000 C0.000000 X240.351498 Y261.796843 Z273.200000 E54.87761397558681399194 F100.000000
; P02 POINT 3619 point-0003619 deposition
G1 A0.000000 C0.000000 X240.352739 Y261.797908 Z273.200000 E54.87772273352020093699 F100.000000
; P02 POINT 3620 point-0003620 deposition
G1 A0.000000 C0.000000 X240.353989 Y261.798962 Z273.200000 E54.87783149145358789768 F100.000000
; P02 POINT 3621 point-0003621 deposition
G1 A0.000000 C0.000000 X240.355247 Y261.800006 Z273.200000 E54.87794024938697483675 F100.000000
; P02 POINT 3622 point-0003622 deposition
G1 A0.000000 C0.000000 X240.356514 Y261.801039 Z273.200000 E54.87804900732036172725 F100.000000
; P02 POINT 3623 point-0003623 deposition
G1 A0.000000 C0.000000 X240.357789 Y261.802063 Z273.200000 E54.87815776525374860891 F100.000000
; P02 POINT 3624 point-0003624 deposition
G1 A0.000000 C0.000000 X240.359073 Y261.803075 Z273.200000 E54.87826652318713558001 F100.000000
; P02 POINT 3625 point-0003625 deposition
G1 A0.000000 C0.000000 X240.360365 Y261.804078 Z273.200000 E54.87837528112052249361 F100.000000
; P02 POINT 3626 point-0003626 deposition
G1 A0.000000 C0.000000 X240.361665 Y261.805069 Z273.200000 E54.87848403905390944897 F100.000000
; P02 POINT 3627 point-0003627 deposition
G1 A0.000000 C0.000000 X240.362973 Y261.806050 Z273.200000 E54.87859279698729630237 F100.000000
; P02 POINT 3628 point-0003628 deposition
G1 A0.000000 C0.000000 X241.544861 Y262.684928 Z273.200000 E54.97656715266930282237 F100.000000
; P02 POINT 3629 point-0003629 deposition
G1 A0.000000 C0.000000 X241.546178 Y262.685898 Z273.200000 E54.97667598676155041303 F100.000000
; P02 POINT 3630 point-0003630 deposition
G1 A0.000000 C0.000000 X241.547503 Y262.686859 Z273.200000 E54.97678482085379806390 F100.000000
; P02 POINT 3631 point-0003631 deposition
G1 A0.000000 C0.000000 X241.548835 Y262.687808 Z273.200000 E54.97689365494604558779 F100.000000
; P02 POINT 3632 point-0003632 deposition
G1 A0.000000 C0.000000 X241.550176 Y262.688746 Z273.200000 E54.97700248903829323543 F100.000000
; P02 POINT 3633 point-0003633 deposition
G1 A0.000000 C0.000000 X241.551524 Y262.689673 Z273.200000 E54.97711132313054077575 F100.000000
; P02 POINT 3634 point-0003634 deposition
G1 A0.000000 C0.000000 X241.552879 Y262.690590 Z273.200000 E54.97722015722278836842 F100.000000
; P02 POINT 3635 point-0003635 deposition
G1 A0.000000 C0.000000 X241.554242 Y262.691495 Z273.200000 E54.97732899131503591901 F100.000000
; P02 POINT 3636 point-0003636 deposition
G1 A0.000000 C0.000000 X241.555612 Y262.692389 Z273.200000 E54.97743782540728360634 F100.000000
; P02 POINT 3637 point-0003637 deposition
G1 A0.000000 C0.000000 X241.556990 Y262.693271 Z273.200000 E54.97754665949953108865 F100.000000
; P02 POINT 3638 point-0003638 deposition
G1 A0.000000 C0.000000 X241.558375 Y262.694143 Z273.200000 E54.97765549359177876701 F100.000000
; P02 POINT 3639 point-0003639 deposition
G1 A0.000000 C0.000000 X241.559766 Y262.695003 Z273.200000 E54.97776432768402634380 F100.000000
; P02 POINT 3640 point-0003640 deposition
G1 A0.000000 C0.000000 X241.561165 Y262.695852 Z273.200000 E54.97787316177627384567 F100.000000
; P02 POINT 3641 point-0003641 deposition
G1 A0.000000 C0.000000 X242.823500 Y263.454661 Z273.200000 E55.07584741581221239567 F100.000000
; P02 POINT 3642 point-0003642 deposition
G1 A0.000000 C0.000000 X242.824907 Y263.455499 Z273.200000 E55.07595633894634731961 F100.000000
; P02 POINT 3643 point-0003643 deposition
G1 A0.000000 C0.000000 X242.826321 Y263.456325 Z273.200000 E55.07606526208048216874 F100.000000
; P02 POINT 3644 point-0003644 deposition
G1 A0.000000 C0.000000 X242.827741 Y263.457140 Z273.200000 E55.07617418521461707812 F100.000000
; P02 POINT 3645 point-0003645 deposition
G1 A0.000000 C0.000000 X242.829168 Y263.457943 Z273.200000 E55.07628310834875200260 F100.000000
; P02 POINT 3646 point-0003646 deposition
G1 A0.000000 C0.000000 X242.830602 Y263.458735 Z273.200000 E55.07639203148288681038 F100.000000
; P02 POINT 3647 point-0003647 deposition
G1 A0.000000 C0.000000 X242.832042 Y263.459514 Z273.200000 E55.07650095461702171266 F100.000000
; P02 POINT 3648 point-0003648 deposition
G1 A0.000000 C0.000000 X242.833488 Y263.460282 Z273.200000 E55.07660987775115663646 F100.000000
; P02 POINT 3649 point-0003649 deposition
G1 A0.000000 C0.000000 X242.834940 Y263.461038 Z273.200000 E55.07671880088529144054 F100.000000
; P02 POINT 3650 point-0003650 deposition
G1 A0.000000 C0.000000 X242.836399 Y263.461782 Z273.200000 E55.07682772401942636705 F100.000000
; P02 POINT 3651 point-0003651 deposition
G1 A0.000000 C0.000000 X242.837864 Y263.462514 Z273.200000 E55.07693664715356129538 F100.000000
; P02 POINT 3652 point-0003652 deposition
G1 A0.000000 C0.000000 X242.839334 Y263.463234 Z273.200000 E55.07704557028769612892 F100.000000
; P02 POINT 3653 point-0003653 deposition
G1 A0.000000 C0.000000 X242.840811 Y263.463942 Z273.200000 E55.07715449342183099102 F100.000000
; P02 POINT 3654 point-0003654 deposition
G1 A0.000000 C0.000000 X244.171540 Y264.095295 Z273.200000 E55.17513251506102569102 F100.000000
; P02 POINT 3655 point-0003655 deposition
G1 A0.000000 C0.000000 X244.173024 Y264.095992 Z273.200000 E55.17524153181720825004 F100.000000
; P02 POINT 3656 point-0003656 deposition
G1 A0.000000 C0.000000 X244.174513 Y264.096676 Z273.200000 E55.17535054857339091188 F100.000000
; P02 POINT 3657 point-0003657 deposition
G1 A0.000000 C0.000000 X244.176008 Y264.097348 Z273.200000 E55.17545956532957350061 F100.000000
; P02 POINT 3658 point-0003658 deposition
G1 A0.000000 C0.000000 X244.177508 Y264.098008 Z273.200000 E55.17556858208575609628 F100.000000
; P02 POINT 3659 point-0003659 deposition
G1 A0.000000 C0.000000 X244.179014 Y264.098655 Z273.200000 E55.17567759884193875487 F100.000000
; P02 POINT 3660 point-0003660 deposition
G1 A0.000000 C0.000000 X244.180524 Y264.099290 Z273.200000 E55.17578661559812134768 F100.000000
; P02 POINT 3661 point-0003661 deposition
G1 A0.000000 C0.000000 X244.182040 Y264.099913 Z273.200000 E55.17589563235430399216 F100.000000
; P02 POINT 3662 point-0003662 deposition
G1 A0.000000 C0.000000 X244.183561 Y264.100523 Z273.200000 E55.17600464911048655958 F100.000000
; P02 POINT 3663 point-0003663 deposition
G1 A0.000000 C0.000000 X244.185087 Y264.101121 Z273.200000 E55.17611366586666918468 F100.000000
; P02 POINT 3664 point-0003664 deposition
G1 A0.000000 C0.000000 X244.186618 Y264.101706 Z273.200000 E55.17622268262285181281 F100.000000
; P02 POINT 3665 point-0003665 deposition
G1 A0.000000 C0.000000 X244.188154 Y264.102279 Z273.200000 E55.17633169937903440905 F100.000000
; P02 POINT 3666 point-0003666 deposition
G1 A0.000000 C0.000000 X244.189694 Y264.102839 Z273.200000 E55.17644071613521700794 F100.000000
; P02 POINT 3667 point-0003667 deposition
G1 A0.000000 C0.000000 X245.575989 Y264.600505 Z273.200000 E55.27441959360886611794 F100.000000
; P02 POINT 3668 point-0003668 deposition
G1 A0.000000 C0.000000 X245.577535 Y264.601053 Z273.200000 E55.27452869605024687555 F100.000000
; P02 POINT 3669 point-0003669 deposition
G1 A0.000000 C0.000000 X245.579085 Y264.601588 Z273.200000 E55.27463779849162764480 F100.000000
; P02 POINT 3670 point-0003670 deposition
G1 A0.000000 C0.000000 X245.580640 Y264.602111 Z273.200000 E55.27474690093300840695 F100.000000
; P02 POINT 3671 point-0003671 deposition
G1 A0.000000 C0.000000 X245.582199 Y264.602620 Z273.200000 E55.27485600337438920788 F100.000000
; P02 POINT 3672 point-0003672 deposition
G1 A0.000000 C0.000000 X245.583762 Y264.603117 Z273.200000 E55.27496510581576989688 F100.000000
; P02 POINT 3673 point-0003673 deposition
G1 A0.000000 C0.000000 X245.585329 Y264.603601 Z273.200000 E55.27507420825715067601 F100.000000
; P02 POINT 3674 point-0003674 deposition
G1 A0.000000 C0.000000 X245.586900 Y264.604072 Z273.200000 E55.27518331069853145054 F100.000000
; P02 POINT 3675 point-0003675 deposition
G1 A0.000000 C0.000000 X245.588475 Y264.604531 Z273.200000 E55.27529241313991220364 F100.000000
; P02 POINT 3676 point-0003676 deposition
G1 A0.000000 C0.000000 X245.590053 Y264.604976 Z273.200000 E55.27540151558129297194 F100.000000
; P02 POINT 3677 point-0003677 deposition
G1 A0.000000 C0.000000 X245.591636 Y264.605408 Z273.200000 E55.27551061802267369177 F100.000000
; P02 POINT 3678 point-0003678 deposition
G1 A0.000000 C0.000000 X245.593221 Y264.605828 Z273.200000 E55.27561972046405445181 F100.000000
; P02 POINT 3679 point-0003679 deposition
G1 A0.000000 C0.000000 X245.594810 Y264.606234 Z273.200000 E55.27572882290543524821 F100.000000
; P02 POINT 3680 point-0003680 deposition
G1 A0.000000 C0.000000 X247.023271 Y264.965284 Z273.200000 E55.37370613662266747821 F100.000000
; P02 POINT 3681 point-0003681 deposition
G1 A0.000000 C0.000000 X247.024864 Y264.965677 Z273.200000 E55.37381530998314246519 F100.000000
; P02 POINT 3682 point-0003682 deposition
G1 A0.000000 C0.000000 X247.026461 Y264.966058 Z273.200000 E55.37392448334361736353 F100.000000
; P02 POINT 3683 point-0003683 deposition
G1 A0.000000 C0.000000 X247.028060 Y264.966425 Z273.200000 E55.37403365670409229613 F100.000000
; P02 POINT 3684 point-0003684 deposition
G1 A0.000000 C0.000000 X247.029663 Y264.966779 Z273.200000 E55.37414283006456721503 F100.000000
; P02 POINT 3685 point-0003685 deposition
G1 A0.000000 C0.000000 X247.031268 Y264.967120 Z273.200000 E55.37425200342504213672 F100.000000
; P02 POINT 3686 point-0003686 deposition
G1 A0.000000 C0.000000 X247.032876 Y264.967448 Z273.200000 E55.37436117678551704876 F100.000000
; P02 POINT 3687 point-0003687 deposition
G1 A0.000000 C0.000000 X247.034487 Y264.967763 Z273.200000 E55.37447035014599197629 F100.000000
; P02 POINT 3688 point-0003688 deposition
G1 A0.000000 C0.000000 X247.036100 Y264.968064 Z273.200000 E55.37457952350646689845 F100.000000
; P02 POINT 3689 point-0003689 deposition
G1 A0.000000 C0.000000 X247.037716 Y264.968353 Z273.200000 E55.37468869686694181905 F100.000000
; P02 POINT 3690 point-0003690 deposition
G1 A0.000000 C0.000000 X247.039334 Y264.968627 Z273.200000 E55.37479787022741674264 F100.000000
; P02 POINT 3691 point-0003691 deposition
G1 A0.000000 C0.000000 X247.040954 Y264.968889 Z273.200000 E55.37490704358789166162 F100.000000
; P02 POINT 3692 point-0003692 deposition
G1 A0.000000 C0.000000 X247.042577 Y264.969137 Z273.200000 E55.37501621694836658130 F100.000000
; P02 POINT 3693 point-0003693 deposition
G1 A0.000000 C0.000000 X248.499433 Y265.186013 Z273.200000 E55.47299464345186153130 F100.000000
; P02 POINT 3694 point-0003694 deposition
G1 A0.000000 C0.000000 X248.501058 Y265.186248 Z273.200000 E55.47310386430753289365 F100.000000
; P02 POINT 3695 point-0003695 deposition
G1 A0.000000 C0.000000 X248.502685 Y265.186470 Z273.200000 E55.47321308516320425965 F100.000000
; P02 POINT 3696 point-0003696 deposition
G1 A0.000000 C0.000000 X248.504314 Y265.186679 Z273.200000 E55.47332230601887561729 F100.000000
; P02 POINT 3697 point-0003697 deposition
G1 A0.000000 C0.000000 X248.505944 Y265.186874 Z273.200000 E55.47343152687454698832 F100.000000
; P02 POINT 3698 point-0003698 deposition
G1 A0.000000 C0.000000 X248.507576 Y265.187055 Z273.200000 E55.47354074773021836301 F100.000000
; P02 POINT 3699 point-0003699 deposition
G1 A0.000000 C0.000000 X248.509209 Y265.187223 Z273.200000 E55.47364996858588971894 F100.000000
; P02 POINT 3700 point-0003700 deposition
G1 A0.000000 C0.000000 X248.510844 Y265.187378 Z273.200000 E55.47375918944156109578 F100.000000
; P02 POINT 3701 point-0003701 deposition
G1 A0.000000 C0.000000 X248.512480 Y265.187520 Z273.200000 E55.47386841029723246579 F100.000000
; P02 POINT 3702 point-0003702 deposition
G1 A0.000000 C0.000000 X248.514117 Y265.187648 Z273.200000 E55.47397763115290381818 F100.000000
; P02 POINT 3703 point-0003703 deposition
G1 A0.000000 C0.000000 X248.515755 Y265.187762 Z273.200000 E55.47408685200857518385 F100.000000
; P02 POINT 3704 point-0003704 deposition
G1 A0.000000 C0.000000 X248.517393 Y265.187863 Z273.200000 E55.47419607286424655059 F100.000000
; P02 POINT 3705 point-0003705 deposition
G1 A0.000000 C0.000000 X248.519033 Y265.187951 Z273.200000 E55.47430529371991791885 F100.000000
; P02 POINT 3706 point-0003706 deposition
G1 A0.000000 C0.000000 X249.990151 Y265.260484 Z273.200000 E55.57228333907948237885 F100.000000
; P02 POINT 3707 point-0003707 deposition
G1 A0.000000 C0.000000 X249.991791 Y265.260558 Z273.200000 E55.57239257614748952858 F100.000000
; P02 POINT 3708 point-0003708 deposition
G1 A0.000000 C0.000000 X249.993433 Y265.260619 Z273.200000 E55.57250181321549668003 F100.000000
; P02 POINT 3709 point-0003709 deposition
G1 A0.000000 C0.000000 X249.995074 Y265.260666 Z273.200000 E55.57261105028350383897 F100.000000
; P02 POINT 3710 point-0003710 deposition
G1 A0.000000 C0.000000 X249.996716 Y265.260700 Z273.200000 E55.57272028735151099150 F100.000000
; P02 POINT 3711 point-0003711 deposition
G1 A0.000000 C0.000000 X249.998358 Y265.260720 Z273.200000 E55.57282952441951814912 F100.000000
; P02 POINT 3712 point-0003712 deposition
G1 A0.000000 C0.000000 X250.000000 Y265.260727 Z273.200000 E55.57293876148752530293 F100.000000
; P02 POINT 3713 point-0003713 deposition
G1 A0.000000 C0.000000 X250.001642 Y265.260720 Z273.200000 E55.57304799855553245947 F100.000000
; P02 POINT 3714 point-0003714 deposition
G1 A0.000000 C0.000000 X250.003284 Y265.260700 Z273.200000 E55.57315723562353961646 F100.000000
; P02 POINT 3715 point-0003715 deposition
G1 A0.000000 C0.000000 X250.004926 Y265.260666 Z273.200000 E55.57326647269154677120 F100.000000
; P02 POINT 3716 point-0003716 deposition
G1 A0.000000 C0.000000 X250.006567 Y265.260619 Z273.200000 E55.57337570975955392715 F100.000000
; P02 POINT 3717 point-0003717 deposition
G1 A0.000000 C0.000000 X250.008209 Y265.260558 Z273.200000 E55.57348494682756108394 F100.000000
; P02 POINT 3718 point-0003718 deposition
G1 A0.000000 C0.000000 X250.009849 Y265.260484 Z273.200000 E55.57359418389556823787 F100.000000
; P02 POINT 3719 point-0003719 deposition
G1 A0.000000 C0.000000 X251.480966 Y265.187951 Z273.200000 E55.67157212497819232787 F100.000000
; P02 POINT 3720 point-0003720 deposition
G1 A0.000000 C0.000000 X251.482605 Y265.187863 Z273.200000 E55.67168134571802456028 F100.000000
; P02 POINT 3721 point-0003721 deposition
G1 A0.000000 C0.000000 X251.484244 Y265.187762 Z273.200000 E55.67179056645785677988 F100.000000
; P02 POINT 3722 point-0003722 deposition
G1 A0.000000 C0.000000 X251.485882 Y265.187648 Z273.200000 E55.67189978719768899732 F100.000000
; P02 POINT 3723 point-0003723 deposition
G1 A0.000000 C0.000000 X251.487519 Y265.187520 Z273.200000 E55.67200900793752122141 F100.000000
; P02 POINT 3724 point-0003724 deposition
G1 A0.000000 C0.000000 X251.489155 Y265.187378 Z273.200000 E55.67211822867735343619 F100.000000
; P02 POINT 3725 point-0003725 deposition
G1 A0.000000 C0.000000 X251.490789 Y265.187224 Z273.200000 E55.67222744941718565489 F100.000000
; P02 POINT 3726 point-0003726 deposition
G1 A0.000000 C0.000000 X251.492422 Y265.187055 Z273.200000 E55.67233667015701788296 F100.000000
; P02 POINT 3727 point-0003727 deposition
G1 A0.000000 C0.000000 X251.494054 Y265.186874 Z273.200000 E55.67244589089685010858 F100.000000
; P02 POINT 3728 point-0003728 deposition
G1 A0.000000 C0.000000 X251.495685 Y265.186679 Z273.200000 E55.67255511163668232574 F100.000000
; P02 POINT 3729 point-0003729 deposition
G1 A0.000000 C0.000000 X251.497313 Y265.186470 Z273.200000 E55.67266433237651454839 F100.000000
; P02 POINT 3730 point-0003730 deposition
G1 A0.000000 C0.000000 X251.498940 Y265.186249 Z273.200000 E55.67277355311634677122 F100.000000
; P02 POINT 3731 point-0003731 deposition
G1 A0.000000 C0.000000 X251.500565 Y265.186014 Z273.200000 E55.67288277385617899517 F100.000000
; P02 POINT 3732 point-0003732 deposition
G1 A0.000000 C0.000000 X252.957420 Y264.969138 Z273.200000 E55.77086109745437181517 F100.000000
; P02 POINT 3733 point-0003733 deposition
G1 A0.000000 C0.000000 X252.959043 Y264.968890 Z273.200000 E55.77097027070013072639 F100.000000
; P02 POINT 3734 point-0003734 deposition
G1 A0.000000 C0.000000 X252.960663 Y264.968628 Z273.200000 E55.77107944394588966228 F100.000000
; P02 POINT 3735 point-0003735 deposition
G1 A0.000000 C0.000000 X252.962281 Y264.968353 Z273.200000 E55.77118861719164853470 F100.000000
; P02 POINT 3736 point-0003736 deposition
G1 A0.000000 C0.000000 X252.963896 Y264.968065 Z273.200000 E55.77129779043740746851 F100.000000
; P02 POINT 3737 point-0003737 deposition
G1 A0.000000 C0.000000 X252.965510 Y264.967764 Z273.200000 E55.77140696368316636783 F100.000000
; P02 POINT 3738 point-0003738 deposition
G1 A0.000000 C0.000000 X252.967120 Y264.967449 Z273.200000 E55.77151613692892528160 F100.000000
; P02 POINT 3739 point-0003739 deposition
G1 A0.000000 C0.000000 X252.968729 Y264.967121 Z273.200000 E55.77162531017468418796 F100.000000
; P02 POINT 3740 point-0003740 deposition
G1 A0.000000 C0.000000 X252.970334 Y264.966780 Z273.200000 E55.77173448342044307099 F100.000000
; P02 POINT 3741 point-0003741 deposition
G1 A0.000000 C0.000000 X252.971937 Y264.966426 Z273.200000 E55.77184365666620199865 F100.000000
; P02 POINT 3742 point-0003742 deposition
G1 A0.000000 C0.000000 X252.973536 Y264.966058 Z273.200000 E55.77195282991196090976 F100.000000
; P02 POINT 3743 point-0003743 deposition
G1 A0.000000 C0.000000 X252.975133 Y264.965678 Z273.200000 E55.77206200315771979011 F100.000000
; P02 POINT 3744 point-0003744 deposition
G1 A0.000000 C0.000000 X252.976726 Y264.965284 Z273.200000 E55.77217117640347869786 F100.000000
; P02 POINT 3745 point-0003745 deposition
G1 A0.000000 C0.000000 X254.405185 Y264.606235 Z273.200000 E55.87014838627217214786 F100.000000
; P02 POINT 3746 point-0003746 deposition
G1 A0.000000 C0.000000 X254.406774 Y264.605829 Z273.200000 E55.87025748859687868248 F100.000000
; P02 POINT 3747 point-0003747 deposition
G1 A0.000000 C0.000000 X254.408360 Y264.605410 Z273.200000 E55.87036659092158530322 F100.000000
; P02 POINT 3748 point-0003748 deposition
G1 A0.000000 C0.000000 X254.409942 Y264.604977 Z273.200000 E55.87047569324629185310 F100.000000
; P02 POINT 3749 point-0003749 deposition
G1 A0.000000 C0.000000 X254.411521 Y264.604532 Z273.200000 E55.87058479557099842703 F100.000000
; P02 POINT 3750 point-0003750 deposition
G1 A0.000000 C0.000000 X254.413095 Y264.604074 Z273.200000 E55.87069389789570498147 F100.000000
; P02 POINT 3751 point-0003751 deposition
G1 A0.000000 C0.000000 X254.414666 Y264.603603 Z273.200000 E55.87080300022041157568 F100.000000
; P02 POINT 3752 point-0003752 deposition
G1 A0.000000 C0.000000 X254.416233 Y264.603119 Z273.200000 E55.87091210254511813651 F100.000000
; P02 POINT 3753 point-0003753 deposition
G1 A0.000000 C0.000000 X254.417797 Y264.602622 Z273.200000 E55.87102120486982470615 F100.000000
; P02 POINT 3754 point-0003754 deposition
G1 A0.000000 C0.000000 X254.419356 Y264.602112 Z273.200000 E55.87113030719453129173 F100.000000
; P02 POINT 3755 point-0003755 deposition
G1 A0.000000 C0.000000 X254.420910 Y264.601590 Z273.200000 E55.87123940951923787955 F100.000000
; P02 POINT 3756 point-0003756 deposition
G1 A0.000000 C0.000000 X254.422461 Y264.601055 Z273.200000 E55.87134851184394442886 F100.000000
; P02 POINT 3757 point-0003757 deposition
G1 A0.000000 C0.000000 X254.424007 Y264.600507 Z273.200000 E55.87145761416865100859 F100.000000
; P02 POINT 3758 point-0003758 deposition
G1 A0.000000 C0.000000 X255.810300 Y264.102841 Z273.200000 E55.96943638643684139859 F100.000000
; P02 POINT 3759 point-0003759 deposition
G1 A0.000000 C0.000000 X255.811841 Y264.102281 Z273.200000 E55.96954540307722806290 F100.000000
; P02 POINT 3760 point-0003760 deposition
G1 A0.000000 C0.000000 X255.813376 Y264.101709 Z273.200000 E55.96965441971761478416 F100.000000
; P02 POINT 3761 point-0003761 deposition
G1 A0.000000 C0.000000 X255.814907 Y264.101123 Z273.200000 E55.96976343635800147390 F100.000000
; P02 POINT 3762 point-0003762 deposition
G1 A0.000000 C0.000000 X255.816433 Y264.100526 Z273.200000 E55.96987245299838813345 F100.000000
; P02 POINT 3763 point-0003763 deposition
G1 A0.000000 C0.000000 X255.817954 Y264.099915 Z273.200000 E55.96998146963877486109 F100.000000
; P02 POINT 3764 point-0003764 deposition
G1 A0.000000 C0.000000 X255.819470 Y264.099293 Z273.200000 E55.97009048627916154039 F100.000000
; P02 POINT 3765 point-0003765 deposition
G1 A0.000000 C0.000000 X255.820981 Y264.098658 Z273.200000 E55.97019950291954824097 F100.000000
; P02 POINT 3766 point-0003766 deposition
G1 A0.000000 C0.000000 X255.822486 Y264.098010 Z273.200000 E55.97030851955993488750 F100.000000
; P02 POINT 3767 point-0003767 deposition
G1 A0.000000 C0.000000 X255.823986 Y264.097351 Z273.200000 E55.97041753620032159006 F100.000000
; P02 POINT 3768 point-0003768 deposition
G1 A0.000000 C0.000000 X255.825481 Y264.096679 Z273.200000 E55.97052655284070831944 F100.000000
; P02 POINT 3769 point-0003769 deposition
G1 A0.000000 C0.000000 X255.826970 Y264.095994 Z273.200000 E55.97063556948109496247 F100.000000
; P02 POINT 3770 point-0003770 deposition
G1 A0.000000 C0.000000 X255.828454 Y264.095298 Z273.200000 E55.97074458612148169388 F100.000000
; P02 POINT 3771 point-0003771 deposition
G1 A0.000000 C0.000000 X257.159182 Y263.463945 Z273.200000 E56.06872250371171774388 F100.000000
; P02 POINT 3772 point-0003772 deposition
G1 A0.000000 C0.000000 X257.160659 Y263.463238 Z273.200000 E56.06883142673210285932 F100.000000
; P02 POINT 3773 point-0003773 deposition
G1 A0.000000 C0.000000 X257.162129 Y263.462518 Z273.200000 E56.06894034975248793629 F100.000000
; P02 POINT 3774 point-0003774 deposition
G1 A0.000000 C0.000000 X257.163594 Y263.461786 Z273.200000 E56.06904927277287297485 F100.000000
; P02 POINT 3775 point-0003775 deposition
G1 A0.000000 C0.000000 X257.165053 Y263.461042 Z273.200000 E56.06915819579325804169 F100.000000
; P02 POINT 3776 point-0003776 deposition
G1 A0.000000 C0.000000 X257.166505 Y263.460286 Z273.200000 E56.06926711881364310874 F100.000000
; P02 POINT 3777 point-0003777 deposition
G1 A0.000000 C0.000000 X257.167951 Y263.459518 Z273.200000 E56.06937604183402816988 F100.000000
; P02 POINT 3778 point-0003778 deposition
G1 A0.000000 C0.000000 X257.169391 Y263.458738 Z273.200000 E56.06948496485441324426 F100.000000
; P02 POINT 3779 point-0003779 deposition
G1 A0.000000 C0.000000 X257.170825 Y263.457947 Z273.200000 E56.06959388787479829883 F100.000000
; P02 POINT 3780 point-0003780 deposition
G1 A0.000000 C0.000000 X257.172252 Y263.457144 Z273.200000 E56.06970281089518340776 F100.000000
; P02 POINT 3781 point-0003781 deposition
G1 A0.000000 C0.000000 X257.173672 Y263.456329 Z273.200000 E56.06981173391556846104 F100.000000
; P02 POINT 3782 point-0003782 deposition
G1 A0.000000 C0.000000 X257.175086 Y263.455503 Z273.200000 E56.06992065693595352713 F100.000000
; P02 POINT 3783 point-0003783 deposition
G1 A0.000000 C0.000000 X257.176493 Y263.454665 Z273.200000 E56.07002957995633859845 F100.000000
; P02 POINT 3784 point-0003784 deposition
G1 A0.000000 C0.000000 X258.438827 Y262.695857 Z273.200000 E56.16800373290656881845 F100.000000
; P02 POINT 3785 point-0003785 deposition
G1 A0.000000 C0.000000 X258.440226 Y262.695008 Z273.200000 E56.16811256689368314500 F100.000000
; P02 POINT 3786 point-0003786 deposition
G1 A0.000000 C0.000000 X258.441617 Y262.694148 Z273.200000 E56.16822140088079742702 F100.000000
; P02 POINT 3787 point-0003787 deposition
G1 A0.000000 C0.000000 X258.443002 Y262.693277 Z273.200000 E56.16833023486791161810 F100.000000
; P02 POINT 3788 point-0003788 deposition
G1 A0.000000 C0.000000 X258.444380 Y262.692394 Z273.200000 E56.16843906885502590800 F100.000000
; P02 POINT 3789 point-0003789 deposition
G1 A0.000000 C0.000000 X258.445750 Y262.691500 Z273.200000 E56.16854790284214025827 F100.000000
; P02 POINT 3790 point-0003790 deposition
G1 A0.000000 C0.000000 X258.447113 Y262.690595 Z273.200000 E56.16865673682925454467 F100.000000
; P02 POINT 3791 point-0003791 deposition
G1 A0.000000 C0.000000 X258.448468 Y262.689679 Z273.200000 E56.16876557081636874014 F100.000000
; P02 POINT 3792 point-0003792 deposition
G1 A0.000000 C0.000000 X258.449816 Y262.688751 Z273.200000 E56.16887440480348307524 F100.000000
; P02 POINT 3793 point-0003793 deposition
G1 A0.000000 C0.000000 X258.451157 Y262.687813 Z273.200000 E56.16898323879059738111 F100.000000
; P02 POINT 3794 point-0003794 deposition
G1 A0.000000 C0.000000 X258.452489 Y262.686864 Z273.200000 E56.16909207277771160701 F100.000000
; P02 POINT 3795 point-0003795 deposition
G1 A0.000000 C0.000000 X258.453814 Y262.685904 Z273.200000 E56.16920090676482589430 F100.000000
; P02 POINT 3796 point-0003796 deposition
G1 A0.000000 C0.000000 X258.455131 Y262.684933 Z273.200000 E56.16930974075194026086 F100.000000
; P02 POINT 3797 point-0003797 deposition
G1 A0.000000 C0.000000 X259.637019 Y261.806057 Z273.200000 E56.26728400012215940086 F100.000000
; P02 POINT 3798 point-0003798 deposition
G1 A0.000000 C0.000000 X259.638327 Y261.805076 Z273.200000 E56.26739275799318936527 F100.000000
; P02 POINT 3799 point-0003799 deposition
G1 A0.000000 C0.000000 X259.639627 Y261.804084 Z273.200000 E56.26750151586421943030 F100.000000
; P02 POINT 3800 point-0003800 deposition
G1 A0.000000 C0.000000 X259.640919 Y261.803082 Z273.200000 E56.26761027373524946719 F100.000000
; P02 POINT 3801 point-0003801 deposition
G1 A0.000000 C0.000000 X259.642202 Y261.802070 Z273.200000 E56.26771903160627947271 F100.000000
; P02 POINT 3802 point-0003802 deposition
G1 A0.000000 C0.000000 X259.643477 Y261.801046 Z273.200000 E56.26782778947730942682 F100.000000
; P02 POINT 3803 point-0003803 deposition
G1 A0.000000 C0.000000 X259.644744 Y261.800013 Z273.200000 E56.26793654734833942666 F100.000000
; P02 POINT 3804 point-0003804 deposition
G1 A0.000000 C0.000000 X259.646002 Y261.798969 Z273.200000 E56.26804530521936951460 F100.000000
; P02 POINT 3805 point-0003805 deposition
G1 A0.000000 C0.000000 X259.647252 Y261.797915 Z273.200000 E56.26815406309039951147 F100.000000
; P02 POINT 3806 point-0003806 deposition
G1 A0.000000 C0.000000 X259.648493 Y261.796850 Z273.200000 E56.26826282096142952867 F100.000000
; P02 POINT 3807 point-0003807 deposition
G1 A0.000000 C0.000000 X259.649726 Y261.795776 Z273.200000 E56.26837157883245954600 F100.000000
; P02 POINT 3808 point-0003808 deposition
G1 A0.000000 C0.000000 X259.650949 Y261.794691 Z273.200000 E56.26848033670348954359 F100.000000
; P02 POINT 3809 point-0003809 deposition
G1 A0.000000 C0.000000 X259.652164 Y261.793597 Z273.200000 E56.26858909457451960233 F100.000000
; P02 POINT 3810 point-0003810 deposition
G1 A0.000000 C0.000000 X260.742293 Y260.803190 Z273.200000 E56.36656350249064576233 F100.000000
; P02 POINT 3811 point-0003811 deposition
G1 A0.000000 C0.000000 X260.743498 Y260.802087 Z273.200000 E56.36667219940438771104 F100.000000
; P02 POINT 3812 point-0003812 deposition
G1 A0.000000 C0.000000 X260.744694 Y260.800973 Z273.200000 E56.36678089631812965771 F100.000000
; P02 POINT 3813 point-0003813 deposition
G1 A0.000000 C0.000000 X260.745881 Y260.799850 Z273.200000 E56.36688959323187161530 F100.000000
; P02 POINT 3814 point-0003814 deposition
G1 A0.000000 C0.000000 X260.747059 Y260.798717 Z273.200000 E56.36699829014561358219 F100.000000
; P02 POINT 3815 point-0003815 deposition
G1 A0.000000 C0.000000 X260.748227 Y260.797574 Z273.200000 E56.36710698705935559823 F100.000000
; P02 POINT 3816 point-0003816 deposition
G1 A0.000000 C0.000000 X260.749386 Y260.796422 Z273.200000 E56.36721568397309751060 F100.000000
; P02 POINT 3817 point-0003817 deposition
G1 A0.000000 C0.000000 X260.750535 Y260.795261 Z273.200000 E56.36732438088683953854 F100.000000
; P02 POINT 3818 point-0003818 deposition
G1 A0.000000 C0.000000 X260.751675 Y260.794090 Z273.200000 E56.36743307780058146088 F100.000000
; P02 POINT 3819 point-0003819 deposition
G1 A0.000000 C0.000000 X260.752805 Y260.792910 Z273.200000 E56.36754177471432348763 F100.000000
; P02 POINT 3820 point-0003820 deposition
G1 A0.000000 C0.000000 X260.753926 Y260.791721 Z273.200000 E56.36765047162806548834 F100.000000
; P02 POINT 3821 point-0003821 deposition
G1 A0.000000 C0.000000 X260.755037 Y260.790522 Z273.200000 E56.36775916854180746514 F100.000000
; P02 POINT 3822 point-0003822 deposition
G1 A0.000000 C0.000000 X260.756138 Y260.789315 Z273.200000 E56.36786786545554937298 F100.000000
; P02 POINT 3823 point-0003823 deposition
G1 A0.000000 C0.000000 X261.744086 Y259.696955 Z273.200000 E56.46584235597666156298 F100.000000
; P02 POINT 3824 point-0003824 deposition
G1 A0.000000 C0.000000 X261.745177 Y259.695740 Z273.200000 E56.46595100862065989380 F100.000000
; P02 POINT 3825 point-0003825 deposition
G1 A0.000000 C0.000000 X261.746258 Y259.694515 Z273.200000 E56.46605966126465824185 F100.000000
; P02 POINT 3826 point-0003826 deposition
G1 A0.000000 C0.000000 X261.747329 Y259.693281 Z273.200000 E56.46616831390865653348 F100.000000
; P02 POINT 3827 point-0003827 deposition
G1 A0.000000 C0.000000 X261.748389 Y259.692039 Z273.200000 E56.46627696655265478495 F100.000000
; P02 POINT 3828 point-0003828 deposition
G1 A0.000000 C0.000000 X261.749439 Y259.690788 Z273.200000 E56.46638561919665309955 F100.000000
; P02 POINT 3829 point-0003829 deposition
G1 A0.000000 C0.000000 X261.750480 Y259.689529 Z273.200000 E56.46649427184065145102 F100.000000
; P02 POINT 3830 point-0003830 deposition
G1 A0.000000 C0.000000 X261.751509 Y259.688261 Z273.200000 E56.46660292448464971022 F100.000000
; P02 POINT 3831 point-0003831 deposition
G1 A0.000000 C0.000000 X261.752529 Y259.686985 Z273.200000 E56.46671157712864796097 F100.000000
; P02 POINT 3832 point-0003832 deposition
G1 A0.000000 C0.000000 X261.753538 Y259.685700 Z273.200000 E56.46682022977264632227 F100.000000
; P02 POINT 3833 point-0003833 deposition
G1 A0.000000 C0.000000 X261.754536 Y259.684408 Z273.200000 E56.46692888241664459423 F100.000000
; P02 POINT 3834 point-0003834 deposition
G1 A0.000000 C0.000000 X261.755524 Y259.683107 Z273.200000 E56.46703753506064291414 F100.000000
; P02 POINT 3835 point-0003835 deposition
G1 A0.000000 C0.000000 X261.756501 Y259.681798 Z273.200000 E56.46714618770464112489 F100.000000
; P02 POINT 3836 point-0003836 deposition
G1 A0.000000 C0.000000 X262.632828 Y258.498012 Z273.200000 E56.56512080842063327489 F100.000000
; P02 POINT 3837 point-0003837 deposition
G1 A0.000000 C0.000000 X262.633794 Y258.496695 Z273.200000 E56.56522943348658423684 F100.000000
; P02 POINT 3838 point-0003838 deposition
G1 A0.000000 C0.000000 X262.634749 Y258.495371 Z273.200000 E56.56533805855253522496 F100.000000
; P02 POINT 3839 point-0003839 deposition
G1 A0.000000 C0.000000 X262.635694 Y258.494039 Z273.200000 E56.56544668361848609773 F100.000000
; P02 POINT 3840 point-0003840 deposition
G1 A0.000000 C0.000000 X262.636627 Y258.492699 Z273.200000 E56.56555530868443708911 F100.000000
; P02 POINT 3841 point-0003841 deposition
G1 A0.000000 C0.000000 X262.637550 Y258.491352 Z273.200000 E56.56566393375038804657 F100.000000
; P02 POINT 3842 point-0003842 deposition
G1 A0.000000 C0.000000 X262.638462 Y258.489997 Z273.200000 E56.56577255881633898204 F100.000000
; P02 POINT 3843 point-0003843 deposition
G1 A0.000000 C0.000000 X262.639362 Y258.488635 Z273.200000 E56.56588118388228988631 F100.000000
; P02 POINT 3844 point-0003844 deposition
G1 A0.000000 C0.000000 X262.640252 Y258.487266 Z273.200000 E56.56598980894824089595 F100.000000
; P02 POINT 3845 point-0003845 deposition
G1 A0.000000 C0.000000 X262.641130 Y258.485889 Z273.200000 E56.56609843401419180802 F100.000000
; P02 POINT 3846 point-0003846 deposition
G1 A0.000000 C0.000000 X262.641997 Y258.484505 Z273.200000 E56.56620705908014273787 F100.000000
; P02 POINT 3847 point-0003847 deposition
G1 A0.000000 C0.000000 X262.642853 Y258.483114 Z273.200000 E56.56631568414609366073 F100.000000
; P02 POINT 3848 point-0003848 deposition
G1 A0.000000 C0.000000 X262.643697 Y258.481716 Z273.200000 E56.56642430921204461170 F100.000000
; P02 POINT 3849 point-0003849 deposition
G1 A0.000000 C0.000000 X263.400021 Y257.217884 Z273.200000 E56.66439896060806906170 F100.000000
; P02 POINT 3850 point-0003850 deposition
G1 A0.000000 C0.000000 X263.400854 Y257.216479 Z273.200000 E56.66450757291476773171 F100.000000
; P02 POINT 3851 point-0003851 deposition
G1 A0.000000 C0.000000 X263.401675 Y257.215068 Z273.200000 E56.66461618522146646249 F100.000000
; P02 POINT 3852 point-0003852 deposition
G1 A0.000000 C0.000000 X263.402485 Y257.213650 Z273.200000 E56.66472479752816519896 F100.000000
; P02 POINT 3853 point-0003853 deposition
G1 A0.000000 C0.000000 X263.403283 Y257.212226 Z273.200000 E56.66483340983486392764 F100.000000
; P02 POINT 3854 point-0003854 deposition
G1 A0.000000 C0.000000 X263.404069 Y257.210795 Z273.200000 E56.66494202214156263222 F100.000000
; P02 POINT 3855 point-0003855 deposition
G1 A0.000000 C0.000000 X263.404844 Y257.209358 Z273.200000 E56.66505063444826135659 F100.000000
; P02 POINT 3856 point-0003856 deposition
G1 A0.000000 C0.000000 X263.405607 Y257.207914 Z273.200000 E56.66515924675496005399 F100.000000
; P02 POINT 3857 point-0003857 deposition
G1 A0.000000 C0.000000 X263.406358 Y257.206464 Z273.200000 E56.66526785906165877438 F100.000000
; P02 POINT 3858 point-0003858 deposition
G1 A0.000000 C0.000000 X263.407097 Y257.205009 Z273.200000 E56.66537647136835742977 F100.000000
; P02 POINT 3859 point-0003859 deposition
G1 A0.000000 C0.000000 X263.407825 Y257.203547 Z273.200000 E56.66548508367505622610 F100.000000
; P02 POINT 3860 point-0003860 deposition
G1 A0.000000 C0.000000 X263.408540 Y257.202079 Z273.200000 E56.66559369598175489154 F100.000000
; P02 POINT 3861 point-0003861 deposition
G1 A0.000000 C0.000000 X263.409244 Y257.200606 Z273.200000 E56.66570230828845358887 F100.000000
; P02 POINT 3862 point-0003862 deposition
G1 A0.000000 C0.000000 X264.038327 Y255.868854 Z273.200000 E56.76367715085870034887 F100.000000
; P02 POINT 3863 point-0003863 deposition
G1 A0.000000 C0.000000 X264.039019 Y255.867375 Z273.200000 E56.76378576345131109437 F100.000000
; P02 POINT 3864 point-0003864 deposition
G1 A0.000000 C0.000000 X264.039698 Y255.865890 Z273.200000 E56.76389437604392185697 F100.000000
; P02 POINT 3865 point-0003865 deposition
G1 A0.000000 C0.000000 X264.040365 Y255.864400 Z273.200000 E56.76400298863653262012 F100.000000
; P02 POINT 3866 point-0003866 deposition
G1 A0.000000 C0.000000 X264.041020 Y255.862904 Z273.200000 E56.76411160122914337826 F100.000000
; P02 POINT 3867 point-0003867 deposition
G1 A0.000000 C0.000000 X264.041662 Y255.861403 Z273.200000 E56.76422021382175416136 F100.000000
; P02 POINT 3868 point-0003868 deposition
G1 A0.000000 C0.000000 X264.042293 Y255.859897 Z273.200000 E56.76432882641436498368 F100.000000
; P02 POINT 3869 point-0003869 deposition
G1 A0.000000 C0.000000 X264.042911 Y255.858386 Z273.200000 E56.76443743900697573989 F100.000000
; P02 POINT 3870 point-0003870 deposition
G1 A0.000000 C0.000000 X264.043517 Y255.856870 Z273.200000 E56.76454605159958649365 F100.000000
; P02 POINT 3871 point-0003871 deposition
G1 A0.000000 C0.000000 X264.044110 Y255.855349 Z273.200000 E56.76465466419219728712 F100.000000
; P02 POINT 3872 point-0003872 deposition
G1 A0.000000 C0.000000 X264.044691 Y255.853823 Z273.200000 E56.76476327678480804207 F100.000000
; P02 POINT 3873 point-0003873 deposition
G1 A0.000000 C0.000000 X264.045259 Y255.852292 Z273.200000 E56.76487188937741886432 F100.000000
; P02 POINT 3874 point-0003874 deposition
G1 A0.000000 C0.000000 X264.045815 Y255.850757 Z273.200000 E56.76498050197002964105 F100.000000
; P02 POINT 3875 point-0003875 deposition
G1 A0.000000 C0.000000 X264.541625 Y254.463857 Z273.200000 E56.86295561576666702105 F100.000000
; P02 POINT 3876 point-0003876 deposition
G1 A0.000000 C0.000000 X264.542169 Y254.462317 Z273.200000 E56.86306423843290528739 F100.000000
; P02 POINT 3877 point-0003877 deposition
G1 A0.000000 C0.000000 X264.542699 Y254.460773 Z273.200000 E56.86317286109914353582 F100.000000
; P02 POINT 3878 point-0003878 deposition
G1 A0.000000 C0.000000 X264.543218 Y254.459224 Z273.200000 E56.86328148376538176404 F100.000000
; P02 POINT 3879 point-0003879 deposition
G1 A0.000000 C0.000000 X264.543723 Y254.457671 Z273.200000 E56.86339010643161996264 F100.000000
; P02 POINT 3880 point-0003880 deposition
G1 A0.000000 C0.000000 X264.544216 Y254.456115 Z273.200000 E56.86349872909785820194 F100.000000
; P02 POINT 3881 point-0003881 deposition
G1 A0.000000 C0.000000 X264.544696 Y254.454554 Z273.200000 E56.86360735176409645095 F100.000000
; P02 POINT 3882 point-0003882 deposition
G1 A0.000000 C0.000000 X264.545163 Y254.452989 Z273.200000 E56.86371597443033471324 F100.000000
; P02 POINT 3883 point-0003883 deposition
G1 A0.000000 C0.000000 X264.545618 Y254.451421 Z273.200000 E56.86382459709657293334 F100.000000
; P02 POINT 3884 point-0003884 deposition
G1 A0.000000 C0.000000 X264.546060 Y254.449849 Z273.200000 E56.86393321976281116745 F100.000000
; P02 POINT 3885 point-0003885 deposition
G1 A0.000000 C0.000000 X264.546489 Y254.448273 Z273.200000 E56.86404184242904941860 F100.000000
; P02 POINT 3886 point-0003886 deposition
G1 A0.000000 C0.000000 X264.546905 Y254.446694 Z273.200000 E56.86415046509528762950 F100.000000
; P02 POINT 3887 point-0003887 deposition
G1 A0.000000 C0.000000 X264.547308 Y254.445112 Z273.200000 E56.86425908776152590926 F100.000000
; P02 POINT 3888 point-0003888 deposition
G1 A0.000000 C0.000000 X264.905074 Y253.016364 Z273.200000 E56.96223413960077248926 F100.000000
; P02 POINT 3889 point-0003889 deposition
G1 A0.000000 C0.000000 X264.905464 Y253.014778 Z273.200000 E56.96234277962367883142 F100.000000
; P02 POINT 3890 point-0003890 deposition
G1 A0.000000 C0.000000 X264.905842 Y253.013189 Z273.200000 E56.96245141964658515874 F100.000000
; P02 POINT 3891 point-0003891 deposition
G1 A0.000000 C0.000000 X264.906206 Y253.011597 Z273.200000 E56.96256005966949146599 F100.000000
; P02 POINT 3892 point-0003892 deposition
G1 A0.000000 C0.000000 X264.906557 Y253.010002 Z273.200000 E56.96266869969239778681 F100.000000
; P02 POINT 3893 point-0003893 deposition
G1 A0.000000 C0.000000 X264.906896 Y253.008404 Z273.200000 E56.96277733971530411144 F100.000000
; P02 POINT 3894 point-0003894 deposition
G1 A0.000000 C0.000000 X264.907221 Y253.006804 Z273.200000 E56.96288597973821042974 F100.000000
; P02 POINT 3895 point-0003895 deposition
G1 A0.000000 C0.000000 X264.907533 Y253.005201 Z273.200000 E56.96299461976111676134 F100.000000
; P02 POINT 3896 point-0003896 deposition
G1 A0.000000 C0.000000 X264.907832 Y253.003595 Z273.200000 E56.96310325978402309094 F100.000000
; P02 POINT 3897 point-0003897 deposition
G1 A0.000000 C0.000000 X264.908118 Y253.001987 Z273.200000 E56.96321189980692940378 F100.000000
; P02 POINT 3898 point-0003898 deposition
G1 A0.000000 C0.000000 X264.908390 Y253.000377 Z273.200000 E56.96332053982983570927 F100.000000
; P02 POINT 3899 point-0003899 deposition
G1 A0.000000 C0.000000 X264.908650 Y252.998764 Z273.200000 E56.96342917985274206714 F100.000000
; P02 POINT 3900 point-0003900 deposition
G1 A0.000000 C0.000000 X264.908896 Y252.997150 Z273.200000 E56.96353781987564837960 F100.000000
; P02 POINT 3901 point-0003901 deposition
G1 A0.000000 C0.000000 X265.125165 Y251.540258 Z273.200000 E57.06151265979504968960 F100.000000
; P02 POINT 3902 point-0003902 deposition
G1 A0.000000 C0.000000 X265.125398 Y251.538641 Z273.200000 E57.06162132224055956200 F100.000000
; P02 POINT 3903 point-0003903 deposition
G1 A0.000000 C0.000000 X265.125618 Y251.537022 Z273.200000 E57.06172998468606948013 F100.000000
; P02 POINT 3904 point-0003904 deposition
G1 A0.000000 C0.000000 X265.125825 Y251.535402 Z273.200000 E57.06183864713157936895 F100.000000
; P02 POINT 3905 point-0003905 deposition
G1 A0.000000 C0.000000 X265.126019 Y251.533780 Z273.200000 E57.06194730957708925589 F100.000000
; P02 POINT 3906 point-0003906 deposition
G1 A0.000000 C0.000000 X265.126199 Y251.532156 Z273.200000 E57.06205597202259917938 F100.000000
; P02 POINT 3907 point-0003907 deposition
G1 A0.000000 C0.000000 X265.126366 Y251.530531 Z273.200000 E57.06216463446810907400 F100.000000
; P02 POINT 3908 point-0003908 deposition
G1 A0.000000 C0.000000 X265.126520 Y251.528905 Z273.200000 E57.06227329691361897013 F100.000000
; P02 POINT 3909 point-0003909 deposition
G1 A0.000000 C0.000000 X265.126660 Y251.527278 Z273.200000 E57.06238195935912886256 F100.000000
; P02 POINT 3910 point-0003910 deposition
G1 A0.000000 C0.000000 X265.126788 Y251.525649 Z273.200000 E57.06249062180463876076 F100.000000
; P02 POINT 3911 point-0003911 deposition
G1 A0.000000 C0.000000 X265.126901 Y251.524019 Z273.200000 E57.06259928425014867449 F100.000000
; P02 POINT 3912 point-0003912 deposition
G1 A0.000000 C0.000000 X265.127002 Y251.522389 Z273.200000 E57.06270794669565856868 F100.000000
; P02 POINT 3913 point-0003913 deposition
G1 A0.000000 C0.000000 X265.127089 Y251.520758 Z273.200000 E57.06281660914116847072 F100.000000
; P02 POINT 3914 point-0003914 deposition
G1 A0.000000 C0.000000 X265.199756 Y250.049700 Z273.200000 E57.16079108695812330072 F100.000000
; P02 POINT 3915 point-0003915 deposition
G1 A0.000000 C0.000000 X265.199829 Y250.048068 Z273.200000 E57.16089977540202320218 F100.000000
; P02 POINT 3916 point-0003916 deposition
G1 A0.000000 C0.000000 X265.199890 Y250.046435 Z273.200000 E57.16100846384592310368 F100.000000
; P02 POINT 3917 point-0003917 deposition
G1 A0.000000 C0.000000 X265.199937 Y250.044802 Z273.200000 E57.16111715228982300585 F100.000000
; P02 POINT 3918 point-0003918 deposition
G1 A0.000000 C0.000000 X265.199971 Y250.043168 Z273.200000 E57.16122584073372291118 F100.000000
; P02 POINT 3919 point-0003919 deposition
G1 A0.000000 C0.000000 X265.199992 Y250.041534 Z273.200000 E57.16133452917762281642 F100.000000
; P02 POINT 3920 point-0003920 deposition
G1 A0.000000 C0.000000 X265.199999 Y250.039901 Z273.200000 E57.16144321762152271826 F100.000000
; P02 POINT 3921 point-0003921 deposition
G1 A0.000000 C0.000000 X265.199993 Y250.038267 Z273.200000 E57.16155190606542262350 F100.000000
; P02 POINT 3922 point-0003922 deposition
G1 A0.000000 C0.000000 X265.199974 Y250.036633 Z273.200000 E57.16166059450932252639 F100.000000
; P02 POINT 3923 point-0003923 deposition
G1 A0.000000 C0.000000 X265.199941 Y250.034999 Z273.200000 E57.16176928295322243163 F100.000000
; P02 POINT 3924 point-0003924 deposition
G1 A0.000000 C0.000000 X265.199895 Y250.033366 Z273.200000 E57.16187797139712233380 F100.000000
; P02 POINT 3925 point-0003925 deposition
G1 A0.000000 C0.000000 X265.199835 Y250.031733 Z273.200000 E57.16198665984102223580 F100.000000
; P02 POINT 3926 point-0003926 deposition
G1 A0.000000 C0.000000 X265.199762 Y250.030101 Z273.200000 E57.16209534828492214182 F100.000000
; P02 POINT 3927 point-0003927 deposition
G1 A0.000000 C0.000000 X265.128095 Y248.558989 Z273.200000 E57.26007017870325535182 F100.000000
; P02 POINT 3928 point-0003928 deposition
G1 A0.000000 C0.000000 X265.128009 Y248.557357 Z273.200000 E57.26017889513312775041 F100.000000
; P02 POINT 3929 point-0003929 deposition
G1 A0.000000 C0.000000 X265.127909 Y248.555725 Z273.200000 E57.26028761156300016739 F100.000000
; P02 POINT 3930 point-0003930 deposition
G1 A0.000000 C0.000000 X265.127796 Y248.554095 Z273.200000 E57.26039632799287258919 F100.000000
; P02 POINT 3931 point-0003931 deposition
G1 A0.000000 C0.000000 X265.127670 Y248.552465 Z273.200000 E57.26050504442274500669 F100.000000
; P02 POINT 3932 point-0003932 deposition
G1 A0.000000 C0.000000 X265.127531 Y248.550837 Z273.200000 E57.26061376085261742752 F100.000000
; P02 POINT 3933 point-0003933 deposition
G1 A0.000000 C0.000000 X265.127378 Y248.549210 Z273.200000 E57.26072247728248984141 F100.000000
; P02 POINT 3934 point-0003934 deposition
G1 A0.000000 C0.000000 X265.127212 Y248.547584 Z273.200000 E57.26083119371236225098 F100.000000
; P02 POINT 3935 point-0003935 deposition
G1 A0.000000 C0.000000 X265.127032 Y248.545960 Z273.200000 E57.26093991014223467192 F100.000000
; P02 POINT 3936 point-0003936 deposition
G1 A0.000000 C0.000000 X265.126840 Y248.544337 Z273.200000 E57.26104862657210708475 F100.000000
; P02 POINT 3937 point-0003937 deposition
G1 A0.000000 C0.000000 X265.126634 Y248.542715 Z273.200000 E57.26115734300197951036 F100.000000
; P02 POINT 3938 point-0003938 deposition
G1 A0.000000 C0.000000 X265.126415 Y248.541096 Z273.200000 E57.26126605943185193310 F100.000000
; P02 POINT 3939 point-0003939 deposition
G1 A0.000000 C0.000000 X265.126182 Y248.539478 Z273.200000 E57.26137477586172432970 F100.000000
; P02 POINT 3940 point-0003940 deposition
G1 A0.000000 C0.000000 X264.910832 Y247.082448 Z273.200000 E57.35934969546499768970 F100.000000
; P02 POINT 3941 point-0003941 deposition
G1 A0.000000 C0.000000 X264.910587 Y247.080832 Z273.200000 E57.35945844016508573614 F100.000000
; P02 POINT 3942 point-0003942 deposition
G1 A0.000000 C0.000000 X264.910328 Y247.079218 Z273.200000 E57.35956718486517377274 F100.000000
; P02 POINT 3943 point-0003943 deposition
G1 A0.000000 C0.000000 X264.910056 Y247.077606 Z273.200000 E57.35967592956526179645 F100.000000
; P02 POINT 3944 point-0003944 deposition
G1 A0.000000 C0.000000 X264.909771 Y247.075996 Z273.200000 E57.35978467426534981787 F100.000000
; P02 POINT 3945 point-0003945 deposition
G1 A0.000000 C0.000000 X264.909472 Y247.074389 Z273.200000 E57.35989341896543785123 F100.000000
; P02 POINT 3946 point-0003946 deposition
G1 A0.000000 C0.000000 X264.909161 Y247.072784 Z273.200000 E57.36000216366552588194 F100.000000
; P02 POINT 3947 point-0003947 deposition
G1 A0.000000 C0.000000 X264.908836 Y247.071182 Z273.200000 E57.36011090836561390987 F100.000000
; P02 POINT 3948 point-0003948 deposition
G1 A0.000000 C0.000000 X264.908499 Y247.069583 Z273.200000 E57.36021965306570193300 F100.000000
; P02 POINT 3949 point-0003949 deposition
G1 A0.000000 C0.000000 X264.908148 Y247.067986 Z273.200000 E57.36032839776578997105 F100.000000
; P02 POINT 3950 point-0003950 deposition
G1 A0.000000 C0.000000 X264.907784 Y247.066392 Z273.200000 E57.36043714246587801063 F100.000000
; P02 POINT 3951 point-0003951 deposition
G1 A0.000000 C0.000000 X264.907408 Y247.064801 Z273.200000 E57.36054588716596601231 F100.000000
; P02 POINT 3952 point-0003952 deposition
G1 A0.000000 C0.000000 X264.907018 Y247.063214 Z273.200000 E57.36065463186605405253 F100.000000
; P02 POINT 3953 point-0003953 deposition
G1 A0.000000 C0.000000 X264.550018 Y245.634276 Z273.200000 E57.45862958819833244253 F100.000000
; P02 POINT 3954 point-0003954 deposition
G1 A0.000000 C0.000000 X264.549615 Y245.632691 Z273.200000 E57.45873836070897731754 F100.000000
; P02 POINT 3955 point-0003955 deposition
G1 A0.000000 C0.000000 X264.549199 Y245.631110 Z273.200000 E57.45884713321962211124 F100.000000
; P02 POINT 3956 point-0003956 deposition
G1 A0.000000 C0.000000 X264.548770 Y245.629532 Z273.200000 E57.45895590573026689355 F100.000000
; P02 POINT 3957 point-0003957 deposition
G1 A0.000000 C0.000000 X264.548329 Y245.627957 Z273.200000 E57.45906467824091172514 F100.000000
; P02 POINT 3958 point-0003958 deposition
G1 A0.000000 C0.000000 X264.547874 Y245.626386 Z273.200000 E57.45917345075155656058 F100.000000
; P02 POINT 3959 point-0003959 deposition
G1 A0.000000 C0.000000 X264.547407 Y245.624819 Z273.200000 E57.45928222326220132320 F100.000000
; P02 POINT 3960 point-0003960 deposition
G1 A0.000000 C0.000000 X264.546927 Y245.623256 Z273.200000 E57.45939099577284612123 F100.000000
; P02 POINT 3961 point-0003961 deposition
G1 A0.000000 C0.000000 X264.546434 Y245.621697 Z273.200000 E57.45949976828349097272 F100.000000
; P02 POINT 3962 point-0003962 deposition
G1 A0.000000 C0.000000 X264.545929 Y245.620142 Z273.200000 E57.45960854079413580452 F100.000000
; P02 POINT 3963 point-0003963 deposition
G1 A0.000000 C0.000000 X264.545411 Y245.618591 Z273.200000 E57.45971731330478061769 F100.000000
; P02 POINT 3964 point-0003964 deposition
G1 A0.000000 C0.000000 X264.544880 Y245.617045 Z273.200000 E57.45982608581542545050 F100.000000
; P02 POINT 3965 point-0003965 deposition
G1 A0.000000 C0.000000 X264.544336 Y245.615502 Z273.200000 E57.45993485832607024643 F100.000000
; P02 POINT 3966 point-0003966 deposition
G1 A0.000000 C0.000000 X264.049083 Y244.228405 Z273.200000 E57.55790986804048491643 F100.000000
; P02 POINT 3967 point-0003967 deposition
G1 A0.000000 C0.000000 X264.048527 Y244.226867 Z273.200000 E57.55801866747070801064 F100.000000
; P02 POINT 3968 point-0003968 deposition
G1 A0.000000 C0.000000 X264.047958 Y244.225333 Z273.200000 E57.55812746690093116143 F100.000000
; P02 POINT 3969 point-0003969 deposition
G1 A0.000000 C0.000000 X264.047376 Y244.223805 Z273.200000 E57.55823626633115428613 F100.000000
; P02 POINT 3970 point-0003970 deposition
G1 A0.000000 C0.000000 X264.046783 Y244.222281 Z273.200000 E57.55834506576137742678 F100.000000
; P02 POINT 3971 point-0003971 deposition
G1 A0.000000 C0.000000 X264.046176 Y244.220761 Z273.200000 E57.55845386519160059031 F100.000000
; P02 POINT 3972 point-0003972 deposition
G1 A0.000000 C0.000000 X264.045558 Y244.219247 Z273.200000 E57.55856266462182368144 F100.000000
; P02 POINT 3973 point-0003973 deposition
G1 A0.000000 C0.000000 X264.044927 Y244.217738 Z273.200000 E57.55867146405204683946 F100.000000
; P02 POINT 3974 point-0003974 deposition
G1 A0.000000 C0.000000 X264.044283 Y244.216235 Z273.200000 E57.55878026348227001024 F100.000000
; P02 POINT 3975 point-0003975 deposition
G1 A0.000000 C0.000000 X264.043628 Y244.214736 Z273.200000 E57.55888906291249311357 F100.000000
; P02 POINT 3976 point-0003976 deposition
G1 A0.000000 C0.000000 X264.042960 Y244.213243 Z273.200000 E57.55899786234271621961 F100.000000
; P02 POINT 3977 point-0003977 deposition
G1 A0.000000 C0.000000 X264.042280 Y244.211756 Z273.200000 E57.55910666177293936184 F100.000000
; P02 POINT 3978 point-0003978 deposition
G1 A0.000000 C0.000000 X264.041588 Y244.210274 Z273.200000 E57.55921546120316248690 F100.000000
; P02 POINT 3979 point-0003979 deposition
G1 A0.000000 C0.000000 X263.412810 Y242.878368 Z273.200000 E57.65719091265294482690 F100.000000
; P02 POINT 3980 point-0003980 deposition
G1 A0.000000 C0.000000 X263.412105 Y242.876892 Z273.200000 E57.65729973719382508507 F100.000000
; P02 POINT 3981 point-0003981 deposition
G1 A0.000000 C0.000000 X263.411389 Y242.875421 Z273.200000 E57.65740856173470534555 F100.000000
; P02 POINT 3982 point-0003982 deposition
G1 A0.000000 C0.000000 X263.410660 Y242.873956 Z273.200000 E57.65751738627558566453 F100.000000
; P02 POINT 3983 point-0003983 deposition
G1 A0.000000 C0.000000 X263.409920 Y242.872497 Z273.200000 E57.65762621081646591700 F100.000000
; P02 POINT 3984 point-0003984 deposition
G1 A0.000000 C0.000000 X263.409167 Y242.871045 Z273.200000 E57.65773503535734620297 F100.000000
; P02 POINT 3985 point-0003985 deposition
G1 A0.000000 C0.000000 X263.408403 Y242.869598 Z273.200000 E57.65784385989822641665 F100.000000
; P02 POINT 3986 point-0003986 deposition
G1 A0.000000 C0.000000 X263.407627 Y242.868158 Z273.200000 E57.65795268443910670514 F100.000000
; P02 POINT 3987 point-0003987 deposition
G1 A0.000000 C0.000000 X263.406839 Y242.866724 Z273.200000 E57.65806150897998693370 F100.000000
; P02 POINT 3988 point-0003988 deposition
G1 A0.000000 C0.000000 X263.406040 Y242.865297 Z273.200000 E57.65817033352086721635 F100.000000
; P02 POINT 3989 point-0003989 deposition
G1 A0.000000 C0.000000 X263.405229 Y242.863876 Z273.200000 E57.65827915806174747529 F100.000000
; P02 POINT 3990 point-0003990 deposition
G1 A0.000000 C0.000000 X263.404406 Y242.862462 Z273.200000 E57.65838798260262774179 F100.000000
; P02 POINT 3991 point-0003991 deposition
G1 A0.000000 C0.000000 X263.403572 Y242.861055 Z273.200000 E57.65849680714350799167 F100.000000
; P02 POINT 3992 point-0003992 deposition
G1 A0.000000 C0.000000 X262.647296 Y241.597185 Z273.200000 E57.75647191203798464167 F100.000000
; P02 POINT 3993 point-0003993 deposition
G1 A0.000000 C0.000000 X262.646450 Y241.595785 Z273.200000 E57.75658075969476550365 F100.000000
; P02 POINT 3994 point-0003994 deposition
G1 A0.000000 C0.000000 X262.645593 Y241.594391 Z273.200000 E57.75668960735154643705 F100.000000
; P02 POINT 3995 point-0003995 deposition
G1 A0.000000 C0.000000 X262.644724 Y241.593004 Z273.200000 E57.75679845500832724250 F100.000000
; P02 POINT 3996 point-0003996 deposition
G1 A0.000000 C0.000000 X262.643844 Y241.591625 Z273.200000 E57.75690730266510816949 F100.000000
; P02 POINT 3997 point-0003997 deposition
G1 A0.000000 C0.000000 X262.642952 Y241.590253 Z273.200000 E57.75701615032188904391 F100.000000
; P02 POINT 3998 point-0003998 deposition
G1 A0.000000 C0.000000 X262.642050 Y241.588888 Z273.200000 E57.75712499797866997551 F100.000000
; P02 POINT 3999 point-0003999 deposition
G1 A0.000000 C0.000000 X262.641136 Y241.587530 Z273.200000 E57.75723384563545084623 F100.000000
; P02 POINT 4000 point-0004000 deposition
G1 A0.000000 C0.000000 X262.640212 Y241.586180 Z273.200000 E57.75734269329223175869 F100.000000
; P02 POINT 4001 point-0004001 deposition
G1 A0.000000 C0.000000 X262.639276 Y241.584838 Z273.200000 E57.75745154094901266871 F100.000000
; P02 POINT 4002 point-0004002 deposition
G1 A0.000000 C0.000000 X262.638329 Y241.583503 Z273.200000 E57.75756038860579349449 F100.000000
; P02 POINT 4003 point-0004003 deposition
G1 A0.000000 C0.000000 X262.637371 Y241.582176 Z273.200000 E57.75766923626257441033 F100.000000
; P02 POINT 4004 point-0004004 deposition
G1 A0.000000 C0.000000 X262.636403 Y241.580857 Z273.200000 E57.75777808391935531675 F100.000000
; P02 POINT 4005 point-0004005 deposition
G1 A0.000000 C0.000000 X261.759881 Y240.397202 Z273.200000 E57.85575345448089037675 F100.000000
; P02 POINT 4006 point-0004006 deposition
G1 A0.000000 C0.000000 X261.758902 Y240.395891 Z273.200000 E57.85586232277689010231 F100.000000
; P02 POINT 4007 point-0004007 deposition
G1 A0.000000 C0.000000 X261.757912 Y240.394588 Z273.200000 E57.85597119107288988478 F100.000000
; P02 POINT 4008 point-0004008 deposition
G1 A0.000000 C0.000000 X261.756911 Y240.393293 Z273.200000 E57.85608005936888958035 F100.000000
; P02 POINT 4009 point-0004009 deposition
G1 A0.000000 C0.000000 X261.755900 Y240.392006 Z273.200000 E57.85618892766488933787 F100.000000
; P02 POINT 4010 point-0004010 deposition
G1 A0.000000 C0.000000 X261.754878 Y240.390727 Z273.200000 E57.85629779596088915841 F100.000000
; P02 POINT 4011 point-0004011 deposition
G1 A0.000000 C0.000000 X261.753846 Y240.389457 Z273.200000 E57.85640666425688894138 F100.000000
; P02 POINT 4012 point-0004012 deposition
G1 A0.000000 C0.000000 X261.752803 Y240.388196 Z273.200000 E57.85651553255288862872 F100.000000
; P02 POINT 4013 point-0004013 deposition
G1 A0.000000 C0.000000 X261.751750 Y240.386943 Z273.200000 E57.85662440084888839973 F100.000000
; P02 POINT 4014 point-0004014 deposition
G1 A0.000000 C0.000000 X261.750687 Y240.385698 Z273.200000 E57.85673326914488813947 F100.000000
; P02 POINT 4015 point-0004015 deposition
G1 A0.000000 C0.000000 X261.749614 Y240.384462 Z273.200000 E57.85684213744088782528 F100.000000
; P02 POINT 4016 point-0004016 deposition
G1 A0.000000 C0.000000 X261.748531 Y240.383236 Z273.200000 E57.85695100573688769721 F100.000000
; P02 POINT 4017 point-0004017 deposition
G1 A0.000000 C0.000000 X261.747438 Y240.382018 Z273.200000 E57.85705987403288734910 F100.000000
; P02 POINT 4018 point-0004018 deposition
G1 A0.000000 C0.000000 X260.759103 Y239.290010 Z273.200000 E57.95503422885137008910 F100.000000
; P02 POINT 4019 point-0004019 deposition
G1 A0.000000 C0.000000 X260.758000 Y239.288801 Z273.200000 E57.95514311542474558069 F100.000000
; P02 POINT 4020 point-0004020 deposition
G1 A0.000000 C0.000000 X260.756887 Y239.287601 Z273.200000 E57.95525200199812094249 F100.000000
; P02 POINT 4021 point-0004021 deposition
G1 A0.000000 C0.000000 X260.755764 Y239.286410 Z273.200000 E57.95536088857149638868 F100.000000
; P02 POINT 4022 point-0004022 deposition
G1 A0.000000 C0.000000 X260.754631 Y239.285228 Z273.200000 E57.95546977514487180844 F100.000000
; P02 POINT 4023 point-0004023 deposition
G1 A0.000000 C0.000000 X260.753489 Y239.284056 Z273.200000 E57.95557866171824726199 F100.000000
; P02 POINT 4024 point-0004024 deposition
G1 A0.000000 C0.000000 X260.752337 Y239.282893 Z273.200000 E57.95568754829162264391 F100.000000
; P02 POINT 4025 point-0004025 deposition
G1 A0.000000 C0.000000 X260.751175 Y239.281739 Z273.200000 E57.95579643486499809605 F100.000000
; P02 POINT 4026 point-0004026 deposition
G1 A0.000000 C0.000000 X260.750005 Y239.280595 Z273.200000 E57.95590532143837347800 F100.000000
; P02 POINT 4027 point-0004027 deposition
G1 A0.000000 C0.000000 X260.748824 Y239.279461 Z273.200000 E57.95601420801174892213 F100.000000
; P02 POINT 4028 point-0004028 deposition
G1 A0.000000 C0.000000 X260.747635 Y239.278336 Z273.200000 E57.95612309458512431598 F100.000000
; P02 POINT 4029 point-0004029 deposition
G1 A0.000000 C0.000000 X260.746437 Y239.277221 Z273.200000 E57.95623198115849978716 F100.000000
; P02 POINT 4030 point-0004030 deposition
G1 A0.000000 C0.000000 X260.745229 Y239.276116 Z273.200000 E57.95634086773187510667 F100.000000
; P02 POINT 4031 point-0004031 deposition
G1 A0.000000 C0.000000 X259.654580 Y238.286284 Z273.200000 E58.05431514537251679667 F100.000000
; P02 POINT 4032 point-0004032 deposition
G1 A0.000000 C0.000000 X259.653364 Y238.285189 Z273.200000 E58.05442404923787180035 F100.000000
; P02 POINT 4033 point-0004033 deposition
G1 A0.000000 C0.000000 X259.652138 Y238.284103 Z273.200000 E58.05453295310322680018 F100.000000
; P02 POINT 4034 point-0004034 deposition
G1 A0.000000 C0.000000 X259.650903 Y238.283028 Z273.200000 E58.05464185696858181768 F100.000000
; P02 POINT 4035 point-0004035 deposition
G1 A0.000000 C0.000000 X259.649660 Y238.281963 Z273.200000 E58.05475076083393684698 F100.000000
; P02 POINT 4036 point-0004036 deposition
G1 A0.000000 C0.000000 X259.648408 Y238.280908 Z273.200000 E58.05485966469929181250 F100.000000
; P02 POINT 4037 point-0004037 deposition
G1 A0.000000 C0.000000 X259.647147 Y238.279864 Z273.200000 E58.05496856856464682010 F100.000000
; P02 POINT 4038 point-0004038 deposition
G1 A0.000000 C0.000000 X259.645878 Y238.278829 Z273.200000 E58.05507747243000188547 F100.000000
; P02 POINT 4039 point-0004039 deposition
G1 A0.000000 C0.000000 X259.644601 Y238.277806 Z273.200000 E58.05518637629535685780 F100.000000
; P02 POINT 4040 point-0004040 deposition
G1 A0.000000 C0.000000 X259.643315 Y238.276792 Z273.200000 E58.05529528016071178641 F100.000000
; P02 POINT 4041 point-0004041 deposition
G1 A0.000000 C0.000000 X259.642021 Y238.275790 Z273.200000 E58.05540418402606683794 F100.000000
; P02 POINT 4042 point-0004042 deposition
G1 A0.000000 C0.000000 X259.640718 Y238.274797 Z273.200000 E58.05551308789142180466 F100.000000
; P02 POINT 4043 point-0004043 deposition
G1 A0.000000 C0.000000 X259.639408 Y238.273816 Z273.200000 E58.05562199175677686653 F100.000000
; P02 POINT 4044 point-0004044 deposition
G1 A0.000000 C0.000000 X258.456925 Y237.395704 Z273.200000 E58.15359771301281237653 F100.000000
; P02 POINT 4045 point-0004045 deposition
G1 A0.000000 C0.000000 X258.455607 Y237.394733 Z273.200000 E58.15370663771864924547 F100.000000
; P02 POINT 4046 point-0004046 deposition
G1 A0.000000 C0.000000 X258.454280 Y237.393773 Z273.200000 E58.15381556242448615382 F100.000000
; P02 POINT 4047 point-0004047 deposition
G1 A0.000000 C0.000000 X258.452946 Y237.392824 Z273.200000 E58.15392448713032306632 F100.000000
; P02 POINT 4048 point-0004048 deposition
G1 A0.000000 C0.000000 X258.451604 Y237.391886 Z273.200000 E58.15403341183615991761 F100.000000
; P02 POINT 4049 point-0004049 deposition
G1 A0.000000 C0.000000 X258.450254 Y237.390959 Z273.200000 E58.15414233654199685851 F100.000000
; P02 POINT 4050 point-0004050 deposition
G1 A0.000000 C0.000000 X258.448897 Y237.390042 Z273.200000 E58.15425126124783380635 F100.000000
; P02 POINT 4051 point-0004051 deposition
G1 A0.000000 C0.000000 X258.447532 Y237.389138 Z273.200000 E58.15436018595367068671 F100.000000
; P02 POINT 4052 point-0004052 deposition
G1 A0.000000 C0.000000 X258.446160 Y237.388244 Z273.200000 E58.15446911065950752925 F100.000000
; P02 POINT 4053 point-0004053 deposition
G1 A0.000000 C0.000000 X258.444781 Y237.387361 Z273.200000 E58.15457803536534442796 F100.000000
; P02 POINT 4054 point-0004054 deposition
G1 A0.000000 C0.000000 X258.443394 Y237.386490 Z273.200000 E58.15468696007118136506 F100.000000
; P02 POINT 4055 point-0004055 deposition
G1 A0.000000 C0.000000 X258.442000 Y237.385630 Z273.200000 E58.15479588477701821748 F100.000000
; P02 POINT 4056 point-0004056 deposition
G1 A0.000000 C0.000000 X258.440600 Y237.384782 Z273.200000 E58.15490480948285517762 F100.000000
; P02 POINT 4057 point-0004057 deposition
G1 A0.000000 C0.000000 X257.177552 Y236.626815 Z273.200000 E58.25289085789408137762 F100.000000
; P02 POINT 4058 point-0004058 deposition
G1 A0.000000 C0.000000 X257.176145 Y236.625978 Z273.200000 E58.25299980010777800609 F100.000000
; P02 POINT 4059 point-0004059 deposition
G1 A0.000000 C0.000000 X257.174730 Y236.625152 Z273.200000 E58.25310874232147465065 F100.000000
; P02 POINT 4060 point-0004060 deposition
G1 A0.000000 C0.000000 X257.173309 Y236.624339 Z273.200000 E58.25321768453517128419 F100.000000
; P02 POINT 4061 point-0004061 deposition
G1 A0.000000 C0.000000 X257.171881 Y236.623537 Z273.200000 E58.25332662674886795054 F100.000000
; P02 POINT 4062 point-0004062 deposition
G1 A0.000000 C0.000000 X257.170447 Y236.622746 Z273.200000 E58.25343556896256456298 F100.000000
; P02 POINT 4063 point-0004063 deposition
G1 A0.000000 C0.000000 X257.169006 Y236.621968 Z273.200000 E58.25354451117626120665 F100.000000
; P02 POINT 4064 point-0004064 deposition
G1 A0.000000 C0.000000 X257.167559 Y236.621201 Z273.200000 E58.25365345338995788217 F100.000000
; P02 POINT 4065 point-0004065 deposition
G1 A0.000000 C0.000000 X257.166105 Y236.620446 Z273.200000 E58.25376239560365452544 F100.000000
; P02 POINT 4066 point-0004066 deposition
G1 A0.000000 C0.000000 X257.164646 Y236.619703 Z273.200000 E58.25387133781735117876 F100.000000
; P02 POINT 4067 point-0004067 deposition
G1 A0.000000 C0.000000 X257.163180 Y236.618972 Z273.200000 E58.25398028003104782752 F100.000000
; P02 POINT 4068 point-0004068 deposition
G1 A0.000000 C0.000000 X257.161709 Y236.618253 Z273.200000 E58.25408922224474445042 F100.000000
; P02 POINT 4069 point-0004069 deposition
G1 A0.000000 C0.000000 X257.160232 Y236.617546 Z273.200000 E58.25419816445844105737 F100.000000
; P02 POINT 4070 point-0004070 deposition
G1 A0.000000 C0.000000 X255.828924 Y235.987152 Z273.200000 E58.35218357605234697737 F100.000000
; P02 POINT 4071 point-0004071 deposition
G1 A0.000000 C0.000000 X255.827441 Y235.986457 Z273.200000 E58.35229252584219375235 F100.000000
; P02 POINT 4072 point-0004072 deposition
G1 A0.000000 C0.000000 X255.825952 Y235.985774 Z273.200000 E58.35240147563204058657 F100.000000
; P02 POINT 4073 point-0004073 deposition
G1 A0.000000 C0.000000 X255.824458 Y235.985104 Z273.200000 E58.35251042542188742681 F100.000000
; P02 POINT 4074 point-0004074 deposition
G1 A0.000000 C0.000000 X255.822958 Y235.984445 Z273.200000 E58.35261937521173422787 F100.000000
; P02 POINT 4075 point-0004075 deposition
G1 A0.000000 C0.000000 X255.821453 Y235.983799 Z273.200000 E58.35272832500158106785 F100.000000
; P02 POINT 4076 point-0004076 deposition
G1 A0.000000 C0.000000 X255.819943 Y235.983166 Z273.200000 E58.35283727479142785545 F100.000000
; P02 POINT 4077 point-0004077 deposition
G1 A0.000000 C0.000000 X255.818427 Y235.982545 Z273.200000 E58.35294622458127468374 F100.000000
; P02 POINT 4078 point-0004078 deposition
G1 A0.000000 C0.000000 X255.816907 Y235.981936 Z273.200000 E58.35305517437112151556 F100.000000
; P02 POINT 4079 point-0004079 deposition
G1 A0.000000 C0.000000 X255.815381 Y235.981340 Z273.200000 E58.35316412416096831984 F100.000000
; P02 POINT 4080 point-0004080 deposition
G1 A0.000000 C0.000000 X255.813851 Y235.980756 Z273.200000 E58.35327307395081510329 F100.000000
; P02 POINT 4081 point-0004081 deposition
G1 A0.000000 C0.000000 X255.812316 Y235.980185 Z273.200000 E58.35338202374066196780 F100.000000
; P02 POINT 4082 point-0004082 deposition
G1 A0.000000 C0.000000 X255.810777 Y235.979626 Z273.200000 E58.35349097353050880536 F100.000000
; P02 POINT 4083 point-0004083 deposition
G1 A0.000000 C0.000000 X254.424091 Y235.482909 Z273.200000 E58.45147299357825732536 F100.000000
; P02 POINT 4084 point-0004084 deposition
G1 A0.000000 C0.000000 X254.422547 Y235.482363 Z273.200000 E58.45158194934273663657 F100.000000
; P02 POINT 4085 point-0004085 deposition
G1 A0.000000 C0.000000 X254.420998 Y235.481829 Z273.200000 E58.45169090510721600455 F100.000000
; P02 POINT 4086 point-0004086 deposition
G1 A0.000000 C0.000000 X254.419445 Y235.481309 Z273.200000 E58.45179986087169533198 F100.000000
; P02 POINT 4087 point-0004087 deposition
G1 A0.000000 C0.000000 X254.417888 Y235.480801 Z273.200000 E58.45190881663617473143 F100.000000
; P02 POINT 4088 point-0004088 deposition
G1 A0.000000 C0.000000 X254.416326 Y235.480306 Z273.200000 E58.45201777240065404260 F100.000000
; P02 POINT 4089 point-0004089 deposition
G1 A0.000000 C0.000000 X254.414761 Y235.479823 Z273.200000 E58.45212672816513342730 F100.000000
; P02 POINT 4090 point-0004090 deposition
G1 A0.000000 C0.000000 X254.413192 Y235.479354 Z273.200000 E58.45223568392961273434 F100.000000
; P02 POINT 4091 point-0004091 deposition
G1 A0.000000 C0.000000 X254.411619 Y235.478897 Z273.200000 E58.45234463969409215008 F100.000000
; P02 POINT 4092 point-0004092 deposition
G1 A0.000000 C0.000000 X254.410042 Y235.478453 Z273.200000 E58.45245359545857145681 F100.000000
; P02 POINT 4093 point-0004093 deposition
G1 A0.000000 C0.000000 X254.408462 Y235.478022 Z273.200000 E58.45256255122305080651 F100.000000
; P02 POINT 4094 point-0004094 deposition
G1 A0.000000 C0.000000 X254.406878 Y235.477605 Z273.200000 E58.45267150698753015480 F100.000000
; P02 POINT 4095 point-0004095 deposition
G1 A0.000000 C0.000000 X254.405291 Y235.477200 Z273.200000 E58.45278046275200955235 F100.000000
; P02 POINT 4096 point-0004096 deposition
G1 A0.000000 C0.000000 X252.976548 Y235.118935 Z273.200000 E58.55076326522434556235 F100.000000
; P02 POINT 4097 point-0004097 deposition
G1 A0.000000 C0.000000 X252.974958 Y235.118543 Z273.200000 E58.55087222906266951146 F100.000000
; P02 POINT 4098 point-0004098 deposition
G1 A0.000000 C0.000000 X252.973364 Y235.118165 Z273.200000 E58.55098119290099349440 F100.000000
; P02 POINT 4099 point-0004099 deposition
G1 A0.000000 C0.000000 X252.971767 Y235.117799 Z273.200000 E58.55109015673931746837 F100.000000
; P02 POINT 4100 point-0004100 deposition
G1 A0.000000 C0.000000 X252.970168 Y235.117446 Z273.200000 E58.55119912057764144240 F100.000000
; P02 POINT 4101 point-0004101 deposition
G1 A0.000000 C0.000000 X252.968565 Y235.117106 Z273.200000 E58.55130808441596543003 F100.000000
; P02 POINT 4102 point-0004102 deposition
G1 A0.000000 C0.000000 X252.966960 Y235.116780 Z273.200000 E58.55141704825428941267 F100.000000
; P02 POINT 4103 point-0004103 deposition
G1 A0.000000 C0.000000 X252.965352 Y235.116467 Z273.200000 E58.55152601209261338837 F100.000000
; P02 POINT 4104 point-0004104 deposition
G1 A0.000000 C0.000000 X252.963742 Y235.116167 Z273.200000 E58.55163497593093734494 F100.000000
; P02 POINT 4105 point-0004105 deposition
G1 A0.000000 C0.000000 X252.962129 Y235.115880 Z273.200000 E58.55174393976926135997 F100.000000
; P02 POINT 4106 point-0004106 deposition
G1 A0.000000 C0.000000 X252.960514 Y235.115606 Z273.200000 E58.55185290360758531003 F100.000000
; P02 POINT 4107 point-0004107 deposition
G1 A0.000000 C0.000000 X252.958897 Y235.115345 Z273.200000 E58.55196186744590929609 F100.000000
; P02 POINT 4108 point-0004108 deposition
G1 A0.000000 C0.000000 X252.957278 Y235.115098 Z273.200000 E58.55207083128423329792 F100.000000
; P02 POINT 4109 point-0004109 deposition
G1 A0.000000 C0.000000 X251.500221 Y234.898751 Z273.200000 E58.65005725887037037792 F100.000000
; P02 POINT 4110 point-0004110 deposition
G1 A0.000000 C0.000000 X251.498600 Y234.898517 Z273.200000 E58.65016622587818709752 F100.000000
; P02 POINT 4111 point-0004111 deposition
G1 A0.000000 C0.000000 X251.496976 Y234.898296 Z273.200000 E58.65027519288600382721 F100.000000
; P02 POINT 4112 point-0004112 deposition
G1 A0.000000 C0.000000 X251.495351 Y234.898089 Z273.200000 E58.65038415989382057567 F100.000000
; P02 POINT 4113 point-0004113 deposition
G1 A0.000000 C0.000000 X251.493725 Y234.897895 Z273.200000 E58.65049312690163728977 F100.000000
; P02 POINT 4114 point-0004114 deposition
G1 A0.000000 C0.000000 X251.492097 Y234.897714 Z273.200000 E58.65060209390945402049 F100.000000
; P02 POINT 4115 point-0004115 deposition
G1 A0.000000 C0.000000 X251.490467 Y234.897547 Z273.200000 E58.65071106091727075434 F100.000000
; P02 POINT 4116 point-0004116 deposition
G1 A0.000000 C0.000000 X251.488836 Y234.897393 Z273.200000 E58.65082002792508749319 F100.000000
; P02 POINT 4117 point-0004117 deposition
G1 A0.000000 C0.000000 X251.487204 Y234.897252 Z273.200000 E58.65092899493290421557 F100.000000
; P02 POINT 4118 point-0004118 deposition
G1 A0.000000 C0.000000 X251.485571 Y234.897125 Z273.200000 E58.65103796194072094782 F100.000000
; P02 POINT 4119 point-0004119 deposition
G1 A0.000000 C0.000000 X251.483937 Y234.897011 Z273.200000 E58.65114692894853768469 F100.000000
; P02 POINT 4120 point-0004120 deposition
G1 A0.000000 C0.000000 X251.482302 Y234.896910 Z273.200000 E58.65125589595635441779 F100.000000
; P02 POINT 4121 point-0004121 deposition
G1 A0.000000 C0.000000 X251.480666 Y234.896823 Z273.200000 E58.65136486296417114212 F100.000000
; P02 POINT 4122 point-0004122 deposition
G1 A0.000000 C0.000000 X250.009462 Y234.824501 Z273.200000 E58.74934793344223433212 F100.000000
; P02 POINT 4123 point-0004123 deposition
G1 A0.000000 C0.000000 X250.007826 Y234.824427 Z273.200000 E58.74945689608958549971 F100.000000
; P02 POINT 4124 point-0004124 deposition
G1 A0.000000 C0.000000 X250.006189 Y234.824367 Z273.200000 E58.74956585873693666238 F100.000000
; P02 POINT 4125 point-0004125 deposition
G1 A0.000000 C0.000000 X250.004551 Y234.824320 Z273.200000 E58.74967482138428782742 F100.000000
; P02 POINT 4126 point-0004126 deposition
G1 A0.000000 C0.000000 X250.002914 Y234.824286 Z273.200000 E58.74978378403163899333 F100.000000
; P02 POINT 4127 point-0004127 deposition
G1 A0.000000 C0.000000 X250.001276 Y234.824266 Z273.200000 E58.74989274667899015936 F100.000000
; P02 POINT 4128 point-0004128 deposition
G1 A0.000000 C0.000000 X249.999638 Y234.824260 Z273.200000 E58.75000170932634132332 F100.000000
; P02 POINT 4129 point-0004129 deposition
G1 A0.000000 C0.000000 X249.998000 Y234.824266 Z273.200000 E58.75011067197369248987 F100.000000
; P02 POINT 4130 point-0004130 deposition
G1 A0.000000 C0.000000 X249.996362 Y234.824287 Z273.200000 E58.75021963462104365376 F100.000000
; P02 POINT 4131 point-0004131 deposition
G1 A0.000000 C0.000000 X249.994724 Y234.824320 Z273.200000 E58.75032859726839481990 F100.000000
; P02 POINT 4132 point-0004132 deposition
G1 A0.000000 C0.000000 X249.993087 Y234.824367 Z273.200000 E58.75043755991574598480 F100.000000
; P02 POINT 4133 point-0004133 deposition
G1 A0.000000 C0.000000 X249.991450 Y234.824428 Z273.200000 E58.75054652256309714663 F100.000000
; P02 POINT 4134 point-0004134 deposition
G1 A0.000000 C0.000000 X249.989814 Y234.824501 Z273.200000 E58.75065548521044831164 F100.000000
; P02 POINT 4135 point-0004135 deposition
G1 A0.000000 C0.000000 X248.518712 Y234.896884 Z273.200000 E58.84863195045064939164 F100.000000
; P02 POINT 4136 point-0004136 deposition
G1 A0.000000 C0.000000 X248.517076 Y234.896971 Z273.200000 E58.84874090840858423303 F100.000000
; P02 POINT 4137 point-0004137 deposition
G1 A0.000000 C0.000000 X248.515441 Y234.897072 Z273.200000 E58.84884986636651907291 F100.000000
; P02 POINT 4138 point-0004138 deposition
G1 A0.000000 C0.000000 X248.513807 Y234.897186 Z273.200000 E58.84895882432445391721 F100.000000
; P02 POINT 4139 point-0004139 deposition
G1 A0.000000 C0.000000 X248.512174 Y234.897313 Z273.200000 E58.84906778228238874803 F100.000000
; P02 POINT 4140 point-0004140 deposition
G1 A0.000000 C0.000000 X248.510542 Y234.897454 Z273.200000 E58.84917674024032358424 F100.000000
; P02 POINT 4141 point-0004141 deposition
G1 A0.000000 C0.000000 X248.508912 Y234.897608 Z273.200000 E58.84928569819825842133 F100.000000
; P02 POINT 4142 point-0004142 deposition
G1 A0.000000 C0.000000 X248.507282 Y234.897775 Z273.200000 E58.84939465615619327183 F100.000000
; P02 POINT 4143 point-0004143 deposition
G1 A0.000000 C0.000000 X248.505654 Y234.897956 Z273.200000 E58.84950361411412809837 F100.000000
; P02 POINT 4144 point-0004144 deposition
G1 A0.000000 C0.000000 X248.504028 Y234.898150 Z273.200000 E58.84961257207206293710 F100.000000
; P02 POINT 4145 point-0004145 deposition
G1 A0.000000 C0.000000 X248.502403 Y234.898358 Z273.200000 E58.84972153002999778293 F100.000000
; P02 POINT 4146 point-0004146 deposition
G1 A0.000000 C0.000000 X248.500780 Y234.898578 Z273.200000 E58.84983048798793262557 F100.000000
; P02 POINT 4147 point-0004147 deposition
G1 A0.000000 C0.000000 X248.499159 Y234.898812 Z273.200000 E58.84993944594586746667 F100.000000
; P02 POINT 4148 point-0004148 deposition
G1 A0.000000 C0.000000 X247.042256 Y235.115191 Z273.200000 E58.94791605979418412667 F100.000000
; P02 POINT 4149 point-0004149 deposition
G1 A0.000000 C0.000000 X247.040637 Y235.115438 Z273.200000 E58.94802501430162794364 F100.000000
; P02 POINT 4150 point-0004150 deposition
G1 A0.000000 C0.000000 X247.039020 Y235.115699 Z273.200000 E58.94813396880907178601 F100.000000
; P02 POINT 4151 point-0004151 deposition
G1 A0.000000 C0.000000 X247.037405 Y235.115972 Z273.200000 E58.94824292331651557351 F100.000000
; P02 POINT 4152 point-0004152 deposition
G1 A0.000000 C0.000000 X247.035792 Y235.116259 Z273.200000 E58.94835187782395939057 F100.000000
; P02 POINT 4153 point-0004153 deposition
G1 A0.000000 C0.000000 X247.034182 Y235.116559 Z273.200000 E58.94846083233140320943 F100.000000
; P02 POINT 4154 point-0004154 deposition
G1 A0.000000 C0.000000 X247.032574 Y235.116873 Z273.200000 E58.94856978683884700587 F100.000000
; P02 POINT 4155 point-0004155 deposition
G1 A0.000000 C0.000000 X247.030969 Y235.117199 Z273.200000 E58.94867874134629079850 F100.000000
; P02 POINT 4156 point-0004156 deposition
G1 A0.000000 C0.000000 X247.029367 Y235.117539 Z273.200000 E58.94878769585373463948 F100.000000
; P02 POINT 4157 point-0004157 deposition
G1 A0.000000 C0.000000 X247.027768 Y235.117892 Z273.200000 E58.94889665036117843493 F100.000000
; P02 POINT 4158 point-0004158 deposition
G1 A0.000000 C0.000000 X247.026171 Y235.118257 Z273.200000 E58.94900560486862222128 F100.000000
; P02 POINT 4159 point-0004159 deposition
G1 A0.000000 C0.000000 X247.024578 Y235.118636 Z273.200000 E58.94911455937606603564 F100.000000
; P02 POINT 4160 point-0004160 deposition
G1 A0.000000 C0.000000 X247.022987 Y235.119028 Z273.200000 E58.94922351388350986417 F100.000000
; P02 POINT 4161 point-0004161 deposition
G1 A0.000000 C0.000000 X245.594352 Y235.477308 Z273.200000 E59.04719959263561745417 F100.000000
; P02 POINT 4162 point-0004162 deposition
G1 A0.000000 C0.000000 X245.592765 Y235.477713 Z273.200000 E59.04730854205251178341 F100.000000
; P02 POINT 4163 point-0004163 deposition
G1 A0.000000 C0.000000 X245.591182 Y235.478130 Z273.200000 E59.04741749146940602739 F100.000000
; P02 POINT 4164 point-0004164 deposition
G1 A0.000000 C0.000000 X245.589601 Y235.478561 Z273.200000 E59.04752644088630028391 F100.000000
; P02 POINT 4165 point-0004165 deposition
G1 A0.000000 C0.000000 X245.588025 Y235.479005 Z273.200000 E59.04763539030319456123 F100.000000
; P02 POINT 4166 point-0004166 deposition
G1 A0.000000 C0.000000 X245.586452 Y235.479462 Z273.200000 E59.04774433972008879295 F100.000000
; P02 POINT 4167 point-0004167 deposition
G1 A0.000000 C0.000000 X245.584883 Y235.479931 Z273.200000 E59.04785328913698309200 F100.000000
; P02 POINT 4168 point-0004168 deposition
G1 A0.000000 C0.000000 X245.583318 Y235.480414 Z273.200000 E59.04796223855387731476 F100.000000
; P02 POINT 4169 point-0004169 deposition
G1 A0.000000 C0.000000 X245.581756 Y235.480909 Z273.200000 E59.04807118797077157240 F100.000000
; P02 POINT 4170 point-0004170 deposition
G1 A0.000000 C0.000000 X245.580199 Y235.481417 Z273.200000 E59.04818013738766583753 F100.000000
; P02 POINT 4171 point-0004171 deposition
G1 A0.000000 C0.000000 X245.578646 Y235.481937 Z273.200000 E59.04828908680456010476 F100.000000
; P02 POINT 4172 point-0004172 deposition
G1 A0.000000 C0.000000 X245.577098 Y235.482471 Z273.200000 E59.04839803622145435931 F100.000000
; P02 POINT 4173 point-0004173 deposition
G1 A0.000000 C0.000000 X245.575554 Y235.483017 Z273.200000 E59.04850698563834865006 F100.000000
; P02 POINT 4174 point-0004174 deposition
G1 A0.000000 C0.000000 X244.188948 Y235.979740 Z273.200000 E59.14648411785545330006 F100.000000
; P02 POINT 4175 point-0004175 deposition
G1 A0.000000 C0.000000 X244.187409 Y235.980299 Z273.200000 E59.14659305907567235590 F100.000000
; P02 POINT 4176 point-0004176 deposition
G1 A0.000000 C0.000000 X244.185874 Y235.980870 Z273.200000 E59.14670200029589144183 F100.000000
; P02 POINT 4177 point-0004177 deposition
G1 A0.000000 C0.000000 X244.184344 Y235.981453 Z273.200000 E59.14681094151611056004 F100.000000
; P02 POINT 4178 point-0004178 deposition
G1 A0.000000 C0.000000 X244.182818 Y235.982050 Z273.200000 E59.14691988273632967608 F100.000000
; P02 POINT 4179 point-0004179 deposition
G1 A0.000000 C0.000000 X244.181298 Y235.982658 Z273.200000 E59.14702882395654873553 F100.000000
; P02 POINT 4180 point-0004180 deposition
G1 A0.000000 C0.000000 X244.179783 Y235.983280 Z273.200000 E59.14713776517676783739 F100.000000
; P02 POINT 4181 point-0004181 deposition
G1 A0.000000 C0.000000 X244.178272 Y235.983913 Z273.200000 E59.14724670639698694062 F100.000000
; P02 POINT 4182 point-0004182 deposition
G1 A0.000000 C0.000000 X244.176767 Y235.984559 Z273.200000 E59.14735564761720599602 F100.000000
; P02 POINT 4183 point-0004183 deposition
G1 A0.000000 C0.000000 X244.175268 Y235.985217 Z273.200000 E59.14746458883742508745 F100.000000
; P02 POINT 4184 point-0004184 deposition
G1 A0.000000 C0.000000 X244.173774 Y235.985888 Z273.200000 E59.14757353005764417945 F100.000000
; P02 POINT 4185 point-0004185 deposition
G1 A0.000000 C0.000000 X244.172285 Y235.986570 Z273.200000 E59.14768247127786324293 F100.000000
; P02 POINT 4186 point-0004186 deposition
G1 A0.000000 C0.000000 X244.170802 Y235.987265 Z273.200000 E59.14779141249808237205 F100.000000
; P02 POINT 4187 point-0004187 deposition
G1 A0.000000 C0.000000 X242.839645 Y236.617612 Z273.200000 E59.24576640971433473205 F100.000000
; P02 POINT 4188 point-0004188 deposition
G1 A0.000000 C0.000000 X242.838168 Y236.618318 Z273.200000 E59.24587533948357586450 F100.000000
; P02 POINT 4189 point-0004189 deposition
G1 A0.000000 C0.000000 X242.836697 Y236.619037 Z273.200000 E59.24598426925281704403 F100.000000
; P02 POINT 4190 point-0004190 deposition
G1 A0.000000 C0.000000 X242.835232 Y236.619768 Z273.200000 E59.24609319902205815488 F100.000000
; P02 POINT 4191 point-0004191 deposition
G1 A0.000000 C0.000000 X242.833772 Y236.620511 Z273.200000 E59.24620212879129927630 F100.000000
; P02 POINT 4192 point-0004192 deposition
G1 A0.000000 C0.000000 X242.832319 Y236.621266 Z273.200000 E59.24631105856054042107 F100.000000
; P02 POINT 4193 point-0004193 deposition
G1 A0.000000 C0.000000 X242.830872 Y236.622033 Z273.200000 E59.24641998832978159677 F100.000000
; P02 POINT 4194 point-0004194 deposition
G1 A0.000000 C0.000000 X242.829432 Y236.622811 Z273.200000 E59.24652891809902277053 F100.000000
; P02 POINT 4195 point-0004195 deposition
G1 A0.000000 C0.000000 X242.827997 Y236.623602 Z273.200000 E59.24663784786826388131 F100.000000
; P02 POINT 4196 point-0004196 deposition
G1 A0.000000 C0.000000 X242.826570 Y236.624404 Z273.200000 E59.24674677763750506313 F100.000000
; P02 POINT 4197 point-0004197 deposition
G1 A0.000000 C0.000000 X242.825149 Y236.625218 Z273.200000 E59.24685570740674616335 F100.000000
; P02 POINT 4198 point-0004198 deposition
G1 A0.000000 C0.000000 X242.823734 Y236.626043 Z273.200000 E59.24696463717598734006 F100.000000
; P02 POINT 4199 point-0004199 deposition
G1 A0.000000 C0.000000 X242.822327 Y236.626880 Z273.200000 E59.24707356694522843462 F100.000000
; P02 POINT 4200 point-0004200 deposition
G1 A0.000000 C0.000000 X241.559435 Y237.384759 Z273.200000 E59.34504772287691432462 F100.000000
; P02 POINT 4201 point-0004201 deposition
G1 A0.000000 C0.000000 X241.558034 Y237.385607 Z273.200000 E59.34515664024823242146 F100.000000
; P02 POINT 4202 point-0004202 deposition
G1 A0.000000 C0.000000 X241.556641 Y237.386467 Z273.200000 E59.34526555761955044448 F100.000000
; P02 POINT 4203 point-0004203 deposition
G1 A0.000000 C0.000000 X241.555254 Y237.387338 Z273.200000 E59.34537447499086843833 F100.000000
; P02 POINT 4204 point-0004204 deposition
G1 A0.000000 C0.000000 X241.553875 Y237.388220 Z273.200000 E59.34548339236218648684 F100.000000
; P02 POINT 4205 point-0004205 deposition
G1 A0.000000 C0.000000 X241.552503 Y237.389114 Z273.200000 E59.34559230973350446578 F100.000000
; P02 POINT 4206 point-0004206 deposition
G1 A0.000000 C0.000000 X241.551138 Y237.390019 Z273.200000 E59.34570122710482252089 F100.000000
; P02 POINT 4207 point-0004207 deposition
G1 A0.000000 C0.000000 X241.549781 Y237.390935 Z273.200000 E59.34581014447614060798 F100.000000
; P02 POINT 4208 point-0004208 deposition
G1 A0.000000 C0.000000 X241.548432 Y237.391862 Z273.200000 E59.34591906184745858448 F100.000000
; P02 POINT 4209 point-0004209 deposition
G1 A0.000000 C0.000000 X241.547090 Y237.392800 Z273.200000 E59.34602797921877659973 F100.000000
; P02 POINT 4210 point-0004210 deposition
G1 A0.000000 C0.000000 X241.545755 Y237.393749 Z273.200000 E59.34613689659009465047 F100.000000
; P02 POINT 4211 point-0004211 deposition
G1 A0.000000 C0.000000 X241.544429 Y237.394709 Z273.200000 E59.34624581396141265356 F100.000000
; P02 POINT 4212 point-0004212 deposition
G1 A0.000000 C0.000000 X241.543111 Y237.395680 Z273.200000 E59.34635473133273068966 F100.000000
; P02 POINT 4213 point-0004213 deposition
G1 A0.000000 C0.000000 X240.360642 Y238.273775 Z273.200000 E59.44432904591085132966 F100.000000
; P02 POINT 4214 point-0004214 deposition
G1 A0.000000 C0.000000 X240.359331 Y238.274757 Z273.200000 E59.44443794902713714192 F100.000000
; P02 POINT 4215 point-0004215 deposition
G1 A0.000000 C0.000000 X240.358029 Y238.275749 Z273.200000 E59.44454685214342284323 F100.000000
; P02 POINT 4216 point-0004216 deposition
G1 A0.000000 C0.000000 X240.356735 Y238.276752 Z273.200000 E59.44465575525970865724 F100.000000
; P02 POINT 4217 point-0004217 deposition
G1 A0.000000 C0.000000 X240.355449 Y238.277765 Z273.200000 E59.44476465837599444706 F100.000000
; P02 POINT 4218 point-0004218 deposition
G1 A0.000000 C0.000000 X240.354171 Y238.278789 Z273.200000 E59.44487356149228015727 F100.000000
; P02 POINT 4219 point-0004219 deposition
G1 A0.000000 C0.000000 X240.352902 Y238.279823 Z273.200000 E59.44498246460856599807 F100.000000
; P02 POINT 4220 point-0004220 deposition
G1 A0.000000 C0.000000 X240.351642 Y238.280867 Z273.200000 E59.44509136772485167871 F100.000000
; P02 POINT 4221 point-0004221 deposition
G1 A0.000000 C0.000000 X240.350390 Y238.281922 Z273.200000 E59.44520027084113750475 F100.000000
; P02 POINT 4222 point-0004222 deposition
G1 A0.000000 C0.000000 X240.349146 Y238.282987 Z273.200000 E59.44530917395742324510 F100.000000
; P02 POINT 4223 point-0004223 deposition
G1 A0.000000 C0.000000 X240.347912 Y238.284063 Z273.200000 E59.44541807707370902805 F100.000000
; P02 POINT 4224 point-0004224 deposition
G1 A0.000000 C0.000000 X240.346686 Y238.285148 Z273.200000 E59.44552698018999485717 F100.000000
; P02 POINT 4225 point-0004225 deposition
G1 A0.000000 C0.000000 X240.345469 Y238.286243 Z273.200000 E59.44563588330628053988 F100.000000
; P02 POINT 4226 point-0004226 deposition
G1 A0.000000 C0.000000 X239.254815 Y239.276072 Z273.200000 E59.54361026664666372988 F100.000000
; P02 POINT 4227 point-0004227 deposition
G1 A0.000000 C0.000000 X239.253608 Y239.277177 Z273.200000 E59.54371915333834890205 F100.000000
; P02 POINT 4228 point-0004228 deposition
G1 A0.000000 C0.000000 X239.252409 Y239.278292 Z273.200000 E59.54382804003003400140 F100.000000
; P02 POINT 4229 point-0004229 deposition
G1 A0.000000 C0.000000 X239.251220 Y239.279417 Z273.200000 E59.54393692672171914744 F100.000000
; P02 POINT 4230 point-0004230 deposition
G1 A0.000000 C0.000000 X239.250040 Y239.280551 Z273.200000 E59.54404581341340432774 F100.000000
; P02 POINT 4231 point-0004231 deposition
G1 A0.000000 C0.000000 X239.248869 Y239.281695 Z273.200000 E59.54415470010508937858 F100.000000
; P02 POINT 4232 point-0004232 deposition
G1 A0.000000 C0.000000 X239.247708 Y239.282848 Z273.200000 E59.54426358679677462359 F100.000000
; P02 POINT 4233 point-0004233 deposition
G1 A0.000000 C0.000000 X239.246556 Y239.284011 Z273.200000 E59.54437247348845969953 F100.000000
; P02 POINT 4234 point-0004234 deposition
G1 A0.000000 C0.000000 X239.245413 Y239.285184 Z273.200000 E59.54448136018014485481 F100.000000
; P02 POINT 4235 point-0004235 deposition
G1 A0.000000 C0.000000 X239.244281 Y239.286365 Z273.200000 E59.54459024687182999652 F100.000000
; P02 POINT 4236 point-0004236 deposition
G1 A0.000000 C0.000000 X239.243157 Y239.287556 Z273.200000 E59.54469913356351518862 F100.000000
; P02 POINT 4237 point-0004237 deposition
G1 A0.000000 C0.000000 X239.242044 Y239.288756 Z273.200000 E59.54480802025520031238 F100.000000
; P02 POINT 4238 point-0004238 deposition
G1 A0.000000 C0.000000 X239.240941 Y239.289966 Z273.200000 E59.54491690694688547289 F100.000000
; P02 POINT 4239 point-0004239 deposition
G1 A0.000000 C0.000000 X238.252601 Y240.381971 Z273.200000 E59.64289136746529812289 F100.000000
; P02 POINT 4240 point-0004240 deposition
G1 A0.000000 C0.000000 X238.251508 Y240.383188 Z273.200000 E59.64300023587966300155 F100.000000
; P02 POINT 4241 point-0004241 deposition
G1 A0.000000 C0.000000 X238.250424 Y240.384415 Z273.200000 E59.64310910429402798728 F100.000000
; P02 POINT 4242 point-0004242 deposition
G1 A0.000000 C0.000000 X238.249351 Y240.385651 Z273.200000 E59.64321797270839282118 F100.000000
; P02 POINT 4243 point-0004243 deposition
G1 A0.000000 C0.000000 X238.248288 Y240.386895 Z273.200000 E59.64332684112275782107 F100.000000
; P02 POINT 4244 point-0004244 deposition
G1 A0.000000 C0.000000 X238.247235 Y240.388148 Z273.200000 E59.64343570953712270790 F100.000000
; P02 POINT 4245 point-0004245 deposition
G1 A0.000000 C0.000000 X238.246193 Y240.389410 Z273.200000 E59.64354457795148763378 F100.000000
; P02 POINT 4246 point-0004246 deposition
G1 A0.000000 C0.000000 X238.245161 Y240.390680 Z273.200000 E59.64365344636585257840 F100.000000
; P02 POINT 4247 point-0004247 deposition
G1 A0.000000 C0.000000 X238.244139 Y240.391959 Z273.200000 E59.64376231478021745493 F100.000000
; P02 POINT 4248 point-0004248 deposition
G1 A0.000000 C0.000000 X238.243128 Y240.393245 Z273.200000 E59.64387118319458240825 F100.000000
; P02 POINT 4249 point-0004249 deposition
G1 A0.000000 C0.000000 X238.242127 Y240.394540 Z273.200000 E59.64398005160894732972 F100.000000
; P02 POINT 4250 point-0004250 deposition
G1 A0.000000 C0.000000 X238.241137 Y240.395844 Z273.200000 E59.64408892002331227937 F100.000000
; P02 POINT 4251 point-0004251 deposition
G1 A0.000000 C0.000000 X238.240158 Y240.397155 Z273.200000 E59.64419778843767722344 F100.000000
; P02 POINT 4252 point-0004252 deposition
G1 A0.000000 C0.000000 X237.363630 Y241.580808 Z273.200000 E59.74217326470474991344 F100.000000
; P02 POINT 4253 point-0004253 deposition
G1 A0.000000 C0.000000 X237.362662 Y241.582127 Z273.200000 E59.74228211247993969309 F100.000000
; P02 POINT 4254 point-0004254 deposition
G1 A0.000000 C0.000000 X237.361704 Y241.583454 Z273.200000 E59.74239096025512941029 F100.000000
; P02 POINT 4255 point-0004255 deposition
G1 A0.000000 C0.000000 X237.360757 Y241.584789 Z273.200000 E59.74249980803031911345 F100.000000
; P02 POINT 4256 point-0004256 deposition
G1 A0.000000 C0.000000 X237.359821 Y241.586131 Z273.200000 E59.74260865580550893549 F100.000000
; P02 POINT 4257 point-0004257 deposition
G1 A0.000000 C0.000000 X237.358897 Y241.587481 Z273.200000 E59.74271750358069877523 F100.000000
; P02 POINT 4258 point-0004258 deposition
G1 A0.000000 C0.000000 X237.357983 Y241.588838 Z273.200000 E59.74282635135588843739 F100.000000
; P02 POINT 4259 point-0004259 deposition
G1 A0.000000 C0.000000 X237.357081 Y241.590203 Z273.200000 E59.74293519913107821288 F100.000000
; P02 POINT 4260 point-0004260 deposition
G1 A0.000000 C0.000000 X237.356189 Y241.591575 Z273.200000 E59.74304404690626801119 F100.000000
; P02 POINT 4261 point-0004261 deposition
G1 A0.000000 C0.000000 X237.355309 Y241.592955 Z273.200000 E59.74315289468145773943 F100.000000
; P02 POINT 4262 point-0004262 deposition
G1 A0.000000 C0.000000 X237.354440 Y241.594342 Z273.200000 E59.74326174245664747831 F100.000000
; P02 POINT 4263 point-0004263 deposition
G1 A0.000000 C0.000000 X237.353583 Y241.595735 Z273.200000 E59.74337059023183730075 F100.000000
; P02 POINT 4264 point-0004264 deposition
G1 A0.000000 C0.000000 X237.352737 Y241.597136 Z273.200000 E59.74347943800702706413 F100.000000
; P02 POINT 4265 point-0004265 deposition
G1 A0.000000 C0.000000 X236.596456 Y242.861004 Z273.200000 E59.84145464860471080413 F100.000000
; P02 POINT 4266 point-0004266 deposition
G1 A0.000000 C0.000000 X236.595621 Y242.862411 Z273.200000 E59.84156347326402912015 F100.000000
; P02 POINT 4267 point-0004267 deposition
G1 A0.000000 C0.000000 X236.594799 Y242.863825 Z273.200000 E59.84167229792334745002 F100.000000
; P02 POINT 4268 point-0004268 deposition
G1 A0.000000 C0.000000 X236.593987 Y242.865246 Z273.200000 E59.84178112258266585199 F100.000000
; P02 POINT 4269 point-0004269 deposition
G1 A0.000000 C0.000000 X236.593188 Y242.866673 Z273.200000 E59.84188994724198420004 F100.000000
; P02 POINT 4270 point-0004270 deposition
G1 A0.000000 C0.000000 X236.592400 Y242.868107 Z273.200000 E59.84199877190130250216 F100.000000
; P02 POINT 4271 point-0004271 deposition
G1 A0.000000 C0.000000 X236.591624 Y242.869547 Z273.200000 E59.84210759656062083855 F100.000000
; P02 POINT 4272 point-0004272 deposition
G1 A0.000000 C0.000000 X236.590860 Y242.870994 Z273.200000 E59.84221642121993920584 F100.000000
; P02 POINT 4273 point-0004273 deposition
G1 A0.000000 C0.000000 X236.590107 Y242.872446 Z273.200000 E59.84232524587925748985 F100.000000
; P02 POINT 4274 point-0004274 deposition
G1 A0.000000 C0.000000 X236.589367 Y242.873905 Z273.200000 E59.84243407053857587237 F100.000000
; P02 POINT 4275 point-0004275 deposition
G1 A0.000000 C0.000000 X236.588639 Y242.875370 Z273.200000 E59.84254289519789422722 F100.000000
; P02 POINT 4276 point-0004276 deposition
G1 A0.000000 C0.000000 X236.587922 Y242.876841 Z273.200000 E59.84265171985721253339 F100.000000
; P02 POINT 4277 point-0004277 deposition
G1 A0.000000 C0.000000 X236.587218 Y242.878317 Z273.200000 E59.84276054451653085966 F100.000000
; P02 POINT 4278 point-0004278 deposition
G1 A0.000000 C0.000000 X235.958434 Y244.210222 Z273.200000 E59.94073610167195858966 F100.000000
; P02 POINT 4279 point-0004279 deposition
G1 A0.000000 C0.000000 X235.957742 Y244.211704 Z273.200000 E59.94084490122063265072 F100.000000
; P02 POINT 4280 point-0004280 deposition
G1 A0.000000 C0.000000 X235.957062 Y244.213191 Z273.200000 E59.94095370076930678586 F100.000000
; P02 POINT 4281 point-0004281 deposition
G1 A0.000000 C0.000000 X235.956394 Y244.214684 Z273.200000 E59.94106250031798085458 F100.000000
; P02 POINT 4282 point-0004282 deposition
G1 A0.000000 C0.000000 X235.955738 Y244.216183 Z273.200000 E59.94117129986665496054 F100.000000
; P02 POINT 4283 point-0004283 deposition
G1 A0.000000 C0.000000 X235.955095 Y244.217687 Z273.200000 E59.94128009941532904101 F100.000000
; P02 POINT 4284 point-0004284 deposition
G1 A0.000000 C0.000000 X235.954464 Y244.219195 Z273.200000 E59.94138889896400312980 F100.000000
; P02 POINT 4285 point-0004285 deposition
G1 A0.000000 C0.000000 X235.953845 Y244.220710 Z273.200000 E59.94149769851267721500 F100.000000
; P02 POINT 4286 point-0004286 deposition
G1 A0.000000 C0.000000 X235.953239 Y244.222229 Z273.200000 E59.94160649806135129028 F100.000000
; P02 POINT 4287 point-0004287 deposition
G1 A0.000000 C0.000000 X235.952645 Y244.223753 Z273.200000 E59.94171529761002535044 F100.000000
; P02 POINT 4288 point-0004288 deposition
G1 A0.000000 C0.000000 X235.952064 Y244.225281 Z273.200000 E59.94182409715869944131 F100.000000
; P02 POINT 4289 point-0004289 deposition
G1 A0.000000 C0.000000 X235.951495 Y244.226815 Z273.200000 E59.94193289670737352667 F100.000000
; P02 POINT 4290 point-0004290 deposition
G1 A0.000000 C0.000000 X235.950939 Y244.228353 Z273.200000 E59.94204169625604763733 F100.000000
; P02 POINT 4291 point-0004291 deposition
G1 A0.000000 C0.000000 X235.455680 Y245.615450 Z273.200000 E60.04001681167298925733 F100.000000
; P02 POINT 4292 point-0004292 deposition
G1 A0.000000 C0.000000 X235.455136 Y245.616992 Z273.200000 E60.04012558430207791127 F100.000000
; P02 POINT 4293 point-0004293 deposition
G1 A0.000000 C0.000000 X235.454605 Y245.618539 Z273.200000 E60.04023435693116653408 F100.000000
; P02 POINT 4294 point-0004294 deposition
G1 A0.000000 C0.000000 X235.454087 Y245.620090 Z273.200000 E60.04034312956025511854 F100.000000
; P02 POINT 4295 point-0004295 deposition
G1 A0.000000 C0.000000 X235.453582 Y245.621645 Z273.200000 E60.04045190218934374550 F100.000000
; P02 POINT 4296 point-0004296 deposition
G1 A0.000000 C0.000000 X235.453089 Y245.623204 Z273.200000 E60.04056067481843237190 F100.000000
; P02 POINT 4297 point-0004297 deposition
G1 A0.000000 C0.000000 X235.452609 Y245.624767 Z273.200000 E60.04066944744752098360 F100.000000
; P02 POINT 4298 point-0004298 deposition
G1 A0.000000 C0.000000 X235.452141 Y245.626334 Z273.200000 E60.04077822007660961725 F100.000000
; P02 POINT 4299 point-0004299 deposition
G1 A0.000000 C0.000000 X235.451687 Y245.627905 Z273.200000 E60.04088699270569823907 F100.000000
; P02 POINT 4300 point-0004300 deposition
G1 A0.000000 C0.000000 X235.451245 Y245.629479 Z273.200000 E60.04099576533478686297 F100.000000
; P02 POINT 4301 point-0004301 deposition
G1 A0.000000 C0.000000 X235.450817 Y245.631057 Z273.200000 E60.04110453796387546171 F100.000000
; P02 POINT 4302 point-0004302 deposition
G1 A0.000000 C0.000000 X235.450401 Y245.632639 Z273.200000 E60.04121331059296404785 F100.000000
; P02 POINT 4303 point-0004303 deposition
G1 A0.000000 C0.000000 X235.449998 Y245.634223 Z273.200000 E60.04132208322205271502 F100.000000
; P02 POINT 4304 point-0004304 deposition
G1 A0.000000 C0.000000 X235.092993 Y247.063162 Z273.200000 E60.13929714525827850502 F100.000000
; P02 POINT 4305 point-0004305 deposition
G1 A0.000000 C0.000000 X235.092603 Y247.064749 Z273.200000 E60.13940589007678075434 F100.000000
; P02 POINT 4306 point-0004306 deposition
G1 A0.000000 C0.000000 X235.092226 Y247.066340 Z273.200000 E60.13951463489528300104 F100.000000
; P02 POINT 4307 point-0004307 deposition
G1 A0.000000 C0.000000 X235.091862 Y247.067934 Z273.200000 E60.13962337971378526850 F100.000000
; P02 POINT 4308 point-0004308 deposition
G1 A0.000000 C0.000000 X235.091512 Y247.069531 Z273.200000 E60.13973212453228752835 F100.000000
; P02 POINT 4309 point-0004309 deposition
G1 A0.000000 C0.000000 X235.091174 Y247.071130 Z273.200000 E60.13984086935078980523 F100.000000
; P02 POINT 4310 point-0004310 deposition
G1 A0.000000 C0.000000 X235.090849 Y247.072732 Z273.200000 E60.13994961416929206619 F100.000000
; P02 POINT 4311 point-0004311 deposition
G1 A0.000000 C0.000000 X235.090538 Y247.074337 Z273.200000 E60.14005835898779432625 F100.000000
; P02 POINT 4312 point-0004312 deposition
G1 A0.000000 C0.000000 X235.090240 Y247.075944 Z273.200000 E60.14016710380629656268 F100.000000
; P02 POINT 4313 point-0004313 deposition
G1 A0.000000 C0.000000 X235.089954 Y247.077554 Z273.200000 E60.14027584862479882709 F100.000000
; P02 POINT 4314 point-0004314 deposition
G1 A0.000000 C0.000000 X235.089682 Y247.079166 Z273.200000 E60.14038459344330106889 F100.000000
; P02 POINT 4315 point-0004315 deposition
G1 A0.000000 C0.000000 X235.089423 Y247.080780 Z273.200000 E60.14049333826180333979 F100.000000
; P02 POINT 4316 point-0004316 deposition
G1 A0.000000 C0.000000 X235.089178 Y247.082396 Z273.200000 E60.14060208308030559212 F100.000000
; P02 POINT 4317 point-0004317 deposition
G1 A0.000000 C0.000000 X234.873823 Y248.539427 Z273.200000 E60.23857710838740480212 F100.000000
; P02 POINT 4318 point-0004318 deposition
G1 A0.000000 C0.000000 X234.873590 Y248.541045 Z273.200000 E60.23868582493563146186 F100.000000
; P02 POINT 4319 point-0004319 deposition
G1 A0.000000 C0.000000 X234.873371 Y248.542664 Z273.200000 E60.23879454148385814162 F100.000000
; P02 POINT 4320 point-0004320 deposition
G1 A0.000000 C0.000000 X234.873165 Y248.544286 Z273.200000 E60.23890325803208478270 F100.000000
; P02 POINT 4321 point-0004321 deposition
G1 A0.000000 C0.000000 X234.872973 Y248.545908 Z273.200000 E60.23901197458031144920 F100.000000
; P02 POINT 4322 point-0004322 deposition
G1 A0.000000 C0.000000 X234.872793 Y248.547533 Z273.200000 E60.23912069112853810572 F100.000000
; P02 POINT 4323 point-0004323 deposition
G1 A0.000000 C0.000000 X234.872627 Y248.549159 Z273.200000 E60.23922940767676477042 F100.000000
; P02 POINT 4324 point-0004324 deposition
G1 A0.000000 C0.000000 X234.872474 Y248.550786 Z273.200000 E60.23933812422499142982 F100.000000
; P02 POINT 4325 point-0004325 deposition
G1 A0.000000 C0.000000 X234.872335 Y248.552414 Z273.200000 E60.23944684077321809443 F100.000000
; P02 POINT 4326 point-0004326 deposition
G1 A0.000000 C0.000000 X234.872209 Y248.554044 Z273.200000 E60.23955555732144475420 F100.000000
; P02 POINT 4327 point-0004327 deposition
G1 A0.000000 C0.000000 X234.872096 Y248.555674 Z273.200000 E60.23966427386967140395 F100.000000
; P02 POINT 4328 point-0004328 deposition
G1 A0.000000 C0.000000 X234.871996 Y248.557306 Z273.200000 E60.23977299041789806127 F100.000000
; P02 POINT 4329 point-0004329 deposition
G1 A0.000000 C0.000000 X234.871910 Y248.558938 Z273.200000 E60.23988170696612472507 F100.000000
; P02 POINT 4330 point-0004330 deposition
G1 A0.000000 C0.000000 X234.800238 Y250.030051 Z273.200000 E60.33785664308785144507 F100.000000
; P02 POINT 4331 point-0004331 deposition
G1 A0.000000 C0.000000 X234.800165 Y250.031683 Z273.200000 E60.33796533165000893207 F100.000000
; P02 POINT 4332 point-0004332 deposition
G1 A0.000000 C0.000000 X234.800105 Y250.033316 Z273.200000 E60.33807402021216643388 F100.000000
; P02 POINT 4333 point-0004333 deposition
G1 A0.000000 C0.000000 X234.800059 Y250.034949 Z273.200000 E60.33818270877432393276 F100.000000
; P02 POINT 4334 point-0004334 deposition
G1 A0.000000 C0.000000 X234.800026 Y250.036583 Z273.200000 E60.33829139733648143231 F100.000000
; P02 POINT 4335 point-0004335 deposition
G1 A0.000000 C0.000000 X234.800007 Y250.038217 Z273.200000 E60.33840008589863893263 F100.000000
; P02 POINT 4336 point-0004336 deposition
G1 A0.000000 C0.000000 X234.800001 Y250.039851 Z273.200000 E60.33850877446079643183 F100.000000
; P02 EVENT event-0000760 retract
G1 E59.33850877446079643183 F100.000000
; P02 POINT 4337 point-0004337 travel
G1 A0.000000 C0.000000 X234.606156 Y250.174267 Z273.200000 F100.000000
; P02 EVENT event-0000761 prime
G1 E60.33850877446079643183 F100.000000
; P02 POINT 4338 point-0004338 deposition
G1 A0.000000 C0.000000 X234.407051 Y250.174267 Z273.200000 E60.35175331333092610183 F100.000000
; P02 EVENT event-0000762 retract
G1 E59.35175331333092610183 F100.000000
; P02 POINT 4339 point-0004339 travel
G1 A0.000000 C0.000000 X234.418345 Y249.674267 Z273.200000 F100.000000
; P02 EVENT event-0000763 prime
G1 E60.35175331333092610183 F100.000000
; P02 POINT 4340 point-0004340 deposition
G1 A0.000000 C0.000000 X234.617334 Y249.674267 Z273.200000 E60.36499015992606545183 F100.000000
; P02 EVENT event-0000764 retract
G1 E59.36499015992606545183 F100.000000
; P02 POINT 4341 point-0004341 travel
G1 A0.000000 C0.000000 X234.641694 Y249.174267 Z273.200000 F100.000000
; P02 EVENT event-0000765 prime
G1 E60.36499015992606545183 F100.000000
; P02 POINT 4342 point-0004342 deposition
G1 A0.000000 C0.000000 X234.442658 Y249.174267 Z273.200000 E60.37823010464122605183 F100.000000
; P02 EVENT event-0000766 retract
G1 E59.37823010464122605183 F100.000000
; P02 POINT 4343 point-0004343 travel
G1 A0.000000 C0.000000 X234.466971 Y248.674267 Z273.200000 F100.000000
; P02 EVENT event-0000767 prime
G1 E60.37823010464122605183 F100.000000
; P02 POINT 4344 point-0004344 deposition
G1 A0.000000 C0.000000 X234.666054 Y248.674267 Z273.200000 E60.39147314747640766883 F100.000000
; P02 EVENT event-0000768 retract
G1 E59.39147314747640766883 F100.000000
; P02 POINT 4345 point-0004345 travel
G1 A0.000000 C0.000000 X234.725622 Y248.174267 Z273.200000 F100.000000
; P02 EVENT event-0000769 prime
G1 E60.39147314747640766883 F100.000000
; P02 POINT 4346 point-0004346 deposition
G1 A0.000000 C0.000000 X234.524688 Y248.174267 Z273.200000 E60.40483929447325372683 F100.000000
; P02 EVENT event-0000770 retract
G1 E59.40483929447325372683 F100.000000
; P02 POINT 4347 point-0004347 travel
G1 A0.000000 C0.000000 X234.598556 Y247.674267 Z273.200000 F100.000000
; P02 EVENT event-0000771 prime
G1 E60.40483929447325372683 F100.000000
; P02 POINT 4348 point-0004348 deposition
G1 A0.000000 C0.000000 X234.799524 Y247.674267 Z273.200000 E60.41820772632404452283 F100.000000
; P02 EVENT event-0000772 retract
G1 E59.41820772632404452283 F100.000000
; P02 POINT 4349 point-0004349 travel
G1 A0.000000 C0.000000 X234.873426 Y247.174267 Z273.200000 F100.000000
; P02 EVENT event-0000773 prime
G1 E60.41820772632404452283 F100.000000
; P02 POINT 4350 point-0004350 deposition
G1 A0.000000 C0.000000 X234.672424 Y247.174267 Z273.200000 E60.43157844302877982383 F100.000000
; P02 EVENT event-0000774 retract
G1 E59.43157844302877982383 F100.000000
; P02 POINT 4351 point-0004351 travel
G1 A0.000000 C0.000000 X234.779081 Y246.674267 Z273.200000 F100.000000
; P02 EVENT event-0000775 prime
G1 E60.43157844302877982383 F100.000000
; P02 POINT 4352 point-0004352 deposition
G1 A0.000000 C0.000000 X234.984006 Y246.674267 Z273.200000 E60.44521012072353662083 F100.000000
; P02 EVENT event-0000776 retract
G1 E59.44521012072353662083 F100.000000
; P02 POINT 4353 point-0004353 travel
G1 A0.000000 C0.000000 X234.903985 Y246.174267 Z273.200000 F100.000000
; P02 EVENT event-0000777 prime
G1 E60.44521012072353662083 F100.000000
; P02 POINT 4354 point-0004354 deposition
G1 A0.000000 C0.000000 X235.108926 Y246.174267 Z273.200000 E60.45884287916388459983 F100.000000
; P02 EVENT event-0000778 retract
G1 E59.45884287916388459983 F100.000000
; P02 POINT 4355 point-0004355 travel
G1 A0.000000 C0.000000 X235.028888 Y245.674267 Z273.200000 F100.000000
; P02 EVENT event-0000779 prime
G1 E60.45884287916388459983 F100.000000
; P02 POINT 4356 point-0004356 deposition
G1 A0.000000 C0.000000 X235.233846 Y245.674267 Z273.200000 E60.47247671834982376483 F100.000000
; P02 EVENT event-0000780 retract
G1 E59.47247671834982376483 F100.000000
; P02 POINT 4357 point-0004357 travel
G1 A0.000000 C0.000000 X235.189669 Y245.174267 Z273.200000 F100.000000
; P02 EVENT event-0000781 prime
G1 E60.47247671834982376483 F100.000000
; P02 POINT 4358 point-0004358 deposition
G1 A0.000000 C0.000000 X235.400837 Y245.174267 Z273.200000 E60.48652363216639293283 F100.000000
; P02 EVENT event-0000782 retract
G1 E59.48652363216639293283 F100.000000
; P02 POINT 4359 point-0004359 travel
G1 A0.000000 C0.000000 X235.368196 Y244.674267 Z273.200000 F100.000000
; P02 EVENT event-0000783 prime
G1 E60.48652363216639293283 F100.000000
; P02 POINT 4360 point-0004360 deposition
G1 A0.000000 C0.000000 X235.579360 Y244.674267 Z273.200000 E60.50057036002832305283 F100.000000
; P02 EVENT event-0000784 retract
G1 E59.50057036002832305283 F100.000000
; P02 POINT 4361 point-0004361 travel
G1 A0.000000 C0.000000 X235.546722 Y244.174267 Z273.200000 F100.000000
; P02 EVENT event-0000785 prime
G1 E60.50057036002832305283 F100.000000
; P02 POINT 4362 point-0004362 deposition
G1 A0.000000 C0.000000 X235.757884 Y244.174267 Z273.200000 E60.51461690193561412383 F100.000000
; P02 EVENT event-0000786 retract
G1 E59.51461690193561412383 F100.000000
; P02 POINT 4363 point-0004363 travel
G1 A0.000000 C0.000000 X235.770305 Y243.674267 Z273.200000 F100.000000
; P02 EVENT event-0000787 prime
G1 E60.51461690193561412383 F100.000000
; P02 POINT 4364 point-0004364 deposition
G1 A0.000000 C0.000000 X235.990287 Y243.674267 Z273.200000 E60.52925019884339400383 F100.000000
; P02 EVENT event-0000788 retract
G1 E59.52925019884339400383 F100.000000
; P02 POINT 4365 point-0004365 travel
G1 A0.000000 C0.000000 X236.006365 Y243.174267 Z273.200000 F100.000000
; P02 EVENT event-0000789 prime
G1 E60.52925019884339400383 F100.000000
; P02 POINT 4366 point-0004366 deposition
G1 A0.000000 C0.000000 X236.226334 Y243.174267 Z273.200000 E60.54388258785375742883 F100.000000
; P02 EVENT event-0000790 retract
G1 E59.54388258785375742883 F100.000000
; P02 POINT 4367 point-0004367 travel
G1 A0.000000 C0.000000 X236.243232 Y242.674267 Z273.200000 F100.000000
; P02 EVENT event-0000791 prime
G1 E60.54388258785375742883 F100.000000
; P02 POINT 4368 point-0004368 deposition
G1 A0.000000 C0.000000 X236.475124 Y242.674267 Z273.200000 E60.55930808964966677683 F100.000000
; P02 EVENT event-0000792 retract
G1 E59.55930808964966677683 F100.000000
; P02 POINT 4369 point-0004369 travel
G1 A0.000000 C0.000000 X236.542456 Y242.174267 Z273.200000 F100.000000
; P02 EVENT event-0000793 prime
G1 E60.55930808964966677683 F100.000000
; P02 POINT 4370 point-0004370 deposition
G1 A0.000000 C0.000000 X236.774317 Y242.174267 Z273.200000 E60.57473154234230263983 F100.000000
; P02 EVENT event-0000794 retract
G1 E59.57473154234230263983 F100.000000
; P02 POINT 4371 point-0004371 travel
G1 A0.000000 C0.000000 X236.841680 Y241.674267 Z273.200000 F100.000000
; P02 EVENT event-0000795 prime
G1 E60.57473154234230263983 F100.000000
; P02 POINT 4372 point-0004372 deposition
G1 A0.000000 C0.000000 X237.073510 Y241.674267 Z273.200000 E60.59015294593166501883 F100.000000
; P02 EVENT event-0000796 retract
G1 E59.59015294593166501883 F100.000000
; P02 POINT 4373 point-0004373 travel
G1 A0.000000 C0.000000 X237.168138 Y241.174267 Z273.200000 F100.000000
; P02 EVENT event-0000797 prime
G1 E60.59015294593166501883 F100.000000
; P02 POINT 4374 point-0004374 deposition
G1 A0.000000 C0.000000 X237.415817 Y241.174267 Z273.200000 E60.60662857244546505583 F100.000000
; P02 EVENT event-0000798 retract
G1 E59.60662857244546505583 F100.000000
; P02 POINT 4375 point-0004375 travel
G1 A0.000000 C0.000000 X237.538470 Y240.674267 Z273.200000 F100.000000
; P02 EVENT event-0000799 prime
G1 E60.60662857244546505583 F100.000000
; P02 POINT 4376 point-0004376 deposition
G1 A0.000000 C0.000000 X237.786080 Y240.674267 Z273.200000 E60.62309968671896947183 F100.000000
; P02 EVENT event-0000800 retract
G1 E59.62309968671896947183 F100.000000
; P02 POINT 4377 point-0004377 travel
G1 A0.000000 C0.000000 X237.908801 Y240.174267 Z273.200000 F100.000000
; P02 EVENT event-0000801 prime
G1 E60.62309968671896947183 F100.000000
; P02 POINT 4378 point-0004378 deposition
G1 A0.000000 C0.000000 X238.170835 Y240.174267 Z273.200000 E60.64053022643348016783 F100.000000
; P02 EVENT event-0000802 retract
G1 E59.64053022643348016783 F100.000000
; P02 POINT 4379 point-0004379 travel
G1 A0.000000 C0.000000 X238.354878 Y239.674267 Z273.200000 F100.000000
; P02 EVENT event-0000803 prime
G1 E60.64053022643348016783 F100.000000
; P02 POINT 4380 point-0004380 deposition
G1 A0.000000 C0.000000 X238.623369 Y239.674267 Z273.200000 E60.65839032783406336983 F100.000000
; P02 EVENT event-0000804 retract
G1 E59.65839032783406336983 F100.000000
; P02 POINT 4381 point-0004381 travel
G1 A0.000000 C0.000000 X238.807527 Y239.174267 Z273.200000 F100.000000
; P02 EVENT event-0000805 prime
G1 E60.65839032783406336983 F100.000000
; P02 POINT 4382 point-0004382 deposition
G1 A0.000000 C0.000000 X239.075904 Y239.174267 Z273.200000 E60.67624284543639140983 F100.000000
; P02 EVENT event-0000806 retract
G1 E59.67624284543639140983 F100.000000
; P02 POINT 4383 point-0004383 travel
G1 A0.000000 C0.000000 X239.324011 Y238.674267 Z273.200000 F100.000000
; P02 EVENT event-0000807 prime
G1 E60.67624284543639140983 F100.000000
; P02 POINT 4384 point-0004384 deposition
G1 A0.000000 C0.000000 X239.620324 Y238.674267 Z273.200000 E60.69595365233742922783 F100.000000
; P02 EVENT event-0000808 retract
G1 E59.69595365233742922783 F100.000000
; P02 POINT 4385 point-0004385 travel
G1 A0.000000 C0.000000 X239.875110 Y238.174267 Z273.200000 F100.000000
; P02 EVENT event-0000809 prime
G1 E60.69595365233742922783 F100.000000
; P02 POINT 4386 point-0004386 deposition
G1 A0.000000 C0.000000 X240.171254 Y238.174267 Z273.200000 E60.71565326255232446083 F100.000000
; P02 EVENT event-0000810 retract
G1 E59.71565326255232446083 F100.000000
; P02 POINT 4387 point-0004387 travel
G1 A0.000000 C0.000000 X240.498402 Y237.674267 Z273.200000 F100.000000
; P02 EVENT event-0000811 prime
G1 E60.71565326255232446083 F100.000000
; P02 POINT 4388 point-0004388 deposition
G1 A0.000000 C0.000000 X240.832492 Y237.674267 Z273.200000 E60.73787701170633220583 F100.000000
; P02 EVENT event-0000812 retract
G1 E59.73787701170633220583 F100.000000
; P02 POINT 4389 point-0004389 travel
G1 A0.000000 C0.000000 X241.171960 Y237.174267 Z273.200000 F100.000000
; P02 EVENT event-0000813 prime
G1 E60.73787701170633220583 F100.000000
; P02 POINT 4390 point-0004390 deposition
G1 A0.000000 C0.000000 X241.521511 Y237.174267 Z273.200000 E60.76112926684693680583 F100.000000
; P02 EVENT event-0000814 retract
G1 E59.76112926684693680583 F100.000000
; P02 POINT 4391 point-0004391 travel
G1 A0.000000 C0.000000 X241.967624 Y236.674267 Z273.200000 F100.000000
; P02 EVENT event-0000815 prime
G1 E60.76112926684693680583 F100.000000
; P02 POINT 4392 point-0004392 deposition
G1 A0.000000 C0.000000 X242.354686 Y236.674267 Z273.200000 E60.78687675171006823083 F100.000000
; P02 EVENT event-0000816 retract
G1 E59.78687675171006823083 F100.000000
; P02 POINT 4393 point-0004393 travel
G1 A0.000000 C0.000000 X242.842854 Y236.174267 Z273.200000 F100.000000
; P02 EVENT event-0000817 prime
G1 E60.78687675171006823083 F100.000000
; P02 POINT 4394 point-0004394 deposition
G1 A0.000000 C0.000000 X243.308576 Y236.174267 Z273.200000 E60.81785669136134523683 F100.000000
; P02 EVENT event-0000818 retract
G1 E59.81785669136134523683 F100.000000
; P02 POINT 4395 point-0004395 travel
G1 A0.000000 C0.000000 X243.899379 Y235.674267 Z273.200000 F100.000000
; P02 EVENT event-0000819 prime
G1 E60.81785669136134523683 F100.000000
; P02 POINT 4396 point-0004396 deposition
G1 A0.000000 C0.000000 X244.448633 Y235.674267 Z273.200000 E60.85439324627434348183 F100.000000
; P02 EVENT event-0000820 retract
G1 E59.85439324627434348183 F100.000000
; P02 POINT 4397 point-0004397 travel
G1 A0.000000 C0.000000 X245.254096 Y235.174267 Z273.200000 F100.000000
; P02 EVENT event-0000821 prime
G1 E60.85439324627434348183 F100.000000
; P02 POINT 4398 point-0004398 deposition
G1 A0.000000 C0.000000 X245.980528 Y235.174267 Z273.200000 E60.90271566256628226783 F100.000000
; P02 EVENT event-0000822 retract
G1 E59.90271566256628226783 F100.000000
; P02 POINT 4399 point-0004399 travel
G1 A0.000000 C0.000000 X247.292410 Y234.674267 Z273.200000 F100.000000
; P02 EVENT event-0000823 prime
G1 E60.90271566256628226783 F100.000000
; P02 POINT 4400 point-0004400 deposition
G1 A0.000000 C0.000000 X248.973453 Y234.674267 Z273.200000 E61.01453908537095362783 F100.000000
; P02 EVENT event-0000824 retract
G1 E60.01453908537095362783 F100.000000
; P02 POINT 4401 point-0004401 travel
G1 A0.000000 C0.000000 X251.026742 Y234.674267 Z273.200000 F100.000000
; P02 EVENT event-0000825 prime
G1 E61.01453908537095362783 F100.000000
; P02 POINT 4402 point-0004402 deposition
G1 A0.000000 C0.000000 X252.706189 Y234.674267 Z273.200000 E61.12625632026060253783 F100.000000
; P02 EVENT event-0000826 retract
G1 E60.12625632026060253783 F100.000000
; P02 POINT 4403 point-0004403 travel
G1 A0.000000 C0.000000 X254.019495 Y235.174267 Z273.200000 F100.000000
; P02 EVENT event-0000827 prime
G1 E61.12625632026060253783 F100.000000
; P02 POINT 4404 point-0004404 deposition
G1 A0.000000 C0.000000 X254.746665 Y235.174267 Z273.200000 E61.17462787675979049783 F100.000000
; P02 EVENT event-0000828 retract
G1 E60.17462787675979049783 F100.000000
; P02 POINT 4405 point-0004405 travel
G1 A0.000000 C0.000000 X255.551387 Y235.674267 Z273.200000 F100.000000
; P02 EVENT event-0000829 prime
G1 E61.17462787675979049783 F100.000000
; P02 POINT 4406 point-0004406 deposition
G1 A0.000000 C0.000000 X256.101240 Y235.674267 Z273.200000 E61.21120426043326280783 F100.000000
; P02 EVENT event-0000830 retract
G1 E60.21120426043326280783 F100.000000
; P02 POINT 4407 point-0004407 travel
G1 A0.000000 C0.000000 X256.691419 Y236.174267 Z273.200000 F100.000000
; P02 EVENT event-0000831 prime
G1 E61.21120426043326280783 F100.000000
; P02 POINT 4408 point-0004408 deposition
G1 A0.000000 C0.000000 X257.156683 Y236.174267 Z273.200000 E61.24215373476415050783 F100.000000
; P02 EVENT event-0000832 retract
G1 E60.24215373476415050783 F100.000000
; P02 POINT 4409 point-0004409 travel
G1 A0.000000 C0.000000 X257.645303 Y236.674267 Z273.200000 F100.000000
; P02 EVENT event-0000833 prime
G1 E61.24215373476415050783 F100.000000
; P02 POINT 4410 point-0004410 deposition
G1 A0.000000 C0.000000 X258.032383 Y236.674267 Z273.200000 E61.26790240985582513783 F100.000000
; P02 EVENT event-0000834 retract
G1 E60.26790240985582513783 F100.000000
; P02 POINT 4411 point-0004411 travel
G1 A0.000000 C0.000000 X258.478484 Y237.174267 Z273.200000 F100.000000
; P02 EVENT event-0000835 prime
G1 E61.26790240985582513783 F100.000000
; P02 POINT 4412 point-0004412 deposition
G1 A0.000000 C0.000000 X258.828375 Y237.174267 Z273.200000 E61.29117722009219071083 F100.000000
; P02 EVENT event-0000836 retract
G1 E60.29117722009219071083 F100.000000
; P02 POINT 4413 point-0004413 travel
G1 A0.000000 C0.000000 X259.167507 Y237.674267 Z273.200000 F100.000000
; P02 EVENT event-0000837 prime
G1 E61.29117722009219071083 F100.000000
; P02 POINT 4414 point-0004414 deposition
G1 A0.000000 C0.000000 X259.501469 Y237.674267 Z273.200000 E61.31339243449934937583 F100.000000
; P02 EVENT event-0000838 retract
G1 E60.31339243449934937583 F100.000000
; P02 POINT 4415 point-0004415 travel
G1 A0.000000 C0.000000 X259.828750 Y238.174267 Z273.200000 F100.000000
; P02 EVENT event-0000839 prime
G1 E61.31339243449934937583 F100.000000
; P02 POINT 4416 point-0004416 deposition
G1 A0.000000 C0.000000 X260.125115 Y238.174267 Z273.200000 E61.33310669328353329583 F100.000000
; P02 EVENT event-0000840 retract
G1 E60.33310669328353329583 F100.000000
; P02 POINT 4417 point-0004417 travel
G1 A0.000000 C0.000000 X260.379676 Y238.674267 Z273.200000 F100.000000
; P02 EVENT event-0000841 prime
G1 E61.33310669328353329583 F100.000000
; P02 POINT 4418 point-0004418 deposition
G1 A0.000000 C0.000000 X260.675883 Y238.674267 Z273.200000 E61.35281046038948805183 F100.000000
; P02 EVENT event-0000842 retract
G1 E60.35281046038948805183 F100.000000
; P02 POINT 4419 point-0004419 travel
G1 A0.000000 C0.000000 X260.924100 Y239.174267 Z273.200000 F100.000000
; P02 EVENT event-0000843 prime
G1 E61.35281046038948805183 F100.000000
; P02 POINT 4420 point-0004420 deposition
G1 A0.000000 C0.000000 X261.192683 Y239.174267 Z273.200000 E61.37067667051240104183 F100.000000
; P02 EVENT event-0000844 retract
G1 E60.37067667051240104183 F100.000000
; P02 POINT 4421 point-0004421 travel
G1 A0.000000 C0.000000 X261.376631 Y239.674267 Z273.200000 F100.000000
; P02 EVENT event-0000845 prime
G1 E61.37067667051240104183 F100.000000
; P02 POINT 4422 point-0004422 deposition
G1 A0.000000 C0.000000 X261.645094 Y239.674267 Z273.200000 E61.38853491848021724483 F100.000000
; P02 EVENT event-0000846 retract
G1 E60.38853491848021724483 F100.000000
; P02 POINT 4423 point-0004423 travel
G1 A0.000000 C0.000000 X261.829162 Y240.174267 Z273.200000 F100.000000
; P02 EVENT event-0000847 prime
G1 E61.38853491848021724483 F100.000000
; P02 POINT 4424 point-0004424 deposition
G1 A0.000000 C0.000000 X262.091415 Y240.174267 Z273.200000 E61.40598007180396562483 F100.000000
; P02 EVENT event-0000848 retract
G1 E60.40598007180396562483 F100.000000
; P02 POINT 4425 point-0004425 travel
G1 A0.000000 C0.000000 X262.213921 Y240.674267 Z273.200000 F100.000000
; P02 EVENT event-0000849 prime
G1 E61.40598007180396562483 F100.000000
; P02 POINT 4426 point-0004426 deposition
G1 A0.000000 C0.000000 X262.461583 Y240.674267 Z273.200000 E61.42245459865488776283 F100.000000
; P02 EVENT event-0000850 retract
G1 E60.42245459865488776283 F100.000000
; P02 POINT 4427 point-0004427 travel
G1 A0.000000 C0.000000 X262.584182 Y241.174267 Z273.200000 F100.000000
; P02 EVENT event-0000851 prime
G1 E61.42245459865488776283 F100.000000
; P02 POINT 4428 point-0004428 deposition
G1 A0.000000 C0.000000 X262.831751 Y241.174267 Z273.200000 E61.43892295285071266483 F100.000000
; P02 EVENT event-0000852 retract
G1 E60.43892295285071266483 F100.000000
; P02 POINT 4429 point-0004429 travel
G1 A0.000000 C0.000000 X262.926492 Y241.674267 Z273.200000 F100.000000
; P02 EVENT event-0000853 prime
G1 E61.43892295285071266483 F100.000000
; P02 POINT 4430 point-0004430 deposition
G1 A0.000000 C0.000000 X263.158418 Y241.674267 Z273.200000 E61.45435074452523659583 F100.000000
; P02 EVENT event-0000854 retract
G1 E60.45435074452523659583 F100.000000
; P02 POINT 4431 point-0004431 travel
G1 A0.000000 C0.000000 X263.225683 Y242.174267 Z273.200000 F100.000000
; P02 EVENT event-0000855 prime
G1 E61.45435074452523659583 F100.000000
; P02 POINT 4432 point-0004432 deposition
G1 A0.000000 C0.000000 X263.457535 Y242.174267 Z273.200000 E61.46977362842892119883 F100.000000
; P02 EVENT event-0000856 retract
G1 E60.46977362842892119883 F100.000000
; P02 POINT 4433 point-0004433 travel
G1 A0.000000 C0.000000 X263.524873 Y242.674267 Z273.200000 F100.000000
; P02 EVENT event-0000857 prime
G1 E61.46977362842892119883 F100.000000
; P02 POINT 4434 point-0004434 deposition
G1 A0.000000 C0.000000 X263.756652 Y242.674267 Z273.200000 E61.48519160456176658883 F100.000000
; P02 EVENT event-0000858 retract
G1 E60.48519160456176658883 F100.000000
; P02 POINT 4435 point-0004435 travel
G1 A0.000000 C0.000000 X263.773667 Y243.174267 Z273.200000 F100.000000
; P02 EVENT event-0000859 prime
G1 E61.48519160456176658883 F100.000000
; P02 POINT 4436 point-0004436 deposition
G1 A0.000000 C0.000000 X263.993672 Y243.174267 Z273.200000 E61.49982639924242490583 F100.000000
; P02 EVENT event-0000860 retract
G1 E60.49982639924242490583 F100.000000
; P02 POINT 4437 point-0004437 travel
G1 A0.000000 C0.000000 X264.009712 Y243.674267 Z273.200000 F100.000000
; P02 EVENT event-0000861 prime
G1 E61.49982639924242490583 F100.000000
; P02 POINT 4438 point-0004438 deposition
G1 A0.000000 C0.000000 X264.229657 Y243.674267 Z273.200000 E61.51445720772887977783 F100.000000
; P02 EVENT event-0000862 retract
G1 E60.51445720772887977783 F100.000000
; P02 POINT 4439 point-0004439 travel
G1 A0.000000 C0.000000 X264.242119 Y244.174267 Z273.200000 F100.000000
; P02 EVENT event-0000863 prime
G1 E61.51445720772887977783 F100.000000
; P02 POINT 4440 point-0004440 deposition
G1 A0.000000 C0.000000 X264.453360 Y244.174267 Z273.200000 E61.52850901678866497183 F100.000000
; P02 EVENT event-0000864 retract
G1 E60.52850901678866497183 F100.000000
; P02 POINT 4441 point-0004441 travel
G1 A0.000000 C0.000000 X264.420641 Y244.674267 Z273.200000 F100.000000
; P02 EVENT event-0000865 prime
G1 E61.52850901678866497183 F100.000000
; P02 POINT 4442 point-0004442 deposition
G1 A0.000000 C0.000000 X264.631829 Y244.674267 Z273.200000 E61.54255729410974621983 F100.000000
; P02 EVENT event-0000866 retract
G1 E60.54255729410974621983 F100.000000
; P02 POINT 4443 point-0004443 travel
G1 A0.000000 C0.000000 X264.599162 Y245.174267 Z273.200000 F100.000000
; P02 EVENT event-0000867 prime
G1 E61.54255729410974621983 F100.000000
; P02 POINT 4444 point-0004444 deposition
G1 A0.000000 C0.000000 X264.810297 Y245.174267 Z273.200000 E61.55660203969212375183 F100.000000
; P02 EVENT event-0000868 retract
G1 E60.55660203969212375183 F100.000000
; P02 POINT 4445 point-0004445 travel
G1 A0.000000 C0.000000 X264.766156 Y245.674267 Z273.200000 F100.000000
; P02 EVENT event-0000869 prime
G1 E61.55660203969212375183 F100.000000
; P02 POINT 4446 point-0004446 deposition
G1 A0.000000 C0.000000 X264.971170 Y245.674267 Z273.200000 E61.57023958045653775783 F100.000000
; P02 EVENT event-0000870 retract
G1 E60.57023958045653775783 F100.000000
; P02 POINT 4447 point-0004447 travel
G1 A0.000000 C0.000000 X264.891074 Y246.174267 Z273.200000 F100.000000
; P02 EVENT event-0000871 prime
G1 E61.57023958045653775783 F100.000000
; P02 POINT 4448 point-0004448 deposition
G1 A0.000000 C0.000000 X265.096034 Y246.174267 Z273.200000 E61.58387352180627226783 F100.000000
; P02 EVENT event-0000872 retract
G1 E60.58387352180627226783 F100.000000
; P02 POINT 4449 point-0004449 travel
G1 A0.000000 C0.000000 X265.015992 Y246.674267 Z273.200000 F100.000000
; P02 EVENT event-0000873 prime
G1 E61.58387352180627226783 F100.000000
; P02 POINT 4450 point-0004450 deposition
G1 A0.000000 C0.000000 X265.220897 Y246.674267 Z273.200000 E61.59750386374132739383 F100.000000
; P02 EVENT event-0000874 retract
G1 E60.59750386374132739383 F100.000000
; P02 POINT 4451 point-0004451 travel
G1 A0.000000 C0.000000 X265.126576 Y247.174267 Z273.200000 F100.000000
; P02 EVENT event-0000875 prime
G1 E61.59750386374132739383 F100.000000
; P02 POINT 4452 point-0004452 deposition
G1 A0.000000 C0.000000 X265.327614 Y247.174267 Z273.200000 E61.61087697263593540783 F100.000000
; P02 EVENT event-0000876 retract
G1 E60.61087697263593540783 F100.000000
; P02 POINT 4453 point-0004453 travel
G1 A0.000000 C0.000000 X265.401458 Y247.674267 Z273.200000 F100.000000
; P02 EVENT event-0000877 prime
G1 E61.61087697263593540783 F100.000000
; P02 POINT 4454 point-0004454 deposition
G1 A0.000000 C0.000000 X265.200476 Y247.674267 Z273.200000 E61.62424632649333097583 F100.000000
; P02 EVENT event-0000878 retract
G1 E60.62424632649333097583 F100.000000
; P02 POINT 4455 point-0004455 travel
G1 A0.000000 C0.000000 X265.274377 Y248.174267 Z273.200000 F100.000000
; P02 EVENT event-0000879 prime
G1 E61.62424632649333097583 F100.000000
; P02 POINT 4456 point-0004456 deposition
G1 A0.000000 C0.000000 X265.475302 Y248.174267 Z273.200000 E61.63761192531351398183 F100.000000
; P02 EVENT event-0000880 retract
G1 E60.63761192531351398183 F100.000000
; P02 POINT 4457 point-0004457 travel
G1 A0.000000 C0.000000 X265.533051 Y248.674267 Z273.200000 F100.000000
; P02 EVENT event-0000881 prime
G1 E61.63761192531351398183 F100.000000
; P02 POINT 4458 point-0004458 deposition
G1 A0.000000 C0.000000 X265.333948 Y248.674267 Z273.200000 E61.65085629967773456183 F100.000000
; P02 EVENT event-0000882 retract
G1 E60.65085629967773456183 F100.000000
; P02 POINT 4459 point-0004459 travel
G1 A0.000000 C0.000000 X265.358306 Y249.174267 Z273.200000 F100.000000
; P02 EVENT event-0000883 prime
G1 E61.65085629967773456183 F100.000000
; P02 POINT 4460 point-0004460 deposition
G1 A0.000000 C0.000000 X265.557352 Y249.174267 Z273.200000 E61.66409690629104424183 F100.000000
; P02 EVENT event-0000884 retract
G1 E60.66409690629104424183 F100.000000
; P02 POINT 4461 point-0004461 travel
G1 A0.000000 C0.000000 X265.581654 Y249.674267 Z273.200000 F100.000000
; P02 EVENT event-0000885 prime
G1 E61.66409690629104424183 F100.000000
; P02 POINT 4462 point-0004462 deposition
G1 A0.000000 C0.000000 X265.382664 Y249.674267 Z273.200000 E61.67733374515344301783 F100.000000
; P02 EVENT event-0000886 retract
G1 E60.67733374515344301783 F100.000000
; P02 POINT 4463 point-0004463 travel
G1 A0.000000 C0.000000 X265.393846 Y250.174267 Z273.200000 F100.000000
; P02 EVENT event-0000887 prime
G1 E61.67733374515344301783 F100.000000
; P02 POINT 4464 point-0004464 deposition
G1 A0.000000 C0.000000 X265.592959 Y250.174267 Z273.200000 E61.69057878454983271683 F100.000000
; P02 EVENT event-0000888 retract
G1 E60.69057878454983271683 F100.000000
; P02 POINT 4465 point-0004465 travel
G1 A0.000000 C0.000000 X265.568204 Y250.674267 Z273.200000 F100.000000
; P02 EVENT event-0000889 prime
G1 E61.69057878454983271683 F100.000000
; P02 POINT 4466 point-0004466 deposition
G1 A0.000000 C0.000000 X265.369147 Y250.674267 Z273.200000 E61.70382006306553349683 F100.000000
; P02 EVENT event-0000890 retract
G1 E60.70382006306553349683 F100.000000
; P02 POINT 4467 point-0004467 travel
G1 A0.000000 C0.000000 X265.344449 Y251.174267 Z273.200000 F100.000000
; P02 EVENT event-0000891 prime
G1 E61.70382006306553349683 F100.000000
; P02 POINT 4468 point-0004468 deposition
G1 A0.000000 C0.000000 X265.543449 Y251.174267 Z273.200000 E61.71705758070054535683 F100.000000
; P02 EVENT event-0000892 retract
G1 E60.71705758070054535683 F100.000000
; P02 POINT 4469 point-0004469 travel
G1 A0.000000 C0.000000 X265.508538 Y251.674267 Z273.200000 F100.000000
; P02 EVENT event-0000893 prime
G1 E61.71705758070054535683 F100.000000
; P02 POINT 4470 point-0004470 deposition
G1 A0.000000 C0.000000 X265.307463 Y251.674267 Z273.200000 E61.73043311772509970983 F100.000000
; P02 EVENT event-0000894 retract
G1 E60.73043311772509970983 F100.000000
; P02 POINT 4471 point-0004471 travel
G1 A0.000000 C0.000000 X265.233241 Y252.174267 Z273.200000 F100.000000
; P02 EVENT event-0000895 prime
G1 E61.73043311772509970983 F100.000000
; P02 POINT 4472 point-0004472 deposition
G1 A0.000000 C0.000000 X265.434257 Y252.174267 Z273.200000 E61.74380475306952657983 F100.000000
; P02 EVENT event-0000896 retract
G1 E60.74380475306952657983 F100.000000
; P02 POINT 4473 point-0004473 travel
G1 A0.000000 C0.000000 X265.359976 Y252.674267 Z273.200000 F100.000000
; P02 EVENT event-0000897 prime
G1 E61.74380475306952657983 F100.000000
; P02 POINT 4474 point-0004474 deposition
G1 A0.000000 C0.000000 X265.159018 Y252.674267 Z273.200000 E61.75717248673382596583 F100.000000
; P02 EVENT event-0000898 retract
G1 E60.75717248673382596583 F100.000000
; P02 POINT 4475 point-0004475 travel
G1 A0.000000 C0.000000 X265.071709 Y253.174267 Z273.200000 F100.000000
; P02 EVENT event-0000899 prime
G1 E61.75717248673382596583 F100.000000
; P02 POINT 4476 point-0004476 deposition
G1 A0.000000 C0.000000 X265.276800 Y253.174267 Z273.200000 E61.77081517540058684583 F100.000000
; P02 EVENT event-0000900 retract
G1 E60.77081517540058684583 F100.000000
; P02 POINT 4477 point-0004477 travel
G1 A0.000000 C0.000000 X265.151534 Y253.674267 Z273.200000 F100.000000
; P02 EVENT event-0000901 prime
G1 E61.77081517540058684583 F100.000000
; P02 POINT 4478 point-0004478 deposition
G1 A0.000000 C0.000000 X264.946507 Y253.674267 Z273.200000 E61.78445368268534067883 F100.000000
; P02 EVENT event-0000902 retract
G1 E60.78445368268534067883 F100.000000
; P02 POINT 4479 point-0004479 travel
G1 A0.000000 C0.000000 X265.026269 Y254.174267 Z273.200000 F100.000000
; P02 EVENT event-0000903 prime
G1 E61.78445368268534067883 F100.000000
; P02 POINT 4480 point-0004480 deposition
G1 A0.000000 C0.000000 X264.821304 Y254.174267 Z273.200000 E61.79808800858808745983 F100.000000
; P02 EVENT event-0000904 retract
G1 E60.79808800858808745983 F100.000000
; P02 POINT 4481 point-0004481 travel
G1 A0.000000 C0.000000 X264.890167 Y254.674267 Z273.200000 F100.000000
; P02 EVENT event-0000905 prime
G1 E61.79808800858808745983 F100.000000
; P02 POINT 4482 point-0004482 deposition
G1 A0.000000 C0.000000 X264.678800 Y254.674267 Z273.200000 E61.81214818260105029583 F100.000000
; P02 EVENT event-0000906 retract
G1 E60.81214818260105029583 F100.000000
; P02 POINT 4483 point-0004483 travel
G1 A0.000000 C0.000000 X264.711357 Y255.174267 Z273.200000 F100.000000
; P02 EVENT event-0000907 prime
G1 E61.81214818260105029583 F100.000000
; P02 POINT 4484 point-0004484 deposition
G1 A0.000000 C0.000000 X264.500053 Y255.174267 Z273.200000 E61.82620416961514248583 F100.000000
; P02 EVENT event-0000908 retract
G1 E60.82620416961514248583 F100.000000
; P02 POINT 4485 point-0004485 travel
G1 A0.000000 C0.000000 X264.532546 Y255.674267 Z273.200000 F100.000000
; P02 EVENT event-0000909 prime
G1 E61.82620416961514248583 F100.000000
; P02 POINT 4486 point-0004486 deposition
G1 A0.000000 C0.000000 X264.321306 Y255.674267 Z273.200000 E61.84025596963036402583 F100.000000
; P02 EVENT event-0000910 retract
G1 E60.84025596963036402583 F100.000000
; P02 POINT 4487 point-0004487 travel
G1 A0.000000 C0.000000 X264.335480 Y256.174267 Z273.200000 F100.000000
; P02 EVENT event-0000911 prime
G1 E61.84025596963036402583 F100.000000
; P02 POINT 4488 point-0004488 deposition
G1 A0.000000 C0.000000 X264.115249 Y256.174267 Z273.200000 E61.85490581575690200183 F100.000000
; P02 EVENT event-0000912 retract
G1 E60.85490581575690200183 F100.000000
; P02 POINT 4489 point-0004489 travel
G1 A0.000000 C0.000000 X264.099233 Y256.674267 Z273.200000 F100.000000
; P02 EVENT event-0000913 prime
G1 E61.85490581575690200183 F100.000000
; P02 POINT 4490 point-0004490 deposition
G1 A0.000000 C0.000000 X263.879063 Y256.674267 Z273.200000 E61.86955161600465866483 F100.000000
; P02 EVENT event-0000914 retract
G1 E60.86955161600465866483 F100.000000
; P02 POINT 4491 point-0004491 travel
G1 A0.000000 C0.000000 X263.862986 Y257.174267 Z273.200000 F100.000000
; P02 EVENT event-0000915 prime
G1 E61.86955161600465866483 F100.000000
; P02 POINT 4492 point-0004492 deposition
G1 A0.000000 C0.000000 X263.642876 Y257.174267 Z273.200000 E61.88419337037363401183 F100.000000
; P02 EVENT event-0000916 retract
G1 E60.88419337037363401183 F100.000000
; P02 POINT 4493 point-0004493 travel
G1 A0.000000 C0.000000 X263.592217 Y257.674267 Z273.200000 F100.000000
; P02 EVENT event-0000917 prime
G1 E61.88419337037363401183 F100.000000
; P02 POINT 4494 point-0004494 deposition
G1 A0.000000 C0.000000 X263.359982 Y257.674267 Z273.200000 E61.89964170654900692383 F100.000000
; P02 EVENT event-0000918 retract
G1 E60.89964170654900692383 F100.000000
; P02 POINT 4495 point-0004495 travel
G1 A0.000000 C0.000000 X263.292936 Y258.174267 Z273.200000 F100.000000
; P02 EVENT event-0000919 prime
G1 E61.89964170654900692383 F100.000000
; P02 POINT 4496 point-0004496 deposition
G1 A0.000000 C0.000000 X263.060763 Y258.174267 Z273.200000 E61.91508590501116740483 F100.000000
; P02 EVENT event-0000920 retract
G1 E60.91508590501116740483 F100.000000
; P02 POINT 4497 point-0004497 travel
G1 A0.000000 C0.000000 X262.993655 Y258.674267 Z273.200000 F100.000000
; P02 EVENT event-0000921 prime
G1 E61.91508590501116740483 F100.000000
; P02 POINT 4498 point-0004498 deposition
G1 A0.000000 C0.000000 X262.751188 Y258.674267 Z273.200000 E61.93121492207265766483 F100.000000
; P02 EVENT event-0000922 retract
G1 E60.93121492207265766483 F100.000000
; P02 POINT 4499 point-0004499 travel
G1 A0.000000 C0.000000 X262.629222 Y259.174267 Z273.200000 F100.000000
; P02 EVENT event-0000923 prime
G1 E61.93121492207265766483 F100.000000
; P02 POINT 4500 point-0004500 deposition
G1 A0.000000 C0.000000 X262.381051 Y259.174267 Z273.200000 E61.94772332952077393783 F100.000000
; P02 EVENT event-0000924 retract
G1 E60.94772332952077393783 F100.000000
; P02 POINT 4501 point-0004501 travel
G1 A0.000000 C0.000000 X262.259023 Y259.674267 Z273.200000 F100.000000
; P02 EVENT event-0000925 prime
G1 E61.94772332952077393783 F100.000000
; P02 POINT 4502 point-0004502 deposition
G1 A0.000000 C0.000000 X262.010914 Y259.674267 Z273.200000 E61.96422766532785474083 F100.000000
; P02 EVENT event-0000926 retract
G1 E60.96422766532785474083 F100.000000
; P02 POINT 4503 point-0004503 travel
G1 A0.000000 C0.000000 X261.851368 Y260.174267 Z273.200000 F100.000000
; P02 EVENT event-0000927 prime
G1 E61.96422766532785474083 F100.000000
; P02 POINT 4504 point-0004504 deposition
G1 A0.000000 C0.000000 X261.582062 Y260.174267 Z273.200000 E61.98214197057753746483 F100.000000
; P02 EVENT event-0000928 retract
G1 E60.98214197057753746483 F100.000000
; P02 POINT 4505 point-0004505 travel
G1 A0.000000 C0.000000 X261.399105 Y260.674267 Z273.200000 F100.000000
; P02 EVENT event-0000929 prime
G1 E61.98214197057753746483 F100.000000
; P02 POINT 4506 point-0004506 deposition
G1 A0.000000 C0.000000 X261.129853 Y260.674267 Z273.200000 E62.00005267842656678883 F100.000000
; P02 EVENT event-0000930 retract
G1 E61.00005267842656678883 F100.000000
; P02 POINT 4507 point-0004507 travel
G1 A0.000000 C0.000000 X260.928745 Y261.174267 Z273.200000 F100.000000
; P02 EVENT event-0000931 prime
G1 E62.00005267842656678883 F100.000000
; P02 POINT 4508 point-0004508 deposition
G1 A0.000000 C0.000000 X260.631276 Y261.174267 Z273.200000 E62.01984034762686466883 F100.000000
; P02 EVENT event-0000932 retract
G1 E61.01984034762686466883 F100.000000
; P02 POINT 4509 point-0004509 travel
G1 A0.000000 C0.000000 X260.378357 Y261.674267 Z273.200000 F100.000000
; P02 EVENT event-0000933 prime
G1 E62.01984034762686466883 F100.000000
; P02 POINT 4510 point-0004510 deposition
G1 A0.000000 C0.000000 X260.080932 Y261.674267 Z273.200000 E62.03962516528567898083 F100.000000
; P02 EVENT event-0000934 retract
G1 E61.03962516528567898083 F100.000000
; P02 POINT 4511 point-0004511 travel
G1 A0.000000 C0.000000 X259.812786 Y262.174267 Z273.200000 F100.000000
; P02 EVENT event-0000935 prime
G1 E62.03962516528567898083 F100.000000
; P02 POINT 4512 point-0004512 deposition
G1 A0.000000 C0.000000 X259.477026 Y262.174267 Z273.200000 E62.06195998879887104283 F100.000000
; P02 EVENT event-0000936 retract
G1 E61.06195998879887104283 F100.000000
; P02 POINT 4513 point-0004513 travel
G1 A0.000000 C0.000000 X259.140365 Y262.674267 Z273.200000 F100.000000
; P02 EVENT event-0000937 prime
G1 E62.06195998879887104283 F100.000000
; P02 POINT 4514 point-0004514 deposition
G1 A0.000000 C0.000000 X258.804640 Y262.674267 Z273.200000 E62.08429253937178923783 F100.000000
; P02 EVENT event-0000938 retract
G1 E61.08429253937178923783 F100.000000
; P02 POINT 4515 point-0004515 travel
G1 A0.000000 C0.000000 X258.420717 Y263.174267 Z273.200000 F100.000000
; P02 EVENT event-0000939 prime
G1 E62.08429253937178923783 F100.000000
; P02 POINT 4516 point-0004516 deposition
G1 A0.000000 C0.000000 X258.031155 Y263.174267 Z273.200000 E62.11020628613189004483 F100.000000
; P02 EVENT event-0000940 retract
G1 E61.11020628613189004483 F100.000000
; P02 POINT 4517 point-0004517 travel
G1 A0.000000 C0.000000 X257.588897 Y263.674267 Z273.200000 F100.000000
; P02 EVENT event-0000941 prime
G1 E62.11020628613189004483 F100.000000
; P02 POINT 4518 point-0004518 deposition
G1 A0.000000 C0.000000 X257.182464 Y263.674267 Z273.200000 E62.13724228774738122083 F100.000000
; P02 EVENT event-0000942 retract
G1 E61.13724228774738122083 F100.000000
; P02 POINT 4519 point-0004519 travel
G1 A0.000000 C0.000000 X256.597647 Y264.174267 Z273.200000 F100.000000
; P02 EVENT event-0000943 prime
G1 E62.13724228774738122083 F100.000000
; P02 POINT 4520 point-0004520 deposition
G1 A0.000000 C0.000000 X256.128593 Y264.174267 Z273.200000 E62.16844388830211052083 F100.000000
; P02 EVENT event-0000944 retract
G1 E61.16844388830211052083 F100.000000
; P02 POINT 4521 point-0004521 travel
G1 A0.000000 C0.000000 X255.406515 Y264.674267 Z273.200000 F100.000000
; P02 EVENT event-0000945 prime
G1 E62.16844388830211052083 F100.000000
; P02 POINT 4522 point-0004522 deposition
G1 A0.000000 C0.000000 X254.810470 Y264.674267 Z273.200000 E62.20809295957366307083 F100.000000
; P02 EVENT event-0000946 retract
G1 E61.20809295957366307083 F100.000000
; P02 POINT 4523 point-0004523 travel
G1 A0.000000 C0.000000 X253.793038 Y265.174267 Z273.200000 F100.000000
; P02 EVENT event-0000947 prime
G1 E62.20809295957366307083 F100.000000
; P02 POINT 4524 point-0004524 deposition
G1 A0.000000 C0.000000 X252.937768 Y265.174267 Z273.200000 E62.26498573880625896083 F100.000000
; P02 EVENT event-0000948 retract
G1 E61.26498573880625896083 F100.000000
; P02 POINT 4525 point-0004525 travel
G1 A0.000000 C0.000000 X247.062233 Y265.174267 Z273.200000 F100.000000
; P02 EVENT event-0000949 prime
G1 E62.26498573880625896083 F100.000000
; P02 POINT 4526 point-0004526 deposition
G1 A0.000000 C0.000000 X246.206958 Y265.174267 Z273.200000 E62.32187881871309123583 F100.000000
; P02 EVENT event-0000950 retract
G1 E61.32187881871309123583 F100.000000
; P02 POINT 4527 point-0004527 travel
G1 A0.000000 C0.000000 X245.189530 Y264.674267 Z273.200000 F100.000000
; P02 EVENT event-0000951 prime
G1 E62.32187881871309123583 F100.000000
; P02 POINT 4528 point-0004528 deposition
G1 A0.000000 C0.000000 X244.593479 Y264.674267 Z273.200000 E62.36152827199337551583 F100.000000
; P02 EVENT event-0000952 retract
G1 E61.36152827199337551583 F100.000000
; P02 POINT 4529 point-0004529 travel
G1 A0.000000 C0.000000 X243.871407 Y264.174267 Z273.200000 F100.000000
; P02 EVENT event-0000953 prime
G1 E62.36152827199337551583 F100.000000
; P02 POINT 4530 point-0004530 deposition
G1 A0.000000 C0.000000 X243.402350 Y264.174267 Z273.200000 E62.39273004092398481883 F100.000000
; P02 EVENT event-0000954 retract
G1 E61.39273004092398481883 F100.000000
; P02 POINT 4531 point-0004531 travel
G1 A0.000000 C0.000000 X242.817537 Y263.674267 Z273.200000 F100.000000
; P02 EVENT event-0000955 prime
G1 E62.39273004092398481883 F100.000000
; P02 POINT 4532 point-0004532 deposition
G1 A0.000000 C0.000000 X242.411112 Y263.674267 Z273.200000 E62.41976552304655287883 F100.000000
; P02 EVENT event-0000956 retract
G1 E61.41976552304655287883 F100.000000
; P02 POINT 4533 point-0004533 travel
G1 A0.000000 C0.000000 X241.968845 Y263.174267 Z273.200000 F100.000000
; P02 EVENT event-0000957 prime
G1 E62.41976552304655287883 F100.000000
; P02 POINT 4534 point-0004534 deposition
G1 A0.000000 C0.000000 X241.579251 Y263.174267 Z273.200000 E62.44568141912323164383 F100.000000
; P02 EVENT event-0000958 retract
G1 E61.44568141912323164383 F100.000000
; P02 POINT 4535 point-0004535 travel
G1 A0.000000 C0.000000 X241.195360 Y262.674267 Z273.200000 F100.000000
; P02 EVENT event-0000959 prime
G1 E62.44568141912323164383 F100.000000
; P02 POINT 4536 point-0004536 deposition
G1 A0.000000 C0.000000 X240.859635 Y262.674267 Z273.200000 E62.46801393781621919583 F100.000000
; P02 EVENT event-0000960 retract
G1 E61.46801393781621919583 F100.000000
; P02 POINT 4537 point-0004537 travel
G1 A0.000000 C0.000000 X240.522974 Y262.174267 Z273.200000 F100.000000
; P02 EVENT event-0000961 prime
G1 E62.46801393781621919583 F100.000000
; P02 POINT 4538 point-0004538 deposition
G1 A0.000000 C0.000000 X240.187161 Y262.174267 Z273.200000 E62.49035233430906404083 F100.000000
; P02 EVENT event-0000962 retract
G1 E61.49035233430906404083 F100.000000
; P02 POINT 4539 point-0004539 travel
G1 A0.000000 C0.000000 X239.919068 Y261.674267 Z273.200000 F100.000000
; P02 EVENT event-0000963 prime
G1 E62.49035233430906404083 F100.000000
; P02 POINT 4540 point-0004540 deposition
G1 A0.000000 C0.000000 X239.621644 Y261.674267 Z273.200000 E62.51013704555828104583 F100.000000
; P02 EVENT event-0000964 retract
G1 E61.51013704555828104583 F100.000000
; P02 POINT 4541 point-0004541 travel
G1 A0.000000 C0.000000 X239.368724 Y261.174267 Z273.200000 F100.000000
; P02 EVENT event-0000965 prime
G1 E62.51013704555828104583 F100.000000
; P02 POINT 4542 point-0004542 deposition
G1 A0.000000 C0.000000 X239.071198 Y261.174267 Z273.200000 E62.52992856030489092583 F100.000000
; P02 EVENT event-0000966 retract
G1 E61.52992856030489092583 F100.000000
; P02 POINT 4543 point-0004543 travel
G1 A0.000000 C0.000000 X238.870147 Y260.674267 Z273.200000 F100.000000
; P02 EVENT event-0000967 prime
G1 E62.52992856030489092583 F100.000000
; P02 POINT 4544 point-0004544 deposition
G1 A0.000000 C0.000000 X238.600909 Y260.674267 Z273.200000 E62.54783834486978315383 F100.000000
; P02 EVENT event-0000968 retract
G1 E61.54783834486978315383 F100.000000
; P02 POINT 4545 point-0004545 travel
G1 A0.000000 C0.000000 X238.417939 Y260.174267 Z273.200000 F100.000000
; P02 EVENT event-0000969 prime
G1 E62.54783834486978315383 F100.000000
; P02 POINT 4546 point-0004546 deposition
G1 A0.000000 C0.000000 X238.148587 Y260.174267 Z273.200000 E62.56575569070311418083 F100.000000
; P02 EVENT event-0000970 retract
G1 E61.56575569070311418083 F100.000000
; P02 POINT 4547 point-0004547 travel
G1 A0.000000 C0.000000 X237.989086 Y259.674267 Z273.200000 F100.000000
; P02 EVENT event-0000971 prime
G1 E62.56575569070311418083 F100.000000
; P02 POINT 4548 point-0004548 deposition
G1 A0.000000 C0.000000 X237.741011 Y259.674267 Z273.200000 E62.58225767278338499083 F100.000000
; P02 EVENT event-0000972 retract
G1 E61.58225767278338499083 F100.000000
; P02 POINT 4549 point-0004549 travel
G1 A0.000000 C0.000000 X237.618950 Y259.174267 Z273.200000 F100.000000
; P02 EVENT event-0000973 prime
G1 E62.58225767278338499083 F100.000000
; P02 POINT 4550 point-0004550 deposition
G1 A0.000000 C0.000000 X237.370755 Y259.174267 Z273.200000 E62.59876764166233670083 F100.000000
; P02 EVENT event-0000974 retract
G1 E61.59876764166233670083 F100.000000
; P02 POINT 4551 point-0004551 travel
G1 A0.000000 C0.000000 X237.248814 Y258.674267 Z273.200000 F100.000000
; P02 EVENT event-0000975 prime
G1 E62.59876764166233670083 F100.000000
; P02 POINT 4552 point-0004552 deposition
G1 A0.000000 C0.000000 X237.006411 Y258.674267 Z273.200000 E62.61489237910637279683 F100.000000
; P02 EVENT event-0000976 retract
G1 E61.61489237910637279683 F100.000000
; P02 POINT 4553 point-0004553 travel
G1 A0.000000 C0.000000 X236.939236 Y258.174267 Z273.200000 F100.000000
; P02 EVENT event-0000977 prime
G1 E62.61489237910637279683 F100.000000
; P02 POINT 4554 point-0004554 deposition
G1 A0.000000 C0.000000 X236.707069 Y258.174267 Z273.200000 E62.63033623519177669883 F100.000000
; P02 EVENT event-0000978 retract
G1 E61.63033623519177669883 F100.000000
; P02 POINT 4555 point-0004555 travel
G1 A0.000000 C0.000000 X236.640019 Y257.674267 Z273.200000 F100.000000
; P02 EVENT event-0000979 prime
G1 E62.63033623519177669883 F100.000000
; P02 POINT 4556 point-0004556 deposition
G1 A0.000000 C0.000000 X236.407727 Y257.674267 Z273.200000 E62.64578839139915645583 F100.000000
; P02 EVENT event-0000980 retract
G1 E61.64578839139915645583 F100.000000
; P02 POINT 4557 point-0004557 travel
G1 A0.000000 C0.000000 X236.357122 Y257.174267 Z273.200000 F100.000000
; P02 EVENT event-0000981 prime
G1 E62.64578839139915645583 F100.000000
; P02 POINT 4558 point-0004558 deposition
G1 A0.000000 C0.000000 X236.137073 Y257.174267 Z273.200000 E62.66042611634063670983 F100.000000
; P02 EVENT event-0000982 retract
G1 E61.66042611634063670983 F100.000000
; P02 POINT 4559 point-0004559 travel
G1 A0.000000 C0.000000 X236.120937 Y256.674267 Z273.200000 F100.000000
; P02 EVENT event-0000983 prime
G1 E62.66042611634063670983 F100.000000
; P02 POINT 4560 point-0004560 deposition
G1 A0.000000 C0.000000 X235.900768 Y256.674267 Z273.200000 E62.67507184277884511683 F100.000000
; P02 EVENT event-0000984 retract
G1 E61.67507184277884511683 F100.000000
; P02 POINT 4561 point-0004561 travel
G1 A0.000000 C0.000000 X235.884752 Y256.174267 Z273.200000 F100.000000
; P02 EVENT event-0000985 prime
G1 E62.67507184277884511683 F100.000000
; P02 POINT 4562 point-0004562 deposition
G1 A0.000000 C0.000000 X235.664463 Y256.174267 Z273.200000 E62.68972557071378167683 F100.000000
; P02 EVENT event-0000986 retract
G1 E61.68972557071378167683 F100.000000
; P02 POINT 4563 point-0004563 travel
G1 A0.000000 C0.000000 X235.678693 Y255.674267 Z273.200000 F100.000000
; P02 EVENT event-0000987 prime
G1 E62.68972557071378167683 F100.000000
; P02 POINT 4564 point-0004564 deposition
G1 A0.000000 C0.000000 X235.467501 Y255.674267 Z273.200000 E62.70377411825540820883 F100.000000
; P02 EVENT event-0000988 retract
G1 E61.70377411825540820883 F100.000000
; P02 POINT 4565 point-0004565 travel
G1 A0.000000 C0.000000 X235.499947 Y255.174267 Z273.200000 F100.000000
; P02 EVENT event-0000989 prime
G1 E62.70377411825540820883 F100.000000
; P02 POINT 4566 point-0004566 deposition
G1 A0.000000 C0.000000 X235.288654 Y255.174267 Z273.200000 E62.71782941810031208983 F100.000000
; P02 EVENT event-0000990 retract
G1 E61.71782941810031208983 F100.000000
; P02 POINT 4567 point-0004567 travel
G1 A0.000000 C0.000000 X235.321201 Y254.674267 Z273.200000 F100.000000
; P02 EVENT event-0000991 prime
G1 E62.71782941810031208983 F100.000000
; P02 POINT 4568 point-0004568 deposition
G1 A0.000000 C0.000000 X235.109806 Y254.674267 Z273.200000 E62.73189147024849320283 F100.000000
; P02 EVENT event-0000992 retract
G1 E61.73189147024849320283 F100.000000
; P02 POINT 4569 point-0004569 travel
G1 A0.000000 C0.000000 X235.178695 Y254.174267 Z273.200000 F100.000000
; P02 EVENT event-0000993 prime
G1 E62.73189147024849320283 F100.000000
; P02 POINT 4570 point-0004570 deposition
G1 A0.000000 C0.000000 X234.973752 Y254.174267 Z273.200000 E62.74552431744998546683 F100.000000
; P02 EVENT event-0000994 retract
G1 E61.74552431744998546683 F100.000000
; P02 POINT 4571 point-0004571 travel
G1 A0.000000 C0.000000 X235.053494 Y253.674267 Z273.200000 F100.000000
; P02 EVENT event-0000995 prime
G1 E62.74552431744998546683 F100.000000
; P02 POINT 4572 point-0004572 deposition
G1 A0.000000 C0.000000 X234.848471 Y253.674267 Z273.200000 E62.75916249703725659283 F100.000000
; P02 EVENT event-0000996 retract
G1 E61.75916249703725659283 F100.000000
; P02 POINT 4573 point-0004573 travel
G1 A0.000000 C0.000000 X234.928293 Y253.174267 Z273.200000 F100.000000
; P02 EVENT event-0000997 prime
G1 E62.75916249703725659283 F100.000000
; P02 POINT 4574 point-0004574 deposition
G1 A0.000000 C0.000000 X234.723190 Y253.174267 Z273.200000 E62.77280600901030670283 F100.000000
; P02 EVENT event-0000998 retract
G1 E61.77280600901030670283 F100.000000
; P02 POINT 4575 point-0004575 travel
G1 A0.000000 C0.000000 X234.640034 Y252.674267 Z273.200000 F100.000000
; P02 EVENT event-0000999 prime
G1 E62.77280600901030670283 F100.000000
; P02 POINT 4576 point-0004576 deposition
G1 A0.000000 C0.000000 X234.840980 Y252.674267 Z273.200000 E62.78617304420812275383 F100.000000
; P02 EVENT event-0001000 retract
G1 E61.78617304420812275383 F100.000000
; P02 POINT 4577 point-0004577 travel
G1 A0.000000 C0.000000 X234.766760 Y252.174267 Z273.200000 F100.000000
; P02 EVENT event-0001001 prime
G1 E62.78617304420812275383 F100.000000
; P02 POINT 4578 point-0004578 deposition
G1 A0.000000 C0.000000 X234.565748 Y252.174267 Z273.200000 E62.79954440754459076783 F100.000000
; P02 EVENT event-0001002 retract
G1 E61.79954440754459076783 F100.000000
; P02 POINT 4579 point-0004579 travel
G1 A0.000000 C0.000000 X234.491462 Y251.674267 Z273.200000 F100.000000
; P02 EVENT event-0001003 prime
G1 E62.79954440754459076783 F100.000000
; P02 POINT 4580 point-0004580 deposition
G1 A0.000000 C0.000000 X234.692539 Y251.674267 Z273.200000 E62.81292009901971074583 F100.000000
; P02 EVENT event-0001004 retract
G1 E61.81292009901971074583 F100.000000
; P02 POINT 4581 point-0004581 travel
G1 A0.000000 C0.000000 X234.655550 Y251.174267 Z273.200000 F100.000000
; P02 EVENT event-0001005 prime
G1 E62.81292009901971074583 F100.000000
; P02 POINT 4582 point-0004582 deposition
G1 A0.000000 C0.000000 X234.456555 Y251.174267 Z273.200000 E62.82615728285544390883 F100.000000
; P02 EVENT event-0001006 retract
G1 E61.82615728285544390883 F100.000000
; P02 POINT 4583 point-0004583 travel
G1 A0.000000 C0.000000 X234.431803 Y250.674267 Z273.200000 F100.000000
; P02 EVENT event-0001007 prime
G1 E62.82615728285544390883 F100.000000
; P02 POINT 4584 point-0004584 deposition
G1 A0.000000 C0.000000 X234.630853 Y250.674267 Z273.200000 E62.83939814420837526583 F100.000000
M400 ; finish queued motion
M2
